qid,generation_gt,prompts,generation_gt,generated_text,kice_metric
2026_11_KICE_1-3_0,['3(2)'],"국어 시험 문제를 푸는 대한민국의 똑똑한 고3 수험생으로서 위의 요약을 바탕으로 다음 문제의 답을 구하세요.
지문을 읽고, 질문에 대한 답을 1부터 5까지의 선택지 중에 한 개만 골라서 대답해야 합니다.

지문 :
다음 글을 읽고 물음에 답하시오.
글을 읽고 그 의미를 이해하는 독해에는 글의 유형이나 독서 
흥미 등의 다양한 요소가 영향을 미칠 수 있다. 이를 고려하여 
독해 능력을 복잡한 과정으로 설명한 연구가 많다. 하지만 
고프와 동료 연구자들이 제시한 [단순 관점](사각형)은 독해 능력을 
‘해독’과 ‘언어 이해’로 단순화하여 설명한다. 해독은 개별 단어를 
인식하는 능력으로, 단어를 빠르고 정확히 소리 내어 읽기, 
단어를 한눈에 식별하기 등을 포함한다. 언어 이해는 말로 
듣거나 글로 읽은 내용의 의미를 파악하는 능력으로, 중심 내용 
파악하기, 추론하기 등을 포함한다.
단순 관점에 따르면 해독 발달에는 글자와 글자 소리에 대한 
학습이 필수적이므로 글 읽기 경험과 말소리 듣기 경험이 모두 
필요하다. 한편, 단어 인식을 못해 글을 읽을 수 없어도 그 내용을 
말로 들려주었을 때 중심 내용 파악하기 등을 할 수 있다면, 
해독 발달 전에도 구어 의사소통 경험을 통해 언어 이해가 발달된 
것으로 본다. 또한 해독이 발달되면 글 읽기 경험을 통해서도 
언어 이해가 발달될 수 있으므로 해독 발달 후에는 독서 경험이 
독해 능력 발달에 주요한 기여를 한다고 본다.
이를 바탕으로 단순 관점은 독자 유형을 다음의 네 가지로 
구분한다. 해독과 언어 이해가 모두 충분한 독자, 해독과 언어 
이해가 모두 부족한 독자, 언어 이해는 충분하지만 해독은 
부족한 독자, 해독은 충분하지만 언어 이해는 부족한 독자이다. 
단순 관점에 따르면 해독과 언어 이해 중 어느 하나라도 부족한 
독자는 독해에 어려움을 겪으며, 능숙한 독해 수준에 도달하기도 
힘들다. 가령, 단어 인식은 잘하지만 글의 중심 내용은 파악
하지 못하는 학생은, 해독은 충분하지만 언어 이해가 부족한 
독자 유형에 해당하며 능숙한 독해 수준에 도달하지 못했다고 
할 수 있다.
단순 관점은 글자를 단어로 인식하고 글의 내용을 파악하여 
그 의미를 이해하기까지 독자의 머릿속에서 일어나는 작용이 
어떤 과정을 거치는지 설명하지는 않는다. 그러나 독해 능력에 
해독과 언어 이해가 미치는 영향을 규명함으로써 독해 능력 
연구의 이론적 토대를 제공했다는 의의가 있다.

질문 :
질문 :
윗글의 내용과 일치하지 않는 것은?
    
선택지 :
1번 - 단순 관점에 따르면 추론하기는 언어 이해에 해당한다.
2번 - 단순 관점은 해독의 발달과 언어 이해의 발달을 모두 고려하여 독자 유형을 나눈다.
3번 - 단순 관점에 따르면 독해 능력이 발달되기 위해서는 말소리 듣기 경험에 앞서 독서 경험이 필요하다.
4번 - 단순 관점은 해독과 언어 이해가 독해 능력에 끼치는 영향을 밝혀 독해 능력 연구의 기반을 마련하였다.
5번 - 단순 관점과 달리, 독해에 영향을 주는 여러 요소를 고려하여 독해 능력을 복잡한 과정으로 설명한 연구들이 있다.


문제를 풀이할 때, 반드시 지문을 참고하세요. 문제는 무조건 1개의 정답만 있습니다. 문제를 풀이할 때 모든 선택지들을 검토하세요.
먼저 문제를 이해하고, 문제 해결을 위하여 계획을 세워보세요.
그 다음, 문제를 해결하기 위해 그 계획에 따라 단계별로 실행하세요.

다음의 형식을 따라 답변하세요.
1번: (선택지 1번에 대한 답변) + ""(지문 속 근거가 된 문장)""
2번: (선택지 2번에 대한 답변) + ""(지문 속 근거가 된 문장)""
3번: (선택지 3번에 대한 답변) + ""(지문 속 근거가 된 문장)""
4번: (선택지 4번에 대한 답변) + ""(지문 속 근거가 된 문장)""
5번: (선택지 5번에 대한 답변) + ""(지문 속 근거가 된 문장)""
최종 정답: (최종 정답)

정답 :
",['3(2)'],"1번: O (선택지 1번은 참입니다.) + ""언어 이해는 말로 듣거나 글로 읽은 내용의 의미를 파악하는 능력으로, 중심 내용 파악하기, 추론하기 등을 포함한다.""
2번: O (선택지 2번은 참입니다.) + ""이를 바탕으로 단순 관점은 독자 유형을 다음의 네 가지로 구분한다. 해독과 언어 이해가 모두 충분한 독자, 해독과 언어 이해가 모두 부족한 독자, 언어 이해는 충분하지만 해독은 부족한 독자, 해독은 충분하지만 언어 이해는 부족한 독자이다.""
3번: X (선택지 3번은 거짓입니다.) + ""단순 관점에 따르면 해독 발달에는 글자와 글자 소리에 대한 학습이 필수적이므로 글 읽기 경험과 말소리 듣기 경험이 모두 필요하다."" (말소리 듣기 경험에 '앞서' 독서 경험이 필요하다는 언급은 없습니다.)
4번: O (선택지 4번은 참입니다.) + ""그러나 독해 능력에 해독과 언어 이해가 미치는 영향을 규명함으로써 독해 능력 연구의 이론적 토대를 제공했다는 의의가 있다.""
5번: O (선택지 5번은 참입니다.) + ""이를 고려하여 독해 능력을 복잡한 과정으로 설명한 연구가 많다.""

최종 정답: 3
",2
2026_11_KICE_1-3_1,['5(2)'],"국어 시험 문제를 푸는 대한민국의 똑똑한 고3 수험생으로서 위의 요약을 바탕으로 다음 문제의 답을 구하세요.
지문을 읽고, 질문에 대한 답을 1부터 5까지의 선택지 중에 한 개만 골라서 대답해야 합니다.

지문 :
다음 글을 읽고 물음에 답하시오.
글을 읽고 그 의미를 이해하는 독해에는 글의 유형이나 독서 
흥미 등의 다양한 요소가 영향을 미칠 수 있다. 이를 고려하여 
독해 능력을 복잡한 과정으로 설명한 연구가 많다. 하지만 
고프와 동료 연구자들이 제시한 [단순 관점](사각형)은 독해 능력을 
‘해독’과 ‘언어 이해’로 단순화하여 설명한다. 해독은 개별 단어를 
인식하는 능력으로, 단어를 빠르고 정확히 소리 내어 읽기, 
단어를 한눈에 식별하기 등을 포함한다. 언어 이해는 말로 
듣거나 글로 읽은 내용의 의미를 파악하는 능력으로, 중심 내용 
파악하기, 추론하기 등을 포함한다.
단순 관점에 따르면 해독 발달에는 글자와 글자 소리에 대한 
학습이 필수적이므로 글 읽기 경험과 말소리 듣기 경험이 모두 
필요하다. 한편, 단어 인식을 못해 글을 읽을 수 없어도 그 내용을 
말로 들려주었을 때 중심 내용 파악하기 등을 할 수 있다면, 
해독 발달 전에도 구어 의사소통 경험을 통해 언어 이해가 발달된 
것으로 본다. 또한 해독이 발달되면 글 읽기 경험을 통해서도 
언어 이해가 발달될 수 있으므로 해독 발달 후에는 독서 경험이 
독해 능력 발달에 주요한 기여를 한다고 본다.
이를 바탕으로 단순 관점은 독자 유형을 다음의 네 가지로 
구분한다. 해독과 언어 이해가 모두 충분한 독자, 해독과 언어 
이해가 모두 부족한 독자, 언어 이해는 충분하지만 해독은 
부족한 독자, 해독은 충분하지만 언어 이해는 부족한 독자이다. 
단순 관점에 따르면 해독과 언어 이해 중 어느 하나라도 부족한 
독자는 독해에 어려움을 겪으며, 능숙한 독해 수준에 도달하기도 
힘들다. 가령, 단어 인식은 잘하지만 글의 중심 내용은 파악
하지 못하는 학생은, 해독은 충분하지만 언어 이해가 부족한 
독자 유형에 해당하며 능숙한 독해 수준에 도달하지 못했다고 
할 수 있다.
단순 관점은 글자를 단어로 인식하고 글의 내용을 파악하여 
그 의미를 이해하기까지 독자의 머릿속에서 일어나는 작용이 
어떤 과정을 거치는지 설명하지는 않는다. 그러나 독해 능력에 
해독과 언어 이해가 미치는 영향을 규명함으로써 독해 능력 
연구의 이론적 토대를 제공했다는 의의가 있다.

질문 :
질문 :
단순 관점에 대한 비판으로 가장 적절한 것은?
    
선택지 :
1번 - 해독이 부족하여 글의 내용을 잘 이해하지 못하는 경우를 다루지 않았다.
2번 - 독해에서 어려움이 나타날 수 있음을 고려하지 않아 독해를 지나치게 단순화하였다.
3번 - 독해 능력 발달에 있어 해독의 영향이 더 크다고 보아 언어 이해의 중요성을 고려하지 않았다.
4번 - 해독 발달을 글을 통한 시각적 경험으로만 설명하여 청각적 경험의 필요성을 증명하지 못하였다.
5번 - 해독과 언어 이해를 바탕으로 글의 의미를 이해하기까지의 사고 과정이 어떻게 이루어지는지 밝히지 않았다.


문제를 풀이할 때, 반드시 지문을 참고하세요. 문제는 무조건 1개의 정답만 있습니다. 문제를 풀이할 때 모든 선택지들을 검토하세요.
먼저 문제를 이해하고, 문제 해결을 위하여 계획을 세워보세요.
그 다음, 문제를 해결하기 위해 그 계획에 따라 단계별로 실행하세요.

다음의 형식을 따라 답변하세요.
1번: (선택지 1번에 대한 답변) + ""(지문 속 근거가 된 문장)""
2번: (선택지 2번에 대한 답변) + ""(지문 속 근거가 된 문장)""
3번: (선택지 3번에 대한 답변) + ""(지문 속 근거가 된 문장)""
4번: (선택지 4번에 대한 답변) + ""(지문 속 근거가 된 문장)""
5번: (선택지 5번에 대한 답변) + ""(지문 속 근거가 된 문장)""
최종 정답: (최종 정답)

정답 :
",['5(2)'],"1번: 해독이 부족하여 글의 내용을 잘 이해하지 못하는 경우를 다루지 않았다. + ""단순 관점에 따르면 해독과 언어 이해 중 어느 하나라도 부족한 독자는 독해에 어려움을 겪으며, 능숙한 독해 수준에 도달하기도 힘들다."" (해독 부족의 경우를 다루고 있음)
2번: 독해에서 어려움이 나타날 수 있음을 고려하지 않아 독해를 지나치게 단순화하였다. + ""단순 관점에 따르면 해독과 언어 이해 중 어느 하나라도 부족한 독자는 독해에 어려움을 겪으며, 능숙한 독해 수준에 도달하기도 힘들다."" (독해 어려움이 나타날 수 있음을 고려함)
3번: 독해 능력 발달에 있어 해독의 영향이 더 크다고 보아 언어 이해의 중요성을 고려하지 않았다. + ""단순 관점에 따르면 해독과 언어 이해 중 어느 하나라도 부족한 독자는 독해에 어려움을 겪으며, 능숙한 독해 수준에 도달하기도 힘들다."" (둘 다 중요하다고 봄)
4번: 해독 발달을 글을 통한 시각적 경험으로만 설명하여 청각적 경험의 필요성을 증명하지 못하였다. + ""단순 관점에 따르면 해독 발달에는 글자와 글자 소리에 대한 학습이 필수적이므로 글 읽기 경험과 말소리 듣기 경험이 모두 필요하다."" (청각적 경험의 필요성을 언급함)
5번: 해독과 언어 이해를 바탕으로 글의 의미를 이해하기까지의 사고 과정이 어떻게 이루어지는지 밝히지 않았다. + ""단순 관점은 글자를 단어로 인식하고 글의 내용을 파악하여 그 의미를 이해하기까지 독자의 머릿속에서 일어나는 작용이 어떤 과정을 거치는지 설명하지는 않는다.""

최종 정답: 5
",2
2026_11_KICE_1-3_2,['4(3)'],"국어 시험 문제를 푸는 대한민국의 똑똑한 고3 수험생으로서 위의 요약을 바탕으로 다음 문제의 답을 구하세요.
지문을 읽고, 질문에 대한 답을 1부터 5까지의 선택지 중에 한 개만 골라서 대답해야 합니다.

지문 :
다음 글을 읽고 물음에 답하시오.
글을 읽고 그 의미를 이해하는 독해에는 글의 유형이나 독서 
흥미 등의 다양한 요소가 영향을 미칠 수 있다. 이를 고려하여 
독해 능력을 복잡한 과정으로 설명한 연구가 많다. 하지만 
고프와 동료 연구자들이 제시한 [단순 관점](사각형)은 독해 능력을 
‘해독’과 ‘언어 이해’로 단순화하여 설명한다. 해독은 개별 단어를 
인식하는 능력으로, 단어를 빠르고 정확히 소리 내어 읽기, 
단어를 한눈에 식별하기 등을 포함한다. 언어 이해는 말로 
듣거나 글로 읽은 내용의 의미를 파악하는 능력으로, 중심 내용 
파악하기, 추론하기 등을 포함한다.
단순 관점에 따르면 해독 발달에는 글자와 글자 소리에 대한 
학습이 필수적이므로 글 읽기 경험과 말소리 듣기 경험이 모두 
필요하다. 한편, 단어 인식을 못해 글을 읽을 수 없어도 그 내용을 
말로 들려주었을 때 중심 내용 파악하기 등을 할 수 있다면, 
해독 발달 전에도 구어 의사소통 경험을 통해 언어 이해가 발달된 
것으로 본다. 또한 해독이 발달되면 글 읽기 경험을 통해서도 
언어 이해가 발달될 수 있으므로 해독 발달 후에는 독서 경험이 
독해 능력 발달에 주요한 기여를 한다고 본다.
이를 바탕으로 단순 관점은 독자 유형을 다음의 네 가지로 
구분한다. 해독과 언어 이해가 모두 충분한 독자, 해독과 언어 
이해가 모두 부족한 독자, 언어 이해는 충분하지만 해독은 
부족한 독자, 해독은 충분하지만 언어 이해는 부족한 독자이다. 
단순 관점에 따르면 해독과 언어 이해 중 어느 하나라도 부족한 
독자는 독해에 어려움을 겪으며, 능숙한 독해 수준에 도달하기도 
힘들다. 가령, 단어 인식은 잘하지만 글의 중심 내용은 파악
하지 못하는 학생은, 해독은 충분하지만 언어 이해가 부족한 
독자 유형에 해당하며 능숙한 독해 수준에 도달하지 못했다고 
할 수 있다.
단순 관점은 글자를 단어로 인식하고 글의 내용을 파악하여 
그 의미를 이해하기까지 독자의 머릿속에서 일어나는 작용이 
어떤 과정을 거치는지 설명하지는 않는다. 그러나 독해 능력에 
해독과 언어 이해가 미치는 영향을 규명함으로써 독해 능력 
연구의 이론적 토대를 제공했다는 의의가 있다.

질문 :
질문 :
윗글을 바탕으로 <보기>를 이해한 내용으로 적절하지 않은 것은?
    
선택지 :
1번 - 갑은 학생 A가 해독은 발달되었지만, 중심 내용을 파악하지 못한 점에서 언어 이해가 부족하다고 생각하겠군.
2번 - 갑은 학생 A가 글자와 글자 소리에 대한 학습을 통해 개별 단어를 인식하는 능력이 발달되었다고 생각하겠군.
3번 - 갑은 학생 A의 언어 이해가 구어 의사소통 경험뿐 아니라 글 읽기 경험을 통해서도 발달될 수 있다고 생각하겠군.
4번 - 갑은 학생 B가 단어를 올바르게 발음하지는 못하지만, 글 읽기 경험을 통해 중심 내용은 파악할 수 있게 되었다고 생각하겠군.
5번 - 갑은 학생 B가 단어를 한눈에 식별하지는 못하지만 말로 들은 활동 자료의 중심 내용을 파악할 수 있었던 것은, 해독 발달 전에 언어 이해가 발달되었기 때문이라고 생각하겠군.

<보기>
단순 관점을 지지하는 연구자 갑은 학생 A, B의 독해 능력을 
분석하기 위한 활동을 진행하였다. 활동은 학생 A, B와 같은 
연령대의 학생들이 수행하기에 무리가 없는 수준의 자료로 
진행되었다. 아래는 학생 A, B가 수행한 활동의 결과이다.
◦소리 내어 단어 읽기: 학생 A는 활동 자료에 있는 단어를 
빠르고 정확하게 소리 내어 읽었고 한눈에 잘 식별하였다. 
학생 B는 활동 자료에 있는 단어를 올바르게 발음하지 
못하였고 한눈에 식별하지 못하였다.
◦중심 내용 파악하기: 학생 A는 활동 자료를 글로 읽을 
때와 말로 들을 때 모두 중심 내용을 파악하지 못하였다. 
학생 B는 활동 자료를 글로 읽을 때는 중심 내용을 파악
하지 못했지만 말로 들을 때는 중심 내용을 파악하였다.


문제를 풀이할 때, 반드시 지문을 참고하세요. 문제는 무조건 1개의 정답만 있습니다. 문제를 풀이할 때 모든 선택지들을 검토하세요.
먼저 문제를 이해하고, 문제 해결을 위하여 계획을 세워보세요.
그 다음, 문제를 해결하기 위해 그 계획에 따라 단계별로 실행하세요.

다음의 형식을 따라 답변하세요.
1번: (선택지 1번에 대한 답변) + ""(지문 속 근거가 된 문장)""
2번: (선택지 2번에 대한 답변) + ""(지문 속 근거가 된 문장)""
3번: (선택지 3번에 대한 답변) + ""(지문 속 근거가 된 문장)""
4번: (선택지 4번에 대한 답변) + ""(지문 속 근거가 된 문장)""
5번: (선택지 5번에 대한 답변) + ""(지문 속 근거가 된 문장)""
최종 정답: (최종 정답)

정답 :
",['4(3)'],"1번: 적절함. ""가령, 단어 인식은 잘하지만 글의 중심 내용은 파악하지 못하는 학생은, 해독은 충분하지만 언어 이해가 부족한 독자 유형에 해당하며 능숙한 독해 수준에 도달하지 못했다고 할 수 있다."" 학생 A는 단어는 잘 읽지만 중심 내용을 파악하지 못하므로 언어 이해가 부족하다고 판단할 수 있다.
2번: 적절함. ""해독은 개별 단어를 인식하는 능력으로, 단어를 빠르고 정확히 소리 내어 읽기, 단어를 한눈에 식별하기 등을 포함한다."" 학생 A가 단어를 빠르고 정확하게 읽고 식별하므로, 글자와 글자 소리에 대한 학습을 통해 해독 능력이 발달했다고 볼 수 있다.
3번: 적절함. ""해독이 발달되면 글 읽기 경험을 통해서도 언어 이해가 발달될 수 있으므로 해독 발달 후에는 독서 경험이 독해 능력 발달에 주요한 기여를 한다고 본다."" 단순 관점에 따르면 언어 이해는 구어 경험뿐 아니라 독서 경험으로도 발달 가능하다.
4번: 적절하지 않음. ""단어 인식을 못해 글을 읽을 수 없어도 그 내용을 말로 들려주었을 때 중심 내용 파악하기 등을 할 수 있다면, 해독 발달 전에도 구어 의사소통 경험을 통해 언어 이해가 발달된 것으로 본다."" 학생 B는 글로 읽을 때는 중심 내용을 파악하지 못했다. 지문에서는 해독이 안 되는 경우 말로 들려주었을 때 중심 내용을 파악할 수 있다고 설명한다. 따라서 글 읽기 경험을 통해 중심 내용을 파악하게 되었다고 보는 것은 적절하지 않다.
5번: 적절함. ""단어 인식을 못해 글을 읽을 수 없어도 그 내용을 말로 들려주었을 때 중심 내용 파악하기 등을 할 수 있다면, 해독 발달 전에도 구어 의사소통 경험을 통해 언어 이해가 발달된 것으로 본다."" 학생 B는 단어 읽기가 안 되지만, 말로 들려줄 때는 중심 내용을 파악했다. 이는 해독 발달 전에 언어 이해가 발달했기 때문이라고 해석할 수 있다.

최종 정답: 4
",3
2026_11_KICE_4-9_0,['1(2)'],"국어 시험 문제를 푸는 대한민국의 똑똑한 고3 수험생으로서 위의 요약을 바탕으로 다음 문제의 답을 구하세요.
지문을 읽고, 질문에 대한 답을 1부터 5까지의 선택지 중에 한 개만 골라서 대답해야 합니다.

지문 :
(가)
법조문으로 구성된 법 규범인 성문법의 의미를 파악하는 것을 
법 해석이라고 한다. 법은 사회 구성원들에게 보편적으로 적용되는 규범이므로, 성문법을 ⓐ[구성하는](ⓐ의 밑줄) 단어나 문장은 그 일상적 
의미에 충실하게 해석되어야 한다. 이러한 ‘문리 해석’이 법 해석의 
출발점이다.
그러나 문리 해석으로 그 내용을 제대로 파악하기 어려우면, 
그것이 사용된 맥락을 ⓑ[고려하여](ⓑ의 밑줄) 그 의미를 파악하는 ‘체계적 
해석’, 입법 과정에서 논의된 내용을 바탕으로 그 의미를 파악
하는 ‘역사적 해석’ 등의 해석 방법을 사용할 수 있다. 그 예로서 
‘담보’를 들 수 있다. 담보의 일상적 의미는 ‘맡아서 보증함’이고, 
이런 의미로 사용된 예로 ‘구조물의 안전을 담보하기 위한 
검사’를 들 수 있다. 하지만 성문법 조문에서 사용될 때는 그 
맥락을 고려하여 다른 의미로 해석되기도 한다.
담보는 유상 계약의 맥락에서 거래 대상의 값어치를 보장
한다는 의미로 해석된다. 유상 계약이란 그 당사자가 서로 대가를 
주고받을 것을 약속하는 계약을 뜻한다. 유상 계약의 일종인 
매매 계약에서 목적물이 계약 체결 당시부터 있던 하자 때문에 
대금만큼의 값어치를 하지 못하는 상태였다면, 매도인은 그 
하자 발생의 원인이 무엇이든 담보 책임을 져야 한다. 그 책임의 
내용은 손해 배상이 원칙이지만, 만약 하자로 인해 매수인이 
계약의 목적을 달성할 수 없으면 매수인은 계약을 ⓒ[파기하고](ⓒ의 밑줄) 
대금 환불을 청구할 수도 있다. 다만 매수인이 계약 체결 당시 
하자의 존재를 알았거나 알 수 있었던 경우에는 담보 책임이 
인정되지 않는다.
한편, 담보는 채권과 관련된 맥락에서는 채권의 실현 가능성을 
보장하기 위한 조치라는 의미로 해석된다. 담보 물권이 그 
예이다. 금전 채권은 채권자가 채무자로부터 돈을 받아야 실현
되는데, 채무자가 돈을 지급하지 않으면 강제 집행 절차를 
거쳐야 한다. 강제 집행의 목적물이 부동산이면 그 부동산을 
경매하여 마련된 경매 대금을 배당받음으로써 금전 채권이 
실현된다. 이때 경매 대금을 배당받을 금전 채권자가 여럿이면 
각 채권자는 각자의 채권액에 비례하여 배당받아야 하는 것이 
원칙이다. 그러나 그 채권자 중 담보 물권을 가진 자는 경매 
대금에서 자신의 채권액부터 먼저 배당받는다.
(나)
보증이란 채무자가 채무를 이행하지 않으면 그 채무를 다른 
사람이 대신 이행하기로 하는 것이다. 이때 원래의 채무자를 
주채무자, 주채무자 대신 채무를 이행하는 사람을 보증인이라 
하고, 주채무자가 부담하는 채무를 주채무, 보증인이 부담하는 
채무를 보증 채무라 한다. 보증은 담보 기능을 수행하므로 
주채무가 소멸되면 보증 채무도 당연히 소멸된다. 보증이 ⓓ[성립하려면](ⓓ의 밑줄) 채권자와 보증인을 당사자로 하는 보증 계약이 필요하다. 
보증 계약은 보증인에게만 채무를 발생시키므로 유상 계약이 
아니다. ㉠[이는 주채무자와 보증인 간에 보증의 대가를 지급
하기로 하는 계약이 별도로 체결되었더라도 마찬가지이다.](㉠의 밑줄)
보증 계약에 대해서는 보증인 보호를 위하여 법적 규제가 적용
된다. 우선 ｢민법｣에 의하면 보증 계약을 할 때는 일반적인 계약
과는 달리 계약서가 작성되어야 하고, 여기에는 보증인의 서명
이나 기명 날인이 있어야 한다. 이를 위반한 보증 계약은 무효
이지만 보증 채무가 이행되었으면 보증인이 그 무효를 주장할 
수 없다. 주채무가 주채무자의 사업과 무관한 금전 채무이고, 
보증인이 대가 없이 주채무자에 대한 호의로 보증 계약을 한 
경우에는 ｢보증인 보호를 위한 특별법｣에 의한 보호도 제공된다. 
예컨대 보증 기간이 명시되지 않은 경우 보증 기간은 3년으로 
간주된다.
채권자가 주채무자에게 주채무의 이행을 청구하지 않고 
곧바로 보증인에게만 보증 채무의 이행을 청구한 경우, 보증인은 
주채무자가 강제 집행 대상 재산을 보유하고 있음을 채권자
에게 증명하여 보증 채무의 이행을 거절할 수 있는 권리가 있다. 
그러나 보증인이 이러한 권리를 포기하기로 하는 ‘연대 보증 
특약’이 보증 계약에 포함될 수 있다. 이러한 특약을 한 보증인인 
[연대 보증인](사각형)은, 채권자가 곧바로 주채무 전액에 해당하는 돈의 
지급을 요구하더라도 그 이행을 거절할 수 없다.
연대 보증인에게도 ｢보증인 보호를 위한 특별법｣이 적용되는
지가 문제 되는데, 어떤 해석 방법을 따르느냐에 따라 결론이 
달라질 수 있다. 위 법률 제2조가 그 적용 대상인 보증 계약을 
‘주채무자가 금전 채무를 이행하지 않는 경우 그 채무를 보증인
이 이행하기로 하는 계약’이라고 ⓔ[규정하고](ⓔ의 밑줄) 있으나 그 입법 
과정에서 연대 보증인 보호의 필요성이 강조되었기 때문이다.

질문 :
질문 :
(가)와 (나)의 내용 전개 방식에 대한 설명으로 가장 적절한 것은?
    
선택지 :
1번 - (가)는 법조문의 의미 해석 방법을 구분하여 제시하고, (나)는 보증 계약에 관한 규범의 주요 내용을 열거하고 있다.
2번 - (가)는 법조문의 의미 차이가 확대되어 온 이유를 분석하고, (나)는 보증 계약에 관련되는 주요 개념들을 정의하고 있다.
3번 - (가)는 법조문의 의미를 해석하는 방법의 사례를 소개하고, (나)는 보증 계약의 폐해와 이로 인한 결과를 서술하고 있다.
4번 - (가)는 법조문의 의미를 파악하는 입장들을 대조하고, (나)는 보증 계약이 역사적 맥락에 따라 변화한 과정을 밝히고 있다.
5번 - (가)는 법조문의 의미를 다른 상황에서 유추하여 도출하고, (나)는 보증 계약의 유형별로 규제의 공통점을 비교하고 있다.


문제를 풀이할 때, 반드시 지문을 참고하세요. 문제는 무조건 1개의 정답만 있습니다. 문제를 풀이할 때 모든 선택지들을 검토하세요.
먼저 문제를 이해하고, 문제 해결을 위하여 계획을 세워보세요.
그 다음, 문제를 해결하기 위해 그 계획에 따라 단계별로 실행하세요.

다음의 형식을 따라 답변하세요.
1번: (선택지 1번에 대한 답변) + ""(지문 속 근거가 된 문장)""
2번: (선택지 2번에 대한 답변) + ""(지문 속 근거가 된 문장)""
3번: (선택지 3번에 대한 답변) + ""(지문 속 근거가 된 문장)""
4번: (선택지 4번에 대한 답변) + ""(지문 속 근거가 된 문장)""
5번: (선택지 5번에 대한 답변) + ""(지문 속 근거가 된 문장)""
최종 정답: (최종 정답)

정답 :
",['1(2)'],"1번: (가)는 법조문의 의미 해석 방법을 구분하여 제시하고 있다. + ""법 해석이라고 한다. 법은 사회 구성원들에게 보편적으로 적용되는 규범이므로, 성문법을 ⓐ[구성하는](ⓐ의 밑줄) 단어나 문장은 그 일상적 의미에 충실하게 해석되어야 한다. 이러한 ‘문리 해석’이 법 해석의 출발점이다. 그러나 문리 해석으로 그 내용을 제대로 파악하기 어려우면, 그것이 사용된 맥락을 ⓑ[고려하여](ⓑ의 밑줄) 그 의미를 파악하는 ‘체계적 해석’, 입법 과정에서 논의된 내용을 바탕으로 그 의미를 파악하는 ‘역사적 해석’ 등의 해석 방법을 사용할 수 있다."" (나)는 보증 계약에 관한 규범의 주요 내용을 열거하고 있다. + ""보증 계약에 대해서는 보증인 보호를 위하여 법적 규제가 적용된다. 우선 ｢민법｣에 의하면 보증 계약을 할 때는 일반적인 계약과는 달리 계약서가 작성되어야 하고, 여기에는 보증인의 서명이나 기명 날인이 있어야 한다. 이를 위반한 보증 계약은 무효이지만 보증 채무가 이행되었으면 보증인이 그 무효를 주장할 수 없다. 주채무가 주채무자의 사업과 무관한 금전 채무이고, 보증인이 대가 없이 주채무자에 대한 호의로 보증 계약을 한 경우에는 ｢보증인 보호를 위한 특별법｣에 의한 보호도 제공된다.""
2번: (가)는 법조문의 의미 차이가 확대되어 온 이유를 분석하고 있지 않다. + ""법조문의 의미 차이가 확대되어 온 이유""에 대한 언급이 없다. (나)는 보증 계약에 관련되는 주요 개념들을 정의하고 있다. + ""보증이란 채무자가 채무를 이행하지 않으면 그 채무를 다른 사람이 대신 이행하기로 하는 것이다. 이때 원래의 채무자를 주채무자, 주채무자 대신 채무를 이행하는 사람을 보증인이라 하고, 주채무자가 부담하는 채무를 주채무, 보증인이 부담하는 채무를 보증 채무라 한다.""
3번: (가)는 법조문의 의미를 해석하는 방법의 사례를 소개하고 있다. + ""그 예로서 ‘담보’를 들 수 있다."" (나)는 보증 계약의 폐해와 이로 인한 결과를 서술하고 있지 않다. + 보증 계약의 폐해와 결과에 대한 직접적인 언급은 없다.
4번: (가)는 법조문의 의미를 파악하는 입장들을 대조하고 있지 않다. + 의미를 파악하는 '입장'을 대조하는 내용은 없다. (나)는 보증 계약이 역사적 맥락에 따라 변화한 과정을 밝히고 있지 않다. + 역사적 맥락에 따른 변화 과정을 설명하는 내용은 없다.
5번: (가)는 법조문의 의미를 다른 상황에서 유추하여 도출하고 있지 않다. + 다른 상황에서 유추하여 도출하는 방식은 아니다. (나)는 보증 계약의 유형별로 규제의 공통점을 비교하고 있지 않다. + 유형별 비교는 제시되지 않았다.

최종 정답: 1
",2
2026_11_KICE_4-9_1,['4(2)'],"국어 시험 문제를 푸는 대한민국의 똑똑한 고3 수험생으로서 위의 요약을 바탕으로 다음 문제의 답을 구하세요.
지문을 읽고, 질문에 대한 답을 1부터 5까지의 선택지 중에 한 개만 골라서 대답해야 합니다.

지문 :
(가)
법조문으로 구성된 법 규범인 성문법의 의미를 파악하는 것을 
법 해석이라고 한다. 법은 사회 구성원들에게 보편적으로 적용되는 규범이므로, 성문법을 ⓐ[구성하는](ⓐ의 밑줄) 단어나 문장은 그 일상적 
의미에 충실하게 해석되어야 한다. 이러한 ‘문리 해석’이 법 해석의 
출발점이다.
그러나 문리 해석으로 그 내용을 제대로 파악하기 어려우면, 
그것이 사용된 맥락을 ⓑ[고려하여](ⓑ의 밑줄) 그 의미를 파악하는 ‘체계적 
해석’, 입법 과정에서 논의된 내용을 바탕으로 그 의미를 파악
하는 ‘역사적 해석’ 등의 해석 방법을 사용할 수 있다. 그 예로서 
‘담보’를 들 수 있다. 담보의 일상적 의미는 ‘맡아서 보증함’이고, 
이런 의미로 사용된 예로 ‘구조물의 안전을 담보하기 위한 
검사’를 들 수 있다. 하지만 성문법 조문에서 사용될 때는 그 
맥락을 고려하여 다른 의미로 해석되기도 한다.
담보는 유상 계약의 맥락에서 거래 대상의 값어치를 보장
한다는 의미로 해석된다. 유상 계약이란 그 당사자가 서로 대가를 
주고받을 것을 약속하는 계약을 뜻한다. 유상 계약의 일종인 
매매 계약에서 목적물이 계약 체결 당시부터 있던 하자 때문에 
대금만큼의 값어치를 하지 못하는 상태였다면, 매도인은 그 
하자 발생의 원인이 무엇이든 담보 책임을 져야 한다. 그 책임의 
내용은 손해 배상이 원칙이지만, 만약 하자로 인해 매수인이 
계약의 목적을 달성할 수 없으면 매수인은 계약을 ⓒ[파기하고](ⓒ의 밑줄) 
대금 환불을 청구할 수도 있다. 다만 매수인이 계약 체결 당시 
하자의 존재를 알았거나 알 수 있었던 경우에는 담보 책임이 
인정되지 않는다.
한편, 담보는 채권과 관련된 맥락에서는 채권의 실현 가능성을 
보장하기 위한 조치라는 의미로 해석된다. 담보 물권이 그 
예이다. 금전 채권은 채권자가 채무자로부터 돈을 받아야 실현
되는데, 채무자가 돈을 지급하지 않으면 강제 집행 절차를 
거쳐야 한다. 강제 집행의 목적물이 부동산이면 그 부동산을 
경매하여 마련된 경매 대금을 배당받음으로써 금전 채권이 
실현된다. 이때 경매 대금을 배당받을 금전 채권자가 여럿이면 
각 채권자는 각자의 채권액에 비례하여 배당받아야 하는 것이 
원칙이다. 그러나 그 채권자 중 담보 물권을 가진 자는 경매 
대금에서 자신의 채권액부터 먼저 배당받는다.
(나)
보증이란 채무자가 채무를 이행하지 않으면 그 채무를 다른 
사람이 대신 이행하기로 하는 것이다. 이때 원래의 채무자를 
주채무자, 주채무자 대신 채무를 이행하는 사람을 보증인이라 
하고, 주채무자가 부담하는 채무를 주채무, 보증인이 부담하는 
채무를 보증 채무라 한다. 보증은 담보 기능을 수행하므로 
주채무가 소멸되면 보증 채무도 당연히 소멸된다. 보증이 ⓓ[성립하려면](ⓓ의 밑줄) 채권자와 보증인을 당사자로 하는 보증 계약이 필요하다. 
보증 계약은 보증인에게만 채무를 발생시키므로 유상 계약이 
아니다. ㉠[이는 주채무자와 보증인 간에 보증의 대가를 지급
하기로 하는 계약이 별도로 체결되었더라도 마찬가지이다.](㉠의 밑줄)
보증 계약에 대해서는 보증인 보호를 위하여 법적 규제가 적용
된다. 우선 ｢민법｣에 의하면 보증 계약을 할 때는 일반적인 계약
과는 달리 계약서가 작성되어야 하고, 여기에는 보증인의 서명
이나 기명 날인이 있어야 한다. 이를 위반한 보증 계약은 무효
이지만 보증 채무가 이행되었으면 보증인이 그 무효를 주장할 
수 없다. 주채무가 주채무자의 사업과 무관한 금전 채무이고, 
보증인이 대가 없이 주채무자에 대한 호의로 보증 계약을 한 
경우에는 ｢보증인 보호를 위한 특별법｣에 의한 보호도 제공된다. 
예컨대 보증 기간이 명시되지 않은 경우 보증 기간은 3년으로 
간주된다.
채권자가 주채무자에게 주채무의 이행을 청구하지 않고 
곧바로 보증인에게만 보증 채무의 이행을 청구한 경우, 보증인은 
주채무자가 강제 집행 대상 재산을 보유하고 있음을 채권자
에게 증명하여 보증 채무의 이행을 거절할 수 있는 권리가 있다. 
그러나 보증인이 이러한 권리를 포기하기로 하는 ‘연대 보증 
특약’이 보증 계약에 포함될 수 있다. 이러한 특약을 한 보증인인 
[연대 보증인](사각형)은, 채권자가 곧바로 주채무 전액에 해당하는 돈의 
지급을 요구하더라도 그 이행을 거절할 수 없다.
연대 보증인에게도 ｢보증인 보호를 위한 특별법｣이 적용되는
지가 문제 되는데, 어떤 해석 방법을 따르느냐에 따라 결론이 
달라질 수 있다. 위 법률 제2조가 그 적용 대상인 보증 계약을 
‘주채무자가 금전 채무를 이행하지 않는 경우 그 채무를 보증인
이 이행하기로 하는 계약’이라고 ⓔ[규정하고](ⓔ의 밑줄) 있으나 그 입법 
과정에서 연대 보증인 보호의 필요성이 강조되었기 때문이다.

질문 :
질문 :
(가)를 통해 알 수 있는 내용으로 적절하지 않은 것은?
    
선택지 :
1번 - 법은 사회 구성원들에게 보편적으로 적용되어야 하므로 일상적 의미가 해석의 출발점이 되어야 한다.
2번 - 법조문에서의 담보에는 채권자의 금전 채권 실현의 가능성을 보장하는 조치라는 법적인 의미가 부여되기도 한다.
3번 - 금전 채권자가 여럿인 경우에 진행된 경매에서 담보 물권의 존재 여부는 경매 대금의 배당 순위에 영향을 준다. 
4번 - 유상 계약에서의 담보는 당사자 간 거래 대상의 값어치를 보장하는 의미로 해석되므로, 교환 대상 사이의 값어치가 일치해야 계약이 체결된다.
5번 - 법조문의 의미를 문리 해석만으로 제대로 파악하기 어려운 경우에는 법조문의 입법 과정에서 논의된 내용을 바탕으로 그 의미를 해석하기도 한다.


문제를 풀이할 때, 반드시 지문을 참고하세요. 문제는 무조건 1개의 정답만 있습니다. 문제를 풀이할 때 모든 선택지들을 검토하세요.
먼저 문제를 이해하고, 문제 해결을 위하여 계획을 세워보세요.
그 다음, 문제를 해결하기 위해 그 계획에 따라 단계별로 실행하세요.

다음의 형식을 따라 답변하세요.
1번: (선택지 1번에 대한 답변) + ""(지문 속 근거가 된 문장)""
2번: (선택지 2번에 대한 답변) + ""(지문 속 근거가 된 문장)""
3번: (선택지 3번에 대한 답변) + ""(지문 속 근거가 된 문장)""
4번: (선택지 4번에 대한 답변) + ""(지문 속 근거가 된 문장)""
5번: (선택지 5번에 대한 답변) + ""(지문 속 근거가 된 문장)""
최종 정답: (최종 정답)

정답 :
",['4(2)'],"1번: 적절함 - ""법은 사회 구성원들에게 보편적으로 적용되는 규범이므로, 성문법을 구성하는 단어나 문장은 그 일상적 의미에 충실하게 해석되어야 한다. 이러한 ‘문리 해석’이 법 해석의 출발점이다.""
2번: 적절함 - ""담보는 채권과 관련된 맥락에서는 채권의 실현 가능성을 보장하기 위한 조치라는 의미로 해석된다.""
3번: 적절함 - ""그러나 그 채권자 중 담보 물권을 가진 자는 경매 대금에서 자신의 채권액부터 먼저 배당받는다.""
4번: 적절하지 않음 - 유상 계약에서의 담보가 거래 대상의 값어치를 보장하는 의미로 해석되는 것은 맞지만, 교환 대상 사이의 값어치가 *일치해야* 계약이 체결된다는 내용은 지문에 없습니다. 하자가 있는 경우 담보 책임이 발생한다는 내용이 있을 뿐입니다.
5번: 적절함 - ""문리 해석으로 그 내용을 제대로 파악하기 어려우면, 입법 과정에서 논의된 내용을 바탕으로 그 의미를 파악하는 ‘역사적 해석’ 등의 해석 방법을 사용할 수 있다.""

최종 정답: 4
",2
2026_11_KICE_4-9_2,['2(2)'],"국어 시험 문제를 푸는 대한민국의 똑똑한 고3 수험생으로서 위의 요약을 바탕으로 다음 문제의 답을 구하세요.
지문을 읽고, 질문에 대한 답을 1부터 5까지의 선택지 중에 한 개만 골라서 대답해야 합니다.

지문 :
(가)
법조문으로 구성된 법 규범인 성문법의 의미를 파악하는 것을 
법 해석이라고 한다. 법은 사회 구성원들에게 보편적으로 적용되는 규범이므로, 성문법을 ⓐ[구성하는](ⓐ의 밑줄) 단어나 문장은 그 일상적 
의미에 충실하게 해석되어야 한다. 이러한 ‘문리 해석’이 법 해석의 
출발점이다.
그러나 문리 해석으로 그 내용을 제대로 파악하기 어려우면, 
그것이 사용된 맥락을 ⓑ[고려하여](ⓑ의 밑줄) 그 의미를 파악하는 ‘체계적 
해석’, 입법 과정에서 논의된 내용을 바탕으로 그 의미를 파악
하는 ‘역사적 해석’ 등의 해석 방법을 사용할 수 있다. 그 예로서 
‘담보’를 들 수 있다. 담보의 일상적 의미는 ‘맡아서 보증함’이고, 
이런 의미로 사용된 예로 ‘구조물의 안전을 담보하기 위한 
검사’를 들 수 있다. 하지만 성문법 조문에서 사용될 때는 그 
맥락을 고려하여 다른 의미로 해석되기도 한다.
담보는 유상 계약의 맥락에서 거래 대상의 값어치를 보장
한다는 의미로 해석된다. 유상 계약이란 그 당사자가 서로 대가를 
주고받을 것을 약속하는 계약을 뜻한다. 유상 계약의 일종인 
매매 계약에서 목적물이 계약 체결 당시부터 있던 하자 때문에 
대금만큼의 값어치를 하지 못하는 상태였다면, 매도인은 그 
하자 발생의 원인이 무엇이든 담보 책임을 져야 한다. 그 책임의 
내용은 손해 배상이 원칙이지만, 만약 하자로 인해 매수인이 
계약의 목적을 달성할 수 없으면 매수인은 계약을 ⓒ[파기하고](ⓒ의 밑줄) 
대금 환불을 청구할 수도 있다. 다만 매수인이 계약 체결 당시 
하자의 존재를 알았거나 알 수 있었던 경우에는 담보 책임이 
인정되지 않는다.
한편, 담보는 채권과 관련된 맥락에서는 채권의 실현 가능성을 
보장하기 위한 조치라는 의미로 해석된다. 담보 물권이 그 
예이다. 금전 채권은 채권자가 채무자로부터 돈을 받아야 실현
되는데, 채무자가 돈을 지급하지 않으면 강제 집행 절차를 
거쳐야 한다. 강제 집행의 목적물이 부동산이면 그 부동산을 
경매하여 마련된 경매 대금을 배당받음으로써 금전 채권이 
실현된다. 이때 경매 대금을 배당받을 금전 채권자가 여럿이면 
각 채권자는 각자의 채권액에 비례하여 배당받아야 하는 것이 
원칙이다. 그러나 그 채권자 중 담보 물권을 가진 자는 경매 
대금에서 자신의 채권액부터 먼저 배당받는다.
(나)
보증이란 채무자가 채무를 이행하지 않으면 그 채무를 다른 
사람이 대신 이행하기로 하는 것이다. 이때 원래의 채무자를 
주채무자, 주채무자 대신 채무를 이행하는 사람을 보증인이라 
하고, 주채무자가 부담하는 채무를 주채무, 보증인이 부담하는 
채무를 보증 채무라 한다. 보증은 담보 기능을 수행하므로 
주채무가 소멸되면 보증 채무도 당연히 소멸된다. 보증이 ⓓ[성립하려면](ⓓ의 밑줄) 채권자와 보증인을 당사자로 하는 보증 계약이 필요하다. 
보증 계약은 보증인에게만 채무를 발생시키므로 유상 계약이 
아니다. ㉠[이는 주채무자와 보증인 간에 보증의 대가를 지급
하기로 하는 계약이 별도로 체결되었더라도 마찬가지이다.](㉠의 밑줄)
보증 계약에 대해서는 보증인 보호를 위하여 법적 규제가 적용
된다. 우선 ｢민법｣에 의하면 보증 계약을 할 때는 일반적인 계약
과는 달리 계약서가 작성되어야 하고, 여기에는 보증인의 서명
이나 기명 날인이 있어야 한다. 이를 위반한 보증 계약은 무효
이지만 보증 채무가 이행되었으면 보증인이 그 무효를 주장할 
수 없다. 주채무가 주채무자의 사업과 무관한 금전 채무이고, 
보증인이 대가 없이 주채무자에 대한 호의로 보증 계약을 한 
경우에는 ｢보증인 보호를 위한 특별법｣에 의한 보호도 제공된다. 
예컨대 보증 기간이 명시되지 않은 경우 보증 기간은 3년으로 
간주된다.
채권자가 주채무자에게 주채무의 이행을 청구하지 않고 
곧바로 보증인에게만 보증 채무의 이행을 청구한 경우, 보증인은 
주채무자가 강제 집행 대상 재산을 보유하고 있음을 채권자
에게 증명하여 보증 채무의 이행을 거절할 수 있는 권리가 있다. 
그러나 보증인이 이러한 권리를 포기하기로 하는 ‘연대 보증 
특약’이 보증 계약에 포함될 수 있다. 이러한 특약을 한 보증인인 
[연대 보증인](사각형)은, 채권자가 곧바로 주채무 전액에 해당하는 돈의 
지급을 요구하더라도 그 이행을 거절할 수 없다.
연대 보증인에게도 ｢보증인 보호를 위한 특별법｣이 적용되는
지가 문제 되는데, 어떤 해석 방법을 따르느냐에 따라 결론이 
달라질 수 있다. 위 법률 제2조가 그 적용 대상인 보증 계약을 
‘주채무자가 금전 채무를 이행하지 않는 경우 그 채무를 보증인
이 이행하기로 하는 계약’이라고 ⓔ[규정하고](ⓔ의 밑줄) 있으나 그 입법 
과정에서 연대 보증인 보호의 필요성이 강조되었기 때문이다.

질문 :
질문 :
(가), (나)를 바탕으로 할 때, ㉠의 이유로 가장 적절한 것은?
    
선택지 :
1번 - 주채무자가 보증인에게 지급하기로 한 대가를 채권자가 대신 받을 수 있기 때문이다.
2번 - 보증인에게 대가를 지급할 의무를 지는 사람이 보증 계약의 당사자가 아니기 때문이다.
3번 - 보증 채무를 이행하기 전까지는 보증인이 주채무자로부터 손해 배상을 받을 수 없기 때문이다.
4번 - 채권자에게 주채무자 대신 채무를 이행하는 것은 보증인 자신의 채무를 이행하는 것에 해당하기 때문이다.
5번 - 보증은 주채무자에 대한 채권의 실현을 담보하는 기능을 수행한다는 점에서 담보 물권과 다름없기 때문이다.


문제를 풀이할 때, 반드시 지문을 참고하세요. 문제는 무조건 1개의 정답만 있습니다. 문제를 풀이할 때 모든 선택지들을 검토하세요.
먼저 문제를 이해하고, 문제 해결을 위하여 계획을 세워보세요.
그 다음, 문제를 해결하기 위해 그 계획에 따라 단계별로 실행하세요.

다음의 형식을 따라 답변하세요.
1번: (선택지 1번에 대한 답변) + ""(지문 속 근거가 된 문장)""
2번: (선택지 2번에 대한 답변) + ""(지문 속 근거가 된 문장)""
3번: (선택지 3번에 대한 답변) + ""(지문 속 근거가 된 문장)""
4번: (선택지 4번에 대한 답변) + ""(지문 속 근거가 된 문장)""
5번: (선택지 5번에 대한 답변) + ""(지문 속 근거가 된 문장)""
최종 정답: (최종 정답)

정답 :
",['2(2)'],"문제 해결 계획:

1. 지문 (나)에서 밑줄 친 ㉠ 부분과 관련된 내용을 정확히 파악한다.
2. 각 선택지를 (가), (나) 지문의 내용과 비교하며 적절성을 판단한다.
3. 가장 적절한 선택지를 고른다.

문제 해결 실행:

1번: 주채무자가 보증인에게 지급하기로 한 대가를 채권자가 대신 받을 수 있기 때문이다. + ""지문에서 해당 내용을 찾을 수 없음""
2번: 보증인에게 대가를 지급할 의무를 지는 사람이 보증 계약의 당사자가 아니기 때문이다. + ""보증은 담보 기능을 수행하므로 주채무가 소멸되면 보증 채무도 당연히 소멸된다. 보증이 성립하려면 채권자와 보증인을 당사자로 하는 보증 계약이 필요하다. 보증 계약은 보증인에게만 채무를 발생시키므로 유상 계약이 아니다. ㉠[이는 주채무자와 보증인 간에 보증의 대가를 지급하기로 하는 계약이 별도로 체결되었더라도 마찬가지이다.]"" (주채무자와 보증인 간의 대가 지급 계약은 별개이며, 보증 계약 자체는 채권자와 보증인 사이의 무상 계약임)
3번: 보증 채무를 이행하기 전까지는 보증인이 주채무자로부터 손해 배상을 받을 수 없기 때문이다. + ""지문에서 해당 내용을 찾을 수 없음""
4번: 채권자에게 주채무자 대신 채무를 이행하는 것은 보증인 자신의 채무를 이행하는 것에 해당하기 때문이다. + ""지문에서 해당 내용을 찾을 수 없음""
5번: 보증은 주채무자에 대한 채권의 실현을 담보하는 기능을 수행한다는 점에서 담보 물권과 다름없기 때문이다. + ""지문에서 해당 내용을 찾을 수 없음""

최종 정답: 2번
",2
2026_11_KICE_4-9_3,['5(2)'],"국어 시험 문제를 푸는 대한민국의 똑똑한 고3 수험생으로서 위의 요약을 바탕으로 다음 문제의 답을 구하세요.
지문을 읽고, 질문에 대한 답을 1부터 5까지의 선택지 중에 한 개만 골라서 대답해야 합니다.

지문 :
(가)
법조문으로 구성된 법 규범인 성문법의 의미를 파악하는 것을 
법 해석이라고 한다. 법은 사회 구성원들에게 보편적으로 적용되는 규범이므로, 성문법을 ⓐ[구성하는](ⓐ의 밑줄) 단어나 문장은 그 일상적 
의미에 충실하게 해석되어야 한다. 이러한 ‘문리 해석’이 법 해석의 
출발점이다.
그러나 문리 해석으로 그 내용을 제대로 파악하기 어려우면, 
그것이 사용된 맥락을 ⓑ[고려하여](ⓑ의 밑줄) 그 의미를 파악하는 ‘체계적 
해석’, 입법 과정에서 논의된 내용을 바탕으로 그 의미를 파악
하는 ‘역사적 해석’ 등의 해석 방법을 사용할 수 있다. 그 예로서 
‘담보’를 들 수 있다. 담보의 일상적 의미는 ‘맡아서 보증함’이고, 
이런 의미로 사용된 예로 ‘구조물의 안전을 담보하기 위한 
검사’를 들 수 있다. 하지만 성문법 조문에서 사용될 때는 그 
맥락을 고려하여 다른 의미로 해석되기도 한다.
담보는 유상 계약의 맥락에서 거래 대상의 값어치를 보장
한다는 의미로 해석된다. 유상 계약이란 그 당사자가 서로 대가를 
주고받을 것을 약속하는 계약을 뜻한다. 유상 계약의 일종인 
매매 계약에서 목적물이 계약 체결 당시부터 있던 하자 때문에 
대금만큼의 값어치를 하지 못하는 상태였다면, 매도인은 그 
하자 발생의 원인이 무엇이든 담보 책임을 져야 한다. 그 책임의 
내용은 손해 배상이 원칙이지만, 만약 하자로 인해 매수인이 
계약의 목적을 달성할 수 없으면 매수인은 계약을 ⓒ[파기하고](ⓒ의 밑줄) 
대금 환불을 청구할 수도 있다. 다만 매수인이 계약 체결 당시 
하자의 존재를 알았거나 알 수 있었던 경우에는 담보 책임이 
인정되지 않는다.
한편, 담보는 채권과 관련된 맥락에서는 채권의 실현 가능성을 
보장하기 위한 조치라는 의미로 해석된다. 담보 물권이 그 
예이다. 금전 채권은 채권자가 채무자로부터 돈을 받아야 실현
되는데, 채무자가 돈을 지급하지 않으면 강제 집행 절차를 
거쳐야 한다. 강제 집행의 목적물이 부동산이면 그 부동산을 
경매하여 마련된 경매 대금을 배당받음으로써 금전 채권이 
실현된다. 이때 경매 대금을 배당받을 금전 채권자가 여럿이면 
각 채권자는 각자의 채권액에 비례하여 배당받아야 하는 것이 
원칙이다. 그러나 그 채권자 중 담보 물권을 가진 자는 경매 
대금에서 자신의 채권액부터 먼저 배당받는다.
(나)
보증이란 채무자가 채무를 이행하지 않으면 그 채무를 다른 
사람이 대신 이행하기로 하는 것이다. 이때 원래의 채무자를 
주채무자, 주채무자 대신 채무를 이행하는 사람을 보증인이라 
하고, 주채무자가 부담하는 채무를 주채무, 보증인이 부담하는 
채무를 보증 채무라 한다. 보증은 담보 기능을 수행하므로 
주채무가 소멸되면 보증 채무도 당연히 소멸된다. 보증이 ⓓ[성립하려면](ⓓ의 밑줄) 채권자와 보증인을 당사자로 하는 보증 계약이 필요하다. 
보증 계약은 보증인에게만 채무를 발생시키므로 유상 계약이 
아니다. ㉠[이는 주채무자와 보증인 간에 보증의 대가를 지급
하기로 하는 계약이 별도로 체결되었더라도 마찬가지이다.](㉠의 밑줄)
보증 계약에 대해서는 보증인 보호를 위하여 법적 규제가 적용
된다. 우선 ｢민법｣에 의하면 보증 계약을 할 때는 일반적인 계약
과는 달리 계약서가 작성되어야 하고, 여기에는 보증인의 서명
이나 기명 날인이 있어야 한다. 이를 위반한 보증 계약은 무효
이지만 보증 채무가 이행되었으면 보증인이 그 무효를 주장할 
수 없다. 주채무가 주채무자의 사업과 무관한 금전 채무이고, 
보증인이 대가 없이 주채무자에 대한 호의로 보증 계약을 한 
경우에는 ｢보증인 보호를 위한 특별법｣에 의한 보호도 제공된다. 
예컨대 보증 기간이 명시되지 않은 경우 보증 기간은 3년으로 
간주된다.
채권자가 주채무자에게 주채무의 이행을 청구하지 않고 
곧바로 보증인에게만 보증 채무의 이행을 청구한 경우, 보증인은 
주채무자가 강제 집행 대상 재산을 보유하고 있음을 채권자
에게 증명하여 보증 채무의 이행을 거절할 수 있는 권리가 있다. 
그러나 보증인이 이러한 권리를 포기하기로 하는 ‘연대 보증 
특약’이 보증 계약에 포함될 수 있다. 이러한 특약을 한 보증인인 
[연대 보증인](사각형)은, 채권자가 곧바로 주채무 전액에 해당하는 돈의 
지급을 요구하더라도 그 이행을 거절할 수 없다.
연대 보증인에게도 ｢보증인 보호를 위한 특별법｣이 적용되는
지가 문제 되는데, 어떤 해석 방법을 따르느냐에 따라 결론이 
달라질 수 있다. 위 법률 제2조가 그 적용 대상인 보증 계약을 
‘주채무자가 금전 채무를 이행하지 않는 경우 그 채무를 보증인
이 이행하기로 하는 계약’이라고 ⓔ[규정하고](ⓔ의 밑줄) 있으나 그 입법 
과정에서 연대 보증인 보호의 필요성이 강조되었기 때문이다.

질문 :
질문 :
[연대 보증인](사각형)에 대한 이해로 가장 적절한 것은?
    
선택지 :
1번 - 주채무자에 대한 호의로 대가 없이 보증 계약을 한 자이어야 한다.
2번 - ｢보증인 보호를 위한 특별법｣ 제2조의 문리 해석에 의하면 이 법의 적용 대상에 해당한다.
3번 - 채권자가 주채무자에게 채무의 이행을 청구하지 않는 한 보증 채무의 이행을 거절할 권리가 있다.
4번 - 채권자와는 보증 계약을 하고 채무자와는 연대 보증 특약을 함으로써, 보증 채무를 부담하게 된다.
5번 - 채권자가 주채무자에게 채무의 이행을 청구하여 그 채권이 실현되면 더 이상 보증 채무를 이행할 의무가 없다.


문제를 풀이할 때, 반드시 지문을 참고하세요. 문제는 무조건 1개의 정답만 있습니다. 문제를 풀이할 때 모든 선택지들을 검토하세요.
먼저 문제를 이해하고, 문제 해결을 위하여 계획을 세워보세요.
그 다음, 문제를 해결하기 위해 그 계획에 따라 단계별로 실행하세요.

다음의 형식을 따라 답변하세요.
1번: (선택지 1번에 대한 답변) + ""(지문 속 근거가 된 문장)""
2번: (선택지 2번에 대한 답변) + ""(지문 속 근거가 된 문장)""
3번: (선택지 3번에 대한 답변) + ""(지문 속 근거가 된 문장)""
4번: (선택지 4번에 대한 답변) + ""(지문 속 근거가 된 문장)""
5번: (선택지 5번에 대한 답변) + ""(지문 속 근거가 된 문장)""
최종 정답: (최종 정답)

정답 :
",['5(2)'],"1번: 주채무자에 대한 호의로 대가 없이 보증 계약을 한 자이어야 한다. + ""주채무가 주채무자의 사업과 무관한 금전 채무이고, 보증인이 대가 없이 주채무자에 대한 호의로 보증 계약을 한 경우에는 ｢보증인 보호를 위한 특별법｣에 의한 보호도 제공된다."" (연대 보증인이 반드시 호의로 보증 계약을 해야 하는 것은 아님)
2번: ｢보증인 보호를 위한 특별법｣ 제2조의 문리 해석에 의하면 이 법의 적용 대상에 해당한다. + ""위 법률 제2조가 그 적용 대상인 보증 계약을 ‘주채무자가 금전 채무를 이행하지 않는 경우 그 채무를 보증인이 이행하기로 하는 계약’이라고 규정하고 있으나 그 입법 과정에서 연대 보증인 보호의 필요성이 강조되었기 때문이다."" (문리 해석으로는 적용 대상에 해당하지만, 입법 과정에서의 논의 때문에 해석이 달라질 수 있음)
3번: 채권자가 주채무자에게 채무의 이행을 청구하지 않는 한 보증 채무의 이행을 거절할 권리가 있다. + ""그러나 보증인이 이러한 권리를 포기하기로 하는 ‘연대 보증 특약’이 보증 계약에 포함될 수 있다. 이러한 특약을 한 보증인인 연대 보증인은, 채권자가 곧바로 주채무 전액에 해당하는 돈의 지급을 요구하더라도 그 이행을 거절할 수 없다."" (연대 보증인은 채무 이행을 거절할 권리가 없음)
4번: 채권자와는 보증 계약을 하고 채무자와는 연대 보증 특약을 함으로써, 보증 채무를 부담하게 된다. + ""보증 계약은 보증인에게만 채무를 발생시키므로 유상 계약이 아니다."" + ""그러나 보증인이 이러한 권리를 포기하기로 하는 ‘연대 보증 특약’이 보증 계약에 포함될 수 있다."" (연대 보증 특약은 채권자와의 보증 계약에 포함되는 내용임)
5번: 채권자가 주채무자에게 채무의 이행을 청구하여 그 채권이 실현되면 더 이상 보증 채무를 이행할 의무가 없다. + ""보증은 담보 기능을 수행하므로 주채무가 소멸되면 보증 채무도 당연히 소멸된다."" (주채무가 소멸되면 보증 채무도 소멸됨)

최종 정답: 5번
",2
2026_11_KICE_4-9_4,['3(3)'],"국어 시험 문제를 푸는 대한민국의 똑똑한 고3 수험생으로서 위의 요약을 바탕으로 다음 문제의 답을 구하세요.
지문을 읽고, 질문에 대한 답을 1부터 5까지의 선택지 중에 한 개만 골라서 대답해야 합니다.

지문 :
(가)
법조문으로 구성된 법 규범인 성문법의 의미를 파악하는 것을 
법 해석이라고 한다. 법은 사회 구성원들에게 보편적으로 적용되는 규범이므로, 성문법을 ⓐ[구성하는](ⓐ의 밑줄) 단어나 문장은 그 일상적 
의미에 충실하게 해석되어야 한다. 이러한 ‘문리 해석’이 법 해석의 
출발점이다.
그러나 문리 해석으로 그 내용을 제대로 파악하기 어려우면, 
그것이 사용된 맥락을 ⓑ[고려하여](ⓑ의 밑줄) 그 의미를 파악하는 ‘체계적 
해석’, 입법 과정에서 논의된 내용을 바탕으로 그 의미를 파악
하는 ‘역사적 해석’ 등의 해석 방법을 사용할 수 있다. 그 예로서 
‘담보’를 들 수 있다. 담보의 일상적 의미는 ‘맡아서 보증함’이고, 
이런 의미로 사용된 예로 ‘구조물의 안전을 담보하기 위한 
검사’를 들 수 있다. 하지만 성문법 조문에서 사용될 때는 그 
맥락을 고려하여 다른 의미로 해석되기도 한다.
담보는 유상 계약의 맥락에서 거래 대상의 값어치를 보장
한다는 의미로 해석된다. 유상 계약이란 그 당사자가 서로 대가를 
주고받을 것을 약속하는 계약을 뜻한다. 유상 계약의 일종인 
매매 계약에서 목적물이 계약 체결 당시부터 있던 하자 때문에 
대금만큼의 값어치를 하지 못하는 상태였다면, 매도인은 그 
하자 발생의 원인이 무엇이든 담보 책임을 져야 한다. 그 책임의 
내용은 손해 배상이 원칙이지만, 만약 하자로 인해 매수인이 
계약의 목적을 달성할 수 없으면 매수인은 계약을 ⓒ[파기하고](ⓒ의 밑줄) 
대금 환불을 청구할 수도 있다. 다만 매수인이 계약 체결 당시 
하자의 존재를 알았거나 알 수 있었던 경우에는 담보 책임이 
인정되지 않는다.
한편, 담보는 채권과 관련된 맥락에서는 채권의 실현 가능성을 
보장하기 위한 조치라는 의미로 해석된다. 담보 물권이 그 
예이다. 금전 채권은 채권자가 채무자로부터 돈을 받아야 실현
되는데, 채무자가 돈을 지급하지 않으면 강제 집행 절차를 
거쳐야 한다. 강제 집행의 목적물이 부동산이면 그 부동산을 
경매하여 마련된 경매 대금을 배당받음으로써 금전 채권이 
실현된다. 이때 경매 대금을 배당받을 금전 채권자가 여럿이면 
각 채권자는 각자의 채권액에 비례하여 배당받아야 하는 것이 
원칙이다. 그러나 그 채권자 중 담보 물권을 가진 자는 경매 
대금에서 자신의 채권액부터 먼저 배당받는다.
(나)
보증이란 채무자가 채무를 이행하지 않으면 그 채무를 다른 
사람이 대신 이행하기로 하는 것이다. 이때 원래의 채무자를 
주채무자, 주채무자 대신 채무를 이행하는 사람을 보증인이라 
하고, 주채무자가 부담하는 채무를 주채무, 보증인이 부담하는 
채무를 보증 채무라 한다. 보증은 담보 기능을 수행하므로 
주채무가 소멸되면 보증 채무도 당연히 소멸된다. 보증이 ⓓ[성립하려면](ⓓ의 밑줄) 채권자와 보증인을 당사자로 하는 보증 계약이 필요하다. 
보증 계약은 보증인에게만 채무를 발생시키므로 유상 계약이 
아니다. ㉠[이는 주채무자와 보증인 간에 보증의 대가를 지급
하기로 하는 계약이 별도로 체결되었더라도 마찬가지이다.](㉠의 밑줄)
보증 계약에 대해서는 보증인 보호를 위하여 법적 규제가 적용
된다. 우선 ｢민법｣에 의하면 보증 계약을 할 때는 일반적인 계약
과는 달리 계약서가 작성되어야 하고, 여기에는 보증인의 서명
이나 기명 날인이 있어야 한다. 이를 위반한 보증 계약은 무효
이지만 보증 채무가 이행되었으면 보증인이 그 무효를 주장할 
수 없다. 주채무가 주채무자의 사업과 무관한 금전 채무이고, 
보증인이 대가 없이 주채무자에 대한 호의로 보증 계약을 한 
경우에는 ｢보증인 보호를 위한 특별법｣에 의한 보호도 제공된다. 
예컨대 보증 기간이 명시되지 않은 경우 보증 기간은 3년으로 
간주된다.
채권자가 주채무자에게 주채무의 이행을 청구하지 않고 
곧바로 보증인에게만 보증 채무의 이행을 청구한 경우, 보증인은 
주채무자가 강제 집행 대상 재산을 보유하고 있음을 채권자
에게 증명하여 보증 채무의 이행을 거절할 수 있는 권리가 있다. 
그러나 보증인이 이러한 권리를 포기하기로 하는 ‘연대 보증 
특약’이 보증 계약에 포함될 수 있다. 이러한 특약을 한 보증인인 
[연대 보증인](사각형)은, 채권자가 곧바로 주채무 전액에 해당하는 돈의 
지급을 요구하더라도 그 이행을 거절할 수 없다.
연대 보증인에게도 ｢보증인 보호를 위한 특별법｣이 적용되는
지가 문제 되는데, 어떤 해석 방법을 따르느냐에 따라 결론이 
달라질 수 있다. 위 법률 제2조가 그 적용 대상인 보증 계약을 
‘주채무자가 금전 채무를 이행하지 않는 경우 그 채무를 보증인
이 이행하기로 하는 계약’이라고 ⓔ[규정하고](ⓔ의 밑줄) 있으나 그 입법 
과정에서 연대 보증인 보호의 필요성이 강조되었기 때문이다.

질문 :
질문 :
(가), (나)를 바탕으로 <보기>를 이해한 내용으로 적절하지 않은 것은?
    
선택지 :
1번 - 갑이 납품한 예술품에 갑의 행위와 무관한 하자가 있어서 을에게 손해가 발생한 경우, 계약 체결 시점에 을이 그 하자를 알 수 있었으면 을은 손해 배상을 받을 권리가 없다.
2번 - 갑이 납품한 예술품에 하자가 있어서 을에게 손해가 발생한 경우, 을이 그 하자에도 불구하고 계약의 목적을 달성할 수 있으면 을은 그 대금의 환불을 받을 권리가 없다.
3번 - 보증 계약서에 병의 서명은 있고 연대 보증 특약이 없는 경우, 을에게 강제 집행 대상 재산이 있음을 병이 갑에게 증명했더라도 병은 갑이 요구한 1,000만 원의 지급을 거절할 수 없다.
4번 - 보증 계약서가 작성되지 않았고 연대 보증 특약이 없는 경우, 병이 을을 대신하여 갑에게 1,000만 원을 지급했으면 보증 계약의 무효를 주장할 수 없다.
5번 - 보증 계약서에 병의 서명도 날인도 없지만 연대 보증 특약이 있는 경우, ｢보증인 보호를 위한 특별법｣ 제2조를 어떤 방법으로 해석하든 병은 갑에게 1,000만 원을 지급할 의무가 없다.

<보기>
<보 기>
갑은 자신이 보유한 예술품을 1년에 1점씩 4년간 을에게 
납품하고, 그 대금으로 1점당 500만 원씩을 매년 연말에 받기로 
하는 매매 계약을 했다. 을은 그 예술품을 소장 목적으로 수집
하고 있었다. 갑이 을에게 대금 채무에 대한 담보를 요구하자 
을은 병에게 보증을 서 달라고 부탁했고, 병은 을에 대한 호의로 
대가 없이 갑과 보증 계약을 했다. 이에 갑이 을에게 예술품의 
납품을 시작했고 을은 2년 동안 갑에게 그 대금을 지급했다. 
그런데 이후 2년 동안 갑이 예술품을 1년에 1점씩 납품했으나 
을은 그 대금을 지급하지 않았다. 이에 갑이 병에게 미납 대금 
1,000만 원의 지급을 요구하고 있다.


문제를 풀이할 때, 반드시 지문을 참고하세요. 문제는 무조건 1개의 정답만 있습니다. 문제를 풀이할 때 모든 선택지들을 검토하세요.
먼저 문제를 이해하고, 문제 해결을 위하여 계획을 세워보세요.
그 다음, 문제를 해결하기 위해 그 계획에 따라 단계별로 실행하세요.

다음의 형식을 따라 답변하세요.
1번: (선택지 1번에 대한 답변) + ""(지문 속 근거가 된 문장)""
2번: (선택지 2번에 대한 답변) + ""(지문 속 근거가 된 문장)""
3번: (선택지 3번에 대한 답변) + ""(지문 속 근거가 된 문장)""
4번: (선택지 4번에 대한 답변) + ""(지문 속 근거가 된 문장)""
5번: (선택지 5번에 대한 답변) + ""(지문 속 근거가 된 문장)""
최종 정답: (최종 정답)

정답 :
",['3(3)'],"문제 해결 계획:

1. 각 선택지를 꼼꼼히 읽고, <보기>와 (가), (나) 지문의 내용을 연결하여 진위 여부를 판단한다.
2. 각 선택지에 대한 판단 근거를 지문에서 정확하게 찾아 제시한다.
3. 5개의 선택지를 모두 검토한 후, 가장 적절하지 않은 것을 정답으로 선택한다.

문제 해결 실행:

1번: 적절함. ""다만 매수인이 계약 체결 당시 하자의 존재를 알았거나 알 수 있었던 경우에는 담보 책임이 인정되지 않는다."" (가) 지문에서, 을이 계약 체결 시점에 하자를 알 수 있었다면 손해 배상을 받을 권리가 없다는 것을 알 수 있다.

2번: 적절함. ""만약 하자로 인해 매수인이 계약의 목적을 달성할 수 없으면 매수인은 계약을 파기하고 대금 환불을 청구할 수도 있다."" (가) 지문에서, 하자로 인해 계약의 목적을 달성할 수 없어야 대금 환불을 받을 권리가 있다는 것을 알 수 있다. 즉, 계약의 목적을 달성할 수 있다면 대금 환불을 받을 권리가 없다.

3번: 적절하지 않음. ""채권자가 주채무자에게 주채무의 이행을 청구하지 않고 곧바로 보증인에게만 보증 채무의 이행을 청구한 경우, 보증인은 주채무자가 강제 집행 대상 재산을 보유하고 있음을 채권자에게 증명하여 보증 채무의 이행을 거절할 수 있는 권리가 있다."" (나) 지문에서, 연대 보증 특약이 없는 경우, 병은 을에게 강제 집행 대상 재산이 있음을 갑에게 증명하면 갑이 요구한 1,000만 원의 지급을 거절할 수 있다. 따라서, 을에게 강제 집행 대상 재산이 있음을 병이 갑에게 증명했음에도 병이 갑이 요구한 1,000만 원의 지급을 거절할 수 없다는 설명은 적절하지 않다.

4번: 적절함. ""이를 위반한 보증 계약은 무효이지만 보증 채무가 이행되었으면 보증인이 그 무효를 주장할 수 없다."" (나) 지문에서, 보증 계약서가 작성되지 않아 보증 계약이 무효일지라도 병이 이미 갑에게 1,000만 원을 지급했다면 보증 계약의 무효를 주장할 수 없다는 것을 알 수 있다.

5번: 적절함. ""우선 ｢민법｣에 의하면 보증 계약을 할 때는 일반적인 계약과는 달리 계약서가 작성되어야 하고, 여기에는 보증인의 서명이나 기명 날인이 있어야 한다. 이를 위반한 보증 계약은 무효이지만 보증 채무가 이행되었으면 보증인이 그 무효를 주장할 수 없다."" (나) 지문에서, 보증 계약서에 병의 서명도 날인도 없다면 보증 계약은 무효이다. 따라서 ｢보증인 보호를 위한 특별법｣ 제2조를 어떤 방법으로 해석하든, 병은 갑에게 1,000만 원을 지급할 의무가 없다.

최종 정답: 3
",3
2026_11_KICE_4-9_5,['5(2)'],"국어 시험 문제를 푸는 대한민국의 똑똑한 고3 수험생으로서 위의 요약을 바탕으로 다음 문제의 답을 구하세요.
지문을 읽고, 질문에 대한 답을 1부터 5까지의 선택지 중에 한 개만 골라서 대답해야 합니다.

지문 :
(가)
법조문으로 구성된 법 규범인 성문법의 의미를 파악하는 것을 
법 해석이라고 한다. 법은 사회 구성원들에게 보편적으로 적용되는 규범이므로, 성문법을 ⓐ[구성하는](ⓐ의 밑줄) 단어나 문장은 그 일상적 
의미에 충실하게 해석되어야 한다. 이러한 ‘문리 해석’이 법 해석의 
출발점이다.
그러나 문리 해석으로 그 내용을 제대로 파악하기 어려우면, 
그것이 사용된 맥락을 ⓑ[고려하여](ⓑ의 밑줄) 그 의미를 파악하는 ‘체계적 
해석’, 입법 과정에서 논의된 내용을 바탕으로 그 의미를 파악
하는 ‘역사적 해석’ 등의 해석 방법을 사용할 수 있다. 그 예로서 
‘담보’를 들 수 있다. 담보의 일상적 의미는 ‘맡아서 보증함’이고, 
이런 의미로 사용된 예로 ‘구조물의 안전을 담보하기 위한 
검사’를 들 수 있다. 하지만 성문법 조문에서 사용될 때는 그 
맥락을 고려하여 다른 의미로 해석되기도 한다.
담보는 유상 계약의 맥락에서 거래 대상의 값어치를 보장
한다는 의미로 해석된다. 유상 계약이란 그 당사자가 서로 대가를 
주고받을 것을 약속하는 계약을 뜻한다. 유상 계약의 일종인 
매매 계약에서 목적물이 계약 체결 당시부터 있던 하자 때문에 
대금만큼의 값어치를 하지 못하는 상태였다면, 매도인은 그 
하자 발생의 원인이 무엇이든 담보 책임을 져야 한다. 그 책임의 
내용은 손해 배상이 원칙이지만, 만약 하자로 인해 매수인이 
계약의 목적을 달성할 수 없으면 매수인은 계약을 ⓒ[파기하고](ⓒ의 밑줄) 
대금 환불을 청구할 수도 있다. 다만 매수인이 계약 체결 당시 
하자의 존재를 알았거나 알 수 있었던 경우에는 담보 책임이 
인정되지 않는다.
한편, 담보는 채권과 관련된 맥락에서는 채권의 실현 가능성을 
보장하기 위한 조치라는 의미로 해석된다. 담보 물권이 그 
예이다. 금전 채권은 채권자가 채무자로부터 돈을 받아야 실현
되는데, 채무자가 돈을 지급하지 않으면 강제 집행 절차를 
거쳐야 한다. 강제 집행의 목적물이 부동산이면 그 부동산을 
경매하여 마련된 경매 대금을 배당받음으로써 금전 채권이 
실현된다. 이때 경매 대금을 배당받을 금전 채권자가 여럿이면 
각 채권자는 각자의 채권액에 비례하여 배당받아야 하는 것이 
원칙이다. 그러나 그 채권자 중 담보 물권을 가진 자는 경매 
대금에서 자신의 채권액부터 먼저 배당받는다.
(나)
보증이란 채무자가 채무를 이행하지 않으면 그 채무를 다른 
사람이 대신 이행하기로 하는 것이다. 이때 원래의 채무자를 
주채무자, 주채무자 대신 채무를 이행하는 사람을 보증인이라 
하고, 주채무자가 부담하는 채무를 주채무, 보증인이 부담하는 
채무를 보증 채무라 한다. 보증은 담보 기능을 수행하므로 
주채무가 소멸되면 보증 채무도 당연히 소멸된다. 보증이 ⓓ[성립하려면](ⓓ의 밑줄) 채권자와 보증인을 당사자로 하는 보증 계약이 필요하다. 
보증 계약은 보증인에게만 채무를 발생시키므로 유상 계약이 
아니다. ㉠[이는 주채무자와 보증인 간에 보증의 대가를 지급
하기로 하는 계약이 별도로 체결되었더라도 마찬가지이다.](㉠의 밑줄)
보증 계약에 대해서는 보증인 보호를 위하여 법적 규제가 적용
된다. 우선 ｢민법｣에 의하면 보증 계약을 할 때는 일반적인 계약
과는 달리 계약서가 작성되어야 하고, 여기에는 보증인의 서명
이나 기명 날인이 있어야 한다. 이를 위반한 보증 계약은 무효
이지만 보증 채무가 이행되었으면 보증인이 그 무효를 주장할 
수 없다. 주채무가 주채무자의 사업과 무관한 금전 채무이고, 
보증인이 대가 없이 주채무자에 대한 호의로 보증 계약을 한 
경우에는 ｢보증인 보호를 위한 특별법｣에 의한 보호도 제공된다. 
예컨대 보증 기간이 명시되지 않은 경우 보증 기간은 3년으로 
간주된다.
채권자가 주채무자에게 주채무의 이행을 청구하지 않고 
곧바로 보증인에게만 보증 채무의 이행을 청구한 경우, 보증인은 
주채무자가 강제 집행 대상 재산을 보유하고 있음을 채권자
에게 증명하여 보증 채무의 이행을 거절할 수 있는 권리가 있다. 
그러나 보증인이 이러한 권리를 포기하기로 하는 ‘연대 보증 
특약’이 보증 계약에 포함될 수 있다. 이러한 특약을 한 보증인인 
[연대 보증인](사각형)은, 채권자가 곧바로 주채무 전액에 해당하는 돈의 
지급을 요구하더라도 그 이행을 거절할 수 없다.
연대 보증인에게도 ｢보증인 보호를 위한 특별법｣이 적용되는
지가 문제 되는데, 어떤 해석 방법을 따르느냐에 따라 결론이 
달라질 수 있다. 위 법률 제2조가 그 적용 대상인 보증 계약을 
‘주채무자가 금전 채무를 이행하지 않는 경우 그 채무를 보증인
이 이행하기로 하는 계약’이라고 ⓔ[규정하고](ⓔ의 밑줄) 있으나 그 입법 
과정에서 연대 보증인 보호의 필요성이 강조되었기 때문이다.

질문 :
질문 :
문맥상 ⓐ～ⓔ와 바꿔 쓰기에 적절하지 않은 것은?
    
선택지 :
1번 - ⓐ: 이루는
2번 - ⓑ: 헤아려
3번 - ⓒ: 깨뜨리고
4번 - ⓓ: 이루어지려면
5번 - ⓔ: 바로잡고


문제를 풀이할 때, 반드시 지문을 참고하세요. 문제는 무조건 1개의 정답만 있습니다. 문제를 풀이할 때 모든 선택지들을 검토하세요.
먼저 문제를 이해하고, 문제 해결을 위하여 계획을 세워보세요.
그 다음, 문제를 해결하기 위해 그 계획에 따라 단계별로 실행하세요.

다음의 형식을 따라 답변하세요.
1번: (선택지 1번에 대한 답변) + ""(지문 속 근거가 된 문장)""
2번: (선택지 2번에 대한 답변) + ""(지문 속 근거가 된 문장)""
3번: (선택지 3번에 대한 답변) + ""(지문 속 근거가 된 문장)""
4번: (선택지 4번에 대한 답변) + ""(지문 속 근거가 된 문장)""
5번: (선택지 5번에 대한 답변) + ""(지문 속 근거가 된 문장)""
최종 정답: (최종 정답)

정답 :
",['5(2)'],"1번: ⓐ: 이루는 - ""법조문으로 구성된 법 규범인 성문법""에서 '구성된'은 '이루는'으로 바꿔 써도 의미가 자연스럽습니다.
2번: ⓑ: 헤아려 - ""맥락을 고려하여 그 의미를 파악하는 ‘체계적 해석’""에서 '고려하여'는 '헤아려'로 바꿔 써도 의미가 자연스럽습니다.
3번: ⓒ: 깨뜨리고 - ""매수인은 계약을 파기하고 대금 환불을 청구할 수도 있다.""에서 '파기하고'는 '깨뜨리고'로 바꿔 써도 의미가 자연스럽습니다.
4번: ⓓ: 이루어지려면 - ""보증이 성립하려면 채권자와 보증인을 당사자로 하는 보증 계약이 필요하다.""에서 '성립하려면'은 '이루어지려면'으로 바꿔 써도 의미가 자연스럽습니다.
5번: ⓔ: 바로잡고 - ""위 법률 제2조가 그 적용 대상인 보증 계약을 ‘주채무자가 금전 채무를 이행하지 않는 경우 그 채무를 보증인이 이행하기로 하는 계약’이라고 규정하고 있으나""에서 '규정하고'를 '바로잡고'로 바꾸면 문맥상 어색합니다. '규정하다'는 어떤 내용이나 규칙을 정하여 분명히 한다는 의미인데, '바로잡다'는 잘못된 것을 고쳐 바르게 한다는 의미이기 때문입니다.

최종 정답: 5
",2
2026_11_KICE_10-13_0,['5(2)'],"국어 시험 문제를 푸는 대한민국의 똑똑한 고3 수험생으로서 위의 요약을 바탕으로 다음 문제의 답을 구하세요.
지문을 읽고, 질문에 대한 답을 1부터 5까지의 선택지 중에 한 개만 골라서 대답해야 합니다.

지문 :
다음 글을 읽고 물음에 답하시오.
열팽창이란 물체의 온도 변화에 따라 그 길이, 부피가 변화하는 
현상을 말한다. 그중 길이의 변화를 수치화한 것이 선형 열팽창 
계수인데, 이는 온도 변화에 따른 길이 변화율을 온도 변화량
으로 나눈 값이다. 여기에서 길이 변화율은 길이의 변화량을 
처음 길이로 나누어 ⓐ[얻는](ⓐ의 밑줄) 값이며, 변화량이란 나중 값에서 
처음 값을 뺀 것이다. 대부분의 물질은 선형 열팽창 계수가 
양수이며 물질마다 그 값이 다르다. 합금인 인바(invar)와 순수한 
금속인 알루미늄은 선형 열팽창 계수가 양수인 물질이며 인바는 
알루미늄에 비해 매우 작은 선형 열팽창 계수를 갖는다.
선형 열팽창 계수가 다른, 두 종류의 물질 
P와 Q를 서로 같은 두께의 두 층으로 접합
하여 평평한 띠를 만든다고 하자. 이때 Q가 
P보다 선형 열팽창 계수가 크다면 온도를 
올렸을 때 Q층은 P층보다 더 팽창하려고 한다. 그러나 두 층이 
접합되어 있어 독립적인 팽창이 억제되므로, <그림>(그림설명: 두 개의 다른 층(P층과 Q층)으로 되어있으며 아래쪽으로 구부러져 활 모양을 하고 있다. P층은 곡선의 안쪽(오목한 부분)을 형성하고 있으며, Q층은 바깥쪽(볼록한 부분)을 구성하고 있다.)과 같이 
띠가 P층 쪽으로 원의 호 형태로 휘면서 팽창한 후 그 상태를 
유지한다. 이후 다시 처음의 온도로 내리면 띠는 원래 모양으로 
ⓑ[돌아온다.](ⓑ의 밑줄)
물체의 휨의 정도는 곡률로 수치화할 수 있는데, 띠 또한 휨의 
정도를 곡률로 나타낸다. 띠의 길이에 비해 두께가 매우 얇고 
폭이 좁아 띠를 하나의 곡선이라고 간주하면, 띠를 원의 호로 
생각할 수 있다. 이때 이 원의 호를 포함하는 원의 반지름을 
휘어진 띠의 곡률 반지름이라 하는데, 곡률은 이 곡률 반지름의 
역수이다. 즉, 곡률 반지름이 작을수록 더 심하게 휘어진 것이다. 
다른 조건이 동일하다면, 두 물질의 선형 열팽창 계수 차이가 
크거나 온도 변화가 클수록 띠가 더 휘어진다. 온도 변화량이 
같아도 띠를 이루는 물질에 따라 띠가 휘는 정도는 달라지며, 
이를 나타내는 것이 휨 민감도이다. 휨 민감도가 더 크다는 것은 
같은 온도 변화량에서 띠가 더 심하게 휨을 의미한다.
띠의 한쪽 끝을 고정하고 열을 가하면 띠가 휘면서 반대쪽 
끝이 움직이는 액추에이터가 된다. 액추에이터란 열에너지 등을 
기계적 동작으로 변환하는 장치로, 액추에이터의 설계에는 최대 
이동 거리, 띠가 외부에 가할 수 있는 힘, 반응 완료 시간 등이 
고려된다.
띠가 휠수록 고정되지 않은 끝의 이동 거리는 커진다. 최대 
이동 거리는 휨을 방해하는 외부의 힘이 없다고 가정할 때, 
주어진 온도 변화량에서 띠의 끝이 최대로 이동할 수 있는 
거리이다. 이 값은 띠의 길이에 따라 달라진다. 띠가 휘면서 
띠의 끝이 외부에 힘을 가할 수 있는데, 이 힘은 띠의 끝이 
최대 이동 거리에 도달하여 휨이 완료되었을 때 소멸된다. 
따라서 띠가 외부에 가할 수 있는 힘이 소멸되는 시점은 최대 
이동 거리에 도달했을 때이고, 이는 띠가 휘는 과정에서 최대의 
곡률에 도달했을 때와 같다. 반응 완료 시간 또한 고려해야 
하는데, 반응 완료 시간은 온도를 올리기 시작한 시점부터 띠의 
끝이 최대 이동 거리에 도달하기까지의 시간이고, 띠의 두께가 
얇을수록 짧다.

질문 :
질문 :
윗글의 내용과 일치하는 것은?
    
선택지 :
1번 - 온도의 변화에 따라 물체의 길이는 변하지만 부피는 변하지 않는다.
2번 - 물질의 선형 열팽창 계수는 열을 가해 변화되었을 때의 길이를 열을 가하기 전의 길이로 나눈 값이다.
3번 - 선형 열팽창 계수가 음수인 물질이 선형 열팽창 계수가 양수인 물질보다 그 종류가 더 많다.
4번 - 액추에이터는 열에너지를 얻기 위해 기계적 움직임을 이용하는 장치이다.
5번 - 서로 다른 물질을 두께가 같은 두 층으로 접합해 만든 띠의 온도를 올릴 때, 띠의 두께가 얇을수록 휨이 빨리 완료된다.


문제를 풀이할 때, 반드시 지문을 참고하세요. 문제는 무조건 1개의 정답만 있습니다. 문제를 풀이할 때 모든 선택지들을 검토하세요.
먼저 문제를 이해하고, 문제 해결을 위하여 계획을 세워보세요.
그 다음, 문제를 해결하기 위해 그 계획에 따라 단계별로 실행하세요.

다음의 형식을 따라 답변하세요.
1번: (선택지 1번에 대한 답변) + ""(지문 속 근거가 된 문장)""
2번: (선택지 2번에 대한 답변) + ""(지문 속 근거가 된 문장)""
3번: (선택지 3번에 대한 답변) + ""(지문 속 근거가 된 문장)""
4번: (선택지 4번에 대한 답변) + ""(지문 속 근거가 된 문장)""
5번: (선택지 5번에 대한 답변) + ""(지문 속 근거가 된 문장)""
최종 정답: (최종 정답)

정답 :
",['5(2)'],"문제 해결 계획:

1. 각 선택지를 지문과 대조하여 참/거짓 여부를 판단한다.
2. 거짓인 선택지는 오답 이유를 명확히 한다.
3. 참인 선택지를 정답으로 선택한다.

문제 해결 실행:

1번: 거짓 - ""열팽창이란 물체의 온도 변화에 따라 그 길이, 부피가 변화하는 현상을 말한다."" (길이와 부피 모두 변한다고 언급됨)
2번: 거짓 - ""선형 열팽창 계수인데, 이는 온도 변화에 따른 길이 변화율을 온도 변화량으로 나눈 값이다. 여기에서 길이 변화율은 길이의 변화량을 처음 길이로 나누어 얻는 값이며..."" (열팽창 계수는 길이 변화율을 *온도 변화량*으로 나눈 값임)
3번: 알 수 없음 - 지문에는 선형 열팽창 계수가 음수인 물질에 대한 정보가 거의 없음. ""대부분의 물질은 선형 열팽창 계수가 양수이며..."" 이 문장만으로는 음수인 물질의 종류가 더 적다고 추론할 수 있을 뿐임.
4번: 거짓 - ""액추에이터란 열에너지 등을 기계적 동작으로 변환하는 장치로..."" (열에너지를 *기계적 동작*으로 변환하는 장치임)
5번: 참 - ""반응 완료 시간 또한 고려해야 하는데, 반응 완료 시간은 온도를 올리기 시작한 시점부터 띠의 끝이 최대 이동 거리에 도달하기까지의 시간이고, 띠의 두께가 얇을수록 짧다.""

최종 정답: 5
",2
2026_11_KICE_10-13_1,['3(2)'],"국어 시험 문제를 푸는 대한민국의 똑똑한 고3 수험생으로서 위의 요약을 바탕으로 다음 문제의 답을 구하세요.
지문을 읽고, 질문에 대한 답을 1부터 5까지의 선택지 중에 한 개만 골라서 대답해야 합니다.

지문 :
다음 글을 읽고 물음에 답하시오.
열팽창이란 물체의 온도 변화에 따라 그 길이, 부피가 변화하는 
현상을 말한다. 그중 길이의 변화를 수치화한 것이 선형 열팽창 
계수인데, 이는 온도 변화에 따른 길이 변화율을 온도 변화량
으로 나눈 값이다. 여기에서 길이 변화율은 길이의 변화량을 
처음 길이로 나누어 ⓐ[얻는](ⓐ의 밑줄) 값이며, 변화량이란 나중 값에서 
처음 값을 뺀 것이다. 대부분의 물질은 선형 열팽창 계수가 
양수이며 물질마다 그 값이 다르다. 합금인 인바(invar)와 순수한 
금속인 알루미늄은 선형 열팽창 계수가 양수인 물질이며 인바는 
알루미늄에 비해 매우 작은 선형 열팽창 계수를 갖는다.
선형 열팽창 계수가 다른, 두 종류의 물질 
P와 Q를 서로 같은 두께의 두 층으로 접합
하여 평평한 띠를 만든다고 하자. 이때 Q가 
P보다 선형 열팽창 계수가 크다면 온도를 
올렸을 때 Q층은 P층보다 더 팽창하려고 한다. 그러나 두 층이 
접합되어 있어 독립적인 팽창이 억제되므로, <그림>(그림설명: 두 개의 다른 층(P층과 Q층)으로 되어있으며 아래쪽으로 구부러져 활 모양을 하고 있다. P층은 곡선의 안쪽(오목한 부분)을 형성하고 있으며, Q층은 바깥쪽(볼록한 부분)을 구성하고 있다.)과 같이 
띠가 P층 쪽으로 원의 호 형태로 휘면서 팽창한 후 그 상태를 
유지한다. 이후 다시 처음의 온도로 내리면 띠는 원래 모양으로 
ⓑ[돌아온다.](ⓑ의 밑줄)
물체의 휨의 정도는 곡률로 수치화할 수 있는데, 띠 또한 휨의 
정도를 곡률로 나타낸다. 띠의 길이에 비해 두께가 매우 얇고 
폭이 좁아 띠를 하나의 곡선이라고 간주하면, 띠를 원의 호로 
생각할 수 있다. 이때 이 원의 호를 포함하는 원의 반지름을 
휘어진 띠의 곡률 반지름이라 하는데, 곡률은 이 곡률 반지름의 
역수이다. 즉, 곡률 반지름이 작을수록 더 심하게 휘어진 것이다. 
다른 조건이 동일하다면, 두 물질의 선형 열팽창 계수 차이가 
크거나 온도 변화가 클수록 띠가 더 휘어진다. 온도 변화량이 
같아도 띠를 이루는 물질에 따라 띠가 휘는 정도는 달라지며, 
이를 나타내는 것이 휨 민감도이다. 휨 민감도가 더 크다는 것은 
같은 온도 변화량에서 띠가 더 심하게 휨을 의미한다.
띠의 한쪽 끝을 고정하고 열을 가하면 띠가 휘면서 반대쪽 
끝이 움직이는 액추에이터가 된다. 액추에이터란 열에너지 등을 
기계적 동작으로 변환하는 장치로, 액추에이터의 설계에는 최대 
이동 거리, 띠가 외부에 가할 수 있는 힘, 반응 완료 시간 등이 
고려된다.
띠가 휠수록 고정되지 않은 끝의 이동 거리는 커진다. 최대 
이동 거리는 휨을 방해하는 외부의 힘이 없다고 가정할 때, 
주어진 온도 변화량에서 띠의 끝이 최대로 이동할 수 있는 
거리이다. 이 값은 띠의 길이에 따라 달라진다. 띠가 휘면서 
띠의 끝이 외부에 힘을 가할 수 있는데, 이 힘은 띠의 끝이 
최대 이동 거리에 도달하여 휨이 완료되었을 때 소멸된다. 
따라서 띠가 외부에 가할 수 있는 힘이 소멸되는 시점은 최대 
이동 거리에 도달했을 때이고, 이는 띠가 휘는 과정에서 최대의 
곡률에 도달했을 때와 같다. 반응 완료 시간 또한 고려해야 
하는데, 반응 완료 시간은 온도를 올리기 시작한 시점부터 띠의 
끝이 최대 이동 거리에 도달하기까지의 시간이고, 띠의 두께가 
얇을수록 짧다.

질문 :
질문 :
윗글에서 추론한 내용으로 적절하지 않은 것은?
    
선택지 :
1번 - 선형 열팽창 계수가 음수인 물질에 열을 가하면 길이가 줄어든다.
2번 - 온도에 따라 길이 변화가 작아야 하는 부품에는 알루미늄보다 인바가 더 적합하다.
3번 - 두 물질을 접합하여 두 층으로 이루어진 띠를 만들고 온도를 내리면 선형 열팽창 계수가 작은 물질 쪽으로 휜다.
4번 - 열팽창으로 길이가 늘어난 두 물체의 길이의 변화량이 같다면 팽창 전의 길이가 더 긴 물체의 길이 변화율이 더 작다.
5번 - 한쪽 끝이 고정되고 길이가 다른 평평한 두 띠가 동일한 곡률로 휘었다면 길이가 긴 띠의 끝의 이동 거리가 더 길다.


문제를 풀이할 때, 반드시 지문을 참고하세요. 문제는 무조건 1개의 정답만 있습니다. 문제를 풀이할 때 모든 선택지들을 검토하세요.
먼저 문제를 이해하고, 문제 해결을 위하여 계획을 세워보세요.
그 다음, 문제를 해결하기 위해 그 계획에 따라 단계별로 실행하세요.

다음의 형식을 따라 답변하세요.
1번: (선택지 1번에 대한 답변) + ""(지문 속 근거가 된 문장)""
2번: (선택지 2번에 대한 답변) + ""(지문 속 근거가 된 문장)""
3번: (선택지 3번에 대한 답변) + ""(지문 속 근거가 된 문장)""
4번: (선택지 4번에 대한 답변) + ""(지문 속 근거가 된 문장)""
5번: (선택지 5번에 대한 답변) + ""(지문 속 근거가 된 문장)""
최종 정답: (최종 정답)

정답 :
",['3(2)'],"1번: 적절함. ""대부분의 물질은 선형 열팽창 계수가 양수이며 물질마다 그 값이 다르다.""에서 선형 열팽창 계수가 음수인 물질도 존재할 수 있으며, 이 경우 온도 변화에 따라 길이가 줄어들 것이라고 추론할 수 있습니다.

2번: 적절함. ""합금인 인바(invar)와 순수한 금속인 알루미늄은 선형 열팽창 계수가 양수인 물질이며 인바는 알루미늄에 비해 매우 작은 선형 열팽창 계수를 갖는다.""에서 인바가 알루미늄보다 선형 열팽창 계수가 작으므로 온도 변화에 따른 길이 변화가 작아야 하는 부품에 더 적합하다고 추론할 수 있습니다.

3번: 적절함. ""이때 Q가 P보다 선형 열팽창 계수가 크다면 온도를 올렸을 때 Q층은 P층보다 더 팽창하려고 한다. 그러나 두 층이 접합되어 있어 독립적인 팽창이 억제되므로, <그림>과 같이 띠가 P층 쪽으로 원의 호 형태로 휘면서 팽창한 후 그 상태를 유지한다."" 와 ""이후 다시 처음의 온도로 내리면 띠는 원래 모양으로 돌아온다.""에서 온도를 내리면 반대로 선형 열팽창 계수가 작은 물질 쪽으로 휜다고 추론할 수 있습니다.

4번: 적절함. ""여기에서 길이 변화율은 길이의 변화량을 처음 길이로 나누어 얻는 값이며...""에서 길이 변화율은 길이의 변화량을 처음 길이로 나눈 값입니다. 따라서 길이 변화량이 같다면, 처음 길이가 더 긴 물체의 길이 변화율이 더 작습니다.

5번: 부적절함. ""띠가 휠수록 고정되지 않은 끝의 이동 거리는 커진다. 최대 이동 거리는 휨을 방해하는 외부의 힘이 없다고 가정할 때, 주어진 온도 변화량에서 띠의 끝이 최대로 이동할 수 있는 거리이다. 이 값은 띠의 길이에 따라 달라진다."" 와 ""곡률 반지름이 작을수록 더 심하게 휘어진 것이다."" 에서 동일한 곡률로 휘었다면, 곡률 반지름은 같고, 띠의 길이가 길수록 이동 거리가 깁니다. 따라서 길이가 긴 띠의 끝의 이동 거리가 더 길다는 것은 적절합니다.

최종 정답: 5
",0
2026_11_KICE_10-13_2,['1(3)'],"국어 시험 문제를 푸는 대한민국의 똑똑한 고3 수험생으로서 위의 요약을 바탕으로 다음 문제의 답을 구하세요.
지문을 읽고, 질문에 대한 답을 1부터 5까지의 선택지 중에 한 개만 골라서 대답해야 합니다.

지문 :
다음 글을 읽고 물음에 답하시오.
열팽창이란 물체의 온도 변화에 따라 그 길이, 부피가 변화하는 
현상을 말한다. 그중 길이의 변화를 수치화한 것이 선형 열팽창 
계수인데, 이는 온도 변화에 따른 길이 변화율을 온도 변화량
으로 나눈 값이다. 여기에서 길이 변화율은 길이의 변화량을 
처음 길이로 나누어 ⓐ[얻는](ⓐ의 밑줄) 값이며, 변화량이란 나중 값에서 
처음 값을 뺀 것이다. 대부분의 물질은 선형 열팽창 계수가 
양수이며 물질마다 그 값이 다르다. 합금인 인바(invar)와 순수한 
금속인 알루미늄은 선형 열팽창 계수가 양수인 물질이며 인바는 
알루미늄에 비해 매우 작은 선형 열팽창 계수를 갖는다.
선형 열팽창 계수가 다른, 두 종류의 물질 
P와 Q를 서로 같은 두께의 두 층으로 접합
하여 평평한 띠를 만든다고 하자. 이때 Q가 
P보다 선형 열팽창 계수가 크다면 온도를 
올렸을 때 Q층은 P층보다 더 팽창하려고 한다. 그러나 두 층이 
접합되어 있어 독립적인 팽창이 억제되므로, <그림>(그림설명: 두 개의 다른 층(P층과 Q층)으로 되어있으며 아래쪽으로 구부러져 활 모양을 하고 있다. P층은 곡선의 안쪽(오목한 부분)을 형성하고 있으며, Q층은 바깥쪽(볼록한 부분)을 구성하고 있다.)과 같이 
띠가 P층 쪽으로 원의 호 형태로 휘면서 팽창한 후 그 상태를 
유지한다. 이후 다시 처음의 온도로 내리면 띠는 원래 모양으로 
ⓑ[돌아온다.](ⓑ의 밑줄)
물체의 휨의 정도는 곡률로 수치화할 수 있는데, 띠 또한 휨의 
정도를 곡률로 나타낸다. 띠의 길이에 비해 두께가 매우 얇고 
폭이 좁아 띠를 하나의 곡선이라고 간주하면, 띠를 원의 호로 
생각할 수 있다. 이때 이 원의 호를 포함하는 원의 반지름을 
휘어진 띠의 곡률 반지름이라 하는데, 곡률은 이 곡률 반지름의 
역수이다. 즉, 곡률 반지름이 작을수록 더 심하게 휘어진 것이다. 
다른 조건이 동일하다면, 두 물질의 선형 열팽창 계수 차이가 
크거나 온도 변화가 클수록 띠가 더 휘어진다. 온도 변화량이 
같아도 띠를 이루는 물질에 따라 띠가 휘는 정도는 달라지며, 
이를 나타내는 것이 휨 민감도이다. 휨 민감도가 더 크다는 것은 
같은 온도 변화량에서 띠가 더 심하게 휨을 의미한다.
띠의 한쪽 끝을 고정하고 열을 가하면 띠가 휘면서 반대쪽 
끝이 움직이는 액추에이터가 된다. 액추에이터란 열에너지 등을 
기계적 동작으로 변환하는 장치로, 액추에이터의 설계에는 최대 
이동 거리, 띠가 외부에 가할 수 있는 힘, 반응 완료 시간 등이 
고려된다.
띠가 휠수록 고정되지 않은 끝의 이동 거리는 커진다. 최대 
이동 거리는 휨을 방해하는 외부의 힘이 없다고 가정할 때, 
주어진 온도 변화량에서 띠의 끝이 최대로 이동할 수 있는 
거리이다. 이 값은 띠의 길이에 따라 달라진다. 띠가 휘면서 
띠의 끝이 외부에 힘을 가할 수 있는데, 이 힘은 띠의 끝이 
최대 이동 거리에 도달하여 휨이 완료되었을 때 소멸된다. 
따라서 띠가 외부에 가할 수 있는 힘이 소멸되는 시점은 최대 
이동 거리에 도달했을 때이고, 이는 띠가 휘는 과정에서 최대의 
곡률에 도달했을 때와 같다. 반응 완료 시간 또한 고려해야 
하는데, 반응 완료 시간은 온도를 올리기 시작한 시점부터 띠의 
끝이 최대 이동 거리에 도달하기까지의 시간이고, 띠의 두께가 
얇을수록 짧다.

질문 :
질문 :
윗글을 바탕으로 <보기>를 이해한 내용으로 적절한 것은? [3점]
    
선택지 :
1번 - T0에서 T1로 올렸을 때보다 T0에서 T2로 올렸을 때, a와 b 모두 외부에 가할 수 있는 힘이 소멸되는 시점의 곡률은 더 크겠군.
2번 - T0에서 T1로 올렸을 때, a와 b 각각의 휨이 멈춘 시점에서의 a의 곡률 반지름은 b의 곡률 반지름보다 작겠군.
3번 - T0에서 T1로 올렸을 때, A와 B 각각의 동작이 멈추는 데 걸린 시간이 서로 같았다면 b의 반응 완료 시간이 a보다 짧겠군.
4번 - T0에서 T2로 올렸을 때, a의 최대 이동 거리가 b보다 더 크겠군.
5번 - B와 달리, T2가 되어야 A가 물체를 잡을 수 있었던 것은 a가 b보다 휨 민감도가 크기 때문이겠군.

<보기>
<보 기>
두 물질을 접합하여 두 층으로 만든, 두 종류의 
띠 a와 b가 있다. 두 물질의 선형 열팽창 계수의 
차이는 b가 a보다 크고, 두께와 길이는 a, b 모두 
같다. 이 띠를 활용하여 오른쪽 그림과 같이 띠가 
안으로 휘어 물체를 잡는 집게를 만들었다. a를 
두 개 사용한 것은 집게 A이고, b를 두 개 사용한 것은 집게 
B이다. 온도 T0에서 A와 B의 모든 띠는 평평한 형태였다. 이후 
온도를 T1로 올렸을 때는 B만 물체를 잡을 수 있었다. 그런데 
T0에서 T1보다 높은 온도인 T2로 온도를 올렸을 때는 A도 
물체를 잡을 수 있었다. (단, 선형 열팽창 계수 차이, 온도 변화 
외에 휨에 영향을 주는 다른 요소는 고려하지 않음.)


문제를 풀이할 때, 반드시 지문을 참고하세요. 문제는 무조건 1개의 정답만 있습니다. 문제를 풀이할 때 모든 선택지들을 검토하세요.
먼저 문제를 이해하고, 문제 해결을 위하여 계획을 세워보세요.
그 다음, 문제를 해결하기 위해 그 계획에 따라 단계별로 실행하세요.

다음의 형식을 따라 답변하세요.
1번: (선택지 1번에 대한 답변) + ""(지문 속 근거가 된 문장)""
2번: (선택지 2번에 대한 답변) + ""(지문 속 근거가 된 문장)""
3번: (선택지 3번에 대한 답변) + ""(지문 속 근거가 된 문장)""
4번: (선택지 4번에 대한 답변) + ""(지문 속 근거가 된 문장)""
5번: (선택지 5번에 대한 답변) + ""(지문 속 근거가 된 문장)""
최종 정답: (최종 정답)

정답 :
",['1(3)'],"문제 해결 계획:

1.  **문제 이해:** <보기>의 상황을 정확히 파악하고, 각 선택지가 지문의 내용과 모순되는지, 혹은 타당한 추론인지 판단한다.
2.  **지문 분석:** 각 선택지와 관련된 지문의 내용을 찾아 꼼꼼히 비교한다. 특히 선형 열팽창 계수 차이, 곡률, 휨 민감도, 반응 완료 시간 등의 개념에 집중한다.
3.  **선택지 평가:**
    *   각 선택지가 지문의 내용을 정확히 반영하는지, <보기>의 상황에 적용했을 때 논리적으로 타당한지 평가한다.
    *   지문에 명확히 언급되지 않았더라도, 지문의 내용을 바탕으로 합리적인 추론이 가능한지 고려한다.
4.  **정답 확정:** 가장 타당한 선택지를 고르고, 그 이유를 명확하게 설명한다.

문제 해결 실행:

1번: T0에서 T1로 올렸을 때보다 T0에서 T2로 올렸을 때, a와 b 모두 외부에 가할 수 있는 힘이 소멸되는 시점의 곡률은 더 크겠군. + ""띠가 휘면서 띠의 끝이 외부에 힘을 가할 수 있는데, 이 힘은 띠의 끝이 최대 이동 거리에 도달하여 휨이 완료되었을 때 소멸된다. 따라서 띠가 외부에 가할 수 있는 힘이 소멸되는 시점은 최대 이동 거리에 도달했을 때이고, 이는 띠가 휘는 과정에서 최대의 곡률에 도달했을 때와 같다.""
*해석:* 온도가 높을수록 더 많이 휘어지므로, T2에서의 곡률이 T1에서의 곡률보다 크다. 따라서 이 선택지는 타당하다.

2번: T0에서 T1로 올렸을 때, a와 b 각각의 휨이 멈춘 시점에서의 a의 곡률 반지름은 b의 곡률 반지름보다 작겠군. + ""곡률은 이 곡률 반지름의 역수이다. 즉, 곡률 반지름이 작을수록 더 심하게 휘어진 것이다."" / ""다른 조건이 동일하다면, 두 물질의 선형 열팽창 계수 차이가 크거나 온도 변화가 클수록 띠가 더 휘어진다.""
*해석:* 보기에서 b가 a보다 선형 열팽창 계수 차이가 크다고 했으므로, b가 더 많이 휘어진다. 즉, b의 곡률이 a보다 크고, 곡률 반지름은 a가 b보다 크다. 따라서 이 선택지는 틀리다.

3번: T0에서 T1로 올렸을 때, A와 B 각각의 동작이 멈추는 데 걸린 시간이 서로 같았다면 b의 반응 완료 시간이 a보다 짧겠군. + ""반응 완료 시간 또한 고려해야 하는데, 반응 완료 시간은 온도를 올리기 시작한 시점부터 띠의 끝이 최대 이동 거리에 도달하기까지의 시간이고, 띠의 두께가 얇을수록 짧다.""
*해석:* 지문에서 띠의 두께가 같으면 반응 완료 시간은 동일하다고 추론할 수 있다. 따라서 두 띠의 동작 완료 시간이 같다면 반응 완료 시간도 같아야 한다. 이 선택지는 틀리다.

4번: T0에서 T2로 올렸을 때, a의 최대 이동 거리가 b보다 더 크겠군. + ""띠가 휠수록 고정되지 않은 끝의 이동 거리는 커진다. 최대 이동 거리는 휨을 방해하는 외부의 힘이 없다고 가정할 때, 주어진 온도 변화량에서 띠의 끝이 최대로 이동할 수 있는 거리이다. 이 값은 띠의 길이에 따라 달라진다."" / ""다른 조건이 동일하다면, 두 물질의 선형 열팽창 계수 차이가 크거나 온도 변화가 클수록 띠가 더 휘어진다.""
*해석:* b가 a보다 선형 열팽창 계수 차이가 크므로, T2에서 b가 a보다 더 많이 휘어진다. 따라서 b의 최대 이동 거리가 a보다 더 크다. 이 선택지는 틀리다.

5번: B와 달리, T2가 되어야 A가 물체를 잡을 수 있었던 것은 a가 b보다 휨 민감도가 크기 때문이겠군. + ""온도 변화량이 같아도 띠를 이루는 물질에 따라 띠가 휘는 정도는 달라지며, 이를 나타내는 것이 휨 민감도이다. 휨 민감도가 더 크다는 것은 같은 온도 변화량에서 띠가 더 심하게 휨을 의미한다.""
*해석:* T1에서 B만 물체를 잡을 수 있었고, T2에서 A도 물체를 잡을 수 있었던 것은 b가 a보다 더 잘 휘어졌기 때문이다. 따라서 b의 휨 민감도가 a보다 크다. 이 선택지는 틀리다.

최종 정답: 1
",3
2026_11_KICE_10-13_3,['1(2)'],"국어 시험 문제를 푸는 대한민국의 똑똑한 고3 수험생으로서 위의 요약을 바탕으로 다음 문제의 답을 구하세요.
지문을 읽고, 질문에 대한 답을 1부터 5까지의 선택지 중에 한 개만 골라서 대답해야 합니다.

지문 :
다음 글을 읽고 물음에 답하시오.
열팽창이란 물체의 온도 변화에 따라 그 길이, 부피가 변화하는 
현상을 말한다. 그중 길이의 변화를 수치화한 것이 선형 열팽창 
계수인데, 이는 온도 변화에 따른 길이 변화율을 온도 변화량
으로 나눈 값이다. 여기에서 길이 변화율은 길이의 변화량을 
처음 길이로 나누어 ⓐ[얻는](ⓐ의 밑줄) 값이며, 변화량이란 나중 값에서 
처음 값을 뺀 것이다. 대부분의 물질은 선형 열팽창 계수가 
양수이며 물질마다 그 값이 다르다. 합금인 인바(invar)와 순수한 
금속인 알루미늄은 선형 열팽창 계수가 양수인 물질이며 인바는 
알루미늄에 비해 매우 작은 선형 열팽창 계수를 갖는다.
선형 열팽창 계수가 다른, 두 종류의 물질 
P와 Q를 서로 같은 두께의 두 층으로 접합
하여 평평한 띠를 만든다고 하자. 이때 Q가 
P보다 선형 열팽창 계수가 크다면 온도를 
올렸을 때 Q층은 P층보다 더 팽창하려고 한다. 그러나 두 층이 
접합되어 있어 독립적인 팽창이 억제되므로, <그림>(그림설명: 두 개의 다른 층(P층과 Q층)으로 되어있으며 아래쪽으로 구부러져 활 모양을 하고 있다. P층은 곡선의 안쪽(오목한 부분)을 형성하고 있으며, Q층은 바깥쪽(볼록한 부분)을 구성하고 있다.)과 같이 
띠가 P층 쪽으로 원의 호 형태로 휘면서 팽창한 후 그 상태를 
유지한다. 이후 다시 처음의 온도로 내리면 띠는 원래 모양으로 
ⓑ[돌아온다.](ⓑ의 밑줄)
물체의 휨의 정도는 곡률로 수치화할 수 있는데, 띠 또한 휨의 
정도를 곡률로 나타낸다. 띠의 길이에 비해 두께가 매우 얇고 
폭이 좁아 띠를 하나의 곡선이라고 간주하면, 띠를 원의 호로 
생각할 수 있다. 이때 이 원의 호를 포함하는 원의 반지름을 
휘어진 띠의 곡률 반지름이라 하는데, 곡률은 이 곡률 반지름의 
역수이다. 즉, 곡률 반지름이 작을수록 더 심하게 휘어진 것이다. 
다른 조건이 동일하다면, 두 물질의 선형 열팽창 계수 차이가 
크거나 온도 변화가 클수록 띠가 더 휘어진다. 온도 변화량이 
같아도 띠를 이루는 물질에 따라 띠가 휘는 정도는 달라지며, 
이를 나타내는 것이 휨 민감도이다. 휨 민감도가 더 크다는 것은 
같은 온도 변화량에서 띠가 더 심하게 휨을 의미한다.
띠의 한쪽 끝을 고정하고 열을 가하면 띠가 휘면서 반대쪽 
끝이 움직이는 액추에이터가 된다. 액추에이터란 열에너지 등을 
기계적 동작으로 변환하는 장치로, 액추에이터의 설계에는 최대 
이동 거리, 띠가 외부에 가할 수 있는 힘, 반응 완료 시간 등이 
고려된다.
띠가 휠수록 고정되지 않은 끝의 이동 거리는 커진다. 최대 
이동 거리는 휨을 방해하는 외부의 힘이 없다고 가정할 때, 
주어진 온도 변화량에서 띠의 끝이 최대로 이동할 수 있는 
거리이다. 이 값은 띠의 길이에 따라 달라진다. 띠가 휘면서 
띠의 끝이 외부에 힘을 가할 수 있는데, 이 힘은 띠의 끝이 
최대 이동 거리에 도달하여 휨이 완료되었을 때 소멸된다. 
따라서 띠가 외부에 가할 수 있는 힘이 소멸되는 시점은 최대 
이동 거리에 도달했을 때이고, 이는 띠가 휘는 과정에서 최대의 
곡률에 도달했을 때와 같다. 반응 완료 시간 또한 고려해야 
하는데, 반응 완료 시간은 온도를 올리기 시작한 시점부터 띠의 
끝이 최대 이동 거리에 도달하기까지의 시간이고, 띠의 두께가 
얇을수록 짧다.

질문 :
질문 :
ⓐ, ⓑ의 의미로 쓰인 예가 바르게 짝지어진 것은?
    
선택지 :
1번 - ⓐ: 그는 이 실험에서 예측한 근사치를 얻었다.
ⓑ: 그는 은퇴한 후 고향으로 돌아왔다.
2번 - ⓐ: 그는 친구의 도움에 용기를 얻었다.
ⓑ: 곧 그에게 발표할 차례가 돌아온다.
3번 - ⓐ: 그는 열심히 일해 지금의 결과를 얻었다.
ⓑ: 그는 지름길을 두고 먼 길로 돌아왔다.
4번 - ⓐ: 그는 자신이 하는 일에서 보람을 얻었다.
ⓑ: 모임이 한 달에 한 번씩 돌아온다.
5번 - ⓐ: 그는 가족의 열렬한 호응에 자신감을 얻었다.
ⓑ: 우리 부서에 적은 돈이 몫으로 돌아왔다.


문제를 풀이할 때, 반드시 지문을 참고하세요. 문제는 무조건 1개의 정답만 있습니다. 문제를 풀이할 때 모든 선택지들을 검토하세요.
먼저 문제를 이해하고, 문제 해결을 위하여 계획을 세워보세요.
그 다음, 문제를 해결하기 위해 그 계획에 따라 단계별로 실행하세요.

다음의 형식을 따라 답변하세요.
1번: (선택지 1번에 대한 답변) + ""(지문 속 근거가 된 문장)""
2번: (선택지 2번에 대한 답변) + ""(지문 속 근거가 된 문장)""
3번: (선택지 3번에 대한 답변) + ""(지문 속 근거가 된 문장)""
4번: (선택지 4번에 대한 답변) + ""(지문 속 근거가 된 문장)""
5번: (선택지 5번에 대한 답변) + ""(지문 속 근거가 된 문장)""
최종 정답: (최종 정답)

정답 :
",['1(2)'],"1번: ⓐ: 그는 이 실험에서 예측한 근사치를 얻었다. - '얻는'은 어떤 노력을 통해 결과를 얻는다는 의미로, 지문의 '얻는'은 계산을 통해 값을 도출한다는 의미이므로 적절하지 않습니다.
ⓑ: 그는 은퇴한 후 고향으로 돌아왔다. - '돌아온다'는 원래의 상태나 장소로 되돌아간다는 의미로, 지문의 '돌아온다'와 의미가 같습니다.

2번: ⓐ: 그는 친구의 도움에 용기를 얻었다. - '얻는'은 어떤 계기로 인해 감정이나 상태를 가지게 된다는 의미로, 지문의 '얻는'과는 의미가 다릅니다.
ⓑ: 곧 그에게 발표할 차례가 돌아온다. - '돌아온다'는 순서나 차례가 된다는 의미로, 지문의 '돌아온다'와는 의미가 다릅니다.

3번: ⓐ: 그는 열심히 일해 지금의 결과를 얻었다. - '얻는'은 어떤 노력을 통해 결과를 얻는다는 의미로, 지문의 '얻는'은 계산을 통해 값을 도출한다는 의미이므로 적절하지 않습니다.
ⓑ: 그는 지름길을 두고 먼 길로 돌아왔다. - '돌아왔다'는 왔던 길을 되짚어 간다는 의미로, 지문의 '돌아온다'와는 의미가 다릅니다.

4번: ⓐ: 그는 자신이 하는 일에서 보람을 얻었다. - '얻는'은 어떤 일을 통해 긍정적인 감정을 느끼게 된다는 의미로, 지문의 '얻는'과는 의미가 다릅니다.
ⓑ: 모임이 한 달에 한 번씩 돌아온다. - '돌아온다'는 주기적으로 반복된다는 의미로, 지문의 '돌아온다'와는 의미가 다릅니다.

5번: ⓐ: 그는 가족의 열렬한 호응에 자신감을 얻었다. - '얻는'은 어떤 계기로 인해 감정이나 상태를 가지게 된다는 의미로, 지문의 '얻는'과는 의미가 다릅니다.
ⓑ: 우리 부서에 적은 돈이 몫으로 돌아왔다. - '돌아왔다'는 분배의 결과로 받게 된다는 의미로, 지문의 '돌아온다'와는 의미가 다릅니다.

ⓐ의 뜻: ""여기에서 길이 변화율은 길이의 변화량을 처음 길이로 나누어 얻는 값이며"" -> 계산을 통해 값을 도출함.
ⓑ의 뜻: ""이후 다시 처음의 온도로 내리면 띠는 원래 모양으로 돌아온다."" -> 원래의 상태나 장소로 되돌아감.

1번의 ⓐ를 다시 살펴보면, ""그는 이 실험에서 예측한 근사치를 얻었다.""는 어떤 행위(실험)를 통해 결과(근사치)를 얻는다는 의미로, 지문에서 ""길이 변화율은 길이의 변화량을 처음 길이로 나누어 얻는 값이며""에서 얻는다는 행위를 통해 길이 변화율이라는 값을 도출해낸다는 점에서 유사합니다.

최종 정답: 1
",2
2026_11_KICE_14-17_0,['5(2)'],"국어 시험 문제를 푸는 대한민국의 똑똑한 고3 수험생으로서 위의 요약을 바탕으로 다음 문제의 답을 구하세요.
지문을 읽고, 질문에 대한 답을 1부터 5까지의 선택지 중에 한 개만 골라서 대답해야 합니다.

지문 :
다음 글을 읽고 물음에 답하시오.
철학에서 특정한 개인으로서의 인간을 ‘인격’, 그중 ‘나’를 
‘자아’라고 한다. 인격의 동일성은 모든 생각의 기반이다. 우리는 
과거의 내가 현재의 나와 동일한 인격이기에 과거에 내가 한 
약속을 현재의 내가 지켜야 한다고 판단한다. 칸트 이전까지 
인격의 동일성을 설명하는 유력한 견해는, ‘생각하는 나’인 영혼이 
단일한 주관으로서 시간의 흐름 속에 지속한다는 것이었다. 
‘주관’은 인식의 주체를 가리키며, ‘인식’은 ‘앎’을 말한다.
그러나 칸트는 ‘나는 생각한다.’, 즉 ‘자기의식’은 인식이 이루어
지는 것을 가능하게 하는 조건 중 하나에 불과하다고 본다. 
그러한 조건 자체는 무언가가 실재함을 보장하지 않는다. 그렇
기에 자기의식은 ‘생각하는 나’가 단일한 주관으로서 실제로 
존재한다는 것, 즉 ‘영혼의 실재함’을 보장하지 않고, ‘영혼이 
실재할 가능성’을 열어둘 뿐이다.
[A] [이를 바탕으로 칸트는 영혼이 인격이라는 견해를 반박
한다. 칸트는 ‘시간의 흐름 속에서 스스로의 동일성을 의식
하는 것은 인격이다.’와 ‘영혼이 자기의식을 한다.’라는 두 
전제 모두 납득할 수 있다고 보지만, 그 전제들로부터 ‘영혼이 
인격이다.’라는 결론은 도출되지 않는다고 지적한다. 첫 번째 
전제에 등장하는 ‘의식’은 실제로 존재하는 무언가에 대해 
의식한다는 뜻이지만, ‘생각하는 나는 생각한다.’와 다름없는 
두 번째 전제에 등장하는 ‘의식’은 무언가가 꼭 실재함을 
뜻하지는 않기 때문이다.]([A]에 해당하는 단락)
칸트는 통시적으로 동일한 인격의 존재를 직접 증명하는 대신 
‘시간의 흐름 속에서 마주치는 복수의 주관이 동일한 인격으로 
인식된다.’라는 가정이 반드시 선행되어야 한다고 제안한다. 
그래야 경험적 판단, 윤리적 판단 등의 생각이 가능하기 때문
이다. 생각의 구성은 시간의 흐름을 따르는데, 이러한 구성은 
통시적으로 동일한 인격을 반드시 필요로 한다는 것이다.
스트로슨은 자아를 인식하는 방식이 경험적 인식의 방식과 
구별된다는 칸트의 견해에 동의하지만, 복수의 주관이 동일한 
인격으로 인식된다고 가정하는 것은 철학적 상상에 불과하다고 
칸트를 비판한다. 인격의 문제에서 신체를 간과한 칸트와 달리, 
스트로슨은 인격을 의식과 신체의 복합체로 본다. 스트로슨에 
따르면, 시공간적 세계 안에서 우리의 신체를 매개로 대상이 
경험된다는 것은 과학적 사실이며 자아에 대한 인식은 경험적 
인식들로부터 추상화되는 것이다. 그러므로 시공간적 세계에서의 
경험이 인격의 통시적 동일성을 뒷받침한다고 그는 주장한다. 
자기의식도 마찬가지로 경험에 의존하기에, 자기의식이 인식을 
가능하게 하는 조건이라는 칸트의 견해는 잘못이라는 것이다.
롱게네스는 통시적으로 동일한 자아가 없이는 경험적 인식이 
성립할 수조차 없으므로, 자아에 대한 인식은 경험으로부터 추상화
된 것이 아니라고 본다. 하지만 그는 자아와 인격이 시공간적 세계를 
경험하는 인간에만 적용되는 개념이라고 주장한다. 롱게네스는 
인간은 도덕적 존재이며 도덕적 존재로서의 인간은 자율성을 
지닌 존재라는 칸트의 견해를 인정한다. 그러나 자율성을 지닌다는 
것은 시공간적 세계를 살아가는 동안 경험하는 것들 사이에서 
스스로 선택한다는 것을 뜻한다. 그러려면 신체가 있고 살아 
있어야 하므로, 인격의 동일성의 기준은 각자가 자신의 것이라고 
통시적으로 인식하는 신체라고 롱게네스는 주장한다.

질문 :
질문 :
윗글의 내용과 일치하지 않는 것은?
    
선택지 :
1번 - 칸트에 따르면 자기의식은 영혼의 실재를 보장한다.
2번 - 칸트에 따르면 생각의 구성은 시간의 흐름과 독립적이다.
3번 - 스트로슨에 따르면 자기의식은 인식을 가능하게 하는 조건이다.
4번 - 스트로슨에 따르면 의식을 매개로 대상이 경험된다는 것은 과학적 사실이다.
5번 - 롱게네스에 따르면 살아 있다는 것은 시공간적 세계 안에서의 선택에 필수적이다.


문제를 풀이할 때, 반드시 지문을 참고하세요. 문제는 무조건 1개의 정답만 있습니다. 문제를 풀이할 때 모든 선택지들을 검토하세요.
먼저 문제를 이해하고, 문제 해결을 위하여 계획을 세워보세요.
그 다음, 문제를 해결하기 위해 그 계획에 따라 단계별로 실행하세요.

다음의 형식을 따라 답변하세요.
1번: (선택지 1번에 대한 답변) + ""(지문 속 근거가 된 문장)""
2번: (선택지 2번에 대한 답변) + ""(지문 속 근거가 된 문장)""
3번: (선택지 3번에 대한 답변) + ""(지문 속 근거가 된 문장)""
4번: (선택지 4번에 대한 답변) + ""(지문 속 근거가 된 문장)""
5번: (선택지 5번에 대한 답변) + ""(지문 속 근거가 된 문장)""
최종 정답: (최종 정답)

정답 :
",['5(2)'],"1번: 칸트에 따르면 자기의식은 영혼의 실재를 보장하지 않는다. + ""그렇기에 자기의식은 ‘생각하는 나’가 단일한 주관으로서 실제로 존재한다는 것, 즉 ‘영혼의 실재함’을 보장하지 않고, ‘영혼이 실재할 가능성’을 열어둘 뿐이다.""
2번: 칸트에 따르면 생각의 구성은 시간의 흐름과 독립적이지 않다. + ""생각의 구성은 시간의 흐름을 따르는데, 이러한 구성은 통시적으로 동일한 인격을 반드시 필요로 한다는 것이다.""
3번: 스트로슨에 따르면 자기의식은 인식을 가능하게 하는 조건이 아니다. + ""자기의식도 마찬가지로 경험에 의존하기에, 자기의식이 인식을 가능하게 하는 조건이라는 칸트의 견해는 잘못이라는 것이다.""
4번: 스트로슨에 따르면 의식을 매개로 대상이 경험된다는 것이 아니라, 우리의 신체를 매개로 대상이 경험된다는 것은 과학적 사실이다. + ""스트로슨에 따르면, 시공간적 세계 안에서 우리의 신체를 매개로 대상이 경험된다는 것은 과학적 사실이며 자아에 대한 인식은 경험적 인식들로부터 추상화되는 것이다.""
5번: 롱게네스에 따르면 살아 있다는 것은 시공간적 세계 안에서의 선택에 필수적이다. + ""자율성을 지닌다는 것은 시공간적 세계를 살아가는 동안 경험하는 것들 사이에서 스스로 선택한다는 것을 뜻한다. 그러려면 신체가 있고 살아 있어야 하므로, 인격의 동일성의 기준은 각자가 자신의 것이라고 통시적으로 인식하는 신체라고 롱게네스는 주장한다.""
최종 정답: 1
",0
2026_11_KICE_14-17_1,['1(2)'],"국어 시험 문제를 푸는 대한민국의 똑똑한 고3 수험생으로서 위의 요약을 바탕으로 다음 문제의 답을 구하세요.
지문을 읽고, 질문에 대한 답을 1부터 5까지의 선택지 중에 한 개만 골라서 대답해야 합니다.

지문 :
다음 글을 읽고 물음에 답하시오.
철학에서 특정한 개인으로서의 인간을 ‘인격’, 그중 ‘나’를 
‘자아’라고 한다. 인격의 동일성은 모든 생각의 기반이다. 우리는 
과거의 내가 현재의 나와 동일한 인격이기에 과거에 내가 한 
약속을 현재의 내가 지켜야 한다고 판단한다. 칸트 이전까지 
인격의 동일성을 설명하는 유력한 견해는, ‘생각하는 나’인 영혼이 
단일한 주관으로서 시간의 흐름 속에 지속한다는 것이었다. 
‘주관’은 인식의 주체를 가리키며, ‘인식’은 ‘앎’을 말한다.
그러나 칸트는 ‘나는 생각한다.’, 즉 ‘자기의식’은 인식이 이루어
지는 것을 가능하게 하는 조건 중 하나에 불과하다고 본다. 
그러한 조건 자체는 무언가가 실재함을 보장하지 않는다. 그렇
기에 자기의식은 ‘생각하는 나’가 단일한 주관으로서 실제로 
존재한다는 것, 즉 ‘영혼의 실재함’을 보장하지 않고, ‘영혼이 
실재할 가능성’을 열어둘 뿐이다.
[A] [이를 바탕으로 칸트는 영혼이 인격이라는 견해를 반박
한다. 칸트는 ‘시간의 흐름 속에서 스스로의 동일성을 의식
하는 것은 인격이다.’와 ‘영혼이 자기의식을 한다.’라는 두 
전제 모두 납득할 수 있다고 보지만, 그 전제들로부터 ‘영혼이 
인격이다.’라는 결론은 도출되지 않는다고 지적한다. 첫 번째 
전제에 등장하는 ‘의식’은 실제로 존재하는 무언가에 대해 
의식한다는 뜻이지만, ‘생각하는 나는 생각한다.’와 다름없는 
두 번째 전제에 등장하는 ‘의식’은 무언가가 꼭 실재함을 
뜻하지는 않기 때문이다.]([A]에 해당하는 단락)
칸트는 통시적으로 동일한 인격의 존재를 직접 증명하는 대신 
‘시간의 흐름 속에서 마주치는 복수의 주관이 동일한 인격으로 
인식된다.’라는 가정이 반드시 선행되어야 한다고 제안한다. 
그래야 경험적 판단, 윤리적 판단 등의 생각이 가능하기 때문
이다. 생각의 구성은 시간의 흐름을 따르는데, 이러한 구성은 
통시적으로 동일한 인격을 반드시 필요로 한다는 것이다.
스트로슨은 자아를 인식하는 방식이 경험적 인식의 방식과 
구별된다는 칸트의 견해에 동의하지만, 복수의 주관이 동일한 
인격으로 인식된다고 가정하는 것은 철학적 상상에 불과하다고 
칸트를 비판한다. 인격의 문제에서 신체를 간과한 칸트와 달리, 
스트로슨은 인격을 의식과 신체의 복합체로 본다. 스트로슨에 
따르면, 시공간적 세계 안에서 우리의 신체를 매개로 대상이 
경험된다는 것은 과학적 사실이며 자아에 대한 인식은 경험적 
인식들로부터 추상화되는 것이다. 그러므로 시공간적 세계에서의 
경험이 인격의 통시적 동일성을 뒷받침한다고 그는 주장한다. 
자기의식도 마찬가지로 경험에 의존하기에, 자기의식이 인식을 
가능하게 하는 조건이라는 칸트의 견해는 잘못이라는 것이다.
롱게네스는 통시적으로 동일한 자아가 없이는 경험적 인식이 
성립할 수조차 없으므로, 자아에 대한 인식은 경험으로부터 추상화
된 것이 아니라고 본다. 하지만 그는 자아와 인격이 시공간적 세계를 
경험하는 인간에만 적용되는 개념이라고 주장한다. 롱게네스는 
인간은 도덕적 존재이며 도덕적 존재로서의 인간은 자율성을 
지닌 존재라는 칸트의 견해를 인정한다. 그러나 자율성을 지닌다는 
것은 시공간적 세계를 살아가는 동안 경험하는 것들 사이에서 
스스로 선택한다는 것을 뜻한다. 그러려면 신체가 있고 살아 
있어야 하므로, 인격의 동일성의 기준은 각자가 자신의 것이라고 
통시적으로 인식하는 신체라고 롱게네스는 주장한다.

질문 :
질문 :
[A]에서 답을 찾을 수 있는 질문으로 가장 적절한 것은?
    
선택지 :
1번 - ‘두 전제’를 연결하는 개념의 함의는 실재성과 관련하여 어떤 점에서 서로 다를까?
2번 - ‘복수의 주관이 동일한 인격으로 인식된다.’라는 가정은 어떤 점에서 반박되고 있을까?
3번 - ‘영혼이 실재할 가능성’이 열려 있다는 것이 납득할 수 없는 견해인 근거는 무엇일까?
4번 - 인격의 통시적 동일성이 ‘직접 증명’될 수 있다는 견해를 받아들여야 하는 근거는 무엇일까?
5번 - ‘영혼이 자기의식을 한다.’라는 전제가 ‘생각하는 나는 생각한다.’라는 전제와 다름없는 근거는 무엇일까?


문제를 풀이할 때, 반드시 지문을 참고하세요. 문제는 무조건 1개의 정답만 있습니다. 문제를 풀이할 때 모든 선택지들을 검토하세요.
먼저 문제를 이해하고, 문제 해결을 위하여 계획을 세워보세요.
그 다음, 문제를 해결하기 위해 그 계획에 따라 단계별로 실행하세요.

다음의 형식을 따라 답변하세요.
1번: (선택지 1번에 대한 답변) + ""(지문 속 근거가 된 문장)""
2번: (선택지 2번에 대한 답변) + ""(지문 속 근거가 된 문장)""
3번: (선택지 3번에 대한 답변) + ""(지문 속 근거가 된 문장)""
4번: (선택지 4번에 대한 답변) + ""(지문 속 근거가 된 문장)""
5번: (선택지 5번에 대한 답변) + ""(지문 속 근거가 된 문장)""
최종 정답: (최종 정답)

정답 :
",['1(2)'],"1번: ‘두 전제’를 연결하는 개념의 함의는 실재성과 관련하여 ‘의식’이라는 단어가 실제로 존재하는 무언가에 대한 의식인지, 아니면 무언가가 꼭 실재함을 뜻하지 않는 의식인지에 따라 다르다는 점에서 서로 다르다. + ""첫 번째 전제에 등장하는 ‘의식’은 실제로 존재하는 무언가에 대해 의식한다는 뜻이지만, ‘생각하는 나는 생각한다.’와 다름없는 두 번째 전제에 등장하는 ‘의식’은 무언가가 꼭 실재함을 뜻하지는 않기 때문이다.""
2번: ‘복수의 주관이 동일한 인격으로 인식된다.’라는 가정은 [A]에서 반박되고 있지 않다. 오히려 칸트가 주장하는 내용이다. + (해당 내용 없음)
3번: ‘영혼이 실재할 가능성’이 열려 있다는 것이 납득할 수 없는 견해인 근거는 [A]에서 찾을 수 없다. + (해당 내용 없음)
4번: 인격의 통시적 동일성이 ‘직접 증명’될 수 있다는 견해를 받아들여야 하는 근거는 [A]에서 찾을 수 없다. + (해당 내용 없음)
5번: ‘영혼이 자기의식을 한다.’라는 전제가 ‘생각하는 나는 생각한다.’라는 전제와 다름없는 근거는, 두 번째 전제에 등장하는 ‘의식’은 무언가가 꼭 실재함을 뜻하지 않기 때문이다. + ""‘생각하는 나는 생각한다.’와 다름없는 두 번째 전제에 등장하는 ‘의식’은 무언가가 꼭 실재함을 뜻하지는 않기 때문이다.""

최종 정답: 1번
",2
2026_11_KICE_14-17_2,['2(2)'],"국어 시험 문제를 푸는 대한민국의 똑똑한 고3 수험생으로서 위의 요약을 바탕으로 다음 문제의 답을 구하세요.
지문을 읽고, 질문에 대한 답을 1부터 5까지의 선택지 중에 한 개만 골라서 대답해야 합니다.

지문 :
다음 글을 읽고 물음에 답하시오.
철학에서 특정한 개인으로서의 인간을 ‘인격’, 그중 ‘나’를 
‘자아’라고 한다. 인격의 동일성은 모든 생각의 기반이다. 우리는 
과거의 내가 현재의 나와 동일한 인격이기에 과거에 내가 한 
약속을 현재의 내가 지켜야 한다고 판단한다. 칸트 이전까지 
인격의 동일성을 설명하는 유력한 견해는, ‘생각하는 나’인 영혼이 
단일한 주관으로서 시간의 흐름 속에 지속한다는 것이었다. 
‘주관’은 인식의 주체를 가리키며, ‘인식’은 ‘앎’을 말한다.
그러나 칸트는 ‘나는 생각한다.’, 즉 ‘자기의식’은 인식이 이루어
지는 것을 가능하게 하는 조건 중 하나에 불과하다고 본다. 
그러한 조건 자체는 무언가가 실재함을 보장하지 않는다. 그렇
기에 자기의식은 ‘생각하는 나’가 단일한 주관으로서 실제로 
존재한다는 것, 즉 ‘영혼의 실재함’을 보장하지 않고, ‘영혼이 
실재할 가능성’을 열어둘 뿐이다.
[A] [이를 바탕으로 칸트는 영혼이 인격이라는 견해를 반박
한다. 칸트는 ‘시간의 흐름 속에서 스스로의 동일성을 의식
하는 것은 인격이다.’와 ‘영혼이 자기의식을 한다.’라는 두 
전제 모두 납득할 수 있다고 보지만, 그 전제들로부터 ‘영혼이 
인격이다.’라는 결론은 도출되지 않는다고 지적한다. 첫 번째 
전제에 등장하는 ‘의식’은 실제로 존재하는 무언가에 대해 
의식한다는 뜻이지만, ‘생각하는 나는 생각한다.’와 다름없는 
두 번째 전제에 등장하는 ‘의식’은 무언가가 꼭 실재함을 
뜻하지는 않기 때문이다.]([A]에 해당하는 단락)
칸트는 통시적으로 동일한 인격의 존재를 직접 증명하는 대신 
‘시간의 흐름 속에서 마주치는 복수의 주관이 동일한 인격으로 
인식된다.’라는 가정이 반드시 선행되어야 한다고 제안한다. 
그래야 경험적 판단, 윤리적 판단 등의 생각이 가능하기 때문
이다. 생각의 구성은 시간의 흐름을 따르는데, 이러한 구성은 
통시적으로 동일한 인격을 반드시 필요로 한다는 것이다.
스트로슨은 자아를 인식하는 방식이 경험적 인식의 방식과 
구별된다는 칸트의 견해에 동의하지만, 복수의 주관이 동일한 
인격으로 인식된다고 가정하는 것은 철학적 상상에 불과하다고 
칸트를 비판한다. 인격의 문제에서 신체를 간과한 칸트와 달리, 
스트로슨은 인격을 의식과 신체의 복합체로 본다. 스트로슨에 
따르면, 시공간적 세계 안에서 우리의 신체를 매개로 대상이 
경험된다는 것은 과학적 사실이며 자아에 대한 인식은 경험적 
인식들로부터 추상화되는 것이다. 그러므로 시공간적 세계에서의 
경험이 인격의 통시적 동일성을 뒷받침한다고 그는 주장한다. 
자기의식도 마찬가지로 경험에 의존하기에, 자기의식이 인식을 
가능하게 하는 조건이라는 칸트의 견해는 잘못이라는 것이다.
롱게네스는 통시적으로 동일한 자아가 없이는 경험적 인식이 
성립할 수조차 없으므로, 자아에 대한 인식은 경험으로부터 추상화
된 것이 아니라고 본다. 하지만 그는 자아와 인격이 시공간적 세계를 
경험하는 인간에만 적용되는 개념이라고 주장한다. 롱게네스는 
인간은 도덕적 존재이며 도덕적 존재로서의 인간은 자율성을 
지닌 존재라는 칸트의 견해를 인정한다. 그러나 자율성을 지닌다는 
것은 시공간적 세계를 살아가는 동안 경험하는 것들 사이에서 
스스로 선택한다는 것을 뜻한다. 그러려면 신체가 있고 살아 
있어야 하므로, 인격의 동일성의 기준은 각자가 자신의 것이라고 
통시적으로 인식하는 신체라고 롱게네스는 주장한다.

질문 :
질문 :
다음은 윗글을 읽고 학생이 작성한 학습 활동지이다. 윗글을 바탕으로 할 때, 적절하지 않은 것은?
    
선택지 :
1번 - ㉮는 B가 가해자로서의 법적 책임을 져야 하지만 C는 가해자로서의 법적 책임을 지지 않는다고 보겠군.
2번 - ㉯는 B가 가해자로서의 법적 책임을 져야 하지만 A는 가해자로서의 법적 책임을 지지 않는다고 보겠군.
3번 - ㉮와 ㉰는 A가 가해자로서의 법적 책임을 져야 하는지의 여부에 대해 같게 보겠군.
4번 - ㉯와 ㉰는 B가 가해자로서의 법적 책임을 져야 하는지의 여부에 대해 같게 보겠군.
5번 - ㉮, ㉯, ㉰가, C가 가해자로서의 법적 책임을 져야 하는지의 여부에 대해 판단한 내용이 모두 같지는 않겠군.

<보기>
□ 아래의 핵심 개념에 대해 윗글에 제시된 학자들이 보일 수 
있는 입장을 작성해 봅시다.
[핵심 개념1] 자아에 대한 인식과 경험적 인식
∙칸트: 자아를 인식하는 방식과 시공간적 세계의 대상들을 
경험적으로 인식하는 방식은 다르다고 본다. ···················· ①
∙스트로슨: 시공간적 세계에서 이루어지는 경험적 인식은 
자아에 대한 인식에 의존한다고 본다. ·······························②
[핵심 개념2] 추상화 과정
∙스트로슨: 경험으로부터의 추상화 과정을 거치지 않고서 
‘나’를 인식할 수 있다는 것에 동의하지 않는다.
∙롱게네스: 경험으로부터의 추상화 과정을 거치지 않고서 
‘나’를 인식할 수 있다는 것에 동의한다. ····························③
[핵심 개념3] 통시적 인격과 도덕적 존재
∙칸트, 롱게네스: 도덕적 존재로서의 인간이 자율성을 지닌
다는 것을 수용한다. ····························································④
∙칸트, 스트로슨, 롱게네스: ‘시간의 흐름 속 동일한 인격
으로서의 나’라는 개념을 수용한다. ····································⑤


문제를 풀이할 때, 반드시 지문을 참고하세요. 문제는 무조건 1개의 정답만 있습니다. 문제를 풀이할 때 모든 선택지들을 검토하세요.
먼저 문제를 이해하고, 문제 해결을 위하여 계획을 세워보세요.
그 다음, 문제를 해결하기 위해 그 계획에 따라 단계별로 실행하세요.

다음의 형식을 따라 답변하세요.
1번: (선택지 1번에 대한 답변) + ""(지문 속 근거가 된 문장)""
2번: (선택지 2번에 대한 답변) + ""(지문 속 근거가 된 문장)""
3번: (선택지 3번에 대한 답변) + ""(지문 속 근거가 된 문장)""
4번: (선택지 4번에 대한 답변) + ""(지문 속 근거가 된 문장)""
5번: (선택지 5번에 대한 답변) + ""(지문 속 근거가 된 문장)""
최종 정답: (최종 정답)

정답 :
",['2(2)'],"문제 해결 계획:

1. **문제 이해:** 학습 활동지의 내용을 바탕으로 각 선택지가 제시하는 상황을 구체적으로 상상하고, 지문의 내용을 토대로 각 학자의 입장에서 법적 책임에 대한 판단을 추론해야 합니다. '가해자로서의 법적 책임'은 지문에서 직접적으로 언급되지는 않았지만, 인격의 동일성, 자율성, 도덕적 책임 등의 개념과 연결하여 판단해야 합니다.

2. **선택지 분석:** 각 선택지를 하나씩 검토하며, 다음 질문에 답해야 합니다.
   - 선택지가 제시하는 상황에서 A, B, C는 누구를 지칭하는가? (지문 내용과 연결)
   - 각 학자(칸트, 스트로슨, 롱게네스)는 인격의 동일성, 자율성, 도덕적 책임에 대해 어떤 입장을 가지고 있는가? (지문 내용 요약)
   - 각 학자의 입장에서 A, B, C의 행위에 대한 법적 책임 여부를 어떻게 판단할 것인가? (추론)
   - 선택지의 내용이 위 추론과 일치하는가?

3. **정답 판단:** 모든 선택지를 검토한 후, 가장 적절하지 않은 것을 정답으로 선택합니다.

문제 해결 실행:

**상황 설정:**

학습 활동지에 A, B, C에 대한 구체적인 설명이 없으므로 다음과 같은 상황을 가정합니다.

*   **A:** 과거에 범죄를 저지른 사람
*   **B:** 현재 범죄를 저지른 사람
*   **C:** 미래에 범죄를 저지를 가능성이 있는 사람

각 선택지를 분석합니다.

1번: 적절함. 칸트와 롱게네스는 도덕적 존재로서 자율성을 지닌다는 것을 수용하므로 현재 범죄를 저지른 B는 책임을 져야 한다고 볼 수 있습니다(④). 칸트는 '영혼의 실재함'을 보장하지 않기에 미래에 범죄를 저지를 가능성이 있는 C는 아직 책임을 물을 수 없다고 판단할 가능성이 높습니다.
*1번: ㉮는 B가 가해자로서의 법적 책임을 져야 하지만 C는 가해자로서의 법적 책임을 지지 않는다고 보겠군. + ""칸트, 롱게네스: 도덕적 존재로서의 인간이 자율성을 지닌다는 것을 수용한다.""*

2번: 적절함. 스트로슨은 경험적 인식이 자아에 대한 인식에 의존한다고 보므로, 현재 범죄를 저지른 B는 책임을 져야 한다고 볼 수 있습니다(②). 스트로슨은 시공간적 세계에서의 경험이 인격의 통시적 동일성을 뒷받침한다고 보므로 과거의 A에 대해서는 현재의 B와 동일한 인격으로 책임을 묻기 어렵다고 판단할 가능성이 높습니다.
*2번: ㉯는 B가 가해자로서의 법적 책임을 져야 하지만 A는 가해자로서의 법적 책임을 지지 않는다고 보겠군. + ""스트로슨: 시공간적 세계에서 이루어지는 경험적 인식은 자아에 대한 인식에 의존한다고 본다.""*

3번: 적절함. 칸트는 과거의 '나'와 현재의 '나'가 동일한 인격인지 확신할 수 없으므로 A의 책임에 대해 판단을 유보할 수 있습니다. 롱게네스는 신체를 기준으로 인격의 동일성을 판단하므로, A가 과거의 범죄를 저지를 당시의 신체와 현재의 B의 신체가 다르다면 A의 책임을 묻기 어렵다고 볼 수 있습니다. 즉, A가 책임을 져야 하는지의 여부에 대해 같게 볼 수 있습니다.
*3번: ㉮와 ㉰는 A가 가해자로서의 법적 책임을 져야 하는지의 여부에 대해 같게 보겠군. + ""칸트, 스트로슨, 롱게네스: ‘시간의 흐름 속 동일한 인격으로서의 나’라는 개념을 수용한다.""*

4번: 적절함. 칸트, 스트로슨, 롱게네스 모두 통시적으로 동일한 인격으로서의 '나'라는 개념을 수용하므로, 현재 범죄를 저지른 B가 책임을 져야 하는지에 대해서는 동의할 가능성이 높습니다.
*4번: ㉯와 ㉰는 B가 가해자로서의 법적 책임을 져야 하는지의 여부에 대해 같게 보겠군. + ""칸트, 스트로슨, 롱게네스: ‘시간의 흐름 속 동일한 인격으로서의 나’라는 개념을 수용한다.""*

5번: 적절하지 않음. 칸트, 스트로슨, 롱게네스는 현재 범죄를 저지르지 않은 C에 대해서는 책임을 물을 수 없다고 판단할 가능성이 높습니다. 세 학자의 판단이 모두 같다고 보는 것이 더 적절합니다.
*5번: ㉮, ㉯, ㉰가, C가 가해자로서의 법적 책임을 져야 하는지의 여부에 대해 판단한 내용이 모두 같지는 않겠군. + (지문 전체 내용 바탕으로 추론)*

최종 정답: 5
",0
2026_11_KICE_14-17_3,['3(3)'],"국어 시험 문제를 푸는 대한민국의 똑똑한 고3 수험생으로서 위의 요약을 바탕으로 다음 문제의 답을 구하세요.
지문을 읽고, 질문에 대한 답을 1부터 5까지의 선택지 중에 한 개만 골라서 대답해야 합니다.

지문 :
다음 글을 읽고 물음에 답하시오.
철학에서 특정한 개인으로서의 인간을 ‘인격’, 그중 ‘나’를 
‘자아’라고 한다. 인격의 동일성은 모든 생각의 기반이다. 우리는 
과거의 내가 현재의 나와 동일한 인격이기에 과거에 내가 한 
약속을 현재의 내가 지켜야 한다고 판단한다. 칸트 이전까지 
인격의 동일성을 설명하는 유력한 견해는, ‘생각하는 나’인 영혼이 
단일한 주관으로서 시간의 흐름 속에 지속한다는 것이었다. 
‘주관’은 인식의 주체를 가리키며, ‘인식’은 ‘앎’을 말한다.
그러나 칸트는 ‘나는 생각한다.’, 즉 ‘자기의식’은 인식이 이루어
지는 것을 가능하게 하는 조건 중 하나에 불과하다고 본다. 
그러한 조건 자체는 무언가가 실재함을 보장하지 않는다. 그렇
기에 자기의식은 ‘생각하는 나’가 단일한 주관으로서 실제로 
존재한다는 것, 즉 ‘영혼의 실재함’을 보장하지 않고, ‘영혼이 
실재할 가능성’을 열어둘 뿐이다.
[A] [이를 바탕으로 칸트는 영혼이 인격이라는 견해를 반박
한다. 칸트는 ‘시간의 흐름 속에서 스스로의 동일성을 의식
하는 것은 인격이다.’와 ‘영혼이 자기의식을 한다.’라는 두 
전제 모두 납득할 수 있다고 보지만, 그 전제들로부터 ‘영혼이 
인격이다.’라는 결론은 도출되지 않는다고 지적한다. 첫 번째 
전제에 등장하는 ‘의식’은 실제로 존재하는 무언가에 대해 
의식한다는 뜻이지만, ‘생각하는 나는 생각한다.’와 다름없는 
두 번째 전제에 등장하는 ‘의식’은 무언가가 꼭 실재함을 
뜻하지는 않기 때문이다.]([A]에 해당하는 단락)
칸트는 통시적으로 동일한 인격의 존재를 직접 증명하는 대신 
‘시간의 흐름 속에서 마주치는 복수의 주관이 동일한 인격으로 
인식된다.’라는 가정이 반드시 선행되어야 한다고 제안한다. 
그래야 경험적 판단, 윤리적 판단 등의 생각이 가능하기 때문
이다. 생각의 구성은 시간의 흐름을 따르는데, 이러한 구성은 
통시적으로 동일한 인격을 반드시 필요로 한다는 것이다.
스트로슨은 자아를 인식하는 방식이 경험적 인식의 방식과 
구별된다는 칸트의 견해에 동의하지만, 복수의 주관이 동일한 
인격으로 인식된다고 가정하는 것은 철학적 상상에 불과하다고 
칸트를 비판한다. 인격의 문제에서 신체를 간과한 칸트와 달리, 
스트로슨은 인격을 의식과 신체의 복합체로 본다. 스트로슨에 
따르면, 시공간적 세계 안에서 우리의 신체를 매개로 대상이 
경험된다는 것은 과학적 사실이며 자아에 대한 인식은 경험적 
인식들로부터 추상화되는 것이다. 그러므로 시공간적 세계에서의 
경험이 인격의 통시적 동일성을 뒷받침한다고 그는 주장한다. 
자기의식도 마찬가지로 경험에 의존하기에, 자기의식이 인식을 
가능하게 하는 조건이라는 칸트의 견해는 잘못이라는 것이다.
롱게네스는 통시적으로 동일한 자아가 없이는 경험적 인식이 
성립할 수조차 없으므로, 자아에 대한 인식은 경험으로부터 추상화
된 것이 아니라고 본다. 하지만 그는 자아와 인격이 시공간적 세계를 
경험하는 인간에만 적용되는 개념이라고 주장한다. 롱게네스는 
인간은 도덕적 존재이며 도덕적 존재로서의 인간은 자율성을 
지닌 존재라는 칸트의 견해를 인정한다. 그러나 자율성을 지닌다는 
것은 시공간적 세계를 살아가는 동안 경험하는 것들 사이에서 
스스로 선택한다는 것을 뜻한다. 그러려면 신체가 있고 살아 
있어야 하므로, 인격의 동일성의 기준은 각자가 자신의 것이라고 
통시적으로 인식하는 신체라고 롱게네스는 주장한다.

질문 :
질문 :
윗글을 바탕으로 <보기>를 이해한 반응으로 가장 적절한 것은? [3점]
    
선택지 :
1번 - 롱게네스의 견해에 의하면, 프로그램으로 재현된 의식만으로 인격이 될 수 있다는 갑의 입장은 옳겠군.
2번 - 스트로슨의 견해에 의하면, 신체를 지니지 않은 존재에게 인격이 귀속될 수 없다는 을의 입장은 옳지 않겠군.
3번 - 칸트 이전까지 유력했던 견해에 의하면, ‘생각하는 나’의 지속만으로는 인격의 동일성을 보장하지 않는다는 갑의 입장은 옳지 않겠군.
4번 - 칸트의 견해에 의하면, 인격의 통시적 동일성은 그것에 대한 가정이 선행될 필요 없이 사고 기능의 동일성을 통해 판단 된다는 을의 입장은 옳겠군.
5번 - 롱게네스의 견해에 의하면, 인간과 상이한 존재에 의해서도 동일하게 수행될 수 있는 사고 기능이 인격의 동일성을 판단하는 기준이라는 을의 입장은 옳겠군.

<보기>
<보 기>
갑: 두뇌에서 일어나는 의식을 스캔하여 프로그램으로 재현
한다고 상상해 보자. 그런 경우, 본래의 자신과 재현된 
의식은 동일한 인격이 아니야. 두뇌에서 일어나는 의식은 
신체 전체의 기여로 일어난 것이기 때문이지. 즉, 프로그
램으로 재현된 의식은 인격일 수 없어. ‘생각하는 나’의 
지속만으로는 인격의 동일성이 보장될 수 없고, 살아 
있는 신체도 인격의 구성 요소에 포함되어야 하거든.
을: 그렇지 않아. 프로그램으로 재현된 의식은 본래의 자신과 
동일한 인격이야. 비록 프로그램은 신체가 없지만 우리 
두뇌와 프로그램이 수행하는 사고 기능에는 근본적인 
차이가 없거든. 인격의 동일성은 어떤 가정도 두지 않고 
이러한 사고 기능의 동일성만을 기준으로 판단해야 해.


문제를 풀이할 때, 반드시 지문을 참고하세요. 문제는 무조건 1개의 정답만 있습니다. 문제를 풀이할 때 모든 선택지들을 검토하세요.
먼저 문제를 이해하고, 문제 해결을 위하여 계획을 세워보세요.
그 다음, 문제를 해결하기 위해 그 계획에 따라 단계별로 실행하세요.

다음의 형식을 따라 답변하세요.
1번: (선택지 1번에 대한 답변) + ""(지문 속 근거가 된 문장)""
2번: (선택지 2번에 대한 답변) + ""(지문 속 근거가 된 문장)""
3번: (선택지 3번에 대한 답변) + ""(지문 속 근거가 된 문장)""
4번: (선택지 4번에 대한 답변) + ""(지문 속 근거가 된 문장)""
5번: (선택지 5번에 대한 답변) + ""(지문 속 근거가 된 문장)""
최종 정답: (최종 정답)

정답 :
",['3(3)'],"문제 해결 계획:

1.  **문제 이해:** 갑과 을의 주장을 정확히 파악하고, 각 선택지가 어떤 철학자의 견해와 관련되는지 확인한다.
2.  **지문 분석:** 각 철학자의 견해를 지문에서 찾아 꼼꼼히 확인하고, 갑과 을의 주장이 각 철학자의 견해와 일치하는지, 혹은 모순되는지 판단한다.
3.  **선택지 평가:** 각 선택지가 지문 내용과 일치하는지, 그리고 갑과 을의 주장에 대한 적절한 반응인지 평가한다.
4.  **정답 선택:** 가장 적절한 선택지를 고르고, 그 이유를 명확히 제시한다.

문제 해결 실행:

1번: 롱게네스의 견해에 의하면, 인격의 동일성의 기준은 각자가 자신의 것이라고 통시적으로 인식하는 신체이다. 갑은 살아있는 신체도 인격의 구성 요소에 포함되어야 한다고 주장했으므로 롱게네스와 유사한 주장을 펼치고 있다. 그러므로 프로그램으로 재현된 의식만으로 인격이 될 수 있다는 갑의 입장은 옳지 않다. 따라서 옳겠군 이라는 결론은 적절하지 않다. + ""롱게네스는 인격의 동일성의 기준은 각자가 자신의 것이라고 통시적으로 인식하는 신체라고 롱게네스는 주장한다.""
2번: 스트로슨의 견해에 의하면, 인격을 의식과 신체의 복합체로 본다. 을은 프로그램은 신체가 없지만 우리 두뇌와 프로그램이 수행하는 사고 기능에는 근본적인 차이가 없다고 주장했으므로 스트로슨과는 상반되는 주장을 펼치고 있다. 신체를 지니지 않은 존재에게 인격이 귀속될 수 없다는 을의 입장은 옳지 않다. + ""인격의 문제에서 신체를 간과한 칸트와 달리, 스트로슨은 인격을 의식과 신체의 복합체로 본다.""
3번: 칸트 이전까지 유력했던 견해에 의하면, ‘생각하는 나’인 영혼이 단일한 주관으로서 시간의 흐름 속에 지속한다는 것이었다. 갑은 ‘생각하는 나’의 지속만으로는 인격의 동일성이 보장될 수 없다고 주장했으므로 칸트 이전의 견해와는 상반되는 주장을 펼치고 있다. 따라서 인격의 동일성을 보장하지 않는다는 갑의 입장은 옳다. 그러므로 옳지 않겠군 이라는 결론은 적절하지 않다. + ""칸트 이전까지 인격의 동일성을 설명하는 유력한 견해는, ‘생각하는 나’인 영혼이 단일한 주관으로서 시간의 흐름 속에 지속한다는 것이었다.""
4번: 칸트의 견해에 의하면, 인격의 통시적 동일성은 그것에 대한 가정이 반드시 선행되어야 경험적 판단, 윤리적 판단 등의 생각이 가능하기 때문이다. 을은 인격의 동일성은 어떤 가정도 두지 않고 이러한 사고 기능의 동일성만을 기준으로 판단해야 한다고 주장했으므로 칸트와는 상반되는 주장을 펼치고 있다. 인격의 통시적 동일성은 그것에 대한 가정이 선행될 필요 없이 사고 기능의 동일성을 통해 판단 된다는 을의 입장은 옳지 않다. + ""칸트는 통시적으로 동일한 인격의 존재를 직접 증명하는 대신 ‘시간의 흐름 속에서 마주치는 복수의 주관이 동일한 인격으로 인식된다.’라는 가정이 반드시 선행되어야 한다고 제안한다.""
5번: 롱게네스는 자아와 인격이 시공간적 세계를 경험하는 인간에만 적용되는 개념이라고 주장한다. 을은 인간과 상이한 존재에 의해서도 동일하게 수행될 수 있는 사고 기능이 인격의 동일성을 판단하는 기준이라고 주장했으므로 롱게네스와는 상반되는 주장을 펼치고 있다. 인간과 상이한 존재에 의해서도 동일하게 수행될 수 있는 사고 기능이 인격의 동일성을 판단하는 기준이라는 을의 입장은 옳지 않다. + ""롱게네스는 자아와 인격이 시공간적 세계를 경험하는 인간에만 적용되는 개념이라고 주장한다.""

최종 정답: 2번
",0
2026_11_KICE_18-21_0,['2(2)'],"국어 시험 문제를 푸는 대한민국의 똑똑한 고3 수험생으로서 위의 요약을 바탕으로 다음 문제의 답을 구하세요.
지문을 읽고, 질문에 대한 답을 1부터 5까지의 선택지 중에 한 개만 골라서 대답해야 합니다.

지문 :
다음 글을 읽고 물음에 답하시오.
[중모리] 그때에 사슴이 발론하되 근래 인간이 하 무서워 짐승을 
잡아먹기 온갖 꾀가 다 생기고 산중에 수목이 없어 은신할 곳 
없어지니 각기 의견 들어 보면 방책이 있을런가 이 모임을 
했사오니 수령님의 좋은 꾀를 일러 주옵소서
[아니리] 호랑이가 수령 말을 듣더니마는 거두룸을 피우며 오늘은 
노소고하를 막론하고 자세히 말해 보라 토끼가 여짜오되
[자진모리] 사냥개라 허는 것은 같은 우리 모족(毛族)으로 사람
집에 기식허니 제 무슨 아첨으로 내 잘 맡는 자랑허여 심산궁곡 
층암절벽 찾고 찾어 들어와 동제 간 살해만 허니 수령님 이후
로는 사냥개를 있는 대로 다 잡어 잡수오면 그 덕이 모든 
금수에게 미치오리다
[아니리] 호랑이 듣더니만 다 잡어 먹었으면 네 원통함도 풀고 
나도 배부른 꼴을 보련마는 일등 포수가 따러다녀 어설피 
물랴다가 조총에 불이 번듯 탄환이 쑥 나오면 거 내 신세는 
어쩔 것이냐
그때에 별주부 저기 토 선생 계시오 부른다는 것이 수로 팔천 
리를 아래턱으로 밀고 오자니 아래턱이 빳빳허여 토 자가 살짝 
늘어져 호 자로 되였것다 저기 호 생원 계시오 불러 놓으니 
첩첩산중 호랑이가 생원 말 듣기는 제 평생 처음이라 ⓐ[반기
듣고](ⓐ의 밑줄) 내려오는듸
[엇모리] 범 내려온다 범이 내려온다 송림 깊은 골로 한 짐승이 
내려온다 누에머리를 흔들며 양 귀 찢어지고 몸은 얼숭덜숭 
꼬리는 잔득 한 발이 남고 동아 같은 뒷다리 전동 같은 앞다리 
새낫 같은 발톱으로 엄동설한 백설 격으로 잔디 뿌리 왕모래를 
좌르르르 흩으며 주홍 같은 입 벌리고 홍행행 허는 소리 산천이 
진동하고 강산이 뒤눕고 땅이 뚝 꺼지난 듯 자라가 ⓑ[깜짝
놀래여](ⓑ의 밑줄) 목을 움치고 가만히 엎졌을 제
[아니리] 호랑이가 척 내려와 이것 무엇인고 이리 보아도 둥굴
둥굴 저리 보아도 둥굴 둥굴아 하고 불러도 대답이 없것다 
옳다 이것 한 입가심 허여 볼까
자라가 ⓒ[깜짝 놀래여](ⓒ의 밑줄) 여보 당신이 뉘라 허시오
호랑이 깜짝 놀래 에끼 이것 보아라 도리줌치 속에 배암 잡어 
넣어 놓은 것같이 생긴 것이 인사성은 밝네 나는 ㉠[이 산중](㉠의 밑줄)
지키는 호 생원 어른이로다
자라가 호랑이란 말을 듣고서 겁짐에 바로 일러 나는 명색이 
자라 새끼요
[중모리] 호랑이 ⓓ[반기 듣고](ⓓ의 밑줄) 얼시구나 좋을시고 내 평생에
원하기를 왕배탕이 원일러니 오늘날 만났구나 맛진 진미를 
먹어 보자 으르르르앙 허고 달려드니 자라 듣고 깜짝 놀래여 
아이고 내 자라 아니요 이놈 그러면 무엇인고 내가 두꺼비요 
두꺼비 같으면 더욱 좋다 너를 산 채로 불에 살라 술에 타 
먹었으면 만병회춘 명약이라니 너를 먹으리라 아이고 내 남생
이요 남생이 같으면 더욱 좋다 습기에는 제일이라 허니 너를 
산 채로 먹으리라
[아니리] 별주부 듣고 기가 막혀 이 급살 맞어 죽을 놈이 동의
보감을 얼마나 통달허였는지 보는 대로 약 취해 먹기로만 드니 
기왕 죽을 바에는 속임수나 한번 써 보고 죽을 밖에 없구나 
허고 목을 길게 내놓으며 네 이놈 호랑아 내 목 나간다
호랑이 ⓔ[깜짝 놀래](ⓔ의 밑줄) 에끼 이것 목 나온다 고만 나오시오 하루
수천 발 나오겠소 대체 당신 명색이 무엇이오
나는 수국 전옥주부 공신 사대손 별주부 별나리로다 이놈 
내 목 이 모양 된 내력을 들어 보아라
[자진모리] 우리 ㉡[수궁](㉡의 밑줄) 퇴락허여 영덕전 새로 질 제 일천팔백
칸 기와를 내 손으로 올리다가 추녀 끝에 뚝 떨어져 목으로 
잘칵 꺼꾸러져 이 모양이 되얏기로 명의다려 문의한즉 호랑이 
쓸개를 열 보만 먹으면 목이 즉효헌다기로 우리 수궁 도리랑
귀신 잡어 타고 호랑이 사냥을 나왔더니 쓸개 한 보 못 주겠
느냐 도리랑귀신 게 있느냐 이 호랑이 배 갈라라 앞으로 기어
들며 도리랑 도리랑 허고 달려들어 호랑이 아랫도리를 꽉 물고 
뺑 돌아 놓으니
[아니리] 호랑이 ⓕ[질색허여](ⓕ의 밑줄) 아이고 별나리 이것 좀 놓아주시오
이놈 잔말 말고 쓸개만 내놓아라 호랑이 그 육중헌 놈이 자라
에게 매달려 애걸을 허는듸
[중모리] 별나리 전에 비나이다 나는 오대독신으로 오십이 다 
되도록 슬하 일점혈육이 없소 만일 내가 죽게 되면 선영에 
죄가 망극허오 차라리 내 왼눈이나 하나 빼 잡수시오 이놈 잔말 
말고 쓸개만 내놔라 여기만 놓아주면 당장에 쓸개를 드리리다
[아니리] 별주부 가만히 생각한즉 쓸개 주겠다고 놓아 달라는 
것이 얼주검이 된 모양이라 꽉 물었던 호랑이 아랫도리를 
슬그머니 늦춰 놓으니
[휘모리] 호랑이 몽그랏다 후다닥 뛰어갈 제 급한 난리 화살 
닫듯 조총에서 철환 닫듯 오림에서 조조 닫듯 산을 넘고 바다 
건너 홀연히 간 곳 없네
[아니리] 전라도 해남에서 냅다 뛴 놈이 의주 압록강 가에서 
숨을 내쉬고 한편을 살펴보는데 남생이 한 마리가 뾰쪼롬허고 
내다보니 별주부로 알았것다 에끼 저놈 그 새 저기 쫓아왔구나 
게서 또 후다닥 빼 놓은 것이 함경도 ㉢[세수람 고개](㉢의 밑줄)에다 덜럼
올라앉어 장담을 허것다 내 용맹이나 된 게 여기까지 살아왔지 
잡놈 같았으면 하마 그놈 뱃속에 굳었으렷다
- 작자 미상, ｢수궁가｣-


질문 :
질문 :
윗글에 대한 이해로 적절하지 않은 것은?
    
선택지 :
1번 - 사슴이 호랑이에게 대책을 구하자 호랑이는 거드름을 부리며 다른 동물들에게 발언하게 하였다.
2번 - 호랑이가 자라의 외양에 주목하여 관심을 보이자 자라는 호랑이보다 먼저 자신의 정체를 밝혔다.
3번 - 자라는 자신을 해치려고 드는 호랑이에게 목을 내밀어 놀라게 한 후 도리랑귀신을 들먹이며 맞섰다.
4번 - 호랑이가 쓸개를 주겠다며 놓아 달라는 것을 듣고 자라는 호랑이가 얼주검 상태가 되었다고 생각하였다.
5번 - 호랑이는 남생이가 내다보는 것을 보고 자신이 매달려 애걸했던 자라가 자신을 쫓아왔다고 생각하였다.


문제를 풀이할 때, 반드시 지문을 참고하세요. 문제는 무조건 1개의 정답만 있습니다. 문제를 풀이할 때 모든 선택지들을 검토하세요.
먼저 문제를 이해하고, 문제 해결을 위하여 계획을 세워보세요.
그 다음, 문제를 해결하기 위해 그 계획에 따라 단계별로 실행하세요.

다음의 형식을 따라 답변하세요.
1번: (선택지 1번에 대한 답변) + ""(지문 속 근거가 된 문장)""
2번: (선택지 2번에 대한 답변) + ""(지문 속 근거가 된 문장)""
3번: (선택지 3번에 대한 답변) + ""(지문 속 근거가 된 문장)""
4번: (선택지 4번에 대한 답변) + ""(지문 속 근거가 된 문장)""
5번: (선택지 5번에 대한 답변) + ""(지문 속 근거가 된 문장)""
최종 정답: (최종 정답)

정답 :
",['2(2)'],"1번: 적절함. ""호랑이가 수령 말을 듣더니마는 거두룸을 피우며 오늘은 노소고하를 막론하고 자세히 말해 보라""
2번: 부적절함. 호랑이가 자라의 외양에 관심을 보이자, 자라가 먼저 ""여보 당신이 뉘라 허시오""라고 말하며 자신의 정체를 묻고 있다. 호랑이보다 먼저 자신의 정체를 밝히지 않았다.
3번: 적절함. ""허고 목을 길게 내놓으며 네 이놈 호랑아 내 목 나간다""와 ""우리 수궁 도리랑 귀신 잡어 타고 호랑이 사냥을 나왔더니 쓸개 한 보 못 주겠느냐 도리랑귀신 게 있느냐 이 호랑이 배 갈라라 앞으로 기어들며 도리랑 도리랑 허고 달려들어 호랑이 아랫도리를 꽉 물고 뺑 돌아 놓으니""
4번: 적절함. ""별주부 가만히 생각한즉 쓸개 주겠다고 놓아 달라는 것이 얼주검이 된 모양이라""
5번: 적절함. ""한편을 살펴보는데 남생이 한 마리가 뾰쪼롬허고 내다보니 별주부로 알았것다 에끼 저놈 그 새 저기 쫓아왔구나""

최종 정답: 2
",2
2026_11_KICE_18-21_1,['4(2)'],"국어 시험 문제를 푸는 대한민국의 똑똑한 고3 수험생으로서 위의 요약을 바탕으로 다음 문제의 답을 구하세요.
지문을 읽고, 질문에 대한 답을 1부터 5까지의 선택지 중에 한 개만 골라서 대답해야 합니다.

지문 :
다음 글을 읽고 물음에 답하시오.
[중모리] 그때에 사슴이 발론하되 근래 인간이 하 무서워 짐승을 
잡아먹기 온갖 꾀가 다 생기고 산중에 수목이 없어 은신할 곳 
없어지니 각기 의견 들어 보면 방책이 있을런가 이 모임을 
했사오니 수령님의 좋은 꾀를 일러 주옵소서
[아니리] 호랑이가 수령 말을 듣더니마는 거두룸을 피우며 오늘은 
노소고하를 막론하고 자세히 말해 보라 토끼가 여짜오되
[자진모리] 사냥개라 허는 것은 같은 우리 모족(毛族)으로 사람
집에 기식허니 제 무슨 아첨으로 내 잘 맡는 자랑허여 심산궁곡 
층암절벽 찾고 찾어 들어와 동제 간 살해만 허니 수령님 이후
로는 사냥개를 있는 대로 다 잡어 잡수오면 그 덕이 모든 
금수에게 미치오리다
[아니리] 호랑이 듣더니만 다 잡어 먹었으면 네 원통함도 풀고 
나도 배부른 꼴을 보련마는 일등 포수가 따러다녀 어설피 
물랴다가 조총에 불이 번듯 탄환이 쑥 나오면 거 내 신세는 
어쩔 것이냐
그때에 별주부 저기 토 선생 계시오 부른다는 것이 수로 팔천 
리를 아래턱으로 밀고 오자니 아래턱이 빳빳허여 토 자가 살짝 
늘어져 호 자로 되였것다 저기 호 생원 계시오 불러 놓으니 
첩첩산중 호랑이가 생원 말 듣기는 제 평생 처음이라 ⓐ[반기
듣고](ⓐ의 밑줄) 내려오는듸
[엇모리] 범 내려온다 범이 내려온다 송림 깊은 골로 한 짐승이 
내려온다 누에머리를 흔들며 양 귀 찢어지고 몸은 얼숭덜숭 
꼬리는 잔득 한 발이 남고 동아 같은 뒷다리 전동 같은 앞다리 
새낫 같은 발톱으로 엄동설한 백설 격으로 잔디 뿌리 왕모래를 
좌르르르 흩으며 주홍 같은 입 벌리고 홍행행 허는 소리 산천이 
진동하고 강산이 뒤눕고 땅이 뚝 꺼지난 듯 자라가 ⓑ[깜짝
놀래여](ⓑ의 밑줄) 목을 움치고 가만히 엎졌을 제
[아니리] 호랑이가 척 내려와 이것 무엇인고 이리 보아도 둥굴
둥굴 저리 보아도 둥굴 둥굴아 하고 불러도 대답이 없것다 
옳다 이것 한 입가심 허여 볼까
자라가 ⓒ[깜짝 놀래여](ⓒ의 밑줄) 여보 당신이 뉘라 허시오
호랑이 깜짝 놀래 에끼 이것 보아라 도리줌치 속에 배암 잡어 
넣어 놓은 것같이 생긴 것이 인사성은 밝네 나는 ㉠[이 산중](㉠의 밑줄)
지키는 호 생원 어른이로다
자라가 호랑이란 말을 듣고서 겁짐에 바로 일러 나는 명색이 
자라 새끼요
[중모리] 호랑이 ⓓ[반기 듣고](ⓓ의 밑줄) 얼시구나 좋을시고 내 평생에
원하기를 왕배탕이 원일러니 오늘날 만났구나 맛진 진미를 
먹어 보자 으르르르앙 허고 달려드니 자라 듣고 깜짝 놀래여 
아이고 내 자라 아니요 이놈 그러면 무엇인고 내가 두꺼비요 
두꺼비 같으면 더욱 좋다 너를 산 채로 불에 살라 술에 타 
먹었으면 만병회춘 명약이라니 너를 먹으리라 아이고 내 남생
이요 남생이 같으면 더욱 좋다 습기에는 제일이라 허니 너를 
산 채로 먹으리라
[아니리] 별주부 듣고 기가 막혀 이 급살 맞어 죽을 놈이 동의
보감을 얼마나 통달허였는지 보는 대로 약 취해 먹기로만 드니 
기왕 죽을 바에는 속임수나 한번 써 보고 죽을 밖에 없구나 
허고 목을 길게 내놓으며 네 이놈 호랑아 내 목 나간다
호랑이 ⓔ[깜짝 놀래](ⓔ의 밑줄) 에끼 이것 목 나온다 고만 나오시오 하루
수천 발 나오겠소 대체 당신 명색이 무엇이오
나는 수국 전옥주부 공신 사대손 별주부 별나리로다 이놈 
내 목 이 모양 된 내력을 들어 보아라
[자진모리] 우리 ㉡[수궁](㉡의 밑줄) 퇴락허여 영덕전 새로 질 제 일천팔백
칸 기와를 내 손으로 올리다가 추녀 끝에 뚝 떨어져 목으로 
잘칵 꺼꾸러져 이 모양이 되얏기로 명의다려 문의한즉 호랑이 
쓸개를 열 보만 먹으면 목이 즉효헌다기로 우리 수궁 도리랑
귀신 잡어 타고 호랑이 사냥을 나왔더니 쓸개 한 보 못 주겠
느냐 도리랑귀신 게 있느냐 이 호랑이 배 갈라라 앞으로 기어
들며 도리랑 도리랑 허고 달려들어 호랑이 아랫도리를 꽉 물고 
뺑 돌아 놓으니
[아니리] 호랑이 ⓕ[질색허여](ⓕ의 밑줄) 아이고 별나리 이것 좀 놓아주시오
이놈 잔말 말고 쓸개만 내놓아라 호랑이 그 육중헌 놈이 자라
에게 매달려 애걸을 허는듸
[중모리] 별나리 전에 비나이다 나는 오대독신으로 오십이 다 
되도록 슬하 일점혈육이 없소 만일 내가 죽게 되면 선영에 
죄가 망극허오 차라리 내 왼눈이나 하나 빼 잡수시오 이놈 잔말 
말고 쓸개만 내놔라 여기만 놓아주면 당장에 쓸개를 드리리다
[아니리] 별주부 가만히 생각한즉 쓸개 주겠다고 놓아 달라는 
것이 얼주검이 된 모양이라 꽉 물었던 호랑이 아랫도리를 
슬그머니 늦춰 놓으니
[휘모리] 호랑이 몽그랏다 후다닥 뛰어갈 제 급한 난리 화살 
닫듯 조총에서 철환 닫듯 오림에서 조조 닫듯 산을 넘고 바다 
건너 홀연히 간 곳 없네
[아니리] 전라도 해남에서 냅다 뛴 놈이 의주 압록강 가에서 
숨을 내쉬고 한편을 살펴보는데 남생이 한 마리가 뾰쪼롬허고 
내다보니 별주부로 알았것다 에끼 저놈 그 새 저기 쫓아왔구나 
게서 또 후다닥 빼 놓은 것이 함경도 ㉢[세수람 고개](㉢의 밑줄)에다 덜럼
올라앉어 장담을 허것다 내 용맹이나 된 게 여기까지 살아왔지 
잡놈 같았으면 하마 그놈 뱃속에 굳었으렷다
- 작자 미상, ｢수궁가｣-


질문 :
질문 :
㉠～㉢에 대한 이해로 가장 적절한 것은?
    
선택지 :
1번 - ㉠은 공동의 문제를 해결하기 위한 모족의 노력이 나타나는 공간으로, 이곳에서 자라와 호랑이의 화해가 이루어진다.
2번 - ㉡은 자라가 자신의 내력을 소개하며 언급한 공간으로, 자라는 호랑이와의 만남을 예상하고 이곳에서 이를 대비하였다.
3번 - ㉢은 호랑이가 안도감을 나타내는 공간으로, 이곳에서 호랑이는 살아남은 것을 자신의 능력을 넘어서는 뜻밖의 행운이라고 여겼다.
4번 - ㉠은 자라가 자신의 행위로 인해 위험에 빠지게 된 공간이며, ㉡은 자라가 위험에서 벗어나고자 언급한 공간이다.
5번 - ㉠은 호랑이의 지위가 다른 존재의 발언을 통해 확인되는 공간이며, ㉢은 호랑이가 다른 존재와의 비교를 통해 자신의 위엄을 부정하는 공간이다.


문제를 풀이할 때, 반드시 지문을 참고하세요. 문제는 무조건 1개의 정답만 있습니다. 문제를 풀이할 때 모든 선택지들을 검토하세요.
먼저 문제를 이해하고, 문제 해결을 위하여 계획을 세워보세요.
그 다음, 문제를 해결하기 위해 그 계획에 따라 단계별로 실행하세요.

다음의 형식을 따라 답변하세요.
1번: (선택지 1번에 대한 답변) + ""(지문 속 근거가 된 문장)""
2번: (선택지 2번에 대한 답변) + ""(지문 속 근거가 된 문장)""
3번: (선택지 3번에 대한 답변) + ""(지문 속 근거가 된 문장)""
4번: (선택지 4번에 대한 답변) + ""(지문 속 근거가 된 문장)""
5번: (선택지 5번에 대한 답변) + ""(지문 속 근거가 된 문장)""
최종 정답: (최종 정답)

정답 :
",['4(2)'],"문제 해결 계획:

1. 각 선택지를 꼼꼼히 읽고, ㉠, ㉡, ㉢이 지문에서 언급된 맥락을 파악한다.
2. 각 선택지가 지문의 내용과 일치하는지, 혹은 모순되는지 판단한다.
3. 가장 적절한 선택지를 고른다.

문제 해결 실행:

1번: ㉠은 호랑이가 자라를 처음 만난 공간이 맞지만, 공동의 문제를 해결하기 위한 모족의 노력이 나타나는 공간이라고 볼 수 없고, 화해가 이루어지지 않았다. 오히려 잡아먹으려는 상황이다. ""나는 ㉠[이 산중] 지키는 호 생원 어른이로다""

2번: ㉡은 자라가 자신의 내력을 소개하며 언급한 공간은 맞지만, 호랑이와의 만남을 예상하고 대비한 것은 아니다. 오히려 호랑이에게 잡혀먹힐 위기에 처하자 거짓말을 지어낸 것이다. ""우리 ㉡[수궁] 퇴락허여 영덕전 새로 질 제 일천팔백 칸 기와를 내 손으로 올리다가...""

3번: ㉢은 호랑이가 안도감을 나타내는 공간이 맞다. 호랑이는 이곳에서 살아남은 것을 다행으로 여기며 자신의 용맹 덕분이라고 생각한다. ""함경도 ㉢[세수람 고개]에다 덜럼 올라앉어 장담을 허것다 내 용맹이나 된 게 여기까지 살아왔지 잡놈 같았으면 하마 그놈 뱃속에 굳었으렷다""

4번: ㉠은 자라가 자신의 행위로 인해 위험에 빠지게 된 공간은 맞지만, ㉡이 위험에서 벗어나고자 언급한 공간이라고 보기는 어렵다. ㉡은 호랑이를 속이기 위해 지어낸 이야기의 배경이다. ""나는 ㉠[이 산중] 지키는 호 생원 어른이로다"", ""우리 ㉡[수궁] 퇴락허여...""

5번: ㉠은 호랑이의 지위가 다른 존재의 발언을 통해 확인되는 공간이라고 보기는 어렵다. 자라가 호랑이의 이름을 듣고 놀라긴 하지만, 지위를 확인하는 것은 아니다. ㉢에서 호랑이가 자신의 위엄을 부정하는 내용은 없다. 오히려 자신의 용맹을 자랑한다. ""나는 ㉠[이 산중] 지키는 호 생원 어른이로다"", ""함경도 ㉢[세수람 고개]에다 덜럼 올라앉어 장담을 허것다 내 용맹이나 된 게 여기까지 살아왔지...""

최종 정답: 3
",0
2026_11_KICE_18-21_2,['3(2)'],"국어 시험 문제를 푸는 대한민국의 똑똑한 고3 수험생으로서 위의 요약을 바탕으로 다음 문제의 답을 구하세요.
지문을 읽고, 질문에 대한 답을 1부터 5까지의 선택지 중에 한 개만 골라서 대답해야 합니다.

지문 :
다음 글을 읽고 물음에 답하시오.
[중모리] 그때에 사슴이 발론하되 근래 인간이 하 무서워 짐승을 
잡아먹기 온갖 꾀가 다 생기고 산중에 수목이 없어 은신할 곳 
없어지니 각기 의견 들어 보면 방책이 있을런가 이 모임을 
했사오니 수령님의 좋은 꾀를 일러 주옵소서
[아니리] 호랑이가 수령 말을 듣더니마는 거두룸을 피우며 오늘은 
노소고하를 막론하고 자세히 말해 보라 토끼가 여짜오되
[자진모리] 사냥개라 허는 것은 같은 우리 모족(毛族)으로 사람
집에 기식허니 제 무슨 아첨으로 내 잘 맡는 자랑허여 심산궁곡 
층암절벽 찾고 찾어 들어와 동제 간 살해만 허니 수령님 이후
로는 사냥개를 있는 대로 다 잡어 잡수오면 그 덕이 모든 
금수에게 미치오리다
[아니리] 호랑이 듣더니만 다 잡어 먹었으면 네 원통함도 풀고 
나도 배부른 꼴을 보련마는 일등 포수가 따러다녀 어설피 
물랴다가 조총에 불이 번듯 탄환이 쑥 나오면 거 내 신세는 
어쩔 것이냐
그때에 별주부 저기 토 선생 계시오 부른다는 것이 수로 팔천 
리를 아래턱으로 밀고 오자니 아래턱이 빳빳허여 토 자가 살짝 
늘어져 호 자로 되였것다 저기 호 생원 계시오 불러 놓으니 
첩첩산중 호랑이가 생원 말 듣기는 제 평생 처음이라 ⓐ[반기
듣고](ⓐ의 밑줄) 내려오는듸
[엇모리] 범 내려온다 범이 내려온다 송림 깊은 골로 한 짐승이 
내려온다 누에머리를 흔들며 양 귀 찢어지고 몸은 얼숭덜숭 
꼬리는 잔득 한 발이 남고 동아 같은 뒷다리 전동 같은 앞다리 
새낫 같은 발톱으로 엄동설한 백설 격으로 잔디 뿌리 왕모래를 
좌르르르 흩으며 주홍 같은 입 벌리고 홍행행 허는 소리 산천이 
진동하고 강산이 뒤눕고 땅이 뚝 꺼지난 듯 자라가 ⓑ[깜짝
놀래여](ⓑ의 밑줄) 목을 움치고 가만히 엎졌을 제
[아니리] 호랑이가 척 내려와 이것 무엇인고 이리 보아도 둥굴
둥굴 저리 보아도 둥굴 둥굴아 하고 불러도 대답이 없것다 
옳다 이것 한 입가심 허여 볼까
자라가 ⓒ[깜짝 놀래여](ⓒ의 밑줄) 여보 당신이 뉘라 허시오
호랑이 깜짝 놀래 에끼 이것 보아라 도리줌치 속에 배암 잡어 
넣어 놓은 것같이 생긴 것이 인사성은 밝네 나는 ㉠[이 산중](㉠의 밑줄)
지키는 호 생원 어른이로다
자라가 호랑이란 말을 듣고서 겁짐에 바로 일러 나는 명색이 
자라 새끼요
[중모리] 호랑이 ⓓ[반기 듣고](ⓓ의 밑줄) 얼시구나 좋을시고 내 평생에
원하기를 왕배탕이 원일러니 오늘날 만났구나 맛진 진미를 
먹어 보자 으르르르앙 허고 달려드니 자라 듣고 깜짝 놀래여 
아이고 내 자라 아니요 이놈 그러면 무엇인고 내가 두꺼비요 
두꺼비 같으면 더욱 좋다 너를 산 채로 불에 살라 술에 타 
먹었으면 만병회춘 명약이라니 너를 먹으리라 아이고 내 남생
이요 남생이 같으면 더욱 좋다 습기에는 제일이라 허니 너를 
산 채로 먹으리라
[아니리] 별주부 듣고 기가 막혀 이 급살 맞어 죽을 놈이 동의
보감을 얼마나 통달허였는지 보는 대로 약 취해 먹기로만 드니 
기왕 죽을 바에는 속임수나 한번 써 보고 죽을 밖에 없구나 
허고 목을 길게 내놓으며 네 이놈 호랑아 내 목 나간다
호랑이 ⓔ[깜짝 놀래](ⓔ의 밑줄) 에끼 이것 목 나온다 고만 나오시오 하루
수천 발 나오겠소 대체 당신 명색이 무엇이오
나는 수국 전옥주부 공신 사대손 별주부 별나리로다 이놈 
내 목 이 모양 된 내력을 들어 보아라
[자진모리] 우리 ㉡[수궁](㉡의 밑줄) 퇴락허여 영덕전 새로 질 제 일천팔백
칸 기와를 내 손으로 올리다가 추녀 끝에 뚝 떨어져 목으로 
잘칵 꺼꾸러져 이 모양이 되얏기로 명의다려 문의한즉 호랑이 
쓸개를 열 보만 먹으면 목이 즉효헌다기로 우리 수궁 도리랑
귀신 잡어 타고 호랑이 사냥을 나왔더니 쓸개 한 보 못 주겠
느냐 도리랑귀신 게 있느냐 이 호랑이 배 갈라라 앞으로 기어
들며 도리랑 도리랑 허고 달려들어 호랑이 아랫도리를 꽉 물고 
뺑 돌아 놓으니
[아니리] 호랑이 ⓕ[질색허여](ⓕ의 밑줄) 아이고 별나리 이것 좀 놓아주시오
이놈 잔말 말고 쓸개만 내놓아라 호랑이 그 육중헌 놈이 자라
에게 매달려 애걸을 허는듸
[중모리] 별나리 전에 비나이다 나는 오대독신으로 오십이 다 
되도록 슬하 일점혈육이 없소 만일 내가 죽게 되면 선영에 
죄가 망극허오 차라리 내 왼눈이나 하나 빼 잡수시오 이놈 잔말 
말고 쓸개만 내놔라 여기만 놓아주면 당장에 쓸개를 드리리다
[아니리] 별주부 가만히 생각한즉 쓸개 주겠다고 놓아 달라는 
것이 얼주검이 된 모양이라 꽉 물었던 호랑이 아랫도리를 
슬그머니 늦춰 놓으니
[휘모리] 호랑이 몽그랏다 후다닥 뛰어갈 제 급한 난리 화살 
닫듯 조총에서 철환 닫듯 오림에서 조조 닫듯 산을 넘고 바다 
건너 홀연히 간 곳 없네
[아니리] 전라도 해남에서 냅다 뛴 놈이 의주 압록강 가에서 
숨을 내쉬고 한편을 살펴보는데 남생이 한 마리가 뾰쪼롬허고 
내다보니 별주부로 알았것다 에끼 저놈 그 새 저기 쫓아왔구나 
게서 또 후다닥 빼 놓은 것이 함경도 ㉢[세수람 고개](㉢의 밑줄)에다 덜럼
올라앉어 장담을 허것다 내 용맹이나 된 게 여기까지 살아왔지 
잡놈 같았으면 하마 그놈 뱃속에 굳었으렷다
- 작자 미상, ｢수궁가｣-


질문 :
질문 :
ⓐ～ⓕ에 대한 설명으로 가장 적절한 것은?
    
선택지 :
1번 - ⓐ와 ⓑ는 각기 다른 주체가 예의를 갖춘 상대의 태도에 대해 보인 반응이다.
2번 - ⓑ와 ⓒ는 동일한 주체가 상대의 당황하는 모습에 대해 보인 반응이다.
3번 - ⓒ와 ⓕ는 각기 다른 주체가 상대의 말이나 행동으로 인해 생긴 위기 상황에서 보인 반응이다.
4번 - ⓓ와 ⓔ는 동일한 주체가 자신의 숙원이 성취될 수 있음을 확인하면서 보인 반응이다.
5번 - ⓔ와 ⓕ는 동일한 주체가 상대의 예상 밖 제안에 대해 보인 반응이다.


문제를 풀이할 때, 반드시 지문을 참고하세요. 문제는 무조건 1개의 정답만 있습니다. 문제를 풀이할 때 모든 선택지들을 검토하세요.
먼저 문제를 이해하고, 문제 해결을 위하여 계획을 세워보세요.
그 다음, 문제를 해결하기 위해 그 계획에 따라 단계별로 실행하세요.

다음의 형식을 따라 답변하세요.
1번: (선택지 1번에 대한 답변) + ""(지문 속 근거가 된 문장)""
2번: (선택지 2번에 대한 답변) + ""(지문 속 근거가 된 문장)""
3번: (선택지 3번에 대한 답변) + ""(지문 속 근거가 된 문장)""
4번: (선택지 4번에 대한 답변) + ""(지문 속 근거가 된 문장)""
5번: (선택지 5번에 대한 답변) + ""(지문 속 근거가 된 문장)""
최종 정답: (최종 정답)

정답 :
",['3(2)'],"1번: ⓐ는 호랑이가 별주부를 처음 만났을 때 보인 긍정적인 반응이고, ⓑ는 자라가 호랑이의 등장에 놀라 움츠러든 모습이므로, 각기 다른 주체가 예의를 갖춘 상대의 태도에 대해 보인 반응이라고 할 수 없습니다. ""첩첩산중 호랑이가 생원 말 듣기는 제 평생 처음이라 반기 듣고 내려오는듸"", ""자라가 깜짝 놀래여 목을 움치고 가만히 엎졌을 제""

2번: ⓑ와 ⓒ는 모두 자라가 호랑이의 등장에 놀라 보인 반응입니다. 그러나 상대의 당황하는 모습에 대한 반응이라고 보기는 어렵습니다. ""자라가 깜짝 놀래여 목을 움치고 가만히 엎졌을 제"", ""자라가 깜짝 놀래여 여보 당신이 뉘라 허시오""

3번: ⓒ는 자라가 호랑이의 위협적인 말에 놀라 반응한 것이고, ⓕ는 호랑이가 별주부에게 아랫도리를 물려 고통스러워하며 보인 반응이므로, 각기 다른 주체가 상대의 말이나 행동으로 인해 생긴 위기 상황에서 보인 반응이라고 할 수 있습니다. ""자라가 깜짝 놀래여 여보 당신이 뉘라 허시오"", ""호랑이 질색허여 아이고 별나리 이것 좀 놓아주시오""

4번: ⓓ는 호랑이가 왕배탕(자라)을 만날 기회에 기뻐하는 반응이고, ⓔ는 호랑이가 자라의 예상치 못한 말에 놀라는 반응이므로, 동일한 주체가 자신의 숙원이 성취될 수 있음을 확인하면서 보인 반응이라고 할 수 없습니다. ""호랑이 반기 듣고 얼시구나 좋을시고 내 평생에 원하기를 왕배탕이 원일러니 오늘날 만났구나"", ""호랑이 깜짝 놀래 에끼 이것 목 나온다 고만 나오시오""

5번: ⓔ는 호랑이가 자라가 목을 내미는 예상 밖 행동에 놀란 반응이고, ⓕ는 호랑이가 별주부에게 아랫도리를 물려 고통스러워하며 보인 반응입니다. 따라서 동일한 주체가 상대의 예상 밖 제안에 대해 보인 반응이라고 할 수 없습니다. ""호랑이 깜짝 놀래 에끼 이것 목 나온다 고만 나오시오"", ""호랑이 질색허여 아이고 별나리 이것 좀 놓아주시오""

최종 정답: 3
",2
2026_11_KICE_18-21_3,['2(3)'],"국어 시험 문제를 푸는 대한민국의 똑똑한 고3 수험생으로서 위의 요약을 바탕으로 다음 문제의 답을 구하세요.
지문을 읽고, 질문에 대한 답을 1부터 5까지의 선택지 중에 한 개만 골라서 대답해야 합니다.

지문 :
다음 글을 읽고 물음에 답하시오.
[중모리] 그때에 사슴이 발론하되 근래 인간이 하 무서워 짐승을 
잡아먹기 온갖 꾀가 다 생기고 산중에 수목이 없어 은신할 곳 
없어지니 각기 의견 들어 보면 방책이 있을런가 이 모임을 
했사오니 수령님의 좋은 꾀를 일러 주옵소서
[아니리] 호랑이가 수령 말을 듣더니마는 거두룸을 피우며 오늘은 
노소고하를 막론하고 자세히 말해 보라 토끼가 여짜오되
[자진모리] 사냥개라 허는 것은 같은 우리 모족(毛族)으로 사람
집에 기식허니 제 무슨 아첨으로 내 잘 맡는 자랑허여 심산궁곡 
층암절벽 찾고 찾어 들어와 동제 간 살해만 허니 수령님 이후
로는 사냥개를 있는 대로 다 잡어 잡수오면 그 덕이 모든 
금수에게 미치오리다
[아니리] 호랑이 듣더니만 다 잡어 먹었으면 네 원통함도 풀고 
나도 배부른 꼴을 보련마는 일등 포수가 따러다녀 어설피 
물랴다가 조총에 불이 번듯 탄환이 쑥 나오면 거 내 신세는 
어쩔 것이냐
그때에 별주부 저기 토 선생 계시오 부른다는 것이 수로 팔천 
리를 아래턱으로 밀고 오자니 아래턱이 빳빳허여 토 자가 살짝 
늘어져 호 자로 되였것다 저기 호 생원 계시오 불러 놓으니 
첩첩산중 호랑이가 생원 말 듣기는 제 평생 처음이라 ⓐ[반기
듣고](ⓐ의 밑줄) 내려오는듸
[엇모리] 범 내려온다 범이 내려온다 송림 깊은 골로 한 짐승이 
내려온다 누에머리를 흔들며 양 귀 찢어지고 몸은 얼숭덜숭 
꼬리는 잔득 한 발이 남고 동아 같은 뒷다리 전동 같은 앞다리 
새낫 같은 발톱으로 엄동설한 백설 격으로 잔디 뿌리 왕모래를 
좌르르르 흩으며 주홍 같은 입 벌리고 홍행행 허는 소리 산천이 
진동하고 강산이 뒤눕고 땅이 뚝 꺼지난 듯 자라가 ⓑ[깜짝
놀래여](ⓑ의 밑줄) 목을 움치고 가만히 엎졌을 제
[아니리] 호랑이가 척 내려와 이것 무엇인고 이리 보아도 둥굴
둥굴 저리 보아도 둥굴 둥굴아 하고 불러도 대답이 없것다 
옳다 이것 한 입가심 허여 볼까
자라가 ⓒ[깜짝 놀래여](ⓒ의 밑줄) 여보 당신이 뉘라 허시오
호랑이 깜짝 놀래 에끼 이것 보아라 도리줌치 속에 배암 잡어 
넣어 놓은 것같이 생긴 것이 인사성은 밝네 나는 ㉠[이 산중](㉠의 밑줄)
지키는 호 생원 어른이로다
자라가 호랑이란 말을 듣고서 겁짐에 바로 일러 나는 명색이 
자라 새끼요
[중모리] 호랑이 ⓓ[반기 듣고](ⓓ의 밑줄) 얼시구나 좋을시고 내 평생에
원하기를 왕배탕이 원일러니 오늘날 만났구나 맛진 진미를 
먹어 보자 으르르르앙 허고 달려드니 자라 듣고 깜짝 놀래여 
아이고 내 자라 아니요 이놈 그러면 무엇인고 내가 두꺼비요 
두꺼비 같으면 더욱 좋다 너를 산 채로 불에 살라 술에 타 
먹었으면 만병회춘 명약이라니 너를 먹으리라 아이고 내 남생
이요 남생이 같으면 더욱 좋다 습기에는 제일이라 허니 너를 
산 채로 먹으리라
[아니리] 별주부 듣고 기가 막혀 이 급살 맞어 죽을 놈이 동의
보감을 얼마나 통달허였는지 보는 대로 약 취해 먹기로만 드니 
기왕 죽을 바에는 속임수나 한번 써 보고 죽을 밖에 없구나 
허고 목을 길게 내놓으며 네 이놈 호랑아 내 목 나간다
호랑이 ⓔ[깜짝 놀래](ⓔ의 밑줄) 에끼 이것 목 나온다 고만 나오시오 하루
수천 발 나오겠소 대체 당신 명색이 무엇이오
나는 수국 전옥주부 공신 사대손 별주부 별나리로다 이놈 
내 목 이 모양 된 내력을 들어 보아라
[자진모리] 우리 ㉡[수궁](㉡의 밑줄) 퇴락허여 영덕전 새로 질 제 일천팔백
칸 기와를 내 손으로 올리다가 추녀 끝에 뚝 떨어져 목으로 
잘칵 꺼꾸러져 이 모양이 되얏기로 명의다려 문의한즉 호랑이 
쓸개를 열 보만 먹으면 목이 즉효헌다기로 우리 수궁 도리랑
귀신 잡어 타고 호랑이 사냥을 나왔더니 쓸개 한 보 못 주겠
느냐 도리랑귀신 게 있느냐 이 호랑이 배 갈라라 앞으로 기어
들며 도리랑 도리랑 허고 달려들어 호랑이 아랫도리를 꽉 물고 
뺑 돌아 놓으니
[아니리] 호랑이 ⓕ[질색허여](ⓕ의 밑줄) 아이고 별나리 이것 좀 놓아주시오
이놈 잔말 말고 쓸개만 내놓아라 호랑이 그 육중헌 놈이 자라
에게 매달려 애걸을 허는듸
[중모리] 별나리 전에 비나이다 나는 오대독신으로 오십이 다 
되도록 슬하 일점혈육이 없소 만일 내가 죽게 되면 선영에 
죄가 망극허오 차라리 내 왼눈이나 하나 빼 잡수시오 이놈 잔말 
말고 쓸개만 내놔라 여기만 놓아주면 당장에 쓸개를 드리리다
[아니리] 별주부 가만히 생각한즉 쓸개 주겠다고 놓아 달라는 
것이 얼주검이 된 모양이라 꽉 물었던 호랑이 아랫도리를 
슬그머니 늦춰 놓으니
[휘모리] 호랑이 몽그랏다 후다닥 뛰어갈 제 급한 난리 화살 
닫듯 조총에서 철환 닫듯 오림에서 조조 닫듯 산을 넘고 바다 
건너 홀연히 간 곳 없네
[아니리] 전라도 해남에서 냅다 뛴 놈이 의주 압록강 가에서 
숨을 내쉬고 한편을 살펴보는데 남생이 한 마리가 뾰쪼롬허고 
내다보니 별주부로 알았것다 에끼 저놈 그 새 저기 쫓아왔구나 
게서 또 후다닥 빼 놓은 것이 함경도 ㉢[세수람 고개](㉢의 밑줄)에다 덜럼
올라앉어 장담을 허것다 내 용맹이나 된 게 여기까지 살아왔지 
잡놈 같았으면 하마 그놈 뱃속에 굳었으렷다
- 작자 미상, ｢수궁가｣-


질문 :
질문 :
다음에 제시된 선생님의 설명을 참고하여 윗글을 감상한 내용으로 적절하지 않은 것은? [3점]
    
선택지 :
1번 - ‘사냥개’에 대한 토끼의 평가에서, 현실에서 사냥개가 사람에게 길들여진 것을 우화 속 상황에 중첩함으로써 강자의 환심을 사 이익을 얻는 인간에 대한 비판이 드러남을 알 수 있군.
2번 - 자라가 ‘동의보감’을 떠올린 데서, 현실의 의서를 우화 속 상황에 중첩함으로써 명약을 탐하는 속내를 지식을 내세워 숨기는 위선적 인간에 대한 비판이 드러남을 알 수 있군.
3번 - ‘포수’에 대한 호랑이의 태도에서, 현실의 인간이 지닌 힘을 우화 속 인물들의 위계질서에 중첩함으로써 권력자가 상대에 대한 두려움을 보여 위신을 잃는 상황이 강조됨을 알 수 있군.
4번 - 호랑이가 ‘선영’을 언급한 데서, 현실의 윤리를 우화 속 인물이 내세운 구실에 중첩함으로써 자손의 도리를 말하며 곤란한 처지를 벗어나려는 인물의 절박한 상황이 강조됨을 알 수 있군.
5번 - 호랑이가 ‘해남’에서 ‘압록강 가’까지 뛴 데서, 현실의 지명을 우화 속 공간에 중첩함으로써 실제라면 단숨에 닿기 불가능한 거리를 이동하는 상황이 과장되게 표현된 것임을 알 수 있군.

<보기>
선생님: ｢수궁가｣는 우화에서 판소리 사설로 발전한 작품
입니다. 동물들이 인물로 등장하는 우화 속 세상에 청중의 
현실 속 다양한 요소를 중첩하는 방식으로 이야기의 변모가 
이루어졌어요. 이로써 부정적 면모를 지닌 다양한 인간에 
대한 비판을 드러내거나, 현실감을 부여하여 인물이 처한 
상황을 강조하거나, 현실이라면 불가능한 상황을 가능한 
것으로 과장되게 표현하여 청중의 흥미를 높였어요.


문제를 풀이할 때, 반드시 지문을 참고하세요. 문제는 무조건 1개의 정답만 있습니다. 문제를 풀이할 때 모든 선택지들을 검토하세요.
먼저 문제를 이해하고, 문제 해결을 위하여 계획을 세워보세요.
그 다음, 문제를 해결하기 위해 그 계획에 따라 단계별로 실행하세요.

다음의 형식을 따라 답변하세요.
1번: (선택지 1번에 대한 답변) + ""(지문 속 근거가 된 문장)""
2번: (선택지 2번에 대한 답변) + ""(지문 속 근거가 된 문장)""
3번: (선택지 3번에 대한 답변) + ""(지문 속 근거가 된 문장)""
4번: (선택지 4번에 대한 답변) + ""(지문 속 근거가 된 문장)""
5번: (선택지 5번에 대한 답변) + ""(지문 속 근거가 된 문장)""
최종 정답: (최종 정답)

정답 :
",['2(3)'],"1번: 적절함 + ""사냥개라 허는 것은 같은 우리 모족(毛族)으로 사람 집에 기식허니 제 무슨 아첨으로 내 잘 맡는 자랑허여 심산궁곡 층암절벽 찾고 찾어 들어와 동제 간 살해만 허니""
2번: 적절함 + ""이 급살 맞어 죽을 놈이 동의보감을 얼마나 통달허였는지 보는 대로 약 취해 먹기로만 드니""
3번: 적절함 + ""일등 포수가 따러다녀 어설피 물랴다가 조총에 불이 번듯 탄환이 쑥 나오면 거 내 신세는 어쩔 것이냐""
4번: 적절함 + ""나는 오대독신으로 오십이 다 되도록 슬하 일점혈육이 없소 만일 내가 죽게 되면 선영에 죄가 망극허오""
5번: 적절하지 않음 + ""전라도 해남에서 냅다 뛴 놈이 의주 압록강 가에서 숨을 내쉬고 한편을 살펴보는데 남생이 한 마리가 뾰쪼롬허고 내다보니 별주부로 알았것다 에끼 저놈 그 새 저기 쫓아왔구나 게서 또 후다닥 빼 놓은 것이 함경도 세수람 고개에다 덜럼 올라앉어 장담을 허것다"" (해남에서 압록강, 세수람 고개까지 단숨에 이동하는 상황이 과장된 것은 맞지만, 문제에서 '실제라면 단숨에 닿기 불가능한 거리를 이동하는 상황'이라고 언급했는데, 이는 현실의 지리적 거리를 고려할 때 과장된 표현임을 보여주는 것이지, 그 거리가 실제 '단숨에 닿기 불가능'한 거리인지는 알 수 없음. 즉, 과장의 정도에 대한 해석이 다를 수 있음. 또한, 5번 선택지는 과장의 이유를 '청중의 흥미를 높였'기 때문이라고 설명했는데, 지문에는 이러한 이유가 명확하게 드러나 있지 않음. 오히려 호랑이의 허풍과 용맹을 과시하려는 의도로 해석될 여지도 있음.)

최종 정답: 5
",0
2026_11_KICE_22-26_0,['5(2)'],"국어 시험 문제를 푸는 대한민국의 똑똑한 고3 수험생으로서 위의 요약을 바탕으로 다음 문제의 답을 구하세요.
지문을 읽고, 질문에 대한 답을 1부터 5까지의 선택지 중에 한 개만 골라서 대답해야 합니다.

지문 :
다음 글을 읽고 물음에 답하시오.
(가)
두고 온 것들이 빛나는 때가 있다
빛나는 때를 위해 소금을 뿌리며
우리는 이 저녁을 떠돌고 있는가
사방을 둘러보아도
등불 하나 켜 든 이 보이지 않고
등불 뒤에 속삭이며 밤을 지키는
발자국 소리 들리지 않는다
잊혀진 목소리가 살아나는 때가 있다
잊혀진 ㉠[한 목소리](㉠의 밑줄) 잊혀진 다른 목소리의 끝을 찾아
목메이게 부르짖다 잦아드는 때가 있다
잦아드는 ㉡[외마디 소리](㉡의 밑줄)를 찾아 칼날 세우고
우리는 이 새벽길 숨가쁘게 넘고 있는가
하늘 올려보아도
함께 어둠 지새던 별 하나 눈뜨지 않는다
그래도 두고 온 것들은 빛나는가
빛을 뿜으면서 한 번은 되살아나는가
우리가 뿌린 소금들 반짝반짝 별빛이 되어
오던 길 환히 비춰 주고 있으니
- 이시영, ｢그리움｣-
(나)
감나무 잎새를 흔드는 게
어찌 ⓐ[바람](ⓐ의 밑줄)뿐이랴.
감나무 잎새를 반짝이는 게
어찌 햇살뿐이랴.
아까는 ⓑ[오색딱다구리](ⓑ의 밑줄)가
따다다닥 찍고 가더니
봐 봐, 시방은 ⓒ[청설모](ⓒ의 밑줄)가
쪼르르 타고 내려오네.
사랑이 끝났기로서니
그리움마저 사라지랴,
그 그리움 날로 자라면
주먹송이처럼 커 갈 땡감들.
때론 머리 위로 ⓓ[흰 구름](ⓓ의 밑줄) 이고
때론 온종일 ⓔ[장대비](ⓔ의 밑줄) 맞아 보게.
이별까지 나눈 마당에
기다림은 웬 것이랴만,
감나무 그늘에 평상을 놓고
그래 그래, 밤이면 잠 뒤척여
산이 우는 소리도 들어 보고
새벽이면 퍼뜩 깨어나
계곡 물소리도 들어 보게.
그 기다림 날로 익으니
서러움까지 익어선
저 짙푸른 감들, 마침내
형형 등불을 밝힐 것이라면
세상은 어찌 환하지 않으랴.
하늘은 어찌 부시지 않으랴.
- 고재종, ｢감나무 그늘 아래｣-
(다)
천지간에 만물이 소리를 내게 만드는 것은 무엇인가? 초목은 
움직이지 않으면 그 자체로 소리가 나지 않으나 바람이 불면 
소리가 난다. 그런즉 초목이 소리를 내게 하는 것은 바람이다. 
금석은 때리지 않으면 그 자체로는 소리가 나지 않으나 물건이 
때리면 소리가 난다. 그런즉 금석이 소리를 내게 하는 것은 
물건이다. 무릇 크고 작은 만물이 소리를 내는 것은 또한 반드시 
그렇게 만드는 것이 있다. 사람이 세상에 태어나면 안으로는 
오장이 있고 밖으로는 형체가 있지만 그것만으로 어찌 소리를 
내겠는가. 기(氣)가 안에 쌓이고 밖으로 드러난 뒤라야 소리가 
나는 것이다. 그런즉 사람이 소리를 내게 하는 것은 기이다.
소리는 한 가지가 아니니, 쓸모없는 소리가 있고 쓸모 있는 
소리가 있다. 재채기 소리와 코 고는 소리는 사람의 소리 가운데 
쓸모없는 것이고, 탄식하고 담소하는 소리는 사람의 소리 가운데 
쓸모 있는 것이다. 쓸모 있는 소리에는 아름다운 소리와 추한 
소리가 있다. 사람이 그 소리를 듣고 좋아하면 아름다운 소리
이고, 미워하면 추한 소리이다. 아름다운 소리에는 실상이 있는 
소리가 있고 흩어지는 소리가 있다. 입에서 나와 글로 쓰이지 
못하면 흩어지는 소리가 되고, 입에서 나와 글로 쓰이면 실상이 
있는 소리가 된다. 실상이 있는 소리에는 바른 것이 있고 삿된 
것이 있다. 또 바른 것 같으면서 삿된 것도 있고, 혹 삿된 
것 같으면서 바른 것도 있다. ㉢[사람의 소리](㉢의 밑줄)로서 남에게 듣기 
좋고, 남에게 듣기 좋아 글로 쓰이고, 글로 쓰였으면서 바름에 
합당하다면 그것을 일컬어 ㉣[좋은 소리](㉣의 밑줄)라 한다. 좋은 소리를 
내는 것은 참으로 어려운 일이구나.
최립은 좋은 소리를 내는 사람에 가깝다. 그의 문장이 비록 
완성된 것은 아니지만 그 뜻은 바름을 향한다. 그러니 학업을 
게을리하지 않는다면 바르게 되는 데 무슨 어려움이 있겠는가. 
내가 들으니 소리를 내는 만물은 그 본체가 크면 그 소리 또한 
크고, 그 본체가 작으면 그 소리 또한 작다고 한다. 최립은 소리가 
크니 그 본체가 큰 것을 알 만하다. 사람의 본체는 마음이니 그의 
마음이 가히 크다고 하겠다. 내가 또 들으니 크게 부딪치면 큰 
소리가 나며, 작게 부딪치면 작은 소리가 난다고 한다. 큰 바람이 
초목을 움직이면 천지를 뒤흔들 듯하나, 작은 바람이 불면 한 번 
살랑거림에 불과할 뿐이다. 금석을 치는 것도 또한 이와 같다. 
사람의 소리는 기가 크면 그 소리가 크게 나고 기가 작으면 
그 소리가 작게 나니, 최립의 기는 가히 크다고 하겠다.
- 이이, ｢최립에게 주는 글｣-

질문 :
질문 :
(가)～(다)에 대한 설명으로 가장 적절한 것은?
    
선택지 :
1번 - (가)는 계절을 나타내는 소재로 시적 분위기를 조성하고 있다.
2번 - (나)는 자연을 관조하며 시적 상황을 탈속적 태도로 바라보고 있다.
3번 - (다)는 글쓴이와 타인의 생각을 비교하며 세태를 비판하고 있다.
4번 - (가)와 (다)는 모두, 연쇄적 표현을 통해 주체의 태도 변화 과정을 보여 주고 있다.
5번 - (나)와 (다)는 모두, 가정적 표현을 통해 대상의 속성을 드러내고 있다.


문제를 풀이할 때, 반드시 지문을 참고하세요. 문제는 무조건 1개의 정답만 있습니다. 문제를 풀이할 때 모든 선택지들을 검토하세요.
먼저 문제를 이해하고, 문제 해결을 위하여 계획을 세워보세요.
그 다음, 문제를 해결하기 위해 그 계획에 따라 단계별로 실행하세요.

다음의 형식을 따라 답변하세요.
1번: (선택지 1번에 대한 답변) + ""(지문 속 근거가 된 문장)""
2번: (선택지 2번에 대한 답변) + ""(지문 속 근거가 된 문장)""
3번: (선택지 3번에 대한 답변) + ""(지문 속 근거가 된 문장)""
4번: (선택지 4번에 대한 답변) + ""(지문 속 근거가 된 문장)""
5번: (선택지 5번에 대한 답변) + ""(지문 속 근거가 된 문장)""
최종 정답: (최종 정답)

정답 :
",['5(2)'],"문제 해결 계획:

1. 각 선택지를 (가), (나), (다) 지문과 비교하여 적절성을 판단한다.
2. 오답인 선택지는 그 이유를 명확히 제시한다.
3. 정답인 선택지는 지문 속 근거 문장을 제시한다.

문제 해결 실행:

1번: (가)는 계절을 나타내는 소재가 명확하게 드러나지 않으며, 시적 분위기는 '그리움'과 '고독'에 가깝다. ""두고 온 것들이 빛나는 때가 있다"", ""등불 하나 켜 든 이 보이지 않고"" 등의 구절에서 계절감을 찾기 어렵다.
2번: (나)는 자연을 관조하는 태도를 보이지만, 탈속적이라고 보기는 어렵다. 오히려 그리움과 기다림이라는 정서가 드러난다. ""사랑이 끝났기로서니 / 그리움마저 사라지랴""와 같은 구절에서 이를 확인할 수 있다.
3번: (다)는 글쓴이 최립의 소리에 대한 생각을 밝히고 있지만, 타인의 생각과 비교하거나 세태를 비판하는 내용은 나타나지 않는다. 최립의 '좋은 소리'에 대한 기준을 제시하고 그 가능성을 긍정적으로 평가한다.
4번: (가)는 연쇄적 표현이라고 보기 어렵고, 주체의 태도 변화 과정을 보여준다고 단정하기도 어렵다. (다) 역시 연쇄적 표현은 사용되지 않았다.
5번: (나)에는 ""사랑이 끝났기로서니 / 그리움마저 사라지랴""와 같이 가정적 표현이 사용되어 그리움이라는 대상의 속성을 강조하고 있다. (다)에는 ""사람의 소리로서 남에게 듣기 좋고, 남에게 듣기 좋아 글로 쓰이고, 글로 쓰였으면서 바름에 합당하다면 그것을 일컬어 좋은 소리라 한다.""와 같이 가정적 표현이 사용되어 좋은 소리의 속성을 드러내고 있다.

최종 정답: 5
",2
2026_11_KICE_22-26_1,['1(3)'],"국어 시험 문제를 푸는 대한민국의 똑똑한 고3 수험생으로서 위의 요약을 바탕으로 다음 문제의 답을 구하세요.
지문을 읽고, 질문에 대한 답을 1부터 5까지의 선택지 중에 한 개만 골라서 대답해야 합니다.

지문 :
다음 글을 읽고 물음에 답하시오.
(가)
두고 온 것들이 빛나는 때가 있다
빛나는 때를 위해 소금을 뿌리며
우리는 이 저녁을 떠돌고 있는가
사방을 둘러보아도
등불 하나 켜 든 이 보이지 않고
등불 뒤에 속삭이며 밤을 지키는
발자국 소리 들리지 않는다
잊혀진 목소리가 살아나는 때가 있다
잊혀진 ㉠[한 목소리](㉠의 밑줄) 잊혀진 다른 목소리의 끝을 찾아
목메이게 부르짖다 잦아드는 때가 있다
잦아드는 ㉡[외마디 소리](㉡의 밑줄)를 찾아 칼날 세우고
우리는 이 새벽길 숨가쁘게 넘고 있는가
하늘 올려보아도
함께 어둠 지새던 별 하나 눈뜨지 않는다
그래도 두고 온 것들은 빛나는가
빛을 뿜으면서 한 번은 되살아나는가
우리가 뿌린 소금들 반짝반짝 별빛이 되어
오던 길 환히 비춰 주고 있으니
- 이시영, ｢그리움｣-
(나)
감나무 잎새를 흔드는 게
어찌 ⓐ[바람](ⓐ의 밑줄)뿐이랴.
감나무 잎새를 반짝이는 게
어찌 햇살뿐이랴.
아까는 ⓑ[오색딱다구리](ⓑ의 밑줄)가
따다다닥 찍고 가더니
봐 봐, 시방은 ⓒ[청설모](ⓒ의 밑줄)가
쪼르르 타고 내려오네.
사랑이 끝났기로서니
그리움마저 사라지랴,
그 그리움 날로 자라면
주먹송이처럼 커 갈 땡감들.
때론 머리 위로 ⓓ[흰 구름](ⓓ의 밑줄) 이고
때론 온종일 ⓔ[장대비](ⓔ의 밑줄) 맞아 보게.
이별까지 나눈 마당에
기다림은 웬 것이랴만,
감나무 그늘에 평상을 놓고
그래 그래, 밤이면 잠 뒤척여
산이 우는 소리도 들어 보고
새벽이면 퍼뜩 깨어나
계곡 물소리도 들어 보게.
그 기다림 날로 익으니
서러움까지 익어선
저 짙푸른 감들, 마침내
형형 등불을 밝힐 것이라면
세상은 어찌 환하지 않으랴.
하늘은 어찌 부시지 않으랴.
- 고재종, ｢감나무 그늘 아래｣-
(다)
천지간에 만물이 소리를 내게 만드는 것은 무엇인가? 초목은 
움직이지 않으면 그 자체로 소리가 나지 않으나 바람이 불면 
소리가 난다. 그런즉 초목이 소리를 내게 하는 것은 바람이다. 
금석은 때리지 않으면 그 자체로는 소리가 나지 않으나 물건이 
때리면 소리가 난다. 그런즉 금석이 소리를 내게 하는 것은 
물건이다. 무릇 크고 작은 만물이 소리를 내는 것은 또한 반드시 
그렇게 만드는 것이 있다. 사람이 세상에 태어나면 안으로는 
오장이 있고 밖으로는 형체가 있지만 그것만으로 어찌 소리를 
내겠는가. 기(氣)가 안에 쌓이고 밖으로 드러난 뒤라야 소리가 
나는 것이다. 그런즉 사람이 소리를 내게 하는 것은 기이다.
소리는 한 가지가 아니니, 쓸모없는 소리가 있고 쓸모 있는 
소리가 있다. 재채기 소리와 코 고는 소리는 사람의 소리 가운데 
쓸모없는 것이고, 탄식하고 담소하는 소리는 사람의 소리 가운데 
쓸모 있는 것이다. 쓸모 있는 소리에는 아름다운 소리와 추한 
소리가 있다. 사람이 그 소리를 듣고 좋아하면 아름다운 소리
이고, 미워하면 추한 소리이다. 아름다운 소리에는 실상이 있는 
소리가 있고 흩어지는 소리가 있다. 입에서 나와 글로 쓰이지 
못하면 흩어지는 소리가 되고, 입에서 나와 글로 쓰이면 실상이 
있는 소리가 된다. 실상이 있는 소리에는 바른 것이 있고 삿된 
것이 있다. 또 바른 것 같으면서 삿된 것도 있고, 혹 삿된 
것 같으면서 바른 것도 있다. ㉢[사람의 소리](㉢의 밑줄)로서 남에게 듣기 
좋고, 남에게 듣기 좋아 글로 쓰이고, 글로 쓰였으면서 바름에 
합당하다면 그것을 일컬어 ㉣[좋은 소리](㉣의 밑줄)라 한다. 좋은 소리를 
내는 것은 참으로 어려운 일이구나.
최립은 좋은 소리를 내는 사람에 가깝다. 그의 문장이 비록 
완성된 것은 아니지만 그 뜻은 바름을 향한다. 그러니 학업을 
게을리하지 않는다면 바르게 되는 데 무슨 어려움이 있겠는가. 
내가 들으니 소리를 내는 만물은 그 본체가 크면 그 소리 또한 
크고, 그 본체가 작으면 그 소리 또한 작다고 한다. 최립은 소리가 
크니 그 본체가 큰 것을 알 만하다. 사람의 본체는 마음이니 그의 
마음이 가히 크다고 하겠다. 내가 또 들으니 크게 부딪치면 큰 
소리가 나며, 작게 부딪치면 작은 소리가 난다고 한다. 큰 바람이 
초목을 움직이면 천지를 뒤흔들 듯하나, 작은 바람이 불면 한 번 
살랑거림에 불과할 뿐이다. 금석을 치는 것도 또한 이와 같다. 
사람의 소리는 기가 크면 그 소리가 크게 나고 기가 작으면 
그 소리가 작게 나니, 최립의 기는 가히 크다고 하겠다.
- 이이, ｢최립에게 주는 글｣-

질문 :
질문 :
<보기>를 참고하여 (가), (나)를 감상한 내용으로 적절하지 않은 것은? [3점]
    
선택지 :
1번 - (가)에서 ‘사방을 둘러보’며 ‘발자국 소리’가 ‘들리지 않’음을 확인하는 것은, ‘밤을 지키는’ 이의 눈을 피해 다니며 그리운 존재를 찾고 있는 암울한 현실 상황을 보여 주는군.
2번 - (가)에서 ‘오던 길’을 ‘소금들’이 ‘환히 비춰 주’는 것은, ‘두고 온 것들’이 되살아날 미래를 기대하게 한다는 점에서 빛의 회복에 대한 소망이 실현될 수 있음을 암시하겠군.
3번 - (나)에서 ‘반짝’이는 ‘잎새’와 ‘그늘’을 함께 지닌 ‘감나무’ 아래에 ‘평상을 놓’는 것은, 밝음과 어두움이 어우러져 있는 자연에서 내면에 대한 성찰을 이어 가고 있음을 나타내는군.
4번 - (가)에서 ‘별 하나 눈뜨지 않’는 밤은 함께하던 이가 보이지 않는 상실의 상황을, (나)에서 ‘잠 뒤척’이는 ‘밤’은 마음이 감처럼 ‘익어’ 가는 데 필요한 성숙의 시간을 의미하겠군.
5번 - (가)에서 ‘빛나는 때를 위해’ ‘저녁’부터 ‘새벽’까지 길을 걷는 행동과, (나)에서 ‘짙푸른 감들’이 ‘등불을 밝힐 것’이라는 전망은 모두, 밝음이 나타날 것이라는 인식을 드러내는군.

<보기>
<보 기>
(가)와 (나)는 밝음과 어두움의 이미지를 활용하는 양상이 
서로 다르다. (가)는 연대를 상실한 암울한 현실 상황을 
어두운 밤으로 표상하고, 빛이 회복되는 미래에 대한 소망을 
드러낸다. 이러한 소망은 소금을 뿌리며 그리운 이를 찾아
다니는 행동으로 형상화된다. (나)는 자연 속에서 공존하고 
있는 명암의 이미지를 바탕으로 성숙에 대한 성찰을 드러낸다. 
이러한 성찰은 자연물과 내면을 동일시하며 시간의 흐름에 
따른 변화의 양상을 그려 내는 방식으로 나타난다.


문제를 풀이할 때, 반드시 지문을 참고하세요. 문제는 무조건 1개의 정답만 있습니다. 문제를 풀이할 때 모든 선택지들을 검토하세요.
먼저 문제를 이해하고, 문제 해결을 위하여 계획을 세워보세요.
그 다음, 문제를 해결하기 위해 그 계획에 따라 단계별로 실행하세요.

다음의 형식을 따라 답변하세요.
1번: (선택지 1번에 대한 답변) + ""(지문 속 근거가 된 문장)""
2번: (선택지 2번에 대한 답변) + ""(지문 속 근거가 된 문장)""
3번: (선택지 3번에 대한 답변) + ""(지문 속 근거가 된 문장)""
4번: (선택지 4번에 대한 답변) + ""(지문 속 근거가 된 문장)""
5번: (선택지 5번에 대한 답변) + ""(지문 속 근거가 된 문장)""
최종 정답: (최종 정답)

정답 :
",['1(3)'],"1번: 적절하지 않습니다. ""사방을 둘러보아도 등불 하나 켜 든 이 보이지 않고 등불 뒤에 속삭이며 밤을 지키는 발자국 소리 들리지 않는다""는 구절은 암울한 현실 상황을 보여주지만, '밤을 지키는 이의 눈을 피해 다닌다'는 해석은 지문에 나타나 있지 않습니다.
2번: 적절합니다. ""우리가 뿌린 소금들 반짝반짝 별빛이 되어 오던 길 환히 비춰 주고 있으니""는 '두고 온 것들'이 되살아날 미래를 기대하게 한다는 점에서 빛의 회복에 대한 소망이 실현될 수 있음을 암시합니다.
3번: 적절합니다. '감나무' 아래에 '평상을 놓'는 것은 자연 속에서 내면에 대한 성찰을 이어 가고 있음을 나타낸다고 볼 수 있습니다. 지문 전체에서 자연과 교감하며 성찰하는 태도를 엿볼 수 있습니다.
4번: 적절합니다. ""함께 어둠 지새던 별 하나 눈뜨지 않는다""는 상실의 상황을, ""밤이면 잠 뒤척여""는 마음이 감처럼 '익어' 가는 데 필요한 성숙의 시간을 의미한다고 해석할 수 있습니다.
5번: 적절합니다. (가)에서 '빛나는 때를 위해' '저녁'부터 '새벽'까지 길을 걷는 행동과, (나)에서 '짙푸른 감들'이 '등불을 밝힐 것'이라는 전망은 모두 밝음이 나타날 것이라는 인식을 드러냅니다.

최종 정답: 1
",3
2026_11_KICE_22-26_2,['4(2)'],"국어 시험 문제를 푸는 대한민국의 똑똑한 고3 수험생으로서 위의 요약을 바탕으로 다음 문제의 답을 구하세요.
지문을 읽고, 질문에 대한 답을 1부터 5까지의 선택지 중에 한 개만 골라서 대답해야 합니다.

지문 :
다음 글을 읽고 물음에 답하시오.
(가)
두고 온 것들이 빛나는 때가 있다
빛나는 때를 위해 소금을 뿌리며
우리는 이 저녁을 떠돌고 있는가
사방을 둘러보아도
등불 하나 켜 든 이 보이지 않고
등불 뒤에 속삭이며 밤을 지키는
발자국 소리 들리지 않는다
잊혀진 목소리가 살아나는 때가 있다
잊혀진 ㉠[한 목소리](㉠의 밑줄) 잊혀진 다른 목소리의 끝을 찾아
목메이게 부르짖다 잦아드는 때가 있다
잦아드는 ㉡[외마디 소리](㉡의 밑줄)를 찾아 칼날 세우고
우리는 이 새벽길 숨가쁘게 넘고 있는가
하늘 올려보아도
함께 어둠 지새던 별 하나 눈뜨지 않는다
그래도 두고 온 것들은 빛나는가
빛을 뿜으면서 한 번은 되살아나는가
우리가 뿌린 소금들 반짝반짝 별빛이 되어
오던 길 환히 비춰 주고 있으니
- 이시영, ｢그리움｣-
(나)
감나무 잎새를 흔드는 게
어찌 ⓐ[바람](ⓐ의 밑줄)뿐이랴.
감나무 잎새를 반짝이는 게
어찌 햇살뿐이랴.
아까는 ⓑ[오색딱다구리](ⓑ의 밑줄)가
따다다닥 찍고 가더니
봐 봐, 시방은 ⓒ[청설모](ⓒ의 밑줄)가
쪼르르 타고 내려오네.
사랑이 끝났기로서니
그리움마저 사라지랴,
그 그리움 날로 자라면
주먹송이처럼 커 갈 땡감들.
때론 머리 위로 ⓓ[흰 구름](ⓓ의 밑줄) 이고
때론 온종일 ⓔ[장대비](ⓔ의 밑줄) 맞아 보게.
이별까지 나눈 마당에
기다림은 웬 것이랴만,
감나무 그늘에 평상을 놓고
그래 그래, 밤이면 잠 뒤척여
산이 우는 소리도 들어 보고
새벽이면 퍼뜩 깨어나
계곡 물소리도 들어 보게.
그 기다림 날로 익으니
서러움까지 익어선
저 짙푸른 감들, 마침내
형형 등불을 밝힐 것이라면
세상은 어찌 환하지 않으랴.
하늘은 어찌 부시지 않으랴.
- 고재종, ｢감나무 그늘 아래｣-
(다)
천지간에 만물이 소리를 내게 만드는 것은 무엇인가? 초목은 
움직이지 않으면 그 자체로 소리가 나지 않으나 바람이 불면 
소리가 난다. 그런즉 초목이 소리를 내게 하는 것은 바람이다. 
금석은 때리지 않으면 그 자체로는 소리가 나지 않으나 물건이 
때리면 소리가 난다. 그런즉 금석이 소리를 내게 하는 것은 
물건이다. 무릇 크고 작은 만물이 소리를 내는 것은 또한 반드시 
그렇게 만드는 것이 있다. 사람이 세상에 태어나면 안으로는 
오장이 있고 밖으로는 형체가 있지만 그것만으로 어찌 소리를 
내겠는가. 기(氣)가 안에 쌓이고 밖으로 드러난 뒤라야 소리가 
나는 것이다. 그런즉 사람이 소리를 내게 하는 것은 기이다.
소리는 한 가지가 아니니, 쓸모없는 소리가 있고 쓸모 있는 
소리가 있다. 재채기 소리와 코 고는 소리는 사람의 소리 가운데 
쓸모없는 것이고, 탄식하고 담소하는 소리는 사람의 소리 가운데 
쓸모 있는 것이다. 쓸모 있는 소리에는 아름다운 소리와 추한 
소리가 있다. 사람이 그 소리를 듣고 좋아하면 아름다운 소리
이고, 미워하면 추한 소리이다. 아름다운 소리에는 실상이 있는 
소리가 있고 흩어지는 소리가 있다. 입에서 나와 글로 쓰이지 
못하면 흩어지는 소리가 되고, 입에서 나와 글로 쓰이면 실상이 
있는 소리가 된다. 실상이 있는 소리에는 바른 것이 있고 삿된 
것이 있다. 또 바른 것 같으면서 삿된 것도 있고, 혹 삿된 
것 같으면서 바른 것도 있다. ㉢[사람의 소리](㉢의 밑줄)로서 남에게 듣기 
좋고, 남에게 듣기 좋아 글로 쓰이고, 글로 쓰였으면서 바름에 
합당하다면 그것을 일컬어 ㉣[좋은 소리](㉣의 밑줄)라 한다. 좋은 소리를 
내는 것은 참으로 어려운 일이구나.
최립은 좋은 소리를 내는 사람에 가깝다. 그의 문장이 비록 
완성된 것은 아니지만 그 뜻은 바름을 향한다. 그러니 학업을 
게을리하지 않는다면 바르게 되는 데 무슨 어려움이 있겠는가. 
내가 들으니 소리를 내는 만물은 그 본체가 크면 그 소리 또한 
크고, 그 본체가 작으면 그 소리 또한 작다고 한다. 최립은 소리가 
크니 그 본체가 큰 것을 알 만하다. 사람의 본체는 마음이니 그의 
마음이 가히 크다고 하겠다. 내가 또 들으니 크게 부딪치면 큰 
소리가 나며, 작게 부딪치면 작은 소리가 난다고 한다. 큰 바람이 
초목을 움직이면 천지를 뒤흔들 듯하나, 작은 바람이 불면 한 번 
살랑거림에 불과할 뿐이다. 금석을 치는 것도 또한 이와 같다. 
사람의 소리는 기가 크면 그 소리가 크게 나고 기가 작으면 
그 소리가 작게 나니, 최립의 기는 가히 크다고 하겠다.
- 이이, ｢최립에게 주는 글｣-

질문 :
질문 :
 ㉠～㉣에 대한 이해로 적절하지 않은 것은?
    
선택지 :
1번 - ㉠이 ‘목메이게 부르짖’는 것과 ㉡을 찾고자 ‘숨가쁘게’ 길을 넘는 것에는 모두, 대상을 향한 간절한 마음이 드러난다.
2번 - ㉢ 중에는 쓸모는 있지만 남들이 듣고 미워하는 소리가 있는 한편, ㉣은 아니지만 남들이 듣고 좋아하는 소리도 있다.
3번 - ㉠이 잦아드는 것은 ‘다른 목소리의 끝’에 닿지 못하고 있는 상태를, ㉢이 흩어지는 것은 아름다운 소리가 글로써 실현되지 못한 상태를 의미한다.
4번 - ㉠은 ‘잊혀진’ 상태이지만 다시 ‘살아’날 수 있다고 화자가 생각하는 대상이고, ㉣은 바른 것 같으면서도 삿된 것일 수 있다고 글쓴이가 생각하는 대상이다.
5번 - ㉡을 찾기 위해 화자는 미세한 소리에도 ‘칼날’을 ‘세우’듯이 민감하게 반응하려 하고, ㉢ 중에서 담소하는 소리뿐만 아니라 탄식하는 소리도 글쓴이는 쓸모 있다고 여기고 있다.


문제를 풀이할 때, 반드시 지문을 참고하세요. 문제는 무조건 1개의 정답만 있습니다. 문제를 풀이할 때 모든 선택지들을 검토하세요.
먼저 문제를 이해하고, 문제 해결을 위하여 계획을 세워보세요.
그 다음, 문제를 해결하기 위해 그 계획에 따라 단계별로 실행하세요.

다음의 형식을 따라 답변하세요.
1번: (선택지 1번에 대한 답변) + ""(지문 속 근거가 된 문장)""
2번: (선택지 2번에 대한 답변) + ""(지문 속 근거가 된 문장)""
3번: (선택지 3번에 대한 답변) + ""(지문 속 근거가 된 문장)""
4번: (선택지 4번에 대한 답변) + ""(지문 속 근거가 된 문장)""
5번: (선택지 5번에 대한 답변) + ""(지문 속 근거가 된 문장)""
최종 정답: (최종 정답)

정답 :
",['4(2)'],"1번: 적절합니다. ㉠이 '목메이게 부르짖'는 것은 잊혀진 목소리를 찾고자 하는 간절함이며, ㉡을 찾고자 '숨가쁘게' 길을 넘는 것 또한 잦아드는 소리를 찾으려는 간절함을 드러냅니다. ""잊혀진 한 목소리 잊혀진 다른 목소리의 끝을 찾아 목메이게 부르짖다 잦아드는 때가 있다"", ""잦아드는 외마디 소리를 찾아 칼날 세우고 우리는 이 새벽길 숨가쁘게 넘고 있는가""
2번: 적절합니다. ㉢(사람의 소리) 중에는 쓸모는 있지만 남들이 듣고 미워하는 소리(예: 코 고는 소리)가 있으며, ㉣(좋은 소리)은 아니지만 남들이 듣고 좋아하는 소리도 있을 수 있습니다. ""재채기 소리와 코 고는 소리는 사람의 소리 가운데 쓸모없는 것이고, 탄식하고 담소하는 소리는 사람의 소리 가운데 쓸모 있는 것이다. 쓸모 있는 소리에는 아름다운 소리와 추한 소리가 있다. 사람이 그 소리를 듣고 좋아하면 아름다운 소리이고, 미워하면 추한 소리이다.""
3번: 적절합니다. ㉠이 잦아드는 것은 '다른 목소리의 끝'에 닿지 못하고 단절되는 상황을, ㉢이 흩어지는 것은 입 밖으로 나왔지만 글로 쓰이지 못해 소멸되는 상황을 의미합니다. ""잊혀진 한 목소리 잊혀진 다른 목소리의 끝을 찾아 목메이게 부르짖다 잦아드는 때가 있다"", ""입에서 나와 글로 쓰이지 못하면 흩어지는 소리가 되고, 입에서 나와 글로 쓰이면 실상이 있는 소리가 된다.""
4번: 적절하지 않습니다. ㉠은 화자가 다시 '살아'날 수 있다고 생각하는 대상이 맞습니다. 그러나 ㉣은 글쓴이가 바른 것 같으면서도 삿된 것일 수 있다고 생각하는 대상이 아니라, 바름에 합당해야 ㉣이 될 수 있다고 생각하는 대상입니다. ""그래도 두고 온 것들은 빛나는가 빛을 뿜으면서 한 번은 되살아나는가"", ""사람의 소리로서 남에게 듣기 좋고, 남에게 듣기 좋아 글로 쓰이고, 글로 쓰였으면서 바름에 합당하다면 그것을 일컬어 좋은 소리라 한다.""
5번: 적절합니다. ㉡을 찾기 위해 '칼날'을 '세우'듯이 민감하게 반응하려 하고, ㉢ 중에서 탄식하는 소리도 글쓴이는 쓸모 있다고 여기고 있습니다. ""잦아드는 외마디 소리를 찾아 칼날 세우고 우리는 이 새벽길 숨가쁘게 넘고 있는가"", ""재채기 소리와 코 고는 소리는 사람의 소리 가운데 쓸모없는 것이고, 탄식하고 담소하는 소리는 사람의 소리 가운데 쓸모 있는 것이다.""

최종 정답: 4
",2
2026_11_KICE_22-26_3,['4(2)'],"국어 시험 문제를 푸는 대한민국의 똑똑한 고3 수험생으로서 위의 요약을 바탕으로 다음 문제의 답을 구하세요.
지문을 읽고, 질문에 대한 답을 1부터 5까지의 선택지 중에 한 개만 골라서 대답해야 합니다.

지문 :
다음 글을 읽고 물음에 답하시오.
(가)
두고 온 것들이 빛나는 때가 있다
빛나는 때를 위해 소금을 뿌리며
우리는 이 저녁을 떠돌고 있는가
사방을 둘러보아도
등불 하나 켜 든 이 보이지 않고
등불 뒤에 속삭이며 밤을 지키는
발자국 소리 들리지 않는다
잊혀진 목소리가 살아나는 때가 있다
잊혀진 ㉠[한 목소리](㉠의 밑줄) 잊혀진 다른 목소리의 끝을 찾아
목메이게 부르짖다 잦아드는 때가 있다
잦아드는 ㉡[외마디 소리](㉡의 밑줄)를 찾아 칼날 세우고
우리는 이 새벽길 숨가쁘게 넘고 있는가
하늘 올려보아도
함께 어둠 지새던 별 하나 눈뜨지 않는다
그래도 두고 온 것들은 빛나는가
빛을 뿜으면서 한 번은 되살아나는가
우리가 뿌린 소금들 반짝반짝 별빛이 되어
오던 길 환히 비춰 주고 있으니
- 이시영, ｢그리움｣-
(나)
감나무 잎새를 흔드는 게
어찌 ⓐ[바람](ⓐ의 밑줄)뿐이랴.
감나무 잎새를 반짝이는 게
어찌 햇살뿐이랴.
아까는 ⓑ[오색딱다구리](ⓑ의 밑줄)가
따다다닥 찍고 가더니
봐 봐, 시방은 ⓒ[청설모](ⓒ의 밑줄)가
쪼르르 타고 내려오네.
사랑이 끝났기로서니
그리움마저 사라지랴,
그 그리움 날로 자라면
주먹송이처럼 커 갈 땡감들.
때론 머리 위로 ⓓ[흰 구름](ⓓ의 밑줄) 이고
때론 온종일 ⓔ[장대비](ⓔ의 밑줄) 맞아 보게.
이별까지 나눈 마당에
기다림은 웬 것이랴만,
감나무 그늘에 평상을 놓고
그래 그래, 밤이면 잠 뒤척여
산이 우는 소리도 들어 보고
새벽이면 퍼뜩 깨어나
계곡 물소리도 들어 보게.
그 기다림 날로 익으니
서러움까지 익어선
저 짙푸른 감들, 마침내
형형 등불을 밝힐 것이라면
세상은 어찌 환하지 않으랴.
하늘은 어찌 부시지 않으랴.
- 고재종, ｢감나무 그늘 아래｣-
(다)
천지간에 만물이 소리를 내게 만드는 것은 무엇인가? 초목은 
움직이지 않으면 그 자체로 소리가 나지 않으나 바람이 불면 
소리가 난다. 그런즉 초목이 소리를 내게 하는 것은 바람이다. 
금석은 때리지 않으면 그 자체로는 소리가 나지 않으나 물건이 
때리면 소리가 난다. 그런즉 금석이 소리를 내게 하는 것은 
물건이다. 무릇 크고 작은 만물이 소리를 내는 것은 또한 반드시 
그렇게 만드는 것이 있다. 사람이 세상에 태어나면 안으로는 
오장이 있고 밖으로는 형체가 있지만 그것만으로 어찌 소리를 
내겠는가. 기(氣)가 안에 쌓이고 밖으로 드러난 뒤라야 소리가 
나는 것이다. 그런즉 사람이 소리를 내게 하는 것은 기이다.
소리는 한 가지가 아니니, 쓸모없는 소리가 있고 쓸모 있는 
소리가 있다. 재채기 소리와 코 고는 소리는 사람의 소리 가운데 
쓸모없는 것이고, 탄식하고 담소하는 소리는 사람의 소리 가운데 
쓸모 있는 것이다. 쓸모 있는 소리에는 아름다운 소리와 추한 
소리가 있다. 사람이 그 소리를 듣고 좋아하면 아름다운 소리
이고, 미워하면 추한 소리이다. 아름다운 소리에는 실상이 있는 
소리가 있고 흩어지는 소리가 있다. 입에서 나와 글로 쓰이지 
못하면 흩어지는 소리가 되고, 입에서 나와 글로 쓰이면 실상이 
있는 소리가 된다. 실상이 있는 소리에는 바른 것이 있고 삿된 
것이 있다. 또 바른 것 같으면서 삿된 것도 있고, 혹 삿된 
것 같으면서 바른 것도 있다. ㉢[사람의 소리](㉢의 밑줄)로서 남에게 듣기 
좋고, 남에게 듣기 좋아 글로 쓰이고, 글로 쓰였으면서 바름에 
합당하다면 그것을 일컬어 ㉣[좋은 소리](㉣의 밑줄)라 한다. 좋은 소리를 
내는 것은 참으로 어려운 일이구나.
최립은 좋은 소리를 내는 사람에 가깝다. 그의 문장이 비록 
완성된 것은 아니지만 그 뜻은 바름을 향한다. 그러니 학업을 
게을리하지 않는다면 바르게 되는 데 무슨 어려움이 있겠는가. 
내가 들으니 소리를 내는 만물은 그 본체가 크면 그 소리 또한 
크고, 그 본체가 작으면 그 소리 또한 작다고 한다. 최립은 소리가 
크니 그 본체가 큰 것을 알 만하다. 사람의 본체는 마음이니 그의 
마음이 가히 크다고 하겠다. 내가 또 들으니 크게 부딪치면 큰 
소리가 나며, 작게 부딪치면 작은 소리가 난다고 한다. 큰 바람이 
초목을 움직이면 천지를 뒤흔들 듯하나, 작은 바람이 불면 한 번 
살랑거림에 불과할 뿐이다. 금석을 치는 것도 또한 이와 같다. 
사람의 소리는 기가 크면 그 소리가 크게 나고 기가 작으면 
그 소리가 작게 나니, 최립의 기는 가히 크다고 하겠다.
- 이이, ｢최립에게 주는 글｣-

질문 :
질문 :
ⓐ～ⓔ를 중심으로 (나)를 이해한 내용으로 가장 적절한 것은?
    
선택지 :
1번 - 화자는 ⓐ가 흔드는 것이 감나무 잎새뿐이라고 여기다가 ⓑ를 보며 그 생각을 바로잡고 있다.
2번 - 화자는 ⓑ가 내는 소리와 ⓒ의 움직임을 통해 감나무 열매가 충분히 익은 상태임을 짐작하고 있다.
3번 - 화자는 ⓑ와 ⓒ가 감나무에서 만났다가 한순간에 헤어지는 것을 보며 자신의 사랑이 끝났음을 떠올리고 있다.
4번 - 화자는 감나무 열매가 자라는 과정에서 ⓓ를 만나기도 하고 ⓔ를 만나기도 하는 일이 유의미하다고 여기고 있다.
5번 - 화자는 ⓑ와 ⓒ가 감나무를 떠난 후에 ⓓ와 ⓔ가 오는 것을 보며 머지않아 새로운 사랑이 시작될 것을 기대하고 있다.


문제를 풀이할 때, 반드시 지문을 참고하세요. 문제는 무조건 1개의 정답만 있습니다. 문제를 풀이할 때 모든 선택지들을 검토하세요.
먼저 문제를 이해하고, 문제 해결을 위하여 계획을 세워보세요.
그 다음, 문제를 해결하기 위해 그 계획에 따라 단계별로 실행하세요.

다음의 형식을 따라 답변하세요.
1번: (선택지 1번에 대한 답변) + ""(지문 속 근거가 된 문장)""
2번: (선택지 2번에 대한 답변) + ""(지문 속 근거가 된 문장)""
3번: (선택지 3번에 대한 답변) + ""(지문 속 근거가 된 문장)""
4번: (선택지 4번에 대한 답변) + ""(지문 속 근거가 된 문장)""
5번: (선택지 5번에 대한 답변) + ""(지문 속 근거가 된 문장)""
최종 정답: (최종 정답)

정답 :
",['4(2)'],"문제 해결 계획:

1. 각 선택지를 꼼꼼하게 읽고, 선택지가 제시하는 (나) 시의 내용 해석이 적절한지 판단한다.
2. 각 선택지에서 언급된 시어(ⓐ~ⓔ)와 관련된 시구들을 중심으로 지문을 다시 읽으며 선택지의 해석이 지문의 내용과 일치하는지 확인한다.
3. 지문 내용을 바탕으로 가장 적절한 해석을 제시하는 선택지를 고른다.

문제 해결 실행:

1번: 화자는 ⓐ가 흔드는 것이 감나무 잎새뿐이라고 여기다가 ⓑ를 보며 그 생각을 바로잡고 있다. + ""감나무 잎새를 흔드는 게 / 어찌 바람뿐이랴."" 이 구절에서 화자는 바람 뿐만이 아니라고 말하고 있으므로 틀린 설명이다.

2번: 화자는 ⓑ가 내는 소리와 ⓒ의 움직임을 통해 감나무 열매가 충분히 익은 상태임을 짐작하고 있다. + 지문 어디에도 열매가 익은 상태를 짐작한다는 내용은 없다.

3번: 화자는 ⓑ와 ⓒ가 감나무에서 만났다가 한순간에 헤어지는 것을 보며 자신의 사랑이 끝났음을 떠올리고 있다. +  ⓑ와 ⓒ가 만났다가 헤어지는 장면이 묘사되어 있지 않으며, 사랑의 끝과 관련된 내용은 '사랑이 끝났기로서니'라는 구절에서 드러나지만, 이것이 ⓑ와 ⓒ의 상황과 연결된다고 보기는 어렵다.

4번: 화자는 감나무 열매가 자라는 과정에서 ⓓ를 만나기도 하고 ⓔ를 만나기도 하는 일이 유의미하다고 여기고 있다. + ""때론 머리 위로 흰 구름 이고 / 때론 온종일 장대비 맞아 보게."" 이 구절은 감나무 열매가 자라는 과정에서 겪는 시련을 의미하며, 이러한 시련을 통해 감나무 열매가 익어가는 과정이 유의미함을 암시한다.

5번: 화자는 ⓑ와 ⓒ가 감나무를 떠난 후에 ⓓ와 ⓔ가 오는 것을 보며 머지않아 새로운 사랑이 시작될 것을 기대하고 있다. + ⓑ와 ⓒ가 떠난 후 ⓓ와 ⓔ가 온다는 내용이 나타나 있지 않으며, 새로운 사랑을 기대한다는 내용도 찾아볼 수 없다.

최종 정답: 4
",2
2026_11_KICE_22-26_4,['2(2)'],"국어 시험 문제를 푸는 대한민국의 똑똑한 고3 수험생으로서 위의 요약을 바탕으로 다음 문제의 답을 구하세요.
지문을 읽고, 질문에 대한 답을 1부터 5까지의 선택지 중에 한 개만 골라서 대답해야 합니다.

지문 :
다음 글을 읽고 물음에 답하시오.
(가)
두고 온 것들이 빛나는 때가 있다
빛나는 때를 위해 소금을 뿌리며
우리는 이 저녁을 떠돌고 있는가
사방을 둘러보아도
등불 하나 켜 든 이 보이지 않고
등불 뒤에 속삭이며 밤을 지키는
발자국 소리 들리지 않는다
잊혀진 목소리가 살아나는 때가 있다
잊혀진 ㉠[한 목소리](㉠의 밑줄) 잊혀진 다른 목소리의 끝을 찾아
목메이게 부르짖다 잦아드는 때가 있다
잦아드는 ㉡[외마디 소리](㉡의 밑줄)를 찾아 칼날 세우고
우리는 이 새벽길 숨가쁘게 넘고 있는가
하늘 올려보아도
함께 어둠 지새던 별 하나 눈뜨지 않는다
그래도 두고 온 것들은 빛나는가
빛을 뿜으면서 한 번은 되살아나는가
우리가 뿌린 소금들 반짝반짝 별빛이 되어
오던 길 환히 비춰 주고 있으니
- 이시영, ｢그리움｣-
(나)
감나무 잎새를 흔드는 게
어찌 ⓐ[바람](ⓐ의 밑줄)뿐이랴.
감나무 잎새를 반짝이는 게
어찌 햇살뿐이랴.
아까는 ⓑ[오색딱다구리](ⓑ의 밑줄)가
따다다닥 찍고 가더니
봐 봐, 시방은 ⓒ[청설모](ⓒ의 밑줄)가
쪼르르 타고 내려오네.
사랑이 끝났기로서니
그리움마저 사라지랴,
그 그리움 날로 자라면
주먹송이처럼 커 갈 땡감들.
때론 머리 위로 ⓓ[흰 구름](ⓓ의 밑줄) 이고
때론 온종일 ⓔ[장대비](ⓔ의 밑줄) 맞아 보게.
이별까지 나눈 마당에
기다림은 웬 것이랴만,
감나무 그늘에 평상을 놓고
그래 그래, 밤이면 잠 뒤척여
산이 우는 소리도 들어 보고
새벽이면 퍼뜩 깨어나
계곡 물소리도 들어 보게.
그 기다림 날로 익으니
서러움까지 익어선
저 짙푸른 감들, 마침내
형형 등불을 밝힐 것이라면
세상은 어찌 환하지 않으랴.
하늘은 어찌 부시지 않으랴.
- 고재종, ｢감나무 그늘 아래｣-
(다)
천지간에 만물이 소리를 내게 만드는 것은 무엇인가? 초목은 
움직이지 않으면 그 자체로 소리가 나지 않으나 바람이 불면 
소리가 난다. 그런즉 초목이 소리를 내게 하는 것은 바람이다. 
금석은 때리지 않으면 그 자체로는 소리가 나지 않으나 물건이 
때리면 소리가 난다. 그런즉 금석이 소리를 내게 하는 것은 
물건이다. 무릇 크고 작은 만물이 소리를 내는 것은 또한 반드시 
그렇게 만드는 것이 있다. 사람이 세상에 태어나면 안으로는 
오장이 있고 밖으로는 형체가 있지만 그것만으로 어찌 소리를 
내겠는가. 기(氣)가 안에 쌓이고 밖으로 드러난 뒤라야 소리가 
나는 것이다. 그런즉 사람이 소리를 내게 하는 것은 기이다.
소리는 한 가지가 아니니, 쓸모없는 소리가 있고 쓸모 있는 
소리가 있다. 재채기 소리와 코 고는 소리는 사람의 소리 가운데 
쓸모없는 것이고, 탄식하고 담소하는 소리는 사람의 소리 가운데 
쓸모 있는 것이다. 쓸모 있는 소리에는 아름다운 소리와 추한 
소리가 있다. 사람이 그 소리를 듣고 좋아하면 아름다운 소리
이고, 미워하면 추한 소리이다. 아름다운 소리에는 실상이 있는 
소리가 있고 흩어지는 소리가 있다. 입에서 나와 글로 쓰이지 
못하면 흩어지는 소리가 되고, 입에서 나와 글로 쓰이면 실상이 
있는 소리가 된다. 실상이 있는 소리에는 바른 것이 있고 삿된 
것이 있다. 또 바른 것 같으면서 삿된 것도 있고, 혹 삿된 
것 같으면서 바른 것도 있다. ㉢[사람의 소리](㉢의 밑줄)로서 남에게 듣기 
좋고, 남에게 듣기 좋아 글로 쓰이고, 글로 쓰였으면서 바름에 
합당하다면 그것을 일컬어 ㉣[좋은 소리](㉣의 밑줄)라 한다. 좋은 소리를 
내는 것은 참으로 어려운 일이구나.
최립은 좋은 소리를 내는 사람에 가깝다. 그의 문장이 비록 
완성된 것은 아니지만 그 뜻은 바름을 향한다. 그러니 학업을 
게을리하지 않는다면 바르게 되는 데 무슨 어려움이 있겠는가. 
내가 들으니 소리를 내는 만물은 그 본체가 크면 그 소리 또한 
크고, 그 본체가 작으면 그 소리 또한 작다고 한다. 최립은 소리가 
크니 그 본체가 큰 것을 알 만하다. 사람의 본체는 마음이니 그의 
마음이 가히 크다고 하겠다. 내가 또 들으니 크게 부딪치면 큰 
소리가 나며, 작게 부딪치면 작은 소리가 난다고 한다. 큰 바람이 
초목을 움직이면 천지를 뒤흔들 듯하나, 작은 바람이 불면 한 번 
살랑거림에 불과할 뿐이다. 금석을 치는 것도 또한 이와 같다. 
사람의 소리는 기가 크면 그 소리가 크게 나고 기가 작으면 
그 소리가 작게 나니, 최립의 기는 가히 크다고 하겠다.
- 이이, ｢최립에게 주는 글｣-

질문 :
질문 :
<보기>를 참고하여 (다)를 감상한 내용으로 적절하지 않은 것은?
    
선택지 :
1번 - ‘만물’이 소리 나는 이치에서 시작하여 ‘사람’이 소리를 내는 이치를 밝히며, 소리를 화두로 삼아 문장에 대해 말하고 있군.
2번 - ‘소리’가 지닌 상반된 특성들이 서로 균형을 이루어야 ‘좋은 소리’임을 제시하여, 문장이 궁극적으로 도달해야 할 바를 드러내고 있군.
3번 - 최립의 문장이 완성된 것은 아니지만 ‘참으로 어려운 일’에 가까움을 언급하며, 그의 문장에 대한 평가를 드러내고 있군.
4번 - 최립의 문장에 담긴 ‘뜻’이 도리에 합당함을 향하고 있음을 언급하며, 그가 학업에 정진할 것을 당부하고 있군.
5번 - 글로 드러난 최립의 소리가 크게 나는 것이 그의 ‘마음’과 ‘기’에서 비롯됨을 언급하여, 그의 문장이 뜻을 크게 드러내고 있음을 칭찬하고 있군.

<보기>
<보 기>
(다)는 마음에서 기가 움직여 뜻이 소리로 나오는 데 있어 도리에 합당해야 좋은 글[文]이라는 글쓴이의 문학론을 바탕으로, 상대의 문장을 평가하며 칭찬과 당부를 전하고 있다.


문제를 풀이할 때, 반드시 지문을 참고하세요. 문제는 무조건 1개의 정답만 있습니다. 문제를 풀이할 때 모든 선택지들을 검토하세요.
먼저 문제를 이해하고, 문제 해결을 위하여 계획을 세워보세요.
그 다음, 문제를 해결하기 위해 그 계획에 따라 단계별로 실행하세요.

다음의 형식을 따라 답변하세요.
1번: (선택지 1번에 대한 답변) + ""(지문 속 근거가 된 문장)""
2번: (선택지 2번에 대한 답변) + ""(지문 속 근거가 된 문장)""
3번: (선택지 3번에 대한 답변) + ""(지문 속 근거가 된 문장)""
4번: (선택지 4번에 대한 답변) + ""(지문 속 근거가 된 문장)""
5번: (선택지 5번에 대한 답변) + ""(지문 속 근거가 된 문장)""
최종 정답: (최종 정답)

정답 :
",['2(2)'],"1번: 적절함. ‘만물’이 소리 나는 이치에서 시작하여 ‘사람’이 소리를 내는 이치를 밝히며, 소리를 화두로 삼아 문장에 대해 말하고 있군. + ""천지간에 만물이 소리를 내게 만드는 것은 무엇인가? 사람이 세상에 태어나면 안으로는 오장이 있고 밖으로는 형체가 있지만 그것만으로 어찌 소리를 내겠는가. 기(氣)가 안에 쌓이고 밖으로 드러난 뒤라야 소리가 나는 것이다. 그런즉 사람이 소리를 내게 하는 것은 기이다."" 와 ""소리는 한 가지가 아니니, 쓸모없는 소리가 있고 쓸모 있는 소리가 있다.""

2번: 적절함. ‘소리’가 지닌 상반된 특성들이 서로 균형을 이루어야 ‘좋은 소리’임을 제시하여, 문장이 궁극적으로 도달해야 할 바를 드러내고 있군. + ""쓸모 있는 소리에는 아름다운 소리와 추한 소리가 있다. 아름다운 소리에는 실상이 있는 소리가 있고 흩어지는 소리가 있다. 실상이 있는 소리에는 바른 것이 있고 삿된 것이 있다. 또 바른 것 같으면서 삿된 것도 있고, 혹 삿된 것 같으면서 바른 것도 있다. 사람의 소리로서 남에게 듣기 좋고, 남에게 듣기 좋아 글로 쓰이고, 글로 쓰였으면서 바름에 합당하다면 그것을 일컬어 좋은 소리라 한다.""

3번: 적절함. 최립의 문장이 완성된 것은 아니지만 ‘참으로 어려운 일’에 가까움을 언급하며, 그의 문장에 대한 평가를 드러내고 있군. + ""최립은 좋은 소리를 내는 사람에 가깝다. 그의 문장이 비록 완성된 것은 아니지만 그 뜻은 바름을 향한다."" 와 ""좋은 소리를 내는 것은 참으로 어려운 일이구나.""

4번: 적절함. 최립의 문장에 담긴 ‘뜻’이 도리에 합당함을 향하고 있음을 언급하며, 그가 학업에 정진할 것을 당부하고 있군. + ""최립은 좋은 소리를 내는 사람에 가깝다. 그의 문장이 비록 완성된 것은 아니지만 그 뜻은 바름을 향한다. 그러니 학업을 게을리하지 않는다면 바르게 되는 데 무슨 어려움이 있겠는가.""

5번: 부적절함. 글로 드러난 최립의 소리가 크게 나는 것이 그의 ‘마음’과 ‘기’에서 비롯됨을 언급하여, 그의 문장이 뜻을 크게 드러내고 있음을 칭찬하고 있군. + ""내가 들으니 소리를 내는 만물은 그 본체가 크면 그 소리 또한 크고, 그 본체가 작으면 그 소리 또한 작다고 한다. 최립은 소리가 크니 그 본체가 큰 것을 알 만하다. 사람의 본체는 마음이니 그의 마음이 가히 크다고 하겠다. 내가 또 들으니 크게 부딪치면 큰 소리가 나며, 작게 부딪치면 작은 소리가 난다고 한다. 사람의 소리는 기가 크면 그 소리가 크게 나고 기가 작으면 그 소리가 작게 나니, 최립의 기는 가히 크다고 하겠다."" (최립의 문장이 뜻을 크게 드러내고 있음을 '직접적으로' 칭찬하는 부분은 찾을 수 없음. 그의 마음과 기가 크다고 칭찬하고, 그것이 문장의 잠재력을 암시하는 간접적인 칭찬으로 해석해야 함.)

최종 정답: 5
",0
2026_11_KICE_27-30_0,['5(2)'],"국어 시험 문제를 푸는 대한민국의 똑똑한 고3 수험생으로서 위의 요약을 바탕으로 다음 문제의 답을 구하세요.
지문을 읽고, 질문에 대한 답을 1부터 5까지의 선택지 중에 한 개만 골라서 대답해야 합니다.

지문 :
다음 글을 읽고 물음에 답하시오.
“8․15 이후의 비극은…… 주민들이, 그러니까 국민들이 중요
하지 않은 것처럼 되는 가운데에 그 마을과 동네가 이루어지고 
역사가 이루어져 왔다는 바로 그 점에 있는 것 아니겠습니까? 
그게 앞으로도 그럴까요? 적어도 이 독가촌에서만은 그렇게 
되지 않을 겁니다.”
㉠[이 세상에서 서로 말이 통하지 않는 두 종류의 인간군들이 
사는가 보았다.](㉠의 밑줄)
“역사에 관해서 말씀을 하시니, 나는 무식하고 먹고살기에 
바빠서. 도무지 그런 얘기라는 것이…… 글쎄요.”
허명두 씨는 하품을 하였다.
[A] [“실례지만 선생께서는 8․15 직후에 무슨 청년당 일에……?”
온 씨의 어조가 진지한 것이 아니었다면 허명두 씨는 
욕설을 퍼부어 네가 무슨 사찰 요원이냐고 따질 뻔하였다. 
하지만 허명두 씨는 오랜만에 증오가 되살아나서 온 씨를 
냉담하게 바라보며 입을 열었다.
“8ㆍ15 직후라? 그때 참 별의별 못난 것들이 제 세상 
만났다고 착각하며 날뛰었지요.”
“역시 그러셨구만.”
“왜? 나를 본 적이라도?”
“많이 보았지요. 지금도 많이 보고 있고, 이봐요. 허 선생. 
더 이상 서툰 짓은 하지 마시오. 당신이 무슨 짓을 꾸미고 
있는지 다들 알고 있소. 그런데 이제 당신 같은 사람들이 
날뛰던 시대는 서서히 지나가고 있는 거요. 우리의 피땀
으로 이룩한 독가촌을 가지고 서툰 짓을 벌이려고 하다
가는 당신이 온전치는 못할 거요.”
“나한테 협박을 하는 것이라면…… 그런 협박은 하나도 
무섭지 않으니 어디 한번 해볼 대로 해보라지.”
허명두 씨는 증오를 억누르며 말했는데 온 씨도 거연히 
일어났다.
“내가 한 말 명심하시오. 당신 같은 사람이 날뛰던 시대는 
서서히 지나가고 있다는 것을.”]([A]의 밑줄)
그러고 나서 온 씨는 가 버렸는데, 독가촌 일대에는 금방 그 
소문이 돌 대로 돌았다. 온 씨가 만나는 사람에게마다 ⓐ[이야기](ⓐ의 밑줄)를 
퍼뜨렸기 때문이었다.
허명두 씨로서는 마지막 안간힘을 내어 그가 일으켜 보려는 
이번 싸움이 과거 어느 때보다도 어렵다는 것은 알고 있었다. 
그리고 온 씨의 말이 단순한 협박만은 아니라는 것도 알았다. 
㉡[그러나 그렇기는 하지만 명분이나 사리의 옳음이란 것이 싸움에 
무슨 필요가 있단 말인가.](㉡의 밑줄)
이러한 사단이 벌어지게 된 것은 다름이 아니었다. 아무도 
거들떠보지 않던 심심산골, 불모의 황무지였던 이곳 독가촌 
일대가 하루아침에 각광을 받는 지대로 둔갑이 되었기 때문에 
생긴 일이었다. 특히 독가촌은 오늘의 달라진 인문지리의 환경
으로 따져 보았을 적에 고속도로와 접속이 되게 될 교통 요충
지가 되었을 뿐 아니라 관광지로서의 좋은 조건을 모두 구비
하고 있다는 것이었다.
[중략 부분 줄거리] 허명두는 온 씨와의 언쟁 전에 있었던, 외부 
기업 측으로부터 독가촌의 주택 매입을 요청받은 일을 회상한다.
행정 당국은 지목(地目) 변경은 해 두었지만 서류상으로는 그 
모든 가옥들이 무허가 주택이나 다름없었으며, 따라서 집들의 
매매는 권리금에 다름이 아니었다. 물론 불하를 내게 될 적에는 
이미 지어진 집 임자에게 기득권을 부여하게 될 터이었다. 
허명두 씨가 관청을 들락거리고 야금야금 집들을 사두게 된 
것이 이 때문이었다.
그러다가 그는 ⓑ[소문](ⓑ의 밑줄)을 듣고 찾아온 온 씨와 만나 언쟁을 
벌이게 되었던 것이지만, 온 씨가 무슨 이야기를 하고 싶어
하는지 모르는 바는 아니었다. ㉢[전국 각처에서 찾아든 사람들이 
이곳 독가촌에 정착하여 그럭저럭 안정을 얻을 만하게 된 이즈음 
이곳이 외부의 자본에 의해 관광지로 돼 버린다면 도대체 이 
사람들은 또 어느 곳으로 찾아들어 가 얼마만큼 방황을 해야 
한다는 말인가?](㉢의 밑줄) 그러니 두메산골이었던 곳을 피땀 흘려 오늘의 
독가촌으로 개척해 온 이곳 사람들이 이 마을을 지켜야 한다는 
것이 틀린 말일 수는 없는 것이었다. 더구나 농촌 부락으로서는 
어느 정도 자립할 수 있는 터전도 굳혀 놓은 게 사실이었다. 
온 씨의 주장은 옳은 것이었다. 허명두 씨의 입장에서도 그것은 
부정할 수 없었다. 피땀 흘려 가꾼 땅이 도시의 온갖 잡것들이 
논다니를 치는 관광지로 되려는 것을 어찌 귀농 개척자들이 
가만 보고만 있을 것인가. 하지만 그런 사리만을 가지고는 
모자라는 것이 현실인 것이고, 그 모자라는 부분을 채워 놓고 
있는 게 무엇이겠느냐를 따져 보면서 허명두 씨는 웃음을 짓는 
것이었다. 대한청년단 시절의 일하며 화랑동지회의 체험들을 
그가 요 근래 부쩍 회상해 보는 것도 그 때문이었다. ㉣[명분
보다는 실리를 추구해 오는 측이 항상 이겨 오고 있었던 게 
아닌가.](㉣의 밑줄) 온 씨가 찾아와서 자신에게 하였던 말을 그가 곰곰 
생각해 보는 것도 그 때문이었다. ‘이제 당신 같은 사람들이 
날뛰던 시대는 서서히 지나가고 있다’는 말을 그는 물론 실감
으로 받아들이고는 있으되, ㉤[문제는 그것이 아직까지는 완전히 
지나간 게 아니라는 데 있었다.](㉤의 밑줄)
- 박태순, ｢독가촌 풍경｣-

질문 :
질문 :
[A]에 대한 이해로 적절하지 않은 것은?
    
선택지 :
1번 - 온 씨와 허명두는 서로에게 질문을 하며 상대의 반응을 살폈다.
2번 - 허명두는 온 씨의 발언에 불쾌해하며 과거에 자신이 느꼈던 감정을 떠올렸다.
3번 - 온 씨는 허명두와 대화를 나누며 상대에 대한 자신의 짐작이 맞았다고 생각하였다.
4번 - 온 씨는 상대의 행위를 평가하는 표현을 반복하며 허명두에게 꾸미고 있는 일을 그만두라고 경고하였다.
5번 - 온 씨가 공격적인 태도를 보이자 허명두는 에둘러 말하여 상대의 관심을 다른 곳으로 돌릴 수 있었다.


문제를 풀이할 때, 반드시 지문을 참고하세요. 문제는 무조건 1개의 정답만 있습니다. 문제를 풀이할 때 모든 선택지들을 검토하세요.
먼저 문제를 이해하고, 문제 해결을 위하여 계획을 세워보세요.
그 다음, 문제를 해결하기 위해 그 계획에 따라 단계별로 실행하세요.

다음의 형식을 따라 답변하세요.
1번: (선택지 1번에 대한 답변) + ""(지문 속 근거가 된 문장)""
2번: (선택지 2번에 대한 답변) + ""(지문 속 근거가 된 문장)""
3번: (선택지 3번에 대한 답변) + ""(지문 속 근거가 된 문장)""
4번: (선택지 4번에 대한 답변) + ""(지문 속 근거가 된 문장)""
5번: (선택지 5번에 대한 답변) + ""(지문 속 근거가 된 문장)""
최종 정답: (최종 정답)

정답 :
",['5(2)'],"문제 해결 계획:

1. 각 선택지를 꼼꼼히 읽고, [A] 부분의 지문 내용을 다시 확인한다.
2. 각 선택지가 지문의 내용과 일치하는지, 혹은 모순되는지 판단한다.
3. 지문에서 선택지의 내용을 뒷받침하거나 반박하는 직접적인 근거를 찾는다.
4. 모든 선택지를 검토한 후, 가장 적절하지 않은 것을 고른다.

문제 해결 실행:

1번: 온 씨와 허명두는 서로에게 질문을 하며 상대의 반응을 살폈다. + ""“실례지만 선생께서는 8․15 직후에 무슨 청년당 일에……?”"", ""“8ㆍ15 직후라? 그때 참 별의별 못난 것들이 제 세상 만났다고 착각하며 날뛰었지요.”"", ""왜? 나를 본 적이라도?”"" - 온 씨가 허명두에게 과거를 묻고, 허명두는 온 씨의 질문에 답하며 불쾌감을 드러낸다. 서로 질문을 주고받으며 반응을 살피는 모습이 나타난다.

2번: 허명두는 온 씨의 발언에 불쾌해하며 과거에 자신이 느꼈던 감정을 떠올렸다. + ""허명두 씨는 오랜만에 증오가 되살아나서 온 씨를 냉담하게 바라보며 입을 열었다."", ""8ㆍ15 직후라? 그때 참 별의별 못난 것들이 제 세상 만났다고 착각하며 날뛰었지요.”"" - 허명두는 온 씨의 질문에 과거에 느꼈던 증오를 떠올리며 불쾌감을 드러낸다.

3번: 온 씨는 허명두와 대화를 나누며 상대에 대한 자신의 짐작이 맞았다고 생각하였다. + ""“역시 그러셨구만.”"", ""많이 보았지요. 지금도 많이 보고 있고, 이봐요. 허 선생. 더 이상 서툰 짓은 하지 마시오. 당신이 무슨 짓을 꾸미고 있는지 다들 알고 있소."" - 온 씨는 허명두의 답변을 통해 자신의 짐작이 맞았음을 확인하고, 허명두의 행동을 경고한다.

4번: 온 씨는 상대의 행위를 평가하는 표현을 반복하며 허명두에게 꾸미고 있는 일을 그만두라고 경고하였다. + ""더 이상 서툰 짓은 하지 마시오. 당신이 무슨 짓을 꾸미고 있는지 다들 알고 있소."", ""당신 같은 사람들이 날뛰던 시대는 서서히 지나가고 있는 거요."", ""우리의 피땀으로 이룩한 독가촌을 가지고 서툰 짓을 벌이려고 하다가는 당신이 온전치는 못할 거요."" - 온 씨는 '서툰 짓', '당신 같은 사람' 등의 표현을 사용하여 허명두의 행위를 평가하고, 경고한다.

5번: 온 씨가 공격적인 태도를 보이자 허명두는 에둘러 말하여 상대의 관심을 다른 곳으로 돌릴 수 있었다. + 지문 전체를 살펴보아도 허명두가 온 씨의 관심을 다른 곳으로 돌렸다는 내용은 찾아볼 수 없다. 오히려 허명두는 온 씨의 협박에 맞서며 대립하는 모습을 보인다.

최종 정답: 5
",2
2026_11_KICE_27-30_1,['5(2)'],"국어 시험 문제를 푸는 대한민국의 똑똑한 고3 수험생으로서 위의 요약을 바탕으로 다음 문제의 답을 구하세요.
지문을 읽고, 질문에 대한 답을 1부터 5까지의 선택지 중에 한 개만 골라서 대답해야 합니다.

지문 :
다음 글을 읽고 물음에 답하시오.
“8․15 이후의 비극은…… 주민들이, 그러니까 국민들이 중요
하지 않은 것처럼 되는 가운데에 그 마을과 동네가 이루어지고 
역사가 이루어져 왔다는 바로 그 점에 있는 것 아니겠습니까? 
그게 앞으로도 그럴까요? 적어도 이 독가촌에서만은 그렇게 
되지 않을 겁니다.”
㉠[이 세상에서 서로 말이 통하지 않는 두 종류의 인간군들이 
사는가 보았다.](㉠의 밑줄)
“역사에 관해서 말씀을 하시니, 나는 무식하고 먹고살기에 
바빠서. 도무지 그런 얘기라는 것이…… 글쎄요.”
허명두 씨는 하품을 하였다.
[A] [“실례지만 선생께서는 8․15 직후에 무슨 청년당 일에……?”
온 씨의 어조가 진지한 것이 아니었다면 허명두 씨는 
욕설을 퍼부어 네가 무슨 사찰 요원이냐고 따질 뻔하였다. 
하지만 허명두 씨는 오랜만에 증오가 되살아나서 온 씨를 
냉담하게 바라보며 입을 열었다.
“8ㆍ15 직후라? 그때 참 별의별 못난 것들이 제 세상 
만났다고 착각하며 날뛰었지요.”
“역시 그러셨구만.”
“왜? 나를 본 적이라도?”
“많이 보았지요. 지금도 많이 보고 있고, 이봐요. 허 선생. 
더 이상 서툰 짓은 하지 마시오. 당신이 무슨 짓을 꾸미고 
있는지 다들 알고 있소. 그런데 이제 당신 같은 사람들이 
날뛰던 시대는 서서히 지나가고 있는 거요. 우리의 피땀
으로 이룩한 독가촌을 가지고 서툰 짓을 벌이려고 하다
가는 당신이 온전치는 못할 거요.”
“나한테 협박을 하는 것이라면…… 그런 협박은 하나도 
무섭지 않으니 어디 한번 해볼 대로 해보라지.”
허명두 씨는 증오를 억누르며 말했는데 온 씨도 거연히 
일어났다.
“내가 한 말 명심하시오. 당신 같은 사람이 날뛰던 시대는 
서서히 지나가고 있다는 것을.”]([A]의 밑줄)
그러고 나서 온 씨는 가 버렸는데, 독가촌 일대에는 금방 그 
소문이 돌 대로 돌았다. 온 씨가 만나는 사람에게마다 ⓐ[이야기](ⓐ의 밑줄)를 
퍼뜨렸기 때문이었다.
허명두 씨로서는 마지막 안간힘을 내어 그가 일으켜 보려는 
이번 싸움이 과거 어느 때보다도 어렵다는 것은 알고 있었다. 
그리고 온 씨의 말이 단순한 협박만은 아니라는 것도 알았다. 
㉡[그러나 그렇기는 하지만 명분이나 사리의 옳음이란 것이 싸움에 
무슨 필요가 있단 말인가.](㉡의 밑줄)
이러한 사단이 벌어지게 된 것은 다름이 아니었다. 아무도 
거들떠보지 않던 심심산골, 불모의 황무지였던 이곳 독가촌 
일대가 하루아침에 각광을 받는 지대로 둔갑이 되었기 때문에 
생긴 일이었다. 특히 독가촌은 오늘의 달라진 인문지리의 환경
으로 따져 보았을 적에 고속도로와 접속이 되게 될 교통 요충
지가 되었을 뿐 아니라 관광지로서의 좋은 조건을 모두 구비
하고 있다는 것이었다.
[중략 부분 줄거리] 허명두는 온 씨와의 언쟁 전에 있었던, 외부 
기업 측으로부터 독가촌의 주택 매입을 요청받은 일을 회상한다.
행정 당국은 지목(地目) 변경은 해 두었지만 서류상으로는 그 
모든 가옥들이 무허가 주택이나 다름없었으며, 따라서 집들의 
매매는 권리금에 다름이 아니었다. 물론 불하를 내게 될 적에는 
이미 지어진 집 임자에게 기득권을 부여하게 될 터이었다. 
허명두 씨가 관청을 들락거리고 야금야금 집들을 사두게 된 
것이 이 때문이었다.
그러다가 그는 ⓑ[소문](ⓑ의 밑줄)을 듣고 찾아온 온 씨와 만나 언쟁을 
벌이게 되었던 것이지만, 온 씨가 무슨 이야기를 하고 싶어
하는지 모르는 바는 아니었다. ㉢[전국 각처에서 찾아든 사람들이 
이곳 독가촌에 정착하여 그럭저럭 안정을 얻을 만하게 된 이즈음 
이곳이 외부의 자본에 의해 관광지로 돼 버린다면 도대체 이 
사람들은 또 어느 곳으로 찾아들어 가 얼마만큼 방황을 해야 
한다는 말인가?](㉢의 밑줄) 그러니 두메산골이었던 곳을 피땀 흘려 오늘의 
독가촌으로 개척해 온 이곳 사람들이 이 마을을 지켜야 한다는 
것이 틀린 말일 수는 없는 것이었다. 더구나 농촌 부락으로서는 
어느 정도 자립할 수 있는 터전도 굳혀 놓은 게 사실이었다. 
온 씨의 주장은 옳은 것이었다. 허명두 씨의 입장에서도 그것은 
부정할 수 없었다. 피땀 흘려 가꾼 땅이 도시의 온갖 잡것들이 
논다니를 치는 관광지로 되려는 것을 어찌 귀농 개척자들이 
가만 보고만 있을 것인가. 하지만 그런 사리만을 가지고는 
모자라는 것이 현실인 것이고, 그 모자라는 부분을 채워 놓고 
있는 게 무엇이겠느냐를 따져 보면서 허명두 씨는 웃음을 짓는 
것이었다. 대한청년단 시절의 일하며 화랑동지회의 체험들을 
그가 요 근래 부쩍 회상해 보는 것도 그 때문이었다. ㉣[명분
보다는 실리를 추구해 오는 측이 항상 이겨 오고 있었던 게 
아닌가.](㉣의 밑줄) 온 씨가 찾아와서 자신에게 하였던 말을 그가 곰곰 
생각해 보는 것도 그 때문이었다. ‘이제 당신 같은 사람들이 
날뛰던 시대는 서서히 지나가고 있다’는 말을 그는 물론 실감
으로 받아들이고는 있으되, ㉤[문제는 그것이 아직까지는 완전히 
지나간 게 아니라는 데 있었다.](㉤의 밑줄)
- 박태순, ｢독가촌 풍경｣-

질문 :
질문 :
ⓐ와 ⓑ에 대한 이해로 가장 적절한 것은?
    
선택지 :
1번 - ⓐ가 형성된 과정은 ⓑ가 주변에 전해진 것과 무관하다.
2번 - ⓐ가 처음 퍼진 시점은 ⓑ가 처음 퍼진 시점보다 앞선다.
3번 - ⓐ는 ⓑ로 인한 인물 간의 갈등을 해결할 실마리를 제공하고 있다.
4번 - ⓐ가 주변에 빠르게 확산된 것은 ⓑ가 거짓으로 판명되었기 때문이다.
5번 - ⓐ에는 ⓐ를 처음 퍼뜨린 인물이 ⓑ와 관련하여 찾아가 만난 인물에게 확인한 내용이 반영되어 있다.


문제를 풀이할 때, 반드시 지문을 참고하세요. 문제는 무조건 1개의 정답만 있습니다. 문제를 풀이할 때 모든 선택지들을 검토하세요.
먼저 문제를 이해하고, 문제 해결을 위하여 계획을 세워보세요.
그 다음, 문제를 해결하기 위해 그 계획에 따라 단계별로 실행하세요.

다음의 형식을 따라 답변하세요.
1번: (선택지 1번에 대한 답변) + ""(지문 속 근거가 된 문장)""
2번: (선택지 2번에 대한 답변) + ""(지문 속 근거가 된 문장)""
3번: (선택지 3번에 대한 답변) + ""(지문 속 근거가 된 문장)""
4번: (선택지 4번에 대한 답변) + ""(지문 속 근거가 된 문장)""
5번: (선택지 5번에 대한 답변) + ""(지문 속 근거가 된 문장)""
최종 정답: (최종 정답)

정답 :
",['5(2)'],"1번: ⓐ가 형성된 과정은 ⓑ가 주변에 전해진 것과 무관하다. + ""온 씨가 만나는 사람에게마다 ⓐ이야기를 퍼뜨렸기 때문이었다."" (온 씨가 이야기를 퍼뜨려 ⓐ가 형성되었으므로, ⓑ와 관련된 내용이 직접적으로 드러나지 않아 단정할 수 없습니다.)
2번: ⓐ가 처음 퍼진 시점은 ⓑ가 처음 퍼진 시점보다 앞선다. + ""그러다가 그는 ⓑ소문을 듣고 찾아온 온 씨와 만나 언쟁을 벌이게 되었던 것이지만"" (ⓑ소문을 듣고 온 씨가 찾아왔다는 내용으로 보아, ⓑ가 먼저 퍼졌음을 알 수 있습니다.)
3번: ⓐ는 ⓑ로 인한 인물 간의 갈등을 해결할 실마리를 제공하고 있다. + (ⓐ와 ⓑ 모두 갈등의 원인이 되는 상황을 나타내고 있으며, 갈등 해소와 관련된 내용은 찾을 수 없습니다.)
4번: ⓐ가 주변에 빠르게 확산된 것은 ⓑ가 거짓으로 판명되었기 때문이다. + ""온 씨가 만나는 사람에게마다 ⓐ이야기를 퍼뜨렸기 때문이었다."" (ⓐ가 빠르게 확산된 이유는 온 씨가 퍼뜨렸기 때문이지, ⓑ의 진위 여부와는 관련이 없습니다.)
5번: ⓐ에는 ⓐ를 처음 퍼뜨린 인물이 ⓑ와 관련하여 찾아가 만난 인물에게 확인한 내용이 반영되어 있다. + ""온 씨가 만나는 사람에게마다 ⓐ이야기를 퍼뜨렸기 때문이었다."" ""그러다가 그는 ⓑ소문을 듣고 찾아온 온 씨와 만나 언쟁을 벌이게 되었던 것이지만"" (온 씨가 허명두를 찾아간 것은 ⓑ 소문을 듣고 간 것이며, ⓐ는 온 씨가 그 이후에 퍼뜨린 이야기입니다. 따라서 온 씨가 허명두에게 확인한 내용이 ⓐ에 반영되었다고 보기는 어렵습니다.)

최종 정답: 2
",0
2026_11_KICE_27-30_2,['1(2)'],"국어 시험 문제를 푸는 대한민국의 똑똑한 고3 수험생으로서 위의 요약을 바탕으로 다음 문제의 답을 구하세요.
지문을 읽고, 질문에 대한 답을 1부터 5까지의 선택지 중에 한 개만 골라서 대답해야 합니다.

지문 :
다음 글을 읽고 물음에 답하시오.
“8․15 이후의 비극은…… 주민들이, 그러니까 국민들이 중요
하지 않은 것처럼 되는 가운데에 그 마을과 동네가 이루어지고 
역사가 이루어져 왔다는 바로 그 점에 있는 것 아니겠습니까? 
그게 앞으로도 그럴까요? 적어도 이 독가촌에서만은 그렇게 
되지 않을 겁니다.”
㉠[이 세상에서 서로 말이 통하지 않는 두 종류의 인간군들이 
사는가 보았다.](㉠의 밑줄)
“역사에 관해서 말씀을 하시니, 나는 무식하고 먹고살기에 
바빠서. 도무지 그런 얘기라는 것이…… 글쎄요.”
허명두 씨는 하품을 하였다.
[A] [“실례지만 선생께서는 8․15 직후에 무슨 청년당 일에……?”
온 씨의 어조가 진지한 것이 아니었다면 허명두 씨는 
욕설을 퍼부어 네가 무슨 사찰 요원이냐고 따질 뻔하였다. 
하지만 허명두 씨는 오랜만에 증오가 되살아나서 온 씨를 
냉담하게 바라보며 입을 열었다.
“8ㆍ15 직후라? 그때 참 별의별 못난 것들이 제 세상 
만났다고 착각하며 날뛰었지요.”
“역시 그러셨구만.”
“왜? 나를 본 적이라도?”
“많이 보았지요. 지금도 많이 보고 있고, 이봐요. 허 선생. 
더 이상 서툰 짓은 하지 마시오. 당신이 무슨 짓을 꾸미고 
있는지 다들 알고 있소. 그런데 이제 당신 같은 사람들이 
날뛰던 시대는 서서히 지나가고 있는 거요. 우리의 피땀
으로 이룩한 독가촌을 가지고 서툰 짓을 벌이려고 하다
가는 당신이 온전치는 못할 거요.”
“나한테 협박을 하는 것이라면…… 그런 협박은 하나도 
무섭지 않으니 어디 한번 해볼 대로 해보라지.”
허명두 씨는 증오를 억누르며 말했는데 온 씨도 거연히 
일어났다.
“내가 한 말 명심하시오. 당신 같은 사람이 날뛰던 시대는 
서서히 지나가고 있다는 것을.”]([A]의 밑줄)
그러고 나서 온 씨는 가 버렸는데, 독가촌 일대에는 금방 그 
소문이 돌 대로 돌았다. 온 씨가 만나는 사람에게마다 ⓐ[이야기](ⓐ의 밑줄)를 
퍼뜨렸기 때문이었다.
허명두 씨로서는 마지막 안간힘을 내어 그가 일으켜 보려는 
이번 싸움이 과거 어느 때보다도 어렵다는 것은 알고 있었다. 
그리고 온 씨의 말이 단순한 협박만은 아니라는 것도 알았다. 
㉡[그러나 그렇기는 하지만 명분이나 사리의 옳음이란 것이 싸움에 
무슨 필요가 있단 말인가.](㉡의 밑줄)
이러한 사단이 벌어지게 된 것은 다름이 아니었다. 아무도 
거들떠보지 않던 심심산골, 불모의 황무지였던 이곳 독가촌 
일대가 하루아침에 각광을 받는 지대로 둔갑이 되었기 때문에 
생긴 일이었다. 특히 독가촌은 오늘의 달라진 인문지리의 환경
으로 따져 보았을 적에 고속도로와 접속이 되게 될 교통 요충
지가 되었을 뿐 아니라 관광지로서의 좋은 조건을 모두 구비
하고 있다는 것이었다.
[중략 부분 줄거리] 허명두는 온 씨와의 언쟁 전에 있었던, 외부 
기업 측으로부터 독가촌의 주택 매입을 요청받은 일을 회상한다.
행정 당국은 지목(地目) 변경은 해 두었지만 서류상으로는 그 
모든 가옥들이 무허가 주택이나 다름없었으며, 따라서 집들의 
매매는 권리금에 다름이 아니었다. 물론 불하를 내게 될 적에는 
이미 지어진 집 임자에게 기득권을 부여하게 될 터이었다. 
허명두 씨가 관청을 들락거리고 야금야금 집들을 사두게 된 
것이 이 때문이었다.
그러다가 그는 ⓑ[소문](ⓑ의 밑줄)을 듣고 찾아온 온 씨와 만나 언쟁을 
벌이게 되었던 것이지만, 온 씨가 무슨 이야기를 하고 싶어
하는지 모르는 바는 아니었다. ㉢[전국 각처에서 찾아든 사람들이 
이곳 독가촌에 정착하여 그럭저럭 안정을 얻을 만하게 된 이즈음 
이곳이 외부의 자본에 의해 관광지로 돼 버린다면 도대체 이 
사람들은 또 어느 곳으로 찾아들어 가 얼마만큼 방황을 해야 
한다는 말인가?](㉢의 밑줄) 그러니 두메산골이었던 곳을 피땀 흘려 오늘의 
독가촌으로 개척해 온 이곳 사람들이 이 마을을 지켜야 한다는 
것이 틀린 말일 수는 없는 것이었다. 더구나 농촌 부락으로서는 
어느 정도 자립할 수 있는 터전도 굳혀 놓은 게 사실이었다. 
온 씨의 주장은 옳은 것이었다. 허명두 씨의 입장에서도 그것은 
부정할 수 없었다. 피땀 흘려 가꾼 땅이 도시의 온갖 잡것들이 
논다니를 치는 관광지로 되려는 것을 어찌 귀농 개척자들이 
가만 보고만 있을 것인가. 하지만 그런 사리만을 가지고는 
모자라는 것이 현실인 것이고, 그 모자라는 부분을 채워 놓고 
있는 게 무엇이겠느냐를 따져 보면서 허명두 씨는 웃음을 짓는 
것이었다. 대한청년단 시절의 일하며 화랑동지회의 체험들을 
그가 요 근래 부쩍 회상해 보는 것도 그 때문이었다. ㉣[명분
보다는 실리를 추구해 오는 측이 항상 이겨 오고 있었던 게 
아닌가.](㉣의 밑줄) 온 씨가 찾아와서 자신에게 하였던 말을 그가 곰곰 
생각해 보는 것도 그 때문이었다. ‘이제 당신 같은 사람들이 
날뛰던 시대는 서서히 지나가고 있다’는 말을 그는 물론 실감
으로 받아들이고는 있으되, ㉤[문제는 그것이 아직까지는 완전히 
지나간 게 아니라는 데 있었다.](㉤의 밑줄)
- 박태순, ｢독가촌 풍경｣-

질문 :
질문 :
‘독가촌’에 대한 설명으로 가장 적절한 것은?
    
선택지 :
1번 - '고속도로가 연결될 것이 알려진 후 외부 사람들의 관심을 받게 된 곳이다.
2번 - 허명두가 지목 변경으로 기득권을 부여받고서 집들을 사들이고 있는 곳이다.
3번 - 마을 사람들이 농사를 지어 왔지만 여전히 경제적으로 자립하기 어려운 곳이다.
4번 - 온 씨가 마을 사람들과 함께 농업 중심의 기존 생활양식을 바꾸려 하는 곳이다.
5번 - 관광지로서의 좋은 조건을 갖추게 하려고 마을 사람들이 피땀 흘려 노력한 곳이다.


문제를 풀이할 때, 반드시 지문을 참고하세요. 문제는 무조건 1개의 정답만 있습니다. 문제를 풀이할 때 모든 선택지들을 검토하세요.
먼저 문제를 이해하고, 문제 해결을 위하여 계획을 세워보세요.
그 다음, 문제를 해결하기 위해 그 계획에 따라 단계별로 실행하세요.

다음의 형식을 따라 답변하세요.
1번: (선택지 1번에 대한 답변) + ""(지문 속 근거가 된 문장)""
2번: (선택지 2번에 대한 답변) + ""(지문 속 근거가 된 문장)""
3번: (선택지 3번에 대한 답변) + ""(지문 속 근거가 된 문장)""
4번: (선택지 4번에 대한 답변) + ""(지문 속 근거가 된 문장)""
5번: (선택지 5번에 대한 답변) + ""(지문 속 근거가 된 문장)""
최종 정답: (최종 정답)

정답 :
",['1(2)'],"1번: 고속도로가 연결될 것이 알려진 후 외부 사람들의 관심을 받게 된 곳이다. + ""특히 독가촌은 오늘의 달라진 인문지리의 환경으로 따져 보았을 적에 고속도로와 접속이 되게 될 교통 요충지가 되었을 뿐 아니라 관광지로서의 좋은 조건을 모두 구비하고 있다는 것이었다.""
2번: 허명두가 지목 변경으로 기득권을 부여받고서 집들을 사들이고 있는 곳이다. + ""행정 당국은 지목(地目) 변경은 해 두었지만 서류상으로는 그 모든 가옥들이 무허가 주택이나 다름없었으며, 따라서 집들의 매매는 권리금에 다름이 아니었다. 물론 불하를 내게 될 적에는 이미 지어진 집 임자에게 기득권을 부여하게 될 터이었다. 허명두 씨가 관청을 들락거리고 야금야금 집들을 사두게 된 것이 이 때문이었다.""
3번: 마을 사람들이 농사를 지어 왔지만 여전히 경제적으로 자립하기 어려운 곳이다. + ""더구나 농촌 부락으로서는 어느 정도 자립할 수 있는 터전도 굳혀 놓은 게 사실이었다."" (자립하기 어렵다는 내용은 반박됨)
4번: 온 씨가 마을 사람들과 함께 농업 중심의 기존 생활양식을 바꾸려 하는 곳이다. + 지문에서 온 씨가 농업 중심의 생활양식을 바꾸려 한다는 내용은 찾을 수 없다. 오히려 독가촌을 지키려 한다.
5번: 관광지로서의 좋은 조건을 갖추게 하려고 마을 사람들이 피땀 흘려 노력한 곳이다. + ""두메산골이었던 곳을 피땀 흘려 오늘의 독가촌으로 개척해 온 이곳 사람들이 이 마을을 지켜야 한다는 것이 틀린 말일 수는 없는 것이었다."" (관광지로 만들려고 노력한 것이 아니라, 독가촌을 개척했다.)

최종 정답: 1번
",2
2026_11_KICE_27-30_3,['3(3)'],"국어 시험 문제를 푸는 대한민국의 똑똑한 고3 수험생으로서 위의 요약을 바탕으로 다음 문제의 답을 구하세요.
지문을 읽고, 질문에 대한 답을 1부터 5까지의 선택지 중에 한 개만 골라서 대답해야 합니다.

지문 :
다음 글을 읽고 물음에 답하시오.
“8․15 이후의 비극은…… 주민들이, 그러니까 국민들이 중요
하지 않은 것처럼 되는 가운데에 그 마을과 동네가 이루어지고 
역사가 이루어져 왔다는 바로 그 점에 있는 것 아니겠습니까? 
그게 앞으로도 그럴까요? 적어도 이 독가촌에서만은 그렇게 
되지 않을 겁니다.”
㉠[이 세상에서 서로 말이 통하지 않는 두 종류의 인간군들이 
사는가 보았다.](㉠의 밑줄)
“역사에 관해서 말씀을 하시니, 나는 무식하고 먹고살기에 
바빠서. 도무지 그런 얘기라는 것이…… 글쎄요.”
허명두 씨는 하품을 하였다.
[A] [“실례지만 선생께서는 8․15 직후에 무슨 청년당 일에……?”
온 씨의 어조가 진지한 것이 아니었다면 허명두 씨는 
욕설을 퍼부어 네가 무슨 사찰 요원이냐고 따질 뻔하였다. 
하지만 허명두 씨는 오랜만에 증오가 되살아나서 온 씨를 
냉담하게 바라보며 입을 열었다.
“8ㆍ15 직후라? 그때 참 별의별 못난 것들이 제 세상 
만났다고 착각하며 날뛰었지요.”
“역시 그러셨구만.”
“왜? 나를 본 적이라도?”
“많이 보았지요. 지금도 많이 보고 있고, 이봐요. 허 선생. 
더 이상 서툰 짓은 하지 마시오. 당신이 무슨 짓을 꾸미고 
있는지 다들 알고 있소. 그런데 이제 당신 같은 사람들이 
날뛰던 시대는 서서히 지나가고 있는 거요. 우리의 피땀
으로 이룩한 독가촌을 가지고 서툰 짓을 벌이려고 하다
가는 당신이 온전치는 못할 거요.”
“나한테 협박을 하는 것이라면…… 그런 협박은 하나도 
무섭지 않으니 어디 한번 해볼 대로 해보라지.”
허명두 씨는 증오를 억누르며 말했는데 온 씨도 거연히 
일어났다.
“내가 한 말 명심하시오. 당신 같은 사람이 날뛰던 시대는 
서서히 지나가고 있다는 것을.”]([A]의 밑줄)
그러고 나서 온 씨는 가 버렸는데, 독가촌 일대에는 금방 그 
소문이 돌 대로 돌았다. 온 씨가 만나는 사람에게마다 ⓐ[이야기](ⓐ의 밑줄)를 
퍼뜨렸기 때문이었다.
허명두 씨로서는 마지막 안간힘을 내어 그가 일으켜 보려는 
이번 싸움이 과거 어느 때보다도 어렵다는 것은 알고 있었다. 
그리고 온 씨의 말이 단순한 협박만은 아니라는 것도 알았다. 
㉡[그러나 그렇기는 하지만 명분이나 사리의 옳음이란 것이 싸움에 
무슨 필요가 있단 말인가.](㉡의 밑줄)
이러한 사단이 벌어지게 된 것은 다름이 아니었다. 아무도 
거들떠보지 않던 심심산골, 불모의 황무지였던 이곳 독가촌 
일대가 하루아침에 각광을 받는 지대로 둔갑이 되었기 때문에 
생긴 일이었다. 특히 독가촌은 오늘의 달라진 인문지리의 환경
으로 따져 보았을 적에 고속도로와 접속이 되게 될 교통 요충
지가 되었을 뿐 아니라 관광지로서의 좋은 조건을 모두 구비
하고 있다는 것이었다.
[중략 부분 줄거리] 허명두는 온 씨와의 언쟁 전에 있었던, 외부 
기업 측으로부터 독가촌의 주택 매입을 요청받은 일을 회상한다.
행정 당국은 지목(地目) 변경은 해 두었지만 서류상으로는 그 
모든 가옥들이 무허가 주택이나 다름없었으며, 따라서 집들의 
매매는 권리금에 다름이 아니었다. 물론 불하를 내게 될 적에는 
이미 지어진 집 임자에게 기득권을 부여하게 될 터이었다. 
허명두 씨가 관청을 들락거리고 야금야금 집들을 사두게 된 
것이 이 때문이었다.
그러다가 그는 ⓑ[소문](ⓑ의 밑줄)을 듣고 찾아온 온 씨와 만나 언쟁을 
벌이게 되었던 것이지만, 온 씨가 무슨 이야기를 하고 싶어
하는지 모르는 바는 아니었다. ㉢[전국 각처에서 찾아든 사람들이 
이곳 독가촌에 정착하여 그럭저럭 안정을 얻을 만하게 된 이즈음 
이곳이 외부의 자본에 의해 관광지로 돼 버린다면 도대체 이 
사람들은 또 어느 곳으로 찾아들어 가 얼마만큼 방황을 해야 
한다는 말인가?](㉢의 밑줄) 그러니 두메산골이었던 곳을 피땀 흘려 오늘의 
독가촌으로 개척해 온 이곳 사람들이 이 마을을 지켜야 한다는 
것이 틀린 말일 수는 없는 것이었다. 더구나 농촌 부락으로서는 
어느 정도 자립할 수 있는 터전도 굳혀 놓은 게 사실이었다. 
온 씨의 주장은 옳은 것이었다. 허명두 씨의 입장에서도 그것은 
부정할 수 없었다. 피땀 흘려 가꾼 땅이 도시의 온갖 잡것들이 
논다니를 치는 관광지로 되려는 것을 어찌 귀농 개척자들이 
가만 보고만 있을 것인가. 하지만 그런 사리만을 가지고는 
모자라는 것이 현실인 것이고, 그 모자라는 부분을 채워 놓고 
있는 게 무엇이겠느냐를 따져 보면서 허명두 씨는 웃음을 짓는 
것이었다. 대한청년단 시절의 일하며 화랑동지회의 체험들을 
그가 요 근래 부쩍 회상해 보는 것도 그 때문이었다. ㉣[명분
보다는 실리를 추구해 오는 측이 항상 이겨 오고 있었던 게 
아닌가.](㉣의 밑줄) 온 씨가 찾아와서 자신에게 하였던 말을 그가 곰곰 
생각해 보는 것도 그 때문이었다. ‘이제 당신 같은 사람들이 
날뛰던 시대는 서서히 지나가고 있다’는 말을 그는 물론 실감
으로 받아들이고는 있으되, ㉤[문제는 그것이 아직까지는 완전히 
지나간 게 아니라는 데 있었다.](㉤의 밑줄)
- 박태순, ｢독가촌 풍경｣-

질문 :
질문 :
<보기>를 참고하여 ㉠～㉤을 이해한 내용으로 적절하지 않은 
것은? [3점]
    
선택지 :
1번 - ㉠: 인물과 상대를 ‘두 종류의 인간군’으로 일반화함으로써 상대와의 인식 차이가 좁힐 수 없는 것임을 드러내어, 상대와 소통이 어렵다는 인물의 생각이 타당한 것처럼 서술하였다.
2번 - ㉡: 마을의 상황을 ‘싸움’으로 주관화함으로써 상대가 추구하는 ‘사리의 옳음’이 싸움에서 이기는 데에 유용하지 않음을 드러내어, 인물의 생각이 타당한 것처럼 서술하였다.
3번 - ㉢: 상황 변화가 ‘안정’을 위협한다는 상대의 생각을 헤아림으로써 변화의 부정성을 인정하면서도 무엇이 변화의 원인인지는 달리 보아, 인물의 왜곡된 시선이 드러나도록 서술하였다.
4번 - ㉣: ‘실리’를 추구한 측이 언제나 우위를 차지했다며 과거의 경험을 일반화함으로써 현재 상황에서도 실리가 우선되어야 한다고 합리화하여, 인물의 생각이 타당한 것처럼 서술하였다.
5번 - ㉤: ‘그것’이 지나가고 있음에도 ‘아직’은 유효하다고 주관화함으로써 현실의 변화를 인식하면서도 기존의 선택을 고수하여, 인물의 자기중심적 태도가 드러나도록 서술하였다.

<보기>
<보 기>
윗글에서 서술자는 부정적 인물인 허명두에게 초점화하여 
그의 내면을 서술하였다. 이를 통해 허명두가 자신의 생각이나 
경험을 일반화하거나, 주어진 상황을 주관화하거나, 상대의 
생각을 헤아리는 모습을 보여 준다. 이는 인물의 생각을 타당한 
것처럼 보이게 하지만 한편으로는 상황을 자신에게 유리하게 
해석하는 인물의 태도를 드러내어, 서술의 이면에 그 부정성에 
대한 서술자의 비판이 함께 있음을 보여 준다.


문제를 풀이할 때, 반드시 지문을 참고하세요. 문제는 무조건 1개의 정답만 있습니다. 문제를 풀이할 때 모든 선택지들을 검토하세요.
먼저 문제를 이해하고, 문제 해결을 위하여 계획을 세워보세요.
그 다음, 문제를 해결하기 위해 그 계획에 따라 단계별로 실행하세요.

다음의 형식을 따라 답변하세요.
1번: (선택지 1번에 대한 답변) + ""(지문 속 근거가 된 문장)""
2번: (선택지 2번에 대한 답변) + ""(지문 속 근거가 된 문장)""
3번: (선택지 3번에 대한 답변) + ""(지문 속 근거가 된 문장)""
4번: (선택지 4번에 대한 답변) + ""(지문 속 근거가 된 문장)""
5번: (선택지 5번에 대한 답변) + ""(지문 속 근거가 된 문장)""
최종 정답: (최종 정답)

정답 :
",['3(3)'],"문제 해결 계획:
1. **문제 이해:** <보기>의 내용을 바탕으로 각 선택지가 지문 속 ㉠~㉤에 대한 적절한 해석인지 판단한다. 허명두의 내면 서술, 일반화, 주관화, 상대 생각 헤아림 등의 특징을 파악하고, 서술의 이면에 담긴 비판적 시각을 고려한다.
2. **선택지 분석 및 지문 대조:** 각 선택지를 꼼꼼히 읽고, 지문 속 해당 부분(㉠~㉤)과 관련된 내용을 찾아 비교한다. 선택지의 내용이 지문의 내용과 일치하는지, 허명두의 태도에 대한 <보기>의 분석이 적절한지 판단한다.
3. **오답 판별:** 각 선택지가 왜 오답인지 명확한 근거를 찾는다. <보기>의 내용과 어긋나는 점, 지문의 내용을 왜곡한 점, 허명두의 태도에 대한 잘못된 해석 등을 지적한다.
4. **정답 확정:** 모든 선택지를 검토한 후, 가장 적절하지 않은 선택지를 정답으로 확정한다.

문제 해결 실행:

1번: ㉠에 대한 답변: 적절하다. 허명두는 사람들을 '말이 통하지 않는 두 종류의 인간군'으로 일반화하며 소통의 어려움을 강조한다. 이는 허명두의 편협한 시각을 드러내고, 서술자는 이를 비판적으로 바라본다. + ""이 세상에서 서로 말이 통하지 않는 두 종류의 인간군들이 사는가 보았다.""
2번: ㉡에 대한 답변: 적절하다. 허명두는 상황을 '싸움'으로 주관화하고, '명분이나 사리의 옳음'보다 싸움에서의 승리가 중요하다고 생각한다. 이는 허명두의 목적 지향적인 태도를 보여주며, 서술자는 이를 비판적으로 바라본다. + ""그러나 그렇기는 하지만 명분이나 사리의 옳음이란 것이 싸움에 무슨 필요가 있단 말인가.""
3번: ㉢에 대한 답변: 적절하지 않다. 허명두는 온 씨의 생각을 일부 헤아리는 듯하지만, 근본적으로는 독가촌이 관광지로 개발되는 상황을 자신에게 유리하게 이용하려는 태도를 보인다. 온 씨의 생각을 헤아리는 것이 '변화의 원인'을 달리 보는 것과 연결된다고 보기는 어렵다. 허명두는 변화의 원인을 외부 자본의 유입으로 보며, 이를 이용하여 이득을 취하려 한다. 따라서 허명두의 왜곡된 시선이 드러난다고 해석하는 것은 적절하지 않다. + ""전국 각처에서 찾아든 사람들이 이곳 독가촌에 정착하여 그럭저럭 안정을 얻을 만하게 된 이즈음 이곳이 외부의 자본에 의해 관광지로 돼 버린다면 도대체 이 사람들은 또 어느 곳으로 찾아들어 가 얼마만큼 방황을 해야 한다는 말인가?""
4번: ㉣에 대한 답변: 적절하다. 허명두는 과거 경험을 일반화하여 '실리' 추구가 항상 승리해 왔다고 믿으며, 현재 상황에서도 실리가 우선되어야 한다고 합리화한다. 이는 허명두의 기회주의적인 면모를 드러내며, 서술자는 이를 비판적으로 바라본다. + ""명분보다는 실리를 추구해 오는 측이 항상 이겨 오고 있었던 게 아닌가.""
5번: ㉤에 대한 답변: 적절하다. 허명두는 '당신 같은 사람들이 날뛰던 시대는 서서히 지나가고 있다'는 온 씨의 말을 인정하면서도, '아직까지는 완전히 지나간 게 아니'라고 생각하며 기존의 방식을 고수하려 한다. 이는 허명두의 변화에 대한 저항과 자기중심적인 태도를 보여준다. + ""문제는 그것이 아직까지는 완전히 지나간 게 아니라는 데 있었다.""

최종 정답: 3
",3
2026_11_KICE_31-34_0,['2(2)'],"국어 시험 문제를 푸는 대한민국의 똑똑한 고3 수험생으로서 위의 요약을 바탕으로 다음 문제의 답을 구하세요.
지문을 읽고, 질문에 대한 답을 1부터 5까지의 선택지 중에 한 개만 골라서 대답해야 합니다.

지문 :
다음 글을 읽고 물음에 답하시오.
(가)
온성이 몇 리런고 ㉠[우리 말이 지쳤구나](㉠의 밑줄)
서성 밖에 잠깐 쉬어 말 얻어 먹이려니
홀연히 소주 장사 앞에 와 팔려 하니
그 술을 먹어 보자 ㉡[촌인(村人)의 솜씨 아녀](㉡의 밑줄)
분명 관가 술일네 그 곡절 모를쏘냐
이 사람이 술 즐김을 태수가 들었더라
미리 독에 빚어 예 와서 기다린 지
여러 날이 되었더라 ㉢[수상히 오는 손](㉢의 밑줄)을
나인 줄 짐작하고 짐짓 싸게 파는구나
자연히 이 소식을 바람결에 들으니
알은체 무엇 하리 담뱃대 둘을 주고
한 병을 기울이니 감홍로와 진배없네
㉣[유심터라 이 부사야](㉣의 밑줄) 너 언제 날 알더냐
여기에서 종성 가기 오십 리가 된다 하니
바삐 가는 저문 길에 얼음 밑에 빠지고나
버선 행전 다 적시고 동태가 되었더라
이 몰골 이 거동을 남 뵈기 부끄럽다
만인 중에 출두하고 남여 위에 높게 앉아
㉤[억지로 발 드리운들](㉤의 밑줄) 그 누가 저어하리
(중략)
여러 달 주리다가 혹시 혹시 출두하면
음식은 장하건만 하나나 살로 가랴
여러 날 칩떨다가 더운 방에 들어오면
가슴에 열이 나니 먹느니 냉수로다
뉘라서 어사 벼슬 좋다고 하던가
봉고파출* 쾌한 일가 형문 곤장 차마 하랴
못할 일 마지못하니 제 심정 글러지고
송사 진 이 원통하여 몹쓸 말 지어내니
모르는 이 어이 알리 그 말을 곧이듣네
고맙단 이 잠깐이오 원수는 대대로다
괴롭기는 저 혼자라 못할 것이 어사로다
- 구강, ｢북새곡｣-
* 봉고파출: 어사가 고을 원을 파면하고 관가의 창고를 잠금.
(나)
이 시름 저 시름 여러 가지 시름 ⓐ[방패연](ⓐ의 밑줄)에 세세히 적어
정월 대보름에 서풍이 고이 불 제 하얀 실 한 얼레를 끝까지 
풀어 띄울 제 큰 잔에 술을 부어 마지막 전송하자 둥게 둥게 
둥둥 떠서 높고 높이 솟아올라 백룡의 굽이같이 굼틀뒤틀 뒤틀
어져 구름 속에 들거고나 동해 바다 건너가서 외로이 섰는 
나무에 걸렸다가
풍소소 우낙락할 제* 자연 소멸 하여라
- 작자 미상, 사설시조-
* 풍소소(風蕭蕭) 우낙락(雨落落)할 제: 바람 솔솔 불고 비가 후둑
후둑 내릴 때에.
(다)
강원도 설화지를 제 크기로 ⓑ[연](ⓑ의 밑줄)을 지어
대사(大絲) 황사(黃絲) 백사(白絲) 줄을 통 얼레에 살이 없이 
바람이 한창인 제 삼간 퇴김 사간 근두* 반공에 솟아올라 구름에 
걸쳤으니 풍력도 있거니와 줄맥*이 없이 그러하랴
먼 데 임 줄맥을 길게 대어 낚아 올까 하노라
- 작자 미상, 사설시조-
* 삼간 퇴김 사간 근두: 갖은 재주를 부려 연을 날리는 것을 말함.
* 줄맥(脈) : 줄의 힘.

질문 :
질문 :
(가), (나)에 대한 설명으로 가장 적절한 것은?
    
선택지 :
1번 - (가)는 남의 말을 인용하여 목적지의 위험성을 드러내고 있다.
2번 - (가)는 대구와 대조 표현을 함께 사용하여 화자의 괴로운 처지를 드러내고 있다.
3번 - (나)는 가상의 존재에 빗대는 표현을 사용하여 자연 현상의 변화를 드러내고 있다.
4번 - (나)는 방위의 의미를 포함한 두 어휘를 사용하여 대상이 서로 반대 방향으로 이동함을 드러내고 있다.
5번 - (가)와 (나)는 모두, 색채를 나타내는 표현을 통해 배경 속에서 대상의 움직임을 뚜렷하게 드러내고 있다.


문제를 풀이할 때, 반드시 지문을 참고하세요. 문제는 무조건 1개의 정답만 있습니다. 문제를 풀이할 때 모든 선택지들을 검토하세요.
먼저 문제를 이해하고, 문제 해결을 위하여 계획을 세워보세요.
그 다음, 문제를 해결하기 위해 그 계획에 따라 단계별로 실행하세요.

다음의 형식을 따라 답변하세요.
1번: (선택지 1번에 대한 답변) + ""(지문 속 근거가 된 문장)""
2번: (선택지 2번에 대한 답변) + ""(지문 속 근거가 된 문장)""
3번: (선택지 3번에 대한 답변) + ""(지문 속 근거가 된 문장)""
4번: (선택지 4번에 대한 답변) + ""(지문 속 근거가 된 문장)""
5번: (선택지 5번에 대한 답변) + ""(지문 속 근거가 된 문장)""
최종 정답: (최종 정답)

정답 :
",['2(2)'],"문제 해결 계획:

1. 각 선택지를 꼼꼼히 읽고, (가)와 (나) 지문에 제시된 내용과 일치하는지 확인한다.
2. 각 선택지에 제시된 표현 기법이 실제로 사용되었는지, 그리고 그 표현 기법이 제시된 효과를 나타내는지 분석한다.
3. (가)와 (나) 모두에 해당하는 선택지가 있는지 확인한다.
4. 가장 적절한 선택지를 고른다.

문제 해결 실행:

1번: (가)는 남의 말을 인용하는 부분이 없다. 따라서 오답이다.
2번: (가)에서 대구는 찾기 어렵고, 대조적인 상황이 드러나는 부분도 직접적으로 '괴로운 처지'를 강조한다고 보기 어렵다. 따라서 오답이다.
3번: (나)에서 '백룡의 굽이'는 가상의 존재에 빗댄 표현이지만, 자연 현상의 변화를 드러낸다고 보기 어렵다. 연의 움직임을 묘사하는 데 사용되었다. 따라서 오답이다.
4번: (나)에서 '서풍', '동해'는 방위의 의미를 포함하지만, 대상(연)이 서로 반대 방향으로 이동한다고 단정하기 어렵다. 연은 서풍에 의해 떠올라 동해 쪽으로 날아가는 이미지를 보여준다. 따라서 정답이 될 가능성이 있다. ""정월 대보름에 서풍이 고이 불 제 하얀 실 한 얼레를 끝까지 풀어 띄울 제... 동해 바다 건너가서""
5번: (가)와 (나) 모두에서 뚜렷한 색채 표현을 찾기 어렵다. (나)에 '하얀 실'이 있지만, 배경 속에서 대상의 움직임을 뚜렷하게 드러낸다고 보기 어렵다. 따라서 오답이다.

최종 정답: 4
",0
2026_11_KICE_31-34_1,['4(2)'],"국어 시험 문제를 푸는 대한민국의 똑똑한 고3 수험생으로서 위의 요약을 바탕으로 다음 문제의 답을 구하세요.
지문을 읽고, 질문에 대한 답을 1부터 5까지의 선택지 중에 한 개만 골라서 대답해야 합니다.

지문 :
다음 글을 읽고 물음에 답하시오.
(가)
온성이 몇 리런고 ㉠[우리 말이 지쳤구나](㉠의 밑줄)
서성 밖에 잠깐 쉬어 말 얻어 먹이려니
홀연히 소주 장사 앞에 와 팔려 하니
그 술을 먹어 보자 ㉡[촌인(村人)의 솜씨 아녀](㉡의 밑줄)
분명 관가 술일네 그 곡절 모를쏘냐
이 사람이 술 즐김을 태수가 들었더라
미리 독에 빚어 예 와서 기다린 지
여러 날이 되었더라 ㉢[수상히 오는 손](㉢의 밑줄)을
나인 줄 짐작하고 짐짓 싸게 파는구나
자연히 이 소식을 바람결에 들으니
알은체 무엇 하리 담뱃대 둘을 주고
한 병을 기울이니 감홍로와 진배없네
㉣[유심터라 이 부사야](㉣의 밑줄) 너 언제 날 알더냐
여기에서 종성 가기 오십 리가 된다 하니
바삐 가는 저문 길에 얼음 밑에 빠지고나
버선 행전 다 적시고 동태가 되었더라
이 몰골 이 거동을 남 뵈기 부끄럽다
만인 중에 출두하고 남여 위에 높게 앉아
㉤[억지로 발 드리운들](㉤의 밑줄) 그 누가 저어하리
(중략)
여러 달 주리다가 혹시 혹시 출두하면
음식은 장하건만 하나나 살로 가랴
여러 날 칩떨다가 더운 방에 들어오면
가슴에 열이 나니 먹느니 냉수로다
뉘라서 어사 벼슬 좋다고 하던가
봉고파출* 쾌한 일가 형문 곤장 차마 하랴
못할 일 마지못하니 제 심정 글러지고
송사 진 이 원통하여 몹쓸 말 지어내니
모르는 이 어이 알리 그 말을 곧이듣네
고맙단 이 잠깐이오 원수는 대대로다
괴롭기는 저 혼자라 못할 것이 어사로다
- 구강, ｢북새곡｣-
* 봉고파출: 어사가 고을 원을 파면하고 관가의 창고를 잠금.
(나)
이 시름 저 시름 여러 가지 시름 ⓐ[방패연](ⓐ의 밑줄)에 세세히 적어
정월 대보름에 서풍이 고이 불 제 하얀 실 한 얼레를 끝까지 
풀어 띄울 제 큰 잔에 술을 부어 마지막 전송하자 둥게 둥게 
둥둥 떠서 높고 높이 솟아올라 백룡의 굽이같이 굼틀뒤틀 뒤틀
어져 구름 속에 들거고나 동해 바다 건너가서 외로이 섰는 
나무에 걸렸다가
풍소소 우낙락할 제* 자연 소멸 하여라
- 작자 미상, 사설시조-
* 풍소소(風蕭蕭) 우낙락(雨落落)할 제: 바람 솔솔 불고 비가 후둑
후둑 내릴 때에.
(다)
강원도 설화지를 제 크기로 ⓑ[연](ⓑ의 밑줄)을 지어
대사(大絲) 황사(黃絲) 백사(白絲) 줄을 통 얼레에 살이 없이 
바람이 한창인 제 삼간 퇴김 사간 근두* 반공에 솟아올라 구름에 
걸쳤으니 풍력도 있거니와 줄맥*이 없이 그러하랴
먼 데 임 줄맥을 길게 대어 낚아 올까 하노라
- 작자 미상, 사설시조-
* 삼간 퇴김 사간 근두: 갖은 재주를 부려 연을 날리는 것을 말함.
* 줄맥(脈) : 줄의 힘.

질문 :
질문 :
㉠～㉤에 대한 이해로 적절하지 않은 것은?
    
선택지 :
1번 - ㉠은 행로를 잠시 멈추게 된 이유가 되는 인식으로, 서성 밖까지 이르는 여정이 고단했음을 드러내고 있다.
2번 - ㉡은 술맛에 대한 평가로, 장사가 홀연히 등장했다는 인식과 함께 술의 출처를 판단하는 근거가 된다.
3번 - ㉢은 장사에게 화자가 어떻게 보였을지 추측한 진술로, 화자에게 물건을 싸게 판 이유를 추정하는 단서가 되고 있다.
4번 - ㉣은 이 부사에 대한 평가로, 좋은 술을 얻은 것은 그가 옛 인연이 있었던 화자를 알아보았기 때문이라는 생각을 바탕으로 한다.
5번 - ㉤은 발을 내려 모습을 가리는 행위의 효과를 의심하는 표현으로, 위엄을 세우기 어렵겠다는 인식과 연결되고 있다.


문제를 풀이할 때, 반드시 지문을 참고하세요. 문제는 무조건 1개의 정답만 있습니다. 문제를 풀이할 때 모든 선택지들을 검토하세요.
먼저 문제를 이해하고, 문제 해결을 위하여 계획을 세워보세요.
그 다음, 문제를 해결하기 위해 그 계획에 따라 단계별로 실행하세요.

다음의 형식을 따라 답변하세요.
1번: (선택지 1번에 대한 답변) + ""(지문 속 근거가 된 문장)""
2번: (선택지 2번에 대한 답변) + ""(지문 속 근거가 된 문장)""
3번: (선택지 3번에 대한 답변) + ""(지문 속 근거가 된 문장)""
4번: (선택지 4번에 대한 답변) + ""(지문 속 근거가 된 문장)""
5번: (선택지 5번에 대한 답변) + ""(지문 속 근거가 된 문장)""
최종 정답: (최종 정답)

정답 :
",['4(2)'],"1번: 적절합니다. ""온성이 몇 리런고 우리 말이 지쳤구나""에서 화자가 서성 밖까지 오는 여정이 고단하여 말을 쉬게 하려 했다는 것을 알 수 있습니다.
2번: 적절합니다. ""그 술을 먹어 보자 촌인의 솜씨 아녀 분명 관가 술일네""에서 술맛을 평가하고, 장사의 등장과 함께 술의 출처를 관가 술로 판단하는 근거가 됩니다.
3번: 적절합니다. ""수상히 오는 손을 나인 줄 짐작하고 짐짓 싸게 파는구나""에서 장사가 화자를 알아보고 싸게 팔았다고 추정하는 단서가 됩니다.
4번: 적절합니다. ""유심터라 이 부사야 너 언제 날 알더냐""에서 좋은 술을 얻은 이유가 부사가 화자를 알아보았기 때문이라는 생각을 드러냅니다.
5번: 부적절합니다. ""억지로 발 드리운들 그 누가 저어하리""는 억지로 발을 들여 위엄을 세운다고 해도 누가 막겠냐는 의미로, 위엄을 세울 수 없다는 인식이 아니라 위엄을 억지로라도 세울 수 있다는 인식을 드러냅니다.

최종 정답: 5
",0
2026_11_KICE_31-34_2,['1(2)'],"국어 시험 문제를 푸는 대한민국의 똑똑한 고3 수험생으로서 위의 요약을 바탕으로 다음 문제의 답을 구하세요.
지문을 읽고, 질문에 대한 답을 1부터 5까지의 선택지 중에 한 개만 골라서 대답해야 합니다.

지문 :
다음 글을 읽고 물음에 답하시오.
(가)
온성이 몇 리런고 ㉠[우리 말이 지쳤구나](㉠의 밑줄)
서성 밖에 잠깐 쉬어 말 얻어 먹이려니
홀연히 소주 장사 앞에 와 팔려 하니
그 술을 먹어 보자 ㉡[촌인(村人)의 솜씨 아녀](㉡의 밑줄)
분명 관가 술일네 그 곡절 모를쏘냐
이 사람이 술 즐김을 태수가 들었더라
미리 독에 빚어 예 와서 기다린 지
여러 날이 되었더라 ㉢[수상히 오는 손](㉢의 밑줄)을
나인 줄 짐작하고 짐짓 싸게 파는구나
자연히 이 소식을 바람결에 들으니
알은체 무엇 하리 담뱃대 둘을 주고
한 병을 기울이니 감홍로와 진배없네
㉣[유심터라 이 부사야](㉣의 밑줄) 너 언제 날 알더냐
여기에서 종성 가기 오십 리가 된다 하니
바삐 가는 저문 길에 얼음 밑에 빠지고나
버선 행전 다 적시고 동태가 되었더라
이 몰골 이 거동을 남 뵈기 부끄럽다
만인 중에 출두하고 남여 위에 높게 앉아
㉤[억지로 발 드리운들](㉤의 밑줄) 그 누가 저어하리
(중략)
여러 달 주리다가 혹시 혹시 출두하면
음식은 장하건만 하나나 살로 가랴
여러 날 칩떨다가 더운 방에 들어오면
가슴에 열이 나니 먹느니 냉수로다
뉘라서 어사 벼슬 좋다고 하던가
봉고파출* 쾌한 일가 형문 곤장 차마 하랴
못할 일 마지못하니 제 심정 글러지고
송사 진 이 원통하여 몹쓸 말 지어내니
모르는 이 어이 알리 그 말을 곧이듣네
고맙단 이 잠깐이오 원수는 대대로다
괴롭기는 저 혼자라 못할 것이 어사로다
- 구강, ｢북새곡｣-
* 봉고파출: 어사가 고을 원을 파면하고 관가의 창고를 잠금.
(나)
이 시름 저 시름 여러 가지 시름 ⓐ[방패연](ⓐ의 밑줄)에 세세히 적어
정월 대보름에 서풍이 고이 불 제 하얀 실 한 얼레를 끝까지 
풀어 띄울 제 큰 잔에 술을 부어 마지막 전송하자 둥게 둥게 
둥둥 떠서 높고 높이 솟아올라 백룡의 굽이같이 굼틀뒤틀 뒤틀
어져 구름 속에 들거고나 동해 바다 건너가서 외로이 섰는 
나무에 걸렸다가
풍소소 우낙락할 제* 자연 소멸 하여라
- 작자 미상, 사설시조-
* 풍소소(風蕭蕭) 우낙락(雨落落)할 제: 바람 솔솔 불고 비가 후둑
후둑 내릴 때에.
(다)
강원도 설화지를 제 크기로 ⓑ[연](ⓑ의 밑줄)을 지어
대사(大絲) 황사(黃絲) 백사(白絲) 줄을 통 얼레에 살이 없이 
바람이 한창인 제 삼간 퇴김 사간 근두* 반공에 솟아올라 구름에 
걸쳤으니 풍력도 있거니와 줄맥*이 없이 그러하랴
먼 데 임 줄맥을 길게 대어 낚아 올까 하노라
- 작자 미상, 사설시조-
* 삼간 퇴김 사간 근두: 갖은 재주를 부려 연을 날리는 것을 말함.
* 줄맥(脈) : 줄의 힘.

질문 :
질문 :
ⓐ, ⓑ에 대한 이해로 가장 적절한 것은?
    
선택지 :
1번 - ⓐ는 감긴 실을 끝까지 풀어서 멀리 떠나보내려는 대상이다.
2번 - ⓐ는 비를 기원하여 바다 건너 자연물에 걸어 두려는 대상이다.
3번 - ⓑ는 바람이 잦아들었을 때 하늘에 유유히 띄워 두는 대상이다.
4번 - ⓐ와 ⓑ는 모두, 임에게 보내려는 전언을 담고 있는 대상이다.
5번 - ⓐ와 ⓑ는 모두, 집단의 의지를 실현하기 위해 날리는 대상이다.


문제를 풀이할 때, 반드시 지문을 참고하세요. 문제는 무조건 1개의 정답만 있습니다. 문제를 풀이할 때 모든 선택지들을 검토하세요.
먼저 문제를 이해하고, 문제 해결을 위하여 계획을 세워보세요.
그 다음, 문제를 해결하기 위해 그 계획에 따라 단계별로 실행하세요.

다음의 형식을 따라 답변하세요.
1번: (선택지 1번에 대한 답변) + ""(지문 속 근거가 된 문장)""
2번: (선택지 2번에 대한 답변) + ""(지문 속 근거가 된 문장)""
3번: (선택지 3번에 대한 답변) + ""(지문 속 근거가 된 문장)""
4번: (선택지 4번에 대한 답변) + ""(지문 속 근거가 된 문장)""
5번: (선택지 5번에 대한 답변) + ""(지문 속 근거가 된 문장)""
최종 정답: (최종 정답)

정답 :
",['1(2)'],"문제 해결 계획:
1. 각 선택지를 꼼꼼히 읽고, 지문 (나)와 (다)를 다시 확인하면서 선택지의 내용이 지문과 일치하는지 확인한다.
2. 각 선택지에 대해 지문에서 근거가 되는 부분을 찾아 제시한다.
3. 모든 선택지를 검토한 후, 가장 적절한 답을 고른다.

문제 해결 실행:
1번: ⓐ는 감긴 실을 끝까지 풀어서 멀리 떠나보내려는 대상이다. + ""(나) 이 시름 저 시름 여러 가지 시름 ⓐ[방패연]에 세세히 적어 / 정월 대보름에 서풍이 고이 불 제 하얀 실 한 얼레를 끝까지 풀어 띄울 제""
2번: ⓐ는 비를 기원하여 바다 건너 자연물에 걸어 두려는 대상이다. + ""(나) 동해 바다 건너가서 외로이 섰는 나무에 걸렸다가 / 풍소소 우낙락할 제 자연 소멸 하여라"" - 비를 기원한다는 내용은 직접적으로 드러나 있지 않음. 시름을 적어 날려보내 자연 소멸되길 바라는 내용임.
3번: ⓑ는 바람이 잦아들었을 때 하늘에 유유히 띄워 두는 대상이다. + ""(다) 바람이 한창인 제 삼간 퇴김 사간 근두 반공에 솟아올라 구름에 걸쳤으니"" - 바람이 잦아들었을 때가 아니라 바람이 한창일 때 날리는 대상임.
4번: ⓐ와 ⓑ는 모두, 임에게 보내려는 전언을 담고 있는 대상이다. + ""(나) 이 시름 저 시름 여러 가지 시름 ⓐ[방패연]에 세세히 적어"" ""(다) 먼 데 임 줄맥을 길게 대어 낚아 올까 하노라"" - ⓐ는 시름을 적어 날려보내는 대상이고, ⓑ는 '먼 데 임'을 낚아 올까 하는 내용이 있으므로 임과 관련이 있다고 볼 수 있음. 그러나 ⓑ가 임에게 보내려는 전언을 담고 있다는 직접적인 언급은 없음.
5번: ⓐ와 ⓑ는 모두, 집단의 의지를 실현하기 위해 날리는 대상이다. + 지문 (나)와 (다) 어디에도 집단의 의지를 실현하기 위해 연을 날린다는 내용은 나타나 있지 않음.

최종 정답: 1
",2
2026_11_KICE_31-34_3,['3(3)'],"국어 시험 문제를 푸는 대한민국의 똑똑한 고3 수험생으로서 위의 요약을 바탕으로 다음 문제의 답을 구하세요.
지문을 읽고, 질문에 대한 답을 1부터 5까지의 선택지 중에 한 개만 골라서 대답해야 합니다.

지문 :
다음 글을 읽고 물음에 답하시오.
(가)
온성이 몇 리런고 ㉠[우리 말이 지쳤구나](㉠의 밑줄)
서성 밖에 잠깐 쉬어 말 얻어 먹이려니
홀연히 소주 장사 앞에 와 팔려 하니
그 술을 먹어 보자 ㉡[촌인(村人)의 솜씨 아녀](㉡의 밑줄)
분명 관가 술일네 그 곡절 모를쏘냐
이 사람이 술 즐김을 태수가 들었더라
미리 독에 빚어 예 와서 기다린 지
여러 날이 되었더라 ㉢[수상히 오는 손](㉢의 밑줄)을
나인 줄 짐작하고 짐짓 싸게 파는구나
자연히 이 소식을 바람결에 들으니
알은체 무엇 하리 담뱃대 둘을 주고
한 병을 기울이니 감홍로와 진배없네
㉣[유심터라 이 부사야](㉣의 밑줄) 너 언제 날 알더냐
여기에서 종성 가기 오십 리가 된다 하니
바삐 가는 저문 길에 얼음 밑에 빠지고나
버선 행전 다 적시고 동태가 되었더라
이 몰골 이 거동을 남 뵈기 부끄럽다
만인 중에 출두하고 남여 위에 높게 앉아
㉤[억지로 발 드리운들](㉤의 밑줄) 그 누가 저어하리
(중략)
여러 달 주리다가 혹시 혹시 출두하면
음식은 장하건만 하나나 살로 가랴
여러 날 칩떨다가 더운 방에 들어오면
가슴에 열이 나니 먹느니 냉수로다
뉘라서 어사 벼슬 좋다고 하던가
봉고파출* 쾌한 일가 형문 곤장 차마 하랴
못할 일 마지못하니 제 심정 글러지고
송사 진 이 원통하여 몹쓸 말 지어내니
모르는 이 어이 알리 그 말을 곧이듣네
고맙단 이 잠깐이오 원수는 대대로다
괴롭기는 저 혼자라 못할 것이 어사로다
- 구강, ｢북새곡｣-
* 봉고파출: 어사가 고을 원을 파면하고 관가의 창고를 잠금.
(나)
이 시름 저 시름 여러 가지 시름 ⓐ[방패연](ⓐ의 밑줄)에 세세히 적어
정월 대보름에 서풍이 고이 불 제 하얀 실 한 얼레를 끝까지 
풀어 띄울 제 큰 잔에 술을 부어 마지막 전송하자 둥게 둥게 
둥둥 떠서 높고 높이 솟아올라 백룡의 굽이같이 굼틀뒤틀 뒤틀
어져 구름 속에 들거고나 동해 바다 건너가서 외로이 섰는 
나무에 걸렸다가
풍소소 우낙락할 제* 자연 소멸 하여라
- 작자 미상, 사설시조-
* 풍소소(風蕭蕭) 우낙락(雨落落)할 제: 바람 솔솔 불고 비가 후둑
후둑 내릴 때에.
(다)
강원도 설화지를 제 크기로 ⓑ[연](ⓑ의 밑줄)을 지어
대사(大絲) 황사(黃絲) 백사(白絲) 줄을 통 얼레에 살이 없이 
바람이 한창인 제 삼간 퇴김 사간 근두* 반공에 솟아올라 구름에 
걸쳤으니 풍력도 있거니와 줄맥*이 없이 그러하랴
먼 데 임 줄맥을 길게 대어 낚아 올까 하노라
- 작자 미상, 사설시조-
* 삼간 퇴김 사간 근두: 갖은 재주를 부려 연을 날리는 것을 말함.
* 줄맥(脈) : 줄의 힘.

질문 :
질문 :
<보기>를 참고하여 (가)～(다)를 감상한 내용으로 적절하지 않은 것은? [3점]
    
선택지 :
1번 - (가)에서 얼음물에 빠져 ‘버선 행전’ 다 적시는 대목은 경험을 실감 나게 보여 주면서 화자를 장면 속에서 대상화하여 ‘동태가 되었더라’라고 우스꽝스럽게 표현하는군.
2번 - (나)는 정월 보름날에 ‘큰 잔에 술을’ 붓는 행위로 예를 갖추며 연을 ‘마지막 전송’하는 모습을 통해 평안함에 대한 화자의 바람을 담아내는군.
3번 - (다)에서 연이 ‘솟아올라 구름’에 걸치는 것을 보고 화자가 연줄의 힘을 빌려 ‘먼 데 임’에게 가려고 하는 것은 대상의 역동성이 화자의 욕망을 불러일으키는 모습을 보여 주는군.
4번 - (가)에서 ‘가슴에 열’이 나서 ‘냉수’를 먹는 행위는 임무 수행 에서 느낄 수 있는 고충을 드러내고, (나)에서 근심을 ‘세세히 적’는 행위는 문제 해소를 원하는 화자의 마음을 보여 주는군.
5번 - (나)는 연이 ‘굼틀뒤틀 뒤틀어져’ 올라가는 모습을 생동감 있게 묘사하여, (다)는 연의 재료를 ‘강원도 설화지’로 구체적으로 제시하고 ‘크기’까지 언급함으로써 대상 자체를 부각하는군.

<보기>
<보 기>
이 시가들은 경험의 실상과 외적 대상을 다양한 모습으로 
표현한다. (가)는 장면 속에서 묘사된 행위를 통해 정서나 
의미를 드러내기도 하고, 화자를 대상화하며 해학의 대상으로 
삼기도 한다. (나)와 (다)는 동일한 소재를 중심으로 시상을 
전개하며, 구체적이고 생동감 있는 표현을 통해 대상이 그 
자체로 부각되는 모습을 보여 준다. 하지만 (나)는 화자가 
가지고 있는 정서를 대상과 행위에 담아내고, (다)는 대상으로
부터 화자의 정서가 촉발되는 모습을 보여 준다.


문제를 풀이할 때, 반드시 지문을 참고하세요. 문제는 무조건 1개의 정답만 있습니다. 문제를 풀이할 때 모든 선택지들을 검토하세요.
먼저 문제를 이해하고, 문제 해결을 위하여 계획을 세워보세요.
그 다음, 문제를 해결하기 위해 그 계획에 따라 단계별로 실행하세요.

다음의 형식을 따라 답변하세요.
1번: (선택지 1번에 대한 답변) + ""(지문 속 근거가 된 문장)""
2번: (선택지 2번에 대한 답변) + ""(지문 속 근거가 된 문장)""
3번: (선택지 3번에 대한 답변) + ""(지문 속 근거가 된 문장)""
4번: (선택지 4번에 대한 답변) + ""(지문 속 근거가 된 문장)""
5번: (선택지 5번에 대한 답변) + ""(지문 속 근거가 된 문장)""
최종 정답: (최종 정답)

정답 :
",['3(3)'],"1번: 적절함. ""버선 행전 다 적시고 동태가 되었더라""에서 경험을 실감나게 보여주고, 화자를 대상화하여 우스꽝스럽게 표현하고 있다. (가)의 내용과 <보기>의 내용을 종합적으로 고려했을 때 적절하다.
2번: 적절함. (나)에서 ""큰 잔에 술을 부어 마지막 전송하자""라는 구절은 예를 갖추는 행위로 볼 수 있으며, 연을 날리며 평안을 바라는 화자의 마음을 담아낸다고 해석할 수 있다. <보기>에서 (나)는 화자가 가지고 있는 정서를 대상과 행위에 담아낸다고 설명하고 있다.
3번: 적절함. (다)에서 연이 ""솟아올라 구름에 걸쳤으니""라는 부분은 연의 역동성을 보여준다. 화자가 ""먼 데 임 줄맥을 길게 대어 낚아 올까 하노라""라고 생각하는 것은 연을 통해 임에게 가고자 하는 욕망을 드러내는 것으로 해석할 수 있다. <보기>에서 (다)는 대상으로부터 화자의 정서가 촉발되는 모습을 보여준다고 설명하고 있다.
4번: 부적절함. (가)에서 '가슴에 열'이 나서 '냉수'를 먹는 행위는 어사로서 겪는 고충을 드러내는 것이 맞다. 하지만 (나)에서 근심을 '세세히 적'는 행위는 문제 해소를 원하는 마음보다는 시름을 연에 담아 날려보내려는 소망을 보여주는 것이라고 해석하는 것이 더 적절하다. 즉, 문제 해소보다는 시름 해소를 원하는 마음을 드러낸다고 보는 것이 적절하다.
5번: 적절함. (나)에서 연이 ""굼틀뒤틀 뒤틀어져"" 올라가는 모습은 생동감 있게 묘사한 부분이다. (다)에서 ""강원도 설화지를 제 크기로 연을 지어""라는 구절은 연의 재료와 크기를 구체적으로 제시하여 대상을 부각하는 효과를 가진다. <보기>에서 구체적이고 생동감 있는 표현을 통해 대상이 그 자체로 부각되는 모습을 보여준다고 설명하고 있다.

최종 정답: 4
",0
2026_11_KICE_35-37_0,['2(2)'],"국어 시험 문제를 푸는 대한민국의 똑똑한 고3 수험생으로서 위의 요약을 바탕으로 다음 문제의 답을 구하세요.
지문을 읽고, 질문에 대한 답을 1부터 5까지의 선택지 중에 한 개만 골라서 대답해야 합니다.

지문 :
다음은 학생의 발표이다. 물음에 답하시오.
안녕하세요? 지난 수업 시간에는 우리나라의 평균 기온이 점점 
높아지고 있는 현상에 대해 조사하는 활동을 함께 했었는데요, 
그런데 여름철에도 낮은 기온을 유지해 시원한 곳이 있다고 
합니다. 바로 풍혈지라는 곳입니다. 저는 오늘 여러분께 이 
풍혈지에 대해 소개하려고 합니다.
풍혈지는 여름철에 돌 사이에서 주위보다 찬 공기가 새어 나와 
국소적으로 저온 환경이 형성된 지역을 의미합니다. 풍혈지는 
주로 애추가 있는 곳에서 나타납니다. (㉠[자료](㉠의 밑줄) 제시) 이렇게 
암벽에서 떨어져 나온 크고 작은 돌들이 겹겹이 쌓여 부채 모양
으로 형성된 곳을 애추라고 합니다. 어떤 애추에서는 내부로부터 
찬 공기가 돌 사이로 나오기도 하는데 풍혈지는 주로 이런 곳에 
형성됩니다. 이 찬 공기 덕분에 저온 환경을 유지할 수 있는 
거랍니다. (㉡[자료](㉡의 밑줄) 제시) 이 자료를 보면 여름철에 풍혈지의 
평균 기온이 풍혈지가 있는 행정 구역의 평균 기온보다 낮다는 
것을 알 수 있습니다.
풍혈지는 북방계 식물이 안정적으로 서식할 수 있는 곳입니다. 
북방계 식물이 서식하는 데 가장 중요한 요인은 무엇일까요? 
(청중의 답변을 듣고) 네, 기온이 맞습니다. 그래서 국내의 
북방계 식물은 대부분 백두대간의 높은 지대에 서식하고 있는
데요, 이 북방계 식물이 해발 고도가 낮은 곳에 있는 풍혈지
에서도 확인되고 있습니다. 고온에 취약한 북방계 식물의 서식
지가 점차 줄어들고 있는 상황에서 풍혈지가 북방계 식물의 
생존에 도움을 주고 있는 것이지요. (㉢[자료](㉢의 밑줄) 제시) 이 자료는 
제가, 현재까지 국내의 풍혈지에서 발견된 212종의 북방계 식물 
중 일부를 목록으로 정리하고, 산림청에서 지정한 희귀 식물에 
해당하는지 여부를 표시해서 만든 것입니다. 이 중 월귤은 국내 
서식지가 서너 곳에 불과하여 각별한 보호가 필요한 식물인데, 
풍혈지에는 이 월귤처럼 종 보존을 위해 희귀 식물로 지정된 
북방계 식물도 자라고 있습니다.
지금까지 풍혈지에 대해 알아보았습니다. 잘 이해되셨나요? 
(청중의 답변을 듣고) 오늘 제가 준비한 내용은 여기까지입니다. 
앞으로 여러분도 풍혈지에 관심을 가져 보시면 좋겠습니다. 
감사합니다.

질문 :
질문 :
위 발표자의 말하기 방식으로 적절하지 않은 것은?
    
선택지 :
1번 - 화제와 관련하여 핵심 용어의 개념을 설명하고 있다.
2번 - 전문가의 견해를 인용하여 발표 내용을 뒷받침하고 있다.
3번 - 청중과 공유하는 경험을 환기하며 발표를 시작하고 있다.
4번 - 청중에게 질문하고 답변을 들으며 청중과 상호작용하고 있다.
5번 - 발표 내용과 관련하여 청중에게 바라는 바를 언급하며 발표를 마무리하고 있다.


문제를 풀이할 때, 반드시 지문을 참고하세요. 문제는 무조건 1개의 정답만 있습니다. 문제를 풀이할 때 모든 선택지들을 검토하세요.
먼저 문제를 이해하고, 문제 해결을 위하여 계획을 세워보세요.
그 다음, 문제를 해결하기 위해 그 계획에 따라 단계별로 실행하세요.

다음의 형식을 따라 답변하세요.
1번: (선택지 1번에 대한 답변) + ""(지문 속 근거가 된 문장)""
2번: (선택지 2번에 대한 답변) + ""(지문 속 근거가 된 문장)""
3번: (선택지 3번에 대한 답변) + ""(지문 속 근거가 된 문장)""
4번: (선택지 4번에 대한 답변) + ""(지문 속 근거가 된 문장)""
5번: (선택지 5번에 대한 답변) + ""(지문 속 근거가 된 문장)""
최종 정답: (최종 정답)

정답 :
",['2(2)'],"1번: 적절함 - ""풍혈지는 여름철에 돌 사이에서 주위보다 찬 공기가 새어 나와 국소적으로 저온 환경이 형성된 지역을 의미합니다.""
2번: 적절하지 않음 - 지문에는 전문가의 견해를 인용한 내용이 없습니다.
3번: 적절함 - ""안녕하세요? 지난 수업 시간에는 우리나라의 평균 기온이 점점 높아지고 있는 현상에 대해 조사하는 활동을 함께 했었는데요,""
4번: 적절함 - ""북방계 식물이 서식하는 데 가장 중요한 요인은 무엇일까요? (청중의 답변을 듣고) 네, 기온이 맞습니다.""
5번: 적절함 - ""앞으로 여러분도 풍혈지에 관심을 가져 보시면 좋겠습니다.""
최종 정답: 2
",2
2026_11_KICE_35-37_1,['5(2)'],"국어 시험 문제를 푸는 대한민국의 똑똑한 고3 수험생으로서 위의 요약을 바탕으로 다음 문제의 답을 구하세요.
지문을 읽고, 질문에 대한 답을 1부터 5까지의 선택지 중에 한 개만 골라서 대답해야 합니다.

지문 :
다음은 학생의 발표이다. 물음에 답하시오.
안녕하세요? 지난 수업 시간에는 우리나라의 평균 기온이 점점 
높아지고 있는 현상에 대해 조사하는 활동을 함께 했었는데요, 
그런데 여름철에도 낮은 기온을 유지해 시원한 곳이 있다고 
합니다. 바로 풍혈지라는 곳입니다. 저는 오늘 여러분께 이 
풍혈지에 대해 소개하려고 합니다.
풍혈지는 여름철에 돌 사이에서 주위보다 찬 공기가 새어 나와 
국소적으로 저온 환경이 형성된 지역을 의미합니다. 풍혈지는 
주로 애추가 있는 곳에서 나타납니다. (㉠[자료](㉠의 밑줄) 제시) 이렇게 
암벽에서 떨어져 나온 크고 작은 돌들이 겹겹이 쌓여 부채 모양
으로 형성된 곳을 애추라고 합니다. 어떤 애추에서는 내부로부터 
찬 공기가 돌 사이로 나오기도 하는데 풍혈지는 주로 이런 곳에 
형성됩니다. 이 찬 공기 덕분에 저온 환경을 유지할 수 있는 
거랍니다. (㉡[자료](㉡의 밑줄) 제시) 이 자료를 보면 여름철에 풍혈지의 
평균 기온이 풍혈지가 있는 행정 구역의 평균 기온보다 낮다는 
것을 알 수 있습니다.
풍혈지는 북방계 식물이 안정적으로 서식할 수 있는 곳입니다. 
북방계 식물이 서식하는 데 가장 중요한 요인은 무엇일까요? 
(청중의 답변을 듣고) 네, 기온이 맞습니다. 그래서 국내의 
북방계 식물은 대부분 백두대간의 높은 지대에 서식하고 있는
데요, 이 북방계 식물이 해발 고도가 낮은 곳에 있는 풍혈지
에서도 확인되고 있습니다. 고온에 취약한 북방계 식물의 서식
지가 점차 줄어들고 있는 상황에서 풍혈지가 북방계 식물의 
생존에 도움을 주고 있는 것이지요. (㉢[자료](㉢의 밑줄) 제시) 이 자료는 
제가, 현재까지 국내의 풍혈지에서 발견된 212종의 북방계 식물 
중 일부를 목록으로 정리하고, 산림청에서 지정한 희귀 식물에 
해당하는지 여부를 표시해서 만든 것입니다. 이 중 월귤은 국내 
서식지가 서너 곳에 불과하여 각별한 보호가 필요한 식물인데, 
풍혈지에는 이 월귤처럼 종 보존을 위해 희귀 식물로 지정된 
북방계 식물도 자라고 있습니다.
지금까지 풍혈지에 대해 알아보았습니다. 잘 이해되셨나요? 
(청중의 답변을 듣고) 오늘 제가 준비한 내용은 여기까지입니다. 
앞으로 여러분도 풍혈지에 관심을 가져 보시면 좋겠습니다. 
감사합니다.

질문 :
질문 :
다음은 발표자가 제시한 자료이다. 발표자의 자료 활용에 대한 설명으로 가장 적절한 것은?
    
선택지 :
1번 - [자료1]은 애추 내부로부터 찬 공기가 돌 사이로 흘러나오는 모습을 확인할 수 있는 자료로 ㉠에 활용하였다.
2번 - [자료1]은 암벽에서 떨어진 돌들이 부채 모양의 애추를 형성하는 과정을 단계별로 확인할 수 있는 자료로 ㉠에 활용하였다.
3번 - [자료2]는 풍혈지가 속한 군의 평균 기온이 다른 군보다 낮음을 확인할 수 있는 자료로 ㉡에 활용하였다.
4번 - [자료2]는 북방계 식물 서식지와 희귀 식물 서식지 간의 평균 기온 차이를 확인할 수 있는 자료로 ㉡에 활용하였다.
5번 - [자료3]은 풍혈지에서 발견된 북방계 식물 중 산림청이 지정한 희귀 식물에 해당하는 식물을 확인할 수 있는 자료로 ㉢에 활용하였다.

<보기>
[자료1] 이미지는 가파른 절벽이나 경사면 아래에 암석이 쌓여있는 모습을 묘사한 삽화입니다. 
 가파른 경사: 이미지의 한쪽 면은 매우 가파른 절벽 또는 암벽으로 이루어져 있습니다.

암석 더미: 절벽 아래쪽에는 위에서 무너져 내린 것으로 보이는 크고 작은 돌, 자갈, 흙 등이 비탈진 모양으로 쌓여 있습니다.

지질 현상: 이는 산사태, 암석 붕괴(rockfall) 또는 풍화 작용으로 인해 암석 조각이 떨어져 나와 쌓인 지형을 보여주는 것으로 보입니다.
[자료2]그래프는 'OO군 풍혈지'(바람이 나오는 서늘한 지역)와 'OO군 전체'의 **평균 기온(°C)**을 5월과 7월에 걸쳐 비교합니다.

5월:

풍혈지: 12.0°C

OO군 전체: 14.7°C

(풍혈지가 2.7°C 더 낮음)

7월 (한여름):

풍혈지: 14.2°C

OO군 전체: 26.7°C

(풍혈지가 12.5°C나 더 낮음)
[자료3]표는 해당 지역에서 발견된 북방계 식물의 일부 목록과 이 식물들이 희귀 식물에 해당하는지 여부를 보여줍니다. 이 목록은 총 212종 중 일부만 제시한 것입니다. 연번 1번 **'월귤'**은 희귀 식물에 해당합니다.

연번 2번 **'주저리고사리'**는 희귀 식물이 아닙니다.

연번 3번 **'땃두릅나무'**는 희귀 식물에 해당합니다.

연번 4번 **'흰인가목'**은 희귀 식물에 해당합니다.

연번 5번 **'돌단풍'**은 희귀 식물이 아닙니다.


문제를 풀이할 때, 반드시 지문을 참고하세요. 문제는 무조건 1개의 정답만 있습니다. 문제를 풀이할 때 모든 선택지들을 검토하세요.
먼저 문제를 이해하고, 문제 해결을 위하여 계획을 세워보세요.
그 다음, 문제를 해결하기 위해 그 계획에 따라 단계별로 실행하세요.

다음의 형식을 따라 답변하세요.
1번: (선택지 1번에 대한 답변) + ""(지문 속 근거가 된 문장)""
2번: (선택지 2번에 대한 답변) + ""(지문 속 근거가 된 문장)""
3번: (선택지 3번에 대한 답변) + ""(지문 속 근거가 된 문장)""
4번: (선택지 4번에 대한 답변) + ""(지문 속 근거가 된 문장)""
5번: (선택지 5번에 대한 답변) + ""(지문 속 근거가 된 문장)""
최종 정답: (최종 정답)

정답 :
",['5(2)'],"1번: [자료1]은 애추 내부로부터 찬 공기가 돌 사이로 흘러나오는 모습을 확인할 수 있는 자료가 아닙니다. + ""이렇게 암벽에서 떨어져 나온 크고 작은 돌들이 겹겹이 쌓여 부채 모양으로 형성된 곳을 애추라고 합니다."" (자료 1은 애추의 형성 모습에 대한 설명에 활용되었습니다.)
2번: [자료1]은 암벽에서 떨어진 돌들이 부채 모양의 애추를 형성하는 과정을 단계별로 확인할 수 있는 자료가 아닙니다. + ""이렇게 암벽에서 떨어져 나온 크고 작은 돌들이 겹겹이 쌓여 부채 모양으로 형성된 곳을 애추라고 합니다."" (자료 1은 애추의 형성 모습에 대한 설명에 활용되었습니다.)
3번: [자료2]는 풍혈지가 속한 군의 평균 기온이 다른 군보다 낮음을 확인할 수 있는 자료가 아닙니다. + ""(㉡[자료](㉡의 밑줄) 제시) 이 자료를 보면 여름철에 풍혈지의 평균 기온이 풍혈지가 있는 행정 구역의 평균 기온보다 낮다는 것을 알 수 있습니다."" (자료 2는 풍혈지가 속한 군 전체의 평균 기온과 풍혈지의 평균 기온을 비교하는 자료입니다.)
4번: [자료2]는 북방계 식물 서식지와 희귀 식물 서식지 간의 평균 기온 차이를 확인할 수 있는 자료가 아닙니다. + ""(㉡[자료](㉡의 밑줄) 제시) 이 자료를 보면 여름철에 풍혈지의 평균 기온이 풍혈지가 있는 행정 구역의 평균 기온보다 낮다는 것을 알 수 있습니다."" (자료 2는 풍혈지가 속한 군 전체의 평균 기온과 풍혈지의 평균 기온을 비교하는 자료입니다.)
5번: [자료3]은 풍혈지에서 발견된 북방계 식물 중 산림청이 지정한 희귀 식물에 해당하는 식물을 확인할 수 있는 자료입니다. + ""(㉢[자료](㉢의 밑줄) 제시) 이 자료는 제가, 현재까지 국내의 풍혈지에서 발견된 212종의 북방계 식물 중 일부를 목록으로 정리하고, 산림청에서 지정한 희귀 식물에 해당하는지 여부를 표시해서 만든 것입니다.""

최종 정답: 5
",2
2026_11_KICE_35-37_2,['3(2)'],"국어 시험 문제를 푸는 대한민국의 똑똑한 고3 수험생으로서 위의 요약을 바탕으로 다음 문제의 답을 구하세요.
지문을 읽고, 질문에 대한 답을 1부터 5까지의 선택지 중에 한 개만 골라서 대답해야 합니다.

지문 :
다음은 학생의 발표이다. 물음에 답하시오.
안녕하세요? 지난 수업 시간에는 우리나라의 평균 기온이 점점 
높아지고 있는 현상에 대해 조사하는 활동을 함께 했었는데요, 
그런데 여름철에도 낮은 기온을 유지해 시원한 곳이 있다고 
합니다. 바로 풍혈지라는 곳입니다. 저는 오늘 여러분께 이 
풍혈지에 대해 소개하려고 합니다.
풍혈지는 여름철에 돌 사이에서 주위보다 찬 공기가 새어 나와 
국소적으로 저온 환경이 형성된 지역을 의미합니다. 풍혈지는 
주로 애추가 있는 곳에서 나타납니다. (㉠[자료](㉠의 밑줄) 제시) 이렇게 
암벽에서 떨어져 나온 크고 작은 돌들이 겹겹이 쌓여 부채 모양
으로 형성된 곳을 애추라고 합니다. 어떤 애추에서는 내부로부터 
찬 공기가 돌 사이로 나오기도 하는데 풍혈지는 주로 이런 곳에 
형성됩니다. 이 찬 공기 덕분에 저온 환경을 유지할 수 있는 
거랍니다. (㉡[자료](㉡의 밑줄) 제시) 이 자료를 보면 여름철에 풍혈지의 
평균 기온이 풍혈지가 있는 행정 구역의 평균 기온보다 낮다는 
것을 알 수 있습니다.
풍혈지는 북방계 식물이 안정적으로 서식할 수 있는 곳입니다. 
북방계 식물이 서식하는 데 가장 중요한 요인은 무엇일까요? 
(청중의 답변을 듣고) 네, 기온이 맞습니다. 그래서 국내의 
북방계 식물은 대부분 백두대간의 높은 지대에 서식하고 있는
데요, 이 북방계 식물이 해발 고도가 낮은 곳에 있는 풍혈지
에서도 확인되고 있습니다. 고온에 취약한 북방계 식물의 서식
지가 점차 줄어들고 있는 상황에서 풍혈지가 북방계 식물의 
생존에 도움을 주고 있는 것이지요. (㉢[자료](㉢의 밑줄) 제시) 이 자료는 
제가, 현재까지 국내의 풍혈지에서 발견된 212종의 북방계 식물 
중 일부를 목록으로 정리하고, 산림청에서 지정한 희귀 식물에 
해당하는지 여부를 표시해서 만든 것입니다. 이 중 월귤은 국내 
서식지가 서너 곳에 불과하여 각별한 보호가 필요한 식물인데, 
풍혈지에는 이 월귤처럼 종 보존을 위해 희귀 식물로 지정된 
북방계 식물도 자라고 있습니다.
지금까지 풍혈지에 대해 알아보았습니다. 잘 이해되셨나요? 
(청중의 답변을 듣고) 오늘 제가 준비한 내용은 여기까지입니다. 
앞으로 여러분도 풍혈지에 관심을 가져 보시면 좋겠습니다. 
감사합니다.

질문 :
질문 :
발표 내용을 바탕으로 할 때, <보기>에 나타난 학생들의 
반응에 대한 이해로 가장 적절한 것은?
    
선택지 :
1번 - 학생1은 자신이 이해한 발표의 내용을 다른 사람이 이해한 내용과 비교하고 있다.
2번 - 학생2는 발표를 통해 새롭게 알게 된 정보가 사실과 부합하는지 점검하고 있다.
3번 - 학생3은 발표를 통해 알게 된 정보를 유용성 측면에서 평가하고 있다.
4번 - 학생1과 학생2는 모두, 발표 내용의 일부를 정확히 이해하지 못하고 있다.
5번 - 학생2와 학생3은 모두, 자신이 필요하다고 생각하는 내용이 발표에서 다루어지지 않았음을 아쉬워하고 있다.

<보기>
<보 기>
학생1 : 백두대간의 고지대처럼 해발 고도가 높은 풍혈지
에서도 북방계 식물이 서식한다고 한 내용이 흥미로웠어. 
친구한테 식물도감을 빌려서 북방계 식물을 확인해야지.
학생2 : 월귤의 국내 서식지가 서너 곳이라는 사실을 새롭게 
알게 됐어. 그런데 월귤의 해외 서식지에 대해서도 알고 
싶었는데 설명이 없어서 아쉬워.
학생3 : 신문 기사를 보니 우리 지역의 산에도 풍혈지가 있대. 
우리 지역의 지리적 특성에 대한 보고서를 써야 하는데 
발표에서 들은 풍혈지에 관한 설명이 도움이 되겠어.


문제를 풀이할 때, 반드시 지문을 참고하세요. 문제는 무조건 1개의 정답만 있습니다. 문제를 풀이할 때 모든 선택지들을 검토하세요.
먼저 문제를 이해하고, 문제 해결을 위하여 계획을 세워보세요.
그 다음, 문제를 해결하기 위해 그 계획에 따라 단계별로 실행하세요.

다음의 형식을 따라 답변하세요.
1번: (선택지 1번에 대한 답변) + ""(지문 속 근거가 된 문장)""
2번: (선택지 2번에 대한 답변) + ""(지문 속 근거가 된 문장)""
3번: (선택지 3번에 대한 답변) + ""(지문 속 근거가 된 문장)""
4번: (선택지 4번에 대한 답변) + ""(지문 속 근거가 된 문장)""
5번: (선택지 5번에 대한 답변) + ""(지문 속 근거가 된 문장)""
최종 정답: (최종 정답)

정답 :
",['3(2)'],"1번: 학생1은 발표의 내용을 다른 사람이 이해한 내용과 비교하고 있지 않습니다. 학생1은 발표 내용을 바탕으로 추가적인 정보를 탐색하려는 의지를 보이고 있습니다. ""(청중의 답변을 듣고) 네, 기온이 맞습니다. 그래서 국내의 북방계 식물은 대부분 백두대간의 높은 지대에 서식하고 있는데요, 이 북방계 식물이 해발 고도가 낮은 곳에 있는 풍혈지에서도 확인되고 있습니다."" (지문은 백두대간의 고지대'처럼' 해발 고도가 높은 풍혈지라고 말하지 않았습니다. 학생1이 발표 내용을 정확히 이해했는지 단정할 수 없습니다.)
2번: 학생2는 발표를 통해 새롭게 알게 된 정보(월귤의 국내 서식지)에 대해, 발표에서 다루어지지 않은 해외 서식지에 대한 정보를 알고 싶어하며 아쉬워하고 있습니다. 따라서 새로운 정보가 사실과 부합하는지 점검하는 것은 아닙니다. ""이 중 월귤은 국내 서식지가 서너 곳에 불과하여 각별한 보호가 필요한 식물인데, 풍혈지에는 이 월귤처럼 종 보존을 위해 희귀 식물로 지정된 북방계 식물도 자라고 있습니다.""
3번: 학생3은 발표를 통해 알게 된 풍혈지에 관한 정보가 자신의 지역의 지리적 특성에 대한 보고서를 작성하는 데 도움이 될 것이라고 판단하고 있습니다. 즉, 정보의 유용성 측면에서 평가하고 있습니다. ""신문 기사를 보니 우리 지역의 산에도 풍혈지가 있대. 우리 지역의 지리적 특성에 대한 보고서를 써야 하는데 발표에서 들은 풍혈지에 관한 설명이 도움이 되겠어.""
4번: 학생1은 발표 내용 중 '해발 고도가 높은 풍혈지'라는 내용을 잘못 이해했을 가능성이 있습니다. 학생2는 발표 내용의 일부가 부족하다고 느꼈을 뿐, 내용을 이해하지 못한 것은 아닙니다.
5번: 학생2는 자신이 필요하다고 생각하는 내용(월귤의 해외 서식지)이 발표에서 다루어지지 않았음을 아쉬워하고 있습니다. 학생3은 필요하다고 생각하는 내용이 발표에 있었고, 유용하게 사용할 수 있다고 생각하고 있습니다.

최종 정답: 3
",2
2026_11_KICE_38-42_0,['1(2)'],"국어 시험 문제를 푸는 대한민국의 똑똑한 고3 수험생으로서 위의 요약을 바탕으로 다음 문제의 답을 구하세요.
지문을 읽고, 질문에 대한 답을 1부터 5까지의 선택지 중에 한 개만 골라서 대답해야 합니다.

지문 :
(가)는 방송 대담의 일부이고, (나)는 이를 바탕으로 시사 
동아리 학생들이 나눈 대화이며, (다)는 ‘학생1’이 (가)와 (나)를 
바탕으로 작성한 비평문이다. 물음에 답하시오.
(가)
진행자: 시청자 여러분, 안녕하십니까? 전문가의 안목을 더해 
사회 현상을 바라보는 ‘시사 더하기’입니다. 요즘 드라마 
○○○이 세계적으로 인기인데요, 웹툰을 원작으로 한 이런 
영상들이 최근 많아졌습니다. 오늘은 웹툰 영상화 유행 
현상에 대해 영상 분야의 전문가와 웹툰 분야의 전문가를 
모시고 말씀 들어 보겠습니다. 먼저 이 현상이 왜 나타났다고 
보시는지 두 분 말씀 부탁드립니다.
전문가1 : 인터넷 기반 동영상 제공 서비스인 OTT의 활성화로 
영상 산업이 급속도로 성장했기 때문이죠. 이에 따라 저희 
업계에서는 영상화할 이야기를 웹툰에서 발굴하고 확보하는 
일이 많아졌습니다.
전문가2 : 웹툰에는 초능력처럼 실사로 구현하기 어려운 소재가 
많이 등장하는데요. 영상 제작에서 특수 효과 기술이 발달한 
점도 저희 웹툰이 많이 영상화되는 데 일조했죠.
진행자: ㉠[영상 산업의 성장과 기술의 발달이 복합적으로 작용한
결과군요.](㉠의 밑줄) 이 현상은 양쪽 산업의 경제적 측면에도 기여했을
것 같은데요, 이번에는 웹툰 산업 입장부터 들어 보겠습니다.
전문가2 : 저희 웹툰 산업의 입장에서는 이미 만들어진 작품의 
저작권을 판매할 수 있어 수익 창출의 기회가 늘어났습니다.
전문가1 : 저희 영상 쪽도 이미 인기를 끈 웹툰을 영상으로 제작
함으로써 흥행 실패로 인해 손실을 입을 위험 부담을 덜 수 
있습니다. 결과적으로 수익성을 높이는 것이지요.
(나)
학생1 : 우리 이번 주 ‘시사 더하기’에서 다룬 현상에 대해 비평
문을 쓰기로 했잖아. 웹툰 영상화가 정말 유행이더라. 둘 다 
방송 봤지?
학생2 : 응. ㉡[웹툰 영상화가 이 정도로 유행인 줄 몰랐는데
방송에서까지 다루는 것을 보고 체감이 됐어.](㉡의 밑줄)
학생3 : ○○○이 세계적으로 인기라고 방송에서 그랬잖아. 이 
작품이 모두가 공감할 수 있는 내용을 다뤄서 그런 듯해.
학생1 : 방송에서 웹툰 영상화 유행 현상의 원인을 다뤘잖아. 
원인에 대해서 너희는 어떻게 생각해?
학생2 : 방송에서 영상 산업의 성장을 언급했는데, 웹툰 플랫폼
들의 해외 진출이 웹툰 영상화의 유행에 더 영향을 미친 
것 같아.
학생3 : 특수 효과 기술의 발달도 전문가가 말했는데, 나도 기술 
발달이 더 주요한 원인인 것 같아.
학생1 : 그럼 이제 웹툰 영상화 유행 현상에 대한 각자의 관점을 
말해 보자. ㉢[대부분 이 현상을 긍정적으로 볼 것 같은데,
너희들 생각은 어때?](㉢의 밑줄)
학생2 : 내 생각은 좀 달라. 웹툰 원작 영상은 원작의 이야기를 
재탕하는 데 불과한 것 같아. 이런 영상이 많아지면 영상 
전반의 다양성을 해치게 될 거야. 또 웹툰 작가들이 영상
화에 유리한 작품만 창작하려는 경향이 생길 것 같아.
학생1 : 그러네. ㉣[그렇게 되면 웹툰이나 영상을 즐기는 이들이
신작에 대해 갖는 기대치와 만족도까지 줄어들겠다.](㉣의 밑줄)
학생3 : 그 점도 일리가 있네. 그런데 웹툰 영상화는 이미 만들어진 
작품으로 추가 수익을 낼 수 있는 기회라고 전문가가 그랬잖아. 
웹툰 창작자가 추가 수익으로 경제적 안정을 얻으면 좋은 
웹툰을 만드는 데 전념할 수 있게 될 거야.
학생2 : ㉤[듣고 보니 경제적 안정 덕분에 좋은 웹툰을 창작하는
데 전념할 수 있게 된다는 네 말이 더 맞는 것 같아.](㉤의 밑줄)
학생1 : 그럼 내가 방송 내용과 우리 대화를 바탕으로 비평문을 
써 볼게.
(다)
요즘 OTT 플랫폼을 보면 웹툰을 원작으로 한 영상이 부쩍 
많아졌다. 이들 중에는 전 세계 시청 순위 1위를 한 작품이 있을 
정도로 국내뿐 아니라 해외에서까지 인기를 얻는 경우도 많다. 
특수 효과 기술의 발달로 초능력, 미래, 우주와 같은 웹툰의 
다양한 소재들이 영상으로 구현될 수 있는 환경이 마련되었고, 
OTT 플랫폼이 활성화됨에 따라 영상 제작자들이 영상화할 
이야기를 웹툰에서 찾는 일이 많아지며 웹툰을 원작으로 한 영상 
제작이 더욱 늘어난 것이다.
이러한 웹툰 영상화 유행 현상을 부정적으로 보는 사람들은 
웹툰 영상화의 유행이 콘텐츠 전반의 다양성을 저해한다고 본다. 
새로운 시나리오 창작이 위축되고, 영상화에 유리한 웹툰만 
창작된다는 것이다. 하지만 이는 단편적인 시각에 불과하다.
오히려 영상 제작의 측면에서는 기존에 상상하지 못했던 
새로운 내용이나 장르를 웹툰으로부터 공급받아 영상을 다양화할 
수 있는 것은 물론, 제작 기법상에도 새로운 시도들이 촉발된다. 
더불어, 웹툰 창작의 측면에서는 창작자가 경제적 안정을 얻게 
되어 작품성을 높이기 위한 노력과 도전적인 시도를 하게 된다. 
웹툰 영상화의 유행은 영상과 웹툰 산업 모두의 수익성을 높이는 
데에도 기여한다. 영상 산업에서는 이미 검증된 웹툰을 영상화
함으로써 흥행 실패 부담을 줄일 수 있고, 웹툰 산업에서는 이미 
완성된 작품을 영화와 같은 2차 저작물로 파생시켜 추가적인 
수익을 거둘 수 있다.
웹툰 영상화 유행 현상은 우리 콘텐츠 시장의 흐름 중 하나가 
되었다. 이러한 흐름을 바탕으로 세계적으로 인정받는 콘텐츠가 
더 많이 제작되려면 질 좋은 웹툰 창작과 창의적 각색을 위한 
노력이 필요하다. 웹툰 영상화 유행 현상은 우리 콘텐츠 산업을 
풍요롭게 만들므로 긍정적으로 보아야 한다. 앞으로도 작품성과 
흥행성을 갖춘 웹툰 원작 영상이 계속 제작된다면 세계 속 한국 
콘텐츠의 위상은 나날이 높아질 것이다.


질문 :
질문 :
(가)와 (나)의 의사소통 양상에 대한 설명으로 적절하지 않은 것은?
    
선택지 :
1번 - (가)는 (나)와 달리, 대화 참여자 중 한 명이 나머지 두 명에게 발언을 요청하고 있다.
2번 - (가)는 (나)와 달리, 대화 참여자 중 두 명이 각각 특정 집단을 대표하며 발언하고 있다.
3번 - (가)는 (나)와 달리, 대화 참여자 중 한 명이 나머지 두 명의 발언 순서를 정하고 있다.
4번 - (나)는 (가)와 달리, 대화에 직접 참여한 참여자들만을 청자로 상정하고 있다.
5번 - (나)는 (가)와 달리, 대화 주제에 대한 긍정적, 부정적 관점의 발화가 모두 이루어지고 있다.


문제를 풀이할 때, 반드시 지문을 참고하세요. 문제는 무조건 1개의 정답만 있습니다. 문제를 풀이할 때 모든 선택지들을 검토하세요.
먼저 문제를 이해하고, 문제 해결을 위하여 계획을 세워보세요.
그 다음, 문제를 해결하기 위해 그 계획에 따라 단계별로 실행하세요.

다음의 형식을 따라 답변하세요.
1번: (선택지 1번에 대한 답변) + ""(지문 속 근거가 된 문장)""
2번: (선택지 2번에 대한 답변) + ""(지문 속 근거가 된 문장)""
3번: (선택지 3번에 대한 답변) + ""(지문 속 근거가 된 문장)""
4번: (선택지 4번에 대한 답변) + ""(지문 속 근거가 된 문장)""
5번: (선택지 5번에 대한 답변) + ""(지문 속 근거가 된 문장)""
최종 정답: (최종 정답)

정답 :
",['1(2)'],"1번: (가)는 진행자가 전문가들에게 발언을 요청하고 있으므로 맞는 설명입니다. + ""(가) 진행자: 먼저 이 현상이 왜 나타났다고 보시는지 두 분 말씀 부탁드립니다.""
2번: (가)에서는 전문가1, 전문가2가 각각 영상 분야와 웹툰 분야를 대표하여 발언하고 있으므로 맞는 설명입니다. + ""(가) 오늘은 웹툰 영상화 유행 현상에 대해 영상 분야의 전문가와 웹툰 분야의 전문가를 모시고 말씀 들어 보겠습니다.""
3번: (가)에서는 진행자가 전문가들의 발언 순서를 정하고 있으므로 맞는 설명입니다. + ""(가) 진행자: 이번에는 웹툰 산업 입장부터 들어 보겠습니다.""
4번: (나)는 학생들끼리의 대화이므로 직접 참여한 학생들만을 청자로 상정하고 있다고 볼 수 있습니다. (가)는 방송 대담이므로 시청자 전체를 청자로 상정합니다. 따라서 맞는 설명입니다.
5번: (나)에서는 학생2가 웹툰 영상화에 대해 부정적인 관점을, 학생3이 긍정적인 관점을 드러내고 있습니다. (가)에서는 전문가들이 웹툰 영상화의 원인과 경제적 효과에 대해 이야기할 뿐 긍정적, 부정적 관점을 직접적으로 드러내지는 않습니다. 따라서 맞는 설명입니다. + ""(나) 학생2 : 내 생각은 좀 달라. 웹툰 원작 영상은 원작의 이야기를 재탕하는 데 불과한 것 같아. 이런 영상이 많아지면 영상 전반의 다양성을 해치게 될 거야."" + ""(나) 학생3 : 그런데 웹툰 영상화는 이미 만들어진 작품으로 추가 수익을 낼 수 있는 기회라고 전문가가 그랬잖아.""

최종 정답: 5
",0
2026_11_KICE_38-42_1,['2(2)'],"국어 시험 문제를 푸는 대한민국의 똑똑한 고3 수험생으로서 위의 요약을 바탕으로 다음 문제의 답을 구하세요.
지문을 읽고, 질문에 대한 답을 1부터 5까지의 선택지 중에 한 개만 골라서 대답해야 합니다.

지문 :
(가)는 방송 대담의 일부이고, (나)는 이를 바탕으로 시사 
동아리 학생들이 나눈 대화이며, (다)는 ‘학생1’이 (가)와 (나)를 
바탕으로 작성한 비평문이다. 물음에 답하시오.
(가)
진행자: 시청자 여러분, 안녕하십니까? 전문가의 안목을 더해 
사회 현상을 바라보는 ‘시사 더하기’입니다. 요즘 드라마 
○○○이 세계적으로 인기인데요, 웹툰을 원작으로 한 이런 
영상들이 최근 많아졌습니다. 오늘은 웹툰 영상화 유행 
현상에 대해 영상 분야의 전문가와 웹툰 분야의 전문가를 
모시고 말씀 들어 보겠습니다. 먼저 이 현상이 왜 나타났다고 
보시는지 두 분 말씀 부탁드립니다.
전문가1 : 인터넷 기반 동영상 제공 서비스인 OTT의 활성화로 
영상 산업이 급속도로 성장했기 때문이죠. 이에 따라 저희 
업계에서는 영상화할 이야기를 웹툰에서 발굴하고 확보하는 
일이 많아졌습니다.
전문가2 : 웹툰에는 초능력처럼 실사로 구현하기 어려운 소재가 
많이 등장하는데요. 영상 제작에서 특수 효과 기술이 발달한 
점도 저희 웹툰이 많이 영상화되는 데 일조했죠.
진행자: ㉠[영상 산업의 성장과 기술의 발달이 복합적으로 작용한
결과군요.](㉠의 밑줄) 이 현상은 양쪽 산업의 경제적 측면에도 기여했을
것 같은데요, 이번에는 웹툰 산업 입장부터 들어 보겠습니다.
전문가2 : 저희 웹툰 산업의 입장에서는 이미 만들어진 작품의 
저작권을 판매할 수 있어 수익 창출의 기회가 늘어났습니다.
전문가1 : 저희 영상 쪽도 이미 인기를 끈 웹툰을 영상으로 제작
함으로써 흥행 실패로 인해 손실을 입을 위험 부담을 덜 수 
있습니다. 결과적으로 수익성을 높이는 것이지요.
(나)
학생1 : 우리 이번 주 ‘시사 더하기’에서 다룬 현상에 대해 비평
문을 쓰기로 했잖아. 웹툰 영상화가 정말 유행이더라. 둘 다 
방송 봤지?
학생2 : 응. ㉡[웹툰 영상화가 이 정도로 유행인 줄 몰랐는데
방송에서까지 다루는 것을 보고 체감이 됐어.](㉡의 밑줄)
학생3 : ○○○이 세계적으로 인기라고 방송에서 그랬잖아. 이 
작품이 모두가 공감할 수 있는 내용을 다뤄서 그런 듯해.
학생1 : 방송에서 웹툰 영상화 유행 현상의 원인을 다뤘잖아. 
원인에 대해서 너희는 어떻게 생각해?
학생2 : 방송에서 영상 산업의 성장을 언급했는데, 웹툰 플랫폼
들의 해외 진출이 웹툰 영상화의 유행에 더 영향을 미친 
것 같아.
학생3 : 특수 효과 기술의 발달도 전문가가 말했는데, 나도 기술 
발달이 더 주요한 원인인 것 같아.
학생1 : 그럼 이제 웹툰 영상화 유행 현상에 대한 각자의 관점을 
말해 보자. ㉢[대부분 이 현상을 긍정적으로 볼 것 같은데,
너희들 생각은 어때?](㉢의 밑줄)
학생2 : 내 생각은 좀 달라. 웹툰 원작 영상은 원작의 이야기를 
재탕하는 데 불과한 것 같아. 이런 영상이 많아지면 영상 
전반의 다양성을 해치게 될 거야. 또 웹툰 작가들이 영상
화에 유리한 작품만 창작하려는 경향이 생길 것 같아.
학생1 : 그러네. ㉣[그렇게 되면 웹툰이나 영상을 즐기는 이들이
신작에 대해 갖는 기대치와 만족도까지 줄어들겠다.](㉣의 밑줄)
학생3 : 그 점도 일리가 있네. 그런데 웹툰 영상화는 이미 만들어진 
작품으로 추가 수익을 낼 수 있는 기회라고 전문가가 그랬잖아. 
웹툰 창작자가 추가 수익으로 경제적 안정을 얻으면 좋은 
웹툰을 만드는 데 전념할 수 있게 될 거야.
학생2 : ㉤[듣고 보니 경제적 안정 덕분에 좋은 웹툰을 창작하는
데 전념할 수 있게 된다는 네 말이 더 맞는 것 같아.](㉤의 밑줄)
학생1 : 그럼 내가 방송 내용과 우리 대화를 바탕으로 비평문을 
써 볼게.
(다)
요즘 OTT 플랫폼을 보면 웹툰을 원작으로 한 영상이 부쩍 
많아졌다. 이들 중에는 전 세계 시청 순위 1위를 한 작품이 있을 
정도로 국내뿐 아니라 해외에서까지 인기를 얻는 경우도 많다. 
특수 효과 기술의 발달로 초능력, 미래, 우주와 같은 웹툰의 
다양한 소재들이 영상으로 구현될 수 있는 환경이 마련되었고, 
OTT 플랫폼이 활성화됨에 따라 영상 제작자들이 영상화할 
이야기를 웹툰에서 찾는 일이 많아지며 웹툰을 원작으로 한 영상 
제작이 더욱 늘어난 것이다.
이러한 웹툰 영상화 유행 현상을 부정적으로 보는 사람들은 
웹툰 영상화의 유행이 콘텐츠 전반의 다양성을 저해한다고 본다. 
새로운 시나리오 창작이 위축되고, 영상화에 유리한 웹툰만 
창작된다는 것이다. 하지만 이는 단편적인 시각에 불과하다.
오히려 영상 제작의 측면에서는 기존에 상상하지 못했던 
새로운 내용이나 장르를 웹툰으로부터 공급받아 영상을 다양화할 
수 있는 것은 물론, 제작 기법상에도 새로운 시도들이 촉발된다. 
더불어, 웹툰 창작의 측면에서는 창작자가 경제적 안정을 얻게 
되어 작품성을 높이기 위한 노력과 도전적인 시도를 하게 된다. 
웹툰 영상화의 유행은 영상과 웹툰 산업 모두의 수익성을 높이는 
데에도 기여한다. 영상 산업에서는 이미 검증된 웹툰을 영상화
함으로써 흥행 실패 부담을 줄일 수 있고, 웹툰 산업에서는 이미 
완성된 작품을 영화와 같은 2차 저작물로 파생시켜 추가적인 
수익을 거둘 수 있다.
웹툰 영상화 유행 현상은 우리 콘텐츠 시장의 흐름 중 하나가 
되었다. 이러한 흐름을 바탕으로 세계적으로 인정받는 콘텐츠가 
더 많이 제작되려면 질 좋은 웹툰 창작과 창의적 각색을 위한 
노력이 필요하다. 웹툰 영상화 유행 현상은 우리 콘텐츠 산업을 
풍요롭게 만들므로 긍정적으로 보아야 한다. 앞으로도 작품성과 
흥행성을 갖춘 웹툰 원작 영상이 계속 제작된다면 세계 속 한국 
콘텐츠의 위상은 나날이 높아질 것이다.


질문 :
질문 :
대화의 흐름을 고려할 때, ㉠～㉤에 대한 설명으로 적절하지 않은 것은?
    
선택지 :
1번 - ㉠: 다른 대화 참여자들의 앞선 발언 내용을 종합하고 있다.
2번 - ㉡: 자신이 몰랐던 사실을 상대 발언을 통해 알게 되었음을 드러내고 있다.
3번 - ㉢: 자신이 추측한 바를 제시하며 대화 참여자들에게 의견을 묻고 있다.
4번 - ㉣: 상대의 발언 내용을 바탕으로 자신이 예상한 결과를 언급하고 있다.
5번 - ㉤: 상대의 발언 일부를 재진술하며 상대의 의견에 동의하고 있다.


문제를 풀이할 때, 반드시 지문을 참고하세요. 문제는 무조건 1개의 정답만 있습니다. 문제를 풀이할 때 모든 선택지들을 검토하세요.
먼저 문제를 이해하고, 문제 해결을 위하여 계획을 세워보세요.
그 다음, 문제를 해결하기 위해 그 계획에 따라 단계별로 실행하세요.

다음의 형식을 따라 답변하세요.
1번: (선택지 1번에 대한 답변) + ""(지문 속 근거가 된 문장)""
2번: (선택지 2번에 대한 답변) + ""(지문 속 근거가 된 문장)""
3번: (선택지 3번에 대한 답변) + ""(지문 속 근거가 된 문장)""
4번: (선택지 4번에 대한 답변) + ""(지문 속 근거가 된 문장)""
5번: (선택지 5번에 대한 답변) + ""(지문 속 근거가 된 문장)""
최종 정답: (최종 정답)

정답 :
",['2(2)'],"1번: 적절합니다. ""영상 산업의 성장과 기술의 발달이 복합적으로 작용한 결과군요.""는 전문가1과 전문가2의 앞선 발언 내용을 종합하고 있습니다.
2번: 적절합니다. ""웹툰 영상화가 이 정도로 유행인 줄 몰랐는데 방송에서까지 다루는 것을 보고 체감이 됐어.""는 방송을 보고 웹툰 영상화 유행을 인지하게 되었음을 드러냅니다.
3번: 적절합니다. ""대부분 이 현상을 긍정적으로 볼 것 같은데, 너희들 생각은 어때?""는 자신의 추측을 제시하며 다른 학생들의 의견을 묻고 있습니다.
4번: 적절합니다. ""그렇게 되면 웹툰이나 영상을 즐기는 이들이 신작에 대해 갖는 기대치와 만족도까지 줄어들겠다.""는 학생2의 '웹툰 원작 영상은 원작의 이야기를 재탕하는 데 불과'하다는 발언을 바탕으로 예상되는 결과를 언급하고 있습니다.
5번: 적절하지 않습니다. ""듣고 보니 경제적 안정 덕분에 좋은 웹툰을 창작하는 데 전념할 수 있게 된다는 네 말이 더 맞는 것 같아.""는 학생3의 의견을 일부 재진술하고 있지만, 학생2가 동의하고 있습니다. 따라서 학생1의 말이 더 맞는 것 같다는 학생2의 의견에 대한 설명이므로 적절하지 않습니다.

최종 정답: 5
",0
2026_11_KICE_38-42_2,['5(3)'],"국어 시험 문제를 푸는 대한민국의 똑똑한 고3 수험생으로서 위의 요약을 바탕으로 다음 문제의 답을 구하세요.
지문을 읽고, 질문에 대한 답을 1부터 5까지의 선택지 중에 한 개만 골라서 대답해야 합니다.

지문 :
(가)는 방송 대담의 일부이고, (나)는 이를 바탕으로 시사 
동아리 학생들이 나눈 대화이며, (다)는 ‘학생1’이 (가)와 (나)를 
바탕으로 작성한 비평문이다. 물음에 답하시오.
(가)
진행자: 시청자 여러분, 안녕하십니까? 전문가의 안목을 더해 
사회 현상을 바라보는 ‘시사 더하기’입니다. 요즘 드라마 
○○○이 세계적으로 인기인데요, 웹툰을 원작으로 한 이런 
영상들이 최근 많아졌습니다. 오늘은 웹툰 영상화 유행 
현상에 대해 영상 분야의 전문가와 웹툰 분야의 전문가를 
모시고 말씀 들어 보겠습니다. 먼저 이 현상이 왜 나타났다고 
보시는지 두 분 말씀 부탁드립니다.
전문가1 : 인터넷 기반 동영상 제공 서비스인 OTT의 활성화로 
영상 산업이 급속도로 성장했기 때문이죠. 이에 따라 저희 
업계에서는 영상화할 이야기를 웹툰에서 발굴하고 확보하는 
일이 많아졌습니다.
전문가2 : 웹툰에는 초능력처럼 실사로 구현하기 어려운 소재가 
많이 등장하는데요. 영상 제작에서 특수 효과 기술이 발달한 
점도 저희 웹툰이 많이 영상화되는 데 일조했죠.
진행자: ㉠[영상 산업의 성장과 기술의 발달이 복합적으로 작용한
결과군요.](㉠의 밑줄) 이 현상은 양쪽 산업의 경제적 측면에도 기여했을
것 같은데요, 이번에는 웹툰 산업 입장부터 들어 보겠습니다.
전문가2 : 저희 웹툰 산업의 입장에서는 이미 만들어진 작품의 
저작권을 판매할 수 있어 수익 창출의 기회가 늘어났습니다.
전문가1 : 저희 영상 쪽도 이미 인기를 끈 웹툰을 영상으로 제작
함으로써 흥행 실패로 인해 손실을 입을 위험 부담을 덜 수 
있습니다. 결과적으로 수익성을 높이는 것이지요.
(나)
학생1 : 우리 이번 주 ‘시사 더하기’에서 다룬 현상에 대해 비평
문을 쓰기로 했잖아. 웹툰 영상화가 정말 유행이더라. 둘 다 
방송 봤지?
학생2 : 응. ㉡[웹툰 영상화가 이 정도로 유행인 줄 몰랐는데
방송에서까지 다루는 것을 보고 체감이 됐어.](㉡의 밑줄)
학생3 : ○○○이 세계적으로 인기라고 방송에서 그랬잖아. 이 
작품이 모두가 공감할 수 있는 내용을 다뤄서 그런 듯해.
학생1 : 방송에서 웹툰 영상화 유행 현상의 원인을 다뤘잖아. 
원인에 대해서 너희는 어떻게 생각해?
학생2 : 방송에서 영상 산업의 성장을 언급했는데, 웹툰 플랫폼
들의 해외 진출이 웹툰 영상화의 유행에 더 영향을 미친 
것 같아.
학생3 : 특수 효과 기술의 발달도 전문가가 말했는데, 나도 기술 
발달이 더 주요한 원인인 것 같아.
학생1 : 그럼 이제 웹툰 영상화 유행 현상에 대한 각자의 관점을 
말해 보자. ㉢[대부분 이 현상을 긍정적으로 볼 것 같은데,
너희들 생각은 어때?](㉢의 밑줄)
학생2 : 내 생각은 좀 달라. 웹툰 원작 영상은 원작의 이야기를 
재탕하는 데 불과한 것 같아. 이런 영상이 많아지면 영상 
전반의 다양성을 해치게 될 거야. 또 웹툰 작가들이 영상
화에 유리한 작품만 창작하려는 경향이 생길 것 같아.
학생1 : 그러네. ㉣[그렇게 되면 웹툰이나 영상을 즐기는 이들이
신작에 대해 갖는 기대치와 만족도까지 줄어들겠다.](㉣의 밑줄)
학생3 : 그 점도 일리가 있네. 그런데 웹툰 영상화는 이미 만들어진 
작품으로 추가 수익을 낼 수 있는 기회라고 전문가가 그랬잖아. 
웹툰 창작자가 추가 수익으로 경제적 안정을 얻으면 좋은 
웹툰을 만드는 데 전념할 수 있게 될 거야.
학생2 : ㉤[듣고 보니 경제적 안정 덕분에 좋은 웹툰을 창작하는
데 전념할 수 있게 된다는 네 말이 더 맞는 것 같아.](㉤의 밑줄)
학생1 : 그럼 내가 방송 내용과 우리 대화를 바탕으로 비평문을 
써 볼게.
(다)
요즘 OTT 플랫폼을 보면 웹툰을 원작으로 한 영상이 부쩍 
많아졌다. 이들 중에는 전 세계 시청 순위 1위를 한 작품이 있을 
정도로 국내뿐 아니라 해외에서까지 인기를 얻는 경우도 많다. 
특수 효과 기술의 발달로 초능력, 미래, 우주와 같은 웹툰의 
다양한 소재들이 영상으로 구현될 수 있는 환경이 마련되었고, 
OTT 플랫폼이 활성화됨에 따라 영상 제작자들이 영상화할 
이야기를 웹툰에서 찾는 일이 많아지며 웹툰을 원작으로 한 영상 
제작이 더욱 늘어난 것이다.
이러한 웹툰 영상화 유행 현상을 부정적으로 보는 사람들은 
웹툰 영상화의 유행이 콘텐츠 전반의 다양성을 저해한다고 본다. 
새로운 시나리오 창작이 위축되고, 영상화에 유리한 웹툰만 
창작된다는 것이다. 하지만 이는 단편적인 시각에 불과하다.
오히려 영상 제작의 측면에서는 기존에 상상하지 못했던 
새로운 내용이나 장르를 웹툰으로부터 공급받아 영상을 다양화할 
수 있는 것은 물론, 제작 기법상에도 새로운 시도들이 촉발된다. 
더불어, 웹툰 창작의 측면에서는 창작자가 경제적 안정을 얻게 
되어 작품성을 높이기 위한 노력과 도전적인 시도를 하게 된다. 
웹툰 영상화의 유행은 영상과 웹툰 산업 모두의 수익성을 높이는 
데에도 기여한다. 영상 산업에서는 이미 검증된 웹툰을 영상화
함으로써 흥행 실패 부담을 줄일 수 있고, 웹툰 산업에서는 이미 
완성된 작품을 영화와 같은 2차 저작물로 파생시켜 추가적인 
수익을 거둘 수 있다.
웹툰 영상화 유행 현상은 우리 콘텐츠 시장의 흐름 중 하나가 
되었다. 이러한 흐름을 바탕으로 세계적으로 인정받는 콘텐츠가 
더 많이 제작되려면 질 좋은 웹툰 창작과 창의적 각색을 위한 
노력이 필요하다. 웹툰 영상화 유행 현상은 우리 콘텐츠 산업을 
풍요롭게 만들므로 긍정적으로 보아야 한다. 앞으로도 작품성과 
흥행성을 갖춘 웹툰 원작 영상이 계속 제작된다면 세계 속 한국 
콘텐츠의 위상은 나날이 높아질 것이다.


질문 :
질문 :
(가), (나)의 담화 내용이 (다)에 반영된 양상으로 가장 적절한 
것은? [3점]
    
선택지 :
1번 - 해당 현상을 보여 주는 사례에 대한 ‘진행자’의 말을 ‘학생3’이 언급하며 밝힌 의견이 (다)에서 필자의 관점을 뒷받침하는 논거로 제시되었다.
2번 - 영상 산업의 성장에 대한 ‘전문가1’의 말을 ‘학생2’가 언급하며 밝힌 의견이 (다)에서 비평 대상이 나타나게 된 원인을 분석한 내용으로 제시되었다.
3번 - 손실 위험에 대한 ‘전문가1’의 말을 ‘학생2’가 언급하며 밝힌 의견이 (다)에서 필자와 상반된 관점의 주장으로 제시되었다.
4번 - 기술 발달에 대한 ‘전문가2’의 말을 ‘학생3’이 언급하며 밝힌 의견이 (다)에서 필자의 관점이 지닌 한계로 제시되었다.
5번 - 추가적인 수익 창출 기회에 대한 ‘전문가2’의 말을 ‘학생3’이 언급하며 밝힌 의견이 (다)에서 필자와 상반된 관점을 반박한 내용으로 제시되었다.


문제를 풀이할 때, 반드시 지문을 참고하세요. 문제는 무조건 1개의 정답만 있습니다. 문제를 풀이할 때 모든 선택지들을 검토하세요.
먼저 문제를 이해하고, 문제 해결을 위하여 계획을 세워보세요.
그 다음, 문제를 해결하기 위해 그 계획에 따라 단계별로 실행하세요.

다음의 형식을 따라 답변하세요.
1번: (선택지 1번에 대한 답변) + ""(지문 속 근거가 된 문장)""
2번: (선택지 2번에 대한 답변) + ""(지문 속 근거가 된 문장)""
3번: (선택지 3번에 대한 답변) + ""(지문 속 근거가 된 문장)""
4번: (선택지 4번에 대한 답변) + ""(지문 속 근거가 된 문장)""
5번: (선택지 5번에 대한 답변) + ""(지문 속 근거가 된 문장)""
최종 정답: (최종 정답)

정답 :
",['5(3)'],"1번: 오답 - 해당 현상을 보여 주는 사례에 대한 ‘진행자’의 말은 ""요즘 드라마 ○○○이 세계적으로 인기인데요, 웹툰을 원작으로 한 이런 영상들이 최근 많아졌습니다.""이고, ‘학생3’이 언급하며 밝힌 의견은 ""○○○이 세계적으로 인기라고 방송에서 그랬잖아. 이 작품이 모두가 공감할 수 있는 내용을 다뤄서 그런 듯해.""인데, (다)에서 필자의 관점을 뒷받침하는 논거로 제시되지 않았습니다. (다)에서는 사례로 제시되었지만, 필자의 관점을 뒷받침하는 논거는 아닙니다.
2번: 오답 - 영상 산업의 성장에 대한 ‘전문가1’의 말은 ""인터넷 기반 동영상 제공 서비스인 OTT의 활성화로 영상 산업이 급속도로 성장했기 때문이죠. 이에 따라 저희 업계에서는 영상화할 이야기를 웹툰에서 발굴하고 확보하는 일이 많아졌습니다.""이고, ‘학생2’가 언급하며 밝힌 의견은 ""방송에서 영상 산업의 성장을 언급했는데, 웹툰 플랫폼들의 해외 진출이 웹툰 영상화의 유행에 더 영향을 미친 것 같아.""인데, (다)에서 비평 대상이 나타나게 된 원인을 분석한 내용으로 제시되었지만, 학생 2의 의견은 제시되지 않았습니다.
3번: 오답 - 손실 위험에 대한 ‘전문가1’의 말은 ""저희 영상 쪽도 이미 인기를 끈 웹툰을 영상으로 제작함으로써 흥행 실패로 인해 손실을 입을 위험 부담을 덜 수 있습니다. 결과적으로 수익성을 높이는 것이지요.""이고, ‘학생2’가 언급하며 밝힌 의견은 없습니다.
4번: 오답 - 기술 발달에 대한 ‘전문가2’의 말은 ""웹툰에는 초능력처럼 실사로 구현하기 어려운 소재가 많이 등장하는데요. 영상 제작에서 특수 효과 기술이 발달한 점도 저희 웹툰이 많이 영상화되는 데 일조했죠.""이고, ‘학생3’이 언급하며 밝힌 의견은 ""특수 효과 기술의 발달도 전문가가 말했는데, 나도 기술 발달이 더 주요한 원인인 것 같아.""인데, (다)에서 필자의 관점이 지닌 한계로 제시되지 않았습니다.
5번: 정답 - 추가적인 수익 창출 기회에 대한 ‘전문가2’의 말은 ""저희 웹툰 산업의 입장에서는 이미 만들어진 작품의 저작권을 판매할 수 있어 수익 창출의 기회가 늘어났습니다.""이고, ‘학생3’이 언급하며 밝힌 의견은 ""그런데 웹툰 영상화는 이미 만들어진 작품으로 추가 수익을 낼 수 있는 기회라고 전문가가 그랬잖아. 웹툰 창작자가 추가 수익으로 경제적 안정을 얻으면 좋은 웹툰을 만드는 데 전념할 수 있게 될 거야.""인데, (다)에서 필자와 상반된 관점을 반박한 내용으로 제시되었습니다. (다)에서 ""웹툰 창작의 측면에서는 창작자가 경제적 안정을 얻게 되어 작품성을 높이기 위한 노력과 도전적인 시도를 하게 된다.""라고 언급하며 학생 3의 의견을 활용하여 부정적인 시각을 반박하고 있습니다.

최종 정답: 5
",3
2026_11_KICE_38-42_3,['4(2)'],"국어 시험 문제를 푸는 대한민국의 똑똑한 고3 수험생으로서 위의 요약을 바탕으로 다음 문제의 답을 구하세요.
지문을 읽고, 질문에 대한 답을 1부터 5까지의 선택지 중에 한 개만 골라서 대답해야 합니다.

지문 :
(가)는 방송 대담의 일부이고, (나)는 이를 바탕으로 시사 
동아리 학생들이 나눈 대화이며, (다)는 ‘학생1’이 (가)와 (나)를 
바탕으로 작성한 비평문이다. 물음에 답하시오.
(가)
진행자: 시청자 여러분, 안녕하십니까? 전문가의 안목을 더해 
사회 현상을 바라보는 ‘시사 더하기’입니다. 요즘 드라마 
○○○이 세계적으로 인기인데요, 웹툰을 원작으로 한 이런 
영상들이 최근 많아졌습니다. 오늘은 웹툰 영상화 유행 
현상에 대해 영상 분야의 전문가와 웹툰 분야의 전문가를 
모시고 말씀 들어 보겠습니다. 먼저 이 현상이 왜 나타났다고 
보시는지 두 분 말씀 부탁드립니다.
전문가1 : 인터넷 기반 동영상 제공 서비스인 OTT의 활성화로 
영상 산업이 급속도로 성장했기 때문이죠. 이에 따라 저희 
업계에서는 영상화할 이야기를 웹툰에서 발굴하고 확보하는 
일이 많아졌습니다.
전문가2 : 웹툰에는 초능력처럼 실사로 구현하기 어려운 소재가 
많이 등장하는데요. 영상 제작에서 특수 효과 기술이 발달한 
점도 저희 웹툰이 많이 영상화되는 데 일조했죠.
진행자: ㉠[영상 산업의 성장과 기술의 발달이 복합적으로 작용한
결과군요.](㉠의 밑줄) 이 현상은 양쪽 산업의 경제적 측면에도 기여했을
것 같은데요, 이번에는 웹툰 산업 입장부터 들어 보겠습니다.
전문가2 : 저희 웹툰 산업의 입장에서는 이미 만들어진 작품의 
저작권을 판매할 수 있어 수익 창출의 기회가 늘어났습니다.
전문가1 : 저희 영상 쪽도 이미 인기를 끈 웹툰을 영상으로 제작
함으로써 흥행 실패로 인해 손실을 입을 위험 부담을 덜 수 
있습니다. 결과적으로 수익성을 높이는 것이지요.
(나)
학생1 : 우리 이번 주 ‘시사 더하기’에서 다룬 현상에 대해 비평
문을 쓰기로 했잖아. 웹툰 영상화가 정말 유행이더라. 둘 다 
방송 봤지?
학생2 : 응. ㉡[웹툰 영상화가 이 정도로 유행인 줄 몰랐는데
방송에서까지 다루는 것을 보고 체감이 됐어.](㉡의 밑줄)
학생3 : ○○○이 세계적으로 인기라고 방송에서 그랬잖아. 이 
작품이 모두가 공감할 수 있는 내용을 다뤄서 그런 듯해.
학생1 : 방송에서 웹툰 영상화 유행 현상의 원인을 다뤘잖아. 
원인에 대해서 너희는 어떻게 생각해?
학생2 : 방송에서 영상 산업의 성장을 언급했는데, 웹툰 플랫폼
들의 해외 진출이 웹툰 영상화의 유행에 더 영향을 미친 
것 같아.
학생3 : 특수 효과 기술의 발달도 전문가가 말했는데, 나도 기술 
발달이 더 주요한 원인인 것 같아.
학생1 : 그럼 이제 웹툰 영상화 유행 현상에 대한 각자의 관점을 
말해 보자. ㉢[대부분 이 현상을 긍정적으로 볼 것 같은데,
너희들 생각은 어때?](㉢의 밑줄)
학생2 : 내 생각은 좀 달라. 웹툰 원작 영상은 원작의 이야기를 
재탕하는 데 불과한 것 같아. 이런 영상이 많아지면 영상 
전반의 다양성을 해치게 될 거야. 또 웹툰 작가들이 영상
화에 유리한 작품만 창작하려는 경향이 생길 것 같아.
학생1 : 그러네. ㉣[그렇게 되면 웹툰이나 영상을 즐기는 이들이
신작에 대해 갖는 기대치와 만족도까지 줄어들겠다.](㉣의 밑줄)
학생3 : 그 점도 일리가 있네. 그런데 웹툰 영상화는 이미 만들어진 
작품으로 추가 수익을 낼 수 있는 기회라고 전문가가 그랬잖아. 
웹툰 창작자가 추가 수익으로 경제적 안정을 얻으면 좋은 
웹툰을 만드는 데 전념할 수 있게 될 거야.
학생2 : ㉤[듣고 보니 경제적 안정 덕분에 좋은 웹툰을 창작하는
데 전념할 수 있게 된다는 네 말이 더 맞는 것 같아.](㉤의 밑줄)
학생1 : 그럼 내가 방송 내용과 우리 대화를 바탕으로 비평문을 
써 볼게.
(다)
요즘 OTT 플랫폼을 보면 웹툰을 원작으로 한 영상이 부쩍 
많아졌다. 이들 중에는 전 세계 시청 순위 1위를 한 작품이 있을 
정도로 국내뿐 아니라 해외에서까지 인기를 얻는 경우도 많다. 
특수 효과 기술의 발달로 초능력, 미래, 우주와 같은 웹툰의 
다양한 소재들이 영상으로 구현될 수 있는 환경이 마련되었고, 
OTT 플랫폼이 활성화됨에 따라 영상 제작자들이 영상화할 
이야기를 웹툰에서 찾는 일이 많아지며 웹툰을 원작으로 한 영상 
제작이 더욱 늘어난 것이다.
이러한 웹툰 영상화 유행 현상을 부정적으로 보는 사람들은 
웹툰 영상화의 유행이 콘텐츠 전반의 다양성을 저해한다고 본다. 
새로운 시나리오 창작이 위축되고, 영상화에 유리한 웹툰만 
창작된다는 것이다. 하지만 이는 단편적인 시각에 불과하다.
오히려 영상 제작의 측면에서는 기존에 상상하지 못했던 
새로운 내용이나 장르를 웹툰으로부터 공급받아 영상을 다양화할 
수 있는 것은 물론, 제작 기법상에도 새로운 시도들이 촉발된다. 
더불어, 웹툰 창작의 측면에서는 창작자가 경제적 안정을 얻게 
되어 작품성을 높이기 위한 노력과 도전적인 시도를 하게 된다. 
웹툰 영상화의 유행은 영상과 웹툰 산업 모두의 수익성을 높이는 
데에도 기여한다. 영상 산업에서는 이미 검증된 웹툰을 영상화
함으로써 흥행 실패 부담을 줄일 수 있고, 웹툰 산업에서는 이미 
완성된 작품을 영화와 같은 2차 저작물로 파생시켜 추가적인 
수익을 거둘 수 있다.
웹툰 영상화 유행 현상은 우리 콘텐츠 시장의 흐름 중 하나가 
되었다. 이러한 흐름을 바탕으로 세계적으로 인정받는 콘텐츠가 
더 많이 제작되려면 질 좋은 웹툰 창작과 창의적 각색을 위한 
노력이 필요하다. 웹툰 영상화 유행 현상은 우리 콘텐츠 산업을 
풍요롭게 만들므로 긍정적으로 보아야 한다. 앞으로도 작품성과 
흥행성을 갖춘 웹툰 원작 영상이 계속 제작된다면 세계 속 한국 
콘텐츠의 위상은 나날이 높아질 것이다.


질문 :
질문 :
(다)에 활용된 글쓰기 방식으로 가장 적절한 것은?
    
선택지 :
1번 - 웹툰 영상화에 대한 영상 제작자의 인식 변화를 시기별로 서술하였다.
2번 - 웹툰 영상화 유행 현상이 국내에서 해외로 확대되는 과정을 서술하였다.
3번 - 웹툰 영상화의 결과로 파생되는 저작물의 종류를 나열하여 서술하였다.
4번 - 웹툰 영상화 유행 현상이 미치는 영향을 산업별로 구분하여 서술하였다.
5번 - 웹툰 영상화를 위해 활용되는 제작 기법의 특징을 분석하여 서술하였다.


문제를 풀이할 때, 반드시 지문을 참고하세요. 문제는 무조건 1개의 정답만 있습니다. 문제를 풀이할 때 모든 선택지들을 검토하세요.
먼저 문제를 이해하고, 문제 해결을 위하여 계획을 세워보세요.
그 다음, 문제를 해결하기 위해 그 계획에 따라 단계별로 실행하세요.

다음의 형식을 따라 답변하세요.
1번: (선택지 1번에 대한 답변) + ""(지문 속 근거가 된 문장)""
2번: (선택지 2번에 대한 답변) + ""(지문 속 근거가 된 문장)""
3번: (선택지 3번에 대한 답변) + ""(지문 속 근거가 된 문장)""
4번: (선택지 4번에 대한 답변) + ""(지문 속 근거가 된 문장)""
5번: (선택지 5번에 대한 답변) + ""(지문 속 근거가 된 문장)""
최종 정답: (최종 정답)

정답 :
",['4(2)'],"1번: 웹툰 영상화에 대한 영상 제작자의 인식 변화를 시기별로 서술하였다. + ""지문 전체를 보았을 때, 영상 제작자의 인식 변화를 시기별로 서술한 내용은 나타나지 않습니다.""
2번: 웹툰 영상화 유행 현상이 국내에서 해외로 확대되는 과정을 서술하였다. + ""이들 중에는 전 세계 시청 순위 1위를 한 작품이 있을 정도로 국내뿐 아니라 해외에서까지 인기를 얻는 경우도 많다.""
3번: 웹툰 영상화의 결과로 파생되는 저작물의 종류를 나열하여 서술하였다. + ""웹툰 산업에서는 이미 완성된 작품을 영화와 같은 2차 저작물로 파생시켜 추가적인 수익을 거둘 수 있다.""
4번: 웹툰 영상화 유행 현상이 미치는 영향을 산업별로 구분하여 서술하였다. + ""오히려 영상 제작의 측면에서는 기존에 상상하지 못했던 새로운 내용이나 장르를 웹툰으로부터 공급받아 영상을 다양화할 수 있는 것은 물론, 제작 기법상에도 새로운 시도들이 촉발된다. 더불어, 웹툰 창작의 측면에서는 창작자가 경제적 안정을 얻게 되어 작품성을 높이기 위한 노력과 도전적인 시도를 하게 된다. 웹툰 영상화의 유행은 영상과 웹툰 산업 모두의 수익성을 높이는 데에도 기여한다.""
5번: 웹툰 영상화를 위해 활용되는 제작 기법의 특징을 분석하여 서술하였다. + ""특수 효과 기술의 발달로 초능력, 미래, 우주와 같은 웹툰의 다양한 소재들이 영상으로 구현될 수 있는 환경이 마련되었고""

최종 정답: 4
",2
2026_11_KICE_38-42_4,['4(2)'],"국어 시험 문제를 푸는 대한민국의 똑똑한 고3 수험생으로서 위의 요약을 바탕으로 다음 문제의 답을 구하세요.
지문을 읽고, 질문에 대한 답을 1부터 5까지의 선택지 중에 한 개만 골라서 대답해야 합니다.

지문 :
(가)는 방송 대담의 일부이고, (나)는 이를 바탕으로 시사 
동아리 학생들이 나눈 대화이며, (다)는 ‘학생1’이 (가)와 (나)를 
바탕으로 작성한 비평문이다. 물음에 답하시오.
(가)
진행자: 시청자 여러분, 안녕하십니까? 전문가의 안목을 더해 
사회 현상을 바라보는 ‘시사 더하기’입니다. 요즘 드라마 
○○○이 세계적으로 인기인데요, 웹툰을 원작으로 한 이런 
영상들이 최근 많아졌습니다. 오늘은 웹툰 영상화 유행 
현상에 대해 영상 분야의 전문가와 웹툰 분야의 전문가를 
모시고 말씀 들어 보겠습니다. 먼저 이 현상이 왜 나타났다고 
보시는지 두 분 말씀 부탁드립니다.
전문가1 : 인터넷 기반 동영상 제공 서비스인 OTT의 활성화로 
영상 산업이 급속도로 성장했기 때문이죠. 이에 따라 저희 
업계에서는 영상화할 이야기를 웹툰에서 발굴하고 확보하는 
일이 많아졌습니다.
전문가2 : 웹툰에는 초능력처럼 실사로 구현하기 어려운 소재가 
많이 등장하는데요. 영상 제작에서 특수 효과 기술이 발달한 
점도 저희 웹툰이 많이 영상화되는 데 일조했죠.
진행자: ㉠[영상 산업의 성장과 기술의 발달이 복합적으로 작용한
결과군요.](㉠의 밑줄) 이 현상은 양쪽 산업의 경제적 측면에도 기여했을
것 같은데요, 이번에는 웹툰 산업 입장부터 들어 보겠습니다.
전문가2 : 저희 웹툰 산업의 입장에서는 이미 만들어진 작품의 
저작권을 판매할 수 있어 수익 창출의 기회가 늘어났습니다.
전문가1 : 저희 영상 쪽도 이미 인기를 끈 웹툰을 영상으로 제작
함으로써 흥행 실패로 인해 손실을 입을 위험 부담을 덜 수 
있습니다. 결과적으로 수익성을 높이는 것이지요.
(나)
학생1 : 우리 이번 주 ‘시사 더하기’에서 다룬 현상에 대해 비평
문을 쓰기로 했잖아. 웹툰 영상화가 정말 유행이더라. 둘 다 
방송 봤지?
학생2 : 응. ㉡[웹툰 영상화가 이 정도로 유행인 줄 몰랐는데
방송에서까지 다루는 것을 보고 체감이 됐어.](㉡의 밑줄)
학생3 : ○○○이 세계적으로 인기라고 방송에서 그랬잖아. 이 
작품이 모두가 공감할 수 있는 내용을 다뤄서 그런 듯해.
학생1 : 방송에서 웹툰 영상화 유행 현상의 원인을 다뤘잖아. 
원인에 대해서 너희는 어떻게 생각해?
학생2 : 방송에서 영상 산업의 성장을 언급했는데, 웹툰 플랫폼
들의 해외 진출이 웹툰 영상화의 유행에 더 영향을 미친 
것 같아.
학생3 : 특수 효과 기술의 발달도 전문가가 말했는데, 나도 기술 
발달이 더 주요한 원인인 것 같아.
학생1 : 그럼 이제 웹툰 영상화 유행 현상에 대한 각자의 관점을 
말해 보자. ㉢[대부분 이 현상을 긍정적으로 볼 것 같은데,
너희들 생각은 어때?](㉢의 밑줄)
학생2 : 내 생각은 좀 달라. 웹툰 원작 영상은 원작의 이야기를 
재탕하는 데 불과한 것 같아. 이런 영상이 많아지면 영상 
전반의 다양성을 해치게 될 거야. 또 웹툰 작가들이 영상
화에 유리한 작품만 창작하려는 경향이 생길 것 같아.
학생1 : 그러네. ㉣[그렇게 되면 웹툰이나 영상을 즐기는 이들이
신작에 대해 갖는 기대치와 만족도까지 줄어들겠다.](㉣의 밑줄)
학생3 : 그 점도 일리가 있네. 그런데 웹툰 영상화는 이미 만들어진 
작품으로 추가 수익을 낼 수 있는 기회라고 전문가가 그랬잖아. 
웹툰 창작자가 추가 수익으로 경제적 안정을 얻으면 좋은 
웹툰을 만드는 데 전념할 수 있게 될 거야.
학생2 : ㉤[듣고 보니 경제적 안정 덕분에 좋은 웹툰을 창작하는
데 전념할 수 있게 된다는 네 말이 더 맞는 것 같아.](㉤의 밑줄)
학생1 : 그럼 내가 방송 내용과 우리 대화를 바탕으로 비평문을 
써 볼게.
(다)
요즘 OTT 플랫폼을 보면 웹툰을 원작으로 한 영상이 부쩍 
많아졌다. 이들 중에는 전 세계 시청 순위 1위를 한 작품이 있을 
정도로 국내뿐 아니라 해외에서까지 인기를 얻는 경우도 많다. 
특수 효과 기술의 발달로 초능력, 미래, 우주와 같은 웹툰의 
다양한 소재들이 영상으로 구현될 수 있는 환경이 마련되었고, 
OTT 플랫폼이 활성화됨에 따라 영상 제작자들이 영상화할 
이야기를 웹툰에서 찾는 일이 많아지며 웹툰을 원작으로 한 영상 
제작이 더욱 늘어난 것이다.
이러한 웹툰 영상화 유행 현상을 부정적으로 보는 사람들은 
웹툰 영상화의 유행이 콘텐츠 전반의 다양성을 저해한다고 본다. 
새로운 시나리오 창작이 위축되고, 영상화에 유리한 웹툰만 
창작된다는 것이다. 하지만 이는 단편적인 시각에 불과하다.
오히려 영상 제작의 측면에서는 기존에 상상하지 못했던 
새로운 내용이나 장르를 웹툰으로부터 공급받아 영상을 다양화할 
수 있는 것은 물론, 제작 기법상에도 새로운 시도들이 촉발된다. 
더불어, 웹툰 창작의 측면에서는 창작자가 경제적 안정을 얻게 
되어 작품성을 높이기 위한 노력과 도전적인 시도를 하게 된다. 
웹툰 영상화의 유행은 영상과 웹툰 산업 모두의 수익성을 높이는 
데에도 기여한다. 영상 산업에서는 이미 검증된 웹툰을 영상화
함으로써 흥행 실패 부담을 줄일 수 있고, 웹툰 산업에서는 이미 
완성된 작품을 영화와 같은 2차 저작물로 파생시켜 추가적인 
수익을 거둘 수 있다.
웹툰 영상화 유행 현상은 우리 콘텐츠 시장의 흐름 중 하나가 
되었다. 이러한 흐름을 바탕으로 세계적으로 인정받는 콘텐츠가 
더 많이 제작되려면 질 좋은 웹툰 창작과 창의적 각색을 위한 
노력이 필요하다. 웹툰 영상화 유행 현상은 우리 콘텐츠 산업을 
풍요롭게 만들므로 긍정적으로 보아야 한다. 앞으로도 작품성과 
흥행성을 갖춘 웹툰 원작 영상이 계속 제작된다면 세계 속 한국 
콘텐츠의 위상은 나날이 높아질 것이다.


질문 :
질문 :
다음은 (다)의 4문단의 초고와 학생들의 의견이다. 초고에 대한 의견을 반영하여 고쳐 썼다고 할 때, 이에 대한 설명으로 적절하지 않은 것은?
    
선택지 :
1번 - 학생2의 의견을 반영해, 웹툰 영상화의 흥행 실패에 관한 내용을 삭제하였다.
2번 - 학생2의 의견을 반영해, 웹툰 영상화 유행 현상의 의의를 언급한 문장의 위치를 변경하였다.
3번 - 학생3의 의견을 반영해, 웹툰 영상화 유행 현상에 대한 자신의 입장을 제시하는 내용을 추가하였다.
4번 - 학생3의 의견을 반영해, 영상업계의 노력에 관한 내용을 추가하였다.
5번 - 학생3의 의견을 반영해, 세계 속 한국 콘텐츠의 향후 위상에 대한 내용을 추가하였다.

<보기>
◦초고
웹툰 영상화 유행 현상은 우리 콘텐츠 산업을 풍요롭게 
만든다. 이 현상은 우리 콘텐츠 시장의 흐름 중 하나가 되었다. 
간혹 흥행에 실패한 경우도 있지만 이는 소수에 불과했다. 
이러한 흐름을 바탕으로 세계적으로 인정받는 콘텐츠가 더 
많이 제작되려면 창의적 각색을 위한 노력이 필요하다. 앞으로도 
작품성과 흥행성을 갖춘 웹툰 원작 영상이 계속 제작되기를 
바란다.
◦초고에 대한 의견
학생2 : 글의 흐름이 자연스럽도록, 일부 내용을 삭제하거나 
순서를 바꾸면 좋겠어.
학생3 : 글의 마무리 부분임을 고려해, 자신의 관점을 분명히 
밝히는 내용이나 발전 방안 또는 전망에 대한 내용을 
추가하면 좋겠어.


문제를 풀이할 때, 반드시 지문을 참고하세요. 문제는 무조건 1개의 정답만 있습니다. 문제를 풀이할 때 모든 선택지들을 검토하세요.
먼저 문제를 이해하고, 문제 해결을 위하여 계획을 세워보세요.
그 다음, 문제를 해결하기 위해 그 계획에 따라 단계별로 실행하세요.

다음의 형식을 따라 답변하세요.
1번: (선택지 1번에 대한 답변) + ""(지문 속 근거가 된 문장)""
2번: (선택지 2번에 대한 답변) + ""(지문 속 근거가 된 문장)""
3번: (선택지 3번에 대한 답변) + ""(지문 속 근거가 된 문장)""
4번: (선택지 4번에 대한 답변) + ""(지문 속 근거가 된 문장)""
5번: (선택지 5번에 대한 답변) + ""(지문 속 근거가 된 문장)""
최종 정답: (최종 정답)

정답 :
",['4(2)'],"문제 해결 계획:

1. **(다)의 4문단 초고 확인:** 초고의 내용과 구조를 정확히 파악한다.
2. **학생들의 의견 확인:** 학생2와 학생3이 제시한 구체적인 의견을 파악한다.
3. **선택지별 분석:** 각 선택지가 학생들의 의견을 어떻게 반영했는지 (다) 전체 지문과 비교하며 분석한다. 특히 (다)의 최종 형태와 초고의 차이점을 중심으로 확인한다.
4. **오답 판별:** (다)의 내용과 학생들의 의견에 비추어, 반영되지 않았거나 잘못 반영된 부분을 찾는다.

문제 해결 실행:

1번: 부적절함. 학생2는 흥행 실패에 관한 내용을 삭제하라는 직접적인 의견을 제시하지 않았습니다. 다만 글의 흐름이 자연스럽도록 일부 내용을 삭제하라고 했습니다. 실제로 (다)의 4문단 초고에서 ""간혹 흥행에 실패한 경우도 있지만 이는 소수에 불과했다.""라는 문장이 삭제되었고, 이는 학생2의 의견을 반영한 결과라고 볼 수 있습니다. ""(간혹 흥행에 실패한 경우도 있지만 이는 소수에 불과했다.)""
2번: 적절함. 학생2는 글의 흐름이 자연스럽도록 순서를 바꾸라는 의견을 제시했습니다. 초고에서는 ""웹툰 영상화 유행 현상은 우리 콘텐츠 산업을 풍요롭게 만든다.""라는 문장이 맨 앞에 위치했지만, 최종본에서는 문장 위치가 변경되었습니다. ""웹툰 영상화 유행 현상은 우리 콘텐츠 시장의 흐름 중 하나가 되었다.""
3번: 적절함. 학생3은 자신의 관점을 분명히 밝히는 내용을 추가하라는 의견을 제시했습니다. (다)의 마지막 문장 ""웹툰 영상화 유행 현상은 우리 콘텐츠 산업을 풍요롭게 만들므로 긍정적으로 보아야 한다.""는 학생3의 의견에 따라 추가된 내용이라고 볼 수 있습니다. ""웹툰 영상화 유행 현상은 우리 콘텐츠 산업을 풍요롭게 만들므로 긍정적으로 보아야 한다.""
4번: 부적절함. 학생3은 영상업계의 노력에 관한 내용을 추가하라는 의견을 제시하지 않았습니다. (다)에는 영상업계의 노력을 구체적으로 언급하는 내용은 없습니다.
5번: 적절함. 학생3은 발전 방안 또는 전망에 대한 내용을 추가하라는 의견을 제시했습니다. (다)의 마지막 문장 ""...세계 속 한국 콘텐츠의 위상은 나날이 높아질 것이다.""는 학생3의 의견에 따라 추가된 내용이라고 볼 수 있습니다. ""앞으로도 작품성과 흥행성을 갖춘 웹툰 원작 영상이 계속 제작된다면 세계 속 한국 콘텐츠의 위상은 나날이 높아질 것이다.""

최종 정답: 4
",2
2026_11_KICE_43-45_0,['3(2)'],"국어 시험 문제를 푸는 대한민국의 똑똑한 고3 수험생으로서 위의 요약을 바탕으로 다음 문제의 답을 구하세요.
지문을 읽고, 질문에 대한 답을 1부터 5까지의 선택지 중에 한 개만 골라서 대답해야 합니다.

지문 :
다음은 작문 상황과 이를 바탕으로 작성한 학생의 초고
이다. 물음에 답하시오.
[작문 상황]
완벽주의적 자기 제시 성향에 대해 설명하는 글을 작성하여 
학교 신문에 실으려 함.
[초고]
사람은 누구나 다른 사람에게 좋은 모습을 보이고 싶어 하는 
면이 있다. 이러한 욕구가 커서 자신을 늘 완벽한 모습으로 
보이려고 하는 성향이 나타날 수 있는데，이를 완벽주의적 자기 
제시 성향이라 한다. 청소년 시기에는 또래 집단에서 친구들
에게 긍정적으로 비춰지고 싶은 욕구가 크기 때문에 완벽주의적 
자기 제시 성향이 나타나는 경우가 많다.
완벽주의적 자기 제시 성향을 지닌 사람들은 평가의 기준을 
자신보다 타인에 두기 때문에 타인의 시선과 평가에 민감해지기 
쉽다. 그래서 여러 사람들 앞에 나서야 할 때 불안을 겪기도 
한다. 이러한 불안이 사회생활에서 회피적 행동으로 이어지고, 
회피적 행동은 다시 불안을 가중한다.
그렇다면 완벽주의적 자기 제시 성향으로 인해 발생한 불안을 
완화하려면 어떻게 해야 할까? 먼저 스스로의 마음을 다스릴 
필요가 있다. 타인의 인정을 기준으로 자신의 가치를 평가하지 
않고, 자기 자신을 무조건적으로 수용하는 자세가 도움이 된다. 
이 외에도 상황을 종합적으로 고려하는 ‘인지적 유연성’이 필요
하다. 인지적 유연성을 발휘하기 위해서는 자신의 정서를 명확
하게 인식할 수 있어야 한다.
다음으로 주변 사람들과의 관계 속에서 도움을 받을 수 있다. 
완벽주의적 자기 제시 성향이 높은 사람은 자신에 대한 다른 
사람의 긍정적 평가를 믿지 않고 왜곡해서 받아들이는 경향이 
있다. 따라서 자신이 온전히 믿는 친구나 가족들에게 불안한 
마음을 털어 놓으며 그들로부터 격려와 지지를 구하는 ‘사회적 
지지 추구 행동’을 하는 것이 도움이 된다.
끝으로 신체 활동도 도움이 된다. 특히 걷기는 일상에서 
우리가 손쉽게 실천해 볼 수 있는 신체 활동이다. 완벽주의적 
자기 제시 성향에서 비롯한 불안에 휩싸였을 때, 그 상황에 
매몰되어 있으면 불안에서 벗어나기 어려울 수 있다. 이럴 때 
걷기를 하면 불안한 마음에 사로잡혔던 주의를 다른 곳으로 
돌릴 수 있어 불안을 완화하는 데 도움이 될 수 있다.
완벽주의적 자기 제시 성향은 누구에게나 나타날 수 있다. 
[A]

질문 :
질문 :
다음은 학생이 초고를 작성할 때 떠올린 생각이다. 이를 고려할 때 [A]에 들어갈 내용으로 가장 적절한 것은?
    
선택지 :
1번 - 자신에 대한 긍정적 평가가 진심으로 느껴지지 않아 불안해질 때, 이를 그대로 둔다면 완벽주의적 자기 제시 성향이 고착화될 것이다.
2번 - 타인의 시선을 고려하기보다 자신의 시야에만 갇혀 불안한 마음이 든다면, 일상에서 걷기와 같은 신체 활동을 해 보는 것이 어떨까?
3번 - 타인에게 완벽한 모습을 보이고 싶은 마음이 불안으로 이어질 때, 자기 자신을 있는 그대로 받아들인다면 심리적 안정을 얻을 수 있을 것이다.
4번 - 완벽주의적 자기 제시 성향은 사회생활을 하는 데 여러 가지 문제를 초래하므로, 객관적으로 상황을 바라보는 인지적 유연성을 발휘해 보는 것이 어떨까?
5번 - 완벽함을 추구하는 것은 고통을 수반할 수 있으므로, 무조건적 자기 수용보다는 사회적 지지 추구 행동을 통해 스스로의 마음을 다스린다면 마음이 편안해질 수 있을 것이다.

<보기>
마지막 문단에서는 글의 전체적인 흐름을 고려하여, 완벽주의적 자기 제시 성향으로 인해 겪을 수 있는 정서적 어려움을 명시하고, 이를 완화하는 데 도움이 되는 태도와 그것이 가져올 긍정적 변화를 제시해야겠어.


문제를 풀이할 때, 반드시 지문을 참고하세요. 문제는 무조건 1개의 정답만 있습니다. 문제를 풀이할 때 모든 선택지들을 검토하세요.
먼저 문제를 이해하고, 문제 해결을 위하여 계획을 세워보세요.
그 다음, 문제를 해결하기 위해 그 계획에 따라 단계별로 실행하세요.

다음의 형식을 따라 답변하세요.
1번: (선택지 1번에 대한 답변) + ""(지문 속 근거가 된 문장)""
2번: (선택지 2번에 대한 답변) + ""(지문 속 근거가 된 문장)""
3번: (선택지 3번에 대한 답변) + ""(지문 속 근거가 된 문장)""
4번: (선택지 4번에 대한 답변) + ""(지문 속 근거가 된 문장)""
5번: (선택지 5번에 대한 답변) + ""(지문 속 근거가 된 문장)""
최종 정답: (최종 정답)

정답 :
",['3(2)'],"문제 해결 계획:

1.  **문제 이해:** 마지막 문단에 들어갈 내용을 고르는 문제이며, 제시된 <보기>를 통해 어떤 내용을 담아야 하는지 파악한다. <보기>는 완벽주의적 자기 제시 성향의 어려움, 완화에 도움이 되는 태도, 긍정적 변화를 제시해야 한다고 제시한다.
2.  **선택지 분석:** 각 선택지가 <보기>의 요구사항을 충족하는지, 그리고 지문 전체의 내용과 일관성이 있는지 확인한다.
3.  **지문 내용 확인:** 각 선택지와 관련된 지문 내용을 찾아 근거로 활용한다.
4.  **최종 정답 결정:** 가장 적절한 선택지를 고른다.

문제 해결 실행:

1번: 자신에 대한 긍정적 평가가 진심으로 느껴지지 않아 불안해질 때, 이를 그대로 둔다면 완벽주의적 자기 제시 성향이 고착화될 것이다. + ""완벽주의적 자기 제시 성향이 높은 사람은 자신에 대한 다른 사람의 긍정적 평가를 믿지 않고 왜곡해서 받아들이는 경향이 있다."" (긍정적 평가를 왜곡한다는 내용은 있지만, 고착화에 대한 내용은 없음.)
2번: 타인의 시선을 고려하기보다 자신의 시야에만 갇혀 불안한 마음이 든다면, 일상에서 걷기와 같은 신체 활동을 해 보는 것이 어떨까? + ""이럴 때 걷기를 하면 불안한 마음에 사로잡혔던 주의를 다른 곳으로 돌릴 수 있어 불안을 완화하는 데 도움이 될 수 있다."" (걷기의 효과에 대해서는 언급하고 있지만, '자신의 시야에 갇혀'라는 표현은 지문 내용과 연결성이 부족함.)
3번: 타인에게 완벽한 모습을 보이고 싶은 마음이 불안으로 이어질 때, 자기 자신을 있는 그대로 받아들인다면 심리적 안정을 얻을 수 있을 것이다. + ""타인의 인정을 기준으로 자신의 가치를 평가하지 않고, 자기 자신을 무조건적으로 수용하는 자세가 도움이 된다."" (자기 수용의 중요성과 심리적 안정에 대한 내용이 연결됨.)
4번: 완벽주의적 자기 제시 성향은 사회생활을 하는 데 여러 가지 문제를 초래하므로, 객관적으로 상황을 바라보는 인지적 유연성을 발휘해 보는 것이 어떨까? + ""이 외에도 상황을 종합적으로 고려하는 ‘인지적 유연성’이 필요하다."" (인지적 유연성의 필요성은 언급하고 있지만, '사회생활의 여러 가지 문제'에 대한 직접적인 언급은 부족함.)
5번: 완벽함을 추구하는 것은 고통을 수반할 수 있으므로, 무조건적 자기 수용보다는 사회적 지지 추구 행동을 통해 스스로의 마음을 다스린다면 마음이 편안해질 수 있을 것이다. + ""따라서 자신이 온전히 믿는 친구나 가족들에게 불안한 마음을 털어 놓으며 그들로부터 격려와 지지를 구하는 ‘사회적 지지 추구 행동’을 하는 것이 도움이 된다."" (사회적 지지의 효과는 언급하고 있지만, '무조건적 자기 수용보다는' 이라는 비교는 지문에서 찾을 수 없음.)

최종 정답: 3
",2
2026_11_KICE_43-45_1,['2(2)'],"국어 시험 문제를 푸는 대한민국의 똑똑한 고3 수험생으로서 위의 요약을 바탕으로 다음 문제의 답을 구하세요.
지문을 읽고, 질문에 대한 답을 1부터 5까지의 선택지 중에 한 개만 골라서 대답해야 합니다.

지문 :
다음은 작문 상황과 이를 바탕으로 작성한 학생의 초고
이다. 물음에 답하시오.
[작문 상황]
완벽주의적 자기 제시 성향에 대해 설명하는 글을 작성하여 
학교 신문에 실으려 함.
[초고]
사람은 누구나 다른 사람에게 좋은 모습을 보이고 싶어 하는 
면이 있다. 이러한 욕구가 커서 자신을 늘 완벽한 모습으로 
보이려고 하는 성향이 나타날 수 있는데，이를 완벽주의적 자기 
제시 성향이라 한다. 청소년 시기에는 또래 집단에서 친구들
에게 긍정적으로 비춰지고 싶은 욕구가 크기 때문에 완벽주의적 
자기 제시 성향이 나타나는 경우가 많다.
완벽주의적 자기 제시 성향을 지닌 사람들은 평가의 기준을 
자신보다 타인에 두기 때문에 타인의 시선과 평가에 민감해지기 
쉽다. 그래서 여러 사람들 앞에 나서야 할 때 불안을 겪기도 
한다. 이러한 불안이 사회생활에서 회피적 행동으로 이어지고, 
회피적 행동은 다시 불안을 가중한다.
그렇다면 완벽주의적 자기 제시 성향으로 인해 발생한 불안을 
완화하려면 어떻게 해야 할까? 먼저 스스로의 마음을 다스릴 
필요가 있다. 타인의 인정을 기준으로 자신의 가치를 평가하지 
않고, 자기 자신을 무조건적으로 수용하는 자세가 도움이 된다. 
이 외에도 상황을 종합적으로 고려하는 ‘인지적 유연성’이 필요
하다. 인지적 유연성을 발휘하기 위해서는 자신의 정서를 명확
하게 인식할 수 있어야 한다.
다음으로 주변 사람들과의 관계 속에서 도움을 받을 수 있다. 
완벽주의적 자기 제시 성향이 높은 사람은 자신에 대한 다른 
사람의 긍정적 평가를 믿지 않고 왜곡해서 받아들이는 경향이 
있다. 따라서 자신이 온전히 믿는 친구나 가족들에게 불안한 
마음을 털어 놓으며 그들로부터 격려와 지지를 구하는 ‘사회적 
지지 추구 행동’을 하는 것이 도움이 된다.
끝으로 신체 활동도 도움이 된다. 특히 걷기는 일상에서 
우리가 손쉽게 실천해 볼 수 있는 신체 활동이다. 완벽주의적 
자기 제시 성향에서 비롯한 불안에 휩싸였을 때, 그 상황에 
매몰되어 있으면 불안에서 벗어나기 어려울 수 있다. 이럴 때 
걷기를 하면 불안한 마음에 사로잡혔던 주의를 다른 곳으로 
돌릴 수 있어 불안을 완화하는 데 도움이 될 수 있다.
완벽주의적 자기 제시 성향은 누구에게나 나타날 수 있다. 
[A]

질문 :
질문 :
초고에 반영된 글쓰기 계획으로 적절하지 않은 것은?
    
선택지 :
1번 - 완벽주의적 자기 제시 성향의 개념을 밝혀야겠어.
2번 - 완벽주의적 자기 제시 성향의 장단점을 설명해야겠어.
3번 - 사람들의 일반적인 특성을 제시하며 글을 시작해야겠어.
4번 - 완벽주의적 자기 제시 성향이 높은 사람의 특징을 언급해야겠어.
5번 - 특정 시기에 완벽주의적 자기 제시 성향이 나타나는 경우가 많은 이유를 제시해야겠어.


문제를 풀이할 때, 반드시 지문을 참고하세요. 문제는 무조건 1개의 정답만 있습니다. 문제를 풀이할 때 모든 선택지들을 검토하세요.
먼저 문제를 이해하고, 문제 해결을 위하여 계획을 세워보세요.
그 다음, 문제를 해결하기 위해 그 계획에 따라 단계별로 실행하세요.

다음의 형식을 따라 답변하세요.
1번: (선택지 1번에 대한 답변) + ""(지문 속 근거가 된 문장)""
2번: (선택지 2번에 대한 답변) + ""(지문 속 근거가 된 문장)""
3번: (선택지 3번에 대한 답변) + ""(지문 속 근거가 된 문장)""
4번: (선택지 4번에 대한 답변) + ""(지문 속 근거가 된 문장)""
5번: (선택지 5번에 대한 답변) + ""(지문 속 근거가 된 문장)""
최종 정답: (최종 정답)

정답 :
",['2(2)'],"문제 해결 계획:
1. 각 선택지가 지문의 내용과 일치하는지 확인한다.
2. 지문에서 해당 선택지를 뒷받침하는 구체적인 문장을 찾는다.
3. 모든 선택지를 검토한 후, 지문 내용과 가장 거리가 먼 선택지를 고른다.

1번: 완벽주의적 자기 제시 성향의 개념을 밝혀야겠어. + ""사람은 누구나 다른 사람에게 좋은 모습을 보이고 싶어 하는 면이 있다. 이러한 욕구가 커서 자신을 늘 완벽한 모습으로 보이려고 하는 성향이 나타날 수 있는데，이를 완벽주의적 자기 제시 성향이라 한다.""
2번: 완벽주의적 자기 제시 성향의 장단점을 설명해야겠어. + 지문에는 완벽주의적 자기 제시 성향의 단점(불안, 회피적 행동)은 언급되어 있지만, 장점은 언급되어 있지 않다.
3번: 사람들의 일반적인 특성을 제시하며 글을 시작해야겠어. + ""사람은 누구나 다른 사람에게 좋은 모습을 보이고 싶어 하는 면이 있다.""
4번: 완벽주의적 자기 제시 성향이 높은 사람의 특징을 언급해야겠어. + ""완벽주의적 자기 제시 성향을 지닌 사람들은 평가의 기준을 자신보다 타인에 두기 때문에 타인의 시선과 평가에 민감해지기 쉽다.""
5번: 특정 시기에 완벽주의적 자기 제시 성향이 나타나는 경우가 많은 이유를 제시해야겠어. + ""청소년 시기에는 또래 집단에서 친구들에게 긍정적으로 비춰지고 싶은 욕구가 크기 때문에 완벽주의적 자기 제시 성향이 나타나는 경우가 많다.""

최종 정답: 2
",2
2026_11_KICE_43-45_2,['5(3)'],"국어 시험 문제를 푸는 대한민국의 똑똑한 고3 수험생으로서 위의 요약을 바탕으로 다음 문제의 답을 구하세요.
지문을 읽고, 질문에 대한 답을 1부터 5까지의 선택지 중에 한 개만 골라서 대답해야 합니다.

지문 :
다음은 작문 상황과 이를 바탕으로 작성한 학생의 초고
이다. 물음에 답하시오.
[작문 상황]
완벽주의적 자기 제시 성향에 대해 설명하는 글을 작성하여 
학교 신문에 실으려 함.
[초고]
사람은 누구나 다른 사람에게 좋은 모습을 보이고 싶어 하는 
면이 있다. 이러한 욕구가 커서 자신을 늘 완벽한 모습으로 
보이려고 하는 성향이 나타날 수 있는데，이를 완벽주의적 자기 
제시 성향이라 한다. 청소년 시기에는 또래 집단에서 친구들
에게 긍정적으로 비춰지고 싶은 욕구가 크기 때문에 완벽주의적 
자기 제시 성향이 나타나는 경우가 많다.
완벽주의적 자기 제시 성향을 지닌 사람들은 평가의 기준을 
자신보다 타인에 두기 때문에 타인의 시선과 평가에 민감해지기 
쉽다. 그래서 여러 사람들 앞에 나서야 할 때 불안을 겪기도 
한다. 이러한 불안이 사회생활에서 회피적 행동으로 이어지고, 
회피적 행동은 다시 불안을 가중한다.
그렇다면 완벽주의적 자기 제시 성향으로 인해 발생한 불안을 
완화하려면 어떻게 해야 할까? 먼저 스스로의 마음을 다스릴 
필요가 있다. 타인의 인정을 기준으로 자신의 가치를 평가하지 
않고, 자기 자신을 무조건적으로 수용하는 자세가 도움이 된다. 
이 외에도 상황을 종합적으로 고려하는 ‘인지적 유연성’이 필요
하다. 인지적 유연성을 발휘하기 위해서는 자신의 정서를 명확
하게 인식할 수 있어야 한다.
다음으로 주변 사람들과의 관계 속에서 도움을 받을 수 있다. 
완벽주의적 자기 제시 성향이 높은 사람은 자신에 대한 다른 
사람의 긍정적 평가를 믿지 않고 왜곡해서 받아들이는 경향이 
있다. 따라서 자신이 온전히 믿는 친구나 가족들에게 불안한 
마음을 털어 놓으며 그들로부터 격려와 지지를 구하는 ‘사회적 
지지 추구 행동’을 하는 것이 도움이 된다.
끝으로 신체 활동도 도움이 된다. 특히 걷기는 일상에서 
우리가 손쉽게 실천해 볼 수 있는 신체 활동이다. 완벽주의적 
자기 제시 성향에서 비롯한 불안에 휩싸였을 때, 그 상황에 
매몰되어 있으면 불안에서 벗어나기 어려울 수 있다. 이럴 때 
걷기를 하면 불안한 마음에 사로잡혔던 주의를 다른 곳으로 
돌릴 수 있어 불안을 완화하는 데 도움이 될 수 있다.
완벽주의적 자기 제시 성향은 누구에게나 나타날 수 있다. 
[A]

질문 :
질문 :
<보기>는 학생이 초고를 보완하기 위해 추가로 수집한 자료이다. 자료의 활용 방안으로 적절하지 않은 것은? [3점]
    
선택지 :
1번 - ㄱ-1을 활용하여, 사회적 지지 추구 행동을 많이 할수록 불안이 낮아진다는 것을, 주변 사람에게 도움을 받음으로써 얻을 수 있는 효과를 뒷받침하는 근거로 4문단을 보강한다.
2번 - ㄴ을 활용하여, 학생이 발표에서 완벽하게 보이려는 것을, 완벽주의적 자기 제시 성향의 구체적 사례로 1문단에 추가한다.
3번 - ㄷ을 활용하여, 정서를 명확히 인식하는 것을 전제로 한 정서 조절이 인지적 유연성의 바탕이 된다는 것을, 인지적 유연성 발휘를 위한 조건을 보완하는 내용으로 3문단에 추가한다.
4번 - ㄱ-1과 ㄴ을 활용하여, 회피적 행동이 불안에 미치는 영향을, 불안이 회피적 행동으로 인해 가중된다는 점을 뒷받침하는 근거와 이를 구체화하는 사례로 2문단을 보강한다.
5번 - ㄱ-2와 ㄷ을 활용하여, 정서 조절의 실패에서 비롯된 불안을 해소하는 데 걷기가 효과가 있다는 것을, 걷기가 정서에 미치는 영향을 보여 주는 내용으로 5문단을 보강한다.

<보기>
<보기>로 표시된 이미지는 총 세 부분(ㄱ, ㄴ, ㄷ)으로 구성되어 있습니다.

ㄱ. 연구 보고서
두 개의 그래프가 포함된 연구 결과입니다.

ㄱ-1. 불안 대처 행동 빈도에 따른 불안 정도 변화
그래프 유형: 선 그래프
X축 (가로축): 행동 빈도
Y축 (세로축): 불안 정도
내용:
회피적 행동 (점선): 행동 빈도가 높을수록 불안 정도가 높아지는 경향을 보입니다.
사회적 지지 추구 행동 (실선): 행동 빈도가 높을수록 불안 정도가 낮아지는 경향을 보입니다.

ㄱ-2. 걷기 효과 검증을 위한 실험 결과
그래프 유형: 막대그래프
X축 (가로축): 걷기 참여 집단 / 걷기 미참여 집단
Y축 (세로축): 불안 정도
범례: 옅은 회색(실험 전), 짙은 회색(실험 후)
내용:
걷기 참여 집단: 실험 전보다 실험 후에 불안 정도가 눈에 띄게 감소했습니다.
걷기 미참여 집단: 실험 전과 실험 후의 불안 정도에 거의 변화가 없습니다.

ㄴ. 학생 인터뷰
학생의 인터뷰 내용이 적혀 있습니다.
""단 하나의 실수도 없는 멋진 발표를 해서 다른 사람들에게 완벽하게 보이고 싶었어요. 하지만 막상 발표하는 날이 되자 실수할까 봐 너무 걱정이 되어서 발표를 못 하겠다고 선생님께 말씀드렸어요. 이후에 발표에 대한 불안이 더 커졌어요.""

ㄷ. 전문가 인터뷰
전문가의 인터뷰 내용이 적혀 있습니다.
""정서 조절은 마음을 가라앉히면서 자신에게 유익한 방식으로 정서를 활용하는 것입니다. 정서 조절을 위해서는 먼저 정서를 명확하게 인식하는 것이 필요하고, 정서 조절이 이루어져야 인지적 유연성을 발휘할 수 있습니다. 걷기는 정서 조절에 도움이 되는 한 방법입니다. 걸으면 근육이 이완되어 긴장이 완화되는데, 이러한 신체적 변화가 정서 조절에 도움을 줍니다.""



문제를 풀이할 때, 반드시 지문을 참고하세요. 문제는 무조건 1개의 정답만 있습니다. 문제를 풀이할 때 모든 선택지들을 검토하세요.
먼저 문제를 이해하고, 문제 해결을 위하여 계획을 세워보세요.
그 다음, 문제를 해결하기 위해 그 계획에 따라 단계별로 실행하세요.

다음의 형식을 따라 답변하세요.
1번: (선택지 1번에 대한 답변) + ""(지문 속 근거가 된 문장)""
2번: (선택지 2번에 대한 답변) + ""(지문 속 근거가 된 문장)""
3번: (선택지 3번에 대한 답변) + ""(지문 속 근거가 된 문장)""
4번: (선택지 4번에 대한 답변) + ""(지문 속 근거가 된 문장)""
5번: (선택지 5번에 대한 답변) + ""(지문 속 근거가 된 문장)""
최종 정답: (최종 정답)

정답 :
",['5(3)'],"문제 해결 계획:

1. 각 선택지를 하나씩 분석하여 적절성을 판단한다.
2. 선택지에서 언급된 자료(ㄱ, ㄴ, ㄷ)와 지문의 해당 부분을 비교하여 내용의 일치 여부를 확인한다.
3. 부적절한 선택지를 찾아 정답으로 선택한다.

문제 해결 실행:

1번: 적절함. ㄱ-1 그래프에서 사회적 지지 추구 행동 빈도가 높을수록 불안 정도가 낮아지는 경향을 보여주므로, 4문단(""다음으로 주변 사람들과의 관계 속에서 도움을 받을 수 있다..."")을 뒷받침하는 근거로 활용할 수 있다. ""따라서 자신이 온전히 믿는 친구나 가족들에게 불안한 마음을 털어 놓으며 그들로부터 격려와 지지를 구하는 ‘사회적 지지 추구 행동’을 하는 것이 도움이 된다.""
2번: 적절함. ㄴ의 학생 인터뷰 내용은 완벽한 발표를 통해 완벽하게 보이려는 욕구를 드러내므로, 1문단(""사람은 누구나 다른 사람에게 좋은 모습을 보이고 싶어 하는 면이 있다..."")에 완벽주의적 자기 제시 성향의 구체적 사례로 추가할 수 있다.
3번: 적절함. ㄷ에서 ""정서 조절을 위해서는 먼저 정서를 명확하게 인식하는 것이 필요하고, 정서 조절이 이루어져야 인지적 유연성을 발휘할 수 있습니다.""라고 언급했으므로, 3문단(""이 외에도 상황을 종합적으로 고려하는 ‘인지적 유연성’이 필요하다."")에 인지적 유연성 발휘를 위한 조건을 보완하는 내용으로 추가할 수 있다.
4번: 적절함. ㄱ-1 그래프에서 회피적 행동 빈도가 높을수록 불안 정도가 높아지는 경향을 보여주고, ㄴ의 학생 인터뷰는 발표를 회피한 후 불안이 더 커졌다는 구체적인 사례를 제시하므로, 2문단(""이러한 불안이 사회생활에서 회피적 행동으로 이어지고, 회피적 행동은 다시 불안을 가중한다."")을 뒷받침하는 근거와 구체적인 사례로 활용할 수 있다.
5번: 부적절함. ㄱ-2는 걷기가 불안 *해소*에 효과가 있다는 것을 보여주지만, ㄷ은 걷기가 *정서 조절*에 도움이 된다는 것을 설명하고, 근육 이완과 긴장 완화라는 *신체적 변화*가 정서 조절에 도움을 준다고 설명하고 있다. 5문단에서는 걷기가 불안한 마음에 사로잡혔던 주의를 다른 곳으로 돌려 불안을 완화하는 데 도움이 된다고 설명하고 있다. 즉 걷기가 정서 조절의 실패에서 비롯된 불안을 해소하는 데 효과가 있다는 내용으로 5문단을 보강한다는 연결이 직접적으로 연결되지 않는다. ""특히 걷기는 일상에서 우리가 손쉽게 실천해 볼 수 있는 신체 활동이다. 완벽주의적 자기 제시 성향에서 비롯한 불안에 휩싸였을 때, 그 상황에 매몰되어 있으면 불안에서 벗어나기 어려울 수 있다. 이럴 때 걷기를 하면 불안한 마음에 사로잡혔던 주의를 다른 곳으로 돌릴 수 있어 불안을 완화하는 데 도움이 될 수 있다.""

최종 정답: 5
",3
