qid,generation_gt,generated_texts,generated_tokens,generated_log_probs,kice_metric
2026_11_KICE_1-3_0,['3(2)'],"1번: 일치한다. + ""언어 이해는 말로 듣거나 글로 읽은 내용의 의미를 파악하는 능력으로, 중심 내용 파악하기, 추론하기 등을 포함한다.""
2번: 일치한다. + ""이를 바탕으로 단순 관점은 독자 유형을 다음의 네 가지로 구분한다. 해독과 언어 이해가 모두 충분한 독자, 해독과 언어 이해가 모두 부족한 독자, 언어 이해는 충분하지만 해독은 부족한 독자, 해독은 충분하지만 언어 이해는 부족한 독자이다.""
3번: 일치하지 않는다. + ""단순 관점에 따르면 해독 발달에는 글자와 글자 소리에 대한 학습이 필수적이므로 글 읽기 경험과 말소리 듣기 경험이 모두 필요하다.""
4번: 일치한다. + ""그러나 독해 능력에 해독과 언어 이해가 미치는 영향을 규명함으로써 독해 능력 연구의 이론적 토대를 제공했다는 의의가 있다.""
5번: 일치한다. + ""글을 읽고 그 의미를 이해하는 독해에는 글의 유형이나 독서 흥미 등의 다양한 요소가 영향을 미칠 수 있다. 이를 고려하여 독해 능력을 복잡한 과정으로 설명한 연구가 많다.""
최종 정답: 3번","[16, 167, 110, 230, 25, 23821, 251, 120, 168, 117, 246, 47991, 250, 46695, 97, 13, 1343, 366, 168, 244, 116, 168, 244, 112, 23821, 251, 112, 47991, 112, 167, 232, 242, 31619, 100, 238, 167, 94, 250, 31619, 241, 96, 166, 109, 108, 167, 224, 246, 220, 166, 116, 222, 167, 94, 250, 23821, 251, 121, 35975, 222, 31619, 224, 112, 168, 248, 102, 35975, 246, 23821, 251, 246, 167, 107, 116, 167, 98, 120, 220, 169, 234, 234, 168, 243, 227, 47991, 246, 167, 232, 242, 31619, 232, 98, 167, 254, 98, 168, 250, 120, 167, 94, 250, 11, 23821, 97, 239, 168, 233, 105, 31619, 224, 112, 168, 248, 102, 220, 169, 234, 234, 168, 243, 227, 47991, 246, 166, 116, 108, 11, 23821, 114, 242, 167, 94, 254, 47991, 246, 166, 116, 108, 31619, 241, 109, 35975, 226, 220, 169, 237, 105, 47991, 101, 47991, 250, 46695, 97, 526, 198, 17, 167, 110, 230, 25, 23821, 251, 120, 168, 117, 246, 47991, 250, 46695, 97, 13, 1343, 366, 35975, 112, 167, 98, 120, 31619, 108, 242, 169, 225, 243, 168, 250, 120, 167, 94, 250, 31619, 233, 101, 168, 230, 250, 220, 166, 112, 222, 168, 254, 238, 35975, 222, 31619, 237, 227, 168, 252, 238, 23821, 250, 254, 169, 246, 243, 35975, 226, 31619, 233, 97, 35975, 234, 35975, 246, 31619, 226, 97, 220, 166, 108, 222, 168, 100, 222, 167, 94, 250, 220, 166, 113, 105, 167, 114, 226, 47991, 250, 46695, 97, 13, 220, 47991, 112, 167, 237, 227, 166, 111, 120, 23821, 244, 116, 168, 244, 112, 23821, 251, 112, 47991, 112, 166, 108, 222, 31619, 103, 101, 167, 239, 238, 23821, 114, 102, 167, 114, 226, 47991, 250, 31619, 237, 227, 168, 252, 238, 11, 220, 47991, 112, 167, 237, 227, 166, 111, 120, 23821, 244, 116, 168, 244, 112, 23821, 251, 112, 47991, 112, 166, 108, 222, 31619, 103, 101, 167, 239, 238, 31619, 114, 222, 168, 94, 109, 47991, 250, 31619, 237, 227, 168, 252, 238, 11, 23821, 244, 116, 168, 244, 112, 23821, 251, 112, 47991, 112, 167, 232, 242, 23821, 114, 102, 167, 114, 226, 47991, 246, 168, 100, 222, 167, 100, 234, 220, 47991, 112, 167, 237, 227, 35975, 222, 31619, 114, 222, 168, 94, 109, 47991, 250, 31619, 237, 227, 168, 252, 238, 11, 220, 47991, 112, 167, 237, 227, 35975, 222, 23821, 114, 102, 167, 114, 226, 47991, 246, 168, 100, 222, 167, 100, 234, 23821, 244, 116, 168, 244, 112, 23821, 251, 112, 47991, 112, 167, 232, 242, 31619, 114, 222, 168, 94, 109, 47991, 250, 31619, 237, 227, 168, 252, 238, 35975, 112, 46695, 97, 526, 198, 18, 167, 110, 230, 25, 23821, 251, 120, 168, 117, 246, 47991, 246, 168, 100, 222, 23821, 243, 232, 167, 232, 242, 46695, 97, 13, 1343, 366, 46695, 101, 168, 230, 250, 220, 166, 112, 222, 168, 254, 238, 168, 245, 238, 31619, 242, 108, 167, 98, 112, 167, 102, 112, 220, 47991, 112, 167, 237, 227, 31619, 108, 250, 46695, 105, 168, 245, 238, 167, 232, 242, 220, 166, 116, 222, 168, 252, 238, 168, 247, 222, 220, 166, 116, 222, 168, 252, 238, 23821, 228, 234, 167, 99, 105, 168, 245, 238, 31619, 234, 222, 47991, 250, 220, 47991, 247, 168, 232, 113, 35975, 112, 220, 47991, 226, 168, 230, 246, 168, 254, 223, 35975, 112, 167, 107, 222, 167, 94, 250, 220, 166, 116, 222, 23821, 251, 121, 166, 116, 108, 220, 166, 110, 121, 169, 245, 246, 166, 111, 120, 31619, 100, 238, 168, 228, 234, 167, 99, 105, 31619, 241, 96, 166, 116, 108, 220, 166, 110, 121, 169, 245, 246, 35975, 112, 31619, 103, 101, 167, 239, 238, 220, 47991, 226, 168, 248, 242, 47991, 246, 46695, 97, 526, 198, 19, 167, 110, 230, 25, 23821, 251, 120, 168, 117, 246, 47991, 250, 46695, 97, 13, 1343, 366, 166, 115, 116, 167, 253, 105, 167, 224, 246, 31619, 237, 227, 47991, 112, 31619, 232, 98, 167, 254, 98, 168, 245, 238, 220, 47991, 112, 167, 237, 227, 166, 111, 120, 23821, 244, 116, 168, 244, 112, 23821, 251, 112, 47991, 112, 166, 108, 222, 31619, 107, 116, 168, 117, 246, 167, 232, 242, 23821, 246, 223, 169, 244, 98, 35975, 226, 220, 166, 115, 250, 167, 103, 227, 47991, 101, 168, 250, 120, 167, 94, 250, 168, 235, 101, 31619, 237, 227, 47991, 112, 31619, 232, 98, 167, 254, 98, 23821, 245, 108, 166, 113, 105, 35975, 246, 23821, 251, 112, 167, 94, 254, 168, 254, 223, 220, 169, 228, 254, 167, 234, 222, 167, 98, 120, 23821, 254, 250, 166, 111, 113, 169, 244, 230, 46695, 97, 167, 232, 242, 23821, 251, 246, 35975, 246, 166, 108, 222, 23821, 252, 230, 46695, 97, 526, 198, 20, 167, 110, 230, 25, 23821, 251, 120, 168, 117, 246, 47991, 250, 46695, 97, 13, 1343, 366, 166, 116, 222, 35975, 226, 23821, 251, 121, 166, 111, 254, 220, 166, 115, 116, 23821, 251, 246, 167, 107, 116, 167, 98, 120, 23821, 251, 112, 47991, 112, 47991, 246, 167, 232, 242, 31619, 237, 227, 47991, 112, 168, 245, 238, 167, 232, 242, 220, 166, 116, 222, 35975, 246, 23821, 250, 254, 169, 246, 243, 35975, 112, 167, 224, 246, 31619, 237, 227, 168, 226, 250, 220, 169, 251, 98, 167, 107, 116, 31619, 241, 109, 35975, 246, 31619, 233, 97, 168, 244, 239, 47991, 250, 23821, 248, 242, 168, 228, 234, 166, 108, 222, 23821, 246, 223, 169, 244, 98, 35975, 226, 31619, 107, 116, 168, 117, 254, 23821, 230, 246, 23821, 252, 230, 46695, 97, 13, 23821, 251, 112, 167, 98, 120, 220, 166, 111, 254, 167, 254, 97, 47991, 246, 168, 245, 105, 31619, 237, 227, 47991, 112, 31619, 232, 98, 167, 254, 98, 35975, 226, 31619, 111, 113, 168, 252, 94, 47991, 250, 220, 166, 111, 120, 168, 254, 243, 168, 250, 120, 167, 94, 250, 23821, 226, 97, 167, 103, 227, 47991, 250, 23821, 245, 108, 166, 113, 105, 166, 108, 222, 31619, 100, 236, 46695, 97, 526, 198, 168, 113, 250, 168, 95, 227, 23821, 254, 243, 46695, 113, 25, 513, 167, 110, 230]","[0.5, 0.5, 0.5, 0.5, 0.5, 0.5, 0.5, 0.5, 0.5, 0.5, 0.5, 0.5, 0.5, 0.5, 0.5, 0.5, 0.5, 0.5, 0.5, 0.5, 0.5, 0.5, 0.5, 0.5, 0.5, 0.5, 0.5, 0.5, 0.5, 0.5, 0.5, 0.5, 0.5, 0.5, 0.5, 0.5, 0.5, 0.5, 0.5, 0.5, 0.5, 0.5, 0.5, 0.5, 0.5, 0.5, 0.5, 0.5, 0.5, 0.5, 0.5, 0.5, 0.5, 0.5, 0.5, 0.5, 0.5, 0.5, 0.5, 0.5, 0.5, 0.5, 0.5, 0.5, 0.5, 0.5, 0.5, 0.5, 0.5, 0.5, 0.5, 0.5, 0.5, 0.5, 0.5, 0.5, 0.5, 0.5, 0.5, 0.5, 0.5, 0.5, 0.5, 0.5, 0.5, 0.5, 0.5, 0.5, 0.5, 0.5, 0.5, 0.5, 0.5, 0.5, 0.5, 0.5, 0.5, 0.5, 0.5, 0.5, 0.5, 0.5, 0.5, 0.5, 0.5, 0.5, 0.5, 0.5, 0.5, 0.5, 0.5, 0.5, 0.5, 0.5, 0.5, 0.5, 0.5, 0.5, 0.5, 0.5, 0.5, 0.5, 0.5, 0.5, 0.5, 0.5, 0.5, 0.5, 0.5, 0.5, 0.5, 0.5, 0.5, 0.5, 0.5, 0.5, 0.5, 0.5, 0.5, 0.5, 0.5, 0.5, 0.5, 0.5, 0.5, 0.5, 0.5, 0.5, 0.5, 0.5, 0.5, 0.5, 0.5, 0.5, 0.5, 0.5, 0.5, 0.5, 0.5, 0.5, 0.5, 0.5, 0.5, 0.5, 0.5, 0.5, 0.5, 0.5, 0.5, 0.5, 0.5, 0.5, 0.5, 0.5, 0.5, 0.5, 0.5, 0.5, 0.5, 0.5, 0.5, 0.5, 0.5, 0.5, 0.5, 0.5, 0.5, 0.5, 0.5, 0.5, 0.5, 0.5, 0.5, 0.5, 0.5, 0.5, 0.5, 0.5, 0.5, 0.5, 0.5, 0.5, 0.5, 0.5, 0.5, 0.5, 0.5, 0.5, 0.5, 0.5, 0.5, 0.5, 0.5, 0.5, 0.5, 0.5, 0.5, 0.5, 0.5, 0.5, 0.5, 0.5, 0.5, 0.5, 0.5, 0.5, 0.5, 0.5, 0.5, 0.5, 0.5, 0.5, 0.5, 0.5, 0.5, 0.5, 0.5, 0.5, 0.5, 0.5, 0.5, 0.5, 0.5, 0.5, 0.5, 0.5, 0.5, 0.5, 0.5, 0.5, 0.5, 0.5, 0.5, 0.5, 0.5, 0.5, 0.5, 0.5, 0.5, 0.5, 0.5, 0.5, 0.5, 0.5, 0.5, 0.5, 0.5, 0.5, 0.5, 0.5, 0.5, 0.5, 0.5, 0.5, 0.5, 0.5, 0.5, 0.5, 0.5, 0.5, 0.5, 0.5, 0.5, 0.5, 0.5, 0.5, 0.5, 0.5, 0.5, 0.5, 0.5, 0.5, 0.5, 0.5, 0.5, 0.5, 0.5, 0.5, 0.5, 0.5, 0.5, 0.5, 0.5, 0.5, 0.5, 0.5, 0.5, 0.5, 0.5, 0.5, 0.5, 0.5, 0.5, 0.5, 0.5, 0.5, 0.5, 0.5, 0.5, 0.5, 0.5, 0.5, 0.5, 0.5, 0.5, 0.5, 0.5, 0.5, 0.5, 0.5, 0.5, 0.5, 0.5, 0.5, 0.5, 0.5, 0.5, 0.5, 0.5, 0.5, 0.5, 0.5, 0.5, 0.5, 0.5, 0.5, 0.5, 0.5, 0.5, 0.5, 0.5, 0.5, 0.5, 0.5, 0.5, 0.5, 0.5, 0.5, 0.5, 0.5, 0.5, 0.5, 0.5, 0.5, 0.5, 0.5, 0.5, 0.5, 0.5, 0.5, 0.5, 0.5, 0.5, 0.5, 0.5, 0.5, 0.5, 0.5, 0.5, 0.5, 0.5, 0.5, 0.5, 0.5, 0.5, 0.5, 0.5, 0.5, 0.5, 0.5, 0.5, 0.5, 0.5, 0.5, 0.5, 0.5, 0.5, 0.5, 0.5, 0.5, 0.5, 0.5, 0.5, 0.5, 0.5, 0.5, 0.5, 0.5, 0.5, 0.5, 0.5, 0.5, 0.5, 0.5, 0.5, 0.5, 0.5, 0.5, 0.5, 0.5, 0.5, 0.5, 0.5, 0.5, 0.5, 0.5, 0.5, 0.5, 0.5, 0.5, 0.5, 0.5, 0.5, 0.5, 0.5, 0.5, 0.5, 0.5, 0.5, 0.5, 0.5, 0.5, 0.5, 0.5, 0.5, 0.5, 0.5, 0.5, 0.5, 0.5, 0.5, 0.5, 0.5, 0.5, 0.5, 0.5, 0.5, 0.5, 0.5, 0.5, 0.5, 0.5, 0.5, 0.5, 0.5, 0.5, 0.5, 0.5, 0.5, 0.5, 0.5, 0.5, 0.5, 0.5, 0.5, 0.5, 0.5, 0.5, 0.5, 0.5, 0.5, 0.5, 0.5, 0.5, 0.5, 0.5, 0.5, 0.5, 0.5, 0.5, 0.5, 0.5, 0.5, 0.5, 0.5, 0.5, 0.5, 0.5, 0.5, 0.5, 0.5, 0.5, 0.5, 0.5, 0.5, 0.5, 0.5, 0.5, 0.5, 0.5, 0.5, 0.5, 0.5, 0.5, 0.5, 0.5, 0.5, 0.5, 0.5, 0.5, 0.5, 0.5, 0.5, 0.5, 0.5, 0.5, 0.5, 0.5, 0.5, 0.5, 0.5, 0.5, 0.5, 0.5, 0.5, 0.5, 0.5, 0.5, 0.5, 0.5, 0.5, 0.5, 0.5, 0.5, 0.5, 0.5, 0.5, 0.5, 0.5, 0.5, 0.5, 0.5, 0.5, 0.5, 0.5, 0.5, 0.5, 0.5, 0.5, 0.5, 0.5, 0.5, 0.5, 0.5, 0.5, 0.5, 0.5, 0.5, 0.5, 0.5, 0.5, 0.5, 0.5, 0.5, 0.5, 0.5, 0.5, 0.5, 0.5, 0.5, 0.5, 0.5, 0.5, 0.5, 0.5, 0.5, 0.5, 0.5, 0.5, 0.5, 0.5, 0.5, 0.5, 0.5, 0.5, 0.5, 0.5, 0.5, 0.5, 0.5, 0.5, 0.5, 0.5, 0.5, 0.5, 0.5, 0.5, 0.5, 0.5, 0.5, 0.5, 0.5, 0.5, 0.5, 0.5, 0.5, 0.5, 0.5, 0.5, 0.5, 0.5, 0.5, 0.5, 0.5, 0.5, 0.5, 0.5, 0.5, 0.5, 0.5, 0.5, 0.5, 0.5, 0.5, 0.5, 0.5, 0.5, 0.5, 0.5, 0.5, 0.5, 0.5, 0.5, 0.5, 0.5, 0.5, 0.5, 0.5, 0.5, 0.5, 0.5, 0.5, 0.5, 0.5, 0.5, 0.5, 0.5, 0.5, 0.5, 0.5, 0.5, 0.5, 0.5, 0.5, 0.5, 0.5, 0.5, 0.5, 0.5, 0.5, 0.5, 0.5, 0.5, 0.5, 0.5, 0.5, 0.5, 0.5, 0.5, 0.5, 0.5, 0.5, 0.5, 0.5, 0.5, 0.5, 0.5, 0.5, 0.5, 0.5, 0.5, 0.5, 0.5, 0.5, 0.5, 0.5, 0.5, 0.5, 0.5, 0.5, 0.5, 0.5, 0.5, 0.5, 0.5, 0.5, 0.5, 0.5, 0.5, 0.5, 0.5, 0.5, 0.5, 0.5, 0.5, 0.5, 0.5, 0.5, 0.5, 0.5, 0.5, 0.5, 0.5, 0.5, 0.5, 0.5, 0.5, 0.5, 0.5, 0.5, 0.5, 0.5, 0.5, 0.5, 0.5, 0.5, 0.5, 0.5, 0.5, 0.5, 0.5, 0.5, 0.5, 0.5, 0.5, 0.5, 0.5, 0.5, 0.5, 0.5, 0.5, 0.5, 0.5, 0.5, 0.5, 0.5, 0.5, 0.5, 0.5, 0.5, 0.5, 0.5, 0.5, 0.5, 0.5, 0.5, 0.5, 0.5, 0.5, 0.5, 0.5, 0.5, 0.5, 0.5, 0.5, 0.5, 0.5, 0.5, 0.5, 0.5, 0.5, 0.5, 0.5, 0.5, 0.5, 0.5, 0.5, 0.5, 0.5, 0.5, 0.5, 0.5, 0.5, 0.5, 0.5, 0.5, 0.5, 0.5, 0.5, 0.5, 0.5, 0.5, 0.5, 0.5, 0.5, 0.5, 0.5, 0.5, 0.5, 0.5, 0.5, 0.5, 0.5, 0.5, 0.5, 0.5, 0.5, 0.5, 0.5, 0.5, 0.5, 0.5, 0.5, 0.5, 0.5, 0.5, 0.5, 0.5, 0.5, 0.5, 0.5, 0.5, 0.5, 0.5, 0.5, 0.5, 0.5, 0.5, 0.5, 0.5, 0.5, 0.5, 0.5, 0.5, 0.5, 0.5, 0.5, 0.5, 0.5, 0.5, 0.5, 0.5, 0.5, 0.5, 0.5, 0.5, 0.5, 0.5, 0.5, 0.5, 0.5, 0.5, 0.5, 0.5, 0.5, 0.5, 0.5, 0.5, 0.5, 0.5, 0.5, 0.5, 0.5, 0.5, 0.5, 0.5, 0.5, 0.5, 0.5, 0.5, 0.5, 0.5, 0.5, 0.5, 0.5, 0.5, 0.5, 0.5, 0.5, 0.5, 0.5, 0.5, 0.5, 0.5, 0.5, 0.5, 0.5, 0.5, 0.5, 0.5, 0.5, 0.5, 0.5, 0.5, 0.5, 0.5, 0.5, 0.5, 0.5, 0.5, 0.5, 0.5, 0.5, 0.5, 0.5, 0.5, 0.5, 0.5, 0.5, 0.5, 0.5, 0.5, 0.5, 0.5, 0.5, 0.5, 0.5, 0.5, 0.5, 0.5, 0.5, 0.5, 0.5, 0.5, 0.5, 0.5, 0.5, 0.5, 0.5, 0.5, 0.5, 0.5, 0.5, 0.5, 0.5, 0.5, 0.5, 0.5, 0.5, 0.5, 0.5, 0.5, 0.5, 0.5, 0.5, 0.5, 0.5, 0.5, 0.5, 0.5, 0.5, 0.5, 0.5, 0.5, 0.5, 0.5, 0.5, 0.5, 0.5, 0.5, 0.5, 0.5, 0.5, 0.5, 0.5, 0.5, 0.5, 0.5, 0.5, 0.5, 0.5, 0.5, 0.5, 0.5, 0.5, 0.5, 0.5, 0.5, 0.5, 0.5, 0.5, 0.5, 0.5, 0.5, 0.5, 0.5, 0.5, 0.5, 0.5, 0.5, 0.5, 0.5, 0.5, 0.5, 0.5, 0.5, 0.5, 0.5, 0.5, 0.5, 0.5, 0.5, 0.5, 0.5, 0.5, 0.5, 0.5, 0.5, 0.5, 0.5, 0.5, 0.5, 0.5, 0.5, 0.5, 0.5, 0.5]",2
2026_11_KICE_1-3_1,['5(2)'],"1번: 단순 관점은 해독과 언어 이해의 중요성을 강조하지만, 해독이 부족하여 글의 내용을 잘 이해하지 못하는 경우를 다루지 않았다는 비판은 지문에서 직접적으로 언급되지 않았다. + ""(지문 속 근거가 된 문장 없음)""
2번: 지문에서 단순 관점이 독해를 지나치게 단순화하였다는 언급은 없으며, 독해에서 어려움이 나타날 수 있음을 고려하지 않았다는 비판도 직접적으로 언급되지 않았다. + ""(지문 속 근거가 된 문장 없음)""
3번: 지문에서 해독의 영향이 더 크다고 보아 언어 이해의 중요성을 고려하지 않았다는 언급은 없으며, 단순 관점은 해독과 언어 이해를 모두 중요하게 고려한다고 설명한다. + ""(지문 속 근거가 된 문장 없음)""
4번: 지문에서 해독 발달을 글을 통한 시각적 경험으로만 설명하여 청각적 경험의 필요성을 증명하지 못하였다는 비판은 직접적으로 언급되지 않았다. 하지만, 단순 관점에 따르면 해독 발달에는 글자와 글자 소리에 대한 학습이 필수적이므로 글 읽기 경험과 말소리 듣기 경험이 모두 필요하다고 설명한다. + ""(단순 관점에 따르면 해독 발달에는 글자와 글자 소리에 대한 학습이 필수적이므로 글 읽기 경험과 말소리 듣기 경험이 모두 필요하다.)""
5번: 지문에서 단순 관점은 글자를 단어로 인식하고 글의 내용을 파악하여 그 의미를 이해하기까지 독자의 머릿속에서 일어나는 작용이 어떤 과정을 거치는지 설명하지는 않는다고 언급한다. 이는 단순 관점에 대한 비판으로 가장 적절한 선택지이다. + ""(단순 관점은 글자를 단어로 인식하고 글의 내용을 파악하여 그 의미를 이해하기까지 독자의 머릿속에서 일어나는 작용이 어떤 과정을 거치는지 설명하지는 않는다.)""

최종 정답: 5번","[16, 167, 110, 230, 25, 31619, 233, 101, 168, 230, 250, 220, 166, 112, 222, 168, 254, 238, 35975, 222, 220, 47991, 112, 167, 237, 227, 166, 111, 120, 23821, 244, 116, 168, 244, 112, 23821, 251, 112, 47991, 112, 35975, 246, 23821, 97, 239, 168, 248, 242, 168, 226, 109, 35975, 226, 220, 166, 108, 243, 168, 94, 108, 47991, 246, 168, 100, 222, 167, 100, 234, 11, 220, 47991, 112, 167, 237, 227, 35975, 112, 31619, 114, 222, 168, 94, 109, 47991, 246, 168, 245, 105, 220, 166, 116, 222, 35975, 246, 31619, 224, 112, 168, 248, 102, 35975, 226, 23821, 252, 246, 23821, 251, 112, 47991, 112, 47991, 246, 168, 100, 222, 31619, 103, 119, 47991, 246, 167, 232, 242, 220, 166, 110, 121, 168, 248, 108, 167, 98, 120, 31619, 233, 97, 167, 96, 101, 168, 100, 222, 23821, 243, 232, 168, 243, 246, 46695, 97, 167, 232, 242, 31619, 117, 226, 169, 234, 238, 35975, 222, 23821, 100, 222, 167, 105, 116, 168, 245, 238, 168, 226, 250, 23821, 100, 223, 168, 254, 239, 168, 254, 223, 168, 250, 120, 167, 94, 250, 23821, 244, 116, 166, 116, 231, 167, 238, 246, 168, 100, 222, 23821, 243, 232, 168, 243, 246, 46695, 97, 13, 1343, 30629, 168, 100, 222, 167, 105, 116, 23821, 228, 235, 220, 166, 115, 120, 166, 109, 108, 166, 108, 222, 31619, 238, 250, 31619, 105, 116, 168, 252, 98, 23821, 245, 228, 35975, 234, 16725, 198, 17, 167, 110, 230, 25, 23821, 100, 222, 167, 105, 116, 168, 245, 238, 168, 226, 250, 31619, 233, 101, 168, 230, 250, 220, 166, 112, 222, 168, 254, 238, 35975, 112, 31619, 237, 227, 47991, 112, 167, 98, 120, 23821, 100, 222, 167, 224, 246, 168, 117, 246, 166, 110, 234, 31619, 233, 101, 168, 230, 250, 169, 247, 242, 47991, 246, 168, 246, 222, 46695, 97, 167, 232, 242, 23821, 244, 116, 166, 116, 231, 35975, 222, 23821, 245, 228, 168, 250, 120, 167, 102, 108, 11, 31619, 237, 227, 47991, 112, 168, 245, 238, 168, 226, 250, 23821, 244, 112, 167, 254, 97, 168, 249, 222, 35975, 112, 31619, 224, 246, 169, 225, 222, 167, 224, 254, 23821, 230, 246, 23821, 252, 230, 35975, 234, 35975, 226, 220, 166, 111, 254, 167, 254, 97, 47991, 246, 168, 100, 222, 23821, 243, 232, 168, 243, 246, 46695, 97, 167, 232, 242, 31619, 117, 226, 169, 234, 238, 167, 237, 226, 23821, 100, 223, 168, 254, 239, 168, 254, 223, 168, 250, 120, 167, 94, 250, 23821, 244, 116, 166, 116, 231, 167, 238, 246, 168, 100, 222, 23821, 243, 232, 168, 243, 246, 46695, 97, 13, 1343, 30629, 168, 100, 222, 167, 105, 116, 23821, 228, 235, 220, 166, 115, 120, 166, 109, 108, 166, 108, 222, 31619, 238, 250, 31619, 105, 116, 168, 252, 98, 23821, 245, 228, 35975, 234, 16725, 198, 18, 167, 110, 230, 25, 23821, 100, 222, 167, 105, 116, 168, 245, 238, 168, 226, 250, 220, 47991, 112, 167, 237, 227, 35975, 246, 23821, 246, 223, 169, 244, 98, 35975, 112, 31619, 235, 242, 220, 169, 223, 105, 46695, 97, 166, 111, 254, 31619, 111, 112, 168, 243, 226, 23821, 244, 116, 168, 244, 112, 23821, 251, 112, 47991, 112, 35975, 246, 23821, 97, 239, 168, 248, 242, 168, 226, 109, 35975, 226, 220, 166, 111, 254, 167, 254, 97, 47991, 246, 168, 100, 222, 23821, 243, 232, 168, 243, 246, 46695, 97, 167, 232, 242, 23821, 244, 116, 166, 116, 231, 35975, 222, 23821, 245, 228, 168, 250, 120, 167, 102, 108, 11, 31619, 233, 101, 168, 230, 250, 220, 166, 112, 222, 168, 254, 238, 35975, 222, 220, 47991, 112, 167, 237, 227, 166, 111, 120, 23821, 244, 116, 168, 244, 112, 23821, 251, 112, 47991, 112, 167, 98, 120, 31619, 103, 101, 167, 239, 238, 23821, 97, 239, 168, 248, 242, 47991, 246, 166, 110, 234, 220, 166, 111, 254, 167, 254, 97, 47991, 250, 46695, 97, 166, 111, 254, 23821, 226, 97, 167, 103, 227, 47991, 250, 46695, 97, 13, 1343, 30629, 168, 100, 222, 167, 105, 116, 23821, 228, 235, 220, 166, 115, 120, 166, 109, 108, 166, 108, 222, 31619, 238, 250, 31619, 105, 116, 168, 252, 98, 23821, 245, 228, 35975, 234, 16725, 198, 19, 167, 110, 230, 25, 23821, 100, 222, 167, 105, 116, 168, 245, 238, 168, 226, 250, 220, 47991, 112, 167, 237, 227, 31619, 108, 250, 46695, 105, 35975, 226, 220, 166, 116, 222, 35975, 226, 220, 169, 228, 113, 47991, 250, 23821, 233, 250, 166, 108, 223, 168, 254, 223, 220, 166, 110, 121, 169, 245, 246, 168, 250, 120, 167, 94, 250, 167, 100, 234, 23821, 226, 97, 167, 103, 227, 47991, 246, 168, 245, 105, 23821, 110, 255, 166, 108, 223, 168, 254, 223, 220, 166, 110, 121, 169, 245, 246, 35975, 246, 220, 47991, 226, 168, 248, 242, 168, 226, 109, 35975, 226, 23821, 99, 251, 167, 103, 227, 47991, 246, 168, 100, 222, 31619, 103, 119, 47991, 246, 168, 246, 222, 46695, 97, 167, 232, 242, 31619, 117, 226, 169, 234, 238, 35975, 222, 23821, 100, 223, 168, 254, 239, 168, 254, 223, 168, 250, 120, 167, 94, 250, 23821, 244, 116, 166, 116, 231, 167, 238, 246, 168, 100, 222, 23821, 243, 232, 168, 243, 246, 46695, 97, 13, 220, 47991, 246, 168, 100, 222, 167, 100, 234, 11, 31619, 233, 101, 168, 230, 250, 220, 166, 112, 222, 168, 254, 238, 168, 245, 238, 31619, 242, 108, 167, 98, 112, 167, 102, 112, 220, 47991, 112, 167, 237, 227, 31619, 108, 250, 46695, 105, 168, 245, 238, 167, 232, 242, 220, 166, 116, 222, 168, 252, 238, 168, 247, 222, 220, 166, 116, 222, 168, 252, 238, 23821, 228, 234, 167, 99, 105, 168, 245, 238, 31619, 234, 222, 47991, 250, 220, 47991, 247, 168, 232, 113, 35975, 112, 220, 47991, 226, 168, 230, 246, 168, 254, 223, 35975, 112, 167, 107, 222, 167, 94, 250, 220, 166, 116, 222, 23821, 251, 121, 166, 116, 108, 220, 166, 110, 121, 169, 245, 246, 166, 111, 120, 31619, 100, 238, 168, 228, 234, 167, 99, 105, 31619, 241, 96, 166, 116, 108, 220, 166, 110, 121, 169, 245, 246, 35975, 112, 31619, 103, 101, 167, 239, 238, 220, 47991, 226, 168, 248, 242, 47991, 246, 46695, 97, 166, 111, 254, 23821, 226, 97, 167, 103, 227, 47991, 250, 46695, 97, 13, 1343, 30629, 46695, 101, 168, 230, 250, 220, 166, 112, 222, 168, 254, 238, 168, 245, 238, 31619, 242, 108, 167, 98, 112, 167, 102, 112, 220, 47991, 112, 167, 237, 227, 31619, 108, 250, 46695, 105, 168, 245, 238, 167, 232, 242, 220, 166, 116, 222, 168, 252, 238, 168, 247, 222, 220, 166, 116, 222, 168, 252, 238, 23821, 228, 234, 167, 99, 105, 168, 245, 238, 31619, 234, 222, 47991, 250, 220, 47991, 247, 168, 232, 113, 35975, 112, 220, 47991, 226, 168, 230, 246, 168, 254, 223, 35975, 112, 167, 107, 222, 167, 94, 250, 220, 166, 116, 222, 23821, 251, 121, 166, 116, 108, 220, 166, 110, 121, 169, 245, 246, 166, 111, 120, 31619, 100, 238, 168, 228, 234, 167, 99, 105, 31619, 241, 96, 166, 116, 108, 220, 166, 110, 121, 169, 245, 246, 35975, 112, 31619, 103, 101, 167, 239, 238, 220, 47991, 226, 168, 248, 242, 47991, 246, 46695, 97, 2014, 1, 198, 20, 167, 110, 230, 25, 23821, 100, 222, 167, 105, 116, 168, 245, 238, 168, 226, 250, 31619, 233, 101, 168, 230, 250, 220, 166, 112, 222, 168, 254, 238, 35975, 222, 220, 166, 116, 222, 168, 252, 238, 167, 98, 120, 31619, 233, 101, 168, 244, 112, 167, 94, 250, 23821, 251, 116, 168, 233, 251, 47991, 246, 166, 111, 254, 220, 166, 116, 222, 35975, 246, 31619, 224, 112, 168, 248, 102, 35975, 226, 220, 169, 234, 234, 168, 243, 227, 47991, 246, 168, 245, 105, 220, 166, 115, 116, 23821, 251, 246, 167, 107, 116, 167, 98, 120, 23821, 251, 112, 47991, 112, 47991, 246, 166, 116, 108, 166, 117, 234, 168, 100, 222, 31619, 237, 227, 168, 252, 238, 35975, 246, 31619, 101, 116, 167, 99, 123, 168, 228, 235, 168, 245, 238, 168, 226, 250, 23821, 251, 120, 168, 244, 112, 167, 224, 246, 167, 232, 242, 23821, 252, 239, 168, 248, 102, 35975, 112, 23821, 244, 112, 167, 244, 97, 220, 166, 111, 120, 168, 254, 243, 35975, 226, 220, 166, 109, 108, 168, 117, 246, 167, 232, 242, 168, 100, 222, 23821, 226, 97, 167, 103, 227, 47991, 246, 168, 100, 222, 167, 232, 242, 23821, 243, 232, 167, 232, 242, 46695, 97, 166, 111, 254, 23821, 244, 116, 166, 116, 231, 47991, 250, 46695, 97, 13, 23821, 251, 112, 167, 232, 242, 31619, 233, 101, 168, 230, 250, 220, 166, 112, 222, 168, 254, 238, 168, 245, 238, 31619, 234, 222, 47991, 250, 31619, 117, 226, 169, 234, 238, 168, 250, 120, 167, 94, 250, 220, 166, 108, 222, 168, 252, 98, 23821, 254, 223, 168, 254, 230, 47991, 250, 23821, 226, 254, 169, 225, 251, 168, 100, 222, 35975, 112, 46695, 97, 13, 1343, 30629, 46695, 101, 168, 230, 250, 220, 166, 112, 222, 168, 254, 238, 35975, 222, 220, 166, 116, 222, 168, 252, 238, 167, 98, 120, 31619, 233, 101, 168, 244, 112, 167, 94, 250, 23821, 251, 116, 168, 233, 251, 47991, 246, 166, 111, 254, 220, 166, 116, 222, 35975, 246, 31619, 224, 112, 168, 248, 102, 35975, 226, 220, 169, 234, 234, 168, 243, 227, 47991, 246, 168, 245, 105, 220, 166, 115, 116, 23821, 251, 246, 167, 107, 116, 167, 98, 120, 23821, 251, 112, 47991, 112, 47991, 246, 166, 116, 108, 166, 117, 234, 168, 100, 222, 31619, 237, 227, 168, 252, 238, 35975, 246, 31619, 101, 116, 167, 99, 123, 168, 228, 235, 168, 245, 238, 168, 226, 250, 23821, 251, 120, 168, 244, 112, 167, 224, 246, 167, 232, 242, 23821, 252, 239, 168, 248, 102, 35975, 112, 23821, 244, 112, 167, 244, 97, 220, 166, 111, 120, 168, 254, 243, 35975, 226, 220, 166, 109, 108, 168, 117, 246, 167, 232, 242, 168, 100, 222, 23821, 226, 97, 167, 103, 227, 47991, 246, 168, 100, 222, 167, 232, 242, 23821, 243, 232, 167, 232, 242, 46695, 97, 2014, 1, 198, 198, 168, 113, 250, 168, 95, 227, 23821, 254, 243, 46695, 113, 25, 642, 167, 110, 230]","[0.5, 0.5, 0.5, 0.5, 0.5, 0.5, 0.5, 0.5, 0.5, 0.5, 0.5, 0.5, 0.5, 0.5, 0.5, 0.5, 0.5, 0.5, 0.5, 0.5, 0.5, 0.5, 0.5, 0.5, 0.5, 0.5, 0.5, 0.5, 0.5, 0.5, 0.5, 0.5, 0.5, 0.5, 0.5, 0.5, 0.5, 0.5, 0.5, 0.5, 0.5, 0.5, 0.5, 0.5, 0.5, 0.5, 0.5, 0.5, 0.5, 0.5, 0.5, 0.5, 0.5, 0.5, 0.5, 0.5, 0.5, 0.5, 0.5, 0.5, 0.5, 0.5, 0.5, 0.5, 0.5, 0.5, 0.5, 0.5, 0.5, 0.5, 0.5, 0.5, 0.5, 0.5, 0.5, 0.5, 0.5, 0.5, 0.5, 0.5, 0.5, 0.5, 0.5, 0.5, 0.5, 0.5, 0.5, 0.5, 0.5, 0.5, 0.5, 0.5, 0.5, 0.5, 0.5, 0.5, 0.5, 0.5, 0.5, 0.5, 0.5, 0.5, 0.5, 0.5, 0.5, 0.5, 0.5, 0.5, 0.5, 0.5, 0.5, 0.5, 0.5, 0.5, 0.5, 0.5, 0.5, 0.5, 0.5, 0.5, 0.5, 0.5, 0.5, 0.5, 0.5, 0.5, 0.5, 0.5, 0.5, 0.5, 0.5, 0.5, 0.5, 0.5, 0.5, 0.5, 0.5, 0.5, 0.5, 0.5, 0.5, 0.5, 0.5, 0.5, 0.5, 0.5, 0.5, 0.5, 0.5, 0.5, 0.5, 0.5, 0.5, 0.5, 0.5, 0.5, 0.5, 0.5, 0.5, 0.5, 0.5, 0.5, 0.5, 0.5, 0.5, 0.5, 0.5, 0.5, 0.5, 0.5, 0.5, 0.5, 0.5, 0.5, 0.5, 0.5, 0.5, 0.5, 0.5, 0.5, 0.5, 0.5, 0.5, 0.5, 0.5, 0.5, 0.5, 0.5, 0.5, 0.5, 0.5, 0.5, 0.5, 0.5, 0.5, 0.5, 0.5, 0.5, 0.5, 0.5, 0.5, 0.5, 0.5, 0.5, 0.5, 0.5, 0.5, 0.5, 0.5, 0.5, 0.5, 0.5, 0.5, 0.5, 0.5, 0.5, 0.5, 0.5, 0.5, 0.5, 0.5, 0.5, 0.5, 0.5, 0.5, 0.5, 0.5, 0.5, 0.5, 0.5, 0.5, 0.5, 0.5, 0.5, 0.5, 0.5, 0.5, 0.5, 0.5, 0.5, 0.5, 0.5, 0.5, 0.5, 0.5, 0.5, 0.5, 0.5, 0.5, 0.5, 0.5, 0.5, 0.5, 0.5, 0.5, 0.5, 0.5, 0.5, 0.5, 0.5, 0.5, 0.5, 0.5, 0.5, 0.5, 0.5, 0.5, 0.5, 0.5, 0.5, 0.5, 0.5, 0.5, 0.5, 0.5, 0.5, 0.5, 0.5, 0.5, 0.5, 0.5, 0.5, 0.5, 0.5, 0.5, 0.5, 0.5, 0.5, 0.5, 0.5, 0.5, 0.5, 0.5, 0.5, 0.5, 0.5, 0.5, 0.5, 0.5, 0.5, 0.5, 0.5, 0.5, 0.5, 0.5, 0.5, 0.5, 0.5, 0.5, 0.5, 0.5, 0.5, 0.5, 0.5, 0.5, 0.5, 0.5, 0.5, 0.5, 0.5, 0.5, 0.5, 0.5, 0.5, 0.5, 0.5, 0.5, 0.5, 0.5, 0.5, 0.5, 0.5, 0.5, 0.5, 0.5, 0.5, 0.5, 0.5, 0.5, 0.5, 0.5, 0.5, 0.5, 0.5, 0.5, 0.5, 0.5, 0.5, 0.5, 0.5, 0.5, 0.5, 0.5, 0.5, 0.5, 0.5, 0.5, 0.5, 0.5, 0.5, 0.5, 0.5, 0.5, 0.5, 0.5, 0.5, 0.5, 0.5, 0.5, 0.5, 0.5, 0.5, 0.5, 0.5, 0.5, 0.5, 0.5, 0.5, 0.5, 0.5, 0.5, 0.5, 0.5, 0.5, 0.5, 0.5, 0.5, 0.5, 0.5, 0.5, 0.5, 0.5, 0.5, 0.5, 0.5, 0.5, 0.5, 0.5, 0.5, 0.5, 0.5, 0.5, 0.5, 0.5, 0.5, 0.5, 0.5, 0.5, 0.5, 0.5, 0.5, 0.5, 0.5, 0.5, 0.5, 0.5, 0.5, 0.5, 0.5, 0.5, 0.5, 0.5, 0.5, 0.5, 0.5, 0.5, 0.5, 0.5, 0.5, 0.5, 0.5, 0.5, 0.5, 0.5, 0.5, 0.5, 0.5, 0.5, 0.5, 0.5, 0.5, 0.5, 0.5, 0.5, 0.5, 0.5, 0.5, 0.5, 0.5, 0.5, 0.5, 0.5, 0.5, 0.5, 0.5, 0.5, 0.5, 0.5, 0.5, 0.5, 0.5, 0.5, 0.5, 0.5, 0.5, 0.5, 0.5, 0.5, 0.5, 0.5, 0.5, 0.5, 0.5, 0.5, 0.5, 0.5, 0.5, 0.5, 0.5, 0.5, 0.5, 0.5, 0.5, 0.5, 0.5, 0.5, 0.5, 0.5, 0.5, 0.5, 0.5, 0.5, 0.5, 0.5, 0.5, 0.5, 0.5, 0.5, 0.5, 0.5, 0.5, 0.5, 0.5, 0.5, 0.5, 0.5, 0.5, 0.5, 0.5, 0.5, 0.5, 0.5, 0.5, 0.5, 0.5, 0.5, 0.5, 0.5, 0.5, 0.5, 0.5, 0.5, 0.5, 0.5, 0.5, 0.5, 0.5, 0.5, 0.5, 0.5, 0.5, 0.5, 0.5, 0.5, 0.5, 0.5, 0.5, 0.5, 0.5, 0.5, 0.5, 0.5, 0.5, 0.5, 0.5, 0.5, 0.5, 0.5, 0.5, 0.5, 0.5, 0.5, 0.5, 0.5, 0.5, 0.5, 0.5, 0.5, 0.5, 0.5, 0.5, 0.5, 0.5, 0.5, 0.5, 0.5, 0.5, 0.5, 0.5, 0.5, 0.5, 0.5, 0.5, 0.5, 0.5, 0.5, 0.5, 0.5, 0.5, 0.5, 0.5, 0.5, 0.5, 0.5, 0.5, 0.5, 0.5, 0.5, 0.5, 0.5, 0.5, 0.5, 0.5, 0.5, 0.5, 0.5, 0.5, 0.5, 0.5, 0.5, 0.5, 0.5, 0.5, 0.5, 0.5, 0.5, 0.5, 0.5, 0.5, 0.5, 0.5, 0.5, 0.5, 0.5, 0.5, 0.5, 0.5, 0.5, 0.5, 0.5, 0.5, 0.5, 0.5, 0.5, 0.5, 0.5, 0.5, 0.5, 0.5, 0.5, 0.5, 0.5, 0.5, 0.5, 0.5, 0.5, 0.5, 0.5, 0.5, 0.5, 0.5, 0.5, 0.5, 0.5, 0.5, 0.5, 0.5, 0.5, 0.5, 0.5, 0.5, 0.5, 0.5, 0.5, 0.5, 0.5, 0.5, 0.5, 0.5, 0.5, 0.5, 0.5, 0.5, 0.5, 0.5, 0.5, 0.5, 0.5, 0.5, 0.5, 0.5, 0.5, 0.5, 0.5, 0.5, 0.5, 0.5, 0.5, 0.5, 0.5, 0.5, 0.5, 0.5, 0.5, 0.5, 0.5, 0.5, 0.5, 0.5, 0.5, 0.5, 0.5, 0.5, 0.5, 0.5, 0.5, 0.5, 0.5, 0.5, 0.5, 0.5, 0.5, 0.5, 0.5, 0.5, 0.5, 0.5, 0.5, 0.5, 0.5, 0.5, 0.5, 0.5, 0.5, 0.5, 0.5, 0.5, 0.5, 0.5, 0.5, 0.5, 0.5, 0.5, 0.5, 0.5, 0.5, 0.5, 0.5, 0.5, 0.5, 0.5, 0.5, 0.5, 0.5, 0.5, 0.5, 0.5, 0.5, 0.5, 0.5, 0.5, 0.5, 0.5, 0.5, 0.5, 0.5, 0.5, 0.5, 0.5, 0.5, 0.5, 0.5, 0.5, 0.5, 0.5, 0.5, 0.5, 0.5, 0.5, 0.5, 0.5, 0.5, 0.5, 0.5, 0.5, 0.5, 0.5, 0.5, 0.5, 0.5, 0.5, 0.5, 0.5, 0.5, 0.5, 0.5, 0.5, 0.5, 0.5, 0.5, 0.5, 0.5, 0.5, 0.5, 0.5, 0.5, 0.5, 0.5, 0.5, 0.5, 0.5, 0.5, 0.5, 0.5, 0.5, 0.5, 0.5, 0.5, 0.5, 0.5, 0.5, 0.5, 0.5, 0.5, 0.5, 0.5, 0.5, 0.5, 0.5, 0.5, 0.5, 0.5, 0.5, 0.5, 0.5, 0.5, 0.5, 0.5, 0.5, 0.5, 0.5, 0.5, 0.5, 0.5, 0.5, 0.5, 0.5, 0.5, 0.5, 0.5, 0.5, 0.5, 0.5, 0.5, 0.5, 0.5, 0.5, 0.5, 0.5, 0.5, 0.5, 0.5, 0.5, 0.5, 0.5, 0.5, 0.5, 0.5, 0.5, 0.5, 0.5, 0.5, 0.5, 0.5, 0.5, 0.5, 0.5, 0.5, 0.5, 0.5, 0.5, 0.5, 0.5, 0.5, 0.5, 0.5, 0.5, 0.5, 0.5, 0.5, 0.5, 0.5, 0.5, 0.5, 0.5, 0.5, 0.5, 0.5, 0.5, 0.5, 0.5, 0.5, 0.5, 0.5, 0.5, 0.5, 0.5, 0.5, 0.5, 0.5, 0.5, 0.5, 0.5, 0.5, 0.5, 0.5, 0.5, 0.5, 0.5, 0.5, 0.5, 0.5, 0.5, 0.5, 0.5, 0.5, 0.5, 0.5, 0.5, 0.5, 0.5, 0.5, 0.5, 0.5, 0.5, 0.5, 0.5, 0.5, 0.5, 0.5, 0.5, 0.5, 0.5, 0.5, 0.5, 0.5, 0.5, 0.5, 0.5, 0.5, 0.5, 0.5, 0.5, 0.5, 0.5, 0.5, 0.5, 0.5, 0.5, 0.5, 0.5, 0.5, 0.5, 0.5, 0.5, 0.5, 0.5, 0.5, 0.5, 0.5, 0.5, 0.5, 0.5, 0.5, 0.5, 0.5, 0.5, 0.5, 0.5, 0.5, 0.5, 0.5, 0.5, 0.5, 0.5, 0.5, 0.5, 0.5, 0.5, 0.5, 0.5, 0.5, 0.5, 0.5, 0.5, 0.5, 0.5, 0.5, 0.5, 0.5, 0.5, 0.5, 0.5, 0.5, 0.5, 0.5, 0.5, 0.5, 0.5, 0.5, 0.5, 0.5, 0.5, 0.5, 0.5, 0.5, 0.5, 0.5, 0.5, 0.5, 0.5, 0.5, 0.5, 0.5, 0.5, 0.5, 0.5, 0.5, 0.5, 0.5, 0.5, 0.5, 0.5, 0.5, 0.5, 0.5, 0.5, 0.5, 0.5, 0.5, 0.5, 0.5, 0.5, 0.5, 0.5, 0.5, 0.5, 0.5, 0.5, 0.5, 0.5, 0.5, 0.5, 0.5, 0.5, 0.5, 0.5, 0.5, 0.5, 0.5, 0.5, 0.5, 0.5, 0.5, 0.5, 0.5, 0.5, 0.5, 0.5, 0.5, 0.5, 0.5, 0.5, 0.5, 0.5, 0.5, 0.5, 0.5, 0.5, 0.5, 0.5, 0.5, 0.5, 0.5, 0.5, 0.5, 0.5, 0.5, 0.5, 0.5, 0.5, 0.5, 0.5, 0.5, 0.5, 0.5, 0.5, 0.5, 0.5, 0.5, 0.5, 0.5, 0.5, 0.5, 0.5, 0.5, 0.5, 0.5, 0.5, 0.5, 0.5, 0.5, 0.5, 0.5, 0.5, 0.5, 0.5, 0.5, 0.5, 0.5, 0.5, 0.5, 0.5, 0.5, 0.5, 0.5, 0.5, 0.5, 0.5, 0.5, 0.5, 0.5, 0.5, 0.5, 0.5, 0.5, 0.5, 0.5, 0.5, 0.5, 0.5, 0.5, 0.5, 0.5, 0.5, 0.5, 0.5, 0.5, 0.5, 0.5, 0.5, 0.5, 0.5, 0.5, 0.5, 0.5, 0.5, 0.5, 0.5, 0.5, 0.5, 0.5, 0.5, 0.5, 0.5, 0.5, 0.5, 0.5, 0.5, 0.5, 0.5, 0.5, 0.5, 0.5, 0.5, 0.5, 0.5, 0.5, 0.5, 0.5, 0.5, 0.5, 0.5, 0.5, 0.5, 0.5, 0.5, 0.5, 0.5, 0.5, 0.5, 0.5, 0.5, 0.5, 0.5, 0.5, 0.5, 0.5, 0.5, 0.5, 0.5, 0.5, 0.5, 0.5, 0.5, 0.5, 0.5, 0.5, 0.5, 0.5, 0.5, 0.5, 0.5, 0.5, 0.5, 0.5, 0.5, 0.5, 0.5, 0.5, 0.5, 0.5, 0.5, 0.5, 0.5, 0.5, 0.5, 0.5, 0.5, 0.5, 0.5, 0.5, 0.5, 0.5, 0.5, 0.5, 0.5, 0.5, 0.5, 0.5, 0.5, 0.5, 0.5, 0.5, 0.5, 0.5, 0.5, 0.5, 0.5, 0.5, 0.5, 0.5, 0.5, 0.5, 0.5, 0.5, 0.5, 0.5, 0.5, 0.5, 0.5, 0.5, 0.5, 0.5, 0.5, 0.5, 0.5, 0.5, 0.5, 0.5, 0.5, 0.5, 0.5, 0.5, 0.5, 0.5, 0.5, 0.5, 0.5, 0.5, 0.5, 0.5, 0.5, 0.5, 0.5, 0.5, 0.5, 0.5, 0.5, 0.5, 0.5, 0.5, 0.5, 0.5, 0.5, 0.5, 0.5, 0.5, 0.5, 0.5, 0.5, 0.5, 0.5, 0.5, 0.5, 0.5, 0.5, 0.5, 0.5, 0.5, 0.5, 0.5, 0.5, 0.5, 0.5, 0.5, 0.5, 0.5, 0.5, 0.5, 0.5, 0.5, 0.5, 0.5, 0.5, 0.5, 0.5, 0.5, 0.5, 0.5, 0.5, 0.5, 0.5, 0.5, 0.5, 0.5, 0.5, 0.5, 0.5, 0.5, 0.5, 0.5, 0.5, 0.5, 0.5, 0.5, 0.5, 0.5, 0.5, 0.5, 0.5, 0.5, 0.5, 0.5, 0.5, 0.5, 0.5, 0.5, 0.5, 0.5, 0.5, 0.5, 0.5, 0.5, 0.5, 0.5, 0.5, 0.5, 0.5, 0.5, 0.5, 0.5, 0.5, 0.5, 0.5, 0.5, 0.5, 0.5, 0.5, 0.5, 0.5, 0.5, 0.5, 0.5, 0.5, 0.5, 0.5, 0.5, 0.5, 0.5, 0.5, 0.5, 0.5, 0.5, 0.5, 0.5, 0.5, 0.5, 0.5, 0.5, 0.5, 0.5, 0.5, 0.5, 0.5, 0.5, 0.5, 0.5, 0.5, 0.5, 0.5, 0.5, 0.5, 0.5, 0.5, 0.5, 0.5, 0.5, 0.5, 0.5, 0.5, 0.5, 0.5, 0.5, 0.5, 0.5, 0.5, 0.5, 0.5, 0.5, 0.5, 0.5, 0.5, 0.5, 0.5, 0.5, 0.5, 0.5, 0.5, 0.5, 0.5, 0.5, 0.5, 0.5, 0.5, 0.5, 0.5, 0.5, 0.5, 0.5, 0.5, 0.5, 0.5, 0.5, 0.5, 0.5, 0.5, 0.5, 0.5, 0.5, 0.5, 0.5, 0.5, 0.5, 0.5, 0.5, 0.5, 0.5, 0.5, 0.5, 0.5, 0.5, 0.5, 0.5, 0.5, 0.5, 0.5, 0.5, 0.5, 0.5, 0.5, 0.5, 0.5, 0.5, 0.5, 0.5, 0.5, 0.5, 0.5, 0.5, 0.5, 0.5, 0.5, 0.5, 0.5, 0.5, 0.5, 0.5, 0.5, 0.5, 0.5, 0.5, 0.5, 0.5, 0.5, 0.5, 0.5, 0.5, 0.5, 0.5, 0.5, 0.5, 0.5, 0.5, 0.5, 0.5, 0.5, 0.5, 0.5, 0.5, 0.5, 0.5, 0.5, 0.5, 0.5, 0.5, 0.5, 0.5, 0.5, 0.5, 0.5, 0.5, 0.5, 0.5, 0.5, 0.5, 0.5, 0.5, 0.5, 0.5, 0.5, 0.5, 0.5, 0.5, 0.5, 0.5, 0.5, 0.5, 0.5, 0.5, 0.5, 0.5, 0.5, 0.5, 0.5, 0.5, 0.5, 0.5, 0.5, 0.5, 0.5, 0.5, 0.5, 0.5, 0.5, 0.5, 0.5, 0.5, 0.5, 0.5, 0.5, 0.5, 0.5, 0.5, 0.5, 0.5, 0.5, 0.5, 0.5, 0.5, 0.5, 0.5, 0.5, 0.5, 0.5, 0.5, 0.5, 0.5, 0.5, 0.5, 0.5, 0.5, 0.5, 0.5, 0.5, 0.5, 0.5, 0.5, 0.5, 0.5, 0.5, 0.5, 0.5, 0.5, 0.5, 0.5, 0.5, 0.5, 0.5, 0.5, 0.5, 0.5, 0.5, 0.5, 0.5, 0.5, 0.5, 0.5, 0.5, 0.5, 0.5, 0.5, 0.5, 0.5, 0.5, 0.5, 0.5, 0.5, 0.5, 0.5, 0.5, 0.5, 0.5, 0.5, 0.5, 0.5, 0.5, 0.5, 0.5, 0.5, 0.5, 0.5, 0.5, 0.5, 0.5, 0.5, 0.5, 0.5, 0.5, 0.5, 0.5, 0.5, 0.5, 0.5, 0.5, 0.5, 0.5, 0.5, 0.5, 0.5, 0.5, 0.5, 0.5, 0.5, 0.5, 0.5, 0.5, 0.5, 0.5, 0.5, 0.5, 0.5, 0.5, 0.5, 0.5, 0.5, 0.5, 0.5, 0.5, 0.5, 0.5, 0.5, 0.5, 0.5, 0.5, 0.5, 0.5, 0.5, 0.5, 0.5, 0.5, 0.5, 0.5, 0.5, 0.5, 0.5, 0.5, 0.5, 0.5, 0.5, 0.5, 0.5, 0.5, 0.5, 0.5, 0.5, 0.5, 0.5, 0.5, 0.5, 0.5, 0.5, 0.5, 0.5, 0.5, 0.5, 0.5, 0.5, 0.5, 0.5, 0.5, 0.5, 0.5, 0.5, 0.5, 0.5, 0.5, 0.5, 0.5, 0.5, 0.5, 0.5, 0.5, 0.5, 0.5, 0.5, 0.5, 0.5, 0.5, 0.5, 0.5, 0.5, 0.5, 0.5, 0.5, 0.5, 0.5, 0.5, 0.5, 0.5, 0.5, 0.5, 0.5, 0.5, 0.5, 0.5, 0.5, 0.5, 0.5]",2
2026_11_KICE_1-3_2,['4(3)'],"1번: 적절한 내용입니다. ""단순 관점에 따르면 해독과 언어 이해 중 어느 하나라도 부족한 독자는 독해에 어려움을 겪으며, 능숙한 독해 수준에 도달하기도 힘들다. 가령, 단어 인식은 잘하지만 글의 중심 내용은 파악하지 못하는 학생은, 해독은 충분하지만 언어 이해가 부족한 독자 유형에 해당하며 능숙한 독해 수준에 도달하지 못했다고 할 수 있다.""
2번: 적절한 내용입니다. ""해독은 개별 단어를 인식하는 능력으로, 단어를 빠르고 정확히 소리 내어 읽기, 단어를 한눈에 식별하기 등을 포함한다.""
3번: 적절한 내용입니다. ""한편, 단어 인식을 못해 글을 읽을 수 없어도 그 내용을 말로 들려주었을 때 중심 내용 파악하기 등을 할 수 있다면, 해독 발달 전에도 구어 의사소통 경험을 통해 언어 이해가 발달된 것으로 본다. 또한 해독이 발달되면 글 읽기 경험을 통해서도 언어 이해가 발달될 수 있으므로 해독 발달 후에는 독서 경험이 독해 능력 발달에 주요한 기여를 한다고 본다.""
4번: 적절하지 않은 내용입니다. ""단순 관점에 따르면 해독과 언어 이해 중 어느 하나라도 부족한 독자는 독해에 어려움을 겪으며, 능숙한 독해 수준에 도달하기도 힘들다."" 이 문장과 ""학생 B는 활동 자료에 있는 단어를 올바르게 발음하지 못하였고 한눈에 식별하지 못하였다.""를 종합하면, 학생 B는 해독이 부족하여 글 읽기 경험을 통해 중심 내용을 파악할 수 없다고 생각해야 합니다.
5번: 적절한 내용입니다. ""한편, 단어 인식을 못해 글을 읽을 수 없어도 그 내용을 말로 들려주었을 때 중심 내용 파악하기 등을 할 수 있다면, 해독 발달 전에도 구어 의사소통 경험을 통해 언어 이해가 발달된 것으로 본다.""

최종 정답: 4번","[16, 167, 110, 230, 25, 23821, 254, 223, 168, 254, 230, 47991, 250, 31619, 224, 112, 168, 248, 102, 168, 252, 227, 46695, 230, 46695, 97, 13, 366, 46695, 101, 168, 230, 250, 220, 166, 112, 222, 168, 254, 238, 168, 245, 238, 31619, 242, 108, 167, 98, 112, 167, 102, 112, 220, 47991, 112, 167, 237, 227, 166, 111, 120, 23821, 244, 116, 168, 244, 112, 23821, 251, 112, 47991, 112, 23821, 97, 239, 23821, 244, 112, 167, 232, 238, 220, 47991, 246, 167, 224, 246, 167, 251, 120, 167, 237, 226, 31619, 114, 222, 168, 94, 109, 47991, 250, 31619, 237, 227, 168, 252, 238, 167, 232, 242, 31619, 237, 227, 47991, 112, 168, 245, 238, 23821, 244, 112, 167, 254, 97, 168, 249, 222, 35975, 226, 220, 166, 110, 103, 168, 250, 120, 167, 102, 108, 11, 31619, 232, 98, 168, 230, 247, 47991, 250, 31619, 237, 227, 47991, 112, 23821, 230, 246, 168, 97, 222, 168, 245, 238, 31619, 237, 226, 46695, 105, 47991, 246, 166, 116, 108, 167, 237, 226, 220, 169, 252, 246, 167, 241, 97, 46695, 97, 13, 220, 166, 108, 222, 167, 254, 117, 11, 31619, 233, 101, 168, 244, 112, 23821, 251, 116, 168, 233, 251, 35975, 222, 23821, 252, 246, 47991, 246, 168, 100, 222, 167, 100, 234, 220, 166, 116, 222, 35975, 246, 23821, 97, 239, 168, 233, 105, 31619, 224, 112, 168, 248, 102, 35975, 222, 220, 169, 234, 234, 168, 243, 227, 47991, 246, 168, 100, 222, 31619, 103, 119, 47991, 246, 167, 232, 242, 220, 47991, 247, 168, 225, 251, 35975, 222, 11, 220, 47991, 112, 167, 237, 227, 35975, 222, 23821, 114, 102, 167, 114, 226, 47991, 246, 168, 100, 222, 167, 100, 234, 23821, 244, 116, 168, 244, 112, 23821, 251, 112, 47991, 112, 166, 108, 222, 31619, 114, 222, 168, 94, 109, 47991, 250, 31619, 237, 227, 168, 252, 238, 23821, 250, 254, 169, 246, 243, 168, 245, 238, 220, 47991, 112, 46695, 117, 47991, 246, 167, 102, 108, 31619, 232, 98, 168, 230, 247, 47991, 250, 31619, 237, 227, 47991, 112, 23821, 230, 246, 168, 97, 222, 168, 245, 238, 31619, 237, 226, 46695, 105, 47991, 246, 168, 100, 222, 31619, 103, 119, 169, 244, 230, 46695, 97, 166, 111, 254, 220, 47991, 254, 23821, 230, 246, 23821, 252, 230, 46695, 97, 526, 198, 17, 167, 110, 230, 25, 23821, 254, 223, 168, 254, 230, 47991, 250, 31619, 224, 112, 168, 248, 102, 168, 252, 227, 46695, 230, 46695, 97, 13, 366, 47991, 112, 167, 237, 227, 35975, 222, 220, 166, 108, 250, 167, 111, 226, 31619, 233, 101, 168, 244, 112, 167, 98, 120, 23821, 251, 116, 168, 233, 251, 47991, 246, 167, 232, 242, 31619, 232, 98, 167, 254, 98, 168, 250, 120, 167, 94, 250, 11, 31619, 233, 101, 168, 244, 112, 167, 98, 120, 31619, 117, 254, 167, 98, 112, 166, 111, 254, 23821, 254, 243, 169, 247, 243, 169, 252, 230, 23821, 228, 234, 167, 99, 105, 31619, 224, 112, 168, 244, 112, 23821, 251, 121, 166, 116, 108, 11, 31619, 233, 101, 168, 244, 112, 167, 98, 120, 220, 47991, 250, 167, 230, 230, 168, 245, 238, 23821, 233, 251, 167, 111, 226, 47991, 246, 166, 116, 108, 31619, 241, 109, 35975, 226, 220, 169, 237, 105, 47991, 101, 47991, 250, 46695, 97, 526, 198, 18, 167, 110, 230, 25, 23821, 254, 223, 168, 254, 230, 47991, 250, 31619, 224, 112, 168, 248, 102, 168, 252, 227, 46695, 230, 46695, 97, 13, 366, 47991, 250, 169, 236, 116, 11, 31619, 233, 101, 168, 244, 112, 23821, 251, 116, 168, 233, 251, 35975, 226, 31619, 103, 119, 47991, 112, 220, 166, 116, 222, 35975, 226, 23821, 251, 121, 35975, 226, 23821, 230, 246, 23821, 245, 228, 168, 244, 112, 167, 237, 226, 220, 166, 115, 116, 31619, 224, 112, 168, 248, 102, 35975, 226, 31619, 100, 238, 167, 94, 250, 31619, 241, 97, 167, 254, 97, 168, 96, 120, 168, 245, 230, 35975, 226, 31619, 243, 234, 23821, 97, 239, 168, 233, 105, 31619, 224, 112, 168, 248, 102, 220, 169, 234, 234, 168, 243, 227, 47991, 246, 166, 116, 108, 31619, 241, 109, 35975, 226, 220, 47991, 254, 23821, 230, 246, 23821, 252, 230, 46695, 97, 167, 102, 112, 11, 220, 47991, 112, 167, 237, 227, 31619, 108, 250, 46695, 105, 23821, 254, 226, 168, 245, 238, 167, 237, 226, 220, 166, 113, 105, 168, 244, 112, 23821, 251, 246, 168, 8955, 168, 228, 234, 169, 228, 113, 220, 166, 110, 121, 169, 245, 246, 35975, 226, 220, 169, 228, 113, 47991, 112, 23821, 244, 116, 168, 244, 112, 23821, 251, 112, 47991, 112, 166, 108, 222, 31619, 108, 250, 46695, 105, 167, 238, 250, 220, 166, 110, 225, 168, 250, 120, 167, 94, 250, 31619, 111, 116, 46695, 97, 13, 31619, 246, 238, 47991, 250, 220, 47991, 112, 167, 237, 227, 35975, 112, 31619, 108, 250, 46695, 105, 167, 238, 246, 167, 102, 112, 220, 166, 116, 222, 23821, 251, 121, 166, 116, 108, 220, 166, 110, 121, 169, 245, 246, 35975, 226, 220, 169, 228, 113, 47991, 112, 168, 226, 250, 167, 237, 226, 23821, 244, 116, 168, 244, 112, 23821, 251, 112, 47991, 112, 166, 108, 222, 31619, 108, 250, 46695, 105, 167, 238, 254, 23821, 230, 246, 23821, 252, 230, 168, 250, 120, 167, 107, 222, 167, 94, 250, 220, 47991, 112, 167, 237, 227, 31619, 108, 250, 46695, 105, 220, 169, 249, 226, 168, 245, 238, 167, 232, 242, 31619, 237, 227, 168, 226, 250, 220, 166, 110, 121, 169, 245, 246, 35975, 112, 31619, 237, 227, 47991, 112, 31619, 232, 98, 167, 254, 98, 31619, 108, 250, 46695, 105, 168, 245, 238, 23821, 96, 120, 168, 248, 242, 47991, 250, 220, 166, 116, 108, 168, 245, 105, 167, 98, 120, 220, 47991, 250, 46695, 97, 166, 111, 254, 31619, 111, 116, 46695, 97, 526, 198, 19, 167, 110, 230, 25, 23821, 254, 223, 168, 254, 230, 47991, 246, 168, 100, 222, 23821, 243, 232, 35975, 222, 31619, 224, 112, 168, 248, 102, 168, 252, 227, 46695, 230, 46695, 97, 13, 366, 46695, 101, 168, 230, 250, 220, 166, 112, 222, 168, 254, 238, 168, 245, 238, 31619, 242, 108, 167, 98, 112, 167, 102, 112, 220, 47991, 112, 167, 237, 227, 166, 111, 120, 23821, 244, 116, 168, 244, 112, 23821, 251, 112, 47991, 112, 23821, 97, 239, 23821, 244, 112, 167, 232, 238, 220, 47991, 246, 167, 224, 246, 167, 251, 120, 167, 237, 226, 31619, 114, 222, 168, 94, 109, 47991, 250, 31619, 237, 227, 168, 252, 238, 167, 232, 242, 31619, 237, 227, 47991, 112, 168, 245, 238, 23821, 244, 112, 167, 254, 97, 168, 249, 222, 35975, 226, 220, 166, 110, 103, 168, 250, 120, 167, 102, 108, 11, 31619, 232, 98, 168, 230, 247, 47991, 250, 31619, 237, 227, 47991, 112, 23821, 230, 246, 168, 97, 222, 168, 245, 238, 31619, 237, 226, 46695, 105, 47991, 246, 166, 116, 108, 167, 237, 226, 220, 169, 252, 246, 167, 241, 97, 46695, 97, 526, 23821, 251, 112, 31619, 105, 116, 168, 252, 98, 166, 111, 120, 366, 47991, 247, 168, 225, 251, 347, 167, 232, 242, 220, 169, 247, 250, 167, 237, 247, 23821, 252, 238, 167, 96, 234, 168, 245, 238, 23821, 252, 230, 167, 232, 242, 31619, 233, 101, 168, 244, 112, 167, 98, 120, 23821, 246, 105, 167, 108, 242, 167, 98, 112, 166, 110, 234, 31619, 108, 250, 35975, 234, 47991, 246, 168, 100, 222, 31619, 103, 119, 47991, 246, 168, 246, 222, 166, 111, 254, 220, 47991, 250, 167, 230, 230, 168, 245, 238, 23821, 233, 251, 167, 111, 226, 47991, 246, 168, 100, 222, 31619, 103, 119, 47991, 246, 168, 246, 222, 46695, 97, 526, 167, 98, 120, 23821, 95, 227, 47991, 102, 47991, 246, 167, 102, 112, 11, 220, 47991, 247, 168, 225, 251, 347, 167, 232, 242, 220, 47991, 112, 167, 237, 227, 35975, 112, 31619, 114, 222, 168, 94, 109, 47991, 246, 168, 245, 105, 220, 166, 116, 222, 23821, 251, 121, 166, 116, 108, 220, 166, 110, 121, 169, 245, 246, 35975, 226, 220, 169, 228, 113, 47991, 112, 23821, 97, 239, 168, 233, 105, 31619, 224, 112, 168, 248, 102, 35975, 226, 220, 169, 234, 234, 168, 243, 227, 47991, 254, 23821, 230, 246, 23821, 245, 228, 46695, 97, 166, 111, 254, 23821, 225, 251, 166, 108, 223, 47991, 112, 168, 243, 120, 220, 47991, 102, 46695, 230, 46695, 97, 13, 198, 20, 167, 110, 230, 25, 23821, 254, 223, 168, 254, 230, 47991, 250, 31619, 224, 112, 168, 248, 102, 168, 252, 227, 46695, 230, 46695, 97, 13, 366, 47991, 250, 169, 236, 116, 11, 31619, 233, 101, 168, 244, 112, 23821, 251, 116, 168, 233, 251, 35975, 226, 31619, 103, 119, 47991, 112, 220, 166, 116, 222, 35975, 226, 23821, 251, 121, 35975, 226, 23821, 230, 246, 23821, 245, 228, 168, 244, 112, 167, 237, 226, 220, 166, 115, 116, 31619, 224, 112, 168, 248, 102, 35975, 226, 31619, 100, 238, 167, 94, 250, 31619, 241, 97, 167, 254, 97, 168, 96, 120, 168, 245, 230, 35975, 226, 31619, 243, 234, 23821, 97, 239, 168, 233, 105, 31619, 224, 112, 168, 248, 102, 220, 169, 234, 234, 168, 243, 227, 47991, 246, 166, 116, 108, 31619, 241, 109, 35975, 226, 220, 47991, 254, 23821, 230, 246, 23821, 252, 230, 46695, 97, 167, 102, 112, 11, 220, 47991, 112, 167, 237, 227, 31619, 108, 250, 46695, 105, 23821, 254, 226, 168, 245, 238, 167, 237, 226, 220, 166, 113, 105, 168, 244, 112, 23821, 251, 246, 168, 8955, 168, 228, 234, 169, 228, 113, 220, 166, 110, 121, 169, 245, 246, 35975, 226, 220, 169, 228, 113, 47991, 112, 23821, 244, 116, 168, 244, 112, 23821, 251, 112, 47991, 112, 166, 108, 222, 31619, 108, 250, 46695, 105, 167, 238, 250, 220, 166, 110, 225, 168, 250, 120, 167, 94, 250, 31619, 111, 116, 46695, 97, 526, 198, 198, 168, 113, 250, 168, 95, 227, 23821, 254, 243, 46695, 113, 25, 604, 167, 110, 230]","[0.5, 0.5, 0.5, 0.5, 0.5, 0.5, 0.5, 0.5, 0.5, 0.5, 0.5, 0.5, 0.5, 0.5, 0.5, 0.5, 0.5, 0.5, 0.5, 0.5, 0.5, 0.5, 0.5, 0.5, 0.5, 0.5, 0.5, 0.5, 0.5, 0.5, 0.5, 0.5, 0.5, 0.5, 0.5, 0.5, 0.5, 0.5, 0.5, 0.5, 0.5, 0.5, 0.5, 0.5, 0.5, 0.5, 0.5, 0.5, 0.5, 0.5, 0.5, 0.5, 0.5, 0.5, 0.5, 0.5, 0.5, 0.5, 0.5, 0.5, 0.5, 0.5, 0.5, 0.5, 0.5, 0.5, 0.5, 0.5, 0.5, 0.5, 0.5, 0.5, 0.5, 0.5, 0.5, 0.5, 0.5, 0.5, 0.5, 0.5, 0.5, 0.5, 0.5, 0.5, 0.5, 0.5, 0.5, 0.5, 0.5, 0.5, 0.5, 0.5, 0.5, 0.5, 0.5, 0.5, 0.5, 0.5, 0.5, 0.5, 0.5, 0.5, 0.5, 0.5, 0.5, 0.5, 0.5, 0.5, 0.5, 0.5, 0.5, 0.5, 0.5, 0.5, 0.5, 0.5, 0.5, 0.5, 0.5, 0.5, 0.5, 0.5, 0.5, 0.5, 0.5, 0.5, 0.5, 0.5, 0.5, 0.5, 0.5, 0.5, 0.5, 0.5, 0.5, 0.5, 0.5, 0.5, 0.5, 0.5, 0.5, 0.5, 0.5, 0.5, 0.5, 0.5, 0.5, 0.5, 0.5, 0.5, 0.5, 0.5, 0.5, 0.5, 0.5, 0.5, 0.5, 0.5, 0.5, 0.5, 0.5, 0.5, 0.5, 0.5, 0.5, 0.5, 0.5, 0.5, 0.5, 0.5, 0.5, 0.5, 0.5, 0.5, 0.5, 0.5, 0.5, 0.5, 0.5, 0.5, 0.5, 0.5, 0.5, 0.5, 0.5, 0.5, 0.5, 0.5, 0.5, 0.5, 0.5, 0.5, 0.5, 0.5, 0.5, 0.5, 0.5, 0.5, 0.5, 0.5, 0.5, 0.5, 0.5, 0.5, 0.5, 0.5, 0.5, 0.5, 0.5, 0.5, 0.5, 0.5, 0.5, 0.5, 0.5, 0.5, 0.5, 0.5, 0.5, 0.5, 0.5, 0.5, 0.5, 0.5, 0.5, 0.5, 0.5, 0.5, 0.5, 0.5, 0.5, 0.5, 0.5, 0.5, 0.5, 0.5, 0.5, 0.5, 0.5, 0.5, 0.5, 0.5, 0.5, 0.5, 0.5, 0.5, 0.5, 0.5, 0.5, 0.5, 0.5, 0.5, 0.5, 0.5, 0.5, 0.5, 0.5, 0.5, 0.5, 0.5, 0.5, 0.5, 0.5, 0.5, 0.5, 0.5, 0.5, 0.5, 0.5, 0.5, 0.5, 0.5, 0.5, 0.5, 0.5, 0.5, 0.5, 0.5, 0.5, 0.5, 0.5, 0.5, 0.5, 0.5, 0.5, 0.5, 0.5, 0.5, 0.5, 0.5, 0.5, 0.5, 0.5, 0.5, 0.5, 0.5, 0.5, 0.5, 0.5, 0.5, 0.5, 0.5, 0.5, 0.5, 0.5, 0.5, 0.5, 0.5, 0.5, 0.5, 0.5, 0.5, 0.5, 0.5, 0.5, 0.5, 0.5, 0.5, 0.5, 0.5, 0.5, 0.5, 0.5, 0.5, 0.5, 0.5, 0.5, 0.5, 0.5, 0.5, 0.5, 0.5, 0.5, 0.5, 0.5, 0.5, 0.5, 0.5, 0.5, 0.5, 0.5, 0.5, 0.5, 0.5, 0.5, 0.5, 0.5, 0.5, 0.5, 0.5, 0.5, 0.5, 0.5, 0.5, 0.5, 0.5, 0.5, 0.5, 0.5, 0.5, 0.5, 0.5, 0.5, 0.5, 0.5, 0.5, 0.5, 0.5, 0.5, 0.5, 0.5, 0.5, 0.5, 0.5, 0.5, 0.5, 0.5, 0.5, 0.5, 0.5, 0.5, 0.5, 0.5, 0.5, 0.5, 0.5, 0.5, 0.5, 0.5, 0.5, 0.5, 0.5, 0.5, 0.5, 0.5, 0.5, 0.5, 0.5, 0.5, 0.5, 0.5, 0.5, 0.5, 0.5, 0.5, 0.5, 0.5, 0.5, 0.5, 0.5, 0.5, 0.5, 0.5, 0.5, 0.5, 0.5, 0.5, 0.5, 0.5, 0.5, 0.5, 0.5, 0.5, 0.5, 0.5, 0.5, 0.5, 0.5, 0.5, 0.5, 0.5, 0.5, 0.5, 0.5, 0.5, 0.5, 0.5, 0.5, 0.5, 0.5, 0.5, 0.5, 0.5, 0.5, 0.5, 0.5, 0.5, 0.5, 0.5, 0.5, 0.5, 0.5, 0.5, 0.5, 0.5, 0.5, 0.5, 0.5, 0.5, 0.5, 0.5, 0.5, 0.5, 0.5, 0.5, 0.5, 0.5, 0.5, 0.5, 0.5, 0.5, 0.5, 0.5, 0.5, 0.5, 0.5, 0.5, 0.5, 0.5, 0.5, 0.5, 0.5, 0.5, 0.5, 0.5, 0.5, 0.5, 0.5, 0.5, 0.5, 0.5, 0.5, 0.5, 0.5, 0.5, 0.5, 0.5, 0.5, 0.5, 0.5, 0.5, 0.5, 0.5, 0.5, 0.5, 0.5, 0.5, 0.5, 0.5, 0.5, 0.5, 0.5, 0.5, 0.5, 0.5, 0.5, 0.5, 0.5, 0.5, 0.5, 0.5, 0.5, 0.5, 0.5, 0.5, 0.5, 0.5, 0.5, 0.5, 0.5, 0.5, 0.5, 0.5, 0.5, 0.5, 0.5, 0.5, 0.5, 0.5, 0.5, 0.5, 0.5, 0.5, 0.5, 0.5, 0.5, 0.5, 0.5, 0.5, 0.5, 0.5, 0.5, 0.5, 0.5, 0.5, 0.5, 0.5, 0.5, 0.5, 0.5, 0.5, 0.5, 0.5, 0.5, 0.5, 0.5, 0.5, 0.5, 0.5, 0.5, 0.5, 0.5, 0.5, 0.5, 0.5, 0.5, 0.5, 0.5, 0.5, 0.5, 0.5, 0.5, 0.5, 0.5, 0.5, 0.5, 0.5, 0.5, 0.5, 0.5, 0.5, 0.5, 0.5, 0.5, 0.5, 0.5, 0.5, 0.5, 0.5, 0.5, 0.5, 0.5, 0.5, 0.5, 0.5, 0.5, 0.5, 0.5, 0.5, 0.5, 0.5, 0.5, 0.5, 0.5, 0.5, 0.5, 0.5, 0.5, 0.5, 0.5, 0.5, 0.5, 0.5, 0.5, 0.5, 0.5, 0.5, 0.5, 0.5, 0.5, 0.5, 0.5, 0.5, 0.5, 0.5, 0.5, 0.5, 0.5, 0.5, 0.5, 0.5, 0.5, 0.5, 0.5, 0.5, 0.5, 0.5, 0.5, 0.5, 0.5, 0.5, 0.5, 0.5, 0.5, 0.5, 0.5, 0.5, 0.5, 0.5, 0.5, 0.5, 0.5, 0.5, 0.5, 0.5, 0.5, 0.5, 0.5, 0.5, 0.5, 0.5, 0.5, 0.5, 0.5, 0.5, 0.5, 0.5, 0.5, 0.5, 0.5, 0.5, 0.5, 0.5, 0.5, 0.5, 0.5, 0.5, 0.5, 0.5, 0.5, 0.5, 0.5, 0.5, 0.5, 0.5, 0.5, 0.5, 0.5, 0.5, 0.5, 0.5, 0.5, 0.5, 0.5, 0.5, 0.5, 0.5, 0.5, 0.5, 0.5, 0.5, 0.5, 0.5, 0.5, 0.5, 0.5, 0.5, 0.5, 0.5, 0.5, 0.5, 0.5, 0.5, 0.5, 0.5, 0.5, 0.5, 0.5, 0.5, 0.5, 0.5, 0.5, 0.5, 0.5, 0.5, 0.5, 0.5, 0.5, 0.5, 0.5, 0.5, 0.5, 0.5, 0.5, 0.5, 0.5, 0.5, 0.5, 0.5, 0.5, 0.5, 0.5, 0.5, 0.5, 0.5, 0.5, 0.5, 0.5, 0.5, 0.5, 0.5, 0.5, 0.5, 0.5, 0.5, 0.5, 0.5, 0.5, 0.5, 0.5, 0.5, 0.5, 0.5, 0.5, 0.5, 0.5, 0.5, 0.5, 0.5, 0.5, 0.5, 0.5, 0.5, 0.5, 0.5, 0.5, 0.5, 0.5, 0.5, 0.5, 0.5, 0.5, 0.5, 0.5, 0.5, 0.5, 0.5, 0.5, 0.5, 0.5, 0.5, 0.5, 0.5, 0.5, 0.5, 0.5, 0.5, 0.5, 0.5, 0.5, 0.5, 0.5, 0.5, 0.5, 0.5, 0.5, 0.5, 0.5, 0.5, 0.5, 0.5, 0.5, 0.5, 0.5, 0.5, 0.5, 0.5, 0.5, 0.5, 0.5, 0.5, 0.5, 0.5, 0.5, 0.5, 0.5, 0.5, 0.5, 0.5, 0.5, 0.5, 0.5, 0.5, 0.5, 0.5, 0.5, 0.5, 0.5, 0.5, 0.5, 0.5, 0.5, 0.5, 0.5, 0.5, 0.5, 0.5, 0.5, 0.5, 0.5, 0.5, 0.5, 0.5, 0.5, 0.5, 0.5, 0.5, 0.5, 0.5, 0.5, 0.5, 0.5, 0.5, 0.5, 0.5, 0.5, 0.5, 0.5, 0.5, 0.5, 0.5, 0.5, 0.5, 0.5, 0.5, 0.5, 0.5, 0.5, 0.5, 0.5, 0.5, 0.5, 0.5, 0.5, 0.5, 0.5, 0.5, 0.5, 0.5, 0.5, 0.5, 0.5, 0.5, 0.5, 0.5, 0.5, 0.5, 0.5, 0.5, 0.5, 0.5, 0.5, 0.5, 0.5, 0.5, 0.5, 0.5, 0.5, 0.5, 0.5, 0.5, 0.5, 0.5, 0.5, 0.5, 0.5, 0.5, 0.5, 0.5, 0.5, 0.5, 0.5, 0.5, 0.5, 0.5, 0.5, 0.5, 0.5, 0.5, 0.5, 0.5, 0.5, 0.5, 0.5, 0.5, 0.5, 0.5, 0.5, 0.5, 0.5, 0.5, 0.5, 0.5, 0.5, 0.5, 0.5, 0.5, 0.5, 0.5, 0.5, 0.5, 0.5, 0.5, 0.5, 0.5, 0.5, 0.5, 0.5, 0.5, 0.5, 0.5, 0.5, 0.5, 0.5, 0.5, 0.5, 0.5, 0.5, 0.5, 0.5, 0.5, 0.5, 0.5, 0.5, 0.5, 0.5, 0.5, 0.5, 0.5, 0.5, 0.5, 0.5, 0.5, 0.5, 0.5, 0.5, 0.5, 0.5, 0.5, 0.5, 0.5, 0.5, 0.5, 0.5, 0.5, 0.5, 0.5, 0.5, 0.5, 0.5, 0.5, 0.5, 0.5, 0.5, 0.5, 0.5, 0.5, 0.5, 0.5, 0.5, 0.5, 0.5, 0.5, 0.5, 0.5, 0.5, 0.5, 0.5, 0.5, 0.5, 0.5, 0.5, 0.5, 0.5, 0.5, 0.5, 0.5, 0.5, 0.5, 0.5, 0.5, 0.5, 0.5, 0.5, 0.5, 0.5, 0.5, 0.5, 0.5, 0.5, 0.5, 0.5, 0.5, 0.5, 0.5, 0.5, 0.5, 0.5, 0.5, 0.5, 0.5, 0.5, 0.5, 0.5, 0.5, 0.5, 0.5, 0.5, 0.5, 0.5, 0.5, 0.5, 0.5, 0.5, 0.5, 0.5, 0.5, 0.5, 0.5, 0.5, 0.5, 0.5, 0.5, 0.5, 0.5, 0.5, 0.5, 0.5, 0.5, 0.5, 0.5, 0.5, 0.5, 0.5, 0.5, 0.5, 0.5, 0.5, 0.5, 0.5, 0.5, 0.5, 0.5, 0.5, 0.5, 0.5, 0.5, 0.5, 0.5, 0.5, 0.5, 0.5, 0.5, 0.5, 0.5, 0.5, 0.5, 0.5, 0.5, 0.5, 0.5, 0.5, 0.5, 0.5, 0.5, 0.5, 0.5, 0.5, 0.5, 0.5, 0.5, 0.5, 0.5, 0.5, 0.5, 0.5, 0.5, 0.5, 0.5, 0.5, 0.5, 0.5, 0.5, 0.5, 0.5, 0.5, 0.5, 0.5, 0.5, 0.5, 0.5, 0.5, 0.5, 0.5, 0.5, 0.5, 0.5, 0.5, 0.5, 0.5, 0.5, 0.5, 0.5, 0.5, 0.5, 0.5, 0.5, 0.5, 0.5, 0.5, 0.5, 0.5, 0.5, 0.5, 0.5, 0.5, 0.5, 0.5, 0.5, 0.5, 0.5, 0.5, 0.5, 0.5, 0.5, 0.5, 0.5, 0.5, 0.5, 0.5, 0.5, 0.5, 0.5, 0.5, 0.5, 0.5, 0.5, 0.5, 0.5, 0.5, 0.5, 0.5, 0.5, 0.5, 0.5, 0.5, 0.5, 0.5, 0.5, 0.5, 0.5, 0.5, 0.5, 0.5, 0.5, 0.5, 0.5, 0.5, 0.5, 0.5, 0.5, 0.5, 0.5, 0.5, 0.5, 0.5, 0.5, 0.5, 0.5, 0.5, 0.5, 0.5, 0.5, 0.5, 0.5, 0.5, 0.5, 0.5, 0.5, 0.5, 0.5, 0.5, 0.5, 0.5, 0.5, 0.5, 0.5, 0.5, 0.5, 0.5, 0.5, 0.5, 0.5, 0.5, 0.5, 0.5, 0.5, 0.5, 0.5, 0.5, 0.5, 0.5, 0.5, 0.5, 0.5, 0.5, 0.5, 0.5, 0.5, 0.5, 0.5, 0.5, 0.5, 0.5, 0.5, 0.5, 0.5, 0.5, 0.5, 0.5, 0.5, 0.5, 0.5, 0.5, 0.5, 0.5, 0.5, 0.5, 0.5, 0.5, 0.5, 0.5, 0.5, 0.5, 0.5, 0.5, 0.5, 0.5, 0.5, 0.5, 0.5, 0.5, 0.5, 0.5, 0.5, 0.5, 0.5, 0.5, 0.5, 0.5, 0.5, 0.5, 0.5, 0.5, 0.5, 0.5, 0.5, 0.5, 0.5, 0.5, 0.5, 0.5, 0.5, 0.5, 0.5, 0.5, 0.5, 0.5, 0.5, 0.5, 0.5, 0.5, 0.5, 0.5, 0.5, 0.5, 0.5, 0.5, 0.5, 0.5, 0.5, 0.5, 0.5, 0.5, 0.5, 0.5, 0.5, 0.5, 0.5, 0.5, 0.5, 0.5, 0.5, 0.5, 0.5, 0.5, 0.5, 0.5, 0.5, 0.5, 0.5, 0.5, 0.5, 0.5, 0.5, 0.5, 0.5, 0.5, 0.5, 0.5, 0.5, 0.5, 0.5, 0.5, 0.5, 0.5, 0.5, 0.5, 0.5, 0.5, 0.5, 0.5, 0.5, 0.5, 0.5, 0.5, 0.5, 0.5, 0.5, 0.5, 0.5, 0.5, 0.5, 0.5, 0.5, 0.5, 0.5, 0.5, 0.5, 0.5, 0.5, 0.5, 0.5, 0.5, 0.5, 0.5, 0.5, 0.5, 0.5, 0.5, 0.5, 0.5, 0.5, 0.5, 0.5, 0.5, 0.5, 0.5, 0.5, 0.5, 0.5, 0.5, 0.5, 0.5, 0.5, 0.5, 0.5, 0.5, 0.5, 0.5, 0.5, 0.5, 0.5, 0.5, 0.5, 0.5, 0.5, 0.5, 0.5, 0.5, 0.5, 0.5, 0.5, 0.5, 0.5, 0.5, 0.5, 0.5, 0.5, 0.5, 0.5, 0.5, 0.5, 0.5, 0.5, 0.5, 0.5, 0.5, 0.5, 0.5, 0.5, 0.5, 0.5, 0.5, 0.5, 0.5, 0.5, 0.5, 0.5, 0.5, 0.5, 0.5, 0.5, 0.5, 0.5, 0.5, 0.5, 0.5, 0.5, 0.5, 0.5, 0.5, 0.5, 0.5, 0.5, 0.5, 0.5, 0.5, 0.5, 0.5, 0.5, 0.5, 0.5, 0.5, 0.5, 0.5, 0.5, 0.5, 0.5, 0.5, 0.5, 0.5, 0.5, 0.5, 0.5, 0.5, 0.5, 0.5, 0.5, 0.5, 0.5, 0.5, 0.5, 0.5, 0.5, 0.5, 0.5, 0.5, 0.5, 0.5, 0.5, 0.5, 0.5, 0.5, 0.5, 0.5, 0.5, 0.5, 0.5, 0.5, 0.5, 0.5, 0.5, 0.5, 0.5, 0.5, 0.5, 0.5, 0.5, 0.5, 0.5, 0.5, 0.5, 0.5, 0.5, 0.5, 0.5, 0.5, 0.5, 0.5, 0.5, 0.5, 0.5, 0.5, 0.5, 0.5, 0.5, 0.5, 0.5, 0.5, 0.5, 0.5, 0.5, 0.5, 0.5, 0.5, 0.5, 0.5, 0.5, 0.5, 0.5, 0.5, 0.5, 0.5, 0.5, 0.5, 0.5, 0.5, 0.5, 0.5, 0.5, 0.5, 0.5, 0.5, 0.5, 0.5, 0.5, 0.5, 0.5, 0.5, 0.5, 0.5, 0.5, 0.5, 0.5, 0.5, 0.5, 0.5, 0.5, 0.5, 0.5, 0.5, 0.5, 0.5, 0.5, 0.5, 0.5, 0.5, 0.5, 0.5, 0.5, 0.5, 0.5, 0.5, 0.5, 0.5, 0.5, 0.5, 0.5, 0.5, 0.5, 0.5, 0.5, 0.5, 0.5, 0.5, 0.5, 0.5, 0.5, 0.5, 0.5, 0.5, 0.5, 0.5, 0.5, 0.5, 0.5, 0.5, 0.5, 0.5, 0.5, 0.5, 0.5, 0.5, 0.5, 0.5, 0.5, 0.5, 0.5, 0.5, 0.5, 0.5, 0.5, 0.5, 0.5, 0.5, 0.5, 0.5, 0.5, 0.5, 0.5, 0.5, 0.5, 0.5, 0.5, 0.5, 0.5, 0.5, 0.5, 0.5, 0.5, 0.5, 0.5, 0.5, 0.5, 0.5, 0.5, 0.5, 0.5, 0.5, 0.5]",3
2026_11_KICE_4-9_0,['1(2)'],"1번: (가)는 법조문의 의미 해석 방법을 구분하여 제시하고, (나)는 보증 계약에 관한 규범의 주요 내용을 열거하고 있다. + ""(가) 법조문으로 구성된 법 규범인 성문법의 의미를 파악하는 것을 법 해석이라고 한다. ... (나) 보증이란 채무자가 채무를 이행하지 않으면 그 채무를 다른 사람이 대신 이행하기로 하는 것이다.""
2번: (가)는 법조문의 의미 차이가 확대되어 온 이유를 분석하고, (나)는 보증 계약에 관련되는 주요 개념들을 정의하고 있다. + ""그러나 문리 해석으로 그 내용을 제대로 파악하기 어려우면, 그것이 사용된 맥락을 고려하여 그 의미를 파악하는 ‘체계적 해석’, 입법 과정에서 논의된 내용을 바탕으로 그 의미를 파악하는 ‘역사적 해석’ 등의 해석 방법을 사용할 수 있다. ... 보증이란 채무자가 채무를 이행하지 않으면 그 채무를 다른 사람이 대신 이행하기로 하는 것이다.""
3번: (가)는 법조문의 의미를 해석하는 방법의 사례를 소개하고, (나)는 보증 계약의 폐해와 이로 인한 결과를 서술하고 있다. + ""그 예로서 ‘담보’를 들 수 있다. ... 보증 계약에 대해서는 보증인 보호를 위하여 법적 규제가 적용된다.""
4번: (가)는 법조문의 의미를 파악하는 입장들을 대조하고, (나)는 보증 계약이 역사적 맥락에 따라 변화한 과정을 밝히고 있다. + ""그러나 문리 해석으로 그 내용을 제대로 파악하기 어려우면, 그것이 사용된 맥락을 고려하여 그 의미를 파악하는 ‘체계적 해석’, 입법 과정에서 논의된 내용을 바탕으로 그 의미를 파악하는 ‘역사적 해석’ 등의 해석 방법을 사용할 수 있다. ... 연대 보증인에게도 ｢보증인 보호를 위한 특별법｣이 적용되는지가 문제 되는데, 어떤 해석 방법을 따르느냐에 따라 결론이 달라질 수 있다.""
5번: (가)는 법조문의 의미를 다른 상황에서 유추하여 도출하고, (나)는 보증 계약의 유형별로 규제의 공통점을 비교하고 있다. + ""그러나 문리 해석으로 그 내용을 제대로 파악하기 어려우면, 그것이 사용된 맥락을 고려하여 그 의미를 파악하는 ‘체계적 해석’, 입법 과정에서 논의된 내용을 바탕으로 그 의미를 파악하는 ‘역사적 해석’ 등의 해석 방법을 사용할 수 있다. ... 보증 계약은 보증인에게만 채무를 발생시키므로 유상 계약이 아니다.""
최종 정답: 1번","[16, 167, 110, 230, 25, 357, 166, 108, 222, 8, 167, 232, 242, 31619, 110, 243, 168, 94, 108, 167, 105, 116, 35975, 246, 23821, 251, 246, 167, 107, 116, 220, 47991, 112, 168, 226, 251, 31619, 108, 102, 167, 110, 243, 35975, 226, 220, 166, 113, 105, 167, 114, 226, 47991, 246, 168, 245, 105, 23821, 254, 250, 168, 233, 250, 47991, 246, 166, 111, 254, 11, 357, 167, 224, 246, 8, 167, 232, 242, 31619, 111, 112, 168, 99, 251, 220, 166, 111, 226, 168, 243, 121, 168, 245, 238, 220, 166, 112, 222, 47991, 250, 220, 166, 115, 250, 167, 110, 242, 35975, 246, 23821, 96, 120, 168, 248, 242, 31619, 224, 112, 168, 248, 102, 35975, 226, 23821, 245, 112, 166, 109, 108, 47991, 246, 166, 111, 254, 23821, 252, 230, 46695, 97, 13, 1343, 30629, 166, 108, 222, 8, 31619, 110, 243, 168, 94, 108, 167, 105, 116, 168, 250, 120, 167, 94, 250, 220, 166, 113, 105, 168, 226, 109, 167, 238, 250, 31619, 110, 243, 220, 166, 115, 250, 167, 110, 242, 35975, 116, 23821, 226, 109, 167, 105, 116, 167, 110, 243, 35975, 246, 23821, 251, 246, 167, 107, 116, 167, 98, 120, 220, 169, 234, 234, 168, 243, 227, 47991, 246, 167, 232, 242, 220, 166, 110, 225, 35975, 226, 31619, 110, 243, 220, 47991, 112, 168, 226, 251, 35975, 112, 167, 251, 120, 166, 111, 254, 220, 47991, 250, 46695, 97, 13, 2644, 357, 167, 224, 246, 8, 31619, 111, 112, 168, 99, 251, 35975, 112, 167, 252, 222, 23821, 109, 226, 167, 105, 112, 168, 252, 238, 166, 108, 222, 23821, 109, 226, 167, 105, 112, 167, 98, 120, 23821, 251, 112, 169, 244, 231, 47991, 246, 168, 100, 222, 23821, 243, 232, 168, 250, 120, 167, 102, 112, 220, 166, 115, 116, 23821, 109, 226, 167, 105, 112, 167, 98, 120, 31619, 233, 97, 167, 98, 116, 23821, 8955, 167, 252, 234, 35975, 112, 31619, 234, 222, 168, 233, 254, 23821, 251, 112, 169, 244, 231, 47991, 246, 166, 116, 108, 167, 94, 250, 220, 47991, 246, 167, 232, 242, 220, 166, 110, 225, 35975, 112, 46695, 97, 526, 198, 17, 167, 110, 230, 25, 357, 166, 108, 222, 8, 167, 232, 242, 31619, 110, 243, 168, 94, 108, 167, 105, 116, 35975, 246, 23821, 251, 246, 167, 107, 116, 23821, 108, 101, 35975, 112, 166, 108, 222, 220, 169, 247, 243, 167, 234, 222, 167, 238, 246, 168, 244, 112, 23821, 246, 101, 23821, 251, 112, 168, 250, 254, 167, 98, 120, 31619, 114, 226, 168, 226, 251, 47991, 246, 166, 111, 254, 11, 357, 167, 224, 246, 8, 167, 232, 242, 31619, 111, 112, 168, 99, 251, 220, 166, 111, 226, 168, 243, 121, 168, 245, 238, 220, 166, 112, 222, 167, 254, 101, 167, 238, 246, 167, 232, 242, 23821, 96, 120, 168, 248, 242, 220, 166, 108, 250, 167, 227, 238, 167, 241, 97, 35975, 226, 23821, 254, 243, 35975, 246, 47991, 246, 166, 111, 254, 23821, 252, 230, 46695, 97, 13, 1343, 366, 166, 115, 116, 167, 253, 105, 167, 224, 246, 31619, 105, 116, 167, 99, 105, 220, 47991, 112, 168, 226, 251, 168, 250, 120, 167, 94, 250, 220, 166, 115, 116, 31619, 224, 112, 168, 248, 102, 35975, 226, 23821, 254, 250, 167, 234, 222, 167, 94, 250, 220, 169, 234, 234, 168, 243, 227, 47991, 246, 166, 116, 108, 23821, 244, 112, 167, 254, 97, 168, 248, 108, 167, 102, 112, 11, 220, 166, 115, 116, 166, 110, 225, 35975, 112, 23821, 8955, 168, 248, 102, 167, 238, 250, 31619, 100, 98, 167, 251, 121, 35975, 226, 220, 166, 111, 254, 167, 254, 97, 47991, 246, 168, 245, 105, 220, 166, 115, 116, 23821, 251, 246, 167, 107, 116, 167, 98, 120, 220, 169, 234, 234, 168, 243, 227, 47991, 246, 167, 232, 242, 564, 246, 168, 110, 112, 166, 111, 226, 168, 254, 223, 220, 47991, 112, 168, 226, 251, 447, 247, 11, 23821, 252, 227, 167, 110, 243, 220, 166, 111, 120, 168, 254, 243, 168, 245, 238, 168, 226, 250, 31619, 227, 120, 35975, 246, 167, 238, 250, 31619, 224, 112, 168, 248, 102, 35975, 226, 31619, 108, 242, 169, 225, 243, 168, 250, 120, 167, 94, 250, 220, 166, 115, 116, 23821, 251, 246, 167, 107, 116, 167, 98, 120, 220, 169, 234, 234, 168, 243, 227, 47991, 246, 167, 232, 242, 564, 246, 168, 245, 255, 168, 8955, 168, 254, 223, 220, 47991, 112, 168, 226, 251, 447, 247, 31619, 241, 109, 35975, 246, 220, 47991, 112, 168, 226, 251, 31619, 108, 102, 167, 110, 243, 35975, 226, 23821, 8955, 168, 248, 102, 47991, 254, 23821, 230, 246, 23821, 252, 230, 46695, 97, 13, 2644, 31619, 111, 112, 168, 99, 251, 35975, 112, 167, 252, 222, 23821, 109, 226, 167, 105, 112, 168, 252, 238, 166, 108, 222, 23821, 109, 226, 167, 105, 112, 167, 98, 120, 23821, 251, 112, 169, 244, 231, 47991, 246, 168, 100, 222, 23821, 243, 232, 168, 250, 120, 167, 102, 112, 220, 166, 115, 116, 23821, 109, 226, 167, 105, 112, 167, 98, 120, 31619, 233, 97, 167, 98, 116, 23821, 8955, 167, 252, 234, 35975, 112, 31619, 234, 222, 168, 233, 254, 23821, 251, 112, 169, 244, 231, 47991, 246, 166, 116, 108, 167, 94, 250, 220, 47991, 246, 167, 232, 242, 220, 166, 110, 225, 35975, 112, 46695, 97, 526, 198, 18, 167, 110, 230, 25, 357, 166, 108, 222, 8, 167, 232, 242, 31619, 110, 243, 168, 94, 108, 167, 105, 116, 35975, 246, 23821, 251, 246, 167, 107, 116, 167, 98, 120, 220, 47991, 112, 168, 226, 251, 47991, 246, 167, 232, 242, 31619, 108, 102, 167, 110, 243, 35975, 246, 23821, 8955, 167, 94, 222, 167, 98, 120, 23821, 228, 234, 166, 108, 250, 47991, 246, 166, 111, 254, 11, 357, 167, 224, 246, 8, 167, 232, 242, 31619, 111, 112, 168, 99, 251, 220, 166, 111, 226, 168, 243, 121, 35975, 246, 220, 169, 237, 238, 47991, 112, 168, 247, 222, 23821, 251, 112, 167, 94, 250, 23821, 251, 116, 47991, 250, 220, 166, 110, 108, 166, 111, 120, 167, 98, 120, 23821, 226, 250, 168, 230, 254, 47991, 246, 166, 111, 254, 23821, 252, 230, 46695, 97, 13, 1343, 366, 166, 115, 116, 23821, 246, 230, 167, 94, 250, 168, 226, 250, 564, 246, 46695, 112, 167, 111, 112, 447, 247, 167, 98, 120, 31619, 241, 97, 23821, 230, 246, 23821, 252, 230, 46695, 97, 13, 2644, 31619, 111, 112, 168, 99, 251, 220, 166, 111, 226, 168, 243, 121, 168, 245, 238, 31619, 234, 222, 47991, 112, 168, 226, 250, 167, 232, 242, 31619, 111, 112, 168, 99, 251, 35975, 116, 31619, 111, 112, 169, 246, 116, 167, 98, 120, 23821, 250, 226, 47991, 246, 168, 245, 105, 31619, 110, 243, 168, 254, 223, 220, 166, 115, 250, 168, 254, 250, 166, 108, 222, 23821, 254, 223, 168, 248, 102, 167, 238, 250, 46695, 97, 526, 198, 19, 167, 110, 230, 25, 357, 166, 108, 222, 8, 167, 232, 242, 31619, 110, 243, 168, 94, 108, 167, 105, 116, 35975, 246, 23821, 251, 246, 167, 107, 116, 167, 98, 120, 220, 169, 234, 234, 168, 243, 227, 47991, 246, 167, 232, 242, 23821, 252, 227, 168, 252, 98, 167, 241, 97, 35975, 226, 31619, 234, 222, 168, 94, 108, 47991, 246, 166, 111, 254, 11, 357, 167, 224, 246, 8, 167, 232, 242, 31619, 111, 112, 168, 99, 251, 220, 166, 111, 226, 168, 243, 121, 35975, 112, 23821, 245, 255, 168, 8955, 168, 254, 223, 31619, 100, 98, 167, 251, 121, 168, 245, 238, 31619, 242, 108, 167, 251, 120, 31619, 111, 222, 169, 247, 242, 47991, 250, 220, 166, 111, 120, 168, 254, 243, 35975, 226, 31619, 108, 251, 169, 252, 230, 166, 111, 254, 23821, 252, 230, 46695, 97, 13, 1343, 366, 166, 115, 116, 167, 253, 105, 167, 224, 246, 31619, 105, 116, 167, 99, 105, 220, 47991, 112, 168, 226, 251, 168, 250, 120, 167, 94, 250, 220, 166, 115, 116, 31619, 224, 112, 168, 248, 102, 35975, 226, 23821, 254, 250, 167, 234, 222, 167, 94, 250, 220, 169, 234, 234, 168, 243, 227, 47991, 246, 166, 116, 108, 23821, 244, 112, 167, 254, 97, 168, 248, 108, 167, 102, 112, 11, 220, 166, 115, 116, 166, 110, 225, 35975, 112, 23821, 8955, 168, 248, 102, 167, 238, 250, 31619, 100, 98, 167, 251, 121, 35975, 226, 220, 166, 111, 254, 167, 254, 97, 47991, 246, 168, 245, 105, 220, 166, 115, 116, 23821, 251, 246, 167, 107, 116, 167, 98, 120, 220, 169, 234, 234, 168, 243, 227, 47991, 246, 167, 232, 242, 564, 246, 168, 110, 112, 166, 111, 226, 168, 254, 223, 220, 47991, 112, 168, 226, 251, 447, 247, 11, 23821, 252, 227, 167, 110, 243, 220, 166, 111, 120, 168, 254, 243, 168, 245, 238, 168, 226, 250, 31619, 227, 120, 35975, 246, 167, 238, 250, 31619, 224, 112, 168, 248, 102, 35975, 226, 31619, 108, 242, 169, 225, 243, 168, 250, 120, 167, 94, 250, 220, 166, 115, 116, 23821, 251, 246, 167, 107, 116, 167, 98, 120, 220, 169, 234, 234, 168, 243, 227, 47991, 246, 167, 232, 242, 564, 246, 168, 245, 255, 168, 8955, 168, 254, 223, 220, 47991, 112, 168, 226, 251, 447, 247, 31619, 241, 109, 35975, 246, 220, 47991, 112, 168, 226, 251, 31619, 108, 102, 167, 110, 243, 35975, 226, 23821, 8955, 168, 248, 102, 47991, 254, 23821, 230, 246, 23821, 252, 230, 46695, 97, 13, 2644, 23821, 245, 108, 167, 234, 222, 31619, 111, 112, 168, 99, 251, 35975, 116, 168, 245, 238, 166, 110, 234, 167, 237, 226, 27332, 121, 95, 167, 111, 112, 168, 99, 251, 35975, 116, 31619, 111, 112, 169, 246, 116, 167, 98, 120, 23821, 250, 226, 47991, 250, 220, 169, 232, 117, 167, 111, 226, 167, 110, 243, 171, 121, 96, 35975, 112, 23821, 254, 223, 168, 248, 102, 167, 238, 246, 167, 232, 242, 168, 100, 222, 166, 108, 222, 31619, 105, 116, 168, 254, 250, 31619, 238, 246, 167, 232, 242, 167, 235, 108, 11, 23821, 244, 112, 167, 244, 97, 220, 47991, 112, 168, 226, 251, 31619, 108, 102, 167, 110, 243, 35975, 226, 31619, 242, 108, 167, 98, 112, 167, 232, 238, 167, 225, 238, 168, 245, 238, 31619, 242, 108, 167, 251, 120, 220, 166, 110, 108, 167, 94, 254, 35975, 112, 31619, 233, 105, 167, 251, 120, 168, 100, 230, 23821, 230, 246, 23821, 252, 230, 46695, 97, 526, 198, 20, 167, 110, 230, 25, 357, 166, 108, 222, 8, 167, 232, 242, 31619, 110, 243, 168, 94, 108, 167, 105, 116, 35975, 246, 23821, 251, 246, 167, 107, 116, 167, 98, 120, 31619, 233, 97, 167, 98, 116, 23821, 225, 223, 169, 247, 102, 168, 245, 238, 168, 226, 250, 23821, 250, 254, 168, 114, 242, 47991, 246, 168, 245, 105, 31619, 237, 226, 168, 114, 250, 47991, 246, 166, 111, 254, 11, 357, 167, 224, 246, 8, 167, 232, 242, 31619, 111, 112, 168, 99, 251, 220, 166, 111, 226, 168, 243, 121, 35975, 246, 23821, 250, 254, 169, 246, 243, 167, 111, 226, 167, 94, 250, 220, 166, 115, 250, 168, 254, 250, 35975, 246, 220, 166, 111, 113, 169, 228, 113, 168, 254, 238, 35975, 226, 31619, 117, 226, 166, 113, 238, 47991, 246, 166, 111, 254, 23821, 252, 230, 46695, 97, 13, 1343, 366, 166, 115, 116, 167, 253, 105, 167, 224, 246, 31619, 105, 116, 167, 99, 105, 220, 47991, 112, 168, 226, 251, 168, 250, 120, 167, 94, 250, 220, 166, 115, 116, 31619, 224, 112, 168, 248, 102, 35975, 226, 23821, 254, 250, 167, 234, 222, 167, 94, 250, 220, 169, 234, 234, 168, 243, 227, 47991, 246, 166, 116, 108, 23821, 244, 112, 167, 254, 97, 168, 248, 108, 167, 102, 112, 11, 220, 166, 115, 116, 166, 110, 225, 35975, 112, 23821, 8955, 168, 248, 102, 167, 238, 250, 31619, 100, 98, 167, 251, 121, 35975, 226, 220, 166, 111, 254, 167, 254, 97, 47991, 246, 168, 245, 105, 220, 166, 115, 116, 23821, 251, 246, 167, 107, 116, 167, 98, 120, 220, 169, 234, 234, 168, 243, 227, 47991, 246, 167, 232, 242, 564, 246, 168, 110, 112, 166, 111, 226, 168, 254, 223, 220, 47991, 112, 168, 226, 251, 447, 247, 11, 23821, 252, 227, 167, 110, 243, 220, 166, 111, 120, 168, 254, 243, 168, 245, 238, 168, 226, 250, 31619, 227, 120, 35975, 246, 167, 238, 250, 31619, 224, 112, 168, 248, 102, 35975, 226, 31619, 108, 242, 169, 225, 243, 168, 250, 120, 167, 94, 250, 220, 166, 115, 116, 23821, 251, 246, 167, 107, 116, 167, 98, 120, 220, 169, 234, 234, 168, 243, 227, 47991, 246, 167, 232, 242, 564, 246, 168, 245, 255, 168, 8955, 168, 254, 223, 220, 47991, 112, 168, 226, 251, 447, 247, 31619, 241, 109, 35975, 246, 220, 47991, 112, 168, 226, 251, 31619, 108, 102, 167, 110, 243, 35975, 226, 23821, 8955, 168, 248, 102, 47991, 254, 23821, 230, 246, 23821, 252, 230, 46695, 97, 13, 2644, 31619, 111, 112, 168, 99, 251, 220, 166, 111, 226, 168, 243, 121, 35975, 222, 31619, 111, 112, 168, 99, 251, 35975, 116, 168, 245, 238, 166, 110, 234, 167, 100, 234, 23821, 109, 226, 167, 105, 112, 167, 98, 120, 31619, 108, 250, 168, 225, 251, 168, 233, 250, 169, 224, 97, 167, 107, 222, 167, 94, 250, 23821, 250, 254, 168, 225, 223, 220, 166, 111, 226, 168, 243, 121, 35975, 112, 23821, 243, 226, 46695, 230, 46695, 97, 526, 198, 168, 113, 250, 168, 95, 227, 23821, 254, 243, 46695, 113, 25, 352, 167, 110, 230]","[0.5, 0.5, 0.5, 0.5, 0.5, 0.5, 0.5, 0.5, 0.5, 0.5, 0.5, 0.5, 0.5, 0.5, 0.5, 0.5, 0.5, 0.5, 0.5, 0.5, 0.5, 0.5, 0.5, 0.5, 0.5, 0.5, 0.5, 0.5, 0.5, 0.5, 0.5, 0.5, 0.5, 0.5, 0.5, 0.5, 0.5, 0.5, 0.5, 0.5, 0.5, 0.5, 0.5, 0.5, 0.5, 0.5, 0.5, 0.5, 0.5, 0.5, 0.5, 0.5, 0.5, 0.5, 0.5, 0.5, 0.5, 0.5, 0.5, 0.5, 0.5, 0.5, 0.5, 0.5, 0.5, 0.5, 0.5, 0.5, 0.5, 0.5, 0.5, 0.5, 0.5, 0.5, 0.5, 0.5, 0.5, 0.5, 0.5, 0.5, 0.5, 0.5, 0.5, 0.5, 0.5, 0.5, 0.5, 0.5, 0.5, 0.5, 0.5, 0.5, 0.5, 0.5, 0.5, 0.5, 0.5, 0.5, 0.5, 0.5, 0.5, 0.5, 0.5, 0.5, 0.5, 0.5, 0.5, 0.5, 0.5, 0.5, 0.5, 0.5, 0.5, 0.5, 0.5, 0.5, 0.5, 0.5, 0.5, 0.5, 0.5, 0.5, 0.5, 0.5, 0.5, 0.5, 0.5, 0.5, 0.5, 0.5, 0.5, 0.5, 0.5, 0.5, 0.5, 0.5, 0.5, 0.5, 0.5, 0.5, 0.5, 0.5, 0.5, 0.5, 0.5, 0.5, 0.5, 0.5, 0.5, 0.5, 0.5, 0.5, 0.5, 0.5, 0.5, 0.5, 0.5, 0.5, 0.5, 0.5, 0.5, 0.5, 0.5, 0.5, 0.5, 0.5, 0.5, 0.5, 0.5, 0.5, 0.5, 0.5, 0.5, 0.5, 0.5, 0.5, 0.5, 0.5, 0.5, 0.5, 0.5, 0.5, 0.5, 0.5, 0.5, 0.5, 0.5, 0.5, 0.5, 0.5, 0.5, 0.5, 0.5, 0.5, 0.5, 0.5, 0.5, 0.5, 0.5, 0.5, 0.5, 0.5, 0.5, 0.5, 0.5, 0.5, 0.5, 0.5, 0.5, 0.5, 0.5, 0.5, 0.5, 0.5, 0.5, 0.5, 0.5, 0.5, 0.5, 0.5, 0.5, 0.5, 0.5, 0.5, 0.5, 0.5, 0.5, 0.5, 0.5, 0.5, 0.5, 0.5, 0.5, 0.5, 0.5, 0.5, 0.5, 0.5, 0.5, 0.5, 0.5, 0.5, 0.5, 0.5, 0.5, 0.5, 0.5, 0.5, 0.5, 0.5, 0.5, 0.5, 0.5, 0.5, 0.5, 0.5, 0.5, 0.5, 0.5, 0.5, 0.5, 0.5, 0.5, 0.5, 0.5, 0.5, 0.5, 0.5, 0.5, 0.5, 0.5, 0.5, 0.5, 0.5, 0.5, 0.5, 0.5, 0.5, 0.5, 0.5, 0.5, 0.5, 0.5, 0.5, 0.5, 0.5, 0.5, 0.5, 0.5, 0.5, 0.5, 0.5, 0.5, 0.5, 0.5, 0.5, 0.5, 0.5, 0.5, 0.5, 0.5, 0.5, 0.5, 0.5, 0.5, 0.5, 0.5, 0.5, 0.5, 0.5, 0.5, 0.5, 0.5, 0.5, 0.5, 0.5, 0.5, 0.5, 0.5, 0.5, 0.5, 0.5, 0.5, 0.5, 0.5, 0.5, 0.5, 0.5, 0.5, 0.5, 0.5, 0.5, 0.5, 0.5, 0.5, 0.5, 0.5, 0.5, 0.5, 0.5, 0.5, 0.5, 0.5, 0.5, 0.5, 0.5, 0.5, 0.5, 0.5, 0.5, 0.5, 0.5, 0.5, 0.5, 0.5, 0.5, 0.5, 0.5, 0.5, 0.5, 0.5, 0.5, 0.5, 0.5, 0.5, 0.5, 0.5, 0.5, 0.5, 0.5, 0.5, 0.5, 0.5, 0.5, 0.5, 0.5, 0.5, 0.5, 0.5, 0.5, 0.5, 0.5, 0.5, 0.5, 0.5, 0.5, 0.5, 0.5, 0.5, 0.5, 0.5, 0.5, 0.5, 0.5, 0.5, 0.5, 0.5, 0.5, 0.5, 0.5, 0.5, 0.5, 0.5, 0.5, 0.5, 0.5, 0.5, 0.5, 0.5, 0.5, 0.5, 0.5, 0.5, 0.5, 0.5, 0.5, 0.5, 0.5, 0.5, 0.5, 0.5, 0.5, 0.5, 0.5, 0.5, 0.5, 0.5, 0.5, 0.5, 0.5, 0.5, 0.5, 0.5, 0.5, 0.5, 0.5, 0.5, 0.5, 0.5, 0.5, 0.5, 0.5, 0.5, 0.5, 0.5, 0.5, 0.5, 0.5, 0.5, 0.5, 0.5, 0.5, 0.5, 0.5, 0.5, 0.5, 0.5, 0.5, 0.5, 0.5, 0.5, 0.5, 0.5, 0.5, 0.5, 0.5, 0.5, 0.5, 0.5, 0.5, 0.5, 0.5, 0.5, 0.5, 0.5, 0.5, 0.5, 0.5, 0.5, 0.5, 0.5, 0.5, 0.5, 0.5, 0.5, 0.5, 0.5, 0.5, 0.5, 0.5, 0.5, 0.5, 0.5, 0.5, 0.5, 0.5, 0.5, 0.5, 0.5, 0.5, 0.5, 0.5, 0.5, 0.5, 0.5, 0.5, 0.5, 0.5, 0.5, 0.5, 0.5, 0.5, 0.5, 0.5, 0.5, 0.5, 0.5, 0.5, 0.5, 0.5, 0.5, 0.5, 0.5, 0.5, 0.5, 0.5, 0.5, 0.5, 0.5, 0.5, 0.5, 0.5, 0.5, 0.5, 0.5, 0.5, 0.5, 0.5, 0.5, 0.5, 0.5, 0.5, 0.5, 0.5, 0.5, 0.5, 0.5, 0.5, 0.5, 0.5, 0.5, 0.5, 0.5, 0.5, 0.5, 0.5, 0.5, 0.5, 0.5, 0.5, 0.5, 0.5, 0.5, 0.5, 0.5, 0.5, 0.5, 0.5, 0.5, 0.5, 0.5, 0.5, 0.5, 0.5, 0.5, 0.5, 0.5, 0.5, 0.5, 0.5, 0.5, 0.5, 0.5, 0.5, 0.5, 0.5, 0.5, 0.5, 0.5, 0.5, 0.5, 0.5, 0.5, 0.5, 0.5, 0.5, 0.5, 0.5, 0.5, 0.5, 0.5, 0.5, 0.5, 0.5, 0.5, 0.5, 0.5, 0.5, 0.5, 0.5, 0.5, 0.5, 0.5, 0.5, 0.5, 0.5, 0.5, 0.5, 0.5, 0.5, 0.5, 0.5, 0.5, 0.5, 0.5, 0.5, 0.5, 0.5, 0.5, 0.5, 0.5, 0.5, 0.5, 0.5, 0.5, 0.5, 0.5, 0.5, 0.5, 0.5, 0.5, 0.5, 0.5, 0.5, 0.5, 0.5, 0.5, 0.5, 0.5, 0.5, 0.5, 0.5, 0.5, 0.5, 0.5, 0.5, 0.5, 0.5, 0.5, 0.5, 0.5, 0.5, 0.5, 0.5, 0.5, 0.5, 0.5, 0.5, 0.5, 0.5, 0.5, 0.5, 0.5, 0.5, 0.5, 0.5, 0.5, 0.5, 0.5, 0.5, 0.5, 0.5, 0.5, 0.5, 0.5, 0.5, 0.5, 0.5, 0.5, 0.5, 0.5, 0.5, 0.5, 0.5, 0.5, 0.5, 0.5, 0.5, 0.5, 0.5, 0.5, 0.5, 0.5, 0.5, 0.5, 0.5, 0.5, 0.5, 0.5, 0.5, 0.5, 0.5, 0.5, 0.5, 0.5, 0.5, 0.5, 0.5, 0.5, 0.5, 0.5, 0.5, 0.5, 0.5, 0.5, 0.5, 0.5, 0.5, 0.5, 0.5, 0.5, 0.5, 0.5, 0.5, 0.5, 0.5, 0.5, 0.5, 0.5, 0.5, 0.5, 0.5, 0.5, 0.5, 0.5, 0.5, 0.5, 0.5, 0.5, 0.5, 0.5, 0.5, 0.5, 0.5, 0.5, 0.5, 0.5, 0.5, 0.5, 0.5, 0.5, 0.5, 0.5, 0.5, 0.5, 0.5, 0.5, 0.5, 0.5, 0.5, 0.5, 0.5, 0.5, 0.5, 0.5, 0.5, 0.5, 0.5, 0.5, 0.5, 0.5, 0.5, 0.5, 0.5, 0.5, 0.5, 0.5, 0.5, 0.5, 0.5, 0.5, 0.5, 0.5, 0.5, 0.5, 0.5, 0.5, 0.5, 0.5, 0.5, 0.5, 0.5, 0.5, 0.5, 0.5, 0.5, 0.5, 0.5, 0.5, 0.5, 0.5, 0.5, 0.5, 0.5, 0.5, 0.5, 0.5, 0.5, 0.5, 0.5, 0.5, 0.5, 0.5, 0.5, 0.5, 0.5, 0.5, 0.5, 0.5, 0.5, 0.5, 0.5, 0.5, 0.5, 0.5, 0.5, 0.5, 0.5, 0.5, 0.5, 0.5, 0.5, 0.5, 0.5, 0.5, 0.5, 0.5, 0.5, 0.5, 0.5, 0.5, 0.5, 0.5, 0.5, 0.5, 0.5, 0.5, 0.5, 0.5, 0.5, 0.5, 0.5, 0.5, 0.5, 0.5, 0.5, 0.5, 0.5, 0.5, 0.5, 0.5, 0.5, 0.5, 0.5, 0.5, 0.5, 0.5, 0.5, 0.5, 0.5, 0.5, 0.5, 0.5, 0.5, 0.5, 0.5, 0.5, 0.5, 0.5, 0.5, 0.5, 0.5, 0.5, 0.5, 0.5, 0.5, 0.5, 0.5, 0.5, 0.5, 0.5, 0.5, 0.5, 0.5, 0.5, 0.5, 0.5, 0.5, 0.5, 0.5, 0.5, 0.5, 0.5, 0.5, 0.5, 0.5, 0.5, 0.5, 0.5, 0.5, 0.5, 0.5, 0.5, 0.5, 0.5, 0.5, 0.5, 0.5, 0.5, 0.5, 0.5, 0.5, 0.5, 0.5, 0.5, 0.5, 0.5, 0.5, 0.5, 0.5, 0.5, 0.5, 0.5, 0.5, 0.5, 0.5, 0.5, 0.5, 0.5, 0.5, 0.5, 0.5, 0.5, 0.5, 0.5, 0.5, 0.5, 0.5, 0.5, 0.5, 0.5, 0.5, 0.5, 0.5, 0.5, 0.5, 0.5, 0.5, 0.5, 0.5, 0.5, 0.5, 0.5, 0.5, 0.5, 0.5, 0.5, 0.5, 0.5, 0.5, 0.5, 0.5, 0.5, 0.5, 0.5, 0.5, 0.5, 0.5, 0.5, 0.5, 0.5, 0.5, 0.5, 0.5, 0.5, 0.5, 0.5, 0.5, 0.5, 0.5, 0.5, 0.5, 0.5, 0.5, 0.5, 0.5, 0.5, 0.5, 0.5, 0.5, 0.5, 0.5, 0.5, 0.5, 0.5, 0.5, 0.5, 0.5, 0.5, 0.5, 0.5, 0.5, 0.5, 0.5, 0.5, 0.5, 0.5, 0.5, 0.5, 0.5, 0.5, 0.5, 0.5, 0.5, 0.5, 0.5, 0.5, 0.5, 0.5, 0.5, 0.5, 0.5, 0.5, 0.5, 0.5, 0.5, 0.5, 0.5, 0.5, 0.5, 0.5, 0.5, 0.5, 0.5, 0.5, 0.5, 0.5, 0.5, 0.5, 0.5, 0.5, 0.5, 0.5, 0.5, 0.5, 0.5, 0.5, 0.5, 0.5, 0.5, 0.5, 0.5, 0.5, 0.5, 0.5, 0.5, 0.5, 0.5, 0.5, 0.5, 0.5, 0.5, 0.5, 0.5, 0.5, 0.5, 0.5, 0.5, 0.5, 0.5, 0.5, 0.5, 0.5, 0.5, 0.5, 0.5, 0.5, 0.5, 0.5, 0.5, 0.5, 0.5, 0.5, 0.5, 0.5, 0.5, 0.5, 0.5, 0.5, 0.5, 0.5, 0.5, 0.5, 0.5, 0.5, 0.5, 0.5, 0.5, 0.5, 0.5, 0.5, 0.5, 0.5, 0.5, 0.5, 0.5, 0.5, 0.5, 0.5, 0.5, 0.5, 0.5, 0.5, 0.5, 0.5, 0.5, 0.5, 0.5, 0.5, 0.5, 0.5, 0.5, 0.5, 0.5, 0.5, 0.5, 0.5, 0.5, 0.5, 0.5, 0.5, 0.5, 0.5, 0.5, 0.5, 0.5, 0.5, 0.5, 0.5, 0.5, 0.5, 0.5, 0.5, 0.5, 0.5, 0.5, 0.5, 0.5, 0.5, 0.5, 0.5, 0.5, 0.5, 0.5, 0.5, 0.5, 0.5, 0.5, 0.5, 0.5, 0.5, 0.5, 0.5, 0.5, 0.5, 0.5, 0.5, 0.5, 0.5, 0.5, 0.5, 0.5, 0.5, 0.5, 0.5, 0.5, 0.5, 0.5, 0.5, 0.5, 0.5, 0.5, 0.5, 0.5, 0.5, 0.5, 0.5, 0.5, 0.5, 0.5, 0.5, 0.5, 0.5, 0.5, 0.5, 0.5, 0.5, 0.5, 0.5, 0.5, 0.5, 0.5, 0.5, 0.5, 0.5, 0.5, 0.5, 0.5, 0.5, 0.5, 0.5, 0.5, 0.5, 0.5, 0.5, 0.5, 0.5, 0.5, 0.5, 0.5, 0.5, 0.5, 0.5, 0.5, 0.5, 0.5, 0.5, 0.5, 0.5, 0.5, 0.5, 0.5, 0.5, 0.5, 0.5, 0.5, 0.5, 0.5, 0.5, 0.5, 0.5, 0.5, 0.5, 0.5, 0.5, 0.5, 0.5, 0.5, 0.5, 0.5, 0.5, 0.5, 0.5, 0.5, 0.5, 0.5, 0.5, 0.5, 0.5, 0.5, 0.5, 0.5, 0.5, 0.5, 0.5, 0.5, 0.5, 0.5, 0.5, 0.5, 0.5, 0.5, 0.5, 0.5, 0.5, 0.5, 0.5, 0.5, 0.5, 0.5, 0.5, 0.5, 0.5, 0.5, 0.5, 0.5, 0.5, 0.5, 0.5, 0.5, 0.5, 0.5, 0.5, 0.5, 0.5, 0.5, 0.5, 0.5, 0.5, 0.5, 0.5, 0.5, 0.5, 0.5, 0.5, 0.5, 0.5, 0.5, 0.5, 0.5, 0.5, 0.5, 0.5, 0.5, 0.5, 0.5, 0.5, 0.5, 0.5, 0.5, 0.5, 0.5, 0.5, 0.5, 0.5, 0.5, 0.5, 0.5, 0.5, 0.5, 0.5, 0.5, 0.5, 0.5, 0.5, 0.5, 0.5, 0.5, 0.5, 0.5, 0.5, 0.5, 0.5, 0.5, 0.5, 0.5, 0.5, 0.5, 0.5, 0.5, 0.5, 0.5, 0.5, 0.5, 0.5, 0.5, 0.5, 0.5, 0.5, 0.5, 0.5, 0.5, 0.5, 0.5, 0.5, 0.5, 0.5, 0.5, 0.5, 0.5, 0.5, 0.5, 0.5, 0.5, 0.5, 0.5, 0.5, 0.5, 0.5, 0.5, 0.5, 0.5, 0.5, 0.5, 0.5, 0.5, 0.5, 0.5, 0.5, 0.5, 0.5, 0.5, 0.5, 0.5, 0.5, 0.5, 0.5, 0.5, 0.5, 0.5, 0.5, 0.5, 0.5, 0.5, 0.5, 0.5, 0.5, 0.5, 0.5, 0.5, 0.5, 0.5, 0.5, 0.5, 0.5, 0.5, 0.5, 0.5, 0.5, 0.5, 0.5, 0.5, 0.5, 0.5, 0.5, 0.5, 0.5, 0.5, 0.5, 0.5, 0.5, 0.5, 0.5, 0.5, 0.5, 0.5, 0.5, 0.5, 0.5, 0.5, 0.5, 0.5, 0.5, 0.5, 0.5, 0.5, 0.5, 0.5, 0.5, 0.5, 0.5, 0.5, 0.5, 0.5, 0.5, 0.5, 0.5, 0.5, 0.5, 0.5, 0.5, 0.5, 0.5, 0.5, 0.5, 0.5, 0.5, 0.5, 0.5, 0.5, 0.5, 0.5, 0.5, 0.5, 0.5, 0.5, 0.5, 0.5, 0.5, 0.5, 0.5, 0.5, 0.5, 0.5, 0.5, 0.5, 0.5, 0.5, 0.5, 0.5, 0.5, 0.5, 0.5, 0.5, 0.5, 0.5, 0.5, 0.5, 0.5, 0.5, 0.5, 0.5, 0.5, 0.5, 0.5, 0.5, 0.5, 0.5, 0.5, 0.5, 0.5, 0.5, 0.5, 0.5, 0.5, 0.5, 0.5, 0.5, 0.5, 0.5, 0.5, 0.5, 0.5, 0.5, 0.5, 0.5, 0.5, 0.5, 0.5, 0.5, 0.5, 0.5, 0.5, 0.5, 0.5, 0.5, 0.5, 0.5, 0.5, 0.5, 0.5, 0.5, 0.5, 0.5, 0.5, 0.5, 0.5, 0.5, 0.5, 0.5, 0.5, 0.5, 0.5, 0.5, 0.5, 0.5, 0.5, 0.5, 0.5, 0.5, 0.5, 0.5, 0.5, 0.5, 0.5, 0.5, 0.5, 0.5, 0.5, 0.5, 0.5, 0.5, 0.5, 0.5, 0.5, 0.5, 0.5, 0.5, 0.5, 0.5, 0.5, 0.5, 0.5, 0.5, 0.5, 0.5, 0.5, 0.5, 0.5, 0.5, 0.5, 0.5, 0.5, 0.5, 0.5, 0.5, 0.5, 0.5, 0.5, 0.5, 0.5, 0.5, 0.5, 0.5, 0.5, 0.5, 0.5, 0.5, 0.5, 0.5, 0.5, 0.5, 0.5, 0.5, 0.5, 0.5, 0.5, 0.5, 0.5, 0.5, 0.5, 0.5, 0.5, 0.5, 0.5, 0.5, 0.5, 0.5, 0.5, 0.5, 0.5, 0.5, 0.5, 0.5, 0.5, 0.5, 0.5, 0.5, 0.5, 0.5, 0.5, 0.5, 0.5, 0.5, 0.5, 0.5, 0.5, 0.5, 0.5, 0.5, 0.5, 0.5, 0.5, 0.5, 0.5, 0.5, 0.5, 0.5, 0.5, 0.5, 0.5, 0.5, 0.5, 0.5, 0.5, 0.5, 0.5, 0.5, 0.5, 0.5, 0.5, 0.5, 0.5, 0.5, 0.5, 0.5, 0.5, 0.5, 0.5, 0.5, 0.5, 0.5, 0.5, 0.5, 0.5, 0.5, 0.5, 0.5, 0.5, 0.5, 0.5, 0.5, 0.5, 0.5, 0.5, 0.5, 0.5, 0.5, 0.5, 0.5, 0.5, 0.5, 0.5, 0.5, 0.5, 0.5, 0.5, 0.5, 0.5, 0.5, 0.5, 0.5, 0.5, 0.5, 0.5, 0.5, 0.5, 0.5, 0.5, 0.5, 0.5, 0.5, 0.5, 0.5, 0.5, 0.5, 0.5, 0.5, 0.5, 0.5, 0.5, 0.5, 0.5, 0.5, 0.5, 0.5, 0.5, 0.5, 0.5, 0.5, 0.5, 0.5, 0.5, 0.5, 0.5, 0.5, 0.5, 0.5, 0.5, 0.5, 0.5, 0.5, 0.5, 0.5, 0.5, 0.5, 0.5, 0.5, 0.5, 0.5, 0.5, 0.5, 0.5, 0.5, 0.5, 0.5, 0.5, 0.5, 0.5, 0.5, 0.5, 0.5, 0.5, 0.5, 0.5, 0.5, 0.5, 0.5, 0.5, 0.5, 0.5, 0.5, 0.5, 0.5, 0.5, 0.5, 0.5, 0.5, 0.5, 0.5, 0.5, 0.5, 0.5, 0.5, 0.5, 0.5, 0.5, 0.5, 0.5, 0.5, 0.5, 0.5, 0.5, 0.5, 0.5, 0.5, 0.5, 0.5, 0.5, 0.5, 0.5, 0.5, 0.5, 0.5, 0.5, 0.5, 0.5, 0.5, 0.5, 0.5, 0.5, 0.5, 0.5, 0.5, 0.5, 0.5, 0.5, 0.5, 0.5, 0.5, 0.5, 0.5, 0.5, 0.5, 0.5, 0.5, 0.5, 0.5, 0.5, 0.5, 0.5, 0.5, 0.5, 0.5, 0.5, 0.5, 0.5, 0.5, 0.5, 0.5, 0.5, 0.5, 0.5, 0.5, 0.5, 0.5, 0.5, 0.5, 0.5, 0.5, 0.5, 0.5, 0.5, 0.5, 0.5, 0.5, 0.5, 0.5, 0.5, 0.5, 0.5, 0.5, 0.5, 0.5, 0.5, 0.5, 0.5, 0.5, 0.5, 0.5, 0.5, 0.5, 0.5, 0.5, 0.5, 0.5, 0.5, 0.5, 0.5, 0.5, 0.5, 0.5, 0.5, 0.5, 0.5, 0.5, 0.5, 0.5, 0.5, 0.5, 0.5, 0.5, 0.5, 0.5, 0.5, 0.5, 0.5, 0.5, 0.5, 0.5, 0.5, 0.5, 0.5, 0.5, 0.5, 0.5, 0.5, 0.5, 0.5, 0.5, 0.5, 0.5, 0.5, 0.5, 0.5, 0.5, 0.5, 0.5, 0.5, 0.5, 0.5, 0.5, 0.5, 0.5, 0.5, 0.5, 0.5, 0.5, 0.5, 0.5, 0.5, 0.5, 0.5, 0.5, 0.5, 0.5, 0.5, 0.5, 0.5, 0.5, 0.5, 0.5, 0.5, 0.5, 0.5, 0.5, 0.5, 0.5, 0.5, 0.5, 0.5, 0.5, 0.5, 0.5, 0.5, 0.5, 0.5, 0.5, 0.5, 0.5, 0.5, 0.5, 0.5, 0.5, 0.5, 0.5, 0.5, 0.5, 0.5, 0.5, 0.5, 0.5, 0.5, 0.5, 0.5, 0.5, 0.5, 0.5, 0.5, 0.5, 0.5, 0.5, 0.5, 0.5, 0.5, 0.5, 0.5, 0.5, 0.5, 0.5, 0.5, 0.5, 0.5, 0.5, 0.5, 0.5, 0.5, 0.5, 0.5, 0.5, 0.5, 0.5, 0.5, 0.5, 0.5, 0.5, 0.5, 0.5, 0.5, 0.5, 0.5, 0.5, 0.5, 0.5, 0.5, 0.5, 0.5, 0.5, 0.5, 0.5, 0.5, 0.5, 0.5, 0.5, 0.5, 0.5, 0.5, 0.5, 0.5, 0.5, 0.5, 0.5, 0.5, 0.5, 0.5, 0.5, 0.5, 0.5, 0.5, 0.5, 0.5, 0.5, 0.5, 0.5, 0.5, 0.5, 0.5, 0.5, 0.5, 0.5, 0.5, 0.5, 0.5, 0.5, 0.5, 0.5, 0.5, 0.5, 0.5, 0.5, 0.5, 0.5, 0.5, 0.5, 0.5, 0.5, 0.5, 0.5, 0.5, 0.5, 0.5, 0.5, 0.5, 0.5, 0.5, 0.5, 0.5, 0.5, 0.5, 0.5, 0.5, 0.5, 0.5, 0.5, 0.5, 0.5, 0.5, 0.5, 0.5, 0.5, 0.5, 0.5, 0.5, 0.5, 0.5, 0.5, 0.5, 0.5, 0.5, 0.5, 0.5, 0.5, 0.5, 0.5, 0.5, 0.5, 0.5, 0.5, 0.5, 0.5, 0.5, 0.5, 0.5, 0.5, 0.5, 0.5, 0.5, 0.5, 0.5, 0.5, 0.5, 0.5, 0.5, 0.5, 0.5, 0.5, 0.5, 0.5, 0.5, 0.5, 0.5, 0.5, 0.5, 0.5, 0.5, 0.5, 0.5, 0.5, 0.5, 0.5, 0.5, 0.5, 0.5, 0.5, 0.5, 0.5, 0.5, 0.5, 0.5, 0.5, 0.5, 0.5, 0.5, 0.5, 0.5, 0.5, 0.5, 0.5, 0.5, 0.5, 0.5, 0.5, 0.5, 0.5, 0.5, 0.5, 0.5, 0.5, 0.5, 0.5, 0.5, 0.5, 0.5, 0.5, 0.5, 0.5, 0.5, 0.5, 0.5, 0.5, 0.5, 0.5, 0.5, 0.5, 0.5, 0.5, 0.5, 0.5, 0.5, 0.5, 0.5, 0.5, 0.5, 0.5, 0.5, 0.5, 0.5, 0.5, 0.5, 0.5, 0.5, 0.5, 0.5, 0.5, 0.5, 0.5, 0.5, 0.5, 0.5, 0.5, 0.5, 0.5, 0.5, 0.5, 0.5, 0.5, 0.5, 0.5, 0.5, 0.5, 0.5, 0.5, 0.5, 0.5, 0.5, 0.5, 0.5, 0.5, 0.5, 0.5, 0.5, 0.5, 0.5, 0.5, 0.5, 0.5, 0.5, 0.5, 0.5, 0.5, 0.5, 0.5, 0.5, 0.5, 0.5, 0.5, 0.5, 0.5, 0.5, 0.5, 0.5, 0.5, 0.5, 0.5, 0.5, 0.5, 0.5, 0.5, 0.5, 0.5, 0.5]",2
2026_11_KICE_4-9_1,['4(2)'],"1번: 적절한 내용 + ""그러나 문리 해석으로 그 내용을 제대로 파악하기 어려우면, 그것이 사용된 맥락을 ⓑ[고려하여](ⓑ의 밑줄) 그 의미를 파악하는 ‘체계적 해석’, 입법 과정에서 논의된 내용을 바탕으로 그 의미를 파악하는 ‘역사적 해석’ 등의 해석 방법을 사용할 수 있다.""
2번: 적절한 내용 + ""한편, 담보는 채권과 관련된 맥락에서는 채권의 실현 가능성을 보장하기 위한 조치라는 의미로 해석된다.""
3번: 적절한 내용 + ""그러나 그 채권자 중 담보 물권을 가진 자는 경매 대금에서 자신의 채권액부터 먼저 배당받는다.""
4번: 부적절한 내용 + ""담보는 유상 계약의 맥락에서 거래 대상의 값어치를 보장한다는 의미로 해석된다. 유상 계약이란 그 당사자가 서로 대가를 주고받을 것을 약속하는 계약을 뜻한다.""
5번: 적절한 내용 + ""그러나 문리 해석으로 그 내용을 제대로 파악하기 어려우면, 그것이 사용된 맥락을 ⓑ[고려하여](ⓑ의 밑줄) 그 의미를 파악하는 ‘체계적 해석’, 입법 과정에서 논의된 내용을 바탕으로 그 의미를 파악하는 ‘역사적 해석’ 등의 해석 방법을 사용할 수 있다.""

최종 정답: 4번","[16, 167, 110, 230, 25, 23821, 254, 223, 168, 254, 230, 47991, 250, 31619, 224, 112, 168, 248, 102, 1343, 366, 166, 115, 116, 167, 253, 105, 167, 224, 246, 31619, 105, 116, 167, 99, 105, 220, 47991, 112, 168, 226, 251, 168, 250, 120, 167, 94, 250, 220, 166, 115, 116, 31619, 224, 112, 168, 248, 102, 35975, 226, 23821, 254, 250, 167, 234, 222, 167, 94, 250, 220, 169, 234, 234, 168, 243, 227, 47991, 246, 166, 116, 108, 23821, 244, 112, 167, 254, 97, 168, 248, 108, 167, 102, 112, 11, 220, 166, 115, 116, 166, 110, 225, 35975, 112, 23821, 8955, 168, 248, 102, 167, 238, 250, 31619, 100, 98, 167, 251, 121, 35975, 226, 2343, 241, 239, 58, 166, 111, 254, 167, 254, 97, 47991, 246, 168, 245, 105, 16151, 158, 241, 239, 35975, 246, 31619, 108, 239, 168, 97, 226, 8, 220, 166, 115, 116, 23821, 251, 246, 167, 107, 116, 167, 98, 120, 220, 169, 234, 234, 168, 243, 227, 47991, 246, 167, 232, 242, 564, 246, 168, 110, 112, 166, 111, 226, 168, 254, 223, 220, 47991, 112, 168, 226, 251, 447, 247, 11, 23821, 252, 227, 167, 110, 243, 220, 166, 111, 120, 168, 254, 243, 168, 245, 238, 168, 226, 250, 31619, 227, 120, 35975, 246, 167, 238, 250, 31619, 224, 112, 168, 248, 102, 35975, 226, 31619, 108, 242, 169, 225, 243, 168, 250, 120, 167, 94, 250, 220, 166, 115, 116, 23821, 251, 246, 167, 107, 116, 167, 98, 120, 220, 169, 234, 234, 168, 243, 227, 47991, 246, 167, 232, 242, 564, 246, 168, 245, 255, 168, 8955, 168, 254, 223, 220, 47991, 112, 168, 226, 251, 447, 247, 31619, 241, 109, 35975, 246, 220, 47991, 112, 168, 226, 251, 31619, 108, 102, 167, 110, 243, 35975, 226, 23821, 8955, 168, 248, 102, 47991, 254, 23821, 230, 246, 23821, 252, 230, 46695, 97, 526, 198, 17, 167, 110, 230, 25, 23821, 254, 223, 168, 254, 230, 47991, 250, 31619, 224, 112, 168, 248, 102, 1343, 366, 47991, 250, 169, 236, 116, 11, 31619, 233, 112, 167, 111, 112, 167, 232, 242, 23821, 109, 226, 166, 114, 234, 166, 111, 120, 220, 166, 112, 222, 167, 254, 101, 167, 238, 250, 31619, 100, 98, 167, 251, 121, 168, 245, 238, 168, 226, 250, 167, 232, 242, 23821, 109, 226, 166, 114, 234, 35975, 246, 23821, 233, 97, 169, 246, 226, 220, 166, 108, 222, 167, 232, 98, 168, 226, 109, 35975, 226, 31619, 111, 112, 168, 252, 98, 47991, 246, 166, 116, 108, 23821, 250, 226, 47991, 250, 23821, 94, 108, 168, 117, 246, 167, 251, 120, 167, 232, 242, 23821, 251, 246, 167, 107, 116, 167, 94, 250, 220, 47991, 112, 168, 226, 251, 167, 238, 250, 46695, 97, 526, 198, 18, 167, 110, 230, 25, 23821, 254, 223, 168, 254, 230, 47991, 250, 31619, 224, 112, 168, 248, 102, 1343, 366, 166, 115, 116, 167, 253, 105, 167, 224, 246, 220, 166, 115, 116, 23821, 109, 226, 166, 114, 234, 168, 252, 238, 23821, 97, 239, 31619, 233, 112, 167, 111, 112, 31619, 45539, 166, 114, 234, 35975, 226, 220, 166, 108, 222, 168, 100, 226, 23821, 252, 238, 167, 232, 242, 220, 166, 110, 121, 167, 100, 97, 31619, 234, 222, 166, 116, 230, 168, 245, 238, 168, 226, 250, 23821, 252, 238, 168, 233, 254, 35975, 246, 23821, 109, 226, 166, 114, 234, 168, 243, 94, 167, 114, 222, 169, 226, 108, 31619, 101, 120, 168, 254, 222, 31619, 108, 108, 46695, 117, 167, 108, 249, 167, 232, 242, 46695, 97, 526, 198, 19, 167, 110, 230, 25, 31619, 114, 222, 168, 254, 223, 168, 254, 230, 47991, 250, 31619, 224, 112, 168, 248, 102, 1343, 366, 46695, 112, 167, 111, 112, 167, 232, 242, 23821, 250, 254, 168, 225, 223, 220, 166, 111, 226, 168, 243, 121, 35975, 246, 31619, 100, 98, 167, 251, 121, 168, 245, 238, 168, 226, 250, 220, 166, 109, 108, 167, 252, 246, 31619, 234, 222, 168, 225, 223, 35975, 246, 220, 166, 108, 240, 168, 244, 112, 168, 117, 246, 167, 98, 120, 31619, 111, 112, 168, 252, 98, 47991, 250, 46695, 97, 167, 232, 242, 23821, 251, 246, 167, 107, 116, 167, 94, 250, 220, 47991, 112, 168, 226, 251, 167, 238, 250, 46695, 97, 13, 23821, 250, 254, 168, 225, 223, 220, 166, 111, 226, 168, 243, 121, 35975, 112, 167, 252, 222, 220, 166, 115, 116, 31619, 233, 117, 168, 8955, 168, 252, 238, 166, 108, 222, 23821, 226, 250, 167, 94, 250, 31619, 234, 222, 166, 108, 222, 167, 98, 120, 23821, 96, 120, 166, 111, 254, 167, 108, 249, 35975, 226, 220, 166, 110, 225, 35975, 226, 23821, 243, 121, 168, 228, 235, 47991, 246, 167, 232, 242, 220, 166, 111, 226, 168, 243, 121, 35975, 226, 31619, 250, 119, 47991, 250, 46695, 97, 526, 198, 20, 167, 110, 230, 25, 23821, 254, 223, 168, 254, 230, 47991, 250, 31619, 224, 112, 168, 248, 102, 1343, 366, 166, 115, 116, 167, 253, 105, 167, 224, 246, 31619, 105, 116, 167, 99, 105, 220, 47991, 112, 168, 226, 251, 168, 250, 120, 167, 94, 250, 220, 166, 115, 116, 31619, 224, 112, 168, 248, 102, 35975, 226, 23821, 254, 250, 167, 234, 222, 167, 94, 250, 220, 169, 234, 234, 168, 243, 227, 47991, 246, 166, 116, 108, 23821, 244, 112, 167, 254, 97, 168, 248, 108, 167, 102, 112, 11, 220, 166, 115, 116, 166, 110, 225, 35975, 112, 23821, 8955, 168, 248, 102, 167, 238, 250, 31619, 100, 98, 167, 251, 121, 35975, 226, 2343, 241, 239, 58, 166, 111, 254, 167, 254, 97, 47991, 246, 168, 245, 105, 16151, 158, 241, 239, 35975, 246, 31619, 108, 239, 168, 97, 226, 8, 220, 166, 115, 116, 23821, 251, 246, 167, 107, 116, 167, 98, 120, 220, 169, 234, 234, 168, 243, 227, 47991, 246, 167, 232, 242, 564, 246, 168, 110, 112, 166, 111, 226, 168, 254, 223, 220, 47991, 112, 168, 226, 251, 447, 247, 11, 23821, 252, 227, 167, 110, 243, 220, 166, 111, 120, 168, 254, 243, 168, 245, 238, 168, 226, 250, 31619, 227, 120, 35975, 246, 167, 238, 250, 31619, 224, 112, 168, 248, 102, 35975, 226, 31619, 108, 242, 169, 225, 243, 168, 250, 120, 167, 94, 250, 220, 166, 115, 116, 23821, 251, 246, 167, 107, 116, 167, 98, 120, 220, 169, 234, 234, 168, 243, 227, 47991, 246, 167, 232, 242, 564, 246, 168, 245, 255, 168, 8955, 168, 254, 223, 220, 47991, 112, 168, 226, 251, 447, 247, 31619, 241, 109, 35975, 246, 220, 47991, 112, 168, 226, 251, 31619, 108, 102, 167, 110, 243, 35975, 226, 23821, 8955, 168, 248, 102, 47991, 254, 23821, 230, 246, 23821, 252, 230, 46695, 97, 526, 198, 198, 168, 113, 250, 168, 95, 227, 23821, 254, 243, 46695, 113, 25, 604, 167, 110, 230]","[0.5, 0.5, 0.5, 0.5, 0.5, 0.5, 0.5, 0.5, 0.5, 0.5, 0.5, 0.5, 0.5, 0.5, 0.5, 0.5, 0.5, 0.5, 0.5, 0.5, 0.5, 0.5, 0.5, 0.5, 0.5, 0.5, 0.5, 0.5, 0.5, 0.5, 0.5, 0.5, 0.5, 0.5, 0.5, 0.5, 0.5, 0.5, 0.5, 0.5, 0.5, 0.5, 0.5, 0.5, 0.5, 0.5, 0.5, 0.5, 0.5, 0.5, 0.5, 0.5, 0.5, 0.5, 0.5, 0.5, 0.5, 0.5, 0.5, 0.5, 0.5, 0.5, 0.5, 0.5, 0.5, 0.5, 0.5, 0.5, 0.5, 0.5, 0.5, 0.5, 0.5, 0.5, 0.5, 0.5, 0.5, 0.5, 0.5, 0.5, 0.5, 0.5, 0.5, 0.5, 0.5, 0.5, 0.5, 0.5, 0.5, 0.5, 0.5, 0.5, 0.5, 0.5, 0.5, 0.5, 0.5, 0.5, 0.5, 0.5, 0.5, 0.5, 0.5, 0.5, 0.5, 0.5, 0.5, 0.5, 0.5, 0.5, 0.5, 0.5, 0.5, 0.5, 0.5, 0.5, 0.5, 0.5, 0.5, 0.5, 0.5, 0.5, 0.5, 0.5, 0.5, 0.5, 0.5, 0.5, 0.5, 0.5, 0.5, 0.5, 0.5, 0.5, 0.5, 0.5, 0.5, 0.5, 0.5, 0.5, 0.5, 0.5, 0.5, 0.5, 0.5, 0.5, 0.5, 0.5, 0.5, 0.5, 0.5, 0.5, 0.5, 0.5, 0.5, 0.5, 0.5, 0.5, 0.5, 0.5, 0.5, 0.5, 0.5, 0.5, 0.5, 0.5, 0.5, 0.5, 0.5, 0.5, 0.5, 0.5, 0.5, 0.5, 0.5, 0.5, 0.5, 0.5, 0.5, 0.5, 0.5, 0.5, 0.5, 0.5, 0.5, 0.5, 0.5, 0.5, 0.5, 0.5, 0.5, 0.5, 0.5, 0.5, 0.5, 0.5, 0.5, 0.5, 0.5, 0.5, 0.5, 0.5, 0.5, 0.5, 0.5, 0.5, 0.5, 0.5, 0.5, 0.5, 0.5, 0.5, 0.5, 0.5, 0.5, 0.5, 0.5, 0.5, 0.5, 0.5, 0.5, 0.5, 0.5, 0.5, 0.5, 0.5, 0.5, 0.5, 0.5, 0.5, 0.5, 0.5, 0.5, 0.5, 0.5, 0.5, 0.5, 0.5, 0.5, 0.5, 0.5, 0.5, 0.5, 0.5, 0.5, 0.5, 0.5, 0.5, 0.5, 0.5, 0.5, 0.5, 0.5, 0.5, 0.5, 0.5, 0.5, 0.5, 0.5, 0.5, 0.5, 0.5, 0.5, 0.5, 0.5, 0.5, 0.5, 0.5, 0.5, 0.5, 0.5, 0.5, 0.5, 0.5, 0.5, 0.5, 0.5, 0.5, 0.5, 0.5, 0.5, 0.5, 0.5, 0.5, 0.5, 0.5, 0.5, 0.5, 0.5, 0.5, 0.5, 0.5, 0.5, 0.5, 0.5, 0.5, 0.5, 0.5, 0.5, 0.5, 0.5, 0.5, 0.5, 0.5, 0.5, 0.5, 0.5, 0.5, 0.5, 0.5, 0.5, 0.5, 0.5, 0.5, 0.5, 0.5, 0.5, 0.5, 0.5, 0.5, 0.5, 0.5, 0.5, 0.5, 0.5, 0.5, 0.5, 0.5, 0.5, 0.5, 0.5, 0.5, 0.5, 0.5, 0.5, 0.5, 0.5, 0.5, 0.5, 0.5, 0.5, 0.5, 0.5, 0.5, 0.5, 0.5, 0.5, 0.5, 0.5, 0.5, 0.5, 0.5, 0.5, 0.5, 0.5, 0.5, 0.5, 0.5, 0.5, 0.5, 0.5, 0.5, 0.5, 0.5, 0.5, 0.5, 0.5, 0.5, 0.5, 0.5, 0.5, 0.5, 0.5, 0.5, 0.5, 0.5, 0.5, 0.5, 0.5, 0.5, 0.5, 0.5, 0.5, 0.5, 0.5, 0.5, 0.5, 0.5, 0.5, 0.5, 0.5, 0.5, 0.5, 0.5, 0.5, 0.5, 0.5, 0.5, 0.5, 0.5, 0.5, 0.5, 0.5, 0.5, 0.5, 0.5, 0.5, 0.5, 0.5, 0.5, 0.5, 0.5, 0.5, 0.5, 0.5, 0.5, 0.5, 0.5, 0.5, 0.5, 0.5, 0.5, 0.5, 0.5, 0.5, 0.5, 0.5, 0.5, 0.5, 0.5, 0.5, 0.5, 0.5, 0.5, 0.5, 0.5, 0.5, 0.5, 0.5, 0.5, 0.5, 0.5, 0.5, 0.5, 0.5, 0.5, 0.5, 0.5, 0.5, 0.5, 0.5, 0.5, 0.5, 0.5, 0.5, 0.5, 0.5, 0.5, 0.5, 0.5, 0.5, 0.5, 0.5, 0.5, 0.5, 0.5, 0.5, 0.5, 0.5, 0.5, 0.5, 0.5, 0.5, 0.5, 0.5, 0.5, 0.5, 0.5, 0.5, 0.5, 0.5, 0.5, 0.5, 0.5, 0.5, 0.5, 0.5, 0.5, 0.5, 0.5, 0.5, 0.5, 0.5, 0.5, 0.5, 0.5, 0.5, 0.5, 0.5, 0.5, 0.5, 0.5, 0.5, 0.5, 0.5, 0.5, 0.5, 0.5, 0.5, 0.5, 0.5, 0.5, 0.5, 0.5, 0.5, 0.5, 0.5, 0.5, 0.5, 0.5, 0.5, 0.5, 0.5, 0.5, 0.5, 0.5, 0.5, 0.5, 0.5, 0.5, 0.5, 0.5, 0.5, 0.5, 0.5, 0.5, 0.5, 0.5, 0.5, 0.5, 0.5, 0.5, 0.5, 0.5, 0.5, 0.5, 0.5, 0.5, 0.5, 0.5, 0.5, 0.5, 0.5, 0.5, 0.5, 0.5, 0.5, 0.5, 0.5, 0.5, 0.5, 0.5, 0.5, 0.5, 0.5, 0.5, 0.5, 0.5, 0.5, 0.5, 0.5, 0.5, 0.5, 0.5, 0.5, 0.5, 0.5, 0.5, 0.5, 0.5, 0.5, 0.5, 0.5, 0.5, 0.5, 0.5, 0.5, 0.5, 0.5, 0.5, 0.5, 0.5, 0.5, 0.5, 0.5, 0.5, 0.5, 0.5, 0.5, 0.5, 0.5, 0.5, 0.5, 0.5, 0.5, 0.5, 0.5, 0.5, 0.5, 0.5, 0.5, 0.5, 0.5, 0.5, 0.5, 0.5, 0.5, 0.5, 0.5, 0.5, 0.5, 0.5, 0.5, 0.5, 0.5, 0.5, 0.5, 0.5, 0.5, 0.5, 0.5, 0.5, 0.5, 0.5, 0.5, 0.5, 0.5, 0.5, 0.5, 0.5, 0.5, 0.5, 0.5, 0.5, 0.5, 0.5, 0.5, 0.5, 0.5, 0.5, 0.5, 0.5, 0.5, 0.5, 0.5, 0.5, 0.5, 0.5, 0.5, 0.5, 0.5, 0.5, 0.5, 0.5, 0.5, 0.5, 0.5, 0.5, 0.5, 0.5, 0.5, 0.5, 0.5, 0.5, 0.5, 0.5, 0.5, 0.5, 0.5, 0.5, 0.5, 0.5, 0.5, 0.5, 0.5, 0.5, 0.5, 0.5, 0.5, 0.5, 0.5, 0.5, 0.5, 0.5, 0.5, 0.5, 0.5, 0.5, 0.5, 0.5, 0.5, 0.5, 0.5, 0.5, 0.5, 0.5, 0.5, 0.5, 0.5, 0.5, 0.5, 0.5, 0.5, 0.5, 0.5, 0.5, 0.5, 0.5, 0.5, 0.5, 0.5, 0.5, 0.5, 0.5, 0.5, 0.5, 0.5, 0.5, 0.5, 0.5, 0.5, 0.5, 0.5, 0.5, 0.5, 0.5, 0.5, 0.5, 0.5, 0.5, 0.5, 0.5, 0.5, 0.5, 0.5, 0.5, 0.5, 0.5, 0.5, 0.5, 0.5, 0.5, 0.5, 0.5, 0.5, 0.5, 0.5, 0.5, 0.5, 0.5, 0.5, 0.5, 0.5, 0.5, 0.5, 0.5, 0.5, 0.5, 0.5, 0.5, 0.5, 0.5, 0.5, 0.5, 0.5, 0.5, 0.5, 0.5, 0.5, 0.5, 0.5, 0.5, 0.5, 0.5, 0.5, 0.5, 0.5, 0.5, 0.5, 0.5, 0.5, 0.5, 0.5, 0.5, 0.5, 0.5, 0.5, 0.5, 0.5, 0.5, 0.5, 0.5, 0.5, 0.5, 0.5, 0.5, 0.5, 0.5, 0.5, 0.5, 0.5, 0.5, 0.5, 0.5, 0.5, 0.5, 0.5, 0.5, 0.5, 0.5, 0.5, 0.5, 0.5, 0.5, 0.5, 0.5, 0.5, 0.5, 0.5, 0.5, 0.5, 0.5, 0.5, 0.5, 0.5, 0.5, 0.5, 0.5, 0.5, 0.5, 0.5, 0.5, 0.5, 0.5, 0.5, 0.5, 0.5, 0.5, 0.5, 0.5, 0.5, 0.5, 0.5, 0.5, 0.5, 0.5, 0.5, 0.5, 0.5, 0.5, 0.5, 0.5, 0.5, 0.5, 0.5, 0.5, 0.5, 0.5, 0.5, 0.5, 0.5, 0.5, 0.5, 0.5, 0.5, 0.5, 0.5, 0.5, 0.5, 0.5, 0.5, 0.5, 0.5, 0.5, 0.5, 0.5, 0.5, 0.5, 0.5, 0.5, 0.5, 0.5, 0.5, 0.5, 0.5, 0.5, 0.5, 0.5, 0.5, 0.5, 0.5, 0.5, 0.5, 0.5, 0.5, 0.5, 0.5, 0.5, 0.5, 0.5, 0.5, 0.5, 0.5, 0.5, 0.5, 0.5, 0.5, 0.5, 0.5, 0.5, 0.5, 0.5, 0.5, 0.5, 0.5, 0.5, 0.5, 0.5, 0.5, 0.5, 0.5, 0.5, 0.5, 0.5, 0.5, 0.5, 0.5, 0.5, 0.5, 0.5, 0.5, 0.5, 0.5, 0.5, 0.5, 0.5, 0.5, 0.5, 0.5, 0.5, 0.5, 0.5, 0.5, 0.5, 0.5, 0.5, 0.5, 0.5, 0.5, 0.5, 0.5, 0.5, 0.5, 0.5, 0.5, 0.5, 0.5, 0.5, 0.5, 0.5, 0.5, 0.5, 0.5, 0.5, 0.5, 0.5, 0.5, 0.5, 0.5, 0.5, 0.5, 0.5, 0.5, 0.5, 0.5, 0.5, 0.5, 0.5, 0.5, 0.5, 0.5, 0.5, 0.5, 0.5, 0.5, 0.5, 0.5, 0.5, 0.5, 0.5, 0.5, 0.5, 0.5, 0.5, 0.5, 0.5, 0.5, 0.5, 0.5, 0.5, 0.5, 0.5, 0.5, 0.5, 0.5, 0.5, 0.5, 0.5, 0.5, 0.5, 0.5, 0.5, 0.5, 0.5, 0.5, 0.5, 0.5, 0.5, 0.5, 0.5, 0.5, 0.5, 0.5, 0.5, 0.5, 0.5, 0.5, 0.5, 0.5, 0.5, 0.5, 0.5, 0.5, 0.5, 0.5, 0.5, 0.5, 0.5, 0.5, 0.5, 0.5, 0.5, 0.5, 0.5, 0.5, 0.5, 0.5, 0.5, 0.5, 0.5, 0.5, 0.5, 0.5, 0.5, 0.5, 0.5, 0.5, 0.5, 0.5, 0.5, 0.5, 0.5, 0.5, 0.5, 0.5, 0.5, 0.5, 0.5, 0.5, 0.5, 0.5, 0.5, 0.5, 0.5, 0.5, 0.5, 0.5, 0.5, 0.5, 0.5, 0.5, 0.5, 0.5, 0.5, 0.5, 0.5, 0.5, 0.5, 0.5, 0.5, 0.5, 0.5, 0.5, 0.5, 0.5, 0.5, 0.5, 0.5, 0.5, 0.5, 0.5, 0.5, 0.5, 0.5, 0.5, 0.5, 0.5, 0.5, 0.5, 0.5, 0.5, 0.5, 0.5, 0.5, 0.5, 0.5, 0.5, 0.5, 0.5, 0.5, 0.5, 0.5, 0.5, 0.5, 0.5, 0.5, 0.5, 0.5, 0.5, 0.5, 0.5, 0.5, 0.5, 0.5, 0.5, 0.5, 0.5, 0.5, 0.5]",2
2026_11_KICE_4-9_2,['2(2)'],"1번: 주채무자가 보증인에게 지급하기로 한 대가를 채권자가 대신 받을 수 있기 때문이다. + ""(지문에 해당하는 내용이 없음)""
2번: 보증인에게 대가를 지급할 의무를 지는 사람이 보증 계약의 당사자가 아니기 때문이다. + ""보증 계약은 보증인에게만 채무를 발생시키므로 유상 계약이 아니다.""
3번: 보증 채무를 이행하기 전까지는 보증인이 주채무자로부터 손해 배상을 받을 수 없기 때문이다. + ""(지문에 해당하는 내용이 없음)""
4번: 채권자에게 주채무자 대신 채무를 이행하는 것은 보증인 자신의 채무를 이행하는 것에 해당하기 때문이다. + ""(지문에 해당하는 내용이 없음)""
5번: 보증은 주채무자에 대한 채권의 실현을 담보하는 기능을 수행한다는 점에서 담보 물권과 다름없기 때문이다. + ""(지문에 해당하는 내용이 없음)""

최종 정답: 2번","[16, 167, 110, 230, 25, 23821, 96, 120, 168, 109, 226, 167, 105, 112, 168, 252, 238, 166, 108, 222, 31619, 111, 112, 168, 99, 251, 35975, 116, 168, 245, 238, 166, 110, 234, 23821, 100, 222, 166, 116, 231, 47991, 246, 166, 116, 108, 167, 94, 250, 220, 47991, 250, 31619, 234, 222, 166, 108, 222, 167, 98, 120, 23821, 109, 226, 166, 114, 234, 168, 252, 238, 166, 108, 222, 31619, 234, 222, 168, 233, 254, 31619, 108, 249, 35975, 226, 23821, 230, 246, 23821, 252, 230, 166, 116, 108, 31619, 243, 234, 167, 105, 116, 35975, 112, 46695, 97, 13, 1343, 30629, 168, 100, 222, 167, 105, 116, 168, 245, 238, 220, 47991, 112, 46695, 117, 47991, 246, 167, 232, 242, 31619, 224, 112, 168, 248, 102, 35975, 112, 23821, 245, 228, 35975, 234, 16725, 198, 17, 167, 110, 230, 25, 31619, 111, 112, 168, 99, 251, 35975, 116, 168, 245, 238, 166, 110, 234, 31619, 234, 222, 166, 108, 222, 167, 98, 120, 23821, 100, 222, 166, 116, 231, 47991, 254, 23821, 251, 246, 167, 105, 112, 167, 98, 120, 23821, 100, 222, 167, 232, 242, 23821, 8955, 167, 252, 234, 35975, 112, 31619, 111, 112, 168, 99, 251, 220, 166, 111, 226, 168, 243, 121, 35975, 246, 31619, 233, 117, 168, 8955, 168, 252, 238, 166, 108, 222, 23821, 243, 226, 46695, 230, 166, 116, 108, 31619, 243, 234, 167, 105, 116, 35975, 112, 46695, 97, 13, 1343, 366, 167, 111, 112, 168, 99, 251, 220, 166, 111, 226, 168, 243, 121, 35975, 222, 31619, 111, 112, 168, 99, 251, 35975, 116, 168, 245, 238, 166, 110, 234, 167, 100, 234, 23821, 109, 226, 167, 105, 112, 167, 98, 120, 31619, 108, 250, 168, 225, 251, 168, 233, 250, 169, 224, 97, 167, 107, 222, 167, 94, 250, 23821, 250, 254, 168, 225, 223, 220, 166, 111, 226, 168, 243, 121, 35975, 112, 23821, 243, 226, 46695, 230, 46695, 97, 526, 198, 18, 167, 110, 230, 25, 31619, 111, 112, 168, 99, 251, 23821, 109, 226, 167, 105, 112, 167, 98, 120, 23821, 251, 112, 169, 244, 231, 47991, 246, 166, 116, 108, 23821, 254, 226, 166, 117, 234, 168, 100, 222, 167, 232, 242, 31619, 111, 112, 168, 99, 251, 35975, 116, 35975, 112, 23821, 96, 120, 168, 109, 226, 167, 105, 112, 168, 252, 238, 167, 94, 250, 167, 114, 222, 169, 226, 108, 23821, 228, 238, 47991, 112, 31619, 108, 108, 168, 225, 223, 35975, 226, 31619, 108, 249, 35975, 226, 23821, 230, 246, 23821, 245, 228, 166, 116, 108, 31619, 243, 234, 167, 105, 116, 35975, 112, 46695, 97, 13, 1343, 30629, 168, 100, 222, 167, 105, 116, 168, 245, 238, 220, 47991, 112, 46695, 117, 47991, 246, 167, 232, 242, 31619, 224, 112, 168, 248, 102, 35975, 112, 23821, 245, 228, 35975, 234, 16725, 198, 19, 167, 110, 230, 25, 23821, 109, 226, 166, 114, 234, 168, 252, 238, 168, 245, 238, 166, 110, 234, 23821, 96, 120, 168, 109, 226, 167, 105, 112, 168, 252, 238, 31619, 234, 222, 168, 233, 254, 23821, 109, 226, 167, 105, 112, 167, 98, 120, 23821, 251, 112, 169, 244, 231, 47991, 246, 167, 232, 242, 220, 166, 110, 225, 35975, 222, 31619, 111, 112, 168, 99, 251, 35975, 116, 23821, 252, 238, 168, 233, 254, 35975, 246, 23821, 109, 226, 167, 105, 112, 167, 98, 120, 23821, 251, 112, 169, 244, 231, 47991, 246, 167, 232, 242, 220, 166, 110, 225, 168, 245, 238, 220, 47991, 112, 46695, 117, 47991, 246, 166, 116, 108, 31619, 243, 234, 167, 105, 116, 35975, 112, 46695, 97, 13, 1343, 30629, 168, 100, 222, 167, 105, 116, 168, 245, 238, 220, 47991, 112, 46695, 117, 47991, 246, 167, 232, 242, 31619, 224, 112, 168, 248, 102, 35975, 112, 23821, 245, 228, 35975, 234, 16725, 198, 20, 167, 110, 230, 25, 31619, 111, 112, 168, 99, 251, 35975, 222, 23821, 96, 120, 168, 109, 226, 167, 105, 112, 168, 252, 238, 168, 245, 238, 31619, 234, 222, 47991, 250, 23821, 109, 226, 166, 114, 234, 35975, 246, 23821, 233, 97, 169, 246, 226, 35975, 226, 31619, 233, 112, 167, 111, 112, 47991, 246, 167, 232, 242, 220, 166, 116, 108, 167, 232, 98, 35975, 226, 23821, 230, 246, 169, 244, 231, 47991, 250, 46695, 97, 167, 232, 242, 23821, 254, 238, 168, 245, 238, 168, 226, 250, 31619, 233, 112, 167, 111, 112, 31619, 45539, 166, 114, 234, 166, 111, 120, 31619, 233, 97, 167, 99, 226, 168, 245, 228, 166, 116, 108, 31619, 243, 234, 167, 105, 116, 35975, 112, 46695, 97, 13, 1343, 30629, 168, 100, 222, 167, 105, 116, 168, 245, 238, 220, 47991, 112, 46695, 117, 47991, 246, 167, 232, 242, 31619, 224, 112, 168, 248, 102, 35975, 112, 23821, 245, 228, 35975, 234, 16725, 198, 198, 168, 113, 250, 168, 95, 227, 23821, 254, 243, 46695, 113, 25, 362, 167, 110, 230]","[0.5, 0.5, 0.5, 0.5, 0.5, 0.5, 0.5, 0.5, 0.5, 0.5, 0.5, 0.5, 0.5, 0.5, 0.5, 0.5, 0.5, 0.5, 0.5, 0.5, 0.5, 0.5, 0.5, 0.5, 0.5, 0.5, 0.5, 0.5, 0.5, 0.5, 0.5, 0.5, 0.5, 0.5, 0.5, 0.5, 0.5, 0.5, 0.5, 0.5, 0.5, 0.5, 0.5, 0.5, 0.5, 0.5, 0.5, 0.5, 0.5, 0.5, 0.5, 0.5, 0.5, 0.5, 0.5, 0.5, 0.5, 0.5, 0.5, 0.5, 0.5, 0.5, 0.5, 0.5, 0.5, 0.5, 0.5, 0.5, 0.5, 0.5, 0.5, 0.5, 0.5, 0.5, 0.5, 0.5, 0.5, 0.5, 0.5, 0.5, 0.5, 0.5, 0.5, 0.5, 0.5, 0.5, 0.5, 0.5, 0.5, 0.5, 0.5, 0.5, 0.5, 0.5, 0.5, 0.5, 0.5, 0.5, 0.5, 0.5, 0.5, 0.5, 0.5, 0.5, 0.5, 0.5, 0.5, 0.5, 0.5, 0.5, 0.5, 0.5, 0.5, 0.5, 0.5, 0.5, 0.5, 0.5, 0.5, 0.5, 0.5, 0.5, 0.5, 0.5, 0.5, 0.5, 0.5, 0.5, 0.5, 0.5, 0.5, 0.5, 0.5, 0.5, 0.5, 0.5, 0.5, 0.5, 0.5, 0.5, 0.5, 0.5, 0.5, 0.5, 0.5, 0.5, 0.5, 0.5, 0.5, 0.5, 0.5, 0.5, 0.5, 0.5, 0.5, 0.5, 0.5, 0.5, 0.5, 0.5, 0.5, 0.5, 0.5, 0.5, 0.5, 0.5, 0.5, 0.5, 0.5, 0.5, 0.5, 0.5, 0.5, 0.5, 0.5, 0.5, 0.5, 0.5, 0.5, 0.5, 0.5, 0.5, 0.5, 0.5, 0.5, 0.5, 0.5, 0.5, 0.5, 0.5, 0.5, 0.5, 0.5, 0.5, 0.5, 0.5, 0.5, 0.5, 0.5, 0.5, 0.5, 0.5, 0.5, 0.5, 0.5, 0.5, 0.5, 0.5, 0.5, 0.5, 0.5, 0.5, 0.5, 0.5, 0.5, 0.5, 0.5, 0.5, 0.5, 0.5, 0.5, 0.5, 0.5, 0.5, 0.5, 0.5, 0.5, 0.5, 0.5, 0.5, 0.5, 0.5, 0.5, 0.5, 0.5, 0.5, 0.5, 0.5, 0.5, 0.5, 0.5, 0.5, 0.5, 0.5, 0.5, 0.5, 0.5, 0.5, 0.5, 0.5, 0.5, 0.5, 0.5, 0.5, 0.5, 0.5, 0.5, 0.5, 0.5, 0.5, 0.5, 0.5, 0.5, 0.5, 0.5, 0.5, 0.5, 0.5, 0.5, 0.5, 0.5, 0.5, 0.5, 0.5, 0.5, 0.5, 0.5, 0.5, 0.5, 0.5, 0.5, 0.5, 0.5, 0.5, 0.5, 0.5, 0.5, 0.5, 0.5, 0.5, 0.5, 0.5, 0.5, 0.5, 0.5, 0.5, 0.5, 0.5, 0.5, 0.5, 0.5, 0.5, 0.5, 0.5, 0.5, 0.5, 0.5, 0.5, 0.5, 0.5, 0.5, 0.5, 0.5, 0.5, 0.5, 0.5, 0.5, 0.5, 0.5, 0.5, 0.5, 0.5, 0.5, 0.5, 0.5, 0.5, 0.5, 0.5, 0.5, 0.5, 0.5, 0.5, 0.5, 0.5, 0.5, 0.5, 0.5, 0.5, 0.5, 0.5, 0.5, 0.5, 0.5, 0.5, 0.5, 0.5, 0.5, 0.5, 0.5, 0.5, 0.5, 0.5, 0.5, 0.5, 0.5, 0.5, 0.5, 0.5, 0.5, 0.5, 0.5, 0.5, 0.5, 0.5, 0.5, 0.5, 0.5, 0.5, 0.5, 0.5, 0.5, 0.5, 0.5, 0.5, 0.5, 0.5, 0.5, 0.5, 0.5, 0.5, 0.5, 0.5, 0.5, 0.5, 0.5, 0.5, 0.5, 0.5, 0.5, 0.5, 0.5, 0.5, 0.5, 0.5, 0.5, 0.5, 0.5, 0.5, 0.5, 0.5, 0.5, 0.5, 0.5, 0.5, 0.5, 0.5, 0.5, 0.5, 0.5, 0.5, 0.5, 0.5, 0.5, 0.5, 0.5, 0.5, 0.5, 0.5, 0.5, 0.5, 0.5, 0.5, 0.5, 0.5, 0.5, 0.5, 0.5, 0.5, 0.5, 0.5, 0.5, 0.5, 0.5, 0.5, 0.5, 0.5, 0.5, 0.5, 0.5, 0.5, 0.5, 0.5, 0.5, 0.5, 0.5, 0.5, 0.5, 0.5, 0.5, 0.5, 0.5, 0.5, 0.5, 0.5, 0.5, 0.5, 0.5, 0.5, 0.5, 0.5, 0.5, 0.5, 0.5, 0.5, 0.5, 0.5, 0.5, 0.5, 0.5, 0.5, 0.5, 0.5, 0.5, 0.5, 0.5, 0.5, 0.5, 0.5, 0.5, 0.5, 0.5, 0.5, 0.5, 0.5, 0.5, 0.5, 0.5, 0.5, 0.5, 0.5, 0.5, 0.5, 0.5, 0.5, 0.5, 0.5, 0.5, 0.5, 0.5, 0.5, 0.5, 0.5, 0.5, 0.5, 0.5, 0.5, 0.5, 0.5, 0.5, 0.5, 0.5, 0.5, 0.5, 0.5, 0.5, 0.5, 0.5, 0.5, 0.5, 0.5, 0.5, 0.5, 0.5, 0.5, 0.5, 0.5, 0.5, 0.5, 0.5, 0.5, 0.5, 0.5, 0.5, 0.5, 0.5, 0.5, 0.5, 0.5, 0.5, 0.5, 0.5, 0.5, 0.5, 0.5, 0.5, 0.5, 0.5, 0.5, 0.5, 0.5, 0.5, 0.5, 0.5, 0.5, 0.5, 0.5, 0.5, 0.5, 0.5, 0.5, 0.5, 0.5, 0.5, 0.5, 0.5, 0.5, 0.5, 0.5, 0.5, 0.5, 0.5, 0.5, 0.5, 0.5, 0.5, 0.5, 0.5, 0.5, 0.5, 0.5, 0.5, 0.5, 0.5, 0.5, 0.5, 0.5, 0.5, 0.5, 0.5, 0.5, 0.5, 0.5, 0.5, 0.5, 0.5, 0.5, 0.5, 0.5, 0.5, 0.5, 0.5, 0.5, 0.5, 0.5, 0.5, 0.5, 0.5, 0.5, 0.5, 0.5, 0.5, 0.5, 0.5, 0.5, 0.5, 0.5, 0.5, 0.5, 0.5, 0.5, 0.5, 0.5, 0.5, 0.5, 0.5, 0.5, 0.5, 0.5, 0.5, 0.5, 0.5, 0.5, 0.5, 0.5, 0.5, 0.5, 0.5, 0.5, 0.5, 0.5, 0.5, 0.5, 0.5, 0.5, 0.5, 0.5, 0.5, 0.5, 0.5, 0.5, 0.5, 0.5, 0.5, 0.5, 0.5, 0.5, 0.5, 0.5, 0.5, 0.5, 0.5, 0.5, 0.5, 0.5, 0.5, 0.5, 0.5, 0.5, 0.5, 0.5, 0.5, 0.5, 0.5, 0.5, 0.5, 0.5, 0.5, 0.5, 0.5, 0.5, 0.5, 0.5, 0.5, 0.5, 0.5, 0.5, 0.5, 0.5, 0.5, 0.5, 0.5, 0.5, 0.5, 0.5, 0.5, 0.5, 0.5, 0.5, 0.5, 0.5, 0.5, 0.5, 0.5, 0.5, 0.5, 0.5, 0.5, 0.5, 0.5, 0.5, 0.5, 0.5, 0.5, 0.5, 0.5, 0.5, 0.5, 0.5, 0.5, 0.5, 0.5, 0.5, 0.5, 0.5, 0.5, 0.5, 0.5, 0.5, 0.5, 0.5, 0.5, 0.5, 0.5, 0.5, 0.5, 0.5, 0.5, 0.5, 0.5, 0.5, 0.5, 0.5, 0.5, 0.5, 0.5, 0.5, 0.5, 0.5, 0.5, 0.5, 0.5, 0.5, 0.5, 0.5, 0.5, 0.5, 0.5, 0.5, 0.5, 0.5, 0.5, 0.5, 0.5, 0.5, 0.5, 0.5, 0.5, 0.5, 0.5, 0.5, 0.5, 0.5, 0.5, 0.5, 0.5, 0.5, 0.5, 0.5, 0.5, 0.5, 0.5, 0.5, 0.5, 0.5, 0.5, 0.5, 0.5, 0.5, 0.5, 0.5, 0.5, 0.5, 0.5, 0.5, 0.5, 0.5, 0.5, 0.5, 0.5, 0.5, 0.5, 0.5, 0.5, 0.5, 0.5, 0.5, 0.5, 0.5, 0.5, 0.5, 0.5, 0.5, 0.5, 0.5, 0.5, 0.5, 0.5, 0.5, 0.5, 0.5]",2
2026_11_KICE_4-9_3,['5(2)'],"1번: 연대 보증인에 대한 이해로 가장 적절하지 않은 선택지입니다. ""연대 보증인에게도 ｢보증인 보호를 위한 특별법｣이 적용되는지의 문제""에서 연대 보증인에 대한 보호의 필요성이 강조되었지만, 반드시 주채무자에 대한 호의로 대가 없이 보증 계약을 한 자이어야 하는 것은 아닙니다. + ""그러나 보증인이 이러한 권리를 포기하기로 하는 ‘연대 보증 특약’이 보증 계약에 포함될 수 있다.""
2번: 연대 보증인에 대한 이해로 가장 적절하지 않은 선택지입니다. ｢보증인 보호를 위한 특별법｣ 제2조의 문리 해석에 의하면 이 법의 적용 대상에 해당하는지에 대한 명확한 근거가 지문에 없습니다. + ""위 법률 제2조가 그 적용 대상인 보증 계약을 ‘주채무자가 금전 채무를 이행하지 않는 경우 그 채무를 보증인 이 이행하기로 하는 계약’이라고 규정하고 있으나""
3번: 연대 보증인에 대한 이해로 가장 적절하지 않은 선택지입니다. 연대 보증 특약을 한 경우, 채권자가 곧바로 주채무 전액에 해당하는 돈의 지급을 요구하더라도 그 이행을 거절할 수 없습니다. + ""그러나 보증인이 이러한 권리를 포기하기로 하는 ‘연대 보증 특약’이 보증 계약에 포함될 수 있다.""
4번: 연대 보증인에 대한 이해로 가장 적절한 선택지입니다. 연대 보증 특약을 함으로써, 보증 채무를 부담하게 됩니다. + ""그러나 보증인이 이러한 권리를 포기하기로 하는 ‘연대 보증 특약’이 보증 계약에 포함될 수 있다.""
5번: 연대 보증인에 대한 이해로 가장 적절하지 않은 선택지입니다. 연대 보증 특약을 한 경우, 채권자가 주채무자에게 채무의 이행을 청구하여 그 채권이 실현되더라도, 연대 보증인은 더 이상 보증 채무를 이행할 의무가 없다고 명확하게 말할 수 없습니다. + ""그러나 보증인이 이러한 권리를 포기하기로 하는 ‘연대 보증 특약’이 보증 계약에 포함될 수 있다.""

최종 정답: 4번","[16, 167, 110, 230, 25, 23821, 245, 108, 167, 234, 222, 31619, 111, 112, 168, 99, 251, 35975, 116, 168, 245, 238, 31619, 234, 222, 47991, 250, 23821, 251, 112, 47991, 112, 167, 94, 250, 220, 166, 108, 222, 168, 252, 98, 23821, 254, 223, 168, 254, 230, 47991, 246, 168, 100, 222, 23821, 243, 232, 35975, 222, 23821, 226, 254, 169, 225, 251, 168, 100, 222, 168, 252, 227, 46695, 230, 46695, 97, 13, 366, 168, 245, 108, 167, 234, 222, 31619, 111, 112, 168, 99, 251, 35975, 116, 168, 245, 238, 166, 110, 234, 167, 237, 226, 27332, 121, 95, 167, 111, 112, 168, 99, 251, 35975, 116, 31619, 111, 112, 169, 246, 116, 167, 98, 120, 23821, 250, 226, 47991, 250, 220, 169, 232, 117, 167, 111, 226, 167, 110, 243, 171, 121, 96, 35975, 112, 23821, 254, 223, 168, 248, 102, 167, 238, 246, 167, 232, 242, 168, 100, 222, 35975, 246, 31619, 105, 116, 168, 254, 250, 1, 168, 245, 238, 168, 226, 250, 23821, 245, 108, 167, 234, 222, 31619, 111, 112, 168, 99, 251, 35975, 116, 168, 245, 238, 31619, 234, 222, 47991, 250, 31619, 111, 112, 169, 246, 116, 35975, 246, 220, 47991, 226, 168, 248, 242, 168, 226, 109, 35975, 112, 220, 166, 108, 243, 168, 94, 108, 167, 238, 246, 168, 245, 230, 168, 100, 222, 167, 100, 234, 11, 31619, 108, 246, 167, 241, 250, 168, 233, 250, 23821, 96, 120, 168, 109, 226, 167, 105, 112, 168, 252, 238, 168, 245, 238, 31619, 234, 222, 47991, 250, 220, 169, 246, 116, 35975, 246, 167, 94, 250, 31619, 234, 222, 166, 108, 222, 23821, 245, 228, 35975, 112, 31619, 111, 112, 168, 99, 251, 220, 166, 111, 226, 168, 243, 121, 35975, 226, 220, 47991, 250, 23821, 252, 238, 35975, 112, 168, 244, 112, 168, 243, 120, 220, 47991, 246, 167, 232, 242, 220, 166, 110, 225, 35975, 222, 23821, 243, 226, 46695, 247, 46695, 230, 46695, 97, 13, 1343, 366, 166, 115, 116, 167, 253, 105, 167, 224, 246, 31619, 111, 112, 168, 99, 251, 35975, 116, 35975, 112, 23821, 251, 112, 167, 253, 105, 47991, 250, 220, 166, 114, 234, 167, 99, 105, 167, 98, 120, 220, 169, 237, 105, 166, 116, 108, 47991, 246, 166, 116, 108, 167, 94, 250, 220, 47991, 246, 167, 232, 242, 564, 246, 168, 245, 108, 167, 234, 222, 31619, 111, 112, 168, 99, 251, 220, 169, 232, 117, 168, 243, 121, 447, 247, 35975, 112, 31619, 111, 112, 168, 99, 251, 220, 166, 111, 226, 168, 243, 121, 168, 245, 238, 220, 169, 237, 105, 47991, 101, 167, 238, 254, 23821, 230, 246, 23821, 252, 230, 46695, 97, 526, 198, 17, 167, 110, 230, 25, 23821, 245, 108, 167, 234, 222, 31619, 111, 112, 168, 99, 251, 35975, 116, 168, 245, 238, 31619, 234, 222, 47991, 250, 23821, 251, 112, 47991, 112, 167, 94, 250, 220, 166, 108, 222, 168, 252, 98, 23821, 254, 223, 168, 254, 230, 47991, 246, 168, 100, 222, 23821, 243, 232, 35975, 222, 23821, 226, 254, 169, 225, 251, 168, 100, 222, 168, 252, 227, 46695, 230, 46695, 97, 13, 27332, 121, 95, 167, 111, 112, 168, 99, 251, 35975, 116, 31619, 111, 112, 169, 246, 116, 167, 98, 120, 23821, 250, 226, 47991, 250, 220, 169, 232, 117, 167, 111, 226, 167, 110, 243, 171, 121, 96, 23821, 254, 250, 17, 168, 94, 108, 35975, 246, 31619, 105, 116, 167, 99, 105, 220, 47991, 112, 168, 226, 251, 168, 245, 238, 23821, 251, 246, 47991, 246, 167, 102, 112, 23821, 251, 112, 31619, 110, 243, 35975, 246, 23821, 254, 223, 168, 248, 102, 31619, 234, 222, 168, 225, 223, 168, 245, 238, 220, 47991, 112, 46695, 117, 47991, 246, 167, 232, 242, 168, 100, 222, 168, 245, 238, 31619, 234, 222, 47991, 250, 31619, 103, 227, 169, 247, 243, 47991, 250, 220, 166, 115, 120, 166, 109, 108, 166, 108, 222, 23821, 100, 222, 167, 105, 116, 168, 245, 238, 23821, 245, 228, 168, 232, 113, 46695, 230, 46695, 97, 13, 1343, 366, 168, 250, 226, 31619, 110, 243, 167, 98, 254, 23821, 254, 250, 17, 168, 94, 108, 166, 108, 222, 220, 166, 115, 116, 23821, 254, 223, 168, 248, 102, 31619, 234, 222, 168, 225, 223, 35975, 116, 31619, 111, 112, 168, 99, 251, 220, 166, 111, 226, 168, 243, 121, 35975, 226, 564, 246, 168, 96, 120, 168, 109, 226, 167, 105, 112, 168, 252, 238, 166, 108, 222, 220, 166, 116, 230, 168, 254, 226, 23821, 109, 226, 167, 105, 112, 167, 98, 120, 23821, 251, 112, 169, 244, 231, 47991, 246, 168, 100, 222, 23821, 243, 232, 167, 232, 242, 220, 166, 110, 121, 168, 248, 108, 220, 166, 115, 116, 23821, 109, 226, 167, 105, 112, 167, 98, 120, 31619, 111, 112, 168, 99, 251, 35975, 116, 23821, 251, 112, 23821, 251, 112, 169, 244, 231, 47991, 246, 166, 116, 108, 167, 94, 250, 220, 47991, 246, 167, 232, 242, 220, 166, 111, 226, 168, 243, 121, 447, 247, 35975, 112, 167, 251, 120, 166, 111, 254, 220, 166, 115, 250, 168, 254, 243, 47991, 246, 166, 111, 254, 23821, 252, 230, 168, 250, 120, 167, 224, 246, 1, 198, 18, 167, 110, 230, 25, 23821, 245, 108, 167, 234, 222, 31619, 111, 112, 168, 99, 251, 35975, 116, 168, 245, 238, 31619, 234, 222, 47991, 250, 23821, 251, 112, 47991, 112, 167, 94, 250, 220, 166, 108, 222, 168, 252, 98, 23821, 254, 223, 168, 254, 230, 47991, 246, 168, 100, 222, 23821, 243, 232, 35975, 222, 23821, 226, 254, 169, 225, 251, 168, 100, 222, 168, 252, 227, 46695, 230, 46695, 97, 13, 23821, 245, 108, 167, 234, 222, 31619, 111, 112, 168, 99, 251, 220, 169, 232, 117, 168, 243, 121, 35975, 226, 220, 47991, 250, 220, 166, 110, 121, 168, 248, 108, 11, 23821, 109, 226, 166, 114, 234, 168, 252, 238, 166, 108, 222, 220, 166, 111, 100, 167, 108, 242, 167, 94, 250, 23821, 96, 120, 168, 109, 226, 167, 105, 112, 23821, 254, 226, 168, 243, 94, 168, 245, 238, 220, 47991, 112, 46695, 117, 47991, 246, 167, 232, 242, 31619, 237, 230, 35975, 246, 23821, 100, 222, 166, 116, 231, 35975, 226, 23821, 248, 242, 166, 113, 105, 47991, 246, 167, 235, 242, 167, 251, 120, 167, 237, 226, 220, 166, 115, 116, 23821, 251, 112, 169, 244, 231, 35975, 226, 220, 166, 109, 108, 168, 254, 230, 47991, 254, 23821, 230, 246, 23821, 245, 228, 168, 232, 113, 46695, 230, 46695, 97, 13, 1343, 366, 166, 115, 116, 167, 253, 105, 167, 224, 246, 31619, 111, 112, 168, 99, 251, 35975, 116, 35975, 112, 23821, 251, 112, 167, 253, 105, 47991, 250, 220, 166, 114, 234, 167, 99, 105, 167, 98, 120, 220, 169, 237, 105, 166, 116, 108, 47991, 246, 166, 116, 108, 167, 94, 250, 220, 47991, 246, 167, 232, 242, 564, 246, 168, 245, 108, 167, 234, 222, 31619, 111, 112, 168, 99, 251, 220, 169, 232, 117, 168, 243, 121, 447, 247, 35975, 112, 31619, 111, 112, 168, 99, 251, 220, 166, 111, 226, 168, 243, 121, 168, 245, 238, 220, 169, 237, 105, 47991, 101, 167, 238, 254, 23821, 230, 246, 23821, 252, 230, 46695, 97, 526, 198, 19, 167, 110, 230, 25, 23821, 245, 108, 167, 234, 222, 31619, 111, 112, 168, 99, 251, 35975, 116, 168, 245, 238, 31619, 234, 222, 47991, 250, 23821, 251, 112, 47991, 112, 167, 94, 250, 220, 166, 108, 222, 168, 252, 98, 23821, 254, 223, 168, 254, 230, 47991, 250, 23821, 226, 254, 169, 225, 251, 168, 100, 222, 168, 252, 227, 46695, 230, 46695, 97, 13, 23821, 245, 108, 167, 234, 222, 31619, 111, 112, 168, 99, 251, 220, 169, 232, 117, 168, 243, 121, 35975, 226, 220, 47991, 101, 168, 250, 120, 167, 94, 250, 168, 235, 101, 11, 31619, 111, 112, 168, 99, 251, 23821, 109, 226, 167, 105, 112, 167, 98, 120, 31619, 114, 222, 46695, 112, 47991, 246, 166, 110, 234, 31619, 238, 102, 46695, 230, 46695, 97, 13, 1343, 366, 166, 115, 116, 167, 253, 105, 167, 224, 246, 31619, 111, 112, 168, 99, 251, 35975, 116, 35975, 112, 23821, 251, 112, 167, 253, 105, 47991, 250, 220, 166, 114, 234, 167, 99, 105, 167, 98, 120, 220, 169, 237, 105, 166, 116, 108, 47991, 246, 166, 116, 108, 167, 94, 250, 220, 47991, 246, 167, 232, 242, 564, 246, 168, 245, 108, 167, 234, 222, 31619, 111, 112, 168, 99, 251, 220, 169, 232, 117, 168, 243, 121, 447, 247, 35975, 112, 31619, 111, 112, 168, 99, 251, 220, 166, 111, 226, 168, 243, 121, 168, 245, 238, 220, 169, 237, 105, 47991, 101, 167, 238, 254, 23821, 230, 246, 23821, 252, 230, 46695, 97, 526, 198, 20, 167, 110, 230, 25, 23821, 245, 108, 167, 234, 222, 31619, 111, 112, 168, 99, 251, 35975, 116, 168, 245, 238, 31619, 234, 222, 47991, 250, 23821, 251, 112, 47991, 112, 167, 94, 250, 220, 166, 108, 222, 168, 252, 98, 23821, 254, 223, 168, 254, 230, 47991, 246, 168, 100, 222, 23821, 243, 232, 35975, 222, 23821, 226, 254, 169, 225, 251, 168, 100, 222, 168, 252, 227, 46695, 230, 46695, 97, 13, 23821, 245, 108, 167, 234, 222, 31619, 111, 112, 168, 99, 251, 220, 169, 232, 117, 168, 243, 121, 35975, 226, 220, 47991, 250, 220, 166, 110, 121, 168, 248, 108, 11, 23821, 109, 226, 166, 114, 234, 168, 252, 238, 166, 108, 222, 23821, 96, 120, 168, 109, 226, 167, 105, 112, 168, 252, 238, 168, 245, 238, 166, 110, 234, 23821, 109, 226, 167, 105, 112, 35975, 246, 23821, 251, 112, 169, 244, 231, 35975, 226, 23821, 110, 255, 166, 113, 105, 47991, 246, 168, 245, 105, 220, 166, 115, 116, 23821, 109, 226, 166, 114, 234, 35975, 112, 23821, 233, 97, 169, 246, 226, 167, 238, 246, 167, 235, 242, 167, 251, 120, 167, 237, 226, 11, 23821, 245, 108, 167, 234, 222, 31619, 111, 112, 168, 99, 251, 35975, 116, 35975, 222, 31619, 235, 242, 23821, 251, 112, 168, 225, 223, 31619, 111, 112, 168, 99, 251, 23821, 109, 226, 167, 105, 112, 167, 98, 120, 23821, 251, 112, 169, 244, 231, 47991, 254, 23821, 251, 246, 167, 105, 112, 166, 108, 222, 23821, 245, 228, 46695, 97, 166, 111, 254, 31619, 103, 227, 169, 247, 243, 47991, 246, 166, 110, 234, 31619, 100, 238, 47991, 254, 23821, 230, 246, 23821, 245, 228, 168, 232, 113, 46695, 230, 46695, 97, 13, 1343, 366, 166, 115, 116, 167, 253, 105, 167, 224, 246, 31619, 111, 112, 168, 99, 251, 35975, 116, 35975, 112, 23821, 251, 112, 167, 253, 105, 47991, 250, 220, 166, 114, 234, 167, 99, 105, 167, 98, 120, 220, 169, 237, 105, 166, 116, 108, 47991, 246, 166, 116, 108, 167, 94, 250, 220, 47991, 246, 167, 232, 242, 564, 246, 168, 245, 108, 167, 234, 222, 31619, 111, 112, 168, 99, 251, 220, 169, 232, 117, 168, 243, 121, 447, 247, 35975, 112, 31619, 111, 112, 168, 99, 251, 220, 166, 111, 226, 168, 243, 121, 168, 245, 238, 220, 169, 237, 105, 47991, 101, 167, 238, 254, 23821, 230, 246, 23821, 252, 230, 46695, 97, 526, 198, 198, 168, 113, 250, 168, 95, 227, 23821, 254, 243, 46695, 113, 25, 604, 167, 110, 230]","[0.5, 0.5, 0.5, 0.5, 0.5, 0.5, 0.5, 0.5, 0.5, 0.5, 0.5, 0.5, 0.5, 0.5, 0.5, 0.5, 0.5, 0.5, 0.5, 0.5, 0.5, 0.5, 0.5, 0.5, 0.5, 0.5, 0.5, 0.5, 0.5, 0.5, 0.5, 0.5, 0.5, 0.5, 0.5, 0.5, 0.5, 0.5, 0.5, 0.5, 0.5, 0.5, 0.5, 0.5, 0.5, 0.5, 0.5, 0.5, 0.5, 0.5, 0.5, 0.5, 0.5, 0.5, 0.5, 0.5, 0.5, 0.5, 0.5, 0.5, 0.5, 0.5, 0.5, 0.5, 0.5, 0.5, 0.5, 0.5, 0.5, 0.5, 0.5, 0.5, 0.5, 0.5, 0.5, 0.5, 0.5, 0.5, 0.5, 0.5, 0.5, 0.5, 0.5, 0.5, 0.5, 0.5, 0.5, 0.5, 0.5, 0.5, 0.5, 0.5, 0.5, 0.5, 0.5, 0.5, 0.5, 0.5, 0.5, 0.5, 0.5, 0.5, 0.5, 0.5, 0.5, 0.5, 0.5, 0.5, 0.5, 0.5, 0.5, 0.5, 0.5, 0.5, 0.5, 0.5, 0.5, 0.5, 0.5, 0.5, 0.5, 0.5, 0.5, 0.5, 0.5, 0.5, 0.5, 0.5, 0.5, 0.5, 0.5, 0.5, 0.5, 0.5, 0.5, 0.5, 0.5, 0.5, 0.5, 0.5, 0.5, 0.5, 0.5, 0.5, 0.5, 0.5, 0.5, 0.5, 0.5, 0.5, 0.5, 0.5, 0.5, 0.5, 0.5, 0.5, 0.5, 0.5, 0.5, 0.5, 0.5, 0.5, 0.5, 0.5, 0.5, 0.5, 0.5, 0.5, 0.5, 0.5, 0.5, 0.5, 0.5, 0.5, 0.5, 0.5, 0.5, 0.5, 0.5, 0.5, 0.5, 0.5, 0.5, 0.5, 0.5, 0.5, 0.5, 0.5, 0.5, 0.5, 0.5, 0.5, 0.5, 0.5, 0.5, 0.5, 0.5, 0.5, 0.5, 0.5, 0.5, 0.5, 0.5, 0.5, 0.5, 0.5, 0.5, 0.5, 0.5, 0.5, 0.5, 0.5, 0.5, 0.5, 0.5, 0.5, 0.5, 0.5, 0.5, 0.5, 0.5, 0.5, 0.5, 0.5, 0.5, 0.5, 0.5, 0.5, 0.5, 0.5, 0.5, 0.5, 0.5, 0.5, 0.5, 0.5, 0.5, 0.5, 0.5, 0.5, 0.5, 0.5, 0.5, 0.5, 0.5, 0.5, 0.5, 0.5, 0.5, 0.5, 0.5, 0.5, 0.5, 0.5, 0.5, 0.5, 0.5, 0.5, 0.5, 0.5, 0.5, 0.5, 0.5, 0.5, 0.5, 0.5, 0.5, 0.5, 0.5, 0.5, 0.5, 0.5, 0.5, 0.5, 0.5, 0.5, 0.5, 0.5, 0.5, 0.5, 0.5, 0.5, 0.5, 0.5, 0.5, 0.5, 0.5, 0.5, 0.5, 0.5, 0.5, 0.5, 0.5, 0.5, 0.5, 0.5, 0.5, 0.5, 0.5, 0.5, 0.5, 0.5, 0.5, 0.5, 0.5, 0.5, 0.5, 0.5, 0.5, 0.5, 0.5, 0.5, 0.5, 0.5, 0.5, 0.5, 0.5, 0.5, 0.5, 0.5, 0.5, 0.5, 0.5, 0.5, 0.5, 0.5, 0.5, 0.5, 0.5, 0.5, 0.5, 0.5, 0.5, 0.5, 0.5, 0.5, 0.5, 0.5, 0.5, 0.5, 0.5, 0.5, 0.5, 0.5, 0.5, 0.5, 0.5, 0.5, 0.5, 0.5, 0.5, 0.5, 0.5, 0.5, 0.5, 0.5, 0.5, 0.5, 0.5, 0.5, 0.5, 0.5, 0.5, 0.5, 0.5, 0.5, 0.5, 0.5, 0.5, 0.5, 0.5, 0.5, 0.5, 0.5, 0.5, 0.5, 0.5, 0.5, 0.5, 0.5, 0.5, 0.5, 0.5, 0.5, 0.5, 0.5, 0.5, 0.5, 0.5, 0.5, 0.5, 0.5, 0.5, 0.5, 0.5, 0.5, 0.5, 0.5, 0.5, 0.5, 0.5, 0.5, 0.5, 0.5, 0.5, 0.5, 0.5, 0.5, 0.5, 0.5, 0.5, 0.5, 0.5, 0.5, 0.5, 0.5, 0.5, 0.5, 0.5, 0.5, 0.5, 0.5, 0.5, 0.5, 0.5, 0.5, 0.5, 0.5, 0.5, 0.5, 0.5, 0.5, 0.5, 0.5, 0.5, 0.5, 0.5, 0.5, 0.5, 0.5, 0.5, 0.5, 0.5, 0.5, 0.5, 0.5, 0.5, 0.5, 0.5, 0.5, 0.5, 0.5, 0.5, 0.5, 0.5, 0.5, 0.5, 0.5, 0.5, 0.5, 0.5, 0.5, 0.5, 0.5, 0.5, 0.5, 0.5, 0.5, 0.5, 0.5, 0.5, 0.5, 0.5, 0.5, 0.5, 0.5, 0.5, 0.5, 0.5, 0.5, 0.5, 0.5, 0.5, 0.5, 0.5, 0.5, 0.5, 0.5, 0.5, 0.5, 0.5, 0.5, 0.5, 0.5, 0.5, 0.5, 0.5, 0.5, 0.5, 0.5, 0.5, 0.5, 0.5, 0.5, 0.5, 0.5, 0.5, 0.5, 0.5, 0.5, 0.5, 0.5, 0.5, 0.5, 0.5, 0.5, 0.5, 0.5, 0.5, 0.5, 0.5, 0.5, 0.5, 0.5, 0.5, 0.5, 0.5, 0.5, 0.5, 0.5, 0.5, 0.5, 0.5, 0.5, 0.5, 0.5, 0.5, 0.5, 0.5, 0.5, 0.5, 0.5, 0.5, 0.5, 0.5, 0.5, 0.5, 0.5, 0.5, 0.5, 0.5, 0.5, 0.5, 0.5, 0.5, 0.5, 0.5, 0.5, 0.5, 0.5, 0.5, 0.5, 0.5, 0.5, 0.5, 0.5, 0.5, 0.5, 0.5, 0.5, 0.5, 0.5, 0.5, 0.5, 0.5, 0.5, 0.5, 0.5, 0.5, 0.5, 0.5, 0.5, 0.5, 0.5, 0.5, 0.5, 0.5, 0.5, 0.5, 0.5, 0.5, 0.5, 0.5, 0.5, 0.5, 0.5, 0.5, 0.5, 0.5, 0.5, 0.5, 0.5, 0.5, 0.5, 0.5, 0.5, 0.5, 0.5, 0.5, 0.5, 0.5, 0.5, 0.5, 0.5, 0.5, 0.5, 0.5, 0.5, 0.5, 0.5, 0.5, 0.5, 0.5, 0.5, 0.5, 0.5, 0.5, 0.5, 0.5, 0.5, 0.5, 0.5, 0.5, 0.5, 0.5, 0.5, 0.5, 0.5, 0.5, 0.5, 0.5, 0.5, 0.5, 0.5, 0.5, 0.5, 0.5, 0.5, 0.5, 0.5, 0.5, 0.5, 0.5, 0.5, 0.5, 0.5, 0.5, 0.5, 0.5, 0.5, 0.5, 0.5, 0.5, 0.5, 0.5, 0.5, 0.5, 0.5, 0.5, 0.5, 0.5, 0.5, 0.5, 0.5, 0.5, 0.5, 0.5, 0.5, 0.5, 0.5, 0.5, 0.5, 0.5, 0.5, 0.5, 0.5, 0.5, 0.5, 0.5, 0.5, 0.5, 0.5, 0.5, 0.5, 0.5, 0.5, 0.5, 0.5, 0.5, 0.5, 0.5, 0.5, 0.5, 0.5, 0.5, 0.5, 0.5, 0.5, 0.5, 0.5, 0.5, 0.5, 0.5, 0.5, 0.5, 0.5, 0.5, 0.5, 0.5, 0.5, 0.5, 0.5, 0.5, 0.5, 0.5, 0.5, 0.5, 0.5, 0.5, 0.5, 0.5, 0.5, 0.5, 0.5, 0.5, 0.5, 0.5, 0.5, 0.5, 0.5, 0.5, 0.5, 0.5, 0.5, 0.5, 0.5, 0.5, 0.5, 0.5, 0.5, 0.5, 0.5, 0.5, 0.5, 0.5, 0.5, 0.5, 0.5, 0.5, 0.5, 0.5, 0.5, 0.5, 0.5, 0.5, 0.5, 0.5, 0.5, 0.5, 0.5, 0.5, 0.5, 0.5, 0.5, 0.5, 0.5, 0.5, 0.5, 0.5, 0.5, 0.5, 0.5, 0.5, 0.5, 0.5, 0.5, 0.5, 0.5, 0.5, 0.5, 0.5, 0.5, 0.5, 0.5, 0.5, 0.5, 0.5, 0.5, 0.5, 0.5, 0.5, 0.5, 0.5, 0.5, 0.5, 0.5, 0.5, 0.5, 0.5, 0.5, 0.5, 0.5, 0.5, 0.5, 0.5, 0.5, 0.5, 0.5, 0.5, 0.5, 0.5, 0.5, 0.5, 0.5, 0.5, 0.5, 0.5, 0.5, 0.5, 0.5, 0.5, 0.5, 0.5, 0.5, 0.5, 0.5, 0.5, 0.5, 0.5, 0.5, 0.5, 0.5, 0.5, 0.5, 0.5, 0.5, 0.5, 0.5, 0.5, 0.5, 0.5, 0.5, 0.5, 0.5, 0.5, 0.5, 0.5, 0.5, 0.5, 0.5, 0.5, 0.5, 0.5, 0.5, 0.5, 0.5, 0.5, 0.5, 0.5, 0.5, 0.5, 0.5, 0.5, 0.5, 0.5, 0.5, 0.5, 0.5, 0.5, 0.5, 0.5, 0.5, 0.5, 0.5, 0.5, 0.5, 0.5, 0.5, 0.5, 0.5, 0.5, 0.5, 0.5, 0.5, 0.5, 0.5, 0.5, 0.5, 0.5, 0.5, 0.5, 0.5, 0.5, 0.5, 0.5, 0.5, 0.5, 0.5, 0.5, 0.5, 0.5, 0.5, 0.5, 0.5, 0.5, 0.5, 0.5, 0.5, 0.5, 0.5, 0.5, 0.5, 0.5, 0.5, 0.5, 0.5, 0.5, 0.5, 0.5, 0.5, 0.5, 0.5, 0.5, 0.5, 0.5, 0.5, 0.5, 0.5, 0.5, 0.5, 0.5, 0.5, 0.5, 0.5, 0.5, 0.5, 0.5, 0.5, 0.5, 0.5, 0.5, 0.5, 0.5, 0.5, 0.5, 0.5, 0.5, 0.5, 0.5, 0.5, 0.5, 0.5, 0.5, 0.5, 0.5, 0.5, 0.5, 0.5, 0.5, 0.5, 0.5, 0.5, 0.5, 0.5, 0.5, 0.5, 0.5, 0.5, 0.5, 0.5, 0.5, 0.5, 0.5, 0.5, 0.5, 0.5, 0.5, 0.5, 0.5, 0.5, 0.5, 0.5, 0.5, 0.5, 0.5, 0.5, 0.5, 0.5, 0.5, 0.5, 0.5, 0.5, 0.5, 0.5, 0.5, 0.5, 0.5, 0.5, 0.5, 0.5, 0.5, 0.5, 0.5, 0.5, 0.5, 0.5, 0.5, 0.5, 0.5, 0.5, 0.5, 0.5, 0.5, 0.5, 0.5, 0.5, 0.5, 0.5, 0.5, 0.5, 0.5, 0.5, 0.5, 0.5, 0.5, 0.5, 0.5, 0.5, 0.5, 0.5, 0.5, 0.5, 0.5, 0.5, 0.5, 0.5, 0.5, 0.5, 0.5, 0.5, 0.5, 0.5, 0.5, 0.5, 0.5, 0.5, 0.5, 0.5, 0.5, 0.5, 0.5, 0.5, 0.5, 0.5, 0.5, 0.5, 0.5, 0.5, 0.5, 0.5, 0.5, 0.5, 0.5, 0.5, 0.5, 0.5, 0.5, 0.5, 0.5, 0.5, 0.5, 0.5, 0.5, 0.5, 0.5, 0.5, 0.5, 0.5, 0.5, 0.5, 0.5, 0.5, 0.5, 0.5, 0.5, 0.5, 0.5, 0.5, 0.5, 0.5, 0.5, 0.5, 0.5, 0.5, 0.5, 0.5, 0.5, 0.5, 0.5, 0.5, 0.5, 0.5, 0.5, 0.5, 0.5, 0.5, 0.5, 0.5, 0.5, 0.5, 0.5, 0.5, 0.5, 0.5, 0.5, 0.5, 0.5, 0.5, 0.5, 0.5, 0.5, 0.5, 0.5, 0.5, 0.5, 0.5, 0.5, 0.5, 0.5, 0.5, 0.5, 0.5, 0.5, 0.5, 0.5, 0.5, 0.5, 0.5, 0.5, 0.5, 0.5, 0.5, 0.5, 0.5, 0.5, 0.5, 0.5, 0.5, 0.5, 0.5, 0.5, 0.5, 0.5, 0.5, 0.5, 0.5, 0.5, 0.5, 0.5, 0.5, 0.5, 0.5, 0.5, 0.5, 0.5, 0.5, 0.5, 0.5, 0.5, 0.5, 0.5, 0.5, 0.5, 0.5, 0.5, 0.5, 0.5, 0.5, 0.5, 0.5, 0.5, 0.5, 0.5, 0.5, 0.5, 0.5, 0.5, 0.5, 0.5, 0.5, 0.5, 0.5, 0.5, 0.5, 0.5, 0.5, 0.5, 0.5, 0.5, 0.5, 0.5, 0.5, 0.5, 0.5, 0.5, 0.5, 0.5, 0.5, 0.5, 0.5, 0.5, 0.5, 0.5, 0.5, 0.5, 0.5, 0.5, 0.5, 0.5, 0.5, 0.5, 0.5, 0.5, 0.5, 0.5, 0.5, 0.5, 0.5, 0.5, 0.5, 0.5, 0.5, 0.5, 0.5, 0.5, 0.5, 0.5, 0.5, 0.5, 0.5, 0.5, 0.5, 0.5, 0.5, 0.5, 0.5, 0.5, 0.5, 0.5, 0.5, 0.5, 0.5, 0.5, 0.5, 0.5, 0.5, 0.5, 0.5, 0.5, 0.5, 0.5, 0.5, 0.5, 0.5, 0.5, 0.5, 0.5, 0.5, 0.5, 0.5, 0.5, 0.5, 0.5, 0.5, 0.5, 0.5, 0.5, 0.5, 0.5, 0.5, 0.5, 0.5, 0.5, 0.5, 0.5, 0.5, 0.5, 0.5, 0.5, 0.5, 0.5, 0.5, 0.5, 0.5, 0.5, 0.5, 0.5, 0.5, 0.5, 0.5, 0.5, 0.5, 0.5, 0.5, 0.5, 0.5, 0.5, 0.5, 0.5, 0.5, 0.5, 0.5, 0.5, 0.5, 0.5, 0.5, 0.5, 0.5, 0.5, 0.5, 0.5, 0.5, 0.5, 0.5, 0.5, 0.5, 0.5, 0.5, 0.5, 0.5, 0.5, 0.5, 0.5, 0.5, 0.5, 0.5, 0.5, 0.5, 0.5, 0.5, 0.5, 0.5, 0.5, 0.5, 0.5, 0.5, 0.5, 0.5, 0.5, 0.5, 0.5, 0.5, 0.5, 0.5, 0.5, 0.5, 0.5, 0.5, 0.5, 0.5, 0.5, 0.5, 0.5, 0.5, 0.5, 0.5, 0.5, 0.5, 0.5, 0.5, 0.5, 0.5, 0.5, 0.5, 0.5, 0.5, 0.5, 0.5, 0.5, 0.5, 0.5, 0.5, 0.5, 0.5, 0.5, 0.5, 0.5, 0.5, 0.5, 0.5, 0.5, 0.5, 0.5, 0.5, 0.5, 0.5, 0.5, 0.5, 0.5, 0.5, 0.5, 0.5, 0.5, 0.5, 0.5, 0.5, 0.5, 0.5, 0.5, 0.5, 0.5, 0.5, 0.5, 0.5, 0.5, 0.5, 0.5, 0.5, 0.5, 0.5, 0.5, 0.5, 0.5, 0.5, 0.5, 0.5, 0.5, 0.5, 0.5, 0.5, 0.5, 0.5, 0.5, 0.5, 0.5, 0.5, 0.5, 0.5, 0.5, 0.5, 0.5, 0.5, 0.5, 0.5, 0.5, 0.5, 0.5, 0.5, 0.5, 0.5, 0.5, 0.5, 0.5, 0.5, 0.5, 0.5, 0.5, 0.5, 0.5, 0.5, 0.5, 0.5, 0.5, 0.5, 0.5, 0.5, 0.5, 0.5, 0.5, 0.5, 0.5, 0.5, 0.5, 0.5, 0.5, 0.5, 0.5, 0.5, 0.5, 0.5, 0.5, 0.5, 0.5, 0.5, 0.5, 0.5, 0.5, 0.5, 0.5, 0.5, 0.5, 0.5, 0.5, 0.5, 0.5, 0.5, 0.5, 0.5, 0.5, 0.5, 0.5, 0.5, 0.5, 0.5, 0.5, 0.5, 0.5, 0.5, 0.5, 0.5, 0.5, 0.5, 0.5, 0.5, 0.5, 0.5, 0.5, 0.5, 0.5, 0.5, 0.5, 0.5, 0.5, 0.5, 0.5, 0.5, 0.5, 0.5, 0.5, 0.5, 0.5, 0.5, 0.5, 0.5, 0.5, 0.5, 0.5, 0.5, 0.5, 0.5, 0.5, 0.5, 0.5, 0.5, 0.5, 0.5, 0.5, 0.5, 0.5, 0.5, 0.5, 0.5, 0.5, 0.5, 0.5, 0.5, 0.5, 0.5, 0.5, 0.5, 0.5, 0.5, 0.5, 0.5, 0.5, 0.5, 0.5, 0.5, 0.5, 0.5, 0.5, 0.5, 0.5, 0.5, 0.5, 0.5, 0.5, 0.5, 0.5, 0.5, 0.5, 0.5, 0.5, 0.5, 0.5, 0.5, 0.5, 0.5, 0.5, 0.5, 0.5, 0.5, 0.5, 0.5, 0.5, 0.5, 0.5, 0.5, 0.5, 0.5, 0.5, 0.5, 0.5, 0.5, 0.5, 0.5, 0.5, 0.5, 0.5, 0.5, 0.5, 0.5, 0.5, 0.5, 0.5, 0.5, 0.5, 0.5, 0.5, 0.5, 0.5, 0.5, 0.5, 0.5, 0.5, 0.5, 0.5, 0.5, 0.5, 0.5, 0.5, 0.5, 0.5, 0.5, 0.5, 0.5, 0.5, 0.5, 0.5, 0.5, 0.5, 0.5, 0.5, 0.5, 0.5, 0.5, 0.5, 0.5, 0.5, 0.5, 0.5, 0.5, 0.5, 0.5, 0.5, 0.5, 0.5, 0.5, 0.5, 0.5, 0.5, 0.5, 0.5, 0.5, 0.5, 0.5, 0.5, 0.5, 0.5, 0.5, 0.5, 0.5, 0.5, 0.5, 0.5, 0.5, 0.5, 0.5, 0.5, 0.5, 0.5, 0.5, 0.5, 0.5, 0.5, 0.5, 0.5, 0.5, 0.5, 0.5, 0.5, 0.5, 0.5, 0.5, 0.5, 0.5, 0.5, 0.5, 0.5, 0.5, 0.5, 0.5, 0.5, 0.5, 0.5, 0.5, 0.5, 0.5, 0.5, 0.5, 0.5, 0.5, 0.5, 0.5, 0.5, 0.5, 0.5, 0.5, 0.5, 0.5, 0.5, 0.5, 0.5, 0.5, 0.5, 0.5, 0.5, 0.5, 0.5, 0.5, 0.5, 0.5, 0.5, 0.5, 0.5, 0.5, 0.5, 0.5, 0.5, 0.5, 0.5, 0.5, 0.5, 0.5, 0.5, 0.5, 0.5, 0.5, 0.5, 0.5, 0.5, 0.5, 0.5, 0.5, 0.5, 0.5, 0.5, 0.5, 0.5, 0.5, 0.5, 0.5, 0.5, 0.5, 0.5, 0.5, 0.5, 0.5, 0.5, 0.5, 0.5, 0.5, 0.5, 0.5, 0.5, 0.5, 0.5, 0.5, 0.5, 0.5, 0.5, 0.5, 0.5, 0.5, 0.5, 0.5, 0.5, 0.5, 0.5, 0.5, 0.5, 0.5, 0.5, 0.5, 0.5, 0.5, 0.5, 0.5, 0.5, 0.5, 0.5, 0.5, 0.5, 0.5, 0.5, 0.5, 0.5, 0.5, 0.5, 0.5, 0.5, 0.5, 0.5, 0.5, 0.5, 0.5, 0.5, 0.5, 0.5, 0.5, 0.5, 0.5, 0.5, 0.5, 0.5, 0.5, 0.5, 0.5, 0.5, 0.5, 0.5, 0.5, 0.5, 0.5, 0.5, 0.5, 0.5, 0.5, 0.5, 0.5, 0.5, 0.5, 0.5, 0.5, 0.5, 0.5, 0.5, 0.5, 0.5, 0.5, 0.5, 0.5, 0.5, 0.5, 0.5, 0.5, 0.5, 0.5, 0.5, 0.5, 0.5, 0.5, 0.5, 0.5, 0.5, 0.5, 0.5, 0.5, 0.5, 0.5, 0.5, 0.5, 0.5, 0.5, 0.5, 0.5, 0.5, 0.5, 0.5, 0.5, 0.5, 0.5, 0.5, 0.5, 0.5]",0
2026_11_KICE_4-9_4,['3(3)'],"1번: 적절 + ""그러나 문리 해석으로 그 내용을 제대로 파악하기 어려우면, 그것이 사용된 맥락을 ⓑ[고려하여](ⓑ의 밑줄) 그 의미를 파악하는 ‘체계적 해석’, 입법 과정에서 논의된 내용을 바탕으로 그 의미를 파악하는 ‘역사적 해석’ 등의 해석 방법을 사용할 수 있다.""
2번: 적절 + ""유상 계약이란 그 당사자가 서로 대가를 주고받을 것을 약속하는 계약을 뜻한다. 유상 계약의 일종인 매매 계약에서 목적물이 계약 체결 당시부터 있던 하자 때문에 대금만큼의 값어치를 하지 못하는 상태였다면, 매도인은 그 하자 발생의 원인이 무엇이든 담보 책임을 져야 한다.""
3번: 부적절 + ""채권자가 주채무자에게 주채무의 이행을 청구하지 않고 곧바로 보증인에게만 보증 채무의 이행을 청구한 경우, 보증인은 주채무자가 강제 집행 대상 재산을 보유하고 있음을 채권자에게 증명하여 보증 채무의 이행을 거절할 수 있는 권리가 있다.""
4번: 적절 + ""보증 계약에 대해서는 보증인 보호를 위하여 법적 규제가 적용된다. 우선 ｢민법｣에 의하면 보증 계약을 할 때는 일반적인 계약과는 달리 계약서가 작성되어야 하고, 여기에는 보증인의 서명이나 기명 날인이 있어야 한다. 이를 위반한 보증 계약은 무효이지만 보증 채무가 이행되었으면 보증인이 그 무효를 주장할 수 없다.""
5번: 부적절 + ""연대 보증인에게도 ｢보증인 보호를 위한 특별법｣이 적용되는지가 문제 되는데, 어떤 해석 방법을 따르느냐에 따라 결론이 달라질 수 있다. 위 법률 제2조가 그 적용 대상인 보증 계약을 ‘주채무자가 금전 채무를 이행하지 않는 경우 그 채무를 보증인)이 이행하기로 하는 계약’이라고 ⓔ[규정하고](ⓔ의 밑줄) 있으나 그 입법 과정에서 연대 보증인 보호의 필요성이 강조되었기 때문이다.""

최종 정답: 3번","[16, 167, 110, 230, 25, 23821, 254, 223, 168, 254, 230, 1343, 366, 166, 115, 116, 167, 253, 105, 167, 224, 246, 31619, 105, 116, 167, 99, 105, 220, 47991, 112, 168, 226, 251, 168, 250, 120, 167, 94, 250, 220, 166, 115, 116, 31619, 224, 112, 168, 248, 102, 35975, 226, 23821, 254, 250, 167, 234, 222, 167, 94, 250, 220, 169, 234, 234, 168, 243, 227, 47991, 246, 166, 116, 108, 23821, 244, 112, 167, 254, 97, 168, 248, 108, 167, 102, 112, 11, 220, 166, 115, 116, 166, 110, 225, 35975, 112, 23821, 8955, 168, 248, 102, 167, 238, 250, 31619, 100, 98, 167, 251, 121, 35975, 226, 2343, 241, 239, 58, 166, 111, 254, 167, 254, 97, 47991, 246, 168, 245, 105, 16151, 158, 241, 239, 35975, 246, 31619, 108, 239, 168, 97, 226, 8, 220, 166, 115, 116, 23821, 251, 246, 167, 107, 116, 167, 98, 120, 220, 169, 234, 234, 168, 243, 227, 47991, 246, 167, 232, 242, 564, 246, 168, 110, 112, 166, 111, 226, 168, 254, 223, 220, 47991, 112, 168, 226, 251, 447, 247, 11, 23821, 252, 227, 167, 110, 243, 220, 166, 111, 120, 168, 254, 243, 168, 245, 238, 168, 226, 250, 31619, 227, 120, 35975, 246, 167, 238, 250, 31619, 224, 112, 168, 248, 102, 35975, 226, 31619, 108, 242, 169, 225, 243, 168, 250, 120, 167, 94, 250, 220, 166, 115, 116, 23821, 251, 246, 167, 107, 116, 167, 98, 120, 220, 169, 234, 234, 168, 243, 227, 47991, 246, 167, 232, 242, 564, 246, 168, 245, 255, 168, 8955, 168, 254, 223, 220, 47991, 112, 168, 226, 251, 447, 247, 31619, 241, 109, 35975, 246, 220, 47991, 112, 168, 226, 251, 31619, 108, 102, 167, 110, 243, 35975, 226, 23821, 8955, 168, 248, 102, 47991, 254, 23821, 230, 246, 23821, 252, 230, 46695, 97, 526, 198, 17, 167, 110, 230, 25, 23821, 254, 223, 168, 254, 230, 1343, 366, 168, 250, 254, 168, 225, 223, 220, 166, 111, 226, 168, 243, 121, 35975, 112, 167, 252, 222, 220, 166, 115, 116, 31619, 233, 117, 168, 8955, 168, 252, 238, 166, 108, 222, 23821, 226, 250, 167, 94, 250, 31619, 234, 222, 166, 108, 222, 167, 98, 120, 23821, 96, 120, 166, 111, 254, 167, 108, 249, 35975, 226, 220, 166, 110, 225, 35975, 226, 23821, 243, 121, 168, 228, 235, 47991, 246, 167, 232, 242, 220, 166, 111, 226, 168, 243, 121, 35975, 226, 31619, 250, 119, 47991, 250, 46695, 97, 13, 23821, 250, 254, 168, 225, 223, 220, 166, 111, 226, 168, 243, 121, 35975, 246, 23821, 251, 120, 168, 95, 227, 35975, 116, 31619, 100, 97, 167, 100, 97, 220, 166, 111, 226, 168, 243, 121, 168, 245, 238, 168, 226, 250, 31619, 103, 102, 168, 254, 223, 167, 45539, 35975, 112, 220, 166, 111, 226, 168, 243, 121, 23821, 110, 112, 166, 110, 108, 31619, 233, 117, 168, 233, 250, 167, 114, 222, 169, 226, 108, 23821, 252, 230, 167, 235, 246, 220, 47991, 246, 168, 252, 238, 31619, 243, 234, 167, 105, 116, 168, 245, 238, 31619, 234, 222, 166, 116, 230, 167, 100, 234, 169, 223, 120, 35975, 246, 220, 166, 108, 240, 168, 244, 112, 168, 117, 246, 167, 98, 120, 220, 47991, 246, 168, 100, 222, 31619, 103, 119, 47991, 246, 167, 232, 242, 23821, 225, 223, 169, 225, 250, 168, 246, 222, 46695, 97, 167, 102, 112, 11, 31619, 100, 97, 167, 237, 226, 35975, 116, 35975, 222, 220, 166, 115, 116, 220, 47991, 246, 168, 252, 238, 31619, 108, 250, 168, 225, 251, 35975, 246, 23821, 249, 238, 35975, 116, 35975, 112, 31619, 105, 112, 168, 245, 229, 35975, 112, 167, 241, 254, 31619, 233, 112, 167, 111, 112, 23821, 109, 227, 168, 252, 226, 35975, 226, 23821, 254, 116, 168, 243, 120, 220, 47991, 250, 46695, 97, 526, 198, 18, 167, 110, 230, 25, 31619, 114, 222, 168, 254, 223, 168, 254, 230, 1343, 366, 168, 109, 226, 166, 114, 234, 168, 252, 238, 166, 108, 222, 23821, 96, 120, 168, 109, 226, 167, 105, 112, 168, 252, 238, 168, 245, 238, 166, 110, 234, 23821, 96, 120, 168, 109, 226, 167, 105, 112, 35975, 246, 23821, 251, 112, 169, 244, 231, 35975, 226, 23821, 110, 255, 166, 113, 105, 47991, 246, 168, 100, 222, 23821, 243, 232, 166, 111, 254, 220, 166, 111, 100, 167, 108, 242, 167, 94, 250, 31619, 111, 112, 168, 99, 251, 35975, 116, 168, 245, 238, 166, 110, 234, 167, 100, 234, 31619, 111, 112, 168, 99, 251, 23821, 109, 226, 167, 105, 112, 35975, 246, 23821, 251, 112, 169, 244, 231, 35975, 226, 23821, 110, 255, 166, 113, 105, 47991, 250, 220, 166, 110, 121, 168, 248, 108, 11, 31619, 111, 112, 168, 99, 251, 35975, 116, 35975, 222, 23821, 96, 120, 168, 109, 226, 167, 105, 112, 168, 252, 238, 166, 108, 222, 220, 166, 108, 243, 168, 254, 250, 23821, 100, 239, 169, 244, 231, 31619, 234, 222, 168, 225, 223, 23821, 252, 105, 168, 224, 108, 35975, 226, 31619, 111, 112, 168, 250, 254, 47991, 246, 166, 111, 254, 23821, 252, 230, 35975, 234, 35975, 226, 23821, 109, 226, 166, 114, 234, 168, 252, 238, 168, 245, 238, 166, 110, 234, 23821, 99, 251, 167, 103, 227, 47991, 246, 168, 245, 105, 31619, 111, 112, 168, 99, 251, 23821, 109, 226, 167, 105, 112, 35975, 246, 23821, 251, 112, 169, 244, 231, 35975, 226, 220, 166, 109, 108, 168, 254, 230, 47991, 254, 23821, 230, 246, 23821, 252, 230, 167, 232, 242, 220, 166, 114, 234, 167, 99, 105, 166, 108, 222, 23821, 252, 230, 46695, 97, 526, 198, 19, 167, 110, 230, 25, 23821, 254, 223, 168, 254, 230, 1343, 366, 167, 111, 112, 168, 99, 251, 220, 166, 111, 226, 168, 243, 121, 168, 245, 238, 31619, 234, 222, 47991, 112, 168, 226, 250, 167, 232, 242, 31619, 111, 112, 168, 99, 251, 35975, 116, 31619, 111, 112, 169, 246, 116, 167, 98, 120, 23821, 250, 226, 47991, 246, 168, 245, 105, 31619, 110, 243, 168, 254, 223, 220, 166, 115, 250, 168, 254, 250, 166, 108, 222, 23821, 254, 223, 168, 248, 102, 167, 238, 250, 46695, 97, 13, 23821, 248, 108, 168, 226, 254, 27332, 121, 95, 167, 107, 120, 167, 110, 243, 171, 121, 96, 168, 245, 238, 23821, 251, 246, 47991, 246, 167, 102, 112, 31619, 111, 112, 168, 99, 251, 220, 166, 111, 226, 168, 243, 121, 35975, 226, 220, 47991, 254, 31619, 243, 234, 167, 232, 242, 23821, 251, 120, 167, 108, 246, 168, 254, 223, 35975, 116, 220, 166, 111, 226, 168, 243, 121, 166, 111, 120, 167, 232, 242, 31619, 233, 105, 167, 99, 105, 220, 166, 111, 226, 168, 243, 121, 168, 226, 250, 166, 108, 222, 23821, 252, 239, 168, 226, 109, 167, 238, 246, 168, 244, 112, 168, 243, 120, 220, 47991, 246, 166, 111, 254, 11, 23821, 245, 105, 166, 116, 108, 168, 245, 238, 167, 232, 242, 31619, 111, 112, 168, 99, 251, 35975, 116, 35975, 246, 23821, 226, 250, 167, 103, 227, 35975, 112, 167, 224, 246, 220, 166, 116, 108, 167, 103, 227, 31619, 224, 254, 35975, 116, 35975, 112, 23821, 252, 230, 168, 244, 112, 168, 243, 120, 220, 47991, 250, 46695, 97, 13, 23821, 251, 112, 167, 98, 120, 23821, 250, 226, 167, 108, 246, 47991, 250, 31619, 111, 112, 168, 99, 251, 220, 166, 111, 226, 168, 243, 121, 35975, 222, 31619, 105, 112, 169, 248, 101, 35975, 112, 168, 100, 222, 167, 100, 234, 31619, 111, 112, 168, 99, 251, 23821, 109, 226, 167, 105, 112, 166, 108, 222, 23821, 251, 112, 169, 244, 231, 167, 238, 246, 168, 245, 230, 168, 250, 120, 167, 102, 112, 31619, 111, 112, 168, 99, 251, 35975, 116, 35975, 112, 220, 166, 115, 116, 31619, 105, 112, 169, 248, 101, 167, 98, 120, 23821, 96, 120, 168, 252, 98, 47991, 254, 23821, 230, 246, 23821, 245, 228, 46695, 97, 526, 198, 20, 167, 110, 230, 25, 31619, 114, 222, 168, 254, 223, 168, 254, 230, 1343, 366, 168, 245, 108, 167, 234, 222, 31619, 111, 112, 168, 99, 251, 35975, 116, 168, 245, 238, 166, 110, 234, 167, 237, 226, 27332, 121, 95, 167, 111, 112, 168, 99, 251, 35975, 116, 31619, 111, 112, 169, 246, 116, 167, 98, 120, 23821, 250, 226, 47991, 250, 220, 169, 232, 117, 167, 111, 226, 167, 110, 243, 171, 121, 96, 35975, 112, 23821, 254, 223, 168, 248, 102, 167, 238, 246, 167, 232, 242, 168, 100, 222, 166, 108, 222, 31619, 105, 116, 168, 254, 250, 31619, 238, 246, 167, 232, 242, 167, 235, 108, 11, 23821, 244, 112, 167, 244, 97, 220, 47991, 112, 168, 226, 251, 31619, 108, 102, 167, 110, 243, 35975, 226, 31619, 242, 108, 167, 98, 112, 167, 232, 238, 167, 225, 238, 168, 245, 238, 31619, 242, 108, 167, 251, 120, 220, 166, 110, 108, 167, 94, 254, 35975, 112, 31619, 233, 105, 167, 251, 120, 168, 100, 230, 23821, 230, 246, 23821, 252, 230, 46695, 97, 13, 23821, 250, 226, 31619, 110, 243, 167, 98, 254, 23821, 254, 250, 17, 168, 94, 108, 166, 108, 222, 220, 166, 115, 116, 23821, 254, 223, 168, 248, 102, 31619, 234, 222, 168, 225, 223, 35975, 116, 31619, 111, 112, 168, 99, 251, 220, 166, 111, 226, 168, 243, 121, 35975, 226, 564, 246, 168, 96, 120, 168, 109, 226, 167, 105, 112, 168, 252, 238, 166, 108, 222, 220, 166, 116, 230, 168, 254, 226, 23821, 109, 226, 167, 105, 112, 167, 98, 120, 23821, 251, 112, 169, 244, 231, 47991, 246, 168, 100, 222, 23821, 243, 232, 167, 232, 242, 220, 166, 110, 121, 168, 248, 108, 220, 166, 115, 116, 23821, 109, 226, 167, 105, 112, 167, 98, 120, 31619, 111, 112, 168, 99, 251, 35975, 116, 8, 35975, 112, 23821, 251, 112, 169, 244, 231, 47991, 246, 166, 116, 108, 167, 94, 250, 220, 47991, 246, 167, 232, 242, 220, 166, 111, 226, 168, 243, 121, 447, 247, 35975, 112, 167, 251, 120, 166, 111, 254, 2343, 241, 242, 58, 166, 115, 250, 168, 254, 243, 47991, 246, 166, 111, 254, 16151, 158, 241, 242, 35975, 246, 31619, 108, 239, 168, 97, 226, 8, 23821, 252, 230, 168, 250, 120, 167, 224, 246, 220, 166, 115, 116, 23821, 252, 227, 167, 110, 243, 220, 166, 111, 120, 168, 254, 243, 168, 245, 238, 168, 226, 250, 23821, 245, 108, 167, 234, 222, 31619, 111, 112, 168, 99, 251, 35975, 116, 31619, 111, 112, 169, 246, 116, 35975, 246, 220, 47991, 226, 168, 248, 242, 168, 226, 109, 35975, 112, 220, 166, 108, 243, 168, 94, 108, 167, 238, 246, 168, 245, 230, 166, 116, 108, 31619, 243, 234, 167, 105, 116, 35975, 112, 46695, 97, 526, 198, 198, 168, 113, 250, 168, 95, 227, 23821, 254, 243, 46695, 113, 25, 513, 167, 110, 230]","[0.5, 0.5, 0.5, 0.5, 0.5, 0.5, 0.5, 0.5, 0.5, 0.5, 0.5, 0.5, 0.5, 0.5, 0.5, 0.5, 0.5, 0.5, 0.5, 0.5, 0.5, 0.5, 0.5, 0.5, 0.5, 0.5, 0.5, 0.5, 0.5, 0.5, 0.5, 0.5, 0.5, 0.5, 0.5, 0.5, 0.5, 0.5, 0.5, 0.5, 0.5, 0.5, 0.5, 0.5, 0.5, 0.5, 0.5, 0.5, 0.5, 0.5, 0.5, 0.5, 0.5, 0.5, 0.5, 0.5, 0.5, 0.5, 0.5, 0.5, 0.5, 0.5, 0.5, 0.5, 0.5, 0.5, 0.5, 0.5, 0.5, 0.5, 0.5, 0.5, 0.5, 0.5, 0.5, 0.5, 0.5, 0.5, 0.5, 0.5, 0.5, 0.5, 0.5, 0.5, 0.5, 0.5, 0.5, 0.5, 0.5, 0.5, 0.5, 0.5, 0.5, 0.5, 0.5, 0.5, 0.5, 0.5, 0.5, 0.5, 0.5, 0.5, 0.5, 0.5, 0.5, 0.5, 0.5, 0.5, 0.5, 0.5, 0.5, 0.5, 0.5, 0.5, 0.5, 0.5, 0.5, 0.5, 0.5, 0.5, 0.5, 0.5, 0.5, 0.5, 0.5, 0.5, 0.5, 0.5, 0.5, 0.5, 0.5, 0.5, 0.5, 0.5, 0.5, 0.5, 0.5, 0.5, 0.5, 0.5, 0.5, 0.5, 0.5, 0.5, 0.5, 0.5, 0.5, 0.5, 0.5, 0.5, 0.5, 0.5, 0.5, 0.5, 0.5, 0.5, 0.5, 0.5, 0.5, 0.5, 0.5, 0.5, 0.5, 0.5, 0.5, 0.5, 0.5, 0.5, 0.5, 0.5, 0.5, 0.5, 0.5, 0.5, 0.5, 0.5, 0.5, 0.5, 0.5, 0.5, 0.5, 0.5, 0.5, 0.5, 0.5, 0.5, 0.5, 0.5, 0.5, 0.5, 0.5, 0.5, 0.5, 0.5, 0.5, 0.5, 0.5, 0.5, 0.5, 0.5, 0.5, 0.5, 0.5, 0.5, 0.5, 0.5, 0.5, 0.5, 0.5, 0.5, 0.5, 0.5, 0.5, 0.5, 0.5, 0.5, 0.5, 0.5, 0.5, 0.5, 0.5, 0.5, 0.5, 0.5, 0.5, 0.5, 0.5, 0.5, 0.5, 0.5, 0.5, 0.5, 0.5, 0.5, 0.5, 0.5, 0.5, 0.5, 0.5, 0.5, 0.5, 0.5, 0.5, 0.5, 0.5, 0.5, 0.5, 0.5, 0.5, 0.5, 0.5, 0.5, 0.5, 0.5, 0.5, 0.5, 0.5, 0.5, 0.5, 0.5, 0.5, 0.5, 0.5, 0.5, 0.5, 0.5, 0.5, 0.5, 0.5, 0.5, 0.5, 0.5, 0.5, 0.5, 0.5, 0.5, 0.5, 0.5, 0.5, 0.5, 0.5, 0.5, 0.5, 0.5, 0.5, 0.5, 0.5, 0.5, 0.5, 0.5, 0.5, 0.5, 0.5, 0.5, 0.5, 0.5, 0.5, 0.5, 0.5, 0.5, 0.5, 0.5, 0.5, 0.5, 0.5, 0.5, 0.5, 0.5, 0.5, 0.5, 0.5, 0.5, 0.5, 0.5, 0.5, 0.5, 0.5, 0.5, 0.5, 0.5, 0.5, 0.5, 0.5, 0.5, 0.5, 0.5, 0.5, 0.5, 0.5, 0.5, 0.5, 0.5, 0.5, 0.5, 0.5, 0.5, 0.5, 0.5, 0.5, 0.5, 0.5, 0.5, 0.5, 0.5, 0.5, 0.5, 0.5, 0.5, 0.5, 0.5, 0.5, 0.5, 0.5, 0.5, 0.5, 0.5, 0.5, 0.5, 0.5, 0.5, 0.5, 0.5, 0.5, 0.5, 0.5, 0.5, 0.5, 0.5, 0.5, 0.5, 0.5, 0.5, 0.5, 0.5, 0.5, 0.5, 0.5, 0.5, 0.5, 0.5, 0.5, 0.5, 0.5, 0.5, 0.5, 0.5, 0.5, 0.5, 0.5, 0.5, 0.5, 0.5, 0.5, 0.5, 0.5, 0.5, 0.5, 0.5, 0.5, 0.5, 0.5, 0.5, 0.5, 0.5, 0.5, 0.5, 0.5, 0.5, 0.5, 0.5, 0.5, 0.5, 0.5, 0.5, 0.5, 0.5, 0.5, 0.5, 0.5, 0.5, 0.5, 0.5, 0.5, 0.5, 0.5, 0.5, 0.5, 0.5, 0.5, 0.5, 0.5, 0.5, 0.5, 0.5, 0.5, 0.5, 0.5, 0.5, 0.5, 0.5, 0.5, 0.5, 0.5, 0.5, 0.5, 0.5, 0.5, 0.5, 0.5, 0.5, 0.5, 0.5, 0.5, 0.5, 0.5, 0.5, 0.5, 0.5, 0.5, 0.5, 0.5, 0.5, 0.5, 0.5, 0.5, 0.5, 0.5, 0.5, 0.5, 0.5, 0.5, 0.5, 0.5, 0.5, 0.5, 0.5, 0.5, 0.5, 0.5, 0.5, 0.5, 0.5, 0.5, 0.5, 0.5, 0.5, 0.5, 0.5, 0.5, 0.5, 0.5, 0.5, 0.5, 0.5, 0.5, 0.5, 0.5, 0.5, 0.5, 0.5, 0.5, 0.5, 0.5, 0.5, 0.5, 0.5, 0.5, 0.5, 0.5, 0.5, 0.5, 0.5, 0.5, 0.5, 0.5, 0.5, 0.5, 0.5, 0.5, 0.5, 0.5, 0.5, 0.5, 0.5, 0.5, 0.5, 0.5, 0.5, 0.5, 0.5, 0.5, 0.5, 0.5, 0.5, 0.5, 0.5, 0.5, 0.5, 0.5, 0.5, 0.5, 0.5, 0.5, 0.5, 0.5, 0.5, 0.5, 0.5, 0.5, 0.5, 0.5, 0.5, 0.5, 0.5, 0.5, 0.5, 0.5, 0.5, 0.5, 0.5, 0.5, 0.5, 0.5, 0.5, 0.5, 0.5, 0.5, 0.5, 0.5, 0.5, 0.5, 0.5, 0.5, 0.5, 0.5, 0.5, 0.5, 0.5, 0.5, 0.5, 0.5, 0.5, 0.5, 0.5, 0.5, 0.5, 0.5, 0.5, 0.5, 0.5, 0.5, 0.5, 0.5, 0.5, 0.5, 0.5, 0.5, 0.5, 0.5, 0.5, 0.5, 0.5, 0.5, 0.5, 0.5, 0.5, 0.5, 0.5, 0.5, 0.5, 0.5, 0.5, 0.5, 0.5, 0.5, 0.5, 0.5, 0.5, 0.5, 0.5, 0.5, 0.5, 0.5, 0.5, 0.5, 0.5, 0.5, 0.5, 0.5, 0.5, 0.5, 0.5, 0.5, 0.5, 0.5, 0.5, 0.5, 0.5, 0.5, 0.5, 0.5, 0.5, 0.5, 0.5, 0.5, 0.5, 0.5, 0.5, 0.5, 0.5, 0.5, 0.5, 0.5, 0.5, 0.5, 0.5, 0.5, 0.5, 0.5, 0.5, 0.5, 0.5, 0.5, 0.5, 0.5, 0.5, 0.5, 0.5, 0.5, 0.5, 0.5, 0.5, 0.5, 0.5, 0.5, 0.5, 0.5, 0.5, 0.5, 0.5, 0.5, 0.5, 0.5, 0.5, 0.5, 0.5, 0.5, 0.5, 0.5, 0.5, 0.5, 0.5, 0.5, 0.5, 0.5, 0.5, 0.5, 0.5, 0.5, 0.5, 0.5, 0.5, 0.5, 0.5, 0.5, 0.5, 0.5, 0.5, 0.5, 0.5, 0.5, 0.5, 0.5, 0.5, 0.5, 0.5, 0.5, 0.5, 0.5, 0.5, 0.5, 0.5, 0.5, 0.5, 0.5, 0.5, 0.5, 0.5, 0.5, 0.5, 0.5, 0.5, 0.5, 0.5, 0.5, 0.5, 0.5, 0.5, 0.5, 0.5, 0.5, 0.5, 0.5, 0.5, 0.5, 0.5, 0.5, 0.5, 0.5, 0.5, 0.5, 0.5, 0.5, 0.5, 0.5, 0.5, 0.5, 0.5, 0.5, 0.5, 0.5, 0.5, 0.5, 0.5, 0.5, 0.5, 0.5, 0.5, 0.5, 0.5, 0.5, 0.5, 0.5, 0.5, 0.5, 0.5, 0.5, 0.5, 0.5, 0.5, 0.5, 0.5, 0.5, 0.5, 0.5, 0.5, 0.5, 0.5, 0.5, 0.5, 0.5, 0.5, 0.5, 0.5, 0.5, 0.5, 0.5, 0.5, 0.5, 0.5, 0.5, 0.5, 0.5, 0.5, 0.5, 0.5, 0.5, 0.5, 0.5, 0.5, 0.5, 0.5, 0.5, 0.5, 0.5, 0.5, 0.5, 0.5, 0.5, 0.5, 0.5, 0.5, 0.5, 0.5, 0.5, 0.5, 0.5, 0.5, 0.5, 0.5, 0.5, 0.5, 0.5, 0.5, 0.5, 0.5, 0.5, 0.5, 0.5, 0.5, 0.5, 0.5, 0.5, 0.5, 0.5, 0.5, 0.5, 0.5, 0.5, 0.5, 0.5, 0.5, 0.5, 0.5, 0.5, 0.5, 0.5, 0.5, 0.5, 0.5, 0.5, 0.5, 0.5, 0.5, 0.5, 0.5, 0.5, 0.5, 0.5, 0.5, 0.5, 0.5, 0.5, 0.5, 0.5, 0.5, 0.5, 0.5, 0.5, 0.5, 0.5, 0.5, 0.5, 0.5, 0.5, 0.5, 0.5, 0.5, 0.5, 0.5, 0.5, 0.5, 0.5, 0.5, 0.5, 0.5, 0.5, 0.5, 0.5, 0.5, 0.5, 0.5, 0.5, 0.5, 0.5, 0.5, 0.5, 0.5, 0.5, 0.5, 0.5, 0.5, 0.5, 0.5, 0.5, 0.5, 0.5, 0.5, 0.5, 0.5, 0.5, 0.5, 0.5, 0.5, 0.5, 0.5, 0.5, 0.5, 0.5, 0.5, 0.5, 0.5, 0.5, 0.5, 0.5, 0.5, 0.5, 0.5, 0.5, 0.5, 0.5, 0.5, 0.5, 0.5, 0.5, 0.5, 0.5, 0.5, 0.5, 0.5, 0.5, 0.5, 0.5, 0.5, 0.5, 0.5, 0.5, 0.5, 0.5, 0.5, 0.5, 0.5, 0.5, 0.5, 0.5, 0.5, 0.5, 0.5, 0.5, 0.5, 0.5, 0.5, 0.5, 0.5, 0.5, 0.5, 0.5, 0.5, 0.5, 0.5, 0.5, 0.5, 0.5, 0.5, 0.5, 0.5, 0.5, 0.5, 0.5, 0.5, 0.5, 0.5, 0.5, 0.5, 0.5, 0.5, 0.5, 0.5, 0.5, 0.5, 0.5, 0.5, 0.5, 0.5, 0.5, 0.5, 0.5, 0.5, 0.5, 0.5, 0.5, 0.5, 0.5, 0.5, 0.5, 0.5, 0.5, 0.5, 0.5, 0.5, 0.5, 0.5, 0.5, 0.5, 0.5, 0.5, 0.5, 0.5, 0.5, 0.5, 0.5, 0.5, 0.5, 0.5, 0.5, 0.5, 0.5, 0.5, 0.5, 0.5, 0.5, 0.5, 0.5, 0.5, 0.5, 0.5, 0.5, 0.5, 0.5, 0.5, 0.5, 0.5, 0.5, 0.5, 0.5, 0.5, 0.5, 0.5, 0.5, 0.5, 0.5, 0.5, 0.5, 0.5, 0.5, 0.5, 0.5, 0.5, 0.5, 0.5, 0.5, 0.5, 0.5, 0.5, 0.5, 0.5, 0.5, 0.5, 0.5, 0.5, 0.5, 0.5, 0.5, 0.5, 0.5, 0.5, 0.5, 0.5, 0.5, 0.5, 0.5, 0.5, 0.5, 0.5, 0.5, 0.5, 0.5, 0.5, 0.5, 0.5, 0.5, 0.5, 0.5, 0.5, 0.5, 0.5, 0.5, 0.5, 0.5, 0.5, 0.5, 0.5, 0.5, 0.5, 0.5, 0.5, 0.5, 0.5, 0.5, 0.5, 0.5, 0.5, 0.5, 0.5, 0.5, 0.5, 0.5, 0.5, 0.5, 0.5, 0.5, 0.5, 0.5, 0.5, 0.5, 0.5, 0.5, 0.5, 0.5, 0.5, 0.5, 0.5, 0.5, 0.5, 0.5, 0.5, 0.5, 0.5, 0.5, 0.5, 0.5, 0.5, 0.5, 0.5, 0.5, 0.5, 0.5, 0.5, 0.5, 0.5, 0.5, 0.5, 0.5, 0.5, 0.5, 0.5, 0.5, 0.5, 0.5, 0.5, 0.5, 0.5, 0.5, 0.5, 0.5, 0.5, 0.5, 0.5, 0.5, 0.5, 0.5, 0.5, 0.5, 0.5, 0.5, 0.5, 0.5, 0.5, 0.5, 0.5, 0.5, 0.5, 0.5, 0.5, 0.5, 0.5, 0.5, 0.5, 0.5, 0.5, 0.5, 0.5, 0.5, 0.5, 0.5, 0.5, 0.5, 0.5, 0.5, 0.5, 0.5, 0.5, 0.5, 0.5, 0.5, 0.5, 0.5, 0.5, 0.5, 0.5, 0.5, 0.5, 0.5, 0.5, 0.5, 0.5, 0.5, 0.5, 0.5, 0.5, 0.5, 0.5, 0.5, 0.5, 0.5, 0.5, 0.5, 0.5, 0.5, 0.5, 0.5, 0.5, 0.5, 0.5, 0.5, 0.5, 0.5, 0.5, 0.5, 0.5, 0.5, 0.5, 0.5, 0.5, 0.5, 0.5, 0.5, 0.5, 0.5, 0.5, 0.5, 0.5, 0.5, 0.5, 0.5, 0.5, 0.5, 0.5, 0.5, 0.5, 0.5, 0.5, 0.5, 0.5, 0.5, 0.5, 0.5, 0.5, 0.5, 0.5, 0.5, 0.5, 0.5, 0.5, 0.5, 0.5, 0.5, 0.5, 0.5, 0.5, 0.5, 0.5, 0.5, 0.5, 0.5, 0.5, 0.5, 0.5, 0.5, 0.5, 0.5, 0.5, 0.5, 0.5, 0.5, 0.5, 0.5, 0.5, 0.5, 0.5, 0.5, 0.5, 0.5, 0.5, 0.5, 0.5, 0.5, 0.5, 0.5, 0.5, 0.5, 0.5, 0.5, 0.5, 0.5, 0.5, 0.5, 0.5, 0.5, 0.5, 0.5, 0.5, 0.5, 0.5, 0.5, 0.5, 0.5, 0.5, 0.5, 0.5, 0.5, 0.5, 0.5, 0.5, 0.5, 0.5, 0.5, 0.5, 0.5, 0.5, 0.5, 0.5, 0.5, 0.5, 0.5, 0.5, 0.5, 0.5, 0.5, 0.5, 0.5, 0.5, 0.5, 0.5, 0.5, 0.5, 0.5, 0.5, 0.5, 0.5, 0.5, 0.5, 0.5, 0.5, 0.5, 0.5, 0.5, 0.5, 0.5, 0.5, 0.5, 0.5, 0.5, 0.5, 0.5, 0.5, 0.5, 0.5, 0.5, 0.5, 0.5, 0.5, 0.5, 0.5, 0.5, 0.5, 0.5, 0.5, 0.5, 0.5, 0.5, 0.5, 0.5, 0.5, 0.5, 0.5, 0.5, 0.5, 0.5, 0.5, 0.5, 0.5, 0.5, 0.5, 0.5, 0.5, 0.5, 0.5, 0.5, 0.5, 0.5, 0.5, 0.5, 0.5, 0.5, 0.5, 0.5, 0.5, 0.5, 0.5, 0.5, 0.5, 0.5, 0.5, 0.5, 0.5, 0.5, 0.5, 0.5, 0.5, 0.5, 0.5, 0.5, 0.5, 0.5, 0.5, 0.5, 0.5, 0.5, 0.5, 0.5, 0.5, 0.5, 0.5, 0.5, 0.5, 0.5, 0.5, 0.5, 0.5, 0.5, 0.5, 0.5, 0.5, 0.5, 0.5, 0.5, 0.5, 0.5, 0.5, 0.5, 0.5, 0.5, 0.5, 0.5, 0.5, 0.5, 0.5, 0.5, 0.5, 0.5, 0.5, 0.5, 0.5, 0.5, 0.5, 0.5, 0.5, 0.5, 0.5, 0.5, 0.5, 0.5, 0.5, 0.5, 0.5, 0.5, 0.5, 0.5, 0.5, 0.5, 0.5, 0.5, 0.5, 0.5, 0.5, 0.5, 0.5, 0.5, 0.5, 0.5, 0.5, 0.5, 0.5, 0.5, 0.5, 0.5, 0.5, 0.5, 0.5, 0.5, 0.5, 0.5, 0.5, 0.5, 0.5, 0.5, 0.5, 0.5, 0.5, 0.5, 0.5, 0.5, 0.5, 0.5, 0.5, 0.5, 0.5, 0.5, 0.5, 0.5, 0.5, 0.5, 0.5, 0.5, 0.5, 0.5, 0.5, 0.5, 0.5, 0.5, 0.5, 0.5, 0.5, 0.5, 0.5, 0.5, 0.5, 0.5, 0.5, 0.5, 0.5, 0.5, 0.5, 0.5, 0.5, 0.5, 0.5, 0.5, 0.5, 0.5, 0.5, 0.5, 0.5, 0.5, 0.5, 0.5, 0.5, 0.5, 0.5, 0.5, 0.5, 0.5, 0.5, 0.5, 0.5, 0.5, 0.5, 0.5, 0.5, 0.5, 0.5, 0.5, 0.5, 0.5, 0.5, 0.5, 0.5, 0.5, 0.5, 0.5, 0.5, 0.5, 0.5, 0.5, 0.5, 0.5, 0.5, 0.5, 0.5, 0.5, 0.5, 0.5, 0.5, 0.5, 0.5, 0.5, 0.5, 0.5, 0.5, 0.5, 0.5, 0.5, 0.5, 0.5, 0.5, 0.5, 0.5, 0.5, 0.5, 0.5, 0.5, 0.5, 0.5, 0.5, 0.5, 0.5, 0.5, 0.5, 0.5, 0.5, 0.5, 0.5, 0.5, 0.5, 0.5, 0.5, 0.5, 0.5, 0.5, 0.5, 0.5, 0.5, 0.5, 0.5, 0.5, 0.5, 0.5, 0.5, 0.5, 0.5, 0.5, 0.5, 0.5, 0.5, 0.5, 0.5, 0.5, 0.5, 0.5, 0.5, 0.5, 0.5, 0.5, 0.5, 0.5, 0.5, 0.5, 0.5, 0.5, 0.5, 0.5, 0.5, 0.5, 0.5, 0.5, 0.5, 0.5, 0.5, 0.5, 0.5, 0.5, 0.5, 0.5, 0.5, 0.5, 0.5, 0.5, 0.5, 0.5, 0.5, 0.5, 0.5, 0.5, 0.5, 0.5, 0.5, 0.5, 0.5, 0.5, 0.5, 0.5, 0.5, 0.5, 0.5, 0.5, 0.5, 0.5, 0.5, 0.5, 0.5, 0.5, 0.5, 0.5, 0.5, 0.5, 0.5, 0.5, 0.5, 0.5, 0.5, 0.5, 0.5, 0.5, 0.5, 0.5, 0.5, 0.5, 0.5, 0.5, 0.5, 0.5, 0.5, 0.5, 0.5, 0.5, 0.5, 0.5, 0.5, 0.5, 0.5, 0.5, 0.5, 0.5, 0.5, 0.5, 0.5, 0.5, 0.5, 0.5, 0.5, 0.5, 0.5, 0.5, 0.5, 0.5, 0.5, 0.5, 0.5, 0.5, 0.5, 0.5, 0.5, 0.5, 0.5, 0.5, 0.5, 0.5, 0.5, 0.5, 0.5, 0.5, 0.5, 0.5, 0.5, 0.5, 0.5, 0.5, 0.5, 0.5, 0.5, 0.5, 0.5, 0.5, 0.5, 0.5, 0.5, 0.5, 0.5, 0.5, 0.5, 0.5, 0.5, 0.5, 0.5, 0.5, 0.5, 0.5, 0.5, 0.5, 0.5, 0.5, 0.5, 0.5, 0.5, 0.5, 0.5, 0.5, 0.5, 0.5, 0.5, 0.5]",3
2026_11_KICE_4-9_5,['5(2)'],"1번: 적절하지 않음 + ""법은 사회 구성원들에게 보편적으로 적용되는 규범이므로, 성문법을 ⓐ[구성하는](ⓐ의 밑줄) 단어나 문장은 그 일상적 의미에 충실하게 해석되어야 한다.""
2번: 적절함 + ""그러나 문리 해석으로 그 내용을 제대로 파악하기 어려우면, 그것이 사용된 맥락을 ⓑ[고려하여](ⓑ의 밑줄) 그 의미를 파악하는 ‘체계적 해석’""
3번: 적절함 + ""매수인은 계약을 ⓒ[파기하고](ⓒ의 밑줄) 대금 환불을 청구할 수도 있다.""
4번: 적절함 + ""보증이 ⓓ[성립하려면](ⓓ의 밑줄) 채권자와 보증인을 당사자로 하는 보증 계약이 필요하다.""
5번: 적절하지 않음 + ""위 법률 제2조가 그 적용 대상인 보증 계약을 ‘주채무자가 금전 채무를 이행하지 않는 경우 그 채무를 보증인 이 이행하기로 하는 계약’이라고 ⓔ[규정하고](ⓔ의 밑줄) 있으나""

최종 정답: 5번","[16, 167, 110, 230, 25, 23821, 254, 223, 168, 254, 230, 47991, 246, 168, 100, 222, 23821, 243, 232, 35975, 234, 1343, 366, 167, 110, 243, 35975, 222, 23821, 8955, 169, 248, 234, 220, 166, 113, 105, 168, 226, 109, 168, 249, 238, 167, 241, 97, 168, 245, 238, 166, 110, 234, 31619, 111, 112, 169, 236, 116, 168, 254, 223, 168, 250, 120, 167, 94, 250, 23821, 254, 223, 168, 248, 102, 167, 238, 246, 167, 232, 242, 220, 166, 115, 250, 167, 110, 242, 35975, 112, 167, 107, 222, 167, 94, 250, 11, 23821, 226, 109, 167, 105, 116, 167, 110, 243, 35975, 226, 2343, 241, 238, 58, 166, 113, 105, 168, 226, 109, 47991, 246, 167, 232, 242, 16151, 158, 241, 238, 35975, 246, 31619, 108, 239, 168, 97, 226, 8, 31619, 233, 101, 168, 244, 112, 167, 224, 246, 31619, 105, 116, 168, 252, 98, 35975, 222, 220, 166, 115, 116, 23821, 251, 120, 168, 225, 223, 168, 254, 223, 23821, 251, 246, 167, 107, 116, 168, 245, 238, 23821, 114, 102, 168, 233, 97, 47991, 246, 166, 110, 234, 220, 47991, 112, 168, 226, 251, 167, 238, 246, 168, 244, 112, 168, 243, 120, 220, 47991, 250, 46695, 97, 526, 198, 17, 167, 110, 230, 25, 23821, 254, 223, 168, 254, 230, 47991, 101, 1343, 366, 166, 115, 116, 167, 253, 105, 167, 224, 246, 31619, 105, 116, 167, 99, 105, 220, 47991, 112, 168, 226, 251, 168, 250, 120, 167, 94, 250, 220, 166, 115, 116, 31619, 224, 112, 168, 248, 102, 35975, 226, 23821, 254, 250, 167, 234, 222, 167, 94, 250, 220, 169, 234, 234, 168, 243, 227, 47991, 246, 166, 116, 108, 23821, 244, 112, 167, 254, 97, 168, 248, 108, 167, 102, 112, 11, 220, 166, 115, 116, 166, 110, 225, 35975, 112, 23821, 8955, 168, 248, 102, 167, 238, 250, 31619, 100, 98, 167, 251, 121, 35975, 226, 2343, 241, 239, 58, 166, 111, 254, 167, 254, 97, 47991, 246, 168, 245, 105, 16151, 158, 241, 239, 35975, 246, 31619, 108, 239, 168, 97, 226, 8, 220, 166, 115, 116, 23821, 251, 246, 167, 107, 116, 167, 98, 120, 220, 169, 234, 234, 168, 243, 227, 47991, 246, 167, 232, 242, 564, 246, 168, 110, 112, 166, 111, 226, 168, 254, 223, 220, 47991, 112, 168, 226, 251, 447, 247, 1, 198, 18, 167, 110, 230, 25, 23821, 254, 223, 168, 254, 230, 47991, 101, 1343, 366, 167, 100, 97, 168, 230, 246, 35975, 116, 35975, 222, 220, 166, 111, 226, 168, 243, 121, 35975, 226, 2343, 241, 240, 58, 169, 234, 234, 166, 116, 108, 47991, 246, 166, 111, 254, 16151, 158, 241, 240, 35975, 246, 31619, 108, 239, 168, 97, 226, 8, 31619, 234, 222, 166, 116, 230, 220, 169, 247, 246, 167, 114, 230, 35975, 226, 23821, 110, 255, 166, 113, 105, 47991, 254, 23821, 230, 246, 167, 237, 226, 23821, 252, 230, 46695, 97, 526, 198, 19, 167, 110, 230, 25, 23821, 254, 223, 168, 254, 230, 47991, 101, 1343, 366, 167, 111, 112, 168, 99, 251, 35975, 112, 2343, 241, 241, 58, 168, 226, 109, 167, 99, 121, 47991, 246, 167, 254, 97, 167, 102, 112, 16151, 158, 241, 241, 35975, 246, 31619, 108, 239, 168, 97, 226, 8, 23821, 109, 226, 166, 114, 234, 168, 252, 238, 168, 247, 222, 31619, 111, 112, 168, 99, 251, 35975, 116, 35975, 226, 31619, 233, 117, 168, 8955, 168, 252, 238, 167, 94, 250, 220, 47991, 246, 167, 232, 242, 31619, 111, 112, 168, 99, 251, 220, 166, 111, 226, 168, 243, 121, 35975, 112, 220, 47991, 226, 168, 248, 242, 47991, 246, 46695, 97, 526, 198, 20, 167, 110, 230, 25, 23821, 254, 223, 168, 254, 230, 47991, 246, 168, 100, 222, 23821, 243, 232, 35975, 234, 1343, 366, 168, 250, 226, 31619, 110, 243, 167, 98, 254, 23821, 254, 250, 17, 168, 94, 108, 166, 108, 222, 220, 166, 115, 116, 23821, 254, 223, 168, 248, 102, 31619, 234, 222, 168, 225, 223, 35975, 116, 31619, 111, 112, 168, 99, 251, 220, 166, 111, 226, 168, 243, 121, 35975, 226, 564, 246, 168, 96, 120, 168, 109, 226, 167, 105, 112, 168, 252, 238, 166, 108, 222, 220, 166, 116, 230, 168, 254, 226, 23821, 109, 226, 167, 105, 112, 167, 98, 120, 23821, 251, 112, 169, 244, 231, 47991, 246, 168, 100, 222, 23821, 243, 232, 167, 232, 242, 220, 166, 110, 121, 168, 248, 108, 220, 166, 115, 116, 23821, 109, 226, 167, 105, 112, 167, 98, 120, 31619, 111, 112, 168, 99, 251, 35975, 116, 23821, 251, 112, 23821, 251, 112, 169, 244, 231, 47991, 246, 166, 116, 108, 167, 94, 250, 220, 47991, 246, 167, 232, 242, 220, 166, 111, 226, 168, 243, 121, 447, 247, 35975, 112, 167, 251, 120, 166, 111, 254, 2343, 241, 242, 58, 166, 115, 250, 168, 254, 243, 47991, 246, 166, 111, 254, 16151, 158, 241, 242, 35975, 246, 31619, 108, 239, 168, 97, 226, 8, 23821, 252, 230, 168, 250, 120, 167, 224, 246, 1, 198, 198, 168, 113, 250, 168, 95, 227, 23821, 254, 243, 46695, 113, 25, 642, 167, 110, 230]","[0.5, 0.5, 0.5, 0.5, 0.5, 0.5, 0.5, 0.5, 0.5, 0.5, 0.5, 0.5, 0.5, 0.5, 0.5, 0.5, 0.5, 0.5, 0.5, 0.5, 0.5, 0.5, 0.5, 0.5, 0.5, 0.5, 0.5, 0.5, 0.5, 0.5, 0.5, 0.5, 0.5, 0.5, 0.5, 0.5, 0.5, 0.5, 0.5, 0.5, 0.5, 0.5, 0.5, 0.5, 0.5, 0.5, 0.5, 0.5, 0.5, 0.5, 0.5, 0.5, 0.5, 0.5, 0.5, 0.5, 0.5, 0.5, 0.5, 0.5, 0.5, 0.5, 0.5, 0.5, 0.5, 0.5, 0.5, 0.5, 0.5, 0.5, 0.5, 0.5, 0.5, 0.5, 0.5, 0.5, 0.5, 0.5, 0.5, 0.5, 0.5, 0.5, 0.5, 0.5, 0.5, 0.5, 0.5, 0.5, 0.5, 0.5, 0.5, 0.5, 0.5, 0.5, 0.5, 0.5, 0.5, 0.5, 0.5, 0.5, 0.5, 0.5, 0.5, 0.5, 0.5, 0.5, 0.5, 0.5, 0.5, 0.5, 0.5, 0.5, 0.5, 0.5, 0.5, 0.5, 0.5, 0.5, 0.5, 0.5, 0.5, 0.5, 0.5, 0.5, 0.5, 0.5, 0.5, 0.5, 0.5, 0.5, 0.5, 0.5, 0.5, 0.5, 0.5, 0.5, 0.5, 0.5, 0.5, 0.5, 0.5, 0.5, 0.5, 0.5, 0.5, 0.5, 0.5, 0.5, 0.5, 0.5, 0.5, 0.5, 0.5, 0.5, 0.5, 0.5, 0.5, 0.5, 0.5, 0.5, 0.5, 0.5, 0.5, 0.5, 0.5, 0.5, 0.5, 0.5, 0.5, 0.5, 0.5, 0.5, 0.5, 0.5, 0.5, 0.5, 0.5, 0.5, 0.5, 0.5, 0.5, 0.5, 0.5, 0.5, 0.5, 0.5, 0.5, 0.5, 0.5, 0.5, 0.5, 0.5, 0.5, 0.5, 0.5, 0.5, 0.5, 0.5, 0.5, 0.5, 0.5, 0.5, 0.5, 0.5, 0.5, 0.5, 0.5, 0.5, 0.5, 0.5, 0.5, 0.5, 0.5, 0.5, 0.5, 0.5, 0.5, 0.5, 0.5, 0.5, 0.5, 0.5, 0.5, 0.5, 0.5, 0.5, 0.5, 0.5, 0.5, 0.5, 0.5, 0.5, 0.5, 0.5, 0.5, 0.5, 0.5, 0.5, 0.5, 0.5, 0.5, 0.5, 0.5, 0.5, 0.5, 0.5, 0.5, 0.5, 0.5, 0.5, 0.5, 0.5, 0.5, 0.5, 0.5, 0.5, 0.5, 0.5, 0.5, 0.5, 0.5, 0.5, 0.5, 0.5, 0.5, 0.5, 0.5, 0.5, 0.5, 0.5, 0.5, 0.5, 0.5, 0.5, 0.5, 0.5, 0.5, 0.5, 0.5, 0.5, 0.5, 0.5, 0.5, 0.5, 0.5, 0.5, 0.5, 0.5, 0.5, 0.5, 0.5, 0.5, 0.5, 0.5, 0.5, 0.5, 0.5, 0.5, 0.5, 0.5, 0.5, 0.5, 0.5, 0.5, 0.5, 0.5, 0.5, 0.5, 0.5, 0.5, 0.5, 0.5, 0.5, 0.5, 0.5, 0.5, 0.5, 0.5, 0.5, 0.5, 0.5, 0.5, 0.5, 0.5, 0.5, 0.5, 0.5, 0.5, 0.5, 0.5, 0.5, 0.5, 0.5, 0.5, 0.5, 0.5, 0.5, 0.5, 0.5, 0.5, 0.5, 0.5, 0.5, 0.5, 0.5, 0.5, 0.5, 0.5, 0.5, 0.5, 0.5, 0.5, 0.5, 0.5, 0.5, 0.5, 0.5, 0.5, 0.5, 0.5, 0.5, 0.5, 0.5, 0.5, 0.5, 0.5, 0.5, 0.5, 0.5, 0.5, 0.5, 0.5, 0.5, 0.5, 0.5, 0.5, 0.5, 0.5, 0.5, 0.5, 0.5, 0.5, 0.5, 0.5, 0.5, 0.5, 0.5, 0.5, 0.5, 0.5, 0.5, 0.5, 0.5, 0.5, 0.5, 0.5, 0.5, 0.5, 0.5, 0.5, 0.5, 0.5, 0.5, 0.5, 0.5, 0.5, 0.5, 0.5, 0.5, 0.5, 0.5, 0.5, 0.5, 0.5, 0.5, 0.5, 0.5, 0.5, 0.5, 0.5, 0.5, 0.5, 0.5, 0.5, 0.5, 0.5, 0.5, 0.5, 0.5, 0.5, 0.5, 0.5, 0.5, 0.5, 0.5, 0.5, 0.5, 0.5, 0.5, 0.5, 0.5, 0.5, 0.5, 0.5, 0.5, 0.5, 0.5, 0.5, 0.5, 0.5, 0.5, 0.5, 0.5, 0.5, 0.5, 0.5, 0.5, 0.5, 0.5, 0.5, 0.5, 0.5, 0.5, 0.5, 0.5, 0.5, 0.5, 0.5, 0.5, 0.5, 0.5, 0.5, 0.5, 0.5, 0.5, 0.5, 0.5, 0.5, 0.5, 0.5, 0.5, 0.5, 0.5, 0.5, 0.5, 0.5, 0.5, 0.5, 0.5, 0.5, 0.5, 0.5, 0.5, 0.5, 0.5, 0.5, 0.5, 0.5, 0.5, 0.5, 0.5, 0.5, 0.5, 0.5, 0.5, 0.5, 0.5, 0.5, 0.5, 0.5, 0.5, 0.5, 0.5, 0.5, 0.5, 0.5, 0.5, 0.5, 0.5, 0.5, 0.5, 0.5, 0.5, 0.5, 0.5, 0.5, 0.5, 0.5, 0.5, 0.5, 0.5, 0.5, 0.5, 0.5, 0.5, 0.5, 0.5, 0.5, 0.5, 0.5, 0.5, 0.5, 0.5, 0.5, 0.5, 0.5, 0.5, 0.5, 0.5, 0.5, 0.5, 0.5, 0.5, 0.5, 0.5, 0.5, 0.5, 0.5, 0.5, 0.5, 0.5, 0.5, 0.5, 0.5, 0.5, 0.5, 0.5, 0.5, 0.5, 0.5, 0.5, 0.5, 0.5, 0.5, 0.5, 0.5, 0.5, 0.5, 0.5, 0.5, 0.5, 0.5, 0.5, 0.5, 0.5, 0.5, 0.5, 0.5, 0.5, 0.5, 0.5, 0.5, 0.5, 0.5, 0.5, 0.5, 0.5, 0.5, 0.5, 0.5, 0.5, 0.5, 0.5, 0.5, 0.5, 0.5, 0.5, 0.5, 0.5, 0.5, 0.5, 0.5, 0.5, 0.5, 0.5, 0.5, 0.5, 0.5, 0.5, 0.5, 0.5, 0.5, 0.5, 0.5, 0.5, 0.5, 0.5, 0.5, 0.5, 0.5, 0.5, 0.5, 0.5, 0.5, 0.5, 0.5, 0.5, 0.5, 0.5, 0.5, 0.5, 0.5, 0.5, 0.5, 0.5, 0.5, 0.5, 0.5, 0.5, 0.5, 0.5, 0.5, 0.5, 0.5, 0.5, 0.5, 0.5, 0.5, 0.5, 0.5, 0.5, 0.5, 0.5, 0.5, 0.5, 0.5, 0.5, 0.5, 0.5, 0.5, 0.5, 0.5, 0.5, 0.5, 0.5, 0.5, 0.5, 0.5, 0.5, 0.5, 0.5, 0.5, 0.5, 0.5, 0.5, 0.5, 0.5, 0.5, 0.5, 0.5, 0.5, 0.5, 0.5, 0.5, 0.5, 0.5, 0.5, 0.5, 0.5, 0.5, 0.5, 0.5, 0.5, 0.5, 0.5, 0.5, 0.5, 0.5, 0.5, 0.5, 0.5, 0.5, 0.5, 0.5, 0.5, 0.5, 0.5, 0.5, 0.5, 0.5, 0.5, 0.5, 0.5, 0.5, 0.5, 0.5, 0.5, 0.5, 0.5, 0.5, 0.5, 0.5, 0.5, 0.5, 0.5, 0.5, 0.5, 0.5, 0.5, 0.5, 0.5, 0.5, 0.5, 0.5, 0.5, 0.5, 0.5, 0.5, 0.5, 0.5, 0.5, 0.5, 0.5, 0.5, 0.5, 0.5, 0.5, 0.5, 0.5, 0.5, 0.5, 0.5, 0.5, 0.5, 0.5, 0.5, 0.5, 0.5, 0.5, 0.5, 0.5, 0.5, 0.5, 0.5, 0.5, 0.5, 0.5, 0.5, 0.5, 0.5, 0.5, 0.5, 0.5, 0.5, 0.5, 0.5, 0.5, 0.5, 0.5, 0.5, 0.5, 0.5, 0.5, 0.5, 0.5, 0.5, 0.5, 0.5, 0.5, 0.5, 0.5, 0.5, 0.5, 0.5, 0.5, 0.5, 0.5, 0.5, 0.5, 0.5, 0.5, 0.5, 0.5, 0.5, 0.5, 0.5, 0.5, 0.5, 0.5, 0.5, 0.5, 0.5, 0.5, 0.5, 0.5, 0.5, 0.5, 0.5, 0.5, 0.5, 0.5, 0.5, 0.5, 0.5, 0.5, 0.5, 0.5, 0.5, 0.5, 0.5, 0.5, 0.5, 0.5, 0.5, 0.5, 0.5, 0.5, 0.5, 0.5, 0.5, 0.5, 0.5, 0.5, 0.5, 0.5, 0.5, 0.5, 0.5, 0.5, 0.5]",2
2026_11_KICE_10-13_0,['5(2)'],"1번: 불일치 + ""열팽창이란 물체의 온도 변화에 따라 그 길이, 부피가 변화하는 현상을 말한다.""
2번: 불일치 + ""그중 길이의 변화를 수치화한 것이 선형 열팽창 계수인데, 이는 온도 변화에 따른 길이 변화율을 온도 변화량으로 나눈 값이다.""
3번: 불일치 + ""대부분의 물질은 선형 열팽창 계수가 양수이며 물질마다 그 값이 다르다.""
4번: 불일치 + ""액추에이터란 열에너지 등을 기계적 동작으로 변환하는 장치로, 액추에이터의 설계에는 최대 이동 거리, 띠가 외부에 가할 수 있는 힘, 반응 완료 시간 등이 고려된다.""
5번: 일치 + ""반응 완료 시간은 온도를 올리기 시작한 시점부터 띠의 끝이 최대 이동 거리에 도달하기까지의 시간이고, 띠의 두께가 얇을수록 짧다.""

최종 정답: 5번","[16, 167, 110, 230, 25, 31619, 114, 230, 35975, 120, 168, 117, 246, 1343, 366, 168, 245, 112, 169, 234, 121, 168, 108, 121, 35975, 112, 167, 252, 222, 31619, 45539, 168, 110, 112, 35975, 246, 23821, 246, 101, 167, 237, 226, 31619, 111, 222, 169, 247, 242, 168, 245, 238, 31619, 242, 108, 167, 251, 120, 220, 166, 115, 116, 220, 166, 116, 116, 35975, 112, 11, 31619, 114, 222, 169, 242, 120, 166, 108, 222, 31619, 111, 222, 169, 247, 242, 47991, 246, 167, 232, 242, 220, 169, 246, 226, 168, 225, 223, 35975, 226, 31619, 100, 238, 47991, 250, 46695, 97, 526, 198, 17, 167, 110, 230, 25, 31619, 114, 230, 35975, 120, 168, 117, 246, 1343, 366, 166, 115, 116, 168, 97, 239, 220, 166, 116, 116, 35975, 112, 35975, 246, 31619, 111, 222, 169, 247, 242, 167, 98, 120, 23821, 230, 246, 168, 117, 246, 169, 247, 242, 47991, 250, 220, 166, 110, 225, 35975, 112, 23821, 226, 254, 169, 246, 243, 23821, 245, 112, 169, 234, 121, 168, 108, 121, 220, 166, 111, 226, 168, 230, 246, 35975, 116, 167, 235, 108, 11, 23821, 251, 112, 167, 232, 242, 23821, 246, 101, 167, 237, 226, 31619, 111, 222, 169, 247, 242, 168, 245, 238, 31619, 242, 108, 167, 98, 116, 220, 166, 116, 116, 35975, 112, 31619, 111, 222, 169, 247, 242, 168, 250, 101, 35975, 226, 23821, 246, 101, 167, 237, 226, 31619, 111, 222, 169, 247, 242, 167, 253, 231, 168, 250, 120, 167, 94, 250, 31619, 224, 246, 167, 230, 230, 220, 166, 108, 240, 35975, 112, 46695, 97, 526, 198, 18, 167, 110, 230, 25, 31619, 114, 230, 35975, 120, 168, 117, 246, 1343, 366, 167, 234, 222, 167, 114, 222, 167, 114, 226, 35975, 246, 31619, 45539, 168, 100, 230, 35975, 222, 23821, 226, 254, 169, 246, 243, 23821, 245, 112, 169, 234, 121, 168, 108, 121, 220, 166, 111, 226, 168, 230, 246, 166, 108, 222, 23821, 244, 239, 168, 230, 246, 35975, 112, 167, 102, 108, 31619, 45539, 168, 100, 230, 167, 100, 230, 46695, 97, 220, 166, 115, 116, 220, 166, 108, 240, 35975, 112, 31619, 233, 97, 167, 98, 112, 46695, 97, 526, 198, 19, 167, 110, 230, 25, 31619, 114, 230, 35975, 120, 168, 117, 246, 1343, 366, 168, 243, 94, 168, 114, 242, 168, 245, 238, 35975, 112, 169, 226, 108, 167, 252, 222, 23821, 245, 112, 168, 245, 238, 167, 226, 230, 168, 100, 222, 31619, 241, 109, 35975, 226, 220, 166, 116, 108, 166, 111, 226, 168, 254, 223, 31619, 237, 247, 168, 252, 239, 168, 250, 120, 167, 94, 250, 31619, 111, 222, 169, 247, 246, 47991, 246, 167, 232, 242, 23821, 252, 98, 168, 117, 246, 167, 94, 250, 11, 23821, 243, 94, 168, 114, 242, 168, 245, 238, 35975, 112, 169, 226, 108, 35975, 246, 23821, 226, 97, 166, 111, 226, 168, 245, 238, 167, 232, 242, 23821, 113, 250, 167, 234, 222, 23821, 251, 112, 167, 237, 247, 220, 166, 109, 108, 167, 99, 105, 11, 31619, 251, 254, 166, 108, 222, 23821, 247, 116, 167, 114, 222, 168, 245, 238, 220, 166, 108, 222, 47991, 254, 23821, 230, 246, 23821, 252, 230, 167, 232, 242, 220, 169, 252, 246, 11, 31619, 108, 246, 35975, 239, 23821, 247, 226, 167, 96, 234, 23821, 233, 250, 166, 108, 226, 31619, 241, 109, 35975, 112, 220, 166, 111, 254, 167, 254, 97, 167, 238, 250, 46695, 97, 526, 198, 20, 167, 110, 230, 25, 23821, 251, 120, 168, 117, 246, 1343, 366, 167, 108, 246, 35975, 239, 23821, 247, 226, 167, 96, 234, 23821, 233, 250, 166, 108, 226, 35975, 222, 23821, 246, 101, 167, 237, 226, 167, 98, 120, 23821, 246, 105, 167, 99, 105, 166, 116, 108, 23821, 233, 250, 168, 252, 239, 47991, 250, 23821, 233, 250, 168, 254, 238, 167, 114, 222, 169, 226, 108, 31619, 251, 254, 35975, 246, 31619, 223, 251, 35975, 112, 23821, 113, 250, 167, 234, 222, 23821, 251, 112, 167, 237, 247, 220, 166, 109, 108, 167, 99, 105, 168, 245, 238, 31619, 237, 226, 46695, 105, 47991, 246, 166, 116, 108, 166, 117, 234, 168, 100, 222, 35975, 246, 23821, 233, 250, 166, 108, 226, 35975, 112, 166, 111, 254, 11, 31619, 251, 254, 35975, 246, 31619, 239, 238, 166, 119, 246, 166, 108, 222, 23821, 244, 229, 35975, 226, 168, 230, 246, 167, 94, 251, 23821, 100, 100, 46695, 97, 526, 198, 198, 168, 113, 250, 168, 95, 227, 23821, 254, 243, 46695, 113, 25, 642, 167, 110, 230]","[0.5, 0.5, 0.5, 0.5, 0.5, 0.5, 0.5, 0.5, 0.5, 0.5, 0.5, 0.5, 0.5, 0.5, 0.5, 0.5, 0.5, 0.5, 0.5, 0.5, 0.5, 0.5, 0.5, 0.5, 0.5, 0.5, 0.5, 0.5, 0.5, 0.5, 0.5, 0.5, 0.5, 0.5, 0.5, 0.5, 0.5, 0.5, 0.5, 0.5, 0.5, 0.5, 0.5, 0.5, 0.5, 0.5, 0.5, 0.5, 0.5, 0.5, 0.5, 0.5, 0.5, 0.5, 0.5, 0.5, 0.5, 0.5, 0.5, 0.5, 0.5, 0.5, 0.5, 0.5, 0.5, 0.5, 0.5, 0.5, 0.5, 0.5, 0.5, 0.5, 0.5, 0.5, 0.5, 0.5, 0.5, 0.5, 0.5, 0.5, 0.5, 0.5, 0.5, 0.5, 0.5, 0.5, 0.5, 0.5, 0.5, 0.5, 0.5, 0.5, 0.5, 0.5, 0.5, 0.5, 0.5, 0.5, 0.5, 0.5, 0.5, 0.5, 0.5, 0.5, 0.5, 0.5, 0.5, 0.5, 0.5, 0.5, 0.5, 0.5, 0.5, 0.5, 0.5, 0.5, 0.5, 0.5, 0.5, 0.5, 0.5, 0.5, 0.5, 0.5, 0.5, 0.5, 0.5, 0.5, 0.5, 0.5, 0.5, 0.5, 0.5, 0.5, 0.5, 0.5, 0.5, 0.5, 0.5, 0.5, 0.5, 0.5, 0.5, 0.5, 0.5, 0.5, 0.5, 0.5, 0.5, 0.5, 0.5, 0.5, 0.5, 0.5, 0.5, 0.5, 0.5, 0.5, 0.5, 0.5, 0.5, 0.5, 0.5, 0.5, 0.5, 0.5, 0.5, 0.5, 0.5, 0.5, 0.5, 0.5, 0.5, 0.5, 0.5, 0.5, 0.5, 0.5, 0.5, 0.5, 0.5, 0.5, 0.5, 0.5, 0.5, 0.5, 0.5, 0.5, 0.5, 0.5, 0.5, 0.5, 0.5, 0.5, 0.5, 0.5, 0.5, 0.5, 0.5, 0.5, 0.5, 0.5, 0.5, 0.5, 0.5, 0.5, 0.5, 0.5, 0.5, 0.5, 0.5, 0.5, 0.5, 0.5, 0.5, 0.5, 0.5, 0.5, 0.5, 0.5, 0.5, 0.5, 0.5, 0.5, 0.5, 0.5, 0.5, 0.5, 0.5, 0.5, 0.5, 0.5, 0.5, 0.5, 0.5, 0.5, 0.5, 0.5, 0.5, 0.5, 0.5, 0.5, 0.5, 0.5, 0.5, 0.5, 0.5, 0.5, 0.5, 0.5, 0.5, 0.5, 0.5, 0.5, 0.5, 0.5, 0.5, 0.5, 0.5, 0.5, 0.5, 0.5, 0.5, 0.5, 0.5, 0.5, 0.5, 0.5, 0.5, 0.5, 0.5, 0.5, 0.5, 0.5, 0.5, 0.5, 0.5, 0.5, 0.5, 0.5, 0.5, 0.5, 0.5, 0.5, 0.5, 0.5, 0.5, 0.5, 0.5, 0.5, 0.5, 0.5, 0.5, 0.5, 0.5, 0.5, 0.5, 0.5, 0.5, 0.5, 0.5, 0.5, 0.5, 0.5, 0.5, 0.5, 0.5, 0.5, 0.5, 0.5, 0.5, 0.5, 0.5, 0.5, 0.5, 0.5, 0.5, 0.5, 0.5, 0.5, 0.5, 0.5, 0.5, 0.5, 0.5, 0.5, 0.5, 0.5, 0.5, 0.5, 0.5, 0.5, 0.5, 0.5, 0.5, 0.5, 0.5, 0.5, 0.5, 0.5, 0.5, 0.5, 0.5, 0.5, 0.5, 0.5, 0.5, 0.5, 0.5, 0.5, 0.5, 0.5, 0.5, 0.5, 0.5, 0.5, 0.5, 0.5, 0.5, 0.5, 0.5, 0.5, 0.5, 0.5, 0.5, 0.5, 0.5, 0.5, 0.5, 0.5, 0.5, 0.5, 0.5, 0.5, 0.5, 0.5, 0.5, 0.5, 0.5, 0.5, 0.5, 0.5, 0.5, 0.5, 0.5, 0.5, 0.5, 0.5, 0.5, 0.5, 0.5, 0.5, 0.5, 0.5, 0.5, 0.5, 0.5, 0.5, 0.5, 0.5, 0.5, 0.5, 0.5, 0.5, 0.5, 0.5, 0.5, 0.5, 0.5, 0.5, 0.5, 0.5, 0.5, 0.5, 0.5, 0.5, 0.5, 0.5, 0.5, 0.5, 0.5, 0.5, 0.5, 0.5, 0.5, 0.5, 0.5, 0.5, 0.5, 0.5, 0.5, 0.5, 0.5, 0.5, 0.5, 0.5, 0.5, 0.5, 0.5, 0.5, 0.5, 0.5, 0.5, 0.5, 0.5, 0.5, 0.5, 0.5, 0.5, 0.5, 0.5, 0.5, 0.5, 0.5, 0.5, 0.5, 0.5, 0.5, 0.5, 0.5, 0.5, 0.5, 0.5, 0.5, 0.5, 0.5, 0.5, 0.5, 0.5, 0.5, 0.5, 0.5, 0.5, 0.5, 0.5, 0.5, 0.5, 0.5, 0.5, 0.5, 0.5, 0.5, 0.5, 0.5, 0.5, 0.5, 0.5, 0.5, 0.5, 0.5, 0.5, 0.5, 0.5, 0.5, 0.5, 0.5, 0.5, 0.5, 0.5, 0.5, 0.5, 0.5, 0.5, 0.5, 0.5, 0.5, 0.5, 0.5, 0.5, 0.5, 0.5, 0.5, 0.5, 0.5, 0.5, 0.5, 0.5, 0.5, 0.5, 0.5, 0.5, 0.5, 0.5, 0.5, 0.5, 0.5, 0.5, 0.5, 0.5, 0.5, 0.5, 0.5, 0.5, 0.5, 0.5, 0.5, 0.5, 0.5, 0.5, 0.5, 0.5, 0.5, 0.5, 0.5, 0.5, 0.5, 0.5, 0.5, 0.5, 0.5, 0.5, 0.5, 0.5, 0.5, 0.5, 0.5, 0.5, 0.5, 0.5, 0.5, 0.5, 0.5, 0.5, 0.5, 0.5, 0.5, 0.5, 0.5, 0.5, 0.5, 0.5, 0.5, 0.5, 0.5, 0.5, 0.5, 0.5, 0.5, 0.5, 0.5, 0.5, 0.5, 0.5, 0.5, 0.5, 0.5, 0.5, 0.5, 0.5, 0.5, 0.5, 0.5, 0.5, 0.5, 0.5, 0.5, 0.5, 0.5, 0.5, 0.5, 0.5, 0.5, 0.5, 0.5, 0.5, 0.5, 0.5, 0.5, 0.5, 0.5, 0.5, 0.5, 0.5, 0.5, 0.5, 0.5, 0.5, 0.5, 0.5, 0.5, 0.5, 0.5, 0.5, 0.5, 0.5, 0.5, 0.5, 0.5, 0.5, 0.5, 0.5, 0.5, 0.5, 0.5, 0.5, 0.5, 0.5, 0.5, 0.5, 0.5, 0.5, 0.5, 0.5, 0.5, 0.5, 0.5, 0.5, 0.5, 0.5, 0.5, 0.5, 0.5, 0.5, 0.5, 0.5, 0.5, 0.5, 0.5, 0.5, 0.5, 0.5, 0.5, 0.5, 0.5, 0.5, 0.5, 0.5, 0.5, 0.5, 0.5, 0.5, 0.5, 0.5, 0.5, 0.5, 0.5, 0.5, 0.5, 0.5, 0.5, 0.5, 0.5, 0.5, 0.5, 0.5, 0.5, 0.5, 0.5, 0.5, 0.5, 0.5, 0.5, 0.5, 0.5, 0.5, 0.5, 0.5, 0.5, 0.5, 0.5, 0.5, 0.5, 0.5, 0.5, 0.5, 0.5, 0.5, 0.5, 0.5, 0.5, 0.5, 0.5, 0.5, 0.5, 0.5, 0.5, 0.5, 0.5, 0.5, 0.5, 0.5, 0.5, 0.5, 0.5, 0.5, 0.5, 0.5, 0.5, 0.5, 0.5, 0.5, 0.5, 0.5, 0.5, 0.5, 0.5, 0.5, 0.5, 0.5, 0.5, 0.5, 0.5, 0.5, 0.5, 0.5, 0.5, 0.5, 0.5, 0.5, 0.5, 0.5, 0.5, 0.5, 0.5, 0.5, 0.5, 0.5, 0.5, 0.5, 0.5, 0.5]",2
2026_11_KICE_10-13_1,['3(2)'],"1번: 선형 열팽창 계수가 음수인 물질에 열을 가하면 길이가 줄어든다는 내용은 지문에 명시되어 있지 않다. ""(대부분의 물질은 선형 열팽창 계수가 양수이며 물질마다 그 값이 다르다.)""
2번: 온도에 따라 길이 변화가 작아야 하는 부품에는 알루미늄보다 인바가 더 적합하다. ""(인바는 알루미늄에 비해 매우 작은 선형 열팽창 계수를 갖는다.)""
3번: 두 물질을 접합하여 두 층으로 이루어진 띠를 만들고 온도를 올리면 선형 열팽창 계수가 큰 물질 쪽으로 휠 수 있다. ""(Q가 P보다 선형 열팽창 계수가 크다면 온도를 올렸을 때 Q층은 P층보다 더 팽창하려고 한다. 그러나 두 층이 접합되어 있어 독립적인 팽창이 억제되므로, <그림>과 같이 띠가 P층 쪽으로 원의 호 형태로 휘면서 팽창한 후 그 상태를 유지한다.)""
4번: 열팽창으로 길이가 늘어난 두 물체의 길이의 변화량이 같다면 팽창 전의 길이가 더 긴 물체의 길이 변화율이 더 작다. ""(길이 변화율은 길이의 변화량을 처음 길이로 나누어 ⓐ[얻는] 값이며, 변화량이란 나중 값에서 처음 값을 뺀 것이다.)""
5번: 한쪽 끝이 고정되고 길이가 다른 평평한 두 띠가 동일한 곡률로 휘었다면 길이가 긴 띠의 끝의 이동 거리가 더 길다. ""(띠가 휠수록 고정되지 않은 끝의 이동 거리는 커진다. 최대 이동 거리는 휨을 방해하는 외부의 힘이 없다고 가정할 때, 주어진 온도 변화량에서 띠의 끝이 최대로 이동할 수 있는 거리이다. 이 값은 띠의 길이에 따라 달라진다.)""

최종 정답: 3번","[16, 167, 110, 230, 25, 23821, 226, 254, 169, 246, 243, 23821, 245, 112, 169, 234, 121, 168, 108, 121, 220, 166, 111, 226, 168, 230, 246, 166, 108, 222, 23821, 251, 234, 168, 230, 246, 35975, 116, 31619, 45539, 168, 100, 230, 168, 245, 238, 23821, 245, 112, 35975, 226, 220, 166, 108, 222, 47991, 246, 167, 102, 112, 220, 166, 116, 116, 35975, 112, 166, 108, 222, 23821, 97, 226, 168, 244, 112, 167, 241, 254, 46695, 97, 167, 232, 242, 31619, 224, 112, 168, 248, 102, 35975, 222, 23821, 100, 222, 167, 105, 116, 168, 245, 238, 31619, 103, 227, 168, 233, 250, 167, 238, 246, 168, 244, 112, 23821, 252, 230, 168, 100, 222, 23821, 243, 232, 46695, 97, 13, 30629, 167, 234, 222, 167, 114, 222, 167, 114, 226, 35975, 246, 31619, 45539, 168, 100, 230, 35975, 222, 23821, 226, 254, 169, 246, 243, 23821, 245, 112, 169, 234, 121, 168, 108, 121, 220, 166, 111, 226, 168, 230, 246, 166, 108, 222, 23821, 244, 239, 168, 230, 246, 35975, 112, 167, 102, 108, 31619, 45539, 168, 100, 230, 167, 100, 230, 46695, 97, 220, 166, 115, 116, 220, 166, 108, 240, 35975, 112, 31619, 233, 97, 167, 98, 112, 46695, 97, 2014, 1, 198, 17, 167, 110, 230, 25, 23821, 246, 101, 167, 237, 226, 168, 245, 238, 31619, 242, 108, 167, 251, 120, 220, 166, 116, 116, 35975, 112, 31619, 111, 222, 169, 247, 242, 166, 108, 222, 23821, 252, 239, 168, 243, 226, 168, 243, 120, 220, 47991, 246, 167, 232, 242, 31619, 114, 222, 169, 240, 230, 168, 245, 238, 167, 232, 242, 23821, 243, 234, 167, 96, 101, 167, 107, 116, 167, 232, 226, 167, 111, 112, 46695, 97, 23821, 251, 116, 167, 108, 242, 166, 108, 222, 31619, 235, 242, 23821, 254, 223, 47991, 102, 47991, 246, 46695, 97, 13, 30629, 35975, 116, 167, 108, 242, 167, 232, 242, 23821, 243, 234, 167, 96, 101, 167, 107, 116, 167, 232, 226, 168, 245, 238, 31619, 117, 226, 47991, 112, 31619, 100, 97, 168, 248, 108, 23821, 252, 239, 35975, 222, 23821, 226, 254, 169, 246, 243, 23821, 245, 112, 169, 234, 121, 168, 108, 121, 220, 166, 111, 226, 168, 230, 246, 167, 98, 120, 220, 166, 108, 244, 167, 232, 242, 46695, 97, 2014, 1, 198, 18, 167, 110, 230, 25, 31619, 239, 238, 31619, 45539, 168, 100, 230, 35975, 226, 23821, 254, 239, 47991, 102, 47991, 246, 168, 245, 105, 31619, 239, 238, 23821, 116, 113, 168, 250, 120, 167, 94, 250, 23821, 251, 112, 167, 96, 101, 168, 244, 112, 168, 100, 226, 31619, 251, 254, 167, 98, 120, 31619, 100, 234, 167, 241, 97, 166, 111, 254, 23821, 246, 101, 167, 237, 226, 167, 98, 120, 23821, 246, 105, 167, 99, 105, 167, 102, 112, 23821, 226, 254, 169, 246, 243, 23821, 245, 112, 169, 234, 121, 168, 108, 121, 220, 166, 111, 226, 168, 230, 246, 166, 108, 222, 220, 169, 223, 108, 31619, 45539, 168, 100, 230, 23821, 103, 121, 168, 250, 120, 167, 94, 250, 220, 169, 250, 254, 23821, 230, 246, 23821, 252, 230, 46695, 97, 13, 30629, 48, 166, 108, 222, 350, 167, 111, 112, 46695, 97, 23821, 226, 254, 169, 246, 243, 23821, 245, 112, 169, 234, 121, 168, 108, 121, 220, 166, 111, 226, 168, 230, 246, 166, 108, 222, 220, 169, 223, 105, 46695, 97, 167, 102, 112, 23821, 246, 101, 167, 237, 226, 167, 98, 120, 23821, 246, 105, 167, 254, 116, 35975, 226, 31619, 243, 234, 1195, 168, 116, 113, 35975, 222, 350, 168, 116, 113, 167, 111, 112, 46695, 97, 31619, 235, 242, 220, 169, 234, 121, 168, 108, 121, 47991, 246, 167, 254, 97, 166, 111, 254, 220, 47991, 250, 46695, 97, 13, 220, 166, 115, 116, 167, 253, 105, 167, 224, 246, 31619, 239, 238, 23821, 116, 113, 35975, 112, 23821, 254, 239, 47991, 102, 167, 238, 246, 168, 244, 112, 23821, 252, 230, 168, 244, 112, 31619, 237, 227, 167, 99, 121, 168, 254, 223, 35975, 116, 220, 169, 234, 121, 168, 108, 121, 35975, 112, 23821, 244, 113, 168, 254, 250, 167, 238, 246, 167, 107, 222, 167, 94, 250, 11, 1279, 166, 115, 116, 167, 99, 120, 29, 166, 111, 120, 220, 166, 108, 247, 35975, 112, 31619, 251, 254, 166, 108, 222, 350, 168, 116, 113, 23821, 103, 121, 168, 250, 120, 167, 94, 250, 23821, 249, 238, 35975, 246, 220, 169, 246, 116, 220, 169, 246, 243, 169, 225, 250, 167, 94, 250, 220, 169, 250, 246, 167, 102, 112, 168, 226, 250, 220, 169, 234, 121, 168, 108, 121, 47991, 250, 220, 169, 249, 226, 220, 166, 115, 116, 23821, 225, 223, 169, 225, 250, 167, 98, 120, 23821, 250, 254, 168, 100, 222, 47991, 250, 46695, 97, 2014, 1, 198, 19, 167, 110, 230, 25, 23821, 245, 112, 169, 234, 121, 168, 108, 121, 168, 250, 120, 167, 94, 250, 220, 166, 116, 116, 35975, 112, 166, 108, 222, 31619, 232, 246, 168, 244, 112, 167, 224, 250, 31619, 239, 238, 31619, 45539, 168, 110, 112, 35975, 246, 220, 166, 116, 116, 35975, 112, 35975, 246, 31619, 111, 222, 169, 247, 242, 167, 253, 231, 35975, 112, 220, 166, 108, 247, 46695, 97, 167, 102, 112, 220, 169, 234, 121, 168, 108, 121, 23821, 254, 226, 35975, 246, 220, 166, 116, 116, 35975, 112, 166, 108, 222, 31619, 235, 242, 220, 166, 116, 112, 31619, 45539, 168, 110, 112, 35975, 246, 220, 166, 116, 116, 35975, 112, 31619, 111, 222, 169, 247, 242, 168, 250, 101, 35975, 112, 31619, 235, 242, 23821, 252, 239, 46695, 97, 13, 30629, 166, 116, 116, 35975, 112, 31619, 111, 222, 169, 247, 242, 168, 250, 101, 35975, 222, 220, 166, 116, 116, 35975, 112, 35975, 246, 31619, 111, 222, 169, 247, 242, 167, 253, 231, 35975, 226, 23821, 110, 246, 35975, 234, 220, 166, 116, 116, 35975, 112, 167, 94, 250, 31619, 224, 246, 167, 230, 226, 168, 244, 112, 2343, 241, 238, 58, 168, 244, 119, 167, 232, 242, 60, 220, 166, 108, 240, 35975, 112, 167, 102, 108, 11, 31619, 111, 222, 169, 247, 242, 167, 253, 231, 35975, 112, 167, 252, 222, 31619, 224, 246, 168, 97, 239, 220, 166, 108, 240, 168, 245, 238, 168, 226, 250, 23821, 110, 246, 35975, 234, 220, 166, 108, 240, 35975, 226, 31619, 118, 222, 220, 166, 110, 225, 35975, 112, 46695, 97, 2014, 1, 198, 20, 167, 110, 230, 25, 220, 47991, 250, 168, 103, 121, 31619, 223, 251, 35975, 112, 220, 166, 111, 254, 168, 254, 243, 167, 238, 246, 166, 111, 254, 220, 166, 116, 116, 35975, 112, 166, 108, 222, 31619, 233, 97, 167, 98, 116, 220, 169, 237, 231, 169, 237, 231, 47991, 250, 31619, 239, 238, 31619, 251, 254, 166, 108, 222, 31619, 237, 247, 35975, 120, 47991, 250, 220, 166, 111, 94, 167, 98, 254, 167, 94, 250, 220, 169, 250, 246, 168, 245, 230, 46695, 97, 167, 102, 112, 220, 166, 116, 116, 35975, 112, 166, 108, 222, 220, 166, 116, 112, 31619, 251, 254, 35975, 246, 31619, 223, 251, 35975, 246, 23821, 251, 112, 167, 237, 247, 220, 166, 109, 108, 167, 99, 105, 166, 108, 222, 31619, 235, 242, 220, 166, 116, 116, 46695, 97, 13, 30629, 167, 251, 254, 166, 108, 222, 220, 169, 250, 254, 168, 230, 246, 167, 94, 251, 220, 166, 111, 254, 168, 254, 243, 167, 238, 246, 168, 100, 222, 23821, 243, 232, 35975, 222, 31619, 223, 251, 35975, 246, 23821, 251, 112, 167, 237, 247, 220, 166, 109, 108, 167, 99, 105, 167, 232, 242, 23821, 119, 97, 168, 100, 226, 46695, 97, 13, 23821, 113, 250, 167, 234, 222, 23821, 251, 112, 167, 237, 247, 220, 166, 109, 108, 167, 99, 105, 167, 232, 242, 220, 169, 250, 101, 35975, 226, 31619, 108, 102, 47991, 112, 47991, 246, 167, 232, 242, 23821, 247, 116, 167, 114, 222, 35975, 246, 220, 169, 252, 246, 35975, 112, 23821, 245, 228, 46695, 97, 166, 111, 254, 220, 166, 108, 222, 168, 254, 243, 47991, 254, 31619, 243, 234, 11, 23821, 96, 120, 168, 244, 112, 168, 100, 226, 23821, 246, 101, 167, 237, 226, 31619, 111, 222, 169, 247, 242, 167, 253, 231, 168, 245, 238, 168, 226, 250, 31619, 251, 254, 35975, 246, 31619, 223, 251, 35975, 112, 23821, 113, 250, 167, 234, 222, 167, 94, 250, 23821, 251, 112, 167, 237, 247, 47991, 254, 23821, 230, 246, 23821, 252, 230, 167, 232, 242, 220, 166, 109, 108, 167, 99, 105, 35975, 112, 46695, 97, 13, 23821, 251, 112, 220, 166, 108, 240, 35975, 222, 31619, 251, 254, 35975, 246, 220, 166, 116, 116, 35975, 112, 168, 245, 238, 31619, 242, 108, 167, 251, 120, 31619, 233, 105, 167, 251, 120, 168, 100, 226, 46695, 97, 2014, 1, 198, 198, 168, 113, 250, 168, 95, 227, 23821, 254, 243, 46695, 113, 25, 513, 167, 110, 230]","[0.5, 0.5, 0.5, 0.5, 0.5, 0.5, 0.5, 0.5, 0.5, 0.5, 0.5, 0.5, 0.5, 0.5, 0.5, 0.5, 0.5, 0.5, 0.5, 0.5, 0.5, 0.5, 0.5, 0.5, 0.5, 0.5, 0.5, 0.5, 0.5, 0.5, 0.5, 0.5, 0.5, 0.5, 0.5, 0.5, 0.5, 0.5, 0.5, 0.5, 0.5, 0.5, 0.5, 0.5, 0.5, 0.5, 0.5, 0.5, 0.5, 0.5, 0.5, 0.5, 0.5, 0.5, 0.5, 0.5, 0.5, 0.5, 0.5, 0.5, 0.5, 0.5, 0.5, 0.5, 0.5, 0.5, 0.5, 0.5, 0.5, 0.5, 0.5, 0.5, 0.5, 0.5, 0.5, 0.5, 0.5, 0.5, 0.5, 0.5, 0.5, 0.5, 0.5, 0.5, 0.5, 0.5, 0.5, 0.5, 0.5, 0.5, 0.5, 0.5, 0.5, 0.5, 0.5, 0.5, 0.5, 0.5, 0.5, 0.5, 0.5, 0.5, 0.5, 0.5, 0.5, 0.5, 0.5, 0.5, 0.5, 0.5, 0.5, 0.5, 0.5, 0.5, 0.5, 0.5, 0.5, 0.5, 0.5, 0.5, 0.5, 0.5, 0.5, 0.5, 0.5, 0.5, 0.5, 0.5, 0.5, 0.5, 0.5, 0.5, 0.5, 0.5, 0.5, 0.5, 0.5, 0.5, 0.5, 0.5, 0.5, 0.5, 0.5, 0.5, 0.5, 0.5, 0.5, 0.5, 0.5, 0.5, 0.5, 0.5, 0.5, 0.5, 0.5, 0.5, 0.5, 0.5, 0.5, 0.5, 0.5, 0.5, 0.5, 0.5, 0.5, 0.5, 0.5, 0.5, 0.5, 0.5, 0.5, 0.5, 0.5, 0.5, 0.5, 0.5, 0.5, 0.5, 0.5, 0.5, 0.5, 0.5, 0.5, 0.5, 0.5, 0.5, 0.5, 0.5, 0.5, 0.5, 0.5, 0.5, 0.5, 0.5, 0.5, 0.5, 0.5, 0.5, 0.5, 0.5, 0.5, 0.5, 0.5, 0.5, 0.5, 0.5, 0.5, 0.5, 0.5, 0.5, 0.5, 0.5, 0.5, 0.5, 0.5, 0.5, 0.5, 0.5, 0.5, 0.5, 0.5, 0.5, 0.5, 0.5, 0.5, 0.5, 0.5, 0.5, 0.5, 0.5, 0.5, 0.5, 0.5, 0.5, 0.5, 0.5, 0.5, 0.5, 0.5, 0.5, 0.5, 0.5, 0.5, 0.5, 0.5, 0.5, 0.5, 0.5, 0.5, 0.5, 0.5, 0.5, 0.5, 0.5, 0.5, 0.5, 0.5, 0.5, 0.5, 0.5, 0.5, 0.5, 0.5, 0.5, 0.5, 0.5, 0.5, 0.5, 0.5, 0.5, 0.5, 0.5, 0.5, 0.5, 0.5, 0.5, 0.5, 0.5, 0.5, 0.5, 0.5, 0.5, 0.5, 0.5, 0.5, 0.5, 0.5, 0.5, 0.5, 0.5, 0.5, 0.5, 0.5, 0.5, 0.5, 0.5, 0.5, 0.5, 0.5, 0.5, 0.5, 0.5, 0.5, 0.5, 0.5, 0.5, 0.5, 0.5, 0.5, 0.5, 0.5, 0.5, 0.5, 0.5, 0.5, 0.5, 0.5, 0.5, 0.5, 0.5, 0.5, 0.5, 0.5, 0.5, 0.5, 0.5, 0.5, 0.5, 0.5, 0.5, 0.5, 0.5, 0.5, 0.5, 0.5, 0.5, 0.5, 0.5, 0.5, 0.5, 0.5, 0.5, 0.5, 0.5, 0.5, 0.5, 0.5, 0.5, 0.5, 0.5, 0.5, 0.5, 0.5, 0.5, 0.5, 0.5, 0.5, 0.5, 0.5, 0.5, 0.5, 0.5, 0.5, 0.5, 0.5, 0.5, 0.5, 0.5, 0.5, 0.5, 0.5, 0.5, 0.5, 0.5, 0.5, 0.5, 0.5, 0.5, 0.5, 0.5, 0.5, 0.5, 0.5, 0.5, 0.5, 0.5, 0.5, 0.5, 0.5, 0.5, 0.5, 0.5, 0.5, 0.5, 0.5, 0.5, 0.5, 0.5, 0.5, 0.5, 0.5, 0.5, 0.5, 0.5, 0.5, 0.5, 0.5, 0.5, 0.5, 0.5, 0.5, 0.5, 0.5, 0.5, 0.5, 0.5, 0.5, 0.5, 0.5, 0.5, 0.5, 0.5, 0.5, 0.5, 0.5, 0.5, 0.5, 0.5, 0.5, 0.5, 0.5, 0.5, 0.5, 0.5, 0.5, 0.5, 0.5, 0.5, 0.5, 0.5, 0.5, 0.5, 0.5, 0.5, 0.5, 0.5, 0.5, 0.5, 0.5, 0.5, 0.5, 0.5, 0.5, 0.5, 0.5, 0.5, 0.5, 0.5, 0.5, 0.5, 0.5, 0.5, 0.5, 0.5, 0.5, 0.5, 0.5, 0.5, 0.5, 0.5, 0.5, 0.5, 0.5, 0.5, 0.5, 0.5, 0.5, 0.5, 0.5, 0.5, 0.5, 0.5, 0.5, 0.5, 0.5, 0.5, 0.5, 0.5, 0.5, 0.5, 0.5, 0.5, 0.5, 0.5, 0.5, 0.5, 0.5, 0.5, 0.5, 0.5, 0.5, 0.5, 0.5, 0.5, 0.5, 0.5, 0.5, 0.5, 0.5, 0.5, 0.5, 0.5, 0.5, 0.5, 0.5, 0.5, 0.5, 0.5, 0.5, 0.5, 0.5, 0.5, 0.5, 0.5, 0.5, 0.5, 0.5, 0.5, 0.5, 0.5, 0.5, 0.5, 0.5, 0.5, 0.5, 0.5, 0.5, 0.5, 0.5, 0.5, 0.5, 0.5, 0.5, 0.5, 0.5, 0.5, 0.5, 0.5, 0.5, 0.5, 0.5, 0.5, 0.5, 0.5, 0.5, 0.5, 0.5, 0.5, 0.5, 0.5, 0.5, 0.5, 0.5, 0.5, 0.5, 0.5, 0.5, 0.5, 0.5, 0.5, 0.5, 0.5, 0.5, 0.5, 0.5, 0.5, 0.5, 0.5, 0.5, 0.5, 0.5, 0.5, 0.5, 0.5, 0.5, 0.5, 0.5, 0.5, 0.5, 0.5, 0.5, 0.5, 0.5, 0.5, 0.5, 0.5, 0.5, 0.5, 0.5, 0.5, 0.5, 0.5, 0.5, 0.5, 0.5, 0.5, 0.5, 0.5, 0.5, 0.5, 0.5, 0.5, 0.5, 0.5, 0.5, 0.5, 0.5, 0.5, 0.5, 0.5, 0.5, 0.5, 0.5, 0.5, 0.5, 0.5, 0.5, 0.5, 0.5, 0.5, 0.5, 0.5, 0.5, 0.5, 0.5, 0.5, 0.5, 0.5, 0.5, 0.5, 0.5, 0.5, 0.5, 0.5, 0.5, 0.5, 0.5, 0.5, 0.5, 0.5, 0.5, 0.5, 0.5, 0.5, 0.5, 0.5, 0.5, 0.5, 0.5, 0.5, 0.5, 0.5, 0.5, 0.5, 0.5, 0.5, 0.5, 0.5, 0.5, 0.5, 0.5, 0.5, 0.5, 0.5, 0.5, 0.5, 0.5, 0.5, 0.5, 0.5, 0.5, 0.5, 0.5, 0.5, 0.5, 0.5, 0.5, 0.5, 0.5, 0.5, 0.5, 0.5, 0.5, 0.5, 0.5, 0.5, 0.5, 0.5, 0.5, 0.5, 0.5, 0.5, 0.5, 0.5, 0.5, 0.5, 0.5, 0.5, 0.5, 0.5, 0.5, 0.5, 0.5, 0.5, 0.5, 0.5, 0.5, 0.5, 0.5, 0.5, 0.5, 0.5, 0.5, 0.5, 0.5, 0.5, 0.5, 0.5, 0.5, 0.5, 0.5, 0.5, 0.5, 0.5, 0.5, 0.5, 0.5, 0.5, 0.5, 0.5, 0.5, 0.5, 0.5, 0.5, 0.5, 0.5, 0.5, 0.5, 0.5, 0.5, 0.5, 0.5, 0.5, 0.5, 0.5, 0.5, 0.5, 0.5, 0.5, 0.5, 0.5, 0.5, 0.5, 0.5, 0.5, 0.5, 0.5, 0.5, 0.5, 0.5, 0.5, 0.5, 0.5, 0.5, 0.5, 0.5, 0.5, 0.5, 0.5, 0.5, 0.5, 0.5, 0.5, 0.5, 0.5, 0.5, 0.5, 0.5, 0.5, 0.5, 0.5, 0.5, 0.5, 0.5, 0.5, 0.5, 0.5, 0.5, 0.5, 0.5, 0.5, 0.5, 0.5, 0.5, 0.5, 0.5, 0.5, 0.5, 0.5, 0.5, 0.5, 0.5, 0.5, 0.5, 0.5, 0.5, 0.5, 0.5, 0.5, 0.5, 0.5, 0.5, 0.5, 0.5, 0.5, 0.5, 0.5, 0.5, 0.5, 0.5, 0.5, 0.5, 0.5, 0.5, 0.5, 0.5, 0.5, 0.5, 0.5, 0.5, 0.5, 0.5, 0.5, 0.5, 0.5, 0.5, 0.5, 0.5, 0.5, 0.5, 0.5, 0.5, 0.5, 0.5, 0.5, 0.5, 0.5, 0.5, 0.5, 0.5, 0.5, 0.5, 0.5, 0.5, 0.5, 0.5, 0.5, 0.5, 0.5, 0.5, 0.5, 0.5, 0.5, 0.5, 0.5, 0.5, 0.5, 0.5, 0.5, 0.5, 0.5, 0.5, 0.5, 0.5, 0.5, 0.5, 0.5, 0.5, 0.5, 0.5, 0.5, 0.5, 0.5, 0.5, 0.5, 0.5, 0.5, 0.5, 0.5, 0.5, 0.5, 0.5, 0.5, 0.5, 0.5, 0.5, 0.5, 0.5, 0.5, 0.5, 0.5, 0.5, 0.5, 0.5, 0.5, 0.5, 0.5, 0.5, 0.5, 0.5, 0.5, 0.5, 0.5, 0.5, 0.5, 0.5, 0.5, 0.5, 0.5, 0.5, 0.5, 0.5, 0.5, 0.5, 0.5, 0.5, 0.5, 0.5, 0.5, 0.5, 0.5, 0.5, 0.5, 0.5, 0.5, 0.5, 0.5, 0.5, 0.5, 0.5, 0.5, 0.5, 0.5, 0.5, 0.5, 0.5, 0.5, 0.5, 0.5, 0.5, 0.5, 0.5, 0.5, 0.5, 0.5, 0.5, 0.5, 0.5, 0.5, 0.5, 0.5, 0.5, 0.5, 0.5, 0.5, 0.5, 0.5, 0.5, 0.5, 0.5, 0.5, 0.5, 0.5, 0.5, 0.5, 0.5, 0.5, 0.5, 0.5, 0.5, 0.5, 0.5, 0.5, 0.5, 0.5, 0.5, 0.5, 0.5, 0.5, 0.5, 0.5, 0.5, 0.5, 0.5, 0.5, 0.5, 0.5, 0.5, 0.5, 0.5, 0.5, 0.5, 0.5, 0.5, 0.5, 0.5, 0.5, 0.5, 0.5, 0.5, 0.5, 0.5, 0.5, 0.5, 0.5, 0.5, 0.5, 0.5, 0.5, 0.5, 0.5, 0.5, 0.5, 0.5, 0.5, 0.5, 0.5, 0.5, 0.5, 0.5, 0.5, 0.5, 0.5, 0.5, 0.5, 0.5, 0.5, 0.5, 0.5, 0.5, 0.5, 0.5, 0.5, 0.5, 0.5, 0.5, 0.5, 0.5, 0.5, 0.5, 0.5, 0.5, 0.5, 0.5, 0.5, 0.5, 0.5, 0.5, 0.5, 0.5, 0.5, 0.5, 0.5, 0.5, 0.5, 0.5, 0.5, 0.5, 0.5, 0.5, 0.5, 0.5, 0.5, 0.5, 0.5, 0.5, 0.5, 0.5, 0.5, 0.5, 0.5, 0.5, 0.5, 0.5, 0.5, 0.5, 0.5, 0.5, 0.5, 0.5, 0.5, 0.5, 0.5, 0.5, 0.5, 0.5, 0.5, 0.5, 0.5, 0.5, 0.5, 0.5, 0.5, 0.5, 0.5, 0.5, 0.5, 0.5, 0.5, 0.5, 0.5, 0.5, 0.5, 0.5, 0.5, 0.5, 0.5, 0.5, 0.5, 0.5, 0.5, 0.5, 0.5, 0.5, 0.5, 0.5, 0.5, 0.5, 0.5, 0.5, 0.5, 0.5, 0.5, 0.5, 0.5, 0.5, 0.5, 0.5, 0.5, 0.5, 0.5, 0.5, 0.5, 0.5, 0.5, 0.5, 0.5, 0.5, 0.5, 0.5, 0.5, 0.5, 0.5, 0.5, 0.5, 0.5, 0.5, 0.5, 0.5, 0.5, 0.5, 0.5, 0.5, 0.5, 0.5, 0.5, 0.5, 0.5, 0.5, 0.5, 0.5, 0.5, 0.5, 0.5, 0.5, 0.5, 0.5, 0.5, 0.5, 0.5, 0.5, 0.5, 0.5, 0.5, 0.5, 0.5, 0.5, 0.5, 0.5, 0.5, 0.5, 0.5, 0.5, 0.5, 0.5, 0.5, 0.5, 0.5, 0.5, 0.5, 0.5, 0.5, 0.5, 0.5, 0.5, 0.5, 0.5, 0.5, 0.5, 0.5, 0.5, 0.5, 0.5, 0.5, 0.5, 0.5, 0.5, 0.5, 0.5, 0.5, 0.5, 0.5, 0.5, 0.5, 0.5, 0.5, 0.5, 0.5, 0.5, 0.5, 0.5, 0.5, 0.5, 0.5, 0.5, 0.5, 0.5, 0.5, 0.5, 0.5, 0.5, 0.5, 0.5, 0.5, 0.5, 0.5, 0.5, 0.5, 0.5, 0.5, 0.5, 0.5, 0.5, 0.5, 0.5, 0.5, 0.5, 0.5, 0.5, 0.5, 0.5, 0.5, 0.5, 0.5, 0.5, 0.5, 0.5, 0.5, 0.5, 0.5, 0.5, 0.5, 0.5, 0.5, 0.5, 0.5, 0.5, 0.5, 0.5, 0.5, 0.5, 0.5, 0.5, 0.5, 0.5, 0.5, 0.5, 0.5, 0.5, 0.5, 0.5, 0.5, 0.5, 0.5, 0.5, 0.5, 0.5, 0.5, 0.5, 0.5, 0.5, 0.5, 0.5, 0.5, 0.5, 0.5, 0.5, 0.5, 0.5, 0.5, 0.5, 0.5, 0.5, 0.5, 0.5, 0.5, 0.5, 0.5, 0.5, 0.5, 0.5, 0.5, 0.5, 0.5, 0.5, 0.5, 0.5, 0.5, 0.5, 0.5, 0.5, 0.5, 0.5, 0.5, 0.5, 0.5, 0.5, 0.5, 0.5, 0.5, 0.5, 0.5, 0.5, 0.5, 0.5, 0.5, 0.5, 0.5, 0.5, 0.5, 0.5, 0.5, 0.5, 0.5, 0.5, 0.5, 0.5, 0.5, 0.5, 0.5, 0.5, 0.5, 0.5, 0.5, 0.5, 0.5, 0.5, 0.5, 0.5, 0.5, 0.5, 0.5, 0.5, 0.5, 0.5, 0.5, 0.5, 0.5, 0.5, 0.5, 0.5, 0.5, 0.5, 0.5, 0.5, 0.5, 0.5, 0.5, 0.5, 0.5, 0.5, 0.5, 0.5, 0.5, 0.5, 0.5, 0.5, 0.5, 0.5, 0.5, 0.5, 0.5, 0.5, 0.5, 0.5, 0.5, 0.5, 0.5, 0.5, 0.5, 0.5, 0.5, 0.5, 0.5, 0.5, 0.5, 0.5, 0.5, 0.5, 0.5, 0.5, 0.5, 0.5, 0.5, 0.5, 0.5, 0.5, 0.5, 0.5, 0.5, 0.5, 0.5, 0.5, 0.5, 0.5, 0.5, 0.5, 0.5, 0.5, 0.5, 0.5, 0.5, 0.5, 0.5, 0.5, 0.5, 0.5, 0.5, 0.5, 0.5, 0.5, 0.5, 0.5, 0.5, 0.5, 0.5, 0.5, 0.5, 0.5, 0.5, 0.5, 0.5, 0.5, 0.5, 0.5, 0.5, 0.5, 0.5, 0.5, 0.5, 0.5, 0.5, 0.5, 0.5, 0.5, 0.5, 0.5, 0.5, 0.5, 0.5, 0.5, 0.5, 0.5]",2
2026_11_KICE_10-13_2,['1(3)'],"1번: T0에서 T1로 올렸을 때보다 T0에서 T2로 올렸을 때, a와 b 모두 외부에 가할 수 있는 힘이 소멸되는 시점의 곡률은 더 크겠군. + ""다른 조건이 동일하다면, 두 물질의 선형 열팽창 계수 차이가 크거나 온도 변화가 클수록 띠가 더 휘어진다.""

2번: T0에서 T1로 올렸을 때, a와 b 각각의 휨이 멈춘 시점에서의 a의 곡률 반지름은 b의 곡률 반지름보다 작겠군. + ""다른 조건이 동일하다면, 두 물질의 선형 열팽창 계수 차이가 크거나 온도 변화가 클수록 띠가 더 휘어진다.""

3번: T0에서 T1로 올렸을 때, A와 B 각각의 동작이 멈추는 데 걸린 시간이 서로 같았다면 b의 반응 완료 시간이 a보다 짧겠군. + ""반응 완료 시간은 온도를 올리기 시작한 시점부터 띠의 끝이 최대 이동 거리에 도달하기까지의 시간이고, 띠의 두께가 얇을수록 짧다.""

4번: T0에서 T2로 올렸을 때, a의 최대 이동 거리가 b보다 더 크겠군. + ""띠가 휘면서 띠의 끝이 외부에 힘을 가할 수 있는데, 이 힘은 띠의 끝이 최대 이동 거리에 도달하여 휨이 완료되었을 때 소멸된다.""

5번: B와 달리, T2가 되어야 A가 물체를 잡을 수 있었던 것은 a가 b보다 휨 민감도가 크기 때문이겠군. + ""온도 변화량이 같아도 띠를 이루는 물질에 따라 띠가 휘는 정도는 달라지며, 이를 나타내는 것이 휨 민감도이다.""

최종 정답: 1번","[16, 167, 110, 230, 25, 309, 15, 168, 245, 238, 168, 226, 250, 309, 16, 167, 94, 250, 23821, 246, 105, 167, 254, 116, 35975, 226, 31619, 243, 234, 167, 111, 112, 46695, 97, 309, 15, 168, 245, 238, 168, 226, 250, 309, 17, 167, 94, 250, 23821, 246, 105, 167, 254, 116, 35975, 226, 31619, 243, 234, 11, 257, 168, 247, 222, 275, 31619, 103, 101, 167, 239, 238, 23821, 247, 116, 167, 114, 222, 168, 245, 238, 220, 166, 108, 222, 47991, 254, 23821, 230, 246, 23821, 252, 230, 167, 232, 242, 220, 169, 252, 246, 35975, 112, 23821, 228, 234, 167, 102, 116, 167, 238, 246, 167, 232, 242, 23821, 233, 250, 168, 254, 238, 35975, 246, 220, 166, 111, 94, 167, 98, 254, 35975, 222, 31619, 235, 242, 220, 169, 223, 105, 166, 110, 254, 166, 113, 108, 13, 1343, 366, 46695, 97, 167, 98, 116, 23821, 94, 108, 166, 109, 112, 35975, 112, 31619, 237, 247, 35975, 120, 47991, 246, 46695, 97, 167, 102, 112, 11, 31619, 239, 238, 31619, 45539, 168, 100, 230, 35975, 246, 23821, 226, 254, 169, 246, 243, 23821, 245, 112, 169, 234, 121, 168, 108, 121, 220, 166, 111, 226, 168, 230, 246, 23821, 108, 101, 35975, 112, 166, 108, 222, 220, 169, 223, 105, 166, 109, 108, 167, 224, 246, 23821, 246, 101, 167, 237, 226, 31619, 111, 222, 169, 247, 242, 166, 108, 222, 220, 169, 223, 112, 168, 230, 246, 167, 94, 251, 31619, 251, 254, 166, 108, 222, 31619, 235, 242, 220, 169, 250, 246, 168, 244, 112, 168, 100, 226, 46695, 97, 526, 198, 198, 17, 167, 110, 230, 25, 309, 15, 168, 245, 238, 168, 226, 250, 309, 16, 167, 94, 250, 23821, 246, 105, 167, 254, 116, 35975, 226, 31619, 243, 234, 11, 257, 168, 247, 222, 275, 220, 166, 108, 223, 166, 108, 223, 35975, 246, 220, 169, 250, 101, 35975, 112, 31619, 102, 230, 168, 114, 246, 23821, 233, 250, 168, 254, 238, 168, 245, 238, 168, 226, 250, 35975, 246, 257, 35975, 246, 220, 166, 111, 94, 167, 98, 254, 31619, 108, 246, 168, 100, 222, 167, 99, 226, 35975, 222, 275, 35975, 246, 220, 166, 111, 94, 167, 98, 254, 31619, 108, 246, 168, 100, 222, 167, 99, 226, 167, 111, 112, 46695, 97, 23821, 252, 239, 166, 110, 254, 166, 113, 108, 13, 1343, 366, 46695, 97, 167, 98, 116, 23821, 94, 108, 166, 109, 112, 35975, 112, 31619, 237, 247, 35975, 120, 47991, 246, 46695, 97, 167, 102, 112, 11, 31619, 239, 238, 31619, 45539, 168, 100, 230, 35975, 246, 23821, 226, 254, 169, 246, 243, 23821, 245, 112, 169, 234, 121, 168, 108, 121, 220, 166, 111, 226, 168, 230, 246, 23821, 108, 101, 35975, 112, 166, 108, 222, 220, 169, 223, 105, 166, 109, 108, 167, 224, 246, 23821, 246, 101, 167, 237, 226, 31619, 111, 222, 169, 247, 242, 166, 108, 222, 220, 169, 223, 112, 168, 230, 246, 167, 94, 251, 31619, 251, 254, 166, 108, 222, 31619, 235, 242, 220, 169, 250, 246, 168, 244, 112, 168, 100, 226, 46695, 97, 526, 198, 198, 18, 167, 110, 230, 25, 309, 15, 168, 245, 238, 168, 226, 250, 309, 16, 167, 94, 250, 23821, 246, 105, 167, 254, 116, 35975, 226, 31619, 243, 234, 11, 317, 168, 247, 222, 347, 220, 166, 108, 223, 166, 108, 223, 35975, 246, 31619, 237, 247, 168, 252, 239, 35975, 112, 31619, 102, 230, 168, 114, 242, 167, 232, 242, 31619, 235, 108, 220, 166, 109, 116, 167, 99, 108, 23821, 233, 250, 166, 108, 226, 35975, 112, 23821, 226, 250, 167, 94, 250, 220, 166, 108, 247, 168, 243, 246, 46695, 97, 167, 102, 112, 275, 35975, 246, 31619, 108, 246, 35975, 239, 23821, 247, 226, 167, 96, 234, 23821, 233, 250, 166, 108, 226, 35975, 112, 257, 167, 111, 112, 46695, 97, 23821, 100, 100, 166, 110, 254, 166, 113, 108, 13, 1343, 366, 167, 108, 246, 35975, 239, 23821, 247, 226, 167, 96, 234, 23821, 233, 250, 166, 108, 226, 35975, 222, 23821, 246, 101, 167, 237, 226, 167, 98, 120, 23821, 246, 105, 167, 99, 105, 166, 116, 108, 23821, 233, 250, 168, 252, 239, 47991, 250, 23821, 233, 250, 168, 254, 238, 167, 114, 222, 169, 226, 108, 31619, 251, 254, 35975, 246, 31619, 223, 251, 35975, 112, 23821, 113, 250, 167, 234, 222, 23821, 251, 112, 167, 237, 247, 220, 166, 109, 108, 167, 99, 105, 168, 245, 238, 31619, 237, 226, 46695, 105, 47991, 246, 166, 116, 108, 166, 117, 234, 168, 100, 222, 35975, 246, 23821, 233, 250, 166, 108, 226, 35975, 112, 166, 111, 254, 11, 31619, 251, 254, 35975, 246, 31619, 239, 238, 166, 119, 246, 166, 108, 222, 23821, 244, 229, 35975, 226, 168, 230, 246, 167, 94, 251, 23821, 100, 100, 46695, 97, 526, 198, 198, 19, 167, 110, 230, 25, 309, 15, 168, 245, 238, 168, 226, 250, 309, 17, 167, 94, 250, 23821, 246, 105, 167, 254, 116, 35975, 226, 31619, 243, 234, 11, 257, 35975, 246, 23821, 113, 250, 167, 234, 222, 23821, 251, 112, 167, 237, 247, 220, 166, 109, 108, 167, 99, 105, 166, 108, 222, 275, 167, 111, 112, 46695, 97, 31619, 235, 242, 220, 169, 223, 105, 166, 110, 254, 166, 113, 108, 13, 1343, 366, 167, 251, 254, 166, 108, 222, 220, 169, 250, 246, 167, 102, 112, 168, 226, 250, 31619, 251, 254, 35975, 246, 31619, 223, 251, 35975, 112, 23821, 247, 116, 167, 114, 222, 168, 245, 238, 220, 169, 252, 246, 35975, 226, 220, 166, 108, 222, 47991, 254, 23821, 230, 246, 23821, 252, 230, 167, 232, 242, 167, 235, 108, 11, 23821, 251, 112, 220, 169, 252, 246, 35975, 222, 31619, 251, 254, 35975, 246, 31619, 223, 251, 35975, 112, 23821, 113, 250, 167, 234, 222, 23821, 251, 112, 167, 237, 247, 220, 166, 109, 108, 167, 99, 105, 168, 245, 238, 31619, 237, 226, 46695, 105, 47991, 246, 168, 245, 105, 220, 169, 250, 101, 35975, 112, 23821, 247, 226, 167, 96, 234, 167, 238, 246, 168, 245, 230, 35975, 226, 31619, 243, 234, 23821, 228, 234, 167, 102, 116, 167, 238, 250, 46695, 97, 526, 198, 198, 20, 167, 110, 230, 25, 347, 168, 247, 222, 31619, 233, 105, 167, 99, 105, 11, 309, 17, 166, 108, 222, 31619, 238, 246, 168, 244, 112, 168, 243, 120, 317, 166, 108, 222, 31619, 45539, 168, 110, 112, 167, 98, 120, 23821, 252, 94, 35975, 226, 23821, 230, 246, 23821, 252, 230, 168, 245, 230, 167, 235, 246, 220, 166, 110, 225, 35975, 222, 257, 166, 108, 222, 275, 167, 111, 112, 46695, 97, 220, 169, 250, 101, 31619, 107, 120, 166, 108, 238, 167, 237, 226, 166, 108, 222, 220, 169, 223, 105, 166, 116, 108, 31619, 243, 234, 167, 105, 116, 35975, 112, 166, 110, 254, 166, 113, 108, 13, 1343, 366, 168, 246, 101, 167, 237, 226, 31619, 111, 222, 169, 247, 242, 167, 253, 231, 35975, 112, 220, 166, 108, 247, 168, 243, 226, 167, 237, 226, 31619, 251, 254, 167, 98, 120, 23821, 251, 112, 167, 96, 101, 167, 232, 242, 31619, 45539, 168, 100, 230, 168, 245, 238, 31619, 242, 108, 167, 251, 120, 31619, 251, 254, 166, 108, 222, 220, 169, 250, 246, 167, 232, 242, 23821, 254, 243, 167, 237, 226, 167, 232, 242, 31619, 233, 105, 167, 251, 120, 168, 100, 222, 167, 102, 108, 11, 23821, 251, 112, 167, 98, 120, 31619, 224, 246, 169, 225, 222, 167, 224, 112, 167, 232, 242, 220, 166, 110, 225, 35975, 112, 220, 169, 250, 101, 31619, 107, 120, 166, 108, 238, 167, 237, 226, 35975, 112, 46695, 97, 526, 198, 198, 168, 113, 250, 168, 95, 227, 23821, 254, 243, 46695, 113, 25, 352, 167, 110, 230]","[0.5, 0.5, 0.5, 0.5, 0.5, 0.5, 0.5, 0.5, 0.5, 0.5, 0.5, 0.5, 0.5, 0.5, 0.5, 0.5, 0.5, 0.5, 0.5, 0.5, 0.5, 0.5, 0.5, 0.5, 0.5, 0.5, 0.5, 0.5, 0.5, 0.5, 0.5, 0.5, 0.5, 0.5, 0.5, 0.5, 0.5, 0.5, 0.5, 0.5, 0.5, 0.5, 0.5, 0.5, 0.5, 0.5, 0.5, 0.5, 0.5, 0.5, 0.5, 0.5, 0.5, 0.5, 0.5, 0.5, 0.5, 0.5, 0.5, 0.5, 0.5, 0.5, 0.5, 0.5, 0.5, 0.5, 0.5, 0.5, 0.5, 0.5, 0.5, 0.5, 0.5, 0.5, 0.5, 0.5, 0.5, 0.5, 0.5, 0.5, 0.5, 0.5, 0.5, 0.5, 0.5, 0.5, 0.5, 0.5, 0.5, 0.5, 0.5, 0.5, 0.5, 0.5, 0.5, 0.5, 0.5, 0.5, 0.5, 0.5, 0.5, 0.5, 0.5, 0.5, 0.5, 0.5, 0.5, 0.5, 0.5, 0.5, 0.5, 0.5, 0.5, 0.5, 0.5, 0.5, 0.5, 0.5, 0.5, 0.5, 0.5, 0.5, 0.5, 0.5, 0.5, 0.5, 0.5, 0.5, 0.5, 0.5, 0.5, 0.5, 0.5, 0.5, 0.5, 0.5, 0.5, 0.5, 0.5, 0.5, 0.5, 0.5, 0.5, 0.5, 0.5, 0.5, 0.5, 0.5, 0.5, 0.5, 0.5, 0.5, 0.5, 0.5, 0.5, 0.5, 0.5, 0.5, 0.5, 0.5, 0.5, 0.5, 0.5, 0.5, 0.5, 0.5, 0.5, 0.5, 0.5, 0.5, 0.5, 0.5, 0.5, 0.5, 0.5, 0.5, 0.5, 0.5, 0.5, 0.5, 0.5, 0.5, 0.5, 0.5, 0.5, 0.5, 0.5, 0.5, 0.5, 0.5, 0.5, 0.5, 0.5, 0.5, 0.5, 0.5, 0.5, 0.5, 0.5, 0.5, 0.5, 0.5, 0.5, 0.5, 0.5, 0.5, 0.5, 0.5, 0.5, 0.5, 0.5, 0.5, 0.5, 0.5, 0.5, 0.5, 0.5, 0.5, 0.5, 0.5, 0.5, 0.5, 0.5, 0.5, 0.5, 0.5, 0.5, 0.5, 0.5, 0.5, 0.5, 0.5, 0.5, 0.5, 0.5, 0.5, 0.5, 0.5, 0.5, 0.5, 0.5, 0.5, 0.5, 0.5, 0.5, 0.5, 0.5, 0.5, 0.5, 0.5, 0.5, 0.5, 0.5, 0.5, 0.5, 0.5, 0.5, 0.5, 0.5, 0.5, 0.5, 0.5, 0.5, 0.5, 0.5, 0.5, 0.5, 0.5, 0.5, 0.5, 0.5, 0.5, 0.5, 0.5, 0.5, 0.5, 0.5, 0.5, 0.5, 0.5, 0.5, 0.5, 0.5, 0.5, 0.5, 0.5, 0.5, 0.5, 0.5, 0.5, 0.5, 0.5, 0.5, 0.5, 0.5, 0.5, 0.5, 0.5, 0.5, 0.5, 0.5, 0.5, 0.5, 0.5, 0.5, 0.5, 0.5, 0.5, 0.5, 0.5, 0.5, 0.5, 0.5, 0.5, 0.5, 0.5, 0.5, 0.5, 0.5, 0.5, 0.5, 0.5, 0.5, 0.5, 0.5, 0.5, 0.5, 0.5, 0.5, 0.5, 0.5, 0.5, 0.5, 0.5, 0.5, 0.5, 0.5, 0.5, 0.5, 0.5, 0.5, 0.5, 0.5, 0.5, 0.5, 0.5, 0.5, 0.5, 0.5, 0.5, 0.5, 0.5, 0.5, 0.5, 0.5, 0.5, 0.5, 0.5, 0.5, 0.5, 0.5, 0.5, 0.5, 0.5, 0.5, 0.5, 0.5, 0.5, 0.5, 0.5, 0.5, 0.5, 0.5, 0.5, 0.5, 0.5, 0.5, 0.5, 0.5, 0.5, 0.5, 0.5, 0.5, 0.5, 0.5, 0.5, 0.5, 0.5, 0.5, 0.5, 0.5, 0.5, 0.5, 0.5, 0.5, 0.5, 0.5, 0.5, 0.5, 0.5, 0.5, 0.5, 0.5, 0.5, 0.5, 0.5, 0.5, 0.5, 0.5, 0.5, 0.5, 0.5, 0.5, 0.5, 0.5, 0.5, 0.5, 0.5, 0.5, 0.5, 0.5, 0.5, 0.5, 0.5, 0.5, 0.5, 0.5, 0.5, 0.5, 0.5, 0.5, 0.5, 0.5, 0.5, 0.5, 0.5, 0.5, 0.5, 0.5, 0.5, 0.5, 0.5, 0.5, 0.5, 0.5, 0.5, 0.5, 0.5, 0.5, 0.5, 0.5, 0.5, 0.5, 0.5, 0.5, 0.5, 0.5, 0.5, 0.5, 0.5, 0.5, 0.5, 0.5, 0.5, 0.5, 0.5, 0.5, 0.5, 0.5, 0.5, 0.5, 0.5, 0.5, 0.5, 0.5, 0.5, 0.5, 0.5, 0.5, 0.5, 0.5, 0.5, 0.5, 0.5, 0.5, 0.5, 0.5, 0.5, 0.5, 0.5, 0.5, 0.5, 0.5, 0.5, 0.5, 0.5, 0.5, 0.5, 0.5, 0.5, 0.5, 0.5, 0.5, 0.5, 0.5, 0.5, 0.5, 0.5, 0.5, 0.5, 0.5, 0.5, 0.5, 0.5, 0.5, 0.5, 0.5, 0.5, 0.5, 0.5, 0.5, 0.5, 0.5, 0.5, 0.5, 0.5, 0.5, 0.5, 0.5, 0.5, 0.5, 0.5, 0.5, 0.5, 0.5, 0.5, 0.5, 0.5, 0.5, 0.5, 0.5, 0.5, 0.5, 0.5, 0.5, 0.5, 0.5, 0.5, 0.5, 0.5, 0.5, 0.5, 0.5, 0.5, 0.5, 0.5, 0.5, 0.5, 0.5, 0.5, 0.5, 0.5, 0.5, 0.5, 0.5, 0.5, 0.5, 0.5, 0.5, 0.5, 0.5, 0.5, 0.5, 0.5, 0.5, 0.5, 0.5, 0.5, 0.5, 0.5, 0.5, 0.5, 0.5, 0.5, 0.5, 0.5, 0.5, 0.5, 0.5, 0.5, 0.5, 0.5, 0.5, 0.5, 0.5, 0.5, 0.5, 0.5, 0.5, 0.5, 0.5, 0.5, 0.5, 0.5, 0.5, 0.5, 0.5, 0.5, 0.5, 0.5, 0.5, 0.5, 0.5, 0.5, 0.5, 0.5, 0.5, 0.5, 0.5, 0.5, 0.5, 0.5, 0.5, 0.5, 0.5, 0.5, 0.5, 0.5, 0.5, 0.5, 0.5, 0.5, 0.5, 0.5, 0.5, 0.5, 0.5, 0.5, 0.5, 0.5, 0.5, 0.5, 0.5, 0.5, 0.5, 0.5, 0.5, 0.5, 0.5, 0.5, 0.5, 0.5, 0.5, 0.5, 0.5, 0.5, 0.5, 0.5, 0.5, 0.5, 0.5, 0.5, 0.5, 0.5, 0.5, 0.5, 0.5, 0.5, 0.5, 0.5, 0.5, 0.5, 0.5, 0.5, 0.5, 0.5, 0.5, 0.5, 0.5, 0.5, 0.5, 0.5, 0.5, 0.5, 0.5, 0.5, 0.5, 0.5, 0.5, 0.5, 0.5, 0.5, 0.5, 0.5, 0.5, 0.5, 0.5, 0.5, 0.5, 0.5, 0.5, 0.5, 0.5, 0.5, 0.5, 0.5, 0.5, 0.5, 0.5, 0.5, 0.5, 0.5, 0.5, 0.5, 0.5, 0.5, 0.5, 0.5, 0.5, 0.5, 0.5, 0.5, 0.5, 0.5, 0.5, 0.5, 0.5, 0.5, 0.5, 0.5, 0.5, 0.5, 0.5, 0.5, 0.5, 0.5, 0.5, 0.5, 0.5, 0.5, 0.5, 0.5, 0.5, 0.5, 0.5, 0.5, 0.5, 0.5, 0.5, 0.5, 0.5, 0.5, 0.5, 0.5, 0.5, 0.5, 0.5, 0.5, 0.5, 0.5, 0.5, 0.5, 0.5, 0.5, 0.5, 0.5, 0.5, 0.5, 0.5, 0.5, 0.5, 0.5, 0.5, 0.5, 0.5, 0.5, 0.5, 0.5, 0.5, 0.5, 0.5, 0.5, 0.5, 0.5, 0.5, 0.5, 0.5, 0.5, 0.5, 0.5, 0.5, 0.5, 0.5, 0.5, 0.5, 0.5, 0.5, 0.5, 0.5, 0.5, 0.5, 0.5, 0.5, 0.5, 0.5, 0.5, 0.5, 0.5, 0.5, 0.5, 0.5, 0.5, 0.5, 0.5, 0.5, 0.5, 0.5, 0.5, 0.5, 0.5, 0.5, 0.5, 0.5, 0.5, 0.5, 0.5, 0.5, 0.5, 0.5, 0.5, 0.5, 0.5, 0.5, 0.5, 0.5, 0.5, 0.5, 0.5, 0.5, 0.5, 0.5, 0.5, 0.5, 0.5, 0.5, 0.5, 0.5, 0.5, 0.5, 0.5, 0.5, 0.5, 0.5, 0.5, 0.5, 0.5, 0.5, 0.5, 0.5, 0.5, 0.5, 0.5, 0.5, 0.5, 0.5, 0.5, 0.5, 0.5, 0.5, 0.5, 0.5, 0.5, 0.5, 0.5, 0.5, 0.5, 0.5, 0.5, 0.5, 0.5, 0.5, 0.5, 0.5, 0.5, 0.5, 0.5, 0.5, 0.5, 0.5, 0.5, 0.5, 0.5, 0.5, 0.5, 0.5, 0.5, 0.5, 0.5, 0.5, 0.5, 0.5, 0.5, 0.5, 0.5, 0.5, 0.5, 0.5, 0.5, 0.5, 0.5, 0.5, 0.5, 0.5, 0.5, 0.5, 0.5, 0.5, 0.5, 0.5, 0.5, 0.5, 0.5, 0.5, 0.5, 0.5, 0.5, 0.5, 0.5, 0.5, 0.5, 0.5, 0.5, 0.5, 0.5, 0.5, 0.5, 0.5, 0.5, 0.5, 0.5, 0.5, 0.5, 0.5, 0.5, 0.5, 0.5, 0.5, 0.5, 0.5, 0.5, 0.5, 0.5, 0.5, 0.5, 0.5, 0.5, 0.5, 0.5, 0.5, 0.5, 0.5, 0.5, 0.5, 0.5, 0.5, 0.5, 0.5, 0.5, 0.5, 0.5, 0.5, 0.5, 0.5, 0.5, 0.5, 0.5, 0.5, 0.5, 0.5, 0.5, 0.5, 0.5, 0.5, 0.5, 0.5, 0.5, 0.5, 0.5, 0.5, 0.5, 0.5, 0.5, 0.5, 0.5, 0.5, 0.5, 0.5, 0.5, 0.5, 0.5, 0.5, 0.5, 0.5, 0.5, 0.5, 0.5, 0.5, 0.5, 0.5, 0.5, 0.5, 0.5, 0.5, 0.5, 0.5, 0.5, 0.5, 0.5, 0.5, 0.5, 0.5, 0.5, 0.5, 0.5, 0.5, 0.5, 0.5, 0.5, 0.5, 0.5, 0.5, 0.5, 0.5, 0.5, 0.5, 0.5, 0.5, 0.5, 0.5, 0.5, 0.5, 0.5, 0.5, 0.5, 0.5, 0.5, 0.5, 0.5, 0.5, 0.5, 0.5, 0.5, 0.5, 0.5, 0.5, 0.5, 0.5, 0.5, 0.5, 0.5, 0.5, 0.5, 0.5, 0.5, 0.5, 0.5, 0.5, 0.5, 0.5, 0.5, 0.5, 0.5, 0.5, 0.5, 0.5, 0.5, 0.5, 0.5, 0.5, 0.5, 0.5, 0.5, 0.5, 0.5, 0.5, 0.5, 0.5, 0.5, 0.5, 0.5, 0.5, 0.5, 0.5, 0.5, 0.5, 0.5, 0.5, 0.5, 0.5, 0.5, 0.5, 0.5, 0.5, 0.5, 0.5, 0.5, 0.5, 0.5, 0.5, 0.5, 0.5, 0.5, 0.5, 0.5, 0.5, 0.5, 0.5, 0.5, 0.5, 0.5, 0.5, 0.5, 0.5, 0.5, 0.5, 0.5, 0.5, 0.5, 0.5, 0.5, 0.5, 0.5, 0.5, 0.5, 0.5, 0.5, 0.5, 0.5, 0.5, 0.5, 0.5, 0.5, 0.5, 0.5, 0.5, 0.5, 0.5, 0.5, 0.5, 0.5, 0.5, 0.5, 0.5, 0.5, 0.5, 0.5, 0.5, 0.5, 0.5, 0.5, 0.5, 0.5, 0.5, 0.5, 0.5, 0.5, 0.5, 0.5, 0.5, 0.5, 0.5, 0.5, 0.5, 0.5, 0.5, 0.5, 0.5, 0.5, 0.5, 0.5, 0.5, 0.5, 0.5, 0.5, 0.5, 0.5, 0.5, 0.5, 0.5, 0.5, 0.5, 0.5, 0.5, 0.5, 0.5, 0.5, 0.5, 0.5, 0.5, 0.5, 0.5, 0.5, 0.5, 0.5, 0.5, 0.5, 0.5, 0.5, 0.5, 0.5, 0.5, 0.5, 0.5, 0.5, 0.5, 0.5, 0.5, 0.5, 0.5, 0.5, 0.5, 0.5, 0.5, 0.5, 0.5, 0.5, 0.5, 0.5, 0.5, 0.5, 0.5, 0.5, 0.5, 0.5, 0.5, 0.5, 0.5, 0.5, 0.5, 0.5, 0.5, 0.5, 0.5, 0.5, 0.5, 0.5, 0.5, 0.5, 0.5, 0.5, 0.5, 0.5, 0.5, 0.5, 0.5, 0.5, 0.5, 0.5, 0.5, 0.5, 0.5, 0.5, 0.5, 0.5, 0.5, 0.5, 0.5, 0.5, 0.5, 0.5, 0.5, 0.5, 0.5, 0.5, 0.5, 0.5, 0.5, 0.5, 0.5, 0.5, 0.5, 0.5, 0.5, 0.5, 0.5, 0.5, 0.5, 0.5, 0.5, 0.5, 0.5, 0.5, 0.5, 0.5, 0.5, 0.5, 0.5, 0.5, 0.5, 0.5, 0.5, 0.5]",3
2026_11_KICE_10-13_3,['1(2)'],"1번: X + ""(지문 속 근거가 된 문장이 없음)""
2번: X + ""(지문 속 근거가 된 문장이 없음)""
3번: X + ""(지문 속 근거가 된 문장이 없음)""
4번: X + ""(지문 속 근거가 된 문장이 없음)""
5번: X + ""(지문 속 근거가 된 문장이 없음)""
최종 정답: 1번","[16, 167, 110, 230, 25, 1395, 1343, 30629, 168, 100, 222, 167, 105, 116, 23821, 228, 235, 220, 166, 115, 120, 166, 109, 108, 166, 108, 222, 31619, 238, 250, 31619, 105, 116, 168, 252, 98, 35975, 112, 23821, 245, 228, 35975, 234, 16725, 198, 17, 167, 110, 230, 25, 1395, 1343, 30629, 168, 100, 222, 167, 105, 116, 23821, 228, 235, 220, 166, 115, 120, 166, 109, 108, 166, 108, 222, 31619, 238, 250, 31619, 105, 116, 168, 252, 98, 35975, 112, 23821, 245, 228, 35975, 234, 16725, 198, 18, 167, 110, 230, 25, 1395, 1343, 30629, 168, 100, 222, 167, 105, 116, 23821, 228, 235, 220, 166, 115, 120, 166, 109, 108, 166, 108, 222, 31619, 238, 250, 31619, 105, 116, 168, 252, 98, 35975, 112, 23821, 245, 228, 35975, 234, 16725, 198, 19, 167, 110, 230, 25, 1395, 1343, 30629, 168, 100, 222, 167, 105, 116, 23821, 228, 235, 220, 166, 115, 120, 166, 109, 108, 166, 108, 222, 31619, 238, 250, 31619, 105, 116, 168, 252, 98, 35975, 112, 23821, 245, 228, 35975, 234, 16725, 198, 20, 167, 110, 230, 25, 1395, 1343, 30629, 168, 100, 222, 167, 105, 116, 23821, 228, 235, 220, 166, 115, 120, 166, 109, 108, 166, 108, 222, 31619, 238, 250, 31619, 105, 116, 168, 252, 98, 35975, 112, 23821, 245, 228, 35975, 234, 16725, 198, 168, 113, 250, 168, 95, 227, 23821, 254, 243, 46695, 113, 25, 352, 167, 110, 230]","[0.5, 0.5, 0.5, 0.5, 0.5, 0.5, 0.5, 0.5, 0.5, 0.5, 0.5, 0.5, 0.5, 0.5, 0.5, 0.5, 0.5, 0.5, 0.5, 0.5, 0.5, 0.5, 0.5, 0.5, 0.5, 0.5, 0.5, 0.5, 0.5, 0.5, 0.5, 0.5, 0.5, 0.5, 0.5, 0.5, 0.5, 0.5, 0.5, 0.5, 0.5, 0.5, 0.5, 0.5, 0.5, 0.5, 0.5, 0.5, 0.5, 0.5, 0.5, 0.5, 0.5, 0.5, 0.5, 0.5, 0.5, 0.5, 0.5, 0.5, 0.5, 0.5, 0.5, 0.5, 0.5, 0.5, 0.5, 0.5, 0.5, 0.5, 0.5, 0.5, 0.5, 0.5, 0.5, 0.5, 0.5, 0.5, 0.5, 0.5, 0.5, 0.5, 0.5, 0.5, 0.5, 0.5, 0.5, 0.5, 0.5, 0.5, 0.5, 0.5, 0.5, 0.5, 0.5, 0.5, 0.5, 0.5, 0.5, 0.5, 0.5, 0.5, 0.5, 0.5, 0.5, 0.5, 0.5, 0.5, 0.5, 0.5, 0.5, 0.5, 0.5, 0.5, 0.5, 0.5, 0.5, 0.5, 0.5, 0.5, 0.5, 0.5, 0.5, 0.5, 0.5, 0.5, 0.5, 0.5, 0.5, 0.5, 0.5, 0.5, 0.5, 0.5, 0.5, 0.5, 0.5, 0.5, 0.5, 0.5, 0.5, 0.5, 0.5, 0.5, 0.5, 0.5, 0.5, 0.5, 0.5, 0.5, 0.5, 0.5, 0.5, 0.5, 0.5, 0.5, 0.5, 0.5, 0.5, 0.5, 0.5, 0.5, 0.5, 0.5, 0.5, 0.5, 0.5, 0.5, 0.5, 0.5, 0.5, 0.5, 0.5, 0.5, 0.5, 0.5, 0.5, 0.5, 0.5, 0.5, 0.5, 0.5, 0.5, 0.5, 0.5, 0.5, 0.5, 0.5, 0.5, 0.5, 0.5, 0.5, 0.5, 0.5, 0.5, 0.5, 0.5, 0.5, 0.5, 0.5, 0.5, 0.5, 0.5, 0.5, 0.5, 0.5, 0.5, 0.5, 0.5, 0.5, 0.5, 0.5, 0.5, 0.5, 0.5, 0.5, 0.5, 0.5, 0.5, 0.5, 0.5, 0.5, 0.5, 0.5, 0.5, 0.5, 0.5, 0.5, 0.5, 0.5, 0.5, 0.5, 0.5, 0.5, 0.5, 0.5, 0.5, 0.5, 0.5, 0.5, 0.5]",2
2026_11_KICE_14-17_0,['5(2)'],"1번: 이 문장은 윗글의 내용과 일치하지 않는다. ""그러한 조건 자체는 무언가가 실재함을 보장하지 않는다. 그렇기에 자기의식은 ‘생각하는 나’가 단일한 주관으로서 실제로 존재한다는 것, 즉 ‘영혼의 실재함’을 보장하지 않고, ‘영혼이 실재할 가능성’을 열어둘 뿐이다.""
2번: 이 문장은 윗글의 내용과 일치하지 않는다. ""칸트는 통시적으로 동일한 인격의 존재를 직접 증명하는 대신 ‘시간의 흐름 속에서 마주치는 복수의 주관이 동일한 인격으로 인식된다.’라는 가정이 반드시 선행되어야 한다고 제안한다. 그래야 경험적 판단, 윤리적 판단 등의 생각이 가능하기 때문이다. 생각의 구성은 시간의 흐름을 따르는데, 이러한 구성은 통시적으로 동일한 인격을 반드시 필요로 한다는 것이다.""
3번: 이 문장은 윗글의 내용과 일치하지 않는다. ""자기의식도 마찬가지로 경험에 의존하기에, 자기의식이 인식을 가능하게 하는 조건이라는 칸트의 견해는 잘못이라는 것이다.""
4번: 이 문장은 윗글의 내용과 일치한다. ""스트로슨은 인격을 의식과 신체의 복합체로 본다. 스트로슨에 따라면, 시공간적 세계 안에서 우리의 신체를 매개로 대상이 경험된다는 것은 과학적 사실이며 자아에 대한 인식은 경험적 인식들로부터 추상화되는 것이다.""
5번: 이 문장은 윗글의 내용과 일치한다. ""그러려면 신체가 있고 살아 있어야 하므로, 인격의 동일성의 기준은 각자가 자신의 것이라고 통시적으로 인식하는 신체라고 롱게네스는 주장한다.""

최종 정답: 1번","[16, 167, 110, 230, 25, 23821, 251, 112, 31619, 105, 116, 168, 252, 98, 35975, 222, 23821, 250, 245, 166, 116, 222, 35975, 246, 31619, 224, 112, 168, 248, 102, 166, 111, 120, 23821, 251, 120, 168, 117, 246, 47991, 246, 168, 100, 222, 23821, 243, 232, 167, 232, 242, 46695, 97, 13, 366, 166, 115, 116, 167, 253, 105, 47991, 250, 23821, 94, 108, 166, 109, 112, 23821, 252, 238, 168, 110, 112, 167, 232, 242, 31619, 105, 112, 168, 244, 116, 166, 108, 222, 166, 108, 222, 23821, 233, 97, 168, 252, 105, 47991, 101, 35975, 226, 31619, 111, 112, 168, 252, 98, 47991, 246, 168, 100, 222, 23821, 243, 232, 167, 232, 242, 46695, 97, 13, 220, 166, 115, 116, 167, 254, 229, 166, 116, 108, 168, 245, 238, 23821, 252, 238, 166, 116, 108, 35975, 246, 168, 233, 251, 35975, 222, 564, 246, 168, 225, 251, 166, 108, 223, 47991, 246, 167, 232, 242, 31619, 224, 246, 447, 247, 166, 108, 222, 31619, 233, 101, 35975, 120, 47991, 250, 23821, 96, 120, 166, 112, 222, 168, 250, 120, 167, 94, 250, 168, 226, 250, 23821, 233, 97, 168, 254, 250, 167, 94, 250, 23821, 94, 112, 168, 252, 105, 47991, 250, 46695, 97, 167, 232, 242, 220, 166, 110, 225, 11, 23821, 99, 231, 564, 246, 168, 246, 223, 169, 246, 120, 35975, 246, 23821, 233, 97, 168, 252, 105, 47991, 101, 447, 247, 35975, 226, 31619, 111, 112, 168, 252, 98, 47991, 246, 168, 100, 222, 23821, 243, 232, 166, 111, 254, 11, 564, 246, 168, 246, 223, 169, 246, 120, 35975, 112, 23821, 233, 97, 168, 252, 105, 47991, 254, 220, 166, 108, 222, 167, 232, 98, 168, 226, 109, 447, 247, 35975, 226, 23821, 245, 112, 168, 244, 112, 167, 239, 246, 31619, 123, 238, 35975, 112, 46695, 97, 526, 198, 17, 167, 110, 230, 25, 23821, 251, 112, 31619, 105, 116, 168, 252, 98, 35975, 222, 23821, 250, 245, 166, 116, 222, 35975, 246, 31619, 224, 112, 168, 248, 102, 166, 111, 120, 23821, 251, 120, 168, 117, 246, 47991, 246, 168, 100, 222, 23821, 243, 232, 167, 232, 242, 46695, 97, 13, 366, 168, 117, 116, 169, 232, 116, 167, 232, 242, 220, 169, 228, 113, 168, 233, 250, 168, 254, 223, 168, 250, 120, 167, 94, 250, 31619, 237, 247, 35975, 120, 47991, 250, 23821, 251, 116, 166, 110, 102, 35975, 246, 23821, 94, 112, 168, 252, 105, 167, 98, 120, 23821, 100, 223, 168, 254, 239, 23821, 99, 251, 167, 103, 227, 47991, 246, 167, 232, 242, 31619, 234, 222, 168, 233, 254, 564, 246, 168, 233, 250, 166, 108, 226, 35975, 246, 220, 169, 251, 238, 167, 99, 226, 23821, 228, 235, 168, 245, 238, 168, 226, 250, 31619, 100, 230, 168, 96, 120, 168, 117, 246, 167, 232, 242, 31619, 111, 113, 168, 230, 246, 35975, 246, 23821, 96, 120, 166, 112, 222, 35975, 112, 31619, 237, 247, 35975, 120, 47991, 250, 23821, 251, 116, 166, 110, 102, 168, 250, 120, 167, 94, 250, 23821, 251, 116, 168, 233, 251, 167, 238, 250, 46695, 97, 13, 447, 247, 167, 251, 120, 167, 232, 242, 220, 166, 108, 222, 168, 254, 243, 35975, 112, 31619, 108, 246, 167, 241, 250, 168, 233, 250, 23821, 226, 254, 169, 244, 231, 167, 238, 246, 168, 244, 112, 168, 243, 120, 220, 47991, 250, 46695, 97, 166, 111, 254, 23821, 254, 250, 168, 243, 230, 47991, 250, 46695, 97, 13, 220, 166, 115, 116, 167, 252, 246, 168, 243, 120, 220, 166, 110, 121, 169, 245, 246, 168, 254, 223, 220, 169, 234, 238, 46695, 101, 11, 23821, 250, 97, 167, 99, 105, 168, 254, 223, 220, 169, 234, 238, 46695, 101, 31619, 241, 109, 35975, 246, 23821, 225, 251, 166, 108, 223, 35975, 112, 220, 166, 108, 222, 167, 232, 98, 47991, 246, 166, 116, 108, 31619, 243, 234, 167, 105, 116, 35975, 112, 46695, 97, 13, 23821, 225, 251, 166, 108, 223, 35975, 246, 220, 166, 113, 105, 168, 226, 109, 35975, 222, 23821, 233, 250, 166, 108, 226, 35975, 246, 220, 169, 251, 238, 167, 99, 226, 35975, 226, 31619, 242, 108, 167, 98, 112, 167, 232, 242, 167, 235, 108, 11, 23821, 251, 112, 167, 253, 105, 47991, 250, 220, 166, 113, 105, 168, 226, 109, 35975, 222, 220, 169, 228, 113, 168, 233, 250, 168, 254, 223, 168, 250, 120, 167, 94, 250, 31619, 237, 247, 35975, 120, 47991, 250, 23821, 251, 116, 166, 110, 102, 35975, 226, 31619, 108, 246, 167, 241, 250, 168, 233, 250, 220, 47991, 226, 168, 248, 242, 167, 94, 250, 220, 47991, 250, 46695, 97, 167, 232, 242, 220, 166, 110, 225, 35975, 112, 46695, 97, 526, 198, 18, 167, 110, 230, 25, 23821, 251, 112, 31619, 105, 116, 168, 252, 98, 35975, 222, 23821, 250, 245, 166, 116, 222, 35975, 246, 31619, 224, 112, 168, 248, 102, 166, 111, 120, 23821, 251, 120, 168, 117, 246, 47991, 246, 168, 100, 222, 23821, 243, 232, 167, 232, 242, 46695, 97, 13, 366, 168, 252, 238, 166, 116, 108, 35975, 246, 168, 233, 251, 167, 237, 226, 31619, 100, 230, 168, 108, 105, 166, 108, 222, 168, 100, 222, 167, 94, 250, 220, 166, 110, 121, 169, 245, 246, 168, 245, 238, 23821, 251, 246, 168, 94, 112, 47991, 246, 166, 116, 108, 168, 245, 238, 11, 23821, 252, 238, 166, 116, 108, 35975, 246, 168, 233, 251, 35975, 112, 23821, 251, 116, 168, 233, 251, 35975, 226, 220, 166, 108, 222, 167, 232, 98, 47991, 246, 166, 110, 234, 220, 47991, 246, 167, 232, 242, 23821, 94, 108, 166, 109, 112, 35975, 112, 167, 251, 120, 167, 232, 242, 23821, 117, 116, 169, 232, 116, 35975, 246, 220, 166, 110, 105, 47991, 112, 167, 232, 242, 23821, 252, 246, 167, 103, 119, 35975, 112, 167, 251, 120, 167, 232, 242, 220, 166, 110, 225, 35975, 112, 46695, 97, 526, 198, 19, 167, 110, 230, 25, 23821, 251, 112, 31619, 105, 116, 168, 252, 98, 35975, 222, 23821, 250, 245, 166, 116, 222, 35975, 246, 31619, 224, 112, 168, 248, 102, 166, 111, 120, 23821, 251, 120, 168, 117, 246, 47991, 250, 46695, 97, 13, 366, 168, 232, 97, 169, 232, 116, 167, 94, 250, 168, 232, 101, 35975, 222, 23821, 251, 116, 166, 110, 102, 35975, 226, 23821, 251, 246, 168, 233, 251, 166, 111, 120, 23821, 233, 254, 168, 110, 112, 35975, 246, 31619, 111, 113, 47991, 102, 168, 110, 112, 167, 94, 250, 31619, 111, 116, 46695, 97, 13, 23821, 232, 97, 169, 232, 116, 167, 94, 250, 168, 232, 101, 168, 245, 238, 31619, 242, 108, 167, 251, 120, 167, 102, 112, 11, 23821, 233, 250, 166, 111, 113, 166, 108, 226, 168, 254, 223, 23821, 226, 116, 166, 111, 226, 23821, 243, 230, 168, 245, 238, 168, 226, 250, 23821, 248, 108, 167, 99, 105, 35975, 246, 23821, 233, 254, 168, 110, 112, 167, 98, 120, 31619, 100, 97, 166, 108, 250, 167, 94, 250, 31619, 234, 222, 168, 225, 223, 35975, 112, 220, 166, 110, 121, 169, 245, 246, 167, 238, 250, 46695, 97, 167, 232, 242, 220, 166, 110, 225, 35975, 222, 220, 166, 111, 120, 47991, 247, 168, 254, 223, 23821, 8955, 168, 233, 97, 35975, 112, 167, 102, 108, 23821, 252, 238, 168, 243, 226, 168, 245, 238, 31619, 234, 222, 47991, 250, 23821, 251, 116, 168, 233, 251, 35975, 222, 220, 166, 110, 121, 169, 245, 246, 168, 254, 223, 23821, 251, 116, 168, 233, 251, 167, 241, 97, 167, 94, 250, 167, 114, 222, 169, 226, 108, 23821, 114, 242, 168, 225, 223, 169, 247, 242, 167, 238, 246, 167, 232, 242, 220, 166, 110, 225, 35975, 112, 46695, 97, 526, 198, 20, 167, 110, 230, 25, 23821, 251, 112, 31619, 105, 116, 168, 252, 98, 35975, 222, 23821, 250, 245, 166, 116, 222, 35975, 246, 31619, 224, 112, 168, 248, 102, 166, 111, 120, 23821, 251, 120, 168, 117, 246, 47991, 250, 46695, 97, 13, 366, 166, 115, 116, 167, 253, 105, 167, 254, 97, 167, 102, 112, 23821, 233, 254, 168, 110, 112, 166, 108, 222, 23821, 252, 230, 166, 111, 254, 23821, 224, 112, 168, 243, 226, 23821, 252, 230, 168, 244, 112, 168, 243, 120, 220, 47991, 246, 167, 107, 222, 167, 94, 250, 11, 23821, 251, 116, 166, 110, 102, 35975, 246, 31619, 237, 247, 35975, 120, 168, 226, 109, 35975, 246, 220, 166, 116, 108, 168, 97, 222, 35975, 222, 220, 166, 108, 223, 168, 252, 238, 166, 108, 222, 23821, 252, 238, 168, 233, 254, 35975, 246, 220, 166, 110, 225, 35975, 112, 167, 251, 120, 166, 111, 254, 220, 169, 228, 113, 168, 233, 250, 168, 254, 223, 168, 250, 120, 167, 94, 250, 23821, 251, 116, 168, 233, 251, 47991, 246, 167, 232, 242, 23821, 233, 254, 168, 110, 112, 167, 251, 120, 166, 111, 254, 31619, 94, 109, 166, 110, 234, 167, 226, 97, 168, 232, 97, 167, 232, 242, 23821, 96, 120, 168, 252, 98, 47991, 250, 46695, 97, 526, 198, 198, 168, 113, 250, 168, 95, 227, 23821, 254, 243, 46695, 113, 25, 352, 167, 110, 230]","[0.5, 0.5, 0.5, 0.5, 0.5, 0.5, 0.5, 0.5, 0.5, 0.5, 0.5, 0.5, 0.5, 0.5, 0.5, 0.5, 0.5, 0.5, 0.5, 0.5, 0.5, 0.5, 0.5, 0.5, 0.5, 0.5, 0.5, 0.5, 0.5, 0.5, 0.5, 0.5, 0.5, 0.5, 0.5, 0.5, 0.5, 0.5, 0.5, 0.5, 0.5, 0.5, 0.5, 0.5, 0.5, 0.5, 0.5, 0.5, 0.5, 0.5, 0.5, 0.5, 0.5, 0.5, 0.5, 0.5, 0.5, 0.5, 0.5, 0.5, 0.5, 0.5, 0.5, 0.5, 0.5, 0.5, 0.5, 0.5, 0.5, 0.5, 0.5, 0.5, 0.5, 0.5, 0.5, 0.5, 0.5, 0.5, 0.5, 0.5, 0.5, 0.5, 0.5, 0.5, 0.5, 0.5, 0.5, 0.5, 0.5, 0.5, 0.5, 0.5, 0.5, 0.5, 0.5, 0.5, 0.5, 0.5, 0.5, 0.5, 0.5, 0.5, 0.5, 0.5, 0.5, 0.5, 0.5, 0.5, 0.5, 0.5, 0.5, 0.5, 0.5, 0.5, 0.5, 0.5, 0.5, 0.5, 0.5, 0.5, 0.5, 0.5, 0.5, 0.5, 0.5, 0.5, 0.5, 0.5, 0.5, 0.5, 0.5, 0.5, 0.5, 0.5, 0.5, 0.5, 0.5, 0.5, 0.5, 0.5, 0.5, 0.5, 0.5, 0.5, 0.5, 0.5, 0.5, 0.5, 0.5, 0.5, 0.5, 0.5, 0.5, 0.5, 0.5, 0.5, 0.5, 0.5, 0.5, 0.5, 0.5, 0.5, 0.5, 0.5, 0.5, 0.5, 0.5, 0.5, 0.5, 0.5, 0.5, 0.5, 0.5, 0.5, 0.5, 0.5, 0.5, 0.5, 0.5, 0.5, 0.5, 0.5, 0.5, 0.5, 0.5, 0.5, 0.5, 0.5, 0.5, 0.5, 0.5, 0.5, 0.5, 0.5, 0.5, 0.5, 0.5, 0.5, 0.5, 0.5, 0.5, 0.5, 0.5, 0.5, 0.5, 0.5, 0.5, 0.5, 0.5, 0.5, 0.5, 0.5, 0.5, 0.5, 0.5, 0.5, 0.5, 0.5, 0.5, 0.5, 0.5, 0.5, 0.5, 0.5, 0.5, 0.5, 0.5, 0.5, 0.5, 0.5, 0.5, 0.5, 0.5, 0.5, 0.5, 0.5, 0.5, 0.5, 0.5, 0.5, 0.5, 0.5, 0.5, 0.5, 0.5, 0.5, 0.5, 0.5, 0.5, 0.5, 0.5, 0.5, 0.5, 0.5, 0.5, 0.5, 0.5, 0.5, 0.5, 0.5, 0.5, 0.5, 0.5, 0.5, 0.5, 0.5, 0.5, 0.5, 0.5, 0.5, 0.5, 0.5, 0.5, 0.5, 0.5, 0.5, 0.5, 0.5, 0.5, 0.5, 0.5, 0.5, 0.5, 0.5, 0.5, 0.5, 0.5, 0.5, 0.5, 0.5, 0.5, 0.5, 0.5, 0.5, 0.5, 0.5, 0.5, 0.5, 0.5, 0.5, 0.5, 0.5, 0.5, 0.5, 0.5, 0.5, 0.5, 0.5, 0.5, 0.5, 0.5, 0.5, 0.5, 0.5, 0.5, 0.5, 0.5, 0.5, 0.5, 0.5, 0.5, 0.5, 0.5, 0.5, 0.5, 0.5, 0.5, 0.5, 0.5, 0.5, 0.5, 0.5, 0.5, 0.5, 0.5, 0.5, 0.5, 0.5, 0.5, 0.5, 0.5, 0.5, 0.5, 0.5, 0.5, 0.5, 0.5, 0.5, 0.5, 0.5, 0.5, 0.5, 0.5, 0.5, 0.5, 0.5, 0.5, 0.5, 0.5, 0.5, 0.5, 0.5, 0.5, 0.5, 0.5, 0.5, 0.5, 0.5, 0.5, 0.5, 0.5, 0.5, 0.5, 0.5, 0.5, 0.5, 0.5, 0.5, 0.5, 0.5, 0.5, 0.5, 0.5, 0.5, 0.5, 0.5, 0.5, 0.5, 0.5, 0.5, 0.5, 0.5, 0.5, 0.5, 0.5, 0.5, 0.5, 0.5, 0.5, 0.5, 0.5, 0.5, 0.5, 0.5, 0.5, 0.5, 0.5, 0.5, 0.5, 0.5, 0.5, 0.5, 0.5, 0.5, 0.5, 0.5, 0.5, 0.5, 0.5, 0.5, 0.5, 0.5, 0.5, 0.5, 0.5, 0.5, 0.5, 0.5, 0.5, 0.5, 0.5, 0.5, 0.5, 0.5, 0.5, 0.5, 0.5, 0.5, 0.5, 0.5, 0.5, 0.5, 0.5, 0.5, 0.5, 0.5, 0.5, 0.5, 0.5, 0.5, 0.5, 0.5, 0.5, 0.5, 0.5, 0.5, 0.5, 0.5, 0.5, 0.5, 0.5, 0.5, 0.5, 0.5, 0.5, 0.5, 0.5, 0.5, 0.5, 0.5, 0.5, 0.5, 0.5, 0.5, 0.5, 0.5, 0.5, 0.5, 0.5, 0.5, 0.5, 0.5, 0.5, 0.5, 0.5, 0.5, 0.5, 0.5, 0.5, 0.5, 0.5, 0.5, 0.5, 0.5, 0.5, 0.5, 0.5, 0.5, 0.5, 0.5, 0.5, 0.5, 0.5, 0.5, 0.5, 0.5, 0.5, 0.5, 0.5, 0.5, 0.5, 0.5, 0.5, 0.5, 0.5, 0.5, 0.5, 0.5, 0.5, 0.5, 0.5, 0.5, 0.5, 0.5, 0.5, 0.5, 0.5, 0.5, 0.5, 0.5, 0.5, 0.5, 0.5, 0.5, 0.5, 0.5, 0.5, 0.5, 0.5, 0.5, 0.5, 0.5, 0.5, 0.5, 0.5, 0.5, 0.5, 0.5, 0.5, 0.5, 0.5, 0.5, 0.5, 0.5, 0.5, 0.5, 0.5, 0.5, 0.5, 0.5, 0.5, 0.5, 0.5, 0.5, 0.5, 0.5, 0.5, 0.5, 0.5, 0.5, 0.5, 0.5, 0.5, 0.5, 0.5, 0.5, 0.5, 0.5, 0.5, 0.5, 0.5, 0.5, 0.5, 0.5, 0.5, 0.5, 0.5, 0.5, 0.5, 0.5, 0.5, 0.5, 0.5, 0.5, 0.5, 0.5, 0.5, 0.5, 0.5, 0.5, 0.5, 0.5, 0.5, 0.5, 0.5, 0.5, 0.5, 0.5, 0.5, 0.5, 0.5, 0.5, 0.5, 0.5, 0.5, 0.5, 0.5, 0.5, 0.5, 0.5, 0.5, 0.5, 0.5, 0.5, 0.5, 0.5, 0.5, 0.5, 0.5, 0.5, 0.5, 0.5, 0.5, 0.5, 0.5, 0.5, 0.5, 0.5, 0.5, 0.5, 0.5, 0.5, 0.5, 0.5, 0.5, 0.5, 0.5, 0.5, 0.5, 0.5, 0.5, 0.5, 0.5, 0.5, 0.5, 0.5, 0.5, 0.5, 0.5, 0.5, 0.5, 0.5, 0.5, 0.5, 0.5, 0.5, 0.5, 0.5, 0.5, 0.5, 0.5, 0.5, 0.5, 0.5, 0.5, 0.5, 0.5, 0.5, 0.5, 0.5, 0.5, 0.5, 0.5, 0.5, 0.5, 0.5, 0.5, 0.5, 0.5, 0.5, 0.5, 0.5, 0.5, 0.5, 0.5, 0.5, 0.5, 0.5, 0.5, 0.5, 0.5, 0.5, 0.5, 0.5, 0.5, 0.5, 0.5, 0.5, 0.5, 0.5, 0.5, 0.5, 0.5, 0.5, 0.5, 0.5, 0.5, 0.5, 0.5, 0.5, 0.5, 0.5, 0.5, 0.5, 0.5, 0.5, 0.5, 0.5, 0.5, 0.5, 0.5, 0.5, 0.5, 0.5, 0.5, 0.5, 0.5, 0.5, 0.5, 0.5, 0.5, 0.5, 0.5, 0.5, 0.5, 0.5, 0.5, 0.5, 0.5, 0.5, 0.5, 0.5, 0.5, 0.5, 0.5, 0.5, 0.5, 0.5, 0.5, 0.5, 0.5, 0.5, 0.5, 0.5, 0.5, 0.5, 0.5, 0.5, 0.5, 0.5, 0.5, 0.5, 0.5, 0.5, 0.5, 0.5, 0.5, 0.5, 0.5, 0.5, 0.5, 0.5, 0.5, 0.5, 0.5, 0.5, 0.5, 0.5, 0.5, 0.5, 0.5, 0.5, 0.5, 0.5, 0.5, 0.5, 0.5, 0.5, 0.5, 0.5, 0.5, 0.5, 0.5, 0.5, 0.5, 0.5, 0.5, 0.5, 0.5, 0.5, 0.5, 0.5, 0.5, 0.5, 0.5, 0.5, 0.5, 0.5, 0.5, 0.5, 0.5, 0.5, 0.5, 0.5, 0.5, 0.5, 0.5, 0.5, 0.5, 0.5, 0.5, 0.5, 0.5, 0.5, 0.5, 0.5, 0.5, 0.5, 0.5, 0.5, 0.5, 0.5, 0.5, 0.5, 0.5, 0.5, 0.5, 0.5, 0.5, 0.5, 0.5, 0.5, 0.5, 0.5, 0.5, 0.5, 0.5, 0.5, 0.5, 0.5, 0.5, 0.5, 0.5, 0.5, 0.5, 0.5, 0.5, 0.5, 0.5, 0.5, 0.5, 0.5, 0.5, 0.5, 0.5, 0.5, 0.5, 0.5, 0.5, 0.5, 0.5, 0.5, 0.5, 0.5, 0.5, 0.5, 0.5, 0.5, 0.5, 0.5, 0.5, 0.5, 0.5, 0.5, 0.5, 0.5, 0.5, 0.5, 0.5, 0.5, 0.5, 0.5, 0.5, 0.5, 0.5, 0.5, 0.5, 0.5, 0.5, 0.5, 0.5, 0.5, 0.5, 0.5, 0.5, 0.5, 0.5, 0.5, 0.5, 0.5, 0.5, 0.5, 0.5, 0.5, 0.5, 0.5, 0.5, 0.5, 0.5, 0.5, 0.5, 0.5, 0.5, 0.5, 0.5, 0.5, 0.5, 0.5, 0.5, 0.5, 0.5, 0.5, 0.5, 0.5, 0.5, 0.5, 0.5, 0.5, 0.5, 0.5, 0.5, 0.5, 0.5, 0.5, 0.5, 0.5, 0.5, 0.5, 0.5, 0.5, 0.5, 0.5, 0.5, 0.5, 0.5, 0.5, 0.5, 0.5, 0.5, 0.5, 0.5, 0.5, 0.5, 0.5, 0.5, 0.5, 0.5, 0.5, 0.5, 0.5, 0.5, 0.5, 0.5, 0.5, 0.5, 0.5, 0.5, 0.5, 0.5, 0.5, 0.5, 0.5, 0.5, 0.5, 0.5, 0.5, 0.5, 0.5, 0.5, 0.5, 0.5, 0.5, 0.5, 0.5, 0.5, 0.5, 0.5, 0.5, 0.5, 0.5, 0.5, 0.5, 0.5, 0.5, 0.5, 0.5, 0.5, 0.5, 0.5, 0.5, 0.5, 0.5, 0.5, 0.5, 0.5, 0.5, 0.5, 0.5, 0.5, 0.5, 0.5, 0.5, 0.5, 0.5, 0.5, 0.5, 0.5, 0.5, 0.5, 0.5, 0.5, 0.5, 0.5, 0.5, 0.5, 0.5, 0.5, 0.5, 0.5, 0.5, 0.5, 0.5, 0.5, 0.5, 0.5, 0.5, 0.5, 0.5, 0.5, 0.5, 0.5, 0.5, 0.5, 0.5, 0.5, 0.5, 0.5, 0.5, 0.5, 0.5, 0.5, 0.5, 0.5, 0.5, 0.5, 0.5, 0.5, 0.5, 0.5, 0.5, 0.5, 0.5, 0.5, 0.5, 0.5, 0.5, 0.5, 0.5, 0.5, 0.5, 0.5, 0.5, 0.5, 0.5, 0.5, 0.5, 0.5, 0.5, 0.5, 0.5, 0.5, 0.5, 0.5, 0.5, 0.5, 0.5, 0.5, 0.5, 0.5, 0.5, 0.5, 0.5, 0.5, 0.5, 0.5, 0.5, 0.5, 0.5, 0.5, 0.5, 0.5, 0.5, 0.5, 0.5, 0.5, 0.5, 0.5, 0.5, 0.5, 0.5, 0.5, 0.5, 0.5, 0.5, 0.5, 0.5, 0.5, 0.5, 0.5, 0.5, 0.5, 0.5, 0.5, 0.5, 0.5, 0.5, 0.5, 0.5, 0.5, 0.5, 0.5, 0.5, 0.5, 0.5, 0.5, 0.5, 0.5, 0.5, 0.5, 0.5, 0.5, 0.5, 0.5, 0.5, 0.5, 0.5, 0.5, 0.5, 0.5, 0.5, 0.5, 0.5, 0.5, 0.5, 0.5, 0.5, 0.5, 0.5, 0.5, 0.5, 0.5, 0.5, 0.5, 0.5, 0.5, 0.5, 0.5, 0.5, 0.5, 0.5, 0.5, 0.5, 0.5, 0.5, 0.5, 0.5, 0.5, 0.5, 0.5, 0.5, 0.5, 0.5, 0.5, 0.5, 0.5, 0.5, 0.5, 0.5, 0.5, 0.5, 0.5, 0.5, 0.5, 0.5, 0.5, 0.5, 0.5, 0.5, 0.5, 0.5, 0.5, 0.5, 0.5, 0.5, 0.5, 0.5, 0.5, 0.5, 0.5, 0.5, 0.5, 0.5, 0.5, 0.5, 0.5, 0.5, 0.5, 0.5, 0.5, 0.5, 0.5, 0.5, 0.5, 0.5, 0.5, 0.5, 0.5, 0.5, 0.5, 0.5, 0.5, 0.5, 0.5, 0.5, 0.5, 0.5, 0.5, 0.5, 0.5, 0.5, 0.5, 0.5, 0.5, 0.5, 0.5, 0.5, 0.5, 0.5, 0.5, 0.5, 0.5, 0.5, 0.5, 0.5, 0.5, 0.5, 0.5, 0.5, 0.5, 0.5, 0.5, 0.5, 0.5, 0.5, 0.5, 0.5, 0.5, 0.5, 0.5, 0.5, 0.5, 0.5, 0.5, 0.5, 0.5, 0.5, 0.5, 0.5, 0.5, 0.5, 0.5, 0.5, 0.5, 0.5, 0.5, 0.5, 0.5, 0.5, 0.5, 0.5, 0.5, 0.5, 0.5, 0.5, 0.5, 0.5, 0.5, 0.5, 0.5, 0.5, 0.5, 0.5, 0.5, 0.5, 0.5, 0.5, 0.5, 0.5, 0.5, 0.5, 0.5, 0.5, 0.5, 0.5, 0.5, 0.5, 0.5, 0.5, 0.5, 0.5, 0.5, 0.5, 0.5, 0.5, 0.5, 0.5, 0.5, 0.5, 0.5, 0.5, 0.5, 0.5, 0.5, 0.5, 0.5, 0.5, 0.5, 0.5, 0.5, 0.5, 0.5, 0.5, 0.5, 0.5, 0.5, 0.5, 0.5, 0.5, 0.5, 0.5, 0.5, 0.5, 0.5, 0.5, 0.5, 0.5, 0.5, 0.5, 0.5, 0.5, 0.5, 0.5, 0.5, 0.5, 0.5, 0.5, 0.5, 0.5, 0.5, 0.5, 0.5, 0.5, 0.5, 0.5, 0.5, 0.5, 0.5, 0.5, 0.5, 0.5, 0.5, 0.5, 0.5, 0.5, 0.5, 0.5, 0.5, 0.5, 0.5, 0.5, 0.5, 0.5, 0.5, 0.5, 0.5, 0.5, 0.5, 0.5, 0.5, 0.5, 0.5, 0.5, 0.5, 0.5, 0.5, 0.5, 0.5, 0.5, 0.5, 0.5, 0.5, 0.5, 0.5, 0.5, 0.5, 0.5, 0.5, 0.5, 0.5, 0.5, 0.5, 0.5, 0.5, 0.5, 0.5, 0.5, 0.5, 0.5, 0.5, 0.5, 0.5, 0.5, 0.5, 0.5, 0.5, 0.5, 0.5, 0.5, 0.5, 0.5, 0.5, 0.5, 0.5, 0.5, 0.5, 0.5, 0.5, 0.5, 0.5, 0.5, 0.5, 0.5, 0.5, 0.5, 0.5, 0.5, 0.5, 0.5, 0.5, 0.5, 0.5, 0.5, 0.5, 0.5, 0.5, 0.5, 0.5, 0.5, 0.5, 0.5, 0.5, 0.5, 0.5, 0.5, 0.5, 0.5, 0.5, 0.5, 0.5, 0.5, 0.5, 0.5, 0.5, 0.5, 0.5, 0.5, 0.5, 0.5, 0.5, 0.5, 0.5, 0.5, 0.5, 0.5, 0.5, 0.5, 0.5, 0.5, 0.5, 0.5, 0.5, 0.5, 0.5, 0.5, 0.5, 0.5, 0.5, 0.5, 0.5]",0
2026_11_KICE_14-17_1,['1(2)'],"1번: 첫 번째 전제에 등장하는 ‘의식’은 실제로 존재하는 무언가에 대해 의식한다는 뜻이지만, ‘생각하는 나는 생각한다.’와 다름없는 두 번째 전제에 등장하는 ‘의식’은 무언가가 꼭 실재함을 뜻하지는 않기 때문이다. + ""첫 번째 전제에 등장하는 ‘의식’은 실제로 존재하는 무언가에 대해 의식한다는 뜻이지만, ‘생각하는 나는 생각한다.’와 다름없는 두 번째 전제에 등장하는 ‘의식’은 무언가가 꼭 실재함을 뜻하지는 않기 때문이다.""
2번: 스트로슨은 자아를 인식하는 방식이 경험적 인식의 방식과 구별된다는 칸트의 견해에 동의하지만, 복수의 주관이 동일한 인격으로 인식된다고 가정하는 것은 철학적 상상에 불과하다고 칸트를 비판한다. + ""스트로슨은 자아를 인식하는 방식이 경험적 인식의 방식과 구별된다는 칸트의 견해에 동의하지만, 복수의 주관이 동일한 인격으로 인식된다고 가정하는 것은 철학적 상상에 불과하다고 칸트를 비판한다.""
3번: 해당 근거는 지문에서 찾을 수 없습니다.
4번: 해당 근거는 지문에서 찾을 수 없습니다.
5번: 첫 번째 전제에 등장하는 ‘의식’은 실제로 존재하는 무언가에 대해 의식한다는 뜻이지만, ‘생각하는 나는 생각한다.’와 다름없는 두 번째 전제에 등장하는 ‘의식’은 무언가가 꼭 실재함을 뜻하지는 않기 때문이다. + ""첫 번째 전제에 등장하는 ‘의식’은 실제로 존재하는 무언가에 대해 의식한다는 뜻이지만, ‘생각하는 나는 생각한다.’와 다름없는 두 번째 전제에 등장하는 ‘의식’은 무언가가 꼭 실재함을 뜻하지는 않기 때문이다.""
최종 정답: 5번","[16, 167, 110, 230, 25, 23821, 110, 104, 31619, 110, 230, 168, 100, 116, 23821, 254, 226, 168, 254, 250, 168, 245, 238, 31619, 241, 109, 168, 252, 98, 47991, 246, 167, 232, 242, 564, 246, 35975, 246, 168, 233, 251, 447, 247, 35975, 222, 23821, 233, 97, 168, 254, 250, 167, 94, 250, 23821, 94, 112, 168, 252, 105, 47991, 246, 167, 232, 242, 31619, 105, 112, 168, 244, 116, 166, 108, 222, 168, 245, 238, 31619, 234, 222, 47991, 112, 23821, 251, 246, 168, 233, 251, 47991, 250, 46695, 97, 167, 232, 242, 31619, 250, 119, 35975, 112, 168, 100, 222, 167, 100, 234, 11, 564, 246, 168, 225, 251, 166, 108, 223, 47991, 246, 167, 232, 242, 31619, 224, 246, 167, 232, 242, 23821, 225, 251, 166, 108, 223, 47991, 250, 46695, 97, 13, 447, 247, 168, 247, 222, 31619, 233, 97, 167, 99, 226, 168, 245, 228, 167, 232, 242, 31619, 239, 238, 31619, 110, 230, 168, 100, 116, 23821, 254, 226, 168, 254, 250, 168, 245, 238, 31619, 241, 109, 168, 252, 98, 47991, 246, 167, 232, 242, 564, 246, 35975, 246, 168, 233, 251, 447, 247, 35975, 222, 31619, 105, 112, 168, 244, 116, 166, 108, 222, 166, 108, 222, 220, 166, 120, 255, 23821, 233, 97, 168, 252, 105, 47991, 101, 35975, 226, 31619, 250, 119, 47991, 246, 168, 100, 222, 167, 232, 242, 23821, 243, 232, 166, 116, 108, 31619, 243, 234, 167, 105, 116, 35975, 112, 46695, 97, 13, 1343, 366, 168, 110, 104, 31619, 110, 230, 168, 100, 116, 23821, 254, 226, 168, 254, 250, 168, 245, 238, 31619, 241, 109, 168, 252, 98, 47991, 246, 167, 232, 242, 564, 246, 35975, 246, 168, 233, 251, 447, 247, 35975, 222, 23821, 233, 97, 168, 254, 250, 167, 94, 250, 23821, 94, 112, 168, 252, 105, 47991, 246, 167, 232, 242, 31619, 105, 112, 168, 244, 116, 166, 108, 222, 168, 245, 238, 31619, 234, 222, 47991, 112, 23821, 251, 246, 168, 233, 251, 47991, 250, 46695, 97, 167, 232, 242, 31619, 250, 119, 35975, 112, 168, 100, 222, 167, 100, 234, 11, 564, 246, 168, 225, 251, 166, 108, 223, 47991, 246, 167, 232, 242, 31619, 224, 246, 167, 232, 242, 23821, 225, 251, 166, 108, 223, 47991, 250, 46695, 97, 13, 447, 247, 168, 247, 222, 31619, 233, 97, 167, 99, 226, 168, 245, 228, 167, 232, 242, 31619, 239, 238, 31619, 110, 230, 168, 100, 116, 23821, 254, 226, 168, 254, 250, 168, 245, 238, 31619, 241, 109, 168, 252, 98, 47991, 246, 167, 232, 242, 564, 246, 35975, 246, 168, 233, 251, 447, 247, 35975, 222, 31619, 105, 112, 168, 244, 116, 166, 108, 222, 166, 108, 222, 220, 166, 120, 255, 23821, 233, 97, 168, 252, 105, 47991, 101, 35975, 226, 31619, 250, 119, 47991, 246, 168, 100, 222, 167, 232, 242, 23821, 243, 232, 166, 116, 108, 31619, 243, 234, 167, 105, 116, 35975, 112, 46695, 97, 526, 198, 17, 167, 110, 230, 25, 23821, 232, 97, 169, 232, 116, 167, 94, 250, 168, 232, 101, 35975, 222, 23821, 252, 238, 168, 243, 226, 167, 98, 120, 23821, 251, 116, 168, 233, 251, 47991, 246, 167, 232, 242, 31619, 108, 102, 168, 233, 251, 35975, 112, 220, 166, 110, 121, 169, 245, 246, 168, 254, 223, 23821, 251, 116, 168, 233, 251, 35975, 246, 31619, 108, 102, 168, 233, 251, 166, 111, 120, 220, 166, 113, 105, 167, 111, 226, 167, 238, 250, 46695, 97, 167, 232, 242, 23821, 117, 116, 169, 232, 116, 35975, 246, 220, 166, 110, 105, 47991, 112, 168, 245, 238, 31619, 237, 247, 35975, 246, 47991, 246, 168, 100, 222, 167, 100, 234, 11, 31619, 111, 113, 168, 230, 246, 35975, 246, 23821, 96, 120, 166, 112, 222, 35975, 112, 31619, 237, 247, 35975, 120, 47991, 250, 23821, 251, 116, 166, 110, 102, 168, 250, 120, 167, 94, 250, 23821, 251, 116, 168, 233, 251, 167, 238, 250, 46695, 97, 166, 111, 254, 220, 166, 108, 222, 168, 254, 243, 47991, 246, 167, 232, 242, 220, 166, 110, 225, 35975, 222, 23821, 110, 254, 47991, 247, 168, 254, 223, 23821, 225, 223, 168, 225, 223, 168, 245, 238, 31619, 114, 230, 166, 111, 120, 47991, 246, 46695, 97, 166, 111, 254, 23821, 117, 116, 169, 232, 116, 167, 98, 120, 31619, 117, 226, 169, 234, 238, 47991, 250, 46695, 97, 13, 1343, 366, 168, 232, 97, 169, 232, 116, 167, 94, 250, 168, 232, 101, 35975, 222, 23821, 252, 238, 168, 243, 226, 167, 98, 120, 23821, 251, 116, 168, 233, 251, 47991, 246, 167, 232, 242, 31619, 108, 102, 168, 233, 251, 35975, 112, 220, 166, 110, 121, 169, 245, 246, 168, 254, 223, 23821, 251, 116, 168, 233, 251, 35975, 246, 31619, 108, 102, 168, 233, 251, 166, 111, 120, 220, 166, 113, 105, 167, 111, 226, 167, 238, 250, 46695, 97, 167, 232, 242, 23821, 117, 116, 169, 232, 116, 35975, 246, 220, 166, 110, 105, 47991, 112, 168, 245, 238, 31619, 237, 247, 35975, 246, 47991, 246, 168, 100, 222, 167, 100, 234, 11, 31619, 111, 113, 168, 230, 246, 35975, 246, 23821, 96, 120, 166, 112, 222, 35975, 112, 31619, 237, 247, 35975, 120, 47991, 250, 23821, 251, 116, 166, 110, 102, 168, 250, 120, 167, 94, 250, 23821, 251, 116, 168, 233, 251, 167, 238, 250, 46695, 97, 166, 111, 254, 220, 166, 108, 222, 168, 254, 243, 47991, 246, 167, 232, 242, 220, 166, 110, 225, 35975, 222, 23821, 110, 254, 47991, 247, 168, 254, 223, 23821, 225, 223, 168, 225, 223, 168, 245, 238, 31619, 114, 230, 166, 111, 120, 47991, 246, 46695, 97, 166, 111, 254, 23821, 117, 116, 169, 232, 116, 167, 98, 120, 31619, 117, 226, 169, 234, 238, 47991, 250, 46695, 97, 526, 198, 18, 167, 110, 230, 25, 220, 47991, 112, 46695, 117, 220, 166, 115, 120, 166, 109, 108, 167, 232, 242, 23821, 100, 222, 167, 105, 116, 168, 245, 238, 168, 226, 250, 23821, 108, 122, 35975, 226, 23821, 230, 246, 23821, 245, 228, 168, 232, 113, 46695, 230, 46695, 97, 13, 198, 19, 167, 110, 230, 25, 220, 47991, 112, 46695, 117, 220, 166, 115, 120, 166, 109, 108, 167, 232, 242, 23821, 100, 222, 167, 105, 116, 168, 245, 238, 168, 226, 250, 23821, 108, 122, 35975, 226, 23821, 230, 246, 23821, 245, 228, 168, 232, 113, 46695, 230, 46695, 97, 13, 198, 20, 167, 110, 230, 25, 23821, 110, 104, 31619, 110, 230, 168, 100, 116, 23821, 254, 226, 168, 254, 250, 168, 245, 238, 31619, 241, 109, 168, 252, 98, 47991, 246, 167, 232, 242, 564, 246, 35975, 246, 168, 233, 251, 447, 247, 35975, 222, 23821, 233, 97, 168, 254, 250, 167, 94, 250, 23821, 94, 112, 168, 252, 105, 47991, 246, 167, 232, 242, 31619, 105, 112, 168, 244, 116, 166, 108, 222, 168, 245, 238, 31619, 234, 222, 47991, 112, 23821, 251, 246, 168, 233, 251, 47991, 250, 46695, 97, 167, 232, 242, 31619, 250, 119, 35975, 112, 168, 100, 222, 167, 100, 234, 11, 564, 246, 168, 225, 251, 166, 108, 223, 47991, 246, 167, 232, 242, 31619, 224, 246, 167, 232, 242, 23821, 225, 251, 166, 108, 223, 47991, 250, 46695, 97, 13, 447, 247, 168, 247, 222, 31619, 233, 97, 167, 99, 226, 168, 245, 228, 167, 232, 242, 31619, 239, 238, 31619, 110, 230, 168, 100, 116, 23821, 254, 226, 168, 254, 250, 168, 245, 238, 31619, 241, 109, 168, 252, 98, 47991, 246, 167, 232, 242, 564, 246, 35975, 246, 168, 233, 251, 447, 247, 35975, 222, 31619, 105, 112, 168, 244, 116, 166, 108, 222, 166, 108, 222, 220, 166, 120, 255, 23821, 233, 97, 168, 252, 105, 47991, 101, 35975, 226, 31619, 250, 119, 47991, 246, 168, 100, 222, 167, 232, 242, 23821, 243, 232, 166, 116, 108, 31619, 243, 234, 167, 105, 116, 35975, 112, 46695, 97, 13, 1343, 366, 168, 110, 104, 31619, 110, 230, 168, 100, 116, 23821, 254, 226, 168, 254, 250, 168, 245, 238, 31619, 241, 109, 168, 252, 98, 47991, 246, 167, 232, 242, 564, 246, 35975, 246, 168, 233, 251, 447, 247, 35975, 222, 23821, 233, 97, 168, 254, 250, 167, 94, 250, 23821, 94, 112, 168, 252, 105, 47991, 246, 167, 232, 242, 31619, 105, 112, 168, 244, 116, 166, 108, 222, 168, 245, 238, 31619, 234, 222, 47991, 112, 23821, 251, 246, 168, 233, 251, 47991, 250, 46695, 97, 167, 232, 242, 31619, 250, 119, 35975, 112, 168, 100, 222, 167, 100, 234, 11, 564, 246, 168, 225, 251, 166, 108, 223, 47991, 246, 167, 232, 242, 31619, 224, 246, 167, 232, 242, 23821, 225, 251, 166, 108, 223, 47991, 250, 46695, 97, 13, 447, 247, 168, 247, 222, 31619, 233, 97, 167, 99, 226, 168, 245, 228, 167, 232, 242, 31619, 239, 238, 31619, 110, 230, 168, 100, 116, 23821, 254, 226, 168, 254, 250, 168, 245, 238, 31619, 241, 109, 168, 252, 98, 47991, 246, 167, 232, 242, 564, 246, 35975, 246, 168, 233, 251, 447, 247, 35975, 222, 31619, 105, 112, 168, 244, 116, 166, 108, 222, 166, 108, 222, 220, 166, 120, 255, 23821, 233, 97, 168, 252, 105, 47991, 101, 35975, 226, 31619, 250, 119, 47991, 246, 168, 100, 222, 167, 232, 242, 23821, 243, 232, 166, 116, 108, 31619, 243, 234, 167, 105, 116, 35975, 112, 46695, 97, 526, 198, 168, 113, 250, 168, 95, 227, 23821, 254, 243, 46695, 113, 25, 642, 167, 110, 230]","[0.5, 0.5, 0.5, 0.5, 0.5, 0.5, 0.5, 0.5, 0.5, 0.5, 0.5, 0.5, 0.5, 0.5, 0.5, 0.5, 0.5, 0.5, 0.5, 0.5, 0.5, 0.5, 0.5, 0.5, 0.5, 0.5, 0.5, 0.5, 0.5, 0.5, 0.5, 0.5, 0.5, 0.5, 0.5, 0.5, 0.5, 0.5, 0.5, 0.5, 0.5, 0.5, 0.5, 0.5, 0.5, 0.5, 0.5, 0.5, 0.5, 0.5, 0.5, 0.5, 0.5, 0.5, 0.5, 0.5, 0.5, 0.5, 0.5, 0.5, 0.5, 0.5, 0.5, 0.5, 0.5, 0.5, 0.5, 0.5, 0.5, 0.5, 0.5, 0.5, 0.5, 0.5, 0.5, 0.5, 0.5, 0.5, 0.5, 0.5, 0.5, 0.5, 0.5, 0.5, 0.5, 0.5, 0.5, 0.5, 0.5, 0.5, 0.5, 0.5, 0.5, 0.5, 0.5, 0.5, 0.5, 0.5, 0.5, 0.5, 0.5, 0.5, 0.5, 0.5, 0.5, 0.5, 0.5, 0.5, 0.5, 0.5, 0.5, 0.5, 0.5, 0.5, 0.5, 0.5, 0.5, 0.5, 0.5, 0.5, 0.5, 0.5, 0.5, 0.5, 0.5, 0.5, 0.5, 0.5, 0.5, 0.5, 0.5, 0.5, 0.5, 0.5, 0.5, 0.5, 0.5, 0.5, 0.5, 0.5, 0.5, 0.5, 0.5, 0.5, 0.5, 0.5, 0.5, 0.5, 0.5, 0.5, 0.5, 0.5, 0.5, 0.5, 0.5, 0.5, 0.5, 0.5, 0.5, 0.5, 0.5, 0.5, 0.5, 0.5, 0.5, 0.5, 0.5, 0.5, 0.5, 0.5, 0.5, 0.5, 0.5, 0.5, 0.5, 0.5, 0.5, 0.5, 0.5, 0.5, 0.5, 0.5, 0.5, 0.5, 0.5, 0.5, 0.5, 0.5, 0.5, 0.5, 0.5, 0.5, 0.5, 0.5, 0.5, 0.5, 0.5, 0.5, 0.5, 0.5, 0.5, 0.5, 0.5, 0.5, 0.5, 0.5, 0.5, 0.5, 0.5, 0.5, 0.5, 0.5, 0.5, 0.5, 0.5, 0.5, 0.5, 0.5, 0.5, 0.5, 0.5, 0.5, 0.5, 0.5, 0.5, 0.5, 0.5, 0.5, 0.5, 0.5, 0.5, 0.5, 0.5, 0.5, 0.5, 0.5, 0.5, 0.5, 0.5, 0.5, 0.5, 0.5, 0.5, 0.5, 0.5, 0.5, 0.5, 0.5, 0.5, 0.5, 0.5, 0.5, 0.5, 0.5, 0.5, 0.5, 0.5, 0.5, 0.5, 0.5, 0.5, 0.5, 0.5, 0.5, 0.5, 0.5, 0.5, 0.5, 0.5, 0.5, 0.5, 0.5, 0.5, 0.5, 0.5, 0.5, 0.5, 0.5, 0.5, 0.5, 0.5, 0.5, 0.5, 0.5, 0.5, 0.5, 0.5, 0.5, 0.5, 0.5, 0.5, 0.5, 0.5, 0.5, 0.5, 0.5, 0.5, 0.5, 0.5, 0.5, 0.5, 0.5, 0.5, 0.5, 0.5, 0.5, 0.5, 0.5, 0.5, 0.5, 0.5, 0.5, 0.5, 0.5, 0.5, 0.5, 0.5, 0.5, 0.5, 0.5, 0.5, 0.5, 0.5, 0.5, 0.5, 0.5, 0.5, 0.5, 0.5, 0.5, 0.5, 0.5, 0.5, 0.5, 0.5, 0.5, 0.5, 0.5, 0.5, 0.5, 0.5, 0.5, 0.5, 0.5, 0.5, 0.5, 0.5, 0.5, 0.5, 0.5, 0.5, 0.5, 0.5, 0.5, 0.5, 0.5, 0.5, 0.5, 0.5, 0.5, 0.5, 0.5, 0.5, 0.5, 0.5, 0.5, 0.5, 0.5, 0.5, 0.5, 0.5, 0.5, 0.5, 0.5, 0.5, 0.5, 0.5, 0.5, 0.5, 0.5, 0.5, 0.5, 0.5, 0.5, 0.5, 0.5, 0.5, 0.5, 0.5, 0.5, 0.5, 0.5, 0.5, 0.5, 0.5, 0.5, 0.5, 0.5, 0.5, 0.5, 0.5, 0.5, 0.5, 0.5, 0.5, 0.5, 0.5, 0.5, 0.5, 0.5, 0.5, 0.5, 0.5, 0.5, 0.5, 0.5, 0.5, 0.5, 0.5, 0.5, 0.5, 0.5, 0.5, 0.5, 0.5, 0.5, 0.5, 0.5, 0.5, 0.5, 0.5, 0.5, 0.5, 0.5, 0.5, 0.5, 0.5, 0.5, 0.5, 0.5, 0.5, 0.5, 0.5, 0.5, 0.5, 0.5, 0.5, 0.5, 0.5, 0.5, 0.5, 0.5, 0.5, 0.5, 0.5, 0.5, 0.5, 0.5, 0.5, 0.5, 0.5, 0.5, 0.5, 0.5, 0.5, 0.5, 0.5, 0.5, 0.5, 0.5, 0.5, 0.5, 0.5, 0.5, 0.5, 0.5, 0.5, 0.5, 0.5, 0.5, 0.5, 0.5, 0.5, 0.5, 0.5, 0.5, 0.5, 0.5, 0.5, 0.5, 0.5, 0.5, 0.5, 0.5, 0.5, 0.5, 0.5, 0.5, 0.5, 0.5, 0.5, 0.5, 0.5, 0.5, 0.5, 0.5, 0.5, 0.5, 0.5, 0.5, 0.5, 0.5, 0.5, 0.5, 0.5, 0.5, 0.5, 0.5, 0.5, 0.5, 0.5, 0.5, 0.5, 0.5, 0.5, 0.5, 0.5, 0.5, 0.5, 0.5, 0.5, 0.5, 0.5, 0.5, 0.5, 0.5, 0.5, 0.5, 0.5, 0.5, 0.5, 0.5, 0.5, 0.5, 0.5, 0.5, 0.5, 0.5, 0.5, 0.5, 0.5, 0.5, 0.5, 0.5, 0.5, 0.5, 0.5, 0.5, 0.5, 0.5, 0.5, 0.5, 0.5, 0.5, 0.5, 0.5, 0.5, 0.5, 0.5, 0.5, 0.5, 0.5, 0.5, 0.5, 0.5, 0.5, 0.5, 0.5, 0.5, 0.5, 0.5, 0.5, 0.5, 0.5, 0.5, 0.5, 0.5, 0.5, 0.5, 0.5, 0.5, 0.5, 0.5, 0.5, 0.5, 0.5, 0.5, 0.5, 0.5, 0.5, 0.5, 0.5, 0.5, 0.5, 0.5, 0.5, 0.5, 0.5, 0.5, 0.5, 0.5, 0.5, 0.5, 0.5, 0.5, 0.5, 0.5, 0.5, 0.5, 0.5, 0.5, 0.5, 0.5, 0.5, 0.5, 0.5, 0.5, 0.5, 0.5, 0.5, 0.5, 0.5, 0.5, 0.5, 0.5, 0.5, 0.5, 0.5, 0.5, 0.5, 0.5, 0.5, 0.5, 0.5, 0.5, 0.5, 0.5, 0.5, 0.5, 0.5, 0.5, 0.5, 0.5, 0.5, 0.5, 0.5, 0.5, 0.5, 0.5, 0.5, 0.5, 0.5, 0.5, 0.5, 0.5, 0.5, 0.5, 0.5, 0.5, 0.5, 0.5, 0.5, 0.5, 0.5, 0.5, 0.5, 0.5, 0.5, 0.5, 0.5, 0.5, 0.5, 0.5, 0.5, 0.5, 0.5, 0.5, 0.5, 0.5, 0.5, 0.5, 0.5, 0.5, 0.5, 0.5, 0.5, 0.5, 0.5, 0.5, 0.5, 0.5, 0.5, 0.5, 0.5, 0.5, 0.5, 0.5, 0.5, 0.5, 0.5, 0.5, 0.5, 0.5, 0.5, 0.5, 0.5, 0.5, 0.5, 0.5, 0.5, 0.5, 0.5, 0.5, 0.5, 0.5, 0.5, 0.5, 0.5, 0.5, 0.5, 0.5, 0.5, 0.5, 0.5, 0.5, 0.5, 0.5, 0.5, 0.5, 0.5, 0.5, 0.5, 0.5, 0.5, 0.5, 0.5, 0.5, 0.5, 0.5, 0.5, 0.5, 0.5, 0.5, 0.5, 0.5, 0.5, 0.5, 0.5, 0.5, 0.5, 0.5, 0.5, 0.5, 0.5, 0.5, 0.5, 0.5, 0.5, 0.5, 0.5, 0.5, 0.5, 0.5, 0.5, 0.5, 0.5, 0.5, 0.5, 0.5, 0.5, 0.5, 0.5, 0.5, 0.5, 0.5, 0.5, 0.5, 0.5, 0.5, 0.5, 0.5, 0.5, 0.5, 0.5, 0.5, 0.5, 0.5, 0.5, 0.5, 0.5, 0.5, 0.5, 0.5, 0.5, 0.5, 0.5, 0.5, 0.5, 0.5, 0.5, 0.5, 0.5, 0.5, 0.5, 0.5, 0.5, 0.5, 0.5, 0.5, 0.5, 0.5, 0.5, 0.5, 0.5, 0.5, 0.5, 0.5, 0.5, 0.5, 0.5, 0.5, 0.5, 0.5, 0.5, 0.5, 0.5, 0.5, 0.5, 0.5, 0.5, 0.5, 0.5, 0.5, 0.5, 0.5, 0.5, 0.5, 0.5, 0.5, 0.5, 0.5, 0.5, 0.5, 0.5, 0.5, 0.5, 0.5, 0.5, 0.5, 0.5, 0.5, 0.5, 0.5, 0.5, 0.5, 0.5, 0.5, 0.5, 0.5, 0.5, 0.5, 0.5, 0.5, 0.5, 0.5, 0.5, 0.5, 0.5, 0.5, 0.5, 0.5, 0.5, 0.5, 0.5, 0.5, 0.5, 0.5, 0.5, 0.5, 0.5, 0.5, 0.5, 0.5, 0.5, 0.5, 0.5, 0.5, 0.5, 0.5, 0.5, 0.5, 0.5, 0.5, 0.5, 0.5, 0.5, 0.5, 0.5, 0.5, 0.5, 0.5, 0.5, 0.5, 0.5, 0.5, 0.5, 0.5, 0.5, 0.5, 0.5, 0.5, 0.5, 0.5, 0.5, 0.5, 0.5, 0.5, 0.5, 0.5, 0.5, 0.5, 0.5, 0.5, 0.5, 0.5, 0.5, 0.5, 0.5, 0.5, 0.5, 0.5, 0.5, 0.5, 0.5, 0.5, 0.5, 0.5, 0.5, 0.5, 0.5, 0.5, 0.5, 0.5, 0.5, 0.5, 0.5, 0.5, 0.5, 0.5, 0.5, 0.5, 0.5, 0.5, 0.5, 0.5, 0.5, 0.5, 0.5, 0.5, 0.5, 0.5, 0.5, 0.5, 0.5, 0.5, 0.5, 0.5, 0.5, 0.5, 0.5, 0.5, 0.5, 0.5, 0.5, 0.5, 0.5, 0.5, 0.5, 0.5, 0.5, 0.5, 0.5, 0.5, 0.5, 0.5, 0.5, 0.5, 0.5, 0.5, 0.5, 0.5, 0.5, 0.5, 0.5, 0.5, 0.5, 0.5, 0.5, 0.5, 0.5, 0.5, 0.5, 0.5, 0.5, 0.5, 0.5, 0.5, 0.5, 0.5, 0.5, 0.5, 0.5, 0.5, 0.5, 0.5, 0.5, 0.5, 0.5, 0.5, 0.5, 0.5, 0.5, 0.5, 0.5, 0.5, 0.5, 0.5, 0.5, 0.5, 0.5, 0.5, 0.5, 0.5, 0.5, 0.5, 0.5, 0.5, 0.5, 0.5, 0.5, 0.5, 0.5, 0.5, 0.5, 0.5, 0.5, 0.5, 0.5, 0.5, 0.5, 0.5, 0.5, 0.5, 0.5, 0.5, 0.5, 0.5, 0.5, 0.5, 0.5, 0.5, 0.5, 0.5, 0.5, 0.5, 0.5, 0.5, 0.5, 0.5, 0.5, 0.5, 0.5, 0.5, 0.5, 0.5, 0.5, 0.5, 0.5, 0.5, 0.5, 0.5, 0.5, 0.5, 0.5, 0.5, 0.5, 0.5, 0.5, 0.5, 0.5, 0.5, 0.5, 0.5, 0.5, 0.5, 0.5, 0.5, 0.5, 0.5, 0.5, 0.5, 0.5, 0.5, 0.5, 0.5, 0.5, 0.5, 0.5, 0.5, 0.5, 0.5, 0.5, 0.5, 0.5, 0.5, 0.5, 0.5, 0.5, 0.5, 0.5, 0.5, 0.5, 0.5, 0.5, 0.5, 0.5, 0.5, 0.5, 0.5, 0.5, 0.5, 0.5, 0.5, 0.5, 0.5, 0.5, 0.5, 0.5, 0.5, 0.5, 0.5, 0.5, 0.5, 0.5, 0.5, 0.5, 0.5, 0.5, 0.5, 0.5, 0.5, 0.5, 0.5, 0.5, 0.5, 0.5, 0.5, 0.5, 0.5, 0.5, 0.5, 0.5, 0.5, 0.5, 0.5, 0.5, 0.5, 0.5, 0.5, 0.5, 0.5, 0.5, 0.5, 0.5, 0.5, 0.5, 0.5, 0.5, 0.5, 0.5, 0.5, 0.5, 0.5, 0.5, 0.5, 0.5, 0.5, 0.5, 0.5, 0.5, 0.5, 0.5, 0.5, 0.5, 0.5, 0.5, 0.5, 0.5, 0.5, 0.5, 0.5, 0.5, 0.5, 0.5, 0.5, 0.5, 0.5, 0.5, 0.5, 0.5, 0.5, 0.5, 0.5, 0.5, 0.5, 0.5, 0.5, 0.5, 0.5, 0.5, 0.5, 0.5, 0.5, 0.5, 0.5, 0.5, 0.5, 0.5, 0.5, 0.5, 0.5, 0.5, 0.5, 0.5, 0.5, 0.5, 0.5, 0.5, 0.5, 0.5, 0.5, 0.5, 0.5, 0.5, 0.5, 0.5, 0.5, 0.5, 0.5, 0.5, 0.5, 0.5, 0.5, 0.5, 0.5, 0.5, 0.5, 0.5, 0.5, 0.5, 0.5, 0.5, 0.5, 0.5, 0.5, 0.5, 0.5, 0.5, 0.5, 0.5, 0.5, 0.5, 0.5, 0.5, 0.5, 0.5, 0.5, 0.5, 0.5, 0.5, 0.5, 0.5, 0.5, 0.5, 0.5, 0.5, 0.5, 0.5, 0.5, 0.5, 0.5, 0.5, 0.5, 0.5, 0.5, 0.5, 0.5, 0.5, 0.5, 0.5, 0.5, 0.5, 0.5, 0.5, 0.5, 0.5, 0.5, 0.5, 0.5, 0.5, 0.5, 0.5, 0.5, 0.5, 0.5, 0.5, 0.5, 0.5, 0.5, 0.5, 0.5, 0.5, 0.5, 0.5, 0.5, 0.5, 0.5, 0.5, 0.5, 0.5, 0.5, 0.5, 0.5, 0.5, 0.5, 0.5, 0.5, 0.5, 0.5, 0.5, 0.5, 0.5, 0.5, 0.5, 0.5, 0.5, 0.5, 0.5, 0.5, 0.5, 0.5, 0.5, 0.5, 0.5, 0.5, 0.5, 0.5, 0.5, 0.5, 0.5, 0.5, 0.5, 0.5, 0.5, 0.5, 0.5, 0.5, 0.5, 0.5, 0.5, 0.5, 0.5, 0.5, 0.5, 0.5, 0.5, 0.5, 0.5, 0.5, 0.5, 0.5, 0.5, 0.5, 0.5, 0.5, 0.5, 0.5, 0.5, 0.5, 0.5, 0.5, 0.5, 0.5, 0.5, 0.5, 0.5, 0.5, 0.5, 0.5, 0.5, 0.5, 0.5, 0.5, 0.5, 0.5, 0.5, 0.5, 0.5, 0.5, 0.5, 0.5, 0.5, 0.5, 0.5, 0.5, 0.5, 0.5, 0.5, 0.5, 0.5, 0.5, 0.5, 0.5, 0.5, 0.5, 0.5, 0.5, 0.5, 0.5, 0.5, 0.5, 0.5, 0.5, 0.5, 0.5, 0.5, 0.5, 0.5, 0.5, 0.5, 0.5, 0.5, 0.5, 0.5, 0.5, 0.5, 0.5, 0.5, 0.5, 0.5, 0.5, 0.5, 0.5, 0.5, 0.5, 0.5, 0.5, 0.5, 0.5, 0.5, 0.5, 0.5, 0.5, 0.5, 0.5, 0.5, 0.5, 0.5, 0.5, 0.5, 0.5, 0.5, 0.5, 0.5, 0.5, 0.5, 0.5, 0.5, 0.5, 0.5, 0.5, 0.5, 0.5, 0.5, 0.5, 0.5, 0.5, 0.5, 0.5, 0.5, 0.5, 0.5, 0.5, 0.5, 0.5, 0.5, 0.5, 0.5, 0.5, 0.5, 0.5, 0.5, 0.5, 0.5, 0.5, 0.5, 0.5, 0.5, 0.5, 0.5, 0.5, 0.5, 0.5, 0.5, 0.5, 0.5, 0.5, 0.5, 0.5, 0.5, 0.5, 0.5, 0.5, 0.5, 0.5, 0.5, 0.5, 0.5, 0.5, 0.5, 0.5, 0.5, 0.5, 0.5, 0.5, 0.5, 0.5, 0.5, 0.5, 0.5, 0.5, 0.5, 0.5, 0.5, 0.5, 0.5, 0.5, 0.5, 0.5, 0.5, 0.5, 0.5, 0.5, 0.5, 0.5, 0.5, 0.5, 0.5, 0.5, 0.5, 0.5, 0.5, 0.5, 0.5, 0.5, 0.5, 0.5, 0.5, 0.5, 0.5]",0
2026_11_KICE_14-17_2,['2(2)'],"1번: 적절하지 않음 + ""(지문에 ㉮, ㉯, ㉰, A, B, C에 대한 언급이 없음)""
2번: 적절하지 않음 + ""(지문에 ㉮, ㉯, ㉰, A, B에 대한 언급이 없음)""
3번: 적절하지 않음 + ""(지문에 ㉮, ㉰, A에 대한 언급이 없음)""
4번: 적절하지 않음 + ""(지문에 ㉯, ㉰, B에 대한 언급이 없음)""
5번: 적절하지 않음 + ""(지문에 ㉮, ㉯, ㉰, C에 대한 언급이 없음)""

최종 정답: 1번","[16, 167, 110, 230, 25, 23821, 254, 223, 168, 254, 230, 47991, 246, 168, 100, 222, 23821, 243, 232, 35975, 234, 1343, 30629, 168, 100, 222, 167, 105, 116, 168, 245, 238, 220, 159, 231, 106, 11, 220, 159, 231, 107, 11, 220, 159, 231, 108, 11, 317, 11, 347, 11, 327, 168, 245, 238, 31619, 234, 222, 47991, 250, 23821, 244, 116, 166, 116, 231, 35975, 112, 23821, 245, 228, 35975, 234, 16725, 198, 17, 167, 110, 230, 25, 23821, 254, 223, 168, 254, 230, 47991, 246, 168, 100, 222, 23821, 243, 232, 35975, 234, 1343, 30629, 168, 100, 222, 167, 105, 116, 168, 245, 238, 220, 159, 231, 106, 11, 220, 159, 231, 107, 11, 220, 159, 231, 108, 11, 317, 11, 347, 168, 245, 238, 31619, 234, 222, 47991, 250, 23821, 244, 116, 166, 116, 231, 35975, 112, 23821, 245, 228, 35975, 234, 16725, 198, 18, 167, 110, 230, 25, 23821, 254, 223, 168, 254, 230, 47991, 246, 168, 100, 222, 23821, 243, 232, 35975, 234, 1343, 30629, 168, 100, 222, 167, 105, 116, 168, 245, 238, 220, 159, 231, 106, 11, 220, 159, 231, 108, 11, 317, 168, 245, 238, 31619, 234, 222, 47991, 250, 23821, 244, 116, 166, 116, 231, 35975, 112, 23821, 245, 228, 35975, 234, 16725, 198, 19, 167, 110, 230, 25, 23821, 254, 223, 168, 254, 230, 47991, 246, 168, 100, 222, 23821, 243, 232, 35975, 234, 1343, 30629, 168, 100, 222, 167, 105, 116, 168, 245, 238, 220, 159, 231, 107, 11, 220, 159, 231, 108, 11, 347, 168, 245, 238, 31619, 234, 222, 47991, 250, 23821, 244, 116, 166, 116, 231, 35975, 112, 23821, 245, 228, 35975, 234, 16725, 198, 20, 167, 110, 230, 25, 23821, 254, 223, 168, 254, 230, 47991, 246, 168, 100, 222, 23821, 243, 232, 35975, 234, 1343, 30629, 168, 100, 222, 167, 105, 116, 168, 245, 238, 220, 159, 231, 106, 11, 220, 159, 231, 107, 11, 220, 159, 231, 108, 11, 327, 168, 245, 238, 31619, 234, 222, 47991, 250, 23821, 244, 116, 166, 116, 231, 35975, 112, 23821, 245, 228, 35975, 234, 16725, 198, 198, 168, 113, 250, 168, 95, 227, 23821, 254, 243, 46695, 113, 25, 352, 167, 110, 230]","[0.5, 0.5, 0.5, 0.5, 0.5, 0.5, 0.5, 0.5, 0.5, 0.5, 0.5, 0.5, 0.5, 0.5, 0.5, 0.5, 0.5, 0.5, 0.5, 0.5, 0.5, 0.5, 0.5, 0.5, 0.5, 0.5, 0.5, 0.5, 0.5, 0.5, 0.5, 0.5, 0.5, 0.5, 0.5, 0.5, 0.5, 0.5, 0.5, 0.5, 0.5, 0.5, 0.5, 0.5, 0.5, 0.5, 0.5, 0.5, 0.5, 0.5, 0.5, 0.5, 0.5, 0.5, 0.5, 0.5, 0.5, 0.5, 0.5, 0.5, 0.5, 0.5, 0.5, 0.5, 0.5, 0.5, 0.5, 0.5, 0.5, 0.5, 0.5, 0.5, 0.5, 0.5, 0.5, 0.5, 0.5, 0.5, 0.5, 0.5, 0.5, 0.5, 0.5, 0.5, 0.5, 0.5, 0.5, 0.5, 0.5, 0.5, 0.5, 0.5, 0.5, 0.5, 0.5, 0.5, 0.5, 0.5, 0.5, 0.5, 0.5, 0.5, 0.5, 0.5, 0.5, 0.5, 0.5, 0.5, 0.5, 0.5, 0.5, 0.5, 0.5, 0.5, 0.5, 0.5, 0.5, 0.5, 0.5, 0.5, 0.5, 0.5, 0.5, 0.5, 0.5, 0.5, 0.5, 0.5, 0.5, 0.5, 0.5, 0.5, 0.5, 0.5, 0.5, 0.5, 0.5, 0.5, 0.5, 0.5, 0.5, 0.5, 0.5, 0.5, 0.5, 0.5, 0.5, 0.5, 0.5, 0.5, 0.5, 0.5, 0.5, 0.5, 0.5, 0.5, 0.5, 0.5, 0.5, 0.5, 0.5, 0.5, 0.5, 0.5, 0.5, 0.5, 0.5, 0.5, 0.5, 0.5, 0.5, 0.5, 0.5, 0.5, 0.5, 0.5, 0.5, 0.5, 0.5, 0.5, 0.5, 0.5, 0.5, 0.5, 0.5, 0.5, 0.5, 0.5, 0.5, 0.5, 0.5, 0.5, 0.5, 0.5, 0.5, 0.5, 0.5, 0.5, 0.5, 0.5, 0.5, 0.5, 0.5, 0.5, 0.5, 0.5, 0.5, 0.5, 0.5, 0.5, 0.5, 0.5, 0.5, 0.5, 0.5, 0.5, 0.5, 0.5, 0.5, 0.5, 0.5, 0.5, 0.5, 0.5, 0.5, 0.5, 0.5, 0.5, 0.5, 0.5, 0.5, 0.5, 0.5, 0.5, 0.5, 0.5, 0.5, 0.5, 0.5, 0.5, 0.5, 0.5, 0.5, 0.5, 0.5, 0.5, 0.5, 0.5, 0.5, 0.5, 0.5, 0.5, 0.5, 0.5, 0.5, 0.5, 0.5, 0.5, 0.5, 0.5, 0.5, 0.5, 0.5, 0.5, 0.5, 0.5, 0.5, 0.5, 0.5, 0.5, 0.5, 0.5, 0.5, 0.5, 0.5, 0.5, 0.5, 0.5, 0.5, 0.5, 0.5, 0.5, 0.5, 0.5, 0.5, 0.5, 0.5, 0.5, 0.5, 0.5, 0.5, 0.5, 0.5, 0.5, 0.5, 0.5, 0.5, 0.5, 0.5, 0.5, 0.5, 0.5, 0.5, 0.5, 0.5, 0.5, 0.5, 0.5, 0.5, 0.5, 0.5, 0.5, 0.5, 0.5, 0.5, 0.5, 0.5, 0.5, 0.5, 0.5, 0.5, 0.5, 0.5, 0.5, 0.5, 0.5, 0.5, 0.5, 0.5, 0.5, 0.5, 0.5, 0.5, 0.5, 0.5, 0.5, 0.5, 0.5, 0.5, 0.5, 0.5, 0.5, 0.5, 0.5, 0.5, 0.5, 0.5, 0.5, 0.5, 0.5, 0.5, 0.5, 0.5, 0.5, 0.5, 0.5, 0.5, 0.5, 0.5, 0.5, 0.5, 0.5, 0.5, 0.5, 0.5, 0.5, 0.5, 0.5]",0
2026_11_KICE_14-17_3,['3(3)'],"1번: 옳지 않음 + ""스트로슨은 인격을 의식과 신체의 복합체로 본다.""
2번: 옳음 + ""스트로슨은 인격을 의식과 신체의 복합체로 본다.""
3번: 옳음 + ""칸트 이전까지 유력한 견해는, ‘생각하는 나’인 영혼이 단일한 주관으로서 시간의 흐름 속에 지속한다는 것이었다.""
4번: 옳지 않음 + ""칸트는 통시적으로 동일한 인격의 존재를 직접 증명하는 대신 ‘시간의 흐름 속에서 마주치는 복수의 주관이 동일한 인격으로 인식된다.’라는 가정이 반드시 선행되어야 한다고 제안한다.""
5번: 옳지 않음 + ""롱게네스는 자아와 인격이 시공간적 세계를 경험하는 인간에만 적용되는 개념이라고 주장한다.""

최종 정답: 2번","[16, 167, 110, 230, 25, 23821, 246, 111, 168, 100, 222, 23821, 243, 232, 35975, 234, 1343, 366, 168, 232, 97, 169, 232, 116, 167, 94, 250, 168, 232, 101, 35975, 222, 23821, 251, 116, 166, 110, 102, 35975, 226, 23821, 251, 246, 168, 233, 251, 166, 111, 120, 23821, 233, 254, 168, 110, 112, 35975, 246, 31619, 111, 113, 47991, 102, 168, 110, 112, 167, 94, 250, 31619, 111, 116, 46695, 97, 526, 198, 17, 167, 110, 230, 25, 23821, 246, 111, 35975, 234, 1343, 366, 168, 232, 97, 169, 232, 116, 167, 94, 250, 168, 232, 101, 35975, 222, 23821, 251, 116, 166, 110, 102, 35975, 226, 23821, 251, 246, 168, 233, 251, 166, 111, 120, 23821, 233, 254, 168, 110, 112, 35975, 246, 31619, 111, 113, 47991, 102, 168, 110, 112, 167, 94, 250, 31619, 111, 116, 46695, 97, 526, 198, 18, 167, 110, 230, 25, 23821, 246, 111, 35975, 234, 1343, 366, 168, 117, 116, 169, 232, 116, 23821, 251, 112, 168, 254, 226, 166, 117, 234, 168, 100, 222, 23821, 250, 254, 167, 254, 98, 47991, 250, 220, 166, 110, 105, 47991, 112, 167, 232, 242, 11, 564, 246, 168, 225, 251, 166, 108, 223, 47991, 246, 167, 232, 242, 31619, 224, 246, 447, 247, 35975, 116, 23821, 246, 223, 169, 246, 120, 35975, 112, 31619, 233, 101, 35975, 120, 47991, 250, 23821, 96, 120, 166, 112, 222, 168, 250, 120, 167, 94, 250, 168, 226, 250, 23821, 233, 250, 166, 108, 226, 35975, 246, 220, 169, 251, 238, 167, 99, 226, 23821, 228, 235, 168, 245, 238, 23821, 100, 222, 168, 228, 235, 47991, 250, 46695, 97, 167, 232, 242, 220, 166, 110, 225, 35975, 112, 168, 245, 230, 46695, 97, 526, 198, 19, 167, 110, 230, 25, 23821, 246, 111, 168, 100, 222, 23821, 243, 232, 35975, 234, 1343, 366, 168, 117, 116, 169, 232, 116, 167, 232, 242, 220, 169, 228, 113, 168, 233, 250, 168, 254, 223, 168, 250, 120, 167, 94, 250, 31619, 237, 247, 35975, 120, 47991, 250, 23821, 251, 116, 166, 110, 102, 35975, 246, 23821, 94, 112, 168, 252, 105, 167, 98, 120, 23821, 100, 223, 168, 254, 239, 23821, 99, 251, 167, 103, 227, 47991, 246, 167, 232, 242, 31619, 234, 222, 168, 233, 254, 564, 246, 168, 233, 250, 166, 108, 226, 35975, 246, 220, 169, 251, 238, 167, 99, 226, 23821, 228, 235, 168, 245, 238, 168, 226, 250, 31619, 100, 230, 168, 96, 120, 168, 117, 246, 167, 232, 242, 31619, 111, 113, 168, 230, 246, 35975, 246, 23821, 96, 120, 166, 112, 222, 35975, 112, 31619, 237, 247, 35975, 120, 47991, 250, 23821, 251, 116, 166, 110, 102, 168, 250, 120, 167, 94, 250, 23821, 251, 116, 168, 233, 251, 167, 238, 250, 46695, 97, 13, 447, 247, 167, 251, 120, 167, 232, 242, 220, 166, 108, 222, 168, 254, 243, 35975, 112, 31619, 108, 246, 167, 241, 250, 168, 233, 250, 23821, 226, 254, 169, 244, 231, 167, 238, 246, 168, 244, 112, 168, 243, 120, 220, 47991, 250, 46695, 97, 166, 111, 254, 23821, 254, 250, 168, 243, 230, 47991, 250, 46695, 97, 526, 198, 20, 167, 110, 230, 25, 23821, 246, 111, 168, 100, 222, 23821, 243, 232, 35975, 234, 1343, 366, 167, 94, 109, 166, 110, 234, 167, 226, 97, 168, 232, 97, 167, 232, 242, 23821, 252, 238, 168, 243, 226, 168, 247, 222, 23821, 251, 116, 166, 110, 102, 35975, 112, 23821, 233, 250, 166, 111, 113, 166, 108, 226, 168, 254, 223, 23821, 226, 116, 166, 111, 226, 167, 98, 120, 220, 166, 110, 121, 169, 245, 246, 47991, 246, 167, 232, 242, 23821, 251, 116, 166, 108, 226, 168, 245, 238, 167, 100, 234, 23821, 254, 223, 168, 248, 102, 167, 238, 246, 167, 232, 242, 220, 166, 108, 250, 167, 227, 238, 35975, 112, 167, 251, 120, 166, 111, 254, 23821, 96, 120, 168, 252, 98, 47991, 250, 46695, 97, 526, 198, 198, 168, 113, 250, 168, 95, 227, 23821, 254, 243, 46695, 113, 25, 362, 167, 110, 230]","[0.5, 0.5, 0.5, 0.5, 0.5, 0.5, 0.5, 0.5, 0.5, 0.5, 0.5, 0.5, 0.5, 0.5, 0.5, 0.5, 0.5, 0.5, 0.5, 0.5, 0.5, 0.5, 0.5, 0.5, 0.5, 0.5, 0.5, 0.5, 0.5, 0.5, 0.5, 0.5, 0.5, 0.5, 0.5, 0.5, 0.5, 0.5, 0.5, 0.5, 0.5, 0.5, 0.5, 0.5, 0.5, 0.5, 0.5, 0.5, 0.5, 0.5, 0.5, 0.5, 0.5, 0.5, 0.5, 0.5, 0.5, 0.5, 0.5, 0.5, 0.5, 0.5, 0.5, 0.5, 0.5, 0.5, 0.5, 0.5, 0.5, 0.5, 0.5, 0.5, 0.5, 0.5, 0.5, 0.5, 0.5, 0.5, 0.5, 0.5, 0.5, 0.5, 0.5, 0.5, 0.5, 0.5, 0.5, 0.5, 0.5, 0.5, 0.5, 0.5, 0.5, 0.5, 0.5, 0.5, 0.5, 0.5, 0.5, 0.5, 0.5, 0.5, 0.5, 0.5, 0.5, 0.5, 0.5, 0.5, 0.5, 0.5, 0.5, 0.5, 0.5, 0.5, 0.5, 0.5, 0.5, 0.5, 0.5, 0.5, 0.5, 0.5, 0.5, 0.5, 0.5, 0.5, 0.5, 0.5, 0.5, 0.5, 0.5, 0.5, 0.5, 0.5, 0.5, 0.5, 0.5, 0.5, 0.5, 0.5, 0.5, 0.5, 0.5, 0.5, 0.5, 0.5, 0.5, 0.5, 0.5, 0.5, 0.5, 0.5, 0.5, 0.5, 0.5, 0.5, 0.5, 0.5, 0.5, 0.5, 0.5, 0.5, 0.5, 0.5, 0.5, 0.5, 0.5, 0.5, 0.5, 0.5, 0.5, 0.5, 0.5, 0.5, 0.5, 0.5, 0.5, 0.5, 0.5, 0.5, 0.5, 0.5, 0.5, 0.5, 0.5, 0.5, 0.5, 0.5, 0.5, 0.5, 0.5, 0.5, 0.5, 0.5, 0.5, 0.5, 0.5, 0.5, 0.5, 0.5, 0.5, 0.5, 0.5, 0.5, 0.5, 0.5, 0.5, 0.5, 0.5, 0.5, 0.5, 0.5, 0.5, 0.5, 0.5, 0.5, 0.5, 0.5, 0.5, 0.5, 0.5, 0.5, 0.5, 0.5, 0.5, 0.5, 0.5, 0.5, 0.5, 0.5, 0.5, 0.5, 0.5, 0.5, 0.5, 0.5, 0.5, 0.5, 0.5, 0.5, 0.5, 0.5, 0.5, 0.5, 0.5, 0.5, 0.5, 0.5, 0.5, 0.5, 0.5, 0.5, 0.5, 0.5, 0.5, 0.5, 0.5, 0.5, 0.5, 0.5, 0.5, 0.5, 0.5, 0.5, 0.5, 0.5, 0.5, 0.5, 0.5, 0.5, 0.5, 0.5, 0.5, 0.5, 0.5, 0.5, 0.5, 0.5, 0.5, 0.5, 0.5, 0.5, 0.5, 0.5, 0.5, 0.5, 0.5, 0.5, 0.5, 0.5, 0.5, 0.5, 0.5, 0.5, 0.5, 0.5, 0.5, 0.5, 0.5, 0.5, 0.5, 0.5, 0.5, 0.5, 0.5, 0.5, 0.5, 0.5, 0.5, 0.5, 0.5, 0.5, 0.5, 0.5, 0.5, 0.5, 0.5, 0.5, 0.5, 0.5, 0.5, 0.5, 0.5, 0.5, 0.5, 0.5, 0.5, 0.5, 0.5, 0.5, 0.5, 0.5, 0.5, 0.5, 0.5, 0.5, 0.5, 0.5, 0.5, 0.5, 0.5, 0.5, 0.5, 0.5, 0.5, 0.5, 0.5, 0.5, 0.5, 0.5, 0.5, 0.5, 0.5, 0.5, 0.5, 0.5, 0.5, 0.5, 0.5, 0.5, 0.5, 0.5, 0.5, 0.5, 0.5, 0.5, 0.5, 0.5, 0.5, 0.5, 0.5, 0.5, 0.5, 0.5, 0.5, 0.5, 0.5, 0.5, 0.5, 0.5, 0.5, 0.5, 0.5, 0.5, 0.5, 0.5, 0.5, 0.5, 0.5, 0.5, 0.5, 0.5, 0.5, 0.5, 0.5, 0.5, 0.5, 0.5, 0.5, 0.5, 0.5, 0.5, 0.5, 0.5, 0.5, 0.5, 0.5, 0.5, 0.5, 0.5, 0.5, 0.5, 0.5, 0.5, 0.5, 0.5, 0.5, 0.5, 0.5, 0.5, 0.5, 0.5, 0.5, 0.5, 0.5, 0.5, 0.5, 0.5, 0.5, 0.5, 0.5, 0.5, 0.5, 0.5, 0.5, 0.5, 0.5, 0.5, 0.5, 0.5, 0.5, 0.5, 0.5, 0.5, 0.5, 0.5, 0.5, 0.5, 0.5, 0.5, 0.5, 0.5, 0.5, 0.5, 0.5, 0.5, 0.5, 0.5, 0.5, 0.5, 0.5, 0.5, 0.5, 0.5, 0.5, 0.5, 0.5, 0.5, 0.5, 0.5, 0.5, 0.5, 0.5, 0.5, 0.5, 0.5, 0.5, 0.5, 0.5, 0.5, 0.5, 0.5, 0.5, 0.5, 0.5, 0.5, 0.5, 0.5, 0.5, 0.5, 0.5, 0.5, 0.5, 0.5, 0.5, 0.5, 0.5, 0.5, 0.5, 0.5, 0.5, 0.5, 0.5, 0.5, 0.5, 0.5, 0.5, 0.5, 0.5, 0.5, 0.5, 0.5, 0.5, 0.5, 0.5, 0.5, 0.5, 0.5, 0.5, 0.5, 0.5, 0.5, 0.5, 0.5, 0.5, 0.5, 0.5, 0.5, 0.5, 0.5, 0.5, 0.5, 0.5, 0.5, 0.5, 0.5, 0.5, 0.5, 0.5, 0.5, 0.5, 0.5, 0.5, 0.5, 0.5, 0.5, 0.5, 0.5, 0.5, 0.5, 0.5, 0.5, 0.5, 0.5, 0.5, 0.5, 0.5, 0.5, 0.5, 0.5, 0.5, 0.5, 0.5, 0.5, 0.5, 0.5, 0.5, 0.5, 0.5, 0.5, 0.5, 0.5, 0.5, 0.5, 0.5, 0.5, 0.5, 0.5, 0.5, 0.5, 0.5, 0.5, 0.5, 0.5, 0.5, 0.5, 0.5, 0.5, 0.5, 0.5, 0.5, 0.5, 0.5, 0.5, 0.5, 0.5, 0.5, 0.5, 0.5, 0.5, 0.5, 0.5, 0.5, 0.5, 0.5, 0.5, 0.5, 0.5, 0.5, 0.5, 0.5, 0.5, 0.5, 0.5, 0.5, 0.5, 0.5, 0.5, 0.5, 0.5, 0.5, 0.5, 0.5, 0.5, 0.5, 0.5, 0.5, 0.5, 0.5, 0.5, 0.5, 0.5, 0.5, 0.5, 0.5, 0.5, 0.5, 0.5, 0.5, 0.5, 0.5, 0.5, 0.5, 0.5, 0.5, 0.5, 0.5, 0.5, 0.5, 0.5, 0.5, 0.5, 0.5, 0.5, 0.5, 0.5, 0.5, 0.5, 0.5, 0.5, 0.5, 0.5, 0.5, 0.5, 0.5, 0.5, 0.5, 0.5, 0.5, 0.5, 0.5, 0.5, 0.5, 0.5, 0.5, 0.5]",0
2026_11_KICE_18-21_0,['2(2)'],"1번: 적절한 내용 + ""[중모리] 그때에 사슴이 발론하되 근래 인간이 하 무서워 짐승을 잡아먹기 온갖 꾀가 다 생기고 산중에 수목이 없어 은신할 곳 없어지니 각기 의견 들어 보면 방책이 있을런가 이 모임을 했사오니 수령님의 좋은 꾀를 일러 주옵소서 [아니리] 호랑이가 수령 말을 듣더니마는 거두룸을 피우며 오늘은 노소고하를 막론하고 자세히 말해 보라""
2번: 적절한 내용 + ""[자라가] 호랑이란 말을 듣고서 겁짐에 바로 일러 나는 명색이 자라 새끼요""
3번: 적절한 내용 + ""[아니리] 호랑이가 척 내려와 이것 무엇인고 이리 보아도 둥굴둥굴 저리 보아도 둥굴 둥굴아 하고 불러도 대답이 없것다 옳다 이것 한 입가심 허여 볼까 자라가 깜짝 놀래여 여보 당신이 뉘라 허시오""
4번: 적절하지 않은 내용 + ""[아니리] 별주부 가만히 생각한즉 쓸개 주겠다고 놓아 달라는 것이 얼주검이 된 모양이라 꽉 물었던 호랑이 아랫도리를 슬그머니 늦춰 놓으니""
5번: 적절한 내용 + ""[아니리] 전라도 해남에서 냅다 뛴 놈이 의주 압록강 가에서 숨을 내쉬고 한편을 살펴보는데 남생이 한 마리가 뾰쪼롬허고 내다보니 별주부로 알았것다 에끼 저놈 그 새 저기 쫓아왔구나""

최종 정답: 4번","[16, 167, 110, 230, 25, 23821, 254, 223, 168, 254, 230, 47991, 250, 31619, 224, 112, 168, 248, 102, 1343, 12878, 168, 97, 239, 167, 103, 101, 167, 99, 105, 60, 220, 166, 115, 116, 167, 243, 234, 168, 245, 238, 23821, 8955, 168, 232, 112, 35975, 112, 31619, 108, 250, 167, 94, 254, 47991, 246, 167, 238, 246, 220, 166, 115, 120, 167, 252, 246, 23821, 251, 116, 166, 108, 226, 35975, 112, 220, 47991, 246, 31619, 105, 112, 168, 226, 250, 168, 249, 234, 23821, 100, 238, 168, 232, 117, 35975, 226, 23821, 252, 94, 168, 243, 226, 167, 101, 117, 166, 116, 108, 23821, 246, 101, 166, 108, 244, 220, 166, 122, 222, 166, 108, 222, 31619, 233, 97, 23821, 225, 251, 166, 116, 108, 166, 111, 254, 23821, 224, 108, 168, 97, 239, 168, 245, 238, 23821, 230, 246, 167, 103, 102, 35975, 112, 23821, 245, 228, 168, 244, 112, 23821, 251, 222, 168, 233, 254, 47991, 254, 220, 166, 111, 111, 23821, 245, 228, 168, 244, 112, 168, 100, 222, 46695, 230, 220, 166, 108, 223, 166, 116, 108, 23821, 251, 246, 166, 110, 105, 31619, 241, 97, 168, 244, 112, 31619, 111, 112, 167, 102, 112, 31619, 108, 102, 168, 109, 227, 35975, 112, 23821, 252, 230, 35975, 226, 167, 253, 108, 166, 108, 222, 23821, 251, 112, 31619, 103, 101, 168, 252, 226, 35975, 226, 220, 169, 244, 230, 168, 8955, 168, 246, 97, 46695, 230, 23821, 230, 246, 167, 254, 117, 46695, 246, 35975, 246, 23821, 95, 233, 35975, 222, 220, 166, 122, 222, 167, 98, 120, 23821, 251, 120, 167, 253, 105, 23821, 96, 120, 168, 246, 113, 168, 228, 234, 168, 226, 250, 685, 168, 243, 226, 46695, 230, 167, 99, 105, 60, 220, 169, 246, 116, 167, 252, 239, 35975, 112, 166, 108, 222, 23821, 230, 246, 167, 254, 117, 31619, 100, 238, 35975, 226, 31619, 241, 96, 167, 235, 242, 46695, 230, 167, 100, 230, 167, 232, 242, 220, 166, 109, 108, 167, 239, 238, 167, 96, 116, 35975, 226, 220, 169, 242, 120, 168, 248, 108, 167, 102, 108, 23821, 246, 97, 167, 232, 246, 35975, 222, 31619, 227, 116, 168, 228, 234, 166, 111, 254, 47991, 246, 167, 98, 120, 31619, 100, 231, 167, 94, 254, 47991, 246, 166, 111, 254, 23821, 252, 238, 168, 226, 116, 169, 252, 230, 31619, 100, 238, 47991, 112, 31619, 111, 112, 167, 251, 120, 1, 198, 17, 167, 110, 230, 25, 23821, 254, 223, 168, 254, 230, 47991, 250, 31619, 224, 112, 168, 248, 102, 1343, 12878, 168, 252, 238, 167, 251, 120, 166, 108, 222, 60, 220, 169, 246, 116, 167, 252, 239, 35975, 112, 167, 252, 222, 31619, 100, 238, 35975, 226, 31619, 241, 96, 166, 111, 254, 168, 226, 250, 220, 166, 110, 223, 168, 100, 238, 168, 245, 238, 31619, 108, 242, 167, 94, 250, 23821, 251, 120, 167, 253, 105, 31619, 224, 246, 167, 232, 242, 31619, 103, 227, 168, 225, 231, 35975, 112, 23821, 252, 238, 167, 251, 120, 23821, 225, 230, 167, 223, 120, 168, 248, 242, 1, 198, 18, 167, 110, 230, 25, 23821, 254, 223, 168, 254, 230, 47991, 250, 31619, 224, 112, 168, 248, 102, 1343, 12878, 168, 243, 226, 46695, 230, 167, 99, 105, 60, 220, 169, 246, 116, 167, 252, 239, 35975, 112, 166, 108, 222, 23821, 110, 247, 31619, 224, 112, 167, 254, 97, 168, 247, 222, 23821, 251, 112, 166, 110, 225, 31619, 105, 112, 168, 245, 229, 35975, 116, 166, 111, 254, 23821, 251, 112, 167, 99, 105, 31619, 111, 112, 168, 243, 226, 167, 237, 226, 31619, 239, 98, 166, 113, 112, 167, 239, 98, 166, 113, 112, 23821, 254, 222, 167, 99, 105, 31619, 111, 112, 168, 243, 226, 167, 237, 226, 31619, 239, 98, 166, 113, 112, 31619, 239, 98, 166, 113, 112, 168, 243, 226, 220, 47991, 246, 166, 111, 254, 31619, 114, 230, 167, 253, 105, 167, 237, 226, 31619, 234, 222, 46695, 113, 35975, 112, 23821, 245, 228, 166, 110, 225, 46695, 97, 23821, 246, 111, 46695, 97, 23821, 251, 112, 166, 110, 225, 220, 47991, 250, 23821, 252, 227, 166, 108, 222, 168, 233, 105, 220, 169, 245, 230, 168, 245, 105, 31619, 111, 120, 166, 117, 234, 23821, 252, 238, 167, 251, 120, 166, 108, 222, 220, 166, 117, 250, 168, 100, 251, 31619, 228, 222, 167, 252, 246, 168, 245, 105, 23821, 245, 105, 167, 111, 112, 31619, 233, 117, 168, 233, 254, 35975, 112, 31619, 231, 246, 167, 251, 120, 220, 169, 245, 230, 168, 233, 250, 168, 246, 97, 1, 198, 19, 167, 110, 230, 25, 23821, 254, 223, 168, 254, 230, 47991, 246, 168, 100, 222, 23821, 243, 232, 35975, 222, 31619, 224, 112, 168, 248, 102, 1343, 12878, 168, 243, 226, 46695, 230, 167, 99, 105, 60, 31619, 111, 226, 168, 96, 120, 167, 114, 222, 220, 166, 108, 222, 167, 100, 234, 169, 252, 230, 23821, 225, 251, 166, 108, 223, 47991, 250, 168, 99, 231, 23821, 241, 116, 166, 108, 250, 23821, 96, 120, 166, 110, 254, 46695, 97, 166, 111, 254, 31619, 228, 241, 168, 243, 226, 31619, 233, 105, 167, 251, 120, 167, 232, 242, 220, 166, 110, 225, 35975, 112, 23821, 244, 120, 168, 96, 120, 166, 110, 222, 35975, 112, 31619, 238, 250, 31619, 103, 101, 168, 244, 239, 35975, 112, 167, 251, 120, 220, 166, 121, 231, 31619, 45539, 168, 245, 230, 167, 235, 246, 220, 169, 246, 116, 167, 252, 239, 35975, 112, 23821, 243, 226, 167, 252, 104, 167, 237, 226, 167, 99, 105, 167, 98, 120, 23821, 232, 105, 166, 115, 116, 167, 101, 116, 46695, 230, 31619, 232, 99, 168, 114, 108, 31619, 228, 241, 168, 250, 120, 46695, 230, 1, 198, 20, 167, 110, 230, 25, 23821, 254, 223, 168, 254, 230, 47991, 250, 31619, 224, 112, 168, 248, 102, 1343, 12878, 168, 243, 226, 46695, 230, 167, 99, 105, 60, 23821, 254, 226, 167, 251, 120, 167, 237, 226, 220, 47991, 112, 167, 224, 101, 168, 245, 238, 168, 226, 250, 31619, 225, 227, 46695, 97, 31619, 249, 112, 31619, 228, 230, 35975, 112, 23821, 251, 246, 168, 96, 120, 23821, 243, 243, 167, 94, 251, 166, 108, 243, 220, 166, 108, 222, 168, 245, 238, 168, 226, 250, 23821, 230, 101, 35975, 226, 31619, 224, 112, 168, 231, 105, 166, 111, 254, 220, 47991, 250, 169, 236, 116, 35975, 226, 23821, 224, 112, 169, 236, 112, 167, 111, 112, 167, 232, 242, 167, 235, 108, 31619, 224, 101, 168, 225, 251, 35975, 112, 220, 47991, 250, 31619, 100, 230, 167, 99, 105, 166, 108, 222, 31619, 122, 108, 168, 103, 120, 167, 94, 105, 169, 245, 230, 166, 111, 254, 31619, 224, 112, 46695, 97, 167, 111, 112, 46695, 230, 31619, 111, 226, 168, 96, 120, 167, 114, 222, 167, 94, 250, 23821, 243, 234, 168, 243, 246, 166, 110, 225, 46695, 97, 23821, 245, 238, 167, 223, 120, 23821, 254, 222, 167, 228, 230, 220, 166, 115, 116, 23821, 225, 230, 23821, 254, 222, 166, 116, 108, 23821, 104, 241, 168, 243, 226, 168, 247, 242, 166, 113, 105, 167, 224, 246, 1, 198, 198, 168, 113, 250, 168, 95, 227, 23821, 254, 243, 46695, 113, 25, 604, 167, 110, 230]","[0.5, 0.5, 0.5, 0.5, 0.5, 0.5, 0.5, 0.5, 0.5, 0.5, 0.5, 0.5, 0.5, 0.5, 0.5, 0.5, 0.5, 0.5, 0.5, 0.5, 0.5, 0.5, 0.5, 0.5, 0.5, 0.5, 0.5, 0.5, 0.5, 0.5, 0.5, 0.5, 0.5, 0.5, 0.5, 0.5, 0.5, 0.5, 0.5, 0.5, 0.5, 0.5, 0.5, 0.5, 0.5, 0.5, 0.5, 0.5, 0.5, 0.5, 0.5, 0.5, 0.5, 0.5, 0.5, 0.5, 0.5, 0.5, 0.5, 0.5, 0.5, 0.5, 0.5, 0.5, 0.5, 0.5, 0.5, 0.5, 0.5, 0.5, 0.5, 0.5, 0.5, 0.5, 0.5, 0.5, 0.5, 0.5, 0.5, 0.5, 0.5, 0.5, 0.5, 0.5, 0.5, 0.5, 0.5, 0.5, 0.5, 0.5, 0.5, 0.5, 0.5, 0.5, 0.5, 0.5, 0.5, 0.5, 0.5, 0.5, 0.5, 0.5, 0.5, 0.5, 0.5, 0.5, 0.5, 0.5, 0.5, 0.5, 0.5, 0.5, 0.5, 0.5, 0.5, 0.5, 0.5, 0.5, 0.5, 0.5, 0.5, 0.5, 0.5, 0.5, 0.5, 0.5, 0.5, 0.5, 0.5, 0.5, 0.5, 0.5, 0.5, 0.5, 0.5, 0.5, 0.5, 0.5, 0.5, 0.5, 0.5, 0.5, 0.5, 0.5, 0.5, 0.5, 0.5, 0.5, 0.5, 0.5, 0.5, 0.5, 0.5, 0.5, 0.5, 0.5, 0.5, 0.5, 0.5, 0.5, 0.5, 0.5, 0.5, 0.5, 0.5, 0.5, 0.5, 0.5, 0.5, 0.5, 0.5, 0.5, 0.5, 0.5, 0.5, 0.5, 0.5, 0.5, 0.5, 0.5, 0.5, 0.5, 0.5, 0.5, 0.5, 0.5, 0.5, 0.5, 0.5, 0.5, 0.5, 0.5, 0.5, 0.5, 0.5, 0.5, 0.5, 0.5, 0.5, 0.5, 0.5, 0.5, 0.5, 0.5, 0.5, 0.5, 0.5, 0.5, 0.5, 0.5, 0.5, 0.5, 0.5, 0.5, 0.5, 0.5, 0.5, 0.5, 0.5, 0.5, 0.5, 0.5, 0.5, 0.5, 0.5, 0.5, 0.5, 0.5, 0.5, 0.5, 0.5, 0.5, 0.5, 0.5, 0.5, 0.5, 0.5, 0.5, 0.5, 0.5, 0.5, 0.5, 0.5, 0.5, 0.5, 0.5, 0.5, 0.5, 0.5, 0.5, 0.5, 0.5, 0.5, 0.5, 0.5, 0.5, 0.5, 0.5, 0.5, 0.5, 0.5, 0.5, 0.5, 0.5, 0.5, 0.5, 0.5, 0.5, 0.5, 0.5, 0.5, 0.5, 0.5, 0.5, 0.5, 0.5, 0.5, 0.5, 0.5, 0.5, 0.5, 0.5, 0.5, 0.5, 0.5, 0.5, 0.5, 0.5, 0.5, 0.5, 0.5, 0.5, 0.5, 0.5, 0.5, 0.5, 0.5, 0.5, 0.5, 0.5, 0.5, 0.5, 0.5, 0.5, 0.5, 0.5, 0.5, 0.5, 0.5, 0.5, 0.5, 0.5, 0.5, 0.5, 0.5, 0.5, 0.5, 0.5, 0.5, 0.5, 0.5, 0.5, 0.5, 0.5, 0.5, 0.5, 0.5, 0.5, 0.5, 0.5, 0.5, 0.5, 0.5, 0.5, 0.5, 0.5, 0.5, 0.5, 0.5, 0.5, 0.5, 0.5, 0.5, 0.5, 0.5, 0.5, 0.5, 0.5, 0.5, 0.5, 0.5, 0.5, 0.5, 0.5, 0.5, 0.5, 0.5, 0.5, 0.5, 0.5, 0.5, 0.5, 0.5, 0.5, 0.5, 0.5, 0.5, 0.5, 0.5, 0.5, 0.5, 0.5, 0.5, 0.5, 0.5, 0.5, 0.5, 0.5, 0.5, 0.5, 0.5, 0.5, 0.5, 0.5, 0.5, 0.5, 0.5, 0.5, 0.5, 0.5, 0.5, 0.5, 0.5, 0.5, 0.5, 0.5, 0.5, 0.5, 0.5, 0.5, 0.5, 0.5, 0.5, 0.5, 0.5, 0.5, 0.5, 0.5, 0.5, 0.5, 0.5, 0.5, 0.5, 0.5, 0.5, 0.5, 0.5, 0.5, 0.5, 0.5, 0.5, 0.5, 0.5, 0.5, 0.5, 0.5, 0.5, 0.5, 0.5, 0.5, 0.5, 0.5, 0.5, 0.5, 0.5, 0.5, 0.5, 0.5, 0.5, 0.5, 0.5, 0.5, 0.5, 0.5, 0.5, 0.5, 0.5, 0.5, 0.5, 0.5, 0.5, 0.5, 0.5, 0.5, 0.5, 0.5, 0.5, 0.5, 0.5, 0.5, 0.5, 0.5, 0.5, 0.5, 0.5, 0.5, 0.5, 0.5, 0.5, 0.5, 0.5, 0.5, 0.5, 0.5, 0.5, 0.5, 0.5, 0.5, 0.5, 0.5, 0.5, 0.5, 0.5, 0.5, 0.5, 0.5, 0.5, 0.5, 0.5, 0.5, 0.5, 0.5, 0.5, 0.5, 0.5, 0.5, 0.5, 0.5, 0.5, 0.5, 0.5, 0.5, 0.5, 0.5, 0.5, 0.5, 0.5, 0.5, 0.5, 0.5, 0.5, 0.5, 0.5, 0.5, 0.5, 0.5, 0.5, 0.5, 0.5, 0.5, 0.5, 0.5, 0.5, 0.5, 0.5, 0.5, 0.5, 0.5, 0.5, 0.5, 0.5, 0.5, 0.5, 0.5, 0.5, 0.5, 0.5, 0.5, 0.5, 0.5, 0.5, 0.5, 0.5, 0.5, 0.5, 0.5, 0.5, 0.5, 0.5, 0.5, 0.5, 0.5, 0.5, 0.5, 0.5, 0.5, 0.5, 0.5, 0.5, 0.5, 0.5, 0.5, 0.5, 0.5, 0.5, 0.5, 0.5, 0.5, 0.5, 0.5, 0.5, 0.5, 0.5, 0.5, 0.5, 0.5, 0.5, 0.5, 0.5, 0.5, 0.5, 0.5, 0.5, 0.5, 0.5, 0.5, 0.5, 0.5, 0.5, 0.5, 0.5, 0.5, 0.5, 0.5, 0.5, 0.5, 0.5, 0.5, 0.5, 0.5, 0.5, 0.5, 0.5, 0.5, 0.5, 0.5, 0.5, 0.5, 0.5, 0.5, 0.5, 0.5, 0.5, 0.5, 0.5, 0.5, 0.5, 0.5, 0.5, 0.5, 0.5, 0.5, 0.5, 0.5, 0.5, 0.5, 0.5, 0.5, 0.5, 0.5, 0.5, 0.5, 0.5, 0.5, 0.5, 0.5, 0.5, 0.5, 0.5, 0.5, 0.5, 0.5, 0.5, 0.5, 0.5, 0.5, 0.5, 0.5, 0.5, 0.5, 0.5, 0.5, 0.5, 0.5, 0.5, 0.5, 0.5, 0.5, 0.5, 0.5, 0.5, 0.5, 0.5, 0.5, 0.5, 0.5, 0.5, 0.5, 0.5, 0.5, 0.5, 0.5, 0.5, 0.5, 0.5, 0.5, 0.5, 0.5, 0.5, 0.5, 0.5, 0.5, 0.5, 0.5, 0.5, 0.5, 0.5, 0.5, 0.5, 0.5, 0.5, 0.5, 0.5, 0.5, 0.5, 0.5, 0.5, 0.5, 0.5, 0.5, 0.5, 0.5, 0.5, 0.5, 0.5, 0.5, 0.5, 0.5, 0.5, 0.5, 0.5, 0.5, 0.5, 0.5, 0.5, 0.5, 0.5, 0.5, 0.5, 0.5, 0.5, 0.5, 0.5, 0.5, 0.5, 0.5, 0.5, 0.5, 0.5, 0.5, 0.5, 0.5, 0.5, 0.5, 0.5, 0.5, 0.5, 0.5, 0.5, 0.5, 0.5, 0.5, 0.5, 0.5, 0.5, 0.5, 0.5, 0.5, 0.5, 0.5, 0.5, 0.5, 0.5, 0.5, 0.5, 0.5, 0.5, 0.5, 0.5, 0.5, 0.5, 0.5, 0.5, 0.5, 0.5, 0.5, 0.5, 0.5, 0.5, 0.5, 0.5, 0.5, 0.5, 0.5, 0.5, 0.5, 0.5, 0.5, 0.5, 0.5, 0.5, 0.5, 0.5, 0.5, 0.5, 0.5, 0.5, 0.5, 0.5, 0.5, 0.5, 0.5, 0.5, 0.5, 0.5, 0.5, 0.5, 0.5, 0.5, 0.5, 0.5, 0.5, 0.5, 0.5, 0.5, 0.5, 0.5, 0.5, 0.5, 0.5, 0.5, 0.5, 0.5, 0.5, 0.5, 0.5, 0.5, 0.5, 0.5, 0.5, 0.5, 0.5, 0.5, 0.5, 0.5, 0.5, 0.5, 0.5, 0.5, 0.5, 0.5, 0.5, 0.5, 0.5, 0.5, 0.5, 0.5, 0.5, 0.5, 0.5, 0.5, 0.5, 0.5, 0.5, 0.5, 0.5, 0.5, 0.5, 0.5, 0.5, 0.5, 0.5, 0.5, 0.5, 0.5, 0.5, 0.5, 0.5, 0.5, 0.5, 0.5, 0.5, 0.5, 0.5, 0.5, 0.5, 0.5, 0.5, 0.5, 0.5, 0.5, 0.5, 0.5, 0.5, 0.5, 0.5, 0.5, 0.5, 0.5, 0.5, 0.5, 0.5, 0.5, 0.5, 0.5, 0.5, 0.5, 0.5, 0.5, 0.5, 0.5, 0.5, 0.5, 0.5, 0.5, 0.5, 0.5, 0.5, 0.5, 0.5, 0.5, 0.5, 0.5, 0.5, 0.5, 0.5, 0.5, 0.5, 0.5, 0.5, 0.5, 0.5, 0.5, 0.5, 0.5, 0.5, 0.5, 0.5, 0.5, 0.5, 0.5, 0.5, 0.5, 0.5, 0.5, 0.5, 0.5, 0.5, 0.5, 0.5, 0.5, 0.5, 0.5, 0.5, 0.5, 0.5, 0.5, 0.5, 0.5, 0.5, 0.5, 0.5, 0.5, 0.5, 0.5, 0.5, 0.5, 0.5, 0.5, 0.5, 0.5, 0.5, 0.5, 0.5, 0.5, 0.5, 0.5, 0.5, 0.5, 0.5, 0.5, 0.5, 0.5, 0.5, 0.5, 0.5, 0.5, 0.5, 0.5, 0.5, 0.5, 0.5, 0.5, 0.5, 0.5, 0.5, 0.5, 0.5, 0.5, 0.5, 0.5, 0.5, 0.5, 0.5, 0.5, 0.5, 0.5, 0.5, 0.5, 0.5, 0.5, 0.5, 0.5, 0.5, 0.5, 0.5, 0.5, 0.5, 0.5, 0.5, 0.5, 0.5, 0.5, 0.5, 0.5, 0.5, 0.5, 0.5, 0.5, 0.5, 0.5, 0.5, 0.5, 0.5, 0.5, 0.5, 0.5, 0.5, 0.5, 0.5, 0.5, 0.5, 0.5, 0.5, 0.5, 0.5, 0.5, 0.5, 0.5, 0.5, 0.5, 0.5, 0.5, 0.5, 0.5, 0.5, 0.5, 0.5, 0.5, 0.5, 0.5, 0.5, 0.5, 0.5, 0.5, 0.5, 0.5, 0.5, 0.5, 0.5, 0.5, 0.5, 0.5, 0.5, 0.5, 0.5, 0.5, 0.5, 0.5, 0.5, 0.5, 0.5, 0.5, 0.5, 0.5, 0.5, 0.5, 0.5, 0.5, 0.5, 0.5, 0.5, 0.5, 0.5, 0.5, 0.5, 0.5, 0.5, 0.5, 0.5, 0.5, 0.5, 0.5, 0.5, 0.5, 0.5, 0.5, 0.5, 0.5, 0.5, 0.5, 0.5, 0.5, 0.5, 0.5, 0.5, 0.5, 0.5, 0.5, 0.5, 0.5, 0.5, 0.5, 0.5, 0.5, 0.5, 0.5, 0.5, 0.5, 0.5, 0.5, 0.5, 0.5, 0.5, 0.5, 0.5, 0.5, 0.5, 0.5, 0.5, 0.5, 0.5, 0.5, 0.5, 0.5, 0.5, 0.5, 0.5, 0.5, 0.5, 0.5, 0.5, 0.5, 0.5, 0.5, 0.5, 0.5, 0.5, 0.5, 0.5, 0.5, 0.5, 0.5, 0.5, 0.5, 0.5, 0.5, 0.5, 0.5, 0.5, 0.5, 0.5, 0.5, 0.5, 0.5, 0.5, 0.5, 0.5, 0.5, 0.5, 0.5, 0.5, 0.5, 0.5, 0.5, 0.5, 0.5, 0.5, 0.5, 0.5, 0.5, 0.5, 0.5, 0.5, 0.5, 0.5, 0.5, 0.5, 0.5, 0.5, 0.5, 0.5, 0.5, 0.5, 0.5, 0.5, 0.5, 0.5, 0.5, 0.5, 0.5, 0.5, 0.5, 0.5, 0.5, 0.5, 0.5, 0.5, 0.5, 0.5, 0.5, 0.5, 0.5, 0.5, 0.5, 0.5, 0.5, 0.5, 0.5, 0.5, 0.5, 0.5, 0.5, 0.5, 0.5]",0
2026_11_KICE_18-21_1,['4(2)'],"1번: ㉠은 공동의 문제를 해결하기 위한 모족의 노력이 나타나는 공간으로, 이곳에서 자라와 호랑이의 화해가 이루어진다는 설명은 지문과 일치하지 않는다. ""(중모리) 그때에 사슴이 발론하되 근래 인간이 하 무서워 짐승을 잡아먹기 온갖 꾀가 다 생기고 산중에 수목이 없어 은신할 곳 없어지니 각기 의견 들어 보면 방책이 있을런가 이 모임을 했사오니 수령님의 좋은 꾀를 일러 주옵소서""
2번: ㉡은 자라가 자신의 내력을 소개하며 언급한 공간으로, 자라는 호랑이와의 만남을 예상하고 이곳에서 이를 대비하였다는 설명은 지문과 일치하지 않는다. ""(자진모리) 우리 수궁 퇴락허여 영덕전 새로 질 제 일천팔백 칸 기와를 내 손으로 올리다가 추녀 끝에 뚝 떨어져 목으로 잘칵 꺼꾸러져 이 모양이 되얏기로 명의다려 문의한즉""
3번: ㉢은 호랑이가 안도감을 나타내는 공간으로, 이곳에서 호랑이는 살아남은 것을 자신의 능력을 넘어서는 뜻밖의 행운이라고 여겼다는 설명은 지문과 일치한다. ""전라도 해남에서 냅다 뛴 놈이 의주 압록강 가에서 숨을 내쉬고 한편을 살펴보는데 남생이 한 마리가 뾰쪼롬허고 내다보니 별주부로 알았것다 에끼 저놈 그 새 저기 쫓아왔구나 게서 또 후다닥 빼 놓은 것이 함경도 세수람 고개에다 덜럼 올라앉어 장담을 허것다 내 용맹이나 된 게 여기까지 살아왔지 잡놈 같았으면 하마 그놈 뱃속에 굳었으렷다""
4번: ㉠은 자라가 자신의 행위로 인해 위험에 빠지게 된 공간이며, ㉡은 자라가 위험에서 벗어나고자 언급한 공간이라는 설명은 지문과 일치하지 않는다. ""(중모리) 호랑이 듣더니만 다 잡어 먹었으면 네 원통함도 풀고 나도 배부른 꼴을 보련마는 일등 포수가 따러다녀 어설피 물랴다가 조총에 불이 번듯 탄환이 쑥 나오면 거 내 신세는 어쩔 것이냐""
5번: ㉠은 호랑이의 지위가 다른 존재의 발언을 통해 확인되는 공간이며, ㉢은 호랑이가 다른 존재와의 비교를 통해 자신의 위엄을 부정하는 공간이라는 설명은 지문과 일치하지 않는다. ""(아니리) 호랑이가 척 내려와 이것 무엇인고 이리 보아도 둥굴 둥굴 저리 보아도 둥굴 둥굴아 하고 불러도 대답이 없것다""

최종 정답: 3번","[16, 167, 110, 230, 25, 220, 159, 231, 254, 35975, 222, 220, 166, 111, 113, 167, 237, 247, 35975, 246, 31619, 105, 116, 168, 254, 250, 167, 98, 120, 220, 47991, 112, 166, 110, 108, 47991, 246, 166, 116, 108, 23821, 250, 226, 47991, 250, 31619, 103, 101, 168, 94, 109, 35975, 246, 31619, 227, 116, 167, 254, 98, 35975, 112, 31619, 224, 246, 169, 225, 222, 167, 224, 246, 167, 232, 242, 220, 166, 111, 113, 166, 108, 226, 168, 250, 120, 167, 94, 250, 11, 23821, 251, 112, 166, 111, 111, 168, 245, 238, 168, 226, 250, 23821, 252, 238, 167, 251, 120, 168, 247, 222, 220, 169, 246, 116, 167, 252, 239, 35975, 112, 35975, 246, 220, 169, 247, 242, 47991, 112, 166, 108, 222, 23821, 251, 112, 167, 96, 101, 168, 244, 112, 168, 100, 226, 46695, 97, 167, 232, 242, 23821, 226, 97, 167, 103, 227, 35975, 222, 23821, 100, 222, 167, 105, 116, 166, 111, 120, 23821, 251, 120, 168, 117, 246, 47991, 246, 168, 100, 222, 23821, 243, 232, 167, 232, 242, 46695, 97, 13, 30629, 168, 97, 239, 167, 103, 101, 167, 99, 105, 8, 220, 166, 115, 116, 167, 243, 234, 168, 245, 238, 23821, 8955, 168, 232, 112, 35975, 112, 31619, 108, 250, 167, 94, 254, 47991, 246, 167, 238, 246, 220, 166, 115, 120, 167, 252, 246, 23821, 251, 116, 166, 108, 226, 35975, 112, 220, 47991, 246, 31619, 105, 112, 168, 226, 250, 168, 249, 234, 23821, 100, 238, 168, 232, 117, 35975, 226, 23821, 252, 94, 168, 243, 226, 167, 101, 117, 166, 116, 108, 23821, 246, 101, 166, 108, 244, 220, 166, 122, 222, 166, 108, 222, 31619, 233, 97, 23821, 225, 251, 166, 116, 108, 166, 111, 254, 23821, 224, 108, 168, 97, 239, 168, 245, 238, 23821, 230, 246, 167, 103, 102, 35975, 112, 23821, 245, 228, 168, 244, 112, 23821, 251, 222, 168, 233, 254, 47991, 254, 220, 166, 111, 111, 23821, 245, 228, 168, 244, 112, 168, 100, 222, 46695, 230, 220, 166, 108, 223, 166, 116, 108, 23821, 251, 246, 166, 110, 105, 31619, 241, 97, 168, 244, 112, 31619, 111, 112, 167, 102, 112, 31619, 108, 102, 168, 109, 227, 35975, 112, 23821, 252, 230, 35975, 226, 167, 253, 108, 166, 108, 222, 23821, 251, 112, 31619, 103, 101, 168, 252, 226, 35975, 226, 220, 169, 244, 230, 168, 8955, 168, 246, 97, 46695, 230, 23821, 230, 246, 167, 254, 117, 46695, 246, 35975, 246, 23821, 95, 233, 35975, 222, 220, 166, 122, 222, 167, 98, 120, 23821, 251, 120, 167, 253, 105, 23821, 96, 120, 168, 246, 113, 168, 228, 234, 168, 226, 250, 1, 198, 17, 167, 110, 230, 25, 220, 159, 231, 94, 35975, 222, 23821, 252, 238, 167, 251, 120, 166, 108, 222, 23821, 252, 238, 168, 233, 254, 35975, 246, 31619, 224, 112, 167, 254, 98, 35975, 226, 23821, 228, 234, 166, 108, 250, 47991, 246, 167, 102, 108, 23821, 244, 116, 166, 116, 231, 47991, 250, 220, 166, 111, 113, 166, 108, 226, 168, 250, 120, 167, 94, 250, 11, 23821, 252, 238, 167, 251, 120, 167, 232, 242, 220, 169, 246, 116, 167, 252, 239, 35975, 112, 168, 247, 222, 35975, 246, 31619, 100, 234, 167, 224, 101, 35975, 226, 23821, 246, 230, 168, 225, 223, 47991, 246, 166, 111, 254, 23821, 251, 112, 166, 111, 111, 168, 245, 238, 168, 226, 250, 23821, 251, 112, 167, 98, 120, 31619, 234, 222, 167, 117, 226, 47991, 246, 168, 246, 222, 46695, 97, 167, 232, 242, 23821, 226, 97, 167, 103, 227, 35975, 222, 23821, 100, 222, 167, 105, 116, 166, 111, 120, 23821, 251, 120, 168, 117, 246, 47991, 246, 168, 100, 222, 23821, 243, 232, 167, 232, 242, 46695, 97, 13, 30629, 168, 252, 238, 168, 100, 226, 167, 103, 101, 167, 99, 105, 8, 23821, 248, 108, 167, 99, 105, 23821, 230, 246, 166, 114, 223, 220, 169, 229, 112, 167, 251, 121, 169, 245, 230, 168, 245, 105, 23821, 246, 223, 167, 235, 243, 168, 254, 226, 23821, 225, 230, 167, 94, 250, 23821, 100, 230, 23821, 254, 250, 23821, 251, 120, 168, 110, 250, 169, 234, 242, 167, 108, 109, 23821, 117, 116, 220, 166, 116, 108, 168, 247, 222, 167, 98, 120, 31619, 224, 112, 23821, 228, 238, 168, 250, 120, 167, 94, 250, 23821, 246, 105, 167, 99, 105, 46695, 97, 166, 108, 222, 23821, 114, 242, 167, 227, 222, 31619, 223, 251, 168, 245, 238, 31619, 248, 251, 31619, 244, 101, 168, 244, 112, 168, 254, 116, 31619, 103, 102, 168, 250, 120, 167, 94, 250, 23821, 252, 246, 168, 117, 113, 220, 166, 118, 120, 166, 122, 116, 167, 253, 105, 168, 254, 116, 23821, 251, 112, 31619, 103, 101, 168, 244, 239, 35975, 112, 31619, 238, 246, 168, 244, 237, 166, 116, 108, 167, 94, 250, 31619, 103, 227, 35975, 246, 46695, 97, 167, 254, 97, 31619, 105, 116, 35975, 246, 47991, 250, 168, 99, 231, 1, 198, 18, 167, 110, 230, 25, 220, 159, 231, 95, 35975, 222, 220, 169, 246, 116, 167, 252, 239, 35975, 112, 166, 108, 222, 23821, 243, 230, 167, 237, 226, 166, 108, 238, 35975, 226, 31619, 224, 246, 169, 225, 222, 167, 224, 112, 167, 232, 242, 220, 166, 111, 113, 166, 108, 226, 168, 250, 120, 167, 94, 250, 11, 23821, 251, 112, 166, 111, 111, 168, 245, 238, 168, 226, 250, 220, 169, 246, 116, 167, 252, 239, 35975, 112, 167, 232, 242, 23821, 224, 112, 168, 243, 226, 167, 224, 101, 35975, 222, 220, 166, 110, 225, 35975, 226, 23821, 252, 238, 168, 233, 254, 35975, 246, 31619, 232, 98, 167, 254, 98, 35975, 226, 31619, 226, 246, 168, 244, 112, 168, 226, 250, 167, 232, 242, 31619, 250, 119, 167, 108, 244, 35975, 246, 220, 169, 244, 231, 168, 248, 112, 35975, 112, 167, 251, 120, 166, 111, 254, 23821, 245, 105, 166, 110, 120, 46695, 97, 167, 232, 242, 23821, 226, 97, 167, 103, 227, 35975, 222, 23821, 100, 222, 167, 105, 116, 166, 111, 120, 23821, 251, 120, 168, 117, 246, 47991, 250, 46695, 97, 13, 366, 168, 254, 226, 167, 251, 120, 167, 237, 226, 220, 47991, 112, 167, 224, 101, 168, 245, 238, 168, 226, 250, 31619, 225, 227, 46695, 97, 31619, 249, 112, 31619, 228, 230, 35975, 112, 23821, 251, 246, 168, 96, 120, 23821, 243, 243, 167, 94, 251, 166, 108, 243, 220, 166, 108, 222, 168, 245, 238, 168, 226, 250, 23821, 230, 101, 35975, 226, 31619, 224, 112, 168, 231, 105, 166, 111, 254, 220, 47991, 250, 169, 236, 116, 35975, 226, 23821, 224, 112, 169, 236, 112, 167, 111, 112, 167, 232, 242, 167, 235, 108, 31619, 224, 101, 168, 225, 251, 35975, 112, 220, 47991, 250, 31619, 100, 230, 167, 99, 105, 166, 108, 222, 31619, 122, 108, 168, 103, 120, 167, 94, 105, 169, 245, 230, 166, 111, 254, 31619, 224, 112, 46695, 97, 167, 111, 112, 46695, 230, 31619, 111, 226, 168, 96, 120, 167, 114, 222, 167, 94, 250, 23821, 243, 234, 168, 243, 246, 166, 110, 225, 46695, 97, 23821, 245, 238, 167, 223, 120, 23821, 254, 222, 167, 228, 230, 220, 166, 115, 116, 23821, 225, 230, 23821, 254, 222, 166, 116, 108, 23821, 104, 241, 168, 243, 226, 168, 247, 242, 166, 113, 105, 167, 224, 246, 220, 166, 110, 234, 168, 226, 250, 31619, 246, 238, 220, 169, 249, 226, 46695, 97, 46695, 98, 31619, 117, 120, 31619, 228, 241, 35975, 222, 220, 166, 110, 225, 35975, 112, 220, 47991, 101, 166, 110, 121, 167, 237, 226, 23821, 226, 116, 168, 230, 246, 167, 252, 234, 220, 166, 111, 254, 166, 108, 250, 168, 245, 238, 46695, 97, 31619, 235, 250, 167, 253, 120, 23821, 246, 105, 167, 251, 120, 168, 243, 231, 168, 244, 112, 23821, 252, 98, 46695, 112, 35975, 226, 220, 169, 245, 230, 166, 110, 225, 46695, 97, 31619, 224, 112, 23821, 248, 102, 167, 100, 117, 35975, 112, 167, 224, 246, 31619, 238, 250, 220, 166, 110, 234, 23821, 245, 105, 166, 116, 108, 166, 117, 234, 168, 100, 222, 23821, 224, 112, 168, 243, 226, 168, 247, 242, 168, 100, 222, 23821, 252, 94, 167, 228, 230, 220, 166, 108, 247, 168, 243, 246, 168, 250, 120, 167, 102, 112, 220, 47991, 246, 167, 100, 230, 220, 166, 115, 116, 167, 228, 230, 31619, 109, 225, 168, 228, 235, 168, 245, 238, 220, 166, 113, 111, 168, 245, 230, 168, 250, 120, 167, 254, 115, 46695, 97, 1, 198, 19, 167, 110, 230, 25, 220, 159, 231, 254, 35975, 222, 23821, 252, 238, 167, 251, 120, 166, 108, 222, 23821, 252, 238, 168, 233, 254, 35975, 246, 220, 169, 244, 231, 168, 250, 226, 167, 94, 250, 23821, 251, 116, 47991, 112, 23821, 250, 226, 169, 245, 246, 168, 245, 238, 31619, 117, 254, 168, 100, 222, 166, 110, 234, 31619, 238, 250, 220, 166, 111, 113, 166, 108, 226, 35975, 112, 167, 102, 108, 11, 220, 159, 231, 94, 35975, 222, 23821, 252, 238, 167, 251, 120, 166, 108, 222, 23821, 250, 226, 169, 245, 246, 168, 245, 238, 168, 226, 250, 31619, 110, 245, 168, 244, 112, 167, 224, 246, 166, 111, 254, 168, 252, 238, 23821, 244, 116, 166, 116, 231, 47991, 250, 220, 166, 111, 113, 166, 108, 226, 35975, 112, 167, 251, 120, 167, 232, 242, 23821, 226, 97, 167, 103, 227, 35975, 222, 23821, 100, 222, 167, 105, 116, 166, 111, 120, 23821, 251, 120, 168, 117, 246, 47991, 246, 168, 100, 222, 23821, 243, 232, 167, 232, 242, 46695, 97, 13, 30629, 168, 97, 239, 167, 103, 101, 167, 99, 105, 8, 220, 169, 246, 116, 167, 252, 239, 35975, 112, 31619, 241, 96, 167, 235, 242, 46695, 230, 167, 100, 234, 31619, 233, 97, 23821, 252, 94, 168, 244, 112, 31619, 101, 117, 168, 245, 230, 168, 250, 120, 167, 102, 112, 31619, 226, 97, 23821, 249, 238, 169, 228, 113, 47991, 101, 167, 237, 226, 220, 169, 240, 222, 166, 111, 254, 31619, 224, 246, 167, 237, 226, 31619, 108, 108, 167, 114, 222, 167, 98, 116, 220, 166, 120, 112, 35975, 226, 31619, 111, 112, 167, 254, 101, 167, 100, 230, 167, 232, 242, 23821, 251, 120, 167, 241, 109, 220, 169, 237, 105, 168, 230, 246, 166, 108, 222, 31619, 242, 108, 167, 253, 105, 46695, 97, 167, 227, 222, 23821, 244, 112, 168, 226, 97, 169, 242, 120, 31619, 45539, 167, 252, 112, 46695, 97, 166, 108, 222, 23821, 94, 108, 168, 112, 251, 168, 245, 238, 31619, 114, 230, 35975, 112, 31619, 110, 230, 167, 241, 107, 220, 169, 225, 226, 169, 247, 246, 35975, 112, 23821, 239, 98, 31619, 224, 246, 168, 246, 97, 167, 102, 112, 220, 166, 109, 108, 31619, 224, 112, 23821, 233, 254, 168, 226, 116, 167, 232, 242, 23821, 244, 112, 168, 102, 242, 220, 166, 110, 225, 35975, 112, 167, 225, 238, 1, 198, 20, 167, 110, 230, 25, 220, 159, 231, 254, 35975, 222, 220, 169, 246, 116, 167, 252, 239, 35975, 112, 35975, 246, 23821, 100, 222, 168, 250, 226, 166, 108, 222, 31619, 233, 97, 167, 98, 116, 23821, 94, 112, 168, 252, 105, 35975, 246, 31619, 108, 250, 168, 244, 116, 35975, 226, 220, 169, 228, 113, 47991, 112, 220, 169, 247, 243, 35975, 116, 167, 238, 246, 167, 232, 242, 220, 166, 111, 113, 166, 108, 226, 35975, 112, 167, 102, 108, 11, 220, 159, 231, 95, 35975, 222, 220, 169, 246, 116, 167, 252, 239, 35975, 112, 166, 108, 222, 31619, 233, 97, 167, 98, 116, 23821, 94, 112, 168, 252, 105, 168, 247, 222, 35975, 246, 31619, 117, 226, 166, 113, 238, 167, 98, 120, 220, 169, 228, 113, 47991, 112, 23821, 252, 238, 168, 233, 254, 35975, 246, 23821, 250, 226, 168, 245, 226, 35975, 226, 31619, 114, 222, 168, 254, 243, 47991, 246, 167, 232, 242, 220, 166, 111, 113, 166, 108, 226, 35975, 112, 167, 251, 120, 167, 232, 242, 23821, 226, 97, 167, 103, 227, 35975, 222, 23821, 100, 222, 167, 105, 116, 166, 111, 120, 23821, 251, 120, 168, 117, 246, 47991, 246, 168, 100, 222, 23821, 243, 232, 167, 232, 242, 46695, 97, 13, 30629, 168, 243, 226, 46695, 230, 167, 99, 105, 8, 220, 169, 246, 116, 167, 252, 239, 35975, 112, 166, 108, 222, 23821, 110, 247, 31619, 224, 112, 167, 254, 97, 168, 247, 222, 23821, 251, 112, 166, 110, 225, 31619, 105, 112, 168, 245, 229, 35975, 116, 166, 111, 254, 23821, 251, 112, 167, 99, 105, 31619, 111, 112, 168, 243, 226, 167, 237, 226, 31619, 239, 98, 166, 113, 112, 31619, 239, 98, 166, 113, 112, 23821, 254, 222, 167, 99, 105, 31619, 111, 112, 168, 243, 226, 167, 237, 226, 31619, 239, 98, 166, 113, 112, 31619, 239, 98, 166, 113, 112, 168, 243, 226, 220, 47991, 246, 166, 111, 254, 31619, 114, 230, 167, 253, 105, 167, 237, 226, 31619, 234, 222, 46695, 113, 35975, 112, 23821, 245, 228, 166, 110, 225, 46695, 97, 1, 198, 198, 168, 113, 250, 168, 95, 227, 23821, 254, 243, 46695, 113, 25, 513, 167, 110, 230]","[0.5, 0.5, 0.5, 0.5, 0.5, 0.5, 0.5, 0.5, 0.5, 0.5, 0.5, 0.5, 0.5, 0.5, 0.5, 0.5, 0.5, 0.5, 0.5, 0.5, 0.5, 0.5, 0.5, 0.5, 0.5, 0.5, 0.5, 0.5, 0.5, 0.5, 0.5, 0.5, 0.5, 0.5, 0.5, 0.5, 0.5, 0.5, 0.5, 0.5, 0.5, 0.5, 0.5, 0.5, 0.5, 0.5, 0.5, 0.5, 0.5, 0.5, 0.5, 0.5, 0.5, 0.5, 0.5, 0.5, 0.5, 0.5, 0.5, 0.5, 0.5, 0.5, 0.5, 0.5, 0.5, 0.5, 0.5, 0.5, 0.5, 0.5, 0.5, 0.5, 0.5, 0.5, 0.5, 0.5, 0.5, 0.5, 0.5, 0.5, 0.5, 0.5, 0.5, 0.5, 0.5, 0.5, 0.5, 0.5, 0.5, 0.5, 0.5, 0.5, 0.5, 0.5, 0.5, 0.5, 0.5, 0.5, 0.5, 0.5, 0.5, 0.5, 0.5, 0.5, 0.5, 0.5, 0.5, 0.5, 0.5, 0.5, 0.5, 0.5, 0.5, 0.5, 0.5, 0.5, 0.5, 0.5, 0.5, 0.5, 0.5, 0.5, 0.5, 0.5, 0.5, 0.5, 0.5, 0.5, 0.5, 0.5, 0.5, 0.5, 0.5, 0.5, 0.5, 0.5, 0.5, 0.5, 0.5, 0.5, 0.5, 0.5, 0.5, 0.5, 0.5, 0.5, 0.5, 0.5, 0.5, 0.5, 0.5, 0.5, 0.5, 0.5, 0.5, 0.5, 0.5, 0.5, 0.5, 0.5, 0.5, 0.5, 0.5, 0.5, 0.5, 0.5, 0.5, 0.5, 0.5, 0.5, 0.5, 0.5, 0.5, 0.5, 0.5, 0.5, 0.5, 0.5, 0.5, 0.5, 0.5, 0.5, 0.5, 0.5, 0.5, 0.5, 0.5, 0.5, 0.5, 0.5, 0.5, 0.5, 0.5, 0.5, 0.5, 0.5, 0.5, 0.5, 0.5, 0.5, 0.5, 0.5, 0.5, 0.5, 0.5, 0.5, 0.5, 0.5, 0.5, 0.5, 0.5, 0.5, 0.5, 0.5, 0.5, 0.5, 0.5, 0.5, 0.5, 0.5, 0.5, 0.5, 0.5, 0.5, 0.5, 0.5, 0.5, 0.5, 0.5, 0.5, 0.5, 0.5, 0.5, 0.5, 0.5, 0.5, 0.5, 0.5, 0.5, 0.5, 0.5, 0.5, 0.5, 0.5, 0.5, 0.5, 0.5, 0.5, 0.5, 0.5, 0.5, 0.5, 0.5, 0.5, 0.5, 0.5, 0.5, 0.5, 0.5, 0.5, 0.5, 0.5, 0.5, 0.5, 0.5, 0.5, 0.5, 0.5, 0.5, 0.5, 0.5, 0.5, 0.5, 0.5, 0.5, 0.5, 0.5, 0.5, 0.5, 0.5, 0.5, 0.5, 0.5, 0.5, 0.5, 0.5, 0.5, 0.5, 0.5, 0.5, 0.5, 0.5, 0.5, 0.5, 0.5, 0.5, 0.5, 0.5, 0.5, 0.5, 0.5, 0.5, 0.5, 0.5, 0.5, 0.5, 0.5, 0.5, 0.5, 0.5, 0.5, 0.5, 0.5, 0.5, 0.5, 0.5, 0.5, 0.5, 0.5, 0.5, 0.5, 0.5, 0.5, 0.5, 0.5, 0.5, 0.5, 0.5, 0.5, 0.5, 0.5, 0.5, 0.5, 0.5, 0.5, 0.5, 0.5, 0.5, 0.5, 0.5, 0.5, 0.5, 0.5, 0.5, 0.5, 0.5, 0.5, 0.5, 0.5, 0.5, 0.5, 0.5, 0.5, 0.5, 0.5, 0.5, 0.5, 0.5, 0.5, 0.5, 0.5, 0.5, 0.5, 0.5, 0.5, 0.5, 0.5, 0.5, 0.5, 0.5, 0.5, 0.5, 0.5, 0.5, 0.5, 0.5, 0.5, 0.5, 0.5, 0.5, 0.5, 0.5, 0.5, 0.5, 0.5, 0.5, 0.5, 0.5, 0.5, 0.5, 0.5, 0.5, 0.5, 0.5, 0.5, 0.5, 0.5, 0.5, 0.5, 0.5, 0.5, 0.5, 0.5, 0.5, 0.5, 0.5, 0.5, 0.5, 0.5, 0.5, 0.5, 0.5, 0.5, 0.5, 0.5, 0.5, 0.5, 0.5, 0.5, 0.5, 0.5, 0.5, 0.5, 0.5, 0.5, 0.5, 0.5, 0.5, 0.5, 0.5, 0.5, 0.5, 0.5, 0.5, 0.5, 0.5, 0.5, 0.5, 0.5, 0.5, 0.5, 0.5, 0.5, 0.5, 0.5, 0.5, 0.5, 0.5, 0.5, 0.5, 0.5, 0.5, 0.5, 0.5, 0.5, 0.5, 0.5, 0.5, 0.5, 0.5, 0.5, 0.5, 0.5, 0.5, 0.5, 0.5, 0.5, 0.5, 0.5, 0.5, 0.5, 0.5, 0.5, 0.5, 0.5, 0.5, 0.5, 0.5, 0.5, 0.5, 0.5, 0.5, 0.5, 0.5, 0.5, 0.5, 0.5, 0.5, 0.5, 0.5, 0.5, 0.5, 0.5, 0.5, 0.5, 0.5, 0.5, 0.5, 0.5, 0.5, 0.5, 0.5, 0.5, 0.5, 0.5, 0.5, 0.5, 0.5, 0.5, 0.5, 0.5, 0.5, 0.5, 0.5, 0.5, 0.5, 0.5, 0.5, 0.5, 0.5, 0.5, 0.5, 0.5, 0.5, 0.5, 0.5, 0.5, 0.5, 0.5, 0.5, 0.5, 0.5, 0.5, 0.5, 0.5, 0.5, 0.5, 0.5, 0.5, 0.5, 0.5, 0.5, 0.5, 0.5, 0.5, 0.5, 0.5, 0.5, 0.5, 0.5, 0.5, 0.5, 0.5, 0.5, 0.5, 0.5, 0.5, 0.5, 0.5, 0.5, 0.5, 0.5, 0.5, 0.5, 0.5, 0.5, 0.5, 0.5, 0.5, 0.5, 0.5, 0.5, 0.5, 0.5, 0.5, 0.5, 0.5, 0.5, 0.5, 0.5, 0.5, 0.5, 0.5, 0.5, 0.5, 0.5, 0.5, 0.5, 0.5, 0.5, 0.5, 0.5, 0.5, 0.5, 0.5, 0.5, 0.5, 0.5, 0.5, 0.5, 0.5, 0.5, 0.5, 0.5, 0.5, 0.5, 0.5, 0.5, 0.5, 0.5, 0.5, 0.5, 0.5, 0.5, 0.5, 0.5, 0.5, 0.5, 0.5, 0.5, 0.5, 0.5, 0.5, 0.5, 0.5, 0.5, 0.5, 0.5, 0.5, 0.5, 0.5, 0.5, 0.5, 0.5, 0.5, 0.5, 0.5, 0.5, 0.5, 0.5, 0.5, 0.5, 0.5, 0.5, 0.5, 0.5, 0.5, 0.5, 0.5, 0.5, 0.5, 0.5, 0.5, 0.5, 0.5, 0.5, 0.5, 0.5, 0.5, 0.5, 0.5, 0.5, 0.5, 0.5, 0.5, 0.5, 0.5, 0.5, 0.5, 0.5, 0.5, 0.5, 0.5, 0.5, 0.5, 0.5, 0.5, 0.5, 0.5, 0.5, 0.5, 0.5, 0.5, 0.5, 0.5, 0.5, 0.5, 0.5, 0.5, 0.5, 0.5, 0.5, 0.5, 0.5, 0.5, 0.5, 0.5, 0.5, 0.5, 0.5, 0.5, 0.5, 0.5, 0.5, 0.5, 0.5, 0.5, 0.5, 0.5, 0.5, 0.5, 0.5, 0.5, 0.5, 0.5, 0.5, 0.5, 0.5, 0.5, 0.5, 0.5, 0.5, 0.5, 0.5, 0.5, 0.5, 0.5, 0.5, 0.5, 0.5, 0.5, 0.5, 0.5, 0.5, 0.5, 0.5, 0.5, 0.5, 0.5, 0.5, 0.5, 0.5, 0.5, 0.5, 0.5, 0.5, 0.5, 0.5, 0.5, 0.5, 0.5, 0.5, 0.5, 0.5, 0.5, 0.5, 0.5, 0.5, 0.5, 0.5, 0.5, 0.5, 0.5, 0.5, 0.5, 0.5, 0.5, 0.5, 0.5, 0.5, 0.5, 0.5, 0.5, 0.5, 0.5, 0.5, 0.5, 0.5, 0.5, 0.5, 0.5, 0.5, 0.5, 0.5, 0.5, 0.5, 0.5, 0.5, 0.5, 0.5, 0.5, 0.5, 0.5, 0.5, 0.5, 0.5, 0.5, 0.5, 0.5, 0.5, 0.5, 0.5, 0.5, 0.5, 0.5, 0.5, 0.5, 0.5, 0.5, 0.5, 0.5, 0.5, 0.5, 0.5, 0.5, 0.5, 0.5, 0.5, 0.5, 0.5, 0.5, 0.5, 0.5, 0.5, 0.5, 0.5, 0.5, 0.5, 0.5, 0.5, 0.5, 0.5, 0.5, 0.5, 0.5, 0.5, 0.5, 0.5, 0.5, 0.5, 0.5, 0.5, 0.5, 0.5, 0.5, 0.5, 0.5, 0.5, 0.5, 0.5, 0.5, 0.5, 0.5, 0.5, 0.5, 0.5, 0.5, 0.5, 0.5, 0.5, 0.5, 0.5, 0.5, 0.5, 0.5, 0.5, 0.5, 0.5, 0.5, 0.5, 0.5, 0.5, 0.5, 0.5, 0.5, 0.5, 0.5, 0.5, 0.5, 0.5, 0.5, 0.5, 0.5, 0.5, 0.5, 0.5, 0.5, 0.5, 0.5, 0.5, 0.5, 0.5, 0.5, 0.5, 0.5, 0.5, 0.5, 0.5, 0.5, 0.5, 0.5, 0.5, 0.5, 0.5, 0.5, 0.5, 0.5, 0.5, 0.5, 0.5, 0.5, 0.5, 0.5, 0.5, 0.5, 0.5, 0.5, 0.5, 0.5, 0.5, 0.5, 0.5, 0.5, 0.5, 0.5, 0.5, 0.5, 0.5, 0.5, 0.5, 0.5, 0.5, 0.5, 0.5, 0.5, 0.5, 0.5, 0.5, 0.5, 0.5, 0.5, 0.5, 0.5, 0.5, 0.5, 0.5, 0.5, 0.5, 0.5, 0.5, 0.5, 0.5, 0.5, 0.5, 0.5, 0.5, 0.5, 0.5, 0.5, 0.5, 0.5, 0.5, 0.5, 0.5, 0.5, 0.5, 0.5, 0.5, 0.5, 0.5, 0.5, 0.5, 0.5, 0.5, 0.5, 0.5, 0.5, 0.5, 0.5, 0.5, 0.5, 0.5, 0.5, 0.5, 0.5, 0.5, 0.5, 0.5, 0.5, 0.5, 0.5, 0.5, 0.5, 0.5, 0.5, 0.5, 0.5, 0.5, 0.5, 0.5, 0.5, 0.5, 0.5, 0.5, 0.5, 0.5, 0.5, 0.5, 0.5, 0.5, 0.5, 0.5, 0.5, 0.5, 0.5, 0.5, 0.5, 0.5, 0.5, 0.5, 0.5, 0.5, 0.5, 0.5, 0.5, 0.5, 0.5, 0.5, 0.5, 0.5, 0.5, 0.5, 0.5, 0.5, 0.5, 0.5, 0.5, 0.5, 0.5, 0.5, 0.5, 0.5, 0.5, 0.5, 0.5, 0.5, 0.5, 0.5, 0.5, 0.5, 0.5, 0.5, 0.5, 0.5, 0.5, 0.5, 0.5, 0.5, 0.5, 0.5, 0.5, 0.5, 0.5, 0.5, 0.5, 0.5, 0.5, 0.5, 0.5, 0.5, 0.5, 0.5, 0.5, 0.5, 0.5, 0.5, 0.5, 0.5, 0.5, 0.5, 0.5, 0.5, 0.5, 0.5, 0.5, 0.5, 0.5, 0.5, 0.5, 0.5, 0.5, 0.5, 0.5, 0.5, 0.5, 0.5, 0.5, 0.5, 0.5, 0.5, 0.5, 0.5, 0.5, 0.5, 0.5, 0.5, 0.5, 0.5, 0.5, 0.5, 0.5, 0.5, 0.5, 0.5, 0.5, 0.5, 0.5, 0.5, 0.5, 0.5, 0.5, 0.5, 0.5, 0.5, 0.5, 0.5, 0.5, 0.5, 0.5, 0.5, 0.5, 0.5, 0.5, 0.5, 0.5, 0.5, 0.5, 0.5, 0.5, 0.5, 0.5, 0.5, 0.5, 0.5, 0.5, 0.5, 0.5, 0.5, 0.5, 0.5, 0.5, 0.5, 0.5, 0.5, 0.5, 0.5, 0.5, 0.5, 0.5, 0.5, 0.5, 0.5, 0.5, 0.5, 0.5, 0.5, 0.5, 0.5, 0.5, 0.5, 0.5, 0.5, 0.5, 0.5, 0.5, 0.5, 0.5, 0.5, 0.5, 0.5, 0.5, 0.5, 0.5, 0.5, 0.5, 0.5, 0.5, 0.5, 0.5, 0.5, 0.5, 0.5, 0.5, 0.5, 0.5, 0.5, 0.5, 0.5, 0.5, 0.5, 0.5, 0.5, 0.5, 0.5, 0.5, 0.5, 0.5, 0.5, 0.5, 0.5, 0.5, 0.5, 0.5, 0.5, 0.5, 0.5, 0.5, 0.5, 0.5, 0.5, 0.5, 0.5, 0.5, 0.5, 0.5, 0.5, 0.5, 0.5, 0.5, 0.5, 0.5, 0.5, 0.5, 0.5, 0.5, 0.5, 0.5, 0.5, 0.5, 0.5, 0.5, 0.5, 0.5, 0.5, 0.5, 0.5, 0.5, 0.5, 0.5, 0.5, 0.5, 0.5, 0.5, 0.5, 0.5, 0.5, 0.5, 0.5, 0.5, 0.5, 0.5, 0.5, 0.5, 0.5, 0.5, 0.5, 0.5, 0.5, 0.5, 0.5, 0.5, 0.5, 0.5, 0.5, 0.5, 0.5, 0.5, 0.5, 0.5, 0.5, 0.5, 0.5, 0.5, 0.5, 0.5, 0.5, 0.5, 0.5, 0.5, 0.5, 0.5, 0.5, 0.5, 0.5, 0.5, 0.5, 0.5, 0.5, 0.5, 0.5, 0.5, 0.5, 0.5, 0.5, 0.5, 0.5, 0.5, 0.5, 0.5, 0.5, 0.5, 0.5, 0.5, 0.5, 0.5, 0.5, 0.5, 0.5, 0.5, 0.5, 0.5, 0.5, 0.5, 0.5, 0.5, 0.5, 0.5, 0.5, 0.5, 0.5, 0.5, 0.5, 0.5, 0.5, 0.5, 0.5, 0.5, 0.5, 0.5, 0.5, 0.5, 0.5, 0.5, 0.5, 0.5, 0.5, 0.5, 0.5, 0.5, 0.5, 0.5, 0.5, 0.5, 0.5, 0.5, 0.5, 0.5, 0.5, 0.5, 0.5, 0.5, 0.5, 0.5, 0.5, 0.5, 0.5, 0.5, 0.5, 0.5, 0.5, 0.5, 0.5, 0.5, 0.5, 0.5, 0.5, 0.5, 0.5, 0.5, 0.5, 0.5, 0.5, 0.5, 0.5, 0.5, 0.5, 0.5, 0.5, 0.5, 0.5, 0.5, 0.5, 0.5, 0.5, 0.5, 0.5, 0.5, 0.5, 0.5, 0.5, 0.5, 0.5, 0.5, 0.5, 0.5, 0.5, 0.5, 0.5, 0.5, 0.5, 0.5, 0.5, 0.5, 0.5, 0.5, 0.5, 0.5, 0.5, 0.5, 0.5, 0.5, 0.5, 0.5, 0.5, 0.5, 0.5, 0.5, 0.5, 0.5, 0.5, 0.5, 0.5, 0.5, 0.5, 0.5, 0.5, 0.5, 0.5, 0.5, 0.5, 0.5, 0.5, 0.5, 0.5, 0.5, 0.5, 0.5, 0.5, 0.5, 0.5, 0.5, 0.5, 0.5, 0.5, 0.5, 0.5, 0.5, 0.5, 0.5, 0.5, 0.5, 0.5, 0.5, 0.5, 0.5, 0.5, 0.5, 0.5, 0.5, 0.5, 0.5, 0.5, 0.5, 0.5, 0.5, 0.5, 0.5, 0.5, 0.5, 0.5, 0.5, 0.5, 0.5, 0.5, 0.5, 0.5, 0.5, 0.5, 0.5, 0.5, 0.5, 0.5, 0.5, 0.5, 0.5, 0.5, 0.5, 0.5, 0.5, 0.5, 0.5, 0.5, 0.5, 0.5, 0.5, 0.5, 0.5, 0.5, 0.5, 0.5, 0.5, 0.5, 0.5, 0.5, 0.5, 0.5, 0.5, 0.5, 0.5, 0.5, 0.5, 0.5, 0.5, 0.5, 0.5, 0.5, 0.5, 0.5, 0.5, 0.5, 0.5, 0.5, 0.5, 0.5, 0.5, 0.5, 0.5, 0.5, 0.5, 0.5, 0.5, 0.5, 0.5, 0.5, 0.5, 0.5, 0.5, 0.5, 0.5, 0.5, 0.5, 0.5, 0.5, 0.5, 0.5, 0.5, 0.5, 0.5, 0.5, 0.5, 0.5, 0.5, 0.5, 0.5, 0.5, 0.5, 0.5, 0.5, 0.5, 0.5, 0.5, 0.5, 0.5, 0.5, 0.5, 0.5, 0.5, 0.5, 0.5, 0.5, 0.5, 0.5, 0.5, 0.5, 0.5, 0.5, 0.5, 0.5, 0.5, 0.5, 0.5, 0.5, 0.5, 0.5, 0.5, 0.5, 0.5, 0.5, 0.5, 0.5, 0.5, 0.5, 0.5, 0.5, 0.5, 0.5, 0.5, 0.5, 0.5, 0.5, 0.5, 0.5, 0.5, 0.5, 0.5, 0.5, 0.5, 0.5, 0.5, 0.5, 0.5, 0.5, 0.5, 0.5, 0.5, 0.5, 0.5, 0.5, 0.5, 0.5, 0.5, 0.5, 0.5, 0.5, 0.5, 0.5, 0.5, 0.5, 0.5, 0.5, 0.5, 0.5, 0.5, 0.5, 0.5, 0.5, 0.5, 0.5, 0.5, 0.5, 0.5, 0.5, 0.5, 0.5, 0.5, 0.5, 0.5, 0.5, 0.5, 0.5, 0.5, 0.5, 0.5, 0.5, 0.5, 0.5, 0.5, 0.5, 0.5, 0.5, 0.5, 0.5, 0.5, 0.5, 0.5, 0.5, 0.5, 0.5, 0.5, 0.5, 0.5, 0.5, 0.5, 0.5, 0.5, 0.5, 0.5, 0.5, 0.5, 0.5, 0.5, 0.5, 0.5, 0.5, 0.5, 0.5, 0.5, 0.5, 0.5, 0.5, 0.5, 0.5, 0.5, 0.5, 0.5, 0.5, 0.5, 0.5, 0.5, 0.5, 0.5, 0.5, 0.5, 0.5, 0.5, 0.5, 0.5, 0.5, 0.5, 0.5, 0.5, 0.5, 0.5, 0.5, 0.5, 0.5, 0.5, 0.5, 0.5, 0.5, 0.5, 0.5, 0.5, 0.5, 0.5, 0.5, 0.5, 0.5, 0.5, 0.5, 0.5, 0.5, 0.5, 0.5, 0.5, 0.5, 0.5, 0.5, 0.5, 0.5, 0.5, 0.5, 0.5, 0.5, 0.5, 0.5, 0.5, 0.5, 0.5, 0.5, 0.5, 0.5, 0.5, 0.5, 0.5, 0.5, 0.5, 0.5, 0.5, 0.5, 0.5, 0.5, 0.5, 0.5, 0.5, 0.5, 0.5, 0.5, 0.5, 0.5, 0.5, 0.5, 0.5, 0.5, 0.5, 0.5, 0.5, 0.5, 0.5, 0.5, 0.5, 0.5, 0.5, 0.5, 0.5, 0.5, 0.5, 0.5, 0.5, 0.5, 0.5, 0.5, 0.5, 0.5, 0.5, 0.5, 0.5, 0.5, 0.5, 0.5, 0.5, 0.5, 0.5, 0.5, 0.5, 0.5, 0.5, 0.5, 0.5, 0.5, 0.5, 0.5, 0.5, 0.5, 0.5, 0.5, 0.5, 0.5, 0.5, 0.5, 0.5, 0.5, 0.5, 0.5, 0.5, 0.5, 0.5, 0.5, 0.5, 0.5, 0.5, 0.5, 0.5, 0.5, 0.5, 0.5, 0.5, 0.5, 0.5, 0.5, 0.5, 0.5, 0.5, 0.5, 0.5, 0.5, 0.5, 0.5, 0.5, 0.5, 0.5, 0.5, 0.5, 0.5, 0.5, 0.5, 0.5, 0.5, 0.5, 0.5, 0.5, 0.5, 0.5, 0.5, 0.5, 0.5, 0.5, 0.5, 0.5, 0.5, 0.5, 0.5, 0.5, 0.5, 0.5, 0.5, 0.5, 0.5, 0.5, 0.5, 0.5, 0.5, 0.5, 0.5, 0.5, 0.5, 0.5, 0.5, 0.5, 0.5, 0.5, 0.5, 0.5, 0.5, 0.5, 0.5, 0.5, 0.5, 0.5, 0.5, 0.5, 0.5, 0.5, 0.5, 0.5, 0.5, 0.5, 0.5, 0.5, 0.5, 0.5, 0.5, 0.5, 0.5, 0.5, 0.5, 0.5, 0.5, 0.5, 0.5, 0.5, 0.5, 0.5, 0.5, 0.5, 0.5, 0.5, 0.5, 0.5, 0.5, 0.5, 0.5, 0.5, 0.5, 0.5, 0.5, 0.5, 0.5, 0.5, 0.5, 0.5, 0.5, 0.5, 0.5, 0.5, 0.5, 0.5, 0.5, 0.5, 0.5, 0.5, 0.5, 0.5, 0.5, 0.5, 0.5, 0.5, 0.5, 0.5, 0.5, 0.5, 0.5, 0.5, 0.5, 0.5, 0.5, 0.5, 0.5, 0.5, 0.5, 0.5, 0.5, 0.5, 0.5, 0.5, 0.5, 0.5, 0.5, 0.5, 0.5, 0.5, 0.5, 0.5, 0.5, 0.5, 0.5, 0.5, 0.5, 0.5, 0.5, 0.5, 0.5, 0.5, 0.5, 0.5, 0.5, 0.5, 0.5, 0.5, 0.5, 0.5, 0.5, 0.5, 0.5, 0.5, 0.5, 0.5, 0.5, 0.5, 0.5, 0.5, 0.5, 0.5, 0.5, 0.5, 0.5, 0.5, 0.5, 0.5, 0.5, 0.5, 0.5, 0.5, 0.5, 0.5, 0.5, 0.5, 0.5, 0.5, 0.5, 0.5, 0.5, 0.5, 0.5, 0.5, 0.5, 0.5, 0.5, 0.5, 0.5, 0.5, 0.5, 0.5, 0.5, 0.5, 0.5, 0.5, 0.5, 0.5, 0.5, 0.5, 0.5, 0.5, 0.5, 0.5, 0.5, 0.5, 0.5, 0.5, 0.5, 0.5, 0.5, 0.5, 0.5, 0.5, 0.5, 0.5, 0.5, 0.5, 0.5, 0.5, 0.5, 0.5, 0.5, 0.5, 0.5, 0.5, 0.5, 0.5, 0.5, 0.5, 0.5, 0.5, 0.5, 0.5, 0.5, 0.5, 0.5, 0.5, 0.5, 0.5, 0.5, 0.5, 0.5, 0.5, 0.5, 0.5, 0.5, 0.5, 0.5, 0.5, 0.5, 0.5, 0.5, 0.5, 0.5, 0.5, 0.5, 0.5, 0.5, 0.5, 0.5, 0.5, 0.5, 0.5, 0.5, 0.5, 0.5, 0.5, 0.5, 0.5, 0.5, 0.5, 0.5, 0.5, 0.5, 0.5, 0.5, 0.5, 0.5, 0.5, 0.5, 0.5, 0.5, 0.5, 0.5, 0.5, 0.5, 0.5, 0.5, 0.5, 0.5, 0.5, 0.5, 0.5, 0.5, 0.5, 0.5, 0.5, 0.5, 0.5, 0.5, 0.5, 0.5, 0.5, 0.5, 0.5, 0.5, 0.5, 0.5, 0.5, 0.5, 0.5, 0.5, 0.5, 0.5, 0.5, 0.5, 0.5, 0.5, 0.5, 0.5, 0.5, 0.5, 0.5, 0.5, 0.5, 0.5, 0.5, 0.5, 0.5, 0.5, 0.5, 0.5, 0.5, 0.5, 0.5, 0.5, 0.5, 0.5, 0.5, 0.5, 0.5, 0.5]",0
2026_11_KICE_18-21_2,['3(2)'],"1번: ⓐ와 ⓑ는 각기 다른 주체가 예의를 갖춘 상대의 태도에 대해 보인 반응이 아님 + ""별주부 저기 토 선생 계시오 부른다는 것이 수로 팔천 리를 아래턱으로 밀고 오자니 아래턱이 빳빳허여 토 자가 살짝 늘어져 호 자로 되였것다 저기 호 생원 계시오 불러 놓으니 첩첩산중 호랑이가 생원 말 듣기는 제 평생 처음이라 ⓐ[반기 듣고](ⓐ의 밑줄) 내려오는듸, [엇모리] 범 내려온다 범이 내려온다 송림 깊은 골로 한 짐승이 내려온다 누에머리를 흔들며 양 귀 찢어지고 몸은 얼숭덜숭 꼬리는 잔득 한 발이 남고 동아 같은 뒷다리 전동 같은 앞다리 새낫 같은 발톱으로 엄동설한 백설 격으로 잔디 뿌리 왕모래를 좌르르르 흩으며 주홍 같은 입 벌리고 홍행행 허는 소리 산천이 진동하고 강산이 뒤눕고 땅이 뚝 꺼지난 듯 자라가 ⓑ[깜짝 놀래여](ⓑ의 밑줄) 목을 움치고 가만히 엎졌을 제""
2번: ⓑ와 ⓒ는 동일한 주체가 상대의 당황하는 모습에 대해 보인 반응이 아님 + ""[아니리] 호랑이가 척 내려와 이것 무엇인고 이리 보아도 둥굴 둥굴 저리 보아도 둥굴 둥굴아 하고 불러도 대답이 없것다 옳다 이것 한 입가심 허여 볼까 자라가 ⓒ[깜짝 놀래여](ⓒ의 밑줄) 여보 당신이 뉘라 허시오 호랑이 깜짝 놀래 에끼 이것 보아라 도리줌치 속에 배암 잡어 넣은 것같이 생긴 것이 인사성은 밝네 나는 ㉠[이 산중](㉠의 밑줄) 지키는 호 생원 어른이로다, [중모리] 호랑이 ⓓ[반기 듣고](ⓓ의 밑줄) 얼시구나 좋을시고 내 평생에 원하기를 왕배탕이 원일러니 오늘날 만났구나 맛진 진미를 먹어 보자 으르르르앙 허고 달려드니 자라 듣고 깜짝 놀래여 아이고 내 자라 아니요 이놈 그러면 무엇인고 내가 두꺼비요 두꺼비 같으면 더욱 좋다 너를 산 채로 불에 살라 술에 타 먹었으면 만병회춘 명약이라니 너를 먹으리라 아이고 내 남생이요 남생이 같으면 더욱 좋다 습기에는 제일이라 허니 너를 산 채로 먹으리라""
3번: ⓒ와 ⓕ는 각기 다른 주체가 상대의 말이나 행동으로 인해 생긴 위기 상황에서 보인 반응이 아님 + ""[아니리] 호랑이가 척 내려와 이것 무엇인고 이리 보아도 둥굴 둥굴 저리 보아도 둥굴 둥굴아 하고 불러도 대답이 없것다 옳다 이것 한 입가심 허여 볼까 자라가 ⓒ[깜짝 놀래여](ⓒ의 밑줄) 여보 당신이 뉘라 허시오 호랑이 깜짝 놀래 에끼 이것 보아라 도리줌치 속에 배암 잡어 넣은 것같이 생긴 것이 인사성은 밝네 나는 ㉠[이 산중](㉠의 밑줄) 지키는 호 생원 어른이로다, [아니리] 호랑이 ⓕ[질색허여](ⓕ의 밑줄) 아이고 별나리 이것 좀 놓아주시오 이놈 잔말 말고 쓸개만 내놓아라 호랑이 그 육중헌 놈이 자라에게 매달려 애걸을 허는듸""
4번: ⓓ와 ⓔ는 동일한 주체가 자신의 숙원이 성취될 수 있음을 확인하면서 보인 반응임 + ""[중모리] 호랑이 ⓓ[반기 듣고](ⓓ의 밑줄) 얼시구나 좋을시고 내 평생에 원하기를 왕배탕이 원일러니 오늘날 만났구나 맛진 진미를 먹어 보자 으르르르앙 허고 달려드니 자라 듣고 깜짝 놀래여 아이고 내 자라 아니요 이놈 그러면 무엇인고 내가 두꺼비요 두꺼비 같으면 더욱 좋다 너를 산 채로 불에 살라 술에 타 먹었으면 만병회춘 명약이라니 너를 먹으리라 아이고 내 남생이요 남생이 같으면 더욱 좋다 습기에는 제일이라 허니 너를 산 채로 먹으리라, [아니리] 별주부 듣고 기가 막혀 이 급살 맞어 죽을 놈이 동의 보감을 얼마나 통달허였는지 보는 대로 약 취해 먹기로만 드니 기왕 죽을 바에는 속임수나 한번 써 보고 죽을 밖에 없구나 허고 목을 길게 내놓으며 네 이놈 호랑아 내 목 나간다 호랑이 ⓔ[깜짝 놀래](ⓔ의 밑줄) 에끼 이것 목 나온다 고만 나오시오 하루 수천 발 나오겠소 대체 당신 명색이 무엇이오""
5번: ⓔ와 ⓕ는 동일한 주체가 상대의 예상 밖 제안에 대해 보인 반응이 아님 + ""[아니리] 별주부 듣고 기가 막혀 이 급살 맞어 죽을 놈이 동의 보감을 얼마나 통달허였는지 보는 대로 약 취해 먹기로만 드니 기왕 죽을 바에는 속임수나 한번 써 보고 죽을 밖에 없구나 허고 목을 길게 내놓으며 네 이놈 호랑아 내 목 나간다 호랑이 ⓔ[깜짝 놀래](ⓔ의 밑줄) 에끼 이것 목 나온다 고만 나오시오 하루 수천 발 나오겠소 대체 당신 명색이 무엇이오, [아니리] 호랑이 ⓕ[질색허여](ⓕ의 밑줄) 아이고 별나리 이것 좀 놓아주시오 이놈 잔말 말고 쓸개만 내놓아라 호랑이 그 육중헌 놈이 자라에게 매달려 애걸을 허는듸""

최종 정답: 4번","[16, 167, 110, 230, 25, 2343, 241, 238, 168, 247, 222, 2343, 241, 239, 167, 232, 242, 220, 166, 108, 223, 166, 116, 108, 31619, 233, 97, 167, 98, 116, 23821, 96, 120, 168, 110, 112, 166, 108, 222, 23821, 246, 230, 35975, 246, 167, 98, 120, 220, 166, 108, 244, 168, 114, 246, 23821, 225, 223, 167, 234, 222, 35975, 246, 220, 169, 225, 250, 167, 237, 226, 168, 245, 238, 31619, 234, 222, 47991, 112, 31619, 111, 112, 35975, 116, 31619, 108, 246, 35975, 239, 35975, 112, 23821, 243, 226, 46695, 246, 1343, 366, 167, 111, 226, 168, 96, 120, 167, 114, 222, 23821, 254, 222, 166, 116, 108, 220, 169, 228, 254, 23821, 226, 254, 168, 225, 251, 220, 166, 111, 226, 168, 233, 250, 168, 246, 97, 31619, 114, 222, 167, 98, 116, 46695, 97, 167, 232, 242, 220, 166, 110, 225, 35975, 112, 23821, 230, 246, 167, 94, 250, 220, 169, 234, 242, 168, 110, 250, 31619, 99, 105, 167, 98, 120, 23821, 243, 226, 167, 252, 246, 169, 226, 109, 168, 250, 120, 167, 94, 250, 31619, 108, 222, 166, 111, 254, 23821, 246, 97, 168, 252, 238, 46695, 230, 23821, 243, 226, 167, 252, 246, 169, 226, 109, 35975, 112, 31619, 117, 111, 167, 117, 111, 169, 245, 230, 168, 245, 105, 220, 169, 228, 254, 23821, 252, 238, 166, 108, 222, 23821, 224, 112, 168, 100, 251, 31619, 232, 246, 168, 244, 112, 168, 254, 116, 220, 169, 246, 116, 23821, 252, 238, 167, 94, 250, 31619, 238, 246, 168, 246, 222, 166, 110, 225, 46695, 97, 23821, 254, 222, 166, 116, 108, 220, 169, 246, 116, 23821, 225, 251, 168, 249, 238, 220, 166, 111, 226, 168, 233, 250, 168, 246, 97, 31619, 114, 230, 167, 253, 105, 31619, 228, 241, 168, 250, 120, 46695, 230, 23821, 110, 102, 168, 110, 102, 168, 224, 108, 168, 97, 239, 220, 169, 246, 116, 167, 252, 239, 35975, 112, 166, 108, 222, 23821, 225, 251, 168, 249, 238, 31619, 100, 238, 31619, 241, 96, 166, 116, 108, 167, 232, 242, 23821, 254, 250, 220, 169, 237, 231, 168, 225, 251, 23821, 110, 246, 35975, 234, 35975, 112, 167, 251, 120, 2343, 241, 238, 58, 167, 108, 246, 166, 116, 108, 31619, 241, 96, 166, 111, 254, 16151, 158, 241, 238, 35975, 246, 31619, 108, 239, 168, 97, 226, 8, 31619, 224, 112, 167, 254, 97, 168, 246, 97, 167, 232, 242, 167, 241, 116, 11, 685, 168, 245, 229, 167, 103, 101, 167, 99, 105, 60, 31619, 110, 242, 31619, 224, 112, 167, 254, 97, 168, 246, 101, 46695, 97, 31619, 110, 242, 35975, 112, 31619, 224, 112, 167, 254, 97, 168, 246, 101, 46695, 97, 23821, 228, 94, 167, 99, 120, 220, 166, 117, 232, 35975, 222, 220, 166, 111, 101, 167, 94, 250, 220, 47991, 250, 23821, 100, 238, 168, 232, 117, 35975, 112, 31619, 224, 112, 167, 254, 97, 168, 246, 101, 46695, 97, 31619, 230, 226, 168, 245, 238, 167, 101, 116, 167, 99, 105, 167, 98, 120, 220, 169, 251, 242, 167, 241, 97, 167, 102, 108, 23821, 244, 239, 220, 166, 115, 222, 23821, 108, 95, 168, 244, 112, 168, 100, 222, 166, 111, 254, 31619, 103, 116, 35975, 222, 23821, 244, 120, 168, 230, 255, 167, 235, 250, 168, 230, 255, 220, 166, 120, 105, 167, 99, 105, 167, 232, 242, 23821, 252, 242, 167, 241, 251, 220, 47991, 250, 31619, 108, 250, 35975, 112, 31619, 224, 101, 166, 111, 254, 31619, 237, 247, 168, 243, 226, 220, 166, 108, 247, 35975, 222, 31619, 240, 115, 46695, 97, 167, 99, 105, 23821, 254, 226, 167, 237, 247, 220, 166, 108, 247, 35975, 222, 23821, 243, 252, 46695, 97, 167, 99, 105, 23821, 225, 230, 167, 224, 104, 220, 166, 108, 247, 35975, 222, 31619, 108, 250, 169, 228, 109, 168, 250, 120, 167, 94, 250, 23821, 245, 226, 167, 237, 247, 168, 226, 97, 47991, 250, 31619, 108, 109, 168, 226, 97, 220, 166, 110, 102, 168, 250, 120, 167, 94, 250, 23821, 252, 242, 167, 242, 242, 31619, 123, 234, 167, 99, 105, 23821, 247, 243, 167, 103, 101, 167, 252, 246, 167, 98, 120, 23821, 95, 234, 167, 98, 112, 167, 98, 112, 167, 98, 112, 220, 169, 251, 102, 168, 250, 120, 167, 102, 108, 23821, 96, 120, 169, 247, 235, 220, 166, 108, 247, 35975, 222, 23821, 252, 227, 31619, 110, 234, 167, 99, 105, 166, 111, 254, 220, 169, 247, 235, 169, 244, 231, 169, 244, 231, 220, 169, 245, 230, 167, 232, 242, 23821, 228, 234, 167, 99, 105, 23821, 224, 108, 168, 110, 250, 35975, 112, 23821, 100, 226, 167, 237, 247, 47991, 246, 166, 111, 254, 220, 166, 108, 243, 168, 224, 108, 35975, 112, 31619, 240, 97, 167, 230, 243, 166, 111, 254, 31619, 243, 227, 35975, 112, 31619, 248, 251, 220, 166, 118, 120, 168, 100, 222, 167, 224, 250, 31619, 241, 107, 23821, 252, 238, 167, 251, 120, 166, 108, 222, 2343, 241, 239, 58, 166, 117, 250, 168, 100, 251, 31619, 228, 222, 167, 252, 246, 168, 245, 105, 16151, 158, 241, 239, 35975, 246, 31619, 108, 239, 168, 97, 226, 8, 31619, 103, 102, 35975, 226, 23821, 249, 222, 168, 117, 246, 166, 111, 254, 220, 166, 108, 222, 167, 100, 234, 169, 252, 230, 23821, 245, 236, 168, 94, 234, 35975, 226, 23821, 254, 250, 1, 198, 17, 167, 110, 230, 25, 2343, 241, 239, 168, 247, 222, 2343, 241, 240, 167, 232, 242, 31619, 237, 247, 35975, 120, 47991, 250, 23821, 96, 120, 168, 110, 112, 166, 108, 222, 23821, 225, 223, 167, 234, 222, 35975, 246, 31619, 233, 117, 169, 247, 102, 47991, 246, 167, 232, 242, 31619, 103, 101, 168, 232, 113, 168, 245, 238, 31619, 234, 222, 47991, 112, 31619, 111, 112, 35975, 116, 31619, 108, 246, 35975, 239, 35975, 112, 23821, 243, 226, 46695, 246, 1343, 12878, 168, 243, 226, 46695, 230, 167, 99, 105, 60, 220, 169, 246, 116, 167, 252, 239, 35975, 112, 166, 108, 222, 23821, 110, 247, 31619, 224, 112, 167, 254, 97, 168, 247, 222, 23821, 251, 112, 166, 110, 225, 31619, 105, 112, 168, 245, 229, 35975, 116, 166, 111, 254, 23821, 251, 112, 167, 99, 105, 31619, 111, 112, 168, 243, 226, 167, 237, 226, 31619, 239, 98, 166, 113, 112, 31619, 239, 98, 166, 113, 112, 23821, 254, 222, 167, 99, 105, 31619, 111, 112, 168, 243, 226, 167, 237, 226, 31619, 239, 98, 166, 113, 112, 31619, 239, 98, 166, 113, 112, 168, 243, 226, 220, 47991, 246, 166, 111, 254, 31619, 114, 230, 167, 253, 105, 167, 237, 226, 31619, 234, 222, 46695, 113, 35975, 112, 23821, 245, 228, 166, 110, 225, 46695, 97, 23821, 246, 111, 46695, 97, 23821, 251, 112, 166, 110, 225, 220, 47991, 250, 23821, 252, 227, 166, 108, 222, 168, 233, 105, 220, 169, 245, 230, 168, 245, 105, 31619, 111, 120, 166, 117, 234, 23821, 252, 238, 167, 251, 120, 166, 108, 222, 2343, 241, 240, 58, 166, 117, 250, 168, 100, 251, 31619, 228, 222, 167, 252, 246, 168, 245, 105, 16151, 158, 241, 240, 35975, 246, 31619, 108, 239, 168, 97, 226, 8, 23821, 245, 105, 167, 111, 112, 31619, 233, 117, 168, 233, 254, 35975, 112, 31619, 231, 246, 167, 251, 120, 220, 169, 245, 230, 168, 233, 250, 168, 246, 97, 220, 169, 246, 116, 167, 252, 239, 35975, 112, 220, 166, 117, 250, 168, 100, 251, 31619, 228, 222, 167, 252, 246, 23821, 245, 238, 167, 223, 120, 23821, 251, 112, 166, 110, 225, 31619, 111, 112, 168, 243, 226, 167, 251, 120, 31619, 237, 226, 167, 99, 105, 168, 97, 234, 168, 117, 246, 23821, 228, 235, 168, 245, 238, 31619, 108, 108, 168, 243, 242, 23821, 252, 94, 168, 244, 112, 31619, 226, 96, 35975, 222, 220, 166, 110, 225, 166, 108, 247, 35975, 112, 23821, 225, 251, 166, 116, 112, 220, 166, 110, 225, 35975, 112, 23821, 251, 116, 168, 8955, 168, 226, 109, 35975, 222, 31619, 108, 251, 167, 226, 97, 31619, 224, 246, 167, 232, 242, 220, 159, 231, 254, 58, 35975, 112, 23821, 224, 108, 168, 97, 239, 16151, 159, 231, 254, 35975, 246, 31619, 108, 239, 168, 97, 226, 8, 23821, 100, 222, 169, 224, 97, 167, 232, 242, 220, 169, 246, 116, 23821, 225, 251, 168, 249, 238, 23821, 244, 112, 167, 98, 116, 35975, 112, 167, 94, 250, 46695, 97, 11, 685, 168, 97, 239, 167, 103, 101, 167, 99, 105, 60, 220, 169, 246, 116, 167, 252, 239, 35975, 112, 2343, 241, 241, 58, 167, 108, 246, 166, 116, 108, 31619, 241, 96, 166, 111, 254, 16151, 158, 241, 241, 35975, 246, 31619, 108, 239, 168, 97, 226, 8, 23821, 244, 120, 168, 233, 250, 166, 113, 105, 167, 224, 246, 23821, 95, 233, 35975, 226, 168, 233, 250, 166, 111, 254, 31619, 224, 112, 220, 169, 237, 231, 168, 225, 251, 168, 245, 238, 23821, 249, 238, 47991, 246, 166, 116, 108, 167, 98, 120, 23821, 247, 243, 167, 108, 108, 169, 225, 243, 35975, 112, 23821, 249, 238, 35975, 120, 167, 253, 105, 46695, 230, 23821, 246, 97, 167, 232, 246, 167, 224, 254, 31619, 100, 234, 167, 8955, 166, 113, 105, 167, 224, 246, 31619, 100, 249, 168, 100, 226, 23821, 100, 226, 167, 107, 116, 167, 98, 120, 31619, 101, 117, 168, 244, 112, 31619, 111, 112, 168, 252, 238, 23821, 250, 120, 167, 98, 112, 167, 98, 112, 167, 98, 112, 168, 243, 247, 220, 169, 245, 230, 166, 111, 254, 31619, 233, 105, 167, 254, 97, 167, 241, 250, 46695, 230, 23821, 252, 238, 167, 251, 120, 31619, 241, 96, 166, 111, 254, 220, 166, 117, 250, 168, 100, 251, 31619, 228, 222, 167, 252, 246, 168, 245, 105, 23821, 243, 226, 35975, 112, 166, 111, 254, 31619, 224, 112, 23821, 252, 238, 167, 251, 120, 23821, 243, 226, 46695, 230, 168, 248, 242, 23821, 251, 112, 167, 228, 230, 220, 166, 115, 116, 167, 253, 105, 167, 102, 112, 31619, 105, 112, 168, 245, 229, 35975, 116, 166, 111, 254, 31619, 224, 112, 166, 108, 222, 31619, 239, 238, 166, 118, 120, 167, 117, 226, 168, 248, 242, 31619, 239, 238, 166, 118, 120, 167, 117, 226, 220, 166, 108, 247, 168, 250, 120, 167, 102, 112, 31619, 235, 242, 168, 248, 109, 23821, 95, 233, 46695, 97, 31619, 226, 230, 167, 98, 120, 23821, 224, 108, 23821, 109, 226, 167, 94, 250, 31619, 114, 230, 168, 245, 238, 23821, 224, 112, 167, 251, 120, 23821, 230, 254, 168, 245, 238, 220, 169, 225, 222, 31619, 101, 117, 168, 245, 230, 168, 250, 120, 167, 102, 112, 31619, 100, 234, 167, 111, 239, 169, 248, 234, 168, 114, 246, 31619, 103, 227, 168, 243, 121, 35975, 112, 167, 251, 120, 46695, 230, 31619, 226, 230, 167, 98, 120, 31619, 101, 117, 168, 250, 120, 167, 99, 105, 167, 251, 120, 23821, 243, 226, 35975, 112, 166, 111, 254, 31619, 224, 112, 31619, 224, 101, 168, 225, 251, 35975, 112, 168, 248, 242, 31619, 224, 101, 168, 225, 251, 35975, 112, 220, 166, 108, 247, 168, 250, 120, 167, 102, 112, 31619, 235, 242, 168, 248, 109, 23821, 95, 233, 46695, 97, 23821, 232, 113, 166, 116, 108, 168, 245, 238, 167, 232, 242, 23821, 254, 250, 35975, 120, 35975, 112, 167, 251, 120, 220, 169, 245, 230, 46695, 230, 31619, 226, 230, 167, 98, 120, 23821, 224, 108, 23821, 109, 226, 167, 94, 250, 31619, 101, 117, 168, 250, 120, 167, 99, 105, 167, 251, 120, 1, 198, 18, 167, 110, 230, 25, 2343, 241, 240, 168, 247, 222, 2343, 241, 243, 167, 232, 242, 220, 166, 108, 223, 166, 116, 108, 31619, 233, 97, 167, 98, 116, 23821, 96, 120, 168, 110, 112, 166, 108, 222, 23821, 225, 223, 167, 234, 222, 35975, 246, 31619, 100, 238, 35975, 112, 167, 224, 246, 220, 169, 244, 231, 167, 237, 247, 168, 250, 120, 167, 94, 250, 23821, 251, 116, 47991, 112, 23821, 225, 251, 166, 116, 112, 23821, 250, 226, 166, 116, 108, 23821, 225, 223, 169, 247, 102, 168, 245, 238, 168, 226, 250, 31619, 111, 112, 35975, 116, 31619, 108, 246, 35975, 239, 35975, 112, 23821, 243, 226, 46695, 246, 1343, 12878, 168, 243, 226, 46695, 230, 167, 99, 105, 60, 220, 169, 246, 116, 167, 252, 239, 35975, 112, 166, 108, 222, 23821, 110, 247, 31619, 224, 112, 167, 254, 97, 168, 247, 222, 23821, 251, 112, 166, 110, 225, 31619, 105, 112, 168, 245, 229, 35975, 116, 166, 111, 254, 23821, 251, 112, 167, 99, 105, 31619, 111, 112, 168, 243, 226, 167, 237, 226, 31619, 239, 98, 166, 113, 112, 31619, 239, 98, 166, 113, 112, 23821, 254, 222, 167, 99, 105, 31619, 111, 112, 168, 243, 226, 167, 237, 226, 31619, 239, 98, 166, 113, 112, 31619, 239, 98, 166, 113, 112, 168, 243, 226, 220, 47991, 246, 166, 111, 254, 31619, 114, 230, 167, 253, 105, 167, 237, 226, 31619, 234, 222, 46695, 113, 35975, 112, 23821, 245, 228, 166, 110, 225, 46695, 97, 23821, 246, 111, 46695, 97, 23821, 251, 112, 166, 110, 225, 220, 47991, 250, 23821, 252, 227, 166, 108, 222, 168, 233, 105, 220, 169, 245, 230, 168, 245, 105, 31619, 111, 120, 166, 117, 234, 23821, 252, 238, 167, 251, 120, 166, 108, 222, 2343, 241, 240, 58, 166, 117, 250, 168, 100, 251, 31619, 228, 222, 167, 252, 246, 168, 245, 105, 16151, 158, 241, 240, 35975, 246, 31619, 108, 239, 168, 97, 226, 8, 23821, 245, 105, 167, 111, 112, 31619, 233, 117, 168, 233, 254, 35975, 112, 31619, 231, 246, 167, 251, 120, 220, 169, 245, 230, 168, 233, 250, 168, 246, 97, 220, 169, 246, 116, 167, 252, 239, 35975, 112, 220, 166, 117, 250, 168, 100, 251, 31619, 228, 222, 167, 252, 246, 23821, 245, 238, 167, 223, 120, 23821, 251, 112, 166, 110, 225, 31619, 111, 112, 168, 243, 226, 167, 251, 120, 31619, 237, 226, 167, 99, 105, 168, 97, 234, 168, 117, 246, 23821, 228, 235, 168, 245, 238, 31619, 108, 108, 168, 243, 242, 23821, 252, 94, 168, 244, 112, 31619, 226, 96, 35975, 222, 220, 166, 110, 225, 166, 108, 247, 35975, 112, 23821, 225, 251, 166, 116, 112, 220, 166, 110, 225, 35975, 112, 23821, 251, 116, 168, 8955, 168, 226, 109, 35975, 222, 31619, 108, 251, 167, 226, 97, 31619, 224, 246, 167, 232, 242, 220, 159, 231, 254, 58, 35975, 112, 23821, 224, 108, 168, 97, 239, 16151, 159, 231, 254, 35975, 246, 31619, 108, 239, 168, 97, 226, 8, 23821, 100, 222, 169, 224, 97, 167, 232, 242, 220, 169, 246, 116, 23821, 225, 251, 168, 249, 238, 23821, 244, 112, 167, 98, 116, 35975, 112, 167, 94, 250, 46695, 97, 11, 685, 168, 243, 226, 46695, 230, 167, 99, 105, 60, 220, 169, 246, 116, 167, 252, 239, 35975, 112, 2343, 241, 243, 58, 168, 100, 230, 168, 225, 231, 169, 245, 230, 168, 245, 105, 16151, 158, 241, 243, 35975, 246, 31619, 108, 239, 168, 97, 226, 8, 23821, 243, 226, 35975, 112, 166, 111, 254, 31619, 111, 226, 167, 224, 246, 167, 99, 105, 23821, 251, 112, 166, 110, 225, 23821, 95, 222, 31619, 228, 241, 168, 243, 226, 168, 96, 120, 168, 233, 250, 168, 246, 97, 23821, 251, 112, 167, 228, 230, 23821, 252, 242, 167, 100, 238, 31619, 100, 238, 166, 111, 254, 23821, 241, 116, 166, 108, 250, 167, 100, 234, 31619, 224, 112, 167, 228, 241, 168, 243, 226, 167, 251, 120, 220, 169, 246, 116, 167, 252, 239, 35975, 112, 220, 166, 115, 116, 23821, 250, 94, 168, 97, 239, 169, 245, 234, 31619, 228, 230, 35975, 112, 23821, 252, 238, 167, 251, 120, 168, 245, 238, 166, 110, 234, 31619, 100, 97, 46695, 105, 167, 254, 97, 23821, 243, 254, 166, 109, 116, 35975, 226, 220, 169, 245, 230, 167, 232, 242, 167, 241, 116, 1, 198, 19, 167, 110, 230, 25, 2343, 241, 241, 168, 247, 222, 2343, 241, 242, 167, 232, 242, 31619, 237, 247, 35975, 120, 47991, 250, 23821, 96, 120, 168, 110, 112, 166, 108, 222, 23821, 252, 238, 168, 233, 254, 35975, 246, 23821, 230, 247, 168, 249, 238, 35975, 112, 23821, 226, 109, 168, 115, 101, 167, 238, 254, 23821, 230, 246, 23821, 252, 230, 35975, 234, 35975, 226, 220, 169, 247, 243, 35975, 116, 47991, 246, 167, 102, 112, 168, 226, 250, 31619, 111, 112, 35975, 116, 31619, 108, 246, 35975, 239, 168, 252, 226, 1343, 12878, 168, 97, 239, 167, 103, 101, 167, 99, 105, 60, 220, 169, 246, 116, 167, 252, 239, 35975, 112, 2343, 241, 241, 58, 167, 108, 246, 166, 116, 108, 31619, 241, 96, 166, 111, 254, 16151, 158, 241, 241, 35975, 246, 31619, 108, 239, 168, 97, 226, 8, 23821, 244, 120, 168, 233, 250, 166, 113, 105, 167, 224, 246, 23821, 95, 233, 35975, 226, 168, 233, 250, 166, 111, 254, 31619, 224, 112, 220, 169, 237, 231, 168, 225, 251, 168, 245, 238, 23821, 249, 238, 47991, 246, 166, 116, 108, 167, 98, 120, 23821, 247, 243, 167, 108, 108, 169, 225, 243, 35975, 112, 23821, 249, 238, 35975, 120, 167, 253, 105, 46695, 230, 23821, 246, 97, 167, 232, 246, 167, 224, 254, 31619, 100, 234, 167, 8955, 166, 113, 105, 167, 224, 246, 31619, 100, 249, 168, 100, 226, 23821, 100, 226, 167, 107, 116, 167, 98, 120, 31619, 101, 117, 168, 244, 112, 31619, 111, 112, 168, 252, 238, 23821, 250, 120, 167, 98, 112, 167, 98, 112, 167, 98, 112, 168, 243, 247, 220, 169, 245, 230, 166, 111, 254, 31619, 233, 105, 167, 254, 97, 167, 241, 250, 46695, 230, 23821, 252, 238, 167, 251, 120, 31619, 241, 96, 166, 111, 254, 220, 166, 117, 250, 168, 100, 251, 31619, 228, 222, 167, 252, 246, 168, 245, 105, 23821, 243, 226, 35975, 112, 166, 111, 254, 31619, 224, 112, 23821, 252, 238, 167, 251, 120, 23821, 243, 226, 46695, 230, 168, 248, 242, 23821, 251, 112, 167, 228, 230, 220, 166, 115, 116, 167, 253, 105, 167, 102, 112, 31619, 105, 112, 168, 245, 229, 35975, 116, 166, 111, 254, 31619, 224, 112, 166, 108, 222, 31619, 239, 238, 166, 118, 120, 167, 117, 226, 168, 248, 242, 31619, 239, 238, 166, 118, 120, 167, 117, 226, 220, 166, 108, 247, 168, 250, 120, 167, 102, 112, 31619, 235, 242, 168, 248, 109, 23821, 95, 233, 46695, 97, 31619, 226, 230, 167, 98, 120, 23821, 224, 108, 23821, 109, 226, 167, 94, 250, 31619, 114, 230, 168, 245, 238, 23821, 224, 112, 167, 251, 120, 23821, 230, 254, 168, 245, 238, 220, 169, 225, 222, 31619, 101, 117, 168, 245, 230, 168, 250, 120, 167, 102, 112, 31619, 100, 234, 167, 111, 239, 169, 248, 234, 168, 114, 246, 31619, 103, 227, 168, 243, 121, 35975, 112, 167, 251, 120, 46695, 230, 31619, 226, 230, 167, 98, 120, 31619, 101, 117, 168, 250, 120, 167, 99, 105, 167, 251, 120, 23821, 243, 226, 35975, 112, 166, 111, 254, 31619, 224, 112, 31619, 224, 101, 168, 225, 251, 35975, 112, 168, 248, 242, 31619, 224, 101, 168, 225, 251, 35975, 112, 220, 166, 108, 247, 168, 250, 120, 167, 102, 112, 31619, 235, 242, 168, 248, 109, 23821, 95, 233, 46695, 97, 23821, 232, 113, 166, 116, 108, 168, 245, 238, 167, 232, 242, 23821, 254, 250, 35975, 120, 35975, 112, 167, 251, 120, 220, 169, 245, 230, 46695, 230, 31619, 226, 230, 167, 98, 120, 23821, 224, 108, 23821, 109, 226, 167, 94, 250, 31619, 101, 117, 168, 250, 120, 167, 99, 105, 167, 251, 120, 11, 685, 168, 243, 226, 46695, 230, 167, 99, 105, 60, 31619, 111, 226, 168, 96, 120, 167, 114, 222, 31619, 241, 96, 166, 111, 254, 220, 166, 116, 108, 166, 108, 222, 31619, 100, 231, 169, 246, 222, 23821, 251, 112, 220, 166, 116, 231, 168, 224, 112, 31619, 100, 252, 168, 244, 112, 23821, 96, 121, 35975, 226, 31619, 228, 230, 35975, 112, 31619, 237, 247, 35975, 246, 31619, 111, 112, 166, 108, 238, 35975, 226, 23821, 244, 120, 167, 100, 230, 167, 224, 246, 220, 169, 228, 113, 46695, 105, 169, 245, 230, 168, 246, 222, 167, 232, 242, 168, 100, 222, 31619, 111, 112, 167, 232, 242, 31619, 234, 222, 167, 94, 250, 23821, 243, 121, 23821, 115, 101, 47991, 112, 31619, 101, 117, 166, 116, 108, 167, 94, 250, 167, 100, 234, 31619, 241, 250, 46695, 230, 220, 166, 116, 108, 168, 247, 243, 23821, 96, 121, 35975, 226, 31619, 108, 242, 168, 245, 238, 167, 232, 242, 23821, 228, 235, 168, 252, 226, 168, 230, 246, 167, 224, 246, 220, 47991, 250, 167, 110, 230, 23821, 235, 101, 31619, 111, 112, 166, 111, 254, 23821, 96, 121, 35975, 226, 31619, 108, 244, 168, 245, 238, 23821, 245, 228, 166, 113, 105, 167, 224, 246, 220, 169, 245, 230, 166, 111, 254, 31619, 103, 102, 35975, 226, 220, 166, 116, 116, 166, 110, 234, 31619, 224, 112, 167, 228, 241, 168, 250, 120, 167, 102, 108, 31619, 226, 97, 23821, 251, 112, 167, 228, 230, 220, 169, 246, 116, 167, 252, 239, 168, 243, 226, 31619, 224, 112, 31619, 103, 102, 31619, 224, 246, 166, 108, 226, 46695, 97, 220, 169, 246, 116, 167, 252, 239, 35975, 112, 2343, 241, 242, 58, 166, 117, 250, 168, 100, 251, 31619, 228, 222, 167, 252, 246, 16151, 158, 241, 242, 35975, 246, 31619, 108, 239, 168, 97, 226, 8, 23821, 245, 238, 167, 223, 120, 23821, 251, 112, 166, 110, 225, 31619, 103, 102, 31619, 224, 246, 168, 246, 101, 46695, 97, 220, 166, 111, 254, 167, 100, 234, 31619, 224, 246, 168, 246, 97, 168, 233, 250, 168, 246, 97, 220, 47991, 246, 167, 96, 101, 23821, 230, 246, 168, 110, 250, 31619, 108, 250, 31619, 224, 246, 168, 246, 97, 166, 110, 254, 168, 228, 234, 31619, 234, 222, 168, 110, 112, 31619, 233, 117, 168, 233, 254, 31619, 103, 227, 168, 225, 231, 35975, 112, 31619, 105, 112, 168, 245, 229, 35975, 112, 168, 246, 97, 1, 198, 20, 167, 110, 230, 25, 2343, 241, 242, 168, 247, 222, 2343, 241, 243, 167, 232, 242, 31619, 237, 247, 35975, 120, 47991, 250, 23821, 96, 120, 168, 110, 112, 166, 108, 222, 23821, 225, 223, 167, 234, 222, 35975, 246, 23821, 246, 230, 168, 225, 223, 31619, 108, 244, 23821, 254, 250, 168, 243, 230, 168, 245, 238, 31619, 234, 222, 47991, 112, 31619, 111, 112, 35975, 116, 31619, 108, 246, 35975, 239, 35975, 112, 23821, 243, 226, 46695, 246, 1343, 12878, 168, 243, 226, 46695, 230, 167, 99, 105, 60, 31619, 111, 226, 168, 96, 120, 167, 114, 222, 31619, 241, 96, 166, 111, 254, 220, 166, 116, 108, 166, 108, 222, 31619, 100, 231, 169, 246, 222, 23821, 251, 112, 220, 166, 116, 231, 168, 224, 112, 31619, 100, 252, 168, 244, 112, 23821, 96, 121, 35975, 226, 31619, 228, 230, 35975, 112, 31619, 237, 247, 35975, 246, 31619, 111, 112, 166, 108, 238, 35975, 226, 23821, 244, 120, 167, 100, 230, 167, 224, 246, 220, 169, 228, 113, 46695, 105, 169, 245, 230, 168, 246, 222, 167, 232, 242, 168, 100, 222, 31619, 111, 112, 167, 232, 242, 31619, 234, 222, 167, 94, 250, 23821, 243, 121, 23821, 115, 101, 47991, 112, 31619, 101, 117, 166, 116, 108, 167, 94, 250, 167, 100, 234, 31619, 241, 250, 46695, 230, 220, 166, 116, 108, 168, 247, 243, 23821, 96, 121, 35975, 226, 31619, 108, 242, 168, 245, 238, 167, 232, 242, 23821, 228, 235, 168, 252, 226, 168, 230, 246, 167, 224, 246, 220, 47991, 250, 167, 110, 230, 23821, 235, 101, 31619, 111, 112, 166, 111, 254, 23821, 96, 121, 35975, 226, 31619, 108, 244, 168, 245, 238, 23821, 245, 228, 166, 113, 105, 167, 224, 246, 220, 169, 245, 230, 166, 111, 254, 31619, 103, 102, 35975, 226, 220, 166, 116, 116, 166, 110, 234, 31619, 224, 112, 167, 228, 241, 168, 250, 120, 167, 102, 108, 31619, 226, 97, 23821, 251, 112, 167, 228, 230, 220, 169, 246, 116, 167, 252, 239, 168, 243, 226, 31619, 224, 112, 31619, 103, 102, 31619, 224, 246, 166, 108, 226, 46695, 97, 220, 169, 246, 116, 167, 252, 239, 35975, 112, 2343, 241, 242, 58, 166, 117, 250, 168, 100, 251, 31619, 228, 222, 167, 252, 246, 16151, 158, 241, 242, 35975, 246, 31619, 108, 239, 168, 97, 226, 8, 23821, 245, 238, 167, 223, 120, 23821, 251, 112, 166, 110, 225, 31619, 103, 102, 31619, 224, 246, 168, 246, 101, 46695, 97, 220, 166, 111, 254, 167, 100, 234, 31619, 224, 246, 168, 246, 97, 168, 233, 250, 168, 246, 97, 220, 47991, 246, 167, 96, 101, 23821, 230, 246, 168, 110, 250, 31619, 108, 250, 31619, 224, 246, 168, 246, 97, 166, 110, 254, 168, 228, 234, 31619, 234, 222, 168, 110, 112, 31619, 233, 117, 168, 233, 254, 31619, 103, 227, 168, 225, 231, 35975, 112, 31619, 105, 112, 168, 245, 229, 35975, 112, 168, 246, 97, 11, 685, 168, 243, 226, 46695, 230, 167, 99, 105, 60, 220, 169, 246, 116, 167, 252, 239, 35975, 112, 2343, 241, 243, 58, 168, 100, 230, 168, 225, 231, 169, 245, 230, 168, 245, 105, 16151, 158, 241, 243, 35975, 246, 31619, 108, 239, 168, 97, 226, 8, 23821, 243, 226, 35975, 112, 166, 111, 254, 31619, 111, 226, 167, 224, 246, 167, 99, 105, 23821, 251, 112, 166, 110, 225, 23821, 95, 222, 31619, 228, 241, 168, 243, 226, 168, 96, 120, 168, 233, 250, 168, 246, 97, 23821, 251, 112, 167, 228, 230, 23821, 252, 242, 167, 100, 238, 31619, 100, 238, 166, 111, 254, 23821, 241, 116, 166, 108, 250, 167, 100, 234, 31619, 224, 112, 167, 228, 241, 168, 243, 226, 167, 251, 120, 220, 169, 246, 116, 167, 252, 239, 35975, 112, 220, 166, 115, 116, 23821, 250, 94, 168, 97, 239, 169, 245, 234, 31619, 228, 230, 35975, 112, 23821, 252, 238, 167, 251, 120, 168, 245, 238, 166, 110, 234, 31619, 100, 97, 46695, 105, 167, 254, 97, 23821, 243, 254, 166, 109, 116, 35975, 226, 220, 169, 245, 230, 167, 232, 242, 167, 241, 116, 1, 198, 198, 168, 113, 250, 168, 95, 227, 23821, 254, 243, 46695, 113, 25, 604, 167, 110, 230]","[0.5, 0.5, 0.5, 0.5, 0.5, 0.5, 0.5, 0.5, 0.5, 0.5, 0.5, 0.5, 0.5, 0.5, 0.5, 0.5, 0.5, 0.5, 0.5, 0.5, 0.5, 0.5, 0.5, 0.5, 0.5, 0.5, 0.5, 0.5, 0.5, 0.5, 0.5, 0.5, 0.5, 0.5, 0.5, 0.5, 0.5, 0.5, 0.5, 0.5, 0.5, 0.5, 0.5, 0.5, 0.5, 0.5, 0.5, 0.5, 0.5, 0.5, 0.5, 0.5, 0.5, 0.5, 0.5, 0.5, 0.5, 0.5, 0.5, 0.5, 0.5, 0.5, 0.5, 0.5, 0.5, 0.5, 0.5, 0.5, 0.5, 0.5, 0.5, 0.5, 0.5, 0.5, 0.5, 0.5, 0.5, 0.5, 0.5, 0.5, 0.5, 0.5, 0.5, 0.5, 0.5, 0.5, 0.5, 0.5, 0.5, 0.5, 0.5, 0.5, 0.5, 0.5, 0.5, 0.5, 0.5, 0.5, 0.5, 0.5, 0.5, 0.5, 0.5, 0.5, 0.5, 0.5, 0.5, 0.5, 0.5, 0.5, 0.5, 0.5, 0.5, 0.5, 0.5, 0.5, 0.5, 0.5, 0.5, 0.5, 0.5, 0.5, 0.5, 0.5, 0.5, 0.5, 0.5, 0.5, 0.5, 0.5, 0.5, 0.5, 0.5, 0.5, 0.5, 0.5, 0.5, 0.5, 0.5, 0.5, 0.5, 0.5, 0.5, 0.5, 0.5, 0.5, 0.5, 0.5, 0.5, 0.5, 0.5, 0.5, 0.5, 0.5, 0.5, 0.5, 0.5, 0.5, 0.5, 0.5, 0.5, 0.5, 0.5, 0.5, 0.5, 0.5, 0.5, 0.5, 0.5, 0.5, 0.5, 0.5, 0.5, 0.5, 0.5, 0.5, 0.5, 0.5, 0.5, 0.5, 0.5, 0.5, 0.5, 0.5, 0.5, 0.5, 0.5, 0.5, 0.5, 0.5, 0.5, 0.5, 0.5, 0.5, 0.5, 0.5, 0.5, 0.5, 0.5, 0.5, 0.5, 0.5, 0.5, 0.5, 0.5, 0.5, 0.5, 0.5, 0.5, 0.5, 0.5, 0.5, 0.5, 0.5, 0.5, 0.5, 0.5, 0.5, 0.5, 0.5, 0.5, 0.5, 0.5, 0.5, 0.5, 0.5, 0.5, 0.5, 0.5, 0.5, 0.5, 0.5, 0.5, 0.5, 0.5, 0.5, 0.5, 0.5, 0.5, 0.5, 0.5, 0.5, 0.5, 0.5, 0.5, 0.5, 0.5, 0.5, 0.5, 0.5, 0.5, 0.5, 0.5, 0.5, 0.5, 0.5, 0.5, 0.5, 0.5, 0.5, 0.5, 0.5, 0.5, 0.5, 0.5, 0.5, 0.5, 0.5, 0.5, 0.5, 0.5, 0.5, 0.5, 0.5, 0.5, 0.5, 0.5, 0.5, 0.5, 0.5, 0.5, 0.5, 0.5, 0.5, 0.5, 0.5, 0.5, 0.5, 0.5, 0.5, 0.5, 0.5, 0.5, 0.5, 0.5, 0.5, 0.5, 0.5, 0.5, 0.5, 0.5, 0.5, 0.5, 0.5, 0.5, 0.5, 0.5, 0.5, 0.5, 0.5, 0.5, 0.5, 0.5, 0.5, 0.5, 0.5, 0.5, 0.5, 0.5, 0.5, 0.5, 0.5, 0.5, 0.5, 0.5, 0.5, 0.5, 0.5, 0.5, 0.5, 0.5, 0.5, 0.5, 0.5, 0.5, 0.5, 0.5, 0.5, 0.5, 0.5, 0.5, 0.5, 0.5, 0.5, 0.5, 0.5, 0.5, 0.5, 0.5, 0.5, 0.5, 0.5, 0.5, 0.5, 0.5, 0.5, 0.5, 0.5, 0.5, 0.5, 0.5, 0.5, 0.5, 0.5, 0.5, 0.5, 0.5, 0.5, 0.5, 0.5, 0.5, 0.5, 0.5, 0.5, 0.5, 0.5, 0.5, 0.5, 0.5, 0.5, 0.5, 0.5, 0.5, 0.5, 0.5, 0.5, 0.5, 0.5, 0.5, 0.5, 0.5, 0.5, 0.5, 0.5, 0.5, 0.5, 0.5, 0.5, 0.5, 0.5, 0.5, 0.5, 0.5, 0.5, 0.5, 0.5, 0.5, 0.5, 0.5, 0.5, 0.5, 0.5, 0.5, 0.5, 0.5, 0.5, 0.5, 0.5, 0.5, 0.5, 0.5, 0.5, 0.5, 0.5, 0.5, 0.5, 0.5, 0.5, 0.5, 0.5, 0.5, 0.5, 0.5, 0.5, 0.5, 0.5, 0.5, 0.5, 0.5, 0.5, 0.5, 0.5, 0.5, 0.5, 0.5, 0.5, 0.5, 0.5, 0.5, 0.5, 0.5, 0.5, 0.5, 0.5, 0.5, 0.5, 0.5, 0.5, 0.5, 0.5, 0.5, 0.5, 0.5, 0.5, 0.5, 0.5, 0.5, 0.5, 0.5, 0.5, 0.5, 0.5, 0.5, 0.5, 0.5, 0.5, 0.5, 0.5, 0.5, 0.5, 0.5, 0.5, 0.5, 0.5, 0.5, 0.5, 0.5, 0.5, 0.5, 0.5, 0.5, 0.5, 0.5, 0.5, 0.5, 0.5, 0.5, 0.5, 0.5, 0.5, 0.5, 0.5, 0.5, 0.5, 0.5, 0.5, 0.5, 0.5, 0.5, 0.5, 0.5, 0.5, 0.5, 0.5, 0.5, 0.5, 0.5, 0.5, 0.5, 0.5, 0.5, 0.5, 0.5, 0.5, 0.5, 0.5, 0.5, 0.5, 0.5, 0.5, 0.5, 0.5, 0.5, 0.5, 0.5, 0.5, 0.5, 0.5, 0.5, 0.5, 0.5, 0.5, 0.5, 0.5, 0.5, 0.5, 0.5, 0.5, 0.5, 0.5, 0.5, 0.5, 0.5, 0.5, 0.5, 0.5, 0.5, 0.5, 0.5, 0.5, 0.5, 0.5, 0.5, 0.5, 0.5, 0.5, 0.5, 0.5, 0.5, 0.5, 0.5, 0.5, 0.5, 0.5, 0.5, 0.5, 0.5, 0.5, 0.5, 0.5, 0.5, 0.5, 0.5, 0.5, 0.5, 0.5, 0.5, 0.5, 0.5, 0.5, 0.5, 0.5, 0.5, 0.5, 0.5, 0.5, 0.5, 0.5, 0.5, 0.5, 0.5, 0.5, 0.5, 0.5, 0.5, 0.5, 0.5, 0.5, 0.5, 0.5, 0.5, 0.5, 0.5, 0.5, 0.5, 0.5, 0.5, 0.5, 0.5, 0.5, 0.5, 0.5, 0.5, 0.5, 0.5, 0.5, 0.5, 0.5, 0.5, 0.5, 0.5, 0.5, 0.5, 0.5, 0.5, 0.5, 0.5, 0.5, 0.5, 0.5, 0.5, 0.5, 0.5, 0.5, 0.5, 0.5, 0.5, 0.5, 0.5, 0.5, 0.5, 0.5, 0.5, 0.5, 0.5, 0.5, 0.5, 0.5, 0.5, 0.5, 0.5, 0.5, 0.5, 0.5, 0.5, 0.5, 0.5, 0.5, 0.5, 0.5, 0.5, 0.5, 0.5, 0.5, 0.5, 0.5, 0.5, 0.5, 0.5, 0.5, 0.5, 0.5, 0.5, 0.5, 0.5, 0.5, 0.5, 0.5, 0.5, 0.5, 0.5, 0.5, 0.5, 0.5, 0.5, 0.5, 0.5, 0.5, 0.5, 0.5, 0.5, 0.5, 0.5, 0.5, 0.5, 0.5, 0.5, 0.5, 0.5, 0.5, 0.5, 0.5, 0.5, 0.5, 0.5, 0.5, 0.5, 0.5, 0.5, 0.5, 0.5, 0.5, 0.5, 0.5, 0.5, 0.5, 0.5, 0.5, 0.5, 0.5, 0.5, 0.5, 0.5, 0.5, 0.5, 0.5, 0.5, 0.5, 0.5, 0.5, 0.5, 0.5, 0.5, 0.5, 0.5, 0.5, 0.5, 0.5, 0.5, 0.5, 0.5, 0.5, 0.5, 0.5, 0.5, 0.5, 0.5, 0.5, 0.5, 0.5, 0.5, 0.5, 0.5, 0.5, 0.5, 0.5, 0.5, 0.5, 0.5, 0.5, 0.5, 0.5, 0.5, 0.5, 0.5, 0.5, 0.5, 0.5, 0.5, 0.5, 0.5, 0.5, 0.5, 0.5, 0.5, 0.5, 0.5, 0.5, 0.5, 0.5, 0.5, 0.5, 0.5, 0.5, 0.5, 0.5, 0.5, 0.5, 0.5, 0.5, 0.5, 0.5, 0.5, 0.5, 0.5, 0.5, 0.5, 0.5, 0.5, 0.5, 0.5, 0.5, 0.5, 0.5, 0.5, 0.5, 0.5, 0.5, 0.5, 0.5, 0.5, 0.5, 0.5, 0.5, 0.5, 0.5, 0.5, 0.5, 0.5, 0.5, 0.5, 0.5, 0.5, 0.5, 0.5, 0.5, 0.5, 0.5, 0.5, 0.5, 0.5, 0.5, 0.5, 0.5, 0.5, 0.5, 0.5, 0.5, 0.5, 0.5, 0.5, 0.5, 0.5, 0.5, 0.5, 0.5, 0.5, 0.5, 0.5, 0.5, 0.5, 0.5, 0.5, 0.5, 0.5, 0.5, 0.5, 0.5, 0.5, 0.5, 0.5, 0.5, 0.5, 0.5, 0.5, 0.5, 0.5, 0.5, 0.5, 0.5, 0.5, 0.5, 0.5, 0.5, 0.5, 0.5, 0.5, 0.5, 0.5, 0.5, 0.5, 0.5, 0.5, 0.5, 0.5, 0.5, 0.5, 0.5, 0.5, 0.5, 0.5, 0.5, 0.5, 0.5, 0.5, 0.5, 0.5, 0.5, 0.5, 0.5, 0.5, 0.5, 0.5, 0.5, 0.5, 0.5, 0.5, 0.5, 0.5, 0.5, 0.5, 0.5, 0.5, 0.5, 0.5, 0.5, 0.5, 0.5, 0.5, 0.5, 0.5, 0.5, 0.5, 0.5, 0.5, 0.5, 0.5, 0.5, 0.5, 0.5, 0.5, 0.5, 0.5, 0.5, 0.5, 0.5, 0.5, 0.5, 0.5, 0.5, 0.5, 0.5, 0.5, 0.5, 0.5, 0.5, 0.5, 0.5, 0.5, 0.5, 0.5, 0.5, 0.5, 0.5, 0.5, 0.5, 0.5, 0.5, 0.5, 0.5, 0.5, 0.5, 0.5, 0.5, 0.5, 0.5, 0.5, 0.5, 0.5, 0.5, 0.5, 0.5, 0.5, 0.5, 0.5, 0.5, 0.5, 0.5, 0.5, 0.5, 0.5, 0.5, 0.5, 0.5, 0.5, 0.5, 0.5, 0.5, 0.5, 0.5, 0.5, 0.5, 0.5, 0.5, 0.5, 0.5, 0.5, 0.5, 0.5, 0.5, 0.5, 0.5, 0.5, 0.5, 0.5, 0.5, 0.5, 0.5, 0.5, 0.5, 0.5, 0.5, 0.5, 0.5, 0.5, 0.5, 0.5, 0.5, 0.5, 0.5, 0.5, 0.5, 0.5, 0.5, 0.5, 0.5, 0.5, 0.5, 0.5, 0.5, 0.5, 0.5, 0.5, 0.5, 0.5, 0.5, 0.5, 0.5, 0.5, 0.5, 0.5, 0.5, 0.5, 0.5, 0.5, 0.5, 0.5, 0.5, 0.5, 0.5, 0.5, 0.5, 0.5, 0.5, 0.5, 0.5, 0.5, 0.5, 0.5, 0.5, 0.5, 0.5, 0.5, 0.5, 0.5, 0.5, 0.5, 0.5, 0.5, 0.5, 0.5, 0.5, 0.5, 0.5, 0.5, 0.5, 0.5, 0.5, 0.5, 0.5, 0.5, 0.5, 0.5, 0.5, 0.5, 0.5, 0.5, 0.5, 0.5, 0.5, 0.5, 0.5, 0.5, 0.5, 0.5, 0.5, 0.5, 0.5, 0.5, 0.5, 0.5, 0.5, 0.5, 0.5, 0.5, 0.5, 0.5, 0.5, 0.5, 0.5, 0.5, 0.5, 0.5, 0.5, 0.5, 0.5, 0.5, 0.5, 0.5, 0.5, 0.5, 0.5, 0.5, 0.5, 0.5, 0.5, 0.5, 0.5, 0.5, 0.5, 0.5, 0.5, 0.5, 0.5, 0.5, 0.5, 0.5, 0.5, 0.5, 0.5, 0.5, 0.5, 0.5, 0.5, 0.5, 0.5, 0.5, 0.5, 0.5, 0.5, 0.5, 0.5, 0.5, 0.5, 0.5, 0.5, 0.5, 0.5, 0.5, 0.5, 0.5, 0.5, 0.5, 0.5, 0.5, 0.5, 0.5, 0.5, 0.5, 0.5, 0.5, 0.5, 0.5, 0.5, 0.5, 0.5, 0.5, 0.5, 0.5, 0.5, 0.5, 0.5, 0.5, 0.5, 0.5, 0.5, 0.5, 0.5, 0.5, 0.5, 0.5, 0.5, 0.5, 0.5, 0.5, 0.5, 0.5, 0.5, 0.5, 0.5, 0.5, 0.5, 0.5, 0.5, 0.5, 0.5, 0.5, 0.5, 0.5, 0.5, 0.5, 0.5, 0.5, 0.5, 0.5, 0.5, 0.5, 0.5, 0.5, 0.5, 0.5, 0.5, 0.5, 0.5, 0.5, 0.5, 0.5, 0.5, 0.5, 0.5, 0.5, 0.5, 0.5, 0.5, 0.5, 0.5, 0.5, 0.5, 0.5, 0.5, 0.5, 0.5, 0.5, 0.5, 0.5, 0.5, 0.5, 0.5, 0.5, 0.5, 0.5, 0.5, 0.5, 0.5, 0.5, 0.5, 0.5, 0.5, 0.5, 0.5, 0.5, 0.5, 0.5, 0.5, 0.5, 0.5, 0.5, 0.5, 0.5, 0.5, 0.5, 0.5, 0.5, 0.5, 0.5, 0.5, 0.5, 0.5, 0.5, 0.5, 0.5, 0.5, 0.5, 0.5, 0.5, 0.5, 0.5, 0.5, 0.5, 0.5, 0.5, 0.5, 0.5, 0.5, 0.5, 0.5, 0.5, 0.5, 0.5, 0.5, 0.5, 0.5, 0.5, 0.5, 0.5, 0.5, 0.5, 0.5, 0.5, 0.5, 0.5, 0.5, 0.5, 0.5, 0.5, 0.5, 0.5, 0.5, 0.5, 0.5, 0.5, 0.5, 0.5, 0.5, 0.5, 0.5, 0.5, 0.5, 0.5, 0.5, 0.5, 0.5, 0.5, 0.5, 0.5, 0.5, 0.5, 0.5, 0.5, 0.5, 0.5, 0.5, 0.5, 0.5, 0.5, 0.5, 0.5, 0.5, 0.5, 0.5, 0.5, 0.5, 0.5, 0.5, 0.5, 0.5, 0.5, 0.5, 0.5, 0.5, 0.5, 0.5, 0.5, 0.5, 0.5, 0.5, 0.5, 0.5, 0.5, 0.5, 0.5, 0.5, 0.5, 0.5, 0.5, 0.5, 0.5, 0.5, 0.5, 0.5, 0.5, 0.5, 0.5, 0.5, 0.5, 0.5, 0.5, 0.5, 0.5, 0.5, 0.5, 0.5, 0.5, 0.5, 0.5, 0.5, 0.5, 0.5, 0.5, 0.5, 0.5, 0.5, 0.5, 0.5, 0.5, 0.5, 0.5, 0.5, 0.5, 0.5, 0.5, 0.5, 0.5, 0.5, 0.5, 0.5, 0.5, 0.5, 0.5, 0.5, 0.5, 0.5, 0.5, 0.5, 0.5, 0.5, 0.5, 0.5, 0.5, 0.5, 0.5, 0.5, 0.5, 0.5, 0.5, 0.5, 0.5, 0.5, 0.5, 0.5, 0.5, 0.5, 0.5, 0.5, 0.5, 0.5, 0.5, 0.5, 0.5, 0.5, 0.5, 0.5, 0.5, 0.5, 0.5, 0.5, 0.5, 0.5, 0.5, 0.5, 0.5, 0.5, 0.5, 0.5, 0.5, 0.5, 0.5, 0.5, 0.5, 0.5, 0.5, 0.5, 0.5, 0.5, 0.5, 0.5, 0.5, 0.5, 0.5, 0.5, 0.5, 0.5, 0.5, 0.5, 0.5, 0.5, 0.5, 0.5, 0.5, 0.5, 0.5, 0.5, 0.5, 0.5, 0.5, 0.5, 0.5, 0.5, 0.5, 0.5, 0.5, 0.5, 0.5, 0.5, 0.5, 0.5, 0.5, 0.5, 0.5, 0.5, 0.5, 0.5, 0.5, 0.5, 0.5, 0.5, 0.5, 0.5, 0.5, 0.5, 0.5, 0.5, 0.5, 0.5, 0.5, 0.5, 0.5, 0.5, 0.5, 0.5, 0.5, 0.5, 0.5, 0.5, 0.5, 0.5, 0.5, 0.5, 0.5, 0.5, 0.5, 0.5, 0.5, 0.5, 0.5, 0.5, 0.5, 0.5, 0.5, 0.5, 0.5, 0.5, 0.5, 0.5, 0.5, 0.5, 0.5, 0.5, 0.5, 0.5, 0.5, 0.5, 0.5, 0.5, 0.5, 0.5, 0.5, 0.5, 0.5, 0.5, 0.5, 0.5, 0.5, 0.5, 0.5, 0.5, 0.5, 0.5, 0.5, 0.5, 0.5, 0.5, 0.5, 0.5, 0.5, 0.5, 0.5, 0.5, 0.5, 0.5, 0.5, 0.5, 0.5, 0.5, 0.5, 0.5, 0.5, 0.5, 0.5, 0.5, 0.5, 0.5, 0.5, 0.5, 0.5, 0.5, 0.5, 0.5, 0.5, 0.5, 0.5, 0.5, 0.5, 0.5, 0.5, 0.5, 0.5, 0.5, 0.5, 0.5, 0.5, 0.5, 0.5, 0.5, 0.5, 0.5, 0.5, 0.5, 0.5, 0.5, 0.5, 0.5, 0.5, 0.5, 0.5, 0.5, 0.5, 0.5, 0.5, 0.5, 0.5, 0.5, 0.5, 0.5, 0.5, 0.5, 0.5, 0.5, 0.5, 0.5, 0.5, 0.5, 0.5, 0.5, 0.5, 0.5, 0.5, 0.5, 0.5, 0.5, 0.5, 0.5, 0.5, 0.5, 0.5, 0.5, 0.5, 0.5, 0.5, 0.5, 0.5, 0.5, 0.5, 0.5, 0.5, 0.5, 0.5, 0.5, 0.5, 0.5, 0.5, 0.5, 0.5, 0.5, 0.5, 0.5, 0.5, 0.5, 0.5, 0.5, 0.5, 0.5, 0.5, 0.5, 0.5, 0.5, 0.5, 0.5, 0.5, 0.5, 0.5, 0.5, 0.5, 0.5, 0.5, 0.5, 0.5, 0.5, 0.5, 0.5, 0.5, 0.5, 0.5, 0.5, 0.5, 0.5, 0.5, 0.5, 0.5, 0.5, 0.5, 0.5, 0.5, 0.5, 0.5, 0.5, 0.5, 0.5, 0.5, 0.5, 0.5, 0.5, 0.5, 0.5, 0.5, 0.5, 0.5, 0.5, 0.5, 0.5, 0.5, 0.5, 0.5, 0.5, 0.5, 0.5, 0.5, 0.5, 0.5, 0.5, 0.5, 0.5, 0.5, 0.5, 0.5, 0.5, 0.5, 0.5, 0.5, 0.5, 0.5, 0.5, 0.5, 0.5, 0.5, 0.5, 0.5, 0.5, 0.5, 0.5, 0.5, 0.5, 0.5, 0.5, 0.5, 0.5, 0.5, 0.5, 0.5, 0.5, 0.5, 0.5, 0.5, 0.5, 0.5, 0.5, 0.5, 0.5, 0.5, 0.5, 0.5, 0.5, 0.5, 0.5, 0.5, 0.5, 0.5, 0.5, 0.5, 0.5, 0.5, 0.5, 0.5, 0.5, 0.5, 0.5, 0.5, 0.5, 0.5, 0.5, 0.5, 0.5, 0.5, 0.5, 0.5, 0.5, 0.5, 0.5, 0.5, 0.5, 0.5, 0.5, 0.5, 0.5, 0.5, 0.5, 0.5, 0.5, 0.5, 0.5, 0.5, 0.5, 0.5, 0.5, 0.5, 0.5, 0.5, 0.5, 0.5, 0.5, 0.5, 0.5, 0.5, 0.5, 0.5, 0.5, 0.5, 0.5, 0.5, 0.5, 0.5, 0.5, 0.5, 0.5, 0.5, 0.5, 0.5, 0.5, 0.5, 0.5, 0.5, 0.5, 0.5, 0.5, 0.5, 0.5, 0.5, 0.5, 0.5, 0.5, 0.5, 0.5, 0.5, 0.5, 0.5, 0.5, 0.5, 0.5, 0.5, 0.5, 0.5, 0.5, 0.5, 0.5, 0.5, 0.5, 0.5, 0.5, 0.5, 0.5, 0.5, 0.5, 0.5, 0.5, 0.5, 0.5, 0.5, 0.5, 0.5, 0.5, 0.5, 0.5, 0.5, 0.5, 0.5, 0.5, 0.5, 0.5, 0.5, 0.5, 0.5, 0.5, 0.5, 0.5, 0.5, 0.5, 0.5, 0.5, 0.5, 0.5, 0.5, 0.5, 0.5, 0.5, 0.5, 0.5, 0.5, 0.5, 0.5, 0.5, 0.5, 0.5, 0.5, 0.5, 0.5, 0.5, 0.5, 0.5, 0.5, 0.5, 0.5, 0.5, 0.5, 0.5, 0.5, 0.5, 0.5, 0.5, 0.5, 0.5, 0.5, 0.5, 0.5, 0.5, 0.5, 0.5, 0.5, 0.5, 0.5, 0.5, 0.5, 0.5, 0.5, 0.5, 0.5, 0.5, 0.5, 0.5, 0.5, 0.5, 0.5, 0.5, 0.5, 0.5, 0.5, 0.5, 0.5, 0.5, 0.5, 0.5, 0.5, 0.5, 0.5, 0.5, 0.5, 0.5, 0.5, 0.5, 0.5, 0.5, 0.5, 0.5, 0.5, 0.5, 0.5, 0.5, 0.5, 0.5, 0.5, 0.5, 0.5, 0.5, 0.5, 0.5, 0.5, 0.5, 0.5, 0.5, 0.5, 0.5, 0.5, 0.5, 0.5, 0.5, 0.5, 0.5, 0.5, 0.5, 0.5, 0.5, 0.5, 0.5, 0.5, 0.5, 0.5, 0.5, 0.5, 0.5, 0.5, 0.5, 0.5, 0.5, 0.5, 0.5, 0.5, 0.5, 0.5, 0.5, 0.5, 0.5, 0.5, 0.5, 0.5, 0.5, 0.5, 0.5, 0.5, 0.5, 0.5, 0.5, 0.5, 0.5, 0.5, 0.5, 0.5, 0.5, 0.5, 0.5, 0.5, 0.5, 0.5, 0.5, 0.5, 0.5, 0.5, 0.5, 0.5, 0.5, 0.5, 0.5, 0.5, 0.5, 0.5, 0.5, 0.5, 0.5, 0.5, 0.5, 0.5, 0.5, 0.5, 0.5, 0.5, 0.5, 0.5, 0.5, 0.5, 0.5, 0.5, 0.5, 0.5, 0.5, 0.5, 0.5, 0.5, 0.5, 0.5, 0.5, 0.5, 0.5, 0.5, 0.5, 0.5, 0.5, 0.5, 0.5, 0.5, 0.5, 0.5, 0.5, 0.5, 0.5, 0.5, 0.5, 0.5, 0.5, 0.5, 0.5, 0.5, 0.5, 0.5, 0.5, 0.5, 0.5, 0.5, 0.5, 0.5, 0.5, 0.5, 0.5, 0.5, 0.5, 0.5, 0.5, 0.5, 0.5, 0.5, 0.5, 0.5, 0.5, 0.5, 0.5, 0.5, 0.5, 0.5, 0.5, 0.5, 0.5, 0.5, 0.5, 0.5, 0.5, 0.5, 0.5, 0.5, 0.5, 0.5, 0.5, 0.5, 0.5, 0.5, 0.5, 0.5, 0.5, 0.5, 0.5, 0.5, 0.5, 0.5, 0.5, 0.5, 0.5, 0.5, 0.5, 0.5, 0.5, 0.5, 0.5, 0.5, 0.5, 0.5, 0.5, 0.5, 0.5, 0.5, 0.5, 0.5, 0.5, 0.5, 0.5, 0.5, 0.5, 0.5, 0.5, 0.5, 0.5, 0.5, 0.5, 0.5, 0.5, 0.5, 0.5, 0.5, 0.5, 0.5, 0.5, 0.5, 0.5, 0.5, 0.5, 0.5, 0.5, 0.5, 0.5, 0.5, 0.5, 0.5, 0.5, 0.5, 0.5, 0.5, 0.5, 0.5, 0.5, 0.5, 0.5, 0.5, 0.5, 0.5, 0.5, 0.5, 0.5, 0.5, 0.5, 0.5, 0.5, 0.5, 0.5, 0.5, 0.5, 0.5, 0.5, 0.5, 0.5, 0.5, 0.5, 0.5, 0.5, 0.5, 0.5, 0.5, 0.5, 0.5, 0.5, 0.5, 0.5, 0.5, 0.5, 0.5, 0.5, 0.5, 0.5, 0.5, 0.5, 0.5, 0.5, 0.5, 0.5, 0.5, 0.5, 0.5, 0.5, 0.5, 0.5, 0.5, 0.5, 0.5, 0.5, 0.5, 0.5, 0.5, 0.5, 0.5, 0.5, 0.5, 0.5, 0.5, 0.5, 0.5, 0.5, 0.5, 0.5, 0.5, 0.5, 0.5, 0.5, 0.5, 0.5, 0.5, 0.5, 0.5, 0.5, 0.5, 0.5, 0.5, 0.5, 0.5, 0.5, 0.5, 0.5, 0.5, 0.5, 0.5, 0.5, 0.5, 0.5, 0.5, 0.5, 0.5, 0.5, 0.5, 0.5, 0.5, 0.5, 0.5, 0.5, 0.5, 0.5, 0.5, 0.5, 0.5, 0.5, 0.5, 0.5, 0.5, 0.5, 0.5, 0.5, 0.5, 0.5, 0.5, 0.5, 0.5, 0.5, 0.5, 0.5, 0.5, 0.5, 0.5, 0.5, 0.5, 0.5, 0.5, 0.5, 0.5, 0.5, 0.5, 0.5, 0.5, 0.5, 0.5, 0.5, 0.5, 0.5, 0.5, 0.5, 0.5, 0.5, 0.5, 0.5, 0.5, 0.5, 0.5, 0.5, 0.5, 0.5, 0.5, 0.5, 0.5, 0.5, 0.5, 0.5, 0.5, 0.5, 0.5, 0.5, 0.5, 0.5, 0.5, 0.5, 0.5, 0.5, 0.5, 0.5, 0.5, 0.5, 0.5, 0.5, 0.5, 0.5, 0.5, 0.5, 0.5, 0.5, 0.5, 0.5, 0.5, 0.5, 0.5, 0.5, 0.5, 0.5, 0.5, 0.5, 0.5, 0.5, 0.5, 0.5, 0.5, 0.5, 0.5, 0.5, 0.5, 0.5, 0.5, 0.5, 0.5, 0.5, 0.5, 0.5, 0.5, 0.5, 0.5, 0.5, 0.5, 0.5, 0.5, 0.5, 0.5, 0.5, 0.5, 0.5, 0.5, 0.5, 0.5, 0.5, 0.5, 0.5, 0.5, 0.5, 0.5, 0.5, 0.5, 0.5, 0.5, 0.5, 0.5, 0.5, 0.5, 0.5, 0.5, 0.5, 0.5, 0.5, 0.5, 0.5, 0.5, 0.5, 0.5, 0.5, 0.5, 0.5, 0.5, 0.5, 0.5, 0.5, 0.5, 0.5, 0.5, 0.5, 0.5, 0.5, 0.5, 0.5, 0.5, 0.5, 0.5, 0.5, 0.5, 0.5, 0.5, 0.5, 0.5, 0.5, 0.5, 0.5, 0.5, 0.5, 0.5, 0.5, 0.5, 0.5, 0.5, 0.5, 0.5, 0.5, 0.5, 0.5, 0.5, 0.5, 0.5, 0.5, 0.5, 0.5, 0.5, 0.5, 0.5, 0.5, 0.5, 0.5, 0.5, 0.5, 0.5, 0.5, 0.5, 0.5, 0.5, 0.5, 0.5, 0.5, 0.5, 0.5, 0.5, 0.5, 0.5, 0.5, 0.5, 0.5, 0.5, 0.5, 0.5, 0.5, 0.5, 0.5, 0.5, 0.5, 0.5, 0.5, 0.5, 0.5, 0.5, 0.5, 0.5, 0.5, 0.5, 0.5, 0.5, 0.5, 0.5, 0.5, 0.5, 0.5, 0.5, 0.5, 0.5, 0.5, 0.5, 0.5, 0.5, 0.5, 0.5, 0.5, 0.5, 0.5, 0.5, 0.5, 0.5, 0.5, 0.5, 0.5, 0.5, 0.5, 0.5, 0.5, 0.5, 0.5, 0.5, 0.5, 0.5, 0.5, 0.5, 0.5, 0.5, 0.5, 0.5, 0.5, 0.5, 0.5, 0.5, 0.5, 0.5, 0.5, 0.5, 0.5, 0.5, 0.5, 0.5, 0.5, 0.5, 0.5, 0.5, 0.5, 0.5, 0.5, 0.5, 0.5, 0.5, 0.5, 0.5, 0.5, 0.5, 0.5, 0.5, 0.5, 0.5, 0.5, 0.5, 0.5, 0.5, 0.5, 0.5, 0.5, 0.5, 0.5, 0.5, 0.5, 0.5, 0.5, 0.5, 0.5, 0.5, 0.5, 0.5, 0.5, 0.5, 0.5, 0.5, 0.5, 0.5, 0.5, 0.5, 0.5, 0.5, 0.5, 0.5, 0.5, 0.5, 0.5, 0.5, 0.5, 0.5, 0.5, 0.5, 0.5, 0.5, 0.5, 0.5, 0.5, 0.5, 0.5, 0.5, 0.5, 0.5, 0.5, 0.5, 0.5, 0.5, 0.5, 0.5, 0.5, 0.5, 0.5, 0.5, 0.5, 0.5, 0.5, 0.5, 0.5, 0.5, 0.5, 0.5, 0.5, 0.5, 0.5, 0.5, 0.5, 0.5, 0.5, 0.5, 0.5, 0.5, 0.5, 0.5, 0.5, 0.5, 0.5, 0.5, 0.5, 0.5, 0.5, 0.5, 0.5, 0.5, 0.5, 0.5, 0.5, 0.5, 0.5, 0.5, 0.5, 0.5, 0.5, 0.5, 0.5, 0.5, 0.5, 0.5, 0.5, 0.5, 0.5, 0.5, 0.5, 0.5, 0.5, 0.5, 0.5, 0.5, 0.5, 0.5, 0.5, 0.5, 0.5, 0.5, 0.5, 0.5, 0.5, 0.5, 0.5, 0.5, 0.5, 0.5, 0.5, 0.5, 0.5, 0.5, 0.5, 0.5, 0.5, 0.5, 0.5, 0.5, 0.5, 0.5, 0.5, 0.5, 0.5, 0.5, 0.5, 0.5, 0.5, 0.5, 0.5, 0.5, 0.5, 0.5, 0.5, 0.5, 0.5, 0.5, 0.5, 0.5, 0.5, 0.5, 0.5, 0.5, 0.5, 0.5, 0.5, 0.5, 0.5, 0.5, 0.5, 0.5, 0.5, 0.5, 0.5, 0.5, 0.5, 0.5, 0.5, 0.5, 0.5, 0.5, 0.5, 0.5, 0.5, 0.5, 0.5, 0.5, 0.5, 0.5, 0.5, 0.5, 0.5, 0.5, 0.5, 0.5, 0.5, 0.5, 0.5, 0.5, 0.5, 0.5, 0.5, 0.5, 0.5, 0.5, 0.5, 0.5, 0.5, 0.5, 0.5, 0.5, 0.5, 0.5, 0.5, 0.5, 0.5, 0.5, 0.5, 0.5, 0.5, 0.5, 0.5, 0.5, 0.5, 0.5, 0.5, 0.5, 0.5, 0.5, 0.5, 0.5, 0.5, 0.5, 0.5, 0.5, 0.5, 0.5, 0.5, 0.5, 0.5, 0.5, 0.5, 0.5, 0.5, 0.5, 0.5, 0.5, 0.5, 0.5, 0.5, 0.5, 0.5, 0.5, 0.5, 0.5, 0.5, 0.5, 0.5, 0.5, 0.5, 0.5, 0.5, 0.5, 0.5, 0.5, 0.5, 0.5, 0.5, 0.5, 0.5, 0.5, 0.5, 0.5, 0.5, 0.5, 0.5, 0.5, 0.5, 0.5, 0.5, 0.5, 0.5, 0.5, 0.5, 0.5, 0.5, 0.5, 0.5, 0.5, 0.5, 0.5, 0.5, 0.5, 0.5, 0.5, 0.5, 0.5, 0.5, 0.5, 0.5, 0.5, 0.5, 0.5, 0.5, 0.5, 0.5, 0.5, 0.5, 0.5, 0.5, 0.5, 0.5, 0.5, 0.5, 0.5, 0.5, 0.5, 0.5, 0.5, 0.5, 0.5, 0.5, 0.5, 0.5, 0.5, 0.5, 0.5, 0.5, 0.5, 0.5, 0.5, 0.5, 0.5, 0.5, 0.5, 0.5, 0.5, 0.5, 0.5, 0.5, 0.5, 0.5, 0.5, 0.5, 0.5, 0.5, 0.5, 0.5, 0.5, 0.5, 0.5, 0.5, 0.5, 0.5, 0.5, 0.5, 0.5, 0.5, 0.5, 0.5, 0.5, 0.5, 0.5, 0.5, 0.5, 0.5, 0.5, 0.5, 0.5, 0.5, 0.5, 0.5, 0.5, 0.5, 0.5, 0.5, 0.5, 0.5, 0.5, 0.5, 0.5, 0.5, 0.5, 0.5, 0.5, 0.5, 0.5, 0.5, 0.5, 0.5, 0.5, 0.5, 0.5, 0.5, 0.5, 0.5, 0.5, 0.5, 0.5, 0.5, 0.5, 0.5, 0.5, 0.5, 0.5, 0.5, 0.5, 0.5, 0.5, 0.5, 0.5, 0.5, 0.5, 0.5, 0.5, 0.5, 0.5, 0.5, 0.5, 0.5, 0.5, 0.5, 0.5, 0.5, 0.5, 0.5, 0.5, 0.5, 0.5, 0.5, 0.5, 0.5, 0.5, 0.5, 0.5, 0.5, 0.5, 0.5, 0.5, 0.5, 0.5, 0.5, 0.5, 0.5, 0.5, 0.5, 0.5, 0.5, 0.5, 0.5, 0.5, 0.5, 0.5, 0.5, 0.5, 0.5, 0.5, 0.5, 0.5, 0.5, 0.5, 0.5, 0.5, 0.5, 0.5, 0.5, 0.5, 0.5, 0.5, 0.5, 0.5, 0.5, 0.5, 0.5, 0.5, 0.5, 0.5, 0.5, 0.5, 0.5, 0.5, 0.5, 0.5, 0.5, 0.5, 0.5, 0.5, 0.5, 0.5, 0.5, 0.5, 0.5, 0.5, 0.5, 0.5, 0.5, 0.5, 0.5, 0.5, 0.5, 0.5, 0.5, 0.5, 0.5, 0.5, 0.5, 0.5, 0.5, 0.5, 0.5, 0.5, 0.5, 0.5, 0.5, 0.5, 0.5, 0.5, 0.5, 0.5, 0.5, 0.5, 0.5, 0.5, 0.5, 0.5, 0.5, 0.5, 0.5, 0.5, 0.5, 0.5, 0.5, 0.5, 0.5, 0.5, 0.5, 0.5, 0.5, 0.5, 0.5, 0.5, 0.5, 0.5, 0.5, 0.5, 0.5, 0.5, 0.5, 0.5, 0.5, 0.5, 0.5, 0.5, 0.5, 0.5, 0.5, 0.5, 0.5, 0.5, 0.5, 0.5, 0.5, 0.5, 0.5, 0.5, 0.5, 0.5, 0.5, 0.5, 0.5, 0.5, 0.5, 0.5, 0.5, 0.5, 0.5, 0.5, 0.5, 0.5, 0.5, 0.5, 0.5, 0.5, 0.5, 0.5, 0.5, 0.5, 0.5, 0.5, 0.5, 0.5, 0.5, 0.5, 0.5, 0.5, 0.5, 0.5, 0.5, 0.5, 0.5, 0.5, 0.5, 0.5, 0.5, 0.5, 0.5, 0.5, 0.5, 0.5, 0.5, 0.5, 0.5, 0.5, 0.5, 0.5, 0.5, 0.5, 0.5, 0.5, 0.5, 0.5, 0.5, 0.5, 0.5, 0.5, 0.5, 0.5, 0.5, 0.5, 0.5, 0.5, 0.5, 0.5, 0.5, 0.5, 0.5, 0.5, 0.5, 0.5, 0.5, 0.5, 0.5, 0.5, 0.5, 0.5, 0.5, 0.5, 0.5, 0.5, 0.5, 0.5, 0.5, 0.5, 0.5, 0.5, 0.5, 0.5, 0.5, 0.5, 0.5, 0.5, 0.5, 0.5, 0.5, 0.5, 0.5, 0.5, 0.5, 0.5, 0.5, 0.5, 0.5, 0.5, 0.5, 0.5, 0.5, 0.5, 0.5, 0.5, 0.5, 0.5, 0.5, 0.5, 0.5, 0.5, 0.5, 0.5, 0.5, 0.5, 0.5, 0.5, 0.5, 0.5, 0.5, 0.5, 0.5, 0.5, 0.5, 0.5, 0.5, 0.5, 0.5, 0.5, 0.5, 0.5, 0.5, 0.5, 0.5, 0.5, 0.5, 0.5, 0.5, 0.5, 0.5, 0.5, 0.5, 0.5, 0.5, 0.5, 0.5, 0.5, 0.5, 0.5, 0.5, 0.5, 0.5, 0.5, 0.5, 0.5, 0.5, 0.5, 0.5, 0.5, 0.5, 0.5, 0.5, 0.5, 0.5, 0.5, 0.5, 0.5, 0.5, 0.5, 0.5, 0.5, 0.5, 0.5, 0.5, 0.5, 0.5, 0.5, 0.5, 0.5, 0.5, 0.5, 0.5, 0.5, 0.5, 0.5, 0.5, 0.5, 0.5, 0.5, 0.5, 0.5, 0.5, 0.5, 0.5, 0.5, 0.5, 0.5, 0.5, 0.5, 0.5, 0.5, 0.5, 0.5, 0.5, 0.5, 0.5, 0.5, 0.5, 0.5, 0.5, 0.5, 0.5, 0.5, 0.5, 0.5, 0.5, 0.5, 0.5, 0.5, 0.5, 0.5, 0.5, 0.5, 0.5, 0.5, 0.5, 0.5, 0.5, 0.5, 0.5, 0.5, 0.5, 0.5, 0.5, 0.5, 0.5, 0.5, 0.5, 0.5, 0.5, 0.5, 0.5, 0.5, 0.5, 0.5, 0.5, 0.5, 0.5, 0.5, 0.5, 0.5, 0.5, 0.5, 0.5, 0.5, 0.5, 0.5, 0.5, 0.5, 0.5, 0.5, 0.5, 0.5, 0.5, 0.5, 0.5, 0.5, 0.5, 0.5, 0.5, 0.5, 0.5, 0.5, 0.5, 0.5, 0.5, 0.5, 0.5, 0.5, 0.5, 0.5, 0.5, 0.5, 0.5, 0.5, 0.5, 0.5, 0.5, 0.5, 0.5, 0.5, 0.5, 0.5, 0.5, 0.5, 0.5, 0.5, 0.5, 0.5, 0.5, 0.5, 0.5, 0.5, 0.5, 0.5, 0.5, 0.5, 0.5, 0.5, 0.5, 0.5, 0.5, 0.5, 0.5, 0.5, 0.5, 0.5, 0.5, 0.5, 0.5, 0.5, 0.5, 0.5, 0.5, 0.5, 0.5, 0.5, 0.5, 0.5, 0.5, 0.5, 0.5, 0.5, 0.5, 0.5, 0.5, 0.5, 0.5, 0.5, 0.5, 0.5, 0.5, 0.5, 0.5, 0.5, 0.5, 0.5, 0.5, 0.5, 0.5, 0.5, 0.5, 0.5, 0.5, 0.5, 0.5, 0.5, 0.5, 0.5, 0.5, 0.5, 0.5, 0.5, 0.5, 0.5, 0.5, 0.5, 0.5, 0.5, 0.5, 0.5, 0.5, 0.5, 0.5, 0.5, 0.5, 0.5, 0.5, 0.5, 0.5, 0.5, 0.5, 0.5, 0.5, 0.5, 0.5, 0.5, 0.5, 0.5, 0.5, 0.5, 0.5, 0.5, 0.5, 0.5, 0.5, 0.5, 0.5, 0.5, 0.5, 0.5, 0.5, 0.5, 0.5, 0.5, 0.5, 0.5, 0.5, 0.5, 0.5, 0.5, 0.5, 0.5, 0.5, 0.5, 0.5, 0.5, 0.5, 0.5, 0.5, 0.5, 0.5, 0.5, 0.5, 0.5, 0.5, 0.5, 0.5, 0.5, 0.5, 0.5, 0.5, 0.5, 0.5, 0.5, 0.5, 0.5, 0.5, 0.5, 0.5, 0.5, 0.5, 0.5, 0.5, 0.5, 0.5, 0.5, 0.5, 0.5, 0.5, 0.5, 0.5, 0.5, 0.5, 0.5, 0.5, 0.5, 0.5, 0.5, 0.5, 0.5, 0.5, 0.5, 0.5, 0.5, 0.5, 0.5, 0.5, 0.5, 0.5, 0.5, 0.5, 0.5, 0.5, 0.5, 0.5, 0.5, 0.5, 0.5, 0.5, 0.5, 0.5, 0.5, 0.5, 0.5, 0.5, 0.5, 0.5, 0.5, 0.5, 0.5, 0.5, 0.5, 0.5, 0.5, 0.5, 0.5, 0.5, 0.5, 0.5, 0.5, 0.5, 0.5, 0.5, 0.5, 0.5, 0.5, 0.5, 0.5, 0.5, 0.5, 0.5, 0.5, 0.5, 0.5, 0.5, 0.5, 0.5, 0.5, 0.5, 0.5, 0.5, 0.5, 0.5, 0.5, 0.5, 0.5, 0.5, 0.5, 0.5, 0.5, 0.5, 0.5, 0.5, 0.5, 0.5, 0.5, 0.5, 0.5, 0.5, 0.5, 0.5, 0.5, 0.5, 0.5, 0.5, 0.5, 0.5, 0.5, 0.5, 0.5, 0.5, 0.5, 0.5, 0.5, 0.5, 0.5, 0.5, 0.5, 0.5, 0.5, 0.5, 0.5, 0.5, 0.5, 0.5, 0.5, 0.5, 0.5, 0.5, 0.5, 0.5, 0.5, 0.5, 0.5, 0.5, 0.5, 0.5, 0.5, 0.5, 0.5, 0.5, 0.5, 0.5, 0.5, 0.5, 0.5, 0.5, 0.5, 0.5, 0.5, 0.5, 0.5, 0.5, 0.5, 0.5, 0.5, 0.5, 0.5, 0.5, 0.5, 0.5, 0.5, 0.5, 0.5, 0.5, 0.5, 0.5, 0.5, 0.5, 0.5, 0.5, 0.5, 0.5, 0.5, 0.5, 0.5, 0.5, 0.5, 0.5, 0.5, 0.5, 0.5, 0.5, 0.5, 0.5, 0.5, 0.5, 0.5, 0.5, 0.5, 0.5, 0.5, 0.5, 0.5, 0.5, 0.5, 0.5, 0.5, 0.5, 0.5, 0.5, 0.5, 0.5, 0.5, 0.5, 0.5, 0.5, 0.5, 0.5, 0.5, 0.5, 0.5, 0.5, 0.5, 0.5, 0.5, 0.5, 0.5, 0.5, 0.5, 0.5, 0.5, 0.5, 0.5, 0.5, 0.5, 0.5, 0.5, 0.5, 0.5, 0.5, 0.5, 0.5, 0.5, 0.5, 0.5, 0.5, 0.5, 0.5, 0.5, 0.5, 0.5, 0.5, 0.5, 0.5, 0.5, 0.5, 0.5, 0.5, 0.5, 0.5, 0.5, 0.5, 0.5, 0.5, 0.5, 0.5, 0.5, 0.5, 0.5, 0.5, 0.5, 0.5, 0.5, 0.5, 0.5, 0.5, 0.5, 0.5, 0.5, 0.5, 0.5, 0.5, 0.5, 0.5, 0.5, 0.5, 0.5, 0.5, 0.5, 0.5, 0.5, 0.5, 0.5, 0.5, 0.5, 0.5, 0.5, 0.5, 0.5, 0.5, 0.5, 0.5, 0.5, 0.5, 0.5, 0.5, 0.5, 0.5, 0.5, 0.5, 0.5, 0.5, 0.5, 0.5, 0.5, 0.5, 0.5, 0.5, 0.5, 0.5, 0.5, 0.5, 0.5, 0.5, 0.5, 0.5, 0.5, 0.5, 0.5, 0.5, 0.5, 0.5, 0.5, 0.5, 0.5, 0.5, 0.5, 0.5, 0.5, 0.5, 0.5, 0.5, 0.5, 0.5, 0.5, 0.5, 0.5, 0.5, 0.5, 0.5, 0.5, 0.5, 0.5, 0.5, 0.5, 0.5, 0.5, 0.5, 0.5, 0.5, 0.5, 0.5, 0.5, 0.5, 0.5, 0.5, 0.5, 0.5, 0.5, 0.5, 0.5, 0.5, 0.5, 0.5, 0.5, 0.5, 0.5, 0.5, 0.5, 0.5, 0.5, 0.5, 0.5, 0.5, 0.5, 0.5, 0.5, 0.5, 0.5, 0.5, 0.5, 0.5, 0.5, 0.5, 0.5, 0.5, 0.5, 0.5, 0.5, 0.5, 0.5, 0.5, 0.5, 0.5, 0.5, 0.5, 0.5, 0.5, 0.5, 0.5, 0.5, 0.5, 0.5, 0.5, 0.5, 0.5, 0.5, 0.5, 0.5, 0.5, 0.5, 0.5, 0.5, 0.5, 0.5, 0.5, 0.5, 0.5, 0.5, 0.5, 0.5, 0.5, 0.5, 0.5, 0.5, 0.5, 0.5, 0.5, 0.5, 0.5, 0.5, 0.5, 0.5, 0.5, 0.5, 0.5, 0.5, 0.5, 0.5, 0.5, 0.5, 0.5, 0.5, 0.5, 0.5, 0.5, 0.5, 0.5, 0.5, 0.5, 0.5, 0.5, 0.5, 0.5, 0.5, 0.5, 0.5, 0.5, 0.5, 0.5, 0.5, 0.5, 0.5, 0.5, 0.5, 0.5, 0.5, 0.5, 0.5, 0.5, 0.5, 0.5, 0.5, 0.5, 0.5, 0.5, 0.5, 0.5, 0.5, 0.5, 0.5, 0.5, 0.5, 0.5, 0.5, 0.5, 0.5, 0.5, 0.5, 0.5, 0.5, 0.5, 0.5, 0.5, 0.5, 0.5, 0.5, 0.5, 0.5, 0.5, 0.5, 0.5, 0.5, 0.5, 0.5, 0.5, 0.5, 0.5, 0.5, 0.5, 0.5, 0.5, 0.5, 0.5, 0.5, 0.5, 0.5, 0.5, 0.5, 0.5, 0.5, 0.5, 0.5, 0.5, 0.5, 0.5, 0.5, 0.5, 0.5, 0.5, 0.5, 0.5, 0.5, 0.5, 0.5, 0.5, 0.5, 0.5, 0.5, 0.5, 0.5, 0.5, 0.5, 0.5, 0.5, 0.5, 0.5, 0.5, 0.5, 0.5, 0.5, 0.5, 0.5, 0.5, 0.5, 0.5, 0.5, 0.5, 0.5, 0.5, 0.5, 0.5, 0.5, 0.5, 0.5, 0.5, 0.5, 0.5, 0.5, 0.5, 0.5, 0.5, 0.5, 0.5, 0.5, 0.5, 0.5, 0.5, 0.5, 0.5, 0.5, 0.5, 0.5, 0.5, 0.5, 0.5, 0.5, 0.5, 0.5, 0.5, 0.5, 0.5, 0.5, 0.5, 0.5, 0.5, 0.5, 0.5, 0.5, 0.5, 0.5, 0.5, 0.5, 0.5, 0.5, 0.5, 0.5, 0.5, 0.5, 0.5, 0.5, 0.5, 0.5, 0.5, 0.5, 0.5, 0.5, 0.5, 0.5, 0.5, 0.5, 0.5, 0.5, 0.5, 0.5, 0.5, 0.5, 0.5, 0.5, 0.5, 0.5, 0.5, 0.5, 0.5, 0.5, 0.5, 0.5, 0.5, 0.5, 0.5, 0.5, 0.5, 0.5, 0.5, 0.5, 0.5, 0.5, 0.5, 0.5, 0.5, 0.5, 0.5, 0.5, 0.5, 0.5, 0.5, 0.5, 0.5, 0.5, 0.5, 0.5, 0.5, 0.5, 0.5, 0.5, 0.5, 0.5, 0.5, 0.5, 0.5, 0.5, 0.5, 0.5, 0.5, 0.5, 0.5, 0.5, 0.5, 0.5, 0.5, 0.5, 0.5, 0.5, 0.5, 0.5, 0.5, 0.5, 0.5, 0.5, 0.5, 0.5, 0.5, 0.5, 0.5, 0.5, 0.5, 0.5, 0.5, 0.5, 0.5, 0.5, 0.5, 0.5, 0.5, 0.5, 0.5, 0.5, 0.5, 0.5, 0.5, 0.5, 0.5, 0.5, 0.5, 0.5, 0.5, 0.5, 0.5, 0.5, 0.5, 0.5, 0.5, 0.5, 0.5, 0.5, 0.5, 0.5, 0.5, 0.5, 0.5, 0.5, 0.5, 0.5, 0.5, 0.5, 0.5, 0.5, 0.5, 0.5, 0.5, 0.5, 0.5, 0.5, 0.5, 0.5, 0.5, 0.5, 0.5, 0.5, 0.5, 0.5, 0.5, 0.5, 0.5, 0.5, 0.5, 0.5, 0.5, 0.5, 0.5, 0.5, 0.5, 0.5, 0.5, 0.5]",0
2026_11_KICE_18-21_3,['2(3)'],"1번: 선생님의 설명과｢수궁가｣ 지문에 대한 감상 내용이 적절하지 않습니다. ""(선생님: ｢수궁가｣는 우화에서 판소리 사설로 발전한 작품입니다. 동물들이 인물로 등장하는 우화 속 세상에 청중의 현실 속 다양한 요소를 중첩하는 방식으로 이야기의 변모가 이루어졌어요. 이로써 부정적 면모를 지닌 다양한 인간에 대한 비판을 드러내거나, 현실감을 부여하여 인물이 처한 상황을 강조하거나, 현실이라면 불가능한 상황을 가능한 것으로 과장되게 표현하여 청중의 흥미를 높였어요.)""에서 '사냥개'에 대한 토끼의 평가가 명시되어 있지 않습니다.
2번: 선생님의 설명과｢수궁가｣ 지문에 대한 감상 내용이 적절합니다. ""(선생님: ｢수궁가｣는 우화에서 판소리 사설로 발전한 작품입니다. 동물들이 인물로 등장하는 우화 속 세상에 청중의 현실 속 다양한 요소를 중첩하는 방식으로 이야기의 변모가 이루어졌어요. 이로써 부정적 면모를 지닌 다양한 인간에 대한 비판을 드러내거나, 현실감을 부여하여 인물이 처한 상황을 강조하거나, 현실이라면 불가능한 상황을 가능한 것으로 과장되게 표현하여 청중의 흥미를 높였어요.)""에서 '동의보감'을 언급한 부분이 명시되어 있습니다.
3번: 선생님의 설명과｢수궁가｣ 지문에 대한 감상 내용이 적절합니다. ""(선생님: ｢수궁가｣는 우화에서 판소리 사설로 발전한 작품입니다. 동물들이 인물로 등장하는 우화 속 세상에 청중의 현실 속 다양한 요소를 중첩하는 방식으로 이야기의 변모가 이루어졌어요. 이로써 부정적 면모를 지닌 다양한 인간에 대한 비판을 드러내거나, 현실감을 부여하여 인물이 처한 상황을 강조하거나, 현실이라면 불가능한 상황을 가능한 것으로 과장되게 표현하여 청중의 흥미를 높였어요.)""에서 '포수'에 대한 호랑이의 태도가 명시되어 있습니다.
4번: 선생님의 설명과｢수궁가｣ 지문에 대한 감상 내용이 적절하지 않습니다. ""(선생님: ｢수궁가｣는 우화에서 판소리 사설로 발전한 작품입니다. 동물들이 인물로 등장하는 우화 속 세상에 청중의 현실 속 다양한 요소를 중첩하는 방식으로 이야기의 변모가 이루어졌어요. 이로써 부정적 면모를 지닌 다양한 인간에 대한 비판을 드러내거나, 현실감을 부여하여 인물이 처한 상황을 강조하거나, 현실이라면 불가능한 상황을 가능한 것으로 과장되게 표현하여 청중의 흥미를 높였어요.)""에서 '선영'을 언급한 부분이 명시되어 있지 않습니다.
5번: 선생님의 설명과｢수궁가｣ 지문에 대한 감상 내용이 적절합니다. ""(선생님: ｢수궁가｣는 우화에서 판소리 사설로 발전한 작품입니다. 동물들이 인물로 등장하는 우화 속 세상에 청중의 현실 속 다양한 요소를 중첩하는 방식으로 이야기의 변모가 이루어졌어요. 이로써 부정적 면모를 지닌 다양한 인간에 대한 비판을 드러내거나, 현실감을 부여하여 인물이 처한 상황을 강조하거나, 현실이라면 불가능한 상황을 가능한 것으로 과장되게 표현하여 청중의 흥미를 높였어요.)""에서 '해남'과 '압록강 가'를 언급한 부분이 명시되어 있습니다.

최종 정답: 1번","[16, 167, 110, 230, 25, 23821, 226, 254, 168, 225, 251, 46695, 246, 35975, 246, 23821, 226, 97, 167, 103, 227, 166, 111, 120, 171, 121, 95, 168, 230, 246, 166, 114, 223, 166, 108, 222, 171, 121, 96, 23821, 100, 222, 167, 105, 116, 168, 245, 238, 31619, 234, 222, 47991, 250, 220, 166, 108, 238, 168, 225, 223, 31619, 224, 112, 168, 248, 102, 35975, 112, 23821, 254, 223, 168, 254, 230, 47991, 246, 168, 100, 222, 23821, 243, 232, 168, 232, 113, 46695, 230, 46695, 97, 13, 30629, 168, 226, 254, 168, 225, 251, 46695, 246, 25, 27332, 121, 95, 168, 230, 246, 166, 114, 223, 166, 108, 222, 171, 121, 96, 167, 232, 242, 23821, 248, 108, 169, 247, 242, 168, 245, 238, 168, 226, 250, 220, 169, 234, 238, 168, 228, 234, 167, 99, 105, 23821, 8955, 168, 226, 97, 167, 94, 250, 31619, 108, 250, 168, 254, 226, 47991, 250, 23821, 252, 239, 169, 240, 230, 168, 252, 227, 46695, 230, 46695, 97, 13, 31619, 237, 247, 167, 45539, 167, 241, 97, 35975, 112, 23821, 251, 116, 167, 45539, 167, 94, 250, 31619, 241, 109, 168, 252, 98, 47991, 246, 167, 232, 242, 23821, 248, 108, 169, 247, 242, 23821, 228, 235, 23821, 226, 116, 168, 225, 223, 168, 245, 238, 23821, 110, 255, 168, 97, 239, 35975, 246, 220, 169, 246, 226, 168, 233, 97, 23821, 228, 235, 31619, 233, 97, 168, 244, 239, 47991, 250, 23821, 248, 242, 168, 228, 234, 167, 98, 120, 23821, 97, 239, 168, 110, 102, 47991, 246, 167, 232, 242, 31619, 108, 102, 168, 233, 251, 168, 250, 120, 167, 94, 250, 23821, 251, 112, 168, 243, 120, 166, 116, 108, 35975, 246, 31619, 111, 222, 167, 103, 101, 166, 108, 222, 23821, 251, 112, 167, 96, 101, 168, 244, 112, 168, 94, 234, 168, 244, 112, 168, 248, 242, 13, 23821, 251, 112, 167, 94, 250, 168, 235, 101, 31619, 114, 222, 168, 254, 243, 168, 254, 223, 31619, 102, 112, 167, 103, 101, 167, 98, 120, 23821, 100, 222, 46695, 234, 31619, 233, 97, 168, 244, 239, 47991, 250, 23821, 251, 116, 166, 108, 226, 168, 245, 238, 31619, 234, 222, 47991, 250, 31619, 117, 226, 169, 234, 238, 35975, 226, 31619, 241, 250, 167, 253, 105, 167, 224, 112, 166, 109, 108, 167, 224, 246, 11, 220, 169, 246, 226, 168, 233, 97, 166, 108, 238, 35975, 226, 31619, 114, 222, 168, 245, 105, 47991, 246, 168, 245, 105, 23821, 251, 116, 167, 45539, 35975, 112, 23821, 110, 246, 47991, 250, 23821, 225, 223, 169, 247, 102, 35975, 226, 220, 166, 108, 243, 168, 94, 108, 47991, 246, 166, 109, 108, 167, 224, 246, 11, 220, 169, 246, 226, 168, 233, 97, 35975, 112, 167, 251, 120, 167, 102, 112, 31619, 114, 230, 166, 108, 222, 167, 232, 98, 47991, 250, 23821, 225, 223, 169, 247, 102, 35975, 226, 220, 166, 108, 222, 167, 232, 98, 47991, 250, 220, 166, 110, 225, 168, 250, 120, 167, 94, 250, 220, 166, 111, 120, 168, 252, 98, 167, 238, 246, 166, 110, 234, 220, 169, 239, 250, 169, 246, 226, 47991, 246, 168, 245, 105, 23821, 110, 255, 168, 97, 239, 35975, 246, 220, 169, 251, 98, 167, 107, 116, 167, 98, 120, 31619, 10253, 168, 246, 222, 168, 244, 112, 168, 248, 242, 2014, 1, 168, 245, 238, 168, 226, 250, 705, 168, 8955, 167, 225, 98, 166, 108, 250, 6, 168, 245, 238, 31619, 234, 222, 47991, 250, 220, 169, 228, 254, 167, 223, 120, 35975, 246, 220, 169, 237, 231, 166, 108, 222, 166, 108, 222, 31619, 103, 227, 168, 233, 250, 167, 238, 246, 168, 244, 112, 23821, 252, 230, 168, 100, 222, 23821, 243, 232, 168, 232, 113, 46695, 230, 46695, 97, 13, 198, 17, 167, 110, 230, 25, 23821, 226, 254, 168, 225, 251, 46695, 246, 35975, 246, 23821, 226, 97, 167, 103, 227, 166, 111, 120, 171, 121, 95, 168, 230, 246, 166, 114, 223, 166, 108, 222, 171, 121, 96, 23821, 100, 222, 167, 105, 116, 168, 245, 238, 31619, 234, 222, 47991, 250, 220, 166, 108, 238, 168, 225, 223, 31619, 224, 112, 168, 248, 102, 35975, 112, 23821, 254, 223, 168, 254, 230, 47991, 102, 46695, 230, 46695, 97, 13, 30629, 168, 226, 254, 168, 225, 251, 46695, 246, 25, 27332, 121, 95, 168, 230, 246, 166, 114, 223, 166, 108, 222, 171, 121, 96, 167, 232, 242, 23821, 248, 108, 169, 247, 242, 168, 245, 238, 168, 226, 250, 220, 169, 234, 238, 168, 228, 234, 167, 99, 105, 23821, 8955, 168, 226, 97, 167, 94, 250, 31619, 108, 250, 168, 254, 226, 47991, 250, 23821, 252, 239, 169, 240, 230, 168, 252, 227, 46695, 230, 46695, 97, 13, 31619, 237, 247, 167, 45539, 167, 241, 97, 35975, 112, 23821, 251, 116, 167, 45539, 167, 94, 250, 31619, 241, 109, 168, 252, 98, 47991, 246, 167, 232, 242, 23821, 248, 108, 169, 247, 242, 23821, 228, 235, 23821, 226, 116, 168, 225, 223, 168, 245, 238, 23821, 110, 255, 168, 97, 239, 35975, 246, 220, 169, 246, 226, 168, 233, 97, 23821, 228, 235, 31619, 233, 97, 168, 244, 239, 47991, 250, 23821, 248, 242, 168, 228, 234, 167, 98, 120, 23821, 97, 239, 168, 110, 102, 47991, 246, 167, 232, 242, 31619, 108, 102, 168, 233, 251, 168, 250, 120, 167, 94, 250, 23821, 251, 112, 168, 243, 120, 166, 116, 108, 35975, 246, 31619, 111, 222, 167, 103, 101, 166, 108, 222, 23821, 251, 112, 167, 96, 101, 168, 244, 112, 168, 94, 234, 168, 244, 112, 168, 248, 242, 13, 23821, 251, 112, 167, 94, 250, 168, 235, 101, 31619, 114, 222, 168, 254, 243, 168, 254, 223, 31619, 102, 112, 167, 103, 101, 167, 98, 120, 23821, 100, 222, 46695, 234, 31619, 233, 97, 168, 244, 239, 47991, 250, 23821, 251, 116, 166, 108, 226, 168, 245, 238, 31619, 234, 222, 47991, 250, 31619, 117, 226, 169, 234, 238, 35975, 226, 31619, 241, 250, 167, 253, 105, 167, 224, 112, 166, 109, 108, 167, 224, 246, 11, 220, 169, 246, 226, 168, 233, 97, 166, 108, 238, 35975, 226, 31619, 114, 222, 168, 245, 105, 47991, 246, 168, 245, 105, 23821, 251, 116, 167, 45539, 35975, 112, 23821, 110, 246, 47991, 250, 23821, 225, 223, 169, 247, 102, 35975, 226, 220, 166, 108, 243, 168, 94, 108, 47991, 246, 166, 109, 108, 167, 224, 246, 11, 220, 169, 246, 226, 168, 233, 97, 35975, 112, 167, 251, 120, 167, 102, 112, 31619, 114, 230, 166, 108, 222, 167, 232, 98, 47991, 250, 23821, 225, 223, 169, 247, 102, 35975, 226, 220, 166, 108, 222, 167, 232, 98, 47991, 250, 220, 166, 110, 225, 168, 250, 120, 167, 94, 250, 220, 166, 111, 120, 168, 252, 98, 167, 238, 246, 166, 110, 234, 220, 169, 239, 250, 169, 246, 226, 47991, 246, 168, 245, 105, 23821, 110, 255, 168, 97, 239, 35975, 246, 220, 169, 251, 98, 167, 107, 116, 167, 98, 120, 31619, 10253, 168, 246, 222, 168, 244, 112, 168, 248, 242, 2014, 1, 168, 245, 238, 168, 226, 250, 705, 167, 237, 247, 35975, 246, 167, 111, 112, 166, 108, 238, 6, 35975, 226, 23821, 244, 116, 166, 116, 231, 47991, 250, 31619, 114, 222, 167, 114, 226, 35975, 112, 31619, 103, 227, 168, 233, 250, 167, 238, 246, 168, 244, 112, 23821, 252, 230, 168, 232, 113, 46695, 230, 46695, 97, 13, 198, 18, 167, 110, 230, 25, 23821, 226, 254, 168, 225, 251, 46695, 246, 35975, 246, 23821, 226, 97, 167, 103, 227, 166, 111, 120, 171, 121, 95, 168, 230, 246, 166, 114, 223, 166, 108, 222, 171, 121, 96, 23821, 100, 222, 167, 105, 116, 168, 245, 238, 31619, 234, 222, 47991, 250, 220, 166, 108, 238, 168, 225, 223, 31619, 224, 112, 168, 248, 102, 35975, 112, 23821, 254, 223, 168, 254, 230, 47991, 102, 46695, 230, 46695, 97, 13, 30629, 168, 226, 254, 168, 225, 251, 46695, 246, 25, 27332, 121, 95, 168, 230, 246, 166, 114, 223, 166, 108, 222, 171, 121, 96, 167, 232, 242, 23821, 248, 108, 169, 247, 242, 168, 245, 238, 168, 226, 250, 220, 169, 234, 238, 168, 228, 234, 167, 99, 105, 23821, 8955, 168, 226, 97, 167, 94, 250, 31619, 108, 250, 168, 254, 226, 47991, 250, 23821, 252, 239, 169, 240, 230, 168, 252, 227, 46695, 230, 46695, 97, 13, 31619, 237, 247, 167, 45539, 167, 241, 97, 35975, 112, 23821, 251, 116, 167, 45539, 167, 94, 250, 31619, 241, 109, 168, 252, 98, 47991, 246, 167, 232, 242, 23821, 248, 108, 169, 247, 242, 23821, 228, 235, 23821, 226, 116, 168, 225, 223, 168, 245, 238, 23821, 110, 255, 168, 97, 239, 35975, 246, 220, 169, 246, 226, 168, 233, 97, 23821, 228, 235, 31619, 233, 97, 168, 244, 239, 47991, 250, 23821, 248, 242, 168, 228, 234, 167, 98, 120, 23821, 97, 239, 168, 110, 102, 47991, 246, 167, 232, 242, 31619, 108, 102, 168, 233, 251, 168, 250, 120, 167, 94, 250, 23821, 251, 112, 168, 243, 120, 166, 116, 108, 35975, 246, 31619, 111, 222, 167, 103, 101, 166, 108, 222, 23821, 251, 112, 167, 96, 101, 168, 244, 112, 168, 94, 234, 168, 244, 112, 168, 248, 242, 13, 23821, 251, 112, 167, 94, 250, 168, 235, 101, 31619, 114, 222, 168, 254, 243, 168, 254, 223, 31619, 102, 112, 167, 103, 101, 167, 98, 120, 23821, 100, 222, 46695, 234, 31619, 233, 97, 168, 244, 239, 47991, 250, 23821, 251, 116, 166, 108, 226, 168, 245, 238, 31619, 234, 222, 47991, 250, 31619, 117, 226, 169, 234, 238, 35975, 226, 31619, 241, 250, 167, 253, 105, 167, 224, 112, 166, 109, 108, 167, 224, 246, 11, 220, 169, 246, 226, 168, 233, 97, 166, 108, 238, 35975, 226, 31619, 114, 222, 168, 245, 105, 47991, 246, 168, 245, 105, 23821, 251, 116, 167, 45539, 35975, 112, 23821, 110, 246, 47991, 250, 23821, 225, 223, 169, 247, 102, 35975, 226, 220, 166, 108, 243, 168, 94, 108, 47991, 246, 166, 109, 108, 167, 224, 246, 11, 220, 169, 246, 226, 168, 233, 97, 35975, 112, 167, 251, 120, 167, 102, 112, 31619, 114, 230, 166, 108, 222, 167, 232, 98, 47991, 250, 23821, 225, 223, 169, 247, 102, 35975, 226, 220, 166, 108, 222, 167, 232, 98, 47991, 250, 220, 166, 110, 225, 168, 250, 120, 167, 94, 250, 220, 166, 111, 120, 168, 252, 98, 167, 238, 246, 166, 110, 234, 220, 169, 239, 250, 169, 246, 226, 47991, 246, 168, 245, 105, 23821, 110, 255, 168, 97, 239, 35975, 246, 220, 169, 251, 98, 167, 107, 116, 167, 98, 120, 31619, 10253, 168, 246, 222, 168, 244, 112, 168, 248, 242, 2014, 1, 168, 245, 238, 168, 226, 250, 705, 169, 237, 105, 168, 230, 246, 6, 168, 245, 238, 31619, 234, 222, 47991, 250, 220, 169, 246, 116, 167, 252, 239, 35975, 112, 35975, 246, 220, 169, 225, 250, 167, 237, 226, 166, 108, 222, 31619, 103, 227, 168, 233, 250, 167, 238, 246, 168, 244, 112, 23821, 252, 230, 168, 232, 113, 46695, 230, 46695, 97, 13, 198, 19, 167, 110, 230, 25, 23821, 226, 254, 168, 225, 251, 46695, 246, 35975, 246, 23821, 226, 97, 167, 103, 227, 166, 111, 120, 171, 121, 95, 168, 230, 246, 166, 114, 223, 166, 108, 222, 171, 121, 96, 23821, 100, 222, 167, 105, 116, 168, 245, 238, 31619, 234, 222, 47991, 250, 220, 166, 108, 238, 168, 225, 223, 31619, 224, 112, 168, 248, 102, 35975, 112, 23821, 254, 223, 168, 254, 230, 47991, 246, 168, 100, 222, 23821, 243, 232, 168, 232, 113, 46695, 230, 46695, 97, 13, 30629, 168, 226, 254, 168, 225, 251, 46695, 246, 25, 27332, 121, 95, 168, 230, 246, 166, 114, 223, 166, 108, 222, 171, 121, 96, 167, 232, 242, 23821, 248, 108, 169, 247, 242, 168, 245, 238, 168, 226, 250, 220, 169, 234, 238, 168, 228, 234, 167, 99, 105, 23821, 8955, 168, 226, 97, 167, 94, 250, 31619, 108, 250, 168, 254, 226, 47991, 250, 23821, 252, 239, 169, 240, 230, 168, 252, 227, 46695, 230, 46695, 97, 13, 31619, 237, 247, 167, 45539, 167, 241, 97, 35975, 112, 23821, 251, 116, 167, 45539, 167, 94, 250, 31619, 241, 109, 168, 252, 98, 47991, 246, 167, 232, 242, 23821, 248, 108, 169, 247, 242, 23821, 228, 235, 23821, 226, 116, 168, 225, 223, 168, 245, 238, 23821, 110, 255, 168, 97, 239, 35975, 246, 220, 169, 246, 226, 168, 233, 97, 23821, 228, 235, 31619, 233, 97, 168, 244, 239, 47991, 250, 23821, 248, 242, 168, 228, 234, 167, 98, 120, 23821, 97, 239, 168, 110, 102, 47991, 246, 167, 232, 242, 31619, 108, 102, 168, 233, 251, 168, 250, 120, 167, 94, 250, 23821, 251, 112, 168, 243, 120, 166, 116, 108, 35975, 246, 31619, 111, 222, 167, 103, 101, 166, 108, 222, 23821, 251, 112, 167, 96, 101, 168, 244, 112, 168, 94, 234, 168, 244, 112, 168, 248, 242, 13, 23821, 251, 112, 167, 94, 250, 168, 235, 101, 31619, 114, 222, 168, 254, 243, 168, 254, 223, 31619, 102, 112, 167, 103, 101, 167, 98, 120, 23821, 100, 222, 46695, 234, 31619, 233, 97, 168, 244, 239, 47991, 250, 23821, 251, 116, 166, 108, 226, 168, 245, 238, 31619, 234, 222, 47991, 250, 31619, 117, 226, 169, 234, 238, 35975, 226, 31619, 241, 250, 167, 253, 105, 167, 224, 112, 166, 109, 108, 167, 224, 246, 11, 220, 169, 246, 226, 168, 233, 97, 166, 108, 238, 35975, 226, 31619, 114, 222, 168, 245, 105, 47991, 246, 168, 245, 105, 23821, 251, 116, 167, 45539, 35975, 112, 23821, 110, 246, 47991, 250, 23821, 225, 223, 169, 247, 102, 35975, 226, 220, 166, 108, 243, 168, 94, 108, 47991, 246, 166, 109, 108, 167, 224, 246, 11, 220, 169, 246, 226, 168, 233, 97, 35975, 112, 167, 251, 120, 167, 102, 112, 31619, 114, 230, 166, 108, 222, 167, 232, 98, 47991, 250, 23821, 225, 223, 169, 247, 102, 35975, 226, 220, 166, 108, 222, 167, 232, 98, 47991, 250, 220, 166, 110, 225, 168, 250, 120, 167, 94, 250, 220, 166, 111, 120, 168, 252, 98, 167, 238, 246, 166, 110, 234, 220, 169, 239, 250, 169, 246, 226, 47991, 246, 168, 245, 105, 23821, 110, 255, 168, 97, 239, 35975, 246, 220, 169, 251, 98, 167, 107, 116, 167, 98, 120, 31619, 10253, 168, 246, 222, 168, 244, 112, 168, 248, 242, 2014, 1, 168, 245, 238, 168, 226, 250, 705, 168, 226, 254, 168, 246, 223, 6, 35975, 226, 23821, 244, 116, 166, 116, 231, 47991, 250, 31619, 114, 222, 167, 114, 226, 35975, 112, 31619, 103, 227, 168, 233, 250, 167, 238, 246, 168, 244, 112, 23821, 252, 230, 168, 100, 222, 23821, 243, 232, 168, 232, 113, 46695, 230, 46695, 97, 13, 198, 20, 167, 110, 230, 25, 23821, 226, 254, 168, 225, 251, 46695, 246, 35975, 246, 23821, 226, 97, 167, 103, 227, 166, 111, 120, 171, 121, 95, 168, 230, 246, 166, 114, 223, 166, 108, 222, 171, 121, 96, 23821, 100, 222, 167, 105, 116, 168, 245, 238, 31619, 234, 222, 47991, 250, 220, 166, 108, 238, 168, 225, 223, 31619, 224, 112, 168, 248, 102, 35975, 112, 23821, 254, 223, 168, 254, 230, 47991, 102, 46695, 230, 46695, 97, 13, 30629, 168, 226, 254, 168, 225, 251, 46695, 246, 25, 27332, 121, 95, 168, 230, 246, 166, 114, 223, 166, 108, 222, 171, 121, 96, 167, 232, 242, 23821, 248, 108, 169, 247, 242, 168, 245, 238, 168, 226, 250, 220, 169, 234, 238, 168, 228, 234, 167, 99, 105, 23821, 8955, 168, 226, 97, 167, 94, 250, 31619, 108, 250, 168, 254, 226, 47991, 250, 23821, 252, 239, 169, 240, 230, 168, 252, 227, 46695, 230, 46695, 97, 13, 31619, 237, 247, 167, 45539, 167, 241, 97, 35975, 112, 23821, 251, 116, 167, 45539, 167, 94, 250, 31619, 241, 109, 168, 252, 98, 47991, 246, 167, 232, 242, 23821, 248, 108, 169, 247, 242, 23821, 228, 235, 23821, 226, 116, 168, 225, 223, 168, 245, 238, 23821, 110, 255, 168, 97, 239, 35975, 246, 220, 169, 246, 226, 168, 233, 97, 23821, 228, 235, 31619, 233, 97, 168, 244, 239, 47991, 250, 23821, 248, 242, 168, 228, 234, 167, 98, 120, 23821, 97, 239, 168, 110, 102, 47991, 246, 167, 232, 242, 31619, 108, 102, 168, 233, 251, 168, 250, 120, 167, 94, 250, 23821, 251, 112, 168, 243, 120, 166, 116, 108, 35975, 246, 31619, 111, 222, 167, 103, 101, 166, 108, 222, 23821, 251, 112, 167, 96, 101, 168, 244, 112, 168, 94, 234, 168, 244, 112, 168, 248, 242, 13, 23821, 251, 112, 167, 94, 250, 168, 235, 101, 31619, 114, 222, 168, 254, 243, 168, 254, 223, 31619, 102, 112, 167, 103, 101, 167, 98, 120, 23821, 100, 222, 46695, 234, 31619, 233, 97, 168, 244, 239, 47991, 250, 23821, 251, 116, 166, 108, 226, 168, 245, 238, 31619, 234, 222, 47991, 250, 31619, 117, 226, 169, 234, 238, 35975, 226, 31619, 241, 250, 167, 253, 105, 167, 224, 112, 166, 109, 108, 167, 224, 246, 11, 220, 169, 246, 226, 168, 233, 97, 166, 108, 238, 35975, 226, 31619, 114, 222, 168, 245, 105, 47991, 246, 168, 245, 105, 23821, 251, 116, 167, 45539, 35975, 112, 23821, 110, 246, 47991, 250, 23821, 225, 223, 169, 247, 102, 35975, 226, 220, 166, 108, 243, 168, 94, 108, 47991, 246, 166, 109, 108, 167, 224, 246, 11, 220, 169, 246, 226, 168, 233, 97, 35975, 112, 167, 251, 120, 167, 102, 112, 31619, 114, 230, 166, 108, 222, 167, 232, 98, 47991, 250, 23821, 225, 223, 169, 247, 102, 35975, 226, 220, 166, 108, 222, 167, 232, 98, 47991, 250, 220, 166, 110, 225, 168, 250, 120, 167, 94, 250, 220, 166, 111, 120, 168, 252, 98, 167, 238, 246, 166, 110, 234, 220, 169, 239, 250, 169, 246, 226, 47991, 246, 168, 245, 105, 23821, 110, 255, 168, 97, 239, 35975, 246, 220, 169, 251, 98, 167, 107, 116, 167, 98, 120, 31619, 10253, 168, 246, 222, 168, 244, 112, 168, 248, 242, 2014, 1, 168, 245, 238, 168, 226, 250, 705, 47991, 112, 167, 224, 101, 6, 166, 111, 120, 705, 168, 243, 243, 167, 94, 251, 166, 108, 243, 220, 166, 108, 222, 6, 167, 98, 120, 23821, 244, 116, 166, 116, 231, 47991, 250, 31619, 114, 222, 167, 114, 226, 35975, 112, 31619, 103, 227, 168, 233, 250, 167, 238, 246, 168, 244, 112, 23821, 252, 230, 168, 232, 113, 46695, 230, 46695, 97, 13, 198, 198, 168, 113, 250, 168, 95, 227, 23821, 254, 243, 46695, 113, 25, 352, 167, 110, 230]","[0.5, 0.5, 0.5, 0.5, 0.5, 0.5, 0.5, 0.5, 0.5, 0.5, 0.5, 0.5, 0.5, 0.5, 0.5, 0.5, 0.5, 0.5, 0.5, 0.5, 0.5, 0.5, 0.5, 0.5, 0.5, 0.5, 0.5, 0.5, 0.5, 0.5, 0.5, 0.5, 0.5, 0.5, 0.5, 0.5, 0.5, 0.5, 0.5, 0.5, 0.5, 0.5, 0.5, 0.5, 0.5, 0.5, 0.5, 0.5, 0.5, 0.5, 0.5, 0.5, 0.5, 0.5, 0.5, 0.5, 0.5, 0.5, 0.5, 0.5, 0.5, 0.5, 0.5, 0.5, 0.5, 0.5, 0.5, 0.5, 0.5, 0.5, 0.5, 0.5, 0.5, 0.5, 0.5, 0.5, 0.5, 0.5, 0.5, 0.5, 0.5, 0.5, 0.5, 0.5, 0.5, 0.5, 0.5, 0.5, 0.5, 0.5, 0.5, 0.5, 0.5, 0.5, 0.5, 0.5, 0.5, 0.5, 0.5, 0.5, 0.5, 0.5, 0.5, 0.5, 0.5, 0.5, 0.5, 0.5, 0.5, 0.5, 0.5, 0.5, 0.5, 0.5, 0.5, 0.5, 0.5, 0.5, 0.5, 0.5, 0.5, 0.5, 0.5, 0.5, 0.5, 0.5, 0.5, 0.5, 0.5, 0.5, 0.5, 0.5, 0.5, 0.5, 0.5, 0.5, 0.5, 0.5, 0.5, 0.5, 0.5, 0.5, 0.5, 0.5, 0.5, 0.5, 0.5, 0.5, 0.5, 0.5, 0.5, 0.5, 0.5, 0.5, 0.5, 0.5, 0.5, 0.5, 0.5, 0.5, 0.5, 0.5, 0.5, 0.5, 0.5, 0.5, 0.5, 0.5, 0.5, 0.5, 0.5, 0.5, 0.5, 0.5, 0.5, 0.5, 0.5, 0.5, 0.5, 0.5, 0.5, 0.5, 0.5, 0.5, 0.5, 0.5, 0.5, 0.5, 0.5, 0.5, 0.5, 0.5, 0.5, 0.5, 0.5, 0.5, 0.5, 0.5, 0.5, 0.5, 0.5, 0.5, 0.5, 0.5, 0.5, 0.5, 0.5, 0.5, 0.5, 0.5, 0.5, 0.5, 0.5, 0.5, 0.5, 0.5, 0.5, 0.5, 0.5, 0.5, 0.5, 0.5, 0.5, 0.5, 0.5, 0.5, 0.5, 0.5, 0.5, 0.5, 0.5, 0.5, 0.5, 0.5, 0.5, 0.5, 0.5, 0.5, 0.5, 0.5, 0.5, 0.5, 0.5, 0.5, 0.5, 0.5, 0.5, 0.5, 0.5, 0.5, 0.5, 0.5, 0.5, 0.5, 0.5, 0.5, 0.5, 0.5, 0.5, 0.5, 0.5, 0.5, 0.5, 0.5, 0.5, 0.5, 0.5, 0.5, 0.5, 0.5, 0.5, 0.5, 0.5, 0.5, 0.5, 0.5, 0.5, 0.5, 0.5, 0.5, 0.5, 0.5, 0.5, 0.5, 0.5, 0.5, 0.5, 0.5, 0.5, 0.5, 0.5, 0.5, 0.5, 0.5, 0.5, 0.5, 0.5, 0.5, 0.5, 0.5, 0.5, 0.5, 0.5, 0.5, 0.5, 0.5, 0.5, 0.5, 0.5, 0.5, 0.5, 0.5, 0.5, 0.5, 0.5, 0.5, 0.5, 0.5, 0.5, 0.5, 0.5, 0.5, 0.5, 0.5, 0.5, 0.5, 0.5, 0.5, 0.5, 0.5, 0.5, 0.5, 0.5, 0.5, 0.5, 0.5, 0.5, 0.5, 0.5, 0.5, 0.5, 0.5, 0.5, 0.5, 0.5, 0.5, 0.5, 0.5, 0.5, 0.5, 0.5, 0.5, 0.5, 0.5, 0.5, 0.5, 0.5, 0.5, 0.5, 0.5, 0.5, 0.5, 0.5, 0.5, 0.5, 0.5, 0.5, 0.5, 0.5, 0.5, 0.5, 0.5, 0.5, 0.5, 0.5, 0.5, 0.5, 0.5, 0.5, 0.5, 0.5, 0.5, 0.5, 0.5, 0.5, 0.5, 0.5, 0.5, 0.5, 0.5, 0.5, 0.5, 0.5, 0.5, 0.5, 0.5, 0.5, 0.5, 0.5, 0.5, 0.5, 0.5, 0.5, 0.5, 0.5, 0.5, 0.5, 0.5, 0.5, 0.5, 0.5, 0.5, 0.5, 0.5, 0.5, 0.5, 0.5, 0.5, 0.5, 0.5, 0.5, 0.5, 0.5, 0.5, 0.5, 0.5, 0.5, 0.5, 0.5, 0.5, 0.5, 0.5, 0.5, 0.5, 0.5, 0.5, 0.5, 0.5, 0.5, 0.5, 0.5, 0.5, 0.5, 0.5, 0.5, 0.5, 0.5, 0.5, 0.5, 0.5, 0.5, 0.5, 0.5, 0.5, 0.5, 0.5, 0.5, 0.5, 0.5, 0.5, 0.5, 0.5, 0.5, 0.5, 0.5, 0.5, 0.5, 0.5, 0.5, 0.5, 0.5, 0.5, 0.5, 0.5, 0.5, 0.5, 0.5, 0.5, 0.5, 0.5, 0.5, 0.5, 0.5, 0.5, 0.5, 0.5, 0.5, 0.5, 0.5, 0.5, 0.5, 0.5, 0.5, 0.5, 0.5, 0.5, 0.5, 0.5, 0.5, 0.5, 0.5, 0.5, 0.5, 0.5, 0.5, 0.5, 0.5, 0.5, 0.5, 0.5, 0.5, 0.5, 0.5, 0.5, 0.5, 0.5, 0.5, 0.5, 0.5, 0.5, 0.5, 0.5, 0.5, 0.5, 0.5, 0.5, 0.5, 0.5, 0.5, 0.5, 0.5, 0.5, 0.5, 0.5, 0.5, 0.5, 0.5, 0.5, 0.5, 0.5, 0.5, 0.5, 0.5, 0.5, 0.5, 0.5, 0.5, 0.5, 0.5, 0.5, 0.5, 0.5, 0.5, 0.5, 0.5, 0.5, 0.5, 0.5, 0.5, 0.5, 0.5, 0.5, 0.5, 0.5, 0.5, 0.5, 0.5, 0.5, 0.5, 0.5, 0.5, 0.5, 0.5, 0.5, 0.5, 0.5, 0.5, 0.5, 0.5, 0.5, 0.5, 0.5, 0.5, 0.5, 0.5, 0.5, 0.5, 0.5, 0.5, 0.5, 0.5, 0.5, 0.5, 0.5, 0.5, 0.5, 0.5, 0.5, 0.5, 0.5, 0.5, 0.5, 0.5, 0.5, 0.5, 0.5, 0.5, 0.5, 0.5, 0.5, 0.5, 0.5, 0.5, 0.5, 0.5, 0.5, 0.5, 0.5, 0.5, 0.5, 0.5, 0.5, 0.5, 0.5, 0.5, 0.5, 0.5, 0.5, 0.5, 0.5, 0.5, 0.5, 0.5, 0.5, 0.5, 0.5, 0.5, 0.5, 0.5, 0.5, 0.5, 0.5, 0.5, 0.5, 0.5, 0.5, 0.5, 0.5, 0.5, 0.5, 0.5, 0.5, 0.5, 0.5, 0.5, 0.5, 0.5, 0.5, 0.5, 0.5, 0.5, 0.5, 0.5, 0.5, 0.5, 0.5, 0.5, 0.5, 0.5, 0.5, 0.5, 0.5, 0.5, 0.5, 0.5, 0.5, 0.5, 0.5, 0.5, 0.5, 0.5, 0.5, 0.5, 0.5, 0.5, 0.5, 0.5, 0.5, 0.5, 0.5, 0.5, 0.5, 0.5, 0.5, 0.5, 0.5, 0.5, 0.5, 0.5, 0.5, 0.5, 0.5, 0.5, 0.5, 0.5, 0.5, 0.5, 0.5, 0.5, 0.5, 0.5, 0.5, 0.5, 0.5, 0.5, 0.5, 0.5, 0.5, 0.5, 0.5, 0.5, 0.5, 0.5, 0.5, 0.5, 0.5, 0.5, 0.5, 0.5, 0.5, 0.5, 0.5, 0.5, 0.5, 0.5, 0.5, 0.5, 0.5, 0.5, 0.5, 0.5, 0.5, 0.5, 0.5, 0.5, 0.5, 0.5, 0.5, 0.5, 0.5, 0.5, 0.5, 0.5, 0.5, 0.5, 0.5, 0.5, 0.5, 0.5, 0.5, 0.5, 0.5, 0.5, 0.5, 0.5, 0.5, 0.5, 0.5, 0.5, 0.5, 0.5, 0.5, 0.5, 0.5, 0.5, 0.5, 0.5, 0.5, 0.5, 0.5, 0.5, 0.5, 0.5, 0.5, 0.5, 0.5, 0.5, 0.5, 0.5, 0.5, 0.5, 0.5, 0.5, 0.5, 0.5, 0.5, 0.5, 0.5, 0.5, 0.5, 0.5, 0.5, 0.5, 0.5, 0.5, 0.5, 0.5, 0.5, 0.5, 0.5, 0.5, 0.5, 0.5, 0.5, 0.5, 0.5, 0.5, 0.5, 0.5, 0.5, 0.5, 0.5, 0.5, 0.5, 0.5, 0.5, 0.5, 0.5, 0.5, 0.5, 0.5, 0.5, 0.5, 0.5, 0.5, 0.5, 0.5, 0.5, 0.5, 0.5, 0.5, 0.5, 0.5, 0.5, 0.5, 0.5, 0.5, 0.5, 0.5, 0.5, 0.5, 0.5, 0.5, 0.5, 0.5, 0.5, 0.5, 0.5, 0.5, 0.5, 0.5, 0.5, 0.5, 0.5, 0.5, 0.5, 0.5, 0.5, 0.5, 0.5, 0.5, 0.5, 0.5, 0.5, 0.5, 0.5, 0.5, 0.5, 0.5, 0.5, 0.5, 0.5, 0.5, 0.5, 0.5, 0.5, 0.5, 0.5, 0.5, 0.5, 0.5, 0.5, 0.5, 0.5, 0.5, 0.5, 0.5, 0.5, 0.5, 0.5, 0.5, 0.5, 0.5, 0.5, 0.5, 0.5, 0.5, 0.5, 0.5, 0.5, 0.5, 0.5, 0.5, 0.5, 0.5, 0.5, 0.5, 0.5, 0.5, 0.5, 0.5, 0.5, 0.5, 0.5, 0.5, 0.5, 0.5, 0.5, 0.5, 0.5, 0.5, 0.5, 0.5, 0.5, 0.5, 0.5, 0.5, 0.5, 0.5, 0.5, 0.5, 0.5, 0.5, 0.5, 0.5, 0.5, 0.5, 0.5, 0.5, 0.5, 0.5, 0.5, 0.5, 0.5, 0.5, 0.5, 0.5, 0.5, 0.5, 0.5, 0.5, 0.5, 0.5, 0.5, 0.5, 0.5, 0.5, 0.5, 0.5, 0.5, 0.5, 0.5, 0.5, 0.5, 0.5, 0.5, 0.5, 0.5, 0.5, 0.5, 0.5, 0.5, 0.5, 0.5, 0.5, 0.5, 0.5, 0.5, 0.5, 0.5, 0.5, 0.5, 0.5, 0.5, 0.5, 0.5, 0.5, 0.5, 0.5, 0.5, 0.5, 0.5, 0.5, 0.5, 0.5, 0.5, 0.5, 0.5, 0.5, 0.5, 0.5, 0.5, 0.5, 0.5, 0.5, 0.5, 0.5, 0.5, 0.5, 0.5, 0.5, 0.5, 0.5, 0.5, 0.5, 0.5, 0.5, 0.5, 0.5, 0.5, 0.5, 0.5, 0.5, 0.5, 0.5, 0.5, 0.5, 0.5, 0.5, 0.5, 0.5, 0.5, 0.5, 0.5, 0.5, 0.5, 0.5, 0.5, 0.5, 0.5, 0.5, 0.5, 0.5, 0.5, 0.5, 0.5, 0.5, 0.5, 0.5, 0.5, 0.5, 0.5, 0.5, 0.5, 0.5, 0.5, 0.5, 0.5, 0.5, 0.5, 0.5, 0.5, 0.5, 0.5, 0.5, 0.5, 0.5, 0.5, 0.5, 0.5, 0.5, 0.5, 0.5, 0.5, 0.5, 0.5, 0.5, 0.5, 0.5, 0.5, 0.5, 0.5, 0.5, 0.5, 0.5, 0.5, 0.5, 0.5, 0.5, 0.5, 0.5, 0.5, 0.5, 0.5, 0.5, 0.5, 0.5, 0.5, 0.5, 0.5, 0.5, 0.5, 0.5, 0.5, 0.5, 0.5, 0.5, 0.5, 0.5, 0.5, 0.5, 0.5, 0.5, 0.5, 0.5, 0.5, 0.5, 0.5, 0.5, 0.5, 0.5, 0.5, 0.5, 0.5, 0.5, 0.5, 0.5, 0.5, 0.5, 0.5, 0.5, 0.5, 0.5, 0.5, 0.5, 0.5, 0.5, 0.5, 0.5, 0.5, 0.5, 0.5, 0.5, 0.5, 0.5, 0.5, 0.5, 0.5, 0.5, 0.5, 0.5, 0.5, 0.5, 0.5, 0.5, 0.5, 0.5, 0.5, 0.5, 0.5, 0.5, 0.5, 0.5, 0.5, 0.5, 0.5, 0.5, 0.5, 0.5, 0.5, 0.5, 0.5, 0.5, 0.5, 0.5, 0.5, 0.5, 0.5, 0.5, 0.5, 0.5, 0.5, 0.5, 0.5, 0.5, 0.5, 0.5, 0.5, 0.5, 0.5, 0.5, 0.5, 0.5, 0.5, 0.5, 0.5, 0.5, 0.5, 0.5, 0.5, 0.5, 0.5, 0.5, 0.5, 0.5, 0.5, 0.5, 0.5, 0.5, 0.5, 0.5, 0.5, 0.5, 0.5, 0.5, 0.5, 0.5, 0.5, 0.5, 0.5, 0.5, 0.5, 0.5, 0.5, 0.5, 0.5, 0.5, 0.5, 0.5, 0.5, 0.5, 0.5, 0.5, 0.5, 0.5, 0.5, 0.5, 0.5, 0.5, 0.5, 0.5, 0.5, 0.5, 0.5, 0.5, 0.5, 0.5, 0.5, 0.5, 0.5, 0.5, 0.5, 0.5, 0.5, 0.5, 0.5, 0.5, 0.5, 0.5, 0.5, 0.5, 0.5, 0.5, 0.5, 0.5, 0.5, 0.5, 0.5, 0.5, 0.5, 0.5, 0.5, 0.5, 0.5, 0.5, 0.5, 0.5, 0.5, 0.5, 0.5, 0.5, 0.5, 0.5, 0.5, 0.5, 0.5, 0.5, 0.5, 0.5, 0.5, 0.5, 0.5, 0.5, 0.5, 0.5, 0.5, 0.5, 0.5, 0.5, 0.5, 0.5, 0.5, 0.5, 0.5, 0.5, 0.5, 0.5, 0.5, 0.5, 0.5, 0.5, 0.5, 0.5, 0.5, 0.5, 0.5, 0.5, 0.5, 0.5, 0.5, 0.5, 0.5, 0.5, 0.5, 0.5, 0.5, 0.5, 0.5, 0.5, 0.5, 0.5, 0.5, 0.5, 0.5, 0.5, 0.5, 0.5, 0.5, 0.5, 0.5, 0.5, 0.5, 0.5, 0.5, 0.5, 0.5, 0.5, 0.5, 0.5, 0.5, 0.5, 0.5, 0.5, 0.5, 0.5, 0.5, 0.5, 0.5, 0.5, 0.5, 0.5, 0.5, 0.5, 0.5, 0.5, 0.5, 0.5, 0.5, 0.5, 0.5, 0.5, 0.5, 0.5, 0.5, 0.5, 0.5, 0.5, 0.5, 0.5, 0.5, 0.5, 0.5, 0.5, 0.5, 0.5, 0.5, 0.5, 0.5, 0.5, 0.5, 0.5, 0.5, 0.5, 0.5, 0.5, 0.5, 0.5, 0.5, 0.5, 0.5, 0.5, 0.5, 0.5, 0.5, 0.5, 0.5, 0.5, 0.5, 0.5, 0.5, 0.5, 0.5, 0.5, 0.5, 0.5, 0.5, 0.5, 0.5, 0.5, 0.5, 0.5, 0.5, 0.5, 0.5, 0.5, 0.5, 0.5, 0.5, 0.5, 0.5, 0.5, 0.5, 0.5, 0.5, 0.5, 0.5, 0.5, 0.5, 0.5, 0.5, 0.5, 0.5, 0.5, 0.5, 0.5, 0.5, 0.5, 0.5, 0.5, 0.5, 0.5, 0.5, 0.5, 0.5, 0.5, 0.5, 0.5, 0.5, 0.5, 0.5, 0.5, 0.5, 0.5, 0.5, 0.5, 0.5, 0.5, 0.5, 0.5, 0.5, 0.5, 0.5, 0.5, 0.5, 0.5, 0.5, 0.5, 0.5, 0.5, 0.5, 0.5, 0.5, 0.5, 0.5, 0.5, 0.5, 0.5, 0.5, 0.5, 0.5, 0.5, 0.5, 0.5, 0.5, 0.5, 0.5, 0.5, 0.5, 0.5, 0.5, 0.5, 0.5, 0.5, 0.5, 0.5, 0.5, 0.5, 0.5, 0.5, 0.5, 0.5, 0.5, 0.5, 0.5, 0.5, 0.5, 0.5, 0.5, 0.5, 0.5, 0.5, 0.5, 0.5, 0.5, 0.5, 0.5, 0.5, 0.5, 0.5, 0.5, 0.5, 0.5, 0.5, 0.5, 0.5, 0.5, 0.5, 0.5, 0.5, 0.5, 0.5, 0.5, 0.5, 0.5, 0.5, 0.5, 0.5, 0.5, 0.5, 0.5, 0.5, 0.5, 0.5, 0.5, 0.5, 0.5, 0.5, 0.5, 0.5, 0.5, 0.5, 0.5, 0.5, 0.5, 0.5, 0.5, 0.5, 0.5, 0.5, 0.5, 0.5, 0.5, 0.5, 0.5, 0.5, 0.5, 0.5, 0.5, 0.5, 0.5, 0.5, 0.5, 0.5, 0.5, 0.5, 0.5, 0.5, 0.5, 0.5, 0.5, 0.5, 0.5, 0.5, 0.5, 0.5, 0.5, 0.5, 0.5, 0.5, 0.5, 0.5, 0.5, 0.5, 0.5, 0.5, 0.5, 0.5, 0.5, 0.5, 0.5, 0.5, 0.5, 0.5, 0.5, 0.5, 0.5, 0.5, 0.5, 0.5, 0.5, 0.5, 0.5, 0.5, 0.5, 0.5, 0.5, 0.5, 0.5, 0.5, 0.5, 0.5, 0.5, 0.5, 0.5, 0.5, 0.5, 0.5, 0.5, 0.5, 0.5, 0.5, 0.5, 0.5, 0.5, 0.5, 0.5, 0.5, 0.5, 0.5, 0.5, 0.5, 0.5, 0.5, 0.5, 0.5, 0.5, 0.5, 0.5, 0.5, 0.5, 0.5, 0.5, 0.5, 0.5, 0.5, 0.5, 0.5, 0.5, 0.5, 0.5, 0.5, 0.5, 0.5, 0.5, 0.5, 0.5, 0.5, 0.5, 0.5, 0.5, 0.5, 0.5, 0.5, 0.5, 0.5, 0.5, 0.5, 0.5, 0.5, 0.5, 0.5, 0.5, 0.5, 0.5, 0.5, 0.5, 0.5, 0.5, 0.5, 0.5, 0.5, 0.5, 0.5, 0.5, 0.5, 0.5, 0.5, 0.5, 0.5, 0.5, 0.5, 0.5, 0.5, 0.5, 0.5, 0.5, 0.5, 0.5, 0.5, 0.5, 0.5, 0.5, 0.5, 0.5, 0.5, 0.5, 0.5, 0.5, 0.5, 0.5, 0.5, 0.5, 0.5, 0.5, 0.5, 0.5, 0.5, 0.5, 0.5, 0.5, 0.5, 0.5, 0.5, 0.5, 0.5, 0.5, 0.5, 0.5, 0.5, 0.5, 0.5, 0.5, 0.5, 0.5, 0.5, 0.5, 0.5, 0.5, 0.5, 0.5, 0.5, 0.5, 0.5, 0.5, 0.5, 0.5, 0.5, 0.5, 0.5, 0.5, 0.5, 0.5, 0.5, 0.5, 0.5, 0.5, 0.5, 0.5, 0.5, 0.5, 0.5, 0.5, 0.5, 0.5, 0.5, 0.5, 0.5, 0.5, 0.5, 0.5, 0.5, 0.5, 0.5, 0.5, 0.5, 0.5, 0.5, 0.5, 0.5, 0.5, 0.5, 0.5, 0.5, 0.5, 0.5, 0.5, 0.5, 0.5, 0.5, 0.5, 0.5, 0.5, 0.5, 0.5, 0.5, 0.5, 0.5, 0.5, 0.5, 0.5, 0.5, 0.5, 0.5, 0.5, 0.5, 0.5, 0.5, 0.5, 0.5, 0.5, 0.5, 0.5, 0.5, 0.5, 0.5, 0.5, 0.5, 0.5, 0.5, 0.5, 0.5, 0.5, 0.5, 0.5, 0.5, 0.5, 0.5, 0.5, 0.5, 0.5, 0.5, 0.5, 0.5, 0.5, 0.5, 0.5, 0.5, 0.5, 0.5, 0.5, 0.5, 0.5, 0.5, 0.5, 0.5, 0.5, 0.5, 0.5, 0.5, 0.5, 0.5, 0.5, 0.5, 0.5, 0.5, 0.5, 0.5, 0.5, 0.5, 0.5, 0.5, 0.5, 0.5, 0.5, 0.5, 0.5, 0.5, 0.5, 0.5, 0.5, 0.5, 0.5, 0.5, 0.5, 0.5, 0.5, 0.5, 0.5, 0.5, 0.5, 0.5, 0.5, 0.5, 0.5, 0.5, 0.5, 0.5, 0.5, 0.5, 0.5, 0.5, 0.5, 0.5, 0.5, 0.5, 0.5, 0.5, 0.5, 0.5, 0.5, 0.5, 0.5, 0.5, 0.5, 0.5, 0.5, 0.5, 0.5, 0.5, 0.5, 0.5, 0.5, 0.5, 0.5, 0.5, 0.5, 0.5, 0.5, 0.5, 0.5, 0.5, 0.5, 0.5, 0.5, 0.5, 0.5, 0.5, 0.5, 0.5, 0.5, 0.5, 0.5, 0.5, 0.5, 0.5, 0.5, 0.5, 0.5, 0.5, 0.5, 0.5, 0.5, 0.5, 0.5, 0.5, 0.5, 0.5, 0.5, 0.5, 0.5, 0.5, 0.5, 0.5, 0.5, 0.5, 0.5, 0.5, 0.5, 0.5, 0.5, 0.5, 0.5, 0.5, 0.5, 0.5, 0.5, 0.5, 0.5, 0.5, 0.5, 0.5, 0.5, 0.5, 0.5, 0.5, 0.5, 0.5, 0.5, 0.5, 0.5, 0.5, 0.5, 0.5, 0.5, 0.5, 0.5, 0.5, 0.5, 0.5, 0.5, 0.5, 0.5, 0.5, 0.5, 0.5, 0.5, 0.5, 0.5, 0.5, 0.5, 0.5, 0.5, 0.5, 0.5, 0.5, 0.5, 0.5, 0.5, 0.5, 0.5, 0.5, 0.5, 0.5, 0.5, 0.5, 0.5, 0.5, 0.5, 0.5, 0.5, 0.5, 0.5, 0.5, 0.5, 0.5, 0.5, 0.5, 0.5, 0.5, 0.5, 0.5, 0.5, 0.5, 0.5, 0.5, 0.5, 0.5, 0.5, 0.5, 0.5, 0.5, 0.5, 0.5, 0.5, 0.5, 0.5, 0.5, 0.5, 0.5, 0.5, 0.5, 0.5, 0.5, 0.5, 0.5, 0.5, 0.5, 0.5, 0.5, 0.5, 0.5, 0.5, 0.5, 0.5, 0.5, 0.5, 0.5, 0.5, 0.5, 0.5, 0.5, 0.5, 0.5, 0.5, 0.5, 0.5, 0.5, 0.5, 0.5, 0.5, 0.5, 0.5, 0.5, 0.5, 0.5, 0.5, 0.5, 0.5, 0.5, 0.5, 0.5, 0.5, 0.5, 0.5, 0.5, 0.5, 0.5, 0.5, 0.5, 0.5, 0.5, 0.5, 0.5, 0.5, 0.5, 0.5, 0.5, 0.5, 0.5, 0.5, 0.5, 0.5, 0.5, 0.5, 0.5, 0.5, 0.5, 0.5, 0.5, 0.5, 0.5, 0.5, 0.5, 0.5, 0.5, 0.5, 0.5, 0.5, 0.5, 0.5, 0.5, 0.5, 0.5, 0.5, 0.5, 0.5, 0.5, 0.5, 0.5, 0.5, 0.5, 0.5, 0.5, 0.5, 0.5, 0.5, 0.5, 0.5, 0.5, 0.5, 0.5, 0.5, 0.5, 0.5, 0.5, 0.5, 0.5, 0.5, 0.5, 0.5, 0.5, 0.5, 0.5, 0.5, 0.5, 0.5, 0.5, 0.5, 0.5, 0.5, 0.5, 0.5, 0.5, 0.5, 0.5, 0.5, 0.5, 0.5, 0.5, 0.5, 0.5, 0.5, 0.5, 0.5, 0.5, 0.5, 0.5, 0.5, 0.5, 0.5, 0.5, 0.5, 0.5, 0.5, 0.5, 0.5, 0.5, 0.5, 0.5, 0.5, 0.5, 0.5, 0.5, 0.5, 0.5, 0.5, 0.5, 0.5, 0.5, 0.5, 0.5, 0.5, 0.5, 0.5, 0.5, 0.5, 0.5, 0.5, 0.5, 0.5, 0.5, 0.5, 0.5, 0.5, 0.5, 0.5, 0.5, 0.5, 0.5, 0.5, 0.5, 0.5, 0.5, 0.5, 0.5, 0.5, 0.5, 0.5, 0.5, 0.5, 0.5, 0.5, 0.5, 0.5, 0.5, 0.5, 0.5, 0.5, 0.5, 0.5, 0.5, 0.5, 0.5, 0.5, 0.5, 0.5, 0.5, 0.5, 0.5, 0.5, 0.5, 0.5, 0.5, 0.5, 0.5, 0.5, 0.5, 0.5, 0.5, 0.5, 0.5, 0.5, 0.5, 0.5, 0.5, 0.5, 0.5, 0.5, 0.5, 0.5, 0.5, 0.5, 0.5, 0.5, 0.5, 0.5, 0.5, 0.5, 0.5, 0.5, 0.5, 0.5, 0.5, 0.5, 0.5, 0.5, 0.5, 0.5, 0.5, 0.5, 0.5, 0.5, 0.5, 0.5, 0.5, 0.5, 0.5, 0.5, 0.5, 0.5, 0.5, 0.5, 0.5, 0.5, 0.5, 0.5, 0.5, 0.5, 0.5, 0.5, 0.5, 0.5, 0.5, 0.5, 0.5, 0.5, 0.5, 0.5, 0.5, 0.5, 0.5, 0.5, 0.5, 0.5, 0.5, 0.5, 0.5, 0.5, 0.5, 0.5, 0.5, 0.5, 0.5, 0.5, 0.5, 0.5, 0.5, 0.5, 0.5, 0.5, 0.5, 0.5, 0.5, 0.5, 0.5, 0.5, 0.5, 0.5, 0.5, 0.5, 0.5, 0.5, 0.5, 0.5, 0.5, 0.5, 0.5, 0.5, 0.5, 0.5, 0.5, 0.5, 0.5, 0.5, 0.5, 0.5, 0.5, 0.5, 0.5, 0.5, 0.5, 0.5, 0.5, 0.5, 0.5, 0.5, 0.5, 0.5, 0.5, 0.5, 0.5, 0.5, 0.5, 0.5, 0.5, 0.5, 0.5, 0.5, 0.5, 0.5, 0.5, 0.5, 0.5, 0.5, 0.5, 0.5, 0.5, 0.5, 0.5, 0.5, 0.5, 0.5, 0.5, 0.5, 0.5, 0.5, 0.5, 0.5, 0.5, 0.5, 0.5, 0.5, 0.5, 0.5, 0.5, 0.5, 0.5, 0.5, 0.5, 0.5, 0.5, 0.5, 0.5, 0.5, 0.5, 0.5, 0.5, 0.5, 0.5, 0.5, 0.5, 0.5, 0.5, 0.5, 0.5, 0.5, 0.5, 0.5, 0.5, 0.5, 0.5, 0.5, 0.5, 0.5, 0.5, 0.5, 0.5, 0.5, 0.5, 0.5, 0.5, 0.5, 0.5, 0.5, 0.5, 0.5, 0.5, 0.5, 0.5, 0.5, 0.5, 0.5, 0.5, 0.5, 0.5, 0.5, 0.5, 0.5, 0.5, 0.5, 0.5, 0.5, 0.5, 0.5, 0.5, 0.5, 0.5, 0.5, 0.5, 0.5, 0.5, 0.5, 0.5, 0.5, 0.5, 0.5, 0.5, 0.5, 0.5, 0.5, 0.5, 0.5, 0.5, 0.5, 0.5, 0.5, 0.5, 0.5, 0.5, 0.5, 0.5, 0.5, 0.5, 0.5, 0.5, 0.5, 0.5, 0.5, 0.5, 0.5, 0.5, 0.5, 0.5, 0.5, 0.5, 0.5, 0.5, 0.5, 0.5, 0.5, 0.5, 0.5, 0.5, 0.5, 0.5, 0.5, 0.5, 0.5, 0.5, 0.5, 0.5, 0.5, 0.5, 0.5, 0.5, 0.5, 0.5, 0.5, 0.5, 0.5, 0.5, 0.5, 0.5, 0.5, 0.5, 0.5, 0.5, 0.5, 0.5, 0.5, 0.5, 0.5, 0.5, 0.5, 0.5, 0.5, 0.5, 0.5, 0.5, 0.5, 0.5, 0.5, 0.5, 0.5, 0.5, 0.5, 0.5, 0.5, 0.5, 0.5, 0.5, 0.5, 0.5, 0.5, 0.5, 0.5, 0.5, 0.5, 0.5, 0.5, 0.5, 0.5, 0.5, 0.5, 0.5, 0.5, 0.5, 0.5, 0.5, 0.5, 0.5, 0.5, 0.5, 0.5, 0.5, 0.5, 0.5, 0.5, 0.5, 0.5, 0.5, 0.5, 0.5, 0.5, 0.5, 0.5, 0.5, 0.5, 0.5, 0.5, 0.5, 0.5, 0.5, 0.5, 0.5, 0.5, 0.5, 0.5, 0.5, 0.5, 0.5, 0.5, 0.5, 0.5, 0.5, 0.5, 0.5, 0.5, 0.5, 0.5, 0.5, 0.5, 0.5, 0.5, 0.5, 0.5, 0.5, 0.5, 0.5, 0.5, 0.5, 0.5, 0.5, 0.5, 0.5, 0.5, 0.5, 0.5, 0.5, 0.5, 0.5, 0.5, 0.5, 0.5, 0.5, 0.5, 0.5, 0.5, 0.5, 0.5, 0.5, 0.5, 0.5, 0.5, 0.5, 0.5, 0.5, 0.5, 0.5, 0.5, 0.5, 0.5, 0.5, 0.5, 0.5, 0.5, 0.5, 0.5, 0.5, 0.5, 0.5, 0.5, 0.5, 0.5, 0.5, 0.5, 0.5, 0.5, 0.5, 0.5, 0.5, 0.5, 0.5, 0.5, 0.5, 0.5, 0.5, 0.5, 0.5, 0.5, 0.5, 0.5, 0.5, 0.5, 0.5, 0.5, 0.5, 0.5, 0.5, 0.5, 0.5, 0.5, 0.5, 0.5, 0.5, 0.5, 0.5, 0.5, 0.5, 0.5, 0.5, 0.5, 0.5, 0.5, 0.5, 0.5, 0.5, 0.5, 0.5, 0.5, 0.5, 0.5, 0.5, 0.5, 0.5, 0.5, 0.5, 0.5, 0.5, 0.5, 0.5, 0.5, 0.5, 0.5, 0.5, 0.5, 0.5, 0.5, 0.5, 0.5, 0.5, 0.5, 0.5, 0.5, 0.5, 0.5, 0.5, 0.5, 0.5, 0.5, 0.5, 0.5, 0.5, 0.5, 0.5, 0.5, 0.5, 0.5, 0.5, 0.5, 0.5, 0.5, 0.5, 0.5, 0.5, 0.5, 0.5, 0.5, 0.5, 0.5, 0.5, 0.5, 0.5, 0.5, 0.5, 0.5, 0.5, 0.5, 0.5, 0.5, 0.5, 0.5, 0.5, 0.5, 0.5, 0.5, 0.5, 0.5, 0.5, 0.5, 0.5, 0.5, 0.5, 0.5, 0.5, 0.5, 0.5, 0.5, 0.5, 0.5, 0.5, 0.5, 0.5, 0.5, 0.5, 0.5, 0.5, 0.5, 0.5, 0.5, 0.5, 0.5, 0.5, 0.5, 0.5, 0.5, 0.5, 0.5, 0.5, 0.5, 0.5, 0.5, 0.5, 0.5, 0.5, 0.5, 0.5, 0.5, 0.5, 0.5, 0.5, 0.5, 0.5, 0.5, 0.5, 0.5, 0.5, 0.5, 0.5, 0.5, 0.5, 0.5, 0.5, 0.5, 0.5, 0.5, 0.5, 0.5, 0.5, 0.5, 0.5, 0.5, 0.5, 0.5, 0.5, 0.5, 0.5, 0.5, 0.5, 0.5, 0.5, 0.5, 0.5, 0.5, 0.5, 0.5, 0.5, 0.5, 0.5, 0.5, 0.5, 0.5, 0.5, 0.5, 0.5, 0.5, 0.5, 0.5, 0.5, 0.5, 0.5, 0.5, 0.5, 0.5, 0.5, 0.5, 0.5, 0.5, 0.5, 0.5, 0.5, 0.5, 0.5, 0.5, 0.5, 0.5, 0.5, 0.5, 0.5, 0.5, 0.5, 0.5, 0.5, 0.5, 0.5, 0.5, 0.5, 0.5, 0.5, 0.5, 0.5, 0.5, 0.5, 0.5, 0.5, 0.5, 0.5, 0.5, 0.5, 0.5, 0.5, 0.5, 0.5, 0.5, 0.5, 0.5, 0.5, 0.5, 0.5, 0.5, 0.5, 0.5, 0.5, 0.5, 0.5, 0.5, 0.5, 0.5, 0.5, 0.5, 0.5, 0.5, 0.5, 0.5, 0.5, 0.5, 0.5, 0.5, 0.5, 0.5, 0.5, 0.5, 0.5, 0.5, 0.5, 0.5, 0.5, 0.5, 0.5, 0.5, 0.5, 0.5, 0.5, 0.5, 0.5, 0.5, 0.5, 0.5, 0.5, 0.5, 0.5, 0.5, 0.5, 0.5, 0.5, 0.5, 0.5, 0.5, 0.5, 0.5, 0.5, 0.5, 0.5, 0.5, 0.5, 0.5, 0.5, 0.5, 0.5, 0.5, 0.5, 0.5, 0.5, 0.5, 0.5, 0.5, 0.5, 0.5, 0.5, 0.5, 0.5, 0.5, 0.5, 0.5, 0.5, 0.5, 0.5, 0.5, 0.5, 0.5, 0.5, 0.5, 0.5, 0.5, 0.5, 0.5, 0.5, 0.5, 0.5, 0.5, 0.5, 0.5, 0.5, 0.5, 0.5, 0.5, 0.5, 0.5, 0.5, 0.5, 0.5, 0.5, 0.5, 0.5, 0.5, 0.5, 0.5, 0.5, 0.5, 0.5, 0.5, 0.5, 0.5, 0.5, 0.5, 0.5, 0.5, 0.5, 0.5, 0.5, 0.5, 0.5, 0.5, 0.5, 0.5, 0.5, 0.5, 0.5, 0.5, 0.5, 0.5, 0.5, 0.5, 0.5, 0.5, 0.5, 0.5, 0.5, 0.5, 0.5, 0.5, 0.5, 0.5, 0.5, 0.5, 0.5, 0.5]",0
2026_11_KICE_22-26_0,['5(2)'],"1번: (가)는 계절을 나타내는 소재로 시적 분위기를 조성하고 있지만, 이 설명만으로는 (가)～(다)에 대한 설명으로는 부족하다. + ""(가) 두고 온 것들이 빛나는 때가 있다""
2번: (나)는 자연을 관조하며 시적 상황을 탈속적 태도로 바라보고 있지만, 이 설명만으로는 (가)～(다)에 대한 설명으로는 부족하다. + ""(나) 감나무 잎새를 흔드는 게 어찌 바람뿐이랴.""
3번: (다)는 글쓴이와 타인의 생각을 비교하며 세태를 비판하고 있지만, 이 설명만으로는 (가)～(다)에 대한 설명으로는 부족하다. + ""(다) 천지간에 만물이 소리를 내게 만드는 것은 무엇인가?""
4번: (가)와 (다)는 모두, 연쇄적 표현을 통해 주체의 태도 변화 과정을 보여 주고 있다. 이 설명은 (가)～(다)에 대한 설명으로 적절하다. + ""(가) 두고 온 것들이 빛나는 때가 있다"", ""(다) 천지간에 만물이 소리를 내게 만드는 것은 무엇인가?""
5번: (나)와 (다)는 모두, 가정적 표현을 통해 대상의 속성을 드러내고 있지만, 이 설명만으로는 (가)～(다)에 대한 설명으로는 부족하다. + ""(나) 감나무 잎새를 흔드는 게 어찌 바람뿐이랴."", ""(다) 천지간에 만물이 소리를 내게 만드는 것은 무엇인가?""

최종 정답: 4번","[16, 167, 110, 230, 25, 357, 166, 108, 222, 8, 167, 232, 242, 220, 166, 111, 226, 168, 254, 230, 35975, 226, 31619, 224, 246, 169, 225, 222, 167, 224, 112, 167, 232, 242, 23821, 228, 234, 168, 252, 105, 167, 94, 250, 23821, 233, 250, 168, 254, 223, 31619, 114, 226, 168, 250, 226, 166, 116, 108, 167, 98, 120, 23821, 94, 108, 168, 226, 109, 47991, 246, 166, 111, 254, 23821, 252, 230, 168, 100, 222, 167, 100, 234, 11, 23821, 251, 112, 23821, 226, 97, 167, 103, 227, 167, 100, 234, 168, 250, 120, 167, 94, 250, 167, 232, 242, 357, 166, 108, 222, 8, 171, 121, 252, 7, 46695, 97, 8, 168, 245, 238, 31619, 234, 222, 47991, 250, 23821, 226, 97, 167, 103, 227, 168, 250, 120, 167, 94, 250, 167, 232, 242, 31619, 114, 222, 168, 94, 109, 47991, 246, 46695, 97, 13, 1343, 30629, 166, 108, 222, 8, 31619, 239, 238, 166, 111, 254, 23821, 246, 101, 220, 166, 110, 225, 167, 241, 97, 35975, 112, 31619, 117, 249, 167, 224, 246, 167, 232, 242, 31619, 243, 234, 166, 108, 222, 23821, 252, 230, 46695, 97, 1, 198, 17, 167, 110, 230, 25, 357, 167, 224, 246, 8, 167, 232, 242, 23821, 252, 238, 168, 245, 108, 35975, 226, 220, 166, 112, 222, 168, 94, 108, 47991, 246, 167, 102, 108, 23821, 233, 250, 168, 254, 223, 23821, 225, 223, 169, 247, 102, 35975, 226, 220, 169, 225, 230, 168, 228, 235, 168, 254, 223, 220, 169, 225, 250, 167, 237, 226, 167, 94, 250, 31619, 108, 242, 167, 251, 120, 167, 111, 112, 166, 111, 254, 23821, 252, 230, 168, 100, 222, 167, 100, 234, 11, 23821, 251, 112, 23821, 226, 97, 167, 103, 227, 167, 100, 234, 168, 250, 120, 167, 94, 250, 167, 232, 242, 357, 166, 108, 222, 8, 171, 121, 252, 7, 46695, 97, 8, 168, 245, 238, 31619, 234, 222, 47991, 250, 23821, 226, 97, 167, 103, 227, 168, 250, 120, 167, 94, 250, 167, 232, 242, 31619, 114, 222, 168, 94, 109, 47991, 246, 46695, 97, 13, 1343, 30629, 167, 224, 246, 8, 220, 166, 108, 238, 167, 224, 246, 167, 105, 112, 23821, 252, 236, 168, 225, 230, 167, 98, 120, 220, 169, 251, 242, 167, 241, 250, 167, 232, 242, 220, 166, 110, 234, 23821, 244, 112, 168, 108, 234, 31619, 108, 242, 167, 252, 234, 167, 123, 238, 35975, 112, 167, 252, 112, 526, 198, 18, 167, 110, 230, 25, 357, 46695, 97, 8, 167, 232, 242, 220, 166, 116, 222, 168, 241, 112, 35975, 112, 168, 247, 222, 220, 169, 225, 222, 35975, 116, 35975, 246, 23821, 225, 251, 166, 108, 223, 35975, 226, 31619, 117, 226, 166, 113, 238, 47991, 246, 167, 102, 108, 23821, 226, 116, 169, 225, 250, 167, 98, 120, 31619, 117, 226, 169, 234, 238, 47991, 246, 166, 111, 254, 23821, 252, 230, 168, 100, 222, 167, 100, 234, 11, 23821, 251, 112, 23821, 226, 97, 167, 103, 227, 167, 100, 234, 168, 250, 120, 167, 94, 250, 167, 232, 242, 357, 166, 108, 222, 8, 171, 121, 252, 7, 46695, 97, 8, 168, 245, 238, 31619, 234, 222, 47991, 250, 23821, 226, 97, 167, 103, 227, 168, 250, 120, 167, 94, 250, 167, 232, 242, 31619, 114, 222, 168, 94, 109, 47991, 246, 46695, 97, 13, 1343, 30629, 46695, 97, 8, 23821, 110, 250, 168, 100, 222, 166, 108, 226, 168, 245, 238, 31619, 100, 234, 167, 45539, 35975, 112, 23821, 228, 234, 167, 99, 105, 167, 98, 120, 31619, 224, 112, 166, 110, 234, 31619, 100, 234, 167, 241, 250, 167, 232, 242, 220, 166, 110, 225, 35975, 222, 31619, 105, 112, 168, 245, 229, 35975, 116, 166, 108, 222, 1701, 198, 19, 167, 110, 230, 25, 357, 166, 108, 222, 8, 168, 247, 222, 357, 46695, 97, 8, 167, 232, 242, 31619, 103, 101, 167, 239, 238, 11, 23821, 245, 108, 168, 229, 226, 168, 254, 223, 220, 169, 239, 250, 169, 246, 226, 35975, 226, 220, 169, 228, 113, 47991, 112, 23821, 96, 120, 168, 110, 112, 35975, 246, 220, 169, 225, 250, 167, 237, 226, 31619, 111, 222, 169, 247, 242, 220, 166, 111, 120, 168, 254, 243, 35975, 226, 31619, 111, 112, 168, 245, 105, 23821, 96, 120, 166, 111, 254, 23821, 252, 230, 46695, 97, 13, 23821, 251, 112, 23821, 226, 97, 167, 103, 227, 35975, 222, 357, 166, 108, 222, 8, 171, 121, 252, 7, 46695, 97, 8, 168, 245, 238, 31619, 234, 222, 47991, 250, 23821, 226, 97, 167, 103, 227, 168, 250, 120, 167, 94, 250, 23821, 254, 223, 168, 254, 230, 47991, 246, 46695, 97, 13, 1343, 30629, 166, 108, 222, 8, 31619, 239, 238, 166, 111, 254, 23821, 246, 101, 220, 166, 110, 225, 167, 241, 97, 35975, 112, 31619, 117, 249, 167, 224, 246, 167, 232, 242, 31619, 243, 234, 166, 108, 222, 23821, 252, 230, 46695, 97, 1600, 30629, 46695, 97, 8, 23821, 110, 250, 168, 100, 222, 166, 108, 226, 168, 245, 238, 31619, 100, 234, 167, 45539, 35975, 112, 23821, 228, 234, 167, 99, 105, 167, 98, 120, 31619, 224, 112, 166, 110, 234, 31619, 100, 234, 167, 241, 250, 167, 232, 242, 220, 166, 110, 225, 35975, 222, 31619, 105, 112, 168, 245, 229, 35975, 116, 166, 108, 222, 1701, 198, 20, 167, 110, 230, 25, 357, 167, 224, 246, 8, 168, 247, 222, 357, 46695, 97, 8, 167, 232, 242, 31619, 103, 101, 167, 239, 238, 11, 220, 166, 108, 222, 168, 254, 243, 168, 254, 223, 220, 169, 239, 250, 169, 246, 226, 35975, 226, 220, 169, 228, 113, 47991, 112, 31619, 234, 222, 168, 225, 223, 35975, 246, 23821, 228, 235, 168, 226, 109, 35975, 226, 31619, 241, 250, 167, 253, 105, 167, 224, 112, 166, 111, 254, 23821, 252, 230, 168, 100, 222, 167, 100, 234, 11, 23821, 251, 112, 23821, 226, 97, 167, 103, 227, 167, 100, 234, 168, 250, 120, 167, 94, 250, 167, 232, 242, 357, 166, 108, 222, 8, 171, 121, 252, 7, 46695, 97, 8, 168, 245, 238, 31619, 234, 222, 47991, 250, 23821, 226, 97, 167, 103, 227, 168, 250, 120, 167, 94, 250, 167, 232, 242, 31619, 114, 222, 168, 94, 109, 47991, 246, 46695, 97, 13, 1343, 30629, 167, 224, 246, 8, 220, 166, 108, 238, 167, 224, 246, 167, 105, 112, 23821, 252, 236, 168, 225, 230, 167, 98, 120, 220, 169, 251, 242, 167, 241, 250, 167, 232, 242, 220, 166, 110, 234, 23821, 244, 112, 168, 108, 234, 31619, 108, 242, 167, 252, 234, 167, 123, 238, 35975, 112, 167, 252, 112, 33283, 30629, 46695, 97, 8, 23821, 110, 250, 168, 100, 222, 166, 108, 226, 168, 245, 238, 31619, 100, 234, 167, 45539, 35975, 112, 23821, 228, 234, 167, 99, 105, 167, 98, 120, 31619, 224, 112, 166, 110, 234, 31619, 100, 234, 167, 241, 250, 167, 232, 242, 220, 166, 110, 225, 35975, 222, 31619, 105, 112, 168, 245, 229, 35975, 116, 166, 108, 222, 1701, 198, 198, 168, 113, 250, 168, 95, 227, 23821, 254, 243, 46695, 113, 25, 604, 167, 110, 230]","[0.5, 0.5, 0.5, 0.5, 0.5, 0.5, 0.5, 0.5, 0.5, 0.5, 0.5, 0.5, 0.5, 0.5, 0.5, 0.5, 0.5, 0.5, 0.5, 0.5, 0.5, 0.5, 0.5, 0.5, 0.5, 0.5, 0.5, 0.5, 0.5, 0.5, 0.5, 0.5, 0.5, 0.5, 0.5, 0.5, 0.5, 0.5, 0.5, 0.5, 0.5, 0.5, 0.5, 0.5, 0.5, 0.5, 0.5, 0.5, 0.5, 0.5, 0.5, 0.5, 0.5, 0.5, 0.5, 0.5, 0.5, 0.5, 0.5, 0.5, 0.5, 0.5, 0.5, 0.5, 0.5, 0.5, 0.5, 0.5, 0.5, 0.5, 0.5, 0.5, 0.5, 0.5, 0.5, 0.5, 0.5, 0.5, 0.5, 0.5, 0.5, 0.5, 0.5, 0.5, 0.5, 0.5, 0.5, 0.5, 0.5, 0.5, 0.5, 0.5, 0.5, 0.5, 0.5, 0.5, 0.5, 0.5, 0.5, 0.5, 0.5, 0.5, 0.5, 0.5, 0.5, 0.5, 0.5, 0.5, 0.5, 0.5, 0.5, 0.5, 0.5, 0.5, 0.5, 0.5, 0.5, 0.5, 0.5, 0.5, 0.5, 0.5, 0.5, 0.5, 0.5, 0.5, 0.5, 0.5, 0.5, 0.5, 0.5, 0.5, 0.5, 0.5, 0.5, 0.5, 0.5, 0.5, 0.5, 0.5, 0.5, 0.5, 0.5, 0.5, 0.5, 0.5, 0.5, 0.5, 0.5, 0.5, 0.5, 0.5, 0.5, 0.5, 0.5, 0.5, 0.5, 0.5, 0.5, 0.5, 0.5, 0.5, 0.5, 0.5, 0.5, 0.5, 0.5, 0.5, 0.5, 0.5, 0.5, 0.5, 0.5, 0.5, 0.5, 0.5, 0.5, 0.5, 0.5, 0.5, 0.5, 0.5, 0.5, 0.5, 0.5, 0.5, 0.5, 0.5, 0.5, 0.5, 0.5, 0.5, 0.5, 0.5, 0.5, 0.5, 0.5, 0.5, 0.5, 0.5, 0.5, 0.5, 0.5, 0.5, 0.5, 0.5, 0.5, 0.5, 0.5, 0.5, 0.5, 0.5, 0.5, 0.5, 0.5, 0.5, 0.5, 0.5, 0.5, 0.5, 0.5, 0.5, 0.5, 0.5, 0.5, 0.5, 0.5, 0.5, 0.5, 0.5, 0.5, 0.5, 0.5, 0.5, 0.5, 0.5, 0.5, 0.5, 0.5, 0.5, 0.5, 0.5, 0.5, 0.5, 0.5, 0.5, 0.5, 0.5, 0.5, 0.5, 0.5, 0.5, 0.5, 0.5, 0.5, 0.5, 0.5, 0.5, 0.5, 0.5, 0.5, 0.5, 0.5, 0.5, 0.5, 0.5, 0.5, 0.5, 0.5, 0.5, 0.5, 0.5, 0.5, 0.5, 0.5, 0.5, 0.5, 0.5, 0.5, 0.5, 0.5, 0.5, 0.5, 0.5, 0.5, 0.5, 0.5, 0.5, 0.5, 0.5, 0.5, 0.5, 0.5, 0.5, 0.5, 0.5, 0.5, 0.5, 0.5, 0.5, 0.5, 0.5, 0.5, 0.5, 0.5, 0.5, 0.5, 0.5, 0.5, 0.5, 0.5, 0.5, 0.5, 0.5, 0.5, 0.5, 0.5, 0.5, 0.5, 0.5, 0.5, 0.5, 0.5, 0.5, 0.5, 0.5, 0.5, 0.5, 0.5, 0.5, 0.5, 0.5, 0.5, 0.5, 0.5, 0.5, 0.5, 0.5, 0.5, 0.5, 0.5, 0.5, 0.5, 0.5, 0.5, 0.5, 0.5, 0.5, 0.5, 0.5, 0.5, 0.5, 0.5, 0.5, 0.5, 0.5, 0.5, 0.5, 0.5, 0.5, 0.5, 0.5, 0.5, 0.5, 0.5, 0.5, 0.5, 0.5, 0.5, 0.5, 0.5, 0.5, 0.5, 0.5, 0.5, 0.5, 0.5, 0.5, 0.5, 0.5, 0.5, 0.5, 0.5, 0.5, 0.5, 0.5, 0.5, 0.5, 0.5, 0.5, 0.5, 0.5, 0.5, 0.5, 0.5, 0.5, 0.5, 0.5, 0.5, 0.5, 0.5, 0.5, 0.5, 0.5, 0.5, 0.5, 0.5, 0.5, 0.5, 0.5, 0.5, 0.5, 0.5, 0.5, 0.5, 0.5, 0.5, 0.5, 0.5, 0.5, 0.5, 0.5, 0.5, 0.5, 0.5, 0.5, 0.5, 0.5, 0.5, 0.5, 0.5, 0.5, 0.5, 0.5, 0.5, 0.5, 0.5, 0.5, 0.5, 0.5, 0.5, 0.5, 0.5, 0.5, 0.5, 0.5, 0.5, 0.5, 0.5, 0.5, 0.5, 0.5, 0.5, 0.5, 0.5, 0.5, 0.5, 0.5, 0.5, 0.5, 0.5, 0.5, 0.5, 0.5, 0.5, 0.5, 0.5, 0.5, 0.5, 0.5, 0.5, 0.5, 0.5, 0.5, 0.5, 0.5, 0.5, 0.5, 0.5, 0.5, 0.5, 0.5, 0.5, 0.5, 0.5, 0.5, 0.5, 0.5, 0.5, 0.5, 0.5, 0.5, 0.5, 0.5, 0.5, 0.5, 0.5, 0.5, 0.5, 0.5, 0.5, 0.5, 0.5, 0.5, 0.5, 0.5, 0.5, 0.5, 0.5, 0.5, 0.5, 0.5, 0.5, 0.5, 0.5, 0.5, 0.5, 0.5, 0.5, 0.5, 0.5, 0.5, 0.5, 0.5, 0.5, 0.5, 0.5, 0.5, 0.5, 0.5, 0.5, 0.5, 0.5, 0.5, 0.5, 0.5, 0.5, 0.5, 0.5, 0.5, 0.5, 0.5, 0.5, 0.5, 0.5, 0.5, 0.5, 0.5, 0.5, 0.5, 0.5, 0.5, 0.5, 0.5, 0.5, 0.5, 0.5, 0.5, 0.5, 0.5, 0.5, 0.5, 0.5, 0.5, 0.5, 0.5, 0.5, 0.5, 0.5, 0.5, 0.5, 0.5, 0.5, 0.5, 0.5, 0.5, 0.5, 0.5, 0.5, 0.5, 0.5, 0.5, 0.5, 0.5, 0.5, 0.5, 0.5, 0.5, 0.5, 0.5, 0.5, 0.5, 0.5, 0.5, 0.5, 0.5, 0.5, 0.5, 0.5, 0.5, 0.5, 0.5, 0.5, 0.5, 0.5, 0.5, 0.5, 0.5, 0.5, 0.5, 0.5, 0.5, 0.5, 0.5, 0.5, 0.5, 0.5, 0.5, 0.5, 0.5, 0.5, 0.5, 0.5, 0.5, 0.5, 0.5, 0.5, 0.5, 0.5, 0.5, 0.5, 0.5, 0.5, 0.5, 0.5, 0.5, 0.5, 0.5, 0.5, 0.5, 0.5, 0.5, 0.5, 0.5, 0.5, 0.5, 0.5, 0.5, 0.5, 0.5, 0.5, 0.5, 0.5, 0.5, 0.5, 0.5, 0.5, 0.5, 0.5, 0.5, 0.5, 0.5, 0.5, 0.5, 0.5, 0.5, 0.5, 0.5, 0.5, 0.5, 0.5, 0.5, 0.5, 0.5, 0.5, 0.5, 0.5, 0.5, 0.5, 0.5, 0.5, 0.5, 0.5, 0.5, 0.5, 0.5, 0.5, 0.5, 0.5, 0.5, 0.5, 0.5, 0.5, 0.5, 0.5, 0.5, 0.5, 0.5, 0.5, 0.5, 0.5, 0.5, 0.5, 0.5, 0.5, 0.5, 0.5, 0.5, 0.5, 0.5, 0.5, 0.5, 0.5, 0.5, 0.5, 0.5, 0.5, 0.5, 0.5, 0.5, 0.5, 0.5, 0.5, 0.5, 0.5, 0.5, 0.5, 0.5, 0.5, 0.5, 0.5, 0.5, 0.5, 0.5, 0.5, 0.5, 0.5, 0.5, 0.5, 0.5, 0.5, 0.5, 0.5, 0.5, 0.5, 0.5, 0.5, 0.5, 0.5, 0.5, 0.5, 0.5, 0.5, 0.5, 0.5, 0.5, 0.5, 0.5, 0.5, 0.5, 0.5, 0.5, 0.5, 0.5, 0.5, 0.5, 0.5, 0.5, 0.5, 0.5, 0.5, 0.5, 0.5, 0.5, 0.5, 0.5, 0.5, 0.5, 0.5, 0.5, 0.5, 0.5, 0.5, 0.5, 0.5, 0.5, 0.5, 0.5, 0.5, 0.5, 0.5, 0.5, 0.5, 0.5, 0.5, 0.5, 0.5, 0.5, 0.5, 0.5, 0.5, 0.5, 0.5, 0.5, 0.5, 0.5, 0.5, 0.5, 0.5, 0.5, 0.5, 0.5, 0.5, 0.5, 0.5, 0.5, 0.5, 0.5, 0.5, 0.5, 0.5, 0.5, 0.5, 0.5, 0.5, 0.5, 0.5, 0.5, 0.5, 0.5, 0.5, 0.5, 0.5, 0.5, 0.5, 0.5, 0.5, 0.5, 0.5, 0.5, 0.5, 0.5, 0.5, 0.5, 0.5, 0.5, 0.5, 0.5, 0.5, 0.5, 0.5, 0.5, 0.5, 0.5, 0.5, 0.5, 0.5, 0.5, 0.5, 0.5, 0.5, 0.5, 0.5, 0.5, 0.5, 0.5, 0.5, 0.5, 0.5, 0.5, 0.5, 0.5, 0.5, 0.5, 0.5, 0.5, 0.5, 0.5, 0.5, 0.5, 0.5, 0.5, 0.5, 0.5, 0.5, 0.5, 0.5, 0.5, 0.5, 0.5, 0.5, 0.5, 0.5, 0.5, 0.5, 0.5, 0.5, 0.5, 0.5, 0.5, 0.5, 0.5, 0.5, 0.5, 0.5, 0.5, 0.5, 0.5, 0.5, 0.5, 0.5, 0.5, 0.5, 0.5, 0.5, 0.5, 0.5, 0.5, 0.5, 0.5, 0.5, 0.5, 0.5, 0.5, 0.5, 0.5, 0.5, 0.5, 0.5, 0.5, 0.5, 0.5, 0.5, 0.5, 0.5, 0.5, 0.5, 0.5, 0.5, 0.5, 0.5, 0.5, 0.5, 0.5, 0.5, 0.5, 0.5, 0.5, 0.5, 0.5, 0.5, 0.5, 0.5, 0.5, 0.5, 0.5, 0.5, 0.5, 0.5, 0.5, 0.5, 0.5, 0.5, 0.5, 0.5, 0.5, 0.5, 0.5, 0.5, 0.5, 0.5, 0.5, 0.5, 0.5, 0.5, 0.5, 0.5, 0.5, 0.5, 0.5, 0.5, 0.5, 0.5, 0.5, 0.5, 0.5, 0.5, 0.5, 0.5, 0.5, 0.5, 0.5, 0.5, 0.5, 0.5, 0.5, 0.5, 0.5, 0.5, 0.5, 0.5, 0.5, 0.5, 0.5, 0.5, 0.5, 0.5, 0.5, 0.5, 0.5, 0.5, 0.5, 0.5, 0.5, 0.5, 0.5, 0.5, 0.5, 0.5, 0.5, 0.5, 0.5, 0.5, 0.5, 0.5, 0.5, 0.5, 0.5, 0.5, 0.5, 0.5, 0.5, 0.5, 0.5, 0.5, 0.5, 0.5, 0.5, 0.5, 0.5, 0.5, 0.5, 0.5, 0.5, 0.5, 0.5, 0.5, 0.5, 0.5, 0.5, 0.5, 0.5, 0.5, 0.5, 0.5, 0.5, 0.5, 0.5, 0.5, 0.5, 0.5, 0.5, 0.5, 0.5, 0.5, 0.5, 0.5, 0.5, 0.5, 0.5, 0.5, 0.5, 0.5, 0.5, 0.5, 0.5, 0.5, 0.5, 0.5, 0.5, 0.5, 0.5, 0.5, 0.5, 0.5, 0.5, 0.5, 0.5, 0.5, 0.5, 0.5, 0.5, 0.5, 0.5, 0.5, 0.5, 0.5, 0.5, 0.5, 0.5, 0.5, 0.5, 0.5, 0.5, 0.5, 0.5, 0.5, 0.5, 0.5, 0.5, 0.5, 0.5, 0.5, 0.5, 0.5, 0.5, 0.5, 0.5, 0.5, 0.5, 0.5, 0.5, 0.5, 0.5, 0.5, 0.5, 0.5, 0.5, 0.5, 0.5, 0.5, 0.5, 0.5, 0.5, 0.5, 0.5, 0.5, 0.5, 0.5, 0.5, 0.5, 0.5, 0.5, 0.5, 0.5, 0.5, 0.5, 0.5, 0.5, 0.5, 0.5, 0.5, 0.5, 0.5, 0.5, 0.5, 0.5, 0.5, 0.5, 0.5, 0.5, 0.5, 0.5, 0.5, 0.5, 0.5, 0.5, 0.5, 0.5, 0.5, 0.5, 0.5, 0.5, 0.5, 0.5, 0.5, 0.5, 0.5, 0.5, 0.5, 0.5, 0.5, 0.5, 0.5, 0.5, 0.5, 0.5, 0.5, 0.5, 0.5, 0.5]",0
2026_11_KICE_22-26_1,['1(3)'],"1번: (가)와 (나)의 감상 내용이 적절하지 않음 + ""(가)와 (나)는 밝음과 어두움의 이미지를 활용하는 양상이 서로 다르다. (가)는 연대를 상실한 암울한 현실 상황을 어두운 밤으로 표상하고, 빛이 회복되는 미래에 대한 소망을 드러낸다. 이러한 소망은 소금을 뿌리며 그리운 이를 찾아 다니는 행동으로 형상화된다. (나)는 자연 속에서 공존하고 있는 명암의 이미지를 바탕으로 성숙에 대한 성찰을 드러낸다.""
2번: 적절함 + ""(가)에서 ‘빛나는 때를 위해’ ‘저녁’부터 ‘새벽’까지 길을 걷는 행동은, 빛이 회복되는 미래에 대한 소망을 드러내는 것으로 볼 수 있음""
3번: 적절함 + ""(나)에서 ‘반짝’이는 ‘잎새’와 ‘그늘’을 함께 지닌 ‘감나무’ 아래에 ‘평상을 놓’는 것은, 밝음과 어두움이 어우러져 있는 자연에서 내면에 대한 성찰을 이어 가고 있음을 나타내는 것임""
4번: 적절함 + ""(가)에서 ‘별 하나 눈뜨지 않’는 밤은 함께하던 이가 보이지 않는 상실의 상황을, (나)에서 ‘잠 뒤척’이는 ‘밤’은 마음이 감처럼 ‘익어’ 가는 데 필요한 성숙의 시간을 의미하는 것임""
5번: 적절하지 않음 + ""(가)와 (나)는 밝음과 어두움의 이미지를 활용하는 양상이 서로 다르다. (가)는 연대를 상실한 암울한 현실 상황을 어두운 밤으로 표상하고, 빛이 회복되는 미래에 대한 소망을 드러낸다. 이러한 소망은 소금을 뿌리며 그리운 이를 찾아 다니는 행동으로 형상화된다. (나)는 자연 속에서 공존하고 있는 명암의 이미지를 바탕으로 성숙에 대한 성찰을 드러낸다. 이들 간에는 서로 다른 어둠의 의미가 존재하기에, (가)와 (나) 모두 밝음이 나타날 것이라는 인식을 드러내지 않음""

최종 정답: 5번","[16, 167, 110, 230, 25, 357, 166, 108, 222, 8, 168, 247, 222, 357, 167, 224, 246, 8, 35975, 246, 220, 166, 108, 238, 168, 225, 223, 31619, 224, 112, 168, 248, 102, 35975, 112, 23821, 254, 223, 168, 254, 230, 47991, 246, 168, 100, 222, 23821, 243, 232, 35975, 234, 1343, 30629, 166, 108, 222, 8, 168, 247, 222, 357, 167, 224, 246, 8, 167, 232, 242, 31619, 108, 251, 35975, 234, 166, 111, 120, 23821, 244, 112, 167, 239, 238, 168, 249, 222, 35975, 246, 23821, 251, 112, 167, 107, 116, 168, 100, 222, 167, 98, 120, 220, 169, 247, 250, 168, 248, 102, 47991, 246, 167, 232, 242, 23821, 244, 239, 168, 225, 223, 35975, 112, 23821, 226, 250, 167, 94, 250, 31619, 233, 97, 167, 98, 112, 46695, 97, 13, 357, 166, 108, 222, 8, 167, 232, 242, 23821, 245, 108, 167, 234, 222, 167, 98, 120, 23821, 225, 223, 168, 233, 97, 47991, 250, 23821, 243, 242, 168, 248, 116, 47991, 250, 220, 169, 246, 226, 168, 233, 97, 23821, 225, 223, 169, 247, 102, 35975, 226, 23821, 244, 112, 167, 239, 238, 168, 248, 112, 31619, 108, 97, 168, 250, 120, 167, 94, 250, 220, 169, 239, 250, 168, 225, 223, 47991, 246, 166, 111, 254, 11, 31619, 117, 249, 35975, 112, 220, 169, 248, 234, 167, 111, 113, 167, 238, 246, 167, 232, 242, 31619, 107, 116, 167, 252, 246, 168, 245, 238, 31619, 234, 222, 47991, 250, 23821, 228, 234, 167, 100, 251, 35975, 226, 31619, 241, 250, 167, 253, 105, 167, 224, 116, 46695, 97, 13, 23821, 251, 112, 167, 253, 105, 47991, 250, 23821, 228, 234, 167, 100, 251, 35975, 222, 23821, 228, 234, 166, 116, 230, 35975, 226, 31619, 123, 234, 167, 99, 105, 167, 102, 108, 220, 166, 115, 116, 167, 99, 105, 168, 248, 112, 23821, 251, 112, 167, 98, 120, 23821, 108, 122, 168, 243, 226, 31619, 233, 97, 46695, 230, 167, 232, 242, 220, 169, 244, 231, 167, 237, 247, 168, 250, 120, 167, 94, 250, 220, 169, 246, 243, 168, 225, 223, 169, 247, 242, 167, 238, 250, 46695, 97, 13, 357, 167, 224, 246, 8, 167, 232, 242, 23821, 252, 238, 168, 245, 108, 23821, 228, 235, 168, 245, 238, 168, 226, 250, 220, 166, 111, 113, 168, 94, 112, 47991, 246, 166, 111, 254, 23821, 252, 230, 167, 232, 242, 31619, 103, 227, 168, 243, 242, 35975, 246, 23821, 251, 112, 167, 107, 116, 168, 100, 222, 167, 98, 120, 31619, 108, 242, 169, 225, 243, 168, 250, 120, 167, 94, 250, 23821, 226, 109, 168, 230, 247, 168, 245, 238, 31619, 234, 222, 47991, 250, 23821, 226, 109, 168, 108, 108, 35975, 226, 31619, 241, 250, 167, 253, 105, 167, 224, 116, 46695, 97, 526, 198, 17, 167, 110, 230, 25, 23821, 254, 223, 168, 254, 230, 47991, 101, 1343, 30629, 166, 108, 222, 8, 168, 245, 238, 168, 226, 250, 564, 246, 167, 117, 249, 167, 224, 246, 167, 232, 242, 31619, 243, 234, 167, 98, 120, 23821, 250, 226, 47991, 112, 447, 247, 564, 246, 168, 254, 222, 167, 227, 223, 447, 247, 167, 114, 222, 169, 226, 108, 564, 246, 168, 225, 230, 167, 110, 121, 447, 247, 166, 117, 234, 168, 100, 222, 220, 166, 116, 116, 35975, 226, 220, 166, 109, 115, 167, 232, 242, 220, 169, 244, 231, 167, 237, 247, 35975, 222, 11, 31619, 117, 249, 35975, 112, 220, 169, 248, 234, 167, 111, 113, 167, 238, 246, 167, 232, 242, 31619, 107, 116, 167, 252, 246, 168, 245, 238, 31619, 234, 222, 47991, 250, 23821, 228, 234, 167, 100, 251, 35975, 226, 31619, 241, 250, 167, 253, 105, 167, 224, 112, 167, 232, 242, 220, 166, 110, 225, 168, 250, 120, 167, 94, 250, 31619, 111, 120, 23821, 230, 246, 23821, 252, 230, 35975, 234, 1, 198, 18, 167, 110, 230, 25, 23821, 254, 223, 168, 254, 230, 47991, 101, 1343, 30629, 167, 224, 246, 8, 168, 245, 238, 168, 226, 250, 564, 246, 167, 108, 246, 168, 100, 251, 447, 247, 35975, 112, 167, 232, 242, 564, 246, 168, 252, 236, 168, 225, 230, 447, 247, 168, 247, 222, 564, 246, 166, 115, 116, 167, 232, 246, 447, 247, 35975, 226, 220, 47991, 101, 166, 119, 246, 23821, 100, 222, 46695, 234, 564, 246, 166, 108, 238, 167, 224, 246, 167, 105, 112, 447, 247, 23821, 243, 226, 167, 252, 246, 168, 245, 238, 564, 246, 169, 237, 231, 168, 225, 223, 35975, 226, 31619, 228, 241, 447, 247, 167, 232, 242, 220, 166, 110, 225, 35975, 222, 11, 31619, 108, 251, 35975, 234, 166, 111, 120, 23821, 244, 112, 167, 239, 238, 168, 249, 222, 35975, 112, 23821, 244, 112, 168, 248, 108, 167, 253, 105, 168, 254, 116, 23821, 252, 230, 167, 232, 242, 23821, 252, 238, 168, 245, 108, 168, 245, 238, 168, 226, 250, 31619, 224, 112, 167, 102, 112, 168, 245, 238, 31619, 234, 222, 47991, 250, 23821, 226, 109, 168, 108, 108, 35975, 226, 23821, 251, 112, 168, 244, 112, 220, 166, 108, 222, 166, 111, 254, 23821, 252, 230, 35975, 234, 35975, 226, 31619, 224, 246, 169, 225, 222, 167, 224, 112, 167, 232, 242, 220, 166, 110, 225, 168, 252, 226, 1, 198, 19, 167, 110, 230, 25, 23821, 254, 223, 168, 254, 230, 47991, 101, 1343, 30629, 166, 108, 222, 8, 168, 245, 238, 168, 226, 250, 564, 246, 167, 111, 226, 220, 47991, 246, 167, 224, 246, 31619, 230, 230, 167, 250, 101, 168, 100, 222, 23821, 243, 232, 447, 247, 167, 232, 242, 31619, 108, 97, 35975, 222, 220, 47991, 101, 166, 119, 246, 47991, 246, 167, 235, 246, 23821, 251, 112, 166, 108, 222, 31619, 111, 112, 35975, 112, 168, 100, 222, 23821, 243, 232, 167, 232, 242, 23821, 225, 223, 168, 233, 97, 35975, 246, 23821, 225, 223, 169, 247, 102, 35975, 226, 11, 357, 167, 224, 246, 8, 168, 245, 238, 168, 226, 250, 564, 246, 168, 252, 254, 31619, 240, 97, 168, 110, 247, 447, 247, 35975, 112, 167, 232, 242, 564, 246, 167, 108, 97, 447, 247, 35975, 222, 31619, 100, 230, 35975, 234, 35975, 112, 220, 166, 108, 238, 168, 110, 246, 167, 253, 120, 564, 246, 35975, 113, 168, 244, 112, 447, 247, 220, 166, 108, 222, 167, 232, 242, 31619, 235, 108, 220, 47991, 226, 168, 248, 242, 47991, 250, 23821, 226, 109, 168, 230, 247, 35975, 246, 23821, 233, 250, 166, 108, 226, 35975, 226, 23821, 251, 246, 167, 107, 116, 47991, 246, 167, 232, 242, 220, 166, 110, 225, 168, 252, 226, 1, 198, 20, 167, 110, 230, 25, 23821, 254, 223, 168, 254, 230, 47991, 246, 168, 100, 222, 23821, 243, 232, 35975, 234, 1343, 30629, 166, 108, 222, 8, 168, 247, 222, 357, 167, 224, 246, 8, 167, 232, 242, 31619, 108, 251, 35975, 234, 166, 111, 120, 23821, 244, 112, 167, 239, 238, 168, 249, 222, 35975, 246, 23821, 251, 112, 167, 107, 116, 168, 100, 222, 167, 98, 120, 220, 169, 247, 250, 168, 248, 102, 47991, 246, 167, 232, 242, 23821, 244, 239, 168, 225, 223, 35975, 112, 23821, 226, 250, 167, 94, 250, 31619, 233, 97, 167, 98, 112, 46695, 97, 13, 357, 166, 108, 222, 8, 167, 232, 242, 23821, 245, 108, 167, 234, 222, 167, 98, 120, 23821, 225, 223, 168, 233, 97, 47991, 250, 23821, 243, 242, 168, 248, 116, 47991, 250, 220, 169, 246, 226, 168, 233, 97, 23821, 225, 223, 169, 247, 102, 35975, 226, 23821, 244, 112, 167, 239, 238, 168, 248, 112, 31619, 108, 97, 168, 250, 120, 167, 94, 250, 220, 169, 239, 250, 168, 225, 223, 47991, 246, 166, 111, 254, 11, 31619, 117, 249, 35975, 112, 220, 169, 248, 234, 167, 111, 113, 167, 238, 246, 167, 232, 242, 31619, 107, 116, 167, 252, 246, 168, 245, 238, 31619, 234, 222, 47991, 250, 23821, 228, 234, 167, 100, 251, 35975, 226, 31619, 241, 250, 167, 253, 105, 167, 224, 116, 46695, 97, 13, 23821, 251, 112, 167, 253, 105, 47991, 250, 23821, 228, 234, 167, 100, 251, 35975, 222, 23821, 228, 234, 166, 116, 230, 35975, 226, 31619, 123, 234, 167, 99, 105, 167, 102, 108, 220, 166, 115, 116, 167, 99, 105, 168, 248, 112, 23821, 251, 112, 167, 98, 120, 23821, 108, 122, 168, 243, 226, 31619, 233, 97, 46695, 230, 167, 232, 242, 220, 169, 244, 231, 167, 237, 247, 168, 250, 120, 167, 94, 250, 220, 169, 246, 243, 168, 225, 223, 169, 247, 242, 167, 238, 250, 46695, 97, 13, 357, 167, 224, 246, 8, 167, 232, 242, 23821, 252, 238, 168, 245, 108, 23821, 228, 235, 168, 245, 238, 168, 226, 250, 220, 166, 111, 113, 168, 94, 112, 47991, 246, 166, 111, 254, 23821, 252, 230, 167, 232, 242, 31619, 103, 227, 168, 243, 242, 35975, 246, 23821, 251, 112, 167, 107, 116, 168, 100, 222, 167, 98, 120, 31619, 108, 242, 169, 225, 243, 168, 250, 120, 167, 94, 250, 23821, 226, 109, 168, 230, 247, 168, 245, 238, 31619, 234, 222, 47991, 250, 23821, 226, 109, 168, 108, 108, 35975, 226, 31619, 241, 250, 167, 253, 105, 167, 224, 116, 46695, 97, 13, 23821, 251, 112, 167, 241, 97, 220, 166, 108, 226, 168, 245, 238, 167, 232, 242, 23821, 226, 250, 167, 94, 250, 31619, 233, 97, 167, 98, 116, 23821, 244, 112, 167, 239, 254, 35975, 246, 23821, 251, 246, 167, 107, 116, 166, 108, 222, 23821, 94, 112, 168, 252, 105, 47991, 246, 166, 116, 108, 168, 245, 238, 11, 357, 166, 108, 222, 8, 168, 247, 222, 357, 167, 224, 246, 8, 31619, 103, 101, 167, 239, 238, 31619, 108, 251, 35975, 234, 35975, 112, 31619, 224, 246, 169, 225, 222, 167, 224, 254, 220, 166, 110, 225, 35975, 112, 167, 251, 120, 167, 232, 242, 23821, 251, 116, 168, 233, 251, 35975, 226, 31619, 241, 250, 167, 253, 105, 167, 224, 112, 168, 100, 222, 23821, 243, 232, 35975, 234, 1, 198, 198, 168, 113, 250, 168, 95, 227, 23821, 254, 243, 46695, 113, 25, 642, 167, 110, 230]","[0.5, 0.5, 0.5, 0.5, 0.5, 0.5, 0.5, 0.5, 0.5, 0.5, 0.5, 0.5, 0.5, 0.5, 0.5, 0.5, 0.5, 0.5, 0.5, 0.5, 0.5, 0.5, 0.5, 0.5, 0.5, 0.5, 0.5, 0.5, 0.5, 0.5, 0.5, 0.5, 0.5, 0.5, 0.5, 0.5, 0.5, 0.5, 0.5, 0.5, 0.5, 0.5, 0.5, 0.5, 0.5, 0.5, 0.5, 0.5, 0.5, 0.5, 0.5, 0.5, 0.5, 0.5, 0.5, 0.5, 0.5, 0.5, 0.5, 0.5, 0.5, 0.5, 0.5, 0.5, 0.5, 0.5, 0.5, 0.5, 0.5, 0.5, 0.5, 0.5, 0.5, 0.5, 0.5, 0.5, 0.5, 0.5, 0.5, 0.5, 0.5, 0.5, 0.5, 0.5, 0.5, 0.5, 0.5, 0.5, 0.5, 0.5, 0.5, 0.5, 0.5, 0.5, 0.5, 0.5, 0.5, 0.5, 0.5, 0.5, 0.5, 0.5, 0.5, 0.5, 0.5, 0.5, 0.5, 0.5, 0.5, 0.5, 0.5, 0.5, 0.5, 0.5, 0.5, 0.5, 0.5, 0.5, 0.5, 0.5, 0.5, 0.5, 0.5, 0.5, 0.5, 0.5, 0.5, 0.5, 0.5, 0.5, 0.5, 0.5, 0.5, 0.5, 0.5, 0.5, 0.5, 0.5, 0.5, 0.5, 0.5, 0.5, 0.5, 0.5, 0.5, 0.5, 0.5, 0.5, 0.5, 0.5, 0.5, 0.5, 0.5, 0.5, 0.5, 0.5, 0.5, 0.5, 0.5, 0.5, 0.5, 0.5, 0.5, 0.5, 0.5, 0.5, 0.5, 0.5, 0.5, 0.5, 0.5, 0.5, 0.5, 0.5, 0.5, 0.5, 0.5, 0.5, 0.5, 0.5, 0.5, 0.5, 0.5, 0.5, 0.5, 0.5, 0.5, 0.5, 0.5, 0.5, 0.5, 0.5, 0.5, 0.5, 0.5, 0.5, 0.5, 0.5, 0.5, 0.5, 0.5, 0.5, 0.5, 0.5, 0.5, 0.5, 0.5, 0.5, 0.5, 0.5, 0.5, 0.5, 0.5, 0.5, 0.5, 0.5, 0.5, 0.5, 0.5, 0.5, 0.5, 0.5, 0.5, 0.5, 0.5, 0.5, 0.5, 0.5, 0.5, 0.5, 0.5, 0.5, 0.5, 0.5, 0.5, 0.5, 0.5, 0.5, 0.5, 0.5, 0.5, 0.5, 0.5, 0.5, 0.5, 0.5, 0.5, 0.5, 0.5, 0.5, 0.5, 0.5, 0.5, 0.5, 0.5, 0.5, 0.5, 0.5, 0.5, 0.5, 0.5, 0.5, 0.5, 0.5, 0.5, 0.5, 0.5, 0.5, 0.5, 0.5, 0.5, 0.5, 0.5, 0.5, 0.5, 0.5, 0.5, 0.5, 0.5, 0.5, 0.5, 0.5, 0.5, 0.5, 0.5, 0.5, 0.5, 0.5, 0.5, 0.5, 0.5, 0.5, 0.5, 0.5, 0.5, 0.5, 0.5, 0.5, 0.5, 0.5, 0.5, 0.5, 0.5, 0.5, 0.5, 0.5, 0.5, 0.5, 0.5, 0.5, 0.5, 0.5, 0.5, 0.5, 0.5, 0.5, 0.5, 0.5, 0.5, 0.5, 0.5, 0.5, 0.5, 0.5, 0.5, 0.5, 0.5, 0.5, 0.5, 0.5, 0.5, 0.5, 0.5, 0.5, 0.5, 0.5, 0.5, 0.5, 0.5, 0.5, 0.5, 0.5, 0.5, 0.5, 0.5, 0.5, 0.5, 0.5, 0.5, 0.5, 0.5, 0.5, 0.5, 0.5, 0.5, 0.5, 0.5, 0.5, 0.5, 0.5, 0.5, 0.5, 0.5, 0.5, 0.5, 0.5, 0.5, 0.5, 0.5, 0.5, 0.5, 0.5, 0.5, 0.5, 0.5, 0.5, 0.5, 0.5, 0.5, 0.5, 0.5, 0.5, 0.5, 0.5, 0.5, 0.5, 0.5, 0.5, 0.5, 0.5, 0.5, 0.5, 0.5, 0.5, 0.5, 0.5, 0.5, 0.5, 0.5, 0.5, 0.5, 0.5, 0.5, 0.5, 0.5, 0.5, 0.5, 0.5, 0.5, 0.5, 0.5, 0.5, 0.5, 0.5, 0.5, 0.5, 0.5, 0.5, 0.5, 0.5, 0.5, 0.5, 0.5, 0.5, 0.5, 0.5, 0.5, 0.5, 0.5, 0.5, 0.5, 0.5, 0.5, 0.5, 0.5, 0.5, 0.5, 0.5, 0.5, 0.5, 0.5, 0.5, 0.5, 0.5, 0.5, 0.5, 0.5, 0.5, 0.5, 0.5, 0.5, 0.5, 0.5, 0.5, 0.5, 0.5, 0.5, 0.5, 0.5, 0.5, 0.5, 0.5, 0.5, 0.5, 0.5, 0.5, 0.5, 0.5, 0.5, 0.5, 0.5, 0.5, 0.5, 0.5, 0.5, 0.5, 0.5, 0.5, 0.5, 0.5, 0.5, 0.5, 0.5, 0.5, 0.5, 0.5, 0.5, 0.5, 0.5, 0.5, 0.5, 0.5, 0.5, 0.5, 0.5, 0.5, 0.5, 0.5, 0.5, 0.5, 0.5, 0.5, 0.5, 0.5, 0.5, 0.5, 0.5, 0.5, 0.5, 0.5, 0.5, 0.5, 0.5, 0.5, 0.5, 0.5, 0.5, 0.5, 0.5, 0.5, 0.5, 0.5, 0.5, 0.5, 0.5, 0.5, 0.5, 0.5, 0.5, 0.5, 0.5, 0.5, 0.5, 0.5, 0.5, 0.5, 0.5, 0.5, 0.5, 0.5, 0.5, 0.5, 0.5, 0.5, 0.5, 0.5, 0.5, 0.5, 0.5, 0.5, 0.5, 0.5, 0.5, 0.5, 0.5, 0.5, 0.5, 0.5, 0.5, 0.5, 0.5, 0.5, 0.5, 0.5, 0.5, 0.5, 0.5, 0.5, 0.5, 0.5, 0.5, 0.5, 0.5, 0.5, 0.5, 0.5, 0.5, 0.5, 0.5, 0.5, 0.5, 0.5, 0.5, 0.5, 0.5, 0.5, 0.5, 0.5, 0.5, 0.5, 0.5, 0.5, 0.5, 0.5, 0.5, 0.5, 0.5, 0.5, 0.5, 0.5, 0.5, 0.5, 0.5, 0.5, 0.5, 0.5, 0.5, 0.5, 0.5, 0.5, 0.5, 0.5, 0.5, 0.5, 0.5, 0.5, 0.5, 0.5, 0.5, 0.5, 0.5, 0.5, 0.5, 0.5, 0.5, 0.5, 0.5, 0.5, 0.5, 0.5, 0.5, 0.5, 0.5, 0.5, 0.5, 0.5, 0.5, 0.5, 0.5, 0.5, 0.5, 0.5, 0.5, 0.5, 0.5, 0.5, 0.5, 0.5, 0.5, 0.5, 0.5, 0.5, 0.5, 0.5, 0.5, 0.5, 0.5, 0.5, 0.5, 0.5, 0.5, 0.5, 0.5, 0.5, 0.5, 0.5, 0.5, 0.5, 0.5, 0.5, 0.5, 0.5, 0.5, 0.5, 0.5, 0.5, 0.5, 0.5, 0.5, 0.5, 0.5, 0.5, 0.5, 0.5, 0.5, 0.5, 0.5, 0.5, 0.5, 0.5, 0.5, 0.5, 0.5, 0.5, 0.5, 0.5, 0.5, 0.5, 0.5, 0.5, 0.5, 0.5, 0.5, 0.5, 0.5, 0.5, 0.5, 0.5, 0.5, 0.5, 0.5, 0.5, 0.5, 0.5, 0.5, 0.5, 0.5, 0.5, 0.5, 0.5, 0.5, 0.5, 0.5, 0.5, 0.5, 0.5, 0.5, 0.5, 0.5, 0.5, 0.5, 0.5, 0.5, 0.5, 0.5, 0.5, 0.5, 0.5, 0.5, 0.5, 0.5, 0.5, 0.5, 0.5, 0.5, 0.5, 0.5, 0.5, 0.5, 0.5, 0.5, 0.5, 0.5, 0.5, 0.5, 0.5, 0.5, 0.5, 0.5, 0.5, 0.5, 0.5, 0.5, 0.5, 0.5, 0.5, 0.5, 0.5, 0.5, 0.5, 0.5, 0.5, 0.5, 0.5, 0.5, 0.5, 0.5, 0.5, 0.5, 0.5, 0.5, 0.5, 0.5, 0.5, 0.5, 0.5, 0.5, 0.5, 0.5, 0.5, 0.5, 0.5, 0.5, 0.5, 0.5, 0.5, 0.5, 0.5, 0.5, 0.5, 0.5, 0.5, 0.5, 0.5, 0.5, 0.5, 0.5, 0.5, 0.5, 0.5, 0.5, 0.5, 0.5, 0.5, 0.5, 0.5, 0.5, 0.5, 0.5, 0.5, 0.5, 0.5, 0.5, 0.5, 0.5, 0.5, 0.5, 0.5, 0.5, 0.5, 0.5, 0.5, 0.5, 0.5, 0.5, 0.5, 0.5, 0.5, 0.5, 0.5, 0.5, 0.5, 0.5, 0.5, 0.5, 0.5, 0.5, 0.5, 0.5, 0.5, 0.5, 0.5, 0.5, 0.5, 0.5, 0.5, 0.5, 0.5, 0.5, 0.5, 0.5, 0.5, 0.5, 0.5, 0.5, 0.5, 0.5, 0.5, 0.5, 0.5, 0.5, 0.5, 0.5, 0.5, 0.5, 0.5, 0.5, 0.5, 0.5, 0.5, 0.5, 0.5, 0.5, 0.5, 0.5, 0.5, 0.5, 0.5, 0.5, 0.5, 0.5, 0.5, 0.5, 0.5, 0.5, 0.5, 0.5, 0.5, 0.5, 0.5, 0.5, 0.5, 0.5, 0.5, 0.5, 0.5, 0.5, 0.5, 0.5, 0.5, 0.5, 0.5, 0.5, 0.5, 0.5, 0.5, 0.5, 0.5, 0.5, 0.5, 0.5, 0.5, 0.5, 0.5, 0.5, 0.5, 0.5, 0.5, 0.5, 0.5, 0.5, 0.5, 0.5, 0.5, 0.5, 0.5, 0.5, 0.5, 0.5, 0.5, 0.5, 0.5, 0.5, 0.5, 0.5, 0.5, 0.5, 0.5, 0.5, 0.5, 0.5, 0.5, 0.5, 0.5, 0.5, 0.5, 0.5, 0.5, 0.5, 0.5, 0.5, 0.5, 0.5, 0.5, 0.5, 0.5, 0.5, 0.5, 0.5, 0.5, 0.5, 0.5, 0.5, 0.5, 0.5, 0.5, 0.5, 0.5, 0.5, 0.5, 0.5, 0.5, 0.5, 0.5, 0.5, 0.5, 0.5, 0.5, 0.5, 0.5, 0.5, 0.5, 0.5, 0.5, 0.5, 0.5, 0.5, 0.5, 0.5, 0.5, 0.5, 0.5, 0.5, 0.5, 0.5, 0.5, 0.5, 0.5, 0.5, 0.5, 0.5, 0.5, 0.5, 0.5, 0.5, 0.5, 0.5, 0.5, 0.5, 0.5, 0.5, 0.5, 0.5, 0.5, 0.5, 0.5, 0.5, 0.5, 0.5, 0.5, 0.5, 0.5, 0.5, 0.5, 0.5, 0.5, 0.5, 0.5, 0.5, 0.5, 0.5, 0.5, 0.5, 0.5, 0.5, 0.5, 0.5, 0.5, 0.5, 0.5, 0.5, 0.5, 0.5, 0.5, 0.5, 0.5, 0.5, 0.5, 0.5, 0.5, 0.5, 0.5, 0.5, 0.5, 0.5, 0.5, 0.5, 0.5, 0.5, 0.5, 0.5, 0.5, 0.5, 0.5, 0.5, 0.5, 0.5, 0.5, 0.5, 0.5, 0.5, 0.5, 0.5, 0.5, 0.5, 0.5, 0.5, 0.5, 0.5, 0.5, 0.5, 0.5, 0.5, 0.5, 0.5, 0.5, 0.5, 0.5, 0.5, 0.5, 0.5, 0.5, 0.5, 0.5, 0.5, 0.5, 0.5, 0.5, 0.5, 0.5, 0.5, 0.5, 0.5, 0.5, 0.5, 0.5, 0.5, 0.5, 0.5, 0.5, 0.5, 0.5, 0.5, 0.5, 0.5, 0.5, 0.5, 0.5, 0.5, 0.5, 0.5, 0.5, 0.5, 0.5, 0.5, 0.5, 0.5, 0.5, 0.5, 0.5, 0.5, 0.5, 0.5, 0.5, 0.5, 0.5, 0.5, 0.5, 0.5, 0.5, 0.5, 0.5, 0.5, 0.5, 0.5, 0.5, 0.5, 0.5, 0.5, 0.5, 0.5, 0.5, 0.5, 0.5, 0.5, 0.5, 0.5, 0.5, 0.5, 0.5, 0.5, 0.5, 0.5, 0.5, 0.5, 0.5, 0.5, 0.5, 0.5, 0.5, 0.5, 0.5, 0.5, 0.5, 0.5, 0.5, 0.5, 0.5, 0.5, 0.5, 0.5, 0.5, 0.5, 0.5, 0.5, 0.5, 0.5, 0.5, 0.5, 0.5, 0.5, 0.5, 0.5, 0.5, 0.5, 0.5, 0.5, 0.5, 0.5, 0.5, 0.5, 0.5, 0.5, 0.5, 0.5, 0.5, 0.5, 0.5, 0.5, 0.5, 0.5, 0.5, 0.5, 0.5, 0.5, 0.5, 0.5, 0.5, 0.5, 0.5, 0.5, 0.5, 0.5, 0.5, 0.5, 0.5, 0.5, 0.5, 0.5, 0.5, 0.5, 0.5, 0.5, 0.5, 0.5, 0.5, 0.5, 0.5, 0.5, 0.5, 0.5, 0.5, 0.5, 0.5, 0.5, 0.5, 0.5, 0.5, 0.5, 0.5, 0.5, 0.5, 0.5, 0.5, 0.5, 0.5, 0.5, 0.5, 0.5, 0.5, 0.5, 0.5, 0.5, 0.5, 0.5, 0.5, 0.5, 0.5, 0.5, 0.5, 0.5, 0.5, 0.5, 0.5, 0.5, 0.5, 0.5, 0.5, 0.5, 0.5, 0.5, 0.5, 0.5, 0.5, 0.5, 0.5, 0.5, 0.5, 0.5, 0.5, 0.5, 0.5, 0.5, 0.5, 0.5, 0.5, 0.5, 0.5, 0.5, 0.5, 0.5, 0.5, 0.5, 0.5, 0.5, 0.5, 0.5, 0.5, 0.5, 0.5, 0.5, 0.5, 0.5, 0.5, 0.5, 0.5, 0.5, 0.5, 0.5, 0.5, 0.5, 0.5, 0.5, 0.5, 0.5, 0.5, 0.5, 0.5, 0.5, 0.5, 0.5, 0.5, 0.5, 0.5, 0.5, 0.5, 0.5, 0.5, 0.5, 0.5, 0.5, 0.5, 0.5, 0.5, 0.5, 0.5, 0.5, 0.5, 0.5, 0.5, 0.5, 0.5, 0.5, 0.5, 0.5, 0.5, 0.5, 0.5, 0.5, 0.5, 0.5, 0.5, 0.5, 0.5, 0.5, 0.5, 0.5, 0.5, 0.5, 0.5, 0.5, 0.5, 0.5, 0.5, 0.5, 0.5, 0.5, 0.5, 0.5, 0.5, 0.5, 0.5, 0.5, 0.5, 0.5, 0.5, 0.5, 0.5, 0.5, 0.5, 0.5, 0.5, 0.5, 0.5, 0.5, 0.5, 0.5, 0.5, 0.5, 0.5, 0.5, 0.5, 0.5, 0.5, 0.5, 0.5, 0.5, 0.5, 0.5, 0.5, 0.5, 0.5, 0.5, 0.5, 0.5, 0.5, 0.5, 0.5, 0.5, 0.5, 0.5, 0.5, 0.5, 0.5, 0.5, 0.5, 0.5, 0.5, 0.5, 0.5, 0.5, 0.5, 0.5, 0.5, 0.5, 0.5, 0.5, 0.5, 0.5, 0.5, 0.5, 0.5, 0.5, 0.5, 0.5, 0.5, 0.5, 0.5, 0.5, 0.5, 0.5, 0.5, 0.5, 0.5, 0.5, 0.5, 0.5, 0.5, 0.5, 0.5, 0.5, 0.5, 0.5, 0.5, 0.5, 0.5, 0.5, 0.5, 0.5, 0.5, 0.5, 0.5, 0.5, 0.5, 0.5, 0.5, 0.5, 0.5, 0.5, 0.5, 0.5, 0.5, 0.5, 0.5, 0.5, 0.5, 0.5, 0.5, 0.5, 0.5, 0.5, 0.5, 0.5, 0.5, 0.5, 0.5, 0.5, 0.5, 0.5, 0.5, 0.5, 0.5, 0.5, 0.5, 0.5, 0.5, 0.5, 0.5, 0.5, 0.5, 0.5, 0.5, 0.5, 0.5, 0.5, 0.5, 0.5, 0.5, 0.5, 0.5, 0.5, 0.5, 0.5, 0.5, 0.5, 0.5, 0.5, 0.5, 0.5, 0.5, 0.5, 0.5, 0.5, 0.5, 0.5, 0.5, 0.5, 0.5, 0.5, 0.5, 0.5, 0.5, 0.5, 0.5, 0.5, 0.5, 0.5, 0.5, 0.5, 0.5, 0.5, 0.5, 0.5, 0.5, 0.5, 0.5, 0.5, 0.5, 0.5, 0.5, 0.5, 0.5, 0.5, 0.5, 0.5, 0.5, 0.5, 0.5, 0.5, 0.5, 0.5, 0.5, 0.5, 0.5, 0.5, 0.5, 0.5, 0.5, 0.5, 0.5, 0.5, 0.5, 0.5, 0.5, 0.5, 0.5, 0.5, 0.5, 0.5, 0.5, 0.5, 0.5, 0.5, 0.5, 0.5, 0.5, 0.5, 0.5, 0.5, 0.5, 0.5, 0.5, 0.5, 0.5, 0.5, 0.5, 0.5, 0.5, 0.5, 0.5, 0.5, 0.5, 0.5, 0.5, 0.5, 0.5, 0.5, 0.5, 0.5, 0.5, 0.5, 0.5, 0.5, 0.5, 0.5, 0.5, 0.5, 0.5, 0.5, 0.5, 0.5, 0.5, 0.5, 0.5, 0.5, 0.5, 0.5, 0.5, 0.5, 0.5, 0.5, 0.5, 0.5, 0.5, 0.5, 0.5, 0.5, 0.5, 0.5, 0.5, 0.5, 0.5, 0.5, 0.5, 0.5, 0.5, 0.5, 0.5, 0.5, 0.5, 0.5, 0.5, 0.5, 0.5, 0.5, 0.5, 0.5, 0.5, 0.5, 0.5, 0.5, 0.5, 0.5, 0.5, 0.5, 0.5, 0.5, 0.5]",0
2026_11_KICE_22-26_2,['4(2)'],"1번: 이 선택지는 적절합니다. '㉠'은 잊혀진 목소리, '㉡'은 잦아드는 외마디 소리를 의미하며, 이 둘을 찾고자 하는 것은 대상에 대한 간절한 마음이 드러나기 때문입니다. (지문 속 근거가 된 문장: 잊혀진 목소리가 살아나는 때가 있다 / 잊혀진 ㉠[한 목소리](㉠의 밑줄) 잊혀진 다른 목소리의 끝을 찾아 / 목메이게 부르짖다 잦아드는 때가 있다 / 잦아드는 ㉡[외마디 소리](㉡의 밑줄)를 찾아)

2번: 이 선택지는 적절하지 않습니다. '㉢'은 사람의 소리, '㉣'은 좋은 소리를 의미하며, '㉢' 중에는 쓸모는 있지만 남들이 듣고 미워하는 소리가 있을 수 있으나, '㉣'은 남들이 듣고 좋아하는 소리만을 의미하기 때문입니다. (지문 속 근거가 된 문장: ㉢[사람의 소리](㉢의 밑줄)로서 남에게 듣기 좋고, 남에게 듣기 좋아 글로 쓰이고, 글로 쓰였으면서 바름에 합당하다면 그것을 일컬어 ㉣[좋은 소리](㉣의 밑줄)라 한다.)

3번: 이 선택지는 적절합니다. '㉠'은 잊혀진 목소리, '㉢'은 사람의 소리를 의미하며, 이 둘은 각각 다른 의미를 가졌기 때문입니다. (지문 속 근거가 된 문장: 잊혀진 목소리가 살아나는 때가 있다 / ㉢[사람의 소리](㉢의 밑줄)로서 남에게 듣기 좋고, 남에게 듣기 좋아 글로 쓰이고, 글로 쓰였으면서 바름에 합당하다면 그것을 일컬어 ㉣[좋은 소리](㉣의 밑줄)라 한다.)

4번: 이 선택지는 적절하지 않습니다. '㉠'은 잊혀진 목소리, '㉣'은 좋은 소리를 의미하며, '㉠'은 다시 살아날 수 있다고 생각하는 대상, '㉣'은 바른 것 같으면서도 삿된 것일 수 있다고 생각하는 대상이기 때문입니다. (지문 속 근거가 된 문장: 잊혀진 목소리가 살아나는 때가 있다 / ㉢[사람의 소리](㉢의 밑줄)로서 남에게 듣기 좋고, 남에게 듣기 좋아 글로 쓰이고, 글로 쓰였으면서 바름에 합당하다면 그것을 일컬어 ㉣[좋은 소리](㉣의 밑줄)라 한다.)

5번: 이 선택지는 적절합니다. '㉡'은 잦아드는 외마디 소리를 의미하며, 이 소리를 찾기 위해 화자는 민감하게 반응하려 하며, '㉢' 중에서는 담소하는 소리뿐만 아니라 탄식하는 소리도 쓸모 있다고 여겨지기 때문입니다. (지문 속 근거가 된 문장: 잦아드는 ㉡[외마디 소리](㉡의 밑줄)를 찾아 칼날 세우고 / 쓸모 있는 소리에는 아름다운 소리와 추한 소리があり, 사람의 소리 가운데 쓸모 있는 것은 탄식하고 담소하는 소리이다.)

최종 정답: 4번","[16, 167, 110, 230, 25, 23821, 251, 112, 23821, 226, 254, 169, 225, 251, 168, 100, 222, 167, 232, 242, 23821, 254, 223, 168, 254, 230, 47991, 102, 46695, 230, 46695, 97, 13, 705, 159, 231, 254, 6, 35975, 222, 23821, 252, 232, 169, 246, 222, 168, 100, 226, 31619, 103, 102, 168, 228, 234, 167, 99, 105, 11, 705, 159, 231, 94, 6, 35975, 222, 23821, 252, 99, 168, 243, 226, 167, 241, 250, 167, 232, 242, 23821, 247, 116, 167, 100, 230, 167, 242, 242, 23821, 228, 234, 167, 99, 105, 167, 98, 120, 23821, 251, 246, 167, 107, 116, 47991, 246, 167, 102, 108, 11, 23821, 251, 112, 31619, 239, 246, 35975, 226, 23821, 108, 122, 166, 111, 254, 168, 252, 238, 220, 47991, 246, 167, 232, 242, 220, 166, 110, 225, 35975, 222, 31619, 234, 222, 168, 225, 223, 168, 245, 238, 31619, 234, 222, 47991, 250, 220, 166, 108, 226, 168, 254, 230, 47991, 250, 31619, 100, 230, 35975, 234, 35975, 112, 31619, 241, 250, 167, 253, 105, 167, 224, 246, 166, 116, 108, 31619, 243, 234, 167, 105, 116, 168, 252, 227, 46695, 230, 46695, 97, 13, 357, 168, 100, 222, 167, 105, 116, 23821, 228, 235, 220, 166, 115, 120, 166, 109, 108, 166, 108, 222, 31619, 238, 250, 31619, 105, 116, 168, 252, 98, 25, 23821, 252, 232, 169, 246, 222, 168, 100, 226, 31619, 103, 102, 168, 228, 234, 167, 99, 105, 166, 108, 222, 23821, 224, 112, 168, 243, 226, 167, 224, 246, 167, 232, 242, 31619, 243, 234, 166, 108, 222, 23821, 252, 230, 46695, 97, 1220, 23821, 252, 232, 169, 246, 222, 168, 100, 226, 220, 159, 231, 254, 58, 47991, 250, 31619, 103, 102, 168, 228, 234, 167, 99, 105, 16151, 159, 231, 254, 35975, 246, 31619, 108, 239, 168, 97, 226, 8, 23821, 252, 232, 169, 246, 222, 168, 100, 226, 31619, 233, 97, 167, 98, 116, 31619, 103, 102, 168, 228, 234, 167, 99, 105, 35975, 246, 31619, 223, 251, 35975, 226, 23821, 108, 122, 168, 243, 226, 1220, 31619, 103, 102, 167, 102, 242, 35975, 112, 166, 110, 234, 31619, 114, 222, 167, 98, 112, 168, 100, 244, 46695, 97, 23821, 252, 99, 168, 243, 226, 167, 241, 250, 167, 232, 242, 31619, 243, 234, 166, 108, 222, 23821, 252, 230, 46695, 97, 1220, 23821, 252, 99, 168, 243, 226, 167, 241, 250, 167, 232, 242, 220, 159, 231, 94, 58, 168, 247, 116, 167, 100, 230, 167, 242, 242, 23821, 228, 234, 167, 99, 105, 16151, 159, 231, 94, 35975, 246, 31619, 108, 239, 168, 97, 226, 8, 167, 98, 120, 23821, 108, 122, 168, 243, 226, 8, 198, 198, 17, 167, 110, 230, 25, 23821, 251, 112, 23821, 226, 254, 169, 225, 251, 168, 100, 222, 167, 232, 242, 23821, 254, 223, 168, 254, 230, 47991, 246, 168, 100, 222, 23821, 243, 232, 168, 232, 113, 46695, 230, 46695, 97, 13, 705, 159, 231, 95, 6, 35975, 222, 23821, 8955, 167, 252, 234, 35975, 246, 23821, 228, 234, 167, 99, 105, 11, 705, 159, 231, 96, 6, 35975, 222, 23821, 95, 233, 35975, 222, 23821, 228, 234, 167, 99, 105, 167, 98, 120, 23821, 251, 246, 167, 107, 116, 47991, 246, 167, 102, 108, 11, 705, 159, 231, 95, 6, 23821, 97, 239, 168, 245, 238, 167, 232, 242, 23821, 241, 116, 167, 103, 101, 167, 232, 242, 23821, 252, 230, 168, 100, 222, 167, 100, 234, 31619, 224, 101, 167, 241, 97, 35975, 112, 31619, 241, 96, 166, 111, 254, 31619, 107, 116, 168, 249, 234, 47991, 246, 167, 232, 242, 23821, 228, 234, 167, 99, 105, 166, 108, 222, 23821, 252, 230, 35975, 226, 23821, 230, 246, 23821, 252, 230, 168, 250, 120, 167, 224, 246, 11, 705, 159, 231, 96, 6, 35975, 222, 31619, 224, 101, 167, 241, 97, 35975, 112, 31619, 241, 96, 166, 111, 254, 23821, 95, 233, 168, 243, 226, 47991, 246, 167, 232, 242, 23821, 228, 234, 167, 99, 105, 167, 100, 234, 35975, 226, 23821, 251, 246, 167, 107, 116, 47991, 246, 166, 116, 108, 31619, 243, 234, 167, 105, 116, 168, 252, 227, 46695, 230, 46695, 97, 13, 357, 168, 100, 222, 167, 105, 116, 23821, 228, 235, 220, 166, 115, 120, 166, 109, 108, 166, 108, 222, 31619, 238, 250, 31619, 105, 116, 168, 252, 98, 25, 220, 159, 231, 95, 58, 168, 8955, 167, 252, 234, 35975, 246, 23821, 228, 234, 167, 99, 105, 16151, 159, 231, 95, 35975, 246, 31619, 108, 239, 168, 97, 226, 8, 167, 94, 250, 168, 226, 250, 31619, 224, 101, 168, 245, 238, 166, 110, 234, 31619, 241, 96, 166, 116, 108, 23821, 95, 233, 166, 111, 254, 11, 31619, 224, 101, 168, 245, 238, 166, 110, 234, 31619, 241, 96, 166, 116, 108, 23821, 95, 233, 168, 243, 226, 220, 166, 116, 222, 167, 94, 250, 23821, 241, 108, 35975, 112, 166, 111, 254, 11, 220, 166, 116, 222, 167, 94, 250, 23821, 241, 108, 168, 246, 222, 168, 250, 120, 167, 102, 112, 168, 226, 250, 31619, 108, 242, 167, 99, 226, 168, 245, 238, 220, 47991, 102, 46695, 117, 47991, 246, 46695, 97, 167, 102, 112, 220, 166, 115, 116, 166, 110, 225, 35975, 226, 23821, 251, 120, 168, 119, 105, 168, 244, 112, 220, 159, 231, 96, 58, 168, 95, 233, 35975, 222, 23821, 228, 234, 167, 99, 105, 16151, 159, 231, 96, 35975, 246, 31619, 108, 239, 168, 97, 226, 8, 167, 251, 120, 220, 47991, 250, 46695, 97, 2014, 198, 198, 18, 167, 110, 230, 25, 23821, 251, 112, 23821, 226, 254, 169, 225, 251, 168, 100, 222, 167, 232, 242, 23821, 254, 223, 168, 254, 230, 47991, 102, 46695, 230, 46695, 97, 13, 705, 159, 231, 254, 6, 35975, 222, 23821, 252, 232, 169, 246, 222, 168, 100, 226, 31619, 103, 102, 168, 228, 234, 167, 99, 105, 11, 705, 159, 231, 95, 6, 35975, 222, 23821, 8955, 167, 252, 234, 35975, 246, 23821, 228, 234, 167, 99, 105, 167, 98, 120, 23821, 251, 246, 167, 107, 116, 47991, 246, 167, 102, 108, 11, 23821, 251, 112, 31619, 239, 246, 35975, 222, 220, 166, 108, 223, 166, 108, 223, 31619, 233, 97, 167, 98, 116, 23821, 251, 246, 167, 107, 116, 167, 98, 120, 220, 166, 108, 222, 168, 94, 234, 166, 116, 108, 31619, 243, 234, 167, 105, 116, 168, 252, 227, 46695, 230, 46695, 97, 13, 357, 168, 100, 222, 167, 105, 116, 23821, 228, 235, 220, 166, 115, 120, 166, 109, 108, 166, 108, 222, 31619, 238, 250, 31619, 105, 116, 168, 252, 98, 25, 23821, 252, 232, 169, 246, 222, 168, 100, 226, 31619, 103, 102, 168, 228, 234, 167, 99, 105, 166, 108, 222, 23821, 224, 112, 168, 243, 226, 167, 224, 246, 167, 232, 242, 31619, 243, 234, 166, 108, 222, 23821, 252, 230, 46695, 97, 1220, 220, 159, 231, 95, 58, 168, 8955, 167, 252, 234, 35975, 246, 23821, 228, 234, 167, 99, 105, 16151, 159, 231, 95, 35975, 246, 31619, 108, 239, 168, 97, 226, 8, 167, 94, 250, 168, 226, 250, 31619, 224, 101, 168, 245, 238, 166, 110, 234, 31619, 241, 96, 166, 116, 108, 23821, 95, 233, 166, 111, 254, 11, 31619, 224, 101, 168, 245, 238, 166, 110, 234, 31619, 241, 96, 166, 116, 108, 23821, 95, 233, 168, 243, 226, 220, 166, 116, 222, 167, 94, 250, 23821, 241, 108, 35975, 112, 166, 111, 254, 11, 220, 166, 116, 222, 167, 94, 250, 23821, 241, 108, 168, 246, 222, 168, 250, 120, 167, 102, 112, 168, 226, 250, 31619, 108, 242, 167, 99, 226, 168, 245, 238, 220, 47991, 102, 46695, 117, 47991, 246, 46695, 97, 167, 102, 112, 220, 166, 115, 116, 166, 110, 225, 35975, 226, 23821, 251, 120, 168, 119, 105, 168, 244, 112, 220, 159, 231, 96, 58, 168, 95, 233, 35975, 222, 23821, 228, 234, 167, 99, 105, 16151, 159, 231, 96, 35975, 246, 31619, 108, 239, 168, 97, 226, 8, 167, 251, 120, 220, 47991, 250, 46695, 97, 2014, 198, 198, 19, 167, 110, 230, 25, 23821, 251, 112, 23821, 226, 254, 169, 225, 251, 168, 100, 222, 167, 232, 242, 23821, 254, 223, 168, 254, 230, 47991, 246, 168, 100, 222, 23821, 243, 232, 168, 232, 113, 46695, 230, 46695, 97, 13, 705, 159, 231, 254, 6, 35975, 222, 23821, 252, 232, 169, 246, 222, 168, 100, 226, 31619, 103, 102, 168, 228, 234, 167, 99, 105, 11, 705, 159, 231, 96, 6, 35975, 222, 23821, 95, 233, 35975, 222, 23821, 228, 234, 167, 99, 105, 167, 98, 120, 23821, 251, 246, 167, 107, 116, 47991, 246, 167, 102, 108, 11, 705, 159, 231, 254, 6, 35975, 222, 31619, 233, 97, 168, 233, 250, 23821, 224, 112, 168, 243, 226, 167, 224, 254, 23821, 230, 246, 23821, 252, 230, 46695, 97, 166, 111, 254, 23821, 225, 251, 166, 108, 223, 47991, 246, 167, 232, 242, 31619, 234, 222, 168, 225, 223, 11, 705, 159, 231, 96, 6, 35975, 222, 31619, 108, 242, 167, 98, 116, 220, 166, 110, 225, 220, 166, 108, 247, 168, 250, 120, 167, 102, 112, 168, 226, 250, 167, 237, 226, 23821, 224, 123, 167, 238, 250, 220, 166, 110, 225, 35975, 120, 23821, 230, 246, 23821, 252, 230, 46695, 97, 166, 111, 254, 23821, 225, 251, 166, 108, 223, 47991, 246, 167, 232, 242, 31619, 234, 222, 168, 225, 223, 35975, 112, 166, 116, 108, 31619, 243, 234, 167, 105, 116, 168, 252, 227, 46695, 230, 46695, 97, 13, 357, 168, 100, 222, 167, 105, 116, 23821, 228, 235, 220, 166, 115, 120, 166, 109, 108, 166, 108, 222, 31619, 238, 250, 31619, 105, 116, 168, 252, 98, 25, 23821, 252, 232, 169, 246, 222, 168, 100, 226, 31619, 103, 102, 168, 228, 234, 167, 99, 105, 166, 108, 222, 23821, 224, 112, 168, 243, 226, 167, 224, 246, 167, 232, 242, 31619, 243, 234, 166, 108, 222, 23821, 252, 230, 46695, 97, 1220, 220, 159, 231, 95, 58, 168, 8955, 167, 252, 234, 35975, 246, 23821, 228, 234, 167, 99, 105, 16151, 159, 231, 95, 35975, 246, 31619, 108, 239, 168, 97, 226, 8, 167, 94, 250, 168, 226, 250, 31619, 224, 101, 168, 245, 238, 166, 110, 234, 31619, 241, 96, 166, 116, 108, 23821, 95, 233, 166, 111, 254, 11, 31619, 224, 101, 168, 245, 238, 166, 110, 234, 31619, 241, 96, 166, 116, 108, 23821, 95, 233, 168, 243, 226, 220, 166, 116, 222, 167, 94, 250, 23821, 241, 108, 35975, 112, 166, 111, 254, 11, 220, 166, 116, 222, 167, 94, 250, 23821, 241, 108, 168, 246, 222, 168, 250, 120, 167, 102, 112, 168, 226, 250, 31619, 108, 242, 167, 99, 226, 168, 245, 238, 220, 47991, 102, 46695, 117, 47991, 246, 46695, 97, 167, 102, 112, 220, 166, 115, 116, 166, 110, 225, 35975, 226, 23821, 251, 120, 168, 119, 105, 168, 244, 112, 220, 159, 231, 96, 58, 168, 95, 233, 35975, 222, 23821, 228, 234, 167, 99, 105, 16151, 159, 231, 96, 35975, 246, 31619, 108, 239, 168, 97, 226, 8, 167, 251, 120, 220, 47991, 250, 46695, 97, 2014, 198, 198, 20, 167, 110, 230, 25, 23821, 251, 112, 23821, 226, 254, 169, 225, 251, 168, 100, 222, 167, 232, 242, 23821, 254, 223, 168, 254, 230, 47991, 102, 46695, 230, 46695, 97, 13, 705, 159, 231, 94, 6, 35975, 222, 23821, 252, 99, 168, 243, 226, 167, 241, 250, 167, 232, 242, 23821, 247, 116, 167, 100, 230, 167, 242, 242, 23821, 228, 234, 167, 99, 105, 167, 98, 120, 23821, 251, 246, 167, 107, 116, 47991, 246, 167, 102, 108, 11, 23821, 251, 112, 23821, 228, 234, 167, 99, 105, 167, 98, 120, 23821, 108, 122, 166, 116, 108, 23821, 250, 226, 47991, 112, 220, 169, 247, 242, 168, 252, 238, 167, 232, 242, 31619, 107, 120, 166, 108, 238, 47991, 246, 166, 110, 234, 31619, 108, 246, 35975, 239, 47991, 246, 167, 254, 97, 220, 47991, 246, 167, 102, 108, 11, 705, 159, 231, 95, 6, 23821, 97, 239, 168, 245, 238, 168, 226, 250, 167, 232, 242, 31619, 233, 112, 168, 228, 234, 47991, 246, 167, 232, 242, 23821, 228, 234, 167, 99, 105, 167, 123, 238, 167, 100, 234, 23821, 243, 226, 46695, 230, 167, 251, 120, 220, 169, 225, 226, 168, 233, 251, 47991, 246, 167, 232, 242, 23821, 228, 234, 167, 99, 105, 167, 237, 226, 23821, 241, 116, 167, 103, 101, 23821, 252, 230, 46695, 97, 166, 111, 254, 23821, 245, 105, 166, 110, 101, 168, 100, 222, 166, 116, 108, 31619, 243, 234, 167, 105, 116, 168, 252, 227, 46695, 230, 46695, 97, 13, 357, 168, 100, 222, 167, 105, 116, 23821, 228, 235, 220, 166, 115, 120, 166, 109, 108, 166, 108, 222, 31619, 238, 250, 31619, 105, 116, 168, 252, 98, 25, 23821, 252, 99, 168, 243, 226, 167, 241, 250, 167, 232, 242, 220, 159, 231, 94, 58, 168, 247, 116, 167, 100, 230, 167, 242, 242, 23821, 228, 234, 167, 99, 105, 16151, 159, 231, 94, 35975, 246, 31619, 108, 239, 168, 97, 226, 8, 167, 98, 120, 23821, 108, 122, 168, 243, 226, 23821, 117, 120, 167, 224, 254, 23821, 226, 116, 168, 248, 108, 166, 111, 254, 1220, 23821, 241, 116, 167, 103, 101, 23821, 252, 230, 167, 232, 242, 23821, 228, 234, 167, 99, 105, 168, 245, 238, 167, 232, 242, 23821, 243, 226, 167, 99, 226, 46695, 97, 168, 248, 112, 23821, 228, 234, 167, 99, 105, 168, 247, 222, 23821, 114, 242, 47991, 250, 23821, 228, 234, 167, 99, 105, 35585, 40948, 28255, 11, 23821, 8955, 167, 252, 234, 35975, 246, 23821, 228, 234, 167, 99, 105, 220, 166, 108, 222, 168, 248, 112, 167, 235, 108, 23821, 241, 116, 167, 103, 101, 23821, 252, 230, 167, 232, 242, 220, 166, 110, 225, 35975, 222, 220, 169, 225, 226, 168, 233, 251, 47991, 246, 166, 111, 254, 31619, 233, 112, 168, 228, 234, 47991, 246, 167, 232, 242, 23821, 228, 234, 167, 99, 105, 35975, 112, 46695, 97, 2014, 198, 198, 168, 113, 250, 168, 95, 227, 23821, 254, 243, 46695, 113, 25, 604, 167, 110, 230]","[0.5, 0.5, 0.5, 0.5, 0.5, 0.5, 0.5, 0.5, 0.5, 0.5, 0.5, 0.5, 0.5, 0.5, 0.5, 0.5, 0.5, 0.5, 0.5, 0.5, 0.5, 0.5, 0.5, 0.5, 0.5, 0.5, 0.5, 0.5, 0.5, 0.5, 0.5, 0.5, 0.5, 0.5, 0.5, 0.5, 0.5, 0.5, 0.5, 0.5, 0.5, 0.5, 0.5, 0.5, 0.5, 0.5, 0.5, 0.5, 0.5, 0.5, 0.5, 0.5, 0.5, 0.5, 0.5, 0.5, 0.5, 0.5, 0.5, 0.5, 0.5, 0.5, 0.5, 0.5, 0.5, 0.5, 0.5, 0.5, 0.5, 0.5, 0.5, 0.5, 0.5, 0.5, 0.5, 0.5, 0.5, 0.5, 0.5, 0.5, 0.5, 0.5, 0.5, 0.5, 0.5, 0.5, 0.5, 0.5, 0.5, 0.5, 0.5, 0.5, 0.5, 0.5, 0.5, 0.5, 0.5, 0.5, 0.5, 0.5, 0.5, 0.5, 0.5, 0.5, 0.5, 0.5, 0.5, 0.5, 0.5, 0.5, 0.5, 0.5, 0.5, 0.5, 0.5, 0.5, 0.5, 0.5, 0.5, 0.5, 0.5, 0.5, 0.5, 0.5, 0.5, 0.5, 0.5, 0.5, 0.5, 0.5, 0.5, 0.5, 0.5, 0.5, 0.5, 0.5, 0.5, 0.5, 0.5, 0.5, 0.5, 0.5, 0.5, 0.5, 0.5, 0.5, 0.5, 0.5, 0.5, 0.5, 0.5, 0.5, 0.5, 0.5, 0.5, 0.5, 0.5, 0.5, 0.5, 0.5, 0.5, 0.5, 0.5, 0.5, 0.5, 0.5, 0.5, 0.5, 0.5, 0.5, 0.5, 0.5, 0.5, 0.5, 0.5, 0.5, 0.5, 0.5, 0.5, 0.5, 0.5, 0.5, 0.5, 0.5, 0.5, 0.5, 0.5, 0.5, 0.5, 0.5, 0.5, 0.5, 0.5, 0.5, 0.5, 0.5, 0.5, 0.5, 0.5, 0.5, 0.5, 0.5, 0.5, 0.5, 0.5, 0.5, 0.5, 0.5, 0.5, 0.5, 0.5, 0.5, 0.5, 0.5, 0.5, 0.5, 0.5, 0.5, 0.5, 0.5, 0.5, 0.5, 0.5, 0.5, 0.5, 0.5, 0.5, 0.5, 0.5, 0.5, 0.5, 0.5, 0.5, 0.5, 0.5, 0.5, 0.5, 0.5, 0.5, 0.5, 0.5, 0.5, 0.5, 0.5, 0.5, 0.5, 0.5, 0.5, 0.5, 0.5, 0.5, 0.5, 0.5, 0.5, 0.5, 0.5, 0.5, 0.5, 0.5, 0.5, 0.5, 0.5, 0.5, 0.5, 0.5, 0.5, 0.5, 0.5, 0.5, 0.5, 0.5, 0.5, 0.5, 0.5, 0.5, 0.5, 0.5, 0.5, 0.5, 0.5, 0.5, 0.5, 0.5, 0.5, 0.5, 0.5, 0.5, 0.5, 0.5, 0.5, 0.5, 0.5, 0.5, 0.5, 0.5, 0.5, 0.5, 0.5, 0.5, 0.5, 0.5, 0.5, 0.5, 0.5, 0.5, 0.5, 0.5, 0.5, 0.5, 0.5, 0.5, 0.5, 0.5, 0.5, 0.5, 0.5, 0.5, 0.5, 0.5, 0.5, 0.5, 0.5, 0.5, 0.5, 0.5, 0.5, 0.5, 0.5, 0.5, 0.5, 0.5, 0.5, 0.5, 0.5, 0.5, 0.5, 0.5, 0.5, 0.5, 0.5, 0.5, 0.5, 0.5, 0.5, 0.5, 0.5, 0.5, 0.5, 0.5, 0.5, 0.5, 0.5, 0.5, 0.5, 0.5, 0.5, 0.5, 0.5, 0.5, 0.5, 0.5, 0.5, 0.5, 0.5, 0.5, 0.5, 0.5, 0.5, 0.5, 0.5, 0.5, 0.5, 0.5, 0.5, 0.5, 0.5, 0.5, 0.5, 0.5, 0.5, 0.5, 0.5, 0.5, 0.5, 0.5, 0.5, 0.5, 0.5, 0.5, 0.5, 0.5, 0.5, 0.5, 0.5, 0.5, 0.5, 0.5, 0.5, 0.5, 0.5, 0.5, 0.5, 0.5, 0.5, 0.5, 0.5, 0.5, 0.5, 0.5, 0.5, 0.5, 0.5, 0.5, 0.5, 0.5, 0.5, 0.5, 0.5, 0.5, 0.5, 0.5, 0.5, 0.5, 0.5, 0.5, 0.5, 0.5, 0.5, 0.5, 0.5, 0.5, 0.5, 0.5, 0.5, 0.5, 0.5, 0.5, 0.5, 0.5, 0.5, 0.5, 0.5, 0.5, 0.5, 0.5, 0.5, 0.5, 0.5, 0.5, 0.5, 0.5, 0.5, 0.5, 0.5, 0.5, 0.5, 0.5, 0.5, 0.5, 0.5, 0.5, 0.5, 0.5, 0.5, 0.5, 0.5, 0.5, 0.5, 0.5, 0.5, 0.5, 0.5, 0.5, 0.5, 0.5, 0.5, 0.5, 0.5, 0.5, 0.5, 0.5, 0.5, 0.5, 0.5, 0.5, 0.5, 0.5, 0.5, 0.5, 0.5, 0.5, 0.5, 0.5, 0.5, 0.5, 0.5, 0.5, 0.5, 0.5, 0.5, 0.5, 0.5, 0.5, 0.5, 0.5, 0.5, 0.5, 0.5, 0.5, 0.5, 0.5, 0.5, 0.5, 0.5, 0.5, 0.5, 0.5, 0.5, 0.5, 0.5, 0.5, 0.5, 0.5, 0.5, 0.5, 0.5, 0.5, 0.5, 0.5, 0.5, 0.5, 0.5, 0.5, 0.5, 0.5, 0.5, 0.5, 0.5, 0.5, 0.5, 0.5, 0.5, 0.5, 0.5, 0.5, 0.5, 0.5, 0.5, 0.5, 0.5, 0.5, 0.5, 0.5, 0.5, 0.5, 0.5, 0.5, 0.5, 0.5, 0.5, 0.5, 0.5, 0.5, 0.5, 0.5, 0.5, 0.5, 0.5, 0.5, 0.5, 0.5, 0.5, 0.5, 0.5, 0.5, 0.5, 0.5, 0.5, 0.5, 0.5, 0.5, 0.5, 0.5, 0.5, 0.5, 0.5, 0.5, 0.5, 0.5, 0.5, 0.5, 0.5, 0.5, 0.5, 0.5, 0.5, 0.5, 0.5, 0.5, 0.5, 0.5, 0.5, 0.5, 0.5, 0.5, 0.5, 0.5, 0.5, 0.5, 0.5, 0.5, 0.5, 0.5, 0.5, 0.5, 0.5, 0.5, 0.5, 0.5, 0.5, 0.5, 0.5, 0.5, 0.5, 0.5, 0.5, 0.5, 0.5, 0.5, 0.5, 0.5, 0.5, 0.5, 0.5, 0.5, 0.5, 0.5, 0.5, 0.5, 0.5, 0.5, 0.5, 0.5, 0.5, 0.5, 0.5, 0.5, 0.5, 0.5, 0.5, 0.5, 0.5, 0.5, 0.5, 0.5, 0.5, 0.5, 0.5, 0.5, 0.5, 0.5, 0.5, 0.5, 0.5, 0.5, 0.5, 0.5, 0.5, 0.5, 0.5, 0.5, 0.5, 0.5, 0.5, 0.5, 0.5, 0.5, 0.5, 0.5, 0.5, 0.5, 0.5, 0.5, 0.5, 0.5, 0.5, 0.5, 0.5, 0.5, 0.5, 0.5, 0.5, 0.5, 0.5, 0.5, 0.5, 0.5, 0.5, 0.5, 0.5, 0.5, 0.5, 0.5, 0.5, 0.5, 0.5, 0.5, 0.5, 0.5, 0.5, 0.5, 0.5, 0.5, 0.5, 0.5, 0.5, 0.5, 0.5, 0.5, 0.5, 0.5, 0.5, 0.5, 0.5, 0.5, 0.5, 0.5, 0.5, 0.5, 0.5, 0.5, 0.5, 0.5, 0.5, 0.5, 0.5, 0.5, 0.5, 0.5, 0.5, 0.5, 0.5, 0.5, 0.5, 0.5, 0.5, 0.5, 0.5, 0.5, 0.5, 0.5, 0.5, 0.5, 0.5, 0.5, 0.5, 0.5, 0.5, 0.5, 0.5, 0.5, 0.5, 0.5, 0.5, 0.5, 0.5, 0.5, 0.5, 0.5, 0.5, 0.5, 0.5, 0.5, 0.5, 0.5, 0.5, 0.5, 0.5, 0.5, 0.5, 0.5, 0.5, 0.5, 0.5, 0.5, 0.5, 0.5, 0.5, 0.5, 0.5, 0.5, 0.5, 0.5, 0.5, 0.5, 0.5, 0.5, 0.5, 0.5, 0.5, 0.5, 0.5, 0.5, 0.5, 0.5, 0.5, 0.5, 0.5, 0.5, 0.5, 0.5, 0.5, 0.5, 0.5, 0.5, 0.5, 0.5, 0.5, 0.5, 0.5, 0.5, 0.5, 0.5, 0.5, 0.5, 0.5, 0.5, 0.5, 0.5, 0.5, 0.5, 0.5, 0.5, 0.5, 0.5, 0.5, 0.5, 0.5, 0.5, 0.5, 0.5, 0.5, 0.5, 0.5, 0.5, 0.5, 0.5, 0.5, 0.5, 0.5, 0.5, 0.5, 0.5, 0.5, 0.5, 0.5, 0.5, 0.5, 0.5, 0.5, 0.5, 0.5, 0.5, 0.5, 0.5, 0.5, 0.5, 0.5, 0.5, 0.5, 0.5, 0.5, 0.5, 0.5, 0.5, 0.5, 0.5, 0.5, 0.5, 0.5, 0.5, 0.5, 0.5, 0.5, 0.5, 0.5, 0.5, 0.5, 0.5, 0.5, 0.5, 0.5, 0.5, 0.5, 0.5, 0.5, 0.5, 0.5, 0.5, 0.5, 0.5, 0.5, 0.5, 0.5, 0.5, 0.5, 0.5, 0.5, 0.5, 0.5, 0.5, 0.5, 0.5, 0.5, 0.5, 0.5, 0.5, 0.5, 0.5, 0.5, 0.5, 0.5, 0.5, 0.5, 0.5, 0.5, 0.5, 0.5, 0.5, 0.5, 0.5, 0.5, 0.5, 0.5, 0.5, 0.5, 0.5, 0.5, 0.5, 0.5, 0.5, 0.5, 0.5, 0.5, 0.5, 0.5, 0.5, 0.5, 0.5, 0.5, 0.5, 0.5, 0.5, 0.5, 0.5, 0.5, 0.5, 0.5, 0.5, 0.5, 0.5, 0.5, 0.5, 0.5, 0.5, 0.5, 0.5, 0.5, 0.5, 0.5, 0.5, 0.5, 0.5, 0.5, 0.5, 0.5, 0.5, 0.5, 0.5, 0.5, 0.5, 0.5, 0.5, 0.5, 0.5, 0.5, 0.5, 0.5, 0.5, 0.5, 0.5, 0.5, 0.5, 0.5, 0.5, 0.5, 0.5, 0.5, 0.5, 0.5, 0.5, 0.5, 0.5, 0.5, 0.5, 0.5, 0.5, 0.5, 0.5, 0.5, 0.5, 0.5, 0.5, 0.5, 0.5, 0.5, 0.5, 0.5, 0.5, 0.5, 0.5, 0.5, 0.5, 0.5, 0.5, 0.5, 0.5, 0.5, 0.5, 0.5, 0.5, 0.5, 0.5, 0.5, 0.5, 0.5, 0.5, 0.5, 0.5, 0.5, 0.5, 0.5, 0.5, 0.5, 0.5, 0.5, 0.5, 0.5, 0.5, 0.5, 0.5, 0.5, 0.5, 0.5, 0.5, 0.5, 0.5, 0.5, 0.5, 0.5, 0.5, 0.5, 0.5, 0.5, 0.5, 0.5, 0.5, 0.5, 0.5, 0.5, 0.5, 0.5, 0.5, 0.5, 0.5, 0.5, 0.5, 0.5, 0.5, 0.5, 0.5, 0.5, 0.5, 0.5, 0.5, 0.5, 0.5, 0.5, 0.5, 0.5, 0.5, 0.5, 0.5, 0.5, 0.5, 0.5, 0.5, 0.5, 0.5, 0.5, 0.5, 0.5, 0.5, 0.5, 0.5, 0.5, 0.5, 0.5, 0.5, 0.5, 0.5, 0.5, 0.5, 0.5, 0.5, 0.5, 0.5, 0.5, 0.5, 0.5, 0.5, 0.5, 0.5, 0.5, 0.5, 0.5, 0.5, 0.5, 0.5, 0.5, 0.5, 0.5, 0.5, 0.5, 0.5, 0.5, 0.5, 0.5, 0.5, 0.5, 0.5, 0.5, 0.5, 0.5, 0.5, 0.5, 0.5, 0.5, 0.5, 0.5, 0.5, 0.5, 0.5, 0.5, 0.5, 0.5, 0.5, 0.5, 0.5, 0.5, 0.5, 0.5, 0.5, 0.5, 0.5, 0.5, 0.5, 0.5, 0.5, 0.5, 0.5, 0.5, 0.5, 0.5, 0.5, 0.5, 0.5, 0.5, 0.5, 0.5, 0.5, 0.5, 0.5, 0.5, 0.5, 0.5, 0.5, 0.5, 0.5, 0.5, 0.5, 0.5, 0.5, 0.5, 0.5, 0.5, 0.5, 0.5, 0.5, 0.5, 0.5, 0.5, 0.5, 0.5, 0.5, 0.5, 0.5, 0.5, 0.5, 0.5, 0.5, 0.5, 0.5, 0.5, 0.5, 0.5, 0.5, 0.5, 0.5, 0.5, 0.5, 0.5, 0.5, 0.5, 0.5, 0.5, 0.5, 0.5, 0.5, 0.5, 0.5, 0.5, 0.5, 0.5, 0.5, 0.5, 0.5, 0.5, 0.5, 0.5, 0.5, 0.5, 0.5, 0.5, 0.5, 0.5, 0.5, 0.5, 0.5, 0.5, 0.5, 0.5, 0.5, 0.5, 0.5, 0.5, 0.5, 0.5, 0.5, 0.5, 0.5, 0.5, 0.5, 0.5, 0.5, 0.5, 0.5, 0.5, 0.5, 0.5, 0.5, 0.5, 0.5, 0.5, 0.5, 0.5, 0.5, 0.5, 0.5, 0.5, 0.5, 0.5, 0.5, 0.5, 0.5, 0.5, 0.5, 0.5, 0.5, 0.5, 0.5, 0.5, 0.5, 0.5, 0.5, 0.5, 0.5, 0.5, 0.5, 0.5, 0.5, 0.5, 0.5, 0.5, 0.5, 0.5, 0.5, 0.5, 0.5, 0.5, 0.5, 0.5, 0.5, 0.5, 0.5, 0.5, 0.5, 0.5, 0.5, 0.5, 0.5, 0.5, 0.5, 0.5, 0.5, 0.5, 0.5, 0.5, 0.5, 0.5, 0.5, 0.5, 0.5, 0.5, 0.5, 0.5, 0.5, 0.5, 0.5, 0.5, 0.5, 0.5, 0.5, 0.5, 0.5, 0.5, 0.5, 0.5, 0.5, 0.5, 0.5, 0.5, 0.5, 0.5, 0.5, 0.5, 0.5, 0.5, 0.5, 0.5, 0.5, 0.5, 0.5, 0.5, 0.5, 0.5, 0.5, 0.5, 0.5, 0.5, 0.5, 0.5, 0.5, 0.5, 0.5, 0.5, 0.5, 0.5, 0.5, 0.5, 0.5, 0.5, 0.5, 0.5, 0.5, 0.5, 0.5, 0.5, 0.5, 0.5, 0.5, 0.5, 0.5, 0.5, 0.5, 0.5, 0.5, 0.5, 0.5, 0.5, 0.5, 0.5, 0.5, 0.5, 0.5, 0.5, 0.5, 0.5, 0.5, 0.5, 0.5, 0.5, 0.5, 0.5, 0.5, 0.5, 0.5, 0.5, 0.5, 0.5, 0.5, 0.5, 0.5, 0.5, 0.5, 0.5, 0.5, 0.5, 0.5, 0.5, 0.5, 0.5, 0.5, 0.5, 0.5, 0.5, 0.5, 0.5, 0.5, 0.5, 0.5, 0.5, 0.5, 0.5, 0.5, 0.5, 0.5, 0.5, 0.5, 0.5, 0.5, 0.5, 0.5, 0.5, 0.5, 0.5, 0.5, 0.5, 0.5, 0.5, 0.5, 0.5, 0.5, 0.5, 0.5, 0.5, 0.5, 0.5, 0.5, 0.5, 0.5, 0.5, 0.5, 0.5, 0.5, 0.5, 0.5, 0.5, 0.5, 0.5, 0.5, 0.5, 0.5, 0.5, 0.5, 0.5, 0.5, 0.5, 0.5, 0.5, 0.5, 0.5, 0.5, 0.5, 0.5, 0.5, 0.5, 0.5, 0.5, 0.5, 0.5, 0.5, 0.5, 0.5, 0.5, 0.5, 0.5, 0.5, 0.5, 0.5, 0.5, 0.5, 0.5, 0.5, 0.5, 0.5, 0.5, 0.5, 0.5, 0.5, 0.5, 0.5, 0.5, 0.5, 0.5, 0.5, 0.5, 0.5, 0.5, 0.5, 0.5, 0.5, 0.5, 0.5, 0.5, 0.5, 0.5, 0.5, 0.5, 0.5, 0.5, 0.5, 0.5, 0.5, 0.5, 0.5, 0.5, 0.5, 0.5, 0.5, 0.5, 0.5, 0.5, 0.5, 0.5, 0.5, 0.5, 0.5, 0.5, 0.5, 0.5, 0.5, 0.5, 0.5, 0.5, 0.5, 0.5, 0.5, 0.5, 0.5, 0.5, 0.5, 0.5, 0.5, 0.5, 0.5, 0.5, 0.5, 0.5, 0.5, 0.5, 0.5, 0.5, 0.5, 0.5, 0.5, 0.5, 0.5, 0.5, 0.5, 0.5, 0.5, 0.5, 0.5, 0.5, 0.5, 0.5, 0.5, 0.5, 0.5, 0.5, 0.5, 0.5, 0.5, 0.5, 0.5, 0.5, 0.5, 0.5, 0.5, 0.5, 0.5, 0.5, 0.5, 0.5, 0.5, 0.5, 0.5, 0.5, 0.5, 0.5, 0.5, 0.5, 0.5, 0.5, 0.5, 0.5, 0.5, 0.5, 0.5, 0.5, 0.5, 0.5, 0.5, 0.5, 0.5, 0.5, 0.5, 0.5, 0.5, 0.5, 0.5, 0.5, 0.5, 0.5, 0.5, 0.5, 0.5, 0.5, 0.5, 0.5, 0.5, 0.5, 0.5, 0.5, 0.5, 0.5, 0.5, 0.5, 0.5, 0.5, 0.5, 0.5, 0.5, 0.5, 0.5, 0.5, 0.5, 0.5, 0.5, 0.5, 0.5, 0.5, 0.5, 0.5, 0.5, 0.5, 0.5, 0.5, 0.5, 0.5, 0.5, 0.5, 0.5, 0.5, 0.5, 0.5, 0.5, 0.5, 0.5, 0.5, 0.5, 0.5, 0.5, 0.5, 0.5, 0.5, 0.5, 0.5, 0.5, 0.5, 0.5, 0.5, 0.5, 0.5, 0.5, 0.5, 0.5, 0.5, 0.5, 0.5, 0.5, 0.5, 0.5, 0.5, 0.5, 0.5, 0.5, 0.5, 0.5, 0.5, 0.5, 0.5, 0.5, 0.5, 0.5, 0.5, 0.5, 0.5, 0.5, 0.5, 0.5, 0.5, 0.5, 0.5, 0.5, 0.5, 0.5, 0.5, 0.5, 0.5, 0.5, 0.5, 0.5, 0.5, 0.5, 0.5, 0.5, 0.5, 0.5, 0.5, 0.5, 0.5, 0.5, 0.5, 0.5, 0.5, 0.5, 0.5, 0.5, 0.5, 0.5, 0.5, 0.5, 0.5, 0.5, 0.5, 0.5, 0.5, 0.5, 0.5, 0.5, 0.5, 0.5, 0.5, 0.5, 0.5, 0.5, 0.5, 0.5, 0.5, 0.5, 0.5, 0.5, 0.5, 0.5, 0.5, 0.5, 0.5, 0.5, 0.5, 0.5, 0.5, 0.5, 0.5, 0.5, 0.5, 0.5, 0.5, 0.5, 0.5, 0.5, 0.5, 0.5, 0.5, 0.5, 0.5, 0.5, 0.5, 0.5, 0.5, 0.5, 0.5, 0.5, 0.5, 0.5, 0.5, 0.5, 0.5, 0.5, 0.5, 0.5, 0.5, 0.5, 0.5, 0.5, 0.5, 0.5, 0.5, 0.5, 0.5, 0.5, 0.5, 0.5, 0.5, 0.5, 0.5, 0.5, 0.5, 0.5, 0.5, 0.5, 0.5, 0.5, 0.5, 0.5, 0.5, 0.5, 0.5, 0.5, 0.5, 0.5, 0.5, 0.5, 0.5, 0.5, 0.5, 0.5, 0.5, 0.5, 0.5, 0.5, 0.5, 0.5, 0.5, 0.5, 0.5, 0.5, 0.5, 0.5, 0.5, 0.5, 0.5, 0.5, 0.5, 0.5, 0.5, 0.5, 0.5, 0.5, 0.5, 0.5, 0.5, 0.5, 0.5, 0.5, 0.5, 0.5, 0.5, 0.5, 0.5, 0.5, 0.5, 0.5, 0.5, 0.5, 0.5, 0.5, 0.5, 0.5, 0.5, 0.5, 0.5, 0.5, 0.5, 0.5, 0.5, 0.5, 0.5, 0.5, 0.5, 0.5, 0.5, 0.5, 0.5, 0.5, 0.5, 0.5, 0.5, 0.5, 0.5, 0.5, 0.5, 0.5, 0.5, 0.5, 0.5, 0.5, 0.5, 0.5, 0.5, 0.5, 0.5, 0.5, 0.5, 0.5, 0.5, 0.5, 0.5, 0.5, 0.5, 0.5, 0.5, 0.5, 0.5, 0.5, 0.5, 0.5, 0.5, 0.5, 0.5, 0.5, 0.5, 0.5, 0.5, 0.5, 0.5, 0.5, 0.5, 0.5, 0.5, 0.5, 0.5, 0.5, 0.5, 0.5, 0.5, 0.5, 0.5, 0.5, 0.5, 0.5, 0.5, 0.5, 0.5, 0.5, 0.5, 0.5, 0.5, 0.5, 0.5, 0.5, 0.5, 0.5, 0.5, 0.5, 0.5, 0.5, 0.5, 0.5, 0.5, 0.5, 0.5, 0.5, 0.5, 0.5, 0.5, 0.5, 0.5, 0.5, 0.5, 0.5, 0.5, 0.5, 0.5, 0.5, 0.5, 0.5, 0.5, 0.5, 0.5, 0.5, 0.5, 0.5, 0.5, 0.5, 0.5, 0.5, 0.5, 0.5, 0.5, 0.5, 0.5, 0.5, 0.5, 0.5, 0.5, 0.5, 0.5, 0.5, 0.5, 0.5, 0.5, 0.5, 0.5, 0.5, 0.5, 0.5, 0.5, 0.5, 0.5, 0.5, 0.5, 0.5, 0.5, 0.5, 0.5, 0.5, 0.5, 0.5, 0.5, 0.5, 0.5, 0.5, 0.5, 0.5, 0.5, 0.5, 0.5, 0.5, 0.5, 0.5, 0.5, 0.5, 0.5, 0.5, 0.5, 0.5, 0.5, 0.5, 0.5, 0.5, 0.5, 0.5, 0.5, 0.5, 0.5, 0.5, 0.5, 0.5, 0.5, 0.5, 0.5, 0.5, 0.5, 0.5, 0.5, 0.5, 0.5, 0.5, 0.5, 0.5, 0.5, 0.5, 0.5, 0.5, 0.5, 0.5, 0.5, 0.5, 0.5, 0.5, 0.5, 0.5, 0.5, 0.5, 0.5, 0.5, 0.5, 0.5, 0.5, 0.5, 0.5, 0.5, 0.5, 0.5, 0.5, 0.5, 0.5, 0.5, 0.5, 0.5, 0.5, 0.5, 0.5, 0.5, 0.5, 0.5, 0.5, 0.5, 0.5, 0.5, 0.5, 0.5, 0.5, 0.5, 0.5, 0.5, 0.5, 0.5, 0.5, 0.5, 0.5, 0.5, 0.5, 0.5, 0.5, 0.5, 0.5, 0.5, 0.5, 0.5, 0.5, 0.5, 0.5, 0.5, 0.5, 0.5, 0.5, 0.5, 0.5, 0.5, 0.5, 0.5, 0.5, 0.5, 0.5, 0.5, 0.5, 0.5, 0.5, 0.5, 0.5, 0.5, 0.5, 0.5, 0.5, 0.5, 0.5, 0.5, 0.5, 0.5, 0.5, 0.5, 0.5, 0.5, 0.5, 0.5, 0.5, 0.5, 0.5, 0.5, 0.5, 0.5, 0.5, 0.5, 0.5, 0.5, 0.5, 0.5, 0.5, 0.5, 0.5, 0.5, 0.5, 0.5, 0.5, 0.5, 0.5, 0.5, 0.5, 0.5, 0.5, 0.5, 0.5, 0.5, 0.5, 0.5, 0.5, 0.5, 0.5, 0.5, 0.5, 0.5, 0.5, 0.5, 0.5, 0.5, 0.5, 0.5, 0.5, 0.5, 0.5, 0.5, 0.5, 0.5, 0.5, 0.5, 0.5, 0.5, 0.5, 0.5, 0.5, 0.5, 0.5, 0.5, 0.5, 0.5, 0.5, 0.5, 0.5, 0.5, 0.5, 0.5, 0.5, 0.5, 0.5, 0.5, 0.5, 0.5, 0.5, 0.5, 0.5, 0.5, 0.5, 0.5, 0.5, 0.5, 0.5, 0.5, 0.5, 0.5, 0.5, 0.5, 0.5, 0.5, 0.5, 0.5, 0.5, 0.5, 0.5, 0.5, 0.5, 0.5, 0.5, 0.5, 0.5, 0.5, 0.5, 0.5, 0.5, 0.5, 0.5, 0.5, 0.5, 0.5, 0.5, 0.5, 0.5, 0.5, 0.5, 0.5, 0.5, 0.5, 0.5, 0.5, 0.5, 0.5, 0.5, 0.5, 0.5, 0.5, 0.5, 0.5, 0.5, 0.5, 0.5, 0.5, 0.5, 0.5, 0.5, 0.5, 0.5, 0.5, 0.5, 0.5, 0.5, 0.5, 0.5, 0.5, 0.5, 0.5, 0.5, 0.5, 0.5, 0.5, 0.5, 0.5, 0.5, 0.5, 0.5, 0.5, 0.5, 0.5, 0.5, 0.5, 0.5, 0.5, 0.5, 0.5, 0.5, 0.5, 0.5, 0.5, 0.5, 0.5, 0.5, 0.5, 0.5, 0.5, 0.5, 0.5]",2
2026_11_KICE_22-26_3,['4(2)'],"1번: 화자는 바람이 흔드는 것이 감나무 잎새뿐이라고 여기다가 오색딱다구리를 보며 그 생각을 바로잡고 있지 않다. + ""감나무 잎새를 흔드는 게 어찌 바람뿐이랴. 감나무 잎새를 반짝이는 게 어찌 햇살뿐이랴.""
2번: 화자는 오색딱다구리가 내는 소리와 청설모의 움직임을 통해 감나무 열매가 충분히 익은 상태임을 짐작하고 있지 않다. + ""아까는 오색딱다구리가 따다다닥 찍고 가더니 봐 봐, 시방은 청설모가 쪼르르 타고 내려오네.""
3번: 화자는 오색딱다구리와 청설모가 감나무에서 만났다가 한순간에 헤어지는 것을 보며 자신의 사랑이 끝났음을 떠올리고 있다. + ""사랑이 끝났기로서니 그리움마저 사라지랴, 그리움 날로 자라면 주먹송이처럼 커 갈 땡감들.""
4번: 화자는 감나무 열매가 자라는 과정에서 흰 구름을 만나기도 하고 장대비를 만나기도 하는 일이 유의미하다고 여기고 있다. + ""때론 머리 위로 흰 구름이고 때론 온종일 장대비 맞아 보게.""
5번: 화자는 오색딱다구리와 청설모가 감나무를 떠난 후에 흰 구름과 장대비가 오는 것을 보며 머지않아 새로운 사랑이 시작될 것을 기대하고 있지 않다. + ""이별까지 나눈 마당에 기다림은 웬 것이랴만, 감나무 그늘에 평상을 놓고 그래 그래, 밤이면 잠 뒤척여 산이 우는 소리도 들어 보고 새벽이면 퍼뜩 깨어나 계곡 물소리도 들어 보게.""

최종 정답: 4번","[16, 167, 110, 230, 25, 220, 169, 247, 242, 168, 252, 238, 167, 232, 242, 31619, 108, 242, 167, 252, 234, 35975, 112, 220, 169, 251, 242, 167, 241, 250, 167, 232, 242, 220, 166, 110, 225, 35975, 112, 220, 166, 108, 238, 167, 224, 246, 167, 105, 112, 23821, 252, 236, 168, 225, 230, 167, 123, 238, 35975, 112, 167, 251, 120, 166, 111, 254, 23821, 245, 105, 166, 116, 108, 46695, 97, 166, 108, 222, 23821, 246, 97, 168, 225, 231, 167, 242, 109, 46695, 97, 166, 113, 105, 167, 99, 105, 167, 98, 120, 31619, 111, 112, 167, 102, 108, 220, 166, 115, 116, 23821, 225, 251, 166, 108, 223, 35975, 226, 31619, 108, 242, 167, 94, 250, 168, 252, 94, 166, 111, 254, 23821, 252, 230, 168, 100, 222, 23821, 243, 232, 46695, 97, 13, 1343, 366, 166, 108, 238, 167, 224, 246, 167, 105, 112, 23821, 252, 236, 168, 225, 230, 167, 98, 120, 220, 169, 251, 242, 167, 241, 250, 167, 232, 242, 220, 166, 110, 234, 23821, 244, 112, 168, 108, 234, 31619, 108, 242, 167, 252, 234, 167, 123, 238, 35975, 112, 167, 252, 112, 13, 220, 166, 108, 238, 167, 224, 246, 167, 105, 112, 23821, 252, 236, 168, 225, 230, 167, 98, 120, 31619, 108, 246, 168, 100, 251, 35975, 112, 167, 232, 242, 220, 166, 110, 234, 23821, 244, 112, 168, 108, 234, 220, 169, 244, 229, 168, 224, 112, 167, 123, 238, 35975, 112, 167, 252, 112, 526, 198, 17, 167, 110, 230, 25, 220, 169, 247, 242, 168, 252, 238, 167, 232, 242, 23821, 246, 97, 168, 225, 231, 167, 242, 109, 46695, 97, 166, 113, 105, 167, 99, 105, 166, 108, 222, 31619, 224, 112, 167, 232, 242, 23821, 228, 234, 167, 99, 105, 168, 247, 222, 23821, 110, 255, 168, 226, 97, 167, 103, 101, 35975, 246, 23821, 249, 222, 168, 100, 223, 168, 252, 226, 35975, 226, 220, 169, 228, 113, 47991, 112, 220, 166, 108, 238, 167, 224, 246, 167, 105, 112, 23821, 245, 112, 167, 100, 97, 166, 108, 222, 23821, 114, 102, 167, 114, 226, 169, 252, 230, 23821, 251, 113, 35975, 222, 23821, 225, 223, 169, 225, 250, 168, 252, 226, 35975, 226, 23821, 100, 238, 168, 252, 239, 47991, 246, 166, 111, 254, 23821, 252, 230, 168, 100, 222, 23821, 243, 232, 46695, 97, 13, 1343, 366, 168, 243, 226, 166, 117, 234, 167, 232, 242, 23821, 246, 97, 168, 225, 231, 167, 242, 109, 46695, 97, 166, 113, 105, 167, 99, 105, 166, 108, 222, 31619, 242, 108, 46695, 97, 46695, 97, 46695, 98, 23821, 108, 235, 166, 111, 254, 220, 166, 108, 222, 167, 235, 242, 46695, 230, 31619, 112, 238, 31619, 112, 238, 11, 23821, 233, 250, 167, 108, 102, 35975, 222, 23821, 110, 255, 168, 226, 97, 167, 103, 101, 166, 108, 222, 23821, 103, 120, 167, 98, 112, 167, 98, 112, 220, 169, 225, 222, 166, 111, 254, 31619, 224, 112, 167, 254, 97, 168, 246, 97, 167, 226, 97, 526, 198, 18, 167, 110, 230, 25, 220, 169, 247, 242, 168, 252, 238, 167, 232, 242, 23821, 246, 97, 168, 225, 231, 167, 242, 109, 46695, 97, 166, 113, 105, 167, 99, 105, 168, 247, 222, 23821, 110, 255, 168, 226, 97, 167, 103, 101, 166, 108, 222, 220, 166, 108, 238, 167, 224, 246, 167, 105, 112, 168, 245, 238, 168, 226, 250, 31619, 100, 234, 167, 8955, 46695, 97, 166, 108, 222, 220, 47991, 250, 168, 230, 250, 166, 108, 226, 168, 245, 238, 220, 169, 245, 97, 168, 244, 112, 168, 100, 222, 167, 232, 242, 220, 166, 110, 225, 35975, 226, 31619, 111, 112, 167, 102, 108, 23821, 252, 238, 168, 233, 254, 35975, 246, 23821, 8955, 167, 252, 239, 35975, 112, 31619, 223, 251, 167, 8955, 35975, 234, 35975, 226, 31619, 244, 254, 168, 246, 105, 167, 99, 105, 166, 111, 254, 23821, 252, 230, 46695, 97, 13, 1343, 366, 168, 8955, 167, 252, 239, 35975, 112, 31619, 223, 251, 167, 8955, 166, 116, 108, 167, 94, 250, 168, 226, 250, 46695, 230, 220, 166, 115, 116, 167, 99, 105, 168, 249, 222, 167, 100, 230, 168, 254, 222, 23821, 8955, 167, 251, 120, 168, 100, 222, 167, 252, 112, 11, 220, 166, 115, 116, 167, 99, 105, 168, 249, 222, 31619, 224, 254, 167, 94, 250, 23821, 252, 238, 167, 251, 120, 167, 102, 112, 23821, 96, 120, 167, 101, 117, 168, 228, 94, 35975, 112, 168, 110, 246, 167, 253, 120, 23821, 119, 97, 220, 166, 108, 230, 31619, 243, 94, 166, 108, 238, 167, 241, 97, 526, 198, 19, 167, 110, 230, 25, 220, 169, 247, 242, 168, 252, 238, 167, 232, 242, 220, 166, 108, 238, 167, 224, 246, 167, 105, 112, 23821, 245, 112, 167, 100, 97, 166, 108, 222, 23821, 252, 238, 167, 251, 120, 167, 232, 242, 220, 166, 111, 120, 168, 254, 243, 168, 245, 238, 168, 226, 250, 220, 169, 251, 108, 220, 166, 113, 105, 167, 99, 226, 35975, 226, 31619, 100, 234, 167, 224, 246, 166, 116, 108, 167, 237, 226, 220, 47991, 246, 166, 111, 254, 23821, 252, 98, 167, 234, 222, 167, 117, 226, 167, 98, 120, 31619, 100, 234, 167, 224, 246, 166, 116, 108, 167, 237, 226, 220, 47991, 246, 167, 232, 242, 23821, 251, 120, 35975, 112, 23821, 250, 254, 35975, 246, 167, 107, 116, 47991, 246, 46695, 97, 166, 111, 254, 23821, 245, 105, 166, 116, 108, 166, 111, 254, 23821, 252, 230, 46695, 97, 13, 1343, 366, 167, 243, 234, 167, 94, 254, 31619, 101, 116, 167, 99, 105, 23821, 250, 226, 167, 94, 250, 220, 169, 251, 108, 220, 166, 113, 105, 167, 99, 226, 35975, 112, 166, 111, 254, 31619, 243, 234, 167, 94, 254, 23821, 246, 101, 168, 95, 227, 35975, 120, 23821, 252, 98, 167, 234, 222, 167, 117, 226, 31619, 100, 252, 168, 243, 226, 31619, 111, 112, 166, 110, 234, 526, 198, 20, 167, 110, 230, 25, 220, 169, 247, 242, 168, 252, 238, 167, 232, 242, 23821, 246, 97, 168, 225, 231, 167, 242, 109, 46695, 97, 166, 113, 105, 167, 99, 105, 168, 247, 222, 23821, 110, 255, 168, 226, 97, 167, 103, 101, 166, 108, 222, 220, 166, 108, 238, 167, 224, 246, 167, 105, 112, 167, 98, 120, 31619, 244, 254, 167, 224, 250, 220, 169, 249, 226, 168, 245, 238, 220, 169, 251, 108, 220, 166, 113, 105, 167, 99, 226, 166, 111, 120, 23821, 252, 98, 167, 234, 222, 167, 117, 226, 166, 108, 222, 23821, 246, 97, 167, 232, 242, 220, 166, 110, 225, 35975, 226, 31619, 111, 112, 167, 102, 108, 31619, 101, 116, 168, 100, 222, 168, 243, 232, 168, 243, 226, 23821, 225, 230, 167, 94, 250, 168, 248, 112, 23821, 8955, 167, 252, 239, 35975, 112, 23821, 233, 250, 168, 252, 239, 167, 238, 254, 220, 166, 110, 225, 35975, 226, 220, 166, 116, 108, 167, 234, 222, 47991, 246, 166, 111, 254, 23821, 252, 230, 168, 100, 222, 23821, 243, 232, 46695, 97, 13, 1343, 366, 35975, 112, 167, 111, 226, 166, 117, 234, 168, 100, 222, 31619, 224, 246, 167, 230, 230, 31619, 100, 230, 46695, 117, 168, 245, 238, 220, 166, 116, 108, 46695, 97, 167, 99, 120, 35975, 222, 23821, 249, 105, 220, 166, 110, 225, 35975, 112, 167, 252, 112, 167, 100, 234, 11, 220, 166, 108, 238, 167, 224, 246, 167, 105, 112, 220, 166, 115, 116, 167, 232, 246, 168, 245, 238, 220, 169, 237, 231, 168, 225, 223, 35975, 226, 31619, 228, 241, 166, 111, 254, 220, 166, 115, 116, 167, 252, 246, 220, 166, 115, 116, 167, 252, 246, 11, 31619, 108, 97, 35975, 112, 167, 102, 112, 23821, 252, 254, 31619, 240, 97, 168, 110, 247, 168, 245, 105, 23821, 224, 108, 35975, 112, 23821, 248, 108, 167, 232, 242, 23821, 228, 234, 167, 99, 105, 167, 237, 226, 31619, 241, 97, 168, 244, 112, 31619, 111, 112, 166, 111, 254, 23821, 225, 230, 167, 110, 121, 35975, 112, 167, 102, 112, 220, 169, 235, 120, 167, 250, 102, 220, 166, 117, 101, 168, 244, 112, 167, 224, 246, 220, 166, 111, 226, 166, 111, 94, 31619, 45539, 168, 228, 234, 167, 99, 105, 167, 237, 226, 31619, 241, 97, 168, 244, 112, 31619, 111, 112, 166, 110, 234, 526, 198, 198, 168, 113, 250, 168, 95, 227, 23821, 254, 243, 46695, 113, 25, 604, 167, 110, 230]","[0.5, 0.5, 0.5, 0.5, 0.5, 0.5, 0.5, 0.5, 0.5, 0.5, 0.5, 0.5, 0.5, 0.5, 0.5, 0.5, 0.5, 0.5, 0.5, 0.5, 0.5, 0.5, 0.5, 0.5, 0.5, 0.5, 0.5, 0.5, 0.5, 0.5, 0.5, 0.5, 0.5, 0.5, 0.5, 0.5, 0.5, 0.5, 0.5, 0.5, 0.5, 0.5, 0.5, 0.5, 0.5, 0.5, 0.5, 0.5, 0.5, 0.5, 0.5, 0.5, 0.5, 0.5, 0.5, 0.5, 0.5, 0.5, 0.5, 0.5, 0.5, 0.5, 0.5, 0.5, 0.5, 0.5, 0.5, 0.5, 0.5, 0.5, 0.5, 0.5, 0.5, 0.5, 0.5, 0.5, 0.5, 0.5, 0.5, 0.5, 0.5, 0.5, 0.5, 0.5, 0.5, 0.5, 0.5, 0.5, 0.5, 0.5, 0.5, 0.5, 0.5, 0.5, 0.5, 0.5, 0.5, 0.5, 0.5, 0.5, 0.5, 0.5, 0.5, 0.5, 0.5, 0.5, 0.5, 0.5, 0.5, 0.5, 0.5, 0.5, 0.5, 0.5, 0.5, 0.5, 0.5, 0.5, 0.5, 0.5, 0.5, 0.5, 0.5, 0.5, 0.5, 0.5, 0.5, 0.5, 0.5, 0.5, 0.5, 0.5, 0.5, 0.5, 0.5, 0.5, 0.5, 0.5, 0.5, 0.5, 0.5, 0.5, 0.5, 0.5, 0.5, 0.5, 0.5, 0.5, 0.5, 0.5, 0.5, 0.5, 0.5, 0.5, 0.5, 0.5, 0.5, 0.5, 0.5, 0.5, 0.5, 0.5, 0.5, 0.5, 0.5, 0.5, 0.5, 0.5, 0.5, 0.5, 0.5, 0.5, 0.5, 0.5, 0.5, 0.5, 0.5, 0.5, 0.5, 0.5, 0.5, 0.5, 0.5, 0.5, 0.5, 0.5, 0.5, 0.5, 0.5, 0.5, 0.5, 0.5, 0.5, 0.5, 0.5, 0.5, 0.5, 0.5, 0.5, 0.5, 0.5, 0.5, 0.5, 0.5, 0.5, 0.5, 0.5, 0.5, 0.5, 0.5, 0.5, 0.5, 0.5, 0.5, 0.5, 0.5, 0.5, 0.5, 0.5, 0.5, 0.5, 0.5, 0.5, 0.5, 0.5, 0.5, 0.5, 0.5, 0.5, 0.5, 0.5, 0.5, 0.5, 0.5, 0.5, 0.5, 0.5, 0.5, 0.5, 0.5, 0.5, 0.5, 0.5, 0.5, 0.5, 0.5, 0.5, 0.5, 0.5, 0.5, 0.5, 0.5, 0.5, 0.5, 0.5, 0.5, 0.5, 0.5, 0.5, 0.5, 0.5, 0.5, 0.5, 0.5, 0.5, 0.5, 0.5, 0.5, 0.5, 0.5, 0.5, 0.5, 0.5, 0.5, 0.5, 0.5, 0.5, 0.5, 0.5, 0.5, 0.5, 0.5, 0.5, 0.5, 0.5, 0.5, 0.5, 0.5, 0.5, 0.5, 0.5, 0.5, 0.5, 0.5, 0.5, 0.5, 0.5, 0.5, 0.5, 0.5, 0.5, 0.5, 0.5, 0.5, 0.5, 0.5, 0.5, 0.5, 0.5, 0.5, 0.5, 0.5, 0.5, 0.5, 0.5, 0.5, 0.5, 0.5, 0.5, 0.5, 0.5, 0.5, 0.5, 0.5, 0.5, 0.5, 0.5, 0.5, 0.5, 0.5, 0.5, 0.5, 0.5, 0.5, 0.5, 0.5, 0.5, 0.5, 0.5, 0.5, 0.5, 0.5, 0.5, 0.5, 0.5, 0.5, 0.5, 0.5, 0.5, 0.5, 0.5, 0.5, 0.5, 0.5, 0.5, 0.5, 0.5, 0.5, 0.5, 0.5, 0.5, 0.5, 0.5, 0.5, 0.5, 0.5, 0.5, 0.5, 0.5, 0.5, 0.5, 0.5, 0.5, 0.5, 0.5, 0.5, 0.5, 0.5, 0.5, 0.5, 0.5, 0.5, 0.5, 0.5, 0.5, 0.5, 0.5, 0.5, 0.5, 0.5, 0.5, 0.5, 0.5, 0.5, 0.5, 0.5, 0.5, 0.5, 0.5, 0.5, 0.5, 0.5, 0.5, 0.5, 0.5, 0.5, 0.5, 0.5, 0.5, 0.5, 0.5, 0.5, 0.5, 0.5, 0.5, 0.5, 0.5, 0.5, 0.5, 0.5, 0.5, 0.5, 0.5, 0.5, 0.5, 0.5, 0.5, 0.5, 0.5, 0.5, 0.5, 0.5, 0.5, 0.5, 0.5, 0.5, 0.5, 0.5, 0.5, 0.5, 0.5, 0.5, 0.5, 0.5, 0.5, 0.5, 0.5, 0.5, 0.5, 0.5, 0.5, 0.5, 0.5, 0.5, 0.5, 0.5, 0.5, 0.5, 0.5, 0.5, 0.5, 0.5, 0.5, 0.5, 0.5, 0.5, 0.5, 0.5, 0.5, 0.5, 0.5, 0.5, 0.5, 0.5, 0.5, 0.5, 0.5, 0.5, 0.5, 0.5, 0.5, 0.5, 0.5, 0.5, 0.5, 0.5, 0.5, 0.5, 0.5, 0.5, 0.5, 0.5, 0.5, 0.5, 0.5, 0.5, 0.5, 0.5, 0.5, 0.5, 0.5, 0.5, 0.5, 0.5, 0.5, 0.5, 0.5, 0.5, 0.5, 0.5, 0.5, 0.5, 0.5, 0.5, 0.5, 0.5, 0.5, 0.5, 0.5, 0.5, 0.5, 0.5, 0.5, 0.5, 0.5, 0.5, 0.5, 0.5, 0.5, 0.5, 0.5, 0.5, 0.5, 0.5, 0.5, 0.5, 0.5, 0.5, 0.5, 0.5, 0.5, 0.5, 0.5, 0.5, 0.5, 0.5, 0.5, 0.5, 0.5, 0.5, 0.5, 0.5, 0.5, 0.5, 0.5, 0.5, 0.5, 0.5, 0.5, 0.5, 0.5, 0.5, 0.5, 0.5, 0.5, 0.5, 0.5, 0.5, 0.5, 0.5, 0.5, 0.5, 0.5, 0.5, 0.5, 0.5, 0.5, 0.5, 0.5, 0.5, 0.5, 0.5, 0.5, 0.5, 0.5, 0.5, 0.5, 0.5, 0.5, 0.5, 0.5, 0.5, 0.5, 0.5, 0.5, 0.5, 0.5, 0.5, 0.5, 0.5, 0.5, 0.5, 0.5, 0.5, 0.5, 0.5, 0.5, 0.5, 0.5, 0.5, 0.5, 0.5, 0.5, 0.5, 0.5, 0.5, 0.5, 0.5, 0.5, 0.5, 0.5, 0.5, 0.5, 0.5, 0.5, 0.5, 0.5, 0.5, 0.5, 0.5, 0.5, 0.5, 0.5, 0.5, 0.5, 0.5, 0.5, 0.5, 0.5, 0.5, 0.5, 0.5, 0.5, 0.5, 0.5, 0.5, 0.5, 0.5, 0.5, 0.5, 0.5, 0.5, 0.5, 0.5, 0.5, 0.5, 0.5, 0.5, 0.5, 0.5, 0.5, 0.5, 0.5, 0.5, 0.5, 0.5, 0.5, 0.5, 0.5, 0.5, 0.5, 0.5, 0.5, 0.5, 0.5, 0.5, 0.5, 0.5, 0.5, 0.5, 0.5, 0.5, 0.5, 0.5, 0.5, 0.5, 0.5, 0.5, 0.5, 0.5, 0.5, 0.5, 0.5, 0.5, 0.5, 0.5, 0.5, 0.5, 0.5, 0.5, 0.5, 0.5, 0.5, 0.5, 0.5, 0.5, 0.5, 0.5, 0.5, 0.5, 0.5, 0.5, 0.5, 0.5, 0.5, 0.5, 0.5, 0.5, 0.5, 0.5, 0.5, 0.5, 0.5, 0.5, 0.5, 0.5, 0.5, 0.5, 0.5, 0.5, 0.5, 0.5, 0.5, 0.5, 0.5, 0.5, 0.5, 0.5, 0.5, 0.5, 0.5, 0.5, 0.5, 0.5, 0.5, 0.5, 0.5, 0.5, 0.5, 0.5, 0.5, 0.5, 0.5, 0.5, 0.5, 0.5, 0.5, 0.5, 0.5, 0.5, 0.5, 0.5, 0.5, 0.5, 0.5, 0.5, 0.5, 0.5, 0.5, 0.5, 0.5, 0.5, 0.5, 0.5, 0.5, 0.5, 0.5, 0.5, 0.5, 0.5, 0.5, 0.5, 0.5, 0.5, 0.5, 0.5, 0.5, 0.5, 0.5, 0.5, 0.5, 0.5, 0.5, 0.5, 0.5, 0.5, 0.5, 0.5, 0.5, 0.5, 0.5, 0.5, 0.5, 0.5, 0.5, 0.5, 0.5, 0.5, 0.5, 0.5, 0.5, 0.5, 0.5, 0.5, 0.5, 0.5, 0.5, 0.5, 0.5, 0.5, 0.5, 0.5, 0.5, 0.5, 0.5, 0.5, 0.5, 0.5, 0.5, 0.5, 0.5, 0.5, 0.5, 0.5, 0.5, 0.5, 0.5, 0.5, 0.5, 0.5, 0.5, 0.5, 0.5, 0.5, 0.5, 0.5, 0.5, 0.5, 0.5, 0.5, 0.5, 0.5, 0.5, 0.5, 0.5, 0.5, 0.5, 0.5, 0.5, 0.5, 0.5, 0.5, 0.5, 0.5, 0.5, 0.5, 0.5, 0.5, 0.5, 0.5, 0.5, 0.5, 0.5, 0.5, 0.5, 0.5, 0.5, 0.5, 0.5, 0.5, 0.5, 0.5, 0.5, 0.5, 0.5, 0.5, 0.5, 0.5, 0.5, 0.5, 0.5, 0.5, 0.5, 0.5, 0.5, 0.5, 0.5, 0.5, 0.5, 0.5, 0.5, 0.5, 0.5, 0.5, 0.5, 0.5, 0.5, 0.5, 0.5, 0.5, 0.5, 0.5, 0.5, 0.5, 0.5, 0.5, 0.5, 0.5, 0.5, 0.5, 0.5, 0.5, 0.5, 0.5, 0.5, 0.5, 0.5, 0.5, 0.5, 0.5, 0.5, 0.5, 0.5, 0.5, 0.5, 0.5, 0.5, 0.5, 0.5, 0.5, 0.5, 0.5, 0.5, 0.5, 0.5, 0.5, 0.5, 0.5, 0.5, 0.5, 0.5, 0.5, 0.5, 0.5, 0.5, 0.5, 0.5, 0.5, 0.5, 0.5, 0.5, 0.5, 0.5, 0.5, 0.5, 0.5, 0.5, 0.5, 0.5, 0.5, 0.5, 0.5, 0.5, 0.5, 0.5, 0.5, 0.5, 0.5, 0.5, 0.5, 0.5, 0.5, 0.5, 0.5, 0.5, 0.5, 0.5, 0.5, 0.5, 0.5, 0.5, 0.5, 0.5, 0.5, 0.5, 0.5, 0.5, 0.5, 0.5, 0.5, 0.5, 0.5, 0.5, 0.5, 0.5, 0.5, 0.5, 0.5, 0.5, 0.5, 0.5, 0.5, 0.5, 0.5, 0.5, 0.5, 0.5, 0.5, 0.5, 0.5, 0.5, 0.5, 0.5, 0.5, 0.5, 0.5, 0.5, 0.5, 0.5, 0.5, 0.5, 0.5, 0.5, 0.5, 0.5, 0.5, 0.5, 0.5, 0.5, 0.5, 0.5, 0.5, 0.5, 0.5, 0.5, 0.5, 0.5, 0.5, 0.5, 0.5, 0.5, 0.5, 0.5, 0.5, 0.5, 0.5, 0.5, 0.5, 0.5, 0.5, 0.5, 0.5, 0.5, 0.5, 0.5, 0.5, 0.5, 0.5, 0.5, 0.5, 0.5, 0.5, 0.5, 0.5, 0.5, 0.5, 0.5, 0.5, 0.5, 0.5, 0.5, 0.5, 0.5, 0.5, 0.5, 0.5, 0.5, 0.5, 0.5, 0.5, 0.5, 0.5, 0.5, 0.5, 0.5, 0.5, 0.5, 0.5, 0.5, 0.5, 0.5, 0.5, 0.5, 0.5, 0.5, 0.5, 0.5, 0.5, 0.5, 0.5, 0.5, 0.5, 0.5, 0.5, 0.5, 0.5, 0.5, 0.5, 0.5, 0.5, 0.5, 0.5, 0.5, 0.5, 0.5, 0.5, 0.5, 0.5, 0.5, 0.5, 0.5, 0.5, 0.5, 0.5, 0.5, 0.5, 0.5, 0.5, 0.5, 0.5, 0.5, 0.5, 0.5, 0.5, 0.5, 0.5, 0.5, 0.5, 0.5, 0.5, 0.5, 0.5, 0.5, 0.5, 0.5, 0.5, 0.5, 0.5, 0.5, 0.5, 0.5, 0.5, 0.5, 0.5, 0.5, 0.5, 0.5, 0.5, 0.5, 0.5, 0.5, 0.5, 0.5, 0.5, 0.5, 0.5, 0.5, 0.5, 0.5, 0.5, 0.5, 0.5, 0.5, 0.5, 0.5, 0.5, 0.5, 0.5, 0.5, 0.5, 0.5, 0.5, 0.5, 0.5, 0.5, 0.5, 0.5, 0.5, 0.5, 0.5, 0.5, 0.5, 0.5, 0.5, 0.5, 0.5, 0.5, 0.5, 0.5, 0.5, 0.5, 0.5, 0.5, 0.5, 0.5, 0.5, 0.5, 0.5, 0.5, 0.5, 0.5, 0.5, 0.5, 0.5, 0.5, 0.5, 0.5, 0.5, 0.5, 0.5, 0.5, 0.5, 0.5, 0.5, 0.5, 0.5, 0.5, 0.5, 0.5, 0.5, 0.5, 0.5, 0.5, 0.5, 0.5, 0.5, 0.5, 0.5, 0.5, 0.5, 0.5, 0.5, 0.5, 0.5, 0.5, 0.5, 0.5, 0.5, 0.5, 0.5, 0.5, 0.5, 0.5, 0.5, 0.5, 0.5, 0.5, 0.5, 0.5, 0.5, 0.5, 0.5, 0.5, 0.5, 0.5, 0.5, 0.5, 0.5, 0.5, 0.5, 0.5, 0.5, 0.5, 0.5, 0.5, 0.5, 0.5, 0.5, 0.5, 0.5, 0.5, 0.5, 0.5, 0.5, 0.5, 0.5, 0.5, 0.5, 0.5, 0.5, 0.5, 0.5, 0.5, 0.5, 0.5, 0.5, 0.5, 0.5, 0.5, 0.5, 0.5, 0.5, 0.5, 0.5, 0.5, 0.5, 0.5, 0.5, 0.5, 0.5, 0.5, 0.5, 0.5, 0.5, 0.5, 0.5, 0.5, 0.5, 0.5, 0.5, 0.5, 0.5, 0.5, 0.5, 0.5, 0.5, 0.5, 0.5, 0.5, 0.5, 0.5, 0.5, 0.5, 0.5, 0.5, 0.5, 0.5, 0.5, 0.5, 0.5, 0.5, 0.5, 0.5, 0.5, 0.5, 0.5, 0.5, 0.5, 0.5, 0.5, 0.5, 0.5, 0.5, 0.5, 0.5, 0.5, 0.5, 0.5, 0.5, 0.5, 0.5, 0.5, 0.5, 0.5, 0.5, 0.5, 0.5, 0.5, 0.5, 0.5, 0.5, 0.5, 0.5, 0.5, 0.5, 0.5, 0.5, 0.5, 0.5, 0.5, 0.5, 0.5, 0.5, 0.5, 0.5, 0.5, 0.5, 0.5, 0.5, 0.5, 0.5, 0.5, 0.5, 0.5, 0.5, 0.5, 0.5, 0.5, 0.5, 0.5, 0.5, 0.5, 0.5, 0.5, 0.5]",2
2026_11_KICE_22-26_4,['2(2)'],"1번: 이 문장은 (다)를 감상한 내용으로 적절한 것으로 보인다. ""천지간에 만물이 소리를 내게 만드는 것은 무엇인가?""라는 문장에서 시작하여 사람의 소리와 문장에 대해 논의하고 있기 때문이다. + ""천지간에 만물이 소리를 내게 만드는 것은 무엇인가?""
2번: 이 문장은 (다)를 감상한 내용으로 적절한 것으로 보인다. ""소리는 한 가지가 아니니, 쓸모없는 소리가 있고 쓸모 있는 소리""라는 문장에서 소리가 지닌 상반된 특성에 대해 논의하고 있기 때문이다. + ""소리는 한 가지가 아니니, 쓸모없는 소리가 있고 쓸모 있는 소리""
3번: 이 문장은 (다)를 감상한 내용으로 적절하지 않은 것으로 보인다. ""최립은 좋은 소리를 내는 사람에 가깝다. 그의 문장이 비록 완성된 것은 아니지만""라는 문장에서 최립의 문장이 완성된 것이 아니라고 언급하고 있기 때문이다. + ""최립은 좋은 소리를 내는 사람에 가깝다. 그의 문장이 비록 완성된 것은 아니지만""
4번: 이 문장은 (다)를 감상한 내용으로 적절한 것으로 보인다. ""그의 뜻은 바름을 향한다. 그러니 학업을 게을리하지 않는다면 바르게 되는 데 무슨 어려움이 있겠는가.""라는 문장에서 최립의 문장에 담긴 뜻이 도리에 합당함을 향하고 있음을 언급하고 있기 때문이다. + ""그의 뜻은 바름을 향한다. 그러니 학업을 게을리하지 않는다면 바르게 되는 데 무슨 어려움이 있겠는가.""
5번: 이 문장은 (다)를 감상한 내용으로 적절한 것으로 보인다. ""내가 또 들으니 크게 부딪치면 큰 소리가 나며, 작게 부딪치면 작은 소리가 난다고 한다. 최립의 기는 가히 크다고 하겠다.""라는 문장에서 최립의 소리가 크게 나는 것이 그의 마음과 기에서 비롯됨을 언급하고 있기 때문이다. + ""내가 또 들으니 크게 부딪치면 큰 소리가 나며, 작게 부딪치면 작은 소리가 난다고 한다. 최립의 기는 가히 크다고 하겠다.""
최종 정답: 3","[16, 167, 110, 230, 25, 23821, 251, 112, 31619, 105, 116, 168, 252, 98, 35975, 222, 357, 46695, 97, 8, 167, 98, 120, 220, 166, 108, 238, 168, 225, 223, 47991, 250, 31619, 224, 112, 168, 248, 102, 168, 250, 120, 167, 94, 250, 23821, 254, 223, 168, 254, 230, 47991, 250, 220, 166, 110, 225, 168, 250, 120, 167, 94, 250, 31619, 111, 112, 35975, 116, 46695, 97, 13, 366, 168, 110, 250, 168, 100, 222, 166, 108, 226, 168, 245, 238, 31619, 100, 234, 167, 45539, 35975, 112, 23821, 228, 234, 167, 99, 105, 167, 98, 120, 31619, 224, 112, 166, 110, 234, 31619, 100, 234, 167, 241, 250, 167, 232, 242, 220, 166, 110, 225, 35975, 222, 31619, 105, 112, 168, 245, 229, 35975, 116, 166, 108, 222, 1701, 167, 251, 120, 167, 232, 242, 31619, 105, 116, 168, 252, 98, 168, 245, 238, 168, 226, 250, 23821, 233, 250, 168, 252, 239, 47991, 246, 168, 245, 105, 23821, 8955, 167, 252, 234, 35975, 246, 23821, 228, 234, 167, 99, 105, 168, 247, 222, 31619, 105, 116, 168, 252, 98, 168, 245, 238, 31619, 234, 222, 47991, 112, 31619, 227, 120, 35975, 246, 47991, 246, 166, 111, 254, 23821, 252, 230, 166, 116, 108, 31619, 243, 234, 167, 105, 116, 35975, 112, 46695, 97, 13, 1343, 366, 168, 110, 250, 168, 100, 222, 166, 108, 226, 168, 245, 238, 31619, 100, 234, 167, 45539, 35975, 112, 23821, 228, 234, 167, 99, 105, 167, 98, 120, 31619, 224, 112, 166, 110, 234, 31619, 100, 234, 167, 241, 250, 167, 232, 242, 220, 166, 110, 225, 35975, 222, 31619, 105, 112, 168, 245, 229, 35975, 116, 166, 108, 222, 1701, 198, 17, 167, 110, 230, 25, 23821, 251, 112, 31619, 105, 116, 168, 252, 98, 35975, 222, 357, 46695, 97, 8, 167, 98, 120, 220, 166, 108, 238, 168, 225, 223, 47991, 250, 31619, 224, 112, 168, 248, 102, 168, 250, 120, 167, 94, 250, 23821, 254, 223, 168, 254, 230, 47991, 250, 220, 166, 110, 225, 168, 250, 120, 167, 94, 250, 31619, 111, 112, 35975, 116, 46695, 97, 13, 366, 168, 228, 234, 167, 99, 105, 167, 232, 242, 220, 47991, 250, 220, 166, 108, 222, 168, 100, 222, 166, 108, 222, 23821, 243, 226, 46695, 230, 46695, 230, 11, 23821, 241, 116, 167, 103, 101, 168, 245, 228, 167, 232, 242, 23821, 228, 234, 167, 99, 105, 166, 108, 222, 23821, 252, 230, 166, 111, 254, 23821, 241, 116, 167, 103, 101, 23821, 252, 230, 167, 232, 242, 23821, 228, 234, 167, 99, 105, 1, 167, 251, 120, 167, 232, 242, 31619, 105, 116, 168, 252, 98, 168, 245, 238, 168, 226, 250, 23821, 228, 234, 167, 99, 105, 166, 108, 222, 23821, 100, 222, 46695, 234, 23821, 225, 223, 167, 108, 246, 167, 238, 250, 220, 169, 232, 117, 168, 226, 109, 168, 245, 238, 31619, 234, 222, 47991, 112, 31619, 227, 120, 35975, 246, 47991, 246, 166, 111, 254, 23821, 252, 230, 166, 116, 108, 31619, 243, 234, 167, 105, 116, 35975, 112, 46695, 97, 13, 1343, 366, 168, 228, 234, 167, 99, 105, 167, 232, 242, 220, 47991, 250, 220, 166, 108, 222, 168, 100, 222, 166, 108, 222, 23821, 243, 226, 46695, 230, 46695, 230, 11, 23821, 241, 116, 167, 103, 101, 168, 245, 228, 167, 232, 242, 23821, 228, 234, 167, 99, 105, 166, 108, 222, 23821, 252, 230, 166, 111, 254, 23821, 241, 116, 167, 103, 101, 23821, 252, 230, 167, 232, 242, 23821, 228, 234, 167, 99, 105, 1, 198, 18, 167, 110, 230, 25, 23821, 251, 112, 31619, 105, 116, 168, 252, 98, 35975, 222, 357, 46695, 97, 8, 167, 98, 120, 220, 166, 108, 238, 168, 225, 223, 47991, 250, 31619, 224, 112, 168, 248, 102, 168, 250, 120, 167, 94, 250, 23821, 254, 223, 168, 254, 230, 47991, 246, 168, 100, 222, 23821, 243, 232, 35975, 222, 220, 166, 110, 225, 168, 250, 120, 167, 94, 250, 31619, 111, 112, 35975, 116, 46695, 97, 13, 366, 168, 113, 250, 167, 99, 121, 35975, 222, 23821, 95, 233, 35975, 222, 23821, 228, 234, 167, 99, 105, 167, 98, 120, 31619, 224, 112, 167, 232, 242, 23821, 8955, 167, 252, 234, 168, 245, 238, 220, 166, 108, 222, 166, 117, 251, 46695, 97, 13, 220, 166, 115, 116, 35975, 246, 31619, 105, 116, 168, 252, 98, 35975, 112, 31619, 117, 226, 167, 94, 251, 23821, 247, 226, 168, 226, 109, 167, 238, 250, 220, 166, 110, 225, 35975, 222, 23821, 243, 226, 46695, 230, 168, 100, 222, 167, 100, 234, 1, 167, 251, 120, 167, 232, 242, 31619, 105, 116, 168, 252, 98, 168, 245, 238, 168, 226, 250, 23821, 113, 250, 167, 99, 121, 35975, 246, 31619, 105, 116, 168, 252, 98, 35975, 112, 23821, 247, 226, 168, 226, 109, 167, 238, 250, 220, 166, 110, 225, 35975, 112, 23821, 243, 226, 46695, 230, 167, 251, 120, 166, 111, 254, 23821, 244, 116, 166, 116, 231, 47991, 246, 166, 111, 254, 23821, 252, 230, 166, 116, 108, 31619, 243, 234, 167, 105, 116, 35975, 112, 46695, 97, 13, 1343, 366, 168, 113, 250, 167, 99, 121, 35975, 222, 23821, 95, 233, 35975, 222, 23821, 228, 234, 167, 99, 105, 167, 98, 120, 31619, 224, 112, 167, 232, 242, 23821, 8955, 167, 252, 234, 168, 245, 238, 220, 166, 108, 222, 166, 117, 251, 46695, 97, 13, 220, 166, 115, 116, 35975, 246, 31619, 105, 116, 168, 252, 98, 35975, 112, 31619, 117, 226, 167, 94, 251, 23821, 247, 226, 168, 226, 109, 167, 238, 250, 220, 166, 110, 225, 35975, 222, 23821, 243, 226, 46695, 230, 168, 100, 222, 167, 100, 234, 1, 198, 19, 167, 110, 230, 25, 23821, 251, 112, 31619, 105, 116, 168, 252, 98, 35975, 222, 357, 46695, 97, 8, 167, 98, 120, 220, 166, 108, 238, 168, 225, 223, 47991, 250, 31619, 224, 112, 168, 248, 102, 168, 250, 120, 167, 94, 250, 23821, 254, 223, 168, 254, 230, 47991, 250, 220, 166, 110, 225, 168, 250, 120, 167, 94, 250, 31619, 111, 112, 35975, 116, 46695, 97, 13, 366, 166, 115, 116, 35975, 246, 31619, 250, 119, 35975, 222, 31619, 108, 242, 167, 99, 226, 35975, 226, 220, 169, 244, 98, 47991, 250, 46695, 97, 13, 220, 166, 115, 116, 167, 253, 105, 46695, 230, 220, 47991, 247, 168, 245, 227, 35975, 226, 220, 166, 110, 234, 35975, 226, 167, 99, 105, 47991, 246, 168, 100, 222, 23821, 243, 232, 167, 232, 242, 46695, 97, 167, 102, 112, 31619, 108, 242, 167, 98, 112, 166, 110, 234, 31619, 238, 246, 167, 232, 242, 31619, 235, 108, 31619, 105, 112, 168, 232, 101, 23821, 244, 112, 167, 254, 97, 168, 249, 222, 35975, 112, 23821, 252, 230, 166, 110, 254, 167, 232, 242, 166, 108, 222, 526, 167, 251, 120, 167, 232, 242, 31619, 105, 116, 168, 252, 98, 168, 245, 238, 168, 226, 250, 23821, 113, 250, 167, 99, 121, 35975, 246, 31619, 105, 116, 168, 252, 98, 168, 245, 238, 31619, 233, 112, 166, 116, 112, 31619, 250, 119, 35975, 112, 31619, 237, 226, 167, 99, 105, 168, 245, 238, 220, 47991, 102, 46695, 117, 47991, 101, 35975, 226, 220, 169, 244, 98, 47991, 246, 166, 111, 254, 23821, 252, 230, 35975, 234, 35975, 226, 23821, 244, 116, 166, 116, 231, 47991, 246, 166, 111, 254, 23821, 252, 230, 166, 116, 108, 31619, 243, 234, 167, 105, 116, 35975, 112, 46695, 97, 13, 1343, 366, 166, 115, 116, 35975, 246, 31619, 250, 119, 35975, 222, 31619, 108, 242, 167, 99, 226, 35975, 226, 220, 169, 244, 98, 47991, 250, 46695, 97, 13, 220, 166, 115, 116, 167, 253, 105, 46695, 230, 220, 47991, 247, 168, 245, 227, 35975, 226, 220, 166, 110, 234, 35975, 226, 167, 99, 105, 47991, 246, 168, 100, 222, 23821, 243, 232, 167, 232, 242, 46695, 97, 167, 102, 112, 31619, 108, 242, 167, 98, 112, 166, 110, 234, 31619, 238, 246, 167, 232, 242, 31619, 235, 108, 31619, 105, 112, 168, 232, 101, 23821, 244, 112, 167, 254, 97, 168, 249, 222, 35975, 112, 23821, 252, 230, 166, 110, 254, 167, 232, 242, 166, 108, 222, 526, 198, 20, 167, 110, 230, 25, 23821, 251, 112, 31619, 105, 116, 168, 252, 98, 35975, 222, 357, 46695, 97, 8, 167, 98, 120, 220, 166, 108, 238, 168, 225, 223, 47991, 250, 31619, 224, 112, 168, 248, 102, 168, 250, 120, 167, 94, 250, 23821, 254, 223, 168, 254, 230, 47991, 250, 220, 166, 110, 225, 168, 250, 120, 167, 94, 250, 31619, 111, 112, 35975, 116, 46695, 97, 13, 366, 167, 224, 112, 166, 108, 222, 31619, 246, 238, 31619, 241, 97, 168, 250, 120, 46695, 230, 220, 169, 223, 105, 166, 110, 234, 31619, 114, 222, 167, 242, 103, 168, 117, 246, 167, 102, 112, 220, 169, 223, 108, 23821, 228, 234, 167, 99, 105, 166, 108, 222, 31619, 224, 246, 167, 102, 108, 11, 23821, 252, 239, 166, 110, 234, 31619, 114, 222, 167, 242, 103, 168, 117, 246, 167, 102, 112, 23821, 252, 239, 35975, 222, 23821, 228, 234, 167, 99, 105, 166, 108, 222, 31619, 224, 250, 46695, 97, 166, 111, 254, 220, 47991, 250, 46695, 97, 13, 23821, 113, 250, 167, 99, 121, 35975, 246, 220, 166, 116, 108, 167, 232, 242, 220, 166, 108, 222, 169, 252, 230, 220, 169, 223, 105, 46695, 97, 166, 111, 254, 220, 47991, 246, 166, 110, 254, 46695, 97, 526, 167, 251, 120, 167, 232, 242, 31619, 105, 116, 168, 252, 98, 168, 245, 238, 168, 226, 250, 23821, 113, 250, 167, 99, 121, 35975, 246, 23821, 228, 234, 167, 99, 105, 166, 108, 222, 220, 169, 223, 105, 166, 110, 234, 31619, 224, 246, 167, 232, 242, 220, 166, 110, 225, 35975, 112, 220, 166, 115, 116, 35975, 246, 31619, 100, 230, 35975, 234, 166, 111, 120, 220, 166, 116, 108, 168, 245, 238, 168, 226, 250, 31619, 117, 226, 167, 94, 107, 167, 238, 101, 35975, 226, 23821, 244, 116, 166, 116, 231, 47991, 246, 166, 111, 254, 23821, 252, 230, 166, 116, 108, 31619, 243, 234, 167, 105, 116, 35975, 112, 46695, 97, 13, 1343, 366, 167, 224, 112, 166, 108, 222, 31619, 246, 238, 31619, 241, 97, 168, 250, 120, 46695, 230, 220, 169, 223, 105, 166, 110, 234, 31619, 114, 222, 167, 242, 103, 168, 117, 246, 167, 102, 112, 220, 169, 223, 108, 23821, 228, 234, 167, 99, 105, 166, 108, 222, 31619, 224, 246, 167, 102, 108, 11, 23821, 252, 239, 166, 110, 234, 31619, 114, 222, 167, 242, 103, 168, 117, 246, 167, 102, 112, 23821, 252, 239, 35975, 222, 23821, 228, 234, 167, 99, 105, 166, 108, 222, 31619, 224, 250, 46695, 97, 166, 111, 254, 220, 47991, 250, 46695, 97, 13, 23821, 113, 250, 167, 99, 121, 35975, 246, 220, 166, 116, 108, 167, 232, 242, 220, 166, 108, 222, 169, 252, 230, 220, 169, 223, 105, 46695, 97, 166, 111, 254, 220, 47991, 246, 166, 110, 254, 46695, 97, 526, 198, 168, 113, 250, 168, 95, 227, 23821, 254, 243, 46695, 113, 25, 513]","[0.5, 0.5, 0.5, 0.5, 0.5, 0.5, 0.5, 0.5, 0.5, 0.5, 0.5, 0.5, 0.5, 0.5, 0.5, 0.5, 0.5, 0.5, 0.5, 0.5, 0.5, 0.5, 0.5, 0.5, 0.5, 0.5, 0.5, 0.5, 0.5, 0.5, 0.5, 0.5, 0.5, 0.5, 0.5, 0.5, 0.5, 0.5, 0.5, 0.5, 0.5, 0.5, 0.5, 0.5, 0.5, 0.5, 0.5, 0.5, 0.5, 0.5, 0.5, 0.5, 0.5, 0.5, 0.5, 0.5, 0.5, 0.5, 0.5, 0.5, 0.5, 0.5, 0.5, 0.5, 0.5, 0.5, 0.5, 0.5, 0.5, 0.5, 0.5, 0.5, 0.5, 0.5, 0.5, 0.5, 0.5, 0.5, 0.5, 0.5, 0.5, 0.5, 0.5, 0.5, 0.5, 0.5, 0.5, 0.5, 0.5, 0.5, 0.5, 0.5, 0.5, 0.5, 0.5, 0.5, 0.5, 0.5, 0.5, 0.5, 0.5, 0.5, 0.5, 0.5, 0.5, 0.5, 0.5, 0.5, 0.5, 0.5, 0.5, 0.5, 0.5, 0.5, 0.5, 0.5, 0.5, 0.5, 0.5, 0.5, 0.5, 0.5, 0.5, 0.5, 0.5, 0.5, 0.5, 0.5, 0.5, 0.5, 0.5, 0.5, 0.5, 0.5, 0.5, 0.5, 0.5, 0.5, 0.5, 0.5, 0.5, 0.5, 0.5, 0.5, 0.5, 0.5, 0.5, 0.5, 0.5, 0.5, 0.5, 0.5, 0.5, 0.5, 0.5, 0.5, 0.5, 0.5, 0.5, 0.5, 0.5, 0.5, 0.5, 0.5, 0.5, 0.5, 0.5, 0.5, 0.5, 0.5, 0.5, 0.5, 0.5, 0.5, 0.5, 0.5, 0.5, 0.5, 0.5, 0.5, 0.5, 0.5, 0.5, 0.5, 0.5, 0.5, 0.5, 0.5, 0.5, 0.5, 0.5, 0.5, 0.5, 0.5, 0.5, 0.5, 0.5, 0.5, 0.5, 0.5, 0.5, 0.5, 0.5, 0.5, 0.5, 0.5, 0.5, 0.5, 0.5, 0.5, 0.5, 0.5, 0.5, 0.5, 0.5, 0.5, 0.5, 0.5, 0.5, 0.5, 0.5, 0.5, 0.5, 0.5, 0.5, 0.5, 0.5, 0.5, 0.5, 0.5, 0.5, 0.5, 0.5, 0.5, 0.5, 0.5, 0.5, 0.5, 0.5, 0.5, 0.5, 0.5, 0.5, 0.5, 0.5, 0.5, 0.5, 0.5, 0.5, 0.5, 0.5, 0.5, 0.5, 0.5, 0.5, 0.5, 0.5, 0.5, 0.5, 0.5, 0.5, 0.5, 0.5, 0.5, 0.5, 0.5, 0.5, 0.5, 0.5, 0.5, 0.5, 0.5, 0.5, 0.5, 0.5, 0.5, 0.5, 0.5, 0.5, 0.5, 0.5, 0.5, 0.5, 0.5, 0.5, 0.5, 0.5, 0.5, 0.5, 0.5, 0.5, 0.5, 0.5, 0.5, 0.5, 0.5, 0.5, 0.5, 0.5, 0.5, 0.5, 0.5, 0.5, 0.5, 0.5, 0.5, 0.5, 0.5, 0.5, 0.5, 0.5, 0.5, 0.5, 0.5, 0.5, 0.5, 0.5, 0.5, 0.5, 0.5, 0.5, 0.5, 0.5, 0.5, 0.5, 0.5, 0.5, 0.5, 0.5, 0.5, 0.5, 0.5, 0.5, 0.5, 0.5, 0.5, 0.5, 0.5, 0.5, 0.5, 0.5, 0.5, 0.5, 0.5, 0.5, 0.5, 0.5, 0.5, 0.5, 0.5, 0.5, 0.5, 0.5, 0.5, 0.5, 0.5, 0.5, 0.5, 0.5, 0.5, 0.5, 0.5, 0.5, 0.5, 0.5, 0.5, 0.5, 0.5, 0.5, 0.5, 0.5, 0.5, 0.5, 0.5, 0.5, 0.5, 0.5, 0.5, 0.5, 0.5, 0.5, 0.5, 0.5, 0.5, 0.5, 0.5, 0.5, 0.5, 0.5, 0.5, 0.5, 0.5, 0.5, 0.5, 0.5, 0.5, 0.5, 0.5, 0.5, 0.5, 0.5, 0.5, 0.5, 0.5, 0.5, 0.5, 0.5, 0.5, 0.5, 0.5, 0.5, 0.5, 0.5, 0.5, 0.5, 0.5, 0.5, 0.5, 0.5, 0.5, 0.5, 0.5, 0.5, 0.5, 0.5, 0.5, 0.5, 0.5, 0.5, 0.5, 0.5, 0.5, 0.5, 0.5, 0.5, 0.5, 0.5, 0.5, 0.5, 0.5, 0.5, 0.5, 0.5, 0.5, 0.5, 0.5, 0.5, 0.5, 0.5, 0.5, 0.5, 0.5, 0.5, 0.5, 0.5, 0.5, 0.5, 0.5, 0.5, 0.5, 0.5, 0.5, 0.5, 0.5, 0.5, 0.5, 0.5, 0.5, 0.5, 0.5, 0.5, 0.5, 0.5, 0.5, 0.5, 0.5, 0.5, 0.5, 0.5, 0.5, 0.5, 0.5, 0.5, 0.5, 0.5, 0.5, 0.5, 0.5, 0.5, 0.5, 0.5, 0.5, 0.5, 0.5, 0.5, 0.5, 0.5, 0.5, 0.5, 0.5, 0.5, 0.5, 0.5, 0.5, 0.5, 0.5, 0.5, 0.5, 0.5, 0.5, 0.5, 0.5, 0.5, 0.5, 0.5, 0.5, 0.5, 0.5, 0.5, 0.5, 0.5, 0.5, 0.5, 0.5, 0.5, 0.5, 0.5, 0.5, 0.5, 0.5, 0.5, 0.5, 0.5, 0.5, 0.5, 0.5, 0.5, 0.5, 0.5, 0.5, 0.5, 0.5, 0.5, 0.5, 0.5, 0.5, 0.5, 0.5, 0.5, 0.5, 0.5, 0.5, 0.5, 0.5, 0.5, 0.5, 0.5, 0.5, 0.5, 0.5, 0.5, 0.5, 0.5, 0.5, 0.5, 0.5, 0.5, 0.5, 0.5, 0.5, 0.5, 0.5, 0.5, 0.5, 0.5, 0.5, 0.5, 0.5, 0.5, 0.5, 0.5, 0.5, 0.5, 0.5, 0.5, 0.5, 0.5, 0.5, 0.5, 0.5, 0.5, 0.5, 0.5, 0.5, 0.5, 0.5, 0.5, 0.5, 0.5, 0.5, 0.5, 0.5, 0.5, 0.5, 0.5, 0.5, 0.5, 0.5, 0.5, 0.5, 0.5, 0.5, 0.5, 0.5, 0.5, 0.5, 0.5, 0.5, 0.5, 0.5, 0.5, 0.5, 0.5, 0.5, 0.5, 0.5, 0.5, 0.5, 0.5, 0.5, 0.5, 0.5, 0.5, 0.5, 0.5, 0.5, 0.5, 0.5, 0.5, 0.5, 0.5, 0.5, 0.5, 0.5, 0.5, 0.5, 0.5, 0.5, 0.5, 0.5, 0.5, 0.5, 0.5, 0.5, 0.5, 0.5, 0.5, 0.5, 0.5, 0.5, 0.5, 0.5, 0.5, 0.5, 0.5, 0.5, 0.5, 0.5, 0.5, 0.5, 0.5, 0.5, 0.5, 0.5, 0.5, 0.5, 0.5, 0.5, 0.5, 0.5, 0.5, 0.5, 0.5, 0.5, 0.5, 0.5, 0.5, 0.5, 0.5, 0.5, 0.5, 0.5, 0.5, 0.5, 0.5, 0.5, 0.5, 0.5, 0.5, 0.5, 0.5, 0.5, 0.5, 0.5, 0.5, 0.5, 0.5, 0.5, 0.5, 0.5, 0.5, 0.5, 0.5, 0.5, 0.5, 0.5, 0.5, 0.5, 0.5, 0.5, 0.5, 0.5, 0.5, 0.5, 0.5, 0.5, 0.5, 0.5, 0.5, 0.5, 0.5, 0.5, 0.5, 0.5, 0.5, 0.5, 0.5, 0.5, 0.5, 0.5, 0.5, 0.5, 0.5, 0.5, 0.5, 0.5, 0.5, 0.5, 0.5, 0.5, 0.5, 0.5, 0.5, 0.5, 0.5, 0.5, 0.5, 0.5, 0.5, 0.5, 0.5, 0.5, 0.5, 0.5, 0.5, 0.5, 0.5, 0.5, 0.5, 0.5, 0.5, 0.5, 0.5, 0.5, 0.5, 0.5, 0.5, 0.5, 0.5, 0.5, 0.5, 0.5, 0.5, 0.5, 0.5, 0.5, 0.5, 0.5, 0.5, 0.5, 0.5, 0.5, 0.5, 0.5, 0.5, 0.5, 0.5, 0.5, 0.5, 0.5, 0.5, 0.5, 0.5, 0.5, 0.5, 0.5, 0.5, 0.5, 0.5, 0.5, 0.5, 0.5, 0.5, 0.5, 0.5, 0.5, 0.5, 0.5, 0.5, 0.5, 0.5, 0.5, 0.5, 0.5, 0.5, 0.5, 0.5, 0.5, 0.5, 0.5, 0.5, 0.5, 0.5, 0.5, 0.5, 0.5, 0.5, 0.5, 0.5, 0.5, 0.5, 0.5, 0.5, 0.5, 0.5, 0.5, 0.5, 0.5, 0.5, 0.5, 0.5, 0.5, 0.5, 0.5, 0.5, 0.5, 0.5, 0.5, 0.5, 0.5, 0.5, 0.5, 0.5, 0.5, 0.5, 0.5, 0.5, 0.5, 0.5, 0.5, 0.5, 0.5, 0.5, 0.5, 0.5, 0.5, 0.5, 0.5, 0.5, 0.5, 0.5, 0.5, 0.5, 0.5, 0.5, 0.5, 0.5, 0.5, 0.5, 0.5, 0.5, 0.5, 0.5, 0.5, 0.5, 0.5, 0.5, 0.5, 0.5, 0.5, 0.5, 0.5, 0.5, 0.5, 0.5, 0.5, 0.5, 0.5, 0.5, 0.5, 0.5, 0.5, 0.5, 0.5, 0.5, 0.5, 0.5, 0.5, 0.5, 0.5, 0.5, 0.5, 0.5, 0.5, 0.5, 0.5, 0.5, 0.5, 0.5, 0.5, 0.5, 0.5, 0.5, 0.5, 0.5, 0.5, 0.5, 0.5, 0.5, 0.5, 0.5, 0.5, 0.5, 0.5, 0.5, 0.5, 0.5, 0.5, 0.5, 0.5, 0.5, 0.5, 0.5, 0.5, 0.5, 0.5, 0.5, 0.5, 0.5, 0.5, 0.5, 0.5, 0.5, 0.5, 0.5, 0.5, 0.5, 0.5, 0.5, 0.5, 0.5, 0.5, 0.5, 0.5, 0.5, 0.5, 0.5, 0.5, 0.5, 0.5, 0.5, 0.5, 0.5, 0.5, 0.5, 0.5, 0.5, 0.5, 0.5, 0.5, 0.5, 0.5, 0.5, 0.5, 0.5, 0.5, 0.5, 0.5, 0.5, 0.5, 0.5, 0.5, 0.5, 0.5, 0.5, 0.5, 0.5, 0.5, 0.5, 0.5, 0.5, 0.5, 0.5, 0.5, 0.5, 0.5, 0.5, 0.5, 0.5, 0.5, 0.5, 0.5, 0.5, 0.5, 0.5, 0.5, 0.5, 0.5, 0.5, 0.5, 0.5, 0.5, 0.5, 0.5, 0.5, 0.5, 0.5, 0.5, 0.5, 0.5, 0.5, 0.5, 0.5, 0.5, 0.5, 0.5, 0.5, 0.5, 0.5, 0.5, 0.5, 0.5, 0.5, 0.5, 0.5, 0.5, 0.5, 0.5, 0.5, 0.5, 0.5, 0.5, 0.5, 0.5, 0.5, 0.5, 0.5, 0.5, 0.5, 0.5, 0.5, 0.5, 0.5, 0.5, 0.5, 0.5, 0.5, 0.5, 0.5, 0.5, 0.5, 0.5, 0.5, 0.5, 0.5, 0.5, 0.5, 0.5, 0.5, 0.5, 0.5, 0.5, 0.5, 0.5, 0.5, 0.5, 0.5, 0.5, 0.5, 0.5, 0.5, 0.5, 0.5, 0.5, 0.5, 0.5, 0.5, 0.5, 0.5, 0.5, 0.5, 0.5, 0.5, 0.5, 0.5, 0.5, 0.5, 0.5, 0.5, 0.5, 0.5, 0.5, 0.5, 0.5, 0.5, 0.5, 0.5, 0.5, 0.5, 0.5, 0.5, 0.5, 0.5, 0.5, 0.5, 0.5, 0.5, 0.5, 0.5, 0.5, 0.5, 0.5, 0.5, 0.5, 0.5, 0.5, 0.5, 0.5, 0.5, 0.5, 0.5, 0.5, 0.5, 0.5, 0.5, 0.5, 0.5, 0.5, 0.5, 0.5, 0.5, 0.5, 0.5, 0.5, 0.5, 0.5, 0.5, 0.5, 0.5, 0.5, 0.5, 0.5, 0.5, 0.5, 0.5, 0.5, 0.5, 0.5, 0.5, 0.5, 0.5, 0.5, 0.5, 0.5, 0.5, 0.5, 0.5, 0.5, 0.5, 0.5, 0.5, 0.5, 0.5, 0.5, 0.5, 0.5, 0.5, 0.5, 0.5, 0.5, 0.5, 0.5, 0.5, 0.5, 0.5, 0.5, 0.5, 0.5, 0.5, 0.5, 0.5, 0.5, 0.5, 0.5, 0.5, 0.5, 0.5, 0.5, 0.5, 0.5, 0.5, 0.5, 0.5, 0.5, 0.5, 0.5, 0.5, 0.5, 0.5, 0.5, 0.5, 0.5, 0.5, 0.5, 0.5, 0.5, 0.5, 0.5, 0.5, 0.5, 0.5, 0.5, 0.5, 0.5, 0.5, 0.5, 0.5, 0.5, 0.5, 0.5, 0.5, 0.5, 0.5, 0.5, 0.5, 0.5, 0.5, 0.5, 0.5, 0.5, 0.5, 0.5, 0.5, 0.5, 0.5, 0.5, 0.5, 0.5, 0.5, 0.5, 0.5, 0.5, 0.5, 0.5, 0.5, 0.5, 0.5, 0.5, 0.5, 0.5, 0.5, 0.5, 0.5, 0.5, 0.5, 0.5, 0.5, 0.5, 0.5, 0.5, 0.5, 0.5, 0.5, 0.5, 0.5, 0.5, 0.5, 0.5, 0.5, 0.5, 0.5, 0.5, 0.5, 0.5, 0.5, 0.5, 0.5, 0.5, 0.5, 0.5, 0.5, 0.5, 0.5, 0.5, 0.5, 0.5, 0.5, 0.5, 0.5, 0.5, 0.5, 0.5, 0.5, 0.5, 0.5, 0.5, 0.5, 0.5, 0.5, 0.5, 0.5, 0.5, 0.5, 0.5, 0.5, 0.5, 0.5, 0.5, 0.5, 0.5, 0.5, 0.5, 0.5, 0.5, 0.5, 0.5, 0.5, 0.5, 0.5, 0.5, 0.5, 0.5, 0.5, 0.5, 0.5, 0.5, 0.5, 0.5, 0.5, 0.5, 0.5, 0.5, 0.5, 0.5, 0.5, 0.5, 0.5, 0.5, 0.5, 0.5, 0.5, 0.5, 0.5, 0.5, 0.5, 0.5, 0.5, 0.5, 0.5, 0.5, 0.5, 0.5, 0.5, 0.5, 0.5, 0.5, 0.5, 0.5, 0.5, 0.5, 0.5, 0.5, 0.5, 0.5, 0.5, 0.5, 0.5, 0.5, 0.5, 0.5, 0.5, 0.5, 0.5, 0.5, 0.5, 0.5, 0.5, 0.5, 0.5, 0.5, 0.5, 0.5, 0.5, 0.5, 0.5, 0.5, 0.5, 0.5, 0.5, 0.5, 0.5, 0.5, 0.5, 0.5, 0.5, 0.5, 0.5, 0.5, 0.5, 0.5, 0.5, 0.5, 0.5, 0.5, 0.5, 0.5, 0.5, 0.5, 0.5, 0.5, 0.5, 0.5, 0.5, 0.5, 0.5, 0.5, 0.5, 0.5, 0.5, 0.5, 0.5, 0.5, 0.5, 0.5, 0.5, 0.5, 0.5, 0.5, 0.5, 0.5, 0.5, 0.5, 0.5, 0.5, 0.5, 0.5, 0.5, 0.5, 0.5, 0.5, 0.5, 0.5, 0.5, 0.5, 0.5, 0.5, 0.5, 0.5, 0.5, 0.5, 0.5, 0.5, 0.5, 0.5, 0.5, 0.5, 0.5, 0.5, 0.5, 0.5, 0.5, 0.5, 0.5, 0.5, 0.5, 0.5, 0.5, 0.5, 0.5, 0.5, 0.5, 0.5, 0.5, 0.5, 0.5, 0.5, 0.5, 0.5, 0.5, 0.5, 0.5, 0.5, 0.5, 0.5, 0.5, 0.5, 0.5, 0.5, 0.5, 0.5, 0.5, 0.5, 0.5, 0.5, 0.5, 0.5, 0.5, 0.5, 0.5, 0.5, 0.5, 0.5, 0.5, 0.5, 0.5, 0.5, 0.5, 0.5, 0.5, 0.5, 0.5, 0.5, 0.5, 0.5, 0.5, 0.5, 0.5, 0.5, 0.5, 0.5, 0.5, 0.5, 0.5, 0.5, 0.5, 0.5, 0.5, 0.5, 0.5, 0.5, 0.5, 0.5, 0.5, 0.5, 0.5, 0.5, 0.5, 0.5, 0.5, 0.5, 0.5, 0.5, 0.5, 0.5, 0.5, 0.5, 0.5, 0.5, 0.5, 0.5, 0.5, 0.5, 0.5, 0.5, 0.5, 0.5, 0.5, 0.5, 0.5, 0.5, 0.5, 0.5, 0.5, 0.5, 0.5, 0.5, 0.5, 0.5, 0.5, 0.5, 0.5, 0.5, 0.5, 0.5, 0.5, 0.5, 0.5, 0.5, 0.5, 0.5, 0.5, 0.5, 0.5, 0.5, 0.5, 0.5, 0.5, 0.5, 0.5, 0.5, 0.5, 0.5, 0.5, 0.5, 0.5, 0.5, 0.5, 0.5, 0.5, 0.5, 0.5, 0.5, 0.5, 0.5, 0.5, 0.5, 0.5, 0.5, 0.5, 0.5, 0.5, 0.5, 0.5, 0.5, 0.5, 0.5, 0.5, 0.5, 0.5, 0.5, 0.5, 0.5, 0.5, 0.5, 0.5, 0.5, 0.5, 0.5, 0.5, 0.5, 0.5, 0.5, 0.5, 0.5, 0.5, 0.5, 0.5, 0.5, 0.5, 0.5, 0.5, 0.5, 0.5, 0.5, 0.5, 0.5, 0.5, 0.5, 0.5, 0.5, 0.5, 0.5, 0.5, 0.5, 0.5, 0.5, 0.5, 0.5, 0.5, 0.5, 0.5, 0.5, 0.5, 0.5, 0.5, 0.5, 0.5, 0.5, 0.5, 0.5, 0.5, 0.5, 0.5, 0.5, 0.5, 0.5, 0.5, 0.5, 0.5, 0.5, 0.5, 0.5, 0.5, 0.5, 0.5, 0.5, 0.5, 0.5, 0.5, 0.5, 0.5, 0.5, 0.5, 0.5, 0.5, 0.5, 0.5, 0.5, 0.5, 0.5, 0.5, 0.5, 0.5, 0.5, 0.5, 0.5, 0.5, 0.5, 0.5, 0.5, 0.5, 0.5, 0.5, 0.5, 0.5, 0.5, 0.5, 0.5, 0.5, 0.5, 0.5, 0.5, 0.5, 0.5, 0.5, 0.5, 0.5, 0.5, 0.5, 0.5, 0.5, 0.5, 0.5, 0.5, 0.5, 0.5, 0.5, 0.5, 0.5, 0.5, 0.5, 0.5, 0.5, 0.5, 0.5, 0.5, 0.5, 0.5, 0.5, 0.5, 0.5, 0.5, 0.5, 0.5, 0.5, 0.5, 0.5, 0.5, 0.5, 0.5, 0.5, 0.5, 0.5, 0.5, 0.5, 0.5, 0.5, 0.5, 0.5, 0.5, 0.5, 0.5, 0.5, 0.5, 0.5, 0.5, 0.5, 0.5, 0.5, 0.5, 0.5, 0.5, 0.5, 0.5, 0.5, 0.5, 0.5, 0.5, 0.5, 0.5, 0.5, 0.5, 0.5, 0.5, 0.5, 0.5, 0.5, 0.5, 0.5, 0.5, 0.5, 0.5, 0.5, 0.5, 0.5, 0.5, 0.5, 0.5, 0.5, 0.5, 0.5, 0.5, 0.5, 0.5, 0.5, 0.5, 0.5, 0.5, 0.5, 0.5, 0.5]",0
2026_11_KICE_27-30_0,['5(2)'],"1번: 적절한 설명 + ""온 씨와 허명두는 서로에게 질문을 하며 상대의 반응을 살폈다. 이 부분은 지문에서 '“8․15 직후라? 그때 참 별의별 못난 것들이 제 세상 만났다고 착각하며 날뛰었지요.” “역시 그러셨구만.” “왜? 나를 본 적이라도?”'와 같이 표현되어 있다.""
2번: 적절한 설명 + ""허명두는 온 씨의 발언에 불쾌해하며 과거에 자신이 느꼈던 감정을 떠올렸다. 이 부분은 지문에서 '허명두 씨는 오랜만에 증오가 되살아나서 온 씨를 냉담하게 바라보며 입을 열었다.'와 같이 표현되어 있다.""
3번: 적절한 설명 + ""온 씨는 허명두와 대화를 나누며 상대에 대한 자신의 짐작이 맞았다고 생각하였다. 이 부분은 지문에서 '“역시 그러셨구만.”'와 같이 표현되어 있다.""
4번: 적절한 설명 + ""온 씨는 상대의 행위를 평가하는 표현을 반복하며 허명두에게 꾸미고 있는 일을 그만두라고 경고하였다. 이 부분은 지문에서 '“당신이 무슨 짓을 꾸미고 있는지 다들 알고 있소. 그런데 이제 당신 같은 사람들이 날뛰던 시대는 서서히 지나가고 있는 거요.”'와 같이 표현되어 있다.""
5번: 부적절한 설명 + ""온 씨가 공격적인 태도를 보이자 허명두는 에둘러 말하여 상대의 관심을 다른 곳으로 돌릴 수 있었다. 이 부분은 지문에서 허명두가 온 씨의 공격적인 태도에 대해 에둘러 말하여 관심을 다른 곳으로 돌린다는 내용이 없다.""

최종 정답: 5번","[16, 167, 110, 230, 25, 23821, 254, 223, 168, 254, 230, 47991, 250, 23821, 226, 97, 167, 103, 227, 1343, 366, 168, 246, 101, 23821, 242, 101, 168, 247, 222, 220, 169, 245, 230, 167, 103, 227, 167, 239, 238, 167, 232, 242, 23821, 226, 250, 167, 94, 250, 168, 245, 238, 166, 110, 234, 23821, 100, 230, 167, 105, 116, 35975, 226, 220, 47991, 246, 167, 102, 108, 23821, 225, 223, 167, 234, 222, 35975, 246, 31619, 108, 246, 35975, 239, 35975, 226, 23821, 224, 112, 169, 237, 230, 46695, 97, 13, 23821, 251, 112, 31619, 114, 222, 167, 114, 226, 35975, 222, 23821, 100, 222, 167, 105, 116, 168, 245, 238, 168, 226, 250, 705, 447, 250, 23, 447, 97, 1314, 23821, 100, 223, 169, 249, 226, 167, 251, 120, 30, 220, 166, 115, 116, 167, 243, 234, 23821, 108, 116, 31619, 111, 226, 35975, 246, 167, 111, 226, 31619, 103, 119, 167, 224, 250, 220, 166, 110, 225, 167, 241, 97, 35975, 112, 23821, 254, 250, 23821, 226, 116, 168, 225, 223, 31619, 100, 234, 167, 8955, 46695, 97, 166, 111, 254, 23821, 108, 102, 166, 108, 223, 47991, 246, 167, 102, 108, 31619, 224, 254, 167, 249, 108, 168, 245, 230, 168, 100, 222, 168, 248, 242, 13, 447, 251, 564, 250, 168, 245, 255, 168, 233, 250, 220, 166, 115, 116, 167, 253, 105, 168, 227, 101, 166, 113, 105, 167, 100, 234, 13, 447, 251, 564, 250, 168, 247, 250, 30, 31619, 224, 246, 167, 98, 120, 31619, 111, 116, 23821, 254, 223, 35975, 112, 167, 251, 120, 167, 237, 226, 30, 447, 251, 6, 168, 247, 222, 220, 166, 108, 247, 35975, 112, 220, 169, 239, 250, 169, 246, 226, 167, 238, 246, 168, 244, 112, 23821, 252, 230, 46695, 97, 526, 198, 17, 167, 110, 230, 25, 23821, 254, 223, 168, 254, 230, 47991, 250, 23821, 226, 97, 167, 103, 227, 1343, 366, 169, 245, 230, 167, 103, 227, 167, 239, 238, 167, 232, 242, 23821, 246, 101, 23821, 242, 101, 35975, 246, 31619, 108, 250, 168, 244, 116, 168, 245, 238, 31619, 114, 230, 168, 122, 234, 47991, 112, 47991, 246, 167, 102, 108, 220, 166, 111, 120, 166, 109, 108, 168, 245, 238, 23821, 252, 238, 168, 233, 254, 35975, 112, 31619, 232, 238, 166, 120, 230, 167, 235, 246, 220, 166, 108, 238, 168, 254, 243, 35975, 226, 31619, 244, 254, 168, 246, 105, 167, 254, 116, 46695, 97, 13, 23821, 251, 112, 31619, 114, 222, 167, 114, 226, 35975, 222, 23821, 100, 222, 167, 105, 116, 168, 245, 238, 168, 226, 250, 705, 169, 245, 230, 167, 103, 227, 167, 239, 238, 23821, 242, 101, 167, 232, 242, 23821, 246, 97, 167, 252, 250, 167, 100, 234, 168, 245, 238, 23821, 99, 251, 168, 246, 97, 166, 108, 222, 31619, 238, 246, 168, 224, 112, 168, 243, 226, 167, 224, 246, 168, 226, 250, 23821, 246, 101, 23821, 242, 101, 167, 98, 120, 31619, 225, 231, 46695, 112, 47991, 246, 166, 110, 234, 31619, 108, 242, 167, 251, 120, 167, 111, 112, 167, 102, 108, 23821, 252, 227, 35975, 226, 23821, 245, 112, 168, 245, 230, 46695, 97, 2637, 168, 247, 222, 220, 166, 108, 247, 35975, 112, 220, 169, 239, 250, 169, 246, 226, 167, 238, 246, 168, 244, 112, 23821, 252, 230, 46695, 97, 526, 198, 18, 167, 110, 230, 25, 23821, 254, 223, 168, 254, 230, 47991, 250, 23821, 226, 97, 167, 103, 227, 1343, 366, 168, 246, 101, 23821, 242, 101, 167, 232, 242, 220, 169, 245, 230, 167, 103, 227, 167, 239, 238, 168, 247, 222, 31619, 234, 222, 169, 247, 242, 167, 98, 120, 31619, 224, 246, 167, 230, 226, 167, 102, 108, 23821, 225, 223, 167, 234, 222, 168, 245, 238, 31619, 234, 222, 47991, 250, 23821, 252, 238, 168, 233, 254, 35975, 246, 23821, 100, 238, 168, 252, 239, 35975, 112, 31619, 100, 252, 168, 243, 246, 46695, 97, 166, 111, 254, 23821, 225, 251, 166, 108, 223, 47991, 246, 168, 246, 222, 46695, 97, 13, 23821, 251, 112, 31619, 114, 222, 167, 114, 226, 35975, 222, 23821, 100, 222, 167, 105, 116, 168, 245, 238, 168, 226, 250, 705, 447, 250, 168, 245, 255, 168, 233, 250, 220, 166, 115, 116, 167, 253, 105, 168, 227, 101, 166, 113, 105, 167, 100, 234, 13, 447, 251, 6, 168, 247, 222, 220, 166, 108, 247, 35975, 112, 220, 169, 239, 250, 169, 246, 226, 167, 238, 246, 168, 244, 112, 23821, 252, 230, 46695, 97, 526, 198, 19, 167, 110, 230, 25, 23821, 254, 223, 168, 254, 230, 47991, 250, 23821, 226, 97, 167, 103, 227, 1343, 366, 168, 246, 101, 23821, 242, 101, 167, 232, 242, 23821, 225, 223, 167, 234, 222, 35975, 246, 220, 169, 244, 231, 168, 250, 226, 167, 98, 120, 220, 169, 237, 231, 166, 108, 222, 47991, 246, 167, 232, 242, 220, 169, 239, 250, 169, 246, 226, 35975, 226, 31619, 108, 246, 167, 111, 113, 47991, 246, 167, 102, 108, 220, 169, 245, 230, 167, 103, 227, 167, 239, 238, 168, 245, 238, 166, 110, 234, 220, 166, 122, 116, 167, 107, 116, 166, 111, 254, 23821, 252, 230, 167, 232, 242, 23821, 251, 120, 35975, 226, 220, 166, 115, 116, 167, 100, 234, 167, 239, 238, 167, 251, 120, 166, 111, 254, 220, 166, 110, 121, 166, 111, 254, 47991, 246, 168, 246, 222, 46695, 97, 13, 23821, 251, 112, 31619, 114, 222, 167, 114, 226, 35975, 222, 23821, 100, 222, 167, 105, 116, 168, 245, 238, 168, 226, 250, 705, 447, 250, 46695, 117, 168, 233, 254, 35975, 112, 31619, 105, 112, 168, 232, 101, 23821, 100, 241, 35975, 226, 220, 166, 122, 116, 167, 107, 116, 166, 111, 254, 23821, 252, 230, 167, 232, 242, 168, 100, 222, 31619, 233, 97, 167, 241, 97, 23821, 243, 234, 166, 111, 254, 23821, 252, 230, 168, 228, 234, 13, 220, 166, 115, 116, 167, 253, 108, 167, 235, 108, 23821, 251, 112, 168, 254, 250, 31619, 233, 117, 168, 233, 254, 220, 166, 108, 247, 35975, 222, 23821, 8955, 167, 252, 234, 167, 241, 97, 35975, 112, 31619, 224, 254, 167, 249, 108, 167, 235, 246, 23821, 233, 250, 167, 234, 222, 167, 232, 242, 23821, 226, 250, 168, 226, 250, 169, 252, 230, 23821, 100, 222, 167, 224, 246, 166, 108, 222, 166, 111, 254, 23821, 252, 230, 167, 232, 242, 220, 166, 109, 108, 168, 248, 242, 13, 447, 251, 6, 168, 247, 222, 220, 166, 108, 247, 35975, 112, 220, 169, 239, 250, 169, 246, 226, 167, 238, 246, 168, 244, 112, 23821, 252, 230, 46695, 97, 526, 198, 20, 167, 110, 230, 25, 31619, 114, 222, 168, 254, 223, 168, 254, 230, 47991, 250, 23821, 226, 97, 167, 103, 227, 1343, 366, 168, 246, 101, 23821, 242, 101, 166, 108, 222, 220, 166, 111, 113, 166, 110, 102, 168, 254, 223, 35975, 116, 220, 169, 225, 250, 167, 237, 226, 167, 98, 120, 31619, 111, 112, 35975, 112, 168, 252, 238, 220, 169, 245, 230, 167, 103, 227, 167, 239, 238, 167, 232, 242, 23821, 245, 238, 167, 239, 246, 167, 253, 105, 31619, 100, 238, 47991, 246, 168, 245, 105, 23821, 225, 223, 167, 234, 222, 35975, 246, 220, 166, 112, 222, 168, 233, 105, 35975, 226, 31619, 233, 97, 167, 98, 116, 220, 166, 111, 111, 168, 250, 120, 167, 94, 250, 31619, 237, 234, 167, 99, 112, 23821, 230, 246, 23821, 252, 230, 168, 245, 230, 46695, 97, 13, 23821, 251, 112, 31619, 114, 222, 167, 114, 226, 35975, 222, 23821, 100, 222, 167, 105, 116, 168, 245, 238, 168, 226, 250, 220, 169, 245, 230, 167, 103, 227, 167, 239, 238, 166, 108, 222, 23821, 246, 101, 23821, 242, 101, 35975, 246, 220, 166, 111, 113, 166, 110, 102, 168, 254, 223, 35975, 116, 220, 169, 225, 250, 167, 237, 226, 168, 245, 238, 31619, 234, 222, 47991, 112, 23821, 245, 238, 167, 239, 246, 167, 253, 105, 31619, 100, 238, 47991, 246, 168, 245, 105, 220, 166, 112, 222, 168, 233, 105, 35975, 226, 31619, 233, 97, 167, 98, 116, 220, 166, 111, 111, 168, 250, 120, 167, 94, 250, 31619, 237, 234, 167, 99, 108, 46695, 97, 167, 232, 242, 31619, 224, 112, 168, 248, 102, 35975, 112, 23821, 245, 228, 46695, 97, 526, 198, 198, 168, 113, 250, 168, 95, 227, 23821, 254, 243, 46695, 113, 25, 642, 167, 110, 230]","[0.5, 0.5, 0.5, 0.5, 0.5, 0.5, 0.5, 0.5, 0.5, 0.5, 0.5, 0.5, 0.5, 0.5, 0.5, 0.5, 0.5, 0.5, 0.5, 0.5, 0.5, 0.5, 0.5, 0.5, 0.5, 0.5, 0.5, 0.5, 0.5, 0.5, 0.5, 0.5, 0.5, 0.5, 0.5, 0.5, 0.5, 0.5, 0.5, 0.5, 0.5, 0.5, 0.5, 0.5, 0.5, 0.5, 0.5, 0.5, 0.5, 0.5, 0.5, 0.5, 0.5, 0.5, 0.5, 0.5, 0.5, 0.5, 0.5, 0.5, 0.5, 0.5, 0.5, 0.5, 0.5, 0.5, 0.5, 0.5, 0.5, 0.5, 0.5, 0.5, 0.5, 0.5, 0.5, 0.5, 0.5, 0.5, 0.5, 0.5, 0.5, 0.5, 0.5, 0.5, 0.5, 0.5, 0.5, 0.5, 0.5, 0.5, 0.5, 0.5, 0.5, 0.5, 0.5, 0.5, 0.5, 0.5, 0.5, 0.5, 0.5, 0.5, 0.5, 0.5, 0.5, 0.5, 0.5, 0.5, 0.5, 0.5, 0.5, 0.5, 0.5, 0.5, 0.5, 0.5, 0.5, 0.5, 0.5, 0.5, 0.5, 0.5, 0.5, 0.5, 0.5, 0.5, 0.5, 0.5, 0.5, 0.5, 0.5, 0.5, 0.5, 0.5, 0.5, 0.5, 0.5, 0.5, 0.5, 0.5, 0.5, 0.5, 0.5, 0.5, 0.5, 0.5, 0.5, 0.5, 0.5, 0.5, 0.5, 0.5, 0.5, 0.5, 0.5, 0.5, 0.5, 0.5, 0.5, 0.5, 0.5, 0.5, 0.5, 0.5, 0.5, 0.5, 0.5, 0.5, 0.5, 0.5, 0.5, 0.5, 0.5, 0.5, 0.5, 0.5, 0.5, 0.5, 0.5, 0.5, 0.5, 0.5, 0.5, 0.5, 0.5, 0.5, 0.5, 0.5, 0.5, 0.5, 0.5, 0.5, 0.5, 0.5, 0.5, 0.5, 0.5, 0.5, 0.5, 0.5, 0.5, 0.5, 0.5, 0.5, 0.5, 0.5, 0.5, 0.5, 0.5, 0.5, 0.5, 0.5, 0.5, 0.5, 0.5, 0.5, 0.5, 0.5, 0.5, 0.5, 0.5, 0.5, 0.5, 0.5, 0.5, 0.5, 0.5, 0.5, 0.5, 0.5, 0.5, 0.5, 0.5, 0.5, 0.5, 0.5, 0.5, 0.5, 0.5, 0.5, 0.5, 0.5, 0.5, 0.5, 0.5, 0.5, 0.5, 0.5, 0.5, 0.5, 0.5, 0.5, 0.5, 0.5, 0.5, 0.5, 0.5, 0.5, 0.5, 0.5, 0.5, 0.5, 0.5, 0.5, 0.5, 0.5, 0.5, 0.5, 0.5, 0.5, 0.5, 0.5, 0.5, 0.5, 0.5, 0.5, 0.5, 0.5, 0.5, 0.5, 0.5, 0.5, 0.5, 0.5, 0.5, 0.5, 0.5, 0.5, 0.5, 0.5, 0.5, 0.5, 0.5, 0.5, 0.5, 0.5, 0.5, 0.5, 0.5, 0.5, 0.5, 0.5, 0.5, 0.5, 0.5, 0.5, 0.5, 0.5, 0.5, 0.5, 0.5, 0.5, 0.5, 0.5, 0.5, 0.5, 0.5, 0.5, 0.5, 0.5, 0.5, 0.5, 0.5, 0.5, 0.5, 0.5, 0.5, 0.5, 0.5, 0.5, 0.5, 0.5, 0.5, 0.5, 0.5, 0.5, 0.5, 0.5, 0.5, 0.5, 0.5, 0.5, 0.5, 0.5, 0.5, 0.5, 0.5, 0.5, 0.5, 0.5, 0.5, 0.5, 0.5, 0.5, 0.5, 0.5, 0.5, 0.5, 0.5, 0.5, 0.5, 0.5, 0.5, 0.5, 0.5, 0.5, 0.5, 0.5, 0.5, 0.5, 0.5, 0.5, 0.5, 0.5, 0.5, 0.5, 0.5, 0.5, 0.5, 0.5, 0.5, 0.5, 0.5, 0.5, 0.5, 0.5, 0.5, 0.5, 0.5, 0.5, 0.5, 0.5, 0.5, 0.5, 0.5, 0.5, 0.5, 0.5, 0.5, 0.5, 0.5, 0.5, 0.5, 0.5, 0.5, 0.5, 0.5, 0.5, 0.5, 0.5, 0.5, 0.5, 0.5, 0.5, 0.5, 0.5, 0.5, 0.5, 0.5, 0.5, 0.5, 0.5, 0.5, 0.5, 0.5, 0.5, 0.5, 0.5, 0.5, 0.5, 0.5, 0.5, 0.5, 0.5, 0.5, 0.5, 0.5, 0.5, 0.5, 0.5, 0.5, 0.5, 0.5, 0.5, 0.5, 0.5, 0.5, 0.5, 0.5, 0.5, 0.5, 0.5, 0.5, 0.5, 0.5, 0.5, 0.5, 0.5, 0.5, 0.5, 0.5, 0.5, 0.5, 0.5, 0.5, 0.5, 0.5, 0.5, 0.5, 0.5, 0.5, 0.5, 0.5, 0.5, 0.5, 0.5, 0.5, 0.5, 0.5, 0.5, 0.5, 0.5, 0.5, 0.5, 0.5, 0.5, 0.5, 0.5, 0.5, 0.5, 0.5, 0.5, 0.5, 0.5, 0.5, 0.5, 0.5, 0.5, 0.5, 0.5, 0.5, 0.5, 0.5, 0.5, 0.5, 0.5, 0.5, 0.5, 0.5, 0.5, 0.5, 0.5, 0.5, 0.5, 0.5, 0.5, 0.5, 0.5, 0.5, 0.5, 0.5, 0.5, 0.5, 0.5, 0.5, 0.5, 0.5, 0.5, 0.5, 0.5, 0.5, 0.5, 0.5, 0.5, 0.5, 0.5, 0.5, 0.5, 0.5, 0.5, 0.5, 0.5, 0.5, 0.5, 0.5, 0.5, 0.5, 0.5, 0.5, 0.5, 0.5, 0.5, 0.5, 0.5, 0.5, 0.5, 0.5, 0.5, 0.5, 0.5, 0.5, 0.5, 0.5, 0.5, 0.5, 0.5, 0.5, 0.5, 0.5, 0.5, 0.5, 0.5, 0.5, 0.5, 0.5, 0.5, 0.5, 0.5, 0.5, 0.5, 0.5, 0.5, 0.5, 0.5, 0.5, 0.5, 0.5, 0.5, 0.5, 0.5, 0.5, 0.5, 0.5, 0.5, 0.5, 0.5, 0.5, 0.5, 0.5, 0.5, 0.5, 0.5, 0.5, 0.5, 0.5, 0.5, 0.5, 0.5, 0.5, 0.5, 0.5, 0.5, 0.5, 0.5, 0.5, 0.5, 0.5, 0.5, 0.5, 0.5, 0.5, 0.5, 0.5, 0.5, 0.5, 0.5, 0.5, 0.5, 0.5, 0.5, 0.5, 0.5, 0.5, 0.5, 0.5, 0.5, 0.5, 0.5, 0.5, 0.5, 0.5, 0.5, 0.5, 0.5, 0.5, 0.5, 0.5, 0.5, 0.5, 0.5, 0.5, 0.5, 0.5, 0.5, 0.5, 0.5, 0.5, 0.5, 0.5, 0.5, 0.5, 0.5, 0.5, 0.5, 0.5, 0.5, 0.5, 0.5, 0.5, 0.5, 0.5, 0.5, 0.5, 0.5, 0.5, 0.5, 0.5, 0.5, 0.5, 0.5, 0.5, 0.5, 0.5, 0.5, 0.5, 0.5, 0.5, 0.5, 0.5, 0.5, 0.5, 0.5, 0.5, 0.5, 0.5, 0.5, 0.5, 0.5, 0.5, 0.5, 0.5, 0.5, 0.5, 0.5, 0.5, 0.5, 0.5, 0.5, 0.5, 0.5, 0.5, 0.5, 0.5, 0.5, 0.5, 0.5, 0.5, 0.5, 0.5, 0.5, 0.5, 0.5, 0.5, 0.5, 0.5, 0.5, 0.5, 0.5, 0.5, 0.5, 0.5, 0.5, 0.5, 0.5, 0.5, 0.5, 0.5, 0.5, 0.5, 0.5, 0.5, 0.5, 0.5, 0.5, 0.5, 0.5, 0.5, 0.5, 0.5, 0.5, 0.5, 0.5, 0.5, 0.5, 0.5, 0.5, 0.5, 0.5, 0.5, 0.5, 0.5, 0.5, 0.5, 0.5, 0.5, 0.5, 0.5, 0.5, 0.5, 0.5, 0.5, 0.5, 0.5, 0.5, 0.5, 0.5, 0.5, 0.5, 0.5, 0.5, 0.5, 0.5, 0.5, 0.5, 0.5, 0.5, 0.5, 0.5, 0.5, 0.5, 0.5, 0.5, 0.5, 0.5, 0.5, 0.5, 0.5, 0.5, 0.5, 0.5, 0.5, 0.5, 0.5, 0.5, 0.5, 0.5, 0.5, 0.5, 0.5, 0.5, 0.5, 0.5, 0.5, 0.5, 0.5, 0.5, 0.5, 0.5, 0.5, 0.5, 0.5, 0.5, 0.5, 0.5, 0.5, 0.5, 0.5, 0.5, 0.5, 0.5, 0.5, 0.5, 0.5, 0.5, 0.5, 0.5, 0.5, 0.5, 0.5, 0.5, 0.5, 0.5, 0.5, 0.5, 0.5, 0.5, 0.5, 0.5, 0.5, 0.5, 0.5, 0.5, 0.5, 0.5, 0.5, 0.5, 0.5, 0.5, 0.5, 0.5, 0.5, 0.5, 0.5, 0.5, 0.5, 0.5, 0.5, 0.5, 0.5, 0.5, 0.5, 0.5, 0.5, 0.5, 0.5, 0.5, 0.5, 0.5, 0.5, 0.5, 0.5, 0.5, 0.5, 0.5, 0.5, 0.5, 0.5, 0.5, 0.5, 0.5, 0.5, 0.5, 0.5, 0.5, 0.5, 0.5, 0.5, 0.5, 0.5, 0.5, 0.5, 0.5, 0.5, 0.5, 0.5, 0.5, 0.5, 0.5, 0.5, 0.5, 0.5, 0.5, 0.5, 0.5, 0.5, 0.5, 0.5, 0.5, 0.5, 0.5, 0.5, 0.5, 0.5, 0.5, 0.5, 0.5, 0.5, 0.5, 0.5, 0.5, 0.5, 0.5, 0.5, 0.5, 0.5, 0.5, 0.5, 0.5, 0.5, 0.5, 0.5, 0.5, 0.5, 0.5, 0.5, 0.5, 0.5, 0.5, 0.5, 0.5, 0.5, 0.5, 0.5, 0.5, 0.5, 0.5, 0.5, 0.5, 0.5, 0.5, 0.5, 0.5, 0.5, 0.5, 0.5, 0.5, 0.5, 0.5, 0.5, 0.5, 0.5, 0.5, 0.5, 0.5, 0.5, 0.5, 0.5, 0.5, 0.5, 0.5, 0.5, 0.5, 0.5, 0.5, 0.5, 0.5, 0.5, 0.5, 0.5, 0.5, 0.5, 0.5, 0.5, 0.5, 0.5, 0.5, 0.5, 0.5, 0.5, 0.5, 0.5, 0.5, 0.5, 0.5, 0.5, 0.5, 0.5, 0.5, 0.5, 0.5, 0.5, 0.5, 0.5, 0.5, 0.5, 0.5, 0.5, 0.5, 0.5, 0.5, 0.5, 0.5, 0.5, 0.5, 0.5, 0.5, 0.5, 0.5, 0.5, 0.5, 0.5, 0.5, 0.5, 0.5, 0.5, 0.5, 0.5, 0.5, 0.5, 0.5, 0.5, 0.5, 0.5, 0.5, 0.5, 0.5, 0.5, 0.5, 0.5, 0.5, 0.5, 0.5, 0.5, 0.5, 0.5, 0.5, 0.5, 0.5, 0.5, 0.5, 0.5, 0.5, 0.5, 0.5, 0.5, 0.5, 0.5, 0.5, 0.5, 0.5, 0.5, 0.5, 0.5, 0.5, 0.5, 0.5, 0.5, 0.5, 0.5, 0.5, 0.5, 0.5, 0.5, 0.5, 0.5, 0.5, 0.5, 0.5, 0.5, 0.5, 0.5, 0.5, 0.5, 0.5, 0.5, 0.5, 0.5, 0.5, 0.5, 0.5, 0.5, 0.5, 0.5, 0.5, 0.5, 0.5, 0.5, 0.5, 0.5, 0.5, 0.5, 0.5, 0.5, 0.5, 0.5, 0.5, 0.5, 0.5, 0.5, 0.5, 0.5, 0.5, 0.5, 0.5, 0.5, 0.5, 0.5, 0.5, 0.5, 0.5, 0.5, 0.5, 0.5, 0.5, 0.5, 0.5, 0.5, 0.5, 0.5, 0.5, 0.5, 0.5, 0.5, 0.5, 0.5, 0.5, 0.5, 0.5, 0.5, 0.5, 0.5, 0.5, 0.5, 0.5, 0.5, 0.5, 0.5, 0.5, 0.5, 0.5, 0.5, 0.5, 0.5, 0.5, 0.5, 0.5, 0.5, 0.5, 0.5, 0.5, 0.5, 0.5, 0.5, 0.5, 0.5, 0.5, 0.5, 0.5, 0.5, 0.5, 0.5, 0.5, 0.5, 0.5, 0.5, 0.5, 0.5, 0.5, 0.5, 0.5, 0.5, 0.5, 0.5, 0.5, 0.5, 0.5, 0.5, 0.5, 0.5, 0.5, 0.5, 0.5, 0.5, 0.5, 0.5, 0.5, 0.5, 0.5, 0.5, 0.5, 0.5, 0.5, 0.5, 0.5, 0.5, 0.5, 0.5, 0.5, 0.5, 0.5, 0.5, 0.5, 0.5, 0.5, 0.5, 0.5, 0.5, 0.5, 0.5, 0.5, 0.5, 0.5, 0.5, 0.5, 0.5, 0.5, 0.5, 0.5, 0.5, 0.5, 0.5, 0.5, 0.5, 0.5, 0.5, 0.5, 0.5, 0.5, 0.5, 0.5, 0.5, 0.5, 0.5, 0.5, 0.5, 0.5, 0.5, 0.5, 0.5, 0.5, 0.5, 0.5, 0.5, 0.5, 0.5, 0.5, 0.5, 0.5, 0.5, 0.5, 0.5, 0.5, 0.5, 0.5, 0.5, 0.5, 0.5, 0.5, 0.5, 0.5, 0.5, 0.5, 0.5, 0.5, 0.5, 0.5, 0.5, 0.5, 0.5, 0.5, 0.5, 0.5, 0.5, 0.5, 0.5, 0.5, 0.5, 0.5, 0.5, 0.5, 0.5, 0.5, 0.5, 0.5, 0.5, 0.5, 0.5, 0.5, 0.5, 0.5, 0.5, 0.5, 0.5, 0.5, 0.5, 0.5, 0.5, 0.5, 0.5, 0.5, 0.5, 0.5, 0.5, 0.5, 0.5, 0.5, 0.5, 0.5, 0.5, 0.5, 0.5, 0.5, 0.5, 0.5, 0.5, 0.5, 0.5, 0.5, 0.5, 0.5, 0.5, 0.5, 0.5, 0.5, 0.5, 0.5, 0.5, 0.5, 0.5, 0.5, 0.5, 0.5, 0.5, 0.5, 0.5, 0.5, 0.5, 0.5, 0.5, 0.5, 0.5, 0.5, 0.5, 0.5, 0.5, 0.5, 0.5, 0.5, 0.5, 0.5, 0.5, 0.5, 0.5, 0.5, 0.5, 0.5, 0.5, 0.5, 0.5, 0.5, 0.5, 0.5, 0.5, 0.5, 0.5, 0.5, 0.5, 0.5, 0.5, 0.5, 0.5, 0.5, 0.5, 0.5, 0.5, 0.5, 0.5, 0.5, 0.5, 0.5, 0.5, 0.5, 0.5, 0.5, 0.5, 0.5, 0.5, 0.5, 0.5, 0.5]",2
2026_11_KICE_27-30_1,['5(2)'],"1번: ⓐ와 ⓑ는 서로 관련이 없다는 것을 의미하지만, 지문에서 ⓐ는 온 씨가 허명두 씨와의 대화 내용을 퍼뜨린 것으로 보이고, ⓑ는 허명두 씨가 온 씨와 만나기 전에 외부 기업 측으로부터 독가촌의 주택 매입을 요청받은 일을 회상하는 것으로 보인다. 즉, ⓐ와 ⓑ는 서로 다른 상황을 의미한다. + ""그러고 나서 온 씨는 가 버렸는데, 독가촌 일대에는 금방 그 소문이 돌 대로 돌았다. 온 씨가 만나는 사람에게마다 ⓐ[이야기](ⓐ의 밑줄)를 퍼뜨렸기 때문이었다. ... 허명두 씨가 관청을 들락거리고 야금야금 집들을 사두게 된 것이 이 때문이었다. 그러다가 그는 ⓑ[소문](ⓑ의 밑줄)을 듣고 찾아온 온 씨와 만나 언쟁을 벌이게 되었던 것이지만, 온 씨가 무슨 이야기를 하고 싶어 하는지 모르는 바는 아니었다.""

2번: ⓐ가 처음 퍼진 시점은 ⓑ가 처음 퍼진 시점보다 앞선다는 것을 의미하지만, 지문에서 ⓐ는 온 씨가 허명두 씨와의 대화 내용을 퍼뜨린 것으로 보이고, ⓑ는 허명두 씨가 온 씨와 만나기 전에 외부 기업 측으로부터 독가촌의 주택 매입을 요청받은 일을 회상하는 것으로 보인다. 즉, ⓑ가 먼저 발생한 것으로 보인다. + ""그러고 나서 온 씨는 가 버렸는데, 독가촌 일대에는 금방 그 소문이 돌 대로 돌았다. 온 씨가 만나는 사람에게마다 ⓐ[이야기](ⓐ의 밑줄)를 퍼뜨렸기 때문이었다. ... 허명두 씨가 관청을 들락거리고 야금야금 집들을 사두게 된 것이 이 때문이었다. 그러다가 그는 ⓑ[소문](ⓑ의 밑줄)을 듣고 찾아온 온 씨와 만나 언쟁을 벌이게 되었던 것이지만, 온 씨가 무슨 이야기를 하고 싶어 하는지 모르는 바는 아니었다.""

3번: ⓐ는 ⓑ로 인한 인물 간의 갈등을 해결할 실마리를 제공하고 있다는 것을 의미하지만, 지문에서 ⓐ와 ⓑ는 서로 다른 상황을 의미한다. 즉, ⓐ는 온 씨가 허명두 씨와의 대화 내용을 퍼뜨린 것으로 보이고, ⓑ는 허명두 씨가 온 씨와 만나기 전에 외부 기업 측으로부터 독가촌의 주택 매입을 요청받은 일을 회상하는 것으로 보인다. + ""그러고 나서 온 씨는 가 버렸는데, 독가촌 일대에는 금방 그 소문이 돌 대로 돌았다. 온 씨가 만나는 사람에게마다 ⓐ[이야기](ⓐ의 밑줄)를 퍼뜨렸기 때문이었다. ... 허명두 씨가 관청을 들락거리고 야금야금 집들을 사두게 된 것이 이 때문이었다. 그러다가 그는 ⓑ[소문](ⓑ의 밑줄)을 듣고 찾아온 온 씨와 만나 언쟁을 벌이게 되었던 것이지만, 온 씨가 무슨 이야기를 하고 싶어 하는지 모르는 바는 아니었다.""

4번: ⓐ가 주변에 빠르게 확산된 것은 ⓑ가 거짓으로 판명되었기 때문이라는 것을 의미하지만, 지문에서 ⓐ가 주변에 빠르게 확산된 이유는 온 씨가 만나는 사람에게마다 ⓐ를 퍼뜨렸기 때문이라고 한다. 즉, ⓑ가 거짓으로 판명된 것은 언급되지 않는다. + ""그러고 나서 온 씨는 가 버렸는데, 독가촌 일대에는 금방 그 소문이 돌 대로 돌았다. 온 씨가 만나는 사람에게마다 ⓐ[이야기](ⓐ의 밑줄)를 퍼뜨렸기 때문이었다.""

5번: ⓐ에는 ⓐ를 처음 퍼뜨린 인물이 ⓑ와 관련하여 찾아가 만난 인물에게 확인한 내용이 반영되어 있다는 것을 의미한다. 지문에서 ⓐ는 온 씨가 허명두 씨와의 대화 내용을 퍼뜨린 것으로 보이고, ⓑ는 허명두 씨가 온 씨와 만나기 전에 외부 기업 측으로부터 독가촌의 주택 매입을 요청받은 일을 회상하는 것으로 보인다. 즉, ⓐ에는 온 씨가 허명두 씨와의 대화 내용을 퍼뜨린 것으로 보이며, 이 대화 내용에는 허명두 씨가 온 씨와 만나기 전에 외부 기업 측으로부터 독가촌의 주택 매입을 요청받은 일과 관련된 내용이 포함되어 있다. + ""그러고 나서 온 씨는 가 버렸는데, 독가촌 일대에는 금방 그 소문이 돌 대로 돌았다. 온 씨가 만나는 사람에게마다 ⓐ[이야기](ⓐ의 밑줄)를 퍼뜨렸기 때문이었다. ... 허명두 씨가 관청을 들락거리고 야금야금 집들을 사두게 된 것이 이 때문이었다. 그러다가 그는 ⓑ[소문](ⓑ의 밑줄)을 듣고 찾아온 온 씨와 만나 언쟁을 벌이게 되었던 것이지만, 온 씨가 무슨 이야기를 하고 싶어 하는지 모르는 바는 아니었다.""

최종 정답: 5번","[16, 167, 110, 230, 25, 2343, 241, 238, 168, 247, 222, 2343, 241, 239, 167, 232, 242, 23821, 226, 250, 167, 94, 250, 220, 166, 112, 222, 167, 254, 101, 35975, 112, 23821, 245, 228, 46695, 97, 167, 232, 242, 220, 166, 110, 225, 35975, 226, 23821, 251, 246, 167, 107, 116, 47991, 246, 168, 100, 222, 167, 100, 234, 11, 23821, 100, 222, 167, 105, 116, 168, 245, 238, 168, 226, 250, 2343, 241, 238, 167, 232, 242, 23821, 246, 101, 23821, 242, 101, 166, 108, 222, 220, 169, 245, 230, 167, 103, 227, 167, 239, 238, 23821, 242, 101, 168, 247, 222, 35975, 246, 31619, 234, 222, 169, 247, 242, 31619, 224, 112, 168, 248, 102, 35975, 226, 220, 169, 235, 120, 167, 250, 101, 167, 99, 108, 220, 166, 110, 225, 168, 250, 120, 167, 94, 250, 31619, 111, 112, 35975, 112, 166, 111, 254, 11, 2343, 241, 239, 167, 232, 242, 220, 169, 245, 230, 167, 103, 227, 167, 239, 238, 23821, 242, 101, 166, 108, 222, 23821, 246, 101, 23821, 242, 101, 168, 247, 222, 31619, 100, 234, 167, 224, 246, 166, 116, 108, 23821, 254, 226, 168, 245, 238, 23821, 247, 116, 167, 114, 222, 220, 166, 116, 108, 168, 245, 227, 23821, 116, 94, 168, 250, 120, 167, 94, 250, 167, 114, 222, 169, 226, 108, 31619, 237, 227, 166, 108, 222, 168, 112, 234, 35975, 246, 23821, 96, 120, 169, 225, 251, 31619, 100, 97, 168, 252, 227, 35975, 226, 23821, 248, 242, 168, 110, 255, 167, 108, 249, 35975, 222, 23821, 251, 120, 35975, 226, 220, 169, 248, 234, 168, 225, 223, 47991, 246, 167, 232, 242, 220, 166, 110, 225, 168, 250, 120, 167, 94, 250, 31619, 111, 112, 35975, 116, 46695, 97, 13, 23821, 99, 231, 11, 2343, 241, 238, 168, 247, 222, 2343, 241, 239, 167, 232, 242, 23821, 226, 250, 167, 94, 250, 31619, 233, 97, 167, 98, 116, 23821, 225, 223, 169, 247, 102, 35975, 226, 23821, 251, 246, 167, 107, 116, 47991, 250, 46695, 97, 13, 1343, 366, 166, 115, 116, 167, 253, 105, 166, 111, 254, 31619, 224, 246, 168, 226, 250, 23821, 246, 101, 23821, 242, 101, 167, 232, 242, 220, 166, 108, 222, 31619, 110, 226, 167, 254, 116, 167, 232, 242, 167, 235, 108, 11, 31619, 237, 227, 166, 108, 222, 168, 112, 234, 23821, 251, 120, 167, 234, 222, 168, 245, 238, 167, 232, 242, 220, 166, 116, 230, 167, 108, 102, 220, 166, 115, 116, 23821, 228, 234, 167, 105, 116, 35975, 112, 31619, 237, 234, 31619, 234, 222, 167, 94, 250, 31619, 237, 234, 168, 243, 246, 46695, 97, 13, 23821, 246, 101, 23821, 242, 101, 166, 108, 222, 31619, 100, 234, 167, 224, 246, 167, 232, 242, 23821, 8955, 167, 252, 234, 168, 245, 238, 166, 110, 234, 167, 100, 230, 46695, 97, 2343, 241, 238, 58, 35975, 112, 168, 243, 120, 166, 116, 108, 16151, 158, 241, 238, 35975, 246, 31619, 108, 239, 168, 97, 226, 8, 167, 98, 120, 220, 169, 235, 120, 167, 250, 101, 167, 254, 116, 166, 116, 108, 31619, 243, 234, 167, 105, 116, 35975, 112, 168, 245, 230, 46695, 97, 13, 2644, 220, 169, 245, 230, 167, 103, 227, 167, 239, 238, 23821, 242, 101, 166, 108, 222, 220, 166, 112, 222, 168, 110, 255, 35975, 226, 31619, 241, 97, 167, 251, 121, 166, 109, 108, 167, 99, 105, 166, 111, 254, 23821, 243, 120, 166, 116, 230, 168, 243, 120, 166, 116, 230, 23821, 100, 239, 167, 241, 97, 35975, 226, 23821, 8955, 167, 239, 238, 166, 110, 234, 31619, 238, 250, 220, 166, 110, 225, 35975, 112, 23821, 251, 112, 31619, 243, 234, 167, 105, 116, 35975, 112, 168, 245, 230, 46695, 97, 13, 220, 166, 115, 116, 167, 253, 105, 46695, 97, 166, 108, 222, 220, 166, 115, 116, 167, 232, 242, 2343, 241, 239, 58, 168, 228, 234, 167, 105, 116, 16151, 158, 241, 239, 35975, 246, 31619, 108, 239, 168, 97, 226, 8, 35975, 226, 31619, 241, 96, 166, 111, 254, 23821, 108, 122, 168, 243, 226, 168, 246, 101, 23821, 246, 101, 23821, 242, 101, 168, 247, 222, 31619, 100, 234, 167, 224, 246, 23821, 244, 116, 168, 253, 223, 35975, 226, 31619, 110, 234, 35975, 112, 166, 110, 234, 31619, 238, 246, 168, 245, 230, 167, 235, 246, 220, 166, 110, 225, 35975, 112, 168, 100, 222, 167, 100, 234, 11, 23821, 246, 101, 23821, 242, 101, 166, 108, 222, 31619, 105, 112, 168, 232, 101, 23821, 251, 112, 168, 243, 120, 166, 116, 108, 167, 98, 120, 220, 47991, 246, 166, 111, 254, 23821, 233, 114, 168, 244, 112, 220, 47991, 246, 167, 232, 242, 168, 100, 222, 31619, 103, 101, 167, 98, 112, 167, 232, 242, 31619, 108, 242, 167, 232, 242, 23821, 243, 226, 46695, 230, 168, 245, 230, 46695, 97, 526, 198, 198, 17, 167, 110, 230, 25, 2343, 241, 238, 166, 108, 222, 23821, 110, 246, 35975, 234, 220, 169, 235, 120, 168, 100, 226, 23821, 233, 250, 168, 254, 238, 35975, 222, 2343, 241, 239, 166, 108, 222, 23821, 110, 246, 35975, 234, 220, 169, 235, 120, 168, 100, 226, 23821, 233, 250, 168, 254, 238, 167, 111, 112, 46695, 97, 23821, 243, 252, 168, 226, 254, 46695, 97, 167, 232, 242, 220, 166, 110, 225, 35975, 226, 23821, 251, 246, 167, 107, 116, 47991, 246, 168, 100, 222, 167, 100, 234, 11, 23821, 100, 222, 167, 105, 116, 168, 245, 238, 168, 226, 250, 2343, 241, 238, 167, 232, 242, 23821, 246, 101, 23821, 242, 101, 166, 108, 222, 220, 169, 245, 230, 167, 103, 227, 167, 239, 238, 23821, 242, 101, 168, 247, 222, 35975, 246, 31619, 234, 222, 169, 247, 242, 31619, 224, 112, 168, 248, 102, 35975, 226, 220, 169, 235, 120, 167, 250, 101, 167, 99, 108, 220, 166, 110, 225, 168, 250, 120, 167, 94, 250, 31619, 111, 112, 35975, 112, 166, 111, 254, 11, 2343, 241, 239, 167, 232, 242, 220, 169, 245, 230, 167, 103, 227, 167, 239, 238, 23821, 242, 101, 166, 108, 222, 23821, 246, 101, 23821, 242, 101, 168, 247, 222, 31619, 100, 234, 167, 224, 246, 166, 116, 108, 23821, 254, 226, 168, 245, 238, 23821, 247, 116, 167, 114, 222, 220, 166, 116, 108, 168, 245, 227, 23821, 116, 94, 168, 250, 120, 167, 94, 250, 167, 114, 222, 169, 226, 108, 31619, 237, 227, 166, 108, 222, 168, 112, 234, 35975, 246, 23821, 96, 120, 169, 225, 251, 31619, 100, 97, 168, 252, 227, 35975, 226, 23821, 248, 242, 168, 110, 255, 167, 108, 249, 35975, 222, 23821, 251, 120, 35975, 226, 220, 169, 248, 234, 168, 225, 223, 47991, 246, 167, 232, 242, 220, 166, 110, 225, 168, 250, 120, 167, 94, 250, 31619, 111, 112, 35975, 116, 46695, 97, 13, 23821, 99, 231, 11, 2343, 241, 239, 166, 108, 222, 31619, 101, 120, 168, 254, 222, 31619, 108, 250, 168, 225, 251, 47991, 250, 220, 166, 110, 225, 168, 250, 120, 167, 94, 250, 31619, 111, 112, 35975, 116, 46695, 97, 13, 1343, 366, 166, 115, 116, 167, 253, 105, 166, 111, 254, 31619, 224, 246, 168, 226, 250, 23821, 246, 101, 23821, 242, 101, 167, 232, 242, 220, 166, 108, 222, 31619, 110, 226, 167, 254, 116, 167, 232, 242, 167, 235, 108, 11, 31619, 237, 227, 166, 108, 222, 168, 112, 234, 23821, 251, 120, 167, 234, 222, 168, 245, 238, 167, 232, 242, 220, 166, 116, 230, 167, 108, 102, 220, 166, 115, 116, 23821, 228, 234, 167, 105, 116, 35975, 112, 31619, 237, 234, 31619, 234, 222, 167, 94, 250, 31619, 237, 234, 168, 243, 246, 46695, 97, 13, 23821, 246, 101, 23821, 242, 101, 166, 108, 222, 31619, 100, 234, 167, 224, 246, 167, 232, 242, 23821, 8955, 167, 252, 234, 168, 245, 238, 166, 110, 234, 167, 100, 230, 46695, 97, 2343, 241, 238, 58, 35975, 112, 168, 243, 120, 166, 116, 108, 16151, 158, 241, 238, 35975, 246, 31619, 108, 239, 168, 97, 226, 8, 167, 98, 120, 220, 169, 235, 120, 167, 250, 101, 167, 254, 116, 166, 116, 108, 31619, 243, 234, 167, 105, 116, 35975, 112, 168, 245, 230, 46695, 97, 13, 2644, 220, 169, 245, 230, 167, 103, 227, 167, 239, 238, 23821, 242, 101, 166, 108, 222, 220, 166, 112, 222, 168, 110, 255, 35975, 226, 31619, 241, 97, 167, 251, 121, 166, 109, 108, 167, 99, 105, 166, 111, 254, 23821, 243, 120, 166, 116, 230, 168, 243, 120, 166, 116, 230, 23821, 100, 239, 167, 241, 97, 35975, 226, 23821, 8955, 167, 239, 238, 166, 110, 234, 31619, 238, 250, 220, 166, 110, 225, 35975, 112, 23821, 251, 112, 31619, 243, 234, 167, 105, 116, 35975, 112, 168, 245, 230, 46695, 97, 13, 220, 166, 115, 116, 167, 253, 105, 46695, 97, 166, 108, 222, 220, 166, 115, 116, 167, 232, 242, 2343, 241, 239, 58, 168, 228, 234, 167, 105, 116, 16151, 158, 241, 239, 35975, 246, 31619, 108, 239, 168, 97, 226, 8, 35975, 226, 31619, 241, 96, 166, 111, 254, 23821, 108, 122, 168, 243, 226, 168, 246, 101, 23821, 246, 101, 23821, 242, 101, 168, 247, 222, 31619, 100, 234, 167, 224, 246, 23821, 244, 116, 168, 253, 223, 35975, 226, 31619, 110, 234, 35975, 112, 166, 110, 234, 31619, 238, 246, 168, 245, 230, 167, 235, 246, 220, 166, 110, 225, 35975, 112, 168, 100, 222, 167, 100, 234, 11, 23821, 246, 101, 23821, 242, 101, 166, 108, 222, 31619, 105, 112, 168, 232, 101, 23821, 251, 112, 168, 243, 120, 166, 116, 108, 167, 98, 120, 220, 47991, 246, 166, 111, 254, 23821, 233, 114, 168, 244, 112, 220, 47991, 246, 167, 232, 242, 168, 100, 222, 31619, 103, 101, 167, 98, 112, 167, 232, 242, 31619, 108, 242, 167, 232, 242, 23821, 243, 226, 46695, 230, 168, 245, 230, 46695, 97, 526, 198, 198, 18, 167, 110, 230, 25, 2343, 241, 238, 167, 232, 242, 2343, 241, 239, 167, 94, 250, 23821, 251, 116, 47991, 250, 23821, 251, 116, 167, 45539, 220, 166, 108, 226, 35975, 246, 220, 166, 108, 230, 167, 241, 109, 35975, 226, 220, 47991, 112, 166, 110, 108, 47991, 254, 23821, 233, 97, 167, 100, 230, 167, 99, 105, 167, 98, 120, 23821, 254, 250, 166, 111, 113, 47991, 246, 166, 111, 254, 23821, 252, 230, 46695, 97, 167, 232, 242, 220, 166, 110, 225, 35975, 226, 23821, 251, 246, 167, 107, 116, 47991, 246, 168, 100, 222, 167, 100, 234, 11, 23821, 100, 222, 167, 105, 116, 168, 245, 238, 168, 226, 250, 2343, 241, 238, 168, 247, 222, 2343, 241, 239, 167, 232, 242, 23821, 226, 250, 167, 94, 250, 31619, 233, 97, 167, 98, 116, 23821, 225, 223, 169, 247, 102, 35975, 226, 23821, 251, 246, 167, 107, 116, 47991, 250, 46695, 97, 13, 23821, 99, 231, 11, 2343, 241, 238, 167, 232, 242, 23821, 246, 101, 23821, 242, 101, 166, 108, 222, 220, 169, 245, 230, 167, 103, 227, 167, 239, 238, 23821, 242, 101, 168, 247, 222, 35975, 246, 31619, 234, 222, 169, 247, 242, 31619, 224, 112, 168, 248, 102, 35975, 226, 220, 169, 235, 120, 167, 250, 101, 167, 99, 108, 220, 166, 110, 225, 168, 250, 120, 167, 94, 250, 31619, 111, 112, 35975, 112, 166, 111, 254, 11, 2343, 241, 239, 167, 232, 242, 220, 169, 245, 230, 167, 103, 227, 167, 239, 238, 23821, 242, 101, 166, 108, 222, 23821, 246, 101, 23821, 242, 101, 168, 247, 222, 31619, 100, 234, 167, 224, 246, 166, 116, 108, 23821, 254, 226, 168, 245, 238, 23821, 247, 116, 167, 114, 222, 220, 166, 116, 108, 168, 245, 227, 23821, 116, 94, 168, 250, 120, 167, 94, 250, 167, 114, 222, 169, 226, 108, 31619, 237, 227, 166, 108, 222, 168, 112, 234, 35975, 246, 23821, 96, 120, 169, 225, 251, 31619, 100, 97, 168, 252, 227, 35975, 226, 23821, 248, 242, 168, 110, 255, 167, 108, 249, 35975, 222, 23821, 251, 120, 35975, 226, 220, 169, 248, 234, 168, 225, 223, 47991, 246, 167, 232, 242, 220, 166, 110, 225, 168, 250, 120, 167, 94, 250, 31619, 111, 112, 35975, 116, 46695, 97, 13, 1343, 366, 166, 115, 116, 167, 253, 105, 166, 111, 254, 31619, 224, 246, 168, 226, 250, 23821, 246, 101, 23821, 242, 101, 167, 232, 242, 220, 166, 108, 222, 31619, 110, 226, 167, 254, 116, 167, 232, 242, 167, 235, 108, 11, 31619, 237, 227, 166, 108, 222, 168, 112, 234, 23821, 251, 120, 167, 234, 222, 168, 245, 238, 167, 232, 242, 220, 166, 116, 230, 167, 108, 102, 220, 166, 115, 116, 23821, 228, 234, 167, 105, 116, 35975, 112, 31619, 237, 234, 31619, 234, 222, 167, 94, 250, 31619, 237, 234, 168, 243, 246, 46695, 97, 13, 23821, 246, 101, 23821, 242, 101, 166, 108, 222, 31619, 100, 234, 167, 224, 246, 167, 232, 242, 23821, 8955, 167, 252, 234, 168, 245, 238, 166, 110, 234, 167, 100, 230, 46695, 97, 2343, 241, 238, 58, 35975, 112, 168, 243, 120, 166, 116, 108, 16151, 158, 241, 238, 35975, 246, 31619, 108, 239, 168, 97, 226, 8, 167, 98, 120, 220, 169, 235, 120, 167, 250, 101, 167, 254, 116, 166, 116, 108, 31619, 243, 234, 167, 105, 116, 35975, 112, 168, 245, 230, 46695, 97, 13, 2644, 220, 169, 245, 230, 167, 103, 227, 167, 239, 238, 23821, 242, 101, 166, 108, 222, 220, 166, 112, 222, 168, 110, 255, 35975, 226, 31619, 241, 97, 167, 251, 121, 166, 109, 108, 167, 99, 105, 166, 111, 254, 23821, 243, 120, 166, 116, 230, 168, 243, 120, 166, 116, 230, 23821, 100, 239, 167, 241, 97, 35975, 226, 23821, 8955, 167, 239, 238, 166, 110, 234, 31619, 238, 250, 220, 166, 110, 225, 35975, 112, 23821, 251, 112, 31619, 243, 234, 167, 105, 116, 35975, 112, 168, 245, 230, 46695, 97, 13, 220, 166, 115, 116, 167, 253, 105, 46695, 97, 166, 108, 222, 220, 166, 115, 116, 167, 232, 242, 2343, 241, 239, 58, 168, 228, 234, 167, 105, 116, 16151, 158, 241, 239, 35975, 246, 31619, 108, 239, 168, 97, 226, 8, 35975, 226, 31619, 241, 96, 166, 111, 254, 23821, 108, 122, 168, 243, 226, 168, 246, 101, 23821, 246, 101, 23821, 242, 101, 168, 247, 222, 31619, 100, 234, 167, 224, 246, 23821, 244, 116, 168, 253, 223, 35975, 226, 31619, 110, 234, 35975, 112, 166, 110, 234, 31619, 238, 246, 168, 245, 230, 167, 235, 246, 220, 166, 110, 225, 35975, 112, 168, 100, 222, 167, 100, 234, 11, 23821, 246, 101, 23821, 242, 101, 166, 108, 222, 31619, 105, 112, 168, 232, 101, 23821, 251, 112, 168, 243, 120, 166, 116, 108, 167, 98, 120, 220, 47991, 246, 166, 111, 254, 23821, 233, 114, 168, 244, 112, 220, 47991, 246, 167, 232, 242, 168, 100, 222, 31619, 103, 101, 167, 98, 112, 167, 232, 242, 31619, 108, 242, 167, 232, 242, 23821, 243, 226, 46695, 230, 168, 245, 230, 46695, 97, 526, 198, 198, 19, 167, 110, 230, 25, 2343, 241, 238, 166, 108, 222, 23821, 96, 120, 167, 111, 222, 168, 245, 238, 31619, 117, 254, 167, 98, 112, 166, 110, 234, 220, 169, 247, 243, 168, 224, 108, 167, 238, 250, 220, 166, 110, 225, 35975, 222, 2343, 241, 239, 166, 108, 222, 220, 166, 109, 108, 168, 100, 241, 168, 250, 120, 167, 94, 250, 220, 169, 234, 238, 167, 103, 227, 167, 238, 246, 168, 245, 230, 166, 116, 108, 31619, 243, 234, 167, 105, 116, 35975, 112, 167, 251, 120, 167, 232, 242, 220, 166, 110, 225, 35975, 226, 23821, 251, 246, 167, 107, 116, 47991, 246, 168, 100, 222, 167, 100, 234, 11, 23821, 100, 222, 167, 105, 116, 168, 245, 238, 168, 226, 250, 2343, 241, 238, 166, 108, 222, 23821, 96, 120, 167, 111, 222, 168, 245, 238, 31619, 117, 254, 167, 98, 112, 166, 110, 234, 220, 169, 247, 243, 168, 224, 108, 167, 238, 250, 23821, 251, 112, 168, 250, 254, 167, 232, 242, 23821, 246, 101, 23821, 242, 101, 166, 108, 222, 31619, 100, 234, 167, 224, 246, 167, 232, 242, 23821, 8955, 167, 252, 234, 168, 245, 238, 166, 110, 234, 167, 100, 230, 46695, 97, 2343, 241, 238, 167, 98, 120, 220, 169, 235, 120, 167, 250, 101, 167, 254, 116, 166, 116, 108, 31619, 243, 234, 167, 105, 116, 35975, 112, 167, 251, 120, 166, 111, 254, 220, 47991, 250, 46695, 97, 13, 23821, 99, 231, 11, 2343, 241, 239, 166, 108, 222, 220, 166, 109, 108, 168, 100, 241, 168, 250, 120, 167, 94, 250, 220, 169, 234, 238, 167, 103, 227, 167, 238, 250, 220, 166, 110, 225, 35975, 222, 23821, 244, 116, 166, 116, 231, 167, 238, 246, 168, 100, 222, 23821, 243, 232, 167, 232, 242, 46695, 97, 13, 1343, 366, 166, 115, 116, 167, 253, 105, 166, 111, 254, 31619, 224, 246, 168, 226, 250, 23821, 246, 101, 23821, 242, 101, 167, 232, 242, 220, 166, 108, 222, 31619, 110, 226, 167, 254, 116, 167, 232, 242, 167, 235, 108, 11, 31619, 237, 227, 166, 108, 222, 168, 112, 234, 23821, 251, 120, 167, 234, 222, 168, 245, 238, 167, 232, 242, 220, 166, 116, 230, 167, 108, 102, 220, 166, 115, 116, 23821, 228, 234, 167, 105, 116, 35975, 112, 31619, 237, 234, 31619, 234, 222, 167, 94, 250, 31619, 237, 234, 168, 243, 246, 46695, 97, 13, 23821, 246, 101, 23821, 242, 101, 166, 108, 222, 31619, 100, 234, 167, 224, 246, 167, 232, 242, 23821, 8955, 167, 252, 234, 168, 245, 238, 166, 110, 234, 167, 100, 230, 46695, 97, 2343, 241, 238, 58, 35975, 112, 168, 243, 120, 166, 116, 108, 16151, 158, 241, 238, 35975, 246, 31619, 108, 239, 168, 97, 226, 8, 167, 98, 120, 220, 169, 235, 120, 167, 250, 101, 167, 254, 116, 166, 116, 108, 31619, 243, 234, 167, 105, 116, 35975, 112, 168, 245, 230, 46695, 97, 526, 198, 198, 20, 167, 110, 230, 25, 2343, 241, 238, 168, 245, 238, 167, 232, 242, 2343, 241, 238, 167, 98, 120, 23821, 110, 246, 35975, 234, 220, 169, 235, 120, 167, 250, 101, 167, 99, 108, 23821, 251, 116, 167, 45539, 35975, 112, 2343, 241, 239, 168, 247, 222, 220, 166, 112, 222, 167, 254, 101, 47991, 246, 168, 245, 105, 23821, 108, 122, 168, 243, 226, 166, 108, 222, 31619, 100, 234, 167, 224, 250, 23821, 251, 116, 167, 45539, 168, 245, 238, 166, 110, 234, 220, 169, 247, 243, 35975, 116, 47991, 250, 31619, 224, 112, 168, 248, 102, 35975, 112, 31619, 108, 246, 168, 246, 223, 167, 238, 246, 168, 244, 112, 23821, 252, 230, 46695, 97, 167, 232, 242, 220, 166, 110, 225, 35975, 226, 23821, 251, 246, 167, 107, 116, 47991, 250, 46695, 97, 13, 23821, 100, 222, 167, 105, 116, 168, 245, 238, 168, 226, 250, 2343, 241, 238, 167, 232, 242, 23821, 246, 101, 23821, 242, 101, 166, 108, 222, 220, 169, 245, 230, 167, 103, 227, 167, 239, 238, 23821, 242, 101, 168, 247, 222, 35975, 246, 31619, 234, 222, 169, 247, 242, 31619, 224, 112, 168, 248, 102, 35975, 226, 220, 169, 235, 120, 167, 250, 101, 167, 99, 108, 220, 166, 110, 225, 168, 250, 120, 167, 94, 250, 31619, 111, 112, 35975, 112, 166, 111, 254, 11, 2343, 241, 239, 167, 232, 242, 220, 169, 245, 230, 167, 103, 227, 167, 239, 238, 23821, 242, 101, 166, 108, 222, 23821, 246, 101, 23821, 242, 101, 168, 247, 222, 31619, 100, 234, 167, 224, 246, 166, 116, 108, 23821, 254, 226, 168, 245, 238, 23821, 247, 116, 167, 114, 222, 220, 166, 116, 108, 168, 245, 227, 23821, 116, 94, 168, 250, 120, 167, 94, 250, 167, 114, 222, 169, 226, 108, 31619, 237, 227, 166, 108, 222, 168, 112, 234, 35975, 246, 23821, 96, 120, 169, 225, 251, 31619, 100, 97, 168, 252, 227, 35975, 226, 23821, 248, 242, 168, 110, 255, 167, 108, 249, 35975, 222, 23821, 251, 120, 35975, 226, 220, 169, 248, 234, 168, 225, 223, 47991, 246, 167, 232, 242, 220, 166, 110, 225, 168, 250, 120, 167, 94, 250, 31619, 111, 112, 35975, 116, 46695, 97, 13, 23821, 99, 231, 11, 2343, 241, 238, 168, 245, 238, 167, 232, 242, 23821, 246, 101, 23821, 242, 101, 166, 108, 222, 220, 169, 245, 230, 167, 103, 227, 167, 239, 238, 23821, 242, 101, 168, 247, 222, 35975, 246, 31619, 234, 222, 169, 247, 242, 31619, 224, 112, 168, 248, 102, 35975, 226, 220, 169, 235, 120, 167, 250, 101, 167, 99, 108, 220, 166, 110, 225, 168, 250, 120, 167, 94, 250, 31619, 111, 112, 35975, 112, 167, 102, 108, 11, 23821, 251, 112, 31619, 234, 222, 169, 247, 242, 31619, 224, 112, 168, 248, 102, 168, 245, 238, 167, 232, 242, 220, 169, 245, 230, 167, 103, 227, 167, 239, 238, 23821, 242, 101, 166, 108, 222, 23821, 246, 101, 23821, 242, 101, 168, 247, 222, 31619, 100, 234, 167, 224, 246, 166, 116, 108, 23821, 254, 226, 168, 245, 238, 23821, 247, 116, 167, 114, 222, 220, 166, 116, 108, 168, 245, 227, 23821, 116, 94, 168, 250, 120, 167, 94, 250, 167, 114, 222, 169, 226, 108, 31619, 237, 227, 166, 108, 222, 168, 112, 234, 35975, 246, 23821, 96, 120, 169, 225, 251, 31619, 100, 97, 168, 252, 227, 35975, 226, 23821, 248, 242, 168, 110, 255, 167, 108, 249, 35975, 222, 23821, 251, 120, 166, 111, 120, 220, 166, 112, 222, 167, 254, 101, 167, 238, 250, 31619, 224, 112, 168, 248, 102, 35975, 112, 220, 169, 237, 105, 47991, 101, 167, 238, 246, 168, 244, 112, 23821, 252, 230, 46695, 97, 13, 1343, 366, 166, 115, 116, 167, 253, 105, 166, 111, 254, 31619, 224, 246, 168, 226, 250, 23821, 246, 101, 23821, 242, 101, 167, 232, 242, 220, 166, 108, 222, 31619, 110, 226, 167, 254, 116, 167, 232, 242, 167, 235, 108, 11, 31619, 237, 227, 166, 108, 222, 168, 112, 234, 23821, 251, 120, 167, 234, 222, 168, 245, 238, 167, 232, 242, 220, 166, 116, 230, 167, 108, 102, 220, 166, 115, 116, 23821, 228, 234, 167, 105, 116, 35975, 112, 31619, 237, 234, 31619, 234, 222, 167, 94, 250, 31619, 237, 234, 168, 243, 246, 46695, 97, 13, 23821, 246, 101, 23821, 242, 101, 166, 108, 222, 31619, 100, 234, 167, 224, 246, 167, 232, 242, 23821, 8955, 167, 252, 234, 168, 245, 238, 166, 110, 234, 167, 100, 230, 46695, 97, 2343, 241, 238, 58, 35975, 112, 168, 243, 120, 166, 116, 108, 16151, 158, 241, 238, 35975, 246, 31619, 108, 239, 168, 97, 226, 8, 167, 98, 120, 220, 169, 235, 120, 167, 250, 101, 167, 254, 116, 166, 116, 108, 31619, 243, 234, 167, 105, 116, 35975, 112, 168, 245, 230, 46695, 97, 13, 2644, 220, 169, 245, 230, 167, 103, 227, 167, 239, 238, 23821, 242, 101, 166, 108, 222, 220, 166, 112, 222, 168, 110, 255, 35975, 226, 31619, 241, 97, 167, 251, 121, 166, 109, 108, 167, 99, 105, 166, 111, 254, 23821, 243, 120, 166, 116, 230, 168, 243, 120, 166, 116, 230, 23821, 100, 239, 167, 241, 97, 35975, 226, 23821, 8955, 167, 239, 238, 166, 110, 234, 31619, 238, 250, 220, 166, 110, 225, 35975, 112, 23821, 251, 112, 31619, 243, 234, 167, 105, 116, 35975, 112, 168, 245, 230, 46695, 97, 13, 220, 166, 115, 116, 167, 253, 105, 46695, 97, 166, 108, 222, 220, 166, 115, 116, 167, 232, 242, 2343, 241, 239, 58, 168, 228, 234, 167, 105, 116, 16151, 158, 241, 239, 35975, 246, 31619, 108, 239, 168, 97, 226, 8, 35975, 226, 31619, 241, 96, 166, 111, 254, 23821, 108, 122, 168, 243, 226, 168, 246, 101, 23821, 246, 101, 23821, 242, 101, 168, 247, 222, 31619, 100, 234, 167, 224, 246, 23821, 244, 116, 168, 253, 223, 35975, 226, 31619, 110, 234, 35975, 112, 166, 110, 234, 31619, 238, 246, 168, 245, 230, 167, 235, 246, 220, 166, 110, 225, 35975, 112, 168, 100, 222, 167, 100, 234, 11, 23821, 246, 101, 23821, 242, 101, 166, 108, 222, 31619, 105, 112, 168, 232, 101, 23821, 251, 112, 168, 243, 120, 166, 116, 108, 167, 98, 120, 220, 47991, 246, 166, 111, 254, 23821, 233, 114, 168, 244, 112, 220, 47991, 246, 167, 232, 242, 168, 100, 222, 31619, 103, 101, 167, 98, 112, 167, 232, 242, 31619, 108, 242, 167, 232, 242, 23821, 243, 226, 46695, 230, 168, 245, 230, 46695, 97, 526, 198, 198, 168, 113, 250, 168, 95, 227, 23821, 254, 243, 46695, 113, 25, 642, 167, 110, 230]","[0.5, 0.5, 0.5, 0.5, 0.5, 0.5, 0.5, 0.5, 0.5, 0.5, 0.5, 0.5, 0.5, 0.5, 0.5, 0.5, 0.5, 0.5, 0.5, 0.5, 0.5, 0.5, 0.5, 0.5, 0.5, 0.5, 0.5, 0.5, 0.5, 0.5, 0.5, 0.5, 0.5, 0.5, 0.5, 0.5, 0.5, 0.5, 0.5, 0.5, 0.5, 0.5, 0.5, 0.5, 0.5, 0.5, 0.5, 0.5, 0.5, 0.5, 0.5, 0.5, 0.5, 0.5, 0.5, 0.5, 0.5, 0.5, 0.5, 0.5, 0.5, 0.5, 0.5, 0.5, 0.5, 0.5, 0.5, 0.5, 0.5, 0.5, 0.5, 0.5, 0.5, 0.5, 0.5, 0.5, 0.5, 0.5, 0.5, 0.5, 0.5, 0.5, 0.5, 0.5, 0.5, 0.5, 0.5, 0.5, 0.5, 0.5, 0.5, 0.5, 0.5, 0.5, 0.5, 0.5, 0.5, 0.5, 0.5, 0.5, 0.5, 0.5, 0.5, 0.5, 0.5, 0.5, 0.5, 0.5, 0.5, 0.5, 0.5, 0.5, 0.5, 0.5, 0.5, 0.5, 0.5, 0.5, 0.5, 0.5, 0.5, 0.5, 0.5, 0.5, 0.5, 0.5, 0.5, 0.5, 0.5, 0.5, 0.5, 0.5, 0.5, 0.5, 0.5, 0.5, 0.5, 0.5, 0.5, 0.5, 0.5, 0.5, 0.5, 0.5, 0.5, 0.5, 0.5, 0.5, 0.5, 0.5, 0.5, 0.5, 0.5, 0.5, 0.5, 0.5, 0.5, 0.5, 0.5, 0.5, 0.5, 0.5, 0.5, 0.5, 0.5, 0.5, 0.5, 0.5, 0.5, 0.5, 0.5, 0.5, 0.5, 0.5, 0.5, 0.5, 0.5, 0.5, 0.5, 0.5, 0.5, 0.5, 0.5, 0.5, 0.5, 0.5, 0.5, 0.5, 0.5, 0.5, 0.5, 0.5, 0.5, 0.5, 0.5, 0.5, 0.5, 0.5, 0.5, 0.5, 0.5, 0.5, 0.5, 0.5, 0.5, 0.5, 0.5, 0.5, 0.5, 0.5, 0.5, 0.5, 0.5, 0.5, 0.5, 0.5, 0.5, 0.5, 0.5, 0.5, 0.5, 0.5, 0.5, 0.5, 0.5, 0.5, 0.5, 0.5, 0.5, 0.5, 0.5, 0.5, 0.5, 0.5, 0.5, 0.5, 0.5, 0.5, 0.5, 0.5, 0.5, 0.5, 0.5, 0.5, 0.5, 0.5, 0.5, 0.5, 0.5, 0.5, 0.5, 0.5, 0.5, 0.5, 0.5, 0.5, 0.5, 0.5, 0.5, 0.5, 0.5, 0.5, 0.5, 0.5, 0.5, 0.5, 0.5, 0.5, 0.5, 0.5, 0.5, 0.5, 0.5, 0.5, 0.5, 0.5, 0.5, 0.5, 0.5, 0.5, 0.5, 0.5, 0.5, 0.5, 0.5, 0.5, 0.5, 0.5, 0.5, 0.5, 0.5, 0.5, 0.5, 0.5, 0.5, 0.5, 0.5, 0.5, 0.5, 0.5, 0.5, 0.5, 0.5, 0.5, 0.5, 0.5, 0.5, 0.5, 0.5, 0.5, 0.5, 0.5, 0.5, 0.5, 0.5, 0.5, 0.5, 0.5, 0.5, 0.5, 0.5, 0.5, 0.5, 0.5, 0.5, 0.5, 0.5, 0.5, 0.5, 0.5, 0.5, 0.5, 0.5, 0.5, 0.5, 0.5, 0.5, 0.5, 0.5, 0.5, 0.5, 0.5, 0.5, 0.5, 0.5, 0.5, 0.5, 0.5, 0.5, 0.5, 0.5, 0.5, 0.5, 0.5, 0.5, 0.5, 0.5, 0.5, 0.5, 0.5, 0.5, 0.5, 0.5, 0.5, 0.5, 0.5, 0.5, 0.5, 0.5, 0.5, 0.5, 0.5, 0.5, 0.5, 0.5, 0.5, 0.5, 0.5, 0.5, 0.5, 0.5, 0.5, 0.5, 0.5, 0.5, 0.5, 0.5, 0.5, 0.5, 0.5, 0.5, 0.5, 0.5, 0.5, 0.5, 0.5, 0.5, 0.5, 0.5, 0.5, 0.5, 0.5, 0.5, 0.5, 0.5, 0.5, 0.5, 0.5, 0.5, 0.5, 0.5, 0.5, 0.5, 0.5, 0.5, 0.5, 0.5, 0.5, 0.5, 0.5, 0.5, 0.5, 0.5, 0.5, 0.5, 0.5, 0.5, 0.5, 0.5, 0.5, 0.5, 0.5, 0.5, 0.5, 0.5, 0.5, 0.5, 0.5, 0.5, 0.5, 0.5, 0.5, 0.5, 0.5, 0.5, 0.5, 0.5, 0.5, 0.5, 0.5, 0.5, 0.5, 0.5, 0.5, 0.5, 0.5, 0.5, 0.5, 0.5, 0.5, 0.5, 0.5, 0.5, 0.5, 0.5, 0.5, 0.5, 0.5, 0.5, 0.5, 0.5, 0.5, 0.5, 0.5, 0.5, 0.5, 0.5, 0.5, 0.5, 0.5, 0.5, 0.5, 0.5, 0.5, 0.5, 0.5, 0.5, 0.5, 0.5, 0.5, 0.5, 0.5, 0.5, 0.5, 0.5, 0.5, 0.5, 0.5, 0.5, 0.5, 0.5, 0.5, 0.5, 0.5, 0.5, 0.5, 0.5, 0.5, 0.5, 0.5, 0.5, 0.5, 0.5, 0.5, 0.5, 0.5, 0.5, 0.5, 0.5, 0.5, 0.5, 0.5, 0.5, 0.5, 0.5, 0.5, 0.5, 0.5, 0.5, 0.5, 0.5, 0.5, 0.5, 0.5, 0.5, 0.5, 0.5, 0.5, 0.5, 0.5, 0.5, 0.5, 0.5, 0.5, 0.5, 0.5, 0.5, 0.5, 0.5, 0.5, 0.5, 0.5, 0.5, 0.5, 0.5, 0.5, 0.5, 0.5, 0.5, 0.5, 0.5, 0.5, 0.5, 0.5, 0.5, 0.5, 0.5, 0.5, 0.5, 0.5, 0.5, 0.5, 0.5, 0.5, 0.5, 0.5, 0.5, 0.5, 0.5, 0.5, 0.5, 0.5, 0.5, 0.5, 0.5, 0.5, 0.5, 0.5, 0.5, 0.5, 0.5, 0.5, 0.5, 0.5, 0.5, 0.5, 0.5, 0.5, 0.5, 0.5, 0.5, 0.5, 0.5, 0.5, 0.5, 0.5, 0.5, 0.5, 0.5, 0.5, 0.5, 0.5, 0.5, 0.5, 0.5, 0.5, 0.5, 0.5, 0.5, 0.5, 0.5, 0.5, 0.5, 0.5, 0.5, 0.5, 0.5, 0.5, 0.5, 0.5, 0.5, 0.5, 0.5, 0.5, 0.5, 0.5, 0.5, 0.5, 0.5, 0.5, 0.5, 0.5, 0.5, 0.5, 0.5, 0.5, 0.5, 0.5, 0.5, 0.5, 0.5, 0.5, 0.5, 0.5, 0.5, 0.5, 0.5, 0.5, 0.5, 0.5, 0.5, 0.5, 0.5, 0.5, 0.5, 0.5, 0.5, 0.5, 0.5, 0.5, 0.5, 0.5, 0.5, 0.5, 0.5, 0.5, 0.5, 0.5, 0.5, 0.5, 0.5, 0.5, 0.5, 0.5, 0.5, 0.5, 0.5, 0.5, 0.5, 0.5, 0.5, 0.5, 0.5, 0.5, 0.5, 0.5, 0.5, 0.5, 0.5, 0.5, 0.5, 0.5, 0.5, 0.5, 0.5, 0.5, 0.5, 0.5, 0.5, 0.5, 0.5, 0.5, 0.5, 0.5, 0.5, 0.5, 0.5, 0.5, 0.5, 0.5, 0.5, 0.5, 0.5, 0.5, 0.5, 0.5, 0.5, 0.5, 0.5, 0.5, 0.5, 0.5, 0.5, 0.5, 0.5, 0.5, 0.5, 0.5, 0.5, 0.5, 0.5, 0.5, 0.5, 0.5, 0.5, 0.5, 0.5, 0.5, 0.5, 0.5, 0.5, 0.5, 0.5, 0.5, 0.5, 0.5, 0.5, 0.5, 0.5, 0.5, 0.5, 0.5, 0.5, 0.5, 0.5, 0.5, 0.5, 0.5, 0.5, 0.5, 0.5, 0.5, 0.5, 0.5, 0.5, 0.5, 0.5, 0.5, 0.5, 0.5, 0.5, 0.5, 0.5, 0.5, 0.5, 0.5, 0.5, 0.5, 0.5, 0.5, 0.5, 0.5, 0.5, 0.5, 0.5, 0.5, 0.5, 0.5, 0.5, 0.5, 0.5, 0.5, 0.5, 0.5, 0.5, 0.5, 0.5, 0.5, 0.5, 0.5, 0.5, 0.5, 0.5, 0.5, 0.5, 0.5, 0.5, 0.5, 0.5, 0.5, 0.5, 0.5, 0.5, 0.5, 0.5, 0.5, 0.5, 0.5, 0.5, 0.5, 0.5, 0.5, 0.5, 0.5, 0.5, 0.5, 0.5, 0.5, 0.5, 0.5, 0.5, 0.5, 0.5, 0.5, 0.5, 0.5, 0.5, 0.5, 0.5, 0.5, 0.5, 0.5, 0.5, 0.5, 0.5, 0.5, 0.5, 0.5, 0.5, 0.5, 0.5, 0.5, 0.5, 0.5, 0.5, 0.5, 0.5, 0.5, 0.5, 0.5, 0.5, 0.5, 0.5, 0.5, 0.5, 0.5, 0.5, 0.5, 0.5, 0.5, 0.5, 0.5, 0.5, 0.5, 0.5, 0.5, 0.5, 0.5, 0.5, 0.5, 0.5, 0.5, 0.5, 0.5, 0.5, 0.5, 0.5, 0.5, 0.5, 0.5, 0.5, 0.5, 0.5, 0.5, 0.5, 0.5, 0.5, 0.5, 0.5, 0.5, 0.5, 0.5, 0.5, 0.5, 0.5, 0.5, 0.5, 0.5, 0.5, 0.5, 0.5, 0.5, 0.5, 0.5, 0.5, 0.5, 0.5, 0.5, 0.5, 0.5, 0.5, 0.5, 0.5, 0.5, 0.5, 0.5, 0.5, 0.5, 0.5, 0.5, 0.5, 0.5, 0.5, 0.5, 0.5, 0.5, 0.5, 0.5, 0.5, 0.5, 0.5, 0.5, 0.5, 0.5, 0.5, 0.5, 0.5, 0.5, 0.5, 0.5, 0.5, 0.5, 0.5, 0.5, 0.5, 0.5, 0.5, 0.5, 0.5, 0.5, 0.5, 0.5, 0.5, 0.5, 0.5, 0.5, 0.5, 0.5, 0.5, 0.5, 0.5, 0.5, 0.5, 0.5, 0.5, 0.5, 0.5, 0.5, 0.5, 0.5, 0.5, 0.5, 0.5, 0.5, 0.5, 0.5, 0.5, 0.5, 0.5, 0.5, 0.5, 0.5, 0.5, 0.5, 0.5, 0.5, 0.5, 0.5, 0.5, 0.5, 0.5, 0.5, 0.5, 0.5, 0.5, 0.5, 0.5, 0.5, 0.5, 0.5, 0.5, 0.5, 0.5, 0.5, 0.5, 0.5, 0.5, 0.5, 0.5, 0.5, 0.5, 0.5, 0.5, 0.5, 0.5, 0.5, 0.5, 0.5, 0.5, 0.5, 0.5, 0.5, 0.5, 0.5, 0.5, 0.5, 0.5, 0.5, 0.5, 0.5, 0.5, 0.5, 0.5, 0.5, 0.5, 0.5, 0.5, 0.5, 0.5, 0.5, 0.5, 0.5, 0.5, 0.5, 0.5, 0.5, 0.5, 0.5, 0.5, 0.5, 0.5, 0.5, 0.5, 0.5, 0.5, 0.5, 0.5, 0.5, 0.5, 0.5, 0.5, 0.5, 0.5, 0.5, 0.5, 0.5, 0.5, 0.5, 0.5, 0.5, 0.5, 0.5, 0.5, 0.5, 0.5, 0.5, 0.5, 0.5, 0.5, 0.5, 0.5, 0.5, 0.5, 0.5, 0.5, 0.5, 0.5, 0.5, 0.5, 0.5, 0.5, 0.5, 0.5, 0.5, 0.5, 0.5, 0.5, 0.5, 0.5, 0.5, 0.5, 0.5, 0.5, 0.5, 0.5, 0.5, 0.5, 0.5, 0.5, 0.5, 0.5, 0.5, 0.5, 0.5, 0.5, 0.5, 0.5, 0.5, 0.5, 0.5, 0.5, 0.5, 0.5, 0.5, 0.5, 0.5, 0.5, 0.5, 0.5, 0.5, 0.5, 0.5, 0.5, 0.5, 0.5, 0.5, 0.5, 0.5, 0.5, 0.5, 0.5, 0.5, 0.5, 0.5, 0.5, 0.5, 0.5, 0.5, 0.5, 0.5, 0.5, 0.5, 0.5, 0.5, 0.5, 0.5, 0.5, 0.5, 0.5, 0.5, 0.5, 0.5, 0.5, 0.5, 0.5, 0.5, 0.5, 0.5, 0.5, 0.5, 0.5, 0.5, 0.5, 0.5, 0.5, 0.5, 0.5, 0.5, 0.5, 0.5, 0.5, 0.5, 0.5, 0.5, 0.5, 0.5, 0.5, 0.5, 0.5, 0.5, 0.5, 0.5, 0.5, 0.5, 0.5, 0.5, 0.5, 0.5, 0.5, 0.5, 0.5, 0.5, 0.5, 0.5, 0.5, 0.5, 0.5, 0.5, 0.5, 0.5, 0.5, 0.5, 0.5, 0.5, 0.5, 0.5, 0.5, 0.5, 0.5, 0.5, 0.5, 0.5, 0.5, 0.5, 0.5, 0.5, 0.5, 0.5, 0.5, 0.5, 0.5, 0.5, 0.5, 0.5, 0.5, 0.5, 0.5, 0.5, 0.5, 0.5, 0.5, 0.5, 0.5, 0.5, 0.5, 0.5, 0.5, 0.5, 0.5, 0.5, 0.5, 0.5, 0.5, 0.5, 0.5, 0.5, 0.5, 0.5, 0.5, 0.5, 0.5, 0.5, 0.5, 0.5, 0.5, 0.5, 0.5, 0.5, 0.5, 0.5, 0.5, 0.5, 0.5, 0.5, 0.5, 0.5, 0.5, 0.5, 0.5, 0.5, 0.5, 0.5, 0.5, 0.5, 0.5, 0.5, 0.5, 0.5, 0.5, 0.5, 0.5, 0.5, 0.5, 0.5, 0.5, 0.5, 0.5, 0.5, 0.5, 0.5, 0.5, 0.5, 0.5, 0.5, 0.5, 0.5, 0.5, 0.5, 0.5, 0.5, 0.5, 0.5, 0.5, 0.5, 0.5, 0.5, 0.5, 0.5, 0.5, 0.5, 0.5, 0.5, 0.5, 0.5, 0.5, 0.5, 0.5, 0.5, 0.5, 0.5, 0.5, 0.5, 0.5, 0.5, 0.5, 0.5, 0.5, 0.5, 0.5, 0.5, 0.5, 0.5, 0.5, 0.5, 0.5, 0.5, 0.5, 0.5, 0.5, 0.5, 0.5, 0.5, 0.5, 0.5, 0.5, 0.5, 0.5, 0.5, 0.5, 0.5, 0.5, 0.5, 0.5, 0.5, 0.5, 0.5, 0.5, 0.5, 0.5, 0.5, 0.5, 0.5, 0.5, 0.5, 0.5, 0.5, 0.5, 0.5, 0.5, 0.5, 0.5, 0.5, 0.5, 0.5, 0.5, 0.5, 0.5, 0.5, 0.5, 0.5, 0.5, 0.5, 0.5, 0.5, 0.5, 0.5, 0.5, 0.5, 0.5, 0.5, 0.5, 0.5, 0.5, 0.5, 0.5, 0.5, 0.5, 0.5, 0.5, 0.5, 0.5, 0.5, 0.5, 0.5, 0.5, 0.5, 0.5, 0.5, 0.5, 0.5, 0.5, 0.5, 0.5, 0.5, 0.5, 0.5, 0.5, 0.5, 0.5, 0.5, 0.5, 0.5, 0.5, 0.5, 0.5, 0.5, 0.5, 0.5, 0.5, 0.5, 0.5, 0.5, 0.5, 0.5, 0.5, 0.5, 0.5, 0.5, 0.5, 0.5, 0.5, 0.5, 0.5, 0.5, 0.5, 0.5, 0.5, 0.5, 0.5, 0.5, 0.5, 0.5, 0.5, 0.5, 0.5, 0.5, 0.5, 0.5, 0.5, 0.5, 0.5, 0.5, 0.5, 0.5, 0.5, 0.5, 0.5, 0.5, 0.5, 0.5, 0.5, 0.5, 0.5, 0.5, 0.5, 0.5, 0.5, 0.5, 0.5, 0.5, 0.5, 0.5, 0.5, 0.5, 0.5, 0.5, 0.5, 0.5, 0.5, 0.5, 0.5, 0.5, 0.5, 0.5, 0.5, 0.5, 0.5, 0.5, 0.5, 0.5, 0.5, 0.5, 0.5, 0.5, 0.5, 0.5, 0.5, 0.5, 0.5, 0.5, 0.5, 0.5, 0.5, 0.5, 0.5, 0.5, 0.5, 0.5, 0.5, 0.5, 0.5, 0.5, 0.5, 0.5, 0.5, 0.5, 0.5, 0.5, 0.5, 0.5, 0.5, 0.5, 0.5, 0.5, 0.5, 0.5, 0.5, 0.5, 0.5, 0.5, 0.5, 0.5, 0.5, 0.5, 0.5, 0.5, 0.5, 0.5, 0.5, 0.5, 0.5, 0.5, 0.5, 0.5, 0.5, 0.5, 0.5, 0.5, 0.5, 0.5, 0.5, 0.5, 0.5, 0.5, 0.5, 0.5, 0.5, 0.5, 0.5, 0.5, 0.5, 0.5, 0.5, 0.5, 0.5, 0.5, 0.5, 0.5, 0.5, 0.5, 0.5, 0.5, 0.5, 0.5, 0.5, 0.5, 0.5, 0.5, 0.5, 0.5, 0.5, 0.5, 0.5, 0.5, 0.5, 0.5, 0.5, 0.5, 0.5, 0.5, 0.5, 0.5, 0.5, 0.5, 0.5, 0.5, 0.5, 0.5, 0.5, 0.5, 0.5, 0.5, 0.5, 0.5, 0.5, 0.5, 0.5, 0.5, 0.5, 0.5, 0.5, 0.5, 0.5, 0.5, 0.5, 0.5, 0.5, 0.5, 0.5, 0.5, 0.5, 0.5, 0.5, 0.5, 0.5, 0.5, 0.5, 0.5, 0.5, 0.5, 0.5, 0.5, 0.5, 0.5, 0.5, 0.5, 0.5, 0.5, 0.5, 0.5, 0.5, 0.5, 0.5, 0.5, 0.5, 0.5, 0.5, 0.5, 0.5, 0.5, 0.5, 0.5, 0.5, 0.5, 0.5, 0.5, 0.5, 0.5, 0.5, 0.5, 0.5, 0.5, 0.5, 0.5, 0.5, 0.5, 0.5, 0.5, 0.5, 0.5, 0.5, 0.5, 0.5, 0.5, 0.5, 0.5, 0.5, 0.5, 0.5, 0.5, 0.5, 0.5, 0.5, 0.5, 0.5, 0.5, 0.5, 0.5, 0.5, 0.5, 0.5, 0.5, 0.5, 0.5, 0.5, 0.5, 0.5, 0.5, 0.5, 0.5, 0.5, 0.5, 0.5, 0.5, 0.5, 0.5, 0.5, 0.5, 0.5, 0.5, 0.5, 0.5, 0.5, 0.5, 0.5, 0.5, 0.5, 0.5, 0.5, 0.5, 0.5, 0.5, 0.5, 0.5, 0.5, 0.5, 0.5, 0.5, 0.5, 0.5, 0.5, 0.5, 0.5, 0.5, 0.5, 0.5, 0.5, 0.5, 0.5, 0.5, 0.5, 0.5, 0.5, 0.5, 0.5, 0.5, 0.5, 0.5, 0.5, 0.5, 0.5, 0.5, 0.5, 0.5, 0.5, 0.5, 0.5, 0.5, 0.5, 0.5, 0.5, 0.5, 0.5, 0.5, 0.5, 0.5, 0.5, 0.5, 0.5, 0.5, 0.5, 0.5, 0.5, 0.5, 0.5, 0.5, 0.5, 0.5, 0.5, 0.5, 0.5, 0.5, 0.5, 0.5, 0.5, 0.5, 0.5, 0.5, 0.5, 0.5, 0.5, 0.5, 0.5, 0.5, 0.5, 0.5, 0.5, 0.5, 0.5, 0.5, 0.5, 0.5, 0.5, 0.5, 0.5, 0.5, 0.5, 0.5, 0.5, 0.5, 0.5, 0.5, 0.5, 0.5, 0.5, 0.5, 0.5, 0.5, 0.5, 0.5, 0.5, 0.5, 0.5, 0.5, 0.5, 0.5, 0.5, 0.5, 0.5, 0.5, 0.5, 0.5, 0.5, 0.5, 0.5, 0.5, 0.5, 0.5, 0.5, 0.5, 0.5, 0.5, 0.5, 0.5, 0.5, 0.5, 0.5, 0.5, 0.5, 0.5, 0.5, 0.5, 0.5, 0.5, 0.5, 0.5, 0.5, 0.5, 0.5, 0.5, 0.5, 0.5, 0.5, 0.5, 0.5, 0.5, 0.5, 0.5, 0.5, 0.5, 0.5, 0.5, 0.5, 0.5, 0.5, 0.5, 0.5, 0.5, 0.5, 0.5, 0.5, 0.5, 0.5, 0.5, 0.5, 0.5, 0.5, 0.5, 0.5, 0.5, 0.5, 0.5, 0.5, 0.5, 0.5, 0.5, 0.5, 0.5, 0.5, 0.5, 0.5, 0.5, 0.5, 0.5, 0.5, 0.5, 0.5, 0.5, 0.5, 0.5, 0.5, 0.5, 0.5, 0.5, 0.5, 0.5, 0.5, 0.5, 0.5, 0.5, 0.5, 0.5, 0.5, 0.5, 0.5, 0.5, 0.5, 0.5, 0.5, 0.5, 0.5, 0.5, 0.5, 0.5, 0.5, 0.5, 0.5, 0.5, 0.5, 0.5, 0.5, 0.5, 0.5, 0.5, 0.5, 0.5, 0.5, 0.5, 0.5, 0.5, 0.5, 0.5, 0.5, 0.5, 0.5, 0.5, 0.5, 0.5, 0.5, 0.5, 0.5, 0.5, 0.5, 0.5, 0.5, 0.5, 0.5, 0.5, 0.5, 0.5, 0.5, 0.5, 0.5, 0.5, 0.5, 0.5, 0.5, 0.5, 0.5, 0.5, 0.5, 0.5, 0.5, 0.5, 0.5, 0.5, 0.5, 0.5, 0.5, 0.5, 0.5, 0.5, 0.5, 0.5, 0.5, 0.5, 0.5, 0.5, 0.5, 0.5, 0.5, 0.5, 0.5, 0.5, 0.5, 0.5, 0.5, 0.5, 0.5, 0.5, 0.5, 0.5, 0.5, 0.5, 0.5, 0.5, 0.5, 0.5, 0.5, 0.5, 0.5, 0.5, 0.5, 0.5, 0.5, 0.5, 0.5, 0.5, 0.5, 0.5, 0.5, 0.5, 0.5, 0.5, 0.5, 0.5, 0.5, 0.5, 0.5, 0.5, 0.5, 0.5, 0.5, 0.5, 0.5, 0.5, 0.5, 0.5, 0.5, 0.5, 0.5, 0.5, 0.5, 0.5, 0.5, 0.5, 0.5, 0.5, 0.5, 0.5, 0.5, 0.5, 0.5, 0.5, 0.5, 0.5, 0.5, 0.5, 0.5, 0.5, 0.5, 0.5, 0.5, 0.5, 0.5, 0.5, 0.5, 0.5, 0.5, 0.5, 0.5, 0.5, 0.5, 0.5, 0.5, 0.5, 0.5, 0.5, 0.5, 0.5, 0.5, 0.5, 0.5, 0.5, 0.5, 0.5, 0.5, 0.5, 0.5, 0.5, 0.5, 0.5, 0.5, 0.5, 0.5, 0.5, 0.5, 0.5, 0.5, 0.5, 0.5, 0.5, 0.5, 0.5, 0.5, 0.5, 0.5, 0.5, 0.5, 0.5, 0.5, 0.5, 0.5, 0.5, 0.5, 0.5, 0.5, 0.5, 0.5, 0.5, 0.5, 0.5, 0.5, 0.5, 0.5, 0.5, 0.5, 0.5, 0.5, 0.5, 0.5, 0.5, 0.5, 0.5, 0.5, 0.5, 0.5, 0.5, 0.5, 0.5, 0.5, 0.5, 0.5, 0.5, 0.5, 0.5, 0.5, 0.5, 0.5, 0.5, 0.5, 0.5, 0.5, 0.5, 0.5, 0.5, 0.5, 0.5, 0.5, 0.5, 0.5, 0.5, 0.5, 0.5, 0.5, 0.5, 0.5, 0.5, 0.5, 0.5, 0.5, 0.5, 0.5, 0.5, 0.5, 0.5, 0.5, 0.5, 0.5, 0.5, 0.5, 0.5, 0.5, 0.5, 0.5, 0.5, 0.5, 0.5, 0.5, 0.5, 0.5, 0.5, 0.5, 0.5, 0.5, 0.5, 0.5, 0.5, 0.5, 0.5, 0.5, 0.5, 0.5, 0.5, 0.5, 0.5, 0.5, 0.5, 0.5, 0.5, 0.5, 0.5, 0.5, 0.5, 0.5, 0.5, 0.5, 0.5, 0.5, 0.5, 0.5, 0.5, 0.5, 0.5, 0.5, 0.5, 0.5, 0.5, 0.5, 0.5, 0.5, 0.5, 0.5, 0.5, 0.5, 0.5, 0.5, 0.5, 0.5, 0.5, 0.5, 0.5, 0.5, 0.5, 0.5, 0.5, 0.5, 0.5, 0.5, 0.5, 0.5, 0.5, 0.5, 0.5, 0.5, 0.5, 0.5, 0.5, 0.5, 0.5, 0.5, 0.5, 0.5, 0.5, 0.5, 0.5, 0.5, 0.5, 0.5, 0.5, 0.5, 0.5, 0.5, 0.5, 0.5, 0.5, 0.5, 0.5, 0.5, 0.5, 0.5, 0.5, 0.5, 0.5, 0.5, 0.5, 0.5, 0.5, 0.5, 0.5, 0.5, 0.5, 0.5, 0.5, 0.5, 0.5, 0.5, 0.5, 0.5, 0.5, 0.5, 0.5, 0.5, 0.5, 0.5, 0.5, 0.5, 0.5, 0.5, 0.5, 0.5, 0.5, 0.5, 0.5, 0.5, 0.5, 0.5, 0.5, 0.5, 0.5, 0.5, 0.5, 0.5, 0.5, 0.5, 0.5, 0.5, 0.5, 0.5, 0.5, 0.5, 0.5, 0.5, 0.5, 0.5, 0.5, 0.5, 0.5, 0.5, 0.5, 0.5, 0.5, 0.5, 0.5, 0.5, 0.5, 0.5, 0.5, 0.5, 0.5, 0.5, 0.5, 0.5, 0.5, 0.5, 0.5, 0.5, 0.5, 0.5, 0.5, 0.5, 0.5, 0.5, 0.5, 0.5, 0.5, 0.5, 0.5, 0.5, 0.5, 0.5, 0.5, 0.5, 0.5, 0.5, 0.5, 0.5, 0.5, 0.5, 0.5, 0.5, 0.5, 0.5, 0.5, 0.5, 0.5, 0.5, 0.5, 0.5, 0.5, 0.5, 0.5, 0.5, 0.5, 0.5, 0.5, 0.5, 0.5, 0.5, 0.5, 0.5, 0.5, 0.5, 0.5, 0.5, 0.5, 0.5, 0.5, 0.5, 0.5, 0.5, 0.5, 0.5, 0.5, 0.5, 0.5, 0.5, 0.5, 0.5, 0.5, 0.5, 0.5, 0.5, 0.5, 0.5, 0.5, 0.5, 0.5, 0.5, 0.5, 0.5, 0.5, 0.5, 0.5, 0.5, 0.5, 0.5, 0.5, 0.5, 0.5, 0.5, 0.5, 0.5, 0.5, 0.5, 0.5, 0.5, 0.5, 0.5, 0.5, 0.5, 0.5, 0.5, 0.5, 0.5, 0.5, 0.5, 0.5, 0.5, 0.5, 0.5, 0.5, 0.5, 0.5, 0.5, 0.5, 0.5, 0.5, 0.5, 0.5, 0.5, 0.5, 0.5, 0.5, 0.5, 0.5, 0.5, 0.5, 0.5, 0.5, 0.5, 0.5, 0.5, 0.5, 0.5, 0.5, 0.5, 0.5, 0.5, 0.5, 0.5, 0.5, 0.5, 0.5, 0.5, 0.5, 0.5, 0.5, 0.5, 0.5, 0.5, 0.5, 0.5, 0.5, 0.5, 0.5, 0.5, 0.5, 0.5, 0.5, 0.5, 0.5, 0.5, 0.5, 0.5, 0.5, 0.5, 0.5, 0.5, 0.5, 0.5, 0.5, 0.5, 0.5, 0.5, 0.5, 0.5, 0.5, 0.5, 0.5, 0.5, 0.5, 0.5, 0.5, 0.5, 0.5, 0.5, 0.5, 0.5, 0.5, 0.5, 0.5, 0.5, 0.5, 0.5, 0.5, 0.5, 0.5, 0.5, 0.5, 0.5, 0.5, 0.5, 0.5, 0.5, 0.5, 0.5, 0.5, 0.5, 0.5, 0.5, 0.5, 0.5, 0.5, 0.5, 0.5, 0.5, 0.5, 0.5, 0.5, 0.5, 0.5, 0.5, 0.5, 0.5, 0.5, 0.5, 0.5, 0.5, 0.5, 0.5, 0.5, 0.5, 0.5, 0.5, 0.5, 0.5, 0.5, 0.5, 0.5, 0.5, 0.5, 0.5, 0.5, 0.5, 0.5, 0.5, 0.5, 0.5, 0.5, 0.5, 0.5, 0.5, 0.5, 0.5, 0.5, 0.5, 0.5, 0.5, 0.5, 0.5, 0.5, 0.5, 0.5, 0.5, 0.5, 0.5, 0.5, 0.5, 0.5, 0.5, 0.5, 0.5, 0.5, 0.5, 0.5, 0.5, 0.5, 0.5, 0.5, 0.5, 0.5, 0.5, 0.5, 0.5, 0.5, 0.5, 0.5, 0.5, 0.5, 0.5, 0.5, 0.5, 0.5, 0.5, 0.5, 0.5, 0.5, 0.5, 0.5, 0.5, 0.5, 0.5, 0.5, 0.5, 0.5, 0.5, 0.5, 0.5, 0.5, 0.5, 0.5, 0.5, 0.5, 0.5, 0.5, 0.5, 0.5, 0.5, 0.5, 0.5, 0.5, 0.5, 0.5, 0.5, 0.5, 0.5, 0.5, 0.5, 0.5, 0.5, 0.5, 0.5, 0.5, 0.5, 0.5, 0.5, 0.5, 0.5, 0.5, 0.5, 0.5, 0.5, 0.5, 0.5, 0.5, 0.5, 0.5, 0.5, 0.5, 0.5, 0.5, 0.5, 0.5, 0.5, 0.5, 0.5, 0.5, 0.5, 0.5, 0.5, 0.5, 0.5, 0.5, 0.5, 0.5, 0.5, 0.5, 0.5, 0.5, 0.5, 0.5, 0.5, 0.5, 0.5, 0.5, 0.5, 0.5, 0.5, 0.5, 0.5, 0.5, 0.5, 0.5, 0.5, 0.5, 0.5, 0.5, 0.5, 0.5, 0.5, 0.5, 0.5, 0.5, 0.5, 0.5, 0.5, 0.5, 0.5, 0.5, 0.5, 0.5, 0.5, 0.5, 0.5, 0.5, 0.5, 0.5, 0.5, 0.5, 0.5, 0.5, 0.5, 0.5, 0.5, 0.5, 0.5, 0.5, 0.5, 0.5, 0.5, 0.5, 0.5, 0.5, 0.5, 0.5, 0.5, 0.5, 0.5, 0.5, 0.5, 0.5, 0.5, 0.5, 0.5, 0.5, 0.5, 0.5, 0.5, 0.5, 0.5, 0.5, 0.5, 0.5, 0.5, 0.5, 0.5, 0.5, 0.5, 0.5, 0.5, 0.5, 0.5, 0.5, 0.5, 0.5, 0.5, 0.5, 0.5, 0.5, 0.5, 0.5, 0.5, 0.5, 0.5, 0.5, 0.5, 0.5, 0.5, 0.5, 0.5, 0.5, 0.5, 0.5, 0.5, 0.5, 0.5, 0.5, 0.5, 0.5, 0.5, 0.5, 0.5, 0.5, 0.5, 0.5, 0.5, 0.5, 0.5, 0.5, 0.5, 0.5, 0.5, 0.5, 0.5, 0.5, 0.5, 0.5, 0.5, 0.5, 0.5, 0.5, 0.5, 0.5, 0.5, 0.5, 0.5, 0.5, 0.5, 0.5, 0.5, 0.5, 0.5, 0.5, 0.5, 0.5, 0.5, 0.5, 0.5, 0.5, 0.5, 0.5, 0.5, 0.5, 0.5, 0.5, 0.5, 0.5, 0.5, 0.5, 0.5, 0.5, 0.5, 0.5, 0.5, 0.5, 0.5, 0.5, 0.5, 0.5, 0.5, 0.5, 0.5, 0.5, 0.5, 0.5, 0.5, 0.5, 0.5, 0.5, 0.5, 0.5, 0.5, 0.5, 0.5, 0.5, 0.5, 0.5, 0.5, 0.5, 0.5, 0.5, 0.5, 0.5, 0.5, 0.5, 0.5, 0.5, 0.5, 0.5, 0.5, 0.5, 0.5, 0.5, 0.5, 0.5, 0.5, 0.5, 0.5, 0.5, 0.5, 0.5, 0.5, 0.5, 0.5, 0.5, 0.5, 0.5, 0.5, 0.5, 0.5, 0.5, 0.5, 0.5, 0.5, 0.5, 0.5, 0.5, 0.5, 0.5, 0.5, 0.5, 0.5, 0.5, 0.5, 0.5, 0.5, 0.5, 0.5, 0.5, 0.5, 0.5, 0.5, 0.5, 0.5, 0.5, 0.5, 0.5, 0.5, 0.5, 0.5, 0.5, 0.5, 0.5, 0.5, 0.5, 0.5, 0.5, 0.5, 0.5, 0.5, 0.5, 0.5, 0.5, 0.5, 0.5, 0.5, 0.5, 0.5, 0.5, 0.5, 0.5, 0.5, 0.5, 0.5, 0.5, 0.5, 0.5, 0.5, 0.5, 0.5, 0.5, 0.5, 0.5, 0.5, 0.5, 0.5, 0.5, 0.5, 0.5, 0.5, 0.5, 0.5, 0.5, 0.5, 0.5, 0.5, 0.5, 0.5, 0.5, 0.5, 0.5, 0.5, 0.5, 0.5, 0.5, 0.5, 0.5, 0.5, 0.5, 0.5, 0.5, 0.5, 0.5, 0.5, 0.5, 0.5, 0.5, 0.5, 0.5, 0.5, 0.5, 0.5, 0.5, 0.5, 0.5, 0.5, 0.5, 0.5, 0.5, 0.5, 0.5, 0.5, 0.5, 0.5, 0.5, 0.5, 0.5, 0.5, 0.5, 0.5, 0.5, 0.5, 0.5, 0.5, 0.5, 0.5, 0.5, 0.5, 0.5, 0.5, 0.5, 0.5, 0.5, 0.5, 0.5, 0.5, 0.5, 0.5, 0.5, 0.5, 0.5, 0.5, 0.5, 0.5, 0.5, 0.5, 0.5, 0.5, 0.5, 0.5, 0.5, 0.5, 0.5, 0.5, 0.5, 0.5, 0.5, 0.5, 0.5, 0.5, 0.5, 0.5, 0.5, 0.5, 0.5, 0.5, 0.5, 0.5, 0.5, 0.5, 0.5, 0.5, 0.5, 0.5, 0.5, 0.5, 0.5, 0.5, 0.5, 0.5, 0.5, 0.5, 0.5, 0.5, 0.5, 0.5, 0.5, 0.5, 0.5, 0.5, 0.5, 0.5, 0.5, 0.5, 0.5, 0.5, 0.5, 0.5, 0.5, 0.5, 0.5, 0.5, 0.5, 0.5, 0.5, 0.5, 0.5, 0.5, 0.5, 0.5, 0.5, 0.5, 0.5, 0.5, 0.5, 0.5, 0.5, 0.5, 0.5, 0.5, 0.5, 0.5, 0.5, 0.5, 0.5, 0.5, 0.5, 0.5, 0.5, 0.5, 0.5, 0.5, 0.5, 0.5, 0.5, 0.5, 0.5, 0.5, 0.5, 0.5, 0.5, 0.5, 0.5, 0.5, 0.5, 0.5, 0.5, 0.5, 0.5, 0.5, 0.5, 0.5, 0.5, 0.5, 0.5, 0.5, 0.5, 0.5, 0.5, 0.5, 0.5, 0.5, 0.5, 0.5, 0.5, 0.5, 0.5, 0.5, 0.5, 0.5, 0.5, 0.5, 0.5, 0.5, 0.5, 0.5, 0.5, 0.5, 0.5, 0.5, 0.5, 0.5, 0.5, 0.5, 0.5, 0.5, 0.5, 0.5, 0.5, 0.5, 0.5, 0.5, 0.5, 0.5, 0.5, 0.5, 0.5, 0.5, 0.5, 0.5, 0.5, 0.5, 0.5, 0.5, 0.5, 0.5, 0.5, 0.5, 0.5, 0.5, 0.5, 0.5, 0.5, 0.5, 0.5, 0.5, 0.5, 0.5, 0.5, 0.5, 0.5, 0.5, 0.5, 0.5, 0.5, 0.5, 0.5, 0.5, 0.5, 0.5, 0.5, 0.5, 0.5, 0.5, 0.5, 0.5, 0.5, 0.5, 0.5, 0.5, 0.5, 0.5, 0.5, 0.5, 0.5, 0.5, 0.5, 0.5, 0.5, 0.5, 0.5, 0.5, 0.5, 0.5, 0.5, 0.5, 0.5, 0.5, 0.5, 0.5, 0.5, 0.5, 0.5, 0.5, 0.5, 0.5, 0.5, 0.5, 0.5, 0.5, 0.5, 0.5, 0.5, 0.5, 0.5, 0.5, 0.5, 0.5, 0.5, 0.5, 0.5, 0.5, 0.5, 0.5, 0.5, 0.5, 0.5, 0.5, 0.5, 0.5, 0.5, 0.5, 0.5, 0.5, 0.5, 0.5, 0.5, 0.5, 0.5, 0.5, 0.5, 0.5, 0.5, 0.5, 0.5, 0.5, 0.5, 0.5, 0.5, 0.5, 0.5, 0.5, 0.5, 0.5, 0.5, 0.5, 0.5, 0.5, 0.5, 0.5, 0.5, 0.5, 0.5, 0.5, 0.5, 0.5, 0.5, 0.5, 0.5, 0.5, 0.5, 0.5, 0.5, 0.5, 0.5, 0.5, 0.5, 0.5, 0.5, 0.5, 0.5, 0.5, 0.5, 0.5, 0.5, 0.5, 0.5, 0.5, 0.5, 0.5, 0.5, 0.5, 0.5, 0.5, 0.5, 0.5, 0.5, 0.5, 0.5, 0.5, 0.5, 0.5, 0.5, 0.5, 0.5, 0.5, 0.5, 0.5, 0.5, 0.5, 0.5, 0.5, 0.5, 0.5, 0.5, 0.5, 0.5, 0.5, 0.5, 0.5, 0.5, 0.5, 0.5, 0.5, 0.5, 0.5, 0.5, 0.5, 0.5, 0.5, 0.5, 0.5, 0.5, 0.5, 0.5, 0.5, 0.5, 0.5, 0.5, 0.5, 0.5, 0.5, 0.5, 0.5, 0.5, 0.5, 0.5, 0.5, 0.5, 0.5, 0.5, 0.5, 0.5, 0.5, 0.5, 0.5, 0.5, 0.5, 0.5, 0.5, 0.5, 0.5, 0.5, 0.5, 0.5, 0.5, 0.5, 0.5, 0.5, 0.5, 0.5, 0.5, 0.5, 0.5, 0.5, 0.5, 0.5, 0.5, 0.5, 0.5, 0.5, 0.5, 0.5, 0.5, 0.5, 0.5, 0.5, 0.5, 0.5, 0.5, 0.5, 0.5, 0.5, 0.5, 0.5, 0.5, 0.5, 0.5, 0.5, 0.5, 0.5, 0.5, 0.5, 0.5, 0.5, 0.5, 0.5, 0.5, 0.5, 0.5, 0.5, 0.5, 0.5, 0.5, 0.5, 0.5, 0.5, 0.5, 0.5, 0.5, 0.5, 0.5, 0.5, 0.5, 0.5, 0.5, 0.5, 0.5, 0.5, 0.5, 0.5, 0.5, 0.5, 0.5, 0.5, 0.5, 0.5, 0.5, 0.5, 0.5, 0.5, 0.5, 0.5, 0.5, 0.5, 0.5, 0.5, 0.5, 0.5, 0.5, 0.5, 0.5, 0.5, 0.5, 0.5, 0.5, 0.5, 0.5, 0.5, 0.5, 0.5, 0.5, 0.5, 0.5, 0.5, 0.5, 0.5, 0.5, 0.5, 0.5, 0.5, 0.5, 0.5, 0.5, 0.5, 0.5, 0.5, 0.5, 0.5, 0.5, 0.5, 0.5, 0.5, 0.5, 0.5, 0.5, 0.5, 0.5, 0.5, 0.5, 0.5, 0.5, 0.5, 0.5, 0.5, 0.5, 0.5, 0.5, 0.5, 0.5, 0.5, 0.5, 0.5, 0.5, 0.5, 0.5, 0.5, 0.5, 0.5, 0.5, 0.5, 0.5, 0.5, 0.5, 0.5, 0.5, 0.5, 0.5, 0.5, 0.5, 0.5, 0.5, 0.5, 0.5, 0.5, 0.5, 0.5, 0.5, 0.5, 0.5, 0.5, 0.5, 0.5, 0.5, 0.5, 0.5, 0.5, 0.5, 0.5, 0.5, 0.5, 0.5, 0.5, 0.5, 0.5, 0.5, 0.5, 0.5, 0.5, 0.5, 0.5, 0.5, 0.5, 0.5, 0.5, 0.5, 0.5, 0.5, 0.5, 0.5, 0.5, 0.5, 0.5, 0.5, 0.5, 0.5, 0.5, 0.5, 0.5, 0.5, 0.5, 0.5, 0.5, 0.5, 0.5, 0.5, 0.5, 0.5, 0.5, 0.5, 0.5, 0.5, 0.5, 0.5, 0.5, 0.5, 0.5, 0.5, 0.5, 0.5, 0.5, 0.5, 0.5, 0.5, 0.5, 0.5, 0.5, 0.5, 0.5, 0.5, 0.5, 0.5, 0.5, 0.5, 0.5, 0.5, 0.5, 0.5, 0.5, 0.5, 0.5, 0.5, 0.5, 0.5, 0.5, 0.5, 0.5, 0.5, 0.5, 0.5, 0.5, 0.5, 0.5, 0.5, 0.5, 0.5, 0.5, 0.5, 0.5, 0.5, 0.5, 0.5, 0.5, 0.5, 0.5, 0.5, 0.5, 0.5, 0.5, 0.5, 0.5, 0.5, 0.5, 0.5, 0.5, 0.5, 0.5, 0.5, 0.5, 0.5, 0.5, 0.5, 0.5, 0.5, 0.5, 0.5, 0.5, 0.5, 0.5, 0.5, 0.5, 0.5, 0.5, 0.5, 0.5, 0.5, 0.5, 0.5, 0.5, 0.5, 0.5, 0.5, 0.5, 0.5, 0.5, 0.5, 0.5, 0.5, 0.5, 0.5, 0.5, 0.5, 0.5, 0.5, 0.5, 0.5, 0.5, 0.5, 0.5, 0.5, 0.5, 0.5, 0.5, 0.5, 0.5, 0.5, 0.5, 0.5, 0.5, 0.5, 0.5, 0.5, 0.5, 0.5, 0.5, 0.5, 0.5, 0.5, 0.5, 0.5, 0.5, 0.5, 0.5, 0.5, 0.5, 0.5, 0.5, 0.5, 0.5, 0.5, 0.5, 0.5, 0.5, 0.5, 0.5, 0.5, 0.5, 0.5, 0.5, 0.5, 0.5, 0.5, 0.5, 0.5, 0.5, 0.5, 0.5, 0.5, 0.5, 0.5, 0.5, 0.5, 0.5, 0.5, 0.5, 0.5, 0.5, 0.5, 0.5, 0.5, 0.5, 0.5, 0.5, 0.5, 0.5, 0.5, 0.5, 0.5, 0.5, 0.5, 0.5, 0.5, 0.5, 0.5, 0.5, 0.5, 0.5, 0.5, 0.5, 0.5, 0.5, 0.5, 0.5, 0.5, 0.5, 0.5, 0.5, 0.5, 0.5, 0.5, 0.5, 0.5, 0.5, 0.5, 0.5, 0.5, 0.5, 0.5, 0.5, 0.5, 0.5, 0.5, 0.5, 0.5, 0.5, 0.5, 0.5, 0.5, 0.5, 0.5, 0.5, 0.5, 0.5, 0.5, 0.5, 0.5, 0.5, 0.5, 0.5, 0.5, 0.5, 0.5, 0.5, 0.5, 0.5, 0.5, 0.5, 0.5, 0.5, 0.5, 0.5, 0.5, 0.5, 0.5, 0.5, 0.5, 0.5, 0.5, 0.5, 0.5, 0.5, 0.5, 0.5, 0.5, 0.5, 0.5, 0.5, 0.5, 0.5, 0.5, 0.5, 0.5, 0.5, 0.5, 0.5, 0.5, 0.5, 0.5, 0.5, 0.5, 0.5, 0.5, 0.5, 0.5, 0.5, 0.5, 0.5, 0.5, 0.5, 0.5, 0.5, 0.5, 0.5, 0.5, 0.5, 0.5, 0.5, 0.5, 0.5, 0.5, 0.5, 0.5, 0.5, 0.5, 0.5, 0.5, 0.5, 0.5, 0.5, 0.5, 0.5, 0.5, 0.5, 0.5, 0.5, 0.5, 0.5, 0.5, 0.5, 0.5, 0.5, 0.5, 0.5, 0.5, 0.5, 0.5, 0.5, 0.5, 0.5, 0.5, 0.5, 0.5, 0.5, 0.5, 0.5, 0.5, 0.5, 0.5, 0.5, 0.5, 0.5, 0.5, 0.5, 0.5, 0.5, 0.5, 0.5, 0.5, 0.5, 0.5, 0.5, 0.5, 0.5, 0.5, 0.5, 0.5, 0.5, 0.5, 0.5, 0.5, 0.5, 0.5, 0.5, 0.5, 0.5, 0.5, 0.5, 0.5, 0.5, 0.5, 0.5, 0.5, 0.5, 0.5, 0.5, 0.5, 0.5, 0.5, 0.5, 0.5, 0.5, 0.5, 0.5, 0.5, 0.5, 0.5, 0.5, 0.5, 0.5, 0.5, 0.5, 0.5, 0.5, 0.5]",2
2026_11_KICE_27-30_2,['1(2)'],"1번: '독가촌'은 고속도로와 접속이 되게 될 교통 요충지이자 관광지로서의 좋은 조건을 모두 구비하고 있는 곳으로, 외부의 관심을 받게 된 곳이다. + ""특히 독가촌은 오늘의 달라진 인문지리의 환경으로 따져 보았을 적에 고속도로와 접속이 되게 될 교통 요충지가 되었을 뿐 아니라 관광지로서의 좋은 조건을 모두 구비하고 있다는 것이었다.""
2번: 허명두는 집들을 사들이고 있지만, 그것은 지목 변경으로 기득권을 부여받기 위한 것이지 '독가촌' 자체의 특징은 아니다. + ""행정 당국은 지목(地目) 변경은 해 두었지만 서류상으로는 그 모든 가옥들이 무허가 주택이나 다름없었으며, 따라서 집들의 매매는 권리금에 다름이 아니었다. 물론 불하를 내게 될 적에는 이미 지어진 집 임자에게 기득권을 부여하게 될 터이었다.""
3번: '독가촌'은 농촌 부락으로서 어느 정도 자립할 수 있는 터전을 굳혀 놓은 곳이다. + ""더구나 농촌 부락으로서는 어느 정도 자립할 수 있는 터전도 굳혀 놓은 게 사실이었다.""
4번: 온 씨는 마을 사람들과 함께 기존 생활양식을 바꾸려 하는 것이 아니라, 마을을 지켜내려는 것 같다. + ""전국 각처에서 찾아든 사람들이 이곳 독가촌에 정착하여 그럭저럭 안정을 얻을 만하게 된 이즈음 이곳이 외부의 자본에 의해 관광지로 돼 버린다면 도대체 이 사람들이 또 어느 곳으로 찾아들어 가 얼마만큼 방황을 해야 하는 말인가?""
5번: '독가촌'이 관광지로서의 좋은 조건을 갖추게 된 것은 마을 사람들이 노력한 결과가 아니라, 외부의 환경적인 요인 때문이다. + ""특히 독가촌은 오늘의 달라진 인문지리의 환경으로 따져 보았을 적에 고속도로와 접속이 되게 될 교통 요충지가 되었을 뿐 아니라 관광지로서의 좋은 조건을 모두 구비하고 있다는 것이었다.""
최종 정답: 1번","[16, 167, 110, 230, 25, 705, 167, 237, 227, 166, 108, 222, 168, 112, 234, 6, 35975, 222, 220, 166, 111, 254, 168, 228, 235, 167, 237, 226, 167, 94, 250, 168, 247, 222, 23821, 254, 239, 168, 228, 235, 35975, 112, 31619, 238, 246, 166, 110, 234, 31619, 238, 254, 220, 166, 113, 238, 169, 228, 113, 23821, 248, 242, 168, 114, 102, 168, 100, 222, 35975, 112, 168, 252, 238, 220, 166, 112, 222, 166, 112, 239, 168, 100, 222, 167, 94, 250, 168, 226, 250, 35975, 246, 23821, 95, 233, 35975, 222, 23821, 94, 108, 166, 109, 112, 35975, 226, 31619, 103, 101, 167, 239, 238, 220, 166, 113, 105, 167, 117, 226, 47991, 246, 166, 111, 254, 23821, 252, 230, 167, 232, 242, 220, 166, 111, 111, 168, 250, 120, 167, 94, 250, 11, 23821, 247, 116, 167, 114, 222, 35975, 246, 220, 166, 112, 222, 168, 233, 105, 35975, 226, 31619, 108, 249, 166, 110, 234, 31619, 238, 250, 220, 166, 111, 111, 35975, 112, 46695, 97, 13, 1343, 366, 169, 232, 117, 169, 252, 230, 31619, 237, 227, 166, 108, 222, 168, 112, 234, 35975, 222, 23821, 246, 97, 167, 232, 246, 35975, 246, 31619, 233, 105, 167, 251, 120, 168, 100, 226, 23821, 251, 116, 167, 105, 116, 168, 100, 222, 167, 99, 105, 35975, 246, 220, 169, 247, 246, 166, 110, 121, 168, 250, 120, 167, 94, 250, 31619, 242, 108, 168, 254, 116, 31619, 111, 112, 168, 243, 246, 35975, 226, 23821, 254, 223, 168, 245, 238, 220, 166, 111, 254, 168, 228, 235, 167, 237, 226, 167, 94, 250, 168, 247, 222, 23821, 254, 239, 168, 228, 235, 35975, 112, 31619, 238, 246, 166, 110, 234, 31619, 238, 254, 220, 166, 113, 238, 169, 228, 113, 23821, 248, 242, 168, 114, 102, 168, 100, 222, 166, 108, 222, 31619, 238, 246, 168, 245, 230, 35975, 226, 31619, 123, 238, 23821, 243, 226, 46695, 230, 167, 251, 120, 220, 166, 112, 222, 166, 112, 239, 168, 100, 222, 167, 94, 250, 168, 226, 250, 35975, 246, 23821, 95, 233, 35975, 222, 23821, 94, 108, 166, 109, 112, 35975, 226, 31619, 103, 101, 167, 239, 238, 220, 166, 113, 105, 167, 117, 226, 47991, 246, 166, 111, 254, 23821, 252, 230, 46695, 97, 167, 232, 242, 220, 166, 110, 225, 35975, 112, 168, 245, 230, 46695, 97, 526, 198, 17, 167, 110, 230, 25, 220, 169, 245, 230, 167, 103, 227, 167, 239, 238, 167, 232, 242, 23821, 100, 239, 167, 241, 97, 35975, 226, 23821, 8955, 167, 241, 97, 35975, 112, 166, 111, 254, 23821, 252, 230, 168, 100, 222, 167, 100, 234, 11, 220, 166, 115, 116, 166, 110, 225, 35975, 222, 23821, 100, 222, 167, 103, 102, 31619, 111, 222, 166, 110, 121, 168, 250, 120, 167, 94, 250, 220, 166, 116, 108, 167, 241, 251, 166, 114, 234, 35975, 226, 31619, 114, 222, 168, 245, 105, 167, 108, 249, 166, 116, 108, 23821, 250, 226, 47991, 250, 220, 166, 110, 225, 35975, 112, 168, 100, 222, 705, 167, 237, 227, 166, 108, 222, 168, 112, 234, 6, 23821, 252, 238, 168, 110, 112, 35975, 246, 220, 169, 232, 117, 168, 100, 243, 35975, 222, 23821, 243, 226, 46695, 230, 46695, 97, 13, 1343, 366, 169, 244, 231, 168, 254, 243, 31619, 233, 117, 166, 113, 255, 35975, 222, 23821, 100, 222, 167, 103, 102, 7, 28839, 108, 33566, 106, 8, 31619, 111, 222, 166, 110, 121, 35975, 222, 220, 47991, 112, 31619, 239, 238, 168, 245, 230, 168, 100, 222, 167, 100, 234, 23821, 226, 250, 167, 98, 246, 168, 225, 223, 168, 250, 120, 167, 94, 250, 167, 232, 242, 220, 166, 115, 116, 31619, 103, 101, 167, 241, 254, 220, 166, 108, 222, 168, 246, 98, 167, 241, 97, 35975, 112, 31619, 105, 112, 169, 245, 230, 166, 108, 222, 23821, 96, 120, 169, 225, 251, 35975, 112, 167, 224, 246, 31619, 233, 97, 167, 99, 226, 168, 245, 228, 168, 245, 230, 168, 250, 120, 167, 102, 108, 11, 31619, 242, 108, 167, 251, 120, 168, 226, 250, 23821, 100, 239, 167, 241, 97, 35975, 246, 31619, 100, 97, 167, 100, 97, 167, 232, 242, 220, 166, 114, 234, 167, 99, 105, 166, 116, 230, 168, 245, 238, 31619, 233, 97, 167, 99, 226, 35975, 112, 23821, 243, 226, 46695, 230, 168, 245, 230, 46695, 97, 13, 31619, 45539, 167, 94, 254, 31619, 114, 230, 47991, 246, 167, 98, 120, 31619, 224, 112, 166, 110, 234, 31619, 238, 254, 23821, 254, 223, 168, 245, 238, 167, 232, 242, 23821, 251, 112, 167, 107, 116, 23821, 100, 222, 168, 244, 112, 168, 100, 226, 23821, 100, 239, 23821, 252, 226, 168, 252, 238, 168, 245, 238, 166, 110, 234, 220, 166, 116, 108, 167, 241, 251, 166, 114, 234, 35975, 226, 31619, 114, 222, 168, 245, 105, 47991, 246, 166, 110, 234, 31619, 238, 254, 220, 169, 226, 108, 35975, 112, 168, 245, 230, 46695, 97, 526, 198, 18, 167, 110, 230, 25, 705, 167, 237, 227, 166, 108, 222, 168, 112, 234, 6, 35975, 222, 31619, 228, 235, 168, 112, 234, 31619, 114, 222, 167, 251, 121, 168, 250, 120, 167, 94, 250, 168, 226, 250, 23821, 244, 112, 167, 232, 238, 23821, 254, 243, 167, 237, 226, 23821, 252, 238, 167, 99, 121, 47991, 254, 23821, 230, 246, 23821, 252, 230, 167, 232, 242, 220, 169, 226, 108, 168, 254, 226, 35975, 226, 220, 166, 113, 111, 169, 246, 222, 31619, 228, 241, 35975, 222, 220, 166, 111, 111, 35975, 112, 46695, 97, 13, 1343, 366, 167, 235, 242, 166, 113, 105, 167, 224, 246, 31619, 228, 235, 168, 112, 234, 31619, 114, 222, 167, 251, 121, 168, 250, 120, 167, 94, 250, 168, 226, 250, 167, 232, 242, 23821, 244, 112, 167, 232, 238, 23821, 254, 243, 167, 237, 226, 23821, 252, 238, 167, 99, 121, 47991, 254, 23821, 230, 246, 23821, 252, 230, 167, 232, 242, 220, 169, 226, 108, 168, 254, 226, 167, 237, 226, 220, 166, 113, 111, 169, 246, 222, 31619, 228, 241, 35975, 222, 220, 166, 110, 234, 23821, 8955, 168, 233, 97, 35975, 112, 168, 245, 230, 46695, 97, 526, 198, 19, 167, 110, 230, 25, 23821, 246, 101, 23821, 242, 101, 167, 232, 242, 31619, 100, 230, 35975, 226, 23821, 8955, 167, 252, 234, 167, 241, 97, 166, 111, 120, 220, 47991, 101, 166, 119, 246, 220, 166, 116, 108, 168, 94, 112, 23821, 225, 251, 169, 247, 250, 168, 244, 239, 168, 233, 251, 35975, 226, 31619, 108, 242, 166, 122, 116, 167, 254, 97, 220, 47991, 246, 167, 232, 242, 220, 166, 110, 225, 35975, 112, 23821, 243, 226, 46695, 230, 167, 251, 120, 11, 31619, 100, 230, 35975, 226, 35975, 226, 23821, 100, 222, 168, 120, 250, 167, 224, 112, 167, 254, 97, 167, 232, 242, 220, 166, 110, 225, 220, 166, 108, 247, 46695, 97, 13, 1343, 366, 168, 254, 226, 166, 113, 255, 220, 166, 108, 223, 168, 110, 246, 168, 245, 238, 168, 226, 250, 23821, 108, 122, 168, 243, 226, 167, 241, 254, 23821, 8955, 167, 252, 234, 167, 241, 97, 35975, 112, 23821, 251, 112, 166, 111, 111, 31619, 237, 227, 166, 108, 222, 168, 112, 234, 168, 245, 238, 23821, 254, 243, 168, 108, 102, 47991, 246, 168, 245, 105, 220, 166, 115, 116, 167, 253, 255, 168, 254, 222, 167, 253, 255, 23821, 243, 230, 168, 254, 243, 35975, 226, 23821, 244, 119, 35975, 226, 31619, 100, 234, 47991, 246, 166, 110, 234, 31619, 238, 250, 23821, 251, 112, 168, 99, 230, 35975, 234, 23821, 251, 112, 166, 111, 111, 35975, 112, 23821, 247, 116, 167, 114, 222, 35975, 246, 23821, 252, 238, 167, 111, 116, 168, 245, 238, 23821, 251, 246, 47991, 112, 220, 166, 112, 222, 166, 112, 239, 168, 100, 222, 167, 94, 250, 31619, 237, 120, 31619, 110, 226, 167, 99, 108, 46695, 97, 167, 102, 112, 31619, 237, 226, 167, 234, 222, 168, 110, 112, 23821, 251, 112, 23821, 8955, 167, 252, 234, 167, 241, 97, 35975, 112, 31619, 246, 238, 23821, 244, 112, 167, 232, 238, 220, 166, 111, 111, 168, 250, 120, 167, 94, 250, 23821, 108, 122, 168, 243, 226, 167, 241, 97, 168, 244, 112, 220, 166, 108, 222, 23821, 244, 120, 167, 100, 230, 167, 100, 234, 169, 223, 120, 31619, 108, 102, 169, 247, 102, 35975, 226, 220, 47991, 112, 168, 243, 120, 220, 47991, 246, 167, 232, 242, 31619, 100, 238, 35975, 116, 166, 108, 222, 1701, 198, 20, 167, 110, 230, 25, 705, 167, 237, 227, 166, 108, 222, 168, 112, 234, 6, 35975, 112, 220, 166, 112, 222, 166, 112, 239, 168, 100, 222, 167, 94, 250, 168, 226, 250, 35975, 246, 23821, 95, 233, 35975, 222, 23821, 94, 108, 166, 109, 112, 35975, 226, 220, 166, 108, 244, 168, 114, 242, 166, 110, 234, 31619, 238, 250, 220, 166, 110, 225, 35975, 222, 31619, 100, 230, 35975, 226, 23821, 8955, 167, 252, 234, 167, 241, 97, 35975, 112, 31619, 227, 116, 167, 254, 98, 47991, 250, 220, 166, 110, 108, 166, 111, 120, 166, 108, 222, 23821, 243, 226, 46695, 230, 167, 251, 120, 11, 23821, 247, 116, 167, 114, 222, 35975, 246, 220, 169, 247, 246, 166, 110, 121, 168, 254, 223, 35975, 116, 23821, 248, 242, 35975, 116, 31619, 243, 234, 167, 105, 116, 35975, 112, 46695, 97, 13, 1343, 366, 169, 232, 117, 169, 252, 230, 31619, 237, 227, 166, 108, 222, 168, 112, 234, 35975, 222, 23821, 246, 97, 167, 232, 246, 35975, 246, 31619, 233, 105, 167, 251, 120, 168, 100, 226, 23821, 251, 116, 167, 105, 116, 168, 100, 222, 167, 99, 105, 35975, 246, 220, 169, 247, 246, 166, 110, 121, 168, 250, 120, 167, 94, 250, 31619, 242, 108, 168, 254, 116, 31619, 111, 112, 168, 243, 246, 35975, 226, 23821, 254, 223, 168, 245, 238, 220, 166, 111, 254, 168, 228, 235, 167, 237, 226, 167, 94, 250, 168, 247, 222, 23821, 254, 239, 168, 228, 235, 35975, 112, 31619, 238, 246, 166, 110, 234, 31619, 238, 254, 220, 166, 113, 238, 169, 228, 113, 23821, 248, 242, 168, 114, 102, 168, 100, 222, 166, 108, 222, 31619, 238, 246, 168, 245, 230, 35975, 226, 31619, 123, 238, 23821, 243, 226, 46695, 230, 167, 251, 120, 220, 166, 112, 222, 166, 112, 239, 168, 100, 222, 167, 94, 250, 168, 226, 250, 35975, 246, 23821, 95, 233, 35975, 222, 23821, 94, 108, 166, 109, 112, 35975, 226, 31619, 103, 101, 167, 239, 238, 220, 166, 113, 105, 167, 117, 226, 47991, 246, 166, 111, 254, 23821, 252, 230, 46695, 97, 167, 232, 242, 220, 166, 110, 225, 35975, 112, 168, 245, 230, 46695, 97, 526, 198, 168, 113, 250, 168, 95, 227, 23821, 254, 243, 46695, 113, 25, 352, 167, 110, 230]","[0.5, 0.5, 0.5, 0.5, 0.5, 0.5, 0.5, 0.5, 0.5, 0.5, 0.5, 0.5, 0.5, 0.5, 0.5, 0.5, 0.5, 0.5, 0.5, 0.5, 0.5, 0.5, 0.5, 0.5, 0.5, 0.5, 0.5, 0.5, 0.5, 0.5, 0.5, 0.5, 0.5, 0.5, 0.5, 0.5, 0.5, 0.5, 0.5, 0.5, 0.5, 0.5, 0.5, 0.5, 0.5, 0.5, 0.5, 0.5, 0.5, 0.5, 0.5, 0.5, 0.5, 0.5, 0.5, 0.5, 0.5, 0.5, 0.5, 0.5, 0.5, 0.5, 0.5, 0.5, 0.5, 0.5, 0.5, 0.5, 0.5, 0.5, 0.5, 0.5, 0.5, 0.5, 0.5, 0.5, 0.5, 0.5, 0.5, 0.5, 0.5, 0.5, 0.5, 0.5, 0.5, 0.5, 0.5, 0.5, 0.5, 0.5, 0.5, 0.5, 0.5, 0.5, 0.5, 0.5, 0.5, 0.5, 0.5, 0.5, 0.5, 0.5, 0.5, 0.5, 0.5, 0.5, 0.5, 0.5, 0.5, 0.5, 0.5, 0.5, 0.5, 0.5, 0.5, 0.5, 0.5, 0.5, 0.5, 0.5, 0.5, 0.5, 0.5, 0.5, 0.5, 0.5, 0.5, 0.5, 0.5, 0.5, 0.5, 0.5, 0.5, 0.5, 0.5, 0.5, 0.5, 0.5, 0.5, 0.5, 0.5, 0.5, 0.5, 0.5, 0.5, 0.5, 0.5, 0.5, 0.5, 0.5, 0.5, 0.5, 0.5, 0.5, 0.5, 0.5, 0.5, 0.5, 0.5, 0.5, 0.5, 0.5, 0.5, 0.5, 0.5, 0.5, 0.5, 0.5, 0.5, 0.5, 0.5, 0.5, 0.5, 0.5, 0.5, 0.5, 0.5, 0.5, 0.5, 0.5, 0.5, 0.5, 0.5, 0.5, 0.5, 0.5, 0.5, 0.5, 0.5, 0.5, 0.5, 0.5, 0.5, 0.5, 0.5, 0.5, 0.5, 0.5, 0.5, 0.5, 0.5, 0.5, 0.5, 0.5, 0.5, 0.5, 0.5, 0.5, 0.5, 0.5, 0.5, 0.5, 0.5, 0.5, 0.5, 0.5, 0.5, 0.5, 0.5, 0.5, 0.5, 0.5, 0.5, 0.5, 0.5, 0.5, 0.5, 0.5, 0.5, 0.5, 0.5, 0.5, 0.5, 0.5, 0.5, 0.5, 0.5, 0.5, 0.5, 0.5, 0.5, 0.5, 0.5, 0.5, 0.5, 0.5, 0.5, 0.5, 0.5, 0.5, 0.5, 0.5, 0.5, 0.5, 0.5, 0.5, 0.5, 0.5, 0.5, 0.5, 0.5, 0.5, 0.5, 0.5, 0.5, 0.5, 0.5, 0.5, 0.5, 0.5, 0.5, 0.5, 0.5, 0.5, 0.5, 0.5, 0.5, 0.5, 0.5, 0.5, 0.5, 0.5, 0.5, 0.5, 0.5, 0.5, 0.5, 0.5, 0.5, 0.5, 0.5, 0.5, 0.5, 0.5, 0.5, 0.5, 0.5, 0.5, 0.5, 0.5, 0.5, 0.5, 0.5, 0.5, 0.5, 0.5, 0.5, 0.5, 0.5, 0.5, 0.5, 0.5, 0.5, 0.5, 0.5, 0.5, 0.5, 0.5, 0.5, 0.5, 0.5, 0.5, 0.5, 0.5, 0.5, 0.5, 0.5, 0.5, 0.5, 0.5, 0.5, 0.5, 0.5, 0.5, 0.5, 0.5, 0.5, 0.5, 0.5, 0.5, 0.5, 0.5, 0.5, 0.5, 0.5, 0.5, 0.5, 0.5, 0.5, 0.5, 0.5, 0.5, 0.5, 0.5, 0.5, 0.5, 0.5, 0.5, 0.5, 0.5, 0.5, 0.5, 0.5, 0.5, 0.5, 0.5, 0.5, 0.5, 0.5, 0.5, 0.5, 0.5, 0.5, 0.5, 0.5, 0.5, 0.5, 0.5, 0.5, 0.5, 0.5, 0.5, 0.5, 0.5, 0.5, 0.5, 0.5, 0.5, 0.5, 0.5, 0.5, 0.5, 0.5, 0.5, 0.5, 0.5, 0.5, 0.5, 0.5, 0.5, 0.5, 0.5, 0.5, 0.5, 0.5, 0.5, 0.5, 0.5, 0.5, 0.5, 0.5, 0.5, 0.5, 0.5, 0.5, 0.5, 0.5, 0.5, 0.5, 0.5, 0.5, 0.5, 0.5, 0.5, 0.5, 0.5, 0.5, 0.5, 0.5, 0.5, 0.5, 0.5, 0.5, 0.5, 0.5, 0.5, 0.5, 0.5, 0.5, 0.5, 0.5, 0.5, 0.5, 0.5, 0.5, 0.5, 0.5, 0.5, 0.5, 0.5, 0.5, 0.5, 0.5, 0.5, 0.5, 0.5, 0.5, 0.5, 0.5, 0.5, 0.5, 0.5, 0.5, 0.5, 0.5, 0.5, 0.5, 0.5, 0.5, 0.5, 0.5, 0.5, 0.5, 0.5, 0.5, 0.5, 0.5, 0.5, 0.5, 0.5, 0.5, 0.5, 0.5, 0.5, 0.5, 0.5, 0.5, 0.5, 0.5, 0.5, 0.5, 0.5, 0.5, 0.5, 0.5, 0.5, 0.5, 0.5, 0.5, 0.5, 0.5, 0.5, 0.5, 0.5, 0.5, 0.5, 0.5, 0.5, 0.5, 0.5, 0.5, 0.5, 0.5, 0.5, 0.5, 0.5, 0.5, 0.5, 0.5, 0.5, 0.5, 0.5, 0.5, 0.5, 0.5, 0.5, 0.5, 0.5, 0.5, 0.5, 0.5, 0.5, 0.5, 0.5, 0.5, 0.5, 0.5, 0.5, 0.5, 0.5, 0.5, 0.5, 0.5, 0.5, 0.5, 0.5, 0.5, 0.5, 0.5, 0.5, 0.5, 0.5, 0.5, 0.5, 0.5, 0.5, 0.5, 0.5, 0.5, 0.5, 0.5, 0.5, 0.5, 0.5, 0.5, 0.5, 0.5, 0.5, 0.5, 0.5, 0.5, 0.5, 0.5, 0.5, 0.5, 0.5, 0.5, 0.5, 0.5, 0.5, 0.5, 0.5, 0.5, 0.5, 0.5, 0.5, 0.5, 0.5, 0.5, 0.5, 0.5, 0.5, 0.5, 0.5, 0.5, 0.5, 0.5, 0.5, 0.5, 0.5, 0.5, 0.5, 0.5, 0.5, 0.5, 0.5, 0.5, 0.5, 0.5, 0.5, 0.5, 0.5, 0.5, 0.5, 0.5, 0.5, 0.5, 0.5, 0.5, 0.5, 0.5, 0.5, 0.5, 0.5, 0.5, 0.5, 0.5, 0.5, 0.5, 0.5, 0.5, 0.5, 0.5, 0.5, 0.5, 0.5, 0.5, 0.5, 0.5, 0.5, 0.5, 0.5, 0.5, 0.5, 0.5, 0.5, 0.5, 0.5, 0.5, 0.5, 0.5, 0.5, 0.5, 0.5, 0.5, 0.5, 0.5, 0.5, 0.5, 0.5, 0.5, 0.5, 0.5, 0.5, 0.5, 0.5, 0.5, 0.5, 0.5, 0.5, 0.5, 0.5, 0.5, 0.5, 0.5, 0.5, 0.5, 0.5, 0.5, 0.5, 0.5, 0.5, 0.5, 0.5, 0.5, 0.5, 0.5, 0.5, 0.5, 0.5, 0.5, 0.5, 0.5, 0.5, 0.5, 0.5, 0.5, 0.5, 0.5, 0.5, 0.5, 0.5, 0.5, 0.5, 0.5, 0.5, 0.5, 0.5, 0.5, 0.5, 0.5, 0.5, 0.5, 0.5, 0.5, 0.5, 0.5, 0.5, 0.5, 0.5, 0.5, 0.5, 0.5, 0.5, 0.5, 0.5, 0.5, 0.5, 0.5, 0.5, 0.5, 0.5, 0.5, 0.5, 0.5, 0.5, 0.5, 0.5, 0.5, 0.5, 0.5, 0.5, 0.5, 0.5, 0.5, 0.5, 0.5, 0.5, 0.5, 0.5, 0.5, 0.5, 0.5, 0.5, 0.5, 0.5, 0.5, 0.5, 0.5, 0.5, 0.5, 0.5, 0.5, 0.5, 0.5, 0.5, 0.5, 0.5, 0.5, 0.5, 0.5, 0.5, 0.5, 0.5, 0.5, 0.5, 0.5, 0.5, 0.5, 0.5, 0.5, 0.5, 0.5, 0.5, 0.5, 0.5, 0.5, 0.5, 0.5, 0.5, 0.5, 0.5, 0.5, 0.5, 0.5, 0.5, 0.5, 0.5, 0.5, 0.5, 0.5, 0.5, 0.5, 0.5, 0.5, 0.5, 0.5, 0.5, 0.5, 0.5, 0.5, 0.5, 0.5, 0.5, 0.5, 0.5, 0.5, 0.5, 0.5, 0.5, 0.5, 0.5, 0.5, 0.5, 0.5, 0.5, 0.5, 0.5, 0.5, 0.5, 0.5, 0.5, 0.5, 0.5, 0.5, 0.5, 0.5, 0.5, 0.5, 0.5, 0.5, 0.5, 0.5, 0.5, 0.5, 0.5, 0.5, 0.5, 0.5, 0.5, 0.5, 0.5, 0.5, 0.5, 0.5, 0.5, 0.5, 0.5, 0.5, 0.5, 0.5, 0.5, 0.5, 0.5, 0.5, 0.5, 0.5, 0.5, 0.5, 0.5, 0.5, 0.5, 0.5, 0.5, 0.5, 0.5, 0.5, 0.5, 0.5, 0.5, 0.5, 0.5, 0.5, 0.5, 0.5, 0.5, 0.5, 0.5, 0.5, 0.5, 0.5, 0.5, 0.5, 0.5, 0.5, 0.5, 0.5, 0.5, 0.5, 0.5, 0.5, 0.5, 0.5, 0.5, 0.5, 0.5, 0.5, 0.5, 0.5, 0.5, 0.5, 0.5, 0.5, 0.5, 0.5, 0.5, 0.5, 0.5, 0.5, 0.5, 0.5, 0.5, 0.5, 0.5, 0.5, 0.5, 0.5, 0.5, 0.5, 0.5, 0.5, 0.5, 0.5, 0.5, 0.5, 0.5, 0.5, 0.5, 0.5, 0.5, 0.5, 0.5, 0.5, 0.5, 0.5, 0.5, 0.5, 0.5, 0.5, 0.5, 0.5, 0.5, 0.5, 0.5, 0.5, 0.5, 0.5, 0.5, 0.5, 0.5, 0.5, 0.5, 0.5, 0.5, 0.5, 0.5, 0.5, 0.5, 0.5, 0.5, 0.5, 0.5, 0.5, 0.5, 0.5, 0.5, 0.5, 0.5, 0.5, 0.5, 0.5, 0.5, 0.5, 0.5, 0.5, 0.5, 0.5, 0.5, 0.5, 0.5, 0.5, 0.5, 0.5, 0.5, 0.5, 0.5, 0.5, 0.5, 0.5, 0.5, 0.5, 0.5, 0.5, 0.5, 0.5, 0.5, 0.5, 0.5, 0.5, 0.5, 0.5, 0.5, 0.5, 0.5, 0.5, 0.5, 0.5, 0.5, 0.5, 0.5, 0.5, 0.5, 0.5, 0.5, 0.5, 0.5, 0.5, 0.5, 0.5, 0.5, 0.5, 0.5, 0.5, 0.5, 0.5, 0.5, 0.5, 0.5, 0.5, 0.5, 0.5, 0.5, 0.5, 0.5, 0.5, 0.5, 0.5, 0.5, 0.5, 0.5, 0.5, 0.5, 0.5, 0.5, 0.5, 0.5, 0.5, 0.5, 0.5, 0.5, 0.5, 0.5, 0.5, 0.5, 0.5, 0.5, 0.5, 0.5, 0.5, 0.5, 0.5, 0.5, 0.5, 0.5, 0.5, 0.5, 0.5, 0.5, 0.5, 0.5, 0.5, 0.5, 0.5, 0.5, 0.5, 0.5, 0.5, 0.5, 0.5, 0.5, 0.5, 0.5, 0.5, 0.5, 0.5, 0.5, 0.5, 0.5, 0.5, 0.5, 0.5, 0.5, 0.5, 0.5, 0.5, 0.5, 0.5, 0.5, 0.5, 0.5, 0.5, 0.5, 0.5, 0.5, 0.5, 0.5, 0.5, 0.5, 0.5, 0.5, 0.5, 0.5, 0.5, 0.5, 0.5, 0.5, 0.5, 0.5, 0.5, 0.5, 0.5, 0.5, 0.5, 0.5, 0.5, 0.5, 0.5, 0.5, 0.5, 0.5, 0.5, 0.5, 0.5, 0.5, 0.5, 0.5, 0.5, 0.5, 0.5, 0.5, 0.5, 0.5, 0.5, 0.5, 0.5, 0.5, 0.5, 0.5, 0.5, 0.5, 0.5, 0.5, 0.5, 0.5, 0.5, 0.5, 0.5, 0.5, 0.5, 0.5, 0.5, 0.5, 0.5, 0.5, 0.5, 0.5, 0.5, 0.5, 0.5, 0.5, 0.5, 0.5, 0.5, 0.5, 0.5, 0.5, 0.5, 0.5, 0.5, 0.5, 0.5, 0.5, 0.5, 0.5, 0.5, 0.5, 0.5, 0.5, 0.5, 0.5, 0.5, 0.5, 0.5, 0.5, 0.5, 0.5, 0.5, 0.5, 0.5, 0.5, 0.5, 0.5, 0.5, 0.5, 0.5, 0.5, 0.5, 0.5, 0.5, 0.5, 0.5, 0.5, 0.5, 0.5, 0.5, 0.5, 0.5, 0.5, 0.5, 0.5, 0.5, 0.5, 0.5, 0.5, 0.5, 0.5, 0.5, 0.5, 0.5, 0.5, 0.5, 0.5, 0.5, 0.5, 0.5, 0.5, 0.5, 0.5, 0.5, 0.5, 0.5, 0.5, 0.5, 0.5, 0.5, 0.5, 0.5, 0.5, 0.5, 0.5, 0.5, 0.5, 0.5, 0.5, 0.5, 0.5, 0.5, 0.5, 0.5, 0.5, 0.5, 0.5, 0.5, 0.5, 0.5, 0.5, 0.5, 0.5, 0.5, 0.5, 0.5, 0.5, 0.5, 0.5, 0.5, 0.5, 0.5, 0.5, 0.5, 0.5, 0.5, 0.5, 0.5, 0.5, 0.5, 0.5, 0.5, 0.5, 0.5, 0.5, 0.5, 0.5, 0.5, 0.5, 0.5, 0.5, 0.5, 0.5, 0.5, 0.5, 0.5, 0.5, 0.5, 0.5, 0.5, 0.5, 0.5, 0.5, 0.5, 0.5, 0.5, 0.5, 0.5, 0.5, 0.5, 0.5, 0.5, 0.5, 0.5, 0.5, 0.5, 0.5, 0.5, 0.5, 0.5, 0.5, 0.5, 0.5, 0.5, 0.5, 0.5, 0.5, 0.5, 0.5, 0.5, 0.5, 0.5, 0.5, 0.5, 0.5, 0.5, 0.5, 0.5, 0.5, 0.5, 0.5, 0.5, 0.5, 0.5, 0.5, 0.5, 0.5, 0.5, 0.5, 0.5, 0.5, 0.5, 0.5, 0.5, 0.5, 0.5, 0.5, 0.5, 0.5, 0.5, 0.5, 0.5, 0.5, 0.5, 0.5, 0.5, 0.5, 0.5, 0.5, 0.5, 0.5, 0.5, 0.5, 0.5, 0.5, 0.5, 0.5, 0.5, 0.5, 0.5, 0.5, 0.5, 0.5, 0.5, 0.5, 0.5, 0.5, 0.5, 0.5, 0.5, 0.5, 0.5, 0.5, 0.5, 0.5, 0.5, 0.5, 0.5, 0.5, 0.5, 0.5, 0.5, 0.5, 0.5, 0.5, 0.5, 0.5, 0.5, 0.5, 0.5, 0.5, 0.5, 0.5, 0.5, 0.5, 0.5, 0.5, 0.5, 0.5, 0.5, 0.5, 0.5, 0.5, 0.5, 0.5, 0.5, 0.5, 0.5, 0.5, 0.5, 0.5, 0.5, 0.5, 0.5, 0.5, 0.5, 0.5, 0.5, 0.5, 0.5, 0.5, 0.5, 0.5, 0.5, 0.5, 0.5, 0.5, 0.5, 0.5, 0.5, 0.5, 0.5, 0.5, 0.5, 0.5, 0.5, 0.5, 0.5, 0.5, 0.5, 0.5, 0.5, 0.5, 0.5, 0.5, 0.5, 0.5, 0.5, 0.5, 0.5, 0.5, 0.5, 0.5, 0.5, 0.5, 0.5, 0.5, 0.5, 0.5, 0.5, 0.5, 0.5, 0.5, 0.5, 0.5, 0.5, 0.5, 0.5, 0.5, 0.5, 0.5, 0.5, 0.5, 0.5, 0.5, 0.5, 0.5, 0.5, 0.5, 0.5, 0.5, 0.5, 0.5, 0.5, 0.5, 0.5, 0.5, 0.5, 0.5, 0.5, 0.5, 0.5, 0.5, 0.5, 0.5, 0.5, 0.5, 0.5, 0.5, 0.5, 0.5, 0.5, 0.5, 0.5, 0.5, 0.5, 0.5, 0.5, 0.5, 0.5, 0.5, 0.5, 0.5, 0.5, 0.5, 0.5, 0.5, 0.5, 0.5, 0.5, 0.5, 0.5, 0.5, 0.5, 0.5, 0.5, 0.5, 0.5, 0.5, 0.5, 0.5, 0.5, 0.5, 0.5, 0.5, 0.5, 0.5, 0.5, 0.5, 0.5, 0.5, 0.5, 0.5, 0.5, 0.5, 0.5, 0.5, 0.5, 0.5, 0.5, 0.5, 0.5, 0.5, 0.5, 0.5, 0.5, 0.5, 0.5, 0.5, 0.5, 0.5, 0.5, 0.5, 0.5, 0.5, 0.5, 0.5, 0.5, 0.5, 0.5, 0.5, 0.5, 0.5, 0.5, 0.5, 0.5, 0.5, 0.5, 0.5, 0.5, 0.5, 0.5, 0.5, 0.5, 0.5, 0.5, 0.5, 0.5, 0.5, 0.5, 0.5, 0.5, 0.5, 0.5, 0.5, 0.5, 0.5, 0.5, 0.5, 0.5, 0.5, 0.5, 0.5, 0.5, 0.5, 0.5, 0.5, 0.5, 0.5, 0.5, 0.5, 0.5, 0.5, 0.5, 0.5, 0.5, 0.5, 0.5, 0.5, 0.5, 0.5, 0.5, 0.5, 0.5, 0.5, 0.5, 0.5, 0.5, 0.5, 0.5, 0.5, 0.5, 0.5, 0.5, 0.5, 0.5, 0.5, 0.5, 0.5, 0.5, 0.5, 0.5, 0.5, 0.5, 0.5, 0.5, 0.5, 0.5, 0.5, 0.5, 0.5, 0.5, 0.5, 0.5, 0.5, 0.5, 0.5, 0.5, 0.5, 0.5, 0.5, 0.5, 0.5, 0.5, 0.5, 0.5, 0.5, 0.5, 0.5, 0.5, 0.5, 0.5, 0.5, 0.5, 0.5, 0.5, 0.5, 0.5, 0.5, 0.5, 0.5, 0.5, 0.5, 0.5, 0.5, 0.5, 0.5, 0.5, 0.5, 0.5, 0.5, 0.5, 0.5, 0.5, 0.5, 0.5, 0.5, 0.5, 0.5, 0.5, 0.5, 0.5, 0.5, 0.5, 0.5, 0.5, 0.5, 0.5, 0.5, 0.5, 0.5, 0.5, 0.5, 0.5, 0.5, 0.5, 0.5, 0.5, 0.5, 0.5, 0.5, 0.5, 0.5, 0.5, 0.5, 0.5, 0.5, 0.5, 0.5, 0.5, 0.5, 0.5, 0.5, 0.5, 0.5, 0.5, 0.5, 0.5, 0.5, 0.5, 0.5, 0.5, 0.5, 0.5, 0.5, 0.5, 0.5, 0.5, 0.5, 0.5, 0.5, 0.5, 0.5, 0.5, 0.5, 0.5, 0.5, 0.5, 0.5, 0.5, 0.5, 0.5, 0.5, 0.5, 0.5, 0.5, 0.5, 0.5, 0.5, 0.5, 0.5, 0.5, 0.5, 0.5, 0.5]",2
2026_11_KICE_27-30_3,['3(3)'],"1번: ㉠에서 인물은 상대와의 인식 차이가 좁힐 수 없는 것임을 드러내어, 상대와 소통이 어렵다는 인물의 생각이 타당한 것처럼 서술하였다. 그러나 지문에서 ""이 세상에서 서로 말이 통하지 않는 두 종류의 인간군들이 사는가 보았다""라는 문장이 인물의 생각을 일반화하여 서술한 것으로 보인다. ""(이 세상에서 서로 말이 통하지 않는 두 종류의 인간군들이 사는가 보았다)""
2번: ㉡에서 마을의 상황을 ‘싸움’으로 주관화함으로써 상대가 추구하는 ‘사리의 옳음’이 싸움에서 이기는 데에 유용하지 않음을 드러내어, 인물의 생각이 타당한 것처럼 서술하였다. 지문에서 ""그러나 그렇기는 하지만 명분이나 사리의 옳음이란 것이 싸움에 무슨 필요가 있단 말인가""라는 문장이 이를 뒷받침한다. ""(그러나 그렇기는 하지만 명분이나 사리의 옳음이란 것이 싸움에 무슨 필요가 있단 말인가)""
3번: ㉢에서 상황 변화가 ‘안정’을 위협한다는 상대의 생각을 헤아림으로써 변화의 부정성을 인정하면서도 무엇이 변화의 원인인지는 달리 보아, 인물의 왜곡된 시선이 드러나도록 서술하였다. 지문에서 ""전국 각처에서 찾아든 사람들이 이곳 독가촌에 정착하여 그럭저럭 안정을 얻을 만하게 된 이즈음 이곳이 외부의 자본에 의해 관광지로 돼 버린다면 도대체 이 사람들이 또 어느 곳으로 찾아들어 가 얼마만큼 방황을 해야 한다는 말인가""라는 문장이 이를 뒷받침한다. ""(전국 각처에서 찾아든 사람들이 이곳 독가촌에 정착하여 그럭저럭 안정을 얻을 만하게 된 이즈음 이곳이 외부의 자본에 의해 관광지로 돼 버린다면 도대체 이 사람들이 또 어느 곳으로 찾아들어 가 얼마만큼 방황을 해야 한다는 말인가)""
4번: ㉣에서 ‘실리’를 추구한 측이 언제나 우위를 차지했다며 과거의 경험을 일반화함으로써 현재 상황에서도 실리가 우선되어야 한다고 합리화하여, 인물의 생각이 타당한 것처럼 서술하였다. 지문에서 ""명분보다는 실리를 추구해 오는 측이 항상 이겨 오고 있었던 게 아닌가""라는 문장이 이를 뒷받침한다. ""(명분보다는 실리를 추구해 오는 측이 항상 이겨 오고 있었던 게 아닌가)""
5번: ㉤에서 ‘그것’이 지나가고 있음에도 ‘아직’은 유효하다고 주관화함으로써 현실의 변화를 인식하면서도 기존의 선택을 고수하여, 인물의 자기중심적 태도가 드러나도록 서술하였다. 지문에서 ""문제는 그것이 아직까지는 완전히 지나간 게 아니라는 데 있었다""라는 문장이 이를 뒷받침한다. ""(문제는 그것이 아직까지는 완전히 지나간 게 아니라는 데 있었다)""
최종 정답: 3번","[16, 167, 110, 230, 25, 220, 159, 231, 254, 168, 245, 238, 168, 226, 250, 23821, 251, 116, 167, 45539, 35975, 222, 23821, 225, 223, 167, 234, 222, 168, 247, 222, 35975, 246, 23821, 251, 116, 168, 233, 251, 23821, 108, 101, 35975, 112, 166, 108, 222, 23821, 95, 223, 169, 252, 238, 23821, 230, 246, 23821, 245, 228, 167, 232, 242, 220, 166, 110, 225, 168, 252, 226, 35975, 226, 31619, 241, 250, 167, 253, 105, 167, 224, 112, 168, 244, 112, 11, 23821, 225, 223, 167, 234, 222, 168, 247, 222, 23821, 228, 234, 169, 228, 113, 35975, 112, 23821, 244, 112, 167, 254, 113, 46695, 97, 167, 232, 242, 23821, 251, 116, 167, 45539, 35975, 246, 23821, 225, 251, 166, 108, 223, 35975, 112, 220, 169, 225, 222, 46695, 117, 47991, 250, 220, 166, 110, 225, 168, 110, 246, 167, 253, 120, 23821, 226, 250, 168, 230, 254, 47991, 246, 168, 246, 222, 46695, 97, 13, 220, 166, 115, 116, 167, 253, 105, 167, 224, 246, 23821, 100, 222, 167, 105, 116, 168, 245, 238, 168, 226, 250, 366, 35975, 112, 23821, 226, 116, 168, 225, 223, 168, 245, 238, 168, 226, 250, 23821, 226, 250, 167, 94, 250, 31619, 100, 238, 35975, 112, 220, 169, 228, 113, 47991, 246, 168, 100, 222, 23821, 243, 232, 167, 232, 242, 31619, 239, 238, 23821, 95, 227, 167, 98, 246, 35975, 246, 23821, 251, 116, 166, 108, 226, 166, 113, 108, 167, 241, 97, 35975, 112, 23821, 8955, 167, 232, 242, 166, 108, 222, 31619, 111, 112, 168, 243, 246, 46695, 97, 1, 167, 251, 120, 167, 232, 242, 31619, 105, 116, 168, 252, 98, 35975, 112, 23821, 251, 116, 167, 45539, 35975, 246, 23821, 225, 251, 166, 108, 223, 35975, 226, 23821, 251, 120, 167, 108, 246, 169, 247, 242, 47991, 246, 168, 245, 105, 23821, 226, 250, 168, 230, 254, 47991, 250, 220, 166, 110, 225, 168, 250, 120, 167, 94, 250, 31619, 111, 112, 35975, 116, 46695, 97, 13, 30629, 35975, 112, 23821, 226, 116, 168, 225, 223, 168, 245, 238, 168, 226, 250, 23821, 226, 250, 167, 94, 250, 31619, 100, 238, 35975, 112, 220, 169, 228, 113, 47991, 246, 168, 100, 222, 23821, 243, 232, 167, 232, 242, 31619, 239, 238, 23821, 95, 227, 167, 98, 246, 35975, 246, 23821, 251, 116, 166, 108, 226, 166, 113, 108, 167, 241, 97, 35975, 112, 23821, 8955, 167, 232, 242, 166, 108, 222, 31619, 111, 112, 168, 243, 246, 46695, 97, 16725, 198, 17, 167, 110, 230, 25, 220, 159, 231, 94, 168, 245, 238, 168, 226, 250, 31619, 100, 230, 35975, 226, 35975, 246, 23821, 225, 223, 169, 247, 102, 35975, 226, 564, 246, 168, 233, 116, 168, 249, 222, 447, 247, 168, 250, 120, 167, 94, 250, 23821, 96, 120, 166, 112, 222, 169, 247, 242, 47991, 101, 168, 250, 120, 167, 94, 250, 168, 235, 101, 23821, 225, 223, 167, 234, 222, 166, 108, 222, 23821, 114, 242, 166, 113, 105, 47991, 246, 167, 232, 242, 564, 246, 168, 8955, 167, 99, 105, 35975, 246, 23821, 246, 111, 35975, 234, 447, 247, 35975, 112, 23821, 233, 116, 168, 249, 222, 168, 245, 238, 168, 226, 250, 23821, 251, 112, 166, 116, 108, 167, 232, 242, 31619, 235, 108, 168, 245, 238, 23821, 250, 254, 168, 248, 102, 47991, 246, 168, 100, 222, 23821, 243, 232, 35975, 234, 35975, 226, 31619, 241, 250, 167, 253, 105, 167, 224, 112, 168, 244, 112, 11, 23821, 251, 116, 167, 45539, 35975, 246, 23821, 225, 251, 166, 108, 223, 35975, 112, 220, 169, 225, 222, 46695, 117, 47991, 250, 220, 166, 110, 225, 168, 110, 246, 167, 253, 120, 23821, 226, 250, 168, 230, 254, 47991, 246, 168, 246, 222, 46695, 97, 13, 23821, 100, 222, 167, 105, 116, 168, 245, 238, 168, 226, 250, 366, 166, 115, 116, 167, 253, 105, 167, 224, 246, 220, 166, 115, 116, 167, 254, 229, 166, 116, 108, 167, 232, 242, 220, 47991, 246, 168, 100, 222, 167, 100, 234, 31619, 103, 227, 167, 114, 226, 35975, 112, 167, 224, 246, 23821, 8955, 167, 99, 105, 35975, 246, 23821, 246, 111, 35975, 234, 35975, 112, 167, 252, 222, 220, 166, 110, 225, 35975, 112, 23821, 233, 116, 168, 249, 222, 168, 245, 238, 31619, 105, 112, 168, 232, 101, 220, 47991, 226, 168, 248, 242, 166, 108, 222, 23821, 252, 230, 46695, 101, 31619, 100, 238, 35975, 116, 166, 108, 222, 1, 167, 251, 120, 167, 232, 242, 31619, 105, 116, 168, 252, 98, 35975, 112, 23821, 251, 112, 167, 98, 120, 31619, 240, 115, 167, 108, 249, 168, 117, 101, 47991, 250, 46695, 97, 13, 30629, 166, 115, 116, 167, 253, 105, 167, 224, 246, 220, 166, 115, 116, 167, 254, 229, 166, 116, 108, 167, 232, 242, 220, 47991, 246, 168, 100, 222, 167, 100, 234, 31619, 103, 227, 167, 114, 226, 35975, 112, 167, 224, 246, 23821, 8955, 167, 99, 105, 35975, 246, 23821, 246, 111, 35975, 234, 35975, 112, 167, 252, 222, 220, 166, 110, 225, 35975, 112, 23821, 233, 116, 168, 249, 222, 168, 245, 238, 31619, 105, 112, 168, 232, 101, 220, 47991, 226, 168, 248, 242, 166, 108, 222, 23821, 252, 230, 46695, 101, 31619, 100, 238, 35975, 116, 166, 108, 222, 16725, 198, 18, 167, 110, 230, 25, 220, 159, 231, 95, 168, 245, 238, 168, 226, 250, 23821, 225, 223, 169, 247, 102, 31619, 111, 222, 169, 247, 242, 166, 108, 222, 564, 246, 168, 243, 230, 168, 254, 243, 447, 247, 35975, 226, 23821, 250, 226, 169, 246, 239, 47991, 250, 46695, 97, 167, 232, 242, 23821, 225, 223, 167, 234, 222, 35975, 246, 23821, 225, 251, 166, 108, 223, 35975, 226, 220, 169, 245, 97, 168, 243, 226, 167, 99, 120, 168, 250, 120, 167, 94, 250, 168, 235, 101, 31619, 111, 222, 169, 247, 242, 35975, 246, 31619, 114, 222, 168, 254, 243, 168, 226, 109, 35975, 226, 23821, 251, 116, 168, 254, 243, 47991, 246, 167, 102, 112, 168, 226, 250, 167, 237, 226, 31619, 105, 112, 168, 245, 229, 35975, 112, 31619, 111, 222, 169, 247, 242, 35975, 246, 23821, 249, 238, 35975, 116, 35975, 116, 168, 100, 222, 167, 232, 242, 31619, 233, 105, 167, 99, 105, 31619, 111, 112, 168, 243, 226, 11, 23821, 251, 116, 167, 45539, 35975, 246, 23821, 247, 250, 166, 111, 94, 167, 238, 250, 23821, 233, 250, 168, 226, 254, 35975, 112, 31619, 241, 250, 167, 253, 105, 167, 224, 246, 167, 237, 226, 167, 94, 251, 23821, 226, 250, 168, 230, 254, 47991, 246, 168, 246, 222, 46695, 97, 13, 23821, 100, 222, 167, 105, 116, 168, 245, 238, 168, 226, 250, 366, 168, 254, 226, 166, 113, 255, 220, 166, 108, 223, 168, 110, 246, 168, 245, 238, 168, 226, 250, 23821, 108, 122, 168, 243, 226, 167, 241, 254, 23821, 8955, 167, 252, 234, 167, 241, 97, 35975, 112, 23821, 251, 112, 166, 111, 111, 31619, 237, 227, 166, 108, 222, 168, 112, 234, 168, 245, 238, 23821, 254, 243, 168, 108, 102, 47991, 246, 168, 245, 105, 220, 166, 115, 116, 167, 253, 255, 168, 254, 222, 167, 253, 255, 23821, 243, 230, 168, 254, 243, 35975, 226, 23821, 244, 119, 35975, 226, 31619, 100, 234, 47991, 246, 166, 110, 234, 31619, 238, 250, 23821, 251, 112, 168, 99, 230, 35975, 234, 23821, 251, 112, 166, 111, 111, 35975, 112, 23821, 247, 116, 167, 114, 222, 35975, 246, 23821, 252, 238, 167, 111, 116, 168, 245, 238, 23821, 251, 246, 47991, 112, 220, 166, 112, 222, 166, 112, 239, 168, 100, 222, 167, 94, 250, 31619, 237, 120, 31619, 110, 226, 167, 99, 108, 46695, 97, 167, 102, 112, 31619, 237, 226, 167, 234, 222, 168, 110, 112, 23821, 251, 112, 23821, 8955, 167, 252, 234, 167, 241, 97, 35975, 112, 31619, 246, 238, 23821, 244, 112, 167, 232, 238, 220, 166, 111, 111, 168, 250, 120, 167, 94, 250, 23821, 108, 122, 168, 243, 226, 167, 241, 97, 168, 244, 112, 220, 166, 108, 222, 23821, 244, 120, 167, 100, 230, 167, 100, 234, 169, 223, 120, 31619, 108, 102, 169, 247, 102, 35975, 226, 220, 47991, 112, 168, 243, 120, 220, 47991, 250, 46695, 97, 167, 232, 242, 31619, 100, 238, 35975, 116, 166, 108, 222, 1, 167, 251, 120, 167, 232, 242, 31619, 105, 116, 168, 252, 98, 35975, 112, 23821, 251, 112, 167, 98, 120, 31619, 240, 115, 167, 108, 249, 168, 117, 101, 47991, 250, 46695, 97, 13, 30629, 168, 254, 226, 166, 113, 255, 220, 166, 108, 223, 168, 110, 246, 168, 245, 238, 168, 226, 250, 23821, 108, 122, 168, 243, 226, 167, 241, 254, 23821, 8955, 167, 252, 234, 167, 241, 97, 35975, 112, 23821, 251, 112, 166, 111, 111, 31619, 237, 227, 166, 108, 222, 168, 112, 234, 168, 245, 238, 23821, 254, 243, 168, 108, 102, 47991, 246, 168, 245, 105, 220, 166, 115, 116, 167, 253, 255, 168, 254, 222, 167, 253, 255, 23821, 243, 230, 168, 254, 243, 35975, 226, 23821, 244, 119, 35975, 226, 31619, 100, 234, 47991, 246, 166, 110, 234, 31619, 238, 250, 23821, 251, 112, 168, 99, 230, 35975, 234, 23821, 251, 112, 166, 111, 111, 35975, 112, 23821, 247, 116, 167, 114, 222, 35975, 246, 23821, 252, 238, 167, 111, 116, 168, 245, 238, 23821, 251, 246, 47991, 112, 220, 166, 112, 222, 166, 112, 239, 168, 100, 222, 167, 94, 250, 31619, 237, 120, 31619, 110, 226, 167, 99, 108, 46695, 97, 167, 102, 112, 31619, 237, 226, 167, 234, 222, 168, 110, 112, 23821, 251, 112, 23821, 8955, 167, 252, 234, 167, 241, 97, 35975, 112, 31619, 246, 238, 23821, 244, 112, 167, 232, 238, 220, 166, 111, 111, 168, 250, 120, 167, 94, 250, 23821, 108, 122, 168, 243, 226, 167, 241, 97, 168, 244, 112, 220, 166, 108, 222, 23821, 244, 120, 167, 100, 230, 167, 100, 234, 169, 223, 120, 31619, 108, 102, 169, 247, 102, 35975, 226, 220, 47991, 112, 168, 243, 120, 220, 47991, 250, 46695, 97, 167, 232, 242, 31619, 100, 238, 35975, 116, 166, 108, 222, 16725, 198, 19, 167, 110, 230, 25, 220, 159, 231, 96, 168, 245, 238, 168, 226, 250, 564, 246, 168, 233, 97, 167, 99, 105, 447, 247, 167, 98, 120, 23821, 114, 242, 166, 113, 105, 47991, 250, 23821, 116, 94, 35975, 112, 23821, 244, 116, 168, 254, 250, 167, 224, 246, 23821, 248, 108, 168, 250, 226, 167, 98, 120, 23821, 108, 101, 168, 100, 222, 169, 244, 230, 46695, 97, 167, 102, 108, 220, 166, 111, 120, 166, 109, 108, 35975, 246, 220, 166, 110, 121, 169, 245, 246, 35975, 226, 23821, 251, 120, 167, 108, 246, 169, 247, 242, 47991, 101, 168, 250, 120, 167, 94, 250, 168, 235, 101, 220, 169, 246, 226, 168, 252, 105, 23821, 225, 223, 169, 247, 102, 168, 245, 238, 168, 226, 250, 167, 237, 226, 23821, 233, 97, 167, 99, 105, 166, 108, 222, 23821, 248, 108, 168, 226, 254, 167, 238, 246, 168, 244, 112, 168, 243, 120, 220, 47991, 250, 46695, 97, 166, 111, 254, 220, 47991, 102, 167, 99, 105, 169, 247, 242, 47991, 246, 168, 245, 105, 11, 23821, 251, 116, 167, 45539, 35975, 246, 23821, 225, 251, 166, 108, 223, 35975, 112, 220, 169, 225, 222, 46695, 117, 47991, 250, 220, 166, 110, 225, 168, 110, 246, 167, 253, 120, 23821, 226, 250, 168, 230, 254, 47991, 246, 168, 246, 222, 46695, 97, 13, 23821, 100, 222, 167, 105, 116, 168, 245, 238, 168, 226, 250, 366, 167, 103, 227, 167, 114, 226, 167, 111, 112, 46695, 97, 167, 232, 242, 23821, 233, 97, 167, 99, 105, 167, 98, 120, 23821, 114, 242, 166, 113, 105, 47991, 112, 23821, 246, 97, 167, 232, 242, 23821, 116, 94, 35975, 112, 220, 47991, 255, 168, 225, 223, 23821, 251, 112, 166, 110, 101, 23821, 246, 97, 166, 111, 254, 23821, 252, 230, 168, 245, 230, 167, 235, 246, 220, 166, 110, 234, 23821, 243, 226, 46695, 234, 166, 108, 222, 1, 167, 251, 120, 167, 232, 242, 31619, 105, 116, 168, 252, 98, 35975, 112, 23821, 251, 112, 167, 98, 120, 31619, 240, 115, 167, 108, 249, 168, 117, 101, 47991, 250, 46695, 97, 13, 30629, 167, 103, 227, 167, 114, 226, 167, 111, 112, 46695, 97, 167, 232, 242, 23821, 233, 97, 167, 99, 105, 167, 98, 120, 23821, 114, 242, 166, 113, 105, 47991, 112, 23821, 246, 97, 167, 232, 242, 23821, 116, 94, 35975, 112, 220, 47991, 255, 168, 225, 223, 23821, 251, 112, 166, 110, 101, 23821, 246, 97, 166, 111, 254, 23821, 252, 230, 168, 245, 230, 167, 235, 246, 220, 166, 110, 234, 23821, 243, 226, 46695, 234, 166, 108, 222, 16725, 198, 20, 167, 110, 230, 25, 220, 159, 231, 97, 168, 245, 238, 168, 226, 250, 564, 246, 166, 115, 116, 166, 110, 225, 447, 247, 35975, 112, 23821, 100, 222, 167, 224, 246, 166, 108, 222, 166, 111, 254, 23821, 252, 230, 35975, 234, 168, 245, 238, 167, 237, 226, 564, 246, 168, 243, 226, 168, 100, 223, 447, 247, 35975, 222, 23821, 250, 254, 169, 248, 101, 47991, 246, 46695, 97, 166, 111, 254, 23821, 96, 120, 166, 112, 222, 169, 247, 242, 47991, 101, 168, 250, 120, 167, 94, 250, 168, 235, 101, 220, 169, 246, 226, 168, 233, 97, 35975, 246, 31619, 111, 222, 169, 247, 242, 167, 98, 120, 23821, 251, 116, 168, 233, 251, 47991, 246, 167, 102, 112, 168, 226, 250, 167, 237, 226, 220, 166, 116, 108, 168, 94, 112, 35975, 246, 23821, 226, 254, 169, 225, 251, 35975, 226, 220, 166, 111, 254, 168, 230, 246, 47991, 246, 168, 245, 105, 11, 23821, 251, 116, 167, 45539, 35975, 246, 23821, 252, 238, 166, 116, 108, 168, 97, 239, 168, 233, 105, 168, 254, 223, 220, 169, 225, 250, 167, 237, 226, 166, 108, 222, 31619, 241, 250, 167, 253, 105, 167, 224, 246, 167, 237, 226, 167, 94, 251, 23821, 226, 250, 168, 230, 254, 47991, 246, 168, 246, 222, 46695, 97, 13, 23821, 100, 222, 167, 105, 116, 168, 245, 238, 168, 226, 250, 366, 167, 105, 116, 168, 254, 250, 167, 232, 242, 220, 166, 115, 116, 166, 110, 225, 35975, 112, 23821, 243, 226, 168, 100, 223, 166, 117, 234, 168, 100, 222, 167, 232, 242, 23821, 247, 226, 168, 254, 226, 169, 252, 230, 23821, 100, 222, 167, 224, 246, 166, 108, 226, 220, 166, 110, 234, 23821, 243, 226, 46695, 230, 167, 251, 120, 167, 232, 242, 31619, 235, 108, 23821, 252, 230, 168, 245, 230, 46695, 97, 1, 167, 251, 120, 167, 232, 242, 31619, 105, 116, 168, 252, 98, 35975, 112, 23821, 251, 112, 167, 98, 120, 31619, 240, 115, 167, 108, 249, 168, 117, 101, 47991, 250, 46695, 97, 13, 30629, 167, 105, 116, 168, 254, 250, 167, 232, 242, 220, 166, 115, 116, 166, 110, 225, 35975, 112, 23821, 243, 226, 168, 100, 223, 166, 117, 234, 168, 100, 222, 167, 232, 242, 23821, 247, 226, 168, 254, 226, 169, 252, 230, 23821, 100, 222, 167, 224, 246, 166, 108, 226, 220, 166, 110, 234, 23821, 243, 226, 46695, 230, 167, 251, 120, 167, 232, 242, 31619, 235, 108, 23821, 252, 230, 168, 245, 230, 46695, 97, 16725, 198, 168, 113, 250, 168, 95, 227, 23821, 254, 243, 46695, 113, 25, 513, 167, 110, 230]","[0.5, 0.5, 0.5, 0.5, 0.5, 0.5, 0.5, 0.5, 0.5, 0.5, 0.5, 0.5, 0.5, 0.5, 0.5, 0.5, 0.5, 0.5, 0.5, 0.5, 0.5, 0.5, 0.5, 0.5, 0.5, 0.5, 0.5, 0.5, 0.5, 0.5, 0.5, 0.5, 0.5, 0.5, 0.5, 0.5, 0.5, 0.5, 0.5, 0.5, 0.5, 0.5, 0.5, 0.5, 0.5, 0.5, 0.5, 0.5, 0.5, 0.5, 0.5, 0.5, 0.5, 0.5, 0.5, 0.5, 0.5, 0.5, 0.5, 0.5, 0.5, 0.5, 0.5, 0.5, 0.5, 0.5, 0.5, 0.5, 0.5, 0.5, 0.5, 0.5, 0.5, 0.5, 0.5, 0.5, 0.5, 0.5, 0.5, 0.5, 0.5, 0.5, 0.5, 0.5, 0.5, 0.5, 0.5, 0.5, 0.5, 0.5, 0.5, 0.5, 0.5, 0.5, 0.5, 0.5, 0.5, 0.5, 0.5, 0.5, 0.5, 0.5, 0.5, 0.5, 0.5, 0.5, 0.5, 0.5, 0.5, 0.5, 0.5, 0.5, 0.5, 0.5, 0.5, 0.5, 0.5, 0.5, 0.5, 0.5, 0.5, 0.5, 0.5, 0.5, 0.5, 0.5, 0.5, 0.5, 0.5, 0.5, 0.5, 0.5, 0.5, 0.5, 0.5, 0.5, 0.5, 0.5, 0.5, 0.5, 0.5, 0.5, 0.5, 0.5, 0.5, 0.5, 0.5, 0.5, 0.5, 0.5, 0.5, 0.5, 0.5, 0.5, 0.5, 0.5, 0.5, 0.5, 0.5, 0.5, 0.5, 0.5, 0.5, 0.5, 0.5, 0.5, 0.5, 0.5, 0.5, 0.5, 0.5, 0.5, 0.5, 0.5, 0.5, 0.5, 0.5, 0.5, 0.5, 0.5, 0.5, 0.5, 0.5, 0.5, 0.5, 0.5, 0.5, 0.5, 0.5, 0.5, 0.5, 0.5, 0.5, 0.5, 0.5, 0.5, 0.5, 0.5, 0.5, 0.5, 0.5, 0.5, 0.5, 0.5, 0.5, 0.5, 0.5, 0.5, 0.5, 0.5, 0.5, 0.5, 0.5, 0.5, 0.5, 0.5, 0.5, 0.5, 0.5, 0.5, 0.5, 0.5, 0.5, 0.5, 0.5, 0.5, 0.5, 0.5, 0.5, 0.5, 0.5, 0.5, 0.5, 0.5, 0.5, 0.5, 0.5, 0.5, 0.5, 0.5, 0.5, 0.5, 0.5, 0.5, 0.5, 0.5, 0.5, 0.5, 0.5, 0.5, 0.5, 0.5, 0.5, 0.5, 0.5, 0.5, 0.5, 0.5, 0.5, 0.5, 0.5, 0.5, 0.5, 0.5, 0.5, 0.5, 0.5, 0.5, 0.5, 0.5, 0.5, 0.5, 0.5, 0.5, 0.5, 0.5, 0.5, 0.5, 0.5, 0.5, 0.5, 0.5, 0.5, 0.5, 0.5, 0.5, 0.5, 0.5, 0.5, 0.5, 0.5, 0.5, 0.5, 0.5, 0.5, 0.5, 0.5, 0.5, 0.5, 0.5, 0.5, 0.5, 0.5, 0.5, 0.5, 0.5, 0.5, 0.5, 0.5, 0.5, 0.5, 0.5, 0.5, 0.5, 0.5, 0.5, 0.5, 0.5, 0.5, 0.5, 0.5, 0.5, 0.5, 0.5, 0.5, 0.5, 0.5, 0.5, 0.5, 0.5, 0.5, 0.5, 0.5, 0.5, 0.5, 0.5, 0.5, 0.5, 0.5, 0.5, 0.5, 0.5, 0.5, 0.5, 0.5, 0.5, 0.5, 0.5, 0.5, 0.5, 0.5, 0.5, 0.5, 0.5, 0.5, 0.5, 0.5, 0.5, 0.5, 0.5, 0.5, 0.5, 0.5, 0.5, 0.5, 0.5, 0.5, 0.5, 0.5, 0.5, 0.5, 0.5, 0.5, 0.5, 0.5, 0.5, 0.5, 0.5, 0.5, 0.5, 0.5, 0.5, 0.5, 0.5, 0.5, 0.5, 0.5, 0.5, 0.5, 0.5, 0.5, 0.5, 0.5, 0.5, 0.5, 0.5, 0.5, 0.5, 0.5, 0.5, 0.5, 0.5, 0.5, 0.5, 0.5, 0.5, 0.5, 0.5, 0.5, 0.5, 0.5, 0.5, 0.5, 0.5, 0.5, 0.5, 0.5, 0.5, 0.5, 0.5, 0.5, 0.5, 0.5, 0.5, 0.5, 0.5, 0.5, 0.5, 0.5, 0.5, 0.5, 0.5, 0.5, 0.5, 0.5, 0.5, 0.5, 0.5, 0.5, 0.5, 0.5, 0.5, 0.5, 0.5, 0.5, 0.5, 0.5, 0.5, 0.5, 0.5, 0.5, 0.5, 0.5, 0.5, 0.5, 0.5, 0.5, 0.5, 0.5, 0.5, 0.5, 0.5, 0.5, 0.5, 0.5, 0.5, 0.5, 0.5, 0.5, 0.5, 0.5, 0.5, 0.5, 0.5, 0.5, 0.5, 0.5, 0.5, 0.5, 0.5, 0.5, 0.5, 0.5, 0.5, 0.5, 0.5, 0.5, 0.5, 0.5, 0.5, 0.5, 0.5, 0.5, 0.5, 0.5, 0.5, 0.5, 0.5, 0.5, 0.5, 0.5, 0.5, 0.5, 0.5, 0.5, 0.5, 0.5, 0.5, 0.5, 0.5, 0.5, 0.5, 0.5, 0.5, 0.5, 0.5, 0.5, 0.5, 0.5, 0.5, 0.5, 0.5, 0.5, 0.5, 0.5, 0.5, 0.5, 0.5, 0.5, 0.5, 0.5, 0.5, 0.5, 0.5, 0.5, 0.5, 0.5, 0.5, 0.5, 0.5, 0.5, 0.5, 0.5, 0.5, 0.5, 0.5, 0.5, 0.5, 0.5, 0.5, 0.5, 0.5, 0.5, 0.5, 0.5, 0.5, 0.5, 0.5, 0.5, 0.5, 0.5, 0.5, 0.5, 0.5, 0.5, 0.5, 0.5, 0.5, 0.5, 0.5, 0.5, 0.5, 0.5, 0.5, 0.5, 0.5, 0.5, 0.5, 0.5, 0.5, 0.5, 0.5, 0.5, 0.5, 0.5, 0.5, 0.5, 0.5, 0.5, 0.5, 0.5, 0.5, 0.5, 0.5, 0.5, 0.5, 0.5, 0.5, 0.5, 0.5, 0.5, 0.5, 0.5, 0.5, 0.5, 0.5, 0.5, 0.5, 0.5, 0.5, 0.5, 0.5, 0.5, 0.5, 0.5, 0.5, 0.5, 0.5, 0.5, 0.5, 0.5, 0.5, 0.5, 0.5, 0.5, 0.5, 0.5, 0.5, 0.5, 0.5, 0.5, 0.5, 0.5, 0.5, 0.5, 0.5, 0.5, 0.5, 0.5, 0.5, 0.5, 0.5, 0.5, 0.5, 0.5, 0.5, 0.5, 0.5, 0.5, 0.5, 0.5, 0.5, 0.5, 0.5, 0.5, 0.5, 0.5, 0.5, 0.5, 0.5, 0.5, 0.5, 0.5, 0.5, 0.5, 0.5, 0.5, 0.5, 0.5, 0.5, 0.5, 0.5, 0.5, 0.5, 0.5, 0.5, 0.5, 0.5, 0.5, 0.5, 0.5, 0.5, 0.5, 0.5, 0.5, 0.5, 0.5, 0.5, 0.5, 0.5, 0.5, 0.5, 0.5, 0.5, 0.5, 0.5, 0.5, 0.5, 0.5, 0.5, 0.5, 0.5, 0.5, 0.5, 0.5, 0.5, 0.5, 0.5, 0.5, 0.5, 0.5, 0.5, 0.5, 0.5, 0.5, 0.5, 0.5, 0.5, 0.5, 0.5, 0.5, 0.5, 0.5, 0.5, 0.5, 0.5, 0.5, 0.5, 0.5, 0.5, 0.5, 0.5, 0.5, 0.5, 0.5, 0.5, 0.5, 0.5, 0.5, 0.5, 0.5, 0.5, 0.5, 0.5, 0.5, 0.5, 0.5, 0.5, 0.5, 0.5, 0.5, 0.5, 0.5, 0.5, 0.5, 0.5, 0.5, 0.5, 0.5, 0.5, 0.5, 0.5, 0.5, 0.5, 0.5, 0.5, 0.5, 0.5, 0.5, 0.5, 0.5, 0.5, 0.5, 0.5, 0.5, 0.5, 0.5, 0.5, 0.5, 0.5, 0.5, 0.5, 0.5, 0.5, 0.5, 0.5, 0.5, 0.5, 0.5, 0.5, 0.5, 0.5, 0.5, 0.5, 0.5, 0.5, 0.5, 0.5, 0.5, 0.5, 0.5, 0.5, 0.5, 0.5, 0.5, 0.5, 0.5, 0.5, 0.5, 0.5, 0.5, 0.5, 0.5, 0.5, 0.5, 0.5, 0.5, 0.5, 0.5, 0.5, 0.5, 0.5, 0.5, 0.5, 0.5, 0.5, 0.5, 0.5, 0.5, 0.5, 0.5, 0.5, 0.5, 0.5, 0.5, 0.5, 0.5, 0.5, 0.5, 0.5, 0.5, 0.5, 0.5, 0.5, 0.5, 0.5, 0.5, 0.5, 0.5, 0.5, 0.5, 0.5, 0.5, 0.5, 0.5, 0.5, 0.5, 0.5, 0.5, 0.5, 0.5, 0.5, 0.5, 0.5, 0.5, 0.5, 0.5, 0.5, 0.5, 0.5, 0.5, 0.5, 0.5, 0.5, 0.5, 0.5, 0.5, 0.5, 0.5, 0.5, 0.5, 0.5, 0.5, 0.5, 0.5, 0.5, 0.5, 0.5, 0.5, 0.5, 0.5, 0.5, 0.5, 0.5, 0.5, 0.5, 0.5, 0.5, 0.5, 0.5, 0.5, 0.5, 0.5, 0.5, 0.5, 0.5, 0.5, 0.5, 0.5, 0.5, 0.5, 0.5, 0.5, 0.5, 0.5, 0.5, 0.5, 0.5, 0.5, 0.5, 0.5, 0.5, 0.5, 0.5, 0.5, 0.5, 0.5, 0.5, 0.5, 0.5, 0.5, 0.5, 0.5, 0.5, 0.5, 0.5, 0.5, 0.5, 0.5, 0.5, 0.5, 0.5, 0.5, 0.5, 0.5, 0.5, 0.5, 0.5, 0.5, 0.5, 0.5, 0.5, 0.5, 0.5, 0.5, 0.5, 0.5, 0.5, 0.5, 0.5, 0.5, 0.5, 0.5, 0.5, 0.5, 0.5, 0.5, 0.5, 0.5, 0.5, 0.5, 0.5, 0.5, 0.5, 0.5, 0.5, 0.5, 0.5, 0.5, 0.5, 0.5, 0.5, 0.5, 0.5, 0.5, 0.5, 0.5, 0.5, 0.5, 0.5, 0.5, 0.5, 0.5, 0.5, 0.5, 0.5, 0.5, 0.5, 0.5, 0.5, 0.5, 0.5, 0.5, 0.5, 0.5, 0.5, 0.5, 0.5, 0.5, 0.5, 0.5, 0.5, 0.5, 0.5, 0.5, 0.5, 0.5, 0.5, 0.5, 0.5, 0.5, 0.5, 0.5, 0.5, 0.5, 0.5, 0.5, 0.5, 0.5, 0.5, 0.5, 0.5, 0.5, 0.5, 0.5, 0.5, 0.5, 0.5, 0.5, 0.5, 0.5, 0.5, 0.5, 0.5, 0.5, 0.5, 0.5, 0.5, 0.5, 0.5, 0.5, 0.5, 0.5, 0.5, 0.5, 0.5, 0.5, 0.5, 0.5, 0.5, 0.5, 0.5, 0.5, 0.5, 0.5, 0.5, 0.5, 0.5, 0.5, 0.5, 0.5, 0.5, 0.5, 0.5, 0.5, 0.5, 0.5, 0.5, 0.5, 0.5, 0.5, 0.5, 0.5, 0.5, 0.5, 0.5, 0.5, 0.5, 0.5, 0.5, 0.5, 0.5, 0.5, 0.5, 0.5, 0.5, 0.5, 0.5, 0.5, 0.5, 0.5, 0.5, 0.5, 0.5, 0.5, 0.5, 0.5, 0.5, 0.5, 0.5, 0.5, 0.5, 0.5, 0.5, 0.5, 0.5, 0.5, 0.5, 0.5, 0.5, 0.5, 0.5, 0.5, 0.5, 0.5, 0.5, 0.5, 0.5, 0.5, 0.5, 0.5, 0.5, 0.5, 0.5, 0.5, 0.5, 0.5, 0.5, 0.5, 0.5, 0.5, 0.5, 0.5, 0.5, 0.5, 0.5, 0.5, 0.5, 0.5, 0.5, 0.5, 0.5, 0.5, 0.5, 0.5, 0.5, 0.5, 0.5, 0.5, 0.5, 0.5, 0.5, 0.5, 0.5, 0.5, 0.5, 0.5, 0.5, 0.5, 0.5, 0.5, 0.5, 0.5, 0.5, 0.5, 0.5, 0.5, 0.5, 0.5, 0.5, 0.5, 0.5, 0.5, 0.5, 0.5, 0.5, 0.5, 0.5, 0.5, 0.5, 0.5, 0.5, 0.5, 0.5, 0.5, 0.5, 0.5, 0.5, 0.5, 0.5, 0.5, 0.5, 0.5, 0.5, 0.5, 0.5, 0.5, 0.5, 0.5, 0.5, 0.5, 0.5, 0.5, 0.5, 0.5, 0.5, 0.5, 0.5, 0.5, 0.5, 0.5, 0.5, 0.5, 0.5, 0.5, 0.5, 0.5, 0.5, 0.5, 0.5, 0.5, 0.5, 0.5, 0.5, 0.5, 0.5, 0.5, 0.5, 0.5, 0.5, 0.5, 0.5, 0.5, 0.5, 0.5, 0.5, 0.5, 0.5, 0.5, 0.5, 0.5, 0.5, 0.5, 0.5, 0.5, 0.5, 0.5, 0.5, 0.5, 0.5, 0.5, 0.5, 0.5, 0.5, 0.5, 0.5, 0.5, 0.5, 0.5, 0.5, 0.5, 0.5, 0.5, 0.5, 0.5, 0.5, 0.5, 0.5, 0.5, 0.5, 0.5, 0.5, 0.5, 0.5, 0.5, 0.5, 0.5, 0.5, 0.5, 0.5, 0.5, 0.5, 0.5, 0.5, 0.5, 0.5, 0.5, 0.5, 0.5, 0.5, 0.5, 0.5, 0.5, 0.5, 0.5, 0.5, 0.5, 0.5, 0.5, 0.5, 0.5, 0.5, 0.5, 0.5, 0.5, 0.5, 0.5, 0.5, 0.5, 0.5, 0.5, 0.5, 0.5, 0.5, 0.5, 0.5, 0.5, 0.5, 0.5, 0.5, 0.5, 0.5, 0.5, 0.5, 0.5, 0.5, 0.5, 0.5, 0.5, 0.5, 0.5, 0.5, 0.5, 0.5, 0.5, 0.5, 0.5, 0.5, 0.5, 0.5, 0.5, 0.5, 0.5, 0.5, 0.5, 0.5, 0.5, 0.5, 0.5, 0.5, 0.5, 0.5, 0.5, 0.5, 0.5, 0.5, 0.5, 0.5, 0.5, 0.5, 0.5, 0.5, 0.5, 0.5, 0.5, 0.5, 0.5, 0.5, 0.5, 0.5, 0.5, 0.5, 0.5, 0.5, 0.5, 0.5, 0.5, 0.5, 0.5, 0.5, 0.5, 0.5, 0.5, 0.5, 0.5, 0.5, 0.5, 0.5, 0.5, 0.5, 0.5, 0.5, 0.5, 0.5, 0.5, 0.5, 0.5, 0.5, 0.5, 0.5, 0.5, 0.5, 0.5, 0.5, 0.5, 0.5, 0.5, 0.5, 0.5, 0.5, 0.5, 0.5, 0.5, 0.5, 0.5, 0.5, 0.5, 0.5, 0.5, 0.5, 0.5, 0.5, 0.5, 0.5, 0.5, 0.5, 0.5, 0.5, 0.5, 0.5, 0.5, 0.5, 0.5, 0.5, 0.5, 0.5, 0.5, 0.5, 0.5, 0.5, 0.5, 0.5, 0.5, 0.5, 0.5, 0.5, 0.5, 0.5, 0.5, 0.5, 0.5, 0.5, 0.5, 0.5, 0.5, 0.5, 0.5, 0.5, 0.5, 0.5, 0.5, 0.5, 0.5, 0.5, 0.5, 0.5, 0.5, 0.5, 0.5, 0.5, 0.5, 0.5, 0.5, 0.5, 0.5, 0.5, 0.5, 0.5, 0.5, 0.5, 0.5, 0.5, 0.5, 0.5, 0.5, 0.5, 0.5, 0.5, 0.5, 0.5, 0.5, 0.5, 0.5, 0.5, 0.5, 0.5, 0.5, 0.5, 0.5, 0.5, 0.5, 0.5, 0.5, 0.5, 0.5, 0.5, 0.5, 0.5, 0.5, 0.5, 0.5, 0.5, 0.5, 0.5, 0.5, 0.5, 0.5, 0.5, 0.5, 0.5, 0.5, 0.5, 0.5, 0.5, 0.5, 0.5, 0.5, 0.5, 0.5, 0.5, 0.5, 0.5, 0.5, 0.5, 0.5, 0.5, 0.5, 0.5, 0.5, 0.5, 0.5, 0.5, 0.5, 0.5, 0.5, 0.5, 0.5, 0.5, 0.5, 0.5, 0.5, 0.5, 0.5, 0.5, 0.5, 0.5, 0.5, 0.5, 0.5, 0.5, 0.5, 0.5, 0.5, 0.5, 0.5, 0.5, 0.5, 0.5, 0.5, 0.5, 0.5, 0.5, 0.5, 0.5, 0.5, 0.5, 0.5, 0.5, 0.5, 0.5, 0.5, 0.5, 0.5, 0.5, 0.5, 0.5, 0.5, 0.5, 0.5, 0.5, 0.5, 0.5, 0.5, 0.5, 0.5, 0.5, 0.5, 0.5, 0.5, 0.5, 0.5, 0.5, 0.5, 0.5, 0.5, 0.5, 0.5, 0.5, 0.5, 0.5, 0.5, 0.5, 0.5, 0.5, 0.5, 0.5, 0.5, 0.5, 0.5, 0.5, 0.5, 0.5, 0.5, 0.5, 0.5, 0.5, 0.5, 0.5, 0.5, 0.5, 0.5, 0.5, 0.5, 0.5, 0.5, 0.5, 0.5, 0.5, 0.5, 0.5, 0.5, 0.5, 0.5, 0.5, 0.5, 0.5, 0.5, 0.5, 0.5, 0.5, 0.5, 0.5, 0.5, 0.5, 0.5, 0.5, 0.5, 0.5, 0.5, 0.5, 0.5, 0.5, 0.5, 0.5, 0.5, 0.5, 0.5, 0.5, 0.5, 0.5, 0.5, 0.5, 0.5, 0.5, 0.5, 0.5, 0.5, 0.5, 0.5, 0.5, 0.5, 0.5, 0.5, 0.5, 0.5, 0.5, 0.5, 0.5, 0.5, 0.5, 0.5, 0.5, 0.5, 0.5, 0.5, 0.5, 0.5, 0.5, 0.5, 0.5, 0.5, 0.5, 0.5, 0.5, 0.5, 0.5, 0.5, 0.5, 0.5, 0.5, 0.5, 0.5, 0.5, 0.5, 0.5, 0.5, 0.5, 0.5, 0.5, 0.5, 0.5, 0.5, 0.5, 0.5, 0.5, 0.5, 0.5, 0.5, 0.5, 0.5, 0.5, 0.5, 0.5, 0.5, 0.5, 0.5, 0.5, 0.5, 0.5, 0.5, 0.5, 0.5, 0.5, 0.5, 0.5, 0.5, 0.5, 0.5, 0.5, 0.5, 0.5, 0.5, 0.5, 0.5, 0.5, 0.5, 0.5, 0.5, 0.5, 0.5, 0.5, 0.5, 0.5, 0.5, 0.5, 0.5, 0.5, 0.5, 0.5, 0.5, 0.5, 0.5, 0.5, 0.5, 0.5, 0.5, 0.5, 0.5, 0.5, 0.5, 0.5, 0.5, 0.5, 0.5, 0.5, 0.5, 0.5, 0.5, 0.5, 0.5, 0.5, 0.5, 0.5, 0.5, 0.5, 0.5, 0.5, 0.5, 0.5, 0.5, 0.5, 0.5, 0.5, 0.5, 0.5, 0.5, 0.5, 0.5, 0.5, 0.5, 0.5, 0.5, 0.5, 0.5, 0.5, 0.5, 0.5, 0.5, 0.5, 0.5, 0.5, 0.5, 0.5, 0.5, 0.5, 0.5, 0.5, 0.5, 0.5, 0.5, 0.5, 0.5, 0.5, 0.5, 0.5, 0.5, 0.5, 0.5, 0.5, 0.5, 0.5, 0.5, 0.5, 0.5, 0.5, 0.5, 0.5, 0.5, 0.5, 0.5, 0.5, 0.5, 0.5, 0.5, 0.5, 0.5, 0.5, 0.5, 0.5, 0.5, 0.5, 0.5, 0.5, 0.5, 0.5, 0.5, 0.5, 0.5, 0.5, 0.5, 0.5, 0.5, 0.5, 0.5, 0.5, 0.5, 0.5, 0.5, 0.5, 0.5, 0.5, 0.5, 0.5, 0.5, 0.5, 0.5, 0.5, 0.5, 0.5, 0.5, 0.5, 0.5, 0.5, 0.5, 0.5, 0.5, 0.5, 0.5, 0.5, 0.5, 0.5, 0.5, 0.5, 0.5, 0.5, 0.5, 0.5, 0.5, 0.5, 0.5, 0.5, 0.5, 0.5, 0.5, 0.5, 0.5, 0.5, 0.5, 0.5, 0.5, 0.5, 0.5, 0.5, 0.5, 0.5, 0.5, 0.5, 0.5, 0.5, 0.5, 0.5, 0.5, 0.5, 0.5, 0.5, 0.5, 0.5, 0.5, 0.5, 0.5, 0.5, 0.5, 0.5, 0.5, 0.5, 0.5, 0.5, 0.5, 0.5, 0.5, 0.5, 0.5, 0.5, 0.5, 0.5, 0.5, 0.5, 0.5, 0.5, 0.5, 0.5, 0.5, 0.5, 0.5, 0.5, 0.5, 0.5, 0.5, 0.5, 0.5, 0.5, 0.5, 0.5, 0.5, 0.5, 0.5, 0.5, 0.5, 0.5, 0.5, 0.5, 0.5, 0.5, 0.5, 0.5, 0.5, 0.5, 0.5, 0.5, 0.5, 0.5, 0.5, 0.5, 0.5, 0.5, 0.5, 0.5, 0.5, 0.5, 0.5, 0.5, 0.5, 0.5, 0.5, 0.5, 0.5, 0.5, 0.5, 0.5, 0.5, 0.5, 0.5, 0.5, 0.5, 0.5, 0.5, 0.5, 0.5, 0.5, 0.5, 0.5, 0.5, 0.5, 0.5, 0.5, 0.5, 0.5, 0.5, 0.5, 0.5, 0.5, 0.5, 0.5, 0.5, 0.5, 0.5, 0.5, 0.5, 0.5, 0.5, 0.5, 0.5, 0.5, 0.5, 0.5, 0.5, 0.5, 0.5, 0.5, 0.5, 0.5, 0.5, 0.5, 0.5, 0.5, 0.5, 0.5, 0.5, 0.5, 0.5, 0.5, 0.5, 0.5, 0.5, 0.5, 0.5, 0.5, 0.5, 0.5, 0.5, 0.5, 0.5, 0.5, 0.5, 0.5, 0.5, 0.5, 0.5, 0.5, 0.5, 0.5, 0.5, 0.5, 0.5, 0.5, 0.5, 0.5, 0.5, 0.5, 0.5, 0.5, 0.5, 0.5, 0.5, 0.5, 0.5, 0.5, 0.5, 0.5, 0.5, 0.5, 0.5, 0.5, 0.5, 0.5, 0.5, 0.5, 0.5, 0.5, 0.5, 0.5, 0.5, 0.5, 0.5, 0.5, 0.5, 0.5, 0.5, 0.5, 0.5, 0.5, 0.5, 0.5, 0.5, 0.5, 0.5, 0.5, 0.5, 0.5, 0.5, 0.5, 0.5, 0.5, 0.5, 0.5, 0.5, 0.5, 0.5, 0.5, 0.5, 0.5, 0.5, 0.5, 0.5, 0.5, 0.5, 0.5, 0.5, 0.5, 0.5, 0.5, 0.5, 0.5, 0.5, 0.5, 0.5, 0.5, 0.5, 0.5, 0.5, 0.5, 0.5, 0.5, 0.5, 0.5, 0.5, 0.5, 0.5, 0.5, 0.5, 0.5, 0.5, 0.5, 0.5, 0.5, 0.5, 0.5, 0.5, 0.5, 0.5, 0.5, 0.5, 0.5, 0.5, 0.5, 0.5, 0.5, 0.5, 0.5, 0.5, 0.5, 0.5, 0.5, 0.5, 0.5, 0.5, 0.5, 0.5, 0.5, 0.5, 0.5, 0.5, 0.5, 0.5, 0.5, 0.5, 0.5, 0.5, 0.5, 0.5, 0.5, 0.5, 0.5, 0.5, 0.5, 0.5, 0.5, 0.5, 0.5, 0.5, 0.5, 0.5, 0.5, 0.5, 0.5, 0.5, 0.5, 0.5, 0.5, 0.5, 0.5, 0.5, 0.5, 0.5, 0.5, 0.5, 0.5, 0.5, 0.5, 0.5, 0.5, 0.5, 0.5, 0.5, 0.5, 0.5, 0.5, 0.5, 0.5, 0.5, 0.5, 0.5, 0.5, 0.5, 0.5, 0.5, 0.5, 0.5, 0.5, 0.5, 0.5, 0.5, 0.5, 0.5, 0.5, 0.5, 0.5, 0.5, 0.5, 0.5, 0.5, 0.5, 0.5, 0.5, 0.5, 0.5, 0.5, 0.5, 0.5, 0.5, 0.5, 0.5, 0.5, 0.5, 0.5, 0.5, 0.5, 0.5, 0.5, 0.5, 0.5, 0.5, 0.5, 0.5, 0.5, 0.5, 0.5, 0.5, 0.5, 0.5, 0.5, 0.5, 0.5, 0.5, 0.5, 0.5, 0.5, 0.5, 0.5, 0.5, 0.5, 0.5, 0.5, 0.5, 0.5, 0.5, 0.5, 0.5, 0.5, 0.5, 0.5, 0.5, 0.5, 0.5, 0.5, 0.5, 0.5, 0.5, 0.5, 0.5, 0.5, 0.5, 0.5, 0.5, 0.5, 0.5, 0.5, 0.5, 0.5, 0.5, 0.5, 0.5, 0.5, 0.5, 0.5, 0.5, 0.5, 0.5, 0.5, 0.5, 0.5, 0.5, 0.5, 0.5, 0.5, 0.5, 0.5, 0.5, 0.5, 0.5, 0.5, 0.5, 0.5, 0.5, 0.5, 0.5, 0.5, 0.5, 0.5, 0.5, 0.5, 0.5, 0.5, 0.5, 0.5, 0.5, 0.5, 0.5, 0.5, 0.5, 0.5, 0.5, 0.5, 0.5, 0.5, 0.5, 0.5, 0.5, 0.5, 0.5, 0.5, 0.5, 0.5, 0.5, 0.5, 0.5, 0.5, 0.5, 0.5, 0.5, 0.5, 0.5, 0.5, 0.5, 0.5, 0.5, 0.5, 0.5, 0.5, 0.5, 0.5, 0.5, 0.5, 0.5, 0.5, 0.5, 0.5, 0.5, 0.5, 0.5, 0.5, 0.5, 0.5, 0.5, 0.5, 0.5, 0.5, 0.5, 0.5, 0.5, 0.5, 0.5, 0.5, 0.5, 0.5, 0.5, 0.5, 0.5, 0.5, 0.5, 0.5, 0.5, 0.5, 0.5, 0.5, 0.5, 0.5, 0.5, 0.5, 0.5, 0.5, 0.5, 0.5, 0.5, 0.5, 0.5, 0.5, 0.5, 0.5, 0.5, 0.5, 0.5, 0.5, 0.5, 0.5, 0.5, 0.5, 0.5, 0.5, 0.5, 0.5, 0.5, 0.5, 0.5, 0.5, 0.5, 0.5, 0.5, 0.5, 0.5, 0.5, 0.5, 0.5, 0.5, 0.5, 0.5, 0.5, 0.5, 0.5, 0.5, 0.5, 0.5, 0.5, 0.5, 0.5, 0.5, 0.5, 0.5, 0.5, 0.5, 0.5, 0.5, 0.5, 0.5, 0.5, 0.5, 0.5, 0.5, 0.5, 0.5, 0.5, 0.5, 0.5, 0.5, 0.5, 0.5, 0.5, 0.5, 0.5, 0.5, 0.5, 0.5, 0.5, 0.5, 0.5, 0.5, 0.5, 0.5, 0.5, 0.5, 0.5, 0.5, 0.5, 0.5, 0.5, 0.5, 0.5, 0.5, 0.5, 0.5, 0.5, 0.5, 0.5, 0.5, 0.5, 0.5, 0.5, 0.5, 0.5, 0.5, 0.5, 0.5, 0.5, 0.5, 0.5, 0.5, 0.5, 0.5, 0.5, 0.5, 0.5]",3
2026_11_KICE_31-34_0,['2(2)'],"1번: (가)는 남의 말을 인용하여 목적지의 위험성을 드러내고 있지 않다. ""(가)""의 내용은 주로 화자의 경험과 감정을 표현하고 있으며, 남의 말을 인용하여 위험성을 강조하는 내용은 없다.
2번: (가)는 대구와 대조 표현을 함께 사용하여 화자의 괴로운 처지를 드러내고 있다. ""여러 달 주리다가 혹시 혹시 출두하면 음식은 장하건만 하나나 살로 가랴""와 같은 대조 표현이 사용되어 화자의 괴로운 처지를 강조하고 있다.
3번: (나)는 가상의 존재에 빗대는 표현을 사용하여 자연 현상의 변화를 드러내고 있다. ""백룡의 굽이같이""라는 표현이 사용되어 연의 움직임을 백룡에 빗대어 표현하고 있다.
4번: (나)는 방위의 의미를 포함한 두 어휘를 사용하여 대상이 서로 반대 방향으로 이동함을 드러내고 있지 않다. ""(나)""의 내용은 주로 연의 움직임과 자연 현상을 표현하고 있으며, 방위의 의미를 포함한 두 어휘를 사용하여 대상의 이동 방향을 강조하는 내용은 없다.
5번: (가)와 (나)는 모두, 색채를 나타내는 표현을 통해 배경 속에서 대상의 움직임을 뚜렷하게 드러내고 있다. ""(가)""와 ""(나)"" 모두에서 색채를 나타내는 표현이 사용되어 있지 않다.

최종 정답: 2번","[16, 167, 110, 230, 25, 357, 166, 108, 222, 8, 167, 232, 242, 31619, 224, 101, 35975, 246, 31619, 100, 238, 35975, 226, 23821, 251, 116, 168, 248, 102, 47991, 246, 168, 245, 105, 31619, 103, 102, 168, 254, 223, 168, 100, 222, 35975, 246, 23821, 250, 226, 169, 245, 246, 168, 226, 109, 35975, 226, 31619, 241, 250, 167, 253, 105, 167, 224, 112, 166, 111, 254, 23821, 252, 230, 168, 100, 222, 23821, 243, 232, 46695, 97, 13, 30629, 166, 108, 222, 16725, 35975, 246, 31619, 224, 112, 168, 248, 102, 35975, 222, 23821, 96, 120, 167, 94, 250, 220, 169, 247, 242, 168, 252, 238, 35975, 246, 220, 166, 110, 121, 169, 245, 246, 166, 111, 120, 220, 166, 108, 238, 168, 254, 243, 35975, 226, 220, 169, 239, 250, 169, 246, 226, 47991, 246, 166, 111, 254, 23821, 252, 230, 168, 250, 120, 167, 102, 108, 11, 31619, 224, 101, 35975, 246, 31619, 100, 238, 35975, 226, 23821, 251, 116, 168, 248, 102, 47991, 246, 168, 245, 105, 23821, 250, 226, 169, 245, 246, 168, 226, 109, 35975, 226, 220, 166, 108, 243, 168, 94, 108, 47991, 246, 167, 232, 242, 31619, 224, 112, 168, 248, 102, 35975, 222, 23821, 245, 228, 46695, 97, 13, 198, 17, 167, 110, 230, 25, 357, 166, 108, 222, 8, 167, 232, 242, 31619, 234, 222, 166, 113, 105, 168, 247, 222, 31619, 234, 222, 168, 94, 108, 220, 169, 239, 250, 169, 246, 226, 35975, 226, 220, 47991, 101, 166, 119, 246, 23821, 8955, 168, 248, 102, 47991, 246, 168, 245, 105, 220, 169, 247, 242, 168, 252, 238, 35975, 246, 220, 166, 112, 112, 167, 94, 250, 168, 248, 112, 23821, 110, 246, 168, 100, 222, 167, 98, 120, 31619, 241, 250, 167, 253, 105, 167, 224, 112, 166, 111, 254, 23821, 252, 230, 46695, 97, 13, 366, 168, 245, 105, 167, 253, 105, 31619, 233, 105, 23821, 96, 120, 167, 99, 105, 46695, 97, 166, 108, 222, 220, 169, 246, 117, 168, 233, 250, 220, 169, 246, 117, 168, 233, 250, 23821, 114, 250, 167, 239, 238, 47991, 246, 167, 102, 112, 23821, 251, 234, 168, 233, 251, 35975, 222, 23821, 252, 98, 47991, 246, 166, 109, 112, 167, 100, 234, 220, 47991, 246, 167, 224, 246, 167, 224, 246, 23821, 224, 112, 167, 94, 250, 220, 166, 108, 222, 167, 252, 112, 1, 168, 247, 222, 220, 166, 108, 247, 35975, 222, 31619, 234, 222, 168, 94, 108, 220, 169, 239, 250, 169, 246, 226, 35975, 112, 23821, 8955, 168, 248, 102, 167, 238, 246, 168, 244, 112, 220, 169, 247, 242, 168, 252, 238, 35975, 246, 220, 166, 112, 112, 167, 94, 250, 168, 248, 112, 23821, 110, 246, 168, 100, 222, 167, 98, 120, 220, 166, 108, 243, 168, 94, 108, 47991, 246, 166, 111, 254, 23821, 252, 230, 46695, 97, 13, 198, 18, 167, 110, 230, 25, 357, 167, 224, 246, 8, 167, 232, 242, 220, 166, 108, 222, 168, 225, 223, 35975, 246, 23821, 94, 112, 168, 252, 105, 168, 245, 238, 31619, 117, 245, 167, 234, 222, 167, 232, 242, 220, 169, 239, 250, 169, 246, 226, 35975, 226, 23821, 8955, 168, 248, 102, 47991, 246, 168, 245, 105, 23821, 252, 238, 168, 245, 108, 220, 169, 246, 226, 168, 225, 223, 35975, 246, 31619, 111, 222, 169, 247, 242, 167, 98, 120, 31619, 241, 250, 167, 253, 105, 167, 224, 112, 166, 111, 254, 23821, 252, 230, 46695, 97, 13, 366, 167, 108, 109, 167, 96, 94, 35975, 246, 220, 166, 113, 121, 35975, 112, 166, 108, 247, 35975, 112, 1, 167, 251, 120, 167, 232, 242, 220, 169, 239, 250, 169, 246, 226, 35975, 112, 23821, 8955, 168, 248, 102, 167, 238, 246, 168, 244, 112, 23821, 245, 108, 35975, 246, 23821, 249, 222, 168, 100, 223, 168, 252, 226, 35975, 226, 31619, 108, 109, 167, 96, 94, 168, 245, 238, 31619, 117, 245, 167, 234, 222, 168, 244, 112, 220, 169, 239, 250, 169, 246, 226, 47991, 246, 166, 111, 254, 23821, 252, 230, 46695, 97, 13, 198, 19, 167, 110, 230, 25, 357, 167, 224, 246, 8, 167, 232, 242, 31619, 108, 102, 168, 250, 226, 35975, 246, 23821, 251, 246, 167, 107, 116, 167, 98, 120, 220, 169, 237, 105, 47991, 101, 47991, 250, 31619, 239, 238, 23821, 244, 112, 169, 250, 246, 167, 98, 120, 23821, 8955, 168, 248, 102, 47991, 246, 168, 245, 105, 31619, 234, 222, 168, 225, 223, 35975, 112, 23821, 226, 250, 167, 94, 250, 31619, 108, 246, 167, 234, 222, 31619, 108, 102, 169, 244, 98, 168, 250, 120, 167, 94, 250, 23821, 251, 112, 167, 237, 247, 47991, 101, 35975, 226, 31619, 241, 250, 167, 253, 105, 167, 224, 112, 166, 111, 254, 23821, 252, 230, 168, 100, 222, 23821, 243, 232, 46695, 97, 13, 30629, 167, 224, 246, 16725, 35975, 246, 31619, 224, 112, 168, 248, 102, 35975, 222, 23821, 96, 120, 167, 94, 250, 23821, 245, 108, 35975, 246, 23821, 249, 222, 168, 100, 223, 168, 252, 226, 166, 111, 120, 23821, 252, 238, 168, 245, 108, 220, 169, 246, 226, 168, 225, 223, 35975, 226, 220, 169, 239, 250, 169, 246, 226, 47991, 246, 166, 111, 254, 23821, 252, 230, 168, 250, 120, 167, 102, 108, 11, 31619, 108, 102, 168, 250, 226, 35975, 246, 23821, 251, 246, 167, 107, 116, 167, 98, 120, 220, 169, 237, 105, 47991, 101, 47991, 250, 31619, 239, 238, 23821, 244, 112, 169, 250, 246, 167, 98, 120, 23821, 8955, 168, 248, 102, 47991, 246, 168, 245, 105, 31619, 234, 222, 168, 225, 223, 35975, 246, 23821, 251, 112, 167, 237, 247, 31619, 108, 102, 169, 244, 98, 35975, 226, 220, 166, 108, 243, 168, 94, 108, 47991, 246, 167, 232, 242, 31619, 224, 112, 168, 248, 102, 35975, 222, 23821, 245, 228, 46695, 97, 13, 198, 20, 167, 110, 230, 25, 357, 166, 108, 222, 8, 168, 247, 222, 357, 167, 224, 246, 8, 167, 232, 242, 31619, 103, 101, 167, 239, 238, 11, 23821, 225, 231, 168, 109, 226, 167, 98, 120, 31619, 224, 246, 169, 225, 222, 167, 224, 112, 167, 232, 242, 220, 169, 239, 250, 169, 246, 226, 35975, 226, 220, 169, 228, 113, 47991, 112, 31619, 108, 108, 166, 110, 121, 23821, 228, 235, 168, 245, 238, 168, 226, 250, 31619, 234, 222, 168, 225, 223, 35975, 246, 23821, 249, 222, 168, 100, 223, 168, 252, 226, 35975, 226, 31619, 248, 250, 167, 254, 115, 47991, 246, 166, 110, 234, 31619, 241, 250, 167, 253, 105, 167, 224, 112, 166, 111, 254, 23821, 252, 230, 46695, 97, 13, 30629, 166, 108, 222, 16725, 168, 247, 222, 30629, 167, 224, 246, 16725, 31619, 103, 101, 167, 239, 238, 168, 245, 238, 168, 226, 250, 23821, 225, 231, 168, 109, 226, 167, 98, 120, 31619, 224, 246, 169, 225, 222, 167, 224, 112, 167, 232, 242, 220, 169, 239, 250, 169, 246, 226, 35975, 112, 23821, 8955, 168, 248, 102, 167, 238, 246, 168, 244, 112, 23821, 252, 230, 168, 100, 222, 23821, 243, 232, 46695, 97, 13, 198, 198, 168, 113, 250, 168, 95, 227, 23821, 254, 243, 46695, 113, 25, 362, 167, 110, 230]","[0.5, 0.5, 0.5, 0.5, 0.5, 0.5, 0.5, 0.5, 0.5, 0.5, 0.5, 0.5, 0.5, 0.5, 0.5, 0.5, 0.5, 0.5, 0.5, 0.5, 0.5, 0.5, 0.5, 0.5, 0.5, 0.5, 0.5, 0.5, 0.5, 0.5, 0.5, 0.5, 0.5, 0.5, 0.5, 0.5, 0.5, 0.5, 0.5, 0.5, 0.5, 0.5, 0.5, 0.5, 0.5, 0.5, 0.5, 0.5, 0.5, 0.5, 0.5, 0.5, 0.5, 0.5, 0.5, 0.5, 0.5, 0.5, 0.5, 0.5, 0.5, 0.5, 0.5, 0.5, 0.5, 0.5, 0.5, 0.5, 0.5, 0.5, 0.5, 0.5, 0.5, 0.5, 0.5, 0.5, 0.5, 0.5, 0.5, 0.5, 0.5, 0.5, 0.5, 0.5, 0.5, 0.5, 0.5, 0.5, 0.5, 0.5, 0.5, 0.5, 0.5, 0.5, 0.5, 0.5, 0.5, 0.5, 0.5, 0.5, 0.5, 0.5, 0.5, 0.5, 0.5, 0.5, 0.5, 0.5, 0.5, 0.5, 0.5, 0.5, 0.5, 0.5, 0.5, 0.5, 0.5, 0.5, 0.5, 0.5, 0.5, 0.5, 0.5, 0.5, 0.5, 0.5, 0.5, 0.5, 0.5, 0.5, 0.5, 0.5, 0.5, 0.5, 0.5, 0.5, 0.5, 0.5, 0.5, 0.5, 0.5, 0.5, 0.5, 0.5, 0.5, 0.5, 0.5, 0.5, 0.5, 0.5, 0.5, 0.5, 0.5, 0.5, 0.5, 0.5, 0.5, 0.5, 0.5, 0.5, 0.5, 0.5, 0.5, 0.5, 0.5, 0.5, 0.5, 0.5, 0.5, 0.5, 0.5, 0.5, 0.5, 0.5, 0.5, 0.5, 0.5, 0.5, 0.5, 0.5, 0.5, 0.5, 0.5, 0.5, 0.5, 0.5, 0.5, 0.5, 0.5, 0.5, 0.5, 0.5, 0.5, 0.5, 0.5, 0.5, 0.5, 0.5, 0.5, 0.5, 0.5, 0.5, 0.5, 0.5, 0.5, 0.5, 0.5, 0.5, 0.5, 0.5, 0.5, 0.5, 0.5, 0.5, 0.5, 0.5, 0.5, 0.5, 0.5, 0.5, 0.5, 0.5, 0.5, 0.5, 0.5, 0.5, 0.5, 0.5, 0.5, 0.5, 0.5, 0.5, 0.5, 0.5, 0.5, 0.5, 0.5, 0.5, 0.5, 0.5, 0.5, 0.5, 0.5, 0.5, 0.5, 0.5, 0.5, 0.5, 0.5, 0.5, 0.5, 0.5, 0.5, 0.5, 0.5, 0.5, 0.5, 0.5, 0.5, 0.5, 0.5, 0.5, 0.5, 0.5, 0.5, 0.5, 0.5, 0.5, 0.5, 0.5, 0.5, 0.5, 0.5, 0.5, 0.5, 0.5, 0.5, 0.5, 0.5, 0.5, 0.5, 0.5, 0.5, 0.5, 0.5, 0.5, 0.5, 0.5, 0.5, 0.5, 0.5, 0.5, 0.5, 0.5, 0.5, 0.5, 0.5, 0.5, 0.5, 0.5, 0.5, 0.5, 0.5, 0.5, 0.5, 0.5, 0.5, 0.5, 0.5, 0.5, 0.5, 0.5, 0.5, 0.5, 0.5, 0.5, 0.5, 0.5, 0.5, 0.5, 0.5, 0.5, 0.5, 0.5, 0.5, 0.5, 0.5, 0.5, 0.5, 0.5, 0.5, 0.5, 0.5, 0.5, 0.5, 0.5, 0.5, 0.5, 0.5, 0.5, 0.5, 0.5, 0.5, 0.5, 0.5, 0.5, 0.5, 0.5, 0.5, 0.5, 0.5, 0.5, 0.5, 0.5, 0.5, 0.5, 0.5, 0.5, 0.5, 0.5, 0.5, 0.5, 0.5, 0.5, 0.5, 0.5, 0.5, 0.5, 0.5, 0.5, 0.5, 0.5, 0.5, 0.5, 0.5, 0.5, 0.5, 0.5, 0.5, 0.5, 0.5, 0.5, 0.5, 0.5, 0.5, 0.5, 0.5, 0.5, 0.5, 0.5, 0.5, 0.5, 0.5, 0.5, 0.5, 0.5, 0.5, 0.5, 0.5, 0.5, 0.5, 0.5, 0.5, 0.5, 0.5, 0.5, 0.5, 0.5, 0.5, 0.5, 0.5, 0.5, 0.5, 0.5, 0.5, 0.5, 0.5, 0.5, 0.5, 0.5, 0.5, 0.5, 0.5, 0.5, 0.5, 0.5, 0.5, 0.5, 0.5, 0.5, 0.5, 0.5, 0.5, 0.5, 0.5, 0.5, 0.5, 0.5, 0.5, 0.5, 0.5, 0.5, 0.5, 0.5, 0.5, 0.5, 0.5, 0.5, 0.5, 0.5, 0.5, 0.5, 0.5, 0.5, 0.5, 0.5, 0.5, 0.5, 0.5, 0.5, 0.5, 0.5, 0.5, 0.5, 0.5, 0.5, 0.5, 0.5, 0.5, 0.5, 0.5, 0.5, 0.5, 0.5, 0.5, 0.5, 0.5, 0.5, 0.5, 0.5, 0.5, 0.5, 0.5, 0.5, 0.5, 0.5, 0.5, 0.5, 0.5, 0.5, 0.5, 0.5, 0.5, 0.5, 0.5, 0.5, 0.5, 0.5, 0.5, 0.5, 0.5, 0.5, 0.5, 0.5, 0.5, 0.5, 0.5, 0.5, 0.5, 0.5, 0.5, 0.5, 0.5, 0.5, 0.5, 0.5, 0.5, 0.5, 0.5, 0.5, 0.5, 0.5, 0.5, 0.5, 0.5, 0.5, 0.5, 0.5, 0.5, 0.5, 0.5, 0.5, 0.5, 0.5, 0.5, 0.5, 0.5, 0.5, 0.5, 0.5, 0.5, 0.5, 0.5, 0.5, 0.5, 0.5, 0.5, 0.5, 0.5, 0.5, 0.5, 0.5, 0.5, 0.5, 0.5, 0.5, 0.5, 0.5, 0.5, 0.5, 0.5, 0.5, 0.5, 0.5, 0.5, 0.5, 0.5, 0.5, 0.5, 0.5, 0.5, 0.5, 0.5, 0.5, 0.5, 0.5, 0.5, 0.5, 0.5, 0.5, 0.5, 0.5, 0.5, 0.5, 0.5, 0.5, 0.5, 0.5, 0.5, 0.5, 0.5, 0.5, 0.5, 0.5, 0.5, 0.5, 0.5, 0.5, 0.5, 0.5, 0.5, 0.5, 0.5, 0.5, 0.5, 0.5, 0.5, 0.5, 0.5, 0.5, 0.5, 0.5, 0.5, 0.5, 0.5, 0.5, 0.5, 0.5, 0.5, 0.5, 0.5, 0.5, 0.5, 0.5, 0.5, 0.5, 0.5, 0.5, 0.5, 0.5, 0.5, 0.5, 0.5, 0.5, 0.5, 0.5, 0.5, 0.5, 0.5, 0.5, 0.5, 0.5, 0.5, 0.5, 0.5, 0.5, 0.5, 0.5, 0.5, 0.5, 0.5, 0.5, 0.5, 0.5, 0.5, 0.5, 0.5, 0.5, 0.5, 0.5, 0.5, 0.5, 0.5, 0.5, 0.5, 0.5, 0.5, 0.5, 0.5, 0.5, 0.5, 0.5, 0.5, 0.5, 0.5, 0.5, 0.5, 0.5, 0.5, 0.5, 0.5, 0.5, 0.5, 0.5, 0.5, 0.5, 0.5, 0.5, 0.5, 0.5, 0.5, 0.5, 0.5, 0.5, 0.5, 0.5, 0.5, 0.5, 0.5, 0.5, 0.5, 0.5, 0.5, 0.5, 0.5, 0.5, 0.5, 0.5, 0.5, 0.5, 0.5, 0.5, 0.5, 0.5, 0.5, 0.5, 0.5, 0.5, 0.5, 0.5, 0.5, 0.5, 0.5, 0.5, 0.5, 0.5, 0.5, 0.5, 0.5, 0.5, 0.5, 0.5, 0.5, 0.5, 0.5, 0.5, 0.5, 0.5, 0.5, 0.5, 0.5, 0.5, 0.5, 0.5, 0.5, 0.5, 0.5, 0.5, 0.5, 0.5, 0.5, 0.5, 0.5, 0.5, 0.5, 0.5, 0.5, 0.5, 0.5, 0.5, 0.5, 0.5, 0.5, 0.5, 0.5, 0.5, 0.5, 0.5, 0.5, 0.5, 0.5, 0.5, 0.5, 0.5, 0.5, 0.5, 0.5, 0.5, 0.5, 0.5, 0.5, 0.5, 0.5, 0.5, 0.5, 0.5, 0.5, 0.5, 0.5, 0.5, 0.5, 0.5, 0.5, 0.5, 0.5, 0.5, 0.5, 0.5, 0.5, 0.5, 0.5, 0.5, 0.5, 0.5, 0.5, 0.5, 0.5, 0.5, 0.5, 0.5, 0.5, 0.5, 0.5, 0.5, 0.5, 0.5, 0.5, 0.5, 0.5, 0.5, 0.5, 0.5, 0.5, 0.5, 0.5, 0.5, 0.5, 0.5, 0.5, 0.5, 0.5, 0.5, 0.5, 0.5, 0.5, 0.5, 0.5, 0.5, 0.5, 0.5, 0.5, 0.5, 0.5, 0.5, 0.5, 0.5, 0.5, 0.5, 0.5, 0.5, 0.5, 0.5, 0.5, 0.5, 0.5, 0.5, 0.5, 0.5, 0.5, 0.5, 0.5, 0.5, 0.5, 0.5, 0.5, 0.5, 0.5, 0.5, 0.5, 0.5, 0.5, 0.5, 0.5, 0.5, 0.5, 0.5, 0.5, 0.5, 0.5, 0.5, 0.5, 0.5, 0.5, 0.5, 0.5, 0.5, 0.5, 0.5, 0.5, 0.5, 0.5, 0.5, 0.5, 0.5, 0.5, 0.5, 0.5, 0.5, 0.5, 0.5, 0.5, 0.5, 0.5, 0.5, 0.5, 0.5, 0.5, 0.5, 0.5, 0.5, 0.5, 0.5, 0.5, 0.5, 0.5, 0.5, 0.5, 0.5, 0.5, 0.5, 0.5, 0.5, 0.5, 0.5, 0.5, 0.5, 0.5, 0.5, 0.5, 0.5, 0.5, 0.5, 0.5, 0.5, 0.5, 0.5, 0.5, 0.5, 0.5, 0.5, 0.5, 0.5, 0.5, 0.5, 0.5, 0.5, 0.5, 0.5, 0.5, 0.5, 0.5, 0.5, 0.5, 0.5, 0.5, 0.5, 0.5, 0.5, 0.5, 0.5, 0.5, 0.5, 0.5, 0.5, 0.5, 0.5, 0.5, 0.5, 0.5, 0.5, 0.5, 0.5, 0.5, 0.5, 0.5, 0.5, 0.5, 0.5, 0.5, 0.5, 0.5, 0.5, 0.5, 0.5, 0.5, 0.5, 0.5, 0.5, 0.5, 0.5, 0.5, 0.5, 0.5, 0.5, 0.5, 0.5, 0.5, 0.5, 0.5, 0.5, 0.5, 0.5, 0.5, 0.5, 0.5, 0.5, 0.5, 0.5, 0.5, 0.5, 0.5, 0.5, 0.5, 0.5, 0.5, 0.5, 0.5, 0.5, 0.5, 0.5, 0.5, 0.5, 0.5, 0.5, 0.5, 0.5, 0.5, 0.5, 0.5, 0.5, 0.5, 0.5, 0.5, 0.5, 0.5, 0.5, 0.5, 0.5, 0.5, 0.5, 0.5, 0.5, 0.5, 0.5, 0.5, 0.5, 0.5, 0.5, 0.5, 0.5, 0.5, 0.5, 0.5, 0.5, 0.5, 0.5, 0.5, 0.5, 0.5, 0.5, 0.5, 0.5, 0.5, 0.5, 0.5, 0.5, 0.5, 0.5, 0.5, 0.5, 0.5, 0.5, 0.5, 0.5, 0.5, 0.5, 0.5, 0.5, 0.5, 0.5, 0.5, 0.5, 0.5, 0.5, 0.5, 0.5, 0.5, 0.5, 0.5, 0.5, 0.5, 0.5, 0.5, 0.5, 0.5, 0.5, 0.5, 0.5, 0.5, 0.5, 0.5, 0.5, 0.5, 0.5, 0.5, 0.5, 0.5, 0.5, 0.5, 0.5, 0.5, 0.5, 0.5, 0.5, 0.5, 0.5, 0.5, 0.5, 0.5, 0.5, 0.5, 0.5, 0.5, 0.5, 0.5, 0.5, 0.5, 0.5, 0.5, 0.5, 0.5, 0.5, 0.5, 0.5, 0.5, 0.5, 0.5, 0.5, 0.5, 0.5, 0.5, 0.5, 0.5, 0.5, 0.5, 0.5, 0.5, 0.5, 0.5, 0.5, 0.5, 0.5, 0.5, 0.5, 0.5, 0.5, 0.5, 0.5, 0.5, 0.5, 0.5, 0.5, 0.5, 0.5, 0.5, 0.5, 0.5, 0.5, 0.5, 0.5, 0.5, 0.5, 0.5, 0.5, 0.5, 0.5, 0.5, 0.5, 0.5, 0.5, 0.5, 0.5, 0.5, 0.5, 0.5, 0.5, 0.5, 0.5, 0.5, 0.5, 0.5, 0.5, 0.5, 0.5, 0.5, 0.5, 0.5, 0.5, 0.5, 0.5]",2
2026_11_KICE_31-34_1,['4(2)'],"1번: 적절한 설명 + ""㉠[우리 말이 지쳤구나]""
2번: 적절한 설명 + ""㉡[촌인(村人)의 솜씨 아녀]""
3번: 적절한 설명 + ""㉢[수상히 오는 손]""
4번: 적절하지 않은 설명 + ""㉣[유심터라 이 부사야]""
5번: 적절한 설명 + ""㉤[억지로 발 드리운들]""

최종 정답: 4번","[16, 167, 110, 230, 25, 23821, 254, 223, 168, 254, 230, 47991, 250, 23821, 226, 97, 167, 103, 227, 1343, 366, 159, 231, 254, 58, 168, 248, 108, 167, 99, 105, 31619, 100, 238, 35975, 112, 23821, 100, 222, 168, 111, 97, 166, 113, 105, 167, 224, 246, 30866, 198, 17, 167, 110, 230, 25, 23821, 254, 223, 168, 254, 230, 47991, 250, 23821, 226, 97, 167, 103, 227, 1343, 366, 159, 231, 94, 58, 168, 112, 234, 35975, 116, 7, 30266, 239, 21689, 8, 35975, 246, 23821, 228, 250, 168, 242, 101, 23821, 243, 226, 167, 227, 222, 30866, 198, 18, 167, 110, 230, 25, 23821, 254, 223, 168, 254, 230, 47991, 250, 23821, 226, 97, 167, 103, 227, 1343, 366, 159, 231, 95, 58, 168, 230, 246, 168, 225, 223, 169, 252, 230, 23821, 246, 97, 167, 232, 242, 23821, 228, 238, 30866, 198, 19, 167, 110, 230, 25, 23821, 254, 223, 168, 254, 230, 47991, 246, 168, 100, 222, 23821, 243, 232, 35975, 222, 23821, 226, 97, 167, 103, 227, 1343, 366, 159, 231, 96, 58, 168, 250, 254, 168, 233, 105, 169, 226, 108, 167, 251, 120, 23821, 251, 112, 31619, 114, 222, 168, 8955, 168, 243, 120, 30866, 198, 20, 167, 110, 230, 25, 23821, 254, 223, 168, 254, 230, 47991, 250, 23821, 226, 97, 167, 103, 227, 1343, 366, 159, 231, 97, 58, 168, 244, 113, 168, 100, 222, 167, 94, 250, 31619, 108, 250, 31619, 241, 250, 167, 99, 105, 168, 248, 112, 167, 241, 97, 30866, 198, 198, 168, 113, 250, 168, 95, 227, 23821, 254, 243, 46695, 113, 25, 604, 167, 110, 230]","[0.5, 0.5, 0.5, 0.5, 0.5, 0.5, 0.5, 0.5, 0.5, 0.5, 0.5, 0.5, 0.5, 0.5, 0.5, 0.5, 0.5, 0.5, 0.5, 0.5, 0.5, 0.5, 0.5, 0.5, 0.5, 0.5, 0.5, 0.5, 0.5, 0.5, 0.5, 0.5, 0.5, 0.5, 0.5, 0.5, 0.5, 0.5, 0.5, 0.5, 0.5, 0.5, 0.5, 0.5, 0.5, 0.5, 0.5, 0.5, 0.5, 0.5, 0.5, 0.5, 0.5, 0.5, 0.5, 0.5, 0.5, 0.5, 0.5, 0.5, 0.5, 0.5, 0.5, 0.5, 0.5, 0.5, 0.5, 0.5, 0.5, 0.5, 0.5, 0.5, 0.5, 0.5, 0.5, 0.5, 0.5, 0.5, 0.5, 0.5, 0.5, 0.5, 0.5, 0.5, 0.5, 0.5, 0.5, 0.5, 0.5, 0.5, 0.5, 0.5, 0.5, 0.5, 0.5, 0.5, 0.5, 0.5, 0.5, 0.5, 0.5, 0.5, 0.5, 0.5, 0.5, 0.5, 0.5, 0.5, 0.5, 0.5, 0.5, 0.5, 0.5, 0.5, 0.5, 0.5, 0.5, 0.5, 0.5, 0.5, 0.5, 0.5, 0.5, 0.5, 0.5, 0.5, 0.5, 0.5, 0.5, 0.5, 0.5, 0.5, 0.5, 0.5, 0.5, 0.5, 0.5, 0.5, 0.5, 0.5, 0.5, 0.5, 0.5, 0.5, 0.5, 0.5, 0.5, 0.5, 0.5, 0.5, 0.5, 0.5, 0.5, 0.5, 0.5, 0.5, 0.5, 0.5, 0.5, 0.5, 0.5, 0.5, 0.5, 0.5, 0.5, 0.5, 0.5, 0.5, 0.5, 0.5, 0.5, 0.5, 0.5, 0.5, 0.5, 0.5, 0.5, 0.5, 0.5, 0.5, 0.5, 0.5, 0.5, 0.5, 0.5, 0.5, 0.5, 0.5, 0.5, 0.5, 0.5, 0.5, 0.5, 0.5, 0.5, 0.5, 0.5, 0.5, 0.5, 0.5, 0.5, 0.5, 0.5, 0.5, 0.5, 0.5, 0.5, 0.5, 0.5, 0.5, 0.5, 0.5, 0.5, 0.5, 0.5, 0.5, 0.5, 0.5, 0.5, 0.5, 0.5, 0.5, 0.5, 0.5, 0.5, 0.5, 0.5, 0.5, 0.5, 0.5, 0.5, 0.5, 0.5, 0.5, 0.5, 0.5, 0.5, 0.5, 0.5, 0.5, 0.5, 0.5, 0.5, 0.5, 0.5, 0.5, 0.5, 0.5, 0.5, 0.5, 0.5, 0.5, 0.5, 0.5, 0.5, 0.5, 0.5, 0.5, 0.5, 0.5, 0.5, 0.5, 0.5, 0.5, 0.5, 0.5, 0.5, 0.5, 0.5, 0.5, 0.5, 0.5]",2
2026_11_KICE_31-34_2,['1(2)'],"1번: ⓐ는 감긴 실을 끝까지 풀어서 멀리 떠나보내려는 대상이다. + ""정월 대보름에 서풍이 고이 불 제 하얀 실 한 얼레를 끝까지 풀어 띄울 제""
2번: ⓐ는 비를 기원하여 바다 건너 자연물에 걸어 두려는 대상이다. + ""풍소소 우낙락할 제 자연 소멸 하여라""
3번: ⓑ는 바람이 잦아들었을 때 하늘에 유유히 띄워 두는 대상이다. + ""바람이 한창인 제 삼간 퇴김 사간 근두 반공에 솟아올라 구름에 걸쳤으니""
4번: ⓐ와 ⓑ는 모두, 임에게 보내려는 전언을 담고 있는 대상이다. + ""이 시름 저 시름 여러 가지 시름 방패연에 세세히 적어""
5번: ⓐ와 ⓑ는 모두, 집단의 의지를 실현하기 위해 날리는 대상이다. + ""강원도 설화지를 제 크기로 연을 지어""

최종 정답: 4번","[16, 167, 110, 230, 25, 2343, 241, 238, 167, 232, 242, 220, 166, 108, 238, 166, 116, 112, 23821, 233, 97, 35975, 226, 31619, 223, 251, 166, 117, 234, 168, 100, 222, 220, 169, 240, 222, 168, 244, 112, 168, 226, 250, 31619, 102, 222, 167, 99, 105, 31619, 244, 254, 167, 224, 246, 167, 111, 112, 167, 224, 112, 167, 254, 97, 167, 232, 242, 31619, 234, 222, 168, 225, 223, 35975, 112, 46695, 97, 13, 1343, 366, 168, 254, 243, 168, 249, 242, 31619, 234, 222, 167, 111, 112, 167, 99, 226, 168, 245, 238, 23821, 226, 250, 169, 240, 235, 35975, 112, 220, 166, 111, 254, 35975, 112, 31619, 114, 230, 23821, 254, 250, 220, 47991, 246, 168, 244, 222, 23821, 233, 97, 220, 47991, 250, 23821, 244, 120, 167, 254, 230, 167, 98, 120, 31619, 223, 251, 166, 117, 234, 168, 100, 222, 220, 169, 240, 222, 168, 244, 112, 31619, 251, 226, 168, 248, 116, 23821, 254, 250, 1, 198, 17, 167, 110, 230, 25, 2343, 241, 238, 167, 232, 242, 31619, 117, 226, 167, 98, 120, 220, 166, 116, 108, 168, 249, 238, 47991, 246, 168, 245, 105, 31619, 108, 242, 46695, 97, 220, 166, 109, 112, 167, 226, 230, 23821, 252, 238, 168, 245, 108, 167, 45539, 168, 245, 238, 220, 166, 109, 116, 168, 244, 112, 31619, 239, 238, 167, 254, 97, 167, 232, 242, 31619, 234, 222, 168, 225, 223, 35975, 112, 46695, 97, 13, 1343, 366, 169, 240, 235, 168, 228, 234, 168, 228, 234, 23821, 248, 108, 167, 224, 247, 167, 251, 121, 47991, 254, 23821, 254, 250, 23821, 252, 238, 168, 245, 108, 23821, 228, 234, 167, 102, 116, 220, 47991, 246, 168, 245, 105, 167, 251, 120, 1, 198, 18, 167, 110, 230, 25, 2343, 241, 239, 167, 232, 242, 31619, 108, 242, 167, 252, 234, 35975, 112, 23821, 252, 99, 168, 243, 226, 167, 241, 97, 168, 245, 230, 35975, 226, 31619, 243, 234, 220, 47991, 246, 167, 232, 246, 168, 245, 238, 23821, 250, 254, 168, 250, 254, 169, 252, 230, 31619, 251, 226, 168, 249, 234, 31619, 239, 238, 167, 232, 242, 31619, 234, 222, 168, 225, 223, 35975, 112, 46695, 97, 13, 1343, 366, 167, 108, 242, 167, 252, 234, 35975, 112, 220, 47991, 250, 168, 108, 121, 35975, 116, 23821, 254, 250, 23821, 224, 120, 166, 108, 226, 220, 169, 229, 112, 166, 117, 222, 23821, 8955, 166, 108, 226, 220, 166, 115, 120, 167, 239, 238, 31619, 108, 246, 166, 111, 113, 168, 245, 238, 23821, 228, 253, 168, 243, 226, 168, 246, 105, 167, 251, 120, 220, 166, 113, 105, 167, 99, 226, 168, 245, 238, 220, 166, 109, 116, 168, 111, 97, 168, 250, 120, 46695, 230, 1, 198, 19, 167, 110, 230, 25, 2343, 241, 238, 168, 247, 222, 2343, 241, 239, 167, 232, 242, 31619, 103, 101, 167, 239, 238, 11, 23821, 252, 226, 168, 245, 238, 166, 110, 234, 31619, 111, 112, 167, 224, 112, 167, 254, 97, 167, 232, 242, 23821, 254, 226, 168, 244, 116, 35975, 226, 31619, 233, 112, 166, 111, 254, 23821, 252, 230, 167, 232, 242, 31619, 234, 222, 168, 225, 223, 35975, 112, 46695, 97, 13, 1343, 366, 35975, 112, 23821, 233, 250, 167, 99, 226, 23821, 254, 222, 23821, 233, 250, 167, 99, 226, 23821, 245, 105, 167, 253, 105, 220, 166, 108, 222, 168, 100, 222, 23821, 233, 250, 167, 99, 226, 31619, 108, 102, 169, 234, 101, 168, 245, 108, 168, 245, 238, 23821, 226, 116, 168, 226, 116, 169, 252, 230, 23821, 254, 223, 168, 244, 112, 1, 198, 20, 167, 110, 230, 25, 2343, 241, 238, 168, 247, 222, 2343, 241, 239, 167, 232, 242, 31619, 103, 101, 167, 239, 238, 11, 23821, 100, 239, 46695, 101, 35975, 246, 23821, 251, 246, 168, 100, 222, 167, 98, 120, 23821, 233, 97, 169, 246, 226, 47991, 246, 166, 116, 108, 23821, 250, 226, 47991, 112, 31619, 224, 254, 167, 99, 105, 167, 232, 242, 31619, 234, 222, 168, 225, 223, 35975, 112, 46695, 97, 13, 1343, 366, 166, 108, 243, 168, 249, 238, 167, 237, 226, 23821, 226, 97, 169, 247, 242, 168, 100, 222, 167, 98, 120, 23821, 254, 250, 220, 169, 223, 105, 166, 116, 108, 167, 94, 250, 23821, 245, 108, 35975, 226, 23821, 100, 222, 168, 244, 112, 1, 198, 198, 168, 113, 250, 168, 95, 227, 23821, 254, 243, 46695, 113, 25, 604, 167, 110, 230]","[0.5, 0.5, 0.5, 0.5, 0.5, 0.5, 0.5, 0.5, 0.5, 0.5, 0.5, 0.5, 0.5, 0.5, 0.5, 0.5, 0.5, 0.5, 0.5, 0.5, 0.5, 0.5, 0.5, 0.5, 0.5, 0.5, 0.5, 0.5, 0.5, 0.5, 0.5, 0.5, 0.5, 0.5, 0.5, 0.5, 0.5, 0.5, 0.5, 0.5, 0.5, 0.5, 0.5, 0.5, 0.5, 0.5, 0.5, 0.5, 0.5, 0.5, 0.5, 0.5, 0.5, 0.5, 0.5, 0.5, 0.5, 0.5, 0.5, 0.5, 0.5, 0.5, 0.5, 0.5, 0.5, 0.5, 0.5, 0.5, 0.5, 0.5, 0.5, 0.5, 0.5, 0.5, 0.5, 0.5, 0.5, 0.5, 0.5, 0.5, 0.5, 0.5, 0.5, 0.5, 0.5, 0.5, 0.5, 0.5, 0.5, 0.5, 0.5, 0.5, 0.5, 0.5, 0.5, 0.5, 0.5, 0.5, 0.5, 0.5, 0.5, 0.5, 0.5, 0.5, 0.5, 0.5, 0.5, 0.5, 0.5, 0.5, 0.5, 0.5, 0.5, 0.5, 0.5, 0.5, 0.5, 0.5, 0.5, 0.5, 0.5, 0.5, 0.5, 0.5, 0.5, 0.5, 0.5, 0.5, 0.5, 0.5, 0.5, 0.5, 0.5, 0.5, 0.5, 0.5, 0.5, 0.5, 0.5, 0.5, 0.5, 0.5, 0.5, 0.5, 0.5, 0.5, 0.5, 0.5, 0.5, 0.5, 0.5, 0.5, 0.5, 0.5, 0.5, 0.5, 0.5, 0.5, 0.5, 0.5, 0.5, 0.5, 0.5, 0.5, 0.5, 0.5, 0.5, 0.5, 0.5, 0.5, 0.5, 0.5, 0.5, 0.5, 0.5, 0.5, 0.5, 0.5, 0.5, 0.5, 0.5, 0.5, 0.5, 0.5, 0.5, 0.5, 0.5, 0.5, 0.5, 0.5, 0.5, 0.5, 0.5, 0.5, 0.5, 0.5, 0.5, 0.5, 0.5, 0.5, 0.5, 0.5, 0.5, 0.5, 0.5, 0.5, 0.5, 0.5, 0.5, 0.5, 0.5, 0.5, 0.5, 0.5, 0.5, 0.5, 0.5, 0.5, 0.5, 0.5, 0.5, 0.5, 0.5, 0.5, 0.5, 0.5, 0.5, 0.5, 0.5, 0.5, 0.5, 0.5, 0.5, 0.5, 0.5, 0.5, 0.5, 0.5, 0.5, 0.5, 0.5, 0.5, 0.5, 0.5, 0.5, 0.5, 0.5, 0.5, 0.5, 0.5, 0.5, 0.5, 0.5, 0.5, 0.5, 0.5, 0.5, 0.5, 0.5, 0.5, 0.5, 0.5, 0.5, 0.5, 0.5, 0.5, 0.5, 0.5, 0.5, 0.5, 0.5, 0.5, 0.5, 0.5, 0.5, 0.5, 0.5, 0.5, 0.5, 0.5, 0.5, 0.5, 0.5, 0.5, 0.5, 0.5, 0.5, 0.5, 0.5, 0.5, 0.5, 0.5, 0.5, 0.5, 0.5, 0.5, 0.5, 0.5, 0.5, 0.5, 0.5, 0.5, 0.5, 0.5, 0.5, 0.5, 0.5, 0.5, 0.5, 0.5, 0.5, 0.5, 0.5, 0.5, 0.5, 0.5, 0.5, 0.5, 0.5, 0.5, 0.5, 0.5, 0.5, 0.5, 0.5, 0.5, 0.5, 0.5, 0.5, 0.5, 0.5, 0.5, 0.5, 0.5, 0.5, 0.5, 0.5, 0.5, 0.5, 0.5, 0.5, 0.5, 0.5, 0.5, 0.5, 0.5, 0.5, 0.5, 0.5, 0.5, 0.5, 0.5, 0.5, 0.5, 0.5, 0.5, 0.5, 0.5, 0.5, 0.5, 0.5, 0.5, 0.5, 0.5, 0.5, 0.5, 0.5, 0.5, 0.5, 0.5, 0.5, 0.5, 0.5, 0.5, 0.5, 0.5, 0.5, 0.5, 0.5, 0.5, 0.5, 0.5, 0.5, 0.5, 0.5, 0.5, 0.5, 0.5, 0.5, 0.5, 0.5, 0.5, 0.5, 0.5, 0.5, 0.5, 0.5, 0.5, 0.5, 0.5, 0.5, 0.5, 0.5, 0.5, 0.5, 0.5, 0.5, 0.5, 0.5, 0.5, 0.5, 0.5, 0.5, 0.5, 0.5, 0.5, 0.5, 0.5, 0.5, 0.5, 0.5, 0.5, 0.5, 0.5, 0.5, 0.5, 0.5, 0.5, 0.5, 0.5, 0.5, 0.5, 0.5, 0.5, 0.5, 0.5, 0.5, 0.5, 0.5, 0.5, 0.5, 0.5, 0.5, 0.5, 0.5, 0.5, 0.5, 0.5, 0.5, 0.5, 0.5, 0.5, 0.5, 0.5, 0.5, 0.5, 0.5, 0.5, 0.5, 0.5, 0.5, 0.5, 0.5, 0.5, 0.5, 0.5, 0.5, 0.5, 0.5, 0.5, 0.5, 0.5, 0.5, 0.5, 0.5, 0.5, 0.5, 0.5, 0.5, 0.5, 0.5, 0.5, 0.5, 0.5, 0.5, 0.5, 0.5, 0.5, 0.5, 0.5, 0.5, 0.5, 0.5, 0.5, 0.5, 0.5, 0.5, 0.5, 0.5, 0.5, 0.5, 0.5, 0.5, 0.5, 0.5, 0.5, 0.5, 0.5, 0.5, 0.5, 0.5, 0.5, 0.5, 0.5, 0.5, 0.5, 0.5, 0.5, 0.5, 0.5, 0.5, 0.5, 0.5, 0.5, 0.5, 0.5, 0.5, 0.5, 0.5, 0.5, 0.5, 0.5, 0.5, 0.5, 0.5, 0.5, 0.5, 0.5, 0.5, 0.5, 0.5, 0.5, 0.5, 0.5, 0.5, 0.5, 0.5, 0.5, 0.5, 0.5, 0.5, 0.5, 0.5, 0.5, 0.5, 0.5, 0.5, 0.5, 0.5, 0.5, 0.5, 0.5, 0.5, 0.5, 0.5, 0.5, 0.5, 0.5, 0.5, 0.5, 0.5, 0.5, 0.5, 0.5, 0.5, 0.5, 0.5, 0.5, 0.5, 0.5, 0.5, 0.5, 0.5, 0.5, 0.5, 0.5, 0.5, 0.5, 0.5, 0.5, 0.5, 0.5, 0.5, 0.5, 0.5, 0.5, 0.5, 0.5, 0.5, 0.5, 0.5, 0.5, 0.5, 0.5, 0.5, 0.5, 0.5, 0.5, 0.5, 0.5, 0.5, 0.5, 0.5, 0.5, 0.5, 0.5, 0.5, 0.5, 0.5, 0.5, 0.5, 0.5, 0.5, 0.5, 0.5, 0.5, 0.5, 0.5, 0.5, 0.5, 0.5, 0.5, 0.5, 0.5, 0.5, 0.5, 0.5, 0.5, 0.5, 0.5, 0.5, 0.5, 0.5, 0.5, 0.5, 0.5, 0.5, 0.5, 0.5, 0.5, 0.5, 0.5, 0.5, 0.5, 0.5, 0.5, 0.5, 0.5, 0.5, 0.5, 0.5, 0.5, 0.5, 0.5, 0.5, 0.5, 0.5, 0.5, 0.5, 0.5, 0.5, 0.5, 0.5, 0.5, 0.5, 0.5, 0.5, 0.5, 0.5, 0.5, 0.5, 0.5, 0.5, 0.5, 0.5, 0.5, 0.5, 0.5, 0.5, 0.5, 0.5, 0.5, 0.5, 0.5, 0.5, 0.5, 0.5, 0.5, 0.5, 0.5, 0.5, 0.5, 0.5, 0.5, 0.5, 0.5, 0.5, 0.5, 0.5, 0.5, 0.5, 0.5, 0.5, 0.5, 0.5, 0.5, 0.5, 0.5, 0.5, 0.5, 0.5, 0.5, 0.5, 0.5, 0.5, 0.5, 0.5, 0.5, 0.5, 0.5, 0.5, 0.5, 0.5, 0.5, 0.5, 0.5, 0.5, 0.5, 0.5, 0.5, 0.5, 0.5, 0.5, 0.5, 0.5]",0
2026_11_KICE_31-34_3,['3(3)'],"1번: 이 선택지는 적절합니다. ""(가)는 장면 속에서 묘사된 행위를 통해 정서나 의미를 드러내기도 하고, 화자를 대상화하며 해학의 대상으로 삼기도 한다.""
2번: 이 선택지는 적절합니다. ""(나)는 화자가 가지고 있는 정서를 대상과 행위에 담아내고""
3번: 이 선택지는 적절하지 않습니다. ""(다)는 대상으로부터 화자의 정서가 촉발되는 모습을 보여 준다."" 이 문장과 선택지 3번의 내용이 다릅니다. 
4번: 이 선택지는 적절하지 않습니다. ""(가)는 장면 속에서 묘사된 행위를 통해 정서나 의미를 드러내기도 하고, 화자를 대상화하며 해학의 대상으로 삼기도 한다. (나)와 (다)는 동일한 소재를 중심으로 시상을 전개하며, 구체적이고 생동감 있는 표현을 통해 대상이 그 자체로 부각되는 모습을 보여 준다."" 이 문장과 선택지 4번의 내용이 다릅니다.
5번: 이 선택지는 적절합니다. ""(나)와 (다)는 동일한 소재를 중심으로 시상을 전개하며, 구체적이고 생동감 있는 표현을 통해 대상이 그 자체로 부각되는 모습을 보여 준다.""

최종 정답: 3번","[16, 167, 110, 230, 25, 23821, 251, 112, 23821, 226, 254, 169, 225, 251, 168, 100, 222, 167, 232, 242, 23821, 254, 223, 168, 254, 230, 47991, 102, 46695, 230, 46695, 97, 13, 30629, 166, 108, 222, 8, 167, 232, 242, 23821, 252, 98, 167, 102, 112, 23821, 228, 235, 168, 245, 238, 168, 226, 250, 31619, 105, 246, 168, 8955, 167, 238, 250, 220, 169, 244, 231, 168, 250, 226, 167, 98, 120, 220, 169, 228, 113, 47991, 112, 23821, 254, 243, 168, 226, 250, 167, 224, 246, 23821, 251, 246, 167, 107, 116, 167, 98, 120, 31619, 241, 250, 167, 253, 105, 167, 224, 112, 166, 116, 108, 167, 237, 226, 220, 47991, 246, 166, 111, 254, 11, 220, 169, 247, 242, 168, 252, 238, 167, 98, 120, 31619, 234, 222, 168, 225, 223, 169, 247, 242, 47991, 246, 167, 102, 108, 220, 47991, 112, 47991, 247, 35975, 246, 31619, 234, 222, 168, 225, 223, 168, 250, 120, 167, 94, 250, 23821, 224, 120, 166, 116, 108, 167, 237, 226, 220, 47991, 250, 46695, 97, 526, 198, 17, 167, 110, 230, 25, 23821, 251, 112, 23821, 226, 254, 169, 225, 251, 168, 100, 222, 167, 232, 242, 23821, 254, 223, 168, 254, 230, 47991, 102, 46695, 230, 46695, 97, 13, 30629, 167, 224, 246, 8, 167, 232, 242, 220, 169, 247, 242, 168, 252, 238, 166, 108, 222, 220, 166, 108, 222, 168, 100, 222, 166, 111, 254, 23821, 252, 230, 167, 232, 242, 23821, 254, 243, 168, 226, 250, 167, 98, 120, 31619, 234, 222, 168, 225, 223, 166, 111, 120, 220, 169, 244, 231, 168, 250, 226, 168, 245, 238, 31619, 233, 112, 168, 243, 226, 167, 224, 112, 166, 111, 254, 1, 198, 18, 167, 110, 230, 25, 23821, 251, 112, 23821, 226, 254, 169, 225, 251, 168, 100, 222, 167, 232, 242, 23821, 254, 223, 168, 254, 230, 47991, 246, 168, 100, 222, 23821, 243, 232, 168, 232, 113, 46695, 230, 46695, 97, 13, 30629, 46695, 97, 8, 167, 232, 242, 31619, 234, 222, 168, 225, 223, 168, 250, 120, 167, 94, 250, 167, 114, 222, 169, 226, 108, 220, 169, 247, 242, 168, 252, 238, 35975, 246, 23821, 254, 243, 168, 226, 250, 166, 108, 222, 23821, 112, 231, 167, 108, 250, 167, 238, 246, 167, 232, 242, 31619, 103, 101, 168, 232, 113, 35975, 226, 31619, 111, 112, 168, 245, 105, 23821, 97, 222, 46695, 97, 526, 23821, 251, 112, 31619, 105, 116, 168, 252, 98, 166, 111, 120, 23821, 226, 254, 169, 225, 251, 168, 100, 222, 513, 167, 110, 230, 35975, 246, 31619, 224, 112, 168, 248, 102, 35975, 112, 31619, 233, 97, 167, 99, 227, 46695, 230, 46695, 97, 13, 220, 198, 19, 167, 110, 230, 25, 23821, 251, 112, 23821, 226, 254, 169, 225, 251, 168, 100, 222, 167, 232, 242, 23821, 254, 223, 168, 254, 230, 47991, 246, 168, 100, 222, 23821, 243, 232, 168, 232, 113, 46695, 230, 46695, 97, 13, 30629, 166, 108, 222, 8, 167, 232, 242, 23821, 252, 98, 167, 102, 112, 23821, 228, 235, 168, 245, 238, 168, 226, 250, 31619, 105, 246, 168, 8955, 167, 238, 250, 220, 169, 244, 231, 168, 250, 226, 167, 98, 120, 220, 169, 228, 113, 47991, 112, 23821, 254, 243, 168, 226, 250, 167, 224, 246, 23821, 251, 246, 167, 107, 116, 167, 98, 120, 31619, 241, 250, 167, 253, 105, 167, 224, 112, 166, 116, 108, 167, 237, 226, 220, 47991, 246, 166, 111, 254, 11, 220, 169, 247, 242, 168, 252, 238, 167, 98, 120, 31619, 234, 222, 168, 225, 223, 169, 247, 242, 47991, 246, 167, 102, 108, 220, 47991, 112, 47991, 247, 35975, 246, 31619, 234, 222, 168, 225, 223, 168, 250, 120, 167, 94, 250, 23821, 224, 120, 166, 116, 108, 167, 237, 226, 220, 47991, 250, 46695, 97, 13, 357, 167, 224, 246, 8, 168, 247, 222, 357, 46695, 97, 8, 167, 232, 242, 31619, 237, 247, 35975, 120, 47991, 250, 23821, 228, 234, 168, 252, 105, 167, 98, 120, 23821, 97, 239, 168, 233, 105, 168, 250, 120, 167, 94, 250, 23821, 233, 250, 168, 225, 223, 35975, 226, 23821, 254, 226, 166, 108, 250, 47991, 246, 167, 102, 108, 11, 220, 166, 113, 105, 168, 110, 112, 168, 254, 223, 35975, 112, 166, 111, 254, 23821, 225, 251, 167, 237, 247, 166, 108, 238, 23821, 252, 230, 167, 232, 242, 220, 169, 239, 250, 169, 246, 226, 35975, 226, 220, 169, 228, 113, 47991, 112, 31619, 234, 222, 168, 225, 223, 35975, 112, 220, 166, 115, 116, 23821, 252, 238, 168, 110, 112, 167, 94, 250, 31619, 114, 222, 166, 108, 223, 167, 238, 246, 167, 232, 242, 31619, 103, 101, 168, 232, 113, 35975, 226, 31619, 111, 112, 168, 245, 105, 23821, 97, 222, 46695, 97, 526, 23821, 251, 112, 31619, 105, 116, 168, 252, 98, 166, 111, 120, 23821, 226, 254, 169, 225, 251, 168, 100, 222, 604, 167, 110, 230, 35975, 246, 31619, 224, 112, 168, 248, 102, 35975, 112, 31619, 233, 97, 167, 99, 227, 46695, 230, 46695, 97, 13, 198, 20, 167, 110, 230, 25, 23821, 251, 112, 23821, 226, 254, 169, 225, 251, 168, 100, 222, 167, 232, 242, 23821, 254, 223, 168, 254, 230, 47991, 102, 46695, 230, 46695, 97, 13, 30629, 167, 224, 246, 8, 168, 247, 222, 357, 46695, 97, 8, 167, 232, 242, 31619, 237, 247, 35975, 120, 47991, 250, 23821, 228, 234, 168, 252, 105, 167, 98, 120, 23821, 97, 239, 168, 233, 105, 168, 250, 120, 167, 94, 250, 23821, 233, 250, 168, 225, 223, 35975, 226, 23821, 254, 226, 166, 108, 250, 47991, 246, 167, 102, 108, 11, 220, 166, 113, 105, 168, 110, 112, 168, 254, 223, 35975, 112, 166, 111, 254, 23821, 225, 251, 167, 237, 247, 166, 108, 238, 23821, 252, 230, 167, 232, 242, 220, 169, 239, 250, 169, 246, 226, 35975, 226, 220, 169, 228, 113, 47991, 112, 31619, 234, 222, 168, 225, 223, 35975, 112, 220, 166, 115, 116, 23821, 252, 238, 168, 110, 112, 167, 94, 250, 31619, 114, 222, 166, 108, 223, 167, 238, 246, 167, 232, 242, 31619, 103, 101, 168, 232, 113, 35975, 226, 31619, 111, 112, 168, 245, 105, 23821, 97, 222, 46695, 97, 526, 198, 198, 168, 113, 250, 168, 95, 227, 23821, 254, 243, 46695, 113, 25, 513, 167, 110, 230]","[0.5, 0.5, 0.5, 0.5, 0.5, 0.5, 0.5, 0.5, 0.5, 0.5, 0.5, 0.5, 0.5, 0.5, 0.5, 0.5, 0.5, 0.5, 0.5, 0.5, 0.5, 0.5, 0.5, 0.5, 0.5, 0.5, 0.5, 0.5, 0.5, 0.5, 0.5, 0.5, 0.5, 0.5, 0.5, 0.5, 0.5, 0.5, 0.5, 0.5, 0.5, 0.5, 0.5, 0.5, 0.5, 0.5, 0.5, 0.5, 0.5, 0.5, 0.5, 0.5, 0.5, 0.5, 0.5, 0.5, 0.5, 0.5, 0.5, 0.5, 0.5, 0.5, 0.5, 0.5, 0.5, 0.5, 0.5, 0.5, 0.5, 0.5, 0.5, 0.5, 0.5, 0.5, 0.5, 0.5, 0.5, 0.5, 0.5, 0.5, 0.5, 0.5, 0.5, 0.5, 0.5, 0.5, 0.5, 0.5, 0.5, 0.5, 0.5, 0.5, 0.5, 0.5, 0.5, 0.5, 0.5, 0.5, 0.5, 0.5, 0.5, 0.5, 0.5, 0.5, 0.5, 0.5, 0.5, 0.5, 0.5, 0.5, 0.5, 0.5, 0.5, 0.5, 0.5, 0.5, 0.5, 0.5, 0.5, 0.5, 0.5, 0.5, 0.5, 0.5, 0.5, 0.5, 0.5, 0.5, 0.5, 0.5, 0.5, 0.5, 0.5, 0.5, 0.5, 0.5, 0.5, 0.5, 0.5, 0.5, 0.5, 0.5, 0.5, 0.5, 0.5, 0.5, 0.5, 0.5, 0.5, 0.5, 0.5, 0.5, 0.5, 0.5, 0.5, 0.5, 0.5, 0.5, 0.5, 0.5, 0.5, 0.5, 0.5, 0.5, 0.5, 0.5, 0.5, 0.5, 0.5, 0.5, 0.5, 0.5, 0.5, 0.5, 0.5, 0.5, 0.5, 0.5, 0.5, 0.5, 0.5, 0.5, 0.5, 0.5, 0.5, 0.5, 0.5, 0.5, 0.5, 0.5, 0.5, 0.5, 0.5, 0.5, 0.5, 0.5, 0.5, 0.5, 0.5, 0.5, 0.5, 0.5, 0.5, 0.5, 0.5, 0.5, 0.5, 0.5, 0.5, 0.5, 0.5, 0.5, 0.5, 0.5, 0.5, 0.5, 0.5, 0.5, 0.5, 0.5, 0.5, 0.5, 0.5, 0.5, 0.5, 0.5, 0.5, 0.5, 0.5, 0.5, 0.5, 0.5, 0.5, 0.5, 0.5, 0.5, 0.5, 0.5, 0.5, 0.5, 0.5, 0.5, 0.5, 0.5, 0.5, 0.5, 0.5, 0.5, 0.5, 0.5, 0.5, 0.5, 0.5, 0.5, 0.5, 0.5, 0.5, 0.5, 0.5, 0.5, 0.5, 0.5, 0.5, 0.5, 0.5, 0.5, 0.5, 0.5, 0.5, 0.5, 0.5, 0.5, 0.5, 0.5, 0.5, 0.5, 0.5, 0.5, 0.5, 0.5, 0.5, 0.5, 0.5, 0.5, 0.5, 0.5, 0.5, 0.5, 0.5, 0.5, 0.5, 0.5, 0.5, 0.5, 0.5, 0.5, 0.5, 0.5, 0.5, 0.5, 0.5, 0.5, 0.5, 0.5, 0.5, 0.5, 0.5, 0.5, 0.5, 0.5, 0.5, 0.5, 0.5, 0.5, 0.5, 0.5, 0.5, 0.5, 0.5, 0.5, 0.5, 0.5, 0.5, 0.5, 0.5, 0.5, 0.5, 0.5, 0.5, 0.5, 0.5, 0.5, 0.5, 0.5, 0.5, 0.5, 0.5, 0.5, 0.5, 0.5, 0.5, 0.5, 0.5, 0.5, 0.5, 0.5, 0.5, 0.5, 0.5, 0.5, 0.5, 0.5, 0.5, 0.5, 0.5, 0.5, 0.5, 0.5, 0.5, 0.5, 0.5, 0.5, 0.5, 0.5, 0.5, 0.5, 0.5, 0.5, 0.5, 0.5, 0.5, 0.5, 0.5, 0.5, 0.5, 0.5, 0.5, 0.5, 0.5, 0.5, 0.5, 0.5, 0.5, 0.5, 0.5, 0.5, 0.5, 0.5, 0.5, 0.5, 0.5, 0.5, 0.5, 0.5, 0.5, 0.5, 0.5, 0.5, 0.5, 0.5, 0.5, 0.5, 0.5, 0.5, 0.5, 0.5, 0.5, 0.5, 0.5, 0.5, 0.5, 0.5, 0.5, 0.5, 0.5, 0.5, 0.5, 0.5, 0.5, 0.5, 0.5, 0.5, 0.5, 0.5, 0.5, 0.5, 0.5, 0.5, 0.5, 0.5, 0.5, 0.5, 0.5, 0.5, 0.5, 0.5, 0.5, 0.5, 0.5, 0.5, 0.5, 0.5, 0.5, 0.5, 0.5, 0.5, 0.5, 0.5, 0.5, 0.5, 0.5, 0.5, 0.5, 0.5, 0.5, 0.5, 0.5, 0.5, 0.5, 0.5, 0.5, 0.5, 0.5, 0.5, 0.5, 0.5, 0.5, 0.5, 0.5, 0.5, 0.5, 0.5, 0.5, 0.5, 0.5, 0.5, 0.5, 0.5, 0.5, 0.5, 0.5, 0.5, 0.5, 0.5, 0.5, 0.5, 0.5, 0.5, 0.5, 0.5, 0.5, 0.5, 0.5, 0.5, 0.5, 0.5, 0.5, 0.5, 0.5, 0.5, 0.5, 0.5, 0.5, 0.5, 0.5, 0.5, 0.5, 0.5, 0.5, 0.5, 0.5, 0.5, 0.5, 0.5, 0.5, 0.5, 0.5, 0.5, 0.5, 0.5, 0.5, 0.5, 0.5, 0.5, 0.5, 0.5, 0.5, 0.5, 0.5, 0.5, 0.5, 0.5, 0.5, 0.5, 0.5, 0.5, 0.5, 0.5, 0.5, 0.5, 0.5, 0.5, 0.5, 0.5, 0.5, 0.5, 0.5, 0.5, 0.5, 0.5, 0.5, 0.5, 0.5, 0.5, 0.5, 0.5, 0.5, 0.5, 0.5, 0.5, 0.5, 0.5, 0.5, 0.5, 0.5, 0.5, 0.5, 0.5, 0.5, 0.5, 0.5, 0.5, 0.5, 0.5, 0.5, 0.5, 0.5, 0.5, 0.5, 0.5, 0.5, 0.5, 0.5, 0.5, 0.5, 0.5, 0.5, 0.5, 0.5, 0.5, 0.5, 0.5, 0.5, 0.5, 0.5, 0.5, 0.5, 0.5, 0.5, 0.5, 0.5, 0.5, 0.5, 0.5, 0.5, 0.5, 0.5, 0.5, 0.5, 0.5, 0.5, 0.5, 0.5, 0.5, 0.5, 0.5, 0.5, 0.5, 0.5, 0.5, 0.5, 0.5, 0.5, 0.5, 0.5, 0.5, 0.5, 0.5, 0.5, 0.5, 0.5, 0.5, 0.5, 0.5, 0.5, 0.5, 0.5, 0.5, 0.5, 0.5, 0.5, 0.5, 0.5, 0.5, 0.5, 0.5, 0.5, 0.5, 0.5, 0.5, 0.5, 0.5, 0.5, 0.5, 0.5, 0.5, 0.5, 0.5, 0.5, 0.5, 0.5, 0.5, 0.5, 0.5, 0.5, 0.5, 0.5, 0.5, 0.5, 0.5, 0.5, 0.5, 0.5, 0.5, 0.5, 0.5, 0.5, 0.5, 0.5, 0.5, 0.5, 0.5, 0.5, 0.5, 0.5, 0.5, 0.5, 0.5, 0.5, 0.5, 0.5, 0.5, 0.5, 0.5, 0.5, 0.5, 0.5, 0.5, 0.5, 0.5, 0.5, 0.5, 0.5, 0.5, 0.5, 0.5, 0.5, 0.5, 0.5, 0.5, 0.5, 0.5, 0.5, 0.5, 0.5, 0.5, 0.5, 0.5, 0.5, 0.5, 0.5, 0.5, 0.5, 0.5, 0.5, 0.5, 0.5, 0.5, 0.5, 0.5, 0.5, 0.5, 0.5, 0.5, 0.5, 0.5, 0.5, 0.5, 0.5, 0.5, 0.5, 0.5, 0.5, 0.5, 0.5, 0.5, 0.5, 0.5, 0.5, 0.5, 0.5, 0.5, 0.5, 0.5, 0.5, 0.5, 0.5, 0.5, 0.5, 0.5, 0.5, 0.5, 0.5, 0.5, 0.5, 0.5, 0.5, 0.5, 0.5, 0.5, 0.5, 0.5, 0.5, 0.5, 0.5, 0.5, 0.5, 0.5, 0.5, 0.5, 0.5, 0.5, 0.5, 0.5, 0.5, 0.5, 0.5, 0.5, 0.5, 0.5, 0.5, 0.5, 0.5, 0.5, 0.5, 0.5, 0.5, 0.5, 0.5, 0.5, 0.5, 0.5, 0.5, 0.5, 0.5, 0.5, 0.5, 0.5, 0.5, 0.5, 0.5, 0.5, 0.5, 0.5, 0.5, 0.5, 0.5, 0.5, 0.5, 0.5, 0.5, 0.5, 0.5, 0.5, 0.5, 0.5, 0.5, 0.5, 0.5, 0.5, 0.5, 0.5, 0.5, 0.5, 0.5, 0.5, 0.5, 0.5, 0.5, 0.5, 0.5, 0.5, 0.5, 0.5, 0.5, 0.5, 0.5, 0.5, 0.5, 0.5, 0.5, 0.5, 0.5, 0.5, 0.5, 0.5, 0.5, 0.5, 0.5, 0.5, 0.5, 0.5, 0.5, 0.5, 0.5, 0.5, 0.5, 0.5, 0.5, 0.5, 0.5, 0.5, 0.5, 0.5, 0.5, 0.5, 0.5, 0.5, 0.5, 0.5, 0.5, 0.5, 0.5, 0.5, 0.5, 0.5, 0.5, 0.5, 0.5, 0.5, 0.5, 0.5, 0.5, 0.5, 0.5, 0.5, 0.5, 0.5, 0.5, 0.5, 0.5, 0.5, 0.5, 0.5, 0.5, 0.5, 0.5, 0.5, 0.5, 0.5, 0.5, 0.5, 0.5, 0.5, 0.5, 0.5, 0.5, 0.5, 0.5, 0.5, 0.5, 0.5, 0.5, 0.5, 0.5, 0.5, 0.5, 0.5, 0.5, 0.5, 0.5, 0.5, 0.5, 0.5, 0.5, 0.5, 0.5, 0.5, 0.5, 0.5, 0.5, 0.5, 0.5, 0.5, 0.5, 0.5, 0.5, 0.5, 0.5, 0.5, 0.5, 0.5, 0.5, 0.5, 0.5, 0.5, 0.5, 0.5, 0.5, 0.5, 0.5, 0.5, 0.5, 0.5, 0.5, 0.5, 0.5, 0.5, 0.5, 0.5, 0.5, 0.5, 0.5, 0.5, 0.5, 0.5, 0.5, 0.5, 0.5, 0.5, 0.5, 0.5, 0.5, 0.5, 0.5, 0.5, 0.5, 0.5, 0.5, 0.5, 0.5, 0.5, 0.5, 0.5, 0.5, 0.5, 0.5, 0.5, 0.5, 0.5, 0.5, 0.5, 0.5, 0.5, 0.5, 0.5, 0.5, 0.5, 0.5, 0.5, 0.5, 0.5, 0.5, 0.5, 0.5, 0.5, 0.5, 0.5, 0.5, 0.5, 0.5, 0.5, 0.5, 0.5, 0.5, 0.5, 0.5, 0.5, 0.5, 0.5, 0.5, 0.5, 0.5, 0.5, 0.5, 0.5, 0.5, 0.5, 0.5, 0.5, 0.5, 0.5, 0.5, 0.5, 0.5, 0.5, 0.5, 0.5, 0.5, 0.5, 0.5, 0.5, 0.5, 0.5, 0.5, 0.5, 0.5, 0.5, 0.5, 0.5]",3
2026_11_KICE_35-37_0,['2(2)'],"1번: 발표자에게 적절하지 않은 것은 전문가의 견해를 인용하여 발표 내용을 뒷받침하는 것이므로, 이 선택지는 적절하지 않다. ""(지문 속 해당하는 문장이 없음)""
2번: 발표자에게 적절하지 않은 것은 전문가의 견해를 인용하여 발표 내용을 뒷받침하는 것이므로, 이 선택지는 적절하지 않다. ""(지문 속 해당하는 문장이 없음)""
3번: 발표자는 청중과 공유하는 경험을 환기하며 발표를 시작하고 있다. ""안녕하세요? 지난 수업 시간에는 우리나라의 평균 기온이 점점 높아지고 있는 현상에 대해 조사하는 활동을 함께 했었는데요,""
4번: 발표자는 청중에게 질문하고 답변을 들으며 청중과 상호작용하고 있다. ""풍혈지는 북방계 식물이 안정적으로 서식할 수 있는 곳입니다. 북방계 식물이 서식하는 데 가장 중요한 요인은 무엇일까요? (청중의 답변을 듣고)""
5번: 발표자는 발표 내용과 관련하여 청중에게 바라는 바를 언급하며 발표를 마무리하고 있다. ""지금까지 풍혈지에 대해 알아보았습니다. 잘 이해되셨나요? (청중의 답변을 듣고) 오늘 제가 준비한 내용은 여기까지입니다. 앞으로 여러분도 풍혈지에 관심을 가져 보시면 좋겠습니다.""

최종 정답: 2","[16, 167, 110, 230, 25, 31619, 108, 250, 169, 239, 250, 168, 252, 238, 168, 245, 238, 166, 110, 234, 23821, 254, 223, 168, 254, 230, 47991, 246, 168, 100, 222, 23821, 243, 232, 35975, 222, 220, 166, 110, 225, 35975, 222, 23821, 254, 226, 167, 105, 116, 166, 108, 222, 35975, 246, 220, 166, 110, 105, 47991, 112, 167, 98, 120, 23821, 251, 116, 168, 248, 102, 47991, 246, 168, 245, 105, 31619, 108, 250, 169, 239, 250, 31619, 224, 112, 168, 248, 102, 35975, 226, 31619, 240, 115, 167, 108, 249, 168, 117, 101, 47991, 246, 167, 232, 242, 220, 166, 110, 225, 35975, 112, 167, 107, 222, 167, 94, 250, 11, 23821, 251, 112, 23821, 226, 254, 169, 225, 251, 168, 100, 222, 167, 232, 242, 23821, 254, 223, 168, 254, 230, 47991, 246, 168, 100, 222, 23821, 243, 232, 46695, 97, 13, 30629, 168, 100, 222, 167, 105, 116, 23821, 228, 235, 220, 47991, 112, 46695, 117, 47991, 246, 167, 232, 242, 31619, 105, 116, 168, 252, 98, 35975, 112, 23821, 245, 228, 35975, 234, 16725, 198, 17, 167, 110, 230, 25, 31619, 108, 250, 169, 239, 250, 168, 252, 238, 168, 245, 238, 166, 110, 234, 23821, 254, 223, 168, 254, 230, 47991, 246, 168, 100, 222, 23821, 243, 232, 35975, 222, 220, 166, 110, 225, 35975, 222, 23821, 254, 226, 167, 105, 116, 166, 108, 222, 35975, 246, 220, 166, 110, 105, 47991, 112, 167, 98, 120, 23821, 251, 116, 168, 248, 102, 47991, 246, 168, 245, 105, 31619, 108, 250, 169, 239, 250, 31619, 224, 112, 168, 248, 102, 35975, 226, 31619, 240, 115, 167, 108, 249, 168, 117, 101, 47991, 246, 167, 232, 242, 220, 166, 110, 225, 35975, 112, 167, 107, 222, 167, 94, 250, 11, 23821, 251, 112, 23821, 226, 254, 169, 225, 251, 168, 100, 222, 167, 232, 242, 23821, 254, 223, 168, 254, 230, 47991, 246, 168, 100, 222, 23821, 243, 232, 46695, 97, 13, 30629, 168, 100, 222, 167, 105, 116, 23821, 228, 235, 220, 47991, 112, 46695, 117, 47991, 246, 167, 232, 242, 31619, 105, 116, 168, 252, 98, 35975, 112, 23821, 245, 228, 35975, 234, 16725, 198, 18, 167, 110, 230, 25, 31619, 108, 250, 169, 239, 250, 168, 252, 238, 167, 232, 242, 23821, 110, 255, 168, 97, 239, 166, 111, 120, 220, 166, 111, 113, 168, 250, 254, 47991, 246, 167, 232, 242, 220, 166, 110, 121, 169, 245, 246, 35975, 226, 220, 169, 247, 246, 166, 116, 108, 47991, 246, 167, 102, 108, 31619, 108, 250, 169, 239, 250, 167, 98, 120, 23821, 233, 250, 168, 252, 239, 47991, 246, 166, 111, 254, 23821, 252, 230, 46695, 97, 13, 366, 168, 243, 230, 167, 227, 243, 47991, 246, 168, 226, 116, 168, 248, 242, 30, 23821, 100, 222, 167, 224, 250, 23821, 230, 246, 168, 245, 227, 23821, 233, 250, 166, 108, 226, 168, 245, 238, 167, 232, 242, 23821, 248, 108, 167, 99, 105, 167, 224, 246, 167, 251, 120, 35975, 246, 220, 169, 237, 231, 166, 115, 254, 220, 166, 116, 108, 168, 246, 101, 35975, 112, 23821, 254, 238, 168, 254, 238, 31619, 10253, 168, 243, 226, 168, 100, 222, 166, 111, 254, 23821, 252, 230, 167, 232, 242, 220, 169, 246, 226, 168, 225, 223, 168, 245, 238, 31619, 234, 222, 47991, 112, 23821, 94, 108, 168, 8955, 47991, 246, 167, 232, 242, 220, 169, 247, 250, 167, 237, 247, 35975, 226, 220, 47991, 101, 166, 119, 246, 220, 169, 244, 230, 168, 245, 230, 167, 232, 242, 167, 235, 108, 168, 248, 242, 553, 198, 19, 167, 110, 230, 25, 31619, 108, 250, 169, 239, 250, 168, 252, 238, 167, 232, 242, 23821, 110, 255, 168, 97, 239, 168, 245, 238, 166, 110, 234, 23821, 100, 230, 167, 105, 116, 47991, 246, 166, 111, 254, 31619, 233, 113, 167, 111, 222, 35975, 226, 31619, 241, 97, 168, 250, 120, 167, 102, 108, 23821, 110, 255, 168, 97, 239, 166, 111, 120, 23821, 225, 223, 169, 246, 116, 168, 252, 239, 168, 248, 102, 47991, 246, 166, 111, 254, 23821, 252, 230, 46695, 97, 13, 366, 169, 240, 235, 169, 246, 230, 168, 100, 222, 167, 232, 242, 31619, 114, 223, 167, 108, 102, 166, 111, 226, 23821, 233, 251, 167, 45539, 35975, 112, 23821, 243, 230, 168, 254, 243, 168, 254, 223, 168, 250, 120, 167, 94, 250, 23821, 226, 250, 168, 233, 251, 47991, 254, 23821, 230, 246, 23821, 252, 230, 167, 232, 242, 220, 166, 111, 111, 168, 252, 227, 46695, 230, 46695, 97, 13, 31619, 114, 223, 167, 108, 102, 166, 111, 226, 23821, 233, 251, 167, 45539, 35975, 112, 23821, 226, 250, 168, 233, 251, 47991, 246, 167, 232, 242, 31619, 235, 108, 220, 166, 108, 222, 168, 252, 98, 23821, 97, 239, 168, 248, 242, 47991, 250, 23821, 248, 242, 35975, 116, 35975, 222, 31619, 105, 112, 168, 245, 229, 35975, 120, 166, 117, 234, 168, 248, 242, 30, 357, 168, 110, 255, 168, 97, 239, 35975, 246, 31619, 233, 113, 167, 111, 222, 35975, 226, 31619, 241, 96, 166, 111, 254, 16725, 198, 20, 167, 110, 230, 25, 31619, 108, 250, 169, 239, 250, 168, 252, 238, 167, 232, 242, 31619, 108, 250, 169, 239, 250, 31619, 224, 112, 168, 248, 102, 166, 111, 120, 220, 166, 112, 222, 167, 254, 101, 47991, 246, 168, 245, 105, 23821, 110, 255, 168, 97, 239, 168, 245, 238, 166, 110, 234, 31619, 108, 242, 167, 251, 120, 167, 232, 242, 31619, 108, 242, 167, 98, 120, 23821, 244, 116, 166, 116, 231, 47991, 246, 167, 102, 108, 31619, 108, 250, 169, 239, 250, 167, 98, 120, 31619, 100, 230, 167, 105, 112, 167, 99, 105, 47991, 246, 166, 111, 254, 23821, 252, 230, 46695, 97, 13, 366, 168, 100, 222, 166, 116, 230, 166, 117, 234, 168, 100, 222, 220, 169, 240, 235, 169, 246, 230, 168, 100, 222, 168, 245, 238, 31619, 234, 222, 47991, 112, 23821, 243, 234, 168, 243, 226, 167, 111, 112, 168, 243, 246, 168, 232, 113, 46695, 230, 46695, 97, 13, 23821, 252, 246, 23821, 251, 112, 47991, 112, 167, 238, 246, 168, 227, 101, 167, 224, 246, 168, 248, 242, 30, 357, 168, 110, 255, 168, 97, 239, 35975, 246, 31619, 233, 113, 167, 111, 222, 35975, 226, 31619, 241, 96, 166, 111, 254, 8, 23821, 246, 97, 167, 232, 246, 23821, 254, 250, 166, 108, 222, 23821, 97, 222, 167, 117, 226, 47991, 250, 31619, 224, 112, 168, 248, 102, 35975, 222, 23821, 245, 105, 166, 116, 108, 166, 117, 234, 168, 100, 222, 168, 252, 227, 46695, 230, 46695, 97, 13, 23821, 243, 252, 168, 250, 120, 167, 94, 250, 23821, 245, 105, 167, 253, 105, 167, 114, 226, 167, 237, 226, 220, 169, 240, 235, 169, 246, 230, 168, 100, 222, 168, 245, 238, 220, 166, 112, 222, 168, 233, 105, 35975, 226, 220, 166, 108, 222, 168, 254, 116, 31619, 111, 112, 168, 233, 250, 167, 102, 112, 23821, 95, 233, 166, 110, 254, 168, 232, 113, 46695, 230, 46695, 97, 526, 198, 198, 168, 113, 250, 168, 95, 227, 23821, 254, 243, 46695, 113, 25, 362]","[0.5, 0.5, 0.5, 0.5, 0.5, 0.5, 0.5, 0.5, 0.5, 0.5, 0.5, 0.5, 0.5, 0.5, 0.5, 0.5, 0.5, 0.5, 0.5, 0.5, 0.5, 0.5, 0.5, 0.5, 0.5, 0.5, 0.5, 0.5, 0.5, 0.5, 0.5, 0.5, 0.5, 0.5, 0.5, 0.5, 0.5, 0.5, 0.5, 0.5, 0.5, 0.5, 0.5, 0.5, 0.5, 0.5, 0.5, 0.5, 0.5, 0.5, 0.5, 0.5, 0.5, 0.5, 0.5, 0.5, 0.5, 0.5, 0.5, 0.5, 0.5, 0.5, 0.5, 0.5, 0.5, 0.5, 0.5, 0.5, 0.5, 0.5, 0.5, 0.5, 0.5, 0.5, 0.5, 0.5, 0.5, 0.5, 0.5, 0.5, 0.5, 0.5, 0.5, 0.5, 0.5, 0.5, 0.5, 0.5, 0.5, 0.5, 0.5, 0.5, 0.5, 0.5, 0.5, 0.5, 0.5, 0.5, 0.5, 0.5, 0.5, 0.5, 0.5, 0.5, 0.5, 0.5, 0.5, 0.5, 0.5, 0.5, 0.5, 0.5, 0.5, 0.5, 0.5, 0.5, 0.5, 0.5, 0.5, 0.5, 0.5, 0.5, 0.5, 0.5, 0.5, 0.5, 0.5, 0.5, 0.5, 0.5, 0.5, 0.5, 0.5, 0.5, 0.5, 0.5, 0.5, 0.5, 0.5, 0.5, 0.5, 0.5, 0.5, 0.5, 0.5, 0.5, 0.5, 0.5, 0.5, 0.5, 0.5, 0.5, 0.5, 0.5, 0.5, 0.5, 0.5, 0.5, 0.5, 0.5, 0.5, 0.5, 0.5, 0.5, 0.5, 0.5, 0.5, 0.5, 0.5, 0.5, 0.5, 0.5, 0.5, 0.5, 0.5, 0.5, 0.5, 0.5, 0.5, 0.5, 0.5, 0.5, 0.5, 0.5, 0.5, 0.5, 0.5, 0.5, 0.5, 0.5, 0.5, 0.5, 0.5, 0.5, 0.5, 0.5, 0.5, 0.5, 0.5, 0.5, 0.5, 0.5, 0.5, 0.5, 0.5, 0.5, 0.5, 0.5, 0.5, 0.5, 0.5, 0.5, 0.5, 0.5, 0.5, 0.5, 0.5, 0.5, 0.5, 0.5, 0.5, 0.5, 0.5, 0.5, 0.5, 0.5, 0.5, 0.5, 0.5, 0.5, 0.5, 0.5, 0.5, 0.5, 0.5, 0.5, 0.5, 0.5, 0.5, 0.5, 0.5, 0.5, 0.5, 0.5, 0.5, 0.5, 0.5, 0.5, 0.5, 0.5, 0.5, 0.5, 0.5, 0.5, 0.5, 0.5, 0.5, 0.5, 0.5, 0.5, 0.5, 0.5, 0.5, 0.5, 0.5, 0.5, 0.5, 0.5, 0.5, 0.5, 0.5, 0.5, 0.5, 0.5, 0.5, 0.5, 0.5, 0.5, 0.5, 0.5, 0.5, 0.5, 0.5, 0.5, 0.5, 0.5, 0.5, 0.5, 0.5, 0.5, 0.5, 0.5, 0.5, 0.5, 0.5, 0.5, 0.5, 0.5, 0.5, 0.5, 0.5, 0.5, 0.5, 0.5, 0.5, 0.5, 0.5, 0.5, 0.5, 0.5, 0.5, 0.5, 0.5, 0.5, 0.5, 0.5, 0.5, 0.5, 0.5, 0.5, 0.5, 0.5, 0.5, 0.5, 0.5, 0.5, 0.5, 0.5, 0.5, 0.5, 0.5, 0.5, 0.5, 0.5, 0.5, 0.5, 0.5, 0.5, 0.5, 0.5, 0.5, 0.5, 0.5, 0.5, 0.5, 0.5, 0.5, 0.5, 0.5, 0.5, 0.5, 0.5, 0.5, 0.5, 0.5, 0.5, 0.5, 0.5, 0.5, 0.5, 0.5, 0.5, 0.5, 0.5, 0.5, 0.5, 0.5, 0.5, 0.5, 0.5, 0.5, 0.5, 0.5, 0.5, 0.5, 0.5, 0.5, 0.5, 0.5, 0.5, 0.5, 0.5, 0.5, 0.5, 0.5, 0.5, 0.5, 0.5, 0.5, 0.5, 0.5, 0.5, 0.5, 0.5, 0.5, 0.5, 0.5, 0.5, 0.5, 0.5, 0.5, 0.5, 0.5, 0.5, 0.5, 0.5, 0.5, 0.5, 0.5, 0.5, 0.5, 0.5, 0.5, 0.5, 0.5, 0.5, 0.5, 0.5, 0.5, 0.5, 0.5, 0.5, 0.5, 0.5, 0.5, 0.5, 0.5, 0.5, 0.5, 0.5, 0.5, 0.5, 0.5, 0.5, 0.5, 0.5, 0.5, 0.5, 0.5, 0.5, 0.5, 0.5, 0.5, 0.5, 0.5, 0.5, 0.5, 0.5, 0.5, 0.5, 0.5, 0.5, 0.5, 0.5, 0.5, 0.5, 0.5, 0.5, 0.5, 0.5, 0.5, 0.5, 0.5, 0.5, 0.5, 0.5, 0.5, 0.5, 0.5, 0.5, 0.5, 0.5, 0.5, 0.5, 0.5, 0.5, 0.5, 0.5, 0.5, 0.5, 0.5, 0.5, 0.5, 0.5, 0.5, 0.5, 0.5, 0.5, 0.5, 0.5, 0.5, 0.5, 0.5, 0.5, 0.5, 0.5, 0.5, 0.5, 0.5, 0.5, 0.5, 0.5, 0.5, 0.5, 0.5, 0.5, 0.5, 0.5, 0.5, 0.5, 0.5, 0.5, 0.5, 0.5, 0.5, 0.5, 0.5, 0.5, 0.5, 0.5, 0.5, 0.5, 0.5, 0.5, 0.5, 0.5, 0.5, 0.5, 0.5, 0.5, 0.5, 0.5, 0.5, 0.5, 0.5, 0.5, 0.5, 0.5, 0.5, 0.5, 0.5, 0.5, 0.5, 0.5, 0.5, 0.5, 0.5, 0.5, 0.5, 0.5, 0.5, 0.5, 0.5, 0.5, 0.5, 0.5, 0.5, 0.5, 0.5, 0.5, 0.5, 0.5, 0.5, 0.5, 0.5, 0.5, 0.5, 0.5, 0.5, 0.5, 0.5, 0.5, 0.5, 0.5, 0.5, 0.5, 0.5, 0.5, 0.5, 0.5, 0.5, 0.5, 0.5, 0.5, 0.5, 0.5, 0.5, 0.5, 0.5, 0.5, 0.5, 0.5, 0.5, 0.5, 0.5, 0.5, 0.5, 0.5, 0.5, 0.5, 0.5, 0.5, 0.5, 0.5, 0.5, 0.5, 0.5, 0.5, 0.5, 0.5, 0.5, 0.5, 0.5, 0.5, 0.5, 0.5, 0.5, 0.5, 0.5, 0.5, 0.5, 0.5, 0.5, 0.5, 0.5, 0.5, 0.5, 0.5, 0.5, 0.5, 0.5, 0.5, 0.5, 0.5, 0.5, 0.5, 0.5, 0.5, 0.5, 0.5, 0.5, 0.5, 0.5, 0.5, 0.5, 0.5, 0.5, 0.5, 0.5, 0.5, 0.5, 0.5, 0.5, 0.5, 0.5, 0.5, 0.5, 0.5, 0.5, 0.5, 0.5, 0.5, 0.5, 0.5, 0.5, 0.5, 0.5, 0.5, 0.5, 0.5, 0.5, 0.5, 0.5, 0.5, 0.5, 0.5, 0.5, 0.5, 0.5, 0.5, 0.5, 0.5, 0.5, 0.5, 0.5, 0.5, 0.5, 0.5, 0.5, 0.5, 0.5, 0.5, 0.5, 0.5, 0.5, 0.5, 0.5, 0.5, 0.5, 0.5, 0.5, 0.5, 0.5, 0.5, 0.5, 0.5, 0.5, 0.5, 0.5, 0.5, 0.5, 0.5, 0.5, 0.5, 0.5, 0.5, 0.5, 0.5, 0.5, 0.5, 0.5, 0.5, 0.5, 0.5, 0.5, 0.5, 0.5, 0.5, 0.5, 0.5, 0.5, 0.5, 0.5, 0.5, 0.5, 0.5, 0.5, 0.5, 0.5, 0.5, 0.5, 0.5, 0.5, 0.5, 0.5, 0.5, 0.5, 0.5, 0.5, 0.5, 0.5, 0.5, 0.5, 0.5, 0.5, 0.5, 0.5, 0.5, 0.5, 0.5, 0.5, 0.5, 0.5, 0.5, 0.5, 0.5, 0.5, 0.5, 0.5, 0.5, 0.5, 0.5, 0.5, 0.5, 0.5, 0.5, 0.5, 0.5, 0.5, 0.5, 0.5, 0.5, 0.5, 0.5, 0.5, 0.5, 0.5, 0.5, 0.5, 0.5, 0.5, 0.5, 0.5, 0.5, 0.5, 0.5, 0.5, 0.5, 0.5, 0.5, 0.5, 0.5, 0.5, 0.5, 0.5, 0.5, 0.5, 0.5, 0.5, 0.5, 0.5, 0.5, 0.5, 0.5, 0.5, 0.5, 0.5, 0.5, 0.5, 0.5, 0.5, 0.5, 0.5, 0.5, 0.5, 0.5, 0.5, 0.5, 0.5, 0.5, 0.5, 0.5, 0.5, 0.5, 0.5, 0.5, 0.5, 0.5, 0.5, 0.5, 0.5, 0.5, 0.5, 0.5, 0.5, 0.5, 0.5, 0.5, 0.5, 0.5, 0.5, 0.5, 0.5, 0.5, 0.5, 0.5, 0.5, 0.5, 0.5, 0.5, 0.5, 0.5, 0.5, 0.5, 0.5, 0.5, 0.5, 0.5, 0.5, 0.5, 0.5, 0.5, 0.5, 0.5, 0.5, 0.5, 0.5, 0.5, 0.5, 0.5, 0.5, 0.5, 0.5, 0.5, 0.5, 0.5, 0.5, 0.5, 0.5, 0.5, 0.5, 0.5, 0.5, 0.5, 0.5, 0.5, 0.5, 0.5, 0.5, 0.5, 0.5, 0.5, 0.5, 0.5, 0.5, 0.5, 0.5, 0.5, 0.5, 0.5, 0.5, 0.5, 0.5, 0.5, 0.5, 0.5, 0.5, 0.5, 0.5, 0.5, 0.5, 0.5, 0.5, 0.5, 0.5, 0.5, 0.5, 0.5, 0.5, 0.5, 0.5, 0.5, 0.5, 0.5, 0.5, 0.5, 0.5, 0.5, 0.5, 0.5, 0.5, 0.5, 0.5, 0.5, 0.5, 0.5, 0.5, 0.5, 0.5, 0.5, 0.5, 0.5, 0.5, 0.5, 0.5, 0.5, 0.5, 0.5, 0.5, 0.5, 0.5, 0.5, 0.5, 0.5, 0.5, 0.5, 0.5, 0.5, 0.5, 0.5, 0.5, 0.5, 0.5, 0.5, 0.5, 0.5, 0.5, 0.5, 0.5, 0.5, 0.5, 0.5, 0.5, 0.5, 0.5, 0.5, 0.5, 0.5, 0.5, 0.5, 0.5, 0.5, 0.5, 0.5, 0.5, 0.5, 0.5, 0.5, 0.5, 0.5, 0.5, 0.5, 0.5, 0.5, 0.5, 0.5, 0.5, 0.5, 0.5, 0.5, 0.5, 0.5, 0.5, 0.5, 0.5, 0.5, 0.5, 0.5, 0.5, 0.5, 0.5, 0.5, 0.5, 0.5, 0.5, 0.5, 0.5, 0.5, 0.5, 0.5, 0.5, 0.5, 0.5, 0.5, 0.5, 0.5, 0.5, 0.5, 0.5, 0.5, 0.5, 0.5, 0.5, 0.5, 0.5, 0.5, 0.5, 0.5, 0.5, 0.5, 0.5, 0.5, 0.5, 0.5, 0.5, 0.5, 0.5, 0.5, 0.5, 0.5, 0.5, 0.5, 0.5, 0.5, 0.5, 0.5, 0.5, 0.5, 0.5, 0.5, 0.5, 0.5, 0.5, 0.5, 0.5, 0.5, 0.5, 0.5, 0.5, 0.5, 0.5, 0.5, 0.5, 0.5, 0.5, 0.5, 0.5, 0.5, 0.5, 0.5, 0.5, 0.5, 0.5, 0.5, 0.5, 0.5, 0.5, 0.5, 0.5, 0.5, 0.5, 0.5, 0.5, 0.5, 0.5, 0.5, 0.5, 0.5, 0.5, 0.5, 0.5, 0.5, 0.5, 0.5, 0.5, 0.5, 0.5, 0.5, 0.5, 0.5, 0.5, 0.5, 0.5, 0.5, 0.5, 0.5, 0.5, 0.5, 0.5, 0.5, 0.5, 0.5, 0.5, 0.5, 0.5, 0.5, 0.5, 0.5, 0.5, 0.5, 0.5, 0.5, 0.5, 0.5, 0.5, 0.5, 0.5, 0.5, 0.5, 0.5, 0.5, 0.5, 0.5, 0.5, 0.5, 0.5, 0.5, 0.5, 0.5, 0.5, 0.5, 0.5, 0.5, 0.5, 0.5, 0.5, 0.5, 0.5, 0.5, 0.5, 0.5, 0.5, 0.5, 0.5, 0.5, 0.5, 0.5, 0.5, 0.5, 0.5, 0.5, 0.5, 0.5, 0.5, 0.5, 0.5, 0.5, 0.5, 0.5, 0.5, 0.5, 0.5, 0.5, 0.5, 0.5]",2
2026_11_KICE_35-37_1,['5(2)'],"1번: 자료1은 애추 내부로부터 찬 공기가 돌 사이로 흘러나오는 모습을 확인할 수 있는 자료로 ㉠에 활용하였다. + ""이렇게 암벽에서 떨어져 나온 크고 작은 돌들이 겹겹이 쌓여 부채 모양으로 형성된 곳을 애추라고 합니다. 어떤 애추에서는 내부로부터 찬 공기가 돌 사이로 나오기도 하는데 풍혈지는 주로 이런 곳에 형성됩니다.""

2번: 자료1은 암벽에서 떨어진 돌들이 부채 모양의 애추를 형성하는 과정을 단계별로 확인할 수 있는 자료로 ㉠에 활용하였다. + ""이렇게 암벽에서 떨어져 나온 크고 작은 돌들이 겹겝이 쌓여 부채 모양으로 형성된 곳을 애추라고 합니다.""

3번: 자료2는 풍혈지가 속한 군의 평균 기온이 다른 군보다 낮음을 확인할 수 있는 자료로 ㉡에 활용하였다. + ""이 자료를 보면 여름철에 풍혈지의 평균 기온이 풍혈지가 있는 행정 구역의 평균 기온보다 낮다는 것을 알 수 있습니다.""

4번: 자료2는 북방계 식물 서식지와 희귀 식물 서식지 간의 평균 기온 차이를 확인할 수 있는 자료로 ㉡에 활용하였다. + ""이 자료를 보면 여름철에 풍혈지의 평균 기온이 풍혈지가 있는 행정 구역의 평균 기온보다 낮다는 것을 알 수 있습니다.""

5번: 자료3은 풍혈지에서 발견된 북방계 식물 중 산림청이 지정한 희귀 식물에 해당하는 식물을 확인할 수 있는 자료로 ㉢에 활용하였다. + ""이 자료는 제가, 현재까지 국내의 풍혈지에서 발견된 212종의 북방계 식물 중 일부를 목록으로 정리하고, 산림청에서 지정한 희귀 식물에 해당하는지 여부를 표시해서 만든 것입니다.""

최종 정답: 5번","[16, 167, 110, 230, 25, 23821, 252, 238, 167, 96, 234, 16, 35975, 222, 23821, 243, 254, 168, 114, 242, 31619, 224, 112, 167, 114, 222, 167, 94, 250, 167, 114, 222, 169, 226, 108, 23821, 108, 105, 220, 166, 111, 113, 166, 116, 108, 166, 108, 222, 31619, 237, 234, 23821, 8955, 35975, 112, 167, 94, 250, 220, 169, 251, 246, 167, 253, 105, 167, 224, 246, 168, 246, 97, 167, 232, 242, 31619, 103, 101, 168, 232, 113, 35975, 226, 220, 169, 247, 243, 35975, 116, 47991, 254, 23821, 230, 246, 23821, 252, 230, 167, 232, 242, 23821, 252, 238, 167, 96, 234, 167, 94, 250, 220, 159, 231, 254, 168, 245, 238, 220, 169, 247, 250, 168, 248, 102, 47991, 246, 168, 246, 222, 46695, 97, 13, 1343, 366, 35975, 112, 167, 254, 229, 166, 110, 234, 23821, 243, 242, 167, 110, 121, 168, 245, 238, 168, 226, 250, 31619, 244, 101, 168, 244, 112, 168, 254, 116, 31619, 224, 246, 168, 246, 101, 220, 169, 223, 105, 166, 111, 254, 23821, 252, 239, 35975, 222, 31619, 237, 234, 167, 241, 97, 35975, 112, 220, 166, 110, 117, 166, 110, 117, 35975, 112, 23821, 234, 241, 168, 245, 105, 31619, 114, 222, 168, 109, 226, 31619, 103, 101, 168, 244, 239, 168, 250, 120, 167, 94, 250, 220, 169, 246, 243, 168, 226, 109, 167, 238, 250, 220, 166, 111, 111, 35975, 226, 23821, 243, 254, 168, 114, 242, 167, 251, 120, 166, 111, 254, 220, 47991, 102, 46695, 230, 46695, 97, 13, 23821, 244, 112, 167, 244, 97, 23821, 243, 254, 168, 114, 242, 168, 245, 238, 168, 226, 250, 167, 232, 242, 31619, 224, 112, 167, 114, 222, 167, 94, 250, 167, 114, 222, 169, 226, 108, 23821, 108, 105, 220, 166, 111, 113, 166, 116, 108, 166, 108, 222, 31619, 237, 234, 23821, 8955, 35975, 112, 167, 94, 250, 31619, 224, 246, 168, 246, 97, 166, 116, 108, 167, 237, 226, 220, 47991, 246, 167, 232, 242, 167, 235, 108, 220, 169, 240, 235, 169, 246, 230, 168, 100, 222, 167, 232, 242, 23821, 96, 120, 167, 94, 250, 23821, 251, 112, 167, 253, 108, 220, 166, 111, 111, 168, 245, 238, 220, 169, 246, 243, 168, 226, 109, 167, 238, 102, 46695, 230, 46695, 97, 526, 198, 198, 17, 167, 110, 230, 25, 23821, 252, 238, 167, 96, 234, 16, 35975, 222, 23821, 243, 242, 167, 110, 121, 168, 245, 238, 168, 226, 250, 31619, 244, 101, 168, 244, 112, 168, 100, 226, 31619, 237, 234, 167, 241, 97, 35975, 112, 31619, 114, 222, 168, 109, 226, 31619, 103, 101, 168, 244, 239, 35975, 246, 23821, 243, 254, 168, 114, 242, 167, 98, 120, 220, 169, 246, 243, 168, 226, 109, 47991, 246, 167, 232, 242, 220, 166, 111, 120, 168, 254, 243, 35975, 226, 31619, 233, 101, 166, 111, 226, 167, 111, 226, 167, 94, 250, 220, 169, 247, 243, 35975, 116, 47991, 254, 23821, 230, 246, 23821, 252, 230, 167, 232, 242, 23821, 252, 238, 167, 96, 234, 167, 94, 250, 220, 159, 231, 254, 168, 245, 238, 220, 169, 247, 250, 168, 248, 102, 47991, 246, 168, 246, 222, 46695, 97, 13, 1343, 366, 35975, 112, 167, 254, 229, 166, 110, 234, 23821, 243, 242, 167, 110, 121, 168, 245, 238, 168, 226, 250, 31619, 244, 101, 168, 244, 112, 168, 254, 116, 31619, 224, 246, 168, 246, 101, 220, 169, 223, 105, 166, 111, 254, 23821, 252, 239, 35975, 222, 31619, 237, 234, 167, 241, 97, 35975, 112, 220, 166, 110, 117, 166, 110, 251, 35975, 112, 23821, 234, 241, 168, 245, 105, 31619, 114, 222, 168, 109, 226, 31619, 103, 101, 168, 244, 239, 168, 250, 120, 167, 94, 250, 220, 169, 246, 243, 168, 226, 109, 167, 238, 250, 220, 166, 111, 111, 35975, 226, 23821, 243, 254, 168, 114, 242, 167, 251, 120, 166, 111, 254, 220, 47991, 102, 46695, 230, 46695, 97, 526, 198, 198, 18, 167, 110, 230, 25, 23821, 252, 238, 167, 96, 234, 17, 167, 232, 242, 220, 169, 240, 235, 169, 246, 230, 168, 100, 222, 166, 108, 222, 23821, 228, 235, 47991, 250, 220, 166, 113, 108, 35975, 246, 220, 169, 237, 231, 166, 115, 254, 220, 166, 116, 108, 168, 246, 101, 35975, 112, 31619, 233, 97, 167, 98, 116, 220, 166, 113, 108, 167, 111, 112, 46695, 97, 31619, 224, 106, 35975, 234, 35975, 226, 220, 169, 247, 243, 35975, 116, 47991, 254, 23821, 230, 246, 23821, 252, 230, 167, 232, 242, 23821, 252, 238, 167, 96, 234, 167, 94, 250, 220, 159, 231, 94, 168, 245, 238, 220, 169, 247, 250, 168, 248, 102, 47991, 246, 168, 246, 222, 46695, 97, 13, 1343, 366, 35975, 112, 23821, 252, 238, 167, 96, 234, 167, 98, 120, 31619, 111, 112, 167, 102, 112, 23821, 245, 105, 167, 99, 226, 168, 110, 254, 168, 245, 238, 220, 169, 240, 235, 169, 246, 230, 168, 100, 222, 35975, 246, 220, 169, 237, 231, 166, 115, 254, 220, 166, 116, 108, 168, 246, 101, 35975, 112, 220, 169, 240, 235, 169, 246, 230, 168, 100, 222, 166, 108, 222, 23821, 252, 230, 167, 232, 242, 220, 169, 244, 231, 168, 254, 243, 220, 166, 113, 105, 168, 245, 255, 35975, 246, 220, 169, 237, 231, 166, 115, 254, 220, 166, 116, 108, 168, 246, 101, 167, 111, 112, 46695, 97, 31619, 224, 106, 46695, 97, 167, 232, 242, 220, 166, 110, 225, 35975, 226, 23821, 243, 234, 23821, 230, 246, 23821, 252, 230, 168, 232, 113, 46695, 230, 46695, 97, 526, 198, 198, 19, 167, 110, 230, 25, 23821, 252, 238, 167, 96, 234, 17, 167, 232, 242, 31619, 114, 223, 167, 108, 102, 166, 111, 226, 23821, 233, 251, 167, 45539, 23821, 226, 250, 168, 233, 251, 168, 100, 222, 168, 247, 222, 220, 169, 251, 105, 166, 115, 222, 23821, 233, 251, 167, 45539, 23821, 226, 250, 168, 233, 251, 168, 100, 222, 220, 166, 108, 226, 35975, 246, 220, 169, 237, 231, 166, 115, 254, 220, 166, 116, 108, 168, 246, 101, 23821, 108, 101, 35975, 112, 167, 98, 120, 220, 169, 247, 243, 35975, 116, 47991, 254, 23821, 230, 246, 23821, 252, 230, 167, 232, 242, 23821, 252, 238, 167, 96, 234, 167, 94, 250, 220, 159, 231, 94, 168, 245, 238, 220, 169, 247, 250, 168, 248, 102, 47991, 246, 168, 246, 222, 46695, 97, 13, 1343, 366, 35975, 112, 23821, 252, 238, 167, 96, 234, 167, 98, 120, 31619, 111, 112, 167, 102, 112, 23821, 245, 105, 167, 99, 226, 168, 110, 254, 168, 245, 238, 220, 169, 240, 235, 169, 246, 230, 168, 100, 222, 35975, 246, 220, 169, 237, 231, 166, 115, 254, 220, 166, 116, 108, 168, 246, 101, 35975, 112, 220, 169, 240, 235, 169, 246, 230, 168, 100, 222, 166, 108, 222, 23821, 252, 230, 167, 232, 242, 220, 169, 244, 231, 168, 254, 243, 220, 166, 113, 105, 168, 245, 255, 35975, 246, 220, 169, 237, 231, 166, 115, 254, 220, 166, 116, 108, 168, 246, 101, 167, 111, 112, 46695, 97, 31619, 224, 106, 46695, 97, 167, 232, 242, 220, 166, 110, 225, 35975, 226, 23821, 243, 234, 23821, 230, 246, 23821, 252, 230, 168, 232, 113, 46695, 230, 46695, 97, 526, 198, 198, 20, 167, 110, 230, 25, 23821, 252, 238, 167, 96, 234, 18, 35975, 222, 220, 169, 240, 235, 169, 246, 230, 168, 100, 222, 168, 245, 238, 168, 226, 250, 31619, 108, 250, 166, 110, 105, 167, 238, 250, 31619, 114, 223, 167, 108, 102, 166, 111, 226, 23821, 233, 251, 167, 45539, 23821, 97, 239, 23821, 224, 108, 167, 99, 120, 168, 110, 255, 35975, 112, 23821, 100, 222, 168, 254, 243, 47991, 250, 220, 169, 251, 105, 166, 115, 222, 23821, 233, 251, 167, 45539, 168, 245, 238, 220, 47991, 112, 46695, 117, 47991, 246, 167, 232, 242, 23821, 233, 251, 167, 45539, 35975, 226, 220, 169, 247, 243, 35975, 116, 47991, 254, 23821, 230, 246, 23821, 252, 230, 167, 232, 242, 23821, 252, 238, 167, 96, 234, 167, 94, 250, 220, 159, 231, 95, 168, 245, 238, 220, 169, 247, 250, 168, 248, 102, 47991, 246, 168, 246, 222, 46695, 97, 13, 1343, 366, 35975, 112, 23821, 252, 238, 167, 96, 234, 167, 232, 242, 23821, 254, 250, 166, 108, 222, 11, 220, 169, 246, 226, 168, 252, 105, 166, 117, 234, 168, 100, 222, 220, 166, 113, 255, 167, 224, 112, 35975, 246, 220, 169, 240, 235, 169, 246, 230, 168, 100, 222, 168, 245, 238, 168, 226, 250, 31619, 108, 250, 166, 110, 105, 167, 238, 250, 23679, 168, 95, 227, 35975, 246, 31619, 114, 223, 167, 108, 102, 166, 111, 226, 23821, 233, 251, 167, 45539, 23821, 97, 239, 23821, 251, 120, 167, 114, 222, 167, 98, 120, 31619, 103, 102, 167, 94, 251, 168, 250, 120, 167, 94, 250, 23821, 254, 243, 167, 99, 105, 47991, 246, 166, 111, 254, 11, 23821, 224, 108, 167, 99, 120, 168, 110, 255, 168, 245, 238, 168, 226, 250, 23821, 100, 222, 168, 254, 243, 47991, 250, 220, 169, 251, 105, 166, 115, 222, 23821, 233, 251, 167, 45539, 168, 245, 238, 220, 47991, 112, 46695, 117, 47991, 246, 167, 232, 242, 168, 100, 222, 23821, 245, 105, 167, 114, 222, 167, 98, 120, 220, 169, 239, 250, 168, 233, 250, 47991, 112, 168, 226, 250, 31619, 100, 234, 167, 241, 254, 220, 166, 110, 225, 168, 252, 227, 46695, 230, 46695, 97, 526, 198, 198, 168, 113, 250, 168, 95, 227, 23821, 254, 243, 46695, 113, 25, 642, 167, 110, 230]","[0.5, 0.5, 0.5, 0.5, 0.5, 0.5, 0.5, 0.5, 0.5, 0.5, 0.5, 0.5, 0.5, 0.5, 0.5, 0.5, 0.5, 0.5, 0.5, 0.5, 0.5, 0.5, 0.5, 0.5, 0.5, 0.5, 0.5, 0.5, 0.5, 0.5, 0.5, 0.5, 0.5, 0.5, 0.5, 0.5, 0.5, 0.5, 0.5, 0.5, 0.5, 0.5, 0.5, 0.5, 0.5, 0.5, 0.5, 0.5, 0.5, 0.5, 0.5, 0.5, 0.5, 0.5, 0.5, 0.5, 0.5, 0.5, 0.5, 0.5, 0.5, 0.5, 0.5, 0.5, 0.5, 0.5, 0.5, 0.5, 0.5, 0.5, 0.5, 0.5, 0.5, 0.5, 0.5, 0.5, 0.5, 0.5, 0.5, 0.5, 0.5, 0.5, 0.5, 0.5, 0.5, 0.5, 0.5, 0.5, 0.5, 0.5, 0.5, 0.5, 0.5, 0.5, 0.5, 0.5, 0.5, 0.5, 0.5, 0.5, 0.5, 0.5, 0.5, 0.5, 0.5, 0.5, 0.5, 0.5, 0.5, 0.5, 0.5, 0.5, 0.5, 0.5, 0.5, 0.5, 0.5, 0.5, 0.5, 0.5, 0.5, 0.5, 0.5, 0.5, 0.5, 0.5, 0.5, 0.5, 0.5, 0.5, 0.5, 0.5, 0.5, 0.5, 0.5, 0.5, 0.5, 0.5, 0.5, 0.5, 0.5, 0.5, 0.5, 0.5, 0.5, 0.5, 0.5, 0.5, 0.5, 0.5, 0.5, 0.5, 0.5, 0.5, 0.5, 0.5, 0.5, 0.5, 0.5, 0.5, 0.5, 0.5, 0.5, 0.5, 0.5, 0.5, 0.5, 0.5, 0.5, 0.5, 0.5, 0.5, 0.5, 0.5, 0.5, 0.5, 0.5, 0.5, 0.5, 0.5, 0.5, 0.5, 0.5, 0.5, 0.5, 0.5, 0.5, 0.5, 0.5, 0.5, 0.5, 0.5, 0.5, 0.5, 0.5, 0.5, 0.5, 0.5, 0.5, 0.5, 0.5, 0.5, 0.5, 0.5, 0.5, 0.5, 0.5, 0.5, 0.5, 0.5, 0.5, 0.5, 0.5, 0.5, 0.5, 0.5, 0.5, 0.5, 0.5, 0.5, 0.5, 0.5, 0.5, 0.5, 0.5, 0.5, 0.5, 0.5, 0.5, 0.5, 0.5, 0.5, 0.5, 0.5, 0.5, 0.5, 0.5, 0.5, 0.5, 0.5, 0.5, 0.5, 0.5, 0.5, 0.5, 0.5, 0.5, 0.5, 0.5, 0.5, 0.5, 0.5, 0.5, 0.5, 0.5, 0.5, 0.5, 0.5, 0.5, 0.5, 0.5, 0.5, 0.5, 0.5, 0.5, 0.5, 0.5, 0.5, 0.5, 0.5, 0.5, 0.5, 0.5, 0.5, 0.5, 0.5, 0.5, 0.5, 0.5, 0.5, 0.5, 0.5, 0.5, 0.5, 0.5, 0.5, 0.5, 0.5, 0.5, 0.5, 0.5, 0.5, 0.5, 0.5, 0.5, 0.5, 0.5, 0.5, 0.5, 0.5, 0.5, 0.5, 0.5, 0.5, 0.5, 0.5, 0.5, 0.5, 0.5, 0.5, 0.5, 0.5, 0.5, 0.5, 0.5, 0.5, 0.5, 0.5, 0.5, 0.5, 0.5, 0.5, 0.5, 0.5, 0.5, 0.5, 0.5, 0.5, 0.5, 0.5, 0.5, 0.5, 0.5, 0.5, 0.5, 0.5, 0.5, 0.5, 0.5, 0.5, 0.5, 0.5, 0.5, 0.5, 0.5, 0.5, 0.5, 0.5, 0.5, 0.5, 0.5, 0.5, 0.5, 0.5, 0.5, 0.5, 0.5, 0.5, 0.5, 0.5, 0.5, 0.5, 0.5, 0.5, 0.5, 0.5, 0.5, 0.5, 0.5, 0.5, 0.5, 0.5, 0.5, 0.5, 0.5, 0.5, 0.5, 0.5, 0.5, 0.5, 0.5, 0.5, 0.5, 0.5, 0.5, 0.5, 0.5, 0.5, 0.5, 0.5, 0.5, 0.5, 0.5, 0.5, 0.5, 0.5, 0.5, 0.5, 0.5, 0.5, 0.5, 0.5, 0.5, 0.5, 0.5, 0.5, 0.5, 0.5, 0.5, 0.5, 0.5, 0.5, 0.5, 0.5, 0.5, 0.5, 0.5, 0.5, 0.5, 0.5, 0.5, 0.5, 0.5, 0.5, 0.5, 0.5, 0.5, 0.5, 0.5, 0.5, 0.5, 0.5, 0.5, 0.5, 0.5, 0.5, 0.5, 0.5, 0.5, 0.5, 0.5, 0.5, 0.5, 0.5, 0.5, 0.5, 0.5, 0.5, 0.5, 0.5, 0.5, 0.5, 0.5, 0.5, 0.5, 0.5, 0.5, 0.5, 0.5, 0.5, 0.5, 0.5, 0.5, 0.5, 0.5, 0.5, 0.5, 0.5, 0.5, 0.5, 0.5, 0.5, 0.5, 0.5, 0.5, 0.5, 0.5, 0.5, 0.5, 0.5, 0.5, 0.5, 0.5, 0.5, 0.5, 0.5, 0.5, 0.5, 0.5, 0.5, 0.5, 0.5, 0.5, 0.5, 0.5, 0.5, 0.5, 0.5, 0.5, 0.5, 0.5, 0.5, 0.5, 0.5, 0.5, 0.5, 0.5, 0.5, 0.5, 0.5, 0.5, 0.5, 0.5, 0.5, 0.5, 0.5, 0.5, 0.5, 0.5, 0.5, 0.5, 0.5, 0.5, 0.5, 0.5, 0.5, 0.5, 0.5, 0.5, 0.5, 0.5, 0.5, 0.5, 0.5, 0.5, 0.5, 0.5, 0.5, 0.5, 0.5, 0.5, 0.5, 0.5, 0.5, 0.5, 0.5, 0.5, 0.5, 0.5, 0.5, 0.5, 0.5, 0.5, 0.5, 0.5, 0.5, 0.5, 0.5, 0.5, 0.5, 0.5, 0.5, 0.5, 0.5, 0.5, 0.5, 0.5, 0.5, 0.5, 0.5, 0.5, 0.5, 0.5, 0.5, 0.5, 0.5, 0.5, 0.5, 0.5, 0.5, 0.5, 0.5, 0.5, 0.5, 0.5, 0.5, 0.5, 0.5, 0.5, 0.5, 0.5, 0.5, 0.5, 0.5, 0.5, 0.5, 0.5, 0.5, 0.5, 0.5, 0.5, 0.5, 0.5, 0.5, 0.5, 0.5, 0.5, 0.5, 0.5, 0.5, 0.5, 0.5, 0.5, 0.5, 0.5, 0.5, 0.5, 0.5, 0.5, 0.5, 0.5, 0.5, 0.5, 0.5, 0.5, 0.5, 0.5, 0.5, 0.5, 0.5, 0.5, 0.5, 0.5, 0.5, 0.5, 0.5, 0.5, 0.5, 0.5, 0.5, 0.5, 0.5, 0.5, 0.5, 0.5, 0.5, 0.5, 0.5, 0.5, 0.5, 0.5, 0.5, 0.5, 0.5, 0.5, 0.5, 0.5, 0.5, 0.5, 0.5, 0.5, 0.5, 0.5, 0.5, 0.5, 0.5, 0.5, 0.5, 0.5, 0.5, 0.5, 0.5, 0.5, 0.5, 0.5, 0.5, 0.5, 0.5, 0.5, 0.5, 0.5, 0.5, 0.5, 0.5, 0.5, 0.5, 0.5, 0.5, 0.5, 0.5, 0.5, 0.5, 0.5, 0.5, 0.5, 0.5, 0.5, 0.5, 0.5, 0.5, 0.5, 0.5, 0.5, 0.5, 0.5, 0.5, 0.5, 0.5, 0.5, 0.5, 0.5, 0.5, 0.5, 0.5, 0.5, 0.5, 0.5, 0.5, 0.5, 0.5, 0.5, 0.5, 0.5, 0.5, 0.5, 0.5, 0.5, 0.5, 0.5, 0.5, 0.5, 0.5, 0.5, 0.5, 0.5, 0.5, 0.5, 0.5, 0.5, 0.5, 0.5, 0.5, 0.5, 0.5, 0.5, 0.5, 0.5, 0.5, 0.5, 0.5, 0.5, 0.5, 0.5, 0.5, 0.5, 0.5, 0.5, 0.5, 0.5, 0.5, 0.5, 0.5, 0.5, 0.5, 0.5, 0.5, 0.5, 0.5, 0.5, 0.5, 0.5, 0.5, 0.5, 0.5, 0.5, 0.5, 0.5, 0.5, 0.5, 0.5, 0.5, 0.5, 0.5, 0.5, 0.5, 0.5, 0.5, 0.5, 0.5, 0.5, 0.5, 0.5, 0.5, 0.5, 0.5, 0.5, 0.5, 0.5, 0.5, 0.5, 0.5, 0.5, 0.5, 0.5, 0.5, 0.5, 0.5, 0.5, 0.5, 0.5, 0.5, 0.5, 0.5, 0.5, 0.5, 0.5, 0.5, 0.5, 0.5, 0.5, 0.5, 0.5, 0.5, 0.5, 0.5, 0.5, 0.5, 0.5, 0.5, 0.5, 0.5, 0.5, 0.5, 0.5, 0.5, 0.5, 0.5, 0.5, 0.5, 0.5, 0.5, 0.5, 0.5, 0.5, 0.5, 0.5, 0.5, 0.5, 0.5, 0.5, 0.5, 0.5, 0.5, 0.5, 0.5, 0.5, 0.5, 0.5, 0.5, 0.5, 0.5, 0.5, 0.5, 0.5, 0.5, 0.5, 0.5, 0.5, 0.5, 0.5, 0.5, 0.5, 0.5, 0.5, 0.5, 0.5, 0.5, 0.5, 0.5, 0.5, 0.5, 0.5, 0.5, 0.5, 0.5, 0.5, 0.5, 0.5, 0.5, 0.5, 0.5, 0.5, 0.5, 0.5, 0.5, 0.5, 0.5, 0.5, 0.5, 0.5, 0.5, 0.5, 0.5, 0.5, 0.5, 0.5, 0.5, 0.5, 0.5, 0.5, 0.5, 0.5, 0.5, 0.5, 0.5, 0.5, 0.5, 0.5, 0.5, 0.5, 0.5, 0.5, 0.5, 0.5, 0.5, 0.5, 0.5, 0.5, 0.5, 0.5, 0.5, 0.5, 0.5, 0.5, 0.5, 0.5, 0.5, 0.5, 0.5, 0.5, 0.5, 0.5, 0.5, 0.5, 0.5, 0.5, 0.5, 0.5, 0.5, 0.5, 0.5, 0.5, 0.5, 0.5, 0.5, 0.5, 0.5, 0.5, 0.5, 0.5, 0.5, 0.5, 0.5, 0.5, 0.5, 0.5, 0.5, 0.5, 0.5, 0.5, 0.5, 0.5, 0.5, 0.5, 0.5, 0.5, 0.5, 0.5, 0.5, 0.5, 0.5, 0.5, 0.5, 0.5, 0.5, 0.5, 0.5, 0.5, 0.5, 0.5, 0.5, 0.5, 0.5, 0.5, 0.5, 0.5, 0.5, 0.5, 0.5, 0.5, 0.5, 0.5, 0.5, 0.5, 0.5, 0.5, 0.5, 0.5, 0.5, 0.5, 0.5, 0.5, 0.5, 0.5, 0.5, 0.5, 0.5, 0.5, 0.5, 0.5, 0.5, 0.5, 0.5, 0.5, 0.5, 0.5, 0.5, 0.5, 0.5, 0.5, 0.5, 0.5, 0.5, 0.5, 0.5, 0.5, 0.5, 0.5, 0.5, 0.5, 0.5, 0.5, 0.5, 0.5, 0.5, 0.5, 0.5, 0.5, 0.5, 0.5, 0.5, 0.5, 0.5, 0.5, 0.5, 0.5, 0.5, 0.5, 0.5, 0.5, 0.5, 0.5, 0.5, 0.5, 0.5, 0.5, 0.5, 0.5, 0.5, 0.5, 0.5, 0.5, 0.5, 0.5, 0.5, 0.5, 0.5, 0.5, 0.5, 0.5, 0.5, 0.5, 0.5, 0.5, 0.5, 0.5, 0.5, 0.5, 0.5, 0.5, 0.5, 0.5, 0.5, 0.5, 0.5, 0.5, 0.5, 0.5, 0.5, 0.5, 0.5, 0.5, 0.5, 0.5, 0.5, 0.5, 0.5, 0.5, 0.5, 0.5, 0.5, 0.5, 0.5, 0.5, 0.5, 0.5, 0.5, 0.5, 0.5, 0.5, 0.5, 0.5, 0.5, 0.5, 0.5, 0.5, 0.5, 0.5, 0.5, 0.5, 0.5, 0.5, 0.5, 0.5, 0.5, 0.5, 0.5, 0.5, 0.5, 0.5, 0.5, 0.5, 0.5, 0.5, 0.5, 0.5, 0.5, 0.5, 0.5, 0.5, 0.5, 0.5, 0.5, 0.5, 0.5, 0.5, 0.5, 0.5, 0.5, 0.5, 0.5, 0.5, 0.5, 0.5, 0.5, 0.5, 0.5, 0.5, 0.5, 0.5, 0.5, 0.5, 0.5, 0.5, 0.5, 0.5, 0.5, 0.5, 0.5, 0.5, 0.5, 0.5, 0.5, 0.5, 0.5, 0.5, 0.5, 0.5, 0.5, 0.5, 0.5, 0.5, 0.5, 0.5, 0.5, 0.5, 0.5, 0.5, 0.5, 0.5, 0.5, 0.5, 0.5, 0.5, 0.5, 0.5, 0.5, 0.5, 0.5, 0.5, 0.5, 0.5, 0.5, 0.5, 0.5, 0.5, 0.5, 0.5, 0.5, 0.5, 0.5, 0.5, 0.5, 0.5, 0.5, 0.5, 0.5, 0.5, 0.5, 0.5, 0.5, 0.5, 0.5, 0.5, 0.5, 0.5, 0.5, 0.5, 0.5, 0.5, 0.5, 0.5, 0.5, 0.5, 0.5, 0.5, 0.5, 0.5, 0.5, 0.5, 0.5, 0.5, 0.5, 0.5, 0.5, 0.5, 0.5, 0.5, 0.5, 0.5, 0.5, 0.5, 0.5, 0.5, 0.5, 0.5, 0.5, 0.5, 0.5, 0.5, 0.5, 0.5, 0.5, 0.5, 0.5, 0.5, 0.5, 0.5, 0.5, 0.5, 0.5, 0.5, 0.5, 0.5, 0.5, 0.5, 0.5, 0.5, 0.5, 0.5, 0.5, 0.5, 0.5, 0.5, 0.5, 0.5, 0.5, 0.5, 0.5, 0.5, 0.5, 0.5, 0.5, 0.5, 0.5, 0.5, 0.5, 0.5, 0.5, 0.5, 0.5, 0.5, 0.5, 0.5, 0.5, 0.5, 0.5, 0.5, 0.5, 0.5, 0.5, 0.5, 0.5, 0.5, 0.5, 0.5, 0.5, 0.5, 0.5, 0.5, 0.5, 0.5, 0.5, 0.5, 0.5, 0.5, 0.5, 0.5, 0.5, 0.5, 0.5, 0.5, 0.5, 0.5, 0.5, 0.5, 0.5, 0.5, 0.5, 0.5, 0.5, 0.5, 0.5, 0.5, 0.5, 0.5, 0.5, 0.5, 0.5, 0.5, 0.5, 0.5, 0.5, 0.5, 0.5, 0.5, 0.5, 0.5, 0.5, 0.5, 0.5, 0.5, 0.5, 0.5, 0.5, 0.5, 0.5, 0.5, 0.5, 0.5, 0.5, 0.5, 0.5, 0.5, 0.5, 0.5, 0.5, 0.5, 0.5, 0.5, 0.5, 0.5, 0.5, 0.5, 0.5, 0.5, 0.5, 0.5, 0.5, 0.5, 0.5, 0.5, 0.5, 0.5, 0.5, 0.5, 0.5, 0.5, 0.5, 0.5, 0.5, 0.5, 0.5, 0.5, 0.5, 0.5, 0.5, 0.5, 0.5, 0.5, 0.5, 0.5, 0.5, 0.5, 0.5, 0.5, 0.5, 0.5, 0.5, 0.5, 0.5, 0.5, 0.5, 0.5, 0.5, 0.5, 0.5, 0.5, 0.5, 0.5, 0.5, 0.5, 0.5, 0.5, 0.5, 0.5, 0.5, 0.5, 0.5, 0.5, 0.5, 0.5, 0.5, 0.5, 0.5, 0.5, 0.5, 0.5, 0.5, 0.5, 0.5, 0.5, 0.5, 0.5, 0.5, 0.5, 0.5, 0.5, 0.5, 0.5, 0.5, 0.5, 0.5, 0.5, 0.5, 0.5, 0.5, 0.5, 0.5, 0.5, 0.5, 0.5, 0.5, 0.5, 0.5, 0.5, 0.5, 0.5, 0.5, 0.5, 0.5, 0.5, 0.5, 0.5, 0.5, 0.5, 0.5, 0.5, 0.5, 0.5, 0.5, 0.5, 0.5, 0.5, 0.5, 0.5, 0.5, 0.5, 0.5, 0.5, 0.5, 0.5, 0.5, 0.5, 0.5, 0.5, 0.5, 0.5, 0.5, 0.5, 0.5, 0.5, 0.5, 0.5, 0.5, 0.5, 0.5, 0.5, 0.5, 0.5, 0.5, 0.5, 0.5, 0.5, 0.5, 0.5, 0.5, 0.5, 0.5, 0.5, 0.5, 0.5, 0.5, 0.5, 0.5, 0.5, 0.5, 0.5, 0.5, 0.5, 0.5, 0.5, 0.5, 0.5, 0.5, 0.5, 0.5, 0.5, 0.5, 0.5, 0.5, 0.5, 0.5, 0.5, 0.5, 0.5, 0.5, 0.5, 0.5, 0.5, 0.5, 0.5, 0.5, 0.5, 0.5, 0.5, 0.5, 0.5, 0.5, 0.5, 0.5, 0.5, 0.5, 0.5, 0.5, 0.5, 0.5, 0.5, 0.5, 0.5, 0.5, 0.5, 0.5, 0.5, 0.5, 0.5, 0.5, 0.5, 0.5, 0.5, 0.5]",2
2026_11_KICE_35-37_2,['3(2)'],"1번: 학생1은 자신이 이해한 발표의 내용을 다른 사람이 이해한 내용과 비교하고 있지 않다. ""(지문 속 근거가 된 문장 없음)""
2번: 학생2는 발표를 통해 새롭게 알게 된 정보가 사실과 부합하는지 점검하고 있다. ""월귤의 국내 서식지가 서너 곳이라는 사실을 새롭게 알게 됐어. 그런데 월귤의 해외 서식지에 대해서도 알고 싶었는데 설명이 없어서 아쉬워.""
3번: 학생3은 발표를 통해 알게 된 정보를 유용성 측면에서 평가하고 있다. ""신문 기사를 보니 우리 지역의 산에도 풍혈지가 있대. 우리 지역의 지리적 특성에 대한 보고서를 써야 하는데 발표에서 들은 풍혈지에 관한 설명이 도움이 되겠어.""
4번: 학생1과 학생2는 모두, 발표 내용의 일부를 정확히 이해하지 못하고 있지 않다. ""(지문 속 근거가 된 문장 없음)""
5번: 학생2와 학생3은 모두, 자신이 필요하다고 생각하는 내용이 발표에서 다루어지지 않았음을 아쉬워하고 있다. ""월귤의 국내 서식지가 서너 곳이라는 사실을 새롭게 알게 됐어. 그런데 월귤의 해외 서식지에 대해서도 알고 싶었는데 설명이 없어서 아쉬워.""와 ""신문 기사를 보니 우리 지역의 산에도 풍혈지가 있대. 우리 지역의 지리적 특성에 대한 보고서를 써야 하는데 발표에서 들은 풍혈지에 관한 설명이 도움이 되겠어.""

최종 정답: 3번","[16, 167, 110, 230, 25, 220, 47991, 247, 168, 225, 251, 16, 35975, 222, 23821, 252, 238, 168, 233, 254, 35975, 112, 23821, 251, 112, 47991, 112, 47991, 250, 31619, 108, 250, 169, 239, 250, 35975, 246, 31619, 224, 112, 168, 248, 102, 35975, 226, 31619, 233, 97, 167, 98, 116, 23821, 8955, 167, 252, 234, 35975, 112, 23821, 251, 112, 47991, 112, 47991, 250, 31619, 224, 112, 168, 248, 102, 166, 111, 120, 31619, 117, 226, 166, 113, 238, 47991, 246, 166, 111, 254, 23821, 252, 230, 168, 100, 222, 23821, 243, 232, 46695, 97, 13, 30629, 168, 100, 222, 167, 105, 116, 23821, 228, 235, 220, 166, 115, 120, 166, 109, 108, 166, 108, 222, 31619, 238, 250, 31619, 105, 116, 168, 252, 98, 23821, 245, 228, 35975, 234, 16725, 198, 17, 167, 110, 230, 25, 220, 47991, 247, 168, 225, 251, 17, 167, 232, 242, 31619, 108, 250, 169, 239, 250, 167, 98, 120, 220, 169, 228, 113, 47991, 112, 23821, 225, 230, 167, 94, 255, 166, 110, 234, 23821, 243, 234, 166, 110, 234, 31619, 238, 250, 23821, 254, 243, 167, 111, 112, 166, 108, 222, 23821, 8955, 168, 233, 97, 166, 111, 120, 31619, 114, 222, 47991, 102, 47991, 246, 167, 232, 242, 168, 100, 222, 23821, 254, 238, 166, 110, 222, 47991, 246, 166, 111, 254, 23821, 252, 230, 46695, 97, 13, 366, 168, 249, 242, 166, 115, 97, 35975, 246, 220, 166, 113, 255, 167, 224, 112, 23821, 226, 250, 168, 233, 251, 168, 100, 222, 166, 108, 222, 23821, 226, 250, 167, 226, 230, 220, 166, 111, 111, 35975, 112, 167, 251, 120, 167, 232, 242, 23821, 8955, 168, 233, 97, 35975, 226, 23821, 225, 230, 167, 94, 255, 166, 110, 234, 23821, 243, 234, 166, 110, 234, 31619, 238, 238, 168, 244, 112, 13, 220, 166, 115, 116, 167, 253, 108, 167, 235, 108, 23821, 249, 242, 166, 115, 97, 35975, 246, 220, 47991, 112, 168, 247, 116, 23821, 226, 250, 168, 233, 251, 168, 100, 222, 168, 245, 238, 31619, 234, 222, 47991, 112, 168, 226, 250, 167, 237, 226, 23821, 243, 234, 166, 111, 254, 23821, 233, 114, 168, 245, 230, 167, 232, 242, 167, 235, 108, 23821, 226, 97, 167, 103, 227, 35975, 112, 23821, 245, 228, 168, 244, 112, 168, 226, 250, 23821, 243, 226, 168, 231, 105, 168, 249, 234, 526, 198, 18, 167, 110, 230, 25, 220, 47991, 247, 168, 225, 251, 18, 35975, 222, 31619, 108, 250, 169, 239, 250, 167, 98, 120, 220, 169, 228, 113, 47991, 112, 23821, 243, 234, 166, 110, 234, 31619, 238, 250, 23821, 254, 243, 167, 111, 112, 167, 98, 120, 23821, 250, 254, 168, 248, 102, 168, 226, 109, 23821, 116, 94, 167, 102, 112, 168, 245, 238, 168, 226, 250, 220, 169, 237, 231, 166, 108, 222, 47991, 246, 166, 111, 254, 23821, 252, 230, 46695, 97, 13, 366, 168, 233, 254, 167, 105, 116, 220, 166, 116, 108, 168, 8955, 167, 98, 120, 31619, 111, 112, 46695, 230, 23821, 248, 108, 167, 99, 105, 23821, 100, 222, 168, 245, 255, 35975, 246, 23821, 224, 108, 168, 245, 238, 167, 237, 226, 220, 169, 240, 235, 169, 246, 230, 168, 100, 222, 166, 108, 222, 23821, 252, 230, 167, 234, 222, 13, 23821, 248, 108, 167, 99, 105, 23821, 100, 222, 168, 245, 255, 35975, 246, 23821, 100, 222, 167, 99, 105, 168, 254, 223, 220, 169, 232, 117, 168, 226, 109, 168, 245, 238, 31619, 234, 222, 47991, 250, 31619, 111, 112, 166, 111, 254, 168, 226, 250, 167, 98, 120, 23821, 235, 101, 168, 243, 120, 220, 47991, 246, 167, 232, 242, 167, 235, 108, 31619, 108, 250, 169, 239, 250, 168, 245, 238, 168, 226, 250, 31619, 241, 97, 35975, 222, 220, 169, 240, 235, 169, 246, 230, 168, 100, 222, 168, 245, 238, 220, 166, 112, 222, 47991, 250, 23821, 226, 97, 167, 103, 227, 35975, 112, 31619, 237, 226, 168, 249, 222, 35975, 112, 31619, 238, 246, 166, 110, 254, 168, 244, 112, 526, 198, 19, 167, 110, 230, 25, 220, 47991, 247, 168, 225, 251, 16, 166, 111, 120, 220, 47991, 247, 168, 225, 251, 17, 167, 232, 242, 31619, 103, 101, 167, 239, 238, 11, 31619, 108, 250, 169, 239, 250, 31619, 224, 112, 168, 248, 102, 35975, 246, 23821, 251, 120, 167, 114, 222, 167, 98, 120, 23821, 254, 243, 169, 247, 243, 169, 252, 230, 23821, 251, 112, 47991, 112, 47991, 246, 168, 100, 222, 31619, 103, 119, 47991, 246, 166, 111, 254, 23821, 252, 230, 168, 100, 222, 23821, 243, 232, 46695, 97, 13, 30629, 168, 100, 222, 167, 105, 116, 23821, 228, 235, 220, 166, 115, 120, 166, 109, 108, 166, 108, 222, 31619, 238, 250, 31619, 105, 116, 168, 252, 98, 23821, 245, 228, 35975, 234, 16725, 198, 20, 167, 110, 230, 25, 220, 47991, 247, 168, 225, 251, 17, 168, 247, 222, 220, 47991, 247, 168, 225, 251, 18, 35975, 222, 31619, 103, 101, 167, 239, 238, 11, 23821, 252, 238, 168, 233, 254, 35975, 112, 220, 47991, 226, 168, 248, 242, 47991, 246, 46695, 97, 166, 111, 254, 23821, 225, 251, 166, 108, 223, 47991, 246, 167, 232, 242, 31619, 224, 112, 168, 248, 102, 35975, 112, 31619, 108, 250, 169, 239, 250, 168, 245, 238, 168, 226, 250, 31619, 233, 97, 167, 96, 101, 168, 244, 112, 168, 100, 222, 168, 100, 222, 23821, 243, 232, 168, 243, 246, 35975, 234, 35975, 226, 23821, 243, 226, 168, 231, 105, 168, 249, 234, 47991, 246, 166, 111, 254, 23821, 252, 230, 46695, 97, 13, 366, 168, 249, 242, 166, 115, 97, 35975, 246, 220, 166, 113, 255, 167, 224, 112, 23821, 226, 250, 168, 233, 251, 168, 100, 222, 166, 108, 222, 23821, 226, 250, 167, 226, 230, 220, 166, 111, 111, 35975, 112, 167, 251, 120, 167, 232, 242, 23821, 8955, 168, 233, 97, 35975, 226, 23821, 225, 230, 167, 94, 255, 166, 110, 234, 23821, 243, 234, 166, 110, 234, 31619, 238, 238, 168, 244, 112, 13, 220, 166, 115, 116, 167, 253, 108, 167, 235, 108, 23821, 249, 242, 166, 115, 97, 35975, 246, 220, 47991, 112, 168, 247, 116, 23821, 226, 250, 168, 233, 251, 168, 100, 222, 168, 245, 238, 31619, 234, 222, 47991, 112, 168, 226, 250, 167, 237, 226, 23821, 243, 234, 166, 111, 254, 23821, 233, 114, 168, 245, 230, 167, 232, 242, 167, 235, 108, 23821, 226, 97, 167, 103, 227, 35975, 112, 23821, 245, 228, 168, 244, 112, 168, 226, 250, 23821, 243, 226, 168, 231, 105, 168, 249, 234, 526, 168, 247, 222, 366, 168, 233, 254, 167, 105, 116, 220, 166, 116, 108, 168, 8955, 167, 98, 120, 31619, 111, 112, 46695, 230, 23821, 248, 108, 167, 99, 105, 23821, 100, 222, 168, 245, 255, 35975, 246, 23821, 224, 108, 168, 245, 238, 167, 237, 226, 220, 169, 240, 235, 169, 246, 230, 168, 100, 222, 166, 108, 222, 23821, 252, 230, 167, 234, 222, 13, 23821, 248, 108, 167, 99, 105, 23821, 100, 222, 168, 245, 255, 35975, 246, 23821, 100, 222, 167, 99, 105, 168, 254, 223, 220, 169, 232, 117, 168, 226, 109, 168, 245, 238, 31619, 234, 222, 47991, 250, 31619, 111, 112, 166, 111, 254, 168, 226, 250, 167, 98, 120, 23821, 235, 101, 168, 243, 120, 220, 47991, 246, 167, 232, 242, 167, 235, 108, 31619, 108, 250, 169, 239, 250, 168, 245, 238, 168, 226, 250, 31619, 241, 97, 35975, 222, 220, 169, 240, 235, 169, 246, 230, 168, 100, 222, 168, 245, 238, 220, 166, 112, 222, 47991, 250, 23821, 226, 97, 167, 103, 227, 35975, 112, 31619, 237, 226, 168, 249, 222, 35975, 112, 31619, 238, 246, 166, 110, 254, 168, 244, 112, 526, 198, 198, 168, 113, 250, 168, 95, 227, 23821, 254, 243, 46695, 113, 25, 513, 167, 110, 230]","[0.5, 0.5, 0.5, 0.5, 0.5, 0.5, 0.5, 0.5, 0.5, 0.5, 0.5, 0.5, 0.5, 0.5, 0.5, 0.5, 0.5, 0.5, 0.5, 0.5, 0.5, 0.5, 0.5, 0.5, 0.5, 0.5, 0.5, 0.5, 0.5, 0.5, 0.5, 0.5, 0.5, 0.5, 0.5, 0.5, 0.5, 0.5, 0.5, 0.5, 0.5, 0.5, 0.5, 0.5, 0.5, 0.5, 0.5, 0.5, 0.5, 0.5, 0.5, 0.5, 0.5, 0.5, 0.5, 0.5, 0.5, 0.5, 0.5, 0.5, 0.5, 0.5, 0.5, 0.5, 0.5, 0.5, 0.5, 0.5, 0.5, 0.5, 0.5, 0.5, 0.5, 0.5, 0.5, 0.5, 0.5, 0.5, 0.5, 0.5, 0.5, 0.5, 0.5, 0.5, 0.5, 0.5, 0.5, 0.5, 0.5, 0.5, 0.5, 0.5, 0.5, 0.5, 0.5, 0.5, 0.5, 0.5, 0.5, 0.5, 0.5, 0.5, 0.5, 0.5, 0.5, 0.5, 0.5, 0.5, 0.5, 0.5, 0.5, 0.5, 0.5, 0.5, 0.5, 0.5, 0.5, 0.5, 0.5, 0.5, 0.5, 0.5, 0.5, 0.5, 0.5, 0.5, 0.5, 0.5, 0.5, 0.5, 0.5, 0.5, 0.5, 0.5, 0.5, 0.5, 0.5, 0.5, 0.5, 0.5, 0.5, 0.5, 0.5, 0.5, 0.5, 0.5, 0.5, 0.5, 0.5, 0.5, 0.5, 0.5, 0.5, 0.5, 0.5, 0.5, 0.5, 0.5, 0.5, 0.5, 0.5, 0.5, 0.5, 0.5, 0.5, 0.5, 0.5, 0.5, 0.5, 0.5, 0.5, 0.5, 0.5, 0.5, 0.5, 0.5, 0.5, 0.5, 0.5, 0.5, 0.5, 0.5, 0.5, 0.5, 0.5, 0.5, 0.5, 0.5, 0.5, 0.5, 0.5, 0.5, 0.5, 0.5, 0.5, 0.5, 0.5, 0.5, 0.5, 0.5, 0.5, 0.5, 0.5, 0.5, 0.5, 0.5, 0.5, 0.5, 0.5, 0.5, 0.5, 0.5, 0.5, 0.5, 0.5, 0.5, 0.5, 0.5, 0.5, 0.5, 0.5, 0.5, 0.5, 0.5, 0.5, 0.5, 0.5, 0.5, 0.5, 0.5, 0.5, 0.5, 0.5, 0.5, 0.5, 0.5, 0.5, 0.5, 0.5, 0.5, 0.5, 0.5, 0.5, 0.5, 0.5, 0.5, 0.5, 0.5, 0.5, 0.5, 0.5, 0.5, 0.5, 0.5, 0.5, 0.5, 0.5, 0.5, 0.5, 0.5, 0.5, 0.5, 0.5, 0.5, 0.5, 0.5, 0.5, 0.5, 0.5, 0.5, 0.5, 0.5, 0.5, 0.5, 0.5, 0.5, 0.5, 0.5, 0.5, 0.5, 0.5, 0.5, 0.5, 0.5, 0.5, 0.5, 0.5, 0.5, 0.5, 0.5, 0.5, 0.5, 0.5, 0.5, 0.5, 0.5, 0.5, 0.5, 0.5, 0.5, 0.5, 0.5, 0.5, 0.5, 0.5, 0.5, 0.5, 0.5, 0.5, 0.5, 0.5, 0.5, 0.5, 0.5, 0.5, 0.5, 0.5, 0.5, 0.5, 0.5, 0.5, 0.5, 0.5, 0.5, 0.5, 0.5, 0.5, 0.5, 0.5, 0.5, 0.5, 0.5, 0.5, 0.5, 0.5, 0.5, 0.5, 0.5, 0.5, 0.5, 0.5, 0.5, 0.5, 0.5, 0.5, 0.5, 0.5, 0.5, 0.5, 0.5, 0.5, 0.5, 0.5, 0.5, 0.5, 0.5, 0.5, 0.5, 0.5, 0.5, 0.5, 0.5, 0.5, 0.5, 0.5, 0.5, 0.5, 0.5, 0.5, 0.5, 0.5, 0.5, 0.5, 0.5, 0.5, 0.5, 0.5, 0.5, 0.5, 0.5, 0.5, 0.5, 0.5, 0.5, 0.5, 0.5, 0.5, 0.5, 0.5, 0.5, 0.5, 0.5, 0.5, 0.5, 0.5, 0.5, 0.5, 0.5, 0.5, 0.5, 0.5, 0.5, 0.5, 0.5, 0.5, 0.5, 0.5, 0.5, 0.5, 0.5, 0.5, 0.5, 0.5, 0.5, 0.5, 0.5, 0.5, 0.5, 0.5, 0.5, 0.5, 0.5, 0.5, 0.5, 0.5, 0.5, 0.5, 0.5, 0.5, 0.5, 0.5, 0.5, 0.5, 0.5, 0.5, 0.5, 0.5, 0.5, 0.5, 0.5, 0.5, 0.5, 0.5, 0.5, 0.5, 0.5, 0.5, 0.5, 0.5, 0.5, 0.5, 0.5, 0.5, 0.5, 0.5, 0.5, 0.5, 0.5, 0.5, 0.5, 0.5, 0.5, 0.5, 0.5, 0.5, 0.5, 0.5, 0.5, 0.5, 0.5, 0.5, 0.5, 0.5, 0.5, 0.5, 0.5, 0.5, 0.5, 0.5, 0.5, 0.5, 0.5, 0.5, 0.5, 0.5, 0.5, 0.5, 0.5, 0.5, 0.5, 0.5, 0.5, 0.5, 0.5, 0.5, 0.5, 0.5, 0.5, 0.5, 0.5, 0.5, 0.5, 0.5, 0.5, 0.5, 0.5, 0.5, 0.5, 0.5, 0.5, 0.5, 0.5, 0.5, 0.5, 0.5, 0.5, 0.5, 0.5, 0.5, 0.5, 0.5, 0.5, 0.5, 0.5, 0.5, 0.5, 0.5, 0.5, 0.5, 0.5, 0.5, 0.5, 0.5, 0.5, 0.5, 0.5, 0.5, 0.5, 0.5, 0.5, 0.5, 0.5, 0.5, 0.5, 0.5, 0.5, 0.5, 0.5, 0.5, 0.5, 0.5, 0.5, 0.5, 0.5, 0.5, 0.5, 0.5, 0.5, 0.5, 0.5, 0.5, 0.5, 0.5, 0.5, 0.5, 0.5, 0.5, 0.5, 0.5, 0.5, 0.5, 0.5, 0.5, 0.5, 0.5, 0.5, 0.5, 0.5, 0.5, 0.5, 0.5, 0.5, 0.5, 0.5, 0.5, 0.5, 0.5, 0.5, 0.5, 0.5, 0.5, 0.5, 0.5, 0.5, 0.5, 0.5, 0.5, 0.5, 0.5, 0.5, 0.5, 0.5, 0.5, 0.5, 0.5, 0.5, 0.5, 0.5, 0.5, 0.5, 0.5, 0.5, 0.5, 0.5, 0.5, 0.5, 0.5, 0.5, 0.5, 0.5, 0.5, 0.5, 0.5, 0.5, 0.5, 0.5, 0.5, 0.5, 0.5, 0.5, 0.5, 0.5, 0.5, 0.5, 0.5, 0.5, 0.5, 0.5, 0.5, 0.5, 0.5, 0.5, 0.5, 0.5, 0.5, 0.5, 0.5, 0.5, 0.5, 0.5, 0.5, 0.5, 0.5, 0.5, 0.5, 0.5, 0.5, 0.5, 0.5, 0.5, 0.5, 0.5, 0.5, 0.5, 0.5, 0.5, 0.5, 0.5, 0.5, 0.5, 0.5, 0.5, 0.5, 0.5, 0.5, 0.5, 0.5, 0.5, 0.5, 0.5, 0.5, 0.5, 0.5, 0.5, 0.5, 0.5, 0.5, 0.5, 0.5, 0.5, 0.5, 0.5, 0.5, 0.5, 0.5, 0.5, 0.5, 0.5, 0.5, 0.5, 0.5, 0.5, 0.5, 0.5, 0.5, 0.5, 0.5, 0.5, 0.5, 0.5, 0.5, 0.5, 0.5, 0.5, 0.5, 0.5, 0.5, 0.5, 0.5, 0.5, 0.5, 0.5, 0.5, 0.5, 0.5, 0.5, 0.5, 0.5, 0.5, 0.5, 0.5, 0.5, 0.5, 0.5, 0.5, 0.5, 0.5, 0.5, 0.5, 0.5, 0.5, 0.5, 0.5, 0.5, 0.5, 0.5, 0.5, 0.5, 0.5, 0.5, 0.5, 0.5, 0.5, 0.5, 0.5, 0.5, 0.5, 0.5, 0.5, 0.5, 0.5, 0.5, 0.5, 0.5, 0.5, 0.5, 0.5, 0.5, 0.5, 0.5, 0.5, 0.5, 0.5, 0.5, 0.5, 0.5, 0.5, 0.5, 0.5, 0.5, 0.5, 0.5, 0.5, 0.5, 0.5, 0.5, 0.5, 0.5, 0.5, 0.5, 0.5, 0.5, 0.5, 0.5, 0.5, 0.5, 0.5, 0.5, 0.5, 0.5, 0.5, 0.5, 0.5, 0.5, 0.5, 0.5, 0.5, 0.5, 0.5, 0.5, 0.5, 0.5, 0.5, 0.5, 0.5, 0.5, 0.5, 0.5, 0.5, 0.5, 0.5, 0.5, 0.5, 0.5, 0.5, 0.5, 0.5, 0.5, 0.5, 0.5, 0.5, 0.5, 0.5, 0.5, 0.5, 0.5, 0.5, 0.5, 0.5, 0.5, 0.5, 0.5, 0.5, 0.5, 0.5, 0.5, 0.5, 0.5, 0.5, 0.5, 0.5, 0.5, 0.5, 0.5, 0.5, 0.5, 0.5, 0.5, 0.5, 0.5, 0.5, 0.5, 0.5, 0.5, 0.5, 0.5, 0.5, 0.5, 0.5, 0.5, 0.5, 0.5, 0.5, 0.5, 0.5, 0.5, 0.5, 0.5, 0.5, 0.5, 0.5, 0.5, 0.5, 0.5, 0.5, 0.5, 0.5, 0.5, 0.5, 0.5, 0.5, 0.5, 0.5, 0.5, 0.5, 0.5, 0.5, 0.5, 0.5, 0.5, 0.5, 0.5, 0.5, 0.5, 0.5, 0.5, 0.5, 0.5, 0.5, 0.5, 0.5, 0.5, 0.5, 0.5, 0.5, 0.5, 0.5, 0.5, 0.5, 0.5, 0.5, 0.5, 0.5, 0.5, 0.5, 0.5, 0.5, 0.5, 0.5, 0.5, 0.5, 0.5, 0.5, 0.5, 0.5, 0.5, 0.5, 0.5, 0.5, 0.5, 0.5, 0.5, 0.5, 0.5, 0.5, 0.5, 0.5, 0.5, 0.5, 0.5, 0.5, 0.5, 0.5, 0.5, 0.5, 0.5, 0.5, 0.5, 0.5, 0.5, 0.5, 0.5, 0.5, 0.5, 0.5, 0.5, 0.5, 0.5, 0.5, 0.5, 0.5, 0.5, 0.5, 0.5, 0.5, 0.5, 0.5, 0.5, 0.5, 0.5, 0.5, 0.5, 0.5, 0.5, 0.5, 0.5, 0.5, 0.5, 0.5, 0.5, 0.5, 0.5, 0.5, 0.5, 0.5, 0.5, 0.5, 0.5, 0.5, 0.5, 0.5, 0.5, 0.5, 0.5, 0.5, 0.5, 0.5, 0.5, 0.5, 0.5, 0.5, 0.5, 0.5, 0.5, 0.5, 0.5, 0.5, 0.5, 0.5, 0.5, 0.5, 0.5, 0.5, 0.5, 0.5, 0.5, 0.5, 0.5, 0.5, 0.5, 0.5, 0.5, 0.5, 0.5, 0.5, 0.5, 0.5, 0.5, 0.5, 0.5, 0.5, 0.5, 0.5, 0.5, 0.5, 0.5, 0.5, 0.5, 0.5, 0.5, 0.5, 0.5, 0.5, 0.5, 0.5, 0.5, 0.5, 0.5, 0.5, 0.5, 0.5, 0.5, 0.5, 0.5, 0.5, 0.5, 0.5, 0.5, 0.5, 0.5, 0.5, 0.5, 0.5, 0.5, 0.5, 0.5, 0.5, 0.5, 0.5, 0.5, 0.5, 0.5, 0.5, 0.5, 0.5, 0.5, 0.5, 0.5, 0.5, 0.5, 0.5, 0.5, 0.5, 0.5, 0.5, 0.5, 0.5, 0.5, 0.5, 0.5, 0.5, 0.5, 0.5, 0.5, 0.5, 0.5, 0.5, 0.5, 0.5, 0.5, 0.5, 0.5, 0.5, 0.5, 0.5, 0.5, 0.5, 0.5, 0.5, 0.5, 0.5, 0.5, 0.5, 0.5, 0.5, 0.5, 0.5, 0.5, 0.5, 0.5, 0.5, 0.5, 0.5, 0.5, 0.5, 0.5, 0.5, 0.5, 0.5, 0.5, 0.5, 0.5, 0.5, 0.5, 0.5, 0.5, 0.5, 0.5, 0.5, 0.5, 0.5, 0.5, 0.5, 0.5, 0.5, 0.5, 0.5, 0.5, 0.5, 0.5, 0.5, 0.5, 0.5, 0.5, 0.5, 0.5, 0.5, 0.5, 0.5, 0.5, 0.5, 0.5, 0.5, 0.5, 0.5, 0.5, 0.5, 0.5, 0.5, 0.5, 0.5, 0.5, 0.5, 0.5, 0.5, 0.5, 0.5, 0.5, 0.5, 0.5, 0.5, 0.5, 0.5, 0.5, 0.5, 0.5, 0.5, 0.5, 0.5, 0.5, 0.5, 0.5, 0.5, 0.5, 0.5, 0.5, 0.5, 0.5, 0.5, 0.5, 0.5, 0.5, 0.5, 0.5, 0.5, 0.5, 0.5, 0.5, 0.5, 0.5, 0.5, 0.5, 0.5, 0.5, 0.5, 0.5, 0.5, 0.5, 0.5, 0.5, 0.5, 0.5, 0.5, 0.5, 0.5, 0.5, 0.5, 0.5, 0.5, 0.5, 0.5, 0.5, 0.5, 0.5, 0.5, 0.5, 0.5, 0.5, 0.5, 0.5, 0.5, 0.5, 0.5, 0.5, 0.5, 0.5, 0.5, 0.5, 0.5, 0.5, 0.5, 0.5, 0.5, 0.5, 0.5, 0.5, 0.5, 0.5, 0.5, 0.5, 0.5, 0.5, 0.5, 0.5, 0.5, 0.5, 0.5, 0.5, 0.5, 0.5, 0.5, 0.5, 0.5, 0.5, 0.5, 0.5, 0.5, 0.5, 0.5, 0.5, 0.5, 0.5, 0.5, 0.5, 0.5, 0.5, 0.5, 0.5, 0.5, 0.5, 0.5, 0.5, 0.5, 0.5, 0.5, 0.5, 0.5, 0.5, 0.5, 0.5, 0.5]",2
2026_11_KICE_38-42_0,['1(2)'],"1번: 적절한 설명 + ""(가)진행자: 시청자 여러분, 안녕하십니까? 전문가의 안목을 더해 사회 현상을 바라보는 ‘시사 더하기’입니다. ... 먼저 이 현상이 왜 나타났다고 보시는지 두 분 말씀 부탁드립니다.""
2번: 적절한 설명 + ""(가)전문가1 : 인터넷 기반 동영상 제공 서비스인 OTT의 활성화로 영상 산업이 급속도로 성장했기 때문이죠. ... 전문가2 : 웹툰에는 초능력처럼 실사로 구현하기 어려운 소재가 많이 등장하는데요.""
3번: 적절한 설명 + ""(가)진행자: ㉠[영상 산업의 성장과 기술의 발달이 복합적으로 작용한 결과군요.](㉠의 밑줄) 이 현상은 양쪽 산업의 경제적 측면에도 기여했을 것 같은데요, 이번에는 웹툰 산업 입장부터 들어 보겠습니다.""
4번: 적절하지 않은 설명 + ""(나)학생1 : 우리 이번 주 ‘시사 더하기’에서 다룬 현상에 대해 비평문을 쓰기로 했잖아. ... 학생2 : 응. ㉡[웹툰 영상화가 이 정도로 유행인 줄 몰랐는데 방송에서까지 다루는 것을 보고 체감이 됐어.](㉡의 밑줄)""
5번: 적절한 설명 + ""(나)학생2 : 내 생각은 좀 달라. 웹툰 원작 영상은 원작의 이야기를 재탕하는 데 불과한 것 같아. ... 학생3 : 그 점도 일리가 있네. 그런데 웹툰 영상화는 이미 만들어진 작품으로 추가 수익을 낼 수 있는 기회라고 전문가가 그랬잖아.""

최종 정답: 4번","[16, 167, 110, 230, 25, 23821, 254, 223, 168, 254, 230, 47991, 250, 23821, 226, 97, 167, 103, 227, 1343, 30629, 166, 108, 222, 8, 168, 100, 226, 169, 244, 231, 168, 252, 238, 25, 23821, 233, 250, 168, 110, 255, 168, 252, 238, 23821, 245, 105, 167, 253, 105, 167, 114, 226, 11, 23821, 243, 230, 167, 227, 243, 47991, 246, 168, 233, 255, 46695, 230, 166, 117, 234, 30, 23821, 254, 226, 167, 105, 116, 166, 108, 222, 35975, 246, 23821, 243, 230, 167, 103, 102, 35975, 226, 31619, 235, 242, 47991, 112, 23821, 8955, 169, 248, 234, 220, 169, 246, 226, 168, 225, 223, 35975, 226, 31619, 108, 242, 167, 251, 120, 167, 111, 112, 167, 232, 242, 564, 246, 168, 233, 250, 168, 8955, 31619, 235, 242, 47991, 246, 166, 116, 108, 447, 247, 168, 252, 227, 46695, 230, 46695, 97, 13, 2644, 31619, 101, 120, 168, 254, 222, 23821, 251, 112, 220, 169, 246, 226, 168, 225, 223, 35975, 112, 23821, 247, 250, 31619, 224, 246, 169, 225, 222, 167, 8955, 46695, 97, 166, 111, 254, 31619, 111, 112, 168, 233, 250, 167, 232, 242, 168, 100, 222, 31619, 239, 238, 31619, 114, 226, 31619, 100, 238, 168, 242, 222, 31619, 114, 222, 169, 225, 223, 167, 241, 250, 167, 99, 121, 46695, 230, 46695, 97, 526, 198, 17, 167, 110, 230, 25, 23821, 254, 223, 168, 254, 230, 47991, 250, 23821, 226, 97, 167, 103, 227, 1343, 30629, 166, 108, 222, 8, 168, 254, 226, 167, 105, 116, 166, 108, 222, 16, 1058, 23821, 251, 116, 169, 226, 108, 167, 226, 115, 220, 166, 116, 108, 167, 108, 246, 31619, 237, 247, 168, 246, 223, 168, 225, 223, 23821, 254, 250, 166, 111, 113, 23821, 226, 250, 167, 117, 226, 168, 232, 97, 35975, 116, 440, 15751, 35975, 246, 220, 169, 247, 250, 168, 226, 109, 169, 247, 242, 167, 94, 250, 23821, 246, 223, 168, 225, 223, 23821, 224, 108, 168, 245, 227, 35975, 112, 220, 166, 116, 231, 168, 228, 235, 167, 237, 226, 167, 94, 250, 23821, 226, 109, 168, 252, 98, 169, 244, 230, 166, 116, 108, 31619, 243, 234, 167, 105, 116, 35975, 112, 168, 96, 254, 13, 2644, 23821, 254, 226, 167, 105, 116, 166, 108, 222, 17, 1058, 23821, 249, 117, 169, 230, 108, 168, 245, 238, 167, 232, 242, 23821, 112, 230, 167, 232, 98, 167, 254, 98, 168, 110, 246, 167, 253, 120, 23821, 233, 97, 168, 8955, 167, 94, 250, 220, 166, 113, 105, 169, 246, 226, 47991, 246, 166, 116, 108, 23821, 244, 112, 167, 254, 97, 168, 248, 112, 23821, 228, 234, 168, 252, 105, 166, 108, 222, 31619, 100, 236, 35975, 112, 31619, 241, 109, 168, 252, 98, 47991, 246, 167, 232, 242, 167, 235, 108, 168, 248, 242, 526, 198, 18, 167, 110, 230, 25, 23821, 254, 223, 168, 254, 230, 47991, 250, 23821, 226, 97, 167, 103, 227, 1343, 30629, 166, 108, 222, 8, 168, 100, 226, 169, 244, 231, 168, 252, 238, 25, 220, 159, 231, 254, 58, 168, 246, 223, 168, 225, 223, 23821, 224, 108, 168, 245, 227, 35975, 246, 23821, 226, 109, 168, 252, 98, 166, 111, 120, 220, 166, 116, 108, 168, 230, 254, 35975, 246, 31619, 108, 250, 46695, 105, 35975, 112, 31619, 111, 113, 47991, 102, 168, 254, 223, 168, 250, 120, 167, 94, 250, 23821, 252, 239, 168, 248, 102, 47991, 250, 220, 166, 110, 108, 166, 111, 120, 166, 113, 108, 168, 248, 242, 8183, 7, 159, 231, 254, 35975, 246, 31619, 108, 239, 168, 97, 226, 8, 23821, 251, 112, 220, 169, 246, 226, 168, 225, 223, 35975, 222, 23821, 244, 239, 168, 103, 121, 23821, 224, 108, 168, 245, 227, 35975, 246, 220, 166, 110, 121, 168, 254, 250, 168, 254, 223, 23821, 116, 94, 167, 102, 112, 168, 245, 238, 167, 237, 226, 220, 166, 116, 108, 168, 245, 105, 169, 244, 230, 35975, 226, 220, 166, 110, 225, 220, 166, 108, 247, 35975, 222, 167, 235, 108, 168, 248, 242, 11, 23821, 251, 112, 167, 110, 230, 168, 245, 238, 167, 232, 242, 23821, 249, 117, 169, 230, 108, 23821, 224, 108, 168, 245, 227, 23821, 252, 227, 168, 252, 98, 167, 114, 222, 169, 226, 108, 31619, 241, 97, 168, 244, 112, 31619, 111, 112, 166, 110, 254, 168, 232, 113, 46695, 230, 46695, 97, 526, 198, 19, 167, 110, 230, 25, 23821, 254, 223, 168, 254, 230, 47991, 246, 168, 100, 222, 23821, 243, 232, 35975, 222, 23821, 226, 97, 167, 103, 227, 1343, 30629, 167, 224, 246, 8, 47991, 247, 168, 225, 251, 16, 1058, 23821, 248, 108, 167, 99, 105, 23821, 251, 112, 167, 110, 230, 23821, 96, 120, 564, 246, 168, 233, 250, 168, 8955, 31619, 235, 242, 47991, 246, 166, 116, 108, 447, 247, 168, 245, 238, 168, 226, 250, 31619, 233, 97, 167, 96, 105, 220, 169, 246, 226, 168, 225, 223, 168, 245, 238, 31619, 234, 222, 47991, 112, 31619, 117, 226, 169, 237, 231, 167, 105, 116, 35975, 226, 23821, 241, 108, 166, 116, 108, 167, 94, 250, 220, 169, 244, 230, 168, 252, 244, 168, 243, 226, 13, 2644, 220, 47991, 247, 168, 225, 251, 17, 1058, 23821, 251, 239, 13, 220, 159, 231, 94, 58, 168, 249, 117, 169, 230, 108, 23821, 246, 223, 168, 225, 223, 169, 247, 242, 166, 108, 222, 23821, 251, 112, 23821, 254, 243, 167, 237, 226, 167, 94, 250, 23821, 250, 254, 169, 244, 231, 35975, 116, 23821, 97, 226, 31619, 103, 108, 167, 252, 238, 167, 232, 242, 167, 235, 108, 31619, 108, 102, 168, 228, 94, 168, 245, 238, 168, 226, 250, 166, 117, 234, 168, 100, 222, 31619, 233, 97, 167, 96, 101, 167, 232, 242, 220, 166, 110, 225, 35975, 226, 31619, 111, 112, 166, 111, 254, 23821, 110, 112, 166, 108, 238, 35975, 112, 31619, 238, 238, 168, 244, 112, 8183, 7, 159, 231, 94, 35975, 246, 31619, 108, 239, 168, 97, 226, 16725, 198, 20, 167, 110, 230, 25, 23821, 254, 223, 168, 254, 230, 47991, 250, 23821, 226, 97, 167, 103, 227, 1343, 30629, 167, 224, 246, 8, 47991, 247, 168, 225, 251, 17, 1058, 31619, 224, 112, 23821, 225, 251, 166, 108, 223, 35975, 222, 23821, 95, 222, 31619, 233, 105, 167, 251, 120, 13, 23821, 249, 117, 169, 230, 108, 23821, 249, 238, 168, 252, 239, 23821, 246, 223, 168, 225, 223, 35975, 222, 23821, 249, 238, 168, 252, 239, 35975, 246, 23821, 251, 112, 168, 243, 120, 166, 116, 108, 167, 98, 120, 23821, 252, 105, 169, 225, 243, 47991, 246, 167, 232, 242, 31619, 235, 108, 31619, 114, 230, 166, 111, 120, 47991, 250, 220, 166, 110, 225, 220, 166, 108, 247, 168, 243, 226, 13, 2644, 220, 47991, 247, 168, 225, 251, 18, 1058, 220, 166, 115, 116, 23821, 254, 238, 167, 237, 226, 23821, 251, 120, 167, 99, 105, 166, 108, 222, 23821, 252, 230, 167, 226, 97, 13, 220, 166, 115, 116, 167, 253, 108, 167, 235, 108, 23821, 249, 117, 169, 230, 108, 23821, 246, 223, 168, 225, 223, 169, 247, 242, 167, 232, 242, 23821, 251, 112, 167, 107, 116, 31619, 100, 234, 167, 241, 97, 168, 244, 112, 168, 100, 226, 23821, 252, 239, 169, 240, 230, 168, 250, 120, 167, 94, 250, 23821, 114, 242, 166, 108, 222, 23821, 230, 246, 35975, 113, 35975, 226, 31619, 224, 120, 23821, 230, 246, 23821, 252, 230, 167, 232, 242, 220, 166, 116, 108, 169, 248, 234, 167, 251, 120, 166, 111, 254, 23821, 254, 226, 167, 105, 116, 166, 108, 222, 166, 108, 222, 220, 166, 115, 116, 167, 252, 105, 168, 252, 244, 168, 243, 226, 526, 198, 198, 168, 113, 250, 168, 95, 227, 23821, 254, 243, 46695, 113, 25, 604, 167, 110, 230]","[0.5, 0.5, 0.5, 0.5, 0.5, 0.5, 0.5, 0.5, 0.5, 0.5, 0.5, 0.5, 0.5, 0.5, 0.5, 0.5, 0.5, 0.5, 0.5, 0.5, 0.5, 0.5, 0.5, 0.5, 0.5, 0.5, 0.5, 0.5, 0.5, 0.5, 0.5, 0.5, 0.5, 0.5, 0.5, 0.5, 0.5, 0.5, 0.5, 0.5, 0.5, 0.5, 0.5, 0.5, 0.5, 0.5, 0.5, 0.5, 0.5, 0.5, 0.5, 0.5, 0.5, 0.5, 0.5, 0.5, 0.5, 0.5, 0.5, 0.5, 0.5, 0.5, 0.5, 0.5, 0.5, 0.5, 0.5, 0.5, 0.5, 0.5, 0.5, 0.5, 0.5, 0.5, 0.5, 0.5, 0.5, 0.5, 0.5, 0.5, 0.5, 0.5, 0.5, 0.5, 0.5, 0.5, 0.5, 0.5, 0.5, 0.5, 0.5, 0.5, 0.5, 0.5, 0.5, 0.5, 0.5, 0.5, 0.5, 0.5, 0.5, 0.5, 0.5, 0.5, 0.5, 0.5, 0.5, 0.5, 0.5, 0.5, 0.5, 0.5, 0.5, 0.5, 0.5, 0.5, 0.5, 0.5, 0.5, 0.5, 0.5, 0.5, 0.5, 0.5, 0.5, 0.5, 0.5, 0.5, 0.5, 0.5, 0.5, 0.5, 0.5, 0.5, 0.5, 0.5, 0.5, 0.5, 0.5, 0.5, 0.5, 0.5, 0.5, 0.5, 0.5, 0.5, 0.5, 0.5, 0.5, 0.5, 0.5, 0.5, 0.5, 0.5, 0.5, 0.5, 0.5, 0.5, 0.5, 0.5, 0.5, 0.5, 0.5, 0.5, 0.5, 0.5, 0.5, 0.5, 0.5, 0.5, 0.5, 0.5, 0.5, 0.5, 0.5, 0.5, 0.5, 0.5, 0.5, 0.5, 0.5, 0.5, 0.5, 0.5, 0.5, 0.5, 0.5, 0.5, 0.5, 0.5, 0.5, 0.5, 0.5, 0.5, 0.5, 0.5, 0.5, 0.5, 0.5, 0.5, 0.5, 0.5, 0.5, 0.5, 0.5, 0.5, 0.5, 0.5, 0.5, 0.5, 0.5, 0.5, 0.5, 0.5, 0.5, 0.5, 0.5, 0.5, 0.5, 0.5, 0.5, 0.5, 0.5, 0.5, 0.5, 0.5, 0.5, 0.5, 0.5, 0.5, 0.5, 0.5, 0.5, 0.5, 0.5, 0.5, 0.5, 0.5, 0.5, 0.5, 0.5, 0.5, 0.5, 0.5, 0.5, 0.5, 0.5, 0.5, 0.5, 0.5, 0.5, 0.5, 0.5, 0.5, 0.5, 0.5, 0.5, 0.5, 0.5, 0.5, 0.5, 0.5, 0.5, 0.5, 0.5, 0.5, 0.5, 0.5, 0.5, 0.5, 0.5, 0.5, 0.5, 0.5, 0.5, 0.5, 0.5, 0.5, 0.5, 0.5, 0.5, 0.5, 0.5, 0.5, 0.5, 0.5, 0.5, 0.5, 0.5, 0.5, 0.5, 0.5, 0.5, 0.5, 0.5, 0.5, 0.5, 0.5, 0.5, 0.5, 0.5, 0.5, 0.5, 0.5, 0.5, 0.5, 0.5, 0.5, 0.5, 0.5, 0.5, 0.5, 0.5, 0.5, 0.5, 0.5, 0.5, 0.5, 0.5, 0.5, 0.5, 0.5, 0.5, 0.5, 0.5, 0.5, 0.5, 0.5, 0.5, 0.5, 0.5, 0.5, 0.5, 0.5, 0.5, 0.5, 0.5, 0.5, 0.5, 0.5, 0.5, 0.5, 0.5, 0.5, 0.5, 0.5, 0.5, 0.5, 0.5, 0.5, 0.5, 0.5, 0.5, 0.5, 0.5, 0.5, 0.5, 0.5, 0.5, 0.5, 0.5, 0.5, 0.5, 0.5, 0.5, 0.5, 0.5, 0.5, 0.5, 0.5, 0.5, 0.5, 0.5, 0.5, 0.5, 0.5, 0.5, 0.5, 0.5, 0.5, 0.5, 0.5, 0.5, 0.5, 0.5, 0.5, 0.5, 0.5, 0.5, 0.5, 0.5, 0.5, 0.5, 0.5, 0.5, 0.5, 0.5, 0.5, 0.5, 0.5, 0.5, 0.5, 0.5, 0.5, 0.5, 0.5, 0.5, 0.5, 0.5, 0.5, 0.5, 0.5, 0.5, 0.5, 0.5, 0.5, 0.5, 0.5, 0.5, 0.5, 0.5, 0.5, 0.5, 0.5, 0.5, 0.5, 0.5, 0.5, 0.5, 0.5, 0.5, 0.5, 0.5, 0.5, 0.5, 0.5, 0.5, 0.5, 0.5, 0.5, 0.5, 0.5, 0.5, 0.5, 0.5, 0.5, 0.5, 0.5, 0.5, 0.5, 0.5, 0.5, 0.5, 0.5, 0.5, 0.5, 0.5, 0.5, 0.5, 0.5, 0.5, 0.5, 0.5, 0.5, 0.5, 0.5, 0.5, 0.5, 0.5, 0.5, 0.5, 0.5, 0.5, 0.5, 0.5, 0.5, 0.5, 0.5, 0.5, 0.5, 0.5, 0.5, 0.5, 0.5, 0.5, 0.5, 0.5, 0.5, 0.5, 0.5, 0.5, 0.5, 0.5, 0.5, 0.5, 0.5, 0.5, 0.5, 0.5, 0.5, 0.5, 0.5, 0.5, 0.5, 0.5, 0.5, 0.5, 0.5, 0.5, 0.5, 0.5, 0.5, 0.5, 0.5, 0.5, 0.5, 0.5, 0.5, 0.5, 0.5, 0.5, 0.5, 0.5, 0.5, 0.5, 0.5, 0.5, 0.5, 0.5, 0.5, 0.5, 0.5, 0.5, 0.5, 0.5, 0.5, 0.5, 0.5, 0.5, 0.5, 0.5, 0.5, 0.5, 0.5, 0.5, 0.5, 0.5, 0.5, 0.5, 0.5, 0.5, 0.5, 0.5, 0.5, 0.5, 0.5, 0.5, 0.5, 0.5, 0.5, 0.5, 0.5, 0.5, 0.5, 0.5, 0.5, 0.5, 0.5, 0.5, 0.5, 0.5, 0.5, 0.5, 0.5, 0.5, 0.5, 0.5, 0.5, 0.5, 0.5, 0.5, 0.5, 0.5, 0.5, 0.5, 0.5, 0.5, 0.5, 0.5, 0.5, 0.5, 0.5, 0.5, 0.5, 0.5, 0.5, 0.5, 0.5, 0.5, 0.5, 0.5, 0.5, 0.5, 0.5, 0.5, 0.5, 0.5, 0.5, 0.5, 0.5, 0.5, 0.5, 0.5, 0.5, 0.5, 0.5, 0.5, 0.5, 0.5, 0.5, 0.5, 0.5, 0.5, 0.5, 0.5, 0.5, 0.5, 0.5, 0.5, 0.5, 0.5, 0.5, 0.5, 0.5, 0.5, 0.5, 0.5, 0.5, 0.5, 0.5, 0.5, 0.5, 0.5, 0.5, 0.5, 0.5, 0.5, 0.5, 0.5, 0.5, 0.5, 0.5, 0.5, 0.5, 0.5, 0.5, 0.5, 0.5, 0.5, 0.5, 0.5, 0.5, 0.5, 0.5, 0.5, 0.5, 0.5, 0.5, 0.5, 0.5, 0.5, 0.5, 0.5, 0.5, 0.5, 0.5, 0.5, 0.5, 0.5, 0.5, 0.5, 0.5, 0.5, 0.5, 0.5, 0.5, 0.5, 0.5, 0.5, 0.5, 0.5, 0.5, 0.5, 0.5, 0.5, 0.5, 0.5, 0.5, 0.5, 0.5, 0.5, 0.5, 0.5, 0.5, 0.5, 0.5, 0.5, 0.5, 0.5, 0.5, 0.5, 0.5, 0.5, 0.5, 0.5, 0.5, 0.5, 0.5, 0.5, 0.5, 0.5, 0.5, 0.5, 0.5, 0.5, 0.5, 0.5, 0.5, 0.5, 0.5, 0.5, 0.5, 0.5, 0.5, 0.5, 0.5, 0.5, 0.5, 0.5, 0.5, 0.5, 0.5, 0.5, 0.5, 0.5, 0.5, 0.5, 0.5, 0.5, 0.5, 0.5, 0.5, 0.5, 0.5, 0.5, 0.5, 0.5, 0.5, 0.5, 0.5, 0.5, 0.5, 0.5, 0.5, 0.5, 0.5, 0.5, 0.5, 0.5, 0.5, 0.5, 0.5, 0.5, 0.5, 0.5, 0.5, 0.5, 0.5, 0.5, 0.5, 0.5, 0.5, 0.5, 0.5, 0.5, 0.5, 0.5, 0.5, 0.5, 0.5, 0.5, 0.5, 0.5, 0.5, 0.5, 0.5, 0.5, 0.5, 0.5, 0.5, 0.5, 0.5, 0.5, 0.5, 0.5, 0.5, 0.5, 0.5, 0.5, 0.5, 0.5, 0.5, 0.5, 0.5, 0.5, 0.5, 0.5, 0.5, 0.5, 0.5, 0.5, 0.5, 0.5, 0.5, 0.5, 0.5, 0.5, 0.5, 0.5, 0.5, 0.5, 0.5, 0.5, 0.5, 0.5, 0.5, 0.5, 0.5, 0.5, 0.5, 0.5, 0.5, 0.5, 0.5, 0.5, 0.5, 0.5, 0.5, 0.5, 0.5, 0.5, 0.5, 0.5, 0.5, 0.5, 0.5, 0.5, 0.5, 0.5, 0.5, 0.5, 0.5, 0.5, 0.5, 0.5, 0.5, 0.5, 0.5, 0.5, 0.5, 0.5, 0.5, 0.5, 0.5, 0.5, 0.5, 0.5, 0.5, 0.5, 0.5, 0.5, 0.5, 0.5, 0.5, 0.5, 0.5, 0.5, 0.5, 0.5, 0.5, 0.5, 0.5, 0.5, 0.5, 0.5, 0.5, 0.5, 0.5, 0.5, 0.5, 0.5, 0.5, 0.5, 0.5, 0.5, 0.5, 0.5, 0.5, 0.5, 0.5, 0.5, 0.5, 0.5, 0.5, 0.5, 0.5, 0.5, 0.5, 0.5, 0.5, 0.5, 0.5, 0.5, 0.5, 0.5, 0.5, 0.5, 0.5, 0.5, 0.5, 0.5, 0.5, 0.5, 0.5, 0.5, 0.5, 0.5, 0.5, 0.5, 0.5, 0.5, 0.5, 0.5, 0.5, 0.5, 0.5, 0.5, 0.5, 0.5, 0.5, 0.5, 0.5, 0.5, 0.5, 0.5, 0.5, 0.5, 0.5, 0.5, 0.5, 0.5, 0.5, 0.5, 0.5, 0.5, 0.5, 0.5, 0.5, 0.5, 0.5, 0.5, 0.5, 0.5, 0.5, 0.5, 0.5, 0.5, 0.5, 0.5, 0.5, 0.5, 0.5, 0.5, 0.5, 0.5, 0.5, 0.5, 0.5, 0.5, 0.5, 0.5, 0.5, 0.5, 0.5, 0.5, 0.5, 0.5, 0.5, 0.5, 0.5, 0.5, 0.5, 0.5, 0.5, 0.5, 0.5, 0.5, 0.5, 0.5, 0.5, 0.5, 0.5, 0.5, 0.5, 0.5, 0.5, 0.5, 0.5, 0.5, 0.5, 0.5, 0.5, 0.5, 0.5, 0.5, 0.5, 0.5, 0.5, 0.5, 0.5, 0.5, 0.5, 0.5, 0.5, 0.5, 0.5, 0.5, 0.5, 0.5, 0.5, 0.5, 0.5, 0.5, 0.5, 0.5, 0.5, 0.5, 0.5, 0.5, 0.5, 0.5, 0.5, 0.5, 0.5, 0.5, 0.5, 0.5, 0.5, 0.5, 0.5, 0.5, 0.5, 0.5, 0.5, 0.5, 0.5, 0.5, 0.5, 0.5, 0.5, 0.5, 0.5, 0.5, 0.5, 0.5, 0.5, 0.5, 0.5, 0.5, 0.5, 0.5, 0.5, 0.5, 0.5, 0.5, 0.5, 0.5, 0.5, 0.5, 0.5, 0.5, 0.5, 0.5, 0.5, 0.5, 0.5, 0.5, 0.5, 0.5, 0.5, 0.5, 0.5, 0.5, 0.5, 0.5, 0.5, 0.5, 0.5, 0.5, 0.5, 0.5, 0.5, 0.5, 0.5, 0.5, 0.5, 0.5, 0.5, 0.5, 0.5, 0.5, 0.5, 0.5, 0.5, 0.5, 0.5, 0.5, 0.5, 0.5, 0.5, 0.5, 0.5, 0.5, 0.5, 0.5, 0.5, 0.5, 0.5, 0.5, 0.5, 0.5, 0.5, 0.5, 0.5, 0.5, 0.5, 0.5, 0.5, 0.5, 0.5, 0.5, 0.5, 0.5, 0.5, 0.5, 0.5, 0.5, 0.5, 0.5, 0.5, 0.5, 0.5, 0.5, 0.5, 0.5, 0.5, 0.5, 0.5, 0.5, 0.5, 0.5, 0.5, 0.5, 0.5, 0.5, 0.5, 0.5, 0.5, 0.5, 0.5, 0.5, 0.5, 0.5, 0.5, 0.5, 0.5, 0.5, 0.5, 0.5, 0.5, 0.5, 0.5, 0.5, 0.5, 0.5, 0.5, 0.5, 0.5, 0.5, 0.5, 0.5, 0.5, 0.5, 0.5, 0.5, 0.5, 0.5, 0.5, 0.5, 0.5, 0.5, 0.5, 0.5, 0.5, 0.5, 0.5, 0.5, 0.5, 0.5, 0.5, 0.5, 0.5, 0.5, 0.5, 0.5, 0.5, 0.5, 0.5, 0.5, 0.5, 0.5, 0.5, 0.5, 0.5, 0.5, 0.5, 0.5, 0.5, 0.5, 0.5, 0.5, 0.5, 0.5, 0.5, 0.5, 0.5, 0.5, 0.5, 0.5, 0.5, 0.5, 0.5, 0.5, 0.5, 0.5, 0.5, 0.5, 0.5, 0.5, 0.5, 0.5, 0.5, 0.5, 0.5, 0.5, 0.5, 0.5, 0.5, 0.5, 0.5, 0.5, 0.5, 0.5, 0.5, 0.5, 0.5, 0.5, 0.5, 0.5, 0.5, 0.5, 0.5, 0.5, 0.5, 0.5, 0.5, 0.5, 0.5, 0.5, 0.5, 0.5, 0.5, 0.5, 0.5, 0.5, 0.5, 0.5, 0.5, 0.5, 0.5, 0.5, 0.5, 0.5]",0
2026_11_KICE_38-42_1,['2(2)'],"1번: 적절한 설명 + ""(㉠의 밑줄) 이 현상은 양쪽 산업의 경제적 측면에도 기여했을 것 같은데요, 이번에는 웹툰 산업 입장부터 들어 보겠습니다.""
2번: 적절한 설명 + ""(㉡의 밑줄) 웹툰 영상화가 이 정도로 유행인 줄 몰랐는데 방송에서까지 다루는 것을 보고 체감이 됐어.""
3번: 적절한 설명 + ""(㉢의 밑줄) 대부분 이 현상을 긍정적으로 볼 것 같은데, 너희들 생각은 어때?""
4번: 적절한 설명 + ""(㉣의 밑줄) 그렇게 되면 웹툰이나 영상을 즐기는 이들이 신작에 대해 갖는 기대치와 만족도까지 줄어들겠다.""
5번: 적절한 설명 + ""(㉤의 밑줄) 듣고 보니 경제적 안정 덕분에 좋은 웹툰을 창작하는 데 전념할 수 있게 된다는 네 말이 더 맞는 것 같아.""

최종 정답: 1번","[16, 167, 110, 230, 25, 23821, 254, 223, 168, 254, 230, 47991, 250, 23821, 226, 97, 167, 103, 227, 1343, 30629, 159, 231, 254, 35975, 246, 31619, 108, 239, 168, 97, 226, 8, 23821, 251, 112, 220, 169, 246, 226, 168, 225, 223, 35975, 222, 23821, 244, 239, 168, 103, 121, 23821, 224, 108, 168, 245, 227, 35975, 246, 220, 166, 110, 121, 168, 254, 250, 168, 254, 223, 23821, 116, 94, 167, 102, 112, 168, 245, 238, 167, 237, 226, 220, 166, 116, 108, 168, 245, 105, 169, 244, 230, 35975, 226, 220, 166, 110, 225, 220, 166, 108, 247, 35975, 222, 167, 235, 108, 168, 248, 242, 11, 23821, 251, 112, 167, 110, 230, 168, 245, 238, 167, 232, 242, 23821, 249, 117, 169, 230, 108, 23821, 224, 108, 168, 245, 227, 23821, 252, 227, 168, 252, 98, 167, 114, 222, 169, 226, 108, 31619, 241, 97, 168, 244, 112, 31619, 111, 112, 166, 110, 254, 168, 232, 113, 46695, 230, 46695, 97, 526, 198, 17, 167, 110, 230, 25, 23821, 254, 223, 168, 254, 230, 47991, 250, 23821, 226, 97, 167, 103, 227, 1343, 30629, 159, 231, 94, 35975, 246, 31619, 108, 239, 168, 97, 226, 8, 23821, 249, 117, 169, 230, 108, 23821, 246, 223, 168, 225, 223, 169, 247, 242, 166, 108, 222, 23821, 251, 112, 23821, 254, 243, 167, 237, 226, 167, 94, 250, 23821, 250, 254, 169, 244, 231, 35975, 116, 23821, 97, 226, 31619, 103, 108, 167, 252, 238, 167, 232, 242, 167, 235, 108, 31619, 108, 102, 168, 228, 94, 168, 245, 238, 168, 226, 250, 166, 117, 234, 168, 100, 222, 31619, 233, 97, 167, 96, 101, 167, 232, 242, 220, 166, 110, 225, 35975, 226, 31619, 111, 112, 166, 111, 254, 23821, 110, 112, 166, 108, 238, 35975, 112, 31619, 238, 238, 168, 244, 112, 526, 198, 18, 167, 110, 230, 25, 23821, 254, 223, 168, 254, 230, 47991, 250, 23821, 226, 97, 167, 103, 227, 1343, 30629, 159, 231, 95, 35975, 246, 31619, 108, 239, 168, 97, 226, 8, 31619, 234, 222, 167, 114, 222, 167, 114, 226, 23821, 251, 112, 220, 169, 246, 226, 168, 225, 223, 35975, 226, 220, 166, 116, 235, 168, 254, 243, 168, 254, 223, 168, 250, 120, 167, 94, 250, 31619, 111, 120, 220, 166, 110, 225, 220, 166, 108, 247, 35975, 222, 167, 235, 108, 11, 31619, 226, 230, 169, 251, 105, 167, 241, 97, 23821, 225, 251, 166, 108, 223, 35975, 222, 23821, 244, 112, 167, 243, 234, 1701, 198, 19, 167, 110, 230, 25, 23821, 254, 223, 168, 254, 230, 47991, 250, 23821, 226, 97, 167, 103, 227, 1343, 30629, 159, 231, 96, 35975, 246, 31619, 108, 239, 168, 97, 226, 8, 220, 166, 115, 116, 167, 254, 229, 166, 110, 234, 31619, 238, 246, 167, 102, 112, 23821, 249, 117, 169, 230, 108, 35975, 112, 167, 224, 246, 23821, 246, 223, 168, 225, 223, 35975, 226, 23821, 99, 238, 166, 116, 108, 167, 232, 242, 23821, 251, 112, 167, 241, 97, 35975, 112, 23821, 233, 254, 168, 252, 239, 168, 245, 238, 31619, 234, 222, 47991, 112, 220, 166, 108, 244, 167, 232, 242, 220, 166, 116, 108, 167, 234, 222, 168, 117, 246, 168, 247, 222, 31619, 100, 234, 168, 94, 109, 167, 237, 226, 166, 117, 234, 168, 100, 222, 23821, 97, 226, 168, 244, 112, 167, 241, 97, 166, 110, 254, 46695, 97, 526, 198, 20, 167, 110, 230, 25, 23821, 254, 223, 168, 254, 230, 47991, 250, 23821, 226, 97, 167, 103, 227, 1343, 30629, 159, 231, 97, 35975, 246, 31619, 108, 239, 168, 97, 226, 8, 31619, 241, 96, 166, 111, 254, 31619, 111, 112, 46695, 230, 220, 166, 110, 121, 168, 254, 250, 168, 254, 223, 23821, 243, 230, 168, 254, 243, 31619, 235, 243, 167, 114, 226, 168, 245, 238, 23821, 95, 233, 35975, 222, 23821, 249, 117, 169, 230, 108, 35975, 226, 23821, 108, 121, 168, 252, 239, 47991, 246, 167, 232, 242, 31619, 235, 108, 23821, 254, 226, 167, 227, 238, 47991, 254, 23821, 230, 246, 23821, 252, 230, 166, 110, 234, 31619, 238, 250, 46695, 97, 167, 232, 242, 31619, 226, 97, 31619, 100, 238, 35975, 112, 31619, 235, 242, 31619, 100, 252, 167, 232, 242, 220, 166, 110, 225, 220, 166, 108, 247, 168, 243, 226, 526, 198, 198, 168, 113, 250, 168, 95, 227, 23821, 254, 243, 46695, 113, 25, 352, 167, 110, 230]","[0.5, 0.5, 0.5, 0.5, 0.5, 0.5, 0.5, 0.5, 0.5, 0.5, 0.5, 0.5, 0.5, 0.5, 0.5, 0.5, 0.5, 0.5, 0.5, 0.5, 0.5, 0.5, 0.5, 0.5, 0.5, 0.5, 0.5, 0.5, 0.5, 0.5, 0.5, 0.5, 0.5, 0.5, 0.5, 0.5, 0.5, 0.5, 0.5, 0.5, 0.5, 0.5, 0.5, 0.5, 0.5, 0.5, 0.5, 0.5, 0.5, 0.5, 0.5, 0.5, 0.5, 0.5, 0.5, 0.5, 0.5, 0.5, 0.5, 0.5, 0.5, 0.5, 0.5, 0.5, 0.5, 0.5, 0.5, 0.5, 0.5, 0.5, 0.5, 0.5, 0.5, 0.5, 0.5, 0.5, 0.5, 0.5, 0.5, 0.5, 0.5, 0.5, 0.5, 0.5, 0.5, 0.5, 0.5, 0.5, 0.5, 0.5, 0.5, 0.5, 0.5, 0.5, 0.5, 0.5, 0.5, 0.5, 0.5, 0.5, 0.5, 0.5, 0.5, 0.5, 0.5, 0.5, 0.5, 0.5, 0.5, 0.5, 0.5, 0.5, 0.5, 0.5, 0.5, 0.5, 0.5, 0.5, 0.5, 0.5, 0.5, 0.5, 0.5, 0.5, 0.5, 0.5, 0.5, 0.5, 0.5, 0.5, 0.5, 0.5, 0.5, 0.5, 0.5, 0.5, 0.5, 0.5, 0.5, 0.5, 0.5, 0.5, 0.5, 0.5, 0.5, 0.5, 0.5, 0.5, 0.5, 0.5, 0.5, 0.5, 0.5, 0.5, 0.5, 0.5, 0.5, 0.5, 0.5, 0.5, 0.5, 0.5, 0.5, 0.5, 0.5, 0.5, 0.5, 0.5, 0.5, 0.5, 0.5, 0.5, 0.5, 0.5, 0.5, 0.5, 0.5, 0.5, 0.5, 0.5, 0.5, 0.5, 0.5, 0.5, 0.5, 0.5, 0.5, 0.5, 0.5, 0.5, 0.5, 0.5, 0.5, 0.5, 0.5, 0.5, 0.5, 0.5, 0.5, 0.5, 0.5, 0.5, 0.5, 0.5, 0.5, 0.5, 0.5, 0.5, 0.5, 0.5, 0.5, 0.5, 0.5, 0.5, 0.5, 0.5, 0.5, 0.5, 0.5, 0.5, 0.5, 0.5, 0.5, 0.5, 0.5, 0.5, 0.5, 0.5, 0.5, 0.5, 0.5, 0.5, 0.5, 0.5, 0.5, 0.5, 0.5, 0.5, 0.5, 0.5, 0.5, 0.5, 0.5, 0.5, 0.5, 0.5, 0.5, 0.5, 0.5, 0.5, 0.5, 0.5, 0.5, 0.5, 0.5, 0.5, 0.5, 0.5, 0.5, 0.5, 0.5, 0.5, 0.5, 0.5, 0.5, 0.5, 0.5, 0.5, 0.5, 0.5, 0.5, 0.5, 0.5, 0.5, 0.5, 0.5, 0.5, 0.5, 0.5, 0.5, 0.5, 0.5, 0.5, 0.5, 0.5, 0.5, 0.5, 0.5, 0.5, 0.5, 0.5, 0.5, 0.5, 0.5, 0.5, 0.5, 0.5, 0.5, 0.5, 0.5, 0.5, 0.5, 0.5, 0.5, 0.5, 0.5, 0.5, 0.5, 0.5, 0.5, 0.5, 0.5, 0.5, 0.5, 0.5, 0.5, 0.5, 0.5, 0.5, 0.5, 0.5, 0.5, 0.5, 0.5, 0.5, 0.5, 0.5, 0.5, 0.5, 0.5, 0.5, 0.5, 0.5, 0.5, 0.5, 0.5, 0.5, 0.5, 0.5, 0.5, 0.5, 0.5, 0.5, 0.5, 0.5, 0.5, 0.5, 0.5, 0.5, 0.5, 0.5, 0.5, 0.5, 0.5, 0.5, 0.5, 0.5, 0.5, 0.5, 0.5, 0.5, 0.5, 0.5, 0.5, 0.5, 0.5, 0.5, 0.5, 0.5, 0.5, 0.5, 0.5, 0.5, 0.5, 0.5, 0.5, 0.5, 0.5, 0.5, 0.5, 0.5, 0.5, 0.5, 0.5, 0.5, 0.5, 0.5, 0.5, 0.5, 0.5, 0.5, 0.5, 0.5, 0.5, 0.5, 0.5, 0.5, 0.5, 0.5, 0.5, 0.5, 0.5, 0.5, 0.5, 0.5, 0.5, 0.5, 0.5, 0.5, 0.5, 0.5, 0.5, 0.5, 0.5, 0.5, 0.5, 0.5, 0.5, 0.5, 0.5, 0.5, 0.5, 0.5, 0.5, 0.5, 0.5, 0.5, 0.5, 0.5, 0.5, 0.5, 0.5, 0.5, 0.5, 0.5, 0.5, 0.5, 0.5, 0.5, 0.5, 0.5, 0.5, 0.5, 0.5, 0.5, 0.5, 0.5, 0.5, 0.5, 0.5, 0.5, 0.5, 0.5, 0.5, 0.5, 0.5, 0.5, 0.5, 0.5, 0.5, 0.5, 0.5, 0.5, 0.5, 0.5, 0.5, 0.5, 0.5, 0.5, 0.5, 0.5, 0.5, 0.5, 0.5, 0.5, 0.5, 0.5, 0.5, 0.5, 0.5, 0.5, 0.5, 0.5, 0.5, 0.5, 0.5, 0.5, 0.5, 0.5, 0.5, 0.5, 0.5, 0.5, 0.5, 0.5, 0.5, 0.5, 0.5, 0.5, 0.5, 0.5, 0.5, 0.5, 0.5, 0.5, 0.5, 0.5, 0.5, 0.5, 0.5, 0.5, 0.5, 0.5, 0.5, 0.5, 0.5, 0.5, 0.5, 0.5, 0.5, 0.5, 0.5, 0.5, 0.5, 0.5, 0.5, 0.5, 0.5, 0.5, 0.5, 0.5, 0.5, 0.5, 0.5, 0.5, 0.5, 0.5, 0.5, 0.5, 0.5, 0.5, 0.5, 0.5, 0.5, 0.5, 0.5, 0.5, 0.5, 0.5, 0.5, 0.5, 0.5, 0.5, 0.5, 0.5, 0.5, 0.5, 0.5, 0.5, 0.5, 0.5, 0.5, 0.5, 0.5, 0.5, 0.5, 0.5, 0.5, 0.5, 0.5, 0.5, 0.5, 0.5, 0.5, 0.5, 0.5, 0.5, 0.5, 0.5, 0.5, 0.5, 0.5, 0.5, 0.5, 0.5, 0.5, 0.5, 0.5, 0.5, 0.5, 0.5, 0.5, 0.5, 0.5, 0.5, 0.5, 0.5, 0.5, 0.5, 0.5, 0.5, 0.5, 0.5, 0.5, 0.5, 0.5, 0.5, 0.5, 0.5, 0.5, 0.5, 0.5, 0.5, 0.5, 0.5, 0.5, 0.5, 0.5, 0.5, 0.5, 0.5, 0.5, 0.5, 0.5, 0.5, 0.5, 0.5, 0.5, 0.5, 0.5, 0.5, 0.5, 0.5, 0.5, 0.5, 0.5, 0.5, 0.5, 0.5, 0.5, 0.5, 0.5, 0.5, 0.5, 0.5, 0.5, 0.5, 0.5, 0.5, 0.5, 0.5, 0.5, 0.5, 0.5, 0.5, 0.5, 0.5, 0.5, 0.5, 0.5, 0.5, 0.5, 0.5, 0.5, 0.5, 0.5, 0.5, 0.5, 0.5, 0.5, 0.5, 0.5, 0.5, 0.5, 0.5, 0.5, 0.5, 0.5, 0.5, 0.5, 0.5, 0.5, 0.5, 0.5, 0.5, 0.5, 0.5, 0.5, 0.5, 0.5, 0.5, 0.5, 0.5, 0.5, 0.5, 0.5, 0.5, 0.5, 0.5, 0.5, 0.5, 0.5, 0.5, 0.5, 0.5, 0.5, 0.5, 0.5, 0.5, 0.5, 0.5, 0.5, 0.5, 0.5, 0.5, 0.5, 0.5, 0.5, 0.5, 0.5, 0.5, 0.5, 0.5, 0.5, 0.5, 0.5, 0.5, 0.5, 0.5, 0.5, 0.5, 0.5, 0.5, 0.5, 0.5, 0.5, 0.5, 0.5]",0
2026_11_KICE_38-42_2,['5(3)'],"1번: 해당 현상을 보여 주는 사례에 대한 ‘진행자’의 말을 ‘학생3’이 언급하며 밝힌 의견이 (다)에서 필자의 관점을 뒷받침하는 논거로 제시되지 않았다. + ""(다) 요즘 OTT 플랫폼을 보면 웹툰을 원작으로 한 영상이 부쩍 많아졌다. 이들 중에는 전 세계 시청 순위 1위를 한 작품이 있을 정도로 국내뿐 아니라 해외에서까지 인기를 얻는 경우도 많다.""
2번: 영상 산업의 성장에 대한 ‘전문가1’의 말을 ‘학생2’가 언급하며 밝힌 의견이 (다)에서 비평 대상이 나타나게 된 원인을 분석한 내용으로 제시되지 않았다. + ""(다) 특수 효과 기술의 발달로 초능력, 미래, 우주와 같은 웹툰의 다양한 소재들이 영상으로 구현될 수 있는 환경이 마련되었고, OTT 플랫폼이 활성화됨에 따라 영상 제작자들이 영상화할 이야기를 웹툰에서 찾는 일이 많아지며 웹툰을 원작으로 한 영상 제작이 더욱 늘어난 것이다.""
3번: 손실 위험에 대한 ‘전문가1’의 말을 ‘학생2’가 언급하며 밝힌 의견이 (다)에서 필자와 상반된 관점의 주장으로 제시되지 않았다. + ""(다) 하지만 이는 단편적인 시각에 불과하다. 오히려 영상 제작의 측면에서는 기존에 상상하지 못했던 새로운 내용이나 장르를 웹툰으로부터 공급받아 영상을 다양화할 수 있는 것은 물론, 제작 기법상에도 새로운 시도들이 촉발된다.""
4번: 기술 발달에 대한 ‘전문가2’의 말을 ‘학생3’이 언급하며 밝힌 의견이 (다)에서 필자의 관점이 지닌 한계로 제시되지 않았다. + ""(다) 더불어, 웹툰 창작의 측면에서는 창작자가 경제적 안정을 얻게 되어 작품성을 높이기 위한 노력과 도전적인 시도를 하게 된다.""
5번: 추가적인 수익 창출 기회에 대한 ‘전문가2’의 말을 ‘학생3’이 언급하며 밝힌 의견이 (다)에서 필자와 상반된 관점을 반박한 내용으로 제시되었다. + ""(다) 웹툰 산업에서는 이미 완성된 작품을 영화와 같은 2차 저작물로 파생시켜 추가적인 수익을 거둘 수 있다. ... 학생3 : 그런데 웹툰 영상화는 이미 만들어진 작품으로 추가 수익을 낼 수 있는 기회라고 전문가가 그랬잖아. 웹툰 창작자가 추가 수익으로 경제적 안정을 얻으면 좋은 웹툰을 만드는 데 전념할 수 있게 될 거야. 학생2 : 듣고 보니 경제적 안정 덕분에 좋은 웹툰을 창작하는 데 전념할 수 있게 된다는 네 말이 더 맞는 것 같아.""
최종 정답: 5번","[16, 167, 110, 230, 25, 220, 47991, 112, 46695, 117, 220, 169, 246, 226, 168, 225, 223, 35975, 226, 31619, 111, 112, 168, 245, 105, 23821, 96, 120, 167, 232, 242, 23821, 8955, 167, 94, 222, 168, 245, 238, 31619, 234, 222, 47991, 250, 564, 246, 168, 100, 226, 169, 244, 231, 168, 252, 238, 447, 247, 35975, 246, 31619, 100, 238, 35975, 226, 564, 246, 47991, 247, 168, 225, 251, 18, 447, 247, 35975, 112, 23821, 244, 116, 166, 116, 231, 47991, 246, 167, 102, 108, 31619, 108, 251, 169, 252, 234, 23821, 251, 246, 166, 110, 105, 35975, 112, 357, 46695, 97, 8, 168, 245, 238, 168, 226, 250, 220, 47991, 226, 168, 252, 238, 35975, 246, 220, 166, 112, 222, 168, 254, 238, 35975, 226, 31619, 240, 115, 167, 108, 249, 168, 117, 101, 47991, 246, 167, 232, 242, 31619, 227, 120, 166, 109, 108, 167, 94, 250, 23821, 254, 250, 168, 233, 250, 167, 238, 246, 168, 100, 222, 23821, 243, 232, 168, 243, 246, 46695, 97, 13, 1343, 30629, 46695, 97, 8, 23821, 248, 242, 168, 99, 246, 440, 15751, 220, 169, 242, 234, 167, 252, 104, 169, 237, 120, 35975, 226, 31619, 111, 112, 167, 102, 112, 23821, 249, 117, 169, 230, 108, 35975, 226, 23821, 249, 238, 168, 252, 239, 168, 250, 120, 167, 94, 250, 220, 47991, 250, 23821, 246, 223, 168, 225, 223, 35975, 112, 31619, 114, 222, 168, 102, 235, 31619, 100, 236, 168, 243, 226, 168, 94, 234, 46695, 97, 13, 23821, 251, 112, 167, 241, 97, 23821, 97, 239, 168, 245, 238, 167, 232, 242, 23821, 254, 226, 23821, 226, 116, 166, 111, 226, 23821, 233, 250, 168, 110, 255, 23821, 230, 250, 168, 250, 226, 352, 168, 250, 226, 167, 98, 120, 220, 47991, 250, 23821, 252, 239, 169, 240, 230, 35975, 112, 23821, 252, 230, 35975, 226, 23821, 254, 243, 167, 237, 226, 167, 94, 250, 220, 166, 113, 255, 167, 224, 112, 167, 123, 238, 23821, 243, 226, 46695, 230, 167, 251, 120, 220, 47991, 112, 168, 247, 116, 168, 245, 238, 168, 226, 250, 166, 117, 234, 168, 100, 222, 23821, 251, 116, 166, 116, 108, 167, 98, 120, 23821, 244, 119, 167, 232, 242, 220, 166, 110, 121, 168, 248, 108, 167, 237, 226, 31619, 100, 236, 46695, 97, 526, 198, 17, 167, 110, 230, 25, 23821, 246, 223, 168, 225, 223, 23821, 224, 108, 168, 245, 227, 35975, 246, 23821, 226, 109, 168, 252, 98, 168, 245, 238, 31619, 234, 222, 47991, 250, 564, 246, 168, 254, 226, 167, 105, 116, 166, 108, 222, 16, 447, 247, 35975, 246, 31619, 100, 238, 35975, 226, 564, 246, 47991, 247, 168, 225, 251, 17, 447, 247, 166, 108, 222, 23821, 244, 116, 166, 116, 231, 47991, 246, 167, 102, 108, 31619, 108, 251, 169, 252, 234, 23821, 251, 246, 166, 110, 105, 35975, 112, 357, 46695, 97, 8, 168, 245, 238, 168, 226, 250, 31619, 117, 226, 169, 237, 231, 31619, 234, 222, 168, 225, 223, 35975, 112, 31619, 224, 246, 169, 225, 222, 167, 224, 246, 166, 110, 234, 31619, 238, 250, 23821, 249, 238, 35975, 116, 35975, 226, 31619, 114, 226, 168, 226, 251, 47991, 250, 31619, 224, 112, 168, 248, 102, 168, 250, 120, 167, 94, 250, 23821, 254, 250, 168, 233, 250, 167, 238, 246, 168, 100, 222, 23821, 243, 232, 168, 243, 246, 46695, 97, 13, 1343, 30629, 46695, 97, 8, 220, 169, 232, 117, 168, 230, 246, 220, 169, 248, 101, 166, 111, 120, 220, 166, 116, 108, 168, 230, 254, 35975, 246, 31619, 108, 250, 46695, 105, 167, 94, 250, 23821, 112, 230, 167, 232, 98, 167, 254, 98, 11, 31619, 107, 116, 167, 252, 246, 11, 23821, 248, 108, 168, 96, 120, 168, 247, 222, 220, 166, 108, 247, 35975, 222, 23821, 249, 117, 169, 230, 108, 35975, 246, 31619, 233, 97, 168, 244, 239, 47991, 250, 23821, 228, 234, 168, 252, 105, 167, 241, 97, 35975, 112, 23821, 246, 223, 168, 225, 223, 168, 250, 120, 167, 94, 250, 220, 166, 113, 105, 169, 246, 226, 167, 238, 254, 23821, 230, 246, 23821, 252, 230, 167, 232, 242, 220, 169, 247, 246, 166, 110, 121, 35975, 112, 31619, 100, 230, 167, 254, 101, 167, 238, 246, 168, 245, 230, 166, 111, 254, 11, 440, 15751, 220, 169, 242, 234, 167, 252, 104, 169, 237, 120, 35975, 112, 220, 169, 247, 250, 168, 226, 109, 169, 247, 242, 167, 238, 101, 168, 245, 238, 31619, 242, 108, 167, 251, 120, 23821, 246, 223, 168, 225, 223, 23821, 254, 250, 168, 252, 239, 168, 252, 238, 167, 241, 97, 35975, 112, 23821, 246, 223, 168, 225, 223, 169, 247, 242, 47991, 254, 23821, 251, 112, 168, 243, 120, 166, 116, 108, 167, 98, 120, 23821, 249, 117, 169, 230, 108, 168, 245, 238, 168, 226, 250, 23821, 108, 122, 167, 232, 242, 23821, 251, 120, 35975, 112, 31619, 100, 236, 168, 243, 226, 168, 100, 222, 167, 102, 108, 23821, 249, 117, 169, 230, 108, 35975, 226, 23821, 249, 238, 168, 252, 239, 168, 250, 120, 167, 94, 250, 220, 47991, 250, 23821, 246, 223, 168, 225, 223, 23821, 254, 250, 168, 252, 239, 35975, 112, 31619, 235, 242, 168, 248, 109, 31619, 232, 246, 168, 244, 112, 167, 224, 250, 220, 166, 110, 225, 35975, 112, 46695, 97, 526, 198, 18, 167, 110, 230, 25, 23821, 228, 238, 168, 233, 97, 23821, 250, 226, 169, 245, 246, 168, 245, 238, 31619, 234, 222, 47991, 250, 564, 246, 168, 254, 226, 167, 105, 116, 166, 108, 222, 16, 447, 247, 35975, 246, 31619, 100, 238, 35975, 226, 564, 246, 47991, 247, 168, 225, 251, 17, 447, 247, 166, 108, 222, 23821, 244, 116, 166, 116, 231, 47991, 246, 167, 102, 108, 31619, 108, 251, 169, 252, 234, 23821, 251, 246, 166, 110, 105, 35975, 112, 357, 46695, 97, 8, 168, 245, 238, 168, 226, 250, 220, 47991, 226, 168, 252, 238, 168, 247, 222, 23821, 225, 223, 167, 108, 246, 167, 238, 250, 220, 166, 112, 222, 168, 254, 238, 35975, 246, 23821, 96, 120, 168, 252, 98, 168, 250, 120, 167, 94, 250, 23821, 254, 250, 168, 233, 250, 167, 238, 246, 168, 100, 222, 23821, 243, 232, 168, 243, 246, 46695, 97, 13, 1343, 30629, 46695, 97, 8, 220, 47991, 246, 168, 100, 222, 167, 100, 234, 23821, 251, 112, 167, 232, 242, 31619, 233, 101, 169, 236, 116, 168, 254, 223, 35975, 116, 23821, 233, 250, 166, 108, 223, 168, 245, 238, 31619, 114, 230, 166, 111, 120, 47991, 246, 46695, 97, 13, 23821, 246, 97, 169, 252, 230, 167, 254, 97, 23821, 246, 223, 168, 225, 223, 23821, 254, 250, 168, 252, 239, 35975, 246, 23821, 116, 94, 167, 102, 112, 168, 245, 238, 168, 226, 250, 167, 232, 242, 220, 166, 116, 108, 168, 94, 112, 168, 245, 238, 23821, 225, 223, 168, 225, 223, 47991, 246, 168, 100, 222, 31619, 103, 119, 169, 244, 230, 167, 235, 246, 23821, 225, 230, 167, 94, 250, 168, 248, 112, 31619, 224, 112, 168, 248, 102, 35975, 112, 167, 224, 246, 23821, 252, 98, 167, 98, 112, 167, 98, 120, 23821, 249, 117, 169, 230, 108, 168, 250, 120, 167, 94, 250, 167, 114, 222, 169, 226, 108, 220, 166, 111, 113, 166, 116, 231, 167, 108, 249, 168, 243, 226, 23821, 246, 223, 168, 225, 223, 35975, 226, 31619, 233, 97, 168, 244, 239, 169, 247, 242, 47991, 254, 23821, 230, 246, 23821, 252, 230, 167, 232, 242, 220, 166, 110, 225, 35975, 222, 31619, 45539, 167, 94, 254, 11, 23821, 254, 250, 168, 252, 239, 220, 166, 116, 108, 167, 110, 243, 168, 225, 223, 168, 245, 238, 167, 237, 226, 23821, 225, 230, 167, 94, 250, 168, 248, 112, 23821, 233, 250, 167, 237, 226, 167, 241, 97, 35975, 112, 23821, 112, 231, 167, 108, 250, 167, 238, 250, 46695, 97, 526, 198, 19, 167, 110, 230, 25, 220, 166, 116, 108, 168, 230, 254, 31619, 108, 250, 46695, 105, 168, 245, 238, 31619, 234, 222, 47991, 250, 564, 246, 168, 254, 226, 167, 105, 116, 166, 108, 222, 17, 447, 247, 35975, 246, 31619, 100, 238, 35975, 226, 564, 246, 47991, 247, 168, 225, 251, 18, 447, 247, 35975, 112, 23821, 244, 116, 166, 116, 231, 47991, 246, 167, 102, 108, 31619, 108, 251, 169, 252, 234, 23821, 251, 246, 166, 110, 105, 35975, 112, 357, 46695, 97, 8, 168, 245, 238, 168, 226, 250, 220, 47991, 226, 168, 252, 238, 35975, 246, 220, 166, 112, 222, 168, 254, 238, 35975, 112, 23821, 100, 222, 46695, 234, 220, 47991, 250, 166, 111, 226, 167, 94, 250, 23821, 254, 250, 168, 233, 250, 167, 238, 246, 168, 100, 222, 23821, 243, 232, 168, 243, 246, 46695, 97, 13, 1343, 30629, 46695, 97, 8, 31619, 235, 242, 167, 114, 230, 168, 244, 112, 11, 23821, 249, 117, 169, 230, 108, 23821, 108, 121, 168, 252, 239, 35975, 246, 23821, 116, 94, 167, 102, 112, 168, 245, 238, 168, 226, 250, 167, 232, 242, 23821, 108, 121, 168, 252, 239, 168, 252, 238, 166, 108, 222, 220, 166, 110, 121, 168, 254, 250, 168, 254, 223, 23821, 243, 230, 168, 254, 243, 35975, 226, 23821, 244, 119, 166, 110, 234, 31619, 238, 246, 168, 244, 112, 23821, 252, 239, 169, 240, 230, 168, 226, 109, 35975, 226, 31619, 10253, 35975, 112, 166, 116, 108, 23821, 250, 226, 47991, 250, 31619, 227, 116, 167, 254, 98, 166, 111, 120, 31619, 237, 226, 168, 254, 226, 168, 254, 223, 35975, 116, 23821, 233, 250, 167, 237, 226, 167, 98, 120, 220, 47991, 246, 166, 110, 234, 31619, 238, 250, 46695, 97, 526, 198, 20, 167, 110, 230, 25, 23821, 114, 242, 166, 108, 222, 168, 254, 223, 35975, 116, 23821, 230, 246, 35975, 113, 23821, 108, 121, 168, 114, 250, 220, 166, 116, 108, 169, 248, 234, 168, 245, 238, 31619, 234, 222, 47991, 250, 564, 246, 168, 254, 226, 167, 105, 116, 166, 108, 222, 17, 447, 247, 35975, 246, 31619, 100, 238, 35975, 226, 564, 246, 47991, 247, 168, 225, 251, 18, 447, 247, 35975, 112, 23821, 244, 116, 166, 116, 231, 47991, 246, 167, 102, 108, 31619, 108, 251, 169, 252, 234, 23821, 251, 246, 166, 110, 105, 35975, 112, 357, 46695, 97, 8, 168, 245, 238, 168, 226, 250, 220, 47991, 226, 168, 252, 238, 168, 247, 222, 23821, 225, 223, 167, 108, 246, 167, 238, 250, 220, 166, 112, 222, 168, 254, 238, 35975, 226, 31619, 108, 246, 167, 108, 243, 47991, 250, 31619, 224, 112, 168, 248, 102, 168, 250, 120, 167, 94, 250, 23821, 254, 250, 168, 233, 250, 167, 238, 246, 168, 245, 230, 46695, 97, 13, 1343, 30629, 46695, 97, 8, 23821, 249, 117, 169, 230, 108, 23821, 224, 108, 168, 245, 227, 168, 245, 238, 168, 226, 250, 167, 232, 242, 23821, 251, 112, 167, 107, 116, 23821, 247, 226, 168, 226, 109, 167, 238, 250, 23821, 252, 239, 169, 240, 230, 35975, 226, 23821, 246, 223, 169, 247, 242, 168, 247, 222, 220, 166, 108, 247, 35975, 222, 362, 168, 108, 101, 23821, 254, 222, 168, 252, 239, 167, 45539, 167, 94, 250, 220, 169, 234, 234, 168, 225, 251, 168, 233, 250, 168, 120, 250, 23821, 114, 242, 166, 108, 222, 168, 254, 223, 35975, 116, 23821, 230, 246, 35975, 113, 35975, 226, 220, 166, 109, 108, 167, 239, 246, 23821, 230, 246, 23821, 252, 230, 46695, 97, 13, 2644, 220, 47991, 247, 168, 225, 251, 18, 1058, 220, 166, 115, 116, 167, 253, 108, 167, 235, 108, 23821, 249, 117, 169, 230, 108, 23821, 246, 223, 168, 225, 223, 169, 247, 242, 167, 232, 242, 23821, 251, 112, 167, 107, 116, 31619, 100, 234, 167, 241, 97, 168, 244, 112, 168, 100, 226, 23821, 252, 239, 169, 240, 230, 168, 250, 120, 167, 94, 250, 23821, 114, 242, 166, 108, 222, 23821, 230, 246, 35975, 113, 35975, 226, 31619, 224, 120, 23821, 230, 246, 23821, 252, 230, 167, 232, 242, 220, 166, 116, 108, 169, 248, 234, 167, 251, 120, 166, 111, 254, 23821, 254, 226, 167, 105, 116, 166, 108, 222, 166, 108, 222, 220, 166, 115, 116, 167, 252, 105, 168, 252, 244, 168, 243, 226, 13, 23821, 249, 117, 169, 230, 108, 23821, 108, 121, 168, 252, 239, 168, 252, 238, 166, 108, 222, 23821, 114, 242, 166, 108, 222, 23821, 230, 246, 35975, 113, 168, 250, 120, 167, 94, 250, 220, 166, 110, 121, 168, 254, 250, 168, 254, 223, 23821, 243, 230, 168, 254, 243, 35975, 226, 23821, 244, 119, 168, 250, 120, 167, 102, 112, 23821, 95, 233, 35975, 222, 23821, 249, 117, 169, 230, 108, 35975, 226, 31619, 100, 234, 167, 241, 250, 167, 232, 242, 31619, 235, 108, 23821, 254, 226, 167, 227, 238, 47991, 254, 23821, 230, 246, 23821, 252, 230, 166, 110, 234, 31619, 238, 254, 220, 166, 109, 108, 168, 243, 120, 13, 220, 47991, 247, 168, 225, 251, 17, 1058, 31619, 241, 96, 166, 111, 254, 31619, 111, 112, 46695, 230, 220, 166, 110, 121, 168, 254, 250, 168, 254, 223, 23821, 243, 230, 168, 254, 243, 31619, 235, 243, 167, 114, 226, 168, 245, 238, 23821, 95, 233, 35975, 222, 23821, 249, 117, 169, 230, 108, 35975, 226, 23821, 108, 121, 168, 252, 239, 47991, 246, 167, 232, 242, 31619, 235, 108, 23821, 254, 226, 167, 227, 238, 47991, 254, 23821, 230, 246, 23821, 252, 230, 166, 110, 234, 31619, 238, 250, 46695, 97, 167, 232, 242, 31619, 226, 97, 31619, 100, 238, 35975, 112, 31619, 235, 242, 31619, 100, 252, 167, 232, 242, 220, 166, 110, 225, 220, 166, 108, 247, 168, 243, 226, 526, 198, 168, 113, 250, 168, 95, 227, 23821, 254, 243, 46695, 113, 25, 642, 167, 110, 230]","[0.5, 0.5, 0.5, 0.5, 0.5, 0.5, 0.5, 0.5, 0.5, 0.5, 0.5, 0.5, 0.5, 0.5, 0.5, 0.5, 0.5, 0.5, 0.5, 0.5, 0.5, 0.5, 0.5, 0.5, 0.5, 0.5, 0.5, 0.5, 0.5, 0.5, 0.5, 0.5, 0.5, 0.5, 0.5, 0.5, 0.5, 0.5, 0.5, 0.5, 0.5, 0.5, 0.5, 0.5, 0.5, 0.5, 0.5, 0.5, 0.5, 0.5, 0.5, 0.5, 0.5, 0.5, 0.5, 0.5, 0.5, 0.5, 0.5, 0.5, 0.5, 0.5, 0.5, 0.5, 0.5, 0.5, 0.5, 0.5, 0.5, 0.5, 0.5, 0.5, 0.5, 0.5, 0.5, 0.5, 0.5, 0.5, 0.5, 0.5, 0.5, 0.5, 0.5, 0.5, 0.5, 0.5, 0.5, 0.5, 0.5, 0.5, 0.5, 0.5, 0.5, 0.5, 0.5, 0.5, 0.5, 0.5, 0.5, 0.5, 0.5, 0.5, 0.5, 0.5, 0.5, 0.5, 0.5, 0.5, 0.5, 0.5, 0.5, 0.5, 0.5, 0.5, 0.5, 0.5, 0.5, 0.5, 0.5, 0.5, 0.5, 0.5, 0.5, 0.5, 0.5, 0.5, 0.5, 0.5, 0.5, 0.5, 0.5, 0.5, 0.5, 0.5, 0.5, 0.5, 0.5, 0.5, 0.5, 0.5, 0.5, 0.5, 0.5, 0.5, 0.5, 0.5, 0.5, 0.5, 0.5, 0.5, 0.5, 0.5, 0.5, 0.5, 0.5, 0.5, 0.5, 0.5, 0.5, 0.5, 0.5, 0.5, 0.5, 0.5, 0.5, 0.5, 0.5, 0.5, 0.5, 0.5, 0.5, 0.5, 0.5, 0.5, 0.5, 0.5, 0.5, 0.5, 0.5, 0.5, 0.5, 0.5, 0.5, 0.5, 0.5, 0.5, 0.5, 0.5, 0.5, 0.5, 0.5, 0.5, 0.5, 0.5, 0.5, 0.5, 0.5, 0.5, 0.5, 0.5, 0.5, 0.5, 0.5, 0.5, 0.5, 0.5, 0.5, 0.5, 0.5, 0.5, 0.5, 0.5, 0.5, 0.5, 0.5, 0.5, 0.5, 0.5, 0.5, 0.5, 0.5, 0.5, 0.5, 0.5, 0.5, 0.5, 0.5, 0.5, 0.5, 0.5, 0.5, 0.5, 0.5, 0.5, 0.5, 0.5, 0.5, 0.5, 0.5, 0.5, 0.5, 0.5, 0.5, 0.5, 0.5, 0.5, 0.5, 0.5, 0.5, 0.5, 0.5, 0.5, 0.5, 0.5, 0.5, 0.5, 0.5, 0.5, 0.5, 0.5, 0.5, 0.5, 0.5, 0.5, 0.5, 0.5, 0.5, 0.5, 0.5, 0.5, 0.5, 0.5, 0.5, 0.5, 0.5, 0.5, 0.5, 0.5, 0.5, 0.5, 0.5, 0.5, 0.5, 0.5, 0.5, 0.5, 0.5, 0.5, 0.5, 0.5, 0.5, 0.5, 0.5, 0.5, 0.5, 0.5, 0.5, 0.5, 0.5, 0.5, 0.5, 0.5, 0.5, 0.5, 0.5, 0.5, 0.5, 0.5, 0.5, 0.5, 0.5, 0.5, 0.5, 0.5, 0.5, 0.5, 0.5, 0.5, 0.5, 0.5, 0.5, 0.5, 0.5, 0.5, 0.5, 0.5, 0.5, 0.5, 0.5, 0.5, 0.5, 0.5, 0.5, 0.5, 0.5, 0.5, 0.5, 0.5, 0.5, 0.5, 0.5, 0.5, 0.5, 0.5, 0.5, 0.5, 0.5, 0.5, 0.5, 0.5, 0.5, 0.5, 0.5, 0.5, 0.5, 0.5, 0.5, 0.5, 0.5, 0.5, 0.5, 0.5, 0.5, 0.5, 0.5, 0.5, 0.5, 0.5, 0.5, 0.5, 0.5, 0.5, 0.5, 0.5, 0.5, 0.5, 0.5, 0.5, 0.5, 0.5, 0.5, 0.5, 0.5, 0.5, 0.5, 0.5, 0.5, 0.5, 0.5, 0.5, 0.5, 0.5, 0.5, 0.5, 0.5, 0.5, 0.5, 0.5, 0.5, 0.5, 0.5, 0.5, 0.5, 0.5, 0.5, 0.5, 0.5, 0.5, 0.5, 0.5, 0.5, 0.5, 0.5, 0.5, 0.5, 0.5, 0.5, 0.5, 0.5, 0.5, 0.5, 0.5, 0.5, 0.5, 0.5, 0.5, 0.5, 0.5, 0.5, 0.5, 0.5, 0.5, 0.5, 0.5, 0.5, 0.5, 0.5, 0.5, 0.5, 0.5, 0.5, 0.5, 0.5, 0.5, 0.5, 0.5, 0.5, 0.5, 0.5, 0.5, 0.5, 0.5, 0.5, 0.5, 0.5, 0.5, 0.5, 0.5, 0.5, 0.5, 0.5, 0.5, 0.5, 0.5, 0.5, 0.5, 0.5, 0.5, 0.5, 0.5, 0.5, 0.5, 0.5, 0.5, 0.5, 0.5, 0.5, 0.5, 0.5, 0.5, 0.5, 0.5, 0.5, 0.5, 0.5, 0.5, 0.5, 0.5, 0.5, 0.5, 0.5, 0.5, 0.5, 0.5, 0.5, 0.5, 0.5, 0.5, 0.5, 0.5, 0.5, 0.5, 0.5, 0.5, 0.5, 0.5, 0.5, 0.5, 0.5, 0.5, 0.5, 0.5, 0.5, 0.5, 0.5, 0.5, 0.5, 0.5, 0.5, 0.5, 0.5, 0.5, 0.5, 0.5, 0.5, 0.5, 0.5, 0.5, 0.5, 0.5, 0.5, 0.5, 0.5, 0.5, 0.5, 0.5, 0.5, 0.5, 0.5, 0.5, 0.5, 0.5, 0.5, 0.5, 0.5, 0.5, 0.5, 0.5, 0.5, 0.5, 0.5, 0.5, 0.5, 0.5, 0.5, 0.5, 0.5, 0.5, 0.5, 0.5, 0.5, 0.5, 0.5, 0.5, 0.5, 0.5, 0.5, 0.5, 0.5, 0.5, 0.5, 0.5, 0.5, 0.5, 0.5, 0.5, 0.5, 0.5, 0.5, 0.5, 0.5, 0.5, 0.5, 0.5, 0.5, 0.5, 0.5, 0.5, 0.5, 0.5, 0.5, 0.5, 0.5, 0.5, 0.5, 0.5, 0.5, 0.5, 0.5, 0.5, 0.5, 0.5, 0.5, 0.5, 0.5, 0.5, 0.5, 0.5, 0.5, 0.5, 0.5, 0.5, 0.5, 0.5, 0.5, 0.5, 0.5, 0.5, 0.5, 0.5, 0.5, 0.5, 0.5, 0.5, 0.5, 0.5, 0.5, 0.5, 0.5, 0.5, 0.5, 0.5, 0.5, 0.5, 0.5, 0.5, 0.5, 0.5, 0.5, 0.5, 0.5, 0.5, 0.5, 0.5, 0.5, 0.5, 0.5, 0.5, 0.5, 0.5, 0.5, 0.5, 0.5, 0.5, 0.5, 0.5, 0.5, 0.5, 0.5, 0.5, 0.5, 0.5, 0.5, 0.5, 0.5, 0.5, 0.5, 0.5, 0.5, 0.5, 0.5, 0.5, 0.5, 0.5, 0.5, 0.5, 0.5, 0.5, 0.5, 0.5, 0.5, 0.5, 0.5, 0.5, 0.5, 0.5, 0.5, 0.5, 0.5, 0.5, 0.5, 0.5, 0.5, 0.5, 0.5, 0.5, 0.5, 0.5, 0.5, 0.5, 0.5, 0.5, 0.5, 0.5, 0.5, 0.5, 0.5, 0.5, 0.5, 0.5, 0.5, 0.5, 0.5, 0.5, 0.5, 0.5, 0.5, 0.5, 0.5, 0.5, 0.5, 0.5, 0.5, 0.5, 0.5, 0.5, 0.5, 0.5, 0.5, 0.5, 0.5, 0.5, 0.5, 0.5, 0.5, 0.5, 0.5, 0.5, 0.5, 0.5, 0.5, 0.5, 0.5, 0.5, 0.5, 0.5, 0.5, 0.5, 0.5, 0.5, 0.5, 0.5, 0.5, 0.5, 0.5, 0.5, 0.5, 0.5, 0.5, 0.5, 0.5, 0.5, 0.5, 0.5, 0.5, 0.5, 0.5, 0.5, 0.5, 0.5, 0.5, 0.5, 0.5, 0.5, 0.5, 0.5, 0.5, 0.5, 0.5, 0.5, 0.5, 0.5, 0.5, 0.5, 0.5, 0.5, 0.5, 0.5, 0.5, 0.5, 0.5, 0.5, 0.5, 0.5, 0.5, 0.5, 0.5, 0.5, 0.5, 0.5, 0.5, 0.5, 0.5, 0.5, 0.5, 0.5, 0.5, 0.5, 0.5, 0.5, 0.5, 0.5, 0.5, 0.5, 0.5, 0.5, 0.5, 0.5, 0.5, 0.5, 0.5, 0.5, 0.5, 0.5, 0.5, 0.5, 0.5, 0.5, 0.5, 0.5, 0.5, 0.5, 0.5, 0.5, 0.5, 0.5, 0.5, 0.5, 0.5, 0.5, 0.5, 0.5, 0.5, 0.5, 0.5, 0.5, 0.5, 0.5, 0.5, 0.5, 0.5, 0.5, 0.5, 0.5, 0.5, 0.5, 0.5, 0.5, 0.5, 0.5, 0.5, 0.5, 0.5, 0.5, 0.5, 0.5, 0.5, 0.5, 0.5, 0.5, 0.5, 0.5, 0.5, 0.5, 0.5, 0.5, 0.5, 0.5, 0.5, 0.5, 0.5, 0.5, 0.5, 0.5, 0.5, 0.5, 0.5, 0.5, 0.5, 0.5, 0.5, 0.5, 0.5, 0.5, 0.5, 0.5, 0.5, 0.5, 0.5, 0.5, 0.5, 0.5, 0.5, 0.5, 0.5, 0.5, 0.5, 0.5, 0.5, 0.5, 0.5, 0.5, 0.5, 0.5, 0.5, 0.5, 0.5, 0.5, 0.5, 0.5, 0.5, 0.5, 0.5, 0.5, 0.5, 0.5, 0.5, 0.5, 0.5, 0.5, 0.5, 0.5, 0.5, 0.5, 0.5, 0.5, 0.5, 0.5, 0.5, 0.5, 0.5, 0.5, 0.5, 0.5, 0.5, 0.5, 0.5, 0.5, 0.5, 0.5, 0.5, 0.5, 0.5, 0.5, 0.5, 0.5, 0.5, 0.5, 0.5, 0.5, 0.5, 0.5, 0.5, 0.5, 0.5, 0.5, 0.5, 0.5, 0.5, 0.5, 0.5, 0.5, 0.5, 0.5, 0.5, 0.5, 0.5, 0.5, 0.5, 0.5, 0.5, 0.5, 0.5, 0.5, 0.5, 0.5, 0.5, 0.5, 0.5, 0.5, 0.5, 0.5, 0.5, 0.5, 0.5, 0.5, 0.5, 0.5, 0.5, 0.5, 0.5, 0.5, 0.5, 0.5, 0.5, 0.5, 0.5, 0.5, 0.5, 0.5, 0.5, 0.5, 0.5, 0.5, 0.5, 0.5, 0.5, 0.5, 0.5, 0.5, 0.5, 0.5, 0.5, 0.5, 0.5, 0.5, 0.5, 0.5, 0.5, 0.5, 0.5, 0.5, 0.5, 0.5, 0.5, 0.5, 0.5, 0.5, 0.5, 0.5, 0.5, 0.5, 0.5, 0.5, 0.5, 0.5, 0.5, 0.5, 0.5, 0.5, 0.5, 0.5, 0.5, 0.5, 0.5, 0.5, 0.5, 0.5, 0.5, 0.5, 0.5, 0.5, 0.5, 0.5, 0.5, 0.5, 0.5, 0.5, 0.5, 0.5, 0.5, 0.5, 0.5, 0.5, 0.5, 0.5, 0.5, 0.5, 0.5, 0.5, 0.5, 0.5, 0.5, 0.5, 0.5, 0.5, 0.5, 0.5, 0.5, 0.5, 0.5, 0.5, 0.5, 0.5, 0.5, 0.5, 0.5, 0.5, 0.5, 0.5, 0.5, 0.5, 0.5, 0.5, 0.5, 0.5, 0.5, 0.5, 0.5, 0.5, 0.5, 0.5, 0.5, 0.5, 0.5, 0.5, 0.5, 0.5, 0.5, 0.5, 0.5, 0.5, 0.5, 0.5, 0.5, 0.5, 0.5, 0.5, 0.5, 0.5, 0.5, 0.5, 0.5, 0.5, 0.5, 0.5, 0.5, 0.5, 0.5, 0.5, 0.5, 0.5, 0.5, 0.5, 0.5, 0.5, 0.5, 0.5, 0.5, 0.5, 0.5, 0.5, 0.5, 0.5, 0.5, 0.5, 0.5, 0.5, 0.5, 0.5, 0.5, 0.5, 0.5, 0.5, 0.5, 0.5, 0.5, 0.5, 0.5, 0.5, 0.5, 0.5, 0.5, 0.5, 0.5, 0.5, 0.5, 0.5, 0.5, 0.5, 0.5, 0.5, 0.5, 0.5, 0.5, 0.5, 0.5, 0.5, 0.5, 0.5, 0.5, 0.5, 0.5, 0.5, 0.5, 0.5, 0.5, 0.5, 0.5, 0.5, 0.5, 0.5, 0.5, 0.5, 0.5, 0.5, 0.5, 0.5, 0.5, 0.5, 0.5, 0.5, 0.5, 0.5, 0.5, 0.5, 0.5, 0.5, 0.5, 0.5, 0.5, 0.5, 0.5, 0.5, 0.5, 0.5, 0.5, 0.5, 0.5, 0.5, 0.5, 0.5, 0.5, 0.5, 0.5, 0.5, 0.5, 0.5, 0.5, 0.5, 0.5, 0.5, 0.5, 0.5, 0.5, 0.5, 0.5, 0.5, 0.5, 0.5, 0.5, 0.5, 0.5, 0.5, 0.5, 0.5, 0.5, 0.5, 0.5, 0.5, 0.5, 0.5, 0.5, 0.5, 0.5, 0.5, 0.5, 0.5, 0.5, 0.5, 0.5, 0.5, 0.5, 0.5, 0.5, 0.5, 0.5, 0.5, 0.5, 0.5, 0.5, 0.5, 0.5, 0.5, 0.5, 0.5, 0.5, 0.5, 0.5, 0.5, 0.5, 0.5, 0.5, 0.5, 0.5, 0.5, 0.5, 0.5, 0.5, 0.5, 0.5, 0.5, 0.5, 0.5, 0.5, 0.5, 0.5, 0.5, 0.5, 0.5, 0.5, 0.5, 0.5, 0.5, 0.5, 0.5, 0.5, 0.5, 0.5, 0.5, 0.5, 0.5, 0.5, 0.5, 0.5, 0.5, 0.5, 0.5, 0.5, 0.5, 0.5, 0.5, 0.5, 0.5, 0.5, 0.5, 0.5, 0.5, 0.5, 0.5, 0.5, 0.5, 0.5, 0.5, 0.5, 0.5, 0.5, 0.5, 0.5, 0.5, 0.5, 0.5, 0.5, 0.5, 0.5, 0.5, 0.5, 0.5, 0.5, 0.5, 0.5, 0.5, 0.5, 0.5, 0.5, 0.5, 0.5, 0.5, 0.5, 0.5, 0.5, 0.5, 0.5, 0.5, 0.5, 0.5, 0.5, 0.5, 0.5, 0.5, 0.5, 0.5, 0.5, 0.5, 0.5, 0.5, 0.5, 0.5, 0.5, 0.5, 0.5, 0.5, 0.5, 0.5, 0.5, 0.5, 0.5, 0.5, 0.5, 0.5, 0.5, 0.5, 0.5, 0.5, 0.5, 0.5, 0.5, 0.5, 0.5, 0.5, 0.5, 0.5, 0.5, 0.5, 0.5, 0.5, 0.5, 0.5, 0.5, 0.5, 0.5, 0.5, 0.5, 0.5, 0.5, 0.5, 0.5, 0.5, 0.5, 0.5, 0.5, 0.5, 0.5, 0.5, 0.5, 0.5, 0.5, 0.5, 0.5, 0.5, 0.5, 0.5, 0.5, 0.5, 0.5, 0.5, 0.5, 0.5, 0.5, 0.5, 0.5, 0.5, 0.5, 0.5, 0.5, 0.5, 0.5, 0.5, 0.5, 0.5, 0.5, 0.5, 0.5, 0.5, 0.5, 0.5, 0.5, 0.5, 0.5, 0.5, 0.5, 0.5, 0.5, 0.5, 0.5, 0.5, 0.5, 0.5, 0.5, 0.5, 0.5, 0.5, 0.5, 0.5, 0.5, 0.5, 0.5, 0.5, 0.5, 0.5, 0.5, 0.5, 0.5, 0.5, 0.5, 0.5, 0.5, 0.5, 0.5, 0.5, 0.5, 0.5, 0.5, 0.5, 0.5, 0.5, 0.5, 0.5, 0.5, 0.5, 0.5, 0.5, 0.5, 0.5, 0.5, 0.5, 0.5, 0.5, 0.5, 0.5, 0.5, 0.5, 0.5, 0.5, 0.5, 0.5, 0.5, 0.5, 0.5, 0.5, 0.5, 0.5, 0.5, 0.5, 0.5, 0.5, 0.5, 0.5, 0.5, 0.5, 0.5, 0.5, 0.5, 0.5, 0.5, 0.5, 0.5, 0.5, 0.5, 0.5, 0.5, 0.5, 0.5, 0.5, 0.5, 0.5, 0.5, 0.5, 0.5, 0.5, 0.5, 0.5, 0.5, 0.5, 0.5, 0.5, 0.5, 0.5, 0.5, 0.5, 0.5, 0.5, 0.5, 0.5, 0.5, 0.5, 0.5, 0.5, 0.5, 0.5, 0.5, 0.5, 0.5, 0.5, 0.5, 0.5, 0.5, 0.5, 0.5, 0.5, 0.5, 0.5, 0.5, 0.5, 0.5, 0.5, 0.5, 0.5, 0.5, 0.5, 0.5, 0.5, 0.5, 0.5, 0.5, 0.5, 0.5, 0.5, 0.5, 0.5, 0.5, 0.5, 0.5, 0.5, 0.5, 0.5, 0.5, 0.5, 0.5, 0.5, 0.5, 0.5, 0.5, 0.5, 0.5, 0.5, 0.5, 0.5, 0.5, 0.5, 0.5, 0.5, 0.5, 0.5, 0.5, 0.5, 0.5, 0.5, 0.5, 0.5, 0.5, 0.5, 0.5, 0.5, 0.5, 0.5, 0.5, 0.5, 0.5, 0.5, 0.5, 0.5, 0.5, 0.5, 0.5, 0.5, 0.5, 0.5, 0.5, 0.5, 0.5, 0.5, 0.5, 0.5, 0.5, 0.5, 0.5, 0.5, 0.5, 0.5, 0.5, 0.5, 0.5, 0.5, 0.5, 0.5, 0.5, 0.5, 0.5, 0.5, 0.5, 0.5, 0.5, 0.5, 0.5, 0.5, 0.5, 0.5, 0.5, 0.5, 0.5, 0.5, 0.5, 0.5, 0.5, 0.5, 0.5, 0.5, 0.5, 0.5, 0.5, 0.5, 0.5, 0.5, 0.5, 0.5, 0.5, 0.5, 0.5, 0.5, 0.5, 0.5, 0.5, 0.5, 0.5, 0.5, 0.5, 0.5, 0.5, 0.5, 0.5, 0.5, 0.5, 0.5, 0.5, 0.5, 0.5, 0.5, 0.5, 0.5, 0.5, 0.5, 0.5, 0.5, 0.5, 0.5, 0.5, 0.5, 0.5, 0.5, 0.5, 0.5, 0.5, 0.5, 0.5, 0.5, 0.5, 0.5, 0.5, 0.5, 0.5, 0.5, 0.5, 0.5, 0.5, 0.5, 0.5, 0.5, 0.5, 0.5, 0.5, 0.5, 0.5, 0.5, 0.5, 0.5, 0.5, 0.5, 0.5, 0.5, 0.5, 0.5, 0.5, 0.5, 0.5, 0.5, 0.5, 0.5, 0.5, 0.5, 0.5, 0.5, 0.5, 0.5, 0.5, 0.5, 0.5, 0.5, 0.5, 0.5, 0.5, 0.5, 0.5, 0.5, 0.5, 0.5, 0.5, 0.5, 0.5, 0.5, 0.5, 0.5, 0.5, 0.5, 0.5, 0.5, 0.5, 0.5, 0.5, 0.5, 0.5, 0.5, 0.5, 0.5, 0.5, 0.5, 0.5, 0.5, 0.5, 0.5, 0.5, 0.5, 0.5, 0.5, 0.5, 0.5, 0.5, 0.5, 0.5, 0.5, 0.5, 0.5, 0.5, 0.5, 0.5, 0.5, 0.5, 0.5, 0.5, 0.5, 0.5, 0.5, 0.5, 0.5, 0.5, 0.5, 0.5, 0.5, 0.5, 0.5, 0.5, 0.5, 0.5, 0.5, 0.5, 0.5, 0.5, 0.5, 0.5, 0.5, 0.5, 0.5, 0.5, 0.5, 0.5, 0.5, 0.5, 0.5, 0.5, 0.5, 0.5, 0.5, 0.5, 0.5, 0.5, 0.5, 0.5, 0.5, 0.5, 0.5, 0.5, 0.5, 0.5, 0.5, 0.5, 0.5, 0.5, 0.5, 0.5, 0.5, 0.5, 0.5, 0.5, 0.5, 0.5, 0.5, 0.5, 0.5, 0.5, 0.5, 0.5, 0.5, 0.5, 0.5, 0.5, 0.5, 0.5, 0.5, 0.5, 0.5, 0.5, 0.5, 0.5, 0.5, 0.5, 0.5, 0.5, 0.5, 0.5, 0.5, 0.5, 0.5, 0.5, 0.5, 0.5, 0.5, 0.5, 0.5, 0.5, 0.5, 0.5, 0.5, 0.5, 0.5, 0.5, 0.5, 0.5, 0.5, 0.5, 0.5, 0.5, 0.5, 0.5, 0.5, 0.5, 0.5, 0.5, 0.5, 0.5, 0.5, 0.5, 0.5, 0.5, 0.5, 0.5, 0.5, 0.5, 0.5, 0.5, 0.5, 0.5, 0.5, 0.5, 0.5, 0.5, 0.5, 0.5, 0.5, 0.5, 0.5, 0.5, 0.5, 0.5, 0.5, 0.5, 0.5, 0.5, 0.5, 0.5, 0.5, 0.5, 0.5, 0.5, 0.5, 0.5, 0.5, 0.5, 0.5, 0.5, 0.5, 0.5, 0.5, 0.5, 0.5, 0.5, 0.5, 0.5, 0.5, 0.5, 0.5, 0.5, 0.5, 0.5, 0.5, 0.5, 0.5, 0.5, 0.5, 0.5, 0.5, 0.5, 0.5, 0.5, 0.5, 0.5, 0.5, 0.5, 0.5, 0.5, 0.5, 0.5, 0.5, 0.5, 0.5, 0.5, 0.5, 0.5, 0.5, 0.5, 0.5, 0.5, 0.5, 0.5, 0.5, 0.5, 0.5, 0.5, 0.5, 0.5, 0.5, 0.5, 0.5, 0.5, 0.5, 0.5, 0.5, 0.5, 0.5, 0.5, 0.5, 0.5, 0.5, 0.5, 0.5, 0.5, 0.5, 0.5, 0.5, 0.5, 0.5, 0.5, 0.5, 0.5, 0.5, 0.5, 0.5, 0.5, 0.5, 0.5, 0.5, 0.5, 0.5, 0.5, 0.5, 0.5, 0.5, 0.5, 0.5, 0.5, 0.5, 0.5, 0.5, 0.5, 0.5, 0.5, 0.5, 0.5, 0.5, 0.5, 0.5, 0.5, 0.5, 0.5, 0.5, 0.5, 0.5, 0.5, 0.5, 0.5, 0.5, 0.5, 0.5, 0.5, 0.5, 0.5, 0.5, 0.5, 0.5, 0.5, 0.5, 0.5, 0.5, 0.5, 0.5, 0.5, 0.5, 0.5, 0.5, 0.5, 0.5, 0.5, 0.5, 0.5, 0.5, 0.5, 0.5, 0.5, 0.5, 0.5, 0.5, 0.5, 0.5, 0.5, 0.5, 0.5, 0.5, 0.5, 0.5, 0.5, 0.5, 0.5, 0.5, 0.5, 0.5, 0.5, 0.5, 0.5, 0.5, 0.5, 0.5, 0.5, 0.5, 0.5, 0.5, 0.5, 0.5, 0.5, 0.5, 0.5, 0.5, 0.5, 0.5, 0.5, 0.5, 0.5, 0.5, 0.5, 0.5, 0.5, 0.5, 0.5, 0.5, 0.5, 0.5, 0.5, 0.5, 0.5, 0.5, 0.5, 0.5, 0.5, 0.5, 0.5, 0.5, 0.5, 0.5, 0.5, 0.5, 0.5, 0.5, 0.5, 0.5, 0.5, 0.5, 0.5, 0.5, 0.5, 0.5, 0.5, 0.5, 0.5, 0.5, 0.5, 0.5, 0.5, 0.5, 0.5, 0.5, 0.5, 0.5, 0.5, 0.5, 0.5, 0.5, 0.5, 0.5, 0.5, 0.5, 0.5, 0.5, 0.5, 0.5, 0.5, 0.5, 0.5, 0.5, 0.5, 0.5, 0.5, 0.5, 0.5, 0.5, 0.5, 0.5, 0.5, 0.5, 0.5, 0.5, 0.5, 0.5, 0.5, 0.5, 0.5, 0.5, 0.5, 0.5, 0.5, 0.5, 0.5, 0.5, 0.5, 0.5, 0.5, 0.5, 0.5, 0.5, 0.5, 0.5, 0.5, 0.5, 0.5, 0.5, 0.5, 0.5, 0.5, 0.5, 0.5, 0.5, 0.5, 0.5, 0.5, 0.5, 0.5, 0.5, 0.5, 0.5, 0.5, 0.5, 0.5, 0.5, 0.5, 0.5, 0.5, 0.5, 0.5, 0.5, 0.5, 0.5, 0.5, 0.5, 0.5, 0.5, 0.5, 0.5, 0.5, 0.5, 0.5, 0.5, 0.5, 0.5, 0.5, 0.5, 0.5, 0.5]",3
2026_11_KICE_38-42_3,['4(2)'],"1번: 웹툰 영상화에 대한 영상 제작자의 인식 변화를 시기별로 서술한 내용은 찾을 수 없으므로, 이 선택지는 적절하지 않다. + ""(다) 요즘 OTT 플랫폼을 보면 웹툰을 원작으로 한 영상이 부쩍 많아졌다.""
2번: 웹툰 영상화 유행 현상이 국내에서 해외로 확대되는 과정을 서술한 내용은 찾을 수 없으므로, 이 선택지는 적절하지 않다. + ""(다) 요즘 OTT 플랫폼을 보면 웹툰을 원작으로 한 영상이 부쩍 많아졌다.""
3번: 웹툰 영상화의 결과로 파생되는 저작물의 종류를 나열하여 서술한 내용은 찾을 수 없으므로, 이 선택지는 적절하지 않다. + ""(다) 웹툰 산업에서는 이미 완성된 작품을 영화와 같은 2차 저작물로 파생시켜 추가적인 수익을 거둘 수 있다.""
4번: 웹툰 영상화 유행 현상이 미치는 영향을 산업별로 구분하여 서술한 내용은 찾을 수 있다. + ""(다) 오히려 영상 제작의 측면에서는 기존에 상상하지 못했던 새로운 내용이나 장르를 웹툰으로부터 공급받아 영상을 다양화할 수 있는 것은 물론, 제작 기법상에도 새로운 시도들이 촉발된다. 더불어, 웹툰 창작의 측면에서는 창작자가 경제적 안정을 얻게 되어 작품성을 높이기 위한 노력과 도전적인 시도를 하게 된다.""
5번: 웹툰 영상화를 위해 활용되는 제작 기법의 특징을 분석하여 서술한 내용은 찾을 수 없으므로, 이 선택지는 적절하지 않다. + ""(다) 오히려 영상 제작의 측면에서는 기존에 상상하지 못했던 새로운 내용이나 장르를 웹툰으로부터 공급받아 영상을 다양화할 수 있는 것은 물론, 제작 기법상에도 새로운 시도들이 촉발된다.""

최종 정답: 4번","[16, 167, 110, 230, 25, 23821, 249, 117, 169, 230, 108, 23821, 246, 223, 168, 225, 223, 169, 247, 242, 168, 245, 238, 31619, 234, 222, 47991, 250, 23821, 246, 223, 168, 225, 223, 23821, 254, 250, 168, 252, 239, 168, 252, 238, 35975, 246, 23821, 251, 116, 168, 233, 251, 31619, 111, 222, 169, 247, 242, 167, 98, 120, 23821, 233, 250, 166, 116, 108, 167, 111, 226, 167, 94, 250, 23821, 226, 250, 168, 230, 254, 47991, 250, 31619, 224, 112, 168, 248, 102, 35975, 222, 23821, 108, 122, 35975, 226, 23821, 230, 246, 23821, 245, 228, 168, 250, 120, 167, 107, 222, 167, 94, 250, 11, 23821, 251, 112, 23821, 226, 254, 169, 225, 251, 168, 100, 222, 167, 232, 242, 23821, 254, 223, 168, 254, 230, 47991, 246, 168, 100, 222, 23821, 243, 232, 46695, 97, 13, 1343, 30629, 46695, 97, 8, 23821, 248, 242, 168, 99, 246, 440, 15751, 220, 169, 242, 234, 167, 252, 104, 169, 237, 120, 35975, 226, 31619, 111, 112, 167, 102, 112, 23821, 249, 117, 169, 230, 108, 35975, 226, 23821, 249, 238, 168, 252, 239, 168, 250, 120, 167, 94, 250, 220, 47991, 250, 23821, 246, 223, 168, 225, 223, 35975, 112, 31619, 114, 222, 168, 102, 235, 31619, 100, 236, 168, 243, 226, 168, 94, 234, 46695, 97, 526, 198, 17, 167, 110, 230, 25, 23821, 249, 117, 169, 230, 108, 23821, 246, 223, 168, 225, 223, 169, 247, 242, 23821, 250, 254, 169, 244, 231, 220, 169, 246, 226, 168, 225, 223, 35975, 112, 220, 166, 113, 255, 167, 224, 112, 168, 245, 238, 168, 226, 250, 220, 47991, 112, 168, 247, 116, 167, 94, 250, 220, 169, 247, 243, 167, 234, 222, 167, 238, 246, 167, 232, 242, 220, 166, 111, 120, 168, 254, 243, 35975, 226, 23821, 226, 250, 168, 230, 254, 47991, 250, 31619, 224, 112, 168, 248, 102, 35975, 222, 23821, 108, 122, 35975, 226, 23821, 230, 246, 23821, 245, 228, 168, 250, 120, 167, 107, 222, 167, 94, 250, 11, 23821, 251, 112, 23821, 226, 254, 169, 225, 251, 168, 100, 222, 167, 232, 242, 23821, 254, 223, 168, 254, 230, 47991, 246, 168, 100, 222, 23821, 243, 232, 46695, 97, 13, 1343, 30629, 46695, 97, 8, 23821, 248, 242, 168, 99, 246, 440, 15751, 220, 169, 242, 234, 167, 252, 104, 169, 237, 120, 35975, 226, 31619, 111, 112, 167, 102, 112, 23821, 249, 117, 169, 230, 108, 35975, 226, 23821, 249, 238, 168, 252, 239, 168, 250, 120, 167, 94, 250, 220, 47991, 250, 23821, 246, 223, 168, 225, 223, 35975, 112, 31619, 114, 222, 168, 102, 235, 31619, 100, 236, 168, 243, 226, 168, 94, 234, 46695, 97, 526, 198, 18, 167, 110, 230, 25, 23821, 249, 117, 169, 230, 108, 23821, 246, 223, 168, 225, 223, 169, 247, 242, 35975, 246, 220, 166, 110, 108, 166, 111, 120, 167, 94, 250, 220, 169, 234, 234, 168, 225, 251, 167, 238, 246, 167, 232, 242, 23821, 254, 222, 168, 252, 239, 167, 45539, 35975, 246, 23821, 95, 227, 167, 98, 246, 167, 98, 120, 31619, 224, 246, 168, 245, 112, 47991, 246, 168, 245, 105, 23821, 226, 250, 168, 230, 254, 47991, 250, 31619, 224, 112, 168, 248, 102, 35975, 222, 23821, 108, 122, 35975, 226, 23821, 230, 246, 23821, 245, 228, 168, 250, 120, 167, 107, 222, 167, 94, 250, 11, 23821, 251, 112, 23821, 226, 254, 169, 225, 251, 168, 100, 222, 167, 232, 242, 23821, 254, 223, 168, 254, 230, 47991, 246, 168, 100, 222, 23821, 243, 232, 46695, 97, 13, 1343, 30629, 46695, 97, 8, 23821, 249, 117, 169, 230, 108, 23821, 224, 108, 168, 245, 227, 168, 245, 238, 168, 226, 250, 167, 232, 242, 23821, 251, 112, 167, 107, 116, 23821, 247, 226, 168, 226, 109, 167, 238, 250, 23821, 252, 239, 169, 240, 230, 35975, 226, 23821, 246, 223, 169, 247, 242, 168, 247, 222, 220, 166, 108, 247, 35975, 222, 362, 168, 108, 101, 23821, 254, 222, 168, 252, 239, 167, 45539, 167, 94, 250, 220, 169, 234, 234, 168, 225, 251, 168, 233, 250, 168, 120, 250, 23821, 114, 242, 166, 108, 222, 168, 254, 223, 35975, 116, 23821, 230, 246, 35975, 113, 35975, 226, 220, 166, 109, 108, 167, 239, 246, 23821, 230, 246, 23821, 252, 230, 46695, 97, 526, 198, 19, 167, 110, 230, 25, 23821, 249, 117, 169, 230, 108, 23821, 246, 223, 168, 225, 223, 169, 247, 242, 23821, 250, 254, 169, 244, 231, 220, 169, 246, 226, 168, 225, 223, 35975, 112, 31619, 107, 116, 168, 117, 246, 167, 232, 242, 23821, 246, 223, 169, 244, 98, 35975, 226, 23821, 224, 108, 168, 245, 227, 167, 111, 226, 167, 94, 250, 220, 166, 113, 105, 167, 114, 226, 47991, 246, 168, 245, 105, 23821, 226, 250, 168, 230, 254, 47991, 250, 31619, 224, 112, 168, 248, 102, 35975, 222, 23821, 108, 122, 35975, 226, 23821, 230, 246, 23821, 252, 230, 46695, 97, 13, 1343, 30629, 46695, 97, 8, 23821, 246, 97, 169, 252, 230, 167, 254, 97, 23821, 246, 223, 168, 225, 223, 23821, 254, 250, 168, 252, 239, 35975, 246, 23821, 116, 94, 167, 102, 112, 168, 245, 238, 168, 226, 250, 167, 232, 242, 220, 166, 116, 108, 168, 94, 112, 168, 245, 238, 23821, 225, 223, 168, 225, 223, 47991, 246, 168, 100, 222, 31619, 103, 119, 169, 244, 230, 167, 235, 246, 23821, 225, 230, 167, 94, 250, 168, 248, 112, 31619, 224, 112, 168, 248, 102, 35975, 112, 167, 224, 246, 23821, 252, 98, 167, 98, 112, 167, 98, 120, 23821, 249, 117, 169, 230, 108, 168, 250, 120, 167, 94, 250, 167, 114, 222, 169, 226, 108, 220, 166, 111, 113, 166, 116, 231, 167, 108, 249, 168, 243, 226, 23821, 246, 223, 168, 225, 223, 35975, 226, 31619, 233, 97, 168, 244, 239, 169, 247, 242, 47991, 254, 23821, 230, 246, 23821, 252, 230, 167, 232, 242, 220, 166, 110, 225, 35975, 222, 31619, 45539, 167, 94, 254, 11, 23821, 254, 250, 168, 252, 239, 220, 166, 116, 108, 167, 110, 243, 168, 225, 223, 168, 245, 238, 167, 237, 226, 23821, 225, 230, 167, 94, 250, 168, 248, 112, 23821, 233, 250, 167, 237, 226, 167, 241, 97, 35975, 112, 23821, 112, 231, 167, 108, 250, 167, 238, 250, 46695, 97, 13, 31619, 235, 242, 167, 114, 230, 168, 244, 112, 11, 23821, 249, 117, 169, 230, 108, 23821, 108, 121, 168, 252, 239, 35975, 246, 23821, 116, 94, 167, 102, 112, 168, 245, 238, 168, 226, 250, 167, 232, 242, 23821, 108, 121, 168, 252, 239, 168, 252, 238, 166, 108, 222, 220, 166, 110, 121, 168, 254, 250, 168, 254, 223, 23821, 243, 230, 168, 254, 243, 35975, 226, 23821, 244, 119, 166, 110, 234, 31619, 238, 246, 168, 244, 112, 23821, 252, 239, 169, 240, 230, 168, 226, 109, 35975, 226, 31619, 10253, 35975, 112, 166, 116, 108, 23821, 250, 226, 47991, 250, 31619, 227, 116, 167, 254, 98, 166, 111, 120, 31619, 237, 226, 168, 254, 226, 168, 254, 223, 35975, 116, 23821, 233, 250, 167, 237, 226, 167, 98, 120, 220, 47991, 246, 166, 110, 234, 31619, 238, 250, 46695, 97, 526, 198, 20, 167, 110, 230, 25, 23821, 249, 117, 169, 230, 108, 23821, 246, 223, 168, 225, 223, 169, 247, 242, 167, 98, 120, 23821, 250, 226, 47991, 112, 220, 169, 247, 250, 168, 248, 102, 167, 238, 246, 167, 232, 242, 23821, 254, 250, 168, 252, 239, 220, 166, 116, 108, 167, 110, 243, 35975, 246, 220, 169, 232, 117, 168, 100, 243, 35975, 226, 31619, 114, 226, 168, 226, 251, 47991, 246, 168, 245, 105, 23821, 226, 250, 168, 230, 254, 47991, 250, 31619, 224, 112, 168, 248, 102, 35975, 222, 23821, 108, 122, 35975, 226, 23821, 230, 246, 23821, 245, 228, 168, 250, 120, 167, 107, 222, 167, 94, 250, 11, 23821, 251, 112, 23821, 226, 254, 169, 225, 251, 168, 100, 222, 167, 232, 242, 23821, 254, 223, 168, 254, 230, 47991, 246, 168, 100, 222, 23821, 243, 232, 46695, 97, 13, 1343, 30629, 46695, 97, 8, 23821, 246, 97, 169, 252, 230, 167, 254, 97, 23821, 246, 223, 168, 225, 223, 23821, 254, 250, 168, 252, 239, 35975, 246, 23821, 116, 94, 167, 102, 112, 168, 245, 238, 168, 226, 250, 167, 232, 242, 220, 166, 116, 108, 168, 94, 112, 168, 245, 238, 23821, 225, 223, 168, 225, 223, 47991, 246, 168, 100, 222, 31619, 103, 119, 169, 244, 230, 167, 235, 246, 23821, 225, 230, 167, 94, 250, 168, 248, 112, 31619, 224, 112, 168, 248, 102, 35975, 112, 167, 224, 246, 23821, 252, 98, 167, 98, 112, 167, 98, 120, 23821, 249, 117, 169, 230, 108, 168, 250, 120, 167, 94, 250, 167, 114, 222, 169, 226, 108, 220, 166, 111, 113, 166, 116, 231, 167, 108, 249, 168, 243, 226, 23821, 246, 223, 168, 225, 223, 35975, 226, 31619, 233, 97, 168, 244, 239, 169, 247, 242, 47991, 254, 23821, 230, 246, 23821, 252, 230, 167, 232, 242, 220, 166, 110, 225, 35975, 222, 31619, 45539, 167, 94, 254, 11, 23821, 254, 250, 168, 252, 239, 220, 166, 116, 108, 167, 110, 243, 168, 225, 223, 168, 245, 238, 167, 237, 226, 23821, 225, 230, 167, 94, 250, 168, 248, 112, 23821, 233, 250, 167, 237, 226, 167, 241, 97, 35975, 112, 23821, 112, 231, 167, 108, 250, 167, 238, 250, 46695, 97, 526, 198, 198, 168, 113, 250, 168, 95, 227, 23821, 254, 243, 46695, 113, 25, 604, 167, 110, 230]","[0.5, 0.5, 0.5, 0.5, 0.5, 0.5, 0.5, 0.5, 0.5, 0.5, 0.5, 0.5, 0.5, 0.5, 0.5, 0.5, 0.5, 0.5, 0.5, 0.5, 0.5, 0.5, 0.5, 0.5, 0.5, 0.5, 0.5, 0.5, 0.5, 0.5, 0.5, 0.5, 0.5, 0.5, 0.5, 0.5, 0.5, 0.5, 0.5, 0.5, 0.5, 0.5, 0.5, 0.5, 0.5, 0.5, 0.5, 0.5, 0.5, 0.5, 0.5, 0.5, 0.5, 0.5, 0.5, 0.5, 0.5, 0.5, 0.5, 0.5, 0.5, 0.5, 0.5, 0.5, 0.5, 0.5, 0.5, 0.5, 0.5, 0.5, 0.5, 0.5, 0.5, 0.5, 0.5, 0.5, 0.5, 0.5, 0.5, 0.5, 0.5, 0.5, 0.5, 0.5, 0.5, 0.5, 0.5, 0.5, 0.5, 0.5, 0.5, 0.5, 0.5, 0.5, 0.5, 0.5, 0.5, 0.5, 0.5, 0.5, 0.5, 0.5, 0.5, 0.5, 0.5, 0.5, 0.5, 0.5, 0.5, 0.5, 0.5, 0.5, 0.5, 0.5, 0.5, 0.5, 0.5, 0.5, 0.5, 0.5, 0.5, 0.5, 0.5, 0.5, 0.5, 0.5, 0.5, 0.5, 0.5, 0.5, 0.5, 0.5, 0.5, 0.5, 0.5, 0.5, 0.5, 0.5, 0.5, 0.5, 0.5, 0.5, 0.5, 0.5, 0.5, 0.5, 0.5, 0.5, 0.5, 0.5, 0.5, 0.5, 0.5, 0.5, 0.5, 0.5, 0.5, 0.5, 0.5, 0.5, 0.5, 0.5, 0.5, 0.5, 0.5, 0.5, 0.5, 0.5, 0.5, 0.5, 0.5, 0.5, 0.5, 0.5, 0.5, 0.5, 0.5, 0.5, 0.5, 0.5, 0.5, 0.5, 0.5, 0.5, 0.5, 0.5, 0.5, 0.5, 0.5, 0.5, 0.5, 0.5, 0.5, 0.5, 0.5, 0.5, 0.5, 0.5, 0.5, 0.5, 0.5, 0.5, 0.5, 0.5, 0.5, 0.5, 0.5, 0.5, 0.5, 0.5, 0.5, 0.5, 0.5, 0.5, 0.5, 0.5, 0.5, 0.5, 0.5, 0.5, 0.5, 0.5, 0.5, 0.5, 0.5, 0.5, 0.5, 0.5, 0.5, 0.5, 0.5, 0.5, 0.5, 0.5, 0.5, 0.5, 0.5, 0.5, 0.5, 0.5, 0.5, 0.5, 0.5, 0.5, 0.5, 0.5, 0.5, 0.5, 0.5, 0.5, 0.5, 0.5, 0.5, 0.5, 0.5, 0.5, 0.5, 0.5, 0.5, 0.5, 0.5, 0.5, 0.5, 0.5, 0.5, 0.5, 0.5, 0.5, 0.5, 0.5, 0.5, 0.5, 0.5, 0.5, 0.5, 0.5, 0.5, 0.5, 0.5, 0.5, 0.5, 0.5, 0.5, 0.5, 0.5, 0.5, 0.5, 0.5, 0.5, 0.5, 0.5, 0.5, 0.5, 0.5, 0.5, 0.5, 0.5, 0.5, 0.5, 0.5, 0.5, 0.5, 0.5, 0.5, 0.5, 0.5, 0.5, 0.5, 0.5, 0.5, 0.5, 0.5, 0.5, 0.5, 0.5, 0.5, 0.5, 0.5, 0.5, 0.5, 0.5, 0.5, 0.5, 0.5, 0.5, 0.5, 0.5, 0.5, 0.5, 0.5, 0.5, 0.5, 0.5, 0.5, 0.5, 0.5, 0.5, 0.5, 0.5, 0.5, 0.5, 0.5, 0.5, 0.5, 0.5, 0.5, 0.5, 0.5, 0.5, 0.5, 0.5, 0.5, 0.5, 0.5, 0.5, 0.5, 0.5, 0.5, 0.5, 0.5, 0.5, 0.5, 0.5, 0.5, 0.5, 0.5, 0.5, 0.5, 0.5, 0.5, 0.5, 0.5, 0.5, 0.5, 0.5, 0.5, 0.5, 0.5, 0.5, 0.5, 0.5, 0.5, 0.5, 0.5, 0.5, 0.5, 0.5, 0.5, 0.5, 0.5, 0.5, 0.5, 0.5, 0.5, 0.5, 0.5, 0.5, 0.5, 0.5, 0.5, 0.5, 0.5, 0.5, 0.5, 0.5, 0.5, 0.5, 0.5, 0.5, 0.5, 0.5, 0.5, 0.5, 0.5, 0.5, 0.5, 0.5, 0.5, 0.5, 0.5, 0.5, 0.5, 0.5, 0.5, 0.5, 0.5, 0.5, 0.5, 0.5, 0.5, 0.5, 0.5, 0.5, 0.5, 0.5, 0.5, 0.5, 0.5, 0.5, 0.5, 0.5, 0.5, 0.5, 0.5, 0.5, 0.5, 0.5, 0.5, 0.5, 0.5, 0.5, 0.5, 0.5, 0.5, 0.5, 0.5, 0.5, 0.5, 0.5, 0.5, 0.5, 0.5, 0.5, 0.5, 0.5, 0.5, 0.5, 0.5, 0.5, 0.5, 0.5, 0.5, 0.5, 0.5, 0.5, 0.5, 0.5, 0.5, 0.5, 0.5, 0.5, 0.5, 0.5, 0.5, 0.5, 0.5, 0.5, 0.5, 0.5, 0.5, 0.5, 0.5, 0.5, 0.5, 0.5, 0.5, 0.5, 0.5, 0.5, 0.5, 0.5, 0.5, 0.5, 0.5, 0.5, 0.5, 0.5, 0.5, 0.5, 0.5, 0.5, 0.5, 0.5, 0.5, 0.5, 0.5, 0.5, 0.5, 0.5, 0.5, 0.5, 0.5, 0.5, 0.5, 0.5, 0.5, 0.5, 0.5, 0.5, 0.5, 0.5, 0.5, 0.5, 0.5, 0.5, 0.5, 0.5, 0.5, 0.5, 0.5, 0.5, 0.5, 0.5, 0.5, 0.5, 0.5, 0.5, 0.5, 0.5, 0.5, 0.5, 0.5, 0.5, 0.5, 0.5, 0.5, 0.5, 0.5, 0.5, 0.5, 0.5, 0.5, 0.5, 0.5, 0.5, 0.5, 0.5, 0.5, 0.5, 0.5, 0.5, 0.5, 0.5, 0.5, 0.5, 0.5, 0.5, 0.5, 0.5, 0.5, 0.5, 0.5, 0.5, 0.5, 0.5, 0.5, 0.5, 0.5, 0.5, 0.5, 0.5, 0.5, 0.5, 0.5, 0.5, 0.5, 0.5, 0.5, 0.5, 0.5, 0.5, 0.5, 0.5, 0.5, 0.5, 0.5, 0.5, 0.5, 0.5, 0.5, 0.5, 0.5, 0.5, 0.5, 0.5, 0.5, 0.5, 0.5, 0.5, 0.5, 0.5, 0.5, 0.5, 0.5, 0.5, 0.5, 0.5, 0.5, 0.5, 0.5, 0.5, 0.5, 0.5, 0.5, 0.5, 0.5, 0.5, 0.5, 0.5, 0.5, 0.5, 0.5, 0.5, 0.5, 0.5, 0.5, 0.5, 0.5, 0.5, 0.5, 0.5, 0.5, 0.5, 0.5, 0.5, 0.5, 0.5, 0.5, 0.5, 0.5, 0.5, 0.5, 0.5, 0.5, 0.5, 0.5, 0.5, 0.5, 0.5, 0.5, 0.5, 0.5, 0.5, 0.5, 0.5, 0.5, 0.5, 0.5, 0.5, 0.5, 0.5, 0.5, 0.5, 0.5, 0.5, 0.5, 0.5, 0.5, 0.5, 0.5, 0.5, 0.5, 0.5, 0.5, 0.5, 0.5, 0.5, 0.5, 0.5, 0.5, 0.5, 0.5, 0.5, 0.5, 0.5, 0.5, 0.5, 0.5, 0.5, 0.5, 0.5, 0.5, 0.5, 0.5, 0.5, 0.5, 0.5, 0.5, 0.5, 0.5, 0.5, 0.5, 0.5, 0.5, 0.5, 0.5, 0.5, 0.5, 0.5, 0.5, 0.5, 0.5, 0.5, 0.5, 0.5, 0.5, 0.5, 0.5, 0.5, 0.5, 0.5, 0.5, 0.5, 0.5, 0.5, 0.5, 0.5, 0.5, 0.5, 0.5, 0.5, 0.5, 0.5, 0.5, 0.5, 0.5, 0.5, 0.5, 0.5, 0.5, 0.5, 0.5, 0.5, 0.5, 0.5, 0.5, 0.5, 0.5, 0.5, 0.5, 0.5, 0.5, 0.5, 0.5, 0.5, 0.5, 0.5, 0.5, 0.5, 0.5, 0.5, 0.5, 0.5, 0.5, 0.5, 0.5, 0.5, 0.5, 0.5, 0.5, 0.5, 0.5, 0.5, 0.5, 0.5, 0.5, 0.5, 0.5, 0.5, 0.5, 0.5, 0.5, 0.5, 0.5, 0.5, 0.5, 0.5, 0.5, 0.5, 0.5, 0.5, 0.5, 0.5, 0.5, 0.5, 0.5, 0.5, 0.5, 0.5, 0.5, 0.5, 0.5, 0.5, 0.5, 0.5, 0.5, 0.5, 0.5, 0.5, 0.5, 0.5, 0.5, 0.5, 0.5, 0.5, 0.5, 0.5, 0.5, 0.5, 0.5, 0.5, 0.5, 0.5, 0.5, 0.5, 0.5, 0.5, 0.5, 0.5, 0.5, 0.5, 0.5, 0.5, 0.5, 0.5, 0.5, 0.5, 0.5, 0.5, 0.5, 0.5, 0.5, 0.5, 0.5, 0.5, 0.5, 0.5, 0.5, 0.5, 0.5, 0.5, 0.5, 0.5, 0.5, 0.5, 0.5, 0.5, 0.5, 0.5, 0.5, 0.5, 0.5, 0.5, 0.5, 0.5, 0.5, 0.5, 0.5, 0.5, 0.5, 0.5, 0.5, 0.5, 0.5, 0.5, 0.5, 0.5, 0.5, 0.5, 0.5, 0.5, 0.5, 0.5, 0.5, 0.5, 0.5, 0.5, 0.5, 0.5, 0.5, 0.5, 0.5, 0.5, 0.5, 0.5, 0.5, 0.5, 0.5, 0.5, 0.5, 0.5, 0.5, 0.5, 0.5, 0.5, 0.5, 0.5, 0.5, 0.5, 0.5, 0.5, 0.5, 0.5, 0.5, 0.5, 0.5, 0.5, 0.5, 0.5, 0.5, 0.5, 0.5, 0.5, 0.5, 0.5, 0.5, 0.5, 0.5, 0.5, 0.5, 0.5, 0.5, 0.5, 0.5, 0.5, 0.5, 0.5, 0.5, 0.5, 0.5, 0.5, 0.5, 0.5, 0.5, 0.5, 0.5, 0.5, 0.5, 0.5, 0.5, 0.5, 0.5, 0.5, 0.5, 0.5, 0.5, 0.5, 0.5, 0.5, 0.5, 0.5, 0.5, 0.5, 0.5, 0.5, 0.5, 0.5, 0.5, 0.5, 0.5, 0.5, 0.5, 0.5, 0.5, 0.5, 0.5, 0.5, 0.5, 0.5, 0.5, 0.5, 0.5, 0.5, 0.5, 0.5, 0.5, 0.5, 0.5, 0.5, 0.5, 0.5, 0.5, 0.5, 0.5, 0.5, 0.5, 0.5, 0.5, 0.5, 0.5, 0.5, 0.5, 0.5, 0.5, 0.5, 0.5, 0.5, 0.5, 0.5, 0.5, 0.5, 0.5, 0.5, 0.5, 0.5, 0.5, 0.5, 0.5, 0.5, 0.5, 0.5, 0.5, 0.5, 0.5, 0.5, 0.5, 0.5, 0.5, 0.5, 0.5, 0.5, 0.5, 0.5, 0.5, 0.5, 0.5, 0.5, 0.5, 0.5, 0.5, 0.5, 0.5, 0.5, 0.5, 0.5, 0.5, 0.5, 0.5, 0.5, 0.5, 0.5, 0.5, 0.5, 0.5, 0.5, 0.5, 0.5, 0.5, 0.5, 0.5, 0.5, 0.5, 0.5, 0.5, 0.5, 0.5, 0.5, 0.5, 0.5, 0.5, 0.5, 0.5, 0.5, 0.5, 0.5, 0.5, 0.5, 0.5, 0.5, 0.5, 0.5, 0.5, 0.5, 0.5, 0.5, 0.5, 0.5, 0.5, 0.5, 0.5, 0.5, 0.5, 0.5, 0.5, 0.5, 0.5, 0.5, 0.5, 0.5, 0.5, 0.5, 0.5, 0.5, 0.5, 0.5, 0.5, 0.5, 0.5, 0.5, 0.5, 0.5, 0.5, 0.5, 0.5, 0.5, 0.5, 0.5, 0.5, 0.5, 0.5, 0.5, 0.5, 0.5, 0.5, 0.5, 0.5, 0.5, 0.5, 0.5, 0.5, 0.5, 0.5, 0.5, 0.5, 0.5, 0.5, 0.5, 0.5, 0.5, 0.5, 0.5, 0.5, 0.5, 0.5, 0.5, 0.5, 0.5, 0.5, 0.5, 0.5, 0.5, 0.5, 0.5, 0.5, 0.5, 0.5, 0.5, 0.5, 0.5, 0.5, 0.5, 0.5, 0.5, 0.5, 0.5, 0.5, 0.5, 0.5, 0.5, 0.5, 0.5, 0.5, 0.5, 0.5, 0.5, 0.5, 0.5, 0.5, 0.5, 0.5, 0.5, 0.5, 0.5, 0.5, 0.5, 0.5, 0.5, 0.5, 0.5, 0.5, 0.5, 0.5, 0.5, 0.5, 0.5, 0.5, 0.5, 0.5, 0.5, 0.5, 0.5, 0.5, 0.5, 0.5, 0.5, 0.5, 0.5, 0.5, 0.5, 0.5, 0.5, 0.5, 0.5, 0.5, 0.5, 0.5, 0.5, 0.5, 0.5, 0.5, 0.5, 0.5, 0.5, 0.5, 0.5, 0.5, 0.5, 0.5, 0.5, 0.5, 0.5, 0.5, 0.5, 0.5, 0.5, 0.5, 0.5, 0.5, 0.5, 0.5, 0.5, 0.5, 0.5, 0.5, 0.5, 0.5, 0.5, 0.5, 0.5, 0.5, 0.5, 0.5, 0.5, 0.5, 0.5, 0.5, 0.5, 0.5, 0.5, 0.5, 0.5, 0.5, 0.5, 0.5, 0.5, 0.5, 0.5, 0.5, 0.5, 0.5, 0.5, 0.5, 0.5, 0.5, 0.5, 0.5, 0.5, 0.5, 0.5, 0.5, 0.5, 0.5, 0.5, 0.5, 0.5, 0.5, 0.5, 0.5, 0.5, 0.5, 0.5, 0.5, 0.5, 0.5, 0.5, 0.5, 0.5, 0.5, 0.5, 0.5, 0.5, 0.5, 0.5, 0.5, 0.5, 0.5, 0.5, 0.5, 0.5, 0.5, 0.5, 0.5, 0.5, 0.5, 0.5, 0.5, 0.5, 0.5, 0.5, 0.5, 0.5, 0.5, 0.5, 0.5, 0.5, 0.5, 0.5, 0.5, 0.5, 0.5, 0.5, 0.5, 0.5, 0.5, 0.5, 0.5, 0.5, 0.5, 0.5, 0.5, 0.5, 0.5, 0.5, 0.5, 0.5, 0.5, 0.5, 0.5, 0.5, 0.5, 0.5, 0.5, 0.5, 0.5, 0.5, 0.5, 0.5, 0.5, 0.5, 0.5, 0.5, 0.5, 0.5, 0.5, 0.5, 0.5, 0.5, 0.5, 0.5, 0.5, 0.5, 0.5, 0.5, 0.5, 0.5, 0.5, 0.5, 0.5, 0.5, 0.5, 0.5, 0.5, 0.5, 0.5, 0.5, 0.5, 0.5, 0.5, 0.5, 0.5, 0.5, 0.5, 0.5, 0.5, 0.5, 0.5, 0.5, 0.5, 0.5, 0.5, 0.5, 0.5, 0.5, 0.5, 0.5, 0.5, 0.5, 0.5, 0.5, 0.5, 0.5, 0.5, 0.5, 0.5, 0.5, 0.5, 0.5, 0.5, 0.5, 0.5, 0.5, 0.5, 0.5, 0.5, 0.5, 0.5, 0.5, 0.5, 0.5, 0.5, 0.5, 0.5, 0.5, 0.5, 0.5, 0.5, 0.5, 0.5, 0.5, 0.5, 0.5, 0.5, 0.5, 0.5, 0.5, 0.5, 0.5, 0.5, 0.5, 0.5, 0.5, 0.5, 0.5, 0.5, 0.5, 0.5, 0.5, 0.5, 0.5, 0.5, 0.5, 0.5, 0.5, 0.5, 0.5, 0.5, 0.5, 0.5, 0.5, 0.5, 0.5, 0.5, 0.5, 0.5, 0.5, 0.5, 0.5, 0.5, 0.5, 0.5, 0.5, 0.5, 0.5, 0.5, 0.5, 0.5, 0.5, 0.5, 0.5, 0.5, 0.5, 0.5, 0.5, 0.5, 0.5, 0.5, 0.5, 0.5, 0.5, 0.5, 0.5, 0.5, 0.5, 0.5, 0.5, 0.5, 0.5, 0.5, 0.5, 0.5, 0.5, 0.5, 0.5, 0.5, 0.5, 0.5, 0.5, 0.5, 0.5, 0.5, 0.5, 0.5, 0.5, 0.5, 0.5, 0.5, 0.5, 0.5, 0.5, 0.5, 0.5, 0.5, 0.5, 0.5, 0.5, 0.5, 0.5, 0.5, 0.5, 0.5, 0.5, 0.5, 0.5, 0.5, 0.5, 0.5, 0.5, 0.5, 0.5, 0.5, 0.5, 0.5, 0.5, 0.5, 0.5, 0.5, 0.5, 0.5, 0.5, 0.5, 0.5, 0.5, 0.5, 0.5, 0.5, 0.5, 0.5, 0.5, 0.5, 0.5, 0.5]",2
2026_11_KICE_38-42_4,['4(2)'],"1번: 학생2의 의견을 반영해, 웹툰 영상화의 흥행 실패에 관한 내용을 삭제하였다. + ""간혹 흥행에 실패한 경우도 있지만 이는 소수에 불과했다.""
2번: 학생2의 의견을 반영해, 웹툰 영상화 유행 현상에 대한 의의를 언급한 문장의 위치를 변경하였다. + ""웹툰 영상화 유행 현상은 우리 콘텐츠 산업을 풍요롭게 만든다.""
3번: 학생3의 의견을 반영해, 웹툰 영상화 유행 현상에 대한 자신의 입장을 제시하는 내용을 추가하였다. + ""웹툰 영상화 유행 현상은 우리 콘텐츠 산업을 풍요롭게 만들므로 긍정적으로 보아야 한다.""
4번: 학생3의 의견을 반영해, 영상업계의 노력에 관한 내용을 추가하였다. + ""질 좋은 웹툰 창작과 창의적 각색을 위한 노력이 필요하다.""
5번: 학생3의 의견을 반영해, 세계 속 한국 콘텐츠의 향후 위상에 대한 내용을 추가하였다. + ""앞으로도 작품성과 흥행성을 갖춘 웹툰 원작 영상이 계속 제작된다면 세계 속 한국 콘텐츠의 위상은 나날이 높아질 것이다.""

최종 정답: 4번","[16, 167, 110, 230, 25, 220, 47991, 247, 168, 225, 251, 17, 35975, 246, 23821, 251, 246, 166, 110, 105, 35975, 226, 31619, 108, 246, 168, 246, 223, 47991, 112, 11, 23821, 249, 117, 169, 230, 108, 23821, 246, 223, 168, 225, 223, 169, 247, 242, 35975, 246, 220, 169, 251, 98, 169, 244, 231, 23821, 233, 97, 169, 234, 101, 168, 245, 238, 220, 166, 112, 222, 47991, 250, 31619, 224, 112, 168, 248, 102, 35975, 226, 23821, 224, 255, 168, 254, 250, 47991, 246, 168, 246, 222, 46695, 97, 13, 1343, 366, 166, 108, 226, 169, 246, 117, 220, 169, 251, 98, 169, 244, 231, 168, 245, 238, 23821, 233, 97, 169, 234, 101, 47991, 250, 220, 166, 110, 121, 168, 248, 108, 167, 237, 226, 23821, 252, 230, 168, 100, 222, 167, 100, 234, 23821, 251, 112, 167, 232, 242, 23821, 228, 234, 168, 230, 246, 168, 245, 238, 31619, 114, 230, 166, 111, 120, 169, 244, 230, 46695, 97, 526, 198, 17, 167, 110, 230, 25, 220, 47991, 247, 168, 225, 251, 17, 35975, 246, 23821, 251, 246, 166, 110, 105, 35975, 226, 31619, 108, 246, 168, 246, 223, 47991, 112, 11, 23821, 249, 117, 169, 230, 108, 23821, 246, 223, 168, 225, 223, 169, 247, 242, 23821, 250, 254, 169, 244, 231, 220, 169, 246, 226, 168, 225, 223, 168, 245, 238, 31619, 234, 222, 47991, 250, 23821, 251, 246, 35975, 246, 167, 98, 120, 23821, 244, 116, 166, 116, 231, 47991, 250, 31619, 105, 116, 168, 252, 98, 35975, 246, 23821, 250, 226, 168, 117, 246, 167, 98, 120, 31619, 111, 222, 166, 110, 121, 47991, 246, 168, 246, 222, 46695, 97, 13, 1343, 366, 168, 249, 117, 169, 230, 108, 23821, 246, 223, 168, 225, 223, 169, 247, 242, 23821, 250, 254, 169, 244, 231, 220, 169, 246, 226, 168, 225, 223, 35975, 222, 23821, 248, 108, 167, 99, 105, 23821, 121, 246, 169, 227, 238, 168, 116, 254, 23821, 224, 108, 168, 245, 227, 35975, 226, 220, 169, 240, 235, 168, 248, 242, 167, 94, 255, 166, 110, 234, 31619, 100, 234, 167, 241, 254, 46695, 97, 526, 198, 18, 167, 110, 230, 25, 220, 47991, 247, 168, 225, 251, 18, 35975, 246, 23821, 251, 246, 166, 110, 105, 35975, 226, 31619, 108, 246, 168, 246, 223, 47991, 112, 11, 23821, 249, 117, 169, 230, 108, 23821, 246, 223, 168, 225, 223, 169, 247, 242, 23821, 250, 254, 169, 244, 231, 220, 169, 246, 226, 168, 225, 223, 168, 245, 238, 31619, 234, 222, 47991, 250, 23821, 252, 238, 168, 233, 254, 35975, 246, 23821, 252, 227, 168, 252, 98, 35975, 226, 23821, 254, 250, 168, 233, 250, 47991, 246, 167, 232, 242, 31619, 224, 112, 168, 248, 102, 35975, 226, 23821, 114, 242, 166, 108, 222, 47991, 246, 168, 246, 222, 46695, 97, 13, 1343, 366, 168, 249, 117, 169, 230, 108, 23821, 246, 223, 168, 225, 223, 169, 247, 242, 23821, 250, 254, 169, 244, 231, 220, 169, 246, 226, 168, 225, 223, 35975, 222, 23821, 248, 108, 167, 99, 105, 23821, 121, 246, 169, 227, 238, 168, 116, 254, 23821, 224, 108, 168, 245, 227, 35975, 226, 220, 169, 240, 235, 168, 248, 242, 167, 94, 255, 166, 110, 234, 31619, 100, 234, 167, 241, 97, 167, 107, 222, 167, 94, 250, 220, 166, 116, 235, 168, 254, 243, 168, 254, 223, 168, 250, 120, 167, 94, 250, 31619, 111, 112, 168, 243, 226, 168, 243, 120, 220, 47991, 250, 46695, 97, 526, 198, 19, 167, 110, 230, 25, 220, 47991, 247, 168, 225, 251, 18, 35975, 246, 23821, 251, 246, 166, 110, 105, 35975, 226, 31619, 108, 246, 168, 246, 223, 47991, 112, 11, 23821, 246, 223, 168, 225, 223, 168, 245, 227, 166, 111, 226, 35975, 246, 31619, 227, 116, 167, 254, 98, 168, 245, 238, 220, 166, 112, 222, 47991, 250, 31619, 224, 112, 168, 248, 102, 35975, 226, 23821, 114, 242, 166, 108, 222, 47991, 246, 168, 246, 222, 46695, 97, 13, 1343, 366, 168, 100, 230, 23821, 95, 233, 35975, 222, 23821, 249, 117, 169, 230, 108, 23821, 108, 121, 168, 252, 239, 166, 111, 120, 23821, 108, 121, 35975, 246, 168, 254, 223, 220, 166, 108, 223, 168, 225, 231, 35975, 226, 23821, 250, 226, 47991, 250, 31619, 227, 116, 167, 254, 98, 35975, 112, 220, 47991, 226, 168, 248, 242, 47991, 246, 46695, 97, 526, 198, 20, 167, 110, 230, 25, 220, 47991, 247, 168, 225, 251, 18, 35975, 246, 23821, 251, 246, 166, 110, 105, 35975, 226, 31619, 108, 246, 168, 246, 223, 47991, 112, 11, 23821, 226, 116, 166, 111, 226, 23821, 228, 235, 220, 47991, 250, 166, 113, 255, 23821, 121, 246, 169, 227, 238, 168, 116, 254, 35975, 246, 220, 169, 244, 98, 169, 249, 226, 23821, 250, 226, 168, 225, 223, 168, 245, 238, 31619, 234, 222, 47991, 250, 31619, 224, 112, 168, 248, 102, 35975, 226, 23821, 114, 242, 166, 108, 222, 47991, 246, 168, 246, 222, 46695, 97, 13, 1343, 366, 168, 243, 252, 168, 250, 120, 167, 94, 250, 167, 237, 226, 23821, 252, 239, 169, 240, 230, 168, 226, 109, 166, 111, 120, 220, 169, 251, 98, 169, 244, 231, 168, 226, 109, 35975, 226, 220, 166, 108, 244, 168, 114, 246, 23821, 249, 117, 169, 230, 108, 23821, 249, 238, 168, 252, 239, 23821, 246, 223, 168, 225, 223, 35975, 112, 220, 166, 111, 226, 168, 228, 235, 23821, 254, 250, 168, 252, 239, 167, 238, 250, 46695, 97, 167, 102, 112, 23821, 226, 116, 166, 111, 226, 23821, 228, 235, 220, 47991, 250, 166, 113, 255, 23821, 121, 246, 169, 227, 238, 168, 116, 254, 35975, 246, 23821, 250, 226, 168, 225, 223, 35975, 222, 31619, 224, 246, 167, 224, 254, 35975, 112, 31619, 10253, 168, 243, 226, 168, 100, 230, 220, 166, 110, 225, 35975, 112, 46695, 97, 526, 198, 198, 168, 113, 250, 168, 95, 227, 23821, 254, 243, 46695, 113, 25, 604, 167, 110, 230]","[0.5, 0.5, 0.5, 0.5, 0.5, 0.5, 0.5, 0.5, 0.5, 0.5, 0.5, 0.5, 0.5, 0.5, 0.5, 0.5, 0.5, 0.5, 0.5, 0.5, 0.5, 0.5, 0.5, 0.5, 0.5, 0.5, 0.5, 0.5, 0.5, 0.5, 0.5, 0.5, 0.5, 0.5, 0.5, 0.5, 0.5, 0.5, 0.5, 0.5, 0.5, 0.5, 0.5, 0.5, 0.5, 0.5, 0.5, 0.5, 0.5, 0.5, 0.5, 0.5, 0.5, 0.5, 0.5, 0.5, 0.5, 0.5, 0.5, 0.5, 0.5, 0.5, 0.5, 0.5, 0.5, 0.5, 0.5, 0.5, 0.5, 0.5, 0.5, 0.5, 0.5, 0.5, 0.5, 0.5, 0.5, 0.5, 0.5, 0.5, 0.5, 0.5, 0.5, 0.5, 0.5, 0.5, 0.5, 0.5, 0.5, 0.5, 0.5, 0.5, 0.5, 0.5, 0.5, 0.5, 0.5, 0.5, 0.5, 0.5, 0.5, 0.5, 0.5, 0.5, 0.5, 0.5, 0.5, 0.5, 0.5, 0.5, 0.5, 0.5, 0.5, 0.5, 0.5, 0.5, 0.5, 0.5, 0.5, 0.5, 0.5, 0.5, 0.5, 0.5, 0.5, 0.5, 0.5, 0.5, 0.5, 0.5, 0.5, 0.5, 0.5, 0.5, 0.5, 0.5, 0.5, 0.5, 0.5, 0.5, 0.5, 0.5, 0.5, 0.5, 0.5, 0.5, 0.5, 0.5, 0.5, 0.5, 0.5, 0.5, 0.5, 0.5, 0.5, 0.5, 0.5, 0.5, 0.5, 0.5, 0.5, 0.5, 0.5, 0.5, 0.5, 0.5, 0.5, 0.5, 0.5, 0.5, 0.5, 0.5, 0.5, 0.5, 0.5, 0.5, 0.5, 0.5, 0.5, 0.5, 0.5, 0.5, 0.5, 0.5, 0.5, 0.5, 0.5, 0.5, 0.5, 0.5, 0.5, 0.5, 0.5, 0.5, 0.5, 0.5, 0.5, 0.5, 0.5, 0.5, 0.5, 0.5, 0.5, 0.5, 0.5, 0.5, 0.5, 0.5, 0.5, 0.5, 0.5, 0.5, 0.5, 0.5, 0.5, 0.5, 0.5, 0.5, 0.5, 0.5, 0.5, 0.5, 0.5, 0.5, 0.5, 0.5, 0.5, 0.5, 0.5, 0.5, 0.5, 0.5, 0.5, 0.5, 0.5, 0.5, 0.5, 0.5, 0.5, 0.5, 0.5, 0.5, 0.5, 0.5, 0.5, 0.5, 0.5, 0.5, 0.5, 0.5, 0.5, 0.5, 0.5, 0.5, 0.5, 0.5, 0.5, 0.5, 0.5, 0.5, 0.5, 0.5, 0.5, 0.5, 0.5, 0.5, 0.5, 0.5, 0.5, 0.5, 0.5, 0.5, 0.5, 0.5, 0.5, 0.5, 0.5, 0.5, 0.5, 0.5, 0.5, 0.5, 0.5, 0.5, 0.5, 0.5, 0.5, 0.5, 0.5, 0.5, 0.5, 0.5, 0.5, 0.5, 0.5, 0.5, 0.5, 0.5, 0.5, 0.5, 0.5, 0.5, 0.5, 0.5, 0.5, 0.5, 0.5, 0.5, 0.5, 0.5, 0.5, 0.5, 0.5, 0.5, 0.5, 0.5, 0.5, 0.5, 0.5, 0.5, 0.5, 0.5, 0.5, 0.5, 0.5, 0.5, 0.5, 0.5, 0.5, 0.5, 0.5, 0.5, 0.5, 0.5, 0.5, 0.5, 0.5, 0.5, 0.5, 0.5, 0.5, 0.5, 0.5, 0.5, 0.5, 0.5, 0.5, 0.5, 0.5, 0.5, 0.5, 0.5, 0.5, 0.5, 0.5, 0.5, 0.5, 0.5, 0.5, 0.5, 0.5, 0.5, 0.5, 0.5, 0.5, 0.5, 0.5, 0.5, 0.5, 0.5, 0.5, 0.5, 0.5, 0.5, 0.5, 0.5, 0.5, 0.5, 0.5, 0.5, 0.5, 0.5, 0.5, 0.5, 0.5, 0.5, 0.5, 0.5, 0.5, 0.5, 0.5, 0.5, 0.5, 0.5, 0.5, 0.5, 0.5, 0.5, 0.5, 0.5, 0.5, 0.5, 0.5, 0.5, 0.5, 0.5, 0.5, 0.5, 0.5, 0.5, 0.5, 0.5, 0.5, 0.5, 0.5, 0.5, 0.5, 0.5, 0.5, 0.5, 0.5, 0.5, 0.5, 0.5, 0.5, 0.5, 0.5, 0.5, 0.5, 0.5, 0.5, 0.5, 0.5, 0.5, 0.5, 0.5, 0.5, 0.5, 0.5, 0.5, 0.5, 0.5, 0.5, 0.5, 0.5, 0.5, 0.5, 0.5, 0.5, 0.5, 0.5, 0.5, 0.5, 0.5, 0.5, 0.5, 0.5, 0.5, 0.5, 0.5, 0.5, 0.5, 0.5, 0.5, 0.5, 0.5, 0.5, 0.5, 0.5, 0.5, 0.5, 0.5, 0.5, 0.5, 0.5, 0.5, 0.5, 0.5, 0.5, 0.5, 0.5, 0.5, 0.5, 0.5, 0.5, 0.5, 0.5, 0.5, 0.5, 0.5, 0.5, 0.5, 0.5, 0.5, 0.5, 0.5, 0.5, 0.5, 0.5, 0.5, 0.5, 0.5, 0.5, 0.5, 0.5, 0.5, 0.5, 0.5, 0.5, 0.5, 0.5, 0.5, 0.5, 0.5, 0.5, 0.5, 0.5, 0.5, 0.5, 0.5, 0.5, 0.5, 0.5, 0.5, 0.5, 0.5, 0.5, 0.5, 0.5, 0.5, 0.5, 0.5, 0.5, 0.5, 0.5, 0.5, 0.5, 0.5, 0.5, 0.5, 0.5, 0.5, 0.5, 0.5, 0.5, 0.5, 0.5, 0.5, 0.5, 0.5, 0.5, 0.5, 0.5, 0.5, 0.5, 0.5, 0.5, 0.5, 0.5, 0.5, 0.5, 0.5, 0.5, 0.5, 0.5, 0.5, 0.5, 0.5, 0.5, 0.5, 0.5, 0.5, 0.5, 0.5, 0.5, 0.5, 0.5, 0.5, 0.5, 0.5, 0.5, 0.5, 0.5, 0.5, 0.5, 0.5, 0.5, 0.5, 0.5, 0.5, 0.5, 0.5, 0.5, 0.5, 0.5, 0.5, 0.5, 0.5, 0.5, 0.5, 0.5, 0.5, 0.5, 0.5, 0.5, 0.5, 0.5, 0.5, 0.5, 0.5, 0.5, 0.5, 0.5, 0.5, 0.5, 0.5, 0.5, 0.5, 0.5, 0.5, 0.5, 0.5, 0.5, 0.5, 0.5, 0.5, 0.5, 0.5, 0.5, 0.5, 0.5, 0.5, 0.5, 0.5, 0.5, 0.5, 0.5, 0.5, 0.5, 0.5, 0.5, 0.5, 0.5, 0.5, 0.5, 0.5, 0.5, 0.5, 0.5, 0.5, 0.5, 0.5, 0.5, 0.5, 0.5, 0.5, 0.5, 0.5, 0.5, 0.5, 0.5, 0.5, 0.5, 0.5, 0.5, 0.5, 0.5, 0.5, 0.5, 0.5, 0.5, 0.5, 0.5, 0.5, 0.5, 0.5, 0.5, 0.5, 0.5, 0.5, 0.5, 0.5, 0.5, 0.5, 0.5, 0.5, 0.5, 0.5, 0.5, 0.5, 0.5, 0.5, 0.5, 0.5, 0.5, 0.5, 0.5, 0.5, 0.5, 0.5, 0.5, 0.5, 0.5, 0.5, 0.5, 0.5, 0.5, 0.5, 0.5, 0.5, 0.5, 0.5, 0.5, 0.5, 0.5, 0.5, 0.5, 0.5, 0.5, 0.5, 0.5, 0.5, 0.5, 0.5, 0.5, 0.5, 0.5, 0.5, 0.5, 0.5, 0.5, 0.5, 0.5, 0.5, 0.5, 0.5, 0.5, 0.5, 0.5, 0.5, 0.5, 0.5, 0.5, 0.5, 0.5, 0.5, 0.5, 0.5, 0.5, 0.5, 0.5, 0.5, 0.5, 0.5, 0.5, 0.5, 0.5, 0.5, 0.5, 0.5, 0.5, 0.5, 0.5, 0.5, 0.5, 0.5, 0.5, 0.5, 0.5, 0.5, 0.5, 0.5, 0.5, 0.5, 0.5, 0.5, 0.5, 0.5, 0.5, 0.5, 0.5, 0.5, 0.5, 0.5, 0.5, 0.5, 0.5, 0.5, 0.5, 0.5, 0.5, 0.5, 0.5, 0.5, 0.5, 0.5, 0.5, 0.5, 0.5, 0.5, 0.5, 0.5, 0.5, 0.5, 0.5, 0.5, 0.5, 0.5, 0.5, 0.5, 0.5, 0.5, 0.5, 0.5, 0.5, 0.5, 0.5, 0.5, 0.5, 0.5, 0.5, 0.5, 0.5, 0.5, 0.5, 0.5, 0.5, 0.5, 0.5, 0.5, 0.5, 0.5, 0.5, 0.5, 0.5, 0.5, 0.5, 0.5, 0.5, 0.5, 0.5, 0.5, 0.5, 0.5, 0.5, 0.5, 0.5, 0.5, 0.5, 0.5, 0.5, 0.5, 0.5, 0.5, 0.5, 0.5, 0.5, 0.5, 0.5, 0.5, 0.5, 0.5, 0.5, 0.5, 0.5, 0.5, 0.5, 0.5, 0.5, 0.5, 0.5, 0.5, 0.5, 0.5, 0.5, 0.5, 0.5, 0.5, 0.5, 0.5, 0.5, 0.5, 0.5, 0.5, 0.5, 0.5, 0.5, 0.5, 0.5, 0.5, 0.5, 0.5, 0.5, 0.5, 0.5, 0.5, 0.5, 0.5, 0.5, 0.5, 0.5, 0.5, 0.5, 0.5, 0.5, 0.5, 0.5, 0.5, 0.5, 0.5, 0.5, 0.5, 0.5, 0.5, 0.5, 0.5, 0.5, 0.5, 0.5, 0.5, 0.5, 0.5, 0.5, 0.5, 0.5, 0.5, 0.5, 0.5, 0.5, 0.5, 0.5, 0.5, 0.5, 0.5, 0.5, 0.5, 0.5, 0.5, 0.5, 0.5, 0.5, 0.5, 0.5, 0.5, 0.5, 0.5, 0.5, 0.5, 0.5, 0.5, 0.5, 0.5, 0.5, 0.5, 0.5, 0.5, 0.5, 0.5, 0.5, 0.5, 0.5, 0.5, 0.5, 0.5, 0.5, 0.5, 0.5, 0.5, 0.5, 0.5, 0.5, 0.5, 0.5, 0.5, 0.5, 0.5, 0.5, 0.5, 0.5, 0.5, 0.5, 0.5, 0.5, 0.5, 0.5, 0.5, 0.5, 0.5, 0.5, 0.5, 0.5, 0.5, 0.5, 0.5, 0.5, 0.5, 0.5]",2
2026_11_KICE_43-45_0,['3(2)'],"1번: 이 선택지는 완벽주의적 자기 제시 성향이 고착화될 수 있는 상황을 설명하고 있지만, 주어진 지문에서는 이러한 내용을 명시적으로 다루고 있지 않다. ""(지문 속 근거가 된 문장)""
2번: 이 선택지는 신체 활동의 중요성을 강조하고 있지만, 주어진 지문에서는 완벽주의적 자기 제시 성향으로 인해 겪을 수 있는 정서적 어려움을 명시하고, 이를 완화하는 데 도움이 되는 태도를 제시하는 것을 강조하고 있다. ""(지문 속 근거가 된 문장)""
3번: 이 선택지는 완벽주의적 자기 제시 성향으로 인해 겪을 수 있는 정서적 어려움을 명시하고, 이를 완화하는 데 도움이 되는 태도인 자기 자신을 있는 그대로 받아들이는 것을 제시하고 있다. ""(지문 속 근거가 된 문장)""
4번: 이 선택지는 인지적 유연성의 중요성을 강조하고 있지만, 주어진 지문에서는 완벽주의적 자기 제시 성향으로 인해 겪을 수 있는 정서적 어려움을 명시하고, 이를 완화하는 데 도움이 되는 태도를 제시하는 것을 강조하고 있다. ""(지문 속 근거가 된 문장)""
5번: 이 선택지는 사회적 지지 추구 행동의 중요성을 강조하고 있지만, 주어진 지문에서는 완벽주의적 자기 제시 성향으로 인해 겪을 수 있는 정서적 어려움을 명시하고, 이를 완화하는 데 도움이 되는 태도를 제시하는 것을 강조하고 있다. ""(지문 속 근거가 된 문장)""
최종 정답: 3번","[16, 167, 110, 230, 25, 23821, 251, 112, 23821, 226, 254, 169, 225, 251, 168, 100, 222, 167, 232, 242, 23821, 247, 226, 167, 110, 121, 168, 96, 120, 35975, 246, 168, 254, 223, 23821, 252, 238, 166, 116, 108, 23821, 254, 250, 168, 233, 250, 23821, 226, 109, 169, 244, 98, 35975, 112, 220, 166, 111, 254, 168, 108, 102, 169, 247, 242, 167, 238, 254, 23821, 230, 246, 23821, 252, 230, 167, 232, 242, 23821, 225, 223, 169, 247, 102, 35975, 226, 23821, 226, 97, 167, 103, 227, 47991, 246, 166, 111, 254, 23821, 252, 230, 168, 100, 222, 167, 100, 234, 11, 23821, 96, 120, 168, 244, 112, 168, 100, 226, 23821, 100, 222, 167, 105, 116, 168, 245, 238, 168, 226, 250, 167, 232, 242, 23821, 251, 112, 167, 253, 105, 47991, 250, 31619, 224, 112, 168, 248, 102, 35975, 226, 31619, 103, 227, 168, 233, 250, 168, 254, 223, 168, 250, 120, 167, 94, 250, 31619, 233, 97, 167, 96, 101, 166, 111, 254, 23821, 252, 230, 168, 100, 222, 23821, 243, 232, 46695, 97, 13, 30629, 168, 100, 222, 167, 105, 116, 23821, 228, 235, 220, 166, 115, 120, 166, 109, 108, 166, 108, 222, 31619, 238, 250, 31619, 105, 116, 168, 252, 98, 16725, 198, 17, 167, 110, 230, 25, 23821, 251, 112, 23821, 226, 254, 169, 225, 251, 168, 100, 222, 167, 232, 242, 23821, 233, 254, 168, 110, 112, 220, 169, 247, 250, 167, 237, 247, 35975, 246, 23821, 97, 239, 168, 248, 242, 168, 226, 109, 35975, 226, 220, 166, 108, 243, 168, 94, 108, 47991, 246, 166, 111, 254, 23821, 252, 230, 168, 100, 222, 167, 100, 234, 11, 23821, 96, 120, 168, 244, 112, 168, 100, 226, 23821, 100, 222, 167, 105, 116, 168, 245, 238, 168, 226, 250, 167, 232, 242, 23821, 247, 226, 167, 110, 121, 168, 96, 120, 35975, 246, 168, 254, 223, 23821, 252, 238, 166, 116, 108, 23821, 254, 250, 168, 233, 250, 23821, 226, 109, 169, 244, 98, 168, 250, 120, 167, 94, 250, 23821, 251, 116, 47991, 112, 220, 166, 110, 103, 35975, 226, 23821, 230, 246, 23821, 252, 230, 167, 232, 242, 23821, 254, 243, 168, 226, 250, 168, 254, 223, 23821, 244, 112, 167, 254, 97, 168, 249, 222, 35975, 226, 31619, 103, 227, 168, 233, 250, 47991, 246, 166, 111, 254, 11, 23821, 251, 112, 167, 98, 120, 23821, 247, 226, 169, 247, 242, 47991, 246, 167, 232, 242, 31619, 235, 108, 31619, 237, 226, 168, 249, 222, 35975, 112, 31619, 238, 246, 167, 232, 242, 220, 169, 225, 250, 167, 237, 226, 167, 98, 120, 23821, 254, 250, 168, 233, 250, 47991, 246, 167, 232, 242, 220, 166, 110, 225, 35975, 226, 220, 166, 108, 243, 168, 94, 108, 47991, 246, 166, 111, 254, 23821, 252, 230, 46695, 97, 13, 30629, 168, 100, 222, 167, 105, 116, 23821, 228, 235, 220, 166, 115, 120, 166, 109, 108, 166, 108, 222, 31619, 238, 250, 31619, 105, 116, 168, 252, 98, 16725, 198, 18, 167, 110, 230, 25, 23821, 251, 112, 23821, 226, 254, 169, 225, 251, 168, 100, 222, 167, 232, 242, 23821, 247, 226, 167, 110, 121, 168, 96, 120, 35975, 246, 168, 254, 223, 23821, 252, 238, 166, 116, 108, 23821, 254, 250, 168, 233, 250, 23821, 226, 109, 169, 244, 98, 168, 250, 120, 167, 94, 250, 23821, 251, 116, 47991, 112, 220, 166, 110, 103, 35975, 226, 23821, 230, 246, 23821, 252, 230, 167, 232, 242, 23821, 254, 243, 168, 226, 250, 168, 254, 223, 23821, 244, 112, 167, 254, 97, 168, 249, 222, 35975, 226, 31619, 103, 227, 168, 233, 250, 47991, 246, 166, 111, 254, 11, 23821, 251, 112, 167, 98, 120, 23821, 247, 226, 169, 247, 242, 47991, 246, 167, 232, 242, 31619, 235, 108, 31619, 237, 226, 168, 249, 222, 35975, 112, 31619, 238, 246, 167, 232, 242, 220, 169, 225, 250, 167, 237, 226, 35975, 116, 23821, 252, 238, 166, 116, 108, 23821, 252, 238, 168, 233, 254, 35975, 226, 23821, 252, 230, 167, 232, 242, 220, 166, 115, 116, 167, 234, 222, 167, 94, 250, 31619, 108, 249, 168, 243, 226, 167, 241, 97, 35975, 112, 167, 232, 242, 220, 166, 110, 225, 35975, 226, 23821, 254, 250, 168, 233, 250, 47991, 246, 166, 111, 254, 23821, 252, 230, 46695, 97, 13, 30629, 168, 100, 222, 167, 105, 116, 23821, 228, 235, 220, 166, 115, 120, 166, 109, 108, 166, 108, 222, 31619, 238, 250, 31619, 105, 116, 168, 252, 98, 16725, 198, 19, 167, 110, 230, 25, 23821, 251, 112, 23821, 226, 254, 169, 225, 251, 168, 100, 222, 167, 232, 242, 23821, 251, 116, 168, 100, 222, 168, 254, 223, 23821, 250, 254, 168, 245, 108, 168, 226, 109, 35975, 246, 23821, 97, 239, 168, 248, 242, 168, 226, 109, 35975, 226, 220, 166, 108, 243, 168, 94, 108, 47991, 246, 166, 111, 254, 23821, 252, 230, 168, 100, 222, 167, 100, 234, 11, 23821, 96, 120, 168, 244, 112, 168, 100, 226, 23821, 100, 222, 167, 105, 116, 168, 245, 238, 168, 226, 250, 167, 232, 242, 23821, 247, 226, 167, 110, 121, 168, 96, 120, 35975, 246, 168, 254, 223, 23821, 252, 238, 166, 116, 108, 23821, 254, 250, 168, 233, 250, 23821, 226, 109, 169, 244, 98, 168, 250, 120, 167, 94, 250, 23821, 251, 116, 47991, 112, 220, 166, 110, 103, 35975, 226, 23821, 230, 246, 23821, 252, 230, 167, 232, 242, 23821, 254, 243, 168, 226, 250, 168, 254, 223, 23821, 244, 112, 167, 254, 97, 168, 249, 222, 35975, 226, 31619, 103, 227, 168, 233, 250, 47991, 246, 166, 111, 254, 11, 23821, 251, 112, 167, 98, 120, 23821, 247, 226, 169, 247, 242, 47991, 246, 167, 232, 242, 31619, 235, 108, 31619, 237, 226, 168, 249, 222, 35975, 112, 31619, 238, 246, 167, 232, 242, 220, 169, 225, 250, 167, 237, 226, 167, 98, 120, 23821, 254, 250, 168, 233, 250, 47991, 246, 167, 232, 242, 220, 166, 110, 225, 35975, 226, 220, 166, 108, 243, 168, 94, 108, 47991, 246, 166, 111, 254, 23821, 252, 230, 46695, 97, 13, 30629, 168, 100, 222, 167, 105, 116, 23821, 228, 235, 220, 166, 115, 120, 166, 109, 108, 166, 108, 222, 31619, 238, 250, 31619, 105, 116, 168, 252, 98, 16725, 198, 20, 167, 110, 230, 25, 23821, 251, 112, 23821, 226, 254, 169, 225, 251, 168, 100, 222, 167, 232, 242, 23821, 8955, 169, 248, 234, 168, 254, 223, 23821, 100, 222, 168, 100, 222, 23821, 114, 242, 166, 113, 105, 220, 169, 244, 231, 167, 237, 247, 35975, 246, 23821, 97, 239, 168, 248, 242, 168, 226, 109, 35975, 226, 220, 166, 108, 243, 168, 94, 108, 47991, 246, 166, 111, 254, 23821, 252, 230, 168, 100, 222, 167, 100, 234, 11, 23821, 96, 120, 168, 244, 112, 168, 100, 226, 23821, 100, 222, 167, 105, 116, 168, 245, 238, 168, 226, 250, 167, 232, 242, 23821, 247, 226, 167, 110, 121, 168, 96, 120, 35975, 246, 168, 254, 223, 23821, 252, 238, 166, 116, 108, 23821, 254, 250, 168, 233, 250, 23821, 226, 109, 169, 244, 98, 168, 250, 120, 167, 94, 250, 23821, 251, 116, 47991, 112, 220, 166, 110, 103, 35975, 226, 23821, 230, 246, 23821, 252, 230, 167, 232, 242, 23821, 254, 243, 168, 226, 250, 168, 254, 223, 23821, 244, 112, 167, 254, 97, 168, 249, 222, 35975, 226, 31619, 103, 227, 168, 233, 250, 47991, 246, 166, 111, 254, 11, 23821, 251, 112, 167, 98, 120, 23821, 247, 226, 169, 247, 242, 47991, 246, 167, 232, 242, 31619, 235, 108, 31619, 237, 226, 168, 249, 222, 35975, 112, 31619, 238, 246, 167, 232, 242, 220, 169, 225, 250, 167, 237, 226, 167, 98, 120, 23821, 254, 250, 168, 233, 250, 47991, 246, 167, 232, 242, 220, 166, 110, 225, 35975, 226, 220, 166, 108, 243, 168, 94, 108, 47991, 246, 166, 111, 254, 23821, 252, 230, 46695, 97, 13, 30629, 168, 100, 222, 167, 105, 116, 23821, 228, 235, 220, 166, 115, 120, 166, 109, 108, 166, 108, 222, 31619, 238, 250, 31619, 105, 116, 168, 252, 98, 16725, 198, 168, 113, 250, 168, 95, 227, 23821, 254, 243, 46695, 113, 25, 513, 167, 110, 230]","[0.5, 0.5, 0.5, 0.5, 0.5, 0.5, 0.5, 0.5, 0.5, 0.5, 0.5, 0.5, 0.5, 0.5, 0.5, 0.5, 0.5, 0.5, 0.5, 0.5, 0.5, 0.5, 0.5, 0.5, 0.5, 0.5, 0.5, 0.5, 0.5, 0.5, 0.5, 0.5, 0.5, 0.5, 0.5, 0.5, 0.5, 0.5, 0.5, 0.5, 0.5, 0.5, 0.5, 0.5, 0.5, 0.5, 0.5, 0.5, 0.5, 0.5, 0.5, 0.5, 0.5, 0.5, 0.5, 0.5, 0.5, 0.5, 0.5, 0.5, 0.5, 0.5, 0.5, 0.5, 0.5, 0.5, 0.5, 0.5, 0.5, 0.5, 0.5, 0.5, 0.5, 0.5, 0.5, 0.5, 0.5, 0.5, 0.5, 0.5, 0.5, 0.5, 0.5, 0.5, 0.5, 0.5, 0.5, 0.5, 0.5, 0.5, 0.5, 0.5, 0.5, 0.5, 0.5, 0.5, 0.5, 0.5, 0.5, 0.5, 0.5, 0.5, 0.5, 0.5, 0.5, 0.5, 0.5, 0.5, 0.5, 0.5, 0.5, 0.5, 0.5, 0.5, 0.5, 0.5, 0.5, 0.5, 0.5, 0.5, 0.5, 0.5, 0.5, 0.5, 0.5, 0.5, 0.5, 0.5, 0.5, 0.5, 0.5, 0.5, 0.5, 0.5, 0.5, 0.5, 0.5, 0.5, 0.5, 0.5, 0.5, 0.5, 0.5, 0.5, 0.5, 0.5, 0.5, 0.5, 0.5, 0.5, 0.5, 0.5, 0.5, 0.5, 0.5, 0.5, 0.5, 0.5, 0.5, 0.5, 0.5, 0.5, 0.5, 0.5, 0.5, 0.5, 0.5, 0.5, 0.5, 0.5, 0.5, 0.5, 0.5, 0.5, 0.5, 0.5, 0.5, 0.5, 0.5, 0.5, 0.5, 0.5, 0.5, 0.5, 0.5, 0.5, 0.5, 0.5, 0.5, 0.5, 0.5, 0.5, 0.5, 0.5, 0.5, 0.5, 0.5, 0.5, 0.5, 0.5, 0.5, 0.5, 0.5, 0.5, 0.5, 0.5, 0.5, 0.5, 0.5, 0.5, 0.5, 0.5, 0.5, 0.5, 0.5, 0.5, 0.5, 0.5, 0.5, 0.5, 0.5, 0.5, 0.5, 0.5, 0.5, 0.5, 0.5, 0.5, 0.5, 0.5, 0.5, 0.5, 0.5, 0.5, 0.5, 0.5, 0.5, 0.5, 0.5, 0.5, 0.5, 0.5, 0.5, 0.5, 0.5, 0.5, 0.5, 0.5, 0.5, 0.5, 0.5, 0.5, 0.5, 0.5, 0.5, 0.5, 0.5, 0.5, 0.5, 0.5, 0.5, 0.5, 0.5, 0.5, 0.5, 0.5, 0.5, 0.5, 0.5, 0.5, 0.5, 0.5, 0.5, 0.5, 0.5, 0.5, 0.5, 0.5, 0.5, 0.5, 0.5, 0.5, 0.5, 0.5, 0.5, 0.5, 0.5, 0.5, 0.5, 0.5, 0.5, 0.5, 0.5, 0.5, 0.5, 0.5, 0.5, 0.5, 0.5, 0.5, 0.5, 0.5, 0.5, 0.5, 0.5, 0.5, 0.5, 0.5, 0.5, 0.5, 0.5, 0.5, 0.5, 0.5, 0.5, 0.5, 0.5, 0.5, 0.5, 0.5, 0.5, 0.5, 0.5, 0.5, 0.5, 0.5, 0.5, 0.5, 0.5, 0.5, 0.5, 0.5, 0.5, 0.5, 0.5, 0.5, 0.5, 0.5, 0.5, 0.5, 0.5, 0.5, 0.5, 0.5, 0.5, 0.5, 0.5, 0.5, 0.5, 0.5, 0.5, 0.5, 0.5, 0.5, 0.5, 0.5, 0.5, 0.5, 0.5, 0.5, 0.5, 0.5, 0.5, 0.5, 0.5, 0.5, 0.5, 0.5, 0.5, 0.5, 0.5, 0.5, 0.5, 0.5, 0.5, 0.5, 0.5, 0.5, 0.5, 0.5, 0.5, 0.5, 0.5, 0.5, 0.5, 0.5, 0.5, 0.5, 0.5, 0.5, 0.5, 0.5, 0.5, 0.5, 0.5, 0.5, 0.5, 0.5, 0.5, 0.5, 0.5, 0.5, 0.5, 0.5, 0.5, 0.5, 0.5, 0.5, 0.5, 0.5, 0.5, 0.5, 0.5, 0.5, 0.5, 0.5, 0.5, 0.5, 0.5, 0.5, 0.5, 0.5, 0.5, 0.5, 0.5, 0.5, 0.5, 0.5, 0.5, 0.5, 0.5, 0.5, 0.5, 0.5, 0.5, 0.5, 0.5, 0.5, 0.5, 0.5, 0.5, 0.5, 0.5, 0.5, 0.5, 0.5, 0.5, 0.5, 0.5, 0.5, 0.5, 0.5, 0.5, 0.5, 0.5, 0.5, 0.5, 0.5, 0.5, 0.5, 0.5, 0.5, 0.5, 0.5, 0.5, 0.5, 0.5, 0.5, 0.5, 0.5, 0.5, 0.5, 0.5, 0.5, 0.5, 0.5, 0.5, 0.5, 0.5, 0.5, 0.5, 0.5, 0.5, 0.5, 0.5, 0.5, 0.5, 0.5, 0.5, 0.5, 0.5, 0.5, 0.5, 0.5, 0.5, 0.5, 0.5, 0.5, 0.5, 0.5, 0.5, 0.5, 0.5, 0.5, 0.5, 0.5, 0.5, 0.5, 0.5, 0.5, 0.5, 0.5, 0.5, 0.5, 0.5, 0.5, 0.5, 0.5, 0.5, 0.5, 0.5, 0.5, 0.5, 0.5, 0.5, 0.5, 0.5, 0.5, 0.5, 0.5, 0.5, 0.5, 0.5, 0.5, 0.5, 0.5, 0.5, 0.5, 0.5, 0.5, 0.5, 0.5, 0.5, 0.5, 0.5, 0.5, 0.5, 0.5, 0.5, 0.5, 0.5, 0.5, 0.5, 0.5, 0.5, 0.5, 0.5, 0.5, 0.5, 0.5, 0.5, 0.5, 0.5, 0.5, 0.5, 0.5, 0.5, 0.5, 0.5, 0.5, 0.5, 0.5, 0.5, 0.5, 0.5, 0.5, 0.5, 0.5, 0.5, 0.5, 0.5, 0.5, 0.5, 0.5, 0.5, 0.5, 0.5, 0.5, 0.5, 0.5, 0.5, 0.5, 0.5, 0.5, 0.5, 0.5, 0.5, 0.5, 0.5, 0.5, 0.5, 0.5, 0.5, 0.5, 0.5, 0.5, 0.5, 0.5, 0.5, 0.5, 0.5, 0.5, 0.5, 0.5, 0.5, 0.5, 0.5, 0.5, 0.5, 0.5, 0.5, 0.5, 0.5, 0.5, 0.5, 0.5, 0.5, 0.5, 0.5, 0.5, 0.5, 0.5, 0.5, 0.5, 0.5, 0.5, 0.5, 0.5, 0.5, 0.5, 0.5, 0.5, 0.5, 0.5, 0.5, 0.5, 0.5, 0.5, 0.5, 0.5, 0.5, 0.5, 0.5, 0.5, 0.5, 0.5, 0.5, 0.5, 0.5, 0.5, 0.5, 0.5, 0.5, 0.5, 0.5, 0.5, 0.5, 0.5, 0.5, 0.5, 0.5, 0.5, 0.5, 0.5, 0.5, 0.5, 0.5, 0.5, 0.5, 0.5, 0.5, 0.5, 0.5, 0.5, 0.5, 0.5, 0.5, 0.5, 0.5, 0.5, 0.5, 0.5, 0.5, 0.5, 0.5, 0.5, 0.5, 0.5, 0.5, 0.5, 0.5, 0.5, 0.5, 0.5, 0.5, 0.5, 0.5, 0.5, 0.5, 0.5, 0.5, 0.5, 0.5, 0.5, 0.5, 0.5, 0.5, 0.5, 0.5, 0.5, 0.5, 0.5, 0.5, 0.5, 0.5, 0.5, 0.5, 0.5, 0.5, 0.5, 0.5, 0.5, 0.5, 0.5, 0.5, 0.5, 0.5, 0.5, 0.5, 0.5, 0.5, 0.5, 0.5, 0.5, 0.5, 0.5, 0.5, 0.5, 0.5, 0.5, 0.5, 0.5, 0.5, 0.5, 0.5, 0.5, 0.5, 0.5, 0.5, 0.5, 0.5, 0.5, 0.5, 0.5, 0.5, 0.5, 0.5, 0.5, 0.5, 0.5, 0.5, 0.5, 0.5, 0.5, 0.5, 0.5, 0.5, 0.5, 0.5, 0.5, 0.5, 0.5, 0.5, 0.5, 0.5, 0.5, 0.5, 0.5, 0.5, 0.5, 0.5, 0.5, 0.5, 0.5, 0.5, 0.5, 0.5, 0.5, 0.5, 0.5, 0.5, 0.5, 0.5, 0.5, 0.5, 0.5, 0.5, 0.5, 0.5, 0.5, 0.5, 0.5, 0.5, 0.5, 0.5, 0.5, 0.5, 0.5, 0.5, 0.5, 0.5, 0.5, 0.5, 0.5, 0.5, 0.5, 0.5, 0.5, 0.5, 0.5, 0.5, 0.5, 0.5, 0.5, 0.5, 0.5, 0.5, 0.5, 0.5, 0.5, 0.5, 0.5, 0.5, 0.5, 0.5, 0.5, 0.5, 0.5, 0.5, 0.5, 0.5, 0.5, 0.5, 0.5, 0.5, 0.5, 0.5, 0.5, 0.5, 0.5, 0.5, 0.5, 0.5, 0.5, 0.5, 0.5, 0.5, 0.5, 0.5, 0.5, 0.5, 0.5, 0.5, 0.5, 0.5, 0.5, 0.5, 0.5, 0.5, 0.5, 0.5, 0.5, 0.5, 0.5, 0.5, 0.5, 0.5, 0.5, 0.5, 0.5, 0.5, 0.5, 0.5, 0.5, 0.5, 0.5, 0.5, 0.5, 0.5, 0.5, 0.5, 0.5, 0.5, 0.5, 0.5, 0.5, 0.5, 0.5, 0.5, 0.5, 0.5, 0.5, 0.5, 0.5, 0.5, 0.5, 0.5, 0.5, 0.5, 0.5, 0.5, 0.5, 0.5, 0.5, 0.5, 0.5, 0.5, 0.5, 0.5, 0.5, 0.5, 0.5, 0.5, 0.5, 0.5, 0.5, 0.5, 0.5, 0.5, 0.5, 0.5, 0.5, 0.5, 0.5, 0.5, 0.5, 0.5, 0.5, 0.5, 0.5, 0.5, 0.5, 0.5, 0.5, 0.5, 0.5, 0.5, 0.5, 0.5, 0.5, 0.5, 0.5, 0.5, 0.5, 0.5, 0.5, 0.5, 0.5, 0.5, 0.5, 0.5, 0.5, 0.5, 0.5, 0.5, 0.5, 0.5, 0.5, 0.5, 0.5, 0.5, 0.5, 0.5, 0.5, 0.5, 0.5, 0.5, 0.5, 0.5, 0.5, 0.5, 0.5, 0.5, 0.5, 0.5, 0.5, 0.5, 0.5, 0.5, 0.5, 0.5, 0.5, 0.5, 0.5, 0.5, 0.5, 0.5, 0.5, 0.5, 0.5, 0.5, 0.5, 0.5, 0.5, 0.5, 0.5, 0.5, 0.5, 0.5, 0.5, 0.5, 0.5, 0.5, 0.5, 0.5, 0.5, 0.5, 0.5, 0.5, 0.5, 0.5, 0.5, 0.5, 0.5, 0.5, 0.5, 0.5, 0.5, 0.5, 0.5, 0.5, 0.5, 0.5, 0.5, 0.5, 0.5, 0.5, 0.5, 0.5, 0.5, 0.5, 0.5, 0.5, 0.5, 0.5, 0.5, 0.5, 0.5, 0.5, 0.5, 0.5, 0.5, 0.5, 0.5, 0.5, 0.5, 0.5, 0.5, 0.5, 0.5, 0.5, 0.5, 0.5, 0.5, 0.5, 0.5, 0.5, 0.5, 0.5, 0.5, 0.5, 0.5, 0.5, 0.5, 0.5, 0.5, 0.5, 0.5, 0.5, 0.5, 0.5, 0.5, 0.5, 0.5, 0.5, 0.5, 0.5, 0.5, 0.5, 0.5, 0.5, 0.5, 0.5, 0.5, 0.5, 0.5, 0.5, 0.5, 0.5, 0.5, 0.5, 0.5, 0.5, 0.5, 0.5, 0.5, 0.5, 0.5, 0.5, 0.5, 0.5, 0.5, 0.5, 0.5, 0.5, 0.5, 0.5, 0.5, 0.5, 0.5, 0.5, 0.5, 0.5, 0.5, 0.5, 0.5, 0.5, 0.5, 0.5, 0.5, 0.5, 0.5, 0.5, 0.5, 0.5, 0.5, 0.5, 0.5, 0.5, 0.5, 0.5, 0.5, 0.5, 0.5, 0.5, 0.5, 0.5, 0.5, 0.5, 0.5, 0.5, 0.5, 0.5, 0.5, 0.5, 0.5, 0.5, 0.5, 0.5, 0.5, 0.5, 0.5, 0.5, 0.5, 0.5, 0.5, 0.5, 0.5, 0.5, 0.5, 0.5, 0.5, 0.5, 0.5, 0.5, 0.5, 0.5, 0.5, 0.5, 0.5, 0.5, 0.5, 0.5, 0.5, 0.5, 0.5, 0.5, 0.5, 0.5, 0.5, 0.5, 0.5, 0.5, 0.5, 0.5, 0.5, 0.5, 0.5, 0.5, 0.5, 0.5, 0.5, 0.5, 0.5, 0.5, 0.5, 0.5, 0.5, 0.5, 0.5, 0.5, 0.5, 0.5, 0.5, 0.5, 0.5, 0.5, 0.5, 0.5, 0.5, 0.5, 0.5, 0.5, 0.5, 0.5, 0.5, 0.5, 0.5, 0.5, 0.5, 0.5, 0.5, 0.5, 0.5, 0.5, 0.5, 0.5, 0.5, 0.5, 0.5, 0.5, 0.5, 0.5, 0.5, 0.5, 0.5, 0.5, 0.5, 0.5, 0.5, 0.5, 0.5, 0.5, 0.5, 0.5, 0.5, 0.5, 0.5, 0.5, 0.5, 0.5, 0.5, 0.5, 0.5, 0.5, 0.5, 0.5, 0.5, 0.5, 0.5, 0.5, 0.5, 0.5, 0.5, 0.5, 0.5, 0.5, 0.5, 0.5, 0.5, 0.5, 0.5, 0.5, 0.5, 0.5, 0.5, 0.5, 0.5, 0.5, 0.5, 0.5, 0.5, 0.5, 0.5, 0.5, 0.5, 0.5, 0.5, 0.5, 0.5, 0.5, 0.5, 0.5, 0.5, 0.5, 0.5, 0.5, 0.5, 0.5, 0.5, 0.5, 0.5, 0.5, 0.5, 0.5, 0.5, 0.5, 0.5, 0.5, 0.5, 0.5, 0.5, 0.5, 0.5, 0.5, 0.5, 0.5, 0.5, 0.5, 0.5, 0.5, 0.5, 0.5, 0.5, 0.5, 0.5, 0.5, 0.5, 0.5, 0.5, 0.5, 0.5, 0.5, 0.5, 0.5, 0.5, 0.5, 0.5, 0.5, 0.5, 0.5, 0.5, 0.5, 0.5, 0.5, 0.5, 0.5, 0.5, 0.5, 0.5, 0.5, 0.5, 0.5, 0.5]",2
2026_11_KICE_43-45_1,['2(2)'],"1번: 적절한 계획입니다. ""사람은 누구나 다른 사람에게 좋은 모습을 보이고 싶어 하는 면이 있다. 이러한 욕구가 커서 자신을 늘 완벽한 모습으로 보이려고 하는 성향이 나타날 수 있는데，이를 완벽주의적 자기 제시 성향이라 한다.""
2번: 적절하지 않은 계획입니다. 초고에는 완벽주의적 자기 제시 성향의 개념과 특징, 그리고 이를 완화하는 방법에 대한 설명이 있지만, 장단점에 대한 설명은 없습니다.
3번: 적절한 계획입니다. ""사람은 누구나 다른 사람에게 좋은 모습을 보이고 싶어 하는 면이 있다.""
4번: 적절한 계획입니다. ""완벽주의적 자기 제시 성향을 지닌 사람들은 평가의 기준을 자신보다 타인에 두기 때문에 타인의 시선과 평가에 민감해지기 쉽다.""
5번: 적절한 계획입니다. ""청소년 시기에는 또래 집단에서 친구들에게 긍정적으로 비춰지고 싶은 욕구가 크기 때문에 완벽주의적 자기 제시 성향이 나타나는 경우가 많다.""

최종 정답: 2번","[16, 167, 110, 230, 25, 23821, 254, 223, 168, 254, 230, 47991, 250, 220, 166, 111, 226, 169, 248, 235, 168, 252, 227, 46695, 230, 46695, 97, 13, 366, 168, 8955, 167, 252, 234, 35975, 222, 31619, 230, 226, 166, 113, 105, 167, 224, 246, 31619, 233, 97, 167, 98, 116, 23821, 8955, 167, 252, 234, 168, 245, 238, 166, 110, 234, 23821, 95, 233, 35975, 222, 31619, 103, 101, 168, 232, 113, 35975, 226, 31619, 111, 112, 35975, 112, 166, 111, 254, 23821, 233, 114, 168, 244, 112, 220, 47991, 246, 167, 232, 242, 31619, 102, 112, 35975, 112, 23821, 252, 230, 46695, 97, 13, 23821, 251, 112, 167, 253, 105, 47991, 250, 23821, 248, 243, 166, 113, 105, 166, 108, 222, 23821, 119, 97, 168, 226, 250, 23821, 252, 238, 168, 233, 254, 35975, 226, 31619, 232, 246, 23821, 247, 226, 167, 110, 121, 47991, 250, 31619, 103, 101, 168, 232, 113, 168, 250, 120, 167, 94, 250, 31619, 111, 112, 35975, 112, 167, 254, 97, 166, 111, 254, 220, 47991, 246, 167, 232, 242, 23821, 226, 109, 169, 244, 98, 35975, 112, 31619, 224, 246, 169, 225, 222, 167, 224, 254, 23821, 230, 246, 23821, 252, 230, 167, 232, 242, 167, 235, 108, 171, 120, 234, 35975, 112, 167, 98, 120, 23821, 247, 226, 167, 110, 121, 168, 96, 120, 35975, 246, 168, 254, 223, 23821, 252, 238, 166, 116, 108, 23821, 254, 250, 168, 233, 250, 23821, 226, 109, 169, 244, 98, 35975, 112, 167, 251, 120, 220, 47991, 250, 46695, 97, 526, 198, 17, 167, 110, 230, 25, 23821, 254, 223, 168, 254, 230, 47991, 246, 168, 100, 222, 23821, 243, 232, 35975, 222, 220, 166, 111, 226, 169, 248, 235, 168, 252, 227, 46695, 230, 46695, 97, 13, 23821, 112, 230, 166, 111, 254, 168, 245, 238, 167, 232, 242, 23821, 247, 226, 167, 110, 121, 168, 96, 120, 35975, 246, 168, 254, 223, 23821, 252, 238, 166, 116, 108, 23821, 254, 250, 168, 233, 250, 23821, 226, 109, 169, 244, 98, 35975, 246, 220, 166, 108, 250, 167, 227, 238, 166, 111, 120, 220, 169, 232, 117, 168, 100, 243, 11, 220, 166, 115, 116, 167, 99, 105, 166, 111, 254, 23821, 251, 112, 167, 98, 120, 23821, 247, 226, 169, 247, 242, 47991, 246, 167, 232, 242, 31619, 108, 102, 167, 110, 243, 168, 245, 238, 31619, 234, 222, 47991, 250, 23821, 226, 97, 167, 103, 227, 35975, 112, 23821, 252, 230, 168, 100, 222, 167, 100, 234, 11, 23821, 252, 98, 46695, 101, 168, 254, 238, 168, 245, 238, 31619, 234, 222, 47991, 250, 23821, 226, 97, 167, 103, 227, 35975, 222, 23821, 245, 228, 168, 232, 113, 46695, 230, 46695, 97, 13, 198, 18, 167, 110, 230, 25, 23821, 254, 223, 168, 254, 230, 47991, 250, 220, 166, 111, 226, 169, 248, 235, 168, 252, 227, 46695, 230, 46695, 97, 13, 366, 168, 8955, 167, 252, 234, 35975, 222, 31619, 230, 226, 166, 113, 105, 167, 224, 246, 31619, 233, 97, 167, 98, 116, 23821, 8955, 167, 252, 234, 168, 245, 238, 166, 110, 234, 23821, 95, 233, 35975, 222, 31619, 103, 101, 168, 232, 113, 35975, 226, 31619, 111, 112, 35975, 112, 166, 111, 254, 23821, 233, 114, 168, 244, 112, 220, 47991, 246, 167, 232, 242, 31619, 102, 112, 35975, 112, 23821, 252, 230, 46695, 97, 526, 198, 19, 167, 110, 230, 25, 23821, 254, 223, 168, 254, 230, 47991, 250, 220, 166, 111, 226, 169, 248, 235, 168, 252, 227, 46695, 230, 46695, 97, 13, 366, 168, 247, 226, 167, 110, 121, 168, 96, 120, 35975, 246, 168, 254, 223, 23821, 252, 238, 166, 116, 108, 23821, 254, 250, 168, 233, 250, 23821, 226, 109, 169, 244, 98, 35975, 226, 23821, 100, 222, 46695, 234, 23821, 8955, 167, 252, 234, 167, 241, 97, 35975, 222, 220, 169, 237, 231, 166, 108, 222, 35975, 246, 220, 166, 116, 108, 168, 97, 222, 35975, 226, 23821, 252, 238, 168, 233, 254, 167, 111, 112, 46695, 97, 220, 169, 225, 222, 35975, 116, 168, 245, 238, 31619, 239, 238, 166, 116, 108, 31619, 243, 234, 167, 105, 116, 168, 245, 238, 220, 169, 225, 222, 35975, 116, 35975, 246, 23821, 233, 250, 168, 226, 254, 166, 111, 120, 220, 169, 237, 231, 166, 108, 222, 168, 245, 238, 31619, 107, 120, 166, 108, 238, 47991, 112, 168, 100, 222, 166, 116, 108, 23821, 231, 121, 46695, 97, 526, 198, 20, 167, 110, 230, 25, 23821, 254, 223, 168, 254, 230, 47991, 250, 220, 166, 111, 226, 169, 248, 235, 168, 252, 227, 46695, 230, 46695, 97, 13, 366, 168, 110, 255, 168, 228, 234, 167, 227, 226, 23821, 233, 250, 166, 116, 108, 168, 245, 238, 167, 232, 242, 31619, 246, 238, 167, 252, 246, 23821, 100, 239, 46695, 101, 168, 245, 238, 168, 226, 250, 23821, 117, 250, 166, 113, 105, 167, 241, 97, 168, 245, 238, 166, 110, 234, 220, 166, 116, 235, 168, 254, 243, 168, 254, 223, 168, 250, 120, 167, 94, 250, 31619, 117, 226, 168, 114, 108, 168, 100, 222, 166, 111, 254, 23821, 233, 114, 35975, 222, 23821, 248, 243, 166, 113, 105, 166, 108, 222, 220, 169, 223, 105, 166, 116, 108, 31619, 243, 234, 167, 105, 116, 168, 245, 238, 23821, 247, 226, 167, 110, 121, 168, 96, 120, 35975, 246, 168, 254, 223, 23821, 252, 238, 166, 116, 108, 23821, 254, 250, 168, 233, 250, 23821, 226, 109, 169, 244, 98, 35975, 112, 31619, 224, 246, 169, 225, 222, 167, 224, 246, 167, 232, 242, 220, 166, 110, 121, 168, 248, 108, 166, 108, 222, 31619, 100, 236, 46695, 97, 526, 198, 198, 168, 113, 250, 168, 95, 227, 23821, 254, 243, 46695, 113, 25, 362, 167, 110, 230]","[0.5, 0.5, 0.5, 0.5, 0.5, 0.5, 0.5, 0.5, 0.5, 0.5, 0.5, 0.5, 0.5, 0.5, 0.5, 0.5, 0.5, 0.5, 0.5, 0.5, 0.5, 0.5, 0.5, 0.5, 0.5, 0.5, 0.5, 0.5, 0.5, 0.5, 0.5, 0.5, 0.5, 0.5, 0.5, 0.5, 0.5, 0.5, 0.5, 0.5, 0.5, 0.5, 0.5, 0.5, 0.5, 0.5, 0.5, 0.5, 0.5, 0.5, 0.5, 0.5, 0.5, 0.5, 0.5, 0.5, 0.5, 0.5, 0.5, 0.5, 0.5, 0.5, 0.5, 0.5, 0.5, 0.5, 0.5, 0.5, 0.5, 0.5, 0.5, 0.5, 0.5, 0.5, 0.5, 0.5, 0.5, 0.5, 0.5, 0.5, 0.5, 0.5, 0.5, 0.5, 0.5, 0.5, 0.5, 0.5, 0.5, 0.5, 0.5, 0.5, 0.5, 0.5, 0.5, 0.5, 0.5, 0.5, 0.5, 0.5, 0.5, 0.5, 0.5, 0.5, 0.5, 0.5, 0.5, 0.5, 0.5, 0.5, 0.5, 0.5, 0.5, 0.5, 0.5, 0.5, 0.5, 0.5, 0.5, 0.5, 0.5, 0.5, 0.5, 0.5, 0.5, 0.5, 0.5, 0.5, 0.5, 0.5, 0.5, 0.5, 0.5, 0.5, 0.5, 0.5, 0.5, 0.5, 0.5, 0.5, 0.5, 0.5, 0.5, 0.5, 0.5, 0.5, 0.5, 0.5, 0.5, 0.5, 0.5, 0.5, 0.5, 0.5, 0.5, 0.5, 0.5, 0.5, 0.5, 0.5, 0.5, 0.5, 0.5, 0.5, 0.5, 0.5, 0.5, 0.5, 0.5, 0.5, 0.5, 0.5, 0.5, 0.5, 0.5, 0.5, 0.5, 0.5, 0.5, 0.5, 0.5, 0.5, 0.5, 0.5, 0.5, 0.5, 0.5, 0.5, 0.5, 0.5, 0.5, 0.5, 0.5, 0.5, 0.5, 0.5, 0.5, 0.5, 0.5, 0.5, 0.5, 0.5, 0.5, 0.5, 0.5, 0.5, 0.5, 0.5, 0.5, 0.5, 0.5, 0.5, 0.5, 0.5, 0.5, 0.5, 0.5, 0.5, 0.5, 0.5, 0.5, 0.5, 0.5, 0.5, 0.5, 0.5, 0.5, 0.5, 0.5, 0.5, 0.5, 0.5, 0.5, 0.5, 0.5, 0.5, 0.5, 0.5, 0.5, 0.5, 0.5, 0.5, 0.5, 0.5, 0.5, 0.5, 0.5, 0.5, 0.5, 0.5, 0.5, 0.5, 0.5, 0.5, 0.5, 0.5, 0.5, 0.5, 0.5, 0.5, 0.5, 0.5, 0.5, 0.5, 0.5, 0.5, 0.5, 0.5, 0.5, 0.5, 0.5, 0.5, 0.5, 0.5, 0.5, 0.5, 0.5, 0.5, 0.5, 0.5, 0.5, 0.5, 0.5, 0.5, 0.5, 0.5, 0.5, 0.5, 0.5, 0.5, 0.5, 0.5, 0.5, 0.5, 0.5, 0.5, 0.5, 0.5, 0.5, 0.5, 0.5, 0.5, 0.5, 0.5, 0.5, 0.5, 0.5, 0.5, 0.5, 0.5, 0.5, 0.5, 0.5, 0.5, 0.5, 0.5, 0.5, 0.5, 0.5, 0.5, 0.5, 0.5, 0.5, 0.5, 0.5, 0.5, 0.5, 0.5, 0.5, 0.5, 0.5, 0.5, 0.5, 0.5, 0.5, 0.5, 0.5, 0.5, 0.5, 0.5, 0.5, 0.5, 0.5, 0.5, 0.5, 0.5, 0.5, 0.5, 0.5, 0.5, 0.5, 0.5, 0.5, 0.5, 0.5, 0.5, 0.5, 0.5, 0.5, 0.5, 0.5, 0.5, 0.5, 0.5, 0.5, 0.5, 0.5, 0.5, 0.5, 0.5, 0.5, 0.5, 0.5, 0.5, 0.5, 0.5, 0.5, 0.5, 0.5, 0.5, 0.5, 0.5, 0.5, 0.5, 0.5, 0.5, 0.5, 0.5, 0.5, 0.5, 0.5, 0.5, 0.5, 0.5, 0.5, 0.5, 0.5, 0.5, 0.5, 0.5, 0.5, 0.5, 0.5, 0.5, 0.5, 0.5, 0.5, 0.5, 0.5, 0.5, 0.5, 0.5, 0.5, 0.5, 0.5, 0.5, 0.5, 0.5, 0.5, 0.5, 0.5, 0.5, 0.5, 0.5, 0.5, 0.5, 0.5, 0.5, 0.5, 0.5, 0.5, 0.5, 0.5, 0.5, 0.5, 0.5, 0.5, 0.5, 0.5, 0.5, 0.5, 0.5, 0.5, 0.5, 0.5, 0.5, 0.5, 0.5, 0.5, 0.5, 0.5, 0.5, 0.5, 0.5, 0.5, 0.5, 0.5, 0.5, 0.5, 0.5, 0.5, 0.5, 0.5, 0.5, 0.5, 0.5, 0.5, 0.5, 0.5, 0.5, 0.5, 0.5, 0.5, 0.5, 0.5, 0.5, 0.5, 0.5, 0.5, 0.5, 0.5, 0.5, 0.5, 0.5, 0.5, 0.5, 0.5, 0.5, 0.5, 0.5, 0.5, 0.5, 0.5, 0.5, 0.5, 0.5, 0.5, 0.5, 0.5, 0.5, 0.5, 0.5, 0.5, 0.5, 0.5, 0.5, 0.5, 0.5, 0.5, 0.5, 0.5, 0.5, 0.5, 0.5, 0.5, 0.5, 0.5, 0.5, 0.5, 0.5, 0.5, 0.5, 0.5, 0.5, 0.5, 0.5, 0.5, 0.5, 0.5, 0.5, 0.5, 0.5, 0.5, 0.5, 0.5, 0.5, 0.5, 0.5, 0.5, 0.5, 0.5, 0.5, 0.5, 0.5, 0.5, 0.5, 0.5, 0.5, 0.5, 0.5, 0.5, 0.5, 0.5, 0.5, 0.5, 0.5, 0.5, 0.5, 0.5, 0.5, 0.5, 0.5, 0.5, 0.5, 0.5, 0.5, 0.5, 0.5, 0.5, 0.5, 0.5, 0.5, 0.5, 0.5, 0.5, 0.5, 0.5, 0.5, 0.5, 0.5, 0.5, 0.5, 0.5, 0.5, 0.5, 0.5, 0.5, 0.5, 0.5, 0.5, 0.5, 0.5, 0.5, 0.5, 0.5, 0.5, 0.5, 0.5, 0.5, 0.5, 0.5, 0.5, 0.5, 0.5, 0.5, 0.5, 0.5, 0.5, 0.5, 0.5, 0.5, 0.5, 0.5, 0.5, 0.5, 0.5, 0.5, 0.5, 0.5, 0.5, 0.5, 0.5, 0.5, 0.5, 0.5, 0.5, 0.5, 0.5, 0.5, 0.5, 0.5, 0.5, 0.5, 0.5, 0.5, 0.5, 0.5, 0.5, 0.5, 0.5, 0.5, 0.5, 0.5, 0.5, 0.5, 0.5, 0.5, 0.5, 0.5, 0.5, 0.5, 0.5, 0.5, 0.5, 0.5, 0.5, 0.5, 0.5, 0.5, 0.5, 0.5, 0.5, 0.5, 0.5, 0.5, 0.5, 0.5, 0.5, 0.5, 0.5, 0.5, 0.5, 0.5, 0.5, 0.5, 0.5, 0.5, 0.5, 0.5, 0.5, 0.5, 0.5, 0.5, 0.5, 0.5, 0.5, 0.5, 0.5, 0.5, 0.5, 0.5, 0.5, 0.5, 0.5, 0.5, 0.5, 0.5, 0.5, 0.5, 0.5, 0.5, 0.5, 0.5, 0.5, 0.5, 0.5, 0.5, 0.5, 0.5, 0.5, 0.5, 0.5, 0.5, 0.5, 0.5, 0.5, 0.5, 0.5, 0.5, 0.5, 0.5, 0.5, 0.5, 0.5, 0.5, 0.5, 0.5, 0.5, 0.5, 0.5, 0.5, 0.5, 0.5, 0.5, 0.5, 0.5, 0.5, 0.5, 0.5, 0.5, 0.5, 0.5, 0.5, 0.5, 0.5, 0.5, 0.5, 0.5, 0.5, 0.5, 0.5, 0.5, 0.5, 0.5, 0.5, 0.5, 0.5, 0.5, 0.5, 0.5, 0.5, 0.5, 0.5, 0.5, 0.5, 0.5, 0.5, 0.5, 0.5, 0.5, 0.5, 0.5, 0.5, 0.5, 0.5, 0.5, 0.5, 0.5, 0.5, 0.5, 0.5, 0.5, 0.5, 0.5, 0.5, 0.5, 0.5, 0.5, 0.5, 0.5, 0.5, 0.5, 0.5, 0.5, 0.5, 0.5, 0.5, 0.5, 0.5, 0.5, 0.5, 0.5, 0.5, 0.5, 0.5, 0.5, 0.5, 0.5, 0.5, 0.5, 0.5, 0.5, 0.5, 0.5, 0.5, 0.5, 0.5, 0.5, 0.5, 0.5, 0.5, 0.5, 0.5, 0.5, 0.5, 0.5, 0.5, 0.5, 0.5, 0.5, 0.5, 0.5, 0.5, 0.5, 0.5, 0.5, 0.5, 0.5, 0.5, 0.5, 0.5, 0.5, 0.5, 0.5, 0.5, 0.5, 0.5, 0.5, 0.5, 0.5, 0.5, 0.5, 0.5, 0.5, 0.5, 0.5, 0.5, 0.5, 0.5, 0.5, 0.5, 0.5, 0.5, 0.5, 0.5, 0.5, 0.5, 0.5, 0.5, 0.5, 0.5, 0.5, 0.5, 0.5, 0.5, 0.5, 0.5, 0.5, 0.5, 0.5, 0.5, 0.5, 0.5, 0.5, 0.5, 0.5, 0.5, 0.5, 0.5, 0.5, 0.5, 0.5, 0.5, 0.5, 0.5, 0.5, 0.5, 0.5, 0.5, 0.5, 0.5, 0.5, 0.5, 0.5, 0.5, 0.5, 0.5, 0.5, 0.5, 0.5, 0.5, 0.5, 0.5, 0.5, 0.5, 0.5, 0.5, 0.5, 0.5, 0.5, 0.5, 0.5, 0.5, 0.5, 0.5, 0.5, 0.5, 0.5, 0.5, 0.5, 0.5, 0.5, 0.5, 0.5, 0.5, 0.5, 0.5, 0.5, 0.5, 0.5, 0.5, 0.5, 0.5, 0.5, 0.5, 0.5, 0.5, 0.5, 0.5, 0.5, 0.5, 0.5, 0.5, 0.5, 0.5, 0.5, 0.5, 0.5, 0.5]",2
2026_11_KICE_43-45_2,['5(3)'],"1번: 적절하지 않음 + ""정서 조절의 실패에서 비롯된 불안을 해소하는 데 걷기가 효과가 있다는 것을, 걷기가 정서에 미치는 영향을 보여 주는 내용으로 5문단을 보강한다. 이 문장에서 보듯이, 5문단은 걷기가 불안을 완화하는 데 도움이 된다는 내용을 다루고 있는데, 이와 관련하여 정서 조절의 실패에서 비롯된 불안을 해소하는 데 걷기가 효과가 있다는 것은 직접적으로 관련이 없음.""
2번: 적절함 + ""학생이 발표에서 완벽하게 보이려는 것을, 완벽주의적 자기 제시 성향의 구체적 사례로 1문단에 추가한다. 이 문장에서 보듯이, 학생 인터뷰 내용은 완벽주의적 자기 제시 성향의 구체적 사례로 사용될 수 있음.""
3번: 적절함 + ""정서를 명확히 인식하는 것을 전제로 한 정서 조절이 인지적 유연성의 바탕이 된다는 것을, 인지적 유연성 발휘를 위한 조건을 보완하는 내용으로 3문단에 추가한다. 이 문장에서 보듯이, 전문가 인터뷰 내용은 인지적 유연성 발휘를 위한 조건을 보완하는 데 사용될 수 있음.""
4번: 적절함 + ""회피적 행동이 불안에 미치는 영향을, 불안이 회피적 행동으로 인해 가중된다는 점을 뒷받침하는 근거와 이를 구체화하는 사례로 2문단을 보강한다. 이 문장에서 보듯이, 연구 보고서 내용은 회피적 행동과 불안의 관계를 설명하는 데 사용될 수 있음.""
5번: 적절하지 않음 + ""정서 조절의 실패에서 비롯된 불안을 해소하는 데 걷기가 효과가 있다는 것을, 걷기가 정서에 미치는 영향을 보여 주는 내용으로 5문단을 보강한다. 이 문장에서 보듯이, 5문단은 걷기가 불안을 완화하는 데 도움이 된다는 내용을 다루고 있는데, 이와 관련하여 정서 조절의 실패에서 비롯된 불안을 해소하는 데 걷기가 효과가 있다는 것은 직접적으로 관련이 없음.""

최종 정답: 5번","[16, 167, 110, 230, 25, 23821, 254, 223, 168, 254, 230, 47991, 246, 168, 100, 222, 23821, 243, 232, 35975, 234, 1343, 366, 168, 254, 243, 168, 226, 250, 23821, 94, 108, 168, 254, 230, 35975, 246, 23821, 233, 97, 169, 234, 101, 168, 245, 238, 168, 226, 250, 31619, 117, 226, 167, 94, 107, 167, 238, 250, 31619, 114, 230, 168, 243, 230, 35975, 226, 220, 47991, 112, 168, 228, 234, 47991, 246, 167, 232, 242, 31619, 235, 108, 220, 166, 109, 115, 166, 116, 108, 166, 108, 222, 220, 169, 248, 101, 166, 111, 120, 166, 108, 222, 23821, 252, 230, 46695, 97, 167, 232, 242, 220, 166, 110, 225, 35975, 226, 11, 220, 166, 109, 115, 166, 116, 108, 166, 108, 222, 23821, 254, 243, 168, 226, 250, 168, 245, 238, 31619, 107, 116, 168, 117, 246, 167, 232, 242, 23821, 246, 223, 169, 244, 98, 35975, 226, 31619, 111, 112, 168, 245, 105, 23821, 96, 120, 167, 232, 242, 31619, 224, 112, 168, 248, 102, 168, 250, 120, 167, 94, 250, 642, 167, 105, 116, 46695, 101, 35975, 226, 31619, 111, 112, 166, 108, 243, 47991, 250, 46695, 97, 13, 23821, 251, 112, 31619, 105, 116, 168, 252, 98, 168, 245, 238, 168, 226, 250, 31619, 111, 112, 167, 241, 107, 35975, 112, 11, 642, 167, 105, 116, 46695, 101, 35975, 222, 220, 166, 109, 115, 166, 116, 108, 166, 108, 222, 31619, 114, 230, 168, 243, 230, 35975, 226, 23821, 247, 226, 169, 247, 242, 47991, 246, 167, 232, 242, 31619, 235, 108, 31619, 237, 226, 168, 249, 222, 35975, 112, 31619, 238, 250, 46695, 97, 167, 232, 242, 31619, 224, 112, 168, 248, 102, 35975, 226, 31619, 233, 97, 167, 96, 101, 166, 111, 254, 23821, 252, 230, 167, 232, 242, 167, 235, 108, 11, 23821, 251, 112, 168, 247, 222, 220, 166, 112, 222, 167, 254, 101, 47991, 246, 168, 245, 105, 23821, 254, 243, 168, 226, 250, 23821, 94, 108, 168, 254, 230, 35975, 246, 23821, 233, 97, 169, 234, 101, 168, 245, 238, 168, 226, 250, 31619, 117, 226, 167, 94, 107, 167, 238, 250, 31619, 114, 230, 168, 243, 230, 35975, 226, 220, 47991, 112, 168, 228, 234, 47991, 246, 167, 232, 242, 31619, 235, 108, 220, 166, 109, 115, 166, 116, 108, 166, 108, 222, 220, 169, 248, 101, 166, 111, 120, 166, 108, 222, 23821, 252, 230, 46695, 97, 167, 232, 242, 220, 166, 110, 225, 35975, 222, 23821, 100, 223, 168, 254, 239, 168, 254, 223, 168, 250, 120, 167, 94, 250, 220, 166, 112, 222, 167, 254, 101, 35975, 112, 23821, 245, 228, 35975, 234, 526, 198, 17, 167, 110, 230, 25, 23821, 254, 223, 168, 254, 230, 47991, 101, 1343, 366, 47991, 247, 168, 225, 251, 35975, 112, 31619, 108, 250, 169, 239, 250, 168, 245, 238, 168, 226, 250, 23821, 247, 226, 167, 110, 121, 47991, 246, 166, 110, 234, 31619, 111, 112, 35975, 112, 167, 254, 97, 167, 232, 242, 220, 166, 110, 225, 35975, 226, 11, 23821, 247, 226, 167, 110, 121, 168, 96, 120, 35975, 246, 168, 254, 223, 23821, 252, 238, 166, 116, 108, 23821, 254, 250, 168, 233, 250, 23821, 226, 109, 169, 244, 98, 35975, 246, 220, 166, 113, 105, 168, 110, 112, 168, 254, 223, 23821, 8955, 167, 94, 222, 167, 94, 250, 352, 167, 105, 116, 46695, 101, 168, 245, 238, 23821, 114, 242, 166, 108, 222, 47991, 250, 46695, 97, 13, 23821, 251, 112, 31619, 105, 116, 168, 252, 98, 168, 245, 238, 168, 226, 250, 31619, 111, 112, 167, 241, 107, 35975, 112, 11, 220, 47991, 247, 168, 225, 251, 23821, 251, 116, 169, 226, 108, 167, 115, 108, 31619, 224, 112, 168, 248, 102, 35975, 222, 23821, 247, 226, 167, 110, 121, 168, 96, 120, 35975, 246, 168, 254, 223, 23821, 252, 238, 166, 116, 108, 23821, 254, 250, 168, 233, 250, 23821, 226, 109, 169, 244, 98, 35975, 246, 220, 166, 113, 105, 168, 110, 112, 168, 254, 223, 23821, 8955, 167, 94, 222, 167, 94, 250, 23821, 8955, 168, 248, 102, 167, 238, 254, 23821, 230, 246, 23821, 252, 230, 35975, 234, 526, 198, 18, 167, 110, 230, 25, 23821, 254, 223, 168, 254, 230, 47991, 101, 1343, 366, 168, 254, 243, 168, 226, 250, 167, 98, 120, 31619, 103, 227, 169, 247, 243, 169, 252, 230, 23821, 251, 116, 168, 233, 251, 47991, 246, 167, 232, 242, 220, 166, 110, 225, 35975, 226, 23821, 254, 226, 168, 254, 250, 167, 94, 250, 220, 47991, 250, 23821, 254, 243, 168, 226, 250, 23821, 94, 108, 168, 254, 230, 35975, 112, 23821, 251, 116, 168, 100, 222, 168, 254, 223, 23821, 250, 254, 168, 245, 108, 168, 226, 109, 35975, 246, 31619, 108, 242, 169, 225, 243, 35975, 112, 31619, 238, 250, 46695, 97, 167, 232, 242, 220, 166, 110, 225, 35975, 226, 11, 23821, 251, 116, 168, 100, 222, 168, 254, 223, 23821, 250, 254, 168, 245, 108, 168, 226, 109, 31619, 108, 250, 169, 250, 246, 167, 98, 120, 23821, 250, 226, 47991, 250, 23821, 94, 108, 166, 109, 112, 35975, 226, 31619, 111, 112, 168, 247, 226, 47991, 246, 167, 232, 242, 31619, 224, 112, 168, 248, 102, 168, 250, 120, 167, 94, 250, 513, 167, 105, 116, 46695, 101, 168, 245, 238, 23821, 114, 242, 166, 108, 222, 47991, 250, 46695, 97, 13, 23821, 251, 112, 31619, 105, 116, 168, 252, 98, 168, 245, 238, 168, 226, 250, 31619, 111, 112, 167, 241, 107, 35975, 112, 11, 23821, 254, 226, 167, 105, 116, 166, 108, 222, 23821, 251, 116, 169, 226, 108, 167, 115, 108, 31619, 224, 112, 168, 248, 102, 35975, 222, 23821, 251, 116, 168, 100, 222, 168, 254, 223, 23821, 250, 254, 168, 245, 108, 168, 226, 109, 31619, 108, 250, 169, 250, 246, 167, 98, 120, 23821, 250, 226, 47991, 250, 23821, 94, 108, 166, 109, 112, 35975, 226, 31619, 111, 112, 168, 247, 226, 47991, 246, 167, 232, 242, 31619, 235, 108, 23821, 8955, 168, 248, 102, 167, 238, 254, 23821, 230, 246, 23821, 252, 230, 35975, 234, 526, 198, 19, 167, 110, 230, 25, 23821, 254, 223, 168, 254, 230, 47991, 101, 1343, 366, 169, 248, 234, 169, 242, 120, 168, 254, 223, 220, 169, 244, 231, 167, 237, 247, 35975, 112, 31619, 114, 230, 168, 243, 230, 168, 245, 238, 31619, 107, 116, 168, 117, 246, 167, 232, 242, 23821, 246, 223, 169, 244, 98, 35975, 226, 11, 31619, 114, 230, 168, 243, 230, 35975, 112, 220, 169, 248, 234, 169, 242, 120, 168, 254, 223, 220, 169, 244, 231, 167, 237, 247, 168, 250, 120, 167, 94, 250, 23821, 251, 116, 47991, 112, 220, 166, 108, 222, 168, 97, 239, 167, 238, 250, 46695, 97, 167, 232, 242, 23821, 254, 238, 35975, 226, 31619, 240, 115, 167, 108, 249, 168, 117, 101, 47991, 246, 167, 232, 242, 220, 166, 115, 120, 166, 109, 108, 168, 247, 222, 23821, 251, 112, 167, 98, 120, 220, 166, 113, 105, 168, 110, 112, 169, 247, 242, 47991, 246, 167, 232, 242, 23821, 8955, 167, 94, 222, 167, 94, 250, 362, 167, 105, 116, 46695, 101, 35975, 226, 31619, 111, 112, 166, 108, 243, 47991, 250, 46695, 97, 13, 23821, 251, 112, 31619, 105, 116, 168, 252, 98, 168, 245, 238, 168, 226, 250, 31619, 111, 112, 167, 241, 107, 35975, 112, 11, 23821, 245, 108, 166, 113, 105, 31619, 111, 112, 166, 111, 254, 168, 226, 250, 31619, 224, 112, 168, 248, 102, 35975, 222, 220, 169, 248, 234, 169, 242, 120, 168, 254, 223, 220, 169, 244, 231, 167, 237, 247, 166, 111, 120, 31619, 114, 230, 168, 243, 230, 35975, 246, 220, 166, 112, 222, 166, 111, 226, 167, 98, 120, 23821, 226, 97, 167, 103, 227, 47991, 246, 167, 232, 242, 31619, 235, 108, 23821, 8955, 168, 248, 102, 167, 238, 254, 23821, 230, 246, 23821, 252, 230, 35975, 234, 526, 198, 20, 167, 110, 230, 25, 23821, 254, 223, 168, 254, 230, 47991, 246, 168, 100, 222, 23821, 243, 232, 35975, 234, 1343, 366, 168, 254, 243, 168, 226, 250, 23821, 94, 108, 168, 254, 230, 35975, 246, 23821, 233, 97, 169, 234, 101, 168, 245, 238, 168, 226, 250, 31619, 117, 226, 167, 94, 107, 167, 238, 250, 31619, 114, 230, 168, 243, 230, 35975, 226, 220, 47991, 112, 168, 228, 234, 47991, 246, 167, 232, 242, 31619, 235, 108, 220, 166, 109, 115, 166, 116, 108, 166, 108, 222, 220, 169, 248, 101, 166, 111, 120, 166, 108, 222, 23821, 252, 230, 46695, 97, 167, 232, 242, 220, 166, 110, 225, 35975, 226, 11, 220, 166, 109, 115, 166, 116, 108, 166, 108, 222, 23821, 254, 243, 168, 226, 250, 168, 245, 238, 31619, 107, 116, 168, 117, 246, 167, 232, 242, 23821, 246, 223, 169, 244, 98, 35975, 226, 31619, 111, 112, 168, 245, 105, 23821, 96, 120, 167, 232, 242, 31619, 224, 112, 168, 248, 102, 168, 250, 120, 167, 94, 250, 642, 167, 105, 116, 46695, 101, 35975, 226, 31619, 111, 112, 166, 108, 243, 47991, 250, 46695, 97, 13, 23821, 251, 112, 31619, 105, 116, 168, 252, 98, 168, 245, 238, 168, 226, 250, 31619, 111, 112, 167, 241, 107, 35975, 112, 11, 642, 167, 105, 116, 46695, 101, 35975, 222, 220, 166, 109, 115, 166, 116, 108, 166, 108, 222, 31619, 114, 230, 168, 243, 230, 35975, 226, 23821, 247, 226, 169, 247, 242, 47991, 246, 167, 232, 242, 31619, 235, 108, 31619, 237, 226, 168, 249, 222, 35975, 112, 31619, 238, 250, 46695, 97, 167, 232, 242, 31619, 224, 112, 168, 248, 102, 35975, 226, 31619, 233, 97, 167, 96, 101, 166, 111, 254, 23821, 252, 230, 167, 232, 242, 167, 235, 108, 11, 23821, 251, 112, 168, 247, 222, 220, 166, 112, 222, 167, 254, 101, 47991, 246, 168, 245, 105, 23821, 254, 243, 168, 226, 250, 23821, 94, 108, 168, 254, 230, 35975, 246, 23821, 233, 97, 169, 234, 101, 168, 245, 238, 168, 226, 250, 31619, 117, 226, 167, 94, 107, 167, 238, 250, 31619, 114, 230, 168, 243, 230, 35975, 226, 220, 47991, 112, 168, 228, 234, 47991, 246, 167, 232, 242, 31619, 235, 108, 220, 166, 109, 115, 166, 116, 108, 166, 108, 222, 220, 169, 248, 101, 166, 111, 120, 166, 108, 222, 23821, 252, 230, 46695, 97, 167, 232, 242, 220, 166, 110, 225, 35975, 222, 23821, 100, 223, 168, 254, 239, 168, 254, 223, 168, 250, 120, 167, 94, 250, 220, 166, 112, 222, 167, 254, 101, 35975, 112, 23821, 245, 228, 35975, 234, 526, 198, 198, 168, 113, 250, 168, 95, 227, 23821, 254, 243, 46695, 113, 25, 642, 167, 110, 230]","[0.5, 0.5, 0.5, 0.5, 0.5, 0.5, 0.5, 0.5, 0.5, 0.5, 0.5, 0.5, 0.5, 0.5, 0.5, 0.5, 0.5, 0.5, 0.5, 0.5, 0.5, 0.5, 0.5, 0.5, 0.5, 0.5, 0.5, 0.5, 0.5, 0.5, 0.5, 0.5, 0.5, 0.5, 0.5, 0.5, 0.5, 0.5, 0.5, 0.5, 0.5, 0.5, 0.5, 0.5, 0.5, 0.5, 0.5, 0.5, 0.5, 0.5, 0.5, 0.5, 0.5, 0.5, 0.5, 0.5, 0.5, 0.5, 0.5, 0.5, 0.5, 0.5, 0.5, 0.5, 0.5, 0.5, 0.5, 0.5, 0.5, 0.5, 0.5, 0.5, 0.5, 0.5, 0.5, 0.5, 0.5, 0.5, 0.5, 0.5, 0.5, 0.5, 0.5, 0.5, 0.5, 0.5, 0.5, 0.5, 0.5, 0.5, 0.5, 0.5, 0.5, 0.5, 0.5, 0.5, 0.5, 0.5, 0.5, 0.5, 0.5, 0.5, 0.5, 0.5, 0.5, 0.5, 0.5, 0.5, 0.5, 0.5, 0.5, 0.5, 0.5, 0.5, 0.5, 0.5, 0.5, 0.5, 0.5, 0.5, 0.5, 0.5, 0.5, 0.5, 0.5, 0.5, 0.5, 0.5, 0.5, 0.5, 0.5, 0.5, 0.5, 0.5, 0.5, 0.5, 0.5, 0.5, 0.5, 0.5, 0.5, 0.5, 0.5, 0.5, 0.5, 0.5, 0.5, 0.5, 0.5, 0.5, 0.5, 0.5, 0.5, 0.5, 0.5, 0.5, 0.5, 0.5, 0.5, 0.5, 0.5, 0.5, 0.5, 0.5, 0.5, 0.5, 0.5, 0.5, 0.5, 0.5, 0.5, 0.5, 0.5, 0.5, 0.5, 0.5, 0.5, 0.5, 0.5, 0.5, 0.5, 0.5, 0.5, 0.5, 0.5, 0.5, 0.5, 0.5, 0.5, 0.5, 0.5, 0.5, 0.5, 0.5, 0.5, 0.5, 0.5, 0.5, 0.5, 0.5, 0.5, 0.5, 0.5, 0.5, 0.5, 0.5, 0.5, 0.5, 0.5, 0.5, 0.5, 0.5, 0.5, 0.5, 0.5, 0.5, 0.5, 0.5, 0.5, 0.5, 0.5, 0.5, 0.5, 0.5, 0.5, 0.5, 0.5, 0.5, 0.5, 0.5, 0.5, 0.5, 0.5, 0.5, 0.5, 0.5, 0.5, 0.5, 0.5, 0.5, 0.5, 0.5, 0.5, 0.5, 0.5, 0.5, 0.5, 0.5, 0.5, 0.5, 0.5, 0.5, 0.5, 0.5, 0.5, 0.5, 0.5, 0.5, 0.5, 0.5, 0.5, 0.5, 0.5, 0.5, 0.5, 0.5, 0.5, 0.5, 0.5, 0.5, 0.5, 0.5, 0.5, 0.5, 0.5, 0.5, 0.5, 0.5, 0.5, 0.5, 0.5, 0.5, 0.5, 0.5, 0.5, 0.5, 0.5, 0.5, 0.5, 0.5, 0.5, 0.5, 0.5, 0.5, 0.5, 0.5, 0.5, 0.5, 0.5, 0.5, 0.5, 0.5, 0.5, 0.5, 0.5, 0.5, 0.5, 0.5, 0.5, 0.5, 0.5, 0.5, 0.5, 0.5, 0.5, 0.5, 0.5, 0.5, 0.5, 0.5, 0.5, 0.5, 0.5, 0.5, 0.5, 0.5, 0.5, 0.5, 0.5, 0.5, 0.5, 0.5, 0.5, 0.5, 0.5, 0.5, 0.5, 0.5, 0.5, 0.5, 0.5, 0.5, 0.5, 0.5, 0.5, 0.5, 0.5, 0.5, 0.5, 0.5, 0.5, 0.5, 0.5, 0.5, 0.5, 0.5, 0.5, 0.5, 0.5, 0.5, 0.5, 0.5, 0.5, 0.5, 0.5, 0.5, 0.5, 0.5, 0.5, 0.5, 0.5, 0.5, 0.5, 0.5, 0.5, 0.5, 0.5, 0.5, 0.5, 0.5, 0.5, 0.5, 0.5, 0.5, 0.5, 0.5, 0.5, 0.5, 0.5, 0.5, 0.5, 0.5, 0.5, 0.5, 0.5, 0.5, 0.5, 0.5, 0.5, 0.5, 0.5, 0.5, 0.5, 0.5, 0.5, 0.5, 0.5, 0.5, 0.5, 0.5, 0.5, 0.5, 0.5, 0.5, 0.5, 0.5, 0.5, 0.5, 0.5, 0.5, 0.5, 0.5, 0.5, 0.5, 0.5, 0.5, 0.5, 0.5, 0.5, 0.5, 0.5, 0.5, 0.5, 0.5, 0.5, 0.5, 0.5, 0.5, 0.5, 0.5, 0.5, 0.5, 0.5, 0.5, 0.5, 0.5, 0.5, 0.5, 0.5, 0.5, 0.5, 0.5, 0.5, 0.5, 0.5, 0.5, 0.5, 0.5, 0.5, 0.5, 0.5, 0.5, 0.5, 0.5, 0.5, 0.5, 0.5, 0.5, 0.5, 0.5, 0.5, 0.5, 0.5, 0.5, 0.5, 0.5, 0.5, 0.5, 0.5, 0.5, 0.5, 0.5, 0.5, 0.5, 0.5, 0.5, 0.5, 0.5, 0.5, 0.5, 0.5, 0.5, 0.5, 0.5, 0.5, 0.5, 0.5, 0.5, 0.5, 0.5, 0.5, 0.5, 0.5, 0.5, 0.5, 0.5, 0.5, 0.5, 0.5, 0.5, 0.5, 0.5, 0.5, 0.5, 0.5, 0.5, 0.5, 0.5, 0.5, 0.5, 0.5, 0.5, 0.5, 0.5, 0.5, 0.5, 0.5, 0.5, 0.5, 0.5, 0.5, 0.5, 0.5, 0.5, 0.5, 0.5, 0.5, 0.5, 0.5, 0.5, 0.5, 0.5, 0.5, 0.5, 0.5, 0.5, 0.5, 0.5, 0.5, 0.5, 0.5, 0.5, 0.5, 0.5, 0.5, 0.5, 0.5, 0.5, 0.5, 0.5, 0.5, 0.5, 0.5, 0.5, 0.5, 0.5, 0.5, 0.5, 0.5, 0.5, 0.5, 0.5, 0.5, 0.5, 0.5, 0.5, 0.5, 0.5, 0.5, 0.5, 0.5, 0.5, 0.5, 0.5, 0.5, 0.5, 0.5, 0.5, 0.5, 0.5, 0.5, 0.5, 0.5, 0.5, 0.5, 0.5, 0.5, 0.5, 0.5, 0.5, 0.5, 0.5, 0.5, 0.5, 0.5, 0.5, 0.5, 0.5, 0.5, 0.5, 0.5, 0.5, 0.5, 0.5, 0.5, 0.5, 0.5, 0.5, 0.5, 0.5, 0.5, 0.5, 0.5, 0.5, 0.5, 0.5, 0.5, 0.5, 0.5, 0.5, 0.5, 0.5, 0.5, 0.5, 0.5, 0.5, 0.5, 0.5, 0.5, 0.5, 0.5, 0.5, 0.5, 0.5, 0.5, 0.5, 0.5, 0.5, 0.5, 0.5, 0.5, 0.5, 0.5, 0.5, 0.5, 0.5, 0.5, 0.5, 0.5, 0.5, 0.5, 0.5, 0.5, 0.5, 0.5, 0.5, 0.5, 0.5, 0.5, 0.5, 0.5, 0.5, 0.5, 0.5, 0.5, 0.5, 0.5, 0.5, 0.5, 0.5, 0.5, 0.5, 0.5, 0.5, 0.5, 0.5, 0.5, 0.5, 0.5, 0.5, 0.5, 0.5, 0.5, 0.5, 0.5, 0.5, 0.5, 0.5, 0.5, 0.5, 0.5, 0.5, 0.5, 0.5, 0.5, 0.5, 0.5, 0.5, 0.5, 0.5, 0.5, 0.5, 0.5, 0.5, 0.5, 0.5, 0.5, 0.5, 0.5, 0.5, 0.5, 0.5, 0.5, 0.5, 0.5, 0.5, 0.5, 0.5, 0.5, 0.5, 0.5, 0.5, 0.5, 0.5, 0.5, 0.5, 0.5, 0.5, 0.5, 0.5, 0.5, 0.5, 0.5, 0.5, 0.5, 0.5, 0.5, 0.5, 0.5, 0.5, 0.5, 0.5, 0.5, 0.5, 0.5, 0.5, 0.5, 0.5, 0.5, 0.5, 0.5, 0.5, 0.5, 0.5, 0.5, 0.5, 0.5, 0.5, 0.5, 0.5, 0.5, 0.5, 0.5, 0.5, 0.5, 0.5, 0.5, 0.5, 0.5, 0.5, 0.5, 0.5, 0.5, 0.5, 0.5, 0.5, 0.5, 0.5, 0.5, 0.5, 0.5, 0.5, 0.5, 0.5, 0.5, 0.5, 0.5, 0.5, 0.5, 0.5, 0.5, 0.5, 0.5, 0.5, 0.5, 0.5, 0.5, 0.5, 0.5, 0.5, 0.5, 0.5, 0.5, 0.5, 0.5, 0.5, 0.5, 0.5, 0.5, 0.5, 0.5, 0.5, 0.5, 0.5, 0.5, 0.5, 0.5, 0.5, 0.5, 0.5, 0.5, 0.5, 0.5, 0.5, 0.5, 0.5, 0.5, 0.5, 0.5, 0.5, 0.5, 0.5, 0.5, 0.5, 0.5, 0.5, 0.5, 0.5, 0.5, 0.5, 0.5, 0.5, 0.5, 0.5, 0.5, 0.5, 0.5, 0.5, 0.5, 0.5, 0.5, 0.5, 0.5, 0.5, 0.5, 0.5, 0.5, 0.5, 0.5, 0.5, 0.5, 0.5, 0.5, 0.5, 0.5, 0.5, 0.5, 0.5, 0.5, 0.5, 0.5, 0.5, 0.5, 0.5, 0.5, 0.5, 0.5, 0.5, 0.5, 0.5, 0.5, 0.5, 0.5, 0.5, 0.5, 0.5, 0.5, 0.5, 0.5, 0.5, 0.5, 0.5, 0.5, 0.5, 0.5, 0.5, 0.5, 0.5, 0.5, 0.5, 0.5, 0.5, 0.5, 0.5, 0.5, 0.5, 0.5, 0.5, 0.5, 0.5, 0.5, 0.5, 0.5, 0.5, 0.5, 0.5, 0.5, 0.5, 0.5, 0.5, 0.5, 0.5, 0.5, 0.5, 0.5, 0.5, 0.5, 0.5, 0.5, 0.5, 0.5, 0.5, 0.5, 0.5, 0.5, 0.5, 0.5, 0.5, 0.5, 0.5, 0.5, 0.5, 0.5, 0.5, 0.5, 0.5, 0.5, 0.5, 0.5, 0.5, 0.5, 0.5, 0.5, 0.5, 0.5, 0.5, 0.5, 0.5, 0.5, 0.5, 0.5, 0.5, 0.5, 0.5, 0.5, 0.5, 0.5, 0.5, 0.5, 0.5, 0.5, 0.5, 0.5, 0.5, 0.5, 0.5, 0.5, 0.5, 0.5, 0.5, 0.5, 0.5, 0.5, 0.5, 0.5, 0.5, 0.5, 0.5, 0.5, 0.5, 0.5, 0.5, 0.5, 0.5, 0.5, 0.5, 0.5, 0.5, 0.5, 0.5, 0.5, 0.5, 0.5, 0.5, 0.5, 0.5, 0.5, 0.5, 0.5, 0.5, 0.5, 0.5, 0.5, 0.5, 0.5, 0.5, 0.5, 0.5, 0.5, 0.5, 0.5, 0.5, 0.5, 0.5, 0.5, 0.5, 0.5, 0.5, 0.5, 0.5, 0.5, 0.5, 0.5, 0.5, 0.5, 0.5, 0.5, 0.5, 0.5, 0.5, 0.5, 0.5, 0.5, 0.5, 0.5, 0.5, 0.5, 0.5, 0.5, 0.5, 0.5, 0.5, 0.5, 0.5, 0.5, 0.5, 0.5, 0.5, 0.5, 0.5, 0.5, 0.5, 0.5, 0.5, 0.5, 0.5, 0.5, 0.5, 0.5, 0.5, 0.5, 0.5, 0.5, 0.5, 0.5, 0.5, 0.5, 0.5, 0.5, 0.5, 0.5, 0.5, 0.5, 0.5, 0.5, 0.5, 0.5, 0.5, 0.5, 0.5, 0.5, 0.5, 0.5, 0.5, 0.5, 0.5, 0.5, 0.5, 0.5, 0.5, 0.5, 0.5, 0.5, 0.5, 0.5, 0.5, 0.5, 0.5, 0.5, 0.5, 0.5, 0.5, 0.5, 0.5, 0.5, 0.5, 0.5, 0.5, 0.5, 0.5, 0.5, 0.5, 0.5, 0.5, 0.5, 0.5, 0.5, 0.5, 0.5, 0.5, 0.5, 0.5, 0.5, 0.5, 0.5, 0.5, 0.5, 0.5, 0.5, 0.5, 0.5, 0.5, 0.5, 0.5, 0.5, 0.5, 0.5, 0.5, 0.5, 0.5, 0.5, 0.5, 0.5, 0.5, 0.5, 0.5, 0.5, 0.5, 0.5, 0.5, 0.5, 0.5, 0.5, 0.5, 0.5, 0.5, 0.5, 0.5, 0.5, 0.5, 0.5, 0.5, 0.5, 0.5, 0.5, 0.5, 0.5, 0.5, 0.5, 0.5, 0.5, 0.5, 0.5, 0.5, 0.5, 0.5, 0.5, 0.5, 0.5, 0.5, 0.5, 0.5, 0.5, 0.5, 0.5, 0.5, 0.5, 0.5, 0.5, 0.5, 0.5, 0.5, 0.5, 0.5, 0.5, 0.5, 0.5, 0.5, 0.5, 0.5, 0.5, 0.5, 0.5, 0.5, 0.5, 0.5, 0.5, 0.5, 0.5, 0.5, 0.5, 0.5, 0.5, 0.5, 0.5, 0.5, 0.5, 0.5, 0.5, 0.5, 0.5, 0.5, 0.5, 0.5, 0.5, 0.5, 0.5, 0.5, 0.5, 0.5, 0.5, 0.5, 0.5, 0.5, 0.5, 0.5, 0.5, 0.5, 0.5, 0.5, 0.5, 0.5, 0.5, 0.5, 0.5, 0.5, 0.5, 0.5, 0.5, 0.5, 0.5, 0.5, 0.5, 0.5, 0.5, 0.5, 0.5, 0.5, 0.5, 0.5, 0.5, 0.5, 0.5, 0.5, 0.5, 0.5, 0.5, 0.5, 0.5, 0.5, 0.5, 0.5, 0.5, 0.5, 0.5, 0.5, 0.5, 0.5, 0.5, 0.5, 0.5, 0.5, 0.5, 0.5, 0.5, 0.5, 0.5, 0.5, 0.5, 0.5, 0.5, 0.5, 0.5, 0.5, 0.5, 0.5, 0.5, 0.5, 0.5, 0.5, 0.5, 0.5, 0.5, 0.5, 0.5, 0.5, 0.5, 0.5, 0.5, 0.5, 0.5, 0.5, 0.5, 0.5, 0.5, 0.5, 0.5, 0.5, 0.5, 0.5, 0.5, 0.5, 0.5, 0.5, 0.5, 0.5, 0.5, 0.5, 0.5, 0.5, 0.5, 0.5, 0.5, 0.5, 0.5, 0.5, 0.5, 0.5, 0.5, 0.5, 0.5, 0.5, 0.5, 0.5, 0.5, 0.5, 0.5, 0.5, 0.5, 0.5, 0.5, 0.5, 0.5, 0.5, 0.5, 0.5, 0.5, 0.5, 0.5, 0.5, 0.5, 0.5, 0.5, 0.5, 0.5, 0.5, 0.5, 0.5, 0.5, 0.5, 0.5, 0.5, 0.5, 0.5, 0.5, 0.5, 0.5, 0.5, 0.5, 0.5, 0.5, 0.5, 0.5, 0.5, 0.5, 0.5, 0.5, 0.5, 0.5, 0.5, 0.5, 0.5, 0.5, 0.5, 0.5, 0.5, 0.5, 0.5, 0.5, 0.5, 0.5, 0.5, 0.5, 0.5, 0.5, 0.5, 0.5, 0.5, 0.5, 0.5, 0.5, 0.5, 0.5, 0.5, 0.5, 0.5, 0.5, 0.5, 0.5, 0.5, 0.5, 0.5, 0.5, 0.5, 0.5, 0.5, 0.5, 0.5, 0.5, 0.5, 0.5, 0.5, 0.5, 0.5, 0.5, 0.5, 0.5, 0.5, 0.5, 0.5, 0.5, 0.5, 0.5, 0.5, 0.5, 0.5, 0.5, 0.5, 0.5, 0.5, 0.5, 0.5, 0.5, 0.5, 0.5, 0.5, 0.5, 0.5, 0.5, 0.5, 0.5, 0.5, 0.5, 0.5, 0.5, 0.5, 0.5, 0.5, 0.5, 0.5, 0.5, 0.5, 0.5, 0.5, 0.5, 0.5, 0.5, 0.5, 0.5, 0.5, 0.5, 0.5, 0.5, 0.5, 0.5, 0.5, 0.5, 0.5, 0.5, 0.5, 0.5, 0.5, 0.5, 0.5, 0.5, 0.5, 0.5, 0.5, 0.5, 0.5, 0.5, 0.5, 0.5, 0.5, 0.5, 0.5, 0.5, 0.5, 0.5, 0.5, 0.5, 0.5, 0.5, 0.5, 0.5, 0.5, 0.5, 0.5, 0.5, 0.5, 0.5, 0.5, 0.5, 0.5, 0.5, 0.5, 0.5, 0.5, 0.5, 0.5, 0.5, 0.5, 0.5, 0.5, 0.5, 0.5, 0.5, 0.5, 0.5, 0.5, 0.5, 0.5, 0.5, 0.5, 0.5, 0.5, 0.5, 0.5, 0.5, 0.5, 0.5, 0.5, 0.5, 0.5, 0.5, 0.5, 0.5, 0.5, 0.5, 0.5, 0.5, 0.5, 0.5, 0.5, 0.5, 0.5, 0.5, 0.5, 0.5, 0.5, 0.5, 0.5, 0.5, 0.5, 0.5, 0.5, 0.5, 0.5, 0.5, 0.5, 0.5, 0.5, 0.5, 0.5, 0.5, 0.5, 0.5, 0.5, 0.5, 0.5, 0.5, 0.5, 0.5, 0.5, 0.5, 0.5, 0.5, 0.5, 0.5, 0.5, 0.5, 0.5, 0.5, 0.5, 0.5, 0.5, 0.5, 0.5, 0.5, 0.5, 0.5, 0.5, 0.5, 0.5, 0.5, 0.5, 0.5, 0.5, 0.5, 0.5, 0.5, 0.5, 0.5, 0.5, 0.5, 0.5, 0.5, 0.5, 0.5, 0.5, 0.5, 0.5, 0.5, 0.5, 0.5, 0.5, 0.5, 0.5, 0.5, 0.5, 0.5, 0.5, 0.5, 0.5, 0.5, 0.5, 0.5, 0.5, 0.5, 0.5, 0.5, 0.5, 0.5, 0.5, 0.5, 0.5, 0.5, 0.5, 0.5, 0.5, 0.5, 0.5, 0.5, 0.5, 0.5, 0.5, 0.5, 0.5, 0.5, 0.5, 0.5, 0.5, 0.5, 0.5, 0.5, 0.5, 0.5, 0.5, 0.5, 0.5, 0.5, 0.5, 0.5, 0.5, 0.5, 0.5, 0.5, 0.5, 0.5, 0.5, 0.5, 0.5, 0.5, 0.5, 0.5, 0.5, 0.5, 0.5, 0.5, 0.5, 0.5, 0.5, 0.5, 0.5, 0.5, 0.5, 0.5, 0.5, 0.5, 0.5, 0.5, 0.5, 0.5, 0.5, 0.5, 0.5, 0.5, 0.5, 0.5, 0.5, 0.5, 0.5, 0.5, 0.5, 0.5, 0.5, 0.5, 0.5, 0.5, 0.5, 0.5, 0.5, 0.5, 0.5, 0.5, 0.5, 0.5, 0.5, 0.5, 0.5, 0.5, 0.5, 0.5, 0.5, 0.5, 0.5, 0.5, 0.5, 0.5, 0.5, 0.5, 0.5, 0.5, 0.5, 0.5, 0.5, 0.5, 0.5, 0.5, 0.5]",3
