qid,generation_gt,generated_texts,generated_tokens,generated_log_probs,kice_metric
2026_11_KICE_1-3_0,['3(2)'],"1번: 일치한다  
“언어 이해는 말로 듣거나 글로 읽은 내용의 의미를 파악하는 능력으로, 중심 내용 파악하기, 추론하기 등을 포함한다.”  

2번: 일치한다  
“이를 바탕으로 단순 관점은 독자 유형을 다음의 네 가지로 구분한다.”  

3번: 일치하지 않는다  
“해독 발달에는 글자와 글자 소리에 대한 학습이 필수적이므로 글 읽기 경험과 말소리 듣기 경험이 모두 필요하다.”  

4번: 일치한다  
“독해 능력에 해독과 언어 이해가 미치는 영향을 규명함으로써 독해 능력 연구의 이론적 토대를 제공했다는 의의가 있다.”  

5번: 일치한다  
“글을 읽고 그 의미를 이해하는 독해에는 글의 유형이나 독서 흥미 등의 다양한 요소가 영향을 미칠 수 있다. 이를 고려하여 독해 능력을 복잡한 과정으로 설명한 연구가 많다.”  

최종 정답: 3번","[16, 167, 110, 230, 25, 23821, 251, 120, 168, 117, 246, 47991, 250, 46695, 97, 220, 220, 198, 447, 250, 168, 244, 116, 168, 244, 112, 23821, 251, 112, 47991, 112, 167, 232, 242, 31619, 100, 238, 167, 94, 250, 31619, 241, 96, 166, 109, 108, 167, 224, 246, 220, 166, 116, 222, 167, 94, 250, 23821, 251, 121, 35975, 222, 31619, 224, 112, 168, 248, 102, 35975, 246, 23821, 251, 246, 167, 107, 116, 167, 98, 120, 220, 169, 234, 234, 168, 243, 227, 47991, 246, 167, 232, 242, 31619, 232, 98, 167, 254, 98, 168, 250, 120, 167, 94, 250, 11, 23821, 97, 239, 168, 233, 105, 31619, 224, 112, 168, 248, 102, 220, 169, 234, 234, 168, 243, 227, 47991, 246, 166, 116, 108, 11, 23821, 114, 242, 167, 94, 254, 47991, 246, 166, 116, 108, 31619, 241, 109, 35975, 226, 220, 169, 237, 105, 47991, 101, 47991, 250, 46695, 97, 13, 447, 251, 220, 220, 198, 198, 17, 167, 110, 230, 25, 23821, 251, 120, 168, 117, 246, 47991, 250, 46695, 97, 220, 220, 198, 447, 250, 35975, 112, 167, 98, 120, 31619, 108, 242, 169, 225, 243, 168, 250, 120, 167, 94, 250, 31619, 233, 101, 168, 230, 250, 220, 166, 112, 222, 168, 254, 238, 35975, 222, 31619, 237, 227, 168, 252, 238, 23821, 250, 254, 169, 246, 243, 35975, 226, 31619, 233, 97, 35975, 234, 35975, 246, 31619, 226, 97, 220, 166, 108, 222, 168, 100, 222, 167, 94, 250, 220, 166, 113, 105, 167, 114, 226, 47991, 250, 46695, 97, 13, 447, 251, 220, 220, 198, 198, 18, 167, 110, 230, 25, 23821, 251, 120, 168, 117, 246, 47991, 246, 168, 100, 222, 23821, 243, 232, 167, 232, 242, 46695, 97, 220, 220, 198, 447, 250, 47991, 112, 167, 237, 227, 31619, 108, 250, 46695, 105, 168, 245, 238, 167, 232, 242, 220, 166, 116, 222, 168, 252, 238, 168, 247, 222, 220, 166, 116, 222, 168, 252, 238, 23821, 228, 234, 167, 99, 105, 168, 245, 238, 31619, 234, 222, 47991, 250, 220, 47991, 247, 168, 232, 113, 35975, 112, 220, 47991, 226, 168, 230, 246, 168, 254, 223, 35975, 112, 167, 107, 222, 167, 94, 250, 220, 166, 116, 222, 23821, 251, 121, 166, 116, 108, 220, 166, 110, 121, 169, 245, 246, 166, 111, 120, 31619, 100, 238, 168, 228, 234, 167, 99, 105, 31619, 241, 96, 166, 116, 108, 220, 166, 110, 121, 169, 245, 246, 35975, 112, 31619, 103, 101, 167, 239, 238, 220, 47991, 226, 168, 248, 242, 47991, 246, 46695, 97, 13, 447, 251, 220, 220, 198, 198, 19, 167, 110, 230, 25, 23821, 251, 120, 168, 117, 246, 47991, 250, 46695, 97, 220, 220, 198, 447, 250, 167, 237, 227, 47991, 112, 31619, 232, 98, 167, 254, 98, 168, 245, 238, 220, 47991, 112, 167, 237, 227, 166, 111, 120, 23821, 244, 116, 168, 244, 112, 23821, 251, 112, 47991, 112, 166, 108, 222, 31619, 107, 116, 168, 117, 246, 167, 232, 242, 23821, 246, 223, 169, 244, 98, 35975, 226, 220, 166, 115, 250, 167, 103, 227, 47991, 101, 168, 250, 120, 167, 94, 250, 168, 235, 101, 31619, 237, 227, 47991, 112, 31619, 232, 98, 167, 254, 98, 23821, 245, 108, 166, 113, 105, 35975, 246, 23821, 251, 112, 167, 94, 254, 168, 254, 223, 220, 169, 228, 254, 167, 234, 222, 167, 98, 120, 23821, 254, 250, 166, 111, 113, 169, 244, 230, 46695, 97, 167, 232, 242, 23821, 251, 246, 35975, 246, 166, 108, 222, 23821, 252, 230, 46695, 97, 13, 447, 251, 220, 220, 198, 198, 20, 167, 110, 230, 25, 23821, 251, 120, 168, 117, 246, 47991, 250, 46695, 97, 220, 220, 198, 447, 250, 166, 116, 222, 35975, 226, 23821, 251, 121, 166, 111, 254, 220, 166, 115, 116, 23821, 251, 246, 167, 107, 116, 167, 98, 120, 23821, 251, 112, 47991, 112, 47991, 246, 167, 232, 242, 31619, 237, 227, 47991, 112, 168, 245, 238, 167, 232, 242, 220, 166, 116, 222, 35975, 246, 23821, 250, 254, 169, 246, 243, 35975, 112, 167, 224, 246, 31619, 237, 227, 168, 226, 250, 220, 169, 251, 98, 167, 107, 116, 31619, 241, 109, 35975, 246, 31619, 233, 97, 168, 244, 239, 47991, 250, 23821, 248, 242, 168, 228, 234, 166, 108, 222, 23821, 246, 223, 169, 244, 98, 35975, 226, 31619, 107, 116, 168, 117, 254, 23821, 230, 246, 23821, 252, 230, 46695, 97, 13, 23821, 251, 112, 167, 98, 120, 220, 166, 111, 254, 167, 254, 97, 47991, 246, 168, 245, 105, 31619, 237, 227, 47991, 112, 31619, 232, 98, 167, 254, 98, 35975, 226, 31619, 111, 113, 168, 252, 94, 47991, 250, 220, 166, 111, 120, 168, 254, 243, 168, 250, 120, 167, 94, 250, 23821, 226, 97, 167, 103, 227, 47991, 250, 23821, 245, 108, 166, 113, 105, 166, 108, 222, 31619, 100, 236, 46695, 97, 13, 447, 251, 220, 220, 198, 198, 168, 113, 250, 168, 95, 227, 23821, 254, 243, 46695, 113, 25, 513, 167, 110, 230]","[0.5, 0.5, 0.5, 0.5, 0.5, 0.5, 0.5, 0.5, 0.5, 0.5, 0.5, 0.5, 0.5, 0.5, 0.5, 0.5, 0.5, 0.5, 0.5, 0.5, 0.5, 0.5, 0.5, 0.5, 0.5, 0.5, 0.5, 0.5, 0.5, 0.5, 0.5, 0.5, 0.5, 0.5, 0.5, 0.5, 0.5, 0.5, 0.5, 0.5, 0.5, 0.5, 0.5, 0.5, 0.5, 0.5, 0.5, 0.5, 0.5, 0.5, 0.5, 0.5, 0.5, 0.5, 0.5, 0.5, 0.5, 0.5, 0.5, 0.5, 0.5, 0.5, 0.5, 0.5, 0.5, 0.5, 0.5, 0.5, 0.5, 0.5, 0.5, 0.5, 0.5, 0.5, 0.5, 0.5, 0.5, 0.5, 0.5, 0.5, 0.5, 0.5, 0.5, 0.5, 0.5, 0.5, 0.5, 0.5, 0.5, 0.5, 0.5, 0.5, 0.5, 0.5, 0.5, 0.5, 0.5, 0.5, 0.5, 0.5, 0.5, 0.5, 0.5, 0.5, 0.5, 0.5, 0.5, 0.5, 0.5, 0.5, 0.5, 0.5, 0.5, 0.5, 0.5, 0.5, 0.5, 0.5, 0.5, 0.5, 0.5, 0.5, 0.5, 0.5, 0.5, 0.5, 0.5, 0.5, 0.5, 0.5, 0.5, 0.5, 0.5, 0.5, 0.5, 0.5, 0.5, 0.5, 0.5, 0.5, 0.5, 0.5, 0.5, 0.5, 0.5, 0.5, 0.5, 0.5, 0.5, 0.5, 0.5, 0.5, 0.5, 0.5, 0.5, 0.5, 0.5, 0.5, 0.5, 0.5, 0.5, 0.5, 0.5, 0.5, 0.5, 0.5, 0.5, 0.5, 0.5, 0.5, 0.5, 0.5, 0.5, 0.5, 0.5, 0.5, 0.5, 0.5, 0.5, 0.5, 0.5, 0.5, 0.5, 0.5, 0.5, 0.5, 0.5, 0.5, 0.5, 0.5, 0.5, 0.5, 0.5, 0.5, 0.5, 0.5, 0.5, 0.5, 0.5, 0.5, 0.5, 0.5, 0.5, 0.5, 0.5, 0.5, 0.5, 0.5, 0.5, 0.5, 0.5, 0.5, 0.5, 0.5, 0.5, 0.5, 0.5, 0.5, 0.5, 0.5, 0.5, 0.5, 0.5, 0.5, 0.5, 0.5, 0.5, 0.5, 0.5, 0.5, 0.5, 0.5, 0.5, 0.5, 0.5, 0.5, 0.5, 0.5, 0.5, 0.5, 0.5, 0.5, 0.5, 0.5, 0.5, 0.5, 0.5, 0.5, 0.5, 0.5, 0.5, 0.5, 0.5, 0.5, 0.5, 0.5, 0.5, 0.5, 0.5, 0.5, 0.5, 0.5, 0.5, 0.5, 0.5, 0.5, 0.5, 0.5, 0.5, 0.5, 0.5, 0.5, 0.5, 0.5, 0.5, 0.5, 0.5, 0.5, 0.5, 0.5, 0.5, 0.5, 0.5, 0.5, 0.5, 0.5, 0.5, 0.5, 0.5, 0.5, 0.5, 0.5, 0.5, 0.5, 0.5, 0.5, 0.5, 0.5, 0.5, 0.5, 0.5, 0.5, 0.5, 0.5, 0.5, 0.5, 0.5, 0.5, 0.5, 0.5, 0.5, 0.5, 0.5, 0.5, 0.5, 0.5, 0.5, 0.5, 0.5, 0.5, 0.5, 0.5, 0.5, 0.5, 0.5, 0.5, 0.5, 0.5, 0.5, 0.5, 0.5, 0.5, 0.5, 0.5, 0.5, 0.5, 0.5, 0.5, 0.5, 0.5, 0.5, 0.5, 0.5, 0.5, 0.5, 0.5, 0.5, 0.5, 0.5, 0.5, 0.5, 0.5, 0.5, 0.5, 0.5, 0.5, 0.5, 0.5, 0.5, 0.5, 0.5, 0.5, 0.5, 0.5, 0.5, 0.5, 0.5, 0.5, 0.5, 0.5, 0.5, 0.5, 0.5, 0.5, 0.5, 0.5, 0.5, 0.5, 0.5, 0.5, 0.5, 0.5, 0.5, 0.5, 0.5, 0.5, 0.5, 0.5, 0.5, 0.5, 0.5, 0.5, 0.5, 0.5, 0.5, 0.5, 0.5, 0.5, 0.5, 0.5, 0.5, 0.5, 0.5, 0.5, 0.5, 0.5, 0.5, 0.5, 0.5, 0.5, 0.5, 0.5, 0.5, 0.5, 0.5, 0.5, 0.5, 0.5, 0.5, 0.5, 0.5, 0.5, 0.5, 0.5, 0.5, 0.5, 0.5, 0.5, 0.5, 0.5, 0.5, 0.5, 0.5, 0.5, 0.5, 0.5, 0.5, 0.5, 0.5, 0.5, 0.5, 0.5, 0.5, 0.5, 0.5, 0.5, 0.5, 0.5, 0.5, 0.5, 0.5, 0.5, 0.5, 0.5, 0.5, 0.5, 0.5, 0.5, 0.5, 0.5, 0.5, 0.5, 0.5, 0.5, 0.5, 0.5, 0.5, 0.5, 0.5, 0.5, 0.5, 0.5, 0.5, 0.5, 0.5, 0.5, 0.5, 0.5, 0.5, 0.5, 0.5, 0.5, 0.5, 0.5, 0.5, 0.5, 0.5, 0.5, 0.5, 0.5, 0.5, 0.5, 0.5, 0.5, 0.5, 0.5, 0.5, 0.5, 0.5, 0.5, 0.5, 0.5, 0.5, 0.5, 0.5, 0.5, 0.5, 0.5, 0.5, 0.5, 0.5, 0.5, 0.5, 0.5, 0.5, 0.5, 0.5, 0.5, 0.5, 0.5, 0.5, 0.5, 0.5, 0.5, 0.5, 0.5, 0.5, 0.5, 0.5, 0.5, 0.5, 0.5, 0.5, 0.5, 0.5, 0.5, 0.5, 0.5, 0.5, 0.5, 0.5, 0.5, 0.5, 0.5, 0.5, 0.5, 0.5, 0.5, 0.5, 0.5, 0.5, 0.5, 0.5, 0.5, 0.5, 0.5, 0.5, 0.5, 0.5, 0.5, 0.5, 0.5, 0.5, 0.5, 0.5, 0.5, 0.5, 0.5, 0.5, 0.5, 0.5, 0.5, 0.5, 0.5, 0.5, 0.5, 0.5, 0.5, 0.5, 0.5, 0.5, 0.5, 0.5, 0.5, 0.5, 0.5, 0.5, 0.5, 0.5, 0.5, 0.5, 0.5, 0.5, 0.5, 0.5, 0.5, 0.5, 0.5, 0.5, 0.5, 0.5, 0.5, 0.5, 0.5, 0.5, 0.5, 0.5, 0.5, 0.5, 0.5, 0.5, 0.5, 0.5, 0.5, 0.5, 0.5, 0.5, 0.5, 0.5, 0.5, 0.5, 0.5, 0.5, 0.5, 0.5, 0.5, 0.5, 0.5, 0.5, 0.5, 0.5, 0.5, 0.5, 0.5, 0.5, 0.5, 0.5, 0.5, 0.5, 0.5, 0.5, 0.5, 0.5, 0.5, 0.5, 0.5, 0.5, 0.5, 0.5, 0.5, 0.5, 0.5, 0.5, 0.5, 0.5, 0.5, 0.5, 0.5, 0.5, 0.5, 0.5, 0.5, 0.5, 0.5, 0.5, 0.5, 0.5, 0.5, 0.5, 0.5, 0.5, 0.5, 0.5, 0.5, 0.5, 0.5, 0.5, 0.5, 0.5, 0.5, 0.5, 0.5, 0.5, 0.5, 0.5, 0.5, 0.5, 0.5, 0.5, 0.5, 0.5, 0.5, 0.5, 0.5, 0.5, 0.5, 0.5, 0.5, 0.5, 0.5, 0.5, 0.5, 0.5, 0.5, 0.5, 0.5, 0.5, 0.5, 0.5, 0.5, 0.5, 0.5, 0.5, 0.5, 0.5, 0.5, 0.5, 0.5, 0.5, 0.5, 0.5, 0.5, 0.5, 0.5, 0.5, 0.5, 0.5, 0.5, 0.5, 0.5, 0.5, 0.5, 0.5, 0.5, 0.5, 0.5, 0.5, 0.5, 0.5, 0.5, 0.5, 0.5, 0.5, 0.5, 0.5, 0.5, 0.5, 0.5, 0.5, 0.5, 0.5, 0.5, 0.5, 0.5, 0.5, 0.5, 0.5, 0.5, 0.5, 0.5, 0.5, 0.5, 0.5, 0.5, 0.5, 0.5, 0.5, 0.5, 0.5, 0.5, 0.5, 0.5, 0.5, 0.5, 0.5, 0.5, 0.5, 0.5, 0.5, 0.5, 0.5, 0.5, 0.5, 0.5, 0.5, 0.5, 0.5, 0.5, 0.5, 0.5, 0.5, 0.5, 0.5, 0.5, 0.5, 0.5, 0.5, 0.5, 0.5, 0.5, 0.5, 0.5, 0.5, 0.5, 0.5, 0.5, 0.5, 0.5, 0.5, 0.5, 0.5, 0.5, 0.5, 0.5, 0.5, 0.5, 0.5, 0.5, 0.5, 0.5, 0.5, 0.5, 0.5, 0.5, 0.5, 0.5, 0.5, 0.5, 0.5, 0.5, 0.5, 0.5, 0.5, 0.5]",2
2026_11_KICE_1-3_1,['5(2)'],"1번: 적절하지 않다. 단순 관점은 해독이 부족한 독자가 독해에 어려움을 겪는 경우를 분명히 다루고 있다.  
(지문 속 근거: “단순 관점에 따르면 해독과 언어 이해 중 어느 하나라도 부족한 독자는 독해에 어려움을 겪으며, 능숙한 독해 수준에 도달하기도 힘들다.”)

2번: 적절하지 않다. 단순 관점은 독해에서의 어려움이 나타날 수 있음을 고려하여 네 가지 독자 유형을 제시하고 있다.  
(지문 속 근거: “이를 바탕으로 단순 관점은 독자 유형을 다음의 네 가지로 구분한다.”)

3번: 적절하지 않다. 단순 관점은 해독과 언어 이해를 모두 독해 능력의 필수 요소로 보고, 언어 이해의 중요성을 충분히 인식하고 있다.  
(지문 속 근거: “‘해독’과 ‘언어 이해’로 단순화하여 설명한다.”)

4번: 적절하지 않다. 단순 관점은 해독 발달에 글 읽기 경험뿐 아니라 말소리 듣기 경험(청각적 경험)의 필요성도 분명히 제시한다.  
(지문 속 근거: “해독 발달에는 글자와 글자 소리에 대한 학습이 필수적이므로 글 읽기 경험과 말소리 듣기 경험이 모두 필요하다.”)

5번: 적절하다. 단순 관점은 해독과 언어 이해가 독해에 미치는 영향을 밝히지만, 그 과정에서 독자의 사고 작용이 어떻게 이루어지는지는 설명하지 않는다.  
(지문 속 근거: “단순 관점은 … 독자의 머릿속에서 일어나는 작용이 어떤 과정을 거치는지 설명하지는 않는다.”)

최종 정답: 5번","[16, 167, 110, 230, 25, 23821, 254, 223, 168, 254, 230, 47991, 246, 168, 100, 222, 23821, 243, 232, 46695, 97, 13, 31619, 233, 101, 168, 230, 250, 220, 166, 112, 222, 168, 254, 238, 35975, 222, 220, 47991, 112, 167, 237, 227, 35975, 112, 31619, 114, 222, 168, 94, 109, 47991, 250, 31619, 237, 227, 168, 252, 238, 166, 108, 222, 31619, 237, 227, 47991, 112, 168, 245, 238, 23821, 244, 112, 167, 254, 97, 168, 249, 222, 35975, 226, 220, 166, 110, 103, 167, 232, 242, 220, 166, 110, 121, 168, 248, 108, 167, 98, 120, 31619, 114, 226, 167, 103, 227, 169, 252, 230, 31619, 233, 97, 167, 96, 101, 166, 111, 254, 23821, 252, 230, 46695, 97, 13, 220, 220, 198, 7, 168, 100, 222, 167, 105, 116, 23821, 228, 235, 220, 166, 115, 120, 166, 109, 108, 25, 564, 250, 46695, 101, 168, 230, 250, 220, 166, 112, 222, 168, 254, 238, 168, 245, 238, 31619, 242, 108, 167, 98, 112, 167, 102, 112, 220, 47991, 112, 167, 237, 227, 166, 111, 120, 23821, 244, 116, 168, 244, 112, 23821, 251, 112, 47991, 112, 23821, 97, 239, 23821, 244, 112, 167, 232, 238, 220, 47991, 246, 167, 224, 246, 167, 251, 120, 167, 237, 226, 31619, 114, 222, 168, 94, 109, 47991, 250, 31619, 237, 227, 168, 252, 238, 167, 232, 242, 31619, 237, 227, 47991, 112, 168, 245, 238, 23821, 244, 112, 167, 254, 97, 168, 249, 222, 35975, 226, 220, 166, 110, 103, 168, 250, 120, 167, 102, 108, 11, 31619, 232, 98, 168, 230, 247, 47991, 250, 31619, 237, 227, 47991, 112, 23821, 230, 246, 168, 97, 222, 168, 245, 238, 31619, 237, 226, 46695, 105, 47991, 246, 166, 116, 108, 167, 237, 226, 220, 169, 252, 246, 167, 241, 97, 46695, 97, 13, 447, 251, 8, 198, 198, 17, 167, 110, 230, 25, 23821, 254, 223, 168, 254, 230, 47991, 246, 168, 100, 222, 23821, 243, 232, 46695, 97, 13, 31619, 233, 101, 168, 230, 250, 220, 166, 112, 222, 168, 254, 238, 35975, 222, 31619, 237, 227, 47991, 112, 168, 245, 238, 168, 226, 250, 35975, 246, 23821, 244, 112, 167, 254, 97, 168, 249, 222, 35975, 112, 31619, 224, 246, 169, 225, 222, 167, 224, 254, 23821, 230, 246, 23821, 252, 230, 35975, 234, 35975, 226, 220, 166, 111, 254, 167, 254, 97, 47991, 246, 168, 245, 105, 31619, 226, 97, 220, 166, 108, 222, 168, 100, 222, 31619, 237, 227, 168, 252, 238, 23821, 250, 254, 169, 246, 243, 35975, 226, 23821, 254, 250, 168, 233, 250, 47991, 246, 166, 111, 254, 23821, 252, 230, 46695, 97, 13, 220, 220, 198, 7, 168, 100, 222, 167, 105, 116, 23821, 228, 235, 220, 166, 115, 120, 166, 109, 108, 25, 564, 250, 35975, 112, 167, 98, 120, 31619, 108, 242, 169, 225, 243, 168, 250, 120, 167, 94, 250, 31619, 233, 101, 168, 230, 250, 220, 166, 112, 222, 168, 254, 238, 35975, 222, 31619, 237, 227, 168, 252, 238, 23821, 250, 254, 169, 246, 243, 35975, 226, 31619, 233, 97, 35975, 234, 35975, 246, 31619, 226, 97, 220, 166, 108, 222, 168, 100, 222, 167, 94, 250, 220, 166, 113, 105, 167, 114, 226, 47991, 250, 46695, 97, 13, 447, 251, 8, 198, 198, 18, 167, 110, 230, 25, 23821, 254, 223, 168, 254, 230, 47991, 246, 168, 100, 222, 23821, 243, 232, 46695, 97, 13, 31619, 233, 101, 168, 230, 250, 220, 166, 112, 222, 168, 254, 238, 35975, 222, 220, 47991, 112, 167, 237, 227, 166, 111, 120, 23821, 244, 116, 168, 244, 112, 23821, 251, 112, 47991, 112, 167, 98, 120, 31619, 103, 101, 167, 239, 238, 31619, 237, 227, 47991, 112, 31619, 232, 98, 167, 254, 98, 35975, 246, 220, 47991, 226, 168, 230, 246, 23821, 248, 242, 168, 228, 234, 167, 94, 250, 31619, 111, 112, 166, 111, 254, 11, 23821, 244, 116, 168, 244, 112, 23821, 251, 112, 47991, 112, 35975, 246, 23821, 97, 239, 168, 248, 242, 168, 226, 109, 35975, 226, 23821, 114, 102, 167, 114, 226, 169, 252, 230, 23821, 251, 116, 168, 233, 251, 47991, 246, 166, 111, 254, 23821, 252, 230, 46695, 97, 13, 220, 220, 198, 7, 168, 100, 222, 167, 105, 116, 23821, 228, 235, 220, 166, 115, 120, 166, 109, 108, 25, 564, 250, 447, 246, 47991, 112, 167, 237, 227, 447, 247, 166, 111, 120, 564, 246, 168, 244, 116, 168, 244, 112, 23821, 251, 112, 47991, 112, 447, 247, 167, 94, 250, 31619, 233, 101, 168, 230, 250, 169, 247, 242, 47991, 246, 168, 245, 105, 23821, 226, 97, 167, 103, 227, 47991, 250, 46695, 97, 13, 447, 251, 8, 198, 198, 19, 167, 110, 230, 25, 23821, 254, 223, 168, 254, 230, 47991, 246, 168, 100, 222, 23821, 243, 232, 46695, 97, 13, 31619, 233, 101, 168, 230, 250, 220, 166, 112, 222, 168, 254, 238, 35975, 222, 220, 47991, 112, 167, 237, 227, 31619, 108, 250, 46695, 105, 168, 245, 238, 220, 166, 116, 222, 23821, 251, 121, 166, 116, 108, 220, 166, 110, 121, 169, 245, 246, 167, 123, 238, 23821, 243, 226, 46695, 230, 167, 251, 120, 31619, 100, 238, 168, 228, 234, 167, 99, 105, 31619, 241, 96, 166, 116, 108, 220, 166, 110, 121, 169, 245, 246, 7, 168, 110, 255, 166, 108, 223, 168, 254, 223, 220, 166, 110, 121, 169, 245, 246, 8, 35975, 246, 220, 47991, 226, 168, 248, 242, 168, 226, 109, 167, 237, 226, 31619, 114, 226, 167, 103, 227, 169, 252, 230, 23821, 254, 250, 168, 233, 250, 47991, 250, 46695, 97, 13, 220, 220, 198, 7, 168, 100, 222, 167, 105, 116, 23821, 228, 235, 220, 166, 115, 120, 166, 109, 108, 25, 564, 250, 47991, 112, 167, 237, 227, 31619, 108, 250, 46695, 105, 168, 245, 238, 167, 232, 242, 220, 166, 116, 222, 168, 252, 238, 168, 247, 222, 220, 166, 116, 222, 168, 252, 238, 23821, 228, 234, 167, 99, 105, 168, 245, 238, 31619, 234, 222, 47991, 250, 220, 47991, 247, 168, 232, 113, 35975, 112, 220, 47991, 226, 168, 230, 246, 168, 254, 223, 35975, 112, 167, 107, 222, 167, 94, 250, 220, 166, 116, 222, 23821, 251, 121, 166, 116, 108, 220, 166, 110, 121, 169, 245, 246, 166, 111, 120, 31619, 100, 238, 168, 228, 234, 167, 99, 105, 31619, 241, 96, 166, 116, 108, 220, 166, 110, 121, 169, 245, 246, 35975, 112, 31619, 103, 101, 167, 239, 238, 220, 47991, 226, 168, 248, 242, 47991, 246, 46695, 97, 13, 447, 251, 8, 198, 198, 20, 167, 110, 230, 25, 23821, 254, 223, 168, 254, 230, 47991, 246, 46695, 97, 13, 31619, 233, 101, 168, 230, 250, 220, 166, 112, 222, 168, 254, 238, 35975, 222, 220, 47991, 112, 167, 237, 227, 166, 111, 120, 23821, 244, 116, 168, 244, 112, 23821, 251, 112, 47991, 112, 166, 108, 222, 31619, 237, 227, 47991, 112, 168, 245, 238, 31619, 107, 116, 168, 117, 246, 167, 232, 242, 23821, 246, 223, 169, 244, 98, 35975, 226, 31619, 108, 251, 169, 252, 230, 168, 100, 222, 167, 100, 234, 11, 220, 166, 115, 116, 220, 166, 111, 120, 168, 254, 243, 168, 245, 238, 168, 226, 250, 31619, 237, 227, 168, 252, 238, 35975, 246, 23821, 8955, 166, 111, 254, 23821, 252, 239, 168, 248, 102, 35975, 112, 23821, 244, 112, 167, 244, 119, 166, 110, 234, 23821, 251, 112, 167, 96, 101, 168, 244, 112, 168, 100, 222, 167, 232, 242, 168, 100, 222, 167, 232, 242, 23821, 226, 97, 167, 103, 227, 47991, 246, 168, 100, 222, 23821, 243, 232, 167, 232, 242, 46695, 97, 13, 220, 220, 198, 7, 168, 100, 222, 167, 105, 116, 23821, 228, 235, 220, 166, 115, 120, 166, 109, 108, 25, 564, 250, 46695, 101, 168, 230, 250, 220, 166, 112, 222, 168, 254, 238, 35975, 222, 3926, 31619, 237, 227, 168, 252, 238, 35975, 246, 31619, 101, 116, 167, 99, 123, 168, 228, 235, 168, 245, 238, 168, 226, 250, 23821, 251, 120, 168, 244, 112, 167, 224, 246, 167, 232, 242, 23821, 252, 239, 168, 248, 102, 35975, 112, 23821, 244, 112, 167, 244, 97, 220, 166, 111, 120, 168, 254, 243, 35975, 226, 220, 166, 109, 108, 168, 117, 246, 167, 232, 242, 168, 100, 222, 23821, 226, 97, 167, 103, 227, 47991, 246, 168, 100, 222, 167, 232, 242, 23821, 243, 232, 167, 232, 242, 46695, 97, 13, 447, 251, 8, 198, 198, 168, 113, 250, 168, 95, 227, 23821, 254, 243, 46695, 113, 25, 642, 167, 110, 230]","[0.5, 0.5, 0.5, 0.5, 0.5, 0.5, 0.5, 0.5, 0.5, 0.5, 0.5, 0.5, 0.5, 0.5, 0.5, 0.5, 0.5, 0.5, 0.5, 0.5, 0.5, 0.5, 0.5, 0.5, 0.5, 0.5, 0.5, 0.5, 0.5, 0.5, 0.5, 0.5, 0.5, 0.5, 0.5, 0.5, 0.5, 0.5, 0.5, 0.5, 0.5, 0.5, 0.5, 0.5, 0.5, 0.5, 0.5, 0.5, 0.5, 0.5, 0.5, 0.5, 0.5, 0.5, 0.5, 0.5, 0.5, 0.5, 0.5, 0.5, 0.5, 0.5, 0.5, 0.5, 0.5, 0.5, 0.5, 0.5, 0.5, 0.5, 0.5, 0.5, 0.5, 0.5, 0.5, 0.5, 0.5, 0.5, 0.5, 0.5, 0.5, 0.5, 0.5, 0.5, 0.5, 0.5, 0.5, 0.5, 0.5, 0.5, 0.5, 0.5, 0.5, 0.5, 0.5, 0.5, 0.5, 0.5, 0.5, 0.5, 0.5, 0.5, 0.5, 0.5, 0.5, 0.5, 0.5, 0.5, 0.5, 0.5, 0.5, 0.5, 0.5, 0.5, 0.5, 0.5, 0.5, 0.5, 0.5, 0.5, 0.5, 0.5, 0.5, 0.5, 0.5, 0.5, 0.5, 0.5, 0.5, 0.5, 0.5, 0.5, 0.5, 0.5, 0.5, 0.5, 0.5, 0.5, 0.5, 0.5, 0.5, 0.5, 0.5, 0.5, 0.5, 0.5, 0.5, 0.5, 0.5, 0.5, 0.5, 0.5, 0.5, 0.5, 0.5, 0.5, 0.5, 0.5, 0.5, 0.5, 0.5, 0.5, 0.5, 0.5, 0.5, 0.5, 0.5, 0.5, 0.5, 0.5, 0.5, 0.5, 0.5, 0.5, 0.5, 0.5, 0.5, 0.5, 0.5, 0.5, 0.5, 0.5, 0.5, 0.5, 0.5, 0.5, 0.5, 0.5, 0.5, 0.5, 0.5, 0.5, 0.5, 0.5, 0.5, 0.5, 0.5, 0.5, 0.5, 0.5, 0.5, 0.5, 0.5, 0.5, 0.5, 0.5, 0.5, 0.5, 0.5, 0.5, 0.5, 0.5, 0.5, 0.5, 0.5, 0.5, 0.5, 0.5, 0.5, 0.5, 0.5, 0.5, 0.5, 0.5, 0.5, 0.5, 0.5, 0.5, 0.5, 0.5, 0.5, 0.5, 0.5, 0.5, 0.5, 0.5, 0.5, 0.5, 0.5, 0.5, 0.5, 0.5, 0.5, 0.5, 0.5, 0.5, 0.5, 0.5, 0.5, 0.5, 0.5, 0.5, 0.5, 0.5, 0.5, 0.5, 0.5, 0.5, 0.5, 0.5, 0.5, 0.5, 0.5, 0.5, 0.5, 0.5, 0.5, 0.5, 0.5, 0.5, 0.5, 0.5, 0.5, 0.5, 0.5, 0.5, 0.5, 0.5, 0.5, 0.5, 0.5, 0.5, 0.5, 0.5, 0.5, 0.5, 0.5, 0.5, 0.5, 0.5, 0.5, 0.5, 0.5, 0.5, 0.5, 0.5, 0.5, 0.5, 0.5, 0.5, 0.5, 0.5, 0.5, 0.5, 0.5, 0.5, 0.5, 0.5, 0.5, 0.5, 0.5, 0.5, 0.5, 0.5, 0.5, 0.5, 0.5, 0.5, 0.5, 0.5, 0.5, 0.5, 0.5, 0.5, 0.5, 0.5, 0.5, 0.5, 0.5, 0.5, 0.5, 0.5, 0.5, 0.5, 0.5, 0.5, 0.5, 0.5, 0.5, 0.5, 0.5, 0.5, 0.5, 0.5, 0.5, 0.5, 0.5, 0.5, 0.5, 0.5, 0.5, 0.5, 0.5, 0.5, 0.5, 0.5, 0.5, 0.5, 0.5, 0.5, 0.5, 0.5, 0.5, 0.5, 0.5, 0.5, 0.5, 0.5, 0.5, 0.5, 0.5, 0.5, 0.5, 0.5, 0.5, 0.5, 0.5, 0.5, 0.5, 0.5, 0.5, 0.5, 0.5, 0.5, 0.5, 0.5, 0.5, 0.5, 0.5, 0.5, 0.5, 0.5, 0.5, 0.5, 0.5, 0.5, 0.5, 0.5, 0.5, 0.5, 0.5, 0.5, 0.5, 0.5, 0.5, 0.5, 0.5, 0.5, 0.5, 0.5, 0.5, 0.5, 0.5, 0.5, 0.5, 0.5, 0.5, 0.5, 0.5, 0.5, 0.5, 0.5, 0.5, 0.5, 0.5, 0.5, 0.5, 0.5, 0.5, 0.5, 0.5, 0.5, 0.5, 0.5, 0.5, 0.5, 0.5, 0.5, 0.5, 0.5, 0.5, 0.5, 0.5, 0.5, 0.5, 0.5, 0.5, 0.5, 0.5, 0.5, 0.5, 0.5, 0.5, 0.5, 0.5, 0.5, 0.5, 0.5, 0.5, 0.5, 0.5, 0.5, 0.5, 0.5, 0.5, 0.5, 0.5, 0.5, 0.5, 0.5, 0.5, 0.5, 0.5, 0.5, 0.5, 0.5, 0.5, 0.5, 0.5, 0.5, 0.5, 0.5, 0.5, 0.5, 0.5, 0.5, 0.5, 0.5, 0.5, 0.5, 0.5, 0.5, 0.5, 0.5, 0.5, 0.5, 0.5, 0.5, 0.5, 0.5, 0.5, 0.5, 0.5, 0.5, 0.5, 0.5, 0.5, 0.5, 0.5, 0.5, 0.5, 0.5, 0.5, 0.5, 0.5, 0.5, 0.5, 0.5, 0.5, 0.5, 0.5, 0.5, 0.5, 0.5, 0.5, 0.5, 0.5, 0.5, 0.5, 0.5, 0.5, 0.5, 0.5, 0.5, 0.5, 0.5, 0.5, 0.5, 0.5, 0.5, 0.5, 0.5, 0.5, 0.5, 0.5, 0.5, 0.5, 0.5, 0.5, 0.5, 0.5, 0.5, 0.5, 0.5, 0.5, 0.5, 0.5, 0.5, 0.5, 0.5, 0.5, 0.5, 0.5, 0.5, 0.5, 0.5, 0.5, 0.5, 0.5, 0.5, 0.5, 0.5, 0.5, 0.5, 0.5, 0.5, 0.5, 0.5, 0.5, 0.5, 0.5, 0.5, 0.5, 0.5, 0.5, 0.5, 0.5, 0.5, 0.5, 0.5, 0.5, 0.5, 0.5, 0.5, 0.5, 0.5, 0.5, 0.5, 0.5, 0.5, 0.5, 0.5, 0.5, 0.5, 0.5, 0.5, 0.5, 0.5, 0.5, 0.5, 0.5, 0.5, 0.5, 0.5, 0.5, 0.5, 0.5, 0.5, 0.5, 0.5, 0.5, 0.5, 0.5, 0.5, 0.5, 0.5, 0.5, 0.5, 0.5, 0.5, 0.5, 0.5, 0.5, 0.5, 0.5, 0.5, 0.5, 0.5, 0.5, 0.5, 0.5, 0.5, 0.5, 0.5, 0.5, 0.5, 0.5, 0.5, 0.5, 0.5, 0.5, 0.5, 0.5, 0.5, 0.5, 0.5, 0.5, 0.5, 0.5, 0.5, 0.5, 0.5, 0.5, 0.5, 0.5, 0.5, 0.5, 0.5, 0.5, 0.5, 0.5, 0.5, 0.5, 0.5, 0.5, 0.5, 0.5, 0.5, 0.5, 0.5, 0.5, 0.5, 0.5, 0.5, 0.5, 0.5, 0.5, 0.5, 0.5, 0.5, 0.5, 0.5, 0.5, 0.5, 0.5, 0.5, 0.5, 0.5, 0.5, 0.5, 0.5, 0.5, 0.5, 0.5, 0.5, 0.5, 0.5, 0.5, 0.5, 0.5, 0.5, 0.5, 0.5, 0.5, 0.5, 0.5, 0.5, 0.5, 0.5, 0.5, 0.5, 0.5, 0.5, 0.5, 0.5, 0.5, 0.5, 0.5, 0.5, 0.5, 0.5, 0.5, 0.5, 0.5, 0.5, 0.5, 0.5, 0.5, 0.5, 0.5, 0.5, 0.5, 0.5, 0.5, 0.5, 0.5, 0.5, 0.5, 0.5, 0.5, 0.5, 0.5, 0.5, 0.5, 0.5, 0.5, 0.5, 0.5, 0.5, 0.5, 0.5, 0.5, 0.5, 0.5, 0.5, 0.5, 0.5, 0.5, 0.5, 0.5, 0.5, 0.5, 0.5, 0.5, 0.5, 0.5, 0.5, 0.5, 0.5, 0.5, 0.5, 0.5, 0.5, 0.5, 0.5, 0.5, 0.5, 0.5, 0.5, 0.5, 0.5, 0.5, 0.5, 0.5, 0.5, 0.5, 0.5, 0.5, 0.5, 0.5, 0.5, 0.5, 0.5, 0.5, 0.5, 0.5, 0.5, 0.5, 0.5, 0.5, 0.5, 0.5, 0.5, 0.5, 0.5, 0.5, 0.5, 0.5, 0.5, 0.5, 0.5, 0.5, 0.5, 0.5, 0.5, 0.5, 0.5, 0.5, 0.5, 0.5, 0.5, 0.5, 0.5, 0.5, 0.5, 0.5, 0.5, 0.5, 0.5, 0.5, 0.5, 0.5, 0.5, 0.5, 0.5, 0.5, 0.5, 0.5, 0.5, 0.5, 0.5, 0.5, 0.5, 0.5, 0.5, 0.5, 0.5, 0.5, 0.5, 0.5, 0.5, 0.5, 0.5, 0.5, 0.5, 0.5, 0.5, 0.5, 0.5, 0.5, 0.5, 0.5, 0.5, 0.5, 0.5, 0.5, 0.5, 0.5, 0.5, 0.5, 0.5, 0.5, 0.5, 0.5, 0.5, 0.5, 0.5, 0.5, 0.5, 0.5, 0.5, 0.5, 0.5, 0.5, 0.5, 0.5, 0.5, 0.5, 0.5, 0.5, 0.5, 0.5, 0.5, 0.5, 0.5, 0.5, 0.5, 0.5, 0.5, 0.5, 0.5, 0.5, 0.5, 0.5, 0.5, 0.5, 0.5, 0.5, 0.5, 0.5, 0.5, 0.5, 0.5, 0.5, 0.5, 0.5, 0.5, 0.5, 0.5, 0.5, 0.5, 0.5, 0.5, 0.5, 0.5, 0.5, 0.5, 0.5, 0.5, 0.5, 0.5, 0.5, 0.5, 0.5, 0.5, 0.5, 0.5, 0.5, 0.5, 0.5, 0.5, 0.5, 0.5, 0.5, 0.5, 0.5, 0.5, 0.5, 0.5, 0.5, 0.5, 0.5, 0.5, 0.5, 0.5, 0.5, 0.5, 0.5, 0.5, 0.5, 0.5, 0.5, 0.5, 0.5, 0.5, 0.5, 0.5, 0.5, 0.5, 0.5, 0.5, 0.5, 0.5, 0.5, 0.5, 0.5, 0.5, 0.5, 0.5, 0.5, 0.5, 0.5, 0.5, 0.5, 0.5, 0.5, 0.5, 0.5, 0.5, 0.5, 0.5, 0.5, 0.5, 0.5, 0.5, 0.5, 0.5, 0.5, 0.5, 0.5, 0.5, 0.5, 0.5, 0.5, 0.5, 0.5, 0.5, 0.5, 0.5, 0.5, 0.5, 0.5, 0.5, 0.5, 0.5, 0.5, 0.5, 0.5, 0.5, 0.5, 0.5, 0.5, 0.5, 0.5, 0.5, 0.5, 0.5, 0.5, 0.5, 0.5, 0.5, 0.5, 0.5, 0.5, 0.5, 0.5, 0.5, 0.5, 0.5, 0.5, 0.5, 0.5, 0.5, 0.5, 0.5, 0.5, 0.5, 0.5, 0.5, 0.5, 0.5, 0.5, 0.5, 0.5, 0.5, 0.5, 0.5, 0.5, 0.5, 0.5, 0.5, 0.5, 0.5, 0.5, 0.5, 0.5, 0.5, 0.5, 0.5, 0.5, 0.5, 0.5, 0.5, 0.5, 0.5, 0.5, 0.5, 0.5, 0.5, 0.5, 0.5, 0.5, 0.5, 0.5, 0.5, 0.5, 0.5, 0.5, 0.5, 0.5, 0.5, 0.5, 0.5, 0.5, 0.5, 0.5, 0.5, 0.5, 0.5, 0.5, 0.5, 0.5, 0.5, 0.5, 0.5, 0.5, 0.5, 0.5, 0.5, 0.5, 0.5, 0.5, 0.5, 0.5, 0.5, 0.5, 0.5, 0.5, 0.5, 0.5, 0.5, 0.5, 0.5, 0.5, 0.5, 0.5, 0.5, 0.5, 0.5, 0.5, 0.5, 0.5, 0.5, 0.5, 0.5, 0.5, 0.5, 0.5, 0.5, 0.5, 0.5, 0.5, 0.5, 0.5, 0.5, 0.5, 0.5, 0.5, 0.5, 0.5, 0.5, 0.5, 0.5, 0.5, 0.5, 0.5, 0.5, 0.5, 0.5, 0.5, 0.5, 0.5, 0.5, 0.5, 0.5, 0.5, 0.5, 0.5, 0.5, 0.5, 0.5, 0.5, 0.5, 0.5, 0.5, 0.5, 0.5, 0.5, 0.5, 0.5, 0.5, 0.5, 0.5, 0.5, 0.5, 0.5, 0.5, 0.5, 0.5, 0.5, 0.5, 0.5, 0.5, 0.5, 0.5, 0.5, 0.5, 0.5, 0.5, 0.5, 0.5, 0.5, 0.5, 0.5, 0.5, 0.5, 0.5, 0.5, 0.5, 0.5, 0.5, 0.5, 0.5, 0.5, 0.5, 0.5, 0.5, 0.5, 0.5, 0.5, 0.5, 0.5, 0.5, 0.5, 0.5, 0.5, 0.5, 0.5, 0.5, 0.5, 0.5, 0.5, 0.5, 0.5, 0.5, 0.5, 0.5, 0.5, 0.5, 0.5, 0.5, 0.5, 0.5, 0.5, 0.5, 0.5, 0.5, 0.5, 0.5, 0.5, 0.5, 0.5, 0.5, 0.5, 0.5, 0.5, 0.5, 0.5, 0.5, 0.5, 0.5, 0.5, 0.5, 0.5, 0.5, 0.5, 0.5, 0.5, 0.5, 0.5, 0.5, 0.5, 0.5, 0.5, 0.5, 0.5, 0.5, 0.5, 0.5, 0.5, 0.5, 0.5, 0.5, 0.5, 0.5, 0.5, 0.5, 0.5, 0.5, 0.5, 0.5, 0.5, 0.5, 0.5, 0.5, 0.5, 0.5, 0.5, 0.5, 0.5, 0.5, 0.5, 0.5, 0.5, 0.5, 0.5, 0.5, 0.5, 0.5, 0.5, 0.5, 0.5, 0.5, 0.5, 0.5, 0.5, 0.5, 0.5, 0.5, 0.5, 0.5, 0.5, 0.5, 0.5, 0.5, 0.5, 0.5, 0.5, 0.5, 0.5, 0.5, 0.5, 0.5, 0.5, 0.5, 0.5, 0.5, 0.5, 0.5, 0.5, 0.5, 0.5, 0.5, 0.5, 0.5, 0.5, 0.5, 0.5, 0.5, 0.5, 0.5, 0.5, 0.5, 0.5, 0.5, 0.5, 0.5, 0.5, 0.5, 0.5, 0.5, 0.5, 0.5, 0.5, 0.5, 0.5, 0.5, 0.5, 0.5, 0.5, 0.5, 0.5, 0.5, 0.5, 0.5, 0.5, 0.5, 0.5, 0.5, 0.5, 0.5, 0.5, 0.5, 0.5, 0.5, 0.5, 0.5, 0.5, 0.5, 0.5, 0.5, 0.5, 0.5, 0.5, 0.5, 0.5, 0.5, 0.5, 0.5, 0.5, 0.5, 0.5, 0.5, 0.5, 0.5, 0.5, 0.5, 0.5, 0.5, 0.5, 0.5, 0.5, 0.5, 0.5, 0.5, 0.5, 0.5]",2
2026_11_KICE_1-3_2,['4(3)'],"1번: 적절하다. “가령, 단어 인식은 잘하지만 글의 중심 내용은 파악하지 못하는 학생은, 해독은 충분하지만 언어 이해가 부족한 독자 유형에 해당하며…”  
2번: 적절하다. “해독 발달에는 글자와 글자 소리에 대한 학습이 필수적이므로 글 읽기 경험과 말소리 듣기 경험이 모두 필요하다.”  
3번: 적절하다. “해독이 발달되면 글 읽기 경험을 통해서도 언어 이해가 발달될 수 있으므로 해독 발달 후에는 독서 경험이 독해 능력 발달에 주요한 기여를 한다고 본다.”  
4번: 부적절하다. “학생 B는 활동 자료를 글로 읽을 때는 중심 내용을 파악하지 못했지만 말로 들을 때는 중심 내용을 파악하였다.”  
5번: 적절하다. “한편, 단어 인식을 못해 글을 읽을 수 없어도 그 내용을 말로 들려주었을 때 중심 내용 파악하기 등을 할 수 있다면…언어 이해가 발달된 것으로 본다.”  

최종 정답: 4번","[16, 167, 110, 230, 25, 23821, 254, 223, 168, 254, 230, 47991, 246, 46695, 97, 13, 564, 250, 166, 108, 222, 167, 254, 117, 11, 31619, 233, 101, 168, 244, 112, 23821, 251, 116, 168, 233, 251, 35975, 222, 23821, 252, 246, 47991, 246, 168, 100, 222, 167, 100, 234, 220, 166, 116, 222, 35975, 246, 23821, 97, 239, 168, 233, 105, 31619, 224, 112, 168, 248, 102, 35975, 222, 220, 169, 234, 234, 168, 243, 227, 47991, 246, 168, 100, 222, 31619, 103, 119, 47991, 246, 167, 232, 242, 220, 47991, 247, 168, 225, 251, 35975, 222, 11, 220, 47991, 112, 167, 237, 227, 35975, 222, 23821, 114, 102, 167, 114, 226, 47991, 246, 168, 100, 222, 167, 100, 234, 23821, 244, 116, 168, 244, 112, 23821, 251, 112, 47991, 112, 166, 108, 222, 31619, 114, 222, 168, 94, 109, 47991, 250, 31619, 237, 227, 168, 252, 238, 23821, 250, 254, 169, 246, 243, 168, 245, 238, 220, 47991, 112, 46695, 117, 47991, 246, 167, 102, 108, 1399, 447, 251, 220, 220, 198, 17, 167, 110, 230, 25, 23821, 254, 223, 168, 254, 230, 47991, 246, 46695, 97, 13, 564, 250, 47991, 112, 167, 237, 227, 31619, 108, 250, 46695, 105, 168, 245, 238, 167, 232, 242, 220, 166, 116, 222, 168, 252, 238, 168, 247, 222, 220, 166, 116, 222, 168, 252, 238, 23821, 228, 234, 167, 99, 105, 168, 245, 238, 31619, 234, 222, 47991, 250, 220, 47991, 247, 168, 232, 113, 35975, 112, 220, 47991, 226, 168, 230, 246, 168, 254, 223, 35975, 112, 167, 107, 222, 167, 94, 250, 220, 166, 116, 222, 23821, 251, 121, 166, 116, 108, 220, 166, 110, 121, 169, 245, 246, 166, 111, 120, 31619, 100, 238, 168, 228, 234, 167, 99, 105, 31619, 241, 96, 166, 116, 108, 220, 166, 110, 121, 169, 245, 246, 35975, 112, 31619, 103, 101, 167, 239, 238, 220, 47991, 226, 168, 248, 242, 47991, 246, 46695, 97, 13, 447, 251, 220, 220, 198, 18, 167, 110, 230, 25, 23821, 254, 223, 168, 254, 230, 47991, 246, 46695, 97, 13, 564, 250, 47991, 112, 167, 237, 227, 35975, 112, 31619, 108, 250, 46695, 105, 167, 238, 246, 167, 102, 112, 220, 166, 116, 222, 23821, 251, 121, 166, 116, 108, 220, 166, 110, 121, 169, 245, 246, 35975, 226, 220, 169, 228, 113, 47991, 112, 168, 226, 250, 167, 237, 226, 23821, 244, 116, 168, 244, 112, 23821, 251, 112, 47991, 112, 166, 108, 222, 31619, 108, 250, 46695, 105, 167, 238, 254, 23821, 230, 246, 23821, 252, 230, 168, 250, 120, 167, 107, 222, 167, 94, 250, 220, 47991, 112, 167, 237, 227, 31619, 108, 250, 46695, 105, 220, 169, 249, 226, 168, 245, 238, 167, 232, 242, 31619, 237, 227, 168, 226, 250, 220, 166, 110, 121, 169, 245, 246, 35975, 112, 31619, 237, 227, 47991, 112, 31619, 232, 98, 167, 254, 98, 31619, 108, 250, 46695, 105, 168, 245, 238, 23821, 96, 120, 168, 248, 242, 47991, 250, 220, 166, 116, 108, 168, 245, 105, 167, 98, 120, 220, 47991, 250, 46695, 97, 166, 111, 254, 31619, 111, 116, 46695, 97, 13, 447, 251, 220, 220, 198, 19, 167, 110, 230, 25, 31619, 114, 222, 168, 254, 223, 168, 254, 230, 47991, 246, 46695, 97, 13, 564, 250, 47991, 247, 168, 225, 251, 347, 167, 232, 242, 220, 169, 247, 250, 167, 237, 247, 23821, 252, 238, 167, 96, 234, 167, 98, 120, 220, 166, 116, 222, 167, 94, 250, 23821, 251, 121, 35975, 226, 31619, 243, 234, 167, 232, 242, 23821, 97, 239, 168, 233, 105, 31619, 224, 112, 168, 248, 102, 35975, 226, 220, 169, 234, 234, 168, 243, 227, 47991, 246, 168, 100, 222, 31619, 103, 119, 169, 244, 230, 168, 100, 222, 167, 100, 234, 31619, 100, 238, 167, 94, 250, 31619, 241, 97, 35975, 226, 31619, 243, 234, 167, 232, 242, 23821, 97, 239, 168, 233, 105, 31619, 224, 112, 168, 248, 102, 35975, 226, 220, 169, 234, 234, 168, 243, 227, 47991, 246, 168, 246, 222, 46695, 97, 13, 447, 251, 220, 220, 198, 20, 167, 110, 230, 25, 23821, 254, 223, 168, 254, 230, 47991, 246, 46695, 97, 13, 564, 250, 47991, 250, 169, 236, 116, 11, 31619, 233, 101, 168, 244, 112, 23821, 251, 116, 168, 233, 251, 35975, 226, 31619, 103, 119, 47991, 112, 220, 166, 116, 222, 35975, 226, 23821, 251, 121, 35975, 226, 23821, 230, 246, 23821, 245, 228, 168, 244, 112, 167, 237, 226, 220, 166, 115, 116, 31619, 224, 112, 168, 248, 102, 35975, 226, 31619, 100, 238, 167, 94, 250, 31619, 241, 97, 167, 254, 97, 168, 96, 120, 168, 245, 230, 35975, 226, 31619, 243, 234, 23821, 97, 239, 168, 233, 105, 31619, 224, 112, 168, 248, 102, 220, 169, 234, 234, 168, 243, 227, 47991, 246, 166, 116, 108, 31619, 241, 109, 35975, 226, 220, 47991, 254, 23821, 230, 246, 23821, 252, 230, 46695, 97, 167, 102, 112, 1399, 168, 244, 116, 168, 244, 112, 23821, 251, 112, 47991, 112, 166, 108, 222, 31619, 108, 250, 46695, 105, 167, 238, 250, 220, 166, 110, 225, 168, 250, 120, 167, 94, 250, 31619, 111, 116, 46695, 97, 13, 447, 251, 220, 220, 198, 198, 168, 113, 250, 168, 95, 227, 23821, 254, 243, 46695, 113, 25, 604, 167, 110, 230]","[0.5, 0.5, 0.5, 0.5, 0.5, 0.5, 0.5, 0.5, 0.5, 0.5, 0.5, 0.5, 0.5, 0.5, 0.5, 0.5, 0.5, 0.5, 0.5, 0.5, 0.5, 0.5, 0.5, 0.5, 0.5, 0.5, 0.5, 0.5, 0.5, 0.5, 0.5, 0.5, 0.5, 0.5, 0.5, 0.5, 0.5, 0.5, 0.5, 0.5, 0.5, 0.5, 0.5, 0.5, 0.5, 0.5, 0.5, 0.5, 0.5, 0.5, 0.5, 0.5, 0.5, 0.5, 0.5, 0.5, 0.5, 0.5, 0.5, 0.5, 0.5, 0.5, 0.5, 0.5, 0.5, 0.5, 0.5, 0.5, 0.5, 0.5, 0.5, 0.5, 0.5, 0.5, 0.5, 0.5, 0.5, 0.5, 0.5, 0.5, 0.5, 0.5, 0.5, 0.5, 0.5, 0.5, 0.5, 0.5, 0.5, 0.5, 0.5, 0.5, 0.5, 0.5, 0.5, 0.5, 0.5, 0.5, 0.5, 0.5, 0.5, 0.5, 0.5, 0.5, 0.5, 0.5, 0.5, 0.5, 0.5, 0.5, 0.5, 0.5, 0.5, 0.5, 0.5, 0.5, 0.5, 0.5, 0.5, 0.5, 0.5, 0.5, 0.5, 0.5, 0.5, 0.5, 0.5, 0.5, 0.5, 0.5, 0.5, 0.5, 0.5, 0.5, 0.5, 0.5, 0.5, 0.5, 0.5, 0.5, 0.5, 0.5, 0.5, 0.5, 0.5, 0.5, 0.5, 0.5, 0.5, 0.5, 0.5, 0.5, 0.5, 0.5, 0.5, 0.5, 0.5, 0.5, 0.5, 0.5, 0.5, 0.5, 0.5, 0.5, 0.5, 0.5, 0.5, 0.5, 0.5, 0.5, 0.5, 0.5, 0.5, 0.5, 0.5, 0.5, 0.5, 0.5, 0.5, 0.5, 0.5, 0.5, 0.5, 0.5, 0.5, 0.5, 0.5, 0.5, 0.5, 0.5, 0.5, 0.5, 0.5, 0.5, 0.5, 0.5, 0.5, 0.5, 0.5, 0.5, 0.5, 0.5, 0.5, 0.5, 0.5, 0.5, 0.5, 0.5, 0.5, 0.5, 0.5, 0.5, 0.5, 0.5, 0.5, 0.5, 0.5, 0.5, 0.5, 0.5, 0.5, 0.5, 0.5, 0.5, 0.5, 0.5, 0.5, 0.5, 0.5, 0.5, 0.5, 0.5, 0.5, 0.5, 0.5, 0.5, 0.5, 0.5, 0.5, 0.5, 0.5, 0.5, 0.5, 0.5, 0.5, 0.5, 0.5, 0.5, 0.5, 0.5, 0.5, 0.5, 0.5, 0.5, 0.5, 0.5, 0.5, 0.5, 0.5, 0.5, 0.5, 0.5, 0.5, 0.5, 0.5, 0.5, 0.5, 0.5, 0.5, 0.5, 0.5, 0.5, 0.5, 0.5, 0.5, 0.5, 0.5, 0.5, 0.5, 0.5, 0.5, 0.5, 0.5, 0.5, 0.5, 0.5, 0.5, 0.5, 0.5, 0.5, 0.5, 0.5, 0.5, 0.5, 0.5, 0.5, 0.5, 0.5, 0.5, 0.5, 0.5, 0.5, 0.5, 0.5, 0.5, 0.5, 0.5, 0.5, 0.5, 0.5, 0.5, 0.5, 0.5, 0.5, 0.5, 0.5, 0.5, 0.5, 0.5, 0.5, 0.5, 0.5, 0.5, 0.5, 0.5, 0.5, 0.5, 0.5, 0.5, 0.5, 0.5, 0.5, 0.5, 0.5, 0.5, 0.5, 0.5, 0.5, 0.5, 0.5, 0.5, 0.5, 0.5, 0.5, 0.5, 0.5, 0.5, 0.5, 0.5, 0.5, 0.5, 0.5, 0.5, 0.5, 0.5, 0.5, 0.5, 0.5, 0.5, 0.5, 0.5, 0.5, 0.5, 0.5, 0.5, 0.5, 0.5, 0.5, 0.5, 0.5, 0.5, 0.5, 0.5, 0.5, 0.5, 0.5, 0.5, 0.5, 0.5, 0.5, 0.5, 0.5, 0.5, 0.5, 0.5, 0.5, 0.5, 0.5, 0.5, 0.5, 0.5, 0.5, 0.5, 0.5, 0.5, 0.5, 0.5, 0.5, 0.5, 0.5, 0.5, 0.5, 0.5, 0.5, 0.5, 0.5, 0.5, 0.5, 0.5, 0.5, 0.5, 0.5, 0.5, 0.5, 0.5, 0.5, 0.5, 0.5, 0.5, 0.5, 0.5, 0.5, 0.5, 0.5, 0.5, 0.5, 0.5, 0.5, 0.5, 0.5, 0.5, 0.5, 0.5, 0.5, 0.5, 0.5, 0.5, 0.5, 0.5, 0.5, 0.5, 0.5, 0.5, 0.5, 0.5, 0.5, 0.5, 0.5, 0.5, 0.5, 0.5, 0.5, 0.5, 0.5, 0.5, 0.5, 0.5, 0.5, 0.5, 0.5, 0.5, 0.5, 0.5, 0.5, 0.5, 0.5, 0.5, 0.5, 0.5, 0.5, 0.5, 0.5, 0.5, 0.5, 0.5, 0.5, 0.5, 0.5, 0.5, 0.5, 0.5, 0.5, 0.5, 0.5, 0.5, 0.5, 0.5, 0.5, 0.5, 0.5, 0.5, 0.5, 0.5, 0.5, 0.5, 0.5, 0.5, 0.5, 0.5, 0.5, 0.5, 0.5, 0.5, 0.5, 0.5, 0.5, 0.5, 0.5, 0.5, 0.5, 0.5, 0.5, 0.5, 0.5, 0.5, 0.5, 0.5, 0.5, 0.5, 0.5, 0.5, 0.5, 0.5, 0.5, 0.5, 0.5, 0.5, 0.5, 0.5, 0.5, 0.5, 0.5, 0.5, 0.5, 0.5, 0.5, 0.5, 0.5, 0.5, 0.5, 0.5, 0.5, 0.5, 0.5, 0.5, 0.5, 0.5, 0.5, 0.5, 0.5, 0.5, 0.5, 0.5, 0.5, 0.5, 0.5, 0.5, 0.5, 0.5, 0.5, 0.5, 0.5, 0.5, 0.5, 0.5, 0.5, 0.5, 0.5, 0.5, 0.5, 0.5, 0.5, 0.5, 0.5, 0.5, 0.5, 0.5, 0.5, 0.5, 0.5, 0.5, 0.5, 0.5, 0.5, 0.5, 0.5, 0.5, 0.5, 0.5, 0.5, 0.5, 0.5, 0.5, 0.5, 0.5, 0.5, 0.5, 0.5, 0.5, 0.5, 0.5, 0.5, 0.5, 0.5, 0.5, 0.5, 0.5, 0.5, 0.5, 0.5, 0.5, 0.5, 0.5, 0.5, 0.5, 0.5, 0.5, 0.5, 0.5, 0.5, 0.5, 0.5, 0.5, 0.5, 0.5, 0.5, 0.5, 0.5, 0.5, 0.5, 0.5, 0.5, 0.5, 0.5, 0.5, 0.5, 0.5, 0.5, 0.5, 0.5, 0.5, 0.5, 0.5, 0.5, 0.5, 0.5, 0.5, 0.5, 0.5, 0.5, 0.5, 0.5, 0.5, 0.5, 0.5, 0.5, 0.5, 0.5, 0.5, 0.5, 0.5, 0.5, 0.5, 0.5, 0.5, 0.5, 0.5, 0.5, 0.5, 0.5, 0.5, 0.5, 0.5, 0.5, 0.5, 0.5, 0.5, 0.5, 0.5, 0.5, 0.5, 0.5, 0.5, 0.5, 0.5, 0.5, 0.5, 0.5, 0.5, 0.5, 0.5, 0.5, 0.5, 0.5, 0.5, 0.5, 0.5, 0.5, 0.5, 0.5, 0.5, 0.5, 0.5, 0.5, 0.5, 0.5, 0.5, 0.5, 0.5, 0.5, 0.5, 0.5, 0.5, 0.5, 0.5, 0.5, 0.5, 0.5, 0.5, 0.5, 0.5, 0.5, 0.5, 0.5, 0.5, 0.5, 0.5, 0.5, 0.5, 0.5, 0.5, 0.5, 0.5, 0.5, 0.5, 0.5, 0.5, 0.5, 0.5, 0.5, 0.5, 0.5, 0.5, 0.5, 0.5, 0.5, 0.5, 0.5, 0.5, 0.5, 0.5, 0.5, 0.5, 0.5, 0.5, 0.5, 0.5, 0.5, 0.5, 0.5, 0.5, 0.5, 0.5, 0.5, 0.5, 0.5, 0.5, 0.5, 0.5, 0.5, 0.5, 0.5, 0.5, 0.5, 0.5, 0.5, 0.5, 0.5, 0.5, 0.5, 0.5, 0.5, 0.5, 0.5, 0.5, 0.5, 0.5, 0.5, 0.5, 0.5, 0.5, 0.5, 0.5, 0.5, 0.5, 0.5, 0.5, 0.5, 0.5, 0.5, 0.5, 0.5, 0.5, 0.5, 0.5, 0.5, 0.5, 0.5, 0.5, 0.5, 0.5, 0.5, 0.5, 0.5, 0.5, 0.5, 0.5, 0.5, 0.5, 0.5, 0.5, 0.5, 0.5, 0.5, 0.5, 0.5, 0.5, 0.5, 0.5, 0.5, 0.5, 0.5, 0.5, 0.5, 0.5, 0.5, 0.5, 0.5, 0.5, 0.5, 0.5, 0.5, 0.5, 0.5, 0.5, 0.5, 0.5, 0.5, 0.5, 0.5, 0.5, 0.5, 0.5, 0.5, 0.5, 0.5, 0.5, 0.5, 0.5, 0.5, 0.5, 0.5, 0.5, 0.5, 0.5, 0.5, 0.5, 0.5, 0.5, 0.5, 0.5, 0.5, 0.5, 0.5, 0.5, 0.5, 0.5, 0.5, 0.5, 0.5, 0.5, 0.5, 0.5, 0.5]",3
2026_11_KICE_4-9_0,['1(2)'],"1번: (가)는 법조문의 의미 해석 방법을 구분하여 제시하고, (나)는 보증 계약에 관한 규범의 주요 내용을 열거하고 있다. (“문리 해석으로 그 내용을 제대로 파악하기 어려우면, 그것이 사용된 맥락을 고려하여 그 의미를 파악하는 ‘체계적 해석’, 입법 과정에서 논의된 내용을 바탕으로 그 의미를 파악하는 ‘역사적 해석’ 등의 해석 방법을 사용할 수 있다.” / “보증 계약에 대해서는 보증인 보호를 위하여 법적 규제가 적용된다. 우선 『민법』에 의하면 보증 계약을 할 때는 일반적인 계약과는 달리 계약서가 작성되어야 하고, 여기에는 보증인의 서명이나 기명 날인이 있어야 한다.”)  
2번: (가)는 법조문의 의미 차이가 확대되어 온 이유를 분석하고, (나)는 보증 계약에 관련되는 주요 개념들을 정의하고 있다. – 틀림 (“문리 해석이 법 해석의 출발점이다”만 제시했을 뿐, 의미 차이가 왜 확대되었는지는 분석하지 않음.)  
3번: (가)는 법조문의 의미를 해석하는 방법의 사례를 소개하고, (나)는 보증 계약의 폐해와 이로 인한 결과를 서술하고 있다. – 틀림 (“보증 계약에 대해서는 보증인 보호를 위하여 법적 규제가 적용된다.” 등 규범만 설명할 뿐, 폐해나 결과를 다루지 않음.)  
4번: (가)는 법조문의 의미를 파악하는 입장들을 대조하고, (나)는 보증 계약이 역사적 맥락에 따라 변화한 과정을 밝히고 있다. – 틀림 ((나)에서는 보증 계약의 역사적 변천이 아니라 현행 규제 내용만 다룸.)  
5번: (가)는 법조문의 의미를 다른 상황에서 유추하여 도출하고, (나)는 보증 계약의 유형별로 규제의 공통점을 비교하고 있다. – 틀림 ((가)에서는 해석 방법을 구분 제시할 뿐 유추 과정을 다루지 않고, (나)에서도 유형별 비교를 하지 않음.)  
최종 정답: 1번","[16, 167, 110, 230, 25, 357, 166, 108, 222, 8, 167, 232, 242, 31619, 110, 243, 168, 94, 108, 167, 105, 116, 35975, 246, 23821, 251, 246, 167, 107, 116, 220, 47991, 112, 168, 226, 251, 31619, 108, 102, 167, 110, 243, 35975, 226, 220, 166, 113, 105, 167, 114, 226, 47991, 246, 168, 245, 105, 23821, 254, 250, 168, 233, 250, 47991, 246, 166, 111, 254, 11, 357, 167, 224, 246, 8, 167, 232, 242, 31619, 111, 112, 168, 99, 251, 220, 166, 111, 226, 168, 243, 121, 168, 245, 238, 220, 166, 112, 222, 47991, 250, 220, 166, 115, 250, 167, 110, 242, 35975, 246, 23821, 96, 120, 168, 248, 242, 31619, 224, 112, 168, 248, 102, 35975, 226, 23821, 245, 112, 166, 109, 108, 47991, 246, 166, 111, 254, 23821, 252, 230, 46695, 97, 13, 357, 447, 250, 167, 105, 116, 167, 99, 105, 220, 47991, 112, 168, 226, 251, 168, 250, 120, 167, 94, 250, 220, 166, 115, 116, 31619, 224, 112, 168, 248, 102, 35975, 226, 23821, 254, 250, 167, 234, 222, 167, 94, 250, 220, 169, 234, 234, 168, 243, 227, 47991, 246, 166, 116, 108, 23821, 244, 112, 167, 254, 97, 168, 248, 108, 167, 102, 112, 11, 220, 166, 115, 116, 166, 110, 225, 35975, 112, 23821, 8955, 168, 248, 102, 167, 238, 250, 31619, 100, 98, 167, 251, 121, 35975, 226, 220, 166, 111, 254, 167, 254, 97, 47991, 246, 168, 245, 105, 220, 166, 115, 116, 23821, 251, 246, 167, 107, 116, 167, 98, 120, 220, 169, 234, 234, 168, 243, 227, 47991, 246, 167, 232, 242, 564, 246, 168, 110, 112, 166, 111, 226, 168, 254, 223, 220, 47991, 112, 168, 226, 251, 447, 247, 11, 23821, 252, 227, 167, 110, 243, 220, 166, 111, 120, 168, 254, 243, 168, 245, 238, 168, 226, 250, 31619, 227, 120, 35975, 246, 167, 238, 250, 31619, 224, 112, 168, 248, 102, 35975, 226, 31619, 108, 242, 169, 225, 243, 168, 250, 120, 167, 94, 250, 220, 166, 115, 116, 23821, 251, 246, 167, 107, 116, 167, 98, 120, 220, 169, 234, 234, 168, 243, 227, 47991, 246, 167, 232, 242, 564, 246, 168, 245, 255, 168, 8955, 168, 254, 223, 220, 47991, 112, 168, 226, 251, 447, 247, 31619, 241, 109, 35975, 246, 220, 47991, 112, 168, 226, 251, 31619, 108, 102, 167, 110, 243, 35975, 226, 23821, 8955, 168, 248, 102, 47991, 254, 23821, 230, 246, 23821, 252, 230, 46695, 97, 13, 447, 251, 1220, 564, 250, 167, 111, 112, 168, 99, 251, 220, 166, 111, 226, 168, 243, 121, 168, 245, 238, 31619, 234, 222, 47991, 112, 168, 226, 250, 167, 232, 242, 31619, 111, 112, 168, 99, 251, 35975, 116, 31619, 111, 112, 169, 246, 116, 167, 98, 120, 23821, 250, 226, 47991, 246, 168, 245, 105, 31619, 110, 243, 168, 254, 223, 220, 166, 115, 250, 168, 254, 250, 166, 108, 222, 23821, 254, 223, 168, 248, 102, 167, 238, 250, 46695, 97, 13, 23821, 248, 108, 168, 226, 254, 220, 40493, 167, 107, 120, 167, 110, 243, 40549, 168, 245, 238, 23821, 251, 246, 47991, 246, 167, 102, 112, 31619, 111, 112, 168, 99, 251, 220, 166, 111, 226, 168, 243, 121, 35975, 226, 220, 47991, 254, 31619, 243, 234, 167, 232, 242, 23821, 251, 120, 167, 108, 246, 168, 254, 223, 35975, 116, 220, 166, 111, 226, 168, 243, 121, 166, 111, 120, 167, 232, 242, 31619, 233, 105, 167, 99, 105, 220, 166, 111, 226, 168, 243, 121, 168, 226, 250, 166, 108, 222, 23821, 252, 239, 168, 226, 109, 167, 238, 246, 168, 244, 112, 168, 243, 120, 220, 47991, 246, 166, 111, 254, 11, 23821, 245, 105, 166, 116, 108, 168, 245, 238, 167, 232, 242, 31619, 111, 112, 168, 99, 251, 35975, 116, 35975, 246, 23821, 226, 250, 167, 103, 227, 35975, 112, 167, 224, 246, 220, 166, 116, 108, 167, 103, 227, 31619, 224, 254, 35975, 116, 35975, 112, 23821, 252, 230, 168, 244, 112, 168, 243, 120, 220, 47991, 250, 46695, 97, 13, 447, 251, 8, 220, 220, 198, 17, 167, 110, 230, 25, 357, 166, 108, 222, 8, 167, 232, 242, 31619, 110, 243, 168, 94, 108, 167, 105, 116, 35975, 246, 23821, 251, 246, 167, 107, 116, 23821, 108, 101, 35975, 112, 166, 108, 222, 220, 169, 247, 243, 167, 234, 222, 167, 238, 246, 168, 244, 112, 23821, 246, 101, 23821, 251, 112, 168, 250, 254, 167, 98, 120, 31619, 114, 226, 168, 226, 251, 47991, 246, 166, 111, 254, 11, 357, 167, 224, 246, 8, 167, 232, 242, 31619, 111, 112, 168, 99, 251, 220, 166, 111, 226, 168, 243, 121, 168, 245, 238, 220, 166, 112, 222, 167, 254, 101, 167, 238, 246, 167, 232, 242, 23821, 96, 120, 168, 248, 242, 220, 166, 108, 250, 167, 227, 238, 167, 241, 97, 35975, 226, 23821, 254, 243, 35975, 246, 47991, 246, 166, 111, 254, 23821, 252, 230, 46695, 97, 13, 784, 220, 169, 233, 222, 167, 99, 120, 357, 447, 250, 167, 105, 116, 167, 99, 105, 220, 47991, 112, 168, 226, 251, 35975, 112, 31619, 110, 243, 220, 47991, 112, 168, 226, 251, 35975, 246, 23821, 114, 250, 167, 108, 250, 168, 254, 238, 35975, 112, 46695, 97, 447, 251, 167, 100, 234, 23821, 254, 250, 168, 233, 250, 169, 244, 230, 35975, 226, 31619, 123, 238, 11, 23821, 251, 246, 167, 107, 116, 23821, 108, 101, 35975, 112, 166, 108, 222, 23821, 247, 250, 220, 169, 247, 243, 167, 234, 222, 167, 238, 246, 168, 245, 230, 167, 232, 242, 168, 100, 222, 167, 232, 242, 31619, 114, 226, 168, 226, 251, 47991, 246, 168, 100, 222, 23821, 243, 232, 35975, 234, 2014, 220, 220, 198, 18, 167, 110, 230, 25, 357, 166, 108, 222, 8, 167, 232, 242, 31619, 110, 243, 168, 94, 108, 167, 105, 116, 35975, 246, 23821, 251, 246, 167, 107, 116, 167, 98, 120, 220, 47991, 112, 168, 226, 251, 47991, 246, 167, 232, 242, 31619, 108, 102, 167, 110, 243, 35975, 246, 23821, 8955, 167, 94, 222, 167, 98, 120, 23821, 228, 234, 166, 108, 250, 47991, 246, 166, 111, 254, 11, 357, 167, 224, 246, 8, 167, 232, 242, 31619, 111, 112, 168, 99, 251, 220, 166, 111, 226, 168, 243, 121, 35975, 246, 220, 169, 237, 238, 47991, 112, 168, 247, 222, 23821, 251, 112, 167, 94, 250, 23821, 251, 116, 47991, 250, 220, 166, 110, 108, 166, 111, 120, 167, 98, 120, 23821, 226, 250, 168, 230, 254, 47991, 246, 166, 111, 254, 23821, 252, 230, 46695, 97, 13, 784, 220, 169, 233, 222, 167, 99, 120, 357, 447, 250, 167, 111, 112, 168, 99, 251, 220, 166, 111, 226, 168, 243, 121, 168, 245, 238, 31619, 234, 222, 47991, 112, 168, 226, 250, 167, 232, 242, 31619, 111, 112, 168, 99, 251, 35975, 116, 31619, 111, 112, 169, 246, 116, 167, 98, 120, 23821, 250, 226, 47991, 246, 168, 245, 105, 31619, 110, 243, 168, 254, 223, 220, 166, 115, 250, 168, 254, 250, 166, 108, 222, 23821, 254, 223, 168, 248, 102, 167, 238, 250, 46695, 97, 13, 447, 251, 31619, 241, 109, 220, 166, 115, 250, 167, 110, 242, 167, 100, 234, 23821, 226, 97, 167, 103, 227, 47991, 254, 31619, 123, 238, 11, 220, 169, 237, 238, 47991, 112, 167, 224, 246, 220, 166, 110, 108, 166, 111, 120, 167, 98, 120, 31619, 233, 97, 167, 96, 101, 168, 100, 222, 23821, 243, 232, 35975, 234, 2014, 220, 220, 198, 19, 167, 110, 230, 25, 357, 166, 108, 222, 8, 167, 232, 242, 31619, 110, 243, 168, 94, 108, 167, 105, 116, 35975, 246, 23821, 251, 246, 167, 107, 116, 167, 98, 120, 220, 169, 234, 234, 168, 243, 227, 47991, 246, 167, 232, 242, 23821, 252, 227, 168, 252, 98, 167, 241, 97, 35975, 226, 31619, 234, 222, 168, 94, 108, 47991, 246, 166, 111, 254, 11, 357, 167, 224, 246, 8, 167, 232, 242, 31619, 111, 112, 168, 99, 251, 220, 166, 111, 226, 168, 243, 121, 35975, 112, 23821, 245, 255, 168, 8955, 168, 254, 223, 31619, 100, 98, 167, 251, 121, 168, 245, 238, 31619, 242, 108, 167, 251, 120, 31619, 111, 222, 169, 247, 242, 47991, 250, 220, 166, 111, 120, 168, 254, 243, 35975, 226, 31619, 108, 251, 169, 252, 230, 166, 111, 254, 23821, 252, 230, 46695, 97, 13, 784, 220, 169, 233, 222, 167, 99, 120, 14808, 167, 224, 246, 8, 168, 245, 238, 168, 226, 250, 167, 232, 242, 31619, 111, 112, 168, 99, 251, 220, 166, 111, 226, 168, 243, 121, 35975, 246, 23821, 245, 255, 168, 8955, 168, 254, 223, 31619, 111, 222, 168, 110, 250, 35975, 112, 23821, 243, 226, 46695, 230, 167, 251, 120, 220, 169, 246, 226, 169, 244, 231, 220, 166, 115, 250, 168, 254, 250, 31619, 224, 112, 168, 248, 102, 167, 100, 234, 31619, 233, 97, 167, 96, 116, 2014, 220, 220, 198, 20, 167, 110, 230, 25, 357, 166, 108, 222, 8, 167, 232, 242, 31619, 110, 243, 168, 94, 108, 167, 105, 116, 35975, 246, 23821, 251, 246, 167, 107, 116, 167, 98, 120, 31619, 233, 97, 167, 98, 116, 23821, 225, 223, 169, 247, 102, 168, 245, 238, 168, 226, 250, 23821, 250, 254, 168, 114, 242, 47991, 246, 168, 245, 105, 31619, 237, 226, 168, 114, 250, 47991, 246, 166, 111, 254, 11, 357, 167, 224, 246, 8, 167, 232, 242, 31619, 111, 112, 168, 99, 251, 220, 166, 111, 226, 168, 243, 121, 35975, 246, 23821, 250, 254, 169, 246, 243, 167, 111, 226, 167, 94, 250, 220, 166, 115, 250, 168, 254, 250, 35975, 246, 220, 166, 111, 113, 169, 228, 113, 168, 254, 238, 35975, 226, 31619, 117, 226, 166, 113, 238, 47991, 246, 166, 111, 254, 23821, 252, 230, 46695, 97, 13, 784, 220, 169, 233, 222, 167, 99, 120, 14808, 166, 108, 222, 8, 168, 245, 238, 168, 226, 250, 167, 232, 242, 220, 47991, 112, 168, 226, 251, 31619, 108, 102, 167, 110, 243, 35975, 226, 220, 166, 113, 105, 167, 114, 226, 23821, 254, 250, 168, 233, 250, 47991, 254, 31619, 123, 238, 23821, 250, 254, 168, 114, 242, 220, 166, 111, 120, 168, 254, 243, 35975, 226, 31619, 233, 97, 167, 96, 101, 168, 100, 222, 23821, 243, 232, 166, 111, 254, 11, 357, 167, 224, 246, 8, 168, 245, 238, 168, 226, 250, 167, 237, 226, 23821, 250, 254, 169, 246, 243, 167, 111, 226, 31619, 117, 226, 166, 113, 238, 167, 98, 120, 220, 47991, 246, 168, 100, 222, 23821, 243, 232, 35975, 234, 2014, 220, 220, 198, 168, 113, 250, 168, 95, 227, 23821, 254, 243, 46695, 113, 25, 352, 167, 110, 230]","[0.5, 0.5, 0.5, 0.5, 0.5, 0.5, 0.5, 0.5, 0.5, 0.5, 0.5, 0.5, 0.5, 0.5, 0.5, 0.5, 0.5, 0.5, 0.5, 0.5, 0.5, 0.5, 0.5, 0.5, 0.5, 0.5, 0.5, 0.5, 0.5, 0.5, 0.5, 0.5, 0.5, 0.5, 0.5, 0.5, 0.5, 0.5, 0.5, 0.5, 0.5, 0.5, 0.5, 0.5, 0.5, 0.5, 0.5, 0.5, 0.5, 0.5, 0.5, 0.5, 0.5, 0.5, 0.5, 0.5, 0.5, 0.5, 0.5, 0.5, 0.5, 0.5, 0.5, 0.5, 0.5, 0.5, 0.5, 0.5, 0.5, 0.5, 0.5, 0.5, 0.5, 0.5, 0.5, 0.5, 0.5, 0.5, 0.5, 0.5, 0.5, 0.5, 0.5, 0.5, 0.5, 0.5, 0.5, 0.5, 0.5, 0.5, 0.5, 0.5, 0.5, 0.5, 0.5, 0.5, 0.5, 0.5, 0.5, 0.5, 0.5, 0.5, 0.5, 0.5, 0.5, 0.5, 0.5, 0.5, 0.5, 0.5, 0.5, 0.5, 0.5, 0.5, 0.5, 0.5, 0.5, 0.5, 0.5, 0.5, 0.5, 0.5, 0.5, 0.5, 0.5, 0.5, 0.5, 0.5, 0.5, 0.5, 0.5, 0.5, 0.5, 0.5, 0.5, 0.5, 0.5, 0.5, 0.5, 0.5, 0.5, 0.5, 0.5, 0.5, 0.5, 0.5, 0.5, 0.5, 0.5, 0.5, 0.5, 0.5, 0.5, 0.5, 0.5, 0.5, 0.5, 0.5, 0.5, 0.5, 0.5, 0.5, 0.5, 0.5, 0.5, 0.5, 0.5, 0.5, 0.5, 0.5, 0.5, 0.5, 0.5, 0.5, 0.5, 0.5, 0.5, 0.5, 0.5, 0.5, 0.5, 0.5, 0.5, 0.5, 0.5, 0.5, 0.5, 0.5, 0.5, 0.5, 0.5, 0.5, 0.5, 0.5, 0.5, 0.5, 0.5, 0.5, 0.5, 0.5, 0.5, 0.5, 0.5, 0.5, 0.5, 0.5, 0.5, 0.5, 0.5, 0.5, 0.5, 0.5, 0.5, 0.5, 0.5, 0.5, 0.5, 0.5, 0.5, 0.5, 0.5, 0.5, 0.5, 0.5, 0.5, 0.5, 0.5, 0.5, 0.5, 0.5, 0.5, 0.5, 0.5, 0.5, 0.5, 0.5, 0.5, 0.5, 0.5, 0.5, 0.5, 0.5, 0.5, 0.5, 0.5, 0.5, 0.5, 0.5, 0.5, 0.5, 0.5, 0.5, 0.5, 0.5, 0.5, 0.5, 0.5, 0.5, 0.5, 0.5, 0.5, 0.5, 0.5, 0.5, 0.5, 0.5, 0.5, 0.5, 0.5, 0.5, 0.5, 0.5, 0.5, 0.5, 0.5, 0.5, 0.5, 0.5, 0.5, 0.5, 0.5, 0.5, 0.5, 0.5, 0.5, 0.5, 0.5, 0.5, 0.5, 0.5, 0.5, 0.5, 0.5, 0.5, 0.5, 0.5, 0.5, 0.5, 0.5, 0.5, 0.5, 0.5, 0.5, 0.5, 0.5, 0.5, 0.5, 0.5, 0.5, 0.5, 0.5, 0.5, 0.5, 0.5, 0.5, 0.5, 0.5, 0.5, 0.5, 0.5, 0.5, 0.5, 0.5, 0.5, 0.5, 0.5, 0.5, 0.5, 0.5, 0.5, 0.5, 0.5, 0.5, 0.5, 0.5, 0.5, 0.5, 0.5, 0.5, 0.5, 0.5, 0.5, 0.5, 0.5, 0.5, 0.5, 0.5, 0.5, 0.5, 0.5, 0.5, 0.5, 0.5, 0.5, 0.5, 0.5, 0.5, 0.5, 0.5, 0.5, 0.5, 0.5, 0.5, 0.5, 0.5, 0.5, 0.5, 0.5, 0.5, 0.5, 0.5, 0.5, 0.5, 0.5, 0.5, 0.5, 0.5, 0.5, 0.5, 0.5, 0.5, 0.5, 0.5, 0.5, 0.5, 0.5, 0.5, 0.5, 0.5, 0.5, 0.5, 0.5, 0.5, 0.5, 0.5, 0.5, 0.5, 0.5, 0.5, 0.5, 0.5, 0.5, 0.5, 0.5, 0.5, 0.5, 0.5, 0.5, 0.5, 0.5, 0.5, 0.5, 0.5, 0.5, 0.5, 0.5, 0.5, 0.5, 0.5, 0.5, 0.5, 0.5, 0.5, 0.5, 0.5, 0.5, 0.5, 0.5, 0.5, 0.5, 0.5, 0.5, 0.5, 0.5, 0.5, 0.5, 0.5, 0.5, 0.5, 0.5, 0.5, 0.5, 0.5, 0.5, 0.5, 0.5, 0.5, 0.5, 0.5, 0.5, 0.5, 0.5, 0.5, 0.5, 0.5, 0.5, 0.5, 0.5, 0.5, 0.5, 0.5, 0.5, 0.5, 0.5, 0.5, 0.5, 0.5, 0.5, 0.5, 0.5, 0.5, 0.5, 0.5, 0.5, 0.5, 0.5, 0.5, 0.5, 0.5, 0.5, 0.5, 0.5, 0.5, 0.5, 0.5, 0.5, 0.5, 0.5, 0.5, 0.5, 0.5, 0.5, 0.5, 0.5, 0.5, 0.5, 0.5, 0.5, 0.5, 0.5, 0.5, 0.5, 0.5, 0.5, 0.5, 0.5, 0.5, 0.5, 0.5, 0.5, 0.5, 0.5, 0.5, 0.5, 0.5, 0.5, 0.5, 0.5, 0.5, 0.5, 0.5, 0.5, 0.5, 0.5, 0.5, 0.5, 0.5, 0.5, 0.5, 0.5, 0.5, 0.5, 0.5, 0.5, 0.5, 0.5, 0.5, 0.5, 0.5, 0.5, 0.5, 0.5, 0.5, 0.5, 0.5, 0.5, 0.5, 0.5, 0.5, 0.5, 0.5, 0.5, 0.5, 0.5, 0.5, 0.5, 0.5, 0.5, 0.5, 0.5, 0.5, 0.5, 0.5, 0.5, 0.5, 0.5, 0.5, 0.5, 0.5, 0.5, 0.5, 0.5, 0.5, 0.5, 0.5, 0.5, 0.5, 0.5, 0.5, 0.5, 0.5, 0.5, 0.5, 0.5, 0.5, 0.5, 0.5, 0.5, 0.5, 0.5, 0.5, 0.5, 0.5, 0.5, 0.5, 0.5, 0.5, 0.5, 0.5, 0.5, 0.5, 0.5, 0.5, 0.5, 0.5, 0.5, 0.5, 0.5, 0.5, 0.5, 0.5, 0.5, 0.5, 0.5, 0.5, 0.5, 0.5, 0.5, 0.5, 0.5, 0.5, 0.5, 0.5, 0.5, 0.5, 0.5, 0.5, 0.5, 0.5, 0.5, 0.5, 0.5, 0.5, 0.5, 0.5, 0.5, 0.5, 0.5, 0.5, 0.5, 0.5, 0.5, 0.5, 0.5, 0.5, 0.5, 0.5, 0.5, 0.5, 0.5, 0.5, 0.5, 0.5, 0.5, 0.5, 0.5, 0.5, 0.5, 0.5, 0.5, 0.5, 0.5, 0.5, 0.5, 0.5, 0.5, 0.5, 0.5, 0.5, 0.5, 0.5, 0.5, 0.5, 0.5, 0.5, 0.5, 0.5, 0.5, 0.5, 0.5, 0.5, 0.5, 0.5, 0.5, 0.5, 0.5, 0.5, 0.5, 0.5, 0.5, 0.5, 0.5, 0.5, 0.5, 0.5, 0.5, 0.5, 0.5, 0.5, 0.5, 0.5, 0.5, 0.5, 0.5, 0.5, 0.5, 0.5, 0.5, 0.5, 0.5, 0.5, 0.5, 0.5, 0.5, 0.5, 0.5, 0.5, 0.5, 0.5, 0.5, 0.5, 0.5, 0.5, 0.5, 0.5, 0.5, 0.5, 0.5, 0.5, 0.5, 0.5, 0.5, 0.5, 0.5, 0.5, 0.5, 0.5, 0.5, 0.5, 0.5, 0.5, 0.5, 0.5, 0.5, 0.5, 0.5, 0.5, 0.5, 0.5, 0.5, 0.5, 0.5, 0.5, 0.5, 0.5, 0.5, 0.5, 0.5, 0.5, 0.5, 0.5, 0.5, 0.5, 0.5, 0.5, 0.5, 0.5, 0.5, 0.5, 0.5, 0.5, 0.5, 0.5, 0.5, 0.5, 0.5, 0.5, 0.5, 0.5, 0.5, 0.5, 0.5, 0.5, 0.5, 0.5, 0.5, 0.5, 0.5, 0.5, 0.5, 0.5, 0.5, 0.5, 0.5, 0.5, 0.5, 0.5, 0.5, 0.5, 0.5, 0.5, 0.5, 0.5, 0.5, 0.5, 0.5, 0.5, 0.5, 0.5, 0.5, 0.5, 0.5, 0.5, 0.5, 0.5, 0.5, 0.5, 0.5, 0.5, 0.5, 0.5, 0.5, 0.5, 0.5, 0.5, 0.5, 0.5, 0.5, 0.5, 0.5, 0.5, 0.5, 0.5, 0.5, 0.5, 0.5, 0.5, 0.5, 0.5, 0.5, 0.5, 0.5, 0.5, 0.5, 0.5, 0.5, 0.5, 0.5, 0.5, 0.5, 0.5, 0.5, 0.5, 0.5, 0.5, 0.5, 0.5, 0.5, 0.5, 0.5, 0.5, 0.5, 0.5, 0.5, 0.5, 0.5, 0.5, 0.5, 0.5, 0.5, 0.5, 0.5, 0.5, 0.5, 0.5, 0.5, 0.5, 0.5, 0.5, 0.5, 0.5, 0.5, 0.5, 0.5, 0.5, 0.5, 0.5, 0.5, 0.5, 0.5, 0.5, 0.5, 0.5, 0.5, 0.5, 0.5, 0.5, 0.5, 0.5, 0.5, 0.5, 0.5, 0.5, 0.5, 0.5, 0.5, 0.5, 0.5, 0.5, 0.5, 0.5, 0.5, 0.5, 0.5, 0.5, 0.5, 0.5, 0.5, 0.5, 0.5, 0.5, 0.5, 0.5, 0.5, 0.5, 0.5, 0.5, 0.5, 0.5, 0.5, 0.5, 0.5, 0.5, 0.5, 0.5, 0.5, 0.5, 0.5, 0.5, 0.5, 0.5, 0.5, 0.5, 0.5, 0.5, 0.5, 0.5, 0.5, 0.5, 0.5, 0.5, 0.5, 0.5, 0.5, 0.5, 0.5, 0.5, 0.5, 0.5, 0.5, 0.5, 0.5, 0.5, 0.5, 0.5, 0.5, 0.5, 0.5, 0.5, 0.5, 0.5, 0.5, 0.5, 0.5, 0.5, 0.5, 0.5, 0.5, 0.5, 0.5, 0.5, 0.5, 0.5, 0.5, 0.5, 0.5, 0.5, 0.5, 0.5, 0.5, 0.5, 0.5, 0.5, 0.5, 0.5, 0.5, 0.5, 0.5, 0.5, 0.5, 0.5, 0.5, 0.5, 0.5, 0.5, 0.5, 0.5, 0.5, 0.5, 0.5, 0.5, 0.5, 0.5, 0.5, 0.5, 0.5, 0.5, 0.5, 0.5, 0.5, 0.5, 0.5, 0.5, 0.5, 0.5, 0.5, 0.5, 0.5, 0.5, 0.5, 0.5, 0.5, 0.5, 0.5, 0.5, 0.5, 0.5, 0.5, 0.5, 0.5, 0.5, 0.5, 0.5, 0.5, 0.5, 0.5, 0.5, 0.5, 0.5, 0.5, 0.5, 0.5, 0.5, 0.5, 0.5, 0.5, 0.5, 0.5, 0.5, 0.5, 0.5, 0.5, 0.5, 0.5, 0.5, 0.5, 0.5, 0.5, 0.5, 0.5, 0.5, 0.5, 0.5, 0.5, 0.5, 0.5, 0.5, 0.5, 0.5, 0.5, 0.5, 0.5, 0.5, 0.5, 0.5, 0.5, 0.5, 0.5, 0.5, 0.5, 0.5, 0.5, 0.5, 0.5, 0.5, 0.5, 0.5, 0.5, 0.5, 0.5, 0.5, 0.5, 0.5, 0.5, 0.5, 0.5, 0.5, 0.5, 0.5, 0.5, 0.5, 0.5, 0.5, 0.5, 0.5, 0.5, 0.5, 0.5, 0.5, 0.5, 0.5, 0.5, 0.5, 0.5, 0.5, 0.5, 0.5, 0.5, 0.5, 0.5, 0.5, 0.5, 0.5, 0.5, 0.5, 0.5, 0.5, 0.5, 0.5, 0.5, 0.5, 0.5, 0.5, 0.5, 0.5, 0.5, 0.5, 0.5, 0.5, 0.5, 0.5, 0.5, 0.5, 0.5, 0.5, 0.5, 0.5, 0.5, 0.5, 0.5, 0.5, 0.5, 0.5, 0.5, 0.5, 0.5, 0.5, 0.5, 0.5, 0.5, 0.5, 0.5, 0.5, 0.5, 0.5, 0.5, 0.5, 0.5, 0.5, 0.5, 0.5, 0.5, 0.5, 0.5, 0.5, 0.5, 0.5, 0.5, 0.5, 0.5, 0.5, 0.5, 0.5, 0.5, 0.5, 0.5, 0.5, 0.5, 0.5, 0.5, 0.5, 0.5, 0.5, 0.5, 0.5, 0.5, 0.5, 0.5, 0.5, 0.5, 0.5, 0.5, 0.5, 0.5, 0.5, 0.5, 0.5, 0.5, 0.5, 0.5, 0.5, 0.5, 0.5, 0.5, 0.5, 0.5, 0.5, 0.5, 0.5, 0.5, 0.5, 0.5, 0.5, 0.5, 0.5, 0.5, 0.5, 0.5, 0.5, 0.5, 0.5, 0.5, 0.5, 0.5, 0.5, 0.5, 0.5, 0.5, 0.5, 0.5, 0.5, 0.5, 0.5, 0.5, 0.5, 0.5, 0.5, 0.5, 0.5, 0.5, 0.5, 0.5, 0.5, 0.5, 0.5, 0.5, 0.5, 0.5, 0.5, 0.5, 0.5, 0.5, 0.5, 0.5, 0.5, 0.5, 0.5, 0.5, 0.5, 0.5, 0.5, 0.5, 0.5, 0.5, 0.5, 0.5, 0.5, 0.5, 0.5, 0.5, 0.5, 0.5, 0.5, 0.5, 0.5, 0.5, 0.5, 0.5, 0.5, 0.5, 0.5, 0.5, 0.5, 0.5, 0.5, 0.5, 0.5, 0.5, 0.5, 0.5, 0.5, 0.5, 0.5, 0.5, 0.5, 0.5, 0.5, 0.5, 0.5, 0.5, 0.5, 0.5, 0.5, 0.5, 0.5, 0.5, 0.5, 0.5, 0.5, 0.5, 0.5, 0.5, 0.5, 0.5, 0.5, 0.5, 0.5, 0.5, 0.5, 0.5, 0.5, 0.5, 0.5, 0.5, 0.5, 0.5, 0.5, 0.5, 0.5, 0.5, 0.5, 0.5, 0.5, 0.5, 0.5, 0.5, 0.5, 0.5, 0.5, 0.5, 0.5, 0.5, 0.5, 0.5, 0.5, 0.5, 0.5, 0.5, 0.5, 0.5, 0.5, 0.5, 0.5, 0.5, 0.5, 0.5, 0.5, 0.5, 0.5, 0.5, 0.5, 0.5, 0.5, 0.5, 0.5, 0.5, 0.5, 0.5, 0.5, 0.5, 0.5, 0.5, 0.5, 0.5, 0.5, 0.5, 0.5, 0.5, 0.5, 0.5, 0.5, 0.5, 0.5, 0.5, 0.5, 0.5, 0.5, 0.5, 0.5, 0.5, 0.5, 0.5, 0.5, 0.5, 0.5, 0.5, 0.5, 0.5, 0.5, 0.5, 0.5, 0.5, 0.5, 0.5, 0.5, 0.5, 0.5, 0.5, 0.5, 0.5, 0.5, 0.5, 0.5, 0.5, 0.5, 0.5, 0.5, 0.5, 0.5, 0.5, 0.5, 0.5, 0.5, 0.5, 0.5, 0.5, 0.5, 0.5, 0.5, 0.5, 0.5, 0.5, 0.5, 0.5, 0.5, 0.5, 0.5, 0.5, 0.5, 0.5, 0.5, 0.5, 0.5, 0.5, 0.5, 0.5, 0.5, 0.5, 0.5, 0.5, 0.5, 0.5, 0.5, 0.5, 0.5, 0.5, 0.5, 0.5, 0.5, 0.5, 0.5, 0.5, 0.5, 0.5, 0.5, 0.5, 0.5, 0.5, 0.5, 0.5, 0.5, 0.5, 0.5, 0.5, 0.5, 0.5, 0.5, 0.5, 0.5, 0.5, 0.5, 0.5, 0.5, 0.5, 0.5, 0.5, 0.5, 0.5, 0.5, 0.5, 0.5, 0.5, 0.5, 0.5, 0.5, 0.5, 0.5, 0.5, 0.5, 0.5, 0.5, 0.5, 0.5, 0.5, 0.5, 0.5, 0.5, 0.5, 0.5, 0.5, 0.5, 0.5, 0.5, 0.5, 0.5, 0.5, 0.5, 0.5, 0.5, 0.5, 0.5, 0.5, 0.5, 0.5, 0.5, 0.5, 0.5, 0.5, 0.5, 0.5, 0.5, 0.5, 0.5, 0.5, 0.5, 0.5, 0.5, 0.5, 0.5, 0.5, 0.5, 0.5, 0.5, 0.5, 0.5, 0.5, 0.5, 0.5, 0.5, 0.5, 0.5, 0.5, 0.5, 0.5, 0.5, 0.5, 0.5, 0.5, 0.5, 0.5, 0.5, 0.5, 0.5, 0.5, 0.5, 0.5, 0.5, 0.5, 0.5, 0.5, 0.5, 0.5, 0.5, 0.5, 0.5, 0.5, 0.5, 0.5, 0.5, 0.5, 0.5, 0.5, 0.5, 0.5, 0.5, 0.5, 0.5, 0.5, 0.5, 0.5, 0.5, 0.5, 0.5, 0.5, 0.5, 0.5, 0.5, 0.5, 0.5, 0.5, 0.5, 0.5, 0.5, 0.5, 0.5, 0.5, 0.5, 0.5, 0.5, 0.5, 0.5, 0.5, 0.5, 0.5, 0.5, 0.5, 0.5, 0.5, 0.5, 0.5, 0.5, 0.5, 0.5, 0.5, 0.5, 0.5, 0.5, 0.5, 0.5, 0.5, 0.5, 0.5, 0.5, 0.5, 0.5, 0.5, 0.5, 0.5, 0.5, 0.5, 0.5, 0.5, 0.5, 0.5, 0.5, 0.5, 0.5, 0.5, 0.5, 0.5, 0.5, 0.5, 0.5, 0.5, 0.5, 0.5, 0.5, 0.5, 0.5, 0.5, 0.5, 0.5, 0.5, 0.5, 0.5, 0.5, 0.5, 0.5, 0.5, 0.5, 0.5, 0.5, 0.5, 0.5, 0.5, 0.5, 0.5, 0.5, 0.5, 0.5, 0.5, 0.5, 0.5, 0.5, 0.5, 0.5, 0.5, 0.5, 0.5, 0.5, 0.5, 0.5, 0.5, 0.5, 0.5, 0.5, 0.5, 0.5, 0.5, 0.5, 0.5, 0.5, 0.5, 0.5, 0.5, 0.5, 0.5, 0.5, 0.5, 0.5, 0.5, 0.5, 0.5, 0.5, 0.5, 0.5, 0.5, 0.5, 0.5, 0.5, 0.5, 0.5, 0.5, 0.5, 0.5, 0.5, 0.5, 0.5, 0.5, 0.5, 0.5, 0.5, 0.5, 0.5, 0.5, 0.5, 0.5, 0.5, 0.5, 0.5, 0.5, 0.5, 0.5, 0.5, 0.5, 0.5, 0.5, 0.5, 0.5, 0.5, 0.5, 0.5, 0.5, 0.5, 0.5, 0.5, 0.5, 0.5, 0.5, 0.5, 0.5, 0.5, 0.5, 0.5, 0.5, 0.5]",2
2026_11_KICE_4-9_1,['4(2)'],"1번: 적절하다 + “법은 사회 구성원들에게 보편적으로 적용되는 규범이므로, 성문법을 ⓐ[구성하는] 단어나 문장은 그 일상적 의미에 충실하게 해석되어야 한다.”  
2번: 적절하다 + “한편, 담보는 채권과 관련된 맥락에서는 채권의 실현 가능성을 보장하기 위한 조치라는 의미로 해석된다.”  
3번: 적절하다 + “그러나 그 채권자 중 담보 물권을 가진 자는 경매 대금에서 자신의 채권액부터 먼저 배당받는다.”  
4번: 부적절하다 + 지문은 “유상 계약이란 그 당사자가 서로 대가를 주고받을 것을 약속하는 계약을 뜻한다.”고만 할 뿐, 교환 대상 사이의 값어치가 일치해야 계약이 체결된다고는 언급하지 않는다.  
5번: 적절하다 + “문리 해석으로 그 내용을 제대로 파악하기 어려우면, … 입법 과정에서 논의된 내용을 바탕으로 그 의미를 파악하는 ‘역사적 해석’ 등의 해석 방법을 사용할 수 있다.”  

최종 정답: 4번","[16, 167, 110, 230, 25, 23821, 254, 223, 168, 254, 230, 47991, 246, 46695, 97, 1343, 564, 250, 167, 110, 243, 35975, 222, 23821, 8955, 169, 248, 234, 220, 166, 113, 105, 168, 226, 109, 168, 249, 238, 167, 241, 97, 168, 245, 238, 166, 110, 234, 31619, 111, 112, 169, 236, 116, 168, 254, 223, 168, 250, 120, 167, 94, 250, 23821, 254, 223, 168, 248, 102, 167, 238, 246, 167, 232, 242, 220, 166, 115, 250, 167, 110, 242, 35975, 112, 167, 107, 222, 167, 94, 250, 11, 23821, 226, 109, 167, 105, 116, 167, 110, 243, 35975, 226, 2343, 241, 238, 58, 166, 113, 105, 168, 226, 109, 47991, 246, 167, 232, 242, 60, 31619, 233, 101, 168, 244, 112, 167, 224, 246, 31619, 105, 116, 168, 252, 98, 35975, 222, 220, 166, 115, 116, 23821, 251, 120, 168, 225, 223, 168, 254, 223, 23821, 251, 246, 167, 107, 116, 168, 245, 238, 23821, 114, 102, 168, 233, 97, 47991, 246, 166, 110, 234, 220, 47991, 112, 168, 226, 251, 167, 238, 246, 168, 244, 112, 168, 243, 120, 220, 47991, 250, 46695, 97, 13, 447, 251, 220, 220, 198, 17, 167, 110, 230, 25, 23821, 254, 223, 168, 254, 230, 47991, 246, 46695, 97, 1343, 564, 250, 47991, 250, 169, 236, 116, 11, 31619, 233, 112, 167, 111, 112, 167, 232, 242, 23821, 109, 226, 166, 114, 234, 166, 111, 120, 220, 166, 112, 222, 167, 254, 101, 167, 238, 250, 31619, 100, 98, 167, 251, 121, 168, 245, 238, 168, 226, 250, 167, 232, 242, 23821, 109, 226, 166, 114, 234, 35975, 246, 23821, 233, 97, 169, 246, 226, 220, 166, 108, 222, 167, 232, 98, 168, 226, 109, 35975, 226, 31619, 111, 112, 168, 252, 98, 47991, 246, 166, 116, 108, 23821, 250, 226, 47991, 250, 23821, 94, 108, 168, 117, 246, 167, 251, 120, 167, 232, 242, 23821, 251, 246, 167, 107, 116, 167, 94, 250, 220, 47991, 112, 168, 226, 251, 167, 238, 250, 46695, 97, 13, 447, 251, 220, 220, 198, 18, 167, 110, 230, 25, 23821, 254, 223, 168, 254, 230, 47991, 246, 46695, 97, 1343, 564, 250, 166, 115, 116, 167, 253, 105, 167, 224, 246, 220, 166, 115, 116, 23821, 109, 226, 166, 114, 234, 168, 252, 238, 23821, 97, 239, 31619, 233, 112, 167, 111, 112, 31619, 45539, 166, 114, 234, 35975, 226, 220, 166, 108, 222, 168, 100, 226, 23821, 252, 238, 167, 232, 242, 220, 166, 110, 121, 167, 100, 97, 31619, 234, 222, 166, 116, 230, 168, 245, 238, 168, 226, 250, 23821, 252, 238, 168, 233, 254, 35975, 246, 23821, 109, 226, 166, 114, 234, 168, 243, 94, 167, 114, 222, 169, 226, 108, 31619, 101, 120, 168, 254, 222, 31619, 108, 108, 46695, 117, 167, 108, 249, 167, 232, 242, 46695, 97, 13, 447, 251, 220, 220, 198, 19, 167, 110, 230, 25, 31619, 114, 222, 168, 254, 223, 168, 254, 230, 47991, 246, 46695, 97, 1343, 23821, 100, 222, 167, 105, 116, 35975, 222, 564, 250, 168, 250, 254, 168, 225, 223, 220, 166, 111, 226, 168, 243, 121, 35975, 112, 167, 252, 222, 220, 166, 115, 116, 31619, 233, 117, 168, 8955, 168, 252, 238, 166, 108, 222, 23821, 226, 250, 167, 94, 250, 31619, 234, 222, 166, 108, 222, 167, 98, 120, 23821, 96, 120, 166, 111, 254, 167, 108, 249, 35975, 226, 220, 166, 110, 225, 35975, 226, 23821, 243, 121, 168, 228, 235, 47991, 246, 167, 232, 242, 220, 166, 111, 226, 168, 243, 121, 35975, 226, 31619, 250, 119, 47991, 250, 46695, 97, 13, 447, 251, 166, 111, 254, 167, 100, 234, 220, 47991, 254, 31619, 123, 238, 11, 220, 166, 113, 238, 169, 247, 246, 31619, 234, 222, 168, 225, 223, 23821, 8955, 35975, 112, 35975, 246, 220, 166, 108, 240, 168, 244, 112, 168, 117, 246, 166, 108, 222, 23821, 251, 120, 168, 117, 246, 47991, 112, 168, 243, 120, 220, 166, 111, 226, 168, 243, 121, 35975, 112, 23821, 110, 112, 166, 110, 108, 167, 238, 250, 46695, 97, 166, 111, 254, 167, 232, 242, 23821, 244, 116, 166, 116, 231, 47991, 246, 168, 100, 222, 23821, 243, 232, 167, 232, 242, 46695, 97, 13, 220, 220, 198, 20, 167, 110, 230, 25, 23821, 254, 223, 168, 254, 230, 47991, 246, 46695, 97, 1343, 564, 250, 167, 105, 116, 167, 99, 105, 220, 47991, 112, 168, 226, 251, 168, 250, 120, 167, 94, 250, 220, 166, 115, 116, 31619, 224, 112, 168, 248, 102, 35975, 226, 23821, 254, 250, 167, 234, 222, 167, 94, 250, 220, 169, 234, 234, 168, 243, 227, 47991, 246, 166, 116, 108, 23821, 244, 112, 167, 254, 97, 168, 248, 108, 167, 102, 112, 11, 3926, 23821, 252, 227, 167, 110, 243, 220, 166, 111, 120, 168, 254, 243, 168, 245, 238, 168, 226, 250, 31619, 227, 120, 35975, 246, 167, 238, 250, 31619, 224, 112, 168, 248, 102, 35975, 226, 31619, 108, 242, 169, 225, 243, 168, 250, 120, 167, 94, 250, 220, 166, 115, 116, 23821, 251, 246, 167, 107, 116, 167, 98, 120, 220, 169, 234, 234, 168, 243, 227, 47991, 246, 167, 232, 242, 564, 246, 168, 245, 255, 168, 8955, 168, 254, 223, 220, 47991, 112, 168, 226, 251, 447, 247, 31619, 241, 109, 35975, 246, 220, 47991, 112, 168, 226, 251, 31619, 108, 102, 167, 110, 243, 35975, 226, 23821, 8955, 168, 248, 102, 47991, 254, 23821, 230, 246, 23821, 252, 230, 46695, 97, 13, 447, 251, 220, 220, 198, 198, 168, 113, 250, 168, 95, 227, 23821, 254, 243, 46695, 113, 25, 604, 167, 110, 230]","[0.5, 0.5, 0.5, 0.5, 0.5, 0.5, 0.5, 0.5, 0.5, 0.5, 0.5, 0.5, 0.5, 0.5, 0.5, 0.5, 0.5, 0.5, 0.5, 0.5, 0.5, 0.5, 0.5, 0.5, 0.5, 0.5, 0.5, 0.5, 0.5, 0.5, 0.5, 0.5, 0.5, 0.5, 0.5, 0.5, 0.5, 0.5, 0.5, 0.5, 0.5, 0.5, 0.5, 0.5, 0.5, 0.5, 0.5, 0.5, 0.5, 0.5, 0.5, 0.5, 0.5, 0.5, 0.5, 0.5, 0.5, 0.5, 0.5, 0.5, 0.5, 0.5, 0.5, 0.5, 0.5, 0.5, 0.5, 0.5, 0.5, 0.5, 0.5, 0.5, 0.5, 0.5, 0.5, 0.5, 0.5, 0.5, 0.5, 0.5, 0.5, 0.5, 0.5, 0.5, 0.5, 0.5, 0.5, 0.5, 0.5, 0.5, 0.5, 0.5, 0.5, 0.5, 0.5, 0.5, 0.5, 0.5, 0.5, 0.5, 0.5, 0.5, 0.5, 0.5, 0.5, 0.5, 0.5, 0.5, 0.5, 0.5, 0.5, 0.5, 0.5, 0.5, 0.5, 0.5, 0.5, 0.5, 0.5, 0.5, 0.5, 0.5, 0.5, 0.5, 0.5, 0.5, 0.5, 0.5, 0.5, 0.5, 0.5, 0.5, 0.5, 0.5, 0.5, 0.5, 0.5, 0.5, 0.5, 0.5, 0.5, 0.5, 0.5, 0.5, 0.5, 0.5, 0.5, 0.5, 0.5, 0.5, 0.5, 0.5, 0.5, 0.5, 0.5, 0.5, 0.5, 0.5, 0.5, 0.5, 0.5, 0.5, 0.5, 0.5, 0.5, 0.5, 0.5, 0.5, 0.5, 0.5, 0.5, 0.5, 0.5, 0.5, 0.5, 0.5, 0.5, 0.5, 0.5, 0.5, 0.5, 0.5, 0.5, 0.5, 0.5, 0.5, 0.5, 0.5, 0.5, 0.5, 0.5, 0.5, 0.5, 0.5, 0.5, 0.5, 0.5, 0.5, 0.5, 0.5, 0.5, 0.5, 0.5, 0.5, 0.5, 0.5, 0.5, 0.5, 0.5, 0.5, 0.5, 0.5, 0.5, 0.5, 0.5, 0.5, 0.5, 0.5, 0.5, 0.5, 0.5, 0.5, 0.5, 0.5, 0.5, 0.5, 0.5, 0.5, 0.5, 0.5, 0.5, 0.5, 0.5, 0.5, 0.5, 0.5, 0.5, 0.5, 0.5, 0.5, 0.5, 0.5, 0.5, 0.5, 0.5, 0.5, 0.5, 0.5, 0.5, 0.5, 0.5, 0.5, 0.5, 0.5, 0.5, 0.5, 0.5, 0.5, 0.5, 0.5, 0.5, 0.5, 0.5, 0.5, 0.5, 0.5, 0.5, 0.5, 0.5, 0.5, 0.5, 0.5, 0.5, 0.5, 0.5, 0.5, 0.5, 0.5, 0.5, 0.5, 0.5, 0.5, 0.5, 0.5, 0.5, 0.5, 0.5, 0.5, 0.5, 0.5, 0.5, 0.5, 0.5, 0.5, 0.5, 0.5, 0.5, 0.5, 0.5, 0.5, 0.5, 0.5, 0.5, 0.5, 0.5, 0.5, 0.5, 0.5, 0.5, 0.5, 0.5, 0.5, 0.5, 0.5, 0.5, 0.5, 0.5, 0.5, 0.5, 0.5, 0.5, 0.5, 0.5, 0.5, 0.5, 0.5, 0.5, 0.5, 0.5, 0.5, 0.5, 0.5, 0.5, 0.5, 0.5, 0.5, 0.5, 0.5, 0.5, 0.5, 0.5, 0.5, 0.5, 0.5, 0.5, 0.5, 0.5, 0.5, 0.5, 0.5, 0.5, 0.5, 0.5, 0.5, 0.5, 0.5, 0.5, 0.5, 0.5, 0.5, 0.5, 0.5, 0.5, 0.5, 0.5, 0.5, 0.5, 0.5, 0.5, 0.5, 0.5, 0.5, 0.5, 0.5, 0.5, 0.5, 0.5, 0.5, 0.5, 0.5, 0.5, 0.5, 0.5, 0.5, 0.5, 0.5, 0.5, 0.5, 0.5, 0.5, 0.5, 0.5, 0.5, 0.5, 0.5, 0.5, 0.5, 0.5, 0.5, 0.5, 0.5, 0.5, 0.5, 0.5, 0.5, 0.5, 0.5, 0.5, 0.5, 0.5, 0.5, 0.5, 0.5, 0.5, 0.5, 0.5, 0.5, 0.5, 0.5, 0.5, 0.5, 0.5, 0.5, 0.5, 0.5, 0.5, 0.5, 0.5, 0.5, 0.5, 0.5, 0.5, 0.5, 0.5, 0.5, 0.5, 0.5, 0.5, 0.5, 0.5, 0.5, 0.5, 0.5, 0.5, 0.5, 0.5, 0.5, 0.5, 0.5, 0.5, 0.5, 0.5, 0.5, 0.5, 0.5, 0.5, 0.5, 0.5, 0.5, 0.5, 0.5, 0.5, 0.5, 0.5, 0.5, 0.5, 0.5, 0.5, 0.5, 0.5, 0.5, 0.5, 0.5, 0.5, 0.5, 0.5, 0.5, 0.5, 0.5, 0.5, 0.5, 0.5, 0.5, 0.5, 0.5, 0.5, 0.5, 0.5, 0.5, 0.5, 0.5, 0.5, 0.5, 0.5, 0.5, 0.5, 0.5, 0.5, 0.5, 0.5, 0.5, 0.5, 0.5, 0.5, 0.5, 0.5, 0.5, 0.5, 0.5, 0.5, 0.5, 0.5, 0.5, 0.5, 0.5, 0.5, 0.5, 0.5, 0.5, 0.5, 0.5, 0.5, 0.5, 0.5, 0.5, 0.5, 0.5, 0.5, 0.5, 0.5, 0.5, 0.5, 0.5, 0.5, 0.5, 0.5, 0.5, 0.5, 0.5, 0.5, 0.5, 0.5, 0.5, 0.5, 0.5, 0.5, 0.5, 0.5, 0.5, 0.5, 0.5, 0.5, 0.5, 0.5, 0.5, 0.5, 0.5, 0.5, 0.5, 0.5, 0.5, 0.5, 0.5, 0.5, 0.5, 0.5, 0.5, 0.5, 0.5, 0.5, 0.5, 0.5, 0.5, 0.5, 0.5, 0.5, 0.5, 0.5, 0.5, 0.5, 0.5, 0.5, 0.5, 0.5, 0.5, 0.5, 0.5, 0.5, 0.5, 0.5, 0.5, 0.5, 0.5, 0.5, 0.5, 0.5, 0.5, 0.5, 0.5, 0.5, 0.5, 0.5, 0.5, 0.5, 0.5, 0.5, 0.5, 0.5, 0.5, 0.5, 0.5, 0.5, 0.5, 0.5, 0.5, 0.5, 0.5, 0.5, 0.5, 0.5, 0.5, 0.5, 0.5, 0.5, 0.5, 0.5, 0.5, 0.5, 0.5, 0.5, 0.5, 0.5, 0.5, 0.5, 0.5, 0.5, 0.5, 0.5, 0.5, 0.5, 0.5, 0.5, 0.5, 0.5, 0.5, 0.5, 0.5, 0.5, 0.5, 0.5, 0.5, 0.5, 0.5, 0.5, 0.5, 0.5, 0.5, 0.5, 0.5, 0.5, 0.5, 0.5, 0.5, 0.5, 0.5, 0.5, 0.5, 0.5, 0.5, 0.5, 0.5, 0.5, 0.5, 0.5, 0.5, 0.5, 0.5, 0.5, 0.5, 0.5, 0.5, 0.5, 0.5, 0.5, 0.5, 0.5, 0.5, 0.5, 0.5, 0.5, 0.5, 0.5, 0.5, 0.5, 0.5, 0.5, 0.5, 0.5, 0.5, 0.5, 0.5, 0.5, 0.5, 0.5, 0.5, 0.5, 0.5, 0.5, 0.5, 0.5, 0.5, 0.5, 0.5, 0.5, 0.5, 0.5, 0.5, 0.5, 0.5, 0.5, 0.5, 0.5, 0.5, 0.5, 0.5, 0.5, 0.5, 0.5, 0.5, 0.5, 0.5, 0.5, 0.5, 0.5, 0.5, 0.5, 0.5, 0.5, 0.5, 0.5, 0.5, 0.5, 0.5, 0.5, 0.5, 0.5, 0.5, 0.5, 0.5, 0.5, 0.5, 0.5, 0.5, 0.5, 0.5, 0.5, 0.5, 0.5, 0.5, 0.5, 0.5, 0.5, 0.5, 0.5, 0.5, 0.5, 0.5, 0.5, 0.5, 0.5, 0.5, 0.5, 0.5, 0.5, 0.5, 0.5, 0.5, 0.5, 0.5, 0.5, 0.5, 0.5, 0.5, 0.5, 0.5, 0.5, 0.5, 0.5, 0.5, 0.5, 0.5, 0.5, 0.5, 0.5, 0.5, 0.5, 0.5, 0.5, 0.5, 0.5, 0.5, 0.5, 0.5, 0.5, 0.5, 0.5, 0.5, 0.5, 0.5, 0.5, 0.5, 0.5, 0.5, 0.5, 0.5, 0.5, 0.5, 0.5, 0.5, 0.5, 0.5, 0.5, 0.5, 0.5, 0.5, 0.5, 0.5, 0.5, 0.5, 0.5, 0.5, 0.5, 0.5, 0.5, 0.5, 0.5, 0.5, 0.5, 0.5, 0.5, 0.5, 0.5, 0.5, 0.5, 0.5, 0.5, 0.5, 0.5, 0.5, 0.5, 0.5, 0.5, 0.5, 0.5, 0.5, 0.5, 0.5, 0.5, 0.5, 0.5, 0.5, 0.5, 0.5, 0.5, 0.5, 0.5, 0.5, 0.5, 0.5, 0.5, 0.5, 0.5, 0.5, 0.5, 0.5, 0.5, 0.5, 0.5, 0.5, 0.5, 0.5, 0.5, 0.5, 0.5, 0.5, 0.5, 0.5, 0.5, 0.5, 0.5, 0.5, 0.5, 0.5, 0.5, 0.5, 0.5, 0.5, 0.5, 0.5, 0.5, 0.5, 0.5, 0.5, 0.5, 0.5, 0.5, 0.5, 0.5, 0.5, 0.5, 0.5, 0.5, 0.5, 0.5, 0.5, 0.5, 0.5, 0.5, 0.5, 0.5, 0.5, 0.5, 0.5, 0.5, 0.5, 0.5, 0.5, 0.5, 0.5, 0.5, 0.5, 0.5, 0.5, 0.5, 0.5]",2
2026_11_KICE_4-9_2,['2(2)'],"1번: 부적절하다. 지문 어디에도 “채권자가 주채무자가 보증인에게 지급하기로 한 대가를 대신 받아간다”는 내용이 나오지 않는다. “보증 계약은 보증인에게만 채무를 발생시키므로 유상 계약이 아니다.”  

2번: 적절하다. 지문에 “이는 주채무자와 보증인 간에 보증의 대가를 지급하기로 하는 계약이 별도로 체결되었더라도 마찬가지이다.”라고 하여, 보증 계약 당사자가 아닌 자가 대가 지급 의무를 지더라도 보증 계약 자체는 유상 계약이 아님을 밝히고 있다.  

3번: 부적절하다. 지문에는 “보증 채무를 이행하기 전까지 보증인이 주채무자로부터 손해배상을 받을 수 없다”는 언급이 없다.  

4번: 부적절하다. “채권자에게 주채무자 대신 채무를 이행하는 것은 보증인 자신의 채무를 이행하는 것”이라는 설명은 보증의 정의일 뿐, 보증 계약이 유상인지 여부와 관련 없다.  

5번: 부적절하다. 보증과 담보 물권은 지문(나)에서 별도로 구분되어 다루고 있어 “담보 물권과 다름없다”는 주장은 지문과 어긋난다.  

최종 정답: 2번  
","[16, 167, 110, 230, 25, 31619, 114, 222, 168, 254, 223, 168, 254, 230, 47991, 246, 46695, 97, 13, 23821, 100, 222, 167, 105, 116, 23821, 244, 112, 167, 242, 242, 168, 245, 238, 167, 237, 226, 564, 250, 168, 109, 226, 166, 114, 234, 168, 252, 238, 166, 108, 222, 23821, 96, 120, 168, 109, 226, 167, 105, 112, 168, 252, 238, 166, 108, 222, 31619, 111, 112, 168, 99, 251, 35975, 116, 168, 245, 238, 166, 110, 234, 23821, 100, 222, 166, 116, 231, 47991, 246, 166, 116, 108, 167, 94, 250, 220, 47991, 250, 31619, 234, 222, 166, 108, 222, 167, 98, 120, 31619, 234, 222, 168, 233, 254, 31619, 108, 249, 168, 243, 226, 166, 108, 226, 46695, 97, 447, 251, 167, 232, 242, 31619, 224, 112, 168, 248, 102, 35975, 112, 31619, 224, 246, 168, 246, 97, 168, 100, 222, 23821, 243, 232, 167, 232, 242, 46695, 97, 13, 564, 250, 167, 111, 112, 168, 99, 251, 220, 166, 111, 226, 168, 243, 121, 35975, 222, 31619, 111, 112, 168, 99, 251, 35975, 116, 168, 245, 238, 166, 110, 234, 167, 100, 234, 23821, 109, 226, 167, 105, 112, 167, 98, 120, 31619, 108, 250, 168, 225, 251, 168, 233, 250, 169, 224, 97, 167, 107, 222, 167, 94, 250, 23821, 250, 254, 168, 225, 223, 220, 166, 111, 226, 168, 243, 121, 35975, 112, 23821, 243, 226, 46695, 230, 46695, 97, 13, 447, 251, 220, 220, 198, 198, 17, 167, 110, 230, 25, 23821, 254, 223, 168, 254, 230, 47991, 246, 46695, 97, 13, 23821, 100, 222, 167, 105, 116, 168, 245, 238, 564, 250, 35975, 112, 167, 232, 242, 23821, 96, 120, 168, 109, 226, 167, 105, 112, 168, 252, 238, 168, 247, 222, 31619, 111, 112, 168, 99, 251, 35975, 116, 220, 166, 108, 226, 168, 245, 238, 31619, 111, 112, 168, 99, 251, 35975, 246, 31619, 234, 222, 166, 108, 222, 167, 98, 120, 23821, 100, 222, 166, 116, 231, 47991, 246, 166, 116, 108, 167, 94, 250, 220, 47991, 246, 167, 232, 242, 220, 166, 111, 226, 168, 243, 121, 35975, 112, 31619, 111, 226, 167, 237, 226, 167, 94, 250, 23821, 110, 112, 166, 110, 108, 167, 238, 246, 168, 245, 230, 167, 235, 242, 167, 251, 120, 167, 237, 226, 31619, 100, 230, 168, 108, 105, 166, 108, 222, 168, 100, 222, 35975, 112, 46695, 97, 13, 447, 251, 167, 251, 120, 166, 111, 254, 220, 47991, 246, 168, 245, 105, 11, 31619, 111, 112, 168, 99, 251, 220, 166, 111, 226, 168, 243, 121, 31619, 233, 117, 168, 8955, 168, 252, 238, 166, 108, 222, 23821, 243, 226, 46695, 234, 23821, 252, 238, 166, 108, 222, 31619, 234, 222, 166, 108, 222, 23821, 100, 222, 166, 116, 231, 23821, 251, 246, 167, 105, 112, 167, 98, 120, 23821, 100, 222, 167, 235, 242, 167, 251, 120, 167, 237, 226, 31619, 111, 112, 168, 99, 251, 220, 166, 111, 226, 168, 243, 121, 23821, 252, 238, 168, 110, 112, 167, 232, 242, 23821, 250, 254, 168, 225, 223, 220, 166, 111, 226, 168, 243, 121, 35975, 112, 23821, 243, 226, 46695, 246, 35975, 226, 31619, 108, 251, 169, 252, 230, 166, 111, 254, 23821, 252, 230, 46695, 97, 13, 220, 220, 198, 198, 18, 167, 110, 230, 25, 31619, 114, 222, 168, 254, 223, 168, 254, 230, 47991, 246, 46695, 97, 13, 23821, 100, 222, 167, 105, 116, 168, 245, 238, 167, 232, 242, 564, 250, 167, 111, 112, 168, 99, 251, 23821, 109, 226, 167, 105, 112, 167, 98, 120, 23821, 251, 112, 169, 244, 231, 47991, 246, 166, 116, 108, 23821, 254, 226, 166, 117, 234, 168, 100, 222, 31619, 111, 112, 168, 99, 251, 35975, 116, 35975, 112, 23821, 96, 120, 168, 109, 226, 167, 105, 112, 168, 252, 238, 167, 94, 250, 167, 114, 222, 169, 226, 108, 23821, 228, 238, 47991, 112, 167, 108, 108, 168, 225, 223, 35975, 226, 31619, 108, 249, 35975, 226, 23821, 230, 246, 23821, 245, 228, 46695, 97, 447, 251, 167, 232, 242, 23821, 244, 116, 166, 116, 231, 35975, 112, 23821, 245, 228, 46695, 97, 13, 220, 220, 198, 198, 19, 167, 110, 230, 25, 31619, 114, 222, 168, 254, 223, 168, 254, 230, 47991, 246, 46695, 97, 13, 564, 250, 168, 109, 226, 166, 114, 234, 168, 252, 238, 168, 245, 238, 166, 110, 234, 23821, 96, 120, 168, 109, 226, 167, 105, 112, 168, 252, 238, 31619, 234, 222, 168, 233, 254, 23821, 109, 226, 167, 105, 112, 167, 98, 120, 23821, 251, 112, 169, 244, 231, 47991, 246, 167, 232, 242, 220, 166, 110, 225, 35975, 222, 31619, 111, 112, 168, 99, 251, 35975, 116, 23821, 252, 238, 168, 233, 254, 35975, 246, 23821, 109, 226, 167, 105, 112, 167, 98, 120, 23821, 251, 112, 169, 244, 231, 47991, 246, 167, 232, 242, 220, 166, 110, 225, 447, 251, 35975, 112, 167, 251, 120, 167, 232, 242, 23821, 226, 97, 167, 103, 227, 35975, 222, 31619, 111, 112, 168, 99, 251, 35975, 246, 23821, 254, 243, 35975, 246, 35975, 120, 31619, 123, 238, 11, 31619, 111, 112, 168, 99, 251, 220, 166, 111, 226, 168, 243, 121, 35975, 112, 23821, 250, 254, 168, 225, 223, 35975, 116, 168, 100, 222, 23821, 245, 105, 167, 114, 222, 168, 247, 222, 220, 166, 112, 222, 167, 254, 101, 23821, 245, 228, 46695, 97, 13, 220, 220, 198, 198, 20, 167, 110, 230, 25, 31619, 114, 222, 168, 254, 223, 168, 254, 230, 47991, 246, 46695, 97, 13, 31619, 111, 112, 168, 99, 251, 166, 111, 120, 31619, 233, 112, 167, 111, 112, 31619, 45539, 166, 114, 234, 35975, 222, 23821, 100, 222, 167, 105, 116, 7, 167, 224, 246, 8, 168, 245, 238, 168, 226, 250, 31619, 111, 226, 167, 237, 226, 167, 94, 250, 220, 166, 113, 105, 167, 114, 226, 167, 238, 246, 168, 244, 112, 31619, 233, 97, 167, 96, 101, 166, 111, 254, 23821, 252, 230, 168, 244, 112, 564, 250, 46695, 112, 167, 111, 112, 31619, 45539, 166, 114, 234, 166, 111, 120, 31619, 233, 97, 167, 99, 226, 168, 245, 228, 46695, 97, 447, 251, 167, 232, 242, 23821, 96, 120, 168, 252, 98, 35975, 222, 23821, 100, 222, 167, 105, 116, 166, 111, 120, 23821, 244, 112, 166, 116, 233, 167, 224, 250, 46695, 97, 13, 220, 220, 198, 198, 168, 113, 250, 168, 95, 227, 23821, 254, 243, 46695, 113, 25, 362, 167, 110, 230, 220, 220, 198]","[0.5, 0.5, 0.5, 0.5, 0.5, 0.5, 0.5, 0.5, 0.5, 0.5, 0.5, 0.5, 0.5, 0.5, 0.5, 0.5, 0.5, 0.5, 0.5, 0.5, 0.5, 0.5, 0.5, 0.5, 0.5, 0.5, 0.5, 0.5, 0.5, 0.5, 0.5, 0.5, 0.5, 0.5, 0.5, 0.5, 0.5, 0.5, 0.5, 0.5, 0.5, 0.5, 0.5, 0.5, 0.5, 0.5, 0.5, 0.5, 0.5, 0.5, 0.5, 0.5, 0.5, 0.5, 0.5, 0.5, 0.5, 0.5, 0.5, 0.5, 0.5, 0.5, 0.5, 0.5, 0.5, 0.5, 0.5, 0.5, 0.5, 0.5, 0.5, 0.5, 0.5, 0.5, 0.5, 0.5, 0.5, 0.5, 0.5, 0.5, 0.5, 0.5, 0.5, 0.5, 0.5, 0.5, 0.5, 0.5, 0.5, 0.5, 0.5, 0.5, 0.5, 0.5, 0.5, 0.5, 0.5, 0.5, 0.5, 0.5, 0.5, 0.5, 0.5, 0.5, 0.5, 0.5, 0.5, 0.5, 0.5, 0.5, 0.5, 0.5, 0.5, 0.5, 0.5, 0.5, 0.5, 0.5, 0.5, 0.5, 0.5, 0.5, 0.5, 0.5, 0.5, 0.5, 0.5, 0.5, 0.5, 0.5, 0.5, 0.5, 0.5, 0.5, 0.5, 0.5, 0.5, 0.5, 0.5, 0.5, 0.5, 0.5, 0.5, 0.5, 0.5, 0.5, 0.5, 0.5, 0.5, 0.5, 0.5, 0.5, 0.5, 0.5, 0.5, 0.5, 0.5, 0.5, 0.5, 0.5, 0.5, 0.5, 0.5, 0.5, 0.5, 0.5, 0.5, 0.5, 0.5, 0.5, 0.5, 0.5, 0.5, 0.5, 0.5, 0.5, 0.5, 0.5, 0.5, 0.5, 0.5, 0.5, 0.5, 0.5, 0.5, 0.5, 0.5, 0.5, 0.5, 0.5, 0.5, 0.5, 0.5, 0.5, 0.5, 0.5, 0.5, 0.5, 0.5, 0.5, 0.5, 0.5, 0.5, 0.5, 0.5, 0.5, 0.5, 0.5, 0.5, 0.5, 0.5, 0.5, 0.5, 0.5, 0.5, 0.5, 0.5, 0.5, 0.5, 0.5, 0.5, 0.5, 0.5, 0.5, 0.5, 0.5, 0.5, 0.5, 0.5, 0.5, 0.5, 0.5, 0.5, 0.5, 0.5, 0.5, 0.5, 0.5, 0.5, 0.5, 0.5, 0.5, 0.5, 0.5, 0.5, 0.5, 0.5, 0.5, 0.5, 0.5, 0.5, 0.5, 0.5, 0.5, 0.5, 0.5, 0.5, 0.5, 0.5, 0.5, 0.5, 0.5, 0.5, 0.5, 0.5, 0.5, 0.5, 0.5, 0.5, 0.5, 0.5, 0.5, 0.5, 0.5, 0.5, 0.5, 0.5, 0.5, 0.5, 0.5, 0.5, 0.5, 0.5, 0.5, 0.5, 0.5, 0.5, 0.5, 0.5, 0.5, 0.5, 0.5, 0.5, 0.5, 0.5, 0.5, 0.5, 0.5, 0.5, 0.5, 0.5, 0.5, 0.5, 0.5, 0.5, 0.5, 0.5, 0.5, 0.5, 0.5, 0.5, 0.5, 0.5, 0.5, 0.5, 0.5, 0.5, 0.5, 0.5, 0.5, 0.5, 0.5, 0.5, 0.5, 0.5, 0.5, 0.5, 0.5, 0.5, 0.5, 0.5, 0.5, 0.5, 0.5, 0.5, 0.5, 0.5, 0.5, 0.5, 0.5, 0.5, 0.5, 0.5, 0.5, 0.5, 0.5, 0.5, 0.5, 0.5, 0.5, 0.5, 0.5, 0.5, 0.5, 0.5, 0.5, 0.5, 0.5, 0.5, 0.5, 0.5, 0.5, 0.5, 0.5, 0.5, 0.5, 0.5, 0.5, 0.5, 0.5, 0.5, 0.5, 0.5, 0.5, 0.5, 0.5, 0.5, 0.5, 0.5, 0.5, 0.5, 0.5, 0.5, 0.5, 0.5, 0.5, 0.5, 0.5, 0.5, 0.5, 0.5, 0.5, 0.5, 0.5, 0.5, 0.5, 0.5, 0.5, 0.5, 0.5, 0.5, 0.5, 0.5, 0.5, 0.5, 0.5, 0.5, 0.5, 0.5, 0.5, 0.5, 0.5, 0.5, 0.5, 0.5, 0.5, 0.5, 0.5, 0.5, 0.5, 0.5, 0.5, 0.5, 0.5, 0.5, 0.5, 0.5, 0.5, 0.5, 0.5, 0.5, 0.5, 0.5, 0.5, 0.5, 0.5, 0.5, 0.5, 0.5, 0.5, 0.5, 0.5, 0.5, 0.5, 0.5, 0.5, 0.5, 0.5, 0.5, 0.5, 0.5, 0.5, 0.5, 0.5, 0.5, 0.5, 0.5, 0.5, 0.5, 0.5, 0.5, 0.5, 0.5, 0.5, 0.5, 0.5, 0.5, 0.5, 0.5, 0.5, 0.5, 0.5, 0.5, 0.5, 0.5, 0.5, 0.5, 0.5, 0.5, 0.5, 0.5, 0.5, 0.5, 0.5, 0.5, 0.5, 0.5, 0.5, 0.5, 0.5, 0.5, 0.5, 0.5, 0.5, 0.5, 0.5, 0.5, 0.5, 0.5, 0.5, 0.5, 0.5, 0.5, 0.5, 0.5, 0.5, 0.5, 0.5, 0.5, 0.5, 0.5, 0.5, 0.5, 0.5, 0.5, 0.5, 0.5, 0.5, 0.5, 0.5, 0.5, 0.5, 0.5, 0.5, 0.5, 0.5, 0.5, 0.5, 0.5, 0.5, 0.5, 0.5, 0.5, 0.5, 0.5, 0.5, 0.5, 0.5, 0.5, 0.5, 0.5, 0.5, 0.5, 0.5, 0.5, 0.5, 0.5, 0.5, 0.5, 0.5, 0.5, 0.5, 0.5, 0.5, 0.5, 0.5, 0.5, 0.5, 0.5, 0.5, 0.5, 0.5, 0.5, 0.5, 0.5, 0.5, 0.5, 0.5, 0.5, 0.5, 0.5, 0.5, 0.5, 0.5, 0.5, 0.5, 0.5, 0.5, 0.5, 0.5, 0.5, 0.5, 0.5, 0.5, 0.5, 0.5, 0.5, 0.5, 0.5, 0.5, 0.5, 0.5, 0.5, 0.5, 0.5, 0.5, 0.5, 0.5, 0.5, 0.5, 0.5, 0.5, 0.5, 0.5, 0.5, 0.5, 0.5, 0.5, 0.5, 0.5, 0.5, 0.5, 0.5, 0.5, 0.5, 0.5, 0.5, 0.5, 0.5, 0.5, 0.5, 0.5, 0.5, 0.5, 0.5, 0.5, 0.5, 0.5, 0.5, 0.5, 0.5, 0.5, 0.5, 0.5, 0.5, 0.5, 0.5, 0.5, 0.5, 0.5, 0.5, 0.5, 0.5, 0.5, 0.5, 0.5, 0.5, 0.5, 0.5, 0.5, 0.5, 0.5, 0.5, 0.5, 0.5, 0.5, 0.5, 0.5, 0.5, 0.5, 0.5, 0.5, 0.5, 0.5, 0.5, 0.5, 0.5, 0.5, 0.5, 0.5, 0.5, 0.5, 0.5, 0.5, 0.5, 0.5, 0.5, 0.5, 0.5, 0.5, 0.5, 0.5, 0.5, 0.5, 0.5, 0.5, 0.5, 0.5, 0.5, 0.5, 0.5, 0.5, 0.5, 0.5, 0.5, 0.5, 0.5, 0.5, 0.5, 0.5, 0.5, 0.5, 0.5, 0.5, 0.5, 0.5, 0.5, 0.5, 0.5, 0.5, 0.5, 0.5, 0.5, 0.5, 0.5, 0.5, 0.5, 0.5, 0.5, 0.5, 0.5, 0.5, 0.5, 0.5, 0.5, 0.5, 0.5, 0.5, 0.5, 0.5, 0.5, 0.5, 0.5, 0.5, 0.5, 0.5, 0.5, 0.5, 0.5, 0.5, 0.5, 0.5, 0.5, 0.5, 0.5, 0.5, 0.5, 0.5, 0.5, 0.5, 0.5, 0.5, 0.5, 0.5, 0.5, 0.5, 0.5, 0.5, 0.5, 0.5, 0.5, 0.5, 0.5, 0.5, 0.5, 0.5, 0.5, 0.5, 0.5, 0.5, 0.5, 0.5, 0.5, 0.5, 0.5, 0.5, 0.5, 0.5, 0.5, 0.5, 0.5, 0.5, 0.5, 0.5, 0.5, 0.5, 0.5, 0.5, 0.5, 0.5, 0.5, 0.5, 0.5, 0.5, 0.5, 0.5, 0.5, 0.5, 0.5, 0.5, 0.5, 0.5, 0.5, 0.5, 0.5, 0.5, 0.5, 0.5, 0.5, 0.5, 0.5, 0.5, 0.5, 0.5, 0.5, 0.5, 0.5, 0.5, 0.5, 0.5, 0.5, 0.5, 0.5, 0.5, 0.5, 0.5, 0.5, 0.5, 0.5, 0.5, 0.5, 0.5, 0.5, 0.5, 0.5, 0.5, 0.5, 0.5, 0.5, 0.5, 0.5, 0.5, 0.5, 0.5, 0.5, 0.5, 0.5, 0.5, 0.5, 0.5, 0.5, 0.5, 0.5, 0.5, 0.5, 0.5, 0.5, 0.5, 0.5, 0.5, 0.5, 0.5, 0.5, 0.5, 0.5, 0.5, 0.5, 0.5, 0.5, 0.5, 0.5, 0.5, 0.5, 0.5, 0.5, 0.5, 0.5, 0.5, 0.5, 0.5, 0.5, 0.5, 0.5, 0.5, 0.5, 0.5, 0.5, 0.5, 0.5, 0.5, 0.5, 0.5, 0.5, 0.5, 0.5, 0.5, 0.5, 0.5, 0.5, 0.5, 0.5, 0.5, 0.5, 0.5, 0.5, 0.5, 0.5, 0.5, 0.5, 0.5, 0.5, 0.5, 0.5, 0.5, 0.5, 0.5, 0.5, 0.5, 0.5, 0.5, 0.5, 0.5, 0.5, 0.5, 0.5, 0.5, 0.5, 0.5, 0.5, 0.5, 0.5, 0.5, 0.5, 0.5, 0.5, 0.5, 0.5, 0.5, 0.5, 0.5, 0.5, 0.5, 0.5, 0.5, 0.5, 0.5, 0.5, 0.5, 0.5, 0.5, 0.5, 0.5, 0.5, 0.5, 0.5, 0.5, 0.5, 0.5, 0.5, 0.5, 0.5, 0.5, 0.5, 0.5, 0.5, 0.5, 0.5, 0.5, 0.5, 0.5, 0.5, 0.5, 0.5, 0.5, 0.5, 0.5, 0.5, 0.5, 0.5, 0.5, 0.5, 0.5, 0.5, 0.5, 0.5, 0.5, 0.5, 0.5, 0.5, 0.5, 0.5, 0.5, 0.5, 0.5, 0.5, 0.5, 0.5, 0.5, 0.5, 0.5, 0.5, 0.5, 0.5, 0.5, 0.5, 0.5, 0.5, 0.5, 0.5, 0.5, 0.5, 0.5, 0.5, 0.5, 0.5, 0.5, 0.5, 0.5, 0.5, 0.5, 0.5, 0.5, 0.5, 0.5, 0.5, 0.5, 0.5, 0.5, 0.5, 0.5, 0.5, 0.5, 0.5, 0.5, 0.5, 0.5, 0.5, 0.5, 0.5, 0.5, 0.5, 0.5, 0.5, 0.5, 0.5, 0.5, 0.5, 0.5, 0.5, 0.5, 0.5, 0.5, 0.5, 0.5, 0.5, 0.5, 0.5, 0.5, 0.5, 0.5, 0.5, 0.5, 0.5, 0.5, 0.5, 0.5, 0.5, 0.5, 0.5, 0.5, 0.5, 0.5, 0.5, 0.5, 0.5, 0.5, 0.5, 0.5, 0.5, 0.5]",2
2026_11_KICE_4-9_3,['5(2)'],"1번: 부적절  
“주채무자가 사업과 무관한 금전 채무이고, 보증인이 대가 없이 주채무자에 대한 호의로 보증 계약을 한 경우에는 ‘보증인 보호를 위한 특별법’에 의한 보호도 제공된다.”  
→ 이는 일반 보증인에 대한 조건이지, 연대 보증인에게 반드시 해당하는 요건이 아니다.

2번: 적절  
“위 법률 제2조가 그 적용 대상인 보증 계약을 ‘주채무자가 금전 채무를 이행하지 않는 경우 그 채무를 보증인이 이행하기로 하는 계약’이라고 규정하고 있으나…”  
→ 문리 해석상 연대 보증 계약도 ‘보증인이 이행하기로 하는 계약’에 해당하므로 특별법의 적용 대상에 해당한다.

3번: 부적절  
“연대 보증 특약이 보증 계약에 포함될 수 있다. 이러한 특약을 한 보증인인 연대 보증인은, 채권자가 곧바로 주채무 전액에 해당하는 돈의 지급을 요구하더라도 그 이행을 거절할 수 없다.”  
→ 일반 보증인이 갖는 ‘먼저 주채무자에게 청구하지 않으면 거절할 권리’를 연대 보증인은 행사할 수 없다.

4번: 부적절  
“연대 보증 특약이 보증 계약에 포함될 수 있다.”  
→ 연대 보증 인격 형성은 채권자와 보증인 사이의 보증 계약에 특약을 추가하는 형태이지, 채무자와 별도의 계약을 체결하는 것이 아니다.

5번: 부적절  
“보증은 담보 기능을 수행하므로 주채무가 소멸되면 보증 채무도 당연히 소멸된다.”  
→ 일반 보증인에게는 맞으나, 연대 보증인에 대해서도 물론 적용되나, 문제의 핵심은 ‘연대 보증인’의 특징(특약으로 인한 거절권 상실 및 특별법 적용 여부)이다.

최종 정답: 2번","[16, 167, 110, 230, 25, 31619, 114, 222, 168, 254, 223, 168, 254, 230, 220, 220, 198, 447, 250, 168, 96, 120, 168, 109, 226, 167, 105, 112, 168, 252, 238, 166, 108, 222, 23821, 8955, 168, 245, 227, 166, 111, 120, 31619, 105, 112, 166, 112, 222, 47991, 250, 220, 166, 116, 230, 168, 254, 226, 23821, 109, 226, 167, 105, 112, 35975, 112, 166, 111, 254, 11, 31619, 111, 112, 168, 99, 251, 35975, 116, 35975, 112, 31619, 234, 222, 166, 108, 222, 23821, 245, 228, 35975, 112, 23821, 96, 120, 168, 109, 226, 167, 105, 112, 168, 252, 238, 168, 245, 238, 31619, 234, 222, 47991, 250, 220, 169, 246, 116, 35975, 246, 167, 94, 250, 31619, 111, 112, 168, 99, 251, 220, 166, 111, 226, 168, 243, 121, 35975, 226, 220, 47991, 250, 220, 166, 110, 121, 168, 248, 108, 168, 245, 238, 167, 232, 242, 564, 246, 167, 111, 112, 168, 99, 251, 35975, 116, 31619, 111, 112, 169, 246, 116, 167, 98, 120, 23821, 250, 226, 47991, 250, 220, 169, 232, 117, 167, 111, 226, 167, 110, 243, 447, 247, 168, 245, 238, 23821, 251, 246, 47991, 250, 31619, 111, 112, 169, 246, 116, 167, 237, 226, 23821, 254, 250, 166, 111, 113, 167, 238, 250, 46695, 97, 13, 447, 251, 220, 220, 198, 39310, 23821, 251, 112, 167, 232, 242, 23821, 251, 120, 167, 108, 246, 31619, 111, 112, 168, 99, 251, 35975, 116, 168, 245, 238, 31619, 234, 222, 47991, 250, 23821, 94, 108, 166, 109, 112, 35975, 112, 168, 100, 222, 11, 23821, 245, 108, 167, 234, 222, 31619, 111, 112, 168, 99, 251, 35975, 116, 168, 245, 238, 166, 110, 234, 31619, 108, 246, 167, 241, 250, 168, 233, 250, 220, 47991, 112, 46695, 117, 47991, 246, 167, 232, 242, 23821, 248, 242, 166, 109, 112, 35975, 112, 23821, 243, 226, 46695, 230, 46695, 97, 13, 198, 198, 17, 167, 110, 230, 25, 23821, 254, 223, 168, 254, 230, 220, 220, 198, 447, 250, 168, 250, 226, 31619, 110, 243, 167, 98, 254, 23821, 254, 250, 17, 168, 94, 108, 166, 108, 222, 220, 166, 115, 116, 23821, 254, 223, 168, 248, 102, 31619, 234, 222, 168, 225, 223, 35975, 116, 31619, 111, 112, 168, 99, 251, 220, 166, 111, 226, 168, 243, 121, 35975, 226, 564, 246, 168, 96, 120, 168, 109, 226, 167, 105, 112, 168, 252, 238, 166, 108, 222, 220, 166, 116, 230, 168, 254, 226, 23821, 109, 226, 167, 105, 112, 167, 98, 120, 23821, 251, 112, 169, 244, 231, 47991, 246, 168, 100, 222, 23821, 243, 232, 167, 232, 242, 220, 166, 110, 121, 168, 248, 108, 220, 166, 115, 116, 23821, 109, 226, 167, 105, 112, 167, 98, 120, 31619, 111, 112, 168, 99, 251, 35975, 116, 35975, 112, 23821, 251, 112, 169, 244, 231, 47991, 246, 166, 116, 108, 167, 94, 250, 220, 47991, 246, 167, 232, 242, 220, 166, 111, 226, 168, 243, 121, 447, 247, 35975, 112, 167, 251, 120, 166, 111, 254, 220, 166, 115, 250, 168, 254, 243, 47991, 246, 166, 111, 254, 23821, 252, 230, 168, 250, 120, 167, 224, 246, 1399, 447, 251, 220, 220, 198, 39310, 31619, 105, 116, 167, 99, 105, 220, 47991, 112, 168, 226, 251, 168, 225, 223, 23821, 245, 108, 167, 234, 222, 31619, 111, 112, 168, 99, 251, 220, 166, 111, 226, 168, 243, 121, 167, 237, 226, 564, 246, 167, 111, 112, 168, 99, 251, 35975, 116, 35975, 112, 23821, 251, 112, 169, 244, 231, 47991, 246, 166, 116, 108, 167, 94, 250, 220, 47991, 246, 167, 232, 242, 220, 166, 111, 226, 168, 243, 121, 447, 247, 168, 245, 238, 220, 47991, 112, 46695, 117, 47991, 246, 167, 107, 222, 167, 94, 250, 220, 169, 232, 117, 167, 111, 226, 167, 110, 243, 35975, 246, 23821, 254, 223, 168, 248, 102, 31619, 234, 222, 168, 225, 223, 168, 245, 238, 220, 47991, 112, 46695, 117, 47991, 250, 46695, 97, 13, 198, 198, 18, 167, 110, 230, 25, 31619, 114, 222, 168, 254, 223, 168, 254, 230, 220, 220, 198, 447, 250, 168, 245, 108, 167, 234, 222, 31619, 111, 112, 168, 99, 251, 220, 169, 232, 117, 168, 243, 121, 35975, 112, 31619, 111, 112, 168, 99, 251, 220, 166, 111, 226, 168, 243, 121, 168, 245, 238, 220, 169, 237, 105, 47991, 101, 167, 238, 254, 23821, 230, 246, 23821, 252, 230, 46695, 97, 13, 23821, 251, 112, 167, 253, 105, 47991, 250, 220, 169, 232, 117, 168, 243, 121, 35975, 226, 220, 47991, 250, 31619, 111, 112, 168, 99, 251, 35975, 116, 35975, 116, 23821, 245, 108, 167, 234, 222, 31619, 111, 112, 168, 99, 251, 35975, 116, 35975, 222, 11, 23821, 109, 226, 166, 114, 234, 168, 252, 238, 166, 108, 222, 220, 166, 111, 100, 167, 108, 242, 167, 94, 250, 23821, 96, 120, 168, 109, 226, 167, 105, 112, 23821, 254, 226, 168, 243, 94, 168, 245, 238, 220, 47991, 112, 46695, 117, 47991, 246, 167, 232, 242, 31619, 237, 230, 35975, 246, 23821, 100, 222, 166, 116, 231, 35975, 226, 23821, 248, 242, 166, 113, 105, 47991, 246, 167, 235, 242, 167, 251, 120, 167, 237, 226, 220, 166, 115, 116, 23821, 251, 112, 169, 244, 231, 35975, 226, 220, 166, 109, 108, 168, 254, 230, 47991, 254, 23821, 230, 246, 23821, 245, 228, 46695, 97, 13, 447, 251, 220, 220, 198, 39310, 23821, 251, 120, 167, 108, 246, 31619, 111, 112, 168, 99, 251, 35975, 116, 35975, 112, 220, 166, 108, 244, 167, 232, 242, 564, 246, 167, 101, 120, 168, 254, 222, 23821, 96, 120, 168, 109, 226, 167, 105, 112, 168, 252, 238, 168, 245, 238, 166, 110, 234, 23821, 110, 255, 166, 113, 105, 47991, 246, 168, 100, 222, 23821, 243, 232, 168, 250, 120, 167, 102, 112, 220, 166, 109, 108, 168, 254, 230, 47991, 254, 220, 166, 114, 234, 167, 99, 105, 447, 247, 167, 98, 120, 23821, 245, 108, 167, 234, 222, 31619, 111, 112, 168, 99, 251, 35975, 116, 35975, 222, 220, 169, 244, 231, 168, 8955, 47991, 254, 23821, 230, 246, 23821, 245, 228, 46695, 97, 13, 198, 198, 19, 167, 110, 230, 25, 31619, 114, 222, 168, 254, 223, 168, 254, 230, 220, 220, 198, 447, 250, 168, 245, 108, 167, 234, 222, 31619, 111, 112, 168, 99, 251, 220, 169, 232, 117, 168, 243, 121, 35975, 112, 31619, 111, 112, 168, 99, 251, 220, 166, 111, 226, 168, 243, 121, 168, 245, 238, 220, 169, 237, 105, 47991, 101, 167, 238, 254, 23821, 230, 246, 23821, 252, 230, 46695, 97, 13, 447, 251, 220, 220, 198, 39310, 23821, 245, 108, 167, 234, 222, 31619, 111, 112, 168, 99, 251, 23821, 251, 116, 166, 110, 102, 220, 169, 246, 243, 168, 226, 109, 35975, 222, 23821, 109, 226, 166, 114, 234, 168, 252, 238, 168, 247, 222, 31619, 111, 112, 168, 99, 251, 35975, 116, 23821, 8955, 35975, 112, 35975, 246, 31619, 111, 112, 168, 99, 251, 220, 166, 111, 226, 168, 243, 121, 168, 245, 238, 220, 169, 232, 117, 168, 243, 121, 35975, 226, 23821, 114, 242, 166, 108, 222, 47991, 246, 167, 232, 242, 220, 169, 246, 243, 169, 225, 250, 35975, 112, 168, 100, 222, 11, 23821, 109, 226, 167, 105, 112, 168, 252, 238, 168, 247, 222, 31619, 111, 226, 167, 237, 226, 35975, 246, 220, 166, 111, 226, 168, 243, 121, 35975, 226, 23821, 110, 112, 166, 110, 108, 47991, 246, 167, 232, 242, 220, 166, 110, 225, 35975, 112, 23821, 243, 226, 46695, 230, 46695, 97, 13, 198, 198, 20, 167, 110, 230, 25, 31619, 114, 222, 168, 254, 223, 168, 254, 230, 220, 220, 198, 447, 250, 167, 111, 112, 168, 99, 251, 35975, 222, 31619, 233, 112, 167, 111, 112, 220, 166, 116, 108, 167, 232, 98, 35975, 226, 23821, 230, 246, 169, 244, 231, 47991, 246, 167, 107, 222, 167, 94, 250, 23821, 96, 120, 168, 109, 226, 167, 105, 112, 166, 108, 222, 23821, 228, 234, 167, 102, 116, 167, 238, 246, 167, 102, 112, 31619, 111, 112, 168, 99, 251, 23821, 109, 226, 167, 105, 112, 167, 237, 226, 31619, 233, 117, 168, 245, 108, 169, 252, 230, 23821, 228, 234, 167, 102, 116, 167, 238, 250, 46695, 97, 13, 447, 251, 220, 220, 198, 39310, 23821, 251, 120, 167, 108, 246, 31619, 111, 112, 168, 99, 251, 35975, 116, 168, 245, 238, 166, 110, 234, 167, 232, 242, 31619, 100, 252, 168, 250, 120, 167, 224, 246, 11, 23821, 245, 108, 167, 234, 222, 31619, 111, 112, 168, 99, 251, 35975, 116, 168, 245, 238, 31619, 234, 222, 47991, 112, 168, 226, 250, 167, 237, 226, 31619, 45539, 167, 94, 254, 23821, 254, 223, 168, 248, 102, 167, 238, 246, 167, 224, 246, 11, 31619, 105, 116, 168, 254, 250, 35975, 246, 220, 47991, 113, 168, 233, 105, 35975, 222, 564, 246, 168, 245, 108, 167, 234, 222, 31619, 111, 112, 168, 99, 251, 35975, 116, 447, 247, 35975, 246, 220, 169, 232, 117, 168, 100, 243, 7, 169, 232, 117, 168, 243, 121, 168, 250, 120, 167, 94, 250, 23821, 251, 116, 47991, 250, 220, 166, 109, 108, 168, 254, 230, 166, 114, 234, 23821, 225, 223, 168, 233, 97, 31619, 108, 237, 220, 169, 232, 117, 167, 111, 226, 167, 110, 243, 23821, 254, 223, 168, 248, 102, 23821, 245, 105, 167, 114, 222, 8, 35975, 112, 46695, 97, 13, 198, 198, 168, 113, 250, 168, 95, 227, 23821, 254, 243, 46695, 113, 25, 362, 167, 110, 230]","[0.5, 0.5, 0.5, 0.5, 0.5, 0.5, 0.5, 0.5, 0.5, 0.5, 0.5, 0.5, 0.5, 0.5, 0.5, 0.5, 0.5, 0.5, 0.5, 0.5, 0.5, 0.5, 0.5, 0.5, 0.5, 0.5, 0.5, 0.5, 0.5, 0.5, 0.5, 0.5, 0.5, 0.5, 0.5, 0.5, 0.5, 0.5, 0.5, 0.5, 0.5, 0.5, 0.5, 0.5, 0.5, 0.5, 0.5, 0.5, 0.5, 0.5, 0.5, 0.5, 0.5, 0.5, 0.5, 0.5, 0.5, 0.5, 0.5, 0.5, 0.5, 0.5, 0.5, 0.5, 0.5, 0.5, 0.5, 0.5, 0.5, 0.5, 0.5, 0.5, 0.5, 0.5, 0.5, 0.5, 0.5, 0.5, 0.5, 0.5, 0.5, 0.5, 0.5, 0.5, 0.5, 0.5, 0.5, 0.5, 0.5, 0.5, 0.5, 0.5, 0.5, 0.5, 0.5, 0.5, 0.5, 0.5, 0.5, 0.5, 0.5, 0.5, 0.5, 0.5, 0.5, 0.5, 0.5, 0.5, 0.5, 0.5, 0.5, 0.5, 0.5, 0.5, 0.5, 0.5, 0.5, 0.5, 0.5, 0.5, 0.5, 0.5, 0.5, 0.5, 0.5, 0.5, 0.5, 0.5, 0.5, 0.5, 0.5, 0.5, 0.5, 0.5, 0.5, 0.5, 0.5, 0.5, 0.5, 0.5, 0.5, 0.5, 0.5, 0.5, 0.5, 0.5, 0.5, 0.5, 0.5, 0.5, 0.5, 0.5, 0.5, 0.5, 0.5, 0.5, 0.5, 0.5, 0.5, 0.5, 0.5, 0.5, 0.5, 0.5, 0.5, 0.5, 0.5, 0.5, 0.5, 0.5, 0.5, 0.5, 0.5, 0.5, 0.5, 0.5, 0.5, 0.5, 0.5, 0.5, 0.5, 0.5, 0.5, 0.5, 0.5, 0.5, 0.5, 0.5, 0.5, 0.5, 0.5, 0.5, 0.5, 0.5, 0.5, 0.5, 0.5, 0.5, 0.5, 0.5, 0.5, 0.5, 0.5, 0.5, 0.5, 0.5, 0.5, 0.5, 0.5, 0.5, 0.5, 0.5, 0.5, 0.5, 0.5, 0.5, 0.5, 0.5, 0.5, 0.5, 0.5, 0.5, 0.5, 0.5, 0.5, 0.5, 0.5, 0.5, 0.5, 0.5, 0.5, 0.5, 0.5, 0.5, 0.5, 0.5, 0.5, 0.5, 0.5, 0.5, 0.5, 0.5, 0.5, 0.5, 0.5, 0.5, 0.5, 0.5, 0.5, 0.5, 0.5, 0.5, 0.5, 0.5, 0.5, 0.5, 0.5, 0.5, 0.5, 0.5, 0.5, 0.5, 0.5, 0.5, 0.5, 0.5, 0.5, 0.5, 0.5, 0.5, 0.5, 0.5, 0.5, 0.5, 0.5, 0.5, 0.5, 0.5, 0.5, 0.5, 0.5, 0.5, 0.5, 0.5, 0.5, 0.5, 0.5, 0.5, 0.5, 0.5, 0.5, 0.5, 0.5, 0.5, 0.5, 0.5, 0.5, 0.5, 0.5, 0.5, 0.5, 0.5, 0.5, 0.5, 0.5, 0.5, 0.5, 0.5, 0.5, 0.5, 0.5, 0.5, 0.5, 0.5, 0.5, 0.5, 0.5, 0.5, 0.5, 0.5, 0.5, 0.5, 0.5, 0.5, 0.5, 0.5, 0.5, 0.5, 0.5, 0.5, 0.5, 0.5, 0.5, 0.5, 0.5, 0.5, 0.5, 0.5, 0.5, 0.5, 0.5, 0.5, 0.5, 0.5, 0.5, 0.5, 0.5, 0.5, 0.5, 0.5, 0.5, 0.5, 0.5, 0.5, 0.5, 0.5, 0.5, 0.5, 0.5, 0.5, 0.5, 0.5, 0.5, 0.5, 0.5, 0.5, 0.5, 0.5, 0.5, 0.5, 0.5, 0.5, 0.5, 0.5, 0.5, 0.5, 0.5, 0.5, 0.5, 0.5, 0.5, 0.5, 0.5, 0.5, 0.5, 0.5, 0.5, 0.5, 0.5, 0.5, 0.5, 0.5, 0.5, 0.5, 0.5, 0.5, 0.5, 0.5, 0.5, 0.5, 0.5, 0.5, 0.5, 0.5, 0.5, 0.5, 0.5, 0.5, 0.5, 0.5, 0.5, 0.5, 0.5, 0.5, 0.5, 0.5, 0.5, 0.5, 0.5, 0.5, 0.5, 0.5, 0.5, 0.5, 0.5, 0.5, 0.5, 0.5, 0.5, 0.5, 0.5, 0.5, 0.5, 0.5, 0.5, 0.5, 0.5, 0.5, 0.5, 0.5, 0.5, 0.5, 0.5, 0.5, 0.5, 0.5, 0.5, 0.5, 0.5, 0.5, 0.5, 0.5, 0.5, 0.5, 0.5, 0.5, 0.5, 0.5, 0.5, 0.5, 0.5, 0.5, 0.5, 0.5, 0.5, 0.5, 0.5, 0.5, 0.5, 0.5, 0.5, 0.5, 0.5, 0.5, 0.5, 0.5, 0.5, 0.5, 0.5, 0.5, 0.5, 0.5, 0.5, 0.5, 0.5, 0.5, 0.5, 0.5, 0.5, 0.5, 0.5, 0.5, 0.5, 0.5, 0.5, 0.5, 0.5, 0.5, 0.5, 0.5, 0.5, 0.5, 0.5, 0.5, 0.5, 0.5, 0.5, 0.5, 0.5, 0.5, 0.5, 0.5, 0.5, 0.5, 0.5, 0.5, 0.5, 0.5, 0.5, 0.5, 0.5, 0.5, 0.5, 0.5, 0.5, 0.5, 0.5, 0.5, 0.5, 0.5, 0.5, 0.5, 0.5, 0.5, 0.5, 0.5, 0.5, 0.5, 0.5, 0.5, 0.5, 0.5, 0.5, 0.5, 0.5, 0.5, 0.5, 0.5, 0.5, 0.5, 0.5, 0.5, 0.5, 0.5, 0.5, 0.5, 0.5, 0.5, 0.5, 0.5, 0.5, 0.5, 0.5, 0.5, 0.5, 0.5, 0.5, 0.5, 0.5, 0.5, 0.5, 0.5, 0.5, 0.5, 0.5, 0.5, 0.5, 0.5, 0.5, 0.5, 0.5, 0.5, 0.5, 0.5, 0.5, 0.5, 0.5, 0.5, 0.5, 0.5, 0.5, 0.5, 0.5, 0.5, 0.5, 0.5, 0.5, 0.5, 0.5, 0.5, 0.5, 0.5, 0.5, 0.5, 0.5, 0.5, 0.5, 0.5, 0.5, 0.5, 0.5, 0.5, 0.5, 0.5, 0.5, 0.5, 0.5, 0.5, 0.5, 0.5, 0.5, 0.5, 0.5, 0.5, 0.5, 0.5, 0.5, 0.5, 0.5, 0.5, 0.5, 0.5, 0.5, 0.5, 0.5, 0.5, 0.5, 0.5, 0.5, 0.5, 0.5, 0.5, 0.5, 0.5, 0.5, 0.5, 0.5, 0.5, 0.5, 0.5, 0.5, 0.5, 0.5, 0.5, 0.5, 0.5, 0.5, 0.5, 0.5, 0.5, 0.5, 0.5, 0.5, 0.5, 0.5, 0.5, 0.5, 0.5, 0.5, 0.5, 0.5, 0.5, 0.5, 0.5, 0.5, 0.5, 0.5, 0.5, 0.5, 0.5, 0.5, 0.5, 0.5, 0.5, 0.5, 0.5, 0.5, 0.5, 0.5, 0.5, 0.5, 0.5, 0.5, 0.5, 0.5, 0.5, 0.5, 0.5, 0.5, 0.5, 0.5, 0.5, 0.5, 0.5, 0.5, 0.5, 0.5, 0.5, 0.5, 0.5, 0.5, 0.5, 0.5, 0.5, 0.5, 0.5, 0.5, 0.5, 0.5, 0.5, 0.5, 0.5, 0.5, 0.5, 0.5, 0.5, 0.5, 0.5, 0.5, 0.5, 0.5, 0.5, 0.5, 0.5, 0.5, 0.5, 0.5, 0.5, 0.5, 0.5, 0.5, 0.5, 0.5, 0.5, 0.5, 0.5, 0.5, 0.5, 0.5, 0.5, 0.5, 0.5, 0.5, 0.5, 0.5, 0.5, 0.5, 0.5, 0.5, 0.5, 0.5, 0.5, 0.5, 0.5, 0.5, 0.5, 0.5, 0.5, 0.5, 0.5, 0.5, 0.5, 0.5, 0.5, 0.5, 0.5, 0.5, 0.5, 0.5, 0.5, 0.5, 0.5, 0.5, 0.5, 0.5, 0.5, 0.5, 0.5, 0.5, 0.5, 0.5, 0.5, 0.5, 0.5, 0.5, 0.5, 0.5, 0.5, 0.5, 0.5, 0.5, 0.5, 0.5, 0.5, 0.5, 0.5, 0.5, 0.5, 0.5, 0.5, 0.5, 0.5, 0.5, 0.5, 0.5, 0.5, 0.5, 0.5, 0.5, 0.5, 0.5, 0.5, 0.5, 0.5, 0.5, 0.5, 0.5, 0.5, 0.5, 0.5, 0.5, 0.5, 0.5, 0.5, 0.5, 0.5, 0.5, 0.5, 0.5, 0.5, 0.5, 0.5, 0.5, 0.5, 0.5, 0.5, 0.5, 0.5, 0.5, 0.5, 0.5, 0.5, 0.5, 0.5, 0.5, 0.5, 0.5, 0.5, 0.5, 0.5, 0.5, 0.5, 0.5, 0.5, 0.5, 0.5, 0.5, 0.5, 0.5, 0.5, 0.5, 0.5, 0.5, 0.5, 0.5, 0.5, 0.5, 0.5, 0.5, 0.5, 0.5, 0.5, 0.5, 0.5, 0.5, 0.5, 0.5, 0.5, 0.5, 0.5, 0.5, 0.5, 0.5, 0.5, 0.5, 0.5, 0.5, 0.5, 0.5, 0.5, 0.5, 0.5, 0.5, 0.5, 0.5, 0.5, 0.5, 0.5, 0.5, 0.5, 0.5, 0.5, 0.5, 0.5, 0.5, 0.5, 0.5, 0.5, 0.5, 0.5, 0.5, 0.5, 0.5, 0.5, 0.5, 0.5, 0.5, 0.5, 0.5, 0.5, 0.5, 0.5, 0.5, 0.5, 0.5, 0.5, 0.5, 0.5, 0.5, 0.5, 0.5, 0.5, 0.5, 0.5, 0.5, 0.5, 0.5, 0.5, 0.5, 0.5, 0.5, 0.5, 0.5, 0.5, 0.5, 0.5, 0.5, 0.5, 0.5, 0.5, 0.5, 0.5, 0.5, 0.5, 0.5, 0.5, 0.5, 0.5, 0.5, 0.5, 0.5, 0.5, 0.5, 0.5, 0.5, 0.5, 0.5, 0.5, 0.5, 0.5, 0.5, 0.5, 0.5, 0.5, 0.5, 0.5, 0.5, 0.5, 0.5, 0.5, 0.5, 0.5, 0.5, 0.5, 0.5, 0.5, 0.5, 0.5, 0.5, 0.5, 0.5, 0.5, 0.5, 0.5, 0.5, 0.5, 0.5, 0.5, 0.5, 0.5, 0.5, 0.5, 0.5, 0.5, 0.5, 0.5, 0.5, 0.5, 0.5, 0.5, 0.5, 0.5, 0.5, 0.5, 0.5, 0.5, 0.5, 0.5, 0.5, 0.5, 0.5, 0.5, 0.5, 0.5, 0.5, 0.5, 0.5, 0.5, 0.5, 0.5, 0.5, 0.5, 0.5, 0.5, 0.5, 0.5, 0.5, 0.5, 0.5, 0.5, 0.5, 0.5, 0.5, 0.5, 0.5, 0.5, 0.5, 0.5, 0.5, 0.5, 0.5, 0.5, 0.5, 0.5, 0.5, 0.5, 0.5, 0.5, 0.5, 0.5, 0.5, 0.5, 0.5, 0.5, 0.5, 0.5, 0.5, 0.5, 0.5, 0.5, 0.5, 0.5, 0.5, 0.5, 0.5, 0.5, 0.5, 0.5, 0.5, 0.5, 0.5, 0.5, 0.5, 0.5, 0.5, 0.5, 0.5, 0.5, 0.5, 0.5, 0.5, 0.5, 0.5, 0.5, 0.5, 0.5, 0.5, 0.5, 0.5, 0.5, 0.5, 0.5, 0.5, 0.5, 0.5, 0.5, 0.5, 0.5, 0.5, 0.5, 0.5, 0.5, 0.5, 0.5, 0.5, 0.5, 0.5, 0.5, 0.5, 0.5, 0.5, 0.5, 0.5, 0.5, 0.5, 0.5, 0.5, 0.5, 0.5, 0.5, 0.5, 0.5, 0.5, 0.5, 0.5, 0.5, 0.5, 0.5, 0.5, 0.5, 0.5, 0.5, 0.5, 0.5, 0.5, 0.5, 0.5, 0.5, 0.5, 0.5, 0.5, 0.5, 0.5, 0.5, 0.5, 0.5, 0.5, 0.5, 0.5, 0.5, 0.5, 0.5, 0.5, 0.5, 0.5, 0.5, 0.5, 0.5, 0.5, 0.5, 0.5, 0.5, 0.5, 0.5, 0.5, 0.5, 0.5, 0.5, 0.5, 0.5, 0.5, 0.5, 0.5, 0.5, 0.5, 0.5, 0.5, 0.5, 0.5, 0.5, 0.5, 0.5, 0.5, 0.5, 0.5, 0.5, 0.5, 0.5, 0.5, 0.5, 0.5, 0.5, 0.5, 0.5, 0.5, 0.5, 0.5, 0.5, 0.5, 0.5, 0.5, 0.5, 0.5, 0.5, 0.5, 0.5, 0.5, 0.5, 0.5, 0.5, 0.5, 0.5, 0.5, 0.5, 0.5, 0.5, 0.5, 0.5, 0.5, 0.5, 0.5, 0.5, 0.5, 0.5, 0.5, 0.5, 0.5, 0.5, 0.5, 0.5, 0.5, 0.5, 0.5, 0.5, 0.5, 0.5, 0.5, 0.5, 0.5, 0.5, 0.5, 0.5, 0.5, 0.5, 0.5, 0.5, 0.5, 0.5, 0.5, 0.5, 0.5, 0.5, 0.5, 0.5, 0.5, 0.5, 0.5, 0.5, 0.5, 0.5, 0.5, 0.5, 0.5, 0.5, 0.5, 0.5, 0.5, 0.5, 0.5, 0.5, 0.5, 0.5, 0.5, 0.5, 0.5, 0.5, 0.5, 0.5, 0.5, 0.5, 0.5, 0.5, 0.5, 0.5, 0.5, 0.5, 0.5, 0.5, 0.5, 0.5, 0.5, 0.5, 0.5, 0.5, 0.5, 0.5, 0.5, 0.5, 0.5, 0.5, 0.5, 0.5, 0.5, 0.5, 0.5, 0.5, 0.5, 0.5, 0.5, 0.5, 0.5, 0.5, 0.5, 0.5, 0.5, 0.5, 0.5, 0.5, 0.5, 0.5, 0.5, 0.5, 0.5, 0.5, 0.5, 0.5, 0.5, 0.5, 0.5, 0.5, 0.5, 0.5, 0.5, 0.5, 0.5, 0.5, 0.5, 0.5, 0.5, 0.5, 0.5, 0.5, 0.5, 0.5, 0.5, 0.5, 0.5, 0.5, 0.5, 0.5, 0.5, 0.5, 0.5, 0.5, 0.5, 0.5, 0.5, 0.5, 0.5, 0.5, 0.5, 0.5, 0.5, 0.5, 0.5, 0.5, 0.5, 0.5, 0.5, 0.5, 0.5, 0.5, 0.5, 0.5, 0.5, 0.5, 0.5, 0.5, 0.5, 0.5, 0.5, 0.5, 0.5, 0.5, 0.5, 0.5, 0.5, 0.5, 0.5, 0.5, 0.5, 0.5, 0.5, 0.5, 0.5, 0.5, 0.5, 0.5, 0.5, 0.5, 0.5, 0.5, 0.5, 0.5, 0.5, 0.5, 0.5, 0.5, 0.5, 0.5, 0.5, 0.5, 0.5, 0.5, 0.5, 0.5, 0.5, 0.5, 0.5, 0.5, 0.5, 0.5, 0.5, 0.5, 0.5, 0.5, 0.5, 0.5, 0.5, 0.5, 0.5, 0.5, 0.5, 0.5, 0.5, 0.5, 0.5, 0.5, 0.5, 0.5, 0.5, 0.5, 0.5, 0.5, 0.5, 0.5, 0.5, 0.5, 0.5, 0.5, 0.5, 0.5, 0.5, 0.5, 0.5, 0.5, 0.5, 0.5, 0.5, 0.5, 0.5, 0.5, 0.5, 0.5, 0.5, 0.5, 0.5, 0.5, 0.5, 0.5, 0.5, 0.5, 0.5, 0.5, 0.5, 0.5, 0.5, 0.5, 0.5, 0.5, 0.5, 0.5, 0.5, 0.5, 0.5, 0.5, 0.5, 0.5, 0.5, 0.5, 0.5, 0.5, 0.5, 0.5, 0.5, 0.5, 0.5, 0.5, 0.5, 0.5, 0.5, 0.5, 0.5, 0.5, 0.5, 0.5, 0.5, 0.5, 0.5, 0.5, 0.5, 0.5, 0.5, 0.5, 0.5, 0.5, 0.5, 0.5, 0.5, 0.5, 0.5, 0.5, 0.5, 0.5, 0.5, 0.5, 0.5, 0.5, 0.5, 0.5, 0.5, 0.5, 0.5, 0.5, 0.5, 0.5, 0.5, 0.5, 0.5, 0.5, 0.5, 0.5, 0.5, 0.5, 0.5, 0.5, 0.5, 0.5, 0.5, 0.5, 0.5, 0.5, 0.5, 0.5, 0.5, 0.5, 0.5, 0.5, 0.5, 0.5, 0.5, 0.5, 0.5, 0.5, 0.5, 0.5, 0.5, 0.5, 0.5, 0.5, 0.5]",0
2026_11_KICE_4-9_4,['3(3)'],"1번: 적절하다. “다만 매수인이 계약 체결 당시 하자의 존재를 알았거나 알 수 있었던 경우에는 담보 책임이 인정되지 않는다.”

2번: 적절하다. “만약 하자로 인해 매수인이 계약의 목적을 달성할 수 없으면 매수인은 계약을 파기하고 대금 환불을 청구할 수도 있다.”

3번: 적절하지 않다. “채권자가 주채무자에게 주채무의 이행을 청구하지 않고 곧바로 보증인에게만 보증 채무의 이행을 청구한 경우, 보증인은 주채무자가 강제 집행 대상 재산을 보유하고 있음을 채권자에게 증명하여 보증 채무의 이행을 거절할 수 있는 권리가 있다.”

4번: 적절하다. “이를 위반한 보증 계약은 무효이지만 보증 채무가 이행되었으면 보증인이 그 무효를 주장할 수 없다.”

5번: 적절하다. “보증 계약을 할 때는 일반적인 계약과는 달리 계약서가 작성되어야 하고, 여기에는 보증인의 서명이나 기명 날인이 있어야 한다. 이를 위반한 보증 계약은 무효.”

최종 정답: 3번","[16, 167, 110, 230, 25, 23821, 254, 223, 168, 254, 230, 47991, 246, 46695, 97, 13, 564, 250, 46695, 97, 167, 100, 234, 31619, 100, 97, 168, 230, 246, 35975, 116, 35975, 112, 220, 166, 111, 226, 168, 243, 121, 23821, 110, 112, 166, 110, 108, 31619, 233, 117, 168, 233, 250, 220, 47991, 246, 168, 252, 238, 35975, 246, 23821, 94, 112, 168, 252, 105, 167, 98, 120, 23821, 243, 234, 168, 243, 246, 166, 109, 108, 167, 224, 246, 23821, 243, 234, 23821, 230, 246, 23821, 252, 230, 168, 245, 230, 167, 235, 246, 220, 166, 110, 121, 168, 248, 108, 168, 245, 238, 167, 232, 242, 31619, 233, 112, 167, 111, 112, 23821, 109, 227, 168, 252, 226, 35975, 112, 23821, 251, 116, 168, 254, 243, 167, 238, 246, 168, 100, 222, 23821, 243, 232, 167, 232, 242, 46695, 97, 13, 447, 251, 198, 198, 17, 167, 110, 230, 25, 23821, 254, 223, 168, 254, 230, 47991, 246, 46695, 97, 13, 564, 250, 167, 100, 234, 168, 243, 121, 220, 47991, 246, 168, 252, 238, 167, 94, 250, 23821, 251, 116, 47991, 112, 31619, 100, 97, 168, 230, 246, 35975, 116, 35975, 112, 220, 166, 111, 226, 168, 243, 121, 35975, 246, 31619, 103, 102, 168, 254, 223, 35975, 226, 31619, 233, 105, 168, 226, 109, 47991, 254, 23821, 230, 246, 23821, 245, 228, 168, 250, 120, 167, 102, 112, 31619, 100, 97, 168, 230, 246, 35975, 116, 35975, 222, 220, 166, 111, 226, 168, 243, 121, 35975, 226, 220, 169, 234, 234, 166, 116, 108, 47991, 246, 166, 111, 254, 31619, 234, 222, 166, 116, 230, 220, 169, 247, 246, 167, 114, 230, 35975, 226, 23821, 110, 255, 166, 113, 105, 47991, 254, 23821, 230, 246, 167, 237, 226, 23821, 252, 230, 46695, 97, 13, 447, 251, 198, 198, 18, 167, 110, 230, 25, 23821, 254, 223, 168, 254, 230, 47991, 246, 168, 100, 222, 23821, 243, 232, 46695, 97, 13, 564, 250, 168, 109, 226, 166, 114, 234, 168, 252, 238, 166, 108, 222, 23821, 96, 120, 168, 109, 226, 167, 105, 112, 168, 252, 238, 168, 245, 238, 166, 110, 234, 23821, 96, 120, 168, 109, 226, 167, 105, 112, 35975, 246, 23821, 251, 112, 169, 244, 231, 35975, 226, 23821, 110, 255, 166, 113, 105, 47991, 246, 168, 100, 222, 23821, 243, 232, 166, 111, 254, 220, 166, 111, 100, 167, 108, 242, 167, 94, 250, 31619, 111, 112, 168, 99, 251, 35975, 116, 168, 245, 238, 166, 110, 234, 167, 100, 234, 31619, 111, 112, 168, 99, 251, 23821, 109, 226, 167, 105, 112, 35975, 246, 23821, 251, 112, 169, 244, 231, 35975, 226, 23821, 110, 255, 166, 113, 105, 47991, 250, 220, 166, 110, 121, 168, 248, 108, 11, 31619, 111, 112, 168, 99, 251, 35975, 116, 35975, 222, 23821, 96, 120, 168, 109, 226, 167, 105, 112, 168, 252, 238, 166, 108, 222, 220, 166, 108, 243, 168, 254, 250, 23821, 100, 239, 169, 244, 231, 31619, 234, 222, 168, 225, 223, 23821, 252, 105, 168, 224, 108, 35975, 226, 31619, 111, 112, 168, 250, 254, 47991, 246, 166, 111, 254, 23821, 252, 230, 35975, 234, 35975, 226, 23821, 109, 226, 166, 114, 234, 168, 252, 238, 168, 245, 238, 166, 110, 234, 23821, 99, 251, 167, 103, 227, 47991, 246, 168, 245, 105, 31619, 111, 112, 168, 99, 251, 23821, 109, 226, 167, 105, 112, 35975, 246, 23821, 251, 112, 169, 244, 231, 35975, 226, 220, 166, 109, 108, 168, 254, 230, 47991, 254, 23821, 230, 246, 23821, 252, 230, 167, 232, 242, 220, 166, 114, 234, 167, 99, 105, 166, 108, 222, 23821, 252, 230, 46695, 97, 13, 447, 251, 198, 198, 19, 167, 110, 230, 25, 23821, 254, 223, 168, 254, 230, 47991, 246, 46695, 97, 13, 564, 250, 35975, 112, 167, 98, 120, 23821, 250, 226, 167, 108, 246, 47991, 250, 31619, 111, 112, 168, 99, 251, 220, 166, 111, 226, 168, 243, 121, 35975, 222, 31619, 105, 112, 169, 248, 101, 35975, 112, 168, 100, 222, 167, 100, 234, 31619, 111, 112, 168, 99, 251, 23821, 109, 226, 167, 105, 112, 166, 108, 222, 23821, 251, 112, 169, 244, 231, 167, 238, 246, 168, 245, 230, 168, 250, 120, 167, 102, 112, 31619, 111, 112, 168, 99, 251, 35975, 116, 35975, 112, 220, 166, 115, 116, 31619, 105, 112, 169, 248, 101, 167, 98, 120, 23821, 96, 120, 168, 252, 98, 47991, 254, 23821, 230, 246, 23821, 245, 228, 46695, 97, 13, 447, 251, 198, 198, 20, 167, 110, 230, 25, 23821, 254, 223, 168, 254, 230, 47991, 246, 46695, 97, 13, 564, 250, 167, 111, 112, 168, 99, 251, 220, 166, 111, 226, 168, 243, 121, 35975, 226, 220, 47991, 254, 31619, 243, 234, 167, 232, 242, 23821, 251, 120, 167, 108, 246, 168, 254, 223, 35975, 116, 220, 166, 111, 226, 168, 243, 121, 166, 111, 120, 167, 232, 242, 31619, 233, 105, 167, 99, 105, 220, 166, 111, 226, 168, 243, 121, 168, 226, 250, 166, 108, 222, 23821, 252, 239, 168, 226, 109, 167, 238, 246, 168, 244, 112, 168, 243, 120, 220, 47991, 246, 166, 111, 254, 11, 23821, 245, 105, 166, 116, 108, 168, 245, 238, 167, 232, 242, 31619, 111, 112, 168, 99, 251, 35975, 116, 35975, 246, 23821, 226, 250, 167, 103, 227, 35975, 112, 167, 224, 246, 220, 166, 116, 108, 167, 103, 227, 31619, 224, 254, 35975, 116, 35975, 112, 23821, 252, 230, 168, 244, 112, 168, 243, 120, 220, 47991, 250, 46695, 97, 13, 23821, 251, 112, 167, 98, 120, 23821, 250, 226, 167, 108, 246, 47991, 250, 31619, 111, 112, 168, 99, 251, 220, 166, 111, 226, 168, 243, 121, 35975, 222, 31619, 105, 112, 169, 248, 101, 13, 447, 251, 198, 198, 168, 113, 250, 168, 95, 227, 23821, 254, 243, 46695, 113, 25, 513, 167, 110, 230]","[0.5, 0.5, 0.5, 0.5, 0.5, 0.5, 0.5, 0.5, 0.5, 0.5, 0.5, 0.5, 0.5, 0.5, 0.5, 0.5, 0.5, 0.5, 0.5, 0.5, 0.5, 0.5, 0.5, 0.5, 0.5, 0.5, 0.5, 0.5, 0.5, 0.5, 0.5, 0.5, 0.5, 0.5, 0.5, 0.5, 0.5, 0.5, 0.5, 0.5, 0.5, 0.5, 0.5, 0.5, 0.5, 0.5, 0.5, 0.5, 0.5, 0.5, 0.5, 0.5, 0.5, 0.5, 0.5, 0.5, 0.5, 0.5, 0.5, 0.5, 0.5, 0.5, 0.5, 0.5, 0.5, 0.5, 0.5, 0.5, 0.5, 0.5, 0.5, 0.5, 0.5, 0.5, 0.5, 0.5, 0.5, 0.5, 0.5, 0.5, 0.5, 0.5, 0.5, 0.5, 0.5, 0.5, 0.5, 0.5, 0.5, 0.5, 0.5, 0.5, 0.5, 0.5, 0.5, 0.5, 0.5, 0.5, 0.5, 0.5, 0.5, 0.5, 0.5, 0.5, 0.5, 0.5, 0.5, 0.5, 0.5, 0.5, 0.5, 0.5, 0.5, 0.5, 0.5, 0.5, 0.5, 0.5, 0.5, 0.5, 0.5, 0.5, 0.5, 0.5, 0.5, 0.5, 0.5, 0.5, 0.5, 0.5, 0.5, 0.5, 0.5, 0.5, 0.5, 0.5, 0.5, 0.5, 0.5, 0.5, 0.5, 0.5, 0.5, 0.5, 0.5, 0.5, 0.5, 0.5, 0.5, 0.5, 0.5, 0.5, 0.5, 0.5, 0.5, 0.5, 0.5, 0.5, 0.5, 0.5, 0.5, 0.5, 0.5, 0.5, 0.5, 0.5, 0.5, 0.5, 0.5, 0.5, 0.5, 0.5, 0.5, 0.5, 0.5, 0.5, 0.5, 0.5, 0.5, 0.5, 0.5, 0.5, 0.5, 0.5, 0.5, 0.5, 0.5, 0.5, 0.5, 0.5, 0.5, 0.5, 0.5, 0.5, 0.5, 0.5, 0.5, 0.5, 0.5, 0.5, 0.5, 0.5, 0.5, 0.5, 0.5, 0.5, 0.5, 0.5, 0.5, 0.5, 0.5, 0.5, 0.5, 0.5, 0.5, 0.5, 0.5, 0.5, 0.5, 0.5, 0.5, 0.5, 0.5, 0.5, 0.5, 0.5, 0.5, 0.5, 0.5, 0.5, 0.5, 0.5, 0.5, 0.5, 0.5, 0.5, 0.5, 0.5, 0.5, 0.5, 0.5, 0.5, 0.5, 0.5, 0.5, 0.5, 0.5, 0.5, 0.5, 0.5, 0.5, 0.5, 0.5, 0.5, 0.5, 0.5, 0.5, 0.5, 0.5, 0.5, 0.5, 0.5, 0.5, 0.5, 0.5, 0.5, 0.5, 0.5, 0.5, 0.5, 0.5, 0.5, 0.5, 0.5, 0.5, 0.5, 0.5, 0.5, 0.5, 0.5, 0.5, 0.5, 0.5, 0.5, 0.5, 0.5, 0.5, 0.5, 0.5, 0.5, 0.5, 0.5, 0.5, 0.5, 0.5, 0.5, 0.5, 0.5, 0.5, 0.5, 0.5, 0.5, 0.5, 0.5, 0.5, 0.5, 0.5, 0.5, 0.5, 0.5, 0.5, 0.5, 0.5, 0.5, 0.5, 0.5, 0.5, 0.5, 0.5, 0.5, 0.5, 0.5, 0.5, 0.5, 0.5, 0.5, 0.5, 0.5, 0.5, 0.5, 0.5, 0.5, 0.5, 0.5, 0.5, 0.5, 0.5, 0.5, 0.5, 0.5, 0.5, 0.5, 0.5, 0.5, 0.5, 0.5, 0.5, 0.5, 0.5, 0.5, 0.5, 0.5, 0.5, 0.5, 0.5, 0.5, 0.5, 0.5, 0.5, 0.5, 0.5, 0.5, 0.5, 0.5, 0.5, 0.5, 0.5, 0.5, 0.5, 0.5, 0.5, 0.5, 0.5, 0.5, 0.5, 0.5, 0.5, 0.5, 0.5, 0.5, 0.5, 0.5, 0.5, 0.5, 0.5, 0.5, 0.5, 0.5, 0.5, 0.5, 0.5, 0.5, 0.5, 0.5, 0.5, 0.5, 0.5, 0.5, 0.5, 0.5, 0.5, 0.5, 0.5, 0.5, 0.5, 0.5, 0.5, 0.5, 0.5, 0.5, 0.5, 0.5, 0.5, 0.5, 0.5, 0.5, 0.5, 0.5, 0.5, 0.5, 0.5, 0.5, 0.5, 0.5, 0.5, 0.5, 0.5, 0.5, 0.5, 0.5, 0.5, 0.5, 0.5, 0.5, 0.5, 0.5, 0.5, 0.5, 0.5, 0.5, 0.5, 0.5, 0.5, 0.5, 0.5, 0.5, 0.5, 0.5, 0.5, 0.5, 0.5, 0.5, 0.5, 0.5, 0.5, 0.5, 0.5, 0.5, 0.5, 0.5, 0.5, 0.5, 0.5, 0.5, 0.5, 0.5, 0.5, 0.5, 0.5, 0.5, 0.5, 0.5, 0.5, 0.5, 0.5, 0.5, 0.5, 0.5, 0.5, 0.5, 0.5, 0.5, 0.5, 0.5, 0.5, 0.5, 0.5, 0.5, 0.5, 0.5, 0.5, 0.5, 0.5, 0.5, 0.5, 0.5, 0.5, 0.5, 0.5, 0.5, 0.5, 0.5, 0.5, 0.5, 0.5, 0.5, 0.5, 0.5, 0.5, 0.5, 0.5, 0.5, 0.5, 0.5, 0.5, 0.5, 0.5, 0.5, 0.5, 0.5, 0.5, 0.5, 0.5, 0.5, 0.5, 0.5, 0.5, 0.5, 0.5, 0.5, 0.5, 0.5, 0.5, 0.5, 0.5, 0.5, 0.5, 0.5, 0.5, 0.5, 0.5, 0.5, 0.5, 0.5, 0.5, 0.5, 0.5, 0.5, 0.5, 0.5, 0.5, 0.5, 0.5, 0.5, 0.5, 0.5, 0.5, 0.5, 0.5, 0.5, 0.5, 0.5, 0.5, 0.5, 0.5, 0.5, 0.5, 0.5, 0.5, 0.5, 0.5, 0.5, 0.5, 0.5, 0.5, 0.5, 0.5, 0.5, 0.5, 0.5, 0.5, 0.5, 0.5, 0.5, 0.5, 0.5, 0.5, 0.5, 0.5, 0.5, 0.5, 0.5, 0.5, 0.5, 0.5, 0.5, 0.5, 0.5, 0.5, 0.5, 0.5, 0.5, 0.5, 0.5, 0.5, 0.5, 0.5, 0.5, 0.5, 0.5, 0.5, 0.5, 0.5, 0.5, 0.5, 0.5, 0.5, 0.5, 0.5, 0.5, 0.5, 0.5, 0.5, 0.5, 0.5, 0.5, 0.5, 0.5, 0.5, 0.5, 0.5, 0.5, 0.5, 0.5, 0.5, 0.5, 0.5, 0.5, 0.5, 0.5, 0.5, 0.5, 0.5, 0.5, 0.5, 0.5, 0.5, 0.5, 0.5, 0.5, 0.5, 0.5, 0.5, 0.5, 0.5, 0.5, 0.5, 0.5, 0.5, 0.5, 0.5, 0.5, 0.5, 0.5, 0.5, 0.5, 0.5, 0.5, 0.5, 0.5, 0.5, 0.5, 0.5, 0.5, 0.5, 0.5, 0.5, 0.5, 0.5, 0.5, 0.5, 0.5, 0.5, 0.5, 0.5, 0.5, 0.5, 0.5, 0.5, 0.5, 0.5, 0.5, 0.5, 0.5, 0.5, 0.5, 0.5, 0.5, 0.5, 0.5, 0.5, 0.5, 0.5, 0.5, 0.5, 0.5, 0.5, 0.5, 0.5, 0.5, 0.5, 0.5, 0.5, 0.5, 0.5, 0.5, 0.5, 0.5, 0.5, 0.5, 0.5, 0.5, 0.5, 0.5, 0.5, 0.5, 0.5, 0.5, 0.5, 0.5, 0.5, 0.5, 0.5, 0.5, 0.5, 0.5, 0.5, 0.5, 0.5, 0.5, 0.5, 0.5, 0.5, 0.5, 0.5, 0.5, 0.5, 0.5, 0.5, 0.5, 0.5, 0.5, 0.5, 0.5, 0.5, 0.5, 0.5, 0.5, 0.5, 0.5, 0.5, 0.5, 0.5, 0.5, 0.5, 0.5, 0.5, 0.5, 0.5, 0.5, 0.5, 0.5, 0.5, 0.5, 0.5, 0.5, 0.5, 0.5, 0.5, 0.5, 0.5, 0.5, 0.5, 0.5, 0.5, 0.5, 0.5, 0.5, 0.5, 0.5, 0.5, 0.5, 0.5, 0.5, 0.5, 0.5, 0.5, 0.5, 0.5, 0.5, 0.5, 0.5, 0.5, 0.5, 0.5, 0.5, 0.5, 0.5, 0.5, 0.5, 0.5, 0.5, 0.5, 0.5, 0.5, 0.5, 0.5, 0.5, 0.5, 0.5, 0.5, 0.5, 0.5, 0.5, 0.5, 0.5, 0.5, 0.5, 0.5, 0.5, 0.5, 0.5, 0.5, 0.5, 0.5, 0.5, 0.5, 0.5, 0.5, 0.5, 0.5, 0.5, 0.5, 0.5, 0.5, 0.5, 0.5, 0.5, 0.5, 0.5, 0.5, 0.5, 0.5, 0.5, 0.5, 0.5, 0.5, 0.5, 0.5, 0.5, 0.5, 0.5, 0.5, 0.5, 0.5, 0.5, 0.5, 0.5, 0.5, 0.5, 0.5, 0.5, 0.5, 0.5, 0.5, 0.5, 0.5, 0.5, 0.5, 0.5, 0.5, 0.5, 0.5, 0.5, 0.5, 0.5, 0.5, 0.5, 0.5, 0.5, 0.5, 0.5, 0.5, 0.5, 0.5, 0.5, 0.5, 0.5, 0.5, 0.5, 0.5, 0.5, 0.5, 0.5, 0.5, 0.5, 0.5, 0.5, 0.5, 0.5, 0.5, 0.5, 0.5, 0.5, 0.5, 0.5, 0.5, 0.5, 0.5, 0.5, 0.5, 0.5, 0.5, 0.5, 0.5, 0.5, 0.5, 0.5, 0.5, 0.5, 0.5, 0.5, 0.5, 0.5, 0.5, 0.5, 0.5, 0.5, 0.5, 0.5, 0.5, 0.5, 0.5, 0.5, 0.5, 0.5, 0.5, 0.5, 0.5, 0.5, 0.5, 0.5, 0.5, 0.5, 0.5, 0.5, 0.5, 0.5, 0.5, 0.5, 0.5, 0.5, 0.5, 0.5, 0.5, 0.5, 0.5, 0.5, 0.5, 0.5, 0.5, 0.5, 0.5, 0.5, 0.5, 0.5]",3
2026_11_KICE_4-9_5,['5(2)'],"1번: 이루는 – 적절하다.  
(지문 속 근거가 된 문장: “법은 사회 구성원들에게 보편적으로 적용되는 규범이므로, 성문법을 구성하는 단어나 문장은 그 일상적 의미에 충실하게 해석되어야 한다.”)  

2번: 헤아려 – 적절하다.  
(지문 속 근거가 된 문장: “문리 해석으로 그 내용을 제대로 파악하기 어려우면, 그것이 사용된 맥락을 고려하여 그 의미를 파악하는 ‘체계적 해석’ …”)

3번: 깨뜨리고 – 적절하다.  
(지문 속 근거가 된 문장: “만약 하자로 인해 매수인이 계약의 목적을 달성할 수 없으면 매수인은 계약을 파기하고 대금 환불을 청구할 수도 있다.”)

4번: 이루어지려면 – 적절하다.  
(지문 속 근거가 된 문장: “보증이 성립하려면 채권자와 보증인을 당사자로 하는 보증 계약이 필요하다.”)

5번: 바로잡고 – 적절하지 않다.  
(지문 속 근거가 된 문장: “위 법률 제2조가 … ‘주채무자가 금전 채무를 이행하지 않는 경우 그 채무를 보증인이 이행하기로 하는 계약’이라고 규정하고 있으나 …”)

최종 정답: 5번","[16, 167, 110, 230, 25, 23821, 251, 112, 167, 96, 101, 167, 232, 242, 784, 23821, 254, 223, 168, 254, 230, 47991, 246, 46695, 97, 13, 220, 220, 198, 7, 168, 100, 222, 167, 105, 116, 23821, 228, 235, 220, 166, 115, 120, 166, 109, 108, 166, 108, 222, 31619, 238, 250, 31619, 105, 116, 168, 252, 98, 25, 564, 250, 167, 110, 243, 35975, 222, 23821, 8955, 169, 248, 234, 220, 166, 113, 105, 168, 226, 109, 168, 249, 238, 167, 241, 97, 168, 245, 238, 166, 110, 234, 31619, 111, 112, 169, 236, 116, 168, 254, 223, 168, 250, 120, 167, 94, 250, 23821, 254, 223, 168, 248, 102, 167, 238, 246, 167, 232, 242, 220, 166, 115, 250, 167, 110, 242, 35975, 112, 167, 107, 222, 167, 94, 250, 11, 23821, 226, 109, 167, 105, 116, 167, 110, 243, 35975, 226, 220, 166, 113, 105, 168, 226, 109, 47991, 246, 167, 232, 242, 31619, 233, 101, 168, 244, 112, 167, 224, 246, 31619, 105, 116, 168, 252, 98, 35975, 222, 220, 166, 115, 116, 23821, 251, 120, 168, 225, 223, 168, 254, 223, 23821, 251, 246, 167, 107, 116, 168, 245, 238, 23821, 114, 102, 168, 233, 97, 47991, 246, 166, 110, 234, 220, 47991, 112, 168, 226, 251, 167, 238, 246, 168, 244, 112, 168, 243, 120, 220, 47991, 250, 46695, 97, 13, 447, 251, 8, 220, 220, 198, 198, 17, 167, 110, 230, 25, 220, 169, 245, 97, 168, 243, 226, 167, 254, 97, 784, 23821, 254, 223, 168, 254, 230, 47991, 246, 46695, 97, 13, 220, 220, 198, 7, 168, 100, 222, 167, 105, 116, 23821, 228, 235, 220, 166, 115, 120, 166, 109, 108, 166, 108, 222, 31619, 238, 250, 31619, 105, 116, 168, 252, 98, 25, 564, 250, 167, 105, 116, 167, 99, 105, 220, 47991, 112, 168, 226, 251, 168, 250, 120, 167, 94, 250, 220, 166, 115, 116, 31619, 224, 112, 168, 248, 102, 35975, 226, 23821, 254, 250, 167, 234, 222, 167, 94, 250, 220, 169, 234, 234, 168, 243, 227, 47991, 246, 166, 116, 108, 23821, 244, 112, 167, 254, 97, 168, 248, 108, 167, 102, 112, 11, 220, 166, 115, 116, 166, 110, 225, 35975, 112, 23821, 8955, 168, 248, 102, 167, 238, 250, 31619, 100, 98, 167, 251, 121, 35975, 226, 220, 166, 111, 254, 167, 254, 97, 47991, 246, 168, 245, 105, 220, 166, 115, 116, 23821, 251, 246, 167, 107, 116, 167, 98, 120, 220, 169, 234, 234, 168, 243, 227, 47991, 246, 167, 232, 242, 564, 246, 168, 110, 112, 166, 111, 226, 168, 254, 223, 220, 47991, 112, 168, 226, 251, 447, 247, 3926, 447, 251, 8, 198, 198, 18, 167, 110, 230, 25, 220, 166, 117, 101, 167, 250, 101, 167, 99, 105, 166, 111, 254, 784, 23821, 254, 223, 168, 254, 230, 47991, 246, 46695, 97, 13, 220, 220, 198, 7, 168, 100, 222, 167, 105, 116, 23821, 228, 235, 220, 166, 115, 120, 166, 109, 108, 166, 108, 222, 31619, 238, 250, 31619, 105, 116, 168, 252, 98, 25, 564, 250, 167, 100, 234, 168, 243, 121, 220, 47991, 246, 168, 252, 238, 167, 94, 250, 23821, 251, 116, 47991, 112, 31619, 100, 97, 168, 230, 246, 35975, 116, 35975, 112, 220, 166, 111, 226, 168, 243, 121, 35975, 246, 31619, 103, 102, 168, 254, 223, 35975, 226, 31619, 233, 105, 168, 226, 109, 47991, 254, 23821, 230, 246, 23821, 245, 228, 168, 250, 120, 167, 102, 112, 31619, 100, 97, 168, 230, 246, 35975, 116, 35975, 222, 220, 166, 111, 226, 168, 243, 121, 35975, 226, 220, 169, 234, 234, 166, 116, 108, 47991, 246, 166, 111, 254, 31619, 234, 222, 166, 116, 230, 220, 169, 247, 246, 167, 114, 230, 35975, 226, 23821, 110, 255, 166, 113, 105, 47991, 254, 23821, 230, 246, 167, 237, 226, 23821, 252, 230, 46695, 97, 13, 447, 251, 8, 198, 198, 19, 167, 110, 230, 25, 23821, 251, 112, 167, 96, 101, 168, 244, 112, 168, 100, 222, 167, 254, 97, 167, 102, 112, 784, 23821, 254, 223, 168, 254, 230, 47991, 246, 46695, 97, 13, 220, 220, 198, 7, 168, 100, 222, 167, 105, 116, 23821, 228, 235, 220, 166, 115, 120, 166, 109, 108, 166, 108, 222, 31619, 238, 250, 31619, 105, 116, 168, 252, 98, 25, 564, 250, 167, 111, 112, 168, 99, 251, 35975, 112, 23821, 226, 109, 167, 99, 121, 47991, 246, 167, 254, 97, 167, 102, 112, 23821, 109, 226, 166, 114, 234, 168, 252, 238, 168, 247, 222, 31619, 111, 112, 168, 99, 251, 35975, 116, 35975, 226, 31619, 233, 117, 168, 8955, 168, 252, 238, 167, 94, 250, 220, 47991, 246, 167, 232, 242, 31619, 111, 112, 168, 99, 251, 220, 166, 111, 226, 168, 243, 121, 35975, 112, 220, 47991, 226, 168, 248, 242, 47991, 246, 46695, 97, 13, 447, 251, 8, 198, 198, 20, 167, 110, 230, 25, 31619, 108, 242, 167, 94, 250, 168, 252, 94, 166, 111, 254, 784, 23821, 254, 223, 168, 254, 230, 47991, 246, 168, 100, 222, 23821, 243, 232, 46695, 97, 13, 220, 220, 198, 7, 168, 100, 222, 167, 105, 116, 23821, 228, 235, 220, 166, 115, 120, 166, 109, 108, 166, 108, 222, 31619, 238, 250, 31619, 105, 116, 168, 252, 98, 25, 564, 250, 168, 250, 226, 31619, 110, 243, 167, 98, 254, 23821, 254, 250, 17, 168, 94, 108, 166, 108, 222, 3926, 564, 246, 168, 96, 120, 168, 109, 226, 167, 105, 112, 168, 252, 238, 166, 108, 222, 220, 166, 116, 230, 168, 254, 226, 23821, 109, 226, 167, 105, 112, 167, 98, 120, 23821, 251, 112, 169, 244, 231, 47991, 246, 168, 100, 222, 23821, 243, 232, 167, 232, 242, 220, 166, 110, 121, 168, 248, 108, 220, 166, 115, 116, 23821, 109, 226, 167, 105, 112, 167, 98, 120, 31619, 111, 112, 168, 99, 251, 35975, 116, 35975, 112, 23821, 251, 112, 169, 244, 231, 47991, 246, 166, 116, 108, 167, 94, 250, 220, 47991, 246, 167, 232, 242, 220, 166, 111, 226, 168, 243, 121, 447, 247, 35975, 112, 167, 251, 120, 166, 111, 254, 220, 166, 115, 250, 168, 254, 243, 47991, 246, 166, 111, 254, 23821, 252, 230, 168, 250, 120, 167, 224, 246, 3926, 447, 251, 8, 198, 198, 168, 113, 250, 168, 95, 227, 23821, 254, 243, 46695, 113, 25, 642, 167, 110, 230]","[0.5, 0.5, 0.5, 0.5, 0.5, 0.5, 0.5, 0.5, 0.5, 0.5, 0.5, 0.5, 0.5, 0.5, 0.5, 0.5, 0.5, 0.5, 0.5, 0.5, 0.5, 0.5, 0.5, 0.5, 0.5, 0.5, 0.5, 0.5, 0.5, 0.5, 0.5, 0.5, 0.5, 0.5, 0.5, 0.5, 0.5, 0.5, 0.5, 0.5, 0.5, 0.5, 0.5, 0.5, 0.5, 0.5, 0.5, 0.5, 0.5, 0.5, 0.5, 0.5, 0.5, 0.5, 0.5, 0.5, 0.5, 0.5, 0.5, 0.5, 0.5, 0.5, 0.5, 0.5, 0.5, 0.5, 0.5, 0.5, 0.5, 0.5, 0.5, 0.5, 0.5, 0.5, 0.5, 0.5, 0.5, 0.5, 0.5, 0.5, 0.5, 0.5, 0.5, 0.5, 0.5, 0.5, 0.5, 0.5, 0.5, 0.5, 0.5, 0.5, 0.5, 0.5, 0.5, 0.5, 0.5, 0.5, 0.5, 0.5, 0.5, 0.5, 0.5, 0.5, 0.5, 0.5, 0.5, 0.5, 0.5, 0.5, 0.5, 0.5, 0.5, 0.5, 0.5, 0.5, 0.5, 0.5, 0.5, 0.5, 0.5, 0.5, 0.5, 0.5, 0.5, 0.5, 0.5, 0.5, 0.5, 0.5, 0.5, 0.5, 0.5, 0.5, 0.5, 0.5, 0.5, 0.5, 0.5, 0.5, 0.5, 0.5, 0.5, 0.5, 0.5, 0.5, 0.5, 0.5, 0.5, 0.5, 0.5, 0.5, 0.5, 0.5, 0.5, 0.5, 0.5, 0.5, 0.5, 0.5, 0.5, 0.5, 0.5, 0.5, 0.5, 0.5, 0.5, 0.5, 0.5, 0.5, 0.5, 0.5, 0.5, 0.5, 0.5, 0.5, 0.5, 0.5, 0.5, 0.5, 0.5, 0.5, 0.5, 0.5, 0.5, 0.5, 0.5, 0.5, 0.5, 0.5, 0.5, 0.5, 0.5, 0.5, 0.5, 0.5, 0.5, 0.5, 0.5, 0.5, 0.5, 0.5, 0.5, 0.5, 0.5, 0.5, 0.5, 0.5, 0.5, 0.5, 0.5, 0.5, 0.5, 0.5, 0.5, 0.5, 0.5, 0.5, 0.5, 0.5, 0.5, 0.5, 0.5, 0.5, 0.5, 0.5, 0.5, 0.5, 0.5, 0.5, 0.5, 0.5, 0.5, 0.5, 0.5, 0.5, 0.5, 0.5, 0.5, 0.5, 0.5, 0.5, 0.5, 0.5, 0.5, 0.5, 0.5, 0.5, 0.5, 0.5, 0.5, 0.5, 0.5, 0.5, 0.5, 0.5, 0.5, 0.5, 0.5, 0.5, 0.5, 0.5, 0.5, 0.5, 0.5, 0.5, 0.5, 0.5, 0.5, 0.5, 0.5, 0.5, 0.5, 0.5, 0.5, 0.5, 0.5, 0.5, 0.5, 0.5, 0.5, 0.5, 0.5, 0.5, 0.5, 0.5, 0.5, 0.5, 0.5, 0.5, 0.5, 0.5, 0.5, 0.5, 0.5, 0.5, 0.5, 0.5, 0.5, 0.5, 0.5, 0.5, 0.5, 0.5, 0.5, 0.5, 0.5, 0.5, 0.5, 0.5, 0.5, 0.5, 0.5, 0.5, 0.5, 0.5, 0.5, 0.5, 0.5, 0.5, 0.5, 0.5, 0.5, 0.5, 0.5, 0.5, 0.5, 0.5, 0.5, 0.5, 0.5, 0.5, 0.5, 0.5, 0.5, 0.5, 0.5, 0.5, 0.5, 0.5, 0.5, 0.5, 0.5, 0.5, 0.5, 0.5, 0.5, 0.5, 0.5, 0.5, 0.5, 0.5, 0.5, 0.5, 0.5, 0.5, 0.5, 0.5, 0.5, 0.5, 0.5, 0.5, 0.5, 0.5, 0.5, 0.5, 0.5, 0.5, 0.5, 0.5, 0.5, 0.5, 0.5, 0.5, 0.5, 0.5, 0.5, 0.5, 0.5, 0.5, 0.5, 0.5, 0.5, 0.5, 0.5, 0.5, 0.5, 0.5, 0.5, 0.5, 0.5, 0.5, 0.5, 0.5, 0.5, 0.5, 0.5, 0.5, 0.5, 0.5, 0.5, 0.5, 0.5, 0.5, 0.5, 0.5, 0.5, 0.5, 0.5, 0.5, 0.5, 0.5, 0.5, 0.5, 0.5, 0.5, 0.5, 0.5, 0.5, 0.5, 0.5, 0.5, 0.5, 0.5, 0.5, 0.5, 0.5, 0.5, 0.5, 0.5, 0.5, 0.5, 0.5, 0.5, 0.5, 0.5, 0.5, 0.5, 0.5, 0.5, 0.5, 0.5, 0.5, 0.5, 0.5, 0.5, 0.5, 0.5, 0.5, 0.5, 0.5, 0.5, 0.5, 0.5, 0.5, 0.5, 0.5, 0.5, 0.5, 0.5, 0.5, 0.5, 0.5, 0.5, 0.5, 0.5, 0.5, 0.5, 0.5, 0.5, 0.5, 0.5, 0.5, 0.5, 0.5, 0.5, 0.5, 0.5, 0.5, 0.5, 0.5, 0.5, 0.5, 0.5, 0.5, 0.5, 0.5, 0.5, 0.5, 0.5, 0.5, 0.5, 0.5, 0.5, 0.5, 0.5, 0.5, 0.5, 0.5, 0.5, 0.5, 0.5, 0.5, 0.5, 0.5, 0.5, 0.5, 0.5, 0.5, 0.5, 0.5, 0.5, 0.5, 0.5, 0.5, 0.5, 0.5, 0.5, 0.5, 0.5, 0.5, 0.5, 0.5, 0.5, 0.5, 0.5, 0.5, 0.5, 0.5, 0.5, 0.5, 0.5, 0.5, 0.5, 0.5, 0.5, 0.5, 0.5, 0.5, 0.5, 0.5, 0.5, 0.5, 0.5, 0.5, 0.5, 0.5, 0.5, 0.5, 0.5, 0.5, 0.5, 0.5, 0.5, 0.5, 0.5, 0.5, 0.5, 0.5, 0.5, 0.5, 0.5, 0.5, 0.5, 0.5, 0.5, 0.5, 0.5, 0.5, 0.5, 0.5, 0.5, 0.5, 0.5, 0.5, 0.5, 0.5, 0.5, 0.5, 0.5, 0.5, 0.5, 0.5, 0.5, 0.5, 0.5, 0.5, 0.5, 0.5, 0.5, 0.5, 0.5, 0.5, 0.5, 0.5, 0.5, 0.5, 0.5, 0.5, 0.5, 0.5, 0.5, 0.5, 0.5, 0.5, 0.5, 0.5, 0.5, 0.5, 0.5, 0.5, 0.5, 0.5, 0.5, 0.5, 0.5, 0.5, 0.5, 0.5, 0.5, 0.5, 0.5, 0.5, 0.5, 0.5, 0.5, 0.5, 0.5, 0.5, 0.5, 0.5, 0.5, 0.5, 0.5, 0.5, 0.5, 0.5, 0.5, 0.5, 0.5, 0.5, 0.5, 0.5, 0.5, 0.5, 0.5, 0.5, 0.5, 0.5, 0.5, 0.5, 0.5, 0.5, 0.5, 0.5, 0.5, 0.5, 0.5, 0.5, 0.5, 0.5, 0.5, 0.5, 0.5, 0.5, 0.5, 0.5, 0.5, 0.5, 0.5, 0.5, 0.5, 0.5, 0.5, 0.5, 0.5, 0.5, 0.5, 0.5, 0.5, 0.5, 0.5, 0.5, 0.5, 0.5, 0.5, 0.5, 0.5, 0.5, 0.5, 0.5, 0.5, 0.5, 0.5, 0.5, 0.5, 0.5, 0.5, 0.5, 0.5, 0.5, 0.5, 0.5, 0.5, 0.5, 0.5, 0.5, 0.5, 0.5, 0.5, 0.5, 0.5, 0.5, 0.5, 0.5, 0.5, 0.5, 0.5, 0.5, 0.5, 0.5, 0.5, 0.5, 0.5, 0.5, 0.5, 0.5, 0.5, 0.5, 0.5, 0.5, 0.5, 0.5, 0.5, 0.5, 0.5, 0.5, 0.5, 0.5, 0.5, 0.5, 0.5, 0.5, 0.5, 0.5, 0.5, 0.5, 0.5, 0.5, 0.5, 0.5, 0.5, 0.5, 0.5, 0.5, 0.5, 0.5, 0.5, 0.5, 0.5, 0.5, 0.5, 0.5, 0.5, 0.5, 0.5, 0.5, 0.5, 0.5, 0.5, 0.5, 0.5, 0.5, 0.5, 0.5, 0.5, 0.5, 0.5, 0.5, 0.5, 0.5, 0.5, 0.5, 0.5, 0.5, 0.5, 0.5, 0.5, 0.5, 0.5, 0.5, 0.5, 0.5, 0.5, 0.5, 0.5, 0.5, 0.5, 0.5, 0.5, 0.5, 0.5, 0.5, 0.5, 0.5, 0.5, 0.5, 0.5, 0.5, 0.5, 0.5, 0.5, 0.5, 0.5, 0.5, 0.5, 0.5, 0.5, 0.5, 0.5, 0.5, 0.5, 0.5, 0.5, 0.5, 0.5, 0.5, 0.5, 0.5, 0.5, 0.5, 0.5, 0.5, 0.5, 0.5, 0.5, 0.5, 0.5, 0.5, 0.5, 0.5, 0.5, 0.5, 0.5, 0.5, 0.5, 0.5, 0.5, 0.5, 0.5, 0.5, 0.5, 0.5, 0.5, 0.5, 0.5, 0.5, 0.5, 0.5, 0.5, 0.5, 0.5, 0.5, 0.5, 0.5, 0.5, 0.5, 0.5, 0.5, 0.5, 0.5, 0.5, 0.5, 0.5, 0.5, 0.5, 0.5, 0.5, 0.5, 0.5, 0.5, 0.5, 0.5, 0.5, 0.5, 0.5, 0.5, 0.5, 0.5, 0.5, 0.5, 0.5, 0.5, 0.5, 0.5, 0.5, 0.5, 0.5, 0.5, 0.5, 0.5, 0.5, 0.5, 0.5, 0.5, 0.5, 0.5, 0.5, 0.5, 0.5, 0.5, 0.5, 0.5, 0.5, 0.5, 0.5, 0.5, 0.5, 0.5, 0.5, 0.5, 0.5, 0.5, 0.5, 0.5, 0.5, 0.5, 0.5, 0.5, 0.5, 0.5, 0.5, 0.5, 0.5, 0.5, 0.5, 0.5, 0.5, 0.5, 0.5, 0.5, 0.5, 0.5, 0.5, 0.5, 0.5, 0.5, 0.5, 0.5, 0.5, 0.5, 0.5, 0.5, 0.5, 0.5, 0.5, 0.5, 0.5, 0.5, 0.5, 0.5, 0.5, 0.5, 0.5, 0.5, 0.5, 0.5, 0.5, 0.5, 0.5, 0.5, 0.5, 0.5, 0.5, 0.5, 0.5, 0.5, 0.5, 0.5, 0.5, 0.5, 0.5, 0.5, 0.5, 0.5, 0.5, 0.5, 0.5, 0.5, 0.5, 0.5, 0.5, 0.5, 0.5, 0.5, 0.5, 0.5, 0.5, 0.5, 0.5, 0.5, 0.5, 0.5, 0.5, 0.5, 0.5, 0.5, 0.5, 0.5, 0.5, 0.5, 0.5, 0.5, 0.5, 0.5, 0.5, 0.5, 0.5, 0.5, 0.5, 0.5, 0.5, 0.5, 0.5, 0.5, 0.5, 0.5, 0.5, 0.5, 0.5, 0.5, 0.5, 0.5, 0.5, 0.5, 0.5, 0.5, 0.5, 0.5, 0.5, 0.5, 0.5, 0.5, 0.5, 0.5, 0.5, 0.5, 0.5, 0.5, 0.5, 0.5, 0.5, 0.5, 0.5, 0.5, 0.5, 0.5, 0.5, 0.5, 0.5, 0.5, 0.5]",2
2026_11_KICE_10-13_0,['5(2)'],"1번: 틀림. “열팽창이란 물체의 온도 변화에 따라 그 길이, 부피가 변화하는 현상을 말한다.”  
2번: 틀림. “선형 열팽창 계수는 온도 변화에 따른 길이 변화율을 온도 변화량으로 나눈 값이다.”  
3번: 틀림. “대부분의 물질은 선형 열팽창 계수가 양수이며…”  
4번: 틀림. “액추에이터란 열에너지 등을 기계적 동작으로 변환하는 장치로…”  
5번: 맞음. “반응 완료 시간은 … 띠의 두께가 얇을수록 짧다.”  

최종 정답: 5번","[16, 167, 110, 230, 25, 220, 169, 233, 222, 167, 99, 120, 13, 564, 250, 168, 245, 112, 169, 234, 121, 168, 108, 121, 35975, 112, 167, 252, 222, 31619, 45539, 168, 110, 112, 35975, 246, 23821, 246, 101, 167, 237, 226, 31619, 111, 222, 169, 247, 242, 168, 245, 238, 31619, 242, 108, 167, 251, 120, 220, 166, 115, 116, 220, 166, 116, 116, 35975, 112, 11, 31619, 114, 222, 169, 242, 120, 166, 108, 222, 31619, 111, 222, 169, 247, 242, 47991, 246, 167, 232, 242, 220, 169, 246, 226, 168, 225, 223, 35975, 226, 31619, 100, 238, 47991, 250, 46695, 97, 13, 447, 251, 220, 220, 198, 17, 167, 110, 230, 25, 220, 169, 233, 222, 167, 99, 120, 13, 564, 250, 168, 226, 254, 169, 246, 243, 23821, 245, 112, 169, 234, 121, 168, 108, 121, 220, 166, 111, 226, 168, 230, 246, 167, 232, 242, 23821, 246, 101, 167, 237, 226, 31619, 111, 222, 169, 247, 242, 168, 245, 238, 31619, 242, 108, 167, 98, 116, 220, 166, 116, 116, 35975, 112, 31619, 111, 222, 169, 247, 242, 168, 250, 101, 35975, 226, 23821, 246, 101, 167, 237, 226, 31619, 111, 222, 169, 247, 242, 167, 253, 231, 168, 250, 120, 167, 94, 250, 31619, 224, 246, 167, 230, 230, 220, 166, 108, 240, 35975, 112, 46695, 97, 13, 447, 251, 220, 220, 198, 18, 167, 110, 230, 25, 220, 169, 233, 222, 167, 99, 120, 13, 564, 250, 167, 234, 222, 167, 114, 222, 167, 114, 226, 35975, 246, 31619, 45539, 168, 100, 230, 35975, 222, 23821, 226, 254, 169, 246, 243, 23821, 245, 112, 169, 234, 121, 168, 108, 121, 220, 166, 111, 226, 168, 230, 246, 166, 108, 222, 23821, 244, 239, 168, 230, 246, 35975, 112, 167, 102, 108, 1399, 447, 251, 220, 220, 198, 19, 167, 110, 230, 25, 220, 169, 233, 222, 167, 99, 120, 13, 564, 250, 168, 243, 94, 168, 114, 242, 168, 245, 238, 35975, 112, 169, 226, 108, 167, 252, 222, 23821, 245, 112, 168, 245, 238, 167, 226, 230, 168, 100, 222, 31619, 241, 109, 35975, 226, 220, 166, 116, 108, 166, 111, 226, 168, 254, 223, 31619, 237, 247, 168, 252, 239, 168, 250, 120, 167, 94, 250, 31619, 111, 222, 169, 247, 246, 47991, 246, 167, 232, 242, 23821, 252, 98, 168, 117, 246, 167, 94, 250, 1399, 447, 251, 220, 220, 198, 20, 167, 110, 230, 25, 31619, 100, 252, 35975, 234, 13, 564, 250, 167, 108, 246, 35975, 239, 23821, 247, 226, 167, 96, 234, 23821, 233, 250, 166, 108, 226, 35975, 222, 3926, 31619, 251, 254, 35975, 246, 31619, 239, 238, 166, 119, 246, 166, 108, 222, 23821, 244, 229, 35975, 226, 168, 230, 246, 167, 94, 251, 23821, 100, 100, 46695, 97, 13, 447, 251, 220, 220, 198, 198, 168, 113, 250, 168, 95, 227, 23821, 254, 243, 46695, 113, 25, 642, 167, 110, 230]","[0.5, 0.5, 0.5, 0.5, 0.5, 0.5, 0.5, 0.5, 0.5, 0.5, 0.5, 0.5, 0.5, 0.5, 0.5, 0.5, 0.5, 0.5, 0.5, 0.5, 0.5, 0.5, 0.5, 0.5, 0.5, 0.5, 0.5, 0.5, 0.5, 0.5, 0.5, 0.5, 0.5, 0.5, 0.5, 0.5, 0.5, 0.5, 0.5, 0.5, 0.5, 0.5, 0.5, 0.5, 0.5, 0.5, 0.5, 0.5, 0.5, 0.5, 0.5, 0.5, 0.5, 0.5, 0.5, 0.5, 0.5, 0.5, 0.5, 0.5, 0.5, 0.5, 0.5, 0.5, 0.5, 0.5, 0.5, 0.5, 0.5, 0.5, 0.5, 0.5, 0.5, 0.5, 0.5, 0.5, 0.5, 0.5, 0.5, 0.5, 0.5, 0.5, 0.5, 0.5, 0.5, 0.5, 0.5, 0.5, 0.5, 0.5, 0.5, 0.5, 0.5, 0.5, 0.5, 0.5, 0.5, 0.5, 0.5, 0.5, 0.5, 0.5, 0.5, 0.5, 0.5, 0.5, 0.5, 0.5, 0.5, 0.5, 0.5, 0.5, 0.5, 0.5, 0.5, 0.5, 0.5, 0.5, 0.5, 0.5, 0.5, 0.5, 0.5, 0.5, 0.5, 0.5, 0.5, 0.5, 0.5, 0.5, 0.5, 0.5, 0.5, 0.5, 0.5, 0.5, 0.5, 0.5, 0.5, 0.5, 0.5, 0.5, 0.5, 0.5, 0.5, 0.5, 0.5, 0.5, 0.5, 0.5, 0.5, 0.5, 0.5, 0.5, 0.5, 0.5, 0.5, 0.5, 0.5, 0.5, 0.5, 0.5, 0.5, 0.5, 0.5, 0.5, 0.5, 0.5, 0.5, 0.5, 0.5, 0.5, 0.5, 0.5, 0.5, 0.5, 0.5, 0.5, 0.5, 0.5, 0.5, 0.5, 0.5, 0.5, 0.5, 0.5, 0.5, 0.5, 0.5, 0.5, 0.5, 0.5, 0.5, 0.5, 0.5, 0.5, 0.5, 0.5, 0.5, 0.5, 0.5, 0.5, 0.5, 0.5, 0.5, 0.5, 0.5, 0.5, 0.5, 0.5, 0.5, 0.5, 0.5, 0.5, 0.5, 0.5, 0.5, 0.5, 0.5, 0.5, 0.5, 0.5, 0.5, 0.5, 0.5, 0.5, 0.5, 0.5, 0.5, 0.5, 0.5, 0.5, 0.5, 0.5, 0.5, 0.5, 0.5, 0.5, 0.5, 0.5, 0.5, 0.5, 0.5, 0.5, 0.5, 0.5, 0.5, 0.5, 0.5, 0.5, 0.5, 0.5, 0.5, 0.5, 0.5, 0.5, 0.5, 0.5, 0.5, 0.5, 0.5, 0.5, 0.5, 0.5, 0.5, 0.5, 0.5, 0.5, 0.5, 0.5, 0.5, 0.5, 0.5, 0.5, 0.5, 0.5, 0.5, 0.5, 0.5, 0.5, 0.5, 0.5, 0.5, 0.5, 0.5, 0.5, 0.5, 0.5, 0.5, 0.5, 0.5, 0.5, 0.5, 0.5, 0.5, 0.5, 0.5, 0.5, 0.5, 0.5, 0.5, 0.5, 0.5, 0.5, 0.5, 0.5, 0.5, 0.5, 0.5, 0.5, 0.5, 0.5, 0.5, 0.5, 0.5, 0.5, 0.5, 0.5, 0.5, 0.5, 0.5, 0.5, 0.5, 0.5, 0.5, 0.5, 0.5, 0.5, 0.5, 0.5, 0.5, 0.5, 0.5, 0.5, 0.5, 0.5, 0.5, 0.5, 0.5, 0.5, 0.5, 0.5, 0.5, 0.5, 0.5, 0.5, 0.5, 0.5, 0.5, 0.5, 0.5, 0.5, 0.5, 0.5, 0.5, 0.5, 0.5, 0.5, 0.5, 0.5, 0.5, 0.5, 0.5, 0.5, 0.5, 0.5, 0.5, 0.5, 0.5, 0.5, 0.5, 0.5, 0.5, 0.5, 0.5, 0.5, 0.5, 0.5, 0.5, 0.5, 0.5, 0.5, 0.5, 0.5, 0.5, 0.5, 0.5, 0.5, 0.5, 0.5, 0.5, 0.5, 0.5, 0.5, 0.5, 0.5, 0.5, 0.5, 0.5, 0.5, 0.5, 0.5, 0.5, 0.5, 0.5, 0.5, 0.5, 0.5, 0.5, 0.5, 0.5, 0.5, 0.5, 0.5, 0.5, 0.5, 0.5, 0.5, 0.5, 0.5, 0.5, 0.5, 0.5, 0.5, 0.5, 0.5, 0.5, 0.5, 0.5, 0.5, 0.5, 0.5, 0.5, 0.5, 0.5, 0.5, 0.5, 0.5, 0.5, 0.5, 0.5, 0.5, 0.5, 0.5, 0.5, 0.5, 0.5, 0.5, 0.5, 0.5, 0.5, 0.5, 0.5, 0.5, 0.5, 0.5, 0.5, 0.5, 0.5, 0.5, 0.5, 0.5, 0.5, 0.5, 0.5, 0.5, 0.5, 0.5, 0.5, 0.5, 0.5, 0.5, 0.5, 0.5, 0.5, 0.5, 0.5, 0.5, 0.5, 0.5, 0.5, 0.5, 0.5, 0.5, 0.5, 0.5, 0.5]",2
2026_11_KICE_10-13_1,['3(2)'],"1번: 적절하다. 선형 열팽창 계수가 음수이면 온도를 올렸을 때 길이 변화율(ΔL/L₀)이 음수가 되어 길이가 줄어들기 때문이다. (지문 근거: “선형 열팽창 계수는 온도 변화에 따른 길이 변화율을 온도 변화량으로 나눈 값이다.” “대부분의 물질은 선형 열팽창 계수가 양수이며…”)

2번: 적절하다. 온도 변화에 따른 길이 변화를 작게 하려면 선형 열팽창 계수가 더 작은 물질이 유리하므로, 인바가 알루미늄보다 적합하다. (지문 근거: “인바는 알루미늄에 비해 매우 작은 선형 열팽창 계수를 갖는다.”)

3번: 부적절하다. 온도를 내리면 띠는 다시 평평한 원래 모양으로 돌아오기 때문에 특정 한쪽으로 휜 상태가 유지되지 않는다. (지문 근거: “이후 다시 처음의 온도로 내리면 띠는 원래 모양으로 돌아온다.”)

4번: 적절하다. 길이 변화율은 ΔL을 초기 길이 L₀로 나눈 값이므로, ΔL이 같다면 초기 길이가 더 길수록 변화율은 더 작다. (지문 근거: “길이 변화율은 길이의 변화량을 처음 길이로 나누어 얻는 값”)

5번: 적절하다. 곡률이 같을 때 띠의 길이가 길면 휨 각도가 더 커져 고정되지 않은 끝의 이동 거리가 더 길어진다. (지문 근거: “띠가 휨수록 고정되지 않은 끝의 이동 거리는 커진다. … 이 값은 띠의 길이에 따라 달라진다.”)

최종 정답: 3번","[16, 167, 110, 230, 25, 23821, 254, 223, 168, 254, 230, 47991, 246, 46695, 97, 13, 23821, 226, 254, 169, 246, 243, 23821, 245, 112, 169, 234, 121, 168, 108, 121, 220, 166, 111, 226, 168, 230, 246, 166, 108, 222, 23821, 251, 234, 168, 230, 246, 35975, 112, 167, 102, 112, 23821, 246, 101, 167, 237, 226, 167, 98, 120, 23821, 246, 105, 167, 254, 116, 35975, 226, 31619, 243, 234, 220, 166, 116, 116, 35975, 112, 31619, 111, 222, 169, 247, 242, 168, 250, 101, 7, 138, 242, 43, 14, 43, 158, 224, 222, 8, 35975, 112, 23821, 251, 234, 168, 230, 246, 166, 108, 222, 31619, 238, 246, 168, 244, 112, 220, 166, 116, 116, 35975, 112, 166, 108, 222, 23821, 97, 226, 168, 244, 112, 167, 241, 97, 166, 116, 108, 31619, 243, 234, 167, 105, 116, 35975, 112, 46695, 97, 13, 357, 168, 100, 222, 167, 105, 116, 220, 166, 115, 120, 166, 109, 108, 25, 564, 250, 168, 226, 254, 169, 246, 243, 23821, 245, 112, 169, 234, 121, 168, 108, 121, 220, 166, 111, 226, 168, 230, 246, 167, 232, 242, 23821, 246, 101, 167, 237, 226, 31619, 111, 222, 169, 247, 242, 168, 245, 238, 31619, 242, 108, 167, 98, 116, 220, 166, 116, 116, 35975, 112, 31619, 111, 222, 169, 247, 242, 168, 250, 101, 35975, 226, 23821, 246, 101, 167, 237, 226, 31619, 111, 222, 169, 247, 242, 167, 253, 231, 168, 250, 120, 167, 94, 250, 31619, 224, 246, 167, 230, 230, 220, 166, 108, 240, 35975, 112, 46695, 97, 13, 447, 251, 564, 250, 167, 234, 222, 167, 114, 222, 167, 114, 226, 35975, 246, 31619, 45539, 168, 100, 230, 35975, 222, 23821, 226, 254, 169, 246, 243, 23821, 245, 112, 169, 234, 121, 168, 108, 121, 220, 166, 111, 226, 168, 230, 246, 166, 108, 222, 23821, 244, 239, 168, 230, 246, 35975, 112, 167, 102, 108, 1399, 447, 251, 8, 198, 198, 17, 167, 110, 230, 25, 23821, 254, 223, 168, 254, 230, 47991, 246, 46695, 97, 13, 23821, 246, 101, 167, 237, 226, 31619, 111, 222, 169, 247, 242, 168, 245, 238, 31619, 242, 108, 167, 98, 116, 220, 166, 116, 116, 35975, 112, 31619, 111, 222, 169, 247, 242, 167, 98, 120, 23821, 252, 239, 166, 110, 234, 220, 47991, 246, 167, 254, 97, 167, 102, 112, 23821, 226, 254, 169, 246, 243, 23821, 245, 112, 169, 234, 121, 168, 108, 121, 220, 166, 111, 226, 168, 230, 246, 166, 108, 222, 31619, 235, 242, 23821, 252, 239, 35975, 222, 31619, 45539, 168, 100, 230, 35975, 112, 23821, 250, 254, 167, 99, 105, 47991, 246, 167, 107, 222, 167, 94, 250, 11, 23821, 251, 116, 167, 108, 242, 166, 108, 222, 23821, 243, 234, 167, 96, 101, 167, 107, 116, 167, 232, 226, 167, 111, 112, 46695, 97, 23821, 254, 223, 47991, 102, 47991, 246, 46695, 97, 13, 357, 168, 100, 222, 167, 105, 116, 220, 166, 115, 120, 166, 109, 108, 25, 564, 250, 35975, 116, 167, 108, 242, 167, 232, 242, 23821, 243, 234, 167, 96, 101, 167, 107, 116, 167, 232, 226, 168, 245, 238, 31619, 117, 226, 47991, 112, 31619, 100, 97, 168, 248, 108, 23821, 252, 239, 35975, 222, 23821, 226, 254, 169, 246, 243, 23821, 245, 112, 169, 234, 121, 168, 108, 121, 220, 166, 111, 226, 168, 230, 246, 167, 98, 120, 220, 166, 108, 244, 167, 232, 242, 46695, 97, 13, 447, 251, 8, 198, 198, 18, 167, 110, 230, 25, 31619, 114, 222, 168, 254, 223, 168, 254, 230, 47991, 246, 46695, 97, 13, 23821, 246, 101, 167, 237, 226, 167, 98, 120, 31619, 224, 112, 167, 99, 105, 167, 102, 112, 31619, 251, 254, 167, 232, 242, 31619, 233, 97, 168, 233, 250, 220, 169, 237, 231, 169, 237, 231, 47991, 250, 23821, 249, 238, 167, 252, 246, 31619, 103, 101, 168, 244, 239, 168, 250, 120, 167, 94, 250, 31619, 237, 234, 168, 243, 226, 168, 246, 97, 166, 116, 108, 31619, 243, 234, 167, 105, 116, 168, 245, 238, 220, 169, 232, 117, 168, 254, 243, 220, 47991, 250, 168, 103, 121, 168, 250, 120, 167, 94, 250, 220, 169, 250, 250, 23821, 225, 223, 169, 225, 250, 166, 108, 222, 23821, 250, 254, 168, 100, 222, 167, 238, 246, 168, 100, 222, 23821, 243, 232, 167, 232, 242, 46695, 97, 13, 357, 168, 100, 222, 167, 105, 116, 220, 166, 115, 120, 166, 109, 108, 25, 564, 250, 35975, 112, 169, 249, 226, 31619, 233, 97, 168, 233, 250, 23821, 110, 246, 35975, 234, 35975, 246, 23821, 246, 101, 167, 237, 226, 167, 94, 250, 31619, 224, 112, 167, 99, 105, 167, 102, 112, 31619, 251, 254, 167, 232, 242, 23821, 249, 238, 167, 252, 246, 31619, 103, 101, 168, 244, 239, 168, 250, 120, 167, 94, 250, 31619, 237, 234, 168, 243, 226, 168, 246, 101, 46695, 97, 13, 447, 251, 8, 198, 198, 19, 167, 110, 230, 25, 23821, 254, 223, 168, 254, 230, 47991, 246, 46695, 97, 13, 220, 166, 116, 116, 35975, 112, 31619, 111, 222, 169, 247, 242, 168, 250, 101, 35975, 222, 37455, 43, 35975, 226, 23821, 112, 230, 166, 116, 108, 220, 166, 116, 116, 35975, 112, 406, 158, 224, 222, 167, 94, 250, 31619, 224, 246, 167, 230, 230, 220, 166, 108, 240, 35975, 112, 167, 107, 222, 167, 94, 250, 11, 37455, 43, 35975, 112, 220, 166, 108, 247, 46695, 97, 167, 102, 112, 23821, 112, 230, 166, 116, 108, 220, 166, 116, 116, 35975, 112, 166, 108, 222, 31619, 235, 242, 220, 166, 116, 116, 168, 230, 246, 167, 94, 251, 31619, 111, 222, 169, 247, 242, 168, 250, 101, 35975, 222, 31619, 235, 242, 23821, 252, 239, 46695, 97, 13, 357, 168, 100, 222, 167, 105, 116, 220, 166, 115, 120, 166, 109, 108, 25, 564, 250, 166, 116, 116, 35975, 112, 31619, 111, 222, 169, 247, 242, 168, 250, 101, 35975, 222, 220, 166, 116, 116, 35975, 112, 35975, 246, 31619, 111, 222, 169, 247, 242, 167, 253, 231, 35975, 226, 23821, 110, 246, 35975, 234, 220, 166, 116, 116, 35975, 112, 167, 94, 250, 31619, 224, 246, 167, 230, 226, 168, 244, 112, 23821, 244, 119, 167, 232, 242, 220, 166, 108, 240, 447, 251, 8, 198, 198, 20, 167, 110, 230, 25, 23821, 254, 223, 168, 254, 230, 47991, 246, 46695, 97, 13, 220, 166, 111, 94, 167, 98, 254, 35975, 112, 220, 166, 108, 247, 35975, 226, 31619, 243, 234, 31619, 251, 254, 35975, 246, 220, 166, 116, 116, 35975, 112, 166, 108, 222, 220, 166, 116, 116, 167, 102, 112, 220, 169, 250, 101, 220, 166, 108, 223, 167, 237, 226, 166, 108, 222, 31619, 235, 242, 23821, 119, 97, 168, 254, 116, 220, 166, 111, 254, 168, 254, 243, 167, 238, 246, 168, 100, 222, 23821, 243, 232, 35975, 222, 31619, 223, 251, 35975, 246, 23821, 251, 112, 167, 237, 247, 220, 166, 109, 108, 167, 99, 105, 166, 108, 222, 31619, 235, 242, 220, 166, 116, 116, 168, 244, 112, 168, 100, 226, 46695, 97, 13, 357, 168, 100, 222, 167, 105, 116, 220, 166, 115, 120, 166, 109, 108, 25, 564, 250, 167, 251, 254, 166, 108, 222, 220, 169, 250, 101, 168, 230, 246, 167, 94, 251, 220, 166, 111, 254, 168, 254, 243, 167, 238, 246, 168, 100, 222, 23821, 243, 232, 35975, 222, 31619, 223, 251, 35975, 246, 23821, 251, 112, 167, 237, 247, 220, 166, 109, 108, 167, 99, 105, 167, 232, 242, 23821, 119, 97, 168, 100, 226, 46695, 97, 13, 3926, 23821, 251, 112, 220, 166, 108, 240, 35975, 222, 31619, 251, 254, 35975, 246, 220, 166, 116, 116, 35975, 112, 168, 245, 238, 31619, 242, 108, 167, 251, 120, 31619, 233, 105, 167, 251, 120, 168, 100, 226, 46695, 97, 13, 447, 251, 8, 198, 198, 168, 113, 250, 168, 95, 227, 23821, 254, 243, 46695, 113, 25, 513, 167, 110, 230]","[0.5, 0.5, 0.5, 0.5, 0.5, 0.5, 0.5, 0.5, 0.5, 0.5, 0.5, 0.5, 0.5, 0.5, 0.5, 0.5, 0.5, 0.5, 0.5, 0.5, 0.5, 0.5, 0.5, 0.5, 0.5, 0.5, 0.5, 0.5, 0.5, 0.5, 0.5, 0.5, 0.5, 0.5, 0.5, 0.5, 0.5, 0.5, 0.5, 0.5, 0.5, 0.5, 0.5, 0.5, 0.5, 0.5, 0.5, 0.5, 0.5, 0.5, 0.5, 0.5, 0.5, 0.5, 0.5, 0.5, 0.5, 0.5, 0.5, 0.5, 0.5, 0.5, 0.5, 0.5, 0.5, 0.5, 0.5, 0.5, 0.5, 0.5, 0.5, 0.5, 0.5, 0.5, 0.5, 0.5, 0.5, 0.5, 0.5, 0.5, 0.5, 0.5, 0.5, 0.5, 0.5, 0.5, 0.5, 0.5, 0.5, 0.5, 0.5, 0.5, 0.5, 0.5, 0.5, 0.5, 0.5, 0.5, 0.5, 0.5, 0.5, 0.5, 0.5, 0.5, 0.5, 0.5, 0.5, 0.5, 0.5, 0.5, 0.5, 0.5, 0.5, 0.5, 0.5, 0.5, 0.5, 0.5, 0.5, 0.5, 0.5, 0.5, 0.5, 0.5, 0.5, 0.5, 0.5, 0.5, 0.5, 0.5, 0.5, 0.5, 0.5, 0.5, 0.5, 0.5, 0.5, 0.5, 0.5, 0.5, 0.5, 0.5, 0.5, 0.5, 0.5, 0.5, 0.5, 0.5, 0.5, 0.5, 0.5, 0.5, 0.5, 0.5, 0.5, 0.5, 0.5, 0.5, 0.5, 0.5, 0.5, 0.5, 0.5, 0.5, 0.5, 0.5, 0.5, 0.5, 0.5, 0.5, 0.5, 0.5, 0.5, 0.5, 0.5, 0.5, 0.5, 0.5, 0.5, 0.5, 0.5, 0.5, 0.5, 0.5, 0.5, 0.5, 0.5, 0.5, 0.5, 0.5, 0.5, 0.5, 0.5, 0.5, 0.5, 0.5, 0.5, 0.5, 0.5, 0.5, 0.5, 0.5, 0.5, 0.5, 0.5, 0.5, 0.5, 0.5, 0.5, 0.5, 0.5, 0.5, 0.5, 0.5, 0.5, 0.5, 0.5, 0.5, 0.5, 0.5, 0.5, 0.5, 0.5, 0.5, 0.5, 0.5, 0.5, 0.5, 0.5, 0.5, 0.5, 0.5, 0.5, 0.5, 0.5, 0.5, 0.5, 0.5, 0.5, 0.5, 0.5, 0.5, 0.5, 0.5, 0.5, 0.5, 0.5, 0.5, 0.5, 0.5, 0.5, 0.5, 0.5, 0.5, 0.5, 0.5, 0.5, 0.5, 0.5, 0.5, 0.5, 0.5, 0.5, 0.5, 0.5, 0.5, 0.5, 0.5, 0.5, 0.5, 0.5, 0.5, 0.5, 0.5, 0.5, 0.5, 0.5, 0.5, 0.5, 0.5, 0.5, 0.5, 0.5, 0.5, 0.5, 0.5, 0.5, 0.5, 0.5, 0.5, 0.5, 0.5, 0.5, 0.5, 0.5, 0.5, 0.5, 0.5, 0.5, 0.5, 0.5, 0.5, 0.5, 0.5, 0.5, 0.5, 0.5, 0.5, 0.5, 0.5, 0.5, 0.5, 0.5, 0.5, 0.5, 0.5, 0.5, 0.5, 0.5, 0.5, 0.5, 0.5, 0.5, 0.5, 0.5, 0.5, 0.5, 0.5, 0.5, 0.5, 0.5, 0.5, 0.5, 0.5, 0.5, 0.5, 0.5, 0.5, 0.5, 0.5, 0.5, 0.5, 0.5, 0.5, 0.5, 0.5, 0.5, 0.5, 0.5, 0.5, 0.5, 0.5, 0.5, 0.5, 0.5, 0.5, 0.5, 0.5, 0.5, 0.5, 0.5, 0.5, 0.5, 0.5, 0.5, 0.5, 0.5, 0.5, 0.5, 0.5, 0.5, 0.5, 0.5, 0.5, 0.5, 0.5, 0.5, 0.5, 0.5, 0.5, 0.5, 0.5, 0.5, 0.5, 0.5, 0.5, 0.5, 0.5, 0.5, 0.5, 0.5, 0.5, 0.5, 0.5, 0.5, 0.5, 0.5, 0.5, 0.5, 0.5, 0.5, 0.5, 0.5, 0.5, 0.5, 0.5, 0.5, 0.5, 0.5, 0.5, 0.5, 0.5, 0.5, 0.5, 0.5, 0.5, 0.5, 0.5, 0.5, 0.5, 0.5, 0.5, 0.5, 0.5, 0.5, 0.5, 0.5, 0.5, 0.5, 0.5, 0.5, 0.5, 0.5, 0.5, 0.5, 0.5, 0.5, 0.5, 0.5, 0.5, 0.5, 0.5, 0.5, 0.5, 0.5, 0.5, 0.5, 0.5, 0.5, 0.5, 0.5, 0.5, 0.5, 0.5, 0.5, 0.5, 0.5, 0.5, 0.5, 0.5, 0.5, 0.5, 0.5, 0.5, 0.5, 0.5, 0.5, 0.5, 0.5, 0.5, 0.5, 0.5, 0.5, 0.5, 0.5, 0.5, 0.5, 0.5, 0.5, 0.5, 0.5, 0.5, 0.5, 0.5, 0.5, 0.5, 0.5, 0.5, 0.5, 0.5, 0.5, 0.5, 0.5, 0.5, 0.5, 0.5, 0.5, 0.5, 0.5, 0.5, 0.5, 0.5, 0.5, 0.5, 0.5, 0.5, 0.5, 0.5, 0.5, 0.5, 0.5, 0.5, 0.5, 0.5, 0.5, 0.5, 0.5, 0.5, 0.5, 0.5, 0.5, 0.5, 0.5, 0.5, 0.5, 0.5, 0.5, 0.5, 0.5, 0.5, 0.5, 0.5, 0.5, 0.5, 0.5, 0.5, 0.5, 0.5, 0.5, 0.5, 0.5, 0.5, 0.5, 0.5, 0.5, 0.5, 0.5, 0.5, 0.5, 0.5, 0.5, 0.5, 0.5, 0.5, 0.5, 0.5, 0.5, 0.5, 0.5, 0.5, 0.5, 0.5, 0.5, 0.5, 0.5, 0.5, 0.5, 0.5, 0.5, 0.5, 0.5, 0.5, 0.5, 0.5, 0.5, 0.5, 0.5, 0.5, 0.5, 0.5, 0.5, 0.5, 0.5, 0.5, 0.5, 0.5, 0.5, 0.5, 0.5, 0.5, 0.5, 0.5, 0.5, 0.5, 0.5, 0.5, 0.5, 0.5, 0.5, 0.5, 0.5, 0.5, 0.5, 0.5, 0.5, 0.5, 0.5, 0.5, 0.5, 0.5, 0.5, 0.5, 0.5, 0.5, 0.5, 0.5, 0.5, 0.5, 0.5, 0.5, 0.5, 0.5, 0.5, 0.5, 0.5, 0.5, 0.5, 0.5, 0.5, 0.5, 0.5, 0.5, 0.5, 0.5, 0.5, 0.5, 0.5, 0.5, 0.5, 0.5, 0.5, 0.5, 0.5, 0.5, 0.5, 0.5, 0.5, 0.5, 0.5, 0.5, 0.5, 0.5, 0.5, 0.5, 0.5, 0.5, 0.5, 0.5, 0.5, 0.5, 0.5, 0.5, 0.5, 0.5, 0.5, 0.5, 0.5, 0.5, 0.5, 0.5, 0.5, 0.5, 0.5, 0.5, 0.5, 0.5, 0.5, 0.5, 0.5, 0.5, 0.5, 0.5, 0.5, 0.5, 0.5, 0.5, 0.5, 0.5, 0.5, 0.5, 0.5, 0.5, 0.5, 0.5, 0.5, 0.5, 0.5, 0.5, 0.5, 0.5, 0.5, 0.5, 0.5, 0.5, 0.5, 0.5, 0.5, 0.5, 0.5, 0.5, 0.5, 0.5, 0.5, 0.5, 0.5, 0.5, 0.5, 0.5, 0.5, 0.5, 0.5, 0.5, 0.5, 0.5, 0.5, 0.5, 0.5, 0.5, 0.5, 0.5, 0.5, 0.5, 0.5, 0.5, 0.5, 0.5, 0.5, 0.5, 0.5, 0.5, 0.5, 0.5, 0.5, 0.5, 0.5, 0.5, 0.5, 0.5, 0.5, 0.5, 0.5, 0.5, 0.5, 0.5, 0.5, 0.5, 0.5, 0.5, 0.5, 0.5, 0.5, 0.5, 0.5, 0.5, 0.5, 0.5, 0.5, 0.5, 0.5, 0.5, 0.5, 0.5, 0.5, 0.5, 0.5, 0.5, 0.5, 0.5, 0.5, 0.5, 0.5, 0.5, 0.5, 0.5, 0.5, 0.5, 0.5, 0.5, 0.5, 0.5, 0.5, 0.5, 0.5, 0.5, 0.5, 0.5, 0.5, 0.5, 0.5, 0.5, 0.5, 0.5, 0.5, 0.5, 0.5, 0.5, 0.5, 0.5, 0.5, 0.5, 0.5, 0.5, 0.5, 0.5, 0.5, 0.5, 0.5, 0.5, 0.5, 0.5, 0.5, 0.5, 0.5, 0.5, 0.5, 0.5, 0.5, 0.5, 0.5, 0.5, 0.5, 0.5, 0.5, 0.5, 0.5, 0.5, 0.5, 0.5, 0.5, 0.5, 0.5, 0.5, 0.5, 0.5, 0.5, 0.5, 0.5, 0.5, 0.5, 0.5, 0.5, 0.5, 0.5, 0.5, 0.5, 0.5, 0.5, 0.5, 0.5, 0.5, 0.5, 0.5, 0.5, 0.5, 0.5, 0.5, 0.5, 0.5, 0.5, 0.5, 0.5, 0.5, 0.5, 0.5, 0.5, 0.5, 0.5, 0.5, 0.5, 0.5, 0.5, 0.5, 0.5, 0.5, 0.5, 0.5, 0.5, 0.5, 0.5, 0.5, 0.5, 0.5, 0.5, 0.5, 0.5, 0.5, 0.5, 0.5, 0.5, 0.5, 0.5, 0.5, 0.5, 0.5, 0.5, 0.5, 0.5, 0.5, 0.5, 0.5, 0.5, 0.5, 0.5, 0.5, 0.5, 0.5, 0.5, 0.5, 0.5, 0.5, 0.5, 0.5, 0.5, 0.5, 0.5, 0.5, 0.5, 0.5, 0.5, 0.5, 0.5, 0.5, 0.5, 0.5, 0.5, 0.5, 0.5, 0.5, 0.5, 0.5, 0.5, 0.5, 0.5, 0.5, 0.5, 0.5, 0.5, 0.5, 0.5, 0.5, 0.5, 0.5, 0.5, 0.5, 0.5, 0.5, 0.5, 0.5, 0.5, 0.5, 0.5, 0.5, 0.5, 0.5, 0.5, 0.5, 0.5, 0.5, 0.5, 0.5, 0.5, 0.5, 0.5, 0.5, 0.5, 0.5, 0.5, 0.5, 0.5, 0.5, 0.5, 0.5, 0.5, 0.5, 0.5, 0.5, 0.5, 0.5, 0.5, 0.5, 0.5, 0.5, 0.5, 0.5, 0.5, 0.5, 0.5, 0.5, 0.5, 0.5, 0.5, 0.5, 0.5, 0.5, 0.5, 0.5, 0.5, 0.5, 0.5, 0.5, 0.5, 0.5, 0.5, 0.5, 0.5, 0.5, 0.5, 0.5, 0.5, 0.5, 0.5, 0.5, 0.5, 0.5, 0.5, 0.5, 0.5, 0.5, 0.5, 0.5, 0.5, 0.5, 0.5, 0.5, 0.5, 0.5, 0.5, 0.5, 0.5, 0.5, 0.5, 0.5, 0.5, 0.5, 0.5, 0.5, 0.5, 0.5, 0.5, 0.5, 0.5, 0.5, 0.5, 0.5, 0.5, 0.5, 0.5, 0.5, 0.5, 0.5, 0.5, 0.5, 0.5, 0.5, 0.5, 0.5, 0.5, 0.5, 0.5, 0.5, 0.5, 0.5, 0.5, 0.5, 0.5, 0.5, 0.5, 0.5, 0.5, 0.5, 0.5, 0.5, 0.5, 0.5, 0.5, 0.5, 0.5, 0.5, 0.5, 0.5, 0.5, 0.5, 0.5, 0.5, 0.5, 0.5, 0.5, 0.5, 0.5, 0.5, 0.5, 0.5, 0.5, 0.5, 0.5, 0.5, 0.5, 0.5, 0.5, 0.5, 0.5, 0.5, 0.5, 0.5, 0.5, 0.5, 0.5, 0.5, 0.5, 0.5, 0.5, 0.5, 0.5, 0.5, 0.5, 0.5, 0.5, 0.5, 0.5, 0.5, 0.5, 0.5, 0.5, 0.5, 0.5, 0.5, 0.5, 0.5, 0.5, 0.5, 0.5, 0.5, 0.5, 0.5, 0.5, 0.5, 0.5, 0.5, 0.5, 0.5, 0.5, 0.5, 0.5, 0.5, 0.5, 0.5, 0.5, 0.5, 0.5, 0.5, 0.5, 0.5, 0.5, 0.5, 0.5, 0.5, 0.5, 0.5, 0.5, 0.5, 0.5, 0.5, 0.5, 0.5, 0.5, 0.5, 0.5, 0.5, 0.5, 0.5, 0.5, 0.5, 0.5, 0.5, 0.5, 0.5, 0.5, 0.5, 0.5, 0.5, 0.5, 0.5, 0.5, 0.5, 0.5, 0.5, 0.5, 0.5, 0.5, 0.5, 0.5, 0.5, 0.5, 0.5, 0.5, 0.5, 0.5, 0.5, 0.5, 0.5, 0.5, 0.5, 0.5, 0.5, 0.5, 0.5, 0.5, 0.5, 0.5, 0.5, 0.5, 0.5, 0.5, 0.5, 0.5, 0.5, 0.5, 0.5, 0.5, 0.5, 0.5, 0.5, 0.5, 0.5, 0.5, 0.5, 0.5, 0.5, 0.5, 0.5, 0.5, 0.5, 0.5, 0.5, 0.5, 0.5, 0.5, 0.5, 0.5, 0.5, 0.5, 0.5, 0.5, 0.5, 0.5, 0.5, 0.5, 0.5, 0.5, 0.5, 0.5, 0.5, 0.5, 0.5, 0.5, 0.5, 0.5, 0.5, 0.5, 0.5, 0.5, 0.5, 0.5, 0.5, 0.5, 0.5, 0.5, 0.5, 0.5, 0.5, 0.5, 0.5, 0.5, 0.5, 0.5, 0.5, 0.5, 0.5, 0.5, 0.5, 0.5, 0.5, 0.5, 0.5, 0.5, 0.5, 0.5, 0.5, 0.5, 0.5, 0.5, 0.5, 0.5, 0.5, 0.5, 0.5, 0.5, 0.5, 0.5, 0.5, 0.5, 0.5, 0.5, 0.5, 0.5, 0.5, 0.5, 0.5, 0.5, 0.5, 0.5, 0.5, 0.5, 0.5, 0.5, 0.5, 0.5]",2
2026_11_KICE_10-13_2,['1(3)'],"1번: 옳다. “다른 조건이 동일하다면 … 온도 변화가 클수록 띠가 더 휘어진다.”  
2번: 그르다. b는 a보다 선형 열팽창 계수 차이가 크므로 같은 온도 변화에서 b가 더 휘어져(곡률 반지름이 더 작아) a의 곡률 반지름보다 크다는 것이 지문의 내용이다. “두 물질의 선형 열팽창 계수 차이가 크거나 온도 변화가 클수록 띠가 더 휘어진다.”  
3번: 그르다. 반응 완료 시간은 띠의 두께에만 의존하며, 선형 열팽창 계수 차이에 의해 달라지지 않는다. “반응 완료 시간은 … 띠의 두께가 얇을수록 짧다.”  
4번: 그르다. 같은 온도 변화에서 b의 선형 열팽창 계수 차이가 더 크므로 b의 최대 이동 거리가 a보다 크다. “두 물질의 선형 열팽창 계수 차이가 크면 띠가 더 휘어진다.”  
5번: 그르다. a가 물체를 잡으려면 더 큰 온도 변화가 필요했던 것은 a의 휨 민감도가 b보다 작기 때문이다. “휨 민감도가 더 크다는 것은 같은 온도 변화량에서 띠가 더 심하게 휨을 의미한다.”  

최종 정답: 1번","[16, 167, 110, 230, 25, 23821, 246, 111, 46695, 97, 13, 564, 250, 46695, 97, 167, 98, 116, 23821, 94, 108, 166, 109, 112, 35975, 112, 31619, 237, 247, 35975, 120, 47991, 246, 46695, 97, 167, 102, 112, 3926, 23821, 246, 101, 167, 237, 226, 31619, 111, 222, 169, 247, 242, 166, 108, 222, 220, 169, 223, 112, 168, 230, 246, 167, 94, 251, 31619, 251, 254, 166, 108, 222, 31619, 235, 242, 220, 169, 250, 246, 168, 244, 112, 168, 100, 226, 46695, 97, 13, 447, 251, 220, 220, 198, 17, 167, 110, 230, 25, 220, 166, 115, 116, 167, 98, 112, 46695, 97, 13, 275, 167, 232, 242, 257, 167, 111, 112, 46695, 97, 23821, 226, 254, 169, 246, 243, 23821, 245, 112, 169, 234, 121, 168, 108, 121, 220, 166, 111, 226, 168, 230, 246, 23821, 108, 101, 35975, 112, 166, 108, 222, 220, 169, 223, 105, 167, 107, 222, 167, 94, 250, 220, 166, 108, 247, 35975, 222, 23821, 246, 101, 167, 237, 226, 31619, 111, 222, 169, 247, 242, 168, 245, 238, 168, 226, 250, 275, 166, 108, 222, 31619, 235, 242, 220, 169, 250, 246, 168, 244, 112, 168, 254, 116, 7, 166, 111, 94, 167, 98, 254, 31619, 108, 246, 168, 100, 222, 167, 99, 226, 35975, 112, 31619, 235, 242, 23821, 252, 239, 168, 243, 226, 8, 257, 35975, 246, 220, 166, 111, 94, 167, 98, 254, 31619, 108, 246, 168, 100, 222, 167, 99, 226, 167, 111, 112, 46695, 97, 220, 169, 223, 105, 46695, 97, 167, 232, 242, 220, 166, 110, 225, 35975, 112, 23821, 100, 222, 167, 105, 116, 35975, 246, 31619, 224, 112, 168, 248, 102, 35975, 112, 46695, 97, 13, 564, 250, 167, 239, 238, 31619, 45539, 168, 100, 230, 35975, 246, 23821, 226, 254, 169, 246, 243, 23821, 245, 112, 169, 234, 121, 168, 108, 121, 220, 166, 111, 226, 168, 230, 246, 23821, 108, 101, 35975, 112, 166, 108, 222, 220, 169, 223, 105, 166, 109, 108, 167, 224, 246, 23821, 246, 101, 167, 237, 226, 31619, 111, 222, 169, 247, 242, 166, 108, 222, 220, 169, 223, 112, 168, 230, 246, 167, 94, 251, 31619, 251, 254, 166, 108, 222, 31619, 235, 242, 220, 169, 250, 246, 168, 244, 112, 168, 100, 226, 46695, 97, 13, 447, 251, 220, 220, 198, 18, 167, 110, 230, 25, 220, 166, 115, 116, 167, 98, 112, 46695, 97, 13, 31619, 108, 246, 35975, 239, 23821, 247, 226, 167, 96, 234, 23821, 233, 250, 166, 108, 226, 35975, 222, 31619, 251, 254, 35975, 246, 31619, 239, 238, 166, 119, 246, 168, 245, 238, 167, 100, 234, 23821, 251, 246, 168, 94, 112, 47991, 246, 167, 102, 108, 11, 23821, 226, 254, 169, 246, 243, 23821, 245, 112, 169, 234, 121, 168, 108, 121, 220, 166, 111, 226, 168, 230, 246, 23821, 108, 101, 35975, 112, 168, 245, 238, 23821, 251, 246, 47991, 112, 31619, 233, 105, 167, 251, 120, 168, 100, 222, 168, 100, 222, 23821, 243, 232, 167, 232, 242, 46695, 97, 13, 564, 250, 167, 108, 246, 35975, 239, 23821, 247, 226, 167, 96, 234, 23821, 233, 250, 166, 108, 226, 35975, 222, 3926, 31619, 251, 254, 35975, 246, 31619, 239, 238, 166, 119, 246, 166, 108, 222, 23821, 244, 229, 35975, 226, 168, 230, 246, 167, 94, 251, 23821, 100, 100, 46695, 97, 13, 447, 251, 220, 220, 198, 19, 167, 110, 230, 25, 220, 166, 115, 116, 167, 98, 112, 46695, 97, 13, 220, 166, 108, 247, 35975, 222, 23821, 246, 101, 167, 237, 226, 31619, 111, 222, 169, 247, 242, 168, 245, 238, 168, 226, 250, 275, 35975, 246, 23821, 226, 254, 169, 246, 243, 23821, 245, 112, 169, 234, 121, 168, 108, 121, 220, 166, 111, 226, 168, 230, 246, 23821, 108, 101, 35975, 112, 166, 108, 222, 31619, 235, 242, 220, 169, 223, 105, 167, 107, 222, 167, 94, 250, 275, 35975, 246, 23821, 113, 250, 167, 234, 222, 23821, 251, 112, 167, 237, 247, 220, 166, 109, 108, 167, 99, 105, 166, 108, 222, 257, 167, 111, 112, 46695, 97, 220, 169, 223, 105, 46695, 97, 13, 564, 250, 167, 239, 238, 31619, 45539, 168, 100, 230, 35975, 246, 23821, 226, 254, 169, 246, 243, 23821, 245, 112, 169, 234, 121, 168, 108, 121, 220, 166, 111, 226, 168, 230, 246, 23821, 108, 101, 35975, 112, 166, 108, 222, 220, 169, 223, 105, 167, 102, 112, 31619, 251, 254, 166, 108, 222, 31619, 235, 242, 220, 169, 250, 246, 168, 244, 112, 168, 100, 226, 46695, 97, 13, 447, 251, 220, 220, 198, 20, 167, 110, 230, 25, 220, 166, 115, 116, 167, 98, 112, 46695, 97, 13, 257, 166, 108, 222, 31619, 45539, 168, 110, 112, 167, 98, 120, 23821, 252, 94, 168, 250, 120, 167, 254, 97, 167, 102, 112, 31619, 235, 242, 220, 169, 223, 108, 23821, 246, 101, 167, 237, 226, 31619, 111, 222, 169, 247, 242, 166, 108, 222, 220, 47991, 226, 168, 248, 242, 169, 244, 230, 167, 235, 246, 220, 166, 110, 225, 35975, 222, 257, 35975, 246, 220, 169, 250, 101, 31619, 107, 120, 166, 108, 238, 167, 237, 226, 166, 108, 222, 275, 167, 111, 112, 46695, 97, 23821, 252, 239, 166, 116, 108, 31619, 243, 234, 167, 105, 116, 35975, 112, 46695, 97, 13, 564, 250, 169, 250, 101, 31619, 107, 120, 166, 108, 238, 167, 237, 226, 166, 108, 222, 31619, 235, 242, 220, 169, 223, 105, 46695, 97, 167, 232, 242, 220, 166, 110, 225, 35975, 222, 220, 166, 108, 247, 35975, 222, 23821, 246, 101, 167, 237, 226, 31619, 111, 222, 169, 247, 242, 167, 253, 231, 168, 245, 238, 168, 226, 250, 31619, 251, 254, 166, 108, 222, 31619, 235, 242, 23821, 233, 105, 47991, 246, 166, 110, 234, 220, 169, 250, 101, 35975, 226, 23821, 251, 246, 167, 107, 116, 47991, 250, 46695, 97, 13, 447, 251, 220, 220, 198, 198, 168, 113, 250, 168, 95, 227, 23821, 254, 243, 46695, 113, 25, 352, 167, 110, 230]","[0.5, 0.5, 0.5, 0.5, 0.5, 0.5, 0.5, 0.5, 0.5, 0.5, 0.5, 0.5, 0.5, 0.5, 0.5, 0.5, 0.5, 0.5, 0.5, 0.5, 0.5, 0.5, 0.5, 0.5, 0.5, 0.5, 0.5, 0.5, 0.5, 0.5, 0.5, 0.5, 0.5, 0.5, 0.5, 0.5, 0.5, 0.5, 0.5, 0.5, 0.5, 0.5, 0.5, 0.5, 0.5, 0.5, 0.5, 0.5, 0.5, 0.5, 0.5, 0.5, 0.5, 0.5, 0.5, 0.5, 0.5, 0.5, 0.5, 0.5, 0.5, 0.5, 0.5, 0.5, 0.5, 0.5, 0.5, 0.5, 0.5, 0.5, 0.5, 0.5, 0.5, 0.5, 0.5, 0.5, 0.5, 0.5, 0.5, 0.5, 0.5, 0.5, 0.5, 0.5, 0.5, 0.5, 0.5, 0.5, 0.5, 0.5, 0.5, 0.5, 0.5, 0.5, 0.5, 0.5, 0.5, 0.5, 0.5, 0.5, 0.5, 0.5, 0.5, 0.5, 0.5, 0.5, 0.5, 0.5, 0.5, 0.5, 0.5, 0.5, 0.5, 0.5, 0.5, 0.5, 0.5, 0.5, 0.5, 0.5, 0.5, 0.5, 0.5, 0.5, 0.5, 0.5, 0.5, 0.5, 0.5, 0.5, 0.5, 0.5, 0.5, 0.5, 0.5, 0.5, 0.5, 0.5, 0.5, 0.5, 0.5, 0.5, 0.5, 0.5, 0.5, 0.5, 0.5, 0.5, 0.5, 0.5, 0.5, 0.5, 0.5, 0.5, 0.5, 0.5, 0.5, 0.5, 0.5, 0.5, 0.5, 0.5, 0.5, 0.5, 0.5, 0.5, 0.5, 0.5, 0.5, 0.5, 0.5, 0.5, 0.5, 0.5, 0.5, 0.5, 0.5, 0.5, 0.5, 0.5, 0.5, 0.5, 0.5, 0.5, 0.5, 0.5, 0.5, 0.5, 0.5, 0.5, 0.5, 0.5, 0.5, 0.5, 0.5, 0.5, 0.5, 0.5, 0.5, 0.5, 0.5, 0.5, 0.5, 0.5, 0.5, 0.5, 0.5, 0.5, 0.5, 0.5, 0.5, 0.5, 0.5, 0.5, 0.5, 0.5, 0.5, 0.5, 0.5, 0.5, 0.5, 0.5, 0.5, 0.5, 0.5, 0.5, 0.5, 0.5, 0.5, 0.5, 0.5, 0.5, 0.5, 0.5, 0.5, 0.5, 0.5, 0.5, 0.5, 0.5, 0.5, 0.5, 0.5, 0.5, 0.5, 0.5, 0.5, 0.5, 0.5, 0.5, 0.5, 0.5, 0.5, 0.5, 0.5, 0.5, 0.5, 0.5, 0.5, 0.5, 0.5, 0.5, 0.5, 0.5, 0.5, 0.5, 0.5, 0.5, 0.5, 0.5, 0.5, 0.5, 0.5, 0.5, 0.5, 0.5, 0.5, 0.5, 0.5, 0.5, 0.5, 0.5, 0.5, 0.5, 0.5, 0.5, 0.5, 0.5, 0.5, 0.5, 0.5, 0.5, 0.5, 0.5, 0.5, 0.5, 0.5, 0.5, 0.5, 0.5, 0.5, 0.5, 0.5, 0.5, 0.5, 0.5, 0.5, 0.5, 0.5, 0.5, 0.5, 0.5, 0.5, 0.5, 0.5, 0.5, 0.5, 0.5, 0.5, 0.5, 0.5, 0.5, 0.5, 0.5, 0.5, 0.5, 0.5, 0.5, 0.5, 0.5, 0.5, 0.5, 0.5, 0.5, 0.5, 0.5, 0.5, 0.5, 0.5, 0.5, 0.5, 0.5, 0.5, 0.5, 0.5, 0.5, 0.5, 0.5, 0.5, 0.5, 0.5, 0.5, 0.5, 0.5, 0.5, 0.5, 0.5, 0.5, 0.5, 0.5, 0.5, 0.5, 0.5, 0.5, 0.5, 0.5, 0.5, 0.5, 0.5, 0.5, 0.5, 0.5, 0.5, 0.5, 0.5, 0.5, 0.5, 0.5, 0.5, 0.5, 0.5, 0.5, 0.5, 0.5, 0.5, 0.5, 0.5, 0.5, 0.5, 0.5, 0.5, 0.5, 0.5, 0.5, 0.5, 0.5, 0.5, 0.5, 0.5, 0.5, 0.5, 0.5, 0.5, 0.5, 0.5, 0.5, 0.5, 0.5, 0.5, 0.5, 0.5, 0.5, 0.5, 0.5, 0.5, 0.5, 0.5, 0.5, 0.5, 0.5, 0.5, 0.5, 0.5, 0.5, 0.5, 0.5, 0.5, 0.5, 0.5, 0.5, 0.5, 0.5, 0.5, 0.5, 0.5, 0.5, 0.5, 0.5, 0.5, 0.5, 0.5, 0.5, 0.5, 0.5, 0.5, 0.5, 0.5, 0.5, 0.5, 0.5, 0.5, 0.5, 0.5, 0.5, 0.5, 0.5, 0.5, 0.5, 0.5, 0.5, 0.5, 0.5, 0.5, 0.5, 0.5, 0.5, 0.5, 0.5, 0.5, 0.5, 0.5, 0.5, 0.5, 0.5, 0.5, 0.5, 0.5, 0.5, 0.5, 0.5, 0.5, 0.5, 0.5, 0.5, 0.5, 0.5, 0.5, 0.5, 0.5, 0.5, 0.5, 0.5, 0.5, 0.5, 0.5, 0.5, 0.5, 0.5, 0.5, 0.5, 0.5, 0.5, 0.5, 0.5, 0.5, 0.5, 0.5, 0.5, 0.5, 0.5, 0.5, 0.5, 0.5, 0.5, 0.5, 0.5, 0.5, 0.5, 0.5, 0.5, 0.5, 0.5, 0.5, 0.5, 0.5, 0.5, 0.5, 0.5, 0.5, 0.5, 0.5, 0.5, 0.5, 0.5, 0.5, 0.5, 0.5, 0.5, 0.5, 0.5, 0.5, 0.5, 0.5, 0.5, 0.5, 0.5, 0.5, 0.5, 0.5, 0.5, 0.5, 0.5, 0.5, 0.5, 0.5, 0.5, 0.5, 0.5, 0.5, 0.5, 0.5, 0.5, 0.5, 0.5, 0.5, 0.5, 0.5, 0.5, 0.5, 0.5, 0.5, 0.5, 0.5, 0.5, 0.5, 0.5, 0.5, 0.5, 0.5, 0.5, 0.5, 0.5, 0.5, 0.5, 0.5, 0.5, 0.5, 0.5, 0.5, 0.5, 0.5, 0.5, 0.5, 0.5, 0.5, 0.5, 0.5, 0.5, 0.5, 0.5, 0.5, 0.5, 0.5, 0.5, 0.5, 0.5, 0.5, 0.5, 0.5, 0.5, 0.5, 0.5, 0.5, 0.5, 0.5, 0.5, 0.5, 0.5, 0.5, 0.5, 0.5, 0.5, 0.5, 0.5, 0.5, 0.5, 0.5, 0.5, 0.5, 0.5, 0.5, 0.5, 0.5, 0.5, 0.5, 0.5, 0.5, 0.5, 0.5, 0.5, 0.5, 0.5, 0.5, 0.5, 0.5, 0.5, 0.5, 0.5, 0.5, 0.5, 0.5, 0.5, 0.5, 0.5, 0.5, 0.5, 0.5, 0.5, 0.5, 0.5, 0.5, 0.5, 0.5, 0.5, 0.5, 0.5, 0.5, 0.5, 0.5, 0.5, 0.5, 0.5, 0.5, 0.5, 0.5, 0.5, 0.5, 0.5, 0.5, 0.5, 0.5, 0.5, 0.5, 0.5, 0.5, 0.5, 0.5, 0.5, 0.5, 0.5, 0.5, 0.5, 0.5, 0.5, 0.5, 0.5, 0.5, 0.5, 0.5, 0.5, 0.5, 0.5, 0.5, 0.5, 0.5, 0.5, 0.5, 0.5, 0.5, 0.5, 0.5, 0.5, 0.5, 0.5, 0.5, 0.5, 0.5, 0.5, 0.5, 0.5, 0.5, 0.5, 0.5, 0.5, 0.5, 0.5, 0.5, 0.5, 0.5, 0.5, 0.5, 0.5, 0.5, 0.5, 0.5, 0.5, 0.5, 0.5, 0.5, 0.5, 0.5, 0.5, 0.5, 0.5, 0.5, 0.5, 0.5, 0.5, 0.5, 0.5, 0.5, 0.5, 0.5, 0.5, 0.5, 0.5, 0.5, 0.5, 0.5, 0.5, 0.5, 0.5, 0.5, 0.5, 0.5, 0.5, 0.5, 0.5, 0.5, 0.5, 0.5, 0.5, 0.5, 0.5, 0.5, 0.5, 0.5, 0.5, 0.5, 0.5, 0.5, 0.5, 0.5, 0.5, 0.5, 0.5, 0.5, 0.5, 0.5, 0.5, 0.5, 0.5, 0.5, 0.5, 0.5, 0.5, 0.5, 0.5, 0.5, 0.5, 0.5, 0.5, 0.5, 0.5, 0.5, 0.5, 0.5, 0.5, 0.5, 0.5, 0.5, 0.5, 0.5, 0.5, 0.5, 0.5, 0.5, 0.5, 0.5, 0.5, 0.5, 0.5, 0.5, 0.5, 0.5, 0.5, 0.5, 0.5, 0.5, 0.5, 0.5, 0.5, 0.5, 0.5, 0.5, 0.5, 0.5, 0.5, 0.5, 0.5, 0.5, 0.5, 0.5, 0.5, 0.5, 0.5, 0.5, 0.5, 0.5, 0.5, 0.5, 0.5, 0.5, 0.5, 0.5, 0.5, 0.5, 0.5, 0.5, 0.5, 0.5, 0.5, 0.5, 0.5, 0.5, 0.5, 0.5, 0.5, 0.5, 0.5, 0.5, 0.5, 0.5, 0.5, 0.5, 0.5, 0.5, 0.5, 0.5, 0.5, 0.5, 0.5, 0.5, 0.5, 0.5, 0.5, 0.5, 0.5, 0.5, 0.5, 0.5, 0.5, 0.5, 0.5, 0.5, 0.5, 0.5, 0.5, 0.5, 0.5, 0.5, 0.5, 0.5, 0.5, 0.5, 0.5, 0.5, 0.5, 0.5, 0.5, 0.5, 0.5, 0.5, 0.5, 0.5, 0.5, 0.5, 0.5, 0.5, 0.5, 0.5, 0.5, 0.5, 0.5, 0.5, 0.5, 0.5, 0.5, 0.5, 0.5, 0.5, 0.5, 0.5, 0.5, 0.5, 0.5, 0.5, 0.5, 0.5, 0.5, 0.5, 0.5, 0.5, 0.5, 0.5, 0.5, 0.5, 0.5, 0.5, 0.5, 0.5, 0.5, 0.5, 0.5, 0.5, 0.5, 0.5, 0.5, 0.5, 0.5, 0.5, 0.5, 0.5, 0.5, 0.5, 0.5, 0.5, 0.5, 0.5, 0.5, 0.5, 0.5, 0.5, 0.5, 0.5, 0.5, 0.5, 0.5, 0.5, 0.5, 0.5, 0.5, 0.5, 0.5, 0.5, 0.5, 0.5, 0.5, 0.5, 0.5, 0.5, 0.5, 0.5, 0.5, 0.5, 0.5, 0.5, 0.5, 0.5, 0.5, 0.5, 0.5]",3
2026_11_KICE_10-13_3,['1(2)'],"1번: 적절하다. ⓐ는 ‘값을 얻는’ 의미로, “길이의 변화량을 처음 길이로 나누어 얻는 값”과 같고, ⓑ는 ‘원래 상태로 돌아간다’는 의미로, “다시 처음의 온도로 내리면 띠는 원래 모양으로 돌아온다”와 같다.  
2번: 부적절하다. ⓑ의 “차례가 돌아온다”는 순환적으로 ‘다시 차례가 차례차례 이어진다’는 의미여서 ‘원래 상태로 돌아간다’와 다르다.  
3번: 부적절하다. ⓑ의 “먼 길로 돌아왔다”는 ‘돌아오다’의 ‘경로를 거쳐 돌아오다’ 뜻으로, ‘원래 상태로 되돌아간다’와 결이 다르다.  
4번: 부적절하다. ⓑ의 “모임이 한 달에 한 번씩 돌아온다”는 ‘재차 반복되어 일어난다’는 의미여서 ‘본래 상태로 복귀한다’와 다르다.  
5번: 부적절하다. ⓑ의 “돈이 몫으로 돌아왔다”는 ‘되돌아가다’의 수동적·비유적 용법으로, ‘원래 상태로 회복된다’와 다르다.  
최종 정답: 1번","[16, 167, 110, 230, 25, 23821, 254, 223, 168, 254, 230, 47991, 246, 46695, 97, 13, 2343, 241, 238, 167, 232, 242, 564, 246, 166, 108, 240, 35975, 226, 23821, 244, 119, 167, 232, 242, 447, 247, 23821, 251, 246, 167, 107, 116, 167, 94, 250, 11, 564, 250, 166, 116, 116, 35975, 112, 35975, 246, 31619, 111, 222, 169, 247, 242, 167, 253, 231, 35975, 226, 23821, 110, 246, 35975, 234, 220, 166, 116, 116, 35975, 112, 167, 94, 250, 31619, 224, 246, 167, 230, 226, 168, 244, 112, 23821, 244, 119, 167, 232, 242, 220, 166, 108, 240, 447, 251, 166, 111, 120, 220, 166, 108, 247, 166, 111, 254, 11, 2343, 241, 239, 167, 232, 242, 564, 246, 168, 249, 238, 167, 252, 246, 23821, 225, 223, 169, 225, 250, 167, 94, 250, 31619, 237, 234, 168, 243, 226, 166, 108, 226, 46695, 97, 447, 247, 167, 232, 242, 23821, 251, 246, 167, 107, 116, 167, 94, 250, 11, 564, 250, 46695, 97, 168, 233, 250, 23821, 110, 246, 35975, 234, 35975, 246, 23821, 246, 101, 167, 237, 226, 167, 94, 250, 31619, 224, 112, 167, 99, 105, 167, 102, 112, 31619, 251, 254, 167, 232, 242, 23821, 249, 238, 167, 252, 246, 31619, 103, 101, 168, 244, 239, 168, 250, 120, 167, 94, 250, 31619, 237, 234, 168, 243, 226, 168, 246, 101, 46695, 97, 447, 251, 168, 247, 222, 220, 166, 108, 247, 46695, 97, 13, 220, 220, 198, 17, 167, 110, 230, 25, 31619, 114, 222, 168, 254, 223, 168, 254, 230, 47991, 246, 46695, 97, 13, 2343, 241, 239, 35975, 246, 564, 250, 168, 108, 101, 167, 94, 222, 166, 108, 222, 31619, 237, 234, 168, 243, 226, 168, 246, 101, 46695, 97, 447, 251, 167, 232, 242, 23821, 230, 250, 169, 247, 246, 168, 254, 223, 168, 250, 120, 167, 94, 250, 564, 246, 46695, 97, 168, 233, 250, 23821, 108, 101, 167, 94, 222, 166, 108, 222, 23821, 108, 101, 167, 94, 222, 168, 108, 101, 167, 94, 222, 23821, 251, 112, 168, 244, 112, 168, 100, 226, 46695, 97, 447, 247, 167, 232, 242, 23821, 251, 246, 167, 107, 116, 168, 245, 105, 168, 226, 250, 564, 246, 168, 249, 238, 167, 252, 246, 23821, 225, 223, 169, 225, 250, 167, 94, 250, 31619, 237, 234, 168, 243, 226, 166, 108, 226, 46695, 97, 447, 247, 168, 247, 222, 31619, 233, 97, 167, 98, 112, 46695, 97, 13, 220, 220, 198, 18, 167, 110, 230, 25, 31619, 114, 222, 168, 254, 223, 168, 254, 230, 47991, 246, 46695, 97, 13, 2343, 241, 239, 35975, 246, 564, 250, 167, 101, 120, 220, 166, 116, 116, 167, 94, 250, 31619, 237, 234, 168, 243, 226, 168, 247, 242, 46695, 97, 447, 251, 167, 232, 242, 564, 246, 167, 237, 234, 168, 243, 226, 168, 246, 97, 46695, 97, 447, 247, 35975, 246, 564, 246, 166, 110, 121, 167, 94, 250, 167, 98, 120, 220, 166, 109, 108, 168, 111, 238, 31619, 237, 234, 168, 243, 226, 168, 246, 97, 46695, 97, 447, 247, 31619, 250, 119, 168, 250, 120, 167, 94, 250, 11, 564, 246, 168, 249, 238, 167, 252, 246, 23821, 225, 223, 169, 225, 250, 167, 94, 250, 31619, 238, 246, 167, 237, 234, 168, 243, 226, 166, 108, 226, 46695, 97, 447, 247, 168, 247, 222, 220, 166, 110, 108, 35975, 112, 31619, 233, 97, 167, 98, 112, 46695, 97, 13, 220, 220, 198, 19, 167, 110, 230, 25, 31619, 114, 222, 168, 254, 223, 168, 254, 230, 47991, 246, 46695, 97, 13, 2343, 241, 239, 35975, 246, 564, 250, 167, 103, 101, 168, 252, 226, 35975, 112, 220, 47991, 250, 31619, 233, 105, 168, 245, 238, 220, 47991, 250, 31619, 110, 230, 168, 242, 102, 31619, 237, 234, 168, 243, 226, 168, 246, 101, 46695, 97, 447, 251, 167, 232, 242, 564, 246, 168, 252, 105, 168, 108, 101, 31619, 108, 246, 167, 111, 113, 167, 238, 246, 168, 244, 112, 23821, 251, 120, 168, 244, 112, 167, 224, 250, 46695, 97, 447, 247, 167, 232, 242, 23821, 251, 246, 167, 107, 116, 168, 245, 105, 168, 226, 250, 564, 246, 167, 111, 116, 167, 252, 246, 23821, 225, 223, 169, 225, 250, 167, 94, 250, 31619, 111, 113, 166, 115, 222, 47991, 250, 46695, 97, 447, 247, 168, 247, 222, 31619, 233, 97, 167, 98, 112, 46695, 97, 13, 220, 220, 198, 20, 167, 110, 230, 25, 31619, 114, 222, 168, 254, 223, 168, 254, 230, 47991, 246, 46695, 97, 13, 2343, 241, 239, 35975, 246, 564, 250, 167, 237, 230, 35975, 112, 31619, 103, 104, 168, 250, 120, 167, 94, 250, 31619, 237, 234, 168, 243, 226, 168, 247, 242, 46695, 97, 447, 251, 167, 232, 242, 564, 246, 167, 238, 246, 167, 237, 234, 168, 243, 226, 166, 108, 222, 46695, 97, 447, 247, 35975, 246, 23821, 230, 246, 167, 237, 247, 168, 254, 223, 9129, 167, 117, 226, 168, 250, 254, 168, 254, 223, 23821, 248, 102, 167, 110, 243, 168, 250, 120, 167, 94, 250, 11, 564, 246, 168, 249, 238, 167, 252, 246, 23821, 225, 223, 169, 225, 250, 167, 94, 250, 220, 169, 248, 234, 167, 111, 113, 167, 238, 250, 46695, 97, 447, 247, 168, 247, 222, 31619, 233, 97, 167, 98, 112, 46695, 97, 13, 220, 220, 198, 168, 113, 250, 168, 95, 227, 23821, 254, 243, 46695, 113, 25, 352, 167, 110, 230]","[0.5, 0.5, 0.5, 0.5, 0.5, 0.5, 0.5, 0.5, 0.5, 0.5, 0.5, 0.5, 0.5, 0.5, 0.5, 0.5, 0.5, 0.5, 0.5, 0.5, 0.5, 0.5, 0.5, 0.5, 0.5, 0.5, 0.5, 0.5, 0.5, 0.5, 0.5, 0.5, 0.5, 0.5, 0.5, 0.5, 0.5, 0.5, 0.5, 0.5, 0.5, 0.5, 0.5, 0.5, 0.5, 0.5, 0.5, 0.5, 0.5, 0.5, 0.5, 0.5, 0.5, 0.5, 0.5, 0.5, 0.5, 0.5, 0.5, 0.5, 0.5, 0.5, 0.5, 0.5, 0.5, 0.5, 0.5, 0.5, 0.5, 0.5, 0.5, 0.5, 0.5, 0.5, 0.5, 0.5, 0.5, 0.5, 0.5, 0.5, 0.5, 0.5, 0.5, 0.5, 0.5, 0.5, 0.5, 0.5, 0.5, 0.5, 0.5, 0.5, 0.5, 0.5, 0.5, 0.5, 0.5, 0.5, 0.5, 0.5, 0.5, 0.5, 0.5, 0.5, 0.5, 0.5, 0.5, 0.5, 0.5, 0.5, 0.5, 0.5, 0.5, 0.5, 0.5, 0.5, 0.5, 0.5, 0.5, 0.5, 0.5, 0.5, 0.5, 0.5, 0.5, 0.5, 0.5, 0.5, 0.5, 0.5, 0.5, 0.5, 0.5, 0.5, 0.5, 0.5, 0.5, 0.5, 0.5, 0.5, 0.5, 0.5, 0.5, 0.5, 0.5, 0.5, 0.5, 0.5, 0.5, 0.5, 0.5, 0.5, 0.5, 0.5, 0.5, 0.5, 0.5, 0.5, 0.5, 0.5, 0.5, 0.5, 0.5, 0.5, 0.5, 0.5, 0.5, 0.5, 0.5, 0.5, 0.5, 0.5, 0.5, 0.5, 0.5, 0.5, 0.5, 0.5, 0.5, 0.5, 0.5, 0.5, 0.5, 0.5, 0.5, 0.5, 0.5, 0.5, 0.5, 0.5, 0.5, 0.5, 0.5, 0.5, 0.5, 0.5, 0.5, 0.5, 0.5, 0.5, 0.5, 0.5, 0.5, 0.5, 0.5, 0.5, 0.5, 0.5, 0.5, 0.5, 0.5, 0.5, 0.5, 0.5, 0.5, 0.5, 0.5, 0.5, 0.5, 0.5, 0.5, 0.5, 0.5, 0.5, 0.5, 0.5, 0.5, 0.5, 0.5, 0.5, 0.5, 0.5, 0.5, 0.5, 0.5, 0.5, 0.5, 0.5, 0.5, 0.5, 0.5, 0.5, 0.5, 0.5, 0.5, 0.5, 0.5, 0.5, 0.5, 0.5, 0.5, 0.5, 0.5, 0.5, 0.5, 0.5, 0.5, 0.5, 0.5, 0.5, 0.5, 0.5, 0.5, 0.5, 0.5, 0.5, 0.5, 0.5, 0.5, 0.5, 0.5, 0.5, 0.5, 0.5, 0.5, 0.5, 0.5, 0.5, 0.5, 0.5, 0.5, 0.5, 0.5, 0.5, 0.5, 0.5, 0.5, 0.5, 0.5, 0.5, 0.5, 0.5, 0.5, 0.5, 0.5, 0.5, 0.5, 0.5, 0.5, 0.5, 0.5, 0.5, 0.5, 0.5, 0.5, 0.5, 0.5, 0.5, 0.5, 0.5, 0.5, 0.5, 0.5, 0.5, 0.5, 0.5, 0.5, 0.5, 0.5, 0.5, 0.5, 0.5, 0.5, 0.5, 0.5, 0.5, 0.5, 0.5, 0.5, 0.5, 0.5, 0.5, 0.5, 0.5, 0.5, 0.5, 0.5, 0.5, 0.5, 0.5, 0.5, 0.5, 0.5, 0.5, 0.5, 0.5, 0.5, 0.5, 0.5, 0.5, 0.5, 0.5, 0.5, 0.5, 0.5, 0.5, 0.5, 0.5, 0.5, 0.5, 0.5, 0.5, 0.5, 0.5, 0.5, 0.5, 0.5, 0.5, 0.5, 0.5, 0.5, 0.5, 0.5, 0.5, 0.5, 0.5, 0.5, 0.5, 0.5, 0.5, 0.5, 0.5, 0.5, 0.5, 0.5, 0.5, 0.5, 0.5, 0.5, 0.5, 0.5, 0.5, 0.5, 0.5, 0.5, 0.5, 0.5, 0.5, 0.5, 0.5, 0.5, 0.5, 0.5, 0.5, 0.5, 0.5, 0.5, 0.5, 0.5, 0.5, 0.5, 0.5, 0.5, 0.5, 0.5, 0.5, 0.5, 0.5, 0.5, 0.5, 0.5, 0.5, 0.5, 0.5, 0.5, 0.5, 0.5, 0.5, 0.5, 0.5, 0.5, 0.5, 0.5, 0.5, 0.5, 0.5, 0.5, 0.5, 0.5, 0.5, 0.5, 0.5, 0.5, 0.5, 0.5, 0.5, 0.5, 0.5, 0.5, 0.5, 0.5, 0.5, 0.5, 0.5, 0.5, 0.5, 0.5, 0.5, 0.5, 0.5, 0.5, 0.5, 0.5, 0.5, 0.5, 0.5, 0.5, 0.5, 0.5, 0.5, 0.5, 0.5, 0.5, 0.5, 0.5, 0.5, 0.5, 0.5, 0.5, 0.5, 0.5, 0.5, 0.5, 0.5, 0.5, 0.5, 0.5, 0.5, 0.5, 0.5, 0.5, 0.5, 0.5, 0.5, 0.5, 0.5, 0.5, 0.5, 0.5, 0.5, 0.5, 0.5, 0.5, 0.5, 0.5, 0.5, 0.5, 0.5, 0.5, 0.5, 0.5, 0.5, 0.5, 0.5, 0.5, 0.5, 0.5, 0.5, 0.5, 0.5, 0.5, 0.5, 0.5, 0.5, 0.5, 0.5, 0.5, 0.5, 0.5, 0.5, 0.5, 0.5, 0.5, 0.5, 0.5, 0.5, 0.5, 0.5, 0.5, 0.5, 0.5, 0.5, 0.5, 0.5, 0.5, 0.5, 0.5, 0.5, 0.5, 0.5, 0.5, 0.5, 0.5, 0.5, 0.5, 0.5, 0.5, 0.5, 0.5, 0.5, 0.5, 0.5, 0.5, 0.5, 0.5, 0.5, 0.5, 0.5, 0.5, 0.5, 0.5, 0.5, 0.5, 0.5, 0.5, 0.5, 0.5, 0.5, 0.5, 0.5, 0.5, 0.5, 0.5, 0.5, 0.5, 0.5, 0.5, 0.5, 0.5, 0.5, 0.5, 0.5, 0.5, 0.5, 0.5, 0.5, 0.5, 0.5, 0.5, 0.5, 0.5, 0.5, 0.5, 0.5, 0.5, 0.5, 0.5, 0.5, 0.5, 0.5, 0.5, 0.5, 0.5, 0.5, 0.5, 0.5, 0.5, 0.5, 0.5, 0.5, 0.5, 0.5, 0.5, 0.5, 0.5, 0.5, 0.5, 0.5, 0.5, 0.5, 0.5, 0.5, 0.5, 0.5, 0.5, 0.5, 0.5, 0.5, 0.5, 0.5, 0.5, 0.5, 0.5, 0.5, 0.5, 0.5, 0.5, 0.5, 0.5, 0.5, 0.5, 0.5, 0.5, 0.5, 0.5, 0.5, 0.5, 0.5, 0.5, 0.5, 0.5, 0.5, 0.5, 0.5, 0.5, 0.5, 0.5, 0.5, 0.5, 0.5, 0.5, 0.5, 0.5, 0.5, 0.5, 0.5, 0.5, 0.5, 0.5, 0.5, 0.5, 0.5, 0.5, 0.5, 0.5, 0.5, 0.5, 0.5, 0.5, 0.5, 0.5, 0.5, 0.5, 0.5, 0.5, 0.5, 0.5, 0.5, 0.5, 0.5, 0.5, 0.5, 0.5, 0.5, 0.5, 0.5, 0.5, 0.5, 0.5, 0.5, 0.5, 0.5, 0.5, 0.5, 0.5, 0.5, 0.5, 0.5, 0.5, 0.5, 0.5, 0.5, 0.5, 0.5, 0.5, 0.5, 0.5, 0.5, 0.5, 0.5, 0.5, 0.5, 0.5, 0.5, 0.5, 0.5, 0.5, 0.5, 0.5, 0.5, 0.5, 0.5, 0.5, 0.5, 0.5, 0.5, 0.5, 0.5, 0.5, 0.5, 0.5, 0.5, 0.5, 0.5, 0.5, 0.5, 0.5, 0.5, 0.5, 0.5, 0.5, 0.5, 0.5, 0.5, 0.5, 0.5, 0.5, 0.5, 0.5, 0.5, 0.5, 0.5, 0.5, 0.5, 0.5, 0.5, 0.5, 0.5, 0.5, 0.5, 0.5, 0.5, 0.5, 0.5, 0.5, 0.5, 0.5, 0.5, 0.5, 0.5, 0.5, 0.5, 0.5, 0.5, 0.5, 0.5, 0.5, 0.5, 0.5, 0.5, 0.5, 0.5, 0.5, 0.5, 0.5, 0.5, 0.5, 0.5, 0.5, 0.5, 0.5, 0.5, 0.5, 0.5, 0.5, 0.5, 0.5, 0.5, 0.5, 0.5, 0.5, 0.5, 0.5, 0.5, 0.5, 0.5, 0.5, 0.5, 0.5, 0.5, 0.5, 0.5, 0.5, 0.5, 0.5, 0.5, 0.5, 0.5, 0.5, 0.5, 0.5, 0.5, 0.5, 0.5, 0.5, 0.5, 0.5, 0.5, 0.5, 0.5, 0.5, 0.5, 0.5, 0.5, 0.5, 0.5, 0.5, 0.5, 0.5, 0.5, 0.5, 0.5, 0.5, 0.5, 0.5, 0.5, 0.5, 0.5, 0.5, 0.5, 0.5, 0.5, 0.5, 0.5, 0.5, 0.5, 0.5, 0.5, 0.5, 0.5, 0.5, 0.5, 0.5, 0.5, 0.5, 0.5, 0.5, 0.5, 0.5, 0.5, 0.5, 0.5, 0.5, 0.5, 0.5, 0.5, 0.5, 0.5, 0.5, 0.5, 0.5, 0.5, 0.5, 0.5, 0.5]",2
2026_11_KICE_14-17_0,['5(2)'],"1번: 일치하지 않는다. “자기의식은 ‘영혼의 실재함’을 보장하지 않고, ‘영혼이 실재할 가능성’을 열어둘 뿐이다.”  
2번: 일치하지 않는다. “생각의 구성은 시간의 흐름을 따르는데, 이러한 구성은 통시적으로 동일한 인격을 반드시 필요로 한다.”  
3번: 일치하지 않는다. “자기의식도 마찬가지로 경험에 의존하기에, 자기의식이 인식을 가능하게 하는 조건이라는 칸트의 견해는 잘못이라는 것이다.”  
4번: 일치한다. “스트로슨에 따르면, 시공간적 세계 안에서 우리의 신체를 매개로 대상이 경험된다는 것은 과학적 사실이며…”  
5번: 일치한다. “그러려면 신체가 있고 살아 있어야 하므로, 인격의 동일성의 기준은 …신체라고 롱게네스는 주장한다.”  

최종 정답: 2번","[16, 167, 110, 230, 25, 23821, 251, 120, 168, 117, 246, 47991, 246, 168, 100, 222, 23821, 243, 232, 167, 232, 242, 46695, 97, 13, 564, 250, 168, 252, 238, 166, 116, 108, 35975, 246, 168, 233, 251, 35975, 222, 564, 246, 168, 246, 223, 169, 246, 120, 35975, 246, 23821, 233, 97, 168, 252, 105, 47991, 101, 447, 247, 35975, 226, 31619, 111, 112, 168, 252, 98, 47991, 246, 168, 100, 222, 23821, 243, 232, 166, 111, 254, 11, 564, 246, 168, 246, 223, 169, 246, 120, 35975, 112, 23821, 233, 97, 168, 252, 105, 47991, 254, 220, 166, 108, 222, 167, 232, 98, 168, 226, 109, 447, 247, 35975, 226, 23821, 245, 112, 168, 244, 112, 167, 239, 246, 31619, 123, 238, 35975, 112, 46695, 97, 13, 447, 251, 220, 220, 198, 17, 167, 110, 230, 25, 23821, 251, 120, 168, 117, 246, 47991, 246, 168, 100, 222, 23821, 243, 232, 167, 232, 242, 46695, 97, 13, 564, 250, 168, 225, 251, 166, 108, 223, 35975, 246, 220, 166, 113, 105, 168, 226, 109, 35975, 222, 23821, 233, 250, 166, 108, 226, 35975, 246, 220, 169, 251, 238, 167, 99, 226, 35975, 226, 31619, 242, 108, 167, 98, 112, 167, 232, 242, 167, 235, 108, 11, 23821, 251, 112, 167, 253, 105, 47991, 250, 220, 166, 113, 105, 168, 226, 109, 35975, 222, 220, 169, 228, 113, 168, 233, 250, 168, 254, 223, 168, 250, 120, 167, 94, 250, 31619, 237, 247, 35975, 120, 47991, 250, 23821, 251, 116, 166, 110, 102, 35975, 226, 31619, 108, 246, 167, 241, 250, 168, 233, 250, 220, 47991, 226, 168, 248, 242, 167, 94, 250, 220, 47991, 250, 46695, 97, 13, 447, 251, 220, 220, 198, 18, 167, 110, 230, 25, 23821, 251, 120, 168, 117, 246, 47991, 246, 168, 100, 222, 23821, 243, 232, 167, 232, 242, 46695, 97, 13, 564, 250, 168, 252, 238, 166, 116, 108, 35975, 246, 168, 233, 251, 167, 237, 226, 31619, 100, 230, 168, 108, 105, 166, 108, 222, 168, 100, 222, 167, 94, 250, 220, 166, 110, 121, 169, 245, 246, 168, 245, 238, 23821, 251, 246, 168, 94, 112, 47991, 246, 166, 116, 108, 168, 245, 238, 11, 23821, 252, 238, 166, 116, 108, 35975, 246, 168, 233, 251, 35975, 112, 23821, 251, 116, 168, 233, 251, 35975, 226, 220, 166, 108, 222, 167, 232, 98, 47991, 246, 166, 110, 234, 220, 47991, 246, 167, 232, 242, 23821, 94, 108, 166, 109, 112, 35975, 112, 167, 251, 120, 167, 232, 242, 23821, 117, 116, 169, 232, 116, 35975, 246, 220, 166, 110, 105, 47991, 112, 167, 232, 242, 23821, 252, 246, 167, 103, 119, 35975, 112, 167, 251, 120, 167, 232, 242, 220, 166, 110, 225, 35975, 112, 46695, 97, 13, 447, 251, 220, 220, 198, 19, 167, 110, 230, 25, 23821, 251, 120, 168, 117, 246, 47991, 250, 46695, 97, 13, 564, 250, 168, 232, 97, 169, 232, 116, 167, 94, 250, 168, 232, 101, 168, 245, 238, 31619, 242, 108, 167, 98, 112, 167, 102, 112, 11, 23821, 233, 250, 166, 111, 113, 166, 108, 226, 168, 254, 223, 23821, 226, 116, 166, 111, 226, 23821, 243, 230, 168, 245, 238, 168, 226, 250, 23821, 248, 108, 167, 99, 105, 35975, 246, 23821, 233, 254, 168, 110, 112, 167, 98, 120, 31619, 100, 97, 166, 108, 250, 167, 94, 250, 31619, 234, 222, 168, 225, 223, 35975, 112, 220, 166, 110, 121, 169, 245, 246, 167, 238, 250, 46695, 97, 167, 232, 242, 220, 166, 110, 225, 35975, 222, 220, 166, 111, 120, 47991, 247, 168, 254, 223, 23821, 8955, 168, 233, 97, 35975, 112, 167, 102, 108, 1399, 447, 251, 220, 220, 198, 20, 167, 110, 230, 25, 23821, 251, 120, 168, 117, 246, 47991, 250, 46695, 97, 13, 564, 250, 166, 115, 116, 167, 253, 105, 167, 254, 97, 167, 102, 112, 23821, 233, 254, 168, 110, 112, 166, 108, 222, 23821, 252, 230, 166, 111, 254, 23821, 224, 112, 168, 243, 226, 23821, 252, 230, 168, 244, 112, 168, 243, 120, 220, 47991, 246, 167, 107, 222, 167, 94, 250, 11, 23821, 251, 116, 166, 110, 102, 35975, 246, 31619, 237, 247, 35975, 120, 168, 226, 109, 35975, 246, 220, 166, 116, 108, 168, 97, 222, 35975, 222, 3926, 168, 233, 254, 168, 110, 112, 167, 251, 120, 166, 111, 254, 31619, 94, 109, 166, 110, 234, 167, 226, 97, 168, 232, 97, 167, 232, 242, 23821, 96, 120, 168, 252, 98, 47991, 250, 46695, 97, 13, 447, 251, 220, 220, 198, 198, 168, 113, 250, 168, 95, 227, 23821, 254, 243, 46695, 113, 25, 362, 167, 110, 230]","[0.5, 0.5, 0.5, 0.5, 0.5, 0.5, 0.5, 0.5, 0.5, 0.5, 0.5, 0.5, 0.5, 0.5, 0.5, 0.5, 0.5, 0.5, 0.5, 0.5, 0.5, 0.5, 0.5, 0.5, 0.5, 0.5, 0.5, 0.5, 0.5, 0.5, 0.5, 0.5, 0.5, 0.5, 0.5, 0.5, 0.5, 0.5, 0.5, 0.5, 0.5, 0.5, 0.5, 0.5, 0.5, 0.5, 0.5, 0.5, 0.5, 0.5, 0.5, 0.5, 0.5, 0.5, 0.5, 0.5, 0.5, 0.5, 0.5, 0.5, 0.5, 0.5, 0.5, 0.5, 0.5, 0.5, 0.5, 0.5, 0.5, 0.5, 0.5, 0.5, 0.5, 0.5, 0.5, 0.5, 0.5, 0.5, 0.5, 0.5, 0.5, 0.5, 0.5, 0.5, 0.5, 0.5, 0.5, 0.5, 0.5, 0.5, 0.5, 0.5, 0.5, 0.5, 0.5, 0.5, 0.5, 0.5, 0.5, 0.5, 0.5, 0.5, 0.5, 0.5, 0.5, 0.5, 0.5, 0.5, 0.5, 0.5, 0.5, 0.5, 0.5, 0.5, 0.5, 0.5, 0.5, 0.5, 0.5, 0.5, 0.5, 0.5, 0.5, 0.5, 0.5, 0.5, 0.5, 0.5, 0.5, 0.5, 0.5, 0.5, 0.5, 0.5, 0.5, 0.5, 0.5, 0.5, 0.5, 0.5, 0.5, 0.5, 0.5, 0.5, 0.5, 0.5, 0.5, 0.5, 0.5, 0.5, 0.5, 0.5, 0.5, 0.5, 0.5, 0.5, 0.5, 0.5, 0.5, 0.5, 0.5, 0.5, 0.5, 0.5, 0.5, 0.5, 0.5, 0.5, 0.5, 0.5, 0.5, 0.5, 0.5, 0.5, 0.5, 0.5, 0.5, 0.5, 0.5, 0.5, 0.5, 0.5, 0.5, 0.5, 0.5, 0.5, 0.5, 0.5, 0.5, 0.5, 0.5, 0.5, 0.5, 0.5, 0.5, 0.5, 0.5, 0.5, 0.5, 0.5, 0.5, 0.5, 0.5, 0.5, 0.5, 0.5, 0.5, 0.5, 0.5, 0.5, 0.5, 0.5, 0.5, 0.5, 0.5, 0.5, 0.5, 0.5, 0.5, 0.5, 0.5, 0.5, 0.5, 0.5, 0.5, 0.5, 0.5, 0.5, 0.5, 0.5, 0.5, 0.5, 0.5, 0.5, 0.5, 0.5, 0.5, 0.5, 0.5, 0.5, 0.5, 0.5, 0.5, 0.5, 0.5, 0.5, 0.5, 0.5, 0.5, 0.5, 0.5, 0.5, 0.5, 0.5, 0.5, 0.5, 0.5, 0.5, 0.5, 0.5, 0.5, 0.5, 0.5, 0.5, 0.5, 0.5, 0.5, 0.5, 0.5, 0.5, 0.5, 0.5, 0.5, 0.5, 0.5, 0.5, 0.5, 0.5, 0.5, 0.5, 0.5, 0.5, 0.5, 0.5, 0.5, 0.5, 0.5, 0.5, 0.5, 0.5, 0.5, 0.5, 0.5, 0.5, 0.5, 0.5, 0.5, 0.5, 0.5, 0.5, 0.5, 0.5, 0.5, 0.5, 0.5, 0.5, 0.5, 0.5, 0.5, 0.5, 0.5, 0.5, 0.5, 0.5, 0.5, 0.5, 0.5, 0.5, 0.5, 0.5, 0.5, 0.5, 0.5, 0.5, 0.5, 0.5, 0.5, 0.5, 0.5, 0.5, 0.5, 0.5, 0.5, 0.5, 0.5, 0.5, 0.5, 0.5, 0.5, 0.5, 0.5, 0.5, 0.5, 0.5, 0.5, 0.5, 0.5, 0.5, 0.5, 0.5, 0.5, 0.5, 0.5, 0.5, 0.5, 0.5, 0.5, 0.5, 0.5, 0.5, 0.5, 0.5, 0.5, 0.5, 0.5, 0.5, 0.5, 0.5, 0.5, 0.5, 0.5, 0.5, 0.5, 0.5, 0.5, 0.5, 0.5, 0.5, 0.5, 0.5, 0.5, 0.5, 0.5, 0.5, 0.5, 0.5, 0.5, 0.5, 0.5, 0.5, 0.5, 0.5, 0.5, 0.5, 0.5, 0.5, 0.5, 0.5, 0.5, 0.5, 0.5, 0.5, 0.5, 0.5, 0.5, 0.5, 0.5, 0.5, 0.5, 0.5, 0.5, 0.5, 0.5, 0.5, 0.5, 0.5, 0.5, 0.5, 0.5, 0.5, 0.5, 0.5, 0.5, 0.5, 0.5, 0.5, 0.5, 0.5, 0.5, 0.5, 0.5, 0.5, 0.5, 0.5, 0.5, 0.5, 0.5, 0.5, 0.5, 0.5, 0.5, 0.5, 0.5, 0.5, 0.5, 0.5, 0.5, 0.5, 0.5, 0.5, 0.5, 0.5, 0.5, 0.5, 0.5, 0.5, 0.5, 0.5, 0.5, 0.5, 0.5, 0.5, 0.5, 0.5, 0.5, 0.5, 0.5, 0.5, 0.5, 0.5, 0.5, 0.5, 0.5, 0.5, 0.5, 0.5, 0.5, 0.5, 0.5, 0.5, 0.5, 0.5, 0.5, 0.5, 0.5, 0.5, 0.5, 0.5, 0.5, 0.5, 0.5, 0.5, 0.5, 0.5, 0.5, 0.5, 0.5, 0.5, 0.5, 0.5, 0.5, 0.5, 0.5, 0.5, 0.5, 0.5, 0.5, 0.5, 0.5, 0.5, 0.5, 0.5, 0.5, 0.5, 0.5, 0.5, 0.5, 0.5, 0.5, 0.5, 0.5, 0.5, 0.5, 0.5, 0.5, 0.5, 0.5, 0.5, 0.5, 0.5, 0.5, 0.5, 0.5, 0.5, 0.5, 0.5, 0.5, 0.5, 0.5, 0.5, 0.5, 0.5, 0.5, 0.5, 0.5, 0.5, 0.5, 0.5, 0.5, 0.5, 0.5, 0.5, 0.5, 0.5, 0.5, 0.5, 0.5, 0.5, 0.5, 0.5, 0.5, 0.5, 0.5, 0.5, 0.5, 0.5, 0.5, 0.5, 0.5, 0.5, 0.5, 0.5, 0.5, 0.5, 0.5, 0.5, 0.5, 0.5, 0.5, 0.5, 0.5, 0.5, 0.5, 0.5, 0.5, 0.5, 0.5, 0.5, 0.5, 0.5, 0.5, 0.5, 0.5, 0.5, 0.5, 0.5, 0.5, 0.5, 0.5, 0.5, 0.5, 0.5, 0.5, 0.5, 0.5, 0.5, 0.5, 0.5, 0.5, 0.5, 0.5, 0.5, 0.5, 0.5, 0.5, 0.5, 0.5, 0.5, 0.5, 0.5, 0.5, 0.5, 0.5, 0.5, 0.5, 0.5, 0.5, 0.5, 0.5, 0.5, 0.5, 0.5, 0.5, 0.5, 0.5, 0.5, 0.5, 0.5, 0.5, 0.5, 0.5, 0.5, 0.5, 0.5, 0.5, 0.5, 0.5, 0.5, 0.5, 0.5, 0.5, 0.5, 0.5, 0.5, 0.5, 0.5, 0.5, 0.5, 0.5, 0.5, 0.5, 0.5, 0.5, 0.5, 0.5, 0.5, 0.5, 0.5, 0.5, 0.5, 0.5, 0.5, 0.5, 0.5, 0.5, 0.5, 0.5, 0.5, 0.5, 0.5, 0.5, 0.5, 0.5, 0.5, 0.5, 0.5, 0.5, 0.5, 0.5, 0.5, 0.5, 0.5, 0.5, 0.5, 0.5, 0.5, 0.5, 0.5, 0.5, 0.5, 0.5, 0.5, 0.5, 0.5, 0.5, 0.5, 0.5, 0.5, 0.5, 0.5, 0.5, 0.5, 0.5, 0.5, 0.5, 0.5, 0.5, 0.5, 0.5, 0.5, 0.5, 0.5, 0.5, 0.5, 0.5, 0.5, 0.5, 0.5, 0.5, 0.5, 0.5, 0.5, 0.5, 0.5, 0.5, 0.5, 0.5, 0.5, 0.5, 0.5, 0.5, 0.5, 0.5, 0.5, 0.5, 0.5, 0.5, 0.5, 0.5, 0.5, 0.5, 0.5, 0.5, 0.5, 0.5, 0.5, 0.5, 0.5, 0.5, 0.5, 0.5, 0.5, 0.5, 0.5, 0.5, 0.5, 0.5, 0.5, 0.5, 0.5, 0.5, 0.5]",0
2026_11_KICE_14-17_1,['1(2)'],"1번: 두 전제의 ‘의식’ 개념은, 첫 번째 전제에서 실제로 존재하는 무언가를 대상으로 의식하는 것을 뜻하지만, 두 번째 전제에서의 ‘의식’은 실재를 보장하지 않는다는 점에서 다르다. (지문 속 근거 문장: “첫 번째 전제에 등장하는 ‘의식’은 실제로 존재하는 무언가에 대해 의식한다는 뜻이지만, ‘생각하는 나는 생각한다.’와 다름없는 두 번째 전제에 등장하는 ‘의식’은 무언가가 꼭 실재함을 뜻하지는 않기 때문이다.”)

2번: 아니다. [A]에서는 ‘복수의 주관이 동일한 인격으로 인식된다’는 가정에 대한 반박을 다루지 않는다. (지문 속 근거 문장: “칸트는 ‘시간의 흐름 속에서 스스로의 동일성을 의식하는 것은 인격이다.’와 ‘영혼이 자기의식을 한다.’라는 두 전제 모두 납득할 수 있다고 보지만,”)

3번: 아니다. [A]에서는 ‘영혼이 실재할 가능성이 열려 있다는 견해’가 왜 납득하기 어려운지 근거를 제시하지 않는다. (지문 속 근거 문장: “두 번째 전제에 등장하는 ‘의식’은 무언가가 꼭 실재함을 뜻하지는 않기 때문이다.”)

4번: 아니다. [A]에서는 인격의 통시적 동일성이 ‘직접 증명될 수 있다’는 주장을 다루지 않는다. (지문 속 근거 문장: “칸트는 … 두 전제 모두 납득할 수 있다고 보지만, 그 전제들로부터 ‘영혼이 인격이다.’라는 결론은 도출되지 않는다고 지적한다.”)

5번: 아니다. [A]에서는 ‘영혼이 자기의식을 한다.’라는 전제와 ‘생각하는 나는 생각한다.’라는 전제가 같다고 말하지 않고, 오히려 두 전제의 ‘의식’ 개념이 다르다고 본다. (지문 속 근거 문장: “첫 번째 전제에 등장하는 ‘의식’은 실제로 존재하는 무언가에 대해 의식한다는 뜻이지만, … 두 번째 전제에 등장하는 ‘의식’은 … 실재함을 뜻하지는 않기 때문이다.”)

최종 정답: 1번","[16, 167, 110, 230, 25, 31619, 239, 238, 23821, 254, 226, 168, 254, 250, 35975, 246, 564, 246, 35975, 246, 168, 233, 251, 447, 247, 220, 166, 108, 250, 167, 227, 238, 35975, 222, 11, 23821, 110, 104, 31619, 110, 230, 168, 100, 116, 23821, 254, 226, 168, 254, 250, 168, 245, 238, 168, 226, 250, 23821, 233, 97, 168, 254, 250, 167, 94, 250, 23821, 94, 112, 168, 252, 105, 47991, 246, 167, 232, 242, 31619, 105, 112, 168, 244, 116, 166, 108, 222, 167, 98, 120, 31619, 234, 222, 168, 225, 223, 168, 250, 120, 167, 94, 250, 23821, 251, 246, 168, 233, 251, 47991, 246, 167, 232, 242, 220, 166, 110, 225, 35975, 226, 31619, 250, 119, 47991, 246, 168, 100, 222, 167, 100, 234, 11, 31619, 239, 238, 31619, 110, 230, 168, 100, 116, 23821, 254, 226, 168, 254, 250, 168, 245, 238, 168, 226, 250, 35975, 246, 564, 246, 35975, 246, 168, 233, 251, 447, 247, 35975, 222, 23821, 233, 97, 168, 252, 105, 167, 98, 120, 31619, 111, 112, 168, 252, 98, 47991, 246, 168, 100, 222, 23821, 243, 232, 167, 232, 242, 46695, 97, 167, 232, 242, 23821, 254, 238, 168, 245, 238, 168, 226, 250, 31619, 233, 97, 167, 98, 112, 46695, 97, 13, 357, 168, 100, 222, 167, 105, 116, 23821, 228, 235, 220, 166, 115, 120, 166, 109, 108, 31619, 105, 116, 168, 252, 98, 25, 564, 250, 168, 110, 104, 31619, 110, 230, 168, 100, 116, 23821, 254, 226, 168, 254, 250, 168, 245, 238, 31619, 241, 109, 168, 252, 98, 47991, 246, 167, 232, 242, 564, 246, 35975, 246, 168, 233, 251, 447, 247, 35975, 222, 23821, 233, 97, 168, 254, 250, 167, 94, 250, 23821, 94, 112, 168, 252, 105, 47991, 246, 167, 232, 242, 31619, 105, 112, 168, 244, 116, 166, 108, 222, 168, 245, 238, 31619, 234, 222, 47991, 112, 23821, 251, 246, 168, 233, 251, 47991, 250, 46695, 97, 167, 232, 242, 31619, 250, 119, 35975, 112, 168, 100, 222, 167, 100, 234, 11, 564, 246, 168, 225, 251, 166, 108, 223, 47991, 246, 167, 232, 242, 31619, 224, 246, 167, 232, 242, 23821, 225, 251, 166, 108, 223, 47991, 250, 46695, 97, 13, 447, 247, 168, 247, 222, 31619, 233, 97, 167, 99, 226, 168, 245, 228, 167, 232, 242, 31619, 239, 238, 31619, 110, 230, 168, 100, 116, 23821, 254, 226, 168, 254, 250, 168, 245, 238, 31619, 241, 109, 168, 252, 98, 47991, 246, 167, 232, 242, 564, 246, 35975, 246, 168, 233, 251, 447, 247, 35975, 222, 31619, 105, 112, 168, 244, 116, 166, 108, 222, 166, 108, 222, 220, 166, 120, 255, 23821, 233, 97, 168, 252, 105, 47991, 101, 35975, 226, 31619, 250, 119, 47991, 246, 168, 100, 222, 167, 232, 242, 23821, 243, 232, 166, 116, 108, 31619, 243, 234, 167, 105, 116, 35975, 112, 46695, 97, 13, 447, 251, 8, 198, 198, 17, 167, 110, 230, 25, 23821, 243, 226, 46695, 230, 46695, 97, 13, 685, 32, 60, 168, 245, 238, 168, 226, 250, 167, 232, 242, 564, 246, 167, 111, 113, 168, 230, 246, 35975, 246, 23821, 96, 120, 166, 112, 222, 35975, 112, 31619, 237, 247, 35975, 120, 47991, 250, 23821, 251, 116, 166, 110, 102, 168, 250, 120, 167, 94, 250, 23821, 251, 116, 168, 233, 251, 167, 238, 250, 46695, 97, 447, 247, 167, 232, 242, 220, 166, 108, 222, 168, 254, 243, 168, 245, 238, 31619, 234, 222, 47991, 250, 31619, 108, 246, 167, 108, 243, 35975, 226, 31619, 233, 97, 167, 96, 101, 168, 100, 222, 23821, 243, 232, 167, 232, 242, 46695, 97, 13, 357, 168, 100, 222, 167, 105, 116, 23821, 228, 235, 220, 166, 115, 120, 166, 109, 108, 31619, 105, 116, 168, 252, 98, 25, 564, 250, 168, 117, 116, 169, 232, 116, 167, 232, 242, 564, 246, 168, 233, 250, 166, 108, 226, 35975, 246, 220, 169, 251, 238, 167, 99, 226, 23821, 228, 235, 168, 245, 238, 168, 226, 250, 23821, 232, 97, 168, 232, 97, 167, 94, 250, 35975, 246, 31619, 237, 247, 35975, 120, 168, 226, 109, 35975, 226, 23821, 251, 246, 168, 233, 251, 47991, 246, 167, 232, 242, 220, 166, 110, 225, 35975, 222, 23821, 251, 116, 166, 110, 102, 35975, 112, 46695, 97, 13, 447, 247, 168, 247, 222, 564, 246, 168, 246, 223, 169, 246, 120, 35975, 112, 23821, 252, 238, 166, 116, 108, 35975, 246, 168, 233, 251, 35975, 226, 220, 47991, 250, 46695, 97, 13, 447, 247, 167, 251, 120, 167, 232, 242, 31619, 239, 238, 23821, 254, 226, 168, 254, 250, 31619, 103, 101, 167, 239, 238, 31619, 224, 102, 167, 241, 251, 47991, 254, 23821, 230, 246, 23821, 252, 230, 46695, 97, 166, 111, 254, 31619, 111, 112, 168, 100, 222, 167, 100, 234, 11, 447, 251, 8, 198, 198, 18, 167, 110, 230, 25, 23821, 243, 226, 46695, 230, 46695, 97, 13, 685, 32, 60, 168, 245, 238, 168, 226, 250, 167, 232, 242, 564, 246, 168, 246, 223, 169, 246, 120, 35975, 112, 23821, 233, 97, 168, 252, 105, 47991, 254, 220, 166, 108, 222, 167, 232, 98, 168, 226, 109, 35975, 112, 23821, 245, 112, 167, 254, 97, 23821, 252, 230, 46695, 97, 167, 232, 242, 220, 166, 110, 105, 47991, 112, 447, 247, 166, 108, 222, 23821, 247, 250, 31619, 224, 102, 167, 241, 251, 47991, 246, 166, 116, 108, 23821, 244, 112, 167, 254, 97, 168, 248, 112, 168, 100, 222, 220, 166, 115, 120, 166, 109, 108, 167, 98, 120, 23821, 254, 250, 168, 233, 250, 47991, 246, 168, 100, 222, 23821, 243, 232, 167, 232, 242, 46695, 97, 13, 357, 168, 100, 222, 167, 105, 116, 23821, 228, 235, 220, 166, 115, 120, 166, 109, 108, 31619, 105, 116, 168, 252, 98, 25, 564, 250, 167, 239, 238, 31619, 110, 230, 168, 100, 116, 23821, 254, 226, 168, 254, 250, 168, 245, 238, 31619, 241, 109, 168, 252, 98, 47991, 246, 167, 232, 242, 564, 246, 35975, 246, 168, 233, 251, 447, 247, 35975, 222, 31619, 105, 112, 168, 244, 116, 166, 108, 222, 166, 108, 222, 220, 166, 120, 255, 23821, 233, 97, 168, 252, 105, 47991, 101, 35975, 226, 31619, 250, 119, 47991, 246, 168, 100, 222, 167, 232, 242, 23821, 243, 232, 166, 116, 108, 31619, 243, 234, 167, 105, 116, 35975, 112, 46695, 97, 13, 447, 251, 8, 198, 198, 19, 167, 110, 230, 25, 23821, 243, 226, 46695, 230, 46695, 97, 13, 685, 32, 60, 168, 245, 238, 168, 226, 250, 167, 232, 242, 23821, 251, 116, 166, 110, 102, 35975, 246, 220, 169, 228, 113, 168, 233, 250, 168, 254, 223, 31619, 237, 247, 35975, 120, 168, 226, 109, 35975, 112, 564, 246, 168, 100, 223, 168, 254, 239, 23821, 99, 251, 167, 103, 227, 167, 238, 254, 23821, 230, 246, 23821, 252, 230, 46695, 97, 447, 247, 167, 232, 242, 23821, 96, 120, 168, 252, 98, 35975, 226, 31619, 233, 97, 167, 96, 101, 168, 100, 222, 23821, 243, 232, 167, 232, 242, 46695, 97, 13, 357, 168, 100, 222, 167, 105, 116, 23821, 228, 235, 220, 166, 115, 120, 166, 109, 108, 31619, 105, 116, 168, 252, 98, 25, 564, 250, 168, 117, 116, 169, 232, 116, 167, 232, 242, 3926, 31619, 239, 238, 23821, 254, 226, 168, 254, 250, 31619, 103, 101, 167, 239, 238, 31619, 224, 102, 167, 241, 251, 47991, 254, 23821, 230, 246, 23821, 252, 230, 46695, 97, 166, 111, 254, 31619, 111, 112, 168, 100, 222, 167, 100, 234, 11, 220, 166, 115, 116, 23821, 254, 226, 168, 254, 250, 167, 241, 97, 167, 94, 250, 167, 114, 222, 169, 226, 108, 564, 246, 168, 246, 223, 169, 246, 120, 35975, 112, 23821, 251, 116, 166, 110, 102, 35975, 112, 46695, 97, 13, 447, 247, 167, 251, 120, 167, 232, 242, 220, 166, 110, 108, 167, 94, 254, 35975, 222, 31619, 237, 226, 168, 114, 250, 167, 238, 246, 168, 100, 222, 23821, 243, 232, 167, 232, 242, 46695, 97, 166, 111, 254, 23821, 100, 222, 168, 254, 223, 47991, 250, 46695, 97, 13, 447, 251, 8, 198, 198, 20, 167, 110, 230, 25, 23821, 243, 226, 46695, 230, 46695, 97, 13, 685, 32, 60, 168, 245, 238, 168, 226, 250, 167, 232, 242, 564, 246, 168, 246, 223, 169, 246, 120, 35975, 112, 23821, 252, 238, 166, 116, 108, 35975, 246, 168, 233, 251, 35975, 226, 220, 47991, 250, 46695, 97, 13, 447, 247, 167, 251, 120, 167, 232, 242, 23821, 254, 226, 168, 254, 250, 168, 247, 222, 564, 246, 168, 225, 251, 166, 108, 223, 47991, 246, 167, 232, 242, 31619, 224, 246, 167, 232, 242, 23821, 225, 251, 166, 108, 223, 47991, 250, 46695, 97, 13, 447, 247, 167, 251, 120, 167, 232, 242, 23821, 254, 226, 168, 254, 250, 166, 108, 222, 220, 166, 108, 247, 46695, 97, 166, 111, 254, 31619, 100, 238, 47991, 246, 168, 100, 222, 23821, 243, 232, 166, 111, 254, 11, 23821, 246, 97, 169, 252, 230, 167, 254, 97, 31619, 239, 238, 23821, 254, 226, 168, 254, 250, 35975, 246, 564, 246, 35975, 246, 168, 233, 251, 447, 247, 220, 166, 108, 250, 167, 227, 238, 35975, 112, 31619, 233, 97, 167, 98, 112, 46695, 97, 166, 111, 254, 31619, 111, 116, 46695, 97, 13, 357, 168, 100, 222, 167, 105, 116, 23821, 228, 235, 220, 166, 115, 120, 166, 109, 108, 31619, 105, 116, 168, 252, 98, 25, 564, 250, 168, 110, 104, 31619, 110, 230, 168, 100, 116, 23821, 254, 226, 168, 254, 250, 168, 245, 238, 31619, 241, 109, 168, 252, 98, 47991, 246, 167, 232, 242, 564, 246, 35975, 246, 168, 233, 251, 447, 247, 35975, 222, 23821, 233, 97, 168, 254, 250, 167, 94, 250, 23821, 94, 112, 168, 252, 105, 47991, 246, 167, 232, 242, 31619, 105, 112, 168, 244, 116, 166, 108, 222, 168, 245, 238, 31619, 234, 222, 47991, 112, 23821, 251, 246, 168, 233, 251, 47991, 250, 46695, 97, 167, 232, 242, 31619, 250, 119, 35975, 112, 168, 100, 222, 167, 100, 234, 11, 3926, 31619, 239, 238, 31619, 110, 230, 168, 100, 116, 23821, 254, 226, 168, 254, 250, 168, 245, 238, 31619, 241, 109, 168, 252, 98, 47991, 246, 167, 232, 242, 564, 246, 35975, 246, 168, 233, 251, 447, 247, 35975, 222, 3926, 23821, 233, 97, 168, 252, 105, 47991, 101, 35975, 226, 31619, 250, 119, 47991, 246, 168, 100, 222, 167, 232, 242, 23821, 243, 232, 166, 116, 108, 31619, 243, 234, 167, 105, 116, 35975, 112, 46695, 97, 13, 447, 251, 8, 198, 198, 168, 113, 250, 168, 95, 227, 23821, 254, 243, 46695, 113, 25, 352, 167, 110, 230]","[0.5, 0.5, 0.5, 0.5, 0.5, 0.5, 0.5, 0.5, 0.5, 0.5, 0.5, 0.5, 0.5, 0.5, 0.5, 0.5, 0.5, 0.5, 0.5, 0.5, 0.5, 0.5, 0.5, 0.5, 0.5, 0.5, 0.5, 0.5, 0.5, 0.5, 0.5, 0.5, 0.5, 0.5, 0.5, 0.5, 0.5, 0.5, 0.5, 0.5, 0.5, 0.5, 0.5, 0.5, 0.5, 0.5, 0.5, 0.5, 0.5, 0.5, 0.5, 0.5, 0.5, 0.5, 0.5, 0.5, 0.5, 0.5, 0.5, 0.5, 0.5, 0.5, 0.5, 0.5, 0.5, 0.5, 0.5, 0.5, 0.5, 0.5, 0.5, 0.5, 0.5, 0.5, 0.5, 0.5, 0.5, 0.5, 0.5, 0.5, 0.5, 0.5, 0.5, 0.5, 0.5, 0.5, 0.5, 0.5, 0.5, 0.5, 0.5, 0.5, 0.5, 0.5, 0.5, 0.5, 0.5, 0.5, 0.5, 0.5, 0.5, 0.5, 0.5, 0.5, 0.5, 0.5, 0.5, 0.5, 0.5, 0.5, 0.5, 0.5, 0.5, 0.5, 0.5, 0.5, 0.5, 0.5, 0.5, 0.5, 0.5, 0.5, 0.5, 0.5, 0.5, 0.5, 0.5, 0.5, 0.5, 0.5, 0.5, 0.5, 0.5, 0.5, 0.5, 0.5, 0.5, 0.5, 0.5, 0.5, 0.5, 0.5, 0.5, 0.5, 0.5, 0.5, 0.5, 0.5, 0.5, 0.5, 0.5, 0.5, 0.5, 0.5, 0.5, 0.5, 0.5, 0.5, 0.5, 0.5, 0.5, 0.5, 0.5, 0.5, 0.5, 0.5, 0.5, 0.5, 0.5, 0.5, 0.5, 0.5, 0.5, 0.5, 0.5, 0.5, 0.5, 0.5, 0.5, 0.5, 0.5, 0.5, 0.5, 0.5, 0.5, 0.5, 0.5, 0.5, 0.5, 0.5, 0.5, 0.5, 0.5, 0.5, 0.5, 0.5, 0.5, 0.5, 0.5, 0.5, 0.5, 0.5, 0.5, 0.5, 0.5, 0.5, 0.5, 0.5, 0.5, 0.5, 0.5, 0.5, 0.5, 0.5, 0.5, 0.5, 0.5, 0.5, 0.5, 0.5, 0.5, 0.5, 0.5, 0.5, 0.5, 0.5, 0.5, 0.5, 0.5, 0.5, 0.5, 0.5, 0.5, 0.5, 0.5, 0.5, 0.5, 0.5, 0.5, 0.5, 0.5, 0.5, 0.5, 0.5, 0.5, 0.5, 0.5, 0.5, 0.5, 0.5, 0.5, 0.5, 0.5, 0.5, 0.5, 0.5, 0.5, 0.5, 0.5, 0.5, 0.5, 0.5, 0.5, 0.5, 0.5, 0.5, 0.5, 0.5, 0.5, 0.5, 0.5, 0.5, 0.5, 0.5, 0.5, 0.5, 0.5, 0.5, 0.5, 0.5, 0.5, 0.5, 0.5, 0.5, 0.5, 0.5, 0.5, 0.5, 0.5, 0.5, 0.5, 0.5, 0.5, 0.5, 0.5, 0.5, 0.5, 0.5, 0.5, 0.5, 0.5, 0.5, 0.5, 0.5, 0.5, 0.5, 0.5, 0.5, 0.5, 0.5, 0.5, 0.5, 0.5, 0.5, 0.5, 0.5, 0.5, 0.5, 0.5, 0.5, 0.5, 0.5, 0.5, 0.5, 0.5, 0.5, 0.5, 0.5, 0.5, 0.5, 0.5, 0.5, 0.5, 0.5, 0.5, 0.5, 0.5, 0.5, 0.5, 0.5, 0.5, 0.5, 0.5, 0.5, 0.5, 0.5, 0.5, 0.5, 0.5, 0.5, 0.5, 0.5, 0.5, 0.5, 0.5, 0.5, 0.5, 0.5, 0.5, 0.5, 0.5, 0.5, 0.5, 0.5, 0.5, 0.5, 0.5, 0.5, 0.5, 0.5, 0.5, 0.5, 0.5, 0.5, 0.5, 0.5, 0.5, 0.5, 0.5, 0.5, 0.5, 0.5, 0.5, 0.5, 0.5, 0.5, 0.5, 0.5, 0.5, 0.5, 0.5, 0.5, 0.5, 0.5, 0.5, 0.5, 0.5, 0.5, 0.5, 0.5, 0.5, 0.5, 0.5, 0.5, 0.5, 0.5, 0.5, 0.5, 0.5, 0.5, 0.5, 0.5, 0.5, 0.5, 0.5, 0.5, 0.5, 0.5, 0.5, 0.5, 0.5, 0.5, 0.5, 0.5, 0.5, 0.5, 0.5, 0.5, 0.5, 0.5, 0.5, 0.5, 0.5, 0.5, 0.5, 0.5, 0.5, 0.5, 0.5, 0.5, 0.5, 0.5, 0.5, 0.5, 0.5, 0.5, 0.5, 0.5, 0.5, 0.5, 0.5, 0.5, 0.5, 0.5, 0.5, 0.5, 0.5, 0.5, 0.5, 0.5, 0.5, 0.5, 0.5, 0.5, 0.5, 0.5, 0.5, 0.5, 0.5, 0.5, 0.5, 0.5, 0.5, 0.5, 0.5, 0.5, 0.5, 0.5, 0.5, 0.5, 0.5, 0.5, 0.5, 0.5, 0.5, 0.5, 0.5, 0.5, 0.5, 0.5, 0.5, 0.5, 0.5, 0.5, 0.5, 0.5, 0.5, 0.5, 0.5, 0.5, 0.5, 0.5, 0.5, 0.5, 0.5, 0.5, 0.5, 0.5, 0.5, 0.5, 0.5, 0.5, 0.5, 0.5, 0.5, 0.5, 0.5, 0.5, 0.5, 0.5, 0.5, 0.5, 0.5, 0.5, 0.5, 0.5, 0.5, 0.5, 0.5, 0.5, 0.5, 0.5, 0.5, 0.5, 0.5, 0.5, 0.5, 0.5, 0.5, 0.5, 0.5, 0.5, 0.5, 0.5, 0.5, 0.5, 0.5, 0.5, 0.5, 0.5, 0.5, 0.5, 0.5, 0.5, 0.5, 0.5, 0.5, 0.5, 0.5, 0.5, 0.5, 0.5, 0.5, 0.5, 0.5, 0.5, 0.5, 0.5, 0.5, 0.5, 0.5, 0.5, 0.5, 0.5, 0.5, 0.5, 0.5, 0.5, 0.5, 0.5, 0.5, 0.5, 0.5, 0.5, 0.5, 0.5, 0.5, 0.5, 0.5, 0.5, 0.5, 0.5, 0.5, 0.5, 0.5, 0.5, 0.5, 0.5, 0.5, 0.5, 0.5, 0.5, 0.5, 0.5, 0.5, 0.5, 0.5, 0.5, 0.5, 0.5, 0.5, 0.5, 0.5, 0.5, 0.5, 0.5, 0.5, 0.5, 0.5, 0.5, 0.5, 0.5, 0.5, 0.5, 0.5, 0.5, 0.5, 0.5, 0.5, 0.5, 0.5, 0.5, 0.5, 0.5, 0.5, 0.5, 0.5, 0.5, 0.5, 0.5, 0.5, 0.5, 0.5, 0.5, 0.5, 0.5, 0.5, 0.5, 0.5, 0.5, 0.5, 0.5, 0.5, 0.5, 0.5, 0.5, 0.5, 0.5, 0.5, 0.5, 0.5, 0.5, 0.5, 0.5, 0.5, 0.5, 0.5, 0.5, 0.5, 0.5, 0.5, 0.5, 0.5, 0.5, 0.5, 0.5, 0.5, 0.5, 0.5, 0.5, 0.5, 0.5, 0.5, 0.5, 0.5, 0.5, 0.5, 0.5, 0.5, 0.5, 0.5, 0.5, 0.5, 0.5, 0.5, 0.5, 0.5, 0.5, 0.5, 0.5, 0.5, 0.5, 0.5, 0.5, 0.5, 0.5, 0.5, 0.5, 0.5, 0.5, 0.5, 0.5, 0.5, 0.5, 0.5, 0.5, 0.5, 0.5, 0.5, 0.5, 0.5, 0.5, 0.5, 0.5, 0.5, 0.5, 0.5, 0.5, 0.5, 0.5, 0.5, 0.5, 0.5, 0.5, 0.5, 0.5, 0.5, 0.5, 0.5, 0.5, 0.5, 0.5, 0.5, 0.5, 0.5, 0.5, 0.5, 0.5, 0.5, 0.5, 0.5, 0.5, 0.5, 0.5, 0.5, 0.5, 0.5, 0.5, 0.5, 0.5, 0.5, 0.5, 0.5, 0.5, 0.5, 0.5, 0.5, 0.5, 0.5, 0.5, 0.5, 0.5, 0.5, 0.5, 0.5, 0.5, 0.5, 0.5, 0.5, 0.5, 0.5, 0.5, 0.5, 0.5, 0.5, 0.5, 0.5, 0.5, 0.5, 0.5, 0.5, 0.5, 0.5, 0.5, 0.5, 0.5, 0.5, 0.5, 0.5, 0.5, 0.5, 0.5, 0.5, 0.5, 0.5, 0.5, 0.5, 0.5, 0.5, 0.5, 0.5, 0.5, 0.5, 0.5, 0.5, 0.5, 0.5, 0.5, 0.5, 0.5, 0.5, 0.5, 0.5, 0.5, 0.5, 0.5, 0.5, 0.5, 0.5, 0.5, 0.5, 0.5, 0.5, 0.5, 0.5, 0.5, 0.5, 0.5, 0.5, 0.5, 0.5, 0.5, 0.5, 0.5, 0.5, 0.5, 0.5, 0.5, 0.5, 0.5, 0.5, 0.5, 0.5, 0.5, 0.5, 0.5, 0.5, 0.5, 0.5, 0.5, 0.5, 0.5, 0.5, 0.5, 0.5, 0.5, 0.5, 0.5, 0.5, 0.5, 0.5, 0.5, 0.5, 0.5, 0.5, 0.5, 0.5, 0.5, 0.5, 0.5, 0.5, 0.5, 0.5, 0.5, 0.5, 0.5, 0.5, 0.5, 0.5, 0.5, 0.5, 0.5, 0.5, 0.5, 0.5, 0.5, 0.5, 0.5, 0.5, 0.5, 0.5, 0.5, 0.5, 0.5, 0.5, 0.5, 0.5, 0.5, 0.5, 0.5, 0.5, 0.5, 0.5, 0.5, 0.5, 0.5, 0.5, 0.5, 0.5, 0.5, 0.5, 0.5, 0.5, 0.5, 0.5, 0.5, 0.5, 0.5, 0.5, 0.5, 0.5, 0.5, 0.5, 0.5, 0.5, 0.5, 0.5, 0.5, 0.5, 0.5, 0.5, 0.5, 0.5, 0.5, 0.5, 0.5, 0.5, 0.5, 0.5, 0.5, 0.5, 0.5, 0.5, 0.5, 0.5, 0.5, 0.5, 0.5, 0.5, 0.5, 0.5, 0.5, 0.5, 0.5, 0.5, 0.5, 0.5, 0.5, 0.5, 0.5, 0.5, 0.5, 0.5, 0.5, 0.5, 0.5, 0.5, 0.5, 0.5, 0.5, 0.5, 0.5, 0.5, 0.5, 0.5, 0.5, 0.5, 0.5, 0.5, 0.5, 0.5, 0.5, 0.5, 0.5, 0.5, 0.5, 0.5, 0.5, 0.5, 0.5, 0.5, 0.5, 0.5, 0.5, 0.5, 0.5, 0.5, 0.5, 0.5, 0.5, 0.5, 0.5, 0.5, 0.5, 0.5, 0.5, 0.5, 0.5, 0.5, 0.5, 0.5, 0.5, 0.5, 0.5, 0.5, 0.5, 0.5, 0.5, 0.5, 0.5, 0.5, 0.5, 0.5, 0.5, 0.5, 0.5, 0.5, 0.5, 0.5, 0.5, 0.5, 0.5, 0.5, 0.5, 0.5, 0.5, 0.5, 0.5, 0.5, 0.5, 0.5, 0.5, 0.5, 0.5, 0.5, 0.5, 0.5, 0.5, 0.5, 0.5, 0.5, 0.5, 0.5, 0.5, 0.5, 0.5, 0.5, 0.5, 0.5, 0.5, 0.5, 0.5, 0.5, 0.5, 0.5, 0.5, 0.5, 0.5, 0.5, 0.5, 0.5, 0.5, 0.5, 0.5, 0.5, 0.5, 0.5, 0.5, 0.5, 0.5, 0.5, 0.5, 0.5, 0.5, 0.5, 0.5, 0.5, 0.5, 0.5, 0.5, 0.5, 0.5, 0.5, 0.5, 0.5, 0.5, 0.5, 0.5, 0.5, 0.5, 0.5, 0.5, 0.5, 0.5, 0.5, 0.5, 0.5, 0.5, 0.5, 0.5, 0.5, 0.5, 0.5, 0.5, 0.5, 0.5, 0.5, 0.5, 0.5, 0.5, 0.5, 0.5, 0.5, 0.5, 0.5, 0.5, 0.5, 0.5, 0.5, 0.5, 0.5, 0.5, 0.5, 0.5, 0.5, 0.5, 0.5, 0.5, 0.5, 0.5, 0.5, 0.5, 0.5, 0.5, 0.5, 0.5, 0.5, 0.5, 0.5, 0.5, 0.5, 0.5, 0.5, 0.5, 0.5, 0.5, 0.5, 0.5, 0.5, 0.5, 0.5, 0.5, 0.5, 0.5, 0.5, 0.5, 0.5, 0.5, 0.5, 0.5, 0.5, 0.5, 0.5, 0.5, 0.5, 0.5, 0.5, 0.5, 0.5, 0.5, 0.5, 0.5, 0.5, 0.5, 0.5, 0.5, 0.5, 0.5, 0.5, 0.5, 0.5, 0.5, 0.5, 0.5, 0.5, 0.5, 0.5, 0.5, 0.5, 0.5, 0.5, 0.5, 0.5, 0.5, 0.5, 0.5, 0.5, 0.5, 0.5, 0.5, 0.5, 0.5, 0.5, 0.5, 0.5, 0.5, 0.5, 0.5, 0.5, 0.5, 0.5, 0.5, 0.5, 0.5, 0.5, 0.5, 0.5, 0.5, 0.5, 0.5, 0.5, 0.5, 0.5, 0.5, 0.5, 0.5, 0.5, 0.5, 0.5, 0.5, 0.5, 0.5, 0.5, 0.5, 0.5, 0.5, 0.5, 0.5, 0.5, 0.5, 0.5, 0.5, 0.5, 0.5, 0.5, 0.5, 0.5, 0.5, 0.5, 0.5, 0.5, 0.5, 0.5, 0.5, 0.5, 0.5, 0.5, 0.5, 0.5, 0.5, 0.5, 0.5, 0.5, 0.5, 0.5, 0.5, 0.5, 0.5, 0.5, 0.5, 0.5, 0.5, 0.5, 0.5, 0.5, 0.5, 0.5, 0.5, 0.5, 0.5, 0.5, 0.5, 0.5, 0.5, 0.5, 0.5, 0.5, 0.5, 0.5, 0.5, 0.5, 0.5, 0.5, 0.5, 0.5, 0.5, 0.5, 0.5, 0.5, 0.5, 0.5, 0.5, 0.5, 0.5, 0.5, 0.5, 0.5, 0.5, 0.5, 0.5, 0.5, 0.5, 0.5, 0.5, 0.5, 0.5, 0.5, 0.5, 0.5, 0.5, 0.5, 0.5, 0.5, 0.5, 0.5, 0.5, 0.5, 0.5, 0.5, 0.5, 0.5, 0.5, 0.5, 0.5, 0.5, 0.5, 0.5, 0.5, 0.5, 0.5, 0.5, 0.5, 0.5, 0.5, 0.5, 0.5, 0.5, 0.5, 0.5, 0.5, 0.5, 0.5, 0.5, 0.5, 0.5, 0.5, 0.5, 0.5, 0.5, 0.5, 0.5, 0.5, 0.5, 0.5, 0.5, 0.5, 0.5, 0.5, 0.5, 0.5, 0.5, 0.5, 0.5, 0.5, 0.5, 0.5, 0.5, 0.5, 0.5, 0.5, 0.5, 0.5, 0.5, 0.5, 0.5, 0.5, 0.5, 0.5, 0.5, 0.5, 0.5, 0.5, 0.5, 0.5, 0.5, 0.5, 0.5, 0.5, 0.5, 0.5, 0.5, 0.5, 0.5, 0.5, 0.5, 0.5, 0.5, 0.5, 0.5, 0.5, 0.5, 0.5, 0.5, 0.5, 0.5, 0.5, 0.5, 0.5, 0.5, 0.5, 0.5, 0.5, 0.5, 0.5, 0.5, 0.5, 0.5, 0.5, 0.5, 0.5, 0.5, 0.5, 0.5, 0.5, 0.5, 0.5, 0.5, 0.5, 0.5, 0.5, 0.5, 0.5, 0.5, 0.5, 0.5, 0.5, 0.5, 0.5, 0.5, 0.5, 0.5, 0.5, 0.5, 0.5, 0.5, 0.5, 0.5, 0.5, 0.5, 0.5, 0.5, 0.5, 0.5, 0.5, 0.5, 0.5, 0.5, 0.5, 0.5, 0.5, 0.5, 0.5, 0.5, 0.5, 0.5, 0.5, 0.5, 0.5, 0.5, 0.5, 0.5, 0.5, 0.5, 0.5, 0.5, 0.5, 0.5, 0.5, 0.5, 0.5, 0.5, 0.5, 0.5, 0.5, 0.5, 0.5, 0.5, 0.5, 0.5, 0.5, 0.5, 0.5, 0.5, 0.5, 0.5, 0.5, 0.5, 0.5, 0.5, 0.5, 0.5, 0.5, 0.5, 0.5, 0.5, 0.5, 0.5, 0.5, 0.5, 0.5, 0.5, 0.5, 0.5, 0.5, 0.5, 0.5, 0.5, 0.5, 0.5, 0.5, 0.5, 0.5, 0.5, 0.5, 0.5, 0.5, 0.5, 0.5, 0.5, 0.5, 0.5, 0.5, 0.5, 0.5, 0.5, 0.5, 0.5, 0.5, 0.5, 0.5, 0.5, 0.5, 0.5, 0.5, 0.5, 0.5, 0.5, 0.5, 0.5, 0.5, 0.5, 0.5, 0.5, 0.5, 0.5, 0.5, 0.5, 0.5, 0.5, 0.5, 0.5, 0.5, 0.5, 0.5, 0.5, 0.5, 0.5, 0.5, 0.5, 0.5, 0.5, 0.5, 0.5, 0.5, 0.5, 0.5, 0.5, 0.5, 0.5, 0.5, 0.5, 0.5, 0.5, 0.5, 0.5, 0.5, 0.5, 0.5, 0.5, 0.5, 0.5, 0.5, 0.5, 0.5, 0.5, 0.5, 0.5, 0.5, 0.5, 0.5, 0.5, 0.5, 0.5, 0.5, 0.5, 0.5, 0.5, 0.5, 0.5, 0.5, 0.5, 0.5, 0.5, 0.5, 0.5, 0.5, 0.5, 0.5, 0.5, 0.5, 0.5, 0.5, 0.5, 0.5, 0.5, 0.5, 0.5, 0.5, 0.5, 0.5, 0.5, 0.5, 0.5, 0.5, 0.5, 0.5, 0.5, 0.5, 0.5, 0.5, 0.5, 0.5, 0.5, 0.5, 0.5, 0.5, 0.5, 0.5, 0.5, 0.5, 0.5, 0.5, 0.5, 0.5, 0.5, 0.5, 0.5, 0.5, 0.5, 0.5, 0.5, 0.5, 0.5, 0.5, 0.5, 0.5, 0.5, 0.5, 0.5, 0.5, 0.5, 0.5, 0.5, 0.5, 0.5, 0.5, 0.5, 0.5, 0.5, 0.5, 0.5, 0.5, 0.5, 0.5, 0.5, 0.5, 0.5, 0.5, 0.5, 0.5, 0.5, 0.5, 0.5, 0.5, 0.5, 0.5, 0.5, 0.5, 0.5, 0.5, 0.5, 0.5, 0.5, 0.5, 0.5, 0.5, 0.5, 0.5, 0.5, 0.5, 0.5, 0.5, 0.5, 0.5, 0.5, 0.5, 0.5, 0.5, 0.5, 0.5, 0.5, 0.5, 0.5, 0.5, 0.5, 0.5, 0.5, 0.5, 0.5, 0.5, 0.5, 0.5, 0.5, 0.5, 0.5, 0.5, 0.5, 0.5, 0.5, 0.5, 0.5, 0.5, 0.5, 0.5, 0.5, 0.5, 0.5, 0.5, 0.5, 0.5, 0.5]",2
2026_11_KICE_14-17_2,['2(2)'],"1번: 부적절하다. “지문에는 B와 C의 법적 책임에 대한 언급이 전혀 없다.”  
2번: 부적절하다. “지문에는 B와 A의 법적 책임에 대한 언급이 전혀 없다.”  
3번: 부적절하다. “지문에는 A가 가해자인지에 대해 논의하지 않는다.”  
4번: 부적절하다. “지문에는 B가 가해자인지에 대한 논의가 없다.”  
5번: 부적절하다. “지문에는 C의 법적 책임에 대한 논의가 전혀 없다.”  
최종 정답: 5번","[16, 167, 110, 230, 25, 31619, 114, 222, 168, 254, 223, 168, 254, 230, 47991, 246, 46695, 97, 13, 564, 250, 168, 100, 222, 167, 105, 116, 168, 245, 238, 167, 232, 242, 347, 168, 247, 222, 327, 35975, 246, 31619, 110, 243, 168, 254, 223, 23821, 109, 227, 168, 252, 226, 168, 245, 238, 31619, 234, 222, 47991, 250, 23821, 244, 116, 166, 116, 231, 35975, 112, 23821, 254, 226, 169, 246, 222, 23821, 245, 228, 46695, 97, 13, 447, 251, 220, 220, 198, 17, 167, 110, 230, 25, 31619, 114, 222, 168, 254, 223, 168, 254, 230, 47991, 246, 46695, 97, 13, 564, 250, 168, 100, 222, 167, 105, 116, 168, 245, 238, 167, 232, 242, 347, 168, 247, 222, 317, 35975, 246, 31619, 110, 243, 168, 254, 223, 23821, 109, 227, 168, 252, 226, 168, 245, 238, 31619, 234, 222, 47991, 250, 23821, 244, 116, 166, 116, 231, 35975, 112, 23821, 254, 226, 169, 246, 222, 23821, 245, 228, 46695, 97, 13, 447, 251, 220, 220, 198, 18, 167, 110, 230, 25, 31619, 114, 222, 168, 254, 223, 168, 254, 230, 47991, 246, 46695, 97, 13, 564, 250, 168, 100, 222, 167, 105, 116, 168, 245, 238, 167, 232, 242, 317, 166, 108, 222, 220, 166, 108, 222, 47991, 112, 168, 252, 238, 35975, 116, 168, 100, 222, 168, 245, 238, 31619, 234, 222, 47991, 112, 31619, 227, 120, 35975, 246, 47991, 246, 168, 100, 222, 23821, 243, 232, 167, 232, 242, 46695, 97, 13, 447, 251, 220, 220, 198, 19, 167, 110, 230, 25, 31619, 114, 222, 168, 254, 223, 168, 254, 230, 47991, 246, 46695, 97, 13, 564, 250, 168, 100, 222, 167, 105, 116, 168, 245, 238, 167, 232, 242, 347, 166, 108, 222, 220, 166, 108, 222, 47991, 112, 168, 252, 238, 35975, 116, 168, 100, 222, 168, 245, 238, 31619, 234, 222, 47991, 250, 31619, 227, 120, 35975, 246, 166, 108, 222, 23821, 245, 228, 46695, 97, 13, 447, 251, 220, 220, 198, 20, 167, 110, 230, 25, 31619, 114, 222, 168, 254, 223, 168, 254, 230, 47991, 246, 46695, 97, 13, 564, 250, 168, 100, 222, 167, 105, 116, 168, 245, 238, 167, 232, 242, 327, 35975, 246, 31619, 110, 243, 168, 254, 223, 23821, 109, 227, 168, 252, 226, 168, 245, 238, 31619, 234, 222, 47991, 250, 31619, 227, 120, 35975, 246, 166, 108, 222, 23821, 254, 226, 169, 246, 222, 23821, 245, 228, 46695, 97, 13, 447, 251, 220, 220, 198, 168, 113, 250, 168, 95, 227, 23821, 254, 243, 46695, 113, 25, 642, 167, 110, 230]","[0.5, 0.5, 0.5, 0.5, 0.5, 0.5, 0.5, 0.5, 0.5, 0.5, 0.5, 0.5, 0.5, 0.5, 0.5, 0.5, 0.5, 0.5, 0.5, 0.5, 0.5, 0.5, 0.5, 0.5, 0.5, 0.5, 0.5, 0.5, 0.5, 0.5, 0.5, 0.5, 0.5, 0.5, 0.5, 0.5, 0.5, 0.5, 0.5, 0.5, 0.5, 0.5, 0.5, 0.5, 0.5, 0.5, 0.5, 0.5, 0.5, 0.5, 0.5, 0.5, 0.5, 0.5, 0.5, 0.5, 0.5, 0.5, 0.5, 0.5, 0.5, 0.5, 0.5, 0.5, 0.5, 0.5, 0.5, 0.5, 0.5, 0.5, 0.5, 0.5, 0.5, 0.5, 0.5, 0.5, 0.5, 0.5, 0.5, 0.5, 0.5, 0.5, 0.5, 0.5, 0.5, 0.5, 0.5, 0.5, 0.5, 0.5, 0.5, 0.5, 0.5, 0.5, 0.5, 0.5, 0.5, 0.5, 0.5, 0.5, 0.5, 0.5, 0.5, 0.5, 0.5, 0.5, 0.5, 0.5, 0.5, 0.5, 0.5, 0.5, 0.5, 0.5, 0.5, 0.5, 0.5, 0.5, 0.5, 0.5, 0.5, 0.5, 0.5, 0.5, 0.5, 0.5, 0.5, 0.5, 0.5, 0.5, 0.5, 0.5, 0.5, 0.5, 0.5, 0.5, 0.5, 0.5, 0.5, 0.5, 0.5, 0.5, 0.5, 0.5, 0.5, 0.5, 0.5, 0.5, 0.5, 0.5, 0.5, 0.5, 0.5, 0.5, 0.5, 0.5, 0.5, 0.5, 0.5, 0.5, 0.5, 0.5, 0.5, 0.5, 0.5, 0.5, 0.5, 0.5, 0.5, 0.5, 0.5, 0.5, 0.5, 0.5, 0.5, 0.5, 0.5, 0.5, 0.5, 0.5, 0.5, 0.5, 0.5, 0.5, 0.5, 0.5, 0.5, 0.5, 0.5, 0.5, 0.5, 0.5, 0.5, 0.5, 0.5, 0.5, 0.5, 0.5, 0.5, 0.5, 0.5, 0.5, 0.5, 0.5, 0.5, 0.5, 0.5, 0.5, 0.5, 0.5, 0.5, 0.5, 0.5, 0.5, 0.5, 0.5, 0.5, 0.5, 0.5, 0.5, 0.5, 0.5, 0.5, 0.5, 0.5, 0.5, 0.5, 0.5, 0.5, 0.5, 0.5, 0.5, 0.5, 0.5, 0.5, 0.5, 0.5, 0.5, 0.5, 0.5, 0.5, 0.5, 0.5, 0.5, 0.5, 0.5, 0.5, 0.5, 0.5, 0.5, 0.5, 0.5, 0.5, 0.5, 0.5, 0.5, 0.5, 0.5, 0.5, 0.5, 0.5, 0.5, 0.5, 0.5, 0.5, 0.5, 0.5, 0.5, 0.5, 0.5, 0.5, 0.5, 0.5, 0.5, 0.5, 0.5, 0.5, 0.5, 0.5, 0.5, 0.5, 0.5, 0.5, 0.5, 0.5, 0.5, 0.5, 0.5, 0.5, 0.5, 0.5, 0.5, 0.5, 0.5, 0.5, 0.5, 0.5, 0.5, 0.5, 0.5, 0.5, 0.5, 0.5, 0.5, 0.5, 0.5, 0.5, 0.5, 0.5, 0.5, 0.5, 0.5, 0.5, 0.5, 0.5, 0.5, 0.5, 0.5, 0.5, 0.5, 0.5, 0.5, 0.5, 0.5, 0.5, 0.5, 0.5, 0.5, 0.5, 0.5, 0.5, 0.5, 0.5, 0.5, 0.5, 0.5, 0.5, 0.5, 0.5, 0.5, 0.5, 0.5, 0.5, 0.5, 0.5, 0.5, 0.5, 0.5, 0.5, 0.5, 0.5, 0.5, 0.5, 0.5, 0.5, 0.5, 0.5, 0.5, 0.5, 0.5, 0.5, 0.5, 0.5, 0.5, 0.5, 0.5, 0.5, 0.5, 0.5, 0.5, 0.5, 0.5, 0.5, 0.5, 0.5, 0.5, 0.5, 0.5, 0.5, 0.5, 0.5, 0.5, 0.5, 0.5, 0.5, 0.5, 0.5, 0.5, 0.5, 0.5, 0.5, 0.5, 0.5, 0.5, 0.5, 0.5, 0.5, 0.5, 0.5, 0.5, 0.5, 0.5, 0.5, 0.5, 0.5, 0.5, 0.5, 0.5, 0.5, 0.5, 0.5, 0.5, 0.5, 0.5, 0.5, 0.5, 0.5, 0.5, 0.5, 0.5, 0.5, 0.5, 0.5, 0.5, 0.5, 0.5, 0.5, 0.5]",0
2026_11_KICE_14-17_3,['3(3)'],"1번: 틀렸습니다. 롱게네스는 “인격의 동일성의 기준은 각자가 자신의 것이라고 통시적으로 인식하는 신체”라고 주장하므로, 프로그램으로 재현된 의식만으로는 인격이 될 수 없다고 보기 때문입니다. (“인격의 동일성의 기준은 각자가 자신의 것이라고 통시적으로 인식하는 신체라고 롱게네스는 주장한다.”)

2번: 틀렸습니다. 스트로슨은 인격을 “의식과 신체의 복합체”로 보아, 신체를 지니지 않은 존재에게 인격을 귀속시킬 수 없다고 판단하므로, 을의 “몸 없이도 인격이 가능하다”는 입장은 스트로슨이 옳다고 보지 않습니다. (“스트로슨은 인격을 의식과 신체의 복합체로 본다.”)

3번: 맞습니다. 칸트 이전까지의 유력한 견해는 ‘생각하는 나’ 즉 영혼이 시간의 흐름 속에 단일한 주관으로 지속한다는 것이었으므로, ‘생각하는 나’의 지속만으로 인격의 동일성이 보장되지 않는다는 갑의 입장은 옳지 않다고 보겠습니다. (“칸트 이전까지 인격의 동일성을 설명하는 유력한 견해는, ‘생각하는 나’인 영혼이 단일한 주관으로서 시간의 흐름 속에 지속한다는 것이었다.”)

4번: 틀렸습니다. 칸트는 인격의 통시적 동일성을 직접 증명하는 대신 ‘동일한 인격임을 인식하는 가정’을 선행시켜야 한다고 보았으므로, 사고 기능의 동일성만으로 판단할 수 있다는 을의 입장은 칸트가 옳다고 보지 않습니다. (“칸트는 통시적으로 동일한 인격의 존재를 직접 증명하는 대신 …라는 가정이 반드시 선행되어야 한다고 제안한다.”)

5번: 틀렸습니다. 롱게네스는 인격의 동일성을 판단하는 기준으로 “시공간적 세계를 살아가는 동안 경험하는 것들 사이에서 스스로 선택할 수 있게 해 주는 자기의 신체”를 제시하므로, 인간과 상이한 존재에 의해서도 동일하게 수행될 수 있는 사고 기능만을 기준으로 삼을 수 없다고 봅니다. (“인격의 동일성의 기준은 각자가 자신의 것이라고 통시적으로 인식하는 신체라고 롱게네스는 주장한다.”)

최종 정답: 3번","[16, 167, 110, 230, 25, 220, 169, 233, 222, 167, 254, 116, 168, 232, 113, 46695, 230, 46695, 97, 13, 31619, 94, 109, 166, 110, 234, 167, 226, 97, 168, 232, 97, 167, 232, 242, 564, 250, 35975, 116, 166, 110, 102, 35975, 246, 31619, 237, 247, 35975, 120, 168, 226, 109, 35975, 246, 220, 166, 116, 108, 168, 97, 222, 35975, 222, 220, 166, 108, 223, 168, 252, 238, 166, 108, 222, 23821, 252, 238, 168, 233, 254, 35975, 246, 220, 166, 110, 225, 35975, 112, 167, 251, 120, 166, 111, 254, 220, 169, 228, 113, 168, 233, 250, 168, 254, 223, 168, 250, 120, 167, 94, 250, 23821, 251, 116, 168, 233, 251, 47991, 246, 167, 232, 242, 23821, 233, 254, 168, 110, 112, 447, 251, 167, 251, 120, 166, 111, 254, 23821, 96, 120, 168, 252, 98, 47991, 246, 167, 107, 222, 167, 94, 250, 11, 220, 169, 242, 226, 167, 94, 250, 166, 115, 116, 167, 252, 101, 168, 250, 120, 167, 94, 250, 23821, 252, 105, 169, 246, 226, 167, 238, 250, 23821, 251, 246, 168, 233, 251, 167, 100, 234, 168, 250, 120, 167, 94, 250, 167, 232, 242, 23821, 251, 116, 166, 110, 102, 35975, 112, 31619, 238, 254, 23821, 230, 246, 23821, 245, 228, 46695, 97, 166, 111, 254, 31619, 111, 112, 166, 116, 108, 31619, 243, 234, 167, 105, 116, 168, 252, 227, 46695, 230, 46695, 97, 13, 357, 447, 250, 35975, 116, 166, 110, 102, 35975, 246, 31619, 237, 247, 35975, 120, 168, 226, 109, 35975, 246, 220, 166, 116, 108, 168, 97, 222, 35975, 222, 220, 166, 108, 223, 168, 252, 238, 166, 108, 222, 23821, 252, 238, 168, 233, 254, 35975, 246, 220, 166, 110, 225, 35975, 112, 167, 251, 120, 166, 111, 254, 220, 169, 228, 113, 168, 233, 250, 168, 254, 223, 168, 250, 120, 167, 94, 250, 23821, 251, 116, 168, 233, 251, 47991, 246, 167, 232, 242, 23821, 233, 254, 168, 110, 112, 167, 251, 120, 166, 111, 254, 31619, 94, 109, 166, 110, 234, 167, 226, 97, 168, 232, 97, 167, 232, 242, 23821, 96, 120, 168, 252, 98, 47991, 250, 46695, 97, 13, 447, 251, 8, 198, 198, 17, 167, 110, 230, 25, 220, 169, 233, 222, 167, 254, 116, 168, 232, 113, 46695, 230, 46695, 97, 13, 23821, 232, 97, 169, 232, 116, 167, 94, 250, 168, 232, 101, 35975, 222, 23821, 251, 116, 166, 110, 102, 35975, 226, 564, 250, 35975, 246, 168, 233, 251, 166, 111, 120, 23821, 233, 254, 168, 110, 112, 35975, 246, 31619, 111, 113, 47991, 102, 168, 110, 112, 447, 251, 167, 94, 250, 31619, 111, 112, 168, 243, 226, 11, 23821, 233, 254, 168, 110, 112, 167, 98, 120, 23821, 100, 222, 46695, 230, 168, 100, 222, 23821, 243, 232, 35975, 222, 23821, 94, 112, 168, 252, 105, 168, 245, 238, 166, 110, 234, 23821, 251, 116, 166, 110, 102, 35975, 226, 220, 166, 115, 222, 168, 228, 235, 168, 233, 250, 169, 8955, 23821, 230, 246, 23821, 245, 228, 46695, 97, 166, 111, 254, 220, 169, 234, 238, 46695, 101, 47991, 246, 167, 107, 222, 167, 94, 250, 11, 23821, 251, 226, 35975, 246, 564, 250, 167, 103, 116, 23821, 245, 228, 35975, 112, 167, 237, 226, 23821, 251, 116, 166, 110, 102, 35975, 112, 220, 166, 108, 222, 167, 232, 98, 47991, 246, 46695, 97, 447, 251, 167, 232, 242, 23821, 252, 227, 168, 252, 98, 35975, 222, 23821, 232, 97, 169, 232, 116, 167, 94, 250, 168, 232, 101, 35975, 112, 23821, 246, 111, 46695, 97, 166, 111, 254, 31619, 111, 112, 168, 100, 222, 23821, 243, 232, 168, 232, 113, 46695, 230, 46695, 97, 13, 357, 447, 250, 168, 232, 97, 169, 232, 116, 167, 94, 250, 168, 232, 101, 35975, 222, 23821, 251, 116, 166, 110, 102, 35975, 226, 23821, 251, 246, 168, 233, 251, 166, 111, 120, 23821, 233, 254, 168, 110, 112, 35975, 246, 31619, 111, 113, 47991, 102, 168, 110, 112, 167, 94, 250, 31619, 111, 116, 46695, 97, 13, 447, 251, 8, 198, 198, 18, 167, 110, 230, 25, 31619, 100, 252, 168, 232, 113, 46695, 230, 46695, 97, 13, 23821, 117, 116, 169, 232, 116, 23821, 251, 112, 168, 254, 226, 166, 117, 234, 168, 100, 222, 35975, 246, 23821, 250, 254, 167, 254, 98, 47991, 250, 220, 166, 110, 105, 47991, 112, 167, 232, 242, 564, 246, 168, 225, 251, 166, 108, 223, 47991, 246, 167, 232, 242, 31619, 224, 246, 447, 247, 23821, 99, 231, 23821, 246, 223, 169, 246, 120, 35975, 112, 23821, 233, 250, 166, 108, 226, 35975, 246, 220, 169, 251, 238, 167, 99, 226, 23821, 228, 235, 168, 245, 238, 31619, 233, 101, 35975, 120, 47991, 250, 23821, 96, 120, 166, 112, 222, 168, 250, 120, 167, 94, 250, 23821, 100, 222, 168, 228, 235, 47991, 250, 46695, 97, 167, 232, 242, 220, 166, 110, 225, 35975, 112, 168, 245, 230, 168, 250, 120, 167, 107, 222, 167, 94, 250, 11, 564, 246, 168, 225, 251, 166, 108, 223, 47991, 246, 167, 232, 242, 31619, 224, 246, 447, 247, 35975, 246, 23821, 100, 222, 168, 228, 235, 167, 100, 234, 168, 250, 120, 167, 94, 250, 23821, 251, 116, 166, 110, 102, 35975, 246, 31619, 237, 247, 35975, 120, 168, 226, 109, 35975, 112, 31619, 111, 112, 168, 252, 98, 167, 238, 246, 168, 100, 222, 23821, 243, 232, 167, 232, 242, 46695, 97, 167, 232, 242, 220, 166, 108, 239, 35975, 246, 23821, 252, 227, 168, 252, 98, 35975, 222, 23821, 246, 111, 168, 100, 222, 23821, 243, 232, 46695, 97, 166, 111, 254, 31619, 111, 112, 166, 110, 254, 168, 232, 113, 46695, 230, 46695, 97, 13, 357, 447, 250, 168, 117, 116, 169, 232, 116, 23821, 251, 112, 168, 254, 226, 166, 117, 234, 168, 100, 222, 23821, 251, 116, 166, 110, 102, 35975, 246, 31619, 237, 247, 35975, 120, 168, 226, 109, 35975, 226, 23821, 226, 97, 167, 103, 227, 47991, 246, 167, 232, 242, 23821, 250, 254, 167, 254, 98, 47991, 250, 220, 166, 110, 105, 47991, 112, 167, 232, 242, 11, 564, 246, 168, 225, 251, 166, 108, 223, 47991, 246, 167, 232, 242, 31619, 224, 246, 447, 247, 35975, 116, 23821, 246, 223, 169, 246, 120, 35975, 112, 31619, 233, 101, 35975, 120, 47991, 250, 23821, 96, 120, 166, 112, 222, 168, 250, 120, 167, 94, 250, 168, 226, 250, 23821, 233, 250, 166, 108, 226, 35975, 246, 220, 169, 251, 238, 167, 99, 226, 23821, 228, 235, 168, 245, 238, 23821, 100, 222, 168, 228, 235, 47991, 250, 46695, 97, 167, 232, 242, 220, 166, 110, 225, 35975, 112, 168, 245, 230, 46695, 97, 13, 447, 251, 8, 198, 198, 19, 167, 110, 230, 25, 220, 169, 233, 222, 167, 254, 116, 168, 232, 113, 46695, 230, 46695, 97, 13, 23821, 117, 116, 169, 232, 116, 167, 232, 242, 23821, 251, 116, 166, 110, 102, 35975, 246, 220, 169, 228, 113, 168, 233, 250, 168, 254, 223, 31619, 237, 247, 35975, 120, 168, 226, 109, 35975, 226, 23821, 100, 223, 168, 254, 239, 23821, 99, 251, 167, 103, 227, 47991, 246, 167, 232, 242, 31619, 234, 222, 168, 233, 254, 564, 246, 167, 237, 247, 35975, 120, 47991, 250, 23821, 251, 116, 166, 110, 102, 168, 252, 226, 35975, 226, 23821, 251, 116, 168, 233, 251, 47991, 246, 167, 232, 242, 220, 166, 108, 222, 168, 254, 243, 447, 247, 35975, 226, 23821, 226, 254, 169, 244, 231, 168, 233, 250, 168, 120, 250, 168, 243, 120, 220, 47991, 250, 46695, 97, 166, 111, 254, 31619, 111, 112, 168, 243, 246, 168, 250, 120, 167, 107, 222, 167, 94, 250, 11, 23821, 8955, 166, 111, 254, 220, 166, 116, 108, 167, 232, 98, 35975, 246, 31619, 237, 247, 35975, 120, 168, 226, 109, 167, 100, 234, 168, 250, 120, 167, 94, 250, 220, 169, 234, 238, 46695, 101, 47991, 254, 23821, 230, 246, 23821, 252, 230, 46695, 97, 167, 232, 242, 23821, 251, 226, 35975, 246, 23821, 252, 227, 168, 252, 98, 35975, 222, 23821, 117, 116, 169, 232, 116, 166, 108, 222, 23821, 246, 111, 46695, 97, 166, 111, 254, 31619, 111, 112, 168, 100, 222, 23821, 243, 232, 168, 232, 113, 46695, 230, 46695, 97, 13, 357, 447, 250, 168, 117, 116, 169, 232, 116, 167, 232, 242, 220, 169, 228, 113, 168, 233, 250, 168, 254, 223, 168, 250, 120, 167, 94, 250, 31619, 237, 247, 35975, 120, 47991, 250, 23821, 251, 116, 166, 110, 102, 35975, 246, 23821, 94, 112, 168, 252, 105, 167, 98, 120, 23821, 100, 223, 168, 254, 239, 23821, 99, 251, 167, 103, 227, 47991, 246, 167, 232, 242, 31619, 234, 222, 168, 233, 254, 3926, 167, 251, 120, 167, 232, 242, 220, 166, 108, 222, 168, 254, 243, 35975, 112, 31619, 108, 246, 167, 241, 250, 168, 233, 250, 23821, 226, 254, 169, 244, 231, 167, 238, 246, 168, 244, 112, 168, 243, 120, 220, 47991, 250, 46695, 97, 166, 111, 254, 23821, 254, 250, 168, 243, 230, 47991, 250, 46695, 97, 13, 447, 251, 8, 198, 198, 20, 167, 110, 230, 25, 220, 169, 233, 222, 167, 254, 116, 168, 232, 113, 46695, 230, 46695, 97, 13, 31619, 94, 109, 166, 110, 234, 167, 226, 97, 168, 232, 97, 167, 232, 242, 23821, 251, 116, 166, 110, 102, 35975, 246, 31619, 237, 247, 35975, 120, 168, 226, 109, 35975, 226, 220, 169, 234, 238, 46695, 101, 47991, 246, 167, 232, 242, 220, 166, 116, 108, 168, 97, 222, 168, 250, 120, 167, 94, 250, 564, 250, 168, 233, 250, 166, 111, 113, 166, 108, 226, 168, 254, 223, 23821, 226, 116, 166, 111, 226, 167, 98, 120, 23821, 224, 112, 168, 243, 226, 166, 108, 222, 167, 232, 242, 31619, 237, 247, 168, 243, 230, 220, 166, 110, 121, 169, 245, 246, 47991, 246, 167, 232, 242, 220, 166, 110, 225, 167, 241, 97, 23821, 8955, 35975, 112, 168, 245, 238, 168, 226, 250, 23821, 232, 97, 168, 232, 97, 167, 94, 250, 23821, 226, 254, 169, 225, 251, 47991, 254, 23821, 230, 246, 23821, 252, 230, 166, 110, 234, 220, 47991, 112, 23821, 96, 120, 167, 232, 242, 23821, 252, 238, 166, 116, 108, 35975, 246, 23821, 233, 254, 168, 110, 112, 447, 251, 167, 98, 120, 23821, 254, 250, 168, 233, 250, 47991, 246, 167, 107, 222, 167, 94, 250, 11, 23821, 251, 116, 166, 108, 226, 166, 111, 120, 23821, 225, 223, 35975, 112, 47991, 250, 23821, 94, 112, 168, 252, 105, 168, 245, 238, 23821, 251, 246, 47991, 112, 168, 226, 250, 167, 237, 226, 31619, 237, 247, 35975, 120, 47991, 246, 166, 110, 234, 23821, 230, 246, 169, 244, 231, 167, 238, 254, 23821, 230, 246, 23821, 252, 230, 167, 232, 242, 23821, 8955, 166, 111, 254, 220, 166, 116, 108, 167, 232, 98, 167, 100, 234, 35975, 226, 220, 166, 116, 108, 168, 97, 222, 168, 250, 120, 167, 94, 250, 23821, 224, 120, 35975, 226, 23821, 230, 246, 23821, 245, 228, 46695, 97, 166, 111, 254, 31619, 112, 227, 46695, 230, 46695, 97, 13, 357, 447, 250, 35975, 116, 166, 110, 102, 35975, 246, 31619, 237, 247, 35975, 120, 168, 226, 109, 35975, 246, 220, 166, 116, 108, 168, 97, 222, 35975, 222, 220, 166, 108, 223, 168, 252, 238, 166, 108, 222, 23821, 252, 238, 168, 233, 254, 35975, 246, 220, 166, 110, 225, 35975, 112, 167, 251, 120, 166, 111, 254, 220, 169, 228, 113, 168, 233, 250, 168, 254, 223, 168, 250, 120, 167, 94, 250, 23821, 251, 116, 168, 233, 251, 47991, 246, 167, 232, 242, 23821, 233, 254, 168, 110, 112, 167, 251, 120, 166, 111, 254, 31619, 94, 109, 166, 110, 234, 167, 226, 97, 168, 232, 97, 167, 232, 242, 23821, 96, 120, 168, 252, 98, 47991, 250, 46695, 97, 13, 447, 251, 8, 198, 198, 168, 113, 250, 168, 95, 227, 23821, 254, 243, 46695, 113, 25, 513, 167, 110, 230]","[0.5, 0.5, 0.5, 0.5, 0.5, 0.5, 0.5, 0.5, 0.5, 0.5, 0.5, 0.5, 0.5, 0.5, 0.5, 0.5, 0.5, 0.5, 0.5, 0.5, 0.5, 0.5, 0.5, 0.5, 0.5, 0.5, 0.5, 0.5, 0.5, 0.5, 0.5, 0.5, 0.5, 0.5, 0.5, 0.5, 0.5, 0.5, 0.5, 0.5, 0.5, 0.5, 0.5, 0.5, 0.5, 0.5, 0.5, 0.5, 0.5, 0.5, 0.5, 0.5, 0.5, 0.5, 0.5, 0.5, 0.5, 0.5, 0.5, 0.5, 0.5, 0.5, 0.5, 0.5, 0.5, 0.5, 0.5, 0.5, 0.5, 0.5, 0.5, 0.5, 0.5, 0.5, 0.5, 0.5, 0.5, 0.5, 0.5, 0.5, 0.5, 0.5, 0.5, 0.5, 0.5, 0.5, 0.5, 0.5, 0.5, 0.5, 0.5, 0.5, 0.5, 0.5, 0.5, 0.5, 0.5, 0.5, 0.5, 0.5, 0.5, 0.5, 0.5, 0.5, 0.5, 0.5, 0.5, 0.5, 0.5, 0.5, 0.5, 0.5, 0.5, 0.5, 0.5, 0.5, 0.5, 0.5, 0.5, 0.5, 0.5, 0.5, 0.5, 0.5, 0.5, 0.5, 0.5, 0.5, 0.5, 0.5, 0.5, 0.5, 0.5, 0.5, 0.5, 0.5, 0.5, 0.5, 0.5, 0.5, 0.5, 0.5, 0.5, 0.5, 0.5, 0.5, 0.5, 0.5, 0.5, 0.5, 0.5, 0.5, 0.5, 0.5, 0.5, 0.5, 0.5, 0.5, 0.5, 0.5, 0.5, 0.5, 0.5, 0.5, 0.5, 0.5, 0.5, 0.5, 0.5, 0.5, 0.5, 0.5, 0.5, 0.5, 0.5, 0.5, 0.5, 0.5, 0.5, 0.5, 0.5, 0.5, 0.5, 0.5, 0.5, 0.5, 0.5, 0.5, 0.5, 0.5, 0.5, 0.5, 0.5, 0.5, 0.5, 0.5, 0.5, 0.5, 0.5, 0.5, 0.5, 0.5, 0.5, 0.5, 0.5, 0.5, 0.5, 0.5, 0.5, 0.5, 0.5, 0.5, 0.5, 0.5, 0.5, 0.5, 0.5, 0.5, 0.5, 0.5, 0.5, 0.5, 0.5, 0.5, 0.5, 0.5, 0.5, 0.5, 0.5, 0.5, 0.5, 0.5, 0.5, 0.5, 0.5, 0.5, 0.5, 0.5, 0.5, 0.5, 0.5, 0.5, 0.5, 0.5, 0.5, 0.5, 0.5, 0.5, 0.5, 0.5, 0.5, 0.5, 0.5, 0.5, 0.5, 0.5, 0.5, 0.5, 0.5, 0.5, 0.5, 0.5, 0.5, 0.5, 0.5, 0.5, 0.5, 0.5, 0.5, 0.5, 0.5, 0.5, 0.5, 0.5, 0.5, 0.5, 0.5, 0.5, 0.5, 0.5, 0.5, 0.5, 0.5, 0.5, 0.5, 0.5, 0.5, 0.5, 0.5, 0.5, 0.5, 0.5, 0.5, 0.5, 0.5, 0.5, 0.5, 0.5, 0.5, 0.5, 0.5, 0.5, 0.5, 0.5, 0.5, 0.5, 0.5, 0.5, 0.5, 0.5, 0.5, 0.5, 0.5, 0.5, 0.5, 0.5, 0.5, 0.5, 0.5, 0.5, 0.5, 0.5, 0.5, 0.5, 0.5, 0.5, 0.5, 0.5, 0.5, 0.5, 0.5, 0.5, 0.5, 0.5, 0.5, 0.5, 0.5, 0.5, 0.5, 0.5, 0.5, 0.5, 0.5, 0.5, 0.5, 0.5, 0.5, 0.5, 0.5, 0.5, 0.5, 0.5, 0.5, 0.5, 0.5, 0.5, 0.5, 0.5, 0.5, 0.5, 0.5, 0.5, 0.5, 0.5, 0.5, 0.5, 0.5, 0.5, 0.5, 0.5, 0.5, 0.5, 0.5, 0.5, 0.5, 0.5, 0.5, 0.5, 0.5, 0.5, 0.5, 0.5, 0.5, 0.5, 0.5, 0.5, 0.5, 0.5, 0.5, 0.5, 0.5, 0.5, 0.5, 0.5, 0.5, 0.5, 0.5, 0.5, 0.5, 0.5, 0.5, 0.5, 0.5, 0.5, 0.5, 0.5, 0.5, 0.5, 0.5, 0.5, 0.5, 0.5, 0.5, 0.5, 0.5, 0.5, 0.5, 0.5, 0.5, 0.5, 0.5, 0.5, 0.5, 0.5, 0.5, 0.5, 0.5, 0.5, 0.5, 0.5, 0.5, 0.5, 0.5, 0.5, 0.5, 0.5, 0.5, 0.5, 0.5, 0.5, 0.5, 0.5, 0.5, 0.5, 0.5, 0.5, 0.5, 0.5, 0.5, 0.5, 0.5, 0.5, 0.5, 0.5, 0.5, 0.5, 0.5, 0.5, 0.5, 0.5, 0.5, 0.5, 0.5, 0.5, 0.5, 0.5, 0.5, 0.5, 0.5, 0.5, 0.5, 0.5, 0.5, 0.5, 0.5, 0.5, 0.5, 0.5, 0.5, 0.5, 0.5, 0.5, 0.5, 0.5, 0.5, 0.5, 0.5, 0.5, 0.5, 0.5, 0.5, 0.5, 0.5, 0.5, 0.5, 0.5, 0.5, 0.5, 0.5, 0.5, 0.5, 0.5, 0.5, 0.5, 0.5, 0.5, 0.5, 0.5, 0.5, 0.5, 0.5, 0.5, 0.5, 0.5, 0.5, 0.5, 0.5, 0.5, 0.5, 0.5, 0.5, 0.5, 0.5, 0.5, 0.5, 0.5, 0.5, 0.5, 0.5, 0.5, 0.5, 0.5, 0.5, 0.5, 0.5, 0.5, 0.5, 0.5, 0.5, 0.5, 0.5, 0.5, 0.5, 0.5, 0.5, 0.5, 0.5, 0.5, 0.5, 0.5, 0.5, 0.5, 0.5, 0.5, 0.5, 0.5, 0.5, 0.5, 0.5, 0.5, 0.5, 0.5, 0.5, 0.5, 0.5, 0.5, 0.5, 0.5, 0.5, 0.5, 0.5, 0.5, 0.5, 0.5, 0.5, 0.5, 0.5, 0.5, 0.5, 0.5, 0.5, 0.5, 0.5, 0.5, 0.5, 0.5, 0.5, 0.5, 0.5, 0.5, 0.5, 0.5, 0.5, 0.5, 0.5, 0.5, 0.5, 0.5, 0.5, 0.5, 0.5, 0.5, 0.5, 0.5, 0.5, 0.5, 0.5, 0.5, 0.5, 0.5, 0.5, 0.5, 0.5, 0.5, 0.5, 0.5, 0.5, 0.5, 0.5, 0.5, 0.5, 0.5, 0.5, 0.5, 0.5, 0.5, 0.5, 0.5, 0.5, 0.5, 0.5, 0.5, 0.5, 0.5, 0.5, 0.5, 0.5, 0.5, 0.5, 0.5, 0.5, 0.5, 0.5, 0.5, 0.5, 0.5, 0.5, 0.5, 0.5, 0.5, 0.5, 0.5, 0.5, 0.5, 0.5, 0.5, 0.5, 0.5, 0.5, 0.5, 0.5, 0.5, 0.5, 0.5, 0.5, 0.5, 0.5, 0.5, 0.5, 0.5, 0.5, 0.5, 0.5, 0.5, 0.5, 0.5, 0.5, 0.5, 0.5, 0.5, 0.5, 0.5, 0.5, 0.5, 0.5, 0.5, 0.5, 0.5, 0.5, 0.5, 0.5, 0.5, 0.5, 0.5, 0.5, 0.5, 0.5, 0.5, 0.5, 0.5, 0.5, 0.5, 0.5, 0.5, 0.5, 0.5, 0.5, 0.5, 0.5, 0.5, 0.5, 0.5, 0.5, 0.5, 0.5, 0.5, 0.5, 0.5, 0.5, 0.5, 0.5, 0.5, 0.5, 0.5, 0.5, 0.5, 0.5, 0.5, 0.5, 0.5, 0.5, 0.5, 0.5, 0.5, 0.5, 0.5, 0.5, 0.5, 0.5, 0.5, 0.5, 0.5, 0.5, 0.5, 0.5, 0.5, 0.5, 0.5, 0.5, 0.5, 0.5, 0.5, 0.5, 0.5, 0.5, 0.5, 0.5, 0.5, 0.5, 0.5, 0.5, 0.5, 0.5, 0.5, 0.5, 0.5, 0.5, 0.5, 0.5, 0.5, 0.5, 0.5, 0.5, 0.5, 0.5, 0.5, 0.5, 0.5, 0.5, 0.5, 0.5, 0.5, 0.5, 0.5, 0.5, 0.5, 0.5, 0.5, 0.5, 0.5, 0.5, 0.5, 0.5, 0.5, 0.5, 0.5, 0.5, 0.5, 0.5, 0.5, 0.5, 0.5, 0.5, 0.5, 0.5, 0.5, 0.5, 0.5, 0.5, 0.5, 0.5, 0.5, 0.5, 0.5, 0.5, 0.5, 0.5, 0.5, 0.5, 0.5, 0.5, 0.5, 0.5, 0.5, 0.5, 0.5, 0.5, 0.5, 0.5, 0.5, 0.5, 0.5, 0.5, 0.5, 0.5, 0.5, 0.5, 0.5, 0.5, 0.5, 0.5, 0.5, 0.5, 0.5, 0.5, 0.5, 0.5, 0.5, 0.5, 0.5, 0.5, 0.5, 0.5, 0.5, 0.5, 0.5, 0.5, 0.5, 0.5, 0.5, 0.5, 0.5, 0.5, 0.5, 0.5, 0.5, 0.5, 0.5, 0.5, 0.5, 0.5, 0.5, 0.5, 0.5, 0.5, 0.5, 0.5, 0.5, 0.5, 0.5, 0.5, 0.5, 0.5, 0.5, 0.5, 0.5, 0.5, 0.5, 0.5, 0.5, 0.5, 0.5, 0.5, 0.5, 0.5, 0.5, 0.5, 0.5, 0.5, 0.5, 0.5, 0.5, 0.5, 0.5, 0.5, 0.5, 0.5, 0.5, 0.5, 0.5, 0.5, 0.5, 0.5, 0.5, 0.5, 0.5, 0.5, 0.5, 0.5, 0.5, 0.5, 0.5, 0.5, 0.5, 0.5, 0.5, 0.5, 0.5, 0.5, 0.5, 0.5, 0.5, 0.5, 0.5, 0.5, 0.5, 0.5, 0.5, 0.5, 0.5, 0.5, 0.5, 0.5, 0.5, 0.5, 0.5, 0.5, 0.5, 0.5, 0.5, 0.5, 0.5, 0.5, 0.5, 0.5, 0.5, 0.5, 0.5, 0.5, 0.5, 0.5, 0.5, 0.5, 0.5, 0.5, 0.5, 0.5, 0.5, 0.5, 0.5, 0.5, 0.5, 0.5, 0.5, 0.5, 0.5, 0.5, 0.5, 0.5, 0.5, 0.5, 0.5, 0.5, 0.5, 0.5, 0.5, 0.5, 0.5, 0.5, 0.5, 0.5, 0.5, 0.5, 0.5, 0.5, 0.5, 0.5, 0.5, 0.5, 0.5, 0.5, 0.5, 0.5, 0.5, 0.5, 0.5, 0.5, 0.5, 0.5, 0.5, 0.5, 0.5, 0.5, 0.5, 0.5, 0.5, 0.5, 0.5, 0.5, 0.5, 0.5, 0.5, 0.5, 0.5, 0.5, 0.5, 0.5, 0.5, 0.5, 0.5, 0.5, 0.5, 0.5, 0.5, 0.5, 0.5, 0.5, 0.5, 0.5, 0.5, 0.5, 0.5, 0.5, 0.5, 0.5, 0.5, 0.5, 0.5, 0.5, 0.5, 0.5, 0.5, 0.5, 0.5, 0.5, 0.5, 0.5, 0.5, 0.5, 0.5, 0.5, 0.5, 0.5, 0.5, 0.5, 0.5, 0.5, 0.5, 0.5, 0.5, 0.5, 0.5, 0.5, 0.5, 0.5, 0.5, 0.5, 0.5, 0.5, 0.5, 0.5, 0.5, 0.5, 0.5, 0.5, 0.5, 0.5, 0.5, 0.5, 0.5, 0.5, 0.5, 0.5, 0.5, 0.5, 0.5, 0.5, 0.5, 0.5, 0.5, 0.5, 0.5, 0.5, 0.5, 0.5, 0.5, 0.5, 0.5, 0.5, 0.5, 0.5, 0.5, 0.5, 0.5, 0.5, 0.5, 0.5, 0.5, 0.5, 0.5, 0.5, 0.5, 0.5, 0.5, 0.5, 0.5, 0.5, 0.5, 0.5, 0.5, 0.5, 0.5, 0.5, 0.5, 0.5, 0.5, 0.5, 0.5, 0.5, 0.5, 0.5, 0.5, 0.5, 0.5, 0.5, 0.5, 0.5, 0.5, 0.5, 0.5, 0.5, 0.5, 0.5, 0.5, 0.5, 0.5, 0.5, 0.5, 0.5, 0.5, 0.5, 0.5, 0.5, 0.5, 0.5, 0.5, 0.5, 0.5, 0.5, 0.5, 0.5, 0.5, 0.5, 0.5, 0.5, 0.5, 0.5, 0.5, 0.5, 0.5, 0.5, 0.5, 0.5, 0.5, 0.5, 0.5, 0.5, 0.5, 0.5, 0.5, 0.5, 0.5, 0.5, 0.5, 0.5, 0.5, 0.5, 0.5, 0.5, 0.5, 0.5, 0.5, 0.5, 0.5, 0.5, 0.5, 0.5, 0.5, 0.5, 0.5, 0.5, 0.5, 0.5, 0.5, 0.5, 0.5, 0.5, 0.5, 0.5, 0.5, 0.5, 0.5, 0.5, 0.5, 0.5, 0.5, 0.5, 0.5, 0.5, 0.5, 0.5, 0.5, 0.5, 0.5, 0.5, 0.5, 0.5, 0.5, 0.5, 0.5, 0.5, 0.5, 0.5, 0.5, 0.5, 0.5, 0.5, 0.5, 0.5, 0.5, 0.5, 0.5, 0.5, 0.5, 0.5, 0.5, 0.5, 0.5, 0.5, 0.5, 0.5, 0.5, 0.5, 0.5, 0.5, 0.5, 0.5, 0.5, 0.5, 0.5, 0.5, 0.5, 0.5, 0.5, 0.5, 0.5, 0.5, 0.5, 0.5, 0.5, 0.5, 0.5, 0.5, 0.5, 0.5, 0.5, 0.5, 0.5, 0.5, 0.5, 0.5, 0.5, 0.5, 0.5, 0.5, 0.5, 0.5, 0.5, 0.5, 0.5, 0.5, 0.5, 0.5, 0.5, 0.5, 0.5, 0.5, 0.5, 0.5, 0.5, 0.5, 0.5, 0.5, 0.5, 0.5, 0.5, 0.5, 0.5, 0.5, 0.5, 0.5, 0.5, 0.5, 0.5, 0.5, 0.5, 0.5, 0.5, 0.5, 0.5, 0.5, 0.5, 0.5, 0.5, 0.5, 0.5, 0.5, 0.5, 0.5, 0.5, 0.5, 0.5, 0.5, 0.5, 0.5, 0.5, 0.5, 0.5, 0.5, 0.5, 0.5, 0.5, 0.5, 0.5, 0.5, 0.5, 0.5, 0.5, 0.5, 0.5, 0.5, 0.5, 0.5, 0.5, 0.5, 0.5, 0.5, 0.5, 0.5, 0.5, 0.5, 0.5, 0.5, 0.5, 0.5, 0.5, 0.5, 0.5, 0.5, 0.5, 0.5, 0.5, 0.5, 0.5, 0.5, 0.5, 0.5, 0.5, 0.5, 0.5, 0.5, 0.5, 0.5, 0.5, 0.5, 0.5, 0.5, 0.5, 0.5, 0.5, 0.5, 0.5, 0.5, 0.5, 0.5, 0.5, 0.5, 0.5, 0.5, 0.5, 0.5, 0.5, 0.5, 0.5, 0.5, 0.5, 0.5, 0.5, 0.5, 0.5, 0.5, 0.5, 0.5, 0.5, 0.5, 0.5, 0.5, 0.5, 0.5, 0.5, 0.5, 0.5, 0.5, 0.5, 0.5, 0.5, 0.5, 0.5, 0.5, 0.5, 0.5, 0.5, 0.5, 0.5, 0.5, 0.5, 0.5, 0.5, 0.5, 0.5, 0.5, 0.5, 0.5, 0.5, 0.5, 0.5, 0.5, 0.5, 0.5, 0.5, 0.5, 0.5, 0.5, 0.5, 0.5, 0.5, 0.5, 0.5, 0.5, 0.5, 0.5, 0.5, 0.5, 0.5, 0.5, 0.5, 0.5, 0.5, 0.5, 0.5, 0.5, 0.5, 0.5, 0.5, 0.5, 0.5, 0.5, 0.5, 0.5, 0.5, 0.5, 0.5, 0.5, 0.5, 0.5, 0.5, 0.5, 0.5, 0.5, 0.5, 0.5, 0.5, 0.5, 0.5, 0.5, 0.5, 0.5, 0.5, 0.5, 0.5, 0.5, 0.5, 0.5, 0.5, 0.5, 0.5, 0.5, 0.5, 0.5, 0.5, 0.5, 0.5, 0.5, 0.5, 0.5, 0.5, 0.5, 0.5, 0.5, 0.5, 0.5, 0.5, 0.5, 0.5, 0.5, 0.5, 0.5, 0.5, 0.5, 0.5, 0.5, 0.5, 0.5, 0.5, 0.5, 0.5, 0.5, 0.5, 0.5, 0.5, 0.5, 0.5, 0.5, 0.5, 0.5, 0.5, 0.5, 0.5, 0.5, 0.5, 0.5, 0.5, 0.5, 0.5, 0.5, 0.5, 0.5, 0.5, 0.5, 0.5, 0.5, 0.5, 0.5, 0.5, 0.5, 0.5, 0.5, 0.5, 0.5, 0.5, 0.5, 0.5, 0.5, 0.5, 0.5, 0.5, 0.5, 0.5, 0.5, 0.5, 0.5, 0.5, 0.5, 0.5, 0.5, 0.5, 0.5, 0.5, 0.5, 0.5, 0.5, 0.5, 0.5, 0.5, 0.5, 0.5, 0.5, 0.5, 0.5, 0.5, 0.5, 0.5, 0.5, 0.5, 0.5, 0.5, 0.5, 0.5, 0.5, 0.5, 0.5, 0.5, 0.5, 0.5, 0.5, 0.5, 0.5, 0.5, 0.5, 0.5, 0.5, 0.5, 0.5, 0.5, 0.5, 0.5, 0.5, 0.5, 0.5, 0.5, 0.5, 0.5, 0.5, 0.5, 0.5, 0.5, 0.5, 0.5, 0.5, 0.5, 0.5, 0.5, 0.5, 0.5, 0.5, 0.5, 0.5, 0.5, 0.5, 0.5, 0.5, 0.5, 0.5, 0.5, 0.5, 0.5, 0.5, 0.5, 0.5, 0.5, 0.5, 0.5, 0.5, 0.5, 0.5, 0.5, 0.5, 0.5, 0.5, 0.5, 0.5, 0.5, 0.5, 0.5, 0.5, 0.5, 0.5, 0.5, 0.5, 0.5, 0.5, 0.5, 0.5, 0.5, 0.5, 0.5, 0.5, 0.5, 0.5, 0.5, 0.5, 0.5, 0.5, 0.5, 0.5, 0.5, 0.5, 0.5, 0.5, 0.5, 0.5, 0.5, 0.5, 0.5, 0.5, 0.5, 0.5, 0.5, 0.5, 0.5, 0.5, 0.5, 0.5, 0.5, 0.5, 0.5, 0.5, 0.5, 0.5, 0.5, 0.5, 0.5, 0.5, 0.5, 0.5, 0.5, 0.5, 0.5, 0.5, 0.5, 0.5, 0.5, 0.5, 0.5, 0.5, 0.5, 0.5, 0.5, 0.5, 0.5, 0.5, 0.5, 0.5, 0.5, 0.5, 0.5, 0.5, 0.5, 0.5, 0.5, 0.5, 0.5, 0.5, 0.5, 0.5, 0.5, 0.5, 0.5, 0.5, 0.5, 0.5, 0.5, 0.5, 0.5, 0.5, 0.5, 0.5, 0.5, 0.5, 0.5, 0.5, 0.5, 0.5, 0.5, 0.5, 0.5, 0.5, 0.5, 0.5, 0.5, 0.5, 0.5, 0.5, 0.5, 0.5, 0.5, 0.5, 0.5, 0.5, 0.5, 0.5, 0.5, 0.5, 0.5, 0.5, 0.5, 0.5, 0.5, 0.5, 0.5, 0.5, 0.5, 0.5, 0.5, 0.5, 0.5, 0.5, 0.5, 0.5, 0.5, 0.5, 0.5, 0.5, 0.5, 0.5, 0.5, 0.5, 0.5, 0.5, 0.5, 0.5, 0.5, 0.5, 0.5, 0.5, 0.5, 0.5, 0.5, 0.5, 0.5, 0.5, 0.5, 0.5, 0.5, 0.5, 0.5, 0.5, 0.5, 0.5, 0.5, 0.5, 0.5, 0.5, 0.5, 0.5, 0.5, 0.5, 0.5, 0.5, 0.5, 0.5, 0.5, 0.5, 0.5, 0.5, 0.5, 0.5, 0.5, 0.5, 0.5, 0.5, 0.5, 0.5, 0.5, 0.5, 0.5, 0.5, 0.5, 0.5, 0.5, 0.5, 0.5, 0.5, 0.5, 0.5, 0.5, 0.5, 0.5, 0.5, 0.5, 0.5, 0.5, 0.5, 0.5, 0.5, 0.5, 0.5, 0.5, 0.5, 0.5, 0.5, 0.5, 0.5, 0.5, 0.5, 0.5, 0.5, 0.5, 0.5, 0.5, 0.5, 0.5, 0.5, 0.5, 0.5, 0.5, 0.5, 0.5, 0.5, 0.5, 0.5, 0.5, 0.5, 0.5, 0.5, 0.5, 0.5, 0.5, 0.5, 0.5, 0.5, 0.5, 0.5, 0.5, 0.5, 0.5, 0.5, 0.5, 0.5, 0.5, 0.5, 0.5, 0.5, 0.5, 0.5, 0.5, 0.5, 0.5, 0.5, 0.5, 0.5, 0.5, 0.5, 0.5, 0.5, 0.5, 0.5, 0.5, 0.5, 0.5, 0.5, 0.5, 0.5, 0.5, 0.5, 0.5, 0.5, 0.5, 0.5, 0.5, 0.5, 0.5, 0.5, 0.5, 0.5, 0.5, 0.5, 0.5, 0.5, 0.5, 0.5, 0.5, 0.5, 0.5, 0.5, 0.5, 0.5, 0.5, 0.5, 0.5, 0.5, 0.5, 0.5, 0.5, 0.5, 0.5]",3
2026_11_KICE_18-21_0,['2(2)'],"1번: 적절하다. “호랑이가 수령 말을 듣더니마는 거두룸을 피우며 오늘은 노소고하를 막론하고 자세히 말해 보라.”  
2번: 부적절하다. 실제로 자라는 호랑이가 “호랑이”라 부른 뒤에야 비로소 “나는 명색이 자라 새끼요”라며 정체를 밝혔다. “자라는 호랑이란 말을 듣고서 겁짐에 바로 일러 나는 명색이 자라 새끼요.”  
3번: 적절하다. 자라는 호랑이가 자신을 해치려 들자 “네 이놈 호랑아 내 목 나간다”라며 목을 내밀고, 이어 “도리랑귀신” 이야기를 꺼내 맞섰다.  
4번: 적절하다. 별주부는 “쓸개 주겠다고 놓아 달라는 것이 얼주검이 된 모양이라” 생각하고 호랑이의 아랫도리를 늦춰 놓았다.  
5번: 적절하다. 호랑이는 먼 길을 달려 숨을 고르다 남생이를 보고 “저놈 그 새 저기 쫓아왔구나”라며 자라(별주부)가 자신을 쫓아왔다고 여겼다.  

최종 정답: 2번","[16, 167, 110, 230, 25, 23821, 254, 223, 168, 254, 230, 47991, 246, 46695, 97, 13, 564, 250, 169, 246, 116, 167, 252, 239, 35975, 112, 166, 108, 222, 23821, 230, 246, 167, 254, 117, 31619, 100, 238, 35975, 226, 31619, 241, 96, 167, 235, 242, 46695, 230, 167, 100, 230, 167, 232, 242, 220, 166, 109, 108, 167, 239, 238, 167, 96, 116, 35975, 226, 220, 169, 242, 120, 168, 248, 108, 167, 102, 108, 23821, 246, 97, 167, 232, 246, 35975, 222, 31619, 227, 116, 168, 228, 234, 166, 111, 254, 47991, 246, 167, 98, 120, 31619, 100, 231, 167, 94, 254, 47991, 246, 166, 111, 254, 23821, 252, 238, 168, 226, 116, 169, 252, 230, 31619, 100, 238, 47991, 112, 31619, 111, 112, 167, 251, 120, 13, 447, 251, 220, 220, 198, 17, 167, 110, 230, 25, 31619, 114, 222, 168, 254, 223, 168, 254, 230, 47991, 246, 46695, 97, 13, 23821, 233, 97, 168, 254, 250, 167, 94, 250, 23821, 252, 238, 167, 251, 120, 167, 232, 242, 220, 169, 246, 116, 167, 252, 239, 35975, 112, 166, 108, 222, 564, 250, 169, 246, 116, 167, 252, 239, 35975, 112, 447, 251, 167, 251, 120, 31619, 114, 222, 167, 98, 116, 31619, 240, 97, 168, 245, 238, 168, 243, 120, 31619, 117, 226, 167, 94, 250, 168, 228, 234, 564, 250, 167, 224, 246, 167, 232, 242, 31619, 103, 227, 168, 225, 231, 35975, 112, 23821, 252, 238, 167, 251, 120, 23821, 225, 230, 167, 223, 120, 168, 248, 242, 447, 251, 167, 251, 120, 167, 102, 108, 23821, 254, 243, 168, 110, 112, 167, 98, 120, 31619, 108, 251, 169, 246, 242, 46695, 97, 13, 564, 250, 168, 252, 238, 167, 251, 120, 167, 232, 242, 220, 169, 246, 116, 167, 252, 239, 35975, 112, 167, 252, 222, 31619, 100, 238, 35975, 226, 31619, 241, 96, 166, 111, 254, 168, 226, 250, 220, 166, 110, 223, 168, 100, 238, 168, 245, 238, 31619, 108, 242, 167, 94, 250, 23821, 251, 120, 167, 253, 105, 31619, 224, 246, 167, 232, 242, 31619, 103, 227, 168, 225, 231, 35975, 112, 23821, 252, 238, 167, 251, 120, 23821, 225, 230, 167, 223, 120, 168, 248, 242, 13, 447, 251, 220, 220, 198, 18, 167, 110, 230, 25, 23821, 254, 223, 168, 254, 230, 47991, 246, 46695, 97, 13, 23821, 252, 238, 167, 251, 120, 167, 232, 242, 220, 169, 246, 116, 167, 252, 239, 35975, 112, 166, 108, 222, 23821, 252, 238, 168, 233, 254, 35975, 226, 220, 47991, 112, 168, 117, 246, 167, 254, 97, 31619, 241, 97, 168, 252, 238, 564, 250, 167, 226, 97, 23821, 251, 112, 167, 228, 230, 220, 169, 246, 116, 167, 252, 239, 168, 243, 226, 31619, 224, 112, 31619, 103, 102, 31619, 224, 246, 166, 108, 226, 46695, 97, 447, 251, 167, 251, 120, 167, 102, 108, 31619, 103, 102, 35975, 226, 31619, 224, 112, 167, 108, 222, 166, 111, 254, 11, 23821, 251, 112, 168, 244, 112, 564, 250, 167, 237, 226, 167, 99, 105, 167, 252, 239, 166, 115, 222, 168, 233, 254, 447, 251, 23821, 251, 112, 168, 243, 120, 166, 116, 108, 167, 98, 120, 220, 166, 118, 120, 167, 224, 112, 31619, 100, 252, 168, 226, 108, 46695, 97, 13, 220, 220, 198, 19, 167, 110, 230, 25, 23821, 254, 223, 168, 254, 230, 47991, 246, 46695, 97, 13, 31619, 111, 226, 168, 96, 120, 167, 114, 222, 167, 232, 242, 564, 250, 168, 241, 116, 166, 108, 250, 23821, 96, 120, 166, 110, 254, 46695, 97, 166, 111, 254, 31619, 228, 241, 168, 243, 226, 31619, 233, 105, 167, 251, 120, 167, 232, 242, 220, 166, 110, 225, 35975, 112, 23821, 244, 120, 168, 96, 120, 166, 110, 222, 35975, 112, 31619, 238, 250, 31619, 103, 101, 168, 244, 239, 35975, 112, 167, 251, 120, 447, 251, 23821, 225, 251, 166, 108, 223, 47991, 246, 166, 111, 254, 220, 169, 246, 116, 167, 252, 239, 35975, 112, 35975, 246, 23821, 243, 226, 167, 252, 104, 167, 237, 226, 167, 99, 105, 167, 98, 120, 31619, 232, 99, 168, 114, 108, 31619, 228, 241, 168, 243, 246, 46695, 97, 13, 220, 220, 198, 20, 167, 110, 230, 25, 23821, 254, 223, 168, 254, 230, 47991, 246, 46695, 97, 13, 220, 169, 246, 116, 167, 252, 239, 35975, 112, 167, 232, 242, 31619, 101, 120, 220, 166, 116, 116, 35975, 226, 31619, 233, 105, 167, 254, 97, 23821, 230, 101, 35975, 226, 220, 166, 111, 254, 167, 98, 112, 46695, 97, 31619, 224, 101, 168, 225, 251, 35975, 112, 167, 98, 120, 31619, 111, 112, 166, 111, 254, 564, 250, 168, 254, 222, 167, 228, 230, 220, 166, 115, 116, 23821, 225, 230, 23821, 254, 222, 166, 116, 108, 23821, 104, 241, 168, 243, 226, 168, 247, 242, 166, 113, 105, 167, 224, 246, 447, 251, 167, 251, 120, 167, 102, 108, 23821, 252, 238, 167, 251, 120, 7, 167, 111, 226, 168, 96, 120, 167, 114, 222, 8, 166, 108, 222, 23821, 252, 238, 168, 233, 254, 35975, 226, 23821, 104, 241, 168, 243, 226, 168, 247, 242, 46695, 97, 166, 111, 254, 23821, 245, 105, 166, 110, 120, 46695, 97, 13, 220, 220, 198, 198, 168, 113, 250, 168, 95, 227, 23821, 254, 243, 46695, 113, 25, 362, 167, 110, 230]","[0.5, 0.5, 0.5, 0.5, 0.5, 0.5, 0.5, 0.5, 0.5, 0.5, 0.5, 0.5, 0.5, 0.5, 0.5, 0.5, 0.5, 0.5, 0.5, 0.5, 0.5, 0.5, 0.5, 0.5, 0.5, 0.5, 0.5, 0.5, 0.5, 0.5, 0.5, 0.5, 0.5, 0.5, 0.5, 0.5, 0.5, 0.5, 0.5, 0.5, 0.5, 0.5, 0.5, 0.5, 0.5, 0.5, 0.5, 0.5, 0.5, 0.5, 0.5, 0.5, 0.5, 0.5, 0.5, 0.5, 0.5, 0.5, 0.5, 0.5, 0.5, 0.5, 0.5, 0.5, 0.5, 0.5, 0.5, 0.5, 0.5, 0.5, 0.5, 0.5, 0.5, 0.5, 0.5, 0.5, 0.5, 0.5, 0.5, 0.5, 0.5, 0.5, 0.5, 0.5, 0.5, 0.5, 0.5, 0.5, 0.5, 0.5, 0.5, 0.5, 0.5, 0.5, 0.5, 0.5, 0.5, 0.5, 0.5, 0.5, 0.5, 0.5, 0.5, 0.5, 0.5, 0.5, 0.5, 0.5, 0.5, 0.5, 0.5, 0.5, 0.5, 0.5, 0.5, 0.5, 0.5, 0.5, 0.5, 0.5, 0.5, 0.5, 0.5, 0.5, 0.5, 0.5, 0.5, 0.5, 0.5, 0.5, 0.5, 0.5, 0.5, 0.5, 0.5, 0.5, 0.5, 0.5, 0.5, 0.5, 0.5, 0.5, 0.5, 0.5, 0.5, 0.5, 0.5, 0.5, 0.5, 0.5, 0.5, 0.5, 0.5, 0.5, 0.5, 0.5, 0.5, 0.5, 0.5, 0.5, 0.5, 0.5, 0.5, 0.5, 0.5, 0.5, 0.5, 0.5, 0.5, 0.5, 0.5, 0.5, 0.5, 0.5, 0.5, 0.5, 0.5, 0.5, 0.5, 0.5, 0.5, 0.5, 0.5, 0.5, 0.5, 0.5, 0.5, 0.5, 0.5, 0.5, 0.5, 0.5, 0.5, 0.5, 0.5, 0.5, 0.5, 0.5, 0.5, 0.5, 0.5, 0.5, 0.5, 0.5, 0.5, 0.5, 0.5, 0.5, 0.5, 0.5, 0.5, 0.5, 0.5, 0.5, 0.5, 0.5, 0.5, 0.5, 0.5, 0.5, 0.5, 0.5, 0.5, 0.5, 0.5, 0.5, 0.5, 0.5, 0.5, 0.5, 0.5, 0.5, 0.5, 0.5, 0.5, 0.5, 0.5, 0.5, 0.5, 0.5, 0.5, 0.5, 0.5, 0.5, 0.5, 0.5, 0.5, 0.5, 0.5, 0.5, 0.5, 0.5, 0.5, 0.5, 0.5, 0.5, 0.5, 0.5, 0.5, 0.5, 0.5, 0.5, 0.5, 0.5, 0.5, 0.5, 0.5, 0.5, 0.5, 0.5, 0.5, 0.5, 0.5, 0.5, 0.5, 0.5, 0.5, 0.5, 0.5, 0.5, 0.5, 0.5, 0.5, 0.5, 0.5, 0.5, 0.5, 0.5, 0.5, 0.5, 0.5, 0.5, 0.5, 0.5, 0.5, 0.5, 0.5, 0.5, 0.5, 0.5, 0.5, 0.5, 0.5, 0.5, 0.5, 0.5, 0.5, 0.5, 0.5, 0.5, 0.5, 0.5, 0.5, 0.5, 0.5, 0.5, 0.5, 0.5, 0.5, 0.5, 0.5, 0.5, 0.5, 0.5, 0.5, 0.5, 0.5, 0.5, 0.5, 0.5, 0.5, 0.5, 0.5, 0.5, 0.5, 0.5, 0.5, 0.5, 0.5, 0.5, 0.5, 0.5, 0.5, 0.5, 0.5, 0.5, 0.5, 0.5, 0.5, 0.5, 0.5, 0.5, 0.5, 0.5, 0.5, 0.5, 0.5, 0.5, 0.5, 0.5, 0.5, 0.5, 0.5, 0.5, 0.5, 0.5, 0.5, 0.5, 0.5, 0.5, 0.5, 0.5, 0.5, 0.5, 0.5, 0.5, 0.5, 0.5, 0.5, 0.5, 0.5, 0.5, 0.5, 0.5, 0.5, 0.5, 0.5, 0.5, 0.5, 0.5, 0.5, 0.5, 0.5, 0.5, 0.5, 0.5, 0.5, 0.5, 0.5, 0.5, 0.5, 0.5, 0.5, 0.5, 0.5, 0.5, 0.5, 0.5, 0.5, 0.5, 0.5, 0.5, 0.5, 0.5, 0.5, 0.5, 0.5, 0.5, 0.5, 0.5, 0.5, 0.5, 0.5, 0.5, 0.5, 0.5, 0.5, 0.5, 0.5, 0.5, 0.5, 0.5, 0.5, 0.5, 0.5, 0.5, 0.5, 0.5, 0.5, 0.5, 0.5, 0.5, 0.5, 0.5, 0.5, 0.5, 0.5, 0.5, 0.5, 0.5, 0.5, 0.5, 0.5, 0.5, 0.5, 0.5, 0.5, 0.5, 0.5, 0.5, 0.5, 0.5, 0.5, 0.5, 0.5, 0.5, 0.5, 0.5, 0.5, 0.5, 0.5, 0.5, 0.5, 0.5, 0.5, 0.5, 0.5, 0.5, 0.5, 0.5, 0.5, 0.5, 0.5, 0.5, 0.5, 0.5, 0.5, 0.5, 0.5, 0.5, 0.5, 0.5, 0.5, 0.5, 0.5, 0.5, 0.5, 0.5, 0.5, 0.5, 0.5, 0.5, 0.5, 0.5, 0.5, 0.5, 0.5, 0.5, 0.5, 0.5, 0.5, 0.5, 0.5, 0.5, 0.5, 0.5, 0.5, 0.5, 0.5, 0.5, 0.5, 0.5, 0.5, 0.5, 0.5, 0.5, 0.5, 0.5, 0.5, 0.5, 0.5, 0.5, 0.5, 0.5, 0.5, 0.5, 0.5, 0.5, 0.5, 0.5, 0.5, 0.5, 0.5, 0.5, 0.5, 0.5, 0.5, 0.5, 0.5, 0.5, 0.5, 0.5, 0.5, 0.5, 0.5, 0.5, 0.5, 0.5, 0.5, 0.5, 0.5, 0.5, 0.5, 0.5, 0.5, 0.5, 0.5, 0.5, 0.5, 0.5, 0.5, 0.5, 0.5, 0.5, 0.5, 0.5, 0.5, 0.5, 0.5, 0.5, 0.5, 0.5, 0.5, 0.5, 0.5, 0.5, 0.5, 0.5, 0.5, 0.5, 0.5, 0.5, 0.5, 0.5, 0.5, 0.5, 0.5, 0.5, 0.5, 0.5, 0.5, 0.5, 0.5, 0.5, 0.5, 0.5, 0.5, 0.5, 0.5, 0.5, 0.5, 0.5, 0.5, 0.5, 0.5, 0.5, 0.5, 0.5, 0.5, 0.5, 0.5, 0.5, 0.5, 0.5, 0.5, 0.5, 0.5, 0.5, 0.5, 0.5, 0.5, 0.5, 0.5, 0.5, 0.5, 0.5, 0.5, 0.5, 0.5, 0.5, 0.5, 0.5, 0.5, 0.5, 0.5, 0.5, 0.5, 0.5, 0.5, 0.5, 0.5, 0.5, 0.5, 0.5, 0.5, 0.5, 0.5, 0.5, 0.5, 0.5, 0.5, 0.5, 0.5, 0.5, 0.5, 0.5, 0.5, 0.5, 0.5, 0.5, 0.5, 0.5, 0.5, 0.5, 0.5, 0.5, 0.5, 0.5, 0.5, 0.5, 0.5, 0.5, 0.5, 0.5, 0.5, 0.5, 0.5, 0.5, 0.5, 0.5, 0.5, 0.5, 0.5, 0.5, 0.5, 0.5, 0.5, 0.5, 0.5, 0.5, 0.5, 0.5, 0.5, 0.5, 0.5, 0.5, 0.5, 0.5, 0.5, 0.5, 0.5, 0.5, 0.5, 0.5, 0.5, 0.5, 0.5, 0.5, 0.5, 0.5, 0.5, 0.5, 0.5, 0.5, 0.5, 0.5, 0.5, 0.5, 0.5, 0.5, 0.5, 0.5, 0.5, 0.5, 0.5, 0.5, 0.5, 0.5, 0.5, 0.5, 0.5, 0.5, 0.5, 0.5, 0.5, 0.5, 0.5, 0.5, 0.5, 0.5, 0.5, 0.5, 0.5, 0.5, 0.5, 0.5, 0.5, 0.5, 0.5, 0.5, 0.5, 0.5, 0.5, 0.5, 0.5, 0.5, 0.5, 0.5, 0.5, 0.5, 0.5, 0.5, 0.5, 0.5, 0.5, 0.5, 0.5, 0.5, 0.5, 0.5, 0.5, 0.5, 0.5, 0.5, 0.5, 0.5, 0.5, 0.5, 0.5, 0.5, 0.5, 0.5, 0.5, 0.5, 0.5, 0.5, 0.5, 0.5, 0.5, 0.5, 0.5, 0.5, 0.5, 0.5, 0.5, 0.5, 0.5, 0.5, 0.5, 0.5, 0.5, 0.5, 0.5, 0.5, 0.5, 0.5, 0.5, 0.5, 0.5, 0.5, 0.5, 0.5, 0.5, 0.5, 0.5, 0.5, 0.5, 0.5, 0.5, 0.5, 0.5, 0.5, 0.5, 0.5, 0.5, 0.5, 0.5, 0.5, 0.5, 0.5, 0.5, 0.5, 0.5, 0.5, 0.5, 0.5, 0.5, 0.5, 0.5, 0.5, 0.5, 0.5, 0.5, 0.5, 0.5, 0.5, 0.5, 0.5, 0.5, 0.5, 0.5, 0.5, 0.5, 0.5, 0.5, 0.5, 0.5, 0.5, 0.5, 0.5, 0.5, 0.5, 0.5, 0.5, 0.5, 0.5, 0.5, 0.5, 0.5, 0.5, 0.5, 0.5, 0.5, 0.5, 0.5, 0.5, 0.5]",2
2026_11_KICE_18-21_1,['4(2)'],"1번: 오답. ㉠은 ‘공동의 문제를 해결하기 위한 모족의 노력이 나타나는 공간’도, 화해가 이루어지는 곳도 아니다.  
   (“나는 이 산중 지키는 호 생원 어른이로다”)

2번: 오답. ㉡ ‘수궁’은 자라가 자신의 내력을 밝히는 곳이지만, 호랑이와의 만남을 예상하고 대비한 공간이 아니다.  
   (“우리 수궁 퇴락허여 영덕전 새로 질 제 일천팔백 칸 기와를 내 손으로 올리다가…”)

3번: 오답. ㉢ ‘세수람 고개’에서 호랑이는 자신의 생존을 ‘용맹’ 덕분으로 보며, 능력을 넘어선 뜻밖의 행운으로 여기지 않는다.  
   (“내 용맹이나 된 게 여기까지 살아왔지 잡놈 같았으면 하마 그놈 뱃속에 굳었으렷다”)

4번: 오답. ㉠은 자라가 위험에 빠져든 직접적 공간이 아니고, ㉡은 위험 탈출을 위해 언급된 장소가 아니다.

5번: 정답.  
   ㉠은 자라의 발화로 ‘호 생원’이라는 호랑이의 지위가 확인되는 공간이다.  
   (“나는 이 산중 지키는 호 생원 어른이로다”)  
   ㉢은 호랑이가 ‘잡놈’과 자신을 비교하면서 스스로를 단순한 짐승이 아님을 부정(‘내가 보통 짐승 같았으면 …’)하는 공간이다.  
   (“잡놈 같았으면 하마 그놈 뱃속에 굳었으렷다”)

최종 정답: 5번","[16, 167, 110, 230, 25, 23821, 246, 97, 46695, 113, 13, 220, 159, 231, 254, 35975, 222, 564, 246, 166, 111, 113, 167, 237, 247, 35975, 246, 31619, 105, 116, 168, 254, 250, 167, 98, 120, 220, 47991, 112, 166, 110, 108, 47991, 246, 166, 116, 108, 23821, 250, 226, 47991, 250, 31619, 103, 101, 168, 94, 109, 35975, 246, 31619, 227, 116, 167, 254, 98, 35975, 112, 31619, 224, 246, 169, 225, 222, 167, 224, 246, 167, 232, 242, 220, 166, 111, 113, 166, 108, 226, 447, 247, 167, 237, 226, 11, 220, 169, 247, 242, 47991, 112, 166, 108, 222, 23821, 251, 112, 167, 96, 101, 168, 244, 112, 168, 100, 222, 167, 232, 242, 220, 166, 111, 111, 167, 237, 226, 23821, 243, 226, 46695, 230, 46695, 97, 13, 220, 220, 198, 220, 220, 357, 447, 250, 167, 224, 246, 167, 232, 242, 23821, 251, 112, 23821, 224, 108, 168, 97, 239, 23821, 100, 222, 169, 224, 97, 167, 232, 242, 220, 169, 246, 116, 23821, 225, 251, 168, 249, 238, 23821, 244, 112, 167, 98, 116, 35975, 112, 167, 94, 250, 46695, 97, 447, 251, 8, 198, 198, 17, 167, 110, 230, 25, 23821, 246, 97, 46695, 113, 13, 220, 159, 231, 94, 564, 246, 168, 230, 246, 166, 114, 223, 447, 247, 35975, 222, 23821, 252, 238, 167, 251, 120, 166, 108, 222, 23821, 252, 238, 168, 233, 254, 35975, 246, 31619, 224, 112, 167, 254, 98, 35975, 226, 31619, 108, 251, 169, 252, 230, 167, 232, 242, 220, 166, 111, 111, 35975, 112, 168, 100, 222, 167, 100, 234, 11, 220, 169, 246, 116, 167, 252, 239, 35975, 112, 168, 247, 222, 35975, 246, 31619, 100, 234, 167, 224, 101, 35975, 226, 23821, 246, 230, 168, 225, 223, 47991, 246, 166, 111, 254, 31619, 234, 222, 167, 117, 226, 47991, 250, 220, 166, 111, 113, 166, 108, 226, 35975, 112, 23821, 243, 226, 46695, 230, 46695, 97, 13, 220, 220, 198, 220, 220, 357, 447, 250, 168, 248, 108, 167, 99, 105, 23821, 230, 246, 166, 114, 223, 220, 169, 229, 112, 167, 251, 121, 169, 245, 230, 168, 245, 105, 23821, 246, 223, 167, 235, 243, 168, 254, 226, 23821, 225, 230, 167, 94, 250, 23821, 100, 230, 23821, 254, 250, 23821, 251, 120, 168, 110, 250, 169, 234, 242, 167, 108, 109, 23821, 117, 116, 220, 166, 116, 108, 168, 247, 222, 167, 98, 120, 31619, 224, 112, 23821, 228, 238, 168, 250, 120, 167, 94, 250, 23821, 246, 105, 167, 99, 105, 46695, 97, 166, 108, 222, 1399, 447, 251, 8, 198, 198, 18, 167, 110, 230, 25, 23821, 246, 97, 46695, 113, 13, 220, 159, 231, 95, 564, 246, 168, 226, 116, 168, 230, 246, 167, 252, 234, 220, 166, 111, 254, 166, 108, 250, 447, 247, 168, 245, 238, 168, 226, 250, 220, 169, 246, 116, 167, 252, 239, 35975, 112, 167, 232, 242, 23821, 252, 238, 168, 233, 254, 35975, 246, 23821, 225, 251, 168, 94, 112, 35975, 226, 564, 246, 168, 248, 102, 167, 100, 117, 447, 247, 31619, 235, 243, 167, 114, 226, 168, 250, 120, 167, 94, 250, 31619, 111, 112, 167, 102, 108, 11, 31619, 232, 98, 167, 254, 98, 35975, 226, 31619, 226, 246, 168, 244, 112, 168, 226, 254, 31619, 250, 119, 167, 108, 244, 35975, 246, 220, 169, 244, 231, 168, 248, 112, 168, 250, 120, 167, 94, 250, 23821, 245, 105, 166, 116, 108, 168, 100, 222, 23821, 243, 232, 167, 232, 242, 46695, 97, 13, 220, 220, 198, 220, 220, 357, 447, 250, 167, 224, 112, 23821, 248, 102, 167, 100, 117, 35975, 112, 167, 224, 246, 31619, 238, 250, 220, 166, 110, 234, 23821, 245, 105, 166, 116, 108, 166, 117, 234, 168, 100, 222, 23821, 224, 112, 168, 243, 226, 168, 247, 242, 168, 100, 222, 23821, 252, 94, 167, 228, 230, 220, 166, 108, 247, 168, 243, 246, 168, 250, 120, 167, 102, 112, 220, 47991, 246, 167, 100, 230, 220, 166, 115, 116, 167, 228, 230, 31619, 109, 225, 168, 228, 235, 168, 245, 238, 220, 166, 113, 111, 168, 245, 230, 168, 250, 120, 167, 254, 115, 46695, 97, 447, 251, 8, 198, 198, 19, 167, 110, 230, 25, 23821, 246, 97, 46695, 113, 13, 220, 159, 231, 254, 35975, 222, 23821, 252, 238, 167, 251, 120, 166, 108, 222, 23821, 250, 226, 169, 245, 246, 168, 245, 238, 31619, 117, 254, 168, 254, 116, 167, 241, 254, 23821, 100, 223, 168, 254, 239, 168, 254, 223, 220, 166, 111, 113, 166, 108, 226, 35975, 112, 23821, 243, 226, 46695, 230, 166, 111, 254, 11, 220, 159, 231, 94, 35975, 222, 23821, 250, 226, 169, 245, 246, 220, 169, 225, 230, 168, 114, 250, 35975, 226, 23821, 250, 226, 47991, 112, 23821, 244, 116, 166, 116, 231, 167, 238, 250, 23821, 252, 98, 168, 228, 234, 166, 108, 222, 23821, 243, 226, 46695, 230, 46695, 97, 13, 198, 198, 20, 167, 110, 230, 25, 23821, 254, 243, 46695, 113, 13, 220, 220, 198, 220, 220, 220, 159, 231, 254, 35975, 222, 23821, 252, 238, 167, 251, 120, 35975, 246, 31619, 108, 250, 169, 247, 242, 167, 94, 250, 564, 246, 169, 246, 116, 23821, 225, 251, 168, 249, 238, 447, 247, 35975, 112, 167, 251, 120, 167, 232, 242, 220, 169, 246, 116, 167, 252, 239, 35975, 112, 35975, 246, 23821, 100, 222, 168, 250, 226, 166, 108, 222, 220, 169, 247, 243, 35975, 116, 167, 238, 246, 167, 232, 242, 220, 166, 111, 113, 166, 108, 226, 35975, 112, 46695, 97, 13, 220, 220, 198, 220, 220, 357, 447, 250, 167, 224, 246, 167, 232, 242, 23821, 251, 112, 23821, 224, 108, 168, 97, 239, 23821, 100, 222, 169, 224, 97, 167, 232, 242, 220, 169, 246, 116, 23821, 225, 251, 168, 249, 238, 23821, 244, 112, 167, 98, 116, 35975, 112, 167, 94, 250, 46695, 97, 447, 251, 8, 220, 220, 198, 220, 220, 220, 159, 231, 95, 35975, 222, 220, 169, 246, 116, 167, 252, 239, 35975, 112, 166, 108, 222, 564, 246, 168, 252, 94, 167, 228, 230, 447, 247, 166, 111, 120, 23821, 252, 238, 168, 233, 254, 35975, 226, 31619, 117, 226, 166, 113, 238, 47991, 246, 167, 102, 112, 168, 226, 250, 23821, 232, 97, 168, 232, 97, 167, 94, 250, 167, 98, 120, 31619, 233, 101, 168, 230, 250, 47991, 250, 23821, 100, 238, 168, 232, 117, 35975, 112, 23821, 243, 226, 46695, 246, 35975, 226, 31619, 114, 222, 168, 254, 243, 7, 447, 246, 167, 224, 112, 166, 108, 222, 31619, 111, 112, 169, 228, 113, 23821, 100, 238, 168, 232, 117, 220, 166, 108, 247, 168, 243, 246, 168, 250, 120, 167, 102, 112, 3926, 447, 247, 8, 47991, 246, 167, 232, 242, 220, 166, 111, 113, 166, 108, 226, 35975, 112, 46695, 97, 13, 220, 220, 198, 220, 220, 357, 447, 250, 168, 252, 94, 167, 228, 230, 220, 166, 108, 247, 168, 243, 246, 168, 250, 120, 167, 102, 112, 220, 47991, 246, 167, 100, 230, 220, 166, 115, 116, 167, 228, 230, 31619, 109, 225, 168, 228, 235, 168, 245, 238, 220, 166, 113, 111, 168, 245, 230, 168, 250, 120, 167, 254, 115, 46695, 97, 447, 251, 8, 198, 198, 168, 113, 250, 168, 95, 227, 23821, 254, 243, 46695, 113, 25, 642, 167, 110, 230]","[0.5, 0.5, 0.5, 0.5, 0.5, 0.5, 0.5, 0.5, 0.5, 0.5, 0.5, 0.5, 0.5, 0.5, 0.5, 0.5, 0.5, 0.5, 0.5, 0.5, 0.5, 0.5, 0.5, 0.5, 0.5, 0.5, 0.5, 0.5, 0.5, 0.5, 0.5, 0.5, 0.5, 0.5, 0.5, 0.5, 0.5, 0.5, 0.5, 0.5, 0.5, 0.5, 0.5, 0.5, 0.5, 0.5, 0.5, 0.5, 0.5, 0.5, 0.5, 0.5, 0.5, 0.5, 0.5, 0.5, 0.5, 0.5, 0.5, 0.5, 0.5, 0.5, 0.5, 0.5, 0.5, 0.5, 0.5, 0.5, 0.5, 0.5, 0.5, 0.5, 0.5, 0.5, 0.5, 0.5, 0.5, 0.5, 0.5, 0.5, 0.5, 0.5, 0.5, 0.5, 0.5, 0.5, 0.5, 0.5, 0.5, 0.5, 0.5, 0.5, 0.5, 0.5, 0.5, 0.5, 0.5, 0.5, 0.5, 0.5, 0.5, 0.5, 0.5, 0.5, 0.5, 0.5, 0.5, 0.5, 0.5, 0.5, 0.5, 0.5, 0.5, 0.5, 0.5, 0.5, 0.5, 0.5, 0.5, 0.5, 0.5, 0.5, 0.5, 0.5, 0.5, 0.5, 0.5, 0.5, 0.5, 0.5, 0.5, 0.5, 0.5, 0.5, 0.5, 0.5, 0.5, 0.5, 0.5, 0.5, 0.5, 0.5, 0.5, 0.5, 0.5, 0.5, 0.5, 0.5, 0.5, 0.5, 0.5, 0.5, 0.5, 0.5, 0.5, 0.5, 0.5, 0.5, 0.5, 0.5, 0.5, 0.5, 0.5, 0.5, 0.5, 0.5, 0.5, 0.5, 0.5, 0.5, 0.5, 0.5, 0.5, 0.5, 0.5, 0.5, 0.5, 0.5, 0.5, 0.5, 0.5, 0.5, 0.5, 0.5, 0.5, 0.5, 0.5, 0.5, 0.5, 0.5, 0.5, 0.5, 0.5, 0.5, 0.5, 0.5, 0.5, 0.5, 0.5, 0.5, 0.5, 0.5, 0.5, 0.5, 0.5, 0.5, 0.5, 0.5, 0.5, 0.5, 0.5, 0.5, 0.5, 0.5, 0.5, 0.5, 0.5, 0.5, 0.5, 0.5, 0.5, 0.5, 0.5, 0.5, 0.5, 0.5, 0.5, 0.5, 0.5, 0.5, 0.5, 0.5, 0.5, 0.5, 0.5, 0.5, 0.5, 0.5, 0.5, 0.5, 0.5, 0.5, 0.5, 0.5, 0.5, 0.5, 0.5, 0.5, 0.5, 0.5, 0.5, 0.5, 0.5, 0.5, 0.5, 0.5, 0.5, 0.5, 0.5, 0.5, 0.5, 0.5, 0.5, 0.5, 0.5, 0.5, 0.5, 0.5, 0.5, 0.5, 0.5, 0.5, 0.5, 0.5, 0.5, 0.5, 0.5, 0.5, 0.5, 0.5, 0.5, 0.5, 0.5, 0.5, 0.5, 0.5, 0.5, 0.5, 0.5, 0.5, 0.5, 0.5, 0.5, 0.5, 0.5, 0.5, 0.5, 0.5, 0.5, 0.5, 0.5, 0.5, 0.5, 0.5, 0.5, 0.5, 0.5, 0.5, 0.5, 0.5, 0.5, 0.5, 0.5, 0.5, 0.5, 0.5, 0.5, 0.5, 0.5, 0.5, 0.5, 0.5, 0.5, 0.5, 0.5, 0.5, 0.5, 0.5, 0.5, 0.5, 0.5, 0.5, 0.5, 0.5, 0.5, 0.5, 0.5, 0.5, 0.5, 0.5, 0.5, 0.5, 0.5, 0.5, 0.5, 0.5, 0.5, 0.5, 0.5, 0.5, 0.5, 0.5, 0.5, 0.5, 0.5, 0.5, 0.5, 0.5, 0.5, 0.5, 0.5, 0.5, 0.5, 0.5, 0.5, 0.5, 0.5, 0.5, 0.5, 0.5, 0.5, 0.5, 0.5, 0.5, 0.5, 0.5, 0.5, 0.5, 0.5, 0.5, 0.5, 0.5, 0.5, 0.5, 0.5, 0.5, 0.5, 0.5, 0.5, 0.5, 0.5, 0.5, 0.5, 0.5, 0.5, 0.5, 0.5, 0.5, 0.5, 0.5, 0.5, 0.5, 0.5, 0.5, 0.5, 0.5, 0.5, 0.5, 0.5, 0.5, 0.5, 0.5, 0.5, 0.5, 0.5, 0.5, 0.5, 0.5, 0.5, 0.5, 0.5, 0.5, 0.5, 0.5, 0.5, 0.5, 0.5, 0.5, 0.5, 0.5, 0.5, 0.5, 0.5, 0.5, 0.5, 0.5, 0.5, 0.5, 0.5, 0.5, 0.5, 0.5, 0.5, 0.5, 0.5, 0.5, 0.5, 0.5, 0.5, 0.5, 0.5, 0.5, 0.5, 0.5, 0.5, 0.5, 0.5, 0.5, 0.5, 0.5, 0.5, 0.5, 0.5, 0.5, 0.5, 0.5, 0.5, 0.5, 0.5, 0.5, 0.5, 0.5, 0.5, 0.5, 0.5, 0.5, 0.5, 0.5, 0.5, 0.5, 0.5, 0.5, 0.5, 0.5, 0.5, 0.5, 0.5, 0.5, 0.5, 0.5, 0.5, 0.5, 0.5, 0.5, 0.5, 0.5, 0.5, 0.5, 0.5, 0.5, 0.5, 0.5, 0.5, 0.5, 0.5, 0.5, 0.5, 0.5, 0.5, 0.5, 0.5, 0.5, 0.5, 0.5, 0.5, 0.5, 0.5, 0.5, 0.5, 0.5, 0.5, 0.5, 0.5, 0.5, 0.5, 0.5, 0.5, 0.5, 0.5, 0.5, 0.5, 0.5, 0.5, 0.5, 0.5, 0.5, 0.5, 0.5, 0.5, 0.5, 0.5, 0.5, 0.5, 0.5, 0.5, 0.5, 0.5, 0.5, 0.5, 0.5, 0.5, 0.5, 0.5, 0.5, 0.5, 0.5, 0.5, 0.5, 0.5, 0.5, 0.5, 0.5, 0.5, 0.5, 0.5, 0.5, 0.5, 0.5, 0.5, 0.5, 0.5, 0.5, 0.5, 0.5, 0.5, 0.5, 0.5, 0.5, 0.5, 0.5, 0.5, 0.5, 0.5, 0.5, 0.5, 0.5, 0.5, 0.5, 0.5, 0.5, 0.5, 0.5, 0.5, 0.5, 0.5, 0.5, 0.5, 0.5, 0.5, 0.5, 0.5, 0.5, 0.5, 0.5, 0.5, 0.5, 0.5, 0.5, 0.5, 0.5, 0.5, 0.5, 0.5, 0.5, 0.5, 0.5, 0.5, 0.5, 0.5, 0.5, 0.5, 0.5, 0.5, 0.5, 0.5, 0.5, 0.5, 0.5, 0.5, 0.5, 0.5, 0.5, 0.5, 0.5, 0.5, 0.5, 0.5, 0.5, 0.5, 0.5, 0.5, 0.5, 0.5, 0.5, 0.5, 0.5, 0.5, 0.5, 0.5, 0.5, 0.5, 0.5, 0.5, 0.5, 0.5, 0.5, 0.5, 0.5, 0.5, 0.5, 0.5, 0.5, 0.5, 0.5, 0.5, 0.5, 0.5, 0.5, 0.5, 0.5, 0.5, 0.5, 0.5, 0.5, 0.5, 0.5, 0.5, 0.5, 0.5, 0.5, 0.5, 0.5, 0.5, 0.5, 0.5, 0.5, 0.5, 0.5, 0.5, 0.5, 0.5, 0.5, 0.5, 0.5, 0.5, 0.5, 0.5, 0.5, 0.5, 0.5, 0.5, 0.5, 0.5, 0.5, 0.5, 0.5, 0.5, 0.5, 0.5, 0.5, 0.5, 0.5, 0.5, 0.5, 0.5, 0.5, 0.5, 0.5, 0.5, 0.5, 0.5, 0.5, 0.5, 0.5, 0.5, 0.5, 0.5, 0.5, 0.5, 0.5, 0.5, 0.5, 0.5, 0.5, 0.5, 0.5, 0.5, 0.5, 0.5, 0.5, 0.5, 0.5, 0.5, 0.5, 0.5, 0.5, 0.5, 0.5, 0.5, 0.5, 0.5, 0.5, 0.5, 0.5, 0.5, 0.5, 0.5, 0.5, 0.5, 0.5, 0.5, 0.5, 0.5, 0.5, 0.5, 0.5, 0.5, 0.5, 0.5, 0.5, 0.5, 0.5, 0.5, 0.5, 0.5, 0.5, 0.5, 0.5, 0.5, 0.5, 0.5, 0.5, 0.5, 0.5, 0.5, 0.5, 0.5, 0.5, 0.5, 0.5, 0.5, 0.5, 0.5, 0.5, 0.5, 0.5, 0.5, 0.5, 0.5, 0.5, 0.5, 0.5, 0.5, 0.5, 0.5, 0.5, 0.5, 0.5, 0.5, 0.5, 0.5, 0.5, 0.5, 0.5, 0.5, 0.5, 0.5, 0.5, 0.5, 0.5, 0.5, 0.5, 0.5, 0.5, 0.5, 0.5, 0.5, 0.5, 0.5, 0.5, 0.5, 0.5, 0.5, 0.5, 0.5, 0.5, 0.5, 0.5, 0.5, 0.5, 0.5, 0.5, 0.5, 0.5, 0.5, 0.5, 0.5, 0.5, 0.5, 0.5, 0.5, 0.5, 0.5, 0.5, 0.5, 0.5, 0.5, 0.5, 0.5, 0.5, 0.5, 0.5, 0.5, 0.5, 0.5, 0.5, 0.5, 0.5, 0.5, 0.5, 0.5, 0.5, 0.5, 0.5, 0.5, 0.5, 0.5, 0.5, 0.5, 0.5, 0.5, 0.5, 0.5, 0.5, 0.5, 0.5, 0.5, 0.5, 0.5, 0.5, 0.5, 0.5, 0.5, 0.5, 0.5, 0.5, 0.5, 0.5, 0.5, 0.5, 0.5, 0.5, 0.5, 0.5, 0.5, 0.5, 0.5, 0.5, 0.5, 0.5, 0.5, 0.5, 0.5, 0.5, 0.5, 0.5, 0.5, 0.5, 0.5, 0.5, 0.5, 0.5, 0.5, 0.5, 0.5, 0.5, 0.5, 0.5, 0.5, 0.5, 0.5, 0.5, 0.5, 0.5, 0.5, 0.5, 0.5, 0.5, 0.5, 0.5, 0.5, 0.5, 0.5, 0.5, 0.5, 0.5, 0.5, 0.5, 0.5, 0.5, 0.5, 0.5, 0.5, 0.5, 0.5, 0.5, 0.5, 0.5, 0.5, 0.5, 0.5, 0.5, 0.5, 0.5, 0.5, 0.5, 0.5, 0.5, 0.5, 0.5, 0.5, 0.5, 0.5, 0.5, 0.5, 0.5, 0.5, 0.5, 0.5, 0.5, 0.5, 0.5, 0.5, 0.5, 0.5, 0.5, 0.5, 0.5, 0.5, 0.5, 0.5, 0.5, 0.5, 0.5, 0.5, 0.5, 0.5, 0.5, 0.5, 0.5, 0.5, 0.5, 0.5, 0.5, 0.5, 0.5, 0.5, 0.5, 0.5, 0.5, 0.5, 0.5, 0.5, 0.5, 0.5, 0.5, 0.5, 0.5, 0.5, 0.5, 0.5, 0.5, 0.5, 0.5, 0.5, 0.5, 0.5, 0.5, 0.5, 0.5, 0.5, 0.5, 0.5, 0.5, 0.5, 0.5, 0.5, 0.5, 0.5, 0.5, 0.5, 0.5, 0.5, 0.5, 0.5, 0.5, 0.5, 0.5, 0.5, 0.5, 0.5, 0.5, 0.5, 0.5, 0.5, 0.5, 0.5, 0.5, 0.5, 0.5, 0.5, 0.5, 0.5, 0.5, 0.5, 0.5, 0.5, 0.5, 0.5, 0.5, 0.5, 0.5, 0.5, 0.5, 0.5, 0.5, 0.5, 0.5, 0.5, 0.5, 0.5, 0.5, 0.5, 0.5, 0.5, 0.5, 0.5, 0.5, 0.5, 0.5, 0.5, 0.5, 0.5, 0.5, 0.5, 0.5, 0.5, 0.5, 0.5, 0.5, 0.5, 0.5, 0.5, 0.5, 0.5, 0.5, 0.5, 0.5, 0.5, 0.5, 0.5, 0.5, 0.5, 0.5, 0.5, 0.5, 0.5, 0.5, 0.5, 0.5, 0.5, 0.5, 0.5, 0.5, 0.5, 0.5, 0.5, 0.5, 0.5, 0.5, 0.5, 0.5, 0.5, 0.5, 0.5, 0.5, 0.5, 0.5, 0.5, 0.5, 0.5, 0.5, 0.5, 0.5, 0.5, 0.5, 0.5, 0.5, 0.5, 0.5, 0.5, 0.5, 0.5, 0.5, 0.5, 0.5, 0.5, 0.5, 0.5, 0.5, 0.5, 0.5, 0.5, 0.5, 0.5, 0.5, 0.5, 0.5, 0.5, 0.5, 0.5, 0.5, 0.5, 0.5, 0.5, 0.5, 0.5, 0.5, 0.5, 0.5, 0.5, 0.5, 0.5, 0.5, 0.5, 0.5, 0.5, 0.5, 0.5, 0.5, 0.5, 0.5, 0.5, 0.5, 0.5, 0.5, 0.5, 0.5, 0.5, 0.5, 0.5, 0.5, 0.5, 0.5, 0.5, 0.5, 0.5, 0.5, 0.5, 0.5, 0.5, 0.5, 0.5, 0.5, 0.5, 0.5, 0.5, 0.5, 0.5, 0.5, 0.5, 0.5, 0.5, 0.5, 0.5, 0.5]",0
2026_11_KICE_18-21_2,['3(2)'],"1번: 부적절 (“ⓐ: 호랑이가 생원 말 듣기는 제 평생 처음이라 ⓐ[반기 듣고] 내려오는듸” vs. “ⓑ: …잔디 뿌리… 잔디 뿌리… 자라가 ⓑ[깜짝 놀래여] 목을 움치고 가만히 엎졌을제”)  
2번: 부적절 (“ⓑ와 ⓒ는 모두 자라가 호랑이의 위협에 놀라는 반응이지, ‘상대의 당황하는 모습’에 대한 반응이 아님”)  
3번: 적절 (“ⓒ: 호랑이의 ‘한 입가심’ 제안에 자라가 깜짝 놀라 ‘여보 당신이 뉘라 허시오’라고 함”, “ⓕ: 별주부가 호랑이의 아랫도리를 물어 놓자 호랑이가 질색하며 ‘이놈 잔말 말고 쓸개만 내놔라’고 애걸함”)  
4번: 부적절 (“ⓓ는 호랑이가 별주부 부름에 ‘얼시구나 좋을시고…맛진 진미를 먹어 보자’고 한 반응이지만, ⓔ는 별주부의 목 내놓기 제안에 놀라 묻는 반응으로 같은 맥락의 ‘숙원 성취 확인’이라 보기 어려움”)  
5번: 부적절 (“ⓔ는 별주부의 희생 제안에 놀라는 반응이지만, ⓕ는 별주부의 예상 밖 행동(아랫도리 물기)에 대한 질색 반응으로 ‘제안’과 꼭 대응하지 않음”)  

최종 정답: 3번","[16, 167, 110, 230, 25, 31619, 114, 222, 168, 254, 223, 168, 254, 230, 357, 447, 250, 158, 241, 238, 25, 220, 169, 246, 116, 167, 252, 239, 35975, 112, 166, 108, 222, 23821, 225, 251, 168, 249, 238, 31619, 100, 238, 31619, 241, 96, 166, 116, 108, 167, 232, 242, 23821, 254, 250, 220, 169, 237, 231, 168, 225, 251, 23821, 110, 246, 35975, 234, 35975, 112, 167, 251, 120, 2343, 241, 238, 58, 167, 108, 246, 166, 116, 108, 31619, 241, 96, 166, 111, 254, 60, 31619, 224, 112, 167, 254, 97, 168, 246, 97, 167, 232, 242, 167, 241, 116, 447, 251, 3691, 13, 564, 250, 158, 241, 239, 25, 3926, 168, 252, 242, 167, 242, 242, 31619, 123, 234, 167, 99, 105, 1399, 23821, 252, 242, 167, 242, 242, 31619, 123, 234, 167, 99, 105, 1399, 23821, 252, 238, 167, 251, 120, 166, 108, 222, 2343, 241, 239, 58, 166, 117, 250, 168, 100, 251, 31619, 228, 222, 167, 252, 246, 168, 245, 105, 60, 31619, 103, 102, 35975, 226, 23821, 249, 222, 168, 117, 246, 166, 111, 254, 220, 166, 108, 222, 167, 100, 234, 169, 252, 230, 23821, 245, 236, 168, 94, 234, 35975, 226, 168, 254, 250, 447, 251, 8, 220, 220, 198, 17, 167, 110, 230, 25, 31619, 114, 222, 168, 254, 223, 168, 254, 230, 357, 447, 250, 158, 241, 239, 168, 247, 222, 2343, 241, 240, 167, 232, 242, 31619, 103, 101, 167, 239, 238, 23821, 252, 238, 167, 251, 120, 166, 108, 222, 220, 169, 246, 116, 167, 252, 239, 35975, 112, 35975, 246, 23821, 250, 226, 169, 246, 239, 168, 245, 238, 31619, 228, 222, 167, 251, 120, 167, 232, 242, 31619, 108, 246, 35975, 239, 35975, 112, 168, 100, 222, 11, 564, 246, 168, 225, 223, 167, 234, 222, 35975, 246, 31619, 233, 117, 169, 247, 102, 47991, 246, 167, 232, 242, 31619, 103, 101, 168, 232, 113, 447, 247, 168, 245, 238, 31619, 234, 222, 47991, 250, 31619, 108, 246, 35975, 239, 35975, 112, 23821, 243, 226, 46695, 246, 447, 251, 8, 220, 220, 198, 18, 167, 110, 230, 25, 23821, 254, 223, 168, 254, 230, 357, 447, 250, 158, 241, 240, 25, 220, 169, 246, 116, 167, 252, 239, 35975, 112, 35975, 246, 564, 246, 47991, 250, 23821, 252, 227, 166, 108, 222, 168, 233, 105, 447, 247, 23821, 254, 250, 168, 243, 230, 168, 245, 238, 23821, 252, 238, 167, 251, 120, 166, 108, 222, 220, 166, 117, 250, 168, 100, 251, 31619, 228, 222, 167, 251, 120, 564, 246, 168, 245, 105, 167, 111, 112, 31619, 233, 117, 168, 233, 254, 35975, 112, 31619, 231, 246, 167, 251, 120, 220, 169, 245, 230, 168, 233, 250, 168, 246, 97, 447, 247, 167, 251, 120, 166, 111, 254, 220, 47991, 101, 447, 251, 11, 564, 250, 158, 241, 243, 25, 31619, 111, 226, 168, 96, 120, 167, 114, 222, 166, 108, 222, 220, 169, 246, 116, 167, 252, 239, 35975, 112, 35975, 246, 23821, 243, 226, 167, 252, 104, 167, 237, 226, 167, 99, 105, 167, 98, 120, 31619, 45539, 168, 244, 112, 31619, 228, 241, 168, 252, 238, 220, 169, 246, 116, 167, 252, 239, 35975, 112, 166, 108, 222, 23821, 100, 230, 168, 225, 231, 47991, 246, 167, 102, 108, 564, 246, 35975, 112, 167, 228, 230, 23821, 252, 242, 167, 100, 238, 31619, 100, 238, 166, 111, 254, 23821, 241, 116, 166, 108, 250, 167, 100, 234, 31619, 224, 112, 167, 228, 242, 167, 251, 120, 447, 247, 166, 111, 254, 23821, 243, 254, 166, 109, 116, 47991, 101, 447, 251, 8, 220, 220, 198, 19, 167, 110, 230, 25, 31619, 114, 222, 168, 254, 223, 168, 254, 230, 357, 447, 250, 158, 241, 241, 167, 232, 242, 220, 169, 246, 116, 167, 252, 239, 35975, 112, 166, 108, 222, 31619, 111, 226, 168, 96, 120, 167, 114, 222, 31619, 114, 222, 167, 99, 226, 168, 245, 238, 564, 246, 168, 244, 120, 168, 233, 250, 166, 113, 105, 167, 224, 246, 23821, 95, 233, 35975, 226, 168, 233, 250, 166, 111, 254, 1399, 167, 100, 249, 168, 100, 226, 23821, 100, 226, 167, 107, 116, 167, 98, 120, 31619, 101, 117, 168, 244, 112, 31619, 111, 112, 168, 252, 238, 447, 247, 166, 111, 254, 220, 47991, 250, 31619, 108, 246, 35975, 239, 35975, 112, 168, 100, 222, 167, 100, 234, 11, 2343, 241, 242, 167, 232, 242, 31619, 111, 226, 168, 96, 120, 167, 114, 222, 35975, 246, 31619, 103, 102, 31619, 224, 112, 167, 228, 241, 166, 116, 108, 23821, 254, 250, 168, 243, 230, 168, 245, 238, 31619, 228, 222, 167, 251, 120, 31619, 105, 119, 167, 232, 242, 31619, 108, 246, 35975, 239, 168, 250, 120, 167, 94, 250, 220, 166, 108, 247, 35975, 222, 31619, 100, 98, 167, 251, 121, 35975, 246, 564, 246, 168, 230, 247, 168, 249, 238, 23821, 226, 109, 168, 115, 101, 220, 169, 247, 243, 35975, 116, 447, 247, 35975, 112, 167, 251, 120, 31619, 111, 112, 166, 116, 108, 23821, 244, 112, 167, 254, 97, 168, 249, 222, 447, 251, 8, 220, 220, 198, 20, 167, 110, 230, 25, 31619, 114, 222, 168, 254, 223, 168, 254, 230, 357, 447, 250, 158, 241, 242, 167, 232, 242, 31619, 111, 226, 168, 96, 120, 167, 114, 222, 35975, 246, 220, 169, 251, 105, 168, 225, 251, 23821, 254, 250, 168, 243, 230, 168, 245, 238, 31619, 228, 222, 167, 251, 120, 167, 232, 242, 31619, 108, 246, 35975, 239, 35975, 112, 168, 100, 222, 167, 100, 234, 11, 2343, 241, 243, 167, 232, 242, 31619, 111, 226, 168, 96, 120, 167, 114, 222, 35975, 246, 23821, 246, 230, 168, 225, 223, 31619, 108, 244, 220, 169, 244, 231, 167, 237, 247, 7, 168, 243, 226, 167, 252, 104, 167, 237, 226, 167, 99, 105, 31619, 45539, 166, 116, 108, 8, 168, 245, 238, 31619, 234, 222, 47991, 250, 23821, 100, 230, 168, 225, 231, 31619, 108, 246, 35975, 239, 168, 250, 120, 167, 94, 250, 564, 246, 168, 254, 250, 168, 243, 230, 447, 247, 166, 111, 120, 220, 166, 120, 255, 31619, 234, 222, 35975, 239, 47991, 246, 168, 100, 222, 23821, 243, 232, 35975, 234, 447, 251, 8, 220, 220, 198, 198, 168, 113, 250, 168, 95, 227, 23821, 254, 243, 46695, 113, 25, 513, 167, 110, 230]","[0.5, 0.5, 0.5, 0.5, 0.5, 0.5, 0.5, 0.5, 0.5, 0.5, 0.5, 0.5, 0.5, 0.5, 0.5, 0.5, 0.5, 0.5, 0.5, 0.5, 0.5, 0.5, 0.5, 0.5, 0.5, 0.5, 0.5, 0.5, 0.5, 0.5, 0.5, 0.5, 0.5, 0.5, 0.5, 0.5, 0.5, 0.5, 0.5, 0.5, 0.5, 0.5, 0.5, 0.5, 0.5, 0.5, 0.5, 0.5, 0.5, 0.5, 0.5, 0.5, 0.5, 0.5, 0.5, 0.5, 0.5, 0.5, 0.5, 0.5, 0.5, 0.5, 0.5, 0.5, 0.5, 0.5, 0.5, 0.5, 0.5, 0.5, 0.5, 0.5, 0.5, 0.5, 0.5, 0.5, 0.5, 0.5, 0.5, 0.5, 0.5, 0.5, 0.5, 0.5, 0.5, 0.5, 0.5, 0.5, 0.5, 0.5, 0.5, 0.5, 0.5, 0.5, 0.5, 0.5, 0.5, 0.5, 0.5, 0.5, 0.5, 0.5, 0.5, 0.5, 0.5, 0.5, 0.5, 0.5, 0.5, 0.5, 0.5, 0.5, 0.5, 0.5, 0.5, 0.5, 0.5, 0.5, 0.5, 0.5, 0.5, 0.5, 0.5, 0.5, 0.5, 0.5, 0.5, 0.5, 0.5, 0.5, 0.5, 0.5, 0.5, 0.5, 0.5, 0.5, 0.5, 0.5, 0.5, 0.5, 0.5, 0.5, 0.5, 0.5, 0.5, 0.5, 0.5, 0.5, 0.5, 0.5, 0.5, 0.5, 0.5, 0.5, 0.5, 0.5, 0.5, 0.5, 0.5, 0.5, 0.5, 0.5, 0.5, 0.5, 0.5, 0.5, 0.5, 0.5, 0.5, 0.5, 0.5, 0.5, 0.5, 0.5, 0.5, 0.5, 0.5, 0.5, 0.5, 0.5, 0.5, 0.5, 0.5, 0.5, 0.5, 0.5, 0.5, 0.5, 0.5, 0.5, 0.5, 0.5, 0.5, 0.5, 0.5, 0.5, 0.5, 0.5, 0.5, 0.5, 0.5, 0.5, 0.5, 0.5, 0.5, 0.5, 0.5, 0.5, 0.5, 0.5, 0.5, 0.5, 0.5, 0.5, 0.5, 0.5, 0.5, 0.5, 0.5, 0.5, 0.5, 0.5, 0.5, 0.5, 0.5, 0.5, 0.5, 0.5, 0.5, 0.5, 0.5, 0.5, 0.5, 0.5, 0.5, 0.5, 0.5, 0.5, 0.5, 0.5, 0.5, 0.5, 0.5, 0.5, 0.5, 0.5, 0.5, 0.5, 0.5, 0.5, 0.5, 0.5, 0.5, 0.5, 0.5, 0.5, 0.5, 0.5, 0.5, 0.5, 0.5, 0.5, 0.5, 0.5, 0.5, 0.5, 0.5, 0.5, 0.5, 0.5, 0.5, 0.5, 0.5, 0.5, 0.5, 0.5, 0.5, 0.5, 0.5, 0.5, 0.5, 0.5, 0.5, 0.5, 0.5, 0.5, 0.5, 0.5, 0.5, 0.5, 0.5, 0.5, 0.5, 0.5, 0.5, 0.5, 0.5, 0.5, 0.5, 0.5, 0.5, 0.5, 0.5, 0.5, 0.5, 0.5, 0.5, 0.5, 0.5, 0.5, 0.5, 0.5, 0.5, 0.5, 0.5, 0.5, 0.5, 0.5, 0.5, 0.5, 0.5, 0.5, 0.5, 0.5, 0.5, 0.5, 0.5, 0.5, 0.5, 0.5, 0.5, 0.5, 0.5, 0.5, 0.5, 0.5, 0.5, 0.5, 0.5, 0.5, 0.5, 0.5, 0.5, 0.5, 0.5, 0.5, 0.5, 0.5, 0.5, 0.5, 0.5, 0.5, 0.5, 0.5, 0.5, 0.5, 0.5, 0.5, 0.5, 0.5, 0.5, 0.5, 0.5, 0.5, 0.5, 0.5, 0.5, 0.5, 0.5, 0.5, 0.5, 0.5, 0.5, 0.5, 0.5, 0.5, 0.5, 0.5, 0.5, 0.5, 0.5, 0.5, 0.5, 0.5, 0.5, 0.5, 0.5, 0.5, 0.5, 0.5, 0.5, 0.5, 0.5, 0.5, 0.5, 0.5, 0.5, 0.5, 0.5, 0.5, 0.5, 0.5, 0.5, 0.5, 0.5, 0.5, 0.5, 0.5, 0.5, 0.5, 0.5, 0.5, 0.5, 0.5, 0.5, 0.5, 0.5, 0.5, 0.5, 0.5, 0.5, 0.5, 0.5, 0.5, 0.5, 0.5, 0.5, 0.5, 0.5, 0.5, 0.5, 0.5, 0.5, 0.5, 0.5, 0.5, 0.5, 0.5, 0.5, 0.5, 0.5, 0.5, 0.5, 0.5, 0.5, 0.5, 0.5, 0.5, 0.5, 0.5, 0.5, 0.5, 0.5, 0.5, 0.5, 0.5, 0.5, 0.5, 0.5, 0.5, 0.5, 0.5, 0.5, 0.5, 0.5, 0.5, 0.5, 0.5, 0.5, 0.5, 0.5, 0.5, 0.5, 0.5, 0.5, 0.5, 0.5, 0.5, 0.5, 0.5, 0.5, 0.5, 0.5, 0.5, 0.5, 0.5, 0.5, 0.5, 0.5, 0.5, 0.5, 0.5, 0.5, 0.5, 0.5, 0.5, 0.5, 0.5, 0.5, 0.5, 0.5, 0.5, 0.5, 0.5, 0.5, 0.5, 0.5, 0.5, 0.5, 0.5, 0.5, 0.5, 0.5, 0.5, 0.5, 0.5, 0.5, 0.5, 0.5, 0.5, 0.5, 0.5, 0.5, 0.5, 0.5, 0.5, 0.5, 0.5, 0.5, 0.5, 0.5, 0.5, 0.5, 0.5, 0.5, 0.5, 0.5, 0.5, 0.5, 0.5, 0.5, 0.5, 0.5, 0.5, 0.5, 0.5, 0.5, 0.5, 0.5, 0.5, 0.5, 0.5, 0.5, 0.5, 0.5, 0.5, 0.5, 0.5, 0.5, 0.5, 0.5, 0.5, 0.5, 0.5, 0.5, 0.5, 0.5, 0.5, 0.5, 0.5, 0.5, 0.5, 0.5, 0.5, 0.5, 0.5, 0.5, 0.5, 0.5, 0.5, 0.5, 0.5, 0.5, 0.5, 0.5, 0.5, 0.5, 0.5, 0.5, 0.5, 0.5, 0.5, 0.5, 0.5, 0.5, 0.5, 0.5, 0.5, 0.5, 0.5, 0.5, 0.5, 0.5, 0.5, 0.5, 0.5, 0.5, 0.5, 0.5, 0.5, 0.5, 0.5, 0.5, 0.5, 0.5, 0.5, 0.5, 0.5, 0.5, 0.5, 0.5, 0.5, 0.5, 0.5, 0.5, 0.5, 0.5, 0.5, 0.5, 0.5, 0.5, 0.5, 0.5, 0.5, 0.5, 0.5, 0.5, 0.5, 0.5, 0.5, 0.5, 0.5, 0.5, 0.5, 0.5, 0.5, 0.5, 0.5, 0.5, 0.5, 0.5, 0.5, 0.5, 0.5, 0.5, 0.5, 0.5, 0.5, 0.5, 0.5, 0.5, 0.5, 0.5, 0.5, 0.5, 0.5, 0.5, 0.5, 0.5, 0.5, 0.5, 0.5, 0.5, 0.5, 0.5, 0.5, 0.5, 0.5, 0.5, 0.5, 0.5, 0.5, 0.5, 0.5, 0.5, 0.5, 0.5, 0.5, 0.5, 0.5, 0.5, 0.5, 0.5, 0.5, 0.5, 0.5, 0.5, 0.5, 0.5, 0.5, 0.5, 0.5, 0.5, 0.5, 0.5, 0.5, 0.5, 0.5, 0.5, 0.5, 0.5, 0.5, 0.5, 0.5, 0.5, 0.5, 0.5, 0.5, 0.5, 0.5, 0.5, 0.5, 0.5, 0.5, 0.5, 0.5, 0.5, 0.5, 0.5, 0.5, 0.5, 0.5, 0.5, 0.5, 0.5, 0.5, 0.5, 0.5, 0.5, 0.5, 0.5, 0.5, 0.5, 0.5, 0.5, 0.5, 0.5, 0.5, 0.5, 0.5, 0.5, 0.5, 0.5, 0.5, 0.5, 0.5, 0.5, 0.5, 0.5, 0.5, 0.5, 0.5, 0.5, 0.5, 0.5, 0.5, 0.5, 0.5, 0.5, 0.5, 0.5, 0.5, 0.5, 0.5, 0.5, 0.5, 0.5, 0.5, 0.5, 0.5, 0.5, 0.5, 0.5, 0.5, 0.5, 0.5, 0.5, 0.5, 0.5, 0.5, 0.5, 0.5, 0.5, 0.5, 0.5, 0.5, 0.5, 0.5, 0.5, 0.5, 0.5, 0.5, 0.5, 0.5, 0.5, 0.5, 0.5, 0.5, 0.5, 0.5, 0.5, 0.5, 0.5, 0.5, 0.5, 0.5, 0.5, 0.5, 0.5, 0.5, 0.5, 0.5, 0.5, 0.5, 0.5, 0.5, 0.5, 0.5, 0.5, 0.5, 0.5, 0.5, 0.5, 0.5, 0.5, 0.5, 0.5, 0.5, 0.5, 0.5, 0.5, 0.5, 0.5, 0.5, 0.5, 0.5, 0.5, 0.5, 0.5, 0.5, 0.5, 0.5, 0.5, 0.5, 0.5, 0.5, 0.5, 0.5, 0.5, 0.5, 0.5, 0.5, 0.5, 0.5, 0.5, 0.5, 0.5, 0.5, 0.5, 0.5, 0.5, 0.5, 0.5, 0.5, 0.5, 0.5, 0.5, 0.5, 0.5, 0.5, 0.5, 0.5, 0.5, 0.5, 0.5, 0.5, 0.5, 0.5, 0.5, 0.5, 0.5, 0.5, 0.5, 0.5, 0.5, 0.5, 0.5, 0.5, 0.5, 0.5, 0.5, 0.5, 0.5, 0.5, 0.5, 0.5, 0.5, 0.5, 0.5, 0.5, 0.5, 0.5, 0.5, 0.5, 0.5, 0.5, 0.5, 0.5, 0.5, 0.5, 0.5, 0.5, 0.5, 0.5, 0.5, 0.5, 0.5, 0.5, 0.5, 0.5, 0.5, 0.5, 0.5, 0.5, 0.5, 0.5, 0.5, 0.5, 0.5, 0.5, 0.5, 0.5, 0.5, 0.5, 0.5, 0.5, 0.5, 0.5, 0.5, 0.5, 0.5, 0.5, 0.5, 0.5, 0.5, 0.5, 0.5, 0.5, 0.5, 0.5, 0.5, 0.5, 0.5, 0.5, 0.5, 0.5, 0.5, 0.5, 0.5, 0.5, 0.5, 0.5, 0.5, 0.5, 0.5, 0.5, 0.5, 0.5, 0.5, 0.5, 0.5, 0.5, 0.5, 0.5, 0.5, 0.5, 0.5, 0.5, 0.5, 0.5, 0.5, 0.5, 0.5, 0.5, 0.5, 0.5, 0.5, 0.5, 0.5, 0.5, 0.5, 0.5, 0.5, 0.5, 0.5, 0.5, 0.5, 0.5, 0.5, 0.5, 0.5, 0.5, 0.5, 0.5, 0.5, 0.5, 0.5, 0.5, 0.5, 0.5, 0.5, 0.5, 0.5, 0.5, 0.5, 0.5, 0.5, 0.5, 0.5, 0.5, 0.5, 0.5, 0.5, 0.5, 0.5, 0.5, 0.5, 0.5, 0.5, 0.5, 0.5, 0.5, 0.5, 0.5, 0.5, 0.5, 0.5, 0.5, 0.5, 0.5, 0.5, 0.5, 0.5, 0.5, 0.5, 0.5, 0.5, 0.5, 0.5, 0.5]",2
2026_11_KICE_18-21_3,['2(3)'],"1번: 적절하다 (“제 무슨 아첨으로 내 잘 맡는 자랑허여 심산궁곡 층암절벽 찾고 찾어 들어와 동제 간 살해만 허니…”)

2번: 적절하다 (“별주부 듣고 기가 막혀 이 급살 맞아 죽을 놈이 동의보감을 얼마나 통달허였는지 보는 대로 약 취해 먹기로만 드니…”)

3번: 적절하다 (“일등 포수가 따러다녀 어설피 물랴다가 조총에 불이 번듯 탄환이 쑥 나오면 거 내 신세는 어쩔 것이냐”)

4번: 부적절하다 (“별주부 전에 비나이다 나는 오대독신으로 오십이 다 되도록 슬하 일점혈육이 없소 만일 내가 죽게 되면 선영에 죄가 망극허오…”)

5번: 적절하다 (“전라도 해남에서 냅다 뛴 놈이 의주 압록강 가에서 숨을 내쉬고…”)

최종 정답: 4번","[16, 167, 110, 230, 25, 23821, 254, 223, 168, 254, 230, 47991, 246, 46695, 97, 357, 447, 250, 168, 254, 250, 31619, 105, 112, 168, 232, 101, 23821, 243, 226, 168, 110, 101, 168, 250, 120, 167, 94, 250, 31619, 224, 112, 23821, 252, 246, 31619, 100, 94, 167, 232, 242, 23821, 252, 238, 167, 252, 239, 169, 245, 230, 168, 245, 105, 23821, 233, 105, 168, 224, 108, 166, 114, 223, 166, 111, 94, 23821, 116, 113, 168, 243, 242, 168, 254, 230, 167, 110, 121, 23821, 108, 122, 166, 111, 254, 23821, 108, 122, 168, 244, 112, 31619, 241, 97, 168, 244, 112, 168, 247, 222, 31619, 237, 247, 168, 254, 250, 220, 166, 108, 226, 23821, 224, 112, 47991, 112, 167, 100, 234, 220, 169, 245, 230, 46695, 230, 1399, 447, 251, 8, 198, 198, 17, 167, 110, 230, 25, 23821, 254, 223, 168, 254, 230, 47991, 246, 46695, 97, 357, 447, 250, 167, 111, 226, 168, 96, 120, 167, 114, 222, 31619, 241, 96, 166, 111, 254, 220, 166, 116, 108, 166, 108, 222, 31619, 100, 231, 169, 246, 222, 23821, 251, 112, 220, 166, 116, 231, 168, 224, 112, 31619, 100, 252, 168, 243, 226, 23821, 96, 121, 35975, 226, 31619, 228, 230, 35975, 112, 31619, 237, 247, 35975, 246, 167, 111, 112, 166, 108, 238, 35975, 226, 23821, 244, 120, 167, 100, 230, 167, 224, 246, 220, 169, 228, 113, 46695, 105, 169, 245, 230, 168, 246, 222, 167, 232, 242, 168, 100, 222, 31619, 111, 112, 167, 232, 242, 31619, 234, 222, 167, 94, 250, 23821, 243, 121, 23821, 115, 101, 47991, 112, 31619, 101, 117, 166, 116, 108, 167, 94, 250, 167, 100, 234, 31619, 241, 250, 46695, 230, 1399, 447, 251, 8, 198, 198, 18, 167, 110, 230, 25, 23821, 254, 223, 168, 254, 230, 47991, 246, 46695, 97, 357, 447, 250, 35975, 120, 167, 241, 109, 220, 169, 237, 105, 168, 230, 246, 166, 108, 222, 31619, 242, 108, 167, 253, 105, 46695, 97, 167, 227, 222, 23821, 244, 112, 168, 226, 97, 169, 242, 120, 31619, 45539, 167, 252, 112, 46695, 97, 166, 108, 222, 23821, 94, 108, 168, 112, 251, 168, 245, 238, 31619, 114, 230, 35975, 112, 31619, 110, 230, 167, 241, 107, 220, 169, 225, 226, 169, 247, 246, 35975, 112, 23821, 239, 98, 31619, 224, 246, 168, 246, 97, 167, 102, 112, 220, 166, 109, 108, 31619, 224, 112, 23821, 233, 254, 168, 226, 116, 167, 232, 242, 23821, 244, 112, 168, 102, 242, 220, 166, 110, 225, 35975, 112, 167, 225, 238, 447, 251, 8, 198, 198, 19, 167, 110, 230, 25, 31619, 114, 222, 168, 254, 223, 168, 254, 230, 47991, 246, 46695, 97, 357, 447, 250, 167, 111, 226, 168, 96, 120, 167, 114, 222, 23821, 254, 226, 168, 245, 238, 31619, 117, 226, 167, 224, 246, 35975, 112, 46695, 97, 31619, 224, 246, 167, 232, 242, 23821, 246, 97, 167, 234, 222, 167, 237, 227, 168, 233, 254, 168, 250, 120, 167, 94, 250, 23821, 246, 97, 168, 233, 255, 35975, 112, 31619, 233, 97, 31619, 238, 246, 167, 237, 226, 167, 94, 251, 23821, 232, 105, 47991, 246, 23821, 251, 120, 168, 254, 238, 169, 246, 230, 168, 250, 94, 35975, 112, 23821, 245, 228, 168, 228, 234, 31619, 100, 234, 35975, 120, 31619, 224, 112, 166, 108, 222, 23821, 96, 121, 166, 110, 234, 31619, 238, 246, 167, 102, 112, 23821, 226, 254, 168, 246, 223, 168, 245, 238, 23821, 96, 226, 166, 108, 222, 31619, 100, 251, 166, 115, 117, 169, 245, 230, 168, 246, 97, 1399, 447, 251, 8, 198, 198, 20, 167, 110, 230, 25, 23821, 254, 223, 168, 254, 230, 47991, 246, 46695, 97, 357, 447, 250, 168, 254, 226, 167, 251, 120, 167, 237, 226, 220, 47991, 112, 167, 224, 101, 168, 245, 238, 168, 226, 250, 31619, 225, 227, 46695, 97, 31619, 249, 112, 31619, 228, 230, 35975, 112, 23821, 251, 246, 168, 96, 120, 23821, 243, 243, 167, 94, 251, 166, 108, 243, 220, 166, 108, 222, 168, 245, 238, 168, 226, 250, 23821, 230, 101, 35975, 226, 31619, 224, 112, 168, 231, 105, 166, 111, 254, 1399, 447, 251, 8, 198, 198, 168, 113, 250, 168, 95, 227, 23821, 254, 243, 46695, 113, 25, 604, 167, 110, 230]","[0.5, 0.5, 0.5, 0.5, 0.5, 0.5, 0.5, 0.5, 0.5, 0.5, 0.5, 0.5, 0.5, 0.5, 0.5, 0.5, 0.5, 0.5, 0.5, 0.5, 0.5, 0.5, 0.5, 0.5, 0.5, 0.5, 0.5, 0.5, 0.5, 0.5, 0.5, 0.5, 0.5, 0.5, 0.5, 0.5, 0.5, 0.5, 0.5, 0.5, 0.5, 0.5, 0.5, 0.5, 0.5, 0.5, 0.5, 0.5, 0.5, 0.5, 0.5, 0.5, 0.5, 0.5, 0.5, 0.5, 0.5, 0.5, 0.5, 0.5, 0.5, 0.5, 0.5, 0.5, 0.5, 0.5, 0.5, 0.5, 0.5, 0.5, 0.5, 0.5, 0.5, 0.5, 0.5, 0.5, 0.5, 0.5, 0.5, 0.5, 0.5, 0.5, 0.5, 0.5, 0.5, 0.5, 0.5, 0.5, 0.5, 0.5, 0.5, 0.5, 0.5, 0.5, 0.5, 0.5, 0.5, 0.5, 0.5, 0.5, 0.5, 0.5, 0.5, 0.5, 0.5, 0.5, 0.5, 0.5, 0.5, 0.5, 0.5, 0.5, 0.5, 0.5, 0.5, 0.5, 0.5, 0.5, 0.5, 0.5, 0.5, 0.5, 0.5, 0.5, 0.5, 0.5, 0.5, 0.5, 0.5, 0.5, 0.5, 0.5, 0.5, 0.5, 0.5, 0.5, 0.5, 0.5, 0.5, 0.5, 0.5, 0.5, 0.5, 0.5, 0.5, 0.5, 0.5, 0.5, 0.5, 0.5, 0.5, 0.5, 0.5, 0.5, 0.5, 0.5, 0.5, 0.5, 0.5, 0.5, 0.5, 0.5, 0.5, 0.5, 0.5, 0.5, 0.5, 0.5, 0.5, 0.5, 0.5, 0.5, 0.5, 0.5, 0.5, 0.5, 0.5, 0.5, 0.5, 0.5, 0.5, 0.5, 0.5, 0.5, 0.5, 0.5, 0.5, 0.5, 0.5, 0.5, 0.5, 0.5, 0.5, 0.5, 0.5, 0.5, 0.5, 0.5, 0.5, 0.5, 0.5, 0.5, 0.5, 0.5, 0.5, 0.5, 0.5, 0.5, 0.5, 0.5, 0.5, 0.5, 0.5, 0.5, 0.5, 0.5, 0.5, 0.5, 0.5, 0.5, 0.5, 0.5, 0.5, 0.5, 0.5, 0.5, 0.5, 0.5, 0.5, 0.5, 0.5, 0.5, 0.5, 0.5, 0.5, 0.5, 0.5, 0.5, 0.5, 0.5, 0.5, 0.5, 0.5, 0.5, 0.5, 0.5, 0.5, 0.5, 0.5, 0.5, 0.5, 0.5, 0.5, 0.5, 0.5, 0.5, 0.5, 0.5, 0.5, 0.5, 0.5, 0.5, 0.5, 0.5, 0.5, 0.5, 0.5, 0.5, 0.5, 0.5, 0.5, 0.5, 0.5, 0.5, 0.5, 0.5, 0.5, 0.5, 0.5, 0.5, 0.5, 0.5, 0.5, 0.5, 0.5, 0.5, 0.5, 0.5, 0.5, 0.5, 0.5, 0.5, 0.5, 0.5, 0.5, 0.5, 0.5, 0.5, 0.5, 0.5, 0.5, 0.5, 0.5, 0.5, 0.5, 0.5, 0.5, 0.5, 0.5, 0.5, 0.5, 0.5, 0.5, 0.5, 0.5, 0.5, 0.5, 0.5, 0.5, 0.5, 0.5, 0.5, 0.5, 0.5, 0.5, 0.5, 0.5, 0.5, 0.5, 0.5, 0.5, 0.5, 0.5, 0.5, 0.5, 0.5, 0.5, 0.5, 0.5, 0.5, 0.5, 0.5, 0.5, 0.5, 0.5, 0.5, 0.5, 0.5, 0.5, 0.5, 0.5, 0.5, 0.5, 0.5, 0.5, 0.5, 0.5, 0.5, 0.5, 0.5, 0.5, 0.5, 0.5, 0.5, 0.5, 0.5, 0.5, 0.5, 0.5, 0.5, 0.5, 0.5, 0.5, 0.5, 0.5, 0.5, 0.5, 0.5, 0.5, 0.5, 0.5, 0.5, 0.5, 0.5, 0.5, 0.5, 0.5, 0.5, 0.5, 0.5, 0.5, 0.5, 0.5, 0.5, 0.5, 0.5, 0.5, 0.5, 0.5, 0.5, 0.5, 0.5, 0.5, 0.5, 0.5, 0.5, 0.5, 0.5, 0.5, 0.5, 0.5, 0.5, 0.5, 0.5, 0.5, 0.5, 0.5, 0.5, 0.5, 0.5, 0.5, 0.5, 0.5, 0.5, 0.5, 0.5, 0.5, 0.5, 0.5, 0.5, 0.5, 0.5, 0.5, 0.5, 0.5, 0.5, 0.5, 0.5, 0.5, 0.5, 0.5, 0.5, 0.5, 0.5, 0.5, 0.5, 0.5, 0.5, 0.5, 0.5, 0.5, 0.5, 0.5, 0.5, 0.5, 0.5, 0.5, 0.5, 0.5, 0.5, 0.5, 0.5, 0.5, 0.5, 0.5, 0.5, 0.5, 0.5, 0.5, 0.5, 0.5, 0.5, 0.5, 0.5, 0.5, 0.5, 0.5, 0.5, 0.5, 0.5, 0.5, 0.5, 0.5, 0.5, 0.5, 0.5, 0.5, 0.5, 0.5, 0.5, 0.5, 0.5, 0.5, 0.5, 0.5, 0.5, 0.5, 0.5, 0.5, 0.5, 0.5, 0.5, 0.5, 0.5, 0.5, 0.5, 0.5, 0.5, 0.5, 0.5, 0.5, 0.5, 0.5, 0.5, 0.5, 0.5, 0.5, 0.5, 0.5, 0.5, 0.5, 0.5, 0.5, 0.5, 0.5, 0.5, 0.5, 0.5, 0.5, 0.5, 0.5, 0.5, 0.5, 0.5, 0.5, 0.5, 0.5, 0.5, 0.5, 0.5, 0.5, 0.5, 0.5, 0.5, 0.5, 0.5, 0.5, 0.5, 0.5, 0.5, 0.5, 0.5, 0.5, 0.5, 0.5, 0.5, 0.5, 0.5, 0.5, 0.5, 0.5, 0.5, 0.5, 0.5, 0.5, 0.5, 0.5, 0.5, 0.5, 0.5, 0.5, 0.5, 0.5, 0.5, 0.5, 0.5, 0.5, 0.5, 0.5, 0.5, 0.5, 0.5, 0.5, 0.5, 0.5, 0.5, 0.5, 0.5, 0.5, 0.5, 0.5, 0.5, 0.5, 0.5, 0.5, 0.5, 0.5, 0.5, 0.5, 0.5, 0.5, 0.5, 0.5, 0.5, 0.5, 0.5, 0.5, 0.5, 0.5, 0.5, 0.5, 0.5, 0.5, 0.5, 0.5, 0.5, 0.5, 0.5, 0.5, 0.5, 0.5, 0.5, 0.5, 0.5, 0.5, 0.5, 0.5, 0.5, 0.5, 0.5, 0.5, 0.5, 0.5, 0.5, 0.5, 0.5, 0.5, 0.5, 0.5, 0.5, 0.5, 0.5, 0.5, 0.5, 0.5, 0.5, 0.5, 0.5, 0.5, 0.5, 0.5, 0.5, 0.5, 0.5, 0.5, 0.5, 0.5, 0.5, 0.5, 0.5, 0.5, 0.5, 0.5, 0.5, 0.5, 0.5, 0.5, 0.5, 0.5, 0.5, 0.5, 0.5, 0.5, 0.5, 0.5, 0.5, 0.5, 0.5, 0.5, 0.5, 0.5, 0.5, 0.5, 0.5, 0.5, 0.5, 0.5, 0.5, 0.5, 0.5, 0.5, 0.5, 0.5, 0.5, 0.5, 0.5, 0.5, 0.5, 0.5, 0.5, 0.5, 0.5, 0.5, 0.5, 0.5, 0.5, 0.5, 0.5, 0.5, 0.5, 0.5, 0.5, 0.5, 0.5, 0.5, 0.5, 0.5]",0
2026_11_KICE_22-26_0,['5(2)'],"1번: 틀림 – (가)에는 계절을 나타내는 표현이 없으므로 계절적 소재로 시적 분위기를 조성한다고 볼 수 없다. (""사방을 둘러보아도 등불 하나 켜 든 이 보이지 않고"")

2번: 틀림 – (나)는 자연을 관찰하며 그리움과 기다림의 정서를 담고 있으나, 초월적·탈속적 관조 태도와는 거리가 있다. (""감나무 잎새를 흔드는 게 어찌 바람뿐이랴"")

3번: 틀림 – (다)는 글쓴이 이이가 ‘소리’의 본질과 ‘좋은 소리’를 정의하고 최립을 칭찬하는 내용이지, 글쓴이와 타인의 생각을 비교하며 세태를 비판하는 글이 아니다. (""소리는 한 가지가 아니니, 쓸모없는 소리가 있고 쓸모 있는 소리가 있다"")

4번: 맞음 – (가)와 (다) 모두 연쇄적 표현을 통해 주체의 태도나 사유 흐름이 변화·발전하는 과정을 보여 준다.  
    * (가): ""두고 온 것들이 빛나는 때가 있다… 잊혀진 목소리가 살아나는 때가 있다… 잦아드는 외마디 소리를 찾아…""  
    * (다): ""초목이 움직이지 않으면… 바람이 불면 소리가 난다… 금석은 때리지 않으면… 사람이 세상에 태어나면…""

5번: 틀림 – (나)에는 가정적 조건 표현이 없고, (다)에는 조건문이 있지만 두 지문 모두 가정적 표현을 사용했다고 볼 수 없다. (""어찌 바람뿐이랴"")

최종 정답: 4번","[16, 167, 110, 230, 25, 220, 169, 233, 222, 167, 99, 120, 784, 357, 166, 108, 222, 8, 168, 245, 238, 167, 232, 242, 220, 166, 111, 226, 168, 254, 230, 35975, 226, 31619, 224, 246, 169, 225, 222, 167, 224, 112, 167, 232, 242, 220, 169, 239, 250, 169, 246, 226, 35975, 112, 23821, 245, 228, 168, 250, 120, 167, 107, 222, 167, 94, 250, 220, 166, 111, 226, 168, 254, 230, 168, 254, 223, 23821, 228, 234, 168, 252, 105, 167, 94, 250, 23821, 233, 250, 168, 254, 223, 31619, 114, 226, 168, 250, 226, 166, 116, 108, 167, 98, 120, 23821, 94, 108, 168, 226, 109, 47991, 250, 46695, 97, 166, 111, 254, 31619, 111, 120, 23821, 230, 246, 23821, 245, 228, 46695, 97, 13, 5855, 168, 8955, 167, 108, 102, 35975, 226, 31619, 239, 246, 167, 253, 105, 167, 111, 112, 168, 243, 226, 167, 237, 226, 31619, 241, 109, 167, 114, 230, 220, 47991, 246, 167, 224, 246, 23821, 120, 250, 31619, 241, 254, 23821, 251, 112, 31619, 111, 112, 35975, 112, 168, 100, 222, 23821, 243, 232, 166, 111, 254, 4943, 198, 198, 17, 167, 110, 230, 25, 220, 169, 233, 222, 167, 99, 120, 784, 357, 167, 224, 246, 8, 167, 232, 242, 23821, 252, 238, 168, 245, 108, 35975, 226, 220, 166, 112, 222, 168, 108, 108, 47991, 246, 167, 102, 108, 220, 166, 115, 116, 167, 99, 105, 168, 249, 222, 166, 111, 120, 220, 166, 116, 108, 46695, 97, 167, 99, 120, 35975, 246, 23821, 254, 243, 168, 226, 250, 167, 98, 120, 31619, 233, 112, 166, 111, 254, 23821, 252, 230, 168, 250, 120, 167, 224, 246, 11, 23821, 112, 230, 168, 249, 242, 168, 254, 223, 9129, 169, 225, 230, 168, 228, 235, 168, 254, 223, 220, 166, 112, 222, 168, 94, 108, 220, 169, 225, 250, 167, 237, 226, 168, 247, 222, 167, 232, 242, 220, 166, 109, 108, 167, 99, 105, 166, 108, 222, 23821, 252, 230, 46695, 97, 13, 5855, 166, 108, 238, 167, 224, 246, 167, 105, 112, 23821, 252, 236, 168, 225, 230, 167, 98, 120, 220, 169, 251, 242, 167, 241, 250, 167, 232, 242, 220, 166, 110, 234, 23821, 244, 112, 168, 108, 234, 31619, 108, 242, 167, 252, 234, 167, 123, 238, 35975, 112, 167, 252, 112, 4943, 198, 198, 18, 167, 110, 230, 25, 220, 169, 233, 222, 167, 99, 120, 784, 357, 46695, 97, 8, 167, 232, 242, 220, 166, 116, 222, 168, 241, 112, 35975, 112, 23821, 251, 112, 35975, 112, 166, 108, 222, 564, 246, 168, 228, 234, 167, 99, 105, 447, 247, 35975, 246, 31619, 111, 116, 168, 100, 230, 166, 111, 120, 564, 246, 168, 95, 233, 35975, 222, 23821, 228, 234, 167, 99, 105, 447, 247, 167, 98, 120, 23821, 254, 243, 35975, 246, 47991, 246, 166, 111, 254, 23821, 113, 250, 167, 99, 121, 35975, 226, 23821, 117, 255, 168, 108, 105, 47991, 246, 167, 232, 242, 31619, 224, 112, 168, 248, 102, 35975, 112, 168, 100, 222, 11, 220, 166, 116, 222, 168, 241, 112, 35975, 112, 168, 247, 222, 220, 169, 225, 222, 35975, 116, 35975, 246, 23821, 225, 251, 166, 108, 223, 35975, 226, 31619, 117, 226, 166, 113, 238, 47991, 246, 167, 102, 108, 23821, 226, 116, 169, 225, 250, 167, 98, 120, 31619, 117, 226, 169, 234, 238, 47991, 246, 167, 232, 242, 220, 166, 116, 222, 35975, 112, 23821, 243, 226, 46695, 230, 46695, 97, 13, 5855, 168, 228, 234, 167, 99, 105, 167, 232, 242, 220, 47991, 250, 220, 166, 108, 222, 168, 100, 222, 166, 108, 222, 23821, 243, 226, 46695, 230, 46695, 230, 11, 23821, 241, 116, 167, 103, 101, 168, 245, 228, 167, 232, 242, 23821, 228, 234, 167, 99, 105, 166, 108, 222, 23821, 252, 230, 166, 111, 254, 23821, 241, 116, 167, 103, 101, 23821, 252, 230, 167, 232, 242, 23821, 228, 234, 167, 99, 105, 166, 108, 222, 23821, 252, 230, 46695, 97, 4943, 198, 198, 19, 167, 110, 230, 25, 31619, 100, 252, 35975, 234, 784, 357, 166, 108, 222, 8, 168, 247, 222, 357, 46695, 97, 8, 31619, 103, 101, 167, 239, 238, 23821, 245, 108, 168, 229, 226, 168, 254, 223, 220, 169, 239, 250, 169, 246, 226, 35975, 226, 220, 169, 228, 113, 47991, 112, 23821, 96, 120, 168, 110, 112, 35975, 246, 220, 169, 225, 250, 167, 237, 226, 167, 224, 246, 23821, 8955, 168, 250, 254, 220, 169, 251, 238, 167, 99, 226, 35975, 112, 31619, 111, 222, 169, 247, 242, 9129, 167, 108, 250, 168, 254, 226, 47991, 246, 167, 232, 242, 220, 166, 111, 120, 168, 254, 243, 35975, 226, 31619, 111, 112, 168, 245, 105, 23821, 97, 222, 46695, 97, 13, 220, 220, 198, 220, 220, 220, 1635, 357, 166, 108, 222, 2599, 366, 167, 239, 238, 166, 111, 254, 23821, 246, 101, 220, 166, 110, 225, 167, 241, 97, 35975, 112, 31619, 117, 249, 167, 224, 246, 167, 232, 242, 31619, 243, 234, 166, 108, 222, 23821, 252, 230, 46695, 97, 1399, 23821, 252, 232, 169, 246, 222, 168, 100, 226, 31619, 103, 102, 168, 228, 234, 167, 99, 105, 166, 108, 222, 23821, 224, 112, 168, 243, 226, 167, 224, 246, 167, 232, 242, 31619, 243, 234, 166, 108, 222, 23821, 252, 230, 46695, 97, 1399, 23821, 252, 99, 168, 243, 226, 167, 241, 250, 167, 232, 242, 23821, 247, 116, 167, 100, 230, 167, 242, 242, 23821, 228, 234, 167, 99, 105, 167, 98, 120, 23821, 108, 122, 168, 243, 226, 9962, 220, 220, 198, 220, 220, 220, 1635, 357, 46695, 97, 2599, 366, 168, 112, 230, 167, 103, 102, 35975, 112, 23821, 249, 222, 168, 100, 223, 35975, 112, 168, 100, 222, 23821, 243, 232, 168, 250, 120, 167, 102, 112, 1399, 31619, 108, 242, 167, 252, 234, 35975, 112, 31619, 114, 230, 167, 102, 112, 23821, 228, 234, 167, 99, 105, 166, 108, 222, 31619, 224, 250, 46695, 97, 1399, 220, 166, 116, 230, 168, 226, 251, 35975, 222, 31619, 243, 234, 167, 99, 105, 168, 100, 222, 23821, 243, 232, 168, 250, 120, 167, 102, 112, 1399, 23821, 8955, 167, 252, 234, 35975, 112, 23821, 226, 116, 168, 225, 223, 168, 245, 238, 220, 169, 225, 250, 168, 244, 112, 167, 224, 246, 167, 102, 112, 9962, 198, 198, 20, 167, 110, 230, 25, 220, 169, 233, 222, 167, 99, 120, 784, 357, 167, 224, 246, 8, 168, 245, 238, 167, 232, 242, 220, 166, 108, 222, 168, 254, 243, 168, 254, 223, 23821, 94, 108, 166, 109, 112, 220, 169, 239, 250, 169, 246, 226, 35975, 112, 23821, 245, 228, 166, 111, 254, 11, 357, 46695, 97, 8, 168, 245, 238, 167, 232, 242, 23821, 94, 108, 166, 109, 112, 167, 105, 116, 35975, 112, 23821, 252, 230, 168, 100, 222, 167, 100, 234, 31619, 239, 238, 23821, 100, 222, 167, 105, 116, 31619, 103, 101, 167, 239, 238, 220, 166, 108, 222, 168, 254, 243, 168, 254, 223, 220, 169, 239, 250, 169, 246, 226, 35975, 226, 23821, 8955, 168, 248, 102, 169, 244, 230, 46695, 97, 166, 111, 254, 31619, 111, 120, 23821, 230, 246, 23821, 245, 228, 46695, 97, 13, 5855, 168, 244, 112, 168, 108, 234, 31619, 108, 242, 167, 252, 234, 167, 123, 238, 35975, 112, 167, 252, 112, 4943, 198, 198, 168, 113, 250, 168, 95, 227, 23821, 254, 243, 46695, 113, 25, 604, 167, 110, 230]","[0.5, 0.5, 0.5, 0.5, 0.5, 0.5, 0.5, 0.5, 0.5, 0.5, 0.5, 0.5, 0.5, 0.5, 0.5, 0.5, 0.5, 0.5, 0.5, 0.5, 0.5, 0.5, 0.5, 0.5, 0.5, 0.5, 0.5, 0.5, 0.5, 0.5, 0.5, 0.5, 0.5, 0.5, 0.5, 0.5, 0.5, 0.5, 0.5, 0.5, 0.5, 0.5, 0.5, 0.5, 0.5, 0.5, 0.5, 0.5, 0.5, 0.5, 0.5, 0.5, 0.5, 0.5, 0.5, 0.5, 0.5, 0.5, 0.5, 0.5, 0.5, 0.5, 0.5, 0.5, 0.5, 0.5, 0.5, 0.5, 0.5, 0.5, 0.5, 0.5, 0.5, 0.5, 0.5, 0.5, 0.5, 0.5, 0.5, 0.5, 0.5, 0.5, 0.5, 0.5, 0.5, 0.5, 0.5, 0.5, 0.5, 0.5, 0.5, 0.5, 0.5, 0.5, 0.5, 0.5, 0.5, 0.5, 0.5, 0.5, 0.5, 0.5, 0.5, 0.5, 0.5, 0.5, 0.5, 0.5, 0.5, 0.5, 0.5, 0.5, 0.5, 0.5, 0.5, 0.5, 0.5, 0.5, 0.5, 0.5, 0.5, 0.5, 0.5, 0.5, 0.5, 0.5, 0.5, 0.5, 0.5, 0.5, 0.5, 0.5, 0.5, 0.5, 0.5, 0.5, 0.5, 0.5, 0.5, 0.5, 0.5, 0.5, 0.5, 0.5, 0.5, 0.5, 0.5, 0.5, 0.5, 0.5, 0.5, 0.5, 0.5, 0.5, 0.5, 0.5, 0.5, 0.5, 0.5, 0.5, 0.5, 0.5, 0.5, 0.5, 0.5, 0.5, 0.5, 0.5, 0.5, 0.5, 0.5, 0.5, 0.5, 0.5, 0.5, 0.5, 0.5, 0.5, 0.5, 0.5, 0.5, 0.5, 0.5, 0.5, 0.5, 0.5, 0.5, 0.5, 0.5, 0.5, 0.5, 0.5, 0.5, 0.5, 0.5, 0.5, 0.5, 0.5, 0.5, 0.5, 0.5, 0.5, 0.5, 0.5, 0.5, 0.5, 0.5, 0.5, 0.5, 0.5, 0.5, 0.5, 0.5, 0.5, 0.5, 0.5, 0.5, 0.5, 0.5, 0.5, 0.5, 0.5, 0.5, 0.5, 0.5, 0.5, 0.5, 0.5, 0.5, 0.5, 0.5, 0.5, 0.5, 0.5, 0.5, 0.5, 0.5, 0.5, 0.5, 0.5, 0.5, 0.5, 0.5, 0.5, 0.5, 0.5, 0.5, 0.5, 0.5, 0.5, 0.5, 0.5, 0.5, 0.5, 0.5, 0.5, 0.5, 0.5, 0.5, 0.5, 0.5, 0.5, 0.5, 0.5, 0.5, 0.5, 0.5, 0.5, 0.5, 0.5, 0.5, 0.5, 0.5, 0.5, 0.5, 0.5, 0.5, 0.5, 0.5, 0.5, 0.5, 0.5, 0.5, 0.5, 0.5, 0.5, 0.5, 0.5, 0.5, 0.5, 0.5, 0.5, 0.5, 0.5, 0.5, 0.5, 0.5, 0.5, 0.5, 0.5, 0.5, 0.5, 0.5, 0.5, 0.5, 0.5, 0.5, 0.5, 0.5, 0.5, 0.5, 0.5, 0.5, 0.5, 0.5, 0.5, 0.5, 0.5, 0.5, 0.5, 0.5, 0.5, 0.5, 0.5, 0.5, 0.5, 0.5, 0.5, 0.5, 0.5, 0.5, 0.5, 0.5, 0.5, 0.5, 0.5, 0.5, 0.5, 0.5, 0.5, 0.5, 0.5, 0.5, 0.5, 0.5, 0.5, 0.5, 0.5, 0.5, 0.5, 0.5, 0.5, 0.5, 0.5, 0.5, 0.5, 0.5, 0.5, 0.5, 0.5, 0.5, 0.5, 0.5, 0.5, 0.5, 0.5, 0.5, 0.5, 0.5, 0.5, 0.5, 0.5, 0.5, 0.5, 0.5, 0.5, 0.5, 0.5, 0.5, 0.5, 0.5, 0.5, 0.5, 0.5, 0.5, 0.5, 0.5, 0.5, 0.5, 0.5, 0.5, 0.5, 0.5, 0.5, 0.5, 0.5, 0.5, 0.5, 0.5, 0.5, 0.5, 0.5, 0.5, 0.5, 0.5, 0.5, 0.5, 0.5, 0.5, 0.5, 0.5, 0.5, 0.5, 0.5, 0.5, 0.5, 0.5, 0.5, 0.5, 0.5, 0.5, 0.5, 0.5, 0.5, 0.5, 0.5, 0.5, 0.5, 0.5, 0.5, 0.5, 0.5, 0.5, 0.5, 0.5, 0.5, 0.5, 0.5, 0.5, 0.5, 0.5, 0.5, 0.5, 0.5, 0.5, 0.5, 0.5, 0.5, 0.5, 0.5, 0.5, 0.5, 0.5, 0.5, 0.5, 0.5, 0.5, 0.5, 0.5, 0.5, 0.5, 0.5, 0.5, 0.5, 0.5, 0.5, 0.5, 0.5, 0.5, 0.5, 0.5, 0.5, 0.5, 0.5, 0.5, 0.5, 0.5, 0.5, 0.5, 0.5, 0.5, 0.5, 0.5, 0.5, 0.5, 0.5, 0.5, 0.5, 0.5, 0.5, 0.5, 0.5, 0.5, 0.5, 0.5, 0.5, 0.5, 0.5, 0.5, 0.5, 0.5, 0.5, 0.5, 0.5, 0.5, 0.5, 0.5, 0.5, 0.5, 0.5, 0.5, 0.5, 0.5, 0.5, 0.5, 0.5, 0.5, 0.5, 0.5, 0.5, 0.5, 0.5, 0.5, 0.5, 0.5, 0.5, 0.5, 0.5, 0.5, 0.5, 0.5, 0.5, 0.5, 0.5, 0.5, 0.5, 0.5, 0.5, 0.5, 0.5, 0.5, 0.5, 0.5, 0.5, 0.5, 0.5, 0.5, 0.5, 0.5, 0.5, 0.5, 0.5, 0.5, 0.5, 0.5, 0.5, 0.5, 0.5, 0.5, 0.5, 0.5, 0.5, 0.5, 0.5, 0.5, 0.5, 0.5, 0.5, 0.5, 0.5, 0.5, 0.5, 0.5, 0.5, 0.5, 0.5, 0.5, 0.5, 0.5, 0.5, 0.5, 0.5, 0.5, 0.5, 0.5, 0.5, 0.5, 0.5, 0.5, 0.5, 0.5, 0.5, 0.5, 0.5, 0.5, 0.5, 0.5, 0.5, 0.5, 0.5, 0.5, 0.5, 0.5, 0.5, 0.5, 0.5, 0.5, 0.5, 0.5, 0.5, 0.5, 0.5, 0.5, 0.5, 0.5, 0.5, 0.5, 0.5, 0.5, 0.5, 0.5, 0.5, 0.5, 0.5, 0.5, 0.5, 0.5, 0.5, 0.5, 0.5, 0.5, 0.5, 0.5, 0.5, 0.5, 0.5, 0.5, 0.5, 0.5, 0.5, 0.5, 0.5, 0.5, 0.5, 0.5, 0.5, 0.5, 0.5, 0.5, 0.5, 0.5, 0.5, 0.5, 0.5, 0.5, 0.5, 0.5, 0.5, 0.5, 0.5, 0.5, 0.5, 0.5, 0.5, 0.5, 0.5, 0.5, 0.5, 0.5, 0.5, 0.5, 0.5, 0.5, 0.5, 0.5, 0.5, 0.5, 0.5, 0.5, 0.5, 0.5, 0.5, 0.5, 0.5, 0.5, 0.5, 0.5, 0.5, 0.5, 0.5, 0.5, 0.5, 0.5, 0.5, 0.5, 0.5, 0.5, 0.5, 0.5, 0.5, 0.5, 0.5, 0.5, 0.5, 0.5, 0.5, 0.5, 0.5, 0.5, 0.5, 0.5, 0.5, 0.5, 0.5, 0.5, 0.5, 0.5, 0.5, 0.5, 0.5, 0.5, 0.5, 0.5, 0.5, 0.5, 0.5, 0.5, 0.5, 0.5, 0.5, 0.5, 0.5, 0.5, 0.5, 0.5, 0.5, 0.5, 0.5, 0.5, 0.5, 0.5, 0.5, 0.5, 0.5, 0.5, 0.5, 0.5, 0.5, 0.5, 0.5, 0.5, 0.5, 0.5, 0.5, 0.5, 0.5, 0.5, 0.5, 0.5, 0.5, 0.5, 0.5, 0.5, 0.5, 0.5, 0.5, 0.5, 0.5, 0.5, 0.5, 0.5, 0.5, 0.5, 0.5, 0.5, 0.5, 0.5, 0.5, 0.5, 0.5, 0.5, 0.5, 0.5, 0.5, 0.5, 0.5, 0.5, 0.5, 0.5, 0.5, 0.5, 0.5, 0.5, 0.5, 0.5, 0.5, 0.5, 0.5, 0.5, 0.5, 0.5, 0.5, 0.5, 0.5, 0.5, 0.5, 0.5, 0.5, 0.5, 0.5, 0.5, 0.5, 0.5, 0.5, 0.5, 0.5, 0.5, 0.5, 0.5, 0.5, 0.5, 0.5, 0.5, 0.5, 0.5, 0.5, 0.5, 0.5, 0.5, 0.5, 0.5, 0.5, 0.5, 0.5, 0.5, 0.5, 0.5, 0.5, 0.5, 0.5, 0.5, 0.5, 0.5, 0.5, 0.5, 0.5, 0.5, 0.5, 0.5, 0.5, 0.5, 0.5, 0.5, 0.5, 0.5, 0.5, 0.5, 0.5, 0.5, 0.5, 0.5, 0.5, 0.5, 0.5, 0.5, 0.5, 0.5, 0.5, 0.5, 0.5, 0.5, 0.5, 0.5, 0.5, 0.5, 0.5, 0.5, 0.5, 0.5, 0.5, 0.5, 0.5, 0.5, 0.5, 0.5, 0.5, 0.5, 0.5, 0.5, 0.5, 0.5, 0.5, 0.5, 0.5, 0.5, 0.5, 0.5, 0.5, 0.5, 0.5, 0.5, 0.5, 0.5, 0.5, 0.5, 0.5, 0.5, 0.5, 0.5, 0.5, 0.5, 0.5, 0.5, 0.5, 0.5, 0.5, 0.5, 0.5, 0.5, 0.5, 0.5, 0.5, 0.5, 0.5, 0.5, 0.5, 0.5, 0.5, 0.5, 0.5, 0.5, 0.5, 0.5, 0.5, 0.5, 0.5, 0.5, 0.5, 0.5, 0.5, 0.5, 0.5, 0.5, 0.5, 0.5, 0.5, 0.5, 0.5, 0.5, 0.5, 0.5, 0.5, 0.5, 0.5, 0.5, 0.5, 0.5, 0.5, 0.5, 0.5, 0.5, 0.5, 0.5, 0.5, 0.5, 0.5, 0.5, 0.5, 0.5, 0.5, 0.5, 0.5, 0.5, 0.5, 0.5, 0.5, 0.5, 0.5, 0.5, 0.5, 0.5, 0.5, 0.5, 0.5, 0.5, 0.5, 0.5, 0.5, 0.5, 0.5, 0.5, 0.5, 0.5, 0.5, 0.5, 0.5, 0.5, 0.5, 0.5, 0.5, 0.5, 0.5, 0.5, 0.5, 0.5, 0.5, 0.5, 0.5, 0.5, 0.5, 0.5, 0.5, 0.5, 0.5, 0.5, 0.5, 0.5, 0.5, 0.5, 0.5, 0.5, 0.5, 0.5, 0.5, 0.5, 0.5, 0.5, 0.5, 0.5, 0.5, 0.5, 0.5, 0.5, 0.5, 0.5, 0.5, 0.5, 0.5, 0.5, 0.5, 0.5, 0.5, 0.5, 0.5, 0.5, 0.5, 0.5, 0.5, 0.5, 0.5, 0.5, 0.5, 0.5, 0.5, 0.5, 0.5, 0.5, 0.5, 0.5, 0.5, 0.5, 0.5, 0.5, 0.5, 0.5, 0.5, 0.5, 0.5, 0.5, 0.5, 0.5, 0.5, 0.5, 0.5, 0.5, 0.5, 0.5, 0.5, 0.5, 0.5, 0.5, 0.5, 0.5, 0.5, 0.5, 0.5, 0.5, 0.5, 0.5, 0.5, 0.5, 0.5, 0.5, 0.5, 0.5, 0.5, 0.5, 0.5, 0.5, 0.5, 0.5, 0.5, 0.5, 0.5, 0.5, 0.5, 0.5, 0.5, 0.5, 0.5, 0.5, 0.5, 0.5, 0.5, 0.5, 0.5, 0.5, 0.5, 0.5, 0.5, 0.5, 0.5, 0.5, 0.5, 0.5, 0.5, 0.5, 0.5, 0.5, 0.5, 0.5, 0.5, 0.5, 0.5, 0.5, 0.5, 0.5, 0.5, 0.5, 0.5, 0.5, 0.5, 0.5, 0.5, 0.5, 0.5, 0.5, 0.5, 0.5, 0.5, 0.5, 0.5, 0.5, 0.5, 0.5, 0.5, 0.5, 0.5, 0.5, 0.5, 0.5, 0.5, 0.5, 0.5, 0.5, 0.5, 0.5, 0.5, 0.5, 0.5, 0.5, 0.5, 0.5, 0.5, 0.5, 0.5, 0.5, 0.5, 0.5, 0.5, 0.5, 0.5, 0.5, 0.5, 0.5, 0.5, 0.5, 0.5, 0.5, 0.5, 0.5, 0.5, 0.5, 0.5, 0.5, 0.5, 0.5, 0.5, 0.5, 0.5, 0.5, 0.5, 0.5, 0.5, 0.5, 0.5, 0.5, 0.5, 0.5, 0.5, 0.5, 0.5, 0.5, 0.5, 0.5, 0.5, 0.5, 0.5, 0.5, 0.5, 0.5, 0.5, 0.5, 0.5, 0.5, 0.5, 0.5, 0.5, 0.5, 0.5, 0.5, 0.5, 0.5, 0.5, 0.5, 0.5, 0.5, 0.5, 0.5, 0.5]",0
2026_11_KICE_22-26_1,['1(3)'],"1번: 부적절하다. “사방을 둘러보아도 등불 하나 켜 든 이 보이지 않고 등불 뒤에 속삭이며 밤을 지키는 발자국 소리 들리지 않는다.”  
2번: 적절하다. “우리가 뿌린 소금들 반짝반짝 별빛이 되어 오던 길 환히 비춰 주고 있으니.”  
3번: 적절하다. “감나무 그늘에 평상을 놓고.”  
4번: 적절하다. “밤이면 잠 뒤척여 산이 우는 소리도 들어 보고.”  
5번: 적절하다. “‘빛나는 때를 위해’ ‘저녁’부터 ‘새벽’까지 길을 걷는’ (가)와, ‘저 짙푸른 감들, 마침내 형형 등불을 밝힐 것이라면’ (나).”  
최종 정답: 1번","[16, 167, 110, 230, 25, 31619, 114, 222, 168, 254, 223, 168, 254, 230, 47991, 246, 46695, 97, 13, 564, 250, 168, 8955, 167, 108, 102, 35975, 226, 31619, 239, 246, 167, 253, 105, 167, 111, 112, 168, 243, 226, 167, 237, 226, 31619, 241, 109, 167, 114, 230, 220, 47991, 246, 167, 224, 246, 23821, 120, 250, 31619, 241, 254, 23821, 251, 112, 31619, 111, 112, 35975, 112, 168, 100, 222, 23821, 243, 232, 166, 111, 254, 31619, 241, 109, 167, 114, 230, 31619, 240, 97, 168, 245, 238, 23821, 228, 235, 168, 224, 255, 35975, 112, 167, 102, 108, 31619, 108, 97, 35975, 226, 23821, 100, 222, 169, 224, 97, 167, 232, 242, 31619, 108, 250, 168, 252, 238, 166, 113, 255, 23821, 228, 234, 167, 99, 105, 31619, 241, 97, 167, 99, 105, 168, 100, 222, 23821, 243, 232, 167, 232, 242, 46695, 97, 13, 447, 251, 220, 220, 198, 17, 167, 110, 230, 25, 23821, 254, 223, 168, 254, 230, 47991, 246, 46695, 97, 13, 564, 250, 168, 248, 108, 167, 99, 105, 166, 108, 222, 31619, 123, 234, 167, 99, 108, 23821, 228, 234, 166, 116, 230, 167, 241, 97, 31619, 108, 246, 168, 100, 251, 167, 108, 246, 168, 100, 251, 31619, 111, 226, 167, 117, 249, 35975, 112, 31619, 238, 246, 168, 244, 112, 23821, 246, 97, 167, 235, 246, 220, 166, 116, 116, 220, 169, 247, 246, 169, 252, 230, 31619, 117, 226, 168, 114, 108, 23821, 96, 120, 166, 111, 254, 23821, 252, 230, 168, 250, 120, 46695, 230, 13, 447, 251, 220, 220, 198, 18, 167, 110, 230, 25, 23821, 254, 223, 168, 254, 230, 47991, 246, 46695, 97, 13, 564, 250, 166, 108, 238, 167, 224, 246, 167, 105, 112, 220, 166, 115, 116, 167, 232, 246, 168, 245, 238, 220, 169, 237, 231, 168, 225, 223, 35975, 226, 31619, 228, 241, 166, 111, 254, 13, 447, 251, 220, 220, 198, 19, 167, 110, 230, 25, 23821, 254, 223, 168, 254, 230, 47991, 246, 46695, 97, 13, 564, 250, 167, 108, 97, 35975, 112, 167, 102, 112, 23821, 252, 254, 31619, 240, 97, 168, 110, 247, 168, 245, 105, 23821, 224, 108, 35975, 112, 23821, 248, 108, 167, 232, 242, 23821, 228, 234, 167, 99, 105, 167, 237, 226, 31619, 241, 97, 168, 244, 112, 31619, 111, 112, 166, 111, 254, 13, 447, 251, 220, 220, 198, 20, 167, 110, 230, 25, 23821, 254, 223, 168, 254, 230, 47991, 246, 46695, 97, 13, 564, 250, 447, 246, 167, 117, 249, 167, 224, 246, 167, 232, 242, 31619, 243, 234, 167, 98, 120, 23821, 250, 226, 47991, 112, 447, 247, 564, 246, 168, 254, 222, 167, 227, 223, 447, 247, 167, 114, 222, 169, 226, 108, 564, 246, 168, 225, 230, 167, 110, 121, 447, 247, 166, 117, 234, 168, 100, 222, 220, 166, 116, 116, 35975, 226, 220, 166, 109, 115, 167, 232, 242, 447, 247, 357, 166, 108, 222, 8, 168, 247, 222, 11, 564, 246, 168, 254, 222, 23821, 100, 247, 169, 239, 116, 167, 98, 116, 220, 166, 108, 238, 167, 241, 97, 11, 31619, 100, 230, 168, 117, 101, 167, 224, 112, 220, 169, 246, 243, 169, 246, 243, 31619, 241, 109, 167, 114, 230, 35975, 226, 31619, 108, 251, 169, 252, 238, 220, 166, 110, 225, 35975, 112, 167, 251, 120, 167, 102, 112, 447, 247, 357, 167, 224, 246, 737, 447, 251, 220, 220, 198, 168, 113, 250, 168, 95, 227, 23821, 254, 243, 46695, 113, 25, 352, 167, 110, 230]","[0.5, 0.5, 0.5, 0.5, 0.5, 0.5, 0.5, 0.5, 0.5, 0.5, 0.5, 0.5, 0.5, 0.5, 0.5, 0.5, 0.5, 0.5, 0.5, 0.5, 0.5, 0.5, 0.5, 0.5, 0.5, 0.5, 0.5, 0.5, 0.5, 0.5, 0.5, 0.5, 0.5, 0.5, 0.5, 0.5, 0.5, 0.5, 0.5, 0.5, 0.5, 0.5, 0.5, 0.5, 0.5, 0.5, 0.5, 0.5, 0.5, 0.5, 0.5, 0.5, 0.5, 0.5, 0.5, 0.5, 0.5, 0.5, 0.5, 0.5, 0.5, 0.5, 0.5, 0.5, 0.5, 0.5, 0.5, 0.5, 0.5, 0.5, 0.5, 0.5, 0.5, 0.5, 0.5, 0.5, 0.5, 0.5, 0.5, 0.5, 0.5, 0.5, 0.5, 0.5, 0.5, 0.5, 0.5, 0.5, 0.5, 0.5, 0.5, 0.5, 0.5, 0.5, 0.5, 0.5, 0.5, 0.5, 0.5, 0.5, 0.5, 0.5, 0.5, 0.5, 0.5, 0.5, 0.5, 0.5, 0.5, 0.5, 0.5, 0.5, 0.5, 0.5, 0.5, 0.5, 0.5, 0.5, 0.5, 0.5, 0.5, 0.5, 0.5, 0.5, 0.5, 0.5, 0.5, 0.5, 0.5, 0.5, 0.5, 0.5, 0.5, 0.5, 0.5, 0.5, 0.5, 0.5, 0.5, 0.5, 0.5, 0.5, 0.5, 0.5, 0.5, 0.5, 0.5, 0.5, 0.5, 0.5, 0.5, 0.5, 0.5, 0.5, 0.5, 0.5, 0.5, 0.5, 0.5, 0.5, 0.5, 0.5, 0.5, 0.5, 0.5, 0.5, 0.5, 0.5, 0.5, 0.5, 0.5, 0.5, 0.5, 0.5, 0.5, 0.5, 0.5, 0.5, 0.5, 0.5, 0.5, 0.5, 0.5, 0.5, 0.5, 0.5, 0.5, 0.5, 0.5, 0.5, 0.5, 0.5, 0.5, 0.5, 0.5, 0.5, 0.5, 0.5, 0.5, 0.5, 0.5, 0.5, 0.5, 0.5, 0.5, 0.5, 0.5, 0.5, 0.5, 0.5, 0.5, 0.5, 0.5, 0.5, 0.5, 0.5, 0.5, 0.5, 0.5, 0.5, 0.5, 0.5, 0.5, 0.5, 0.5, 0.5, 0.5, 0.5, 0.5, 0.5, 0.5, 0.5, 0.5, 0.5, 0.5, 0.5, 0.5, 0.5, 0.5, 0.5, 0.5, 0.5, 0.5, 0.5, 0.5, 0.5, 0.5, 0.5, 0.5, 0.5, 0.5, 0.5, 0.5, 0.5, 0.5, 0.5, 0.5, 0.5, 0.5, 0.5, 0.5, 0.5, 0.5, 0.5, 0.5, 0.5, 0.5, 0.5, 0.5, 0.5, 0.5, 0.5, 0.5, 0.5, 0.5, 0.5, 0.5, 0.5, 0.5, 0.5, 0.5, 0.5, 0.5, 0.5, 0.5, 0.5, 0.5, 0.5, 0.5, 0.5, 0.5, 0.5, 0.5, 0.5, 0.5, 0.5, 0.5, 0.5, 0.5, 0.5, 0.5, 0.5, 0.5, 0.5, 0.5, 0.5, 0.5, 0.5, 0.5, 0.5, 0.5, 0.5, 0.5, 0.5, 0.5, 0.5, 0.5, 0.5, 0.5, 0.5, 0.5, 0.5, 0.5, 0.5, 0.5, 0.5, 0.5, 0.5, 0.5, 0.5, 0.5, 0.5, 0.5, 0.5, 0.5, 0.5, 0.5, 0.5, 0.5, 0.5, 0.5, 0.5, 0.5, 0.5, 0.5, 0.5, 0.5, 0.5, 0.5, 0.5, 0.5, 0.5, 0.5, 0.5, 0.5, 0.5, 0.5, 0.5, 0.5, 0.5, 0.5, 0.5, 0.5, 0.5, 0.5, 0.5, 0.5, 0.5, 0.5, 0.5, 0.5, 0.5, 0.5, 0.5, 0.5, 0.5, 0.5, 0.5, 0.5, 0.5, 0.5, 0.5, 0.5, 0.5, 0.5, 0.5, 0.5, 0.5, 0.5, 0.5, 0.5, 0.5, 0.5, 0.5, 0.5, 0.5, 0.5, 0.5, 0.5, 0.5, 0.5, 0.5, 0.5, 0.5, 0.5, 0.5, 0.5, 0.5, 0.5, 0.5, 0.5, 0.5, 0.5, 0.5, 0.5, 0.5, 0.5, 0.5, 0.5, 0.5, 0.5, 0.5, 0.5, 0.5, 0.5, 0.5, 0.5, 0.5, 0.5, 0.5, 0.5, 0.5, 0.5, 0.5, 0.5, 0.5, 0.5, 0.5, 0.5, 0.5, 0.5, 0.5, 0.5, 0.5, 0.5, 0.5, 0.5, 0.5, 0.5, 0.5, 0.5, 0.5, 0.5, 0.5, 0.5, 0.5, 0.5, 0.5, 0.5, 0.5, 0.5, 0.5, 0.5, 0.5, 0.5, 0.5, 0.5, 0.5, 0.5, 0.5, 0.5, 0.5, 0.5, 0.5, 0.5, 0.5, 0.5, 0.5, 0.5, 0.5, 0.5, 0.5, 0.5, 0.5, 0.5, 0.5, 0.5, 0.5, 0.5, 0.5, 0.5, 0.5, 0.5, 0.5, 0.5, 0.5, 0.5, 0.5, 0.5, 0.5, 0.5, 0.5, 0.5, 0.5, 0.5, 0.5, 0.5, 0.5, 0.5, 0.5, 0.5, 0.5, 0.5, 0.5, 0.5, 0.5, 0.5, 0.5, 0.5, 0.5, 0.5, 0.5, 0.5, 0.5, 0.5, 0.5, 0.5, 0.5, 0.5, 0.5, 0.5, 0.5, 0.5, 0.5, 0.5, 0.5, 0.5, 0.5, 0.5, 0.5, 0.5, 0.5, 0.5, 0.5, 0.5, 0.5, 0.5, 0.5, 0.5, 0.5, 0.5, 0.5, 0.5, 0.5, 0.5, 0.5, 0.5, 0.5, 0.5, 0.5, 0.5, 0.5, 0.5, 0.5, 0.5, 0.5, 0.5, 0.5, 0.5, 0.5, 0.5, 0.5, 0.5, 0.5, 0.5, 0.5, 0.5, 0.5, 0.5, 0.5, 0.5, 0.5, 0.5, 0.5, 0.5, 0.5, 0.5, 0.5]",3
2026_11_KICE_22-26_2,['4(2)'],"1번: 적절  
“잊혀진 ㉠[한 목소리]…잊혀진 다른 목소리의 끝을 찾아 목메이게 부르짖다…잦아드는 ㉡[외마디 소리]를 찾아 칼날 세우고…숨가쁘게 넘고 있는가”  
(가)

2번: 적절  
“재채기 소리와 코 고는 소리는 사람의 소리 가운데 쓸모없는 것이고, 탄식하고 담소하는 소리는 사람의 소리 가운데 쓸모 있는 것이다.”  
(다)  
그리고 “…남에게 듣기 좋고…글로 쓰였으면서 바름에 합당하다면…좋은 소리라 한다.”  
(다)

3번: 적절  
㉠의 잦아드는 때는 “잊혀진 다른 목소리의 끝을 찾아 목메이게 부르짖다 잦아드는 때”로, 끝을 찾지 못해 목소리가 잠잠해지는 상황을,  
㉢의 흩어지는 소리는 “입에서 나와 글로 쓰이지 못하면 흩어지는 소리”  
(가), (다)

4번: 부적절  
㉠은 “잊혀진 한 목소리…잊혀진 목소리가 살아나는 때가 있다”에서, 잊힌 목소리가 다시 살아날 수 있다고 보았으나,  
㉣“좋은 소리”는 “…남에게 듣기 좋고…글로 쓰였으면서 바름에 합당하다면…좋은 소리라 한다.”로, 진정 바른 것만을 가리키므로 “바른 것 같으면서도 삿된 것일 수 있다”는 설명은 맞지 않는다.  
(가), (다)

5번: 적절  
“잦아드는 외마디 소리를 찾아 칼날 세우고…”  
(가)  
“탄식하고 담소하는 소리는 사람의 소리 가운데 쓸모 있는 것이다.”  
(다)

최종 정답: 4번","[16, 167, 110, 230, 25, 23821, 254, 223, 168, 254, 230, 220, 220, 198, 447, 250, 168, 252, 232, 169, 246, 222, 168, 100, 226, 220, 159, 231, 254, 58, 47991, 250, 31619, 103, 102, 168, 228, 234, 167, 99, 105, 60, 1399, 168, 252, 232, 169, 246, 222, 168, 100, 226, 31619, 233, 97, 167, 98, 116, 31619, 103, 102, 168, 228, 234, 167, 99, 105, 35975, 246, 31619, 223, 251, 35975, 226, 23821, 108, 122, 168, 243, 226, 31619, 103, 102, 167, 102, 242, 35975, 112, 166, 110, 234, 31619, 114, 222, 167, 98, 112, 168, 100, 244, 46695, 97, 1399, 168, 252, 99, 168, 243, 226, 167, 241, 250, 167, 232, 242, 220, 159, 231, 94, 58, 168, 247, 116, 167, 100, 230, 167, 242, 242, 23821, 228, 234, 167, 99, 105, 60, 167, 98, 120, 23821, 108, 122, 168, 243, 226, 23821, 117, 120, 167, 224, 254, 23821, 226, 116, 168, 248, 108, 166, 111, 254, 1399, 168, 230, 101, 166, 108, 222, 168, 223, 246, 166, 110, 234, 31619, 226, 246, 166, 111, 254, 23821, 252, 230, 167, 232, 242, 166, 108, 222, 447, 251, 220, 220, 198, 7, 166, 108, 222, 8, 198, 198, 17, 167, 110, 230, 25, 23821, 254, 223, 168, 254, 230, 220, 220, 198, 447, 250, 168, 252, 105, 168, 109, 226, 166, 116, 108, 23821, 228, 234, 167, 99, 105, 168, 247, 222, 23821, 121, 242, 220, 166, 111, 254, 167, 232, 242, 23821, 228, 234, 167, 99, 105, 167, 232, 242, 23821, 8955, 167, 252, 234, 35975, 246, 23821, 228, 234, 167, 99, 105, 220, 166, 108, 222, 168, 248, 112, 167, 235, 108, 23821, 241, 116, 167, 103, 101, 168, 245, 228, 167, 232, 242, 220, 166, 110, 225, 35975, 112, 166, 111, 254, 11, 220, 169, 225, 226, 168, 233, 251, 47991, 246, 166, 111, 254, 31619, 233, 112, 168, 228, 234, 47991, 246, 167, 232, 242, 23821, 228, 234, 167, 99, 105, 167, 232, 242, 23821, 8955, 167, 252, 234, 35975, 246, 23821, 228, 234, 167, 99, 105, 220, 166, 108, 222, 168, 248, 112, 167, 235, 108, 23821, 241, 116, 167, 103, 101, 23821, 252, 230, 167, 232, 242, 220, 166, 110, 225, 35975, 112, 46695, 97, 13, 447, 251, 220, 220, 198, 7, 46695, 97, 8, 220, 220, 198, 166, 115, 116, 167, 99, 105, 166, 111, 254, 564, 250, 1399, 167, 224, 101, 168, 245, 238, 166, 110, 234, 31619, 241, 96, 166, 116, 108, 23821, 95, 233, 166, 111, 254, 1399, 166, 116, 222, 167, 94, 250, 23821, 241, 108, 168, 246, 222, 168, 250, 120, 167, 102, 112, 168, 226, 250, 31619, 108, 242, 167, 99, 226, 168, 245, 238, 220, 47991, 102, 46695, 117, 47991, 246, 46695, 97, 167, 102, 112, 1399, 168, 95, 233, 35975, 222, 23821, 228, 234, 167, 99, 105, 167, 251, 120, 220, 47991, 250, 46695, 97, 13, 447, 251, 220, 220, 198, 7, 46695, 97, 8, 198, 198, 18, 167, 110, 230, 25, 23821, 254, 223, 168, 254, 230, 220, 220, 198, 159, 231, 254, 35975, 246, 23821, 252, 99, 168, 243, 226, 167, 241, 250, 167, 232, 242, 31619, 243, 234, 167, 232, 242, 564, 250, 168, 252, 232, 169, 246, 222, 168, 100, 226, 31619, 233, 97, 167, 98, 116, 31619, 103, 102, 168, 228, 234, 167, 99, 105, 35975, 246, 31619, 223, 251, 35975, 226, 23821, 108, 122, 168, 243, 226, 31619, 103, 102, 167, 102, 242, 35975, 112, 166, 110, 234, 31619, 114, 222, 167, 98, 112, 168, 100, 244, 46695, 97, 23821, 252, 99, 168, 243, 226, 167, 241, 250, 167, 232, 242, 31619, 243, 234, 447, 251, 167, 94, 250, 11, 31619, 223, 251, 35975, 226, 23821, 108, 122, 168, 100, 222, 31619, 103, 119, 47991, 112, 31619, 103, 102, 168, 228, 234, 167, 99, 105, 166, 108, 222, 23821, 252, 254, 168, 252, 254, 47991, 112, 168, 100, 222, 167, 232, 242, 23821, 225, 223, 169, 247, 102, 35975, 226, 11, 220, 220, 198, 159, 231, 95, 35975, 246, 220, 169, 251, 102, 168, 244, 112, 168, 100, 222, 167, 232, 242, 23821, 228, 234, 167, 99, 105, 167, 232, 242, 564, 250, 168, 252, 227, 168, 245, 238, 168, 226, 250, 31619, 224, 246, 168, 247, 222, 220, 166, 116, 222, 167, 94, 250, 23821, 241, 108, 35975, 112, 168, 100, 222, 31619, 103, 119, 47991, 246, 167, 102, 112, 220, 169, 251, 102, 168, 244, 112, 168, 100, 222, 167, 232, 242, 23821, 228, 234, 167, 99, 105, 447, 251, 220, 220, 198, 7, 166, 108, 222, 828, 357, 46695, 97, 8, 198, 198, 19, 167, 110, 230, 25, 31619, 114, 222, 168, 254, 223, 168, 254, 230, 220, 220, 198, 159, 231, 254, 35975, 222, 564, 250, 168, 252, 232, 169, 246, 222, 168, 100, 226, 220, 47991, 250, 31619, 103, 102, 168, 228, 234, 167, 99, 105, 1399, 168, 252, 232, 169, 246, 222, 168, 100, 226, 31619, 103, 102, 168, 228, 234, 167, 99, 105, 166, 108, 222, 23821, 224, 112, 168, 243, 226, 167, 224, 246, 167, 232, 242, 31619, 243, 234, 166, 108, 222, 23821, 252, 230, 46695, 97, 447, 251, 168, 245, 238, 168, 226, 250, 11, 23821, 252, 232, 169, 252, 234, 31619, 103, 102, 168, 228, 234, 167, 99, 105, 166, 108, 222, 31619, 233, 97, 168, 233, 250, 23821, 224, 112, 168, 243, 226, 167, 224, 254, 23821, 230, 246, 23821, 252, 230, 46695, 97, 166, 111, 254, 31619, 111, 112, 168, 243, 246, 168, 250, 120, 167, 224, 246, 11, 220, 220, 198, 159, 231, 96, 447, 250, 168, 95, 233, 35975, 222, 23821, 228, 234, 167, 99, 105, 447, 251, 167, 232, 242, 564, 250, 1399, 167, 224, 101, 168, 245, 238, 166, 110, 234, 31619, 241, 96, 166, 116, 108, 23821, 95, 233, 166, 111, 254, 1399, 166, 116, 222, 167, 94, 250, 23821, 241, 108, 168, 246, 222, 168, 250, 120, 167, 102, 112, 168, 226, 250, 31619, 108, 242, 167, 99, 226, 168, 245, 238, 220, 47991, 102, 46695, 117, 47991, 246, 46695, 97, 167, 102, 112, 1399, 168, 95, 233, 35975, 222, 23821, 228, 234, 167, 99, 105, 167, 251, 120, 220, 47991, 250, 46695, 97, 13, 447, 251, 167, 94, 250, 11, 23821, 100, 226, 168, 254, 243, 31619, 108, 242, 167, 98, 116, 220, 166, 110, 225, 167, 100, 234, 35975, 226, 220, 166, 108, 222, 167, 99, 105, 169, 224, 97, 167, 107, 222, 167, 94, 250, 564, 250, 167, 108, 242, 167, 98, 116, 220, 166, 110, 225, 220, 166, 108, 247, 168, 250, 120, 167, 102, 112, 168, 226, 250, 167, 237, 226, 23821, 224, 123, 167, 238, 250, 220, 166, 110, 225, 35975, 120, 23821, 230, 246, 23821, 252, 230, 46695, 97, 447, 251, 167, 232, 242, 23821, 226, 97, 167, 103, 227, 35975, 222, 31619, 100, 252, 168, 100, 222, 23821, 243, 232, 167, 232, 242, 46695, 97, 13, 220, 220, 198, 7, 166, 108, 222, 828, 357, 46695, 97, 8, 198, 198, 20, 167, 110, 230, 25, 23821, 254, 223, 168, 254, 230, 220, 220, 198, 447, 250, 168, 252, 99, 168, 243, 226, 167, 241, 250, 167, 232, 242, 23821, 247, 116, 167, 100, 230, 167, 242, 242, 23821, 228, 234, 167, 99, 105, 167, 98, 120, 23821, 108, 122, 168, 243, 226, 23821, 117, 120, 167, 224, 254, 23821, 226, 116, 168, 248, 108, 166, 111, 254, 1399, 447, 251, 220, 220, 198, 7, 166, 108, 222, 8, 220, 220, 198, 447, 250, 169, 225, 226, 168, 233, 251, 47991, 246, 166, 111, 254, 31619, 233, 112, 168, 228, 234, 47991, 246, 167, 232, 242, 23821, 228, 234, 167, 99, 105, 167, 232, 242, 23821, 8955, 167, 252, 234, 35975, 246, 23821, 228, 234, 167, 99, 105, 220, 166, 108, 222, 168, 248, 112, 167, 235, 108, 23821, 241, 116, 167, 103, 101, 23821, 252, 230, 167, 232, 242, 220, 166, 110, 225, 35975, 112, 46695, 97, 13, 447, 251, 220, 220, 198, 7, 46695, 97, 8, 198, 198, 168, 113, 250, 168, 95, 227, 23821, 254, 243, 46695, 113, 25, 604, 167, 110, 230]","[0.5, 0.5, 0.5, 0.5, 0.5, 0.5, 0.5, 0.5, 0.5, 0.5, 0.5, 0.5, 0.5, 0.5, 0.5, 0.5, 0.5, 0.5, 0.5, 0.5, 0.5, 0.5, 0.5, 0.5, 0.5, 0.5, 0.5, 0.5, 0.5, 0.5, 0.5, 0.5, 0.5, 0.5, 0.5, 0.5, 0.5, 0.5, 0.5, 0.5, 0.5, 0.5, 0.5, 0.5, 0.5, 0.5, 0.5, 0.5, 0.5, 0.5, 0.5, 0.5, 0.5, 0.5, 0.5, 0.5, 0.5, 0.5, 0.5, 0.5, 0.5, 0.5, 0.5, 0.5, 0.5, 0.5, 0.5, 0.5, 0.5, 0.5, 0.5, 0.5, 0.5, 0.5, 0.5, 0.5, 0.5, 0.5, 0.5, 0.5, 0.5, 0.5, 0.5, 0.5, 0.5, 0.5, 0.5, 0.5, 0.5, 0.5, 0.5, 0.5, 0.5, 0.5, 0.5, 0.5, 0.5, 0.5, 0.5, 0.5, 0.5, 0.5, 0.5, 0.5, 0.5, 0.5, 0.5, 0.5, 0.5, 0.5, 0.5, 0.5, 0.5, 0.5, 0.5, 0.5, 0.5, 0.5, 0.5, 0.5, 0.5, 0.5, 0.5, 0.5, 0.5, 0.5, 0.5, 0.5, 0.5, 0.5, 0.5, 0.5, 0.5, 0.5, 0.5, 0.5, 0.5, 0.5, 0.5, 0.5, 0.5, 0.5, 0.5, 0.5, 0.5, 0.5, 0.5, 0.5, 0.5, 0.5, 0.5, 0.5, 0.5, 0.5, 0.5, 0.5, 0.5, 0.5, 0.5, 0.5, 0.5, 0.5, 0.5, 0.5, 0.5, 0.5, 0.5, 0.5, 0.5, 0.5, 0.5, 0.5, 0.5, 0.5, 0.5, 0.5, 0.5, 0.5, 0.5, 0.5, 0.5, 0.5, 0.5, 0.5, 0.5, 0.5, 0.5, 0.5, 0.5, 0.5, 0.5, 0.5, 0.5, 0.5, 0.5, 0.5, 0.5, 0.5, 0.5, 0.5, 0.5, 0.5, 0.5, 0.5, 0.5, 0.5, 0.5, 0.5, 0.5, 0.5, 0.5, 0.5, 0.5, 0.5, 0.5, 0.5, 0.5, 0.5, 0.5, 0.5, 0.5, 0.5, 0.5, 0.5, 0.5, 0.5, 0.5, 0.5, 0.5, 0.5, 0.5, 0.5, 0.5, 0.5, 0.5, 0.5, 0.5, 0.5, 0.5, 0.5, 0.5, 0.5, 0.5, 0.5, 0.5, 0.5, 0.5, 0.5, 0.5, 0.5, 0.5, 0.5, 0.5, 0.5, 0.5, 0.5, 0.5, 0.5, 0.5, 0.5, 0.5, 0.5, 0.5, 0.5, 0.5, 0.5, 0.5, 0.5, 0.5, 0.5, 0.5, 0.5, 0.5, 0.5, 0.5, 0.5, 0.5, 0.5, 0.5, 0.5, 0.5, 0.5, 0.5, 0.5, 0.5, 0.5, 0.5, 0.5, 0.5, 0.5, 0.5, 0.5, 0.5, 0.5, 0.5, 0.5, 0.5, 0.5, 0.5, 0.5, 0.5, 0.5, 0.5, 0.5, 0.5, 0.5, 0.5, 0.5, 0.5, 0.5, 0.5, 0.5, 0.5, 0.5, 0.5, 0.5, 0.5, 0.5, 0.5, 0.5, 0.5, 0.5, 0.5, 0.5, 0.5, 0.5, 0.5, 0.5, 0.5, 0.5, 0.5, 0.5, 0.5, 0.5, 0.5, 0.5, 0.5, 0.5, 0.5, 0.5, 0.5, 0.5, 0.5, 0.5, 0.5, 0.5, 0.5, 0.5, 0.5, 0.5, 0.5, 0.5, 0.5, 0.5, 0.5, 0.5, 0.5, 0.5, 0.5, 0.5, 0.5, 0.5, 0.5, 0.5, 0.5, 0.5, 0.5, 0.5, 0.5, 0.5, 0.5, 0.5, 0.5, 0.5, 0.5, 0.5, 0.5, 0.5, 0.5, 0.5, 0.5, 0.5, 0.5, 0.5, 0.5, 0.5, 0.5, 0.5, 0.5, 0.5, 0.5, 0.5, 0.5, 0.5, 0.5, 0.5, 0.5, 0.5, 0.5, 0.5, 0.5, 0.5, 0.5, 0.5, 0.5, 0.5, 0.5, 0.5, 0.5, 0.5, 0.5, 0.5, 0.5, 0.5, 0.5, 0.5, 0.5, 0.5, 0.5, 0.5, 0.5, 0.5, 0.5, 0.5, 0.5, 0.5, 0.5, 0.5, 0.5, 0.5, 0.5, 0.5, 0.5, 0.5, 0.5, 0.5, 0.5, 0.5, 0.5, 0.5, 0.5, 0.5, 0.5, 0.5, 0.5, 0.5, 0.5, 0.5, 0.5, 0.5, 0.5, 0.5, 0.5, 0.5, 0.5, 0.5, 0.5, 0.5, 0.5, 0.5, 0.5, 0.5, 0.5, 0.5, 0.5, 0.5, 0.5, 0.5, 0.5, 0.5, 0.5, 0.5, 0.5, 0.5, 0.5, 0.5, 0.5, 0.5, 0.5, 0.5, 0.5, 0.5, 0.5, 0.5, 0.5, 0.5, 0.5, 0.5, 0.5, 0.5, 0.5, 0.5, 0.5, 0.5, 0.5, 0.5, 0.5, 0.5, 0.5, 0.5, 0.5, 0.5, 0.5, 0.5, 0.5, 0.5, 0.5, 0.5, 0.5, 0.5, 0.5, 0.5, 0.5, 0.5, 0.5, 0.5, 0.5, 0.5, 0.5, 0.5, 0.5, 0.5, 0.5, 0.5, 0.5, 0.5, 0.5, 0.5, 0.5, 0.5, 0.5, 0.5, 0.5, 0.5, 0.5, 0.5, 0.5, 0.5, 0.5, 0.5, 0.5, 0.5, 0.5, 0.5, 0.5, 0.5, 0.5, 0.5, 0.5, 0.5, 0.5, 0.5, 0.5, 0.5, 0.5, 0.5, 0.5, 0.5, 0.5, 0.5, 0.5, 0.5, 0.5, 0.5, 0.5, 0.5, 0.5, 0.5, 0.5, 0.5, 0.5, 0.5, 0.5, 0.5, 0.5, 0.5, 0.5, 0.5, 0.5, 0.5, 0.5, 0.5, 0.5, 0.5, 0.5, 0.5, 0.5, 0.5, 0.5, 0.5, 0.5, 0.5, 0.5, 0.5, 0.5, 0.5, 0.5, 0.5, 0.5, 0.5, 0.5, 0.5, 0.5, 0.5, 0.5, 0.5, 0.5, 0.5, 0.5, 0.5, 0.5, 0.5, 0.5, 0.5, 0.5, 0.5, 0.5, 0.5, 0.5, 0.5, 0.5, 0.5, 0.5, 0.5, 0.5, 0.5, 0.5, 0.5, 0.5, 0.5, 0.5, 0.5, 0.5, 0.5, 0.5, 0.5, 0.5, 0.5, 0.5, 0.5, 0.5, 0.5, 0.5, 0.5, 0.5, 0.5, 0.5, 0.5, 0.5, 0.5, 0.5, 0.5, 0.5, 0.5, 0.5, 0.5, 0.5, 0.5, 0.5, 0.5, 0.5, 0.5, 0.5, 0.5, 0.5, 0.5, 0.5, 0.5, 0.5, 0.5, 0.5, 0.5, 0.5, 0.5, 0.5, 0.5, 0.5, 0.5, 0.5, 0.5, 0.5, 0.5, 0.5, 0.5, 0.5, 0.5, 0.5, 0.5, 0.5, 0.5, 0.5, 0.5, 0.5, 0.5, 0.5, 0.5, 0.5, 0.5, 0.5, 0.5, 0.5, 0.5, 0.5, 0.5, 0.5, 0.5, 0.5, 0.5, 0.5, 0.5, 0.5, 0.5, 0.5, 0.5, 0.5, 0.5, 0.5, 0.5, 0.5, 0.5, 0.5, 0.5, 0.5, 0.5, 0.5, 0.5, 0.5, 0.5, 0.5, 0.5, 0.5, 0.5, 0.5, 0.5, 0.5, 0.5, 0.5, 0.5, 0.5, 0.5, 0.5, 0.5, 0.5, 0.5, 0.5, 0.5, 0.5, 0.5, 0.5, 0.5, 0.5, 0.5, 0.5, 0.5, 0.5, 0.5, 0.5, 0.5, 0.5, 0.5, 0.5, 0.5, 0.5, 0.5, 0.5, 0.5, 0.5, 0.5, 0.5, 0.5, 0.5, 0.5, 0.5, 0.5, 0.5, 0.5, 0.5, 0.5, 0.5, 0.5, 0.5, 0.5, 0.5, 0.5, 0.5, 0.5, 0.5, 0.5, 0.5, 0.5, 0.5, 0.5, 0.5, 0.5, 0.5, 0.5, 0.5, 0.5, 0.5, 0.5, 0.5, 0.5, 0.5, 0.5, 0.5, 0.5, 0.5, 0.5, 0.5, 0.5, 0.5, 0.5, 0.5, 0.5, 0.5, 0.5, 0.5, 0.5, 0.5, 0.5, 0.5, 0.5, 0.5, 0.5, 0.5, 0.5, 0.5, 0.5, 0.5, 0.5, 0.5, 0.5, 0.5, 0.5, 0.5, 0.5, 0.5, 0.5, 0.5, 0.5, 0.5, 0.5, 0.5, 0.5, 0.5, 0.5, 0.5, 0.5, 0.5, 0.5, 0.5, 0.5, 0.5, 0.5, 0.5, 0.5, 0.5, 0.5, 0.5, 0.5, 0.5, 0.5, 0.5, 0.5, 0.5, 0.5, 0.5, 0.5, 0.5, 0.5, 0.5, 0.5, 0.5, 0.5, 0.5, 0.5, 0.5, 0.5, 0.5, 0.5, 0.5, 0.5, 0.5, 0.5, 0.5, 0.5, 0.5, 0.5, 0.5, 0.5, 0.5, 0.5, 0.5, 0.5, 0.5, 0.5, 0.5, 0.5, 0.5, 0.5, 0.5, 0.5, 0.5, 0.5, 0.5, 0.5, 0.5, 0.5, 0.5, 0.5, 0.5, 0.5, 0.5, 0.5, 0.5, 0.5, 0.5, 0.5, 0.5, 0.5, 0.5, 0.5, 0.5, 0.5, 0.5, 0.5, 0.5, 0.5, 0.5, 0.5, 0.5, 0.5, 0.5, 0.5, 0.5, 0.5, 0.5, 0.5, 0.5, 0.5, 0.5, 0.5, 0.5, 0.5, 0.5, 0.5, 0.5, 0.5, 0.5, 0.5, 0.5, 0.5, 0.5, 0.5, 0.5, 0.5, 0.5, 0.5, 0.5, 0.5, 0.5, 0.5, 0.5, 0.5, 0.5, 0.5, 0.5, 0.5, 0.5, 0.5, 0.5, 0.5, 0.5, 0.5, 0.5, 0.5, 0.5, 0.5, 0.5, 0.5, 0.5, 0.5, 0.5, 0.5, 0.5, 0.5, 0.5, 0.5, 0.5, 0.5, 0.5, 0.5, 0.5, 0.5, 0.5, 0.5, 0.5, 0.5, 0.5, 0.5, 0.5, 0.5, 0.5, 0.5, 0.5, 0.5, 0.5, 0.5, 0.5, 0.5, 0.5, 0.5, 0.5, 0.5, 0.5, 0.5, 0.5, 0.5, 0.5, 0.5, 0.5, 0.5, 0.5, 0.5, 0.5, 0.5, 0.5, 0.5, 0.5, 0.5, 0.5, 0.5, 0.5, 0.5, 0.5, 0.5, 0.5, 0.5, 0.5, 0.5, 0.5, 0.5, 0.5, 0.5, 0.5, 0.5, 0.5, 0.5, 0.5, 0.5, 0.5, 0.5, 0.5, 0.5, 0.5, 0.5, 0.5, 0.5, 0.5, 0.5, 0.5, 0.5, 0.5, 0.5, 0.5, 0.5, 0.5, 0.5, 0.5, 0.5, 0.5, 0.5, 0.5, 0.5, 0.5, 0.5, 0.5, 0.5, 0.5, 0.5, 0.5, 0.5, 0.5, 0.5, 0.5, 0.5, 0.5, 0.5, 0.5, 0.5, 0.5, 0.5, 0.5, 0.5, 0.5, 0.5, 0.5, 0.5, 0.5, 0.5, 0.5, 0.5, 0.5, 0.5, 0.5, 0.5, 0.5, 0.5, 0.5, 0.5, 0.5, 0.5, 0.5, 0.5, 0.5, 0.5, 0.5, 0.5, 0.5, 0.5, 0.5, 0.5, 0.5, 0.5, 0.5, 0.5, 0.5, 0.5, 0.5, 0.5, 0.5, 0.5, 0.5, 0.5, 0.5, 0.5, 0.5, 0.5, 0.5, 0.5, 0.5, 0.5, 0.5, 0.5, 0.5, 0.5, 0.5, 0.5, 0.5, 0.5, 0.5, 0.5, 0.5, 0.5, 0.5, 0.5, 0.5, 0.5, 0.5, 0.5, 0.5, 0.5, 0.5, 0.5, 0.5, 0.5, 0.5, 0.5, 0.5, 0.5, 0.5, 0.5, 0.5, 0.5, 0.5, 0.5, 0.5, 0.5, 0.5, 0.5, 0.5, 0.5, 0.5, 0.5, 0.5, 0.5, 0.5, 0.5, 0.5, 0.5, 0.5, 0.5, 0.5, 0.5, 0.5, 0.5, 0.5, 0.5, 0.5, 0.5, 0.5, 0.5, 0.5, 0.5, 0.5, 0.5, 0.5, 0.5, 0.5, 0.5, 0.5, 0.5, 0.5, 0.5, 0.5, 0.5, 0.5, 0.5, 0.5, 0.5, 0.5, 0.5, 0.5, 0.5, 0.5, 0.5, 0.5, 0.5, 0.5, 0.5, 0.5, 0.5, 0.5, 0.5, 0.5, 0.5, 0.5, 0.5, 0.5, 0.5, 0.5, 0.5, 0.5, 0.5, 0.5, 0.5, 0.5, 0.5, 0.5, 0.5, 0.5, 0.5, 0.5, 0.5, 0.5, 0.5, 0.5, 0.5, 0.5, 0.5, 0.5, 0.5, 0.5, 0.5, 0.5, 0.5, 0.5, 0.5, 0.5, 0.5, 0.5, 0.5, 0.5, 0.5, 0.5, 0.5, 0.5, 0.5, 0.5, 0.5, 0.5, 0.5, 0.5, 0.5, 0.5, 0.5, 0.5, 0.5, 0.5, 0.5, 0.5, 0.5, 0.5, 0.5, 0.5, 0.5, 0.5, 0.5, 0.5, 0.5, 0.5, 0.5, 0.5, 0.5, 0.5, 0.5, 0.5, 0.5, 0.5, 0.5, 0.5, 0.5, 0.5, 0.5, 0.5, 0.5, 0.5, 0.5, 0.5, 0.5, 0.5, 0.5, 0.5, 0.5, 0.5, 0.5, 0.5, 0.5, 0.5, 0.5, 0.5, 0.5, 0.5, 0.5, 0.5, 0.5, 0.5, 0.5, 0.5, 0.5, 0.5, 0.5, 0.5, 0.5, 0.5, 0.5, 0.5, 0.5, 0.5, 0.5, 0.5, 0.5, 0.5, 0.5, 0.5]",2
2026_11_KICE_22-26_3,['4(2)'],"1번: 부적절하다. “감나무 잎새를 흔드는 게 어찌 바람뿐이랴. 아까는 오색딱다구리가 따다다닥 찍고 가더니”  
2번: 부적절하다. 지문 어디에도 ⓑ와 ⓒ를 통해 감이 충분히 익었다고 짐작한다는 내용은 없다.  
3번: 부적절하다. “아까는 오색딱다구리가 따다다닥 찍고 가더니 / 봐 봐, 시방은 청설모가 쪼르르 타고 내려오네.”에는 사랑의 종결을 떠올린다는 뜻이 담겨 있지 않다.  
4번: 적절하다. “때론 머리 위로 흰 구름이고 / 때론 온종일 장대비 맞아 보게.”  
5번: 부적절하다. 지문에는 ⓑ와 ⓒ가 떠난 뒤 ⓓ와 ⓔ를 보고 새로운 사랑을 기대한다는 언급이 없다.  

최종 정답: 4번","[16, 167, 110, 230, 25, 31619, 114, 222, 168, 254, 223, 168, 254, 230, 47991, 246, 46695, 97, 13, 564, 250, 166, 108, 238, 167, 224, 246, 167, 105, 112, 23821, 252, 236, 168, 225, 230, 167, 98, 120, 220, 169, 251, 242, 167, 241, 250, 167, 232, 242, 220, 166, 110, 234, 23821, 244, 112, 168, 108, 234, 31619, 108, 242, 167, 252, 234, 167, 123, 238, 35975, 112, 167, 252, 112, 13, 23821, 243, 226, 166, 117, 234, 167, 232, 242, 23821, 246, 97, 168, 225, 231, 167, 242, 109, 46695, 97, 166, 113, 105, 167, 99, 105, 166, 108, 222, 31619, 242, 108, 46695, 97, 46695, 97, 46695, 98, 23821, 108, 235, 166, 111, 254, 220, 166, 108, 222, 167, 235, 242, 46695, 230, 447, 251, 220, 220, 198, 17, 167, 110, 230, 25, 31619, 114, 222, 168, 254, 223, 168, 254, 230, 47991, 246, 46695, 97, 13, 23821, 100, 222, 167, 105, 116, 23821, 244, 112, 167, 242, 242, 168, 245, 238, 167, 237, 226, 2343, 241, 239, 168, 247, 222, 2343, 241, 240, 167, 98, 120, 220, 169, 228, 113, 47991, 112, 220, 166, 108, 238, 35975, 112, 23821, 114, 102, 167, 114, 226, 169, 252, 230, 23821, 251, 113, 168, 245, 230, 46695, 97, 166, 111, 254, 23821, 100, 238, 168, 252, 239, 47991, 250, 46695, 97, 167, 232, 242, 31619, 224, 112, 168, 248, 102, 35975, 222, 23821, 245, 228, 46695, 97, 13, 220, 220, 198, 18, 167, 110, 230, 25, 31619, 114, 222, 168, 254, 223, 168, 254, 230, 47991, 246, 46695, 97, 13, 564, 250, 168, 243, 226, 166, 117, 234, 167, 232, 242, 23821, 246, 97, 168, 225, 231, 167, 242, 109, 46695, 97, 166, 113, 105, 167, 99, 105, 166, 108, 222, 31619, 242, 108, 46695, 97, 46695, 97, 46695, 98, 23821, 108, 235, 166, 111, 254, 220, 166, 108, 222, 167, 235, 242, 46695, 230, 1220, 31619, 112, 238, 31619, 112, 238, 11, 23821, 233, 250, 167, 108, 102, 35975, 222, 23821, 110, 255, 168, 226, 97, 167, 103, 101, 166, 108, 222, 23821, 103, 120, 167, 98, 112, 167, 98, 112, 220, 169, 225, 222, 166, 111, 254, 31619, 224, 112, 167, 254, 97, 168, 246, 97, 167, 226, 97, 13, 447, 251, 168, 245, 238, 167, 232, 242, 23821, 8955, 167, 252, 239, 35975, 246, 23821, 95, 227, 166, 110, 108, 35975, 226, 31619, 244, 254, 168, 246, 105, 167, 99, 108, 46695, 97, 167, 232, 242, 31619, 250, 119, 35975, 112, 31619, 233, 112, 166, 110, 101, 23821, 252, 230, 168, 100, 222, 23821, 243, 232, 46695, 97, 13, 220, 220, 198, 19, 167, 110, 230, 25, 23821, 254, 223, 168, 254, 230, 47991, 246, 46695, 97, 13, 564, 250, 167, 243, 234, 167, 94, 254, 31619, 101, 116, 167, 99, 105, 23821, 250, 226, 167, 94, 250, 220, 169, 251, 108, 220, 166, 113, 105, 167, 99, 226, 35975, 112, 166, 111, 254, 1220, 31619, 243, 234, 167, 94, 254, 23821, 246, 101, 168, 95, 227, 35975, 120, 23821, 252, 98, 167, 234, 222, 167, 117, 226, 31619, 100, 252, 168, 243, 226, 31619, 111, 112, 166, 110, 234, 13, 447, 251, 220, 220, 198, 20, 167, 110, 230, 25, 31619, 114, 222, 168, 254, 223, 168, 254, 230, 47991, 246, 46695, 97, 13, 23821, 100, 222, 167, 105, 116, 168, 245, 238, 167, 232, 242, 2343, 241, 239, 168, 247, 222, 2343, 241, 240, 166, 108, 222, 31619, 244, 254, 167, 224, 250, 31619, 240, 97, 2343, 241, 241, 168, 247, 222, 2343, 241, 242, 167, 98, 120, 31619, 111, 112, 166, 111, 254, 23821, 225, 230, 167, 94, 250, 168, 248, 112, 23821, 8955, 167, 252, 239, 35975, 226, 220, 166, 116, 108, 167, 234, 222, 47991, 250, 46695, 97, 167, 232, 242, 23821, 244, 116, 166, 116, 231, 35975, 112, 23821, 245, 228, 46695, 97, 13, 220, 220, 198, 198, 168, 113, 250, 168, 95, 227, 23821, 254, 243, 46695, 113, 25, 604, 167, 110, 230]","[0.5, 0.5, 0.5, 0.5, 0.5, 0.5, 0.5, 0.5, 0.5, 0.5, 0.5, 0.5, 0.5, 0.5, 0.5, 0.5, 0.5, 0.5, 0.5, 0.5, 0.5, 0.5, 0.5, 0.5, 0.5, 0.5, 0.5, 0.5, 0.5, 0.5, 0.5, 0.5, 0.5, 0.5, 0.5, 0.5, 0.5, 0.5, 0.5, 0.5, 0.5, 0.5, 0.5, 0.5, 0.5, 0.5, 0.5, 0.5, 0.5, 0.5, 0.5, 0.5, 0.5, 0.5, 0.5, 0.5, 0.5, 0.5, 0.5, 0.5, 0.5, 0.5, 0.5, 0.5, 0.5, 0.5, 0.5, 0.5, 0.5, 0.5, 0.5, 0.5, 0.5, 0.5, 0.5, 0.5, 0.5, 0.5, 0.5, 0.5, 0.5, 0.5, 0.5, 0.5, 0.5, 0.5, 0.5, 0.5, 0.5, 0.5, 0.5, 0.5, 0.5, 0.5, 0.5, 0.5, 0.5, 0.5, 0.5, 0.5, 0.5, 0.5, 0.5, 0.5, 0.5, 0.5, 0.5, 0.5, 0.5, 0.5, 0.5, 0.5, 0.5, 0.5, 0.5, 0.5, 0.5, 0.5, 0.5, 0.5, 0.5, 0.5, 0.5, 0.5, 0.5, 0.5, 0.5, 0.5, 0.5, 0.5, 0.5, 0.5, 0.5, 0.5, 0.5, 0.5, 0.5, 0.5, 0.5, 0.5, 0.5, 0.5, 0.5, 0.5, 0.5, 0.5, 0.5, 0.5, 0.5, 0.5, 0.5, 0.5, 0.5, 0.5, 0.5, 0.5, 0.5, 0.5, 0.5, 0.5, 0.5, 0.5, 0.5, 0.5, 0.5, 0.5, 0.5, 0.5, 0.5, 0.5, 0.5, 0.5, 0.5, 0.5, 0.5, 0.5, 0.5, 0.5, 0.5, 0.5, 0.5, 0.5, 0.5, 0.5, 0.5, 0.5, 0.5, 0.5, 0.5, 0.5, 0.5, 0.5, 0.5, 0.5, 0.5, 0.5, 0.5, 0.5, 0.5, 0.5, 0.5, 0.5, 0.5, 0.5, 0.5, 0.5, 0.5, 0.5, 0.5, 0.5, 0.5, 0.5, 0.5, 0.5, 0.5, 0.5, 0.5, 0.5, 0.5, 0.5, 0.5, 0.5, 0.5, 0.5, 0.5, 0.5, 0.5, 0.5, 0.5, 0.5, 0.5, 0.5, 0.5, 0.5, 0.5, 0.5, 0.5, 0.5, 0.5, 0.5, 0.5, 0.5, 0.5, 0.5, 0.5, 0.5, 0.5, 0.5, 0.5, 0.5, 0.5, 0.5, 0.5, 0.5, 0.5, 0.5, 0.5, 0.5, 0.5, 0.5, 0.5, 0.5, 0.5, 0.5, 0.5, 0.5, 0.5, 0.5, 0.5, 0.5, 0.5, 0.5, 0.5, 0.5, 0.5, 0.5, 0.5, 0.5, 0.5, 0.5, 0.5, 0.5, 0.5, 0.5, 0.5, 0.5, 0.5, 0.5, 0.5, 0.5, 0.5, 0.5, 0.5, 0.5, 0.5, 0.5, 0.5, 0.5, 0.5, 0.5, 0.5, 0.5, 0.5, 0.5, 0.5, 0.5, 0.5, 0.5, 0.5, 0.5, 0.5, 0.5, 0.5, 0.5, 0.5, 0.5, 0.5, 0.5, 0.5, 0.5, 0.5, 0.5, 0.5, 0.5, 0.5, 0.5, 0.5, 0.5, 0.5, 0.5, 0.5, 0.5, 0.5, 0.5, 0.5, 0.5, 0.5, 0.5, 0.5, 0.5, 0.5, 0.5, 0.5, 0.5, 0.5, 0.5, 0.5, 0.5, 0.5, 0.5, 0.5, 0.5, 0.5, 0.5, 0.5, 0.5, 0.5, 0.5, 0.5, 0.5, 0.5, 0.5, 0.5, 0.5, 0.5, 0.5, 0.5, 0.5, 0.5, 0.5, 0.5, 0.5, 0.5, 0.5, 0.5, 0.5, 0.5, 0.5, 0.5, 0.5, 0.5, 0.5, 0.5, 0.5, 0.5, 0.5, 0.5, 0.5, 0.5, 0.5, 0.5, 0.5, 0.5, 0.5, 0.5, 0.5, 0.5, 0.5, 0.5, 0.5, 0.5, 0.5, 0.5, 0.5, 0.5, 0.5, 0.5, 0.5, 0.5, 0.5, 0.5, 0.5, 0.5, 0.5, 0.5, 0.5, 0.5, 0.5, 0.5, 0.5, 0.5, 0.5, 0.5, 0.5, 0.5, 0.5, 0.5, 0.5, 0.5, 0.5, 0.5, 0.5, 0.5, 0.5, 0.5, 0.5, 0.5, 0.5, 0.5, 0.5, 0.5, 0.5, 0.5, 0.5, 0.5, 0.5, 0.5, 0.5, 0.5, 0.5, 0.5, 0.5, 0.5, 0.5, 0.5, 0.5, 0.5, 0.5, 0.5, 0.5, 0.5, 0.5, 0.5, 0.5, 0.5, 0.5, 0.5, 0.5, 0.5, 0.5, 0.5, 0.5, 0.5, 0.5, 0.5, 0.5, 0.5, 0.5, 0.5, 0.5, 0.5, 0.5, 0.5, 0.5, 0.5, 0.5, 0.5, 0.5, 0.5, 0.5, 0.5, 0.5, 0.5, 0.5, 0.5, 0.5, 0.5, 0.5, 0.5, 0.5, 0.5, 0.5, 0.5, 0.5, 0.5, 0.5, 0.5, 0.5, 0.5, 0.5, 0.5, 0.5, 0.5, 0.5, 0.5, 0.5, 0.5, 0.5, 0.5, 0.5, 0.5, 0.5, 0.5, 0.5, 0.5, 0.5, 0.5, 0.5, 0.5, 0.5, 0.5, 0.5, 0.5, 0.5, 0.5, 0.5, 0.5, 0.5, 0.5, 0.5, 0.5, 0.5, 0.5, 0.5, 0.5, 0.5, 0.5, 0.5, 0.5, 0.5, 0.5, 0.5, 0.5, 0.5, 0.5, 0.5, 0.5, 0.5, 0.5, 0.5, 0.5, 0.5, 0.5, 0.5, 0.5, 0.5, 0.5, 0.5, 0.5, 0.5, 0.5, 0.5, 0.5, 0.5, 0.5, 0.5, 0.5, 0.5, 0.5, 0.5, 0.5, 0.5, 0.5, 0.5, 0.5, 0.5, 0.5, 0.5, 0.5, 0.5, 0.5, 0.5, 0.5, 0.5, 0.5, 0.5, 0.5, 0.5, 0.5, 0.5, 0.5, 0.5, 0.5, 0.5, 0.5, 0.5, 0.5, 0.5, 0.5, 0.5, 0.5, 0.5, 0.5, 0.5, 0.5, 0.5, 0.5, 0.5, 0.5, 0.5, 0.5, 0.5, 0.5, 0.5, 0.5, 0.5, 0.5, 0.5, 0.5, 0.5, 0.5, 0.5, 0.5, 0.5, 0.5, 0.5, 0.5, 0.5, 0.5, 0.5, 0.5, 0.5, 0.5, 0.5, 0.5, 0.5, 0.5, 0.5, 0.5, 0.5, 0.5, 0.5, 0.5, 0.5, 0.5, 0.5, 0.5, 0.5, 0.5, 0.5, 0.5, 0.5, 0.5, 0.5, 0.5]",2
2026_11_KICE_22-26_4,['2(2)'],"1번: 적절하다. “사람이 소리를 내게 하는 것은 기이다.”  
2번: 부적절하다. “‘사람의 소리로서 남에게 듣기 좋고, 남에게 듣기 좋아 글로 쓰이고, 글로 쓰였으면서 바름에 합당하다면 그것을 일컬어 좋은 소리라 한다.’”  
3번: 적절하다. “그의 문장이 비록 완성된 것은 아니지만 그 뜻은 바름을 향한다. 최립은 좋은 소리를 내는 사람에 가깝다.”  
4번: 적절하다. “그의 문장이 비록 완성된 것은 아니지만 그 뜻은 바름을 향한다. 그러니 학업을 게을리하지 않는다면 바르게 되는 데 무슨 어려움이 있겠는가.”  
5번: 적절하다. “사람의 본체는 마음이니 그의 마음이 가히 크다고 하겠다. 사람의 소리는 기가 크면 그 소리가 크게 나니, 최립의 기는 가히 크다고 하겠다.”  
최종 정답: 2번","[16, 167, 110, 230, 25, 23821, 254, 223, 168, 254, 230, 47991, 246, 46695, 97, 13, 564, 250, 168, 8955, 167, 252, 234, 35975, 112, 23821, 228, 234, 167, 99, 105, 167, 98, 120, 31619, 224, 112, 166, 110, 234, 220, 47991, 246, 167, 232, 242, 220, 166, 110, 225, 35975, 222, 220, 166, 116, 108, 35975, 112, 46695, 97, 13, 447, 251, 220, 220, 198, 17, 167, 110, 230, 25, 31619, 114, 222, 168, 254, 223, 168, 254, 230, 47991, 246, 46695, 97, 13, 564, 250, 447, 246, 168, 8955, 167, 252, 234, 35975, 246, 23821, 228, 234, 167, 99, 105, 167, 94, 250, 168, 226, 250, 31619, 224, 101, 168, 245, 238, 166, 110, 234, 31619, 241, 96, 166, 116, 108, 23821, 95, 233, 166, 111, 254, 11, 31619, 224, 101, 168, 245, 238, 166, 110, 234, 31619, 241, 96, 166, 116, 108, 23821, 95, 233, 168, 243, 226, 220, 166, 116, 222, 167, 94, 250, 23821, 241, 108, 35975, 112, 166, 111, 254, 11, 220, 166, 116, 222, 167, 94, 250, 23821, 241, 108, 168, 246, 222, 168, 250, 120, 167, 102, 112, 168, 226, 250, 31619, 108, 242, 167, 99, 226, 168, 245, 238, 220, 47991, 102, 46695, 117, 47991, 246, 46695, 97, 167, 102, 112, 220, 166, 115, 116, 166, 110, 225, 35975, 226, 23821, 251, 120, 168, 119, 105, 168, 244, 112, 23821, 95, 233, 35975, 222, 23821, 228, 234, 167, 99, 105, 167, 251, 120, 220, 47991, 250, 46695, 97, 13, 447, 247, 447, 251, 220, 220, 198, 18, 167, 110, 230, 25, 23821, 254, 223, 168, 254, 230, 47991, 246, 46695, 97, 13, 564, 250, 166, 115, 116, 35975, 246, 31619, 105, 116, 168, 252, 98, 35975, 112, 31619, 117, 226, 167, 94, 251, 23821, 247, 226, 168, 226, 109, 167, 238, 250, 220, 166, 110, 225, 35975, 222, 23821, 243, 226, 46695, 230, 168, 100, 222, 167, 100, 234, 220, 166, 115, 116, 31619, 250, 119, 35975, 222, 31619, 108, 242, 167, 99, 226, 35975, 226, 220, 169, 244, 98, 47991, 250, 46695, 97, 13, 23821, 113, 250, 167, 99, 121, 35975, 222, 23821, 95, 233, 35975, 222, 23821, 228, 234, 167, 99, 105, 167, 98, 120, 31619, 224, 112, 167, 232, 242, 23821, 8955, 167, 252, 234, 168, 245, 238, 220, 166, 108, 222, 166, 117, 251, 46695, 97, 13, 447, 251, 220, 220, 198, 19, 167, 110, 230, 25, 23821, 254, 223, 168, 254, 230, 47991, 246, 46695, 97, 13, 564, 250, 166, 115, 116, 35975, 246, 31619, 105, 116, 168, 252, 98, 35975, 112, 31619, 117, 226, 167, 94, 251, 23821, 247, 226, 168, 226, 109, 167, 238, 250, 220, 166, 110, 225, 35975, 222, 23821, 243, 226, 46695, 230, 168, 100, 222, 167, 100, 234, 220, 166, 115, 116, 31619, 250, 119, 35975, 222, 31619, 108, 242, 167, 99, 226, 35975, 226, 220, 169, 244, 98, 47991, 250, 46695, 97, 13, 220, 166, 115, 116, 167, 253, 105, 46695, 230, 220, 47991, 247, 168, 245, 227, 35975, 226, 220, 166, 110, 234, 35975, 226, 167, 99, 105, 47991, 246, 168, 100, 222, 23821, 243, 232, 167, 232, 242, 46695, 97, 167, 102, 112, 31619, 108, 242, 167, 98, 112, 166, 110, 234, 31619, 238, 246, 167, 232, 242, 31619, 235, 108, 31619, 105, 112, 168, 232, 101, 23821, 244, 112, 167, 254, 97, 168, 249, 222, 35975, 112, 23821, 252, 230, 166, 110, 254, 167, 232, 242, 166, 108, 222, 13, 447, 251, 220, 220, 198, 20, 167, 110, 230, 25, 23821, 254, 223, 168, 254, 230, 47991, 246, 46695, 97, 13, 564, 250, 168, 8955, 167, 252, 234, 35975, 246, 31619, 111, 116, 168, 110, 112, 167, 232, 242, 31619, 100, 230, 35975, 234, 35975, 112, 46695, 230, 220, 166, 115, 116, 35975, 246, 31619, 100, 230, 35975, 234, 35975, 112, 220, 166, 108, 222, 169, 252, 230, 220, 169, 223, 105, 46695, 97, 166, 111, 254, 220, 47991, 246, 166, 110, 254, 46695, 97, 13, 23821, 8955, 167, 252, 234, 35975, 246, 23821, 228, 234, 167, 99, 105, 167, 232, 242, 220, 166, 116, 108, 166, 108, 222, 220, 169, 223, 105, 167, 102, 112, 220, 166, 115, 116, 23821, 228, 234, 167, 99, 105, 166, 108, 222, 220, 169, 223, 105, 166, 110, 234, 31619, 224, 246, 46695, 230, 11, 23821, 113, 250, 167, 99, 121, 35975, 246, 220, 166, 116, 108, 167, 232, 242, 220, 166, 108, 222, 169, 252, 230, 220, 169, 223, 105, 46695, 97, 166, 111, 254, 220, 47991, 246, 166, 110, 254, 46695, 97, 13, 447, 251, 220, 220, 198, 168, 113, 250, 168, 95, 227, 23821, 254, 243, 46695, 113, 25, 362, 167, 110, 230]","[0.5, 0.5, 0.5, 0.5, 0.5, 0.5, 0.5, 0.5, 0.5, 0.5, 0.5, 0.5, 0.5, 0.5, 0.5, 0.5, 0.5, 0.5, 0.5, 0.5, 0.5, 0.5, 0.5, 0.5, 0.5, 0.5, 0.5, 0.5, 0.5, 0.5, 0.5, 0.5, 0.5, 0.5, 0.5, 0.5, 0.5, 0.5, 0.5, 0.5, 0.5, 0.5, 0.5, 0.5, 0.5, 0.5, 0.5, 0.5, 0.5, 0.5, 0.5, 0.5, 0.5, 0.5, 0.5, 0.5, 0.5, 0.5, 0.5, 0.5, 0.5, 0.5, 0.5, 0.5, 0.5, 0.5, 0.5, 0.5, 0.5, 0.5, 0.5, 0.5, 0.5, 0.5, 0.5, 0.5, 0.5, 0.5, 0.5, 0.5, 0.5, 0.5, 0.5, 0.5, 0.5, 0.5, 0.5, 0.5, 0.5, 0.5, 0.5, 0.5, 0.5, 0.5, 0.5, 0.5, 0.5, 0.5, 0.5, 0.5, 0.5, 0.5, 0.5, 0.5, 0.5, 0.5, 0.5, 0.5, 0.5, 0.5, 0.5, 0.5, 0.5, 0.5, 0.5, 0.5, 0.5, 0.5, 0.5, 0.5, 0.5, 0.5, 0.5, 0.5, 0.5, 0.5, 0.5, 0.5, 0.5, 0.5, 0.5, 0.5, 0.5, 0.5, 0.5, 0.5, 0.5, 0.5, 0.5, 0.5, 0.5, 0.5, 0.5, 0.5, 0.5, 0.5, 0.5, 0.5, 0.5, 0.5, 0.5, 0.5, 0.5, 0.5, 0.5, 0.5, 0.5, 0.5, 0.5, 0.5, 0.5, 0.5, 0.5, 0.5, 0.5, 0.5, 0.5, 0.5, 0.5, 0.5, 0.5, 0.5, 0.5, 0.5, 0.5, 0.5, 0.5, 0.5, 0.5, 0.5, 0.5, 0.5, 0.5, 0.5, 0.5, 0.5, 0.5, 0.5, 0.5, 0.5, 0.5, 0.5, 0.5, 0.5, 0.5, 0.5, 0.5, 0.5, 0.5, 0.5, 0.5, 0.5, 0.5, 0.5, 0.5, 0.5, 0.5, 0.5, 0.5, 0.5, 0.5, 0.5, 0.5, 0.5, 0.5, 0.5, 0.5, 0.5, 0.5, 0.5, 0.5, 0.5, 0.5, 0.5, 0.5, 0.5, 0.5, 0.5, 0.5, 0.5, 0.5, 0.5, 0.5, 0.5, 0.5, 0.5, 0.5, 0.5, 0.5, 0.5, 0.5, 0.5, 0.5, 0.5, 0.5, 0.5, 0.5, 0.5, 0.5, 0.5, 0.5, 0.5, 0.5, 0.5, 0.5, 0.5, 0.5, 0.5, 0.5, 0.5, 0.5, 0.5, 0.5, 0.5, 0.5, 0.5, 0.5, 0.5, 0.5, 0.5, 0.5, 0.5, 0.5, 0.5, 0.5, 0.5, 0.5, 0.5, 0.5, 0.5, 0.5, 0.5, 0.5, 0.5, 0.5, 0.5, 0.5, 0.5, 0.5, 0.5, 0.5, 0.5, 0.5, 0.5, 0.5, 0.5, 0.5, 0.5, 0.5, 0.5, 0.5, 0.5, 0.5, 0.5, 0.5, 0.5, 0.5, 0.5, 0.5, 0.5, 0.5, 0.5, 0.5, 0.5, 0.5, 0.5, 0.5, 0.5, 0.5, 0.5, 0.5, 0.5, 0.5, 0.5, 0.5, 0.5, 0.5, 0.5, 0.5, 0.5, 0.5, 0.5, 0.5, 0.5, 0.5, 0.5, 0.5, 0.5, 0.5, 0.5, 0.5, 0.5, 0.5, 0.5, 0.5, 0.5, 0.5, 0.5, 0.5, 0.5, 0.5, 0.5, 0.5, 0.5, 0.5, 0.5, 0.5, 0.5, 0.5, 0.5, 0.5, 0.5, 0.5, 0.5, 0.5, 0.5, 0.5, 0.5, 0.5, 0.5, 0.5, 0.5, 0.5, 0.5, 0.5, 0.5, 0.5, 0.5, 0.5, 0.5, 0.5, 0.5, 0.5, 0.5, 0.5, 0.5, 0.5, 0.5, 0.5, 0.5, 0.5, 0.5, 0.5, 0.5, 0.5, 0.5, 0.5, 0.5, 0.5, 0.5, 0.5, 0.5, 0.5, 0.5, 0.5, 0.5, 0.5, 0.5, 0.5, 0.5, 0.5, 0.5, 0.5, 0.5, 0.5, 0.5, 0.5, 0.5, 0.5, 0.5, 0.5, 0.5, 0.5, 0.5, 0.5, 0.5, 0.5, 0.5, 0.5, 0.5, 0.5, 0.5, 0.5, 0.5, 0.5, 0.5, 0.5, 0.5, 0.5, 0.5, 0.5, 0.5, 0.5, 0.5, 0.5, 0.5, 0.5, 0.5, 0.5, 0.5, 0.5, 0.5, 0.5, 0.5, 0.5, 0.5, 0.5, 0.5, 0.5, 0.5, 0.5, 0.5, 0.5, 0.5, 0.5, 0.5, 0.5, 0.5, 0.5, 0.5, 0.5, 0.5, 0.5, 0.5, 0.5, 0.5, 0.5, 0.5, 0.5, 0.5, 0.5, 0.5, 0.5, 0.5, 0.5, 0.5, 0.5, 0.5, 0.5, 0.5, 0.5, 0.5, 0.5, 0.5, 0.5, 0.5, 0.5, 0.5, 0.5, 0.5, 0.5, 0.5, 0.5, 0.5, 0.5, 0.5, 0.5, 0.5, 0.5, 0.5, 0.5, 0.5, 0.5, 0.5, 0.5, 0.5, 0.5, 0.5, 0.5, 0.5, 0.5, 0.5, 0.5, 0.5, 0.5, 0.5, 0.5, 0.5, 0.5, 0.5, 0.5, 0.5, 0.5, 0.5, 0.5, 0.5, 0.5, 0.5, 0.5, 0.5, 0.5, 0.5, 0.5, 0.5, 0.5, 0.5, 0.5, 0.5, 0.5, 0.5, 0.5, 0.5, 0.5, 0.5, 0.5, 0.5, 0.5, 0.5, 0.5, 0.5, 0.5, 0.5, 0.5, 0.5, 0.5, 0.5, 0.5, 0.5, 0.5, 0.5, 0.5, 0.5, 0.5, 0.5, 0.5, 0.5, 0.5, 0.5, 0.5, 0.5, 0.5, 0.5, 0.5, 0.5, 0.5, 0.5, 0.5, 0.5, 0.5, 0.5, 0.5, 0.5, 0.5, 0.5, 0.5, 0.5, 0.5, 0.5, 0.5, 0.5, 0.5, 0.5, 0.5, 0.5, 0.5, 0.5, 0.5, 0.5, 0.5, 0.5, 0.5, 0.5, 0.5, 0.5, 0.5, 0.5, 0.5, 0.5, 0.5, 0.5, 0.5, 0.5, 0.5, 0.5, 0.5, 0.5, 0.5, 0.5, 0.5, 0.5, 0.5, 0.5, 0.5, 0.5, 0.5, 0.5, 0.5, 0.5, 0.5, 0.5, 0.5, 0.5, 0.5, 0.5, 0.5, 0.5, 0.5, 0.5, 0.5, 0.5, 0.5, 0.5, 0.5, 0.5, 0.5, 0.5, 0.5, 0.5, 0.5, 0.5, 0.5, 0.5, 0.5, 0.5, 0.5, 0.5, 0.5, 0.5, 0.5, 0.5, 0.5, 0.5, 0.5, 0.5, 0.5, 0.5, 0.5, 0.5, 0.5, 0.5, 0.5, 0.5, 0.5, 0.5, 0.5, 0.5, 0.5, 0.5, 0.5, 0.5, 0.5, 0.5, 0.5, 0.5, 0.5, 0.5, 0.5, 0.5, 0.5, 0.5, 0.5, 0.5, 0.5, 0.5, 0.5, 0.5, 0.5, 0.5, 0.5, 0.5, 0.5, 0.5, 0.5, 0.5, 0.5, 0.5, 0.5, 0.5, 0.5, 0.5, 0.5, 0.5, 0.5, 0.5, 0.5, 0.5, 0.5, 0.5, 0.5, 0.5, 0.5, 0.5, 0.5, 0.5, 0.5, 0.5, 0.5, 0.5, 0.5, 0.5, 0.5, 0.5, 0.5, 0.5, 0.5, 0.5, 0.5, 0.5, 0.5, 0.5, 0.5, 0.5, 0.5, 0.5, 0.5, 0.5, 0.5, 0.5, 0.5, 0.5, 0.5, 0.5, 0.5, 0.5, 0.5, 0.5, 0.5, 0.5, 0.5, 0.5, 0.5, 0.5, 0.5, 0.5, 0.5, 0.5, 0.5]",2
2026_11_KICE_27-30_0,['5(2)'],"1번: 적절하다. “실례지만 선생께서는 8·15 직후에 무슨 청년당 일에……?” / “왜? 나를 본 적이라도?”  
2번: 적절하다. “욕설을 퍼부어 네가 무슨 사찰 요원이냐고 따질 뻔하였다.” “오랜만에 증오가 되살아나서”  
3번: 적절하다. “역시 그러셨구만.”  
4번: 적절하다. “더 이상 서툰 짓은 하지 마시오.” (경고를 반복)  
5번: 부적절하다. 허명두는 온 씨의 공격에도 주제를 에둘러 돌린 적 없이 정면으로 대응했다.  
최종 정답: 5번","[16, 167, 110, 230, 25, 23821, 254, 223, 168, 254, 230, 47991, 246, 46695, 97, 13, 564, 250, 168, 233, 97, 167, 94, 222, 168, 100, 222, 167, 100, 234, 23821, 226, 254, 168, 225, 251, 166, 119, 246, 168, 226, 250, 167, 232, 242, 807, 9129, 1314, 23821, 100, 223, 169, 249, 226, 168, 245, 238, 31619, 105, 112, 168, 232, 101, 23821, 110, 255, 167, 227, 226, 46695, 117, 23821, 251, 120, 168, 245, 238, 7398, 30, 447, 251, 1220, 564, 250, 168, 247, 250, 30, 31619, 224, 246, 167, 98, 120, 31619, 111, 116, 23821, 254, 223, 35975, 112, 167, 251, 120, 167, 237, 226, 30, 447, 251, 220, 220, 198, 17, 167, 110, 230, 25, 23821, 254, 223, 168, 254, 230, 47991, 246, 46695, 97, 13, 564, 250, 168, 248, 243, 168, 226, 97, 35975, 226, 220, 169, 235, 120, 167, 114, 222, 168, 244, 112, 31619, 226, 97, 166, 108, 222, 31619, 105, 112, 168, 232, 101, 23821, 8955, 168, 108, 108, 23821, 248, 242, 168, 249, 238, 35975, 112, 167, 225, 238, 166, 111, 254, 31619, 242, 108, 168, 100, 230, 31619, 119, 242, 47991, 246, 168, 246, 222, 46695, 97, 13, 447, 251, 564, 250, 168, 246, 97, 167, 252, 250, 167, 100, 234, 168, 245, 238, 23821, 99, 251, 168, 246, 97, 166, 108, 222, 31619, 238, 246, 168, 224, 112, 168, 243, 226, 167, 224, 246, 168, 226, 250, 447, 251, 220, 220, 198, 18, 167, 110, 230, 25, 23821, 254, 223, 168, 254, 230, 47991, 246, 46695, 97, 13, 564, 250, 168, 245, 255, 168, 233, 250, 220, 166, 115, 116, 167, 253, 105, 168, 227, 101, 166, 113, 105, 167, 100, 234, 13, 447, 251, 220, 220, 198, 19, 167, 110, 230, 25, 23821, 254, 223, 168, 254, 230, 47991, 246, 46695, 97, 13, 564, 250, 167, 235, 242, 23821, 251, 112, 168, 225, 223, 23821, 226, 250, 169, 230, 108, 23821, 100, 241, 35975, 222, 220, 47991, 246, 168, 100, 222, 31619, 100, 230, 168, 233, 250, 168, 246, 97, 13, 447, 251, 357, 166, 110, 121, 166, 111, 254, 167, 98, 120, 31619, 108, 246, 167, 111, 113, 8, 220, 220, 198, 20, 167, 110, 230, 25, 31619, 114, 222, 168, 254, 223, 168, 254, 230, 47991, 246, 46695, 97, 13, 220, 169, 245, 230, 167, 103, 227, 167, 239, 238, 167, 232, 242, 23821, 246, 101, 23821, 242, 101, 35975, 246, 220, 166, 111, 113, 166, 110, 102, 168, 245, 238, 167, 237, 226, 23821, 96, 120, 168, 254, 250, 167, 98, 120, 23821, 245, 238, 167, 239, 246, 167, 253, 105, 31619, 237, 234, 167, 99, 108, 23821, 254, 223, 23821, 245, 228, 35975, 112, 23821, 254, 243, 167, 102, 112, 168, 250, 120, 167, 94, 250, 31619, 234, 222, 35975, 239, 169, 244, 230, 46695, 97, 13, 220, 220, 198, 168, 113, 250, 168, 95, 227, 23821, 254, 243, 46695, 113, 25, 642, 167, 110, 230]","[0.5, 0.5, 0.5, 0.5, 0.5, 0.5, 0.5, 0.5, 0.5, 0.5, 0.5, 0.5, 0.5, 0.5, 0.5, 0.5, 0.5, 0.5, 0.5, 0.5, 0.5, 0.5, 0.5, 0.5, 0.5, 0.5, 0.5, 0.5, 0.5, 0.5, 0.5, 0.5, 0.5, 0.5, 0.5, 0.5, 0.5, 0.5, 0.5, 0.5, 0.5, 0.5, 0.5, 0.5, 0.5, 0.5, 0.5, 0.5, 0.5, 0.5, 0.5, 0.5, 0.5, 0.5, 0.5, 0.5, 0.5, 0.5, 0.5, 0.5, 0.5, 0.5, 0.5, 0.5, 0.5, 0.5, 0.5, 0.5, 0.5, 0.5, 0.5, 0.5, 0.5, 0.5, 0.5, 0.5, 0.5, 0.5, 0.5, 0.5, 0.5, 0.5, 0.5, 0.5, 0.5, 0.5, 0.5, 0.5, 0.5, 0.5, 0.5, 0.5, 0.5, 0.5, 0.5, 0.5, 0.5, 0.5, 0.5, 0.5, 0.5, 0.5, 0.5, 0.5, 0.5, 0.5, 0.5, 0.5, 0.5, 0.5, 0.5, 0.5, 0.5, 0.5, 0.5, 0.5, 0.5, 0.5, 0.5, 0.5, 0.5, 0.5, 0.5, 0.5, 0.5, 0.5, 0.5, 0.5, 0.5, 0.5, 0.5, 0.5, 0.5, 0.5, 0.5, 0.5, 0.5, 0.5, 0.5, 0.5, 0.5, 0.5, 0.5, 0.5, 0.5, 0.5, 0.5, 0.5, 0.5, 0.5, 0.5, 0.5, 0.5, 0.5, 0.5, 0.5, 0.5, 0.5, 0.5, 0.5, 0.5, 0.5, 0.5, 0.5, 0.5, 0.5, 0.5, 0.5, 0.5, 0.5, 0.5, 0.5, 0.5, 0.5, 0.5, 0.5, 0.5, 0.5, 0.5, 0.5, 0.5, 0.5, 0.5, 0.5, 0.5, 0.5, 0.5, 0.5, 0.5, 0.5, 0.5, 0.5, 0.5, 0.5, 0.5, 0.5, 0.5, 0.5, 0.5, 0.5, 0.5, 0.5, 0.5, 0.5, 0.5, 0.5, 0.5, 0.5, 0.5, 0.5, 0.5, 0.5, 0.5, 0.5, 0.5, 0.5, 0.5, 0.5, 0.5, 0.5, 0.5, 0.5, 0.5, 0.5, 0.5, 0.5, 0.5, 0.5, 0.5, 0.5, 0.5, 0.5, 0.5, 0.5, 0.5, 0.5, 0.5, 0.5, 0.5, 0.5, 0.5, 0.5, 0.5, 0.5, 0.5, 0.5, 0.5, 0.5, 0.5, 0.5, 0.5, 0.5, 0.5, 0.5, 0.5, 0.5, 0.5, 0.5, 0.5, 0.5, 0.5, 0.5, 0.5, 0.5, 0.5, 0.5, 0.5, 0.5, 0.5, 0.5, 0.5, 0.5, 0.5, 0.5, 0.5, 0.5, 0.5, 0.5, 0.5, 0.5, 0.5, 0.5, 0.5, 0.5, 0.5, 0.5, 0.5, 0.5, 0.5, 0.5, 0.5, 0.5, 0.5, 0.5, 0.5, 0.5, 0.5, 0.5, 0.5, 0.5, 0.5, 0.5, 0.5, 0.5, 0.5, 0.5, 0.5, 0.5, 0.5, 0.5, 0.5, 0.5, 0.5, 0.5, 0.5, 0.5, 0.5, 0.5, 0.5, 0.5, 0.5, 0.5, 0.5, 0.5, 0.5, 0.5, 0.5, 0.5, 0.5, 0.5, 0.5, 0.5, 0.5, 0.5, 0.5, 0.5, 0.5, 0.5, 0.5, 0.5, 0.5, 0.5, 0.5, 0.5, 0.5, 0.5, 0.5, 0.5, 0.5, 0.5, 0.5, 0.5, 0.5, 0.5, 0.5, 0.5, 0.5, 0.5, 0.5, 0.5, 0.5, 0.5, 0.5, 0.5, 0.5, 0.5, 0.5, 0.5, 0.5, 0.5, 0.5, 0.5, 0.5, 0.5, 0.5, 0.5, 0.5, 0.5, 0.5, 0.5, 0.5, 0.5, 0.5, 0.5, 0.5, 0.5, 0.5, 0.5, 0.5, 0.5, 0.5, 0.5, 0.5, 0.5, 0.5, 0.5, 0.5, 0.5, 0.5, 0.5, 0.5, 0.5, 0.5, 0.5, 0.5, 0.5, 0.5, 0.5, 0.5, 0.5, 0.5, 0.5, 0.5, 0.5, 0.5, 0.5, 0.5, 0.5, 0.5, 0.5, 0.5, 0.5, 0.5, 0.5, 0.5, 0.5, 0.5, 0.5, 0.5, 0.5, 0.5, 0.5, 0.5, 0.5, 0.5, 0.5, 0.5, 0.5, 0.5, 0.5, 0.5, 0.5, 0.5, 0.5, 0.5, 0.5, 0.5, 0.5, 0.5, 0.5, 0.5, 0.5, 0.5, 0.5, 0.5, 0.5, 0.5, 0.5, 0.5, 0.5, 0.5, 0.5, 0.5, 0.5, 0.5, 0.5, 0.5, 0.5, 0.5, 0.5, 0.5, 0.5, 0.5, 0.5, 0.5, 0.5, 0.5, 0.5, 0.5, 0.5, 0.5, 0.5, 0.5, 0.5, 0.5, 0.5, 0.5, 0.5, 0.5, 0.5, 0.5, 0.5]",2
2026_11_KICE_27-30_1,['5(2)'],"1번: 부적절 – ⓐ의 형성 과정은 ⓑ의 확산과 직접 연결되어 있다. “독가촌 일대에는 금방 그 소문이 돌 대로 돌았다. 온 씨가 만나는 사람에게마다 이야기를 퍼뜨렸기 때문이었다.”  
2번: 적절 – 온 씨가 사람들에게 먼저 이야기를 퍼뜨린 뒤, 그 이야기가 소문으로 확산되었다. “독가촌 일대에는 금방 그 소문이 돌 대로 돌았다. 온 씨가 만나는 사람에게마다 이야기를 퍼뜨렸기 때문이었다.”  
3번: 부적절 – ⓐ는 인물 간의 갈등을 해결할 실마리를 제공하지 않는다.  
4번: 부적절 – ⓑ가 거짓으로 판명된 탓에 ⓐ가 확산된 것이 아니다.  
5번: 부적절 – ⓐ를 처음 퍼뜨린 인물이 ⓑ와 관련하여 확인한 내용을 반영한 것이 아니다.  

최종 정답: 2번","[16, 167, 110, 230, 25, 31619, 114, 222, 168, 254, 223, 168, 254, 230, 784, 2343, 241, 238, 35975, 246, 220, 169, 246, 243, 168, 226, 109, 220, 166, 111, 120, 168, 254, 243, 35975, 222, 2343, 241, 239, 35975, 246, 220, 169, 247, 243, 168, 224, 108, 166, 111, 120, 23821, 100, 223, 168, 254, 239, 23821, 245, 108, 166, 110, 108, 167, 238, 246, 168, 244, 112, 23821, 252, 230, 46695, 97, 13, 564, 250, 167, 237, 227, 166, 108, 222, 168, 112, 234, 23821, 251, 120, 167, 234, 222, 168, 245, 238, 167, 232, 242, 220, 166, 116, 230, 167, 108, 102, 220, 166, 115, 116, 23821, 228, 234, 167, 105, 116, 35975, 112, 31619, 237, 234, 31619, 234, 222, 167, 94, 250, 31619, 237, 234, 168, 243, 246, 46695, 97, 13, 23821, 246, 101, 23821, 242, 101, 166, 108, 222, 31619, 100, 234, 167, 224, 246, 167, 232, 242, 23821, 8955, 167, 252, 234, 168, 245, 238, 166, 110, 234, 167, 100, 230, 46695, 97, 23821, 251, 112, 168, 243, 120, 166, 116, 108, 167, 98, 120, 220, 169, 235, 120, 167, 250, 101, 167, 254, 116, 166, 116, 108, 31619, 243, 234, 167, 105, 116, 35975, 112, 168, 245, 230, 46695, 97, 13, 447, 251, 220, 220, 198, 17, 167, 110, 230, 25, 23821, 254, 223, 168, 254, 230, 784, 23821, 246, 101, 23821, 242, 101, 166, 108, 222, 23821, 8955, 167, 252, 234, 167, 241, 97, 168, 245, 238, 166, 110, 234, 31619, 101, 120, 168, 254, 222, 23821, 251, 112, 168, 243, 120, 166, 116, 108, 167, 98, 120, 220, 169, 235, 120, 167, 250, 101, 167, 99, 108, 31619, 240, 97, 11, 220, 166, 115, 116, 23821, 251, 112, 168, 243, 120, 166, 116, 108, 166, 108, 222, 23821, 228, 234, 167, 105, 116, 168, 250, 120, 167, 94, 250, 220, 169, 247, 243, 168, 224, 108, 167, 238, 246, 168, 245, 230, 46695, 97, 13, 564, 250, 167, 237, 227, 166, 108, 222, 168, 112, 234, 23821, 251, 120, 167, 234, 222, 168, 245, 238, 167, 232, 242, 220, 166, 116, 230, 167, 108, 102, 220, 166, 115, 116, 23821, 228, 234, 167, 105, 116, 35975, 112, 31619, 237, 234, 31619, 234, 222, 167, 94, 250, 31619, 237, 234, 168, 243, 246, 46695, 97, 13, 23821, 246, 101, 23821, 242, 101, 166, 108, 222, 31619, 100, 234, 167, 224, 246, 167, 232, 242, 23821, 8955, 167, 252, 234, 168, 245, 238, 166, 110, 234, 167, 100, 230, 46695, 97, 23821, 251, 112, 168, 243, 120, 166, 116, 108, 167, 98, 120, 220, 169, 235, 120, 167, 250, 101, 167, 254, 116, 166, 116, 108, 31619, 243, 234, 167, 105, 116, 35975, 112, 168, 245, 230, 46695, 97, 13, 447, 251, 220, 220, 198, 18, 167, 110, 230, 25, 31619, 114, 222, 168, 254, 223, 168, 254, 230, 784, 2343, 241, 238, 167, 232, 242, 23821, 251, 116, 167, 45539, 220, 166, 108, 226, 35975, 246, 220, 166, 108, 230, 167, 241, 109, 35975, 226, 220, 47991, 112, 166, 110, 108, 47991, 254, 23821, 233, 97, 167, 100, 230, 167, 99, 105, 167, 98, 120, 23821, 254, 250, 166, 111, 113, 47991, 246, 168, 100, 222, 23821, 243, 232, 167, 232, 242, 46695, 97, 13, 220, 220, 198, 19, 167, 110, 230, 25, 31619, 114, 222, 168, 254, 223, 168, 254, 230, 784, 2343, 241, 239, 166, 108, 222, 220, 166, 109, 108, 168, 100, 241, 168, 250, 120, 167, 94, 250, 220, 169, 234, 238, 167, 103, 227, 167, 238, 250, 220, 169, 225, 241, 168, 245, 238, 2343, 241, 238, 166, 108, 222, 220, 169, 247, 243, 168, 224, 108, 167, 238, 250, 220, 166, 110, 225, 35975, 112, 23821, 243, 226, 46695, 230, 46695, 97, 13, 220, 220, 198, 20, 167, 110, 230, 25, 31619, 114, 222, 168, 254, 223, 168, 254, 230, 784, 2343, 241, 238, 167, 98, 120, 23821, 110, 246, 35975, 234, 220, 169, 235, 120, 167, 250, 101, 167, 99, 108, 23821, 251, 116, 167, 45539, 35975, 112, 2343, 241, 239, 168, 247, 222, 220, 166, 112, 222, 167, 254, 101, 47991, 246, 168, 245, 105, 220, 169, 247, 243, 35975, 116, 47991, 250, 31619, 224, 112, 168, 248, 102, 35975, 226, 31619, 108, 246, 168, 246, 223, 47991, 250, 220, 166, 110, 225, 35975, 112, 23821, 243, 226, 46695, 230, 46695, 97, 13, 220, 220, 198, 198, 168, 113, 250, 168, 95, 227, 23821, 254, 243, 46695, 113, 25, 362, 167, 110, 230]","[0.5, 0.5, 0.5, 0.5, 0.5, 0.5, 0.5, 0.5, 0.5, 0.5, 0.5, 0.5, 0.5, 0.5, 0.5, 0.5, 0.5, 0.5, 0.5, 0.5, 0.5, 0.5, 0.5, 0.5, 0.5, 0.5, 0.5, 0.5, 0.5, 0.5, 0.5, 0.5, 0.5, 0.5, 0.5, 0.5, 0.5, 0.5, 0.5, 0.5, 0.5, 0.5, 0.5, 0.5, 0.5, 0.5, 0.5, 0.5, 0.5, 0.5, 0.5, 0.5, 0.5, 0.5, 0.5, 0.5, 0.5, 0.5, 0.5, 0.5, 0.5, 0.5, 0.5, 0.5, 0.5, 0.5, 0.5, 0.5, 0.5, 0.5, 0.5, 0.5, 0.5, 0.5, 0.5, 0.5, 0.5, 0.5, 0.5, 0.5, 0.5, 0.5, 0.5, 0.5, 0.5, 0.5, 0.5, 0.5, 0.5, 0.5, 0.5, 0.5, 0.5, 0.5, 0.5, 0.5, 0.5, 0.5, 0.5, 0.5, 0.5, 0.5, 0.5, 0.5, 0.5, 0.5, 0.5, 0.5, 0.5, 0.5, 0.5, 0.5, 0.5, 0.5, 0.5, 0.5, 0.5, 0.5, 0.5, 0.5, 0.5, 0.5, 0.5, 0.5, 0.5, 0.5, 0.5, 0.5, 0.5, 0.5, 0.5, 0.5, 0.5, 0.5, 0.5, 0.5, 0.5, 0.5, 0.5, 0.5, 0.5, 0.5, 0.5, 0.5, 0.5, 0.5, 0.5, 0.5, 0.5, 0.5, 0.5, 0.5, 0.5, 0.5, 0.5, 0.5, 0.5, 0.5, 0.5, 0.5, 0.5, 0.5, 0.5, 0.5, 0.5, 0.5, 0.5, 0.5, 0.5, 0.5, 0.5, 0.5, 0.5, 0.5, 0.5, 0.5, 0.5, 0.5, 0.5, 0.5, 0.5, 0.5, 0.5, 0.5, 0.5, 0.5, 0.5, 0.5, 0.5, 0.5, 0.5, 0.5, 0.5, 0.5, 0.5, 0.5, 0.5, 0.5, 0.5, 0.5, 0.5, 0.5, 0.5, 0.5, 0.5, 0.5, 0.5, 0.5, 0.5, 0.5, 0.5, 0.5, 0.5, 0.5, 0.5, 0.5, 0.5, 0.5, 0.5, 0.5, 0.5, 0.5, 0.5, 0.5, 0.5, 0.5, 0.5, 0.5, 0.5, 0.5, 0.5, 0.5, 0.5, 0.5, 0.5, 0.5, 0.5, 0.5, 0.5, 0.5, 0.5, 0.5, 0.5, 0.5, 0.5, 0.5, 0.5, 0.5, 0.5, 0.5, 0.5, 0.5, 0.5, 0.5, 0.5, 0.5, 0.5, 0.5, 0.5, 0.5, 0.5, 0.5, 0.5, 0.5, 0.5, 0.5, 0.5, 0.5, 0.5, 0.5, 0.5, 0.5, 0.5, 0.5, 0.5, 0.5, 0.5, 0.5, 0.5, 0.5, 0.5, 0.5, 0.5, 0.5, 0.5, 0.5, 0.5, 0.5, 0.5, 0.5, 0.5, 0.5, 0.5, 0.5, 0.5, 0.5, 0.5, 0.5, 0.5, 0.5, 0.5, 0.5, 0.5, 0.5, 0.5, 0.5, 0.5, 0.5, 0.5, 0.5, 0.5, 0.5, 0.5, 0.5, 0.5, 0.5, 0.5, 0.5, 0.5, 0.5, 0.5, 0.5, 0.5, 0.5, 0.5, 0.5, 0.5, 0.5, 0.5, 0.5, 0.5, 0.5, 0.5, 0.5, 0.5, 0.5, 0.5, 0.5, 0.5, 0.5, 0.5, 0.5, 0.5, 0.5, 0.5, 0.5, 0.5, 0.5, 0.5, 0.5, 0.5, 0.5, 0.5, 0.5, 0.5, 0.5, 0.5, 0.5, 0.5, 0.5, 0.5, 0.5, 0.5, 0.5, 0.5, 0.5, 0.5, 0.5, 0.5, 0.5, 0.5, 0.5, 0.5, 0.5, 0.5, 0.5, 0.5, 0.5, 0.5, 0.5, 0.5, 0.5, 0.5, 0.5, 0.5, 0.5, 0.5, 0.5, 0.5, 0.5, 0.5, 0.5, 0.5, 0.5, 0.5, 0.5, 0.5, 0.5, 0.5, 0.5, 0.5, 0.5, 0.5, 0.5, 0.5, 0.5, 0.5, 0.5, 0.5, 0.5, 0.5, 0.5, 0.5, 0.5, 0.5, 0.5, 0.5, 0.5, 0.5, 0.5, 0.5, 0.5, 0.5, 0.5, 0.5, 0.5, 0.5, 0.5, 0.5, 0.5, 0.5, 0.5, 0.5, 0.5, 0.5, 0.5, 0.5, 0.5, 0.5, 0.5, 0.5, 0.5, 0.5, 0.5, 0.5, 0.5, 0.5, 0.5, 0.5, 0.5, 0.5, 0.5, 0.5, 0.5, 0.5, 0.5, 0.5, 0.5, 0.5, 0.5, 0.5, 0.5, 0.5, 0.5, 0.5, 0.5, 0.5, 0.5, 0.5, 0.5, 0.5, 0.5, 0.5, 0.5, 0.5, 0.5, 0.5, 0.5, 0.5, 0.5, 0.5, 0.5, 0.5, 0.5, 0.5, 0.5, 0.5, 0.5, 0.5, 0.5, 0.5, 0.5, 0.5, 0.5, 0.5, 0.5, 0.5, 0.5, 0.5, 0.5, 0.5, 0.5, 0.5, 0.5, 0.5, 0.5, 0.5, 0.5, 0.5, 0.5, 0.5, 0.5, 0.5, 0.5, 0.5, 0.5, 0.5, 0.5, 0.5, 0.5, 0.5, 0.5, 0.5, 0.5, 0.5, 0.5, 0.5, 0.5, 0.5, 0.5, 0.5, 0.5, 0.5, 0.5, 0.5, 0.5, 0.5, 0.5, 0.5, 0.5, 0.5, 0.5, 0.5, 0.5, 0.5, 0.5, 0.5, 0.5, 0.5, 0.5, 0.5, 0.5, 0.5, 0.5, 0.5, 0.5, 0.5, 0.5, 0.5, 0.5, 0.5, 0.5, 0.5, 0.5, 0.5, 0.5, 0.5, 0.5, 0.5, 0.5, 0.5, 0.5, 0.5, 0.5, 0.5, 0.5, 0.5, 0.5, 0.5, 0.5, 0.5, 0.5, 0.5, 0.5, 0.5, 0.5, 0.5, 0.5, 0.5, 0.5, 0.5, 0.5, 0.5, 0.5, 0.5, 0.5, 0.5, 0.5, 0.5, 0.5, 0.5, 0.5, 0.5, 0.5, 0.5, 0.5, 0.5, 0.5, 0.5, 0.5, 0.5, 0.5, 0.5, 0.5, 0.5, 0.5, 0.5, 0.5, 0.5, 0.5, 0.5, 0.5, 0.5, 0.5, 0.5, 0.5, 0.5, 0.5, 0.5, 0.5, 0.5, 0.5, 0.5, 0.5, 0.5, 0.5, 0.5, 0.5, 0.5, 0.5, 0.5, 0.5, 0.5, 0.5, 0.5, 0.5, 0.5, 0.5, 0.5, 0.5, 0.5, 0.5, 0.5, 0.5, 0.5, 0.5, 0.5, 0.5, 0.5, 0.5, 0.5, 0.5, 0.5, 0.5, 0.5, 0.5, 0.5, 0.5, 0.5, 0.5, 0.5, 0.5, 0.5, 0.5, 0.5, 0.5, 0.5, 0.5, 0.5, 0.5, 0.5, 0.5, 0.5, 0.5, 0.5, 0.5, 0.5, 0.5, 0.5, 0.5, 0.5, 0.5, 0.5, 0.5, 0.5, 0.5, 0.5, 0.5, 0.5, 0.5, 0.5, 0.5, 0.5, 0.5, 0.5, 0.5, 0.5, 0.5, 0.5, 0.5, 0.5, 0.5, 0.5, 0.5, 0.5, 0.5, 0.5, 0.5, 0.5, 0.5, 0.5, 0.5, 0.5, 0.5, 0.5, 0.5, 0.5, 0.5, 0.5, 0.5, 0.5, 0.5, 0.5, 0.5, 0.5, 0.5, 0.5, 0.5, 0.5, 0.5, 0.5, 0.5, 0.5, 0.5, 0.5, 0.5, 0.5, 0.5, 0.5]",0
2026_11_KICE_27-30_2,['1(2)'],"문제 이해 및 계획  
– ‘독가촌’이 지문에서 어떻게 설명되고 있는지 파악  
– 5개 선택지를 하나씩 지문 근거와 대조  
– 최종적으로 하나의 정답을 선택  

1번: 적절하다.  
“특히 독가촌은 오늘의 달라진 인문지리의 환경으로 따져 보았을 적에 고속도로와 접속이 되게 될 교통 요충지가 되었을 뿐 아니라 관광지로서 좋은 조건을 모두 구비하고 있다는 것이었다.”  

2번: 부적절하다.  
“행정 당국은 지목(地目) 변경은 해 두었지만 서류상으로는 그 모든 가옥들이 무허가 주택이나 다름없었으며, 따라서 집들의 매매는 권리금에 다름이 아니었다. (…) 허명두 씨가 관청을 들락거리고 야금야금 집들을 사두게 된 것이 이 때문이었다.”  
– 지목 변경은 허명두의 행위 배경일 뿐, 독가촌 자체 정의가 아니다.  

3번: 부적절하다.  
“더구나 농촌 부락으로서는 어느 정도 자립할 수 있는 터전도 굳혀 놓은 게 사실이었다.”  
– 이미 경제적 자립 기반을 갖추었다고 설명하고 있다.  

4번: 부적절하다.  
– 온 씨의 목적은 독가촌을 외부 자본에 내주지 않으려는 것이지, 농업 중심의 생활양식을 바꾸려는 것이 아니다.  

5번: 부적절하다.  
– 마을 사람들이 피땀 흘려 일군 것은 ‘농촌 개척’이지, ‘관광지로서의 조건을 갖추기 위한 노력’이 아니다.  

최종 정답: 1번","[167, 105, 116, 168, 254, 250, 23821, 251, 112, 47991, 112, 31619, 108, 237, 220, 166, 111, 226, 169, 248, 235, 220, 220, 198, 1906, 564, 246, 167, 237, 227, 166, 108, 222, 168, 112, 234, 447, 247, 35975, 112, 23821, 100, 222, 167, 105, 116, 168, 245, 238, 168, 226, 250, 23821, 244, 112, 167, 244, 119, 166, 110, 234, 23821, 226, 97, 167, 103, 227, 167, 238, 246, 166, 111, 254, 23821, 252, 230, 167, 232, 242, 168, 100, 222, 220, 169, 234, 234, 168, 243, 227, 220, 220, 198, 1906, 642, 166, 108, 250, 23821, 226, 254, 169, 225, 251, 168, 100, 222, 167, 98, 120, 220, 47991, 246, 167, 224, 246, 168, 242, 102, 23821, 100, 222, 167, 105, 116, 220, 166, 115, 120, 166, 109, 108, 168, 247, 222, 31619, 234, 222, 168, 94, 108, 220, 220, 198, 1906, 23821, 113, 250, 168, 95, 227, 168, 254, 223, 168, 250, 120, 167, 94, 250, 220, 47991, 246, 167, 224, 246, 35975, 246, 23821, 254, 243, 46695, 113, 35975, 226, 23821, 226, 254, 169, 225, 251, 220, 220, 198, 198, 16, 167, 110, 230, 25, 23821, 254, 223, 168, 254, 230, 47991, 246, 46695, 97, 13, 220, 220, 198, 447, 250, 169, 232, 117, 169, 252, 230, 31619, 237, 227, 166, 108, 222, 168, 112, 234, 35975, 222, 23821, 246, 97, 167, 232, 246, 35975, 246, 31619, 233, 105, 167, 251, 120, 168, 100, 226, 23821, 251, 116, 167, 105, 116, 168, 100, 222, 167, 99, 105, 35975, 246, 220, 169, 247, 246, 166, 110, 121, 168, 250, 120, 167, 94, 250, 31619, 242, 108, 168, 254, 116, 31619, 111, 112, 168, 243, 246, 35975, 226, 23821, 254, 223, 168, 245, 238, 220, 166, 111, 254, 168, 228, 235, 167, 237, 226, 167, 94, 250, 168, 247, 222, 23821, 254, 239, 168, 228, 235, 35975, 112, 31619, 238, 246, 166, 110, 234, 31619, 238, 254, 220, 166, 113, 238, 169, 228, 113, 23821, 248, 242, 168, 114, 102, 168, 100, 222, 166, 108, 222, 31619, 238, 246, 168, 245, 230, 35975, 226, 31619, 123, 238, 23821, 243, 226, 46695, 230, 167, 251, 120, 220, 166, 112, 222, 166, 112, 239, 168, 100, 222, 167, 94, 250, 168, 226, 250, 23821, 95, 233, 35975, 222, 23821, 94, 108, 166, 109, 112, 35975, 226, 31619, 103, 101, 167, 239, 238, 220, 166, 113, 105, 167, 117, 226, 47991, 246, 166, 111, 254, 23821, 252, 230, 46695, 97, 167, 232, 242, 220, 166, 110, 225, 35975, 112, 168, 245, 230, 46695, 97, 13, 447, 251, 220, 220, 198, 198, 17, 167, 110, 230, 25, 31619, 114, 222, 168, 254, 223, 168, 254, 230, 47991, 246, 46695, 97, 13, 220, 220, 198, 447, 250, 169, 244, 231, 168, 254, 243, 31619, 233, 117, 166, 113, 255, 35975, 222, 23821, 100, 222, 167, 103, 102, 7, 28839, 108, 33566, 106, 8, 31619, 111, 222, 166, 110, 121, 35975, 222, 220, 47991, 112, 31619, 239, 238, 168, 245, 230, 168, 100, 222, 167, 100, 234, 23821, 226, 250, 167, 98, 246, 168, 225, 223, 168, 250, 120, 167, 94, 250, 167, 232, 242, 220, 166, 115, 116, 31619, 103, 101, 167, 241, 254, 220, 166, 108, 222, 168, 246, 98, 167, 241, 97, 35975, 112, 31619, 105, 112, 169, 245, 230, 166, 108, 222, 23821, 96, 120, 169, 225, 251, 35975, 112, 167, 224, 246, 31619, 233, 97, 167, 99, 226, 168, 245, 228, 168, 245, 230, 168, 250, 120, 167, 102, 108, 11, 31619, 242, 108, 167, 251, 120, 168, 226, 250, 23821, 100, 239, 167, 241, 97, 35975, 246, 31619, 100, 97, 167, 100, 97, 167, 232, 242, 220, 166, 114, 234, 167, 99, 105, 166, 116, 230, 168, 245, 238, 31619, 233, 97, 167, 99, 226, 35975, 112, 23821, 243, 226, 46695, 230, 168, 245, 230, 46695, 97, 13, 357, 38418, 220, 169, 245, 230, 167, 103, 227, 167, 239, 238, 23821, 242, 101, 166, 108, 222, 220, 166, 112, 222, 168, 110, 255, 35975, 226, 31619, 241, 97, 167, 251, 121, 166, 109, 108, 167, 99, 105, 166, 111, 254, 23821, 243, 120, 166, 116, 230, 168, 243, 120, 166, 116, 230, 23821, 100, 239, 167, 241, 97, 35975, 226, 23821, 8955, 167, 239, 238, 166, 110, 234, 31619, 238, 250, 220, 166, 110, 225, 35975, 112, 23821, 251, 112, 31619, 243, 234, 167, 105, 116, 35975, 112, 168, 245, 230, 46695, 97, 13, 447, 251, 220, 220, 198, 1906, 23821, 100, 222, 167, 103, 102, 31619, 111, 222, 166, 110, 121, 35975, 222, 220, 169, 245, 230, 167, 103, 227, 167, 239, 238, 35975, 246, 220, 169, 244, 231, 168, 250, 226, 31619, 108, 108, 166, 110, 121, 35975, 120, 31619, 123, 238, 11, 31619, 237, 227, 166, 108, 222, 168, 112, 234, 23821, 252, 238, 168, 110, 112, 23821, 254, 243, 35975, 246, 166, 108, 222, 23821, 243, 226, 46695, 230, 46695, 97, 13, 220, 220, 198, 198, 18, 167, 110, 230, 25, 31619, 114, 222, 168, 254, 223, 168, 254, 230, 47991, 246, 46695, 97, 13, 220, 220, 198, 447, 250, 167, 235, 242, 166, 113, 105, 167, 224, 246, 31619, 228, 235, 168, 112, 234, 31619, 114, 222, 167, 251, 121, 168, 250, 120, 167, 94, 250, 168, 226, 250, 167, 232, 242, 23821, 244, 112, 167, 232, 238, 23821, 254, 243, 167, 237, 226, 23821, 252, 238, 167, 99, 121, 47991, 254, 23821, 230, 246, 23821, 252, 230, 167, 232, 242, 220, 169, 226, 108, 168, 254, 226, 167, 237, 226, 220, 166, 113, 111, 169, 246, 222, 31619, 228, 241, 35975, 222, 220, 166, 110, 234, 23821, 8955, 168, 233, 97, 35975, 112, 168, 245, 230, 46695, 97, 13, 447, 251, 220, 220, 198, 1906, 23821, 251, 112, 167, 107, 116, 220, 166, 110, 121, 168, 254, 250, 168, 254, 223, 23821, 252, 238, 167, 99, 121, 220, 166, 116, 108, 167, 108, 246, 35975, 226, 220, 166, 108, 244, 168, 114, 242, 168, 245, 230, 46695, 97, 166, 111, 254, 23821, 226, 97, 167, 103, 227, 47991, 246, 166, 111, 254, 23821, 252, 230, 46695, 97, 13, 220, 220, 198, 198, 19, 167, 110, 230, 25, 31619, 114, 222, 168, 254, 223, 168, 254, 230, 47991, 246, 46695, 97, 13, 220, 220, 198, 1906, 23821, 246, 101, 23821, 242, 101, 35975, 246, 31619, 103, 102, 168, 254, 223, 35975, 222, 31619, 237, 227, 166, 108, 222, 168, 112, 234, 35975, 226, 23821, 247, 116, 167, 114, 222, 23821, 252, 238, 167, 111, 116, 168, 245, 238, 31619, 224, 112, 168, 96, 120, 168, 100, 222, 23821, 243, 232, 168, 250, 120, 167, 254, 97, 167, 232, 242, 220, 166, 110, 225, 35975, 112, 168, 100, 222, 11, 31619, 228, 235, 168, 245, 227, 23821, 97, 239, 168, 233, 105, 35975, 246, 23821, 225, 251, 169, 247, 250, 168, 244, 239, 168, 233, 251, 35975, 226, 31619, 108, 242, 166, 122, 116, 167, 254, 97, 167, 232, 242, 220, 166, 110, 225, 35975, 112, 23821, 243, 226, 46695, 230, 46695, 97, 13, 220, 220, 198, 198, 20, 167, 110, 230, 25, 31619, 114, 222, 168, 254, 223, 168, 254, 230, 47991, 246, 46695, 97, 13, 220, 220, 198, 1906, 31619, 100, 230, 35975, 226, 23821, 8955, 167, 252, 234, 167, 241, 97, 35975, 112, 220, 169, 242, 120, 167, 243, 222, 220, 169, 251, 246, 167, 254, 97, 23821, 251, 120, 166, 113, 108, 220, 166, 110, 225, 35975, 222, 564, 246, 167, 228, 235, 168, 112, 234, 220, 166, 108, 250, 168, 110, 247, 447, 247, 35975, 112, 168, 100, 222, 11, 564, 246, 166, 112, 222, 166, 112, 239, 168, 100, 222, 167, 94, 250, 168, 226, 250, 35975, 246, 23821, 94, 108, 166, 109, 112, 35975, 226, 220, 166, 108, 244, 168, 114, 242, 166, 116, 108, 23821, 250, 226, 47991, 250, 31619, 227, 116, 167, 254, 98, 447, 247, 35975, 112, 23821, 243, 226, 46695, 230, 46695, 97, 13, 220, 220, 198, 198, 168, 113, 250, 168, 95, 227, 23821, 254, 243, 46695, 113, 25, 352, 167, 110, 230]","[0.5, 0.5, 0.5, 0.5, 0.5, 0.5, 0.5, 0.5, 0.5, 0.5, 0.5, 0.5, 0.5, 0.5, 0.5, 0.5, 0.5, 0.5, 0.5, 0.5, 0.5, 0.5, 0.5, 0.5, 0.5, 0.5, 0.5, 0.5, 0.5, 0.5, 0.5, 0.5, 0.5, 0.5, 0.5, 0.5, 0.5, 0.5, 0.5, 0.5, 0.5, 0.5, 0.5, 0.5, 0.5, 0.5, 0.5, 0.5, 0.5, 0.5, 0.5, 0.5, 0.5, 0.5, 0.5, 0.5, 0.5, 0.5, 0.5, 0.5, 0.5, 0.5, 0.5, 0.5, 0.5, 0.5, 0.5, 0.5, 0.5, 0.5, 0.5, 0.5, 0.5, 0.5, 0.5, 0.5, 0.5, 0.5, 0.5, 0.5, 0.5, 0.5, 0.5, 0.5, 0.5, 0.5, 0.5, 0.5, 0.5, 0.5, 0.5, 0.5, 0.5, 0.5, 0.5, 0.5, 0.5, 0.5, 0.5, 0.5, 0.5, 0.5, 0.5, 0.5, 0.5, 0.5, 0.5, 0.5, 0.5, 0.5, 0.5, 0.5, 0.5, 0.5, 0.5, 0.5, 0.5, 0.5, 0.5, 0.5, 0.5, 0.5, 0.5, 0.5, 0.5, 0.5, 0.5, 0.5, 0.5, 0.5, 0.5, 0.5, 0.5, 0.5, 0.5, 0.5, 0.5, 0.5, 0.5, 0.5, 0.5, 0.5, 0.5, 0.5, 0.5, 0.5, 0.5, 0.5, 0.5, 0.5, 0.5, 0.5, 0.5, 0.5, 0.5, 0.5, 0.5, 0.5, 0.5, 0.5, 0.5, 0.5, 0.5, 0.5, 0.5, 0.5, 0.5, 0.5, 0.5, 0.5, 0.5, 0.5, 0.5, 0.5, 0.5, 0.5, 0.5, 0.5, 0.5, 0.5, 0.5, 0.5, 0.5, 0.5, 0.5, 0.5, 0.5, 0.5, 0.5, 0.5, 0.5, 0.5, 0.5, 0.5, 0.5, 0.5, 0.5, 0.5, 0.5, 0.5, 0.5, 0.5, 0.5, 0.5, 0.5, 0.5, 0.5, 0.5, 0.5, 0.5, 0.5, 0.5, 0.5, 0.5, 0.5, 0.5, 0.5, 0.5, 0.5, 0.5, 0.5, 0.5, 0.5, 0.5, 0.5, 0.5, 0.5, 0.5, 0.5, 0.5, 0.5, 0.5, 0.5, 0.5, 0.5, 0.5, 0.5, 0.5, 0.5, 0.5, 0.5, 0.5, 0.5, 0.5, 0.5, 0.5, 0.5, 0.5, 0.5, 0.5, 0.5, 0.5, 0.5, 0.5, 0.5, 0.5, 0.5, 0.5, 0.5, 0.5, 0.5, 0.5, 0.5, 0.5, 0.5, 0.5, 0.5, 0.5, 0.5, 0.5, 0.5, 0.5, 0.5, 0.5, 0.5, 0.5, 0.5, 0.5, 0.5, 0.5, 0.5, 0.5, 0.5, 0.5, 0.5, 0.5, 0.5, 0.5, 0.5, 0.5, 0.5, 0.5, 0.5, 0.5, 0.5, 0.5, 0.5, 0.5, 0.5, 0.5, 0.5, 0.5, 0.5, 0.5, 0.5, 0.5, 0.5, 0.5, 0.5, 0.5, 0.5, 0.5, 0.5, 0.5, 0.5, 0.5, 0.5, 0.5, 0.5, 0.5, 0.5, 0.5, 0.5, 0.5, 0.5, 0.5, 0.5, 0.5, 0.5, 0.5, 0.5, 0.5, 0.5, 0.5, 0.5, 0.5, 0.5, 0.5, 0.5, 0.5, 0.5, 0.5, 0.5, 0.5, 0.5, 0.5, 0.5, 0.5, 0.5, 0.5, 0.5, 0.5, 0.5, 0.5, 0.5, 0.5, 0.5, 0.5, 0.5, 0.5, 0.5, 0.5, 0.5, 0.5, 0.5, 0.5, 0.5, 0.5, 0.5, 0.5, 0.5, 0.5, 0.5, 0.5, 0.5, 0.5, 0.5, 0.5, 0.5, 0.5, 0.5, 0.5, 0.5, 0.5, 0.5, 0.5, 0.5, 0.5, 0.5, 0.5, 0.5, 0.5, 0.5, 0.5, 0.5, 0.5, 0.5, 0.5, 0.5, 0.5, 0.5, 0.5, 0.5, 0.5, 0.5, 0.5, 0.5, 0.5, 0.5, 0.5, 0.5, 0.5, 0.5, 0.5, 0.5, 0.5, 0.5, 0.5, 0.5, 0.5, 0.5, 0.5, 0.5, 0.5, 0.5, 0.5, 0.5, 0.5, 0.5, 0.5, 0.5, 0.5, 0.5, 0.5, 0.5, 0.5, 0.5, 0.5, 0.5, 0.5, 0.5, 0.5, 0.5, 0.5, 0.5, 0.5, 0.5, 0.5, 0.5, 0.5, 0.5, 0.5, 0.5, 0.5, 0.5, 0.5, 0.5, 0.5, 0.5, 0.5, 0.5, 0.5, 0.5, 0.5, 0.5, 0.5, 0.5, 0.5, 0.5, 0.5, 0.5, 0.5, 0.5, 0.5, 0.5, 0.5, 0.5, 0.5, 0.5, 0.5, 0.5, 0.5, 0.5, 0.5, 0.5, 0.5, 0.5, 0.5, 0.5, 0.5, 0.5, 0.5, 0.5, 0.5, 0.5, 0.5, 0.5, 0.5, 0.5, 0.5, 0.5, 0.5, 0.5, 0.5, 0.5, 0.5, 0.5, 0.5, 0.5, 0.5, 0.5, 0.5, 0.5, 0.5, 0.5, 0.5, 0.5, 0.5, 0.5, 0.5, 0.5, 0.5, 0.5, 0.5, 0.5, 0.5, 0.5, 0.5, 0.5, 0.5, 0.5, 0.5, 0.5, 0.5, 0.5, 0.5, 0.5, 0.5, 0.5, 0.5, 0.5, 0.5, 0.5, 0.5, 0.5, 0.5, 0.5, 0.5, 0.5, 0.5, 0.5, 0.5, 0.5, 0.5, 0.5, 0.5, 0.5, 0.5, 0.5, 0.5, 0.5, 0.5, 0.5, 0.5, 0.5, 0.5, 0.5, 0.5, 0.5, 0.5, 0.5, 0.5, 0.5, 0.5, 0.5, 0.5, 0.5, 0.5, 0.5, 0.5, 0.5, 0.5, 0.5, 0.5, 0.5, 0.5, 0.5, 0.5, 0.5, 0.5, 0.5, 0.5, 0.5, 0.5, 0.5, 0.5, 0.5, 0.5, 0.5, 0.5, 0.5, 0.5, 0.5, 0.5, 0.5, 0.5, 0.5, 0.5, 0.5, 0.5, 0.5, 0.5, 0.5, 0.5, 0.5, 0.5, 0.5, 0.5, 0.5, 0.5, 0.5, 0.5, 0.5, 0.5, 0.5, 0.5, 0.5, 0.5, 0.5, 0.5, 0.5, 0.5, 0.5, 0.5, 0.5, 0.5, 0.5, 0.5, 0.5, 0.5, 0.5, 0.5, 0.5, 0.5, 0.5, 0.5, 0.5, 0.5, 0.5, 0.5, 0.5, 0.5, 0.5, 0.5, 0.5, 0.5, 0.5, 0.5, 0.5, 0.5, 0.5, 0.5, 0.5, 0.5, 0.5, 0.5, 0.5, 0.5, 0.5, 0.5, 0.5, 0.5, 0.5, 0.5, 0.5, 0.5, 0.5, 0.5, 0.5, 0.5, 0.5, 0.5, 0.5, 0.5, 0.5, 0.5, 0.5, 0.5, 0.5, 0.5, 0.5, 0.5, 0.5, 0.5, 0.5, 0.5, 0.5, 0.5, 0.5, 0.5, 0.5, 0.5, 0.5, 0.5, 0.5, 0.5, 0.5, 0.5, 0.5, 0.5, 0.5, 0.5, 0.5, 0.5, 0.5, 0.5, 0.5, 0.5, 0.5, 0.5, 0.5, 0.5, 0.5, 0.5, 0.5, 0.5, 0.5, 0.5, 0.5, 0.5, 0.5, 0.5, 0.5, 0.5, 0.5, 0.5, 0.5, 0.5, 0.5, 0.5, 0.5, 0.5, 0.5, 0.5, 0.5, 0.5, 0.5, 0.5, 0.5, 0.5, 0.5, 0.5, 0.5, 0.5, 0.5, 0.5, 0.5, 0.5, 0.5, 0.5, 0.5, 0.5, 0.5, 0.5, 0.5, 0.5, 0.5, 0.5, 0.5, 0.5, 0.5, 0.5, 0.5, 0.5, 0.5, 0.5, 0.5, 0.5, 0.5, 0.5, 0.5, 0.5, 0.5, 0.5, 0.5, 0.5, 0.5, 0.5, 0.5, 0.5, 0.5, 0.5, 0.5, 0.5, 0.5, 0.5, 0.5, 0.5, 0.5, 0.5, 0.5, 0.5, 0.5, 0.5, 0.5, 0.5, 0.5, 0.5, 0.5, 0.5, 0.5, 0.5, 0.5, 0.5, 0.5, 0.5, 0.5, 0.5, 0.5, 0.5, 0.5, 0.5, 0.5, 0.5, 0.5, 0.5, 0.5, 0.5, 0.5, 0.5, 0.5, 0.5, 0.5, 0.5, 0.5, 0.5, 0.5, 0.5, 0.5, 0.5, 0.5, 0.5, 0.5, 0.5, 0.5, 0.5, 0.5, 0.5, 0.5, 0.5, 0.5, 0.5, 0.5, 0.5, 0.5, 0.5, 0.5, 0.5, 0.5, 0.5, 0.5, 0.5, 0.5, 0.5, 0.5, 0.5, 0.5, 0.5, 0.5, 0.5, 0.5, 0.5, 0.5, 0.5, 0.5, 0.5, 0.5, 0.5, 0.5, 0.5, 0.5, 0.5, 0.5, 0.5, 0.5, 0.5, 0.5, 0.5, 0.5, 0.5, 0.5, 0.5, 0.5, 0.5, 0.5, 0.5, 0.5, 0.5, 0.5, 0.5, 0.5, 0.5, 0.5, 0.5, 0.5, 0.5, 0.5, 0.5, 0.5, 0.5, 0.5, 0.5, 0.5, 0.5, 0.5, 0.5, 0.5, 0.5, 0.5, 0.5, 0.5, 0.5, 0.5, 0.5, 0.5, 0.5, 0.5, 0.5, 0.5, 0.5, 0.5, 0.5, 0.5, 0.5, 0.5, 0.5, 0.5, 0.5, 0.5, 0.5, 0.5, 0.5, 0.5, 0.5, 0.5, 0.5, 0.5, 0.5, 0.5, 0.5, 0.5, 0.5, 0.5, 0.5, 0.5, 0.5, 0.5, 0.5, 0.5, 0.5, 0.5, 0.5, 0.5, 0.5, 0.5, 0.5, 0.5, 0.5, 0.5, 0.5, 0.5, 0.5, 0.5, 0.5, 0.5, 0.5, 0.5, 0.5, 0.5, 0.5, 0.5, 0.5, 0.5, 0.5, 0.5, 0.5, 0.5, 0.5, 0.5, 0.5, 0.5, 0.5, 0.5, 0.5, 0.5, 0.5, 0.5, 0.5, 0.5, 0.5, 0.5, 0.5, 0.5, 0.5, 0.5, 0.5, 0.5, 0.5, 0.5, 0.5, 0.5, 0.5, 0.5, 0.5, 0.5, 0.5, 0.5, 0.5, 0.5, 0.5, 0.5, 0.5, 0.5, 0.5, 0.5, 0.5, 0.5, 0.5, 0.5, 0.5, 0.5, 0.5, 0.5, 0.5, 0.5, 0.5, 0.5, 0.5, 0.5, 0.5, 0.5, 0.5, 0.5, 0.5, 0.5, 0.5, 0.5, 0.5, 0.5, 0.5, 0.5, 0.5, 0.5, 0.5, 0.5, 0.5, 0.5, 0.5, 0.5, 0.5, 0.5, 0.5, 0.5, 0.5, 0.5, 0.5, 0.5, 0.5, 0.5, 0.5, 0.5, 0.5, 0.5, 0.5, 0.5, 0.5, 0.5, 0.5, 0.5, 0.5, 0.5, 0.5, 0.5, 0.5, 0.5, 0.5, 0.5, 0.5, 0.5, 0.5, 0.5, 0.5, 0.5, 0.5, 0.5, 0.5, 0.5, 0.5, 0.5, 0.5, 0.5, 0.5, 0.5, 0.5, 0.5, 0.5, 0.5, 0.5, 0.5, 0.5, 0.5, 0.5, 0.5, 0.5, 0.5, 0.5, 0.5, 0.5, 0.5, 0.5, 0.5, 0.5, 0.5, 0.5, 0.5, 0.5, 0.5, 0.5, 0.5, 0.5, 0.5, 0.5, 0.5, 0.5, 0.5, 0.5, 0.5, 0.5, 0.5, 0.5, 0.5, 0.5, 0.5, 0.5, 0.5, 0.5, 0.5, 0.5, 0.5, 0.5, 0.5, 0.5, 0.5, 0.5, 0.5, 0.5, 0.5, 0.5, 0.5, 0.5, 0.5, 0.5, 0.5, 0.5, 0.5, 0.5, 0.5, 0.5, 0.5, 0.5, 0.5, 0.5, 0.5, 0.5, 0.5, 0.5, 0.5, 0.5, 0.5, 0.5, 0.5, 0.5, 0.5, 0.5, 0.5, 0.5, 0.5, 0.5, 0.5, 0.5, 0.5, 0.5, 0.5, 0.5, 0.5, 0.5, 0.5, 0.5, 0.5, 0.5, 0.5, 0.5, 0.5, 0.5, 0.5, 0.5, 0.5, 0.5, 0.5, 0.5, 0.5, 0.5, 0.5, 0.5, 0.5, 0.5, 0.5, 0.5, 0.5, 0.5, 0.5, 0.5, 0.5, 0.5, 0.5, 0.5, 0.5, 0.5, 0.5, 0.5, 0.5, 0.5, 0.5, 0.5, 0.5, 0.5, 0.5, 0.5, 0.5, 0.5, 0.5, 0.5, 0.5, 0.5, 0.5, 0.5, 0.5, 0.5, 0.5, 0.5, 0.5, 0.5, 0.5, 0.5, 0.5, 0.5, 0.5, 0.5, 0.5, 0.5, 0.5, 0.5, 0.5, 0.5, 0.5, 0.5, 0.5, 0.5, 0.5, 0.5, 0.5, 0.5, 0.5, 0.5, 0.5, 0.5, 0.5, 0.5, 0.5, 0.5, 0.5, 0.5, 0.5, 0.5, 0.5, 0.5, 0.5, 0.5, 0.5, 0.5, 0.5, 0.5, 0.5, 0.5, 0.5, 0.5, 0.5, 0.5, 0.5, 0.5, 0.5, 0.5, 0.5, 0.5, 0.5, 0.5, 0.5, 0.5, 0.5, 0.5, 0.5, 0.5, 0.5, 0.5, 0.5, 0.5, 0.5, 0.5, 0.5, 0.5, 0.5, 0.5, 0.5, 0.5, 0.5, 0.5, 0.5, 0.5, 0.5, 0.5, 0.5, 0.5, 0.5, 0.5, 0.5, 0.5, 0.5, 0.5, 0.5, 0.5, 0.5]",2
2026_11_KICE_27-30_3,['3(3)'],"1번: 적절하다. “이 세상에서 서로 말이 통하지 않는 두 종류의 인간군들이 사는가 보았다.”  
2번: 적절하다. “그러나 그렇기는 하지만 명분이나 사리의 옳음이란 것이 싸움에 무슨 필요가 있단 말인가.”  
3번: 부적절하다. 실제로 허명두는 온 씨의 걱정을 옳다고 인정한다. “온 씨의 주장은 옳은 것이었다. 허명두 씨의 입장에서도 그것은 부정할 수 없었다.”  
4번: 적절하다. “명분보다는 실리를 추구해 오는 측이 항상 이겨 오고 있었던 게 아닌가.”  
5번: 적절하다. “문제는 그것이 아직까지는 완전히 지나간 게 아니라는 데 있었다.”  
최종 정답: 3번","[16, 167, 110, 230, 25, 23821, 254, 223, 168, 254, 230, 47991, 246, 46695, 97, 13, 564, 250, 35975, 112, 23821, 226, 116, 168, 225, 223, 168, 245, 238, 168, 226, 250, 23821, 226, 250, 167, 94, 250, 31619, 100, 238, 35975, 112, 220, 169, 228, 113, 47991, 246, 168, 100, 222, 23821, 243, 232, 167, 232, 242, 31619, 239, 238, 23821, 95, 227, 167, 98, 246, 35975, 246, 23821, 251, 116, 166, 108, 226, 166, 113, 108, 167, 241, 97, 35975, 112, 23821, 8955, 167, 232, 242, 166, 108, 222, 31619, 111, 112, 168, 243, 246, 46695, 97, 13, 447, 251, 220, 220, 198, 17, 167, 110, 230, 25, 23821, 254, 223, 168, 254, 230, 47991, 246, 46695, 97, 13, 564, 250, 166, 115, 116, 167, 253, 105, 167, 224, 246, 220, 166, 115, 116, 167, 254, 229, 166, 116, 108, 167, 232, 242, 220, 47991, 246, 168, 100, 222, 167, 100, 234, 31619, 103, 227, 167, 114, 226, 35975, 112, 167, 224, 246, 23821, 8955, 167, 99, 105, 35975, 246, 23821, 246, 111, 35975, 234, 35975, 112, 167, 252, 222, 220, 166, 110, 225, 35975, 112, 23821, 233, 116, 168, 249, 222, 168, 245, 238, 31619, 105, 112, 168, 232, 101, 220, 47991, 226, 168, 248, 242, 166, 108, 222, 23821, 252, 230, 46695, 101, 31619, 100, 238, 35975, 116, 166, 108, 222, 13, 447, 251, 220, 220, 198, 18, 167, 110, 230, 25, 31619, 114, 222, 168, 254, 223, 168, 254, 230, 47991, 246, 46695, 97, 13, 23821, 233, 97, 168, 254, 250, 167, 94, 250, 220, 169, 245, 230, 167, 103, 227, 167, 239, 238, 167, 232, 242, 23821, 246, 101, 23821, 242, 101, 35975, 246, 220, 166, 109, 109, 168, 254, 243, 35975, 226, 23821, 246, 111, 46695, 97, 166, 111, 254, 23821, 251, 116, 168, 254, 243, 47991, 250, 46695, 97, 13, 564, 250, 168, 246, 101, 23821, 242, 101, 35975, 246, 23821, 96, 120, 168, 252, 98, 35975, 222, 23821, 246, 111, 35975, 222, 220, 166, 110, 225, 35975, 112, 168, 245, 230, 46695, 97, 13, 220, 169, 245, 230, 167, 103, 227, 167, 239, 238, 23821, 242, 101, 35975, 246, 23821, 252, 227, 168, 252, 98, 168, 245, 238, 168, 226, 250, 167, 237, 226, 220, 166, 115, 116, 166, 110, 225, 35975, 222, 31619, 114, 222, 168, 254, 243, 47991, 254, 23821, 230, 246, 23821, 245, 228, 168, 245, 230, 46695, 97, 13, 447, 251, 220, 220, 198, 19, 167, 110, 230, 25, 23821, 254, 223, 168, 254, 230, 47991, 246, 46695, 97, 13, 564, 250, 167, 103, 227, 167, 114, 226, 167, 111, 112, 46695, 97, 167, 232, 242, 23821, 233, 97, 167, 99, 105, 167, 98, 120, 23821, 114, 242, 166, 113, 105, 47991, 112, 23821, 246, 97, 167, 232, 242, 23821, 116, 94, 35975, 112, 220, 47991, 255, 168, 225, 223, 23821, 251, 112, 166, 110, 101, 23821, 246, 97, 166, 111, 254, 23821, 252, 230, 168, 245, 230, 167, 235, 246, 220, 166, 110, 234, 23821, 243, 226, 46695, 234, 166, 108, 222, 13, 447, 251, 220, 220, 198, 20, 167, 110, 230, 25, 23821, 254, 223, 168, 254, 230, 47991, 246, 46695, 97, 13, 564, 250, 167, 105, 116, 168, 254, 250, 167, 232, 242, 220, 166, 115, 116, 166, 110, 225, 35975, 112, 23821, 243, 226, 168, 100, 223, 166, 117, 234, 168, 100, 222, 167, 232, 242, 23821, 247, 226, 168, 254, 226, 169, 252, 230, 23821, 100, 222, 167, 224, 246, 166, 108, 226, 220, 166, 110, 234, 23821, 243, 226, 46695, 230, 167, 251, 120, 167, 232, 242, 31619, 235, 108, 23821, 252, 230, 168, 245, 230, 46695, 97, 13, 447, 251, 220, 220, 198, 168, 113, 250, 168, 95, 227, 23821, 254, 243, 46695, 113, 25, 513, 167, 110, 230]","[0.5, 0.5, 0.5, 0.5, 0.5, 0.5, 0.5, 0.5, 0.5, 0.5, 0.5, 0.5, 0.5, 0.5, 0.5, 0.5, 0.5, 0.5, 0.5, 0.5, 0.5, 0.5, 0.5, 0.5, 0.5, 0.5, 0.5, 0.5, 0.5, 0.5, 0.5, 0.5, 0.5, 0.5, 0.5, 0.5, 0.5, 0.5, 0.5, 0.5, 0.5, 0.5, 0.5, 0.5, 0.5, 0.5, 0.5, 0.5, 0.5, 0.5, 0.5, 0.5, 0.5, 0.5, 0.5, 0.5, 0.5, 0.5, 0.5, 0.5, 0.5, 0.5, 0.5, 0.5, 0.5, 0.5, 0.5, 0.5, 0.5, 0.5, 0.5, 0.5, 0.5, 0.5, 0.5, 0.5, 0.5, 0.5, 0.5, 0.5, 0.5, 0.5, 0.5, 0.5, 0.5, 0.5, 0.5, 0.5, 0.5, 0.5, 0.5, 0.5, 0.5, 0.5, 0.5, 0.5, 0.5, 0.5, 0.5, 0.5, 0.5, 0.5, 0.5, 0.5, 0.5, 0.5, 0.5, 0.5, 0.5, 0.5, 0.5, 0.5, 0.5, 0.5, 0.5, 0.5, 0.5, 0.5, 0.5, 0.5, 0.5, 0.5, 0.5, 0.5, 0.5, 0.5, 0.5, 0.5, 0.5, 0.5, 0.5, 0.5, 0.5, 0.5, 0.5, 0.5, 0.5, 0.5, 0.5, 0.5, 0.5, 0.5, 0.5, 0.5, 0.5, 0.5, 0.5, 0.5, 0.5, 0.5, 0.5, 0.5, 0.5, 0.5, 0.5, 0.5, 0.5, 0.5, 0.5, 0.5, 0.5, 0.5, 0.5, 0.5, 0.5, 0.5, 0.5, 0.5, 0.5, 0.5, 0.5, 0.5, 0.5, 0.5, 0.5, 0.5, 0.5, 0.5, 0.5, 0.5, 0.5, 0.5, 0.5, 0.5, 0.5, 0.5, 0.5, 0.5, 0.5, 0.5, 0.5, 0.5, 0.5, 0.5, 0.5, 0.5, 0.5, 0.5, 0.5, 0.5, 0.5, 0.5, 0.5, 0.5, 0.5, 0.5, 0.5, 0.5, 0.5, 0.5, 0.5, 0.5, 0.5, 0.5, 0.5, 0.5, 0.5, 0.5, 0.5, 0.5, 0.5, 0.5, 0.5, 0.5, 0.5, 0.5, 0.5, 0.5, 0.5, 0.5, 0.5, 0.5, 0.5, 0.5, 0.5, 0.5, 0.5, 0.5, 0.5, 0.5, 0.5, 0.5, 0.5, 0.5, 0.5, 0.5, 0.5, 0.5, 0.5, 0.5, 0.5, 0.5, 0.5, 0.5, 0.5, 0.5, 0.5, 0.5, 0.5, 0.5, 0.5, 0.5, 0.5, 0.5, 0.5, 0.5, 0.5, 0.5, 0.5, 0.5, 0.5, 0.5, 0.5, 0.5, 0.5, 0.5, 0.5, 0.5, 0.5, 0.5, 0.5, 0.5, 0.5, 0.5, 0.5, 0.5, 0.5, 0.5, 0.5, 0.5, 0.5, 0.5, 0.5, 0.5, 0.5, 0.5, 0.5, 0.5, 0.5, 0.5, 0.5, 0.5, 0.5, 0.5, 0.5, 0.5, 0.5, 0.5, 0.5, 0.5, 0.5, 0.5, 0.5, 0.5, 0.5, 0.5, 0.5, 0.5, 0.5, 0.5, 0.5, 0.5, 0.5, 0.5, 0.5, 0.5, 0.5, 0.5, 0.5, 0.5, 0.5, 0.5, 0.5, 0.5, 0.5, 0.5, 0.5, 0.5, 0.5, 0.5, 0.5, 0.5, 0.5, 0.5, 0.5, 0.5, 0.5, 0.5, 0.5, 0.5, 0.5, 0.5, 0.5, 0.5, 0.5, 0.5, 0.5, 0.5, 0.5, 0.5, 0.5, 0.5, 0.5, 0.5, 0.5, 0.5, 0.5, 0.5, 0.5, 0.5, 0.5, 0.5, 0.5, 0.5, 0.5, 0.5, 0.5, 0.5, 0.5, 0.5, 0.5, 0.5, 0.5, 0.5, 0.5, 0.5, 0.5, 0.5, 0.5, 0.5, 0.5, 0.5, 0.5, 0.5, 0.5, 0.5, 0.5, 0.5, 0.5, 0.5, 0.5, 0.5, 0.5, 0.5, 0.5, 0.5, 0.5, 0.5, 0.5, 0.5, 0.5, 0.5, 0.5, 0.5, 0.5, 0.5, 0.5, 0.5, 0.5, 0.5, 0.5, 0.5, 0.5, 0.5, 0.5, 0.5, 0.5, 0.5, 0.5, 0.5, 0.5, 0.5, 0.5, 0.5, 0.5, 0.5, 0.5, 0.5, 0.5, 0.5, 0.5, 0.5, 0.5, 0.5, 0.5, 0.5, 0.5, 0.5, 0.5, 0.5, 0.5, 0.5, 0.5, 0.5, 0.5, 0.5, 0.5, 0.5, 0.5, 0.5, 0.5, 0.5, 0.5, 0.5, 0.5, 0.5, 0.5, 0.5, 0.5, 0.5, 0.5, 0.5, 0.5, 0.5, 0.5, 0.5, 0.5, 0.5, 0.5, 0.5, 0.5, 0.5, 0.5, 0.5, 0.5, 0.5, 0.5, 0.5, 0.5, 0.5, 0.5, 0.5, 0.5, 0.5, 0.5, 0.5, 0.5, 0.5, 0.5, 0.5, 0.5, 0.5, 0.5, 0.5, 0.5, 0.5, 0.5, 0.5, 0.5, 0.5, 0.5, 0.5, 0.5, 0.5, 0.5, 0.5, 0.5, 0.5, 0.5, 0.5, 0.5, 0.5, 0.5, 0.5, 0.5, 0.5, 0.5, 0.5, 0.5, 0.5, 0.5, 0.5, 0.5, 0.5, 0.5, 0.5, 0.5, 0.5, 0.5, 0.5, 0.5, 0.5, 0.5, 0.5, 0.5, 0.5, 0.5, 0.5, 0.5, 0.5, 0.5, 0.5, 0.5, 0.5, 0.5, 0.5, 0.5, 0.5, 0.5, 0.5, 0.5, 0.5, 0.5, 0.5, 0.5, 0.5, 0.5, 0.5, 0.5, 0.5, 0.5, 0.5, 0.5, 0.5, 0.5, 0.5, 0.5, 0.5, 0.5, 0.5, 0.5, 0.5, 0.5, 0.5, 0.5, 0.5, 0.5, 0.5, 0.5, 0.5, 0.5, 0.5, 0.5, 0.5, 0.5, 0.5, 0.5, 0.5, 0.5, 0.5, 0.5, 0.5, 0.5, 0.5, 0.5, 0.5, 0.5, 0.5, 0.5, 0.5, 0.5, 0.5, 0.5, 0.5, 0.5, 0.5, 0.5, 0.5, 0.5, 0.5, 0.5, 0.5, 0.5, 0.5, 0.5, 0.5, 0.5, 0.5, 0.5]",3
2026_11_KICE_31-34_0,['2(2)'],"1번: 부적절  
(가)에서는 남의 말을 인용하여 위험성을 드러내는 장치가 나타나지 않는다.  

2번: 부적절  
(가)에 대구나 대조적인 표현이 짝을 이루어 화자의 처지를 드러내는 예가 없다.  

3번: 부적절  
(나)에서 ‘백룡의 굽이같이’는 가상의 존재에 빗댄 비유이나, 이는 자연 현상의 변화를 드러낸다기보다 연의 비행 궤적을 묘사한 것이다.  

4번: 적절  
(나)는 ‘서풍이 고이 불 제’(서쪽 바람)와 ‘동해 바다 건너가서’(동쪽 바다)라는 서로 반대 방향의 어휘를 써서 연의 이동 방향을 드러낸다. (“정월 대보름에 서풍이 고이 불 제 … 동해 바다 건너가서”)  

5번: 부적절  
(가)와 (나) 모두 색채 표현(예: ‘하얀 실’, ‘감홍로’)이 있지만, 이는 대상의 움직임을 뚜렷하게 드러내기 위한 장치가 아니다.  

최종 정답: 4번","[16, 167, 110, 230, 25, 31619, 114, 222, 168, 254, 223, 168, 254, 230, 220, 220, 198, 7, 166, 108, 222, 8, 168, 245, 238, 168, 226, 250, 167, 232, 242, 31619, 224, 101, 35975, 246, 31619, 100, 238, 35975, 226, 23821, 251, 116, 168, 248, 102, 47991, 246, 168, 245, 105, 23821, 250, 226, 169, 245, 246, 168, 226, 109, 35975, 226, 31619, 241, 250, 167, 253, 105, 167, 224, 112, 167, 232, 242, 23821, 252, 98, 168, 117, 246, 166, 108, 222, 31619, 224, 246, 169, 225, 222, 167, 224, 246, 168, 100, 222, 23821, 243, 232, 167, 232, 242, 46695, 97, 13, 220, 220, 198, 198, 17, 167, 110, 230, 25, 31619, 114, 222, 168, 254, 223, 168, 254, 230, 220, 220, 198, 7, 166, 108, 222, 8, 168, 245, 238, 31619, 234, 222, 166, 113, 105, 167, 224, 246, 31619, 234, 222, 168, 94, 108, 168, 254, 223, 35975, 116, 220, 169, 239, 250, 169, 246, 226, 35975, 112, 23821, 100, 251, 35975, 226, 23821, 251, 112, 167, 96, 101, 168, 244, 112, 220, 169, 247, 242, 168, 252, 238, 35975, 246, 23821, 110, 246, 168, 100, 222, 167, 98, 120, 31619, 241, 250, 167, 253, 105, 167, 224, 112, 167, 232, 242, 23821, 246, 230, 166, 108, 222, 23821, 245, 228, 46695, 97, 13, 220, 220, 198, 198, 18, 167, 110, 230, 25, 31619, 114, 222, 168, 254, 223, 168, 254, 230, 220, 220, 198, 7, 167, 224, 246, 8, 168, 245, 238, 168, 226, 250, 564, 246, 167, 108, 109, 167, 96, 94, 35975, 246, 220, 166, 113, 121, 35975, 112, 166, 108, 247, 35975, 112, 447, 247, 167, 232, 242, 220, 166, 108, 222, 168, 225, 223, 35975, 246, 23821, 94, 112, 168, 252, 105, 168, 245, 238, 31619, 117, 245, 167, 234, 226, 31619, 117, 226, 168, 250, 254, 35975, 112, 167, 224, 246, 11, 23821, 251, 112, 167, 232, 242, 23821, 252, 238, 168, 245, 108, 220, 169, 246, 226, 168, 225, 223, 35975, 246, 31619, 111, 222, 169, 247, 242, 167, 98, 120, 31619, 241, 250, 167, 253, 105, 167, 224, 116, 46695, 97, 166, 116, 108, 167, 111, 112, 46695, 97, 23821, 245, 108, 35975, 246, 31619, 117, 226, 169, 244, 231, 220, 166, 114, 97, 168, 254, 223, 35975, 226, 31619, 105, 246, 168, 8955, 47991, 250, 220, 166, 110, 225, 35975, 112, 46695, 97, 13, 220, 220, 198, 198, 19, 167, 110, 230, 25, 23821, 254, 223, 168, 254, 230, 220, 220, 198, 7, 167, 224, 246, 8, 167, 232, 242, 564, 246, 168, 226, 250, 169, 240, 235, 35975, 112, 220, 166, 111, 254, 35975, 112, 31619, 114, 230, 23821, 254, 250, 447, 247, 7, 168, 226, 250, 168, 103, 121, 31619, 108, 242, 167, 252, 234, 8, 168, 247, 222, 564, 246, 167, 237, 247, 47991, 112, 31619, 108, 242, 46695, 97, 220, 166, 109, 112, 167, 226, 230, 166, 108, 222, 168, 226, 250, 447, 247, 7, 167, 237, 247, 168, 103, 121, 31619, 108, 242, 46695, 97, 8, 167, 251, 120, 167, 232, 242, 23821, 226, 250, 167, 94, 250, 31619, 108, 246, 167, 234, 222, 31619, 108, 102, 169, 244, 98, 35975, 246, 23821, 244, 112, 169, 250, 246, 167, 98, 120, 23821, 235, 101, 168, 226, 250, 23821, 245, 108, 35975, 246, 23821, 251, 112, 167, 237, 247, 31619, 108, 102, 169, 244, 98, 35975, 226, 31619, 241, 250, 167, 253, 105, 167, 224, 116, 46695, 97, 13, 357, 447, 250, 168, 254, 243, 168, 249, 242, 31619, 234, 222, 167, 111, 112, 167, 99, 226, 168, 245, 238, 23821, 226, 250, 169, 240, 235, 35975, 112, 220, 166, 111, 254, 35975, 112, 31619, 114, 230, 23821, 254, 250, 3926, 31619, 237, 247, 47991, 112, 31619, 108, 242, 46695, 97, 220, 166, 109, 112, 167, 226, 230, 166, 108, 222, 168, 226, 250, 447, 251, 8, 220, 220, 198, 198, 20, 167, 110, 230, 25, 31619, 114, 222, 168, 254, 223, 168, 254, 230, 220, 220, 198, 7, 166, 108, 222, 8, 168, 247, 222, 357, 167, 224, 246, 8, 31619, 103, 101, 167, 239, 238, 23821, 225, 231, 168, 109, 226, 220, 169, 239, 250, 169, 246, 226, 7, 168, 246, 230, 25, 564, 246, 47991, 246, 168, 244, 222, 23821, 233, 97, 447, 247, 11, 564, 246, 166, 108, 238, 169, 247, 235, 167, 94, 250, 447, 247, 8, 35975, 112, 23821, 252, 230, 168, 100, 222, 167, 100, 234, 11, 23821, 251, 112, 167, 232, 242, 31619, 234, 222, 168, 225, 223, 35975, 246, 23821, 249, 222, 168, 100, 223, 168, 252, 226, 35975, 226, 31619, 248, 250, 167, 254, 115, 47991, 246, 166, 110, 234, 31619, 241, 250, 167, 253, 105, 167, 224, 112, 166, 116, 108, 23821, 250, 226, 47991, 250, 23821, 252, 98, 168, 117, 246, 166, 108, 222, 23821, 243, 226, 46695, 230, 46695, 97, 13, 220, 220, 198, 198, 168, 113, 250, 168, 95, 227, 23821, 254, 243, 46695, 113, 25, 604, 167, 110, 230]","[0.5, 0.5, 0.5, 0.5, 0.5, 0.5, 0.5, 0.5, 0.5, 0.5, 0.5, 0.5, 0.5, 0.5, 0.5, 0.5, 0.5, 0.5, 0.5, 0.5, 0.5, 0.5, 0.5, 0.5, 0.5, 0.5, 0.5, 0.5, 0.5, 0.5, 0.5, 0.5, 0.5, 0.5, 0.5, 0.5, 0.5, 0.5, 0.5, 0.5, 0.5, 0.5, 0.5, 0.5, 0.5, 0.5, 0.5, 0.5, 0.5, 0.5, 0.5, 0.5, 0.5, 0.5, 0.5, 0.5, 0.5, 0.5, 0.5, 0.5, 0.5, 0.5, 0.5, 0.5, 0.5, 0.5, 0.5, 0.5, 0.5, 0.5, 0.5, 0.5, 0.5, 0.5, 0.5, 0.5, 0.5, 0.5, 0.5, 0.5, 0.5, 0.5, 0.5, 0.5, 0.5, 0.5, 0.5, 0.5, 0.5, 0.5, 0.5, 0.5, 0.5, 0.5, 0.5, 0.5, 0.5, 0.5, 0.5, 0.5, 0.5, 0.5, 0.5, 0.5, 0.5, 0.5, 0.5, 0.5, 0.5, 0.5, 0.5, 0.5, 0.5, 0.5, 0.5, 0.5, 0.5, 0.5, 0.5, 0.5, 0.5, 0.5, 0.5, 0.5, 0.5, 0.5, 0.5, 0.5, 0.5, 0.5, 0.5, 0.5, 0.5, 0.5, 0.5, 0.5, 0.5, 0.5, 0.5, 0.5, 0.5, 0.5, 0.5, 0.5, 0.5, 0.5, 0.5, 0.5, 0.5, 0.5, 0.5, 0.5, 0.5, 0.5, 0.5, 0.5, 0.5, 0.5, 0.5, 0.5, 0.5, 0.5, 0.5, 0.5, 0.5, 0.5, 0.5, 0.5, 0.5, 0.5, 0.5, 0.5, 0.5, 0.5, 0.5, 0.5, 0.5, 0.5, 0.5, 0.5, 0.5, 0.5, 0.5, 0.5, 0.5, 0.5, 0.5, 0.5, 0.5, 0.5, 0.5, 0.5, 0.5, 0.5, 0.5, 0.5, 0.5, 0.5, 0.5, 0.5, 0.5, 0.5, 0.5, 0.5, 0.5, 0.5, 0.5, 0.5, 0.5, 0.5, 0.5, 0.5, 0.5, 0.5, 0.5, 0.5, 0.5, 0.5, 0.5, 0.5, 0.5, 0.5, 0.5, 0.5, 0.5, 0.5, 0.5, 0.5, 0.5, 0.5, 0.5, 0.5, 0.5, 0.5, 0.5, 0.5, 0.5, 0.5, 0.5, 0.5, 0.5, 0.5, 0.5, 0.5, 0.5, 0.5, 0.5, 0.5, 0.5, 0.5, 0.5, 0.5, 0.5, 0.5, 0.5, 0.5, 0.5, 0.5, 0.5, 0.5, 0.5, 0.5, 0.5, 0.5, 0.5, 0.5, 0.5, 0.5, 0.5, 0.5, 0.5, 0.5, 0.5, 0.5, 0.5, 0.5, 0.5, 0.5, 0.5, 0.5, 0.5, 0.5, 0.5, 0.5, 0.5, 0.5, 0.5, 0.5, 0.5, 0.5, 0.5, 0.5, 0.5, 0.5, 0.5, 0.5, 0.5, 0.5, 0.5, 0.5, 0.5, 0.5, 0.5, 0.5, 0.5, 0.5, 0.5, 0.5, 0.5, 0.5, 0.5, 0.5, 0.5, 0.5, 0.5, 0.5, 0.5, 0.5, 0.5, 0.5, 0.5, 0.5, 0.5, 0.5, 0.5, 0.5, 0.5, 0.5, 0.5, 0.5, 0.5, 0.5, 0.5, 0.5, 0.5, 0.5, 0.5, 0.5, 0.5, 0.5, 0.5, 0.5, 0.5, 0.5, 0.5, 0.5, 0.5, 0.5, 0.5, 0.5, 0.5, 0.5, 0.5, 0.5, 0.5, 0.5, 0.5, 0.5, 0.5, 0.5, 0.5, 0.5, 0.5, 0.5, 0.5, 0.5, 0.5, 0.5, 0.5, 0.5, 0.5, 0.5, 0.5, 0.5, 0.5, 0.5, 0.5, 0.5, 0.5, 0.5, 0.5, 0.5, 0.5, 0.5, 0.5, 0.5, 0.5, 0.5, 0.5, 0.5, 0.5, 0.5, 0.5, 0.5, 0.5, 0.5, 0.5, 0.5, 0.5, 0.5, 0.5, 0.5, 0.5, 0.5, 0.5, 0.5, 0.5, 0.5, 0.5, 0.5, 0.5, 0.5, 0.5, 0.5, 0.5, 0.5, 0.5, 0.5, 0.5, 0.5, 0.5, 0.5, 0.5, 0.5, 0.5, 0.5, 0.5, 0.5, 0.5, 0.5, 0.5, 0.5, 0.5, 0.5, 0.5, 0.5, 0.5, 0.5, 0.5, 0.5, 0.5, 0.5, 0.5, 0.5, 0.5, 0.5, 0.5, 0.5, 0.5, 0.5, 0.5, 0.5, 0.5, 0.5, 0.5, 0.5, 0.5, 0.5, 0.5, 0.5, 0.5, 0.5, 0.5, 0.5, 0.5, 0.5, 0.5, 0.5, 0.5, 0.5, 0.5, 0.5, 0.5, 0.5, 0.5, 0.5, 0.5, 0.5, 0.5, 0.5, 0.5, 0.5, 0.5, 0.5, 0.5, 0.5, 0.5, 0.5, 0.5, 0.5, 0.5, 0.5, 0.5, 0.5, 0.5, 0.5, 0.5, 0.5, 0.5, 0.5, 0.5, 0.5, 0.5, 0.5, 0.5, 0.5, 0.5, 0.5, 0.5, 0.5, 0.5, 0.5, 0.5, 0.5, 0.5, 0.5, 0.5, 0.5, 0.5, 0.5, 0.5, 0.5, 0.5, 0.5, 0.5, 0.5, 0.5, 0.5, 0.5, 0.5, 0.5, 0.5, 0.5, 0.5, 0.5, 0.5, 0.5, 0.5, 0.5, 0.5, 0.5, 0.5, 0.5, 0.5, 0.5, 0.5, 0.5, 0.5, 0.5, 0.5, 0.5, 0.5, 0.5, 0.5, 0.5, 0.5, 0.5, 0.5, 0.5, 0.5, 0.5, 0.5, 0.5, 0.5, 0.5, 0.5, 0.5, 0.5, 0.5, 0.5, 0.5, 0.5, 0.5, 0.5, 0.5, 0.5, 0.5, 0.5, 0.5, 0.5, 0.5, 0.5, 0.5, 0.5, 0.5, 0.5, 0.5, 0.5, 0.5, 0.5, 0.5, 0.5, 0.5, 0.5, 0.5, 0.5, 0.5, 0.5, 0.5, 0.5, 0.5, 0.5, 0.5, 0.5, 0.5, 0.5, 0.5, 0.5, 0.5, 0.5, 0.5, 0.5, 0.5, 0.5, 0.5, 0.5, 0.5, 0.5, 0.5, 0.5, 0.5, 0.5, 0.5, 0.5, 0.5, 0.5, 0.5, 0.5, 0.5, 0.5, 0.5, 0.5, 0.5, 0.5, 0.5, 0.5, 0.5, 0.5, 0.5, 0.5, 0.5, 0.5, 0.5, 0.5, 0.5, 0.5, 0.5, 0.5, 0.5, 0.5, 0.5, 0.5, 0.5, 0.5, 0.5, 0.5, 0.5, 0.5, 0.5, 0.5, 0.5, 0.5, 0.5, 0.5, 0.5, 0.5, 0.5, 0.5, 0.5, 0.5, 0.5, 0.5, 0.5, 0.5, 0.5, 0.5, 0.5, 0.5, 0.5, 0.5, 0.5, 0.5, 0.5, 0.5, 0.5, 0.5, 0.5, 0.5, 0.5, 0.5, 0.5, 0.5, 0.5, 0.5, 0.5, 0.5, 0.5, 0.5, 0.5, 0.5, 0.5, 0.5, 0.5, 0.5, 0.5, 0.5, 0.5, 0.5, 0.5, 0.5, 0.5, 0.5, 0.5, 0.5, 0.5, 0.5, 0.5, 0.5, 0.5, 0.5, 0.5, 0.5, 0.5, 0.5, 0.5, 0.5, 0.5, 0.5, 0.5, 0.5, 0.5, 0.5, 0.5, 0.5, 0.5, 0.5, 0.5, 0.5, 0.5, 0.5, 0.5, 0.5, 0.5, 0.5, 0.5, 0.5, 0.5, 0.5, 0.5, 0.5, 0.5, 0.5, 0.5, 0.5, 0.5, 0.5, 0.5, 0.5, 0.5, 0.5, 0.5, 0.5, 0.5, 0.5, 0.5, 0.5, 0.5, 0.5, 0.5, 0.5, 0.5, 0.5, 0.5, 0.5, 0.5, 0.5, 0.5, 0.5, 0.5, 0.5, 0.5, 0.5, 0.5, 0.5, 0.5, 0.5, 0.5, 0.5, 0.5, 0.5, 0.5, 0.5, 0.5, 0.5, 0.5, 0.5, 0.5, 0.5, 0.5, 0.5, 0.5, 0.5, 0.5, 0.5, 0.5, 0.5, 0.5, 0.5, 0.5, 0.5, 0.5, 0.5, 0.5, 0.5, 0.5, 0.5, 0.5, 0.5, 0.5, 0.5, 0.5, 0.5, 0.5, 0.5, 0.5, 0.5, 0.5, 0.5, 0.5, 0.5, 0.5, 0.5]",0
2026_11_KICE_31-34_1,['4(2)'],"1번: 적절하다 (“온성이 몇 리런고 우리 말이 지쳤구나 서성 밖에 잠깐 쉬어 말 얻어 먹이려니”)  
2번: 적절하다 (“그 술을 먹어 보자 촌인의 솜씨 아녀 분명 관가 술일네 그 곡절 모를쏘냐”)  
3번: 적절하다 (“여러 날이 되었더라 수상히 오는 손을 나인 줄 짐작하고 짐짓 싸게 파는구나”)  
4번: 적절하다 (“한 병을 기울이니 감홍로와 진배없네 유심터라 이 부사야 너 언제 날 알더냐”)  
5번: 부적절하다 (“만인 중에 출두하고 남여 위에 높게 앉아 억지로 발 드리운들 그 누가 저어하리”)  
최종 정답: 5번","[16, 167, 110, 230, 25, 23821, 254, 223, 168, 254, 230, 47991, 246, 46695, 97, 357, 447, 250, 168, 246, 101, 168, 226, 109, 35975, 112, 31619, 103, 229, 31619, 99, 105, 167, 253, 108, 166, 111, 254, 23821, 248, 108, 167, 99, 105, 31619, 100, 238, 35975, 112, 23821, 100, 222, 168, 111, 97, 166, 113, 105, 167, 224, 246, 23821, 226, 250, 168, 226, 109, 31619, 108, 244, 168, 245, 238, 23821, 252, 254, 166, 117, 238, 23821, 231, 105, 168, 244, 112, 31619, 100, 238, 23821, 244, 119, 168, 244, 112, 31619, 101, 117, 35975, 112, 167, 254, 97, 46695, 230, 447, 251, 8, 220, 220, 198, 17, 167, 110, 230, 25, 23821, 254, 223, 168, 254, 230, 47991, 246, 46695, 97, 357, 447, 250, 166, 115, 116, 23821, 230, 254, 35975, 226, 31619, 101, 117, 168, 244, 112, 31619, 111, 112, 168, 252, 238, 23821, 112, 234, 35975, 116, 35975, 246, 23821, 228, 250, 168, 242, 101, 23821, 243, 226, 167, 227, 222, 31619, 114, 226, 167, 103, 227, 220, 166, 112, 222, 166, 108, 222, 23821, 230, 254, 35975, 120, 167, 226, 97, 220, 166, 115, 116, 220, 166, 111, 94, 168, 254, 230, 31619, 103, 101, 167, 98, 120, 168, 237, 246, 167, 225, 238, 447, 251, 8, 220, 220, 198, 18, 167, 110, 230, 25, 23821, 254, 223, 168, 254, 230, 47991, 246, 46695, 97, 357, 447, 250, 168, 245, 105, 167, 253, 105, 31619, 224, 254, 35975, 112, 31619, 238, 246, 168, 245, 230, 167, 235, 242, 167, 251, 120, 23821, 230, 246, 168, 225, 223, 169, 252, 230, 23821, 246, 97, 167, 232, 242, 23821, 228, 238, 35975, 226, 31619, 224, 246, 35975, 116, 23821, 97, 226, 23821, 100, 238, 168, 252, 239, 47991, 246, 166, 111, 254, 23821, 100, 238, 168, 100, 241, 23821, 233, 116, 166, 110, 234, 220, 169, 234, 234, 167, 232, 242, 166, 113, 105, 167, 224, 246, 447, 251, 8, 220, 220, 198, 19, 167, 110, 230, 25, 23821, 254, 223, 168, 254, 230, 47991, 246, 46695, 97, 357, 447, 250, 47991, 250, 31619, 111, 239, 35975, 226, 220, 166, 116, 108, 168, 248, 116, 35975, 112, 46695, 230, 220, 166, 108, 238, 169, 247, 235, 167, 94, 250, 168, 247, 222, 23821, 100, 226, 167, 108, 108, 168, 245, 228, 167, 226, 97, 23821, 250, 254, 168, 233, 105, 169, 226, 108, 167, 251, 120, 23821, 251, 112, 31619, 114, 222, 168, 8955, 168, 243, 120, 31619, 226, 230, 23821, 244, 116, 168, 254, 250, 31619, 224, 254, 23821, 243, 234, 167, 235, 242, 167, 225, 238, 447, 251, 8, 220, 220, 198, 20, 167, 110, 230, 25, 31619, 114, 222, 168, 254, 223, 168, 254, 230, 47991, 246, 46695, 97, 357, 447, 250, 167, 100, 234, 35975, 116, 23821, 97, 239, 168, 245, 238, 23821, 114, 250, 167, 239, 238, 47991, 246, 166, 111, 254, 31619, 224, 101, 168, 245, 105, 23821, 250, 226, 168, 245, 238, 31619, 10253, 166, 110, 234, 23821, 243, 231, 168, 243, 226, 23821, 244, 113, 168, 100, 222, 167, 94, 250, 31619, 108, 250, 31619, 241, 250, 167, 99, 105, 168, 248, 112, 167, 241, 97, 220, 166, 115, 116, 31619, 230, 226, 166, 108, 222, 23821, 254, 222, 168, 244, 112, 47991, 246, 167, 99, 105, 447, 251, 8, 220, 220, 198, 168, 113, 250, 168, 95, 227, 23821, 254, 243, 46695, 113, 25, 642, 167, 110, 230]","[0.5, 0.5, 0.5, 0.5, 0.5, 0.5, 0.5, 0.5, 0.5, 0.5, 0.5, 0.5, 0.5, 0.5, 0.5, 0.5, 0.5, 0.5, 0.5, 0.5, 0.5, 0.5, 0.5, 0.5, 0.5, 0.5, 0.5, 0.5, 0.5, 0.5, 0.5, 0.5, 0.5, 0.5, 0.5, 0.5, 0.5, 0.5, 0.5, 0.5, 0.5, 0.5, 0.5, 0.5, 0.5, 0.5, 0.5, 0.5, 0.5, 0.5, 0.5, 0.5, 0.5, 0.5, 0.5, 0.5, 0.5, 0.5, 0.5, 0.5, 0.5, 0.5, 0.5, 0.5, 0.5, 0.5, 0.5, 0.5, 0.5, 0.5, 0.5, 0.5, 0.5, 0.5, 0.5, 0.5, 0.5, 0.5, 0.5, 0.5, 0.5, 0.5, 0.5, 0.5, 0.5, 0.5, 0.5, 0.5, 0.5, 0.5, 0.5, 0.5, 0.5, 0.5, 0.5, 0.5, 0.5, 0.5, 0.5, 0.5, 0.5, 0.5, 0.5, 0.5, 0.5, 0.5, 0.5, 0.5, 0.5, 0.5, 0.5, 0.5, 0.5, 0.5, 0.5, 0.5, 0.5, 0.5, 0.5, 0.5, 0.5, 0.5, 0.5, 0.5, 0.5, 0.5, 0.5, 0.5, 0.5, 0.5, 0.5, 0.5, 0.5, 0.5, 0.5, 0.5, 0.5, 0.5, 0.5, 0.5, 0.5, 0.5, 0.5, 0.5, 0.5, 0.5, 0.5, 0.5, 0.5, 0.5, 0.5, 0.5, 0.5, 0.5, 0.5, 0.5, 0.5, 0.5, 0.5, 0.5, 0.5, 0.5, 0.5, 0.5, 0.5, 0.5, 0.5, 0.5, 0.5, 0.5, 0.5, 0.5, 0.5, 0.5, 0.5, 0.5, 0.5, 0.5, 0.5, 0.5, 0.5, 0.5, 0.5, 0.5, 0.5, 0.5, 0.5, 0.5, 0.5, 0.5, 0.5, 0.5, 0.5, 0.5, 0.5, 0.5, 0.5, 0.5, 0.5, 0.5, 0.5, 0.5, 0.5, 0.5, 0.5, 0.5, 0.5, 0.5, 0.5, 0.5, 0.5, 0.5, 0.5, 0.5, 0.5, 0.5, 0.5, 0.5, 0.5, 0.5, 0.5, 0.5, 0.5, 0.5, 0.5, 0.5, 0.5, 0.5, 0.5, 0.5, 0.5, 0.5, 0.5, 0.5, 0.5, 0.5, 0.5, 0.5, 0.5, 0.5, 0.5, 0.5, 0.5, 0.5, 0.5, 0.5, 0.5, 0.5, 0.5, 0.5, 0.5, 0.5, 0.5, 0.5, 0.5, 0.5, 0.5, 0.5, 0.5, 0.5, 0.5, 0.5, 0.5, 0.5, 0.5, 0.5, 0.5, 0.5, 0.5, 0.5, 0.5, 0.5, 0.5, 0.5, 0.5, 0.5, 0.5, 0.5, 0.5, 0.5, 0.5, 0.5, 0.5, 0.5, 0.5, 0.5, 0.5, 0.5, 0.5, 0.5, 0.5, 0.5, 0.5, 0.5, 0.5, 0.5, 0.5, 0.5, 0.5, 0.5, 0.5, 0.5, 0.5, 0.5, 0.5, 0.5, 0.5, 0.5, 0.5, 0.5, 0.5, 0.5, 0.5, 0.5, 0.5, 0.5, 0.5, 0.5, 0.5, 0.5, 0.5, 0.5, 0.5, 0.5, 0.5, 0.5, 0.5, 0.5, 0.5, 0.5, 0.5, 0.5, 0.5, 0.5, 0.5, 0.5, 0.5, 0.5, 0.5, 0.5, 0.5, 0.5, 0.5, 0.5, 0.5, 0.5, 0.5, 0.5, 0.5, 0.5, 0.5, 0.5, 0.5, 0.5, 0.5, 0.5, 0.5, 0.5, 0.5, 0.5, 0.5, 0.5, 0.5, 0.5, 0.5, 0.5, 0.5, 0.5, 0.5, 0.5, 0.5, 0.5, 0.5, 0.5, 0.5, 0.5, 0.5, 0.5, 0.5, 0.5, 0.5, 0.5, 0.5, 0.5, 0.5, 0.5, 0.5, 0.5, 0.5, 0.5, 0.5, 0.5, 0.5, 0.5, 0.5, 0.5, 0.5, 0.5, 0.5, 0.5, 0.5, 0.5, 0.5, 0.5, 0.5, 0.5, 0.5, 0.5, 0.5, 0.5, 0.5, 0.5, 0.5, 0.5, 0.5, 0.5, 0.5, 0.5, 0.5, 0.5, 0.5, 0.5, 0.5, 0.5, 0.5, 0.5, 0.5, 0.5, 0.5, 0.5, 0.5, 0.5, 0.5, 0.5, 0.5, 0.5, 0.5, 0.5, 0.5, 0.5, 0.5, 0.5, 0.5, 0.5, 0.5, 0.5, 0.5, 0.5, 0.5, 0.5, 0.5, 0.5, 0.5, 0.5, 0.5, 0.5, 0.5, 0.5, 0.5, 0.5, 0.5, 0.5, 0.5, 0.5, 0.5, 0.5, 0.5, 0.5, 0.5, 0.5, 0.5, 0.5, 0.5, 0.5, 0.5, 0.5, 0.5, 0.5, 0.5, 0.5, 0.5, 0.5, 0.5, 0.5, 0.5, 0.5, 0.5, 0.5, 0.5, 0.5, 0.5, 0.5, 0.5, 0.5, 0.5, 0.5, 0.5, 0.5, 0.5, 0.5, 0.5, 0.5, 0.5, 0.5, 0.5, 0.5, 0.5, 0.5, 0.5, 0.5, 0.5, 0.5, 0.5, 0.5, 0.5, 0.5, 0.5, 0.5, 0.5, 0.5, 0.5, 0.5, 0.5, 0.5, 0.5, 0.5, 0.5, 0.5, 0.5, 0.5, 0.5, 0.5, 0.5, 0.5, 0.5, 0.5, 0.5, 0.5, 0.5, 0.5, 0.5, 0.5, 0.5, 0.5, 0.5, 0.5, 0.5, 0.5, 0.5, 0.5, 0.5, 0.5, 0.5, 0.5, 0.5, 0.5, 0.5, 0.5, 0.5, 0.5, 0.5, 0.5, 0.5, 0.5, 0.5, 0.5, 0.5, 0.5, 0.5, 0.5, 0.5, 0.5]",0
2026_11_KICE_31-34_2,['1(2)'],"1번: 옳다. “하얀 실 한 얼레를 끝까지 풀어 띄울 제”(나)  
2번: 틀리다. 비를 기원한다는 표현이 없고, 오히려 자연 속으로 날려 보내어 “자연 소멸하여라”(나)라고 한 점에서 다르다.  
3번: 틀리다. ⓑ는 “바람이 한창인 제 삼간 퇴김 사간 근두에 솟아올라”(다)라 하여 강한 바람에 띄우는 대상으로, 잦아들었을 때 띄우는 대상이 아니다.  
4번: 틀리다. ⓐ는 자신의 시름을 자연에 떠넘기는 의도로 날리는 것이고(나), ⓑ는 떨어져 있는 임과의 교신을 염두에 두고 날리는 것으로(다), 보내는 대상과 메시지가 다르다.  
5번: 틀리다. 두 시조 모두 개인의 감정·소망을 표현하는 매개로, 집단의 의지를 실현하기 위한 것은 아니다.  
최종 정답: 1번","[16, 167, 110, 230, 25, 23821, 246, 111, 46695, 97, 13, 564, 250, 47991, 246, 168, 244, 222, 23821, 233, 97, 220, 47991, 250, 23821, 244, 120, 167, 254, 230, 167, 98, 120, 31619, 223, 251, 166, 117, 234, 168, 100, 222, 220, 169, 240, 222, 168, 244, 112, 31619, 251, 226, 168, 248, 116, 23821, 254, 250, 447, 251, 7, 167, 224, 246, 8, 220, 220, 198, 17, 167, 110, 230, 25, 220, 169, 233, 222, 167, 99, 105, 46695, 97, 13, 31619, 117, 226, 167, 98, 120, 220, 166, 116, 108, 168, 249, 238, 47991, 250, 46695, 97, 167, 232, 242, 220, 169, 239, 250, 169, 246, 226, 35975, 112, 23821, 245, 228, 166, 111, 254, 11, 23821, 246, 97, 169, 252, 230, 167, 254, 97, 23821, 252, 238, 168, 245, 108, 23821, 228, 235, 168, 250, 120, 167, 94, 250, 31619, 224, 254, 167, 254, 97, 31619, 111, 112, 167, 224, 112, 168, 244, 112, 564, 250, 168, 252, 238, 168, 245, 108, 23821, 228, 234, 167, 102, 116, 47991, 246, 168, 245, 105, 167, 251, 120, 447, 251, 7, 167, 224, 246, 8, 167, 251, 120, 166, 111, 254, 220, 47991, 250, 23821, 254, 238, 168, 245, 238, 168, 226, 250, 31619, 233, 97, 167, 98, 112, 46695, 97, 13, 220, 220, 198, 18, 167, 110, 230, 25, 220, 169, 233, 222, 167, 99, 105, 46695, 97, 13, 2343, 241, 239, 167, 232, 242, 564, 250, 167, 108, 242, 167, 252, 234, 35975, 112, 220, 47991, 250, 168, 108, 121, 35975, 116, 23821, 254, 250, 23821, 224, 120, 166, 108, 226, 220, 169, 229, 112, 166, 117, 222, 23821, 8955, 166, 108, 226, 220, 166, 115, 120, 167, 239, 238, 168, 245, 238, 23821, 228, 253, 168, 243, 226, 168, 246, 105, 167, 251, 120, 447, 251, 7, 46695, 97, 8, 167, 251, 120, 220, 47991, 246, 168, 245, 105, 220, 166, 108, 243, 47991, 250, 31619, 108, 242, 167, 252, 234, 168, 245, 238, 31619, 251, 226, 168, 248, 108, 167, 232, 242, 31619, 234, 222, 168, 225, 223, 168, 250, 120, 167, 94, 250, 11, 23821, 252, 99, 168, 243, 226, 167, 241, 97, 168, 245, 230, 35975, 226, 31619, 243, 234, 31619, 251, 226, 168, 248, 108, 167, 232, 242, 31619, 234, 222, 168, 225, 223, 35975, 112, 23821, 243, 226, 46695, 230, 46695, 97, 13, 220, 220, 198, 19, 167, 110, 230, 25, 220, 169, 233, 222, 167, 99, 105, 46695, 97, 13, 2343, 241, 238, 167, 232, 242, 23821, 252, 238, 168, 233, 254, 35975, 246, 23821, 233, 250, 167, 99, 226, 35975, 226, 23821, 252, 238, 168, 245, 108, 168, 245, 238, 31619, 244, 254, 167, 226, 246, 166, 116, 108, 167, 232, 242, 23821, 251, 246, 167, 237, 226, 167, 94, 250, 31619, 224, 254, 167, 99, 105, 167, 232, 242, 220, 166, 110, 225, 35975, 112, 166, 111, 254, 7, 167, 224, 246, 828, 2343, 241, 239, 167, 232, 242, 31619, 244, 101, 168, 244, 112, 168, 254, 116, 23821, 252, 230, 167, 232, 242, 23821, 252, 226, 166, 111, 120, 35975, 246, 220, 166, 113, 238, 168, 233, 254, 35975, 226, 23821, 245, 120, 167, 239, 238, 168, 245, 238, 31619, 239, 238, 166, 111, 254, 31619, 224, 254, 167, 99, 105, 167, 232, 242, 220, 166, 110, 225, 168, 250, 120, 167, 94, 250, 7, 46695, 97, 828, 31619, 111, 112, 167, 224, 112, 167, 232, 242, 31619, 234, 222, 168, 225, 223, 166, 111, 120, 31619, 102, 242, 168, 233, 250, 168, 100, 222, 166, 108, 222, 31619, 233, 97, 167, 98, 112, 46695, 97, 13, 220, 220, 198, 20, 167, 110, 230, 25, 220, 169, 233, 222, 167, 99, 105, 46695, 97, 13, 31619, 239, 238, 23821, 233, 250, 168, 94, 108, 31619, 103, 101, 167, 239, 238, 220, 166, 108, 250, 35975, 116, 35975, 246, 220, 166, 108, 238, 168, 254, 243, 9129, 168, 228, 234, 167, 100, 251, 35975, 226, 220, 169, 239, 250, 169, 246, 226, 47991, 246, 167, 232, 242, 31619, 100, 97, 166, 108, 250, 167, 94, 250, 11, 23821, 100, 239, 46695, 101, 35975, 246, 23821, 251, 246, 168, 100, 222, 167, 98, 120, 23821, 233, 97, 169, 246, 226, 47991, 246, 166, 116, 108, 23821, 250, 226, 47991, 250, 220, 166, 110, 225, 35975, 222, 23821, 243, 226, 46695, 230, 46695, 97, 13, 220, 220, 198, 168, 113, 250, 168, 95, 227, 23821, 254, 243, 46695, 113, 25, 352, 167, 110, 230]","[0.5, 0.5, 0.5, 0.5, 0.5, 0.5, 0.5, 0.5, 0.5, 0.5, 0.5, 0.5, 0.5, 0.5, 0.5, 0.5, 0.5, 0.5, 0.5, 0.5, 0.5, 0.5, 0.5, 0.5, 0.5, 0.5, 0.5, 0.5, 0.5, 0.5, 0.5, 0.5, 0.5, 0.5, 0.5, 0.5, 0.5, 0.5, 0.5, 0.5, 0.5, 0.5, 0.5, 0.5, 0.5, 0.5, 0.5, 0.5, 0.5, 0.5, 0.5, 0.5, 0.5, 0.5, 0.5, 0.5, 0.5, 0.5, 0.5, 0.5, 0.5, 0.5, 0.5, 0.5, 0.5, 0.5, 0.5, 0.5, 0.5, 0.5, 0.5, 0.5, 0.5, 0.5, 0.5, 0.5, 0.5, 0.5, 0.5, 0.5, 0.5, 0.5, 0.5, 0.5, 0.5, 0.5, 0.5, 0.5, 0.5, 0.5, 0.5, 0.5, 0.5, 0.5, 0.5, 0.5, 0.5, 0.5, 0.5, 0.5, 0.5, 0.5, 0.5, 0.5, 0.5, 0.5, 0.5, 0.5, 0.5, 0.5, 0.5, 0.5, 0.5, 0.5, 0.5, 0.5, 0.5, 0.5, 0.5, 0.5, 0.5, 0.5, 0.5, 0.5, 0.5, 0.5, 0.5, 0.5, 0.5, 0.5, 0.5, 0.5, 0.5, 0.5, 0.5, 0.5, 0.5, 0.5, 0.5, 0.5, 0.5, 0.5, 0.5, 0.5, 0.5, 0.5, 0.5, 0.5, 0.5, 0.5, 0.5, 0.5, 0.5, 0.5, 0.5, 0.5, 0.5, 0.5, 0.5, 0.5, 0.5, 0.5, 0.5, 0.5, 0.5, 0.5, 0.5, 0.5, 0.5, 0.5, 0.5, 0.5, 0.5, 0.5, 0.5, 0.5, 0.5, 0.5, 0.5, 0.5, 0.5, 0.5, 0.5, 0.5, 0.5, 0.5, 0.5, 0.5, 0.5, 0.5, 0.5, 0.5, 0.5, 0.5, 0.5, 0.5, 0.5, 0.5, 0.5, 0.5, 0.5, 0.5, 0.5, 0.5, 0.5, 0.5, 0.5, 0.5, 0.5, 0.5, 0.5, 0.5, 0.5, 0.5, 0.5, 0.5, 0.5, 0.5, 0.5, 0.5, 0.5, 0.5, 0.5, 0.5, 0.5, 0.5, 0.5, 0.5, 0.5, 0.5, 0.5, 0.5, 0.5, 0.5, 0.5, 0.5, 0.5, 0.5, 0.5, 0.5, 0.5, 0.5, 0.5, 0.5, 0.5, 0.5, 0.5, 0.5, 0.5, 0.5, 0.5, 0.5, 0.5, 0.5, 0.5, 0.5, 0.5, 0.5, 0.5, 0.5, 0.5, 0.5, 0.5, 0.5, 0.5, 0.5, 0.5, 0.5, 0.5, 0.5, 0.5, 0.5, 0.5, 0.5, 0.5, 0.5, 0.5, 0.5, 0.5, 0.5, 0.5, 0.5, 0.5, 0.5, 0.5, 0.5, 0.5, 0.5, 0.5, 0.5, 0.5, 0.5, 0.5, 0.5, 0.5, 0.5, 0.5, 0.5, 0.5, 0.5, 0.5, 0.5, 0.5, 0.5, 0.5, 0.5, 0.5, 0.5, 0.5, 0.5, 0.5, 0.5, 0.5, 0.5, 0.5, 0.5, 0.5, 0.5, 0.5, 0.5, 0.5, 0.5, 0.5, 0.5, 0.5, 0.5, 0.5, 0.5, 0.5, 0.5, 0.5, 0.5, 0.5, 0.5, 0.5, 0.5, 0.5, 0.5, 0.5, 0.5, 0.5, 0.5, 0.5, 0.5, 0.5, 0.5, 0.5, 0.5, 0.5, 0.5, 0.5, 0.5, 0.5, 0.5, 0.5, 0.5, 0.5, 0.5, 0.5, 0.5, 0.5, 0.5, 0.5, 0.5, 0.5, 0.5, 0.5, 0.5, 0.5, 0.5, 0.5, 0.5, 0.5, 0.5, 0.5, 0.5, 0.5, 0.5, 0.5, 0.5, 0.5, 0.5, 0.5, 0.5, 0.5, 0.5, 0.5, 0.5, 0.5, 0.5, 0.5, 0.5, 0.5, 0.5, 0.5, 0.5, 0.5, 0.5, 0.5, 0.5, 0.5, 0.5, 0.5, 0.5, 0.5, 0.5, 0.5, 0.5, 0.5, 0.5, 0.5, 0.5, 0.5, 0.5, 0.5, 0.5, 0.5, 0.5, 0.5, 0.5, 0.5, 0.5, 0.5, 0.5, 0.5, 0.5, 0.5, 0.5, 0.5, 0.5, 0.5, 0.5, 0.5, 0.5, 0.5, 0.5, 0.5, 0.5, 0.5, 0.5, 0.5, 0.5, 0.5, 0.5, 0.5, 0.5, 0.5, 0.5, 0.5, 0.5, 0.5, 0.5, 0.5, 0.5, 0.5, 0.5, 0.5, 0.5, 0.5, 0.5, 0.5, 0.5, 0.5, 0.5, 0.5, 0.5, 0.5, 0.5, 0.5, 0.5, 0.5, 0.5, 0.5, 0.5, 0.5, 0.5, 0.5, 0.5, 0.5, 0.5, 0.5, 0.5, 0.5, 0.5, 0.5, 0.5, 0.5, 0.5, 0.5, 0.5, 0.5, 0.5, 0.5, 0.5, 0.5, 0.5, 0.5, 0.5, 0.5, 0.5, 0.5, 0.5, 0.5, 0.5, 0.5, 0.5, 0.5, 0.5, 0.5, 0.5, 0.5, 0.5, 0.5, 0.5, 0.5, 0.5, 0.5, 0.5, 0.5, 0.5, 0.5, 0.5, 0.5, 0.5, 0.5, 0.5, 0.5, 0.5, 0.5, 0.5, 0.5, 0.5, 0.5, 0.5, 0.5, 0.5, 0.5, 0.5, 0.5, 0.5, 0.5, 0.5, 0.5, 0.5, 0.5, 0.5, 0.5, 0.5, 0.5, 0.5, 0.5, 0.5, 0.5, 0.5, 0.5, 0.5, 0.5, 0.5, 0.5, 0.5, 0.5, 0.5, 0.5, 0.5, 0.5, 0.5, 0.5, 0.5, 0.5, 0.5, 0.5, 0.5, 0.5, 0.5, 0.5, 0.5, 0.5, 0.5, 0.5, 0.5, 0.5, 0.5, 0.5, 0.5, 0.5, 0.5, 0.5, 0.5, 0.5, 0.5, 0.5, 0.5, 0.5, 0.5, 0.5, 0.5, 0.5, 0.5, 0.5, 0.5, 0.5, 0.5, 0.5, 0.5, 0.5, 0.5, 0.5, 0.5, 0.5, 0.5, 0.5, 0.5, 0.5, 0.5, 0.5, 0.5, 0.5, 0.5, 0.5, 0.5, 0.5, 0.5, 0.5, 0.5, 0.5, 0.5, 0.5, 0.5, 0.5, 0.5, 0.5, 0.5, 0.5, 0.5, 0.5, 0.5, 0.5, 0.5, 0.5, 0.5, 0.5, 0.5, 0.5, 0.5, 0.5, 0.5, 0.5, 0.5, 0.5, 0.5, 0.5, 0.5, 0.5, 0.5, 0.5, 0.5, 0.5, 0.5, 0.5, 0.5, 0.5, 0.5, 0.5, 0.5, 0.5, 0.5, 0.5, 0.5, 0.5, 0.5, 0.5, 0.5, 0.5, 0.5, 0.5, 0.5, 0.5, 0.5, 0.5, 0.5, 0.5, 0.5, 0.5, 0.5, 0.5, 0.5, 0.5, 0.5, 0.5, 0.5, 0.5, 0.5, 0.5, 0.5, 0.5, 0.5, 0.5, 0.5, 0.5, 0.5, 0.5, 0.5, 0.5, 0.5, 0.5, 0.5, 0.5, 0.5, 0.5, 0.5, 0.5, 0.5, 0.5, 0.5, 0.5, 0.5, 0.5, 0.5, 0.5, 0.5, 0.5, 0.5, 0.5, 0.5, 0.5, 0.5, 0.5, 0.5, 0.5, 0.5, 0.5, 0.5, 0.5, 0.5, 0.5, 0.5, 0.5, 0.5, 0.5, 0.5, 0.5, 0.5, 0.5, 0.5, 0.5]",2
2026_11_KICE_31-34_3,['3(3)'],"1번: 적절  
“얼음 밑에 빠지고나 버선 행전 다 적시고 동태가 되었더라.”

2번: 적절  
“정월 대보름에 … 큰 잔에 술을 부어 마지막 전송하자.”

3번: 부적절  
지문에는 “먼 데 임 줄맥을 길게 대어 낚아 올까 하노라”라 하여 화자가 ‘임’을 끌어오려 하는 것이지, “가려고” 한다고 한 것은 잘못된 해석이다.

4번: 적절  
(가) “가슴에 열이 나니 먹느니 냉수로다.”  
(나) “이 시름 저 시름 여러 가지 시름 방패연에 세세히 적어”

5번: 적절  
(나) “둥게 둥게 둥둥 떠서 높고 높이 솟아올라 백룡의 굽이같이 굼틀뒤틀 뒤틀어져…”  
(다) “강원도 설화지를 제 크기로 연을 지어”

최종 정답: 3번","[16, 167, 110, 230, 25, 23821, 254, 223, 168, 254, 230, 220, 220, 198, 447, 250, 168, 244, 120, 35975, 234, 31619, 108, 239, 168, 245, 238, 31619, 117, 254, 168, 100, 222, 166, 111, 254, 167, 224, 246, 31619, 110, 226, 168, 226, 254, 220, 169, 244, 231, 168, 254, 226, 31619, 233, 97, 23821, 254, 223, 168, 233, 250, 166, 111, 254, 31619, 237, 247, 169, 225, 250, 166, 108, 222, 31619, 238, 246, 168, 245, 230, 167, 235, 242, 167, 251, 120, 13, 447, 251, 198, 198, 17, 167, 110, 230, 25, 23821, 254, 223, 168, 254, 230, 220, 220, 198, 447, 250, 168, 254, 243, 168, 249, 242, 31619, 234, 222, 167, 111, 112, 167, 99, 226, 168, 245, 238, 3926, 220, 169, 223, 108, 23821, 252, 242, 168, 245, 238, 23821, 230, 254, 35975, 226, 31619, 114, 222, 168, 244, 112, 31619, 100, 230, 168, 100, 222, 167, 100, 231, 23821, 254, 226, 168, 228, 94, 47991, 246, 168, 252, 238, 13, 447, 251, 198, 198, 18, 167, 110, 230, 25, 31619, 114, 222, 168, 254, 223, 168, 254, 230, 220, 220, 198, 168, 100, 222, 167, 105, 116, 168, 245, 238, 167, 232, 242, 564, 250, 167, 101, 120, 31619, 235, 108, 23821, 252, 226, 23821, 97, 226, 167, 100, 98, 35975, 226, 220, 166, 116, 116, 166, 110, 234, 31619, 234, 222, 168, 244, 112, 31619, 224, 248, 168, 243, 226, 23821, 246, 105, 166, 117, 234, 220, 47991, 246, 167, 227, 116, 167, 251, 120, 447, 251, 167, 251, 120, 220, 47991, 246, 168, 245, 105, 220, 169, 247, 242, 168, 252, 238, 166, 108, 222, 564, 246, 168, 252, 226, 447, 247, 35975, 226, 31619, 223, 234, 168, 244, 112, 168, 246, 97, 167, 254, 97, 220, 47991, 246, 167, 232, 242, 220, 166, 110, 225, 35975, 112, 168, 100, 222, 11, 564, 250, 166, 108, 222, 167, 254, 97, 166, 111, 254, 447, 251, 220, 47991, 250, 46695, 97, 166, 111, 254, 220, 47991, 250, 220, 166, 110, 225, 35975, 222, 23821, 252, 246, 167, 103, 119, 167, 238, 250, 220, 47991, 112, 168, 226, 251, 35975, 112, 46695, 97, 13, 198, 198, 19, 167, 110, 230, 25, 23821, 254, 223, 168, 254, 230, 220, 220, 198, 7, 166, 108, 222, 8, 564, 250, 166, 108, 222, 168, 232, 112, 168, 245, 238, 23821, 245, 112, 35975, 112, 31619, 224, 246, 46695, 230, 31619, 101, 117, 167, 232, 238, 46695, 230, 31619, 225, 231, 168, 230, 246, 167, 94, 250, 46695, 97, 13, 447, 251, 220, 220, 198, 7, 167, 224, 246, 8, 564, 250, 35975, 112, 23821, 233, 250, 167, 99, 226, 23821, 254, 222, 23821, 233, 250, 167, 99, 226, 23821, 245, 105, 167, 253, 105, 220, 166, 108, 222, 168, 100, 222, 23821, 233, 250, 167, 99, 226, 31619, 108, 102, 169, 234, 101, 168, 245, 108, 168, 245, 238, 23821, 226, 116, 168, 226, 116, 169, 252, 230, 23821, 254, 223, 168, 244, 112, 447, 251, 198, 198, 20, 167, 110, 230, 25, 23821, 254, 223, 168, 254, 230, 220, 220, 198, 7, 167, 224, 246, 8, 564, 250, 167, 239, 98, 166, 110, 234, 31619, 239, 98, 166, 110, 234, 31619, 239, 98, 167, 239, 98, 31619, 244, 254, 168, 226, 250, 31619, 10253, 166, 111, 254, 31619, 10253, 35975, 112, 23821, 228, 253, 168, 243, 226, 168, 246, 105, 167, 251, 120, 31619, 108, 109, 167, 96, 94, 35975, 246, 220, 166, 113, 121, 35975, 112, 166, 108, 247, 35975, 112, 220, 166, 113, 120, 169, 233, 222, 167, 240, 97, 169, 233, 222, 31619, 240, 97, 169, 233, 222, 168, 244, 112, 168, 254, 116, 1399, 447, 251, 220, 220, 198, 7, 46695, 97, 8, 564, 250, 166, 108, 243, 168, 249, 238, 167, 237, 226, 23821, 226, 97, 169, 247, 242, 168, 100, 222, 167, 98, 120, 23821, 254, 250, 220, 169, 223, 105, 166, 116, 108, 167, 94, 250, 23821, 245, 108, 35975, 226, 23821, 100, 222, 168, 244, 112, 447, 251, 198, 198, 168, 113, 250, 168, 95, 227, 23821, 254, 243, 46695, 113, 25, 513, 167, 110, 230]","[0.5, 0.5, 0.5, 0.5, 0.5, 0.5, 0.5, 0.5, 0.5, 0.5, 0.5, 0.5, 0.5, 0.5, 0.5, 0.5, 0.5, 0.5, 0.5, 0.5, 0.5, 0.5, 0.5, 0.5, 0.5, 0.5, 0.5, 0.5, 0.5, 0.5, 0.5, 0.5, 0.5, 0.5, 0.5, 0.5, 0.5, 0.5, 0.5, 0.5, 0.5, 0.5, 0.5, 0.5, 0.5, 0.5, 0.5, 0.5, 0.5, 0.5, 0.5, 0.5, 0.5, 0.5, 0.5, 0.5, 0.5, 0.5, 0.5, 0.5, 0.5, 0.5, 0.5, 0.5, 0.5, 0.5, 0.5, 0.5, 0.5, 0.5, 0.5, 0.5, 0.5, 0.5, 0.5, 0.5, 0.5, 0.5, 0.5, 0.5, 0.5, 0.5, 0.5, 0.5, 0.5, 0.5, 0.5, 0.5, 0.5, 0.5, 0.5, 0.5, 0.5, 0.5, 0.5, 0.5, 0.5, 0.5, 0.5, 0.5, 0.5, 0.5, 0.5, 0.5, 0.5, 0.5, 0.5, 0.5, 0.5, 0.5, 0.5, 0.5, 0.5, 0.5, 0.5, 0.5, 0.5, 0.5, 0.5, 0.5, 0.5, 0.5, 0.5, 0.5, 0.5, 0.5, 0.5, 0.5, 0.5, 0.5, 0.5, 0.5, 0.5, 0.5, 0.5, 0.5, 0.5, 0.5, 0.5, 0.5, 0.5, 0.5, 0.5, 0.5, 0.5, 0.5, 0.5, 0.5, 0.5, 0.5, 0.5, 0.5, 0.5, 0.5, 0.5, 0.5, 0.5, 0.5, 0.5, 0.5, 0.5, 0.5, 0.5, 0.5, 0.5, 0.5, 0.5, 0.5, 0.5, 0.5, 0.5, 0.5, 0.5, 0.5, 0.5, 0.5, 0.5, 0.5, 0.5, 0.5, 0.5, 0.5, 0.5, 0.5, 0.5, 0.5, 0.5, 0.5, 0.5, 0.5, 0.5, 0.5, 0.5, 0.5, 0.5, 0.5, 0.5, 0.5, 0.5, 0.5, 0.5, 0.5, 0.5, 0.5, 0.5, 0.5, 0.5, 0.5, 0.5, 0.5, 0.5, 0.5, 0.5, 0.5, 0.5, 0.5, 0.5, 0.5, 0.5, 0.5, 0.5, 0.5, 0.5, 0.5, 0.5, 0.5, 0.5, 0.5, 0.5, 0.5, 0.5, 0.5, 0.5, 0.5, 0.5, 0.5, 0.5, 0.5, 0.5, 0.5, 0.5, 0.5, 0.5, 0.5, 0.5, 0.5, 0.5, 0.5, 0.5, 0.5, 0.5, 0.5, 0.5, 0.5, 0.5, 0.5, 0.5, 0.5, 0.5, 0.5, 0.5, 0.5, 0.5, 0.5, 0.5, 0.5, 0.5, 0.5, 0.5, 0.5, 0.5, 0.5, 0.5, 0.5, 0.5, 0.5, 0.5, 0.5, 0.5, 0.5, 0.5, 0.5, 0.5, 0.5, 0.5, 0.5, 0.5, 0.5, 0.5, 0.5, 0.5, 0.5, 0.5, 0.5, 0.5, 0.5, 0.5, 0.5, 0.5, 0.5, 0.5, 0.5, 0.5, 0.5, 0.5, 0.5, 0.5, 0.5, 0.5, 0.5, 0.5, 0.5, 0.5, 0.5, 0.5, 0.5, 0.5, 0.5, 0.5, 0.5, 0.5, 0.5, 0.5, 0.5, 0.5, 0.5, 0.5, 0.5, 0.5, 0.5, 0.5, 0.5, 0.5, 0.5, 0.5, 0.5, 0.5, 0.5, 0.5, 0.5, 0.5, 0.5, 0.5, 0.5, 0.5, 0.5, 0.5, 0.5, 0.5, 0.5, 0.5, 0.5, 0.5, 0.5, 0.5, 0.5, 0.5, 0.5, 0.5, 0.5, 0.5, 0.5, 0.5, 0.5, 0.5, 0.5, 0.5, 0.5, 0.5, 0.5, 0.5, 0.5, 0.5, 0.5, 0.5, 0.5, 0.5, 0.5, 0.5, 0.5, 0.5, 0.5, 0.5, 0.5, 0.5, 0.5, 0.5, 0.5, 0.5, 0.5, 0.5, 0.5, 0.5, 0.5, 0.5, 0.5, 0.5, 0.5, 0.5, 0.5, 0.5, 0.5, 0.5, 0.5, 0.5, 0.5, 0.5, 0.5, 0.5, 0.5, 0.5, 0.5, 0.5, 0.5, 0.5, 0.5, 0.5, 0.5, 0.5, 0.5, 0.5, 0.5, 0.5, 0.5, 0.5, 0.5, 0.5, 0.5, 0.5, 0.5, 0.5, 0.5, 0.5, 0.5, 0.5, 0.5, 0.5, 0.5, 0.5, 0.5, 0.5, 0.5, 0.5, 0.5, 0.5, 0.5, 0.5, 0.5, 0.5, 0.5, 0.5, 0.5, 0.5, 0.5, 0.5, 0.5, 0.5, 0.5, 0.5, 0.5, 0.5, 0.5, 0.5, 0.5, 0.5, 0.5, 0.5, 0.5, 0.5, 0.5, 0.5, 0.5, 0.5, 0.5, 0.5, 0.5, 0.5, 0.5, 0.5, 0.5, 0.5, 0.5, 0.5, 0.5, 0.5, 0.5, 0.5, 0.5, 0.5, 0.5, 0.5, 0.5, 0.5, 0.5, 0.5, 0.5, 0.5, 0.5, 0.5, 0.5, 0.5, 0.5, 0.5, 0.5, 0.5, 0.5, 0.5, 0.5, 0.5, 0.5, 0.5, 0.5, 0.5, 0.5, 0.5, 0.5, 0.5, 0.5, 0.5, 0.5, 0.5, 0.5, 0.5, 0.5, 0.5, 0.5, 0.5, 0.5, 0.5, 0.5, 0.5, 0.5, 0.5, 0.5, 0.5, 0.5, 0.5, 0.5, 0.5, 0.5, 0.5, 0.5, 0.5, 0.5, 0.5, 0.5, 0.5, 0.5, 0.5, 0.5, 0.5, 0.5, 0.5, 0.5, 0.5, 0.5, 0.5, 0.5, 0.5, 0.5, 0.5, 0.5, 0.5, 0.5, 0.5, 0.5, 0.5, 0.5, 0.5, 0.5, 0.5, 0.5, 0.5, 0.5, 0.5, 0.5, 0.5, 0.5, 0.5, 0.5, 0.5, 0.5, 0.5, 0.5, 0.5, 0.5, 0.5, 0.5, 0.5, 0.5, 0.5, 0.5, 0.5, 0.5, 0.5, 0.5, 0.5, 0.5, 0.5, 0.5, 0.5, 0.5, 0.5, 0.5, 0.5, 0.5, 0.5, 0.5, 0.5, 0.5, 0.5, 0.5, 0.5, 0.5, 0.5, 0.5, 0.5, 0.5, 0.5, 0.5, 0.5, 0.5, 0.5, 0.5, 0.5, 0.5, 0.5, 0.5, 0.5, 0.5, 0.5, 0.5, 0.5, 0.5, 0.5, 0.5, 0.5, 0.5, 0.5, 0.5, 0.5, 0.5, 0.5, 0.5, 0.5, 0.5, 0.5, 0.5, 0.5, 0.5, 0.5, 0.5, 0.5, 0.5, 0.5, 0.5, 0.5, 0.5, 0.5, 0.5, 0.5, 0.5, 0.5, 0.5, 0.5, 0.5, 0.5, 0.5, 0.5, 0.5, 0.5, 0.5, 0.5, 0.5, 0.5, 0.5, 0.5, 0.5, 0.5, 0.5, 0.5, 0.5, 0.5, 0.5, 0.5, 0.5, 0.5, 0.5, 0.5]",3
2026_11_KICE_35-37_0,['2(2)'],"1번: 적절하다. “풍혈지는 여름철에 돌 사이에서 주위보다 찬 공기가 새어 나와 국소적으로 저온 환경이 형성된 지역을 의미합니다.”  
2번: 적절하지 않다. 지문에 전문가의 견해를 인용한 부분이 없다.  
3번: 적절하다. “지난 수업 시간에는 우리나라의 평균 기온이 점점 높아지고 있는 현상에 대해 조사하는 활동을 함께 했었는데요…”  
4번: 적절하다. “(청중의 답변을 듣고) 네, 기온이 맞습니다.”  
5번: 적절하다. “앞으로 여러분도 풍혈지에 관심을 가져 보시면 좋겠습니다.”  

최종 정답: 2번","[16, 167, 110, 230, 25, 23821, 254, 223, 168, 254, 230, 47991, 246, 46695, 97, 13, 564, 250, 169, 240, 235, 169, 246, 230, 168, 100, 222, 167, 232, 242, 23821, 245, 105, 167, 99, 226, 168, 110, 254, 168, 245, 238, 31619, 237, 234, 23821, 8955, 35975, 112, 168, 245, 238, 168, 226, 250, 23821, 96, 120, 168, 250, 226, 167, 111, 112, 46695, 97, 23821, 108, 105, 220, 166, 111, 113, 166, 116, 108, 166, 108, 222, 23821, 225, 230, 168, 244, 112, 31619, 224, 246, 168, 247, 222, 220, 166, 113, 255, 168, 228, 234, 168, 254, 223, 168, 250, 120, 167, 94, 250, 23821, 254, 222, 168, 246, 101, 220, 169, 247, 246, 166, 110, 121, 35975, 112, 220, 169, 246, 243, 168, 226, 109, 167, 238, 250, 23821, 100, 222, 168, 245, 255, 35975, 226, 23821, 251, 246, 167, 107, 116, 47991, 102, 46695, 230, 46695, 97, 13, 447, 251, 220, 220, 198, 17, 167, 110, 230, 25, 23821, 254, 223, 168, 254, 230, 47991, 246, 168, 100, 222, 23821, 243, 232, 46695, 97, 13, 23821, 100, 222, 167, 105, 116, 168, 245, 238, 23821, 254, 226, 167, 105, 116, 166, 108, 222, 35975, 246, 220, 166, 110, 105, 47991, 112, 167, 98, 120, 23821, 251, 116, 168, 248, 102, 47991, 250, 31619, 114, 222, 167, 114, 226, 35975, 112, 23821, 245, 228, 46695, 97, 13, 220, 220, 198, 18, 167, 110, 230, 25, 23821, 254, 223, 168, 254, 230, 47991, 246, 46695, 97, 13, 564, 250, 168, 100, 222, 167, 224, 250, 23821, 230, 246, 168, 245, 227, 23821, 233, 250, 166, 108, 226, 168, 245, 238, 167, 232, 242, 23821, 248, 108, 167, 99, 105, 167, 224, 246, 167, 251, 120, 35975, 246, 220, 169, 237, 231, 166, 115, 254, 220, 166, 116, 108, 168, 246, 101, 35975, 112, 23821, 254, 238, 168, 254, 238, 31619, 10253, 168, 243, 226, 168, 100, 222, 166, 111, 254, 23821, 252, 230, 167, 232, 242, 220, 169, 246, 226, 168, 225, 223, 168, 245, 238, 31619, 234, 222, 47991, 112, 23821, 94, 108, 168, 8955, 47991, 246, 167, 232, 242, 220, 169, 247, 250, 167, 237, 247, 35975, 226, 220, 47991, 101, 166, 119, 246, 220, 169, 244, 230, 168, 245, 230, 167, 232, 242, 167, 235, 108, 168, 248, 242, 1399, 447, 251, 220, 220, 198, 19, 167, 110, 230, 25, 23821, 254, 223, 168, 254, 230, 47991, 246, 46695, 97, 13, 564, 250, 7, 168, 110, 255, 168, 97, 239, 35975, 246, 31619, 233, 113, 167, 111, 222, 35975, 226, 31619, 241, 96, 166, 111, 254, 8, 31619, 226, 97, 11, 220, 166, 116, 108, 168, 246, 101, 35975, 112, 31619, 100, 252, 168, 232, 113, 46695, 230, 46695, 97, 13, 447, 251, 220, 220, 198, 20, 167, 110, 230, 25, 23821, 254, 223, 168, 254, 230, 47991, 246, 46695, 97, 13, 564, 250, 168, 243, 252, 168, 250, 120, 167, 94, 250, 23821, 245, 105, 167, 253, 105, 167, 114, 226, 167, 237, 226, 220, 169, 240, 235, 169, 246, 230, 168, 100, 222, 168, 245, 238, 220, 166, 112, 222, 168, 233, 105, 35975, 226, 220, 166, 108, 222, 168, 254, 116, 31619, 111, 112, 168, 233, 250, 167, 102, 112, 23821, 95, 233, 166, 110, 254, 168, 232, 113, 46695, 230, 46695, 97, 13, 447, 251, 220, 220, 198, 198, 168, 113, 250, 168, 95, 227, 23821, 254, 243, 46695, 113, 25, 362, 167, 110, 230]","[0.5, 0.5, 0.5, 0.5, 0.5, 0.5, 0.5, 0.5, 0.5, 0.5, 0.5, 0.5, 0.5, 0.5, 0.5, 0.5, 0.5, 0.5, 0.5, 0.5, 0.5, 0.5, 0.5, 0.5, 0.5, 0.5, 0.5, 0.5, 0.5, 0.5, 0.5, 0.5, 0.5, 0.5, 0.5, 0.5, 0.5, 0.5, 0.5, 0.5, 0.5, 0.5, 0.5, 0.5, 0.5, 0.5, 0.5, 0.5, 0.5, 0.5, 0.5, 0.5, 0.5, 0.5, 0.5, 0.5, 0.5, 0.5, 0.5, 0.5, 0.5, 0.5, 0.5, 0.5, 0.5, 0.5, 0.5, 0.5, 0.5, 0.5, 0.5, 0.5, 0.5, 0.5, 0.5, 0.5, 0.5, 0.5, 0.5, 0.5, 0.5, 0.5, 0.5, 0.5, 0.5, 0.5, 0.5, 0.5, 0.5, 0.5, 0.5, 0.5, 0.5, 0.5, 0.5, 0.5, 0.5, 0.5, 0.5, 0.5, 0.5, 0.5, 0.5, 0.5, 0.5, 0.5, 0.5, 0.5, 0.5, 0.5, 0.5, 0.5, 0.5, 0.5, 0.5, 0.5, 0.5, 0.5, 0.5, 0.5, 0.5, 0.5, 0.5, 0.5, 0.5, 0.5, 0.5, 0.5, 0.5, 0.5, 0.5, 0.5, 0.5, 0.5, 0.5, 0.5, 0.5, 0.5, 0.5, 0.5, 0.5, 0.5, 0.5, 0.5, 0.5, 0.5, 0.5, 0.5, 0.5, 0.5, 0.5, 0.5, 0.5, 0.5, 0.5, 0.5, 0.5, 0.5, 0.5, 0.5, 0.5, 0.5, 0.5, 0.5, 0.5, 0.5, 0.5, 0.5, 0.5, 0.5, 0.5, 0.5, 0.5, 0.5, 0.5, 0.5, 0.5, 0.5, 0.5, 0.5, 0.5, 0.5, 0.5, 0.5, 0.5, 0.5, 0.5, 0.5, 0.5, 0.5, 0.5, 0.5, 0.5, 0.5, 0.5, 0.5, 0.5, 0.5, 0.5, 0.5, 0.5, 0.5, 0.5, 0.5, 0.5, 0.5, 0.5, 0.5, 0.5, 0.5, 0.5, 0.5, 0.5, 0.5, 0.5, 0.5, 0.5, 0.5, 0.5, 0.5, 0.5, 0.5, 0.5, 0.5, 0.5, 0.5, 0.5, 0.5, 0.5, 0.5, 0.5, 0.5, 0.5, 0.5, 0.5, 0.5, 0.5, 0.5, 0.5, 0.5, 0.5, 0.5, 0.5, 0.5, 0.5, 0.5, 0.5, 0.5, 0.5, 0.5, 0.5, 0.5, 0.5, 0.5, 0.5, 0.5, 0.5, 0.5, 0.5, 0.5, 0.5, 0.5, 0.5, 0.5, 0.5, 0.5, 0.5, 0.5, 0.5, 0.5, 0.5, 0.5, 0.5, 0.5, 0.5, 0.5, 0.5, 0.5, 0.5, 0.5, 0.5, 0.5, 0.5, 0.5, 0.5, 0.5, 0.5, 0.5, 0.5, 0.5, 0.5, 0.5, 0.5, 0.5, 0.5, 0.5, 0.5, 0.5, 0.5, 0.5, 0.5, 0.5, 0.5, 0.5, 0.5, 0.5, 0.5, 0.5, 0.5, 0.5, 0.5, 0.5, 0.5, 0.5, 0.5, 0.5, 0.5, 0.5, 0.5, 0.5, 0.5, 0.5, 0.5, 0.5, 0.5, 0.5, 0.5, 0.5, 0.5, 0.5, 0.5, 0.5, 0.5, 0.5, 0.5, 0.5, 0.5, 0.5, 0.5, 0.5, 0.5, 0.5, 0.5, 0.5, 0.5, 0.5, 0.5, 0.5, 0.5, 0.5, 0.5, 0.5, 0.5, 0.5, 0.5, 0.5, 0.5, 0.5, 0.5, 0.5, 0.5, 0.5, 0.5, 0.5, 0.5, 0.5, 0.5, 0.5, 0.5, 0.5, 0.5, 0.5, 0.5, 0.5, 0.5, 0.5, 0.5, 0.5, 0.5, 0.5, 0.5, 0.5, 0.5, 0.5, 0.5, 0.5, 0.5, 0.5, 0.5, 0.5, 0.5, 0.5, 0.5, 0.5, 0.5, 0.5, 0.5, 0.5, 0.5, 0.5, 0.5, 0.5, 0.5, 0.5, 0.5, 0.5, 0.5, 0.5, 0.5, 0.5, 0.5, 0.5, 0.5, 0.5, 0.5, 0.5, 0.5, 0.5, 0.5, 0.5, 0.5, 0.5, 0.5, 0.5, 0.5, 0.5, 0.5, 0.5, 0.5, 0.5, 0.5, 0.5, 0.5, 0.5, 0.5, 0.5, 0.5, 0.5, 0.5, 0.5, 0.5, 0.5, 0.5, 0.5, 0.5, 0.5, 0.5, 0.5, 0.5, 0.5, 0.5, 0.5, 0.5, 0.5, 0.5, 0.5, 0.5, 0.5, 0.5, 0.5, 0.5, 0.5, 0.5, 0.5, 0.5, 0.5, 0.5, 0.5, 0.5, 0.5, 0.5, 0.5, 0.5, 0.5, 0.5, 0.5, 0.5, 0.5, 0.5, 0.5, 0.5, 0.5, 0.5, 0.5, 0.5, 0.5, 0.5, 0.5, 0.5, 0.5, 0.5, 0.5, 0.5, 0.5, 0.5, 0.5, 0.5, 0.5, 0.5, 0.5, 0.5, 0.5, 0.5, 0.5, 0.5, 0.5, 0.5, 0.5, 0.5, 0.5, 0.5, 0.5, 0.5, 0.5, 0.5, 0.5, 0.5, 0.5, 0.5, 0.5, 0.5, 0.5, 0.5, 0.5, 0.5, 0.5, 0.5, 0.5, 0.5, 0.5, 0.5, 0.5, 0.5, 0.5, 0.5, 0.5, 0.5, 0.5, 0.5, 0.5, 0.5, 0.5, 0.5, 0.5, 0.5, 0.5, 0.5, 0.5, 0.5, 0.5, 0.5, 0.5, 0.5, 0.5, 0.5, 0.5, 0.5, 0.5, 0.5, 0.5, 0.5, 0.5, 0.5, 0.5, 0.5, 0.5, 0.5, 0.5, 0.5, 0.5, 0.5, 0.5, 0.5, 0.5, 0.5]",2
2026_11_KICE_35-37_1,['5(2)'],"1번: 부적절  
“이렇게 암벽에서 떨어져 나온 크고 작은 돌들이 겹겹이 쌓여 부채 모양으로 형성된 곳을 애추라고 합니다.”  
→ [자료1]은 찬 공기의 흐름을 보여 주지 않고, 돌의 쌓임만을 보여 주므로 ㉠에 맞지 않습니다.

2번: 부적절  
“이렇게 암벽에서 떨어져 나온 크고 작은 돌들이 겹겹이 쌓여 부채 모양으로 형성된 곳을 애추라고 합니다.”  
→ [자료1]은 단계별 과정이 아니라 완성된 쌓임만을 보여 주므로 “단계별로 확인”할 수 있다는 설명은 맞지 않습니다.

3번: 부적절  
“이 자료를 보면 여름철에 풍혈지의 평균 기온이 풍혈지가 있는 행정 구역의 평균 기온보다 낮다는 것을 알 수 있습니다.”  
→ [자료2]는 동일 군(행정 구역) 내 풍혈지와 전체 평균의 비교이지, 다른 군 간 비교가 아닙니다.

4번: 부적절  
→ [자료2]는 식물 서식지별 평균 기온 차이를 다루지 않고, 풍혈지와 해당 군 전체의 기온 차이를 보여 줍니다.

5번: 적절  
“이 자료는 제가, 현재까지 국내의 풍혈지에서 발견된 212종의 북방계 식물 중 일부를 목록으로 정리하고, 산림청에서 지정한 희귀 식물에 해당하는지 여부를 표시해서 만든 것입니다.”  
→ [자료3]은 ㉢에 제시된 설명과 정확히 일치합니다.

최종 정답: 5번","[16, 167, 110, 230, 25, 31619, 114, 222, 168, 254, 223, 168, 254, 230, 220, 220, 198, 447, 250, 35975, 112, 167, 254, 229, 166, 110, 234, 23821, 243, 242, 167, 110, 121, 168, 245, 238, 168, 226, 250, 31619, 244, 101, 168, 244, 112, 168, 254, 116, 31619, 224, 246, 168, 246, 101, 220, 169, 223, 105, 166, 111, 254, 23821, 252, 239, 35975, 222, 31619, 237, 234, 167, 241, 97, 35975, 112, 220, 166, 110, 117, 166, 110, 117, 35975, 112, 23821, 234, 241, 168, 245, 105, 31619, 114, 222, 168, 109, 226, 31619, 103, 101, 168, 244, 239, 168, 250, 120, 167, 94, 250, 220, 169, 246, 243, 168, 226, 109, 167, 238, 250, 220, 166, 111, 111, 35975, 226, 23821, 243, 254, 168, 114, 242, 167, 251, 120, 166, 111, 254, 220, 47991, 102, 46695, 230, 46695, 97, 13, 447, 251, 220, 220, 198, 39310, 685, 168, 252, 238, 167, 96, 234, 16, 60, 35975, 222, 23821, 108, 105, 220, 166, 111, 113, 166, 116, 108, 35975, 246, 220, 169, 251, 238, 167, 99, 226, 35975, 226, 31619, 111, 112, 168, 245, 105, 23821, 96, 120, 168, 100, 222, 23821, 243, 232, 166, 111, 254, 11, 31619, 237, 234, 35975, 246, 23821, 234, 241, 168, 252, 226, 167, 100, 234, 35975, 226, 31619, 111, 112, 168, 245, 105, 23821, 96, 120, 167, 107, 222, 167, 94, 250, 220, 159, 231, 254, 168, 245, 238, 31619, 100, 252, 168, 100, 222, 23821, 243, 232, 168, 232, 113, 46695, 230, 46695, 97, 13, 198, 198, 17, 167, 110, 230, 25, 31619, 114, 222, 168, 254, 223, 168, 254, 230, 220, 220, 198, 447, 250, 35975, 112, 167, 254, 229, 166, 110, 234, 23821, 243, 242, 167, 110, 121, 168, 245, 238, 168, 226, 250, 31619, 244, 101, 168, 244, 112, 168, 254, 116, 31619, 224, 246, 168, 246, 101, 220, 169, 223, 105, 166, 111, 254, 23821, 252, 239, 35975, 222, 31619, 237, 234, 167, 241, 97, 35975, 112, 220, 166, 110, 117, 166, 110, 117, 35975, 112, 23821, 234, 241, 168, 245, 105, 31619, 114, 222, 168, 109, 226, 31619, 103, 101, 168, 244, 239, 168, 250, 120, 167, 94, 250, 220, 169, 246, 243, 168, 226, 109, 167, 238, 250, 220, 166, 111, 111, 35975, 226, 23821, 243, 254, 168, 114, 242, 167, 251, 120, 166, 111, 254, 220, 47991, 102, 46695, 230, 46695, 97, 13, 447, 251, 220, 220, 198, 39310, 685, 168, 252, 238, 167, 96, 234, 16, 60, 35975, 222, 31619, 233, 101, 166, 111, 226, 167, 111, 226, 220, 166, 111, 120, 168, 254, 243, 35975, 112, 23821, 243, 226, 46695, 230, 167, 251, 120, 23821, 247, 226, 168, 226, 109, 167, 238, 250, 23821, 234, 241, 168, 252, 226, 167, 100, 234, 35975, 226, 31619, 111, 112, 168, 245, 105, 23821, 96, 120, 167, 107, 222, 167, 94, 250, 564, 250, 46695, 101, 166, 111, 226, 167, 111, 226, 167, 94, 250, 220, 169, 247, 243, 35975, 116, 447, 251, 47991, 254, 23821, 230, 246, 23821, 252, 230, 46695, 97, 167, 232, 242, 23821, 226, 97, 167, 103, 227, 35975, 222, 31619, 100, 252, 168, 100, 222, 23821, 243, 232, 168, 232, 113, 46695, 230, 46695, 97, 13, 198, 198, 18, 167, 110, 230, 25, 31619, 114, 222, 168, 254, 223, 168, 254, 230, 220, 220, 198, 447, 250, 35975, 112, 23821, 252, 238, 167, 96, 234, 167, 98, 120, 31619, 111, 112, 167, 102, 112, 23821, 245, 105, 167, 99, 226, 168, 110, 254, 168, 245, 238, 220, 169, 240, 235, 169, 246, 230, 168, 100, 222, 35975, 246, 220, 169, 237, 231, 166, 115, 254, 220, 166, 116, 108, 168, 246, 101, 35975, 112, 220, 169, 240, 235, 169, 246, 230, 168, 100, 222, 166, 108, 222, 23821, 252, 230, 167, 232, 242, 220, 169, 244, 231, 168, 254, 243, 220, 166, 113, 105, 168, 245, 255, 35975, 246, 220, 169, 237, 231, 166, 115, 254, 220, 166, 116, 108, 168, 246, 101, 167, 111, 112, 46695, 97, 31619, 224, 106, 46695, 97, 167, 232, 242, 220, 166, 110, 225, 35975, 226, 23821, 243, 234, 23821, 230, 246, 23821, 252, 230, 168, 232, 113, 46695, 230, 46695, 97, 13, 447, 251, 220, 220, 198, 39310, 685, 168, 252, 238, 167, 96, 234, 17, 60, 167, 232, 242, 31619, 237, 247, 35975, 120, 220, 166, 113, 108, 7, 169, 244, 231, 168, 254, 243, 220, 166, 113, 105, 168, 245, 255, 8, 31619, 224, 112, 220, 169, 240, 235, 169, 246, 230, 168, 100, 222, 168, 247, 222, 23821, 254, 226, 168, 110, 112, 220, 169, 237, 231, 166, 115, 254, 35975, 246, 31619, 117, 226, 166, 113, 238, 35975, 112, 168, 100, 222, 11, 31619, 233, 97, 167, 98, 116, 220, 166, 113, 108, 220, 166, 108, 226, 31619, 117, 226, 166, 113, 238, 166, 108, 222, 23821, 243, 226, 46695, 247, 46695, 230, 46695, 97, 13, 198, 198, 19, 167, 110, 230, 25, 31619, 114, 222, 168, 254, 223, 168, 254, 230, 220, 220, 198, 39310, 685, 168, 252, 238, 167, 96, 234, 17, 60, 167, 232, 242, 23821, 233, 251, 167, 45539, 23821, 226, 250, 168, 233, 251, 168, 100, 222, 167, 111, 226, 220, 169, 237, 231, 166, 115, 254, 220, 166, 116, 108, 168, 246, 101, 23821, 108, 101, 35975, 112, 167, 98, 120, 31619, 233, 97, 167, 96, 101, 168, 100, 222, 23821, 243, 232, 166, 111, 254, 11, 220, 169, 240, 235, 169, 246, 230, 168, 100, 222, 168, 247, 222, 220, 47991, 112, 46695, 117, 220, 166, 113, 108, 23821, 254, 226, 168, 110, 112, 35975, 246, 220, 166, 116, 108, 168, 246, 101, 23821, 108, 101, 35975, 112, 167, 98, 120, 31619, 111, 112, 168, 245, 105, 23821, 97, 235, 46695, 230, 46695, 97, 13, 198, 198, 20, 167, 110, 230, 25, 23821, 254, 223, 168, 254, 230, 220, 220, 198, 447, 250, 35975, 112, 23821, 252, 238, 167, 96, 234, 167, 232, 242, 23821, 254, 250, 166, 108, 222, 11, 220, 169, 246, 226, 168, 252, 105, 166, 117, 234, 168, 100, 222, 220, 166, 113, 255, 167, 224, 112, 35975, 246, 220, 169, 240, 235, 169, 246, 230, 168, 100, 222, 168, 245, 238, 168, 226, 250, 31619, 108, 250, 166, 110, 105, 167, 238, 250, 23679, 168, 95, 227, 35975, 246, 31619, 114, 223, 167, 108, 102, 166, 111, 226, 23821, 233, 251, 167, 45539, 23821, 97, 239, 23821, 251, 120, 167, 114, 222, 167, 98, 120, 31619, 103, 102, 167, 94, 251, 168, 250, 120, 167, 94, 250, 23821, 254, 243, 167, 99, 105, 47991, 246, 166, 111, 254, 11, 23821, 224, 108, 167, 99, 120, 168, 110, 255, 168, 245, 238, 168, 226, 250, 23821, 100, 222, 168, 254, 243, 47991, 250, 220, 169, 251, 105, 166, 115, 222, 23821, 233, 251, 167, 45539, 168, 245, 238, 220, 47991, 112, 46695, 117, 47991, 246, 167, 232, 242, 168, 100, 222, 23821, 245, 105, 167, 114, 222, 167, 98, 120, 220, 169, 239, 250, 168, 233, 250, 47991, 112, 168, 226, 250, 31619, 100, 234, 167, 241, 254, 220, 166, 110, 225, 168, 252, 227, 46695, 230, 46695, 97, 13, 447, 251, 220, 220, 198, 39310, 685, 168, 252, 238, 167, 96, 234, 18, 60, 35975, 222, 220, 159, 231, 95, 168, 245, 238, 23821, 254, 250, 168, 233, 250, 167, 238, 250, 23821, 226, 97, 167, 103, 227, 166, 111, 120, 23821, 254, 243, 169, 247, 243, 169, 252, 230, 23821, 251, 120, 168, 117, 246, 47991, 102, 46695, 230, 46695, 97, 13, 198, 198, 168, 113, 250, 168, 95, 227, 23821, 254, 243, 46695, 113, 25, 642, 167, 110, 230]","[0.5, 0.5, 0.5, 0.5, 0.5, 0.5, 0.5, 0.5, 0.5, 0.5, 0.5, 0.5, 0.5, 0.5, 0.5, 0.5, 0.5, 0.5, 0.5, 0.5, 0.5, 0.5, 0.5, 0.5, 0.5, 0.5, 0.5, 0.5, 0.5, 0.5, 0.5, 0.5, 0.5, 0.5, 0.5, 0.5, 0.5, 0.5, 0.5, 0.5, 0.5, 0.5, 0.5, 0.5, 0.5, 0.5, 0.5, 0.5, 0.5, 0.5, 0.5, 0.5, 0.5, 0.5, 0.5, 0.5, 0.5, 0.5, 0.5, 0.5, 0.5, 0.5, 0.5, 0.5, 0.5, 0.5, 0.5, 0.5, 0.5, 0.5, 0.5, 0.5, 0.5, 0.5, 0.5, 0.5, 0.5, 0.5, 0.5, 0.5, 0.5, 0.5, 0.5, 0.5, 0.5, 0.5, 0.5, 0.5, 0.5, 0.5, 0.5, 0.5, 0.5, 0.5, 0.5, 0.5, 0.5, 0.5, 0.5, 0.5, 0.5, 0.5, 0.5, 0.5, 0.5, 0.5, 0.5, 0.5, 0.5, 0.5, 0.5, 0.5, 0.5, 0.5, 0.5, 0.5, 0.5, 0.5, 0.5, 0.5, 0.5, 0.5, 0.5, 0.5, 0.5, 0.5, 0.5, 0.5, 0.5, 0.5, 0.5, 0.5, 0.5, 0.5, 0.5, 0.5, 0.5, 0.5, 0.5, 0.5, 0.5, 0.5, 0.5, 0.5, 0.5, 0.5, 0.5, 0.5, 0.5, 0.5, 0.5, 0.5, 0.5, 0.5, 0.5, 0.5, 0.5, 0.5, 0.5, 0.5, 0.5, 0.5, 0.5, 0.5, 0.5, 0.5, 0.5, 0.5, 0.5, 0.5, 0.5, 0.5, 0.5, 0.5, 0.5, 0.5, 0.5, 0.5, 0.5, 0.5, 0.5, 0.5, 0.5, 0.5, 0.5, 0.5, 0.5, 0.5, 0.5, 0.5, 0.5, 0.5, 0.5, 0.5, 0.5, 0.5, 0.5, 0.5, 0.5, 0.5, 0.5, 0.5, 0.5, 0.5, 0.5, 0.5, 0.5, 0.5, 0.5, 0.5, 0.5, 0.5, 0.5, 0.5, 0.5, 0.5, 0.5, 0.5, 0.5, 0.5, 0.5, 0.5, 0.5, 0.5, 0.5, 0.5, 0.5, 0.5, 0.5, 0.5, 0.5, 0.5, 0.5, 0.5, 0.5, 0.5, 0.5, 0.5, 0.5, 0.5, 0.5, 0.5, 0.5, 0.5, 0.5, 0.5, 0.5, 0.5, 0.5, 0.5, 0.5, 0.5, 0.5, 0.5, 0.5, 0.5, 0.5, 0.5, 0.5, 0.5, 0.5, 0.5, 0.5, 0.5, 0.5, 0.5, 0.5, 0.5, 0.5, 0.5, 0.5, 0.5, 0.5, 0.5, 0.5, 0.5, 0.5, 0.5, 0.5, 0.5, 0.5, 0.5, 0.5, 0.5, 0.5, 0.5, 0.5, 0.5, 0.5, 0.5, 0.5, 0.5, 0.5, 0.5, 0.5, 0.5, 0.5, 0.5, 0.5, 0.5, 0.5, 0.5, 0.5, 0.5, 0.5, 0.5, 0.5, 0.5, 0.5, 0.5, 0.5, 0.5, 0.5, 0.5, 0.5, 0.5, 0.5, 0.5, 0.5, 0.5, 0.5, 0.5, 0.5, 0.5, 0.5, 0.5, 0.5, 0.5, 0.5, 0.5, 0.5, 0.5, 0.5, 0.5, 0.5, 0.5, 0.5, 0.5, 0.5, 0.5, 0.5, 0.5, 0.5, 0.5, 0.5, 0.5, 0.5, 0.5, 0.5, 0.5, 0.5, 0.5, 0.5, 0.5, 0.5, 0.5, 0.5, 0.5, 0.5, 0.5, 0.5, 0.5, 0.5, 0.5, 0.5, 0.5, 0.5, 0.5, 0.5, 0.5, 0.5, 0.5, 0.5, 0.5, 0.5, 0.5, 0.5, 0.5, 0.5, 0.5, 0.5, 0.5, 0.5, 0.5, 0.5, 0.5, 0.5, 0.5, 0.5, 0.5, 0.5, 0.5, 0.5, 0.5, 0.5, 0.5, 0.5, 0.5, 0.5, 0.5, 0.5, 0.5, 0.5, 0.5, 0.5, 0.5, 0.5, 0.5, 0.5, 0.5, 0.5, 0.5, 0.5, 0.5, 0.5, 0.5, 0.5, 0.5, 0.5, 0.5, 0.5, 0.5, 0.5, 0.5, 0.5, 0.5, 0.5, 0.5, 0.5, 0.5, 0.5, 0.5, 0.5, 0.5, 0.5, 0.5, 0.5, 0.5, 0.5, 0.5, 0.5, 0.5, 0.5, 0.5, 0.5, 0.5, 0.5, 0.5, 0.5, 0.5, 0.5, 0.5, 0.5, 0.5, 0.5, 0.5, 0.5, 0.5, 0.5, 0.5, 0.5, 0.5, 0.5, 0.5, 0.5, 0.5, 0.5, 0.5, 0.5, 0.5, 0.5, 0.5, 0.5, 0.5, 0.5, 0.5, 0.5, 0.5, 0.5, 0.5, 0.5, 0.5, 0.5, 0.5, 0.5, 0.5, 0.5, 0.5, 0.5, 0.5, 0.5, 0.5, 0.5, 0.5, 0.5, 0.5, 0.5, 0.5, 0.5, 0.5, 0.5, 0.5, 0.5, 0.5, 0.5, 0.5, 0.5, 0.5, 0.5, 0.5, 0.5, 0.5, 0.5, 0.5, 0.5, 0.5, 0.5, 0.5, 0.5, 0.5, 0.5, 0.5, 0.5, 0.5, 0.5, 0.5, 0.5, 0.5, 0.5, 0.5, 0.5, 0.5, 0.5, 0.5, 0.5, 0.5, 0.5, 0.5, 0.5, 0.5, 0.5, 0.5, 0.5, 0.5, 0.5, 0.5, 0.5, 0.5, 0.5, 0.5, 0.5, 0.5, 0.5, 0.5, 0.5, 0.5, 0.5, 0.5, 0.5, 0.5, 0.5, 0.5, 0.5, 0.5, 0.5, 0.5, 0.5, 0.5, 0.5, 0.5, 0.5, 0.5, 0.5, 0.5, 0.5, 0.5, 0.5, 0.5, 0.5, 0.5, 0.5, 0.5, 0.5, 0.5, 0.5, 0.5, 0.5, 0.5, 0.5, 0.5, 0.5, 0.5, 0.5, 0.5, 0.5, 0.5, 0.5, 0.5, 0.5, 0.5, 0.5, 0.5, 0.5, 0.5, 0.5, 0.5, 0.5, 0.5, 0.5, 0.5, 0.5, 0.5, 0.5, 0.5, 0.5, 0.5, 0.5, 0.5, 0.5, 0.5, 0.5, 0.5, 0.5, 0.5, 0.5, 0.5, 0.5, 0.5, 0.5, 0.5, 0.5, 0.5, 0.5, 0.5, 0.5, 0.5, 0.5, 0.5, 0.5, 0.5, 0.5, 0.5, 0.5, 0.5, 0.5, 0.5, 0.5, 0.5, 0.5, 0.5, 0.5, 0.5, 0.5, 0.5, 0.5, 0.5, 0.5, 0.5, 0.5, 0.5, 0.5, 0.5, 0.5, 0.5, 0.5, 0.5, 0.5, 0.5, 0.5, 0.5, 0.5, 0.5, 0.5, 0.5, 0.5, 0.5, 0.5, 0.5, 0.5, 0.5, 0.5, 0.5, 0.5, 0.5, 0.5, 0.5, 0.5, 0.5, 0.5, 0.5, 0.5, 0.5, 0.5, 0.5, 0.5, 0.5, 0.5, 0.5, 0.5, 0.5, 0.5, 0.5, 0.5, 0.5, 0.5, 0.5, 0.5, 0.5, 0.5, 0.5, 0.5, 0.5, 0.5, 0.5, 0.5, 0.5, 0.5, 0.5, 0.5, 0.5, 0.5, 0.5, 0.5, 0.5, 0.5, 0.5, 0.5, 0.5, 0.5, 0.5, 0.5, 0.5, 0.5, 0.5, 0.5, 0.5, 0.5, 0.5, 0.5, 0.5, 0.5, 0.5, 0.5, 0.5, 0.5, 0.5, 0.5, 0.5, 0.5, 0.5, 0.5, 0.5, 0.5, 0.5, 0.5, 0.5, 0.5, 0.5, 0.5, 0.5, 0.5, 0.5, 0.5, 0.5, 0.5, 0.5, 0.5, 0.5, 0.5, 0.5, 0.5, 0.5, 0.5, 0.5, 0.5, 0.5, 0.5, 0.5, 0.5, 0.5, 0.5, 0.5, 0.5, 0.5, 0.5, 0.5, 0.5, 0.5, 0.5, 0.5, 0.5, 0.5, 0.5, 0.5, 0.5, 0.5, 0.5, 0.5, 0.5, 0.5, 0.5, 0.5, 0.5, 0.5, 0.5, 0.5, 0.5, 0.5, 0.5, 0.5, 0.5, 0.5, 0.5, 0.5, 0.5, 0.5, 0.5, 0.5, 0.5, 0.5, 0.5, 0.5, 0.5, 0.5, 0.5, 0.5, 0.5, 0.5, 0.5, 0.5, 0.5, 0.5, 0.5, 0.5, 0.5, 0.5, 0.5, 0.5, 0.5, 0.5, 0.5, 0.5, 0.5, 0.5, 0.5, 0.5, 0.5, 0.5, 0.5, 0.5, 0.5, 0.5, 0.5, 0.5, 0.5, 0.5, 0.5, 0.5, 0.5, 0.5, 0.5, 0.5, 0.5, 0.5, 0.5, 0.5, 0.5, 0.5, 0.5, 0.5, 0.5, 0.5, 0.5, 0.5, 0.5, 0.5, 0.5, 0.5, 0.5, 0.5, 0.5, 0.5, 0.5, 0.5, 0.5, 0.5, 0.5, 0.5, 0.5, 0.5, 0.5, 0.5, 0.5, 0.5, 0.5, 0.5, 0.5, 0.5, 0.5, 0.5, 0.5, 0.5, 0.5, 0.5, 0.5, 0.5, 0.5, 0.5, 0.5, 0.5, 0.5, 0.5, 0.5, 0.5, 0.5, 0.5, 0.5, 0.5, 0.5, 0.5, 0.5, 0.5, 0.5, 0.5, 0.5, 0.5, 0.5, 0.5, 0.5, 0.5, 0.5, 0.5, 0.5, 0.5, 0.5, 0.5, 0.5, 0.5, 0.5, 0.5, 0.5, 0.5, 0.5, 0.5, 0.5, 0.5, 0.5, 0.5, 0.5, 0.5, 0.5, 0.5, 0.5, 0.5, 0.5, 0.5, 0.5, 0.5, 0.5, 0.5, 0.5, 0.5, 0.5, 0.5, 0.5, 0.5, 0.5, 0.5, 0.5, 0.5, 0.5, 0.5, 0.5, 0.5, 0.5, 0.5, 0.5, 0.5, 0.5, 0.5, 0.5, 0.5, 0.5, 0.5, 0.5, 0.5, 0.5, 0.5, 0.5, 0.5, 0.5, 0.5, 0.5, 0.5, 0.5, 0.5, 0.5, 0.5, 0.5, 0.5, 0.5, 0.5, 0.5, 0.5, 0.5, 0.5, 0.5, 0.5, 0.5, 0.5, 0.5, 0.5, 0.5, 0.5, 0.5, 0.5, 0.5, 0.5, 0.5, 0.5, 0.5, 0.5, 0.5, 0.5, 0.5, 0.5, 0.5, 0.5, 0.5, 0.5, 0.5, 0.5, 0.5, 0.5, 0.5, 0.5, 0.5, 0.5, 0.5, 0.5, 0.5, 0.5, 0.5, 0.5, 0.5, 0.5, 0.5, 0.5, 0.5, 0.5, 0.5, 0.5, 0.5, 0.5, 0.5, 0.5, 0.5, 0.5, 0.5, 0.5, 0.5, 0.5, 0.5, 0.5, 0.5, 0.5, 0.5, 0.5, 0.5, 0.5, 0.5, 0.5, 0.5, 0.5, 0.5, 0.5, 0.5, 0.5, 0.5, 0.5, 0.5, 0.5, 0.5, 0.5, 0.5, 0.5, 0.5, 0.5, 0.5, 0.5, 0.5, 0.5, 0.5, 0.5, 0.5, 0.5, 0.5, 0.5, 0.5, 0.5, 0.5, 0.5, 0.5, 0.5, 0.5, 0.5, 0.5, 0.5, 0.5, 0.5, 0.5, 0.5, 0.5, 0.5, 0.5, 0.5, 0.5, 0.5, 0.5, 0.5, 0.5, 0.5, 0.5, 0.5, 0.5, 0.5, 0.5, 0.5, 0.5, 0.5, 0.5, 0.5, 0.5, 0.5, 0.5, 0.5, 0.5, 0.5, 0.5, 0.5, 0.5, 0.5, 0.5, 0.5, 0.5, 0.5, 0.5, 0.5, 0.5, 0.5, 0.5, 0.5, 0.5, 0.5, 0.5, 0.5, 0.5, 0.5, 0.5, 0.5, 0.5, 0.5, 0.5, 0.5, 0.5, 0.5, 0.5, 0.5, 0.5, 0.5, 0.5, 0.5, 0.5, 0.5, 0.5, 0.5, 0.5, 0.5, 0.5, 0.5, 0.5, 0.5, 0.5, 0.5, 0.5, 0.5, 0.5, 0.5, 0.5, 0.5, 0.5, 0.5, 0.5, 0.5, 0.5, 0.5, 0.5, 0.5, 0.5, 0.5, 0.5, 0.5, 0.5, 0.5, 0.5, 0.5, 0.5, 0.5, 0.5, 0.5, 0.5, 0.5, 0.5, 0.5, 0.5, 0.5, 0.5, 0.5, 0.5, 0.5, 0.5, 0.5, 0.5, 0.5, 0.5, 0.5, 0.5, 0.5, 0.5, 0.5, 0.5, 0.5, 0.5, 0.5, 0.5, 0.5, 0.5, 0.5, 0.5, 0.5, 0.5, 0.5, 0.5, 0.5, 0.5, 0.5, 0.5, 0.5, 0.5, 0.5, 0.5, 0.5, 0.5, 0.5, 0.5, 0.5, 0.5, 0.5, 0.5, 0.5, 0.5, 0.5, 0.5, 0.5, 0.5, 0.5, 0.5, 0.5, 0.5, 0.5, 0.5, 0.5, 0.5, 0.5, 0.5]",2
2026_11_KICE_35-37_2,['3(2)'],"1번: 적절하지 않다 + “이 북방계 식물이 해발 고도가 낮은 곳에 있는 풍혈지에서도 확인되고 있습니다.”  
– 학생1은 다른 사람의 이해와 비교하지 않고, 단지 발표 내용을 확인해 보고자 하는 의도를 보임.

2번: 적절하지 않다 + “이 중 월귤은 국내 서식지가 서너 곳에 불과하여 각별한 보호가 필요한 식물인데, 풍혈지에는 이 월귤처럼 종 보존을 위해 희귀 식물로 지정된 북방계 식물도 자라고 있습니다.”  
– 학생2는 사실 여부를 점검하는 것이 아니라, 설명되지 않은 ‘해외 서식지’ 정보의 부재에 아쉬움을 표시함.

3번: 적절하다 + “신문 기사를 보니 우리 지역의 산에도 풍혈지가 있대. … 발표에서 들은 풍혈지에 관한 설명이 도움이 되겠어.”  
– 학생3은 발표로 얻은 정보를 자신의 과제(보고서 작성)에 유용하다고 평가하고 있음.

4번: 적절하지 않다 + “월귤의 해외 서식지에 대해서도 알고 싶었는데 설명이 없어서 아쉬워.”  
– 학생2는 발표 내용을 오해한 것이 아니라, 단지 추가 정보가 언급되지 않아 아쉬워하는 것일 뿐임.

5번: 적절하지 않다 + “…발표에서 들은 풍혈지에 관한 설명이 도움이 되겠어.”  
– 학생3은 발표 내용에 만족하며, 오히려 필요한 정보를 얻었다고 긍정적으로 평가하고 있음.

최종 정답: 3번","[16, 167, 110, 230, 25, 23821, 254, 223, 168, 254, 230, 47991, 246, 168, 100, 222, 23821, 243, 232, 46695, 97, 1343, 564, 250, 35975, 112, 31619, 114, 223, 167, 108, 102, 166, 111, 226, 23821, 233, 251, 167, 45539, 35975, 112, 220, 47991, 112, 167, 108, 250, 220, 166, 111, 254, 167, 237, 226, 166, 108, 222, 31619, 224, 106, 35975, 222, 220, 166, 111, 111, 168, 245, 238, 23821, 252, 230, 167, 232, 242, 220, 169, 240, 235, 169, 246, 230, 168, 100, 222, 168, 245, 238, 168, 226, 250, 167, 237, 226, 220, 169, 247, 243, 35975, 116, 167, 238, 246, 166, 111, 254, 23821, 252, 230, 168, 232, 113, 46695, 230, 46695, 97, 13, 447, 251, 220, 220, 198, 1906, 220, 47991, 247, 168, 225, 251, 16, 35975, 222, 31619, 233, 97, 167, 98, 116, 23821, 8955, 167, 252, 234, 35975, 246, 23821, 251, 112, 47991, 112, 168, 247, 222, 31619, 117, 226, 166, 113, 238, 47991, 246, 168, 100, 222, 23821, 243, 232, 166, 111, 254, 11, 31619, 233, 101, 168, 100, 222, 31619, 108, 250, 169, 239, 250, 31619, 224, 112, 168, 248, 102, 35975, 226, 220, 169, 247, 243, 35975, 116, 47991, 112, 31619, 111, 112, 166, 111, 254, 168, 252, 238, 220, 47991, 246, 167, 232, 242, 23821, 251, 246, 167, 237, 226, 167, 98, 120, 31619, 111, 112, 168, 252, 226, 13, 198, 198, 17, 167, 110, 230, 25, 23821, 254, 223, 168, 254, 230, 47991, 246, 168, 100, 222, 23821, 243, 232, 46695, 97, 1343, 564, 250, 35975, 112, 23821, 97, 239, 23821, 249, 242, 166, 115, 97, 35975, 222, 220, 166, 113, 255, 167, 224, 112, 23821, 226, 250, 168, 233, 251, 168, 100, 222, 166, 108, 222, 23821, 226, 250, 167, 226, 230, 220, 166, 111, 111, 168, 245, 238, 31619, 114, 230, 166, 111, 120, 47991, 246, 168, 245, 105, 220, 166, 108, 223, 167, 111, 226, 47991, 250, 31619, 111, 112, 169, 246, 116, 166, 108, 222, 220, 47991, 226, 168, 248, 242, 47991, 250, 23821, 233, 251, 167, 45539, 35975, 116, 167, 235, 108, 11, 220, 169, 240, 235, 169, 246, 230, 168, 100, 222, 168, 245, 238, 167, 232, 242, 23821, 251, 112, 23821, 249, 242, 166, 115, 97, 168, 110, 246, 167, 253, 120, 23821, 95, 227, 31619, 111, 112, 168, 94, 112, 35975, 226, 23821, 250, 226, 47991, 112, 220, 169, 251, 105, 166, 115, 222, 23821, 233, 251, 167, 45539, 167, 94, 250, 23821, 100, 222, 168, 254, 243, 167, 238, 250, 31619, 114, 223, 167, 108, 102, 166, 111, 226, 23821, 233, 251, 167, 45539, 167, 237, 226, 23821, 252, 238, 167, 251, 120, 166, 111, 254, 23821, 252, 230, 168, 232, 113, 46695, 230, 46695, 97, 13, 447, 251, 220, 220, 198, 1906, 220, 47991, 247, 168, 225, 251, 17, 167, 232, 242, 23821, 8955, 168, 233, 97, 23821, 245, 105, 167, 114, 222, 167, 98, 120, 23821, 254, 238, 166, 110, 222, 47991, 246, 167, 232, 242, 220, 166, 110, 225, 35975, 112, 23821, 243, 226, 46695, 230, 167, 251, 120, 11, 23821, 226, 97, 167, 103, 227, 167, 238, 246, 168, 100, 222, 23821, 243, 232, 35975, 222, 564, 246, 47991, 112, 168, 247, 116, 23821, 226, 250, 168, 233, 251, 168, 100, 222, 447, 247, 23821, 254, 243, 167, 111, 112, 35975, 246, 31619, 114, 222, 168, 252, 105, 168, 245, 238, 23821, 243, 226, 168, 231, 105, 168, 249, 222, 35975, 226, 220, 169, 239, 250, 168, 233, 250, 47991, 101, 13, 198, 198, 18, 167, 110, 230, 25, 23821, 254, 223, 168, 254, 230, 47991, 246, 46695, 97, 1343, 564, 250, 168, 233, 254, 167, 105, 116, 220, 166, 116, 108, 168, 8955, 167, 98, 120, 31619, 111, 112, 46695, 230, 23821, 248, 108, 167, 99, 105, 23821, 100, 222, 168, 245, 255, 35975, 246, 23821, 224, 108, 168, 245, 238, 167, 237, 226, 220, 169, 240, 235, 169, 246, 230, 168, 100, 222, 166, 108, 222, 23821, 252, 230, 167, 234, 222, 13, 3926, 31619, 108, 250, 169, 239, 250, 168, 245, 238, 168, 226, 250, 31619, 241, 97, 35975, 222, 220, 169, 240, 235, 169, 246, 230, 168, 100, 222, 168, 245, 238, 220, 166, 112, 222, 47991, 250, 23821, 226, 97, 167, 103, 227, 35975, 112, 31619, 237, 226, 168, 249, 222, 35975, 112, 31619, 238, 246, 166, 110, 254, 168, 244, 112, 13, 447, 251, 220, 220, 198, 1906, 220, 47991, 247, 168, 225, 251, 18, 35975, 222, 31619, 108, 250, 169, 239, 250, 167, 94, 250, 23821, 244, 119, 35975, 222, 23821, 254, 243, 167, 111, 112, 167, 98, 120, 23821, 252, 238, 168, 233, 254, 35975, 246, 220, 166, 111, 120, 168, 254, 250, 7, 167, 111, 112, 166, 111, 254, 168, 226, 250, 23821, 252, 239, 168, 226, 109, 8, 168, 245, 238, 23821, 250, 254, 168, 248, 102, 47991, 246, 46695, 97, 166, 111, 254, 220, 169, 237, 231, 166, 108, 222, 47991, 246, 166, 111, 254, 23821, 252, 230, 35975, 234, 13, 198, 198, 19, 167, 110, 230, 25, 23821, 254, 223, 168, 254, 230, 47991, 246, 168, 100, 222, 23821, 243, 232, 46695, 97, 1343, 564, 250, 168, 249, 242, 166, 115, 97, 35975, 246, 220, 47991, 112, 168, 247, 116, 23821, 226, 250, 168, 233, 251, 168, 100, 222, 168, 245, 238, 31619, 234, 222, 47991, 112, 168, 226, 250, 167, 237, 226, 23821, 243, 234, 166, 111, 254, 23821, 233, 114, 168, 245, 230, 167, 232, 242, 167, 235, 108, 23821, 226, 97, 167, 103, 227, 35975, 112, 23821, 245, 228, 168, 244, 112, 168, 226, 250, 23821, 243, 226, 168, 231, 105, 168, 249, 234, 13, 447, 251, 220, 220, 198, 1906, 220, 47991, 247, 168, 225, 251, 17, 167, 232, 242, 31619, 108, 250, 169, 239, 250, 31619, 224, 112, 168, 248, 102, 35975, 226, 23821, 246, 97, 47991, 112, 47991, 250, 220, 166, 110, 225, 35975, 112, 23821, 243, 226, 46695, 230, 167, 251, 120, 11, 31619, 233, 101, 168, 100, 222, 23821, 114, 242, 166, 108, 222, 23821, 254, 243, 167, 111, 112, 166, 108, 222, 23821, 244, 116, 166, 116, 231, 167, 238, 246, 168, 100, 222, 23821, 243, 232, 168, 243, 226, 23821, 243, 226, 168, 231, 105, 168, 249, 234, 47991, 246, 167, 232, 242, 220, 166, 110, 225, 35975, 120, 31619, 123, 238, 168, 252, 226, 13, 198, 198, 20, 167, 110, 230, 25, 23821, 254, 223, 168, 254, 230, 47991, 246, 168, 100, 222, 23821, 243, 232, 46695, 97, 1343, 564, 250, 1399, 167, 108, 250, 169, 239, 250, 168, 245, 238, 168, 226, 250, 31619, 241, 97, 35975, 222, 220, 169, 240, 235, 169, 246, 230, 168, 100, 222, 168, 245, 238, 220, 166, 112, 222, 47991, 250, 23821, 226, 97, 167, 103, 227, 35975, 112, 31619, 237, 226, 168, 249, 222, 35975, 112, 31619, 238, 246, 166, 110, 254, 168, 244, 112, 13, 447, 251, 220, 220, 198, 1906, 220, 47991, 247, 168, 225, 251, 18, 35975, 222, 31619, 108, 250, 169, 239, 250, 31619, 224, 112, 168, 248, 102, 168, 245, 238, 31619, 100, 234, 168, 94, 109, 47991, 246, 167, 102, 108, 11, 23821, 246, 97, 169, 252, 230, 167, 254, 97, 220, 47991, 226, 168, 248, 242, 47991, 250, 23821, 254, 243, 167, 111, 112, 167, 98, 120, 23821, 244, 119, 168, 245, 230, 46695, 97, 166, 111, 254, 220, 166, 116, 235, 168, 254, 243, 168, 254, 223, 168, 250, 120, 167, 94, 250, 220, 169, 237, 231, 166, 108, 222, 47991, 246, 166, 111, 254, 23821, 252, 230, 35975, 234, 13, 198, 198, 168, 113, 250, 168, 95, 227, 23821, 254, 243, 46695, 113, 25, 513, 167, 110, 230]","[0.5, 0.5, 0.5, 0.5, 0.5, 0.5, 0.5, 0.5, 0.5, 0.5, 0.5, 0.5, 0.5, 0.5, 0.5, 0.5, 0.5, 0.5, 0.5, 0.5, 0.5, 0.5, 0.5, 0.5, 0.5, 0.5, 0.5, 0.5, 0.5, 0.5, 0.5, 0.5, 0.5, 0.5, 0.5, 0.5, 0.5, 0.5, 0.5, 0.5, 0.5, 0.5, 0.5, 0.5, 0.5, 0.5, 0.5, 0.5, 0.5, 0.5, 0.5, 0.5, 0.5, 0.5, 0.5, 0.5, 0.5, 0.5, 0.5, 0.5, 0.5, 0.5, 0.5, 0.5, 0.5, 0.5, 0.5, 0.5, 0.5, 0.5, 0.5, 0.5, 0.5, 0.5, 0.5, 0.5, 0.5, 0.5, 0.5, 0.5, 0.5, 0.5, 0.5, 0.5, 0.5, 0.5, 0.5, 0.5, 0.5, 0.5, 0.5, 0.5, 0.5, 0.5, 0.5, 0.5, 0.5, 0.5, 0.5, 0.5, 0.5, 0.5, 0.5, 0.5, 0.5, 0.5, 0.5, 0.5, 0.5, 0.5, 0.5, 0.5, 0.5, 0.5, 0.5, 0.5, 0.5, 0.5, 0.5, 0.5, 0.5, 0.5, 0.5, 0.5, 0.5, 0.5, 0.5, 0.5, 0.5, 0.5, 0.5, 0.5, 0.5, 0.5, 0.5, 0.5, 0.5, 0.5, 0.5, 0.5, 0.5, 0.5, 0.5, 0.5, 0.5, 0.5, 0.5, 0.5, 0.5, 0.5, 0.5, 0.5, 0.5, 0.5, 0.5, 0.5, 0.5, 0.5, 0.5, 0.5, 0.5, 0.5, 0.5, 0.5, 0.5, 0.5, 0.5, 0.5, 0.5, 0.5, 0.5, 0.5, 0.5, 0.5, 0.5, 0.5, 0.5, 0.5, 0.5, 0.5, 0.5, 0.5, 0.5, 0.5, 0.5, 0.5, 0.5, 0.5, 0.5, 0.5, 0.5, 0.5, 0.5, 0.5, 0.5, 0.5, 0.5, 0.5, 0.5, 0.5, 0.5, 0.5, 0.5, 0.5, 0.5, 0.5, 0.5, 0.5, 0.5, 0.5, 0.5, 0.5, 0.5, 0.5, 0.5, 0.5, 0.5, 0.5, 0.5, 0.5, 0.5, 0.5, 0.5, 0.5, 0.5, 0.5, 0.5, 0.5, 0.5, 0.5, 0.5, 0.5, 0.5, 0.5, 0.5, 0.5, 0.5, 0.5, 0.5, 0.5, 0.5, 0.5, 0.5, 0.5, 0.5, 0.5, 0.5, 0.5, 0.5, 0.5, 0.5, 0.5, 0.5, 0.5, 0.5, 0.5, 0.5, 0.5, 0.5, 0.5, 0.5, 0.5, 0.5, 0.5, 0.5, 0.5, 0.5, 0.5, 0.5, 0.5, 0.5, 0.5, 0.5, 0.5, 0.5, 0.5, 0.5, 0.5, 0.5, 0.5, 0.5, 0.5, 0.5, 0.5, 0.5, 0.5, 0.5, 0.5, 0.5, 0.5, 0.5, 0.5, 0.5, 0.5, 0.5, 0.5, 0.5, 0.5, 0.5, 0.5, 0.5, 0.5, 0.5, 0.5, 0.5, 0.5, 0.5, 0.5, 0.5, 0.5, 0.5, 0.5, 0.5, 0.5, 0.5, 0.5, 0.5, 0.5, 0.5, 0.5, 0.5, 0.5, 0.5, 0.5, 0.5, 0.5, 0.5, 0.5, 0.5, 0.5, 0.5, 0.5, 0.5, 0.5, 0.5, 0.5, 0.5, 0.5, 0.5, 0.5, 0.5, 0.5, 0.5, 0.5, 0.5, 0.5, 0.5, 0.5, 0.5, 0.5, 0.5, 0.5, 0.5, 0.5, 0.5, 0.5, 0.5, 0.5, 0.5, 0.5, 0.5, 0.5, 0.5, 0.5, 0.5, 0.5, 0.5, 0.5, 0.5, 0.5, 0.5, 0.5, 0.5, 0.5, 0.5, 0.5, 0.5, 0.5, 0.5, 0.5, 0.5, 0.5, 0.5, 0.5, 0.5, 0.5, 0.5, 0.5, 0.5, 0.5, 0.5, 0.5, 0.5, 0.5, 0.5, 0.5, 0.5, 0.5, 0.5, 0.5, 0.5, 0.5, 0.5, 0.5, 0.5, 0.5, 0.5, 0.5, 0.5, 0.5, 0.5, 0.5, 0.5, 0.5, 0.5, 0.5, 0.5, 0.5, 0.5, 0.5, 0.5, 0.5, 0.5, 0.5, 0.5, 0.5, 0.5, 0.5, 0.5, 0.5, 0.5, 0.5, 0.5, 0.5, 0.5, 0.5, 0.5, 0.5, 0.5, 0.5, 0.5, 0.5, 0.5, 0.5, 0.5, 0.5, 0.5, 0.5, 0.5, 0.5, 0.5, 0.5, 0.5, 0.5, 0.5, 0.5, 0.5, 0.5, 0.5, 0.5, 0.5, 0.5, 0.5, 0.5, 0.5, 0.5, 0.5, 0.5, 0.5, 0.5, 0.5, 0.5, 0.5, 0.5, 0.5, 0.5, 0.5, 0.5, 0.5, 0.5, 0.5, 0.5, 0.5, 0.5, 0.5, 0.5, 0.5, 0.5, 0.5, 0.5, 0.5, 0.5, 0.5, 0.5, 0.5, 0.5, 0.5, 0.5, 0.5, 0.5, 0.5, 0.5, 0.5, 0.5, 0.5, 0.5, 0.5, 0.5, 0.5, 0.5, 0.5, 0.5, 0.5, 0.5, 0.5, 0.5, 0.5, 0.5, 0.5, 0.5, 0.5, 0.5, 0.5, 0.5, 0.5, 0.5, 0.5, 0.5, 0.5, 0.5, 0.5, 0.5, 0.5, 0.5, 0.5, 0.5, 0.5, 0.5, 0.5, 0.5, 0.5, 0.5, 0.5, 0.5, 0.5, 0.5, 0.5, 0.5, 0.5, 0.5, 0.5, 0.5, 0.5, 0.5, 0.5, 0.5, 0.5, 0.5, 0.5, 0.5, 0.5, 0.5, 0.5, 0.5, 0.5, 0.5, 0.5, 0.5, 0.5, 0.5, 0.5, 0.5, 0.5, 0.5, 0.5, 0.5, 0.5, 0.5, 0.5, 0.5, 0.5, 0.5, 0.5, 0.5, 0.5, 0.5, 0.5, 0.5, 0.5, 0.5, 0.5, 0.5, 0.5, 0.5, 0.5, 0.5, 0.5, 0.5, 0.5, 0.5, 0.5, 0.5, 0.5, 0.5, 0.5, 0.5, 0.5, 0.5, 0.5, 0.5, 0.5, 0.5, 0.5, 0.5, 0.5, 0.5, 0.5, 0.5, 0.5, 0.5, 0.5, 0.5, 0.5, 0.5, 0.5, 0.5, 0.5, 0.5, 0.5, 0.5, 0.5, 0.5, 0.5, 0.5, 0.5, 0.5, 0.5, 0.5, 0.5, 0.5, 0.5, 0.5, 0.5, 0.5, 0.5, 0.5, 0.5, 0.5, 0.5, 0.5, 0.5, 0.5, 0.5, 0.5, 0.5, 0.5, 0.5, 0.5, 0.5, 0.5, 0.5, 0.5, 0.5, 0.5, 0.5, 0.5, 0.5, 0.5, 0.5, 0.5, 0.5, 0.5, 0.5, 0.5, 0.5, 0.5, 0.5, 0.5, 0.5, 0.5, 0.5, 0.5, 0.5, 0.5, 0.5, 0.5, 0.5, 0.5, 0.5, 0.5, 0.5, 0.5, 0.5, 0.5, 0.5, 0.5, 0.5, 0.5, 0.5, 0.5, 0.5, 0.5, 0.5, 0.5, 0.5, 0.5, 0.5, 0.5, 0.5, 0.5, 0.5, 0.5, 0.5, 0.5, 0.5, 0.5, 0.5, 0.5, 0.5, 0.5, 0.5, 0.5, 0.5, 0.5, 0.5, 0.5, 0.5, 0.5, 0.5, 0.5, 0.5, 0.5, 0.5, 0.5, 0.5, 0.5, 0.5, 0.5, 0.5, 0.5, 0.5, 0.5, 0.5, 0.5, 0.5, 0.5, 0.5, 0.5, 0.5, 0.5, 0.5, 0.5, 0.5, 0.5, 0.5, 0.5, 0.5, 0.5, 0.5, 0.5, 0.5, 0.5, 0.5, 0.5, 0.5, 0.5, 0.5, 0.5, 0.5, 0.5, 0.5, 0.5, 0.5, 0.5, 0.5, 0.5, 0.5, 0.5, 0.5, 0.5, 0.5, 0.5, 0.5, 0.5, 0.5, 0.5, 0.5, 0.5, 0.5, 0.5, 0.5, 0.5, 0.5, 0.5, 0.5, 0.5, 0.5, 0.5, 0.5, 0.5, 0.5, 0.5, 0.5, 0.5, 0.5, 0.5, 0.5, 0.5, 0.5, 0.5, 0.5, 0.5, 0.5, 0.5, 0.5, 0.5, 0.5, 0.5, 0.5, 0.5, 0.5, 0.5, 0.5, 0.5, 0.5, 0.5, 0.5, 0.5, 0.5, 0.5, 0.5, 0.5, 0.5, 0.5, 0.5, 0.5, 0.5, 0.5, 0.5, 0.5, 0.5, 0.5, 0.5, 0.5, 0.5, 0.5, 0.5, 0.5, 0.5, 0.5, 0.5, 0.5, 0.5, 0.5, 0.5, 0.5, 0.5, 0.5, 0.5, 0.5, 0.5, 0.5, 0.5, 0.5, 0.5, 0.5, 0.5, 0.5, 0.5, 0.5, 0.5, 0.5, 0.5, 0.5, 0.5, 0.5, 0.5, 0.5, 0.5, 0.5, 0.5, 0.5, 0.5, 0.5, 0.5, 0.5, 0.5, 0.5, 0.5, 0.5, 0.5, 0.5, 0.5, 0.5, 0.5, 0.5, 0.5, 0.5, 0.5, 0.5, 0.5, 0.5, 0.5, 0.5, 0.5, 0.5, 0.5, 0.5, 0.5, 0.5, 0.5, 0.5, 0.5, 0.5, 0.5, 0.5, 0.5, 0.5, 0.5, 0.5, 0.5, 0.5, 0.5, 0.5, 0.5, 0.5, 0.5, 0.5, 0.5, 0.5, 0.5, 0.5, 0.5, 0.5, 0.5, 0.5, 0.5, 0.5, 0.5, 0.5, 0.5, 0.5, 0.5, 0.5, 0.5, 0.5, 0.5, 0.5, 0.5, 0.5, 0.5, 0.5, 0.5, 0.5, 0.5, 0.5, 0.5, 0.5, 0.5, 0.5, 0.5, 0.5, 0.5, 0.5, 0.5, 0.5, 0.5, 0.5, 0.5, 0.5, 0.5, 0.5, 0.5, 0.5, 0.5, 0.5, 0.5, 0.5, 0.5, 0.5, 0.5, 0.5, 0.5, 0.5, 0.5, 0.5, 0.5, 0.5, 0.5, 0.5, 0.5, 0.5, 0.5, 0.5, 0.5, 0.5, 0.5, 0.5, 0.5, 0.5, 0.5, 0.5, 0.5, 0.5, 0.5, 0.5, 0.5, 0.5, 0.5, 0.5, 0.5, 0.5, 0.5, 0.5, 0.5, 0.5, 0.5, 0.5, 0.5, 0.5, 0.5, 0.5, 0.5, 0.5, 0.5, 0.5, 0.5, 0.5, 0.5, 0.5, 0.5, 0.5, 0.5, 0.5, 0.5, 0.5, 0.5, 0.5, 0.5, 0.5, 0.5, 0.5, 0.5, 0.5, 0.5, 0.5, 0.5, 0.5, 0.5, 0.5, 0.5, 0.5, 0.5, 0.5, 0.5, 0.5, 0.5, 0.5, 0.5, 0.5, 0.5, 0.5, 0.5, 0.5, 0.5, 0.5, 0.5, 0.5, 0.5, 0.5, 0.5, 0.5, 0.5, 0.5, 0.5, 0.5, 0.5, 0.5, 0.5, 0.5, 0.5, 0.5, 0.5, 0.5, 0.5, 0.5, 0.5, 0.5, 0.5, 0.5, 0.5, 0.5, 0.5, 0.5, 0.5, 0.5, 0.5, 0.5, 0.5, 0.5, 0.5, 0.5, 0.5, 0.5, 0.5, 0.5, 0.5, 0.5, 0.5, 0.5, 0.5, 0.5, 0.5, 0.5, 0.5, 0.5, 0.5, 0.5, 0.5, 0.5, 0.5, 0.5, 0.5, 0.5, 0.5, 0.5, 0.5, 0.5, 0.5, 0.5, 0.5, 0.5, 0.5, 0.5, 0.5, 0.5, 0.5, 0.5, 0.5, 0.5, 0.5, 0.5, 0.5, 0.5, 0.5, 0.5, 0.5, 0.5, 0.5, 0.5, 0.5, 0.5, 0.5, 0.5, 0.5, 0.5, 0.5, 0.5, 0.5, 0.5, 0.5, 0.5, 0.5, 0.5, 0.5, 0.5, 0.5, 0.5, 0.5, 0.5, 0.5, 0.5, 0.5, 0.5, 0.5, 0.5, 0.5, 0.5, 0.5, 0.5, 0.5, 0.5, 0.5, 0.5, 0.5, 0.5, 0.5, 0.5, 0.5, 0.5, 0.5, 0.5, 0.5, 0.5, 0.5, 0.5, 0.5, 0.5, 0.5, 0.5, 0.5, 0.5, 0.5, 0.5, 0.5, 0.5, 0.5, 0.5, 0.5, 0.5, 0.5, 0.5, 0.5, 0.5, 0.5, 0.5, 0.5, 0.5, 0.5, 0.5, 0.5, 0.5, 0.5, 0.5, 0.5, 0.5, 0.5, 0.5, 0.5, 0.5, 0.5, 0.5, 0.5, 0.5, 0.5, 0.5, 0.5, 0.5, 0.5, 0.5, 0.5, 0.5, 0.5, 0.5, 0.5, 0.5, 0.5, 0.5, 0.5, 0.5, 0.5, 0.5, 0.5, 0.5, 0.5, 0.5, 0.5, 0.5, 0.5, 0.5, 0.5, 0.5, 0.5, 0.5, 0.5, 0.5, 0.5, 0.5, 0.5, 0.5, 0.5, 0.5, 0.5, 0.5, 0.5, 0.5, 0.5, 0.5, 0.5, 0.5, 0.5, 0.5, 0.5]",2
2026_11_KICE_38-42_0,['1(2)'],"1번: 부적절 + ""(나) 학생1: 방송에서 웹툰 영상화 유행 현상의 원인을 다뤘잖아. 원인에 대해서 너희는 어떻게 생각해?""  
2번: 적절 + ""(가) 전문가1: …영상 산업이 급속도로 성장했기 때문이죠. / 전문가2: …영상 제작에서 특수 효과 기술이 발달한 점도…""  
3번: 적절 + ""(가) 진행자: 먼저 이 현상이 왜 나타났다고 보시는지 두 분 말씀 부탁드립니다.""  
4번: 적절 + ""(나) 학생1: 우리 이번 주 ‘시사 더하기’에서 다룬 현상에 대해 비평문을 쓰기로 했잖아.""  
5번: 적절 + ""(나) 학생2: 웹툰 원작 영상은 …다양성을 해치게 될 거야. / 학생3: …경제적 안정을 얻으면 좋은 웹툰을 만드는 데 전념할 수 있게 될 거야.""  
최종 정답: 1번","[16, 167, 110, 230, 25, 31619, 114, 222, 168, 254, 223, 168, 254, 230, 1343, 30629, 167, 224, 246, 8, 220, 47991, 247, 168, 225, 251, 16, 25, 31619, 108, 102, 168, 228, 94, 168, 245, 238, 168, 226, 250, 23821, 249, 117, 169, 230, 108, 23821, 246, 223, 168, 225, 223, 169, 247, 242, 23821, 250, 254, 169, 244, 231, 220, 169, 246, 226, 168, 225, 223, 35975, 246, 23821, 249, 238, 35975, 116, 35975, 226, 31619, 233, 97, 167, 97, 246, 168, 252, 244, 168, 243, 226, 13, 23821, 249, 238, 35975, 116, 168, 245, 238, 31619, 234, 222, 47991, 112, 168, 226, 250, 31619, 226, 230, 169, 251, 105, 167, 232, 242, 23821, 244, 112, 167, 244, 119, 166, 110, 234, 23821, 225, 251, 166, 108, 223, 47991, 112, 1701, 220, 220, 198, 17, 167, 110, 230, 25, 23821, 254, 223, 168, 254, 230, 1343, 30629, 166, 108, 222, 8, 23821, 254, 226, 167, 105, 116, 166, 108, 222, 16, 25, 3926, 168, 246, 223, 168, 225, 223, 23821, 224, 108, 168, 245, 227, 35975, 112, 220, 166, 116, 231, 168, 228, 235, 167, 237, 226, 167, 94, 250, 23821, 226, 109, 168, 252, 98, 169, 244, 230, 166, 116, 108, 31619, 243, 234, 167, 105, 116, 35975, 112, 168, 96, 254, 13, 1220, 23821, 254, 226, 167, 105, 116, 166, 108, 222, 17, 25, 3926, 168, 246, 223, 168, 225, 223, 23821, 254, 250, 168, 252, 239, 168, 245, 238, 168, 226, 250, 220, 169, 232, 117, 168, 230, 246, 220, 169, 248, 101, 166, 111, 120, 220, 166, 116, 108, 168, 230, 254, 35975, 112, 31619, 108, 250, 46695, 105, 47991, 250, 23821, 254, 238, 167, 237, 226, 9962, 220, 220, 198, 18, 167, 110, 230, 25, 23821, 254, 223, 168, 254, 230, 1343, 30629, 166, 108, 222, 8, 23821, 100, 226, 169, 244, 231, 168, 252, 238, 25, 31619, 101, 120, 168, 254, 222, 23821, 251, 112, 220, 169, 246, 226, 168, 225, 223, 35975, 112, 23821, 247, 250, 31619, 224, 246, 169, 225, 222, 167, 8955, 46695, 97, 166, 111, 254, 31619, 111, 112, 168, 233, 250, 167, 232, 242, 168, 100, 222, 31619, 239, 238, 31619, 114, 226, 31619, 100, 238, 168, 242, 222, 31619, 114, 222, 169, 225, 223, 167, 241, 250, 167, 99, 121, 46695, 230, 46695, 97, 526, 220, 220, 198, 19, 167, 110, 230, 25, 23821, 254, 223, 168, 254, 230, 1343, 30629, 167, 224, 246, 8, 220, 47991, 247, 168, 225, 251, 16, 25, 23821, 248, 108, 167, 99, 105, 23821, 251, 112, 167, 110, 230, 23821, 96, 120, 564, 246, 168, 233, 250, 168, 8955, 31619, 235, 242, 47991, 246, 166, 116, 108, 447, 247, 168, 245, 238, 168, 226, 250, 31619, 233, 97, 167, 96, 105, 220, 169, 246, 226, 168, 225, 223, 168, 245, 238, 31619, 234, 222, 47991, 112, 31619, 117, 226, 169, 237, 231, 167, 105, 116, 35975, 226, 23821, 241, 108, 166, 116, 108, 167, 94, 250, 220, 169, 244, 230, 168, 252, 244, 168, 243, 226, 526, 220, 220, 198, 20, 167, 110, 230, 25, 23821, 254, 223, 168, 254, 230, 1343, 30629, 167, 224, 246, 8, 220, 47991, 247, 168, 225, 251, 17, 25, 23821, 249, 117, 169, 230, 108, 23821, 249, 238, 168, 252, 239, 23821, 246, 223, 168, 225, 223, 35975, 222, 3926, 46695, 97, 168, 244, 239, 168, 226, 109, 35975, 226, 220, 47991, 112, 168, 117, 246, 166, 110, 234, 31619, 238, 254, 220, 166, 109, 108, 168, 243, 120, 13, 1220, 220, 47991, 247, 168, 225, 251, 18, 25, 3926, 166, 110, 121, 168, 254, 250, 168, 254, 223, 23821, 243, 230, 168, 254, 243, 35975, 226, 23821, 244, 119, 168, 250, 120, 167, 102, 112, 23821, 95, 233, 35975, 222, 23821, 249, 117, 169, 230, 108, 35975, 226, 31619, 100, 234, 167, 241, 250, 167, 232, 242, 31619, 235, 108, 23821, 254, 226, 167, 227, 238, 47991, 254, 23821, 230, 246, 23821, 252, 230, 166, 110, 234, 31619, 238, 254, 220, 166, 109, 108, 168, 243, 120, 526, 220, 220, 198, 168, 113, 250, 168, 95, 227, 23821, 254, 243, 46695, 113, 25, 352, 167, 110, 230]","[0.5, 0.5, 0.5, 0.5, 0.5, 0.5, 0.5, 0.5, 0.5, 0.5, 0.5, 0.5, 0.5, 0.5, 0.5, 0.5, 0.5, 0.5, 0.5, 0.5, 0.5, 0.5, 0.5, 0.5, 0.5, 0.5, 0.5, 0.5, 0.5, 0.5, 0.5, 0.5, 0.5, 0.5, 0.5, 0.5, 0.5, 0.5, 0.5, 0.5, 0.5, 0.5, 0.5, 0.5, 0.5, 0.5, 0.5, 0.5, 0.5, 0.5, 0.5, 0.5, 0.5, 0.5, 0.5, 0.5, 0.5, 0.5, 0.5, 0.5, 0.5, 0.5, 0.5, 0.5, 0.5, 0.5, 0.5, 0.5, 0.5, 0.5, 0.5, 0.5, 0.5, 0.5, 0.5, 0.5, 0.5, 0.5, 0.5, 0.5, 0.5, 0.5, 0.5, 0.5, 0.5, 0.5, 0.5, 0.5, 0.5, 0.5, 0.5, 0.5, 0.5, 0.5, 0.5, 0.5, 0.5, 0.5, 0.5, 0.5, 0.5, 0.5, 0.5, 0.5, 0.5, 0.5, 0.5, 0.5, 0.5, 0.5, 0.5, 0.5, 0.5, 0.5, 0.5, 0.5, 0.5, 0.5, 0.5, 0.5, 0.5, 0.5, 0.5, 0.5, 0.5, 0.5, 0.5, 0.5, 0.5, 0.5, 0.5, 0.5, 0.5, 0.5, 0.5, 0.5, 0.5, 0.5, 0.5, 0.5, 0.5, 0.5, 0.5, 0.5, 0.5, 0.5, 0.5, 0.5, 0.5, 0.5, 0.5, 0.5, 0.5, 0.5, 0.5, 0.5, 0.5, 0.5, 0.5, 0.5, 0.5, 0.5, 0.5, 0.5, 0.5, 0.5, 0.5, 0.5, 0.5, 0.5, 0.5, 0.5, 0.5, 0.5, 0.5, 0.5, 0.5, 0.5, 0.5, 0.5, 0.5, 0.5, 0.5, 0.5, 0.5, 0.5, 0.5, 0.5, 0.5, 0.5, 0.5, 0.5, 0.5, 0.5, 0.5, 0.5, 0.5, 0.5, 0.5, 0.5, 0.5, 0.5, 0.5, 0.5, 0.5, 0.5, 0.5, 0.5, 0.5, 0.5, 0.5, 0.5, 0.5, 0.5, 0.5, 0.5, 0.5, 0.5, 0.5, 0.5, 0.5, 0.5, 0.5, 0.5, 0.5, 0.5, 0.5, 0.5, 0.5, 0.5, 0.5, 0.5, 0.5, 0.5, 0.5, 0.5, 0.5, 0.5, 0.5, 0.5, 0.5, 0.5, 0.5, 0.5, 0.5, 0.5, 0.5, 0.5, 0.5, 0.5, 0.5, 0.5, 0.5, 0.5, 0.5, 0.5, 0.5, 0.5, 0.5, 0.5, 0.5, 0.5, 0.5, 0.5, 0.5, 0.5, 0.5, 0.5, 0.5, 0.5, 0.5, 0.5, 0.5, 0.5, 0.5, 0.5, 0.5, 0.5, 0.5, 0.5, 0.5, 0.5, 0.5, 0.5, 0.5, 0.5, 0.5, 0.5, 0.5, 0.5, 0.5, 0.5, 0.5, 0.5, 0.5, 0.5, 0.5, 0.5, 0.5, 0.5, 0.5, 0.5, 0.5, 0.5, 0.5, 0.5, 0.5, 0.5, 0.5, 0.5, 0.5, 0.5, 0.5, 0.5, 0.5, 0.5, 0.5, 0.5, 0.5, 0.5, 0.5, 0.5, 0.5, 0.5, 0.5, 0.5, 0.5, 0.5, 0.5, 0.5, 0.5, 0.5, 0.5, 0.5, 0.5, 0.5, 0.5, 0.5, 0.5, 0.5, 0.5, 0.5, 0.5, 0.5, 0.5, 0.5, 0.5, 0.5, 0.5, 0.5, 0.5, 0.5, 0.5, 0.5, 0.5, 0.5, 0.5, 0.5, 0.5, 0.5, 0.5, 0.5, 0.5, 0.5, 0.5, 0.5, 0.5, 0.5, 0.5, 0.5, 0.5, 0.5, 0.5, 0.5, 0.5, 0.5, 0.5, 0.5, 0.5, 0.5, 0.5, 0.5, 0.5, 0.5, 0.5, 0.5, 0.5, 0.5, 0.5, 0.5, 0.5, 0.5, 0.5, 0.5, 0.5, 0.5, 0.5, 0.5, 0.5, 0.5, 0.5, 0.5, 0.5, 0.5, 0.5, 0.5, 0.5, 0.5, 0.5, 0.5, 0.5, 0.5, 0.5, 0.5, 0.5, 0.5, 0.5, 0.5, 0.5, 0.5, 0.5, 0.5, 0.5, 0.5, 0.5, 0.5, 0.5, 0.5, 0.5, 0.5, 0.5, 0.5, 0.5, 0.5, 0.5, 0.5, 0.5, 0.5, 0.5, 0.5, 0.5, 0.5, 0.5, 0.5, 0.5, 0.5, 0.5, 0.5, 0.5, 0.5, 0.5, 0.5, 0.5, 0.5, 0.5, 0.5, 0.5, 0.5, 0.5, 0.5, 0.5, 0.5, 0.5, 0.5, 0.5, 0.5, 0.5, 0.5, 0.5, 0.5, 0.5, 0.5, 0.5, 0.5, 0.5, 0.5, 0.5, 0.5, 0.5, 0.5, 0.5, 0.5, 0.5, 0.5, 0.5, 0.5, 0.5, 0.5, 0.5, 0.5, 0.5, 0.5, 0.5, 0.5, 0.5, 0.5, 0.5, 0.5, 0.5, 0.5, 0.5, 0.5, 0.5, 0.5, 0.5, 0.5, 0.5, 0.5, 0.5, 0.5, 0.5, 0.5, 0.5, 0.5, 0.5, 0.5, 0.5, 0.5, 0.5, 0.5, 0.5, 0.5, 0.5, 0.5, 0.5, 0.5, 0.5, 0.5, 0.5, 0.5, 0.5, 0.5, 0.5, 0.5, 0.5, 0.5, 0.5, 0.5, 0.5, 0.5, 0.5, 0.5, 0.5, 0.5, 0.5, 0.5, 0.5, 0.5, 0.5, 0.5, 0.5, 0.5, 0.5, 0.5, 0.5, 0.5, 0.5, 0.5, 0.5, 0.5, 0.5, 0.5, 0.5, 0.5, 0.5, 0.5, 0.5, 0.5, 0.5, 0.5, 0.5, 0.5, 0.5, 0.5, 0.5, 0.5, 0.5, 0.5, 0.5, 0.5, 0.5, 0.5, 0.5, 0.5, 0.5, 0.5, 0.5, 0.5, 0.5, 0.5, 0.5, 0.5, 0.5, 0.5, 0.5, 0.5, 0.5, 0.5, 0.5, 0.5, 0.5, 0.5, 0.5, 0.5, 0.5, 0.5, 0.5, 0.5, 0.5, 0.5, 0.5, 0.5, 0.5, 0.5, 0.5, 0.5, 0.5, 0.5, 0.5, 0.5, 0.5, 0.5, 0.5, 0.5, 0.5, 0.5, 0.5, 0.5, 0.5, 0.5, 0.5, 0.5, 0.5, 0.5, 0.5, 0.5, 0.5, 0.5, 0.5, 0.5, 0.5, 0.5, 0.5, 0.5, 0.5, 0.5, 0.5, 0.5, 0.5, 0.5, 0.5, 0.5, 0.5, 0.5, 0.5, 0.5, 0.5, 0.5, 0.5, 0.5, 0.5, 0.5, 0.5, 0.5, 0.5, 0.5, 0.5, 0.5, 0.5, 0.5, 0.5, 0.5, 0.5, 0.5, 0.5, 0.5, 0.5, 0.5, 0.5, 0.5, 0.5, 0.5, 0.5, 0.5, 0.5, 0.5, 0.5, 0.5, 0.5, 0.5, 0.5, 0.5, 0.5, 0.5]",2
2026_11_KICE_38-42_1,['2(2)'],"1번: 적절하다. “진행자: ㉠영상 산업의 성장과 기술의 발달이 복합적으로 작용한 결과군요.” (전문가1·전문가2의 발언을 종합함)  
2번: 부적절하다. “학생2: ㉡웹툰 영상화가 이 정도로 유행인 줄 몰랐는데 방송에서까지 다루는 것을 보고 체감이 됐어.” (방송 내용을 보고 느낀 것이지 대화 상대의 발언을 통해 알게 된 것은 아님)  
3번: 적절하다. “학생1: ㉢대부분 이 현상을 긍정적으로 볼 것 같은데, 너희들 생각은 어때?” (자신의 추측을 제시하며 의견을 묻고 있음)  
4번: 적절하다. “학생1: ㉣그렇게 되면 웹툰이나 영상을 즐기는 이들이 신작에 대해 갖는 기대치와 만족도까지 줄어들겠다.” (학생2의 우려를 바탕으로 예상 결과를 언급)  
5번: 적절하다. “학생2: ㉤듣고 보니 경제적 안정 덕분에 좋은 웹툰을 창작하는 데 전념할 수 있게 된다는 네 말이 더 맞는 것 같아.” (학생3의 주장을 재진술하며 동의)

최종 정답: 2번","[16, 167, 110, 230, 25, 23821, 254, 223, 168, 254, 230, 47991, 246, 46695, 97, 13, 564, 250, 168, 100, 226, 169, 244, 231, 168, 252, 238, 25, 220, 159, 231, 254, 168, 246, 223, 168, 225, 223, 23821, 224, 108, 168, 245, 227, 35975, 246, 23821, 226, 109, 168, 252, 98, 166, 111, 120, 220, 166, 116, 108, 168, 230, 254, 35975, 246, 31619, 108, 250, 46695, 105, 35975, 112, 31619, 111, 113, 47991, 102, 168, 254, 223, 168, 250, 120, 167, 94, 250, 23821, 252, 239, 168, 248, 102, 47991, 250, 220, 166, 110, 108, 166, 111, 120, 166, 113, 108, 168, 248, 242, 13, 447, 251, 357, 168, 254, 226, 167, 105, 116, 166, 108, 222, 16, 9129, 168, 254, 226, 167, 105, 116, 166, 108, 222, 17, 35975, 246, 31619, 108, 250, 168, 244, 116, 35975, 226, 23821, 95, 227, 47991, 102, 47991, 101, 8, 220, 220, 198, 17, 167, 110, 230, 25, 31619, 114, 222, 168, 254, 223, 168, 254, 230, 47991, 246, 46695, 97, 13, 564, 250, 47991, 247, 168, 225, 251, 17, 25, 220, 159, 231, 94, 168, 249, 117, 169, 230, 108, 23821, 246, 223, 168, 225, 223, 169, 247, 242, 166, 108, 222, 23821, 251, 112, 23821, 254, 243, 167, 237, 226, 167, 94, 250, 23821, 250, 254, 169, 244, 231, 35975, 116, 23821, 97, 226, 31619, 103, 108, 167, 252, 238, 167, 232, 242, 167, 235, 108, 31619, 108, 102, 168, 228, 94, 168, 245, 238, 168, 226, 250, 166, 117, 234, 168, 100, 222, 31619, 233, 97, 167, 96, 101, 167, 232, 242, 220, 166, 110, 225, 35975, 226, 31619, 111, 112, 166, 111, 254, 23821, 110, 112, 166, 108, 238, 35975, 112, 31619, 238, 238, 168, 244, 112, 13, 447, 251, 357, 167, 108, 102, 168, 228, 94, 31619, 224, 112, 168, 248, 102, 35975, 226, 31619, 111, 112, 166, 111, 254, 31619, 232, 238, 167, 224, 222, 220, 166, 110, 225, 35975, 112, 168, 100, 222, 31619, 234, 222, 169, 247, 242, 23821, 225, 223, 167, 234, 222, 35975, 246, 31619, 108, 250, 168, 244, 116, 35975, 226, 220, 169, 228, 113, 47991, 112, 23821, 243, 234, 166, 110, 234, 31619, 238, 250, 220, 166, 110, 225, 35975, 222, 23821, 243, 226, 46695, 246, 8, 220, 220, 198, 18, 167, 110, 230, 25, 23821, 254, 223, 168, 254, 230, 47991, 246, 46695, 97, 13, 564, 250, 47991, 247, 168, 225, 251, 16, 25, 220, 159, 231, 95, 167, 234, 222, 167, 114, 222, 167, 114, 226, 23821, 251, 112, 220, 169, 246, 226, 168, 225, 223, 35975, 226, 220, 166, 116, 235, 168, 254, 243, 168, 254, 223, 168, 250, 120, 167, 94, 250, 31619, 111, 120, 220, 166, 110, 225, 220, 166, 108, 247, 35975, 222, 167, 235, 108, 11, 31619, 226, 230, 169, 251, 105, 167, 241, 97, 23821, 225, 251, 166, 108, 223, 35975, 222, 23821, 244, 112, 167, 243, 234, 30, 447, 251, 357, 168, 252, 238, 168, 233, 254, 35975, 246, 23821, 114, 242, 168, 116, 94, 35975, 226, 23821, 254, 250, 168, 233, 250, 47991, 246, 167, 102, 108, 23821, 251, 246, 166, 110, 105, 35975, 226, 31619, 105, 119, 166, 111, 254, 23821, 252, 230, 35975, 234, 8, 220, 220, 198, 19, 167, 110, 230, 25, 23821, 254, 223, 168, 254, 230, 47991, 246, 46695, 97, 13, 564, 250, 47991, 247, 168, 225, 251, 16, 25, 220, 159, 231, 96, 166, 115, 116, 167, 254, 229, 166, 110, 234, 31619, 238, 246, 167, 102, 112, 23821, 249, 117, 169, 230, 108, 35975, 112, 167, 224, 246, 23821, 246, 223, 168, 225, 223, 35975, 226, 23821, 99, 238, 166, 116, 108, 167, 232, 242, 23821, 251, 112, 167, 241, 97, 35975, 112, 23821, 233, 254, 168, 252, 239, 168, 245, 238, 31619, 234, 222, 47991, 112, 220, 166, 108, 244, 167, 232, 242, 220, 166, 116, 108, 167, 234, 222, 168, 117, 246, 168, 247, 222, 31619, 100, 234, 168, 94, 109, 167, 237, 226, 166, 117, 234, 168, 100, 222, 23821, 97, 226, 168, 244, 112, 167, 241, 97, 166, 110, 254, 46695, 97, 13, 447, 251, 357, 47991, 247, 168, 225, 251, 17, 35975, 246, 23821, 248, 108, 167, 254, 97, 167, 98, 120, 31619, 108, 242, 169, 225, 243, 168, 250, 120, 167, 94, 250, 23821, 246, 230, 168, 225, 223, 220, 166, 110, 108, 166, 111, 120, 167, 98, 120, 23821, 244, 116, 166, 116, 231, 8, 220, 220, 198, 20, 167, 110, 230, 25, 23821, 254, 223, 168, 254, 230, 47991, 246, 46695, 97, 13, 564, 250, 47991, 247, 168, 225, 251, 17, 25, 220, 159, 231, 97, 167, 241, 96, 166, 111, 254, 31619, 111, 112, 46695, 230, 220, 166, 110, 121, 168, 254, 250, 168, 254, 223, 23821, 243, 230, 168, 254, 243, 31619, 235, 243, 167, 114, 226, 168, 245, 238, 23821, 95, 233, 35975, 222, 23821, 249, 117, 169, 230, 108, 35975, 226, 23821, 108, 121, 168, 252, 239, 47991, 246, 167, 232, 242, 31619, 235, 108, 23821, 254, 226, 167, 227, 238, 47991, 254, 23821, 230, 246, 23821, 252, 230, 166, 110, 234, 31619, 238, 250, 46695, 97, 167, 232, 242, 31619, 226, 97, 31619, 100, 238, 35975, 112, 31619, 235, 242, 31619, 100, 252, 167, 232, 242, 220, 166, 110, 225, 220, 166, 108, 247, 168, 243, 226, 13, 447, 251, 357, 47991, 247, 168, 225, 251, 18, 35975, 246, 23821, 96, 120, 168, 252, 98, 35975, 226, 23821, 252, 105, 168, 100, 226, 168, 230, 254, 47991, 246, 167, 102, 108, 31619, 237, 247, 35975, 246, 8, 198, 198, 168, 113, 250, 168, 95, 227, 23821, 254, 243, 46695, 113, 25, 362, 167, 110, 230]","[0.5, 0.5, 0.5, 0.5, 0.5, 0.5, 0.5, 0.5, 0.5, 0.5, 0.5, 0.5, 0.5, 0.5, 0.5, 0.5, 0.5, 0.5, 0.5, 0.5, 0.5, 0.5, 0.5, 0.5, 0.5, 0.5, 0.5, 0.5, 0.5, 0.5, 0.5, 0.5, 0.5, 0.5, 0.5, 0.5, 0.5, 0.5, 0.5, 0.5, 0.5, 0.5, 0.5, 0.5, 0.5, 0.5, 0.5, 0.5, 0.5, 0.5, 0.5, 0.5, 0.5, 0.5, 0.5, 0.5, 0.5, 0.5, 0.5, 0.5, 0.5, 0.5, 0.5, 0.5, 0.5, 0.5, 0.5, 0.5, 0.5, 0.5, 0.5, 0.5, 0.5, 0.5, 0.5, 0.5, 0.5, 0.5, 0.5, 0.5, 0.5, 0.5, 0.5, 0.5, 0.5, 0.5, 0.5, 0.5, 0.5, 0.5, 0.5, 0.5, 0.5, 0.5, 0.5, 0.5, 0.5, 0.5, 0.5, 0.5, 0.5, 0.5, 0.5, 0.5, 0.5, 0.5, 0.5, 0.5, 0.5, 0.5, 0.5, 0.5, 0.5, 0.5, 0.5, 0.5, 0.5, 0.5, 0.5, 0.5, 0.5, 0.5, 0.5, 0.5, 0.5, 0.5, 0.5, 0.5, 0.5, 0.5, 0.5, 0.5, 0.5, 0.5, 0.5, 0.5, 0.5, 0.5, 0.5, 0.5, 0.5, 0.5, 0.5, 0.5, 0.5, 0.5, 0.5, 0.5, 0.5, 0.5, 0.5, 0.5, 0.5, 0.5, 0.5, 0.5, 0.5, 0.5, 0.5, 0.5, 0.5, 0.5, 0.5, 0.5, 0.5, 0.5, 0.5, 0.5, 0.5, 0.5, 0.5, 0.5, 0.5, 0.5, 0.5, 0.5, 0.5, 0.5, 0.5, 0.5, 0.5, 0.5, 0.5, 0.5, 0.5, 0.5, 0.5, 0.5, 0.5, 0.5, 0.5, 0.5, 0.5, 0.5, 0.5, 0.5, 0.5, 0.5, 0.5, 0.5, 0.5, 0.5, 0.5, 0.5, 0.5, 0.5, 0.5, 0.5, 0.5, 0.5, 0.5, 0.5, 0.5, 0.5, 0.5, 0.5, 0.5, 0.5, 0.5, 0.5, 0.5, 0.5, 0.5, 0.5, 0.5, 0.5, 0.5, 0.5, 0.5, 0.5, 0.5, 0.5, 0.5, 0.5, 0.5, 0.5, 0.5, 0.5, 0.5, 0.5, 0.5, 0.5, 0.5, 0.5, 0.5, 0.5, 0.5, 0.5, 0.5, 0.5, 0.5, 0.5, 0.5, 0.5, 0.5, 0.5, 0.5, 0.5, 0.5, 0.5, 0.5, 0.5, 0.5, 0.5, 0.5, 0.5, 0.5, 0.5, 0.5, 0.5, 0.5, 0.5, 0.5, 0.5, 0.5, 0.5, 0.5, 0.5, 0.5, 0.5, 0.5, 0.5, 0.5, 0.5, 0.5, 0.5, 0.5, 0.5, 0.5, 0.5, 0.5, 0.5, 0.5, 0.5, 0.5, 0.5, 0.5, 0.5, 0.5, 0.5, 0.5, 0.5, 0.5, 0.5, 0.5, 0.5, 0.5, 0.5, 0.5, 0.5, 0.5, 0.5, 0.5, 0.5, 0.5, 0.5, 0.5, 0.5, 0.5, 0.5, 0.5, 0.5, 0.5, 0.5, 0.5, 0.5, 0.5, 0.5, 0.5, 0.5, 0.5, 0.5, 0.5, 0.5, 0.5, 0.5, 0.5, 0.5, 0.5, 0.5, 0.5, 0.5, 0.5, 0.5, 0.5, 0.5, 0.5, 0.5, 0.5, 0.5, 0.5, 0.5, 0.5, 0.5, 0.5, 0.5, 0.5, 0.5, 0.5, 0.5, 0.5, 0.5, 0.5, 0.5, 0.5, 0.5, 0.5, 0.5, 0.5, 0.5, 0.5, 0.5, 0.5, 0.5, 0.5, 0.5, 0.5, 0.5, 0.5, 0.5, 0.5, 0.5, 0.5, 0.5, 0.5, 0.5, 0.5, 0.5, 0.5, 0.5, 0.5, 0.5, 0.5, 0.5, 0.5, 0.5, 0.5, 0.5, 0.5, 0.5, 0.5, 0.5, 0.5, 0.5, 0.5, 0.5, 0.5, 0.5, 0.5, 0.5, 0.5, 0.5, 0.5, 0.5, 0.5, 0.5, 0.5, 0.5, 0.5, 0.5, 0.5, 0.5, 0.5, 0.5, 0.5, 0.5, 0.5, 0.5, 0.5, 0.5, 0.5, 0.5, 0.5, 0.5, 0.5, 0.5, 0.5, 0.5, 0.5, 0.5, 0.5, 0.5, 0.5, 0.5, 0.5, 0.5, 0.5, 0.5, 0.5, 0.5, 0.5, 0.5, 0.5, 0.5, 0.5, 0.5, 0.5, 0.5, 0.5, 0.5, 0.5, 0.5, 0.5, 0.5, 0.5, 0.5, 0.5, 0.5, 0.5, 0.5, 0.5, 0.5, 0.5, 0.5, 0.5, 0.5, 0.5, 0.5, 0.5, 0.5, 0.5, 0.5, 0.5, 0.5, 0.5, 0.5, 0.5, 0.5, 0.5, 0.5, 0.5, 0.5, 0.5, 0.5, 0.5, 0.5, 0.5, 0.5, 0.5, 0.5, 0.5, 0.5, 0.5, 0.5, 0.5, 0.5, 0.5, 0.5, 0.5, 0.5, 0.5, 0.5, 0.5, 0.5, 0.5, 0.5, 0.5, 0.5, 0.5, 0.5, 0.5, 0.5, 0.5, 0.5, 0.5, 0.5, 0.5, 0.5, 0.5, 0.5, 0.5, 0.5, 0.5, 0.5, 0.5, 0.5, 0.5, 0.5, 0.5, 0.5, 0.5, 0.5, 0.5, 0.5, 0.5, 0.5, 0.5, 0.5, 0.5, 0.5, 0.5, 0.5, 0.5, 0.5, 0.5, 0.5, 0.5, 0.5, 0.5, 0.5, 0.5, 0.5, 0.5, 0.5, 0.5, 0.5, 0.5, 0.5, 0.5, 0.5, 0.5, 0.5, 0.5, 0.5, 0.5, 0.5, 0.5, 0.5, 0.5, 0.5, 0.5, 0.5, 0.5, 0.5, 0.5, 0.5, 0.5, 0.5, 0.5, 0.5, 0.5, 0.5, 0.5, 0.5, 0.5, 0.5, 0.5, 0.5, 0.5, 0.5, 0.5, 0.5, 0.5, 0.5, 0.5, 0.5, 0.5, 0.5, 0.5, 0.5, 0.5, 0.5, 0.5, 0.5, 0.5, 0.5, 0.5, 0.5, 0.5, 0.5, 0.5, 0.5, 0.5, 0.5, 0.5, 0.5, 0.5, 0.5, 0.5, 0.5, 0.5, 0.5, 0.5, 0.5, 0.5, 0.5, 0.5, 0.5, 0.5, 0.5, 0.5, 0.5, 0.5, 0.5, 0.5, 0.5, 0.5, 0.5, 0.5, 0.5, 0.5, 0.5, 0.5, 0.5, 0.5, 0.5, 0.5, 0.5, 0.5, 0.5, 0.5, 0.5, 0.5, 0.5, 0.5, 0.5, 0.5, 0.5, 0.5, 0.5, 0.5, 0.5, 0.5, 0.5, 0.5, 0.5, 0.5, 0.5, 0.5, 0.5, 0.5, 0.5, 0.5, 0.5, 0.5, 0.5, 0.5, 0.5, 0.5, 0.5, 0.5, 0.5, 0.5, 0.5, 0.5, 0.5, 0.5, 0.5, 0.5, 0.5, 0.5, 0.5, 0.5, 0.5, 0.5, 0.5, 0.5, 0.5, 0.5, 0.5, 0.5, 0.5, 0.5, 0.5, 0.5, 0.5, 0.5, 0.5, 0.5, 0.5, 0.5, 0.5, 0.5, 0.5, 0.5, 0.5, 0.5, 0.5, 0.5, 0.5, 0.5, 0.5, 0.5, 0.5, 0.5, 0.5, 0.5, 0.5, 0.5, 0.5, 0.5, 0.5, 0.5, 0.5, 0.5, 0.5, 0.5, 0.5, 0.5, 0.5, 0.5, 0.5, 0.5, 0.5, 0.5, 0.5, 0.5, 0.5, 0.5, 0.5, 0.5, 0.5, 0.5, 0.5, 0.5, 0.5, 0.5, 0.5, 0.5, 0.5, 0.5, 0.5, 0.5, 0.5, 0.5, 0.5, 0.5, 0.5, 0.5, 0.5, 0.5, 0.5, 0.5, 0.5, 0.5, 0.5, 0.5, 0.5, 0.5, 0.5, 0.5, 0.5, 0.5, 0.5, 0.5, 0.5, 0.5, 0.5, 0.5, 0.5, 0.5, 0.5, 0.5, 0.5, 0.5, 0.5, 0.5, 0.5, 0.5, 0.5, 0.5, 0.5, 0.5, 0.5, 0.5, 0.5, 0.5, 0.5, 0.5, 0.5, 0.5, 0.5, 0.5, 0.5, 0.5, 0.5, 0.5, 0.5, 0.5, 0.5, 0.5, 0.5, 0.5, 0.5, 0.5, 0.5, 0.5, 0.5, 0.5, 0.5, 0.5, 0.5, 0.5, 0.5, 0.5, 0.5, 0.5, 0.5, 0.5, 0.5, 0.5, 0.5, 0.5, 0.5, 0.5, 0.5, 0.5, 0.5, 0.5, 0.5, 0.5, 0.5, 0.5, 0.5, 0.5, 0.5, 0.5, 0.5, 0.5, 0.5, 0.5, 0.5, 0.5, 0.5, 0.5, 0.5, 0.5, 0.5, 0.5, 0.5, 0.5, 0.5, 0.5, 0.5, 0.5, 0.5, 0.5, 0.5, 0.5, 0.5, 0.5, 0.5, 0.5, 0.5, 0.5, 0.5, 0.5, 0.5, 0.5, 0.5, 0.5, 0.5, 0.5, 0.5, 0.5, 0.5, 0.5, 0.5, 0.5, 0.5, 0.5, 0.5, 0.5, 0.5, 0.5, 0.5, 0.5, 0.5, 0.5, 0.5, 0.5, 0.5, 0.5, 0.5, 0.5, 0.5, 0.5, 0.5, 0.5, 0.5, 0.5, 0.5, 0.5, 0.5, 0.5, 0.5, 0.5, 0.5, 0.5, 0.5, 0.5, 0.5, 0.5, 0.5, 0.5, 0.5]",2
2026_11_KICE_38-42_2,['5(3)'],"1번: 부적절. ‘진행자’는 “○○○이 세계적으로 인기인데요”라고 사례를 제시했고, ‘학생3’도 “○○○이 세계적으로 인기라고 방송에서 그랬잖아”라고 언급했지만, (다)에서는 이 사례를 단순 서술로 제시해 맥락을 보여줄 뿐, 필자의 주장을 뒷받침하는 논거로 사용되지 않았다.  
   지문 속 근거:  
   (나) 학생3: “○○○이 세계적으로 인기라고 방송에서 그랬잖아.”  
   (다) “이들 중에는 전 세계 시청 순위 1위를 한 작품이 있을 정도로...”  

2번: 부적절. ‘전문가1’의 OTT 활성화에 따른 영상 산업 성장 원인을 ‘학생2’가 언급했지만, ‘학생2’는 추가로 웹툰 플랫폼의 해외 진출을 강조했고, (다)에서는 해외 진출을 원인 분석에 포함하지 않는다.  
   지문 속 근거:  
   (가) 전문가1: “OTT의 활성화로 영상 산업이 급속도로 성장했기 때문이죠.”  
   (나) 학생2: “방송에서 영상 산업의 성장을 언급했는데, 웹툰 플랫폼들의 해외 진출이…더 영향을 미친 것 같아.”  
   (다) “OTT 플랫폼이 활성화됨에 따라 영상 제작자들이…” (해외 진출 언급 없음)

3번: 부적절. ‘전문가1’의 “흥행 실패 위험 부담을 덜 수 있다”는 발언은 ‘학생2’가 언급하지 않는다. 따라서 (다)에서도 이 주장은 상반된 관점으로 제시되지 않는다.  
   지문 속 근거:  
   (가) 전문가1: “이미 인기를 끈 웹툰을 영상으로 제작함으로써 흥행 실패로 인해 손실을 입을 위험 부담을 덜 수 있습니다.”  
   (나) 학생2: 해당 내용 언급 없음.  

4번: 부적절. ‘전문가2’의 기술 발달 언급을 ‘학생3’이 수용했으나, (다)에서는 이를 필자의 관점 한계로 제시하지 않고 오히려 원인 분석의 일환으로 통합한다.  
   지문 속 근거:  
   (가) 전문가2: “특수 효과 기술이 발달한 점도…영상화되는 데 일조했죠.”  
   (나) 학생3: “특수 효과 기술의 발달도 전문가가 말했는데, 나도 기술 발달이 더 주요한 원인인 것 같아.”  
   (다) “특수 효과 기술의 발달로…웹툰의 다양한 소재들이 영상으로 구현될 수 있는 환경이 마련되었고…”

5번: 적절. ‘전문가2’의 “이미 만들어진 작품 저작권 판매로 수익 창출 기회”라는 발언을 ‘학생3’이 인용하고, (다)에서는 이를 부정적 시각(콘텐츠 다양성 저해)을 반박하는 논거로 제시한다.  
   지문 속 근거:  
   (가) 전문가2: “이미 만들어진 작품의 저작권을 판매할 수 있어 수익 창출의 기회가 늘어났습니다.”  
   (나) 학생3: “웹툰 영상화는…추가 수익을 낼 수 있는 기회라고 전문가가 그랬잖아. 웹툰 창작자가 추가 수익으로 경제적 안정을 얻으면…”  
   (다) “더불어, 웹툰 창작의 측면에서는 창작자가 경제적 안정을 얻게 되어 작품성을 높이기 위한 노력과 도전적인 시도를 하게 된다.”

최종 정답: 5번","[16, 167, 110, 230, 25, 31619, 114, 222, 168, 254, 223, 168, 254, 230, 13, 564, 246, 168, 100, 226, 169, 244, 231, 168, 252, 238, 447, 247, 167, 232, 242, 564, 250, 15926, 233, 15926, 233, 15926, 233, 35975, 112, 23821, 226, 116, 166, 111, 226, 168, 254, 223, 168, 250, 120, 167, 94, 250, 23821, 251, 116, 166, 116, 108, 35975, 116, 167, 235, 108, 168, 248, 242, 447, 251, 167, 251, 120, 166, 111, 254, 23821, 8955, 167, 94, 222, 167, 98, 120, 23821, 254, 250, 168, 233, 250, 169, 244, 230, 166, 111, 254, 11, 564, 246, 47991, 247, 168, 225, 251, 18, 447, 247, 167, 237, 226, 564, 250, 15926, 233, 15926, 233, 15926, 233, 35975, 112, 23821, 226, 116, 166, 111, 226, 168, 254, 223, 168, 250, 120, 167, 94, 250, 23821, 251, 116, 166, 116, 108, 167, 251, 120, 166, 111, 254, 31619, 108, 102, 168, 228, 94, 168, 245, 238, 168, 226, 250, 220, 166, 115, 116, 167, 252, 105, 168, 252, 244, 168, 243, 226, 447, 251, 167, 251, 120, 166, 111, 254, 23821, 244, 116, 166, 116, 231, 169, 244, 230, 168, 100, 222, 167, 100, 234, 11, 357, 46695, 97, 8, 168, 245, 238, 168, 226, 250, 167, 232, 242, 23821, 251, 112, 23821, 8955, 167, 94, 222, 167, 98, 120, 31619, 233, 101, 168, 230, 250, 23821, 226, 250, 168, 230, 254, 167, 94, 250, 23821, 254, 250, 168, 233, 250, 47991, 112, 31619, 100, 98, 167, 251, 121, 35975, 226, 31619, 111, 112, 168, 245, 105, 168, 97, 226, 31619, 123, 238, 11, 220, 47991, 226, 168, 252, 238, 35975, 246, 23821, 96, 120, 168, 252, 98, 35975, 226, 31619, 240, 115, 167, 108, 249, 168, 117, 101, 47991, 246, 167, 232, 242, 31619, 227, 120, 166, 109, 108, 167, 94, 250, 23821, 8955, 168, 248, 102, 167, 238, 246, 168, 100, 222, 23821, 243, 232, 168, 243, 246, 46695, 97, 13, 220, 220, 198, 220, 220, 23821, 100, 222, 167, 105, 116, 23821, 228, 235, 220, 166, 115, 120, 166, 109, 108, 25, 220, 220, 198, 220, 220, 357, 167, 224, 246, 8, 220, 47991, 247, 168, 225, 251, 18, 25, 564, 250, 15926, 233, 15926, 233, 15926, 233, 35975, 112, 23821, 226, 116, 166, 111, 226, 168, 254, 223, 168, 250, 120, 167, 94, 250, 23821, 251, 116, 166, 116, 108, 167, 251, 120, 166, 111, 254, 31619, 108, 102, 168, 228, 94, 168, 245, 238, 168, 226, 250, 220, 166, 115, 116, 167, 252, 105, 168, 252, 244, 168, 243, 226, 13, 447, 251, 220, 220, 198, 220, 220, 357, 46695, 97, 8, 564, 250, 35975, 112, 167, 241, 97, 23821, 97, 239, 168, 245, 238, 167, 232, 242, 23821, 254, 226, 23821, 226, 116, 166, 111, 226, 23821, 233, 250, 168, 110, 255, 23821, 230, 250, 168, 250, 226, 352, 168, 250, 226, 167, 98, 120, 220, 47991, 250, 23821, 252, 239, 169, 240, 230, 35975, 112, 23821, 252, 230, 35975, 226, 23821, 254, 243, 167, 237, 226, 167, 94, 250, 986, 447, 251, 220, 220, 198, 198, 17, 167, 110, 230, 25, 31619, 114, 222, 168, 254, 223, 168, 254, 230, 13, 564, 246, 168, 254, 226, 167, 105, 116, 166, 108, 222, 16, 447, 247, 35975, 246, 440, 15751, 220, 169, 247, 250, 168, 226, 109, 169, 247, 242, 168, 245, 238, 31619, 242, 108, 167, 98, 116, 23821, 246, 223, 168, 225, 223, 23821, 224, 108, 168, 245, 227, 23821, 226, 109, 168, 252, 98, 23821, 249, 238, 35975, 116, 35975, 226, 564, 246, 47991, 247, 168, 225, 251, 17, 447, 247, 166, 108, 222, 23821, 244, 116, 166, 116, 231, 169, 244, 230, 168, 100, 222, 167, 100, 234, 11, 564, 246, 47991, 247, 168, 225, 251, 17, 447, 247, 167, 232, 242, 23821, 114, 242, 166, 108, 222, 167, 94, 250, 23821, 249, 117, 169, 230, 108, 220, 169, 242, 234, 167, 252, 104, 169, 237, 120, 35975, 246, 220, 47991, 112, 168, 247, 116, 23821, 100, 226, 168, 114, 250, 35975, 226, 220, 166, 108, 243, 168, 94, 108, 169, 244, 230, 166, 111, 254, 11, 357, 46695, 97, 8, 168, 245, 238, 168, 226, 250, 167, 232, 242, 220, 47991, 112, 168, 247, 116, 23821, 100, 226, 168, 114, 250, 35975, 226, 23821, 249, 238, 35975, 116, 31619, 114, 226, 168, 226, 251, 168, 245, 238, 220, 169, 237, 105, 47991, 101, 47991, 246, 168, 100, 222, 23821, 243, 232, 167, 232, 242, 46695, 97, 13, 220, 220, 198, 220, 220, 23821, 100, 222, 167, 105, 116, 23821, 228, 235, 220, 166, 115, 120, 166, 109, 108, 25, 220, 220, 198, 220, 220, 357, 166, 108, 222, 8, 23821, 254, 226, 167, 105, 116, 166, 108, 222, 16, 25, 564, 250, 29089, 35975, 246, 220, 169, 247, 250, 168, 226, 109, 169, 247, 242, 167, 94, 250, 23821, 246, 223, 168, 225, 223, 23821, 224, 108, 168, 245, 227, 35975, 112, 220, 166, 116, 231, 168, 228, 235, 167, 237, 226, 167, 94, 250, 23821, 226, 109, 168, 252, 98, 169, 244, 230, 166, 116, 108, 31619, 243, 234, 167, 105, 116, 35975, 112, 168, 96, 254, 13, 447, 251, 220, 220, 198, 220, 220, 357, 167, 224, 246, 8, 220, 47991, 247, 168, 225, 251, 17, 25, 564, 250, 167, 108, 102, 168, 228, 94, 168, 245, 238, 168, 226, 250, 23821, 246, 223, 168, 225, 223, 23821, 224, 108, 168, 245, 227, 35975, 246, 23821, 226, 109, 168, 252, 98, 35975, 226, 23821, 244, 116, 166, 116, 231, 169, 244, 230, 167, 232, 242, 167, 235, 108, 11, 23821, 249, 117, 169, 230, 108, 220, 169, 242, 234, 167, 252, 104, 169, 237, 120, 167, 241, 97, 35975, 246, 220, 47991, 112, 168, 247, 116, 23821, 100, 226, 168, 114, 250, 35975, 112, 1399, 167, 235, 242, 23821, 246, 223, 169, 244, 98, 35975, 226, 31619, 107, 116, 168, 117, 250, 220, 166, 110, 225, 220, 166, 108, 247, 168, 243, 226, 13, 447, 251, 220, 220, 198, 220, 220, 357, 46695, 97, 8, 564, 250, 29089, 220, 169, 242, 234, 167, 252, 104, 169, 237, 120, 35975, 112, 220, 169, 247, 250, 168, 226, 109, 169, 247, 242, 167, 238, 101, 168, 245, 238, 31619, 242, 108, 167, 251, 120, 23821, 246, 223, 168, 225, 223, 23821, 254, 250, 168, 252, 239, 168, 252, 238, 167, 241, 97, 35975, 112, 1399, 447, 251, 357, 47991, 112, 168, 247, 116, 23821, 100, 226, 168, 114, 250, 23821, 244, 116, 166, 116, 231, 23821, 245, 228, 35975, 234, 8, 198, 198, 18, 167, 110, 230, 25, 31619, 114, 222, 168, 254, 223, 168, 254, 230, 13, 564, 246, 168, 254, 226, 167, 105, 116, 166, 108, 222, 16, 447, 247, 35975, 246, 564, 250, 169, 251, 98, 169, 244, 231, 23821, 233, 97, 169, 234, 101, 23821, 250, 226, 169, 245, 246, 31619, 114, 222, 46695, 112, 35975, 226, 31619, 235, 250, 23821, 230, 246, 23821, 252, 230, 46695, 97, 447, 251, 167, 232, 242, 31619, 108, 250, 168, 244, 116, 35975, 222, 564, 246, 47991, 247, 168, 225, 251, 17, 447, 247, 166, 108, 222, 23821, 244, 116, 166, 116, 231, 47991, 246, 168, 100, 222, 23821, 243, 232, 167, 232, 242, 46695, 97, 13, 31619, 242, 108, 167, 251, 120, 168, 226, 250, 357, 46695, 97, 8, 168, 245, 238, 168, 226, 250, 167, 237, 226, 23821, 251, 112, 23821, 96, 120, 168, 252, 98, 35975, 222, 23821, 225, 223, 167, 108, 246, 167, 238, 250, 220, 166, 112, 222, 168, 254, 238, 168, 250, 120, 167, 94, 250, 23821, 254, 250, 168, 233, 250, 167, 238, 246, 168, 100, 222, 23821, 243, 232, 167, 232, 242, 46695, 97, 13, 220, 220, 198, 220, 220, 23821, 100, 222, 167, 105, 116, 23821, 228, 235, 220, 166, 115, 120, 166, 109, 108, 25, 220, 220, 198, 220, 220, 357, 166, 108, 222, 8, 23821, 254, 226, 167, 105, 116, 166, 108, 222, 16, 25, 564, 250, 35975, 112, 167, 107, 116, 23821, 251, 116, 166, 116, 108, 167, 98, 120, 31619, 223, 230, 23821, 249, 117, 169, 230, 108, 35975, 226, 23821, 246, 223, 168, 225, 223, 168, 250, 120, 167, 94, 250, 23821, 254, 250, 168, 252, 239, 47991, 101, 168, 250, 120, 167, 94, 250, 168, 235, 101, 220, 169, 251, 98, 169, 244, 231, 23821, 233, 97, 169, 234, 101, 167, 94, 250, 23821, 251, 116, 47991, 112, 23821, 228, 238, 168, 233, 97, 35975, 226, 23821, 252, 227, 35975, 226, 23821, 250, 226, 169, 245, 246, 31619, 114, 222, 46695, 112, 35975, 226, 31619, 235, 250, 23821, 230, 246, 23821, 252, 230, 168, 232, 113, 46695, 230, 46695, 97, 13, 447, 251, 220, 220, 198, 220, 220, 357, 167, 224, 246, 8, 220, 47991, 247, 168, 225, 251, 17, 25, 220, 47991, 112, 46695, 117, 31619, 224, 112, 168, 248, 102, 23821, 244, 116, 166, 116, 231, 23821, 245, 228, 35975, 234, 13, 220, 220, 198, 198, 19, 167, 110, 230, 25, 31619, 114, 222, 168, 254, 223, 168, 254, 230, 13, 564, 246, 168, 254, 226, 167, 105, 116, 166, 108, 222, 17, 447, 247, 35975, 246, 220, 166, 116, 108, 168, 230, 254, 31619, 108, 250, 46695, 105, 23821, 244, 116, 166, 116, 231, 35975, 226, 564, 246, 47991, 247, 168, 225, 251, 18, 447, 247, 35975, 112, 23821, 230, 246, 168, 248, 102, 169, 244, 230, 168, 250, 120, 167, 224, 246, 11, 357, 46695, 97, 8, 168, 245, 238, 168, 226, 250, 167, 232, 242, 23821, 251, 112, 167, 98, 120, 220, 47991, 226, 168, 252, 238, 35975, 246, 220, 166, 112, 222, 168, 254, 238, 220, 47991, 250, 166, 111, 226, 167, 94, 250, 23821, 254, 250, 168, 233, 250, 47991, 246, 168, 100, 222, 23821, 243, 232, 166, 111, 254, 23821, 246, 97, 169, 252, 230, 167, 254, 97, 23821, 249, 238, 35975, 116, 31619, 114, 226, 168, 226, 251, 35975, 246, 23821, 251, 120, 169, 247, 246, 168, 250, 120, 167, 94, 250, 220, 169, 228, 113, 47991, 102, 47991, 250, 46695, 97, 13, 220, 220, 198, 220, 220, 23821, 100, 222, 167, 105, 116, 23821, 228, 235, 220, 166, 115, 120, 166, 109, 108, 25, 220, 220, 198, 220, 220, 357, 166, 108, 222, 8, 23821, 254, 226, 167, 105, 116, 166, 108, 222, 17, 25, 564, 250, 169, 232, 117, 168, 230, 246, 220, 169, 248, 101, 166, 111, 120, 220, 166, 116, 108, 168, 230, 254, 35975, 112, 31619, 108, 250, 46695, 105, 47991, 250, 23821, 254, 238, 167, 237, 226, 1399, 168, 246, 223, 168, 225, 223, 169, 247, 242, 167, 238, 246, 167, 232, 242, 31619, 235, 108, 23821, 251, 120, 168, 94, 108, 169, 244, 230, 168, 96, 254, 13, 447, 251, 220, 220, 198, 220, 220, 357, 167, 224, 246, 8, 220, 47991, 247, 168, 225, 251, 18, 25, 564, 250, 169, 232, 117, 168, 230, 246, 220, 169, 248, 101, 166, 111, 120, 220, 166, 116, 108, 168, 230, 254, 35975, 246, 31619, 108, 250, 46695, 105, 167, 237, 226, 23821, 254, 226, 167, 105, 116, 166, 108, 222, 166, 108, 222, 31619, 100, 238, 169, 244, 230, 167, 232, 242, 167, 235, 108, 11, 31619, 224, 246, 167, 237, 226, 220, 166, 116, 108, 168, 230, 254, 31619, 108, 250, 46695, 105, 35975, 112, 31619, 235, 242, 23821, 96, 120, 168, 248, 242, 47991, 250, 23821, 249, 238, 35975, 116, 35975, 116, 220, 166, 110, 225, 220, 166, 108, 247, 168, 243, 226, 13, 447, 251, 220, 220, 198, 220, 220, 357, 46695, 97, 8, 564, 250, 169, 232, 117, 168, 230, 246, 220, 169, 248, 101, 166, 111, 120, 220, 166, 116, 108, 168, 230, 254, 35975, 246, 31619, 108, 250, 46695, 105, 167, 94, 250, 1399, 168, 249, 117, 169, 230, 108, 35975, 246, 31619, 233, 97, 168, 244, 239, 47991, 250, 23821, 228, 234, 168, 252, 105, 167, 241, 97, 35975, 112, 23821, 246, 223, 168, 225, 223, 168, 250, 120, 167, 94, 250, 220, 166, 113, 105, 169, 246, 226, 167, 238, 254, 23821, 230, 246, 23821, 252, 230, 167, 232, 242, 220, 169, 247, 246, 166, 110, 121, 35975, 112, 31619, 100, 230, 167, 254, 101, 167, 238, 246, 168, 245, 230, 166, 111, 254, 1399, 447, 251, 198, 198, 20, 167, 110, 230, 25, 23821, 254, 223, 168, 254, 230, 13, 564, 246, 168, 254, 226, 167, 105, 116, 166, 108, 222, 17, 447, 247, 35975, 246, 564, 250, 35975, 112, 167, 107, 116, 31619, 100, 234, 167, 241, 97, 168, 244, 112, 168, 100, 226, 23821, 252, 239, 169, 240, 230, 23821, 254, 222, 168, 252, 239, 166, 114, 234, 220, 169, 234, 238, 167, 100, 97, 167, 94, 250, 23821, 230, 246, 35975, 113, 23821, 108, 121, 168, 114, 250, 220, 166, 116, 108, 169, 248, 234, 447, 251, 167, 251, 120, 167, 232, 242, 31619, 108, 250, 168, 244, 116, 35975, 226, 564, 246, 47991, 247, 168, 225, 251, 18, 447, 247, 35975, 112, 23821, 251, 116, 168, 248, 102, 47991, 246, 166, 111, 254, 11, 357, 46695, 97, 8, 168, 245, 238, 168, 226, 250, 167, 232, 242, 23821, 251, 112, 167, 98, 120, 31619, 114, 222, 168, 254, 243, 168, 254, 223, 23821, 233, 250, 166, 108, 223, 7, 168, 121, 246, 169, 227, 238, 168, 116, 254, 31619, 233, 97, 168, 244, 239, 168, 226, 109, 23821, 254, 222, 47991, 112, 8, 35975, 226, 31619, 108, 246, 167, 108, 243, 47991, 246, 167, 232, 242, 31619, 227, 120, 166, 109, 108, 167, 94, 250, 23821, 254, 250, 168, 233, 250, 47991, 250, 46695, 97, 13, 220, 220, 198, 220, 220, 23821, 100, 222, 167, 105, 116, 23821, 228, 235, 220, 166, 115, 120, 166, 109, 108, 25, 220, 220, 198, 220, 220, 357, 166, 108, 222, 8, 23821, 254, 226, 167, 105, 116, 166, 108, 222, 17, 25, 564, 250, 35975, 112, 167, 107, 116, 31619, 100, 234, 167, 241, 97, 168, 244, 112, 168, 100, 226, 23821, 252, 239, 169, 240, 230, 35975, 246, 23821, 254, 222, 168, 252, 239, 166, 114, 234, 35975, 226, 220, 169, 234, 238, 167, 100, 97, 47991, 254, 23821, 230, 246, 23821, 252, 230, 168, 244, 112, 23821, 230, 246, 35975, 113, 23821, 108, 121, 168, 114, 250, 35975, 246, 220, 166, 116, 108, 169, 248, 234, 166, 108, 222, 31619, 232, 246, 168, 244, 112, 167, 8955, 168, 232, 113, 46695, 230, 46695, 97, 13, 447, 251, 220, 220, 198, 220, 220, 357, 167, 224, 246, 8, 220, 47991, 247, 168, 225, 251, 18, 25, 564, 250, 168, 249, 117, 169, 230, 108, 23821, 246, 223, 168, 225, 223, 169, 247, 242, 167, 232, 242, 1399, 168, 114, 242, 166, 108, 222, 23821, 230, 246, 35975, 113, 35975, 226, 31619, 224, 120, 23821, 230, 246, 23821, 252, 230, 167, 232, 242, 220, 166, 116, 108, 169, 248, 234, 167, 251, 120, 166, 111, 254, 23821, 254, 226, 167, 105, 116, 166, 108, 222, 166, 108, 222, 220, 166, 115, 116, 167, 252, 105, 168, 252, 244, 168, 243, 226, 13, 23821, 249, 117, 169, 230, 108, 23821, 108, 121, 168, 252, 239, 168, 252, 238, 166, 108, 222, 23821, 114, 242, 166, 108, 222, 23821, 230, 246, 35975, 113, 168, 250, 120, 167, 94, 250, 220, 166, 110, 121, 168, 254, 250, 168, 254, 223, 23821, 243, 230, 168, 254, 243, 35975, 226, 23821, 244, 119, 168, 250, 120, 167, 102, 112, 1399, 447, 251, 220, 220, 198, 220, 220, 357, 46695, 97, 8, 564, 250, 167, 235, 242, 167, 114, 230, 168, 244, 112, 11, 23821, 249, 117, 169, 230, 108, 23821, 108, 121, 168, 252, 239, 35975, 246, 23821, 116, 94, 167, 102, 112, 168, 245, 238, 168, 226, 250, 167, 232, 242, 23821, 108, 121, 168, 252, 239, 168, 252, 238, 166, 108, 222, 220, 166, 110, 121, 168, 254, 250, 168, 254, 223, 23821, 243, 230, 168, 254, 243, 35975, 226, 23821, 244, 119, 166, 110, 234, 31619, 238, 246, 168, 244, 112, 23821, 252, 239, 169, 240, 230, 168, 226, 109, 35975, 226, 31619, 10253, 35975, 112, 166, 116, 108, 23821, 250, 226, 47991, 250, 31619, 227, 116, 167, 254, 98, 166, 111, 120, 31619, 237, 226, 168, 254, 226, 168, 254, 223, 35975, 116, 23821, 233, 250, 167, 237, 226, 167, 98, 120, 220, 47991, 246, 166, 110, 234, 31619, 238, 250, 46695, 97, 13, 447, 251, 198, 198, 168, 113, 250, 168, 95, 227, 23821, 254, 243, 46695, 113, 25, 642, 167, 110, 230]","[0.5, 0.5, 0.5, 0.5, 0.5, 0.5, 0.5, 0.5, 0.5, 0.5, 0.5, 0.5, 0.5, 0.5, 0.5, 0.5, 0.5, 0.5, 0.5, 0.5, 0.5, 0.5, 0.5, 0.5, 0.5, 0.5, 0.5, 0.5, 0.5, 0.5, 0.5, 0.5, 0.5, 0.5, 0.5, 0.5, 0.5, 0.5, 0.5, 0.5, 0.5, 0.5, 0.5, 0.5, 0.5, 0.5, 0.5, 0.5, 0.5, 0.5, 0.5, 0.5, 0.5, 0.5, 0.5, 0.5, 0.5, 0.5, 0.5, 0.5, 0.5, 0.5, 0.5, 0.5, 0.5, 0.5, 0.5, 0.5, 0.5, 0.5, 0.5, 0.5, 0.5, 0.5, 0.5, 0.5, 0.5, 0.5, 0.5, 0.5, 0.5, 0.5, 0.5, 0.5, 0.5, 0.5, 0.5, 0.5, 0.5, 0.5, 0.5, 0.5, 0.5, 0.5, 0.5, 0.5, 0.5, 0.5, 0.5, 0.5, 0.5, 0.5, 0.5, 0.5, 0.5, 0.5, 0.5, 0.5, 0.5, 0.5, 0.5, 0.5, 0.5, 0.5, 0.5, 0.5, 0.5, 0.5, 0.5, 0.5, 0.5, 0.5, 0.5, 0.5, 0.5, 0.5, 0.5, 0.5, 0.5, 0.5, 0.5, 0.5, 0.5, 0.5, 0.5, 0.5, 0.5, 0.5, 0.5, 0.5, 0.5, 0.5, 0.5, 0.5, 0.5, 0.5, 0.5, 0.5, 0.5, 0.5, 0.5, 0.5, 0.5, 0.5, 0.5, 0.5, 0.5, 0.5, 0.5, 0.5, 0.5, 0.5, 0.5, 0.5, 0.5, 0.5, 0.5, 0.5, 0.5, 0.5, 0.5, 0.5, 0.5, 0.5, 0.5, 0.5, 0.5, 0.5, 0.5, 0.5, 0.5, 0.5, 0.5, 0.5, 0.5, 0.5, 0.5, 0.5, 0.5, 0.5, 0.5, 0.5, 0.5, 0.5, 0.5, 0.5, 0.5, 0.5, 0.5, 0.5, 0.5, 0.5, 0.5, 0.5, 0.5, 0.5, 0.5, 0.5, 0.5, 0.5, 0.5, 0.5, 0.5, 0.5, 0.5, 0.5, 0.5, 0.5, 0.5, 0.5, 0.5, 0.5, 0.5, 0.5, 0.5, 0.5, 0.5, 0.5, 0.5, 0.5, 0.5, 0.5, 0.5, 0.5, 0.5, 0.5, 0.5, 0.5, 0.5, 0.5, 0.5, 0.5, 0.5, 0.5, 0.5, 0.5, 0.5, 0.5, 0.5, 0.5, 0.5, 0.5, 0.5, 0.5, 0.5, 0.5, 0.5, 0.5, 0.5, 0.5, 0.5, 0.5, 0.5, 0.5, 0.5, 0.5, 0.5, 0.5, 0.5, 0.5, 0.5, 0.5, 0.5, 0.5, 0.5, 0.5, 0.5, 0.5, 0.5, 0.5, 0.5, 0.5, 0.5, 0.5, 0.5, 0.5, 0.5, 0.5, 0.5, 0.5, 0.5, 0.5, 0.5, 0.5, 0.5, 0.5, 0.5, 0.5, 0.5, 0.5, 0.5, 0.5, 0.5, 0.5, 0.5, 0.5, 0.5, 0.5, 0.5, 0.5, 0.5, 0.5, 0.5, 0.5, 0.5, 0.5, 0.5, 0.5, 0.5, 0.5, 0.5, 0.5, 0.5, 0.5, 0.5, 0.5, 0.5, 0.5, 0.5, 0.5, 0.5, 0.5, 0.5, 0.5, 0.5, 0.5, 0.5, 0.5, 0.5, 0.5, 0.5, 0.5, 0.5, 0.5, 0.5, 0.5, 0.5, 0.5, 0.5, 0.5, 0.5, 0.5, 0.5, 0.5, 0.5, 0.5, 0.5, 0.5, 0.5, 0.5, 0.5, 0.5, 0.5, 0.5, 0.5, 0.5, 0.5, 0.5, 0.5, 0.5, 0.5, 0.5, 0.5, 0.5, 0.5, 0.5, 0.5, 0.5, 0.5, 0.5, 0.5, 0.5, 0.5, 0.5, 0.5, 0.5, 0.5, 0.5, 0.5, 0.5, 0.5, 0.5, 0.5, 0.5, 0.5, 0.5, 0.5, 0.5, 0.5, 0.5, 0.5, 0.5, 0.5, 0.5, 0.5, 0.5, 0.5, 0.5, 0.5, 0.5, 0.5, 0.5, 0.5, 0.5, 0.5, 0.5, 0.5, 0.5, 0.5, 0.5, 0.5, 0.5, 0.5, 0.5, 0.5, 0.5, 0.5, 0.5, 0.5, 0.5, 0.5, 0.5, 0.5, 0.5, 0.5, 0.5, 0.5, 0.5, 0.5, 0.5, 0.5, 0.5, 0.5, 0.5, 0.5, 0.5, 0.5, 0.5, 0.5, 0.5, 0.5, 0.5, 0.5, 0.5, 0.5, 0.5, 0.5, 0.5, 0.5, 0.5, 0.5, 0.5, 0.5, 0.5, 0.5, 0.5, 0.5, 0.5, 0.5, 0.5, 0.5, 0.5, 0.5, 0.5, 0.5, 0.5, 0.5, 0.5, 0.5, 0.5, 0.5, 0.5, 0.5, 0.5, 0.5, 0.5, 0.5, 0.5, 0.5, 0.5, 0.5, 0.5, 0.5, 0.5, 0.5, 0.5, 0.5, 0.5, 0.5, 0.5, 0.5, 0.5, 0.5, 0.5, 0.5, 0.5, 0.5, 0.5, 0.5, 0.5, 0.5, 0.5, 0.5, 0.5, 0.5, 0.5, 0.5, 0.5, 0.5, 0.5, 0.5, 0.5, 0.5, 0.5, 0.5, 0.5, 0.5, 0.5, 0.5, 0.5, 0.5, 0.5, 0.5, 0.5, 0.5, 0.5, 0.5, 0.5, 0.5, 0.5, 0.5, 0.5, 0.5, 0.5, 0.5, 0.5, 0.5, 0.5, 0.5, 0.5, 0.5, 0.5, 0.5, 0.5, 0.5, 0.5, 0.5, 0.5, 0.5, 0.5, 0.5, 0.5, 0.5, 0.5, 0.5, 0.5, 0.5, 0.5, 0.5, 0.5, 0.5, 0.5, 0.5, 0.5, 0.5, 0.5, 0.5, 0.5, 0.5, 0.5, 0.5, 0.5, 0.5, 0.5, 0.5, 0.5, 0.5, 0.5, 0.5, 0.5, 0.5, 0.5, 0.5, 0.5, 0.5, 0.5, 0.5, 0.5, 0.5, 0.5, 0.5, 0.5, 0.5, 0.5, 0.5, 0.5, 0.5, 0.5, 0.5, 0.5, 0.5, 0.5, 0.5, 0.5, 0.5, 0.5, 0.5, 0.5, 0.5, 0.5, 0.5, 0.5, 0.5, 0.5, 0.5, 0.5, 0.5, 0.5, 0.5, 0.5, 0.5, 0.5, 0.5, 0.5, 0.5, 0.5, 0.5, 0.5, 0.5, 0.5, 0.5, 0.5, 0.5, 0.5, 0.5, 0.5, 0.5, 0.5, 0.5, 0.5, 0.5, 0.5, 0.5, 0.5, 0.5, 0.5, 0.5, 0.5, 0.5, 0.5, 0.5, 0.5, 0.5, 0.5, 0.5, 0.5, 0.5, 0.5, 0.5, 0.5, 0.5, 0.5, 0.5, 0.5, 0.5, 0.5, 0.5, 0.5, 0.5, 0.5, 0.5, 0.5, 0.5, 0.5, 0.5, 0.5, 0.5, 0.5, 0.5, 0.5, 0.5, 0.5, 0.5, 0.5, 0.5, 0.5, 0.5, 0.5, 0.5, 0.5, 0.5, 0.5, 0.5, 0.5, 0.5, 0.5, 0.5, 0.5, 0.5, 0.5, 0.5, 0.5, 0.5, 0.5, 0.5, 0.5, 0.5, 0.5, 0.5, 0.5, 0.5, 0.5, 0.5, 0.5, 0.5, 0.5, 0.5, 0.5, 0.5, 0.5, 0.5, 0.5, 0.5, 0.5, 0.5, 0.5, 0.5, 0.5, 0.5, 0.5, 0.5, 0.5, 0.5, 0.5, 0.5, 0.5, 0.5, 0.5, 0.5, 0.5, 0.5, 0.5, 0.5, 0.5, 0.5, 0.5, 0.5, 0.5, 0.5, 0.5, 0.5, 0.5, 0.5, 0.5, 0.5, 0.5, 0.5, 0.5, 0.5, 0.5, 0.5, 0.5, 0.5, 0.5, 0.5, 0.5, 0.5, 0.5, 0.5, 0.5, 0.5, 0.5, 0.5, 0.5, 0.5, 0.5, 0.5, 0.5, 0.5, 0.5, 0.5, 0.5, 0.5, 0.5, 0.5, 0.5, 0.5, 0.5, 0.5, 0.5, 0.5, 0.5, 0.5, 0.5, 0.5, 0.5, 0.5, 0.5, 0.5, 0.5, 0.5, 0.5, 0.5, 0.5, 0.5, 0.5, 0.5, 0.5, 0.5, 0.5, 0.5, 0.5, 0.5, 0.5, 0.5, 0.5, 0.5, 0.5, 0.5, 0.5, 0.5, 0.5, 0.5, 0.5, 0.5, 0.5, 0.5, 0.5, 0.5, 0.5, 0.5, 0.5, 0.5, 0.5, 0.5, 0.5, 0.5, 0.5, 0.5, 0.5, 0.5, 0.5, 0.5, 0.5, 0.5, 0.5, 0.5, 0.5, 0.5, 0.5, 0.5, 0.5, 0.5, 0.5, 0.5, 0.5, 0.5, 0.5, 0.5, 0.5, 0.5, 0.5, 0.5, 0.5, 0.5, 0.5, 0.5, 0.5, 0.5, 0.5, 0.5, 0.5, 0.5, 0.5, 0.5, 0.5, 0.5, 0.5, 0.5, 0.5, 0.5, 0.5, 0.5, 0.5, 0.5, 0.5, 0.5, 0.5, 0.5, 0.5, 0.5, 0.5, 0.5, 0.5, 0.5, 0.5, 0.5, 0.5, 0.5, 0.5, 0.5, 0.5, 0.5, 0.5, 0.5, 0.5, 0.5, 0.5, 0.5, 0.5, 0.5, 0.5, 0.5, 0.5, 0.5, 0.5, 0.5, 0.5, 0.5, 0.5, 0.5, 0.5, 0.5, 0.5, 0.5, 0.5, 0.5, 0.5, 0.5, 0.5, 0.5, 0.5, 0.5, 0.5, 0.5, 0.5, 0.5, 0.5, 0.5, 0.5, 0.5, 0.5, 0.5, 0.5, 0.5, 0.5, 0.5, 0.5, 0.5, 0.5, 0.5, 0.5, 0.5, 0.5, 0.5, 0.5, 0.5, 0.5, 0.5, 0.5, 0.5, 0.5, 0.5, 0.5, 0.5, 0.5, 0.5, 0.5, 0.5, 0.5, 0.5, 0.5, 0.5, 0.5, 0.5, 0.5, 0.5, 0.5, 0.5, 0.5, 0.5, 0.5, 0.5, 0.5, 0.5, 0.5, 0.5, 0.5, 0.5, 0.5, 0.5, 0.5, 0.5, 0.5, 0.5, 0.5, 0.5, 0.5, 0.5, 0.5, 0.5, 0.5, 0.5, 0.5, 0.5, 0.5, 0.5, 0.5, 0.5, 0.5, 0.5, 0.5, 0.5, 0.5, 0.5, 0.5, 0.5, 0.5, 0.5, 0.5, 0.5, 0.5, 0.5, 0.5, 0.5, 0.5, 0.5, 0.5, 0.5, 0.5, 0.5, 0.5, 0.5, 0.5, 0.5, 0.5, 0.5, 0.5, 0.5, 0.5, 0.5, 0.5, 0.5, 0.5, 0.5, 0.5, 0.5, 0.5, 0.5, 0.5, 0.5, 0.5, 0.5, 0.5, 0.5, 0.5, 0.5, 0.5, 0.5, 0.5, 0.5, 0.5, 0.5, 0.5, 0.5, 0.5, 0.5, 0.5, 0.5, 0.5, 0.5, 0.5, 0.5, 0.5, 0.5, 0.5, 0.5, 0.5, 0.5, 0.5, 0.5, 0.5, 0.5, 0.5, 0.5, 0.5, 0.5, 0.5, 0.5, 0.5, 0.5, 0.5, 0.5, 0.5, 0.5, 0.5, 0.5, 0.5, 0.5, 0.5, 0.5, 0.5, 0.5, 0.5, 0.5, 0.5, 0.5, 0.5, 0.5, 0.5, 0.5, 0.5, 0.5, 0.5, 0.5, 0.5, 0.5, 0.5, 0.5, 0.5, 0.5, 0.5, 0.5, 0.5, 0.5, 0.5, 0.5, 0.5, 0.5, 0.5, 0.5, 0.5, 0.5, 0.5, 0.5, 0.5, 0.5, 0.5, 0.5, 0.5, 0.5, 0.5, 0.5, 0.5, 0.5, 0.5, 0.5, 0.5, 0.5, 0.5, 0.5, 0.5, 0.5, 0.5, 0.5, 0.5, 0.5, 0.5, 0.5, 0.5, 0.5, 0.5, 0.5, 0.5, 0.5, 0.5, 0.5, 0.5, 0.5, 0.5, 0.5, 0.5, 0.5, 0.5, 0.5, 0.5, 0.5, 0.5, 0.5, 0.5, 0.5, 0.5, 0.5, 0.5, 0.5, 0.5, 0.5, 0.5, 0.5, 0.5, 0.5, 0.5, 0.5, 0.5, 0.5, 0.5, 0.5, 0.5, 0.5, 0.5, 0.5, 0.5, 0.5, 0.5, 0.5, 0.5, 0.5, 0.5, 0.5, 0.5, 0.5, 0.5, 0.5, 0.5, 0.5, 0.5, 0.5, 0.5, 0.5, 0.5, 0.5, 0.5, 0.5, 0.5, 0.5, 0.5, 0.5, 0.5, 0.5, 0.5, 0.5, 0.5, 0.5, 0.5, 0.5, 0.5, 0.5, 0.5, 0.5, 0.5, 0.5, 0.5, 0.5, 0.5, 0.5, 0.5, 0.5, 0.5, 0.5, 0.5, 0.5, 0.5, 0.5, 0.5, 0.5, 0.5, 0.5, 0.5, 0.5, 0.5, 0.5, 0.5, 0.5, 0.5, 0.5, 0.5, 0.5, 0.5, 0.5, 0.5, 0.5, 0.5, 0.5, 0.5, 0.5, 0.5, 0.5, 0.5, 0.5, 0.5, 0.5, 0.5, 0.5, 0.5, 0.5, 0.5, 0.5, 0.5, 0.5, 0.5, 0.5, 0.5, 0.5, 0.5, 0.5, 0.5, 0.5, 0.5, 0.5, 0.5, 0.5, 0.5, 0.5, 0.5, 0.5, 0.5, 0.5, 0.5, 0.5, 0.5, 0.5, 0.5, 0.5, 0.5, 0.5, 0.5, 0.5, 0.5, 0.5, 0.5, 0.5, 0.5, 0.5, 0.5, 0.5, 0.5, 0.5, 0.5, 0.5, 0.5, 0.5, 0.5, 0.5, 0.5, 0.5, 0.5, 0.5, 0.5, 0.5, 0.5, 0.5, 0.5, 0.5, 0.5, 0.5, 0.5, 0.5, 0.5, 0.5, 0.5, 0.5, 0.5, 0.5, 0.5, 0.5, 0.5, 0.5, 0.5, 0.5, 0.5, 0.5, 0.5, 0.5, 0.5, 0.5, 0.5, 0.5, 0.5, 0.5, 0.5, 0.5, 0.5, 0.5, 0.5, 0.5, 0.5, 0.5, 0.5, 0.5, 0.5, 0.5, 0.5, 0.5, 0.5, 0.5, 0.5, 0.5, 0.5, 0.5, 0.5, 0.5, 0.5, 0.5, 0.5, 0.5, 0.5, 0.5, 0.5, 0.5, 0.5, 0.5, 0.5, 0.5, 0.5, 0.5, 0.5, 0.5, 0.5, 0.5, 0.5, 0.5, 0.5, 0.5, 0.5, 0.5, 0.5, 0.5, 0.5, 0.5, 0.5, 0.5, 0.5, 0.5, 0.5, 0.5, 0.5, 0.5, 0.5, 0.5, 0.5, 0.5, 0.5, 0.5, 0.5, 0.5, 0.5, 0.5, 0.5, 0.5, 0.5, 0.5, 0.5, 0.5, 0.5, 0.5, 0.5, 0.5, 0.5, 0.5, 0.5, 0.5, 0.5, 0.5, 0.5, 0.5, 0.5, 0.5, 0.5, 0.5, 0.5, 0.5, 0.5, 0.5, 0.5, 0.5, 0.5, 0.5, 0.5, 0.5, 0.5, 0.5, 0.5, 0.5, 0.5, 0.5, 0.5, 0.5, 0.5, 0.5, 0.5, 0.5, 0.5, 0.5, 0.5, 0.5, 0.5, 0.5, 0.5, 0.5, 0.5, 0.5, 0.5, 0.5, 0.5, 0.5, 0.5, 0.5, 0.5, 0.5, 0.5, 0.5, 0.5, 0.5, 0.5, 0.5, 0.5, 0.5, 0.5, 0.5, 0.5, 0.5, 0.5, 0.5, 0.5, 0.5, 0.5, 0.5, 0.5, 0.5, 0.5, 0.5, 0.5, 0.5, 0.5, 0.5, 0.5, 0.5, 0.5, 0.5, 0.5, 0.5, 0.5, 0.5, 0.5, 0.5, 0.5, 0.5, 0.5, 0.5, 0.5, 0.5, 0.5, 0.5, 0.5, 0.5, 0.5, 0.5, 0.5, 0.5, 0.5, 0.5, 0.5, 0.5, 0.5, 0.5, 0.5, 0.5, 0.5, 0.5, 0.5, 0.5, 0.5, 0.5, 0.5, 0.5, 0.5, 0.5, 0.5, 0.5, 0.5, 0.5, 0.5, 0.5, 0.5, 0.5, 0.5, 0.5, 0.5, 0.5, 0.5, 0.5, 0.5, 0.5, 0.5, 0.5, 0.5, 0.5, 0.5, 0.5, 0.5, 0.5, 0.5, 0.5, 0.5, 0.5, 0.5, 0.5, 0.5, 0.5, 0.5, 0.5, 0.5, 0.5, 0.5, 0.5, 0.5, 0.5, 0.5, 0.5, 0.5, 0.5, 0.5, 0.5, 0.5, 0.5, 0.5, 0.5, 0.5, 0.5, 0.5, 0.5, 0.5, 0.5, 0.5, 0.5, 0.5, 0.5, 0.5, 0.5, 0.5, 0.5, 0.5, 0.5, 0.5, 0.5, 0.5, 0.5, 0.5, 0.5, 0.5, 0.5, 0.5, 0.5, 0.5, 0.5, 0.5, 0.5, 0.5, 0.5, 0.5, 0.5, 0.5, 0.5, 0.5, 0.5, 0.5, 0.5, 0.5, 0.5, 0.5, 0.5, 0.5, 0.5, 0.5, 0.5, 0.5, 0.5, 0.5, 0.5, 0.5, 0.5, 0.5, 0.5, 0.5, 0.5, 0.5, 0.5, 0.5, 0.5, 0.5, 0.5, 0.5, 0.5, 0.5, 0.5, 0.5, 0.5, 0.5, 0.5, 0.5, 0.5, 0.5, 0.5, 0.5, 0.5, 0.5, 0.5, 0.5, 0.5, 0.5, 0.5, 0.5, 0.5, 0.5, 0.5, 0.5, 0.5, 0.5, 0.5, 0.5, 0.5, 0.5, 0.5, 0.5, 0.5, 0.5, 0.5, 0.5, 0.5, 0.5, 0.5, 0.5, 0.5, 0.5, 0.5, 0.5, 0.5, 0.5, 0.5, 0.5, 0.5, 0.5, 0.5, 0.5, 0.5, 0.5, 0.5, 0.5, 0.5, 0.5, 0.5, 0.5, 0.5, 0.5, 0.5, 0.5, 0.5, 0.5, 0.5, 0.5, 0.5, 0.5, 0.5, 0.5, 0.5, 0.5, 0.5, 0.5, 0.5, 0.5, 0.5, 0.5, 0.5, 0.5, 0.5, 0.5, 0.5, 0.5, 0.5, 0.5, 0.5, 0.5, 0.5, 0.5, 0.5, 0.5, 0.5, 0.5, 0.5, 0.5, 0.5, 0.5, 0.5, 0.5, 0.5, 0.5, 0.5, 0.5, 0.5, 0.5, 0.5, 0.5, 0.5, 0.5, 0.5, 0.5, 0.5, 0.5, 0.5, 0.5, 0.5, 0.5, 0.5, 0.5, 0.5, 0.5, 0.5, 0.5, 0.5, 0.5, 0.5, 0.5, 0.5, 0.5, 0.5, 0.5, 0.5, 0.5, 0.5, 0.5, 0.5, 0.5, 0.5, 0.5, 0.5, 0.5, 0.5, 0.5, 0.5, 0.5, 0.5, 0.5, 0.5, 0.5, 0.5, 0.5, 0.5, 0.5, 0.5, 0.5, 0.5, 0.5, 0.5, 0.5, 0.5, 0.5, 0.5, 0.5, 0.5, 0.5, 0.5, 0.5, 0.5, 0.5, 0.5, 0.5, 0.5, 0.5, 0.5, 0.5, 0.5, 0.5, 0.5, 0.5, 0.5, 0.5, 0.5, 0.5, 0.5, 0.5, 0.5, 0.5, 0.5, 0.5, 0.5, 0.5, 0.5, 0.5, 0.5, 0.5, 0.5, 0.5, 0.5, 0.5, 0.5, 0.5, 0.5, 0.5, 0.5, 0.5, 0.5, 0.5, 0.5, 0.5, 0.5, 0.5, 0.5, 0.5, 0.5, 0.5, 0.5, 0.5, 0.5, 0.5, 0.5, 0.5, 0.5, 0.5, 0.5, 0.5, 0.5, 0.5, 0.5, 0.5, 0.5, 0.5, 0.5, 0.5, 0.5, 0.5, 0.5, 0.5, 0.5, 0.5, 0.5, 0.5, 0.5, 0.5, 0.5, 0.5, 0.5, 0.5, 0.5, 0.5, 0.5, 0.5, 0.5, 0.5, 0.5, 0.5, 0.5, 0.5, 0.5, 0.5, 0.5, 0.5, 0.5, 0.5, 0.5, 0.5, 0.5, 0.5, 0.5, 0.5, 0.5, 0.5, 0.5, 0.5, 0.5, 0.5, 0.5, 0.5, 0.5, 0.5, 0.5, 0.5, 0.5, 0.5, 0.5, 0.5, 0.5, 0.5, 0.5, 0.5, 0.5, 0.5, 0.5, 0.5, 0.5, 0.5, 0.5, 0.5, 0.5, 0.5, 0.5, 0.5, 0.5, 0.5, 0.5, 0.5, 0.5, 0.5, 0.5, 0.5, 0.5, 0.5, 0.5, 0.5, 0.5, 0.5, 0.5, 0.5, 0.5, 0.5, 0.5, 0.5, 0.5, 0.5, 0.5, 0.5, 0.5, 0.5, 0.5, 0.5, 0.5, 0.5, 0.5, 0.5, 0.5, 0.5, 0.5, 0.5, 0.5, 0.5, 0.5, 0.5, 0.5, 0.5, 0.5, 0.5, 0.5, 0.5, 0.5, 0.5, 0.5, 0.5, 0.5, 0.5, 0.5, 0.5, 0.5, 0.5, 0.5, 0.5, 0.5, 0.5, 0.5, 0.5, 0.5, 0.5, 0.5, 0.5, 0.5, 0.5, 0.5, 0.5, 0.5, 0.5, 0.5, 0.5, 0.5, 0.5, 0.5, 0.5, 0.5, 0.5, 0.5, 0.5, 0.5, 0.5, 0.5, 0.5, 0.5, 0.5, 0.5, 0.5, 0.5, 0.5, 0.5, 0.5, 0.5, 0.5, 0.5, 0.5, 0.5, 0.5, 0.5, 0.5, 0.5, 0.5, 0.5, 0.5, 0.5, 0.5, 0.5, 0.5, 0.5, 0.5, 0.5, 0.5, 0.5, 0.5, 0.5, 0.5, 0.5, 0.5, 0.5, 0.5, 0.5, 0.5, 0.5, 0.5, 0.5, 0.5, 0.5, 0.5, 0.5, 0.5, 0.5, 0.5, 0.5, 0.5, 0.5, 0.5, 0.5, 0.5, 0.5, 0.5, 0.5, 0.5, 0.5, 0.5, 0.5, 0.5, 0.5, 0.5, 0.5, 0.5, 0.5, 0.5, 0.5, 0.5, 0.5, 0.5, 0.5, 0.5, 0.5, 0.5, 0.5, 0.5, 0.5, 0.5, 0.5, 0.5, 0.5, 0.5, 0.5, 0.5, 0.5, 0.5, 0.5, 0.5, 0.5, 0.5, 0.5, 0.5, 0.5, 0.5, 0.5, 0.5, 0.5, 0.5, 0.5, 0.5, 0.5, 0.5, 0.5, 0.5, 0.5, 0.5, 0.5, 0.5, 0.5, 0.5, 0.5, 0.5, 0.5, 0.5, 0.5, 0.5, 0.5, 0.5, 0.5, 0.5, 0.5, 0.5, 0.5, 0.5, 0.5, 0.5, 0.5, 0.5, 0.5, 0.5, 0.5, 0.5, 0.5, 0.5, 0.5, 0.5, 0.5, 0.5, 0.5, 0.5, 0.5, 0.5, 0.5, 0.5, 0.5, 0.5, 0.5, 0.5, 0.5, 0.5, 0.5, 0.5, 0.5, 0.5, 0.5, 0.5, 0.5, 0.5, 0.5, 0.5, 0.5, 0.5, 0.5, 0.5, 0.5, 0.5, 0.5, 0.5, 0.5, 0.5, 0.5, 0.5, 0.5, 0.5, 0.5, 0.5, 0.5, 0.5, 0.5, 0.5, 0.5, 0.5, 0.5, 0.5, 0.5, 0.5, 0.5, 0.5, 0.5, 0.5, 0.5, 0.5, 0.5, 0.5, 0.5, 0.5, 0.5, 0.5, 0.5, 0.5, 0.5, 0.5, 0.5, 0.5, 0.5, 0.5, 0.5, 0.5, 0.5, 0.5, 0.5, 0.5, 0.5, 0.5, 0.5, 0.5, 0.5, 0.5, 0.5, 0.5, 0.5, 0.5, 0.5, 0.5, 0.5, 0.5, 0.5, 0.5, 0.5, 0.5, 0.5, 0.5, 0.5, 0.5, 0.5, 0.5, 0.5, 0.5, 0.5, 0.5, 0.5, 0.5, 0.5, 0.5, 0.5, 0.5, 0.5, 0.5, 0.5, 0.5, 0.5, 0.5, 0.5, 0.5, 0.5, 0.5, 0.5, 0.5, 0.5, 0.5, 0.5, 0.5, 0.5, 0.5, 0.5, 0.5, 0.5, 0.5, 0.5, 0.5, 0.5, 0.5, 0.5, 0.5, 0.5, 0.5, 0.5, 0.5, 0.5, 0.5, 0.5, 0.5, 0.5, 0.5, 0.5, 0.5, 0.5, 0.5, 0.5, 0.5, 0.5, 0.5, 0.5, 0.5, 0.5, 0.5, 0.5, 0.5, 0.5, 0.5, 0.5, 0.5, 0.5, 0.5, 0.5, 0.5, 0.5, 0.5, 0.5, 0.5, 0.5, 0.5, 0.5, 0.5, 0.5, 0.5, 0.5, 0.5, 0.5, 0.5, 0.5, 0.5, 0.5, 0.5, 0.5, 0.5, 0.5, 0.5, 0.5, 0.5, 0.5, 0.5, 0.5, 0.5, 0.5, 0.5, 0.5, 0.5, 0.5, 0.5, 0.5, 0.5, 0.5, 0.5, 0.5, 0.5, 0.5, 0.5, 0.5, 0.5, 0.5, 0.5, 0.5, 0.5, 0.5, 0.5, 0.5, 0.5, 0.5, 0.5, 0.5, 0.5, 0.5, 0.5, 0.5, 0.5, 0.5, 0.5, 0.5, 0.5, 0.5, 0.5, 0.5, 0.5, 0.5, 0.5, 0.5, 0.5, 0.5, 0.5, 0.5, 0.5, 0.5, 0.5, 0.5, 0.5, 0.5, 0.5, 0.5, 0.5, 0.5, 0.5, 0.5, 0.5, 0.5, 0.5, 0.5, 0.5, 0.5, 0.5, 0.5, 0.5, 0.5, 0.5, 0.5, 0.5, 0.5, 0.5, 0.5, 0.5, 0.5, 0.5, 0.5, 0.5, 0.5, 0.5, 0.5, 0.5, 0.5, 0.5, 0.5, 0.5, 0.5, 0.5, 0.5, 0.5, 0.5, 0.5, 0.5, 0.5, 0.5, 0.5, 0.5, 0.5, 0.5, 0.5, 0.5, 0.5, 0.5, 0.5, 0.5, 0.5, 0.5, 0.5, 0.5, 0.5, 0.5, 0.5, 0.5, 0.5, 0.5, 0.5, 0.5, 0.5, 0.5, 0.5, 0.5, 0.5, 0.5, 0.5, 0.5, 0.5, 0.5, 0.5, 0.5, 0.5, 0.5, 0.5, 0.5, 0.5, 0.5, 0.5, 0.5, 0.5, 0.5, 0.5, 0.5, 0.5, 0.5, 0.5, 0.5, 0.5, 0.5, 0.5, 0.5, 0.5, 0.5, 0.5, 0.5, 0.5, 0.5, 0.5, 0.5, 0.5, 0.5, 0.5, 0.5, 0.5, 0.5, 0.5, 0.5, 0.5, 0.5, 0.5, 0.5, 0.5, 0.5, 0.5, 0.5, 0.5, 0.5, 0.5, 0.5, 0.5, 0.5, 0.5, 0.5, 0.5, 0.5, 0.5, 0.5, 0.5, 0.5, 0.5, 0.5, 0.5, 0.5, 0.5, 0.5, 0.5, 0.5, 0.5, 0.5, 0.5, 0.5, 0.5, 0.5, 0.5, 0.5, 0.5, 0.5, 0.5, 0.5, 0.5, 0.5, 0.5, 0.5, 0.5, 0.5, 0.5, 0.5, 0.5, 0.5, 0.5, 0.5, 0.5, 0.5, 0.5, 0.5, 0.5, 0.5, 0.5, 0.5, 0.5, 0.5, 0.5, 0.5, 0.5, 0.5, 0.5, 0.5, 0.5, 0.5, 0.5, 0.5, 0.5, 0.5, 0.5, 0.5, 0.5, 0.5, 0.5, 0.5, 0.5, 0.5, 0.5, 0.5, 0.5, 0.5, 0.5, 0.5, 0.5, 0.5, 0.5, 0.5, 0.5, 0.5, 0.5, 0.5, 0.5, 0.5, 0.5, 0.5, 0.5, 0.5, 0.5, 0.5, 0.5, 0.5, 0.5, 0.5, 0.5, 0.5, 0.5, 0.5, 0.5, 0.5, 0.5, 0.5, 0.5, 0.5, 0.5, 0.5, 0.5, 0.5, 0.5, 0.5, 0.5, 0.5, 0.5, 0.5, 0.5, 0.5, 0.5, 0.5, 0.5, 0.5, 0.5, 0.5, 0.5, 0.5, 0.5, 0.5, 0.5, 0.5, 0.5, 0.5, 0.5, 0.5, 0.5, 0.5, 0.5, 0.5, 0.5, 0.5, 0.5, 0.5, 0.5, 0.5, 0.5, 0.5, 0.5, 0.5, 0.5, 0.5, 0.5, 0.5, 0.5, 0.5, 0.5, 0.5, 0.5, 0.5]",3
2026_11_KICE_38-42_3,['4(2)'],"1번: 부적절하다 – (다)에 시기별 서술이 없다. ""요즘 OTT 플랫폼을 보면 웹툰을 원작으로 한 영상이 부쩍 많아졌다.""  
2번: 부적절하다 – (다)에 국내에서 해외로 확대되는 과정을 구체적으로 서술하지 않는다. ""이들 중에는 전 세계 시청 순위 1위를 한 작품이 있을 정도로 국내뿐 아니라 해외에서까지 인기를 얻는 경우도 많다.""  
3번: 부적절하다 – (다)는 파생 저작물의 종류를 나열하지 않는다. ""이미 완성된 작품을 영화와 같은 2차 저작물로 파생시켜 추가적인 수익을 거둘 수 있다.""  
4번: 적절하다 – (다)는 웹툰 영상화 유행이 미치는 영향을 산업별로 구분하여 서술한다. ""오히려 영상 제작의 측면에서는 … 더불어, 웹툰 창작의 측면에서는 … 영상 산업에서는 …, 웹툰 산업에서는 …""  
5번: 부적절하다 – (다)는 제작 기법의 특징을 심층 분석하지 않는다. ""특수 효과 기술의 발달로 초능력, 미래, 우주와 같은 웹툰의 다양한 소재들이 영상으로 구현될 수 있는 환경이 마련되었고…""  

최종 정답: 4번","[16, 167, 110, 230, 25, 31619, 114, 222, 168, 254, 223, 168, 254, 230, 47991, 246, 46695, 97, 784, 357, 46695, 97, 8, 168, 245, 238, 23821, 233, 250, 166, 116, 108, 167, 111, 226, 23821, 226, 250, 168, 230, 254, 35975, 112, 23821, 245, 228, 46695, 97, 13, 366, 168, 248, 242, 168, 99, 246, 440, 15751, 220, 169, 242, 234, 167, 252, 104, 169, 237, 120, 35975, 226, 31619, 111, 112, 167, 102, 112, 23821, 249, 117, 169, 230, 108, 35975, 226, 23821, 249, 238, 168, 252, 239, 168, 250, 120, 167, 94, 250, 220, 47991, 250, 23821, 246, 223, 168, 225, 223, 35975, 112, 31619, 114, 222, 168, 102, 235, 31619, 100, 236, 168, 243, 226, 168, 94, 234, 46695, 97, 526, 220, 220, 198, 17, 167, 110, 230, 25, 31619, 114, 222, 168, 254, 223, 168, 254, 230, 47991, 246, 46695, 97, 784, 357, 46695, 97, 8, 168, 245, 238, 220, 166, 113, 255, 167, 224, 112, 168, 245, 238, 168, 226, 250, 220, 47991, 112, 168, 247, 116, 167, 94, 250, 220, 169, 247, 243, 167, 234, 222, 167, 238, 246, 167, 232, 242, 220, 166, 111, 120, 168, 254, 243, 35975, 226, 220, 166, 113, 105, 168, 110, 112, 168, 254, 223, 168, 250, 120, 167, 94, 250, 23821, 226, 250, 168, 230, 254, 47991, 246, 168, 100, 222, 23821, 243, 232, 167, 232, 242, 46695, 97, 13, 366, 35975, 112, 167, 241, 97, 23821, 97, 239, 168, 245, 238, 167, 232, 242, 23821, 254, 226, 23821, 226, 116, 166, 111, 226, 23821, 233, 250, 168, 110, 255, 23821, 230, 250, 168, 250, 226, 352, 168, 250, 226, 167, 98, 120, 220, 47991, 250, 23821, 252, 239, 169, 240, 230, 35975, 112, 23821, 252, 230, 35975, 226, 23821, 254, 243, 167, 237, 226, 167, 94, 250, 220, 166, 113, 255, 167, 224, 112, 167, 123, 238, 23821, 243, 226, 46695, 230, 167, 251, 120, 220, 47991, 112, 168, 247, 116, 168, 245, 238, 168, 226, 250, 166, 117, 234, 168, 100, 222, 23821, 251, 116, 166, 116, 108, 167, 98, 120, 23821, 244, 119, 167, 232, 242, 220, 166, 110, 121, 168, 248, 108, 167, 237, 226, 31619, 100, 236, 46695, 97, 526, 220, 220, 198, 18, 167, 110, 230, 25, 31619, 114, 222, 168, 254, 223, 168, 254, 230, 47991, 246, 46695, 97, 784, 357, 46695, 97, 8, 167, 232, 242, 220, 169, 234, 234, 168, 225, 251, 23821, 254, 222, 168, 252, 239, 167, 45539, 35975, 246, 23821, 95, 227, 167, 98, 246, 167, 98, 120, 31619, 224, 246, 168, 245, 112, 47991, 246, 168, 100, 222, 23821, 243, 232, 167, 232, 242, 46695, 97, 13, 366, 35975, 112, 167, 107, 116, 23821, 247, 226, 168, 226, 109, 167, 238, 250, 23821, 252, 239, 169, 240, 230, 35975, 226, 23821, 246, 223, 169, 247, 242, 168, 247, 222, 220, 166, 108, 247, 35975, 222, 362, 168, 108, 101, 23821, 254, 222, 168, 252, 239, 167, 45539, 167, 94, 250, 220, 169, 234, 234, 168, 225, 251, 168, 233, 250, 168, 120, 250, 23821, 114, 242, 166, 108, 222, 168, 254, 223, 35975, 116, 23821, 230, 246, 35975, 113, 35975, 226, 220, 166, 109, 108, 167, 239, 246, 23821, 230, 246, 23821, 252, 230, 46695, 97, 526, 220, 220, 198, 19, 167, 110, 230, 25, 23821, 254, 223, 168, 254, 230, 47991, 246, 46695, 97, 784, 357, 46695, 97, 8, 167, 232, 242, 23821, 249, 117, 169, 230, 108, 23821, 246, 223, 168, 225, 223, 169, 247, 242, 23821, 250, 254, 169, 244, 231, 35975, 112, 31619, 107, 116, 168, 117, 246, 167, 232, 242, 23821, 246, 223, 169, 244, 98, 35975, 226, 23821, 224, 108, 168, 245, 227, 167, 111, 226, 167, 94, 250, 220, 166, 113, 105, 167, 114, 226, 47991, 246, 168, 245, 105, 23821, 226, 250, 168, 230, 254, 47991, 250, 46695, 97, 13, 366, 168, 246, 97, 169, 252, 230, 167, 254, 97, 23821, 246, 223, 168, 225, 223, 23821, 254, 250, 168, 252, 239, 35975, 246, 23821, 116, 94, 167, 102, 112, 168, 245, 238, 168, 226, 250, 167, 232, 242, 3926, 31619, 235, 242, 167, 114, 230, 168, 244, 112, 11, 23821, 249, 117, 169, 230, 108, 23821, 108, 121, 168, 252, 239, 35975, 246, 23821, 116, 94, 167, 102, 112, 168, 245, 238, 168, 226, 250, 167, 232, 242, 3926, 23821, 246, 223, 168, 225, 223, 23821, 224, 108, 168, 245, 227, 168, 245, 238, 168, 226, 250, 167, 232, 242, 3926, 11, 23821, 249, 117, 169, 230, 108, 23821, 224, 108, 168, 245, 227, 168, 245, 238, 168, 226, 250, 167, 232, 242, 46385, 220, 220, 198, 20, 167, 110, 230, 25, 31619, 114, 222, 168, 254, 223, 168, 254, 230, 47991, 246, 46695, 97, 784, 357, 46695, 97, 8, 167, 232, 242, 23821, 254, 250, 168, 252, 239, 220, 166, 116, 108, 167, 110, 243, 35975, 246, 220, 169, 232, 117, 168, 100, 243, 35975, 226, 23821, 233, 105, 168, 116, 113, 31619, 114, 226, 168, 226, 251, 47991, 246, 168, 100, 222, 23821, 243, 232, 167, 232, 242, 46695, 97, 13, 366, 169, 232, 117, 168, 230, 246, 220, 169, 248, 101, 166, 111, 120, 220, 166, 116, 108, 168, 230, 254, 35975, 246, 31619, 108, 250, 46695, 105, 167, 94, 250, 23821, 112, 230, 167, 232, 98, 167, 254, 98, 11, 31619, 107, 116, 167, 252, 246, 11, 23821, 248, 108, 168, 96, 120, 168, 247, 222, 220, 166, 108, 247, 35975, 222, 23821, 249, 117, 169, 230, 108, 35975, 246, 31619, 233, 97, 168, 244, 239, 47991, 250, 23821, 228, 234, 168, 252, 105, 167, 241, 97, 35975, 112, 23821, 246, 223, 168, 225, 223, 168, 250, 120, 167, 94, 250, 220, 166, 113, 105, 169, 246, 226, 167, 238, 254, 23821, 230, 246, 23821, 252, 230, 167, 232, 242, 220, 169, 247, 246, 166, 110, 121, 35975, 112, 31619, 100, 230, 167, 254, 101, 167, 238, 246, 168, 245, 230, 166, 111, 254, 9962, 220, 220, 198, 198, 168, 113, 250, 168, 95, 227, 23821, 254, 243, 46695, 113, 25, 604, 167, 110, 230]","[0.5, 0.5, 0.5, 0.5, 0.5, 0.5, 0.5, 0.5, 0.5, 0.5, 0.5, 0.5, 0.5, 0.5, 0.5, 0.5, 0.5, 0.5, 0.5, 0.5, 0.5, 0.5, 0.5, 0.5, 0.5, 0.5, 0.5, 0.5, 0.5, 0.5, 0.5, 0.5, 0.5, 0.5, 0.5, 0.5, 0.5, 0.5, 0.5, 0.5, 0.5, 0.5, 0.5, 0.5, 0.5, 0.5, 0.5, 0.5, 0.5, 0.5, 0.5, 0.5, 0.5, 0.5, 0.5, 0.5, 0.5, 0.5, 0.5, 0.5, 0.5, 0.5, 0.5, 0.5, 0.5, 0.5, 0.5, 0.5, 0.5, 0.5, 0.5, 0.5, 0.5, 0.5, 0.5, 0.5, 0.5, 0.5, 0.5, 0.5, 0.5, 0.5, 0.5, 0.5, 0.5, 0.5, 0.5, 0.5, 0.5, 0.5, 0.5, 0.5, 0.5, 0.5, 0.5, 0.5, 0.5, 0.5, 0.5, 0.5, 0.5, 0.5, 0.5, 0.5, 0.5, 0.5, 0.5, 0.5, 0.5, 0.5, 0.5, 0.5, 0.5, 0.5, 0.5, 0.5, 0.5, 0.5, 0.5, 0.5, 0.5, 0.5, 0.5, 0.5, 0.5, 0.5, 0.5, 0.5, 0.5, 0.5, 0.5, 0.5, 0.5, 0.5, 0.5, 0.5, 0.5, 0.5, 0.5, 0.5, 0.5, 0.5, 0.5, 0.5, 0.5, 0.5, 0.5, 0.5, 0.5, 0.5, 0.5, 0.5, 0.5, 0.5, 0.5, 0.5, 0.5, 0.5, 0.5, 0.5, 0.5, 0.5, 0.5, 0.5, 0.5, 0.5, 0.5, 0.5, 0.5, 0.5, 0.5, 0.5, 0.5, 0.5, 0.5, 0.5, 0.5, 0.5, 0.5, 0.5, 0.5, 0.5, 0.5, 0.5, 0.5, 0.5, 0.5, 0.5, 0.5, 0.5, 0.5, 0.5, 0.5, 0.5, 0.5, 0.5, 0.5, 0.5, 0.5, 0.5, 0.5, 0.5, 0.5, 0.5, 0.5, 0.5, 0.5, 0.5, 0.5, 0.5, 0.5, 0.5, 0.5, 0.5, 0.5, 0.5, 0.5, 0.5, 0.5, 0.5, 0.5, 0.5, 0.5, 0.5, 0.5, 0.5, 0.5, 0.5, 0.5, 0.5, 0.5, 0.5, 0.5, 0.5, 0.5, 0.5, 0.5, 0.5, 0.5, 0.5, 0.5, 0.5, 0.5, 0.5, 0.5, 0.5, 0.5, 0.5, 0.5, 0.5, 0.5, 0.5, 0.5, 0.5, 0.5, 0.5, 0.5, 0.5, 0.5, 0.5, 0.5, 0.5, 0.5, 0.5, 0.5, 0.5, 0.5, 0.5, 0.5, 0.5, 0.5, 0.5, 0.5, 0.5, 0.5, 0.5, 0.5, 0.5, 0.5, 0.5, 0.5, 0.5, 0.5, 0.5, 0.5, 0.5, 0.5, 0.5, 0.5, 0.5, 0.5, 0.5, 0.5, 0.5, 0.5, 0.5, 0.5, 0.5, 0.5, 0.5, 0.5, 0.5, 0.5, 0.5, 0.5, 0.5, 0.5, 0.5, 0.5, 0.5, 0.5, 0.5, 0.5, 0.5, 0.5, 0.5, 0.5, 0.5, 0.5, 0.5, 0.5, 0.5, 0.5, 0.5, 0.5, 0.5, 0.5, 0.5, 0.5, 0.5, 0.5, 0.5, 0.5, 0.5, 0.5, 0.5, 0.5, 0.5, 0.5, 0.5, 0.5, 0.5, 0.5, 0.5, 0.5, 0.5, 0.5, 0.5, 0.5, 0.5, 0.5, 0.5, 0.5, 0.5, 0.5, 0.5, 0.5, 0.5, 0.5, 0.5, 0.5, 0.5, 0.5, 0.5, 0.5, 0.5, 0.5, 0.5, 0.5, 0.5, 0.5, 0.5, 0.5, 0.5, 0.5, 0.5, 0.5, 0.5, 0.5, 0.5, 0.5, 0.5, 0.5, 0.5, 0.5, 0.5, 0.5, 0.5, 0.5, 0.5, 0.5, 0.5, 0.5, 0.5, 0.5, 0.5, 0.5, 0.5, 0.5, 0.5, 0.5, 0.5, 0.5, 0.5, 0.5, 0.5, 0.5, 0.5, 0.5, 0.5, 0.5, 0.5, 0.5, 0.5, 0.5, 0.5, 0.5, 0.5, 0.5, 0.5, 0.5, 0.5, 0.5, 0.5, 0.5, 0.5, 0.5, 0.5, 0.5, 0.5, 0.5, 0.5, 0.5, 0.5, 0.5, 0.5, 0.5, 0.5, 0.5, 0.5, 0.5, 0.5, 0.5, 0.5, 0.5, 0.5, 0.5, 0.5, 0.5, 0.5, 0.5, 0.5, 0.5, 0.5, 0.5, 0.5, 0.5, 0.5, 0.5, 0.5, 0.5, 0.5, 0.5, 0.5, 0.5, 0.5, 0.5, 0.5, 0.5, 0.5, 0.5, 0.5, 0.5, 0.5, 0.5, 0.5, 0.5, 0.5, 0.5, 0.5, 0.5, 0.5, 0.5, 0.5, 0.5, 0.5, 0.5, 0.5, 0.5, 0.5, 0.5, 0.5, 0.5, 0.5, 0.5, 0.5, 0.5, 0.5, 0.5, 0.5, 0.5, 0.5, 0.5, 0.5, 0.5, 0.5, 0.5, 0.5, 0.5, 0.5, 0.5, 0.5, 0.5, 0.5, 0.5, 0.5, 0.5, 0.5, 0.5, 0.5, 0.5, 0.5, 0.5, 0.5, 0.5, 0.5, 0.5, 0.5, 0.5, 0.5, 0.5, 0.5, 0.5, 0.5, 0.5, 0.5, 0.5, 0.5, 0.5, 0.5, 0.5, 0.5, 0.5, 0.5, 0.5, 0.5, 0.5, 0.5, 0.5, 0.5, 0.5, 0.5, 0.5, 0.5, 0.5, 0.5, 0.5, 0.5, 0.5, 0.5, 0.5, 0.5, 0.5, 0.5, 0.5, 0.5, 0.5, 0.5, 0.5, 0.5, 0.5, 0.5, 0.5, 0.5, 0.5, 0.5, 0.5, 0.5, 0.5, 0.5, 0.5, 0.5, 0.5, 0.5, 0.5, 0.5, 0.5, 0.5, 0.5, 0.5, 0.5, 0.5, 0.5, 0.5, 0.5, 0.5, 0.5, 0.5, 0.5, 0.5, 0.5, 0.5, 0.5, 0.5, 0.5, 0.5, 0.5, 0.5, 0.5, 0.5, 0.5, 0.5, 0.5, 0.5, 0.5, 0.5, 0.5, 0.5, 0.5, 0.5, 0.5, 0.5, 0.5, 0.5, 0.5, 0.5, 0.5, 0.5, 0.5, 0.5, 0.5, 0.5, 0.5, 0.5, 0.5, 0.5, 0.5, 0.5, 0.5, 0.5, 0.5, 0.5, 0.5, 0.5, 0.5, 0.5, 0.5, 0.5, 0.5, 0.5, 0.5, 0.5, 0.5, 0.5, 0.5, 0.5, 0.5, 0.5, 0.5, 0.5, 0.5, 0.5, 0.5, 0.5, 0.5, 0.5, 0.5, 0.5, 0.5, 0.5, 0.5, 0.5, 0.5, 0.5, 0.5, 0.5, 0.5, 0.5, 0.5, 0.5, 0.5, 0.5, 0.5, 0.5, 0.5, 0.5, 0.5, 0.5, 0.5, 0.5, 0.5, 0.5, 0.5, 0.5, 0.5, 0.5, 0.5, 0.5, 0.5, 0.5, 0.5, 0.5, 0.5, 0.5, 0.5, 0.5, 0.5, 0.5, 0.5, 0.5, 0.5, 0.5, 0.5, 0.5, 0.5, 0.5, 0.5, 0.5, 0.5, 0.5, 0.5, 0.5, 0.5, 0.5, 0.5, 0.5, 0.5, 0.5, 0.5, 0.5, 0.5, 0.5, 0.5, 0.5, 0.5, 0.5, 0.5, 0.5, 0.5, 0.5, 0.5, 0.5, 0.5, 0.5, 0.5, 0.5, 0.5, 0.5, 0.5, 0.5, 0.5, 0.5, 0.5, 0.5, 0.5, 0.5, 0.5, 0.5, 0.5, 0.5, 0.5, 0.5, 0.5, 0.5, 0.5, 0.5, 0.5, 0.5, 0.5, 0.5, 0.5, 0.5, 0.5, 0.5, 0.5, 0.5, 0.5, 0.5, 0.5, 0.5, 0.5, 0.5, 0.5, 0.5, 0.5, 0.5, 0.5, 0.5, 0.5, 0.5, 0.5, 0.5, 0.5, 0.5, 0.5, 0.5, 0.5, 0.5, 0.5, 0.5, 0.5, 0.5, 0.5, 0.5, 0.5, 0.5, 0.5, 0.5, 0.5, 0.5, 0.5, 0.5, 0.5, 0.5, 0.5, 0.5, 0.5, 0.5, 0.5, 0.5, 0.5, 0.5, 0.5, 0.5, 0.5, 0.5, 0.5, 0.5, 0.5, 0.5, 0.5, 0.5, 0.5, 0.5, 0.5, 0.5, 0.5, 0.5, 0.5, 0.5, 0.5, 0.5, 0.5, 0.5, 0.5, 0.5, 0.5, 0.5, 0.5, 0.5, 0.5, 0.5, 0.5, 0.5, 0.5, 0.5, 0.5, 0.5, 0.5, 0.5, 0.5, 0.5, 0.5, 0.5, 0.5, 0.5, 0.5, 0.5, 0.5, 0.5, 0.5, 0.5, 0.5, 0.5, 0.5, 0.5, 0.5, 0.5, 0.5, 0.5, 0.5, 0.5, 0.5, 0.5, 0.5, 0.5, 0.5, 0.5, 0.5, 0.5, 0.5, 0.5, 0.5, 0.5, 0.5, 0.5, 0.5, 0.5, 0.5, 0.5, 0.5, 0.5, 0.5, 0.5, 0.5, 0.5, 0.5, 0.5, 0.5, 0.5, 0.5, 0.5, 0.5, 0.5, 0.5, 0.5, 0.5, 0.5, 0.5, 0.5, 0.5, 0.5, 0.5, 0.5, 0.5, 0.5, 0.5, 0.5, 0.5, 0.5, 0.5, 0.5, 0.5, 0.5, 0.5, 0.5, 0.5, 0.5, 0.5, 0.5, 0.5, 0.5, 0.5, 0.5, 0.5, 0.5, 0.5, 0.5, 0.5, 0.5, 0.5, 0.5, 0.5, 0.5, 0.5, 0.5, 0.5, 0.5, 0.5, 0.5, 0.5, 0.5, 0.5, 0.5, 0.5, 0.5, 0.5, 0.5, 0.5, 0.5, 0.5, 0.5, 0.5, 0.5, 0.5, 0.5, 0.5, 0.5, 0.5, 0.5, 0.5, 0.5, 0.5, 0.5, 0.5, 0.5, 0.5, 0.5, 0.5, 0.5, 0.5, 0.5, 0.5, 0.5, 0.5, 0.5, 0.5, 0.5, 0.5, 0.5, 0.5, 0.5, 0.5, 0.5, 0.5, 0.5, 0.5, 0.5, 0.5, 0.5, 0.5, 0.5, 0.5, 0.5, 0.5]",2
2026_11_KICE_38-42_4,['4(2)'],"1번: 적절하다. “간혹 흥행에 실패한 경우도 있지만 이는 소수에 불과했다.”  
2번: 적절하다. “웹툰 영상화 유행 현상은 우리 콘텐츠 산업을 풍요롭게 만든다.”  
3번: 적절하다. 학생3 의견: “자신의 관점을 분명히 밝히는 내용이나 발전 방안 또는 전망에 대한 내용을 추가하면 좋겠어.”  
4번: 부적절하다. 학생3 의견에는 “영상업계의 노력에 관한 내용을 추가하라”는 언급이 없다.  
5번: 적절하다. 학생3는 “발전 방안 또는 전망에 대한 내용을 추가하면 좋겠어”라고 말했다.  

최종 정답: 4번","[16, 167, 110, 230, 25, 23821, 254, 223, 168, 254, 230, 47991, 246, 46695, 97, 13, 564, 250, 166, 108, 226, 169, 246, 117, 220, 169, 251, 98, 169, 244, 231, 168, 245, 238, 23821, 233, 97, 169, 234, 101, 47991, 250, 220, 166, 110, 121, 168, 248, 108, 167, 237, 226, 23821, 252, 230, 168, 100, 222, 167, 100, 234, 23821, 251, 112, 167, 232, 242, 23821, 228, 234, 168, 230, 246, 168, 245, 238, 31619, 114, 230, 166, 111, 120, 169, 244, 230, 46695, 97, 13, 447, 251, 220, 220, 198, 17, 167, 110, 230, 25, 23821, 254, 223, 168, 254, 230, 47991, 246, 46695, 97, 13, 564, 250, 168, 249, 117, 169, 230, 108, 23821, 246, 223, 168, 225, 223, 169, 247, 242, 23821, 250, 254, 169, 244, 231, 220, 169, 246, 226, 168, 225, 223, 35975, 222, 23821, 248, 108, 167, 99, 105, 23821, 121, 246, 169, 227, 238, 168, 116, 254, 23821, 224, 108, 168, 245, 227, 35975, 226, 220, 169, 240, 235, 168, 248, 242, 167, 94, 255, 166, 110, 234, 31619, 100, 234, 167, 241, 254, 46695, 97, 13, 447, 251, 220, 220, 198, 18, 167, 110, 230, 25, 23821, 254, 223, 168, 254, 230, 47991, 246, 46695, 97, 13, 220, 47991, 247, 168, 225, 251, 18, 23821, 251, 246, 166, 110, 105, 25, 564, 250, 168, 252, 238, 168, 233, 254, 35975, 246, 220, 166, 112, 222, 168, 254, 238, 35975, 226, 31619, 114, 226, 167, 103, 227, 169, 252, 230, 31619, 108, 251, 169, 252, 230, 167, 232, 242, 31619, 224, 112, 168, 248, 102, 35975, 112, 167, 224, 246, 31619, 108, 250, 168, 254, 226, 31619, 108, 102, 168, 243, 230, 31619, 246, 238, 167, 232, 242, 23821, 254, 226, 167, 100, 251, 168, 245, 238, 31619, 234, 222, 47991, 250, 31619, 224, 112, 168, 248, 102, 35975, 226, 23821, 114, 242, 166, 108, 222, 47991, 246, 167, 102, 112, 23821, 95, 233, 166, 110, 254, 168, 244, 112, 13, 447, 251, 220, 220, 198, 19, 167, 110, 230, 25, 31619, 114, 222, 168, 254, 223, 168, 254, 230, 47991, 246, 46695, 97, 13, 220, 47991, 247, 168, 225, 251, 18, 23821, 251, 246, 166, 110, 105, 168, 245, 238, 167, 232, 242, 564, 250, 168, 246, 223, 168, 225, 223, 168, 245, 227, 166, 111, 226, 35975, 246, 31619, 227, 116, 167, 254, 98, 168, 245, 238, 220, 166, 112, 222, 47991, 250, 31619, 224, 112, 168, 248, 102, 35975, 226, 23821, 114, 242, 166, 108, 222, 47991, 246, 167, 251, 120, 447, 251, 167, 232, 242, 23821, 244, 116, 166, 116, 231, 35975, 112, 23821, 245, 228, 46695, 97, 13, 220, 220, 198, 20, 167, 110, 230, 25, 23821, 254, 223, 168, 254, 230, 47991, 246, 46695, 97, 13, 220, 47991, 247, 168, 225, 251, 18, 167, 232, 242, 564, 250, 167, 108, 250, 168, 254, 226, 31619, 108, 102, 168, 243, 230, 31619, 246, 238, 167, 232, 242, 23821, 254, 226, 167, 100, 251, 168, 245, 238, 31619, 234, 222, 47991, 250, 31619, 224, 112, 168, 248, 102, 35975, 226, 23821, 114, 242, 166, 108, 222, 47991, 246, 167, 102, 112, 23821, 95, 233, 166, 110, 254, 168, 244, 112, 447, 251, 167, 251, 120, 166, 111, 254, 31619, 100, 238, 169, 244, 230, 46695, 97, 13, 220, 220, 198, 198, 168, 113, 250, 168, 95, 227, 23821, 254, 243, 46695, 113, 25, 604, 167, 110, 230]","[0.5, 0.5, 0.5, 0.5, 0.5, 0.5, 0.5, 0.5, 0.5, 0.5, 0.5, 0.5, 0.5, 0.5, 0.5, 0.5, 0.5, 0.5, 0.5, 0.5, 0.5, 0.5, 0.5, 0.5, 0.5, 0.5, 0.5, 0.5, 0.5, 0.5, 0.5, 0.5, 0.5, 0.5, 0.5, 0.5, 0.5, 0.5, 0.5, 0.5, 0.5, 0.5, 0.5, 0.5, 0.5, 0.5, 0.5, 0.5, 0.5, 0.5, 0.5, 0.5, 0.5, 0.5, 0.5, 0.5, 0.5, 0.5, 0.5, 0.5, 0.5, 0.5, 0.5, 0.5, 0.5, 0.5, 0.5, 0.5, 0.5, 0.5, 0.5, 0.5, 0.5, 0.5, 0.5, 0.5, 0.5, 0.5, 0.5, 0.5, 0.5, 0.5, 0.5, 0.5, 0.5, 0.5, 0.5, 0.5, 0.5, 0.5, 0.5, 0.5, 0.5, 0.5, 0.5, 0.5, 0.5, 0.5, 0.5, 0.5, 0.5, 0.5, 0.5, 0.5, 0.5, 0.5, 0.5, 0.5, 0.5, 0.5, 0.5, 0.5, 0.5, 0.5, 0.5, 0.5, 0.5, 0.5, 0.5, 0.5, 0.5, 0.5, 0.5, 0.5, 0.5, 0.5, 0.5, 0.5, 0.5, 0.5, 0.5, 0.5, 0.5, 0.5, 0.5, 0.5, 0.5, 0.5, 0.5, 0.5, 0.5, 0.5, 0.5, 0.5, 0.5, 0.5, 0.5, 0.5, 0.5, 0.5, 0.5, 0.5, 0.5, 0.5, 0.5, 0.5, 0.5, 0.5, 0.5, 0.5, 0.5, 0.5, 0.5, 0.5, 0.5, 0.5, 0.5, 0.5, 0.5, 0.5, 0.5, 0.5, 0.5, 0.5, 0.5, 0.5, 0.5, 0.5, 0.5, 0.5, 0.5, 0.5, 0.5, 0.5, 0.5, 0.5, 0.5, 0.5, 0.5, 0.5, 0.5, 0.5, 0.5, 0.5, 0.5, 0.5, 0.5, 0.5, 0.5, 0.5, 0.5, 0.5, 0.5, 0.5, 0.5, 0.5, 0.5, 0.5, 0.5, 0.5, 0.5, 0.5, 0.5, 0.5, 0.5, 0.5, 0.5, 0.5, 0.5, 0.5, 0.5, 0.5, 0.5, 0.5, 0.5, 0.5, 0.5, 0.5, 0.5, 0.5, 0.5, 0.5, 0.5, 0.5, 0.5, 0.5, 0.5, 0.5, 0.5, 0.5, 0.5, 0.5, 0.5, 0.5, 0.5, 0.5, 0.5, 0.5, 0.5, 0.5, 0.5, 0.5, 0.5, 0.5, 0.5, 0.5, 0.5, 0.5, 0.5, 0.5, 0.5, 0.5, 0.5, 0.5, 0.5, 0.5, 0.5, 0.5, 0.5, 0.5, 0.5, 0.5, 0.5, 0.5, 0.5, 0.5, 0.5, 0.5, 0.5, 0.5, 0.5, 0.5, 0.5, 0.5, 0.5, 0.5, 0.5, 0.5, 0.5, 0.5, 0.5, 0.5, 0.5, 0.5, 0.5, 0.5, 0.5, 0.5, 0.5, 0.5, 0.5, 0.5, 0.5, 0.5, 0.5, 0.5, 0.5, 0.5, 0.5, 0.5, 0.5, 0.5, 0.5, 0.5, 0.5, 0.5, 0.5, 0.5, 0.5, 0.5, 0.5, 0.5, 0.5, 0.5, 0.5, 0.5, 0.5, 0.5, 0.5, 0.5, 0.5, 0.5, 0.5, 0.5, 0.5, 0.5, 0.5, 0.5, 0.5, 0.5, 0.5, 0.5, 0.5, 0.5, 0.5, 0.5, 0.5, 0.5, 0.5, 0.5, 0.5, 0.5, 0.5, 0.5, 0.5, 0.5, 0.5, 0.5, 0.5, 0.5, 0.5, 0.5, 0.5, 0.5, 0.5, 0.5, 0.5, 0.5, 0.5, 0.5, 0.5, 0.5, 0.5, 0.5, 0.5, 0.5, 0.5, 0.5, 0.5, 0.5, 0.5, 0.5, 0.5, 0.5, 0.5, 0.5, 0.5, 0.5, 0.5, 0.5, 0.5, 0.5, 0.5, 0.5, 0.5, 0.5, 0.5, 0.5, 0.5, 0.5, 0.5, 0.5, 0.5, 0.5, 0.5, 0.5, 0.5, 0.5, 0.5, 0.5, 0.5, 0.5, 0.5, 0.5, 0.5, 0.5, 0.5, 0.5, 0.5, 0.5, 0.5, 0.5, 0.5, 0.5, 0.5, 0.5, 0.5, 0.5, 0.5, 0.5, 0.5, 0.5, 0.5, 0.5, 0.5, 0.5, 0.5, 0.5, 0.5, 0.5, 0.5, 0.5, 0.5, 0.5, 0.5, 0.5, 0.5, 0.5, 0.5, 0.5, 0.5, 0.5, 0.5, 0.5, 0.5, 0.5, 0.5, 0.5, 0.5, 0.5, 0.5, 0.5, 0.5, 0.5, 0.5, 0.5, 0.5, 0.5, 0.5, 0.5, 0.5, 0.5, 0.5, 0.5, 0.5, 0.5, 0.5, 0.5, 0.5, 0.5, 0.5, 0.5, 0.5, 0.5, 0.5, 0.5, 0.5, 0.5, 0.5, 0.5, 0.5, 0.5, 0.5, 0.5, 0.5, 0.5, 0.5, 0.5, 0.5, 0.5, 0.5, 0.5, 0.5, 0.5, 0.5, 0.5, 0.5, 0.5, 0.5, 0.5, 0.5, 0.5, 0.5, 0.5, 0.5, 0.5, 0.5, 0.5, 0.5, 0.5, 0.5, 0.5, 0.5, 0.5, 0.5, 0.5, 0.5, 0.5, 0.5, 0.5, 0.5, 0.5, 0.5, 0.5, 0.5, 0.5, 0.5, 0.5, 0.5, 0.5, 0.5, 0.5, 0.5, 0.5, 0.5, 0.5, 0.5, 0.5, 0.5, 0.5, 0.5, 0.5, 0.5, 0.5, 0.5, 0.5, 0.5, 0.5, 0.5, 0.5, 0.5, 0.5, 0.5, 0.5, 0.5, 0.5, 0.5, 0.5, 0.5, 0.5]",2
2026_11_KICE_43-45_0,['3(2)'],"1번: 부적절하다. “완벽주의적 자기 제시 성향이 높은 사람은 자신에 대한 다른 사람의 긍정적 평가를 믿지 않고 왜곡해서 받아들이는 경향이 있다.”  
2번: 부적절하다. “특히 걷기는 일상에서 우리가 손쉽게 실천해 볼 수 있는 신체 활동이다.”  
3번: 적절하다. “타인의 인정을 기준으로 자신의 가치를 평가하지 않고, 자기 자신을 무조건적으로 수용하는 자세가 도움이 된다.”  
4번: 부적절하다. “이 외에도 상황을 종합적으로 고려하는 ‘인지적 유연성’이 필요하다.”  
5번: 부적절하다. “자신이 온전히 믿는 친구나 가족들에게 불안한 마음을 털어 놓으며 그들로부터 격려와 지지를 구하는 ‘사회적 지지 추구 행동’을 하는 것이 도움이 된다.”  

최종 정답: 3번","[16, 167, 110, 230, 25, 31619, 114, 222, 168, 254, 223, 168, 254, 230, 47991, 246, 46695, 97, 13, 564, 250, 168, 247, 226, 167, 110, 121, 168, 96, 120, 35975, 246, 168, 254, 223, 23821, 252, 238, 166, 116, 108, 23821, 254, 250, 168, 233, 250, 23821, 226, 109, 169, 244, 98, 35975, 112, 31619, 10253, 35975, 222, 23821, 8955, 167, 252, 234, 35975, 222, 23821, 252, 238, 168, 233, 254, 168, 245, 238, 31619, 234, 222, 47991, 250, 31619, 233, 97, 167, 98, 116, 23821, 8955, 167, 252, 234, 35975, 246, 220, 166, 116, 235, 168, 254, 243, 168, 254, 223, 220, 169, 237, 231, 166, 108, 222, 167, 98, 120, 31619, 107, 123, 168, 100, 222, 23821, 243, 232, 166, 111, 254, 23821, 247, 250, 166, 111, 94, 47991, 112, 168, 226, 250, 31619, 108, 249, 168, 243, 226, 167, 241, 97, 35975, 112, 167, 232, 242, 220, 166, 110, 121, 169, 244, 98, 35975, 112, 23821, 252, 230, 46695, 97, 13, 447, 251, 220, 220, 198, 17, 167, 110, 230, 25, 31619, 114, 222, 168, 254, 223, 168, 254, 230, 47991, 246, 46695, 97, 13, 564, 250, 169, 232, 117, 169, 252, 230, 220, 166, 109, 115, 166, 116, 108, 167, 232, 242, 23821, 251, 120, 168, 225, 223, 168, 245, 238, 168, 226, 250, 23821, 248, 108, 167, 99, 105, 166, 108, 222, 23821, 228, 238, 168, 231, 121, 166, 110, 234, 23821, 233, 97, 168, 110, 250, 47991, 112, 31619, 111, 120, 23821, 230, 246, 23821, 252, 230, 167, 232, 242, 23821, 233, 254, 168, 110, 112, 220, 169, 247, 250, 167, 237, 247, 35975, 112, 46695, 97, 13, 447, 251, 220, 220, 198, 18, 167, 110, 230, 25, 23821, 254, 223, 168, 254, 230, 47991, 246, 46695, 97, 13, 564, 250, 169, 225, 222, 35975, 116, 35975, 246, 23821, 251, 116, 168, 254, 243, 35975, 226, 220, 166, 116, 108, 168, 97, 222, 168, 250, 120, 167, 94, 250, 23821, 252, 238, 168, 233, 254, 35975, 246, 220, 166, 108, 222, 168, 117, 246, 167, 98, 120, 220, 169, 237, 231, 166, 108, 222, 47991, 246, 168, 100, 222, 23821, 243, 232, 166, 111, 254, 11, 23821, 252, 238, 166, 116, 108, 23821, 252, 238, 168, 233, 254, 35975, 226, 31619, 105, 112, 168, 94, 108, 166, 109, 112, 168, 254, 223, 168, 250, 120, 167, 94, 250, 23821, 230, 246, 168, 248, 102, 47991, 246, 167, 232, 242, 23821, 252, 238, 168, 226, 116, 166, 108, 222, 31619, 237, 226, 168, 249, 222, 35975, 112, 31619, 238, 250, 46695, 97, 13, 447, 251, 220, 220, 198, 19, 167, 110, 230, 25, 31619, 114, 222, 168, 254, 223, 168, 254, 230, 47991, 246, 46695, 97, 13, 564, 250, 35975, 112, 23821, 247, 116, 168, 245, 238, 167, 237, 226, 23821, 225, 223, 169, 247, 102, 35975, 226, 23821, 95, 227, 47991, 102, 168, 254, 223, 168, 250, 120, 167, 94, 250, 220, 166, 111, 254, 167, 254, 97, 47991, 246, 167, 232, 242, 564, 246, 35975, 116, 168, 100, 222, 168, 254, 223, 23821, 250, 254, 168, 245, 108, 168, 226, 109, 447, 247, 35975, 112, 220, 47991, 226, 168, 248, 242, 47991, 246, 46695, 97, 13, 447, 251, 220, 220, 198, 20, 167, 110, 230, 25, 31619, 114, 222, 168, 254, 223, 168, 254, 230, 47991, 246, 46695, 97, 13, 564, 250, 168, 252, 238, 168, 233, 254, 35975, 112, 23821, 246, 101, 168, 254, 226, 169, 252, 230, 31619, 107, 123, 167, 232, 242, 23821, 117, 250, 166, 113, 105, 167, 224, 246, 220, 166, 108, 222, 168, 94, 109, 167, 241, 97, 168, 245, 238, 166, 110, 234, 31619, 114, 230, 168, 243, 230, 47991, 250, 31619, 100, 230, 35975, 234, 35975, 226, 220, 169, 226, 116, 168, 244, 112, 31619, 228, 241, 168, 250, 120, 167, 102, 108, 220, 166, 115, 116, 167, 241, 97, 167, 94, 250, 167, 114, 222, 169, 226, 108, 220, 166, 110, 102, 167, 254, 97, 168, 247, 222, 23821, 100, 222, 168, 100, 222, 167, 98, 120, 220, 166, 113, 105, 47991, 246, 167, 232, 242, 564, 246, 168, 8955, 169, 248, 234, 168, 254, 223, 23821, 100, 222, 168, 100, 222, 23821, 114, 242, 166, 113, 105, 220, 169, 244, 231, 167, 237, 247, 447, 247, 35975, 226, 220, 47991, 246, 167, 232, 242, 220, 166, 110, 225, 35975, 112, 31619, 237, 226, 168, 249, 222, 35975, 112, 31619, 238, 250, 46695, 97, 13, 447, 251, 220, 220, 198, 198, 168, 113, 250, 168, 95, 227, 23821, 254, 243, 46695, 113, 25, 513, 167, 110, 230]","[0.5, 0.5, 0.5, 0.5, 0.5, 0.5, 0.5, 0.5, 0.5, 0.5, 0.5, 0.5, 0.5, 0.5, 0.5, 0.5, 0.5, 0.5, 0.5, 0.5, 0.5, 0.5, 0.5, 0.5, 0.5, 0.5, 0.5, 0.5, 0.5, 0.5, 0.5, 0.5, 0.5, 0.5, 0.5, 0.5, 0.5, 0.5, 0.5, 0.5, 0.5, 0.5, 0.5, 0.5, 0.5, 0.5, 0.5, 0.5, 0.5, 0.5, 0.5, 0.5, 0.5, 0.5, 0.5, 0.5, 0.5, 0.5, 0.5, 0.5, 0.5, 0.5, 0.5, 0.5, 0.5, 0.5, 0.5, 0.5, 0.5, 0.5, 0.5, 0.5, 0.5, 0.5, 0.5, 0.5, 0.5, 0.5, 0.5, 0.5, 0.5, 0.5, 0.5, 0.5, 0.5, 0.5, 0.5, 0.5, 0.5, 0.5, 0.5, 0.5, 0.5, 0.5, 0.5, 0.5, 0.5, 0.5, 0.5, 0.5, 0.5, 0.5, 0.5, 0.5, 0.5, 0.5, 0.5, 0.5, 0.5, 0.5, 0.5, 0.5, 0.5, 0.5, 0.5, 0.5, 0.5, 0.5, 0.5, 0.5, 0.5, 0.5, 0.5, 0.5, 0.5, 0.5, 0.5, 0.5, 0.5, 0.5, 0.5, 0.5, 0.5, 0.5, 0.5, 0.5, 0.5, 0.5, 0.5, 0.5, 0.5, 0.5, 0.5, 0.5, 0.5, 0.5, 0.5, 0.5, 0.5, 0.5, 0.5, 0.5, 0.5, 0.5, 0.5, 0.5, 0.5, 0.5, 0.5, 0.5, 0.5, 0.5, 0.5, 0.5, 0.5, 0.5, 0.5, 0.5, 0.5, 0.5, 0.5, 0.5, 0.5, 0.5, 0.5, 0.5, 0.5, 0.5, 0.5, 0.5, 0.5, 0.5, 0.5, 0.5, 0.5, 0.5, 0.5, 0.5, 0.5, 0.5, 0.5, 0.5, 0.5, 0.5, 0.5, 0.5, 0.5, 0.5, 0.5, 0.5, 0.5, 0.5, 0.5, 0.5, 0.5, 0.5, 0.5, 0.5, 0.5, 0.5, 0.5, 0.5, 0.5, 0.5, 0.5, 0.5, 0.5, 0.5, 0.5, 0.5, 0.5, 0.5, 0.5, 0.5, 0.5, 0.5, 0.5, 0.5, 0.5, 0.5, 0.5, 0.5, 0.5, 0.5, 0.5, 0.5, 0.5, 0.5, 0.5, 0.5, 0.5, 0.5, 0.5, 0.5, 0.5, 0.5, 0.5, 0.5, 0.5, 0.5, 0.5, 0.5, 0.5, 0.5, 0.5, 0.5, 0.5, 0.5, 0.5, 0.5, 0.5, 0.5, 0.5, 0.5, 0.5, 0.5, 0.5, 0.5, 0.5, 0.5, 0.5, 0.5, 0.5, 0.5, 0.5, 0.5, 0.5, 0.5, 0.5, 0.5, 0.5, 0.5, 0.5, 0.5, 0.5, 0.5, 0.5, 0.5, 0.5, 0.5, 0.5, 0.5, 0.5, 0.5, 0.5, 0.5, 0.5, 0.5, 0.5, 0.5, 0.5, 0.5, 0.5, 0.5, 0.5, 0.5, 0.5, 0.5, 0.5, 0.5, 0.5, 0.5, 0.5, 0.5, 0.5, 0.5, 0.5, 0.5, 0.5, 0.5, 0.5, 0.5, 0.5, 0.5, 0.5, 0.5, 0.5, 0.5, 0.5, 0.5, 0.5, 0.5, 0.5, 0.5, 0.5, 0.5, 0.5, 0.5, 0.5, 0.5, 0.5, 0.5, 0.5, 0.5, 0.5, 0.5, 0.5, 0.5, 0.5, 0.5, 0.5, 0.5, 0.5, 0.5, 0.5, 0.5, 0.5, 0.5, 0.5, 0.5, 0.5, 0.5, 0.5, 0.5, 0.5, 0.5, 0.5, 0.5, 0.5, 0.5, 0.5, 0.5, 0.5, 0.5, 0.5, 0.5, 0.5, 0.5, 0.5, 0.5, 0.5, 0.5, 0.5, 0.5, 0.5, 0.5, 0.5, 0.5, 0.5, 0.5, 0.5, 0.5, 0.5, 0.5, 0.5, 0.5, 0.5, 0.5, 0.5, 0.5, 0.5, 0.5, 0.5, 0.5, 0.5, 0.5, 0.5, 0.5, 0.5, 0.5, 0.5, 0.5, 0.5, 0.5, 0.5, 0.5, 0.5, 0.5, 0.5, 0.5, 0.5, 0.5, 0.5, 0.5, 0.5, 0.5, 0.5, 0.5, 0.5, 0.5, 0.5, 0.5, 0.5, 0.5, 0.5, 0.5, 0.5, 0.5, 0.5, 0.5, 0.5, 0.5, 0.5, 0.5, 0.5, 0.5, 0.5, 0.5, 0.5, 0.5, 0.5, 0.5, 0.5, 0.5, 0.5, 0.5, 0.5, 0.5, 0.5, 0.5, 0.5, 0.5, 0.5, 0.5, 0.5, 0.5, 0.5, 0.5, 0.5, 0.5, 0.5, 0.5, 0.5, 0.5, 0.5, 0.5, 0.5, 0.5, 0.5, 0.5, 0.5, 0.5, 0.5, 0.5, 0.5, 0.5, 0.5, 0.5, 0.5, 0.5, 0.5, 0.5, 0.5, 0.5, 0.5, 0.5, 0.5, 0.5, 0.5, 0.5, 0.5, 0.5, 0.5, 0.5, 0.5, 0.5, 0.5, 0.5, 0.5, 0.5, 0.5, 0.5, 0.5, 0.5, 0.5, 0.5, 0.5, 0.5, 0.5, 0.5, 0.5, 0.5, 0.5, 0.5, 0.5, 0.5, 0.5, 0.5, 0.5, 0.5, 0.5, 0.5, 0.5, 0.5, 0.5, 0.5, 0.5, 0.5, 0.5, 0.5, 0.5, 0.5, 0.5, 0.5, 0.5, 0.5, 0.5, 0.5, 0.5, 0.5, 0.5, 0.5, 0.5, 0.5, 0.5, 0.5, 0.5, 0.5, 0.5, 0.5, 0.5, 0.5, 0.5, 0.5, 0.5, 0.5, 0.5, 0.5, 0.5, 0.5, 0.5, 0.5, 0.5, 0.5, 0.5, 0.5, 0.5, 0.5, 0.5, 0.5, 0.5, 0.5, 0.5, 0.5, 0.5, 0.5, 0.5, 0.5, 0.5, 0.5, 0.5, 0.5, 0.5, 0.5, 0.5, 0.5, 0.5, 0.5, 0.5, 0.5, 0.5, 0.5, 0.5, 0.5, 0.5, 0.5, 0.5, 0.5, 0.5, 0.5, 0.5, 0.5, 0.5, 0.5, 0.5, 0.5, 0.5, 0.5, 0.5, 0.5, 0.5, 0.5, 0.5, 0.5, 0.5, 0.5, 0.5, 0.5, 0.5, 0.5, 0.5, 0.5, 0.5, 0.5, 0.5, 0.5, 0.5, 0.5, 0.5, 0.5, 0.5, 0.5, 0.5, 0.5, 0.5, 0.5, 0.5, 0.5, 0.5, 0.5, 0.5, 0.5, 0.5, 0.5, 0.5, 0.5, 0.5, 0.5, 0.5, 0.5, 0.5, 0.5, 0.5, 0.5, 0.5, 0.5, 0.5, 0.5, 0.5, 0.5, 0.5, 0.5, 0.5, 0.5, 0.5, 0.5, 0.5, 0.5, 0.5, 0.5, 0.5, 0.5, 0.5, 0.5, 0.5, 0.5, 0.5, 0.5, 0.5, 0.5, 0.5, 0.5, 0.5, 0.5, 0.5, 0.5, 0.5, 0.5, 0.5, 0.5, 0.5, 0.5, 0.5, 0.5, 0.5, 0.5, 0.5, 0.5, 0.5, 0.5, 0.5, 0.5, 0.5, 0.5, 0.5, 0.5, 0.5, 0.5, 0.5, 0.5, 0.5, 0.5, 0.5, 0.5, 0.5, 0.5, 0.5, 0.5, 0.5, 0.5, 0.5, 0.5, 0.5, 0.5, 0.5, 0.5, 0.5, 0.5, 0.5, 0.5, 0.5, 0.5, 0.5, 0.5, 0.5, 0.5, 0.5, 0.5, 0.5, 0.5, 0.5, 0.5, 0.5, 0.5, 0.5, 0.5, 0.5, 0.5, 0.5, 0.5, 0.5, 0.5, 0.5, 0.5]",2
2026_11_KICE_43-45_1,['2(2)'],"1번: 적절하다. “이러한 욕구가 커서 자신을 늘 완벽한 모습으로 보이려고 하는 성향이 나타날 수 있는데, 이를 완벽주의적 자기 제시 성향이라 한다.”  
2번: 부적절하다. 텍스트에는 장점 언급이 전혀 없고 오히려 부정적 결과만 다루고 있다. “이러한 불안이 사회생활에서 회피적 행동으로 이어지고, 회피적 행동은 다시 불안을 가중한다.”  
3번: 적절하다. “사람은 누구나 다른 사람에게 좋은 모습을 보이고 싶어 하는 면이 있다.”  
4번: 적절하다. “완벽주의적 자기 제시 성향을 지닌 사람들은 평가의 기준을 자신보다 타인에 두기 때문에 타인의 시선과 평가에 민감해지기 쉽다.”  
5번: 적절하다. “청소년 시기에는 또래 집단에서 친구들에게 긍정적으로 비춰지고 싶은 욕구가 크기 때문에 완벽주의적 자기 제시 성향이 나타나는 경우가 많다.”  
최종 정답: 2번","[16, 167, 110, 230, 25, 23821, 254, 223, 168, 254, 230, 47991, 246, 46695, 97, 13, 564, 250, 35975, 112, 167, 253, 105, 47991, 250, 23821, 248, 243, 166, 113, 105, 166, 108, 222, 23821, 119, 97, 168, 226, 250, 23821, 252, 238, 168, 233, 254, 35975, 226, 31619, 232, 246, 23821, 247, 226, 167, 110, 121, 47991, 250, 31619, 103, 101, 168, 232, 113, 168, 250, 120, 167, 94, 250, 31619, 111, 112, 35975, 112, 167, 254, 97, 166, 111, 254, 220, 47991, 246, 167, 232, 242, 23821, 226, 109, 169, 244, 98, 35975, 112, 31619, 224, 246, 169, 225, 222, 167, 224, 254, 23821, 230, 246, 23821, 252, 230, 167, 232, 242, 167, 235, 108, 11, 23821, 251, 112, 167, 98, 120, 23821, 247, 226, 167, 110, 121, 168, 96, 120, 35975, 246, 168, 254, 223, 23821, 252, 238, 166, 116, 108, 23821, 254, 250, 168, 233, 250, 23821, 226, 109, 169, 244, 98, 35975, 112, 167, 251, 120, 220, 47991, 250, 46695, 97, 13, 447, 251, 220, 220, 198, 17, 167, 110, 230, 25, 31619, 114, 222, 168, 254, 223, 168, 254, 230, 47991, 246, 46695, 97, 13, 220, 169, 227, 235, 168, 232, 97, 169, 232, 116, 168, 245, 238, 167, 232, 242, 23821, 252, 98, 168, 254, 238, 23821, 244, 116, 166, 116, 231, 35975, 112, 23821, 254, 226, 169, 246, 222, 23821, 245, 228, 166, 111, 254, 23821, 246, 97, 169, 252, 230, 167, 254, 97, 31619, 114, 222, 168, 254, 243, 168, 254, 223, 220, 166, 110, 108, 166, 111, 120, 167, 100, 234, 31619, 233, 97, 167, 96, 101, 166, 111, 254, 23821, 252, 230, 46695, 97, 13, 564, 250, 35975, 112, 167, 253, 105, 47991, 250, 31619, 114, 230, 168, 243, 230, 35975, 112, 23821, 8955, 169, 248, 234, 168, 225, 251, 169, 247, 250, 168, 245, 238, 168, 226, 250, 220, 169, 248, 234, 169, 242, 120, 168, 254, 223, 220, 169, 244, 231, 167, 237, 247, 168, 250, 120, 167, 94, 250, 23821, 251, 112, 168, 244, 112, 168, 100, 222, 166, 111, 254, 11, 220, 169, 248, 234, 169, 242, 120, 168, 254, 223, 220, 169, 244, 231, 167, 237, 247, 35975, 222, 31619, 233, 97, 168, 233, 250, 31619, 114, 230, 168, 243, 230, 35975, 226, 220, 166, 108, 222, 168, 97, 239, 47991, 250, 46695, 97, 13, 447, 251, 220, 220, 198, 18, 167, 110, 230, 25, 23821, 254, 223, 168, 254, 230, 47991, 246, 46695, 97, 13, 564, 250, 168, 8955, 167, 252, 234, 35975, 222, 31619, 230, 226, 166, 113, 105, 167, 224, 246, 31619, 233, 97, 167, 98, 116, 23821, 8955, 167, 252, 234, 168, 245, 238, 166, 110, 234, 23821, 95, 233, 35975, 222, 31619, 103, 101, 168, 232, 113, 35975, 226, 31619, 111, 112, 35975, 112, 166, 111, 254, 23821, 233, 114, 168, 244, 112, 220, 47991, 246, 167, 232, 242, 31619, 102, 112, 35975, 112, 23821, 252, 230, 46695, 97, 13, 447, 251, 220, 220, 198, 19, 167, 110, 230, 25, 23821, 254, 223, 168, 254, 230, 47991, 246, 46695, 97, 13, 564, 250, 168, 247, 226, 167, 110, 121, 168, 96, 120, 35975, 246, 168, 254, 223, 23821, 252, 238, 166, 116, 108, 23821, 254, 250, 168, 233, 250, 23821, 226, 109, 169, 244, 98, 35975, 226, 23821, 100, 222, 46695, 234, 23821, 8955, 167, 252, 234, 167, 241, 97, 35975, 222, 220, 169, 237, 231, 166, 108, 222, 35975, 246, 220, 166, 116, 108, 168, 97, 222, 35975, 226, 23821, 252, 238, 168, 233, 254, 167, 111, 112, 46695, 97, 220, 169, 225, 222, 35975, 116, 168, 245, 238, 31619, 239, 238, 166, 116, 108, 31619, 243, 234, 167, 105, 116, 168, 245, 238, 220, 169, 225, 222, 35975, 116, 35975, 246, 23821, 233, 250, 168, 226, 254, 166, 111, 120, 220, 169, 237, 231, 166, 108, 222, 168, 245, 238, 31619, 107, 120, 166, 108, 238, 47991, 112, 168, 100, 222, 166, 116, 108, 23821, 231, 121, 46695, 97, 13, 447, 251, 220, 220, 198, 20, 167, 110, 230, 25, 23821, 254, 223, 168, 254, 230, 47991, 246, 46695, 97, 13, 564, 250, 168, 110, 255, 168, 228, 234, 167, 227, 226, 23821, 233, 250, 166, 116, 108, 168, 245, 238, 167, 232, 242, 31619, 246, 238, 167, 252, 246, 23821, 100, 239, 46695, 101, 168, 245, 238, 168, 226, 250, 23821, 117, 250, 166, 113, 105, 167, 241, 97, 168, 245, 238, 166, 110, 234, 220, 166, 116, 235, 168, 254, 243, 168, 254, 223, 168, 250, 120, 167, 94, 250, 31619, 117, 226, 168, 114, 108, 168, 100, 222, 166, 111, 254, 23821, 233, 114, 35975, 222, 23821, 248, 243, 166, 113, 105, 166, 108, 222, 220, 169, 223, 105, 166, 116, 108, 31619, 243, 234, 167, 105, 116, 168, 245, 238, 23821, 247, 226, 167, 110, 121, 168, 96, 120, 35975, 246, 168, 254, 223, 23821, 252, 238, 166, 116, 108, 23821, 254, 250, 168, 233, 250, 23821, 226, 109, 169, 244, 98, 35975, 112, 31619, 224, 246, 169, 225, 222, 167, 224, 246, 167, 232, 242, 220, 166, 110, 121, 168, 248, 108, 166, 108, 222, 31619, 100, 236, 46695, 97, 13, 447, 251, 220, 220, 198, 168, 113, 250, 168, 95, 227, 23821, 254, 243, 46695, 113, 25, 362, 167, 110, 230]","[0.5, 0.5, 0.5, 0.5, 0.5, 0.5, 0.5, 0.5, 0.5, 0.5, 0.5, 0.5, 0.5, 0.5, 0.5, 0.5, 0.5, 0.5, 0.5, 0.5, 0.5, 0.5, 0.5, 0.5, 0.5, 0.5, 0.5, 0.5, 0.5, 0.5, 0.5, 0.5, 0.5, 0.5, 0.5, 0.5, 0.5, 0.5, 0.5, 0.5, 0.5, 0.5, 0.5, 0.5, 0.5, 0.5, 0.5, 0.5, 0.5, 0.5, 0.5, 0.5, 0.5, 0.5, 0.5, 0.5, 0.5, 0.5, 0.5, 0.5, 0.5, 0.5, 0.5, 0.5, 0.5, 0.5, 0.5, 0.5, 0.5, 0.5, 0.5, 0.5, 0.5, 0.5, 0.5, 0.5, 0.5, 0.5, 0.5, 0.5, 0.5, 0.5, 0.5, 0.5, 0.5, 0.5, 0.5, 0.5, 0.5, 0.5, 0.5, 0.5, 0.5, 0.5, 0.5, 0.5, 0.5, 0.5, 0.5, 0.5, 0.5, 0.5, 0.5, 0.5, 0.5, 0.5, 0.5, 0.5, 0.5, 0.5, 0.5, 0.5, 0.5, 0.5, 0.5, 0.5, 0.5, 0.5, 0.5, 0.5, 0.5, 0.5, 0.5, 0.5, 0.5, 0.5, 0.5, 0.5, 0.5, 0.5, 0.5, 0.5, 0.5, 0.5, 0.5, 0.5, 0.5, 0.5, 0.5, 0.5, 0.5, 0.5, 0.5, 0.5, 0.5, 0.5, 0.5, 0.5, 0.5, 0.5, 0.5, 0.5, 0.5, 0.5, 0.5, 0.5, 0.5, 0.5, 0.5, 0.5, 0.5, 0.5, 0.5, 0.5, 0.5, 0.5, 0.5, 0.5, 0.5, 0.5, 0.5, 0.5, 0.5, 0.5, 0.5, 0.5, 0.5, 0.5, 0.5, 0.5, 0.5, 0.5, 0.5, 0.5, 0.5, 0.5, 0.5, 0.5, 0.5, 0.5, 0.5, 0.5, 0.5, 0.5, 0.5, 0.5, 0.5, 0.5, 0.5, 0.5, 0.5, 0.5, 0.5, 0.5, 0.5, 0.5, 0.5, 0.5, 0.5, 0.5, 0.5, 0.5, 0.5, 0.5, 0.5, 0.5, 0.5, 0.5, 0.5, 0.5, 0.5, 0.5, 0.5, 0.5, 0.5, 0.5, 0.5, 0.5, 0.5, 0.5, 0.5, 0.5, 0.5, 0.5, 0.5, 0.5, 0.5, 0.5, 0.5, 0.5, 0.5, 0.5, 0.5, 0.5, 0.5, 0.5, 0.5, 0.5, 0.5, 0.5, 0.5, 0.5, 0.5, 0.5, 0.5, 0.5, 0.5, 0.5, 0.5, 0.5, 0.5, 0.5, 0.5, 0.5, 0.5, 0.5, 0.5, 0.5, 0.5, 0.5, 0.5, 0.5, 0.5, 0.5, 0.5, 0.5, 0.5, 0.5, 0.5, 0.5, 0.5, 0.5, 0.5, 0.5, 0.5, 0.5, 0.5, 0.5, 0.5, 0.5, 0.5, 0.5, 0.5, 0.5, 0.5, 0.5, 0.5, 0.5, 0.5, 0.5, 0.5, 0.5, 0.5, 0.5, 0.5, 0.5, 0.5, 0.5, 0.5, 0.5, 0.5, 0.5, 0.5, 0.5, 0.5, 0.5, 0.5, 0.5, 0.5, 0.5, 0.5, 0.5, 0.5, 0.5, 0.5, 0.5, 0.5, 0.5, 0.5, 0.5, 0.5, 0.5, 0.5, 0.5, 0.5, 0.5, 0.5, 0.5, 0.5, 0.5, 0.5, 0.5, 0.5, 0.5, 0.5, 0.5, 0.5, 0.5, 0.5, 0.5, 0.5, 0.5, 0.5, 0.5, 0.5, 0.5, 0.5, 0.5, 0.5, 0.5, 0.5, 0.5, 0.5, 0.5, 0.5, 0.5, 0.5, 0.5, 0.5, 0.5, 0.5, 0.5, 0.5, 0.5, 0.5, 0.5, 0.5, 0.5, 0.5, 0.5, 0.5, 0.5, 0.5, 0.5, 0.5, 0.5, 0.5, 0.5, 0.5, 0.5, 0.5, 0.5, 0.5, 0.5, 0.5, 0.5, 0.5, 0.5, 0.5, 0.5, 0.5, 0.5, 0.5, 0.5, 0.5, 0.5, 0.5, 0.5, 0.5, 0.5, 0.5, 0.5, 0.5, 0.5, 0.5, 0.5, 0.5, 0.5, 0.5, 0.5, 0.5, 0.5, 0.5, 0.5, 0.5, 0.5, 0.5, 0.5, 0.5, 0.5, 0.5, 0.5, 0.5, 0.5, 0.5, 0.5, 0.5, 0.5, 0.5, 0.5, 0.5, 0.5, 0.5, 0.5, 0.5, 0.5, 0.5, 0.5, 0.5, 0.5, 0.5, 0.5, 0.5, 0.5, 0.5, 0.5, 0.5, 0.5, 0.5, 0.5, 0.5, 0.5, 0.5, 0.5, 0.5, 0.5, 0.5, 0.5, 0.5, 0.5, 0.5, 0.5, 0.5, 0.5, 0.5, 0.5, 0.5, 0.5, 0.5, 0.5, 0.5, 0.5, 0.5, 0.5, 0.5, 0.5, 0.5, 0.5, 0.5, 0.5, 0.5, 0.5, 0.5, 0.5, 0.5, 0.5, 0.5, 0.5, 0.5, 0.5, 0.5, 0.5, 0.5, 0.5, 0.5, 0.5, 0.5, 0.5, 0.5, 0.5, 0.5, 0.5, 0.5, 0.5, 0.5, 0.5, 0.5, 0.5, 0.5, 0.5, 0.5, 0.5, 0.5, 0.5, 0.5, 0.5, 0.5, 0.5, 0.5, 0.5, 0.5, 0.5, 0.5, 0.5, 0.5, 0.5, 0.5, 0.5, 0.5, 0.5, 0.5, 0.5, 0.5, 0.5, 0.5, 0.5, 0.5, 0.5, 0.5, 0.5, 0.5, 0.5, 0.5, 0.5, 0.5, 0.5, 0.5, 0.5, 0.5, 0.5, 0.5, 0.5, 0.5, 0.5, 0.5, 0.5, 0.5, 0.5, 0.5, 0.5, 0.5, 0.5, 0.5, 0.5, 0.5, 0.5, 0.5, 0.5, 0.5, 0.5, 0.5, 0.5, 0.5, 0.5, 0.5, 0.5, 0.5, 0.5, 0.5, 0.5, 0.5, 0.5, 0.5, 0.5, 0.5, 0.5, 0.5, 0.5, 0.5, 0.5, 0.5, 0.5, 0.5, 0.5, 0.5, 0.5, 0.5, 0.5, 0.5, 0.5, 0.5, 0.5, 0.5, 0.5, 0.5, 0.5, 0.5, 0.5, 0.5, 0.5, 0.5, 0.5, 0.5, 0.5, 0.5, 0.5, 0.5, 0.5, 0.5, 0.5, 0.5, 0.5, 0.5, 0.5, 0.5, 0.5, 0.5, 0.5, 0.5, 0.5, 0.5, 0.5, 0.5, 0.5, 0.5, 0.5, 0.5, 0.5, 0.5, 0.5, 0.5, 0.5, 0.5, 0.5, 0.5, 0.5, 0.5, 0.5, 0.5, 0.5, 0.5, 0.5, 0.5, 0.5, 0.5, 0.5, 0.5, 0.5, 0.5, 0.5, 0.5, 0.5, 0.5, 0.5, 0.5, 0.5, 0.5, 0.5, 0.5, 0.5, 0.5, 0.5, 0.5, 0.5, 0.5, 0.5, 0.5, 0.5, 0.5, 0.5, 0.5, 0.5, 0.5, 0.5, 0.5, 0.5, 0.5, 0.5, 0.5, 0.5, 0.5, 0.5, 0.5, 0.5, 0.5, 0.5, 0.5, 0.5, 0.5, 0.5, 0.5, 0.5, 0.5, 0.5, 0.5, 0.5, 0.5, 0.5, 0.5, 0.5, 0.5, 0.5, 0.5, 0.5, 0.5, 0.5, 0.5, 0.5, 0.5, 0.5, 0.5, 0.5, 0.5, 0.5, 0.5, 0.5, 0.5, 0.5, 0.5, 0.5, 0.5, 0.5, 0.5, 0.5, 0.5, 0.5, 0.5, 0.5, 0.5, 0.5, 0.5, 0.5, 0.5, 0.5, 0.5, 0.5, 0.5, 0.5, 0.5, 0.5, 0.5, 0.5, 0.5, 0.5, 0.5, 0.5, 0.5, 0.5, 0.5, 0.5, 0.5, 0.5, 0.5, 0.5, 0.5, 0.5, 0.5, 0.5, 0.5, 0.5, 0.5, 0.5, 0.5, 0.5, 0.5, 0.5, 0.5, 0.5, 0.5, 0.5, 0.5, 0.5, 0.5, 0.5, 0.5, 0.5, 0.5, 0.5, 0.5, 0.5, 0.5, 0.5, 0.5, 0.5, 0.5, 0.5, 0.5, 0.5, 0.5, 0.5, 0.5, 0.5, 0.5, 0.5, 0.5, 0.5, 0.5, 0.5, 0.5, 0.5, 0.5, 0.5, 0.5, 0.5, 0.5, 0.5, 0.5, 0.5, 0.5, 0.5, 0.5, 0.5, 0.5, 0.5, 0.5, 0.5, 0.5, 0.5, 0.5, 0.5, 0.5, 0.5, 0.5, 0.5, 0.5, 0.5, 0.5, 0.5, 0.5, 0.5, 0.5, 0.5, 0.5, 0.5, 0.5, 0.5, 0.5, 0.5, 0.5, 0.5, 0.5, 0.5, 0.5, 0.5, 0.5, 0.5, 0.5, 0.5, 0.5, 0.5, 0.5, 0.5, 0.5, 0.5, 0.5, 0.5, 0.5, 0.5, 0.5, 0.5]",2
2026_11_KICE_43-45_2,['5(3)'],"1번: 적절하다. (“자신이 온전히 믿는 친구나 가족들에게 불안한 마음을 털어 놓으며 그들로부터 격려와 지지를 구하는 ‘사회적 지지 추구 행동’을 하는 것이 도움이 된다.”)

2번: 적절하다. (“사람은 누구나 다른 사람에게 좋은 모습을 보이고 싶어 하는 면이 있다. … 이를 완벽주의적 자기 제시 성향이라 한다.”)

3번: 적절하다. (“인지적 유연성을 발휘하기 위해서는 자신의 정서를 명확하게 인식할 수 있어야 한다.”)

4번: 적절하다. (“이러한 불안이 사회생활에서 회피적 행동으로 이어지고, 회피적 행동은 다시 불안을 가중한다.”)

5번: 부적절하다. (“이럴 때 걷기를 하면 불안한 마음에 사로잡혔던 주의를 다른 곳으로 돌릴 수 있어 불안을 완화하는 데 도움이 될 수 있다.”)

최종 정답: 5번","[16, 167, 110, 230, 25, 23821, 254, 223, 168, 254, 230, 47991, 246, 46695, 97, 13, 357, 447, 250, 168, 252, 238, 168, 233, 254, 35975, 112, 23821, 246, 101, 168, 254, 226, 169, 252, 230, 31619, 107, 123, 167, 232, 242, 23821, 117, 250, 166, 113, 105, 167, 224, 246, 220, 166, 108, 222, 168, 94, 109, 167, 241, 97, 168, 245, 238, 166, 110, 234, 31619, 114, 230, 168, 243, 230, 47991, 250, 31619, 100, 230, 35975, 234, 35975, 226, 220, 169, 226, 116, 168, 244, 112, 31619, 228, 241, 168, 250, 120, 167, 102, 108, 220, 166, 115, 116, 167, 241, 97, 167, 94, 250, 167, 114, 222, 169, 226, 108, 220, 166, 110, 102, 167, 254, 97, 168, 247, 222, 23821, 100, 222, 168, 100, 222, 167, 98, 120, 220, 166, 113, 105, 47991, 246, 167, 232, 242, 564, 246, 168, 8955, 169, 248, 234, 168, 254, 223, 23821, 100, 222, 168, 100, 222, 23821, 114, 242, 166, 113, 105, 220, 169, 244, 231, 167, 237, 247, 447, 247, 35975, 226, 220, 47991, 246, 167, 232, 242, 220, 166, 110, 225, 35975, 112, 31619, 237, 226, 168, 249, 222, 35975, 112, 31619, 238, 250, 46695, 97, 13, 447, 251, 8, 198, 198, 17, 167, 110, 230, 25, 23821, 254, 223, 168, 254, 230, 47991, 246, 46695, 97, 13, 357, 447, 250, 168, 8955, 167, 252, 234, 35975, 222, 31619, 230, 226, 166, 113, 105, 167, 224, 246, 31619, 233, 97, 167, 98, 116, 23821, 8955, 167, 252, 234, 168, 245, 238, 166, 110, 234, 23821, 95, 233, 35975, 222, 31619, 103, 101, 168, 232, 113, 35975, 226, 31619, 111, 112, 35975, 112, 166, 111, 254, 23821, 233, 114, 168, 244, 112, 220, 47991, 246, 167, 232, 242, 31619, 102, 112, 35975, 112, 23821, 252, 230, 46695, 97, 13, 3926, 23821, 251, 112, 167, 98, 120, 23821, 247, 226, 167, 110, 121, 168, 96, 120, 35975, 246, 168, 254, 223, 23821, 252, 238, 166, 116, 108, 23821, 254, 250, 168, 233, 250, 23821, 226, 109, 169, 244, 98, 35975, 112, 167, 251, 120, 220, 47991, 250, 46695, 97, 13, 447, 251, 8, 198, 198, 18, 167, 110, 230, 25, 23821, 254, 223, 168, 254, 230, 47991, 246, 46695, 97, 13, 357, 447, 250, 35975, 116, 168, 100, 222, 168, 254, 223, 23821, 250, 254, 168, 245, 108, 168, 226, 109, 35975, 226, 31619, 108, 250, 169, 250, 246, 47991, 246, 166, 116, 108, 23821, 250, 226, 47991, 112, 168, 226, 250, 167, 232, 242, 23821, 252, 238, 168, 233, 254, 35975, 246, 23821, 254, 243, 168, 226, 250, 167, 98, 120, 31619, 103, 227, 169, 247, 243, 47991, 246, 166, 110, 234, 23821, 251, 116, 168, 233, 251, 47991, 254, 23821, 230, 246, 23821, 252, 230, 168, 244, 112, 168, 243, 120, 220, 47991, 250, 46695, 97, 13, 447, 251, 8, 198, 198, 19, 167, 110, 230, 25, 23821, 254, 223, 168, 254, 230, 47991, 246, 46695, 97, 13, 357, 447, 250, 35975, 112, 167, 253, 105, 47991, 250, 31619, 114, 230, 168, 243, 230, 35975, 112, 23821, 8955, 169, 248, 234, 168, 225, 251, 169, 247, 250, 168, 245, 238, 168, 226, 250, 220, 169, 248, 234, 169, 242, 120, 168, 254, 223, 220, 169, 244, 231, 167, 237, 247, 168, 250, 120, 167, 94, 250, 23821, 251, 112, 168, 244, 112, 168, 100, 222, 166, 111, 254, 11, 220, 169, 248, 234, 169, 242, 120, 168, 254, 223, 220, 169, 244, 231, 167, 237, 247, 35975, 222, 31619, 233, 97, 168, 233, 250, 31619, 114, 230, 168, 243, 230, 35975, 226, 220, 166, 108, 222, 168, 97, 239, 47991, 250, 46695, 97, 13, 447, 251, 8, 198, 198, 20, 167, 110, 230, 25, 31619, 114, 222, 168, 254, 223, 168, 254, 230, 47991, 246, 46695, 97, 13, 357, 447, 250, 35975, 112, 167, 253, 112, 31619, 243, 234, 220, 166, 109, 115, 166, 116, 108, 167, 98, 120, 220, 47991, 246, 167, 102, 112, 31619, 114, 230, 168, 243, 230, 47991, 250, 31619, 100, 230, 35975, 234, 168, 245, 238, 23821, 8955, 167, 94, 250, 168, 252, 94, 169, 246, 242, 167, 235, 246, 23821, 96, 120, 35975, 246, 167, 98, 120, 31619, 233, 97, 167, 98, 116, 220, 166, 111, 111, 168, 250, 120, 167, 94, 250, 31619, 237, 234, 167, 99, 112, 23821, 230, 246, 23821, 252, 230, 168, 244, 112, 31619, 114, 230, 168, 243, 230, 35975, 226, 23821, 247, 226, 169, 247, 242, 47991, 246, 167, 232, 242, 31619, 235, 108, 31619, 237, 226, 168, 249, 222, 35975, 112, 31619, 238, 254, 23821, 230, 246, 23821, 252, 230, 46695, 97, 13, 447, 251, 8, 198, 198, 168, 113, 250, 168, 95, 227, 23821, 254, 243, 46695, 113, 25, 642, 167, 110, 230]","[0.5, 0.5, 0.5, 0.5, 0.5, 0.5, 0.5, 0.5, 0.5, 0.5, 0.5, 0.5, 0.5, 0.5, 0.5, 0.5, 0.5, 0.5, 0.5, 0.5, 0.5, 0.5, 0.5, 0.5, 0.5, 0.5, 0.5, 0.5, 0.5, 0.5, 0.5, 0.5, 0.5, 0.5, 0.5, 0.5, 0.5, 0.5, 0.5, 0.5, 0.5, 0.5, 0.5, 0.5, 0.5, 0.5, 0.5, 0.5, 0.5, 0.5, 0.5, 0.5, 0.5, 0.5, 0.5, 0.5, 0.5, 0.5, 0.5, 0.5, 0.5, 0.5, 0.5, 0.5, 0.5, 0.5, 0.5, 0.5, 0.5, 0.5, 0.5, 0.5, 0.5, 0.5, 0.5, 0.5, 0.5, 0.5, 0.5, 0.5, 0.5, 0.5, 0.5, 0.5, 0.5, 0.5, 0.5, 0.5, 0.5, 0.5, 0.5, 0.5, 0.5, 0.5, 0.5, 0.5, 0.5, 0.5, 0.5, 0.5, 0.5, 0.5, 0.5, 0.5, 0.5, 0.5, 0.5, 0.5, 0.5, 0.5, 0.5, 0.5, 0.5, 0.5, 0.5, 0.5, 0.5, 0.5, 0.5, 0.5, 0.5, 0.5, 0.5, 0.5, 0.5, 0.5, 0.5, 0.5, 0.5, 0.5, 0.5, 0.5, 0.5, 0.5, 0.5, 0.5, 0.5, 0.5, 0.5, 0.5, 0.5, 0.5, 0.5, 0.5, 0.5, 0.5, 0.5, 0.5, 0.5, 0.5, 0.5, 0.5, 0.5, 0.5, 0.5, 0.5, 0.5, 0.5, 0.5, 0.5, 0.5, 0.5, 0.5, 0.5, 0.5, 0.5, 0.5, 0.5, 0.5, 0.5, 0.5, 0.5, 0.5, 0.5, 0.5, 0.5, 0.5, 0.5, 0.5, 0.5, 0.5, 0.5, 0.5, 0.5, 0.5, 0.5, 0.5, 0.5, 0.5, 0.5, 0.5, 0.5, 0.5, 0.5, 0.5, 0.5, 0.5, 0.5, 0.5, 0.5, 0.5, 0.5, 0.5, 0.5, 0.5, 0.5, 0.5, 0.5, 0.5, 0.5, 0.5, 0.5, 0.5, 0.5, 0.5, 0.5, 0.5, 0.5, 0.5, 0.5, 0.5, 0.5, 0.5, 0.5, 0.5, 0.5, 0.5, 0.5, 0.5, 0.5, 0.5, 0.5, 0.5, 0.5, 0.5, 0.5, 0.5, 0.5, 0.5, 0.5, 0.5, 0.5, 0.5, 0.5, 0.5, 0.5, 0.5, 0.5, 0.5, 0.5, 0.5, 0.5, 0.5, 0.5, 0.5, 0.5, 0.5, 0.5, 0.5, 0.5, 0.5, 0.5, 0.5, 0.5, 0.5, 0.5, 0.5, 0.5, 0.5, 0.5, 0.5, 0.5, 0.5, 0.5, 0.5, 0.5, 0.5, 0.5, 0.5, 0.5, 0.5, 0.5, 0.5, 0.5, 0.5, 0.5, 0.5, 0.5, 0.5, 0.5, 0.5, 0.5, 0.5, 0.5, 0.5, 0.5, 0.5, 0.5, 0.5, 0.5, 0.5, 0.5, 0.5, 0.5, 0.5, 0.5, 0.5, 0.5, 0.5, 0.5, 0.5, 0.5, 0.5, 0.5, 0.5, 0.5, 0.5, 0.5, 0.5, 0.5, 0.5, 0.5, 0.5, 0.5, 0.5, 0.5, 0.5, 0.5, 0.5, 0.5, 0.5, 0.5, 0.5, 0.5, 0.5, 0.5, 0.5, 0.5, 0.5, 0.5, 0.5, 0.5, 0.5, 0.5, 0.5, 0.5, 0.5, 0.5, 0.5, 0.5, 0.5, 0.5, 0.5, 0.5, 0.5, 0.5, 0.5, 0.5, 0.5, 0.5, 0.5, 0.5, 0.5, 0.5, 0.5, 0.5, 0.5, 0.5, 0.5, 0.5, 0.5, 0.5, 0.5, 0.5, 0.5, 0.5, 0.5, 0.5, 0.5, 0.5, 0.5, 0.5, 0.5, 0.5, 0.5, 0.5, 0.5, 0.5, 0.5, 0.5, 0.5, 0.5, 0.5, 0.5, 0.5, 0.5, 0.5, 0.5, 0.5, 0.5, 0.5, 0.5, 0.5, 0.5, 0.5, 0.5, 0.5, 0.5, 0.5, 0.5, 0.5, 0.5, 0.5, 0.5, 0.5, 0.5, 0.5, 0.5, 0.5, 0.5, 0.5, 0.5, 0.5, 0.5, 0.5, 0.5, 0.5, 0.5, 0.5, 0.5, 0.5, 0.5, 0.5, 0.5, 0.5, 0.5, 0.5, 0.5, 0.5, 0.5, 0.5, 0.5, 0.5, 0.5, 0.5, 0.5, 0.5, 0.5, 0.5, 0.5, 0.5, 0.5, 0.5, 0.5, 0.5, 0.5, 0.5, 0.5, 0.5, 0.5, 0.5, 0.5, 0.5, 0.5, 0.5, 0.5, 0.5, 0.5, 0.5, 0.5, 0.5, 0.5, 0.5, 0.5, 0.5, 0.5, 0.5, 0.5, 0.5, 0.5, 0.5, 0.5, 0.5, 0.5, 0.5, 0.5, 0.5, 0.5, 0.5, 0.5, 0.5, 0.5, 0.5, 0.5, 0.5, 0.5, 0.5, 0.5, 0.5, 0.5, 0.5, 0.5, 0.5, 0.5, 0.5, 0.5, 0.5, 0.5, 0.5, 0.5, 0.5, 0.5, 0.5, 0.5, 0.5, 0.5, 0.5, 0.5, 0.5, 0.5, 0.5, 0.5, 0.5, 0.5, 0.5, 0.5, 0.5, 0.5, 0.5, 0.5, 0.5, 0.5, 0.5, 0.5, 0.5, 0.5, 0.5, 0.5, 0.5, 0.5, 0.5, 0.5, 0.5, 0.5, 0.5, 0.5, 0.5, 0.5, 0.5, 0.5, 0.5, 0.5, 0.5, 0.5, 0.5, 0.5, 0.5, 0.5, 0.5, 0.5, 0.5, 0.5, 0.5, 0.5, 0.5, 0.5, 0.5, 0.5, 0.5, 0.5, 0.5, 0.5, 0.5, 0.5, 0.5, 0.5, 0.5, 0.5, 0.5, 0.5, 0.5, 0.5, 0.5, 0.5, 0.5, 0.5, 0.5, 0.5, 0.5, 0.5, 0.5, 0.5, 0.5, 0.5, 0.5, 0.5, 0.5, 0.5, 0.5, 0.5, 0.5, 0.5, 0.5, 0.5, 0.5, 0.5, 0.5, 0.5, 0.5, 0.5, 0.5, 0.5, 0.5, 0.5, 0.5, 0.5, 0.5, 0.5, 0.5, 0.5, 0.5, 0.5, 0.5, 0.5, 0.5, 0.5, 0.5, 0.5, 0.5, 0.5, 0.5, 0.5, 0.5, 0.5, 0.5, 0.5, 0.5, 0.5, 0.5, 0.5, 0.5, 0.5, 0.5, 0.5, 0.5, 0.5, 0.5, 0.5, 0.5, 0.5, 0.5, 0.5, 0.5, 0.5, 0.5, 0.5, 0.5, 0.5, 0.5, 0.5, 0.5, 0.5, 0.5, 0.5, 0.5, 0.5, 0.5, 0.5, 0.5, 0.5, 0.5, 0.5, 0.5, 0.5, 0.5, 0.5, 0.5, 0.5, 0.5, 0.5, 0.5, 0.5, 0.5, 0.5, 0.5, 0.5, 0.5, 0.5, 0.5, 0.5, 0.5, 0.5, 0.5, 0.5, 0.5, 0.5, 0.5, 0.5, 0.5, 0.5, 0.5, 0.5, 0.5, 0.5, 0.5, 0.5, 0.5, 0.5, 0.5, 0.5, 0.5, 0.5, 0.5, 0.5, 0.5, 0.5, 0.5, 0.5, 0.5, 0.5, 0.5, 0.5, 0.5, 0.5, 0.5, 0.5, 0.5, 0.5, 0.5, 0.5, 0.5, 0.5, 0.5, 0.5, 0.5, 0.5, 0.5, 0.5, 0.5, 0.5, 0.5, 0.5, 0.5, 0.5, 0.5, 0.5, 0.5, 0.5, 0.5, 0.5, 0.5, 0.5, 0.5, 0.5, 0.5, 0.5, 0.5, 0.5, 0.5, 0.5, 0.5, 0.5, 0.5, 0.5, 0.5, 0.5, 0.5, 0.5, 0.5, 0.5, 0.5, 0.5, 0.5, 0.5, 0.5, 0.5, 0.5, 0.5, 0.5, 0.5, 0.5, 0.5, 0.5, 0.5, 0.5, 0.5, 0.5, 0.5, 0.5, 0.5, 0.5]",3
