qid,generation_gt,generated_texts,generated_tokens,generated_log_probs,kice_metric
2026_11_KICE_1-3_0,['3(2)'],"1번: 일치 + ""(언어 이해는 말로 듣거나 글로 읽은 내용의 의미를 파악하는 능력으로, 중심 내용 파악하기, 추론하기 등을 포함한다.)""
2번: 일치 + ""(단순 관점에 따르면 해독과 언어 이해가 모두 충분한 독자, 해독과 언어 이해가 모두 부족한 독자, 언어 이해는 충분하지만 해독은 부족한 독자, 해독은 충분하지만 언어 이해는 부족한 독자이다.)""
3번: 일치하지 않음 + ""(단순 관점에 따르면 해독 발달에는 글자와 글자 소리에 대한 학습이 필수적이므로 글 읽기 경험과 말소리 듣기 경험이 모두 필요하다.)""
4번: 일치 + ""(단순 관점은 해독과 언어 이해가 미치는 영향을 규명함으로써 독해 능력 연구의 이론적 토대를 제공했다는 의의가 있다.)""
5번: 일치 + ""(글을 읽고 그 의미를 이해하는 독해에는 글의 유형이나 독서 흥미 등의 다양한 요소가 영향을 미칠 수 있다. 이를 고려하여 독해 능력을 복잡한 과정으로 설명한 연구가 많다.)""
최종 정답: 3","[16, 167, 110, 230, 25, 23821, 251, 120, 168, 117, 246, 1343, 30629, 168, 244, 116, 168, 244, 112, 23821, 251, 112, 47991, 112, 167, 232, 242, 31619, 100, 238, 167, 94, 250, 31619, 241, 96, 166, 109, 108, 167, 224, 246, 220, 166, 116, 222, 167, 94, 250, 23821, 251, 121, 35975, 222, 31619, 224, 112, 168, 248, 102, 35975, 246, 23821, 251, 246, 167, 107, 116, 167, 98, 120, 220, 169, 234, 234, 168, 243, 227, 47991, 246, 167, 232, 242, 31619, 232, 98, 167, 254, 98, 168, 250, 120, 167, 94, 250, 11, 23821, 97, 239, 168, 233, 105, 31619, 224, 112, 168, 248, 102, 220, 169, 234, 234, 168, 243, 227, 47991, 246, 166, 116, 108, 11, 23821, 114, 242, 167, 94, 254, 47991, 246, 166, 116, 108, 31619, 241, 109, 35975, 226, 220, 169, 237, 105, 47991, 101, 47991, 250, 46695, 97, 2014, 1, 198, 17, 167, 110, 230, 25, 23821, 251, 120, 168, 117, 246, 1343, 30629, 46695, 101, 168, 230, 250, 220, 166, 112, 222, 168, 254, 238, 168, 245, 238, 31619, 242, 108, 167, 98, 112, 167, 102, 112, 220, 47991, 112, 167, 237, 227, 166, 111, 120, 23821, 244, 116, 168, 244, 112, 23821, 251, 112, 47991, 112, 166, 108, 222, 31619, 103, 101, 167, 239, 238, 23821, 114, 102, 167, 114, 226, 47991, 250, 31619, 237, 227, 168, 252, 238, 11, 220, 47991, 112, 167, 237, 227, 166, 111, 120, 23821, 244, 116, 168, 244, 112, 23821, 251, 112, 47991, 112, 166, 108, 222, 31619, 103, 101, 167, 239, 238, 31619, 114, 222, 168, 94, 109, 47991, 250, 31619, 237, 227, 168, 252, 238, 11, 23821, 244, 116, 168, 244, 112, 23821, 251, 112, 47991, 112, 167, 232, 242, 23821, 114, 102, 167, 114, 226, 47991, 246, 168, 100, 222, 167, 100, 234, 220, 47991, 112, 167, 237, 227, 35975, 222, 31619, 114, 222, 168, 94, 109, 47991, 250, 31619, 237, 227, 168, 252, 238, 11, 220, 47991, 112, 167, 237, 227, 35975, 222, 23821, 114, 102, 167, 114, 226, 47991, 246, 168, 100, 222, 167, 100, 234, 23821, 244, 116, 168, 244, 112, 23821, 251, 112, 47991, 112, 167, 232, 242, 31619, 114, 222, 168, 94, 109, 47991, 250, 31619, 237, 227, 168, 252, 238, 35975, 112, 46695, 97, 2014, 1, 198, 18, 167, 110, 230, 25, 23821, 251, 120, 168, 117, 246, 47991, 246, 168, 100, 222, 23821, 243, 232, 35975, 234, 1343, 30629, 46695, 101, 168, 230, 250, 220, 166, 112, 222, 168, 254, 238, 168, 245, 238, 31619, 242, 108, 167, 98, 112, 167, 102, 112, 220, 47991, 112, 167, 237, 227, 31619, 108, 250, 46695, 105, 168, 245, 238, 167, 232, 242, 220, 166, 116, 222, 168, 252, 238, 168, 247, 222, 220, 166, 116, 222, 168, 252, 238, 23821, 228, 234, 167, 99, 105, 168, 245, 238, 31619, 234, 222, 47991, 250, 220, 47991, 247, 168, 232, 113, 35975, 112, 220, 47991, 226, 168, 230, 246, 168, 254, 223, 35975, 112, 167, 107, 222, 167, 94, 250, 220, 166, 116, 222, 23821, 251, 121, 166, 116, 108, 220, 166, 110, 121, 169, 245, 246, 166, 111, 120, 31619, 100, 238, 168, 228, 234, 167, 99, 105, 31619, 241, 96, 166, 116, 108, 220, 166, 110, 121, 169, 245, 246, 35975, 112, 31619, 103, 101, 167, 239, 238, 220, 47991, 226, 168, 248, 242, 47991, 246, 46695, 97, 2014, 1, 198, 19, 167, 110, 230, 25, 23821, 251, 120, 168, 117, 246, 1343, 30629, 46695, 101, 168, 230, 250, 220, 166, 112, 222, 168, 254, 238, 35975, 222, 220, 47991, 112, 167, 237, 227, 166, 111, 120, 23821, 244, 116, 168, 244, 112, 23821, 251, 112, 47991, 112, 166, 108, 222, 31619, 107, 116, 168, 117, 246, 167, 232, 242, 23821, 246, 223, 169, 244, 98, 35975, 226, 220, 166, 115, 250, 167, 103, 227, 47991, 101, 168, 250, 120, 167, 94, 250, 168, 235, 101, 31619, 237, 227, 47991, 112, 31619, 232, 98, 167, 254, 98, 23821, 245, 108, 166, 113, 105, 35975, 246, 23821, 251, 112, 167, 94, 254, 168, 254, 223, 220, 169, 228, 254, 167, 234, 222, 167, 98, 120, 23821, 254, 250, 166, 111, 113, 169, 244, 230, 46695, 97, 167, 232, 242, 23821, 251, 246, 35975, 246, 166, 108, 222, 23821, 252, 230, 46695, 97, 2014, 1, 198, 20, 167, 110, 230, 25, 23821, 251, 120, 168, 117, 246, 1343, 30629, 166, 116, 222, 35975, 226, 23821, 251, 121, 166, 111, 254, 220, 166, 115, 116, 23821, 251, 246, 167, 107, 116, 167, 98, 120, 23821, 251, 112, 47991, 112, 47991, 246, 167, 232, 242, 31619, 237, 227, 47991, 112, 168, 245, 238, 167, 232, 242, 220, 166, 116, 222, 35975, 246, 23821, 250, 254, 169, 246, 243, 35975, 112, 167, 224, 246, 31619, 237, 227, 168, 226, 250, 220, 169, 251, 98, 167, 107, 116, 31619, 241, 109, 35975, 246, 31619, 233, 97, 168, 244, 239, 47991, 250, 23821, 248, 242, 168, 228, 234, 166, 108, 222, 23821, 246, 223, 169, 244, 98, 35975, 226, 31619, 107, 116, 168, 117, 254, 23821, 230, 246, 23821, 252, 230, 46695, 97, 13, 23821, 251, 112, 167, 98, 120, 220, 166, 111, 254, 167, 254, 97, 47991, 246, 168, 245, 105, 31619, 237, 227, 47991, 112, 31619, 232, 98, 167, 254, 98, 35975, 226, 31619, 111, 113, 168, 252, 94, 47991, 250, 220, 166, 111, 120, 168, 254, 243, 168, 250, 120, 167, 94, 250, 23821, 226, 97, 167, 103, 227, 47991, 250, 23821, 245, 108, 166, 113, 105, 166, 108, 222, 31619, 100, 236, 46695, 97, 2014, 1, 198, 168, 113, 250, 168, 95, 227, 23821, 254, 243, 46695, 113, 25, 513]","[0.5, 0.5, 0.5, 0.5, 0.5, 0.5, 0.5, 0.5, 0.5, 0.5, 0.5, 0.5, 0.5, 0.5, 0.5, 0.5, 0.5, 0.5, 0.5, 0.5, 0.5, 0.5, 0.5, 0.5, 0.5, 0.5, 0.5, 0.5, 0.5, 0.5, 0.5, 0.5, 0.5, 0.5, 0.5, 0.5, 0.5, 0.5, 0.5, 0.5, 0.5, 0.5, 0.5, 0.5, 0.5, 0.5, 0.5, 0.5, 0.5, 0.5, 0.5, 0.5, 0.5, 0.5, 0.5, 0.5, 0.5, 0.5, 0.5, 0.5, 0.5, 0.5, 0.5, 0.5, 0.5, 0.5, 0.5, 0.5, 0.5, 0.5, 0.5, 0.5, 0.5, 0.5, 0.5, 0.5, 0.5, 0.5, 0.5, 0.5, 0.5, 0.5, 0.5, 0.5, 0.5, 0.5, 0.5, 0.5, 0.5, 0.5, 0.5, 0.5, 0.5, 0.5, 0.5, 0.5, 0.5, 0.5, 0.5, 0.5, 0.5, 0.5, 0.5, 0.5, 0.5, 0.5, 0.5, 0.5, 0.5, 0.5, 0.5, 0.5, 0.5, 0.5, 0.5, 0.5, 0.5, 0.5, 0.5, 0.5, 0.5, 0.5, 0.5, 0.5, 0.5, 0.5, 0.5, 0.5, 0.5, 0.5, 0.5, 0.5, 0.5, 0.5, 0.5, 0.5, 0.5, 0.5, 0.5, 0.5, 0.5, 0.5, 0.5, 0.5, 0.5, 0.5, 0.5, 0.5, 0.5, 0.5, 0.5, 0.5, 0.5, 0.5, 0.5, 0.5, 0.5, 0.5, 0.5, 0.5, 0.5, 0.5, 0.5, 0.5, 0.5, 0.5, 0.5, 0.5, 0.5, 0.5, 0.5, 0.5, 0.5, 0.5, 0.5, 0.5, 0.5, 0.5, 0.5, 0.5, 0.5, 0.5, 0.5, 0.5, 0.5, 0.5, 0.5, 0.5, 0.5, 0.5, 0.5, 0.5, 0.5, 0.5, 0.5, 0.5, 0.5, 0.5, 0.5, 0.5, 0.5, 0.5, 0.5, 0.5, 0.5, 0.5, 0.5, 0.5, 0.5, 0.5, 0.5, 0.5, 0.5, 0.5, 0.5, 0.5, 0.5, 0.5, 0.5, 0.5, 0.5, 0.5, 0.5, 0.5, 0.5, 0.5, 0.5, 0.5, 0.5, 0.5, 0.5, 0.5, 0.5, 0.5, 0.5, 0.5, 0.5, 0.5, 0.5, 0.5, 0.5, 0.5, 0.5, 0.5, 0.5, 0.5, 0.5, 0.5, 0.5, 0.5, 0.5, 0.5, 0.5, 0.5, 0.5, 0.5, 0.5, 0.5, 0.5, 0.5, 0.5, 0.5, 0.5, 0.5, 0.5, 0.5, 0.5, 0.5, 0.5, 0.5, 0.5, 0.5, 0.5, 0.5, 0.5, 0.5, 0.5, 0.5, 0.5, 0.5, 0.5, 0.5, 0.5, 0.5, 0.5, 0.5, 0.5, 0.5, 0.5, 0.5, 0.5, 0.5, 0.5, 0.5, 0.5, 0.5, 0.5, 0.5, 0.5, 0.5, 0.5, 0.5, 0.5, 0.5, 0.5, 0.5, 0.5, 0.5, 0.5, 0.5, 0.5, 0.5, 0.5, 0.5, 0.5, 0.5, 0.5, 0.5, 0.5, 0.5, 0.5, 0.5, 0.5, 0.5, 0.5, 0.5, 0.5, 0.5, 0.5, 0.5, 0.5, 0.5, 0.5, 0.5, 0.5, 0.5, 0.5, 0.5, 0.5, 0.5, 0.5, 0.5, 0.5, 0.5, 0.5, 0.5, 0.5, 0.5, 0.5, 0.5, 0.5, 0.5, 0.5, 0.5, 0.5, 0.5, 0.5, 0.5, 0.5, 0.5, 0.5, 0.5, 0.5, 0.5, 0.5, 0.5, 0.5, 0.5, 0.5, 0.5, 0.5, 0.5, 0.5, 0.5, 0.5, 0.5, 0.5, 0.5, 0.5, 0.5, 0.5, 0.5, 0.5, 0.5, 0.5, 0.5, 0.5, 0.5, 0.5, 0.5, 0.5, 0.5, 0.5, 0.5, 0.5, 0.5, 0.5, 0.5, 0.5, 0.5, 0.5, 0.5, 0.5, 0.5, 0.5, 0.5, 0.5, 0.5, 0.5, 0.5, 0.5, 0.5, 0.5, 0.5, 0.5, 0.5, 0.5, 0.5, 0.5, 0.5, 0.5, 0.5, 0.5, 0.5, 0.5, 0.5, 0.5, 0.5, 0.5, 0.5, 0.5, 0.5, 0.5, 0.5, 0.5, 0.5, 0.5, 0.5, 0.5, 0.5, 0.5, 0.5, 0.5, 0.5, 0.5, 0.5, 0.5, 0.5, 0.5, 0.5, 0.5, 0.5, 0.5, 0.5, 0.5, 0.5, 0.5, 0.5, 0.5, 0.5, 0.5, 0.5, 0.5, 0.5, 0.5, 0.5, 0.5, 0.5, 0.5, 0.5, 0.5, 0.5, 0.5, 0.5, 0.5, 0.5, 0.5, 0.5, 0.5, 0.5, 0.5, 0.5, 0.5, 0.5, 0.5, 0.5, 0.5, 0.5, 0.5, 0.5, 0.5, 0.5, 0.5, 0.5, 0.5, 0.5, 0.5, 0.5, 0.5, 0.5, 0.5, 0.5, 0.5, 0.5, 0.5, 0.5, 0.5, 0.5, 0.5, 0.5, 0.5, 0.5, 0.5, 0.5, 0.5, 0.5, 0.5, 0.5, 0.5, 0.5, 0.5, 0.5, 0.5, 0.5, 0.5, 0.5, 0.5, 0.5, 0.5, 0.5, 0.5, 0.5, 0.5, 0.5, 0.5, 0.5, 0.5, 0.5, 0.5, 0.5, 0.5, 0.5, 0.5, 0.5, 0.5, 0.5, 0.5, 0.5, 0.5, 0.5, 0.5, 0.5, 0.5, 0.5, 0.5, 0.5, 0.5, 0.5, 0.5, 0.5, 0.5, 0.5, 0.5, 0.5, 0.5, 0.5, 0.5, 0.5, 0.5, 0.5, 0.5, 0.5, 0.5, 0.5, 0.5, 0.5, 0.5, 0.5, 0.5, 0.5, 0.5, 0.5, 0.5, 0.5, 0.5, 0.5, 0.5, 0.5, 0.5, 0.5, 0.5, 0.5, 0.5, 0.5, 0.5, 0.5, 0.5, 0.5, 0.5, 0.5, 0.5, 0.5, 0.5, 0.5, 0.5, 0.5, 0.5, 0.5, 0.5, 0.5, 0.5, 0.5, 0.5, 0.5, 0.5, 0.5, 0.5, 0.5, 0.5, 0.5, 0.5, 0.5, 0.5, 0.5, 0.5, 0.5, 0.5, 0.5, 0.5, 0.5, 0.5, 0.5, 0.5, 0.5, 0.5, 0.5, 0.5, 0.5, 0.5, 0.5, 0.5, 0.5, 0.5, 0.5, 0.5, 0.5, 0.5, 0.5, 0.5, 0.5, 0.5, 0.5, 0.5, 0.5, 0.5, 0.5, 0.5, 0.5, 0.5, 0.5, 0.5, 0.5, 0.5, 0.5, 0.5, 0.5, 0.5, 0.5, 0.5, 0.5, 0.5, 0.5, 0.5, 0.5, 0.5, 0.5, 0.5, 0.5, 0.5, 0.5, 0.5, 0.5, 0.5, 0.5, 0.5, 0.5, 0.5, 0.5, 0.5, 0.5, 0.5, 0.5, 0.5, 0.5, 0.5, 0.5, 0.5, 0.5, 0.5, 0.5, 0.5, 0.5, 0.5, 0.5, 0.5, 0.5, 0.5, 0.5, 0.5, 0.5, 0.5, 0.5, 0.5, 0.5, 0.5, 0.5, 0.5, 0.5, 0.5, 0.5, 0.5, 0.5, 0.5, 0.5, 0.5, 0.5, 0.5, 0.5, 0.5, 0.5, 0.5, 0.5, 0.5, 0.5, 0.5, 0.5, 0.5, 0.5, 0.5, 0.5, 0.5, 0.5, 0.5, 0.5, 0.5, 0.5, 0.5, 0.5, 0.5, 0.5, 0.5, 0.5, 0.5, 0.5, 0.5, 0.5, 0.5, 0.5, 0.5, 0.5, 0.5, 0.5, 0.5, 0.5, 0.5, 0.5, 0.5, 0.5, 0.5, 0.5, 0.5, 0.5, 0.5, 0.5, 0.5, 0.5, 0.5, 0.5, 0.5, 0.5, 0.5, 0.5, 0.5, 0.5, 0.5, 0.5, 0.5, 0.5, 0.5, 0.5, 0.5, 0.5, 0.5, 0.5, 0.5, 0.5, 0.5, 0.5, 0.5, 0.5, 0.5, 0.5, 0.5, 0.5, 0.5, 0.5, 0.5, 0.5, 0.5, 0.5, 0.5, 0.5, 0.5, 0.5, 0.5, 0.5, 0.5, 0.5, 0.5, 0.5, 0.5, 0.5, 0.5, 0.5, 0.5, 0.5, 0.5, 0.5, 0.5, 0.5, 0.5, 0.5, 0.5, 0.5, 0.5, 0.5, 0.5, 0.5, 0.5, 0.5, 0.5, 0.5, 0.5, 0.5, 0.5, 0.5, 0.5, 0.5, 0.5, 0.5, 0.5, 0.5, 0.5, 0.5, 0.5, 0.5, 0.5, 0.5, 0.5, 0.5, 0.5, 0.5, 0.5, 0.5, 0.5, 0.5, 0.5, 0.5, 0.5, 0.5, 0.5, 0.5, 0.5, 0.5, 0.5, 0.5, 0.5, 0.5, 0.5, 0.5, 0.5, 0.5, 0.5, 0.5, 0.5, 0.5, 0.5, 0.5, 0.5, 0.5, 0.5, 0.5, 0.5, 0.5, 0.5, 0.5, 0.5, 0.5, 0.5, 0.5, 0.5, 0.5, 0.5, 0.5, 0.5, 0.5, 0.5, 0.5, 0.5, 0.5, 0.5, 0.5, 0.5, 0.5, 0.5, 0.5, 0.5, 0.5, 0.5, 0.5, 0.5, 0.5, 0.5, 0.5, 0.5, 0.5, 0.5, 0.5, 0.5, 0.5, 0.5, 0.5, 0.5, 0.5, 0.5, 0.5, 0.5, 0.5, 0.5, 0.5, 0.5, 0.5]",2
2026_11_KICE_1-3_1,['5(2)'],"1번: 아니오 + ""(지문 속 근거가 된 문장) '단순 관점에 따르면 해독과 언어 이해 중 어느 하나라도 부족한 독자는 독해에 어려움을 겪으며, 능숙한 독해 수준에 도달하기도 힘들다.'""

2번: 아니오 + ""(지문 속 근거가 된 문장) '단순 관점은 독해 능력을 ‘해독’과 ‘언어 이해’로 단순화하여 설명한다.'""

3번: 아니오 + ""(지문 속 근거가 된 문장) '단순 관점에 따르면 해독과 언어 이해 중 어느 하나라도 부족한 독자는 독해에 어려움을 겪으며, 능숙한 독해 수준에 도달하기도 힘들다.'""

4번: 아니오 + ""(지문 속 근거가 된 문장) '해독 발달에는 글자와 글자 소리에 대한 학습이 필수적이므로 글 읽기 경험과 말소리 듣기 경험이 모두 필요하다.'""

5번: 예 + ""(지문 속 근거가 된 문장) '단순 관점은 글자를 단어로 인식하고 글의 내용을 파악하여 그 의미를 이해하기까지 독자의 머릿속에서 일어나는 작용이 어떤 과정을 거치는지 설명하지는 않는다.'""

최종 정답: 5","[16, 167, 110, 230, 25, 23821, 243, 226, 46695, 230, 168, 246, 97, 1343, 30629, 168, 100, 222, 167, 105, 116, 23821, 228, 235, 220, 166, 115, 120, 166, 109, 108, 166, 108, 222, 31619, 238, 250, 31619, 105, 116, 168, 252, 98, 8, 705, 46695, 101, 168, 230, 250, 220, 166, 112, 222, 168, 254, 238, 168, 245, 238, 31619, 242, 108, 167, 98, 112, 167, 102, 112, 220, 47991, 112, 167, 237, 227, 166, 111, 120, 23821, 244, 116, 168, 244, 112, 23821, 251, 112, 47991, 112, 23821, 97, 239, 23821, 244, 112, 167, 232, 238, 220, 47991, 246, 167, 224, 246, 167, 251, 120, 167, 237, 226, 31619, 114, 222, 168, 94, 109, 47991, 250, 31619, 237, 227, 168, 252, 238, 167, 232, 242, 31619, 237, 227, 47991, 112, 168, 245, 238, 23821, 244, 112, 167, 254, 97, 168, 249, 222, 35975, 226, 220, 166, 110, 103, 168, 250, 120, 167, 102, 108, 11, 31619, 232, 98, 168, 230, 247, 47991, 250, 31619, 237, 227, 47991, 112, 23821, 230, 246, 168, 97, 222, 168, 245, 238, 31619, 237, 226, 46695, 105, 47991, 246, 166, 116, 108, 167, 237, 226, 220, 169, 252, 246, 167, 241, 97, 46695, 97, 11496, 198, 198, 17, 167, 110, 230, 25, 23821, 243, 226, 46695, 230, 168, 246, 97, 1343, 30629, 168, 100, 222, 167, 105, 116, 23821, 228, 235, 220, 166, 115, 120, 166, 109, 108, 166, 108, 222, 31619, 238, 250, 31619, 105, 116, 168, 252, 98, 8, 705, 46695, 101, 168, 230, 250, 220, 166, 112, 222, 168, 254, 238, 35975, 222, 31619, 237, 227, 47991, 112, 31619, 232, 98, 167, 254, 98, 35975, 226, 564, 246, 47991, 112, 167, 237, 227, 447, 247, 166, 111, 120, 564, 246, 168, 244, 116, 168, 244, 112, 23821, 251, 112, 47991, 112, 447, 247, 167, 94, 250, 31619, 233, 101, 168, 230, 250, 169, 247, 242, 47991, 246, 168, 245, 105, 23821, 226, 97, 167, 103, 227, 47991, 250, 46695, 97, 11496, 198, 198, 18, 167, 110, 230, 25, 23821, 243, 226, 46695, 230, 168, 246, 97, 1343, 30629, 168, 100, 222, 167, 105, 116, 23821, 228, 235, 220, 166, 115, 120, 166, 109, 108, 166, 108, 222, 31619, 238, 250, 31619, 105, 116, 168, 252, 98, 8, 705, 46695, 101, 168, 230, 250, 220, 166, 112, 222, 168, 254, 238, 168, 245, 238, 31619, 242, 108, 167, 98, 112, 167, 102, 112, 220, 47991, 112, 167, 237, 227, 166, 111, 120, 23821, 244, 116, 168, 244, 112, 23821, 251, 112, 47991, 112, 23821, 97, 239, 23821, 244, 112, 167, 232, 238, 220, 47991, 246, 167, 224, 246, 167, 251, 120, 167, 237, 226, 31619, 114, 222, 168, 94, 109, 47991, 250, 31619, 237, 227, 168, 252, 238, 167, 232, 242, 31619, 237, 227, 47991, 112, 168, 245, 238, 23821, 244, 112, 167, 254, 97, 168, 249, 222, 35975, 226, 220, 166, 110, 103, 168, 250, 120, 167, 102, 108, 11, 31619, 232, 98, 168, 230, 247, 47991, 250, 31619, 237, 227, 47991, 112, 23821, 230, 246, 168, 97, 222, 168, 245, 238, 31619, 237, 226, 46695, 105, 47991, 246, 166, 116, 108, 167, 237, 226, 220, 169, 252, 246, 167, 241, 97, 46695, 97, 11496, 198, 198, 19, 167, 110, 230, 25, 23821, 243, 226, 46695, 230, 168, 246, 97, 1343, 30629, 168, 100, 222, 167, 105, 116, 23821, 228, 235, 220, 166, 115, 120, 166, 109, 108, 166, 108, 222, 31619, 238, 250, 31619, 105, 116, 168, 252, 98, 8, 705, 47991, 112, 167, 237, 227, 31619, 108, 250, 46695, 105, 168, 245, 238, 167, 232, 242, 220, 166, 116, 222, 168, 252, 238, 168, 247, 222, 220, 166, 116, 222, 168, 252, 238, 23821, 228, 234, 167, 99, 105, 168, 245, 238, 31619, 234, 222, 47991, 250, 220, 47991, 247, 168, 232, 113, 35975, 112, 220, 47991, 226, 168, 230, 246, 168, 254, 223, 35975, 112, 167, 107, 222, 167, 94, 250, 220, 166, 116, 222, 23821, 251, 121, 166, 116, 108, 220, 166, 110, 121, 169, 245, 246, 166, 111, 120, 31619, 100, 238, 168, 228, 234, 167, 99, 105, 31619, 241, 96, 166, 116, 108, 220, 166, 110, 121, 169, 245, 246, 35975, 112, 31619, 103, 101, 167, 239, 238, 220, 47991, 226, 168, 248, 242, 47991, 246, 46695, 97, 11496, 198, 198, 20, 167, 110, 230, 25, 23821, 246, 230, 1343, 30629, 168, 100, 222, 167, 105, 116, 23821, 228, 235, 220, 166, 115, 120, 166, 109, 108, 166, 108, 222, 31619, 238, 250, 31619, 105, 116, 168, 252, 98, 8, 705, 46695, 101, 168, 230, 250, 220, 166, 112, 222, 168, 254, 238, 35975, 222, 220, 166, 116, 222, 168, 252, 238, 167, 98, 120, 31619, 233, 101, 168, 244, 112, 167, 94, 250, 23821, 251, 116, 168, 233, 251, 47991, 246, 166, 111, 254, 220, 166, 116, 222, 35975, 246, 31619, 224, 112, 168, 248, 102, 35975, 226, 220, 169, 234, 234, 168, 243, 227, 47991, 246, 168, 245, 105, 220, 166, 115, 116, 23821, 251, 246, 167, 107, 116, 167, 98, 120, 23821, 251, 112, 47991, 112, 47991, 246, 166, 116, 108, 166, 117, 234, 168, 100, 222, 31619, 237, 227, 168, 252, 238, 35975, 246, 31619, 101, 116, 167, 99, 123, 168, 228, 235, 168, 245, 238, 168, 226, 250, 23821, 251, 120, 168, 244, 112, 167, 224, 246, 167, 232, 242, 23821, 252, 239, 168, 248, 102, 35975, 112, 23821, 244, 112, 167, 244, 97, 220, 166, 111, 120, 168, 254, 243, 35975, 226, 220, 166, 109, 108, 168, 117, 246, 167, 232, 242, 168, 100, 222, 23821, 226, 97, 167, 103, 227, 47991, 246, 168, 100, 222, 167, 232, 242, 23821, 243, 232, 167, 232, 242, 46695, 97, 11496, 198, 198, 168, 113, 250, 168, 95, 227, 23821, 254, 243, 46695, 113, 25, 642]","[0.5, 0.5, 0.5, 0.5, 0.5, 0.5, 0.5, 0.5, 0.5, 0.5, 0.5, 0.5, 0.5, 0.5, 0.5, 0.5, 0.5, 0.5, 0.5, 0.5, 0.5, 0.5, 0.5, 0.5, 0.5, 0.5, 0.5, 0.5, 0.5, 0.5, 0.5, 0.5, 0.5, 0.5, 0.5, 0.5, 0.5, 0.5, 0.5, 0.5, 0.5, 0.5, 0.5, 0.5, 0.5, 0.5, 0.5, 0.5, 0.5, 0.5, 0.5, 0.5, 0.5, 0.5, 0.5, 0.5, 0.5, 0.5, 0.5, 0.5, 0.5, 0.5, 0.5, 0.5, 0.5, 0.5, 0.5, 0.5, 0.5, 0.5, 0.5, 0.5, 0.5, 0.5, 0.5, 0.5, 0.5, 0.5, 0.5, 0.5, 0.5, 0.5, 0.5, 0.5, 0.5, 0.5, 0.5, 0.5, 0.5, 0.5, 0.5, 0.5, 0.5, 0.5, 0.5, 0.5, 0.5, 0.5, 0.5, 0.5, 0.5, 0.5, 0.5, 0.5, 0.5, 0.5, 0.5, 0.5, 0.5, 0.5, 0.5, 0.5, 0.5, 0.5, 0.5, 0.5, 0.5, 0.5, 0.5, 0.5, 0.5, 0.5, 0.5, 0.5, 0.5, 0.5, 0.5, 0.5, 0.5, 0.5, 0.5, 0.5, 0.5, 0.5, 0.5, 0.5, 0.5, 0.5, 0.5, 0.5, 0.5, 0.5, 0.5, 0.5, 0.5, 0.5, 0.5, 0.5, 0.5, 0.5, 0.5, 0.5, 0.5, 0.5, 0.5, 0.5, 0.5, 0.5, 0.5, 0.5, 0.5, 0.5, 0.5, 0.5, 0.5, 0.5, 0.5, 0.5, 0.5, 0.5, 0.5, 0.5, 0.5, 0.5, 0.5, 0.5, 0.5, 0.5, 0.5, 0.5, 0.5, 0.5, 0.5, 0.5, 0.5, 0.5, 0.5, 0.5, 0.5, 0.5, 0.5, 0.5, 0.5, 0.5, 0.5, 0.5, 0.5, 0.5, 0.5, 0.5, 0.5, 0.5, 0.5, 0.5, 0.5, 0.5, 0.5, 0.5, 0.5, 0.5, 0.5, 0.5, 0.5, 0.5, 0.5, 0.5, 0.5, 0.5, 0.5, 0.5, 0.5, 0.5, 0.5, 0.5, 0.5, 0.5, 0.5, 0.5, 0.5, 0.5, 0.5, 0.5, 0.5, 0.5, 0.5, 0.5, 0.5, 0.5, 0.5, 0.5, 0.5, 0.5, 0.5, 0.5, 0.5, 0.5, 0.5, 0.5, 0.5, 0.5, 0.5, 0.5, 0.5, 0.5, 0.5, 0.5, 0.5, 0.5, 0.5, 0.5, 0.5, 0.5, 0.5, 0.5, 0.5, 0.5, 0.5, 0.5, 0.5, 0.5, 0.5, 0.5, 0.5, 0.5, 0.5, 0.5, 0.5, 0.5, 0.5, 0.5, 0.5, 0.5, 0.5, 0.5, 0.5, 0.5, 0.5, 0.5, 0.5, 0.5, 0.5, 0.5, 0.5, 0.5, 0.5, 0.5, 0.5, 0.5, 0.5, 0.5, 0.5, 0.5, 0.5, 0.5, 0.5, 0.5, 0.5, 0.5, 0.5, 0.5, 0.5, 0.5, 0.5, 0.5, 0.5, 0.5, 0.5, 0.5, 0.5, 0.5, 0.5, 0.5, 0.5, 0.5, 0.5, 0.5, 0.5, 0.5, 0.5, 0.5, 0.5, 0.5, 0.5, 0.5, 0.5, 0.5, 0.5, 0.5, 0.5, 0.5, 0.5, 0.5, 0.5, 0.5, 0.5, 0.5, 0.5, 0.5, 0.5, 0.5, 0.5, 0.5, 0.5, 0.5, 0.5, 0.5, 0.5, 0.5, 0.5, 0.5, 0.5, 0.5, 0.5, 0.5, 0.5, 0.5, 0.5, 0.5, 0.5, 0.5, 0.5, 0.5, 0.5, 0.5, 0.5, 0.5, 0.5, 0.5, 0.5, 0.5, 0.5, 0.5, 0.5, 0.5, 0.5, 0.5, 0.5, 0.5, 0.5, 0.5, 0.5, 0.5, 0.5, 0.5, 0.5, 0.5, 0.5, 0.5, 0.5, 0.5, 0.5, 0.5, 0.5, 0.5, 0.5, 0.5, 0.5, 0.5, 0.5, 0.5, 0.5, 0.5, 0.5, 0.5, 0.5, 0.5, 0.5, 0.5, 0.5, 0.5, 0.5, 0.5, 0.5, 0.5, 0.5, 0.5, 0.5, 0.5, 0.5, 0.5, 0.5, 0.5, 0.5, 0.5, 0.5, 0.5, 0.5, 0.5, 0.5, 0.5, 0.5, 0.5, 0.5, 0.5, 0.5, 0.5, 0.5, 0.5, 0.5, 0.5, 0.5, 0.5, 0.5, 0.5, 0.5, 0.5, 0.5, 0.5, 0.5, 0.5, 0.5, 0.5, 0.5, 0.5, 0.5, 0.5, 0.5, 0.5, 0.5, 0.5, 0.5, 0.5, 0.5, 0.5, 0.5, 0.5, 0.5, 0.5, 0.5, 0.5, 0.5, 0.5, 0.5, 0.5, 0.5, 0.5, 0.5, 0.5, 0.5, 0.5, 0.5, 0.5, 0.5, 0.5, 0.5, 0.5, 0.5, 0.5, 0.5, 0.5, 0.5, 0.5, 0.5, 0.5, 0.5, 0.5, 0.5, 0.5, 0.5, 0.5, 0.5, 0.5, 0.5, 0.5, 0.5, 0.5, 0.5, 0.5, 0.5, 0.5, 0.5, 0.5, 0.5, 0.5, 0.5, 0.5, 0.5, 0.5, 0.5, 0.5, 0.5, 0.5, 0.5, 0.5, 0.5, 0.5, 0.5, 0.5, 0.5, 0.5, 0.5, 0.5, 0.5, 0.5, 0.5, 0.5, 0.5, 0.5, 0.5, 0.5, 0.5, 0.5, 0.5, 0.5, 0.5, 0.5, 0.5, 0.5, 0.5, 0.5, 0.5, 0.5, 0.5, 0.5, 0.5, 0.5, 0.5, 0.5, 0.5, 0.5, 0.5, 0.5, 0.5, 0.5, 0.5, 0.5, 0.5, 0.5, 0.5, 0.5, 0.5, 0.5, 0.5, 0.5, 0.5, 0.5, 0.5, 0.5, 0.5, 0.5, 0.5, 0.5, 0.5, 0.5, 0.5, 0.5, 0.5, 0.5, 0.5, 0.5, 0.5, 0.5, 0.5, 0.5, 0.5, 0.5, 0.5, 0.5, 0.5, 0.5, 0.5, 0.5, 0.5, 0.5, 0.5, 0.5, 0.5, 0.5, 0.5, 0.5, 0.5, 0.5, 0.5, 0.5, 0.5, 0.5, 0.5, 0.5, 0.5, 0.5, 0.5, 0.5, 0.5, 0.5, 0.5, 0.5, 0.5, 0.5, 0.5, 0.5, 0.5, 0.5, 0.5, 0.5, 0.5, 0.5, 0.5, 0.5, 0.5, 0.5, 0.5, 0.5, 0.5, 0.5, 0.5, 0.5, 0.5, 0.5, 0.5, 0.5, 0.5, 0.5, 0.5, 0.5, 0.5, 0.5, 0.5, 0.5, 0.5, 0.5, 0.5, 0.5, 0.5, 0.5, 0.5, 0.5, 0.5, 0.5, 0.5, 0.5, 0.5, 0.5, 0.5, 0.5, 0.5, 0.5, 0.5, 0.5, 0.5, 0.5, 0.5, 0.5, 0.5, 0.5, 0.5, 0.5, 0.5, 0.5, 0.5, 0.5, 0.5, 0.5, 0.5, 0.5, 0.5, 0.5, 0.5, 0.5, 0.5, 0.5, 0.5, 0.5, 0.5, 0.5, 0.5, 0.5, 0.5, 0.5, 0.5, 0.5, 0.5, 0.5, 0.5, 0.5, 0.5, 0.5, 0.5, 0.5, 0.5, 0.5, 0.5, 0.5, 0.5, 0.5, 0.5, 0.5, 0.5, 0.5, 0.5, 0.5, 0.5, 0.5, 0.5, 0.5, 0.5, 0.5, 0.5, 0.5, 0.5, 0.5, 0.5, 0.5, 0.5, 0.5, 0.5, 0.5, 0.5, 0.5, 0.5, 0.5, 0.5, 0.5, 0.5, 0.5, 0.5, 0.5, 0.5, 0.5, 0.5, 0.5, 0.5, 0.5, 0.5, 0.5, 0.5, 0.5, 0.5, 0.5, 0.5, 0.5, 0.5, 0.5, 0.5, 0.5, 0.5, 0.5, 0.5, 0.5, 0.5, 0.5, 0.5, 0.5, 0.5, 0.5, 0.5, 0.5, 0.5, 0.5, 0.5, 0.5, 0.5, 0.5, 0.5, 0.5, 0.5, 0.5, 0.5, 0.5, 0.5, 0.5, 0.5, 0.5, 0.5, 0.5, 0.5, 0.5, 0.5, 0.5, 0.5, 0.5, 0.5, 0.5, 0.5, 0.5, 0.5, 0.5, 0.5, 0.5, 0.5, 0.5, 0.5, 0.5, 0.5, 0.5, 0.5, 0.5, 0.5, 0.5, 0.5, 0.5, 0.5, 0.5, 0.5, 0.5, 0.5, 0.5, 0.5, 0.5, 0.5, 0.5, 0.5, 0.5, 0.5, 0.5, 0.5, 0.5, 0.5, 0.5, 0.5, 0.5, 0.5, 0.5, 0.5, 0.5, 0.5, 0.5, 0.5, 0.5, 0.5, 0.5, 0.5, 0.5, 0.5, 0.5, 0.5, 0.5, 0.5, 0.5, 0.5, 0.5, 0.5, 0.5, 0.5, 0.5, 0.5, 0.5, 0.5, 0.5, 0.5, 0.5, 0.5, 0.5, 0.5, 0.5, 0.5, 0.5, 0.5, 0.5, 0.5, 0.5, 0.5, 0.5, 0.5, 0.5, 0.5, 0.5, 0.5, 0.5, 0.5, 0.5, 0.5, 0.5, 0.5, 0.5, 0.5, 0.5, 0.5, 0.5, 0.5, 0.5, 0.5, 0.5, 0.5, 0.5, 0.5, 0.5, 0.5, 0.5, 0.5, 0.5, 0.5, 0.5, 0.5, 0.5, 0.5, 0.5, 0.5, 0.5, 0.5, 0.5, 0.5, 0.5, 0.5, 0.5, 0.5, 0.5, 0.5, 0.5, 0.5, 0.5, 0.5, 0.5, 0.5, 0.5, 0.5, 0.5, 0.5, 0.5, 0.5, 0.5, 0.5, 0.5, 0.5, 0.5, 0.5]",2
2026_11_KICE_1-3_2,['4(3)'],"1번: 적절하다고 생각한다 + ""(학생 A는 활동 자료를 글로 읽을 때와 말로 들을 때 모두 중심 내용을 파악하지 못하였다.)""
2번: 적절하다고 생각한다 + ""(소리 내어 단어 읽기: 학생 A는 활동 자료에 있는 단어를 빠르고 정확하게 소리 내어 읽었고 한눈에 잘 식별하였다.)""
3번: 적절하다고 생각한다 + ""(또한 해독이 발달되면 글 읽기 경험을 통해서도 언어 이해가 발달될 수 있으므로 해독 발달 후에는 독서 경험이 독해 능력 발달에 주요한 기여를 한다고 본다.)""
4번: 부적절하다고 생각한다 + ""(학생 B는 활동 자료를 글로 읽을 때는 중심 내용을 파악하지 못했지만 말로 들을 때는 중심 내용을 파악하였다.)""
5번: 적절하다고 생각한다 + ""(해독 발달 전에도 구어 의사소통 경험을 통해 언어 이해가 발달된 것으로 본다.)""
최종 정답: 4번","[16, 167, 110, 230, 25, 23821, 254, 223, 168, 254, 230, 47991, 246, 46695, 97, 166, 111, 254, 23821, 225, 251, 166, 108, 223, 47991, 250, 46695, 97, 1343, 30629, 47991, 247, 168, 225, 251, 317, 167, 232, 242, 220, 169, 247, 250, 167, 237, 247, 23821, 252, 238, 167, 96, 234, 167, 98, 120, 220, 166, 116, 222, 167, 94, 250, 23821, 251, 121, 35975, 226, 31619, 243, 234, 168, 247, 222, 31619, 100, 238, 167, 94, 250, 31619, 241, 97, 35975, 226, 31619, 243, 234, 31619, 103, 101, 167, 239, 238, 23821, 97, 239, 168, 233, 105, 31619, 224, 112, 168, 248, 102, 35975, 226, 220, 169, 234, 234, 168, 243, 227, 47991, 246, 168, 100, 222, 31619, 103, 119, 47991, 246, 168, 246, 222, 46695, 97, 2014, 1, 198, 17, 167, 110, 230, 25, 23821, 254, 223, 168, 254, 230, 47991, 246, 46695, 97, 166, 111, 254, 23821, 225, 251, 166, 108, 223, 47991, 250, 46695, 97, 1343, 30629, 168, 228, 234, 167, 99, 105, 31619, 224, 112, 168, 244, 112, 31619, 233, 101, 168, 244, 112, 23821, 251, 121, 166, 116, 108, 25, 220, 47991, 247, 168, 225, 251, 317, 167, 232, 242, 220, 169, 247, 250, 167, 237, 247, 23821, 252, 238, 167, 96, 234, 168, 245, 238, 23821, 252, 230, 167, 232, 242, 31619, 233, 101, 168, 244, 112, 167, 98, 120, 31619, 117, 254, 167, 98, 112, 166, 111, 254, 23821, 254, 243, 169, 247, 243, 47991, 246, 166, 110, 234, 23821, 228, 234, 167, 99, 105, 31619, 224, 112, 168, 244, 112, 23821, 251, 121, 168, 245, 230, 166, 111, 254, 220, 47991, 250, 167, 230, 230, 168, 245, 238, 23821, 252, 246, 23821, 233, 251, 167, 111, 226, 47991, 246, 168, 246, 222, 46695, 97, 2014, 1, 198, 18, 167, 110, 230, 25, 23821, 254, 223, 168, 254, 230, 47991, 246, 46695, 97, 166, 111, 254, 23821, 225, 251, 166, 108, 223, 47991, 250, 46695, 97, 1343, 30629, 167, 246, 238, 47991, 250, 220, 47991, 112, 167, 237, 227, 35975, 112, 31619, 108, 250, 46695, 105, 167, 238, 246, 167, 102, 112, 220, 166, 116, 222, 23821, 251, 121, 166, 116, 108, 220, 166, 110, 121, 169, 245, 246, 35975, 226, 220, 169, 228, 113, 47991, 112, 168, 226, 250, 167, 237, 226, 23821, 244, 116, 168, 244, 112, 23821, 251, 112, 47991, 112, 166, 108, 222, 31619, 108, 250, 46695, 105, 167, 238, 254, 23821, 230, 246, 23821, 252, 230, 168, 250, 120, 167, 107, 222, 167, 94, 250, 220, 47991, 112, 167, 237, 227, 31619, 108, 250, 46695, 105, 220, 169, 249, 226, 168, 245, 238, 167, 232, 242, 31619, 237, 227, 168, 226, 250, 220, 166, 110, 121, 169, 245, 246, 35975, 112, 31619, 237, 227, 47991, 112, 31619, 232, 98, 167, 254, 98, 31619, 108, 250, 46695, 105, 168, 245, 238, 23821, 96, 120, 168, 248, 242, 47991, 250, 220, 166, 116, 108, 168, 245, 105, 167, 98, 120, 220, 47991, 250, 46695, 97, 166, 111, 254, 31619, 111, 116, 46695, 97, 2014, 1, 198, 19, 167, 110, 230, 25, 31619, 114, 222, 168, 254, 223, 168, 254, 230, 47991, 246, 46695, 97, 166, 111, 254, 23821, 225, 251, 166, 108, 223, 47991, 250, 46695, 97, 1343, 30629, 47991, 247, 168, 225, 251, 347, 167, 232, 242, 220, 169, 247, 250, 167, 237, 247, 23821, 252, 238, 167, 96, 234, 167, 98, 120, 220, 166, 116, 222, 167, 94, 250, 23821, 251, 121, 35975, 226, 31619, 243, 234, 167, 232, 242, 23821, 97, 239, 168, 233, 105, 31619, 224, 112, 168, 248, 102, 35975, 226, 220, 169, 234, 234, 168, 243, 227, 47991, 246, 168, 100, 222, 31619, 103, 119, 169, 244, 230, 168, 100, 222, 167, 100, 234, 31619, 100, 238, 167, 94, 250, 31619, 241, 97, 35975, 226, 31619, 243, 234, 167, 232, 242, 23821, 97, 239, 168, 233, 105, 31619, 224, 112, 168, 248, 102, 35975, 226, 220, 169, 234, 234, 168, 243, 227, 47991, 246, 168, 246, 222, 46695, 97, 2014, 1, 198, 20, 167, 110, 230, 25, 23821, 254, 223, 168, 254, 230, 47991, 246, 46695, 97, 166, 111, 254, 23821, 225, 251, 166, 108, 223, 47991, 250, 46695, 97, 1343, 30629, 47991, 112, 167, 237, 227, 31619, 108, 250, 46695, 105, 23821, 254, 226, 168, 245, 238, 167, 237, 226, 220, 166, 113, 105, 168, 244, 112, 23821, 251, 246, 168, 8955, 168, 228, 234, 169, 228, 113, 220, 166, 110, 121, 169, 245, 246, 35975, 226, 220, 169, 228, 113, 47991, 112, 23821, 244, 116, 168, 244, 112, 23821, 251, 112, 47991, 112, 166, 108, 222, 31619, 108, 250, 46695, 105, 167, 238, 250, 220, 166, 110, 225, 168, 250, 120, 167, 94, 250, 31619, 111, 116, 46695, 97, 2014, 1, 198, 168, 113, 250, 168, 95, 227, 23821, 254, 243, 46695, 113, 25, 604, 167, 110, 230]","[0.5, 0.5, 0.5, 0.5, 0.5, 0.5, 0.5, 0.5, 0.5, 0.5, 0.5, 0.5, 0.5, 0.5, 0.5, 0.5, 0.5, 0.5, 0.5, 0.5, 0.5, 0.5, 0.5, 0.5, 0.5, 0.5, 0.5, 0.5, 0.5, 0.5, 0.5, 0.5, 0.5, 0.5, 0.5, 0.5, 0.5, 0.5, 0.5, 0.5, 0.5, 0.5, 0.5, 0.5, 0.5, 0.5, 0.5, 0.5, 0.5, 0.5, 0.5, 0.5, 0.5, 0.5, 0.5, 0.5, 0.5, 0.5, 0.5, 0.5, 0.5, 0.5, 0.5, 0.5, 0.5, 0.5, 0.5, 0.5, 0.5, 0.5, 0.5, 0.5, 0.5, 0.5, 0.5, 0.5, 0.5, 0.5, 0.5, 0.5, 0.5, 0.5, 0.5, 0.5, 0.5, 0.5, 0.5, 0.5, 0.5, 0.5, 0.5, 0.5, 0.5, 0.5, 0.5, 0.5, 0.5, 0.5, 0.5, 0.5, 0.5, 0.5, 0.5, 0.5, 0.5, 0.5, 0.5, 0.5, 0.5, 0.5, 0.5, 0.5, 0.5, 0.5, 0.5, 0.5, 0.5, 0.5, 0.5, 0.5, 0.5, 0.5, 0.5, 0.5, 0.5, 0.5, 0.5, 0.5, 0.5, 0.5, 0.5, 0.5, 0.5, 0.5, 0.5, 0.5, 0.5, 0.5, 0.5, 0.5, 0.5, 0.5, 0.5, 0.5, 0.5, 0.5, 0.5, 0.5, 0.5, 0.5, 0.5, 0.5, 0.5, 0.5, 0.5, 0.5, 0.5, 0.5, 0.5, 0.5, 0.5, 0.5, 0.5, 0.5, 0.5, 0.5, 0.5, 0.5, 0.5, 0.5, 0.5, 0.5, 0.5, 0.5, 0.5, 0.5, 0.5, 0.5, 0.5, 0.5, 0.5, 0.5, 0.5, 0.5, 0.5, 0.5, 0.5, 0.5, 0.5, 0.5, 0.5, 0.5, 0.5, 0.5, 0.5, 0.5, 0.5, 0.5, 0.5, 0.5, 0.5, 0.5, 0.5, 0.5, 0.5, 0.5, 0.5, 0.5, 0.5, 0.5, 0.5, 0.5, 0.5, 0.5, 0.5, 0.5, 0.5, 0.5, 0.5, 0.5, 0.5, 0.5, 0.5, 0.5, 0.5, 0.5, 0.5, 0.5, 0.5, 0.5, 0.5, 0.5, 0.5, 0.5, 0.5, 0.5, 0.5, 0.5, 0.5, 0.5, 0.5, 0.5, 0.5, 0.5, 0.5, 0.5, 0.5, 0.5, 0.5, 0.5, 0.5, 0.5, 0.5, 0.5, 0.5, 0.5, 0.5, 0.5, 0.5, 0.5, 0.5, 0.5, 0.5, 0.5, 0.5, 0.5, 0.5, 0.5, 0.5, 0.5, 0.5, 0.5, 0.5, 0.5, 0.5, 0.5, 0.5, 0.5, 0.5, 0.5, 0.5, 0.5, 0.5, 0.5, 0.5, 0.5, 0.5, 0.5, 0.5, 0.5, 0.5, 0.5, 0.5, 0.5, 0.5, 0.5, 0.5, 0.5, 0.5, 0.5, 0.5, 0.5, 0.5, 0.5, 0.5, 0.5, 0.5, 0.5, 0.5, 0.5, 0.5, 0.5, 0.5, 0.5, 0.5, 0.5, 0.5, 0.5, 0.5, 0.5, 0.5, 0.5, 0.5, 0.5, 0.5, 0.5, 0.5, 0.5, 0.5, 0.5, 0.5, 0.5, 0.5, 0.5, 0.5, 0.5, 0.5, 0.5, 0.5, 0.5, 0.5, 0.5, 0.5, 0.5, 0.5, 0.5, 0.5, 0.5, 0.5, 0.5, 0.5, 0.5, 0.5, 0.5, 0.5, 0.5, 0.5, 0.5, 0.5, 0.5, 0.5, 0.5, 0.5, 0.5, 0.5, 0.5, 0.5, 0.5, 0.5, 0.5, 0.5, 0.5, 0.5, 0.5, 0.5, 0.5, 0.5, 0.5, 0.5, 0.5, 0.5, 0.5, 0.5, 0.5, 0.5, 0.5, 0.5, 0.5, 0.5, 0.5, 0.5, 0.5, 0.5, 0.5, 0.5, 0.5, 0.5, 0.5, 0.5, 0.5, 0.5, 0.5, 0.5, 0.5, 0.5, 0.5, 0.5, 0.5, 0.5, 0.5, 0.5, 0.5, 0.5, 0.5, 0.5, 0.5, 0.5, 0.5, 0.5, 0.5, 0.5, 0.5, 0.5, 0.5, 0.5, 0.5, 0.5, 0.5, 0.5, 0.5, 0.5, 0.5, 0.5, 0.5, 0.5, 0.5, 0.5, 0.5, 0.5, 0.5, 0.5, 0.5, 0.5, 0.5, 0.5, 0.5, 0.5, 0.5, 0.5, 0.5, 0.5, 0.5, 0.5, 0.5, 0.5, 0.5, 0.5, 0.5, 0.5, 0.5, 0.5, 0.5, 0.5, 0.5, 0.5, 0.5, 0.5, 0.5, 0.5, 0.5, 0.5, 0.5, 0.5, 0.5, 0.5, 0.5, 0.5, 0.5, 0.5, 0.5, 0.5, 0.5, 0.5, 0.5, 0.5, 0.5, 0.5, 0.5, 0.5, 0.5, 0.5, 0.5, 0.5, 0.5, 0.5, 0.5, 0.5, 0.5, 0.5, 0.5, 0.5, 0.5, 0.5, 0.5, 0.5, 0.5, 0.5, 0.5, 0.5, 0.5, 0.5, 0.5, 0.5, 0.5, 0.5, 0.5, 0.5, 0.5, 0.5, 0.5, 0.5, 0.5, 0.5, 0.5, 0.5, 0.5, 0.5, 0.5, 0.5, 0.5, 0.5, 0.5, 0.5, 0.5, 0.5, 0.5, 0.5, 0.5, 0.5, 0.5, 0.5, 0.5, 0.5, 0.5, 0.5, 0.5, 0.5, 0.5, 0.5, 0.5, 0.5, 0.5, 0.5, 0.5, 0.5, 0.5, 0.5, 0.5, 0.5, 0.5, 0.5, 0.5, 0.5, 0.5, 0.5, 0.5, 0.5, 0.5, 0.5, 0.5, 0.5, 0.5, 0.5, 0.5, 0.5, 0.5, 0.5, 0.5, 0.5, 0.5, 0.5, 0.5, 0.5, 0.5, 0.5, 0.5, 0.5, 0.5, 0.5, 0.5, 0.5, 0.5, 0.5, 0.5, 0.5, 0.5, 0.5, 0.5, 0.5, 0.5, 0.5, 0.5, 0.5, 0.5, 0.5, 0.5, 0.5, 0.5, 0.5, 0.5, 0.5, 0.5, 0.5, 0.5, 0.5, 0.5, 0.5, 0.5, 0.5, 0.5, 0.5, 0.5, 0.5, 0.5, 0.5, 0.5, 0.5, 0.5, 0.5, 0.5, 0.5, 0.5, 0.5, 0.5, 0.5, 0.5, 0.5, 0.5, 0.5, 0.5, 0.5, 0.5, 0.5, 0.5, 0.5, 0.5, 0.5, 0.5, 0.5, 0.5, 0.5, 0.5, 0.5, 0.5, 0.5, 0.5, 0.5, 0.5, 0.5, 0.5, 0.5, 0.5, 0.5, 0.5, 0.5, 0.5, 0.5, 0.5, 0.5, 0.5, 0.5, 0.5, 0.5, 0.5, 0.5, 0.5, 0.5, 0.5, 0.5, 0.5, 0.5, 0.5, 0.5, 0.5, 0.5, 0.5, 0.5, 0.5, 0.5, 0.5, 0.5, 0.5, 0.5, 0.5, 0.5, 0.5, 0.5, 0.5, 0.5, 0.5, 0.5, 0.5, 0.5, 0.5, 0.5, 0.5, 0.5, 0.5, 0.5, 0.5, 0.5, 0.5, 0.5, 0.5, 0.5, 0.5, 0.5, 0.5, 0.5, 0.5, 0.5, 0.5, 0.5, 0.5, 0.5, 0.5, 0.5, 0.5, 0.5, 0.5, 0.5, 0.5, 0.5, 0.5, 0.5, 0.5, 0.5, 0.5, 0.5, 0.5, 0.5, 0.5, 0.5, 0.5, 0.5, 0.5, 0.5, 0.5, 0.5, 0.5, 0.5, 0.5, 0.5, 0.5, 0.5, 0.5, 0.5, 0.5, 0.5, 0.5, 0.5, 0.5, 0.5, 0.5, 0.5, 0.5, 0.5, 0.5, 0.5, 0.5, 0.5, 0.5, 0.5, 0.5, 0.5, 0.5, 0.5, 0.5, 0.5, 0.5, 0.5, 0.5, 0.5, 0.5, 0.5, 0.5, 0.5, 0.5, 0.5, 0.5, 0.5, 0.5, 0.5, 0.5, 0.5, 0.5, 0.5, 0.5, 0.5, 0.5, 0.5, 0.5, 0.5, 0.5, 0.5, 0.5, 0.5, 0.5]",3
2026_11_KICE_4-9_0,['1(2)'],"1번: 1번은 (가)가 법조문의 의미 해석 방법을 구분하여 제시하고, (나)가 보증 계약에 관한 규범의 주요 내용을 열거하고 있다를 설명한다. ""(가) 이러한 ‘문리 해석’이 법 해석의 출발점이다. 그러나 문리 해석으로 그 내용을 제대로 파악하기 어려우면, 그것이 사용된 맥락을 ⓑ[고려하여] 그 의미를 파악하는 ‘체계적 해석’, 입법 과정에서 논의된 내용을 바탕으로 그 의미를 파악하는 ‘역사적 해석’ 등의 해석 방법을 사용할 수 있다."" ""(나) 보증이란 채무자가 채무를 이행하지 않으면 그 채무를 다른 사람이 대신 이행하기로 하는 것이다."" ""보증 계약은 보증인에게만 채무를 발생시키므로 유상 계약이 아니다."" ""보증 계약에 대해서는 보증인 보호를 위하여 법적 규제가 적용된다."" 

2번: 2번은 (가)가 의미 차이가 확대되어 온 이유를 분석하고, (나)가 보증 계약에 관련되는 주요 개념들을 정의하고 있다를 설명한다. 지문 속 근거로는 (가)에서 여러 해석 방법이 제시되는 점과, (나)에서 보증 계약의 구성요소를 규정하는 정의와 규제의 필요성이 제시되는 점을 들 수 있다. 실제 근거: “다만 맥락을 고려하여 ... ‘체계적 해석’, ... ‘역사적 해석’ 등의 해석 방법을 사용할 수 있다.”, “보증은 담보 기능을 수행하므로 주채무가 소멸되면 보증 채무도 당연히 소멸된다.”, “보증 계약은 보증인에게만 채무를 발생시키므로 유상 계약이 아니다.”, “보증 계약에 대해서는 보증인 보호를 위하여 법적 규제가 적용된다.” 

3번: 3번은 (가)가 해석 방법의 사례를 소개하고, (나)가 보증 계약의 폐해와 이로 인한 결과를 서술하고 있다를 설명한다. 지문에서 (가)는 담보의 예를 들며 해석 방법의 사례를 제시하고, (나)에서도 보증인 보호와 법적 규제 등에 대해 서술하지만, (나)에서 폐해를 구체적으로 다루거나 그로 인한 부정적 결과를 서술하지는 않는다. 지문 근거: “그 예로서 ‘담보’를 들 수 있다.”, “보증 계약에 대해서는 보증인 보호를 위하여 법적 규제가 적용된다.” 

4번: 4번은 (가)가 법조문의 의미를 파악하는 입장들을 대조하고, (나)가 보증 계약이 역사적 맥락에 따라 변화한 과정을 밝히고 있다를 설명한다. 지문 상의 근거로는 (가)의 서로 다른 해석 방법이 나열되며(문리 해석, 체계적 해석, 역사적 해석), (나)에서 입법 과정과 보증인 보호 필요성의 강조로 역사적 맥락이 드러난다는 점을 들 수 있다. 지문 근거: “이러한 ‘문리 해석’이 법 해석의 출발점이다.”, “그러나 문리 해석으로 그 내용을 제대로 파악하기 어렵... ‘체계적 해석’, ... ‘역사적 해석’ 등의 해석 방법을 사용할 수 있다.”, “위 법률 제2조가 그 적용 대상인 보증 계약을 ‘주채무자가 금전 채무를 이행하지 않는 경우 그 채무를 보증인 이행하기로 하는 계약’이라고 ⓔ[규정하고] 있으나 그 입법 과정에서 연대 보증인 보호의 필요성이 강조되었기 때문이다.” 

5번: 5번은 (가)는 법조문의 의미를 다른 상황에서 유추하여 도출하고, (나)는 보증 계약의 유형별로 규제의 공통점을 비교하고 있다를 설명한다. 지문에는 (가)가 다른 상황에서의 유추 해석이나 유형별 규제의 공통점을 비교하는 부분이 명시적으로 나타나지 않는다. 즉, 주된 내용 전개 방식으로 보아 부합하지 않는다. 근거로는 (가)에서의 체계적/역사적 해석의 제시와 (나)에서의 정의 및 법적 규제의 열거가 중심이다. 

최종 정답: 1
정답 : 1","[16, 167, 110, 230, 25, 352, 167, 110, 230, 35975, 222, 357, 166, 108, 222, 8, 166, 108, 222, 31619, 110, 243, 168, 94, 108, 167, 105, 116, 35975, 246, 23821, 251, 246, 167, 107, 116, 220, 47991, 112, 168, 226, 251, 31619, 108, 102, 167, 110, 243, 35975, 226, 220, 166, 113, 105, 167, 114, 226, 47991, 246, 168, 245, 105, 23821, 254, 250, 168, 233, 250, 47991, 246, 166, 111, 254, 11, 357, 167, 224, 246, 8, 166, 108, 222, 31619, 111, 112, 168, 99, 251, 220, 166, 111, 226, 168, 243, 121, 168, 245, 238, 220, 166, 112, 222, 47991, 250, 220, 166, 115, 250, 167, 110, 242, 35975, 246, 23821, 96, 120, 168, 248, 242, 31619, 224, 112, 168, 248, 102, 35975, 226, 23821, 245, 112, 166, 109, 108, 47991, 246, 166, 111, 254, 23821, 252, 230, 46695, 97, 167, 98, 120, 23821, 226, 97, 167, 103, 227, 47991, 250, 46695, 97, 13, 30629, 166, 108, 222, 8, 23821, 251, 112, 167, 253, 105, 47991, 250, 564, 246, 167, 105, 116, 167, 99, 105, 220, 47991, 112, 168, 226, 251, 447, 247, 35975, 112, 31619, 110, 243, 220, 47991, 112, 168, 226, 251, 35975, 246, 23821, 114, 250, 167, 108, 250, 168, 254, 238, 35975, 112, 46695, 97, 13, 220, 166, 115, 116, 167, 253, 105, 167, 224, 246, 31619, 105, 116, 167, 99, 105, 220, 47991, 112, 168, 226, 251, 168, 250, 120, 167, 94, 250, 220, 166, 115, 116, 31619, 224, 112, 168, 248, 102, 35975, 226, 23821, 254, 250, 167, 234, 222, 167, 94, 250, 220, 169, 234, 234, 168, 243, 227, 47991, 246, 166, 116, 108, 23821, 244, 112, 167, 254, 97, 168, 248, 108, 167, 102, 112, 11, 220, 166, 115, 116, 166, 110, 225, 35975, 112, 23821, 8955, 168, 248, 102, 167, 238, 250, 31619, 100, 98, 167, 251, 121, 35975, 226, 2343, 241, 239, 58, 166, 111, 254, 167, 254, 97, 47991, 246, 168, 245, 105, 60, 220, 166, 115, 116, 23821, 251, 246, 167, 107, 116, 167, 98, 120, 220, 169, 234, 234, 168, 243, 227, 47991, 246, 167, 232, 242, 564, 246, 168, 110, 112, 166, 111, 226, 168, 254, 223, 220, 47991, 112, 168, 226, 251, 447, 247, 11, 23821, 252, 227, 167, 110, 243, 220, 166, 111, 120, 168, 254, 243, 168, 245, 238, 168, 226, 250, 31619, 227, 120, 35975, 246, 167, 238, 250, 31619, 224, 112, 168, 248, 102, 35975, 226, 31619, 108, 242, 169, 225, 243, 168, 250, 120, 167, 94, 250, 220, 166, 115, 116, 23821, 251, 246, 167, 107, 116, 167, 98, 120, 220, 169, 234, 234, 168, 243, 227, 47991, 246, 167, 232, 242, 564, 246, 168, 245, 255, 168, 8955, 168, 254, 223, 220, 47991, 112, 168, 226, 251, 447, 247, 31619, 241, 109, 35975, 246, 220, 47991, 112, 168, 226, 251, 31619, 108, 102, 167, 110, 243, 35975, 226, 23821, 8955, 168, 248, 102, 47991, 254, 23821, 230, 246, 23821, 252, 230, 46695, 97, 526, 30629, 167, 224, 246, 8, 31619, 111, 112, 168, 99, 251, 35975, 112, 167, 252, 222, 23821, 109, 226, 167, 105, 112, 168, 252, 238, 166, 108, 222, 23821, 109, 226, 167, 105, 112, 167, 98, 120, 23821, 251, 112, 169, 244, 231, 47991, 246, 168, 100, 222, 23821, 243, 232, 168, 250, 120, 167, 102, 112, 220, 166, 115, 116, 23821, 109, 226, 167, 105, 112, 167, 98, 120, 31619, 233, 97, 167, 98, 116, 23821, 8955, 167, 252, 234, 35975, 112, 31619, 234, 222, 168, 233, 254, 23821, 251, 112, 169, 244, 231, 47991, 246, 166, 116, 108, 167, 94, 250, 220, 47991, 246, 167, 232, 242, 220, 166, 110, 225, 35975, 112, 46695, 97, 526, 366, 167, 111, 112, 168, 99, 251, 220, 166, 111, 226, 168, 243, 121, 35975, 222, 31619, 111, 112, 168, 99, 251, 35975, 116, 168, 245, 238, 166, 110, 234, 167, 100, 234, 23821, 109, 226, 167, 105, 112, 167, 98, 120, 31619, 108, 250, 168, 225, 251, 168, 233, 250, 169, 224, 97, 167, 107, 222, 167, 94, 250, 23821, 250, 254, 168, 225, 223, 220, 166, 111, 226, 168, 243, 121, 35975, 112, 23821, 243, 226, 46695, 230, 46695, 97, 526, 366, 167, 111, 112, 168, 99, 251, 220, 166, 111, 226, 168, 243, 121, 168, 245, 238, 31619, 234, 222, 47991, 112, 168, 226, 250, 167, 232, 242, 31619, 111, 112, 168, 99, 251, 35975, 116, 31619, 111, 112, 169, 246, 116, 167, 98, 120, 23821, 250, 226, 47991, 246, 168, 245, 105, 31619, 110, 243, 168, 254, 223, 220, 166, 115, 250, 168, 254, 250, 166, 108, 222, 23821, 254, 223, 168, 248, 102, 167, 238, 250, 46695, 97, 526, 220, 198, 198, 17, 167, 110, 230, 25, 362, 167, 110, 230, 35975, 222, 357, 166, 108, 222, 8, 166, 108, 222, 23821, 251, 246, 167, 107, 116, 23821, 108, 101, 35975, 112, 166, 108, 222, 220, 169, 247, 243, 167, 234, 222, 167, 238, 246, 168, 244, 112, 23821, 246, 101, 23821, 251, 112, 168, 250, 254, 167, 98, 120, 31619, 114, 226, 168, 226, 251, 47991, 246, 166, 111, 254, 11, 357, 167, 224, 246, 8, 166, 108, 222, 31619, 111, 112, 168, 99, 251, 220, 166, 111, 226, 168, 243, 121, 168, 245, 238, 220, 166, 112, 222, 167, 254, 101, 167, 238, 246, 167, 232, 242, 23821, 96, 120, 168, 248, 242, 220, 166, 108, 250, 167, 227, 238, 167, 241, 97, 35975, 226, 23821, 254, 243, 35975, 246, 47991, 246, 166, 111, 254, 23821, 252, 230, 46695, 97, 167, 98, 120, 23821, 226, 97, 167, 103, 227, 47991, 250, 46695, 97, 13, 23821, 100, 222, 167, 105, 116, 23821, 228, 235, 220, 166, 115, 120, 166, 109, 108, 167, 94, 250, 167, 232, 242, 357, 166, 108, 222, 8, 168, 245, 238, 168, 226, 250, 23821, 245, 105, 167, 253, 105, 220, 47991, 112, 168, 226, 251, 31619, 108, 102, 167, 110, 243, 35975, 112, 23821, 254, 250, 168, 233, 250, 167, 238, 246, 167, 232, 242, 23821, 254, 238, 166, 111, 120, 11, 357, 167, 224, 246, 8, 168, 245, 238, 168, 226, 250, 31619, 111, 112, 168, 99, 251, 220, 166, 111, 226, 168, 243, 121, 35975, 246, 220, 166, 113, 105, 168, 226, 109, 168, 248, 242, 168, 228, 234, 167, 98, 120, 220, 166, 115, 250, 168, 254, 243, 47991, 246, 167, 232, 242, 23821, 254, 243, 35975, 246, 168, 247, 222, 220, 166, 115, 250, 168, 254, 250, 35975, 246, 220, 47991, 226, 168, 248, 242, 168, 226, 109, 35975, 112, 23821, 254, 250, 168, 233, 250, 167, 238, 246, 167, 232, 242, 23821, 254, 238, 35975, 226, 31619, 241, 97, 23821, 230, 246, 23821, 252, 230, 46695, 97, 13, 23821, 233, 97, 168, 254, 250, 220, 166, 115, 120, 166, 109, 108, 25, 564, 250, 46695, 97, 167, 100, 234, 31619, 100, 98, 167, 251, 121, 35975, 226, 220, 166, 111, 254, 167, 254, 97, 47991, 246, 168, 245, 105, 2644, 564, 246, 168, 110, 112, 166, 111, 226, 168, 254, 223, 220, 47991, 112, 168, 226, 251, 447, 247, 11, 2644, 564, 246, 168, 245, 255, 168, 8955, 168, 254, 223, 220, 47991, 112, 168, 226, 251, 447, 247, 31619, 241, 109, 35975, 246, 220, 47991, 112, 168, 226, 251, 31619, 108, 102, 167, 110, 243, 35975, 226, 23821, 8955, 168, 248, 102, 47991, 254, 23821, 230, 246, 23821, 252, 230, 46695, 97, 13, 447, 251, 11, 564, 250, 167, 111, 112, 168, 99, 251, 35975, 222, 31619, 233, 112, 167, 111, 112, 220, 166, 116, 108, 167, 232, 98, 35975, 226, 23821, 230, 246, 169, 244, 231, 47991, 246, 167, 107, 222, 167, 94, 250, 23821, 96, 120, 168, 109, 226, 167, 105, 112, 166, 108, 222, 23821, 228, 234, 167, 102, 116, 167, 238, 246, 167, 102, 112, 31619, 111, 112, 168, 99, 251, 23821, 109, 226, 167, 105, 112, 167, 237, 226, 31619, 233, 117, 168, 245, 108, 169, 252, 230, 23821, 228, 234, 167, 102, 116, 167, 238, 250, 46695, 97, 13, 447, 251, 11, 564, 250, 167, 111, 112, 168, 99, 251, 220, 166, 111, 226, 168, 243, 121, 35975, 222, 31619, 111, 112, 168, 99, 251, 35975, 116, 168, 245, 238, 166, 110, 234, 167, 100, 234, 23821, 109, 226, 167, 105, 112, 167, 98, 120, 31619, 108, 250, 168, 225, 251, 168, 233, 250, 169, 224, 97, 167, 107, 222, 167, 94, 250, 23821, 250, 254, 168, 225, 223, 220, 166, 111, 226, 168, 243, 121, 35975, 112, 23821, 243, 226, 46695, 230, 46695, 97, 13, 447, 251, 11, 564, 250, 167, 111, 112, 168, 99, 251, 220, 166, 111, 226, 168, 243, 121, 168, 245, 238, 31619, 234, 222, 47991, 112, 168, 226, 250, 167, 232, 242, 31619, 111, 112, 168, 99, 251, 35975, 116, 31619, 111, 112, 169, 246, 116, 167, 98, 120, 23821, 250, 226, 47991, 246, 168, 245, 105, 31619, 110, 243, 168, 254, 223, 220, 166, 115, 250, 168, 254, 250, 166, 108, 222, 23821, 254, 223, 168, 248, 102, 167, 238, 250, 46695, 97, 13, 447, 251, 220, 198, 198, 18, 167, 110, 230, 25, 513, 167, 110, 230, 35975, 222, 357, 166, 108, 222, 8, 166, 108, 222, 220, 47991, 112, 168, 226, 251, 31619, 108, 102, 167, 110, 243, 35975, 246, 23821, 8955, 167, 94, 222, 167, 98, 120, 23821, 228, 234, 166, 108, 250, 47991, 246, 166, 111, 254, 11, 357, 167, 224, 246, 8, 166, 108, 222, 31619, 111, 112, 168, 99, 251, 220, 166, 111, 226, 168, 243, 121, 35975, 246, 220, 169, 237, 238, 47991, 112, 168, 247, 222, 23821, 251, 112, 167, 94, 250, 23821, 251, 116, 47991, 250, 220, 166, 110, 108, 166, 111, 120, 167, 98, 120, 23821, 226, 250, 168, 230, 254, 47991, 246, 166, 111, 254, 23821, 252, 230, 46695, 97, 167, 98, 120, 23821, 226, 97, 167, 103, 227, 47991, 250, 46695, 97, 13, 23821, 100, 222, 167, 105, 116, 168, 245, 238, 168, 226, 250, 357, 166, 108, 222, 8, 167, 232, 242, 31619, 233, 112, 167, 111, 112, 35975, 246, 23821, 246, 230, 167, 98, 120, 31619, 241, 97, 167, 102, 108, 220, 47991, 112, 168, 226, 251, 31619, 108, 102, 167, 110, 243, 35975, 246, 23821, 8955, 167, 94, 222, 167, 98, 120, 23821, 254, 250, 168, 233, 250, 47991, 246, 166, 111, 254, 11, 357, 167, 224, 246, 8, 168, 245, 238, 168, 226, 250, 167, 237, 226, 31619, 111, 112, 168, 99, 251, 35975, 116, 31619, 111, 112, 169, 246, 116, 168, 247, 222, 31619, 110, 243, 168, 254, 223, 220, 166, 115, 250, 168, 254, 250, 31619, 241, 109, 168, 245, 238, 31619, 234, 222, 47991, 112, 23821, 226, 250, 168, 230, 254, 47991, 246, 168, 100, 222, 167, 100, 234, 11, 357, 167, 224, 246, 8, 168, 245, 238, 168, 226, 250, 220, 169, 237, 238, 47991, 112, 167, 98, 120, 220, 166, 113, 105, 168, 110, 112, 168, 254, 223, 168, 250, 120, 167, 94, 250, 31619, 233, 97, 167, 96, 101, 166, 109, 108, 167, 224, 246, 220, 166, 115, 116, 167, 94, 250, 23821, 251, 116, 47991, 250, 31619, 114, 222, 168, 254, 243, 168, 254, 223, 220, 166, 110, 108, 166, 111, 120, 167, 98, 120, 23821, 226, 250, 168, 230, 254, 47991, 246, 168, 100, 222, 167, 232, 242, 23821, 243, 232, 167, 232, 242, 46695, 97, 13, 23821, 100, 222, 167, 105, 116, 220, 166, 115, 120, 166, 109, 108, 25, 564, 250, 166, 115, 116, 23821, 246, 230, 167, 94, 250, 168, 226, 250, 564, 246, 46695, 112, 167, 111, 112, 447, 247, 167, 98, 120, 31619, 241, 97, 23821, 230, 246, 23821, 252, 230, 46695, 97, 13, 447, 251, 11, 564, 250, 167, 111, 112, 168, 99, 251, 220, 166, 111, 226, 168, 243, 121, 168, 245, 238, 31619, 234, 222, 47991, 112, 168, 226, 250, 167, 232, 242, 31619, 111, 112, 168, 99, 251, 35975, 116, 31619, 111, 112, 169, 246, 116, 167, 98, 120, 23821, 250, 226, 47991, 246, 168, 245, 105, 31619, 110, 243, 168, 254, 223, 220, 166, 115, 250, 168, 254, 250, 166, 108, 222, 23821, 254, 223, 168, 248, 102, 167, 238, 250, 46695, 97, 13, 447, 251, 220, 198, 198, 19, 167, 110, 230, 25, 604, 167, 110, 230, 35975, 222, 357, 166, 108, 222, 8, 166, 108, 222, 31619, 110, 243, 168, 94, 108, 167, 105, 116, 35975, 246, 23821, 251, 246, 167, 107, 116, 167, 98, 120, 220, 169, 234, 234, 168, 243, 227, 47991, 246, 167, 232, 242, 23821, 252, 227, 168, 252, 98, 167, 241, 97, 35975, 226, 31619, 234, 222, 168, 94, 108, 47991, 246, 166, 111, 254, 11, 357, 167, 224, 246, 8, 166, 108, 222, 31619, 111, 112, 168, 99, 251, 220, 166, 111, 226, 168, 243, 121, 35975, 112, 23821, 245, 255, 168, 8955, 168, 254, 223, 31619, 100, 98, 167, 251, 121, 168, 245, 238, 31619, 242, 108, 167, 251, 120, 31619, 111, 222, 169, 247, 242, 47991, 250, 220, 166, 111, 120, 168, 254, 243, 35975, 226, 31619, 108, 251, 169, 252, 230, 166, 111, 254, 23821, 252, 230, 46695, 97, 167, 98, 120, 23821, 226, 97, 167, 103, 227, 47991, 250, 46695, 97, 13, 23821, 100, 222, 167, 105, 116, 23821, 225, 223, 35975, 246, 220, 166, 115, 120, 166, 109, 108, 167, 94, 250, 167, 232, 242, 357, 166, 108, 222, 8, 35975, 246, 23821, 226, 250, 167, 94, 250, 31619, 233, 97, 167, 98, 116, 220, 47991, 112, 168, 226, 251, 31619, 108, 102, 167, 110, 243, 35975, 112, 31619, 224, 246, 168, 245, 112, 167, 238, 246, 167, 102, 108, 7, 167, 105, 116, 167, 99, 105, 220, 47991, 112, 168, 226, 251, 11, 23821, 110, 112, 166, 111, 226, 168, 254, 223, 220, 47991, 112, 168, 226, 251, 11, 23821, 245, 255, 168, 8955, 168, 254, 223, 220, 47991, 112, 168, 226, 251, 828, 357, 167, 224, 246, 8, 168, 245, 238, 168, 226, 250, 23821, 252, 227, 167, 110, 243, 220, 166, 111, 120, 168, 254, 243, 166, 111, 120, 31619, 111, 112, 168, 99, 251, 35975, 116, 31619, 111, 112, 169, 246, 116, 220, 47991, 226, 168, 248, 242, 168, 226, 109, 35975, 246, 220, 166, 108, 243, 168, 94, 108, 167, 94, 250, 23821, 245, 255, 168, 8955, 168, 254, 223, 31619, 100, 98, 167, 251, 121, 35975, 112, 31619, 241, 250, 167, 253, 105, 167, 224, 250, 46695, 97, 167, 232, 242, 23821, 254, 238, 35975, 226, 31619, 241, 97, 23821, 230, 246, 23821, 252, 230, 46695, 97, 13, 23821, 100, 222, 167, 105, 116, 220, 166, 115, 120, 166, 109, 108, 25, 564, 250, 35975, 112, 167, 253, 105, 47991, 250, 564, 246, 167, 105, 116, 167, 99, 105, 220, 47991, 112, 168, 226, 251, 447, 247, 35975, 112, 31619, 110, 243, 220, 47991, 112, 168, 226, 251, 35975, 246, 23821, 114, 250, 167, 108, 250, 168, 254, 238, 35975, 112, 46695, 97, 13, 447, 251, 11, 564, 250, 166, 115, 116, 167, 253, 105, 167, 224, 246, 31619, 105, 116, 167, 99, 105, 220, 47991, 112, 168, 226, 251, 168, 250, 120, 167, 94, 250, 220, 166, 115, 116, 31619, 224, 112, 168, 248, 102, 35975, 226, 23821, 254, 250, 167, 234, 222, 167, 94, 250, 220, 169, 234, 234, 168, 243, 227, 47991, 246, 166, 116, 108, 23821, 244, 112, 167, 254, 113, 986, 564, 246, 168, 110, 112, 166, 111, 226, 168, 254, 223, 220, 47991, 112, 168, 226, 251, 447, 247, 11, 2644, 564, 246, 168, 245, 255, 168, 8955, 168, 254, 223, 220, 47991, 112, 168, 226, 251, 447, 247, 31619, 241, 109, 35975, 246, 220, 47991, 112, 168, 226, 251, 31619, 108, 102, 167, 110, 243, 35975, 226, 23821, 8955, 168, 248, 102, 47991, 254, 23821, 230, 246, 23821, 252, 230, 46695, 97, 13, 447, 251, 11, 564, 250, 168, 250, 226, 31619, 110, 243, 167, 98, 254, 23821, 254, 250, 17, 168, 94, 108, 166, 108, 222, 220, 166, 115, 116, 23821, 254, 223, 168, 248, 102, 31619, 234, 222, 168, 225, 223, 35975, 116, 31619, 111, 112, 168, 99, 251, 220, 166, 111, 226, 168, 243, 121, 35975, 226, 564, 246, 168, 96, 120, 168, 109, 226, 167, 105, 112, 168, 252, 238, 166, 108, 222, 220, 166, 116, 230, 168, 254, 226, 23821, 109, 226, 167, 105, 112, 167, 98, 120, 23821, 251, 112, 169, 244, 231, 47991, 246, 168, 100, 222, 23821, 243, 232, 167, 232, 242, 220, 166, 110, 121, 168, 248, 108, 220, 166, 115, 116, 23821, 109, 226, 167, 105, 112, 167, 98, 120, 31619, 111, 112, 168, 99, 251, 35975, 116, 23821, 251, 112, 169, 244, 231, 47991, 246, 166, 116, 108, 167, 94, 250, 220, 47991, 246, 167, 232, 242, 220, 166, 111, 226, 168, 243, 121, 447, 247, 35975, 112, 167, 251, 120, 166, 111, 254, 2343, 241, 242, 58, 166, 115, 250, 168, 254, 243, 47991, 246, 166, 111, 254, 60, 23821, 252, 230, 168, 250, 120, 167, 224, 246, 220, 166, 115, 116, 23821, 252, 227, 167, 110, 243, 220, 166, 111, 120, 168, 254, 243, 168, 245, 238, 168, 226, 250, 23821, 245, 108, 167, 234, 222, 31619, 111, 112, 168, 99, 251, 35975, 116, 31619, 111, 112, 169, 246, 116, 35975, 246, 220, 47991, 226, 168, 248, 242, 168, 226, 109, 35975, 112, 220, 166, 108, 243, 168, 94, 108, 167, 238, 246, 168, 245, 230, 166, 116, 108, 31619, 243, 234, 167, 105, 116, 35975, 112, 46695, 97, 13, 447, 251, 220, 198, 198, 20, 167, 110, 230, 25, 642, 167, 110, 230, 35975, 222, 357, 166, 108, 222, 8, 167, 232, 242, 31619, 110, 243, 168, 94, 108, 167, 105, 116, 35975, 246, 23821, 251, 246, 167, 107, 116, 167, 98, 120, 31619, 233, 97, 167, 98, 116, 23821, 225, 223, 169, 247, 102, 168, 245, 238, 168, 226, 250, 23821, 250, 254, 168, 114, 242, 47991, 246, 168, 245, 105, 31619, 237, 226, 168, 114, 250, 47991, 246, 166, 111, 254, 11, 357, 167, 224, 246, 8, 167, 232, 242, 31619, 111, 112, 168, 99, 251, 220, 166, 111, 226, 168, 243, 121, 35975, 246, 23821, 250, 254, 169, 246, 243, 167, 111, 226, 167, 94, 250, 220, 166, 115, 250, 168, 254, 250, 35975, 246, 220, 166, 111, 113, 169, 228, 113, 168, 254, 238, 35975, 226, 31619, 117, 226, 166, 113, 238, 47991, 246, 166, 111, 254, 23821, 252, 230, 46695, 97, 167, 98, 120, 23821, 226, 97, 167, 103, 227, 47991, 250, 46695, 97, 13, 23821, 100, 222, 167, 105, 116, 168, 245, 238, 167, 232, 242, 357, 166, 108, 222, 8, 166, 108, 222, 31619, 233, 97, 167, 98, 116, 23821, 225, 223, 169, 247, 102, 168, 245, 238, 168, 226, 250, 35975, 246, 23821, 250, 254, 168, 114, 242, 220, 47991, 112, 168, 226, 251, 35975, 112, 167, 224, 246, 23821, 250, 254, 169, 246, 243, 167, 111, 226, 220, 166, 115, 250, 168, 254, 250, 35975, 246, 220, 166, 111, 113, 169, 228, 113, 168, 254, 238, 35975, 226, 31619, 117, 226, 166, 113, 238, 47991, 246, 167, 232, 242, 31619, 114, 222, 167, 114, 226, 35975, 112, 31619, 103, 227, 168, 233, 250, 168, 254, 223, 168, 250, 120, 167, 94, 250, 31619, 224, 246, 169, 225, 222, 167, 224, 246, 168, 100, 222, 23821, 243, 232, 167, 232, 242, 46695, 97, 13, 23821, 99, 231, 11, 23821, 96, 120, 167, 238, 250, 31619, 224, 112, 168, 248, 102, 23821, 254, 226, 166, 108, 250, 31619, 108, 102, 168, 233, 251, 168, 250, 120, 167, 94, 250, 31619, 111, 112, 168, 243, 226, 31619, 114, 222, 47991, 102, 47991, 246, 168, 100, 222, 23821, 243, 232, 167, 232, 242, 46695, 97, 13, 220, 166, 115, 120, 166, 109, 108, 167, 94, 250, 167, 232, 242, 357, 166, 108, 222, 8, 168, 245, 238, 168, 226, 250, 35975, 246, 23821, 110, 112, 166, 111, 226, 168, 254, 223, 14, 168, 245, 255, 168, 8955, 168, 254, 223, 220, 47991, 112, 168, 226, 251, 35975, 246, 23821, 254, 250, 168, 233, 250, 168, 247, 222, 357, 167, 224, 246, 8, 168, 245, 238, 168, 226, 250, 35975, 246, 23821, 254, 243, 35975, 246, 31619, 108, 237, 31619, 110, 243, 168, 254, 223, 220, 166, 115, 250, 168, 254, 250, 35975, 246, 23821, 245, 112, 166, 109, 108, 166, 108, 222, 23821, 97, 239, 168, 233, 105, 35975, 112, 46695, 97, 13, 220, 198, 198, 168, 113, 250, 168, 95, 227, 23821, 254, 243, 46695, 113, 25, 352, 198, 168, 254, 243, 46695, 113, 1058, 352]","[0.5, 0.5, 0.5, 0.5, 0.5, 0.5, 0.5, 0.5, 0.5, 0.5, 0.5, 0.5, 0.5, 0.5, 0.5, 0.5, 0.5, 0.5, 0.5, 0.5, 0.5, 0.5, 0.5, 0.5, 0.5, 0.5, 0.5, 0.5, 0.5, 0.5, 0.5, 0.5, 0.5, 0.5, 0.5, 0.5, 0.5, 0.5, 0.5, 0.5, 0.5, 0.5, 0.5, 0.5, 0.5, 0.5, 0.5, 0.5, 0.5, 0.5, 0.5, 0.5, 0.5, 0.5, 0.5, 0.5, 0.5, 0.5, 0.5, 0.5, 0.5, 0.5, 0.5, 0.5, 0.5, 0.5, 0.5, 0.5, 0.5, 0.5, 0.5, 0.5, 0.5, 0.5, 0.5, 0.5, 0.5, 0.5, 0.5, 0.5, 0.5, 0.5, 0.5, 0.5, 0.5, 0.5, 0.5, 0.5, 0.5, 0.5, 0.5, 0.5, 0.5, 0.5, 0.5, 0.5, 0.5, 0.5, 0.5, 0.5, 0.5, 0.5, 0.5, 0.5, 0.5, 0.5, 0.5, 0.5, 0.5, 0.5, 0.5, 0.5, 0.5, 0.5, 0.5, 0.5, 0.5, 0.5, 0.5, 0.5, 0.5, 0.5, 0.5, 0.5, 0.5, 0.5, 0.5, 0.5, 0.5, 0.5, 0.5, 0.5, 0.5, 0.5, 0.5, 0.5, 0.5, 0.5, 0.5, 0.5, 0.5, 0.5, 0.5, 0.5, 0.5, 0.5, 0.5, 0.5, 0.5, 0.5, 0.5, 0.5, 0.5, 0.5, 0.5, 0.5, 0.5, 0.5, 0.5, 0.5, 0.5, 0.5, 0.5, 0.5, 0.5, 0.5, 0.5, 0.5, 0.5, 0.5, 0.5, 0.5, 0.5, 0.5, 0.5, 0.5, 0.5, 0.5, 0.5, 0.5, 0.5, 0.5, 0.5, 0.5, 0.5, 0.5, 0.5, 0.5, 0.5, 0.5, 0.5, 0.5, 0.5, 0.5, 0.5, 0.5, 0.5, 0.5, 0.5, 0.5, 0.5, 0.5, 0.5, 0.5, 0.5, 0.5, 0.5, 0.5, 0.5, 0.5, 0.5, 0.5, 0.5, 0.5, 0.5, 0.5, 0.5, 0.5, 0.5, 0.5, 0.5, 0.5, 0.5, 0.5, 0.5, 0.5, 0.5, 0.5, 0.5, 0.5, 0.5, 0.5, 0.5, 0.5, 0.5, 0.5, 0.5, 0.5, 0.5, 0.5, 0.5, 0.5, 0.5, 0.5, 0.5, 0.5, 0.5, 0.5, 0.5, 0.5, 0.5, 0.5, 0.5, 0.5, 0.5, 0.5, 0.5, 0.5, 0.5, 0.5, 0.5, 0.5, 0.5, 0.5, 0.5, 0.5, 0.5, 0.5, 0.5, 0.5, 0.5, 0.5, 0.5, 0.5, 0.5, 0.5, 0.5, 0.5, 0.5, 0.5, 0.5, 0.5, 0.5, 0.5, 0.5, 0.5, 0.5, 0.5, 0.5, 0.5, 0.5, 0.5, 0.5, 0.5, 0.5, 0.5, 0.5, 0.5, 0.5, 0.5, 0.5, 0.5, 0.5, 0.5, 0.5, 0.5, 0.5, 0.5, 0.5, 0.5, 0.5, 0.5, 0.5, 0.5, 0.5, 0.5, 0.5, 0.5, 0.5, 0.5, 0.5, 0.5, 0.5, 0.5, 0.5, 0.5, 0.5, 0.5, 0.5, 0.5, 0.5, 0.5, 0.5, 0.5, 0.5, 0.5, 0.5, 0.5, 0.5, 0.5, 0.5, 0.5, 0.5, 0.5, 0.5, 0.5, 0.5, 0.5, 0.5, 0.5, 0.5, 0.5, 0.5, 0.5, 0.5, 0.5, 0.5, 0.5, 0.5, 0.5, 0.5, 0.5, 0.5, 0.5, 0.5, 0.5, 0.5, 0.5, 0.5, 0.5, 0.5, 0.5, 0.5, 0.5, 0.5, 0.5, 0.5, 0.5, 0.5, 0.5, 0.5, 0.5, 0.5, 0.5, 0.5, 0.5, 0.5, 0.5, 0.5, 0.5, 0.5, 0.5, 0.5, 0.5, 0.5, 0.5, 0.5, 0.5, 0.5, 0.5, 0.5, 0.5, 0.5, 0.5, 0.5, 0.5, 0.5, 0.5, 0.5, 0.5, 0.5, 0.5, 0.5, 0.5, 0.5, 0.5, 0.5, 0.5, 0.5, 0.5, 0.5, 0.5, 0.5, 0.5, 0.5, 0.5, 0.5, 0.5, 0.5, 0.5, 0.5, 0.5, 0.5, 0.5, 0.5, 0.5, 0.5, 0.5, 0.5, 0.5, 0.5, 0.5, 0.5, 0.5, 0.5, 0.5, 0.5, 0.5, 0.5, 0.5, 0.5, 0.5, 0.5, 0.5, 0.5, 0.5, 0.5, 0.5, 0.5, 0.5, 0.5, 0.5, 0.5, 0.5, 0.5, 0.5, 0.5, 0.5, 0.5, 0.5, 0.5, 0.5, 0.5, 0.5, 0.5, 0.5, 0.5, 0.5, 0.5, 0.5, 0.5, 0.5, 0.5, 0.5, 0.5, 0.5, 0.5, 0.5, 0.5, 0.5, 0.5, 0.5, 0.5, 0.5, 0.5, 0.5, 0.5, 0.5, 0.5, 0.5, 0.5, 0.5, 0.5, 0.5, 0.5, 0.5, 0.5, 0.5, 0.5, 0.5, 0.5, 0.5, 0.5, 0.5, 0.5, 0.5, 0.5, 0.5, 0.5, 0.5, 0.5, 0.5, 0.5, 0.5, 0.5, 0.5, 0.5, 0.5, 0.5, 0.5, 0.5, 0.5, 0.5, 0.5, 0.5, 0.5, 0.5, 0.5, 0.5, 0.5, 0.5, 0.5, 0.5, 0.5, 0.5, 0.5, 0.5, 0.5, 0.5, 0.5, 0.5, 0.5, 0.5, 0.5, 0.5, 0.5, 0.5, 0.5, 0.5, 0.5, 0.5, 0.5, 0.5, 0.5, 0.5, 0.5, 0.5, 0.5, 0.5, 0.5, 0.5, 0.5, 0.5, 0.5, 0.5, 0.5, 0.5, 0.5, 0.5, 0.5, 0.5, 0.5, 0.5, 0.5, 0.5, 0.5, 0.5, 0.5, 0.5, 0.5, 0.5, 0.5, 0.5, 0.5, 0.5, 0.5, 0.5, 0.5, 0.5, 0.5, 0.5, 0.5, 0.5, 0.5, 0.5, 0.5, 0.5, 0.5, 0.5, 0.5, 0.5, 0.5, 0.5, 0.5, 0.5, 0.5, 0.5, 0.5, 0.5, 0.5, 0.5, 0.5, 0.5, 0.5, 0.5, 0.5, 0.5, 0.5, 0.5, 0.5, 0.5, 0.5, 0.5, 0.5, 0.5, 0.5, 0.5, 0.5, 0.5, 0.5, 0.5, 0.5, 0.5, 0.5, 0.5, 0.5, 0.5, 0.5, 0.5, 0.5, 0.5, 0.5, 0.5, 0.5, 0.5, 0.5, 0.5, 0.5, 0.5, 0.5, 0.5, 0.5, 0.5, 0.5, 0.5, 0.5, 0.5, 0.5, 0.5, 0.5, 0.5, 0.5, 0.5, 0.5, 0.5, 0.5, 0.5, 0.5, 0.5, 0.5, 0.5, 0.5, 0.5, 0.5, 0.5, 0.5, 0.5, 0.5, 0.5, 0.5, 0.5, 0.5, 0.5, 0.5, 0.5, 0.5, 0.5, 0.5, 0.5, 0.5, 0.5, 0.5, 0.5, 0.5, 0.5, 0.5, 0.5, 0.5, 0.5, 0.5, 0.5, 0.5, 0.5, 0.5, 0.5, 0.5, 0.5, 0.5, 0.5, 0.5, 0.5, 0.5, 0.5, 0.5, 0.5, 0.5, 0.5, 0.5, 0.5, 0.5, 0.5, 0.5, 0.5, 0.5, 0.5, 0.5, 0.5, 0.5, 0.5, 0.5, 0.5, 0.5, 0.5, 0.5, 0.5, 0.5, 0.5, 0.5, 0.5, 0.5, 0.5, 0.5, 0.5, 0.5, 0.5, 0.5, 0.5, 0.5, 0.5, 0.5, 0.5, 0.5, 0.5, 0.5, 0.5, 0.5, 0.5, 0.5, 0.5, 0.5, 0.5, 0.5, 0.5, 0.5, 0.5, 0.5, 0.5, 0.5, 0.5, 0.5, 0.5, 0.5, 0.5, 0.5, 0.5, 0.5, 0.5, 0.5, 0.5, 0.5, 0.5, 0.5, 0.5, 0.5, 0.5, 0.5, 0.5, 0.5, 0.5, 0.5, 0.5, 0.5, 0.5, 0.5, 0.5, 0.5, 0.5, 0.5, 0.5, 0.5, 0.5, 0.5, 0.5, 0.5, 0.5, 0.5, 0.5, 0.5, 0.5, 0.5, 0.5, 0.5, 0.5, 0.5, 0.5, 0.5, 0.5, 0.5, 0.5, 0.5, 0.5, 0.5, 0.5, 0.5, 0.5, 0.5, 0.5, 0.5, 0.5, 0.5, 0.5, 0.5, 0.5, 0.5, 0.5, 0.5, 0.5, 0.5, 0.5, 0.5, 0.5, 0.5, 0.5, 0.5, 0.5, 0.5, 0.5, 0.5, 0.5, 0.5, 0.5, 0.5, 0.5, 0.5, 0.5, 0.5, 0.5, 0.5, 0.5, 0.5, 0.5, 0.5, 0.5, 0.5, 0.5, 0.5, 0.5, 0.5, 0.5, 0.5, 0.5, 0.5, 0.5, 0.5, 0.5, 0.5, 0.5, 0.5, 0.5, 0.5, 0.5, 0.5, 0.5, 0.5, 0.5, 0.5, 0.5, 0.5, 0.5, 0.5, 0.5, 0.5, 0.5, 0.5, 0.5, 0.5, 0.5, 0.5, 0.5, 0.5, 0.5, 0.5, 0.5, 0.5, 0.5, 0.5, 0.5, 0.5, 0.5, 0.5, 0.5, 0.5, 0.5, 0.5, 0.5, 0.5, 0.5, 0.5, 0.5, 0.5, 0.5, 0.5, 0.5, 0.5, 0.5, 0.5, 0.5, 0.5, 0.5, 0.5, 0.5, 0.5, 0.5, 0.5, 0.5, 0.5, 0.5, 0.5, 0.5, 0.5, 0.5, 0.5, 0.5, 0.5, 0.5, 0.5, 0.5, 0.5, 0.5, 0.5, 0.5, 0.5, 0.5, 0.5, 0.5, 0.5, 0.5, 0.5, 0.5, 0.5, 0.5, 0.5, 0.5, 0.5, 0.5, 0.5, 0.5, 0.5, 0.5, 0.5, 0.5, 0.5, 0.5, 0.5, 0.5, 0.5, 0.5, 0.5, 0.5, 0.5, 0.5, 0.5, 0.5, 0.5, 0.5, 0.5, 0.5, 0.5, 0.5, 0.5, 0.5, 0.5, 0.5, 0.5, 0.5, 0.5, 0.5, 0.5, 0.5, 0.5, 0.5, 0.5, 0.5, 0.5, 0.5, 0.5, 0.5, 0.5, 0.5, 0.5, 0.5, 0.5, 0.5, 0.5, 0.5, 0.5, 0.5, 0.5, 0.5, 0.5, 0.5, 0.5, 0.5, 0.5, 0.5, 0.5, 0.5, 0.5, 0.5, 0.5, 0.5, 0.5, 0.5, 0.5, 0.5, 0.5, 0.5, 0.5, 0.5, 0.5, 0.5, 0.5, 0.5, 0.5, 0.5, 0.5, 0.5, 0.5, 0.5, 0.5, 0.5, 0.5, 0.5, 0.5, 0.5, 0.5, 0.5, 0.5, 0.5, 0.5, 0.5, 0.5, 0.5, 0.5, 0.5, 0.5, 0.5, 0.5, 0.5, 0.5, 0.5, 0.5, 0.5, 0.5, 0.5, 0.5, 0.5, 0.5, 0.5, 0.5, 0.5, 0.5, 0.5, 0.5, 0.5, 0.5, 0.5, 0.5, 0.5, 0.5, 0.5, 0.5, 0.5, 0.5, 0.5, 0.5, 0.5, 0.5, 0.5, 0.5, 0.5, 0.5, 0.5, 0.5, 0.5, 0.5, 0.5, 0.5, 0.5, 0.5, 0.5, 0.5, 0.5, 0.5, 0.5, 0.5, 0.5, 0.5, 0.5, 0.5, 0.5, 0.5, 0.5, 0.5, 0.5, 0.5, 0.5, 0.5, 0.5, 0.5, 0.5, 0.5, 0.5, 0.5, 0.5, 0.5, 0.5, 0.5, 0.5, 0.5, 0.5, 0.5, 0.5, 0.5, 0.5, 0.5, 0.5, 0.5, 0.5, 0.5, 0.5, 0.5, 0.5, 0.5, 0.5, 0.5, 0.5, 0.5, 0.5, 0.5, 0.5, 0.5, 0.5, 0.5, 0.5, 0.5, 0.5, 0.5, 0.5, 0.5, 0.5, 0.5, 0.5, 0.5, 0.5, 0.5, 0.5, 0.5, 0.5, 0.5, 0.5, 0.5, 0.5, 0.5, 0.5, 0.5, 0.5, 0.5, 0.5, 0.5, 0.5, 0.5, 0.5, 0.5, 0.5, 0.5, 0.5, 0.5, 0.5, 0.5, 0.5, 0.5, 0.5, 0.5, 0.5, 0.5, 0.5, 0.5, 0.5, 0.5, 0.5, 0.5, 0.5, 0.5, 0.5, 0.5, 0.5, 0.5, 0.5, 0.5, 0.5, 0.5, 0.5, 0.5, 0.5, 0.5, 0.5, 0.5, 0.5, 0.5, 0.5, 0.5, 0.5, 0.5, 0.5, 0.5, 0.5, 0.5, 0.5, 0.5, 0.5, 0.5, 0.5, 0.5, 0.5, 0.5, 0.5, 0.5, 0.5, 0.5, 0.5, 0.5, 0.5, 0.5, 0.5, 0.5, 0.5, 0.5, 0.5, 0.5, 0.5, 0.5, 0.5, 0.5, 0.5, 0.5, 0.5, 0.5, 0.5, 0.5, 0.5, 0.5, 0.5, 0.5, 0.5, 0.5, 0.5, 0.5, 0.5, 0.5, 0.5, 0.5, 0.5, 0.5, 0.5, 0.5, 0.5, 0.5, 0.5, 0.5, 0.5, 0.5, 0.5, 0.5, 0.5, 0.5, 0.5, 0.5, 0.5, 0.5, 0.5, 0.5, 0.5, 0.5, 0.5, 0.5, 0.5, 0.5, 0.5, 0.5, 0.5, 0.5, 0.5, 0.5, 0.5, 0.5, 0.5, 0.5, 0.5, 0.5, 0.5, 0.5, 0.5, 0.5, 0.5, 0.5, 0.5, 0.5, 0.5, 0.5, 0.5, 0.5, 0.5, 0.5, 0.5, 0.5, 0.5, 0.5, 0.5, 0.5, 0.5, 0.5, 0.5, 0.5, 0.5, 0.5, 0.5, 0.5, 0.5, 0.5, 0.5, 0.5, 0.5, 0.5, 0.5, 0.5, 0.5, 0.5, 0.5, 0.5, 0.5, 0.5, 0.5, 0.5, 0.5, 0.5, 0.5, 0.5, 0.5, 0.5, 0.5, 0.5, 0.5, 0.5, 0.5, 0.5, 0.5, 0.5, 0.5, 0.5, 0.5, 0.5, 0.5, 0.5, 0.5, 0.5, 0.5, 0.5, 0.5, 0.5, 0.5, 0.5, 0.5, 0.5, 0.5, 0.5, 0.5, 0.5, 0.5, 0.5, 0.5, 0.5, 0.5, 0.5, 0.5, 0.5, 0.5, 0.5, 0.5, 0.5, 0.5, 0.5, 0.5, 0.5, 0.5, 0.5, 0.5, 0.5, 0.5, 0.5, 0.5, 0.5, 0.5, 0.5, 0.5, 0.5, 0.5, 0.5, 0.5, 0.5, 0.5, 0.5, 0.5, 0.5, 0.5, 0.5, 0.5, 0.5, 0.5, 0.5, 0.5, 0.5, 0.5, 0.5, 0.5, 0.5, 0.5, 0.5, 0.5, 0.5, 0.5, 0.5, 0.5, 0.5, 0.5, 0.5, 0.5, 0.5, 0.5, 0.5, 0.5, 0.5, 0.5, 0.5, 0.5, 0.5, 0.5, 0.5, 0.5, 0.5, 0.5, 0.5, 0.5, 0.5, 0.5, 0.5, 0.5, 0.5, 0.5, 0.5, 0.5, 0.5, 0.5, 0.5, 0.5, 0.5, 0.5, 0.5, 0.5, 0.5, 0.5, 0.5, 0.5, 0.5, 0.5, 0.5, 0.5, 0.5, 0.5, 0.5, 0.5, 0.5, 0.5, 0.5, 0.5, 0.5, 0.5, 0.5, 0.5, 0.5, 0.5, 0.5, 0.5, 0.5, 0.5, 0.5, 0.5, 0.5, 0.5, 0.5, 0.5, 0.5, 0.5, 0.5, 0.5, 0.5, 0.5, 0.5, 0.5, 0.5, 0.5, 0.5, 0.5, 0.5, 0.5, 0.5, 0.5, 0.5, 0.5, 0.5, 0.5, 0.5, 0.5, 0.5, 0.5, 0.5, 0.5, 0.5, 0.5, 0.5, 0.5, 0.5, 0.5, 0.5, 0.5, 0.5, 0.5, 0.5, 0.5, 0.5, 0.5, 0.5, 0.5, 0.5, 0.5, 0.5, 0.5, 0.5, 0.5, 0.5, 0.5, 0.5, 0.5, 0.5, 0.5, 0.5, 0.5, 0.5, 0.5, 0.5, 0.5, 0.5, 0.5, 0.5, 0.5, 0.5, 0.5, 0.5, 0.5, 0.5, 0.5, 0.5, 0.5, 0.5, 0.5, 0.5, 0.5, 0.5, 0.5, 0.5, 0.5, 0.5, 0.5, 0.5, 0.5, 0.5, 0.5, 0.5, 0.5, 0.5, 0.5, 0.5, 0.5, 0.5, 0.5, 0.5, 0.5, 0.5, 0.5, 0.5, 0.5, 0.5, 0.5, 0.5, 0.5, 0.5, 0.5, 0.5, 0.5, 0.5, 0.5, 0.5, 0.5, 0.5, 0.5, 0.5, 0.5, 0.5, 0.5, 0.5, 0.5, 0.5, 0.5, 0.5, 0.5, 0.5, 0.5, 0.5, 0.5, 0.5, 0.5, 0.5, 0.5, 0.5, 0.5, 0.5, 0.5, 0.5, 0.5, 0.5, 0.5, 0.5, 0.5, 0.5, 0.5, 0.5, 0.5, 0.5, 0.5, 0.5, 0.5, 0.5, 0.5, 0.5, 0.5, 0.5, 0.5, 0.5, 0.5, 0.5, 0.5, 0.5, 0.5, 0.5, 0.5, 0.5, 0.5, 0.5, 0.5, 0.5, 0.5, 0.5, 0.5, 0.5, 0.5, 0.5, 0.5, 0.5, 0.5, 0.5, 0.5, 0.5, 0.5, 0.5, 0.5, 0.5, 0.5, 0.5, 0.5, 0.5, 0.5, 0.5, 0.5, 0.5, 0.5, 0.5, 0.5, 0.5, 0.5, 0.5, 0.5, 0.5, 0.5, 0.5, 0.5, 0.5, 0.5, 0.5, 0.5, 0.5, 0.5, 0.5, 0.5, 0.5, 0.5, 0.5, 0.5, 0.5, 0.5, 0.5, 0.5, 0.5, 0.5, 0.5, 0.5, 0.5, 0.5, 0.5, 0.5, 0.5, 0.5, 0.5, 0.5, 0.5, 0.5, 0.5, 0.5, 0.5, 0.5, 0.5, 0.5, 0.5, 0.5, 0.5, 0.5, 0.5, 0.5, 0.5, 0.5, 0.5, 0.5, 0.5, 0.5, 0.5, 0.5, 0.5, 0.5, 0.5, 0.5, 0.5, 0.5, 0.5, 0.5, 0.5, 0.5, 0.5, 0.5, 0.5, 0.5, 0.5, 0.5, 0.5, 0.5, 0.5, 0.5, 0.5, 0.5, 0.5, 0.5, 0.5, 0.5, 0.5, 0.5, 0.5, 0.5, 0.5, 0.5, 0.5, 0.5, 0.5, 0.5, 0.5, 0.5, 0.5, 0.5, 0.5, 0.5, 0.5, 0.5, 0.5, 0.5, 0.5, 0.5, 0.5, 0.5, 0.5, 0.5, 0.5, 0.5, 0.5, 0.5, 0.5, 0.5, 0.5, 0.5, 0.5, 0.5, 0.5, 0.5, 0.5, 0.5, 0.5, 0.5, 0.5, 0.5, 0.5, 0.5, 0.5, 0.5, 0.5, 0.5, 0.5, 0.5, 0.5, 0.5, 0.5, 0.5, 0.5, 0.5, 0.5, 0.5, 0.5, 0.5, 0.5, 0.5, 0.5, 0.5, 0.5, 0.5, 0.5, 0.5, 0.5, 0.5, 0.5, 0.5, 0.5, 0.5, 0.5, 0.5, 0.5, 0.5, 0.5, 0.5, 0.5, 0.5, 0.5, 0.5, 0.5, 0.5, 0.5, 0.5, 0.5, 0.5, 0.5, 0.5, 0.5, 0.5, 0.5, 0.5, 0.5, 0.5, 0.5, 0.5, 0.5, 0.5, 0.5, 0.5, 0.5, 0.5, 0.5, 0.5, 0.5, 0.5, 0.5, 0.5, 0.5, 0.5, 0.5, 0.5, 0.5, 0.5, 0.5, 0.5, 0.5, 0.5, 0.5, 0.5, 0.5, 0.5, 0.5, 0.5, 0.5, 0.5, 0.5, 0.5, 0.5, 0.5, 0.5, 0.5, 0.5, 0.5, 0.5, 0.5, 0.5, 0.5, 0.5, 0.5, 0.5, 0.5, 0.5, 0.5, 0.5, 0.5, 0.5, 0.5, 0.5, 0.5, 0.5, 0.5, 0.5, 0.5, 0.5, 0.5, 0.5, 0.5, 0.5, 0.5, 0.5, 0.5, 0.5, 0.5, 0.5, 0.5, 0.5, 0.5, 0.5, 0.5, 0.5, 0.5, 0.5, 0.5, 0.5, 0.5, 0.5, 0.5, 0.5, 0.5, 0.5, 0.5, 0.5, 0.5, 0.5, 0.5, 0.5, 0.5, 0.5, 0.5, 0.5, 0.5, 0.5, 0.5, 0.5, 0.5, 0.5, 0.5, 0.5, 0.5, 0.5, 0.5, 0.5, 0.5, 0.5, 0.5, 0.5, 0.5, 0.5, 0.5, 0.5, 0.5, 0.5, 0.5, 0.5, 0.5, 0.5, 0.5, 0.5, 0.5, 0.5, 0.5, 0.5, 0.5, 0.5, 0.5, 0.5, 0.5, 0.5, 0.5, 0.5, 0.5, 0.5, 0.5, 0.5, 0.5, 0.5, 0.5, 0.5, 0.5, 0.5, 0.5, 0.5, 0.5, 0.5, 0.5, 0.5, 0.5, 0.5, 0.5, 0.5, 0.5, 0.5, 0.5, 0.5, 0.5, 0.5, 0.5, 0.5, 0.5, 0.5, 0.5, 0.5, 0.5, 0.5, 0.5, 0.5, 0.5, 0.5, 0.5, 0.5, 0.5, 0.5, 0.5, 0.5, 0.5, 0.5, 0.5, 0.5, 0.5, 0.5, 0.5, 0.5, 0.5, 0.5, 0.5, 0.5, 0.5, 0.5, 0.5, 0.5, 0.5, 0.5, 0.5, 0.5, 0.5, 0.5, 0.5, 0.5, 0.5, 0.5, 0.5, 0.5, 0.5, 0.5, 0.5, 0.5, 0.5, 0.5, 0.5, 0.5, 0.5, 0.5, 0.5, 0.5, 0.5, 0.5, 0.5, 0.5, 0.5, 0.5, 0.5, 0.5, 0.5, 0.5, 0.5, 0.5, 0.5, 0.5, 0.5, 0.5, 0.5, 0.5, 0.5, 0.5, 0.5, 0.5, 0.5, 0.5, 0.5, 0.5, 0.5, 0.5, 0.5, 0.5, 0.5, 0.5, 0.5, 0.5, 0.5, 0.5, 0.5, 0.5, 0.5, 0.5, 0.5, 0.5, 0.5, 0.5, 0.5, 0.5, 0.5, 0.5, 0.5, 0.5, 0.5, 0.5, 0.5, 0.5, 0.5, 0.5, 0.5, 0.5, 0.5, 0.5, 0.5, 0.5, 0.5, 0.5, 0.5, 0.5, 0.5, 0.5, 0.5, 0.5, 0.5, 0.5, 0.5, 0.5, 0.5, 0.5, 0.5, 0.5, 0.5, 0.5, 0.5, 0.5, 0.5, 0.5, 0.5, 0.5, 0.5, 0.5, 0.5, 0.5, 0.5, 0.5, 0.5, 0.5, 0.5, 0.5, 0.5, 0.5, 0.5, 0.5, 0.5, 0.5, 0.5, 0.5, 0.5, 0.5, 0.5, 0.5, 0.5, 0.5, 0.5, 0.5, 0.5, 0.5, 0.5, 0.5, 0.5, 0.5, 0.5, 0.5, 0.5, 0.5, 0.5, 0.5, 0.5, 0.5, 0.5, 0.5, 0.5, 0.5, 0.5, 0.5, 0.5, 0.5, 0.5, 0.5, 0.5, 0.5, 0.5, 0.5, 0.5, 0.5, 0.5, 0.5, 0.5, 0.5, 0.5, 0.5, 0.5, 0.5, 0.5, 0.5, 0.5, 0.5, 0.5, 0.5, 0.5, 0.5, 0.5, 0.5, 0.5, 0.5, 0.5, 0.5, 0.5, 0.5, 0.5, 0.5, 0.5, 0.5, 0.5, 0.5, 0.5, 0.5, 0.5, 0.5, 0.5, 0.5, 0.5, 0.5, 0.5, 0.5, 0.5, 0.5, 0.5, 0.5, 0.5, 0.5, 0.5, 0.5, 0.5, 0.5, 0.5, 0.5, 0.5, 0.5, 0.5, 0.5, 0.5, 0.5, 0.5, 0.5, 0.5, 0.5, 0.5, 0.5, 0.5, 0.5, 0.5, 0.5, 0.5, 0.5, 0.5, 0.5, 0.5, 0.5, 0.5, 0.5, 0.5, 0.5, 0.5, 0.5, 0.5, 0.5, 0.5, 0.5, 0.5, 0.5, 0.5, 0.5, 0.5, 0.5, 0.5, 0.5, 0.5, 0.5, 0.5, 0.5, 0.5, 0.5, 0.5, 0.5, 0.5, 0.5, 0.5, 0.5, 0.5, 0.5, 0.5, 0.5, 0.5, 0.5, 0.5, 0.5, 0.5, 0.5, 0.5, 0.5, 0.5, 0.5, 0.5, 0.5, 0.5, 0.5, 0.5, 0.5, 0.5, 0.5, 0.5, 0.5, 0.5, 0.5, 0.5, 0.5, 0.5, 0.5, 0.5, 0.5, 0.5, 0.5, 0.5, 0.5, 0.5, 0.5, 0.5, 0.5, 0.5, 0.5, 0.5, 0.5, 0.5, 0.5, 0.5, 0.5, 0.5, 0.5, 0.5, 0.5, 0.5, 0.5, 0.5, 0.5, 0.5, 0.5, 0.5, 0.5, 0.5, 0.5, 0.5, 0.5, 0.5, 0.5, 0.5, 0.5, 0.5, 0.5, 0.5, 0.5, 0.5, 0.5, 0.5, 0.5, 0.5, 0.5, 0.5, 0.5, 0.5, 0.5, 0.5, 0.5, 0.5, 0.5, 0.5, 0.5, 0.5, 0.5, 0.5, 0.5, 0.5, 0.5, 0.5, 0.5, 0.5, 0.5, 0.5, 0.5, 0.5, 0.5, 0.5, 0.5, 0.5, 0.5, 0.5, 0.5, 0.5, 0.5, 0.5, 0.5, 0.5, 0.5, 0.5, 0.5, 0.5, 0.5, 0.5, 0.5, 0.5, 0.5, 0.5, 0.5, 0.5, 0.5, 0.5, 0.5, 0.5, 0.5, 0.5, 0.5, 0.5, 0.5, 0.5, 0.5, 0.5, 0.5, 0.5, 0.5, 0.5, 0.5, 0.5, 0.5, 0.5, 0.5, 0.5, 0.5, 0.5, 0.5, 0.5, 0.5, 0.5, 0.5, 0.5, 0.5, 0.5, 0.5, 0.5, 0.5, 0.5, 0.5, 0.5, 0.5, 0.5, 0.5, 0.5, 0.5, 0.5, 0.5, 0.5, 0.5, 0.5, 0.5, 0.5, 0.5, 0.5, 0.5, 0.5, 0.5, 0.5, 0.5, 0.5, 0.5, 0.5, 0.5, 0.5, 0.5, 0.5, 0.5, 0.5, 0.5, 0.5, 0.5, 0.5, 0.5, 0.5, 0.5, 0.5, 0.5, 0.5, 0.5, 0.5, 0.5, 0.5, 0.5, 0.5, 0.5, 0.5, 0.5, 0.5, 0.5, 0.5, 0.5, 0.5, 0.5, 0.5, 0.5, 0.5, 0.5, 0.5, 0.5, 0.5, 0.5, 0.5, 0.5, 0.5, 0.5, 0.5, 0.5, 0.5, 0.5, 0.5, 0.5, 0.5, 0.5, 0.5, 0.5, 0.5, 0.5, 0.5, 0.5, 0.5, 0.5, 0.5, 0.5, 0.5, 0.5, 0.5, 0.5, 0.5, 0.5, 0.5, 0.5, 0.5, 0.5, 0.5, 0.5, 0.5, 0.5, 0.5, 0.5, 0.5, 0.5, 0.5, 0.5, 0.5, 0.5, 0.5, 0.5, 0.5, 0.5, 0.5, 0.5, 0.5, 0.5, 0.5, 0.5, 0.5, 0.5, 0.5, 0.5, 0.5, 0.5, 0.5, 0.5, 0.5, 0.5, 0.5, 0.5, 0.5, 0.5, 0.5, 0.5, 0.5, 0.5, 0.5, 0.5, 0.5, 0.5, 0.5, 0.5, 0.5, 0.5, 0.5, 0.5, 0.5, 0.5, 0.5, 0.5, 0.5, 0.5, 0.5, 0.5, 0.5, 0.5, 0.5, 0.5, 0.5, 0.5, 0.5, 0.5, 0.5, 0.5, 0.5, 0.5, 0.5, 0.5, 0.5, 0.5, 0.5, 0.5, 0.5, 0.5, 0.5, 0.5, 0.5, 0.5, 0.5, 0.5, 0.5, 0.5, 0.5, 0.5, 0.5, 0.5, 0.5, 0.5, 0.5, 0.5, 0.5, 0.5, 0.5, 0.5, 0.5, 0.5, 0.5, 0.5, 0.5, 0.5, 0.5, 0.5, 0.5, 0.5, 0.5, 0.5, 0.5, 0.5, 0.5, 0.5, 0.5, 0.5, 0.5, 0.5, 0.5, 0.5, 0.5, 0.5, 0.5, 0.5, 0.5, 0.5, 0.5, 0.5, 0.5, 0.5, 0.5, 0.5, 0.5, 0.5, 0.5, 0.5, 0.5, 0.5, 0.5, 0.5, 0.5, 0.5, 0.5, 0.5, 0.5, 0.5, 0.5, 0.5, 0.5, 0.5, 0.5, 0.5, 0.5, 0.5, 0.5, 0.5, 0.5, 0.5, 0.5, 0.5, 0.5, 0.5, 0.5, 0.5, 0.5, 0.5, 0.5, 0.5, 0.5, 0.5, 0.5, 0.5, 0.5, 0.5, 0.5, 0.5, 0.5, 0.5, 0.5, 0.5, 0.5, 0.5, 0.5, 0.5, 0.5, 0.5, 0.5, 0.5, 0.5, 0.5, 0.5, 0.5, 0.5, 0.5, 0.5, 0.5, 0.5, 0.5, 0.5, 0.5, 0.5, 0.5, 0.5, 0.5, 0.5, 0.5, 0.5, 0.5, 0.5, 0.5, 0.5, 0.5, 0.5, 0.5, 0.5, 0.5, 0.5, 0.5, 0.5, 0.5, 0.5, 0.5, 0.5, 0.5, 0.5, 0.5, 0.5, 0.5, 0.5, 0.5, 0.5, 0.5, 0.5, 0.5, 0.5, 0.5, 0.5, 0.5, 0.5, 0.5, 0.5, 0.5, 0.5, 0.5, 0.5, 0.5, 0.5, 0.5, 0.5, 0.5, 0.5, 0.5, 0.5, 0.5, 0.5, 0.5, 0.5, 0.5, 0.5, 0.5, 0.5, 0.5, 0.5, 0.5, 0.5, 0.5, 0.5, 0.5, 0.5, 0.5, 0.5, 0.5, 0.5, 0.5, 0.5, 0.5, 0.5, 0.5, 0.5, 0.5, 0.5, 0.5, 0.5, 0.5, 0.5, 0.5, 0.5, 0.5, 0.5, 0.5, 0.5, 0.5, 0.5, 0.5, 0.5, 0.5, 0.5, 0.5, 0.5, 0.5, 0.5, 0.5, 0.5, 0.5, 0.5, 0.5, 0.5, 0.5, 0.5, 0.5, 0.5, 0.5, 0.5, 0.5, 0.5, 0.5, 0.5, 0.5, 0.5, 0.5, 0.5, 0.5, 0.5, 0.5, 0.5, 0.5, 0.5, 0.5, 0.5, 0.5, 0.5, 0.5, 0.5, 0.5, 0.5, 0.5, 0.5, 0.5, 0.5, 0.5, 0.5, 0.5, 0.5, 0.5, 0.5, 0.5, 0.5, 0.5, 0.5, 0.5, 0.5, 0.5, 0.5, 0.5, 0.5, 0.5, 0.5, 0.5, 0.5, 0.5, 0.5, 0.5, 0.5, 0.5, 0.5, 0.5, 0.5, 0.5, 0.5, 0.5, 0.5, 0.5, 0.5, 0.5, 0.5, 0.5, 0.5, 0.5, 0.5, 0.5, 0.5, 0.5, 0.5, 0.5, 0.5, 0.5, 0.5, 0.5, 0.5, 0.5, 0.5, 0.5, 0.5, 0.5, 0.5, 0.5, 0.5, 0.5, 0.5, 0.5, 0.5, 0.5, 0.5, 0.5, 0.5, 0.5, 0.5, 0.5, 0.5, 0.5, 0.5, 0.5, 0.5, 0.5, 0.5, 0.5, 0.5, 0.5, 0.5, 0.5, 0.5, 0.5, 0.5, 0.5, 0.5, 0.5, 0.5, 0.5, 0.5, 0.5, 0.5, 0.5, 0.5, 0.5, 0.5, 0.5, 0.5, 0.5, 0.5, 0.5, 0.5, 0.5, 0.5, 0.5, 0.5, 0.5, 0.5, 0.5, 0.5, 0.5, 0.5, 0.5, 0.5, 0.5, 0.5, 0.5, 0.5, 0.5, 0.5, 0.5, 0.5, 0.5, 0.5, 0.5, 0.5, 0.5, 0.5, 0.5, 0.5, 0.5, 0.5, 0.5, 0.5, 0.5, 0.5, 0.5, 0.5, 0.5, 0.5, 0.5, 0.5, 0.5, 0.5, 0.5, 0.5, 0.5, 0.5, 0.5, 0.5, 0.5, 0.5, 0.5, 0.5, 0.5, 0.5, 0.5, 0.5, 0.5, 0.5, 0.5, 0.5, 0.5, 0.5, 0.5, 0.5, 0.5, 0.5, 0.5, 0.5, 0.5, 0.5, 0.5, 0.5, 0.5, 0.5, 0.5, 0.5, 0.5, 0.5, 0.5, 0.5, 0.5, 0.5, 0.5, 0.5, 0.5, 0.5, 0.5, 0.5, 0.5, 0.5, 0.5, 0.5, 0.5, 0.5, 0.5, 0.5, 0.5, 0.5, 0.5, 0.5, 0.5, 0.5, 0.5, 0.5, 0.5, 0.5, 0.5, 0.5, 0.5, 0.5, 0.5, 0.5, 0.5, 0.5, 0.5, 0.5, 0.5, 0.5, 0.5, 0.5, 0.5, 0.5, 0.5, 0.5, 0.5, 0.5, 0.5, 0.5, 0.5, 0.5, 0.5, 0.5, 0.5, 0.5, 0.5, 0.5, 0.5, 0.5, 0.5, 0.5, 0.5, 0.5, 0.5, 0.5, 0.5, 0.5, 0.5, 0.5, 0.5, 0.5, 0.5, 0.5, 0.5, 0.5, 0.5, 0.5, 0.5, 0.5, 0.5, 0.5, 0.5, 0.5, 0.5, 0.5, 0.5, 0.5, 0.5, 0.5, 0.5, 0.5, 0.5, 0.5, 0.5, 0.5, 0.5, 0.5, 0.5, 0.5, 0.5, 0.5, 0.5, 0.5, 0.5, 0.5, 0.5, 0.5, 0.5, 0.5, 0.5, 0.5, 0.5, 0.5, 0.5, 0.5, 0.5, 0.5, 0.5, 0.5, 0.5, 0.5, 0.5, 0.5, 0.5, 0.5, 0.5, 0.5, 0.5, 0.5, 0.5, 0.5, 0.5, 0.5, 0.5, 0.5, 0.5, 0.5, 0.5, 0.5, 0.5, 0.5, 0.5, 0.5, 0.5, 0.5, 0.5, 0.5, 0.5, 0.5, 0.5, 0.5, 0.5, 0.5, 0.5, 0.5, 0.5, 0.5, 0.5, 0.5, 0.5, 0.5, 0.5, 0.5, 0.5, 0.5, 0.5, 0.5, 0.5, 0.5, 0.5, 0.5, 0.5, 0.5, 0.5, 0.5, 0.5, 0.5, 0.5, 0.5, 0.5, 0.5, 0.5, 0.5, 0.5, 0.5, 0.5, 0.5, 0.5, 0.5, 0.5, 0.5, 0.5, 0.5, 0.5, 0.5, 0.5, 0.5, 0.5, 0.5, 0.5, 0.5, 0.5, 0.5, 0.5, 0.5, 0.5, 0.5, 0.5, 0.5, 0.5, 0.5, 0.5, 0.5, 0.5, 0.5, 0.5, 0.5, 0.5, 0.5, 0.5, 0.5, 0.5, 0.5, 0.5, 0.5, 0.5, 0.5, 0.5, 0.5, 0.5, 0.5, 0.5, 0.5, 0.5, 0.5, 0.5, 0.5, 0.5, 0.5, 0.5, 0.5, 0.5, 0.5, 0.5, 0.5, 0.5, 0.5, 0.5, 0.5, 0.5, 0.5, 0.5, 0.5, 0.5, 0.5, 0.5, 0.5, 0.5, 0.5, 0.5, 0.5, 0.5, 0.5, 0.5, 0.5, 0.5, 0.5, 0.5, 0.5, 0.5, 0.5, 0.5, 0.5, 0.5, 0.5, 0.5, 0.5, 0.5]",2
2026_11_KICE_4-9_1,['4(2)'],"1번: 옳다 + ""(이러한 ‘문리 해석’이 법 해석의 출발점이다.)""
2번: 옳다 + ""(담보는 채권과 관련된 맥락에서는 채권의 실현 가능성을 보장하기 위한 조치라는 의미로 해석된다.)""
3번: 옳다 + ""(다만 경매 대금을 배당받을 금전 채권자가 여럿이면 각 채권자는 각자의 채권액에 비례하여 배당받아야 하는 것이 원칙이다. 그러나 그 채권자 중 담보 물권을 가진 자는 경매 대금에서 자신의 채권액부터 먼저 배당받는다.)""
4번: 부적절하다 + ""(담보는 유상 계약의 맥락에서 거래 대상의 값어치를 보장한다는 의미로 해석된다.)""
5번: 옳다 + ""(어떤 해석 방법을 따르느냐에 따라 결론이 달라질 수 있다.)""

최종 정답: 4
정답 : 4","[16, 167, 110, 230, 25, 23821, 246, 111, 46695, 97, 1343, 30629, 35975, 112, 167, 253, 105, 47991, 250, 564, 246, 167, 105, 116, 167, 99, 105, 220, 47991, 112, 168, 226, 251, 447, 247, 35975, 112, 31619, 110, 243, 220, 47991, 112, 168, 226, 251, 35975, 246, 23821, 114, 250, 167, 108, 250, 168, 254, 238, 35975, 112, 46695, 97, 2014, 1, 198, 17, 167, 110, 230, 25, 23821, 246, 111, 46695, 97, 1343, 30629, 46695, 112, 167, 111, 112, 167, 232, 242, 23821, 109, 226, 166, 114, 234, 166, 111, 120, 220, 166, 112, 222, 167, 254, 101, 167, 238, 250, 31619, 100, 98, 167, 251, 121, 168, 245, 238, 168, 226, 250, 167, 232, 242, 23821, 109, 226, 166, 114, 234, 35975, 246, 23821, 233, 97, 169, 246, 226, 220, 166, 108, 222, 167, 232, 98, 168, 226, 109, 35975, 226, 31619, 111, 112, 168, 252, 98, 47991, 246, 166, 116, 108, 23821, 250, 226, 47991, 250, 23821, 94, 108, 168, 117, 246, 167, 251, 120, 167, 232, 242, 23821, 251, 246, 167, 107, 116, 167, 94, 250, 220, 47991, 112, 168, 226, 251, 167, 238, 250, 46695, 97, 2014, 1, 198, 18, 167, 110, 230, 25, 23821, 246, 111, 46695, 97, 1343, 30629, 46695, 97, 167, 100, 234, 220, 166, 110, 121, 167, 100, 97, 31619, 234, 222, 166, 116, 230, 35975, 226, 31619, 108, 108, 46695, 117, 167, 108, 249, 35975, 226, 220, 166, 116, 230, 168, 254, 226, 23821, 109, 226, 166, 114, 234, 168, 252, 238, 166, 108, 222, 23821, 245, 105, 167, 253, 123, 35975, 112, 167, 102, 112, 220, 166, 108, 223, 23821, 109, 226, 166, 114, 234, 168, 252, 238, 167, 232, 242, 220, 166, 108, 223, 168, 252, 238, 35975, 246, 23821, 109, 226, 166, 114, 234, 168, 243, 94, 168, 245, 238, 31619, 117, 226, 167, 94, 222, 47991, 246, 168, 245, 105, 31619, 108, 108, 46695, 117, 167, 108, 249, 168, 243, 226, 168, 243, 120, 220, 47991, 246, 167, 232, 242, 220, 166, 110, 225, 35975, 112, 23821, 249, 238, 168, 117, 247, 35975, 112, 46695, 97, 13, 220, 166, 115, 116, 167, 253, 105, 167, 224, 246, 220, 166, 115, 116, 23821, 109, 226, 166, 114, 234, 168, 252, 238, 23821, 97, 239, 31619, 233, 112, 167, 111, 112, 31619, 45539, 166, 114, 234, 35975, 226, 220, 166, 108, 222, 168, 100, 226, 23821, 252, 238, 167, 232, 242, 220, 166, 110, 121, 167, 100, 97, 31619, 234, 222, 166, 116, 230, 168, 245, 238, 168, 226, 250, 23821, 252, 238, 168, 233, 254, 35975, 246, 23821, 109, 226, 166, 114, 234, 168, 243, 94, 167, 114, 222, 169, 226, 108, 31619, 101, 120, 168, 254, 222, 31619, 108, 108, 46695, 117, 167, 108, 249, 167, 232, 242, 46695, 97, 2014, 1, 198, 19, 167, 110, 230, 25, 31619, 114, 222, 168, 254, 223, 168, 254, 230, 47991, 246, 46695, 97, 1343, 30629, 46695, 112, 167, 111, 112, 167, 232, 242, 23821, 250, 254, 168, 225, 223, 220, 166, 111, 226, 168, 243, 121, 35975, 246, 31619, 100, 98, 167, 251, 121, 168, 245, 238, 168, 226, 250, 220, 166, 109, 108, 167, 252, 246, 31619, 234, 222, 168, 225, 223, 35975, 246, 220, 166, 108, 240, 168, 244, 112, 168, 117, 246, 167, 98, 120, 31619, 111, 112, 168, 252, 98, 47991, 250, 46695, 97, 167, 232, 242, 23821, 251, 246, 167, 107, 116, 167, 94, 250, 220, 47991, 112, 168, 226, 251, 167, 238, 250, 46695, 97, 2014, 1, 198, 20, 167, 110, 230, 25, 23821, 246, 111, 46695, 97, 1343, 30629, 168, 244, 112, 167, 244, 97, 220, 47991, 112, 168, 226, 251, 31619, 108, 102, 167, 110, 243, 35975, 226, 31619, 242, 108, 167, 98, 112, 167, 232, 238, 167, 225, 238, 168, 245, 238, 31619, 242, 108, 167, 251, 120, 220, 166, 110, 108, 167, 94, 254, 35975, 112, 31619, 233, 105, 167, 251, 120, 168, 100, 230, 23821, 230, 246, 23821, 252, 230, 46695, 97, 2014, 1, 198, 198, 168, 113, 250, 168, 95, 227, 23821, 254, 243, 46695, 113, 25, 604, 198, 168, 254, 243, 46695, 113, 1058, 604]","[0.5, 0.5, 0.5, 0.5, 0.5, 0.5, 0.5, 0.5, 0.5, 0.5, 0.5, 0.5, 0.5, 0.5, 0.5, 0.5, 0.5, 0.5, 0.5, 0.5, 0.5, 0.5, 0.5, 0.5, 0.5, 0.5, 0.5, 0.5, 0.5, 0.5, 0.5, 0.5, 0.5, 0.5, 0.5, 0.5, 0.5, 0.5, 0.5, 0.5, 0.5, 0.5, 0.5, 0.5, 0.5, 0.5, 0.5, 0.5, 0.5, 0.5, 0.5, 0.5, 0.5, 0.5, 0.5, 0.5, 0.5, 0.5, 0.5, 0.5, 0.5, 0.5, 0.5, 0.5, 0.5, 0.5, 0.5, 0.5, 0.5, 0.5, 0.5, 0.5, 0.5, 0.5, 0.5, 0.5, 0.5, 0.5, 0.5, 0.5, 0.5, 0.5, 0.5, 0.5, 0.5, 0.5, 0.5, 0.5, 0.5, 0.5, 0.5, 0.5, 0.5, 0.5, 0.5, 0.5, 0.5, 0.5, 0.5, 0.5, 0.5, 0.5, 0.5, 0.5, 0.5, 0.5, 0.5, 0.5, 0.5, 0.5, 0.5, 0.5, 0.5, 0.5, 0.5, 0.5, 0.5, 0.5, 0.5, 0.5, 0.5, 0.5, 0.5, 0.5, 0.5, 0.5, 0.5, 0.5, 0.5, 0.5, 0.5, 0.5, 0.5, 0.5, 0.5, 0.5, 0.5, 0.5, 0.5, 0.5, 0.5, 0.5, 0.5, 0.5, 0.5, 0.5, 0.5, 0.5, 0.5, 0.5, 0.5, 0.5, 0.5, 0.5, 0.5, 0.5, 0.5, 0.5, 0.5, 0.5, 0.5, 0.5, 0.5, 0.5, 0.5, 0.5, 0.5, 0.5, 0.5, 0.5, 0.5, 0.5, 0.5, 0.5, 0.5, 0.5, 0.5, 0.5, 0.5, 0.5, 0.5, 0.5, 0.5, 0.5, 0.5, 0.5, 0.5, 0.5, 0.5, 0.5, 0.5, 0.5, 0.5, 0.5, 0.5, 0.5, 0.5, 0.5, 0.5, 0.5, 0.5, 0.5, 0.5, 0.5, 0.5, 0.5, 0.5, 0.5, 0.5, 0.5, 0.5, 0.5, 0.5, 0.5, 0.5, 0.5, 0.5, 0.5, 0.5, 0.5, 0.5, 0.5, 0.5, 0.5, 0.5, 0.5, 0.5, 0.5, 0.5, 0.5, 0.5, 0.5, 0.5, 0.5, 0.5, 0.5, 0.5, 0.5, 0.5, 0.5, 0.5, 0.5, 0.5, 0.5, 0.5, 0.5, 0.5, 0.5, 0.5, 0.5, 0.5, 0.5, 0.5, 0.5, 0.5, 0.5, 0.5, 0.5, 0.5, 0.5, 0.5, 0.5, 0.5, 0.5, 0.5, 0.5, 0.5, 0.5, 0.5, 0.5, 0.5, 0.5, 0.5, 0.5, 0.5, 0.5, 0.5, 0.5, 0.5, 0.5, 0.5, 0.5, 0.5, 0.5, 0.5, 0.5, 0.5, 0.5, 0.5, 0.5, 0.5, 0.5, 0.5, 0.5, 0.5, 0.5, 0.5, 0.5, 0.5, 0.5, 0.5, 0.5, 0.5, 0.5, 0.5, 0.5, 0.5, 0.5, 0.5, 0.5, 0.5, 0.5, 0.5, 0.5, 0.5, 0.5, 0.5, 0.5, 0.5, 0.5, 0.5, 0.5, 0.5, 0.5, 0.5, 0.5, 0.5, 0.5, 0.5, 0.5, 0.5, 0.5, 0.5, 0.5, 0.5, 0.5, 0.5, 0.5, 0.5, 0.5, 0.5, 0.5, 0.5, 0.5, 0.5, 0.5, 0.5, 0.5, 0.5, 0.5, 0.5, 0.5, 0.5, 0.5, 0.5, 0.5, 0.5, 0.5, 0.5, 0.5, 0.5, 0.5, 0.5, 0.5, 0.5, 0.5, 0.5, 0.5, 0.5, 0.5, 0.5, 0.5, 0.5, 0.5, 0.5, 0.5, 0.5, 0.5, 0.5, 0.5, 0.5, 0.5, 0.5, 0.5, 0.5, 0.5, 0.5, 0.5, 0.5, 0.5, 0.5, 0.5, 0.5, 0.5, 0.5, 0.5, 0.5, 0.5, 0.5, 0.5, 0.5, 0.5, 0.5, 0.5, 0.5, 0.5, 0.5, 0.5, 0.5, 0.5, 0.5, 0.5, 0.5, 0.5, 0.5, 0.5, 0.5, 0.5, 0.5, 0.5, 0.5, 0.5, 0.5, 0.5, 0.5, 0.5, 0.5, 0.5, 0.5, 0.5, 0.5, 0.5, 0.5, 0.5, 0.5, 0.5, 0.5, 0.5, 0.5, 0.5, 0.5, 0.5, 0.5, 0.5, 0.5, 0.5, 0.5, 0.5, 0.5, 0.5, 0.5, 0.5, 0.5, 0.5, 0.5, 0.5, 0.5, 0.5, 0.5, 0.5, 0.5, 0.5, 0.5, 0.5, 0.5, 0.5, 0.5, 0.5, 0.5, 0.5, 0.5, 0.5, 0.5, 0.5, 0.5, 0.5, 0.5, 0.5, 0.5, 0.5, 0.5, 0.5, 0.5, 0.5, 0.5, 0.5, 0.5, 0.5, 0.5, 0.5, 0.5, 0.5, 0.5, 0.5, 0.5, 0.5, 0.5, 0.5, 0.5, 0.5, 0.5, 0.5, 0.5, 0.5, 0.5, 0.5, 0.5, 0.5, 0.5, 0.5, 0.5, 0.5, 0.5, 0.5, 0.5, 0.5, 0.5, 0.5, 0.5, 0.5, 0.5, 0.5, 0.5, 0.5, 0.5, 0.5, 0.5, 0.5, 0.5, 0.5, 0.5, 0.5, 0.5, 0.5, 0.5, 0.5, 0.5, 0.5, 0.5, 0.5, 0.5, 0.5, 0.5, 0.5, 0.5, 0.5, 0.5, 0.5, 0.5, 0.5, 0.5, 0.5, 0.5, 0.5, 0.5, 0.5, 0.5, 0.5, 0.5, 0.5, 0.5, 0.5, 0.5, 0.5, 0.5, 0.5, 0.5, 0.5, 0.5, 0.5, 0.5, 0.5, 0.5, 0.5, 0.5, 0.5, 0.5, 0.5, 0.5, 0.5, 0.5, 0.5, 0.5, 0.5, 0.5, 0.5, 0.5, 0.5, 0.5, 0.5, 0.5, 0.5, 0.5, 0.5, 0.5, 0.5, 0.5, 0.5, 0.5, 0.5, 0.5, 0.5, 0.5, 0.5, 0.5, 0.5, 0.5, 0.5, 0.5, 0.5, 0.5, 0.5, 0.5, 0.5, 0.5, 0.5, 0.5, 0.5, 0.5, 0.5, 0.5, 0.5, 0.5, 0.5, 0.5, 0.5, 0.5, 0.5, 0.5, 0.5, 0.5, 0.5, 0.5, 0.5, 0.5, 0.5, 0.5, 0.5, 0.5, 0.5, 0.5, 0.5, 0.5, 0.5, 0.5, 0.5, 0.5, 0.5, 0.5, 0.5, 0.5, 0.5, 0.5, 0.5, 0.5, 0.5, 0.5, 0.5, 0.5, 0.5, 0.5, 0.5, 0.5, 0.5, 0.5, 0.5, 0.5, 0.5, 0.5, 0.5, 0.5, 0.5, 0.5, 0.5, 0.5, 0.5, 0.5, 0.5, 0.5, 0.5, 0.5, 0.5, 0.5, 0.5, 0.5, 0.5, 0.5, 0.5, 0.5, 0.5, 0.5]",2
2026_11_KICE_4-9_2,['2(2)'],"계획
- 먼저 문맥에서 ㉠의 내용을 파악한다: 보증 계약은 보증인에게만 채무를 발생시키며 유상 계약이 아니다. 그리고 ㉠은 “주채무자와 보증인 간에 보증의 대가를 지급하기로 하는 계약이 별도로 체결되었더라도 마찬가지이다”라고 명시한다.
- 따라서 ㉠의 주된 의도는 보증 계약 자체가 유상 계약이 아니며, 별도의 대가 지급 계약이 있어도 이를 바꾸지 않는다는 점이다.
- 이를 바탕으로 5개 선택지를 하나씩 비교하여 ㉠의 이유에 가장 부합하는지를 판단한다. 정답은 ㉠의 맥락을 가장 직접적으로 해석하는 2번으로 보인다.

분석 및 실행
1번: 주채무자가 보증인에게 지급하기로 한 대가를 채권자가 대신 받을 수 있기 때문. (지문 속 근거가 된 문장) 보증 계약은 보증인에게만 채무를 발생시키므로 유상 계약이 아니다. 이 문장은 ㉠의 핵심 취지와 부합하지 않는 주장을 뒷받침하는 근거처럼 보일 수 있다.

2번: 보증인에게 대가를 지급할 의무를 지는 사람이 보증 계약의 당사자가 아니기 때문. (지문 속 근거가 된 문장) ㉠은 “주채무자와 보증인 간에 보증의 대가를 지급하기로 하는 계약이 별도로 체결되었더라도 마찬가지이다”라고 명시하여, 별도의 대가 지급 계약이 있어도 보증 계약 자체가 유상 계약이 아님을 강조한다. 이와 직결되는 핵심 진술이다.

3번: 보증 채무를 이행하기 전까지는 보증인이 주채무자로부터 손해 배상을 받을 수 없기 때문이다. 이 문맥은 ㉠의 취지와 직접 연결된 근거가 아니다.

4번: 채권자에게 주채무자 대신 채무를 이행하는 것은 보증인 자신의 채무를 이행하는 것에 해당하기 때문이다. 이 역시 ㉠의 핵심 주장과 직접 연결되는 근거로 보이지 않는다.

5번: 보증은 담보 물권과 다름없기 때문이다. 담보의 일반적 기능에 관한 설명은 있지만 ㉠의 논지(유상 계약 아님)를 직접적으로 뒷받침하지는 않는다.

최종적으로:
- ㉠의 이유에 가장 부합하는 선택지는 2번이다. 이유는 ㉠이 말하고 있는 “주채무자와 보증인 간에 보증의 대가를 지급하기로 하는 계약이 별도로 체결되었더라도 마찬가지이다”라는 점을 통해, 보증 계약 자체가 유상 계약이 아님을 강조하기 때문이다.

최종 정답: 2

정답 :
1번: 1번에 대한 답변 + ""(지문 속 근거가 된 문장) 보증 계약은 보증인에게만 채무를 발생시키므로 유상 계약이 아니다.""
2번: 2번에 대한 답변 + ""(지문 속 근거가 된 문장) ㉠[이는 주채무자와 보증인 간에 보증의 대가를 지급하기로 하는 계약이 별도로 체결되었더라도 마찬가지이다.](㉠의 밑줄)""
3번: 3번에 대한 답변 + ""(지문 속 근거가 된 문장) 보증 계약은 보증인에게만 채무를 발생시키므로 유상 계약이 아니다.""
4번: 4번에 대한 답변 + ""(지문 속 근거가 된 문장) 보증 계약은 보증인에게만 채무를 발생시키므로 유상 계약이 아니다.""
5번: 5번에 대한 답변 + ""(지문 속 근거가 된 문장) 담보는 유상 계약의 맥락에서 거래 대상의 값어치를 보장한다는 의미로 해석된다."" 
최종 정답: 2","[166, 111, 226, 169, 248, 235, 198, 12, 31619, 101, 120, 168, 254, 222, 31619, 105, 116, 167, 100, 98, 168, 245, 238, 168, 226, 250, 220, 159, 231, 254, 35975, 246, 31619, 224, 112, 168, 248, 102, 35975, 226, 220, 169, 234, 234, 168, 243, 227, 47991, 250, 46695, 97, 25, 31619, 111, 112, 168, 99, 251, 220, 166, 111, 226, 168, 243, 121, 35975, 222, 31619, 111, 112, 168, 99, 251, 35975, 116, 168, 245, 238, 166, 110, 234, 167, 100, 234, 23821, 109, 226, 167, 105, 112, 167, 98, 120, 31619, 108, 250, 168, 225, 251, 168, 233, 250, 169, 224, 97, 167, 102, 108, 23821, 250, 254, 168, 225, 223, 220, 166, 111, 226, 168, 243, 121, 35975, 112, 23821, 243, 226, 46695, 230, 46695, 97, 13, 220, 166, 115, 116, 167, 99, 105, 166, 111, 254, 220, 159, 231, 254, 35975, 222, 564, 250, 168, 96, 120, 168, 109, 226, 167, 105, 112, 168, 252, 238, 168, 247, 222, 31619, 111, 112, 168, 99, 251, 35975, 116, 220, 166, 108, 226, 168, 245, 238, 31619, 111, 112, 168, 99, 251, 35975, 246, 31619, 234, 222, 166, 108, 222, 167, 98, 120, 23821, 100, 222, 166, 116, 231, 47991, 246, 166, 116, 108, 167, 94, 250, 220, 47991, 246, 167, 232, 242, 220, 166, 111, 226, 168, 243, 121, 35975, 112, 31619, 111, 226, 167, 237, 226, 167, 94, 250, 23821, 110, 112, 166, 110, 108, 167, 238, 246, 168, 245, 230, 167, 235, 242, 167, 251, 120, 167, 237, 226, 31619, 100, 230, 168, 108, 105, 166, 108, 222, 168, 100, 222, 35975, 112, 46695, 97, 447, 251, 167, 251, 120, 166, 111, 254, 31619, 103, 227, 168, 233, 250, 47991, 250, 46695, 97, 13, 198, 12, 31619, 242, 108, 167, 251, 120, 168, 226, 250, 220, 159, 231, 254, 35975, 246, 23821, 96, 120, 167, 238, 250, 23821, 251, 246, 167, 237, 226, 167, 232, 242, 31619, 111, 112, 168, 99, 251, 220, 166, 111, 226, 168, 243, 121, 23821, 252, 238, 168, 110, 112, 166, 108, 222, 23821, 250, 254, 168, 225, 223, 220, 166, 111, 226, 168, 243, 121, 35975, 112, 23821, 243, 226, 46695, 230, 167, 102, 108, 11, 31619, 111, 226, 167, 237, 226, 35975, 246, 31619, 234, 222, 166, 108, 222, 23821, 100, 222, 166, 116, 231, 220, 166, 111, 226, 168, 243, 121, 35975, 112, 23821, 252, 230, 168, 244, 112, 167, 237, 226, 23821, 251, 112, 167, 98, 120, 31619, 108, 242, 166, 122, 116, 168, 100, 222, 23821, 243, 232, 167, 232, 242, 46695, 97, 167, 232, 242, 23821, 254, 238, 35975, 112, 46695, 97, 13, 198, 12, 23821, 251, 112, 167, 98, 120, 31619, 108, 242, 169, 225, 243, 168, 250, 120, 167, 94, 250, 642, 166, 108, 250, 23821, 226, 254, 169, 225, 251, 168, 100, 222, 167, 98, 120, 220, 47991, 246, 167, 224, 246, 168, 242, 102, 31619, 117, 226, 166, 113, 238, 47991, 246, 168, 245, 105, 220, 159, 231, 254, 35975, 246, 23821, 251, 112, 168, 250, 254, 168, 245, 238, 220, 166, 108, 222, 168, 252, 98, 31619, 114, 222, 47991, 102, 47991, 246, 167, 232, 242, 168, 100, 222, 167, 98, 120, 220, 169, 234, 238, 46695, 101, 47991, 250, 46695, 97, 13, 23821, 254, 243, 46695, 113, 35975, 222, 220, 159, 231, 254, 35975, 246, 31619, 100, 98, 167, 251, 121, 35975, 226, 220, 166, 108, 222, 168, 252, 98, 23821, 100, 223, 168, 254, 239, 168, 254, 223, 168, 250, 120, 167, 94, 250, 220, 47991, 112, 168, 226, 251, 47991, 246, 167, 232, 242, 362, 167, 110, 230, 168, 250, 120, 167, 94, 250, 31619, 111, 112, 35975, 116, 46695, 97, 13, 198, 198, 167, 114, 226, 168, 226, 251, 31619, 108, 237, 23821, 233, 97, 169, 244, 231, 198, 16, 167, 110, 230, 25, 23821, 96, 120, 168, 109, 226, 167, 105, 112, 168, 252, 238, 166, 108, 222, 31619, 111, 112, 168, 99, 251, 35975, 116, 168, 245, 238, 166, 110, 234, 23821, 100, 222, 166, 116, 231, 47991, 246, 166, 116, 108, 167, 94, 250, 220, 47991, 250, 31619, 234, 222, 166, 108, 222, 167, 98, 120, 23821, 109, 226, 166, 114, 234, 168, 252, 238, 166, 108, 222, 31619, 234, 222, 168, 233, 254, 31619, 108, 249, 35975, 226, 23821, 230, 246, 23821, 252, 230, 166, 116, 108, 31619, 243, 234, 167, 105, 116, 13, 357, 168, 100, 222, 167, 105, 116, 23821, 228, 235, 220, 166, 115, 120, 166, 109, 108, 166, 108, 222, 31619, 238, 250, 31619, 105, 116, 168, 252, 98, 8, 31619, 111, 112, 168, 99, 251, 220, 166, 111, 226, 168, 243, 121, 35975, 222, 31619, 111, 112, 168, 99, 251, 35975, 116, 168, 245, 238, 166, 110, 234, 167, 100, 234, 23821, 109, 226, 167, 105, 112, 167, 98, 120, 31619, 108, 250, 168, 225, 251, 168, 233, 250, 169, 224, 97, 167, 107, 222, 167, 94, 250, 23821, 250, 254, 168, 225, 223, 220, 166, 111, 226, 168, 243, 121, 35975, 112, 23821, 243, 226, 46695, 230, 46695, 97, 13, 23821, 251, 112, 31619, 105, 116, 168, 252, 98, 35975, 222, 220, 159, 231, 254, 35975, 246, 220, 47991, 113, 168, 233, 105, 23821, 115, 101, 168, 100, 222, 168, 247, 222, 31619, 114, 222, 47991, 102, 47991, 246, 168, 100, 222, 23821, 243, 232, 167, 232, 242, 23821, 96, 120, 168, 252, 98, 35975, 226, 31619, 240, 115, 167, 108, 249, 168, 117, 101, 47991, 246, 167, 232, 242, 220, 166, 115, 120, 166, 109, 108, 168, 110, 246, 167, 253, 120, 31619, 111, 112, 35975, 120, 23821, 230, 246, 23821, 252, 230, 46695, 97, 13, 198, 198, 17, 167, 110, 230, 25, 31619, 111, 112, 168, 99, 251, 35975, 116, 168, 245, 238, 166, 110, 234, 31619, 234, 222, 166, 108, 222, 167, 98, 120, 23821, 100, 222, 166, 116, 231, 47991, 254, 23821, 251, 246, 167, 105, 112, 167, 98, 120, 23821, 100, 222, 167, 232, 242, 23821, 8955, 167, 252, 234, 35975, 112, 31619, 111, 112, 168, 99, 251, 220, 166, 111, 226, 168, 243, 121, 35975, 246, 31619, 233, 117, 168, 8955, 168, 252, 238, 166, 108, 222, 23821, 243, 226, 46695, 230, 166, 116, 108, 31619, 243, 234, 167, 105, 116, 13, 357, 168, 100, 222, 167, 105, 116, 23821, 228, 235, 220, 166, 115, 120, 166, 109, 108, 166, 108, 222, 31619, 238, 250, 31619, 105, 116, 168, 252, 98, 8, 220, 159, 231, 254, 35975, 222, 564, 250, 168, 96, 120, 168, 109, 226, 167, 105, 112, 168, 252, 238, 168, 247, 222, 31619, 111, 112, 168, 99, 251, 35975, 116, 220, 166, 108, 226, 168, 245, 238, 31619, 111, 112, 168, 99, 251, 35975, 246, 31619, 234, 222, 166, 108, 222, 167, 98, 120, 23821, 100, 222, 166, 116, 231, 47991, 246, 166, 116, 108, 167, 94, 250, 220, 47991, 246, 167, 232, 242, 220, 166, 111, 226, 168, 243, 121, 35975, 112, 31619, 111, 226, 167, 237, 226, 167, 94, 250, 23821, 110, 112, 166, 110, 108, 167, 238, 246, 168, 245, 230, 167, 235, 242, 167, 251, 120, 167, 237, 226, 31619, 100, 230, 168, 108, 105, 166, 108, 222, 168, 100, 222, 35975, 112, 46695, 97, 447, 251, 167, 251, 120, 166, 111, 254, 31619, 103, 227, 168, 233, 250, 47991, 246, 168, 245, 105, 11, 31619, 111, 226, 167, 237, 226, 35975, 246, 31619, 234, 222, 166, 108, 222, 23821, 100, 222, 166, 116, 231, 220, 166, 111, 226, 168, 243, 121, 35975, 112, 23821, 252, 230, 168, 244, 112, 167, 237, 226, 31619, 111, 112, 168, 99, 251, 220, 166, 111, 226, 168, 243, 121, 23821, 252, 238, 168, 110, 112, 166, 108, 222, 23821, 250, 254, 168, 225, 223, 220, 166, 111, 226, 168, 243, 121, 35975, 112, 23821, 243, 226, 46695, 246, 35975, 226, 220, 166, 108, 243, 168, 94, 108, 47991, 250, 46695, 97, 13, 23821, 251, 112, 168, 247, 222, 23821, 100, 223, 166, 110, 108, 167, 238, 246, 167, 232, 242, 220, 47991, 113, 168, 233, 105, 23821, 100, 226, 168, 230, 254, 35975, 112, 46695, 97, 13, 198, 198, 18, 167, 110, 230, 25, 31619, 111, 112, 168, 99, 251, 23821, 109, 226, 167, 105, 112, 167, 98, 120, 23821, 251, 112, 169, 244, 231, 47991, 246, 166, 116, 108, 23821, 254, 226, 166, 117, 234, 168, 100, 222, 167, 232, 242, 31619, 111, 112, 168, 99, 251, 35975, 116, 35975, 112, 23821, 96, 120, 168, 109, 226, 167, 105, 112, 168, 252, 238, 167, 94, 250, 167, 114, 222, 169, 226, 108, 23821, 228, 238, 47991, 112, 31619, 108, 108, 168, 225, 223, 35975, 226, 31619, 108, 249, 35975, 226, 23821, 230, 246, 23821, 245, 228, 166, 116, 108, 31619, 243, 234, 167, 105, 116, 35975, 112, 46695, 97, 13, 23821, 251, 112, 31619, 105, 116, 167, 100, 98, 35975, 222, 220, 159, 231, 254, 35975, 246, 23821, 115, 101, 168, 100, 222, 168, 247, 222, 23821, 100, 223, 168, 254, 239, 23821, 245, 108, 166, 110, 108, 167, 238, 250, 220, 166, 115, 120, 166, 109, 108, 166, 108, 222, 23821, 243, 226, 46695, 230, 46695, 97, 13, 198, 198, 19, 167, 110, 230, 25, 23821, 109, 226, 166, 114, 234, 168, 252, 238, 168, 245, 238, 166, 110, 234, 23821, 96, 120, 168, 109, 226, 167, 105, 112, 168, 252, 238, 31619, 234, 222, 168, 233, 254, 23821, 109, 226, 167, 105, 112, 167, 98, 120, 23821, 251, 112, 169, 244, 231, 47991, 246, 167, 232, 242, 220, 166, 110, 225, 35975, 222, 31619, 111, 112, 168, 99, 251, 35975, 116, 23821, 252, 238, 168, 233, 254, 35975, 246, 23821, 109, 226, 167, 105, 112, 167, 98, 120, 23821, 251, 112, 169, 244, 231, 47991, 246, 167, 232, 242, 220, 166, 110, 225, 168, 245, 238, 220, 47991, 112, 46695, 117, 47991, 246, 166, 116, 108, 31619, 243, 234, 167, 105, 116, 35975, 112, 46695, 97, 13, 23821, 251, 112, 23821, 245, 255, 168, 233, 250, 220, 159, 231, 254, 35975, 246, 220, 47991, 113, 168, 233, 105, 23821, 96, 120, 168, 252, 98, 166, 111, 120, 23821, 100, 223, 168, 254, 239, 23821, 245, 108, 166, 110, 108, 167, 238, 246, 167, 232, 242, 220, 166, 115, 120, 166, 109, 108, 167, 94, 250, 31619, 111, 112, 35975, 112, 168, 100, 222, 23821, 243, 232, 167, 232, 242, 46695, 97, 13, 198, 198, 20, 167, 110, 230, 25, 31619, 111, 112, 168, 99, 251, 35975, 222, 31619, 233, 112, 167, 111, 112, 31619, 45539, 166, 114, 234, 166, 111, 120, 31619, 233, 97, 167, 99, 226, 168, 245, 228, 166, 116, 108, 31619, 243, 234, 167, 105, 116, 35975, 112, 46695, 97, 13, 31619, 233, 112, 167, 111, 112, 35975, 246, 23821, 251, 120, 167, 108, 246, 168, 254, 223, 220, 166, 116, 108, 167, 232, 98, 168, 245, 238, 220, 166, 112, 222, 47991, 250, 23821, 226, 97, 167, 103, 227, 35975, 222, 23821, 252, 230, 168, 100, 222, 167, 100, 234, 220, 159, 231, 254, 35975, 246, 31619, 227, 120, 168, 100, 222, 7, 168, 250, 254, 168, 225, 223, 220, 166, 111, 226, 168, 243, 121, 23821, 243, 226, 46695, 246, 8, 167, 98, 120, 23821, 100, 223, 168, 254, 239, 168, 254, 223, 168, 250, 120, 167, 94, 250, 31619, 240, 115, 167, 108, 249, 168, 117, 101, 47991, 246, 168, 100, 222, 167, 232, 242, 23821, 243, 232, 167, 232, 242, 46695, 97, 13, 198, 198, 168, 113, 250, 168, 95, 227, 168, 254, 223, 168, 250, 120, 167, 94, 250, 25, 198, 12, 220, 159, 231, 254, 35975, 246, 23821, 251, 112, 168, 250, 254, 168, 245, 238, 220, 166, 108, 222, 168, 252, 98, 31619, 114, 222, 47991, 102, 47991, 246, 167, 232, 242, 23821, 226, 254, 169, 225, 251, 168, 100, 222, 167, 232, 242, 362, 167, 110, 230, 35975, 112, 46695, 97, 13, 23821, 251, 112, 168, 250, 254, 167, 232, 242, 220, 159, 231, 254, 35975, 112, 31619, 100, 238, 47991, 246, 166, 111, 254, 23821, 252, 230, 167, 232, 242, 564, 250, 168, 96, 120, 168, 109, 226, 167, 105, 112, 168, 252, 238, 168, 247, 222, 31619, 111, 112, 168, 99, 251, 35975, 116, 220, 166, 108, 226, 168, 245, 238, 31619, 111, 112, 168, 99, 251, 35975, 246, 31619, 234, 222, 166, 108, 222, 167, 98, 120, 23821, 100, 222, 166, 116, 231, 47991, 246, 166, 116, 108, 167, 94, 250, 220, 47991, 246, 167, 232, 242, 220, 166, 111, 226, 168, 243, 121, 35975, 112, 31619, 111, 226, 167, 237, 226, 167, 94, 250, 23821, 110, 112, 166, 110, 108, 167, 238, 246, 168, 245, 230, 167, 235, 242, 167, 251, 120, 167, 237, 226, 31619, 100, 230, 168, 108, 105, 166, 108, 222, 168, 100, 222, 35975, 112, 46695, 97, 447, 251, 167, 251, 120, 167, 232, 242, 23821, 254, 238, 35975, 226, 220, 169, 228, 113, 47991, 112, 11, 31619, 111, 112, 168, 99, 251, 220, 166, 111, 226, 168, 243, 121, 23821, 252, 238, 168, 110, 112, 166, 108, 222, 23821, 250, 254, 168, 225, 223, 220, 166, 111, 226, 168, 243, 121, 35975, 112, 23821, 243, 226, 46695, 246, 35975, 226, 220, 166, 108, 243, 168, 94, 108, 47991, 246, 166, 116, 108, 31619, 243, 234, 167, 105, 116, 35975, 112, 46695, 97, 13, 198, 198, 168, 113, 250, 168, 95, 227, 23821, 254, 243, 46695, 113, 25, 362, 198, 198, 168, 254, 243, 46695, 113, 1058, 198, 16, 167, 110, 230, 25, 352, 167, 110, 230, 168, 245, 238, 31619, 234, 222, 47991, 250, 31619, 233, 113, 167, 111, 222, 1343, 30629, 168, 100, 222, 167, 105, 116, 23821, 228, 235, 220, 166, 115, 120, 166, 109, 108, 166, 108, 222, 31619, 238, 250, 31619, 105, 116, 168, 252, 98, 8, 31619, 111, 112, 168, 99, 251, 220, 166, 111, 226, 168, 243, 121, 35975, 222, 31619, 111, 112, 168, 99, 251, 35975, 116, 168, 245, 238, 166, 110, 234, 167, 100, 234, 23821, 109, 226, 167, 105, 112, 167, 98, 120, 31619, 108, 250, 168, 225, 251, 168, 233, 250, 169, 224, 97, 167, 107, 222, 167, 94, 250, 23821, 250, 254, 168, 225, 223, 220, 166, 111, 226, 168, 243, 121, 35975, 112, 23821, 243, 226, 46695, 230, 46695, 97, 526, 198, 17, 167, 110, 230, 25, 362, 167, 110, 230, 168, 245, 238, 31619, 234, 222, 47991, 250, 31619, 233, 113, 167, 111, 222, 1343, 30629, 168, 100, 222, 167, 105, 116, 23821, 228, 235, 220, 166, 115, 120, 166, 109, 108, 166, 108, 222, 31619, 238, 250, 31619, 105, 116, 168, 252, 98, 8, 220, 159, 231, 254, 58, 35975, 112, 167, 232, 242, 23821, 96, 120, 168, 109, 226, 167, 105, 112, 168, 252, 238, 168, 247, 222, 31619, 111, 112, 168, 99, 251, 35975, 116, 220, 166, 108, 226, 168, 245, 238, 31619, 111, 112, 168, 99, 251, 35975, 246, 31619, 234, 222, 166, 108, 222, 167, 98, 120, 23821, 100, 222, 166, 116, 231, 47991, 246, 166, 116, 108, 167, 94, 250, 220, 47991, 246, 167, 232, 242, 220, 166, 111, 226, 168, 243, 121, 35975, 112, 31619, 111, 226, 167, 237, 226, 167, 94, 250, 23821, 110, 112, 166, 110, 108, 167, 238, 246, 168, 245, 230, 167, 235, 242, 167, 251, 120, 167, 237, 226, 31619, 100, 230, 168, 108, 105, 166, 108, 222, 168, 100, 222, 35975, 112, 46695, 97, 8183, 7, 159, 231, 254, 35975, 246, 31619, 108, 239, 168, 97, 226, 16725, 198, 18, 167, 110, 230, 25, 513, 167, 110, 230, 168, 245, 238, 31619, 234, 222, 47991, 250, 31619, 233, 113, 167, 111, 222, 1343, 30629, 168, 100, 222, 167, 105, 116, 23821, 228, 235, 220, 166, 115, 120, 166, 109, 108, 166, 108, 222, 31619, 238, 250, 31619, 105, 116, 168, 252, 98, 8, 31619, 111, 112, 168, 99, 251, 220, 166, 111, 226, 168, 243, 121, 35975, 222, 31619, 111, 112, 168, 99, 251, 35975, 116, 168, 245, 238, 166, 110, 234, 167, 100, 234, 23821, 109, 226, 167, 105, 112, 167, 98, 120, 31619, 108, 250, 168, 225, 251, 168, 233, 250, 169, 224, 97, 167, 107, 222, 167, 94, 250, 23821, 250, 254, 168, 225, 223, 220, 166, 111, 226, 168, 243, 121, 35975, 112, 23821, 243, 226, 46695, 230, 46695, 97, 526, 198, 19, 167, 110, 230, 25, 604, 167, 110, 230, 168, 245, 238, 31619, 234, 222, 47991, 250, 31619, 233, 113, 167, 111, 222, 1343, 30629, 168, 100, 222, 167, 105, 116, 23821, 228, 235, 220, 166, 115, 120, 166, 109, 108, 166, 108, 222, 31619, 238, 250, 31619, 105, 116, 168, 252, 98, 8, 31619, 111, 112, 168, 99, 251, 220, 166, 111, 226, 168, 243, 121, 35975, 222, 31619, 111, 112, 168, 99, 251, 35975, 116, 168, 245, 238, 166, 110, 234, 167, 100, 234, 23821, 109, 226, 167, 105, 112, 167, 98, 120, 31619, 108, 250, 168, 225, 251, 168, 233, 250, 169, 224, 97, 167, 107, 222, 167, 94, 250, 23821, 250, 254, 168, 225, 223, 220, 166, 111, 226, 168, 243, 121, 35975, 112, 23821, 243, 226, 46695, 230, 46695, 97, 526, 198, 20, 167, 110, 230, 25, 642, 167, 110, 230, 168, 245, 238, 31619, 234, 222, 47991, 250, 31619, 233, 113, 167, 111, 222, 1343, 30629, 168, 100, 222, 167, 105, 116, 23821, 228, 235, 220, 166, 115, 120, 166, 109, 108, 166, 108, 222, 31619, 238, 250, 31619, 105, 116, 168, 252, 98, 8, 31619, 233, 112, 167, 111, 112, 167, 232, 242, 23821, 250, 254, 168, 225, 223, 220, 166, 111, 226, 168, 243, 121, 35975, 246, 31619, 100, 98, 167, 251, 121, 168, 245, 238, 168, 226, 250, 220, 166, 109, 108, 167, 252, 246, 31619, 234, 222, 168, 225, 223, 35975, 246, 220, 166, 108, 240, 168, 244, 112, 168, 117, 246, 167, 98, 120, 31619, 111, 112, 168, 252, 98, 47991, 250, 46695, 97, 167, 232, 242, 23821, 251, 246, 167, 107, 116, 167, 94, 250, 220, 47991, 112, 168, 226, 251, 167, 238, 250, 46695, 97, 526, 220, 198, 168, 113, 250, 168, 95, 227, 23821, 254, 243, 46695, 113, 25, 362]","[0.5, 0.5, 0.5, 0.5, 0.5, 0.5, 0.5, 0.5, 0.5, 0.5, 0.5, 0.5, 0.5, 0.5, 0.5, 0.5, 0.5, 0.5, 0.5, 0.5, 0.5, 0.5, 0.5, 0.5, 0.5, 0.5, 0.5, 0.5, 0.5, 0.5, 0.5, 0.5, 0.5, 0.5, 0.5, 0.5, 0.5, 0.5, 0.5, 0.5, 0.5, 0.5, 0.5, 0.5, 0.5, 0.5, 0.5, 0.5, 0.5, 0.5, 0.5, 0.5, 0.5, 0.5, 0.5, 0.5, 0.5, 0.5, 0.5, 0.5, 0.5, 0.5, 0.5, 0.5, 0.5, 0.5, 0.5, 0.5, 0.5, 0.5, 0.5, 0.5, 0.5, 0.5, 0.5, 0.5, 0.5, 0.5, 0.5, 0.5, 0.5, 0.5, 0.5, 0.5, 0.5, 0.5, 0.5, 0.5, 0.5, 0.5, 0.5, 0.5, 0.5, 0.5, 0.5, 0.5, 0.5, 0.5, 0.5, 0.5, 0.5, 0.5, 0.5, 0.5, 0.5, 0.5, 0.5, 0.5, 0.5, 0.5, 0.5, 0.5, 0.5, 0.5, 0.5, 0.5, 0.5, 0.5, 0.5, 0.5, 0.5, 0.5, 0.5, 0.5, 0.5, 0.5, 0.5, 0.5, 0.5, 0.5, 0.5, 0.5, 0.5, 0.5, 0.5, 0.5, 0.5, 0.5, 0.5, 0.5, 0.5, 0.5, 0.5, 0.5, 0.5, 0.5, 0.5, 0.5, 0.5, 0.5, 0.5, 0.5, 0.5, 0.5, 0.5, 0.5, 0.5, 0.5, 0.5, 0.5, 0.5, 0.5, 0.5, 0.5, 0.5, 0.5, 0.5, 0.5, 0.5, 0.5, 0.5, 0.5, 0.5, 0.5, 0.5, 0.5, 0.5, 0.5, 0.5, 0.5, 0.5, 0.5, 0.5, 0.5, 0.5, 0.5, 0.5, 0.5, 0.5, 0.5, 0.5, 0.5, 0.5, 0.5, 0.5, 0.5, 0.5, 0.5, 0.5, 0.5, 0.5, 0.5, 0.5, 0.5, 0.5, 0.5, 0.5, 0.5, 0.5, 0.5, 0.5, 0.5, 0.5, 0.5, 0.5, 0.5, 0.5, 0.5, 0.5, 0.5, 0.5, 0.5, 0.5, 0.5, 0.5, 0.5, 0.5, 0.5, 0.5, 0.5, 0.5, 0.5, 0.5, 0.5, 0.5, 0.5, 0.5, 0.5, 0.5, 0.5, 0.5, 0.5, 0.5, 0.5, 0.5, 0.5, 0.5, 0.5, 0.5, 0.5, 0.5, 0.5, 0.5, 0.5, 0.5, 0.5, 0.5, 0.5, 0.5, 0.5, 0.5, 0.5, 0.5, 0.5, 0.5, 0.5, 0.5, 0.5, 0.5, 0.5, 0.5, 0.5, 0.5, 0.5, 0.5, 0.5, 0.5, 0.5, 0.5, 0.5, 0.5, 0.5, 0.5, 0.5, 0.5, 0.5, 0.5, 0.5, 0.5, 0.5, 0.5, 0.5, 0.5, 0.5, 0.5, 0.5, 0.5, 0.5, 0.5, 0.5, 0.5, 0.5, 0.5, 0.5, 0.5, 0.5, 0.5, 0.5, 0.5, 0.5, 0.5, 0.5, 0.5, 0.5, 0.5, 0.5, 0.5, 0.5, 0.5, 0.5, 0.5, 0.5, 0.5, 0.5, 0.5, 0.5, 0.5, 0.5, 0.5, 0.5, 0.5, 0.5, 0.5, 0.5, 0.5, 0.5, 0.5, 0.5, 0.5, 0.5, 0.5, 0.5, 0.5, 0.5, 0.5, 0.5, 0.5, 0.5, 0.5, 0.5, 0.5, 0.5, 0.5, 0.5, 0.5, 0.5, 0.5, 0.5, 0.5, 0.5, 0.5, 0.5, 0.5, 0.5, 0.5, 0.5, 0.5, 0.5, 0.5, 0.5, 0.5, 0.5, 0.5, 0.5, 0.5, 0.5, 0.5, 0.5, 0.5, 0.5, 0.5, 0.5, 0.5, 0.5, 0.5, 0.5, 0.5, 0.5, 0.5, 0.5, 0.5, 0.5, 0.5, 0.5, 0.5, 0.5, 0.5, 0.5, 0.5, 0.5, 0.5, 0.5, 0.5, 0.5, 0.5, 0.5, 0.5, 0.5, 0.5, 0.5, 0.5, 0.5, 0.5, 0.5, 0.5, 0.5, 0.5, 0.5, 0.5, 0.5, 0.5, 0.5, 0.5, 0.5, 0.5, 0.5, 0.5, 0.5, 0.5, 0.5, 0.5, 0.5, 0.5, 0.5, 0.5, 0.5, 0.5, 0.5, 0.5, 0.5, 0.5, 0.5, 0.5, 0.5, 0.5, 0.5, 0.5, 0.5, 0.5, 0.5, 0.5, 0.5, 0.5, 0.5, 0.5, 0.5, 0.5, 0.5, 0.5, 0.5, 0.5, 0.5, 0.5, 0.5, 0.5, 0.5, 0.5, 0.5, 0.5, 0.5, 0.5, 0.5, 0.5, 0.5, 0.5, 0.5, 0.5, 0.5, 0.5, 0.5, 0.5, 0.5, 0.5, 0.5, 0.5, 0.5, 0.5, 0.5, 0.5, 0.5, 0.5, 0.5, 0.5, 0.5, 0.5, 0.5, 0.5, 0.5, 0.5, 0.5, 0.5, 0.5, 0.5, 0.5, 0.5, 0.5, 0.5, 0.5, 0.5, 0.5, 0.5, 0.5, 0.5, 0.5, 0.5, 0.5, 0.5, 0.5, 0.5, 0.5, 0.5, 0.5, 0.5, 0.5, 0.5, 0.5, 0.5, 0.5, 0.5, 0.5, 0.5, 0.5, 0.5, 0.5, 0.5, 0.5, 0.5, 0.5, 0.5, 0.5, 0.5, 0.5, 0.5, 0.5, 0.5, 0.5, 0.5, 0.5, 0.5, 0.5, 0.5, 0.5, 0.5, 0.5, 0.5, 0.5, 0.5, 0.5, 0.5, 0.5, 0.5, 0.5, 0.5, 0.5, 0.5, 0.5, 0.5, 0.5, 0.5, 0.5, 0.5, 0.5, 0.5, 0.5, 0.5, 0.5, 0.5, 0.5, 0.5, 0.5, 0.5, 0.5, 0.5, 0.5, 0.5, 0.5, 0.5, 0.5, 0.5, 0.5, 0.5, 0.5, 0.5, 0.5, 0.5, 0.5, 0.5, 0.5, 0.5, 0.5, 0.5, 0.5, 0.5, 0.5, 0.5, 0.5, 0.5, 0.5, 0.5, 0.5, 0.5, 0.5, 0.5, 0.5, 0.5, 0.5, 0.5, 0.5, 0.5, 0.5, 0.5, 0.5, 0.5, 0.5, 0.5, 0.5, 0.5, 0.5, 0.5, 0.5, 0.5, 0.5, 0.5, 0.5, 0.5, 0.5, 0.5, 0.5, 0.5, 0.5, 0.5, 0.5, 0.5, 0.5, 0.5, 0.5, 0.5, 0.5, 0.5, 0.5, 0.5, 0.5, 0.5, 0.5, 0.5, 0.5, 0.5, 0.5, 0.5, 0.5, 0.5, 0.5, 0.5, 0.5, 0.5, 0.5, 0.5, 0.5, 0.5, 0.5, 0.5, 0.5, 0.5, 0.5, 0.5, 0.5, 0.5, 0.5, 0.5, 0.5, 0.5, 0.5, 0.5, 0.5, 0.5, 0.5, 0.5, 0.5, 0.5, 0.5, 0.5, 0.5, 0.5, 0.5, 0.5, 0.5, 0.5, 0.5, 0.5, 0.5, 0.5, 0.5, 0.5, 0.5, 0.5, 0.5, 0.5, 0.5, 0.5, 0.5, 0.5, 0.5, 0.5, 0.5, 0.5, 0.5, 0.5, 0.5, 0.5, 0.5, 0.5, 0.5, 0.5, 0.5, 0.5, 0.5, 0.5, 0.5, 0.5, 0.5, 0.5, 0.5, 0.5, 0.5, 0.5, 0.5, 0.5, 0.5, 0.5, 0.5, 0.5, 0.5, 0.5, 0.5, 0.5, 0.5, 0.5, 0.5, 0.5, 0.5, 0.5, 0.5, 0.5, 0.5, 0.5, 0.5, 0.5, 0.5, 0.5, 0.5, 0.5, 0.5, 0.5, 0.5, 0.5, 0.5, 0.5, 0.5, 0.5, 0.5, 0.5, 0.5, 0.5, 0.5, 0.5, 0.5, 0.5, 0.5, 0.5, 0.5, 0.5, 0.5, 0.5, 0.5, 0.5, 0.5, 0.5, 0.5, 0.5, 0.5, 0.5, 0.5, 0.5, 0.5, 0.5, 0.5, 0.5, 0.5, 0.5, 0.5, 0.5, 0.5, 0.5, 0.5, 0.5, 0.5, 0.5, 0.5, 0.5, 0.5, 0.5, 0.5, 0.5, 0.5, 0.5, 0.5, 0.5, 0.5, 0.5, 0.5, 0.5, 0.5, 0.5, 0.5, 0.5, 0.5, 0.5, 0.5, 0.5, 0.5, 0.5, 0.5, 0.5, 0.5, 0.5, 0.5, 0.5, 0.5, 0.5, 0.5, 0.5, 0.5, 0.5, 0.5, 0.5, 0.5, 0.5, 0.5, 0.5, 0.5, 0.5, 0.5, 0.5, 0.5, 0.5, 0.5, 0.5, 0.5, 0.5, 0.5, 0.5, 0.5, 0.5, 0.5, 0.5, 0.5, 0.5, 0.5, 0.5, 0.5, 0.5, 0.5, 0.5, 0.5, 0.5, 0.5, 0.5, 0.5, 0.5, 0.5, 0.5, 0.5, 0.5, 0.5, 0.5, 0.5, 0.5, 0.5, 0.5, 0.5, 0.5, 0.5, 0.5, 0.5, 0.5, 0.5, 0.5, 0.5, 0.5, 0.5, 0.5, 0.5, 0.5, 0.5, 0.5, 0.5, 0.5, 0.5, 0.5, 0.5, 0.5, 0.5, 0.5, 0.5, 0.5, 0.5, 0.5, 0.5, 0.5, 0.5, 0.5, 0.5, 0.5, 0.5, 0.5, 0.5, 0.5, 0.5, 0.5, 0.5, 0.5, 0.5, 0.5, 0.5, 0.5, 0.5, 0.5, 0.5, 0.5, 0.5, 0.5, 0.5, 0.5, 0.5, 0.5, 0.5, 0.5, 0.5, 0.5, 0.5, 0.5, 0.5, 0.5, 0.5, 0.5, 0.5, 0.5, 0.5, 0.5, 0.5, 0.5, 0.5, 0.5, 0.5, 0.5, 0.5, 0.5, 0.5, 0.5, 0.5, 0.5, 0.5, 0.5, 0.5, 0.5, 0.5, 0.5, 0.5, 0.5, 0.5, 0.5, 0.5, 0.5, 0.5, 0.5, 0.5, 0.5, 0.5, 0.5, 0.5, 0.5, 0.5, 0.5, 0.5, 0.5, 0.5, 0.5, 0.5, 0.5, 0.5, 0.5, 0.5, 0.5, 0.5, 0.5, 0.5, 0.5, 0.5, 0.5, 0.5, 0.5, 0.5, 0.5, 0.5, 0.5, 0.5, 0.5, 0.5, 0.5, 0.5, 0.5, 0.5, 0.5, 0.5, 0.5, 0.5, 0.5, 0.5, 0.5, 0.5, 0.5, 0.5, 0.5, 0.5, 0.5, 0.5, 0.5, 0.5, 0.5, 0.5, 0.5, 0.5, 0.5, 0.5, 0.5, 0.5, 0.5, 0.5, 0.5, 0.5, 0.5, 0.5, 0.5, 0.5, 0.5, 0.5, 0.5, 0.5, 0.5, 0.5, 0.5, 0.5, 0.5, 0.5, 0.5, 0.5, 0.5, 0.5, 0.5, 0.5, 0.5, 0.5, 0.5, 0.5, 0.5, 0.5, 0.5, 0.5, 0.5, 0.5, 0.5, 0.5, 0.5, 0.5, 0.5, 0.5, 0.5, 0.5, 0.5, 0.5, 0.5, 0.5, 0.5, 0.5, 0.5, 0.5, 0.5, 0.5, 0.5, 0.5, 0.5, 0.5, 0.5, 0.5, 0.5, 0.5, 0.5, 0.5, 0.5, 0.5, 0.5, 0.5, 0.5, 0.5, 0.5, 0.5, 0.5, 0.5, 0.5, 0.5, 0.5, 0.5, 0.5, 0.5, 0.5, 0.5, 0.5, 0.5, 0.5, 0.5, 0.5, 0.5, 0.5, 0.5, 0.5, 0.5, 0.5, 0.5, 0.5, 0.5, 0.5, 0.5, 0.5, 0.5, 0.5, 0.5, 0.5, 0.5, 0.5, 0.5, 0.5, 0.5, 0.5, 0.5, 0.5, 0.5, 0.5, 0.5, 0.5, 0.5, 0.5, 0.5, 0.5, 0.5, 0.5, 0.5, 0.5, 0.5, 0.5, 0.5, 0.5, 0.5, 0.5, 0.5, 0.5, 0.5, 0.5, 0.5, 0.5, 0.5, 0.5, 0.5, 0.5, 0.5, 0.5, 0.5, 0.5, 0.5, 0.5, 0.5, 0.5, 0.5, 0.5, 0.5, 0.5, 0.5, 0.5, 0.5, 0.5, 0.5, 0.5, 0.5, 0.5, 0.5, 0.5, 0.5, 0.5, 0.5, 0.5, 0.5, 0.5, 0.5, 0.5, 0.5, 0.5, 0.5, 0.5, 0.5, 0.5, 0.5, 0.5, 0.5, 0.5, 0.5, 0.5, 0.5, 0.5, 0.5, 0.5, 0.5, 0.5, 0.5, 0.5, 0.5, 0.5, 0.5, 0.5, 0.5, 0.5, 0.5, 0.5, 0.5, 0.5, 0.5, 0.5, 0.5, 0.5, 0.5, 0.5, 0.5, 0.5, 0.5, 0.5, 0.5, 0.5, 0.5, 0.5, 0.5, 0.5, 0.5, 0.5, 0.5, 0.5, 0.5, 0.5, 0.5, 0.5, 0.5, 0.5, 0.5, 0.5, 0.5, 0.5, 0.5, 0.5, 0.5, 0.5, 0.5, 0.5, 0.5, 0.5, 0.5, 0.5, 0.5, 0.5, 0.5, 0.5, 0.5, 0.5, 0.5, 0.5, 0.5, 0.5, 0.5, 0.5, 0.5, 0.5, 0.5, 0.5, 0.5, 0.5, 0.5, 0.5, 0.5, 0.5, 0.5, 0.5, 0.5, 0.5, 0.5, 0.5, 0.5, 0.5, 0.5, 0.5, 0.5, 0.5, 0.5, 0.5, 0.5, 0.5, 0.5, 0.5, 0.5, 0.5, 0.5, 0.5, 0.5, 0.5, 0.5, 0.5, 0.5, 0.5, 0.5, 0.5, 0.5, 0.5, 0.5, 0.5, 0.5, 0.5, 0.5, 0.5, 0.5, 0.5, 0.5, 0.5, 0.5, 0.5, 0.5, 0.5, 0.5, 0.5, 0.5, 0.5, 0.5, 0.5, 0.5, 0.5, 0.5, 0.5, 0.5, 0.5, 0.5, 0.5, 0.5, 0.5, 0.5, 0.5, 0.5, 0.5, 0.5, 0.5, 0.5, 0.5, 0.5, 0.5, 0.5, 0.5, 0.5, 0.5, 0.5, 0.5, 0.5, 0.5, 0.5, 0.5, 0.5, 0.5, 0.5, 0.5, 0.5, 0.5, 0.5, 0.5, 0.5, 0.5, 0.5, 0.5, 0.5, 0.5, 0.5, 0.5, 0.5, 0.5, 0.5, 0.5, 0.5, 0.5, 0.5, 0.5, 0.5, 0.5, 0.5, 0.5, 0.5, 0.5, 0.5, 0.5, 0.5, 0.5, 0.5, 0.5, 0.5, 0.5, 0.5, 0.5, 0.5, 0.5, 0.5, 0.5, 0.5, 0.5, 0.5, 0.5, 0.5, 0.5, 0.5, 0.5, 0.5, 0.5, 0.5, 0.5, 0.5, 0.5, 0.5, 0.5, 0.5, 0.5, 0.5, 0.5, 0.5, 0.5, 0.5, 0.5, 0.5, 0.5, 0.5, 0.5, 0.5, 0.5, 0.5, 0.5, 0.5, 0.5, 0.5, 0.5, 0.5, 0.5, 0.5, 0.5, 0.5, 0.5, 0.5, 0.5, 0.5, 0.5, 0.5, 0.5, 0.5, 0.5, 0.5, 0.5, 0.5, 0.5, 0.5, 0.5, 0.5, 0.5, 0.5, 0.5, 0.5, 0.5, 0.5, 0.5, 0.5, 0.5, 0.5, 0.5, 0.5, 0.5, 0.5, 0.5, 0.5, 0.5, 0.5, 0.5, 0.5, 0.5, 0.5, 0.5, 0.5, 0.5, 0.5, 0.5, 0.5, 0.5, 0.5, 0.5, 0.5, 0.5, 0.5, 0.5, 0.5, 0.5, 0.5, 0.5, 0.5, 0.5, 0.5, 0.5, 0.5, 0.5, 0.5, 0.5, 0.5, 0.5, 0.5, 0.5, 0.5, 0.5, 0.5, 0.5, 0.5, 0.5, 0.5, 0.5, 0.5, 0.5, 0.5, 0.5, 0.5, 0.5, 0.5, 0.5, 0.5, 0.5, 0.5, 0.5, 0.5, 0.5, 0.5, 0.5, 0.5, 0.5, 0.5, 0.5, 0.5, 0.5, 0.5, 0.5, 0.5, 0.5, 0.5, 0.5, 0.5, 0.5, 0.5, 0.5, 0.5, 0.5, 0.5, 0.5, 0.5, 0.5, 0.5, 0.5, 0.5, 0.5, 0.5, 0.5, 0.5, 0.5, 0.5, 0.5, 0.5, 0.5, 0.5, 0.5, 0.5, 0.5, 0.5, 0.5, 0.5, 0.5, 0.5, 0.5, 0.5, 0.5, 0.5, 0.5, 0.5, 0.5, 0.5, 0.5, 0.5, 0.5, 0.5, 0.5, 0.5, 0.5, 0.5, 0.5, 0.5, 0.5, 0.5, 0.5, 0.5, 0.5, 0.5, 0.5, 0.5, 0.5, 0.5, 0.5, 0.5, 0.5, 0.5, 0.5, 0.5, 0.5, 0.5, 0.5, 0.5, 0.5, 0.5, 0.5, 0.5, 0.5, 0.5, 0.5, 0.5, 0.5, 0.5, 0.5, 0.5, 0.5, 0.5, 0.5, 0.5, 0.5, 0.5, 0.5, 0.5, 0.5, 0.5, 0.5, 0.5, 0.5, 0.5, 0.5, 0.5, 0.5, 0.5, 0.5, 0.5, 0.5, 0.5, 0.5, 0.5, 0.5, 0.5, 0.5, 0.5, 0.5, 0.5, 0.5, 0.5, 0.5, 0.5, 0.5, 0.5, 0.5, 0.5, 0.5, 0.5, 0.5, 0.5, 0.5, 0.5, 0.5, 0.5, 0.5, 0.5, 0.5, 0.5, 0.5, 0.5, 0.5, 0.5, 0.5, 0.5, 0.5, 0.5, 0.5, 0.5, 0.5, 0.5, 0.5, 0.5, 0.5, 0.5, 0.5, 0.5, 0.5, 0.5, 0.5, 0.5, 0.5, 0.5, 0.5, 0.5, 0.5, 0.5, 0.5, 0.5, 0.5, 0.5, 0.5, 0.5, 0.5, 0.5, 0.5, 0.5, 0.5, 0.5, 0.5, 0.5, 0.5, 0.5, 0.5, 0.5, 0.5, 0.5, 0.5, 0.5, 0.5, 0.5, 0.5, 0.5, 0.5, 0.5, 0.5, 0.5, 0.5, 0.5, 0.5, 0.5, 0.5, 0.5, 0.5, 0.5, 0.5, 0.5, 0.5, 0.5, 0.5, 0.5, 0.5, 0.5, 0.5, 0.5, 0.5, 0.5, 0.5, 0.5, 0.5, 0.5, 0.5, 0.5, 0.5, 0.5, 0.5, 0.5, 0.5, 0.5, 0.5, 0.5, 0.5, 0.5, 0.5, 0.5, 0.5, 0.5, 0.5, 0.5, 0.5, 0.5, 0.5, 0.5, 0.5, 0.5, 0.5, 0.5, 0.5, 0.5, 0.5, 0.5, 0.5, 0.5, 0.5, 0.5, 0.5, 0.5, 0.5, 0.5, 0.5, 0.5, 0.5, 0.5, 0.5, 0.5, 0.5, 0.5, 0.5, 0.5, 0.5, 0.5, 0.5, 0.5, 0.5, 0.5, 0.5, 0.5, 0.5, 0.5, 0.5, 0.5, 0.5, 0.5, 0.5, 0.5, 0.5, 0.5, 0.5, 0.5, 0.5, 0.5, 0.5, 0.5, 0.5, 0.5, 0.5, 0.5, 0.5, 0.5, 0.5, 0.5, 0.5, 0.5, 0.5, 0.5, 0.5, 0.5, 0.5, 0.5, 0.5, 0.5, 0.5, 0.5, 0.5, 0.5, 0.5, 0.5, 0.5, 0.5, 0.5, 0.5, 0.5, 0.5, 0.5, 0.5, 0.5, 0.5, 0.5, 0.5, 0.5, 0.5, 0.5, 0.5, 0.5, 0.5, 0.5, 0.5, 0.5, 0.5, 0.5, 0.5, 0.5, 0.5, 0.5, 0.5, 0.5, 0.5, 0.5, 0.5, 0.5, 0.5, 0.5, 0.5, 0.5, 0.5, 0.5, 0.5, 0.5, 0.5, 0.5, 0.5, 0.5, 0.5, 0.5, 0.5, 0.5, 0.5, 0.5, 0.5, 0.5, 0.5, 0.5, 0.5, 0.5, 0.5, 0.5, 0.5, 0.5, 0.5, 0.5, 0.5, 0.5, 0.5, 0.5, 0.5, 0.5, 0.5, 0.5, 0.5, 0.5, 0.5, 0.5, 0.5, 0.5, 0.5, 0.5, 0.5, 0.5, 0.5, 0.5, 0.5, 0.5, 0.5, 0.5, 0.5, 0.5, 0.5, 0.5, 0.5, 0.5, 0.5, 0.5, 0.5, 0.5, 0.5, 0.5, 0.5, 0.5, 0.5, 0.5, 0.5, 0.5, 0.5, 0.5, 0.5, 0.5, 0.5, 0.5, 0.5, 0.5, 0.5, 0.5, 0.5, 0.5, 0.5, 0.5, 0.5, 0.5, 0.5, 0.5, 0.5, 0.5, 0.5, 0.5, 0.5, 0.5, 0.5, 0.5, 0.5, 0.5, 0.5, 0.5, 0.5, 0.5, 0.5, 0.5, 0.5, 0.5, 0.5, 0.5, 0.5, 0.5, 0.5, 0.5, 0.5, 0.5, 0.5, 0.5, 0.5, 0.5, 0.5, 0.5, 0.5, 0.5, 0.5, 0.5, 0.5, 0.5, 0.5, 0.5, 0.5, 0.5, 0.5, 0.5, 0.5, 0.5, 0.5, 0.5, 0.5, 0.5, 0.5, 0.5, 0.5, 0.5, 0.5, 0.5, 0.5, 0.5, 0.5, 0.5, 0.5, 0.5, 0.5, 0.5, 0.5, 0.5, 0.5, 0.5, 0.5, 0.5, 0.5, 0.5, 0.5, 0.5, 0.5, 0.5, 0.5, 0.5, 0.5, 0.5, 0.5, 0.5, 0.5, 0.5, 0.5, 0.5, 0.5, 0.5, 0.5, 0.5, 0.5, 0.5, 0.5, 0.5, 0.5, 0.5, 0.5, 0.5, 0.5, 0.5, 0.5, 0.5, 0.5, 0.5, 0.5, 0.5, 0.5, 0.5, 0.5, 0.5, 0.5, 0.5, 0.5, 0.5, 0.5, 0.5, 0.5, 0.5, 0.5, 0.5, 0.5, 0.5, 0.5, 0.5, 0.5, 0.5, 0.5, 0.5, 0.5, 0.5, 0.5, 0.5, 0.5, 0.5, 0.5, 0.5, 0.5, 0.5, 0.5, 0.5, 0.5, 0.5, 0.5, 0.5, 0.5, 0.5, 0.5, 0.5, 0.5, 0.5, 0.5, 0.5, 0.5, 0.5, 0.5, 0.5, 0.5, 0.5, 0.5, 0.5, 0.5, 0.5, 0.5, 0.5, 0.5, 0.5, 0.5, 0.5, 0.5, 0.5, 0.5, 0.5, 0.5, 0.5, 0.5, 0.5, 0.5, 0.5, 0.5, 0.5, 0.5, 0.5, 0.5, 0.5, 0.5, 0.5, 0.5, 0.5, 0.5, 0.5, 0.5, 0.5, 0.5, 0.5, 0.5, 0.5, 0.5, 0.5, 0.5, 0.5, 0.5, 0.5, 0.5, 0.5, 0.5, 0.5, 0.5, 0.5, 0.5, 0.5, 0.5, 0.5, 0.5, 0.5, 0.5, 0.5, 0.5, 0.5, 0.5, 0.5, 0.5, 0.5, 0.5, 0.5, 0.5, 0.5, 0.5, 0.5, 0.5, 0.5, 0.5, 0.5, 0.5, 0.5, 0.5, 0.5, 0.5, 0.5, 0.5, 0.5, 0.5, 0.5, 0.5, 0.5, 0.5, 0.5, 0.5, 0.5, 0.5, 0.5, 0.5, 0.5, 0.5, 0.5, 0.5, 0.5, 0.5, 0.5, 0.5, 0.5, 0.5, 0.5, 0.5, 0.5, 0.5, 0.5, 0.5, 0.5, 0.5, 0.5, 0.5, 0.5, 0.5, 0.5, 0.5, 0.5, 0.5, 0.5, 0.5, 0.5, 0.5, 0.5, 0.5, 0.5, 0.5, 0.5, 0.5, 0.5, 0.5, 0.5, 0.5, 0.5, 0.5, 0.5, 0.5, 0.5, 0.5, 0.5, 0.5, 0.5, 0.5, 0.5, 0.5, 0.5, 0.5, 0.5, 0.5, 0.5, 0.5, 0.5, 0.5, 0.5, 0.5, 0.5, 0.5, 0.5, 0.5, 0.5, 0.5, 0.5, 0.5, 0.5, 0.5, 0.5, 0.5, 0.5, 0.5, 0.5, 0.5, 0.5, 0.5, 0.5, 0.5, 0.5, 0.5, 0.5, 0.5, 0.5, 0.5, 0.5, 0.5, 0.5, 0.5, 0.5, 0.5, 0.5, 0.5, 0.5, 0.5, 0.5, 0.5, 0.5, 0.5, 0.5, 0.5, 0.5, 0.5, 0.5, 0.5, 0.5, 0.5, 0.5, 0.5, 0.5, 0.5, 0.5, 0.5, 0.5, 0.5, 0.5, 0.5, 0.5, 0.5, 0.5, 0.5, 0.5, 0.5, 0.5, 0.5, 0.5, 0.5, 0.5, 0.5, 0.5, 0.5, 0.5, 0.5, 0.5, 0.5, 0.5, 0.5, 0.5, 0.5, 0.5, 0.5, 0.5, 0.5, 0.5, 0.5, 0.5, 0.5, 0.5, 0.5, 0.5, 0.5, 0.5, 0.5, 0.5, 0.5, 0.5, 0.5, 0.5, 0.5, 0.5, 0.5, 0.5, 0.5, 0.5, 0.5, 0.5, 0.5, 0.5, 0.5, 0.5, 0.5, 0.5, 0.5, 0.5, 0.5, 0.5, 0.5, 0.5, 0.5, 0.5, 0.5, 0.5, 0.5, 0.5, 0.5, 0.5, 0.5, 0.5, 0.5, 0.5, 0.5, 0.5, 0.5, 0.5, 0.5, 0.5, 0.5, 0.5, 0.5, 0.5, 0.5, 0.5, 0.5, 0.5, 0.5, 0.5, 0.5, 0.5, 0.5, 0.5, 0.5, 0.5, 0.5, 0.5, 0.5, 0.5, 0.5, 0.5, 0.5, 0.5, 0.5, 0.5, 0.5, 0.5, 0.5, 0.5, 0.5, 0.5, 0.5, 0.5, 0.5, 0.5, 0.5, 0.5, 0.5, 0.5, 0.5, 0.5, 0.5, 0.5, 0.5, 0.5, 0.5, 0.5, 0.5, 0.5, 0.5, 0.5, 0.5, 0.5, 0.5, 0.5, 0.5, 0.5, 0.5, 0.5, 0.5, 0.5, 0.5, 0.5, 0.5, 0.5, 0.5, 0.5, 0.5, 0.5, 0.5, 0.5, 0.5, 0.5, 0.5, 0.5, 0.5, 0.5, 0.5, 0.5, 0.5, 0.5, 0.5, 0.5, 0.5, 0.5, 0.5, 0.5, 0.5, 0.5, 0.5, 0.5, 0.5, 0.5, 0.5, 0.5, 0.5, 0.5, 0.5, 0.5, 0.5, 0.5, 0.5, 0.5, 0.5, 0.5, 0.5, 0.5, 0.5, 0.5, 0.5, 0.5, 0.5, 0.5, 0.5, 0.5, 0.5, 0.5, 0.5, 0.5, 0.5, 0.5, 0.5, 0.5, 0.5, 0.5, 0.5, 0.5, 0.5, 0.5, 0.5, 0.5, 0.5, 0.5, 0.5, 0.5, 0.5, 0.5, 0.5, 0.5, 0.5, 0.5, 0.5, 0.5, 0.5, 0.5, 0.5, 0.5, 0.5, 0.5, 0.5, 0.5, 0.5, 0.5, 0.5, 0.5, 0.5, 0.5, 0.5, 0.5, 0.5, 0.5, 0.5, 0.5, 0.5, 0.5, 0.5, 0.5, 0.5, 0.5, 0.5, 0.5, 0.5, 0.5, 0.5, 0.5, 0.5, 0.5, 0.5, 0.5, 0.5, 0.5, 0.5, 0.5, 0.5, 0.5, 0.5, 0.5, 0.5, 0.5, 0.5, 0.5, 0.5, 0.5, 0.5, 0.5, 0.5, 0.5, 0.5, 0.5, 0.5, 0.5, 0.5, 0.5, 0.5, 0.5, 0.5, 0.5, 0.5, 0.5, 0.5, 0.5, 0.5, 0.5, 0.5, 0.5, 0.5, 0.5, 0.5, 0.5, 0.5, 0.5, 0.5, 0.5, 0.5, 0.5, 0.5, 0.5, 0.5, 0.5, 0.5, 0.5, 0.5, 0.5, 0.5, 0.5, 0.5, 0.5, 0.5, 0.5, 0.5, 0.5, 0.5, 0.5, 0.5, 0.5, 0.5, 0.5, 0.5, 0.5, 0.5, 0.5, 0.5, 0.5, 0.5, 0.5, 0.5, 0.5, 0.5, 0.5, 0.5, 0.5, 0.5, 0.5, 0.5, 0.5, 0.5, 0.5, 0.5, 0.5, 0.5, 0.5, 0.5, 0.5, 0.5, 0.5, 0.5, 0.5, 0.5, 0.5, 0.5, 0.5, 0.5, 0.5, 0.5, 0.5, 0.5, 0.5, 0.5, 0.5, 0.5, 0.5, 0.5, 0.5, 0.5, 0.5, 0.5, 0.5, 0.5, 0.5, 0.5, 0.5, 0.5, 0.5, 0.5, 0.5, 0.5, 0.5, 0.5, 0.5, 0.5, 0.5, 0.5, 0.5, 0.5, 0.5, 0.5, 0.5, 0.5, 0.5, 0.5, 0.5, 0.5, 0.5, 0.5, 0.5, 0.5, 0.5, 0.5, 0.5, 0.5, 0.5, 0.5, 0.5, 0.5, 0.5, 0.5, 0.5, 0.5, 0.5, 0.5, 0.5, 0.5, 0.5, 0.5, 0.5, 0.5, 0.5, 0.5, 0.5, 0.5, 0.5, 0.5, 0.5, 0.5, 0.5, 0.5, 0.5, 0.5, 0.5, 0.5, 0.5, 0.5, 0.5, 0.5, 0.5, 0.5, 0.5, 0.5, 0.5, 0.5, 0.5, 0.5, 0.5, 0.5, 0.5, 0.5, 0.5, 0.5, 0.5, 0.5, 0.5, 0.5, 0.5, 0.5, 0.5, 0.5, 0.5, 0.5, 0.5, 0.5, 0.5, 0.5, 0.5, 0.5, 0.5, 0.5, 0.5, 0.5, 0.5, 0.5, 0.5, 0.5, 0.5, 0.5, 0.5, 0.5, 0.5, 0.5, 0.5, 0.5, 0.5, 0.5, 0.5, 0.5, 0.5, 0.5, 0.5, 0.5, 0.5, 0.5, 0.5, 0.5, 0.5, 0.5, 0.5, 0.5, 0.5, 0.5, 0.5, 0.5, 0.5, 0.5, 0.5, 0.5, 0.5, 0.5, 0.5, 0.5, 0.5, 0.5, 0.5, 0.5, 0.5, 0.5, 0.5, 0.5, 0.5, 0.5, 0.5, 0.5, 0.5, 0.5, 0.5, 0.5, 0.5, 0.5, 0.5, 0.5, 0.5, 0.5, 0.5, 0.5, 0.5, 0.5, 0.5, 0.5, 0.5, 0.5, 0.5, 0.5, 0.5, 0.5, 0.5, 0.5, 0.5, 0.5, 0.5, 0.5, 0.5, 0.5, 0.5, 0.5, 0.5, 0.5, 0.5, 0.5, 0.5, 0.5, 0.5, 0.5, 0.5, 0.5, 0.5, 0.5, 0.5, 0.5, 0.5, 0.5, 0.5, 0.5, 0.5, 0.5, 0.5, 0.5, 0.5, 0.5, 0.5, 0.5, 0.5, 0.5, 0.5, 0.5, 0.5, 0.5, 0.5, 0.5, 0.5, 0.5, 0.5, 0.5, 0.5, 0.5, 0.5, 0.5, 0.5, 0.5, 0.5, 0.5, 0.5, 0.5, 0.5, 0.5, 0.5, 0.5, 0.5, 0.5, 0.5, 0.5, 0.5, 0.5, 0.5, 0.5, 0.5, 0.5, 0.5, 0.5, 0.5, 0.5, 0.5, 0.5, 0.5, 0.5, 0.5, 0.5, 0.5, 0.5, 0.5, 0.5, 0.5, 0.5, 0.5, 0.5, 0.5, 0.5, 0.5, 0.5, 0.5]",2
2026_11_KICE_4-9_3,['5(2)'],"1번: 오답 + ""(보증 계약은 보증인에게만 채무를 발생시키므로 유상 계약이 아니다. ㉠[이는 주채무자와 보증인 간에 보증의 대가를 지급하기로 하는 계약이 별도로 체결되었더라도 마찬가지이다.](㉠의 밑줄))""

2번: 오답 + ""다만 위 법률 제2조가 그 적용 대상인 보증 계약을 ‘주채무자가 금전 채무를 이행하지 않는 경우 그 채무를 보증인 이행하기로 하는 계약’이라고 ⓔ[규정하고](ⓔ의 밑줄) 있으나 그 입법 과정에서 연대 보증인 보호의 필요성이 강조되었기 때문이다.""

3번: 오답 + ""채권자가 주채무자에게 주채무의 이행을 청구하지 않고 곧바로 보증인에게만 보증 채무의 이행을 청구한 경우, 보증인은 주채무자가 강제 집행 대상 재산을 보유하고 있음을 채권자에게 증명하여 보증채무의 이행을 거절할 수 있는 권리가 있다.""

4번: 정답 + ""다만 보증인이 이러한 권리를 포기하기로 하는 ‘연대 보증 특약’이 보증 계약에 포함될 수 있다. 이러한 특약을 한 보증인인 [연대 보증인](사각형)은, 채권자가 곧바로 주채무 전액에 해당하는 돈의 지급을 요구하더라도 그 이행을 거절할 수 없다.""

5번: 오답 + ""보증은 담보 기능을 수행하므로 주채무가 소멸되면 보증 채무도 당연히 소멸된다."" (참고: 보증 채무는 주채무의 소멸로 당연히 소멸되지만, 이 선택지는 표현이 다소 모호하고 문제의 핵심인 '연대 보증인'의 특성을 직접 다루지 않는다.)

최종 정답: 4번","[16, 167, 110, 230, 25, 23821, 246, 97, 46695, 113, 1343, 30629, 167, 111, 112, 168, 99, 251, 220, 166, 111, 226, 168, 243, 121, 35975, 222, 31619, 111, 112, 168, 99, 251, 35975, 116, 168, 245, 238, 166, 110, 234, 167, 100, 234, 23821, 109, 226, 167, 105, 112, 167, 98, 120, 31619, 108, 250, 168, 225, 251, 168, 233, 250, 169, 224, 97, 167, 107, 222, 167, 94, 250, 23821, 250, 254, 168, 225, 223, 220, 166, 111, 226, 168, 243, 121, 35975, 112, 23821, 243, 226, 46695, 230, 46695, 97, 13, 220, 159, 231, 254, 58, 35975, 112, 167, 232, 242, 23821, 96, 120, 168, 109, 226, 167, 105, 112, 168, 252, 238, 168, 247, 222, 31619, 111, 112, 168, 99, 251, 35975, 116, 220, 166, 108, 226, 168, 245, 238, 31619, 111, 112, 168, 99, 251, 35975, 246, 31619, 234, 222, 166, 108, 222, 167, 98, 120, 23821, 100, 222, 166, 116, 231, 47991, 246, 166, 116, 108, 167, 94, 250, 220, 47991, 246, 167, 232, 242, 220, 166, 111, 226, 168, 243, 121, 35975, 112, 31619, 111, 226, 167, 237, 226, 167, 94, 250, 23821, 110, 112, 166, 110, 108, 167, 238, 246, 168, 245, 230, 167, 235, 242, 167, 251, 120, 167, 237, 226, 31619, 100, 230, 168, 108, 105, 166, 108, 222, 168, 100, 222, 35975, 112, 46695, 97, 8183, 7, 159, 231, 254, 35975, 246, 31619, 108, 239, 168, 97, 226, 4008, 1, 198, 198, 17, 167, 110, 230, 25, 23821, 246, 97, 46695, 113, 1343, 366, 46695, 97, 167, 100, 234, 23821, 250, 226, 31619, 110, 243, 167, 98, 254, 23821, 254, 250, 17, 168, 94, 108, 166, 108, 222, 220, 166, 115, 116, 23821, 254, 223, 168, 248, 102, 31619, 234, 222, 168, 225, 223, 35975, 116, 31619, 111, 112, 168, 99, 251, 220, 166, 111, 226, 168, 243, 121, 35975, 226, 564, 246, 168, 96, 120, 168, 109, 226, 167, 105, 112, 168, 252, 238, 166, 108, 222, 220, 166, 116, 230, 168, 254, 226, 23821, 109, 226, 167, 105, 112, 167, 98, 120, 23821, 251, 112, 169, 244, 231, 47991, 246, 168, 100, 222, 23821, 243, 232, 167, 232, 242, 220, 166, 110, 121, 168, 248, 108, 220, 166, 115, 116, 23821, 109, 226, 167, 105, 112, 167, 98, 120, 31619, 111, 112, 168, 99, 251, 35975, 116, 23821, 251, 112, 169, 244, 231, 47991, 246, 166, 116, 108, 167, 94, 250, 220, 47991, 246, 167, 232, 242, 220, 166, 111, 226, 168, 243, 121, 447, 247, 35975, 112, 167, 251, 120, 166, 111, 254, 2343, 241, 242, 58, 166, 115, 250, 168, 254, 243, 47991, 246, 166, 111, 254, 16151, 158, 241, 242, 35975, 246, 31619, 108, 239, 168, 97, 226, 8, 23821, 252, 230, 168, 250, 120, 167, 224, 246, 220, 166, 115, 116, 23821, 252, 227, 167, 110, 243, 220, 166, 111, 120, 168, 254, 243, 168, 245, 238, 168, 226, 250, 23821, 245, 108, 167, 234, 222, 31619, 111, 112, 168, 99, 251, 35975, 116, 31619, 111, 112, 169, 246, 116, 35975, 246, 220, 47991, 226, 168, 248, 242, 168, 226, 109, 35975, 112, 220, 166, 108, 243, 168, 94, 108, 167, 238, 246, 168, 245, 230, 166, 116, 108, 31619, 243, 234, 167, 105, 116, 35975, 112, 46695, 97, 526, 198, 198, 18, 167, 110, 230, 25, 23821, 246, 97, 46695, 113, 1343, 366, 168, 109, 226, 166, 114, 234, 168, 252, 238, 166, 108, 222, 23821, 96, 120, 168, 109, 226, 167, 105, 112, 168, 252, 238, 168, 245, 238, 166, 110, 234, 23821, 96, 120, 168, 109, 226, 167, 105, 112, 35975, 246, 23821, 251, 112, 169, 244, 231, 35975, 226, 23821, 110, 255, 166, 113, 105, 47991, 246, 168, 100, 222, 23821, 243, 232, 166, 111, 254, 220, 166, 111, 100, 167, 108, 242, 167, 94, 250, 31619, 111, 112, 168, 99, 251, 35975, 116, 168, 245, 238, 166, 110, 234, 167, 100, 234, 31619, 111, 112, 168, 99, 251, 23821, 109, 226, 167, 105, 112, 35975, 246, 23821, 251, 112, 169, 244, 231, 35975, 226, 23821, 110, 255, 166, 113, 105, 47991, 250, 220, 166, 110, 121, 168, 248, 108, 11, 31619, 111, 112, 168, 99, 251, 35975, 116, 35975, 222, 23821, 96, 120, 168, 109, 226, 167, 105, 112, 168, 252, 238, 166, 108, 222, 220, 166, 108, 243, 168, 254, 250, 23821, 100, 239, 169, 244, 231, 31619, 234, 222, 168, 225, 223, 23821, 252, 105, 168, 224, 108, 35975, 226, 31619, 111, 112, 168, 250, 254, 47991, 246, 166, 111, 254, 23821, 252, 230, 35975, 234, 35975, 226, 23821, 109, 226, 166, 114, 234, 168, 252, 238, 168, 245, 238, 166, 110, 234, 23821, 99, 251, 167, 103, 227, 47991, 246, 168, 245, 105, 31619, 111, 112, 168, 99, 251, 168, 109, 226, 167, 105, 112, 35975, 246, 23821, 251, 112, 169, 244, 231, 35975, 226, 220, 166, 109, 108, 168, 254, 230, 47991, 254, 23821, 230, 246, 23821, 252, 230, 167, 232, 242, 220, 166, 114, 234, 167, 99, 105, 166, 108, 222, 23821, 252, 230, 46695, 97, 526, 198, 198, 19, 167, 110, 230, 25, 23821, 254, 243, 46695, 113, 1343, 366, 46695, 97, 167, 100, 234, 31619, 111, 112, 168, 99, 251, 35975, 116, 35975, 112, 23821, 251, 112, 167, 253, 105, 47991, 250, 220, 166, 114, 234, 167, 99, 105, 167, 98, 120, 220, 169, 237, 105, 166, 116, 108, 47991, 246, 166, 116, 108, 167, 94, 250, 220, 47991, 246, 167, 232, 242, 564, 246, 168, 245, 108, 167, 234, 222, 31619, 111, 112, 168, 99, 251, 220, 169, 232, 117, 168, 243, 121, 447, 247, 35975, 112, 31619, 111, 112, 168, 99, 251, 220, 166, 111, 226, 168, 243, 121, 168, 245, 238, 220, 169, 237, 105, 47991, 101, 167, 238, 254, 23821, 230, 246, 23821, 252, 230, 46695, 97, 13, 23821, 251, 112, 167, 253, 105, 47991, 250, 220, 169, 232, 117, 168, 243, 121, 35975, 226, 220, 47991, 250, 31619, 111, 112, 168, 99, 251, 35975, 116, 35975, 116, 685, 168, 245, 108, 167, 234, 222, 31619, 111, 112, 168, 99, 251, 35975, 116, 16151, 168, 8955, 166, 108, 223, 169, 246, 243, 8, 35975, 222, 11, 23821, 109, 226, 166, 114, 234, 168, 252, 238, 166, 108, 222, 220, 166, 111, 100, 167, 108, 242, 167, 94, 250, 23821, 96, 120, 168, 109, 226, 167, 105, 112, 23821, 254, 226, 168, 243, 94, 168, 245, 238, 220, 47991, 112, 46695, 117, 47991, 246, 167, 232, 242, 31619, 237, 230, 35975, 246, 23821, 100, 222, 166, 116, 231, 35975, 226, 23821, 248, 242, 166, 113, 105, 47991, 246, 167, 235, 242, 167, 251, 120, 167, 237, 226, 220, 166, 115, 116, 23821, 251, 112, 169, 244, 231, 35975, 226, 220, 166, 109, 108, 168, 254, 230, 47991, 254, 23821, 230, 246, 23821, 245, 228, 46695, 97, 526, 198, 198, 20, 167, 110, 230, 25, 23821, 246, 97, 46695, 113, 1343, 366, 167, 111, 112, 168, 99, 251, 35975, 222, 31619, 233, 112, 167, 111, 112, 220, 166, 116, 108, 167, 232, 98, 35975, 226, 23821, 230, 246, 169, 244, 231, 47991, 246, 167, 107, 222, 167, 94, 250, 23821, 96, 120, 168, 109, 226, 167, 105, 112, 166, 108, 222, 23821, 228, 234, 167, 102, 116, 167, 238, 246, 167, 102, 112, 31619, 111, 112, 168, 99, 251, 23821, 109, 226, 167, 105, 112, 167, 237, 226, 31619, 233, 117, 168, 245, 108, 169, 252, 230, 23821, 228, 234, 167, 102, 116, 167, 238, 250, 46695, 97, 526, 357, 168, 108, 116, 166, 111, 254, 25, 31619, 111, 112, 168, 99, 251, 23821, 109, 226, 167, 105, 112, 167, 232, 242, 23821, 96, 120, 168, 109, 226, 167, 105, 112, 35975, 246, 23821, 228, 234, 167, 102, 116, 167, 94, 250, 31619, 233, 117, 168, 245, 108, 169, 252, 230, 23821, 228, 234, 167, 102, 116, 167, 238, 246, 168, 100, 222, 167, 100, 234, 11, 23821, 251, 112, 23821, 226, 254, 169, 225, 251, 168, 100, 222, 167, 232, 242, 220, 169, 239, 250, 169, 246, 226, 35975, 112, 31619, 233, 97, 168, 228, 234, 31619, 103, 101, 169, 246, 116, 47991, 246, 166, 111, 254, 31619, 105, 116, 168, 254, 250, 35975, 246, 220, 47991, 113, 168, 233, 105, 35975, 116, 705, 168, 245, 108, 167, 234, 222, 31619, 111, 112, 168, 99, 251, 35975, 116, 6, 35975, 246, 220, 169, 232, 117, 168, 226, 109, 35975, 226, 23821, 100, 223, 168, 254, 239, 31619, 233, 97, 167, 96, 101, 168, 100, 222, 23821, 243, 232, 167, 232, 242, 46695, 97, 2014, 198, 198, 168, 113, 250, 168, 95, 227, 23821, 254, 243, 46695, 113, 25, 604, 167, 110, 230]","[0.5, 0.5, 0.5, 0.5, 0.5, 0.5, 0.5, 0.5, 0.5, 0.5, 0.5, 0.5, 0.5, 0.5, 0.5, 0.5, 0.5, 0.5, 0.5, 0.5, 0.5, 0.5, 0.5, 0.5, 0.5, 0.5, 0.5, 0.5, 0.5, 0.5, 0.5, 0.5, 0.5, 0.5, 0.5, 0.5, 0.5, 0.5, 0.5, 0.5, 0.5, 0.5, 0.5, 0.5, 0.5, 0.5, 0.5, 0.5, 0.5, 0.5, 0.5, 0.5, 0.5, 0.5, 0.5, 0.5, 0.5, 0.5, 0.5, 0.5, 0.5, 0.5, 0.5, 0.5, 0.5, 0.5, 0.5, 0.5, 0.5, 0.5, 0.5, 0.5, 0.5, 0.5, 0.5, 0.5, 0.5, 0.5, 0.5, 0.5, 0.5, 0.5, 0.5, 0.5, 0.5, 0.5, 0.5, 0.5, 0.5, 0.5, 0.5, 0.5, 0.5, 0.5, 0.5, 0.5, 0.5, 0.5, 0.5, 0.5, 0.5, 0.5, 0.5, 0.5, 0.5, 0.5, 0.5, 0.5, 0.5, 0.5, 0.5, 0.5, 0.5, 0.5, 0.5, 0.5, 0.5, 0.5, 0.5, 0.5, 0.5, 0.5, 0.5, 0.5, 0.5, 0.5, 0.5, 0.5, 0.5, 0.5, 0.5, 0.5, 0.5, 0.5, 0.5, 0.5, 0.5, 0.5, 0.5, 0.5, 0.5, 0.5, 0.5, 0.5, 0.5, 0.5, 0.5, 0.5, 0.5, 0.5, 0.5, 0.5, 0.5, 0.5, 0.5, 0.5, 0.5, 0.5, 0.5, 0.5, 0.5, 0.5, 0.5, 0.5, 0.5, 0.5, 0.5, 0.5, 0.5, 0.5, 0.5, 0.5, 0.5, 0.5, 0.5, 0.5, 0.5, 0.5, 0.5, 0.5, 0.5, 0.5, 0.5, 0.5, 0.5, 0.5, 0.5, 0.5, 0.5, 0.5, 0.5, 0.5, 0.5, 0.5, 0.5, 0.5, 0.5, 0.5, 0.5, 0.5, 0.5, 0.5, 0.5, 0.5, 0.5, 0.5, 0.5, 0.5, 0.5, 0.5, 0.5, 0.5, 0.5, 0.5, 0.5, 0.5, 0.5, 0.5, 0.5, 0.5, 0.5, 0.5, 0.5, 0.5, 0.5, 0.5, 0.5, 0.5, 0.5, 0.5, 0.5, 0.5, 0.5, 0.5, 0.5, 0.5, 0.5, 0.5, 0.5, 0.5, 0.5, 0.5, 0.5, 0.5, 0.5, 0.5, 0.5, 0.5, 0.5, 0.5, 0.5, 0.5, 0.5, 0.5, 0.5, 0.5, 0.5, 0.5, 0.5, 0.5, 0.5, 0.5, 0.5, 0.5, 0.5, 0.5, 0.5, 0.5, 0.5, 0.5, 0.5, 0.5, 0.5, 0.5, 0.5, 0.5, 0.5, 0.5, 0.5, 0.5, 0.5, 0.5, 0.5, 0.5, 0.5, 0.5, 0.5, 0.5, 0.5, 0.5, 0.5, 0.5, 0.5, 0.5, 0.5, 0.5, 0.5, 0.5, 0.5, 0.5, 0.5, 0.5, 0.5, 0.5, 0.5, 0.5, 0.5, 0.5, 0.5, 0.5, 0.5, 0.5, 0.5, 0.5, 0.5, 0.5, 0.5, 0.5, 0.5, 0.5, 0.5, 0.5, 0.5, 0.5, 0.5, 0.5, 0.5, 0.5, 0.5, 0.5, 0.5, 0.5, 0.5, 0.5, 0.5, 0.5, 0.5, 0.5, 0.5, 0.5, 0.5, 0.5, 0.5, 0.5, 0.5, 0.5, 0.5, 0.5, 0.5, 0.5, 0.5, 0.5, 0.5, 0.5, 0.5, 0.5, 0.5, 0.5, 0.5, 0.5, 0.5, 0.5, 0.5, 0.5, 0.5, 0.5, 0.5, 0.5, 0.5, 0.5, 0.5, 0.5, 0.5, 0.5, 0.5, 0.5, 0.5, 0.5, 0.5, 0.5, 0.5, 0.5, 0.5, 0.5, 0.5, 0.5, 0.5, 0.5, 0.5, 0.5, 0.5, 0.5, 0.5, 0.5, 0.5, 0.5, 0.5, 0.5, 0.5, 0.5, 0.5, 0.5, 0.5, 0.5, 0.5, 0.5, 0.5, 0.5, 0.5, 0.5, 0.5, 0.5, 0.5, 0.5, 0.5, 0.5, 0.5, 0.5, 0.5, 0.5, 0.5, 0.5, 0.5, 0.5, 0.5, 0.5, 0.5, 0.5, 0.5, 0.5, 0.5, 0.5, 0.5, 0.5, 0.5, 0.5, 0.5, 0.5, 0.5, 0.5, 0.5, 0.5, 0.5, 0.5, 0.5, 0.5, 0.5, 0.5, 0.5, 0.5, 0.5, 0.5, 0.5, 0.5, 0.5, 0.5, 0.5, 0.5, 0.5, 0.5, 0.5, 0.5, 0.5, 0.5, 0.5, 0.5, 0.5, 0.5, 0.5, 0.5, 0.5, 0.5, 0.5, 0.5, 0.5, 0.5, 0.5, 0.5, 0.5, 0.5, 0.5, 0.5, 0.5, 0.5, 0.5, 0.5, 0.5, 0.5, 0.5, 0.5, 0.5, 0.5, 0.5, 0.5, 0.5, 0.5, 0.5, 0.5, 0.5, 0.5, 0.5, 0.5, 0.5, 0.5, 0.5, 0.5, 0.5, 0.5, 0.5, 0.5, 0.5, 0.5, 0.5, 0.5, 0.5, 0.5, 0.5, 0.5, 0.5, 0.5, 0.5, 0.5, 0.5, 0.5, 0.5, 0.5, 0.5, 0.5, 0.5, 0.5, 0.5, 0.5, 0.5, 0.5, 0.5, 0.5, 0.5, 0.5, 0.5, 0.5, 0.5, 0.5, 0.5, 0.5, 0.5, 0.5, 0.5, 0.5, 0.5, 0.5, 0.5, 0.5, 0.5, 0.5, 0.5, 0.5, 0.5, 0.5, 0.5, 0.5, 0.5, 0.5, 0.5, 0.5, 0.5, 0.5, 0.5, 0.5, 0.5, 0.5, 0.5, 0.5, 0.5, 0.5, 0.5, 0.5, 0.5, 0.5, 0.5, 0.5, 0.5, 0.5, 0.5, 0.5, 0.5, 0.5, 0.5, 0.5, 0.5, 0.5, 0.5, 0.5, 0.5, 0.5, 0.5, 0.5, 0.5, 0.5, 0.5, 0.5, 0.5, 0.5, 0.5, 0.5, 0.5, 0.5, 0.5, 0.5, 0.5, 0.5, 0.5, 0.5, 0.5, 0.5, 0.5, 0.5, 0.5, 0.5, 0.5, 0.5, 0.5, 0.5, 0.5, 0.5, 0.5, 0.5, 0.5, 0.5, 0.5, 0.5, 0.5, 0.5, 0.5, 0.5, 0.5, 0.5, 0.5, 0.5, 0.5, 0.5, 0.5, 0.5, 0.5, 0.5, 0.5, 0.5, 0.5, 0.5, 0.5, 0.5, 0.5, 0.5, 0.5, 0.5, 0.5, 0.5, 0.5, 0.5, 0.5, 0.5, 0.5, 0.5, 0.5, 0.5, 0.5, 0.5, 0.5, 0.5, 0.5, 0.5, 0.5, 0.5, 0.5, 0.5, 0.5, 0.5, 0.5, 0.5, 0.5, 0.5, 0.5, 0.5, 0.5, 0.5, 0.5, 0.5, 0.5, 0.5, 0.5, 0.5, 0.5, 0.5, 0.5, 0.5, 0.5, 0.5, 0.5, 0.5, 0.5, 0.5, 0.5, 0.5, 0.5, 0.5, 0.5, 0.5, 0.5, 0.5, 0.5, 0.5, 0.5, 0.5, 0.5, 0.5, 0.5, 0.5, 0.5, 0.5, 0.5, 0.5, 0.5, 0.5, 0.5, 0.5, 0.5, 0.5, 0.5, 0.5, 0.5, 0.5, 0.5, 0.5, 0.5, 0.5, 0.5, 0.5, 0.5, 0.5, 0.5, 0.5, 0.5, 0.5, 0.5, 0.5, 0.5, 0.5, 0.5, 0.5, 0.5, 0.5, 0.5, 0.5, 0.5, 0.5, 0.5, 0.5, 0.5, 0.5, 0.5, 0.5, 0.5, 0.5, 0.5, 0.5, 0.5, 0.5, 0.5, 0.5, 0.5, 0.5, 0.5, 0.5, 0.5, 0.5, 0.5, 0.5, 0.5, 0.5, 0.5, 0.5, 0.5, 0.5, 0.5, 0.5, 0.5, 0.5, 0.5, 0.5, 0.5, 0.5, 0.5, 0.5, 0.5, 0.5, 0.5, 0.5, 0.5, 0.5, 0.5, 0.5, 0.5, 0.5, 0.5, 0.5, 0.5, 0.5, 0.5, 0.5, 0.5, 0.5, 0.5, 0.5, 0.5, 0.5, 0.5, 0.5, 0.5, 0.5, 0.5, 0.5, 0.5, 0.5, 0.5, 0.5, 0.5, 0.5, 0.5, 0.5, 0.5, 0.5, 0.5, 0.5, 0.5, 0.5, 0.5, 0.5, 0.5, 0.5, 0.5, 0.5, 0.5, 0.5, 0.5, 0.5, 0.5, 0.5, 0.5, 0.5, 0.5, 0.5, 0.5, 0.5, 0.5, 0.5, 0.5, 0.5, 0.5, 0.5, 0.5, 0.5, 0.5, 0.5, 0.5, 0.5, 0.5, 0.5, 0.5, 0.5, 0.5, 0.5, 0.5, 0.5, 0.5, 0.5, 0.5, 0.5, 0.5, 0.5, 0.5, 0.5, 0.5, 0.5, 0.5, 0.5, 0.5, 0.5, 0.5, 0.5, 0.5, 0.5, 0.5, 0.5, 0.5, 0.5, 0.5, 0.5, 0.5, 0.5, 0.5, 0.5, 0.5, 0.5, 0.5, 0.5, 0.5, 0.5, 0.5, 0.5, 0.5, 0.5, 0.5, 0.5, 0.5, 0.5, 0.5, 0.5, 0.5, 0.5, 0.5, 0.5, 0.5, 0.5, 0.5, 0.5, 0.5, 0.5, 0.5, 0.5, 0.5, 0.5, 0.5, 0.5, 0.5, 0.5, 0.5, 0.5, 0.5, 0.5, 0.5, 0.5, 0.5, 0.5, 0.5, 0.5, 0.5, 0.5, 0.5, 0.5, 0.5, 0.5, 0.5, 0.5, 0.5, 0.5, 0.5, 0.5, 0.5, 0.5, 0.5, 0.5, 0.5, 0.5, 0.5, 0.5, 0.5, 0.5, 0.5, 0.5, 0.5, 0.5, 0.5, 0.5, 0.5, 0.5, 0.5, 0.5, 0.5, 0.5, 0.5, 0.5, 0.5, 0.5, 0.5, 0.5, 0.5, 0.5, 0.5, 0.5, 0.5, 0.5, 0.5, 0.5, 0.5, 0.5, 0.5, 0.5, 0.5, 0.5, 0.5, 0.5, 0.5, 0.5, 0.5, 0.5, 0.5, 0.5, 0.5, 0.5, 0.5, 0.5, 0.5, 0.5, 0.5, 0.5, 0.5, 0.5, 0.5, 0.5, 0.5, 0.5, 0.5, 0.5, 0.5, 0.5, 0.5, 0.5, 0.5, 0.5, 0.5, 0.5, 0.5, 0.5, 0.5, 0.5, 0.5, 0.5, 0.5, 0.5, 0.5, 0.5, 0.5, 0.5, 0.5, 0.5, 0.5, 0.5, 0.5, 0.5, 0.5, 0.5, 0.5, 0.5, 0.5, 0.5, 0.5, 0.5, 0.5, 0.5, 0.5, 0.5, 0.5, 0.5, 0.5, 0.5, 0.5, 0.5, 0.5, 0.5, 0.5, 0.5, 0.5, 0.5, 0.5, 0.5, 0.5, 0.5, 0.5, 0.5, 0.5, 0.5, 0.5, 0.5, 0.5, 0.5, 0.5, 0.5, 0.5, 0.5, 0.5, 0.5, 0.5, 0.5, 0.5, 0.5, 0.5, 0.5, 0.5, 0.5, 0.5, 0.5, 0.5, 0.5, 0.5, 0.5, 0.5, 0.5, 0.5, 0.5, 0.5, 0.5, 0.5, 0.5, 0.5, 0.5, 0.5, 0.5, 0.5, 0.5, 0.5, 0.5, 0.5, 0.5, 0.5, 0.5, 0.5, 0.5, 0.5, 0.5, 0.5, 0.5, 0.5, 0.5, 0.5, 0.5, 0.5, 0.5, 0.5, 0.5, 0.5, 0.5, 0.5, 0.5, 0.5, 0.5, 0.5, 0.5, 0.5, 0.5, 0.5, 0.5, 0.5, 0.5, 0.5, 0.5, 0.5, 0.5, 0.5, 0.5, 0.5, 0.5, 0.5, 0.5, 0.5, 0.5, 0.5, 0.5, 0.5, 0.5, 0.5, 0.5, 0.5, 0.5, 0.5, 0.5, 0.5, 0.5, 0.5, 0.5, 0.5, 0.5, 0.5, 0.5, 0.5, 0.5, 0.5, 0.5, 0.5, 0.5, 0.5, 0.5, 0.5, 0.5, 0.5, 0.5, 0.5, 0.5, 0.5, 0.5, 0.5, 0.5, 0.5, 0.5, 0.5, 0.5, 0.5, 0.5, 0.5, 0.5, 0.5, 0.5, 0.5, 0.5, 0.5, 0.5, 0.5, 0.5, 0.5, 0.5, 0.5, 0.5, 0.5, 0.5, 0.5, 0.5, 0.5, 0.5, 0.5, 0.5, 0.5, 0.5, 0.5, 0.5, 0.5, 0.5, 0.5, 0.5, 0.5, 0.5, 0.5, 0.5, 0.5, 0.5, 0.5, 0.5, 0.5, 0.5, 0.5, 0.5, 0.5, 0.5, 0.5, 0.5, 0.5, 0.5, 0.5, 0.5, 0.5, 0.5, 0.5, 0.5, 0.5, 0.5, 0.5, 0.5, 0.5, 0.5, 0.5, 0.5, 0.5, 0.5, 0.5, 0.5, 0.5, 0.5, 0.5, 0.5, 0.5, 0.5, 0.5, 0.5, 0.5, 0.5, 0.5, 0.5, 0.5, 0.5, 0.5, 0.5, 0.5, 0.5, 0.5, 0.5, 0.5, 0.5, 0.5, 0.5, 0.5, 0.5, 0.5, 0.5, 0.5, 0.5, 0.5, 0.5, 0.5, 0.5, 0.5, 0.5, 0.5, 0.5, 0.5, 0.5, 0.5, 0.5, 0.5, 0.5, 0.5, 0.5, 0.5, 0.5, 0.5, 0.5, 0.5, 0.5, 0.5, 0.5, 0.5, 0.5, 0.5, 0.5, 0.5, 0.5, 0.5, 0.5, 0.5, 0.5, 0.5, 0.5, 0.5, 0.5, 0.5, 0.5, 0.5, 0.5, 0.5, 0.5, 0.5, 0.5, 0.5, 0.5, 0.5, 0.5, 0.5, 0.5, 0.5, 0.5, 0.5, 0.5, 0.5, 0.5, 0.5, 0.5, 0.5, 0.5, 0.5, 0.5, 0.5, 0.5, 0.5, 0.5, 0.5, 0.5, 0.5, 0.5, 0.5, 0.5, 0.5, 0.5, 0.5, 0.5, 0.5, 0.5, 0.5, 0.5, 0.5, 0.5, 0.5, 0.5, 0.5, 0.5, 0.5, 0.5, 0.5, 0.5, 0.5, 0.5, 0.5, 0.5, 0.5, 0.5, 0.5, 0.5, 0.5, 0.5, 0.5, 0.5, 0.5, 0.5, 0.5, 0.5, 0.5, 0.5, 0.5, 0.5, 0.5, 0.5, 0.5, 0.5, 0.5, 0.5, 0.5, 0.5, 0.5, 0.5, 0.5, 0.5, 0.5, 0.5, 0.5, 0.5, 0.5, 0.5, 0.5, 0.5, 0.5, 0.5, 0.5, 0.5, 0.5, 0.5, 0.5, 0.5, 0.5, 0.5]",0
2026_11_KICE_4-9_4,['3(3)'],"1번: 적절 + ""(다만 매수인이 계약 체결 당시 하자의 존재를 알았거나 알 수 있었던 경우에는 담보 책임이 인정되지 않는다.)""  
2번: 적절 + ""(만약 하자로 인해 매수인이 계약의 목적을 달성할 수 없으면 매수인은 계약을 파기하고 대금 환불을 청구할 수도 있다.)""  
3번: 적절하지 않다 + ""(연대 보증인(사각형)은, 채권자가 곧바로 주채무 전액에 해당하는 돈의 지급을 요구하더라도 그 이행을 거절할 수 없다.)""  
4번: 적절 + ""(이를 위반한 보증 계약은 무효지만 보증 채무가 이행되었으면 보증인이 그 무효를 주장할 수 없다.)""  
5번: 적절하지 않다 + ""(연대 보증인에게도 ｢보증인 보호를 위한 특별법｣이 적용되는지가 문제 되는데, 어떤 해석 방법을 따르느냐에 따라 결론이 달라질 수 있다.)""  

최종 정답: 3","[16, 167, 110, 230, 25, 23821, 254, 223, 168, 254, 230, 1343, 30629, 46695, 97, 167, 100, 234, 31619, 100, 97, 168, 230, 246, 35975, 116, 35975, 112, 220, 166, 111, 226, 168, 243, 121, 23821, 110, 112, 166, 110, 108, 31619, 233, 117, 168, 233, 250, 220, 47991, 246, 168, 252, 238, 35975, 246, 23821, 94, 112, 168, 252, 105, 167, 98, 120, 23821, 243, 234, 168, 243, 246, 166, 109, 108, 167, 224, 246, 23821, 243, 234, 23821, 230, 246, 23821, 252, 230, 168, 245, 230, 167, 235, 246, 220, 166, 110, 121, 168, 248, 108, 168, 245, 238, 167, 232, 242, 31619, 233, 112, 167, 111, 112, 23821, 109, 227, 168, 252, 226, 35975, 112, 23821, 251, 116, 168, 254, 243, 167, 238, 246, 168, 100, 222, 23821, 243, 232, 167, 232, 242, 46695, 97, 2014, 1, 220, 220, 198, 17, 167, 110, 230, 25, 23821, 254, 223, 168, 254, 230, 1343, 30629, 167, 100, 234, 168, 243, 121, 220, 47991, 246, 168, 252, 238, 167, 94, 250, 23821, 251, 116, 47991, 112, 31619, 100, 97, 168, 230, 246, 35975, 116, 35975, 112, 220, 166, 111, 226, 168, 243, 121, 35975, 246, 31619, 103, 102, 168, 254, 223, 35975, 226, 31619, 233, 105, 168, 226, 109, 47991, 254, 23821, 230, 246, 23821, 245, 228, 168, 250, 120, 167, 102, 112, 31619, 100, 97, 168, 230, 246, 35975, 116, 35975, 222, 220, 166, 111, 226, 168, 243, 121, 35975, 226, 220, 169, 234, 234, 166, 116, 108, 47991, 246, 166, 111, 254, 31619, 234, 222, 166, 116, 230, 220, 169, 247, 246, 167, 114, 230, 35975, 226, 23821, 110, 255, 166, 113, 105, 47991, 254, 23821, 230, 246, 167, 237, 226, 23821, 252, 230, 46695, 97, 2014, 1, 220, 220, 198, 18, 167, 110, 230, 25, 23821, 254, 223, 168, 254, 230, 47991, 246, 168, 100, 222, 23821, 243, 232, 46695, 97, 1343, 30629, 168, 245, 108, 167, 234, 222, 31619, 111, 112, 168, 99, 251, 35975, 116, 7, 168, 8955, 166, 108, 223, 169, 246, 243, 8, 35975, 222, 11, 23821, 109, 226, 166, 114, 234, 168, 252, 238, 166, 108, 222, 220, 166, 111, 100, 167, 108, 242, 167, 94, 250, 23821, 96, 120, 168, 109, 226, 167, 105, 112, 23821, 254, 226, 168, 243, 94, 168, 245, 238, 220, 47991, 112, 46695, 117, 47991, 246, 167, 232, 242, 31619, 237, 230, 35975, 246, 23821, 100, 222, 166, 116, 231, 35975, 226, 23821, 248, 242, 166, 113, 105, 47991, 246, 167, 235, 242, 167, 251, 120, 167, 237, 226, 220, 166, 115, 116, 23821, 251, 112, 169, 244, 231, 35975, 226, 220, 166, 109, 108, 168, 254, 230, 47991, 254, 23821, 230, 246, 23821, 245, 228, 46695, 97, 2014, 1, 220, 220, 198, 19, 167, 110, 230, 25, 23821, 254, 223, 168, 254, 230, 1343, 30629, 35975, 112, 167, 98, 120, 23821, 250, 226, 167, 108, 246, 47991, 250, 31619, 111, 112, 168, 99, 251, 220, 166, 111, 226, 168, 243, 121, 35975, 222, 31619, 105, 112, 169, 248, 101, 168, 100, 222, 167, 100, 234, 31619, 111, 112, 168, 99, 251, 23821, 109, 226, 167, 105, 112, 166, 108, 222, 23821, 251, 112, 169, 244, 231, 167, 238, 246, 168, 245, 230, 168, 250, 120, 167, 102, 112, 31619, 111, 112, 168, 99, 251, 35975, 116, 35975, 112, 220, 166, 115, 116, 31619, 105, 112, 169, 248, 101, 167, 98, 120, 23821, 96, 120, 168, 252, 98, 47991, 254, 23821, 230, 246, 23821, 245, 228, 46695, 97, 2014, 1, 220, 220, 198, 20, 167, 110, 230, 25, 23821, 254, 223, 168, 254, 230, 47991, 246, 168, 100, 222, 23821, 243, 232, 46695, 97, 1343, 30629, 168, 245, 108, 167, 234, 222, 31619, 111, 112, 168, 99, 251, 35975, 116, 168, 245, 238, 166, 110, 234, 167, 237, 226, 27332, 121, 95, 167, 111, 112, 168, 99, 251, 35975, 116, 31619, 111, 112, 169, 246, 116, 167, 98, 120, 23821, 250, 226, 47991, 250, 220, 169, 232, 117, 167, 111, 226, 167, 110, 243, 171, 121, 96, 35975, 112, 23821, 254, 223, 168, 248, 102, 167, 238, 246, 167, 232, 242, 168, 100, 222, 166, 108, 222, 31619, 105, 116, 168, 254, 250, 31619, 238, 246, 167, 232, 242, 167, 235, 108, 11, 23821, 244, 112, 167, 244, 97, 220, 47991, 112, 168, 226, 251, 31619, 108, 102, 167, 110, 243, 35975, 226, 31619, 242, 108, 167, 98, 112, 167, 232, 238, 167, 225, 238, 168, 245, 238, 31619, 242, 108, 167, 251, 120, 220, 166, 110, 108, 167, 94, 254, 35975, 112, 31619, 233, 105, 167, 251, 120, 168, 100, 230, 23821, 230, 246, 23821, 252, 230, 46695, 97, 2014, 1, 220, 220, 198, 198, 168, 113, 250, 168, 95, 227, 23821, 254, 243, 46695, 113, 25, 513]","[0.5, 0.5, 0.5, 0.5, 0.5, 0.5, 0.5, 0.5, 0.5, 0.5, 0.5, 0.5, 0.5, 0.5, 0.5, 0.5, 0.5, 0.5, 0.5, 0.5, 0.5, 0.5, 0.5, 0.5, 0.5, 0.5, 0.5, 0.5, 0.5, 0.5, 0.5, 0.5, 0.5, 0.5, 0.5, 0.5, 0.5, 0.5, 0.5, 0.5, 0.5, 0.5, 0.5, 0.5, 0.5, 0.5, 0.5, 0.5, 0.5, 0.5, 0.5, 0.5, 0.5, 0.5, 0.5, 0.5, 0.5, 0.5, 0.5, 0.5, 0.5, 0.5, 0.5, 0.5, 0.5, 0.5, 0.5, 0.5, 0.5, 0.5, 0.5, 0.5, 0.5, 0.5, 0.5, 0.5, 0.5, 0.5, 0.5, 0.5, 0.5, 0.5, 0.5, 0.5, 0.5, 0.5, 0.5, 0.5, 0.5, 0.5, 0.5, 0.5, 0.5, 0.5, 0.5, 0.5, 0.5, 0.5, 0.5, 0.5, 0.5, 0.5, 0.5, 0.5, 0.5, 0.5, 0.5, 0.5, 0.5, 0.5, 0.5, 0.5, 0.5, 0.5, 0.5, 0.5, 0.5, 0.5, 0.5, 0.5, 0.5, 0.5, 0.5, 0.5, 0.5, 0.5, 0.5, 0.5, 0.5, 0.5, 0.5, 0.5, 0.5, 0.5, 0.5, 0.5, 0.5, 0.5, 0.5, 0.5, 0.5, 0.5, 0.5, 0.5, 0.5, 0.5, 0.5, 0.5, 0.5, 0.5, 0.5, 0.5, 0.5, 0.5, 0.5, 0.5, 0.5, 0.5, 0.5, 0.5, 0.5, 0.5, 0.5, 0.5, 0.5, 0.5, 0.5, 0.5, 0.5, 0.5, 0.5, 0.5, 0.5, 0.5, 0.5, 0.5, 0.5, 0.5, 0.5, 0.5, 0.5, 0.5, 0.5, 0.5, 0.5, 0.5, 0.5, 0.5, 0.5, 0.5, 0.5, 0.5, 0.5, 0.5, 0.5, 0.5, 0.5, 0.5, 0.5, 0.5, 0.5, 0.5, 0.5, 0.5, 0.5, 0.5, 0.5, 0.5, 0.5, 0.5, 0.5, 0.5, 0.5, 0.5, 0.5, 0.5, 0.5, 0.5, 0.5, 0.5, 0.5, 0.5, 0.5, 0.5, 0.5, 0.5, 0.5, 0.5, 0.5, 0.5, 0.5, 0.5, 0.5, 0.5, 0.5, 0.5, 0.5, 0.5, 0.5, 0.5, 0.5, 0.5, 0.5, 0.5, 0.5, 0.5, 0.5, 0.5, 0.5, 0.5, 0.5, 0.5, 0.5, 0.5, 0.5, 0.5, 0.5, 0.5, 0.5, 0.5, 0.5, 0.5, 0.5, 0.5, 0.5, 0.5, 0.5, 0.5, 0.5, 0.5, 0.5, 0.5, 0.5, 0.5, 0.5, 0.5, 0.5, 0.5, 0.5, 0.5, 0.5, 0.5, 0.5, 0.5, 0.5, 0.5, 0.5, 0.5, 0.5, 0.5, 0.5, 0.5, 0.5, 0.5, 0.5, 0.5, 0.5, 0.5, 0.5, 0.5, 0.5, 0.5, 0.5, 0.5, 0.5, 0.5, 0.5, 0.5, 0.5, 0.5, 0.5, 0.5, 0.5, 0.5, 0.5, 0.5, 0.5, 0.5, 0.5, 0.5, 0.5, 0.5, 0.5, 0.5, 0.5, 0.5, 0.5, 0.5, 0.5, 0.5, 0.5, 0.5, 0.5, 0.5, 0.5, 0.5, 0.5, 0.5, 0.5, 0.5, 0.5, 0.5, 0.5, 0.5, 0.5, 0.5, 0.5, 0.5, 0.5, 0.5, 0.5, 0.5, 0.5, 0.5, 0.5, 0.5, 0.5, 0.5, 0.5, 0.5, 0.5, 0.5, 0.5, 0.5, 0.5, 0.5, 0.5, 0.5, 0.5, 0.5, 0.5, 0.5, 0.5, 0.5, 0.5, 0.5, 0.5, 0.5, 0.5, 0.5, 0.5, 0.5, 0.5, 0.5, 0.5, 0.5, 0.5, 0.5, 0.5, 0.5, 0.5, 0.5, 0.5, 0.5, 0.5, 0.5, 0.5, 0.5, 0.5, 0.5, 0.5, 0.5, 0.5, 0.5, 0.5, 0.5, 0.5, 0.5, 0.5, 0.5, 0.5, 0.5, 0.5, 0.5, 0.5, 0.5, 0.5, 0.5, 0.5, 0.5, 0.5, 0.5, 0.5, 0.5, 0.5, 0.5, 0.5, 0.5, 0.5, 0.5, 0.5, 0.5, 0.5, 0.5, 0.5, 0.5, 0.5, 0.5, 0.5, 0.5, 0.5, 0.5, 0.5, 0.5, 0.5, 0.5, 0.5, 0.5, 0.5, 0.5, 0.5, 0.5, 0.5, 0.5, 0.5, 0.5, 0.5, 0.5, 0.5, 0.5, 0.5, 0.5, 0.5, 0.5, 0.5, 0.5, 0.5, 0.5, 0.5, 0.5, 0.5, 0.5, 0.5, 0.5, 0.5, 0.5, 0.5, 0.5, 0.5, 0.5, 0.5, 0.5, 0.5, 0.5, 0.5, 0.5, 0.5, 0.5, 0.5, 0.5, 0.5, 0.5, 0.5, 0.5, 0.5, 0.5, 0.5, 0.5, 0.5, 0.5, 0.5, 0.5, 0.5, 0.5, 0.5, 0.5, 0.5, 0.5, 0.5, 0.5, 0.5, 0.5, 0.5, 0.5, 0.5, 0.5, 0.5, 0.5, 0.5, 0.5, 0.5, 0.5, 0.5, 0.5, 0.5, 0.5, 0.5, 0.5, 0.5, 0.5, 0.5, 0.5, 0.5, 0.5, 0.5, 0.5, 0.5, 0.5, 0.5, 0.5, 0.5, 0.5, 0.5, 0.5, 0.5, 0.5, 0.5, 0.5, 0.5, 0.5, 0.5, 0.5, 0.5, 0.5, 0.5, 0.5, 0.5, 0.5, 0.5, 0.5, 0.5, 0.5, 0.5, 0.5, 0.5, 0.5, 0.5, 0.5, 0.5, 0.5, 0.5, 0.5, 0.5, 0.5, 0.5, 0.5, 0.5, 0.5, 0.5, 0.5, 0.5, 0.5, 0.5, 0.5, 0.5, 0.5, 0.5, 0.5, 0.5, 0.5, 0.5, 0.5, 0.5, 0.5, 0.5, 0.5, 0.5, 0.5, 0.5, 0.5, 0.5, 0.5, 0.5, 0.5, 0.5, 0.5, 0.5, 0.5, 0.5, 0.5, 0.5, 0.5, 0.5, 0.5, 0.5, 0.5, 0.5, 0.5, 0.5, 0.5, 0.5, 0.5, 0.5, 0.5, 0.5, 0.5, 0.5, 0.5, 0.5, 0.5, 0.5, 0.5, 0.5, 0.5, 0.5, 0.5, 0.5, 0.5, 0.5, 0.5, 0.5, 0.5, 0.5, 0.5, 0.5, 0.5, 0.5, 0.5, 0.5, 0.5, 0.5, 0.5, 0.5, 0.5, 0.5, 0.5, 0.5, 0.5, 0.5, 0.5, 0.5, 0.5, 0.5, 0.5, 0.5, 0.5, 0.5, 0.5, 0.5, 0.5, 0.5, 0.5, 0.5, 0.5, 0.5, 0.5, 0.5, 0.5, 0.5, 0.5, 0.5, 0.5, 0.5, 0.5, 0.5, 0.5, 0.5, 0.5, 0.5, 0.5, 0.5, 0.5, 0.5, 0.5, 0.5, 0.5, 0.5, 0.5, 0.5, 0.5, 0.5, 0.5, 0.5, 0.5, 0.5, 0.5, 0.5, 0.5, 0.5, 0.5, 0.5, 0.5, 0.5, 0.5, 0.5, 0.5, 0.5, 0.5, 0.5, 0.5, 0.5, 0.5, 0.5, 0.5, 0.5, 0.5, 0.5, 0.5, 0.5, 0.5, 0.5, 0.5, 0.5, 0.5, 0.5, 0.5, 0.5, 0.5, 0.5, 0.5, 0.5, 0.5, 0.5, 0.5, 0.5, 0.5, 0.5, 0.5, 0.5, 0.5, 0.5, 0.5, 0.5, 0.5, 0.5, 0.5, 0.5, 0.5, 0.5, 0.5, 0.5, 0.5, 0.5, 0.5, 0.5, 0.5, 0.5, 0.5, 0.5, 0.5, 0.5, 0.5, 0.5, 0.5, 0.5, 0.5, 0.5, 0.5, 0.5, 0.5, 0.5, 0.5, 0.5, 0.5, 0.5, 0.5, 0.5, 0.5, 0.5, 0.5, 0.5, 0.5, 0.5]",3
2026_11_KICE_4-9_5,['5(2)'],"계획
- 지문에서 ⓐ~ⓔ의 실제 문맥과 각 대체어가 어울리는지 확인한다.
- 각 대체어의 어휘 의미가 문맥에 맞게 변형되는지 판단한다.
- 바꿔 쓰기에 가장 부적절한 것을 찾아 최종 정답을 도출한다.

1번: 이루는 + ""(지문 속 근거가 된 문장) 성문법을 ⓐ[구성하는](ⓐ의 밑줄) 단어나 문장은 그 일상적 의미에 충실하게 해석되어야 한다.""
2번: 헤아려 + ""(지문 속 근거가 된 문장) 그 맥락을 ⓑ[고려하여](ⓑ의 밑줄) 그 의미를 파악하는 ‘체계적 해석’""
3번: 깨뜨리고 + ""(지문 속 근거가 된 문장) 매도인은 그 하자 발생의 원인이 무엇이든 담보 책임을 져야 한다. … 매수인은 계약을 ⓒ[파기하고](ⓒ의 밑줄) 대금 환불을 청구할 수도 있다.""
4번: 이루어지려면 + ""(지문 속 근거가 된 문장) 보증이 ⓓ[성립하려면](ⓓ의 밑줄) 채권자와 보증인을 당사자로 하는 보증 계약이 필요하다.""
5번: 바로잡고 + ""(지문 속 근거가 된 문장) 위 법률 제2조가 그 적용 대상인 보증 계약을 ‘주채무자가 금전 채무를 이행하지 않는 경우 그 채무를 보증인 이행하기로 하는 계약’이라고 ⓔ[규정하고](ⓔ의 밑줄) 있으나""

최종 정답: 5번

정답 : 5번","[166, 111, 226, 169, 248, 235, 198, 12, 23821, 100, 222, 167, 105, 116, 168, 245, 238, 168, 226, 250, 2343, 241, 238, 93, 158, 241, 242, 35975, 246, 23821, 233, 97, 168, 254, 250, 31619, 105, 116, 167, 100, 98, 166, 111, 120, 220, 166, 108, 223, 31619, 234, 222, 168, 110, 112, 168, 244, 112, 166, 108, 222, 23821, 244, 112, 168, 248, 116, 167, 99, 105, 167, 232, 242, 168, 100, 222, 220, 169, 247, 243, 35975, 116, 47991, 250, 46695, 97, 13, 198, 12, 220, 166, 108, 223, 31619, 234, 222, 168, 110, 112, 168, 244, 112, 35975, 246, 23821, 244, 112, 169, 250, 246, 23821, 251, 246, 167, 107, 116, 166, 108, 222, 31619, 105, 116, 167, 100, 98, 168, 245, 238, 31619, 100, 252, 166, 110, 234, 31619, 111, 222, 169, 246, 243, 167, 238, 246, 167, 232, 242, 168, 100, 222, 220, 169, 234, 238, 46695, 101, 47991, 250, 46695, 97, 13, 198, 12, 31619, 108, 242, 166, 123, 242, 23821, 241, 108, 166, 116, 108, 168, 245, 238, 220, 166, 108, 222, 168, 252, 98, 31619, 114, 222, 168, 254, 223, 168, 254, 230, 47991, 250, 220, 166, 110, 225, 35975, 226, 23821, 108, 122, 168, 243, 226, 23821, 113, 250, 168, 95, 227, 23821, 254, 243, 46695, 113, 35975, 226, 31619, 237, 226, 168, 114, 250, 47991, 250, 46695, 97, 13, 198, 198, 16, 167, 110, 230, 25, 23821, 251, 112, 167, 96, 101, 167, 232, 242, 1343, 30629, 168, 100, 222, 167, 105, 116, 23821, 228, 235, 220, 166, 115, 120, 166, 109, 108, 166, 108, 222, 31619, 238, 250, 31619, 105, 116, 168, 252, 98, 8, 23821, 226, 109, 167, 105, 116, 167, 110, 243, 35975, 226, 2343, 241, 238, 58, 166, 113, 105, 168, 226, 109, 47991, 246, 167, 232, 242, 16151, 158, 241, 238, 35975, 246, 31619, 108, 239, 168, 97, 226, 8, 31619, 233, 101, 168, 244, 112, 167, 224, 246, 31619, 105, 116, 168, 252, 98, 35975, 222, 220, 166, 115, 116, 23821, 251, 120, 168, 225, 223, 168, 254, 223, 23821, 251, 246, 167, 107, 116, 168, 245, 238, 23821, 114, 102, 168, 233, 97, 47991, 246, 166, 110, 234, 220, 47991, 112, 168, 226, 251, 167, 238, 246, 168, 244, 112, 168, 243, 120, 220, 47991, 250, 46695, 97, 526, 198, 17, 167, 110, 230, 25, 220, 169, 245, 97, 168, 243, 226, 167, 254, 97, 1343, 30629, 168, 100, 222, 167, 105, 116, 23821, 228, 235, 220, 166, 115, 120, 166, 109, 108, 166, 108, 222, 31619, 238, 250, 31619, 105, 116, 168, 252, 98, 8, 220, 166, 115, 116, 31619, 100, 98, 167, 251, 121, 35975, 226, 2343, 241, 239, 58, 166, 111, 254, 167, 254, 97, 47991, 246, 168, 245, 105, 16151, 158, 241, 239, 35975, 246, 31619, 108, 239, 168, 97, 226, 8, 220, 166, 115, 116, 23821, 251, 246, 167, 107, 116, 167, 98, 120, 220, 169, 234, 234, 168, 243, 227, 47991, 246, 167, 232, 242, 564, 246, 168, 110, 112, 166, 111, 226, 168, 254, 223, 220, 47991, 112, 168, 226, 251, 447, 247, 1, 198, 18, 167, 110, 230, 25, 220, 166, 117, 101, 167, 250, 101, 167, 99, 105, 166, 111, 254, 1343, 30629, 168, 100, 222, 167, 105, 116, 23821, 228, 235, 220, 166, 115, 120, 166, 109, 108, 166, 108, 222, 31619, 238, 250, 31619, 105, 116, 168, 252, 98, 8, 31619, 100, 97, 167, 237, 226, 35975, 116, 35975, 222, 220, 166, 115, 116, 220, 47991, 246, 168, 252, 238, 31619, 108, 250, 168, 225, 251, 35975, 246, 23821, 249, 238, 35975, 116, 35975, 112, 31619, 105, 112, 168, 245, 229, 35975, 112, 167, 241, 254, 31619, 233, 112, 167, 111, 112, 23821, 109, 227, 168, 252, 226, 35975, 226, 23821, 254, 116, 168, 243, 120, 220, 47991, 250, 46695, 97, 13, 3926, 31619, 100, 97, 168, 230, 246, 35975, 116, 35975, 222, 220, 166, 111, 226, 168, 243, 121, 35975, 226, 2343, 241, 240, 58, 169, 234, 234, 166, 116, 108, 47991, 246, 166, 111, 254, 16151, 158, 241, 240, 35975, 246, 31619, 108, 239, 168, 97, 226, 8, 31619, 234, 222, 166, 116, 230, 220, 169, 247, 246, 167, 114, 230, 35975, 226, 23821, 110, 255, 166, 113, 105, 47991, 254, 23821, 230, 246, 167, 237, 226, 23821, 252, 230, 46695, 97, 526, 198, 19, 167, 110, 230, 25, 23821, 251, 112, 167, 96, 101, 168, 244, 112, 168, 100, 222, 167, 254, 97, 167, 102, 112, 1343, 30629, 168, 100, 222, 167, 105, 116, 23821, 228, 235, 220, 166, 115, 120, 166, 109, 108, 166, 108, 222, 31619, 238, 250, 31619, 105, 116, 168, 252, 98, 8, 31619, 111, 112, 168, 99, 251, 35975, 112, 2343, 241, 241, 58, 168, 226, 109, 167, 99, 121, 47991, 246, 167, 254, 97, 167, 102, 112, 16151, 158, 241, 241, 35975, 246, 31619, 108, 239, 168, 97, 226, 8, 23821, 109, 226, 166, 114, 234, 168, 252, 238, 168, 247, 222, 31619, 111, 112, 168, 99, 251, 35975, 116, 35975, 226, 31619, 233, 117, 168, 8955, 168, 252, 238, 167, 94, 250, 220, 47991, 246, 167, 232, 242, 31619, 111, 112, 168, 99, 251, 220, 166, 111, 226, 168, 243, 121, 35975, 112, 220, 47991, 226, 168, 248, 242, 47991, 246, 46695, 97, 526, 198, 20, 167, 110, 230, 25, 31619, 108, 242, 167, 94, 250, 168, 252, 94, 166, 111, 254, 1343, 30629, 168, 100, 222, 167, 105, 116, 23821, 228, 235, 220, 166, 115, 120, 166, 109, 108, 166, 108, 222, 31619, 238, 250, 31619, 105, 116, 168, 252, 98, 8, 23821, 250, 226, 31619, 110, 243, 167, 98, 254, 23821, 254, 250, 17, 168, 94, 108, 166, 108, 222, 220, 166, 115, 116, 23821, 254, 223, 168, 248, 102, 31619, 234, 222, 168, 225, 223, 35975, 116, 31619, 111, 112, 168, 99, 251, 220, 166, 111, 226, 168, 243, 121, 35975, 226, 564, 246, 168, 96, 120, 168, 109, 226, 167, 105, 112, 168, 252, 238, 166, 108, 222, 220, 166, 116, 230, 168, 254, 226, 23821, 109, 226, 167, 105, 112, 167, 98, 120, 23821, 251, 112, 169, 244, 231, 47991, 246, 168, 100, 222, 23821, 243, 232, 167, 232, 242, 220, 166, 110, 121, 168, 248, 108, 220, 166, 115, 116, 23821, 109, 226, 167, 105, 112, 167, 98, 120, 31619, 111, 112, 168, 99, 251, 35975, 116, 23821, 251, 112, 169, 244, 231, 47991, 246, 166, 116, 108, 167, 94, 250, 220, 47991, 246, 167, 232, 242, 220, 166, 111, 226, 168, 243, 121, 447, 247, 35975, 112, 167, 251, 120, 166, 111, 254, 2343, 241, 242, 58, 166, 115, 250, 168, 254, 243, 47991, 246, 166, 111, 254, 16151, 158, 241, 242, 35975, 246, 31619, 108, 239, 168, 97, 226, 8, 23821, 252, 230, 168, 250, 120, 167, 224, 246, 1, 198, 198, 168, 113, 250, 168, 95, 227, 23821, 254, 243, 46695, 113, 25, 642, 167, 110, 230, 198, 198, 168, 254, 243, 46695, 113, 1058, 642, 167, 110, 230]","[0.5, 0.5, 0.5, 0.5, 0.5, 0.5, 0.5, 0.5, 0.5, 0.5, 0.5, 0.5, 0.5, 0.5, 0.5, 0.5, 0.5, 0.5, 0.5, 0.5, 0.5, 0.5, 0.5, 0.5, 0.5, 0.5, 0.5, 0.5, 0.5, 0.5, 0.5, 0.5, 0.5, 0.5, 0.5, 0.5, 0.5, 0.5, 0.5, 0.5, 0.5, 0.5, 0.5, 0.5, 0.5, 0.5, 0.5, 0.5, 0.5, 0.5, 0.5, 0.5, 0.5, 0.5, 0.5, 0.5, 0.5, 0.5, 0.5, 0.5, 0.5, 0.5, 0.5, 0.5, 0.5, 0.5, 0.5, 0.5, 0.5, 0.5, 0.5, 0.5, 0.5, 0.5, 0.5, 0.5, 0.5, 0.5, 0.5, 0.5, 0.5, 0.5, 0.5, 0.5, 0.5, 0.5, 0.5, 0.5, 0.5, 0.5, 0.5, 0.5, 0.5, 0.5, 0.5, 0.5, 0.5, 0.5, 0.5, 0.5, 0.5, 0.5, 0.5, 0.5, 0.5, 0.5, 0.5, 0.5, 0.5, 0.5, 0.5, 0.5, 0.5, 0.5, 0.5, 0.5, 0.5, 0.5, 0.5, 0.5, 0.5, 0.5, 0.5, 0.5, 0.5, 0.5, 0.5, 0.5, 0.5, 0.5, 0.5, 0.5, 0.5, 0.5, 0.5, 0.5, 0.5, 0.5, 0.5, 0.5, 0.5, 0.5, 0.5, 0.5, 0.5, 0.5, 0.5, 0.5, 0.5, 0.5, 0.5, 0.5, 0.5, 0.5, 0.5, 0.5, 0.5, 0.5, 0.5, 0.5, 0.5, 0.5, 0.5, 0.5, 0.5, 0.5, 0.5, 0.5, 0.5, 0.5, 0.5, 0.5, 0.5, 0.5, 0.5, 0.5, 0.5, 0.5, 0.5, 0.5, 0.5, 0.5, 0.5, 0.5, 0.5, 0.5, 0.5, 0.5, 0.5, 0.5, 0.5, 0.5, 0.5, 0.5, 0.5, 0.5, 0.5, 0.5, 0.5, 0.5, 0.5, 0.5, 0.5, 0.5, 0.5, 0.5, 0.5, 0.5, 0.5, 0.5, 0.5, 0.5, 0.5, 0.5, 0.5, 0.5, 0.5, 0.5, 0.5, 0.5, 0.5, 0.5, 0.5, 0.5, 0.5, 0.5, 0.5, 0.5, 0.5, 0.5, 0.5, 0.5, 0.5, 0.5, 0.5, 0.5, 0.5, 0.5, 0.5, 0.5, 0.5, 0.5, 0.5, 0.5, 0.5, 0.5, 0.5, 0.5, 0.5, 0.5, 0.5, 0.5, 0.5, 0.5, 0.5, 0.5, 0.5, 0.5, 0.5, 0.5, 0.5, 0.5, 0.5, 0.5, 0.5, 0.5, 0.5, 0.5, 0.5, 0.5, 0.5, 0.5, 0.5, 0.5, 0.5, 0.5, 0.5, 0.5, 0.5, 0.5, 0.5, 0.5, 0.5, 0.5, 0.5, 0.5, 0.5, 0.5, 0.5, 0.5, 0.5, 0.5, 0.5, 0.5, 0.5, 0.5, 0.5, 0.5, 0.5, 0.5, 0.5, 0.5, 0.5, 0.5, 0.5, 0.5, 0.5, 0.5, 0.5, 0.5, 0.5, 0.5, 0.5, 0.5, 0.5, 0.5, 0.5, 0.5, 0.5, 0.5, 0.5, 0.5, 0.5, 0.5, 0.5, 0.5, 0.5, 0.5, 0.5, 0.5, 0.5, 0.5, 0.5, 0.5, 0.5, 0.5, 0.5, 0.5, 0.5, 0.5, 0.5, 0.5, 0.5, 0.5, 0.5, 0.5, 0.5, 0.5, 0.5, 0.5, 0.5, 0.5, 0.5, 0.5, 0.5, 0.5, 0.5, 0.5, 0.5, 0.5, 0.5, 0.5, 0.5, 0.5, 0.5, 0.5, 0.5, 0.5, 0.5, 0.5, 0.5, 0.5, 0.5, 0.5, 0.5, 0.5, 0.5, 0.5, 0.5, 0.5, 0.5, 0.5, 0.5, 0.5, 0.5, 0.5, 0.5, 0.5, 0.5, 0.5, 0.5, 0.5, 0.5, 0.5, 0.5, 0.5, 0.5, 0.5, 0.5, 0.5, 0.5, 0.5, 0.5, 0.5, 0.5, 0.5, 0.5, 0.5, 0.5, 0.5, 0.5, 0.5, 0.5, 0.5, 0.5, 0.5, 0.5, 0.5, 0.5, 0.5, 0.5, 0.5, 0.5, 0.5, 0.5, 0.5, 0.5, 0.5, 0.5, 0.5, 0.5, 0.5, 0.5, 0.5, 0.5, 0.5, 0.5, 0.5, 0.5, 0.5, 0.5, 0.5, 0.5, 0.5, 0.5, 0.5, 0.5, 0.5, 0.5, 0.5, 0.5, 0.5, 0.5, 0.5, 0.5, 0.5, 0.5, 0.5, 0.5, 0.5, 0.5, 0.5, 0.5, 0.5, 0.5, 0.5, 0.5, 0.5, 0.5, 0.5, 0.5, 0.5, 0.5, 0.5, 0.5, 0.5, 0.5, 0.5, 0.5, 0.5, 0.5, 0.5, 0.5, 0.5, 0.5, 0.5, 0.5, 0.5, 0.5, 0.5, 0.5, 0.5, 0.5, 0.5, 0.5, 0.5, 0.5, 0.5, 0.5, 0.5, 0.5, 0.5, 0.5, 0.5, 0.5, 0.5, 0.5, 0.5, 0.5, 0.5, 0.5, 0.5, 0.5, 0.5, 0.5, 0.5, 0.5, 0.5, 0.5, 0.5, 0.5, 0.5, 0.5, 0.5, 0.5, 0.5, 0.5, 0.5, 0.5, 0.5, 0.5, 0.5, 0.5, 0.5, 0.5, 0.5, 0.5, 0.5, 0.5, 0.5, 0.5, 0.5, 0.5, 0.5, 0.5, 0.5, 0.5, 0.5, 0.5, 0.5, 0.5, 0.5, 0.5, 0.5, 0.5, 0.5, 0.5, 0.5, 0.5, 0.5, 0.5, 0.5, 0.5, 0.5, 0.5, 0.5, 0.5, 0.5, 0.5, 0.5, 0.5, 0.5, 0.5, 0.5, 0.5, 0.5, 0.5, 0.5, 0.5, 0.5, 0.5, 0.5, 0.5, 0.5, 0.5, 0.5, 0.5, 0.5, 0.5, 0.5, 0.5, 0.5, 0.5, 0.5, 0.5, 0.5, 0.5, 0.5, 0.5, 0.5, 0.5, 0.5, 0.5, 0.5, 0.5, 0.5, 0.5, 0.5, 0.5, 0.5, 0.5, 0.5, 0.5, 0.5, 0.5, 0.5, 0.5, 0.5, 0.5, 0.5, 0.5, 0.5, 0.5, 0.5, 0.5, 0.5, 0.5, 0.5, 0.5, 0.5, 0.5, 0.5, 0.5, 0.5, 0.5, 0.5, 0.5, 0.5, 0.5, 0.5, 0.5, 0.5, 0.5, 0.5, 0.5, 0.5, 0.5, 0.5, 0.5, 0.5, 0.5, 0.5, 0.5, 0.5, 0.5, 0.5, 0.5, 0.5, 0.5, 0.5, 0.5, 0.5, 0.5, 0.5, 0.5, 0.5, 0.5, 0.5, 0.5, 0.5, 0.5, 0.5, 0.5, 0.5, 0.5, 0.5, 0.5, 0.5, 0.5, 0.5, 0.5, 0.5, 0.5, 0.5, 0.5, 0.5, 0.5, 0.5, 0.5, 0.5, 0.5, 0.5, 0.5, 0.5, 0.5, 0.5, 0.5, 0.5, 0.5, 0.5, 0.5, 0.5, 0.5, 0.5, 0.5, 0.5, 0.5, 0.5, 0.5, 0.5, 0.5, 0.5, 0.5, 0.5, 0.5, 0.5, 0.5, 0.5, 0.5, 0.5, 0.5, 0.5, 0.5, 0.5, 0.5, 0.5, 0.5, 0.5, 0.5, 0.5, 0.5, 0.5, 0.5, 0.5, 0.5, 0.5, 0.5, 0.5, 0.5, 0.5, 0.5, 0.5, 0.5, 0.5, 0.5, 0.5, 0.5, 0.5, 0.5, 0.5, 0.5, 0.5, 0.5, 0.5, 0.5, 0.5, 0.5, 0.5, 0.5, 0.5, 0.5, 0.5, 0.5, 0.5, 0.5, 0.5, 0.5, 0.5, 0.5, 0.5, 0.5, 0.5, 0.5, 0.5, 0.5, 0.5, 0.5, 0.5, 0.5, 0.5, 0.5, 0.5, 0.5, 0.5, 0.5, 0.5, 0.5, 0.5, 0.5, 0.5, 0.5, 0.5, 0.5, 0.5, 0.5, 0.5, 0.5, 0.5, 0.5, 0.5, 0.5, 0.5, 0.5, 0.5, 0.5, 0.5, 0.5, 0.5, 0.5, 0.5, 0.5, 0.5, 0.5, 0.5, 0.5, 0.5, 0.5, 0.5, 0.5, 0.5, 0.5, 0.5, 0.5, 0.5, 0.5, 0.5, 0.5, 0.5, 0.5, 0.5, 0.5, 0.5, 0.5, 0.5, 0.5, 0.5, 0.5, 0.5, 0.5, 0.5, 0.5, 0.5, 0.5, 0.5, 0.5, 0.5, 0.5, 0.5, 0.5, 0.5, 0.5, 0.5, 0.5, 0.5, 0.5, 0.5, 0.5, 0.5, 0.5, 0.5, 0.5, 0.5, 0.5, 0.5, 0.5, 0.5, 0.5, 0.5, 0.5, 0.5, 0.5, 0.5, 0.5, 0.5, 0.5, 0.5, 0.5, 0.5, 0.5, 0.5, 0.5, 0.5, 0.5, 0.5, 0.5, 0.5, 0.5, 0.5, 0.5, 0.5, 0.5, 0.5, 0.5, 0.5, 0.5, 0.5, 0.5, 0.5, 0.5, 0.5, 0.5, 0.5, 0.5, 0.5, 0.5, 0.5, 0.5, 0.5, 0.5, 0.5, 0.5, 0.5, 0.5, 0.5, 0.5, 0.5, 0.5, 0.5, 0.5, 0.5, 0.5, 0.5, 0.5, 0.5, 0.5, 0.5, 0.5, 0.5, 0.5, 0.5, 0.5, 0.5, 0.5, 0.5, 0.5, 0.5, 0.5, 0.5, 0.5, 0.5, 0.5, 0.5, 0.5, 0.5, 0.5, 0.5, 0.5, 0.5, 0.5, 0.5, 0.5, 0.5, 0.5, 0.5, 0.5, 0.5, 0.5, 0.5, 0.5, 0.5, 0.5, 0.5, 0.5, 0.5, 0.5, 0.5, 0.5, 0.5, 0.5, 0.5, 0.5, 0.5, 0.5, 0.5, 0.5, 0.5, 0.5, 0.5, 0.5, 0.5, 0.5, 0.5, 0.5, 0.5, 0.5, 0.5, 0.5, 0.5, 0.5, 0.5, 0.5, 0.5, 0.5, 0.5, 0.5, 0.5, 0.5, 0.5, 0.5, 0.5, 0.5, 0.5, 0.5, 0.5, 0.5, 0.5, 0.5, 0.5, 0.5, 0.5, 0.5, 0.5, 0.5, 0.5, 0.5, 0.5, 0.5, 0.5, 0.5, 0.5, 0.5, 0.5, 0.5, 0.5, 0.5, 0.5, 0.5, 0.5, 0.5, 0.5, 0.5, 0.5, 0.5, 0.5, 0.5, 0.5, 0.5, 0.5, 0.5, 0.5, 0.5, 0.5, 0.5, 0.5, 0.5, 0.5, 0.5, 0.5, 0.5, 0.5, 0.5, 0.5, 0.5, 0.5, 0.5, 0.5, 0.5, 0.5, 0.5, 0.5, 0.5, 0.5, 0.5, 0.5, 0.5, 0.5, 0.5, 0.5, 0.5, 0.5, 0.5, 0.5, 0.5, 0.5, 0.5, 0.5, 0.5, 0.5, 0.5, 0.5, 0.5, 0.5, 0.5, 0.5, 0.5, 0.5, 0.5, 0.5, 0.5, 0.5, 0.5, 0.5, 0.5, 0.5, 0.5, 0.5, 0.5, 0.5, 0.5, 0.5, 0.5, 0.5, 0.5, 0.5, 0.5, 0.5, 0.5, 0.5, 0.5, 0.5, 0.5, 0.5, 0.5, 0.5, 0.5, 0.5, 0.5, 0.5, 0.5, 0.5, 0.5, 0.5, 0.5, 0.5, 0.5, 0.5, 0.5, 0.5, 0.5, 0.5, 0.5, 0.5, 0.5, 0.5, 0.5, 0.5, 0.5, 0.5, 0.5, 0.5, 0.5, 0.5, 0.5, 0.5, 0.5, 0.5, 0.5, 0.5, 0.5, 0.5, 0.5, 0.5, 0.5, 0.5, 0.5, 0.5, 0.5, 0.5, 0.5, 0.5, 0.5, 0.5, 0.5, 0.5, 0.5, 0.5, 0.5]",2
2026_11_KICE_10-13_0,['5(2)'],"계획
- 지문에서 각 선택지가 실제로 무엇을 주장하는지 확인하고, 그 주장과 지문의 내용을 대조해 참/거짓 여부를 판단한다.
- 5번이 옳은지 지문 속 근거 문장을 직접 확인하고, 1–4번은 부합하지 않는 근거를 찾아 각각 근거 문장을 제시한다.

1번: 오답 + ""(지문 속 근거가 된 문장) 열팽창이란 물체의 온도 변화에 따라 그 길이, 부피가 변화하는 현상을 말한다.""
2번: 오답 + ""(지문 속 근거가 된 문장) 선형 열팽창 계수인데, 이는 온도 변화에 따른 길이 변화율을 온도 변화량으로 나눈 값이다.""
3번: 오답 + ""(지문 속 근거가 된 문장) 대부분의 물질은 선형 열팽창 계수가 양수이며 물질마다 그 값이 다르다.""
4번: 오답 + ""(지문 속 근거가 된 문장) 액추에이터란 열에너지 등을 기계적 동작으로 변환하는 장치로, 액추에이터의 설계에는 최대 이동 거리, 띠가 외부에 가할 수 있는 힘, 반응 완료 시간 등이 고려된다.""
5번: 정답 + ""(지문 속 근거가 된 문장) 반응 완료 시간 또한 고려해야 하는데, 반응 완료 시간은 온도를 올리기 시작한 시점부터 띠의 끝이 최대 이동 거리에 도달하기까지의 시간이고, 띠의 두께가 얇을수록 짧다.""

최종 정답: 5","[166, 111, 226, 169, 248, 235, 198, 12, 23821, 100, 222, 167, 105, 116, 168, 245, 238, 168, 226, 250, 220, 166, 108, 223, 23821, 226, 254, 169, 225, 251, 168, 100, 222, 166, 108, 222, 23821, 233, 97, 168, 254, 250, 167, 94, 250, 31619, 105, 112, 168, 245, 229, 35975, 226, 23821, 96, 120, 168, 252, 98, 47991, 246, 167, 232, 242, 168, 100, 222, 220, 169, 247, 243, 35975, 116, 47991, 246, 166, 111, 254, 11, 220, 166, 115, 116, 23821, 96, 120, 168, 252, 98, 166, 111, 120, 23821, 100, 222, 167, 105, 116, 35975, 246, 31619, 224, 112, 168, 248, 102, 35975, 226, 31619, 234, 222, 168, 94, 108, 47991, 112, 23821, 108, 116, 14, 166, 109, 108, 168, 100, 241, 23821, 245, 105, 167, 114, 222, 167, 98, 120, 220, 169, 234, 238, 46695, 101, 47991, 250, 46695, 97, 13, 198, 12, 642, 167, 110, 230, 35975, 112, 23821, 246, 111, 35975, 222, 168, 100, 222, 23821, 100, 222, 167, 105, 116, 23821, 228, 235, 220, 166, 115, 120, 166, 109, 108, 31619, 105, 116, 168, 252, 98, 35975, 226, 23821, 100, 223, 168, 254, 239, 220, 169, 247, 243, 35975, 116, 47991, 246, 166, 111, 254, 11, 352, 1906, 19, 167, 110, 230, 35975, 222, 31619, 114, 222, 47991, 102, 47991, 246, 168, 100, 222, 23821, 243, 232, 167, 232, 242, 220, 166, 115, 120, 166, 109, 108, 167, 98, 120, 23821, 108, 122, 168, 243, 226, 220, 166, 108, 223, 166, 108, 223, 220, 166, 115, 120, 166, 109, 108, 31619, 105, 116, 168, 252, 98, 35975, 226, 23821, 254, 250, 168, 233, 250, 47991, 250, 46695, 97, 13, 198, 198, 16, 167, 110, 230, 25, 23821, 246, 97, 46695, 113, 1343, 30629, 168, 100, 222, 167, 105, 116, 23821, 228, 235, 220, 166, 115, 120, 166, 109, 108, 166, 108, 222, 31619, 238, 250, 31619, 105, 116, 168, 252, 98, 8, 23821, 245, 112, 169, 234, 121, 168, 108, 121, 35975, 112, 167, 252, 222, 31619, 45539, 168, 110, 112, 35975, 246, 23821, 246, 101, 167, 237, 226, 31619, 111, 222, 169, 247, 242, 168, 245, 238, 31619, 242, 108, 167, 251, 120, 220, 166, 115, 116, 220, 166, 116, 116, 35975, 112, 11, 31619, 114, 222, 169, 242, 120, 166, 108, 222, 31619, 111, 222, 169, 247, 242, 47991, 246, 167, 232, 242, 220, 169, 246, 226, 168, 225, 223, 35975, 226, 31619, 100, 238, 47991, 250, 46695, 97, 526, 198, 17, 167, 110, 230, 25, 23821, 246, 97, 46695, 113, 1343, 30629, 168, 100, 222, 167, 105, 116, 23821, 228, 235, 220, 166, 115, 120, 166, 109, 108, 166, 108, 222, 31619, 238, 250, 31619, 105, 116, 168, 252, 98, 8, 23821, 226, 254, 169, 246, 243, 23821, 245, 112, 169, 234, 121, 168, 108, 121, 220, 166, 111, 226, 168, 230, 246, 35975, 116, 167, 235, 108, 11, 23821, 251, 112, 167, 232, 242, 23821, 246, 101, 167, 237, 226, 31619, 111, 222, 169, 247, 242, 168, 245, 238, 31619, 242, 108, 167, 98, 116, 220, 166, 116, 116, 35975, 112, 31619, 111, 222, 169, 247, 242, 168, 250, 101, 35975, 226, 23821, 246, 101, 167, 237, 226, 31619, 111, 222, 169, 247, 242, 167, 253, 231, 168, 250, 120, 167, 94, 250, 31619, 224, 246, 167, 230, 230, 220, 166, 108, 240, 35975, 112, 46695, 97, 526, 198, 18, 167, 110, 230, 25, 23821, 246, 97, 46695, 113, 1343, 30629, 168, 100, 222, 167, 105, 116, 23821, 228, 235, 220, 166, 115, 120, 166, 109, 108, 166, 108, 222, 31619, 238, 250, 31619, 105, 116, 168, 252, 98, 8, 31619, 234, 222, 167, 114, 222, 167, 114, 226, 35975, 246, 31619, 45539, 168, 100, 230, 35975, 222, 23821, 226, 254, 169, 246, 243, 23821, 245, 112, 169, 234, 121, 168, 108, 121, 220, 166, 111, 226, 168, 230, 246, 166, 108, 222, 23821, 244, 239, 168, 230, 246, 35975, 112, 167, 102, 108, 31619, 45539, 168, 100, 230, 167, 100, 230, 46695, 97, 220, 166, 115, 116, 220, 166, 108, 240, 35975, 112, 31619, 233, 97, 167, 98, 112, 46695, 97, 526, 198, 19, 167, 110, 230, 25, 23821, 246, 97, 46695, 113, 1343, 30629, 168, 100, 222, 167, 105, 116, 23821, 228, 235, 220, 166, 115, 120, 166, 109, 108, 166, 108, 222, 31619, 238, 250, 31619, 105, 116, 168, 252, 98, 8, 23821, 243, 94, 168, 114, 242, 168, 245, 238, 35975, 112, 169, 226, 108, 167, 252, 222, 23821, 245, 112, 168, 245, 238, 167, 226, 230, 168, 100, 222, 31619, 241, 109, 35975, 226, 220, 166, 116, 108, 166, 111, 226, 168, 254, 223, 31619, 237, 247, 168, 252, 239, 168, 250, 120, 167, 94, 250, 31619, 111, 222, 169, 247, 246, 47991, 246, 167, 232, 242, 23821, 252, 98, 168, 117, 246, 167, 94, 250, 11, 23821, 243, 94, 168, 114, 242, 168, 245, 238, 35975, 112, 169, 226, 108, 35975, 246, 23821, 226, 97, 166, 111, 226, 168, 245, 238, 167, 232, 242, 23821, 113, 250, 167, 234, 222, 23821, 251, 112, 167, 237, 247, 220, 166, 109, 108, 167, 99, 105, 11, 31619, 251, 254, 166, 108, 222, 23821, 247, 116, 167, 114, 222, 168, 245, 238, 220, 166, 108, 222, 47991, 254, 23821, 230, 246, 23821, 252, 230, 167, 232, 242, 220, 169, 252, 246, 11, 31619, 108, 246, 35975, 239, 23821, 247, 226, 167, 96, 234, 23821, 233, 250, 166, 108, 226, 31619, 241, 109, 35975, 112, 220, 166, 111, 254, 167, 254, 97, 167, 238, 250, 46695, 97, 526, 198, 20, 167, 110, 230, 25, 23821, 254, 243, 46695, 113, 1343, 30629, 168, 100, 222, 167, 105, 116, 23821, 228, 235, 220, 166, 115, 120, 166, 109, 108, 166, 108, 222, 31619, 238, 250, 31619, 105, 116, 168, 252, 98, 8, 31619, 108, 246, 35975, 239, 23821, 247, 226, 167, 96, 234, 23821, 233, 250, 166, 108, 226, 31619, 246, 238, 47991, 250, 220, 166, 111, 254, 167, 254, 97, 47991, 112, 168, 243, 120, 220, 47991, 246, 167, 232, 242, 167, 235, 108, 11, 31619, 108, 246, 35975, 239, 23821, 247, 226, 167, 96, 234, 23821, 233, 250, 166, 108, 226, 35975, 222, 23821, 246, 101, 167, 237, 226, 167, 98, 120, 23821, 246, 105, 167, 99, 105, 166, 116, 108, 23821, 233, 250, 168, 252, 239, 47991, 250, 23821, 233, 250, 168, 254, 238, 167, 114, 222, 169, 226, 108, 31619, 251, 254, 35975, 246, 31619, 223, 251, 35975, 112, 23821, 113, 250, 167, 234, 222, 23821, 251, 112, 167, 237, 247, 220, 166, 109, 108, 167, 99, 105, 168, 245, 238, 31619, 237, 226, 46695, 105, 47991, 246, 166, 116, 108, 166, 117, 234, 168, 100, 222, 35975, 246, 23821, 233, 250, 166, 108, 226, 35975, 112, 166, 111, 254, 11, 31619, 251, 254, 35975, 246, 31619, 239, 238, 166, 119, 246, 166, 108, 222, 23821, 244, 229, 35975, 226, 168, 230, 246, 167, 94, 251, 23821, 100, 100, 46695, 97, 526, 198, 198, 168, 113, 250, 168, 95, 227, 23821, 254, 243, 46695, 113, 25, 642]","[0.5, 0.5, 0.5, 0.5, 0.5, 0.5, 0.5, 0.5, 0.5, 0.5, 0.5, 0.5, 0.5, 0.5, 0.5, 0.5, 0.5, 0.5, 0.5, 0.5, 0.5, 0.5, 0.5, 0.5, 0.5, 0.5, 0.5, 0.5, 0.5, 0.5, 0.5, 0.5, 0.5, 0.5, 0.5, 0.5, 0.5, 0.5, 0.5, 0.5, 0.5, 0.5, 0.5, 0.5, 0.5, 0.5, 0.5, 0.5, 0.5, 0.5, 0.5, 0.5, 0.5, 0.5, 0.5, 0.5, 0.5, 0.5, 0.5, 0.5, 0.5, 0.5, 0.5, 0.5, 0.5, 0.5, 0.5, 0.5, 0.5, 0.5, 0.5, 0.5, 0.5, 0.5, 0.5, 0.5, 0.5, 0.5, 0.5, 0.5, 0.5, 0.5, 0.5, 0.5, 0.5, 0.5, 0.5, 0.5, 0.5, 0.5, 0.5, 0.5, 0.5, 0.5, 0.5, 0.5, 0.5, 0.5, 0.5, 0.5, 0.5, 0.5, 0.5, 0.5, 0.5, 0.5, 0.5, 0.5, 0.5, 0.5, 0.5, 0.5, 0.5, 0.5, 0.5, 0.5, 0.5, 0.5, 0.5, 0.5, 0.5, 0.5, 0.5, 0.5, 0.5, 0.5, 0.5, 0.5, 0.5, 0.5, 0.5, 0.5, 0.5, 0.5, 0.5, 0.5, 0.5, 0.5, 0.5, 0.5, 0.5, 0.5, 0.5, 0.5, 0.5, 0.5, 0.5, 0.5, 0.5, 0.5, 0.5, 0.5, 0.5, 0.5, 0.5, 0.5, 0.5, 0.5, 0.5, 0.5, 0.5, 0.5, 0.5, 0.5, 0.5, 0.5, 0.5, 0.5, 0.5, 0.5, 0.5, 0.5, 0.5, 0.5, 0.5, 0.5, 0.5, 0.5, 0.5, 0.5, 0.5, 0.5, 0.5, 0.5, 0.5, 0.5, 0.5, 0.5, 0.5, 0.5, 0.5, 0.5, 0.5, 0.5, 0.5, 0.5, 0.5, 0.5, 0.5, 0.5, 0.5, 0.5, 0.5, 0.5, 0.5, 0.5, 0.5, 0.5, 0.5, 0.5, 0.5, 0.5, 0.5, 0.5, 0.5, 0.5, 0.5, 0.5, 0.5, 0.5, 0.5, 0.5, 0.5, 0.5, 0.5, 0.5, 0.5, 0.5, 0.5, 0.5, 0.5, 0.5, 0.5, 0.5, 0.5, 0.5, 0.5, 0.5, 0.5, 0.5, 0.5, 0.5, 0.5, 0.5, 0.5, 0.5, 0.5, 0.5, 0.5, 0.5, 0.5, 0.5, 0.5, 0.5, 0.5, 0.5, 0.5, 0.5, 0.5, 0.5, 0.5, 0.5, 0.5, 0.5, 0.5, 0.5, 0.5, 0.5, 0.5, 0.5, 0.5, 0.5, 0.5, 0.5, 0.5, 0.5, 0.5, 0.5, 0.5, 0.5, 0.5, 0.5, 0.5, 0.5, 0.5, 0.5, 0.5, 0.5, 0.5, 0.5, 0.5, 0.5, 0.5, 0.5, 0.5, 0.5, 0.5, 0.5, 0.5, 0.5, 0.5, 0.5, 0.5, 0.5, 0.5, 0.5, 0.5, 0.5, 0.5, 0.5, 0.5, 0.5, 0.5, 0.5, 0.5, 0.5, 0.5, 0.5, 0.5, 0.5, 0.5, 0.5, 0.5, 0.5, 0.5, 0.5, 0.5, 0.5, 0.5, 0.5, 0.5, 0.5, 0.5, 0.5, 0.5, 0.5, 0.5, 0.5, 0.5, 0.5, 0.5, 0.5, 0.5, 0.5, 0.5, 0.5, 0.5, 0.5, 0.5, 0.5, 0.5, 0.5, 0.5, 0.5, 0.5, 0.5, 0.5, 0.5, 0.5, 0.5, 0.5, 0.5, 0.5, 0.5, 0.5, 0.5, 0.5, 0.5, 0.5, 0.5, 0.5, 0.5, 0.5, 0.5, 0.5, 0.5, 0.5, 0.5, 0.5, 0.5, 0.5, 0.5, 0.5, 0.5, 0.5, 0.5, 0.5, 0.5, 0.5, 0.5, 0.5, 0.5, 0.5, 0.5, 0.5, 0.5, 0.5, 0.5, 0.5, 0.5, 0.5, 0.5, 0.5, 0.5, 0.5, 0.5, 0.5, 0.5, 0.5, 0.5, 0.5, 0.5, 0.5, 0.5, 0.5, 0.5, 0.5, 0.5, 0.5, 0.5, 0.5, 0.5, 0.5, 0.5, 0.5, 0.5, 0.5, 0.5, 0.5, 0.5, 0.5, 0.5, 0.5, 0.5, 0.5, 0.5, 0.5, 0.5, 0.5, 0.5, 0.5, 0.5, 0.5, 0.5, 0.5, 0.5, 0.5, 0.5, 0.5, 0.5, 0.5, 0.5, 0.5, 0.5, 0.5, 0.5, 0.5, 0.5, 0.5, 0.5, 0.5, 0.5, 0.5, 0.5, 0.5, 0.5, 0.5, 0.5, 0.5, 0.5, 0.5, 0.5, 0.5, 0.5, 0.5, 0.5, 0.5, 0.5, 0.5, 0.5, 0.5, 0.5, 0.5, 0.5, 0.5, 0.5, 0.5, 0.5, 0.5, 0.5, 0.5, 0.5, 0.5, 0.5, 0.5, 0.5, 0.5, 0.5, 0.5, 0.5, 0.5, 0.5, 0.5, 0.5, 0.5, 0.5, 0.5, 0.5, 0.5, 0.5, 0.5, 0.5, 0.5, 0.5, 0.5, 0.5, 0.5, 0.5, 0.5, 0.5, 0.5, 0.5, 0.5, 0.5, 0.5, 0.5, 0.5, 0.5, 0.5, 0.5, 0.5, 0.5, 0.5, 0.5, 0.5, 0.5, 0.5, 0.5, 0.5, 0.5, 0.5, 0.5, 0.5, 0.5, 0.5, 0.5, 0.5, 0.5, 0.5, 0.5, 0.5, 0.5, 0.5, 0.5, 0.5, 0.5, 0.5, 0.5, 0.5, 0.5, 0.5, 0.5, 0.5, 0.5, 0.5, 0.5, 0.5, 0.5, 0.5, 0.5, 0.5, 0.5, 0.5, 0.5, 0.5, 0.5, 0.5, 0.5, 0.5, 0.5, 0.5, 0.5, 0.5, 0.5, 0.5, 0.5, 0.5, 0.5, 0.5, 0.5, 0.5, 0.5, 0.5, 0.5, 0.5, 0.5, 0.5, 0.5, 0.5, 0.5, 0.5, 0.5, 0.5, 0.5, 0.5, 0.5, 0.5, 0.5, 0.5, 0.5, 0.5, 0.5, 0.5, 0.5, 0.5, 0.5, 0.5, 0.5, 0.5, 0.5, 0.5, 0.5, 0.5, 0.5, 0.5, 0.5, 0.5, 0.5, 0.5, 0.5, 0.5, 0.5, 0.5, 0.5, 0.5, 0.5, 0.5, 0.5, 0.5, 0.5, 0.5, 0.5, 0.5, 0.5, 0.5, 0.5, 0.5, 0.5, 0.5, 0.5, 0.5, 0.5, 0.5, 0.5, 0.5, 0.5, 0.5, 0.5, 0.5, 0.5, 0.5, 0.5, 0.5, 0.5, 0.5, 0.5, 0.5, 0.5, 0.5, 0.5, 0.5, 0.5, 0.5, 0.5, 0.5, 0.5, 0.5, 0.5, 0.5, 0.5, 0.5, 0.5, 0.5, 0.5, 0.5, 0.5, 0.5, 0.5, 0.5, 0.5, 0.5, 0.5, 0.5, 0.5, 0.5, 0.5, 0.5, 0.5, 0.5, 0.5, 0.5, 0.5, 0.5, 0.5, 0.5, 0.5, 0.5, 0.5, 0.5, 0.5, 0.5, 0.5, 0.5, 0.5, 0.5, 0.5, 0.5, 0.5, 0.5, 0.5, 0.5, 0.5, 0.5, 0.5, 0.5, 0.5, 0.5, 0.5, 0.5, 0.5, 0.5, 0.5, 0.5, 0.5, 0.5, 0.5, 0.5, 0.5, 0.5, 0.5, 0.5, 0.5, 0.5, 0.5, 0.5, 0.5, 0.5, 0.5, 0.5, 0.5, 0.5, 0.5, 0.5, 0.5, 0.5, 0.5, 0.5, 0.5, 0.5, 0.5, 0.5, 0.5, 0.5, 0.5, 0.5, 0.5, 0.5, 0.5, 0.5, 0.5, 0.5, 0.5, 0.5, 0.5, 0.5, 0.5, 0.5, 0.5, 0.5, 0.5, 0.5, 0.5, 0.5, 0.5, 0.5, 0.5, 0.5, 0.5, 0.5, 0.5, 0.5, 0.5, 0.5, 0.5, 0.5, 0.5, 0.5, 0.5, 0.5, 0.5, 0.5, 0.5, 0.5, 0.5, 0.5, 0.5, 0.5, 0.5, 0.5, 0.5, 0.5, 0.5, 0.5, 0.5, 0.5, 0.5, 0.5, 0.5, 0.5, 0.5, 0.5, 0.5, 0.5, 0.5, 0.5, 0.5, 0.5, 0.5, 0.5, 0.5, 0.5, 0.5, 0.5, 0.5, 0.5, 0.5, 0.5, 0.5, 0.5, 0.5, 0.5, 0.5, 0.5, 0.5, 0.5, 0.5, 0.5, 0.5, 0.5, 0.5, 0.5, 0.5, 0.5, 0.5, 0.5, 0.5, 0.5, 0.5, 0.5, 0.5, 0.5, 0.5, 0.5, 0.5, 0.5, 0.5, 0.5, 0.5, 0.5, 0.5, 0.5, 0.5, 0.5, 0.5, 0.5, 0.5, 0.5, 0.5, 0.5, 0.5, 0.5, 0.5, 0.5, 0.5, 0.5, 0.5, 0.5, 0.5, 0.5, 0.5, 0.5, 0.5, 0.5, 0.5, 0.5, 0.5, 0.5, 0.5, 0.5, 0.5, 0.5, 0.5, 0.5, 0.5, 0.5, 0.5, 0.5, 0.5, 0.5, 0.5, 0.5, 0.5, 0.5, 0.5, 0.5, 0.5, 0.5, 0.5, 0.5, 0.5, 0.5, 0.5, 0.5, 0.5, 0.5, 0.5, 0.5, 0.5, 0.5, 0.5, 0.5, 0.5, 0.5, 0.5, 0.5, 0.5, 0.5, 0.5, 0.5, 0.5, 0.5, 0.5, 0.5, 0.5, 0.5, 0.5, 0.5, 0.5, 0.5, 0.5, 0.5, 0.5, 0.5, 0.5, 0.5, 0.5, 0.5, 0.5, 0.5, 0.5, 0.5, 0.5, 0.5, 0.5, 0.5, 0.5, 0.5, 0.5, 0.5, 0.5, 0.5, 0.5, 0.5, 0.5, 0.5, 0.5, 0.5, 0.5, 0.5, 0.5, 0.5, 0.5, 0.5, 0.5, 0.5, 0.5, 0.5, 0.5, 0.5, 0.5, 0.5, 0.5, 0.5, 0.5, 0.5, 0.5, 0.5, 0.5, 0.5, 0.5, 0.5, 0.5, 0.5, 0.5, 0.5, 0.5, 0.5, 0.5, 0.5, 0.5, 0.5, 0.5, 0.5, 0.5, 0.5, 0.5, 0.5, 0.5, 0.5, 0.5, 0.5, 0.5, 0.5, 0.5, 0.5, 0.5, 0.5, 0.5, 0.5, 0.5, 0.5, 0.5, 0.5, 0.5, 0.5, 0.5, 0.5, 0.5, 0.5, 0.5, 0.5, 0.5, 0.5, 0.5, 0.5, 0.5, 0.5, 0.5, 0.5, 0.5, 0.5, 0.5, 0.5, 0.5, 0.5, 0.5, 0.5, 0.5, 0.5, 0.5, 0.5, 0.5, 0.5, 0.5, 0.5, 0.5, 0.5, 0.5, 0.5, 0.5, 0.5, 0.5, 0.5, 0.5, 0.5, 0.5, 0.5, 0.5, 0.5, 0.5, 0.5, 0.5, 0.5, 0.5, 0.5, 0.5, 0.5, 0.5, 0.5, 0.5, 0.5, 0.5, 0.5, 0.5, 0.5, 0.5, 0.5, 0.5, 0.5, 0.5, 0.5, 0.5, 0.5, 0.5, 0.5, 0.5, 0.5, 0.5, 0.5, 0.5, 0.5, 0.5, 0.5, 0.5, 0.5, 0.5, 0.5, 0.5, 0.5, 0.5, 0.5, 0.5, 0.5, 0.5, 0.5, 0.5, 0.5, 0.5, 0.5, 0.5, 0.5, 0.5, 0.5, 0.5, 0.5, 0.5, 0.5, 0.5, 0.5, 0.5, 0.5, 0.5, 0.5, 0.5, 0.5, 0.5, 0.5, 0.5, 0.5, 0.5, 0.5, 0.5, 0.5, 0.5, 0.5, 0.5, 0.5, 0.5, 0.5, 0.5, 0.5, 0.5, 0.5, 0.5, 0.5, 0.5, 0.5, 0.5, 0.5, 0.5, 0.5, 0.5, 0.5]",2
2026_11_KICE_10-13_1,['3(2)'],"1번: 적절함 + ""(대부분의 물질은 선형 열팽창 계수가 양수이며 물질마다 그 값이 다르다.)""
2번: 적절함 + ""(합금인 인바(invar)와 순수한 금속인 알루미늄은 선형 열팽창 계수가 양수인 물질이며 인바는 알루미늄에 비해 매우 작은 선형 열팽창 계수를 갖는다.)""
3번: 적절하지 않음 + ""(온도를 올렸을 때 Q층은 P층보다 더 팽창하려고 한다. 그러나 두 층이 접합되어 있어 독립적인 팽창이 억제되므로, 띠가 P쪽으로 원의 호 형태로 휘면서 팽창한 후 그 상태를 유지한다. 이후 다시 처음의 온도로 내리면 띠는 원래 모양으로 돌아온다.)""
4번: 적절함 + ""(길이 변화율은 길이의 변화량을 처음 길이로 나누어 ⓐ얻는 값이며, 변화량이란 나중 값에서 처음 값을 뺀 것이다.)""
5번: 적절함 + ""(띠가 휠수록 고정되지 않은 끝의 이동 거리는 커진다. 최대 이동 거리는 띠의 길이에 따라 달라진다.)""

최종 정답: 3","[16, 167, 110, 230, 25, 23821, 254, 223, 168, 254, 230, 47991, 101, 1343, 30629, 167, 234, 222, 167, 114, 222, 167, 114, 226, 35975, 246, 31619, 45539, 168, 100, 230, 35975, 222, 23821, 226, 254, 169, 246, 243, 23821, 245, 112, 169, 234, 121, 168, 108, 121, 220, 166, 111, 226, 168, 230, 246, 166, 108, 222, 23821, 244, 239, 168, 230, 246, 35975, 112, 167, 102, 108, 31619, 45539, 168, 100, 230, 167, 100, 230, 46695, 97, 220, 166, 115, 116, 220, 166, 108, 240, 35975, 112, 31619, 233, 97, 167, 98, 112, 46695, 97, 2014, 1, 198, 17, 167, 110, 230, 25, 23821, 254, 223, 168, 254, 230, 47991, 101, 1343, 30629, 47991, 102, 166, 116, 230, 35975, 116, 23821, 251, 116, 167, 108, 242, 7, 259, 7785, 8, 168, 247, 222, 23821, 230, 250, 168, 230, 246, 47991, 250, 220, 166, 116, 230, 168, 228, 235, 35975, 116, 23821, 243, 234, 167, 96, 101, 167, 107, 116, 167, 232, 226, 35975, 222, 23821, 226, 254, 169, 246, 243, 23821, 245, 112, 169, 234, 121, 168, 108, 121, 220, 166, 111, 226, 168, 230, 246, 166, 108, 222, 23821, 244, 239, 168, 230, 246, 35975, 116, 31619, 45539, 168, 100, 230, 35975, 112, 167, 102, 108, 23821, 251, 116, 167, 108, 242, 167, 232, 242, 23821, 243, 234, 167, 96, 101, 167, 107, 116, 167, 232, 226, 168, 245, 238, 31619, 117, 226, 47991, 112, 31619, 100, 97, 168, 248, 108, 23821, 252, 239, 35975, 222, 23821, 226, 254, 169, 246, 243, 23821, 245, 112, 169, 234, 121, 168, 108, 121, 220, 166, 111, 226, 168, 230, 246, 167, 98, 120, 220, 166, 108, 244, 167, 232, 242, 46695, 97, 2014, 1, 198, 18, 167, 110, 230, 25, 23821, 254, 223, 168, 254, 230, 47991, 246, 168, 100, 222, 23821, 243, 232, 35975, 234, 1343, 30629, 168, 246, 101, 167, 237, 226, 167, 98, 120, 23821, 246, 105, 167, 254, 116, 35975, 226, 31619, 243, 234, 1195, 168, 116, 113, 35975, 222, 350, 168, 116, 113, 167, 111, 112, 46695, 97, 31619, 235, 242, 220, 169, 234, 121, 168, 108, 121, 47991, 246, 167, 254, 97, 166, 111, 254, 220, 47991, 250, 46695, 97, 13, 220, 166, 115, 116, 167, 253, 105, 167, 224, 246, 31619, 239, 238, 23821, 116, 113, 35975, 112, 23821, 254, 239, 47991, 102, 167, 238, 246, 168, 244, 112, 23821, 252, 230, 168, 244, 112, 31619, 237, 227, 167, 99, 121, 168, 254, 223, 35975, 116, 220, 169, 234, 121, 168, 108, 121, 35975, 112, 23821, 244, 113, 168, 254, 250, 167, 238, 246, 167, 107, 222, 167, 94, 250, 11, 31619, 251, 254, 166, 108, 222, 350, 168, 103, 121, 168, 250, 120, 167, 94, 250, 23821, 249, 238, 35975, 246, 220, 169, 246, 116, 220, 169, 246, 243, 169, 225, 250, 167, 94, 250, 220, 169, 250, 246, 167, 102, 112, 168, 226, 250, 220, 169, 234, 121, 168, 108, 121, 47991, 250, 220, 169, 249, 226, 220, 166, 115, 116, 23821, 225, 223, 169, 225, 250, 167, 98, 120, 23821, 250, 254, 168, 100, 222, 47991, 250, 46695, 97, 13, 23821, 251, 112, 169, 249, 226, 31619, 233, 97, 168, 233, 250, 23821, 110, 246, 35975, 234, 35975, 246, 23821, 246, 101, 167, 237, 226, 167, 94, 250, 31619, 224, 112, 167, 99, 105, 167, 102, 112, 31619, 251, 254, 167, 232, 242, 23821, 249, 238, 167, 252, 246, 31619, 103, 101, 168, 244, 239, 168, 250, 120, 167, 94, 250, 31619, 237, 234, 168, 243, 226, 168, 246, 101, 46695, 97, 2014, 1, 198, 19, 167, 110, 230, 25, 23821, 254, 223, 168, 254, 230, 47991, 101, 1343, 30629, 166, 116, 116, 35975, 112, 31619, 111, 222, 169, 247, 242, 168, 250, 101, 35975, 222, 220, 166, 116, 116, 35975, 112, 35975, 246, 31619, 111, 222, 169, 247, 242, 167, 253, 231, 35975, 226, 23821, 110, 246, 35975, 234, 220, 166, 116, 116, 35975, 112, 167, 94, 250, 31619, 224, 246, 167, 230, 226, 168, 244, 112, 2343, 241, 238, 168, 244, 119, 167, 232, 242, 220, 166, 108, 240, 35975, 112, 167, 102, 108, 11, 31619, 111, 222, 169, 247, 242, 167, 253, 231, 35975, 112, 167, 252, 222, 31619, 224, 246, 168, 97, 239, 220, 166, 108, 240, 168, 245, 238, 168, 226, 250, 23821, 110, 246, 35975, 234, 220, 166, 108, 240, 35975, 226, 31619, 118, 222, 220, 166, 110, 225, 35975, 112, 46695, 97, 2014, 1, 198, 20, 167, 110, 230, 25, 23821, 254, 223, 168, 254, 230, 47991, 101, 1343, 30629, 167, 251, 254, 166, 108, 222, 220, 169, 250, 254, 168, 230, 246, 167, 94, 251, 220, 166, 111, 254, 168, 254, 243, 167, 238, 246, 168, 100, 222, 23821, 243, 232, 35975, 222, 31619, 223, 251, 35975, 246, 23821, 251, 112, 167, 237, 247, 220, 166, 109, 108, 167, 99, 105, 167, 232, 242, 23821, 119, 97, 168, 100, 226, 46695, 97, 13, 23821, 113, 250, 167, 234, 222, 23821, 251, 112, 167, 237, 247, 220, 166, 109, 108, 167, 99, 105, 167, 232, 242, 31619, 251, 254, 35975, 246, 220, 166, 116, 116, 35975, 112, 168, 245, 238, 31619, 242, 108, 167, 251, 120, 31619, 233, 105, 167, 251, 120, 168, 100, 226, 46695, 97, 2014, 1, 198, 198, 168, 113, 250, 168, 95, 227, 23821, 254, 243, 46695, 113, 25, 513]","[0.5, 0.5, 0.5, 0.5, 0.5, 0.5, 0.5, 0.5, 0.5, 0.5, 0.5, 0.5, 0.5, 0.5, 0.5, 0.5, 0.5, 0.5, 0.5, 0.5, 0.5, 0.5, 0.5, 0.5, 0.5, 0.5, 0.5, 0.5, 0.5, 0.5, 0.5, 0.5, 0.5, 0.5, 0.5, 0.5, 0.5, 0.5, 0.5, 0.5, 0.5, 0.5, 0.5, 0.5, 0.5, 0.5, 0.5, 0.5, 0.5, 0.5, 0.5, 0.5, 0.5, 0.5, 0.5, 0.5, 0.5, 0.5, 0.5, 0.5, 0.5, 0.5, 0.5, 0.5, 0.5, 0.5, 0.5, 0.5, 0.5, 0.5, 0.5, 0.5, 0.5, 0.5, 0.5, 0.5, 0.5, 0.5, 0.5, 0.5, 0.5, 0.5, 0.5, 0.5, 0.5, 0.5, 0.5, 0.5, 0.5, 0.5, 0.5, 0.5, 0.5, 0.5, 0.5, 0.5, 0.5, 0.5, 0.5, 0.5, 0.5, 0.5, 0.5, 0.5, 0.5, 0.5, 0.5, 0.5, 0.5, 0.5, 0.5, 0.5, 0.5, 0.5, 0.5, 0.5, 0.5, 0.5, 0.5, 0.5, 0.5, 0.5, 0.5, 0.5, 0.5, 0.5, 0.5, 0.5, 0.5, 0.5, 0.5, 0.5, 0.5, 0.5, 0.5, 0.5, 0.5, 0.5, 0.5, 0.5, 0.5, 0.5, 0.5, 0.5, 0.5, 0.5, 0.5, 0.5, 0.5, 0.5, 0.5, 0.5, 0.5, 0.5, 0.5, 0.5, 0.5, 0.5, 0.5, 0.5, 0.5, 0.5, 0.5, 0.5, 0.5, 0.5, 0.5, 0.5, 0.5, 0.5, 0.5, 0.5, 0.5, 0.5, 0.5, 0.5, 0.5, 0.5, 0.5, 0.5, 0.5, 0.5, 0.5, 0.5, 0.5, 0.5, 0.5, 0.5, 0.5, 0.5, 0.5, 0.5, 0.5, 0.5, 0.5, 0.5, 0.5, 0.5, 0.5, 0.5, 0.5, 0.5, 0.5, 0.5, 0.5, 0.5, 0.5, 0.5, 0.5, 0.5, 0.5, 0.5, 0.5, 0.5, 0.5, 0.5, 0.5, 0.5, 0.5, 0.5, 0.5, 0.5, 0.5, 0.5, 0.5, 0.5, 0.5, 0.5, 0.5, 0.5, 0.5, 0.5, 0.5, 0.5, 0.5, 0.5, 0.5, 0.5, 0.5, 0.5, 0.5, 0.5, 0.5, 0.5, 0.5, 0.5, 0.5, 0.5, 0.5, 0.5, 0.5, 0.5, 0.5, 0.5, 0.5, 0.5, 0.5, 0.5, 0.5, 0.5, 0.5, 0.5, 0.5, 0.5, 0.5, 0.5, 0.5, 0.5, 0.5, 0.5, 0.5, 0.5, 0.5, 0.5, 0.5, 0.5, 0.5, 0.5, 0.5, 0.5, 0.5, 0.5, 0.5, 0.5, 0.5, 0.5, 0.5, 0.5, 0.5, 0.5, 0.5, 0.5, 0.5, 0.5, 0.5, 0.5, 0.5, 0.5, 0.5, 0.5, 0.5, 0.5, 0.5, 0.5, 0.5, 0.5, 0.5, 0.5, 0.5, 0.5, 0.5, 0.5, 0.5, 0.5, 0.5, 0.5, 0.5, 0.5, 0.5, 0.5, 0.5, 0.5, 0.5, 0.5, 0.5, 0.5, 0.5, 0.5, 0.5, 0.5, 0.5, 0.5, 0.5, 0.5, 0.5, 0.5, 0.5, 0.5, 0.5, 0.5, 0.5, 0.5, 0.5, 0.5, 0.5, 0.5, 0.5, 0.5, 0.5, 0.5, 0.5, 0.5, 0.5, 0.5, 0.5, 0.5, 0.5, 0.5, 0.5, 0.5, 0.5, 0.5, 0.5, 0.5, 0.5, 0.5, 0.5, 0.5, 0.5, 0.5, 0.5, 0.5, 0.5, 0.5, 0.5, 0.5, 0.5, 0.5, 0.5, 0.5, 0.5, 0.5, 0.5, 0.5, 0.5, 0.5, 0.5, 0.5, 0.5, 0.5, 0.5, 0.5, 0.5, 0.5, 0.5, 0.5, 0.5, 0.5, 0.5, 0.5, 0.5, 0.5, 0.5, 0.5, 0.5, 0.5, 0.5, 0.5, 0.5, 0.5, 0.5, 0.5, 0.5, 0.5, 0.5, 0.5, 0.5, 0.5, 0.5, 0.5, 0.5, 0.5, 0.5, 0.5, 0.5, 0.5, 0.5, 0.5, 0.5, 0.5, 0.5, 0.5, 0.5, 0.5, 0.5, 0.5, 0.5, 0.5, 0.5, 0.5, 0.5, 0.5, 0.5, 0.5, 0.5, 0.5, 0.5, 0.5, 0.5, 0.5, 0.5, 0.5, 0.5, 0.5, 0.5, 0.5, 0.5, 0.5, 0.5, 0.5, 0.5, 0.5, 0.5, 0.5, 0.5, 0.5, 0.5, 0.5, 0.5, 0.5, 0.5, 0.5, 0.5, 0.5, 0.5, 0.5, 0.5, 0.5, 0.5, 0.5, 0.5, 0.5, 0.5, 0.5, 0.5, 0.5, 0.5, 0.5, 0.5, 0.5, 0.5, 0.5, 0.5, 0.5, 0.5, 0.5, 0.5, 0.5, 0.5, 0.5, 0.5, 0.5, 0.5, 0.5, 0.5, 0.5, 0.5, 0.5, 0.5, 0.5, 0.5, 0.5, 0.5, 0.5, 0.5, 0.5, 0.5, 0.5, 0.5, 0.5, 0.5, 0.5, 0.5, 0.5, 0.5, 0.5, 0.5, 0.5, 0.5, 0.5, 0.5, 0.5, 0.5, 0.5, 0.5, 0.5, 0.5, 0.5, 0.5, 0.5, 0.5, 0.5, 0.5, 0.5, 0.5, 0.5, 0.5, 0.5, 0.5, 0.5, 0.5, 0.5, 0.5, 0.5, 0.5, 0.5, 0.5, 0.5, 0.5, 0.5, 0.5, 0.5, 0.5, 0.5, 0.5, 0.5, 0.5, 0.5, 0.5, 0.5, 0.5, 0.5, 0.5, 0.5, 0.5, 0.5, 0.5, 0.5, 0.5, 0.5, 0.5, 0.5, 0.5, 0.5, 0.5, 0.5, 0.5, 0.5, 0.5, 0.5, 0.5, 0.5, 0.5, 0.5, 0.5, 0.5, 0.5, 0.5, 0.5, 0.5, 0.5, 0.5, 0.5, 0.5, 0.5, 0.5, 0.5, 0.5, 0.5, 0.5, 0.5, 0.5, 0.5, 0.5, 0.5, 0.5, 0.5, 0.5, 0.5, 0.5, 0.5, 0.5, 0.5, 0.5, 0.5, 0.5, 0.5, 0.5, 0.5, 0.5, 0.5, 0.5, 0.5, 0.5, 0.5, 0.5, 0.5, 0.5, 0.5, 0.5, 0.5, 0.5, 0.5, 0.5, 0.5, 0.5, 0.5, 0.5, 0.5, 0.5, 0.5, 0.5, 0.5, 0.5, 0.5, 0.5, 0.5, 0.5, 0.5, 0.5, 0.5, 0.5, 0.5, 0.5, 0.5, 0.5, 0.5, 0.5, 0.5, 0.5, 0.5, 0.5, 0.5, 0.5, 0.5, 0.5, 0.5, 0.5, 0.5, 0.5, 0.5, 0.5, 0.5, 0.5, 0.5, 0.5, 0.5, 0.5, 0.5, 0.5, 0.5, 0.5, 0.5, 0.5, 0.5, 0.5, 0.5, 0.5, 0.5, 0.5, 0.5, 0.5, 0.5, 0.5, 0.5, 0.5, 0.5, 0.5, 0.5, 0.5, 0.5, 0.5, 0.5, 0.5, 0.5, 0.5, 0.5, 0.5, 0.5, 0.5, 0.5, 0.5, 0.5, 0.5, 0.5, 0.5, 0.5, 0.5, 0.5, 0.5, 0.5, 0.5, 0.5, 0.5, 0.5, 0.5, 0.5, 0.5, 0.5, 0.5, 0.5, 0.5, 0.5, 0.5, 0.5, 0.5, 0.5, 0.5, 0.5, 0.5, 0.5, 0.5, 0.5, 0.5, 0.5, 0.5, 0.5, 0.5, 0.5, 0.5, 0.5, 0.5, 0.5, 0.5, 0.5, 0.5, 0.5, 0.5, 0.5, 0.5, 0.5, 0.5, 0.5, 0.5, 0.5, 0.5, 0.5, 0.5, 0.5, 0.5, 0.5, 0.5, 0.5, 0.5, 0.5, 0.5, 0.5, 0.5, 0.5, 0.5, 0.5, 0.5, 0.5, 0.5, 0.5, 0.5, 0.5, 0.5, 0.5, 0.5, 0.5, 0.5, 0.5, 0.5, 0.5, 0.5, 0.5, 0.5, 0.5, 0.5, 0.5, 0.5, 0.5, 0.5, 0.5, 0.5, 0.5, 0.5, 0.5, 0.5, 0.5, 0.5, 0.5, 0.5, 0.5, 0.5, 0.5, 0.5, 0.5, 0.5, 0.5, 0.5, 0.5, 0.5, 0.5, 0.5, 0.5, 0.5, 0.5, 0.5, 0.5, 0.5, 0.5, 0.5, 0.5, 0.5, 0.5, 0.5, 0.5, 0.5, 0.5, 0.5, 0.5, 0.5, 0.5, 0.5, 0.5, 0.5, 0.5, 0.5, 0.5, 0.5, 0.5, 0.5, 0.5, 0.5, 0.5, 0.5, 0.5, 0.5, 0.5, 0.5, 0.5, 0.5, 0.5, 0.5, 0.5, 0.5, 0.5, 0.5, 0.5, 0.5, 0.5, 0.5, 0.5, 0.5, 0.5, 0.5, 0.5, 0.5, 0.5, 0.5]",2
2026_11_KICE_10-13_2,['1(3)'],"1번: 적절하다 + ""(다른 조건이 동일하다면, 두 물질의 선형 열팽창 계수 차이가 크거나 온도 변화가 클수록 띠가 더 휘어진다.)"" 
   + ""(띠가 외부에 가할 수 있는 힘이 소멸되는 시점은 최대 이동 거리에 도달했을 때이고, 이는 띠가 휘는 과정에서 최대의 곡률에 도달했을 때와 같다.)""

2번: 적절하지 않다 + ""(다른 조건이 동일하다면, 두 물질의 선형 열팽창 계수 차이가 크거나 온도 변화가 클수록 띠가 더 휘어진다.)"" 
   + ""(휨 민감도가 더 크다는 것은 같은 온도 변화량에서 띠가 더 심하게 휨을 의미한다.)""

3번: 적절하지 않다 + ""(반응 완료 시간은 온도를 올리기 시작한 시점부터 띠의 끝이 최대 이동 거리에 도달하기까지의 시간이고, 띠의 두께가 얇을수록 짧다.)""

4번: 적절하지 않다 + ""(다른 조건이 동일하다면, 두 물질의 선형 열팽창 계수 차이가 크거나 온도 변화가 클수록 띠가 더 휘어진다.)"" 
   + ""(휨 민감도가 더 크다는 것은 같은 온도 변화량에서 띠가 더 심하게 휨을 의미한다.)""

5번: 적절하지 않다 + ""(다른 조건이 동일하다면, 두 물질의 선형 열팽창 계수 차이가 크거나 온도 변화가 클수록 띠가 더 휘어진다.)"" 
   + ""(휨 민감도가 더 크다는 것은 같은 온도 변화량에서 띠가 더 심하게 휨을 의미한다.)""

최종 정답: 1","[16, 167, 110, 230, 25, 23821, 254, 223, 168, 254, 230, 47991, 246, 46695, 97, 1343, 30629, 46695, 97, 167, 98, 116, 23821, 94, 108, 166, 109, 112, 35975, 112, 31619, 237, 247, 35975, 120, 47991, 246, 46695, 97, 167, 102, 112, 11, 31619, 239, 238, 31619, 45539, 168, 100, 230, 35975, 246, 23821, 226, 254, 169, 246, 243, 23821, 245, 112, 169, 234, 121, 168, 108, 121, 220, 166, 111, 226, 168, 230, 246, 23821, 108, 101, 35975, 112, 166, 108, 222, 220, 169, 223, 105, 166, 109, 108, 167, 224, 246, 23821, 246, 101, 167, 237, 226, 31619, 111, 222, 169, 247, 242, 166, 108, 222, 220, 169, 223, 112, 168, 230, 246, 167, 94, 251, 31619, 251, 254, 166, 108, 222, 31619, 235, 242, 220, 169, 250, 246, 168, 244, 112, 168, 100, 226, 46695, 97, 2014, 1, 220, 198, 220, 220, 1343, 30629, 167, 251, 254, 166, 108, 222, 23821, 247, 116, 167, 114, 222, 168, 245, 238, 220, 166, 108, 222, 47991, 254, 23821, 230, 246, 23821, 252, 230, 167, 232, 242, 220, 169, 252, 246, 35975, 112, 23821, 228, 234, 167, 102, 116, 167, 238, 246, 167, 232, 242, 23821, 233, 250, 168, 254, 238, 35975, 222, 23821, 113, 250, 167, 234, 222, 23821, 251, 112, 167, 237, 247, 220, 166, 109, 108, 167, 99, 105, 168, 245, 238, 31619, 237, 226, 46695, 105, 169, 244, 230, 35975, 226, 31619, 243, 234, 35975, 112, 166, 111, 254, 11, 23821, 251, 112, 167, 232, 242, 31619, 251, 254, 166, 108, 222, 220, 169, 250, 246, 167, 232, 242, 220, 166, 111, 120, 168, 254, 243, 168, 245, 238, 168, 226, 250, 23821, 113, 250, 167, 234, 222, 35975, 246, 220, 166, 111, 94, 167, 98, 254, 168, 245, 238, 31619, 237, 226, 46695, 105, 169, 244, 230, 35975, 226, 31619, 243, 234, 168, 247, 222, 220, 166, 108, 247, 46695, 97, 2014, 1, 198, 198, 17, 167, 110, 230, 25, 23821, 254, 223, 168, 254, 230, 47991, 246, 168, 100, 222, 23821, 243, 232, 46695, 97, 1343, 30629, 46695, 97, 167, 98, 116, 23821, 94, 108, 166, 109, 112, 35975, 112, 31619, 237, 247, 35975, 120, 47991, 246, 46695, 97, 167, 102, 112, 11, 31619, 239, 238, 31619, 45539, 168, 100, 230, 35975, 246, 23821, 226, 254, 169, 246, 243, 23821, 245, 112, 169, 234, 121, 168, 108, 121, 220, 166, 111, 226, 168, 230, 246, 23821, 108, 101, 35975, 112, 166, 108, 222, 220, 169, 223, 105, 166, 109, 108, 167, 224, 246, 23821, 246, 101, 167, 237, 226, 31619, 111, 222, 169, 247, 242, 166, 108, 222, 220, 169, 223, 112, 168, 230, 246, 167, 94, 251, 31619, 251, 254, 166, 108, 222, 31619, 235, 242, 220, 169, 250, 246, 168, 244, 112, 168, 100, 226, 46695, 97, 2014, 1, 220, 198, 220, 220, 1343, 30629, 169, 250, 101, 31619, 107, 120, 166, 108, 238, 167, 237, 226, 166, 108, 222, 31619, 235, 242, 220, 169, 223, 105, 46695, 97, 167, 232, 242, 220, 166, 110, 225, 35975, 222, 220, 166, 108, 247, 35975, 222, 23821, 246, 101, 167, 237, 226, 31619, 111, 222, 169, 247, 242, 167, 253, 231, 168, 245, 238, 168, 226, 250, 31619, 251, 254, 166, 108, 222, 31619, 235, 242, 23821, 233, 105, 47991, 246, 166, 110, 234, 220, 169, 250, 101, 35975, 226, 23821, 251, 246, 167, 107, 116, 47991, 250, 46695, 97, 2014, 1, 198, 198, 18, 167, 110, 230, 25, 23821, 254, 223, 168, 254, 230, 47991, 246, 168, 100, 222, 23821, 243, 232, 46695, 97, 1343, 30629, 167, 108, 246, 35975, 239, 23821, 247, 226, 167, 96, 234, 23821, 233, 250, 166, 108, 226, 35975, 222, 23821, 246, 101, 167, 237, 226, 167, 98, 120, 23821, 246, 105, 167, 99, 105, 166, 116, 108, 23821, 233, 250, 168, 252, 239, 47991, 250, 23821, 233, 250, 168, 254, 238, 167, 114, 222, 169, 226, 108, 31619, 251, 254, 35975, 246, 31619, 223, 251, 35975, 112, 23821, 113, 250, 167, 234, 222, 23821, 251, 112, 167, 237, 247, 220, 166, 109, 108, 167, 99, 105, 168, 245, 238, 31619, 237, 226, 46695, 105, 47991, 246, 166, 116, 108, 166, 117, 234, 168, 100, 222, 35975, 246, 23821, 233, 250, 166, 108, 226, 35975, 112, 166, 111, 254, 11, 31619, 251, 254, 35975, 246, 31619, 239, 238, 166, 119, 246, 166, 108, 222, 23821, 244, 229, 35975, 226, 168, 230, 246, 167, 94, 251, 23821, 100, 100, 46695, 97, 2014, 1, 198, 198, 19, 167, 110, 230, 25, 23821, 254, 223, 168, 254, 230, 47991, 246, 168, 100, 222, 23821, 243, 232, 46695, 97, 1343, 30629, 46695, 97, 167, 98, 116, 23821, 94, 108, 166, 109, 112, 35975, 112, 31619, 237, 247, 35975, 120, 47991, 246, 46695, 97, 167, 102, 112, 11, 31619, 239, 238, 31619, 45539, 168, 100, 230, 35975, 246, 23821, 226, 254, 169, 246, 243, 23821, 245, 112, 169, 234, 121, 168, 108, 121, 220, 166, 111, 226, 168, 230, 246, 23821, 108, 101, 35975, 112, 166, 108, 222, 220, 169, 223, 105, 166, 109, 108, 167, 224, 246, 23821, 246, 101, 167, 237, 226, 31619, 111, 222, 169, 247, 242, 166, 108, 222, 220, 169, 223, 112, 168, 230, 246, 167, 94, 251, 31619, 251, 254, 166, 108, 222, 31619, 235, 242, 220, 169, 250, 246, 168, 244, 112, 168, 100, 226, 46695, 97, 2014, 1, 220, 198, 220, 220, 1343, 30629, 169, 250, 101, 31619, 107, 120, 166, 108, 238, 167, 237, 226, 166, 108, 222, 31619, 235, 242, 220, 169, 223, 105, 46695, 97, 167, 232, 242, 220, 166, 110, 225, 35975, 222, 220, 166, 108, 247, 35975, 222, 23821, 246, 101, 167, 237, 226, 31619, 111, 222, 169, 247, 242, 167, 253, 231, 168, 245, 238, 168, 226, 250, 31619, 251, 254, 166, 108, 222, 31619, 235, 242, 23821, 233, 105, 47991, 246, 166, 110, 234, 220, 169, 250, 101, 35975, 226, 23821, 251, 246, 167, 107, 116, 47991, 250, 46695, 97, 2014, 1, 198, 198, 20, 167, 110, 230, 25, 23821, 254, 223, 168, 254, 230, 47991, 246, 168, 100, 222, 23821, 243, 232, 46695, 97, 1343, 30629, 46695, 97, 167, 98, 116, 23821, 94, 108, 166, 109, 112, 35975, 112, 31619, 237, 247, 35975, 120, 47991, 246, 46695, 97, 167, 102, 112, 11, 31619, 239, 238, 31619, 45539, 168, 100, 230, 35975, 246, 23821, 226, 254, 169, 246, 243, 23821, 245, 112, 169, 234, 121, 168, 108, 121, 220, 166, 111, 226, 168, 230, 246, 23821, 108, 101, 35975, 112, 166, 108, 222, 220, 169, 223, 105, 166, 109, 108, 167, 224, 246, 23821, 246, 101, 167, 237, 226, 31619, 111, 222, 169, 247, 242, 166, 108, 222, 220, 169, 223, 112, 168, 230, 246, 167, 94, 251, 31619, 251, 254, 166, 108, 222, 31619, 235, 242, 220, 169, 250, 246, 168, 244, 112, 168, 100, 226, 46695, 97, 2014, 1, 220, 198, 220, 220, 1343, 30629, 169, 250, 101, 31619, 107, 120, 166, 108, 238, 167, 237, 226, 166, 108, 222, 31619, 235, 242, 220, 169, 223, 105, 46695, 97, 167, 232, 242, 220, 166, 110, 225, 35975, 222, 220, 166, 108, 247, 35975, 222, 23821, 246, 101, 167, 237, 226, 31619, 111, 222, 169, 247, 242, 167, 253, 231, 168, 245, 238, 168, 226, 250, 31619, 251, 254, 166, 108, 222, 31619, 235, 242, 23821, 233, 105, 47991, 246, 166, 110, 234, 220, 169, 250, 101, 35975, 226, 23821, 251, 246, 167, 107, 116, 47991, 250, 46695, 97, 2014, 1, 198, 198, 168, 113, 250, 168, 95, 227, 23821, 254, 243, 46695, 113, 25, 352]","[0.5, 0.5, 0.5, 0.5, 0.5, 0.5, 0.5, 0.5, 0.5, 0.5, 0.5, 0.5, 0.5, 0.5, 0.5, 0.5, 0.5, 0.5, 0.5, 0.5, 0.5, 0.5, 0.5, 0.5, 0.5, 0.5, 0.5, 0.5, 0.5, 0.5, 0.5, 0.5, 0.5, 0.5, 0.5, 0.5, 0.5, 0.5, 0.5, 0.5, 0.5, 0.5, 0.5, 0.5, 0.5, 0.5, 0.5, 0.5, 0.5, 0.5, 0.5, 0.5, 0.5, 0.5, 0.5, 0.5, 0.5, 0.5, 0.5, 0.5, 0.5, 0.5, 0.5, 0.5, 0.5, 0.5, 0.5, 0.5, 0.5, 0.5, 0.5, 0.5, 0.5, 0.5, 0.5, 0.5, 0.5, 0.5, 0.5, 0.5, 0.5, 0.5, 0.5, 0.5, 0.5, 0.5, 0.5, 0.5, 0.5, 0.5, 0.5, 0.5, 0.5, 0.5, 0.5, 0.5, 0.5, 0.5, 0.5, 0.5, 0.5, 0.5, 0.5, 0.5, 0.5, 0.5, 0.5, 0.5, 0.5, 0.5, 0.5, 0.5, 0.5, 0.5, 0.5, 0.5, 0.5, 0.5, 0.5, 0.5, 0.5, 0.5, 0.5, 0.5, 0.5, 0.5, 0.5, 0.5, 0.5, 0.5, 0.5, 0.5, 0.5, 0.5, 0.5, 0.5, 0.5, 0.5, 0.5, 0.5, 0.5, 0.5, 0.5, 0.5, 0.5, 0.5, 0.5, 0.5, 0.5, 0.5, 0.5, 0.5, 0.5, 0.5, 0.5, 0.5, 0.5, 0.5, 0.5, 0.5, 0.5, 0.5, 0.5, 0.5, 0.5, 0.5, 0.5, 0.5, 0.5, 0.5, 0.5, 0.5, 0.5, 0.5, 0.5, 0.5, 0.5, 0.5, 0.5, 0.5, 0.5, 0.5, 0.5, 0.5, 0.5, 0.5, 0.5, 0.5, 0.5, 0.5, 0.5, 0.5, 0.5, 0.5, 0.5, 0.5, 0.5, 0.5, 0.5, 0.5, 0.5, 0.5, 0.5, 0.5, 0.5, 0.5, 0.5, 0.5, 0.5, 0.5, 0.5, 0.5, 0.5, 0.5, 0.5, 0.5, 0.5, 0.5, 0.5, 0.5, 0.5, 0.5, 0.5, 0.5, 0.5, 0.5, 0.5, 0.5, 0.5, 0.5, 0.5, 0.5, 0.5, 0.5, 0.5, 0.5, 0.5, 0.5, 0.5, 0.5, 0.5, 0.5, 0.5, 0.5, 0.5, 0.5, 0.5, 0.5, 0.5, 0.5, 0.5, 0.5, 0.5, 0.5, 0.5, 0.5, 0.5, 0.5, 0.5, 0.5, 0.5, 0.5, 0.5, 0.5, 0.5, 0.5, 0.5, 0.5, 0.5, 0.5, 0.5, 0.5, 0.5, 0.5, 0.5, 0.5, 0.5, 0.5, 0.5, 0.5, 0.5, 0.5, 0.5, 0.5, 0.5, 0.5, 0.5, 0.5, 0.5, 0.5, 0.5, 0.5, 0.5, 0.5, 0.5, 0.5, 0.5, 0.5, 0.5, 0.5, 0.5, 0.5, 0.5, 0.5, 0.5, 0.5, 0.5, 0.5, 0.5, 0.5, 0.5, 0.5, 0.5, 0.5, 0.5, 0.5, 0.5, 0.5, 0.5, 0.5, 0.5, 0.5, 0.5, 0.5, 0.5, 0.5, 0.5, 0.5, 0.5, 0.5, 0.5, 0.5, 0.5, 0.5, 0.5, 0.5, 0.5, 0.5, 0.5, 0.5, 0.5, 0.5, 0.5, 0.5, 0.5, 0.5, 0.5, 0.5, 0.5, 0.5, 0.5, 0.5, 0.5, 0.5, 0.5, 0.5, 0.5, 0.5, 0.5, 0.5, 0.5, 0.5, 0.5, 0.5, 0.5, 0.5, 0.5, 0.5, 0.5, 0.5, 0.5, 0.5, 0.5, 0.5, 0.5, 0.5, 0.5, 0.5, 0.5, 0.5, 0.5, 0.5, 0.5, 0.5, 0.5, 0.5, 0.5, 0.5, 0.5, 0.5, 0.5, 0.5, 0.5, 0.5, 0.5, 0.5, 0.5, 0.5, 0.5, 0.5, 0.5, 0.5, 0.5, 0.5, 0.5, 0.5, 0.5, 0.5, 0.5, 0.5, 0.5, 0.5, 0.5, 0.5, 0.5, 0.5, 0.5, 0.5, 0.5, 0.5, 0.5, 0.5, 0.5, 0.5, 0.5, 0.5, 0.5, 0.5, 0.5, 0.5, 0.5, 0.5, 0.5, 0.5, 0.5, 0.5, 0.5, 0.5, 0.5, 0.5, 0.5, 0.5, 0.5, 0.5, 0.5, 0.5, 0.5, 0.5, 0.5, 0.5, 0.5, 0.5, 0.5, 0.5, 0.5, 0.5, 0.5, 0.5, 0.5, 0.5, 0.5, 0.5, 0.5, 0.5, 0.5, 0.5, 0.5, 0.5, 0.5, 0.5, 0.5, 0.5, 0.5, 0.5, 0.5, 0.5, 0.5, 0.5, 0.5, 0.5, 0.5, 0.5, 0.5, 0.5, 0.5, 0.5, 0.5, 0.5, 0.5, 0.5, 0.5, 0.5, 0.5, 0.5, 0.5, 0.5, 0.5, 0.5, 0.5, 0.5, 0.5, 0.5, 0.5, 0.5, 0.5, 0.5, 0.5, 0.5, 0.5, 0.5, 0.5, 0.5, 0.5, 0.5, 0.5, 0.5, 0.5, 0.5, 0.5, 0.5, 0.5, 0.5, 0.5, 0.5, 0.5, 0.5, 0.5, 0.5, 0.5, 0.5, 0.5, 0.5, 0.5, 0.5, 0.5, 0.5, 0.5, 0.5, 0.5, 0.5, 0.5, 0.5, 0.5, 0.5, 0.5, 0.5, 0.5, 0.5, 0.5, 0.5, 0.5, 0.5, 0.5, 0.5, 0.5, 0.5, 0.5, 0.5, 0.5, 0.5, 0.5, 0.5, 0.5, 0.5, 0.5, 0.5, 0.5, 0.5, 0.5, 0.5, 0.5, 0.5, 0.5, 0.5, 0.5, 0.5, 0.5, 0.5, 0.5, 0.5, 0.5, 0.5, 0.5, 0.5, 0.5, 0.5, 0.5, 0.5, 0.5, 0.5, 0.5, 0.5, 0.5, 0.5, 0.5, 0.5, 0.5, 0.5, 0.5, 0.5, 0.5, 0.5, 0.5, 0.5, 0.5, 0.5, 0.5, 0.5, 0.5, 0.5, 0.5, 0.5, 0.5, 0.5, 0.5, 0.5, 0.5, 0.5, 0.5, 0.5, 0.5, 0.5, 0.5, 0.5, 0.5, 0.5, 0.5, 0.5, 0.5, 0.5, 0.5, 0.5, 0.5, 0.5, 0.5, 0.5, 0.5, 0.5, 0.5, 0.5, 0.5, 0.5, 0.5, 0.5, 0.5, 0.5, 0.5, 0.5, 0.5, 0.5, 0.5, 0.5, 0.5, 0.5, 0.5, 0.5, 0.5, 0.5, 0.5, 0.5, 0.5, 0.5, 0.5, 0.5, 0.5, 0.5, 0.5, 0.5, 0.5, 0.5, 0.5, 0.5, 0.5, 0.5, 0.5, 0.5, 0.5, 0.5, 0.5, 0.5, 0.5, 0.5, 0.5, 0.5, 0.5, 0.5, 0.5, 0.5, 0.5, 0.5, 0.5, 0.5, 0.5, 0.5, 0.5, 0.5, 0.5, 0.5, 0.5, 0.5, 0.5, 0.5, 0.5, 0.5, 0.5, 0.5, 0.5, 0.5, 0.5, 0.5, 0.5, 0.5, 0.5, 0.5, 0.5, 0.5, 0.5, 0.5, 0.5, 0.5, 0.5, 0.5, 0.5, 0.5, 0.5, 0.5, 0.5, 0.5, 0.5, 0.5, 0.5, 0.5, 0.5, 0.5, 0.5, 0.5, 0.5, 0.5, 0.5, 0.5, 0.5, 0.5, 0.5, 0.5, 0.5, 0.5, 0.5, 0.5, 0.5, 0.5, 0.5, 0.5, 0.5, 0.5, 0.5, 0.5, 0.5, 0.5, 0.5, 0.5, 0.5, 0.5, 0.5, 0.5, 0.5, 0.5, 0.5, 0.5, 0.5, 0.5, 0.5, 0.5, 0.5, 0.5, 0.5, 0.5, 0.5, 0.5, 0.5, 0.5, 0.5, 0.5, 0.5, 0.5, 0.5, 0.5, 0.5, 0.5, 0.5, 0.5, 0.5, 0.5, 0.5, 0.5, 0.5, 0.5, 0.5, 0.5, 0.5, 0.5, 0.5, 0.5, 0.5, 0.5, 0.5, 0.5, 0.5, 0.5, 0.5, 0.5, 0.5, 0.5, 0.5, 0.5, 0.5, 0.5, 0.5, 0.5, 0.5, 0.5, 0.5, 0.5, 0.5, 0.5, 0.5, 0.5, 0.5, 0.5, 0.5, 0.5, 0.5, 0.5, 0.5, 0.5, 0.5, 0.5, 0.5, 0.5, 0.5, 0.5, 0.5, 0.5, 0.5, 0.5, 0.5, 0.5, 0.5, 0.5, 0.5, 0.5, 0.5, 0.5, 0.5, 0.5, 0.5, 0.5, 0.5, 0.5, 0.5, 0.5, 0.5, 0.5, 0.5, 0.5, 0.5, 0.5, 0.5, 0.5, 0.5, 0.5, 0.5, 0.5, 0.5, 0.5, 0.5, 0.5, 0.5, 0.5, 0.5, 0.5, 0.5, 0.5, 0.5, 0.5, 0.5, 0.5, 0.5, 0.5, 0.5, 0.5, 0.5, 0.5, 0.5, 0.5, 0.5, 0.5, 0.5, 0.5, 0.5, 0.5, 0.5, 0.5, 0.5, 0.5, 0.5, 0.5, 0.5, 0.5, 0.5, 0.5, 0.5, 0.5, 0.5, 0.5, 0.5, 0.5, 0.5, 0.5, 0.5, 0.5, 0.5, 0.5, 0.5, 0.5, 0.5, 0.5, 0.5, 0.5, 0.5, 0.5, 0.5, 0.5, 0.5, 0.5, 0.5, 0.5, 0.5, 0.5, 0.5, 0.5, 0.5, 0.5, 0.5, 0.5, 0.5, 0.5, 0.5, 0.5, 0.5, 0.5, 0.5, 0.5, 0.5, 0.5, 0.5, 0.5, 0.5, 0.5, 0.5, 0.5, 0.5, 0.5, 0.5, 0.5, 0.5, 0.5, 0.5, 0.5, 0.5, 0.5, 0.5, 0.5, 0.5, 0.5, 0.5, 0.5, 0.5, 0.5, 0.5, 0.5, 0.5, 0.5, 0.5, 0.5, 0.5, 0.5, 0.5, 0.5, 0.5, 0.5, 0.5, 0.5, 0.5, 0.5, 0.5, 0.5, 0.5, 0.5, 0.5, 0.5, 0.5, 0.5, 0.5, 0.5, 0.5, 0.5, 0.5, 0.5, 0.5, 0.5, 0.5, 0.5, 0.5, 0.5, 0.5, 0.5, 0.5, 0.5, 0.5, 0.5, 0.5, 0.5, 0.5, 0.5, 0.5, 0.5, 0.5, 0.5, 0.5, 0.5, 0.5, 0.5, 0.5, 0.5, 0.5, 0.5, 0.5, 0.5, 0.5, 0.5, 0.5, 0.5, 0.5, 0.5, 0.5, 0.5, 0.5, 0.5, 0.5, 0.5, 0.5, 0.5, 0.5, 0.5, 0.5, 0.5, 0.5, 0.5, 0.5, 0.5, 0.5, 0.5, 0.5, 0.5, 0.5, 0.5, 0.5, 0.5, 0.5, 0.5, 0.5, 0.5, 0.5, 0.5, 0.5, 0.5, 0.5, 0.5, 0.5, 0.5, 0.5, 0.5, 0.5, 0.5, 0.5, 0.5, 0.5, 0.5, 0.5, 0.5, 0.5, 0.5, 0.5, 0.5, 0.5, 0.5, 0.5, 0.5, 0.5, 0.5, 0.5, 0.5, 0.5, 0.5, 0.5, 0.5, 0.5, 0.5, 0.5, 0.5, 0.5, 0.5, 0.5, 0.5, 0.5, 0.5, 0.5, 0.5, 0.5, 0.5, 0.5, 0.5, 0.5, 0.5, 0.5, 0.5, 0.5, 0.5, 0.5, 0.5, 0.5, 0.5, 0.5, 0.5, 0.5, 0.5, 0.5, 0.5, 0.5, 0.5, 0.5, 0.5, 0.5, 0.5, 0.5, 0.5, 0.5, 0.5, 0.5, 0.5, 0.5, 0.5, 0.5, 0.5, 0.5, 0.5, 0.5, 0.5, 0.5, 0.5, 0.5, 0.5, 0.5, 0.5, 0.5, 0.5, 0.5, 0.5, 0.5, 0.5, 0.5, 0.5, 0.5, 0.5, 0.5, 0.5, 0.5, 0.5, 0.5, 0.5, 0.5, 0.5, 0.5, 0.5, 0.5, 0.5, 0.5, 0.5, 0.5, 0.5, 0.5, 0.5, 0.5, 0.5, 0.5, 0.5, 0.5, 0.5, 0.5, 0.5, 0.5, 0.5, 0.5, 0.5, 0.5, 0.5, 0.5, 0.5, 0.5, 0.5, 0.5, 0.5, 0.5, 0.5, 0.5, 0.5, 0.5, 0.5, 0.5, 0.5, 0.5, 0.5, 0.5, 0.5, 0.5, 0.5, 0.5, 0.5, 0.5, 0.5, 0.5, 0.5, 0.5, 0.5, 0.5, 0.5, 0.5, 0.5, 0.5, 0.5, 0.5, 0.5, 0.5, 0.5, 0.5, 0.5, 0.5, 0.5, 0.5, 0.5, 0.5, 0.5, 0.5, 0.5, 0.5, 0.5, 0.5, 0.5, 0.5]",3
2026_11_KICE_10-13_3,['1(2)'],"해설 계획
- ⓐ는 “얻는 값”으로, 어떤 양을 나누어 얻어지는 값이라는 의미를 담고 있습니다.
- ⓑ는 “돌아온다”로, 원래의 상태로 되돌아오는 현상을 나타냅니다.
- 지문에서 ⓐ는 길이 변화율을 나타내는 값, ⓑ는 띠가 원래 모양으로 되돌아오는 것을 각각 표현합니다. 이 성격에 가장 부합하는 예를 찾습니다. 본 지문의 ⓑ는 “띠는 원래 모양으로 돌아온다”와 직결되므로, ⓑ의 예시로 돌아온다를 자연스럽게 쓰는 선택지를 찾습니다. 결과적으로 선택지 2번이 가장 근거에 부합하는 구성으로 보입니다.

1번: 2번 + ""(지문 속 근거가 된 문장) ⓑ: 다소간의 선택지들 중에서 '차례가 돌아온다'처럼 되돌아오는 의미를 나타내는 예가 등장하며, 지문에서는 '다시 처음의 온도로 내리면 띠는 원래 모양으로 돌아온다'라는 표현이 있다. 또한 ⓐ의 경우 '얻는 값'의 의미를 포함하는 문장이 필요합니다. 지문 속 근거: '여기에서 길이 변화율은 길이의 변화량을 처음 길이로 나누어 ⓐ[얻는](ⓐ의 밑줄) 값이며'""

2번: 2번 + ""(지문 속 근거가 된 문장) ⓑ: 다소 간에 반복되는 현상을 나타내는 '돌아온다'의 예로, 지문에 '다시 처음의 온도로 내리면 띠는 원래 모양으로 돌아온다'가 있다. 또한 ⓐ의 경우 '얻는 값'의 뜻으로 쓰인 문장을 확인할 수 있다. 지문 속 근거: '여기에서 길이 변화율은 길이의 변화량을 처음 길이로 나누어 ⓐ[얻는](ⓐ의 밑줄) 값이며'""

3번: 2번 + ""(지문 속 근거가 된 문장) ⓑ: '돌아온다'의 사용 예로, 원래 모양으로 돌아오는 현상을 가리키는 문장을 지문에서 찾을 수 있다. 지문 속 근거: '다시 처음의 온도로 내리면 띠는 원래 모양으로 돌아온다'""

4번: 2번 + ""(지문 속 근거가 된 문장) ⓑ: 반복적 회귀를 나타내는 '돌아온다'의 예시를 제시하며, 지문에서도 이를 표현한 문장이 있다. 지문 속 근거: '여기에서 길이 변화율은 길이의 변화량을 처음 길이로 나누어 ⓐ[얻는](ⓐ의 밑줄) 값이며'""

5번: 2번 + ""(지문 속 근거가 된 문장) ⓑ: '돌아온다'의 형태로 원상복구를 나타내는 예시가 지문에 등장한다. 지문 속 근거: '다시 처음의 온도로 내리면 띠는 원래 모양으로 돌아온다'""

최종 정답: 2","[47991, 112, 168, 226, 97, 220, 166, 111, 226, 169, 248, 235, 198, 12, 2343, 241, 238, 167, 232, 242, 564, 250, 168, 244, 119, 167, 232, 242, 220, 166, 108, 240, 447, 251, 168, 250, 120, 167, 94, 250, 11, 23821, 244, 112, 167, 244, 97, 23821, 244, 239, 35975, 226, 31619, 224, 246, 167, 230, 226, 168, 244, 112, 23821, 244, 119, 168, 244, 112, 168, 100, 222, 167, 232, 242, 220, 166, 108, 240, 35975, 112, 167, 251, 120, 167, 232, 242, 23821, 251, 246, 167, 107, 116, 167, 98, 120, 31619, 233, 112, 166, 111, 254, 23821, 252, 230, 168, 232, 113, 46695, 230, 46695, 97, 13, 198, 12, 2343, 241, 239, 167, 232, 242, 564, 250, 167, 237, 234, 168, 243, 226, 168, 246, 101, 46695, 97, 447, 251, 167, 94, 250, 11, 23821, 249, 238, 167, 252, 246, 35975, 246, 23821, 225, 223, 169, 225, 250, 167, 94, 250, 31619, 238, 246, 167, 237, 234, 168, 243, 226, 168, 246, 97, 167, 232, 242, 220, 169, 246, 226, 168, 225, 223, 35975, 226, 31619, 224, 246, 169, 225, 222, 167, 225, 227, 46695, 230, 46695, 97, 13, 198, 12, 23821, 100, 222, 167, 105, 116, 168, 245, 238, 168, 226, 250, 2343, 241, 238, 167, 232, 242, 220, 166, 116, 116, 35975, 112, 31619, 111, 222, 169, 247, 242, 168, 250, 101, 35975, 226, 31619, 224, 246, 169, 225, 222, 167, 224, 112, 167, 232, 242, 220, 166, 108, 240, 11, 2343, 241, 239, 167, 232, 242, 31619, 251, 254, 166, 108, 222, 23821, 249, 238, 167, 252, 246, 31619, 103, 101, 168, 244, 239, 168, 250, 120, 167, 94, 250, 31619, 238, 246, 167, 237, 234, 168, 243, 226, 168, 246, 97, 167, 232, 242, 220, 166, 110, 225, 35975, 226, 220, 166, 108, 223, 166, 108, 223, 220, 169, 239, 250, 169, 246, 226, 47991, 102, 46695, 230, 46695, 97, 13, 23821, 251, 112, 23821, 226, 109, 166, 110, 102, 168, 245, 238, 220, 166, 108, 222, 168, 252, 98, 31619, 114, 222, 47991, 102, 47991, 246, 167, 232, 242, 23821, 246, 230, 167, 98, 120, 23821, 108, 122, 168, 232, 113, 46695, 230, 46695, 97, 13, 31619, 111, 116, 23821, 100, 222, 167, 105, 116, 35975, 246, 2343, 241, 239, 167, 232, 242, 564, 250, 167, 251, 254, 167, 232, 242, 23821, 249, 238, 167, 252, 246, 31619, 103, 101, 168, 244, 239, 168, 250, 120, 167, 94, 250, 31619, 237, 234, 168, 243, 226, 168, 246, 101, 46695, 97, 447, 251, 168, 247, 222, 23821, 100, 223, 166, 110, 108, 167, 238, 246, 167, 107, 222, 167, 94, 250, 11, 2343, 241, 239, 35975, 246, 23821, 246, 230, 168, 233, 250, 167, 94, 250, 31619, 237, 234, 168, 243, 226, 168, 246, 101, 46695, 97, 167, 98, 120, 23821, 252, 238, 168, 245, 108, 168, 232, 97, 167, 253, 121, 166, 110, 234, 23821, 241, 108, 167, 232, 242, 23821, 226, 254, 169, 225, 251, 168, 100, 222, 167, 98, 120, 23821, 108, 122, 168, 232, 113, 46695, 230, 46695, 97, 13, 220, 166, 110, 108, 166, 111, 120, 168, 254, 223, 168, 250, 120, 167, 94, 250, 23821, 226, 254, 169, 225, 251, 168, 100, 222, 362, 167, 110, 230, 35975, 112, 220, 166, 108, 222, 168, 252, 98, 220, 166, 115, 120, 166, 109, 108, 168, 245, 238, 31619, 114, 222, 47991, 102, 47991, 246, 167, 232, 242, 220, 166, 113, 105, 168, 226, 109, 168, 250, 120, 167, 94, 250, 31619, 111, 112, 168, 252, 227, 46695, 230, 46695, 97, 13, 198, 198, 16, 167, 110, 230, 25, 362, 167, 110, 230, 1343, 30629, 168, 100, 222, 167, 105, 116, 23821, 228, 235, 220, 166, 115, 120, 166, 109, 108, 166, 108, 222, 31619, 238, 250, 31619, 105, 116, 168, 252, 98, 8, 2343, 241, 239, 25, 31619, 233, 97, 168, 228, 234, 166, 108, 226, 35975, 246, 23821, 226, 254, 169, 225, 251, 168, 100, 222, 167, 241, 97, 23821, 97, 239, 168, 245, 238, 168, 226, 250, 705, 168, 108, 101, 167, 94, 222, 166, 108, 222, 31619, 237, 234, 168, 243, 226, 168, 246, 101, 46695, 97, 6, 168, 110, 246, 167, 253, 120, 31619, 238, 246, 167, 237, 234, 168, 243, 226, 168, 246, 97, 167, 232, 242, 23821, 251, 246, 167, 107, 116, 167, 98, 120, 31619, 224, 246, 169, 225, 222, 167, 224, 112, 167, 232, 242, 23821, 246, 230, 166, 108, 222, 31619, 241, 109, 168, 252, 98, 47991, 246, 167, 102, 108, 11, 23821, 100, 222, 167, 105, 116, 168, 245, 238, 168, 226, 250, 167, 232, 242, 705, 46695, 97, 168, 233, 250, 23821, 110, 246, 35975, 234, 35975, 246, 23821, 246, 101, 167, 237, 226, 167, 94, 250, 31619, 224, 112, 167, 99, 105, 167, 102, 112, 31619, 251, 254, 167, 232, 242, 23821, 249, 238, 167, 252, 246, 31619, 103, 101, 168, 244, 239, 168, 250, 120, 167, 94, 250, 31619, 237, 234, 168, 243, 226, 168, 246, 101, 46695, 97, 6, 167, 251, 120, 167, 232, 242, 220, 169, 239, 250, 169, 246, 226, 35975, 112, 23821, 252, 230, 46695, 97, 13, 31619, 246, 238, 47991, 250, 2343, 241, 238, 35975, 246, 220, 166, 110, 121, 168, 248, 108, 705, 168, 244, 119, 167, 232, 242, 220, 166, 108, 240, 6, 35975, 246, 23821, 251, 246, 167, 107, 116, 167, 98, 120, 220, 169, 237, 105, 47991, 101, 47991, 246, 167, 232, 242, 31619, 105, 116, 168, 252, 98, 35975, 112, 220, 47991, 226, 168, 248, 242, 47991, 102, 46695, 230, 46695, 97, 13, 23821, 100, 222, 167, 105, 116, 23821, 228, 235, 220, 166, 115, 120, 166, 109, 108, 25, 705, 168, 245, 105, 166, 116, 108, 168, 245, 238, 168, 226, 250, 220, 166, 116, 116, 35975, 112, 31619, 111, 222, 169, 247, 242, 168, 250, 101, 35975, 222, 220, 166, 116, 116, 35975, 112, 35975, 246, 31619, 111, 222, 169, 247, 242, 167, 253, 231, 35975, 226, 23821, 110, 246, 35975, 234, 220, 166, 116, 116, 35975, 112, 167, 94, 250, 31619, 224, 246, 167, 230, 226, 168, 244, 112, 2343, 241, 238, 58, 168, 244, 119, 167, 232, 242, 16151, 158, 241, 238, 35975, 246, 31619, 108, 239, 168, 97, 226, 8, 220, 166, 108, 240, 35975, 112, 167, 102, 108, 29653, 198, 198, 17, 167, 110, 230, 25, 362, 167, 110, 230, 1343, 30629, 168, 100, 222, 167, 105, 116, 23821, 228, 235, 220, 166, 115, 120, 166, 109, 108, 166, 108, 222, 31619, 238, 250, 31619, 105, 116, 168, 252, 98, 8, 2343, 241, 239, 25, 31619, 233, 97, 168, 228, 234, 220, 166, 108, 226, 168, 245, 238, 31619, 108, 246, 167, 111, 113, 167, 238, 246, 167, 232, 242, 220, 169, 246, 226, 168, 225, 223, 35975, 226, 31619, 224, 246, 169, 225, 222, 167, 224, 112, 167, 232, 242, 705, 167, 237, 234, 168, 243, 226, 168, 246, 101, 46695, 97, 6, 35975, 246, 23821, 246, 230, 167, 94, 250, 11, 23821, 100, 222, 167, 105, 116, 168, 245, 238, 705, 46695, 97, 168, 233, 250, 23821, 110, 246, 35975, 234, 35975, 246, 23821, 246, 101, 167, 237, 226, 167, 94, 250, 31619, 224, 112, 167, 99, 105, 167, 102, 112, 31619, 251, 254, 167, 232, 242, 23821, 249, 238, 167, 252, 246, 31619, 103, 101, 168, 244, 239, 168, 250, 120, 167, 94, 250, 31619, 237, 234, 168, 243, 226, 168, 246, 101, 46695, 97, 6, 166, 108, 222, 23821, 252, 230, 46695, 97, 13, 31619, 246, 238, 47991, 250, 2343, 241, 238, 35975, 246, 220, 166, 110, 121, 168, 248, 108, 705, 168, 244, 119, 167, 232, 242, 220, 166, 108, 240, 6, 35975, 246, 31619, 250, 119, 168, 250, 120, 167, 94, 250, 23821, 241, 108, 35975, 116, 31619, 105, 116, 168, 252, 98, 35975, 226, 220, 169, 247, 243, 35975, 116, 47991, 254, 23821, 230, 246, 23821, 252, 230, 46695, 97, 13, 23821, 100, 222, 167, 105, 116, 23821, 228, 235, 220, 166, 115, 120, 166, 109, 108, 25, 705, 168, 245, 105, 166, 116, 108, 168, 245, 238, 168, 226, 250, 220, 166, 116, 116, 35975, 112, 31619, 111, 222, 169, 247, 242, 168, 250, 101, 35975, 222, 220, 166, 116, 116, 35975, 112, 35975, 246, 31619, 111, 222, 169, 247, 242, 167, 253, 231, 35975, 226, 23821, 110, 246, 35975, 234, 220, 166, 116, 116, 35975, 112, 167, 94, 250, 31619, 224, 246, 167, 230, 226, 168, 244, 112, 2343, 241, 238, 58, 168, 244, 119, 167, 232, 242, 16151, 158, 241, 238, 35975, 246, 31619, 108, 239, 168, 97, 226, 8, 220, 166, 108, 240, 35975, 112, 167, 102, 108, 29653, 198, 198, 18, 167, 110, 230, 25, 362, 167, 110, 230, 1343, 30629, 168, 100, 222, 167, 105, 116, 23821, 228, 235, 220, 166, 115, 120, 166, 109, 108, 166, 108, 222, 31619, 238, 250, 31619, 105, 116, 168, 252, 98, 8, 2343, 241, 239, 25, 705, 167, 237, 234, 168, 243, 226, 168, 246, 101, 46695, 97, 6, 35975, 246, 23821, 8955, 168, 248, 102, 23821, 246, 230, 167, 94, 250, 11, 23821, 249, 238, 167, 252, 246, 31619, 103, 101, 168, 244, 239, 168, 250, 120, 167, 94, 250, 31619, 237, 234, 168, 243, 226, 168, 246, 97, 167, 232, 242, 220, 169, 246, 226, 168, 225, 223, 35975, 226, 220, 166, 108, 222, 167, 99, 105, 169, 224, 97, 167, 232, 242, 31619, 105, 116, 168, 252, 98, 35975, 226, 23821, 100, 222, 167, 105, 116, 168, 245, 238, 168, 226, 250, 23821, 108, 122, 35975, 226, 23821, 230, 246, 23821, 252, 230, 46695, 97, 13, 23821, 100, 222, 167, 105, 116, 23821, 228, 235, 220, 166, 115, 120, 166, 109, 108, 25, 705, 46695, 97, 168, 233, 250, 23821, 110, 246, 35975, 234, 35975, 246, 23821, 246, 101, 167, 237, 226, 167, 94, 250, 31619, 224, 112, 167, 99, 105, 167, 102, 112, 31619, 251, 254, 167, 232, 242, 23821, 249, 238, 167, 252, 246, 31619, 103, 101, 168, 244, 239, 168, 250, 120, 167, 94, 250, 31619, 237, 234, 168, 243, 226, 168, 246, 101, 46695, 97, 29653, 198, 198, 19, 167, 110, 230, 25, 362, 167, 110, 230, 1343, 30629, 168, 100, 222, 167, 105, 116, 23821, 228, 235, 220, 166, 115, 120, 166, 109, 108, 166, 108, 222, 31619, 238, 250, 31619, 105, 116, 168, 252, 98, 8, 2343, 241, 239, 25, 31619, 108, 246, 167, 111, 113, 168, 254, 223, 220, 169, 248, 234, 166, 115, 222, 167, 98, 120, 31619, 224, 246, 169, 225, 222, 167, 224, 112, 167, 232, 242, 705, 167, 237, 234, 168, 243, 226, 168, 246, 101, 46695, 97, 6, 35975, 246, 23821, 246, 230, 168, 233, 250, 167, 98, 120, 23821, 254, 250, 168, 233, 250, 47991, 246, 167, 102, 108, 11, 23821, 100, 222, 167, 105, 116, 168, 245, 238, 168, 226, 250, 167, 237, 226, 23821, 251, 112, 167, 98, 120, 220, 169, 239, 250, 169, 246, 226, 47991, 250, 31619, 105, 116, 168, 252, 98, 35975, 112, 23821, 252, 230, 46695, 97, 13, 23821, 100, 222, 167, 105, 116, 23821, 228, 235, 220, 166, 115, 120, 166, 109, 108, 25, 705, 168, 245, 105, 166, 116, 108, 168, 245, 238, 168, 226, 250, 220, 166, 116, 116, 35975, 112, 31619, 111, 222, 169, 247, 242, 168, 250, 101, 35975, 222, 220, 166, 116, 116, 35975, 112, 35975, 246, 31619, 111, 222, 169, 247, 242, 167, 253, 231, 35975, 226, 23821, 110, 246, 35975, 234, 220, 166, 116, 116, 35975, 112, 167, 94, 250, 31619, 224, 246, 167, 230, 226, 168, 244, 112, 2343, 241, 238, 58, 168, 244, 119, 167, 232, 242, 16151, 158, 241, 238, 35975, 246, 31619, 108, 239, 168, 97, 226, 8, 220, 166, 108, 240, 35975, 112, 167, 102, 108, 29653, 198, 198, 20, 167, 110, 230, 25, 362, 167, 110, 230, 1343, 30629, 168, 100, 222, 167, 105, 116, 23821, 228, 235, 220, 166, 115, 120, 166, 109, 108, 166, 108, 222, 31619, 238, 250, 31619, 105, 116, 168, 252, 98, 8, 2343, 241, 239, 25, 705, 167, 237, 234, 168, 243, 226, 168, 246, 101, 46695, 97, 6, 35975, 246, 220, 169, 246, 243, 169, 225, 250, 167, 94, 250, 23821, 249, 238, 168, 225, 223, 167, 111, 113, 166, 113, 105, 167, 98, 120, 31619, 224, 246, 169, 225, 222, 167, 224, 112, 167, 232, 242, 23821, 246, 230, 168, 233, 250, 166, 108, 222, 23821, 100, 222, 167, 105, 116, 168, 245, 238, 31619, 241, 109, 168, 252, 98, 47991, 250, 46695, 97, 13, 23821, 100, 222, 167, 105, 116, 23821, 228, 235, 220, 166, 115, 120, 166, 109, 108, 25, 705, 46695, 97, 168, 233, 250, 23821, 110, 246, 35975, 234, 35975, 246, 23821, 246, 101, 167, 237, 226, 167, 94, 250, 31619, 224, 112, 167, 99, 105, 167, 102, 112, 31619, 251, 254, 167, 232, 242, 23821, 249, 238, 167, 252, 246, 31619, 103, 101, 168, 244, 239, 168, 250, 120, 167, 94, 250, 31619, 237, 234, 168, 243, 226, 168, 246, 101, 46695, 97, 29653, 198, 198, 168, 113, 250, 168, 95, 227, 23821, 254, 243, 46695, 113, 25, 362]","[0.5, 0.5, 0.5, 0.5, 0.5, 0.5, 0.5, 0.5, 0.5, 0.5, 0.5, 0.5, 0.5, 0.5, 0.5, 0.5, 0.5, 0.5, 0.5, 0.5, 0.5, 0.5, 0.5, 0.5, 0.5, 0.5, 0.5, 0.5, 0.5, 0.5, 0.5, 0.5, 0.5, 0.5, 0.5, 0.5, 0.5, 0.5, 0.5, 0.5, 0.5, 0.5, 0.5, 0.5, 0.5, 0.5, 0.5, 0.5, 0.5, 0.5, 0.5, 0.5, 0.5, 0.5, 0.5, 0.5, 0.5, 0.5, 0.5, 0.5, 0.5, 0.5, 0.5, 0.5, 0.5, 0.5, 0.5, 0.5, 0.5, 0.5, 0.5, 0.5, 0.5, 0.5, 0.5, 0.5, 0.5, 0.5, 0.5, 0.5, 0.5, 0.5, 0.5, 0.5, 0.5, 0.5, 0.5, 0.5, 0.5, 0.5, 0.5, 0.5, 0.5, 0.5, 0.5, 0.5, 0.5, 0.5, 0.5, 0.5, 0.5, 0.5, 0.5, 0.5, 0.5, 0.5, 0.5, 0.5, 0.5, 0.5, 0.5, 0.5, 0.5, 0.5, 0.5, 0.5, 0.5, 0.5, 0.5, 0.5, 0.5, 0.5, 0.5, 0.5, 0.5, 0.5, 0.5, 0.5, 0.5, 0.5, 0.5, 0.5, 0.5, 0.5, 0.5, 0.5, 0.5, 0.5, 0.5, 0.5, 0.5, 0.5, 0.5, 0.5, 0.5, 0.5, 0.5, 0.5, 0.5, 0.5, 0.5, 0.5, 0.5, 0.5, 0.5, 0.5, 0.5, 0.5, 0.5, 0.5, 0.5, 0.5, 0.5, 0.5, 0.5, 0.5, 0.5, 0.5, 0.5, 0.5, 0.5, 0.5, 0.5, 0.5, 0.5, 0.5, 0.5, 0.5, 0.5, 0.5, 0.5, 0.5, 0.5, 0.5, 0.5, 0.5, 0.5, 0.5, 0.5, 0.5, 0.5, 0.5, 0.5, 0.5, 0.5, 0.5, 0.5, 0.5, 0.5, 0.5, 0.5, 0.5, 0.5, 0.5, 0.5, 0.5, 0.5, 0.5, 0.5, 0.5, 0.5, 0.5, 0.5, 0.5, 0.5, 0.5, 0.5, 0.5, 0.5, 0.5, 0.5, 0.5, 0.5, 0.5, 0.5, 0.5, 0.5, 0.5, 0.5, 0.5, 0.5, 0.5, 0.5, 0.5, 0.5, 0.5, 0.5, 0.5, 0.5, 0.5, 0.5, 0.5, 0.5, 0.5, 0.5, 0.5, 0.5, 0.5, 0.5, 0.5, 0.5, 0.5, 0.5, 0.5, 0.5, 0.5, 0.5, 0.5, 0.5, 0.5, 0.5, 0.5, 0.5, 0.5, 0.5, 0.5, 0.5, 0.5, 0.5, 0.5, 0.5, 0.5, 0.5, 0.5, 0.5, 0.5, 0.5, 0.5, 0.5, 0.5, 0.5, 0.5, 0.5, 0.5, 0.5, 0.5, 0.5, 0.5, 0.5, 0.5, 0.5, 0.5, 0.5, 0.5, 0.5, 0.5, 0.5, 0.5, 0.5, 0.5, 0.5, 0.5, 0.5, 0.5, 0.5, 0.5, 0.5, 0.5, 0.5, 0.5, 0.5, 0.5, 0.5, 0.5, 0.5, 0.5, 0.5, 0.5, 0.5, 0.5, 0.5, 0.5, 0.5, 0.5, 0.5, 0.5, 0.5, 0.5, 0.5, 0.5, 0.5, 0.5, 0.5, 0.5, 0.5, 0.5, 0.5, 0.5, 0.5, 0.5, 0.5, 0.5, 0.5, 0.5, 0.5, 0.5, 0.5, 0.5, 0.5, 0.5, 0.5, 0.5, 0.5, 0.5, 0.5, 0.5, 0.5, 0.5, 0.5, 0.5, 0.5, 0.5, 0.5, 0.5, 0.5, 0.5, 0.5, 0.5, 0.5, 0.5, 0.5, 0.5, 0.5, 0.5, 0.5, 0.5, 0.5, 0.5, 0.5, 0.5, 0.5, 0.5, 0.5, 0.5, 0.5, 0.5, 0.5, 0.5, 0.5, 0.5, 0.5, 0.5, 0.5, 0.5, 0.5, 0.5, 0.5, 0.5, 0.5, 0.5, 0.5, 0.5, 0.5, 0.5, 0.5, 0.5, 0.5, 0.5, 0.5, 0.5, 0.5, 0.5, 0.5, 0.5, 0.5, 0.5, 0.5, 0.5, 0.5, 0.5, 0.5, 0.5, 0.5, 0.5, 0.5, 0.5, 0.5, 0.5, 0.5, 0.5, 0.5, 0.5, 0.5, 0.5, 0.5, 0.5, 0.5, 0.5, 0.5, 0.5, 0.5, 0.5, 0.5, 0.5, 0.5, 0.5, 0.5, 0.5, 0.5, 0.5, 0.5, 0.5, 0.5, 0.5, 0.5, 0.5, 0.5, 0.5, 0.5, 0.5, 0.5, 0.5, 0.5, 0.5, 0.5, 0.5, 0.5, 0.5, 0.5, 0.5, 0.5, 0.5, 0.5, 0.5, 0.5, 0.5, 0.5, 0.5, 0.5, 0.5, 0.5, 0.5, 0.5, 0.5, 0.5, 0.5, 0.5, 0.5, 0.5, 0.5, 0.5, 0.5, 0.5, 0.5, 0.5, 0.5, 0.5, 0.5, 0.5, 0.5, 0.5, 0.5, 0.5, 0.5, 0.5, 0.5, 0.5, 0.5, 0.5, 0.5, 0.5, 0.5, 0.5, 0.5, 0.5, 0.5, 0.5, 0.5, 0.5, 0.5, 0.5, 0.5, 0.5, 0.5, 0.5, 0.5, 0.5, 0.5, 0.5, 0.5, 0.5, 0.5, 0.5, 0.5, 0.5, 0.5, 0.5, 0.5, 0.5, 0.5, 0.5, 0.5, 0.5, 0.5, 0.5, 0.5, 0.5, 0.5, 0.5, 0.5, 0.5, 0.5, 0.5, 0.5, 0.5, 0.5, 0.5, 0.5, 0.5, 0.5, 0.5, 0.5, 0.5, 0.5, 0.5, 0.5, 0.5, 0.5, 0.5, 0.5, 0.5, 0.5, 0.5, 0.5, 0.5, 0.5, 0.5, 0.5, 0.5, 0.5, 0.5, 0.5, 0.5, 0.5, 0.5, 0.5, 0.5, 0.5, 0.5, 0.5, 0.5, 0.5, 0.5, 0.5, 0.5, 0.5, 0.5, 0.5, 0.5, 0.5, 0.5, 0.5, 0.5, 0.5, 0.5, 0.5, 0.5, 0.5, 0.5, 0.5, 0.5, 0.5, 0.5, 0.5, 0.5, 0.5, 0.5, 0.5, 0.5, 0.5, 0.5, 0.5, 0.5, 0.5, 0.5, 0.5, 0.5, 0.5, 0.5, 0.5, 0.5, 0.5, 0.5, 0.5, 0.5, 0.5, 0.5, 0.5, 0.5, 0.5, 0.5, 0.5, 0.5, 0.5, 0.5, 0.5, 0.5, 0.5, 0.5, 0.5, 0.5, 0.5, 0.5, 0.5, 0.5, 0.5, 0.5, 0.5, 0.5, 0.5, 0.5, 0.5, 0.5, 0.5, 0.5, 0.5, 0.5, 0.5, 0.5, 0.5, 0.5, 0.5, 0.5, 0.5, 0.5, 0.5, 0.5, 0.5, 0.5, 0.5, 0.5, 0.5, 0.5, 0.5, 0.5, 0.5, 0.5, 0.5, 0.5, 0.5, 0.5, 0.5, 0.5, 0.5, 0.5, 0.5, 0.5, 0.5, 0.5, 0.5, 0.5, 0.5, 0.5, 0.5, 0.5, 0.5, 0.5, 0.5, 0.5, 0.5, 0.5, 0.5, 0.5, 0.5, 0.5, 0.5, 0.5, 0.5, 0.5, 0.5, 0.5, 0.5, 0.5, 0.5, 0.5, 0.5, 0.5, 0.5, 0.5, 0.5, 0.5, 0.5, 0.5, 0.5, 0.5, 0.5, 0.5, 0.5, 0.5, 0.5, 0.5, 0.5, 0.5, 0.5, 0.5, 0.5, 0.5, 0.5, 0.5, 0.5, 0.5, 0.5, 0.5, 0.5, 0.5, 0.5, 0.5, 0.5, 0.5, 0.5, 0.5, 0.5, 0.5, 0.5, 0.5, 0.5, 0.5, 0.5, 0.5, 0.5, 0.5, 0.5, 0.5, 0.5, 0.5, 0.5, 0.5, 0.5, 0.5, 0.5, 0.5, 0.5, 0.5, 0.5, 0.5, 0.5, 0.5, 0.5, 0.5, 0.5, 0.5, 0.5, 0.5, 0.5, 0.5, 0.5, 0.5, 0.5, 0.5, 0.5, 0.5, 0.5, 0.5, 0.5, 0.5, 0.5, 0.5, 0.5, 0.5, 0.5, 0.5, 0.5, 0.5, 0.5, 0.5, 0.5, 0.5, 0.5, 0.5, 0.5, 0.5, 0.5, 0.5, 0.5, 0.5, 0.5, 0.5, 0.5, 0.5, 0.5, 0.5, 0.5, 0.5, 0.5, 0.5, 0.5, 0.5, 0.5, 0.5, 0.5, 0.5, 0.5, 0.5, 0.5, 0.5, 0.5, 0.5, 0.5, 0.5, 0.5, 0.5, 0.5, 0.5, 0.5, 0.5, 0.5, 0.5, 0.5, 0.5, 0.5, 0.5, 0.5, 0.5, 0.5, 0.5, 0.5, 0.5, 0.5, 0.5, 0.5, 0.5, 0.5, 0.5, 0.5, 0.5, 0.5, 0.5, 0.5, 0.5, 0.5, 0.5, 0.5, 0.5, 0.5, 0.5, 0.5, 0.5, 0.5, 0.5, 0.5, 0.5, 0.5, 0.5, 0.5, 0.5, 0.5, 0.5, 0.5, 0.5, 0.5, 0.5, 0.5, 0.5, 0.5, 0.5, 0.5, 0.5, 0.5, 0.5, 0.5, 0.5, 0.5, 0.5, 0.5, 0.5, 0.5, 0.5, 0.5, 0.5, 0.5, 0.5, 0.5, 0.5, 0.5, 0.5, 0.5, 0.5, 0.5, 0.5, 0.5, 0.5, 0.5, 0.5, 0.5, 0.5, 0.5, 0.5, 0.5, 0.5, 0.5, 0.5, 0.5, 0.5, 0.5, 0.5, 0.5, 0.5, 0.5, 0.5, 0.5, 0.5, 0.5, 0.5, 0.5, 0.5, 0.5, 0.5, 0.5, 0.5, 0.5, 0.5, 0.5, 0.5, 0.5, 0.5, 0.5, 0.5, 0.5, 0.5, 0.5, 0.5, 0.5, 0.5, 0.5, 0.5, 0.5, 0.5, 0.5, 0.5, 0.5, 0.5, 0.5, 0.5, 0.5, 0.5, 0.5, 0.5, 0.5, 0.5, 0.5, 0.5, 0.5, 0.5, 0.5, 0.5, 0.5, 0.5, 0.5, 0.5, 0.5, 0.5, 0.5, 0.5, 0.5, 0.5, 0.5, 0.5, 0.5, 0.5, 0.5, 0.5, 0.5, 0.5, 0.5, 0.5, 0.5, 0.5, 0.5, 0.5, 0.5, 0.5, 0.5, 0.5, 0.5, 0.5, 0.5, 0.5, 0.5, 0.5, 0.5, 0.5, 0.5, 0.5, 0.5, 0.5, 0.5, 0.5, 0.5, 0.5, 0.5, 0.5, 0.5, 0.5, 0.5, 0.5, 0.5, 0.5, 0.5, 0.5, 0.5, 0.5, 0.5, 0.5, 0.5, 0.5, 0.5, 0.5, 0.5, 0.5, 0.5, 0.5, 0.5, 0.5, 0.5, 0.5, 0.5, 0.5, 0.5, 0.5, 0.5, 0.5, 0.5, 0.5, 0.5, 0.5, 0.5, 0.5, 0.5, 0.5, 0.5, 0.5, 0.5, 0.5, 0.5, 0.5, 0.5, 0.5, 0.5, 0.5, 0.5, 0.5, 0.5, 0.5, 0.5, 0.5, 0.5, 0.5, 0.5, 0.5, 0.5, 0.5, 0.5, 0.5, 0.5, 0.5, 0.5, 0.5, 0.5, 0.5, 0.5, 0.5, 0.5, 0.5, 0.5, 0.5, 0.5, 0.5, 0.5, 0.5, 0.5, 0.5, 0.5, 0.5, 0.5, 0.5, 0.5, 0.5, 0.5, 0.5, 0.5, 0.5, 0.5, 0.5, 0.5, 0.5, 0.5, 0.5, 0.5, 0.5, 0.5, 0.5, 0.5, 0.5, 0.5, 0.5, 0.5, 0.5, 0.5, 0.5, 0.5, 0.5, 0.5, 0.5, 0.5, 0.5, 0.5, 0.5, 0.5, 0.5, 0.5, 0.5, 0.5, 0.5, 0.5, 0.5, 0.5, 0.5, 0.5, 0.5, 0.5, 0.5, 0.5, 0.5, 0.5, 0.5, 0.5, 0.5, 0.5, 0.5, 0.5, 0.5, 0.5, 0.5, 0.5, 0.5, 0.5, 0.5, 0.5, 0.5, 0.5, 0.5, 0.5, 0.5, 0.5, 0.5, 0.5, 0.5, 0.5, 0.5, 0.5, 0.5, 0.5, 0.5, 0.5, 0.5, 0.5, 0.5, 0.5, 0.5, 0.5, 0.5, 0.5, 0.5, 0.5, 0.5, 0.5, 0.5, 0.5, 0.5, 0.5, 0.5, 0.5, 0.5, 0.5, 0.5, 0.5, 0.5, 0.5, 0.5, 0.5, 0.5, 0.5, 0.5, 0.5, 0.5, 0.5, 0.5, 0.5, 0.5, 0.5, 0.5, 0.5, 0.5, 0.5, 0.5, 0.5, 0.5, 0.5, 0.5, 0.5, 0.5, 0.5, 0.5, 0.5, 0.5, 0.5, 0.5, 0.5, 0.5, 0.5, 0.5, 0.5, 0.5, 0.5, 0.5, 0.5, 0.5, 0.5, 0.5, 0.5, 0.5, 0.5, 0.5, 0.5, 0.5, 0.5, 0.5, 0.5, 0.5, 0.5, 0.5, 0.5, 0.5, 0.5, 0.5, 0.5, 0.5, 0.5, 0.5, 0.5, 0.5, 0.5, 0.5, 0.5, 0.5, 0.5, 0.5, 0.5, 0.5, 0.5, 0.5, 0.5, 0.5, 0.5, 0.5, 0.5, 0.5, 0.5, 0.5, 0.5, 0.5, 0.5, 0.5, 0.5, 0.5, 0.5, 0.5, 0.5, 0.5, 0.5, 0.5, 0.5, 0.5, 0.5, 0.5, 0.5, 0.5, 0.5, 0.5, 0.5, 0.5, 0.5, 0.5, 0.5, 0.5, 0.5, 0.5, 0.5, 0.5, 0.5, 0.5, 0.5, 0.5, 0.5, 0.5, 0.5, 0.5, 0.5, 0.5, 0.5, 0.5, 0.5, 0.5, 0.5, 0.5, 0.5, 0.5, 0.5, 0.5, 0.5, 0.5, 0.5, 0.5, 0.5, 0.5, 0.5, 0.5, 0.5, 0.5, 0.5, 0.5, 0.5, 0.5, 0.5, 0.5, 0.5, 0.5, 0.5, 0.5, 0.5, 0.5, 0.5, 0.5, 0.5, 0.5, 0.5, 0.5, 0.5, 0.5, 0.5, 0.5, 0.5, 0.5, 0.5, 0.5, 0.5, 0.5, 0.5, 0.5, 0.5, 0.5, 0.5, 0.5, 0.5, 0.5, 0.5, 0.5, 0.5, 0.5, 0.5, 0.5, 0.5, 0.5, 0.5, 0.5, 0.5, 0.5, 0.5, 0.5, 0.5, 0.5, 0.5, 0.5, 0.5, 0.5, 0.5, 0.5, 0.5, 0.5, 0.5, 0.5, 0.5, 0.5, 0.5, 0.5, 0.5, 0.5, 0.5, 0.5, 0.5, 0.5, 0.5, 0.5, 0.5, 0.5, 0.5, 0.5, 0.5, 0.5, 0.5, 0.5, 0.5, 0.5, 0.5, 0.5, 0.5, 0.5, 0.5, 0.5, 0.5, 0.5, 0.5, 0.5, 0.5, 0.5, 0.5, 0.5, 0.5, 0.5, 0.5, 0.5, 0.5, 0.5, 0.5, 0.5, 0.5, 0.5, 0.5, 0.5, 0.5, 0.5, 0.5, 0.5, 0.5, 0.5, 0.5, 0.5, 0.5, 0.5, 0.5, 0.5, 0.5, 0.5, 0.5, 0.5, 0.5, 0.5, 0.5, 0.5, 0.5, 0.5, 0.5, 0.5, 0.5, 0.5, 0.5, 0.5, 0.5, 0.5, 0.5, 0.5, 0.5, 0.5, 0.5, 0.5, 0.5, 0.5, 0.5, 0.5, 0.5, 0.5, 0.5, 0.5, 0.5, 0.5, 0.5, 0.5, 0.5, 0.5, 0.5, 0.5, 0.5, 0.5, 0.5, 0.5, 0.5, 0.5, 0.5, 0.5, 0.5, 0.5, 0.5, 0.5, 0.5, 0.5, 0.5, 0.5, 0.5, 0.5, 0.5, 0.5, 0.5, 0.5, 0.5, 0.5, 0.5, 0.5, 0.5, 0.5, 0.5, 0.5, 0.5, 0.5, 0.5, 0.5, 0.5, 0.5, 0.5, 0.5, 0.5, 0.5, 0.5, 0.5, 0.5, 0.5, 0.5, 0.5, 0.5, 0.5, 0.5, 0.5, 0.5, 0.5, 0.5, 0.5, 0.5, 0.5, 0.5, 0.5, 0.5, 0.5, 0.5, 0.5, 0.5, 0.5, 0.5, 0.5, 0.5, 0.5, 0.5, 0.5, 0.5, 0.5, 0.5, 0.5, 0.5, 0.5, 0.5, 0.5, 0.5, 0.5, 0.5, 0.5, 0.5, 0.5, 0.5, 0.5, 0.5, 0.5, 0.5, 0.5, 0.5, 0.5, 0.5, 0.5, 0.5, 0.5, 0.5, 0.5, 0.5, 0.5, 0.5, 0.5, 0.5, 0.5, 0.5, 0.5, 0.5, 0.5, 0.5, 0.5, 0.5, 0.5, 0.5, 0.5, 0.5, 0.5, 0.5, 0.5, 0.5, 0.5, 0.5, 0.5, 0.5, 0.5, 0.5, 0.5, 0.5, 0.5, 0.5, 0.5, 0.5, 0.5, 0.5, 0.5, 0.5, 0.5, 0.5, 0.5, 0.5, 0.5, 0.5, 0.5, 0.5, 0.5, 0.5, 0.5, 0.5, 0.5, 0.5, 0.5, 0.5, 0.5, 0.5, 0.5, 0.5, 0.5, 0.5, 0.5, 0.5, 0.5, 0.5, 0.5, 0.5, 0.5, 0.5, 0.5, 0.5, 0.5, 0.5, 0.5, 0.5, 0.5, 0.5, 0.5, 0.5, 0.5, 0.5, 0.5, 0.5, 0.5, 0.5, 0.5, 0.5, 0.5, 0.5, 0.5, 0.5, 0.5, 0.5, 0.5, 0.5, 0.5, 0.5, 0.5, 0.5, 0.5, 0.5, 0.5, 0.5, 0.5, 0.5, 0.5, 0.5, 0.5, 0.5, 0.5, 0.5, 0.5, 0.5, 0.5, 0.5, 0.5, 0.5, 0.5, 0.5, 0.5, 0.5, 0.5, 0.5, 0.5, 0.5, 0.5, 0.5, 0.5, 0.5, 0.5, 0.5, 0.5, 0.5, 0.5, 0.5, 0.5, 0.5, 0.5, 0.5, 0.5, 0.5, 0.5, 0.5, 0.5, 0.5, 0.5, 0.5, 0.5, 0.5, 0.5, 0.5, 0.5, 0.5, 0.5, 0.5, 0.5, 0.5, 0.5, 0.5, 0.5, 0.5, 0.5, 0.5, 0.5, 0.5, 0.5, 0.5, 0.5, 0.5, 0.5, 0.5, 0.5, 0.5, 0.5, 0.5, 0.5, 0.5, 0.5, 0.5, 0.5, 0.5, 0.5, 0.5, 0.5, 0.5, 0.5, 0.5, 0.5, 0.5, 0.5, 0.5, 0.5, 0.5, 0.5, 0.5, 0.5, 0.5, 0.5, 0.5, 0.5, 0.5, 0.5, 0.5, 0.5, 0.5, 0.5, 0.5, 0.5, 0.5, 0.5, 0.5, 0.5, 0.5, 0.5, 0.5, 0.5, 0.5, 0.5, 0.5, 0.5, 0.5, 0.5, 0.5, 0.5, 0.5, 0.5, 0.5, 0.5, 0.5, 0.5, 0.5, 0.5, 0.5, 0.5, 0.5, 0.5, 0.5, 0.5, 0.5, 0.5, 0.5, 0.5, 0.5, 0.5, 0.5, 0.5, 0.5, 0.5, 0.5, 0.5, 0.5, 0.5, 0.5, 0.5, 0.5, 0.5, 0.5, 0.5, 0.5, 0.5, 0.5, 0.5, 0.5, 0.5, 0.5, 0.5, 0.5, 0.5, 0.5, 0.5, 0.5, 0.5, 0.5, 0.5, 0.5, 0.5, 0.5, 0.5, 0.5, 0.5, 0.5, 0.5, 0.5, 0.5, 0.5, 0.5, 0.5, 0.5, 0.5, 0.5, 0.5, 0.5, 0.5, 0.5, 0.5, 0.5, 0.5, 0.5, 0.5, 0.5, 0.5, 0.5, 0.5, 0.5, 0.5, 0.5, 0.5, 0.5, 0.5, 0.5, 0.5, 0.5, 0.5, 0.5, 0.5, 0.5, 0.5, 0.5, 0.5, 0.5, 0.5, 0.5, 0.5, 0.5, 0.5, 0.5, 0.5, 0.5, 0.5, 0.5, 0.5, 0.5, 0.5, 0.5, 0.5, 0.5, 0.5, 0.5, 0.5, 0.5, 0.5, 0.5, 0.5, 0.5, 0.5, 0.5, 0.5, 0.5, 0.5, 0.5, 0.5, 0.5, 0.5, 0.5, 0.5, 0.5, 0.5, 0.5, 0.5, 0.5, 0.5, 0.5, 0.5, 0.5, 0.5, 0.5, 0.5, 0.5, 0.5, 0.5, 0.5, 0.5, 0.5, 0.5, 0.5, 0.5, 0.5, 0.5, 0.5, 0.5, 0.5, 0.5, 0.5, 0.5, 0.5, 0.5, 0.5, 0.5, 0.5, 0.5, 0.5, 0.5, 0.5, 0.5, 0.5, 0.5, 0.5, 0.5, 0.5, 0.5, 0.5, 0.5, 0.5, 0.5, 0.5, 0.5, 0.5, 0.5, 0.5, 0.5, 0.5, 0.5, 0.5, 0.5, 0.5, 0.5, 0.5, 0.5, 0.5, 0.5, 0.5, 0.5, 0.5, 0.5, 0.5, 0.5, 0.5, 0.5, 0.5, 0.5, 0.5, 0.5, 0.5, 0.5, 0.5, 0.5, 0.5, 0.5, 0.5, 0.5, 0.5, 0.5, 0.5, 0.5, 0.5, 0.5, 0.5, 0.5, 0.5, 0.5, 0.5, 0.5, 0.5, 0.5, 0.5, 0.5, 0.5, 0.5, 0.5, 0.5, 0.5, 0.5, 0.5, 0.5, 0.5, 0.5, 0.5, 0.5, 0.5, 0.5, 0.5, 0.5, 0.5, 0.5, 0.5, 0.5, 0.5, 0.5, 0.5, 0.5, 0.5, 0.5, 0.5, 0.5, 0.5, 0.5, 0.5, 0.5, 0.5, 0.5, 0.5, 0.5, 0.5, 0.5, 0.5, 0.5, 0.5, 0.5, 0.5, 0.5, 0.5, 0.5, 0.5, 0.5, 0.5, 0.5, 0.5, 0.5, 0.5, 0.5, 0.5, 0.5, 0.5, 0.5, 0.5, 0.5, 0.5, 0.5, 0.5, 0.5, 0.5, 0.5, 0.5, 0.5, 0.5, 0.5, 0.5, 0.5, 0.5, 0.5, 0.5, 0.5, 0.5, 0.5, 0.5, 0.5, 0.5, 0.5, 0.5, 0.5, 0.5, 0.5, 0.5, 0.5, 0.5, 0.5, 0.5, 0.5, 0.5, 0.5, 0.5, 0.5, 0.5, 0.5, 0.5, 0.5, 0.5, 0.5, 0.5, 0.5, 0.5, 0.5, 0.5]",0
2026_11_KICE_14-17_0,['5(2)'],"1번: 일치하지 않는다 + ""(그러한 조건 자체는 무언가가 실재함을 보장하지 않는다. 그렇기에 자기의식은 ‘생각하는 나’가 단일한 주관으로서 실제로 존재한다는 것, 즉 ‘영혼의 실재함’을 보장하지 않고, ‘영혼이 실재할 가능성’을 열어둘 뿐이다.)""
2번: 일치하지 않는다 + ""(생각의 구성은 시간의 흐름을 따르는데, 이러한 구성은 통시적으로 동일한 인격을 반드시 필요로 한다는 것이다.)""
3번: 일치하지 않는다 + ""(자기의식도 마찬가지로 경험에 의존하기에, 자기의식이 인식을 가능하게 하는 조건이라는 칸트의 견해는 잘못이라는 것이다.)""
4번: 일치하지 않는다 + ""(시공간적 세계 안에서 우리의 신체를 매개로 대상이 경험된다는 것은 과학적 사실이며 자아에 대한 인식은 경험적 인식들로부터 추상화되는 것이다.)""
5번: 일치한다 + ""(그러려면 신체가 있고 살아 있어야 하므로, 인격의 동일성의 기준은 각자가 자신의 것이라고 통시적으로 인식하는 신체라고 롱게네스는 주장한다.)""
최종 정답: 1","[16, 167, 110, 230, 25, 23821, 251, 120, 168, 117, 246, 47991, 246, 168, 100, 222, 23821, 243, 232, 167, 232, 242, 46695, 97, 1343, 30629, 166, 115, 116, 167, 253, 105, 47991, 250, 23821, 94, 108, 166, 109, 112, 23821, 252, 238, 168, 110, 112, 167, 232, 242, 31619, 105, 112, 168, 244, 116, 166, 108, 222, 166, 108, 222, 23821, 233, 97, 168, 252, 105, 47991, 101, 35975, 226, 31619, 111, 112, 168, 252, 98, 47991, 246, 168, 100, 222, 23821, 243, 232, 167, 232, 242, 46695, 97, 13, 220, 166, 115, 116, 167, 254, 229, 166, 116, 108, 168, 245, 238, 23821, 252, 238, 166, 116, 108, 35975, 246, 168, 233, 251, 35975, 222, 564, 246, 168, 225, 251, 166, 108, 223, 47991, 246, 167, 232, 242, 31619, 224, 246, 447, 247, 166, 108, 222, 31619, 233, 101, 35975, 120, 47991, 250, 23821, 96, 120, 166, 112, 222, 168, 250, 120, 167, 94, 250, 168, 226, 250, 23821, 233, 97, 168, 254, 250, 167, 94, 250, 23821, 94, 112, 168, 252, 105, 47991, 250, 46695, 97, 167, 232, 242, 220, 166, 110, 225, 11, 23821, 99, 231, 564, 246, 168, 246, 223, 169, 246, 120, 35975, 246, 23821, 233, 97, 168, 252, 105, 47991, 101, 447, 247, 35975, 226, 31619, 111, 112, 168, 252, 98, 47991, 246, 168, 100, 222, 23821, 243, 232, 166, 111, 254, 11, 564, 246, 168, 246, 223, 169, 246, 120, 35975, 112, 23821, 233, 97, 168, 252, 105, 47991, 254, 220, 166, 108, 222, 167, 232, 98, 168, 226, 109, 447, 247, 35975, 226, 23821, 245, 112, 168, 244, 112, 167, 239, 246, 31619, 123, 238, 35975, 112, 46695, 97, 2014, 1, 198, 17, 167, 110, 230, 25, 23821, 251, 120, 168, 117, 246, 47991, 246, 168, 100, 222, 23821, 243, 232, 167, 232, 242, 46695, 97, 1343, 30629, 168, 225, 251, 166, 108, 223, 35975, 246, 220, 166, 113, 105, 168, 226, 109, 35975, 222, 23821, 233, 250, 166, 108, 226, 35975, 246, 220, 169, 251, 238, 167, 99, 226, 35975, 226, 31619, 242, 108, 167, 98, 112, 167, 232, 242, 167, 235, 108, 11, 23821, 251, 112, 167, 253, 105, 47991, 250, 220, 166, 113, 105, 168, 226, 109, 35975, 222, 220, 169, 228, 113, 168, 233, 250, 168, 254, 223, 168, 250, 120, 167, 94, 250, 31619, 237, 247, 35975, 120, 47991, 250, 23821, 251, 116, 166, 110, 102, 35975, 226, 31619, 108, 246, 167, 241, 250, 168, 233, 250, 220, 47991, 226, 168, 248, 242, 167, 94, 250, 220, 47991, 250, 46695, 97, 167, 232, 242, 220, 166, 110, 225, 35975, 112, 46695, 97, 2014, 1, 198, 18, 167, 110, 230, 25, 23821, 251, 120, 168, 117, 246, 47991, 246, 168, 100, 222, 23821, 243, 232, 167, 232, 242, 46695, 97, 1343, 30629, 168, 252, 238, 166, 116, 108, 35975, 246, 168, 233, 251, 167, 237, 226, 31619, 100, 230, 168, 108, 105, 166, 108, 222, 168, 100, 222, 167, 94, 250, 220, 166, 110, 121, 169, 245, 246, 168, 245, 238, 23821, 251, 246, 168, 94, 112, 47991, 246, 166, 116, 108, 168, 245, 238, 11, 23821, 252, 238, 166, 116, 108, 35975, 246, 168, 233, 251, 35975, 112, 23821, 251, 116, 168, 233, 251, 35975, 226, 220, 166, 108, 222, 167, 232, 98, 47991, 246, 166, 110, 234, 220, 47991, 246, 167, 232, 242, 23821, 94, 108, 166, 109, 112, 35975, 112, 167, 251, 120, 167, 232, 242, 23821, 117, 116, 169, 232, 116, 35975, 246, 220, 166, 110, 105, 47991, 112, 167, 232, 242, 23821, 252, 246, 167, 103, 119, 35975, 112, 167, 251, 120, 167, 232, 242, 220, 166, 110, 225, 35975, 112, 46695, 97, 2014, 1, 198, 19, 167, 110, 230, 25, 23821, 251, 120, 168, 117, 246, 47991, 246, 168, 100, 222, 23821, 243, 232, 167, 232, 242, 46695, 97, 1343, 30629, 168, 233, 250, 166, 111, 113, 166, 108, 226, 168, 254, 223, 23821, 226, 116, 166, 111, 226, 23821, 243, 230, 168, 245, 238, 168, 226, 250, 23821, 248, 108, 167, 99, 105, 35975, 246, 23821, 233, 254, 168, 110, 112, 167, 98, 120, 31619, 100, 97, 166, 108, 250, 167, 94, 250, 31619, 234, 222, 168, 225, 223, 35975, 112, 220, 166, 110, 121, 169, 245, 246, 167, 238, 250, 46695, 97, 167, 232, 242, 220, 166, 110, 225, 35975, 222, 220, 166, 111, 120, 47991, 247, 168, 254, 223, 23821, 8955, 168, 233, 97, 35975, 112, 167, 102, 108, 23821, 252, 238, 168, 243, 226, 168, 245, 238, 31619, 234, 222, 47991, 250, 23821, 251, 116, 168, 233, 251, 35975, 222, 220, 166, 110, 121, 169, 245, 246, 168, 254, 223, 23821, 251, 116, 168, 233, 251, 167, 241, 97, 167, 94, 250, 167, 114, 222, 169, 226, 108, 23821, 114, 242, 168, 225, 223, 169, 247, 242, 167, 238, 246, 167, 232, 242, 220, 166, 110, 225, 35975, 112, 46695, 97, 2014, 1, 198, 20, 167, 110, 230, 25, 23821, 251, 120, 168, 117, 246, 47991, 250, 46695, 97, 1343, 30629, 166, 115, 116, 167, 253, 105, 167, 254, 97, 167, 102, 112, 23821, 233, 254, 168, 110, 112, 166, 108, 222, 23821, 252, 230, 166, 111, 254, 23821, 224, 112, 168, 243, 226, 23821, 252, 230, 168, 244, 112, 168, 243, 120, 220, 47991, 246, 167, 107, 222, 167, 94, 250, 11, 23821, 251, 116, 166, 110, 102, 35975, 246, 31619, 237, 247, 35975, 120, 168, 226, 109, 35975, 246, 220, 166, 116, 108, 168, 97, 222, 35975, 222, 220, 166, 108, 223, 168, 252, 238, 166, 108, 222, 23821, 252, 238, 168, 233, 254, 35975, 246, 220, 166, 110, 225, 35975, 112, 167, 251, 120, 166, 111, 254, 220, 169, 228, 113, 168, 233, 250, 168, 254, 223, 168, 250, 120, 167, 94, 250, 23821, 251, 116, 168, 233, 251, 47991, 246, 167, 232, 242, 23821, 233, 254, 168, 110, 112, 167, 251, 120, 166, 111, 254, 31619, 94, 109, 166, 110, 234, 167, 226, 97, 168, 232, 97, 167, 232, 242, 23821, 96, 120, 168, 252, 98, 47991, 250, 46695, 97, 2014, 1, 198, 168, 113, 250, 168, 95, 227, 23821, 254, 243, 46695, 113, 25, 352]","[0.5, 0.5, 0.5, 0.5, 0.5, 0.5, 0.5, 0.5, 0.5, 0.5, 0.5, 0.5, 0.5, 0.5, 0.5, 0.5, 0.5, 0.5, 0.5, 0.5, 0.5, 0.5, 0.5, 0.5, 0.5, 0.5, 0.5, 0.5, 0.5, 0.5, 0.5, 0.5, 0.5, 0.5, 0.5, 0.5, 0.5, 0.5, 0.5, 0.5, 0.5, 0.5, 0.5, 0.5, 0.5, 0.5, 0.5, 0.5, 0.5, 0.5, 0.5, 0.5, 0.5, 0.5, 0.5, 0.5, 0.5, 0.5, 0.5, 0.5, 0.5, 0.5, 0.5, 0.5, 0.5, 0.5, 0.5, 0.5, 0.5, 0.5, 0.5, 0.5, 0.5, 0.5, 0.5, 0.5, 0.5, 0.5, 0.5, 0.5, 0.5, 0.5, 0.5, 0.5, 0.5, 0.5, 0.5, 0.5, 0.5, 0.5, 0.5, 0.5, 0.5, 0.5, 0.5, 0.5, 0.5, 0.5, 0.5, 0.5, 0.5, 0.5, 0.5, 0.5, 0.5, 0.5, 0.5, 0.5, 0.5, 0.5, 0.5, 0.5, 0.5, 0.5, 0.5, 0.5, 0.5, 0.5, 0.5, 0.5, 0.5, 0.5, 0.5, 0.5, 0.5, 0.5, 0.5, 0.5, 0.5, 0.5, 0.5, 0.5, 0.5, 0.5, 0.5, 0.5, 0.5, 0.5, 0.5, 0.5, 0.5, 0.5, 0.5, 0.5, 0.5, 0.5, 0.5, 0.5, 0.5, 0.5, 0.5, 0.5, 0.5, 0.5, 0.5, 0.5, 0.5, 0.5, 0.5, 0.5, 0.5, 0.5, 0.5, 0.5, 0.5, 0.5, 0.5, 0.5, 0.5, 0.5, 0.5, 0.5, 0.5, 0.5, 0.5, 0.5, 0.5, 0.5, 0.5, 0.5, 0.5, 0.5, 0.5, 0.5, 0.5, 0.5, 0.5, 0.5, 0.5, 0.5, 0.5, 0.5, 0.5, 0.5, 0.5, 0.5, 0.5, 0.5, 0.5, 0.5, 0.5, 0.5, 0.5, 0.5, 0.5, 0.5, 0.5, 0.5, 0.5, 0.5, 0.5, 0.5, 0.5, 0.5, 0.5, 0.5, 0.5, 0.5, 0.5, 0.5, 0.5, 0.5, 0.5, 0.5, 0.5, 0.5, 0.5, 0.5, 0.5, 0.5, 0.5, 0.5, 0.5, 0.5, 0.5, 0.5, 0.5, 0.5, 0.5, 0.5, 0.5, 0.5, 0.5, 0.5, 0.5, 0.5, 0.5, 0.5, 0.5, 0.5, 0.5, 0.5, 0.5, 0.5, 0.5, 0.5, 0.5, 0.5, 0.5, 0.5, 0.5, 0.5, 0.5, 0.5, 0.5, 0.5, 0.5, 0.5, 0.5, 0.5, 0.5, 0.5, 0.5, 0.5, 0.5, 0.5, 0.5, 0.5, 0.5, 0.5, 0.5, 0.5, 0.5, 0.5, 0.5, 0.5, 0.5, 0.5, 0.5, 0.5, 0.5, 0.5, 0.5, 0.5, 0.5, 0.5, 0.5, 0.5, 0.5, 0.5, 0.5, 0.5, 0.5, 0.5, 0.5, 0.5, 0.5, 0.5, 0.5, 0.5, 0.5, 0.5, 0.5, 0.5, 0.5, 0.5, 0.5, 0.5, 0.5, 0.5, 0.5, 0.5, 0.5, 0.5, 0.5, 0.5, 0.5, 0.5, 0.5, 0.5, 0.5, 0.5, 0.5, 0.5, 0.5, 0.5, 0.5, 0.5, 0.5, 0.5, 0.5, 0.5, 0.5, 0.5, 0.5, 0.5, 0.5, 0.5, 0.5, 0.5, 0.5, 0.5, 0.5, 0.5, 0.5, 0.5, 0.5, 0.5, 0.5, 0.5, 0.5, 0.5, 0.5, 0.5, 0.5, 0.5, 0.5, 0.5, 0.5, 0.5, 0.5, 0.5, 0.5, 0.5, 0.5, 0.5, 0.5, 0.5, 0.5, 0.5, 0.5, 0.5, 0.5, 0.5, 0.5, 0.5, 0.5, 0.5, 0.5, 0.5, 0.5, 0.5, 0.5, 0.5, 0.5, 0.5, 0.5, 0.5, 0.5, 0.5, 0.5, 0.5, 0.5, 0.5, 0.5, 0.5, 0.5, 0.5, 0.5, 0.5, 0.5, 0.5, 0.5, 0.5, 0.5, 0.5, 0.5, 0.5, 0.5, 0.5, 0.5, 0.5, 0.5, 0.5, 0.5, 0.5, 0.5, 0.5, 0.5, 0.5, 0.5, 0.5, 0.5, 0.5, 0.5, 0.5, 0.5, 0.5, 0.5, 0.5, 0.5, 0.5, 0.5, 0.5, 0.5, 0.5, 0.5, 0.5, 0.5, 0.5, 0.5, 0.5, 0.5, 0.5, 0.5, 0.5, 0.5, 0.5, 0.5, 0.5, 0.5, 0.5, 0.5, 0.5, 0.5, 0.5, 0.5, 0.5, 0.5, 0.5, 0.5, 0.5, 0.5, 0.5, 0.5, 0.5, 0.5, 0.5, 0.5, 0.5, 0.5, 0.5, 0.5, 0.5, 0.5, 0.5, 0.5, 0.5, 0.5, 0.5, 0.5, 0.5, 0.5, 0.5, 0.5, 0.5, 0.5, 0.5, 0.5, 0.5, 0.5, 0.5, 0.5, 0.5, 0.5, 0.5, 0.5, 0.5, 0.5, 0.5, 0.5, 0.5, 0.5, 0.5, 0.5, 0.5, 0.5, 0.5, 0.5, 0.5, 0.5, 0.5, 0.5, 0.5, 0.5, 0.5, 0.5, 0.5, 0.5, 0.5, 0.5, 0.5, 0.5, 0.5, 0.5, 0.5, 0.5, 0.5, 0.5, 0.5, 0.5, 0.5, 0.5, 0.5, 0.5, 0.5, 0.5, 0.5, 0.5, 0.5, 0.5, 0.5, 0.5, 0.5, 0.5, 0.5, 0.5, 0.5, 0.5, 0.5, 0.5, 0.5, 0.5, 0.5, 0.5, 0.5, 0.5, 0.5, 0.5, 0.5, 0.5, 0.5, 0.5, 0.5, 0.5, 0.5, 0.5, 0.5, 0.5, 0.5, 0.5, 0.5, 0.5, 0.5, 0.5, 0.5, 0.5, 0.5, 0.5, 0.5, 0.5, 0.5, 0.5, 0.5, 0.5, 0.5, 0.5, 0.5, 0.5, 0.5, 0.5, 0.5, 0.5, 0.5, 0.5, 0.5, 0.5, 0.5, 0.5, 0.5, 0.5, 0.5, 0.5, 0.5, 0.5, 0.5, 0.5, 0.5, 0.5, 0.5, 0.5, 0.5, 0.5, 0.5, 0.5, 0.5, 0.5, 0.5, 0.5, 0.5, 0.5, 0.5, 0.5, 0.5, 0.5, 0.5, 0.5, 0.5, 0.5, 0.5, 0.5, 0.5, 0.5, 0.5, 0.5, 0.5, 0.5, 0.5, 0.5, 0.5, 0.5, 0.5, 0.5, 0.5, 0.5, 0.5, 0.5, 0.5, 0.5, 0.5, 0.5, 0.5, 0.5, 0.5, 0.5, 0.5, 0.5, 0.5, 0.5, 0.5, 0.5, 0.5, 0.5, 0.5, 0.5, 0.5, 0.5, 0.5, 0.5, 0.5, 0.5, 0.5, 0.5, 0.5, 0.5, 0.5, 0.5, 0.5, 0.5, 0.5, 0.5, 0.5, 0.5, 0.5, 0.5, 0.5, 0.5, 0.5, 0.5, 0.5, 0.5, 0.5, 0.5, 0.5, 0.5, 0.5, 0.5, 0.5, 0.5, 0.5, 0.5, 0.5, 0.5, 0.5, 0.5, 0.5, 0.5, 0.5, 0.5, 0.5, 0.5, 0.5, 0.5, 0.5, 0.5, 0.5, 0.5, 0.5, 0.5, 0.5, 0.5, 0.5, 0.5, 0.5, 0.5, 0.5, 0.5, 0.5, 0.5, 0.5, 0.5, 0.5, 0.5, 0.5, 0.5, 0.5, 0.5, 0.5, 0.5, 0.5, 0.5, 0.5, 0.5, 0.5, 0.5, 0.5, 0.5, 0.5, 0.5, 0.5, 0.5, 0.5, 0.5, 0.5, 0.5, 0.5, 0.5, 0.5, 0.5, 0.5, 0.5, 0.5, 0.5, 0.5, 0.5, 0.5, 0.5, 0.5, 0.5, 0.5, 0.5, 0.5, 0.5, 0.5, 0.5, 0.5, 0.5, 0.5, 0.5, 0.5, 0.5, 0.5, 0.5, 0.5, 0.5, 0.5, 0.5, 0.5, 0.5, 0.5, 0.5, 0.5, 0.5, 0.5, 0.5, 0.5, 0.5, 0.5, 0.5, 0.5, 0.5, 0.5, 0.5, 0.5, 0.5, 0.5, 0.5, 0.5, 0.5, 0.5, 0.5, 0.5, 0.5, 0.5, 0.5, 0.5, 0.5, 0.5, 0.5, 0.5, 0.5, 0.5, 0.5, 0.5, 0.5, 0.5, 0.5, 0.5, 0.5, 0.5, 0.5, 0.5, 0.5, 0.5, 0.5, 0.5, 0.5, 0.5, 0.5, 0.5, 0.5, 0.5, 0.5, 0.5, 0.5, 0.5, 0.5, 0.5, 0.5, 0.5, 0.5, 0.5, 0.5, 0.5, 0.5, 0.5, 0.5, 0.5, 0.5, 0.5, 0.5, 0.5, 0.5, 0.5, 0.5, 0.5, 0.5, 0.5, 0.5, 0.5, 0.5, 0.5, 0.5, 0.5, 0.5, 0.5, 0.5, 0.5, 0.5, 0.5, 0.5, 0.5, 0.5, 0.5, 0.5, 0.5, 0.5, 0.5, 0.5, 0.5, 0.5, 0.5, 0.5, 0.5, 0.5, 0.5, 0.5, 0.5, 0.5, 0.5, 0.5, 0.5, 0.5, 0.5, 0.5, 0.5, 0.5, 0.5, 0.5, 0.5, 0.5, 0.5, 0.5, 0.5, 0.5, 0.5, 0.5, 0.5, 0.5, 0.5, 0.5, 0.5, 0.5, 0.5, 0.5, 0.5, 0.5, 0.5, 0.5, 0.5, 0.5, 0.5, 0.5, 0.5, 0.5, 0.5, 0.5, 0.5, 0.5, 0.5, 0.5, 0.5, 0.5, 0.5, 0.5, 0.5, 0.5, 0.5, 0.5, 0.5, 0.5, 0.5, 0.5, 0.5, 0.5, 0.5, 0.5, 0.5, 0.5, 0.5, 0.5, 0.5, 0.5, 0.5, 0.5, 0.5, 0.5, 0.5, 0.5, 0.5, 0.5, 0.5, 0.5, 0.5, 0.5, 0.5, 0.5, 0.5, 0.5, 0.5, 0.5, 0.5, 0.5, 0.5, 0.5, 0.5, 0.5, 0.5, 0.5, 0.5, 0.5, 0.5, 0.5, 0.5, 0.5, 0.5, 0.5, 0.5, 0.5, 0.5, 0.5, 0.5, 0.5, 0.5, 0.5, 0.5, 0.5, 0.5, 0.5, 0.5, 0.5, 0.5, 0.5]",0
2026_11_KICE_14-17_1,['1(2)'],"1번: 두 전제의 함의는 실재성과 관련하여 서로 다르다. ""첫 번째 전제에 등장하는 ‘의식’은 실제로 존재하는 무언가에 대해 의식하지만, ‘생각하는 나는 생각한다.’와 다름없는 두 번째 전제에 등장하는 ‘의식’은 무언가가 꼭 실재함을 뜻하지 않기 때문이다."" 
2번: ‘복수의 주관이 동일한 인격으로 인식된다.’라는 가정은 칸트를 비판하는 스트로슨의 견해에 의해 반박된다. ""스트로슨은 자아를 인식하는 방식이 경험적 인식의 방식과 구별된다는 칸트의 견해에 동의하지만, 복수의 주관이 동일한 인격으로 인식된다고 가정하는 것은 철학적 상상에 불과하다고 칸트를 비판한다."" 
3번: ‘영혼이 실재할 가능성’이 열려 있다는 것이 납득할 수 없는 견해인 근거는 무엇인가? ""그러한 조건 자체는 무언가가 실재함을 보장하지 않는다. 그렇기에 자기의식은 ‘생각하는 나’가 단일한 주관으로서 실제로 존재한다는 것, 즉 ‘영혼의 실재함’을 보장하지 않고, ‘영혼이 실재할 가능성’을 열어둘 뿐이다."" 
4번: 인격의 통시적 동일성이 ‘직접 증명’될 수 있다는 견해를 받아들여야 하는 근거는 무엇인가? ""칸트는 통시적으로 동일한 인격의 존재를 직접 증명하는 대신 ‘시간의 흐름 속에서 마주치는 복수의 주관이 동일한 인격으로 인식된다.’라는 가정이 반드시 선행되어야 한다고 제안한다."" ""그래야 경험적 판단, 윤리적 판단 등의 생각이 가능하기 때문이다."" 
5번: ‘영혼이 자기의식을 한다.’라는 전제가 ‘생각하는 나는 생각한다.’라는 전제와 다름없는 근거는 무엇인가? ""첫 번째 전제에 등장하는 ‘의식’은 실제로 존재하는 무언가에 대해 의식한다는 뜻이지만, ‘생각하는 나는 생각한다.’와 다름없는 두 번째 전제에 등장하는 ‘의식’은 무언가가 꼭 실재함을 뜻하지 않기 때문이다."" 
최종 정답: 1","[16, 167, 110, 230, 25, 31619, 239, 238, 23821, 254, 226, 168, 254, 250, 35975, 246, 220, 47991, 101, 35975, 246, 167, 232, 242, 23821, 233, 97, 168, 252, 105, 168, 226, 109, 166, 111, 120, 220, 166, 112, 222, 167, 254, 101, 47991, 246, 168, 245, 105, 23821, 226, 250, 167, 94, 250, 31619, 233, 97, 167, 98, 112, 46695, 97, 13, 366, 168, 110, 104, 31619, 110, 230, 168, 100, 116, 23821, 254, 226, 168, 254, 250, 168, 245, 238, 31619, 241, 109, 168, 252, 98, 47991, 246, 167, 232, 242, 564, 246, 35975, 246, 168, 233, 251, 447, 247, 35975, 222, 23821, 233, 97, 168, 254, 250, 167, 94, 250, 23821, 94, 112, 168, 252, 105, 47991, 246, 167, 232, 242, 31619, 105, 112, 168, 244, 116, 166, 108, 222, 168, 245, 238, 31619, 234, 222, 47991, 112, 23821, 251, 246, 168, 233, 251, 47991, 246, 168, 100, 222, 167, 100, 234, 11, 564, 246, 168, 225, 251, 166, 108, 223, 47991, 246, 167, 232, 242, 31619, 224, 246, 167, 232, 242, 23821, 225, 251, 166, 108, 223, 47991, 250, 46695, 97, 13, 447, 247, 168, 247, 222, 31619, 233, 97, 167, 99, 226, 168, 245, 228, 167, 232, 242, 31619, 239, 238, 31619, 110, 230, 168, 100, 116, 23821, 254, 226, 168, 254, 250, 168, 245, 238, 31619, 241, 109, 168, 252, 98, 47991, 246, 167, 232, 242, 564, 246, 35975, 246, 168, 233, 251, 447, 247, 35975, 222, 31619, 105, 112, 168, 244, 116, 166, 108, 222, 166, 108, 222, 220, 166, 120, 255, 23821, 233, 97, 168, 252, 105, 47991, 101, 35975, 226, 31619, 250, 119, 47991, 246, 168, 100, 222, 23821, 243, 232, 166, 116, 108, 31619, 243, 234, 167, 105, 116, 35975, 112, 46695, 97, 526, 220, 198, 17, 167, 110, 230, 25, 564, 246, 167, 111, 113, 168, 230, 246, 35975, 246, 23821, 96, 120, 166, 112, 222, 35975, 112, 31619, 237, 247, 35975, 120, 47991, 250, 23821, 251, 116, 166, 110, 102, 168, 250, 120, 167, 94, 250, 23821, 251, 116, 168, 233, 251, 167, 238, 250, 46695, 97, 13, 447, 247, 167, 251, 120, 167, 232, 242, 220, 166, 108, 222, 168, 254, 243, 35975, 222, 23821, 117, 116, 169, 232, 116, 167, 98, 120, 31619, 117, 226, 169, 234, 238, 47991, 246, 167, 232, 242, 23821, 232, 97, 169, 232, 116, 167, 94, 250, 168, 232, 101, 35975, 246, 220, 166, 110, 105, 47991, 112, 168, 245, 238, 23821, 251, 246, 47991, 112, 31619, 108, 246, 167, 108, 243, 167, 238, 250, 46695, 97, 13, 366, 168, 232, 97, 169, 232, 116, 167, 94, 250, 168, 232, 101, 35975, 222, 23821, 252, 238, 168, 243, 226, 167, 98, 120, 23821, 251, 116, 168, 233, 251, 47991, 246, 167, 232, 242, 31619, 108, 102, 168, 233, 251, 35975, 112, 220, 166, 110, 121, 169, 245, 246, 168, 254, 223, 23821, 251, 116, 168, 233, 251, 35975, 246, 31619, 108, 102, 168, 233, 251, 166, 111, 120, 220, 166, 113, 105, 167, 111, 226, 167, 238, 250, 46695, 97, 167, 232, 242, 23821, 117, 116, 169, 232, 116, 35975, 246, 220, 166, 110, 105, 47991, 112, 168, 245, 238, 31619, 237, 247, 35975, 246, 47991, 246, 168, 100, 222, 167, 100, 234, 11, 31619, 111, 113, 168, 230, 246, 35975, 246, 23821, 96, 120, 166, 112, 222, 35975, 112, 31619, 237, 247, 35975, 120, 47991, 250, 23821, 251, 116, 166, 110, 102, 168, 250, 120, 167, 94, 250, 23821, 251, 116, 168, 233, 251, 167, 238, 250, 46695, 97, 166, 111, 254, 220, 166, 108, 222, 168, 254, 243, 47991, 246, 167, 232, 242, 220, 166, 110, 225, 35975, 222, 23821, 110, 254, 47991, 247, 168, 254, 223, 23821, 225, 223, 168, 225, 223, 168, 245, 238, 31619, 114, 230, 166, 111, 120, 47991, 246, 46695, 97, 166, 111, 254, 23821, 117, 116, 169, 232, 116, 167, 98, 120, 31619, 117, 226, 169, 234, 238, 47991, 250, 46695, 97, 526, 220, 198, 18, 167, 110, 230, 25, 564, 246, 168, 246, 223, 169, 246, 120, 35975, 112, 23821, 233, 97, 168, 252, 105, 47991, 254, 220, 166, 108, 222, 167, 232, 98, 168, 226, 109, 447, 247, 35975, 112, 23821, 245, 112, 167, 254, 97, 23821, 252, 230, 46695, 97, 167, 232, 242, 220, 166, 110, 225, 35975, 112, 31619, 224, 102, 167, 241, 251, 47991, 254, 23821, 230, 246, 23821, 245, 228, 167, 232, 242, 220, 166, 110, 105, 47991, 112, 35975, 116, 220, 166, 115, 120, 166, 109, 108, 167, 232, 242, 31619, 105, 112, 168, 245, 229, 35975, 116, 166, 108, 222, 30, 366, 166, 115, 116, 167, 253, 105, 47991, 250, 23821, 94, 108, 166, 109, 112, 23821, 252, 238, 168, 110, 112, 167, 232, 242, 31619, 105, 112, 168, 244, 116, 166, 108, 222, 166, 108, 222, 23821, 233, 97, 168, 252, 105, 47991, 101, 35975, 226, 31619, 111, 112, 168, 252, 98, 47991, 246, 168, 100, 222, 23821, 243, 232, 167, 232, 242, 46695, 97, 13, 220, 166, 115, 116, 167, 254, 229, 166, 116, 108, 168, 245, 238, 23821, 252, 238, 166, 116, 108, 35975, 246, 168, 233, 251, 35975, 222, 564, 246, 168, 225, 251, 166, 108, 223, 47991, 246, 167, 232, 242, 31619, 224, 246, 447, 247, 166, 108, 222, 31619, 233, 101, 35975, 120, 47991, 250, 23821, 96, 120, 166, 112, 222, 168, 250, 120, 167, 94, 250, 168, 226, 250, 23821, 233, 97, 168, 254, 250, 167, 94, 250, 23821, 94, 112, 168, 252, 105, 47991, 250, 46695, 97, 167, 232, 242, 220, 166, 110, 225, 11, 23821, 99, 231, 564, 246, 168, 246, 223, 169, 246, 120, 35975, 246, 23821, 233, 97, 168, 252, 105, 47991, 101, 447, 247, 35975, 226, 31619, 111, 112, 168, 252, 98, 47991, 246, 168, 100, 222, 23821, 243, 232, 166, 111, 254, 11, 564, 246, 168, 246, 223, 169, 246, 120, 35975, 112, 23821, 233, 97, 168, 252, 105, 47991, 254, 220, 166, 108, 222, 167, 232, 98, 168, 226, 109, 447, 247, 35975, 226, 23821, 245, 112, 168, 244, 112, 167, 239, 246, 31619, 123, 238, 35975, 112, 46695, 97, 526, 220, 198, 19, 167, 110, 230, 25, 23821, 251, 116, 166, 110, 102, 35975, 246, 220, 169, 228, 113, 168, 233, 250, 168, 254, 223, 31619, 237, 247, 35975, 120, 168, 226, 109, 35975, 112, 564, 246, 168, 100, 223, 168, 254, 239, 23821, 99, 251, 167, 103, 227, 447, 247, 167, 238, 254, 23821, 230, 246, 23821, 252, 230, 46695, 97, 167, 232, 242, 220, 166, 110, 105, 47991, 112, 167, 98, 120, 31619, 108, 249, 168, 243, 226, 167, 241, 97, 168, 245, 105, 168, 243, 120, 220, 47991, 246, 167, 232, 242, 220, 166, 115, 120, 166, 109, 108, 167, 232, 242, 31619, 105, 112, 168, 245, 229, 35975, 116, 166, 108, 222, 30, 366, 168, 117, 116, 169, 232, 116, 167, 232, 242, 220, 169, 228, 113, 168, 233, 250, 168, 254, 223, 168, 250, 120, 167, 94, 250, 31619, 237, 247, 35975, 120, 47991, 250, 23821, 251, 116, 166, 110, 102, 35975, 246, 23821, 94, 112, 168, 252, 105, 167, 98, 120, 23821, 100, 223, 168, 254, 239, 23821, 99, 251, 167, 103, 227, 47991, 246, 167, 232, 242, 31619, 234, 222, 168, 233, 254, 564, 246, 168, 233, 250, 166, 108, 226, 35975, 246, 220, 169, 251, 238, 167, 99, 226, 23821, 228, 235, 168, 245, 238, 168, 226, 250, 31619, 100, 230, 168, 96, 120, 168, 117, 246, 167, 232, 242, 31619, 111, 113, 168, 230, 246, 35975, 246, 23821, 96, 120, 166, 112, 222, 35975, 112, 31619, 237, 247, 35975, 120, 47991, 250, 23821, 251, 116, 166, 110, 102, 168, 250, 120, 167, 94, 250, 23821, 251, 116, 168, 233, 251, 167, 238, 250, 46695, 97, 13, 447, 247, 167, 251, 120, 167, 232, 242, 220, 166, 108, 222, 168, 254, 243, 35975, 112, 31619, 108, 246, 167, 241, 250, 168, 233, 250, 23821, 226, 254, 169, 244, 231, 167, 238, 246, 168, 244, 112, 168, 243, 120, 220, 47991, 250, 46695, 97, 166, 111, 254, 23821, 254, 250, 168, 243, 230, 47991, 250, 46695, 97, 526, 366, 166, 115, 116, 167, 252, 246, 168, 243, 120, 220, 166, 110, 121, 169, 245, 246, 168, 254, 223, 220, 169, 234, 238, 46695, 101, 11, 23821, 250, 97, 167, 99, 105, 168, 254, 223, 220, 169, 234, 238, 46695, 101, 31619, 241, 109, 35975, 246, 23821, 225, 251, 166, 108, 223, 35975, 112, 220, 166, 108, 222, 167, 232, 98, 47991, 246, 166, 116, 108, 31619, 243, 234, 167, 105, 116, 35975, 112, 46695, 97, 526, 220, 198, 20, 167, 110, 230, 25, 564, 246, 168, 246, 223, 169, 246, 120, 35975, 112, 23821, 252, 238, 166, 116, 108, 35975, 246, 168, 233, 251, 35975, 226, 220, 47991, 250, 46695, 97, 13, 447, 247, 167, 251, 120, 167, 232, 242, 23821, 254, 226, 168, 254, 250, 166, 108, 222, 564, 246, 168, 225, 251, 166, 108, 223, 47991, 246, 167, 232, 242, 31619, 224, 246, 167, 232, 242, 23821, 225, 251, 166, 108, 223, 47991, 250, 46695, 97, 13, 447, 247, 167, 251, 120, 167, 232, 242, 23821, 254, 226, 168, 254, 250, 168, 247, 222, 31619, 233, 97, 167, 99, 226, 168, 245, 228, 167, 232, 242, 220, 166, 115, 120, 166, 109, 108, 167, 232, 242, 31619, 105, 112, 168, 245, 229, 35975, 116, 166, 108, 222, 30, 366, 168, 110, 104, 31619, 110, 230, 168, 100, 116, 23821, 254, 226, 168, 254, 250, 168, 245, 238, 31619, 241, 109, 168, 252, 98, 47991, 246, 167, 232, 242, 564, 246, 35975, 246, 168, 233, 251, 447, 247, 35975, 222, 23821, 233, 97, 168, 254, 250, 167, 94, 250, 23821, 94, 112, 168, 252, 105, 47991, 246, 167, 232, 242, 31619, 105, 112, 168, 244, 116, 166, 108, 222, 168, 245, 238, 31619, 234, 222, 47991, 112, 23821, 251, 246, 168, 233, 251, 47991, 250, 46695, 97, 167, 232, 242, 31619, 250, 119, 35975, 112, 168, 100, 222, 167, 100, 234, 11, 564, 246, 168, 225, 251, 166, 108, 223, 47991, 246, 167, 232, 242, 31619, 224, 246, 167, 232, 242, 23821, 225, 251, 166, 108, 223, 47991, 250, 46695, 97, 13, 447, 247, 168, 247, 222, 31619, 233, 97, 167, 99, 226, 168, 245, 228, 167, 232, 242, 31619, 239, 238, 31619, 110, 230, 168, 100, 116, 23821, 254, 226, 168, 254, 250, 168, 245, 238, 31619, 241, 109, 168, 252, 98, 47991, 246, 167, 232, 242, 564, 246, 35975, 246, 168, 233, 251, 447, 247, 35975, 222, 31619, 105, 112, 168, 244, 116, 166, 108, 222, 166, 108, 222, 220, 166, 120, 255, 23821, 233, 97, 168, 252, 105, 47991, 101, 35975, 226, 31619, 250, 119, 47991, 246, 168, 100, 222, 23821, 243, 232, 166, 116, 108, 31619, 243, 234, 167, 105, 116, 35975, 112, 46695, 97, 526, 220, 198, 168, 113, 250, 168, 95, 227, 23821, 254, 243, 46695, 113, 25, 352]","[0.5, 0.5, 0.5, 0.5, 0.5, 0.5, 0.5, 0.5, 0.5, 0.5, 0.5, 0.5, 0.5, 0.5, 0.5, 0.5, 0.5, 0.5, 0.5, 0.5, 0.5, 0.5, 0.5, 0.5, 0.5, 0.5, 0.5, 0.5, 0.5, 0.5, 0.5, 0.5, 0.5, 0.5, 0.5, 0.5, 0.5, 0.5, 0.5, 0.5, 0.5, 0.5, 0.5, 0.5, 0.5, 0.5, 0.5, 0.5, 0.5, 0.5, 0.5, 0.5, 0.5, 0.5, 0.5, 0.5, 0.5, 0.5, 0.5, 0.5, 0.5, 0.5, 0.5, 0.5, 0.5, 0.5, 0.5, 0.5, 0.5, 0.5, 0.5, 0.5, 0.5, 0.5, 0.5, 0.5, 0.5, 0.5, 0.5, 0.5, 0.5, 0.5, 0.5, 0.5, 0.5, 0.5, 0.5, 0.5, 0.5, 0.5, 0.5, 0.5, 0.5, 0.5, 0.5, 0.5, 0.5, 0.5, 0.5, 0.5, 0.5, 0.5, 0.5, 0.5, 0.5, 0.5, 0.5, 0.5, 0.5, 0.5, 0.5, 0.5, 0.5, 0.5, 0.5, 0.5, 0.5, 0.5, 0.5, 0.5, 0.5, 0.5, 0.5, 0.5, 0.5, 0.5, 0.5, 0.5, 0.5, 0.5, 0.5, 0.5, 0.5, 0.5, 0.5, 0.5, 0.5, 0.5, 0.5, 0.5, 0.5, 0.5, 0.5, 0.5, 0.5, 0.5, 0.5, 0.5, 0.5, 0.5, 0.5, 0.5, 0.5, 0.5, 0.5, 0.5, 0.5, 0.5, 0.5, 0.5, 0.5, 0.5, 0.5, 0.5, 0.5, 0.5, 0.5, 0.5, 0.5, 0.5, 0.5, 0.5, 0.5, 0.5, 0.5, 0.5, 0.5, 0.5, 0.5, 0.5, 0.5, 0.5, 0.5, 0.5, 0.5, 0.5, 0.5, 0.5, 0.5, 0.5, 0.5, 0.5, 0.5, 0.5, 0.5, 0.5, 0.5, 0.5, 0.5, 0.5, 0.5, 0.5, 0.5, 0.5, 0.5, 0.5, 0.5, 0.5, 0.5, 0.5, 0.5, 0.5, 0.5, 0.5, 0.5, 0.5, 0.5, 0.5, 0.5, 0.5, 0.5, 0.5, 0.5, 0.5, 0.5, 0.5, 0.5, 0.5, 0.5, 0.5, 0.5, 0.5, 0.5, 0.5, 0.5, 0.5, 0.5, 0.5, 0.5, 0.5, 0.5, 0.5, 0.5, 0.5, 0.5, 0.5, 0.5, 0.5, 0.5, 0.5, 0.5, 0.5, 0.5, 0.5, 0.5, 0.5, 0.5, 0.5, 0.5, 0.5, 0.5, 0.5, 0.5, 0.5, 0.5, 0.5, 0.5, 0.5, 0.5, 0.5, 0.5, 0.5, 0.5, 0.5, 0.5, 0.5, 0.5, 0.5, 0.5, 0.5, 0.5, 0.5, 0.5, 0.5, 0.5, 0.5, 0.5, 0.5, 0.5, 0.5, 0.5, 0.5, 0.5, 0.5, 0.5, 0.5, 0.5, 0.5, 0.5, 0.5, 0.5, 0.5, 0.5, 0.5, 0.5, 0.5, 0.5, 0.5, 0.5, 0.5, 0.5, 0.5, 0.5, 0.5, 0.5, 0.5, 0.5, 0.5, 0.5, 0.5, 0.5, 0.5, 0.5, 0.5, 0.5, 0.5, 0.5, 0.5, 0.5, 0.5, 0.5, 0.5, 0.5, 0.5, 0.5, 0.5, 0.5, 0.5, 0.5, 0.5, 0.5, 0.5, 0.5, 0.5, 0.5, 0.5, 0.5, 0.5, 0.5, 0.5, 0.5, 0.5, 0.5, 0.5, 0.5, 0.5, 0.5, 0.5, 0.5, 0.5, 0.5, 0.5, 0.5, 0.5, 0.5, 0.5, 0.5, 0.5, 0.5, 0.5, 0.5, 0.5, 0.5, 0.5, 0.5, 0.5, 0.5, 0.5, 0.5, 0.5, 0.5, 0.5, 0.5, 0.5, 0.5, 0.5, 0.5, 0.5, 0.5, 0.5, 0.5, 0.5, 0.5, 0.5, 0.5, 0.5, 0.5, 0.5, 0.5, 0.5, 0.5, 0.5, 0.5, 0.5, 0.5, 0.5, 0.5, 0.5, 0.5, 0.5, 0.5, 0.5, 0.5, 0.5, 0.5, 0.5, 0.5, 0.5, 0.5, 0.5, 0.5, 0.5, 0.5, 0.5, 0.5, 0.5, 0.5, 0.5, 0.5, 0.5, 0.5, 0.5, 0.5, 0.5, 0.5, 0.5, 0.5, 0.5, 0.5, 0.5, 0.5, 0.5, 0.5, 0.5, 0.5, 0.5, 0.5, 0.5, 0.5, 0.5, 0.5, 0.5, 0.5, 0.5, 0.5, 0.5, 0.5, 0.5, 0.5, 0.5, 0.5, 0.5, 0.5, 0.5, 0.5, 0.5, 0.5, 0.5, 0.5, 0.5, 0.5, 0.5, 0.5, 0.5, 0.5, 0.5, 0.5, 0.5, 0.5, 0.5, 0.5, 0.5, 0.5, 0.5, 0.5, 0.5, 0.5, 0.5, 0.5, 0.5, 0.5, 0.5, 0.5, 0.5, 0.5, 0.5, 0.5, 0.5, 0.5, 0.5, 0.5, 0.5, 0.5, 0.5, 0.5, 0.5, 0.5, 0.5, 0.5, 0.5, 0.5, 0.5, 0.5, 0.5, 0.5, 0.5, 0.5, 0.5, 0.5, 0.5, 0.5, 0.5, 0.5, 0.5, 0.5, 0.5, 0.5, 0.5, 0.5, 0.5, 0.5, 0.5, 0.5, 0.5, 0.5, 0.5, 0.5, 0.5, 0.5, 0.5, 0.5, 0.5, 0.5, 0.5, 0.5, 0.5, 0.5, 0.5, 0.5, 0.5, 0.5, 0.5, 0.5, 0.5, 0.5, 0.5, 0.5, 0.5, 0.5, 0.5, 0.5, 0.5, 0.5, 0.5, 0.5, 0.5, 0.5, 0.5, 0.5, 0.5, 0.5, 0.5, 0.5, 0.5, 0.5, 0.5, 0.5, 0.5, 0.5, 0.5, 0.5, 0.5, 0.5, 0.5, 0.5, 0.5, 0.5, 0.5, 0.5, 0.5, 0.5, 0.5, 0.5, 0.5, 0.5, 0.5, 0.5, 0.5, 0.5, 0.5, 0.5, 0.5, 0.5, 0.5, 0.5, 0.5, 0.5, 0.5, 0.5, 0.5, 0.5, 0.5, 0.5, 0.5, 0.5, 0.5, 0.5, 0.5, 0.5, 0.5, 0.5, 0.5, 0.5, 0.5, 0.5, 0.5, 0.5, 0.5, 0.5, 0.5, 0.5, 0.5, 0.5, 0.5, 0.5, 0.5, 0.5, 0.5, 0.5, 0.5, 0.5, 0.5, 0.5, 0.5, 0.5, 0.5, 0.5, 0.5, 0.5, 0.5, 0.5, 0.5, 0.5, 0.5, 0.5, 0.5, 0.5, 0.5, 0.5, 0.5, 0.5, 0.5, 0.5, 0.5, 0.5, 0.5, 0.5, 0.5, 0.5, 0.5, 0.5, 0.5, 0.5, 0.5, 0.5, 0.5, 0.5, 0.5, 0.5, 0.5, 0.5, 0.5, 0.5, 0.5, 0.5, 0.5, 0.5, 0.5, 0.5, 0.5, 0.5, 0.5, 0.5, 0.5, 0.5, 0.5, 0.5, 0.5, 0.5, 0.5, 0.5, 0.5, 0.5, 0.5, 0.5, 0.5, 0.5, 0.5, 0.5, 0.5, 0.5, 0.5, 0.5, 0.5, 0.5, 0.5, 0.5, 0.5, 0.5, 0.5, 0.5, 0.5, 0.5, 0.5, 0.5, 0.5, 0.5, 0.5, 0.5, 0.5, 0.5, 0.5, 0.5, 0.5, 0.5, 0.5, 0.5, 0.5, 0.5, 0.5, 0.5, 0.5, 0.5, 0.5, 0.5, 0.5, 0.5, 0.5, 0.5, 0.5, 0.5, 0.5, 0.5, 0.5, 0.5, 0.5, 0.5, 0.5, 0.5, 0.5, 0.5, 0.5, 0.5, 0.5, 0.5, 0.5, 0.5, 0.5, 0.5, 0.5, 0.5, 0.5, 0.5, 0.5, 0.5, 0.5, 0.5, 0.5, 0.5, 0.5, 0.5, 0.5, 0.5, 0.5, 0.5, 0.5, 0.5, 0.5, 0.5, 0.5, 0.5, 0.5, 0.5, 0.5, 0.5, 0.5, 0.5, 0.5, 0.5, 0.5, 0.5, 0.5, 0.5, 0.5, 0.5, 0.5, 0.5, 0.5, 0.5, 0.5, 0.5, 0.5, 0.5, 0.5, 0.5, 0.5, 0.5, 0.5, 0.5, 0.5, 0.5, 0.5, 0.5, 0.5, 0.5, 0.5, 0.5, 0.5, 0.5, 0.5, 0.5, 0.5, 0.5, 0.5, 0.5, 0.5, 0.5, 0.5, 0.5, 0.5, 0.5, 0.5, 0.5, 0.5, 0.5, 0.5, 0.5, 0.5, 0.5, 0.5, 0.5, 0.5, 0.5, 0.5, 0.5, 0.5, 0.5, 0.5, 0.5, 0.5, 0.5, 0.5, 0.5, 0.5, 0.5, 0.5, 0.5, 0.5, 0.5, 0.5, 0.5, 0.5, 0.5, 0.5, 0.5, 0.5, 0.5, 0.5, 0.5, 0.5, 0.5, 0.5, 0.5, 0.5, 0.5, 0.5, 0.5, 0.5, 0.5, 0.5, 0.5, 0.5, 0.5, 0.5, 0.5, 0.5, 0.5, 0.5, 0.5, 0.5, 0.5, 0.5, 0.5, 0.5, 0.5, 0.5, 0.5, 0.5, 0.5, 0.5, 0.5, 0.5, 0.5, 0.5, 0.5, 0.5, 0.5, 0.5, 0.5, 0.5, 0.5, 0.5, 0.5, 0.5, 0.5, 0.5, 0.5, 0.5, 0.5, 0.5, 0.5, 0.5, 0.5, 0.5, 0.5, 0.5, 0.5, 0.5, 0.5, 0.5, 0.5, 0.5, 0.5, 0.5, 0.5, 0.5, 0.5, 0.5, 0.5, 0.5, 0.5, 0.5, 0.5, 0.5, 0.5, 0.5, 0.5, 0.5, 0.5, 0.5, 0.5, 0.5, 0.5, 0.5, 0.5, 0.5, 0.5, 0.5, 0.5, 0.5, 0.5, 0.5, 0.5, 0.5, 0.5, 0.5, 0.5, 0.5, 0.5, 0.5, 0.5, 0.5, 0.5, 0.5, 0.5, 0.5, 0.5, 0.5, 0.5, 0.5, 0.5, 0.5, 0.5, 0.5, 0.5, 0.5, 0.5, 0.5, 0.5, 0.5, 0.5, 0.5, 0.5, 0.5, 0.5, 0.5, 0.5, 0.5, 0.5, 0.5, 0.5, 0.5, 0.5, 0.5, 0.5, 0.5, 0.5, 0.5, 0.5, 0.5, 0.5, 0.5, 0.5, 0.5, 0.5, 0.5, 0.5, 0.5, 0.5, 0.5, 0.5, 0.5, 0.5, 0.5, 0.5, 0.5, 0.5, 0.5, 0.5, 0.5, 0.5, 0.5, 0.5, 0.5, 0.5, 0.5, 0.5, 0.5, 0.5, 0.5, 0.5, 0.5, 0.5, 0.5, 0.5, 0.5, 0.5, 0.5, 0.5, 0.5, 0.5, 0.5, 0.5, 0.5, 0.5, 0.5, 0.5, 0.5, 0.5, 0.5, 0.5, 0.5, 0.5, 0.5, 0.5, 0.5, 0.5, 0.5, 0.5, 0.5, 0.5, 0.5, 0.5, 0.5, 0.5, 0.5, 0.5, 0.5, 0.5, 0.5, 0.5, 0.5, 0.5, 0.5, 0.5, 0.5, 0.5, 0.5, 0.5, 0.5, 0.5, 0.5, 0.5, 0.5, 0.5, 0.5, 0.5, 0.5, 0.5, 0.5, 0.5, 0.5, 0.5, 0.5, 0.5, 0.5, 0.5, 0.5, 0.5, 0.5, 0.5, 0.5, 0.5, 0.5, 0.5, 0.5, 0.5, 0.5, 0.5, 0.5, 0.5, 0.5, 0.5, 0.5, 0.5, 0.5, 0.5, 0.5, 0.5, 0.5, 0.5, 0.5, 0.5, 0.5, 0.5, 0.5, 0.5, 0.5, 0.5, 0.5, 0.5, 0.5, 0.5, 0.5, 0.5, 0.5, 0.5, 0.5, 0.5, 0.5, 0.5, 0.5, 0.5, 0.5, 0.5, 0.5, 0.5, 0.5, 0.5, 0.5, 0.5, 0.5, 0.5, 0.5, 0.5, 0.5, 0.5, 0.5, 0.5, 0.5, 0.5, 0.5, 0.5, 0.5, 0.5, 0.5, 0.5, 0.5, 0.5, 0.5, 0.5, 0.5, 0.5, 0.5, 0.5, 0.5, 0.5, 0.5, 0.5, 0.5, 0.5, 0.5, 0.5, 0.5, 0.5, 0.5, 0.5, 0.5, 0.5, 0.5, 0.5, 0.5, 0.5, 0.5, 0.5, 0.5, 0.5, 0.5, 0.5, 0.5, 0.5, 0.5, 0.5, 0.5, 0.5, 0.5, 0.5, 0.5, 0.5, 0.5, 0.5, 0.5, 0.5, 0.5, 0.5, 0.5, 0.5, 0.5, 0.5, 0.5, 0.5, 0.5, 0.5, 0.5, 0.5, 0.5, 0.5, 0.5, 0.5, 0.5, 0.5, 0.5, 0.5, 0.5, 0.5, 0.5, 0.5, 0.5, 0.5, 0.5, 0.5, 0.5, 0.5, 0.5, 0.5, 0.5, 0.5, 0.5, 0.5, 0.5, 0.5, 0.5, 0.5, 0.5, 0.5, 0.5, 0.5, 0.5, 0.5, 0.5, 0.5, 0.5, 0.5, 0.5, 0.5, 0.5, 0.5, 0.5, 0.5, 0.5, 0.5, 0.5, 0.5, 0.5, 0.5, 0.5, 0.5, 0.5, 0.5, 0.5, 0.5, 0.5, 0.5, 0.5, 0.5, 0.5, 0.5, 0.5, 0.5, 0.5, 0.5, 0.5, 0.5, 0.5, 0.5, 0.5, 0.5, 0.5, 0.5, 0.5, 0.5, 0.5, 0.5, 0.5, 0.5, 0.5, 0.5, 0.5, 0.5, 0.5, 0.5, 0.5, 0.5, 0.5, 0.5, 0.5, 0.5, 0.5, 0.5, 0.5, 0.5, 0.5, 0.5, 0.5, 0.5, 0.5, 0.5, 0.5, 0.5, 0.5, 0.5, 0.5, 0.5, 0.5, 0.5, 0.5, 0.5, 0.5, 0.5, 0.5, 0.5, 0.5, 0.5, 0.5, 0.5, 0.5, 0.5, 0.5, 0.5, 0.5, 0.5, 0.5, 0.5, 0.5, 0.5, 0.5, 0.5, 0.5, 0.5, 0.5, 0.5, 0.5, 0.5, 0.5, 0.5, 0.5, 0.5, 0.5, 0.5, 0.5, 0.5, 0.5, 0.5, 0.5, 0.5, 0.5, 0.5, 0.5, 0.5, 0.5, 0.5, 0.5, 0.5, 0.5, 0.5, 0.5, 0.5, 0.5, 0.5, 0.5, 0.5, 0.5, 0.5, 0.5, 0.5, 0.5, 0.5, 0.5, 0.5, 0.5, 0.5, 0.5, 0.5, 0.5, 0.5, 0.5, 0.5, 0.5, 0.5, 0.5, 0.5, 0.5, 0.5, 0.5, 0.5, 0.5, 0.5, 0.5, 0.5, 0.5, 0.5, 0.5, 0.5, 0.5, 0.5, 0.5, 0.5, 0.5, 0.5, 0.5, 0.5, 0.5, 0.5, 0.5, 0.5, 0.5, 0.5, 0.5, 0.5, 0.5, 0.5, 0.5, 0.5, 0.5, 0.5, 0.5, 0.5, 0.5, 0.5, 0.5, 0.5, 0.5, 0.5, 0.5, 0.5, 0.5, 0.5, 0.5, 0.5, 0.5, 0.5, 0.5, 0.5, 0.5, 0.5, 0.5, 0.5, 0.5, 0.5, 0.5, 0.5, 0.5, 0.5, 0.5, 0.5, 0.5, 0.5, 0.5, 0.5, 0.5, 0.5, 0.5, 0.5, 0.5, 0.5, 0.5, 0.5, 0.5, 0.5, 0.5, 0.5, 0.5, 0.5, 0.5, 0.5, 0.5, 0.5, 0.5, 0.5, 0.5, 0.5, 0.5, 0.5, 0.5, 0.5, 0.5, 0.5, 0.5, 0.5, 0.5, 0.5, 0.5, 0.5, 0.5, 0.5, 0.5, 0.5, 0.5, 0.5, 0.5, 0.5, 0.5, 0.5, 0.5, 0.5, 0.5, 0.5, 0.5, 0.5, 0.5, 0.5, 0.5, 0.5, 0.5, 0.5, 0.5, 0.5, 0.5, 0.5, 0.5, 0.5, 0.5, 0.5, 0.5, 0.5, 0.5, 0.5, 0.5, 0.5, 0.5, 0.5, 0.5, 0.5, 0.5, 0.5, 0.5, 0.5, 0.5, 0.5, 0.5, 0.5, 0.5, 0.5, 0.5, 0.5, 0.5, 0.5, 0.5, 0.5, 0.5, 0.5, 0.5, 0.5, 0.5, 0.5, 0.5, 0.5, 0.5, 0.5, 0.5, 0.5, 0.5, 0.5, 0.5, 0.5, 0.5, 0.5, 0.5, 0.5, 0.5, 0.5, 0.5, 0.5, 0.5, 0.5, 0.5, 0.5, 0.5, 0.5, 0.5, 0.5, 0.5, 0.5, 0.5, 0.5, 0.5, 0.5, 0.5, 0.5, 0.5, 0.5, 0.5, 0.5, 0.5, 0.5, 0.5, 0.5, 0.5, 0.5, 0.5, 0.5, 0.5, 0.5, 0.5, 0.5, 0.5, 0.5, 0.5, 0.5, 0.5, 0.5, 0.5, 0.5, 0.5, 0.5, 0.5, 0.5, 0.5, 0.5, 0.5, 0.5, 0.5, 0.5, 0.5, 0.5, 0.5, 0.5, 0.5, 0.5, 0.5, 0.5, 0.5, 0.5, 0.5, 0.5, 0.5, 0.5, 0.5, 0.5, 0.5, 0.5, 0.5, 0.5, 0.5, 0.5, 0.5, 0.5, 0.5, 0.5, 0.5, 0.5, 0.5, 0.5, 0.5, 0.5, 0.5, 0.5, 0.5, 0.5, 0.5, 0.5, 0.5, 0.5, 0.5, 0.5, 0.5, 0.5, 0.5, 0.5, 0.5, 0.5, 0.5, 0.5, 0.5, 0.5, 0.5, 0.5, 0.5, 0.5, 0.5, 0.5, 0.5, 0.5, 0.5, 0.5, 0.5, 0.5, 0.5, 0.5, 0.5, 0.5, 0.5, 0.5, 0.5, 0.5, 0.5, 0.5, 0.5, 0.5, 0.5, 0.5, 0.5, 0.5, 0.5, 0.5, 0.5, 0.5, 0.5, 0.5, 0.5, 0.5, 0.5, 0.5, 0.5, 0.5, 0.5, 0.5, 0.5, 0.5, 0.5, 0.5, 0.5, 0.5, 0.5, 0.5, 0.5, 0.5, 0.5, 0.5, 0.5, 0.5, 0.5, 0.5, 0.5, 0.5, 0.5, 0.5, 0.5, 0.5, 0.5, 0.5, 0.5, 0.5, 0.5, 0.5, 0.5, 0.5, 0.5, 0.5, 0.5, 0.5, 0.5, 0.5, 0.5, 0.5, 0.5, 0.5, 0.5, 0.5, 0.5, 0.5, 0.5, 0.5, 0.5, 0.5, 0.5, 0.5, 0.5, 0.5, 0.5, 0.5, 0.5, 0.5, 0.5, 0.5, 0.5, 0.5, 0.5, 0.5, 0.5, 0.5, 0.5, 0.5]",2
2026_11_KICE_14-17_2,['2(2)'],"계획 및 판단 근거
- 주어진 지문은 학자들 간의 자아, 인격, 통시적 동일성에 관한 이론적 차이를 다루고 있으며, B, C, A의 “가해자로서의 법적 책임” 여부에 대한 구체적 판단은 제시하지 않습니다. 따라서 ㉮, ㉯, ㉰가 무엇을 가리키는지(누가 누구의 책임에 관한 어떤 입장을 갖는지)를 알 수 없으면, 각 선택지가 실제로 타당한지 판단하기 어렵습니다. 다만 지문에 나타난 학자 간의 차이점을 바탕으로, 일부 진술은 타당하고 일부는 타당하지 않을 수 있습니다. 아래는 각 선택지에 대해 지문에 근거한 근거 문장을 제시하여 판단의 타당성을 제시한 것입니다. 최종 정답은 3번으로 보았습니다.

1번: 적절하지 않다 + 지문 속 근거가 된 문장
- 근거 문장: ""칸트는 통시적으로 동일한 인격의 존재를 직접 증명하는 대신 '시간의 흐름 속에서 마주치는 복수의 주관이 동일한 인격으로 인식된다'라는 가정이 반드시 선행되어야 한다고 제안한다.""
- 해석: 이 문장은 인격의 동일성에 관한 이론적 가정에 관한 것이지, B나 C의 법적 책임 여부를 가리키는 내용이 아닙니다. 따라서 ㉮가 B는 책임지고 C는 책임지지 않는 식의 구체적 법적 판단으로 바로 연결되기 어렵습니다. 지문이 다루는 주제와 바로 연결되는 판단으로 보기에 적절하지 않다고 볼 여지가 있습니다.

2번: 적절하지 않다 + 지문 속 근거가 된 문장
- 근거 문장: 같은 맥락의 문장(예: 칸트의 인격 동일성에 대한 가정은 경험적 인식의 방식과는 다르다는 점)을 제시한 문장들.
- 해석: 지문은 자아·인격의 인식 방식에 대한 이론적 차이를 다루고 있으며, 구체적인 B/C/A의 법적 책임 여부를 다루지 않습니다. 따라서 ㉯가 B의 책임은 지고 A는 지지 않는다 등의 구체적 비교는 텍스트의 범위를 벗어납니다. 따라서 적절하지 않다고 판단하는 것이 타당해 보입니다.

3번: 적절하지 않다 + 지문 속 근거가 된 문장
- 근거 문장: ""스트로슨은 자아를 인식하는 방식이 경험적 인식의 방식과 구별된다는 칸트의 견해에 동의하지만, 복수의 주관이 동일한 인격으로 인식된다고 가정하는 것은 칸트를 비판한다.""
- 해석: 이 문장은 학자 간의 견해 차이가 존재한다는 점을 직접적으로 보여 주므로, ㉮와 ㉰가 A의 책임 여부에 대해 ‘같게 본다’는 주장을 실제로 옳다고 보장하기 어렵다는 점에서 3번의 진술(동일하게 본다)은 지문의 내용과 배치상 어긋날 여지가 있습니다. 지문은 학자 간 차이를 인정하고 있으며, 같은 입장을 가지는 것을 일반화하기 어렵습니다.

4번: 적절하지 않다 + 지문 속 근거가 된 문장
- 근거 문장: ""롱게네스는 자아와 인격이 시공간적 세계를 경험하는 인간에만 적용되는 개념이라고 주장한다.""
- 해석: 롱게네스의 주장을 통해도 자아와 인격의 적용 범위가 제한적이고, 학자 간 입장의 차이가 존재한다는 점이 드러납니다. 따라서 ㉯와 ㉰가 B의 책임 여부에 대해 같게 본다라는 진술 역시 지문의 맥락과 완전히 일치한다 보기 어렵습니다.

5번: 적절하다 + 지문 속 근거가 된 문장
- 근거 문장: ""칸트, 스트로슨, 롱게네스: ‘시간의 흐름 속 동일한 인격으로서의 나’라는 개념을 수용한다.""
- 해석: 이 문장은 3명의 학자가 시간의 흐름 속에서의 동일한 인격 개념을 수용한다는 점을 명확히 제시하고 있어, 학자들 간의 차이를 인정하는 맥락에서 타당한 진술입니다. 따라서 5번은 적절하다고 보일 수 있습니다.

최종 정답: 3

정리
- 본 문제는 ㉮, ㉯, ㉰가 가리키는 구체적 인물이나 입장이 무엇인지 텍스트에 제시된 내용만으로는 확정할 수 없기 때문에, 3번이 “적절하지 않다”는 판단은 텍스트의 학자 간 차이를 확인하는 맥락에서 타당하게 보일 수 있습니다. 다만 ㉮, ㉯, ㉰의 구체적 맥락(누가 누구의 입장을 대표하는지) 없이 판단하는 점은 한계가 있습니다. 추가로 ㉮, ㉯, ㉰가 누구를 가리키는지 명시해 주시면 더 정확한 최종 정답과 각 선택지의 근거를 보다 명확하게 제시해 드리겠습니다.","[166, 111, 226, 169, 248, 235, 31619, 108, 237, 220, 169, 234, 238, 46695, 101, 220, 166, 115, 120, 166, 109, 108, 198, 12, 23821, 96, 120, 168, 244, 112, 168, 100, 226, 23821, 100, 222, 167, 105, 116, 35975, 222, 220, 47991, 247, 168, 252, 238, 167, 241, 97, 220, 166, 108, 226, 35975, 246, 23821, 252, 238, 168, 243, 226, 11, 23821, 251, 116, 166, 110, 102, 11, 220, 169, 228, 113, 168, 233, 250, 168, 254, 223, 31619, 237, 247, 35975, 120, 168, 226, 109, 168, 245, 238, 220, 166, 112, 222, 47991, 250, 23821, 251, 112, 167, 94, 254, 168, 254, 223, 23821, 108, 101, 35975, 112, 167, 98, 120, 31619, 233, 97, 167, 96, 101, 166, 111, 254, 23821, 252, 230, 168, 250, 120, 167, 102, 108, 11, 347, 11, 327, 11, 317, 35975, 246, 564, 250, 166, 108, 222, 47991, 112, 168, 252, 238, 167, 94, 250, 168, 226, 250, 35975, 246, 31619, 110, 243, 168, 254, 223, 23821, 109, 227, 168, 252, 226, 447, 251, 23821, 245, 105, 167, 114, 222, 168, 245, 238, 31619, 234, 222, 47991, 250, 220, 166, 113, 105, 168, 110, 112, 168, 254, 223, 220, 169, 234, 238, 46695, 101, 35975, 222, 23821, 254, 250, 168, 233, 250, 47991, 246, 168, 100, 222, 23821, 243, 232, 168, 232, 113, 46695, 230, 46695, 97, 13, 31619, 242, 108, 167, 251, 120, 168, 226, 250, 220, 159, 231, 106, 11, 220, 159, 231, 107, 11, 220, 159, 231, 108, 166, 108, 222, 31619, 105, 112, 168, 245, 229, 35975, 226, 220, 166, 108, 222, 167, 99, 105, 169, 224, 97, 167, 232, 242, 168, 100, 222, 7, 167, 230, 226, 166, 108, 222, 31619, 230, 226, 166, 113, 105, 35975, 246, 23821, 109, 227, 168, 252, 226, 168, 245, 238, 220, 166, 112, 222, 47991, 250, 23821, 244, 112, 167, 244, 97, 23821, 252, 227, 168, 252, 98, 35975, 226, 220, 166, 108, 244, 167, 232, 242, 168, 100, 222, 8, 167, 98, 120, 23821, 243, 234, 23821, 230, 246, 23821, 245, 228, 168, 250, 120, 167, 102, 112, 11, 220, 166, 108, 223, 23821, 226, 254, 169, 225, 251, 168, 100, 222, 166, 108, 222, 23821, 233, 97, 168, 254, 250, 167, 94, 250, 220, 169, 225, 222, 46695, 117, 47991, 250, 168, 100, 222, 220, 169, 234, 238, 46695, 101, 47991, 246, 166, 116, 108, 23821, 244, 112, 167, 254, 113, 168, 232, 113, 46695, 230, 46695, 97, 13, 31619, 233, 97, 167, 100, 234, 23821, 100, 222, 167, 105, 116, 168, 245, 238, 31619, 224, 246, 169, 225, 222, 167, 224, 250, 220, 47991, 247, 168, 252, 238, 220, 166, 108, 226, 35975, 246, 23821, 108, 101, 35975, 112, 168, 254, 238, 35975, 226, 31619, 108, 242, 169, 225, 243, 168, 250, 120, 167, 94, 250, 11, 23821, 251, 120, 167, 114, 222, 23821, 100, 226, 168, 230, 254, 35975, 222, 220, 169, 225, 222, 46695, 117, 47991, 246, 166, 111, 254, 23821, 251, 120, 167, 114, 222, 167, 232, 242, 220, 169, 225, 222, 46695, 117, 47991, 246, 168, 100, 222, 23821, 243, 232, 35975, 226, 23821, 230, 246, 23821, 252, 230, 168, 232, 113, 46695, 230, 46695, 97, 13, 23821, 243, 226, 167, 252, 246, 167, 232, 242, 220, 166, 108, 223, 23821, 226, 254, 169, 225, 251, 168, 100, 222, 168, 245, 238, 31619, 234, 222, 47991, 112, 23821, 100, 222, 167, 105, 116, 168, 245, 238, 220, 166, 115, 120, 166, 109, 108, 47991, 250, 220, 166, 115, 120, 166, 109, 108, 31619, 105, 116, 168, 252, 98, 35975, 226, 23821, 254, 250, 168, 233, 250, 47991, 246, 168, 245, 105, 220, 169, 234, 238, 46695, 101, 35975, 246, 220, 169, 225, 222, 46695, 117, 168, 226, 109, 35975, 226, 23821, 254, 250, 168, 233, 250, 47991, 250, 220, 166, 110, 225, 168, 252, 227, 46695, 230, 46695, 97, 13, 23821, 113, 250, 168, 95, 227, 23821, 254, 243, 46695, 113, 35975, 222, 513, 167, 110, 230, 168, 250, 120, 167, 94, 250, 31619, 111, 112, 168, 243, 246, 168, 232, 113, 46695, 230, 46695, 97, 13, 198, 198, 16, 167, 110, 230, 25, 23821, 254, 223, 168, 254, 230, 47991, 246, 168, 100, 222, 23821, 243, 232, 46695, 97, 1343, 23821, 100, 222, 167, 105, 116, 23821, 228, 235, 220, 166, 115, 120, 166, 109, 108, 166, 108, 222, 31619, 238, 250, 31619, 105, 116, 168, 252, 98, 198, 12, 220, 166, 115, 120, 166, 109, 108, 31619, 105, 116, 168, 252, 98, 25, 366, 168, 117, 116, 169, 232, 116, 167, 232, 242, 220, 169, 228, 113, 168, 233, 250, 168, 254, 223, 168, 250, 120, 167, 94, 250, 31619, 237, 247, 35975, 120, 47991, 250, 23821, 251, 116, 166, 110, 102, 35975, 246, 23821, 94, 112, 168, 252, 105, 167, 98, 120, 23821, 100, 223, 168, 254, 239, 23821, 99, 251, 167, 103, 227, 47991, 246, 167, 232, 242, 31619, 234, 222, 168, 233, 254, 705, 168, 233, 250, 166, 108, 226, 35975, 246, 220, 169, 251, 238, 167, 99, 226, 23821, 228, 235, 168, 245, 238, 168, 226, 250, 31619, 100, 230, 168, 96, 120, 168, 117, 246, 167, 232, 242, 31619, 111, 113, 168, 230, 246, 35975, 246, 23821, 96, 120, 166, 112, 222, 35975, 112, 31619, 237, 247, 35975, 120, 47991, 250, 23821, 251, 116, 166, 110, 102, 168, 250, 120, 167, 94, 250, 23821, 251, 116, 168, 233, 251, 167, 238, 250, 46695, 97, 6, 167, 251, 120, 167, 232, 242, 220, 166, 108, 222, 168, 254, 243, 35975, 112, 31619, 108, 246, 167, 241, 250, 168, 233, 250, 23821, 226, 254, 169, 244, 231, 167, 238, 246, 168, 244, 112, 168, 243, 120, 220, 47991, 250, 46695, 97, 166, 111, 254, 23821, 254, 250, 168, 243, 230, 47991, 250, 46695, 97, 526, 198, 12, 220, 47991, 112, 168, 226, 251, 25, 23821, 251, 112, 31619, 105, 116, 168, 252, 98, 35975, 222, 23821, 251, 116, 166, 110, 102, 35975, 246, 31619, 237, 247, 35975, 120, 168, 226, 109, 168, 245, 238, 220, 166, 112, 222, 47991, 250, 23821, 251, 112, 167, 94, 254, 168, 254, 223, 220, 166, 108, 222, 168, 254, 243, 168, 245, 238, 220, 166, 112, 222, 47991, 250, 220, 166, 110, 225, 35975, 112, 168, 100, 222, 11, 347, 167, 224, 246, 327, 35975, 246, 31619, 110, 243, 168, 254, 223, 23821, 109, 227, 168, 252, 226, 23821, 245, 105, 167, 114, 222, 167, 98, 120, 220, 166, 108, 222, 167, 99, 105, 169, 224, 97, 167, 232, 242, 31619, 224, 112, 168, 248, 102, 35975, 112, 23821, 243, 226, 46695, 247, 46695, 230, 46695, 97, 13, 31619, 242, 108, 167, 251, 120, 168, 226, 250, 220, 159, 231, 106, 166, 108, 222, 347, 167, 232, 242, 23821, 109, 227, 168, 252, 226, 168, 100, 222, 166, 111, 254, 327, 167, 232, 242, 23821, 109, 227, 168, 252, 226, 168, 100, 222, 168, 100, 222, 23821, 243, 232, 167, 232, 242, 23821, 233, 251, 35975, 246, 220, 166, 113, 105, 168, 110, 112, 168, 254, 223, 31619, 110, 243, 168, 254, 223, 220, 169, 234, 238, 46695, 101, 168, 250, 120, 167, 94, 250, 31619, 108, 242, 167, 94, 250, 23821, 245, 108, 166, 110, 108, 167, 238, 246, 166, 116, 108, 23821, 244, 112, 167, 254, 113, 168, 232, 113, 46695, 230, 46695, 97, 13, 23821, 100, 222, 167, 105, 116, 35975, 112, 31619, 233, 97, 167, 96, 101, 167, 232, 242, 23821, 96, 120, 168, 254, 250, 168, 247, 222, 31619, 108, 242, 167, 94, 250, 23821, 245, 108, 166, 110, 108, 167, 238, 246, 167, 232, 242, 220, 169, 234, 238, 46695, 101, 168, 250, 120, 167, 94, 250, 31619, 111, 112, 166, 116, 108, 168, 245, 238, 23821, 254, 223, 168, 254, 230, 47991, 246, 168, 100, 222, 23821, 243, 232, 46695, 97, 166, 111, 254, 31619, 111, 120, 23821, 245, 105, 168, 100, 222, 166, 108, 222, 23821, 252, 230, 168, 232, 113, 46695, 230, 46695, 97, 13, 198, 198, 17, 167, 110, 230, 25, 23821, 254, 223, 168, 254, 230, 47991, 246, 168, 100, 222, 23821, 243, 232, 46695, 97, 1343, 23821, 100, 222, 167, 105, 116, 23821, 228, 235, 220, 166, 115, 120, 166, 109, 108, 166, 108, 222, 31619, 238, 250, 31619, 105, 116, 168, 252, 98, 198, 12, 220, 166, 115, 120, 166, 109, 108, 31619, 105, 116, 168, 252, 98, 25, 220, 166, 108, 247, 35975, 222, 31619, 100, 98, 167, 251, 121, 35975, 246, 31619, 105, 116, 168, 252, 98, 7, 168, 246, 230, 25, 23821, 117, 116, 169, 232, 116, 35975, 246, 23821, 251, 116, 166, 110, 102, 31619, 237, 247, 35975, 120, 168, 226, 109, 168, 245, 238, 31619, 234, 222, 47991, 250, 220, 166, 108, 222, 168, 254, 243, 35975, 222, 220, 166, 110, 121, 169, 245, 246, 168, 254, 223, 23821, 251, 116, 168, 233, 251, 35975, 246, 31619, 108, 102, 168, 233, 251, 166, 111, 120, 167, 232, 242, 31619, 233, 97, 167, 98, 112, 46695, 97, 167, 232, 242, 23821, 254, 238, 8, 35975, 226, 23821, 254, 250, 168, 233, 250, 47991, 250, 31619, 105, 116, 168, 252, 98, 167, 241, 97, 13, 198, 12, 220, 47991, 112, 168, 226, 251, 25, 23821, 100, 222, 167, 105, 116, 35975, 222, 23821, 252, 238, 168, 243, 226, 9129, 35975, 116, 166, 110, 102, 35975, 246, 23821, 251, 116, 168, 233, 251, 31619, 108, 102, 168, 233, 251, 168, 245, 238, 31619, 234, 222, 47991, 250, 23821, 251, 112, 167, 94, 254, 168, 254, 223, 23821, 108, 101, 35975, 112, 167, 98, 120, 31619, 233, 97, 167, 96, 101, 166, 111, 254, 23821, 252, 230, 168, 250, 120, 167, 102, 108, 11, 220, 166, 113, 105, 168, 110, 112, 168, 254, 223, 35975, 116, 347, 14, 34, 14, 32, 35975, 246, 31619, 110, 243, 168, 254, 223, 23821, 109, 227, 168, 252, 226, 23821, 245, 105, 167, 114, 222, 167, 98, 120, 31619, 233, 97, 167, 96, 101, 168, 100, 222, 23821, 243, 232, 168, 232, 113, 46695, 230, 46695, 97, 13, 31619, 242, 108, 167, 251, 120, 168, 226, 250, 220, 159, 231, 107, 166, 108, 222, 347, 35975, 246, 23821, 109, 227, 168, 252, 226, 35975, 222, 23821, 100, 222, 166, 111, 254, 317, 167, 232, 242, 23821, 100, 222, 168, 100, 222, 23821, 243, 232, 167, 232, 242, 46695, 97, 31619, 241, 109, 35975, 246, 220, 166, 113, 105, 168, 110, 112, 168, 254, 223, 31619, 117, 226, 166, 113, 238, 167, 232, 242, 220, 169, 227, 235, 168, 232, 97, 169, 232, 116, 35975, 246, 31619, 110, 242, 168, 250, 226, 167, 98, 120, 31619, 110, 245, 168, 244, 112, 167, 224, 102, 46695, 230, 46695, 97, 13, 31619, 242, 108, 167, 251, 120, 168, 226, 250, 23821, 254, 223, 168, 254, 230, 47991, 246, 168, 100, 222, 23821, 243, 232, 46695, 97, 166, 111, 254, 220, 169, 234, 238, 46695, 101, 47991, 246, 167, 232, 242, 220, 166, 110, 225, 35975, 112, 220, 169, 225, 222, 46695, 117, 47991, 112, 31619, 111, 112, 168, 252, 227, 46695, 230, 46695, 97, 13, 198, 198, 18, 167, 110, 230, 25, 23821, 254, 223, 168, 254, 230, 47991, 246, 168, 100, 222, 23821, 243, 232, 46695, 97, 1343, 23821, 100, 222, 167, 105, 116, 23821, 228, 235, 220, 166, 115, 120, 166, 109, 108, 166, 108, 222, 31619, 238, 250, 31619, 105, 116, 168, 252, 98, 198, 12, 220, 166, 115, 120, 166, 109, 108, 31619, 105, 116, 168, 252, 98, 25, 366, 168, 232, 97, 169, 232, 116, 167, 94, 250, 168, 232, 101, 35975, 222, 23821, 252, 238, 168, 243, 226, 167, 98, 120, 23821, 251, 116, 168, 233, 251, 47991, 246, 167, 232, 242, 31619, 108, 102, 168, 233, 251, 35975, 112, 220, 166, 110, 121, 169, 245, 246, 168, 254, 223, 23821, 251, 116, 168, 233, 251, 35975, 246, 31619, 108, 102, 168, 233, 251, 166, 111, 120, 220, 166, 113, 105, 167, 111, 226, 167, 238, 250, 46695, 97, 167, 232, 242, 23821, 117, 116, 169, 232, 116, 35975, 246, 220, 166, 110, 105, 47991, 112, 168, 245, 238, 31619, 237, 247, 35975, 246, 47991, 246, 168, 100, 222, 167, 100, 234, 11, 31619, 111, 113, 168, 230, 246, 35975, 246, 23821, 96, 120, 166, 112, 222, 35975, 112, 31619, 237, 247, 35975, 120, 47991, 250, 23821, 251, 116, 166, 110, 102, 168, 250, 120, 167, 94, 250, 23821, 251, 116, 168, 233, 251, 167, 238, 250, 46695, 97, 166, 111, 254, 220, 166, 108, 222, 168, 254, 243, 47991, 246, 167, 232, 242, 220, 166, 110, 225, 35975, 222, 23821, 117, 116, 169, 232, 116, 167, 98, 120, 31619, 117, 226, 169, 234, 238, 47991, 250, 46695, 97, 526, 198, 12, 220, 47991, 112, 168, 226, 251, 25, 23821, 251, 112, 31619, 105, 116, 168, 252, 98, 35975, 222, 220, 47991, 247, 168, 252, 238, 220, 166, 108, 226, 35975, 246, 220, 166, 110, 105, 47991, 112, 23821, 108, 101, 35975, 112, 166, 108, 222, 23821, 94, 112, 168, 252, 105, 47991, 250, 46695, 97, 167, 232, 242, 23821, 254, 238, 35975, 226, 23821, 100, 223, 168, 254, 239, 168, 254, 223, 168, 250, 120, 167, 94, 250, 31619, 111, 112, 168, 245, 105, 23821, 96, 120, 167, 107, 222, 167, 94, 250, 11, 220, 159, 231, 106, 168, 247, 222, 220, 159, 231, 108, 166, 108, 222, 317, 35975, 246, 23821, 109, 227, 168, 252, 226, 23821, 245, 105, 167, 114, 222, 168, 245, 238, 31619, 234, 222, 47991, 112, 564, 246, 166, 108, 247, 166, 110, 234, 31619, 111, 116, 46695, 97, 447, 247, 167, 232, 242, 23821, 96, 120, 168, 252, 98, 35975, 226, 23821, 233, 97, 168, 254, 250, 167, 94, 250, 23821, 246, 111, 46695, 97, 166, 111, 254, 31619, 111, 112, 168, 252, 98, 47991, 246, 166, 116, 108, 23821, 244, 112, 167, 254, 113, 46695, 97, 167, 232, 242, 23821, 254, 238, 168, 245, 238, 168, 226, 250, 513, 167, 110, 230, 35975, 246, 23821, 100, 226, 168, 230, 254, 7, 167, 237, 247, 35975, 120, 47991, 246, 166, 110, 234, 31619, 111, 116, 46695, 97, 8, 35975, 222, 23821, 100, 222, 167, 105, 116, 35975, 246, 31619, 224, 112, 168, 248, 102, 166, 111, 120, 31619, 108, 108, 168, 117, 246, 168, 225, 223, 23821, 244, 112, 166, 116, 233, 167, 224, 254, 23821, 245, 105, 168, 100, 222, 166, 108, 222, 23821, 252, 230, 168, 232, 113, 46695, 230, 46695, 97, 13, 23821, 100, 222, 167, 105, 116, 35975, 222, 220, 47991, 247, 168, 252, 238, 220, 166, 108, 226, 23821, 108, 101, 35975, 112, 167, 98, 120, 23821, 251, 116, 168, 254, 243, 47991, 246, 166, 111, 254, 23821, 252, 230, 168, 250, 120, 167, 102, 108, 11, 220, 166, 108, 247, 35975, 222, 23821, 252, 227, 168, 252, 98, 35975, 226, 220, 166, 108, 222, 168, 100, 222, 167, 232, 242, 220, 166, 110, 225, 35975, 226, 23821, 251, 120, 167, 108, 246, 169, 247, 242, 47991, 246, 166, 116, 108, 23821, 244, 112, 167, 254, 113, 168, 232, 113, 46695, 230, 46695, 97, 13, 198, 198, 19, 167, 110, 230, 25, 23821, 254, 223, 168, 254, 230, 47991, 246, 168, 100, 222, 23821, 243, 232, 46695, 97, 1343, 23821, 100, 222, 167, 105, 116, 23821, 228, 235, 220, 166, 115, 120, 166, 109, 108, 166, 108, 222, 31619, 238, 250, 31619, 105, 116, 168, 252, 98, 198, 12, 220, 166, 115, 120, 166, 109, 108, 31619, 105, 116, 168, 252, 98, 25, 366, 167, 94, 109, 166, 110, 234, 167, 226, 97, 168, 232, 97, 167, 232, 242, 23821, 252, 238, 168, 243, 226, 168, 247, 222, 23821, 251, 116, 166, 110, 102, 35975, 112, 23821, 233, 250, 166, 111, 113, 166, 108, 226, 168, 254, 223, 23821, 226, 116, 166, 111, 226, 167, 98, 120, 220, 166, 110, 121, 169, 245, 246, 47991, 246, 167, 232, 242, 23821, 251, 116, 166, 108, 226, 168, 245, 238, 167, 100, 234, 23821, 254, 223, 168, 248, 102, 167, 238, 246, 167, 232, 242, 220, 166, 108, 250, 167, 227, 238, 35975, 112, 167, 251, 120, 166, 111, 254, 23821, 96, 120, 168, 252, 98, 47991, 250, 46695, 97, 526, 198, 12, 220, 47991, 112, 168, 226, 251, 25, 31619, 94, 109, 166, 110, 234, 167, 226, 97, 168, 232, 97, 35975, 246, 23821, 96, 120, 168, 252, 98, 35975, 226, 220, 169, 228, 113, 47991, 112, 167, 237, 226, 23821, 252, 238, 168, 243, 226, 168, 247, 222, 23821, 251, 116, 166, 110, 102, 35975, 246, 23821, 254, 223, 168, 248, 102, 31619, 110, 242, 168, 250, 226, 166, 108, 222, 23821, 254, 250, 47991, 250, 168, 254, 223, 35975, 112, 166, 111, 254, 11, 220, 47991, 247, 168, 252, 238, 220, 166, 108, 226, 23821, 252, 227, 168, 252, 98, 35975, 246, 23821, 108, 101, 35975, 112, 166, 108, 222, 23821, 94, 112, 168, 252, 105, 47991, 250, 46695, 97, 167, 232, 242, 23821, 254, 238, 35975, 112, 31619, 241, 250, 167, 253, 105, 167, 224, 102, 46695, 230, 46695, 97, 13, 31619, 242, 108, 167, 251, 120, 168, 226, 250, 220, 159, 231, 107, 168, 247, 222, 220, 159, 231, 108, 166, 108, 222, 347, 35975, 246, 23821, 109, 227, 168, 252, 226, 23821, 245, 105, 167, 114, 222, 168, 245, 238, 31619, 234, 222, 47991, 112, 220, 166, 108, 247, 166, 110, 234, 31619, 111, 116, 46695, 97, 167, 251, 120, 167, 232, 242, 23821, 100, 226, 168, 230, 254, 23821, 245, 255, 168, 233, 250, 23821, 100, 222, 167, 105, 116, 35975, 246, 31619, 100, 98, 167, 251, 121, 166, 111, 120, 23821, 247, 226, 168, 254, 226, 169, 252, 230, 23821, 251, 120, 168, 117, 246, 47991, 250, 46695, 97, 31619, 111, 112, 166, 116, 108, 23821, 244, 112, 167, 254, 113, 168, 232, 113, 46695, 230, 46695, 97, 13, 198, 198, 20, 167, 110, 230, 25, 23821, 254, 223, 168, 254, 230, 47991, 246, 46695, 97, 1343, 23821, 100, 222, 167, 105, 116, 23821, 228, 235, 220, 166, 115, 120, 166, 109, 108, 166, 108, 222, 31619, 238, 250, 31619, 105, 116, 168, 252, 98, 198, 12, 220, 166, 115, 120, 166, 109, 108, 31619, 105, 116, 168, 252, 98, 25, 366, 168, 117, 116, 169, 232, 116, 11, 23821, 232, 97, 169, 232, 116, 167, 94, 250, 168, 232, 101, 11, 31619, 94, 109, 166, 110, 234, 167, 226, 97, 168, 232, 97, 25, 564, 246, 168, 233, 250, 166, 108, 226, 35975, 246, 220, 169, 251, 238, 167, 99, 226, 23821, 228, 235, 31619, 237, 247, 35975, 120, 47991, 250, 23821, 251, 116, 166, 110, 102, 168, 250, 120, 167, 94, 250, 168, 226, 250, 35975, 246, 31619, 224, 246, 447, 247, 167, 251, 120, 167, 232, 242, 220, 166, 108, 250, 167, 227, 238, 35975, 226, 23821, 230, 246, 168, 248, 102, 47991, 250, 46695, 97, 526, 198, 12, 220, 47991, 112, 168, 226, 251, 25, 23821, 251, 112, 31619, 105, 116, 168, 252, 98, 35975, 222, 513, 167, 103, 227, 35975, 246, 220, 47991, 247, 168, 252, 238, 166, 108, 222, 23821, 233, 250, 166, 108, 226, 35975, 246, 220, 169, 251, 238, 167, 99, 226, 23821, 228, 235, 168, 245, 238, 168, 226, 250, 35975, 246, 31619, 237, 247, 35975, 120, 47991, 250, 23821, 251, 116, 166, 110, 102, 220, 166, 108, 250, 167, 227, 238, 35975, 226, 23821, 230, 246, 168, 248, 102, 47991, 250, 46695, 97, 167, 232, 242, 23821, 254, 238, 35975, 226, 31619, 103, 227, 169, 247, 243, 169, 252, 230, 23821, 254, 250, 168, 233, 250, 47991, 246, 166, 111, 254, 23821, 252, 230, 168, 244, 112, 11, 220, 47991, 247, 168, 252, 238, 167, 241, 97, 220, 166, 108, 226, 35975, 246, 23821, 108, 101, 35975, 112, 167, 98, 120, 23821, 251, 116, 168, 254, 243, 47991, 246, 167, 232, 242, 31619, 100, 98, 167, 251, 121, 168, 245, 238, 168, 226, 250, 220, 169, 225, 222, 46695, 117, 47991, 250, 23821, 100, 226, 168, 230, 254, 168, 252, 227, 46695, 230, 46695, 97, 13, 31619, 242, 108, 167, 251, 120, 168, 226, 250, 642, 167, 110, 230, 35975, 222, 23821, 254, 223, 168, 254, 230, 47991, 246, 46695, 97, 166, 111, 254, 31619, 111, 112, 35975, 120, 23821, 230, 246, 23821, 252, 230, 168, 232, 113, 46695, 230, 46695, 97, 13, 198, 198, 168, 113, 250, 168, 95, 227, 23821, 254, 243, 46695, 113, 25, 513, 198, 198, 168, 254, 243, 167, 99, 105, 198, 12, 31619, 111, 116, 31619, 105, 116, 168, 254, 250, 167, 232, 242, 220, 159, 231, 106, 11, 220, 159, 231, 107, 11, 220, 159, 231, 108, 166, 108, 222, 220, 166, 108, 222, 167, 99, 105, 169, 224, 97, 167, 232, 242, 220, 166, 113, 105, 168, 110, 112, 168, 254, 223, 23821, 251, 116, 167, 45539, 35975, 112, 167, 224, 246, 23821, 252, 227, 168, 252, 98, 35975, 112, 31619, 105, 112, 168, 245, 229, 35975, 116, 168, 100, 222, 220, 169, 227, 235, 168, 232, 97, 169, 232, 116, 168, 245, 238, 23821, 254, 250, 168, 233, 250, 167, 238, 250, 31619, 224, 112, 168, 248, 102, 167, 100, 234, 168, 250, 120, 167, 94, 250, 167, 232, 242, 220, 169, 247, 243, 168, 254, 243, 47991, 254, 23821, 230, 246, 23821, 245, 228, 166, 116, 108, 31619, 243, 234, 167, 105, 116, 168, 245, 238, 11, 513, 167, 110, 230, 35975, 112, 564, 250, 168, 254, 223, 168, 254, 230, 47991, 246, 168, 100, 222, 23821, 243, 232, 46695, 97, 447, 251, 167, 232, 242, 220, 169, 234, 238, 46695, 101, 35975, 222, 220, 169, 227, 235, 168, 232, 97, 169, 232, 116, 35975, 246, 220, 47991, 247, 168, 252, 238, 220, 166, 108, 226, 23821, 108, 101, 35975, 112, 167, 98, 120, 220, 169, 247, 243, 35975, 116, 47991, 246, 167, 232, 242, 31619, 100, 98, 167, 251, 121, 168, 245, 238, 168, 226, 250, 220, 169, 225, 222, 46695, 117, 47991, 246, 166, 110, 234, 31619, 111, 112, 35975, 120, 23821, 230, 246, 23821, 252, 230, 168, 232, 113, 46695, 230, 46695, 97, 13, 31619, 233, 97, 167, 100, 234, 220, 159, 231, 106, 11, 220, 159, 231, 107, 11, 220, 159, 231, 108, 35975, 246, 220, 166, 113, 105, 168, 110, 112, 168, 254, 223, 31619, 100, 98, 167, 251, 121, 7, 167, 230, 226, 166, 108, 222, 31619, 230, 226, 166, 113, 105, 35975, 246, 23821, 252, 227, 168, 252, 98, 35975, 226, 31619, 234, 222, 169, 239, 250, 47991, 246, 167, 232, 242, 168, 100, 222, 8, 23821, 245, 228, 35975, 112, 220, 169, 234, 238, 46695, 101, 47991, 246, 167, 232, 242, 23821, 254, 238, 35975, 222, 220, 47991, 250, 166, 111, 226, 166, 108, 222, 23821, 252, 230, 168, 232, 113, 46695, 230, 46695, 97, 13, 23821, 114, 242, 166, 108, 222, 167, 94, 250, 220, 159, 231, 106, 11, 220, 159, 231, 107, 11, 220, 159, 231, 108, 166, 108, 222, 31619, 230, 226, 166, 113, 105, 167, 98, 120, 220, 166, 108, 222, 167, 99, 105, 169, 224, 97, 167, 232, 242, 168, 100, 222, 31619, 103, 227, 168, 233, 250, 47991, 112, 23821, 96, 120, 168, 233, 250, 167, 102, 112, 31619, 235, 242, 23821, 254, 243, 169, 247, 243, 47991, 250, 23821, 113, 250, 168, 95, 227, 23821, 254, 243, 46695, 113, 166, 111, 120, 220, 166, 108, 223, 23821, 226, 254, 169, 225, 251, 168, 100, 222, 35975, 246, 220, 166, 115, 120, 166, 109, 108, 167, 98, 120, 31619, 111, 112, 46695, 97, 31619, 103, 227, 169, 247, 243, 47991, 246, 166, 110, 234, 23821, 254, 250, 168, 233, 250, 47991, 112, 31619, 241, 250, 167, 99, 105, 166, 110, 254, 168, 232, 113, 46695, 230, 46695, 97, 13]","[0.5, 0.5, 0.5, 0.5, 0.5, 0.5, 0.5, 0.5, 0.5, 0.5, 0.5, 0.5, 0.5, 0.5, 0.5, 0.5, 0.5, 0.5, 0.5, 0.5, 0.5, 0.5, 0.5, 0.5, 0.5, 0.5, 0.5, 0.5, 0.5, 0.5, 0.5, 0.5, 0.5, 0.5, 0.5, 0.5, 0.5, 0.5, 0.5, 0.5, 0.5, 0.5, 0.5, 0.5, 0.5, 0.5, 0.5, 0.5, 0.5, 0.5, 0.5, 0.5, 0.5, 0.5, 0.5, 0.5, 0.5, 0.5, 0.5, 0.5, 0.5, 0.5, 0.5, 0.5, 0.5, 0.5, 0.5, 0.5, 0.5, 0.5, 0.5, 0.5, 0.5, 0.5, 0.5, 0.5, 0.5, 0.5, 0.5, 0.5, 0.5, 0.5, 0.5, 0.5, 0.5, 0.5, 0.5, 0.5, 0.5, 0.5, 0.5, 0.5, 0.5, 0.5, 0.5, 0.5, 0.5, 0.5, 0.5, 0.5, 0.5, 0.5, 0.5, 0.5, 0.5, 0.5, 0.5, 0.5, 0.5, 0.5, 0.5, 0.5, 0.5, 0.5, 0.5, 0.5, 0.5, 0.5, 0.5, 0.5, 0.5, 0.5, 0.5, 0.5, 0.5, 0.5, 0.5, 0.5, 0.5, 0.5, 0.5, 0.5, 0.5, 0.5, 0.5, 0.5, 0.5, 0.5, 0.5, 0.5, 0.5, 0.5, 0.5, 0.5, 0.5, 0.5, 0.5, 0.5, 0.5, 0.5, 0.5, 0.5, 0.5, 0.5, 0.5, 0.5, 0.5, 0.5, 0.5, 0.5, 0.5, 0.5, 0.5, 0.5, 0.5, 0.5, 0.5, 0.5, 0.5, 0.5, 0.5, 0.5, 0.5, 0.5, 0.5, 0.5, 0.5, 0.5, 0.5, 0.5, 0.5, 0.5, 0.5, 0.5, 0.5, 0.5, 0.5, 0.5, 0.5, 0.5, 0.5, 0.5, 0.5, 0.5, 0.5, 0.5, 0.5, 0.5, 0.5, 0.5, 0.5, 0.5, 0.5, 0.5, 0.5, 0.5, 0.5, 0.5, 0.5, 0.5, 0.5, 0.5, 0.5, 0.5, 0.5, 0.5, 0.5, 0.5, 0.5, 0.5, 0.5, 0.5, 0.5, 0.5, 0.5, 0.5, 0.5, 0.5, 0.5, 0.5, 0.5, 0.5, 0.5, 0.5, 0.5, 0.5, 0.5, 0.5, 0.5, 0.5, 0.5, 0.5, 0.5, 0.5, 0.5, 0.5, 0.5, 0.5, 0.5, 0.5, 0.5, 0.5, 0.5, 0.5, 0.5, 0.5, 0.5, 0.5, 0.5, 0.5, 0.5, 0.5, 0.5, 0.5, 0.5, 0.5, 0.5, 0.5, 0.5, 0.5, 0.5, 0.5, 0.5, 0.5, 0.5, 0.5, 0.5, 0.5, 0.5, 0.5, 0.5, 0.5, 0.5, 0.5, 0.5, 0.5, 0.5, 0.5, 0.5, 0.5, 0.5, 0.5, 0.5, 0.5, 0.5, 0.5, 0.5, 0.5, 0.5, 0.5, 0.5, 0.5, 0.5, 0.5, 0.5, 0.5, 0.5, 0.5, 0.5, 0.5, 0.5, 0.5, 0.5, 0.5, 0.5, 0.5, 0.5, 0.5, 0.5, 0.5, 0.5, 0.5, 0.5, 0.5, 0.5, 0.5, 0.5, 0.5, 0.5, 0.5, 0.5, 0.5, 0.5, 0.5, 0.5, 0.5, 0.5, 0.5, 0.5, 0.5, 0.5, 0.5, 0.5, 0.5, 0.5, 0.5, 0.5, 0.5, 0.5, 0.5, 0.5, 0.5, 0.5, 0.5, 0.5, 0.5, 0.5, 0.5, 0.5, 0.5, 0.5, 0.5, 0.5, 0.5, 0.5, 0.5, 0.5, 0.5, 0.5, 0.5, 0.5, 0.5, 0.5, 0.5, 0.5, 0.5, 0.5, 0.5, 0.5, 0.5, 0.5, 0.5, 0.5, 0.5, 0.5, 0.5, 0.5, 0.5, 0.5, 0.5, 0.5, 0.5, 0.5, 0.5, 0.5, 0.5, 0.5, 0.5, 0.5, 0.5, 0.5, 0.5, 0.5, 0.5, 0.5, 0.5, 0.5, 0.5, 0.5, 0.5, 0.5, 0.5, 0.5, 0.5, 0.5, 0.5, 0.5, 0.5, 0.5, 0.5, 0.5, 0.5, 0.5, 0.5, 0.5, 0.5, 0.5, 0.5, 0.5, 0.5, 0.5, 0.5, 0.5, 0.5, 0.5, 0.5, 0.5, 0.5, 0.5, 0.5, 0.5, 0.5, 0.5, 0.5, 0.5, 0.5, 0.5, 0.5, 0.5, 0.5, 0.5, 0.5, 0.5, 0.5, 0.5, 0.5, 0.5, 0.5, 0.5, 0.5, 0.5, 0.5, 0.5, 0.5, 0.5, 0.5, 0.5, 0.5, 0.5, 0.5, 0.5, 0.5, 0.5, 0.5, 0.5, 0.5, 0.5, 0.5, 0.5, 0.5, 0.5, 0.5, 0.5, 0.5, 0.5, 0.5, 0.5, 0.5, 0.5, 0.5, 0.5, 0.5, 0.5, 0.5, 0.5, 0.5, 0.5, 0.5, 0.5, 0.5, 0.5, 0.5, 0.5, 0.5, 0.5, 0.5, 0.5, 0.5, 0.5, 0.5, 0.5, 0.5, 0.5, 0.5, 0.5, 0.5, 0.5, 0.5, 0.5, 0.5, 0.5, 0.5, 0.5, 0.5, 0.5, 0.5, 0.5, 0.5, 0.5, 0.5, 0.5, 0.5, 0.5, 0.5, 0.5, 0.5, 0.5, 0.5, 0.5, 0.5, 0.5, 0.5, 0.5, 0.5, 0.5, 0.5, 0.5, 0.5, 0.5, 0.5, 0.5, 0.5, 0.5, 0.5, 0.5, 0.5, 0.5, 0.5, 0.5, 0.5, 0.5, 0.5, 0.5, 0.5, 0.5, 0.5, 0.5, 0.5, 0.5, 0.5, 0.5, 0.5, 0.5, 0.5, 0.5, 0.5, 0.5, 0.5, 0.5, 0.5, 0.5, 0.5, 0.5, 0.5, 0.5, 0.5, 0.5, 0.5, 0.5, 0.5, 0.5, 0.5, 0.5, 0.5, 0.5, 0.5, 0.5, 0.5, 0.5, 0.5, 0.5, 0.5, 0.5, 0.5, 0.5, 0.5, 0.5, 0.5, 0.5, 0.5, 0.5, 0.5, 0.5, 0.5, 0.5, 0.5, 0.5, 0.5, 0.5, 0.5, 0.5, 0.5, 0.5, 0.5, 0.5, 0.5, 0.5, 0.5, 0.5, 0.5, 0.5, 0.5, 0.5, 0.5, 0.5, 0.5, 0.5, 0.5, 0.5, 0.5, 0.5, 0.5, 0.5, 0.5, 0.5, 0.5, 0.5, 0.5, 0.5, 0.5, 0.5, 0.5, 0.5, 0.5, 0.5, 0.5, 0.5, 0.5, 0.5, 0.5, 0.5, 0.5, 0.5, 0.5, 0.5, 0.5, 0.5, 0.5, 0.5, 0.5, 0.5, 0.5, 0.5, 0.5, 0.5, 0.5, 0.5, 0.5, 0.5, 0.5, 0.5, 0.5, 0.5, 0.5, 0.5, 0.5, 0.5, 0.5, 0.5, 0.5, 0.5, 0.5, 0.5, 0.5, 0.5, 0.5, 0.5, 0.5, 0.5, 0.5, 0.5, 0.5, 0.5, 0.5, 0.5, 0.5, 0.5, 0.5, 0.5, 0.5, 0.5, 0.5, 0.5, 0.5, 0.5, 0.5, 0.5, 0.5, 0.5, 0.5, 0.5, 0.5, 0.5, 0.5, 0.5, 0.5, 0.5, 0.5, 0.5, 0.5, 0.5, 0.5, 0.5, 0.5, 0.5, 0.5, 0.5, 0.5, 0.5, 0.5, 0.5, 0.5, 0.5, 0.5, 0.5, 0.5, 0.5, 0.5, 0.5, 0.5, 0.5, 0.5, 0.5, 0.5, 0.5, 0.5, 0.5, 0.5, 0.5, 0.5, 0.5, 0.5, 0.5, 0.5, 0.5, 0.5, 0.5, 0.5, 0.5, 0.5, 0.5, 0.5, 0.5, 0.5, 0.5, 0.5, 0.5, 0.5, 0.5, 0.5, 0.5, 0.5, 0.5, 0.5, 0.5, 0.5, 0.5, 0.5, 0.5, 0.5, 0.5, 0.5, 0.5, 0.5, 0.5, 0.5, 0.5, 0.5, 0.5, 0.5, 0.5, 0.5, 0.5, 0.5, 0.5, 0.5, 0.5, 0.5, 0.5, 0.5, 0.5, 0.5, 0.5, 0.5, 0.5, 0.5, 0.5, 0.5, 0.5, 0.5, 0.5, 0.5, 0.5, 0.5, 0.5, 0.5, 0.5, 0.5, 0.5, 0.5, 0.5, 0.5, 0.5, 0.5, 0.5, 0.5, 0.5, 0.5, 0.5, 0.5, 0.5, 0.5, 0.5, 0.5, 0.5, 0.5, 0.5, 0.5, 0.5, 0.5, 0.5, 0.5, 0.5, 0.5, 0.5, 0.5, 0.5, 0.5, 0.5, 0.5, 0.5, 0.5, 0.5, 0.5, 0.5, 0.5, 0.5, 0.5, 0.5, 0.5, 0.5, 0.5, 0.5, 0.5, 0.5, 0.5, 0.5, 0.5, 0.5, 0.5, 0.5, 0.5, 0.5, 0.5, 0.5, 0.5, 0.5, 0.5, 0.5, 0.5, 0.5, 0.5, 0.5, 0.5, 0.5, 0.5, 0.5, 0.5, 0.5, 0.5, 0.5, 0.5, 0.5, 0.5, 0.5, 0.5, 0.5, 0.5, 0.5, 0.5, 0.5, 0.5, 0.5, 0.5, 0.5, 0.5, 0.5, 0.5, 0.5, 0.5, 0.5, 0.5, 0.5, 0.5, 0.5, 0.5, 0.5, 0.5, 0.5, 0.5, 0.5, 0.5, 0.5, 0.5, 0.5, 0.5, 0.5, 0.5, 0.5, 0.5, 0.5, 0.5, 0.5, 0.5, 0.5, 0.5, 0.5, 0.5, 0.5, 0.5, 0.5, 0.5, 0.5, 0.5, 0.5, 0.5, 0.5, 0.5, 0.5, 0.5, 0.5, 0.5, 0.5, 0.5, 0.5, 0.5, 0.5, 0.5, 0.5, 0.5, 0.5, 0.5, 0.5, 0.5, 0.5, 0.5, 0.5, 0.5, 0.5, 0.5, 0.5, 0.5, 0.5, 0.5, 0.5, 0.5, 0.5, 0.5, 0.5, 0.5, 0.5, 0.5, 0.5, 0.5, 0.5, 0.5, 0.5, 0.5, 0.5, 0.5, 0.5, 0.5, 0.5, 0.5, 0.5, 0.5, 0.5, 0.5, 0.5, 0.5, 0.5, 0.5, 0.5, 0.5, 0.5, 0.5, 0.5, 0.5, 0.5, 0.5, 0.5, 0.5, 0.5, 0.5, 0.5, 0.5, 0.5, 0.5, 0.5, 0.5, 0.5, 0.5, 0.5, 0.5, 0.5, 0.5, 0.5, 0.5, 0.5, 0.5, 0.5, 0.5, 0.5, 0.5, 0.5, 0.5, 0.5, 0.5, 0.5, 0.5, 0.5, 0.5, 0.5, 0.5, 0.5, 0.5, 0.5, 0.5, 0.5, 0.5, 0.5, 0.5, 0.5, 0.5, 0.5, 0.5, 0.5, 0.5, 0.5, 0.5, 0.5, 0.5, 0.5, 0.5, 0.5, 0.5, 0.5, 0.5, 0.5, 0.5, 0.5, 0.5, 0.5, 0.5, 0.5, 0.5, 0.5, 0.5, 0.5, 0.5, 0.5, 0.5, 0.5, 0.5, 0.5, 0.5, 0.5, 0.5, 0.5, 0.5, 0.5, 0.5, 0.5, 0.5, 0.5, 0.5, 0.5, 0.5, 0.5, 0.5, 0.5, 0.5, 0.5, 0.5, 0.5, 0.5, 0.5, 0.5, 0.5, 0.5, 0.5, 0.5, 0.5, 0.5, 0.5, 0.5, 0.5, 0.5, 0.5, 0.5, 0.5, 0.5, 0.5, 0.5, 0.5, 0.5, 0.5, 0.5, 0.5, 0.5, 0.5, 0.5, 0.5, 0.5, 0.5, 0.5, 0.5, 0.5, 0.5, 0.5, 0.5, 0.5, 0.5, 0.5, 0.5, 0.5, 0.5, 0.5, 0.5, 0.5, 0.5, 0.5, 0.5, 0.5, 0.5, 0.5, 0.5, 0.5, 0.5, 0.5, 0.5, 0.5, 0.5, 0.5, 0.5, 0.5, 0.5, 0.5, 0.5, 0.5, 0.5, 0.5, 0.5, 0.5, 0.5, 0.5, 0.5, 0.5, 0.5, 0.5, 0.5, 0.5, 0.5, 0.5, 0.5, 0.5, 0.5, 0.5, 0.5, 0.5, 0.5, 0.5, 0.5, 0.5, 0.5, 0.5, 0.5, 0.5, 0.5, 0.5, 0.5, 0.5, 0.5, 0.5, 0.5, 0.5, 0.5, 0.5, 0.5, 0.5, 0.5, 0.5, 0.5, 0.5, 0.5, 0.5, 0.5, 0.5, 0.5, 0.5, 0.5, 0.5, 0.5, 0.5, 0.5, 0.5, 0.5, 0.5, 0.5, 0.5, 0.5, 0.5, 0.5, 0.5, 0.5, 0.5, 0.5, 0.5, 0.5, 0.5, 0.5, 0.5, 0.5, 0.5, 0.5, 0.5, 0.5, 0.5, 0.5, 0.5, 0.5, 0.5, 0.5, 0.5, 0.5, 0.5, 0.5, 0.5, 0.5, 0.5, 0.5, 0.5, 0.5, 0.5, 0.5, 0.5, 0.5, 0.5, 0.5, 0.5, 0.5, 0.5, 0.5, 0.5, 0.5, 0.5, 0.5, 0.5, 0.5, 0.5, 0.5, 0.5, 0.5, 0.5, 0.5, 0.5, 0.5, 0.5, 0.5, 0.5, 0.5, 0.5, 0.5, 0.5, 0.5, 0.5, 0.5, 0.5, 0.5, 0.5, 0.5, 0.5, 0.5, 0.5, 0.5, 0.5, 0.5, 0.5, 0.5, 0.5, 0.5, 0.5, 0.5, 0.5, 0.5, 0.5, 0.5, 0.5, 0.5, 0.5, 0.5, 0.5, 0.5, 0.5, 0.5, 0.5, 0.5, 0.5, 0.5, 0.5, 0.5, 0.5, 0.5, 0.5, 0.5, 0.5, 0.5, 0.5, 0.5, 0.5, 0.5, 0.5, 0.5, 0.5, 0.5, 0.5, 0.5, 0.5, 0.5, 0.5, 0.5, 0.5, 0.5, 0.5, 0.5, 0.5, 0.5, 0.5, 0.5, 0.5, 0.5, 0.5, 0.5, 0.5, 0.5, 0.5, 0.5, 0.5, 0.5, 0.5, 0.5, 0.5, 0.5, 0.5, 0.5, 0.5, 0.5, 0.5, 0.5, 0.5, 0.5, 0.5, 0.5, 0.5, 0.5, 0.5, 0.5, 0.5, 0.5, 0.5, 0.5, 0.5, 0.5, 0.5, 0.5, 0.5, 0.5, 0.5, 0.5, 0.5, 0.5, 0.5, 0.5, 0.5, 0.5, 0.5, 0.5, 0.5, 0.5, 0.5, 0.5, 0.5, 0.5, 0.5, 0.5, 0.5, 0.5, 0.5, 0.5, 0.5, 0.5, 0.5, 0.5, 0.5, 0.5, 0.5, 0.5, 0.5, 0.5, 0.5, 0.5, 0.5, 0.5, 0.5, 0.5, 0.5, 0.5, 0.5, 0.5, 0.5, 0.5, 0.5, 0.5, 0.5, 0.5, 0.5, 0.5, 0.5, 0.5, 0.5, 0.5, 0.5, 0.5, 0.5, 0.5, 0.5, 0.5, 0.5, 0.5, 0.5, 0.5, 0.5, 0.5, 0.5, 0.5, 0.5, 0.5, 0.5, 0.5, 0.5, 0.5, 0.5, 0.5, 0.5, 0.5, 0.5, 0.5, 0.5, 0.5, 0.5, 0.5, 0.5, 0.5, 0.5, 0.5, 0.5, 0.5, 0.5, 0.5, 0.5, 0.5, 0.5, 0.5, 0.5, 0.5, 0.5, 0.5, 0.5, 0.5, 0.5, 0.5, 0.5, 0.5, 0.5, 0.5, 0.5, 0.5, 0.5, 0.5, 0.5, 0.5, 0.5, 0.5, 0.5, 0.5, 0.5, 0.5, 0.5, 0.5, 0.5, 0.5, 0.5, 0.5, 0.5, 0.5, 0.5, 0.5, 0.5, 0.5, 0.5, 0.5, 0.5, 0.5, 0.5, 0.5, 0.5, 0.5, 0.5, 0.5, 0.5, 0.5, 0.5, 0.5, 0.5, 0.5, 0.5, 0.5, 0.5, 0.5, 0.5, 0.5, 0.5, 0.5, 0.5, 0.5, 0.5, 0.5, 0.5, 0.5, 0.5, 0.5, 0.5, 0.5, 0.5, 0.5, 0.5, 0.5, 0.5, 0.5, 0.5, 0.5, 0.5, 0.5, 0.5, 0.5, 0.5, 0.5, 0.5, 0.5, 0.5, 0.5, 0.5, 0.5, 0.5, 0.5, 0.5, 0.5, 0.5, 0.5, 0.5, 0.5, 0.5, 0.5, 0.5, 0.5, 0.5, 0.5, 0.5, 0.5, 0.5, 0.5, 0.5, 0.5, 0.5, 0.5, 0.5, 0.5, 0.5, 0.5, 0.5, 0.5, 0.5, 0.5, 0.5, 0.5, 0.5, 0.5, 0.5, 0.5, 0.5, 0.5, 0.5, 0.5, 0.5, 0.5, 0.5, 0.5, 0.5, 0.5, 0.5, 0.5, 0.5, 0.5, 0.5, 0.5, 0.5, 0.5, 0.5, 0.5, 0.5, 0.5, 0.5, 0.5, 0.5, 0.5, 0.5, 0.5, 0.5, 0.5, 0.5, 0.5, 0.5, 0.5, 0.5, 0.5, 0.5, 0.5, 0.5, 0.5, 0.5, 0.5, 0.5, 0.5, 0.5, 0.5, 0.5, 0.5, 0.5, 0.5, 0.5, 0.5, 0.5, 0.5, 0.5, 0.5, 0.5, 0.5, 0.5, 0.5, 0.5, 0.5, 0.5, 0.5, 0.5, 0.5, 0.5, 0.5, 0.5, 0.5, 0.5, 0.5, 0.5, 0.5, 0.5, 0.5, 0.5, 0.5, 0.5, 0.5, 0.5, 0.5, 0.5, 0.5, 0.5, 0.5, 0.5, 0.5, 0.5, 0.5, 0.5, 0.5, 0.5, 0.5, 0.5, 0.5, 0.5, 0.5, 0.5, 0.5, 0.5, 0.5, 0.5, 0.5, 0.5, 0.5, 0.5, 0.5, 0.5, 0.5, 0.5, 0.5, 0.5, 0.5, 0.5, 0.5, 0.5, 0.5, 0.5, 0.5, 0.5, 0.5, 0.5, 0.5, 0.5, 0.5, 0.5, 0.5, 0.5, 0.5, 0.5, 0.5, 0.5, 0.5, 0.5, 0.5, 0.5, 0.5, 0.5, 0.5, 0.5, 0.5, 0.5, 0.5, 0.5, 0.5, 0.5, 0.5, 0.5, 0.5, 0.5, 0.5, 0.5, 0.5, 0.5, 0.5, 0.5, 0.5, 0.5, 0.5, 0.5, 0.5, 0.5, 0.5, 0.5, 0.5, 0.5, 0.5, 0.5, 0.5, 0.5, 0.5, 0.5, 0.5, 0.5, 0.5, 0.5, 0.5, 0.5, 0.5, 0.5, 0.5, 0.5, 0.5, 0.5, 0.5, 0.5, 0.5, 0.5, 0.5, 0.5, 0.5, 0.5, 0.5, 0.5, 0.5, 0.5, 0.5, 0.5, 0.5, 0.5, 0.5, 0.5, 0.5, 0.5, 0.5, 0.5, 0.5, 0.5, 0.5, 0.5, 0.5, 0.5, 0.5, 0.5, 0.5, 0.5, 0.5, 0.5, 0.5, 0.5, 0.5, 0.5, 0.5, 0.5, 0.5, 0.5, 0.5, 0.5, 0.5, 0.5, 0.5, 0.5, 0.5, 0.5, 0.5, 0.5, 0.5, 0.5, 0.5, 0.5, 0.5, 0.5, 0.5, 0.5, 0.5, 0.5, 0.5, 0.5, 0.5, 0.5, 0.5, 0.5, 0.5, 0.5, 0.5, 0.5, 0.5, 0.5, 0.5, 0.5, 0.5, 0.5, 0.5, 0.5, 0.5, 0.5, 0.5, 0.5, 0.5, 0.5, 0.5, 0.5, 0.5, 0.5, 0.5, 0.5, 0.5, 0.5, 0.5, 0.5, 0.5, 0.5, 0.5, 0.5, 0.5, 0.5, 0.5, 0.5, 0.5, 0.5, 0.5, 0.5, 0.5, 0.5, 0.5, 0.5, 0.5, 0.5, 0.5, 0.5, 0.5, 0.5, 0.5, 0.5, 0.5, 0.5, 0.5, 0.5, 0.5, 0.5, 0.5, 0.5, 0.5, 0.5, 0.5, 0.5, 0.5, 0.5, 0.5, 0.5, 0.5, 0.5, 0.5, 0.5, 0.5, 0.5, 0.5, 0.5, 0.5, 0.5, 0.5, 0.5, 0.5, 0.5, 0.5, 0.5, 0.5, 0.5, 0.5, 0.5, 0.5, 0.5, 0.5, 0.5, 0.5, 0.5, 0.5, 0.5, 0.5, 0.5, 0.5, 0.5, 0.5, 0.5, 0.5, 0.5, 0.5, 0.5, 0.5, 0.5, 0.5, 0.5, 0.5, 0.5, 0.5, 0.5, 0.5, 0.5, 0.5, 0.5, 0.5, 0.5, 0.5, 0.5, 0.5, 0.5, 0.5, 0.5, 0.5, 0.5, 0.5, 0.5, 0.5, 0.5, 0.5, 0.5, 0.5, 0.5, 0.5, 0.5, 0.5, 0.5, 0.5, 0.5, 0.5, 0.5, 0.5, 0.5, 0.5, 0.5, 0.5, 0.5, 0.5, 0.5, 0.5, 0.5, 0.5, 0.5, 0.5, 0.5, 0.5, 0.5, 0.5, 0.5, 0.5, 0.5, 0.5, 0.5, 0.5, 0.5, 0.5, 0.5, 0.5, 0.5, 0.5, 0.5, 0.5, 0.5, 0.5, 0.5, 0.5, 0.5, 0.5, 0.5, 0.5, 0.5, 0.5, 0.5, 0.5, 0.5, 0.5, 0.5, 0.5, 0.5, 0.5, 0.5, 0.5, 0.5, 0.5, 0.5, 0.5, 0.5, 0.5, 0.5, 0.5, 0.5, 0.5, 0.5, 0.5, 0.5, 0.5, 0.5, 0.5, 0.5, 0.5, 0.5, 0.5, 0.5, 0.5, 0.5, 0.5, 0.5, 0.5, 0.5, 0.5, 0.5, 0.5, 0.5, 0.5, 0.5, 0.5, 0.5, 0.5, 0.5, 0.5, 0.5, 0.5, 0.5, 0.5, 0.5, 0.5, 0.5, 0.5, 0.5, 0.5, 0.5, 0.5, 0.5, 0.5, 0.5, 0.5, 0.5, 0.5, 0.5, 0.5, 0.5, 0.5, 0.5, 0.5, 0.5, 0.5, 0.5, 0.5, 0.5, 0.5, 0.5, 0.5, 0.5, 0.5, 0.5, 0.5, 0.5, 0.5, 0.5, 0.5, 0.5, 0.5, 0.5, 0.5, 0.5, 0.5, 0.5, 0.5, 0.5, 0.5, 0.5, 0.5, 0.5, 0.5, 0.5, 0.5, 0.5, 0.5, 0.5, 0.5, 0.5, 0.5, 0.5, 0.5, 0.5, 0.5, 0.5, 0.5, 0.5, 0.5, 0.5, 0.5, 0.5, 0.5, 0.5, 0.5, 0.5, 0.5, 0.5, 0.5, 0.5, 0.5, 0.5, 0.5, 0.5, 0.5, 0.5, 0.5, 0.5, 0.5, 0.5, 0.5, 0.5, 0.5, 0.5, 0.5, 0.5, 0.5, 0.5, 0.5, 0.5, 0.5, 0.5, 0.5, 0.5, 0.5, 0.5, 0.5, 0.5, 0.5, 0.5, 0.5, 0.5, 0.5, 0.5, 0.5, 0.5, 0.5, 0.5, 0.5, 0.5, 0.5, 0.5, 0.5, 0.5, 0.5, 0.5, 0.5, 0.5, 0.5, 0.5, 0.5, 0.5, 0.5, 0.5, 0.5, 0.5, 0.5, 0.5, 0.5, 0.5, 0.5, 0.5, 0.5, 0.5, 0.5, 0.5, 0.5, 0.5, 0.5, 0.5, 0.5, 0.5, 0.5, 0.5, 0.5, 0.5, 0.5, 0.5, 0.5, 0.5, 0.5, 0.5, 0.5, 0.5, 0.5, 0.5, 0.5, 0.5, 0.5, 0.5, 0.5, 0.5, 0.5, 0.5, 0.5, 0.5, 0.5, 0.5, 0.5, 0.5, 0.5, 0.5, 0.5, 0.5, 0.5, 0.5, 0.5, 0.5, 0.5, 0.5, 0.5, 0.5, 0.5, 0.5, 0.5, 0.5, 0.5, 0.5, 0.5, 0.5, 0.5, 0.5, 0.5, 0.5, 0.5, 0.5, 0.5, 0.5, 0.5, 0.5, 0.5, 0.5, 0.5, 0.5, 0.5, 0.5, 0.5, 0.5, 0.5, 0.5, 0.5, 0.5, 0.5, 0.5, 0.5, 0.5, 0.5, 0.5, 0.5, 0.5, 0.5, 0.5, 0.5, 0.5, 0.5, 0.5, 0.5, 0.5, 0.5, 0.5, 0.5, 0.5, 0.5, 0.5, 0.5, 0.5, 0.5, 0.5, 0.5, 0.5, 0.5, 0.5, 0.5, 0.5, 0.5, 0.5, 0.5, 0.5, 0.5, 0.5, 0.5, 0.5, 0.5, 0.5, 0.5, 0.5, 0.5, 0.5, 0.5, 0.5, 0.5, 0.5, 0.5, 0.5, 0.5, 0.5, 0.5, 0.5, 0.5, 0.5, 0.5, 0.5, 0.5, 0.5, 0.5, 0.5, 0.5, 0.5, 0.5, 0.5, 0.5, 0.5, 0.5, 0.5, 0.5, 0.5, 0.5, 0.5, 0.5, 0.5, 0.5, 0.5, 0.5, 0.5, 0.5, 0.5, 0.5, 0.5, 0.5, 0.5, 0.5, 0.5, 0.5, 0.5, 0.5, 0.5, 0.5, 0.5, 0.5, 0.5, 0.5, 0.5, 0.5, 0.5, 0.5, 0.5, 0.5, 0.5, 0.5, 0.5, 0.5, 0.5, 0.5, 0.5, 0.5, 0.5, 0.5, 0.5, 0.5, 0.5, 0.5, 0.5, 0.5, 0.5, 0.5, 0.5, 0.5, 0.5, 0.5, 0.5, 0.5, 0.5, 0.5, 0.5, 0.5, 0.5, 0.5, 0.5, 0.5, 0.5, 0.5, 0.5, 0.5, 0.5, 0.5, 0.5, 0.5, 0.5, 0.5, 0.5, 0.5, 0.5, 0.5, 0.5, 0.5, 0.5, 0.5, 0.5, 0.5, 0.5, 0.5, 0.5, 0.5, 0.5, 0.5, 0.5, 0.5, 0.5, 0.5, 0.5, 0.5, 0.5, 0.5, 0.5, 0.5, 0.5, 0.5, 0.5, 0.5, 0.5, 0.5, 0.5, 0.5, 0.5, 0.5, 0.5, 0.5, 0.5, 0.5, 0.5, 0.5, 0.5, 0.5, 0.5, 0.5, 0.5, 0.5, 0.5, 0.5, 0.5, 0.5, 0.5, 0.5, 0.5, 0.5, 0.5, 0.5, 0.5, 0.5, 0.5, 0.5, 0.5, 0.5, 0.5, 0.5, 0.5, 0.5, 0.5, 0.5, 0.5, 0.5, 0.5, 0.5, 0.5, 0.5, 0.5, 0.5, 0.5, 0.5, 0.5, 0.5, 0.5, 0.5, 0.5, 0.5, 0.5, 0.5, 0.5, 0.5, 0.5, 0.5, 0.5, 0.5, 0.5, 0.5, 0.5, 0.5, 0.5, 0.5, 0.5, 0.5, 0.5, 0.5, 0.5, 0.5, 0.5, 0.5, 0.5, 0.5, 0.5, 0.5, 0.5, 0.5, 0.5, 0.5, 0.5, 0.5, 0.5, 0.5, 0.5, 0.5, 0.5, 0.5, 0.5, 0.5, 0.5, 0.5, 0.5, 0.5, 0.5, 0.5, 0.5, 0.5, 0.5, 0.5, 0.5, 0.5, 0.5, 0.5, 0.5, 0.5, 0.5, 0.5, 0.5, 0.5, 0.5, 0.5, 0.5, 0.5, 0.5, 0.5, 0.5, 0.5, 0.5, 0.5, 0.5, 0.5, 0.5, 0.5, 0.5, 0.5, 0.5, 0.5, 0.5, 0.5, 0.5, 0.5, 0.5, 0.5, 0.5, 0.5, 0.5, 0.5, 0.5, 0.5, 0.5, 0.5, 0.5, 0.5, 0.5, 0.5, 0.5, 0.5, 0.5, 0.5, 0.5, 0.5, 0.5, 0.5, 0.5, 0.5, 0.5, 0.5, 0.5, 0.5, 0.5, 0.5, 0.5, 0.5, 0.5, 0.5, 0.5, 0.5, 0.5, 0.5, 0.5, 0.5, 0.5, 0.5, 0.5, 0.5, 0.5, 0.5, 0.5, 0.5, 0.5, 0.5, 0.5, 0.5, 0.5, 0.5, 0.5, 0.5, 0.5, 0.5, 0.5, 0.5, 0.5, 0.5, 0.5, 0.5, 0.5, 0.5, 0.5, 0.5, 0.5, 0.5, 0.5, 0.5, 0.5, 0.5, 0.5, 0.5, 0.5, 0.5, 0.5, 0.5, 0.5, 0.5, 0.5, 0.5, 0.5, 0.5, 0.5, 0.5, 0.5, 0.5, 0.5, 0.5, 0.5, 0.5, 0.5, 0.5, 0.5, 0.5, 0.5, 0.5, 0.5, 0.5, 0.5, 0.5, 0.5, 0.5, 0.5, 0.5, 0.5, 0.5, 0.5, 0.5, 0.5, 0.5, 0.5, 0.5, 0.5, 0.5, 0.5, 0.5, 0.5, 0.5, 0.5, 0.5, 0.5, 0.5, 0.5, 0.5, 0.5, 0.5, 0.5, 0.5, 0.5, 0.5, 0.5, 0.5, 0.5, 0.5, 0.5, 0.5, 0.5, 0.5, 0.5, 0.5, 0.5, 0.5, 0.5, 0.5, 0.5, 0.5, 0.5, 0.5, 0.5, 0.5, 0.5, 0.5, 0.5, 0.5, 0.5, 0.5, 0.5, 0.5, 0.5, 0.5, 0.5, 0.5, 0.5, 0.5, 0.5, 0.5, 0.5, 0.5, 0.5, 0.5, 0.5, 0.5, 0.5, 0.5, 0.5, 0.5, 0.5, 0.5, 0.5, 0.5, 0.5, 0.5, 0.5, 0.5, 0.5, 0.5, 0.5, 0.5, 0.5, 0.5, 0.5, 0.5, 0.5, 0.5, 0.5, 0.5, 0.5, 0.5, 0.5, 0.5, 0.5, 0.5, 0.5, 0.5, 0.5, 0.5, 0.5, 0.5, 0.5, 0.5, 0.5, 0.5, 0.5, 0.5, 0.5, 0.5, 0.5, 0.5, 0.5, 0.5, 0.5, 0.5, 0.5, 0.5, 0.5, 0.5, 0.5, 0.5, 0.5, 0.5, 0.5, 0.5, 0.5, 0.5, 0.5, 0.5, 0.5, 0.5, 0.5, 0.5, 0.5, 0.5, 0.5, 0.5, 0.5, 0.5, 0.5, 0.5, 0.5, 0.5, 0.5, 0.5, 0.5, 0.5, 0.5, 0.5, 0.5, 0.5, 0.5, 0.5, 0.5, 0.5, 0.5, 0.5, 0.5, 0.5, 0.5, 0.5, 0.5, 0.5, 0.5, 0.5, 0.5, 0.5, 0.5, 0.5, 0.5, 0.5, 0.5, 0.5, 0.5, 0.5, 0.5, 0.5, 0.5, 0.5, 0.5, 0.5, 0.5, 0.5, 0.5, 0.5, 0.5, 0.5, 0.5, 0.5, 0.5, 0.5, 0.5, 0.5, 0.5, 0.5, 0.5, 0.5, 0.5, 0.5, 0.5, 0.5, 0.5, 0.5, 0.5, 0.5, 0.5, 0.5, 0.5, 0.5, 0.5, 0.5, 0.5, 0.5, 0.5, 0.5, 0.5, 0.5, 0.5, 0.5, 0.5, 0.5, 0.5, 0.5, 0.5, 0.5, 0.5, 0.5, 0.5, 0.5, 0.5, 0.5, 0.5, 0.5, 0.5, 0.5, 0.5, 0.5, 0.5, 0.5, 0.5, 0.5, 0.5, 0.5, 0.5, 0.5, 0.5, 0.5, 0.5, 0.5, 0.5, 0.5, 0.5, 0.5, 0.5, 0.5, 0.5, 0.5, 0.5, 0.5, 0.5, 0.5, 0.5, 0.5, 0.5, 0.5, 0.5, 0.5, 0.5, 0.5, 0.5, 0.5, 0.5, 0.5, 0.5, 0.5, 0.5, 0.5, 0.5, 0.5, 0.5, 0.5, 0.5, 0.5, 0.5, 0.5, 0.5, 0.5, 0.5, 0.5, 0.5, 0.5, 0.5, 0.5, 0.5, 0.5, 0.5, 0.5, 0.5, 0.5, 0.5, 0.5, 0.5, 0.5, 0.5, 0.5, 0.5, 0.5, 0.5, 0.5, 0.5, 0.5, 0.5, 0.5, 0.5, 0.5, 0.5, 0.5, 0.5, 0.5, 0.5, 0.5, 0.5, 0.5, 0.5, 0.5, 0.5, 0.5, 0.5, 0.5, 0.5, 0.5, 0.5, 0.5, 0.5, 0.5, 0.5, 0.5, 0.5, 0.5, 0.5, 0.5, 0.5, 0.5, 0.5, 0.5, 0.5, 0.5, 0.5, 0.5, 0.5, 0.5, 0.5, 0.5, 0.5, 0.5, 0.5, 0.5, 0.5, 0.5, 0.5, 0.5, 0.5, 0.5, 0.5, 0.5, 0.5, 0.5, 0.5, 0.5, 0.5, 0.5, 0.5, 0.5, 0.5, 0.5, 0.5, 0.5, 0.5, 0.5, 0.5, 0.5, 0.5, 0.5, 0.5, 0.5, 0.5, 0.5, 0.5, 0.5, 0.5, 0.5, 0.5, 0.5, 0.5, 0.5, 0.5, 0.5, 0.5, 0.5, 0.5, 0.5, 0.5, 0.5, 0.5, 0.5, 0.5, 0.5, 0.5, 0.5, 0.5, 0.5, 0.5, 0.5, 0.5, 0.5, 0.5, 0.5, 0.5, 0.5, 0.5, 0.5, 0.5, 0.5, 0.5, 0.5, 0.5, 0.5, 0.5, 0.5, 0.5, 0.5, 0.5, 0.5, 0.5, 0.5, 0.5, 0.5, 0.5, 0.5, 0.5, 0.5, 0.5, 0.5, 0.5, 0.5, 0.5, 0.5, 0.5, 0.5, 0.5, 0.5, 0.5, 0.5, 0.5, 0.5, 0.5, 0.5, 0.5, 0.5, 0.5, 0.5, 0.5, 0.5, 0.5, 0.5, 0.5, 0.5, 0.5, 0.5, 0.5, 0.5, 0.5, 0.5, 0.5, 0.5, 0.5, 0.5, 0.5, 0.5, 0.5, 0.5, 0.5, 0.5, 0.5, 0.5, 0.5, 0.5, 0.5, 0.5, 0.5, 0.5, 0.5, 0.5, 0.5, 0.5, 0.5, 0.5, 0.5, 0.5, 0.5, 0.5, 0.5, 0.5, 0.5, 0.5, 0.5, 0.5, 0.5, 0.5, 0.5, 0.5, 0.5, 0.5, 0.5, 0.5, 0.5, 0.5, 0.5, 0.5, 0.5, 0.5, 0.5, 0.5, 0.5, 0.5, 0.5, 0.5, 0.5, 0.5, 0.5, 0.5, 0.5, 0.5, 0.5, 0.5, 0.5, 0.5, 0.5, 0.5, 0.5, 0.5, 0.5, 0.5, 0.5, 0.5, 0.5, 0.5, 0.5, 0.5, 0.5, 0.5, 0.5, 0.5, 0.5, 0.5, 0.5, 0.5, 0.5, 0.5, 0.5, 0.5, 0.5, 0.5, 0.5, 0.5, 0.5, 0.5, 0.5, 0.5, 0.5, 0.5, 0.5, 0.5, 0.5, 0.5, 0.5, 0.5, 0.5, 0.5, 0.5, 0.5, 0.5, 0.5, 0.5, 0.5, 0.5, 0.5, 0.5, 0.5, 0.5, 0.5, 0.5, 0.5, 0.5, 0.5, 0.5, 0.5, 0.5, 0.5, 0.5, 0.5, 0.5, 0.5, 0.5, 0.5, 0.5, 0.5, 0.5, 0.5, 0.5, 0.5, 0.5, 0.5, 0.5, 0.5, 0.5, 0.5, 0.5, 0.5, 0.5, 0.5, 0.5, 0.5, 0.5, 0.5, 0.5, 0.5, 0.5, 0.5, 0.5, 0.5, 0.5, 0.5, 0.5, 0.5, 0.5, 0.5, 0.5, 0.5, 0.5, 0.5, 0.5, 0.5, 0.5, 0.5, 0.5, 0.5, 0.5, 0.5, 0.5, 0.5, 0.5, 0.5, 0.5, 0.5, 0.5, 0.5, 0.5, 0.5, 0.5, 0.5, 0.5, 0.5, 0.5, 0.5, 0.5, 0.5, 0.5, 0.5, 0.5, 0.5, 0.5, 0.5, 0.5, 0.5, 0.5, 0.5, 0.5, 0.5, 0.5, 0.5, 0.5, 0.5, 0.5, 0.5, 0.5, 0.5, 0.5, 0.5, 0.5, 0.5, 0.5, 0.5, 0.5, 0.5, 0.5, 0.5, 0.5, 0.5, 0.5, 0.5, 0.5, 0.5, 0.5, 0.5, 0.5, 0.5, 0.5, 0.5, 0.5, 0.5, 0.5, 0.5, 0.5, 0.5, 0.5, 0.5, 0.5, 0.5, 0.5, 0.5, 0.5, 0.5, 0.5, 0.5, 0.5, 0.5, 0.5, 0.5, 0.5, 0.5, 0.5, 0.5, 0.5, 0.5, 0.5, 0.5, 0.5, 0.5, 0.5, 0.5, 0.5, 0.5, 0.5, 0.5, 0.5, 0.5, 0.5, 0.5, 0.5, 0.5, 0.5, 0.5, 0.5, 0.5, 0.5, 0.5, 0.5, 0.5, 0.5, 0.5, 0.5, 0.5, 0.5, 0.5, 0.5, 0.5, 0.5, 0.5, 0.5, 0.5, 0.5, 0.5, 0.5, 0.5, 0.5, 0.5, 0.5, 0.5, 0.5, 0.5, 0.5, 0.5, 0.5, 0.5, 0.5, 0.5, 0.5, 0.5, 0.5, 0.5, 0.5, 0.5, 0.5, 0.5, 0.5, 0.5, 0.5, 0.5, 0.5, 0.5, 0.5, 0.5, 0.5, 0.5, 0.5, 0.5, 0.5, 0.5, 0.5, 0.5, 0.5, 0.5, 0.5, 0.5, 0.5, 0.5, 0.5, 0.5, 0.5, 0.5, 0.5, 0.5, 0.5, 0.5, 0.5, 0.5, 0.5, 0.5, 0.5, 0.5, 0.5, 0.5, 0.5, 0.5, 0.5, 0.5, 0.5, 0.5, 0.5, 0.5, 0.5, 0.5, 0.5, 0.5, 0.5, 0.5, 0.5, 0.5, 0.5, 0.5, 0.5, 0.5, 0.5, 0.5, 0.5, 0.5, 0.5, 0.5, 0.5, 0.5, 0.5, 0.5, 0.5, 0.5, 0.5, 0.5, 0.5, 0.5, 0.5, 0.5, 0.5, 0.5, 0.5, 0.5, 0.5, 0.5, 0.5, 0.5, 0.5, 0.5, 0.5, 0.5, 0.5, 0.5, 0.5, 0.5, 0.5, 0.5, 0.5, 0.5, 0.5, 0.5, 0.5, 0.5, 0.5, 0.5, 0.5, 0.5, 0.5, 0.5, 0.5, 0.5, 0.5, 0.5, 0.5, 0.5, 0.5, 0.5, 0.5, 0.5, 0.5, 0.5, 0.5, 0.5, 0.5, 0.5, 0.5, 0.5, 0.5, 0.5, 0.5, 0.5, 0.5, 0.5, 0.5, 0.5, 0.5, 0.5, 0.5, 0.5, 0.5, 0.5, 0.5, 0.5, 0.5, 0.5, 0.5, 0.5, 0.5, 0.5, 0.5, 0.5, 0.5, 0.5, 0.5, 0.5, 0.5, 0.5, 0.5, 0.5, 0.5, 0.5, 0.5, 0.5, 0.5, 0.5, 0.5, 0.5, 0.5, 0.5, 0.5, 0.5, 0.5, 0.5, 0.5, 0.5, 0.5, 0.5, 0.5, 0.5, 0.5, 0.5, 0.5, 0.5, 0.5, 0.5, 0.5, 0.5, 0.5, 0.5, 0.5, 0.5, 0.5, 0.5, 0.5, 0.5, 0.5, 0.5, 0.5, 0.5, 0.5, 0.5, 0.5, 0.5, 0.5, 0.5, 0.5, 0.5, 0.5, 0.5, 0.5, 0.5, 0.5, 0.5, 0.5, 0.5, 0.5, 0.5, 0.5, 0.5, 0.5, 0.5, 0.5, 0.5, 0.5, 0.5, 0.5, 0.5, 0.5, 0.5, 0.5, 0.5, 0.5, 0.5, 0.5, 0.5, 0.5, 0.5, 0.5, 0.5, 0.5, 0.5, 0.5, 0.5, 0.5, 0.5, 0.5, 0.5, 0.5, 0.5, 0.5, 0.5, 0.5, 0.5, 0.5, 0.5, 0.5, 0.5, 0.5, 0.5, 0.5, 0.5, 0.5, 0.5, 0.5, 0.5, 0.5, 0.5, 0.5, 0.5, 0.5, 0.5, 0.5, 0.5, 0.5, 0.5, 0.5, 0.5, 0.5, 0.5, 0.5, 0.5, 0.5, 0.5, 0.5, 0.5, 0.5, 0.5, 0.5, 0.5, 0.5, 0.5, 0.5, 0.5, 0.5, 0.5, 0.5, 0.5, 0.5, 0.5, 0.5, 0.5, 0.5, 0.5, 0.5, 0.5, 0.5, 0.5, 0.5, 0.5, 0.5, 0.5, 0.5, 0.5, 0.5, 0.5, 0.5, 0.5, 0.5, 0.5, 0.5, 0.5, 0.5, 0.5, 0.5, 0.5, 0.5, 0.5, 0.5, 0.5, 0.5, 0.5, 0.5, 0.5, 0.5, 0.5, 0.5, 0.5, 0.5, 0.5, 0.5, 0.5, 0.5, 0.5, 0.5, 0.5, 0.5, 0.5, 0.5, 0.5, 0.5, 0.5, 0.5, 0.5, 0.5, 0.5, 0.5, 0.5, 0.5, 0.5, 0.5, 0.5, 0.5, 0.5, 0.5, 0.5, 0.5, 0.5, 0.5, 0.5, 0.5, 0.5, 0.5, 0.5, 0.5, 0.5, 0.5, 0.5, 0.5, 0.5, 0.5, 0.5, 0.5, 0.5, 0.5, 0.5, 0.5, 0.5, 0.5, 0.5, 0.5, 0.5, 0.5, 0.5, 0.5, 0.5, 0.5, 0.5, 0.5, 0.5, 0.5, 0.5, 0.5, 0.5, 0.5, 0.5, 0.5]",0
2026_11_KICE_14-17_3,['3(3)'],"1번: 갑의 입장은 옳다 + ""(롱게네스는 자아와 인격이 시공간적 세계를 경험하는 인간에만 적용되는 개념이라고 주장한다. 롱게네스는 인격의 동일성의 기준은 각자가 자신의 것이라고 통시적으로 인식하는 신체라고 주장한다.)""

2번: 을의 입장은 옳지 않다 + ""(스트로슨은 인격을 의식과 신체의 복합체로 본다. 시공간적 세계 안에서 우리의 신체를 매개로 대상이 경험된다는 것은 과학적 사실이며 자아에 대한 인식은 경험적 인식들로부터 추상화되는 것이다. 그러므로 시공간적 세계에서의 경험이 인격의 통시적 동일성을 뒷받침한다고 그는 주장한다.)""

3번: 칸트 이전까지 유력했던 견해에 의하면, ‘생각하는 나’의 지속만으로는 인격의 동일성을 보장하지 않는다는 갑의 입장은 옳지 않겠다 + ""(칸트 이전까지 인격의 동일성의 설명에 관한 유력한 견해는, ‘생각하는 나’인 영혼이 단일한 주관으로서 시간의 흐름 속에 지속한다는 것이었다.)""

4번: 칸트의 견해에 따르면, 인격의 통시적 동일성은 그것에 대한 가정이 선행될 필요 없이 사고 기능의 동일성을 통해 판단 된다는 을의 입장은 옳겠군 + ""(칸트는 ‘나는 생각한다.’, 즉 ‘자기의식’은 인식이 이루어지는 것을 가능하게 하는 조건 중 하나에 불과하다고 보지만, 그 조건 자체는 무언가가 실재함을 보장하지 않는다. 따라서 자기의식은 ‘생각하는 나’가 단일한 주관으로서 실제로 존재한다는 것, 즉 ‘영혼의 실재함’을 보장하지 않고, ‘영혼이 실재할 가능성’을 열어둘 뿐이다.)""

5번: 롱게네스의 견해에 의하면, 인간과 상이한 존재에 의해서도 동일하게 수행될 수 있는 사고 기능이 인격의 동일성을 판단하는 기준이라는 을의 입장은 옳겠군 + ""(롱게네스는 자아와 인격이 시공간적 세계를 경험하는 인간에만 적용되는 개념이라고 주장한다. 그러나 인격의 동일성의 기준은 각자가 자신의 것이라고 통시적으로 인식하는 신체라고 롱게네스는 주장한다.)""

최종 정답: 1","[16, 167, 110, 230, 25, 220, 166, 108, 239, 35975, 246, 23821, 252, 227, 168, 252, 98, 35975, 222, 23821, 246, 111, 46695, 97, 1343, 30629, 167, 94, 109, 166, 110, 234, 167, 226, 97, 168, 232, 97, 167, 232, 242, 23821, 252, 238, 168, 243, 226, 168, 247, 222, 23821, 251, 116, 166, 110, 102, 35975, 112, 23821, 233, 250, 166, 111, 113, 166, 108, 226, 168, 254, 223, 23821, 226, 116, 166, 111, 226, 167, 98, 120, 220, 166, 110, 121, 169, 245, 246, 47991, 246, 167, 232, 242, 23821, 251, 116, 166, 108, 226, 168, 245, 238, 167, 100, 234, 23821, 254, 223, 168, 248, 102, 167, 238, 246, 167, 232, 242, 220, 166, 108, 250, 167, 227, 238, 35975, 112, 167, 251, 120, 166, 111, 254, 23821, 96, 120, 168, 252, 98, 47991, 250, 46695, 97, 13, 31619, 94, 109, 166, 110, 234, 167, 226, 97, 168, 232, 97, 167, 232, 242, 23821, 251, 116, 166, 110, 102, 35975, 246, 31619, 237, 247, 35975, 120, 168, 226, 109, 35975, 246, 220, 166, 116, 108, 168, 97, 222, 35975, 222, 220, 166, 108, 223, 168, 252, 238, 166, 108, 222, 23821, 252, 238, 168, 233, 254, 35975, 246, 220, 166, 110, 225, 35975, 112, 167, 251, 120, 166, 111, 254, 220, 169, 228, 113, 168, 233, 250, 168, 254, 223, 168, 250, 120, 167, 94, 250, 23821, 251, 116, 168, 233, 251, 47991, 246, 167, 232, 242, 23821, 233, 254, 168, 110, 112, 167, 251, 120, 166, 111, 254, 23821, 96, 120, 168, 252, 98, 47991, 250, 46695, 97, 2014, 1, 198, 198, 17, 167, 110, 230, 25, 23821, 251, 226, 35975, 246, 23821, 252, 227, 168, 252, 98, 35975, 222, 23821, 246, 111, 168, 100, 222, 23821, 243, 232, 46695, 97, 1343, 30629, 168, 232, 97, 169, 232, 116, 167, 94, 250, 168, 232, 101, 35975, 222, 23821, 251, 116, 166, 110, 102, 35975, 226, 23821, 251, 246, 168, 233, 251, 166, 111, 120, 23821, 233, 254, 168, 110, 112, 35975, 246, 31619, 111, 113, 47991, 102, 168, 110, 112, 167, 94, 250, 31619, 111, 116, 46695, 97, 13, 23821, 233, 250, 166, 111, 113, 166, 108, 226, 168, 254, 223, 23821, 226, 116, 166, 111, 226, 23821, 243, 230, 168, 245, 238, 168, 226, 250, 23821, 248, 108, 167, 99, 105, 35975, 246, 23821, 233, 254, 168, 110, 112, 167, 98, 120, 31619, 100, 97, 166, 108, 250, 167, 94, 250, 31619, 234, 222, 168, 225, 223, 35975, 112, 220, 166, 110, 121, 169, 245, 246, 167, 238, 250, 46695, 97, 167, 232, 242, 220, 166, 110, 225, 35975, 222, 220, 166, 111, 120, 47991, 247, 168, 254, 223, 23821, 8955, 168, 233, 97, 35975, 112, 167, 102, 108, 23821, 252, 238, 168, 243, 226, 168, 245, 238, 31619, 234, 222, 47991, 250, 23821, 251, 116, 168, 233, 251, 35975, 222, 220, 166, 110, 121, 169, 245, 246, 168, 254, 223, 23821, 251, 116, 168, 233, 251, 167, 241, 97, 167, 94, 250, 167, 114, 222, 169, 226, 108, 23821, 114, 242, 168, 225, 223, 169, 247, 242, 167, 238, 246, 167, 232, 242, 220, 166, 110, 225, 35975, 112, 46695, 97, 13, 220, 166, 115, 116, 167, 253, 105, 167, 107, 222, 167, 94, 250, 23821, 233, 250, 166, 111, 113, 166, 108, 226, 168, 254, 223, 23821, 226, 116, 166, 111, 226, 168, 245, 238, 168, 226, 250, 35975, 246, 220, 166, 110, 121, 169, 245, 246, 35975, 112, 23821, 251, 116, 166, 110, 102, 35975, 246, 220, 169, 228, 113, 168, 233, 250, 168, 254, 223, 31619, 237, 247, 35975, 120, 168, 226, 109, 35975, 226, 31619, 240, 115, 167, 108, 249, 168, 117, 101, 47991, 250, 46695, 97, 166, 111, 254, 220, 166, 115, 116, 167, 232, 242, 23821, 96, 120, 168, 252, 98, 47991, 250, 46695, 97, 2014, 1, 198, 198, 18, 167, 110, 230, 25, 23821, 117, 116, 169, 232, 116, 23821, 251, 112, 168, 254, 226, 166, 117, 234, 168, 100, 222, 23821, 250, 254, 167, 254, 98, 169, 244, 230, 167, 235, 246, 220, 166, 110, 105, 47991, 112, 168, 245, 238, 23821, 251, 246, 47991, 246, 167, 102, 112, 11, 564, 246, 168, 225, 251, 166, 108, 223, 47991, 246, 167, 232, 242, 31619, 224, 246, 447, 247, 35975, 246, 23821, 100, 222, 168, 228, 235, 167, 100, 234, 168, 250, 120, 167, 94, 250, 167, 232, 242, 23821, 251, 116, 166, 110, 102, 35975, 246, 31619, 237, 247, 35975, 120, 168, 226, 109, 35975, 226, 31619, 111, 112, 168, 252, 98, 47991, 246, 168, 100, 222, 23821, 243, 232, 167, 232, 242, 46695, 97, 167, 232, 242, 220, 166, 108, 239, 35975, 246, 23821, 252, 227, 168, 252, 98, 35975, 222, 23821, 246, 111, 168, 100, 222, 23821, 243, 232, 166, 110, 254, 46695, 97, 1343, 30629, 168, 117, 116, 169, 232, 116, 23821, 251, 112, 168, 254, 226, 166, 117, 234, 168, 100, 222, 23821, 251, 116, 166, 110, 102, 35975, 246, 31619, 237, 247, 35975, 120, 168, 226, 109, 35975, 246, 23821, 226, 97, 167, 103, 227, 168, 245, 238, 220, 166, 112, 222, 47991, 250, 23821, 250, 254, 167, 254, 98, 47991, 250, 220, 166, 110, 105, 47991, 112, 167, 232, 242, 11, 564, 246, 168, 225, 251, 166, 108, 223, 47991, 246, 167, 232, 242, 31619, 224, 246, 447, 247, 35975, 116, 23821, 246, 223, 169, 246, 120, 35975, 112, 31619, 233, 101, 35975, 120, 47991, 250, 23821, 96, 120, 166, 112, 222, 168, 250, 120, 167, 94, 250, 168, 226, 250, 23821, 233, 250, 166, 108, 226, 35975, 246, 220, 169, 251, 238, 167, 99, 226, 23821, 228, 235, 168, 245, 238, 23821, 100, 222, 168, 228, 235, 47991, 250, 46695, 97, 167, 232, 242, 220, 166, 110, 225, 35975, 112, 168, 245, 230, 46695, 97, 2014, 1, 198, 198, 19, 167, 110, 230, 25, 23821, 117, 116, 169, 232, 116, 35975, 246, 220, 166, 110, 105, 47991, 112, 168, 245, 238, 31619, 242, 108, 167, 98, 112, 167, 102, 112, 11, 23821, 251, 116, 166, 110, 102, 35975, 246, 220, 169, 228, 113, 168, 233, 250, 168, 254, 223, 31619, 237, 247, 35975, 120, 168, 226, 109, 35975, 222, 220, 166, 115, 116, 166, 110, 225, 168, 245, 238, 31619, 234, 222, 47991, 250, 220, 166, 108, 222, 168, 254, 243, 35975, 112, 23821, 226, 254, 169, 244, 231, 167, 238, 254, 220, 47991, 226, 168, 248, 242, 23821, 245, 228, 35975, 112, 23821, 8955, 166, 111, 254, 220, 166, 116, 108, 167, 232, 98, 35975, 246, 31619, 237, 247, 35975, 120, 168, 226, 109, 35975, 226, 220, 169, 228, 113, 47991, 112, 220, 169, 234, 238, 46695, 101, 31619, 238, 250, 46695, 97, 167, 232, 242, 23821, 251, 226, 35975, 246, 23821, 252, 227, 168, 252, 98, 35975, 222, 23821, 246, 111, 166, 110, 254, 166, 113, 108, 1343, 30629, 168, 117, 116, 169, 232, 116, 167, 232, 242, 564, 246, 167, 224, 246, 167, 232, 242, 23821, 225, 251, 166, 108, 223, 47991, 250, 46695, 97, 13, 447, 247, 11, 23821, 99, 231, 564, 246, 168, 252, 238, 166, 116, 108, 35975, 246, 168, 233, 251, 447, 247, 35975, 222, 23821, 251, 116, 168, 233, 251, 35975, 112, 23821, 251, 112, 167, 96, 101, 168, 244, 112, 168, 100, 222, 167, 232, 242, 220, 166, 110, 225, 35975, 226, 220, 166, 108, 222, 167, 232, 98, 47991, 246, 166, 110, 234, 220, 47991, 246, 167, 232, 242, 23821, 94, 108, 166, 109, 112, 23821, 97, 239, 220, 47991, 246, 167, 224, 246, 168, 245, 238, 31619, 114, 230, 166, 111, 120, 47991, 246, 46695, 97, 166, 111, 254, 31619, 111, 112, 168, 100, 222, 167, 100, 234, 11, 220, 166, 115, 116, 23821, 94, 108, 166, 109, 112, 23821, 252, 238, 168, 110, 112, 167, 232, 242, 31619, 105, 112, 168, 244, 116, 166, 108, 222, 166, 108, 222, 23821, 233, 97, 168, 252, 105, 47991, 101, 35975, 226, 31619, 111, 112, 168, 252, 98, 47991, 246, 168, 100, 222, 23821, 243, 232, 167, 232, 242, 46695, 97, 13, 31619, 242, 108, 167, 251, 120, 168, 226, 250, 23821, 252, 238, 166, 116, 108, 35975, 246, 168, 233, 251, 35975, 222, 564, 246, 168, 225, 251, 166, 108, 223, 47991, 246, 167, 232, 242, 31619, 224, 246, 447, 247, 166, 108, 222, 31619, 233, 101, 35975, 120, 47991, 250, 23821, 96, 120, 166, 112, 222, 168, 250, 120, 167, 94, 250, 168, 226, 250, 23821, 233, 97, 168, 254, 250, 167, 94, 250, 23821, 94, 112, 168, 252, 105, 47991, 250, 46695, 97, 167, 232, 242, 220, 166, 110, 225, 11, 23821, 99, 231, 564, 246, 168, 246, 223, 169, 246, 120, 35975, 246, 23821, 233, 97, 168, 252, 105, 47991, 101, 447, 247, 35975, 226, 31619, 111, 112, 168, 252, 98, 47991, 246, 168, 100, 222, 23821, 243, 232, 166, 111, 254, 11, 564, 246, 168, 246, 223, 169, 246, 120, 35975, 112, 23821, 233, 97, 168, 252, 105, 47991, 254, 220, 166, 108, 222, 167, 232, 98, 168, 226, 109, 447, 247, 35975, 226, 23821, 245, 112, 168, 244, 112, 167, 239, 246, 31619, 123, 238, 35975, 112, 46695, 97, 2014, 1, 198, 198, 20, 167, 110, 230, 25, 31619, 94, 109, 166, 110, 234, 167, 226, 97, 168, 232, 97, 35975, 246, 220, 166, 110, 105, 47991, 112, 168, 245, 238, 23821, 251, 246, 47991, 246, 167, 102, 112, 11, 23821, 251, 116, 166, 108, 226, 166, 111, 120, 23821, 225, 223, 35975, 112, 47991, 250, 23821, 94, 112, 168, 252, 105, 168, 245, 238, 23821, 251, 246, 47991, 112, 168, 226, 250, 167, 237, 226, 31619, 237, 247, 35975, 120, 47991, 246, 166, 110, 234, 23821, 230, 246, 169, 244, 231, 167, 238, 254, 23821, 230, 246, 23821, 252, 230, 167, 232, 242, 23821, 8955, 166, 111, 254, 220, 166, 116, 108, 167, 232, 98, 35975, 112, 23821, 251, 116, 166, 110, 102, 35975, 246, 31619, 237, 247, 35975, 120, 168, 226, 109, 35975, 226, 220, 169, 234, 238, 46695, 101, 47991, 246, 167, 232, 242, 220, 166, 116, 108, 168, 97, 222, 35975, 112, 167, 251, 120, 167, 232, 242, 23821, 251, 226, 35975, 246, 23821, 252, 227, 168, 252, 98, 35975, 222, 23821, 246, 111, 166, 110, 254, 166, 113, 108, 1343, 30629, 167, 94, 109, 166, 110, 234, 167, 226, 97, 168, 232, 97, 167, 232, 242, 23821, 252, 238, 168, 243, 226, 168, 247, 222, 23821, 251, 116, 166, 110, 102, 35975, 112, 23821, 233, 250, 166, 111, 113, 166, 108, 226, 168, 254, 223, 23821, 226, 116, 166, 111, 226, 167, 98, 120, 220, 166, 110, 121, 169, 245, 246, 47991, 246, 167, 232, 242, 23821, 251, 116, 166, 108, 226, 168, 245, 238, 167, 100, 234, 23821, 254, 223, 168, 248, 102, 167, 238, 246, 167, 232, 242, 220, 166, 108, 250, 167, 227, 238, 35975, 112, 167, 251, 120, 166, 111, 254, 23821, 96, 120, 168, 252, 98, 47991, 250, 46695, 97, 13, 220, 166, 115, 116, 167, 253, 105, 167, 224, 246, 23821, 251, 116, 166, 110, 102, 35975, 246, 31619, 237, 247, 35975, 120, 168, 226, 109, 35975, 246, 220, 166, 116, 108, 168, 97, 222, 35975, 222, 220, 166, 108, 223, 168, 252, 238, 166, 108, 222, 23821, 252, 238, 168, 233, 254, 35975, 246, 220, 166, 110, 225, 35975, 112, 167, 251, 120, 166, 111, 254, 220, 169, 228, 113, 168, 233, 250, 168, 254, 223, 168, 250, 120, 167, 94, 250, 23821, 251, 116, 168, 233, 251, 47991, 246, 167, 232, 242, 23821, 233, 254, 168, 110, 112, 167, 251, 120, 166, 111, 254, 31619, 94, 109, 166, 110, 234, 167, 226, 97, 168, 232, 97, 167, 232, 242, 23821, 96, 120, 168, 252, 98, 47991, 250, 46695, 97, 2014, 1, 198, 198, 168, 113, 250, 168, 95, 227, 23821, 254, 243, 46695, 113, 25, 352]","[0.5, 0.5, 0.5, 0.5, 0.5, 0.5, 0.5, 0.5, 0.5, 0.5, 0.5, 0.5, 0.5, 0.5, 0.5, 0.5, 0.5, 0.5, 0.5, 0.5, 0.5, 0.5, 0.5, 0.5, 0.5, 0.5, 0.5, 0.5, 0.5, 0.5, 0.5, 0.5, 0.5, 0.5, 0.5, 0.5, 0.5, 0.5, 0.5, 0.5, 0.5, 0.5, 0.5, 0.5, 0.5, 0.5, 0.5, 0.5, 0.5, 0.5, 0.5, 0.5, 0.5, 0.5, 0.5, 0.5, 0.5, 0.5, 0.5, 0.5, 0.5, 0.5, 0.5, 0.5, 0.5, 0.5, 0.5, 0.5, 0.5, 0.5, 0.5, 0.5, 0.5, 0.5, 0.5, 0.5, 0.5, 0.5, 0.5, 0.5, 0.5, 0.5, 0.5, 0.5, 0.5, 0.5, 0.5, 0.5, 0.5, 0.5, 0.5, 0.5, 0.5, 0.5, 0.5, 0.5, 0.5, 0.5, 0.5, 0.5, 0.5, 0.5, 0.5, 0.5, 0.5, 0.5, 0.5, 0.5, 0.5, 0.5, 0.5, 0.5, 0.5, 0.5, 0.5, 0.5, 0.5, 0.5, 0.5, 0.5, 0.5, 0.5, 0.5, 0.5, 0.5, 0.5, 0.5, 0.5, 0.5, 0.5, 0.5, 0.5, 0.5, 0.5, 0.5, 0.5, 0.5, 0.5, 0.5, 0.5, 0.5, 0.5, 0.5, 0.5, 0.5, 0.5, 0.5, 0.5, 0.5, 0.5, 0.5, 0.5, 0.5, 0.5, 0.5, 0.5, 0.5, 0.5, 0.5, 0.5, 0.5, 0.5, 0.5, 0.5, 0.5, 0.5, 0.5, 0.5, 0.5, 0.5, 0.5, 0.5, 0.5, 0.5, 0.5, 0.5, 0.5, 0.5, 0.5, 0.5, 0.5, 0.5, 0.5, 0.5, 0.5, 0.5, 0.5, 0.5, 0.5, 0.5, 0.5, 0.5, 0.5, 0.5, 0.5, 0.5, 0.5, 0.5, 0.5, 0.5, 0.5, 0.5, 0.5, 0.5, 0.5, 0.5, 0.5, 0.5, 0.5, 0.5, 0.5, 0.5, 0.5, 0.5, 0.5, 0.5, 0.5, 0.5, 0.5, 0.5, 0.5, 0.5, 0.5, 0.5, 0.5, 0.5, 0.5, 0.5, 0.5, 0.5, 0.5, 0.5, 0.5, 0.5, 0.5, 0.5, 0.5, 0.5, 0.5, 0.5, 0.5, 0.5, 0.5, 0.5, 0.5, 0.5, 0.5, 0.5, 0.5, 0.5, 0.5, 0.5, 0.5, 0.5, 0.5, 0.5, 0.5, 0.5, 0.5, 0.5, 0.5, 0.5, 0.5, 0.5, 0.5, 0.5, 0.5, 0.5, 0.5, 0.5, 0.5, 0.5, 0.5, 0.5, 0.5, 0.5, 0.5, 0.5, 0.5, 0.5, 0.5, 0.5, 0.5, 0.5, 0.5, 0.5, 0.5, 0.5, 0.5, 0.5, 0.5, 0.5, 0.5, 0.5, 0.5, 0.5, 0.5, 0.5, 0.5, 0.5, 0.5, 0.5, 0.5, 0.5, 0.5, 0.5, 0.5, 0.5, 0.5, 0.5, 0.5, 0.5, 0.5, 0.5, 0.5, 0.5, 0.5, 0.5, 0.5, 0.5, 0.5, 0.5, 0.5, 0.5, 0.5, 0.5, 0.5, 0.5, 0.5, 0.5, 0.5, 0.5, 0.5, 0.5, 0.5, 0.5, 0.5, 0.5, 0.5, 0.5, 0.5, 0.5, 0.5, 0.5, 0.5, 0.5, 0.5, 0.5, 0.5, 0.5, 0.5, 0.5, 0.5, 0.5, 0.5, 0.5, 0.5, 0.5, 0.5, 0.5, 0.5, 0.5, 0.5, 0.5, 0.5, 0.5, 0.5, 0.5, 0.5, 0.5, 0.5, 0.5, 0.5, 0.5, 0.5, 0.5, 0.5, 0.5, 0.5, 0.5, 0.5, 0.5, 0.5, 0.5, 0.5, 0.5, 0.5, 0.5, 0.5, 0.5, 0.5, 0.5, 0.5, 0.5, 0.5, 0.5, 0.5, 0.5, 0.5, 0.5, 0.5, 0.5, 0.5, 0.5, 0.5, 0.5, 0.5, 0.5, 0.5, 0.5, 0.5, 0.5, 0.5, 0.5, 0.5, 0.5, 0.5, 0.5, 0.5, 0.5, 0.5, 0.5, 0.5, 0.5, 0.5, 0.5, 0.5, 0.5, 0.5, 0.5, 0.5, 0.5, 0.5, 0.5, 0.5, 0.5, 0.5, 0.5, 0.5, 0.5, 0.5, 0.5, 0.5, 0.5, 0.5, 0.5, 0.5, 0.5, 0.5, 0.5, 0.5, 0.5, 0.5, 0.5, 0.5, 0.5, 0.5, 0.5, 0.5, 0.5, 0.5, 0.5, 0.5, 0.5, 0.5, 0.5, 0.5, 0.5, 0.5, 0.5, 0.5, 0.5, 0.5, 0.5, 0.5, 0.5, 0.5, 0.5, 0.5, 0.5, 0.5, 0.5, 0.5, 0.5, 0.5, 0.5, 0.5, 0.5, 0.5, 0.5, 0.5, 0.5, 0.5, 0.5, 0.5, 0.5, 0.5, 0.5, 0.5, 0.5, 0.5, 0.5, 0.5, 0.5, 0.5, 0.5, 0.5, 0.5, 0.5, 0.5, 0.5, 0.5, 0.5, 0.5, 0.5, 0.5, 0.5, 0.5, 0.5, 0.5, 0.5, 0.5, 0.5, 0.5, 0.5, 0.5, 0.5, 0.5, 0.5, 0.5, 0.5, 0.5, 0.5, 0.5, 0.5, 0.5, 0.5, 0.5, 0.5, 0.5, 0.5, 0.5, 0.5, 0.5, 0.5, 0.5, 0.5, 0.5, 0.5, 0.5, 0.5, 0.5, 0.5, 0.5, 0.5, 0.5, 0.5, 0.5, 0.5, 0.5, 0.5, 0.5, 0.5, 0.5, 0.5, 0.5, 0.5, 0.5, 0.5, 0.5, 0.5, 0.5, 0.5, 0.5, 0.5, 0.5, 0.5, 0.5, 0.5, 0.5, 0.5, 0.5, 0.5, 0.5, 0.5, 0.5, 0.5, 0.5, 0.5, 0.5, 0.5, 0.5, 0.5, 0.5, 0.5, 0.5, 0.5, 0.5, 0.5, 0.5, 0.5, 0.5, 0.5, 0.5, 0.5, 0.5, 0.5, 0.5, 0.5, 0.5, 0.5, 0.5, 0.5, 0.5, 0.5, 0.5, 0.5, 0.5, 0.5, 0.5, 0.5, 0.5, 0.5, 0.5, 0.5, 0.5, 0.5, 0.5, 0.5, 0.5, 0.5, 0.5, 0.5, 0.5, 0.5, 0.5, 0.5, 0.5, 0.5, 0.5, 0.5, 0.5, 0.5, 0.5, 0.5, 0.5, 0.5, 0.5, 0.5, 0.5, 0.5, 0.5, 0.5, 0.5, 0.5, 0.5, 0.5, 0.5, 0.5, 0.5, 0.5, 0.5, 0.5, 0.5, 0.5, 0.5, 0.5, 0.5, 0.5, 0.5, 0.5, 0.5, 0.5, 0.5, 0.5, 0.5, 0.5, 0.5, 0.5, 0.5, 0.5, 0.5, 0.5, 0.5, 0.5, 0.5, 0.5, 0.5, 0.5, 0.5, 0.5, 0.5, 0.5, 0.5, 0.5, 0.5, 0.5, 0.5, 0.5, 0.5, 0.5, 0.5, 0.5, 0.5, 0.5, 0.5, 0.5, 0.5, 0.5, 0.5, 0.5, 0.5, 0.5, 0.5, 0.5, 0.5, 0.5, 0.5, 0.5, 0.5, 0.5, 0.5, 0.5, 0.5, 0.5, 0.5, 0.5, 0.5, 0.5, 0.5, 0.5, 0.5, 0.5, 0.5, 0.5, 0.5, 0.5, 0.5, 0.5, 0.5, 0.5, 0.5, 0.5, 0.5, 0.5, 0.5, 0.5, 0.5, 0.5, 0.5, 0.5, 0.5, 0.5, 0.5, 0.5, 0.5, 0.5, 0.5, 0.5, 0.5, 0.5, 0.5, 0.5, 0.5, 0.5, 0.5, 0.5, 0.5, 0.5, 0.5, 0.5, 0.5, 0.5, 0.5, 0.5, 0.5, 0.5, 0.5, 0.5, 0.5, 0.5, 0.5, 0.5, 0.5, 0.5, 0.5, 0.5, 0.5, 0.5, 0.5, 0.5, 0.5, 0.5, 0.5, 0.5, 0.5, 0.5, 0.5, 0.5, 0.5, 0.5, 0.5, 0.5, 0.5, 0.5, 0.5, 0.5, 0.5, 0.5, 0.5, 0.5, 0.5, 0.5, 0.5, 0.5, 0.5, 0.5, 0.5, 0.5, 0.5, 0.5, 0.5, 0.5, 0.5, 0.5, 0.5, 0.5, 0.5, 0.5, 0.5, 0.5, 0.5, 0.5, 0.5, 0.5, 0.5, 0.5, 0.5, 0.5, 0.5, 0.5, 0.5, 0.5, 0.5, 0.5, 0.5, 0.5, 0.5, 0.5, 0.5, 0.5, 0.5, 0.5, 0.5, 0.5, 0.5, 0.5, 0.5, 0.5, 0.5, 0.5, 0.5, 0.5, 0.5, 0.5, 0.5, 0.5, 0.5, 0.5, 0.5, 0.5, 0.5, 0.5, 0.5, 0.5, 0.5, 0.5, 0.5, 0.5, 0.5, 0.5, 0.5, 0.5, 0.5, 0.5, 0.5, 0.5, 0.5, 0.5, 0.5, 0.5, 0.5, 0.5, 0.5, 0.5, 0.5, 0.5, 0.5, 0.5, 0.5, 0.5, 0.5, 0.5, 0.5, 0.5, 0.5, 0.5, 0.5, 0.5, 0.5, 0.5, 0.5, 0.5, 0.5, 0.5, 0.5, 0.5, 0.5, 0.5, 0.5, 0.5, 0.5, 0.5, 0.5, 0.5, 0.5, 0.5, 0.5, 0.5, 0.5, 0.5, 0.5, 0.5, 0.5, 0.5, 0.5, 0.5, 0.5, 0.5, 0.5, 0.5, 0.5, 0.5, 0.5, 0.5, 0.5, 0.5, 0.5, 0.5, 0.5, 0.5, 0.5, 0.5, 0.5, 0.5, 0.5, 0.5, 0.5, 0.5, 0.5, 0.5, 0.5, 0.5, 0.5, 0.5, 0.5, 0.5, 0.5, 0.5, 0.5, 0.5, 0.5, 0.5, 0.5, 0.5, 0.5, 0.5, 0.5, 0.5, 0.5, 0.5, 0.5, 0.5, 0.5, 0.5, 0.5, 0.5, 0.5, 0.5, 0.5, 0.5, 0.5, 0.5, 0.5, 0.5, 0.5, 0.5, 0.5, 0.5, 0.5, 0.5, 0.5, 0.5, 0.5, 0.5, 0.5, 0.5, 0.5, 0.5, 0.5, 0.5, 0.5, 0.5, 0.5, 0.5, 0.5, 0.5, 0.5, 0.5, 0.5, 0.5, 0.5, 0.5, 0.5, 0.5, 0.5, 0.5, 0.5, 0.5, 0.5, 0.5, 0.5, 0.5, 0.5, 0.5, 0.5, 0.5, 0.5, 0.5, 0.5, 0.5, 0.5, 0.5, 0.5, 0.5, 0.5, 0.5, 0.5, 0.5, 0.5, 0.5, 0.5, 0.5, 0.5, 0.5, 0.5, 0.5, 0.5, 0.5, 0.5, 0.5, 0.5, 0.5, 0.5, 0.5, 0.5, 0.5, 0.5, 0.5, 0.5, 0.5, 0.5, 0.5, 0.5, 0.5, 0.5, 0.5, 0.5, 0.5, 0.5, 0.5, 0.5, 0.5, 0.5, 0.5, 0.5, 0.5, 0.5, 0.5, 0.5, 0.5, 0.5, 0.5, 0.5, 0.5, 0.5, 0.5, 0.5, 0.5, 0.5, 0.5, 0.5, 0.5, 0.5, 0.5, 0.5, 0.5, 0.5, 0.5, 0.5, 0.5, 0.5, 0.5, 0.5, 0.5, 0.5, 0.5, 0.5, 0.5, 0.5, 0.5, 0.5, 0.5, 0.5, 0.5, 0.5, 0.5, 0.5, 0.5, 0.5, 0.5, 0.5, 0.5, 0.5, 0.5, 0.5, 0.5, 0.5, 0.5, 0.5, 0.5, 0.5, 0.5, 0.5, 0.5, 0.5, 0.5, 0.5, 0.5, 0.5, 0.5, 0.5, 0.5, 0.5, 0.5, 0.5, 0.5, 0.5, 0.5, 0.5, 0.5, 0.5, 0.5, 0.5, 0.5, 0.5, 0.5, 0.5, 0.5, 0.5, 0.5, 0.5, 0.5, 0.5, 0.5, 0.5, 0.5, 0.5, 0.5, 0.5, 0.5, 0.5, 0.5, 0.5, 0.5, 0.5, 0.5, 0.5, 0.5, 0.5, 0.5, 0.5, 0.5, 0.5, 0.5, 0.5, 0.5, 0.5, 0.5, 0.5, 0.5, 0.5, 0.5, 0.5, 0.5, 0.5, 0.5, 0.5, 0.5, 0.5, 0.5, 0.5, 0.5, 0.5, 0.5, 0.5, 0.5, 0.5, 0.5, 0.5, 0.5, 0.5, 0.5, 0.5, 0.5, 0.5, 0.5, 0.5, 0.5, 0.5, 0.5, 0.5, 0.5, 0.5, 0.5, 0.5, 0.5, 0.5, 0.5, 0.5, 0.5, 0.5, 0.5, 0.5, 0.5, 0.5, 0.5, 0.5, 0.5, 0.5, 0.5, 0.5, 0.5, 0.5, 0.5, 0.5, 0.5, 0.5, 0.5, 0.5, 0.5, 0.5, 0.5, 0.5, 0.5, 0.5, 0.5, 0.5, 0.5, 0.5, 0.5, 0.5, 0.5, 0.5, 0.5, 0.5, 0.5, 0.5, 0.5, 0.5, 0.5, 0.5, 0.5, 0.5, 0.5, 0.5, 0.5, 0.5, 0.5, 0.5, 0.5, 0.5, 0.5, 0.5, 0.5, 0.5, 0.5, 0.5, 0.5, 0.5, 0.5, 0.5, 0.5, 0.5, 0.5, 0.5, 0.5, 0.5, 0.5, 0.5, 0.5, 0.5, 0.5, 0.5, 0.5, 0.5, 0.5, 0.5, 0.5, 0.5, 0.5, 0.5, 0.5, 0.5, 0.5, 0.5, 0.5, 0.5, 0.5, 0.5, 0.5, 0.5, 0.5, 0.5, 0.5, 0.5, 0.5, 0.5, 0.5, 0.5, 0.5, 0.5, 0.5, 0.5, 0.5, 0.5, 0.5, 0.5, 0.5, 0.5, 0.5, 0.5, 0.5, 0.5, 0.5, 0.5, 0.5, 0.5, 0.5, 0.5, 0.5, 0.5, 0.5, 0.5, 0.5, 0.5, 0.5, 0.5, 0.5, 0.5, 0.5, 0.5, 0.5, 0.5, 0.5, 0.5, 0.5, 0.5, 0.5, 0.5, 0.5, 0.5, 0.5, 0.5, 0.5, 0.5, 0.5, 0.5, 0.5, 0.5, 0.5, 0.5, 0.5, 0.5, 0.5, 0.5, 0.5, 0.5, 0.5, 0.5, 0.5, 0.5, 0.5, 0.5, 0.5, 0.5, 0.5, 0.5, 0.5, 0.5, 0.5, 0.5, 0.5, 0.5, 0.5, 0.5, 0.5, 0.5, 0.5, 0.5, 0.5, 0.5, 0.5, 0.5, 0.5, 0.5, 0.5, 0.5, 0.5, 0.5, 0.5, 0.5, 0.5, 0.5, 0.5, 0.5, 0.5, 0.5, 0.5, 0.5, 0.5, 0.5, 0.5, 0.5, 0.5, 0.5, 0.5, 0.5, 0.5, 0.5, 0.5, 0.5, 0.5, 0.5, 0.5, 0.5, 0.5, 0.5, 0.5, 0.5, 0.5, 0.5, 0.5, 0.5, 0.5, 0.5, 0.5, 0.5, 0.5, 0.5, 0.5, 0.5, 0.5, 0.5, 0.5, 0.5, 0.5, 0.5, 0.5, 0.5, 0.5, 0.5, 0.5, 0.5, 0.5, 0.5, 0.5, 0.5, 0.5, 0.5, 0.5, 0.5, 0.5, 0.5, 0.5, 0.5, 0.5, 0.5, 0.5, 0.5, 0.5, 0.5, 0.5, 0.5, 0.5, 0.5, 0.5, 0.5, 0.5, 0.5, 0.5, 0.5, 0.5, 0.5, 0.5, 0.5, 0.5, 0.5, 0.5, 0.5, 0.5, 0.5, 0.5, 0.5, 0.5, 0.5, 0.5, 0.5, 0.5, 0.5, 0.5, 0.5, 0.5, 0.5, 0.5, 0.5, 0.5, 0.5, 0.5, 0.5, 0.5, 0.5, 0.5, 0.5, 0.5, 0.5, 0.5, 0.5, 0.5, 0.5, 0.5, 0.5, 0.5, 0.5, 0.5, 0.5, 0.5, 0.5, 0.5, 0.5, 0.5, 0.5, 0.5, 0.5, 0.5, 0.5, 0.5, 0.5, 0.5, 0.5, 0.5, 0.5, 0.5, 0.5, 0.5, 0.5, 0.5, 0.5, 0.5, 0.5, 0.5, 0.5, 0.5, 0.5, 0.5, 0.5, 0.5, 0.5, 0.5, 0.5, 0.5, 0.5, 0.5, 0.5, 0.5, 0.5, 0.5, 0.5, 0.5, 0.5, 0.5, 0.5, 0.5, 0.5, 0.5, 0.5, 0.5, 0.5, 0.5, 0.5, 0.5, 0.5, 0.5, 0.5, 0.5, 0.5, 0.5, 0.5, 0.5, 0.5, 0.5, 0.5, 0.5, 0.5, 0.5, 0.5, 0.5, 0.5, 0.5, 0.5, 0.5, 0.5, 0.5, 0.5, 0.5, 0.5, 0.5, 0.5, 0.5, 0.5, 0.5, 0.5, 0.5, 0.5, 0.5, 0.5, 0.5, 0.5, 0.5, 0.5, 0.5, 0.5, 0.5, 0.5, 0.5, 0.5, 0.5, 0.5, 0.5, 0.5, 0.5, 0.5, 0.5, 0.5, 0.5, 0.5, 0.5, 0.5, 0.5, 0.5, 0.5, 0.5, 0.5, 0.5, 0.5, 0.5, 0.5, 0.5, 0.5, 0.5, 0.5, 0.5, 0.5, 0.5, 0.5, 0.5, 0.5, 0.5, 0.5, 0.5, 0.5, 0.5, 0.5, 0.5, 0.5, 0.5, 0.5, 0.5, 0.5, 0.5, 0.5, 0.5, 0.5, 0.5, 0.5, 0.5, 0.5, 0.5, 0.5, 0.5, 0.5, 0.5, 0.5, 0.5, 0.5, 0.5, 0.5, 0.5, 0.5, 0.5, 0.5, 0.5, 0.5, 0.5, 0.5, 0.5, 0.5, 0.5, 0.5, 0.5, 0.5, 0.5, 0.5, 0.5, 0.5, 0.5, 0.5, 0.5, 0.5, 0.5, 0.5, 0.5, 0.5, 0.5, 0.5, 0.5, 0.5, 0.5, 0.5, 0.5, 0.5, 0.5, 0.5, 0.5, 0.5, 0.5, 0.5, 0.5, 0.5, 0.5, 0.5, 0.5, 0.5, 0.5, 0.5, 0.5, 0.5, 0.5, 0.5, 0.5, 0.5, 0.5, 0.5, 0.5, 0.5, 0.5, 0.5, 0.5, 0.5, 0.5, 0.5, 0.5, 0.5, 0.5, 0.5, 0.5, 0.5, 0.5, 0.5, 0.5, 0.5, 0.5, 0.5, 0.5, 0.5, 0.5, 0.5, 0.5, 0.5, 0.5, 0.5, 0.5, 0.5, 0.5, 0.5, 0.5, 0.5, 0.5, 0.5, 0.5, 0.5, 0.5, 0.5, 0.5, 0.5, 0.5, 0.5, 0.5, 0.5, 0.5, 0.5, 0.5, 0.5, 0.5, 0.5, 0.5, 0.5, 0.5, 0.5, 0.5, 0.5, 0.5, 0.5, 0.5, 0.5, 0.5, 0.5, 0.5, 0.5, 0.5, 0.5, 0.5, 0.5, 0.5, 0.5, 0.5, 0.5, 0.5, 0.5, 0.5, 0.5, 0.5, 0.5, 0.5, 0.5, 0.5, 0.5, 0.5, 0.5, 0.5, 0.5, 0.5, 0.5, 0.5, 0.5, 0.5, 0.5, 0.5, 0.5, 0.5, 0.5, 0.5, 0.5, 0.5, 0.5, 0.5, 0.5, 0.5, 0.5, 0.5, 0.5, 0.5, 0.5, 0.5, 0.5, 0.5, 0.5, 0.5, 0.5, 0.5, 0.5, 0.5, 0.5, 0.5, 0.5, 0.5, 0.5, 0.5, 0.5, 0.5, 0.5, 0.5, 0.5, 0.5, 0.5, 0.5, 0.5, 0.5, 0.5, 0.5, 0.5, 0.5, 0.5, 0.5, 0.5, 0.5, 0.5, 0.5, 0.5, 0.5, 0.5, 0.5, 0.5, 0.5, 0.5, 0.5, 0.5, 0.5, 0.5, 0.5, 0.5, 0.5, 0.5, 0.5, 0.5, 0.5, 0.5, 0.5, 0.5, 0.5, 0.5, 0.5, 0.5, 0.5, 0.5, 0.5, 0.5, 0.5, 0.5, 0.5, 0.5, 0.5, 0.5, 0.5, 0.5, 0.5, 0.5, 0.5, 0.5, 0.5, 0.5, 0.5, 0.5, 0.5, 0.5, 0.5, 0.5, 0.5, 0.5, 0.5, 0.5, 0.5, 0.5, 0.5, 0.5]",0
2026_11_KICE_18-21_0,['2(2)'],"계획:
- 각 선택지가 글의 어느 부분에 부합하는지 지문 내용을 바탕으로 검토합니다.
- 특히 누가 누구에게 어떤 대답이나 행동을 했는지, 누가 무엇을 밝히고 누구를 의심했는지 등 구체적 사건 순서를 확인합니다.
- 모순되거나 글의 맥락과 어긋나는 해석만 고르는 방식으로 비교합니다.
- 근거 문장을 명시하여 각 선택지의 타당성을 판단합니다.
- 최종 정답을 한 가지로 확정합니다.

1번: 적절합니다 + ""(지문 속 근거가 된 문장: ‘그때에 사슴이 발론하되... 수령님의 좋은 꾀를 일러 주옵소서’ / ‘호랑이가 수령 말을 듣더니마는 거두룸을 피우며 오늘은 노소고하를 막론하고 자세히 말해 보라’)""
2번: 적절하지 않음 + ""(지문 속 근거가 된 문장: ‘자라가 호랑이란 말을 듣고서 겁짐에 바로 일러 나는 명색이 자라 새끼요’)""
3번: 적절합니다 + ""(지문 속 근거가 된 문장: ‘자라가 … 여보 당신이 뉘라 허시오 호랑이 깜짝 놀래 에끼 이것 보아라 … 도리줌치 속에 배암 잡어 놓은 것같이 생긴 것이 인사성은 밝네 … 도리랑 도리랑 허고 달려들어 호랑이 아랫도리를 꽉 물고 뺑 돌아 놓으니’)""
4번: 적절합니다 + ""(지문 속 근거가 된 문장: ‘별주부 가만히 생각한즉 쓸개 주겠다라고 놓아 달라는 것이 얼주검이 된 모양이라 꽉 물었던 호랑이 아랫다리를 슬그머니 늦춰 놓으니’)""
5번: 적절하지 않음 + ""(지문 속 근거가 된 문장: ‘전라도 해남에서 냅다 뛴 놈이 의주 압록강 가에서 숨을 내쉬고 한편을 살펴보는데 남생이 한 마리가 뾰쪼롬허고 내다보니 별주부로 알았것다 … 저놈 그 새 저기 쫓아왔구나’)""

최종 정답: 2","[166, 111, 226, 169, 248, 235, 25, 198, 12, 220, 166, 108, 223, 23821, 226, 254, 169, 225, 251, 168, 100, 222, 166, 108, 222, 220, 166, 116, 222, 35975, 246, 23821, 244, 112, 167, 232, 238, 31619, 114, 222, 167, 114, 226, 168, 245, 238, 31619, 114, 222, 47991, 102, 47991, 246, 167, 232, 242, 168, 100, 222, 23821, 100, 222, 167, 105, 116, 31619, 224, 112, 168, 248, 102, 35975, 226, 31619, 108, 242, 169, 225, 243, 168, 250, 120, 167, 94, 250, 220, 166, 110, 222, 169, 228, 254, 47991, 102, 46695, 230, 46695, 97, 13, 198, 12, 220, 169, 232, 117, 169, 252, 230, 31619, 230, 226, 166, 108, 222, 31619, 230, 226, 166, 113, 105, 168, 245, 238, 166, 110, 234, 23821, 244, 112, 167, 244, 97, 31619, 234, 222, 46695, 113, 35975, 112, 167, 224, 246, 220, 169, 244, 231, 167, 237, 247, 35975, 226, 220, 169, 244, 230, 167, 232, 242, 168, 100, 222, 11, 31619, 230, 226, 166, 108, 222, 31619, 105, 112, 168, 245, 229, 35975, 226, 31619, 108, 251, 169, 252, 230, 166, 111, 254, 31619, 230, 226, 166, 113, 105, 167, 98, 120, 23821, 251, 246, 168, 233, 105, 169, 244, 230, 167, 232, 242, 168, 100, 222, 31619, 241, 109, 220, 166, 113, 105, 168, 110, 112, 168, 254, 223, 23821, 8955, 166, 109, 112, 23821, 230, 250, 168, 226, 250, 167, 98, 120, 220, 169, 247, 243, 35975, 116, 47991, 102, 46695, 230, 46695, 97, 13, 198, 12, 31619, 103, 101, 168, 230, 250, 167, 238, 246, 166, 109, 108, 167, 224, 246, 220, 166, 116, 222, 35975, 246, 31619, 100, 98, 167, 251, 121, 166, 111, 120, 23821, 244, 112, 166, 116, 233, 167, 224, 246, 167, 232, 242, 220, 47991, 112, 168, 226, 251, 167, 100, 234, 220, 166, 111, 254, 167, 98, 112, 167, 232, 242, 31619, 108, 102, 168, 233, 251, 168, 250, 120, 167, 94, 250, 31619, 117, 226, 166, 113, 238, 47991, 102, 46695, 230, 46695, 97, 13, 198, 12, 220, 166, 115, 120, 166, 109, 108, 31619, 105, 116, 168, 252, 98, 35975, 226, 31619, 103, 227, 168, 233, 250, 47991, 246, 168, 245, 105, 220, 166, 108, 223, 23821, 226, 254, 169, 225, 251, 168, 100, 222, 35975, 246, 220, 169, 225, 222, 46695, 117, 168, 226, 109, 35975, 226, 220, 169, 234, 238, 46695, 101, 47991, 102, 46695, 230, 46695, 97, 13, 198, 12, 23821, 113, 250, 168, 95, 227, 23821, 254, 243, 46695, 113, 35975, 226, 220, 47991, 250, 220, 166, 108, 222, 168, 100, 222, 167, 94, 250, 220, 169, 247, 243, 168, 254, 243, 47991, 102, 46695, 230, 46695, 97, 13, 198, 198, 16, 167, 110, 230, 25, 23821, 254, 223, 168, 254, 230, 47991, 102, 46695, 230, 46695, 97, 1343, 30629, 168, 100, 222, 167, 105, 116, 23821, 228, 235, 220, 166, 115, 120, 166, 109, 108, 166, 108, 222, 31619, 238, 250, 31619, 105, 116, 168, 252, 98, 25, 564, 246, 166, 115, 116, 167, 243, 234, 168, 245, 238, 23821, 8955, 168, 232, 112, 35975, 112, 31619, 108, 250, 167, 94, 254, 47991, 246, 167, 238, 246, 986, 23821, 230, 246, 167, 254, 117, 46695, 246, 35975, 246, 23821, 95, 233, 35975, 222, 220, 166, 122, 222, 167, 98, 120, 23821, 251, 120, 167, 253, 105, 23821, 96, 120, 168, 246, 113, 168, 228, 234, 168, 226, 250, 447, 247, 1220, 564, 246, 169, 246, 116, 167, 252, 239, 35975, 112, 166, 108, 222, 23821, 230, 246, 167, 254, 117, 31619, 100, 238, 35975, 226, 31619, 241, 96, 167, 235, 242, 46695, 230, 167, 100, 230, 167, 232, 242, 220, 166, 109, 108, 167, 239, 238, 167, 96, 116, 35975, 226, 220, 169, 242, 120, 168, 248, 108, 167, 102, 108, 23821, 246, 97, 167, 232, 246, 35975, 222, 31619, 227, 116, 168, 228, 234, 166, 111, 254, 47991, 246, 167, 98, 120, 31619, 100, 231, 167, 94, 254, 47991, 246, 166, 111, 254, 23821, 252, 238, 168, 226, 116, 169, 252, 230, 31619, 100, 238, 47991, 112, 31619, 111, 112, 167, 251, 120, 447, 247, 16725, 198, 17, 167, 110, 230, 25, 23821, 254, 223, 168, 254, 230, 47991, 246, 168, 100, 222, 23821, 243, 232, 35975, 234, 1343, 30629, 168, 100, 222, 167, 105, 116, 23821, 228, 235, 220, 166, 115, 120, 166, 109, 108, 166, 108, 222, 31619, 238, 250, 31619, 105, 116, 168, 252, 98, 25, 564, 246, 168, 252, 238, 167, 251, 120, 166, 108, 222, 220, 169, 246, 116, 167, 252, 239, 35975, 112, 167, 252, 222, 31619, 100, 238, 35975, 226, 31619, 241, 96, 166, 111, 254, 168, 226, 250, 220, 166, 110, 223, 168, 100, 238, 168, 245, 238, 31619, 108, 242, 167, 94, 250, 23821, 251, 120, 167, 253, 105, 31619, 224, 246, 167, 232, 242, 31619, 103, 227, 168, 225, 231, 35975, 112, 23821, 252, 238, 167, 251, 120, 23821, 225, 230, 167, 223, 120, 168, 248, 242, 447, 247, 16725, 198, 18, 167, 110, 230, 25, 23821, 254, 223, 168, 254, 230, 47991, 102, 46695, 230, 46695, 97, 1343, 30629, 168, 100, 222, 167, 105, 116, 23821, 228, 235, 220, 166, 115, 120, 166, 109, 108, 166, 108, 222, 31619, 238, 250, 31619, 105, 116, 168, 252, 98, 25, 564, 246, 168, 252, 238, 167, 251, 120, 166, 108, 222, 3926, 23821, 245, 105, 167, 111, 112, 31619, 233, 117, 168, 233, 254, 35975, 112, 31619, 231, 246, 167, 251, 120, 220, 169, 245, 230, 168, 233, 250, 168, 246, 97, 220, 169, 246, 116, 167, 252, 239, 35975, 112, 220, 166, 117, 250, 168, 100, 251, 31619, 228, 222, 167, 252, 246, 23821, 245, 238, 167, 223, 120, 23821, 251, 112, 166, 110, 225, 31619, 111, 112, 168, 243, 226, 167, 251, 120, 3926, 31619, 237, 226, 167, 99, 105, 168, 97, 234, 168, 117, 246, 23821, 228, 235, 168, 245, 238, 31619, 108, 108, 168, 243, 242, 23821, 252, 94, 168, 244, 112, 31619, 228, 241, 35975, 222, 220, 166, 110, 225, 166, 108, 247, 35975, 112, 23821, 225, 251, 166, 116, 112, 220, 166, 110, 225, 35975, 112, 23821, 251, 116, 168, 8955, 168, 226, 109, 35975, 222, 31619, 108, 251, 167, 226, 97, 3926, 31619, 237, 226, 167, 99, 105, 167, 252, 239, 31619, 237, 226, 167, 99, 105, 167, 252, 239, 220, 169, 245, 230, 166, 111, 254, 31619, 233, 105, 167, 254, 97, 167, 241, 97, 168, 244, 112, 220, 169, 246, 116, 167, 252, 239, 35975, 112, 23821, 243, 226, 167, 252, 104, 167, 237, 226, 167, 99, 105, 167, 98, 120, 220, 166, 121, 231, 31619, 45539, 166, 111, 254, 31619, 118, 239, 31619, 237, 234, 168, 243, 226, 31619, 228, 241, 168, 250, 120, 46695, 230, 447, 247, 16725, 198, 19, 167, 110, 230, 25, 23821, 254, 223, 168, 254, 230, 47991, 102, 46695, 230, 46695, 97, 1343, 30629, 168, 100, 222, 167, 105, 116, 23821, 228, 235, 220, 166, 115, 120, 166, 109, 108, 166, 108, 222, 31619, 238, 250, 31619, 105, 116, 168, 252, 98, 25, 564, 246, 167, 111, 226, 168, 96, 120, 167, 114, 222, 220, 166, 108, 222, 167, 100, 234, 169, 252, 230, 23821, 225, 251, 166, 108, 223, 47991, 250, 168, 99, 231, 23821, 241, 116, 166, 108, 250, 23821, 96, 120, 166, 110, 254, 46695, 97, 167, 251, 120, 166, 111, 254, 31619, 228, 241, 168, 243, 226, 31619, 233, 105, 167, 251, 120, 167, 232, 242, 220, 166, 110, 225, 35975, 112, 23821, 244, 120, 168, 96, 120, 166, 110, 222, 35975, 112, 31619, 238, 250, 31619, 103, 101, 168, 244, 239, 35975, 112, 167, 251, 120, 220, 166, 121, 231, 31619, 45539, 168, 245, 230, 167, 235, 246, 220, 169, 246, 116, 167, 252, 239, 35975, 112, 23821, 243, 226, 167, 252, 104, 46695, 97, 167, 99, 105, 167, 98, 120, 23821, 232, 105, 166, 115, 116, 167, 101, 116, 46695, 230, 31619, 232, 99, 168, 114, 108, 31619, 228, 241, 168, 250, 120, 46695, 230, 447, 247, 16725, 198, 20, 167, 110, 230, 25, 23821, 254, 223, 168, 254, 230, 47991, 246, 168, 100, 222, 23821, 243, 232, 35975, 234, 1343, 30629, 168, 100, 222, 167, 105, 116, 23821, 228, 235, 220, 166, 115, 120, 166, 109, 108, 166, 108, 222, 31619, 238, 250, 31619, 105, 116, 168, 252, 98, 25, 564, 246, 168, 254, 226, 167, 251, 120, 167, 237, 226, 220, 47991, 112, 167, 224, 101, 168, 245, 238, 168, 226, 250, 31619, 225, 227, 46695, 97, 31619, 249, 112, 31619, 228, 230, 35975, 112, 23821, 251, 246, 168, 96, 120, 23821, 243, 243, 167, 94, 251, 166, 108, 243, 220, 166, 108, 222, 168, 245, 238, 168, 226, 250, 23821, 230, 101, 35975, 226, 31619, 224, 112, 168, 231, 105, 166, 111, 254, 220, 47991, 250, 169, 236, 116, 35975, 226, 23821, 224, 112, 169, 236, 112, 167, 111, 112, 167, 232, 242, 167, 235, 108, 31619, 224, 101, 168, 225, 251, 35975, 112, 220, 47991, 250, 31619, 100, 230, 167, 99, 105, 166, 108, 222, 31619, 122, 108, 168, 103, 120, 167, 94, 105, 169, 245, 230, 166, 111, 254, 31619, 224, 112, 46695, 97, 167, 111, 112, 46695, 230, 31619, 111, 226, 168, 96, 120, 167, 114, 222, 167, 94, 250, 23821, 243, 234, 168, 243, 246, 166, 110, 225, 46695, 97, 3926, 23821, 254, 222, 167, 228, 230, 220, 166, 115, 116, 23821, 225, 230, 23821, 254, 222, 166, 116, 108, 23821, 104, 241, 168, 243, 226, 168, 247, 242, 166, 113, 105, 167, 224, 246, 447, 247, 16725, 198, 198, 168, 113, 250, 168, 95, 227, 23821, 254, 243, 46695, 113, 25, 362]","[0.5, 0.5, 0.5, 0.5, 0.5, 0.5, 0.5, 0.5, 0.5, 0.5, 0.5, 0.5, 0.5, 0.5, 0.5, 0.5, 0.5, 0.5, 0.5, 0.5, 0.5, 0.5, 0.5, 0.5, 0.5, 0.5, 0.5, 0.5, 0.5, 0.5, 0.5, 0.5, 0.5, 0.5, 0.5, 0.5, 0.5, 0.5, 0.5, 0.5, 0.5, 0.5, 0.5, 0.5, 0.5, 0.5, 0.5, 0.5, 0.5, 0.5, 0.5, 0.5, 0.5, 0.5, 0.5, 0.5, 0.5, 0.5, 0.5, 0.5, 0.5, 0.5, 0.5, 0.5, 0.5, 0.5, 0.5, 0.5, 0.5, 0.5, 0.5, 0.5, 0.5, 0.5, 0.5, 0.5, 0.5, 0.5, 0.5, 0.5, 0.5, 0.5, 0.5, 0.5, 0.5, 0.5, 0.5, 0.5, 0.5, 0.5, 0.5, 0.5, 0.5, 0.5, 0.5, 0.5, 0.5, 0.5, 0.5, 0.5, 0.5, 0.5, 0.5, 0.5, 0.5, 0.5, 0.5, 0.5, 0.5, 0.5, 0.5, 0.5, 0.5, 0.5, 0.5, 0.5, 0.5, 0.5, 0.5, 0.5, 0.5, 0.5, 0.5, 0.5, 0.5, 0.5, 0.5, 0.5, 0.5, 0.5, 0.5, 0.5, 0.5, 0.5, 0.5, 0.5, 0.5, 0.5, 0.5, 0.5, 0.5, 0.5, 0.5, 0.5, 0.5, 0.5, 0.5, 0.5, 0.5, 0.5, 0.5, 0.5, 0.5, 0.5, 0.5, 0.5, 0.5, 0.5, 0.5, 0.5, 0.5, 0.5, 0.5, 0.5, 0.5, 0.5, 0.5, 0.5, 0.5, 0.5, 0.5, 0.5, 0.5, 0.5, 0.5, 0.5, 0.5, 0.5, 0.5, 0.5, 0.5, 0.5, 0.5, 0.5, 0.5, 0.5, 0.5, 0.5, 0.5, 0.5, 0.5, 0.5, 0.5, 0.5, 0.5, 0.5, 0.5, 0.5, 0.5, 0.5, 0.5, 0.5, 0.5, 0.5, 0.5, 0.5, 0.5, 0.5, 0.5, 0.5, 0.5, 0.5, 0.5, 0.5, 0.5, 0.5, 0.5, 0.5, 0.5, 0.5, 0.5, 0.5, 0.5, 0.5, 0.5, 0.5, 0.5, 0.5, 0.5, 0.5, 0.5, 0.5, 0.5, 0.5, 0.5, 0.5, 0.5, 0.5, 0.5, 0.5, 0.5, 0.5, 0.5, 0.5, 0.5, 0.5, 0.5, 0.5, 0.5, 0.5, 0.5, 0.5, 0.5, 0.5, 0.5, 0.5, 0.5, 0.5, 0.5, 0.5, 0.5, 0.5, 0.5, 0.5, 0.5, 0.5, 0.5, 0.5, 0.5, 0.5, 0.5, 0.5, 0.5, 0.5, 0.5, 0.5, 0.5, 0.5, 0.5, 0.5, 0.5, 0.5, 0.5, 0.5, 0.5, 0.5, 0.5, 0.5, 0.5, 0.5, 0.5, 0.5, 0.5, 0.5, 0.5, 0.5, 0.5, 0.5, 0.5, 0.5, 0.5, 0.5, 0.5, 0.5, 0.5, 0.5, 0.5, 0.5, 0.5, 0.5, 0.5, 0.5, 0.5, 0.5, 0.5, 0.5, 0.5, 0.5, 0.5, 0.5, 0.5, 0.5, 0.5, 0.5, 0.5, 0.5, 0.5, 0.5, 0.5, 0.5, 0.5, 0.5, 0.5, 0.5, 0.5, 0.5, 0.5, 0.5, 0.5, 0.5, 0.5, 0.5, 0.5, 0.5, 0.5, 0.5, 0.5, 0.5, 0.5, 0.5, 0.5, 0.5, 0.5, 0.5, 0.5, 0.5, 0.5, 0.5, 0.5, 0.5, 0.5, 0.5, 0.5, 0.5, 0.5, 0.5, 0.5, 0.5, 0.5, 0.5, 0.5, 0.5, 0.5, 0.5, 0.5, 0.5, 0.5, 0.5, 0.5, 0.5, 0.5, 0.5, 0.5, 0.5, 0.5, 0.5, 0.5, 0.5, 0.5, 0.5, 0.5, 0.5, 0.5, 0.5, 0.5, 0.5, 0.5, 0.5, 0.5, 0.5, 0.5, 0.5, 0.5, 0.5, 0.5, 0.5, 0.5, 0.5, 0.5, 0.5, 0.5, 0.5, 0.5, 0.5, 0.5, 0.5, 0.5, 0.5, 0.5, 0.5, 0.5, 0.5, 0.5, 0.5, 0.5, 0.5, 0.5, 0.5, 0.5, 0.5, 0.5, 0.5, 0.5, 0.5, 0.5, 0.5, 0.5, 0.5, 0.5, 0.5, 0.5, 0.5, 0.5, 0.5, 0.5, 0.5, 0.5, 0.5, 0.5, 0.5, 0.5, 0.5, 0.5, 0.5, 0.5, 0.5, 0.5, 0.5, 0.5, 0.5, 0.5, 0.5, 0.5, 0.5, 0.5, 0.5, 0.5, 0.5, 0.5, 0.5, 0.5, 0.5, 0.5, 0.5, 0.5, 0.5, 0.5, 0.5, 0.5, 0.5, 0.5, 0.5, 0.5, 0.5, 0.5, 0.5, 0.5, 0.5, 0.5, 0.5, 0.5, 0.5, 0.5, 0.5, 0.5, 0.5, 0.5, 0.5, 0.5, 0.5, 0.5, 0.5, 0.5, 0.5, 0.5, 0.5, 0.5, 0.5, 0.5, 0.5, 0.5, 0.5, 0.5, 0.5, 0.5, 0.5, 0.5, 0.5, 0.5, 0.5, 0.5, 0.5, 0.5, 0.5, 0.5, 0.5, 0.5, 0.5, 0.5, 0.5, 0.5, 0.5, 0.5, 0.5, 0.5, 0.5, 0.5, 0.5, 0.5, 0.5, 0.5, 0.5, 0.5, 0.5, 0.5, 0.5, 0.5, 0.5, 0.5, 0.5, 0.5, 0.5, 0.5, 0.5, 0.5, 0.5, 0.5, 0.5, 0.5, 0.5, 0.5, 0.5, 0.5, 0.5, 0.5, 0.5, 0.5, 0.5, 0.5, 0.5, 0.5, 0.5, 0.5, 0.5, 0.5, 0.5, 0.5, 0.5, 0.5, 0.5, 0.5, 0.5, 0.5, 0.5, 0.5, 0.5, 0.5, 0.5, 0.5, 0.5, 0.5, 0.5, 0.5, 0.5, 0.5, 0.5, 0.5, 0.5, 0.5, 0.5, 0.5, 0.5, 0.5, 0.5, 0.5, 0.5, 0.5, 0.5, 0.5, 0.5, 0.5, 0.5, 0.5, 0.5, 0.5, 0.5, 0.5, 0.5, 0.5, 0.5, 0.5, 0.5, 0.5, 0.5, 0.5, 0.5, 0.5, 0.5, 0.5, 0.5, 0.5, 0.5, 0.5, 0.5, 0.5, 0.5, 0.5, 0.5, 0.5, 0.5, 0.5, 0.5, 0.5, 0.5, 0.5, 0.5, 0.5, 0.5, 0.5, 0.5, 0.5, 0.5, 0.5, 0.5, 0.5, 0.5, 0.5, 0.5, 0.5, 0.5, 0.5, 0.5, 0.5, 0.5, 0.5, 0.5, 0.5, 0.5, 0.5, 0.5, 0.5, 0.5, 0.5, 0.5, 0.5, 0.5, 0.5, 0.5, 0.5, 0.5, 0.5, 0.5, 0.5, 0.5, 0.5, 0.5, 0.5, 0.5, 0.5, 0.5, 0.5, 0.5, 0.5, 0.5, 0.5, 0.5, 0.5, 0.5, 0.5, 0.5, 0.5, 0.5, 0.5, 0.5, 0.5, 0.5, 0.5, 0.5, 0.5, 0.5, 0.5, 0.5, 0.5, 0.5, 0.5, 0.5, 0.5, 0.5, 0.5, 0.5, 0.5, 0.5, 0.5, 0.5, 0.5, 0.5, 0.5, 0.5, 0.5, 0.5, 0.5, 0.5, 0.5, 0.5, 0.5, 0.5, 0.5, 0.5, 0.5, 0.5, 0.5, 0.5, 0.5, 0.5, 0.5, 0.5, 0.5, 0.5, 0.5, 0.5, 0.5, 0.5, 0.5, 0.5, 0.5, 0.5, 0.5, 0.5, 0.5, 0.5, 0.5, 0.5, 0.5, 0.5, 0.5, 0.5, 0.5, 0.5, 0.5, 0.5, 0.5, 0.5, 0.5, 0.5, 0.5, 0.5, 0.5, 0.5, 0.5, 0.5, 0.5, 0.5, 0.5, 0.5, 0.5, 0.5, 0.5, 0.5, 0.5, 0.5, 0.5, 0.5, 0.5, 0.5, 0.5, 0.5, 0.5, 0.5, 0.5, 0.5, 0.5, 0.5, 0.5, 0.5, 0.5, 0.5, 0.5, 0.5, 0.5, 0.5, 0.5, 0.5, 0.5, 0.5, 0.5, 0.5, 0.5, 0.5, 0.5, 0.5, 0.5, 0.5, 0.5, 0.5, 0.5, 0.5, 0.5, 0.5, 0.5, 0.5, 0.5, 0.5, 0.5, 0.5, 0.5, 0.5, 0.5, 0.5, 0.5, 0.5, 0.5, 0.5, 0.5, 0.5, 0.5, 0.5, 0.5, 0.5, 0.5, 0.5, 0.5, 0.5, 0.5, 0.5, 0.5, 0.5, 0.5, 0.5, 0.5, 0.5, 0.5, 0.5, 0.5, 0.5, 0.5, 0.5, 0.5, 0.5, 0.5, 0.5, 0.5, 0.5, 0.5, 0.5, 0.5, 0.5, 0.5, 0.5, 0.5, 0.5, 0.5, 0.5, 0.5, 0.5, 0.5, 0.5, 0.5, 0.5, 0.5, 0.5, 0.5, 0.5, 0.5, 0.5, 0.5, 0.5, 0.5, 0.5, 0.5, 0.5, 0.5, 0.5, 0.5, 0.5, 0.5, 0.5, 0.5, 0.5, 0.5, 0.5, 0.5, 0.5, 0.5, 0.5, 0.5, 0.5, 0.5, 0.5, 0.5, 0.5, 0.5, 0.5, 0.5, 0.5, 0.5, 0.5, 0.5, 0.5, 0.5, 0.5, 0.5, 0.5, 0.5, 0.5, 0.5, 0.5, 0.5, 0.5, 0.5, 0.5, 0.5, 0.5, 0.5, 0.5, 0.5, 0.5, 0.5, 0.5, 0.5, 0.5, 0.5, 0.5, 0.5, 0.5, 0.5, 0.5, 0.5, 0.5, 0.5, 0.5, 0.5, 0.5, 0.5, 0.5, 0.5, 0.5, 0.5, 0.5, 0.5, 0.5, 0.5, 0.5, 0.5, 0.5, 0.5, 0.5, 0.5, 0.5, 0.5, 0.5, 0.5, 0.5, 0.5, 0.5, 0.5, 0.5, 0.5, 0.5, 0.5, 0.5, 0.5, 0.5, 0.5, 0.5, 0.5, 0.5, 0.5, 0.5, 0.5, 0.5, 0.5, 0.5, 0.5, 0.5, 0.5, 0.5, 0.5, 0.5, 0.5, 0.5, 0.5, 0.5, 0.5, 0.5, 0.5, 0.5, 0.5, 0.5, 0.5, 0.5, 0.5, 0.5, 0.5, 0.5, 0.5, 0.5, 0.5, 0.5, 0.5, 0.5, 0.5, 0.5, 0.5, 0.5, 0.5, 0.5, 0.5, 0.5, 0.5, 0.5, 0.5, 0.5, 0.5, 0.5, 0.5, 0.5, 0.5, 0.5, 0.5, 0.5, 0.5, 0.5, 0.5, 0.5, 0.5, 0.5, 0.5, 0.5, 0.5, 0.5, 0.5, 0.5, 0.5, 0.5, 0.5, 0.5, 0.5, 0.5, 0.5, 0.5, 0.5, 0.5, 0.5, 0.5, 0.5, 0.5, 0.5, 0.5, 0.5, 0.5, 0.5, 0.5, 0.5, 0.5, 0.5, 0.5, 0.5, 0.5, 0.5, 0.5, 0.5, 0.5, 0.5, 0.5, 0.5, 0.5, 0.5, 0.5, 0.5, 0.5, 0.5, 0.5, 0.5, 0.5, 0.5, 0.5, 0.5, 0.5, 0.5, 0.5, 0.5, 0.5, 0.5, 0.5, 0.5, 0.5, 0.5, 0.5, 0.5, 0.5, 0.5, 0.5, 0.5, 0.5, 0.5, 0.5, 0.5, 0.5, 0.5, 0.5, 0.5, 0.5, 0.5, 0.5, 0.5, 0.5, 0.5, 0.5, 0.5, 0.5, 0.5, 0.5, 0.5, 0.5, 0.5, 0.5, 0.5, 0.5, 0.5, 0.5, 0.5, 0.5, 0.5, 0.5, 0.5, 0.5, 0.5, 0.5, 0.5, 0.5, 0.5, 0.5, 0.5, 0.5, 0.5, 0.5, 0.5, 0.5, 0.5, 0.5, 0.5, 0.5, 0.5, 0.5, 0.5, 0.5, 0.5, 0.5, 0.5, 0.5, 0.5, 0.5, 0.5, 0.5, 0.5, 0.5, 0.5, 0.5, 0.5, 0.5, 0.5, 0.5, 0.5, 0.5, 0.5, 0.5, 0.5, 0.5, 0.5, 0.5, 0.5, 0.5, 0.5, 0.5, 0.5, 0.5, 0.5, 0.5, 0.5, 0.5, 0.5, 0.5, 0.5, 0.5, 0.5, 0.5, 0.5, 0.5, 0.5, 0.5, 0.5, 0.5, 0.5, 0.5, 0.5, 0.5, 0.5, 0.5, 0.5, 0.5, 0.5, 0.5, 0.5, 0.5, 0.5, 0.5, 0.5, 0.5, 0.5, 0.5, 0.5, 0.5, 0.5, 0.5, 0.5, 0.5, 0.5, 0.5, 0.5, 0.5, 0.5, 0.5, 0.5, 0.5, 0.5, 0.5, 0.5, 0.5, 0.5, 0.5, 0.5, 0.5, 0.5, 0.5, 0.5, 0.5, 0.5, 0.5, 0.5, 0.5, 0.5, 0.5, 0.5, 0.5, 0.5, 0.5, 0.5, 0.5, 0.5, 0.5, 0.5, 0.5, 0.5, 0.5, 0.5, 0.5, 0.5, 0.5, 0.5, 0.5, 0.5, 0.5, 0.5, 0.5, 0.5, 0.5, 0.5, 0.5, 0.5, 0.5, 0.5, 0.5, 0.5, 0.5, 0.5, 0.5, 0.5, 0.5, 0.5, 0.5, 0.5, 0.5, 0.5, 0.5, 0.5, 0.5, 0.5, 0.5, 0.5, 0.5, 0.5, 0.5, 0.5, 0.5, 0.5, 0.5, 0.5, 0.5, 0.5, 0.5, 0.5, 0.5, 0.5, 0.5, 0.5, 0.5, 0.5, 0.5, 0.5, 0.5, 0.5, 0.5, 0.5, 0.5, 0.5, 0.5, 0.5, 0.5, 0.5, 0.5, 0.5, 0.5, 0.5, 0.5, 0.5, 0.5, 0.5, 0.5, 0.5, 0.5, 0.5, 0.5, 0.5, 0.5, 0.5, 0.5, 0.5, 0.5, 0.5, 0.5, 0.5, 0.5, 0.5, 0.5, 0.5, 0.5, 0.5, 0.5, 0.5, 0.5, 0.5, 0.5, 0.5, 0.5, 0.5, 0.5, 0.5, 0.5, 0.5, 0.5, 0.5, 0.5, 0.5, 0.5, 0.5, 0.5, 0.5, 0.5, 0.5, 0.5, 0.5, 0.5, 0.5, 0.5, 0.5, 0.5, 0.5, 0.5, 0.5, 0.5, 0.5, 0.5, 0.5, 0.5, 0.5, 0.5, 0.5, 0.5, 0.5, 0.5, 0.5, 0.5, 0.5, 0.5, 0.5, 0.5, 0.5, 0.5, 0.5, 0.5, 0.5, 0.5, 0.5, 0.5, 0.5, 0.5, 0.5, 0.5, 0.5, 0.5, 0.5, 0.5, 0.5, 0.5, 0.5, 0.5, 0.5, 0.5, 0.5, 0.5, 0.5, 0.5, 0.5, 0.5, 0.5, 0.5, 0.5, 0.5, 0.5, 0.5, 0.5, 0.5, 0.5, 0.5, 0.5, 0.5, 0.5, 0.5, 0.5, 0.5, 0.5, 0.5, 0.5, 0.5, 0.5, 0.5, 0.5, 0.5, 0.5, 0.5, 0.5, 0.5, 0.5, 0.5, 0.5, 0.5, 0.5, 0.5, 0.5, 0.5, 0.5, 0.5, 0.5, 0.5, 0.5, 0.5, 0.5, 0.5, 0.5, 0.5, 0.5, 0.5, 0.5, 0.5, 0.5, 0.5, 0.5, 0.5, 0.5, 0.5, 0.5, 0.5, 0.5, 0.5, 0.5, 0.5, 0.5, 0.5, 0.5, 0.5, 0.5, 0.5, 0.5, 0.5, 0.5, 0.5, 0.5, 0.5, 0.5, 0.5, 0.5, 0.5, 0.5, 0.5, 0.5, 0.5, 0.5, 0.5, 0.5, 0.5, 0.5, 0.5, 0.5, 0.5, 0.5, 0.5, 0.5, 0.5, 0.5, 0.5, 0.5, 0.5, 0.5, 0.5, 0.5, 0.5, 0.5, 0.5, 0.5, 0.5, 0.5, 0.5, 0.5, 0.5, 0.5, 0.5, 0.5, 0.5, 0.5, 0.5, 0.5, 0.5, 0.5, 0.5, 0.5, 0.5, 0.5, 0.5, 0.5, 0.5, 0.5, 0.5, 0.5, 0.5, 0.5, 0.5, 0.5, 0.5, 0.5, 0.5, 0.5, 0.5, 0.5, 0.5, 0.5, 0.5, 0.5, 0.5, 0.5, 0.5, 0.5, 0.5, 0.5, 0.5, 0.5, 0.5, 0.5, 0.5, 0.5]",2
2026_11_KICE_18-21_1,['4(2)'],"계획
- 지문 속에서 ㉠, ㉡, ㉢가 각각 어떤 공간이나 맥락을 가리키는지 확인한다.
- 각 선택지의 주장과 지문 속 해당 부분의 관련성을 assessed한다.
- 가장 타당한 해석은 ㉡이 “수궁”이라는 공간에서 자라의 내력 소개와 대비를 다루는 부분이므로, 2번이 정답이라고 판단한다.
- 나머지 보기들은 지문 맥락상 부합성이 낮거나 근거가 빈약하므로 정답으로 적합하지 않음을 근거 문장으로 제시한다.

1번: 1번은 부적절합니다. [중모리] 그때에 사슴이 발론하되 근래 인간이 하 무서워 짐승을 잡아먹기 온갖 꾀가 다 생기고 산중에 수목이 없어 은신할 곳 없으니 각기 의견 들어 보면 방책이 있을런가 이 모임을 했사오니 수령님의 좋은 꾀를 일러 주옵소서
- 근거가 된 문장: 위 문장은 공동의 문제를 해결하기 위한 모임의 필요성과 모임 자체를 보여주지만, ㉠의 의미(그 공간이 특정한 맥락의 장소임)를 직접 설명하지는 않는다. 다만 해당 모임은 문제 해결을 위한 상황임을 시사한다. 따라서 1번의 주장(공동의 문제를 해결하기 위한 모임의 공간에서 자라와 호랑이의 화해가 이루어진다)은 지문에 부합하지 않는다.
- 지문 속 근거: [중모리] 이 모임을 했사오니 수령님의 좋은 꾀를 일러 주옵소서

2번: 2번은 가장 적절합니다. ㉡은 자라가 자신의 내력을 소개하며 언급한 공간으로, 자라는 호랑이와의 만남을 예상하고 이곳에서 이를 대비하였다.
- 근거가 된 문장: [자진모리] 우리 ㉡[수궁](㉡의 밑줄) 퇴락허여 영덕전 새로 질 제 일천팔백 칸 기와를 내 손으로 올리다가 … 자라가 호랑이란 말을 듣고서 겁짐에 바로 일러 나는 명색이 자라 새끼요 … 나는 수궁 도리랑 귀신 잡어 타고 호랑이 사냥을 나왔더니 쓸개 한 보 못 주겠느냐 도리랑귀신 게 있느냐 … 이 호랑이 배 갈라라 앞으로 기어 들며 도리랑 도리랑 허고 달려들어 호랑이 아랫도리를 꽉 물고 뺑 돌아 놓으니
- 이 부분은 ㉡이 “수궁”이라는 공간에서 자라의 내력을 소개하고, 호랑이와의 만남을 대비하는 맥락을 제시한다는 점을 보여 준다. 따라서 2번이 가장 타당하다.

3번: 3번은 부적절합니다. ㉢은 호랑이가 안도감을 나타내는 공간으로, 이곳에서 호랑이는 살아남은 것을 자신의 능력을 넘어서는 뜻밖의 행운이라고 여겼다.
- 근거가 된 문장: [아니리] 전라도 해남에서 냅다 뛴 놈이 의주 압록강 가에서 숨을 내쉬고 … 함경도 ㉢[세수람 고개](㉢의 밑줄)에다 덜럼 올라앉어 장담을 허것다 내 용맹이나 된 게 여기까지 살아왔지 …
- 지문은 ㉢가 “세수람 고개”라는 구간임을 알려 주지만, 이 공간이 호랑이가 안도감을 느끼는 공간이라는 식의 서술은 없다. 오히려 자라의 용맹과 survival에 대한 언급이 주를 이룬다. 따라서 3번의 해석은 부합하지 않는다.

4번: 4번은 부분적으로 타당한 면이 있지만 최종적으로 정답은 아닙니다. ㉠은 자라가 자신의 행위로 인해 위험에 빠지게 된 공간이며, ㉡은 자라가 위험에서 벗어나고자 언급한 공간이다.
- 근거가 된 문장(㉠): [자진모리] 나는 ㉠[이 산중](㉠의 밑줄) 지키는 호 생원 어른이로다
- 근거가 된 문장(㉡): [자진모리] 우리 ㉡[수궁](㉡의 밑줄) …
- 다만 ㉠은 “자라가 행위로 인해 위험에 빠진 공간”이라기보다는, 이 산중을 지키는 호생원의 존재를 밝히고 있는 맥락에 가깝고, ㉡은 수궁에서의 내력 소개 및 대비를 다루는 공간이다. 따라서 4번은 부분적으로는 맞는 면이 있지만 2번이 더 정확하다.

5번: 5번은 부적절합니다. ㉠은 호랑이의 지위가 다른 존재의 발언을 통해 확인되는 공간이며, ㉢은 호랑이가 다른 존재와의 비교를 통해 자신의 위엄을 부정하는 공간이다.
- 근거가 된 문장(㉠): [자라가 호랑이란 말을 듣고서 겁짐에 바로 일러 나는 명색이 자라 새끼요] 그리고 [이 산중] 지키는 호 생원 어른이로다
- 이 부분은 ㉠이 호랑이의 지위를 다른 존재의 발언으로 확인한다는 뚜렷한 근거를 제공하지 않는다. 또한 ㉢은 호랑이가 다른 존재와의 비교를 통해 자신의 위엄을 부정한다는 식의 서술도 지문에 직접적으로 나타나지 않는다. 오히려 ㉠·㉢ 구간은 자라의 내부 자랑과 상황 맥락을 보여 준다.

최종 정답: 2

요약
- ㉡은 수궁이라는 공간에서 자라의 내력 소개와 대처 계획이 등장하는 맥락으로, 2번이 가장 타당한 해석이다.
- 1번, 3번, 4번, 5번은 지문 맥락과 직접적으로 부합하는 근거가 상대적으로 약하거나 부합하지 않는다.","[166, 111, 226, 169, 248, 235, 198, 12, 23821, 100, 222, 167, 105, 116, 23821, 228, 235, 168, 245, 238, 168, 226, 250, 220, 159, 231, 254, 11, 220, 159, 231, 94, 11, 220, 159, 231, 95, 166, 108, 222, 220, 166, 108, 223, 166, 108, 223, 23821, 244, 112, 167, 244, 97, 220, 166, 111, 113, 166, 108, 226, 35975, 112, 167, 224, 246, 31619, 100, 98, 167, 251, 121, 35975, 226, 220, 166, 108, 222, 167, 99, 105, 169, 224, 97, 167, 232, 242, 168, 100, 222, 220, 169, 247, 243, 35975, 116, 47991, 250, 46695, 97, 13, 198, 12, 220, 166, 108, 223, 23821, 226, 254, 169, 225, 251, 168, 100, 222, 35975, 246, 23821, 96, 120, 168, 252, 98, 166, 111, 120, 23821, 100, 222, 167, 105, 116, 23821, 228, 235, 220, 47991, 112, 46695, 117, 31619, 114, 222, 167, 114, 226, 35975, 246, 220, 166, 112, 222, 167, 254, 101, 168, 226, 109, 35975, 226, 15276, 47991, 250, 46695, 97, 13, 198, 12, 220, 166, 108, 222, 168, 252, 98, 220, 169, 225, 222, 46695, 117, 47991, 250, 220, 47991, 112, 168, 226, 251, 35975, 222, 220, 159, 231, 94, 35975, 112, 564, 250, 168, 230, 246, 166, 114, 223, 447, 251, 35975, 112, 167, 251, 120, 167, 232, 242, 220, 166, 111, 113, 166, 108, 226, 168, 245, 238, 168, 226, 250, 23821, 252, 238, 167, 251, 120, 35975, 246, 31619, 224, 112, 167, 254, 98, 23821, 228, 234, 166, 108, 250, 168, 247, 222, 31619, 234, 222, 167, 117, 226, 167, 98, 120, 31619, 233, 97, 167, 96, 101, 167, 232, 242, 31619, 114, 222, 167, 114, 226, 35975, 112, 167, 107, 222, 167, 94, 250, 11, 362, 167, 110, 230, 35975, 112, 23821, 254, 243, 46695, 113, 35975, 112, 167, 251, 120, 166, 111, 254, 220, 169, 234, 238, 46695, 101, 47991, 250, 46695, 97, 13, 198, 12, 31619, 224, 246, 167, 101, 116, 168, 100, 222, 31619, 111, 112, 166, 116, 108, 167, 241, 97, 35975, 222, 23821, 100, 222, 167, 105, 116, 31619, 100, 98, 167, 251, 121, 168, 225, 223, 31619, 114, 222, 47991, 102, 168, 226, 109, 35975, 112, 31619, 224, 106, 166, 109, 108, 167, 224, 246, 220, 166, 115, 120, 166, 109, 108, 166, 108, 222, 31619, 117, 230, 168, 243, 121, 47991, 246, 167, 107, 222, 167, 94, 250, 23821, 254, 243, 46695, 113, 168, 250, 120, 167, 94, 250, 23821, 254, 223, 47991, 102, 47991, 246, 168, 100, 222, 23821, 243, 232, 35975, 234, 35975, 226, 220, 166, 115, 120, 166, 109, 108, 31619, 105, 116, 168, 252, 98, 168, 250, 120, 167, 94, 250, 23821, 254, 250, 168, 233, 250, 47991, 250, 46695, 97, 13, 198, 198, 16, 167, 110, 230, 25, 352, 167, 110, 230, 35975, 222, 31619, 114, 222, 168, 254, 223, 168, 254, 230, 47991, 102, 46695, 230, 46695, 97, 13, 685, 168, 97, 239, 167, 103, 101, 167, 99, 105, 60, 220, 166, 115, 116, 167, 243, 234, 168, 245, 238, 23821, 8955, 168, 232, 112, 35975, 112, 31619, 108, 250, 167, 94, 254, 47991, 246, 167, 238, 246, 220, 166, 115, 120, 167, 252, 246, 23821, 251, 116, 166, 108, 226, 35975, 112, 220, 47991, 246, 31619, 105, 112, 168, 226, 250, 168, 249, 234, 23821, 100, 238, 168, 232, 117, 35975, 226, 23821, 252, 94, 168, 243, 226, 167, 101, 117, 166, 116, 108, 23821, 246, 101, 166, 108, 244, 220, 166, 122, 222, 166, 108, 222, 31619, 233, 97, 23821, 225, 251, 166, 116, 108, 166, 111, 254, 23821, 224, 108, 168, 97, 239, 168, 245, 238, 23821, 230, 246, 167, 103, 102, 35975, 112, 23821, 245, 228, 168, 244, 112, 23821, 251, 222, 168, 233, 254, 47991, 254, 220, 166, 111, 111, 23821, 245, 228, 168, 250, 120, 46695, 230, 220, 166, 108, 223, 166, 116, 108, 23821, 251, 246, 166, 110, 105, 31619, 241, 97, 168, 244, 112, 31619, 111, 112, 167, 102, 112, 31619, 108, 102, 168, 109, 227, 35975, 112, 23821, 252, 230, 35975, 226, 167, 253, 108, 166, 108, 222, 23821, 251, 112, 31619, 103, 101, 168, 252, 226, 35975, 226, 220, 169, 244, 230, 168, 8955, 168, 246, 97, 46695, 230, 23821, 230, 246, 167, 254, 117, 46695, 246, 35975, 246, 23821, 95, 233, 35975, 222, 220, 166, 122, 222, 167, 98, 120, 23821, 251, 120, 167, 253, 105, 23821, 96, 120, 168, 246, 113, 168, 228, 234, 168, 226, 250, 198, 12, 220, 166, 115, 120, 166, 109, 108, 166, 108, 222, 31619, 238, 250, 31619, 105, 116, 168, 252, 98, 25, 23821, 250, 226, 31619, 105, 116, 168, 252, 98, 35975, 222, 220, 166, 111, 113, 167, 237, 247, 35975, 246, 31619, 105, 116, 168, 254, 250, 167, 98, 120, 220, 47991, 112, 166, 110, 108, 47991, 246, 166, 116, 108, 23821, 250, 226, 47991, 250, 31619, 103, 101, 168, 252, 226, 35975, 246, 220, 47991, 226, 168, 248, 242, 168, 226, 109, 166, 111, 120, 31619, 103, 101, 168, 252, 226, 23821, 252, 238, 168, 110, 112, 167, 98, 120, 31619, 111, 112, 168, 245, 105, 168, 96, 120, 168, 100, 222, 167, 100, 234, 11, 220, 159, 231, 254, 35975, 246, 23821, 251, 246, 167, 107, 116, 7, 166, 115, 116, 220, 166, 111, 113, 166, 108, 226, 35975, 112, 220, 169, 232, 117, 168, 254, 243, 47991, 250, 31619, 100, 98, 167, 251, 121, 35975, 246, 23821, 252, 98, 168, 228, 234, 168, 252, 226, 8, 167, 98, 120, 23821, 100, 223, 168, 254, 239, 23821, 226, 97, 167, 103, 227, 47991, 246, 168, 100, 222, 167, 232, 242, 23821, 243, 232, 167, 232, 242, 46695, 97, 13, 31619, 233, 97, 167, 100, 234, 220, 47991, 112, 46695, 117, 31619, 103, 101, 168, 252, 226, 35975, 222, 31619, 105, 116, 168, 254, 250, 220, 47991, 112, 166, 110, 108, 35975, 226, 23821, 250, 226, 47991, 250, 23821, 225, 223, 169, 247, 102, 168, 252, 226, 35975, 226, 23821, 233, 250, 168, 8955, 47991, 250, 46695, 97, 13, 31619, 242, 108, 167, 251, 120, 168, 226, 250, 352, 167, 110, 230, 35975, 246, 23821, 96, 120, 168, 252, 98, 7, 166, 111, 113, 167, 237, 247, 35975, 246, 31619, 105, 116, 168, 254, 250, 167, 98, 120, 220, 47991, 112, 166, 110, 108, 47991, 246, 166, 116, 108, 23821, 250, 226, 47991, 250, 31619, 103, 101, 168, 252, 226, 35975, 246, 220, 166, 111, 113, 166, 108, 226, 168, 245, 238, 168, 226, 250, 23821, 252, 238, 167, 251, 120, 168, 247, 222, 220, 169, 246, 116, 167, 252, 239, 35975, 112, 35975, 246, 220, 169, 247, 242, 47991, 112, 166, 108, 222, 23821, 251, 112, 167, 96, 101, 168, 244, 112, 168, 100, 226, 46695, 97, 8, 35975, 222, 23821, 100, 222, 167, 105, 116, 168, 245, 238, 31619, 114, 222, 47991, 102, 47991, 246, 168, 100, 222, 23821, 243, 232, 167, 232, 242, 46695, 97, 13, 198, 12, 23821, 100, 222, 167, 105, 116, 23821, 228, 235, 220, 166, 115, 120, 166, 109, 108, 25, 685, 168, 97, 239, 167, 103, 101, 167, 99, 105, 60, 23821, 251, 112, 31619, 103, 101, 168, 252, 226, 35975, 226, 220, 169, 244, 230, 168, 8955, 168, 246, 97, 46695, 230, 23821, 230, 246, 167, 254, 117, 46695, 246, 35975, 246, 23821, 95, 233, 35975, 222, 220, 166, 122, 222, 167, 98, 120, 23821, 251, 120, 167, 253, 105, 23821, 96, 120, 168, 246, 113, 168, 228, 234, 168, 226, 250, 198, 198, 17, 167, 110, 230, 25, 362, 167, 110, 230, 35975, 222, 220, 166, 108, 222, 168, 252, 98, 23821, 254, 223, 168, 254, 230, 47991, 102, 46695, 230, 46695, 97, 13, 220, 159, 231, 94, 35975, 222, 23821, 252, 238, 167, 251, 120, 166, 108, 222, 23821, 252, 238, 168, 233, 254, 35975, 246, 31619, 224, 112, 167, 254, 98, 35975, 226, 23821, 228, 234, 166, 108, 250, 47991, 246, 167, 102, 108, 23821, 244, 116, 166, 116, 231, 47991, 250, 220, 166, 111, 113, 166, 108, 226, 168, 250, 120, 167, 94, 250, 11, 23821, 252, 238, 167, 251, 120, 167, 232, 242, 220, 169, 246, 116, 167, 252, 239, 35975, 112, 168, 247, 222, 35975, 246, 31619, 100, 234, 167, 224, 101, 35975, 226, 23821, 246, 230, 168, 225, 223, 47991, 246, 166, 111, 254, 23821, 251, 112, 166, 111, 111, 168, 245, 238, 168, 226, 250, 23821, 251, 112, 167, 98, 120, 31619, 234, 222, 167, 117, 226, 47991, 246, 168, 246, 222, 46695, 97, 13, 198, 12, 220, 166, 115, 120, 166, 109, 108, 166, 108, 222, 31619, 238, 250, 31619, 105, 116, 168, 252, 98, 25, 685, 168, 252, 238, 168, 100, 226, 167, 103, 101, 167, 99, 105, 60, 23821, 248, 108, 167, 99, 105, 220, 159, 231, 94, 58, 168, 230, 246, 166, 114, 223, 16151, 159, 231, 94, 35975, 246, 31619, 108, 239, 168, 97, 226, 8, 220, 169, 229, 112, 167, 251, 121, 169, 245, 230, 168, 245, 105, 23821, 246, 223, 167, 235, 243, 168, 254, 226, 23821, 225, 230, 167, 94, 250, 23821, 100, 230, 23821, 254, 250, 23821, 251, 120, 168, 110, 250, 169, 234, 242, 167, 108, 109, 23821, 117, 116, 220, 166, 116, 108, 168, 247, 222, 167, 98, 120, 31619, 224, 112, 23821, 228, 238, 168, 250, 120, 167, 94, 250, 23821, 246, 105, 167, 99, 105, 46695, 97, 166, 108, 222, 3926, 23821, 252, 238, 167, 251, 120, 166, 108, 222, 220, 169, 246, 116, 167, 252, 239, 35975, 112, 167, 252, 222, 31619, 100, 238, 35975, 226, 31619, 241, 96, 166, 111, 254, 168, 226, 250, 220, 166, 110, 223, 168, 100, 238, 168, 245, 238, 31619, 108, 242, 167, 94, 250, 23821, 251, 120, 167, 253, 105, 31619, 224, 246, 167, 232, 242, 31619, 103, 227, 168, 225, 231, 35975, 112, 23821, 252, 238, 167, 251, 120, 23821, 225, 230, 167, 223, 120, 168, 248, 242, 3926, 31619, 224, 246, 167, 232, 242, 23821, 230, 246, 166, 114, 223, 31619, 237, 226, 167, 99, 105, 167, 252, 239, 220, 166, 115, 222, 168, 233, 254, 23821, 252, 94, 168, 244, 112, 220, 169, 225, 222, 166, 111, 254, 220, 169, 246, 116, 167, 252, 239, 35975, 112, 23821, 8955, 167, 225, 98, 35975, 226, 31619, 224, 246, 168, 247, 242, 167, 235, 242, 46695, 230, 23821, 241, 116, 166, 108, 250, 220, 47991, 250, 31619, 111, 112, 31619, 103, 119, 23821, 96, 120, 166, 110, 254, 167, 232, 238, 167, 225, 238, 31619, 237, 226, 167, 99, 105, 167, 252, 239, 166, 115, 222, 168, 233, 254, 220, 166, 110, 234, 23821, 252, 230, 167, 232, 238, 167, 225, 238, 3926, 23821, 251, 112, 220, 169, 246, 116, 167, 252, 239, 35975, 112, 31619, 108, 108, 220, 166, 108, 230, 167, 251, 120, 167, 251, 120, 23821, 243, 252, 168, 250, 120, 167, 94, 250, 220, 166, 116, 108, 168, 244, 112, 31619, 241, 97, 167, 102, 108, 31619, 237, 226, 167, 99, 105, 167, 252, 239, 31619, 237, 226, 167, 99, 105, 167, 252, 239, 220, 169, 245, 230, 166, 111, 254, 31619, 233, 105, 167, 254, 97, 167, 241, 97, 168, 244, 112, 220, 169, 246, 116, 167, 252, 239, 35975, 112, 23821, 243, 226, 167, 252, 104, 167, 237, 226, 167, 99, 105, 167, 98, 120, 220, 166, 121, 231, 31619, 45539, 166, 111, 254, 31619, 118, 239, 31619, 237, 234, 168, 243, 226, 31619, 228, 241, 168, 250, 120, 46695, 230, 198, 12, 23821, 251, 112, 31619, 114, 222, 167, 114, 226, 35975, 222, 220, 159, 231, 94, 35975, 112, 564, 250, 168, 230, 246, 166, 114, 223, 447, 251, 35975, 112, 167, 251, 120, 167, 232, 242, 220, 166, 111, 113, 166, 108, 226, 168, 245, 238, 168, 226, 250, 23821, 252, 238, 167, 251, 120, 35975, 246, 31619, 224, 112, 167, 254, 98, 35975, 226, 23821, 228, 234, 166, 108, 250, 47991, 246, 166, 111, 254, 11, 220, 169, 246, 116, 167, 252, 239, 35975, 112, 168, 247, 222, 35975, 246, 31619, 100, 234, 167, 224, 101, 35975, 226, 31619, 234, 222, 167, 117, 226, 47991, 246, 167, 232, 242, 31619, 100, 98, 167, 251, 121, 35975, 226, 23821, 254, 250, 168, 233, 250, 47991, 250, 46695, 97, 167, 232, 242, 23821, 254, 238, 35975, 226, 31619, 111, 112, 168, 245, 105, 23821, 97, 222, 46695, 97, 13, 31619, 242, 108, 167, 251, 120, 168, 226, 250, 362, 167, 110, 230, 35975, 112, 220, 166, 108, 222, 168, 252, 98, 220, 169, 225, 222, 46695, 117, 47991, 246, 46695, 97, 13, 198, 198, 18, 167, 110, 230, 25, 513, 167, 110, 230, 35975, 222, 31619, 114, 222, 168, 254, 223, 168, 254, 230, 47991, 102, 46695, 230, 46695, 97, 13, 220, 159, 231, 95, 35975, 222, 220, 169, 246, 116, 167, 252, 239, 35975, 112, 166, 108, 222, 23821, 243, 230, 167, 237, 226, 166, 108, 238, 35975, 226, 31619, 224, 246, 169, 225, 222, 167, 224, 112, 167, 232, 242, 220, 166, 111, 113, 166, 108, 226, 168, 250, 120, 167, 94, 250, 11, 23821, 251, 112, 166, 111, 111, 168, 245, 238, 168, 226, 250, 220, 169, 246, 116, 167, 252, 239, 35975, 112, 167, 232, 242, 23821, 224, 112, 168, 243, 226, 167, 224, 101, 35975, 222, 220, 166, 110, 225, 35975, 226, 23821, 252, 238, 168, 233, 254, 35975, 246, 31619, 232, 98, 167, 254, 98, 35975, 226, 31619, 226, 246, 168, 244, 112, 168, 226, 250, 167, 232, 242, 31619, 250, 119, 167, 108, 244, 35975, 246, 220, 169, 244, 231, 168, 248, 112, 35975, 112, 167, 251, 120, 166, 111, 254, 23821, 245, 105, 166, 110, 120, 46695, 97, 13, 198, 12, 220, 166, 115, 120, 166, 109, 108, 166, 108, 222, 31619, 238, 250, 31619, 105, 116, 168, 252, 98, 25, 685, 168, 243, 226, 46695, 230, 167, 99, 105, 60, 23821, 254, 226, 167, 251, 120, 167, 237, 226, 220, 47991, 112, 167, 224, 101, 168, 245, 238, 168, 226, 250, 31619, 225, 227, 46695, 97, 31619, 249, 112, 31619, 228, 230, 35975, 112, 23821, 251, 246, 168, 96, 120, 23821, 243, 243, 167, 94, 251, 166, 108, 243, 220, 166, 108, 222, 168, 245, 238, 168, 226, 250, 23821, 230, 101, 35975, 226, 31619, 224, 112, 168, 231, 105, 166, 111, 254, 3926, 220, 47991, 101, 166, 110, 121, 167, 237, 226, 220, 159, 231, 95, 58, 168, 226, 116, 168, 230, 246, 167, 252, 234, 220, 166, 111, 254, 166, 108, 250, 16151, 159, 231, 95, 35975, 246, 31619, 108, 239, 168, 97, 226, 8, 168, 245, 238, 46695, 97, 31619, 235, 250, 167, 253, 120, 23821, 246, 105, 167, 251, 120, 168, 243, 231, 168, 244, 112, 23821, 252, 98, 46695, 112, 35975, 226, 220, 169, 245, 230, 166, 110, 225, 46695, 97, 31619, 224, 112, 23821, 248, 102, 167, 100, 117, 35975, 112, 167, 224, 246, 31619, 238, 250, 220, 166, 110, 234, 23821, 245, 105, 166, 116, 108, 166, 117, 234, 168, 100, 222, 23821, 224, 112, 168, 243, 226, 168, 247, 242, 168, 100, 222, 3926, 198, 12, 23821, 100, 222, 167, 105, 116, 35975, 222, 220, 159, 231, 95, 166, 108, 222, 564, 250, 168, 226, 116, 168, 230, 246, 167, 252, 234, 220, 166, 111, 254, 166, 108, 250, 447, 251, 167, 251, 120, 167, 232, 242, 220, 166, 113, 105, 166, 108, 226, 168, 252, 226, 35975, 226, 23821, 243, 234, 167, 254, 97, 23821, 96, 120, 168, 100, 222, 167, 100, 234, 11, 23821, 251, 112, 220, 166, 111, 113, 166, 108, 226, 35975, 112, 220, 169, 246, 116, 167, 252, 239, 35975, 112, 166, 108, 222, 23821, 243, 230, 167, 237, 226, 166, 108, 238, 35975, 226, 31619, 232, 238, 167, 223, 120, 167, 232, 242, 220, 166, 111, 113, 166, 108, 226, 35975, 112, 167, 251, 120, 167, 232, 242, 23821, 233, 251, 35975, 246, 23821, 226, 250, 168, 230, 254, 35975, 222, 23821, 245, 228, 46695, 97, 13, 23821, 246, 97, 169, 252, 230, 167, 254, 97, 23821, 252, 238, 167, 251, 120, 35975, 246, 23821, 248, 102, 167, 100, 117, 166, 111, 120, 9441, 168, 245, 238, 31619, 234, 222, 47991, 250, 23821, 244, 116, 166, 116, 231, 35975, 112, 23821, 96, 120, 167, 98, 120, 23821, 251, 112, 167, 96, 105, 46695, 97, 13, 31619, 242, 108, 167, 251, 120, 168, 226, 250, 513, 167, 110, 230, 35975, 246, 220, 47991, 112, 168, 226, 251, 35975, 222, 31619, 114, 222, 47991, 102, 47991, 246, 168, 100, 222, 23821, 243, 232, 167, 232, 242, 46695, 97, 13, 198, 198, 19, 167, 110, 230, 25, 604, 167, 110, 230, 35975, 222, 31619, 114, 222, 167, 114, 226, 168, 254, 223, 168, 250, 120, 167, 94, 250, 220, 169, 225, 222, 46695, 117, 47991, 250, 31619, 102, 112, 35975, 112, 23821, 252, 230, 168, 100, 222, 167, 100, 234, 23821, 113, 250, 168, 95, 227, 168, 254, 223, 168, 250, 120, 167, 94, 250, 23821, 254, 243, 46695, 113, 35975, 222, 23821, 243, 226, 46695, 247, 46695, 230, 46695, 97, 13, 220, 159, 231, 254, 35975, 222, 23821, 252, 238, 167, 251, 120, 166, 108, 222, 23821, 252, 238, 168, 233, 254, 35975, 246, 220, 169, 244, 231, 168, 250, 226, 167, 94, 250, 23821, 251, 116, 47991, 112, 23821, 250, 226, 169, 245, 246, 168, 245, 238, 31619, 117, 254, 168, 100, 222, 166, 110, 234, 31619, 238, 250, 220, 166, 111, 113, 166, 108, 226, 35975, 112, 167, 102, 108, 11, 220, 159, 231, 94, 35975, 222, 23821, 252, 238, 167, 251, 120, 166, 108, 222, 23821, 250, 226, 169, 245, 246, 168, 245, 238, 168, 226, 250, 31619, 110, 245, 168, 244, 112, 167, 224, 246, 166, 111, 254, 168, 252, 238, 23821, 244, 116, 166, 116, 231, 47991, 250, 220, 166, 111, 113, 166, 108, 226, 35975, 112, 46695, 97, 13, 198, 12, 220, 166, 115, 120, 166, 109, 108, 166, 108, 222, 31619, 238, 250, 31619, 105, 116, 168, 252, 98, 7, 159, 231, 254, 2599, 685, 168, 252, 238, 168, 100, 226, 167, 103, 101, 167, 99, 105, 60, 31619, 224, 246, 167, 232, 242, 220, 159, 231, 254, 58, 35975, 112, 23821, 224, 108, 168, 97, 239, 16151, 159, 231, 254, 35975, 246, 31619, 108, 239, 168, 97, 226, 8, 23821, 100, 222, 169, 224, 97, 167, 232, 242, 220, 169, 246, 116, 23821, 225, 251, 168, 249, 238, 23821, 244, 112, 167, 98, 116, 35975, 112, 167, 94, 250, 46695, 97, 198, 12, 220, 166, 115, 120, 166, 109, 108, 166, 108, 222, 31619, 238, 250, 31619, 105, 116, 168, 252, 98, 7, 159, 231, 94, 2599, 685, 168, 252, 238, 168, 100, 226, 167, 103, 101, 167, 99, 105, 60, 23821, 248, 108, 167, 99, 105, 220, 159, 231, 94, 58, 168, 230, 246, 166, 114, 223, 16151, 159, 231, 94, 35975, 246, 31619, 108, 239, 168, 97, 226, 8, 3926, 198, 12, 31619, 233, 97, 167, 100, 234, 220, 159, 231, 254, 35975, 222, 564, 250, 168, 252, 238, 167, 251, 120, 166, 108, 222, 220, 169, 244, 231, 168, 250, 226, 167, 94, 250, 23821, 251, 116, 47991, 112, 23821, 250, 226, 169, 245, 246, 168, 245, 238, 31619, 117, 254, 168, 100, 226, 220, 166, 111, 113, 166, 108, 226, 447, 251, 35975, 112, 167, 251, 120, 166, 116, 108, 167, 111, 112, 46695, 97, 167, 232, 242, 11, 23821, 251, 112, 23821, 224, 108, 168, 97, 239, 35975, 226, 23821, 100, 222, 169, 224, 97, 167, 232, 242, 220, 169, 246, 116, 168, 225, 251, 168, 249, 238, 35975, 246, 23821, 94, 112, 168, 252, 105, 167, 98, 120, 31619, 108, 251, 169, 252, 230, 166, 111, 254, 23821, 252, 230, 167, 232, 242, 31619, 100, 98, 167, 251, 121, 168, 245, 238, 220, 166, 108, 222, 166, 117, 251, 166, 111, 254, 11, 220, 159, 231, 94, 35975, 222, 23821, 230, 246, 166, 114, 223, 168, 245, 238, 168, 226, 250, 35975, 246, 31619, 224, 112, 167, 254, 98, 23821, 228, 234, 166, 108, 250, 31619, 108, 237, 31619, 234, 222, 167, 117, 226, 167, 98, 120, 31619, 233, 97, 167, 96, 101, 167, 232, 242, 220, 166, 111, 113, 166, 108, 226, 35975, 112, 46695, 97, 13, 31619, 242, 108, 167, 251, 120, 168, 226, 250, 604, 167, 110, 230, 35975, 222, 31619, 114, 222, 167, 114, 226, 168, 254, 223, 168, 250, 120, 167, 94, 250, 167, 232, 242, 31619, 100, 252, 167, 232, 242, 31619, 102, 112, 35975, 112, 23821, 252, 230, 168, 100, 222, 167, 100, 234, 362, 167, 110, 230, 35975, 112, 31619, 235, 242, 23821, 254, 243, 169, 247, 243, 47991, 246, 46695, 97, 13, 198, 198, 20, 167, 110, 230, 25, 642, 167, 110, 230, 35975, 222, 31619, 114, 222, 168, 254, 223, 168, 254, 230, 47991, 102, 46695, 230, 46695, 97, 13, 220, 159, 231, 254, 35975, 222, 220, 169, 246, 116, 167, 252, 239, 35975, 112, 35975, 246, 23821, 100, 222, 168, 250, 226, 166, 108, 222, 31619, 233, 97, 167, 98, 116, 23821, 94, 112, 168, 252, 105, 35975, 246, 31619, 108, 250, 168, 244, 116, 35975, 226, 220, 169, 228, 113, 47991, 112, 220, 169, 247, 243, 35975, 116, 167, 238, 246, 167, 232, 242, 220, 166, 111, 113, 166, 108, 226, 35975, 112, 167, 102, 108, 11, 220, 159, 231, 95, 35975, 222, 220, 169, 246, 116, 167, 252, 239, 35975, 112, 166, 108, 222, 31619, 233, 97, 167, 98, 116, 23821, 94, 112, 168, 252, 105, 168, 247, 222, 35975, 246, 31619, 117, 226, 166, 113, 238, 167, 98, 120, 220, 169, 228, 113, 47991, 112, 23821, 252, 238, 168, 233, 254, 35975, 246, 23821, 250, 226, 168, 245, 226, 35975, 226, 31619, 114, 222, 168, 254, 243, 47991, 246, 167, 232, 242, 220, 166, 111, 113, 166, 108, 226, 35975, 112, 46695, 97, 13, 198, 12, 220, 166, 115, 120, 166, 109, 108, 166, 108, 222, 31619, 238, 250, 31619, 105, 116, 168, 252, 98, 7, 159, 231, 254, 2599, 685, 168, 252, 238, 167, 251, 120, 166, 108, 222, 220, 169, 246, 116, 167, 252, 239, 35975, 112, 167, 252, 222, 31619, 100, 238, 35975, 226, 31619, 241, 96, 166, 111, 254, 168, 226, 250, 220, 166, 110, 223, 168, 100, 238, 168, 245, 238, 31619, 108, 242, 167, 94, 250, 23821, 251, 120, 167, 253, 105, 31619, 224, 246, 167, 232, 242, 31619, 103, 227, 168, 225, 231, 35975, 112, 23821, 252, 238, 167, 251, 120, 23821, 225, 230, 167, 223, 120, 168, 248, 242, 60, 220, 166, 115, 116, 167, 99, 105, 166, 111, 254, 685, 35975, 112, 23821, 224, 108, 168, 97, 239, 60, 23821, 100, 222, 169, 224, 97, 167, 232, 242, 220, 169, 246, 116, 23821, 225, 251, 168, 249, 238, 23821, 244, 112, 167, 98, 116, 35975, 112, 167, 94, 250, 46695, 97, 198, 12, 23821, 251, 112, 31619, 114, 222, 167, 114, 226, 35975, 222, 220, 159, 231, 254, 35975, 112, 220, 169, 246, 116, 167, 252, 239, 35975, 112, 35975, 246, 23821, 100, 222, 168, 250, 226, 167, 98, 120, 31619, 233, 97, 167, 98, 116, 23821, 94, 112, 168, 252, 105, 35975, 246, 31619, 108, 250, 168, 244, 116, 168, 250, 120, 167, 94, 250, 220, 169, 247, 243, 35975, 116, 47991, 250, 46695, 97, 167, 232, 242, 31619, 248, 250, 167, 254, 115, 47991, 250, 220, 166, 115, 120, 166, 109, 108, 167, 98, 120, 23821, 254, 250, 166, 111, 113, 47991, 246, 168, 100, 222, 23821, 243, 232, 167, 232, 242, 46695, 97, 13, 31619, 246, 238, 47991, 250, 220, 159, 231, 95, 35975, 222, 220, 169, 246, 116, 167, 252, 239, 35975, 112, 166, 108, 222, 31619, 233, 97, 167, 98, 116, 23821, 94, 112, 168, 252, 105, 168, 247, 222, 35975, 246, 31619, 117, 226, 166, 113, 238, 167, 98, 120, 220, 169, 228, 113, 47991, 112, 23821, 252, 238, 168, 233, 254, 35975, 246, 23821, 250, 226, 168, 245, 226, 35975, 226, 31619, 114, 222, 168, 254, 243, 47991, 250, 46695, 97, 167, 232, 242, 23821, 233, 251, 35975, 246, 23821, 226, 250, 168, 230, 254, 167, 237, 226, 23821, 100, 222, 167, 105, 116, 168, 245, 238, 23821, 100, 223, 168, 254, 239, 168, 254, 223, 168, 250, 120, 167, 94, 250, 31619, 224, 246, 169, 225, 222, 167, 224, 246, 168, 100, 222, 23821, 243, 232, 167, 232, 242, 46695, 97, 13, 23821, 246, 97, 169, 252, 230, 167, 254, 97, 220, 159, 231, 254, 9129, 159, 231, 95, 220, 166, 113, 105, 166, 108, 226, 35975, 222, 23821, 252, 238, 167, 251, 120, 35975, 246, 31619, 224, 112, 167, 114, 222, 23821, 252, 238, 167, 252, 239, 166, 111, 120, 23821, 225, 223, 169, 247, 102, 31619, 100, 98, 167, 251, 121, 35975, 226, 31619, 111, 112, 168, 245, 105, 23821, 97, 222, 46695, 97, 13, 198, 198, 168, 113, 250, 168, 95, 227, 23821, 254, 243, 46695, 113, 25, 362, 198, 198, 168, 248, 242, 168, 243, 121, 198, 12, 220, 159, 231, 94, 35975, 222, 23821, 230, 246, 166, 114, 223, 35975, 112, 167, 251, 120, 167, 232, 242, 220, 166, 111, 113, 166, 108, 226, 168, 245, 238, 168, 226, 250, 23821, 252, 238, 167, 251, 120, 35975, 246, 31619, 224, 112, 167, 254, 98, 23821, 228, 234, 166, 108, 250, 168, 247, 222, 31619, 234, 222, 168, 110, 246, 220, 166, 111, 226, 169, 248, 235, 35975, 112, 31619, 241, 109, 168, 252, 98, 47991, 246, 167, 232, 242, 31619, 100, 98, 167, 251, 121, 168, 250, 120, 167, 94, 250, 11, 362, 167, 110, 230, 35975, 112, 220, 166, 108, 222, 168, 252, 98, 220, 169, 225, 222, 46695, 117, 47991, 250, 220, 47991, 112, 168, 226, 251, 35975, 112, 46695, 97, 13, 198, 12, 352, 167, 110, 230, 11, 513, 167, 110, 230, 11, 604, 167, 110, 230, 11, 642, 167, 110, 230, 35975, 222, 23821, 100, 222, 167, 105, 116, 31619, 100, 98, 167, 251, 121, 166, 111, 120, 23821, 100, 223, 168, 254, 239, 168, 254, 223, 168, 250, 120, 167, 94, 250, 31619, 114, 222, 47991, 102, 47991, 246, 167, 232, 242, 220, 166, 115, 120, 166, 109, 108, 166, 108, 222, 23821, 225, 223, 167, 234, 222, 168, 254, 223, 168, 250, 120, 167, 94, 250, 23821, 243, 121, 47991, 246, 166, 109, 108, 167, 224, 246, 31619, 114, 222, 47991, 102, 47991, 246, 168, 100, 222, 23821, 243, 232, 167, 232, 242, 46695, 97, 13]","[0.5, 0.5, 0.5, 0.5, 0.5, 0.5, 0.5, 0.5, 0.5, 0.5, 0.5, 0.5, 0.5, 0.5, 0.5, 0.5, 0.5, 0.5, 0.5, 0.5, 0.5, 0.5, 0.5, 0.5, 0.5, 0.5, 0.5, 0.5, 0.5, 0.5, 0.5, 0.5, 0.5, 0.5, 0.5, 0.5, 0.5, 0.5, 0.5, 0.5, 0.5, 0.5, 0.5, 0.5, 0.5, 0.5, 0.5, 0.5, 0.5, 0.5, 0.5, 0.5, 0.5, 0.5, 0.5, 0.5, 0.5, 0.5, 0.5, 0.5, 0.5, 0.5, 0.5, 0.5, 0.5, 0.5, 0.5, 0.5, 0.5, 0.5, 0.5, 0.5, 0.5, 0.5, 0.5, 0.5, 0.5, 0.5, 0.5, 0.5, 0.5, 0.5, 0.5, 0.5, 0.5, 0.5, 0.5, 0.5, 0.5, 0.5, 0.5, 0.5, 0.5, 0.5, 0.5, 0.5, 0.5, 0.5, 0.5, 0.5, 0.5, 0.5, 0.5, 0.5, 0.5, 0.5, 0.5, 0.5, 0.5, 0.5, 0.5, 0.5, 0.5, 0.5, 0.5, 0.5, 0.5, 0.5, 0.5, 0.5, 0.5, 0.5, 0.5, 0.5, 0.5, 0.5, 0.5, 0.5, 0.5, 0.5, 0.5, 0.5, 0.5, 0.5, 0.5, 0.5, 0.5, 0.5, 0.5, 0.5, 0.5, 0.5, 0.5, 0.5, 0.5, 0.5, 0.5, 0.5, 0.5, 0.5, 0.5, 0.5, 0.5, 0.5, 0.5, 0.5, 0.5, 0.5, 0.5, 0.5, 0.5, 0.5, 0.5, 0.5, 0.5, 0.5, 0.5, 0.5, 0.5, 0.5, 0.5, 0.5, 0.5, 0.5, 0.5, 0.5, 0.5, 0.5, 0.5, 0.5, 0.5, 0.5, 0.5, 0.5, 0.5, 0.5, 0.5, 0.5, 0.5, 0.5, 0.5, 0.5, 0.5, 0.5, 0.5, 0.5, 0.5, 0.5, 0.5, 0.5, 0.5, 0.5, 0.5, 0.5, 0.5, 0.5, 0.5, 0.5, 0.5, 0.5, 0.5, 0.5, 0.5, 0.5, 0.5, 0.5, 0.5, 0.5, 0.5, 0.5, 0.5, 0.5, 0.5, 0.5, 0.5, 0.5, 0.5, 0.5, 0.5, 0.5, 0.5, 0.5, 0.5, 0.5, 0.5, 0.5, 0.5, 0.5, 0.5, 0.5, 0.5, 0.5, 0.5, 0.5, 0.5, 0.5, 0.5, 0.5, 0.5, 0.5, 0.5, 0.5, 0.5, 0.5, 0.5, 0.5, 0.5, 0.5, 0.5, 0.5, 0.5, 0.5, 0.5, 0.5, 0.5, 0.5, 0.5, 0.5, 0.5, 0.5, 0.5, 0.5, 0.5, 0.5, 0.5, 0.5, 0.5, 0.5, 0.5, 0.5, 0.5, 0.5, 0.5, 0.5, 0.5, 0.5, 0.5, 0.5, 0.5, 0.5, 0.5, 0.5, 0.5, 0.5, 0.5, 0.5, 0.5, 0.5, 0.5, 0.5, 0.5, 0.5, 0.5, 0.5, 0.5, 0.5, 0.5, 0.5, 0.5, 0.5, 0.5, 0.5, 0.5, 0.5, 0.5, 0.5, 0.5, 0.5, 0.5, 0.5, 0.5, 0.5, 0.5, 0.5, 0.5, 0.5, 0.5, 0.5, 0.5, 0.5, 0.5, 0.5, 0.5, 0.5, 0.5, 0.5, 0.5, 0.5, 0.5, 0.5, 0.5, 0.5, 0.5, 0.5, 0.5, 0.5, 0.5, 0.5, 0.5, 0.5, 0.5, 0.5, 0.5, 0.5, 0.5, 0.5, 0.5, 0.5, 0.5, 0.5, 0.5, 0.5, 0.5, 0.5, 0.5, 0.5, 0.5, 0.5, 0.5, 0.5, 0.5, 0.5, 0.5, 0.5, 0.5, 0.5, 0.5, 0.5, 0.5, 0.5, 0.5, 0.5, 0.5, 0.5, 0.5, 0.5, 0.5, 0.5, 0.5, 0.5, 0.5, 0.5, 0.5, 0.5, 0.5, 0.5, 0.5, 0.5, 0.5, 0.5, 0.5, 0.5, 0.5, 0.5, 0.5, 0.5, 0.5, 0.5, 0.5, 0.5, 0.5, 0.5, 0.5, 0.5, 0.5, 0.5, 0.5, 0.5, 0.5, 0.5, 0.5, 0.5, 0.5, 0.5, 0.5, 0.5, 0.5, 0.5, 0.5, 0.5, 0.5, 0.5, 0.5, 0.5, 0.5, 0.5, 0.5, 0.5, 0.5, 0.5, 0.5, 0.5, 0.5, 0.5, 0.5, 0.5, 0.5, 0.5, 0.5, 0.5, 0.5, 0.5, 0.5, 0.5, 0.5, 0.5, 0.5, 0.5, 0.5, 0.5, 0.5, 0.5, 0.5, 0.5, 0.5, 0.5, 0.5, 0.5, 0.5, 0.5, 0.5, 0.5, 0.5, 0.5, 0.5, 0.5, 0.5, 0.5, 0.5, 0.5, 0.5, 0.5, 0.5, 0.5, 0.5, 0.5, 0.5, 0.5, 0.5, 0.5, 0.5, 0.5, 0.5, 0.5, 0.5, 0.5, 0.5, 0.5, 0.5, 0.5, 0.5, 0.5, 0.5, 0.5, 0.5, 0.5, 0.5, 0.5, 0.5, 0.5, 0.5, 0.5, 0.5, 0.5, 0.5, 0.5, 0.5, 0.5, 0.5, 0.5, 0.5, 0.5, 0.5, 0.5, 0.5, 0.5, 0.5, 0.5, 0.5, 0.5, 0.5, 0.5, 0.5, 0.5, 0.5, 0.5, 0.5, 0.5, 0.5, 0.5, 0.5, 0.5, 0.5, 0.5, 0.5, 0.5, 0.5, 0.5, 0.5, 0.5, 0.5, 0.5, 0.5, 0.5, 0.5, 0.5, 0.5, 0.5, 0.5, 0.5, 0.5, 0.5, 0.5, 0.5, 0.5, 0.5, 0.5, 0.5, 0.5, 0.5, 0.5, 0.5, 0.5, 0.5, 0.5, 0.5, 0.5, 0.5, 0.5, 0.5, 0.5, 0.5, 0.5, 0.5, 0.5, 0.5, 0.5, 0.5, 0.5, 0.5, 0.5, 0.5, 0.5, 0.5, 0.5, 0.5, 0.5, 0.5, 0.5, 0.5, 0.5, 0.5, 0.5, 0.5, 0.5, 0.5, 0.5, 0.5, 0.5, 0.5, 0.5, 0.5, 0.5, 0.5, 0.5, 0.5, 0.5, 0.5, 0.5, 0.5, 0.5, 0.5, 0.5, 0.5, 0.5, 0.5, 0.5, 0.5, 0.5, 0.5, 0.5, 0.5, 0.5, 0.5, 0.5, 0.5, 0.5, 0.5, 0.5, 0.5, 0.5, 0.5, 0.5, 0.5, 0.5, 0.5, 0.5, 0.5, 0.5, 0.5, 0.5, 0.5, 0.5, 0.5, 0.5, 0.5, 0.5, 0.5, 0.5, 0.5, 0.5, 0.5, 0.5, 0.5, 0.5, 0.5, 0.5, 0.5, 0.5, 0.5, 0.5, 0.5, 0.5, 0.5, 0.5, 0.5, 0.5, 0.5, 0.5, 0.5, 0.5, 0.5, 0.5, 0.5, 0.5, 0.5, 0.5, 0.5, 0.5, 0.5, 0.5, 0.5, 0.5, 0.5, 0.5, 0.5, 0.5, 0.5, 0.5, 0.5, 0.5, 0.5, 0.5, 0.5, 0.5, 0.5, 0.5, 0.5, 0.5, 0.5, 0.5, 0.5, 0.5, 0.5, 0.5, 0.5, 0.5, 0.5, 0.5, 0.5, 0.5, 0.5, 0.5, 0.5, 0.5, 0.5, 0.5, 0.5, 0.5, 0.5, 0.5, 0.5, 0.5, 0.5, 0.5, 0.5, 0.5, 0.5, 0.5, 0.5, 0.5, 0.5, 0.5, 0.5, 0.5, 0.5, 0.5, 0.5, 0.5, 0.5, 0.5, 0.5, 0.5, 0.5, 0.5, 0.5, 0.5, 0.5, 0.5, 0.5, 0.5, 0.5, 0.5, 0.5, 0.5, 0.5, 0.5, 0.5, 0.5, 0.5, 0.5, 0.5, 0.5, 0.5, 0.5, 0.5, 0.5, 0.5, 0.5, 0.5, 0.5, 0.5, 0.5, 0.5, 0.5, 0.5, 0.5, 0.5, 0.5, 0.5, 0.5, 0.5, 0.5, 0.5, 0.5, 0.5, 0.5, 0.5, 0.5, 0.5, 0.5, 0.5, 0.5, 0.5, 0.5, 0.5, 0.5, 0.5, 0.5, 0.5, 0.5, 0.5, 0.5, 0.5, 0.5, 0.5, 0.5, 0.5, 0.5, 0.5, 0.5, 0.5, 0.5, 0.5, 0.5, 0.5, 0.5, 0.5, 0.5, 0.5, 0.5, 0.5, 0.5, 0.5, 0.5, 0.5, 0.5, 0.5, 0.5, 0.5, 0.5, 0.5, 0.5, 0.5, 0.5, 0.5, 0.5, 0.5, 0.5, 0.5, 0.5, 0.5, 0.5, 0.5, 0.5, 0.5, 0.5, 0.5, 0.5, 0.5, 0.5, 0.5, 0.5, 0.5, 0.5, 0.5, 0.5, 0.5, 0.5, 0.5, 0.5, 0.5, 0.5, 0.5, 0.5, 0.5, 0.5, 0.5, 0.5, 0.5, 0.5, 0.5, 0.5, 0.5, 0.5, 0.5, 0.5, 0.5, 0.5, 0.5, 0.5, 0.5, 0.5, 0.5, 0.5, 0.5, 0.5, 0.5, 0.5, 0.5, 0.5, 0.5, 0.5, 0.5, 0.5, 0.5, 0.5, 0.5, 0.5, 0.5, 0.5, 0.5, 0.5, 0.5, 0.5, 0.5, 0.5, 0.5, 0.5, 0.5, 0.5, 0.5, 0.5, 0.5, 0.5, 0.5, 0.5, 0.5, 0.5, 0.5, 0.5, 0.5, 0.5, 0.5, 0.5, 0.5, 0.5, 0.5, 0.5, 0.5, 0.5, 0.5, 0.5, 0.5, 0.5, 0.5, 0.5, 0.5, 0.5, 0.5, 0.5, 0.5, 0.5, 0.5, 0.5, 0.5, 0.5, 0.5, 0.5, 0.5, 0.5, 0.5, 0.5, 0.5, 0.5, 0.5, 0.5, 0.5, 0.5, 0.5, 0.5, 0.5, 0.5, 0.5, 0.5, 0.5, 0.5, 0.5, 0.5, 0.5, 0.5, 0.5, 0.5, 0.5, 0.5, 0.5, 0.5, 0.5, 0.5, 0.5, 0.5, 0.5, 0.5, 0.5, 0.5, 0.5, 0.5, 0.5, 0.5, 0.5, 0.5, 0.5, 0.5, 0.5, 0.5, 0.5, 0.5, 0.5, 0.5, 0.5, 0.5, 0.5, 0.5, 0.5, 0.5, 0.5, 0.5, 0.5, 0.5, 0.5, 0.5, 0.5, 0.5, 0.5, 0.5, 0.5, 0.5, 0.5, 0.5, 0.5, 0.5, 0.5, 0.5, 0.5, 0.5, 0.5, 0.5, 0.5, 0.5, 0.5, 0.5, 0.5, 0.5, 0.5, 0.5, 0.5, 0.5, 0.5, 0.5, 0.5, 0.5, 0.5, 0.5, 0.5, 0.5, 0.5, 0.5, 0.5, 0.5, 0.5, 0.5, 0.5, 0.5, 0.5, 0.5, 0.5, 0.5, 0.5, 0.5, 0.5, 0.5, 0.5, 0.5, 0.5, 0.5, 0.5, 0.5, 0.5, 0.5, 0.5, 0.5, 0.5, 0.5, 0.5, 0.5, 0.5, 0.5, 0.5, 0.5, 0.5, 0.5, 0.5, 0.5, 0.5, 0.5, 0.5, 0.5, 0.5, 0.5, 0.5, 0.5, 0.5, 0.5, 0.5, 0.5, 0.5, 0.5, 0.5, 0.5, 0.5, 0.5, 0.5, 0.5, 0.5, 0.5, 0.5, 0.5, 0.5, 0.5, 0.5, 0.5, 0.5, 0.5, 0.5, 0.5, 0.5, 0.5, 0.5, 0.5, 0.5, 0.5, 0.5, 0.5, 0.5, 0.5, 0.5, 0.5, 0.5, 0.5, 0.5, 0.5, 0.5, 0.5, 0.5, 0.5, 0.5, 0.5, 0.5, 0.5, 0.5, 0.5, 0.5, 0.5, 0.5, 0.5, 0.5, 0.5, 0.5, 0.5, 0.5, 0.5, 0.5, 0.5, 0.5, 0.5, 0.5, 0.5, 0.5, 0.5, 0.5, 0.5, 0.5, 0.5, 0.5, 0.5, 0.5, 0.5, 0.5, 0.5, 0.5, 0.5, 0.5, 0.5, 0.5, 0.5, 0.5, 0.5, 0.5, 0.5, 0.5, 0.5, 0.5, 0.5, 0.5, 0.5, 0.5, 0.5, 0.5, 0.5, 0.5, 0.5, 0.5, 0.5, 0.5, 0.5, 0.5, 0.5, 0.5, 0.5, 0.5, 0.5, 0.5, 0.5, 0.5, 0.5, 0.5, 0.5, 0.5, 0.5, 0.5, 0.5, 0.5, 0.5, 0.5, 0.5, 0.5, 0.5, 0.5, 0.5, 0.5, 0.5, 0.5, 0.5, 0.5, 0.5, 0.5, 0.5, 0.5, 0.5, 0.5, 0.5, 0.5, 0.5, 0.5, 0.5, 0.5, 0.5, 0.5, 0.5, 0.5, 0.5, 0.5, 0.5, 0.5, 0.5, 0.5, 0.5, 0.5, 0.5, 0.5, 0.5, 0.5, 0.5, 0.5, 0.5, 0.5, 0.5, 0.5, 0.5, 0.5, 0.5, 0.5, 0.5, 0.5, 0.5, 0.5, 0.5, 0.5, 0.5, 0.5, 0.5, 0.5, 0.5, 0.5, 0.5, 0.5, 0.5, 0.5, 0.5, 0.5, 0.5, 0.5, 0.5, 0.5, 0.5, 0.5, 0.5, 0.5, 0.5, 0.5, 0.5, 0.5, 0.5, 0.5, 0.5, 0.5, 0.5, 0.5, 0.5, 0.5, 0.5, 0.5, 0.5, 0.5, 0.5, 0.5, 0.5, 0.5, 0.5, 0.5, 0.5, 0.5, 0.5, 0.5, 0.5, 0.5, 0.5, 0.5, 0.5, 0.5, 0.5, 0.5, 0.5, 0.5, 0.5, 0.5, 0.5, 0.5, 0.5, 0.5, 0.5, 0.5, 0.5, 0.5, 0.5, 0.5, 0.5, 0.5, 0.5, 0.5, 0.5, 0.5, 0.5, 0.5, 0.5, 0.5, 0.5, 0.5, 0.5, 0.5, 0.5, 0.5, 0.5, 0.5, 0.5, 0.5, 0.5, 0.5, 0.5, 0.5, 0.5, 0.5, 0.5, 0.5, 0.5, 0.5, 0.5, 0.5, 0.5, 0.5, 0.5, 0.5, 0.5, 0.5, 0.5, 0.5, 0.5, 0.5, 0.5, 0.5, 0.5, 0.5, 0.5, 0.5, 0.5, 0.5, 0.5, 0.5, 0.5, 0.5, 0.5, 0.5, 0.5, 0.5, 0.5, 0.5, 0.5, 0.5, 0.5, 0.5, 0.5, 0.5, 0.5, 0.5, 0.5, 0.5, 0.5, 0.5, 0.5, 0.5, 0.5, 0.5, 0.5, 0.5, 0.5, 0.5, 0.5, 0.5, 0.5, 0.5, 0.5, 0.5, 0.5, 0.5, 0.5, 0.5, 0.5, 0.5, 0.5, 0.5, 0.5, 0.5, 0.5, 0.5, 0.5, 0.5, 0.5, 0.5, 0.5, 0.5, 0.5, 0.5, 0.5, 0.5, 0.5, 0.5, 0.5, 0.5, 0.5, 0.5, 0.5, 0.5, 0.5, 0.5, 0.5, 0.5, 0.5, 0.5, 0.5, 0.5, 0.5, 0.5, 0.5, 0.5, 0.5, 0.5, 0.5, 0.5, 0.5, 0.5, 0.5, 0.5, 0.5, 0.5, 0.5, 0.5, 0.5, 0.5, 0.5, 0.5, 0.5, 0.5, 0.5, 0.5, 0.5, 0.5, 0.5, 0.5, 0.5, 0.5, 0.5, 0.5, 0.5, 0.5, 0.5, 0.5, 0.5, 0.5, 0.5, 0.5, 0.5, 0.5, 0.5, 0.5, 0.5, 0.5, 0.5, 0.5, 0.5, 0.5, 0.5, 0.5, 0.5, 0.5, 0.5, 0.5, 0.5, 0.5, 0.5, 0.5, 0.5, 0.5, 0.5, 0.5, 0.5, 0.5, 0.5, 0.5, 0.5, 0.5, 0.5, 0.5, 0.5, 0.5, 0.5, 0.5, 0.5, 0.5, 0.5, 0.5, 0.5, 0.5, 0.5, 0.5, 0.5, 0.5, 0.5, 0.5, 0.5, 0.5, 0.5, 0.5, 0.5, 0.5, 0.5, 0.5, 0.5, 0.5, 0.5, 0.5, 0.5, 0.5, 0.5, 0.5, 0.5, 0.5, 0.5, 0.5, 0.5, 0.5, 0.5, 0.5, 0.5, 0.5, 0.5, 0.5, 0.5, 0.5, 0.5, 0.5, 0.5, 0.5, 0.5, 0.5, 0.5, 0.5, 0.5, 0.5, 0.5, 0.5, 0.5, 0.5, 0.5, 0.5, 0.5, 0.5, 0.5, 0.5, 0.5, 0.5, 0.5, 0.5, 0.5, 0.5, 0.5, 0.5, 0.5, 0.5, 0.5, 0.5, 0.5, 0.5, 0.5, 0.5, 0.5, 0.5, 0.5, 0.5, 0.5, 0.5, 0.5, 0.5, 0.5, 0.5, 0.5, 0.5, 0.5, 0.5, 0.5, 0.5, 0.5, 0.5, 0.5, 0.5, 0.5, 0.5, 0.5, 0.5, 0.5, 0.5, 0.5, 0.5, 0.5, 0.5, 0.5, 0.5, 0.5, 0.5, 0.5, 0.5, 0.5, 0.5, 0.5, 0.5, 0.5, 0.5, 0.5, 0.5, 0.5, 0.5, 0.5, 0.5, 0.5, 0.5, 0.5, 0.5, 0.5, 0.5, 0.5, 0.5, 0.5, 0.5, 0.5, 0.5, 0.5, 0.5, 0.5, 0.5, 0.5, 0.5, 0.5, 0.5, 0.5, 0.5, 0.5, 0.5, 0.5, 0.5, 0.5, 0.5, 0.5, 0.5, 0.5, 0.5, 0.5, 0.5, 0.5, 0.5, 0.5, 0.5, 0.5, 0.5, 0.5, 0.5, 0.5, 0.5, 0.5, 0.5, 0.5, 0.5, 0.5, 0.5, 0.5, 0.5, 0.5, 0.5, 0.5, 0.5, 0.5, 0.5, 0.5, 0.5, 0.5, 0.5, 0.5, 0.5, 0.5, 0.5, 0.5, 0.5, 0.5, 0.5, 0.5, 0.5, 0.5, 0.5, 0.5, 0.5, 0.5, 0.5, 0.5, 0.5, 0.5, 0.5, 0.5, 0.5, 0.5, 0.5, 0.5, 0.5, 0.5, 0.5, 0.5, 0.5, 0.5, 0.5, 0.5, 0.5, 0.5, 0.5, 0.5, 0.5, 0.5, 0.5, 0.5, 0.5, 0.5, 0.5, 0.5, 0.5, 0.5, 0.5, 0.5, 0.5, 0.5, 0.5, 0.5, 0.5, 0.5, 0.5, 0.5, 0.5, 0.5, 0.5, 0.5, 0.5, 0.5, 0.5, 0.5, 0.5, 0.5, 0.5, 0.5, 0.5, 0.5, 0.5, 0.5, 0.5, 0.5, 0.5, 0.5, 0.5, 0.5, 0.5, 0.5, 0.5, 0.5, 0.5, 0.5, 0.5, 0.5, 0.5, 0.5, 0.5, 0.5, 0.5, 0.5, 0.5, 0.5, 0.5, 0.5, 0.5, 0.5, 0.5, 0.5, 0.5, 0.5, 0.5, 0.5, 0.5, 0.5, 0.5, 0.5, 0.5, 0.5, 0.5, 0.5, 0.5, 0.5, 0.5, 0.5, 0.5, 0.5, 0.5, 0.5, 0.5, 0.5, 0.5, 0.5, 0.5, 0.5, 0.5, 0.5, 0.5, 0.5, 0.5, 0.5, 0.5, 0.5, 0.5, 0.5, 0.5, 0.5, 0.5, 0.5, 0.5, 0.5, 0.5, 0.5, 0.5, 0.5, 0.5, 0.5, 0.5, 0.5, 0.5, 0.5, 0.5, 0.5, 0.5, 0.5, 0.5, 0.5, 0.5, 0.5, 0.5, 0.5, 0.5, 0.5, 0.5, 0.5, 0.5, 0.5, 0.5, 0.5, 0.5, 0.5, 0.5, 0.5, 0.5, 0.5, 0.5, 0.5, 0.5, 0.5, 0.5, 0.5, 0.5, 0.5, 0.5, 0.5, 0.5, 0.5, 0.5, 0.5, 0.5, 0.5, 0.5, 0.5, 0.5, 0.5, 0.5, 0.5, 0.5, 0.5, 0.5, 0.5, 0.5, 0.5, 0.5, 0.5, 0.5, 0.5, 0.5, 0.5, 0.5, 0.5, 0.5, 0.5, 0.5, 0.5, 0.5, 0.5, 0.5, 0.5, 0.5, 0.5, 0.5, 0.5, 0.5, 0.5, 0.5, 0.5, 0.5, 0.5, 0.5, 0.5, 0.5, 0.5, 0.5, 0.5, 0.5, 0.5, 0.5, 0.5, 0.5, 0.5, 0.5, 0.5, 0.5, 0.5, 0.5, 0.5, 0.5, 0.5, 0.5, 0.5, 0.5, 0.5, 0.5, 0.5, 0.5, 0.5, 0.5, 0.5, 0.5, 0.5, 0.5, 0.5, 0.5, 0.5, 0.5, 0.5, 0.5, 0.5, 0.5, 0.5, 0.5, 0.5, 0.5, 0.5, 0.5, 0.5, 0.5, 0.5, 0.5, 0.5, 0.5, 0.5, 0.5, 0.5, 0.5, 0.5, 0.5, 0.5, 0.5, 0.5, 0.5, 0.5, 0.5, 0.5, 0.5, 0.5, 0.5, 0.5, 0.5, 0.5, 0.5, 0.5, 0.5, 0.5, 0.5, 0.5, 0.5, 0.5, 0.5, 0.5, 0.5, 0.5, 0.5, 0.5, 0.5, 0.5, 0.5, 0.5, 0.5, 0.5, 0.5, 0.5, 0.5, 0.5, 0.5, 0.5, 0.5, 0.5, 0.5, 0.5, 0.5, 0.5, 0.5, 0.5, 0.5, 0.5, 0.5, 0.5, 0.5, 0.5, 0.5, 0.5, 0.5, 0.5, 0.5, 0.5, 0.5, 0.5, 0.5, 0.5, 0.5, 0.5, 0.5, 0.5, 0.5, 0.5, 0.5, 0.5, 0.5, 0.5, 0.5, 0.5, 0.5, 0.5, 0.5, 0.5, 0.5, 0.5, 0.5, 0.5, 0.5, 0.5, 0.5, 0.5, 0.5, 0.5, 0.5, 0.5, 0.5, 0.5, 0.5, 0.5, 0.5, 0.5, 0.5, 0.5, 0.5, 0.5, 0.5, 0.5, 0.5, 0.5, 0.5, 0.5, 0.5, 0.5, 0.5, 0.5, 0.5, 0.5, 0.5, 0.5, 0.5, 0.5, 0.5, 0.5, 0.5, 0.5, 0.5, 0.5, 0.5, 0.5, 0.5, 0.5, 0.5, 0.5, 0.5, 0.5, 0.5, 0.5, 0.5, 0.5, 0.5, 0.5, 0.5, 0.5, 0.5, 0.5, 0.5, 0.5, 0.5, 0.5, 0.5, 0.5, 0.5, 0.5, 0.5, 0.5, 0.5, 0.5, 0.5, 0.5, 0.5, 0.5, 0.5, 0.5, 0.5, 0.5, 0.5, 0.5, 0.5, 0.5, 0.5, 0.5, 0.5, 0.5, 0.5, 0.5, 0.5, 0.5, 0.5, 0.5, 0.5, 0.5, 0.5, 0.5, 0.5, 0.5, 0.5, 0.5, 0.5, 0.5, 0.5, 0.5, 0.5, 0.5, 0.5, 0.5, 0.5, 0.5, 0.5, 0.5, 0.5, 0.5, 0.5, 0.5, 0.5, 0.5, 0.5, 0.5, 0.5, 0.5, 0.5, 0.5, 0.5, 0.5, 0.5, 0.5, 0.5, 0.5, 0.5, 0.5, 0.5, 0.5, 0.5, 0.5, 0.5, 0.5, 0.5, 0.5, 0.5, 0.5, 0.5, 0.5, 0.5, 0.5, 0.5, 0.5, 0.5, 0.5, 0.5, 0.5, 0.5, 0.5, 0.5, 0.5, 0.5, 0.5, 0.5, 0.5, 0.5, 0.5, 0.5, 0.5, 0.5, 0.5, 0.5, 0.5, 0.5, 0.5, 0.5, 0.5, 0.5, 0.5, 0.5, 0.5, 0.5, 0.5, 0.5, 0.5, 0.5, 0.5, 0.5, 0.5, 0.5, 0.5, 0.5, 0.5, 0.5, 0.5, 0.5, 0.5, 0.5, 0.5, 0.5, 0.5, 0.5, 0.5, 0.5, 0.5, 0.5, 0.5, 0.5, 0.5, 0.5, 0.5, 0.5, 0.5, 0.5, 0.5, 0.5, 0.5, 0.5, 0.5, 0.5, 0.5, 0.5, 0.5, 0.5, 0.5, 0.5, 0.5, 0.5, 0.5, 0.5, 0.5, 0.5, 0.5, 0.5, 0.5, 0.5, 0.5, 0.5, 0.5, 0.5, 0.5, 0.5, 0.5, 0.5, 0.5, 0.5, 0.5, 0.5, 0.5, 0.5, 0.5, 0.5, 0.5, 0.5, 0.5, 0.5, 0.5, 0.5, 0.5, 0.5, 0.5, 0.5, 0.5, 0.5, 0.5, 0.5, 0.5, 0.5, 0.5, 0.5, 0.5, 0.5, 0.5, 0.5, 0.5, 0.5, 0.5, 0.5, 0.5, 0.5, 0.5, 0.5, 0.5, 0.5, 0.5, 0.5, 0.5, 0.5, 0.5, 0.5, 0.5, 0.5, 0.5, 0.5, 0.5, 0.5, 0.5, 0.5, 0.5, 0.5, 0.5, 0.5, 0.5, 0.5, 0.5, 0.5, 0.5, 0.5, 0.5, 0.5, 0.5, 0.5, 0.5, 0.5, 0.5, 0.5, 0.5, 0.5, 0.5, 0.5, 0.5, 0.5, 0.5, 0.5, 0.5, 0.5, 0.5, 0.5, 0.5, 0.5, 0.5, 0.5, 0.5, 0.5, 0.5, 0.5, 0.5, 0.5, 0.5, 0.5, 0.5, 0.5, 0.5, 0.5, 0.5, 0.5, 0.5, 0.5, 0.5, 0.5, 0.5, 0.5, 0.5, 0.5, 0.5, 0.5, 0.5, 0.5, 0.5, 0.5, 0.5, 0.5, 0.5, 0.5, 0.5, 0.5, 0.5, 0.5, 0.5, 0.5, 0.5, 0.5, 0.5, 0.5, 0.5, 0.5, 0.5, 0.5, 0.5, 0.5, 0.5, 0.5, 0.5, 0.5, 0.5, 0.5, 0.5, 0.5, 0.5, 0.5, 0.5, 0.5, 0.5, 0.5, 0.5, 0.5, 0.5, 0.5, 0.5, 0.5, 0.5, 0.5, 0.5, 0.5, 0.5, 0.5, 0.5, 0.5, 0.5, 0.5, 0.5, 0.5, 0.5, 0.5, 0.5, 0.5, 0.5, 0.5, 0.5, 0.5, 0.5, 0.5, 0.5, 0.5, 0.5, 0.5, 0.5, 0.5, 0.5, 0.5, 0.5, 0.5, 0.5, 0.5, 0.5, 0.5, 0.5, 0.5, 0.5, 0.5, 0.5, 0.5, 0.5, 0.5, 0.5, 0.5, 0.5, 0.5, 0.5, 0.5, 0.5, 0.5, 0.5, 0.5, 0.5, 0.5, 0.5, 0.5, 0.5, 0.5, 0.5, 0.5, 0.5, 0.5, 0.5, 0.5, 0.5, 0.5, 0.5, 0.5, 0.5, 0.5, 0.5, 0.5, 0.5, 0.5, 0.5, 0.5, 0.5, 0.5, 0.5, 0.5, 0.5, 0.5, 0.5, 0.5, 0.5, 0.5, 0.5, 0.5, 0.5, 0.5, 0.5, 0.5, 0.5, 0.5, 0.5, 0.5, 0.5, 0.5, 0.5, 0.5, 0.5, 0.5, 0.5, 0.5, 0.5, 0.5, 0.5, 0.5, 0.5, 0.5, 0.5, 0.5, 0.5, 0.5, 0.5, 0.5, 0.5, 0.5, 0.5, 0.5, 0.5, 0.5, 0.5, 0.5, 0.5, 0.5, 0.5, 0.5, 0.5, 0.5, 0.5, 0.5, 0.5, 0.5, 0.5, 0.5, 0.5, 0.5, 0.5, 0.5, 0.5, 0.5, 0.5, 0.5, 0.5, 0.5, 0.5, 0.5, 0.5, 0.5, 0.5, 0.5, 0.5, 0.5, 0.5, 0.5, 0.5, 0.5, 0.5, 0.5, 0.5, 0.5, 0.5, 0.5, 0.5, 0.5, 0.5, 0.5, 0.5, 0.5, 0.5, 0.5, 0.5, 0.5, 0.5, 0.5, 0.5, 0.5, 0.5, 0.5, 0.5, 0.5, 0.5, 0.5, 0.5, 0.5, 0.5, 0.5, 0.5, 0.5, 0.5, 0.5, 0.5, 0.5, 0.5, 0.5, 0.5, 0.5, 0.5, 0.5, 0.5, 0.5, 0.5, 0.5, 0.5, 0.5, 0.5, 0.5, 0.5, 0.5, 0.5, 0.5, 0.5, 0.5, 0.5, 0.5, 0.5, 0.5, 0.5, 0.5, 0.5, 0.5, 0.5, 0.5, 0.5, 0.5, 0.5, 0.5, 0.5, 0.5, 0.5, 0.5, 0.5, 0.5, 0.5, 0.5, 0.5, 0.5, 0.5, 0.5, 0.5, 0.5, 0.5, 0.5, 0.5, 0.5, 0.5, 0.5, 0.5, 0.5, 0.5, 0.5, 0.5, 0.5, 0.5, 0.5, 0.5, 0.5, 0.5, 0.5, 0.5, 0.5, 0.5, 0.5, 0.5, 0.5, 0.5, 0.5, 0.5, 0.5, 0.5, 0.5, 0.5, 0.5, 0.5, 0.5, 0.5, 0.5, 0.5, 0.5, 0.5, 0.5, 0.5, 0.5, 0.5, 0.5, 0.5, 0.5, 0.5, 0.5, 0.5, 0.5, 0.5, 0.5, 0.5, 0.5, 0.5, 0.5, 0.5, 0.5, 0.5, 0.5, 0.5, 0.5, 0.5, 0.5, 0.5, 0.5, 0.5, 0.5, 0.5, 0.5, 0.5, 0.5, 0.5, 0.5, 0.5, 0.5, 0.5, 0.5, 0.5, 0.5, 0.5, 0.5, 0.5, 0.5, 0.5, 0.5, 0.5, 0.5, 0.5, 0.5, 0.5, 0.5, 0.5, 0.5, 0.5, 0.5, 0.5, 0.5, 0.5, 0.5, 0.5, 0.5, 0.5, 0.5, 0.5, 0.5, 0.5, 0.5, 0.5, 0.5, 0.5, 0.5, 0.5, 0.5, 0.5, 0.5, 0.5, 0.5, 0.5, 0.5, 0.5, 0.5, 0.5, 0.5, 0.5, 0.5, 0.5, 0.5, 0.5, 0.5, 0.5, 0.5, 0.5, 0.5, 0.5, 0.5, 0.5, 0.5, 0.5, 0.5, 0.5, 0.5, 0.5, 0.5, 0.5, 0.5, 0.5, 0.5, 0.5, 0.5, 0.5, 0.5, 0.5, 0.5, 0.5, 0.5, 0.5, 0.5, 0.5, 0.5, 0.5, 0.5, 0.5, 0.5, 0.5, 0.5, 0.5, 0.5, 0.5, 0.5, 0.5, 0.5, 0.5, 0.5, 0.5, 0.5, 0.5, 0.5, 0.5, 0.5, 0.5, 0.5, 0.5, 0.5, 0.5, 0.5, 0.5, 0.5, 0.5, 0.5, 0.5, 0.5, 0.5, 0.5, 0.5, 0.5, 0.5, 0.5, 0.5, 0.5, 0.5, 0.5, 0.5, 0.5, 0.5, 0.5, 0.5, 0.5, 0.5, 0.5, 0.5, 0.5, 0.5, 0.5, 0.5, 0.5, 0.5, 0.5, 0.5, 0.5, 0.5, 0.5, 0.5, 0.5, 0.5, 0.5, 0.5, 0.5, 0.5, 0.5, 0.5, 0.5, 0.5, 0.5, 0.5, 0.5, 0.5, 0.5, 0.5, 0.5, 0.5, 0.5, 0.5, 0.5, 0.5, 0.5, 0.5, 0.5, 0.5, 0.5, 0.5, 0.5, 0.5, 0.5, 0.5, 0.5, 0.5, 0.5, 0.5, 0.5, 0.5, 0.5, 0.5, 0.5, 0.5, 0.5, 0.5, 0.5, 0.5, 0.5, 0.5, 0.5, 0.5, 0.5, 0.5, 0.5, 0.5, 0.5, 0.5, 0.5, 0.5, 0.5, 0.5, 0.5, 0.5, 0.5, 0.5, 0.5, 0.5, 0.5, 0.5, 0.5, 0.5, 0.5, 0.5, 0.5, 0.5, 0.5, 0.5, 0.5, 0.5, 0.5, 0.5, 0.5, 0.5, 0.5, 0.5, 0.5, 0.5, 0.5, 0.5, 0.5, 0.5, 0.5, 0.5, 0.5, 0.5, 0.5, 0.5, 0.5, 0.5, 0.5, 0.5, 0.5, 0.5, 0.5, 0.5, 0.5, 0.5, 0.5, 0.5, 0.5, 0.5, 0.5, 0.5, 0.5, 0.5, 0.5, 0.5, 0.5, 0.5, 0.5, 0.5, 0.5, 0.5, 0.5, 0.5, 0.5, 0.5, 0.5, 0.5, 0.5, 0.5, 0.5, 0.5, 0.5, 0.5, 0.5, 0.5, 0.5, 0.5, 0.5, 0.5, 0.5, 0.5, 0.5, 0.5, 0.5, 0.5, 0.5, 0.5, 0.5, 0.5, 0.5, 0.5, 0.5, 0.5, 0.5, 0.5, 0.5, 0.5, 0.5, 0.5, 0.5, 0.5, 0.5, 0.5, 0.5, 0.5, 0.5, 0.5, 0.5, 0.5, 0.5, 0.5, 0.5, 0.5, 0.5, 0.5, 0.5, 0.5, 0.5, 0.5, 0.5, 0.5, 0.5, 0.5, 0.5, 0.5, 0.5, 0.5, 0.5, 0.5, 0.5, 0.5, 0.5, 0.5, 0.5, 0.5, 0.5, 0.5, 0.5, 0.5, 0.5, 0.5, 0.5, 0.5, 0.5, 0.5, 0.5, 0.5, 0.5, 0.5, 0.5, 0.5, 0.5, 0.5, 0.5, 0.5, 0.5, 0.5, 0.5, 0.5, 0.5, 0.5, 0.5, 0.5, 0.5, 0.5, 0.5, 0.5, 0.5, 0.5, 0.5, 0.5, 0.5, 0.5, 0.5, 0.5, 0.5, 0.5, 0.5, 0.5, 0.5, 0.5, 0.5, 0.5, 0.5, 0.5, 0.5, 0.5, 0.5, 0.5, 0.5, 0.5, 0.5, 0.5, 0.5, 0.5, 0.5, 0.5, 0.5, 0.5, 0.5, 0.5, 0.5, 0.5, 0.5, 0.5, 0.5, 0.5, 0.5, 0.5, 0.5, 0.5, 0.5, 0.5, 0.5, 0.5, 0.5, 0.5, 0.5, 0.5, 0.5, 0.5, 0.5, 0.5, 0.5, 0.5, 0.5, 0.5, 0.5, 0.5, 0.5, 0.5, 0.5, 0.5, 0.5, 0.5, 0.5, 0.5, 0.5, 0.5, 0.5, 0.5, 0.5, 0.5, 0.5, 0.5, 0.5, 0.5, 0.5, 0.5, 0.5, 0.5, 0.5, 0.5, 0.5, 0.5, 0.5, 0.5, 0.5, 0.5, 0.5, 0.5, 0.5, 0.5, 0.5, 0.5, 0.5, 0.5, 0.5, 0.5, 0.5, 0.5, 0.5, 0.5, 0.5, 0.5, 0.5, 0.5, 0.5, 0.5, 0.5, 0.5, 0.5, 0.5, 0.5, 0.5, 0.5, 0.5, 0.5, 0.5, 0.5, 0.5, 0.5, 0.5, 0.5, 0.5, 0.5, 0.5, 0.5, 0.5, 0.5, 0.5, 0.5, 0.5, 0.5, 0.5, 0.5, 0.5, 0.5, 0.5, 0.5, 0.5, 0.5, 0.5, 0.5, 0.5, 0.5, 0.5, 0.5, 0.5, 0.5, 0.5, 0.5, 0.5, 0.5, 0.5, 0.5, 0.5, 0.5, 0.5, 0.5, 0.5, 0.5, 0.5, 0.5, 0.5, 0.5, 0.5, 0.5, 0.5, 0.5, 0.5, 0.5, 0.5, 0.5, 0.5, 0.5, 0.5, 0.5, 0.5, 0.5, 0.5, 0.5, 0.5, 0.5, 0.5, 0.5, 0.5, 0.5, 0.5, 0.5, 0.5, 0.5, 0.5, 0.5, 0.5, 0.5, 0.5, 0.5, 0.5, 0.5, 0.5, 0.5, 0.5, 0.5, 0.5, 0.5, 0.5, 0.5, 0.5, 0.5, 0.5, 0.5, 0.5, 0.5, 0.5, 0.5, 0.5, 0.5, 0.5, 0.5, 0.5, 0.5, 0.5, 0.5, 0.5, 0.5, 0.5, 0.5, 0.5, 0.5, 0.5, 0.5, 0.5, 0.5, 0.5, 0.5, 0.5, 0.5, 0.5, 0.5, 0.5, 0.5, 0.5, 0.5, 0.5, 0.5, 0.5, 0.5, 0.5, 0.5, 0.5, 0.5, 0.5, 0.5, 0.5, 0.5, 0.5, 0.5, 0.5, 0.5, 0.5, 0.5, 0.5, 0.5, 0.5, 0.5, 0.5, 0.5, 0.5, 0.5, 0.5, 0.5, 0.5, 0.5, 0.5, 0.5, 0.5, 0.5, 0.5, 0.5, 0.5, 0.5, 0.5, 0.5, 0.5, 0.5, 0.5, 0.5, 0.5, 0.5, 0.5, 0.5, 0.5, 0.5, 0.5, 0.5, 0.5, 0.5, 0.5, 0.5, 0.5, 0.5, 0.5, 0.5, 0.5, 0.5, 0.5, 0.5, 0.5, 0.5, 0.5, 0.5, 0.5, 0.5, 0.5, 0.5, 0.5, 0.5, 0.5, 0.5, 0.5, 0.5, 0.5, 0.5, 0.5, 0.5, 0.5, 0.5, 0.5, 0.5, 0.5, 0.5, 0.5, 0.5, 0.5, 0.5, 0.5, 0.5, 0.5, 0.5, 0.5, 0.5, 0.5, 0.5, 0.5, 0.5, 0.5, 0.5, 0.5, 0.5, 0.5, 0.5, 0.5, 0.5, 0.5, 0.5, 0.5, 0.5, 0.5, 0.5, 0.5, 0.5, 0.5, 0.5, 0.5, 0.5, 0.5, 0.5, 0.5, 0.5, 0.5, 0.5, 0.5, 0.5, 0.5, 0.5, 0.5, 0.5, 0.5, 0.5, 0.5, 0.5, 0.5, 0.5, 0.5, 0.5, 0.5, 0.5, 0.5, 0.5, 0.5, 0.5, 0.5, 0.5, 0.5, 0.5, 0.5, 0.5, 0.5, 0.5, 0.5, 0.5, 0.5, 0.5, 0.5, 0.5, 0.5, 0.5, 0.5, 0.5, 0.5, 0.5, 0.5, 0.5, 0.5, 0.5, 0.5, 0.5, 0.5, 0.5, 0.5, 0.5, 0.5, 0.5, 0.5, 0.5, 0.5, 0.5, 0.5, 0.5, 0.5, 0.5, 0.5, 0.5, 0.5, 0.5, 0.5, 0.5, 0.5, 0.5, 0.5, 0.5, 0.5, 0.5, 0.5, 0.5, 0.5, 0.5, 0.5, 0.5, 0.5, 0.5, 0.5, 0.5, 0.5, 0.5, 0.5, 0.5, 0.5, 0.5, 0.5, 0.5, 0.5, 0.5, 0.5, 0.5, 0.5, 0.5, 0.5, 0.5, 0.5, 0.5, 0.5, 0.5, 0.5, 0.5, 0.5, 0.5, 0.5, 0.5, 0.5, 0.5, 0.5, 0.5, 0.5, 0.5, 0.5, 0.5, 0.5, 0.5, 0.5, 0.5, 0.5, 0.5, 0.5, 0.5, 0.5, 0.5, 0.5, 0.5, 0.5, 0.5, 0.5, 0.5, 0.5, 0.5, 0.5, 0.5, 0.5, 0.5, 0.5, 0.5, 0.5, 0.5, 0.5, 0.5, 0.5, 0.5, 0.5, 0.5, 0.5, 0.5, 0.5, 0.5, 0.5, 0.5, 0.5, 0.5, 0.5, 0.5, 0.5, 0.5, 0.5, 0.5, 0.5, 0.5, 0.5, 0.5, 0.5, 0.5, 0.5, 0.5, 0.5, 0.5, 0.5, 0.5, 0.5, 0.5, 0.5, 0.5, 0.5, 0.5, 0.5, 0.5, 0.5, 0.5, 0.5, 0.5, 0.5, 0.5, 0.5, 0.5, 0.5, 0.5, 0.5, 0.5, 0.5, 0.5, 0.5, 0.5, 0.5, 0.5, 0.5, 0.5, 0.5, 0.5, 0.5, 0.5, 0.5, 0.5, 0.5, 0.5, 0.5, 0.5, 0.5, 0.5, 0.5, 0.5, 0.5, 0.5, 0.5, 0.5, 0.5, 0.5, 0.5, 0.5, 0.5, 0.5, 0.5, 0.5, 0.5, 0.5, 0.5, 0.5, 0.5, 0.5, 0.5, 0.5, 0.5, 0.5, 0.5, 0.5, 0.5, 0.5, 0.5, 0.5, 0.5, 0.5, 0.5, 0.5, 0.5, 0.5, 0.5, 0.5, 0.5, 0.5, 0.5, 0.5, 0.5, 0.5, 0.5, 0.5, 0.5, 0.5, 0.5, 0.5, 0.5, 0.5, 0.5, 0.5, 0.5, 0.5, 0.5, 0.5, 0.5, 0.5, 0.5, 0.5, 0.5, 0.5, 0.5, 0.5, 0.5, 0.5, 0.5, 0.5, 0.5, 0.5, 0.5, 0.5, 0.5, 0.5, 0.5, 0.5, 0.5, 0.5, 0.5, 0.5, 0.5, 0.5, 0.5, 0.5, 0.5, 0.5, 0.5, 0.5, 0.5, 0.5, 0.5, 0.5, 0.5, 0.5, 0.5, 0.5, 0.5, 0.5, 0.5, 0.5, 0.5, 0.5, 0.5, 0.5, 0.5, 0.5, 0.5, 0.5, 0.5, 0.5, 0.5, 0.5, 0.5, 0.5, 0.5, 0.5, 0.5, 0.5, 0.5, 0.5, 0.5, 0.5, 0.5, 0.5, 0.5, 0.5, 0.5, 0.5, 0.5, 0.5, 0.5, 0.5, 0.5, 0.5, 0.5, 0.5, 0.5, 0.5, 0.5, 0.5, 0.5, 0.5, 0.5, 0.5, 0.5, 0.5, 0.5, 0.5, 0.5, 0.5, 0.5, 0.5, 0.5, 0.5, 0.5, 0.5, 0.5, 0.5, 0.5, 0.5, 0.5, 0.5, 0.5, 0.5, 0.5, 0.5, 0.5, 0.5, 0.5, 0.5, 0.5, 0.5, 0.5, 0.5, 0.5, 0.5, 0.5, 0.5, 0.5, 0.5, 0.5, 0.5, 0.5, 0.5, 0.5, 0.5, 0.5, 0.5, 0.5, 0.5, 0.5, 0.5, 0.5, 0.5, 0.5, 0.5, 0.5, 0.5, 0.5, 0.5, 0.5, 0.5, 0.5, 0.5, 0.5, 0.5, 0.5, 0.5, 0.5, 0.5, 0.5, 0.5, 0.5, 0.5, 0.5, 0.5, 0.5, 0.5, 0.5, 0.5, 0.5, 0.5, 0.5, 0.5, 0.5, 0.5, 0.5, 0.5, 0.5, 0.5, 0.5, 0.5, 0.5, 0.5, 0.5, 0.5, 0.5, 0.5, 0.5, 0.5, 0.5, 0.5, 0.5, 0.5, 0.5, 0.5, 0.5, 0.5, 0.5, 0.5, 0.5, 0.5, 0.5, 0.5, 0.5, 0.5, 0.5, 0.5, 0.5, 0.5, 0.5, 0.5, 0.5, 0.5, 0.5, 0.5, 0.5, 0.5, 0.5, 0.5, 0.5, 0.5, 0.5, 0.5, 0.5, 0.5, 0.5, 0.5, 0.5, 0.5, 0.5, 0.5, 0.5, 0.5, 0.5, 0.5, 0.5, 0.5, 0.5, 0.5, 0.5, 0.5, 0.5, 0.5, 0.5, 0.5, 0.5, 0.5, 0.5, 0.5, 0.5, 0.5, 0.5, 0.5, 0.5, 0.5, 0.5, 0.5, 0.5, 0.5, 0.5, 0.5, 0.5, 0.5, 0.5, 0.5, 0.5, 0.5, 0.5, 0.5, 0.5, 0.5, 0.5, 0.5, 0.5, 0.5, 0.5, 0.5, 0.5, 0.5, 0.5, 0.5, 0.5, 0.5, 0.5, 0.5, 0.5, 0.5, 0.5, 0.5, 0.5, 0.5, 0.5, 0.5, 0.5, 0.5, 0.5, 0.5, 0.5, 0.5, 0.5, 0.5, 0.5, 0.5, 0.5, 0.5, 0.5, 0.5, 0.5, 0.5, 0.5, 0.5, 0.5, 0.5, 0.5, 0.5, 0.5, 0.5, 0.5, 0.5, 0.5, 0.5, 0.5, 0.5, 0.5, 0.5, 0.5, 0.5, 0.5, 0.5, 0.5, 0.5, 0.5, 0.5, 0.5, 0.5, 0.5, 0.5, 0.5, 0.5, 0.5, 0.5, 0.5, 0.5, 0.5, 0.5, 0.5, 0.5, 0.5, 0.5, 0.5, 0.5, 0.5, 0.5, 0.5, 0.5, 0.5, 0.5, 0.5, 0.5, 0.5, 0.5, 0.5, 0.5, 0.5, 0.5, 0.5, 0.5, 0.5, 0.5, 0.5, 0.5, 0.5, 0.5, 0.5, 0.5, 0.5, 0.5, 0.5, 0.5, 0.5, 0.5, 0.5, 0.5, 0.5, 0.5, 0.5, 0.5, 0.5, 0.5, 0.5, 0.5, 0.5, 0.5, 0.5, 0.5, 0.5, 0.5, 0.5, 0.5, 0.5, 0.5, 0.5, 0.5, 0.5, 0.5, 0.5, 0.5, 0.5, 0.5, 0.5, 0.5, 0.5, 0.5, 0.5, 0.5, 0.5, 0.5, 0.5, 0.5, 0.5, 0.5, 0.5, 0.5, 0.5, 0.5, 0.5, 0.5, 0.5, 0.5, 0.5, 0.5, 0.5, 0.5, 0.5, 0.5, 0.5, 0.5, 0.5, 0.5, 0.5, 0.5, 0.5, 0.5, 0.5, 0.5, 0.5, 0.5, 0.5, 0.5, 0.5, 0.5, 0.5, 0.5, 0.5, 0.5, 0.5, 0.5, 0.5, 0.5, 0.5, 0.5, 0.5, 0.5, 0.5, 0.5, 0.5, 0.5, 0.5, 0.5, 0.5, 0.5, 0.5, 0.5, 0.5, 0.5, 0.5, 0.5, 0.5, 0.5, 0.5, 0.5, 0.5, 0.5, 0.5, 0.5, 0.5, 0.5, 0.5, 0.5, 0.5, 0.5, 0.5, 0.5, 0.5, 0.5, 0.5, 0.5, 0.5, 0.5, 0.5, 0.5, 0.5, 0.5, 0.5, 0.5, 0.5, 0.5, 0.5, 0.5, 0.5, 0.5, 0.5, 0.5, 0.5, 0.5, 0.5, 0.5, 0.5, 0.5, 0.5, 0.5, 0.5, 0.5, 0.5, 0.5, 0.5, 0.5, 0.5, 0.5, 0.5, 0.5, 0.5, 0.5, 0.5, 0.5, 0.5, 0.5, 0.5, 0.5, 0.5, 0.5, 0.5, 0.5, 0.5, 0.5, 0.5, 0.5, 0.5, 0.5, 0.5, 0.5, 0.5, 0.5, 0.5, 0.5, 0.5, 0.5, 0.5, 0.5, 0.5, 0.5, 0.5, 0.5, 0.5, 0.5, 0.5, 0.5, 0.5, 0.5, 0.5, 0.5, 0.5, 0.5]",0
2026_11_KICE_18-21_2,['3(2)'],"계획 요약
- 지문 속 ⓐ～ⓕ의 각 표시가 어떤 상황에서 누구가 어떤 반응을 보였는지 파악합니다.
- 같은 주체인지, 반응의 대상이 누구인지를 확인하고, “다른 주체의 위기 상황에 대한 반응” 또는 “상대의 예상 밖 제안에 대한 반응” 등 주제별 공통성을 비교합니다.
- 가장 적합한 설명은 5번으로 판단되며, 이를 뒷받침하는 근거 문장을 지문에서 확인합니다.

1번: 5번 + ""(지문 속 근거가 된 문장)""
- 근거: ""호랑이 ⓔ[깜짝 놀래](ⓔ의 밑줄) 에끼 이것 목 나온다 고만 나오시오""와 ""호랑이 ⓕ[질색허여](ⓕ의 밑줄) 아이고 별나리 이것 좀 놓아주시오""
- 이유: ⓔ와 ⓕ는 모두 동일한 주체인 호랑이가 상대의 예상 밖 제안에 대해 보인 반응으로 해석할 수 있습니다.

2번: 2번 + ""(지문 속 근거가 된 문장)""
- 근거: ""자라가 ⓑ[깜짝 놀래여](ⓑ의 밑줄) 여보 당신이 뉘라 허시오"" 와 ""자라가 ⓒ[깜짝 놀래여](ⓒ의 밑줄) 여보 당신이 뉘라 허시오""
- 이유: ⓑ와 ⓒ는 동일한 주체인 자라가 상대의 말(호랑이의 질문)에 당황해 한 반응인 ""깜짝 놀래여""를 보인 사례이다.

3번: 3번 + ""(지문 속 근거가 된 문장)""
- 근거: ""자라가 ⓒ[깜짝 놀래여](ⓒ의 밑줄) 여보 당신이 뉘라 허시오"" 와 ""호랑이 ⓕ[질색허여](ⓕ의 밑줄) 아이고 별나리 이것 좀 놓아주시오""
- 이유: ⓒ와 ⓕ는 서로 다른 주체이지만, 상대의 말이나 행동으로 인해 생긴 위기 상황에서 각각 반응(깜짝 놀래다, 질색하다)을 보인다.

4번: 4번 + ""(지문 속 근거가 된 문장)""
- 근거: ""호랑이 ⓓ[반기 듣고](ⓓ의 밑줄) 얼시구나 좋을시고 내 평생에 원하기를 왕배탕이 원일러니 오늘날 만났구나 맛진 진미를 먹어 보자""
- 이유: ⓓ는 호랑이가 자신의 숙원인 먹거리를 얻을 기회를 확인하는 반응을 보이는 사례이다.

5번: 5번 + ""(지문 속 근거가 된 문장)""
- 근거: ""호랑이 ⓔ[깜짝 놀래](ⓔ의 밑줄) 에끼 이것 목 나온다 고만 나오시오"" 와 ""호랑이 ⓕ[질색허여](ⓕ의 밑줄) 아이고 별나리 이것 좀 놓아주시오""
- 이유: ⓔ와 ⓕ는 동일한 주체인 호랑이가 상대의 예상 밖 제안에 대해 보인 반응으로 연결된다.

최종 정답: 5","[166, 111, 226, 169, 248, 235, 23821, 248, 242, 168, 243, 121, 198, 12, 23821, 100, 222, 167, 105, 116, 23821, 228, 235, 2343, 241, 238, 171, 121, 252, 158, 241, 243, 35975, 246, 220, 166, 108, 223, 220, 169, 239, 250, 168, 233, 250, 166, 108, 222, 23821, 244, 112, 167, 244, 97, 23821, 225, 223, 169, 247, 102, 168, 245, 238, 168, 226, 250, 31619, 230, 226, 166, 113, 105, 166, 108, 222, 23821, 244, 112, 167, 244, 97, 31619, 108, 246, 35975, 239, 35975, 226, 31619, 111, 112, 168, 246, 222, 167, 232, 242, 168, 100, 222, 220, 169, 234, 234, 168, 243, 227, 47991, 102, 46695, 230, 46695, 97, 13, 198, 12, 220, 166, 108, 247, 35975, 222, 23821, 96, 120, 168, 110, 112, 35975, 116, 168, 100, 222, 11, 31619, 108, 246, 35975, 239, 35975, 246, 31619, 234, 222, 168, 225, 223, 35975, 112, 31619, 230, 226, 166, 113, 105, 35975, 116, 168, 100, 222, 167, 98, 120, 220, 169, 247, 243, 35975, 116, 47991, 246, 166, 111, 254, 11, 564, 250, 46695, 97, 167, 98, 116, 23821, 96, 120, 168, 110, 112, 35975, 246, 23821, 250, 226, 166, 116, 108, 23821, 225, 223, 169, 247, 102, 168, 245, 238, 31619, 234, 222, 47991, 250, 31619, 108, 246, 35975, 239, 447, 251, 31619, 246, 238, 167, 232, 242, 564, 250, 168, 225, 223, 167, 234, 222, 35975, 246, 23821, 246, 230, 168, 225, 223, 31619, 108, 244, 23821, 254, 250, 168, 243, 230, 168, 245, 238, 31619, 234, 222, 47991, 250, 31619, 108, 246, 35975, 239, 447, 251, 31619, 241, 109, 23821, 96, 120, 168, 254, 250, 167, 111, 226, 220, 166, 111, 113, 169, 228, 113, 168, 226, 109, 35975, 226, 31619, 117, 226, 166, 113, 238, 47991, 102, 46695, 230, 46695, 97, 13, 198, 12, 220, 166, 108, 222, 168, 252, 98, 23821, 254, 223, 47991, 102, 47991, 250, 23821, 226, 97, 167, 103, 227, 35975, 222, 642, 167, 110, 230, 168, 250, 120, 167, 94, 250, 220, 169, 234, 238, 46695, 101, 167, 238, 246, 167, 102, 108, 11, 23821, 251, 112, 167, 98, 120, 31619, 240, 115, 167, 108, 249, 168, 117, 101, 47991, 246, 167, 232, 242, 220, 166, 115, 120, 166, 109, 108, 31619, 105, 116, 168, 252, 98, 35975, 226, 23821, 100, 222, 167, 105, 116, 168, 245, 238, 168, 226, 250, 220, 169, 247, 243, 35975, 116, 47991, 102, 46695, 230, 46695, 97, 13, 198, 198, 16, 167, 110, 230, 25, 642, 167, 110, 230, 1343, 30629, 168, 100, 222, 167, 105, 116, 23821, 228, 235, 220, 166, 115, 120, 166, 109, 108, 166, 108, 222, 31619, 238, 250, 31619, 105, 116, 168, 252, 98, 16725, 198, 12, 220, 166, 115, 120, 166, 109, 108, 25, 366, 169, 246, 116, 167, 252, 239, 35975, 112, 2343, 241, 242, 58, 166, 117, 250, 168, 100, 251, 31619, 228, 222, 167, 252, 246, 16151, 158, 241, 242, 35975, 246, 31619, 108, 239, 168, 97, 226, 8, 23821, 245, 238, 167, 223, 120, 23821, 251, 112, 166, 110, 225, 31619, 103, 102, 31619, 224, 246, 168, 246, 101, 46695, 97, 220, 166, 111, 254, 167, 100, 234, 31619, 224, 246, 168, 246, 97, 168, 233, 250, 168, 246, 97, 1, 168, 247, 222, 366, 169, 246, 116, 167, 252, 239, 35975, 112, 2343, 241, 243, 58, 168, 100, 230, 168, 225, 231, 169, 245, 230, 168, 245, 105, 16151, 158, 241, 243, 35975, 246, 31619, 108, 239, 168, 97, 226, 8, 23821, 243, 226, 35975, 112, 166, 111, 254, 31619, 111, 226, 167, 224, 246, 167, 99, 105, 23821, 251, 112, 166, 110, 225, 23821, 95, 222, 31619, 228, 241, 168, 243, 226, 168, 96, 120, 168, 233, 250, 168, 246, 97, 1, 198, 12, 23821, 251, 112, 168, 250, 254, 25, 2343, 241, 242, 168, 247, 222, 2343, 241, 243, 167, 232, 242, 31619, 103, 101, 167, 239, 238, 31619, 237, 247, 35975, 120, 47991, 250, 23821, 96, 120, 168, 110, 112, 35975, 116, 220, 169, 246, 116, 167, 252, 239, 35975, 112, 166, 108, 222, 23821, 225, 223, 167, 234, 222, 35975, 246, 23821, 246, 230, 168, 225, 223, 31619, 108, 244, 23821, 254, 250, 168, 243, 230, 168, 245, 238, 31619, 234, 222, 47991, 112, 31619, 111, 112, 35975, 116, 31619, 108, 246, 35975, 239, 168, 250, 120, 167, 94, 250, 220, 47991, 112, 168, 226, 251, 47991, 254, 23821, 230, 246, 23821, 252, 230, 168, 232, 113, 46695, 230, 46695, 97, 13, 198, 198, 17, 167, 110, 230, 25, 362, 167, 110, 230, 1343, 30629, 168, 100, 222, 167, 105, 116, 23821, 228, 235, 220, 166, 115, 120, 166, 109, 108, 166, 108, 222, 31619, 238, 250, 31619, 105, 116, 168, 252, 98, 16725, 198, 12, 220, 166, 115, 120, 166, 109, 108, 25, 366, 168, 252, 238, 167, 251, 120, 166, 108, 222, 2343, 241, 239, 58, 166, 117, 250, 168, 100, 251, 31619, 228, 222, 167, 252, 246, 168, 245, 105, 16151, 158, 241, 239, 35975, 246, 31619, 108, 239, 168, 97, 226, 8, 23821, 245, 105, 167, 111, 112, 31619, 233, 117, 168, 233, 254, 35975, 112, 31619, 231, 246, 167, 251, 120, 220, 169, 245, 230, 168, 233, 250, 168, 246, 97, 1, 23821, 247, 222, 366, 168, 252, 238, 167, 251, 120, 166, 108, 222, 2343, 241, 240, 58, 166, 117, 250, 168, 100, 251, 31619, 228, 222, 167, 252, 246, 168, 245, 105, 16151, 158, 241, 240, 35975, 246, 31619, 108, 239, 168, 97, 226, 8, 23821, 245, 105, 167, 111, 112, 31619, 233, 117, 168, 233, 254, 35975, 112, 31619, 231, 246, 167, 251, 120, 220, 169, 245, 230, 168, 233, 250, 168, 246, 97, 1, 198, 12, 23821, 251, 112, 168, 250, 254, 25, 2343, 241, 239, 168, 247, 222, 2343, 241, 240, 167, 232, 242, 31619, 237, 247, 35975, 120, 47991, 250, 23821, 96, 120, 168, 110, 112, 35975, 116, 23821, 252, 238, 167, 251, 120, 166, 108, 222, 23821, 225, 223, 167, 234, 222, 35975, 246, 31619, 100, 238, 7, 169, 246, 116, 167, 252, 239, 35975, 112, 35975, 246, 23821, 100, 230, 167, 105, 116, 8, 168, 245, 238, 31619, 233, 117, 169, 247, 102, 47991, 112, 220, 47991, 250, 31619, 108, 246, 35975, 239, 35975, 116, 366, 166, 117, 250, 168, 100, 251, 31619, 228, 222, 167, 252, 246, 168, 245, 105, 1, 167, 98, 120, 31619, 111, 112, 35975, 116, 23821, 8955, 167, 94, 222, 35975, 112, 46695, 97, 13, 198, 198, 18, 167, 110, 230, 25, 513, 167, 110, 230, 1343, 30629, 168, 100, 222, 167, 105, 116, 23821, 228, 235, 220, 166, 115, 120, 166, 109, 108, 166, 108, 222, 31619, 238, 250, 31619, 105, 116, 168, 252, 98, 16725, 198, 12, 220, 166, 115, 120, 166, 109, 108, 25, 366, 168, 252, 238, 167, 251, 120, 166, 108, 222, 2343, 241, 240, 58, 166, 117, 250, 168, 100, 251, 31619, 228, 222, 167, 252, 246, 168, 245, 105, 16151, 158, 241, 240, 35975, 246, 31619, 108, 239, 168, 97, 226, 8, 23821, 245, 105, 167, 111, 112, 31619, 233, 117, 168, 233, 254, 35975, 112, 31619, 231, 246, 167, 251, 120, 220, 169, 245, 230, 168, 233, 250, 168, 246, 97, 1, 23821, 247, 222, 366, 169, 246, 116, 167, 252, 239, 35975, 112, 2343, 241, 243, 58, 168, 100, 230, 168, 225, 231, 169, 245, 230, 168, 245, 105, 16151, 158, 241, 243, 35975, 246, 31619, 108, 239, 168, 97, 226, 8, 23821, 243, 226, 35975, 112, 166, 111, 254, 31619, 111, 226, 167, 224, 246, 167, 99, 105, 23821, 251, 112, 166, 110, 225, 23821, 95, 222, 31619, 228, 241, 168, 243, 226, 168, 96, 120, 168, 233, 250, 168, 246, 97, 1, 198, 12, 23821, 251, 112, 168, 250, 254, 25, 2343, 241, 240, 168, 247, 222, 2343, 241, 243, 167, 232, 242, 23821, 226, 250, 167, 94, 250, 31619, 233, 97, 167, 98, 116, 23821, 96, 120, 168, 110, 112, 35975, 112, 168, 100, 222, 167, 100, 234, 11, 23821, 225, 223, 167, 234, 222, 35975, 246, 31619, 100, 238, 35975, 112, 167, 224, 246, 220, 169, 244, 231, 167, 237, 247, 168, 250, 120, 167, 94, 250, 23821, 251, 116, 47991, 112, 23821, 225, 251, 166, 116, 112, 23821, 250, 226, 166, 116, 108, 23821, 225, 223, 169, 247, 102, 168, 245, 238, 168, 226, 250, 220, 166, 108, 223, 166, 108, 223, 31619, 108, 246, 35975, 239, 7, 166, 117, 250, 168, 100, 251, 31619, 228, 222, 167, 252, 246, 46695, 97, 11, 23821, 100, 230, 168, 225, 231, 47991, 246, 46695, 97, 8, 35975, 226, 31619, 111, 112, 35975, 116, 46695, 97, 13, 198, 198, 19, 167, 110, 230, 25, 604, 167, 110, 230, 1343, 30629, 168, 100, 222, 167, 105, 116, 23821, 228, 235, 220, 166, 115, 120, 166, 109, 108, 166, 108, 222, 31619, 238, 250, 31619, 105, 116, 168, 252, 98, 16725, 198, 12, 220, 166, 115, 120, 166, 109, 108, 25, 366, 169, 246, 116, 167, 252, 239, 35975, 112, 2343, 241, 241, 58, 167, 108, 246, 166, 116, 108, 31619, 241, 96, 166, 111, 254, 16151, 158, 241, 241, 35975, 246, 31619, 108, 239, 168, 97, 226, 8, 23821, 244, 120, 168, 233, 250, 166, 113, 105, 167, 224, 246, 23821, 95, 233, 35975, 226, 168, 233, 250, 166, 111, 254, 31619, 224, 112, 220, 169, 237, 231, 168, 225, 251, 168, 245, 238, 23821, 249, 238, 47991, 246, 166, 116, 108, 167, 98, 120, 23821, 247, 243, 167, 108, 108, 169, 225, 243, 35975, 112, 23821, 249, 238, 35975, 120, 167, 253, 105, 46695, 230, 23821, 246, 97, 167, 232, 246, 167, 224, 254, 31619, 100, 234, 167, 8955, 166, 113, 105, 167, 224, 246, 31619, 100, 249, 168, 100, 226, 23821, 100, 226, 167, 107, 116, 167, 98, 120, 31619, 101, 117, 168, 244, 112, 31619, 111, 112, 168, 252, 238, 1, 198, 12, 23821, 251, 112, 168, 250, 254, 25, 2343, 241, 241, 167, 232, 242, 220, 169, 246, 116, 167, 252, 239, 35975, 112, 166, 108, 222, 23821, 252, 238, 168, 233, 254, 35975, 246, 23821, 230, 247, 168, 249, 238, 35975, 116, 31619, 101, 117, 166, 109, 108, 167, 99, 105, 167, 98, 120, 23821, 244, 119, 35975, 226, 220, 166, 116, 108, 169, 248, 234, 167, 98, 120, 220, 169, 247, 243, 35975, 116, 47991, 246, 167, 232, 242, 31619, 108, 246, 35975, 239, 35975, 226, 31619, 111, 112, 35975, 112, 167, 232, 242, 23821, 8955, 167, 94, 222, 35975, 112, 46695, 97, 13, 198, 198, 20, 167, 110, 230, 25, 642, 167, 110, 230, 1343, 30629, 168, 100, 222, 167, 105, 116, 23821, 228, 235, 220, 166, 115, 120, 166, 109, 108, 166, 108, 222, 31619, 238, 250, 31619, 105, 116, 168, 252, 98, 16725, 198, 12, 220, 166, 115, 120, 166, 109, 108, 25, 366, 169, 246, 116, 167, 252, 239, 35975, 112, 2343, 241, 242, 58, 166, 117, 250, 168, 100, 251, 31619, 228, 222, 167, 252, 246, 16151, 158, 241, 242, 35975, 246, 31619, 108, 239, 168, 97, 226, 8, 23821, 245, 238, 167, 223, 120, 23821, 251, 112, 166, 110, 225, 31619, 103, 102, 31619, 224, 246, 168, 246, 101, 46695, 97, 220, 166, 111, 254, 167, 100, 234, 31619, 224, 246, 168, 246, 97, 168, 233, 250, 168, 246, 97, 1, 23821, 247, 222, 366, 169, 246, 116, 167, 252, 239, 35975, 112, 2343, 241, 243, 58, 168, 100, 230, 168, 225, 231, 169, 245, 230, 168, 245, 105, 16151, 158, 241, 243, 35975, 246, 31619, 108, 239, 168, 97, 226, 8, 23821, 243, 226, 35975, 112, 166, 111, 254, 31619, 111, 226, 167, 224, 246, 167, 99, 105, 23821, 251, 112, 166, 110, 225, 23821, 95, 222, 31619, 228, 241, 168, 243, 226, 168, 96, 120, 168, 233, 250, 168, 246, 97, 1, 198, 12, 23821, 251, 112, 168, 250, 254, 25, 2343, 241, 242, 168, 247, 222, 2343, 241, 243, 167, 232, 242, 31619, 237, 247, 35975, 120, 47991, 250, 23821, 96, 120, 168, 110, 112, 35975, 116, 220, 169, 246, 116, 167, 252, 239, 35975, 112, 166, 108, 222, 23821, 225, 223, 167, 234, 222, 35975, 246, 23821, 246, 230, 168, 225, 223, 31619, 108, 244, 23821, 254, 250, 168, 243, 230, 168, 245, 238, 31619, 234, 222, 47991, 112, 31619, 111, 112, 35975, 116, 31619, 108, 246, 35975, 239, 168, 250, 120, 167, 94, 250, 23821, 245, 108, 166, 110, 108, 167, 238, 250, 46695, 97, 13, 198, 198, 168, 113, 250, 168, 95, 227, 23821, 254, 243, 46695, 113, 25, 642]","[0.5, 0.5, 0.5, 0.5, 0.5, 0.5, 0.5, 0.5, 0.5, 0.5, 0.5, 0.5, 0.5, 0.5, 0.5, 0.5, 0.5, 0.5, 0.5, 0.5, 0.5, 0.5, 0.5, 0.5, 0.5, 0.5, 0.5, 0.5, 0.5, 0.5, 0.5, 0.5, 0.5, 0.5, 0.5, 0.5, 0.5, 0.5, 0.5, 0.5, 0.5, 0.5, 0.5, 0.5, 0.5, 0.5, 0.5, 0.5, 0.5, 0.5, 0.5, 0.5, 0.5, 0.5, 0.5, 0.5, 0.5, 0.5, 0.5, 0.5, 0.5, 0.5, 0.5, 0.5, 0.5, 0.5, 0.5, 0.5, 0.5, 0.5, 0.5, 0.5, 0.5, 0.5, 0.5, 0.5, 0.5, 0.5, 0.5, 0.5, 0.5, 0.5, 0.5, 0.5, 0.5, 0.5, 0.5, 0.5, 0.5, 0.5, 0.5, 0.5, 0.5, 0.5, 0.5, 0.5, 0.5, 0.5, 0.5, 0.5, 0.5, 0.5, 0.5, 0.5, 0.5, 0.5, 0.5, 0.5, 0.5, 0.5, 0.5, 0.5, 0.5, 0.5, 0.5, 0.5, 0.5, 0.5, 0.5, 0.5, 0.5, 0.5, 0.5, 0.5, 0.5, 0.5, 0.5, 0.5, 0.5, 0.5, 0.5, 0.5, 0.5, 0.5, 0.5, 0.5, 0.5, 0.5, 0.5, 0.5, 0.5, 0.5, 0.5, 0.5, 0.5, 0.5, 0.5, 0.5, 0.5, 0.5, 0.5, 0.5, 0.5, 0.5, 0.5, 0.5, 0.5, 0.5, 0.5, 0.5, 0.5, 0.5, 0.5, 0.5, 0.5, 0.5, 0.5, 0.5, 0.5, 0.5, 0.5, 0.5, 0.5, 0.5, 0.5, 0.5, 0.5, 0.5, 0.5, 0.5, 0.5, 0.5, 0.5, 0.5, 0.5, 0.5, 0.5, 0.5, 0.5, 0.5, 0.5, 0.5, 0.5, 0.5, 0.5, 0.5, 0.5, 0.5, 0.5, 0.5, 0.5, 0.5, 0.5, 0.5, 0.5, 0.5, 0.5, 0.5, 0.5, 0.5, 0.5, 0.5, 0.5, 0.5, 0.5, 0.5, 0.5, 0.5, 0.5, 0.5, 0.5, 0.5, 0.5, 0.5, 0.5, 0.5, 0.5, 0.5, 0.5, 0.5, 0.5, 0.5, 0.5, 0.5, 0.5, 0.5, 0.5, 0.5, 0.5, 0.5, 0.5, 0.5, 0.5, 0.5, 0.5, 0.5, 0.5, 0.5, 0.5, 0.5, 0.5, 0.5, 0.5, 0.5, 0.5, 0.5, 0.5, 0.5, 0.5, 0.5, 0.5, 0.5, 0.5, 0.5, 0.5, 0.5, 0.5, 0.5, 0.5, 0.5, 0.5, 0.5, 0.5, 0.5, 0.5, 0.5, 0.5, 0.5, 0.5, 0.5, 0.5, 0.5, 0.5, 0.5, 0.5, 0.5, 0.5, 0.5, 0.5, 0.5, 0.5, 0.5, 0.5, 0.5, 0.5, 0.5, 0.5, 0.5, 0.5, 0.5, 0.5, 0.5, 0.5, 0.5, 0.5, 0.5, 0.5, 0.5, 0.5, 0.5, 0.5, 0.5, 0.5, 0.5, 0.5, 0.5, 0.5, 0.5, 0.5, 0.5, 0.5, 0.5, 0.5, 0.5, 0.5, 0.5, 0.5, 0.5, 0.5, 0.5, 0.5, 0.5, 0.5, 0.5, 0.5, 0.5, 0.5, 0.5, 0.5, 0.5, 0.5, 0.5, 0.5, 0.5, 0.5, 0.5, 0.5, 0.5, 0.5, 0.5, 0.5, 0.5, 0.5, 0.5, 0.5, 0.5, 0.5, 0.5, 0.5, 0.5, 0.5, 0.5, 0.5, 0.5, 0.5, 0.5, 0.5, 0.5, 0.5, 0.5, 0.5, 0.5, 0.5, 0.5, 0.5, 0.5, 0.5, 0.5, 0.5, 0.5, 0.5, 0.5, 0.5, 0.5, 0.5, 0.5, 0.5, 0.5, 0.5, 0.5, 0.5, 0.5, 0.5, 0.5, 0.5, 0.5, 0.5, 0.5, 0.5, 0.5, 0.5, 0.5, 0.5, 0.5, 0.5, 0.5, 0.5, 0.5, 0.5, 0.5, 0.5, 0.5, 0.5, 0.5, 0.5, 0.5, 0.5, 0.5, 0.5, 0.5, 0.5, 0.5, 0.5, 0.5, 0.5, 0.5, 0.5, 0.5, 0.5, 0.5, 0.5, 0.5, 0.5, 0.5, 0.5, 0.5, 0.5, 0.5, 0.5, 0.5, 0.5, 0.5, 0.5, 0.5, 0.5, 0.5, 0.5, 0.5, 0.5, 0.5, 0.5, 0.5, 0.5, 0.5, 0.5, 0.5, 0.5, 0.5, 0.5, 0.5, 0.5, 0.5, 0.5, 0.5, 0.5, 0.5, 0.5, 0.5, 0.5, 0.5, 0.5, 0.5, 0.5, 0.5, 0.5, 0.5, 0.5, 0.5, 0.5, 0.5, 0.5, 0.5, 0.5, 0.5, 0.5, 0.5, 0.5, 0.5, 0.5, 0.5, 0.5, 0.5, 0.5, 0.5, 0.5, 0.5, 0.5, 0.5, 0.5, 0.5, 0.5, 0.5, 0.5, 0.5, 0.5, 0.5, 0.5, 0.5, 0.5, 0.5, 0.5, 0.5, 0.5, 0.5, 0.5, 0.5, 0.5, 0.5, 0.5, 0.5, 0.5, 0.5, 0.5, 0.5, 0.5, 0.5, 0.5, 0.5, 0.5, 0.5, 0.5, 0.5, 0.5, 0.5, 0.5, 0.5, 0.5, 0.5, 0.5, 0.5, 0.5, 0.5, 0.5, 0.5, 0.5, 0.5, 0.5, 0.5, 0.5, 0.5, 0.5, 0.5, 0.5, 0.5, 0.5, 0.5, 0.5, 0.5, 0.5, 0.5, 0.5, 0.5, 0.5, 0.5, 0.5, 0.5, 0.5, 0.5, 0.5, 0.5, 0.5, 0.5, 0.5, 0.5, 0.5, 0.5, 0.5, 0.5, 0.5, 0.5, 0.5, 0.5, 0.5, 0.5, 0.5, 0.5, 0.5, 0.5, 0.5, 0.5, 0.5, 0.5, 0.5, 0.5, 0.5, 0.5, 0.5, 0.5, 0.5, 0.5, 0.5, 0.5, 0.5, 0.5, 0.5, 0.5, 0.5, 0.5, 0.5, 0.5, 0.5, 0.5, 0.5, 0.5, 0.5, 0.5, 0.5, 0.5, 0.5, 0.5, 0.5, 0.5, 0.5, 0.5, 0.5, 0.5, 0.5, 0.5, 0.5, 0.5, 0.5, 0.5, 0.5, 0.5, 0.5, 0.5, 0.5, 0.5, 0.5, 0.5, 0.5, 0.5, 0.5, 0.5, 0.5, 0.5, 0.5, 0.5, 0.5, 0.5, 0.5, 0.5, 0.5, 0.5, 0.5, 0.5, 0.5, 0.5, 0.5, 0.5, 0.5, 0.5, 0.5, 0.5, 0.5, 0.5, 0.5, 0.5, 0.5, 0.5, 0.5, 0.5, 0.5, 0.5, 0.5, 0.5, 0.5, 0.5, 0.5, 0.5, 0.5, 0.5, 0.5, 0.5, 0.5, 0.5, 0.5, 0.5, 0.5, 0.5, 0.5, 0.5, 0.5, 0.5, 0.5, 0.5, 0.5, 0.5, 0.5, 0.5, 0.5, 0.5, 0.5, 0.5, 0.5, 0.5, 0.5, 0.5, 0.5, 0.5, 0.5, 0.5, 0.5, 0.5, 0.5, 0.5, 0.5, 0.5, 0.5, 0.5, 0.5, 0.5, 0.5, 0.5, 0.5, 0.5, 0.5, 0.5, 0.5, 0.5, 0.5, 0.5, 0.5, 0.5, 0.5, 0.5, 0.5, 0.5, 0.5, 0.5, 0.5, 0.5, 0.5, 0.5, 0.5, 0.5, 0.5, 0.5, 0.5, 0.5, 0.5, 0.5, 0.5, 0.5, 0.5, 0.5, 0.5, 0.5, 0.5, 0.5, 0.5, 0.5, 0.5, 0.5, 0.5, 0.5, 0.5, 0.5, 0.5, 0.5, 0.5, 0.5, 0.5, 0.5, 0.5, 0.5, 0.5, 0.5, 0.5, 0.5, 0.5, 0.5, 0.5, 0.5, 0.5, 0.5, 0.5, 0.5, 0.5, 0.5, 0.5, 0.5, 0.5, 0.5, 0.5, 0.5, 0.5, 0.5, 0.5, 0.5, 0.5, 0.5, 0.5, 0.5, 0.5, 0.5, 0.5, 0.5, 0.5, 0.5, 0.5, 0.5, 0.5, 0.5, 0.5, 0.5, 0.5, 0.5, 0.5, 0.5, 0.5, 0.5, 0.5, 0.5, 0.5, 0.5, 0.5, 0.5, 0.5, 0.5, 0.5, 0.5, 0.5, 0.5, 0.5, 0.5, 0.5, 0.5, 0.5, 0.5, 0.5, 0.5, 0.5, 0.5, 0.5, 0.5, 0.5, 0.5, 0.5, 0.5, 0.5, 0.5, 0.5, 0.5, 0.5, 0.5, 0.5, 0.5, 0.5, 0.5, 0.5, 0.5, 0.5, 0.5, 0.5, 0.5, 0.5, 0.5, 0.5, 0.5, 0.5, 0.5, 0.5, 0.5, 0.5, 0.5, 0.5, 0.5, 0.5, 0.5, 0.5, 0.5, 0.5, 0.5, 0.5, 0.5, 0.5, 0.5, 0.5, 0.5, 0.5, 0.5, 0.5, 0.5, 0.5, 0.5, 0.5, 0.5, 0.5, 0.5, 0.5, 0.5, 0.5, 0.5, 0.5, 0.5, 0.5, 0.5, 0.5, 0.5, 0.5, 0.5, 0.5, 0.5, 0.5, 0.5, 0.5, 0.5, 0.5, 0.5, 0.5, 0.5, 0.5, 0.5, 0.5, 0.5, 0.5, 0.5, 0.5, 0.5, 0.5, 0.5, 0.5, 0.5, 0.5, 0.5, 0.5, 0.5, 0.5, 0.5, 0.5, 0.5, 0.5, 0.5, 0.5, 0.5, 0.5, 0.5, 0.5, 0.5, 0.5, 0.5, 0.5, 0.5, 0.5, 0.5, 0.5, 0.5, 0.5, 0.5, 0.5, 0.5, 0.5, 0.5, 0.5, 0.5, 0.5, 0.5, 0.5, 0.5, 0.5, 0.5, 0.5, 0.5, 0.5, 0.5, 0.5, 0.5, 0.5, 0.5, 0.5, 0.5, 0.5, 0.5, 0.5, 0.5, 0.5, 0.5, 0.5, 0.5, 0.5, 0.5, 0.5, 0.5, 0.5, 0.5, 0.5, 0.5, 0.5, 0.5, 0.5, 0.5, 0.5, 0.5, 0.5, 0.5, 0.5, 0.5, 0.5, 0.5, 0.5, 0.5, 0.5, 0.5, 0.5, 0.5, 0.5, 0.5, 0.5, 0.5, 0.5, 0.5, 0.5, 0.5, 0.5, 0.5, 0.5, 0.5, 0.5, 0.5, 0.5, 0.5, 0.5, 0.5, 0.5, 0.5, 0.5, 0.5, 0.5, 0.5, 0.5, 0.5, 0.5, 0.5, 0.5, 0.5, 0.5, 0.5, 0.5, 0.5, 0.5, 0.5, 0.5, 0.5, 0.5, 0.5, 0.5, 0.5, 0.5, 0.5, 0.5, 0.5, 0.5, 0.5, 0.5, 0.5, 0.5, 0.5, 0.5, 0.5, 0.5, 0.5, 0.5, 0.5, 0.5, 0.5, 0.5, 0.5, 0.5, 0.5, 0.5, 0.5, 0.5, 0.5, 0.5, 0.5, 0.5, 0.5, 0.5, 0.5, 0.5, 0.5, 0.5, 0.5, 0.5, 0.5, 0.5, 0.5, 0.5, 0.5, 0.5, 0.5, 0.5, 0.5, 0.5, 0.5, 0.5, 0.5, 0.5, 0.5, 0.5, 0.5, 0.5, 0.5, 0.5, 0.5, 0.5, 0.5, 0.5, 0.5, 0.5, 0.5, 0.5, 0.5, 0.5, 0.5, 0.5, 0.5, 0.5, 0.5, 0.5, 0.5, 0.5, 0.5, 0.5, 0.5, 0.5, 0.5, 0.5, 0.5, 0.5, 0.5, 0.5, 0.5, 0.5, 0.5, 0.5, 0.5, 0.5, 0.5, 0.5, 0.5, 0.5, 0.5, 0.5, 0.5, 0.5, 0.5, 0.5, 0.5, 0.5, 0.5, 0.5, 0.5, 0.5, 0.5, 0.5, 0.5, 0.5, 0.5, 0.5, 0.5, 0.5, 0.5, 0.5, 0.5, 0.5, 0.5, 0.5, 0.5, 0.5, 0.5, 0.5, 0.5, 0.5, 0.5, 0.5, 0.5, 0.5, 0.5, 0.5, 0.5, 0.5, 0.5, 0.5, 0.5, 0.5, 0.5, 0.5, 0.5, 0.5, 0.5, 0.5, 0.5, 0.5, 0.5, 0.5, 0.5, 0.5, 0.5, 0.5, 0.5, 0.5, 0.5, 0.5, 0.5, 0.5, 0.5, 0.5, 0.5, 0.5, 0.5, 0.5, 0.5, 0.5, 0.5, 0.5, 0.5, 0.5, 0.5, 0.5, 0.5, 0.5, 0.5, 0.5, 0.5, 0.5, 0.5, 0.5, 0.5, 0.5, 0.5, 0.5, 0.5, 0.5, 0.5, 0.5, 0.5, 0.5, 0.5, 0.5, 0.5, 0.5, 0.5, 0.5, 0.5, 0.5, 0.5, 0.5, 0.5, 0.5, 0.5, 0.5, 0.5, 0.5, 0.5, 0.5, 0.5, 0.5, 0.5, 0.5, 0.5, 0.5, 0.5, 0.5, 0.5, 0.5, 0.5, 0.5, 0.5, 0.5, 0.5, 0.5, 0.5, 0.5, 0.5, 0.5, 0.5, 0.5, 0.5, 0.5, 0.5, 0.5, 0.5, 0.5, 0.5, 0.5, 0.5, 0.5, 0.5, 0.5, 0.5, 0.5, 0.5, 0.5, 0.5, 0.5, 0.5, 0.5, 0.5, 0.5, 0.5, 0.5, 0.5, 0.5, 0.5, 0.5, 0.5, 0.5, 0.5, 0.5, 0.5, 0.5, 0.5, 0.5, 0.5, 0.5, 0.5, 0.5, 0.5, 0.5, 0.5, 0.5, 0.5, 0.5, 0.5, 0.5, 0.5, 0.5, 0.5, 0.5, 0.5, 0.5, 0.5, 0.5, 0.5, 0.5, 0.5, 0.5, 0.5, 0.5, 0.5, 0.5, 0.5, 0.5, 0.5, 0.5, 0.5, 0.5, 0.5, 0.5, 0.5, 0.5, 0.5, 0.5, 0.5, 0.5, 0.5, 0.5, 0.5, 0.5, 0.5, 0.5, 0.5, 0.5, 0.5, 0.5, 0.5, 0.5, 0.5, 0.5, 0.5, 0.5, 0.5, 0.5, 0.5, 0.5, 0.5, 0.5, 0.5, 0.5, 0.5, 0.5, 0.5, 0.5, 0.5, 0.5, 0.5, 0.5, 0.5, 0.5, 0.5, 0.5, 0.5, 0.5, 0.5, 0.5, 0.5, 0.5, 0.5, 0.5, 0.5, 0.5, 0.5, 0.5, 0.5, 0.5, 0.5, 0.5, 0.5, 0.5, 0.5, 0.5, 0.5, 0.5, 0.5, 0.5, 0.5, 0.5, 0.5, 0.5, 0.5, 0.5, 0.5, 0.5, 0.5, 0.5, 0.5, 0.5, 0.5, 0.5, 0.5, 0.5, 0.5, 0.5, 0.5, 0.5, 0.5, 0.5, 0.5, 0.5, 0.5, 0.5, 0.5, 0.5, 0.5, 0.5, 0.5, 0.5, 0.5, 0.5, 0.5, 0.5, 0.5, 0.5, 0.5, 0.5, 0.5, 0.5, 0.5, 0.5, 0.5, 0.5, 0.5, 0.5, 0.5, 0.5, 0.5, 0.5, 0.5, 0.5, 0.5, 0.5, 0.5, 0.5, 0.5, 0.5, 0.5, 0.5, 0.5, 0.5, 0.5, 0.5, 0.5, 0.5, 0.5, 0.5, 0.5, 0.5, 0.5, 0.5, 0.5, 0.5, 0.5, 0.5, 0.5, 0.5, 0.5, 0.5, 0.5, 0.5, 0.5, 0.5, 0.5, 0.5, 0.5, 0.5, 0.5, 0.5, 0.5, 0.5, 0.5, 0.5, 0.5, 0.5, 0.5, 0.5, 0.5, 0.5, 0.5, 0.5, 0.5, 0.5, 0.5, 0.5, 0.5, 0.5, 0.5, 0.5, 0.5, 0.5, 0.5, 0.5, 0.5, 0.5, 0.5, 0.5, 0.5, 0.5, 0.5, 0.5, 0.5, 0.5, 0.5, 0.5, 0.5, 0.5, 0.5, 0.5, 0.5, 0.5, 0.5, 0.5, 0.5, 0.5, 0.5, 0.5, 0.5, 0.5, 0.5, 0.5, 0.5, 0.5, 0.5, 0.5, 0.5, 0.5, 0.5, 0.5, 0.5, 0.5, 0.5, 0.5, 0.5, 0.5, 0.5, 0.5, 0.5, 0.5, 0.5, 0.5, 0.5, 0.5, 0.5, 0.5, 0.5, 0.5, 0.5, 0.5, 0.5, 0.5, 0.5, 0.5, 0.5, 0.5, 0.5, 0.5, 0.5, 0.5, 0.5, 0.5, 0.5, 0.5, 0.5, 0.5, 0.5, 0.5, 0.5, 0.5, 0.5, 0.5, 0.5, 0.5, 0.5, 0.5, 0.5, 0.5, 0.5, 0.5, 0.5, 0.5, 0.5, 0.5, 0.5, 0.5, 0.5, 0.5, 0.5, 0.5, 0.5, 0.5, 0.5, 0.5, 0.5, 0.5, 0.5, 0.5, 0.5, 0.5, 0.5, 0.5, 0.5, 0.5, 0.5, 0.5, 0.5, 0.5, 0.5, 0.5, 0.5, 0.5, 0.5, 0.5, 0.5, 0.5, 0.5, 0.5, 0.5, 0.5, 0.5, 0.5, 0.5, 0.5, 0.5, 0.5, 0.5, 0.5, 0.5, 0.5, 0.5, 0.5, 0.5, 0.5, 0.5, 0.5, 0.5, 0.5, 0.5, 0.5, 0.5, 0.5, 0.5, 0.5, 0.5, 0.5, 0.5, 0.5, 0.5, 0.5, 0.5, 0.5, 0.5, 0.5, 0.5, 0.5, 0.5, 0.5, 0.5, 0.5, 0.5, 0.5, 0.5, 0.5, 0.5, 0.5, 0.5, 0.5, 0.5, 0.5, 0.5, 0.5, 0.5, 0.5, 0.5, 0.5, 0.5, 0.5, 0.5, 0.5, 0.5, 0.5, 0.5, 0.5, 0.5, 0.5, 0.5, 0.5, 0.5, 0.5, 0.5, 0.5, 0.5, 0.5, 0.5, 0.5, 0.5, 0.5, 0.5, 0.5, 0.5, 0.5, 0.5, 0.5, 0.5, 0.5, 0.5, 0.5, 0.5, 0.5, 0.5, 0.5, 0.5, 0.5, 0.5, 0.5, 0.5, 0.5, 0.5, 0.5, 0.5, 0.5, 0.5, 0.5, 0.5, 0.5, 0.5, 0.5, 0.5, 0.5, 0.5, 0.5, 0.5, 0.5, 0.5, 0.5, 0.5, 0.5, 0.5, 0.5, 0.5, 0.5, 0.5, 0.5, 0.5, 0.5, 0.5, 0.5, 0.5, 0.5, 0.5, 0.5, 0.5, 0.5, 0.5, 0.5, 0.5, 0.5, 0.5, 0.5, 0.5, 0.5, 0.5, 0.5, 0.5, 0.5, 0.5, 0.5, 0.5, 0.5, 0.5, 0.5, 0.5, 0.5, 0.5, 0.5, 0.5, 0.5, 0.5, 0.5, 0.5, 0.5, 0.5, 0.5, 0.5, 0.5, 0.5, 0.5, 0.5, 0.5, 0.5, 0.5, 0.5, 0.5, 0.5, 0.5, 0.5, 0.5, 0.5, 0.5, 0.5, 0.5, 0.5, 0.5, 0.5, 0.5, 0.5, 0.5, 0.5, 0.5, 0.5, 0.5, 0.5, 0.5, 0.5, 0.5, 0.5, 0.5, 0.5, 0.5, 0.5, 0.5, 0.5, 0.5, 0.5, 0.5, 0.5, 0.5, 0.5, 0.5, 0.5, 0.5, 0.5, 0.5, 0.5, 0.5, 0.5, 0.5, 0.5, 0.5, 0.5, 0.5, 0.5, 0.5, 0.5, 0.5, 0.5, 0.5, 0.5, 0.5, 0.5, 0.5, 0.5, 0.5, 0.5, 0.5, 0.5, 0.5, 0.5, 0.5, 0.5, 0.5, 0.5, 0.5, 0.5, 0.5, 0.5, 0.5, 0.5, 0.5, 0.5, 0.5, 0.5, 0.5, 0.5, 0.5, 0.5, 0.5, 0.5, 0.5, 0.5, 0.5, 0.5, 0.5, 0.5, 0.5, 0.5, 0.5, 0.5, 0.5, 0.5, 0.5, 0.5, 0.5, 0.5, 0.5, 0.5, 0.5, 0.5, 0.5, 0.5, 0.5, 0.5, 0.5, 0.5, 0.5, 0.5, 0.5, 0.5, 0.5, 0.5, 0.5, 0.5, 0.5, 0.5, 0.5, 0.5, 0.5, 0.5, 0.5, 0.5, 0.5, 0.5, 0.5, 0.5, 0.5, 0.5, 0.5, 0.5, 0.5, 0.5, 0.5, 0.5, 0.5, 0.5, 0.5, 0.5, 0.5, 0.5, 0.5, 0.5, 0.5, 0.5, 0.5, 0.5, 0.5, 0.5, 0.5, 0.5, 0.5, 0.5, 0.5, 0.5, 0.5, 0.5, 0.5, 0.5, 0.5, 0.5, 0.5, 0.5, 0.5, 0.5, 0.5, 0.5, 0.5, 0.5, 0.5, 0.5, 0.5, 0.5, 0.5, 0.5, 0.5, 0.5, 0.5, 0.5, 0.5, 0.5, 0.5, 0.5, 0.5, 0.5, 0.5, 0.5, 0.5, 0.5, 0.5, 0.5, 0.5, 0.5, 0.5, 0.5, 0.5, 0.5, 0.5, 0.5, 0.5, 0.5, 0.5, 0.5, 0.5, 0.5, 0.5, 0.5, 0.5, 0.5, 0.5, 0.5, 0.5, 0.5, 0.5, 0.5, 0.5, 0.5, 0.5, 0.5, 0.5, 0.5, 0.5, 0.5, 0.5, 0.5, 0.5, 0.5, 0.5, 0.5, 0.5, 0.5, 0.5, 0.5, 0.5, 0.5, 0.5, 0.5, 0.5, 0.5, 0.5, 0.5, 0.5, 0.5]",0
2026_11_KICE_18-21_3,['2(3)'],"1번: 적절 + ""(사냥개라 허는 것은 같은 우리 모족(毛族)으로 사람 집에 기식허니 제 무슨 아첨으로 내 잘 맡는 자랑허여 심산궁곡 층암절벽 찾고 찾어 들어와 동제 간 살해만 허니 수령님 이후 로는 사냥개를 있는 대로 다 잡어 잡수오면 그 덕이 모든 금수에게 미치오리다""

2번: 적절 + ""(자라가 ⓒ[깜짝 놀래여](ⓒ의 밑줄) 여보 당신이 뉘라 허시오)"" 
(자라의 반응과 상황 설정이 우화 속 인물들이 현실의 지식이나 구실을 드러내는 맥락을 형성하는 방식과 연결되어 있음을 보여주는 근거로 해석될 수 있음.)

3번: 적절 + ""(일등 포수가 따러다녀 어설피 물랴다가 조총에 불이 번듯 탄환이 쑥 나오면 거 내 신세는 어쩔 것이냐)""

4번: 부적절 + ""(만일 내가 죽게 되면 선영에 죄가 망극허오 차라리 내 왼눈이나 하나 빼 잡수시오 이놈 잔말 말고 쓸개만 내놔라)"" 
(이 대사는 호랑이가 말하는 것이 아니라 별주부가 자라에게 간청하는 맥락으로 나타나므로, “호랑이가 선영을 언급”했다는 진술은 사실과 다름.)

5번: 적절 + ""(전라도 해남에서 냅다 뛴 놈이 의주 압록강 가에서 숨을 내쉬고 한편을 살펴보는데 남생이 한 마리가 뾰쪼롬허고 내다보니 별주부로 알았것다)"" 

최종 정답: 4","[16, 167, 110, 230, 25, 23821, 254, 223, 168, 254, 230, 1343, 30629, 168, 8955, 167, 225, 98, 166, 108, 250, 167, 251, 120, 220, 169, 245, 230, 167, 232, 242, 220, 166, 110, 225, 35975, 222, 220, 166, 108, 247, 35975, 222, 23821, 248, 108, 167, 99, 105, 31619, 103, 101, 168, 94, 109, 7, 162, 107, 249, 33768, 237, 8, 168, 250, 120, 167, 94, 250, 23821, 8955, 167, 252, 234, 23821, 100, 239, 168, 245, 238, 220, 166, 116, 108, 168, 233, 251, 169, 245, 230, 46695, 230, 23821, 254, 250, 31619, 105, 112, 168, 232, 101, 23821, 243, 226, 168, 110, 101, 168, 250, 120, 167, 94, 250, 31619, 224, 112, 23821, 252, 246, 31619, 100, 94, 167, 232, 242, 23821, 252, 238, 167, 252, 239, 169, 245, 230, 168, 245, 105, 23821, 233, 105, 168, 224, 108, 166, 114, 223, 166, 111, 94, 23821, 116, 113, 168, 243, 242, 168, 254, 230, 167, 110, 121, 23821, 108, 122, 166, 111, 254, 23821, 108, 122, 168, 244, 112, 31619, 241, 97, 168, 244, 112, 168, 247, 222, 31619, 237, 247, 168, 254, 250, 220, 166, 108, 226, 23821, 224, 112, 47991, 112, 167, 100, 234, 220, 169, 245, 230, 46695, 230, 23821, 230, 246, 167, 254, 117, 46695, 246, 23821, 251, 112, 169, 249, 226, 31619, 94, 250, 167, 232, 242, 23821, 8955, 167, 225, 98, 166, 108, 250, 167, 98, 120, 23821, 252, 230, 167, 232, 242, 31619, 234, 222, 167, 94, 250, 31619, 233, 97, 23821, 252, 94, 168, 244, 112, 23821, 252, 94, 168, 230, 246, 168, 246, 97, 167, 102, 112, 220, 166, 115, 116, 31619, 235, 243, 35975, 112, 31619, 103, 101, 167, 241, 254, 220, 166, 116, 230, 168, 230, 246, 168, 245, 238, 166, 110, 234, 31619, 107, 116, 168, 117, 246, 168, 246, 97, 167, 99, 105, 46695, 97, 1, 198, 198, 17, 167, 110, 230, 25, 23821, 254, 223, 168, 254, 230, 1343, 30629, 168, 252, 238, 167, 251, 120, 166, 108, 222, 2343, 241, 240, 58, 166, 117, 250, 168, 100, 251, 31619, 228, 222, 167, 252, 246, 168, 245, 105, 16151, 158, 241, 240, 35975, 246, 31619, 108, 239, 168, 97, 226, 8, 23821, 245, 105, 167, 111, 112, 31619, 233, 117, 168, 233, 254, 35975, 112, 31619, 231, 246, 167, 251, 120, 220, 169, 245, 230, 168, 233, 250, 168, 246, 97, 16725, 220, 198, 7, 168, 252, 238, 167, 251, 120, 35975, 246, 31619, 108, 246, 35975, 239, 166, 111, 120, 23821, 225, 223, 169, 247, 102, 23821, 226, 97, 168, 254, 243, 35975, 112, 23821, 248, 108, 169, 247, 242, 23821, 228, 235, 23821, 251, 116, 167, 45539, 167, 241, 97, 35975, 112, 220, 169, 246, 226, 168, 233, 97, 35975, 246, 23821, 100, 222, 168, 233, 251, 35975, 112, 167, 224, 246, 220, 166, 113, 105, 168, 233, 97, 35975, 226, 31619, 241, 250, 167, 253, 105, 167, 224, 112, 167, 232, 242, 31619, 100, 98, 167, 251, 121, 35975, 226, 220, 169, 246, 243, 168, 226, 109, 47991, 246, 167, 232, 242, 31619, 108, 102, 168, 233, 251, 166, 111, 120, 23821, 245, 108, 166, 110, 108, 167, 238, 246, 168, 244, 112, 23821, 252, 230, 35975, 234, 35975, 226, 31619, 111, 112, 168, 245, 105, 168, 96, 120, 167, 232, 242, 220, 166, 115, 120, 166, 109, 108, 167, 94, 250, 220, 47991, 112, 168, 226, 251, 167, 238, 254, 23821, 230, 246, 23821, 252, 230, 35975, 234, 2014, 198, 198, 18, 167, 110, 230, 25, 23821, 254, 223, 168, 254, 230, 1343, 30629, 35975, 120, 167, 241, 109, 220, 169, 237, 105, 168, 230, 246, 166, 108, 222, 31619, 242, 108, 167, 253, 105, 46695, 97, 167, 227, 222, 23821, 244, 112, 168, 226, 97, 169, 242, 120, 31619, 45539, 167, 252, 112, 46695, 97, 166, 108, 222, 23821, 94, 108, 168, 112, 251, 168, 245, 238, 31619, 114, 230, 35975, 112, 31619, 110, 230, 167, 241, 107, 220, 169, 225, 226, 169, 247, 246, 35975, 112, 23821, 239, 98, 31619, 224, 246, 168, 246, 97, 167, 102, 112, 220, 166, 109, 108, 31619, 224, 112, 23821, 233, 254, 168, 226, 116, 167, 232, 242, 23821, 244, 112, 168, 102, 242, 220, 166, 110, 225, 35975, 112, 167, 225, 238, 16725, 198, 198, 19, 167, 110, 230, 25, 31619, 114, 222, 168, 254, 223, 168, 254, 230, 1343, 30629, 167, 100, 234, 35975, 120, 31619, 224, 112, 166, 108, 222, 23821, 96, 121, 166, 110, 234, 31619, 238, 246, 167, 102, 112, 23821, 226, 254, 168, 246, 223, 168, 245, 238, 23821, 96, 226, 166, 108, 222, 31619, 100, 251, 166, 115, 117, 169, 245, 230, 168, 246, 97, 23821, 108, 101, 167, 251, 120, 167, 99, 105, 31619, 224, 112, 23821, 247, 120, 167, 230, 230, 35975, 112, 167, 224, 246, 220, 47991, 246, 167, 224, 246, 31619, 117, 120, 23821, 252, 94, 168, 230, 246, 168, 233, 250, 168, 246, 97, 23821, 251, 112, 167, 228, 230, 23821, 252, 242, 167, 100, 238, 31619, 100, 238, 166, 111, 254, 23821, 241, 116, 166, 108, 250, 167, 100, 234, 31619, 224, 112, 167, 228, 242, 167, 251, 120, 16725, 220, 198, 7, 35975, 112, 31619, 234, 222, 168, 8955, 167, 232, 242, 220, 169, 246, 116, 167, 252, 239, 35975, 112, 166, 108, 222, 31619, 100, 238, 47991, 246, 167, 232, 242, 220, 166, 110, 225, 35975, 112, 23821, 243, 226, 46695, 230, 167, 251, 120, 31619, 111, 226, 168, 96, 120, 167, 114, 222, 166, 108, 222, 23821, 252, 238, 167, 251, 120, 168, 245, 238, 166, 110, 234, 220, 166, 108, 226, 168, 110, 255, 47991, 246, 167, 232, 242, 31619, 100, 98, 167, 251, 121, 168, 250, 120, 167, 94, 250, 31619, 224, 246, 169, 225, 222, 167, 224, 246, 167, 107, 222, 167, 94, 250, 11, 564, 250, 169, 246, 116, 167, 252, 239, 35975, 112, 166, 108, 222, 23821, 226, 254, 168, 246, 223, 35975, 226, 23821, 244, 116, 166, 116, 231, 447, 251, 169, 244, 230, 46695, 97, 167, 232, 242, 23821, 100, 226, 168, 230, 254, 35975, 222, 23821, 8955, 168, 233, 97, 166, 111, 120, 31619, 233, 97, 167, 99, 226, 2014, 198, 198, 20, 167, 110, 230, 25, 23821, 254, 223, 168, 254, 230, 1343, 30629, 168, 254, 226, 167, 251, 120, 167, 237, 226, 220, 47991, 112, 167, 224, 101, 168, 245, 238, 168, 226, 250, 31619, 225, 227, 46695, 97, 31619, 249, 112, 31619, 228, 230, 35975, 112, 23821, 251, 246, 168, 96, 120, 23821, 243, 243, 167, 94, 251, 166, 108, 243, 220, 166, 108, 222, 168, 245, 238, 168, 226, 250, 23821, 230, 101, 35975, 226, 31619, 224, 112, 168, 231, 105, 166, 111, 254, 220, 47991, 250, 169, 236, 116, 35975, 226, 23821, 224, 112, 169, 236, 112, 167, 111, 112, 167, 232, 242, 167, 235, 108, 31619, 224, 101, 168, 225, 251, 35975, 112, 220, 47991, 250, 31619, 100, 230, 167, 99, 105, 166, 108, 222, 31619, 122, 108, 168, 103, 120, 167, 94, 105, 169, 245, 230, 166, 111, 254, 31619, 224, 112, 46695, 97, 167, 111, 112, 46695, 230, 31619, 111, 226, 168, 96, 120, 167, 114, 222, 167, 94, 250, 23821, 243, 234, 168, 243, 246, 166, 110, 225, 46695, 97, 16725, 220, 198, 198, 168, 113, 250, 168, 95, 227, 23821, 254, 243, 46695, 113, 25, 604]","[0.5, 0.5, 0.5, 0.5, 0.5, 0.5, 0.5, 0.5, 0.5, 0.5, 0.5, 0.5, 0.5, 0.5, 0.5, 0.5, 0.5, 0.5, 0.5, 0.5, 0.5, 0.5, 0.5, 0.5, 0.5, 0.5, 0.5, 0.5, 0.5, 0.5, 0.5, 0.5, 0.5, 0.5, 0.5, 0.5, 0.5, 0.5, 0.5, 0.5, 0.5, 0.5, 0.5, 0.5, 0.5, 0.5, 0.5, 0.5, 0.5, 0.5, 0.5, 0.5, 0.5, 0.5, 0.5, 0.5, 0.5, 0.5, 0.5, 0.5, 0.5, 0.5, 0.5, 0.5, 0.5, 0.5, 0.5, 0.5, 0.5, 0.5, 0.5, 0.5, 0.5, 0.5, 0.5, 0.5, 0.5, 0.5, 0.5, 0.5, 0.5, 0.5, 0.5, 0.5, 0.5, 0.5, 0.5, 0.5, 0.5, 0.5, 0.5, 0.5, 0.5, 0.5, 0.5, 0.5, 0.5, 0.5, 0.5, 0.5, 0.5, 0.5, 0.5, 0.5, 0.5, 0.5, 0.5, 0.5, 0.5, 0.5, 0.5, 0.5, 0.5, 0.5, 0.5, 0.5, 0.5, 0.5, 0.5, 0.5, 0.5, 0.5, 0.5, 0.5, 0.5, 0.5, 0.5, 0.5, 0.5, 0.5, 0.5, 0.5, 0.5, 0.5, 0.5, 0.5, 0.5, 0.5, 0.5, 0.5, 0.5, 0.5, 0.5, 0.5, 0.5, 0.5, 0.5, 0.5, 0.5, 0.5, 0.5, 0.5, 0.5, 0.5, 0.5, 0.5, 0.5, 0.5, 0.5, 0.5, 0.5, 0.5, 0.5, 0.5, 0.5, 0.5, 0.5, 0.5, 0.5, 0.5, 0.5, 0.5, 0.5, 0.5, 0.5, 0.5, 0.5, 0.5, 0.5, 0.5, 0.5, 0.5, 0.5, 0.5, 0.5, 0.5, 0.5, 0.5, 0.5, 0.5, 0.5, 0.5, 0.5, 0.5, 0.5, 0.5, 0.5, 0.5, 0.5, 0.5, 0.5, 0.5, 0.5, 0.5, 0.5, 0.5, 0.5, 0.5, 0.5, 0.5, 0.5, 0.5, 0.5, 0.5, 0.5, 0.5, 0.5, 0.5, 0.5, 0.5, 0.5, 0.5, 0.5, 0.5, 0.5, 0.5, 0.5, 0.5, 0.5, 0.5, 0.5, 0.5, 0.5, 0.5, 0.5, 0.5, 0.5, 0.5, 0.5, 0.5, 0.5, 0.5, 0.5, 0.5, 0.5, 0.5, 0.5, 0.5, 0.5, 0.5, 0.5, 0.5, 0.5, 0.5, 0.5, 0.5, 0.5, 0.5, 0.5, 0.5, 0.5, 0.5, 0.5, 0.5, 0.5, 0.5, 0.5, 0.5, 0.5, 0.5, 0.5, 0.5, 0.5, 0.5, 0.5, 0.5, 0.5, 0.5, 0.5, 0.5, 0.5, 0.5, 0.5, 0.5, 0.5, 0.5, 0.5, 0.5, 0.5, 0.5, 0.5, 0.5, 0.5, 0.5, 0.5, 0.5, 0.5, 0.5, 0.5, 0.5, 0.5, 0.5, 0.5, 0.5, 0.5, 0.5, 0.5, 0.5, 0.5, 0.5, 0.5, 0.5, 0.5, 0.5, 0.5, 0.5, 0.5, 0.5, 0.5, 0.5, 0.5, 0.5, 0.5, 0.5, 0.5, 0.5, 0.5, 0.5, 0.5, 0.5, 0.5, 0.5, 0.5, 0.5, 0.5, 0.5, 0.5, 0.5, 0.5, 0.5, 0.5, 0.5, 0.5, 0.5, 0.5, 0.5, 0.5, 0.5, 0.5, 0.5, 0.5, 0.5, 0.5, 0.5, 0.5, 0.5, 0.5, 0.5, 0.5, 0.5, 0.5, 0.5, 0.5, 0.5, 0.5, 0.5, 0.5, 0.5, 0.5, 0.5, 0.5, 0.5, 0.5, 0.5, 0.5, 0.5, 0.5, 0.5, 0.5, 0.5, 0.5, 0.5, 0.5, 0.5, 0.5, 0.5, 0.5, 0.5, 0.5, 0.5, 0.5, 0.5, 0.5, 0.5, 0.5, 0.5, 0.5, 0.5, 0.5, 0.5, 0.5, 0.5, 0.5, 0.5, 0.5, 0.5, 0.5, 0.5, 0.5, 0.5, 0.5, 0.5, 0.5, 0.5, 0.5, 0.5, 0.5, 0.5, 0.5, 0.5, 0.5, 0.5, 0.5, 0.5, 0.5, 0.5, 0.5, 0.5, 0.5, 0.5, 0.5, 0.5, 0.5, 0.5, 0.5, 0.5, 0.5, 0.5, 0.5, 0.5, 0.5, 0.5, 0.5, 0.5, 0.5, 0.5, 0.5, 0.5, 0.5, 0.5, 0.5, 0.5, 0.5, 0.5, 0.5, 0.5, 0.5, 0.5, 0.5, 0.5, 0.5, 0.5, 0.5, 0.5, 0.5, 0.5, 0.5, 0.5, 0.5, 0.5, 0.5, 0.5, 0.5, 0.5, 0.5, 0.5, 0.5, 0.5, 0.5, 0.5, 0.5, 0.5, 0.5, 0.5, 0.5, 0.5, 0.5, 0.5, 0.5, 0.5, 0.5, 0.5, 0.5, 0.5, 0.5, 0.5, 0.5, 0.5, 0.5, 0.5, 0.5, 0.5, 0.5, 0.5, 0.5, 0.5, 0.5, 0.5, 0.5, 0.5, 0.5, 0.5, 0.5, 0.5, 0.5, 0.5, 0.5, 0.5, 0.5, 0.5, 0.5, 0.5, 0.5, 0.5, 0.5, 0.5, 0.5, 0.5, 0.5, 0.5, 0.5, 0.5, 0.5, 0.5, 0.5, 0.5, 0.5, 0.5, 0.5, 0.5, 0.5, 0.5, 0.5, 0.5, 0.5, 0.5, 0.5, 0.5, 0.5, 0.5, 0.5, 0.5, 0.5, 0.5, 0.5, 0.5, 0.5, 0.5, 0.5, 0.5, 0.5, 0.5, 0.5, 0.5, 0.5, 0.5, 0.5, 0.5, 0.5, 0.5, 0.5, 0.5, 0.5, 0.5, 0.5, 0.5, 0.5, 0.5, 0.5, 0.5, 0.5, 0.5, 0.5, 0.5, 0.5, 0.5, 0.5, 0.5, 0.5, 0.5, 0.5, 0.5, 0.5, 0.5, 0.5, 0.5, 0.5, 0.5, 0.5, 0.5, 0.5, 0.5, 0.5, 0.5, 0.5, 0.5, 0.5, 0.5, 0.5, 0.5, 0.5, 0.5, 0.5, 0.5, 0.5, 0.5, 0.5, 0.5, 0.5, 0.5, 0.5, 0.5, 0.5, 0.5, 0.5, 0.5, 0.5, 0.5, 0.5, 0.5, 0.5, 0.5, 0.5, 0.5, 0.5, 0.5, 0.5, 0.5, 0.5, 0.5, 0.5, 0.5, 0.5, 0.5, 0.5, 0.5, 0.5, 0.5, 0.5, 0.5, 0.5, 0.5, 0.5, 0.5, 0.5, 0.5, 0.5, 0.5, 0.5, 0.5, 0.5, 0.5, 0.5, 0.5, 0.5, 0.5, 0.5, 0.5, 0.5, 0.5, 0.5, 0.5, 0.5, 0.5, 0.5, 0.5, 0.5, 0.5, 0.5, 0.5, 0.5, 0.5, 0.5, 0.5, 0.5, 0.5, 0.5, 0.5, 0.5, 0.5, 0.5, 0.5, 0.5, 0.5, 0.5, 0.5, 0.5, 0.5, 0.5, 0.5, 0.5, 0.5, 0.5, 0.5, 0.5, 0.5, 0.5, 0.5, 0.5, 0.5, 0.5, 0.5, 0.5, 0.5, 0.5, 0.5, 0.5, 0.5, 0.5, 0.5, 0.5, 0.5, 0.5, 0.5, 0.5, 0.5, 0.5, 0.5, 0.5, 0.5, 0.5, 0.5, 0.5, 0.5, 0.5, 0.5, 0.5, 0.5, 0.5, 0.5, 0.5, 0.5, 0.5, 0.5, 0.5, 0.5, 0.5, 0.5, 0.5, 0.5, 0.5, 0.5, 0.5, 0.5, 0.5, 0.5, 0.5, 0.5, 0.5, 0.5, 0.5, 0.5, 0.5, 0.5, 0.5, 0.5, 0.5, 0.5, 0.5, 0.5, 0.5, 0.5, 0.5, 0.5, 0.5, 0.5, 0.5, 0.5, 0.5, 0.5, 0.5, 0.5, 0.5, 0.5, 0.5, 0.5, 0.5, 0.5, 0.5, 0.5, 0.5, 0.5, 0.5, 0.5, 0.5, 0.5, 0.5, 0.5, 0.5, 0.5, 0.5, 0.5, 0.5, 0.5, 0.5, 0.5, 0.5, 0.5, 0.5, 0.5, 0.5, 0.5, 0.5, 0.5, 0.5, 0.5, 0.5, 0.5, 0.5, 0.5, 0.5, 0.5, 0.5, 0.5, 0.5, 0.5, 0.5, 0.5, 0.5, 0.5, 0.5, 0.5, 0.5, 0.5, 0.5, 0.5, 0.5, 0.5, 0.5, 0.5, 0.5, 0.5, 0.5, 0.5, 0.5, 0.5, 0.5, 0.5, 0.5, 0.5, 0.5, 0.5, 0.5, 0.5, 0.5, 0.5, 0.5, 0.5, 0.5, 0.5, 0.5, 0.5, 0.5, 0.5, 0.5, 0.5, 0.5, 0.5, 0.5, 0.5, 0.5, 0.5, 0.5, 0.5, 0.5, 0.5, 0.5, 0.5, 0.5, 0.5, 0.5, 0.5, 0.5, 0.5, 0.5, 0.5, 0.5, 0.5, 0.5, 0.5, 0.5, 0.5, 0.5, 0.5, 0.5, 0.5, 0.5, 0.5, 0.5, 0.5, 0.5, 0.5, 0.5, 0.5, 0.5, 0.5, 0.5, 0.5, 0.5, 0.5, 0.5, 0.5, 0.5, 0.5, 0.5, 0.5, 0.5, 0.5, 0.5, 0.5, 0.5, 0.5, 0.5, 0.5, 0.5, 0.5, 0.5, 0.5, 0.5, 0.5, 0.5, 0.5, 0.5, 0.5, 0.5, 0.5, 0.5, 0.5, 0.5, 0.5, 0.5, 0.5, 0.5, 0.5, 0.5, 0.5, 0.5, 0.5, 0.5, 0.5, 0.5, 0.5, 0.5, 0.5, 0.5, 0.5, 0.5, 0.5, 0.5, 0.5, 0.5, 0.5, 0.5, 0.5, 0.5, 0.5, 0.5, 0.5, 0.5, 0.5, 0.5, 0.5, 0.5, 0.5, 0.5, 0.5, 0.5, 0.5, 0.5, 0.5, 0.5, 0.5, 0.5, 0.5, 0.5, 0.5, 0.5, 0.5, 0.5, 0.5, 0.5, 0.5, 0.5, 0.5, 0.5, 0.5, 0.5, 0.5, 0.5, 0.5, 0.5, 0.5, 0.5, 0.5, 0.5, 0.5, 0.5, 0.5, 0.5, 0.5, 0.5, 0.5, 0.5, 0.5, 0.5, 0.5, 0.5, 0.5, 0.5, 0.5, 0.5, 0.5, 0.5, 0.5, 0.5, 0.5, 0.5, 0.5, 0.5, 0.5, 0.5, 0.5, 0.5, 0.5, 0.5, 0.5, 0.5, 0.5, 0.5, 0.5, 0.5, 0.5, 0.5, 0.5, 0.5, 0.5, 0.5, 0.5, 0.5, 0.5, 0.5, 0.5, 0.5, 0.5, 0.5, 0.5, 0.5, 0.5, 0.5, 0.5, 0.5, 0.5, 0.5, 0.5, 0.5, 0.5, 0.5, 0.5, 0.5, 0.5, 0.5, 0.5, 0.5, 0.5, 0.5, 0.5, 0.5, 0.5, 0.5, 0.5, 0.5, 0.5, 0.5, 0.5, 0.5, 0.5, 0.5, 0.5, 0.5, 0.5, 0.5, 0.5, 0.5, 0.5, 0.5, 0.5, 0.5, 0.5, 0.5, 0.5, 0.5, 0.5, 0.5, 0.5, 0.5, 0.5, 0.5, 0.5, 0.5, 0.5, 0.5, 0.5, 0.5, 0.5, 0.5, 0.5, 0.5, 0.5, 0.5, 0.5, 0.5, 0.5, 0.5, 0.5, 0.5, 0.5, 0.5, 0.5, 0.5, 0.5, 0.5, 0.5, 0.5, 0.5, 0.5, 0.5, 0.5, 0.5, 0.5, 0.5, 0.5, 0.5, 0.5, 0.5, 0.5, 0.5, 0.5, 0.5, 0.5, 0.5, 0.5, 0.5, 0.5, 0.5, 0.5, 0.5, 0.5, 0.5, 0.5, 0.5, 0.5, 0.5, 0.5, 0.5, 0.5, 0.5, 0.5, 0.5, 0.5, 0.5, 0.5, 0.5, 0.5, 0.5, 0.5, 0.5, 0.5, 0.5, 0.5, 0.5, 0.5, 0.5, 0.5, 0.5, 0.5, 0.5, 0.5, 0.5, 0.5, 0.5, 0.5, 0.5, 0.5, 0.5, 0.5, 0.5, 0.5, 0.5, 0.5, 0.5, 0.5, 0.5, 0.5, 0.5, 0.5, 0.5, 0.5, 0.5, 0.5, 0.5, 0.5, 0.5, 0.5, 0.5, 0.5, 0.5, 0.5, 0.5, 0.5, 0.5, 0.5, 0.5, 0.5, 0.5, 0.5, 0.5, 0.5, 0.5, 0.5]",0
2026_11_KICE_22-26_0,['5(2)'],"계획 요약
- 각 문단(가, 나, 다)의 주제 흐름과 표현의 특징을 파악합니다.
- 주어진 선택지 중에서, 어떤 설명이 세 문단의 공통된 서술 방식이나 뚜렷한 특징을 가장 정확하게 반영하는지 비교합니다.
- 각 선택지에 대해 지문에서 확인 가능한 근거 구절을 제시함으로써 판단의 타당성을 검토합니다.
- 최종적으로 가장 적합한 선택지를 하나 고릅니다.

1번: 4번 - ""(가)와 (다)는 모두, 연쇄적 표현을 통해 주체의 태도 변화 과정을 보여 주고 있다."" (지문 속 근거가 된 문장)
- (가)에서의 연쇄적 전개 예: ""두고 온 것들이 빛나는 때가 있다... 잊혀진 목소리가 살아나는 때가 있다... 잦아드는 때가 있다... 빛을 뿜으면서 한 번은 되살아나는가"" 
- (다)에서의 연쇄적 논리 예: ""천지간에 만물이 소리를 내게 만드는 것은 무엇인가? ... 금석은 때리지 않으면 그 자체로는 소리가 나지 않으나 물건이 때리면 소리가 난다. ... 무릇 크고 작은 만물이 소리를 내는 것은 또한 반드시 그렇게 만드는 것이 있다."" (즉, 원인과 결과가 차례로 제시되며 사고의 흐름이 이어진다.)

2번: 2번 - ""(나)는 자연을 관조하며 시적 상황을 탈속적 태도로 바라보고 있다."" (지문 속 근거가 된 문장)
- ""감나무 잎새를 흔드는 게 어찌 ⓐ[바람](ⓐ의 밑줄)뿐이랴."" 
- ""감나무 잎새를 반짝이는 게 어찌 햇살뿐이랴.""
- 이 구절들은 자연 현상을 단순한 원인-결과로 보지 않고, 다른 작용이나 가능성을 암시하는 듯한 질문 형식으로 관찰하고 사유하는 태도를 보여 줍니다.

3번: 3번 - ""(다)는 글쓴이와 타인의 생각을 비교하며 세태를 비판하고 있다."" (지문 속 근거가 된 문장)
- ""최립은 좋은 소리를 내는 사람에 가깝다."" 
- ""그의 문장이 비록 완성된 것은 아니지만 그 뜻은 바름을 향한다."" 
- 다만 이 구절들은 특정 인물에 대한 평가를 제시하지만, 글쓴이와 타인의 생각을 직접 비교하는 형식이라기보다는 저자의 평가와 관점을 전달하는 서술에 가깝습니다. 따라서 선택지 3번의 “글쓴이와 타인의 생각을 비교하여 세태를 비판”이라는 서술은 다소 부적합합니다.

4번: 4번 - 이미 앞에서 설명한 이유와 지문 근거 문장이 충분합니다.

5번: 5번 - ""(나)와 (다)는 모두, 가정적 표현을 통해 대상의 속성을 드러내고 있다."" (지문 속 근거가 된 문장)
- (나)의 경우 ""어찌 ...랴"" 등의 의문형은 가정적 표현이라기보다 현상에 대한 의문 제기나 비판적 관찰에 가깝고, 명시적으로 “만약 ~라면” 같은 가정 구문은 보이지 않습니다.
- (다)도 ""그런즉"" 등의 인과 논증은 있지만, 명시적 가정적 표현은 거의 사용되지 않습니다.
- 따라서 두 문단 모두를 가정적 표현으로 설명하는 것은 부적절합니다.

최종 정답: 4번","[166, 111, 226, 169, 248, 235, 23821, 248, 242, 168, 243, 121, 198, 12, 220, 166, 108, 223, 31619, 105, 116, 46695, 101, 7, 166, 108, 222, 11, 31619, 224, 246, 11, 31619, 233, 97, 8, 35975, 246, 23821, 96, 120, 168, 254, 250, 220, 169, 251, 238, 167, 99, 226, 166, 111, 120, 220, 169, 239, 250, 169, 246, 226, 35975, 246, 220, 169, 232, 117, 168, 100, 243, 35975, 226, 220, 169, 234, 234, 168, 243, 227, 47991, 102, 46695, 230, 46695, 97, 13, 198, 12, 23821, 96, 120, 168, 244, 112, 168, 100, 226, 23821, 226, 254, 169, 225, 251, 168, 100, 222, 23821, 97, 239, 168, 245, 238, 168, 226, 250, 11, 23821, 244, 112, 167, 244, 97, 23821, 226, 97, 167, 103, 227, 35975, 112, 23821, 226, 116, 31619, 105, 116, 46695, 101, 35975, 246, 220, 166, 111, 113, 169, 228, 113, 167, 238, 250, 23821, 226, 250, 168, 230, 254, 31619, 108, 102, 168, 233, 251, 35975, 112, 167, 224, 246, 31619, 248, 250, 167, 254, 115, 47991, 250, 220, 169, 232, 117, 168, 100, 243, 35975, 226, 220, 166, 108, 222, 168, 252, 98, 23821, 254, 243, 169, 247, 243, 47991, 246, 166, 110, 234, 31619, 108, 246, 168, 246, 223, 47991, 246, 167, 232, 242, 168, 100, 222, 31619, 117, 226, 166, 113, 238, 47991, 102, 46695, 230, 46695, 97, 13, 198, 12, 220, 166, 108, 223, 23821, 226, 254, 169, 225, 251, 168, 100, 222, 168, 245, 238, 31619, 234, 222, 47991, 112, 23821, 100, 222, 167, 105, 116, 168, 245, 238, 168, 226, 250, 220, 169, 247, 243, 35975, 116, 220, 166, 108, 222, 167, 232, 98, 47991, 250, 220, 166, 115, 120, 166, 109, 108, 220, 166, 113, 105, 168, 254, 230, 35975, 226, 23821, 254, 250, 168, 233, 250, 47991, 101, 168, 250, 120, 167, 94, 250, 168, 235, 101, 220, 169, 234, 238, 46695, 101, 35975, 246, 220, 169, 225, 222, 46695, 117, 168, 226, 109, 35975, 226, 220, 166, 110, 222, 169, 228, 254, 47991, 102, 46695, 230, 46695, 97, 13, 198, 12, 23821, 113, 250, 168, 95, 227, 168, 254, 223, 168, 250, 120, 167, 94, 250, 220, 166, 108, 222, 168, 252, 98, 23821, 254, 223, 47991, 102, 47991, 250, 23821, 226, 254, 169, 225, 251, 168, 100, 222, 167, 98, 120, 220, 47991, 246, 167, 224, 246, 220, 166, 111, 254, 167, 99, 227, 46695, 230, 46695, 97, 13, 198, 198, 16, 167, 110, 230, 25, 604, 167, 110, 230, 532, 30629, 166, 108, 222, 8, 168, 247, 222, 357, 46695, 97, 8, 167, 232, 242, 31619, 103, 101, 167, 239, 238, 11, 23821, 245, 108, 168, 229, 226, 168, 254, 223, 220, 169, 239, 250, 169, 246, 226, 35975, 226, 220, 169, 228, 113, 47991, 112, 23821, 96, 120, 168, 110, 112, 35975, 246, 220, 169, 225, 250, 167, 237, 226, 31619, 111, 222, 169, 247, 242, 220, 166, 111, 120, 168, 254, 243, 35975, 226, 31619, 111, 112, 168, 245, 105, 23821, 96, 120, 166, 111, 254, 23821, 252, 230, 46695, 97, 526, 357, 168, 100, 222, 167, 105, 116, 23821, 228, 235, 220, 166, 115, 120, 166, 109, 108, 166, 108, 222, 31619, 238, 250, 31619, 105, 116, 168, 252, 98, 8, 198, 12, 357, 166, 108, 222, 8, 168, 245, 238, 168, 226, 250, 35975, 246, 23821, 245, 108, 168, 229, 226, 168, 254, 223, 23821, 254, 226, 166, 108, 250, 23821, 246, 230, 25, 366, 167, 239, 238, 166, 111, 254, 23821, 246, 101, 220, 166, 110, 225, 167, 241, 97, 35975, 112, 31619, 117, 249, 167, 224, 246, 167, 232, 242, 31619, 243, 234, 166, 108, 222, 23821, 252, 230, 46695, 97, 986, 23821, 252, 232, 169, 246, 222, 168, 100, 226, 31619, 103, 102, 168, 228, 234, 167, 99, 105, 166, 108, 222, 23821, 224, 112, 168, 243, 226, 167, 224, 246, 167, 232, 242, 31619, 243, 234, 166, 108, 222, 23821, 252, 230, 46695, 97, 986, 23821, 252, 99, 168, 243, 226, 167, 241, 250, 167, 232, 242, 31619, 243, 234, 166, 108, 222, 23821, 252, 230, 46695, 97, 986, 31619, 117, 249, 35975, 226, 31619, 123, 250, 168, 250, 120, 167, 102, 112, 168, 226, 250, 220, 47991, 250, 31619, 110, 230, 35975, 222, 31619, 238, 246, 168, 224, 112, 168, 243, 226, 167, 224, 246, 167, 232, 242, 166, 108, 222, 1, 220, 198, 12, 357, 46695, 97, 8, 168, 245, 238, 168, 226, 250, 35975, 246, 23821, 245, 108, 168, 229, 226, 168, 254, 223, 31619, 227, 120, 167, 99, 105, 23821, 246, 230, 25, 366, 168, 110, 250, 168, 100, 222, 166, 108, 226, 168, 245, 238, 31619, 100, 234, 167, 45539, 35975, 112, 23821, 228, 234, 167, 99, 105, 167, 98, 120, 31619, 224, 112, 166, 110, 234, 31619, 100, 234, 167, 241, 250, 167, 232, 242, 220, 166, 110, 225, 35975, 222, 31619, 105, 112, 168, 245, 229, 35975, 116, 166, 108, 222, 30, 2644, 220, 166, 116, 230, 168, 226, 251, 35975, 222, 31619, 243, 234, 167, 99, 105, 168, 100, 222, 23821, 243, 232, 168, 250, 120, 167, 102, 112, 220, 166, 115, 116, 23821, 252, 238, 168, 110, 112, 167, 94, 250, 167, 232, 242, 23821, 228, 234, 167, 99, 105, 166, 108, 222, 31619, 224, 246, 168, 100, 222, 23821, 243, 232, 168, 250, 120, 167, 224, 246, 31619, 45539, 166, 109, 112, 35975, 112, 31619, 243, 234, 167, 99, 105, 167, 102, 112, 23821, 228, 234, 167, 99, 105, 166, 108, 222, 31619, 224, 250, 46695, 97, 13, 2644, 31619, 105, 112, 167, 99, 229, 220, 169, 223, 105, 166, 111, 254, 23821, 252, 239, 35975, 222, 31619, 100, 234, 167, 45539, 35975, 112, 23821, 228, 234, 167, 99, 105, 167, 98, 120, 31619, 224, 112, 167, 232, 242, 220, 166, 110, 225, 35975, 222, 31619, 246, 238, 47991, 250, 31619, 108, 246, 167, 241, 250, 168, 233, 250, 220, 166, 115, 116, 167, 254, 229, 166, 110, 234, 31619, 100, 234, 167, 241, 250, 167, 232, 242, 220, 166, 110, 225, 35975, 112, 23821, 252, 230, 46695, 97, 526, 357, 168, 99, 231, 11, 23821, 249, 238, 35975, 116, 166, 111, 120, 220, 166, 110, 108, 166, 111, 120, 166, 108, 222, 23821, 108, 101, 167, 94, 222, 167, 94, 250, 23821, 254, 250, 168, 233, 250, 167, 238, 246, 167, 102, 108, 23821, 8955, 166, 111, 254, 35975, 246, 220, 169, 251, 238, 167, 99, 226, 35975, 112, 23821, 251, 112, 168, 244, 112, 168, 100, 226, 46695, 97, 2014, 198, 198, 17, 167, 110, 230, 25, 362, 167, 110, 230, 532, 30629, 167, 224, 246, 8, 167, 232, 242, 23821, 252, 238, 168, 245, 108, 35975, 226, 220, 166, 112, 222, 168, 94, 108, 47991, 246, 167, 102, 108, 23821, 233, 250, 168, 254, 223, 23821, 225, 223, 169, 247, 102, 35975, 226, 220, 169, 225, 230, 168, 228, 235, 168, 254, 223, 220, 169, 225, 250, 167, 237, 226, 167, 94, 250, 31619, 108, 242, 167, 251, 120, 167, 111, 112, 166, 111, 254, 23821, 252, 230, 46695, 97, 526, 357, 168, 100, 222, 167, 105, 116, 23821, 228, 235, 220, 166, 115, 120, 166, 109, 108, 166, 108, 222, 31619, 238, 250, 31619, 105, 116, 168, 252, 98, 8, 198, 12, 366, 166, 108, 238, 167, 224, 246, 167, 105, 112, 23821, 252, 236, 168, 225, 230, 167, 98, 120, 220, 169, 251, 242, 167, 241, 250, 167, 232, 242, 220, 166, 110, 234, 23821, 244, 112, 168, 108, 234, 2343, 241, 238, 58, 167, 108, 242, 167, 252, 234, 16151, 158, 241, 238, 35975, 246, 31619, 108, 239, 168, 97, 226, 8, 167, 123, 238, 35975, 112, 167, 252, 112, 526, 220, 198, 12, 366, 166, 108, 238, 167, 224, 246, 167, 105, 112, 23821, 252, 236, 168, 225, 230, 167, 98, 120, 31619, 108, 246, 168, 100, 251, 35975, 112, 167, 232, 242, 220, 166, 110, 234, 23821, 244, 112, 168, 108, 234, 220, 169, 244, 229, 168, 224, 112, 167, 123, 238, 35975, 112, 167, 252, 112, 526, 198, 12, 23821, 251, 112, 220, 166, 113, 105, 168, 254, 230, 167, 241, 97, 35975, 222, 23821, 252, 238, 168, 245, 108, 220, 169, 246, 226, 168, 225, 223, 35975, 226, 31619, 233, 101, 168, 230, 250, 47991, 250, 23821, 249, 238, 35975, 116, 12, 166, 110, 108, 166, 111, 120, 167, 94, 250, 31619, 111, 112, 168, 100, 222, 23821, 243, 232, 166, 111, 254, 11, 31619, 233, 97, 167, 98, 116, 23821, 252, 239, 168, 248, 102, 35975, 112, 167, 224, 246, 220, 166, 108, 222, 167, 232, 98, 168, 226, 109, 35975, 226, 23821, 243, 242, 168, 233, 250, 47991, 246, 167, 232, 242, 31619, 241, 107, 47991, 250, 23821, 100, 230, 167, 105, 116, 220, 169, 246, 243, 168, 233, 251, 168, 250, 120, 167, 94, 250, 220, 166, 112, 222, 168, 108, 108, 47991, 246, 166, 111, 254, 23821, 8955, 168, 250, 254, 47991, 246, 167, 232, 242, 220, 169, 225, 250, 167, 237, 226, 167, 98, 120, 31619, 111, 112, 168, 245, 105, 23821, 97, 235, 46695, 230, 46695, 97, 13, 198, 198, 18, 167, 110, 230, 25, 513, 167, 110, 230, 532, 30629, 46695, 97, 8, 167, 232, 242, 220, 166, 116, 222, 168, 241, 112, 35975, 112, 168, 247, 222, 220, 169, 225, 222, 35975, 116, 35975, 246, 23821, 225, 251, 166, 108, 223, 35975, 226, 31619, 117, 226, 166, 113, 238, 47991, 246, 167, 102, 108, 23821, 226, 116, 169, 225, 250, 167, 98, 120, 31619, 117, 226, 169, 234, 238, 47991, 246, 166, 111, 254, 23821, 252, 230, 46695, 97, 526, 357, 168, 100, 222, 167, 105, 116, 23821, 228, 235, 220, 166, 115, 120, 166, 109, 108, 166, 108, 222, 31619, 238, 250, 31619, 105, 116, 168, 252, 98, 8, 198, 12, 366, 168, 113, 250, 167, 99, 121, 35975, 222, 23821, 95, 233, 35975, 222, 23821, 228, 234, 167, 99, 105, 167, 98, 120, 31619, 224, 112, 167, 232, 242, 23821, 8955, 167, 252, 234, 168, 245, 238, 220, 166, 108, 222, 166, 117, 251, 46695, 97, 526, 220, 198, 12, 366, 166, 115, 116, 35975, 246, 31619, 105, 116, 168, 252, 98, 35975, 112, 31619, 117, 226, 167, 94, 251, 23821, 247, 226, 168, 226, 109, 167, 238, 250, 220, 166, 110, 225, 35975, 222, 23821, 243, 226, 46695, 230, 168, 100, 222, 167, 100, 234, 220, 166, 115, 116, 31619, 250, 119, 35975, 222, 31619, 108, 242, 167, 99, 226, 35975, 226, 220, 169, 244, 98, 47991, 250, 46695, 97, 526, 220, 198, 12, 31619, 233, 97, 167, 100, 234, 23821, 251, 112, 220, 166, 113, 105, 168, 254, 230, 167, 241, 97, 35975, 222, 220, 169, 232, 117, 168, 254, 243, 23821, 251, 116, 167, 45539, 168, 245, 238, 31619, 234, 222, 47991, 250, 220, 169, 237, 231, 166, 108, 222, 167, 98, 120, 23821, 254, 250, 168, 233, 250, 47991, 246, 168, 100, 222, 167, 100, 234, 11, 220, 166, 116, 222, 168, 241, 112, 35975, 112, 168, 247, 222, 220, 169, 225, 222, 35975, 116, 35975, 246, 23821, 225, 251, 166, 108, 223, 35975, 226, 23821, 100, 223, 168, 254, 239, 31619, 117, 226, 166, 113, 238, 47991, 246, 167, 232, 242, 220, 169, 246, 243, 168, 233, 251, 35975, 112, 167, 251, 120, 166, 116, 108, 167, 111, 112, 46695, 97, 167, 232, 242, 23821, 254, 222, 168, 252, 238, 35975, 246, 220, 169, 237, 231, 166, 108, 222, 168, 247, 222, 220, 166, 112, 222, 168, 254, 238, 35975, 226, 23821, 254, 226, 46695, 105, 47991, 246, 167, 232, 242, 23821, 226, 250, 168, 230, 254, 168, 245, 238, 220, 166, 108, 222, 166, 117, 251, 168, 232, 113, 46695, 230, 46695, 97, 13, 31619, 242, 108, 167, 251, 120, 168, 226, 250, 23821, 226, 254, 169, 225, 251, 168, 100, 222, 513, 167, 110, 230, 35975, 246, 564, 250, 166, 116, 222, 168, 241, 112, 35975, 112, 168, 247, 222, 220, 169, 225, 222, 35975, 116, 35975, 246, 23821, 225, 251, 166, 108, 223, 35975, 226, 31619, 117, 226, 166, 113, 238, 47991, 246, 168, 245, 105, 23821, 226, 116, 169, 225, 250, 167, 98, 120, 31619, 117, 226, 169, 234, 238, 447, 251, 35975, 112, 167, 251, 120, 167, 232, 242, 23821, 226, 250, 168, 230, 254, 35975, 222, 31619, 233, 97, 168, 228, 234, 31619, 114, 222, 168, 254, 223, 47991, 102, 47991, 102, 46695, 230, 46695, 97, 13, 198, 198, 19, 167, 110, 230, 25, 604, 167, 110, 230, 532, 23821, 251, 112, 167, 107, 116, 23821, 243, 252, 168, 245, 238, 168, 226, 250, 23821, 226, 97, 167, 103, 227, 47991, 250, 23821, 251, 112, 168, 250, 254, 168, 247, 222, 23821, 100, 222, 167, 105, 116, 220, 166, 115, 120, 166, 109, 108, 31619, 105, 116, 168, 252, 98, 35975, 112, 23821, 114, 102, 167, 114, 226, 47991, 102, 46695, 230, 46695, 97, 13, 198, 198, 20, 167, 110, 230, 25, 642, 167, 110, 230, 532, 30629, 167, 224, 246, 8, 168, 247, 222, 357, 46695, 97, 8, 167, 232, 242, 31619, 103, 101, 167, 239, 238, 11, 220, 166, 108, 222, 168, 254, 243, 168, 254, 223, 220, 169, 239, 250, 169, 246, 226, 35975, 226, 220, 169, 228, 113, 47991, 112, 31619, 234, 222, 168, 225, 223, 35975, 246, 23821, 228, 235, 168, 226, 109, 35975, 226, 31619, 241, 250, 167, 253, 105, 167, 224, 112, 166, 111, 254, 23821, 252, 230, 46695, 97, 526, 357, 168, 100, 222, 167, 105, 116, 23821, 228, 235, 220, 166, 115, 120, 166, 109, 108, 166, 108, 222, 31619, 238, 250, 31619, 105, 116, 168, 252, 98, 8, 198, 12, 357, 167, 224, 246, 8, 35975, 246, 220, 166, 110, 121, 168, 248, 108, 366, 168, 244, 112, 168, 108, 234, 2644, 167, 252, 112, 1, 31619, 241, 109, 35975, 246, 23821, 251, 246, 167, 105, 116, 169, 246, 243, 35975, 222, 220, 166, 108, 222, 168, 254, 243, 168, 254, 223, 220, 169, 239, 250, 169, 246, 226, 35975, 112, 167, 251, 120, 166, 116, 108, 167, 111, 112, 46695, 97, 220, 169, 246, 226, 168, 225, 223, 168, 245, 238, 31619, 234, 222, 47991, 250, 23821, 251, 246, 167, 105, 116, 23821, 254, 250, 166, 116, 108, 167, 224, 246, 31619, 117, 226, 169, 234, 238, 168, 254, 223, 220, 166, 112, 222, 168, 108, 108, 168, 245, 238, 220, 166, 108, 222, 166, 117, 251, 166, 111, 254, 11, 31619, 103, 227, 168, 233, 250, 168, 254, 223, 168, 250, 120, 167, 94, 250, 564, 250, 167, 100, 234, 168, 243, 121, 5299, 167, 251, 120, 167, 102, 112, 447, 251, 220, 166, 108, 247, 35975, 222, 220, 166, 108, 222, 168, 254, 243, 220, 166, 113, 105, 167, 105, 116, 35975, 222, 31619, 111, 112, 35975, 112, 168, 100, 222, 23821, 243, 232, 168, 232, 113, 46695, 230, 46695, 97, 13, 198, 12, 357, 46695, 97, 8, 167, 237, 226, 366, 166, 115, 116, 167, 253, 108, 168, 99, 231, 1, 31619, 241, 109, 35975, 246, 23821, 251, 116, 166, 111, 120, 31619, 227, 120, 168, 99, 251, 35975, 222, 23821, 252, 230, 168, 100, 222, 167, 100, 234, 11, 31619, 103, 227, 168, 233, 250, 168, 254, 223, 220, 166, 108, 222, 168, 254, 243, 168, 254, 223, 220, 169, 239, 250, 169, 246, 226, 35975, 222, 220, 166, 109, 108, 35975, 246, 23821, 8955, 168, 248, 102, 167, 238, 246, 168, 100, 222, 23821, 243, 232, 168, 232, 113, 46695, 230, 46695, 97, 13, 198, 12, 31619, 242, 108, 167, 251, 120, 168, 226, 250, 31619, 239, 238, 31619, 105, 116, 46695, 101, 31619, 103, 101, 167, 239, 238, 167, 98, 120, 220, 166, 108, 222, 168, 254, 243, 168, 254, 223, 220, 169, 239, 250, 169, 246, 226, 168, 250, 120, 167, 94, 250, 23821, 226, 97, 167, 103, 227, 47991, 246, 167, 232, 242, 220, 166, 110, 225, 35975, 222, 31619, 114, 222, 168, 254, 223, 168, 254, 230, 47991, 102, 46695, 230, 46695, 97, 13, 198, 198, 168, 113, 250, 168, 95, 227, 23821, 254, 243, 46695, 113, 25, 604, 167, 110, 230]","[0.5, 0.5, 0.5, 0.5, 0.5, 0.5, 0.5, 0.5, 0.5, 0.5, 0.5, 0.5, 0.5, 0.5, 0.5, 0.5, 0.5, 0.5, 0.5, 0.5, 0.5, 0.5, 0.5, 0.5, 0.5, 0.5, 0.5, 0.5, 0.5, 0.5, 0.5, 0.5, 0.5, 0.5, 0.5, 0.5, 0.5, 0.5, 0.5, 0.5, 0.5, 0.5, 0.5, 0.5, 0.5, 0.5, 0.5, 0.5, 0.5, 0.5, 0.5, 0.5, 0.5, 0.5, 0.5, 0.5, 0.5, 0.5, 0.5, 0.5, 0.5, 0.5, 0.5, 0.5, 0.5, 0.5, 0.5, 0.5, 0.5, 0.5, 0.5, 0.5, 0.5, 0.5, 0.5, 0.5, 0.5, 0.5, 0.5, 0.5, 0.5, 0.5, 0.5, 0.5, 0.5, 0.5, 0.5, 0.5, 0.5, 0.5, 0.5, 0.5, 0.5, 0.5, 0.5, 0.5, 0.5, 0.5, 0.5, 0.5, 0.5, 0.5, 0.5, 0.5, 0.5, 0.5, 0.5, 0.5, 0.5, 0.5, 0.5, 0.5, 0.5, 0.5, 0.5, 0.5, 0.5, 0.5, 0.5, 0.5, 0.5, 0.5, 0.5, 0.5, 0.5, 0.5, 0.5, 0.5, 0.5, 0.5, 0.5, 0.5, 0.5, 0.5, 0.5, 0.5, 0.5, 0.5, 0.5, 0.5, 0.5, 0.5, 0.5, 0.5, 0.5, 0.5, 0.5, 0.5, 0.5, 0.5, 0.5, 0.5, 0.5, 0.5, 0.5, 0.5, 0.5, 0.5, 0.5, 0.5, 0.5, 0.5, 0.5, 0.5, 0.5, 0.5, 0.5, 0.5, 0.5, 0.5, 0.5, 0.5, 0.5, 0.5, 0.5, 0.5, 0.5, 0.5, 0.5, 0.5, 0.5, 0.5, 0.5, 0.5, 0.5, 0.5, 0.5, 0.5, 0.5, 0.5, 0.5, 0.5, 0.5, 0.5, 0.5, 0.5, 0.5, 0.5, 0.5, 0.5, 0.5, 0.5, 0.5, 0.5, 0.5, 0.5, 0.5, 0.5, 0.5, 0.5, 0.5, 0.5, 0.5, 0.5, 0.5, 0.5, 0.5, 0.5, 0.5, 0.5, 0.5, 0.5, 0.5, 0.5, 0.5, 0.5, 0.5, 0.5, 0.5, 0.5, 0.5, 0.5, 0.5, 0.5, 0.5, 0.5, 0.5, 0.5, 0.5, 0.5, 0.5, 0.5, 0.5, 0.5, 0.5, 0.5, 0.5, 0.5, 0.5, 0.5, 0.5, 0.5, 0.5, 0.5, 0.5, 0.5, 0.5, 0.5, 0.5, 0.5, 0.5, 0.5, 0.5, 0.5, 0.5, 0.5, 0.5, 0.5, 0.5, 0.5, 0.5, 0.5, 0.5, 0.5, 0.5, 0.5, 0.5, 0.5, 0.5, 0.5, 0.5, 0.5, 0.5, 0.5, 0.5, 0.5, 0.5, 0.5, 0.5, 0.5, 0.5, 0.5, 0.5, 0.5, 0.5, 0.5, 0.5, 0.5, 0.5, 0.5, 0.5, 0.5, 0.5, 0.5, 0.5, 0.5, 0.5, 0.5, 0.5, 0.5, 0.5, 0.5, 0.5, 0.5, 0.5, 0.5, 0.5, 0.5, 0.5, 0.5, 0.5, 0.5, 0.5, 0.5, 0.5, 0.5, 0.5, 0.5, 0.5, 0.5, 0.5, 0.5, 0.5, 0.5, 0.5, 0.5, 0.5, 0.5, 0.5, 0.5, 0.5, 0.5, 0.5, 0.5, 0.5, 0.5, 0.5, 0.5, 0.5, 0.5, 0.5, 0.5, 0.5, 0.5, 0.5, 0.5, 0.5, 0.5, 0.5, 0.5, 0.5, 0.5, 0.5, 0.5, 0.5, 0.5, 0.5, 0.5, 0.5, 0.5, 0.5, 0.5, 0.5, 0.5, 0.5, 0.5, 0.5, 0.5, 0.5, 0.5, 0.5, 0.5, 0.5, 0.5, 0.5, 0.5, 0.5, 0.5, 0.5, 0.5, 0.5, 0.5, 0.5, 0.5, 0.5, 0.5, 0.5, 0.5, 0.5, 0.5, 0.5, 0.5, 0.5, 0.5, 0.5, 0.5, 0.5, 0.5, 0.5, 0.5, 0.5, 0.5, 0.5, 0.5, 0.5, 0.5, 0.5, 0.5, 0.5, 0.5, 0.5, 0.5, 0.5, 0.5, 0.5, 0.5, 0.5, 0.5, 0.5, 0.5, 0.5, 0.5, 0.5, 0.5, 0.5, 0.5, 0.5, 0.5, 0.5, 0.5, 0.5, 0.5, 0.5, 0.5, 0.5, 0.5, 0.5, 0.5, 0.5, 0.5, 0.5, 0.5, 0.5, 0.5, 0.5, 0.5, 0.5, 0.5, 0.5, 0.5, 0.5, 0.5, 0.5, 0.5, 0.5, 0.5, 0.5, 0.5, 0.5, 0.5, 0.5, 0.5, 0.5, 0.5, 0.5, 0.5, 0.5, 0.5, 0.5, 0.5, 0.5, 0.5, 0.5, 0.5, 0.5, 0.5, 0.5, 0.5, 0.5, 0.5, 0.5, 0.5, 0.5, 0.5, 0.5, 0.5, 0.5, 0.5, 0.5, 0.5, 0.5, 0.5, 0.5, 0.5, 0.5, 0.5, 0.5, 0.5, 0.5, 0.5, 0.5, 0.5, 0.5, 0.5, 0.5, 0.5, 0.5, 0.5, 0.5, 0.5, 0.5, 0.5, 0.5, 0.5, 0.5, 0.5, 0.5, 0.5, 0.5, 0.5, 0.5, 0.5, 0.5, 0.5, 0.5, 0.5, 0.5, 0.5, 0.5, 0.5, 0.5, 0.5, 0.5, 0.5, 0.5, 0.5, 0.5, 0.5, 0.5, 0.5, 0.5, 0.5, 0.5, 0.5, 0.5, 0.5, 0.5, 0.5, 0.5, 0.5, 0.5, 0.5, 0.5, 0.5, 0.5, 0.5, 0.5, 0.5, 0.5, 0.5, 0.5, 0.5, 0.5, 0.5, 0.5, 0.5, 0.5, 0.5, 0.5, 0.5, 0.5, 0.5, 0.5, 0.5, 0.5, 0.5, 0.5, 0.5, 0.5, 0.5, 0.5, 0.5, 0.5, 0.5, 0.5, 0.5, 0.5, 0.5, 0.5, 0.5, 0.5, 0.5, 0.5, 0.5, 0.5, 0.5, 0.5, 0.5, 0.5, 0.5, 0.5, 0.5, 0.5, 0.5, 0.5, 0.5, 0.5, 0.5, 0.5, 0.5, 0.5, 0.5, 0.5, 0.5, 0.5, 0.5, 0.5, 0.5, 0.5, 0.5, 0.5, 0.5, 0.5, 0.5, 0.5, 0.5, 0.5, 0.5, 0.5, 0.5, 0.5, 0.5, 0.5, 0.5, 0.5, 0.5, 0.5, 0.5, 0.5, 0.5, 0.5, 0.5, 0.5, 0.5, 0.5, 0.5, 0.5, 0.5, 0.5, 0.5, 0.5, 0.5, 0.5, 0.5, 0.5, 0.5, 0.5, 0.5, 0.5, 0.5, 0.5, 0.5, 0.5, 0.5, 0.5, 0.5, 0.5, 0.5, 0.5, 0.5, 0.5, 0.5, 0.5, 0.5, 0.5, 0.5, 0.5, 0.5, 0.5, 0.5, 0.5, 0.5, 0.5, 0.5, 0.5, 0.5, 0.5, 0.5, 0.5, 0.5, 0.5, 0.5, 0.5, 0.5, 0.5, 0.5, 0.5, 0.5, 0.5, 0.5, 0.5, 0.5, 0.5, 0.5, 0.5, 0.5, 0.5, 0.5, 0.5, 0.5, 0.5, 0.5, 0.5, 0.5, 0.5, 0.5, 0.5, 0.5, 0.5, 0.5, 0.5, 0.5, 0.5, 0.5, 0.5, 0.5, 0.5, 0.5, 0.5, 0.5, 0.5, 0.5, 0.5, 0.5, 0.5, 0.5, 0.5, 0.5, 0.5, 0.5, 0.5, 0.5, 0.5, 0.5, 0.5, 0.5, 0.5, 0.5, 0.5, 0.5, 0.5, 0.5, 0.5, 0.5, 0.5, 0.5, 0.5, 0.5, 0.5, 0.5, 0.5, 0.5, 0.5, 0.5, 0.5, 0.5, 0.5, 0.5, 0.5, 0.5, 0.5, 0.5, 0.5, 0.5, 0.5, 0.5, 0.5, 0.5, 0.5, 0.5, 0.5, 0.5, 0.5, 0.5, 0.5, 0.5, 0.5, 0.5, 0.5, 0.5, 0.5, 0.5, 0.5, 0.5, 0.5, 0.5, 0.5, 0.5, 0.5, 0.5, 0.5, 0.5, 0.5, 0.5, 0.5, 0.5, 0.5, 0.5, 0.5, 0.5, 0.5, 0.5, 0.5, 0.5, 0.5, 0.5, 0.5, 0.5, 0.5, 0.5, 0.5, 0.5, 0.5, 0.5, 0.5, 0.5, 0.5, 0.5, 0.5, 0.5, 0.5, 0.5, 0.5, 0.5, 0.5, 0.5, 0.5, 0.5, 0.5, 0.5, 0.5, 0.5, 0.5, 0.5, 0.5, 0.5, 0.5, 0.5, 0.5, 0.5, 0.5, 0.5, 0.5, 0.5, 0.5, 0.5, 0.5, 0.5, 0.5, 0.5, 0.5, 0.5, 0.5, 0.5, 0.5, 0.5, 0.5, 0.5, 0.5, 0.5, 0.5, 0.5, 0.5, 0.5, 0.5, 0.5, 0.5, 0.5, 0.5, 0.5, 0.5, 0.5, 0.5, 0.5, 0.5, 0.5, 0.5, 0.5, 0.5, 0.5, 0.5, 0.5, 0.5, 0.5, 0.5, 0.5, 0.5, 0.5, 0.5, 0.5, 0.5, 0.5, 0.5, 0.5, 0.5, 0.5, 0.5, 0.5, 0.5, 0.5, 0.5, 0.5, 0.5, 0.5, 0.5, 0.5, 0.5, 0.5, 0.5, 0.5, 0.5, 0.5, 0.5, 0.5, 0.5, 0.5, 0.5, 0.5, 0.5, 0.5, 0.5, 0.5, 0.5, 0.5, 0.5, 0.5, 0.5, 0.5, 0.5, 0.5, 0.5, 0.5, 0.5, 0.5, 0.5, 0.5, 0.5, 0.5, 0.5, 0.5, 0.5, 0.5, 0.5, 0.5, 0.5, 0.5, 0.5, 0.5, 0.5, 0.5, 0.5, 0.5, 0.5, 0.5, 0.5, 0.5, 0.5, 0.5, 0.5, 0.5, 0.5, 0.5, 0.5, 0.5, 0.5, 0.5, 0.5, 0.5, 0.5, 0.5, 0.5, 0.5, 0.5, 0.5, 0.5, 0.5, 0.5, 0.5, 0.5, 0.5, 0.5, 0.5, 0.5, 0.5, 0.5, 0.5, 0.5, 0.5, 0.5, 0.5, 0.5, 0.5, 0.5, 0.5, 0.5, 0.5, 0.5, 0.5, 0.5, 0.5, 0.5, 0.5, 0.5, 0.5, 0.5, 0.5, 0.5, 0.5, 0.5, 0.5, 0.5, 0.5, 0.5, 0.5, 0.5, 0.5, 0.5, 0.5, 0.5, 0.5, 0.5, 0.5, 0.5, 0.5, 0.5, 0.5, 0.5, 0.5, 0.5, 0.5, 0.5, 0.5, 0.5, 0.5, 0.5, 0.5, 0.5, 0.5, 0.5, 0.5, 0.5, 0.5, 0.5, 0.5, 0.5, 0.5, 0.5, 0.5, 0.5, 0.5, 0.5, 0.5, 0.5, 0.5, 0.5, 0.5, 0.5, 0.5, 0.5, 0.5, 0.5, 0.5, 0.5, 0.5, 0.5, 0.5, 0.5, 0.5, 0.5, 0.5, 0.5, 0.5, 0.5, 0.5, 0.5, 0.5, 0.5, 0.5, 0.5, 0.5, 0.5, 0.5, 0.5, 0.5, 0.5, 0.5, 0.5, 0.5, 0.5, 0.5, 0.5, 0.5, 0.5, 0.5, 0.5, 0.5, 0.5, 0.5, 0.5, 0.5, 0.5, 0.5, 0.5, 0.5, 0.5, 0.5, 0.5, 0.5, 0.5, 0.5, 0.5, 0.5, 0.5, 0.5, 0.5, 0.5, 0.5, 0.5, 0.5, 0.5, 0.5, 0.5, 0.5, 0.5, 0.5, 0.5, 0.5, 0.5, 0.5, 0.5, 0.5, 0.5, 0.5, 0.5, 0.5, 0.5, 0.5, 0.5, 0.5, 0.5, 0.5, 0.5, 0.5, 0.5, 0.5, 0.5, 0.5, 0.5, 0.5, 0.5, 0.5, 0.5, 0.5, 0.5, 0.5, 0.5, 0.5, 0.5, 0.5, 0.5, 0.5, 0.5, 0.5, 0.5, 0.5, 0.5, 0.5, 0.5, 0.5, 0.5, 0.5, 0.5, 0.5, 0.5, 0.5, 0.5, 0.5, 0.5, 0.5, 0.5, 0.5, 0.5, 0.5, 0.5, 0.5, 0.5, 0.5, 0.5, 0.5, 0.5, 0.5, 0.5, 0.5, 0.5, 0.5, 0.5, 0.5, 0.5, 0.5, 0.5, 0.5, 0.5, 0.5, 0.5, 0.5, 0.5, 0.5, 0.5, 0.5, 0.5, 0.5, 0.5, 0.5, 0.5, 0.5, 0.5, 0.5, 0.5, 0.5, 0.5, 0.5, 0.5, 0.5, 0.5, 0.5, 0.5, 0.5, 0.5, 0.5, 0.5, 0.5, 0.5, 0.5, 0.5, 0.5, 0.5, 0.5, 0.5, 0.5, 0.5, 0.5, 0.5, 0.5, 0.5, 0.5, 0.5, 0.5, 0.5, 0.5, 0.5, 0.5, 0.5, 0.5, 0.5, 0.5, 0.5, 0.5, 0.5, 0.5, 0.5, 0.5, 0.5, 0.5, 0.5, 0.5, 0.5, 0.5, 0.5, 0.5, 0.5, 0.5, 0.5, 0.5, 0.5, 0.5, 0.5, 0.5, 0.5, 0.5, 0.5, 0.5, 0.5, 0.5, 0.5, 0.5, 0.5, 0.5, 0.5, 0.5, 0.5, 0.5, 0.5, 0.5, 0.5, 0.5, 0.5, 0.5, 0.5, 0.5, 0.5, 0.5, 0.5, 0.5, 0.5, 0.5, 0.5, 0.5, 0.5, 0.5, 0.5, 0.5, 0.5, 0.5, 0.5, 0.5, 0.5, 0.5, 0.5, 0.5, 0.5, 0.5, 0.5, 0.5, 0.5, 0.5, 0.5, 0.5, 0.5, 0.5, 0.5, 0.5, 0.5, 0.5, 0.5, 0.5, 0.5, 0.5, 0.5, 0.5, 0.5, 0.5, 0.5, 0.5, 0.5, 0.5, 0.5, 0.5, 0.5, 0.5, 0.5, 0.5, 0.5, 0.5, 0.5, 0.5, 0.5, 0.5, 0.5, 0.5, 0.5, 0.5, 0.5, 0.5, 0.5, 0.5, 0.5, 0.5, 0.5, 0.5, 0.5, 0.5, 0.5, 0.5, 0.5, 0.5, 0.5, 0.5, 0.5, 0.5, 0.5, 0.5, 0.5, 0.5, 0.5, 0.5, 0.5, 0.5, 0.5, 0.5, 0.5, 0.5, 0.5, 0.5, 0.5, 0.5, 0.5, 0.5, 0.5, 0.5, 0.5, 0.5, 0.5, 0.5, 0.5, 0.5, 0.5, 0.5, 0.5, 0.5, 0.5, 0.5, 0.5, 0.5, 0.5, 0.5, 0.5, 0.5, 0.5, 0.5, 0.5, 0.5, 0.5, 0.5, 0.5, 0.5, 0.5, 0.5, 0.5, 0.5, 0.5, 0.5, 0.5, 0.5, 0.5, 0.5, 0.5, 0.5, 0.5, 0.5, 0.5, 0.5, 0.5, 0.5, 0.5, 0.5, 0.5, 0.5, 0.5, 0.5, 0.5, 0.5, 0.5, 0.5, 0.5, 0.5, 0.5, 0.5, 0.5, 0.5, 0.5, 0.5, 0.5, 0.5, 0.5, 0.5, 0.5, 0.5, 0.5, 0.5, 0.5, 0.5, 0.5, 0.5, 0.5, 0.5, 0.5, 0.5, 0.5, 0.5, 0.5, 0.5, 0.5, 0.5, 0.5, 0.5, 0.5, 0.5, 0.5, 0.5, 0.5, 0.5, 0.5, 0.5, 0.5, 0.5, 0.5, 0.5, 0.5, 0.5, 0.5, 0.5, 0.5, 0.5, 0.5, 0.5, 0.5, 0.5, 0.5, 0.5, 0.5, 0.5, 0.5, 0.5, 0.5, 0.5, 0.5, 0.5, 0.5, 0.5, 0.5, 0.5, 0.5, 0.5, 0.5, 0.5, 0.5, 0.5, 0.5, 0.5, 0.5, 0.5, 0.5, 0.5, 0.5, 0.5, 0.5, 0.5, 0.5, 0.5, 0.5, 0.5, 0.5, 0.5, 0.5, 0.5, 0.5, 0.5, 0.5, 0.5, 0.5, 0.5, 0.5, 0.5, 0.5, 0.5, 0.5, 0.5, 0.5, 0.5, 0.5, 0.5, 0.5, 0.5, 0.5, 0.5, 0.5, 0.5, 0.5, 0.5, 0.5, 0.5, 0.5, 0.5, 0.5, 0.5, 0.5, 0.5, 0.5, 0.5, 0.5, 0.5, 0.5, 0.5, 0.5, 0.5, 0.5, 0.5, 0.5, 0.5, 0.5, 0.5, 0.5, 0.5, 0.5, 0.5, 0.5, 0.5, 0.5, 0.5, 0.5, 0.5, 0.5, 0.5, 0.5, 0.5, 0.5, 0.5, 0.5, 0.5, 0.5, 0.5, 0.5, 0.5, 0.5, 0.5, 0.5, 0.5, 0.5, 0.5, 0.5, 0.5, 0.5, 0.5, 0.5, 0.5, 0.5, 0.5, 0.5, 0.5, 0.5, 0.5, 0.5, 0.5, 0.5, 0.5, 0.5, 0.5, 0.5, 0.5, 0.5, 0.5, 0.5, 0.5, 0.5, 0.5, 0.5, 0.5, 0.5, 0.5, 0.5, 0.5, 0.5, 0.5, 0.5, 0.5, 0.5, 0.5, 0.5, 0.5, 0.5, 0.5, 0.5, 0.5, 0.5, 0.5, 0.5, 0.5, 0.5, 0.5, 0.5, 0.5, 0.5, 0.5, 0.5, 0.5, 0.5, 0.5, 0.5, 0.5, 0.5, 0.5, 0.5, 0.5, 0.5, 0.5, 0.5, 0.5, 0.5, 0.5, 0.5, 0.5, 0.5, 0.5, 0.5, 0.5, 0.5, 0.5, 0.5, 0.5, 0.5, 0.5, 0.5, 0.5, 0.5, 0.5, 0.5, 0.5, 0.5, 0.5, 0.5, 0.5, 0.5, 0.5, 0.5, 0.5, 0.5, 0.5, 0.5, 0.5, 0.5, 0.5, 0.5, 0.5, 0.5, 0.5, 0.5, 0.5, 0.5, 0.5, 0.5, 0.5, 0.5, 0.5, 0.5, 0.5, 0.5, 0.5, 0.5, 0.5, 0.5, 0.5, 0.5, 0.5, 0.5, 0.5, 0.5, 0.5, 0.5, 0.5, 0.5, 0.5, 0.5, 0.5, 0.5, 0.5, 0.5, 0.5, 0.5, 0.5, 0.5, 0.5, 0.5, 0.5, 0.5, 0.5, 0.5, 0.5, 0.5, 0.5, 0.5, 0.5, 0.5, 0.5, 0.5, 0.5, 0.5, 0.5, 0.5, 0.5, 0.5, 0.5, 0.5, 0.5, 0.5, 0.5, 0.5, 0.5, 0.5, 0.5, 0.5, 0.5, 0.5, 0.5, 0.5, 0.5, 0.5, 0.5, 0.5, 0.5, 0.5, 0.5, 0.5, 0.5, 0.5, 0.5, 0.5, 0.5, 0.5, 0.5, 0.5, 0.5, 0.5, 0.5, 0.5, 0.5, 0.5, 0.5, 0.5, 0.5, 0.5, 0.5, 0.5, 0.5, 0.5, 0.5, 0.5, 0.5, 0.5, 0.5, 0.5, 0.5, 0.5, 0.5, 0.5, 0.5, 0.5, 0.5, 0.5, 0.5, 0.5, 0.5, 0.5, 0.5, 0.5, 0.5, 0.5, 0.5, 0.5, 0.5, 0.5, 0.5, 0.5, 0.5, 0.5, 0.5, 0.5, 0.5, 0.5, 0.5, 0.5, 0.5, 0.5, 0.5, 0.5, 0.5, 0.5, 0.5, 0.5, 0.5, 0.5, 0.5, 0.5, 0.5, 0.5, 0.5, 0.5, 0.5, 0.5, 0.5, 0.5, 0.5, 0.5, 0.5, 0.5, 0.5, 0.5, 0.5, 0.5, 0.5, 0.5, 0.5, 0.5, 0.5, 0.5, 0.5, 0.5, 0.5, 0.5, 0.5, 0.5, 0.5, 0.5, 0.5, 0.5, 0.5, 0.5, 0.5, 0.5, 0.5, 0.5, 0.5, 0.5, 0.5, 0.5, 0.5, 0.5, 0.5, 0.5, 0.5, 0.5, 0.5, 0.5, 0.5, 0.5, 0.5, 0.5, 0.5, 0.5, 0.5, 0.5, 0.5, 0.5, 0.5, 0.5, 0.5, 0.5, 0.5, 0.5, 0.5, 0.5, 0.5, 0.5, 0.5, 0.5, 0.5, 0.5, 0.5, 0.5, 0.5, 0.5, 0.5, 0.5, 0.5, 0.5, 0.5, 0.5, 0.5, 0.5, 0.5, 0.5, 0.5, 0.5, 0.5, 0.5, 0.5, 0.5, 0.5, 0.5, 0.5, 0.5, 0.5, 0.5, 0.5, 0.5, 0.5, 0.5, 0.5, 0.5, 0.5, 0.5, 0.5, 0.5, 0.5, 0.5, 0.5, 0.5, 0.5, 0.5, 0.5, 0.5, 0.5, 0.5, 0.5, 0.5, 0.5, 0.5, 0.5, 0.5, 0.5, 0.5, 0.5, 0.5, 0.5, 0.5, 0.5, 0.5, 0.5, 0.5, 0.5, 0.5, 0.5, 0.5, 0.5, 0.5, 0.5, 0.5, 0.5, 0.5, 0.5, 0.5, 0.5, 0.5, 0.5, 0.5, 0.5, 0.5, 0.5, 0.5, 0.5, 0.5, 0.5, 0.5, 0.5, 0.5, 0.5, 0.5, 0.5, 0.5, 0.5, 0.5, 0.5, 0.5, 0.5, 0.5, 0.5, 0.5, 0.5, 0.5, 0.5, 0.5, 0.5, 0.5, 0.5, 0.5, 0.5, 0.5, 0.5, 0.5, 0.5, 0.5, 0.5, 0.5, 0.5, 0.5, 0.5, 0.5, 0.5, 0.5, 0.5, 0.5, 0.5, 0.5, 0.5, 0.5, 0.5, 0.5, 0.5, 0.5, 0.5, 0.5, 0.5, 0.5, 0.5, 0.5, 0.5, 0.5, 0.5, 0.5, 0.5, 0.5, 0.5, 0.5, 0.5, 0.5, 0.5, 0.5, 0.5, 0.5, 0.5, 0.5, 0.5, 0.5, 0.5, 0.5, 0.5, 0.5, 0.5, 0.5, 0.5, 0.5, 0.5, 0.5, 0.5, 0.5, 0.5, 0.5, 0.5, 0.5, 0.5, 0.5, 0.5, 0.5, 0.5, 0.5, 0.5, 0.5, 0.5, 0.5, 0.5, 0.5, 0.5, 0.5, 0.5, 0.5, 0.5, 0.5, 0.5, 0.5, 0.5, 0.5, 0.5, 0.5, 0.5, 0.5, 0.5, 0.5, 0.5, 0.5, 0.5, 0.5, 0.5, 0.5, 0.5, 0.5, 0.5, 0.5, 0.5, 0.5, 0.5, 0.5, 0.5, 0.5, 0.5, 0.5, 0.5, 0.5, 0.5, 0.5, 0.5, 0.5, 0.5, 0.5, 0.5, 0.5, 0.5, 0.5, 0.5, 0.5, 0.5, 0.5, 0.5, 0.5, 0.5, 0.5, 0.5, 0.5, 0.5, 0.5, 0.5, 0.5, 0.5, 0.5, 0.5, 0.5, 0.5, 0.5, 0.5, 0.5, 0.5, 0.5, 0.5, 0.5, 0.5, 0.5, 0.5, 0.5, 0.5, 0.5, 0.5, 0.5, 0.5, 0.5, 0.5, 0.5, 0.5, 0.5, 0.5, 0.5, 0.5, 0.5, 0.5, 0.5, 0.5, 0.5, 0.5, 0.5, 0.5, 0.5, 0.5, 0.5, 0.5, 0.5, 0.5, 0.5, 0.5, 0.5, 0.5, 0.5, 0.5, 0.5, 0.5, 0.5, 0.5, 0.5, 0.5, 0.5, 0.5, 0.5, 0.5, 0.5, 0.5, 0.5, 0.5, 0.5, 0.5, 0.5, 0.5, 0.5, 0.5, 0.5, 0.5, 0.5, 0.5, 0.5, 0.5, 0.5, 0.5, 0.5, 0.5, 0.5, 0.5, 0.5, 0.5, 0.5, 0.5, 0.5, 0.5, 0.5, 0.5, 0.5, 0.5, 0.5, 0.5, 0.5, 0.5, 0.5, 0.5, 0.5, 0.5, 0.5, 0.5, 0.5, 0.5, 0.5, 0.5, 0.5, 0.5, 0.5, 0.5, 0.5, 0.5, 0.5, 0.5, 0.5, 0.5, 0.5, 0.5, 0.5, 0.5, 0.5, 0.5, 0.5, 0.5, 0.5, 0.5, 0.5, 0.5, 0.5, 0.5, 0.5, 0.5, 0.5, 0.5, 0.5, 0.5, 0.5, 0.5, 0.5, 0.5, 0.5, 0.5, 0.5, 0.5, 0.5, 0.5, 0.5, 0.5, 0.5, 0.5, 0.5, 0.5, 0.5, 0.5, 0.5, 0.5, 0.5, 0.5, 0.5, 0.5, 0.5, 0.5, 0.5, 0.5, 0.5, 0.5, 0.5, 0.5, 0.5, 0.5, 0.5, 0.5, 0.5, 0.5, 0.5, 0.5, 0.5, 0.5, 0.5, 0.5, 0.5, 0.5, 0.5, 0.5, 0.5, 0.5, 0.5, 0.5, 0.5, 0.5, 0.5, 0.5, 0.5, 0.5, 0.5, 0.5, 0.5, 0.5, 0.5, 0.5, 0.5, 0.5, 0.5, 0.5, 0.5, 0.5, 0.5, 0.5, 0.5, 0.5, 0.5, 0.5, 0.5, 0.5, 0.5, 0.5, 0.5, 0.5, 0.5, 0.5, 0.5, 0.5, 0.5, 0.5, 0.5, 0.5, 0.5, 0.5, 0.5, 0.5, 0.5, 0.5, 0.5, 0.5, 0.5, 0.5, 0.5, 0.5, 0.5, 0.5, 0.5, 0.5, 0.5, 0.5, 0.5, 0.5, 0.5, 0.5, 0.5, 0.5, 0.5, 0.5, 0.5, 0.5, 0.5, 0.5, 0.5, 0.5, 0.5, 0.5, 0.5, 0.5, 0.5, 0.5, 0.5, 0.5, 0.5, 0.5, 0.5, 0.5, 0.5, 0.5, 0.5, 0.5, 0.5, 0.5, 0.5, 0.5, 0.5, 0.5, 0.5, 0.5, 0.5, 0.5, 0.5, 0.5, 0.5, 0.5, 0.5, 0.5, 0.5, 0.5, 0.5, 0.5, 0.5, 0.5, 0.5, 0.5, 0.5, 0.5, 0.5, 0.5, 0.5, 0.5, 0.5, 0.5, 0.5, 0.5, 0.5, 0.5, 0.5, 0.5, 0.5, 0.5, 0.5, 0.5, 0.5, 0.5, 0.5, 0.5, 0.5, 0.5, 0.5, 0.5, 0.5, 0.5, 0.5, 0.5, 0.5, 0.5, 0.5, 0.5, 0.5, 0.5, 0.5, 0.5, 0.5, 0.5, 0.5, 0.5, 0.5, 0.5, 0.5, 0.5, 0.5, 0.5, 0.5, 0.5, 0.5, 0.5, 0.5, 0.5, 0.5, 0.5, 0.5, 0.5, 0.5, 0.5, 0.5, 0.5, 0.5, 0.5, 0.5, 0.5, 0.5, 0.5, 0.5, 0.5, 0.5, 0.5, 0.5, 0.5, 0.5, 0.5, 0.5, 0.5, 0.5, 0.5, 0.5, 0.5, 0.5, 0.5, 0.5, 0.5, 0.5, 0.5, 0.5, 0.5, 0.5, 0.5, 0.5, 0.5, 0.5, 0.5, 0.5, 0.5, 0.5, 0.5, 0.5, 0.5, 0.5, 0.5, 0.5, 0.5, 0.5, 0.5, 0.5, 0.5, 0.5, 0.5, 0.5, 0.5, 0.5, 0.5, 0.5, 0.5, 0.5, 0.5, 0.5, 0.5, 0.5, 0.5, 0.5, 0.5, 0.5, 0.5, 0.5, 0.5, 0.5, 0.5, 0.5, 0.5, 0.5, 0.5, 0.5, 0.5, 0.5, 0.5, 0.5, 0.5, 0.5, 0.5, 0.5, 0.5, 0.5, 0.5, 0.5, 0.5, 0.5, 0.5, 0.5, 0.5, 0.5, 0.5, 0.5, 0.5, 0.5, 0.5, 0.5, 0.5, 0.5, 0.5, 0.5, 0.5, 0.5, 0.5, 0.5, 0.5, 0.5, 0.5, 0.5, 0.5, 0.5, 0.5, 0.5, 0.5, 0.5, 0.5, 0.5, 0.5]",0
2026_11_KICE_22-26_1,['1(3)'],"계획:
- (가)와 (나)의 내용 전개와 분위기를 파악하고, 보기의 문장들이 어느 정도 지문과 일치하는지 비교합니다.
- 각 선택지가 (가)나 (나)의 핵심 메시지와 어울리는지 확인한 뒤, 어울리지 않는 하나를 고릅니다.
- 근거는 지문 속 해당 구절들을 직접 인용하여 제시합니다.

1번: 1은 부적절하다 + ""(지문 속 근거가 된 문장)"" ""사방을 둘러보아도 등불 하나 켜 든 이 보이지 않고"" ""발자국 소리 들리지 않는다""

2번: 2는 적절하다 + ""(지문 속 근거가 된 문장)"" ""두고 온 것들이 빛나는 때가 있다"" ""우리가 뿌린 소금들 반짝반짝 별빛이 되어 오던 길 환히 비춰 주고 있으니""

3번: 3은 적절하다 + ""(지문 속 근거가 된 문장)"" ""감나무 잎새를 반짝이는 게 어찌 햇살뿐이랴."" ""감나무 그늘에 평상을 놓고""

4번: 4는 적절하다 + ""(지문 속 근거가 된 문장)"" ""하늘 올려보아도 함께 어둠 지새던 별 하나 눈뜨지 않는다"" ""그래 그래, 밤이면 잠 뒤척여 산이 우는 소리도 들어 보고 새벽에는 퍼뜩 깨어나 계곡 물소리도 들어 보게.""

5번: 5는 적절하다 + ""(지문 속 근거가 된 문장)"" ""두고 온 것들이 빛나는 때가 있다"" ""오던 길 환히 비춰 주고 있으니""

최종 정답: 1","[166, 111, 226, 169, 248, 235, 25, 198, 12, 357, 166, 108, 222, 8, 168, 247, 222, 357, 167, 224, 246, 8, 35975, 246, 31619, 224, 112, 168, 248, 102, 23821, 254, 226, 166, 108, 250, 168, 247, 222, 31619, 114, 226, 168, 250, 226, 166, 116, 108, 167, 98, 120, 220, 169, 234, 234, 168, 243, 227, 47991, 246, 166, 111, 254, 11, 31619, 111, 112, 166, 116, 108, 35975, 246, 31619, 105, 116, 168, 252, 98, 167, 241, 97, 35975, 112, 23821, 244, 112, 167, 232, 238, 23821, 254, 243, 167, 237, 226, 23821, 100, 222, 167, 105, 116, 166, 111, 120, 23821, 251, 120, 168, 117, 246, 47991, 246, 167, 232, 242, 168, 100, 222, 31619, 117, 226, 166, 113, 238, 47991, 102, 46695, 230, 46695, 97, 13, 198, 12, 220, 166, 108, 223, 23821, 226, 254, 169, 225, 251, 168, 100, 222, 166, 108, 222, 357, 166, 108, 222, 8, 167, 224, 246, 357, 167, 224, 246, 8, 35975, 246, 220, 47991, 113, 168, 233, 105, 31619, 102, 242, 168, 233, 250, 168, 100, 222, 168, 247, 222, 23821, 244, 112, 168, 248, 116, 167, 99, 105, 167, 232, 242, 168, 100, 222, 220, 169, 247, 243, 35975, 116, 47991, 250, 31619, 240, 97, 11, 23821, 244, 112, 168, 248, 116, 167, 99, 105, 168, 100, 222, 23821, 243, 232, 167, 232, 242, 220, 47991, 246, 167, 224, 246, 167, 98, 120, 220, 166, 111, 254, 167, 99, 227, 46695, 230, 46695, 97, 13, 198, 12, 220, 166, 115, 120, 166, 109, 108, 167, 232, 242, 23821, 100, 222, 167, 105, 116, 23821, 228, 235, 220, 47991, 112, 46695, 117, 220, 166, 113, 105, 168, 254, 230, 167, 241, 97, 35975, 226, 23821, 100, 223, 168, 254, 239, 23821, 251, 116, 168, 248, 102, 47991, 246, 168, 245, 105, 23821, 254, 250, 168, 233, 250, 47991, 102, 46695, 230, 46695, 97, 13, 198, 198, 16, 167, 110, 230, 25, 352, 35975, 222, 31619, 114, 222, 168, 254, 223, 168, 254, 230, 47991, 246, 46695, 97, 1343, 30629, 168, 100, 222, 167, 105, 116, 23821, 228, 235, 220, 166, 115, 120, 166, 109, 108, 166, 108, 222, 31619, 238, 250, 31619, 105, 116, 168, 252, 98, 16725, 366, 168, 8955, 167, 108, 102, 35975, 226, 31619, 239, 246, 167, 253, 105, 167, 111, 112, 168, 243, 226, 167, 237, 226, 31619, 241, 109, 167, 114, 230, 220, 47991, 246, 167, 224, 246, 23821, 120, 250, 31619, 241, 254, 23821, 251, 112, 31619, 111, 112, 35975, 112, 168, 100, 222, 23821, 243, 232, 166, 111, 254, 1, 366, 167, 108, 250, 168, 252, 238, 166, 113, 255, 23821, 228, 234, 167, 99, 105, 31619, 241, 97, 167, 99, 105, 168, 100, 222, 23821, 243, 232, 167, 232, 242, 46695, 97, 1, 198, 198, 17, 167, 110, 230, 25, 362, 167, 232, 242, 23821, 254, 223, 168, 254, 230, 47991, 246, 46695, 97, 1343, 30629, 168, 100, 222, 167, 105, 116, 23821, 228, 235, 220, 166, 115, 120, 166, 109, 108, 166, 108, 222, 31619, 238, 250, 31619, 105, 116, 168, 252, 98, 16725, 366, 167, 239, 238, 166, 111, 254, 23821, 246, 101, 220, 166, 110, 225, 167, 241, 97, 35975, 112, 31619, 117, 249, 167, 224, 246, 167, 232, 242, 31619, 243, 234, 166, 108, 222, 23821, 252, 230, 46695, 97, 1, 366, 168, 248, 108, 167, 99, 105, 166, 108, 222, 31619, 123, 234, 167, 99, 108, 23821, 228, 234, 166, 116, 230, 167, 241, 97, 31619, 108, 246, 168, 100, 251, 167, 108, 246, 168, 100, 251, 31619, 111, 226, 167, 117, 249, 35975, 112, 31619, 238, 246, 168, 244, 112, 23821, 246, 97, 167, 235, 246, 220, 166, 116, 116, 220, 169, 247, 246, 169, 252, 230, 31619, 117, 226, 168, 114, 108, 23821, 96, 120, 166, 111, 254, 23821, 252, 230, 168, 250, 120, 46695, 230, 1, 198, 198, 18, 167, 110, 230, 25, 513, 35975, 222, 23821, 254, 223, 168, 254, 230, 47991, 246, 46695, 97, 1343, 30629, 168, 100, 222, 167, 105, 116, 23821, 228, 235, 220, 166, 115, 120, 166, 109, 108, 166, 108, 222, 31619, 238, 250, 31619, 105, 116, 168, 252, 98, 16725, 366, 166, 108, 238, 167, 224, 246, 167, 105, 112, 23821, 252, 236, 168, 225, 230, 167, 98, 120, 31619, 108, 246, 168, 100, 251, 35975, 112, 167, 232, 242, 220, 166, 110, 234, 23821, 244, 112, 168, 108, 234, 220, 169, 244, 229, 168, 224, 112, 167, 123, 238, 35975, 112, 167, 252, 112, 526, 366, 166, 108, 238, 167, 224, 246, 167, 105, 112, 220, 166, 115, 116, 167, 232, 246, 168, 245, 238, 220, 169, 237, 231, 168, 225, 223, 35975, 226, 31619, 228, 241, 166, 111, 254, 1, 198, 198, 19, 167, 110, 230, 25, 604, 167, 232, 242, 23821, 254, 223, 168, 254, 230, 47991, 246, 46695, 97, 1343, 30629, 168, 100, 222, 167, 105, 116, 23821, 228, 235, 220, 166, 115, 120, 166, 109, 108, 166, 108, 222, 31619, 238, 250, 31619, 105, 116, 168, 252, 98, 16725, 366, 47991, 246, 167, 232, 246, 23821, 246, 105, 167, 254, 97, 167, 111, 112, 168, 243, 226, 167, 237, 226, 220, 47991, 101, 166, 119, 246, 23821, 244, 112, 167, 239, 254, 23821, 100, 222, 168, 225, 230, 167, 235, 246, 31619, 111, 226, 220, 47991, 246, 167, 224, 246, 31619, 230, 230, 167, 250, 101, 168, 100, 222, 23821, 243, 232, 167, 232, 242, 46695, 97, 1, 366, 166, 115, 116, 167, 252, 246, 220, 166, 115, 116, 167, 252, 246, 11, 31619, 108, 97, 35975, 112, 167, 102, 112, 23821, 252, 254, 31619, 240, 97, 168, 110, 247, 168, 245, 105, 23821, 224, 108, 35975, 112, 23821, 248, 108, 167, 232, 242, 23821, 228, 234, 167, 99, 105, 167, 237, 226, 31619, 241, 97, 168, 244, 112, 31619, 111, 112, 166, 111, 254, 23821, 225, 230, 167, 110, 121, 168, 245, 238, 167, 232, 242, 220, 169, 235, 120, 167, 250, 102, 220, 166, 117, 101, 168, 244, 112, 167, 224, 246, 220, 166, 111, 226, 166, 111, 94, 31619, 45539, 168, 228, 234, 167, 99, 105, 167, 237, 226, 31619, 241, 97, 168, 244, 112, 31619, 111, 112, 166, 110, 234, 526, 198, 198, 20, 167, 110, 230, 25, 642, 167, 232, 242, 23821, 254, 223, 168, 254, 230, 47991, 246, 46695, 97, 1343, 30629, 168, 100, 222, 167, 105, 116, 23821, 228, 235, 220, 166, 115, 120, 166, 109, 108, 166, 108, 222, 31619, 238, 250, 31619, 105, 116, 168, 252, 98, 16725, 366, 167, 239, 238, 166, 111, 254, 23821, 246, 101, 220, 166, 110, 225, 167, 241, 97, 35975, 112, 31619, 117, 249, 167, 224, 246, 167, 232, 242, 31619, 243, 234, 166, 108, 222, 23821, 252, 230, 46695, 97, 1, 366, 168, 246, 97, 167, 235, 246, 220, 166, 116, 116, 220, 169, 247, 246, 169, 252, 230, 31619, 117, 226, 168, 114, 108, 23821, 96, 120, 166, 111, 254, 23821, 252, 230, 168, 250, 120, 46695, 230, 1, 198, 198, 168, 113, 250, 168, 95, 227, 23821, 254, 243, 46695, 113, 25, 352]","[0.5, 0.5, 0.5, 0.5, 0.5, 0.5, 0.5, 0.5, 0.5, 0.5, 0.5, 0.5, 0.5, 0.5, 0.5, 0.5, 0.5, 0.5, 0.5, 0.5, 0.5, 0.5, 0.5, 0.5, 0.5, 0.5, 0.5, 0.5, 0.5, 0.5, 0.5, 0.5, 0.5, 0.5, 0.5, 0.5, 0.5, 0.5, 0.5, 0.5, 0.5, 0.5, 0.5, 0.5, 0.5, 0.5, 0.5, 0.5, 0.5, 0.5, 0.5, 0.5, 0.5, 0.5, 0.5, 0.5, 0.5, 0.5, 0.5, 0.5, 0.5, 0.5, 0.5, 0.5, 0.5, 0.5, 0.5, 0.5, 0.5, 0.5, 0.5, 0.5, 0.5, 0.5, 0.5, 0.5, 0.5, 0.5, 0.5, 0.5, 0.5, 0.5, 0.5, 0.5, 0.5, 0.5, 0.5, 0.5, 0.5, 0.5, 0.5, 0.5, 0.5, 0.5, 0.5, 0.5, 0.5, 0.5, 0.5, 0.5, 0.5, 0.5, 0.5, 0.5, 0.5, 0.5, 0.5, 0.5, 0.5, 0.5, 0.5, 0.5, 0.5, 0.5, 0.5, 0.5, 0.5, 0.5, 0.5, 0.5, 0.5, 0.5, 0.5, 0.5, 0.5, 0.5, 0.5, 0.5, 0.5, 0.5, 0.5, 0.5, 0.5, 0.5, 0.5, 0.5, 0.5, 0.5, 0.5, 0.5, 0.5, 0.5, 0.5, 0.5, 0.5, 0.5, 0.5, 0.5, 0.5, 0.5, 0.5, 0.5, 0.5, 0.5, 0.5, 0.5, 0.5, 0.5, 0.5, 0.5, 0.5, 0.5, 0.5, 0.5, 0.5, 0.5, 0.5, 0.5, 0.5, 0.5, 0.5, 0.5, 0.5, 0.5, 0.5, 0.5, 0.5, 0.5, 0.5, 0.5, 0.5, 0.5, 0.5, 0.5, 0.5, 0.5, 0.5, 0.5, 0.5, 0.5, 0.5, 0.5, 0.5, 0.5, 0.5, 0.5, 0.5, 0.5, 0.5, 0.5, 0.5, 0.5, 0.5, 0.5, 0.5, 0.5, 0.5, 0.5, 0.5, 0.5, 0.5, 0.5, 0.5, 0.5, 0.5, 0.5, 0.5, 0.5, 0.5, 0.5, 0.5, 0.5, 0.5, 0.5, 0.5, 0.5, 0.5, 0.5, 0.5, 0.5, 0.5, 0.5, 0.5, 0.5, 0.5, 0.5, 0.5, 0.5, 0.5, 0.5, 0.5, 0.5, 0.5, 0.5, 0.5, 0.5, 0.5, 0.5, 0.5, 0.5, 0.5, 0.5, 0.5, 0.5, 0.5, 0.5, 0.5, 0.5, 0.5, 0.5, 0.5, 0.5, 0.5, 0.5, 0.5, 0.5, 0.5, 0.5, 0.5, 0.5, 0.5, 0.5, 0.5, 0.5, 0.5, 0.5, 0.5, 0.5, 0.5, 0.5, 0.5, 0.5, 0.5, 0.5, 0.5, 0.5, 0.5, 0.5, 0.5, 0.5, 0.5, 0.5, 0.5, 0.5, 0.5, 0.5, 0.5, 0.5, 0.5, 0.5, 0.5, 0.5, 0.5, 0.5, 0.5, 0.5, 0.5, 0.5, 0.5, 0.5, 0.5, 0.5, 0.5, 0.5, 0.5, 0.5, 0.5, 0.5, 0.5, 0.5, 0.5, 0.5, 0.5, 0.5, 0.5, 0.5, 0.5, 0.5, 0.5, 0.5, 0.5, 0.5, 0.5, 0.5, 0.5, 0.5, 0.5, 0.5, 0.5, 0.5, 0.5, 0.5, 0.5, 0.5, 0.5, 0.5, 0.5, 0.5, 0.5, 0.5, 0.5, 0.5, 0.5, 0.5, 0.5, 0.5, 0.5, 0.5, 0.5, 0.5, 0.5, 0.5, 0.5, 0.5, 0.5, 0.5, 0.5, 0.5, 0.5, 0.5, 0.5, 0.5, 0.5, 0.5, 0.5, 0.5, 0.5, 0.5, 0.5, 0.5, 0.5, 0.5, 0.5, 0.5, 0.5, 0.5, 0.5, 0.5, 0.5, 0.5, 0.5, 0.5, 0.5, 0.5, 0.5, 0.5, 0.5, 0.5, 0.5, 0.5, 0.5, 0.5, 0.5, 0.5, 0.5, 0.5, 0.5, 0.5, 0.5, 0.5, 0.5, 0.5, 0.5, 0.5, 0.5, 0.5, 0.5, 0.5, 0.5, 0.5, 0.5, 0.5, 0.5, 0.5, 0.5, 0.5, 0.5, 0.5, 0.5, 0.5, 0.5, 0.5, 0.5, 0.5, 0.5, 0.5, 0.5, 0.5, 0.5, 0.5, 0.5, 0.5, 0.5, 0.5, 0.5, 0.5, 0.5, 0.5, 0.5, 0.5, 0.5, 0.5, 0.5, 0.5, 0.5, 0.5, 0.5, 0.5, 0.5, 0.5, 0.5, 0.5, 0.5, 0.5, 0.5, 0.5, 0.5, 0.5, 0.5, 0.5, 0.5, 0.5, 0.5, 0.5, 0.5, 0.5, 0.5, 0.5, 0.5, 0.5, 0.5, 0.5, 0.5, 0.5, 0.5, 0.5, 0.5, 0.5, 0.5, 0.5, 0.5, 0.5, 0.5, 0.5, 0.5, 0.5, 0.5, 0.5, 0.5, 0.5, 0.5, 0.5, 0.5, 0.5, 0.5, 0.5, 0.5, 0.5, 0.5, 0.5, 0.5, 0.5, 0.5, 0.5, 0.5, 0.5, 0.5, 0.5, 0.5, 0.5, 0.5, 0.5, 0.5, 0.5, 0.5, 0.5, 0.5, 0.5, 0.5, 0.5, 0.5, 0.5, 0.5, 0.5, 0.5, 0.5, 0.5, 0.5, 0.5, 0.5, 0.5, 0.5, 0.5, 0.5, 0.5, 0.5, 0.5, 0.5, 0.5, 0.5, 0.5, 0.5, 0.5, 0.5, 0.5, 0.5, 0.5, 0.5, 0.5, 0.5, 0.5, 0.5, 0.5, 0.5, 0.5, 0.5, 0.5, 0.5, 0.5, 0.5, 0.5, 0.5, 0.5, 0.5, 0.5, 0.5, 0.5, 0.5, 0.5, 0.5, 0.5, 0.5, 0.5, 0.5, 0.5, 0.5, 0.5, 0.5, 0.5, 0.5, 0.5, 0.5, 0.5, 0.5, 0.5, 0.5, 0.5, 0.5, 0.5, 0.5, 0.5, 0.5, 0.5, 0.5, 0.5, 0.5, 0.5, 0.5, 0.5, 0.5, 0.5, 0.5, 0.5, 0.5, 0.5, 0.5, 0.5, 0.5, 0.5, 0.5, 0.5, 0.5, 0.5, 0.5, 0.5, 0.5, 0.5, 0.5, 0.5, 0.5, 0.5, 0.5, 0.5, 0.5, 0.5, 0.5, 0.5, 0.5, 0.5, 0.5, 0.5, 0.5, 0.5, 0.5, 0.5, 0.5, 0.5, 0.5, 0.5, 0.5, 0.5, 0.5, 0.5, 0.5, 0.5, 0.5, 0.5, 0.5, 0.5, 0.5, 0.5, 0.5, 0.5, 0.5, 0.5, 0.5, 0.5, 0.5, 0.5, 0.5, 0.5, 0.5, 0.5, 0.5, 0.5, 0.5, 0.5, 0.5, 0.5, 0.5, 0.5, 0.5, 0.5, 0.5, 0.5, 0.5, 0.5, 0.5, 0.5, 0.5, 0.5, 0.5, 0.5, 0.5, 0.5, 0.5, 0.5, 0.5, 0.5, 0.5, 0.5, 0.5, 0.5, 0.5, 0.5, 0.5, 0.5, 0.5, 0.5, 0.5, 0.5, 0.5, 0.5, 0.5, 0.5, 0.5, 0.5, 0.5, 0.5, 0.5, 0.5, 0.5, 0.5, 0.5, 0.5, 0.5, 0.5, 0.5, 0.5, 0.5, 0.5, 0.5, 0.5, 0.5, 0.5, 0.5, 0.5, 0.5, 0.5, 0.5, 0.5, 0.5, 0.5, 0.5, 0.5, 0.5, 0.5, 0.5, 0.5, 0.5, 0.5, 0.5, 0.5, 0.5, 0.5, 0.5, 0.5, 0.5, 0.5, 0.5, 0.5, 0.5, 0.5, 0.5, 0.5, 0.5, 0.5, 0.5, 0.5, 0.5, 0.5, 0.5, 0.5, 0.5, 0.5, 0.5, 0.5, 0.5, 0.5, 0.5, 0.5, 0.5, 0.5, 0.5, 0.5, 0.5, 0.5, 0.5, 0.5, 0.5, 0.5, 0.5, 0.5, 0.5, 0.5, 0.5, 0.5, 0.5, 0.5, 0.5, 0.5, 0.5, 0.5, 0.5, 0.5, 0.5, 0.5, 0.5, 0.5, 0.5, 0.5, 0.5, 0.5, 0.5, 0.5, 0.5, 0.5, 0.5, 0.5, 0.5, 0.5, 0.5, 0.5, 0.5, 0.5, 0.5, 0.5, 0.5, 0.5, 0.5, 0.5, 0.5, 0.5, 0.5, 0.5, 0.5, 0.5, 0.5, 0.5, 0.5, 0.5, 0.5, 0.5, 0.5, 0.5, 0.5, 0.5, 0.5, 0.5, 0.5, 0.5, 0.5, 0.5, 0.5, 0.5, 0.5, 0.5, 0.5, 0.5, 0.5, 0.5, 0.5, 0.5, 0.5, 0.5, 0.5, 0.5, 0.5, 0.5, 0.5, 0.5, 0.5, 0.5, 0.5, 0.5, 0.5, 0.5, 0.5, 0.5, 0.5, 0.5, 0.5, 0.5, 0.5, 0.5, 0.5, 0.5, 0.5, 0.5, 0.5, 0.5, 0.5, 0.5, 0.5, 0.5, 0.5, 0.5, 0.5, 0.5, 0.5, 0.5, 0.5, 0.5, 0.5, 0.5, 0.5, 0.5, 0.5, 0.5, 0.5, 0.5, 0.5, 0.5, 0.5, 0.5, 0.5, 0.5, 0.5, 0.5, 0.5, 0.5, 0.5, 0.5, 0.5, 0.5, 0.5, 0.5, 0.5, 0.5, 0.5, 0.5, 0.5, 0.5, 0.5, 0.5, 0.5, 0.5, 0.5, 0.5, 0.5, 0.5, 0.5, 0.5, 0.5, 0.5, 0.5, 0.5, 0.5, 0.5, 0.5, 0.5, 0.5, 0.5, 0.5, 0.5, 0.5, 0.5, 0.5, 0.5, 0.5, 0.5, 0.5, 0.5, 0.5, 0.5, 0.5, 0.5, 0.5, 0.5, 0.5, 0.5, 0.5, 0.5, 0.5, 0.5, 0.5, 0.5, 0.5, 0.5, 0.5, 0.5, 0.5, 0.5, 0.5, 0.5, 0.5, 0.5, 0.5, 0.5, 0.5, 0.5, 0.5, 0.5, 0.5, 0.5, 0.5, 0.5, 0.5, 0.5, 0.5, 0.5, 0.5, 0.5, 0.5, 0.5, 0.5, 0.5, 0.5, 0.5, 0.5, 0.5, 0.5, 0.5, 0.5, 0.5, 0.5, 0.5, 0.5, 0.5, 0.5, 0.5, 0.5, 0.5, 0.5, 0.5, 0.5, 0.5, 0.5, 0.5, 0.5, 0.5, 0.5, 0.5, 0.5, 0.5, 0.5, 0.5, 0.5, 0.5, 0.5, 0.5, 0.5, 0.5, 0.5, 0.5, 0.5, 0.5, 0.5, 0.5, 0.5, 0.5, 0.5, 0.5, 0.5, 0.5, 0.5, 0.5, 0.5, 0.5, 0.5, 0.5, 0.5, 0.5, 0.5, 0.5, 0.5, 0.5, 0.5, 0.5, 0.5, 0.5, 0.5, 0.5, 0.5, 0.5, 0.5, 0.5, 0.5, 0.5, 0.5, 0.5, 0.5, 0.5, 0.5, 0.5, 0.5, 0.5, 0.5, 0.5, 0.5, 0.5, 0.5, 0.5, 0.5, 0.5, 0.5, 0.5, 0.5, 0.5, 0.5, 0.5, 0.5, 0.5, 0.5, 0.5, 0.5, 0.5, 0.5, 0.5, 0.5, 0.5, 0.5, 0.5, 0.5, 0.5, 0.5, 0.5, 0.5, 0.5, 0.5, 0.5, 0.5, 0.5, 0.5, 0.5, 0.5, 0.5, 0.5, 0.5, 0.5, 0.5, 0.5, 0.5, 0.5, 0.5, 0.5, 0.5, 0.5, 0.5, 0.5, 0.5, 0.5, 0.5, 0.5, 0.5, 0.5, 0.5, 0.5, 0.5, 0.5, 0.5, 0.5, 0.5, 0.5, 0.5, 0.5, 0.5, 0.5, 0.5, 0.5, 0.5, 0.5, 0.5, 0.5, 0.5, 0.5, 0.5, 0.5, 0.5, 0.5, 0.5, 0.5, 0.5, 0.5, 0.5, 0.5, 0.5, 0.5, 0.5, 0.5, 0.5]",3
2026_11_KICE_22-26_2,['4(2)'],"1번: 적절하다 + ""(지문 속 근거가 된 문장) 잊혀진 ㉠[한 목소리] 잊혀진 다른 목소리의 끝을 찾아 목메이게 부르짖다 잦아드는 때가 있다; 잦아드는 ㉡[외마디 소리]를 찾아 칼날 세우고 우리는 이 새벽길 숨가쁘게 넘고 있는가""

2번: 적절하지 않다 + ""(지문 속 근거가 된 문장) ① 쓸모없는 소리와 쓸모 있는 소리가 있다. ② 재채기 소리와 코 고는 소리는 사람의 소리 가운데 쓸모없는 것이고, 탄식하고 담소하는 소리는 사람의 소리 가운데 쓸모 있는 것이다. ③ 또한 좋은 소리의 성질에 대해 설명하고 있다."" 
근거: ""쓸모없는 소리""와 ""쓸모 있는 소리""의 구분, ""재채기 소리와 코 고는 소리는 [...] 쓸모없는 것이고, 탄식하고 담소하는 소리는 [...] 쓸모 있는 것이다."" 그리고 ""좋은 소리""의 정의가 제시된다.

3번: 적절하다 + ""(지문 속 근거가 된 문장) 잊혀진 목소리가 살아나는 때가 있다; 잦아드는 때가 있다."" 및 ""입에서 나와 글로 쓰이지 못하면 흩어지는 소리가 되고, 입에서 나와 글로 쓰이면 실상이 있는 소리가 된다."" 
근거: 가(잊혀진 목소리 관련 구절) 및 다(흩어지는 소리에 대한 설명)에서 잦아드는 현상과 흩어지는 소리의 개념이 제시된다.

4번: 적절하다 + ""(지문 속 근거가 된 문장) 잊혀진 ㉠[한 목소리]은 살아날 수 있다고 화자가 말하며, ㉣은 바른 것 같으면서 삿된 것도 있고, 혹 삿된 것 같으면서 바른 것도 있다."" 
근거: 가의 잊혀진 목소리의 부활 의지와 다의 ㉣(좋은 소리)의 특성 설명.

5번: 적절하다 + ""(지문 속 근거가 된 문장) ㉡을 찾기 위해 칼날 세우고; 탄식하고 담소하는 소리는 쓸모 있는 소리이다."" 
근거: 가의 ㉡ 강조 및 다의 ""탄식하고 담소하는 소리는 사람의 소리 가운데 쓸모 있는 것이다"" 부분.

최종 정답: 2번","[16, 167, 110, 230, 25, 23821, 254, 223, 168, 254, 230, 47991, 246, 46695, 97, 1343, 30629, 168, 100, 222, 167, 105, 116, 23821, 228, 235, 220, 166, 115, 120, 166, 109, 108, 166, 108, 222, 31619, 238, 250, 31619, 105, 116, 168, 252, 98, 8, 23821, 252, 232, 169, 246, 222, 168, 100, 226, 220, 159, 231, 254, 58, 47991, 250, 31619, 103, 102, 168, 228, 234, 167, 99, 105, 60, 23821, 252, 232, 169, 246, 222, 168, 100, 226, 31619, 233, 97, 167, 98, 116, 31619, 103, 102, 168, 228, 234, 167, 99, 105, 35975, 246, 31619, 223, 251, 35975, 226, 23821, 108, 122, 168, 243, 226, 31619, 103, 102, 167, 102, 242, 35975, 112, 166, 110, 234, 31619, 114, 222, 167, 98, 112, 168, 100, 244, 46695, 97, 23821, 252, 99, 168, 243, 226, 167, 241, 250, 167, 232, 242, 31619, 243, 234, 166, 108, 222, 23821, 252, 230, 46695, 97, 26, 23821, 252, 99, 168, 243, 226, 167, 241, 250, 167, 232, 242, 220, 159, 231, 94, 58, 168, 247, 116, 167, 100, 230, 167, 242, 242, 23821, 228, 234, 167, 99, 105, 60, 167, 98, 120, 23821, 108, 122, 168, 243, 226, 23821, 117, 120, 167, 224, 254, 23821, 226, 116, 168, 248, 108, 166, 111, 254, 23821, 248, 108, 167, 99, 105, 167, 232, 242, 23821, 251, 112, 23821, 225, 230, 167, 110, 121, 166, 116, 116, 23821, 230, 101, 166, 108, 222, 168, 223, 246, 166, 110, 234, 31619, 226, 246, 166, 111, 254, 23821, 252, 230, 167, 232, 242, 166, 108, 222, 1, 198, 198, 17, 167, 110, 230, 25, 23821, 254, 223, 168, 254, 230, 47991, 246, 168, 100, 222, 23821, 243, 232, 46695, 97, 1343, 30629, 168, 100, 222, 167, 105, 116, 23821, 228, 235, 220, 166, 115, 120, 166, 109, 108, 166, 108, 222, 31619, 238, 250, 31619, 105, 116, 168, 252, 98, 8, 2343, 239, 254, 23821, 241, 116, 167, 103, 101, 168, 245, 228, 167, 232, 242, 23821, 228, 234, 167, 99, 105, 168, 247, 222, 23821, 241, 116, 167, 103, 101, 23821, 252, 230, 167, 232, 242, 23821, 228, 234, 167, 99, 105, 166, 108, 222, 23821, 252, 230, 46695, 97, 13, 2343, 239, 94, 23821, 252, 105, 168, 109, 226, 166, 116, 108, 23821, 228, 234, 167, 99, 105, 168, 247, 222, 23821, 121, 242, 220, 166, 111, 254, 167, 232, 242, 23821, 228, 234, 167, 99, 105, 167, 232, 242, 23821, 8955, 167, 252, 234, 35975, 246, 23821, 228, 234, 167, 99, 105, 220, 166, 108, 222, 168, 248, 112, 167, 235, 108, 23821, 241, 116, 167, 103, 101, 168, 245, 228, 167, 232, 242, 220, 166, 110, 225, 35975, 112, 166, 111, 254, 11, 220, 169, 225, 226, 168, 233, 251, 47991, 246, 166, 111, 254, 31619, 233, 112, 168, 228, 234, 47991, 246, 167, 232, 242, 23821, 228, 234, 167, 99, 105, 167, 232, 242, 23821, 8955, 167, 252, 234, 35975, 246, 23821, 228, 234, 167, 99, 105, 220, 166, 108, 222, 168, 248, 112, 167, 235, 108, 23821, 241, 116, 167, 103, 101, 23821, 252, 230, 167, 232, 242, 220, 166, 110, 225, 35975, 112, 46695, 97, 13, 2343, 239, 95, 31619, 246, 238, 47991, 250, 23821, 95, 233, 35975, 222, 23821, 228, 234, 167, 99, 105, 35975, 246, 23821, 226, 109, 168, 100, 230, 168, 245, 238, 31619, 234, 222, 47991, 112, 23821, 226, 97, 167, 103, 227, 47991, 246, 166, 111, 254, 23821, 252, 230, 46695, 97, 526, 220, 198, 166, 115, 120, 166, 109, 108, 25, 366, 168, 241, 116, 167, 103, 101, 168, 245, 228, 167, 232, 242, 23821, 228, 234, 167, 99, 105, 1, 168, 247, 222, 366, 168, 241, 116, 167, 103, 101, 23821, 252, 230, 167, 232, 242, 23821, 228, 234, 167, 99, 105, 1, 35975, 246, 220, 166, 113, 105, 167, 114, 226, 11, 366, 168, 252, 105, 168, 109, 226, 166, 116, 108, 23821, 228, 234, 167, 99, 105, 168, 247, 222, 23821, 121, 242, 220, 166, 111, 254, 167, 232, 242, 23821, 228, 234, 167, 99, 105, 167, 232, 242, 26894, 23821, 241, 116, 167, 103, 101, 168, 245, 228, 167, 232, 242, 220, 166, 110, 225, 35975, 112, 166, 111, 254, 11, 220, 169, 225, 226, 168, 233, 251, 47991, 246, 166, 111, 254, 31619, 233, 112, 168, 228, 234, 47991, 246, 167, 232, 242, 23821, 228, 234, 167, 99, 105, 167, 232, 242, 26894, 23821, 241, 116, 167, 103, 101, 23821, 252, 230, 167, 232, 242, 220, 166, 110, 225, 35975, 112, 46695, 97, 526, 220, 166, 115, 116, 167, 99, 105, 166, 111, 254, 366, 168, 95, 233, 35975, 222, 23821, 228, 234, 167, 99, 105, 1, 35975, 246, 23821, 254, 243, 35975, 246, 166, 108, 222, 23821, 254, 250, 168, 233, 250, 167, 238, 250, 46695, 97, 13, 198, 198, 18, 167, 110, 230, 25, 23821, 254, 223, 168, 254, 230, 47991, 246, 46695, 97, 1343, 30629, 168, 100, 222, 167, 105, 116, 23821, 228, 235, 220, 166, 115, 120, 166, 109, 108, 166, 108, 222, 31619, 238, 250, 31619, 105, 116, 168, 252, 98, 8, 23821, 252, 232, 169, 246, 222, 168, 100, 226, 31619, 103, 102, 168, 228, 234, 167, 99, 105, 166, 108, 222, 23821, 224, 112, 168, 243, 226, 167, 224, 246, 167, 232, 242, 31619, 243, 234, 166, 108, 222, 23821, 252, 230, 46695, 97, 26, 23821, 252, 99, 168, 243, 226, 167, 241, 250, 167, 232, 242, 31619, 243, 234, 166, 108, 222, 23821, 252, 230, 46695, 97, 526, 31619, 108, 237, 366, 168, 252, 227, 168, 245, 238, 168, 226, 250, 31619, 224, 246, 168, 247, 222, 220, 166, 116, 222, 167, 94, 250, 23821, 241, 108, 35975, 112, 168, 100, 222, 31619, 103, 119, 47991, 246, 167, 102, 112, 220, 169, 251, 102, 168, 244, 112, 168, 100, 222, 167, 232, 242, 23821, 228, 234, 167, 99, 105, 166, 108, 222, 31619, 238, 246, 166, 111, 254, 11, 23821, 252, 227, 168, 245, 238, 168, 226, 250, 31619, 224, 246, 168, 247, 222, 220, 166, 116, 222, 167, 94, 250, 23821, 241, 108, 35975, 112, 167, 102, 112, 23821, 233, 97, 168, 225, 223, 35975, 112, 23821, 252, 230, 167, 232, 242, 23821, 228, 234, 167, 99, 105, 166, 108, 222, 31619, 238, 250, 46695, 97, 526, 220, 198, 166, 115, 120, 166, 109, 108, 25, 220, 166, 108, 222, 7, 168, 252, 232, 169, 246, 222, 168, 100, 226, 31619, 103, 102, 168, 228, 234, 167, 99, 105, 220, 166, 112, 222, 167, 254, 101, 220, 166, 113, 105, 168, 254, 230, 8, 31619, 108, 237, 31619, 233, 97, 7, 169, 251, 102, 168, 244, 112, 168, 100, 222, 167, 232, 242, 23821, 228, 234, 167, 99, 105, 168, 245, 238, 31619, 234, 222, 47991, 250, 23821, 226, 97, 167, 103, 227, 8, 168, 245, 238, 168, 226, 250, 23821, 252, 99, 168, 243, 226, 167, 241, 250, 167, 232, 242, 220, 169, 246, 226, 168, 225, 223, 166, 111, 120, 220, 169, 251, 102, 168, 244, 112, 168, 100, 222, 167, 232, 242, 23821, 228, 234, 167, 99, 105, 35975, 246, 220, 166, 108, 250, 167, 227, 238, 35975, 112, 23821, 254, 250, 168, 233, 250, 167, 238, 250, 46695, 97, 13, 198, 198, 19, 167, 110, 230, 25, 23821, 254, 223, 168, 254, 230, 47991, 246, 46695, 97, 1343, 30629, 168, 100, 222, 167, 105, 116, 23821, 228, 235, 220, 166, 115, 120, 166, 109, 108, 166, 108, 222, 31619, 238, 250, 31619, 105, 116, 168, 252, 98, 8, 23821, 252, 232, 169, 246, 222, 168, 100, 226, 220, 159, 231, 254, 58, 47991, 250, 31619, 103, 102, 168, 228, 234, 167, 99, 105, 60, 35975, 222, 23821, 224, 112, 168, 243, 226, 167, 224, 254, 23821, 230, 246, 23821, 252, 230, 46695, 97, 166, 111, 254, 220, 169, 247, 242, 168, 252, 238, 166, 108, 222, 31619, 100, 238, 47991, 246, 167, 102, 108, 11, 220, 159, 231, 96, 35975, 222, 31619, 108, 242, 167, 98, 116, 220, 166, 110, 225, 220, 166, 108, 247, 168, 250, 120, 167, 102, 112, 168, 226, 250, 23821, 224, 123, 167, 238, 250, 220, 166, 110, 225, 167, 237, 226, 23821, 252, 230, 166, 111, 254, 11, 220, 169, 246, 117, 23821, 224, 123, 167, 238, 250, 220, 166, 110, 225, 220, 166, 108, 247, 168, 250, 120, 167, 102, 112, 168, 226, 250, 31619, 108, 242, 167, 98, 116, 220, 166, 110, 225, 167, 237, 226, 23821, 252, 230, 46695, 97, 526, 220, 198, 166, 115, 120, 166, 109, 108, 25, 220, 166, 108, 222, 35975, 246, 23821, 252, 232, 169, 246, 222, 168, 100, 226, 31619, 103, 102, 168, 228, 234, 167, 99, 105, 35975, 246, 31619, 114, 222, 169, 247, 250, 23821, 251, 246, 168, 100, 222, 168, 247, 222, 31619, 233, 97, 35975, 246, 220, 159, 231, 96, 7, 168, 95, 233, 35975, 222, 23821, 228, 234, 167, 99, 105, 8, 35975, 246, 220, 169, 232, 117, 168, 226, 109, 23821, 226, 97, 167, 103, 227, 13, 198, 198, 20, 167, 110, 230, 25, 23821, 254, 223, 168, 254, 230, 47991, 246, 46695, 97, 1343, 30629, 168, 100, 222, 167, 105, 116, 23821, 228, 235, 220, 166, 115, 120, 166, 109, 108, 166, 108, 222, 31619, 238, 250, 31619, 105, 116, 168, 252, 98, 8, 220, 159, 231, 94, 35975, 226, 23821, 108, 122, 166, 116, 108, 23821, 250, 226, 47991, 112, 23821, 117, 120, 167, 224, 254, 23821, 226, 116, 168, 248, 108, 166, 111, 254, 26, 220, 169, 225, 226, 168, 233, 251, 47991, 246, 166, 111, 254, 31619, 233, 112, 168, 228, 234, 47991, 246, 167, 232, 242, 23821, 228, 234, 167, 99, 105, 167, 232, 242, 23821, 241, 116, 167, 103, 101, 23821, 252, 230, 167, 232, 242, 23821, 228, 234, 167, 99, 105, 35975, 112, 46695, 97, 526, 220, 198, 166, 115, 120, 166, 109, 108, 25, 220, 166, 108, 222, 35975, 246, 220, 159, 231, 94, 220, 166, 108, 243, 168, 94, 108, 31619, 108, 237, 31619, 233, 97, 35975, 246, 366, 169, 225, 226, 168, 233, 251, 47991, 246, 166, 111, 254, 31619, 233, 112, 168, 228, 234, 47991, 246, 167, 232, 242, 23821, 228, 234, 167, 99, 105, 167, 232, 242, 23821, 8955, 167, 252, 234, 35975, 246, 23821, 228, 234, 167, 99, 105, 220, 166, 108, 222, 168, 248, 112, 167, 235, 108, 23821, 241, 116, 167, 103, 101, 23821, 252, 230, 167, 232, 242, 220, 166, 110, 225, 35975, 112, 46695, 97, 1, 31619, 114, 222, 167, 114, 226, 13, 198, 198, 168, 113, 250, 168, 95, 227, 23821, 254, 243, 46695, 113, 25, 362, 167, 110, 230]","[0.5, 0.5, 0.5, 0.5, 0.5, 0.5, 0.5, 0.5, 0.5, 0.5, 0.5, 0.5, 0.5, 0.5, 0.5, 0.5, 0.5, 0.5, 0.5, 0.5, 0.5, 0.5, 0.5, 0.5, 0.5, 0.5, 0.5, 0.5, 0.5, 0.5, 0.5, 0.5, 0.5, 0.5, 0.5, 0.5, 0.5, 0.5, 0.5, 0.5, 0.5, 0.5, 0.5, 0.5, 0.5, 0.5, 0.5, 0.5, 0.5, 0.5, 0.5, 0.5, 0.5, 0.5, 0.5, 0.5, 0.5, 0.5, 0.5, 0.5, 0.5, 0.5, 0.5, 0.5, 0.5, 0.5, 0.5, 0.5, 0.5, 0.5, 0.5, 0.5, 0.5, 0.5, 0.5, 0.5, 0.5, 0.5, 0.5, 0.5, 0.5, 0.5, 0.5, 0.5, 0.5, 0.5, 0.5, 0.5, 0.5, 0.5, 0.5, 0.5, 0.5, 0.5, 0.5, 0.5, 0.5, 0.5, 0.5, 0.5, 0.5, 0.5, 0.5, 0.5, 0.5, 0.5, 0.5, 0.5, 0.5, 0.5, 0.5, 0.5, 0.5, 0.5, 0.5, 0.5, 0.5, 0.5, 0.5, 0.5, 0.5, 0.5, 0.5, 0.5, 0.5, 0.5, 0.5, 0.5, 0.5, 0.5, 0.5, 0.5, 0.5, 0.5, 0.5, 0.5, 0.5, 0.5, 0.5, 0.5, 0.5, 0.5, 0.5, 0.5, 0.5, 0.5, 0.5, 0.5, 0.5, 0.5, 0.5, 0.5, 0.5, 0.5, 0.5, 0.5, 0.5, 0.5, 0.5, 0.5, 0.5, 0.5, 0.5, 0.5, 0.5, 0.5, 0.5, 0.5, 0.5, 0.5, 0.5, 0.5, 0.5, 0.5, 0.5, 0.5, 0.5, 0.5, 0.5, 0.5, 0.5, 0.5, 0.5, 0.5, 0.5, 0.5, 0.5, 0.5, 0.5, 0.5, 0.5, 0.5, 0.5, 0.5, 0.5, 0.5, 0.5, 0.5, 0.5, 0.5, 0.5, 0.5, 0.5, 0.5, 0.5, 0.5, 0.5, 0.5, 0.5, 0.5, 0.5, 0.5, 0.5, 0.5, 0.5, 0.5, 0.5, 0.5, 0.5, 0.5, 0.5, 0.5, 0.5, 0.5, 0.5, 0.5, 0.5, 0.5, 0.5, 0.5, 0.5, 0.5, 0.5, 0.5, 0.5, 0.5, 0.5, 0.5, 0.5, 0.5, 0.5, 0.5, 0.5, 0.5, 0.5, 0.5, 0.5, 0.5, 0.5, 0.5, 0.5, 0.5, 0.5, 0.5, 0.5, 0.5, 0.5, 0.5, 0.5, 0.5, 0.5, 0.5, 0.5, 0.5, 0.5, 0.5, 0.5, 0.5, 0.5, 0.5, 0.5, 0.5, 0.5, 0.5, 0.5, 0.5, 0.5, 0.5, 0.5, 0.5, 0.5, 0.5, 0.5, 0.5, 0.5, 0.5, 0.5, 0.5, 0.5, 0.5, 0.5, 0.5, 0.5, 0.5, 0.5, 0.5, 0.5, 0.5, 0.5, 0.5, 0.5, 0.5, 0.5, 0.5, 0.5, 0.5, 0.5, 0.5, 0.5, 0.5, 0.5, 0.5, 0.5, 0.5, 0.5, 0.5, 0.5, 0.5, 0.5, 0.5, 0.5, 0.5, 0.5, 0.5, 0.5, 0.5, 0.5, 0.5, 0.5, 0.5, 0.5, 0.5, 0.5, 0.5, 0.5, 0.5, 0.5, 0.5, 0.5, 0.5, 0.5, 0.5, 0.5, 0.5, 0.5, 0.5, 0.5, 0.5, 0.5, 0.5, 0.5, 0.5, 0.5, 0.5, 0.5, 0.5, 0.5, 0.5, 0.5, 0.5, 0.5, 0.5, 0.5, 0.5, 0.5, 0.5, 0.5, 0.5, 0.5, 0.5, 0.5, 0.5, 0.5, 0.5, 0.5, 0.5, 0.5, 0.5, 0.5, 0.5, 0.5, 0.5, 0.5, 0.5, 0.5, 0.5, 0.5, 0.5, 0.5, 0.5, 0.5, 0.5, 0.5, 0.5, 0.5, 0.5, 0.5, 0.5, 0.5, 0.5, 0.5, 0.5, 0.5, 0.5, 0.5, 0.5, 0.5, 0.5, 0.5, 0.5, 0.5, 0.5, 0.5, 0.5, 0.5, 0.5, 0.5, 0.5, 0.5, 0.5, 0.5, 0.5, 0.5, 0.5, 0.5, 0.5, 0.5, 0.5, 0.5, 0.5, 0.5, 0.5, 0.5, 0.5, 0.5, 0.5, 0.5, 0.5, 0.5, 0.5, 0.5, 0.5, 0.5, 0.5, 0.5, 0.5, 0.5, 0.5, 0.5, 0.5, 0.5, 0.5, 0.5, 0.5, 0.5, 0.5, 0.5, 0.5, 0.5, 0.5, 0.5, 0.5, 0.5, 0.5, 0.5, 0.5, 0.5, 0.5, 0.5, 0.5, 0.5, 0.5, 0.5, 0.5, 0.5, 0.5, 0.5, 0.5, 0.5, 0.5, 0.5, 0.5, 0.5, 0.5, 0.5, 0.5, 0.5, 0.5, 0.5, 0.5, 0.5, 0.5, 0.5, 0.5, 0.5, 0.5, 0.5, 0.5, 0.5, 0.5, 0.5, 0.5, 0.5, 0.5, 0.5, 0.5, 0.5, 0.5, 0.5, 0.5, 0.5, 0.5, 0.5, 0.5, 0.5, 0.5, 0.5, 0.5, 0.5, 0.5, 0.5, 0.5, 0.5, 0.5, 0.5, 0.5, 0.5, 0.5, 0.5, 0.5, 0.5, 0.5, 0.5, 0.5, 0.5, 0.5, 0.5, 0.5, 0.5, 0.5, 0.5, 0.5, 0.5, 0.5, 0.5, 0.5, 0.5, 0.5, 0.5, 0.5, 0.5, 0.5, 0.5, 0.5, 0.5, 0.5, 0.5, 0.5, 0.5, 0.5, 0.5, 0.5, 0.5, 0.5, 0.5, 0.5, 0.5, 0.5, 0.5, 0.5, 0.5, 0.5, 0.5, 0.5, 0.5, 0.5, 0.5, 0.5, 0.5, 0.5, 0.5, 0.5, 0.5, 0.5, 0.5, 0.5, 0.5, 0.5, 0.5, 0.5, 0.5, 0.5, 0.5, 0.5, 0.5, 0.5, 0.5, 0.5, 0.5, 0.5, 0.5, 0.5, 0.5, 0.5, 0.5, 0.5, 0.5, 0.5, 0.5, 0.5, 0.5, 0.5, 0.5, 0.5, 0.5, 0.5, 0.5, 0.5, 0.5, 0.5, 0.5, 0.5, 0.5, 0.5, 0.5, 0.5, 0.5, 0.5, 0.5, 0.5, 0.5, 0.5, 0.5, 0.5, 0.5, 0.5, 0.5, 0.5, 0.5, 0.5, 0.5, 0.5, 0.5, 0.5, 0.5, 0.5, 0.5, 0.5, 0.5, 0.5, 0.5, 0.5, 0.5, 0.5, 0.5, 0.5, 0.5, 0.5, 0.5, 0.5, 0.5, 0.5, 0.5, 0.5, 0.5, 0.5, 0.5, 0.5, 0.5, 0.5, 0.5, 0.5, 0.5, 0.5, 0.5, 0.5, 0.5, 0.5, 0.5, 0.5, 0.5, 0.5, 0.5, 0.5, 0.5, 0.5, 0.5, 0.5, 0.5, 0.5, 0.5, 0.5, 0.5, 0.5, 0.5, 0.5, 0.5, 0.5, 0.5, 0.5, 0.5, 0.5, 0.5, 0.5, 0.5, 0.5, 0.5, 0.5, 0.5, 0.5, 0.5, 0.5, 0.5, 0.5, 0.5, 0.5, 0.5, 0.5, 0.5, 0.5, 0.5, 0.5, 0.5, 0.5, 0.5, 0.5, 0.5, 0.5, 0.5, 0.5, 0.5, 0.5, 0.5, 0.5, 0.5, 0.5, 0.5, 0.5, 0.5, 0.5, 0.5, 0.5, 0.5, 0.5, 0.5, 0.5, 0.5, 0.5, 0.5, 0.5, 0.5, 0.5, 0.5, 0.5, 0.5, 0.5, 0.5, 0.5, 0.5, 0.5, 0.5, 0.5, 0.5, 0.5, 0.5, 0.5, 0.5, 0.5, 0.5, 0.5, 0.5, 0.5, 0.5, 0.5, 0.5, 0.5, 0.5, 0.5, 0.5, 0.5, 0.5, 0.5, 0.5, 0.5, 0.5, 0.5, 0.5, 0.5, 0.5, 0.5, 0.5, 0.5, 0.5, 0.5, 0.5, 0.5, 0.5, 0.5, 0.5, 0.5, 0.5, 0.5, 0.5, 0.5, 0.5, 0.5, 0.5, 0.5, 0.5, 0.5, 0.5, 0.5, 0.5, 0.5, 0.5, 0.5, 0.5, 0.5, 0.5, 0.5, 0.5, 0.5, 0.5, 0.5, 0.5, 0.5, 0.5, 0.5, 0.5, 0.5, 0.5, 0.5, 0.5, 0.5, 0.5, 0.5, 0.5, 0.5, 0.5, 0.5, 0.5, 0.5, 0.5, 0.5, 0.5, 0.5, 0.5, 0.5, 0.5, 0.5, 0.5, 0.5, 0.5, 0.5, 0.5, 0.5, 0.5, 0.5, 0.5, 0.5, 0.5, 0.5, 0.5, 0.5, 0.5, 0.5, 0.5, 0.5, 0.5, 0.5, 0.5, 0.5, 0.5, 0.5, 0.5, 0.5, 0.5, 0.5, 0.5, 0.5, 0.5, 0.5, 0.5, 0.5, 0.5, 0.5, 0.5, 0.5, 0.5, 0.5, 0.5, 0.5, 0.5, 0.5, 0.5, 0.5, 0.5, 0.5, 0.5, 0.5, 0.5, 0.5, 0.5, 0.5, 0.5, 0.5, 0.5, 0.5, 0.5, 0.5, 0.5, 0.5, 0.5, 0.5, 0.5, 0.5, 0.5, 0.5, 0.5, 0.5, 0.5, 0.5, 0.5, 0.5, 0.5, 0.5, 0.5, 0.5, 0.5, 0.5, 0.5, 0.5, 0.5, 0.5, 0.5, 0.5, 0.5, 0.5, 0.5, 0.5, 0.5, 0.5, 0.5, 0.5, 0.5, 0.5, 0.5, 0.5, 0.5, 0.5, 0.5, 0.5, 0.5, 0.5, 0.5, 0.5, 0.5, 0.5, 0.5, 0.5, 0.5, 0.5, 0.5, 0.5, 0.5, 0.5, 0.5, 0.5, 0.5, 0.5, 0.5, 0.5, 0.5, 0.5, 0.5, 0.5, 0.5, 0.5, 0.5, 0.5, 0.5, 0.5, 0.5, 0.5, 0.5, 0.5, 0.5, 0.5, 0.5, 0.5, 0.5, 0.5, 0.5, 0.5, 0.5, 0.5, 0.5, 0.5, 0.5, 0.5, 0.5, 0.5, 0.5, 0.5, 0.5, 0.5, 0.5, 0.5, 0.5, 0.5, 0.5, 0.5, 0.5, 0.5, 0.5, 0.5, 0.5, 0.5, 0.5, 0.5, 0.5, 0.5, 0.5, 0.5, 0.5, 0.5, 0.5, 0.5, 0.5, 0.5, 0.5, 0.5, 0.5, 0.5, 0.5, 0.5, 0.5, 0.5, 0.5, 0.5, 0.5, 0.5, 0.5, 0.5, 0.5, 0.5, 0.5, 0.5, 0.5, 0.5, 0.5, 0.5, 0.5, 0.5, 0.5, 0.5, 0.5, 0.5, 0.5, 0.5, 0.5, 0.5, 0.5, 0.5, 0.5, 0.5, 0.5, 0.5, 0.5, 0.5, 0.5, 0.5, 0.5, 0.5, 0.5, 0.5, 0.5, 0.5, 0.5, 0.5, 0.5, 0.5, 0.5, 0.5, 0.5, 0.5, 0.5, 0.5, 0.5, 0.5, 0.5, 0.5, 0.5, 0.5, 0.5, 0.5, 0.5, 0.5, 0.5, 0.5, 0.5, 0.5, 0.5, 0.5, 0.5, 0.5, 0.5, 0.5, 0.5, 0.5, 0.5, 0.5, 0.5, 0.5, 0.5, 0.5, 0.5, 0.5, 0.5, 0.5, 0.5, 0.5, 0.5, 0.5, 0.5, 0.5, 0.5, 0.5, 0.5, 0.5, 0.5, 0.5, 0.5, 0.5, 0.5, 0.5, 0.5, 0.5, 0.5, 0.5, 0.5, 0.5, 0.5, 0.5, 0.5, 0.5, 0.5, 0.5, 0.5, 0.5, 0.5, 0.5, 0.5, 0.5, 0.5, 0.5, 0.5, 0.5, 0.5, 0.5, 0.5, 0.5, 0.5, 0.5, 0.5, 0.5, 0.5, 0.5, 0.5, 0.5, 0.5, 0.5, 0.5, 0.5, 0.5, 0.5, 0.5, 0.5, 0.5, 0.5, 0.5, 0.5, 0.5, 0.5, 0.5, 0.5, 0.5, 0.5, 0.5, 0.5, 0.5, 0.5, 0.5, 0.5, 0.5, 0.5, 0.5, 0.5, 0.5, 0.5, 0.5, 0.5, 0.5, 0.5, 0.5, 0.5, 0.5, 0.5, 0.5, 0.5, 0.5, 0.5, 0.5, 0.5, 0.5, 0.5, 0.5, 0.5, 0.5, 0.5, 0.5, 0.5, 0.5, 0.5, 0.5, 0.5, 0.5, 0.5, 0.5, 0.5, 0.5, 0.5, 0.5, 0.5, 0.5, 0.5, 0.5, 0.5, 0.5, 0.5, 0.5, 0.5, 0.5, 0.5, 0.5, 0.5, 0.5, 0.5, 0.5, 0.5, 0.5, 0.5, 0.5, 0.5, 0.5, 0.5, 0.5, 0.5, 0.5, 0.5, 0.5, 0.5, 0.5, 0.5, 0.5, 0.5, 0.5, 0.5, 0.5, 0.5, 0.5, 0.5, 0.5, 0.5, 0.5, 0.5, 0.5, 0.5, 0.5, 0.5, 0.5, 0.5, 0.5, 0.5, 0.5, 0.5, 0.5, 0.5, 0.5, 0.5, 0.5, 0.5, 0.5, 0.5, 0.5, 0.5, 0.5, 0.5, 0.5, 0.5, 0.5, 0.5, 0.5, 0.5, 0.5, 0.5, 0.5, 0.5, 0.5, 0.5, 0.5, 0.5, 0.5, 0.5, 0.5, 0.5, 0.5, 0.5, 0.5, 0.5, 0.5, 0.5, 0.5, 0.5, 0.5, 0.5, 0.5, 0.5, 0.5, 0.5, 0.5, 0.5, 0.5, 0.5, 0.5, 0.5, 0.5, 0.5, 0.5, 0.5, 0.5, 0.5, 0.5, 0.5, 0.5, 0.5, 0.5, 0.5, 0.5, 0.5, 0.5, 0.5, 0.5, 0.5, 0.5, 0.5, 0.5, 0.5, 0.5, 0.5, 0.5, 0.5, 0.5, 0.5, 0.5, 0.5, 0.5, 0.5, 0.5, 0.5, 0.5, 0.5, 0.5, 0.5, 0.5, 0.5, 0.5, 0.5, 0.5, 0.5, 0.5, 0.5, 0.5, 0.5, 0.5, 0.5, 0.5, 0.5, 0.5, 0.5, 0.5, 0.5, 0.5, 0.5, 0.5, 0.5, 0.5, 0.5, 0.5, 0.5, 0.5, 0.5, 0.5, 0.5, 0.5, 0.5, 0.5, 0.5, 0.5, 0.5, 0.5, 0.5, 0.5, 0.5, 0.5, 0.5, 0.5, 0.5, 0.5, 0.5, 0.5, 0.5, 0.5, 0.5, 0.5, 0.5, 0.5, 0.5, 0.5, 0.5, 0.5, 0.5, 0.5, 0.5, 0.5, 0.5, 0.5, 0.5, 0.5, 0.5, 0.5, 0.5, 0.5, 0.5, 0.5, 0.5, 0.5, 0.5, 0.5, 0.5, 0.5, 0.5, 0.5, 0.5, 0.5, 0.5, 0.5, 0.5, 0.5, 0.5, 0.5, 0.5, 0.5, 0.5, 0.5, 0.5, 0.5, 0.5, 0.5, 0.5, 0.5, 0.5, 0.5, 0.5, 0.5, 0.5, 0.5, 0.5, 0.5, 0.5, 0.5, 0.5, 0.5, 0.5, 0.5, 0.5, 0.5, 0.5, 0.5, 0.5, 0.5, 0.5, 0.5, 0.5, 0.5, 0.5, 0.5, 0.5, 0.5, 0.5, 0.5, 0.5, 0.5, 0.5, 0.5, 0.5, 0.5, 0.5, 0.5, 0.5, 0.5, 0.5, 0.5, 0.5, 0.5, 0.5, 0.5, 0.5, 0.5, 0.5, 0.5, 0.5, 0.5, 0.5, 0.5, 0.5, 0.5, 0.5, 0.5, 0.5, 0.5, 0.5, 0.5, 0.5, 0.5, 0.5, 0.5, 0.5, 0.5, 0.5, 0.5, 0.5, 0.5, 0.5, 0.5, 0.5, 0.5, 0.5, 0.5, 0.5, 0.5, 0.5, 0.5, 0.5, 0.5, 0.5, 0.5, 0.5, 0.5, 0.5, 0.5, 0.5, 0.5, 0.5, 0.5, 0.5, 0.5, 0.5, 0.5, 0.5, 0.5, 0.5, 0.5, 0.5, 0.5, 0.5, 0.5, 0.5, 0.5, 0.5, 0.5, 0.5, 0.5, 0.5, 0.5, 0.5, 0.5, 0.5, 0.5, 0.5, 0.5, 0.5, 0.5, 0.5, 0.5, 0.5, 0.5, 0.5, 0.5, 0.5, 0.5, 0.5, 0.5, 0.5, 0.5, 0.5, 0.5, 0.5, 0.5, 0.5, 0.5, 0.5, 0.5, 0.5, 0.5, 0.5, 0.5, 0.5, 0.5, 0.5, 0.5, 0.5, 0.5, 0.5, 0.5, 0.5, 0.5, 0.5, 0.5, 0.5, 0.5, 0.5, 0.5, 0.5, 0.5, 0.5, 0.5, 0.5, 0.5, 0.5, 0.5, 0.5, 0.5, 0.5, 0.5, 0.5, 0.5, 0.5, 0.5, 0.5, 0.5, 0.5, 0.5, 0.5, 0.5, 0.5, 0.5, 0.5, 0.5, 0.5, 0.5, 0.5, 0.5, 0.5, 0.5, 0.5, 0.5, 0.5, 0.5, 0.5, 0.5, 0.5, 0.5, 0.5, 0.5, 0.5, 0.5, 0.5, 0.5, 0.5, 0.5, 0.5, 0.5, 0.5, 0.5, 0.5, 0.5, 0.5, 0.5, 0.5, 0.5, 0.5, 0.5, 0.5, 0.5, 0.5, 0.5, 0.5, 0.5, 0.5, 0.5, 0.5, 0.5, 0.5, 0.5, 0.5, 0.5, 0.5, 0.5, 0.5, 0.5, 0.5, 0.5, 0.5, 0.5, 0.5, 0.5, 0.5, 0.5, 0.5, 0.5, 0.5, 0.5, 0.5, 0.5, 0.5, 0.5, 0.5, 0.5, 0.5, 0.5, 0.5, 0.5, 0.5, 0.5, 0.5, 0.5, 0.5, 0.5, 0.5, 0.5, 0.5, 0.5, 0.5, 0.5, 0.5, 0.5, 0.5, 0.5, 0.5, 0.5, 0.5, 0.5, 0.5, 0.5, 0.5, 0.5, 0.5, 0.5, 0.5, 0.5, 0.5, 0.5, 0.5, 0.5, 0.5, 0.5, 0.5, 0.5, 0.5, 0.5, 0.5, 0.5, 0.5]",0
2026_11_KICE_22-26_3,['4(2)'],"1번: 1) 화자는 ⓐ가 흔드는 것이 감나무 잎새뿐이라고 여기다가 ⓑ를 보며 그 생각을 바로잡고 있다. + ""(지문 속 근거가 된 문장) 감나무 잎새를 흔드는 게 어찌 ⓐ[바람]뿐이랴. 감나무 잎새를 반짝이는 게 어찌 햇살뿐이랴. 아까는 ⓑ[오색딱다구리]가 따다다닥 찍고 가더니""

2번: 2) 화자는 ⓑ가 내는 소리와 ⓒ의 움직임을 통해 감나무 열매가 충분히 익은 상태임을 짐작하고 있다. + ""(지문 속 근거가 된 문장) 그 기다림 날로 익으니 서러움까지 익어선 저 짙푸른 감들, 마침내 형형 등불을 밝힐 것이라면""

3번: 3) 화자는 ⓑ와 ⓒ가 감나무에서 만났다가 한순간에 헤어지는 것을 보며 자신의 사랑이 끝났음을 떠올리고 있다. + ""(지문 속 근거가 된 문장) 아까는 ⓑ[오색딱다구리]가 따다다닥 찍고 가더니 봐, 시방은 ⓒ[청설모]가 쪼르르 타고 내려오네. 사랑이 끝났기로서니 그리움마저 사라지랴, 그 그리움 날로 자라면""

4번: 4) 화자는 감나무 열매가 자라는 과정에서 ⓓ를 만나기도 하고 ⓔ를 만나기도 하는 일이 유의미하다고 여기고 있다. + ""(지문 속 근거가 된 문장) 때론 머리 위로 ⓓ[흰 구름] 이고 때론 온종일 ⓔ[장대비] 맞아 보게.""

5번: 5) 화자는 ⓑ와 ⓒ가 감나무를 떠난 후에 ⓓ와 ⓔ가 오는 것을 보며 머지않아 새로운 사랑이 시작될 것을 기대하고 있다. + ""(지문 속 근거가 된 문장) 그래 그래, 밤이면 잠 뒤척여 산이 우는 소리도 들어 보고 새벽이면 퍼뜩 깨어나 계곡 물소리도 들어 보게. 그 기다림 날로 익으니""

최종 정답: 1","[16, 167, 110, 230, 25, 352, 8, 220, 169, 247, 242, 168, 252, 238, 167, 232, 242, 2343, 241, 238, 166, 108, 222, 220, 169, 251, 242, 167, 241, 250, 167, 232, 242, 220, 166, 110, 225, 35975, 112, 220, 166, 108, 238, 167, 224, 246, 167, 105, 112, 23821, 252, 236, 168, 225, 230, 167, 123, 238, 35975, 112, 167, 251, 120, 166, 111, 254, 23821, 245, 105, 166, 116, 108, 46695, 97, 166, 108, 222, 2343, 241, 239, 167, 98, 120, 31619, 111, 112, 167, 102, 108, 220, 166, 115, 116, 23821, 225, 251, 166, 108, 223, 35975, 226, 31619, 108, 242, 167, 94, 250, 168, 252, 94, 166, 111, 254, 23821, 252, 230, 46695, 97, 13, 1343, 30629, 168, 100, 222, 167, 105, 116, 23821, 228, 235, 220, 166, 115, 120, 166, 109, 108, 166, 108, 222, 31619, 238, 250, 31619, 105, 116, 168, 252, 98, 8, 220, 166, 108, 238, 167, 224, 246, 167, 105, 112, 23821, 252, 236, 168, 225, 230, 167, 98, 120, 220, 169, 251, 242, 167, 241, 250, 167, 232, 242, 220, 166, 110, 234, 23821, 244, 112, 168, 108, 234, 2343, 241, 238, 58, 167, 108, 242, 167, 252, 234, 60, 167, 123, 238, 35975, 112, 167, 252, 112, 13, 220, 166, 108, 238, 167, 224, 246, 167, 105, 112, 23821, 252, 236, 168, 225, 230, 167, 98, 120, 31619, 108, 246, 168, 100, 251, 35975, 112, 167, 232, 242, 220, 166, 110, 234, 23821, 244, 112, 168, 108, 234, 220, 169, 244, 229, 168, 224, 112, 167, 123, 238, 35975, 112, 167, 252, 112, 13, 23821, 243, 226, 166, 117, 234, 167, 232, 242, 2343, 241, 239, 58, 168, 246, 97, 168, 225, 231, 167, 242, 109, 46695, 97, 166, 113, 105, 167, 99, 105, 60, 166, 108, 222, 31619, 242, 108, 46695, 97, 46695, 97, 46695, 98, 23821, 108, 235, 166, 111, 254, 220, 166, 108, 222, 167, 235, 242, 46695, 230, 1, 198, 198, 17, 167, 110, 230, 25, 362, 8, 220, 169, 247, 242, 168, 252, 238, 167, 232, 242, 2343, 241, 239, 166, 108, 222, 31619, 224, 112, 167, 232, 242, 23821, 228, 234, 167, 99, 105, 168, 247, 222, 2343, 241, 240, 35975, 246, 23821, 249, 222, 168, 100, 223, 168, 252, 226, 35975, 226, 220, 169, 228, 113, 47991, 112, 220, 166, 108, 238, 167, 224, 246, 167, 105, 112, 23821, 245, 112, 167, 100, 97, 166, 108, 222, 23821, 114, 102, 167, 114, 226, 169, 252, 230, 23821, 251, 113, 35975, 222, 23821, 225, 223, 169, 225, 250, 168, 252, 226, 35975, 226, 23821, 100, 238, 168, 252, 239, 47991, 246, 166, 111, 254, 23821, 252, 230, 46695, 97, 13, 1343, 30629, 168, 100, 222, 167, 105, 116, 23821, 228, 235, 220, 166, 115, 120, 166, 109, 108, 166, 108, 222, 31619, 238, 250, 31619, 105, 116, 168, 252, 98, 8, 220, 166, 115, 116, 220, 166, 116, 108, 46695, 97, 167, 99, 120, 31619, 224, 254, 167, 94, 250, 23821, 251, 113, 168, 250, 120, 46695, 230, 23821, 226, 250, 167, 253, 105, 168, 249, 222, 166, 117, 234, 168, 100, 222, 23821, 251, 113, 168, 244, 112, 168, 226, 254, 23821, 254, 222, 23821, 100, 247, 169, 239, 116, 167, 98, 116, 220, 166, 108, 238, 167, 241, 97, 11, 31619, 100, 230, 168, 117, 101, 167, 224, 112, 220, 169, 246, 243, 169, 246, 243, 31619, 241, 109, 167, 114, 230, 35975, 226, 31619, 108, 251, 169, 252, 238, 220, 166, 110, 225, 35975, 112, 167, 251, 120, 167, 102, 112, 1, 198, 198, 18, 167, 110, 230, 25, 513, 8, 220, 169, 247, 242, 168, 252, 238, 167, 232, 242, 2343, 241, 239, 168, 247, 222, 2343, 241, 240, 166, 108, 222, 220, 166, 108, 238, 167, 224, 246, 167, 105, 112, 168, 245, 238, 168, 226, 250, 31619, 100, 234, 167, 8955, 46695, 97, 166, 108, 222, 220, 47991, 250, 168, 230, 250, 166, 108, 226, 168, 245, 238, 220, 169, 245, 97, 168, 244, 112, 168, 100, 222, 167, 232, 242, 220, 166, 110, 225, 35975, 226, 31619, 111, 112, 167, 102, 108, 23821, 252, 238, 168, 233, 254, 35975, 246, 23821, 8955, 167, 252, 239, 35975, 112, 31619, 223, 251, 167, 8955, 35975, 234, 35975, 226, 31619, 244, 254, 168, 246, 105, 167, 99, 105, 166, 111, 254, 23821, 252, 230, 46695, 97, 13, 1343, 30629, 168, 100, 222, 167, 105, 116, 23821, 228, 235, 220, 166, 115, 120, 166, 109, 108, 166, 108, 222, 31619, 238, 250, 31619, 105, 116, 168, 252, 98, 8, 23821, 243, 226, 166, 117, 234, 167, 232, 242, 2343, 241, 239, 58, 168, 246, 97, 168, 225, 231, 167, 242, 109, 46695, 97, 166, 113, 105, 167, 99, 105, 60, 166, 108, 222, 31619, 242, 108, 46695, 97, 46695, 97, 46695, 98, 23821, 108, 235, 166, 111, 254, 220, 166, 108, 222, 167, 235, 242, 46695, 230, 31619, 112, 238, 11, 23821, 233, 250, 167, 108, 102, 35975, 222, 2343, 241, 240, 58, 168, 110, 255, 168, 226, 97, 167, 103, 101, 60, 166, 108, 222, 23821, 103, 120, 167, 98, 112, 167, 98, 112, 220, 169, 225, 222, 166, 111, 254, 31619, 224, 112, 167, 254, 97, 168, 246, 97, 167, 226, 97, 13, 23821, 8955, 167, 252, 239, 35975, 112, 31619, 223, 251, 167, 8955, 166, 116, 108, 167, 94, 250, 168, 226, 250, 46695, 230, 220, 166, 115, 116, 167, 99, 105, 168, 249, 222, 167, 100, 230, 168, 254, 222, 23821, 8955, 167, 251, 120, 168, 100, 222, 167, 252, 112, 11, 220, 166, 115, 116, 220, 166, 115, 116, 167, 99, 105, 168, 249, 222, 31619, 224, 254, 167, 94, 250, 23821, 252, 238, 167, 251, 120, 167, 102, 112, 1, 198, 198, 19, 167, 110, 230, 25, 604, 8, 220, 169, 247, 242, 168, 252, 238, 167, 232, 242, 220, 166, 108, 238, 167, 224, 246, 167, 105, 112, 23821, 245, 112, 167, 100, 97, 166, 108, 222, 23821, 252, 238, 167, 251, 120, 167, 232, 242, 220, 166, 111, 120, 168, 254, 243, 168, 245, 238, 168, 226, 250, 2343, 241, 241, 167, 98, 120, 31619, 100, 234, 167, 224, 246, 166, 116, 108, 167, 237, 226, 220, 47991, 246, 166, 111, 254, 2343, 241, 242, 167, 98, 120, 31619, 100, 234, 167, 224, 246, 166, 116, 108, 167, 237, 226, 220, 47991, 246, 167, 232, 242, 23821, 251, 120, 35975, 112, 23821, 250, 254, 35975, 246, 167, 107, 116, 47991, 246, 46695, 97, 166, 111, 254, 23821, 245, 105, 166, 116, 108, 166, 111, 254, 23821, 252, 230, 46695, 97, 13, 1343, 30629, 168, 100, 222, 167, 105, 116, 23821, 228, 235, 220, 166, 115, 120, 166, 109, 108, 166, 108, 222, 31619, 238, 250, 31619, 105, 116, 168, 252, 98, 8, 31619, 243, 234, 167, 94, 254, 31619, 101, 116, 167, 99, 105, 23821, 250, 226, 167, 94, 250, 2343, 241, 241, 58, 169, 251, 108, 220, 166, 113, 105, 167, 99, 226, 60, 23821, 251, 112, 166, 111, 254, 31619, 243, 234, 167, 94, 254, 23821, 246, 101, 168, 95, 227, 35975, 120, 2343, 241, 242, 58, 168, 252, 98, 167, 234, 222, 167, 117, 226, 60, 31619, 100, 252, 168, 243, 226, 31619, 111, 112, 166, 110, 234, 526, 198, 198, 20, 167, 110, 230, 25, 642, 8, 220, 169, 247, 242, 168, 252, 238, 167, 232, 242, 2343, 241, 239, 168, 247, 222, 2343, 241, 240, 166, 108, 222, 220, 166, 108, 238, 167, 224, 246, 167, 105, 112, 167, 98, 120, 31619, 244, 254, 167, 224, 250, 220, 169, 249, 226, 168, 245, 238, 2343, 241, 241, 168, 247, 222, 2343, 241, 242, 166, 108, 222, 23821, 246, 97, 167, 232, 242, 220, 166, 110, 225, 35975, 226, 31619, 111, 112, 167, 102, 108, 31619, 101, 116, 168, 100, 222, 168, 243, 232, 168, 243, 226, 23821, 225, 230, 167, 94, 250, 168, 248, 112, 23821, 8955, 167, 252, 239, 35975, 112, 23821, 233, 250, 168, 252, 239, 167, 238, 254, 220, 166, 110, 225, 35975, 226, 220, 166, 116, 108, 167, 234, 222, 47991, 246, 166, 111, 254, 23821, 252, 230, 46695, 97, 13, 1343, 30629, 168, 100, 222, 167, 105, 116, 23821, 228, 235, 220, 166, 115, 120, 166, 109, 108, 166, 108, 222, 31619, 238, 250, 31619, 105, 116, 168, 252, 98, 8, 220, 166, 115, 116, 167, 252, 246, 220, 166, 115, 116, 167, 252, 246, 11, 31619, 108, 97, 35975, 112, 167, 102, 112, 23821, 252, 254, 31619, 240, 97, 168, 110, 247, 168, 245, 105, 23821, 224, 108, 35975, 112, 23821, 248, 108, 167, 232, 242, 23821, 228, 234, 167, 99, 105, 167, 237, 226, 31619, 241, 97, 168, 244, 112, 31619, 111, 112, 166, 111, 254, 23821, 225, 230, 167, 110, 121, 35975, 112, 167, 102, 112, 220, 169, 235, 120, 167, 250, 102, 220, 166, 117, 101, 168, 244, 112, 167, 224, 246, 220, 166, 111, 226, 166, 111, 94, 31619, 45539, 168, 228, 234, 167, 99, 105, 167, 237, 226, 31619, 241, 97, 168, 244, 112, 31619, 111, 112, 166, 110, 234, 13, 220, 166, 115, 116, 220, 166, 116, 108, 46695, 97, 167, 99, 120, 31619, 224, 254, 167, 94, 250, 23821, 251, 113, 168, 250, 120, 46695, 230, 1, 198, 198, 168, 113, 250, 168, 95, 227, 23821, 254, 243, 46695, 113, 25, 352]","[0.5, 0.5, 0.5, 0.5, 0.5, 0.5, 0.5, 0.5, 0.5, 0.5, 0.5, 0.5, 0.5, 0.5, 0.5, 0.5, 0.5, 0.5, 0.5, 0.5, 0.5, 0.5, 0.5, 0.5, 0.5, 0.5, 0.5, 0.5, 0.5, 0.5, 0.5, 0.5, 0.5, 0.5, 0.5, 0.5, 0.5, 0.5, 0.5, 0.5, 0.5, 0.5, 0.5, 0.5, 0.5, 0.5, 0.5, 0.5, 0.5, 0.5, 0.5, 0.5, 0.5, 0.5, 0.5, 0.5, 0.5, 0.5, 0.5, 0.5, 0.5, 0.5, 0.5, 0.5, 0.5, 0.5, 0.5, 0.5, 0.5, 0.5, 0.5, 0.5, 0.5, 0.5, 0.5, 0.5, 0.5, 0.5, 0.5, 0.5, 0.5, 0.5, 0.5, 0.5, 0.5, 0.5, 0.5, 0.5, 0.5, 0.5, 0.5, 0.5, 0.5, 0.5, 0.5, 0.5, 0.5, 0.5, 0.5, 0.5, 0.5, 0.5, 0.5, 0.5, 0.5, 0.5, 0.5, 0.5, 0.5, 0.5, 0.5, 0.5, 0.5, 0.5, 0.5, 0.5, 0.5, 0.5, 0.5, 0.5, 0.5, 0.5, 0.5, 0.5, 0.5, 0.5, 0.5, 0.5, 0.5, 0.5, 0.5, 0.5, 0.5, 0.5, 0.5, 0.5, 0.5, 0.5, 0.5, 0.5, 0.5, 0.5, 0.5, 0.5, 0.5, 0.5, 0.5, 0.5, 0.5, 0.5, 0.5, 0.5, 0.5, 0.5, 0.5, 0.5, 0.5, 0.5, 0.5, 0.5, 0.5, 0.5, 0.5, 0.5, 0.5, 0.5, 0.5, 0.5, 0.5, 0.5, 0.5, 0.5, 0.5, 0.5, 0.5, 0.5, 0.5, 0.5, 0.5, 0.5, 0.5, 0.5, 0.5, 0.5, 0.5, 0.5, 0.5, 0.5, 0.5, 0.5, 0.5, 0.5, 0.5, 0.5, 0.5, 0.5, 0.5, 0.5, 0.5, 0.5, 0.5, 0.5, 0.5, 0.5, 0.5, 0.5, 0.5, 0.5, 0.5, 0.5, 0.5, 0.5, 0.5, 0.5, 0.5, 0.5, 0.5, 0.5, 0.5, 0.5, 0.5, 0.5, 0.5, 0.5, 0.5, 0.5, 0.5, 0.5, 0.5, 0.5, 0.5, 0.5, 0.5, 0.5, 0.5, 0.5, 0.5, 0.5, 0.5, 0.5, 0.5, 0.5, 0.5, 0.5, 0.5, 0.5, 0.5, 0.5, 0.5, 0.5, 0.5, 0.5, 0.5, 0.5, 0.5, 0.5, 0.5, 0.5, 0.5, 0.5, 0.5, 0.5, 0.5, 0.5, 0.5, 0.5, 0.5, 0.5, 0.5, 0.5, 0.5, 0.5, 0.5, 0.5, 0.5, 0.5, 0.5, 0.5, 0.5, 0.5, 0.5, 0.5, 0.5, 0.5, 0.5, 0.5, 0.5, 0.5, 0.5, 0.5, 0.5, 0.5, 0.5, 0.5, 0.5, 0.5, 0.5, 0.5, 0.5, 0.5, 0.5, 0.5, 0.5, 0.5, 0.5, 0.5, 0.5, 0.5, 0.5, 0.5, 0.5, 0.5, 0.5, 0.5, 0.5, 0.5, 0.5, 0.5, 0.5, 0.5, 0.5, 0.5, 0.5, 0.5, 0.5, 0.5, 0.5, 0.5, 0.5, 0.5, 0.5, 0.5, 0.5, 0.5, 0.5, 0.5, 0.5, 0.5, 0.5, 0.5, 0.5, 0.5, 0.5, 0.5, 0.5, 0.5, 0.5, 0.5, 0.5, 0.5, 0.5, 0.5, 0.5, 0.5, 0.5, 0.5, 0.5, 0.5, 0.5, 0.5, 0.5, 0.5, 0.5, 0.5, 0.5, 0.5, 0.5, 0.5, 0.5, 0.5, 0.5, 0.5, 0.5, 0.5, 0.5, 0.5, 0.5, 0.5, 0.5, 0.5, 0.5, 0.5, 0.5, 0.5, 0.5, 0.5, 0.5, 0.5, 0.5, 0.5, 0.5, 0.5, 0.5, 0.5, 0.5, 0.5, 0.5, 0.5, 0.5, 0.5, 0.5, 0.5, 0.5, 0.5, 0.5, 0.5, 0.5, 0.5, 0.5, 0.5, 0.5, 0.5, 0.5, 0.5, 0.5, 0.5, 0.5, 0.5, 0.5, 0.5, 0.5, 0.5, 0.5, 0.5, 0.5, 0.5, 0.5, 0.5, 0.5, 0.5, 0.5, 0.5, 0.5, 0.5, 0.5, 0.5, 0.5, 0.5, 0.5, 0.5, 0.5, 0.5, 0.5, 0.5, 0.5, 0.5, 0.5, 0.5, 0.5, 0.5, 0.5, 0.5, 0.5, 0.5, 0.5, 0.5, 0.5, 0.5, 0.5, 0.5, 0.5, 0.5, 0.5, 0.5, 0.5, 0.5, 0.5, 0.5, 0.5, 0.5, 0.5, 0.5, 0.5, 0.5, 0.5, 0.5, 0.5, 0.5, 0.5, 0.5, 0.5, 0.5, 0.5, 0.5, 0.5, 0.5, 0.5, 0.5, 0.5, 0.5, 0.5, 0.5, 0.5, 0.5, 0.5, 0.5, 0.5, 0.5, 0.5, 0.5, 0.5, 0.5, 0.5, 0.5, 0.5, 0.5, 0.5, 0.5, 0.5, 0.5, 0.5, 0.5, 0.5, 0.5, 0.5, 0.5, 0.5, 0.5, 0.5, 0.5, 0.5, 0.5, 0.5, 0.5, 0.5, 0.5, 0.5, 0.5, 0.5, 0.5, 0.5, 0.5, 0.5, 0.5, 0.5, 0.5, 0.5, 0.5, 0.5, 0.5, 0.5, 0.5, 0.5, 0.5, 0.5, 0.5, 0.5, 0.5, 0.5, 0.5, 0.5, 0.5, 0.5, 0.5, 0.5, 0.5, 0.5, 0.5, 0.5, 0.5, 0.5, 0.5, 0.5, 0.5, 0.5, 0.5, 0.5, 0.5, 0.5, 0.5, 0.5, 0.5, 0.5, 0.5, 0.5, 0.5, 0.5, 0.5, 0.5, 0.5, 0.5, 0.5, 0.5, 0.5, 0.5, 0.5, 0.5, 0.5, 0.5, 0.5, 0.5, 0.5, 0.5, 0.5, 0.5, 0.5, 0.5, 0.5, 0.5, 0.5, 0.5, 0.5, 0.5, 0.5, 0.5, 0.5, 0.5, 0.5, 0.5, 0.5, 0.5, 0.5, 0.5, 0.5, 0.5, 0.5, 0.5, 0.5, 0.5, 0.5, 0.5, 0.5, 0.5, 0.5, 0.5, 0.5, 0.5, 0.5, 0.5, 0.5, 0.5, 0.5, 0.5, 0.5, 0.5, 0.5, 0.5, 0.5, 0.5, 0.5, 0.5, 0.5, 0.5, 0.5, 0.5, 0.5, 0.5, 0.5, 0.5, 0.5, 0.5, 0.5, 0.5, 0.5, 0.5, 0.5, 0.5, 0.5, 0.5, 0.5, 0.5, 0.5, 0.5, 0.5, 0.5, 0.5, 0.5, 0.5, 0.5, 0.5, 0.5, 0.5, 0.5, 0.5, 0.5, 0.5, 0.5, 0.5, 0.5, 0.5, 0.5, 0.5, 0.5, 0.5, 0.5, 0.5, 0.5, 0.5, 0.5, 0.5, 0.5, 0.5, 0.5, 0.5, 0.5, 0.5, 0.5, 0.5, 0.5, 0.5, 0.5, 0.5, 0.5, 0.5, 0.5, 0.5, 0.5, 0.5, 0.5, 0.5, 0.5, 0.5, 0.5, 0.5, 0.5, 0.5, 0.5, 0.5, 0.5, 0.5, 0.5, 0.5, 0.5, 0.5, 0.5, 0.5, 0.5, 0.5, 0.5, 0.5, 0.5, 0.5, 0.5, 0.5, 0.5, 0.5, 0.5, 0.5, 0.5, 0.5, 0.5, 0.5, 0.5, 0.5, 0.5, 0.5, 0.5, 0.5, 0.5, 0.5, 0.5, 0.5, 0.5, 0.5, 0.5, 0.5, 0.5, 0.5, 0.5, 0.5, 0.5, 0.5, 0.5, 0.5, 0.5, 0.5, 0.5, 0.5, 0.5, 0.5, 0.5, 0.5, 0.5, 0.5, 0.5, 0.5, 0.5, 0.5, 0.5, 0.5, 0.5, 0.5, 0.5, 0.5, 0.5, 0.5, 0.5, 0.5, 0.5, 0.5, 0.5, 0.5, 0.5, 0.5, 0.5, 0.5, 0.5, 0.5, 0.5, 0.5, 0.5, 0.5, 0.5, 0.5, 0.5, 0.5, 0.5, 0.5, 0.5, 0.5, 0.5, 0.5, 0.5, 0.5, 0.5, 0.5, 0.5, 0.5, 0.5, 0.5, 0.5, 0.5, 0.5, 0.5, 0.5, 0.5, 0.5, 0.5, 0.5, 0.5, 0.5, 0.5, 0.5, 0.5, 0.5, 0.5, 0.5, 0.5, 0.5, 0.5, 0.5, 0.5, 0.5, 0.5, 0.5, 0.5, 0.5, 0.5, 0.5, 0.5, 0.5, 0.5, 0.5, 0.5, 0.5, 0.5, 0.5, 0.5, 0.5, 0.5, 0.5, 0.5, 0.5, 0.5, 0.5, 0.5, 0.5, 0.5, 0.5, 0.5, 0.5, 0.5, 0.5, 0.5, 0.5, 0.5, 0.5, 0.5, 0.5, 0.5, 0.5, 0.5, 0.5, 0.5, 0.5, 0.5, 0.5, 0.5, 0.5, 0.5, 0.5, 0.5, 0.5, 0.5, 0.5, 0.5, 0.5, 0.5, 0.5, 0.5, 0.5, 0.5, 0.5, 0.5, 0.5, 0.5, 0.5, 0.5, 0.5, 0.5, 0.5, 0.5, 0.5, 0.5, 0.5, 0.5, 0.5, 0.5, 0.5, 0.5, 0.5, 0.5, 0.5, 0.5, 0.5, 0.5, 0.5, 0.5, 0.5, 0.5, 0.5, 0.5, 0.5, 0.5, 0.5, 0.5, 0.5, 0.5, 0.5, 0.5, 0.5, 0.5, 0.5, 0.5, 0.5, 0.5, 0.5, 0.5, 0.5, 0.5, 0.5, 0.5, 0.5, 0.5, 0.5, 0.5, 0.5, 0.5, 0.5, 0.5, 0.5, 0.5, 0.5, 0.5, 0.5, 0.5, 0.5, 0.5, 0.5, 0.5, 0.5, 0.5, 0.5, 0.5, 0.5, 0.5, 0.5, 0.5, 0.5, 0.5, 0.5, 0.5, 0.5, 0.5, 0.5, 0.5, 0.5, 0.5, 0.5, 0.5, 0.5, 0.5, 0.5, 0.5, 0.5, 0.5, 0.5, 0.5, 0.5, 0.5, 0.5, 0.5, 0.5, 0.5, 0.5, 0.5, 0.5, 0.5, 0.5, 0.5, 0.5, 0.5, 0.5, 0.5, 0.5, 0.5, 0.5, 0.5, 0.5, 0.5, 0.5, 0.5, 0.5, 0.5, 0.5, 0.5, 0.5, 0.5, 0.5, 0.5, 0.5, 0.5, 0.5, 0.5, 0.5, 0.5, 0.5, 0.5, 0.5, 0.5, 0.5, 0.5, 0.5, 0.5, 0.5, 0.5, 0.5, 0.5, 0.5, 0.5, 0.5, 0.5, 0.5, 0.5, 0.5, 0.5, 0.5, 0.5, 0.5, 0.5, 0.5, 0.5, 0.5, 0.5, 0.5, 0.5, 0.5, 0.5, 0.5, 0.5, 0.5, 0.5, 0.5, 0.5, 0.5, 0.5, 0.5, 0.5, 0.5, 0.5, 0.5, 0.5, 0.5, 0.5, 0.5, 0.5, 0.5, 0.5, 0.5, 0.5, 0.5, 0.5, 0.5, 0.5, 0.5, 0.5, 0.5, 0.5, 0.5, 0.5, 0.5, 0.5, 0.5, 0.5, 0.5, 0.5, 0.5, 0.5, 0.5, 0.5, 0.5, 0.5, 0.5, 0.5, 0.5, 0.5, 0.5, 0.5, 0.5, 0.5, 0.5, 0.5, 0.5, 0.5, 0.5, 0.5, 0.5, 0.5, 0.5, 0.5, 0.5, 0.5, 0.5, 0.5, 0.5, 0.5, 0.5, 0.5, 0.5, 0.5, 0.5, 0.5, 0.5, 0.5, 0.5, 0.5, 0.5, 0.5, 0.5, 0.5, 0.5, 0.5, 0.5, 0.5, 0.5, 0.5, 0.5, 0.5, 0.5, 0.5, 0.5, 0.5, 0.5, 0.5, 0.5, 0.5, 0.5, 0.5, 0.5, 0.5, 0.5, 0.5, 0.5, 0.5, 0.5, 0.5, 0.5, 0.5, 0.5, 0.5, 0.5, 0.5, 0.5, 0.5, 0.5, 0.5, 0.5, 0.5, 0.5, 0.5, 0.5, 0.5, 0.5, 0.5, 0.5, 0.5, 0.5, 0.5, 0.5, 0.5, 0.5, 0.5, 0.5, 0.5, 0.5, 0.5, 0.5, 0.5, 0.5, 0.5, 0.5, 0.5, 0.5, 0.5, 0.5, 0.5, 0.5, 0.5, 0.5, 0.5, 0.5, 0.5, 0.5, 0.5, 0.5, 0.5, 0.5, 0.5, 0.5, 0.5, 0.5, 0.5, 0.5, 0.5, 0.5, 0.5, 0.5, 0.5, 0.5, 0.5, 0.5, 0.5, 0.5, 0.5, 0.5, 0.5, 0.5, 0.5, 0.5, 0.5, 0.5, 0.5, 0.5, 0.5, 0.5, 0.5, 0.5, 0.5, 0.5, 0.5, 0.5, 0.5, 0.5, 0.5, 0.5, 0.5, 0.5, 0.5, 0.5, 0.5, 0.5, 0.5, 0.5, 0.5, 0.5, 0.5, 0.5, 0.5, 0.5, 0.5, 0.5, 0.5, 0.5, 0.5, 0.5, 0.5, 0.5, 0.5, 0.5, 0.5, 0.5, 0.5, 0.5, 0.5, 0.5, 0.5, 0.5, 0.5, 0.5, 0.5, 0.5, 0.5, 0.5, 0.5, 0.5, 0.5, 0.5, 0.5, 0.5, 0.5, 0.5, 0.5, 0.5, 0.5, 0.5, 0.5, 0.5, 0.5, 0.5, 0.5, 0.5, 0.5, 0.5, 0.5, 0.5, 0.5, 0.5, 0.5, 0.5, 0.5, 0.5, 0.5, 0.5, 0.5, 0.5, 0.5, 0.5, 0.5, 0.5, 0.5, 0.5, 0.5, 0.5, 0.5, 0.5, 0.5, 0.5, 0.5, 0.5, 0.5, 0.5, 0.5, 0.5, 0.5, 0.5, 0.5, 0.5, 0.5, 0.5, 0.5, 0.5, 0.5, 0.5, 0.5, 0.5, 0.5, 0.5, 0.5, 0.5, 0.5, 0.5, 0.5, 0.5, 0.5, 0.5, 0.5, 0.5, 0.5, 0.5, 0.5, 0.5, 0.5, 0.5, 0.5, 0.5, 0.5, 0.5, 0.5, 0.5, 0.5, 0.5, 0.5, 0.5, 0.5, 0.5, 0.5, 0.5, 0.5, 0.5, 0.5, 0.5, 0.5, 0.5, 0.5, 0.5, 0.5, 0.5, 0.5, 0.5, 0.5, 0.5, 0.5, 0.5, 0.5, 0.5, 0.5, 0.5, 0.5, 0.5, 0.5, 0.5, 0.5, 0.5, 0.5, 0.5, 0.5, 0.5, 0.5, 0.5, 0.5, 0.5, 0.5, 0.5, 0.5, 0.5, 0.5, 0.5, 0.5, 0.5, 0.5, 0.5, 0.5, 0.5, 0.5, 0.5, 0.5, 0.5, 0.5, 0.5, 0.5, 0.5, 0.5, 0.5, 0.5, 0.5, 0.5, 0.5, 0.5, 0.5, 0.5, 0.5, 0.5, 0.5, 0.5, 0.5, 0.5, 0.5, 0.5, 0.5, 0.5, 0.5, 0.5, 0.5, 0.5, 0.5, 0.5, 0.5, 0.5, 0.5, 0.5, 0.5, 0.5, 0.5, 0.5, 0.5, 0.5, 0.5, 0.5, 0.5, 0.5, 0.5, 0.5, 0.5, 0.5, 0.5, 0.5, 0.5, 0.5, 0.5, 0.5, 0.5, 0.5, 0.5, 0.5, 0.5, 0.5, 0.5, 0.5, 0.5, 0.5, 0.5, 0.5, 0.5, 0.5, 0.5, 0.5, 0.5, 0.5, 0.5, 0.5, 0.5, 0.5, 0.5, 0.5, 0.5, 0.5, 0.5, 0.5, 0.5, 0.5, 0.5, 0.5, 0.5, 0.5, 0.5, 0.5, 0.5, 0.5, 0.5, 0.5, 0.5, 0.5, 0.5, 0.5, 0.5, 0.5, 0.5, 0.5, 0.5, 0.5, 0.5, 0.5, 0.5, 0.5, 0.5, 0.5, 0.5, 0.5]",0
2026_11_KICE_22-26_4,['2(2)'],"1번: 적절하다 + ""(천지간에 만물이 소리를 내게 만드는 것은 무엇인가? … 그런즉 사람이 소리를 내게 하는 것은 기이다.)""

2번: 적절하지 않다 + ""(쓸모 있는 소리에는 아름다운 소리와 흩어지는 소리가 있다. … 또 바른 것 같으면서 삿된 것도 있고, 혹 삿된 것 같으면서 바른 것도 있다.)""

3번: 적절하다 + ""(최립은 좋은 소리를 내는 사람에 가깝다. 그의 문장이 비록 완성된 것은 아니지만 그 뜻은 바름을 향한다.)""

4번: 적절하다 + ""(그 뜻은 바름을 향한다. 그러니 학업을 게을리하지 않는다면 바르게 되는 데 무슨 어려움이 있겠는가.)""

5번: 적절하다 + ""(사람의 소리는 기가 크면 그 소리가 크게 나고 기가 작으면 그 소리가 작게 나니, 최립의 기는 가히 크다고 하겠다.)""

최종 정답: 2","[16, 167, 110, 230, 25, 23821, 254, 223, 168, 254, 230, 47991, 246, 46695, 97, 1343, 30629, 168, 110, 250, 168, 100, 222, 166, 108, 226, 168, 245, 238, 31619, 100, 234, 167, 45539, 35975, 112, 23821, 228, 234, 167, 99, 105, 167, 98, 120, 31619, 224, 112, 166, 110, 234, 31619, 100, 234, 167, 241, 250, 167, 232, 242, 220, 166, 110, 225, 35975, 222, 31619, 105, 112, 168, 245, 229, 35975, 116, 166, 108, 222, 30, 3926, 220, 166, 115, 116, 167, 253, 108, 168, 99, 231, 23821, 8955, 167, 252, 234, 35975, 112, 23821, 228, 234, 167, 99, 105, 167, 98, 120, 31619, 224, 112, 166, 110, 234, 220, 47991, 246, 167, 232, 242, 220, 166, 110, 225, 35975, 222, 220, 166, 116, 108, 35975, 112, 46695, 97, 2014, 1, 198, 198, 17, 167, 110, 230, 25, 23821, 254, 223, 168, 254, 230, 47991, 246, 168, 100, 222, 23821, 243, 232, 46695, 97, 1343, 30629, 168, 241, 116, 167, 103, 101, 23821, 252, 230, 167, 232, 242, 23821, 228, 234, 167, 99, 105, 168, 245, 238, 167, 232, 242, 23821, 243, 226, 167, 99, 226, 46695, 97, 168, 248, 112, 23821, 228, 234, 167, 99, 105, 168, 247, 222, 220, 169, 251, 102, 168, 244, 112, 168, 100, 222, 167, 232, 242, 23821, 228, 234, 167, 99, 105, 166, 108, 222, 23821, 252, 230, 46695, 97, 13, 3926, 31619, 246, 238, 31619, 108, 242, 167, 98, 116, 220, 166, 110, 225, 220, 166, 108, 247, 168, 250, 120, 167, 102, 112, 168, 226, 250, 23821, 224, 123, 167, 238, 250, 220, 166, 110, 225, 167, 237, 226, 23821, 252, 230, 166, 111, 254, 11, 220, 169, 246, 117, 23821, 224, 123, 167, 238, 250, 220, 166, 110, 225, 220, 166, 108, 247, 168, 250, 120, 167, 102, 112, 168, 226, 250, 31619, 108, 242, 167, 98, 116, 220, 166, 110, 225, 167, 237, 226, 23821, 252, 230, 46695, 97, 2014, 1, 198, 198, 18, 167, 110, 230, 25, 23821, 254, 223, 168, 254, 230, 47991, 246, 46695, 97, 1343, 30629, 168, 113, 250, 167, 99, 121, 35975, 222, 23821, 95, 233, 35975, 222, 23821, 228, 234, 167, 99, 105, 167, 98, 120, 31619, 224, 112, 167, 232, 242, 23821, 8955, 167, 252, 234, 168, 245, 238, 220, 166, 108, 222, 166, 117, 251, 46695, 97, 13, 220, 166, 115, 116, 35975, 246, 31619, 105, 116, 168, 252, 98, 35975, 112, 31619, 117, 226, 167, 94, 251, 23821, 247, 226, 168, 226, 109, 167, 238, 250, 220, 166, 110, 225, 35975, 222, 23821, 243, 226, 46695, 230, 168, 100, 222, 167, 100, 234, 220, 166, 115, 116, 31619, 250, 119, 35975, 222, 31619, 108, 242, 167, 99, 226, 35975, 226, 220, 169, 244, 98, 47991, 250, 46695, 97, 2014, 1, 198, 198, 19, 167, 110, 230, 25, 23821, 254, 223, 168, 254, 230, 47991, 246, 46695, 97, 1343, 30629, 166, 115, 116, 31619, 250, 119, 35975, 222, 31619, 108, 242, 167, 99, 226, 35975, 226, 220, 169, 244, 98, 47991, 250, 46695, 97, 13, 220, 166, 115, 116, 167, 253, 105, 46695, 230, 220, 47991, 247, 168, 245, 227, 35975, 226, 220, 166, 110, 234, 35975, 226, 167, 99, 105, 47991, 246, 168, 100, 222, 23821, 243, 232, 167, 232, 242, 46695, 97, 167, 102, 112, 31619, 108, 242, 167, 98, 112, 166, 110, 234, 31619, 238, 246, 167, 232, 242, 31619, 235, 108, 31619, 105, 112, 168, 232, 101, 23821, 244, 112, 167, 254, 97, 168, 249, 222, 35975, 112, 23821, 252, 230, 166, 110, 254, 167, 232, 242, 166, 108, 222, 2014, 1, 198, 198, 20, 167, 110, 230, 25, 23821, 254, 223, 168, 254, 230, 47991, 246, 46695, 97, 1343, 30629, 168, 8955, 167, 252, 234, 35975, 246, 23821, 228, 234, 167, 99, 105, 167, 232, 242, 220, 166, 116, 108, 166, 108, 222, 220, 169, 223, 105, 167, 102, 112, 220, 166, 115, 116, 23821, 228, 234, 167, 99, 105, 166, 108, 222, 220, 169, 223, 105, 166, 110, 234, 31619, 224, 246, 166, 111, 254, 220, 166, 116, 108, 166, 108, 222, 23821, 252, 239, 168, 250, 120, 167, 102, 112, 220, 166, 115, 116, 23821, 228, 234, 167, 99, 105, 166, 108, 222, 23821, 252, 239, 166, 110, 234, 31619, 224, 246, 46695, 230, 11, 23821, 113, 250, 167, 99, 121, 35975, 246, 220, 166, 116, 108, 167, 232, 242, 220, 166, 108, 222, 169, 252, 230, 220, 169, 223, 105, 46695, 97, 166, 111, 254, 220, 47991, 246, 166, 110, 254, 46695, 97, 2014, 1, 198, 198, 168, 113, 250, 168, 95, 227, 23821, 254, 243, 46695, 113, 25, 362]","[0.5, 0.5, 0.5, 0.5, 0.5, 0.5, 0.5, 0.5, 0.5, 0.5, 0.5, 0.5, 0.5, 0.5, 0.5, 0.5, 0.5, 0.5, 0.5, 0.5, 0.5, 0.5, 0.5, 0.5, 0.5, 0.5, 0.5, 0.5, 0.5, 0.5, 0.5, 0.5, 0.5, 0.5, 0.5, 0.5, 0.5, 0.5, 0.5, 0.5, 0.5, 0.5, 0.5, 0.5, 0.5, 0.5, 0.5, 0.5, 0.5, 0.5, 0.5, 0.5, 0.5, 0.5, 0.5, 0.5, 0.5, 0.5, 0.5, 0.5, 0.5, 0.5, 0.5, 0.5, 0.5, 0.5, 0.5, 0.5, 0.5, 0.5, 0.5, 0.5, 0.5, 0.5, 0.5, 0.5, 0.5, 0.5, 0.5, 0.5, 0.5, 0.5, 0.5, 0.5, 0.5, 0.5, 0.5, 0.5, 0.5, 0.5, 0.5, 0.5, 0.5, 0.5, 0.5, 0.5, 0.5, 0.5, 0.5, 0.5, 0.5, 0.5, 0.5, 0.5, 0.5, 0.5, 0.5, 0.5, 0.5, 0.5, 0.5, 0.5, 0.5, 0.5, 0.5, 0.5, 0.5, 0.5, 0.5, 0.5, 0.5, 0.5, 0.5, 0.5, 0.5, 0.5, 0.5, 0.5, 0.5, 0.5, 0.5, 0.5, 0.5, 0.5, 0.5, 0.5, 0.5, 0.5, 0.5, 0.5, 0.5, 0.5, 0.5, 0.5, 0.5, 0.5, 0.5, 0.5, 0.5, 0.5, 0.5, 0.5, 0.5, 0.5, 0.5, 0.5, 0.5, 0.5, 0.5, 0.5, 0.5, 0.5, 0.5, 0.5, 0.5, 0.5, 0.5, 0.5, 0.5, 0.5, 0.5, 0.5, 0.5, 0.5, 0.5, 0.5, 0.5, 0.5, 0.5, 0.5, 0.5, 0.5, 0.5, 0.5, 0.5, 0.5, 0.5, 0.5, 0.5, 0.5, 0.5, 0.5, 0.5, 0.5, 0.5, 0.5, 0.5, 0.5, 0.5, 0.5, 0.5, 0.5, 0.5, 0.5, 0.5, 0.5, 0.5, 0.5, 0.5, 0.5, 0.5, 0.5, 0.5, 0.5, 0.5, 0.5, 0.5, 0.5, 0.5, 0.5, 0.5, 0.5, 0.5, 0.5, 0.5, 0.5, 0.5, 0.5, 0.5, 0.5, 0.5, 0.5, 0.5, 0.5, 0.5, 0.5, 0.5, 0.5, 0.5, 0.5, 0.5, 0.5, 0.5, 0.5, 0.5, 0.5, 0.5, 0.5, 0.5, 0.5, 0.5, 0.5, 0.5, 0.5, 0.5, 0.5, 0.5, 0.5, 0.5, 0.5, 0.5, 0.5, 0.5, 0.5, 0.5, 0.5, 0.5, 0.5, 0.5, 0.5, 0.5, 0.5, 0.5, 0.5, 0.5, 0.5, 0.5, 0.5, 0.5, 0.5, 0.5, 0.5, 0.5, 0.5, 0.5, 0.5, 0.5, 0.5, 0.5, 0.5, 0.5, 0.5, 0.5, 0.5, 0.5, 0.5, 0.5, 0.5, 0.5, 0.5, 0.5, 0.5, 0.5, 0.5, 0.5, 0.5, 0.5, 0.5, 0.5, 0.5, 0.5, 0.5, 0.5, 0.5, 0.5, 0.5, 0.5, 0.5, 0.5, 0.5, 0.5, 0.5, 0.5, 0.5, 0.5, 0.5, 0.5, 0.5, 0.5, 0.5, 0.5, 0.5, 0.5, 0.5, 0.5, 0.5, 0.5, 0.5, 0.5, 0.5, 0.5, 0.5, 0.5, 0.5, 0.5, 0.5, 0.5, 0.5, 0.5, 0.5, 0.5, 0.5, 0.5, 0.5, 0.5, 0.5, 0.5, 0.5, 0.5, 0.5, 0.5, 0.5, 0.5, 0.5, 0.5, 0.5, 0.5, 0.5, 0.5, 0.5, 0.5, 0.5, 0.5, 0.5, 0.5, 0.5, 0.5, 0.5, 0.5, 0.5, 0.5, 0.5, 0.5, 0.5, 0.5, 0.5, 0.5, 0.5, 0.5, 0.5, 0.5, 0.5, 0.5, 0.5, 0.5, 0.5, 0.5, 0.5, 0.5, 0.5, 0.5, 0.5, 0.5, 0.5, 0.5, 0.5, 0.5, 0.5, 0.5, 0.5, 0.5, 0.5, 0.5, 0.5, 0.5, 0.5, 0.5, 0.5, 0.5, 0.5, 0.5, 0.5, 0.5, 0.5, 0.5, 0.5, 0.5, 0.5, 0.5, 0.5, 0.5, 0.5, 0.5, 0.5, 0.5, 0.5, 0.5, 0.5, 0.5, 0.5, 0.5, 0.5, 0.5, 0.5, 0.5, 0.5, 0.5, 0.5, 0.5, 0.5, 0.5, 0.5, 0.5, 0.5, 0.5, 0.5, 0.5, 0.5, 0.5, 0.5, 0.5, 0.5, 0.5, 0.5, 0.5, 0.5, 0.5, 0.5, 0.5, 0.5, 0.5, 0.5, 0.5, 0.5, 0.5, 0.5, 0.5, 0.5, 0.5, 0.5, 0.5, 0.5, 0.5, 0.5, 0.5, 0.5, 0.5, 0.5, 0.5, 0.5, 0.5, 0.5, 0.5, 0.5, 0.5, 0.5, 0.5, 0.5, 0.5, 0.5, 0.5, 0.5, 0.5, 0.5, 0.5, 0.5, 0.5, 0.5, 0.5, 0.5, 0.5, 0.5, 0.5, 0.5, 0.5, 0.5, 0.5, 0.5, 0.5, 0.5, 0.5, 0.5, 0.5, 0.5, 0.5, 0.5, 0.5, 0.5, 0.5, 0.5, 0.5, 0.5, 0.5, 0.5, 0.5, 0.5, 0.5, 0.5, 0.5, 0.5, 0.5, 0.5, 0.5, 0.5, 0.5, 0.5, 0.5, 0.5, 0.5, 0.5, 0.5, 0.5, 0.5, 0.5, 0.5, 0.5, 0.5, 0.5, 0.5, 0.5, 0.5, 0.5, 0.5, 0.5, 0.5, 0.5, 0.5, 0.5, 0.5, 0.5, 0.5, 0.5, 0.5, 0.5, 0.5, 0.5, 0.5, 0.5, 0.5, 0.5, 0.5, 0.5, 0.5, 0.5, 0.5, 0.5, 0.5, 0.5, 0.5, 0.5, 0.5, 0.5, 0.5, 0.5, 0.5, 0.5, 0.5, 0.5, 0.5, 0.5, 0.5, 0.5, 0.5, 0.5, 0.5, 0.5, 0.5, 0.5, 0.5, 0.5, 0.5, 0.5, 0.5, 0.5, 0.5, 0.5, 0.5, 0.5, 0.5, 0.5, 0.5, 0.5, 0.5, 0.5, 0.5, 0.5, 0.5, 0.5, 0.5, 0.5, 0.5, 0.5, 0.5, 0.5, 0.5, 0.5, 0.5, 0.5, 0.5, 0.5, 0.5, 0.5, 0.5, 0.5, 0.5, 0.5, 0.5, 0.5, 0.5, 0.5, 0.5, 0.5, 0.5, 0.5, 0.5, 0.5, 0.5, 0.5, 0.5, 0.5, 0.5, 0.5, 0.5, 0.5, 0.5, 0.5, 0.5, 0.5, 0.5, 0.5, 0.5, 0.5, 0.5, 0.5, 0.5, 0.5, 0.5, 0.5, 0.5, 0.5, 0.5, 0.5, 0.5, 0.5, 0.5, 0.5, 0.5, 0.5, 0.5, 0.5, 0.5, 0.5, 0.5, 0.5, 0.5, 0.5, 0.5, 0.5, 0.5, 0.5, 0.5, 0.5, 0.5, 0.5, 0.5, 0.5, 0.5, 0.5, 0.5, 0.5, 0.5, 0.5, 0.5, 0.5, 0.5, 0.5, 0.5, 0.5, 0.5, 0.5, 0.5, 0.5, 0.5, 0.5, 0.5, 0.5, 0.5, 0.5, 0.5, 0.5, 0.5, 0.5, 0.5, 0.5, 0.5, 0.5, 0.5, 0.5, 0.5, 0.5, 0.5, 0.5, 0.5, 0.5, 0.5, 0.5, 0.5, 0.5, 0.5, 0.5, 0.5, 0.5, 0.5, 0.5, 0.5, 0.5, 0.5, 0.5, 0.5, 0.5, 0.5, 0.5, 0.5, 0.5, 0.5, 0.5, 0.5, 0.5, 0.5]",2
2026_11_KICE_27-30_0,['5(2)'],"1번: 옳다 + ""(실례지만 선생께서는 8․15 직후에 무슨 청년당 일에……?)""

2번: 옳다 + ""(오랜만에 증오가 되살아나서 온 씨를 냉담하게 바라보며 입을 열었다.)""

3번: 옳다 + ""(당신이 무슨 짓을 꾸미고 있는지 다들 알고 있소.)""

4번: 옳다 + ""(더 이상 서툰 짓은 하지 마시오. 당신이 무슨 짓을 꾸미고 있는지 다들 알고 있소.)""

5번: 부적절하다 + ""(허명두 씨는 오랜만에 증오가 되살아나서 온 씨를 냉담하게 바라보며 입을 열었다.)""

최종 정답: 5","[16, 167, 110, 230, 25, 23821, 246, 111, 46695, 97, 1343, 30629, 168, 233, 97, 167, 94, 222, 168, 100, 222, 167, 100, 234, 23821, 226, 254, 168, 225, 251, 166, 119, 246, 168, 226, 250, 167, 232, 242, 807, 447, 97, 1314, 23821, 100, 223, 169, 249, 226, 168, 245, 238, 31619, 105, 112, 168, 232, 101, 23821, 110, 255, 167, 227, 226, 46695, 117, 23821, 251, 120, 168, 245, 238, 7398, 10091, 1, 198, 198, 17, 167, 110, 230, 25, 23821, 246, 111, 46695, 97, 1343, 30629, 168, 246, 97, 167, 252, 250, 167, 100, 234, 168, 245, 238, 23821, 99, 251, 168, 246, 97, 166, 108, 222, 31619, 238, 246, 168, 224, 112, 168, 243, 226, 167, 224, 246, 168, 226, 250, 23821, 246, 101, 23821, 242, 101, 167, 98, 120, 31619, 225, 231, 46695, 112, 47991, 246, 166, 110, 234, 31619, 108, 242, 167, 251, 120, 167, 111, 112, 167, 102, 108, 23821, 252, 227, 35975, 226, 23821, 245, 112, 168, 245, 230, 46695, 97, 2014, 1, 198, 198, 18, 167, 110, 230, 25, 23821, 246, 111, 46695, 97, 1343, 30629, 46695, 117, 168, 233, 254, 35975, 112, 31619, 105, 112, 168, 232, 101, 23821, 100, 241, 35975, 226, 220, 166, 122, 116, 167, 107, 116, 166, 111, 254, 23821, 252, 230, 167, 232, 242, 168, 100, 222, 31619, 233, 97, 167, 241, 97, 23821, 243, 234, 166, 111, 254, 23821, 252, 230, 168, 228, 234, 2014, 1, 198, 198, 19, 167, 110, 230, 25, 23821, 246, 111, 46695, 97, 1343, 30629, 167, 235, 242, 23821, 251, 112, 168, 225, 223, 23821, 226, 250, 169, 230, 108, 23821, 100, 241, 35975, 222, 220, 47991, 246, 168, 100, 222, 31619, 100, 230, 168, 233, 250, 168, 246, 97, 13, 31619, 233, 117, 168, 233, 254, 35975, 112, 31619, 105, 112, 168, 232, 101, 23821, 100, 241, 35975, 226, 220, 166, 122, 116, 167, 107, 116, 166, 111, 254, 23821, 252, 230, 167, 232, 242, 168, 100, 222, 31619, 233, 97, 167, 241, 97, 23821, 243, 234, 166, 111, 254, 23821, 252, 230, 168, 228, 234, 2014, 1, 198, 198, 20, 167, 110, 230, 25, 31619, 114, 222, 168, 254, 223, 168, 254, 230, 47991, 246, 46695, 97, 1343, 30629, 169, 245, 230, 167, 103, 227, 167, 239, 238, 23821, 242, 101, 167, 232, 242, 23821, 246, 97, 167, 252, 250, 167, 100, 234, 168, 245, 238, 23821, 99, 251, 168, 246, 97, 166, 108, 222, 31619, 238, 246, 168, 224, 112, 168, 243, 226, 167, 224, 246, 168, 226, 250, 23821, 246, 101, 23821, 242, 101, 167, 98, 120, 31619, 225, 231, 46695, 112, 47991, 246, 166, 110, 234, 31619, 108, 242, 167, 251, 120, 167, 111, 112, 167, 102, 108, 23821, 252, 227, 35975, 226, 23821, 245, 112, 168, 245, 230, 46695, 97, 2014, 1, 198, 198, 168, 113, 250, 168, 95, 227, 23821, 254, 243, 46695, 113, 25, 642]","[0.5, 0.5, 0.5, 0.5, 0.5, 0.5, 0.5, 0.5, 0.5, 0.5, 0.5, 0.5, 0.5, 0.5, 0.5, 0.5, 0.5, 0.5, 0.5, 0.5, 0.5, 0.5, 0.5, 0.5, 0.5, 0.5, 0.5, 0.5, 0.5, 0.5, 0.5, 0.5, 0.5, 0.5, 0.5, 0.5, 0.5, 0.5, 0.5, 0.5, 0.5, 0.5, 0.5, 0.5, 0.5, 0.5, 0.5, 0.5, 0.5, 0.5, 0.5, 0.5, 0.5, 0.5, 0.5, 0.5, 0.5, 0.5, 0.5, 0.5, 0.5, 0.5, 0.5, 0.5, 0.5, 0.5, 0.5, 0.5, 0.5, 0.5, 0.5, 0.5, 0.5, 0.5, 0.5, 0.5, 0.5, 0.5, 0.5, 0.5, 0.5, 0.5, 0.5, 0.5, 0.5, 0.5, 0.5, 0.5, 0.5, 0.5, 0.5, 0.5, 0.5, 0.5, 0.5, 0.5, 0.5, 0.5, 0.5, 0.5, 0.5, 0.5, 0.5, 0.5, 0.5, 0.5, 0.5, 0.5, 0.5, 0.5, 0.5, 0.5, 0.5, 0.5, 0.5, 0.5, 0.5, 0.5, 0.5, 0.5, 0.5, 0.5, 0.5, 0.5, 0.5, 0.5, 0.5, 0.5, 0.5, 0.5, 0.5, 0.5, 0.5, 0.5, 0.5, 0.5, 0.5, 0.5, 0.5, 0.5, 0.5, 0.5, 0.5, 0.5, 0.5, 0.5, 0.5, 0.5, 0.5, 0.5, 0.5, 0.5, 0.5, 0.5, 0.5, 0.5, 0.5, 0.5, 0.5, 0.5, 0.5, 0.5, 0.5, 0.5, 0.5, 0.5, 0.5, 0.5, 0.5, 0.5, 0.5, 0.5, 0.5, 0.5, 0.5, 0.5, 0.5, 0.5, 0.5, 0.5, 0.5, 0.5, 0.5, 0.5, 0.5, 0.5, 0.5, 0.5, 0.5, 0.5, 0.5, 0.5, 0.5, 0.5, 0.5, 0.5, 0.5, 0.5, 0.5, 0.5, 0.5, 0.5, 0.5, 0.5, 0.5, 0.5, 0.5, 0.5, 0.5, 0.5, 0.5, 0.5, 0.5, 0.5, 0.5, 0.5, 0.5, 0.5, 0.5, 0.5, 0.5, 0.5, 0.5, 0.5, 0.5, 0.5, 0.5, 0.5, 0.5, 0.5, 0.5, 0.5, 0.5, 0.5, 0.5, 0.5, 0.5, 0.5, 0.5, 0.5, 0.5, 0.5, 0.5, 0.5, 0.5, 0.5, 0.5, 0.5, 0.5, 0.5, 0.5, 0.5, 0.5, 0.5, 0.5, 0.5, 0.5, 0.5, 0.5, 0.5, 0.5, 0.5, 0.5, 0.5, 0.5, 0.5, 0.5, 0.5, 0.5, 0.5, 0.5, 0.5, 0.5, 0.5, 0.5, 0.5, 0.5, 0.5, 0.5, 0.5, 0.5, 0.5, 0.5, 0.5, 0.5, 0.5, 0.5, 0.5, 0.5, 0.5, 0.5, 0.5, 0.5, 0.5, 0.5, 0.5, 0.5, 0.5, 0.5, 0.5, 0.5, 0.5, 0.5, 0.5, 0.5, 0.5, 0.5, 0.5, 0.5, 0.5, 0.5, 0.5, 0.5, 0.5, 0.5, 0.5, 0.5, 0.5, 0.5, 0.5, 0.5, 0.5, 0.5, 0.5, 0.5, 0.5, 0.5, 0.5, 0.5, 0.5, 0.5, 0.5, 0.5, 0.5, 0.5, 0.5, 0.5, 0.5, 0.5, 0.5, 0.5, 0.5, 0.5, 0.5, 0.5, 0.5, 0.5, 0.5, 0.5, 0.5, 0.5, 0.5, 0.5, 0.5, 0.5, 0.5, 0.5, 0.5, 0.5, 0.5, 0.5, 0.5, 0.5, 0.5, 0.5, 0.5, 0.5, 0.5, 0.5, 0.5, 0.5, 0.5, 0.5, 0.5, 0.5, 0.5, 0.5, 0.5, 0.5, 0.5, 0.5, 0.5, 0.5, 0.5, 0.5, 0.5, 0.5, 0.5, 0.5, 0.5, 0.5, 0.5, 0.5, 0.5, 0.5, 0.5, 0.5, 0.5, 0.5, 0.5, 0.5, 0.5, 0.5, 0.5, 0.5, 0.5, 0.5, 0.5, 0.5, 0.5, 0.5, 0.5, 0.5, 0.5, 0.5, 0.5, 0.5, 0.5, 0.5, 0.5, 0.5, 0.5, 0.5, 0.5, 0.5, 0.5, 0.5, 0.5, 0.5, 0.5, 0.5, 0.5, 0.5, 0.5, 0.5, 0.5, 0.5, 0.5, 0.5, 0.5, 0.5, 0.5, 0.5, 0.5, 0.5, 0.5, 0.5, 0.5, 0.5, 0.5, 0.5, 0.5, 0.5, 0.5, 0.5, 0.5, 0.5, 0.5, 0.5, 0.5, 0.5, 0.5, 0.5, 0.5, 0.5, 0.5, 0.5, 0.5, 0.5, 0.5, 0.5, 0.5, 0.5, 0.5, 0.5, 0.5, 0.5, 0.5, 0.5, 0.5, 0.5, 0.5, 0.5, 0.5]",2
2026_11_KICE_27-30_1,['5(2)'],"1번: 1번 - ⓐ가 형성된 과정은 ⓑ가 주변에 전해진 것과 무관하다 + ""(지문 속 근거가 된 문장) '온 씨가 만나는 사람에게마다 ⓐ[이야기]를 퍼뜨렸기 때문이었다.'""

2번: 2번 - ⓐ가 처음 퍼진 시점은 ⓑ가 처음 퍼진 시점보다 앞선다 + ""(지문 속 근거가 된 문장) '그가 ⓑ[소문]을 듣고 찾아온 온 씨와 만나 언쟁을 벌이게 되었던 것이지만,...'""

3번: 3번 - ⓐ는 ⓑ로 인한 인물 간의 갈등을 해결할 실마리를 제공하고 있다 + ""(지문 속 근거가 된 문장) '명분이나 사리의 옳음이란 것이 싸움에 무슨 필요가 있단 말인가.'; '문제는 그것이 아직까지는 완전히 지나간 게 아니라는 데 있었다.'""

4번: 4번 - ⓐ가 주변에 빠르게 확산된 것은 ⓑ가 거짓으로 판명되었기 때문이다 + ""(지문 속 근거가 된 문장) 해당 주장과 부합하는 구체적인 근거는 제시되지 않는다; 예시로는 '온 씨가 만나는 사람에게마다 ⓐ 이야기를 퍼뜨렸기 때문이었다.' 같은 문장이 있을 뿐, ⓑ의 거짓 여부를 밝히는 문장은 없다.""

5번: 5번 - ⓐ에는 ⓐ를 처음 퍼뜨린 인물이 ⓑ와 관련하여 찾아가 만난 인물에게 확인한 내용이 반영되어 있다 + ""(지문 속 근거가 된 문장) '온 씨가 만나는 사람에게마다 ⓐ[이야기]를 퍼뜨렸기 때문이었다.'""

최종 정답: 1","[16, 167, 110, 230, 25, 352, 167, 110, 230, 532, 2343, 241, 238, 166, 108, 222, 220, 169, 246, 243, 168, 226, 109, 167, 238, 250, 220, 166, 111, 120, 168, 254, 243, 35975, 222, 2343, 241, 239, 166, 108, 222, 23821, 96, 120, 167, 111, 222, 168, 245, 238, 23821, 254, 226, 47991, 112, 168, 100, 226, 220, 166, 110, 225, 166, 111, 120, 31619, 105, 112, 166, 112, 222, 47991, 246, 46695, 97, 1343, 30629, 168, 100, 222, 167, 105, 116, 23821, 228, 235, 220, 166, 115, 120, 166, 109, 108, 166, 108, 222, 31619, 238, 250, 31619, 105, 116, 168, 252, 98, 8, 705, 168, 246, 101, 23821, 242, 101, 166, 108, 222, 31619, 100, 234, 167, 224, 246, 167, 232, 242, 23821, 8955, 167, 252, 234, 168, 245, 238, 166, 110, 234, 167, 100, 230, 46695, 97, 2343, 241, 238, 58, 35975, 112, 168, 243, 120, 166, 116, 108, 60, 167, 98, 120, 220, 169, 235, 120, 167, 250, 101, 167, 254, 116, 166, 116, 108, 31619, 243, 234, 167, 105, 116, 35975, 112, 168, 245, 230, 46695, 97, 11496, 198, 198, 17, 167, 110, 230, 25, 362, 167, 110, 230, 532, 2343, 241, 238, 166, 108, 222, 23821, 110, 246, 35975, 234, 220, 169, 235, 120, 168, 100, 226, 23821, 233, 250, 168, 254, 238, 35975, 222, 2343, 241, 239, 166, 108, 222, 23821, 110, 246, 35975, 234, 220, 169, 235, 120, 168, 100, 226, 23821, 233, 250, 168, 254, 238, 167, 111, 112, 46695, 97, 23821, 243, 252, 168, 226, 254, 46695, 97, 1343, 30629, 168, 100, 222, 167, 105, 116, 23821, 228, 235, 220, 166, 115, 120, 166, 109, 108, 166, 108, 222, 31619, 238, 250, 31619, 105, 116, 168, 252, 98, 8, 705, 166, 115, 116, 166, 108, 222, 2343, 241, 239, 58, 168, 228, 234, 167, 105, 116, 60, 35975, 226, 31619, 241, 96, 166, 111, 254, 23821, 108, 122, 168, 243, 226, 168, 246, 101, 23821, 246, 101, 23821, 242, 101, 168, 247, 222, 31619, 100, 234, 167, 224, 246, 23821, 244, 116, 168, 253, 223, 35975, 226, 31619, 110, 234, 35975, 112, 166, 110, 234, 31619, 238, 246, 168, 245, 230, 167, 235, 246, 220, 166, 110, 225, 35975, 112, 168, 100, 222, 167, 100, 234, 42303, 29653, 198, 198, 18, 167, 110, 230, 25, 513, 167, 110, 230, 532, 2343, 241, 238, 167, 232, 242, 2343, 241, 239, 167, 94, 250, 23821, 251, 116, 47991, 250, 23821, 251, 116, 167, 45539, 220, 166, 108, 226, 35975, 246, 220, 166, 108, 230, 167, 241, 109, 35975, 226, 220, 47991, 112, 166, 110, 108, 47991, 254, 23821, 233, 97, 167, 100, 230, 167, 99, 105, 167, 98, 120, 23821, 254, 250, 166, 111, 113, 47991, 246, 166, 111, 254, 23821, 252, 230, 46695, 97, 1343, 30629, 168, 100, 222, 167, 105, 116, 23821, 228, 235, 220, 166, 115, 120, 166, 109, 108, 166, 108, 222, 31619, 238, 250, 31619, 105, 116, 168, 252, 98, 8, 705, 167, 103, 227, 167, 114, 226, 35975, 112, 167, 224, 246, 23821, 8955, 167, 99, 105, 35975, 246, 23821, 246, 111, 35975, 234, 35975, 112, 167, 252, 222, 220, 166, 110, 225, 35975, 112, 23821, 233, 116, 168, 249, 222, 168, 245, 238, 31619, 105, 112, 168, 232, 101, 220, 47991, 226, 168, 248, 242, 166, 108, 222, 23821, 252, 230, 46695, 101, 31619, 100, 238, 35975, 116, 166, 108, 222, 2637, 26, 705, 167, 105, 116, 168, 254, 250, 167, 232, 242, 220, 166, 115, 116, 166, 110, 225, 35975, 112, 23821, 243, 226, 168, 100, 223, 166, 117, 234, 168, 100, 222, 167, 232, 242, 23821, 247, 226, 168, 254, 226, 169, 252, 230, 23821, 100, 222, 167, 224, 246, 166, 108, 226, 220, 166, 110, 234, 23821, 243, 226, 46695, 230, 167, 251, 120, 167, 232, 242, 31619, 235, 108, 23821, 252, 230, 168, 245, 230, 46695, 97, 11496, 198, 198, 19, 167, 110, 230, 25, 604, 167, 110, 230, 532, 2343, 241, 238, 166, 108, 222, 23821, 96, 120, 167, 111, 222, 168, 245, 238, 31619, 117, 254, 167, 98, 112, 166, 110, 234, 220, 169, 247, 243, 168, 224, 108, 167, 238, 250, 220, 166, 110, 225, 35975, 222, 2343, 241, 239, 166, 108, 222, 220, 166, 109, 108, 168, 100, 241, 168, 250, 120, 167, 94, 250, 220, 169, 234, 238, 167, 103, 227, 167, 238, 246, 168, 245, 230, 166, 116, 108, 31619, 243, 234, 167, 105, 116, 35975, 112, 46695, 97, 1343, 30629, 168, 100, 222, 167, 105, 116, 23821, 228, 235, 220, 166, 115, 120, 166, 109, 108, 166, 108, 222, 31619, 238, 250, 31619, 105, 116, 168, 252, 98, 8, 220, 47991, 112, 46695, 117, 23821, 96, 120, 168, 252, 98, 166, 111, 120, 31619, 114, 222, 47991, 102, 47991, 246, 167, 232, 242, 220, 166, 113, 105, 168, 110, 112, 168, 254, 223, 35975, 116, 220, 166, 115, 120, 166, 109, 108, 167, 232, 242, 23821, 254, 250, 168, 233, 250, 167, 238, 246, 168, 100, 222, 23821, 243, 232, 167, 232, 242, 46695, 97, 26, 23821, 246, 230, 168, 233, 250, 167, 94, 250, 167, 232, 242, 705, 168, 246, 101, 23821, 242, 101, 166, 108, 222, 31619, 100, 234, 167, 224, 246, 167, 232, 242, 23821, 8955, 167, 252, 234, 168, 245, 238, 166, 110, 234, 167, 100, 230, 46695, 97, 2343, 241, 238, 23821, 251, 112, 168, 243, 120, 166, 116, 108, 167, 98, 120, 220, 169, 235, 120, 167, 250, 101, 167, 254, 116, 166, 116, 108, 31619, 243, 234, 167, 105, 116, 35975, 112, 168, 245, 230, 46695, 97, 2637, 220, 166, 108, 247, 35975, 222, 31619, 105, 116, 168, 252, 98, 35975, 112, 23821, 252, 230, 35975, 226, 31619, 123, 238, 11, 2343, 241, 239, 35975, 246, 220, 166, 109, 108, 168, 100, 241, 23821, 245, 105, 167, 114, 222, 167, 98, 120, 31619, 108, 251, 169, 252, 230, 167, 232, 242, 31619, 105, 116, 168, 252, 98, 35975, 222, 23821, 245, 228, 46695, 97, 526, 198, 198, 20, 167, 110, 230, 25, 642, 167, 110, 230, 532, 2343, 241, 238, 168, 245, 238, 167, 232, 242, 2343, 241, 238, 167, 98, 120, 23821, 110, 246, 35975, 234, 220, 169, 235, 120, 167, 250, 101, 167, 99, 108, 23821, 251, 116, 167, 45539, 35975, 112, 2343, 241, 239, 168, 247, 222, 220, 166, 112, 222, 167, 254, 101, 47991, 246, 168, 245, 105, 23821, 108, 122, 168, 243, 226, 166, 108, 222, 31619, 100, 234, 167, 224, 250, 23821, 251, 116, 167, 45539, 168, 245, 238, 166, 110, 234, 220, 169, 247, 243, 35975, 116, 47991, 250, 31619, 224, 112, 168, 248, 102, 35975, 112, 31619, 108, 246, 168, 246, 223, 167, 238, 246, 168, 244, 112, 23821, 252, 230, 46695, 97, 1343, 30629, 168, 100, 222, 167, 105, 116, 23821, 228, 235, 220, 166, 115, 120, 166, 109, 108, 166, 108, 222, 31619, 238, 250, 31619, 105, 116, 168, 252, 98, 8, 705, 168, 246, 101, 23821, 242, 101, 166, 108, 222, 31619, 100, 234, 167, 224, 246, 167, 232, 242, 23821, 8955, 167, 252, 234, 168, 245, 238, 166, 110, 234, 167, 100, 230, 46695, 97, 2343, 241, 238, 58, 35975, 112, 168, 243, 120, 166, 116, 108, 60, 167, 98, 120, 220, 169, 235, 120, 167, 250, 101, 167, 254, 116, 166, 116, 108, 31619, 243, 234, 167, 105, 116, 35975, 112, 168, 245, 230, 46695, 97, 11496, 198, 198, 168, 113, 250, 168, 95, 227, 23821, 254, 243, 46695, 113, 25, 352]","[0.5, 0.5, 0.5, 0.5, 0.5, 0.5, 0.5, 0.5, 0.5, 0.5, 0.5, 0.5, 0.5, 0.5, 0.5, 0.5, 0.5, 0.5, 0.5, 0.5, 0.5, 0.5, 0.5, 0.5, 0.5, 0.5, 0.5, 0.5, 0.5, 0.5, 0.5, 0.5, 0.5, 0.5, 0.5, 0.5, 0.5, 0.5, 0.5, 0.5, 0.5, 0.5, 0.5, 0.5, 0.5, 0.5, 0.5, 0.5, 0.5, 0.5, 0.5, 0.5, 0.5, 0.5, 0.5, 0.5, 0.5, 0.5, 0.5, 0.5, 0.5, 0.5, 0.5, 0.5, 0.5, 0.5, 0.5, 0.5, 0.5, 0.5, 0.5, 0.5, 0.5, 0.5, 0.5, 0.5, 0.5, 0.5, 0.5, 0.5, 0.5, 0.5, 0.5, 0.5, 0.5, 0.5, 0.5, 0.5, 0.5, 0.5, 0.5, 0.5, 0.5, 0.5, 0.5, 0.5, 0.5, 0.5, 0.5, 0.5, 0.5, 0.5, 0.5, 0.5, 0.5, 0.5, 0.5, 0.5, 0.5, 0.5, 0.5, 0.5, 0.5, 0.5, 0.5, 0.5, 0.5, 0.5, 0.5, 0.5, 0.5, 0.5, 0.5, 0.5, 0.5, 0.5, 0.5, 0.5, 0.5, 0.5, 0.5, 0.5, 0.5, 0.5, 0.5, 0.5, 0.5, 0.5, 0.5, 0.5, 0.5, 0.5, 0.5, 0.5, 0.5, 0.5, 0.5, 0.5, 0.5, 0.5, 0.5, 0.5, 0.5, 0.5, 0.5, 0.5, 0.5, 0.5, 0.5, 0.5, 0.5, 0.5, 0.5, 0.5, 0.5, 0.5, 0.5, 0.5, 0.5, 0.5, 0.5, 0.5, 0.5, 0.5, 0.5, 0.5, 0.5, 0.5, 0.5, 0.5, 0.5, 0.5, 0.5, 0.5, 0.5, 0.5, 0.5, 0.5, 0.5, 0.5, 0.5, 0.5, 0.5, 0.5, 0.5, 0.5, 0.5, 0.5, 0.5, 0.5, 0.5, 0.5, 0.5, 0.5, 0.5, 0.5, 0.5, 0.5, 0.5, 0.5, 0.5, 0.5, 0.5, 0.5, 0.5, 0.5, 0.5, 0.5, 0.5, 0.5, 0.5, 0.5, 0.5, 0.5, 0.5, 0.5, 0.5, 0.5, 0.5, 0.5, 0.5, 0.5, 0.5, 0.5, 0.5, 0.5, 0.5, 0.5, 0.5, 0.5, 0.5, 0.5, 0.5, 0.5, 0.5, 0.5, 0.5, 0.5, 0.5, 0.5, 0.5, 0.5, 0.5, 0.5, 0.5, 0.5, 0.5, 0.5, 0.5, 0.5, 0.5, 0.5, 0.5, 0.5, 0.5, 0.5, 0.5, 0.5, 0.5, 0.5, 0.5, 0.5, 0.5, 0.5, 0.5, 0.5, 0.5, 0.5, 0.5, 0.5, 0.5, 0.5, 0.5, 0.5, 0.5, 0.5, 0.5, 0.5, 0.5, 0.5, 0.5, 0.5, 0.5, 0.5, 0.5, 0.5, 0.5, 0.5, 0.5, 0.5, 0.5, 0.5, 0.5, 0.5, 0.5, 0.5, 0.5, 0.5, 0.5, 0.5, 0.5, 0.5, 0.5, 0.5, 0.5, 0.5, 0.5, 0.5, 0.5, 0.5, 0.5, 0.5, 0.5, 0.5, 0.5, 0.5, 0.5, 0.5, 0.5, 0.5, 0.5, 0.5, 0.5, 0.5, 0.5, 0.5, 0.5, 0.5, 0.5, 0.5, 0.5, 0.5, 0.5, 0.5, 0.5, 0.5, 0.5, 0.5, 0.5, 0.5, 0.5, 0.5, 0.5, 0.5, 0.5, 0.5, 0.5, 0.5, 0.5, 0.5, 0.5, 0.5, 0.5, 0.5, 0.5, 0.5, 0.5, 0.5, 0.5, 0.5, 0.5, 0.5, 0.5, 0.5, 0.5, 0.5, 0.5, 0.5, 0.5, 0.5, 0.5, 0.5, 0.5, 0.5, 0.5, 0.5, 0.5, 0.5, 0.5, 0.5, 0.5, 0.5, 0.5, 0.5, 0.5, 0.5, 0.5, 0.5, 0.5, 0.5, 0.5, 0.5, 0.5, 0.5, 0.5, 0.5, 0.5, 0.5, 0.5, 0.5, 0.5, 0.5, 0.5, 0.5, 0.5, 0.5, 0.5, 0.5, 0.5, 0.5, 0.5, 0.5, 0.5, 0.5, 0.5, 0.5, 0.5, 0.5, 0.5, 0.5, 0.5, 0.5, 0.5, 0.5, 0.5, 0.5, 0.5, 0.5, 0.5, 0.5, 0.5, 0.5, 0.5, 0.5, 0.5, 0.5, 0.5, 0.5, 0.5, 0.5, 0.5, 0.5, 0.5, 0.5, 0.5, 0.5, 0.5, 0.5, 0.5, 0.5, 0.5, 0.5, 0.5, 0.5, 0.5, 0.5, 0.5, 0.5, 0.5, 0.5, 0.5, 0.5, 0.5, 0.5, 0.5, 0.5, 0.5, 0.5, 0.5, 0.5, 0.5, 0.5, 0.5, 0.5, 0.5, 0.5, 0.5, 0.5, 0.5, 0.5, 0.5, 0.5, 0.5, 0.5, 0.5, 0.5, 0.5, 0.5, 0.5, 0.5, 0.5, 0.5, 0.5, 0.5, 0.5, 0.5, 0.5, 0.5, 0.5, 0.5, 0.5, 0.5, 0.5, 0.5, 0.5, 0.5, 0.5, 0.5, 0.5, 0.5, 0.5, 0.5, 0.5, 0.5, 0.5, 0.5, 0.5, 0.5, 0.5, 0.5, 0.5, 0.5, 0.5, 0.5, 0.5, 0.5, 0.5, 0.5, 0.5, 0.5, 0.5, 0.5, 0.5, 0.5, 0.5, 0.5, 0.5, 0.5, 0.5, 0.5, 0.5, 0.5, 0.5, 0.5, 0.5, 0.5, 0.5, 0.5, 0.5, 0.5, 0.5, 0.5, 0.5, 0.5, 0.5, 0.5, 0.5, 0.5, 0.5, 0.5, 0.5, 0.5, 0.5, 0.5, 0.5, 0.5, 0.5, 0.5, 0.5, 0.5, 0.5, 0.5, 0.5, 0.5, 0.5, 0.5, 0.5, 0.5, 0.5, 0.5, 0.5, 0.5, 0.5, 0.5, 0.5, 0.5, 0.5, 0.5, 0.5, 0.5, 0.5, 0.5, 0.5, 0.5, 0.5, 0.5, 0.5, 0.5, 0.5, 0.5, 0.5, 0.5, 0.5, 0.5, 0.5, 0.5, 0.5, 0.5, 0.5, 0.5, 0.5, 0.5, 0.5, 0.5, 0.5, 0.5, 0.5, 0.5, 0.5, 0.5, 0.5, 0.5, 0.5, 0.5, 0.5, 0.5, 0.5, 0.5, 0.5, 0.5, 0.5, 0.5, 0.5, 0.5, 0.5, 0.5, 0.5, 0.5, 0.5, 0.5, 0.5, 0.5, 0.5, 0.5, 0.5, 0.5, 0.5, 0.5, 0.5, 0.5, 0.5, 0.5, 0.5, 0.5, 0.5, 0.5, 0.5, 0.5, 0.5, 0.5, 0.5, 0.5, 0.5, 0.5, 0.5, 0.5, 0.5, 0.5, 0.5, 0.5, 0.5, 0.5, 0.5, 0.5, 0.5, 0.5, 0.5, 0.5, 0.5, 0.5, 0.5, 0.5, 0.5, 0.5, 0.5, 0.5, 0.5, 0.5, 0.5, 0.5, 0.5, 0.5, 0.5, 0.5, 0.5, 0.5, 0.5, 0.5, 0.5, 0.5, 0.5, 0.5, 0.5, 0.5, 0.5, 0.5, 0.5, 0.5, 0.5, 0.5, 0.5, 0.5, 0.5, 0.5, 0.5, 0.5, 0.5, 0.5, 0.5, 0.5, 0.5, 0.5, 0.5, 0.5, 0.5, 0.5, 0.5, 0.5, 0.5, 0.5, 0.5, 0.5, 0.5, 0.5, 0.5, 0.5, 0.5, 0.5, 0.5, 0.5, 0.5, 0.5, 0.5, 0.5, 0.5, 0.5, 0.5, 0.5, 0.5, 0.5, 0.5, 0.5, 0.5, 0.5, 0.5, 0.5, 0.5, 0.5, 0.5, 0.5, 0.5, 0.5, 0.5, 0.5, 0.5, 0.5, 0.5, 0.5, 0.5, 0.5, 0.5, 0.5, 0.5, 0.5, 0.5, 0.5, 0.5, 0.5, 0.5, 0.5, 0.5, 0.5, 0.5, 0.5, 0.5, 0.5, 0.5, 0.5, 0.5, 0.5, 0.5, 0.5, 0.5, 0.5, 0.5, 0.5, 0.5, 0.5, 0.5, 0.5, 0.5, 0.5, 0.5, 0.5, 0.5, 0.5, 0.5, 0.5, 0.5, 0.5, 0.5, 0.5, 0.5, 0.5, 0.5, 0.5, 0.5, 0.5, 0.5, 0.5, 0.5, 0.5, 0.5, 0.5, 0.5, 0.5, 0.5, 0.5, 0.5, 0.5, 0.5, 0.5, 0.5, 0.5, 0.5, 0.5, 0.5, 0.5, 0.5, 0.5, 0.5, 0.5, 0.5, 0.5, 0.5, 0.5, 0.5, 0.5, 0.5, 0.5, 0.5, 0.5, 0.5, 0.5, 0.5, 0.5, 0.5, 0.5, 0.5, 0.5, 0.5, 0.5, 0.5, 0.5, 0.5, 0.5, 0.5, 0.5, 0.5, 0.5, 0.5, 0.5, 0.5, 0.5, 0.5, 0.5, 0.5, 0.5, 0.5, 0.5, 0.5, 0.5, 0.5, 0.5, 0.5, 0.5, 0.5, 0.5, 0.5, 0.5, 0.5, 0.5, 0.5, 0.5, 0.5, 0.5, 0.5, 0.5, 0.5, 0.5, 0.5, 0.5, 0.5, 0.5, 0.5, 0.5, 0.5, 0.5, 0.5, 0.5, 0.5, 0.5, 0.5, 0.5, 0.5, 0.5, 0.5, 0.5, 0.5, 0.5, 0.5, 0.5, 0.5, 0.5, 0.5, 0.5, 0.5, 0.5, 0.5, 0.5, 0.5, 0.5, 0.5, 0.5, 0.5, 0.5, 0.5, 0.5, 0.5, 0.5, 0.5, 0.5, 0.5, 0.5, 0.5, 0.5, 0.5, 0.5, 0.5, 0.5, 0.5, 0.5, 0.5, 0.5, 0.5, 0.5, 0.5, 0.5, 0.5, 0.5, 0.5, 0.5, 0.5, 0.5, 0.5, 0.5, 0.5, 0.5, 0.5, 0.5, 0.5, 0.5, 0.5, 0.5, 0.5, 0.5, 0.5, 0.5, 0.5, 0.5, 0.5, 0.5, 0.5, 0.5, 0.5, 0.5, 0.5, 0.5, 0.5, 0.5, 0.5, 0.5, 0.5, 0.5, 0.5, 0.5, 0.5, 0.5, 0.5, 0.5, 0.5, 0.5, 0.5, 0.5, 0.5, 0.5, 0.5, 0.5, 0.5, 0.5, 0.5, 0.5, 0.5, 0.5, 0.5, 0.5, 0.5, 0.5, 0.5, 0.5, 0.5, 0.5, 0.5, 0.5, 0.5, 0.5, 0.5, 0.5, 0.5, 0.5, 0.5, 0.5, 0.5, 0.5, 0.5, 0.5, 0.5, 0.5, 0.5, 0.5, 0.5, 0.5, 0.5, 0.5, 0.5, 0.5, 0.5, 0.5, 0.5, 0.5, 0.5, 0.5, 0.5, 0.5, 0.5, 0.5, 0.5, 0.5, 0.5, 0.5, 0.5, 0.5, 0.5, 0.5, 0.5, 0.5, 0.5, 0.5, 0.5, 0.5, 0.5, 0.5, 0.5, 0.5, 0.5, 0.5, 0.5, 0.5, 0.5, 0.5, 0.5, 0.5, 0.5, 0.5, 0.5, 0.5, 0.5, 0.5, 0.5, 0.5, 0.5, 0.5, 0.5, 0.5, 0.5, 0.5, 0.5, 0.5, 0.5, 0.5, 0.5, 0.5, 0.5, 0.5, 0.5, 0.5, 0.5, 0.5, 0.5, 0.5, 0.5, 0.5, 0.5, 0.5, 0.5, 0.5, 0.5, 0.5, 0.5, 0.5, 0.5, 0.5, 0.5, 0.5, 0.5, 0.5, 0.5, 0.5, 0.5, 0.5, 0.5, 0.5, 0.5, 0.5, 0.5, 0.5, 0.5, 0.5, 0.5, 0.5, 0.5, 0.5, 0.5, 0.5, 0.5, 0.5, 0.5, 0.5, 0.5, 0.5, 0.5, 0.5, 0.5, 0.5, 0.5, 0.5, 0.5, 0.5, 0.5, 0.5, 0.5, 0.5, 0.5, 0.5, 0.5, 0.5, 0.5, 0.5, 0.5, 0.5, 0.5, 0.5, 0.5, 0.5, 0.5, 0.5, 0.5, 0.5, 0.5, 0.5, 0.5, 0.5, 0.5, 0.5, 0.5, 0.5, 0.5, 0.5, 0.5, 0.5, 0.5, 0.5, 0.5, 0.5, 0.5, 0.5, 0.5, 0.5, 0.5, 0.5, 0.5, 0.5, 0.5, 0.5, 0.5, 0.5, 0.5, 0.5, 0.5, 0.5, 0.5, 0.5, 0.5, 0.5, 0.5, 0.5, 0.5, 0.5, 0.5, 0.5, 0.5, 0.5, 0.5, 0.5, 0.5, 0.5, 0.5, 0.5, 0.5, 0.5, 0.5, 0.5, 0.5, 0.5, 0.5, 0.5, 0.5, 0.5, 0.5]",0
2026_11_KICE_27-30_2,['1(2)'],"1번: 1 + ""(오늘의 달라진 인문지리의 환경으로 따져 보았을 적에 고속도로와 접속이 되게 될 교통 요충지가 되었을 뿐 아니라 관광지로서의 좋은 조건을 모두 구비하고 있다는 것이었다.)""
2번: 2 + ""(행정 당국은 지목(地目) 변경은 해 두었지만 서류상으로는 그 모든 가옥들이 무허가 주택이나 다름없었으며, 따라서 집들의 매매는 권리금에 다름이 아니었다. 물론 불하를 내게 될 적에는 이미 지어진 집 임자에게 기득권을 부여하게 될 터였다. 허명두 씨가 관청을 들락거리고 야금야금 집들을 사두게 된 것이 이 때문이었다.)""
3번: 3 + ""(농촌 부락으로서는 어느 정도 자립할 수 있는 터전도 굳혀 놓은 게 사실이었다.)""
4번: 4 + ""(온 씨의 주장은 옳은 것이었다. 허명두 씨의 입장에서도 그것은 부정할 수 없었다. 피땀 흘려 가꾼 땅이 도시의 잡것들이 논다니를 치는 관광지로 되려는 것을 어찌 귀농 개척자들이 가만 보고만 있을 것인가.)""
5번: 5 + ""(독가촌은 오늘의 달라진 인문지리의 환경으로 따져 보았을 적에 고속도로와 접속이 되게 될 교통 요충지가 되었을 뿐 아니라 관광지로서의 좋은 조건을 모두 구비하고 있다는 것이었다.)""
최종 정답: 1
정답 : 1","[16, 167, 110, 230, 25, 352, 1343, 30629, 168, 246, 97, 167, 232, 246, 35975, 246, 31619, 233, 105, 167, 251, 120, 168, 100, 226, 23821, 251, 116, 167, 105, 116, 168, 100, 222, 167, 99, 105, 35975, 246, 220, 169, 247, 246, 166, 110, 121, 168, 250, 120, 167, 94, 250, 31619, 242, 108, 168, 254, 116, 31619, 111, 112, 168, 243, 246, 35975, 226, 23821, 254, 223, 168, 245, 238, 220, 166, 111, 254, 168, 228, 235, 167, 237, 226, 167, 94, 250, 168, 247, 222, 23821, 254, 239, 168, 228, 235, 35975, 112, 31619, 238, 246, 166, 110, 234, 31619, 238, 254, 220, 166, 113, 238, 169, 228, 113, 23821, 248, 242, 168, 114, 102, 168, 100, 222, 166, 108, 222, 31619, 238, 246, 168, 245, 230, 35975, 226, 31619, 123, 238, 23821, 243, 226, 46695, 230, 167, 251, 120, 220, 166, 112, 222, 166, 112, 239, 168, 100, 222, 167, 94, 250, 168, 226, 250, 35975, 246, 23821, 95, 233, 35975, 222, 23821, 94, 108, 166, 109, 112, 35975, 226, 31619, 103, 101, 167, 239, 238, 220, 166, 113, 105, 167, 117, 226, 47991, 246, 166, 111, 254, 23821, 252, 230, 46695, 97, 167, 232, 242, 220, 166, 110, 225, 35975, 112, 168, 245, 230, 46695, 97, 2014, 1, 198, 17, 167, 110, 230, 25, 362, 1343, 30629, 169, 244, 231, 168, 254, 243, 31619, 233, 117, 166, 113, 255, 35975, 222, 23821, 100, 222, 167, 103, 102, 7, 28839, 108, 33566, 106, 8, 31619, 111, 222, 166, 110, 121, 35975, 222, 220, 47991, 112, 31619, 239, 238, 168, 245, 230, 168, 100, 222, 167, 100, 234, 23821, 226, 250, 167, 98, 246, 168, 225, 223, 168, 250, 120, 167, 94, 250, 167, 232, 242, 220, 166, 115, 116, 31619, 103, 101, 167, 241, 254, 220, 166, 108, 222, 168, 246, 98, 167, 241, 97, 35975, 112, 31619, 105, 112, 169, 245, 230, 166, 108, 222, 23821, 96, 120, 169, 225, 251, 35975, 112, 167, 224, 246, 31619, 233, 97, 167, 99, 226, 168, 245, 228, 168, 245, 230, 168, 250, 120, 167, 102, 108, 11, 31619, 242, 108, 167, 251, 120, 168, 226, 250, 23821, 100, 239, 167, 241, 97, 35975, 246, 31619, 100, 97, 167, 100, 97, 167, 232, 242, 220, 166, 114, 234, 167, 99, 105, 166, 116, 230, 168, 245, 238, 31619, 233, 97, 167, 99, 226, 35975, 112, 23821, 243, 226, 46695, 230, 168, 245, 230, 46695, 97, 13, 31619, 45539, 167, 94, 254, 31619, 114, 230, 47991, 246, 167, 98, 120, 31619, 224, 112, 166, 110, 234, 31619, 238, 254, 23821, 254, 223, 168, 245, 238, 167, 232, 242, 23821, 251, 112, 167, 107, 116, 23821, 100, 222, 168, 244, 112, 168, 100, 226, 23821, 100, 239, 23821, 252, 226, 168, 252, 238, 168, 245, 238, 166, 110, 234, 220, 166, 116, 108, 167, 241, 251, 166, 114, 234, 35975, 226, 31619, 114, 222, 168, 245, 105, 47991, 246, 166, 110, 234, 31619, 238, 254, 220, 169, 226, 108, 168, 246, 222, 46695, 97, 13, 220, 169, 245, 230, 167, 103, 227, 167, 239, 238, 23821, 242, 101, 166, 108, 222, 220, 166, 112, 222, 168, 110, 255, 35975, 226, 31619, 241, 97, 167, 251, 121, 166, 109, 108, 167, 99, 105, 166, 111, 254, 23821, 243, 120, 166, 116, 230, 168, 243, 120, 166, 116, 230, 23821, 100, 239, 167, 241, 97, 35975, 226, 23821, 8955, 167, 239, 238, 166, 110, 234, 31619, 238, 250, 220, 166, 110, 225, 35975, 112, 23821, 251, 112, 31619, 243, 234, 167, 105, 116, 35975, 112, 168, 245, 230, 46695, 97, 2014, 1, 198, 18, 167, 110, 230, 25, 513, 1343, 30629, 167, 228, 235, 168, 112, 234, 31619, 114, 222, 167, 251, 121, 168, 250, 120, 167, 94, 250, 168, 226, 250, 167, 232, 242, 23821, 244, 112, 167, 232, 238, 23821, 254, 243, 167, 237, 226, 23821, 252, 238, 167, 99, 121, 47991, 254, 23821, 230, 246, 23821, 252, 230, 167, 232, 242, 220, 169, 226, 108, 168, 254, 226, 167, 237, 226, 220, 166, 113, 111, 169, 246, 222, 31619, 228, 241, 35975, 222, 220, 166, 110, 234, 23821, 8955, 168, 233, 97, 35975, 112, 168, 245, 230, 46695, 97, 2014, 1, 198, 19, 167, 110, 230, 25, 604, 1343, 30629, 168, 246, 101, 23821, 242, 101, 35975, 246, 23821, 96, 120, 168, 252, 98, 35975, 222, 23821, 246, 111, 35975, 222, 220, 166, 110, 225, 35975, 112, 168, 245, 230, 46695, 97, 13, 220, 169, 245, 230, 167, 103, 227, 167, 239, 238, 23821, 242, 101, 35975, 246, 23821, 252, 227, 168, 252, 98, 168, 245, 238, 168, 226, 250, 167, 237, 226, 220, 166, 115, 116, 166, 110, 225, 35975, 222, 31619, 114, 222, 168, 254, 243, 47991, 254, 23821, 230, 246, 23821, 245, 228, 168, 245, 230, 46695, 97, 13, 220, 169, 242, 120, 167, 243, 222, 220, 169, 251, 246, 167, 254, 97, 220, 166, 108, 222, 166, 122, 120, 31619, 243, 227, 35975, 112, 31619, 237, 226, 168, 233, 250, 35975, 246, 23821, 252, 94, 166, 110, 225, 167, 241, 97, 35975, 112, 31619, 227, 120, 46695, 97, 46695, 230, 167, 98, 120, 23821, 117, 246, 167, 232, 242, 220, 166, 112, 222, 166, 112, 239, 168, 100, 222, 167, 94, 250, 31619, 238, 246, 167, 254, 97, 167, 232, 242, 220, 166, 110, 225, 35975, 226, 23821, 244, 112, 168, 108, 234, 220, 166, 115, 222, 167, 228, 235, 220, 166, 108, 250, 168, 110, 247, 168, 252, 238, 167, 241, 97, 35975, 112, 220, 166, 108, 222, 167, 100, 234, 31619, 111, 112, 166, 111, 254, 167, 100, 234, 23821, 252, 230, 35975, 226, 220, 166, 110, 225, 35975, 116, 166, 108, 222, 2014, 1, 198, 20, 167, 110, 230, 25, 642, 1343, 30629, 167, 237, 227, 166, 108, 222, 168, 112, 234, 35975, 222, 23821, 246, 97, 167, 232, 246, 35975, 246, 31619, 233, 105, 167, 251, 120, 168, 100, 226, 23821, 251, 116, 167, 105, 116, 168, 100, 222, 167, 99, 105, 35975, 246, 220, 169, 247, 246, 166, 110, 121, 168, 250, 120, 167, 94, 250, 31619, 242, 108, 168, 254, 116, 31619, 111, 112, 168, 243, 246, 35975, 226, 23821, 254, 223, 168, 245, 238, 220, 166, 111, 254, 168, 228, 235, 167, 237, 226, 167, 94, 250, 168, 247, 222, 23821, 254, 239, 168, 228, 235, 35975, 112, 31619, 238, 246, 166, 110, 234, 31619, 238, 254, 220, 166, 113, 238, 169, 228, 113, 23821, 248, 242, 168, 114, 102, 168, 100, 222, 166, 108, 222, 31619, 238, 246, 168, 245, 230, 35975, 226, 31619, 123, 238, 23821, 243, 226, 46695, 230, 167, 251, 120, 220, 166, 112, 222, 166, 112, 239, 168, 100, 222, 167, 94, 250, 168, 226, 250, 35975, 246, 23821, 95, 233, 35975, 222, 23821, 94, 108, 166, 109, 112, 35975, 226, 31619, 103, 101, 167, 239, 238, 220, 166, 113, 105, 167, 117, 226, 47991, 246, 166, 111, 254, 23821, 252, 230, 46695, 97, 167, 232, 242, 220, 166, 110, 225, 35975, 112, 168, 245, 230, 46695, 97, 2014, 1, 198, 168, 113, 250, 168, 95, 227, 23821, 254, 243, 46695, 113, 25, 352, 198, 168, 254, 243, 46695, 113, 1058, 352]","[0.5, 0.5, 0.5, 0.5, 0.5, 0.5, 0.5, 0.5, 0.5, 0.5, 0.5, 0.5, 0.5, 0.5, 0.5, 0.5, 0.5, 0.5, 0.5, 0.5, 0.5, 0.5, 0.5, 0.5, 0.5, 0.5, 0.5, 0.5, 0.5, 0.5, 0.5, 0.5, 0.5, 0.5, 0.5, 0.5, 0.5, 0.5, 0.5, 0.5, 0.5, 0.5, 0.5, 0.5, 0.5, 0.5, 0.5, 0.5, 0.5, 0.5, 0.5, 0.5, 0.5, 0.5, 0.5, 0.5, 0.5, 0.5, 0.5, 0.5, 0.5, 0.5, 0.5, 0.5, 0.5, 0.5, 0.5, 0.5, 0.5, 0.5, 0.5, 0.5, 0.5, 0.5, 0.5, 0.5, 0.5, 0.5, 0.5, 0.5, 0.5, 0.5, 0.5, 0.5, 0.5, 0.5, 0.5, 0.5, 0.5, 0.5, 0.5, 0.5, 0.5, 0.5, 0.5, 0.5, 0.5, 0.5, 0.5, 0.5, 0.5, 0.5, 0.5, 0.5, 0.5, 0.5, 0.5, 0.5, 0.5, 0.5, 0.5, 0.5, 0.5, 0.5, 0.5, 0.5, 0.5, 0.5, 0.5, 0.5, 0.5, 0.5, 0.5, 0.5, 0.5, 0.5, 0.5, 0.5, 0.5, 0.5, 0.5, 0.5, 0.5, 0.5, 0.5, 0.5, 0.5, 0.5, 0.5, 0.5, 0.5, 0.5, 0.5, 0.5, 0.5, 0.5, 0.5, 0.5, 0.5, 0.5, 0.5, 0.5, 0.5, 0.5, 0.5, 0.5, 0.5, 0.5, 0.5, 0.5, 0.5, 0.5, 0.5, 0.5, 0.5, 0.5, 0.5, 0.5, 0.5, 0.5, 0.5, 0.5, 0.5, 0.5, 0.5, 0.5, 0.5, 0.5, 0.5, 0.5, 0.5, 0.5, 0.5, 0.5, 0.5, 0.5, 0.5, 0.5, 0.5, 0.5, 0.5, 0.5, 0.5, 0.5, 0.5, 0.5, 0.5, 0.5, 0.5, 0.5, 0.5, 0.5, 0.5, 0.5, 0.5, 0.5, 0.5, 0.5, 0.5, 0.5, 0.5, 0.5, 0.5, 0.5, 0.5, 0.5, 0.5, 0.5, 0.5, 0.5, 0.5, 0.5, 0.5, 0.5, 0.5, 0.5, 0.5, 0.5, 0.5, 0.5, 0.5, 0.5, 0.5, 0.5, 0.5, 0.5, 0.5, 0.5, 0.5, 0.5, 0.5, 0.5, 0.5, 0.5, 0.5, 0.5, 0.5, 0.5, 0.5, 0.5, 0.5, 0.5, 0.5, 0.5, 0.5, 0.5, 0.5, 0.5, 0.5, 0.5, 0.5, 0.5, 0.5, 0.5, 0.5, 0.5, 0.5, 0.5, 0.5, 0.5, 0.5, 0.5, 0.5, 0.5, 0.5, 0.5, 0.5, 0.5, 0.5, 0.5, 0.5, 0.5, 0.5, 0.5, 0.5, 0.5, 0.5, 0.5, 0.5, 0.5, 0.5, 0.5, 0.5, 0.5, 0.5, 0.5, 0.5, 0.5, 0.5, 0.5, 0.5, 0.5, 0.5, 0.5, 0.5, 0.5, 0.5, 0.5, 0.5, 0.5, 0.5, 0.5, 0.5, 0.5, 0.5, 0.5, 0.5, 0.5, 0.5, 0.5, 0.5, 0.5, 0.5, 0.5, 0.5, 0.5, 0.5, 0.5, 0.5, 0.5, 0.5, 0.5, 0.5, 0.5, 0.5, 0.5, 0.5, 0.5, 0.5, 0.5, 0.5, 0.5, 0.5, 0.5, 0.5, 0.5, 0.5, 0.5, 0.5, 0.5, 0.5, 0.5, 0.5, 0.5, 0.5, 0.5, 0.5, 0.5, 0.5, 0.5, 0.5, 0.5, 0.5, 0.5, 0.5, 0.5, 0.5, 0.5, 0.5, 0.5, 0.5, 0.5, 0.5, 0.5, 0.5, 0.5, 0.5, 0.5, 0.5, 0.5, 0.5, 0.5, 0.5, 0.5, 0.5, 0.5, 0.5, 0.5, 0.5, 0.5, 0.5, 0.5, 0.5, 0.5, 0.5, 0.5, 0.5, 0.5, 0.5, 0.5, 0.5, 0.5, 0.5, 0.5, 0.5, 0.5, 0.5, 0.5, 0.5, 0.5, 0.5, 0.5, 0.5, 0.5, 0.5, 0.5, 0.5, 0.5, 0.5, 0.5, 0.5, 0.5, 0.5, 0.5, 0.5, 0.5, 0.5, 0.5, 0.5, 0.5, 0.5, 0.5, 0.5, 0.5, 0.5, 0.5, 0.5, 0.5, 0.5, 0.5, 0.5, 0.5, 0.5, 0.5, 0.5, 0.5, 0.5, 0.5, 0.5, 0.5, 0.5, 0.5, 0.5, 0.5, 0.5, 0.5, 0.5, 0.5, 0.5, 0.5, 0.5, 0.5, 0.5, 0.5, 0.5, 0.5, 0.5, 0.5, 0.5, 0.5, 0.5, 0.5, 0.5, 0.5, 0.5, 0.5, 0.5, 0.5, 0.5, 0.5, 0.5, 0.5, 0.5, 0.5, 0.5, 0.5, 0.5, 0.5, 0.5, 0.5, 0.5, 0.5, 0.5, 0.5, 0.5, 0.5, 0.5, 0.5, 0.5, 0.5, 0.5, 0.5, 0.5, 0.5, 0.5, 0.5, 0.5, 0.5, 0.5, 0.5, 0.5, 0.5, 0.5, 0.5, 0.5, 0.5, 0.5, 0.5, 0.5, 0.5, 0.5, 0.5, 0.5, 0.5, 0.5, 0.5, 0.5, 0.5, 0.5, 0.5, 0.5, 0.5, 0.5, 0.5, 0.5, 0.5, 0.5, 0.5, 0.5, 0.5, 0.5, 0.5, 0.5, 0.5, 0.5, 0.5, 0.5, 0.5, 0.5, 0.5, 0.5, 0.5, 0.5, 0.5, 0.5, 0.5, 0.5, 0.5, 0.5, 0.5, 0.5, 0.5, 0.5, 0.5, 0.5, 0.5, 0.5, 0.5, 0.5, 0.5, 0.5, 0.5, 0.5, 0.5, 0.5, 0.5, 0.5, 0.5, 0.5, 0.5, 0.5, 0.5, 0.5, 0.5, 0.5, 0.5, 0.5, 0.5, 0.5, 0.5, 0.5, 0.5, 0.5, 0.5, 0.5, 0.5, 0.5, 0.5, 0.5, 0.5, 0.5, 0.5, 0.5, 0.5, 0.5, 0.5, 0.5, 0.5, 0.5, 0.5, 0.5, 0.5, 0.5, 0.5, 0.5, 0.5, 0.5, 0.5, 0.5, 0.5, 0.5, 0.5, 0.5, 0.5, 0.5, 0.5, 0.5, 0.5, 0.5, 0.5, 0.5, 0.5, 0.5, 0.5, 0.5, 0.5, 0.5, 0.5, 0.5, 0.5, 0.5, 0.5, 0.5, 0.5, 0.5, 0.5, 0.5, 0.5, 0.5, 0.5, 0.5, 0.5, 0.5, 0.5, 0.5, 0.5, 0.5, 0.5, 0.5, 0.5, 0.5, 0.5, 0.5, 0.5, 0.5, 0.5, 0.5, 0.5, 0.5, 0.5, 0.5, 0.5, 0.5, 0.5, 0.5, 0.5, 0.5, 0.5, 0.5, 0.5, 0.5, 0.5, 0.5, 0.5, 0.5, 0.5, 0.5, 0.5, 0.5, 0.5, 0.5, 0.5, 0.5, 0.5, 0.5, 0.5, 0.5, 0.5, 0.5, 0.5, 0.5, 0.5, 0.5, 0.5, 0.5, 0.5, 0.5, 0.5, 0.5, 0.5, 0.5, 0.5, 0.5, 0.5, 0.5, 0.5, 0.5, 0.5, 0.5, 0.5, 0.5, 0.5, 0.5, 0.5, 0.5, 0.5, 0.5, 0.5, 0.5, 0.5, 0.5, 0.5, 0.5, 0.5, 0.5, 0.5, 0.5, 0.5, 0.5, 0.5, 0.5, 0.5, 0.5, 0.5, 0.5, 0.5, 0.5, 0.5, 0.5, 0.5, 0.5, 0.5, 0.5, 0.5, 0.5, 0.5, 0.5, 0.5, 0.5, 0.5, 0.5, 0.5, 0.5, 0.5, 0.5, 0.5, 0.5, 0.5, 0.5, 0.5, 0.5, 0.5, 0.5, 0.5, 0.5, 0.5, 0.5, 0.5, 0.5, 0.5, 0.5, 0.5, 0.5, 0.5, 0.5, 0.5, 0.5, 0.5, 0.5, 0.5, 0.5, 0.5, 0.5, 0.5, 0.5, 0.5, 0.5, 0.5, 0.5, 0.5, 0.5, 0.5, 0.5, 0.5, 0.5, 0.5, 0.5, 0.5, 0.5, 0.5, 0.5, 0.5, 0.5, 0.5, 0.5, 0.5, 0.5, 0.5, 0.5, 0.5, 0.5, 0.5, 0.5, 0.5, 0.5, 0.5, 0.5, 0.5, 0.5, 0.5, 0.5, 0.5, 0.5, 0.5, 0.5, 0.5, 0.5, 0.5, 0.5, 0.5, 0.5, 0.5, 0.5, 0.5, 0.5, 0.5, 0.5, 0.5, 0.5, 0.5, 0.5, 0.5, 0.5, 0.5, 0.5, 0.5, 0.5, 0.5, 0.5, 0.5, 0.5, 0.5, 0.5, 0.5, 0.5, 0.5, 0.5, 0.5, 0.5, 0.5, 0.5, 0.5, 0.5, 0.5, 0.5, 0.5, 0.5, 0.5, 0.5, 0.5, 0.5, 0.5, 0.5, 0.5, 0.5, 0.5, 0.5, 0.5, 0.5, 0.5, 0.5, 0.5, 0.5, 0.5, 0.5, 0.5, 0.5, 0.5, 0.5, 0.5, 0.5, 0.5, 0.5, 0.5, 0.5, 0.5, 0.5, 0.5, 0.5, 0.5, 0.5, 0.5, 0.5, 0.5, 0.5, 0.5, 0.5, 0.5, 0.5, 0.5, 0.5, 0.5, 0.5, 0.5, 0.5, 0.5, 0.5, 0.5, 0.5, 0.5, 0.5, 0.5, 0.5, 0.5, 0.5, 0.5, 0.5, 0.5, 0.5, 0.5, 0.5, 0.5, 0.5, 0.5, 0.5, 0.5, 0.5, 0.5, 0.5, 0.5, 0.5, 0.5, 0.5, 0.5, 0.5, 0.5, 0.5, 0.5, 0.5, 0.5, 0.5, 0.5, 0.5, 0.5, 0.5, 0.5, 0.5, 0.5, 0.5, 0.5, 0.5, 0.5, 0.5, 0.5, 0.5, 0.5, 0.5, 0.5, 0.5, 0.5, 0.5, 0.5, 0.5, 0.5, 0.5, 0.5, 0.5, 0.5, 0.5, 0.5, 0.5, 0.5, 0.5, 0.5, 0.5, 0.5, 0.5, 0.5, 0.5, 0.5, 0.5, 0.5, 0.5, 0.5, 0.5, 0.5, 0.5, 0.5, 0.5, 0.5, 0.5, 0.5, 0.5, 0.5, 0.5, 0.5, 0.5, 0.5, 0.5, 0.5, 0.5, 0.5, 0.5, 0.5, 0.5, 0.5, 0.5, 0.5, 0.5, 0.5, 0.5, 0.5, 0.5, 0.5, 0.5, 0.5, 0.5, 0.5, 0.5, 0.5, 0.5, 0.5, 0.5, 0.5, 0.5, 0.5, 0.5, 0.5, 0.5, 0.5, 0.5, 0.5, 0.5, 0.5, 0.5, 0.5, 0.5, 0.5, 0.5, 0.5, 0.5, 0.5, 0.5, 0.5, 0.5, 0.5, 0.5, 0.5, 0.5, 0.5, 0.5, 0.5, 0.5, 0.5, 0.5, 0.5, 0.5, 0.5, 0.5, 0.5, 0.5, 0.5, 0.5, 0.5, 0.5, 0.5, 0.5, 0.5, 0.5, 0.5, 0.5, 0.5, 0.5, 0.5, 0.5, 0.5, 0.5, 0.5, 0.5, 0.5, 0.5, 0.5, 0.5, 0.5, 0.5, 0.5, 0.5, 0.5, 0.5, 0.5, 0.5, 0.5, 0.5, 0.5, 0.5, 0.5, 0.5, 0.5, 0.5, 0.5, 0.5, 0.5, 0.5, 0.5, 0.5, 0.5, 0.5, 0.5, 0.5, 0.5, 0.5, 0.5, 0.5, 0.5, 0.5, 0.5, 0.5, 0.5, 0.5, 0.5, 0.5, 0.5, 0.5, 0.5, 0.5, 0.5, 0.5, 0.5, 0.5, 0.5, 0.5, 0.5, 0.5, 0.5, 0.5, 0.5, 0.5, 0.5, 0.5, 0.5, 0.5, 0.5, 0.5, 0.5, 0.5, 0.5, 0.5, 0.5, 0.5, 0.5, 0.5, 0.5, 0.5, 0.5, 0.5, 0.5, 0.5, 0.5, 0.5, 0.5, 0.5, 0.5, 0.5, 0.5, 0.5, 0.5, 0.5, 0.5, 0.5, 0.5, 0.5, 0.5, 0.5, 0.5, 0.5, 0.5, 0.5, 0.5, 0.5]",2
2026_11_KICE_27-30_3,['3(3)'],"1번: 부적절 + ""(이 세상에서 서로 말이 통하지 않는 두 종류의 인간군들이 사는가 보았다.)""
2번: 적절하다 + ""(그러나 그렇기는 하지만 명분이나 사리의 옳음이란 것이 싸움에 무슨 필요가 있단 말인가.)""
3번: 적절하다 + ""(전국 각처에서 찾아든 사람들이 이곳 독가촌에 정착하여 그럭저럭 안정을 얻을 만하게 된 이즈음 이곳이 외부의 자본에 의해 관광지로 돼 버린다면 도대체 이 사람들은 또 어느 곳으로 찾아들어 가 얼마만큼 방황을 해야 한다는 말인가?)""
4번: 적절하다 + ""(명분보다 실리를 추구해 오는 측이 항상 이겨 오고 있었던 게 아닌가.)""
5번: 적절하다 + ""(그것이 아직까지는 완전히 지나간 게 아니라는 데 있었다.)""
최종 정답: 1","[16, 167, 110, 230, 25, 31619, 114, 222, 168, 254, 223, 168, 254, 230, 1343, 30629, 35975, 112, 23821, 226, 116, 168, 225, 223, 168, 245, 238, 168, 226, 250, 23821, 226, 250, 167, 94, 250, 31619, 100, 238, 35975, 112, 220, 169, 228, 113, 47991, 246, 168, 100, 222, 23821, 243, 232, 167, 232, 242, 31619, 239, 238, 23821, 95, 227, 167, 98, 246, 35975, 246, 23821, 251, 116, 166, 108, 226, 166, 113, 108, 167, 241, 97, 35975, 112, 23821, 8955, 167, 232, 242, 166, 108, 222, 31619, 111, 112, 168, 243, 246, 46695, 97, 2014, 1, 198, 17, 167, 110, 230, 25, 23821, 254, 223, 168, 254, 230, 47991, 246, 46695, 97, 1343, 30629, 166, 115, 116, 167, 253, 105, 167, 224, 246, 220, 166, 115, 116, 167, 254, 229, 166, 116, 108, 167, 232, 242, 220, 47991, 246, 168, 100, 222, 167, 100, 234, 31619, 103, 227, 167, 114, 226, 35975, 112, 167, 224, 246, 23821, 8955, 167, 99, 105, 35975, 246, 23821, 246, 111, 35975, 234, 35975, 112, 167, 252, 222, 220, 166, 110, 225, 35975, 112, 23821, 233, 116, 168, 249, 222, 168, 245, 238, 31619, 105, 112, 168, 232, 101, 220, 47991, 226, 168, 248, 242, 166, 108, 222, 23821, 252, 230, 46695, 101, 31619, 100, 238, 35975, 116, 166, 108, 222, 2014, 1, 198, 18, 167, 110, 230, 25, 23821, 254, 223, 168, 254, 230, 47991, 246, 46695, 97, 1343, 30629, 168, 254, 226, 166, 113, 255, 220, 166, 108, 223, 168, 110, 246, 168, 245, 238, 168, 226, 250, 23821, 108, 122, 168, 243, 226, 167, 241, 254, 23821, 8955, 167, 252, 234, 167, 241, 97, 35975, 112, 23821, 251, 112, 166, 111, 111, 31619, 237, 227, 166, 108, 222, 168, 112, 234, 168, 245, 238, 23821, 254, 243, 168, 108, 102, 47991, 246, 168, 245, 105, 220, 166, 115, 116, 167, 253, 255, 168, 254, 222, 167, 253, 255, 23821, 243, 230, 168, 254, 243, 35975, 226, 23821, 244, 119, 35975, 226, 31619, 100, 234, 47991, 246, 166, 110, 234, 31619, 238, 250, 23821, 251, 112, 168, 99, 230, 35975, 234, 23821, 251, 112, 166, 111, 111, 35975, 112, 23821, 247, 116, 167, 114, 222, 35975, 246, 23821, 252, 238, 167, 111, 116, 168, 245, 238, 23821, 251, 246, 47991, 112, 220, 166, 112, 222, 166, 112, 239, 168, 100, 222, 167, 94, 250, 31619, 237, 120, 31619, 110, 226, 167, 99, 108, 46695, 97, 167, 102, 112, 31619, 237, 226, 167, 234, 222, 168, 110, 112, 23821, 251, 112, 23821, 8955, 167, 252, 234, 167, 241, 97, 35975, 222, 31619, 246, 238, 23821, 244, 112, 167, 232, 238, 220, 166, 111, 111, 168, 250, 120, 167, 94, 250, 23821, 108, 122, 168, 243, 226, 167, 241, 97, 168, 244, 112, 220, 166, 108, 222, 23821, 244, 120, 167, 100, 230, 167, 100, 234, 169, 223, 120, 31619, 108, 102, 169, 247, 102, 35975, 226, 220, 47991, 112, 168, 243, 120, 220, 47991, 250, 46695, 97, 167, 232, 242, 31619, 100, 238, 35975, 116, 166, 108, 222, 10091, 1, 198, 19, 167, 110, 230, 25, 23821, 254, 223, 168, 254, 230, 47991, 246, 46695, 97, 1343, 30629, 167, 103, 227, 167, 114, 226, 167, 111, 112, 46695, 97, 23821, 233, 97, 167, 99, 105, 167, 98, 120, 23821, 114, 242, 166, 113, 105, 47991, 112, 23821, 246, 97, 167, 232, 242, 23821, 116, 94, 35975, 112, 220, 47991, 255, 168, 225, 223, 23821, 251, 112, 166, 110, 101, 23821, 246, 97, 166, 111, 254, 23821, 252, 230, 168, 245, 230, 167, 235, 246, 220, 166, 110, 234, 23821, 243, 226, 46695, 234, 166, 108, 222, 2014, 1, 198, 20, 167, 110, 230, 25, 23821, 254, 223, 168, 254, 230, 47991, 246, 46695, 97, 1343, 30629, 166, 115, 116, 166, 110, 225, 35975, 112, 23821, 243, 226, 168, 100, 223, 166, 117, 234, 168, 100, 222, 167, 232, 242, 23821, 247, 226, 168, 254, 226, 169, 252, 230, 23821, 100, 222, 167, 224, 246, 166, 108, 226, 220, 166, 110, 234, 23821, 243, 226, 46695, 230, 167, 251, 120, 167, 232, 242, 31619, 235, 108, 23821, 252, 230, 168, 245, 230, 46695, 97, 2014, 1, 198, 168, 113, 250, 168, 95, 227, 23821, 254, 243, 46695, 113, 25, 352]","[0.5, 0.5, 0.5, 0.5, 0.5, 0.5, 0.5, 0.5, 0.5, 0.5, 0.5, 0.5, 0.5, 0.5, 0.5, 0.5, 0.5, 0.5, 0.5, 0.5, 0.5, 0.5, 0.5, 0.5, 0.5, 0.5, 0.5, 0.5, 0.5, 0.5, 0.5, 0.5, 0.5, 0.5, 0.5, 0.5, 0.5, 0.5, 0.5, 0.5, 0.5, 0.5, 0.5, 0.5, 0.5, 0.5, 0.5, 0.5, 0.5, 0.5, 0.5, 0.5, 0.5, 0.5, 0.5, 0.5, 0.5, 0.5, 0.5, 0.5, 0.5, 0.5, 0.5, 0.5, 0.5, 0.5, 0.5, 0.5, 0.5, 0.5, 0.5, 0.5, 0.5, 0.5, 0.5, 0.5, 0.5, 0.5, 0.5, 0.5, 0.5, 0.5, 0.5, 0.5, 0.5, 0.5, 0.5, 0.5, 0.5, 0.5, 0.5, 0.5, 0.5, 0.5, 0.5, 0.5, 0.5, 0.5, 0.5, 0.5, 0.5, 0.5, 0.5, 0.5, 0.5, 0.5, 0.5, 0.5, 0.5, 0.5, 0.5, 0.5, 0.5, 0.5, 0.5, 0.5, 0.5, 0.5, 0.5, 0.5, 0.5, 0.5, 0.5, 0.5, 0.5, 0.5, 0.5, 0.5, 0.5, 0.5, 0.5, 0.5, 0.5, 0.5, 0.5, 0.5, 0.5, 0.5, 0.5, 0.5, 0.5, 0.5, 0.5, 0.5, 0.5, 0.5, 0.5, 0.5, 0.5, 0.5, 0.5, 0.5, 0.5, 0.5, 0.5, 0.5, 0.5, 0.5, 0.5, 0.5, 0.5, 0.5, 0.5, 0.5, 0.5, 0.5, 0.5, 0.5, 0.5, 0.5, 0.5, 0.5, 0.5, 0.5, 0.5, 0.5, 0.5, 0.5, 0.5, 0.5, 0.5, 0.5, 0.5, 0.5, 0.5, 0.5, 0.5, 0.5, 0.5, 0.5, 0.5, 0.5, 0.5, 0.5, 0.5, 0.5, 0.5, 0.5, 0.5, 0.5, 0.5, 0.5, 0.5, 0.5, 0.5, 0.5, 0.5, 0.5, 0.5, 0.5, 0.5, 0.5, 0.5, 0.5, 0.5, 0.5, 0.5, 0.5, 0.5, 0.5, 0.5, 0.5, 0.5, 0.5, 0.5, 0.5, 0.5, 0.5, 0.5, 0.5, 0.5, 0.5, 0.5, 0.5, 0.5, 0.5, 0.5, 0.5, 0.5, 0.5, 0.5, 0.5, 0.5, 0.5, 0.5, 0.5, 0.5, 0.5, 0.5, 0.5, 0.5, 0.5, 0.5, 0.5, 0.5, 0.5, 0.5, 0.5, 0.5, 0.5, 0.5, 0.5, 0.5, 0.5, 0.5, 0.5, 0.5, 0.5, 0.5, 0.5, 0.5, 0.5, 0.5, 0.5, 0.5, 0.5, 0.5, 0.5, 0.5, 0.5, 0.5, 0.5, 0.5, 0.5, 0.5, 0.5, 0.5, 0.5, 0.5, 0.5, 0.5, 0.5, 0.5, 0.5, 0.5, 0.5, 0.5, 0.5, 0.5, 0.5, 0.5, 0.5, 0.5, 0.5, 0.5, 0.5, 0.5, 0.5, 0.5, 0.5, 0.5, 0.5, 0.5, 0.5, 0.5, 0.5, 0.5, 0.5, 0.5, 0.5, 0.5, 0.5, 0.5, 0.5, 0.5, 0.5, 0.5, 0.5, 0.5, 0.5, 0.5, 0.5, 0.5, 0.5, 0.5, 0.5, 0.5, 0.5, 0.5, 0.5, 0.5, 0.5, 0.5, 0.5, 0.5, 0.5, 0.5, 0.5, 0.5, 0.5, 0.5, 0.5, 0.5, 0.5, 0.5, 0.5, 0.5, 0.5, 0.5, 0.5, 0.5, 0.5, 0.5, 0.5, 0.5, 0.5, 0.5, 0.5, 0.5, 0.5, 0.5, 0.5, 0.5, 0.5, 0.5, 0.5, 0.5, 0.5, 0.5, 0.5, 0.5, 0.5, 0.5, 0.5, 0.5, 0.5, 0.5, 0.5, 0.5, 0.5, 0.5, 0.5, 0.5, 0.5, 0.5, 0.5, 0.5, 0.5, 0.5, 0.5, 0.5, 0.5, 0.5, 0.5, 0.5, 0.5, 0.5, 0.5, 0.5, 0.5, 0.5, 0.5, 0.5, 0.5, 0.5, 0.5, 0.5, 0.5, 0.5, 0.5, 0.5, 0.5, 0.5, 0.5, 0.5, 0.5, 0.5, 0.5, 0.5, 0.5, 0.5, 0.5, 0.5, 0.5, 0.5, 0.5, 0.5, 0.5, 0.5, 0.5, 0.5, 0.5, 0.5, 0.5, 0.5, 0.5, 0.5, 0.5, 0.5, 0.5, 0.5, 0.5, 0.5, 0.5, 0.5, 0.5, 0.5, 0.5, 0.5, 0.5, 0.5, 0.5, 0.5, 0.5, 0.5, 0.5, 0.5, 0.5, 0.5, 0.5, 0.5, 0.5, 0.5, 0.5, 0.5, 0.5, 0.5, 0.5, 0.5, 0.5, 0.5, 0.5, 0.5, 0.5, 0.5, 0.5, 0.5, 0.5, 0.5, 0.5, 0.5, 0.5, 0.5, 0.5, 0.5, 0.5, 0.5, 0.5, 0.5, 0.5, 0.5, 0.5, 0.5, 0.5, 0.5, 0.5, 0.5, 0.5, 0.5, 0.5, 0.5, 0.5, 0.5, 0.5, 0.5, 0.5, 0.5, 0.5, 0.5, 0.5, 0.5, 0.5, 0.5, 0.5, 0.5, 0.5, 0.5, 0.5, 0.5, 0.5, 0.5, 0.5, 0.5, 0.5, 0.5, 0.5, 0.5, 0.5, 0.5, 0.5, 0.5, 0.5, 0.5, 0.5, 0.5, 0.5, 0.5, 0.5, 0.5, 0.5, 0.5, 0.5, 0.5, 0.5, 0.5, 0.5, 0.5, 0.5, 0.5, 0.5, 0.5, 0.5, 0.5, 0.5, 0.5, 0.5, 0.5, 0.5, 0.5, 0.5, 0.5, 0.5, 0.5, 0.5, 0.5, 0.5, 0.5, 0.5, 0.5, 0.5, 0.5, 0.5, 0.5, 0.5, 0.5, 0.5, 0.5, 0.5, 0.5, 0.5, 0.5, 0.5, 0.5, 0.5, 0.5, 0.5, 0.5, 0.5, 0.5, 0.5, 0.5, 0.5, 0.5, 0.5, 0.5, 0.5, 0.5, 0.5, 0.5, 0.5, 0.5, 0.5, 0.5, 0.5, 0.5, 0.5, 0.5, 0.5, 0.5, 0.5, 0.5, 0.5, 0.5, 0.5, 0.5, 0.5, 0.5, 0.5, 0.5, 0.5, 0.5, 0.5, 0.5, 0.5, 0.5, 0.5, 0.5, 0.5, 0.5, 0.5, 0.5, 0.5, 0.5, 0.5, 0.5, 0.5, 0.5, 0.5, 0.5, 0.5, 0.5, 0.5, 0.5, 0.5, 0.5, 0.5, 0.5, 0.5, 0.5, 0.5, 0.5, 0.5, 0.5, 0.5, 0.5, 0.5, 0.5, 0.5, 0.5, 0.5, 0.5, 0.5, 0.5, 0.5, 0.5, 0.5, 0.5, 0.5, 0.5, 0.5, 0.5, 0.5, 0.5, 0.5, 0.5, 0.5, 0.5, 0.5, 0.5, 0.5, 0.5, 0.5, 0.5, 0.5, 0.5, 0.5, 0.5, 0.5, 0.5, 0.5, 0.5, 0.5, 0.5, 0.5, 0.5, 0.5, 0.5, 0.5]",0
2026_11_KICE_31-34_0,['2(2)'],"1번: 1번에 대한 답변: 아니다. (가)는 남의 말을 인용하여 목적지의 위험성을 드러낸다기보다는, 술의 속임수와 화자의 처지를 드러내는 서사를 보여준다. (지문 속 근거: “그 술을 먹어 보자 ㉡[촌인(村人)의 솜씨 아녀] 분명 관가 술일네 그 곡절 모를쏘냐” / “미리 독에 빚어 예 와서 기다린 지 여러 날이 되었더라”)

2번: 2번에 대한 답변: 옳다. (가)에서 대구와 대조의 표현이 함께 쓰여 화자의 괴로운 처지를 드러낸다. (지문 속 근거: “㉡[촌인(村人)의 솜씨 아녀] 분명 관가 술일네 그 곡절 모를쏘냐” 와 “그 술을 먹어 보자” 사이의 대비)

3번: 3번에 대한 답변: 아니다. (나)는 가상의 존재에 빗대는 표현을 사용하여 자연 현상의 변화를 드러낸다. (지문 속 근거: “ⓐ[방패연](ⓐ의 밑줄)에 세세히 적어 … 둥글게 떠서 높고 높이 솟아올라 … 백룡의 굽이같이 굼틀뒤틀 뒤틀”)

4번: 4번에 대한 답변: 아니다. (나)는 방위의 의미를 포함한 두 어휘를 사용하여 대상이 서로 반대 방향으로 이동함을 드러낸다. (지문 속 근거: “정월 대보름에 서풍이 고이 불 제” 와 “동해 바다 건너가서 외로이 섰는 나무에 걸렸다”)

5번: 5번에 대한 답변: 아니다. (가)와 (나)는 둘 다 색채를 나타내는 표현이 배경 속 분위기 형성에 사용되지만, 두 지문의 주요 특징으로 색채를 통해 대상의 움직임을 뚜렷하게 드러낸다고 보기는 다소 과장된다. (지문 속 근거: (가) “감홍로와 진배없네” / (나) “하얀 실 한 얼레 … 백룡의 굽이같이 …”)

최종 정답: 2","[16, 167, 110, 230, 25, 352, 167, 110, 230, 168, 245, 238, 31619, 234, 222, 47991, 250, 31619, 233, 113, 167, 111, 222, 25, 23821, 243, 226, 46695, 230, 46695, 97, 13, 357, 166, 108, 222, 8, 167, 232, 242, 31619, 224, 101, 35975, 246, 31619, 100, 238, 35975, 226, 23821, 251, 116, 168, 248, 102, 47991, 246, 168, 245, 105, 31619, 103, 102, 168, 254, 223, 168, 100, 222, 35975, 246, 23821, 250, 226, 169, 245, 246, 168, 226, 109, 35975, 226, 31619, 241, 250, 167, 253, 105, 167, 224, 116, 46695, 97, 166, 116, 108, 167, 111, 112, 46695, 97, 167, 232, 242, 11, 23821, 230, 254, 35975, 246, 23821, 228, 235, 168, 252, 226, 168, 230, 246, 168, 247, 222, 220, 169, 247, 242, 168, 252, 238, 35975, 246, 23821, 110, 246, 168, 100, 222, 167, 98, 120, 31619, 241, 250, 167, 253, 105, 167, 224, 112, 167, 232, 242, 23821, 226, 250, 168, 8955, 167, 98, 120, 31619, 111, 112, 168, 245, 105, 168, 97, 222, 46695, 97, 13, 357, 168, 100, 222, 167, 105, 116, 23821, 228, 235, 220, 166, 115, 120, 166, 109, 108, 25, 564, 250, 166, 115, 116, 23821, 230, 254, 35975, 226, 31619, 101, 117, 168, 244, 112, 31619, 111, 112, 168, 252, 238, 220, 159, 231, 94, 58, 168, 112, 234, 35975, 116, 7, 30266, 239, 21689, 8, 35975, 246, 23821, 228, 250, 168, 242, 101, 23821, 243, 226, 167, 227, 222, 60, 31619, 114, 226, 167, 103, 227, 220, 166, 112, 222, 166, 108, 222, 23821, 230, 254, 35975, 120, 167, 226, 97, 220, 166, 115, 116, 220, 166, 111, 94, 168, 254, 230, 31619, 103, 101, 167, 98, 120, 168, 237, 246, 167, 225, 238, 447, 251, 1220, 564, 250, 167, 107, 116, 167, 99, 105, 31619, 237, 227, 168, 245, 238, 31619, 117, 248, 168, 244, 112, 23821, 246, 230, 23821, 247, 222, 168, 226, 250, 220, 166, 116, 108, 46695, 97, 167, 99, 108, 23821, 100, 222, 23821, 245, 105, 167, 253, 105, 31619, 224, 254, 35975, 112, 31619, 238, 246, 168, 245, 230, 167, 235, 242, 167, 251, 120, 447, 251, 8, 198, 198, 17, 167, 110, 230, 25, 362, 167, 110, 230, 168, 245, 238, 31619, 234, 222, 47991, 250, 31619, 233, 113, 167, 111, 222, 25, 23821, 246, 111, 46695, 97, 13, 357, 166, 108, 222, 8, 168, 245, 238, 168, 226, 250, 31619, 234, 222, 166, 113, 105, 168, 247, 222, 31619, 234, 222, 168, 94, 108, 35975, 246, 220, 169, 239, 250, 169, 246, 226, 35975, 112, 220, 47991, 101, 166, 119, 246, 23821, 241, 108, 168, 245, 105, 220, 169, 247, 242, 168, 252, 238, 35975, 246, 220, 166, 112, 112, 167, 94, 250, 168, 248, 112, 23821, 110, 246, 168, 100, 222, 167, 98, 120, 31619, 241, 250, 167, 253, 105, 167, 224, 116, 46695, 97, 13, 357, 168, 100, 222, 167, 105, 116, 23821, 228, 235, 220, 166, 115, 120, 166, 109, 108, 25, 564, 250, 159, 231, 94, 58, 168, 112, 234, 35975, 116, 7, 30266, 239, 21689, 8, 35975, 246, 23821, 228, 250, 168, 242, 101, 23821, 243, 226, 167, 227, 222, 60, 31619, 114, 226, 167, 103, 227, 220, 166, 112, 222, 166, 108, 222, 23821, 230, 254, 35975, 120, 167, 226, 97, 220, 166, 115, 116, 220, 166, 111, 94, 168, 254, 230, 31619, 103, 101, 167, 98, 120, 168, 237, 246, 167, 225, 238, 447, 251, 23821, 247, 222, 564, 250, 166, 115, 116, 23821, 230, 254, 35975, 226, 31619, 101, 117, 168, 244, 112, 31619, 111, 112, 168, 252, 238, 447, 251, 23821, 8955, 35975, 112, 35975, 246, 31619, 234, 222, 167, 117, 226, 8, 198, 198, 18, 167, 110, 230, 25, 513, 167, 110, 230, 168, 245, 238, 31619, 234, 222, 47991, 250, 31619, 233, 113, 167, 111, 222, 25, 23821, 243, 226, 46695, 230, 46695, 97, 13, 357, 167, 224, 246, 8, 167, 232, 242, 220, 166, 108, 222, 168, 225, 223, 35975, 246, 23821, 94, 112, 168, 252, 105, 168, 245, 238, 31619, 117, 245, 167, 234, 222, 167, 232, 242, 220, 169, 239, 250, 169, 246, 226, 35975, 226, 23821, 8955, 168, 248, 102, 47991, 246, 168, 245, 105, 23821, 252, 238, 168, 245, 108, 220, 169, 246, 226, 168, 225, 223, 35975, 246, 31619, 111, 222, 169, 247, 242, 167, 98, 120, 31619, 241, 250, 167, 253, 105, 167, 224, 116, 46695, 97, 13, 357, 168, 100, 222, 167, 105, 116, 23821, 228, 235, 220, 166, 115, 120, 166, 109, 108, 25, 564, 250, 158, 241, 238, 58, 167, 108, 102, 169, 234, 101, 168, 245, 108, 16151, 158, 241, 238, 35975, 246, 31619, 108, 239, 168, 97, 226, 8, 168, 245, 238, 23821, 226, 116, 168, 226, 116, 169, 252, 230, 23821, 254, 223, 168, 244, 112, 3926, 31619, 239, 98, 166, 116, 222, 166, 110, 234, 31619, 244, 254, 168, 226, 250, 31619, 10253, 166, 111, 254, 31619, 10253, 35975, 112, 23821, 228, 253, 168, 243, 226, 168, 246, 105, 167, 251, 120, 3926, 31619, 108, 109, 167, 96, 94, 35975, 246, 220, 166, 113, 121, 35975, 112, 166, 108, 247, 35975, 112, 220, 166, 113, 120, 169, 233, 222, 167, 240, 97, 169, 233, 222, 31619, 240, 97, 169, 233, 222, 447, 251, 8, 198, 198, 19, 167, 110, 230, 25, 604, 167, 110, 230, 168, 245, 238, 31619, 234, 222, 47991, 250, 31619, 233, 113, 167, 111, 222, 25, 23821, 243, 226, 46695, 230, 46695, 97, 13, 357, 167, 224, 246, 8, 167, 232, 242, 31619, 108, 102, 168, 250, 226, 35975, 246, 23821, 251, 246, 167, 107, 116, 167, 98, 120, 220, 169, 237, 105, 47991, 101, 47991, 250, 31619, 239, 238, 23821, 244, 112, 169, 250, 246, 167, 98, 120, 23821, 8955, 168, 248, 102, 47991, 246, 168, 245, 105, 31619, 234, 222, 168, 225, 223, 35975, 112, 23821, 226, 250, 167, 94, 250, 31619, 108, 246, 167, 234, 222, 31619, 108, 102, 169, 244, 98, 168, 250, 120, 167, 94, 250, 23821, 251, 112, 167, 237, 247, 47991, 101, 35975, 226, 31619, 241, 250, 167, 253, 105, 167, 224, 116, 46695, 97, 13, 357, 168, 100, 222, 167, 105, 116, 23821, 228, 235, 220, 166, 115, 120, 166, 109, 108, 25, 564, 250, 168, 254, 243, 168, 249, 242, 31619, 234, 222, 167, 111, 112, 167, 99, 226, 168, 245, 238, 23821, 226, 250, 169, 240, 235, 35975, 112, 220, 166, 111, 254, 35975, 112, 31619, 114, 230, 23821, 254, 250, 447, 251, 23821, 247, 222, 564, 250, 167, 237, 247, 47991, 112, 31619, 108, 242, 46695, 97, 220, 166, 109, 112, 167, 226, 230, 166, 108, 222, 168, 226, 250, 23821, 247, 116, 167, 94, 250, 35975, 112, 23821, 226, 108, 167, 232, 242, 31619, 224, 246, 167, 105, 112, 168, 245, 238, 220, 166, 109, 116, 167, 254, 116, 46695, 97, 447, 251, 8, 198, 198, 20, 167, 110, 230, 25, 642, 167, 110, 230, 168, 245, 238, 31619, 234, 222, 47991, 250, 31619, 233, 113, 167, 111, 222, 25, 23821, 243, 226, 46695, 230, 46695, 97, 13, 357, 166, 108, 222, 8, 168, 247, 222, 357, 167, 224, 246, 8, 167, 232, 242, 31619, 239, 246, 31619, 233, 97, 23821, 225, 231, 168, 109, 226, 167, 98, 120, 31619, 224, 246, 169, 225, 222, 167, 224, 112, 167, 232, 242, 220, 169, 239, 250, 169, 246, 226, 35975, 112, 31619, 108, 108, 166, 110, 121, 23821, 228, 235, 31619, 114, 226, 168, 250, 226, 166, 116, 108, 220, 169, 246, 243, 168, 226, 109, 168, 245, 238, 23821, 8955, 168, 248, 102, 167, 238, 246, 168, 100, 222, 167, 100, 234, 11, 31619, 239, 238, 23821, 100, 222, 167, 105, 116, 35975, 246, 23821, 96, 120, 168, 248, 242, 220, 169, 232, 117, 168, 100, 243, 168, 250, 120, 167, 94, 250, 23821, 225, 231, 168, 109, 226, 167, 98, 120, 220, 169, 228, 113, 47991, 112, 31619, 234, 222, 168, 225, 223, 35975, 246, 23821, 249, 222, 168, 100, 223, 168, 252, 226, 35975, 226, 31619, 248, 250, 167, 254, 115, 47991, 246, 166, 110, 234, 31619, 241, 250, 167, 253, 105, 167, 224, 116, 46695, 97, 166, 111, 254, 31619, 111, 112, 166, 116, 108, 167, 232, 242, 31619, 233, 97, 168, 228, 234, 220, 166, 111, 120, 168, 252, 98, 167, 238, 250, 46695, 97, 13, 357, 168, 100, 222, 167, 105, 116, 23821, 228, 235, 220, 166, 115, 120, 166, 109, 108, 25, 357, 166, 108, 222, 8, 564, 250, 166, 108, 238, 169, 247, 235, 167, 94, 250, 168, 247, 222, 23821, 100, 226, 167, 108, 108, 168, 245, 228, 167, 226, 97, 447, 251, 1220, 357, 167, 224, 246, 8, 564, 250, 47991, 246, 168, 244, 222, 23821, 233, 97, 220, 47991, 250, 23821, 244, 120, 167, 254, 230, 3926, 31619, 108, 109, 167, 96, 94, 35975, 246, 220, 166, 113, 121, 35975, 112, 166, 108, 247, 35975, 112, 3926, 447, 251, 8, 198, 198, 168, 113, 250, 168, 95, 227, 23821, 254, 243, 46695, 113, 25, 362]","[0.5, 0.5, 0.5, 0.5, 0.5, 0.5, 0.5, 0.5, 0.5, 0.5, 0.5, 0.5, 0.5, 0.5, 0.5, 0.5, 0.5, 0.5, 0.5, 0.5, 0.5, 0.5, 0.5, 0.5, 0.5, 0.5, 0.5, 0.5, 0.5, 0.5, 0.5, 0.5, 0.5, 0.5, 0.5, 0.5, 0.5, 0.5, 0.5, 0.5, 0.5, 0.5, 0.5, 0.5, 0.5, 0.5, 0.5, 0.5, 0.5, 0.5, 0.5, 0.5, 0.5, 0.5, 0.5, 0.5, 0.5, 0.5, 0.5, 0.5, 0.5, 0.5, 0.5, 0.5, 0.5, 0.5, 0.5, 0.5, 0.5, 0.5, 0.5, 0.5, 0.5, 0.5, 0.5, 0.5, 0.5, 0.5, 0.5, 0.5, 0.5, 0.5, 0.5, 0.5, 0.5, 0.5, 0.5, 0.5, 0.5, 0.5, 0.5, 0.5, 0.5, 0.5, 0.5, 0.5, 0.5, 0.5, 0.5, 0.5, 0.5, 0.5, 0.5, 0.5, 0.5, 0.5, 0.5, 0.5, 0.5, 0.5, 0.5, 0.5, 0.5, 0.5, 0.5, 0.5, 0.5, 0.5, 0.5, 0.5, 0.5, 0.5, 0.5, 0.5, 0.5, 0.5, 0.5, 0.5, 0.5, 0.5, 0.5, 0.5, 0.5, 0.5, 0.5, 0.5, 0.5, 0.5, 0.5, 0.5, 0.5, 0.5, 0.5, 0.5, 0.5, 0.5, 0.5, 0.5, 0.5, 0.5, 0.5, 0.5, 0.5, 0.5, 0.5, 0.5, 0.5, 0.5, 0.5, 0.5, 0.5, 0.5, 0.5, 0.5, 0.5, 0.5, 0.5, 0.5, 0.5, 0.5, 0.5, 0.5, 0.5, 0.5, 0.5, 0.5, 0.5, 0.5, 0.5, 0.5, 0.5, 0.5, 0.5, 0.5, 0.5, 0.5, 0.5, 0.5, 0.5, 0.5, 0.5, 0.5, 0.5, 0.5, 0.5, 0.5, 0.5, 0.5, 0.5, 0.5, 0.5, 0.5, 0.5, 0.5, 0.5, 0.5, 0.5, 0.5, 0.5, 0.5, 0.5, 0.5, 0.5, 0.5, 0.5, 0.5, 0.5, 0.5, 0.5, 0.5, 0.5, 0.5, 0.5, 0.5, 0.5, 0.5, 0.5, 0.5, 0.5, 0.5, 0.5, 0.5, 0.5, 0.5, 0.5, 0.5, 0.5, 0.5, 0.5, 0.5, 0.5, 0.5, 0.5, 0.5, 0.5, 0.5, 0.5, 0.5, 0.5, 0.5, 0.5, 0.5, 0.5, 0.5, 0.5, 0.5, 0.5, 0.5, 0.5, 0.5, 0.5, 0.5, 0.5, 0.5, 0.5, 0.5, 0.5, 0.5, 0.5, 0.5, 0.5, 0.5, 0.5, 0.5, 0.5, 0.5, 0.5, 0.5, 0.5, 0.5, 0.5, 0.5, 0.5, 0.5, 0.5, 0.5, 0.5, 0.5, 0.5, 0.5, 0.5, 0.5, 0.5, 0.5, 0.5, 0.5, 0.5, 0.5, 0.5, 0.5, 0.5, 0.5, 0.5, 0.5, 0.5, 0.5, 0.5, 0.5, 0.5, 0.5, 0.5, 0.5, 0.5, 0.5, 0.5, 0.5, 0.5, 0.5, 0.5, 0.5, 0.5, 0.5, 0.5, 0.5, 0.5, 0.5, 0.5, 0.5, 0.5, 0.5, 0.5, 0.5, 0.5, 0.5, 0.5, 0.5, 0.5, 0.5, 0.5, 0.5, 0.5, 0.5, 0.5, 0.5, 0.5, 0.5, 0.5, 0.5, 0.5, 0.5, 0.5, 0.5, 0.5, 0.5, 0.5, 0.5, 0.5, 0.5, 0.5, 0.5, 0.5, 0.5, 0.5, 0.5, 0.5, 0.5, 0.5, 0.5, 0.5, 0.5, 0.5, 0.5, 0.5, 0.5, 0.5, 0.5, 0.5, 0.5, 0.5, 0.5, 0.5, 0.5, 0.5, 0.5, 0.5, 0.5, 0.5, 0.5, 0.5, 0.5, 0.5, 0.5, 0.5, 0.5, 0.5, 0.5, 0.5, 0.5, 0.5, 0.5, 0.5, 0.5, 0.5, 0.5, 0.5, 0.5, 0.5, 0.5, 0.5, 0.5, 0.5, 0.5, 0.5, 0.5, 0.5, 0.5, 0.5, 0.5, 0.5, 0.5, 0.5, 0.5, 0.5, 0.5, 0.5, 0.5, 0.5, 0.5, 0.5, 0.5, 0.5, 0.5, 0.5, 0.5, 0.5, 0.5, 0.5, 0.5, 0.5, 0.5, 0.5, 0.5, 0.5, 0.5, 0.5, 0.5, 0.5, 0.5, 0.5, 0.5, 0.5, 0.5, 0.5, 0.5, 0.5, 0.5, 0.5, 0.5, 0.5, 0.5, 0.5, 0.5, 0.5, 0.5, 0.5, 0.5, 0.5, 0.5, 0.5, 0.5, 0.5, 0.5, 0.5, 0.5, 0.5, 0.5, 0.5, 0.5, 0.5, 0.5, 0.5, 0.5, 0.5, 0.5, 0.5, 0.5, 0.5, 0.5, 0.5, 0.5, 0.5, 0.5, 0.5, 0.5, 0.5, 0.5, 0.5, 0.5, 0.5, 0.5, 0.5, 0.5, 0.5, 0.5, 0.5, 0.5, 0.5, 0.5, 0.5, 0.5, 0.5, 0.5, 0.5, 0.5, 0.5, 0.5, 0.5, 0.5, 0.5, 0.5, 0.5, 0.5, 0.5, 0.5, 0.5, 0.5, 0.5, 0.5, 0.5, 0.5, 0.5, 0.5, 0.5, 0.5, 0.5, 0.5, 0.5, 0.5, 0.5, 0.5, 0.5, 0.5, 0.5, 0.5, 0.5, 0.5, 0.5, 0.5, 0.5, 0.5, 0.5, 0.5, 0.5, 0.5, 0.5, 0.5, 0.5, 0.5, 0.5, 0.5, 0.5, 0.5, 0.5, 0.5, 0.5, 0.5, 0.5, 0.5, 0.5, 0.5, 0.5, 0.5, 0.5, 0.5, 0.5, 0.5, 0.5, 0.5, 0.5, 0.5, 0.5, 0.5, 0.5, 0.5, 0.5, 0.5, 0.5, 0.5, 0.5, 0.5, 0.5, 0.5, 0.5, 0.5, 0.5, 0.5, 0.5, 0.5, 0.5, 0.5, 0.5, 0.5, 0.5, 0.5, 0.5, 0.5, 0.5, 0.5, 0.5, 0.5, 0.5, 0.5, 0.5, 0.5, 0.5, 0.5, 0.5, 0.5, 0.5, 0.5, 0.5, 0.5, 0.5, 0.5, 0.5, 0.5, 0.5, 0.5, 0.5, 0.5, 0.5, 0.5, 0.5, 0.5, 0.5, 0.5, 0.5, 0.5, 0.5, 0.5, 0.5, 0.5, 0.5, 0.5, 0.5, 0.5, 0.5, 0.5, 0.5, 0.5, 0.5, 0.5, 0.5, 0.5, 0.5, 0.5, 0.5, 0.5, 0.5, 0.5, 0.5, 0.5, 0.5, 0.5, 0.5, 0.5, 0.5, 0.5, 0.5, 0.5, 0.5, 0.5, 0.5, 0.5, 0.5, 0.5, 0.5, 0.5, 0.5, 0.5, 0.5, 0.5, 0.5, 0.5, 0.5, 0.5, 0.5, 0.5, 0.5, 0.5, 0.5, 0.5, 0.5, 0.5, 0.5, 0.5, 0.5, 0.5, 0.5, 0.5, 0.5, 0.5, 0.5, 0.5, 0.5, 0.5, 0.5, 0.5, 0.5, 0.5, 0.5, 0.5, 0.5, 0.5, 0.5, 0.5, 0.5, 0.5, 0.5, 0.5, 0.5, 0.5, 0.5, 0.5, 0.5, 0.5, 0.5, 0.5, 0.5, 0.5, 0.5, 0.5, 0.5, 0.5, 0.5, 0.5, 0.5, 0.5, 0.5, 0.5, 0.5, 0.5, 0.5, 0.5, 0.5, 0.5, 0.5, 0.5, 0.5, 0.5, 0.5, 0.5, 0.5, 0.5, 0.5, 0.5, 0.5, 0.5, 0.5, 0.5, 0.5, 0.5, 0.5, 0.5, 0.5, 0.5, 0.5, 0.5, 0.5, 0.5, 0.5, 0.5, 0.5, 0.5, 0.5, 0.5, 0.5, 0.5, 0.5, 0.5, 0.5, 0.5, 0.5, 0.5, 0.5, 0.5, 0.5, 0.5, 0.5, 0.5, 0.5, 0.5, 0.5, 0.5, 0.5, 0.5, 0.5, 0.5, 0.5, 0.5, 0.5, 0.5, 0.5, 0.5, 0.5, 0.5, 0.5, 0.5, 0.5, 0.5, 0.5, 0.5, 0.5, 0.5, 0.5, 0.5, 0.5, 0.5, 0.5, 0.5, 0.5, 0.5, 0.5, 0.5, 0.5, 0.5, 0.5, 0.5, 0.5, 0.5, 0.5, 0.5, 0.5, 0.5, 0.5, 0.5, 0.5, 0.5, 0.5, 0.5, 0.5, 0.5, 0.5, 0.5, 0.5, 0.5, 0.5, 0.5, 0.5, 0.5, 0.5, 0.5, 0.5, 0.5, 0.5, 0.5, 0.5, 0.5, 0.5, 0.5, 0.5, 0.5, 0.5, 0.5, 0.5, 0.5, 0.5, 0.5, 0.5, 0.5, 0.5, 0.5, 0.5, 0.5, 0.5, 0.5, 0.5, 0.5, 0.5, 0.5, 0.5, 0.5, 0.5, 0.5, 0.5, 0.5, 0.5, 0.5, 0.5, 0.5, 0.5, 0.5, 0.5, 0.5, 0.5, 0.5, 0.5, 0.5, 0.5, 0.5, 0.5, 0.5, 0.5, 0.5, 0.5, 0.5, 0.5, 0.5, 0.5, 0.5, 0.5, 0.5, 0.5, 0.5, 0.5, 0.5, 0.5, 0.5, 0.5, 0.5, 0.5, 0.5, 0.5, 0.5, 0.5, 0.5, 0.5, 0.5, 0.5, 0.5, 0.5, 0.5, 0.5, 0.5, 0.5, 0.5, 0.5, 0.5, 0.5, 0.5, 0.5, 0.5, 0.5, 0.5, 0.5, 0.5, 0.5, 0.5, 0.5, 0.5, 0.5, 0.5, 0.5, 0.5, 0.5, 0.5, 0.5, 0.5, 0.5, 0.5, 0.5, 0.5, 0.5, 0.5, 0.5, 0.5, 0.5, 0.5, 0.5, 0.5, 0.5, 0.5, 0.5, 0.5, 0.5, 0.5, 0.5, 0.5, 0.5, 0.5, 0.5, 0.5, 0.5, 0.5, 0.5, 0.5, 0.5, 0.5, 0.5, 0.5, 0.5, 0.5, 0.5, 0.5, 0.5, 0.5, 0.5, 0.5, 0.5, 0.5, 0.5, 0.5, 0.5, 0.5, 0.5, 0.5, 0.5, 0.5, 0.5, 0.5, 0.5, 0.5, 0.5, 0.5, 0.5, 0.5, 0.5, 0.5, 0.5, 0.5, 0.5, 0.5, 0.5, 0.5, 0.5, 0.5, 0.5, 0.5, 0.5, 0.5, 0.5, 0.5, 0.5, 0.5, 0.5, 0.5, 0.5, 0.5, 0.5, 0.5, 0.5, 0.5, 0.5, 0.5, 0.5, 0.5, 0.5, 0.5, 0.5, 0.5, 0.5, 0.5, 0.5, 0.5, 0.5, 0.5, 0.5, 0.5, 0.5, 0.5, 0.5, 0.5, 0.5, 0.5, 0.5, 0.5, 0.5, 0.5, 0.5, 0.5, 0.5, 0.5, 0.5, 0.5, 0.5, 0.5, 0.5, 0.5, 0.5, 0.5, 0.5, 0.5, 0.5, 0.5, 0.5, 0.5, 0.5, 0.5, 0.5, 0.5, 0.5, 0.5, 0.5, 0.5, 0.5, 0.5, 0.5, 0.5, 0.5, 0.5, 0.5, 0.5, 0.5, 0.5, 0.5, 0.5, 0.5, 0.5, 0.5, 0.5, 0.5, 0.5, 0.5, 0.5, 0.5, 0.5, 0.5, 0.5, 0.5, 0.5, 0.5, 0.5, 0.5, 0.5, 0.5, 0.5, 0.5, 0.5, 0.5, 0.5, 0.5, 0.5, 0.5, 0.5, 0.5, 0.5, 0.5, 0.5, 0.5, 0.5, 0.5, 0.5, 0.5, 0.5, 0.5, 0.5, 0.5, 0.5, 0.5, 0.5, 0.5, 0.5, 0.5, 0.5, 0.5, 0.5, 0.5, 0.5, 0.5, 0.5, 0.5, 0.5, 0.5, 0.5, 0.5, 0.5, 0.5, 0.5, 0.5, 0.5, 0.5, 0.5, 0.5, 0.5, 0.5, 0.5, 0.5, 0.5, 0.5, 0.5, 0.5, 0.5, 0.5, 0.5, 0.5, 0.5, 0.5, 0.5, 0.5, 0.5, 0.5, 0.5, 0.5, 0.5, 0.5, 0.5, 0.5, 0.5, 0.5, 0.5, 0.5, 0.5, 0.5, 0.5, 0.5, 0.5, 0.5, 0.5, 0.5, 0.5, 0.5, 0.5, 0.5, 0.5, 0.5, 0.5, 0.5, 0.5, 0.5, 0.5, 0.5, 0.5, 0.5, 0.5, 0.5, 0.5, 0.5, 0.5, 0.5, 0.5, 0.5, 0.5, 0.5, 0.5, 0.5, 0.5, 0.5, 0.5, 0.5, 0.5, 0.5, 0.5, 0.5, 0.5, 0.5, 0.5, 0.5, 0.5, 0.5, 0.5, 0.5, 0.5, 0.5, 0.5, 0.5, 0.5, 0.5, 0.5, 0.5, 0.5, 0.5, 0.5, 0.5, 0.5, 0.5, 0.5, 0.5, 0.5, 0.5, 0.5, 0.5, 0.5, 0.5, 0.5, 0.5, 0.5, 0.5, 0.5, 0.5, 0.5, 0.5, 0.5, 0.5, 0.5, 0.5, 0.5, 0.5, 0.5, 0.5, 0.5, 0.5, 0.5, 0.5, 0.5, 0.5, 0.5, 0.5, 0.5, 0.5, 0.5, 0.5, 0.5, 0.5, 0.5, 0.5, 0.5, 0.5, 0.5, 0.5, 0.5, 0.5, 0.5, 0.5, 0.5, 0.5, 0.5, 0.5, 0.5, 0.5, 0.5, 0.5, 0.5, 0.5, 0.5, 0.5, 0.5, 0.5, 0.5, 0.5, 0.5, 0.5, 0.5, 0.5, 0.5, 0.5, 0.5, 0.5, 0.5, 0.5, 0.5, 0.5, 0.5, 0.5, 0.5, 0.5, 0.5, 0.5, 0.5, 0.5, 0.5, 0.5, 0.5, 0.5, 0.5, 0.5, 0.5, 0.5, 0.5, 0.5, 0.5, 0.5, 0.5, 0.5, 0.5, 0.5, 0.5, 0.5, 0.5, 0.5, 0.5, 0.5, 0.5, 0.5, 0.5, 0.5, 0.5, 0.5, 0.5, 0.5, 0.5, 0.5, 0.5, 0.5, 0.5, 0.5, 0.5, 0.5, 0.5, 0.5, 0.5, 0.5, 0.5, 0.5, 0.5, 0.5, 0.5, 0.5, 0.5, 0.5, 0.5, 0.5, 0.5, 0.5, 0.5, 0.5, 0.5, 0.5, 0.5, 0.5, 0.5, 0.5, 0.5, 0.5, 0.5, 0.5, 0.5, 0.5, 0.5, 0.5, 0.5, 0.5, 0.5, 0.5, 0.5, 0.5, 0.5, 0.5, 0.5, 0.5, 0.5, 0.5, 0.5, 0.5, 0.5, 0.5, 0.5, 0.5, 0.5, 0.5, 0.5, 0.5, 0.5, 0.5, 0.5, 0.5, 0.5, 0.5, 0.5, 0.5, 0.5, 0.5, 0.5, 0.5, 0.5, 0.5, 0.5, 0.5, 0.5, 0.5, 0.5, 0.5, 0.5, 0.5, 0.5, 0.5, 0.5, 0.5, 0.5, 0.5, 0.5, 0.5, 0.5, 0.5, 0.5, 0.5, 0.5, 0.5, 0.5, 0.5, 0.5, 0.5, 0.5, 0.5, 0.5, 0.5, 0.5, 0.5, 0.5, 0.5, 0.5, 0.5, 0.5, 0.5, 0.5, 0.5, 0.5, 0.5, 0.5, 0.5, 0.5, 0.5, 0.5, 0.5, 0.5, 0.5, 0.5, 0.5]",2
2026_11_KICE_31-34_1,['4(2)'],"1번: 적절함 O + ""(온성이 몇 리런고 ㉠[우리 말이 지쳤구나](㉠의 밑줄) 서성 밖에 잠깐 쉬어 말 얻어 먹이려니)""  
2번: 적절함 O + ""(그 술을 먹어 보자 ㉡[촌인(村人)의 솜씨 아녀](㉡의 밑줄) 분명 관가 술일네 그 곡절 모를쏘냐)""  
3번: 적절함 O + ""(나인 줄 짐작하고 짐짓 싸게 파는구나 ㉢[수상히 오는 손](㉢의 밑줄))""  
4번: 적절함 X + ""(유심터라 이 부사야 너 언제 날 알더냐 ㉣[유심터라 이 부사야](㉣의 밑줄))""  
5번: 적절함 O + ""(억지로 발 드리운들  그 누가 저어하리 ㉤[억지로 발 드리운들](㉤의 밑줄))""  

최종 정답: 4","[16, 167, 110, 230, 25, 23821, 254, 223, 168, 254, 230, 47991, 101, 440, 1343, 30629, 168, 246, 101, 168, 226, 109, 35975, 112, 31619, 103, 229, 31619, 99, 105, 167, 253, 108, 166, 111, 254, 220, 159, 231, 254, 58, 168, 248, 108, 167, 99, 105, 31619, 100, 238, 35975, 112, 23821, 100, 222, 168, 111, 97, 166, 113, 105, 167, 224, 246, 16151, 159, 231, 254, 35975, 246, 31619, 108, 239, 168, 97, 226, 8, 23821, 226, 250, 168, 226, 109, 31619, 108, 244, 168, 245, 238, 23821, 252, 254, 166, 117, 238, 23821, 231, 105, 168, 244, 112, 31619, 100, 238, 23821, 244, 119, 168, 244, 112, 31619, 101, 117, 35975, 112, 167, 254, 97, 46695, 230, 16725, 220, 220, 198, 17, 167, 110, 230, 25, 23821, 254, 223, 168, 254, 230, 47991, 101, 440, 1343, 30629, 166, 115, 116, 23821, 230, 254, 35975, 226, 31619, 101, 117, 168, 244, 112, 31619, 111, 112, 168, 252, 238, 220, 159, 231, 94, 58, 168, 112, 234, 35975, 116, 7, 30266, 239, 21689, 8, 35975, 246, 23821, 228, 250, 168, 242, 101, 23821, 243, 226, 167, 227, 222, 16151, 159, 231, 94, 35975, 246, 31619, 108, 239, 168, 97, 226, 8, 31619, 114, 226, 167, 103, 227, 220, 166, 112, 222, 166, 108, 222, 23821, 230, 254, 35975, 120, 167, 226, 97, 220, 166, 115, 116, 220, 166, 111, 94, 168, 254, 230, 31619, 103, 101, 167, 98, 120, 168, 237, 246, 167, 225, 238, 16725, 220, 220, 198, 18, 167, 110, 230, 25, 23821, 254, 223, 168, 254, 230, 47991, 101, 440, 1343, 30629, 167, 224, 246, 35975, 116, 23821, 97, 226, 23821, 100, 238, 168, 252, 239, 47991, 246, 166, 111, 254, 23821, 100, 238, 168, 100, 241, 23821, 233, 116, 166, 110, 234, 220, 169, 234, 234, 167, 232, 242, 166, 113, 105, 167, 224, 246, 220, 159, 231, 95, 58, 168, 230, 246, 168, 225, 223, 169, 252, 230, 23821, 246, 97, 167, 232, 242, 23821, 228, 238, 16151, 159, 231, 95, 35975, 246, 31619, 108, 239, 168, 97, 226, 4008, 1, 220, 220, 198, 19, 167, 110, 230, 25, 23821, 254, 223, 168, 254, 230, 47991, 101, 1395, 1343, 30629, 168, 250, 254, 168, 233, 105, 169, 226, 108, 167, 251, 120, 23821, 251, 112, 31619, 114, 222, 168, 8955, 168, 243, 120, 31619, 226, 230, 23821, 244, 116, 168, 254, 250, 31619, 224, 254, 23821, 243, 234, 167, 235, 242, 167, 225, 238, 220, 159, 231, 96, 58, 168, 250, 254, 168, 233, 105, 169, 226, 108, 167, 251, 120, 23821, 251, 112, 31619, 114, 222, 168, 8955, 168, 243, 120, 16151, 159, 231, 96, 35975, 246, 31619, 108, 239, 168, 97, 226, 4008, 1, 220, 220, 198, 20, 167, 110, 230, 25, 23821, 254, 223, 168, 254, 230, 47991, 101, 440, 1343, 30629, 168, 244, 113, 168, 100, 222, 167, 94, 250, 31619, 108, 250, 31619, 241, 250, 167, 99, 105, 168, 248, 112, 167, 241, 97, 220, 220, 166, 115, 116, 31619, 230, 226, 166, 108, 222, 23821, 254, 222, 168, 244, 112, 47991, 246, 167, 99, 105, 220, 159, 231, 97, 58, 168, 244, 113, 168, 100, 222, 167, 94, 250, 31619, 108, 250, 31619, 241, 250, 167, 99, 105, 168, 248, 112, 167, 241, 97, 16151, 159, 231, 97, 35975, 246, 31619, 108, 239, 168, 97, 226, 4008, 1, 220, 220, 198, 198, 168, 113, 250, 168, 95, 227, 23821, 254, 243, 46695, 113, 25, 604]","[0.5, 0.5, 0.5, 0.5, 0.5, 0.5, 0.5, 0.5, 0.5, 0.5, 0.5, 0.5, 0.5, 0.5, 0.5, 0.5, 0.5, 0.5, 0.5, 0.5, 0.5, 0.5, 0.5, 0.5, 0.5, 0.5, 0.5, 0.5, 0.5, 0.5, 0.5, 0.5, 0.5, 0.5, 0.5, 0.5, 0.5, 0.5, 0.5, 0.5, 0.5, 0.5, 0.5, 0.5, 0.5, 0.5, 0.5, 0.5, 0.5, 0.5, 0.5, 0.5, 0.5, 0.5, 0.5, 0.5, 0.5, 0.5, 0.5, 0.5, 0.5, 0.5, 0.5, 0.5, 0.5, 0.5, 0.5, 0.5, 0.5, 0.5, 0.5, 0.5, 0.5, 0.5, 0.5, 0.5, 0.5, 0.5, 0.5, 0.5, 0.5, 0.5, 0.5, 0.5, 0.5, 0.5, 0.5, 0.5, 0.5, 0.5, 0.5, 0.5, 0.5, 0.5, 0.5, 0.5, 0.5, 0.5, 0.5, 0.5, 0.5, 0.5, 0.5, 0.5, 0.5, 0.5, 0.5, 0.5, 0.5, 0.5, 0.5, 0.5, 0.5, 0.5, 0.5, 0.5, 0.5, 0.5, 0.5, 0.5, 0.5, 0.5, 0.5, 0.5, 0.5, 0.5, 0.5, 0.5, 0.5, 0.5, 0.5, 0.5, 0.5, 0.5, 0.5, 0.5, 0.5, 0.5, 0.5, 0.5, 0.5, 0.5, 0.5, 0.5, 0.5, 0.5, 0.5, 0.5, 0.5, 0.5, 0.5, 0.5, 0.5, 0.5, 0.5, 0.5, 0.5, 0.5, 0.5, 0.5, 0.5, 0.5, 0.5, 0.5, 0.5, 0.5, 0.5, 0.5, 0.5, 0.5, 0.5, 0.5, 0.5, 0.5, 0.5, 0.5, 0.5, 0.5, 0.5, 0.5, 0.5, 0.5, 0.5, 0.5, 0.5, 0.5, 0.5, 0.5, 0.5, 0.5, 0.5, 0.5, 0.5, 0.5, 0.5, 0.5, 0.5, 0.5, 0.5, 0.5, 0.5, 0.5, 0.5, 0.5, 0.5, 0.5, 0.5, 0.5, 0.5, 0.5, 0.5, 0.5, 0.5, 0.5, 0.5, 0.5, 0.5, 0.5, 0.5, 0.5, 0.5, 0.5, 0.5, 0.5, 0.5, 0.5, 0.5, 0.5, 0.5, 0.5, 0.5, 0.5, 0.5, 0.5, 0.5, 0.5, 0.5, 0.5, 0.5, 0.5, 0.5, 0.5, 0.5, 0.5, 0.5, 0.5, 0.5, 0.5, 0.5, 0.5, 0.5, 0.5, 0.5, 0.5, 0.5, 0.5, 0.5, 0.5, 0.5, 0.5, 0.5, 0.5, 0.5, 0.5, 0.5, 0.5, 0.5, 0.5, 0.5, 0.5, 0.5, 0.5, 0.5, 0.5, 0.5, 0.5, 0.5, 0.5, 0.5, 0.5, 0.5, 0.5, 0.5, 0.5, 0.5, 0.5, 0.5, 0.5, 0.5, 0.5, 0.5, 0.5, 0.5, 0.5, 0.5, 0.5, 0.5, 0.5, 0.5, 0.5, 0.5, 0.5, 0.5, 0.5, 0.5, 0.5, 0.5, 0.5, 0.5, 0.5, 0.5, 0.5, 0.5, 0.5, 0.5, 0.5, 0.5, 0.5, 0.5, 0.5, 0.5, 0.5, 0.5, 0.5, 0.5, 0.5, 0.5, 0.5, 0.5, 0.5, 0.5, 0.5, 0.5, 0.5, 0.5, 0.5, 0.5, 0.5, 0.5, 0.5, 0.5, 0.5, 0.5, 0.5, 0.5, 0.5, 0.5, 0.5, 0.5, 0.5, 0.5, 0.5, 0.5, 0.5, 0.5, 0.5, 0.5, 0.5, 0.5, 0.5, 0.5, 0.5, 0.5, 0.5, 0.5, 0.5, 0.5, 0.5, 0.5, 0.5, 0.5, 0.5, 0.5, 0.5, 0.5, 0.5, 0.5, 0.5, 0.5, 0.5, 0.5, 0.5, 0.5, 0.5, 0.5, 0.5, 0.5, 0.5, 0.5, 0.5, 0.5, 0.5, 0.5, 0.5, 0.5, 0.5, 0.5, 0.5, 0.5, 0.5, 0.5, 0.5, 0.5, 0.5, 0.5, 0.5, 0.5, 0.5, 0.5, 0.5, 0.5, 0.5, 0.5, 0.5, 0.5, 0.5, 0.5, 0.5, 0.5, 0.5, 0.5, 0.5, 0.5, 0.5, 0.5, 0.5, 0.5, 0.5, 0.5, 0.5, 0.5, 0.5, 0.5, 0.5, 0.5, 0.5, 0.5, 0.5, 0.5, 0.5, 0.5, 0.5, 0.5, 0.5, 0.5, 0.5, 0.5, 0.5, 0.5, 0.5, 0.5, 0.5, 0.5, 0.5, 0.5, 0.5, 0.5, 0.5, 0.5, 0.5, 0.5, 0.5, 0.5, 0.5, 0.5, 0.5, 0.5, 0.5, 0.5, 0.5, 0.5, 0.5, 0.5, 0.5, 0.5, 0.5, 0.5, 0.5, 0.5, 0.5, 0.5, 0.5, 0.5, 0.5, 0.5, 0.5, 0.5, 0.5, 0.5, 0.5, 0.5, 0.5, 0.5, 0.5, 0.5, 0.5, 0.5, 0.5, 0.5, 0.5, 0.5, 0.5, 0.5, 0.5, 0.5, 0.5, 0.5, 0.5, 0.5, 0.5, 0.5, 0.5, 0.5, 0.5, 0.5, 0.5, 0.5, 0.5, 0.5, 0.5, 0.5, 0.5, 0.5, 0.5, 0.5, 0.5, 0.5, 0.5, 0.5, 0.5, 0.5, 0.5, 0.5, 0.5, 0.5, 0.5, 0.5, 0.5, 0.5, 0.5, 0.5, 0.5, 0.5, 0.5, 0.5, 0.5, 0.5, 0.5, 0.5, 0.5, 0.5, 0.5, 0.5, 0.5, 0.5, 0.5, 0.5, 0.5, 0.5, 0.5, 0.5, 0.5, 0.5, 0.5, 0.5, 0.5, 0.5, 0.5, 0.5, 0.5, 0.5, 0.5, 0.5, 0.5, 0.5, 0.5, 0.5]",2
2026_11_KICE_31-34_2,['1(2)'],"1번: 1) ""ⓐ[방패연](ⓐ의 밑줄)에 세세히 적어 정월 대보름에 서풍이 고이 불 제 하얀 실 한 얼레를 끝까지 풀어 띄울 제 큰 잔에 술을 부어 마지막 전송하자 둥게 둥게 둥둥 떠서 높고 높이 솟아올라 백룡의 굽이같이 굼틀뒤틀 뒤틀 어져 구름 속에 들거고나 동해 바다 건너가서 외로이 섰는 나무에 걸렸다가 풍소소 우낙락할 제* 자연 소멸 하여라"" (지문 속 근거가 된 문장)

2번: 2) ""ⓐ는 비를 기원하여 바다 건너 자연물에 걸어 두려는 대상이다."" (지문 속에 비를 기원한다는 내용은 제시되지 않으며, ⓐ는 서풍에 흩어지게 하여 멀리 보내는 목적으로 묘사된다. 근거): ""정월 대보름에 서풍이 고이 불 제 하얀 실 한 얼레를 끝까지 풀어 띄울 제"")

3번: 3) ""ⓑ는 바람이 잦아들었을 때 하늘에 유유히 띄워 두는 대상이다."" (지문 속 근거): ""바람이 한창인 제 삼간 퇴김 사간 근두* 반공에 솟아올라""—바람이 한창일 때 연을 띄우는 상황임을 보여 준다.

4번: 4) ""ⓐ와 ⓑ는 모두, 임에게 보내려는 전언을 담고 있는 대상이다."" (지문 속 근거): ⓑ에선 ""먼 데 임 줄맥을 길게 대어 낚아 올까 하노라""처럼 임에게 전언을 보내려는 맥락이 나타나지만 ⓐ는 '시름을 적어' 띄우는 용도로만 제시되어 임에게 보내려는 전언을 담고 있다고 일반화하기 어렵다.

5번: 5) ""ⓐ와 ⓑ는 모두, 집단의 의지를 실현하기 위해 날리는 대상이다."" (지문 속 근거): 시름을 적어 보내는 개인적 행위로 보이며, 집단의 의지를 실현하는 용도의 대상임을 직접적으로 나타내지는 않는다. 작중의 표현은 '여러 가지 시름'을 개인적으로 전송하는 모양이다.

최종 정답: 1","[16, 167, 110, 230, 25, 352, 8, 366, 158, 241, 238, 58, 167, 108, 102, 169, 234, 101, 168, 245, 108, 16151, 158, 241, 238, 35975, 246, 31619, 108, 239, 168, 97, 226, 8, 168, 245, 238, 23821, 226, 116, 168, 226, 116, 169, 252, 230, 23821, 254, 223, 168, 244, 112, 23821, 254, 243, 168, 249, 242, 31619, 234, 222, 167, 111, 112, 167, 99, 226, 168, 245, 238, 23821, 226, 250, 169, 240, 235, 35975, 112, 220, 166, 111, 254, 35975, 112, 31619, 114, 230, 23821, 254, 250, 220, 47991, 246, 168, 244, 222, 23821, 233, 97, 220, 47991, 250, 23821, 244, 120, 167, 254, 230, 167, 98, 120, 31619, 223, 251, 166, 117, 234, 168, 100, 222, 220, 169, 240, 222, 168, 244, 112, 31619, 251, 226, 168, 248, 116, 23821, 254, 250, 220, 169, 223, 108, 23821, 252, 242, 168, 245, 238, 23821, 230, 254, 35975, 226, 31619, 114, 222, 168, 244, 112, 31619, 100, 230, 168, 100, 222, 167, 100, 231, 23821, 254, 226, 168, 228, 94, 47991, 246, 168, 252, 238, 31619, 239, 98, 166, 110, 234, 31619, 239, 98, 166, 110, 234, 31619, 239, 98, 167, 239, 98, 31619, 244, 254, 168, 226, 250, 31619, 10253, 166, 111, 254, 31619, 10253, 35975, 112, 23821, 228, 253, 168, 243, 226, 168, 246, 105, 167, 251, 120, 31619, 108, 109, 167, 96, 94, 35975, 246, 220, 166, 113, 121, 35975, 112, 166, 108, 247, 35975, 112, 220, 166, 113, 120, 169, 233, 222, 167, 240, 97, 169, 233, 222, 31619, 240, 97, 169, 233, 222, 23821, 244, 112, 168, 254, 116, 220, 166, 113, 105, 167, 99, 226, 23821, 228, 235, 168, 245, 238, 31619, 241, 97, 166, 109, 108, 166, 111, 254, 167, 224, 246, 31619, 237, 247, 47991, 112, 31619, 108, 242, 46695, 97, 220, 166, 109, 112, 167, 226, 230, 166, 108, 222, 168, 226, 250, 23821, 247, 116, 167, 94, 250, 35975, 112, 23821, 226, 108, 167, 232, 242, 31619, 224, 246, 167, 105, 112, 168, 245, 238, 220, 166, 109, 116, 167, 254, 116, 46695, 97, 166, 108, 222, 220, 169, 240, 235, 168, 228, 234, 168, 228, 234, 23821, 248, 108, 167, 224, 247, 167, 251, 121, 47991, 254, 23821, 254, 250, 9, 23821, 252, 238, 168, 245, 108, 23821, 228, 234, 167, 102, 116, 220, 47991, 246, 168, 245, 105, 167, 251, 120, 1, 357, 168, 100, 222, 167, 105, 116, 23821, 228, 235, 220, 166, 115, 120, 166, 109, 108, 166, 108, 222, 31619, 238, 250, 31619, 105, 116, 168, 252, 98, 8, 198, 198, 17, 167, 110, 230, 25, 362, 8, 366, 158, 241, 238, 167, 232, 242, 31619, 117, 226, 167, 98, 120, 220, 166, 116, 108, 168, 249, 238, 47991, 246, 168, 245, 105, 31619, 108, 242, 46695, 97, 220, 166, 109, 112, 167, 226, 230, 23821, 252, 238, 168, 245, 108, 167, 45539, 168, 245, 238, 220, 166, 109, 116, 168, 244, 112, 31619, 239, 238, 167, 254, 97, 167, 232, 242, 31619, 234, 222, 168, 225, 223, 35975, 112, 46695, 97, 526, 357, 168, 100, 222, 167, 105, 116, 23821, 228, 235, 168, 245, 238, 31619, 117, 226, 167, 98, 120, 220, 166, 116, 108, 168, 249, 238, 47991, 250, 46695, 97, 167, 232, 242, 31619, 224, 112, 168, 248, 102, 35975, 222, 23821, 254, 250, 168, 233, 250, 167, 238, 246, 168, 100, 222, 23821, 243, 232, 168, 250, 120, 167, 102, 108, 11, 2343, 241, 238, 167, 232, 242, 23821, 226, 250, 169, 240, 235, 168, 245, 238, 220, 169, 251, 102, 168, 244, 112, 168, 100, 222, 166, 110, 234, 220, 47991, 246, 168, 245, 105, 31619, 102, 222, 167, 99, 105, 31619, 111, 112, 167, 224, 112, 167, 232, 242, 31619, 103, 102, 168, 254, 223, 168, 250, 120, 167, 94, 250, 31619, 105, 246, 168, 8955, 167, 238, 250, 46695, 97, 13, 220, 166, 115, 120, 166, 109, 108, 2599, 366, 168, 254, 243, 168, 249, 242, 31619, 234, 222, 167, 111, 112, 167, 99, 226, 168, 245, 238, 23821, 226, 250, 169, 240, 235, 35975, 112, 220, 166, 111, 254, 35975, 112, 31619, 114, 230, 23821, 254, 250, 220, 47991, 246, 168, 244, 222, 23821, 233, 97, 220, 47991, 250, 23821, 244, 120, 167, 254, 230, 167, 98, 120, 31619, 223, 251, 166, 117, 234, 168, 100, 222, 220, 169, 240, 222, 168, 244, 112, 31619, 251, 226, 168, 248, 116, 23821, 254, 250, 4943, 198, 198, 18, 167, 110, 230, 25, 513, 8, 366, 158, 241, 239, 167, 232, 242, 31619, 108, 242, 167, 252, 234, 35975, 112, 23821, 252, 99, 168, 243, 226, 167, 241, 97, 168, 245, 230, 35975, 226, 31619, 243, 234, 220, 47991, 246, 167, 232, 246, 168, 245, 238, 23821, 250, 254, 168, 250, 254, 169, 252, 230, 31619, 251, 226, 168, 249, 234, 31619, 239, 238, 167, 232, 242, 31619, 234, 222, 168, 225, 223, 35975, 112, 46695, 97, 526, 357, 168, 100, 222, 167, 105, 116, 23821, 228, 235, 220, 166, 115, 120, 166, 109, 108, 2599, 366, 167, 108, 242, 167, 252, 234, 35975, 112, 220, 47991, 250, 168, 108, 121, 35975, 116, 23821, 254, 250, 23821, 224, 120, 166, 108, 226, 220, 169, 229, 112, 166, 117, 222, 23821, 8955, 166, 108, 226, 220, 166, 115, 120, 167, 239, 238, 9, 31619, 108, 246, 166, 111, 113, 168, 245, 238, 23821, 228, 253, 168, 243, 226, 168, 246, 105, 167, 251, 120, 15327, 167, 108, 242, 167, 252, 234, 35975, 112, 220, 47991, 250, 168, 108, 121, 35975, 120, 31619, 243, 234, 23821, 245, 108, 35975, 226, 31619, 251, 226, 168, 248, 108, 167, 232, 242, 23821, 225, 223, 169, 247, 102, 168, 252, 226, 35975, 226, 31619, 111, 112, 168, 245, 105, 23821, 97, 222, 46695, 97, 13, 198, 198, 19, 167, 110, 230, 25, 604, 8, 366, 158, 241, 238, 168, 247, 222, 2343, 241, 239, 167, 232, 242, 31619, 103, 101, 167, 239, 238, 11, 23821, 252, 226, 168, 245, 238, 166, 110, 234, 31619, 111, 112, 167, 224, 112, 167, 254, 97, 167, 232, 242, 23821, 254, 226, 168, 244, 116, 35975, 226, 31619, 233, 112, 166, 111, 254, 23821, 252, 230, 167, 232, 242, 31619, 234, 222, 168, 225, 223, 35975, 112, 46695, 97, 526, 357, 168, 100, 222, 167, 105, 116, 23821, 228, 235, 220, 166, 115, 120, 166, 109, 108, 2599, 2343, 241, 239, 168, 245, 238, 168, 226, 254, 366, 167, 101, 120, 31619, 235, 108, 23821, 252, 226, 23821, 97, 226, 167, 100, 98, 35975, 226, 220, 166, 116, 116, 166, 110, 234, 31619, 234, 222, 168, 244, 112, 31619, 224, 248, 168, 243, 226, 23821, 246, 105, 166, 117, 234, 220, 47991, 246, 167, 227, 116, 167, 251, 120, 1, 168, 110, 246, 167, 253, 120, 23821, 252, 226, 168, 245, 238, 166, 110, 234, 23821, 254, 226, 168, 244, 116, 35975, 226, 31619, 111, 112, 167, 224, 112, 167, 254, 97, 167, 232, 242, 31619, 100, 98, 167, 251, 121, 35975, 112, 31619, 224, 246, 169, 225, 222, 167, 224, 246, 168, 100, 222, 167, 100, 234, 2343, 241, 238, 167, 232, 242, 705, 168, 233, 250, 167, 99, 226, 35975, 226, 23821, 254, 223, 168, 244, 112, 6, 31619, 251, 226, 168, 248, 108, 167, 232, 242, 23821, 248, 102, 167, 237, 226, 167, 94, 250, 167, 100, 234, 23821, 254, 250, 168, 233, 250, 167, 238, 246, 168, 244, 112, 23821, 252, 226, 168, 245, 238, 166, 110, 234, 31619, 111, 112, 167, 224, 112, 167, 254, 97, 167, 232, 242, 23821, 254, 226, 168, 244, 116, 35975, 226, 31619, 233, 112, 166, 111, 254, 23821, 252, 230, 46695, 97, 166, 111, 254, 23821, 251, 120, 167, 108, 246, 169, 247, 242, 47991, 246, 166, 116, 108, 23821, 244, 112, 167, 254, 113, 46695, 97, 13, 198, 198, 20, 167, 110, 230, 25, 642, 8, 366, 158, 241, 238, 168, 247, 222, 2343, 241, 239, 167, 232, 242, 31619, 103, 101, 167, 239, 238, 11, 23821, 100, 239, 46695, 101, 35975, 246, 23821, 251, 246, 168, 100, 222, 167, 98, 120, 23821, 233, 97, 169, 246, 226, 47991, 246, 166, 116, 108, 23821, 250, 226, 47991, 112, 31619, 224, 254, 167, 99, 105, 167, 232, 242, 31619, 234, 222, 168, 225, 223, 35975, 112, 46695, 97, 526, 357, 168, 100, 222, 167, 105, 116, 23821, 228, 235, 220, 166, 115, 120, 166, 109, 108, 2599, 23821, 233, 250, 167, 99, 226, 35975, 226, 23821, 254, 223, 168, 244, 112, 31619, 111, 112, 167, 224, 112, 167, 232, 242, 220, 166, 108, 250, 35975, 116, 168, 254, 223, 220, 169, 244, 231, 168, 250, 226, 167, 94, 250, 31619, 111, 112, 35975, 112, 167, 102, 108, 11, 23821, 100, 239, 46695, 101, 35975, 246, 23821, 251, 246, 168, 100, 222, 167, 98, 120, 23821, 233, 97, 169, 246, 226, 47991, 246, 167, 232, 242, 23821, 248, 102, 167, 237, 226, 35975, 246, 31619, 234, 222, 168, 225, 223, 168, 252, 226, 35975, 226, 23821, 100, 223, 168, 254, 239, 168, 254, 223, 168, 250, 120, 167, 94, 250, 31619, 224, 246, 169, 225, 222, 167, 224, 112, 168, 100, 222, 167, 232, 242, 23821, 243, 232, 167, 232, 242, 46695, 97, 13, 23821, 252, 239, 168, 97, 239, 35975, 246, 220, 169, 239, 250, 169, 246, 226, 35975, 222, 705, 168, 245, 105, 167, 253, 105, 220, 166, 108, 222, 168, 100, 222, 23821, 233, 250, 167, 99, 226, 6, 35975, 226, 220, 166, 108, 250, 35975, 116, 168, 254, 223, 168, 250, 120, 167, 94, 250, 23821, 254, 226, 168, 228, 94, 47991, 246, 167, 232, 242, 31619, 103, 101, 168, 244, 239, 35975, 112, 46695, 97, 13, 198, 198, 168, 113, 250, 168, 95, 227, 23821, 254, 243, 46695, 113, 25, 352]","[0.5, 0.5, 0.5, 0.5, 0.5, 0.5, 0.5, 0.5, 0.5, 0.5, 0.5, 0.5, 0.5, 0.5, 0.5, 0.5, 0.5, 0.5, 0.5, 0.5, 0.5, 0.5, 0.5, 0.5, 0.5, 0.5, 0.5, 0.5, 0.5, 0.5, 0.5, 0.5, 0.5, 0.5, 0.5, 0.5, 0.5, 0.5, 0.5, 0.5, 0.5, 0.5, 0.5, 0.5, 0.5, 0.5, 0.5, 0.5, 0.5, 0.5, 0.5, 0.5, 0.5, 0.5, 0.5, 0.5, 0.5, 0.5, 0.5, 0.5, 0.5, 0.5, 0.5, 0.5, 0.5, 0.5, 0.5, 0.5, 0.5, 0.5, 0.5, 0.5, 0.5, 0.5, 0.5, 0.5, 0.5, 0.5, 0.5, 0.5, 0.5, 0.5, 0.5, 0.5, 0.5, 0.5, 0.5, 0.5, 0.5, 0.5, 0.5, 0.5, 0.5, 0.5, 0.5, 0.5, 0.5, 0.5, 0.5, 0.5, 0.5, 0.5, 0.5, 0.5, 0.5, 0.5, 0.5, 0.5, 0.5, 0.5, 0.5, 0.5, 0.5, 0.5, 0.5, 0.5, 0.5, 0.5, 0.5, 0.5, 0.5, 0.5, 0.5, 0.5, 0.5, 0.5, 0.5, 0.5, 0.5, 0.5, 0.5, 0.5, 0.5, 0.5, 0.5, 0.5, 0.5, 0.5, 0.5, 0.5, 0.5, 0.5, 0.5, 0.5, 0.5, 0.5, 0.5, 0.5, 0.5, 0.5, 0.5, 0.5, 0.5, 0.5, 0.5, 0.5, 0.5, 0.5, 0.5, 0.5, 0.5, 0.5, 0.5, 0.5, 0.5, 0.5, 0.5, 0.5, 0.5, 0.5, 0.5, 0.5, 0.5, 0.5, 0.5, 0.5, 0.5, 0.5, 0.5, 0.5, 0.5, 0.5, 0.5, 0.5, 0.5, 0.5, 0.5, 0.5, 0.5, 0.5, 0.5, 0.5, 0.5, 0.5, 0.5, 0.5, 0.5, 0.5, 0.5, 0.5, 0.5, 0.5, 0.5, 0.5, 0.5, 0.5, 0.5, 0.5, 0.5, 0.5, 0.5, 0.5, 0.5, 0.5, 0.5, 0.5, 0.5, 0.5, 0.5, 0.5, 0.5, 0.5, 0.5, 0.5, 0.5, 0.5, 0.5, 0.5, 0.5, 0.5, 0.5, 0.5, 0.5, 0.5, 0.5, 0.5, 0.5, 0.5, 0.5, 0.5, 0.5, 0.5, 0.5, 0.5, 0.5, 0.5, 0.5, 0.5, 0.5, 0.5, 0.5, 0.5, 0.5, 0.5, 0.5, 0.5, 0.5, 0.5, 0.5, 0.5, 0.5, 0.5, 0.5, 0.5, 0.5, 0.5, 0.5, 0.5, 0.5, 0.5, 0.5, 0.5, 0.5, 0.5, 0.5, 0.5, 0.5, 0.5, 0.5, 0.5, 0.5, 0.5, 0.5, 0.5, 0.5, 0.5, 0.5, 0.5, 0.5, 0.5, 0.5, 0.5, 0.5, 0.5, 0.5, 0.5, 0.5, 0.5, 0.5, 0.5, 0.5, 0.5, 0.5, 0.5, 0.5, 0.5, 0.5, 0.5, 0.5, 0.5, 0.5, 0.5, 0.5, 0.5, 0.5, 0.5, 0.5, 0.5, 0.5, 0.5, 0.5, 0.5, 0.5, 0.5, 0.5, 0.5, 0.5, 0.5, 0.5, 0.5, 0.5, 0.5, 0.5, 0.5, 0.5, 0.5, 0.5, 0.5, 0.5, 0.5, 0.5, 0.5, 0.5, 0.5, 0.5, 0.5, 0.5, 0.5, 0.5, 0.5, 0.5, 0.5, 0.5, 0.5, 0.5, 0.5, 0.5, 0.5, 0.5, 0.5, 0.5, 0.5, 0.5, 0.5, 0.5, 0.5, 0.5, 0.5, 0.5, 0.5, 0.5, 0.5, 0.5, 0.5, 0.5, 0.5, 0.5, 0.5, 0.5, 0.5, 0.5, 0.5, 0.5, 0.5, 0.5, 0.5, 0.5, 0.5, 0.5, 0.5, 0.5, 0.5, 0.5, 0.5, 0.5, 0.5, 0.5, 0.5, 0.5, 0.5, 0.5, 0.5, 0.5, 0.5, 0.5, 0.5, 0.5, 0.5, 0.5, 0.5, 0.5, 0.5, 0.5, 0.5, 0.5, 0.5, 0.5, 0.5, 0.5, 0.5, 0.5, 0.5, 0.5, 0.5, 0.5, 0.5, 0.5, 0.5, 0.5, 0.5, 0.5, 0.5, 0.5, 0.5, 0.5, 0.5, 0.5, 0.5, 0.5, 0.5, 0.5, 0.5, 0.5, 0.5, 0.5, 0.5, 0.5, 0.5, 0.5, 0.5, 0.5, 0.5, 0.5, 0.5, 0.5, 0.5, 0.5, 0.5, 0.5, 0.5, 0.5, 0.5, 0.5, 0.5, 0.5, 0.5, 0.5, 0.5, 0.5, 0.5, 0.5, 0.5, 0.5, 0.5, 0.5, 0.5, 0.5, 0.5, 0.5, 0.5, 0.5, 0.5, 0.5, 0.5, 0.5, 0.5, 0.5, 0.5, 0.5, 0.5, 0.5, 0.5, 0.5, 0.5, 0.5, 0.5, 0.5, 0.5, 0.5, 0.5, 0.5, 0.5, 0.5, 0.5, 0.5, 0.5, 0.5, 0.5, 0.5, 0.5, 0.5, 0.5, 0.5, 0.5, 0.5, 0.5, 0.5, 0.5, 0.5, 0.5, 0.5, 0.5, 0.5, 0.5, 0.5, 0.5, 0.5, 0.5, 0.5, 0.5, 0.5, 0.5, 0.5, 0.5, 0.5, 0.5, 0.5, 0.5, 0.5, 0.5, 0.5, 0.5, 0.5, 0.5, 0.5, 0.5, 0.5, 0.5, 0.5, 0.5, 0.5, 0.5, 0.5, 0.5, 0.5, 0.5, 0.5, 0.5, 0.5, 0.5, 0.5, 0.5, 0.5, 0.5, 0.5, 0.5, 0.5, 0.5, 0.5, 0.5, 0.5, 0.5, 0.5, 0.5, 0.5, 0.5, 0.5, 0.5, 0.5, 0.5, 0.5, 0.5, 0.5, 0.5, 0.5, 0.5, 0.5, 0.5, 0.5, 0.5, 0.5, 0.5, 0.5, 0.5, 0.5, 0.5, 0.5, 0.5, 0.5, 0.5, 0.5, 0.5, 0.5, 0.5, 0.5, 0.5, 0.5, 0.5, 0.5, 0.5, 0.5, 0.5, 0.5, 0.5, 0.5, 0.5, 0.5, 0.5, 0.5, 0.5, 0.5, 0.5, 0.5, 0.5, 0.5, 0.5, 0.5, 0.5, 0.5, 0.5, 0.5, 0.5, 0.5, 0.5, 0.5, 0.5, 0.5, 0.5, 0.5, 0.5, 0.5, 0.5, 0.5, 0.5, 0.5, 0.5, 0.5, 0.5, 0.5, 0.5, 0.5, 0.5, 0.5, 0.5, 0.5, 0.5, 0.5, 0.5, 0.5, 0.5, 0.5, 0.5, 0.5, 0.5, 0.5, 0.5, 0.5, 0.5, 0.5, 0.5, 0.5, 0.5, 0.5, 0.5, 0.5, 0.5, 0.5, 0.5, 0.5, 0.5, 0.5, 0.5, 0.5, 0.5, 0.5, 0.5, 0.5, 0.5, 0.5, 0.5, 0.5, 0.5, 0.5, 0.5, 0.5, 0.5, 0.5, 0.5, 0.5, 0.5, 0.5, 0.5, 0.5, 0.5, 0.5, 0.5, 0.5, 0.5, 0.5, 0.5, 0.5, 0.5, 0.5, 0.5, 0.5, 0.5, 0.5, 0.5, 0.5, 0.5, 0.5, 0.5, 0.5, 0.5, 0.5, 0.5, 0.5, 0.5, 0.5, 0.5, 0.5, 0.5, 0.5, 0.5, 0.5, 0.5, 0.5, 0.5, 0.5, 0.5, 0.5, 0.5, 0.5, 0.5, 0.5, 0.5, 0.5, 0.5, 0.5, 0.5, 0.5, 0.5, 0.5, 0.5, 0.5, 0.5, 0.5, 0.5, 0.5, 0.5, 0.5, 0.5, 0.5, 0.5, 0.5, 0.5, 0.5, 0.5, 0.5, 0.5, 0.5, 0.5, 0.5, 0.5, 0.5, 0.5, 0.5, 0.5, 0.5, 0.5, 0.5, 0.5, 0.5, 0.5, 0.5, 0.5, 0.5, 0.5, 0.5, 0.5, 0.5, 0.5, 0.5, 0.5, 0.5, 0.5, 0.5, 0.5, 0.5, 0.5, 0.5, 0.5, 0.5, 0.5, 0.5, 0.5, 0.5, 0.5, 0.5, 0.5, 0.5, 0.5, 0.5, 0.5, 0.5, 0.5, 0.5, 0.5, 0.5, 0.5, 0.5, 0.5, 0.5, 0.5, 0.5, 0.5, 0.5, 0.5, 0.5, 0.5, 0.5, 0.5, 0.5, 0.5, 0.5, 0.5, 0.5, 0.5, 0.5, 0.5, 0.5, 0.5, 0.5, 0.5, 0.5, 0.5, 0.5, 0.5, 0.5, 0.5, 0.5, 0.5, 0.5, 0.5, 0.5, 0.5, 0.5, 0.5, 0.5, 0.5, 0.5, 0.5, 0.5, 0.5, 0.5, 0.5, 0.5, 0.5, 0.5, 0.5, 0.5, 0.5, 0.5, 0.5, 0.5, 0.5, 0.5, 0.5, 0.5, 0.5, 0.5, 0.5, 0.5, 0.5, 0.5, 0.5, 0.5, 0.5, 0.5, 0.5, 0.5, 0.5, 0.5, 0.5, 0.5, 0.5, 0.5, 0.5, 0.5, 0.5, 0.5, 0.5, 0.5, 0.5, 0.5, 0.5, 0.5, 0.5, 0.5, 0.5, 0.5, 0.5, 0.5, 0.5, 0.5, 0.5, 0.5, 0.5, 0.5, 0.5, 0.5, 0.5, 0.5, 0.5, 0.5, 0.5, 0.5, 0.5, 0.5, 0.5, 0.5, 0.5, 0.5, 0.5, 0.5, 0.5, 0.5, 0.5, 0.5, 0.5, 0.5, 0.5, 0.5, 0.5, 0.5, 0.5, 0.5, 0.5, 0.5, 0.5, 0.5, 0.5, 0.5, 0.5, 0.5, 0.5, 0.5, 0.5, 0.5, 0.5, 0.5, 0.5, 0.5, 0.5, 0.5, 0.5, 0.5, 0.5, 0.5, 0.5, 0.5, 0.5, 0.5, 0.5, 0.5, 0.5, 0.5, 0.5, 0.5, 0.5, 0.5, 0.5, 0.5, 0.5, 0.5, 0.5, 0.5, 0.5, 0.5, 0.5, 0.5, 0.5, 0.5, 0.5, 0.5, 0.5, 0.5, 0.5, 0.5, 0.5, 0.5, 0.5, 0.5, 0.5, 0.5, 0.5, 0.5, 0.5, 0.5, 0.5, 0.5, 0.5, 0.5, 0.5, 0.5, 0.5, 0.5, 0.5, 0.5, 0.5, 0.5, 0.5, 0.5, 0.5, 0.5, 0.5, 0.5, 0.5, 0.5, 0.5, 0.5, 0.5, 0.5, 0.5, 0.5, 0.5, 0.5, 0.5, 0.5, 0.5, 0.5, 0.5, 0.5, 0.5, 0.5, 0.5, 0.5, 0.5, 0.5, 0.5, 0.5, 0.5, 0.5, 0.5, 0.5, 0.5, 0.5, 0.5, 0.5, 0.5, 0.5, 0.5, 0.5, 0.5, 0.5, 0.5, 0.5, 0.5, 0.5, 0.5, 0.5, 0.5, 0.5, 0.5, 0.5, 0.5, 0.5, 0.5, 0.5, 0.5, 0.5, 0.5, 0.5, 0.5, 0.5, 0.5, 0.5, 0.5, 0.5, 0.5, 0.5, 0.5, 0.5, 0.5, 0.5, 0.5, 0.5, 0.5, 0.5, 0.5, 0.5, 0.5, 0.5, 0.5, 0.5, 0.5, 0.5, 0.5, 0.5, 0.5, 0.5, 0.5, 0.5, 0.5, 0.5, 0.5, 0.5, 0.5, 0.5, 0.5, 0.5, 0.5, 0.5, 0.5, 0.5, 0.5, 0.5, 0.5, 0.5, 0.5, 0.5, 0.5, 0.5, 0.5, 0.5, 0.5, 0.5, 0.5, 0.5, 0.5, 0.5, 0.5, 0.5, 0.5, 0.5, 0.5, 0.5, 0.5, 0.5, 0.5, 0.5, 0.5, 0.5, 0.5, 0.5, 0.5, 0.5, 0.5, 0.5, 0.5, 0.5, 0.5, 0.5, 0.5, 0.5, 0.5, 0.5, 0.5, 0.5, 0.5, 0.5, 0.5, 0.5, 0.5, 0.5, 0.5, 0.5, 0.5, 0.5, 0.5, 0.5, 0.5, 0.5, 0.5, 0.5, 0.5, 0.5, 0.5, 0.5, 0.5, 0.5, 0.5, 0.5, 0.5, 0.5, 0.5, 0.5, 0.5, 0.5, 0.5, 0.5, 0.5, 0.5, 0.5, 0.5, 0.5, 0.5, 0.5, 0.5, 0.5, 0.5, 0.5, 0.5, 0.5, 0.5, 0.5, 0.5, 0.5, 0.5, 0.5, 0.5, 0.5, 0.5, 0.5, 0.5, 0.5, 0.5, 0.5, 0.5, 0.5, 0.5, 0.5, 0.5, 0.5, 0.5, 0.5, 0.5, 0.5, 0.5, 0.5, 0.5, 0.5, 0.5, 0.5, 0.5, 0.5, 0.5, 0.5, 0.5, 0.5, 0.5, 0.5, 0.5, 0.5, 0.5, 0.5, 0.5, 0.5, 0.5, 0.5, 0.5, 0.5, 0.5, 0.5, 0.5, 0.5, 0.5, 0.5, 0.5, 0.5, 0.5, 0.5, 0.5, 0.5, 0.5, 0.5, 0.5, 0.5, 0.5, 0.5, 0.5, 0.5, 0.5, 0.5, 0.5, 0.5, 0.5, 0.5, 0.5, 0.5, 0.5, 0.5, 0.5, 0.5, 0.5, 0.5, 0.5, 0.5, 0.5, 0.5, 0.5, 0.5, 0.5, 0.5, 0.5, 0.5, 0.5, 0.5, 0.5, 0.5, 0.5, 0.5, 0.5, 0.5, 0.5, 0.5, 0.5, 0.5, 0.5, 0.5, 0.5, 0.5, 0.5, 0.5, 0.5, 0.5, 0.5, 0.5, 0.5, 0.5, 0.5, 0.5, 0.5, 0.5, 0.5, 0.5, 0.5, 0.5, 0.5, 0.5, 0.5, 0.5, 0.5, 0.5, 0.5, 0.5, 0.5, 0.5, 0.5, 0.5, 0.5, 0.5, 0.5, 0.5, 0.5, 0.5, 0.5, 0.5, 0.5, 0.5, 0.5, 0.5, 0.5, 0.5, 0.5, 0.5, 0.5, 0.5, 0.5, 0.5, 0.5, 0.5, 0.5, 0.5, 0.5, 0.5, 0.5, 0.5, 0.5, 0.5, 0.5, 0.5, 0.5, 0.5, 0.5, 0.5, 0.5, 0.5, 0.5, 0.5, 0.5, 0.5, 0.5, 0.5, 0.5, 0.5, 0.5, 0.5, 0.5, 0.5, 0.5, 0.5, 0.5, 0.5, 0.5, 0.5, 0.5, 0.5, 0.5, 0.5, 0.5, 0.5, 0.5, 0.5, 0.5, 0.5, 0.5, 0.5, 0.5, 0.5, 0.5, 0.5, 0.5, 0.5, 0.5, 0.5, 0.5, 0.5, 0.5, 0.5, 0.5, 0.5, 0.5, 0.5, 0.5, 0.5, 0.5, 0.5, 0.5, 0.5, 0.5, 0.5, 0.5, 0.5, 0.5, 0.5, 0.5, 0.5, 0.5, 0.5, 0.5, 0.5, 0.5, 0.5, 0.5, 0.5, 0.5, 0.5, 0.5, 0.5, 0.5, 0.5, 0.5, 0.5, 0.5, 0.5, 0.5, 0.5, 0.5, 0.5, 0.5, 0.5, 0.5, 0.5, 0.5, 0.5, 0.5, 0.5, 0.5, 0.5, 0.5, 0.5, 0.5, 0.5, 0.5, 0.5, 0.5, 0.5, 0.5, 0.5, 0.5, 0.5, 0.5, 0.5, 0.5, 0.5, 0.5, 0.5, 0.5, 0.5, 0.5, 0.5, 0.5, 0.5, 0.5, 0.5, 0.5, 0.5, 0.5, 0.5, 0.5, 0.5, 0.5, 0.5, 0.5, 0.5, 0.5, 0.5, 0.5, 0.5, 0.5, 0.5, 0.5, 0.5, 0.5, 0.5, 0.5, 0.5, 0.5, 0.5, 0.5, 0.5, 0.5, 0.5, 0.5, 0.5, 0.5, 0.5, 0.5, 0.5, 0.5, 0.5, 0.5, 0.5, 0.5, 0.5, 0.5, 0.5, 0.5, 0.5, 0.5, 0.5, 0.5, 0.5, 0.5, 0.5, 0.5, 0.5, 0.5, 0.5, 0.5, 0.5, 0.5, 0.5, 0.5, 0.5, 0.5, 0.5, 0.5, 0.5, 0.5, 0.5, 0.5, 0.5, 0.5, 0.5, 0.5, 0.5, 0.5, 0.5, 0.5, 0.5, 0.5, 0.5, 0.5, 0.5, 0.5, 0.5, 0.5, 0.5, 0.5, 0.5, 0.5, 0.5, 0.5, 0.5, 0.5, 0.5, 0.5, 0.5, 0.5, 0.5, 0.5, 0.5, 0.5, 0.5, 0.5, 0.5, 0.5, 0.5, 0.5, 0.5, 0.5, 0.5, 0.5, 0.5, 0.5, 0.5, 0.5, 0.5, 0.5, 0.5, 0.5, 0.5, 0.5, 0.5, 0.5, 0.5, 0.5, 0.5]",2
2026_11_KICE_31-34_3,['3(3)'],"1번: 적절하다 + ""(바삐 가는 저문 길에 얼음 밑에 빠지고나 버선 행전 다 적시고 동태가 되었더라)""  
2번: 적절하다 + ""(ⓐ[방패연]에 세세히 적어 정월 대보름에 서풍이 고이 불 제 하얀 실 한 얼레를 끝까지 풀어 띄울 제 큰 잔에 술을 부어 마지막 전송하자 둥게 둥게 둥둥 떠서 높고 높이 솟아올라 ... 풍소소 우낙락할 제 자연 소멸 하여라)""  
3번: 적절하다 + ""(먼 데 임 줄맥을 길게 대어 낚아 올까 하노라)""  
4번: 비적절하다 + ""(가슴에 열이 나니 먹느니 냉수로다)"" + ""(시름 저 시름 여러 가지 시름 ⓐ[방패연]에 세세히 적어)""  
5번: 적절하다 + ""(강원도 설화지를 제 크기로 ⓑ[연]을 지어 대사(大絲) 황사(黃絲) 백사(白絲) 줄을 통 얼레에 살이 없이 ...)""  
최종 정답: 4번","[16, 167, 110, 230, 25, 23821, 254, 223, 168, 254, 230, 47991, 246, 46695, 97, 1343, 30629, 167, 108, 242, 168, 224, 238, 220, 166, 108, 222, 167, 232, 242, 23821, 254, 222, 167, 105, 116, 220, 166, 116, 116, 168, 245, 238, 23821, 244, 120, 35975, 234, 31619, 108, 239, 168, 245, 238, 31619, 117, 254, 168, 100, 222, 166, 111, 254, 167, 224, 246, 31619, 110, 226, 168, 226, 254, 220, 169, 244, 231, 168, 254, 226, 31619, 233, 97, 23821, 254, 223, 168, 233, 250, 166, 111, 254, 31619, 237, 247, 169, 225, 250, 166, 108, 222, 31619, 238, 246, 168, 245, 230, 167, 235, 242, 167, 251, 120, 16725, 220, 220, 198, 17, 167, 110, 230, 25, 23821, 254, 223, 168, 254, 230, 47991, 246, 46695, 97, 1343, 30629, 158, 241, 238, 58, 167, 108, 102, 169, 234, 101, 168, 245, 108, 60, 168, 245, 238, 23821, 226, 116, 168, 226, 116, 169, 252, 230, 23821, 254, 223, 168, 244, 112, 23821, 254, 243, 168, 249, 242, 31619, 234, 222, 167, 111, 112, 167, 99, 226, 168, 245, 238, 23821, 226, 250, 169, 240, 235, 35975, 112, 220, 166, 111, 254, 35975, 112, 31619, 114, 230, 23821, 254, 250, 220, 47991, 246, 168, 244, 222, 23821, 233, 97, 220, 47991, 250, 23821, 244, 120, 167, 254, 230, 167, 98, 120, 31619, 223, 251, 166, 117, 234, 168, 100, 222, 220, 169, 240, 222, 168, 244, 112, 31619, 251, 226, 168, 248, 116, 23821, 254, 250, 220, 169, 223, 108, 23821, 252, 242, 168, 245, 238, 23821, 230, 254, 35975, 226, 31619, 114, 222, 168, 244, 112, 31619, 100, 230, 168, 100, 222, 167, 100, 231, 23821, 254, 226, 168, 228, 94, 47991, 246, 168, 252, 238, 31619, 239, 98, 166, 110, 234, 31619, 239, 98, 166, 110, 234, 31619, 239, 98, 167, 239, 98, 31619, 244, 254, 168, 226, 250, 31619, 10253, 166, 111, 254, 31619, 10253, 35975, 112, 23821, 228, 253, 168, 243, 226, 168, 246, 105, 167, 251, 120, 2644, 220, 169, 240, 235, 168, 228, 234, 168, 228, 234, 23821, 248, 108, 167, 224, 247, 167, 251, 121, 47991, 254, 23821, 254, 250, 23821, 252, 238, 168, 245, 108, 23821, 228, 234, 167, 102, 116, 220, 47991, 246, 168, 245, 105, 167, 251, 120, 16725, 220, 220, 198, 18, 167, 110, 230, 25, 23821, 254, 223, 168, 254, 230, 47991, 246, 46695, 97, 1343, 30629, 167, 101, 120, 31619, 235, 108, 23821, 252, 226, 23821, 97, 226, 167, 100, 98, 35975, 226, 220, 166, 116, 116, 166, 110, 234, 31619, 234, 222, 168, 244, 112, 31619, 224, 248, 168, 243, 226, 23821, 246, 105, 166, 117, 234, 220, 47991, 246, 167, 227, 116, 167, 251, 120, 16725, 220, 220, 198, 19, 167, 110, 230, 25, 31619, 117, 226, 168, 254, 223, 168, 254, 230, 47991, 246, 46695, 97, 1343, 30629, 166, 108, 222, 168, 232, 112, 168, 245, 238, 23821, 245, 112, 35975, 112, 31619, 224, 246, 46695, 230, 31619, 101, 117, 167, 232, 238, 46695, 230, 31619, 225, 231, 168, 230, 246, 167, 94, 250, 46695, 97, 16725, 1343, 30629, 168, 233, 250, 167, 99, 226, 23821, 254, 222, 23821, 233, 250, 167, 99, 226, 23821, 245, 105, 167, 253, 105, 220, 166, 108, 222, 168, 100, 222, 23821, 233, 250, 167, 99, 226, 2343, 241, 238, 58, 167, 108, 102, 169, 234, 101, 168, 245, 108, 60, 168, 245, 238, 23821, 226, 116, 168, 226, 116, 169, 252, 230, 23821, 254, 223, 168, 244, 112, 16725, 220, 220, 198, 20, 167, 110, 230, 25, 23821, 254, 223, 168, 254, 230, 47991, 246, 46695, 97, 1343, 30629, 166, 108, 243, 168, 249, 238, 167, 237, 226, 23821, 226, 97, 169, 247, 242, 168, 100, 222, 167, 98, 120, 23821, 254, 250, 220, 169, 223, 105, 166, 116, 108, 167, 94, 250, 2343, 241, 239, 58, 168, 245, 108, 60, 35975, 226, 23821, 100, 222, 168, 244, 112, 31619, 234, 222, 168, 8955, 7, 32014, 163, 113, 110, 8, 220, 169, 247, 102, 168, 8955, 7, 165, 119, 225, 163, 113, 110, 8, 31619, 108, 109, 168, 8955, 7, 163, 50159, 163, 113, 110, 8, 23821, 97, 226, 35975, 226, 220, 169, 228, 113, 23821, 244, 120, 167, 254, 230, 168, 245, 238, 23821, 224, 112, 35975, 112, 23821, 245, 228, 35975, 112, 2644, 16725, 220, 220, 198, 168, 113, 250, 168, 95, 227, 23821, 254, 243, 46695, 113, 25, 604, 167, 110, 230]","[0.5, 0.5, 0.5, 0.5, 0.5, 0.5, 0.5, 0.5, 0.5, 0.5, 0.5, 0.5, 0.5, 0.5, 0.5, 0.5, 0.5, 0.5, 0.5, 0.5, 0.5, 0.5, 0.5, 0.5, 0.5, 0.5, 0.5, 0.5, 0.5, 0.5, 0.5, 0.5, 0.5, 0.5, 0.5, 0.5, 0.5, 0.5, 0.5, 0.5, 0.5, 0.5, 0.5, 0.5, 0.5, 0.5, 0.5, 0.5, 0.5, 0.5, 0.5, 0.5, 0.5, 0.5, 0.5, 0.5, 0.5, 0.5, 0.5, 0.5, 0.5, 0.5, 0.5, 0.5, 0.5, 0.5, 0.5, 0.5, 0.5, 0.5, 0.5, 0.5, 0.5, 0.5, 0.5, 0.5, 0.5, 0.5, 0.5, 0.5, 0.5, 0.5, 0.5, 0.5, 0.5, 0.5, 0.5, 0.5, 0.5, 0.5, 0.5, 0.5, 0.5, 0.5, 0.5, 0.5, 0.5, 0.5, 0.5, 0.5, 0.5, 0.5, 0.5, 0.5, 0.5, 0.5, 0.5, 0.5, 0.5, 0.5, 0.5, 0.5, 0.5, 0.5, 0.5, 0.5, 0.5, 0.5, 0.5, 0.5, 0.5, 0.5, 0.5, 0.5, 0.5, 0.5, 0.5, 0.5, 0.5, 0.5, 0.5, 0.5, 0.5, 0.5, 0.5, 0.5, 0.5, 0.5, 0.5, 0.5, 0.5, 0.5, 0.5, 0.5, 0.5, 0.5, 0.5, 0.5, 0.5, 0.5, 0.5, 0.5, 0.5, 0.5, 0.5, 0.5, 0.5, 0.5, 0.5, 0.5, 0.5, 0.5, 0.5, 0.5, 0.5, 0.5, 0.5, 0.5, 0.5, 0.5, 0.5, 0.5, 0.5, 0.5, 0.5, 0.5, 0.5, 0.5, 0.5, 0.5, 0.5, 0.5, 0.5, 0.5, 0.5, 0.5, 0.5, 0.5, 0.5, 0.5, 0.5, 0.5, 0.5, 0.5, 0.5, 0.5, 0.5, 0.5, 0.5, 0.5, 0.5, 0.5, 0.5, 0.5, 0.5, 0.5, 0.5, 0.5, 0.5, 0.5, 0.5, 0.5, 0.5, 0.5, 0.5, 0.5, 0.5, 0.5, 0.5, 0.5, 0.5, 0.5, 0.5, 0.5, 0.5, 0.5, 0.5, 0.5, 0.5, 0.5, 0.5, 0.5, 0.5, 0.5, 0.5, 0.5, 0.5, 0.5, 0.5, 0.5, 0.5, 0.5, 0.5, 0.5, 0.5, 0.5, 0.5, 0.5, 0.5, 0.5, 0.5, 0.5, 0.5, 0.5, 0.5, 0.5, 0.5, 0.5, 0.5, 0.5, 0.5, 0.5, 0.5, 0.5, 0.5, 0.5, 0.5, 0.5, 0.5, 0.5, 0.5, 0.5, 0.5, 0.5, 0.5, 0.5, 0.5, 0.5, 0.5, 0.5, 0.5, 0.5, 0.5, 0.5, 0.5, 0.5, 0.5, 0.5, 0.5, 0.5, 0.5, 0.5, 0.5, 0.5, 0.5, 0.5, 0.5, 0.5, 0.5, 0.5, 0.5, 0.5, 0.5, 0.5, 0.5, 0.5, 0.5, 0.5, 0.5, 0.5, 0.5, 0.5, 0.5, 0.5, 0.5, 0.5, 0.5, 0.5, 0.5, 0.5, 0.5, 0.5, 0.5, 0.5, 0.5, 0.5, 0.5, 0.5, 0.5, 0.5, 0.5, 0.5, 0.5, 0.5, 0.5, 0.5, 0.5, 0.5, 0.5, 0.5, 0.5, 0.5, 0.5, 0.5, 0.5, 0.5, 0.5, 0.5, 0.5, 0.5, 0.5, 0.5, 0.5, 0.5, 0.5, 0.5, 0.5, 0.5, 0.5, 0.5, 0.5, 0.5, 0.5, 0.5, 0.5, 0.5, 0.5, 0.5, 0.5, 0.5, 0.5, 0.5, 0.5, 0.5, 0.5, 0.5, 0.5, 0.5, 0.5, 0.5, 0.5, 0.5, 0.5, 0.5, 0.5, 0.5, 0.5, 0.5, 0.5, 0.5, 0.5, 0.5, 0.5, 0.5, 0.5, 0.5, 0.5, 0.5, 0.5, 0.5, 0.5, 0.5, 0.5, 0.5, 0.5, 0.5, 0.5, 0.5, 0.5, 0.5, 0.5, 0.5, 0.5, 0.5, 0.5, 0.5, 0.5, 0.5, 0.5, 0.5, 0.5, 0.5, 0.5, 0.5, 0.5, 0.5, 0.5, 0.5, 0.5, 0.5, 0.5, 0.5, 0.5, 0.5, 0.5, 0.5, 0.5, 0.5, 0.5, 0.5, 0.5, 0.5, 0.5, 0.5, 0.5, 0.5, 0.5, 0.5, 0.5, 0.5, 0.5, 0.5, 0.5, 0.5, 0.5, 0.5, 0.5, 0.5, 0.5, 0.5, 0.5, 0.5, 0.5, 0.5, 0.5, 0.5, 0.5, 0.5, 0.5, 0.5, 0.5, 0.5, 0.5, 0.5, 0.5, 0.5, 0.5, 0.5, 0.5, 0.5, 0.5, 0.5, 0.5, 0.5, 0.5, 0.5, 0.5, 0.5, 0.5, 0.5, 0.5, 0.5, 0.5, 0.5, 0.5, 0.5, 0.5, 0.5, 0.5, 0.5, 0.5, 0.5, 0.5, 0.5, 0.5, 0.5, 0.5, 0.5, 0.5, 0.5, 0.5, 0.5, 0.5, 0.5, 0.5, 0.5, 0.5, 0.5, 0.5, 0.5, 0.5, 0.5, 0.5, 0.5, 0.5, 0.5, 0.5, 0.5, 0.5, 0.5, 0.5, 0.5, 0.5, 0.5, 0.5, 0.5, 0.5, 0.5, 0.5, 0.5, 0.5, 0.5, 0.5, 0.5, 0.5, 0.5, 0.5, 0.5, 0.5, 0.5, 0.5, 0.5, 0.5, 0.5, 0.5, 0.5, 0.5, 0.5, 0.5, 0.5, 0.5, 0.5, 0.5, 0.5, 0.5, 0.5, 0.5, 0.5, 0.5, 0.5, 0.5, 0.5, 0.5, 0.5, 0.5, 0.5, 0.5, 0.5, 0.5, 0.5, 0.5, 0.5, 0.5, 0.5, 0.5, 0.5, 0.5, 0.5, 0.5, 0.5, 0.5, 0.5, 0.5, 0.5, 0.5, 0.5, 0.5, 0.5, 0.5, 0.5, 0.5, 0.5, 0.5, 0.5, 0.5, 0.5, 0.5, 0.5, 0.5, 0.5, 0.5, 0.5, 0.5, 0.5, 0.5, 0.5, 0.5, 0.5, 0.5, 0.5, 0.5, 0.5, 0.5, 0.5, 0.5, 0.5, 0.5, 0.5, 0.5, 0.5, 0.5, 0.5, 0.5, 0.5, 0.5, 0.5, 0.5, 0.5, 0.5, 0.5, 0.5, 0.5, 0.5, 0.5, 0.5, 0.5, 0.5, 0.5, 0.5, 0.5, 0.5, 0.5, 0.5, 0.5, 0.5, 0.5, 0.5, 0.5, 0.5, 0.5, 0.5, 0.5, 0.5, 0.5, 0.5, 0.5, 0.5, 0.5, 0.5, 0.5, 0.5, 0.5, 0.5, 0.5, 0.5, 0.5, 0.5, 0.5, 0.5, 0.5, 0.5, 0.5, 0.5, 0.5, 0.5, 0.5, 0.5, 0.5, 0.5, 0.5, 0.5, 0.5, 0.5, 0.5, 0.5, 0.5, 0.5, 0.5, 0.5, 0.5, 0.5, 0.5, 0.5, 0.5, 0.5, 0.5, 0.5, 0.5, 0.5, 0.5, 0.5, 0.5, 0.5, 0.5, 0.5, 0.5, 0.5, 0.5, 0.5, 0.5, 0.5, 0.5, 0.5, 0.5, 0.5, 0.5, 0.5, 0.5, 0.5, 0.5, 0.5, 0.5, 0.5, 0.5, 0.5, 0.5, 0.5, 0.5, 0.5, 0.5, 0.5]",0
2026_11_KICE_35-37_0,['2(2)'],"1번: 적절하다 + ""(풍혈지는 여름철에 돌 사이에서 주위보다 찬 공기가 새어 나와 국소적으로 저온 환경이 형성된 지역을 의미합니다.)""
2번: 부적절하다 + ""(이 자료를 보면 여름철에 풍혈지의 평균 기온이 풍혈지가 있는 행정 구역의 평균 기온보다 낮다는 것을 알 수 있습니다.)""
3번: 적절하다 + ""(안녕하세요? 지난 수업 시간에는 우리나라의 평균 기온이 점점 높아지고 있는 현상에 대해 조사하는 활동을 함께 했었는데요, 그런데 여름철에도 낮은 기온을 유지해 시원한 곳이 있다고 합니다.)""
4번: 적절하다 + ""(잘 이해되셨나요? (청중의 답변을 듣고) 오늘 제가 준비한 내용은 여기까지입니다.)""
5번: 적절하다 + ""(앞으로 여러분도 풍혈지에 관심을 가져 보시면 좋겠습니다.)""
최종 정답: 2번","[16, 167, 110, 230, 25, 23821, 254, 223, 168, 254, 230, 47991, 246, 46695, 97, 1343, 30629, 169, 240, 235, 169, 246, 230, 168, 100, 222, 167, 232, 242, 23821, 245, 105, 167, 99, 226, 168, 110, 254, 168, 245, 238, 31619, 237, 234, 23821, 8955, 35975, 112, 168, 245, 238, 168, 226, 250, 23821, 96, 120, 168, 250, 226, 167, 111, 112, 46695, 97, 23821, 108, 105, 220, 166, 111, 113, 166, 116, 108, 166, 108, 222, 23821, 225, 230, 168, 244, 112, 31619, 224, 246, 168, 247, 222, 220, 166, 113, 255, 168, 228, 234, 168, 254, 223, 168, 250, 120, 167, 94, 250, 23821, 254, 222, 168, 246, 101, 220, 169, 247, 246, 166, 110, 121, 35975, 112, 220, 169, 246, 243, 168, 226, 109, 167, 238, 250, 23821, 100, 222, 168, 245, 255, 35975, 226, 23821, 251, 246, 167, 107, 116, 47991, 102, 46695, 230, 46695, 97, 2014, 1, 198, 17, 167, 110, 230, 25, 31619, 114, 222, 168, 254, 223, 168, 254, 230, 47991, 246, 46695, 97, 1343, 30629, 35975, 112, 23821, 252, 238, 167, 96, 234, 167, 98, 120, 31619, 111, 112, 167, 102, 112, 23821, 245, 105, 167, 99, 226, 168, 110, 254, 168, 245, 238, 220, 169, 240, 235, 169, 246, 230, 168, 100, 222, 35975, 246, 220, 169, 237, 231, 166, 115, 254, 220, 166, 116, 108, 168, 246, 101, 35975, 112, 220, 169, 240, 235, 169, 246, 230, 168, 100, 222, 166, 108, 222, 23821, 252, 230, 167, 232, 242, 220, 169, 244, 231, 168, 254, 243, 220, 166, 113, 105, 168, 245, 255, 35975, 246, 220, 169, 237, 231, 166, 115, 254, 220, 166, 116, 108, 168, 246, 101, 167, 111, 112, 46695, 97, 31619, 224, 106, 46695, 97, 167, 232, 242, 220, 166, 110, 225, 35975, 226, 23821, 243, 234, 23821, 230, 246, 23821, 252, 230, 168, 232, 113, 46695, 230, 46695, 97, 2014, 1, 198, 18, 167, 110, 230, 25, 23821, 254, 223, 168, 254, 230, 47991, 246, 46695, 97, 1343, 30629, 168, 243, 230, 167, 227, 243, 47991, 246, 168, 226, 116, 168, 248, 242, 30, 23821, 100, 222, 167, 224, 250, 23821, 230, 246, 168, 245, 227, 23821, 233, 250, 166, 108, 226, 168, 245, 238, 167, 232, 242, 23821, 248, 108, 167, 99, 105, 167, 224, 246, 167, 251, 120, 35975, 246, 220, 169, 237, 231, 166, 115, 254, 220, 166, 116, 108, 168, 246, 101, 35975, 112, 23821, 254, 238, 168, 254, 238, 31619, 10253, 168, 243, 226, 168, 100, 222, 166, 111, 254, 23821, 252, 230, 167, 232, 242, 220, 169, 246, 226, 168, 225, 223, 168, 245, 238, 31619, 234, 222, 47991, 112, 23821, 94, 108, 168, 8955, 47991, 246, 167, 232, 242, 220, 169, 247, 250, 167, 237, 247, 35975, 226, 220, 47991, 101, 166, 119, 246, 220, 169, 244, 230, 168, 245, 230, 167, 232, 242, 167, 235, 108, 168, 248, 242, 11, 220, 166, 115, 116, 167, 253, 108, 167, 235, 108, 23821, 245, 105, 167, 99, 226, 168, 110, 254, 168, 245, 238, 167, 237, 226, 31619, 224, 106, 35975, 222, 220, 166, 116, 108, 168, 246, 101, 35975, 226, 23821, 250, 254, 168, 100, 222, 47991, 112, 23821, 233, 250, 168, 249, 238, 47991, 250, 220, 166, 111, 111, 35975, 112, 23821, 252, 230, 46695, 97, 166, 111, 254, 220, 47991, 102, 46695, 230, 46695, 97, 2014, 1, 198, 19, 167, 110, 230, 25, 23821, 254, 223, 168, 254, 230, 47991, 246, 46695, 97, 1343, 30629, 168, 252, 246, 23821, 251, 112, 47991, 112, 167, 238, 246, 168, 227, 101, 167, 224, 246, 168, 248, 242, 30, 357, 168, 110, 255, 168, 97, 239, 35975, 246, 31619, 233, 113, 167, 111, 222, 35975, 226, 31619, 241, 96, 166, 111, 254, 8, 23821, 246, 97, 167, 232, 246, 23821, 254, 250, 166, 108, 222, 23821, 97, 222, 167, 117, 226, 47991, 250, 31619, 224, 112, 168, 248, 102, 35975, 222, 23821, 245, 105, 166, 116, 108, 166, 117, 234, 168, 100, 222, 168, 252, 227, 46695, 230, 46695, 97, 2014, 1, 198, 20, 167, 110, 230, 25, 23821, 254, 223, 168, 254, 230, 47991, 246, 46695, 97, 1343, 30629, 168, 243, 252, 168, 250, 120, 167, 94, 250, 23821, 245, 105, 167, 253, 105, 167, 114, 226, 167, 237, 226, 220, 169, 240, 235, 169, 246, 230, 168, 100, 222, 168, 245, 238, 220, 166, 112, 222, 168, 233, 105, 35975, 226, 220, 166, 108, 222, 168, 254, 116, 31619, 111, 112, 168, 233, 250, 167, 102, 112, 23821, 95, 233, 166, 110, 254, 168, 232, 113, 46695, 230, 46695, 97, 2014, 1, 198, 168, 113, 250, 168, 95, 227, 23821, 254, 243, 46695, 113, 25, 362, 167, 110, 230]","[0.5, 0.5, 0.5, 0.5, 0.5, 0.5, 0.5, 0.5, 0.5, 0.5, 0.5, 0.5, 0.5, 0.5, 0.5, 0.5, 0.5, 0.5, 0.5, 0.5, 0.5, 0.5, 0.5, 0.5, 0.5, 0.5, 0.5, 0.5, 0.5, 0.5, 0.5, 0.5, 0.5, 0.5, 0.5, 0.5, 0.5, 0.5, 0.5, 0.5, 0.5, 0.5, 0.5, 0.5, 0.5, 0.5, 0.5, 0.5, 0.5, 0.5, 0.5, 0.5, 0.5, 0.5, 0.5, 0.5, 0.5, 0.5, 0.5, 0.5, 0.5, 0.5, 0.5, 0.5, 0.5, 0.5, 0.5, 0.5, 0.5, 0.5, 0.5, 0.5, 0.5, 0.5, 0.5, 0.5, 0.5, 0.5, 0.5, 0.5, 0.5, 0.5, 0.5, 0.5, 0.5, 0.5, 0.5, 0.5, 0.5, 0.5, 0.5, 0.5, 0.5, 0.5, 0.5, 0.5, 0.5, 0.5, 0.5, 0.5, 0.5, 0.5, 0.5, 0.5, 0.5, 0.5, 0.5, 0.5, 0.5, 0.5, 0.5, 0.5, 0.5, 0.5, 0.5, 0.5, 0.5, 0.5, 0.5, 0.5, 0.5, 0.5, 0.5, 0.5, 0.5, 0.5, 0.5, 0.5, 0.5, 0.5, 0.5, 0.5, 0.5, 0.5, 0.5, 0.5, 0.5, 0.5, 0.5, 0.5, 0.5, 0.5, 0.5, 0.5, 0.5, 0.5, 0.5, 0.5, 0.5, 0.5, 0.5, 0.5, 0.5, 0.5, 0.5, 0.5, 0.5, 0.5, 0.5, 0.5, 0.5, 0.5, 0.5, 0.5, 0.5, 0.5, 0.5, 0.5, 0.5, 0.5, 0.5, 0.5, 0.5, 0.5, 0.5, 0.5, 0.5, 0.5, 0.5, 0.5, 0.5, 0.5, 0.5, 0.5, 0.5, 0.5, 0.5, 0.5, 0.5, 0.5, 0.5, 0.5, 0.5, 0.5, 0.5, 0.5, 0.5, 0.5, 0.5, 0.5, 0.5, 0.5, 0.5, 0.5, 0.5, 0.5, 0.5, 0.5, 0.5, 0.5, 0.5, 0.5, 0.5, 0.5, 0.5, 0.5, 0.5, 0.5, 0.5, 0.5, 0.5, 0.5, 0.5, 0.5, 0.5, 0.5, 0.5, 0.5, 0.5, 0.5, 0.5, 0.5, 0.5, 0.5, 0.5, 0.5, 0.5, 0.5, 0.5, 0.5, 0.5, 0.5, 0.5, 0.5, 0.5, 0.5, 0.5, 0.5, 0.5, 0.5, 0.5, 0.5, 0.5, 0.5, 0.5, 0.5, 0.5, 0.5, 0.5, 0.5, 0.5, 0.5, 0.5, 0.5, 0.5, 0.5, 0.5, 0.5, 0.5, 0.5, 0.5, 0.5, 0.5, 0.5, 0.5, 0.5, 0.5, 0.5, 0.5, 0.5, 0.5, 0.5, 0.5, 0.5, 0.5, 0.5, 0.5, 0.5, 0.5, 0.5, 0.5, 0.5, 0.5, 0.5, 0.5, 0.5, 0.5, 0.5, 0.5, 0.5, 0.5, 0.5, 0.5, 0.5, 0.5, 0.5, 0.5, 0.5, 0.5, 0.5, 0.5, 0.5, 0.5, 0.5, 0.5, 0.5, 0.5, 0.5, 0.5, 0.5, 0.5, 0.5, 0.5, 0.5, 0.5, 0.5, 0.5, 0.5, 0.5, 0.5, 0.5, 0.5, 0.5, 0.5, 0.5, 0.5, 0.5, 0.5, 0.5, 0.5, 0.5, 0.5, 0.5, 0.5, 0.5, 0.5, 0.5, 0.5, 0.5, 0.5, 0.5, 0.5, 0.5, 0.5, 0.5, 0.5, 0.5, 0.5, 0.5, 0.5, 0.5, 0.5, 0.5, 0.5, 0.5, 0.5, 0.5, 0.5, 0.5, 0.5, 0.5, 0.5, 0.5, 0.5, 0.5, 0.5, 0.5, 0.5, 0.5, 0.5, 0.5, 0.5, 0.5, 0.5, 0.5, 0.5, 0.5, 0.5, 0.5, 0.5, 0.5, 0.5, 0.5, 0.5, 0.5, 0.5, 0.5, 0.5, 0.5, 0.5, 0.5, 0.5, 0.5, 0.5, 0.5, 0.5, 0.5, 0.5, 0.5, 0.5, 0.5, 0.5, 0.5, 0.5, 0.5, 0.5, 0.5, 0.5, 0.5, 0.5, 0.5, 0.5, 0.5, 0.5, 0.5, 0.5, 0.5, 0.5, 0.5, 0.5, 0.5, 0.5, 0.5, 0.5, 0.5, 0.5, 0.5, 0.5, 0.5, 0.5, 0.5, 0.5, 0.5, 0.5, 0.5, 0.5, 0.5, 0.5, 0.5, 0.5, 0.5, 0.5, 0.5, 0.5, 0.5, 0.5, 0.5, 0.5, 0.5, 0.5, 0.5, 0.5, 0.5, 0.5, 0.5, 0.5, 0.5, 0.5, 0.5, 0.5, 0.5, 0.5, 0.5, 0.5, 0.5, 0.5, 0.5, 0.5, 0.5, 0.5, 0.5, 0.5, 0.5, 0.5, 0.5, 0.5, 0.5, 0.5, 0.5, 0.5, 0.5, 0.5, 0.5, 0.5, 0.5, 0.5, 0.5, 0.5, 0.5, 0.5, 0.5, 0.5, 0.5, 0.5, 0.5, 0.5, 0.5, 0.5, 0.5, 0.5, 0.5, 0.5, 0.5, 0.5, 0.5, 0.5, 0.5, 0.5, 0.5, 0.5, 0.5, 0.5, 0.5, 0.5, 0.5, 0.5, 0.5, 0.5, 0.5, 0.5, 0.5, 0.5, 0.5, 0.5, 0.5, 0.5, 0.5, 0.5, 0.5, 0.5, 0.5, 0.5, 0.5, 0.5, 0.5, 0.5, 0.5, 0.5, 0.5, 0.5, 0.5, 0.5, 0.5, 0.5, 0.5, 0.5, 0.5, 0.5, 0.5, 0.5, 0.5, 0.5, 0.5, 0.5, 0.5, 0.5, 0.5, 0.5, 0.5, 0.5, 0.5, 0.5, 0.5, 0.5, 0.5, 0.5, 0.5, 0.5, 0.5, 0.5, 0.5, 0.5, 0.5, 0.5, 0.5, 0.5, 0.5, 0.5, 0.5, 0.5, 0.5, 0.5, 0.5, 0.5, 0.5, 0.5, 0.5, 0.5, 0.5, 0.5, 0.5, 0.5, 0.5, 0.5, 0.5, 0.5, 0.5, 0.5, 0.5, 0.5, 0.5, 0.5, 0.5, 0.5, 0.5, 0.5, 0.5, 0.5, 0.5, 0.5, 0.5, 0.5, 0.5, 0.5, 0.5, 0.5, 0.5, 0.5, 0.5, 0.5, 0.5, 0.5, 0.5, 0.5, 0.5, 0.5, 0.5, 0.5, 0.5, 0.5, 0.5, 0.5, 0.5, 0.5, 0.5, 0.5, 0.5, 0.5, 0.5, 0.5, 0.5, 0.5, 0.5, 0.5, 0.5, 0.5, 0.5, 0.5, 0.5, 0.5, 0.5, 0.5, 0.5, 0.5, 0.5, 0.5, 0.5, 0.5, 0.5, 0.5, 0.5, 0.5, 0.5, 0.5, 0.5, 0.5, 0.5, 0.5, 0.5, 0.5, 0.5, 0.5, 0.5, 0.5, 0.5, 0.5, 0.5, 0.5, 0.5, 0.5, 0.5, 0.5, 0.5, 0.5, 0.5, 0.5, 0.5, 0.5, 0.5, 0.5, 0.5, 0.5, 0.5, 0.5, 0.5, 0.5, 0.5, 0.5, 0.5, 0.5, 0.5, 0.5, 0.5, 0.5, 0.5, 0.5, 0.5, 0.5, 0.5, 0.5, 0.5, 0.5, 0.5, 0.5, 0.5, 0.5, 0.5, 0.5, 0.5, 0.5, 0.5, 0.5, 0.5, 0.5, 0.5, 0.5, 0.5, 0.5, 0.5, 0.5, 0.5, 0.5, 0.5, 0.5, 0.5, 0.5, 0.5, 0.5, 0.5, 0.5, 0.5, 0.5, 0.5, 0.5, 0.5, 0.5, 0.5, 0.5, 0.5, 0.5, 0.5, 0.5, 0.5, 0.5, 0.5, 0.5, 0.5, 0.5, 0.5, 0.5, 0.5, 0.5, 0.5, 0.5, 0.5, 0.5, 0.5, 0.5, 0.5, 0.5, 0.5, 0.5, 0.5]",2
2026_11_KICE_35-37_1,['5(2)'],"1번: 오답 + ""(지문 속 근거가 된 문장) 이미지는 가파른 절벽이나 경사면 아래에 암석이 쌓여있는 모습을 묘사한 삽화입니다.""

2번: 오답 + ""(지문 속 근거가 된 문장) 암석 더미: 절벽 아래쪽에는 위에서 무너져 내린 것으로 보이는 크고 작은 돌, 자갈, 흙 등이 비탈진 모양으로 쌓여 있습니다.""

3번: 정답 + ""(지문 속 근거가 된 문장) 이 자료를 보면 여름철에 풍혈지의 평균 기온이 풍혈지가 있는 행정 구역의 평균 기온보다 낮다는 것을 알 수 있습니다.""

4번: 오답 + ""(지문 속 근거가 된 문장) 그래프는 'OO군 풍혈지'(바람이 나오는 서늘한 지역)와 'OO군 전체'의 평균 기온(°C)을 5월과 7월에 걸쳐 비교합니다.""

5번: 정답 + ""(지문 속 근거가 된 문장) 이 자료는 제가, 현재까지 국내의 풍혈지에서 발견된 212종의 북방계 식물 중 일부를 목록으로 정리하고, 산림청에서 지정한 희귀 식물에 해당하는지 여부를 표시해서 만든 것입니다.""

최종 정답: 5","[16, 167, 110, 230, 25, 23821, 246, 97, 46695, 113, 1343, 30629, 168, 100, 222, 167, 105, 116, 23821, 228, 235, 220, 166, 115, 120, 166, 109, 108, 166, 108, 222, 31619, 238, 250, 31619, 105, 116, 168, 252, 98, 8, 23821, 251, 112, 167, 107, 116, 168, 100, 222, 167, 232, 242, 220, 166, 108, 222, 169, 234, 234, 167, 98, 116, 23821, 254, 230, 167, 110, 121, 35975, 112, 167, 224, 246, 220, 166, 110, 121, 168, 8955, 167, 102, 112, 23821, 243, 226, 167, 252, 246, 168, 245, 238, 23821, 243, 242, 168, 226, 251, 35975, 112, 23821, 234, 241, 168, 245, 105, 168, 252, 230, 167, 232, 242, 31619, 103, 101, 168, 232, 113, 35975, 226, 31619, 105, 246, 168, 8955, 47991, 250, 23821, 224, 121, 169, 247, 242, 168, 252, 227, 46695, 230, 46695, 97, 526, 198, 198, 17, 167, 110, 230, 25, 23821, 246, 97, 46695, 113, 1343, 30629, 168, 100, 222, 167, 105, 116, 23821, 228, 235, 220, 166, 115, 120, 166, 109, 108, 166, 108, 222, 31619, 238, 250, 31619, 105, 116, 168, 252, 98, 8, 23821, 243, 242, 168, 226, 251, 31619, 235, 242, 167, 107, 116, 25, 23821, 254, 230, 167, 110, 121, 23821, 243, 226, 167, 252, 246, 168, 103, 121, 168, 245, 238, 167, 232, 242, 23821, 250, 226, 168, 245, 238, 168, 226, 250, 31619, 105, 112, 167, 226, 230, 168, 254, 116, 31619, 224, 112, 167, 99, 108, 220, 166, 110, 225, 168, 250, 120, 167, 94, 250, 31619, 111, 112, 35975, 112, 167, 232, 242, 220, 169, 223, 105, 166, 111, 254, 23821, 252, 239, 35975, 222, 31619, 237, 234, 11, 23821, 252, 238, 166, 108, 230, 11, 220, 169, 251, 247, 31619, 241, 109, 35975, 112, 31619, 117, 226, 169, 225, 230, 168, 100, 226, 31619, 103, 101, 168, 244, 239, 168, 250, 120, 167, 94, 250, 23821, 234, 241, 168, 245, 105, 23821, 252, 230, 168, 232, 113, 46695, 230, 46695, 97, 526, 198, 198, 18, 167, 110, 230, 25, 23821, 254, 243, 46695, 113, 1343, 30629, 168, 100, 222, 167, 105, 116, 23821, 228, 235, 220, 166, 115, 120, 166, 109, 108, 166, 108, 222, 31619, 238, 250, 31619, 105, 116, 168, 252, 98, 8, 23821, 251, 112, 23821, 252, 238, 167, 96, 234, 167, 98, 120, 31619, 111, 112, 167, 102, 112, 23821, 245, 105, 167, 99, 226, 168, 110, 254, 168, 245, 238, 220, 169, 240, 235, 169, 246, 230, 168, 100, 222, 35975, 246, 220, 169, 237, 231, 166, 115, 254, 220, 166, 116, 108, 168, 246, 101, 35975, 112, 220, 169, 240, 235, 169, 246, 230, 168, 100, 222, 166, 108, 222, 23821, 252, 230, 167, 232, 242, 220, 169, 244, 231, 168, 254, 243, 220, 166, 113, 105, 168, 245, 255, 35975, 246, 220, 169, 237, 231, 166, 115, 254, 220, 166, 116, 108, 168, 246, 101, 167, 111, 112, 46695, 97, 31619, 224, 106, 46695, 97, 167, 232, 242, 220, 166, 110, 225, 35975, 226, 23821, 243, 234, 23821, 230, 246, 23821, 252, 230, 168, 232, 113, 46695, 230, 46695, 97, 526, 198, 198, 19, 167, 110, 230, 25, 23821, 246, 97, 46695, 113, 1343, 30629, 168, 100, 222, 167, 105, 116, 23821, 228, 235, 220, 166, 115, 120, 166, 109, 108, 166, 108, 222, 31619, 238, 250, 31619, 105, 116, 168, 252, 98, 8, 220, 166, 115, 116, 167, 252, 246, 169, 242, 226, 167, 232, 242, 705, 6684, 166, 113, 108, 220, 169, 240, 235, 169, 246, 230, 168, 100, 222, 6, 7, 167, 108, 242, 167, 252, 234, 35975, 112, 31619, 224, 246, 168, 246, 97, 167, 232, 242, 23821, 226, 250, 167, 232, 246, 47991, 250, 23821, 100, 222, 168, 245, 255, 8, 168, 247, 222, 705, 6684, 166, 113, 108, 23821, 254, 226, 168, 110, 112, 6, 35975, 246, 220, 169, 237, 231, 166, 115, 254, 220, 166, 116, 108, 168, 246, 101, 7, 7200, 34, 8, 35975, 226, 642, 168, 249, 242, 166, 111, 120, 767, 168, 249, 242, 168, 245, 238, 220, 166, 109, 116, 168, 111, 238, 31619, 117, 226, 166, 113, 238, 47991, 102, 46695, 230, 46695, 97, 526, 198, 198, 20, 167, 110, 230, 25, 23821, 254, 243, 46695, 113, 1343, 30629, 168, 100, 222, 167, 105, 116, 23821, 228, 235, 220, 166, 115, 120, 166, 109, 108, 166, 108, 222, 31619, 238, 250, 31619, 105, 116, 168, 252, 98, 8, 23821, 251, 112, 23821, 252, 238, 167, 96, 234, 167, 232, 242, 23821, 254, 250, 166, 108, 222, 11, 220, 169, 246, 226, 168, 252, 105, 166, 117, 234, 168, 100, 222, 220, 166, 113, 255, 167, 224, 112, 35975, 246, 220, 169, 240, 235, 169, 246, 230, 168, 100, 222, 168, 245, 238, 168, 226, 250, 31619, 108, 250, 166, 110, 105, 167, 238, 250, 23679, 168, 95, 227, 35975, 246, 31619, 114, 223, 167, 108, 102, 166, 111, 226, 23821, 233, 251, 167, 45539, 23821, 97, 239, 23821, 251, 120, 167, 114, 222, 167, 98, 120, 31619, 103, 102, 167, 94, 251, 168, 250, 120, 167, 94, 250, 23821, 254, 243, 167, 99, 105, 47991, 246, 166, 111, 254, 11, 23821, 224, 108, 167, 99, 120, 168, 110, 255, 168, 245, 238, 168, 226, 250, 23821, 100, 222, 168, 254, 243, 47991, 250, 220, 169, 251, 105, 166, 115, 222, 23821, 233, 251, 167, 45539, 168, 245, 238, 220, 47991, 112, 46695, 117, 47991, 246, 167, 232, 242, 168, 100, 222, 23821, 245, 105, 167, 114, 222, 167, 98, 120, 220, 169, 239, 250, 168, 233, 250, 47991, 112, 168, 226, 250, 31619, 100, 234, 167, 241, 254, 220, 166, 110, 225, 168, 252, 227, 46695, 230, 46695, 97, 526, 198, 198, 168, 113, 250, 168, 95, 227, 23821, 254, 243, 46695, 113, 25, 642]","[0.5, 0.5, 0.5, 0.5, 0.5, 0.5, 0.5, 0.5, 0.5, 0.5, 0.5, 0.5, 0.5, 0.5, 0.5, 0.5, 0.5, 0.5, 0.5, 0.5, 0.5, 0.5, 0.5, 0.5, 0.5, 0.5, 0.5, 0.5, 0.5, 0.5, 0.5, 0.5, 0.5, 0.5, 0.5, 0.5, 0.5, 0.5, 0.5, 0.5, 0.5, 0.5, 0.5, 0.5, 0.5, 0.5, 0.5, 0.5, 0.5, 0.5, 0.5, 0.5, 0.5, 0.5, 0.5, 0.5, 0.5, 0.5, 0.5, 0.5, 0.5, 0.5, 0.5, 0.5, 0.5, 0.5, 0.5, 0.5, 0.5, 0.5, 0.5, 0.5, 0.5, 0.5, 0.5, 0.5, 0.5, 0.5, 0.5, 0.5, 0.5, 0.5, 0.5, 0.5, 0.5, 0.5, 0.5, 0.5, 0.5, 0.5, 0.5, 0.5, 0.5, 0.5, 0.5, 0.5, 0.5, 0.5, 0.5, 0.5, 0.5, 0.5, 0.5, 0.5, 0.5, 0.5, 0.5, 0.5, 0.5, 0.5, 0.5, 0.5, 0.5, 0.5, 0.5, 0.5, 0.5, 0.5, 0.5, 0.5, 0.5, 0.5, 0.5, 0.5, 0.5, 0.5, 0.5, 0.5, 0.5, 0.5, 0.5, 0.5, 0.5, 0.5, 0.5, 0.5, 0.5, 0.5, 0.5, 0.5, 0.5, 0.5, 0.5, 0.5, 0.5, 0.5, 0.5, 0.5, 0.5, 0.5, 0.5, 0.5, 0.5, 0.5, 0.5, 0.5, 0.5, 0.5, 0.5, 0.5, 0.5, 0.5, 0.5, 0.5, 0.5, 0.5, 0.5, 0.5, 0.5, 0.5, 0.5, 0.5, 0.5, 0.5, 0.5, 0.5, 0.5, 0.5, 0.5, 0.5, 0.5, 0.5, 0.5, 0.5, 0.5, 0.5, 0.5, 0.5, 0.5, 0.5, 0.5, 0.5, 0.5, 0.5, 0.5, 0.5, 0.5, 0.5, 0.5, 0.5, 0.5, 0.5, 0.5, 0.5, 0.5, 0.5, 0.5, 0.5, 0.5, 0.5, 0.5, 0.5, 0.5, 0.5, 0.5, 0.5, 0.5, 0.5, 0.5, 0.5, 0.5, 0.5, 0.5, 0.5, 0.5, 0.5, 0.5, 0.5, 0.5, 0.5, 0.5, 0.5, 0.5, 0.5, 0.5, 0.5, 0.5, 0.5, 0.5, 0.5, 0.5, 0.5, 0.5, 0.5, 0.5, 0.5, 0.5, 0.5, 0.5, 0.5, 0.5, 0.5, 0.5, 0.5, 0.5, 0.5, 0.5, 0.5, 0.5, 0.5, 0.5, 0.5, 0.5, 0.5, 0.5, 0.5, 0.5, 0.5, 0.5, 0.5, 0.5, 0.5, 0.5, 0.5, 0.5, 0.5, 0.5, 0.5, 0.5, 0.5, 0.5, 0.5, 0.5, 0.5, 0.5, 0.5, 0.5, 0.5, 0.5, 0.5, 0.5, 0.5, 0.5, 0.5, 0.5, 0.5, 0.5, 0.5, 0.5, 0.5, 0.5, 0.5, 0.5, 0.5, 0.5, 0.5, 0.5, 0.5, 0.5, 0.5, 0.5, 0.5, 0.5, 0.5, 0.5, 0.5, 0.5, 0.5, 0.5, 0.5, 0.5, 0.5, 0.5, 0.5, 0.5, 0.5, 0.5, 0.5, 0.5, 0.5, 0.5, 0.5, 0.5, 0.5, 0.5, 0.5, 0.5, 0.5, 0.5, 0.5, 0.5, 0.5, 0.5, 0.5, 0.5, 0.5, 0.5, 0.5, 0.5, 0.5, 0.5, 0.5, 0.5, 0.5, 0.5, 0.5, 0.5, 0.5, 0.5, 0.5, 0.5, 0.5, 0.5, 0.5, 0.5, 0.5, 0.5, 0.5, 0.5, 0.5, 0.5, 0.5, 0.5, 0.5, 0.5, 0.5, 0.5, 0.5, 0.5, 0.5, 0.5, 0.5, 0.5, 0.5, 0.5, 0.5, 0.5, 0.5, 0.5, 0.5, 0.5, 0.5, 0.5, 0.5, 0.5, 0.5, 0.5, 0.5, 0.5, 0.5, 0.5, 0.5, 0.5, 0.5, 0.5, 0.5, 0.5, 0.5, 0.5, 0.5, 0.5, 0.5, 0.5, 0.5, 0.5, 0.5, 0.5, 0.5, 0.5, 0.5, 0.5, 0.5, 0.5, 0.5, 0.5, 0.5, 0.5, 0.5, 0.5, 0.5, 0.5, 0.5, 0.5, 0.5, 0.5, 0.5, 0.5, 0.5, 0.5, 0.5, 0.5, 0.5, 0.5, 0.5, 0.5, 0.5, 0.5, 0.5, 0.5, 0.5, 0.5, 0.5, 0.5, 0.5, 0.5, 0.5, 0.5, 0.5, 0.5, 0.5, 0.5, 0.5, 0.5, 0.5, 0.5, 0.5, 0.5, 0.5, 0.5, 0.5, 0.5, 0.5, 0.5, 0.5, 0.5, 0.5, 0.5, 0.5, 0.5, 0.5, 0.5, 0.5, 0.5, 0.5, 0.5, 0.5, 0.5, 0.5, 0.5, 0.5, 0.5, 0.5, 0.5, 0.5, 0.5, 0.5, 0.5, 0.5, 0.5, 0.5, 0.5, 0.5, 0.5, 0.5, 0.5, 0.5, 0.5, 0.5, 0.5, 0.5, 0.5, 0.5, 0.5, 0.5, 0.5, 0.5, 0.5, 0.5, 0.5, 0.5, 0.5, 0.5, 0.5, 0.5, 0.5, 0.5, 0.5, 0.5, 0.5, 0.5, 0.5, 0.5, 0.5, 0.5, 0.5, 0.5, 0.5, 0.5, 0.5, 0.5, 0.5, 0.5, 0.5, 0.5, 0.5, 0.5, 0.5, 0.5, 0.5, 0.5, 0.5, 0.5, 0.5, 0.5, 0.5, 0.5, 0.5, 0.5, 0.5, 0.5, 0.5, 0.5, 0.5, 0.5, 0.5, 0.5, 0.5, 0.5, 0.5, 0.5, 0.5, 0.5, 0.5, 0.5, 0.5, 0.5, 0.5, 0.5, 0.5, 0.5, 0.5, 0.5, 0.5, 0.5, 0.5, 0.5, 0.5, 0.5, 0.5, 0.5, 0.5, 0.5, 0.5, 0.5, 0.5, 0.5, 0.5, 0.5, 0.5, 0.5, 0.5, 0.5, 0.5, 0.5, 0.5, 0.5, 0.5, 0.5, 0.5, 0.5, 0.5, 0.5, 0.5, 0.5, 0.5, 0.5, 0.5, 0.5, 0.5, 0.5, 0.5, 0.5, 0.5, 0.5, 0.5, 0.5, 0.5, 0.5, 0.5, 0.5, 0.5, 0.5, 0.5, 0.5, 0.5, 0.5, 0.5, 0.5, 0.5, 0.5, 0.5, 0.5, 0.5, 0.5, 0.5, 0.5, 0.5, 0.5, 0.5, 0.5, 0.5, 0.5, 0.5, 0.5, 0.5, 0.5, 0.5, 0.5, 0.5, 0.5, 0.5, 0.5, 0.5, 0.5, 0.5, 0.5, 0.5, 0.5, 0.5, 0.5, 0.5, 0.5, 0.5, 0.5, 0.5, 0.5, 0.5, 0.5, 0.5, 0.5, 0.5, 0.5, 0.5, 0.5, 0.5, 0.5, 0.5, 0.5, 0.5, 0.5, 0.5, 0.5, 0.5, 0.5, 0.5, 0.5, 0.5, 0.5, 0.5, 0.5, 0.5, 0.5, 0.5, 0.5, 0.5, 0.5, 0.5, 0.5, 0.5, 0.5, 0.5, 0.5, 0.5, 0.5, 0.5, 0.5, 0.5, 0.5, 0.5, 0.5, 0.5, 0.5, 0.5, 0.5, 0.5, 0.5, 0.5, 0.5, 0.5, 0.5, 0.5, 0.5, 0.5, 0.5, 0.5, 0.5, 0.5, 0.5, 0.5, 0.5, 0.5, 0.5, 0.5, 0.5, 0.5, 0.5, 0.5, 0.5, 0.5, 0.5, 0.5, 0.5, 0.5, 0.5, 0.5, 0.5, 0.5, 0.5, 0.5, 0.5, 0.5, 0.5, 0.5, 0.5, 0.5, 0.5, 0.5, 0.5, 0.5, 0.5, 0.5, 0.5, 0.5, 0.5, 0.5, 0.5, 0.5, 0.5, 0.5, 0.5, 0.5, 0.5, 0.5, 0.5, 0.5, 0.5, 0.5, 0.5, 0.5, 0.5, 0.5, 0.5, 0.5, 0.5, 0.5, 0.5, 0.5, 0.5, 0.5, 0.5, 0.5, 0.5, 0.5, 0.5, 0.5, 0.5, 0.5, 0.5, 0.5, 0.5, 0.5, 0.5, 0.5, 0.5, 0.5, 0.5, 0.5, 0.5, 0.5, 0.5, 0.5, 0.5, 0.5, 0.5, 0.5, 0.5, 0.5, 0.5, 0.5, 0.5, 0.5, 0.5, 0.5, 0.5, 0.5, 0.5, 0.5, 0.5, 0.5, 0.5, 0.5, 0.5, 0.5, 0.5, 0.5, 0.5, 0.5, 0.5, 0.5, 0.5, 0.5, 0.5, 0.5, 0.5, 0.5, 0.5, 0.5, 0.5, 0.5, 0.5, 0.5, 0.5, 0.5, 0.5, 0.5, 0.5, 0.5, 0.5, 0.5, 0.5, 0.5, 0.5, 0.5, 0.5, 0.5, 0.5, 0.5, 0.5, 0.5, 0.5, 0.5, 0.5, 0.5, 0.5, 0.5, 0.5, 0.5, 0.5, 0.5, 0.5, 0.5, 0.5, 0.5, 0.5, 0.5, 0.5, 0.5, 0.5, 0.5, 0.5, 0.5, 0.5, 0.5, 0.5, 0.5, 0.5, 0.5, 0.5, 0.5, 0.5, 0.5, 0.5, 0.5, 0.5, 0.5, 0.5, 0.5, 0.5, 0.5, 0.5, 0.5, 0.5, 0.5, 0.5, 0.5, 0.5, 0.5, 0.5, 0.5, 0.5, 0.5, 0.5, 0.5, 0.5, 0.5, 0.5, 0.5, 0.5, 0.5, 0.5, 0.5, 0.5, 0.5, 0.5, 0.5, 0.5, 0.5, 0.5, 0.5, 0.5, 0.5, 0.5, 0.5, 0.5, 0.5, 0.5, 0.5, 0.5, 0.5, 0.5, 0.5, 0.5]",2
2026_11_KICE_35-37_2,['3(2)'],"1번: 오답. 학생1은 발표 내용을 다른 사람이 이해한 내용과 비교하려는 의도를 보이지 않는다. 대신 북방계 식물을 확인하기 위해 친구에게 식물도감을 빌려 보려는 계획을 밝히고 있다. (지문 속 근거가 된 문장) ""친구한테 식물도감을 빌려서 북방계 식물을 확인해야지.""

2번: 오답. 학생2는 국내 서식지 정보를 새롭게 알게 된 사실에 대해 언급하지만, 발표 내용이 사실과 부합하는지 점검한다는 의도를 나타내지 않는다. 오히려 해외 서식지에 대한 정보를 더 알고 싶어 한다고 밝히고 있다. (지문 속 근거가 된 문장) ""그런데 월귤의 해외 서식지에 대해서도 알고 싶었는데 설명이 없어서 아쉬워.""

3번: 정답. 학생3은 발표 내용이 자신의 필요에 맞게 유용하다고 평가하고 있다. (지문 속 근거가 된 문장) ""우리 지역의 지리적 특성에 대한 보고서를 써야 하는데 발표에서 들은 풍혈지에 관한 설명이 도움이 되겠어.""

4번: 오답. 4번은 학생1과 학생2가 발표 내용을 정확히 이해하지 못했다고 보는 진술인데, 실제로는 학생2는 추가 정보를 아쉬워하고 있고 학생1은 정보를 확인하겠다는 계획일 뿐 이해의 실패를 의미하지 않는다. (지문 속 근거가 된 문장) ""친구한테 식물도감을 빌려서 북방계 식물을 확인해야지."" / ""그런데 월귤의 해외 서식지에 대해서도 알고 싶었는데 설명이 없어서 아쉬워.""

5번: 오답. 학생2는 해외 서식지 정보에 대한 아쉬움을 표현하지만, 학생3은 발표의 유용성을 강조하고 있다. 따라서 두 학생이 모두 발표에서 필요하다고 생각하는 내용이 다루어지지 않았다고 보는 것은 적절하지 않다. (지문 속 근거가 된 문장) ""그런데 월귤의 해외 서식지에 대해서도 알고 싶었는데 설명이 없어서 아쉬워."" / ""우리 지역의 지리적 특성에 대한 보고서를 써야 하는데 발표에서 들은 풍혈지에 관한 설명이 도움이 되겠어.""

최종 정답: 3
정답 : 3","[16, 167, 110, 230, 25, 23821, 246, 97, 46695, 113, 13, 220, 47991, 247, 168, 225, 251, 16, 35975, 222, 31619, 108, 250, 169, 239, 250, 31619, 224, 112, 168, 248, 102, 35975, 226, 31619, 233, 97, 167, 98, 116, 23821, 8955, 167, 252, 234, 35975, 112, 23821, 251, 112, 47991, 112, 47991, 250, 31619, 224, 112, 168, 248, 102, 166, 111, 120, 31619, 117, 226, 166, 113, 238, 47991, 246, 167, 254, 97, 167, 232, 242, 23821, 251, 246, 167, 237, 226, 167, 98, 120, 31619, 111, 112, 35975, 112, 168, 100, 222, 23821, 243, 232, 167, 232, 242, 46695, 97, 13, 31619, 234, 222, 168, 233, 254, 31619, 114, 223, 167, 108, 102, 166, 111, 226, 23821, 233, 251, 167, 45539, 35975, 226, 220, 169, 247, 243, 35975, 116, 47991, 246, 166, 116, 108, 23821, 250, 226, 47991, 112, 23821, 117, 250, 166, 113, 105, 168, 245, 238, 166, 110, 234, 23821, 233, 251, 167, 45539, 167, 237, 226, 166, 108, 238, 35975, 226, 31619, 117, 234, 167, 254, 97, 31619, 111, 112, 167, 254, 97, 167, 232, 242, 220, 166, 111, 226, 169, 248, 235, 35975, 226, 31619, 108, 251, 169, 252, 230, 166, 111, 254, 23821, 252, 230, 46695, 97, 13, 357, 168, 100, 222, 167, 105, 116, 23821, 228, 235, 220, 166, 115, 120, 166, 109, 108, 166, 108, 222, 31619, 238, 250, 31619, 105, 116, 168, 252, 98, 8, 366, 168, 117, 250, 166, 113, 105, 47991, 250, 169, 227, 234, 23821, 233, 251, 167, 45539, 167, 237, 226, 166, 108, 238, 35975, 226, 31619, 117, 234, 167, 254, 97, 168, 226, 250, 31619, 114, 223, 167, 108, 102, 166, 111, 226, 23821, 233, 251, 167, 45539, 35975, 226, 220, 169, 247, 243, 35975, 116, 47991, 112, 168, 243, 120, 168, 100, 222, 526, 198, 198, 17, 167, 110, 230, 25, 23821, 246, 97, 46695, 113, 13, 220, 47991, 247, 168, 225, 251, 17, 167, 232, 242, 220, 166, 113, 255, 167, 224, 112, 23821, 226, 250, 168, 233, 251, 168, 100, 222, 23821, 254, 243, 167, 111, 112, 167, 98, 120, 23821, 225, 230, 167, 94, 255, 166, 110, 234, 23821, 243, 234, 166, 110, 234, 31619, 238, 250, 23821, 8955, 168, 233, 97, 168, 245, 238, 31619, 234, 222, 47991, 112, 23821, 244, 116, 166, 116, 231, 47991, 246, 168, 100, 222, 167, 100, 234, 11, 31619, 108, 250, 169, 239, 250, 31619, 224, 112, 168, 248, 102, 35975, 112, 23821, 8955, 168, 233, 97, 166, 111, 120, 31619, 114, 222, 47991, 102, 47991, 246, 167, 232, 242, 168, 100, 222, 23821, 254, 238, 166, 110, 222, 47991, 250, 46695, 97, 167, 232, 242, 23821, 251, 246, 167, 237, 226, 167, 98, 120, 31619, 224, 246, 169, 225, 222, 167, 224, 112, 168, 100, 222, 23821, 243, 232, 167, 232, 242, 46695, 97, 13, 23821, 246, 97, 169, 252, 230, 167, 254, 97, 220, 47991, 112, 168, 247, 116, 23821, 226, 250, 168, 233, 251, 168, 100, 222, 168, 245, 238, 31619, 234, 222, 47991, 250, 23821, 254, 243, 167, 111, 112, 167, 98, 120, 31619, 235, 242, 23821, 243, 234, 166, 111, 254, 23821, 233, 114, 168, 244, 112, 220, 47991, 250, 46695, 97, 166, 111, 254, 31619, 108, 251, 169, 252, 230, 166, 111, 254, 23821, 252, 230, 46695, 97, 13, 357, 168, 100, 222, 167, 105, 116, 23821, 228, 235, 220, 166, 115, 120, 166, 109, 108, 166, 108, 222, 31619, 238, 250, 31619, 105, 116, 168, 252, 98, 8, 366, 166, 115, 116, 167, 253, 108, 167, 235, 108, 23821, 249, 242, 166, 115, 97, 35975, 246, 220, 47991, 112, 168, 247, 116, 23821, 226, 250, 168, 233, 251, 168, 100, 222, 168, 245, 238, 31619, 234, 222, 47991, 112, 168, 226, 250, 167, 237, 226, 23821, 243, 234, 166, 111, 254, 23821, 233, 114, 168, 245, 230, 167, 232, 242, 167, 235, 108, 23821, 226, 97, 167, 103, 227, 35975, 112, 23821, 245, 228, 168, 244, 112, 168, 226, 250, 23821, 243, 226, 168, 231, 105, 168, 249, 234, 526, 198, 198, 18, 167, 110, 230, 25, 23821, 254, 243, 46695, 113, 13, 220, 47991, 247, 168, 225, 251, 18, 35975, 222, 31619, 108, 250, 169, 239, 250, 31619, 224, 112, 168, 248, 102, 35975, 112, 23821, 252, 238, 168, 233, 254, 35975, 246, 220, 47991, 226, 168, 248, 242, 168, 245, 238, 31619, 100, 252, 166, 110, 234, 23821, 250, 254, 168, 248, 102, 47991, 246, 46695, 97, 166, 111, 254, 220, 169, 237, 231, 166, 108, 222, 47991, 246, 166, 111, 254, 23821, 252, 230, 46695, 97, 13, 357, 168, 100, 222, 167, 105, 116, 23821, 228, 235, 220, 166, 115, 120, 166, 109, 108, 166, 108, 222, 31619, 238, 250, 31619, 105, 116, 168, 252, 98, 8, 366, 168, 248, 108, 167, 99, 105, 23821, 100, 222, 168, 245, 255, 35975, 246, 23821, 100, 222, 167, 99, 105, 168, 254, 223, 220, 169, 232, 117, 168, 226, 109, 168, 245, 238, 31619, 234, 222, 47991, 250, 31619, 111, 112, 166, 111, 254, 168, 226, 250, 167, 98, 120, 23821, 235, 101, 168, 243, 120, 220, 47991, 246, 167, 232, 242, 167, 235, 108, 31619, 108, 250, 169, 239, 250, 168, 245, 238, 168, 226, 250, 31619, 241, 97, 35975, 222, 220, 169, 240, 235, 169, 246, 230, 168, 100, 222, 168, 245, 238, 220, 166, 112, 222, 47991, 250, 23821, 226, 97, 167, 103, 227, 35975, 112, 31619, 237, 226, 168, 249, 222, 35975, 112, 31619, 238, 246, 166, 110, 254, 168, 244, 112, 526, 198, 198, 19, 167, 110, 230, 25, 23821, 246, 97, 46695, 113, 13, 604, 167, 110, 230, 35975, 222, 220, 47991, 247, 168, 225, 251, 16, 166, 111, 120, 220, 47991, 247, 168, 225, 251, 17, 166, 108, 222, 31619, 108, 250, 169, 239, 250, 31619, 224, 112, 168, 248, 102, 35975, 226, 23821, 254, 243, 169, 247, 243, 169, 252, 230, 23821, 251, 112, 47991, 112, 47991, 246, 168, 100, 222, 31619, 103, 119, 169, 244, 230, 46695, 97, 166, 111, 254, 31619, 111, 112, 167, 232, 242, 23821, 100, 226, 168, 230, 254, 35975, 116, 167, 235, 108, 11, 23821, 233, 97, 168, 254, 250, 167, 94, 250, 167, 232, 242, 220, 47991, 247, 168, 225, 251, 17, 167, 232, 242, 23821, 114, 242, 166, 108, 222, 23821, 254, 243, 167, 111, 112, 167, 98, 120, 23821, 243, 226, 168, 231, 105, 168, 249, 234, 47991, 246, 166, 111, 254, 23821, 252, 230, 166, 111, 254, 220, 47991, 247, 168, 225, 251, 16, 35975, 222, 23821, 254, 243, 167, 111, 112, 167, 98, 120, 220, 169, 247, 243, 35975, 116, 47991, 246, 166, 110, 254, 46695, 97, 167, 232, 242, 220, 166, 111, 226, 169, 248, 235, 35975, 120, 31619, 123, 238, 23821, 251, 112, 47991, 112, 35975, 246, 23821, 233, 97, 169, 234, 101, 167, 98, 120, 23821, 251, 246, 167, 107, 116, 47991, 246, 168, 100, 222, 23821, 243, 232, 167, 232, 242, 46695, 97, 13, 357, 168, 100, 222, 167, 105, 116, 23821, 228, 235, 220, 166, 115, 120, 166, 109, 108, 166, 108, 222, 31619, 238, 250, 31619, 105, 116, 168, 252, 98, 8, 366, 168, 117, 250, 166, 113, 105, 47991, 250, 169, 227, 234, 23821, 233, 251, 167, 45539, 167, 237, 226, 166, 108, 238, 35975, 226, 31619, 117, 234, 167, 254, 97, 168, 226, 250, 31619, 114, 223, 167, 108, 102, 166, 111, 226, 23821, 233, 251, 167, 45539, 35975, 226, 220, 169, 247, 243, 35975, 116, 47991, 112, 168, 243, 120, 168, 100, 222, 526, 1220, 366, 166, 115, 116, 167, 253, 108, 167, 235, 108, 23821, 249, 242, 166, 115, 97, 35975, 246, 220, 47991, 112, 168, 247, 116, 23821, 226, 250, 168, 233, 251, 168, 100, 222, 168, 245, 238, 31619, 234, 222, 47991, 112, 168, 226, 250, 167, 237, 226, 23821, 243, 234, 166, 111, 254, 23821, 233, 114, 168, 245, 230, 167, 232, 242, 167, 235, 108, 23821, 226, 97, 167, 103, 227, 35975, 112, 23821, 245, 228, 168, 244, 112, 168, 226, 250, 23821, 243, 226, 168, 231, 105, 168, 249, 234, 526, 198, 198, 20, 167, 110, 230, 25, 23821, 246, 97, 46695, 113, 13, 220, 47991, 247, 168, 225, 251, 17, 167, 232, 242, 220, 47991, 112, 168, 247, 116, 23821, 226, 250, 168, 233, 251, 168, 100, 222, 23821, 254, 243, 167, 111, 112, 168, 245, 238, 31619, 234, 222, 47991, 250, 23821, 243, 226, 168, 231, 105, 168, 249, 222, 35975, 226, 220, 169, 239, 250, 169, 246, 226, 47991, 246, 168, 100, 222, 167, 100, 234, 11, 220, 47991, 247, 168, 225, 251, 18, 35975, 222, 31619, 108, 250, 169, 239, 250, 35975, 246, 23821, 250, 254, 168, 248, 102, 168, 226, 109, 35975, 226, 220, 166, 108, 243, 168, 94, 108, 47991, 246, 166, 111, 254, 23821, 252, 230, 46695, 97, 13, 31619, 242, 108, 167, 251, 120, 168, 226, 250, 31619, 239, 238, 220, 47991, 247, 168, 225, 251, 35975, 112, 31619, 103, 101, 167, 239, 238, 31619, 108, 250, 169, 239, 250, 168, 245, 238, 168, 226, 250, 220, 47991, 226, 168, 248, 242, 47991, 246, 46695, 97, 166, 111, 254, 23821, 225, 251, 166, 108, 223, 47991, 246, 167, 232, 242, 31619, 224, 112, 168, 248, 102, 35975, 112, 31619, 233, 97, 167, 96, 101, 168, 244, 112, 168, 100, 222, 168, 100, 222, 23821, 243, 232, 168, 243, 246, 46695, 97, 166, 111, 254, 31619, 111, 112, 167, 232, 242, 220, 166, 110, 225, 35975, 222, 23821, 254, 223, 168, 254, 230, 47991, 246, 168, 100, 222, 23821, 243, 232, 46695, 97, 13, 357, 168, 100, 222, 167, 105, 116, 23821, 228, 235, 220, 166, 115, 120, 166, 109, 108, 166, 108, 222, 31619, 238, 250, 31619, 105, 116, 168, 252, 98, 8, 366, 166, 115, 116, 167, 253, 108, 167, 235, 108, 23821, 249, 242, 166, 115, 97, 35975, 246, 220, 47991, 112, 168, 247, 116, 23821, 226, 250, 168, 233, 251, 168, 100, 222, 168, 245, 238, 31619, 234, 222, 47991, 112, 168, 226, 250, 167, 237, 226, 23821, 243, 234, 166, 111, 254, 23821, 233, 114, 168, 245, 230, 167, 232, 242, 167, 235, 108, 23821, 226, 97, 167, 103, 227, 35975, 112, 23821, 245, 228, 168, 244, 112, 168, 226, 250, 23821, 243, 226, 168, 231, 105, 168, 249, 234, 526, 1220, 366, 168, 248, 108, 167, 99, 105, 23821, 100, 222, 168, 245, 255, 35975, 246, 23821, 100, 222, 167, 99, 105, 168, 254, 223, 220, 169, 232, 117, 168, 226, 109, 168, 245, 238, 31619, 234, 222, 47991, 250, 31619, 111, 112, 166, 111, 254, 168, 226, 250, 167, 98, 120, 23821, 235, 101, 168, 243, 120, 220, 47991, 246, 167, 232, 242, 167, 235, 108, 31619, 108, 250, 169, 239, 250, 168, 245, 238, 168, 226, 250, 31619, 241, 97, 35975, 222, 220, 169, 240, 235, 169, 246, 230, 168, 100, 222, 168, 245, 238, 220, 166, 112, 222, 47991, 250, 23821, 226, 97, 167, 103, 227, 35975, 112, 31619, 237, 226, 168, 249, 222, 35975, 112, 31619, 238, 246, 166, 110, 254, 168, 244, 112, 526, 198, 198, 168, 113, 250, 168, 95, 227, 23821, 254, 243, 46695, 113, 25, 513, 198, 168, 254, 243, 46695, 113, 1058, 513]","[0.5, 0.5, 0.5, 0.5, 0.5, 0.5, 0.5, 0.5, 0.5, 0.5, 0.5, 0.5, 0.5, 0.5, 0.5, 0.5, 0.5, 0.5, 0.5, 0.5, 0.5, 0.5, 0.5, 0.5, 0.5, 0.5, 0.5, 0.5, 0.5, 0.5, 0.5, 0.5, 0.5, 0.5, 0.5, 0.5, 0.5, 0.5, 0.5, 0.5, 0.5, 0.5, 0.5, 0.5, 0.5, 0.5, 0.5, 0.5, 0.5, 0.5, 0.5, 0.5, 0.5, 0.5, 0.5, 0.5, 0.5, 0.5, 0.5, 0.5, 0.5, 0.5, 0.5, 0.5, 0.5, 0.5, 0.5, 0.5, 0.5, 0.5, 0.5, 0.5, 0.5, 0.5, 0.5, 0.5, 0.5, 0.5, 0.5, 0.5, 0.5, 0.5, 0.5, 0.5, 0.5, 0.5, 0.5, 0.5, 0.5, 0.5, 0.5, 0.5, 0.5, 0.5, 0.5, 0.5, 0.5, 0.5, 0.5, 0.5, 0.5, 0.5, 0.5, 0.5, 0.5, 0.5, 0.5, 0.5, 0.5, 0.5, 0.5, 0.5, 0.5, 0.5, 0.5, 0.5, 0.5, 0.5, 0.5, 0.5, 0.5, 0.5, 0.5, 0.5, 0.5, 0.5, 0.5, 0.5, 0.5, 0.5, 0.5, 0.5, 0.5, 0.5, 0.5, 0.5, 0.5, 0.5, 0.5, 0.5, 0.5, 0.5, 0.5, 0.5, 0.5, 0.5, 0.5, 0.5, 0.5, 0.5, 0.5, 0.5, 0.5, 0.5, 0.5, 0.5, 0.5, 0.5, 0.5, 0.5, 0.5, 0.5, 0.5, 0.5, 0.5, 0.5, 0.5, 0.5, 0.5, 0.5, 0.5, 0.5, 0.5, 0.5, 0.5, 0.5, 0.5, 0.5, 0.5, 0.5, 0.5, 0.5, 0.5, 0.5, 0.5, 0.5, 0.5, 0.5, 0.5, 0.5, 0.5, 0.5, 0.5, 0.5, 0.5, 0.5, 0.5, 0.5, 0.5, 0.5, 0.5, 0.5, 0.5, 0.5, 0.5, 0.5, 0.5, 0.5, 0.5, 0.5, 0.5, 0.5, 0.5, 0.5, 0.5, 0.5, 0.5, 0.5, 0.5, 0.5, 0.5, 0.5, 0.5, 0.5, 0.5, 0.5, 0.5, 0.5, 0.5, 0.5, 0.5, 0.5, 0.5, 0.5, 0.5, 0.5, 0.5, 0.5, 0.5, 0.5, 0.5, 0.5, 0.5, 0.5, 0.5, 0.5, 0.5, 0.5, 0.5, 0.5, 0.5, 0.5, 0.5, 0.5, 0.5, 0.5, 0.5, 0.5, 0.5, 0.5, 0.5, 0.5, 0.5, 0.5, 0.5, 0.5, 0.5, 0.5, 0.5, 0.5, 0.5, 0.5, 0.5, 0.5, 0.5, 0.5, 0.5, 0.5, 0.5, 0.5, 0.5, 0.5, 0.5, 0.5, 0.5, 0.5, 0.5, 0.5, 0.5, 0.5, 0.5, 0.5, 0.5, 0.5, 0.5, 0.5, 0.5, 0.5, 0.5, 0.5, 0.5, 0.5, 0.5, 0.5, 0.5, 0.5, 0.5, 0.5, 0.5, 0.5, 0.5, 0.5, 0.5, 0.5, 0.5, 0.5, 0.5, 0.5, 0.5, 0.5, 0.5, 0.5, 0.5, 0.5, 0.5, 0.5, 0.5, 0.5, 0.5, 0.5, 0.5, 0.5, 0.5, 0.5, 0.5, 0.5, 0.5, 0.5, 0.5, 0.5, 0.5, 0.5, 0.5, 0.5, 0.5, 0.5, 0.5, 0.5, 0.5, 0.5, 0.5, 0.5, 0.5, 0.5, 0.5, 0.5, 0.5, 0.5, 0.5, 0.5, 0.5, 0.5, 0.5, 0.5, 0.5, 0.5, 0.5, 0.5, 0.5, 0.5, 0.5, 0.5, 0.5, 0.5, 0.5, 0.5, 0.5, 0.5, 0.5, 0.5, 0.5, 0.5, 0.5, 0.5, 0.5, 0.5, 0.5, 0.5, 0.5, 0.5, 0.5, 0.5, 0.5, 0.5, 0.5, 0.5, 0.5, 0.5, 0.5, 0.5, 0.5, 0.5, 0.5, 0.5, 0.5, 0.5, 0.5, 0.5, 0.5, 0.5, 0.5, 0.5, 0.5, 0.5, 0.5, 0.5, 0.5, 0.5, 0.5, 0.5, 0.5, 0.5, 0.5, 0.5, 0.5, 0.5, 0.5, 0.5, 0.5, 0.5, 0.5, 0.5, 0.5, 0.5, 0.5, 0.5, 0.5, 0.5, 0.5, 0.5, 0.5, 0.5, 0.5, 0.5, 0.5, 0.5, 0.5, 0.5, 0.5, 0.5, 0.5, 0.5, 0.5, 0.5, 0.5, 0.5, 0.5, 0.5, 0.5, 0.5, 0.5, 0.5, 0.5, 0.5, 0.5, 0.5, 0.5, 0.5, 0.5, 0.5, 0.5, 0.5, 0.5, 0.5, 0.5, 0.5, 0.5, 0.5, 0.5, 0.5, 0.5, 0.5, 0.5, 0.5, 0.5, 0.5, 0.5, 0.5, 0.5, 0.5, 0.5, 0.5, 0.5, 0.5, 0.5, 0.5, 0.5, 0.5, 0.5, 0.5, 0.5, 0.5, 0.5, 0.5, 0.5, 0.5, 0.5, 0.5, 0.5, 0.5, 0.5, 0.5, 0.5, 0.5, 0.5, 0.5, 0.5, 0.5, 0.5, 0.5, 0.5, 0.5, 0.5, 0.5, 0.5, 0.5, 0.5, 0.5, 0.5, 0.5, 0.5, 0.5, 0.5, 0.5, 0.5, 0.5, 0.5, 0.5, 0.5, 0.5, 0.5, 0.5, 0.5, 0.5, 0.5, 0.5, 0.5, 0.5, 0.5, 0.5, 0.5, 0.5, 0.5, 0.5, 0.5, 0.5, 0.5, 0.5, 0.5, 0.5, 0.5, 0.5, 0.5, 0.5, 0.5, 0.5, 0.5, 0.5, 0.5, 0.5, 0.5, 0.5, 0.5, 0.5, 0.5, 0.5, 0.5, 0.5, 0.5, 0.5, 0.5, 0.5, 0.5, 0.5, 0.5, 0.5, 0.5, 0.5, 0.5, 0.5, 0.5, 0.5, 0.5, 0.5, 0.5, 0.5, 0.5, 0.5, 0.5, 0.5, 0.5, 0.5, 0.5, 0.5, 0.5, 0.5, 0.5, 0.5, 0.5, 0.5, 0.5, 0.5, 0.5, 0.5, 0.5, 0.5, 0.5, 0.5, 0.5, 0.5, 0.5, 0.5, 0.5, 0.5, 0.5, 0.5, 0.5, 0.5, 0.5, 0.5, 0.5, 0.5, 0.5, 0.5, 0.5, 0.5, 0.5, 0.5, 0.5, 0.5, 0.5, 0.5, 0.5, 0.5, 0.5, 0.5, 0.5, 0.5, 0.5, 0.5, 0.5, 0.5, 0.5, 0.5, 0.5, 0.5, 0.5, 0.5, 0.5, 0.5, 0.5, 0.5, 0.5, 0.5, 0.5, 0.5, 0.5, 0.5, 0.5, 0.5, 0.5, 0.5, 0.5, 0.5, 0.5, 0.5, 0.5, 0.5, 0.5, 0.5, 0.5, 0.5, 0.5, 0.5, 0.5, 0.5, 0.5, 0.5, 0.5, 0.5, 0.5, 0.5, 0.5, 0.5, 0.5, 0.5, 0.5, 0.5, 0.5, 0.5, 0.5, 0.5, 0.5, 0.5, 0.5, 0.5, 0.5, 0.5, 0.5, 0.5, 0.5, 0.5, 0.5, 0.5, 0.5, 0.5, 0.5, 0.5, 0.5, 0.5, 0.5, 0.5, 0.5, 0.5, 0.5, 0.5, 0.5, 0.5, 0.5, 0.5, 0.5, 0.5, 0.5, 0.5, 0.5, 0.5, 0.5, 0.5, 0.5, 0.5, 0.5, 0.5, 0.5, 0.5, 0.5, 0.5, 0.5, 0.5, 0.5, 0.5, 0.5, 0.5, 0.5, 0.5, 0.5, 0.5, 0.5, 0.5, 0.5, 0.5, 0.5, 0.5, 0.5, 0.5, 0.5, 0.5, 0.5, 0.5, 0.5, 0.5, 0.5, 0.5, 0.5, 0.5, 0.5, 0.5, 0.5, 0.5, 0.5, 0.5, 0.5, 0.5, 0.5, 0.5, 0.5, 0.5, 0.5, 0.5, 0.5, 0.5, 0.5, 0.5, 0.5, 0.5, 0.5, 0.5, 0.5, 0.5, 0.5, 0.5, 0.5, 0.5, 0.5, 0.5, 0.5, 0.5, 0.5, 0.5, 0.5, 0.5, 0.5, 0.5, 0.5, 0.5, 0.5, 0.5, 0.5, 0.5, 0.5, 0.5, 0.5, 0.5, 0.5, 0.5, 0.5, 0.5, 0.5, 0.5, 0.5, 0.5, 0.5, 0.5, 0.5, 0.5, 0.5, 0.5, 0.5, 0.5, 0.5, 0.5, 0.5, 0.5, 0.5, 0.5, 0.5, 0.5, 0.5, 0.5, 0.5, 0.5, 0.5, 0.5, 0.5, 0.5, 0.5, 0.5, 0.5, 0.5, 0.5, 0.5, 0.5, 0.5, 0.5, 0.5, 0.5, 0.5, 0.5, 0.5, 0.5, 0.5, 0.5, 0.5, 0.5, 0.5, 0.5, 0.5, 0.5, 0.5, 0.5, 0.5, 0.5, 0.5, 0.5, 0.5, 0.5, 0.5, 0.5, 0.5, 0.5, 0.5, 0.5, 0.5, 0.5, 0.5, 0.5, 0.5, 0.5, 0.5, 0.5, 0.5, 0.5, 0.5, 0.5, 0.5, 0.5, 0.5, 0.5, 0.5, 0.5, 0.5, 0.5, 0.5, 0.5, 0.5, 0.5, 0.5, 0.5, 0.5, 0.5, 0.5, 0.5, 0.5, 0.5, 0.5, 0.5, 0.5, 0.5, 0.5, 0.5, 0.5, 0.5, 0.5, 0.5, 0.5, 0.5, 0.5, 0.5, 0.5, 0.5, 0.5, 0.5, 0.5, 0.5, 0.5, 0.5, 0.5, 0.5, 0.5, 0.5, 0.5, 0.5, 0.5, 0.5, 0.5, 0.5, 0.5, 0.5, 0.5, 0.5, 0.5, 0.5, 0.5, 0.5, 0.5, 0.5, 0.5, 0.5, 0.5, 0.5, 0.5, 0.5, 0.5, 0.5, 0.5, 0.5, 0.5, 0.5, 0.5, 0.5, 0.5, 0.5, 0.5, 0.5, 0.5, 0.5, 0.5, 0.5, 0.5, 0.5, 0.5, 0.5, 0.5, 0.5, 0.5, 0.5, 0.5, 0.5, 0.5, 0.5, 0.5, 0.5, 0.5, 0.5, 0.5, 0.5, 0.5, 0.5, 0.5, 0.5, 0.5, 0.5, 0.5, 0.5, 0.5, 0.5, 0.5, 0.5, 0.5, 0.5, 0.5, 0.5, 0.5, 0.5, 0.5, 0.5, 0.5, 0.5, 0.5, 0.5, 0.5, 0.5, 0.5, 0.5, 0.5, 0.5, 0.5, 0.5, 0.5, 0.5, 0.5, 0.5, 0.5, 0.5, 0.5, 0.5, 0.5, 0.5, 0.5, 0.5, 0.5, 0.5, 0.5, 0.5, 0.5, 0.5, 0.5, 0.5, 0.5, 0.5, 0.5, 0.5, 0.5, 0.5, 0.5, 0.5, 0.5, 0.5, 0.5, 0.5, 0.5, 0.5, 0.5, 0.5, 0.5, 0.5, 0.5, 0.5, 0.5, 0.5, 0.5, 0.5, 0.5, 0.5, 0.5, 0.5, 0.5, 0.5, 0.5, 0.5, 0.5, 0.5, 0.5, 0.5, 0.5, 0.5, 0.5, 0.5, 0.5, 0.5, 0.5, 0.5, 0.5, 0.5, 0.5, 0.5, 0.5, 0.5, 0.5, 0.5, 0.5, 0.5, 0.5, 0.5, 0.5, 0.5, 0.5, 0.5, 0.5, 0.5, 0.5, 0.5, 0.5, 0.5, 0.5, 0.5, 0.5, 0.5, 0.5, 0.5, 0.5, 0.5, 0.5, 0.5, 0.5, 0.5, 0.5, 0.5, 0.5, 0.5, 0.5, 0.5, 0.5, 0.5, 0.5, 0.5, 0.5, 0.5, 0.5, 0.5, 0.5, 0.5, 0.5, 0.5, 0.5, 0.5, 0.5, 0.5, 0.5, 0.5, 0.5, 0.5, 0.5, 0.5, 0.5, 0.5, 0.5, 0.5, 0.5, 0.5, 0.5, 0.5, 0.5, 0.5, 0.5, 0.5, 0.5, 0.5, 0.5, 0.5, 0.5, 0.5, 0.5, 0.5, 0.5, 0.5, 0.5, 0.5, 0.5, 0.5, 0.5, 0.5, 0.5, 0.5, 0.5, 0.5, 0.5, 0.5, 0.5, 0.5, 0.5, 0.5, 0.5, 0.5, 0.5, 0.5, 0.5, 0.5, 0.5, 0.5, 0.5, 0.5, 0.5, 0.5, 0.5, 0.5, 0.5, 0.5, 0.5, 0.5, 0.5, 0.5, 0.5, 0.5, 0.5, 0.5, 0.5, 0.5, 0.5, 0.5, 0.5, 0.5, 0.5, 0.5, 0.5, 0.5, 0.5, 0.5, 0.5, 0.5, 0.5, 0.5, 0.5, 0.5, 0.5, 0.5, 0.5, 0.5, 0.5, 0.5, 0.5, 0.5, 0.5, 0.5, 0.5, 0.5, 0.5, 0.5, 0.5, 0.5, 0.5, 0.5, 0.5, 0.5, 0.5, 0.5, 0.5, 0.5, 0.5, 0.5, 0.5, 0.5, 0.5, 0.5, 0.5, 0.5, 0.5, 0.5, 0.5, 0.5, 0.5, 0.5, 0.5, 0.5, 0.5, 0.5, 0.5, 0.5, 0.5, 0.5, 0.5, 0.5, 0.5, 0.5, 0.5, 0.5, 0.5, 0.5, 0.5, 0.5, 0.5, 0.5, 0.5, 0.5, 0.5, 0.5, 0.5, 0.5, 0.5, 0.5, 0.5, 0.5, 0.5, 0.5, 0.5, 0.5, 0.5, 0.5, 0.5, 0.5, 0.5, 0.5, 0.5, 0.5, 0.5, 0.5, 0.5, 0.5, 0.5, 0.5, 0.5, 0.5, 0.5, 0.5, 0.5, 0.5, 0.5, 0.5, 0.5, 0.5, 0.5, 0.5, 0.5, 0.5, 0.5, 0.5, 0.5, 0.5, 0.5, 0.5, 0.5, 0.5, 0.5, 0.5, 0.5, 0.5, 0.5, 0.5, 0.5, 0.5, 0.5, 0.5, 0.5, 0.5, 0.5, 0.5, 0.5, 0.5, 0.5, 0.5, 0.5, 0.5, 0.5, 0.5, 0.5, 0.5, 0.5, 0.5, 0.5, 0.5, 0.5, 0.5, 0.5, 0.5, 0.5, 0.5, 0.5, 0.5, 0.5, 0.5, 0.5, 0.5, 0.5, 0.5, 0.5, 0.5, 0.5, 0.5, 0.5, 0.5, 0.5, 0.5, 0.5, 0.5, 0.5, 0.5, 0.5, 0.5, 0.5, 0.5, 0.5, 0.5, 0.5, 0.5, 0.5, 0.5, 0.5, 0.5, 0.5, 0.5, 0.5, 0.5, 0.5, 0.5, 0.5, 0.5, 0.5, 0.5, 0.5, 0.5, 0.5, 0.5, 0.5, 0.5, 0.5, 0.5, 0.5, 0.5, 0.5, 0.5, 0.5, 0.5, 0.5, 0.5, 0.5, 0.5, 0.5, 0.5, 0.5, 0.5, 0.5, 0.5, 0.5, 0.5, 0.5, 0.5, 0.5, 0.5, 0.5, 0.5, 0.5, 0.5, 0.5, 0.5, 0.5, 0.5, 0.5, 0.5, 0.5, 0.5, 0.5, 0.5, 0.5, 0.5, 0.5, 0.5, 0.5, 0.5, 0.5, 0.5, 0.5, 0.5, 0.5, 0.5, 0.5, 0.5, 0.5, 0.5, 0.5, 0.5, 0.5, 0.5, 0.5, 0.5, 0.5, 0.5, 0.5, 0.5, 0.5, 0.5, 0.5, 0.5, 0.5, 0.5, 0.5, 0.5, 0.5, 0.5, 0.5, 0.5, 0.5, 0.5, 0.5, 0.5, 0.5, 0.5, 0.5, 0.5, 0.5, 0.5, 0.5, 0.5, 0.5, 0.5, 0.5, 0.5, 0.5, 0.5, 0.5, 0.5, 0.5, 0.5, 0.5, 0.5, 0.5, 0.5, 0.5, 0.5, 0.5, 0.5, 0.5, 0.5, 0.5, 0.5, 0.5, 0.5, 0.5, 0.5, 0.5, 0.5, 0.5, 0.5, 0.5, 0.5, 0.5, 0.5, 0.5, 0.5, 0.5, 0.5, 0.5, 0.5, 0.5, 0.5, 0.5, 0.5, 0.5, 0.5, 0.5, 0.5, 0.5, 0.5, 0.5, 0.5, 0.5, 0.5, 0.5, 0.5, 0.5, 0.5, 0.5, 0.5, 0.5, 0.5, 0.5, 0.5, 0.5, 0.5, 0.5, 0.5, 0.5, 0.5, 0.5, 0.5, 0.5, 0.5, 0.5, 0.5, 0.5, 0.5, 0.5, 0.5, 0.5, 0.5, 0.5, 0.5, 0.5, 0.5, 0.5, 0.5, 0.5, 0.5, 0.5, 0.5, 0.5, 0.5, 0.5, 0.5, 0.5, 0.5, 0.5, 0.5, 0.5, 0.5, 0.5, 0.5, 0.5, 0.5, 0.5, 0.5, 0.5, 0.5, 0.5, 0.5, 0.5, 0.5, 0.5, 0.5, 0.5, 0.5, 0.5, 0.5, 0.5, 0.5, 0.5, 0.5, 0.5, 0.5, 0.5, 0.5, 0.5, 0.5, 0.5, 0.5, 0.5, 0.5, 0.5, 0.5, 0.5, 0.5, 0.5, 0.5, 0.5, 0.5, 0.5, 0.5, 0.5, 0.5, 0.5, 0.5, 0.5, 0.5, 0.5, 0.5, 0.5, 0.5, 0.5, 0.5, 0.5, 0.5, 0.5, 0.5, 0.5, 0.5, 0.5, 0.5, 0.5, 0.5, 0.5, 0.5, 0.5, 0.5, 0.5, 0.5, 0.5, 0.5, 0.5, 0.5, 0.5, 0.5, 0.5, 0.5, 0.5, 0.5, 0.5, 0.5, 0.5, 0.5, 0.5, 0.5, 0.5, 0.5, 0.5, 0.5, 0.5, 0.5, 0.5, 0.5, 0.5, 0.5, 0.5, 0.5, 0.5, 0.5, 0.5, 0.5, 0.5, 0.5, 0.5, 0.5, 0.5, 0.5, 0.5, 0.5, 0.5, 0.5, 0.5, 0.5, 0.5, 0.5, 0.5, 0.5, 0.5, 0.5, 0.5, 0.5, 0.5, 0.5, 0.5, 0.5, 0.5, 0.5, 0.5, 0.5, 0.5, 0.5, 0.5, 0.5, 0.5, 0.5, 0.5, 0.5, 0.5, 0.5, 0.5, 0.5, 0.5, 0.5, 0.5, 0.5, 0.5, 0.5, 0.5, 0.5, 0.5, 0.5, 0.5, 0.5, 0.5, 0.5, 0.5, 0.5, 0.5, 0.5, 0.5, 0.5, 0.5, 0.5, 0.5, 0.5, 0.5, 0.5, 0.5, 0.5, 0.5, 0.5, 0.5, 0.5, 0.5, 0.5, 0.5, 0.5, 0.5, 0.5, 0.5, 0.5, 0.5, 0.5, 0.5, 0.5, 0.5, 0.5, 0.5, 0.5, 0.5, 0.5, 0.5, 0.5, 0.5, 0.5, 0.5, 0.5, 0.5, 0.5, 0.5, 0.5, 0.5, 0.5, 0.5, 0.5, 0.5, 0.5, 0.5, 0.5, 0.5, 0.5, 0.5, 0.5, 0.5, 0.5, 0.5, 0.5, 0.5, 0.5, 0.5, 0.5, 0.5, 0.5, 0.5, 0.5, 0.5, 0.5, 0.5, 0.5, 0.5, 0.5, 0.5, 0.5, 0.5, 0.5, 0.5, 0.5, 0.5, 0.5, 0.5, 0.5, 0.5, 0.5, 0.5, 0.5, 0.5, 0.5, 0.5, 0.5]",2
2026_11_KICE_38-42_0,['1(2)'],"1번: 3가 적절하지 않다. (가)와 (나) 모두 한 명의 진행자(또는 호스트)가 두 사람에게 발언을 요청하는 방식으로 대화가 진행되기 때문이다. 예를 들어, (가)에서 진행자는 “두 분 말씀 부탁드립니다.”라고 말하고, (나)에서도 “그럼 이제 웹툰 영상화 유행 현상에 대한 각자의 관점을 말해 보자.”와 같은 발언 요청이 있다. 따라서 이 둘 사이의 차이로 보기는 어렵다. (지문 속 근거: (가) 진행자: 두 분 말씀 부탁드립니다 / (나) ... 말해 보자.)

2번: 1번에 비해 적절한 차이점이다. (가)에는 두 명의 전문가가 각각 영상 산업과 웹툰 산업을 대표하는 대화 참여자들로 구성되어 있다. 예를 들면, “오늘은 웹툰 영상화 유행 현상에 대해 영상 분야의 전문가와 웹툰 분야의 전문가를 모시고 말씀 들어 보겠습니다.”, “전문가1 … 영상 산업이 급속도로 성장” 및 “전문가2 … 웹툰에는 …” 등의 발언이 있다. 반면 (나)에는 특정 집단을 대표하는 발언은 명시적으로 나타나지 않는다. (지문 속 근거: (가) “오늘은 웹툰 영상화 유행 현상에 대해 영상 분야의 전문가와 웹툰 분야의 전문가를 모시고 말씀 들어 보겠습니다.” / (가) 전문가1, 전문가2 발언)

3번: 적절하지 않다. (가)와 달리 (나)에서는 대화의 발언 순서를 한 사람이 확정적으로 정하고 있는 모습이 분명하지 않다. (가)에서는 “먼저 이 현상이 왜 나타났다고 보시는지 두 분 말씀 부탁드립니다.”와 같이 대화 순서를 명확히 제시하는 경향이 보이지만, (나)에서는 특정 한 사람이 나머지 두 사람의 발언 순서를 명확히 정하는 문장이 뚜렷하게 나타나지 않는다. (지문 속 근거: (가) 진행자: 먼저 이 현상이 왜 나타났다고 보시는지 두 분 말씀 부탁드립니다. / (나) 3~4행의 대화 흐름에 순서를 명시적으로 정하는 문장 부재)

4번: 적절하다. (가)와 (나)의 차이는 주로 청자 설정 여부에 있다. (가)에는 “진행자: 시청자 여러분”처럼 방송 시청자들을 청자로 설정하는 반면, (나)에서는 대화가 방송 밖의 상황(학내 비평문 작성 대화)에서 이루어지므로 대화에 참여한 구성원들만이 청자로 간주되는 모습이 주로 보인다. (지문 속 근거: (가) 진행자: 시청자 여러분 / (나) 학생들 간의 대화 맥락)

5번: 적절하다. (나)에는 긍정적, 부정적 관점의 발화가 모두 혼재한다. 예를 들어, 부정적 관점: “웹툰 원작 영상은 원작의 이야기를 재탕하는 데 불과한 것 같아… 다양성을 해치게 될 거야.” 반면 긍정적 관점: “웹툰 영상화는 이미 만들어진 작품으로 추가 수익을 낼 수 있는 기회” 및 “경제적 안정을 얻으면 좋은 웹툰을 만드는 데 전념할 수 있게 될 거야.” 이처럼 두 가지 관점이 모두 나타난다. (지문 속 근거: (나) 학생2: 웹툰 원작 영상은 재탕 / (나) 학생3: 경제적 안정 덕분에 좋은 веб툰 창작에 전념할 수 있다)

최종 정답: 3","[16, 167, 110, 230, 25, 513, 166, 108, 222, 23821, 254, 223, 168, 254, 230, 47991, 246, 168, 100, 222, 23821, 243, 232, 46695, 97, 13, 357, 166, 108, 222, 8, 168, 247, 222, 357, 167, 224, 246, 8, 31619, 103, 101, 167, 239, 238, 220, 47991, 250, 31619, 103, 227, 35975, 246, 23821, 100, 226, 169, 244, 231, 168, 252, 238, 7, 167, 246, 238, 167, 232, 242, 220, 169, 246, 116, 168, 232, 97, 169, 232, 116, 8, 166, 108, 222, 31619, 239, 238, 23821, 8955, 167, 252, 234, 168, 245, 238, 166, 110, 234, 31619, 108, 250, 168, 244, 116, 35975, 226, 23821, 248, 242, 168, 110, 255, 47991, 246, 167, 232, 242, 31619, 108, 102, 168, 233, 251, 168, 250, 120, 167, 94, 250, 31619, 234, 222, 169, 247, 242, 166, 108, 222, 23821, 100, 226, 169, 244, 231, 167, 238, 246, 166, 116, 108, 31619, 243, 234, 167, 105, 116, 35975, 112, 46695, 97, 13, 23821, 246, 230, 167, 98, 120, 31619, 241, 97, 168, 244, 112, 11, 357, 166, 108, 222, 8, 168, 245, 238, 168, 226, 250, 23821, 100, 226, 169, 244, 231, 168, 252, 238, 167, 232, 242, 564, 250, 167, 239, 238, 31619, 114, 226, 31619, 100, 238, 168, 242, 222, 31619, 114, 222, 169, 225, 223, 167, 241, 250, 167, 99, 121, 46695, 230, 46695, 97, 13, 447, 251, 167, 251, 120, 166, 111, 254, 31619, 100, 238, 47991, 246, 166, 111, 254, 11, 357, 167, 224, 246, 8, 168, 245, 238, 168, 226, 250, 167, 237, 226, 564, 250, 166, 115, 116, 167, 253, 120, 23821, 251, 112, 168, 254, 250, 23821, 249, 117, 169, 230, 108, 23821, 246, 223, 168, 225, 223, 169, 247, 242, 23821, 250, 254, 169, 244, 231, 220, 169, 246, 226, 168, 225, 223, 168, 245, 238, 31619, 234, 222, 47991, 250, 220, 166, 108, 223, 168, 252, 238, 35975, 246, 220, 166, 112, 222, 168, 254, 238, 35975, 226, 31619, 100, 238, 47991, 112, 31619, 111, 112, 168, 252, 238, 13, 447, 251, 168, 247, 222, 220, 166, 108, 247, 35975, 222, 31619, 108, 250, 168, 244, 116, 23821, 248, 242, 168, 110, 255, 35975, 112, 23821, 252, 230, 46695, 97, 13, 31619, 242, 108, 167, 251, 120, 168, 226, 250, 23821, 251, 112, 31619, 239, 246, 23821, 8955, 35975, 112, 35975, 246, 23821, 108, 101, 35975, 112, 167, 94, 250, 31619, 111, 112, 166, 116, 108, 167, 232, 242, 23821, 244, 112, 167, 254, 113, 46695, 97, 13, 357, 168, 100, 222, 167, 105, 116, 23821, 228, 235, 220, 166, 115, 120, 166, 109, 108, 25, 357, 166, 108, 222, 8, 23821, 100, 226, 169, 244, 231, 168, 252, 238, 25, 31619, 239, 238, 31619, 114, 226, 31619, 100, 238, 168, 242, 222, 31619, 114, 222, 169, 225, 223, 167, 241, 250, 167, 99, 121, 46695, 230, 46695, 97, 1220, 357, 167, 224, 246, 8, 2644, 31619, 100, 238, 47991, 112, 31619, 111, 112, 168, 252, 238, 2014, 198, 198, 17, 167, 110, 230, 25, 352, 167, 110, 230, 168, 245, 238, 31619, 117, 226, 47991, 112, 23821, 254, 223, 168, 254, 230, 47991, 250, 23821, 108, 101, 35975, 112, 168, 254, 238, 35975, 112, 46695, 97, 13, 357, 166, 108, 222, 8, 168, 245, 238, 167, 232, 242, 31619, 239, 238, 31619, 103, 227, 35975, 246, 23821, 254, 226, 167, 105, 116, 166, 108, 222, 166, 108, 222, 220, 166, 108, 223, 166, 108, 223, 23821, 246, 223, 168, 225, 223, 23821, 224, 108, 168, 245, 227, 166, 111, 120, 23821, 249, 117, 169, 230, 108, 23821, 224, 108, 168, 245, 227, 35975, 226, 31619, 234, 222, 169, 239, 250, 47991, 246, 167, 232, 242, 31619, 234, 222, 169, 247, 242, 23821, 108, 116, 168, 245, 105, 168, 252, 238, 167, 241, 97, 167, 94, 250, 220, 166, 113, 105, 168, 226, 109, 167, 238, 246, 168, 244, 112, 23821, 252, 230, 46695, 97, 13, 23821, 246, 230, 167, 98, 120, 31619, 241, 97, 167, 102, 112, 11, 564, 250, 168, 246, 97, 167, 232, 246, 35975, 222, 23821, 249, 117, 169, 230, 108, 23821, 246, 223, 168, 225, 223, 169, 247, 242, 23821, 250, 254, 169, 244, 231, 220, 169, 246, 226, 168, 225, 223, 168, 245, 238, 31619, 234, 222, 47991, 112, 23821, 246, 223, 168, 225, 223, 31619, 114, 226, 168, 243, 120, 35975, 246, 23821, 254, 226, 167, 105, 116, 166, 108, 222, 168, 247, 222, 23821, 249, 117, 169, 230, 108, 31619, 114, 226, 168, 243, 120, 35975, 246, 23821, 254, 226, 167, 105, 116, 166, 108, 222, 167, 98, 120, 31619, 103, 101, 168, 233, 250, 166, 111, 254, 31619, 100, 238, 168, 242, 222, 31619, 241, 97, 168, 244, 112, 31619, 111, 112, 166, 110, 254, 168, 232, 113, 46695, 230, 46695, 97, 13, 447, 251, 11, 564, 250, 168, 254, 226, 167, 105, 116, 166, 108, 222, 16, 3926, 23821, 246, 223, 168, 225, 223, 23821, 224, 108, 168, 245, 227, 35975, 112, 220, 166, 116, 231, 168, 228, 235, 167, 237, 226, 167, 94, 250, 23821, 226, 109, 168, 252, 98, 447, 251, 31619, 108, 237, 564, 250, 168, 254, 226, 167, 105, 116, 166, 108, 222, 17, 3926, 23821, 249, 117, 169, 230, 108, 168, 245, 238, 167, 232, 242, 3926, 447, 251, 31619, 241, 109, 35975, 246, 31619, 108, 250, 168, 244, 116, 35975, 112, 23821, 252, 230, 46695, 97, 13, 31619, 108, 246, 167, 102, 112, 357, 167, 224, 246, 8, 168, 245, 238, 167, 232, 242, 220, 169, 232, 117, 168, 254, 243, 23821, 100, 239, 46695, 101, 35975, 226, 31619, 234, 222, 169, 239, 250, 47991, 246, 167, 232, 242, 31619, 108, 250, 168, 244, 116, 35975, 222, 31619, 103, 227, 168, 233, 250, 168, 254, 223, 168, 250, 120, 167, 94, 250, 31619, 224, 246, 169, 225, 222, 167, 224, 246, 168, 100, 222, 23821, 243, 232, 167, 232, 242, 46695, 97, 13, 357, 168, 100, 222, 167, 105, 116, 23821, 228, 235, 220, 166, 115, 120, 166, 109, 108, 25, 357, 166, 108, 222, 8, 564, 250, 168, 246, 97, 167, 232, 246, 35975, 222, 23821, 249, 117, 169, 230, 108, 23821, 246, 223, 168, 225, 223, 169, 247, 242, 23821, 250, 254, 169, 244, 231, 220, 169, 246, 226, 168, 225, 223, 168, 245, 238, 31619, 234, 222, 47991, 112, 23821, 246, 223, 168, 225, 223, 31619, 114, 226, 168, 243, 120, 35975, 246, 23821, 254, 226, 167, 105, 116, 166, 108, 222, 168, 247, 222, 23821, 249, 117, 169, 230, 108, 31619, 114, 226, 168, 243, 120, 35975, 246, 23821, 254, 226, 167, 105, 116, 166, 108, 222, 167, 98, 120, 31619, 103, 101, 168, 233, 250, 166, 111, 254, 31619, 100, 238, 168, 242, 222, 31619, 241, 97, 168, 244, 112, 31619, 111, 112, 166, 110, 254, 168, 232, 113, 46695, 230, 46695, 97, 13, 447, 251, 1220, 357, 166, 108, 222, 8, 23821, 254, 226, 167, 105, 116, 166, 108, 222, 16, 11, 23821, 254, 226, 167, 105, 116, 166, 108, 222, 17, 31619, 108, 250, 168, 244, 116, 8, 198, 198, 18, 167, 110, 230, 25, 23821, 254, 223, 168, 254, 230, 47991, 246, 168, 100, 222, 23821, 243, 232, 46695, 97, 13, 357, 166, 108, 222, 8, 168, 247, 222, 31619, 233, 105, 167, 99, 105, 357, 167, 224, 246, 8, 168, 245, 238, 168, 226, 250, 167, 232, 242, 31619, 234, 222, 169, 247, 242, 35975, 246, 31619, 108, 250, 168, 244, 116, 23821, 230, 250, 168, 226, 250, 167, 98, 120, 220, 47991, 250, 23821, 8955, 167, 252, 234, 35975, 112, 220, 169, 247, 243, 168, 254, 243, 168, 254, 223, 168, 250, 120, 167, 94, 250, 23821, 254, 243, 47991, 246, 166, 111, 254, 23821, 252, 230, 167, 232, 242, 31619, 103, 101, 168, 232, 113, 35975, 112, 31619, 114, 226, 167, 103, 227, 47991, 246, 168, 100, 222, 23821, 243, 232, 46695, 97, 13, 357, 166, 108, 222, 8, 168, 245, 238, 168, 226, 250, 167, 232, 242, 564, 250, 167, 101, 120, 168, 254, 222, 23821, 251, 112, 220, 169, 246, 226, 168, 225, 223, 35975, 112, 23821, 247, 250, 31619, 224, 246, 169, 225, 222, 167, 8955, 46695, 97, 166, 111, 254, 31619, 111, 112, 168, 233, 250, 167, 232, 242, 168, 100, 222, 31619, 239, 238, 31619, 114, 226, 31619, 100, 238, 168, 242, 222, 31619, 114, 222, 169, 225, 223, 167, 241, 250, 167, 99, 121, 46695, 230, 46695, 97, 13, 447, 251, 168, 247, 222, 220, 166, 108, 247, 35975, 112, 31619, 234, 222, 169, 247, 242, 23821, 230, 250, 168, 226, 250, 167, 98, 120, 31619, 103, 227, 169, 247, 243, 169, 252, 230, 23821, 254, 250, 168, 233, 250, 47991, 246, 167, 232, 242, 220, 166, 110, 121, 169, 244, 98, 35975, 112, 31619, 111, 112, 35975, 112, 168, 100, 222, 167, 100, 234, 11, 357, 167, 224, 246, 8, 168, 245, 238, 168, 226, 250, 167, 232, 242, 220, 169, 232, 117, 168, 254, 243, 220, 47991, 250, 23821, 8955, 167, 252, 234, 35975, 112, 31619, 224, 246, 167, 101, 116, 168, 100, 222, 31619, 239, 238, 23821, 8955, 167, 252, 234, 35975, 246, 31619, 108, 250, 168, 244, 116, 23821, 230, 250, 168, 226, 250, 167, 98, 120, 31619, 103, 227, 169, 247, 243, 169, 252, 230, 23821, 254, 243, 47991, 246, 167, 232, 242, 31619, 105, 116, 168, 252, 98, 35975, 112, 31619, 248, 250, 167, 254, 115, 47991, 246, 166, 110, 234, 31619, 224, 246, 169, 225, 222, 167, 224, 246, 168, 100, 222, 23821, 243, 232, 167, 232, 242, 46695, 97, 13, 357, 168, 100, 222, 167, 105, 116, 23821, 228, 235, 220, 166, 115, 120, 166, 109, 108, 25, 357, 166, 108, 222, 8, 23821, 100, 226, 169, 244, 231, 168, 252, 238, 25, 31619, 101, 120, 168, 254, 222, 23821, 251, 112, 220, 169, 246, 226, 168, 225, 223, 35975, 112, 23821, 247, 250, 31619, 224, 246, 169, 225, 222, 167, 8955, 46695, 97, 166, 111, 254, 31619, 111, 112, 168, 233, 250, 167, 232, 242, 168, 100, 222, 31619, 239, 238, 31619, 114, 226, 31619, 100, 238, 168, 242, 222, 31619, 114, 222, 169, 225, 223, 167, 241, 250, 167, 99, 121, 46695, 230, 46695, 97, 13, 1220, 357, 167, 224, 246, 8, 513, 93, 19, 169, 244, 231, 35975, 246, 31619, 234, 222, 169, 247, 242, 220, 169, 251, 238, 167, 99, 226, 168, 245, 238, 23821, 230, 250, 168, 226, 250, 167, 98, 120, 31619, 103, 227, 168, 233, 250, 168, 254, 223, 168, 250, 120, 167, 94, 250, 23821, 254, 243, 47991, 246, 167, 232, 242, 31619, 105, 116, 168, 252, 98, 31619, 114, 222, 168, 252, 105, 8, 198, 198, 19, 167, 110, 230, 25, 23821, 254, 223, 168, 254, 230, 47991, 246, 46695, 97, 13, 357, 166, 108, 222, 8, 168, 247, 222, 357, 167, 224, 246, 8, 35975, 246, 23821, 108, 101, 35975, 112, 167, 232, 242, 23821, 96, 120, 167, 94, 250, 23821, 110, 255, 168, 252, 238, 23821, 226, 97, 168, 254, 243, 23821, 245, 105, 167, 114, 222, 168, 245, 238, 23821, 252, 230, 46695, 97, 13, 357, 166, 108, 222, 8, 168, 245, 238, 167, 232, 242, 564, 250, 168, 100, 226, 169, 244, 231, 168, 252, 238, 25, 23821, 233, 250, 168, 110, 255, 168, 252, 238, 23821, 245, 105, 167, 253, 105, 167, 114, 226, 447, 251, 168, 110, 246, 167, 253, 120, 31619, 108, 102, 168, 228, 94, 23821, 233, 250, 168, 110, 255, 168, 252, 238, 167, 241, 97, 35975, 226, 23821, 110, 255, 168, 252, 238, 167, 94, 250, 23821, 226, 97, 168, 254, 243, 47991, 246, 167, 232, 242, 31619, 108, 246, 167, 102, 112, 11, 357, 167, 224, 246, 8, 168, 245, 238, 168, 226, 250, 167, 232, 242, 31619, 234, 222, 169, 247, 242, 166, 108, 222, 31619, 108, 102, 168, 228, 94, 31619, 108, 244, 35975, 246, 23821, 225, 223, 169, 247, 102, 7, 47991, 247, 167, 224, 112, 31619, 117, 226, 169, 237, 231, 167, 105, 116, 23821, 252, 239, 168, 226, 109, 31619, 234, 222, 169, 247, 242, 8, 168, 245, 238, 168, 226, 250, 23821, 251, 112, 167, 96, 101, 168, 244, 112, 168, 100, 222, 167, 107, 222, 167, 94, 250, 31619, 234, 222, 169, 247, 242, 168, 245, 238, 23821, 108, 116, 168, 245, 105, 47991, 250, 220, 166, 113, 105, 168, 226, 109, 168, 249, 238, 167, 241, 97, 167, 100, 234, 35975, 112, 23821, 110, 255, 168, 252, 238, 167, 94, 250, 220, 166, 108, 226, 168, 96, 120, 167, 238, 246, 167, 232, 242, 31619, 103, 101, 168, 232, 113, 35975, 112, 23821, 96, 120, 167, 94, 250, 31619, 111, 112, 35975, 116, 46695, 97, 13, 357, 168, 100, 222, 167, 105, 116, 23821, 228, 235, 220, 166, 115, 120, 166, 109, 108, 25, 357, 166, 108, 222, 8, 23821, 100, 226, 169, 244, 231, 168, 252, 238, 25, 23821, 233, 250, 168, 110, 255, 168, 252, 238, 23821, 245, 105, 167, 253, 105, 167, 114, 226, 1220, 357, 167, 224, 246, 8, 220, 47991, 247, 168, 225, 251, 167, 241, 97, 220, 166, 108, 226, 35975, 246, 31619, 234, 222, 169, 247, 242, 31619, 100, 98, 167, 251, 121, 8, 198, 198, 20, 167, 110, 230, 25, 23821, 254, 223, 168, 254, 230, 47991, 246, 46695, 97, 13, 357, 167, 224, 246, 8, 168, 245, 238, 167, 232, 242, 220, 166, 116, 235, 168, 254, 243, 168, 254, 223, 11, 31619, 114, 222, 168, 254, 243, 168, 254, 223, 220, 166, 112, 222, 168, 254, 238, 35975, 246, 31619, 108, 250, 169, 247, 242, 166, 108, 222, 31619, 103, 101, 167, 239, 238, 220, 169, 246, 120, 168, 252, 105, 47991, 250, 46695, 97, 13, 23821, 246, 230, 167, 98, 120, 31619, 241, 97, 168, 244, 112, 11, 31619, 114, 222, 168, 254, 243, 168, 254, 223, 220, 166, 112, 222, 168, 254, 238, 25, 564, 250, 168, 249, 117, 169, 230, 108, 23821, 249, 238, 168, 252, 239, 23821, 246, 223, 168, 225, 223, 35975, 222, 23821, 249, 238, 168, 252, 239, 35975, 246, 23821, 251, 112, 168, 243, 120, 166, 116, 108, 167, 98, 120, 23821, 252, 105, 169, 225, 243, 47991, 246, 167, 232, 242, 31619, 235, 108, 31619, 114, 230, 166, 111, 120, 47991, 250, 220, 166, 110, 225, 220, 166, 108, 247, 168, 243, 226, 1399, 31619, 233, 97, 168, 244, 239, 168, 226, 109, 35975, 226, 220, 47991, 112, 168, 117, 246, 166, 110, 234, 31619, 238, 254, 220, 166, 109, 108, 168, 243, 120, 13, 447, 251, 31619, 108, 246, 167, 102, 112, 220, 166, 116, 235, 168, 254, 243, 168, 254, 223, 220, 166, 112, 222, 168, 254, 238, 25, 564, 250, 168, 249, 117, 169, 230, 108, 23821, 246, 223, 168, 225, 223, 169, 247, 242, 167, 232, 242, 23821, 251, 112, 167, 107, 116, 31619, 100, 234, 167, 241, 97, 168, 244, 112, 168, 100, 226, 23821, 252, 239, 169, 240, 230, 168, 250, 120, 167, 94, 250, 23821, 114, 242, 166, 108, 222, 23821, 230, 246, 35975, 113, 35975, 226, 31619, 224, 120, 23821, 230, 246, 23821, 252, 230, 167, 232, 242, 220, 166, 116, 108, 169, 248, 234, 447, 251, 31619, 108, 237, 564, 250, 166, 110, 121, 168, 254, 250, 168, 254, 223, 23821, 243, 230, 168, 254, 243, 35975, 226, 23821, 244, 119, 168, 250, 120, 167, 102, 112, 23821, 95, 233, 35975, 222, 23821, 249, 117, 169, 230, 108, 35975, 226, 31619, 100, 234, 167, 241, 250, 167, 232, 242, 31619, 235, 108, 23821, 254, 226, 167, 227, 238, 47991, 254, 23821, 230, 246, 23821, 252, 230, 166, 110, 234, 31619, 238, 254, 220, 166, 109, 108, 168, 243, 120, 13, 447, 251, 23821, 251, 112, 168, 110, 246, 167, 253, 120, 31619, 239, 238, 220, 166, 108, 222, 168, 100, 222, 220, 166, 112, 222, 168, 254, 238, 35975, 112, 31619, 103, 101, 167, 239, 238, 31619, 224, 246, 169, 225, 222, 167, 224, 250, 46695, 97, 13, 357, 168, 100, 222, 167, 105, 116, 23821, 228, 235, 220, 166, 115, 120, 166, 109, 108, 25, 357, 167, 224, 246, 8, 220, 47991, 247, 168, 225, 251, 17, 25, 23821, 249, 117, 169, 230, 108, 23821, 249, 238, 168, 252, 239, 23821, 246, 223, 168, 225, 223, 35975, 222, 23821, 252, 105, 169, 225, 243, 1220, 357, 167, 224, 246, 8, 220, 47991, 247, 168, 225, 251, 18, 25, 220, 166, 110, 121, 168, 254, 250, 168, 254, 223, 23821, 243, 230, 168, 254, 243, 31619, 235, 243, 167, 114, 226, 168, 245, 238, 23821, 95, 233, 35975, 222, 12466, 110, 16843, 140, 109, 169, 230, 108, 23821, 108, 121, 168, 252, 239, 168, 245, 238, 23821, 254, 226, 167, 227, 238, 47991, 254, 23821, 230, 246, 23821, 252, 230, 46695, 97, 8, 198, 198, 168, 113, 250, 168, 95, 227, 23821, 254, 243, 46695, 113, 25, 513]","[0.5, 0.5, 0.5, 0.5, 0.5, 0.5, 0.5, 0.5, 0.5, 0.5, 0.5, 0.5, 0.5, 0.5, 0.5, 0.5, 0.5, 0.5, 0.5, 0.5, 0.5, 0.5, 0.5, 0.5, 0.5, 0.5, 0.5, 0.5, 0.5, 0.5, 0.5, 0.5, 0.5, 0.5, 0.5, 0.5, 0.5, 0.5, 0.5, 0.5, 0.5, 0.5, 0.5, 0.5, 0.5, 0.5, 0.5, 0.5, 0.5, 0.5, 0.5, 0.5, 0.5, 0.5, 0.5, 0.5, 0.5, 0.5, 0.5, 0.5, 0.5, 0.5, 0.5, 0.5, 0.5, 0.5, 0.5, 0.5, 0.5, 0.5, 0.5, 0.5, 0.5, 0.5, 0.5, 0.5, 0.5, 0.5, 0.5, 0.5, 0.5, 0.5, 0.5, 0.5, 0.5, 0.5, 0.5, 0.5, 0.5, 0.5, 0.5, 0.5, 0.5, 0.5, 0.5, 0.5, 0.5, 0.5, 0.5, 0.5, 0.5, 0.5, 0.5, 0.5, 0.5, 0.5, 0.5, 0.5, 0.5, 0.5, 0.5, 0.5, 0.5, 0.5, 0.5, 0.5, 0.5, 0.5, 0.5, 0.5, 0.5, 0.5, 0.5, 0.5, 0.5, 0.5, 0.5, 0.5, 0.5, 0.5, 0.5, 0.5, 0.5, 0.5, 0.5, 0.5, 0.5, 0.5, 0.5, 0.5, 0.5, 0.5, 0.5, 0.5, 0.5, 0.5, 0.5, 0.5, 0.5, 0.5, 0.5, 0.5, 0.5, 0.5, 0.5, 0.5, 0.5, 0.5, 0.5, 0.5, 0.5, 0.5, 0.5, 0.5, 0.5, 0.5, 0.5, 0.5, 0.5, 0.5, 0.5, 0.5, 0.5, 0.5, 0.5, 0.5, 0.5, 0.5, 0.5, 0.5, 0.5, 0.5, 0.5, 0.5, 0.5, 0.5, 0.5, 0.5, 0.5, 0.5, 0.5, 0.5, 0.5, 0.5, 0.5, 0.5, 0.5, 0.5, 0.5, 0.5, 0.5, 0.5, 0.5, 0.5, 0.5, 0.5, 0.5, 0.5, 0.5, 0.5, 0.5, 0.5, 0.5, 0.5, 0.5, 0.5, 0.5, 0.5, 0.5, 0.5, 0.5, 0.5, 0.5, 0.5, 0.5, 0.5, 0.5, 0.5, 0.5, 0.5, 0.5, 0.5, 0.5, 0.5, 0.5, 0.5, 0.5, 0.5, 0.5, 0.5, 0.5, 0.5, 0.5, 0.5, 0.5, 0.5, 0.5, 0.5, 0.5, 0.5, 0.5, 0.5, 0.5, 0.5, 0.5, 0.5, 0.5, 0.5, 0.5, 0.5, 0.5, 0.5, 0.5, 0.5, 0.5, 0.5, 0.5, 0.5, 0.5, 0.5, 0.5, 0.5, 0.5, 0.5, 0.5, 0.5, 0.5, 0.5, 0.5, 0.5, 0.5, 0.5, 0.5, 0.5, 0.5, 0.5, 0.5, 0.5, 0.5, 0.5, 0.5, 0.5, 0.5, 0.5, 0.5, 0.5, 0.5, 0.5, 0.5, 0.5, 0.5, 0.5, 0.5, 0.5, 0.5, 0.5, 0.5, 0.5, 0.5, 0.5, 0.5, 0.5, 0.5, 0.5, 0.5, 0.5, 0.5, 0.5, 0.5, 0.5, 0.5, 0.5, 0.5, 0.5, 0.5, 0.5, 0.5, 0.5, 0.5, 0.5, 0.5, 0.5, 0.5, 0.5, 0.5, 0.5, 0.5, 0.5, 0.5, 0.5, 0.5, 0.5, 0.5, 0.5, 0.5, 0.5, 0.5, 0.5, 0.5, 0.5, 0.5, 0.5, 0.5, 0.5, 0.5, 0.5, 0.5, 0.5, 0.5, 0.5, 0.5, 0.5, 0.5, 0.5, 0.5, 0.5, 0.5, 0.5, 0.5, 0.5, 0.5, 0.5, 0.5, 0.5, 0.5, 0.5, 0.5, 0.5, 0.5, 0.5, 0.5, 0.5, 0.5, 0.5, 0.5, 0.5, 0.5, 0.5, 0.5, 0.5, 0.5, 0.5, 0.5, 0.5, 0.5, 0.5, 0.5, 0.5, 0.5, 0.5, 0.5, 0.5, 0.5, 0.5, 0.5, 0.5, 0.5, 0.5, 0.5, 0.5, 0.5, 0.5, 0.5, 0.5, 0.5, 0.5, 0.5, 0.5, 0.5, 0.5, 0.5, 0.5, 0.5, 0.5, 0.5, 0.5, 0.5, 0.5, 0.5, 0.5, 0.5, 0.5, 0.5, 0.5, 0.5, 0.5, 0.5, 0.5, 0.5, 0.5, 0.5, 0.5, 0.5, 0.5, 0.5, 0.5, 0.5, 0.5, 0.5, 0.5, 0.5, 0.5, 0.5, 0.5, 0.5, 0.5, 0.5, 0.5, 0.5, 0.5, 0.5, 0.5, 0.5, 0.5, 0.5, 0.5, 0.5, 0.5, 0.5, 0.5, 0.5, 0.5, 0.5, 0.5, 0.5, 0.5, 0.5, 0.5, 0.5, 0.5, 0.5, 0.5, 0.5, 0.5, 0.5, 0.5, 0.5, 0.5, 0.5, 0.5, 0.5, 0.5, 0.5, 0.5, 0.5, 0.5, 0.5, 0.5, 0.5, 0.5, 0.5, 0.5, 0.5, 0.5, 0.5, 0.5, 0.5, 0.5, 0.5, 0.5, 0.5, 0.5, 0.5, 0.5, 0.5, 0.5, 0.5, 0.5, 0.5, 0.5, 0.5, 0.5, 0.5, 0.5, 0.5, 0.5, 0.5, 0.5, 0.5, 0.5, 0.5, 0.5, 0.5, 0.5, 0.5, 0.5, 0.5, 0.5, 0.5, 0.5, 0.5, 0.5, 0.5, 0.5, 0.5, 0.5, 0.5, 0.5, 0.5, 0.5, 0.5, 0.5, 0.5, 0.5, 0.5, 0.5, 0.5, 0.5, 0.5, 0.5, 0.5, 0.5, 0.5, 0.5, 0.5, 0.5, 0.5, 0.5, 0.5, 0.5, 0.5, 0.5, 0.5, 0.5, 0.5, 0.5, 0.5, 0.5, 0.5, 0.5, 0.5, 0.5, 0.5, 0.5, 0.5, 0.5, 0.5, 0.5, 0.5, 0.5, 0.5, 0.5, 0.5, 0.5, 0.5, 0.5, 0.5, 0.5, 0.5, 0.5, 0.5, 0.5, 0.5, 0.5, 0.5, 0.5, 0.5, 0.5, 0.5, 0.5, 0.5, 0.5, 0.5, 0.5, 0.5, 0.5, 0.5, 0.5, 0.5, 0.5, 0.5, 0.5, 0.5, 0.5, 0.5, 0.5, 0.5, 0.5, 0.5, 0.5, 0.5, 0.5, 0.5, 0.5, 0.5, 0.5, 0.5, 0.5, 0.5, 0.5, 0.5, 0.5, 0.5, 0.5, 0.5, 0.5, 0.5, 0.5, 0.5, 0.5, 0.5, 0.5, 0.5, 0.5, 0.5, 0.5, 0.5, 0.5, 0.5, 0.5, 0.5, 0.5, 0.5, 0.5, 0.5, 0.5, 0.5, 0.5, 0.5, 0.5, 0.5, 0.5, 0.5, 0.5, 0.5, 0.5, 0.5, 0.5, 0.5, 0.5, 0.5, 0.5, 0.5, 0.5, 0.5, 0.5, 0.5, 0.5, 0.5, 0.5, 0.5, 0.5, 0.5, 0.5, 0.5, 0.5, 0.5, 0.5, 0.5, 0.5, 0.5, 0.5, 0.5, 0.5, 0.5, 0.5, 0.5, 0.5, 0.5, 0.5, 0.5, 0.5, 0.5, 0.5, 0.5, 0.5, 0.5, 0.5, 0.5, 0.5, 0.5, 0.5, 0.5, 0.5, 0.5, 0.5, 0.5, 0.5, 0.5, 0.5, 0.5, 0.5, 0.5, 0.5, 0.5, 0.5, 0.5, 0.5, 0.5, 0.5, 0.5, 0.5, 0.5, 0.5, 0.5, 0.5, 0.5, 0.5, 0.5, 0.5, 0.5, 0.5, 0.5, 0.5, 0.5, 0.5, 0.5, 0.5, 0.5, 0.5, 0.5, 0.5, 0.5, 0.5, 0.5, 0.5, 0.5, 0.5, 0.5, 0.5, 0.5, 0.5, 0.5, 0.5, 0.5, 0.5, 0.5, 0.5, 0.5, 0.5, 0.5, 0.5, 0.5, 0.5, 0.5, 0.5, 0.5, 0.5, 0.5, 0.5, 0.5, 0.5, 0.5, 0.5, 0.5, 0.5, 0.5, 0.5, 0.5, 0.5, 0.5, 0.5, 0.5, 0.5, 0.5, 0.5, 0.5, 0.5, 0.5, 0.5, 0.5, 0.5, 0.5, 0.5, 0.5, 0.5, 0.5, 0.5, 0.5, 0.5, 0.5, 0.5, 0.5, 0.5, 0.5, 0.5, 0.5, 0.5, 0.5, 0.5, 0.5, 0.5, 0.5, 0.5, 0.5, 0.5, 0.5, 0.5, 0.5, 0.5, 0.5, 0.5, 0.5, 0.5, 0.5, 0.5, 0.5, 0.5, 0.5, 0.5, 0.5, 0.5, 0.5, 0.5, 0.5, 0.5, 0.5, 0.5, 0.5, 0.5, 0.5, 0.5, 0.5, 0.5, 0.5, 0.5, 0.5, 0.5, 0.5, 0.5, 0.5, 0.5, 0.5, 0.5, 0.5, 0.5, 0.5, 0.5, 0.5, 0.5, 0.5, 0.5, 0.5, 0.5, 0.5, 0.5, 0.5, 0.5, 0.5, 0.5, 0.5, 0.5, 0.5, 0.5, 0.5, 0.5, 0.5, 0.5, 0.5, 0.5, 0.5, 0.5, 0.5, 0.5, 0.5, 0.5, 0.5, 0.5, 0.5, 0.5, 0.5, 0.5, 0.5, 0.5, 0.5, 0.5, 0.5, 0.5, 0.5, 0.5, 0.5, 0.5, 0.5, 0.5, 0.5, 0.5, 0.5, 0.5, 0.5, 0.5, 0.5, 0.5, 0.5, 0.5, 0.5, 0.5, 0.5, 0.5, 0.5, 0.5, 0.5, 0.5, 0.5, 0.5, 0.5, 0.5, 0.5, 0.5, 0.5, 0.5, 0.5, 0.5, 0.5, 0.5, 0.5, 0.5, 0.5, 0.5, 0.5, 0.5, 0.5, 0.5, 0.5, 0.5, 0.5, 0.5, 0.5, 0.5, 0.5, 0.5, 0.5, 0.5, 0.5, 0.5, 0.5, 0.5, 0.5, 0.5, 0.5, 0.5, 0.5, 0.5, 0.5, 0.5, 0.5, 0.5, 0.5, 0.5, 0.5, 0.5, 0.5, 0.5, 0.5, 0.5, 0.5, 0.5, 0.5, 0.5, 0.5, 0.5, 0.5, 0.5, 0.5, 0.5, 0.5, 0.5, 0.5, 0.5, 0.5, 0.5, 0.5, 0.5, 0.5, 0.5, 0.5, 0.5, 0.5, 0.5, 0.5, 0.5, 0.5, 0.5, 0.5, 0.5, 0.5, 0.5, 0.5, 0.5, 0.5, 0.5, 0.5, 0.5, 0.5, 0.5, 0.5, 0.5, 0.5, 0.5, 0.5, 0.5, 0.5, 0.5, 0.5, 0.5, 0.5, 0.5, 0.5, 0.5, 0.5, 0.5, 0.5, 0.5, 0.5, 0.5, 0.5, 0.5, 0.5, 0.5, 0.5, 0.5, 0.5, 0.5, 0.5, 0.5, 0.5, 0.5, 0.5, 0.5, 0.5, 0.5, 0.5, 0.5, 0.5, 0.5, 0.5, 0.5, 0.5, 0.5, 0.5, 0.5, 0.5, 0.5, 0.5, 0.5, 0.5, 0.5, 0.5, 0.5, 0.5, 0.5, 0.5, 0.5, 0.5, 0.5, 0.5, 0.5, 0.5, 0.5, 0.5, 0.5, 0.5, 0.5, 0.5, 0.5, 0.5, 0.5, 0.5, 0.5, 0.5, 0.5, 0.5, 0.5, 0.5, 0.5, 0.5, 0.5, 0.5, 0.5, 0.5, 0.5, 0.5, 0.5, 0.5, 0.5, 0.5, 0.5, 0.5, 0.5, 0.5, 0.5, 0.5, 0.5, 0.5, 0.5, 0.5, 0.5, 0.5, 0.5, 0.5, 0.5, 0.5, 0.5, 0.5, 0.5, 0.5, 0.5, 0.5, 0.5, 0.5, 0.5, 0.5, 0.5, 0.5, 0.5, 0.5, 0.5, 0.5, 0.5, 0.5, 0.5, 0.5, 0.5, 0.5, 0.5, 0.5, 0.5, 0.5, 0.5, 0.5, 0.5, 0.5, 0.5, 0.5, 0.5, 0.5, 0.5, 0.5, 0.5, 0.5, 0.5, 0.5, 0.5, 0.5, 0.5, 0.5, 0.5, 0.5, 0.5, 0.5, 0.5, 0.5, 0.5, 0.5, 0.5, 0.5, 0.5, 0.5, 0.5, 0.5, 0.5, 0.5, 0.5, 0.5, 0.5, 0.5, 0.5, 0.5, 0.5, 0.5, 0.5, 0.5, 0.5, 0.5, 0.5, 0.5, 0.5, 0.5, 0.5, 0.5, 0.5, 0.5, 0.5, 0.5, 0.5, 0.5, 0.5, 0.5, 0.5, 0.5, 0.5, 0.5, 0.5, 0.5, 0.5, 0.5, 0.5, 0.5, 0.5, 0.5, 0.5, 0.5, 0.5, 0.5, 0.5, 0.5, 0.5, 0.5, 0.5, 0.5, 0.5, 0.5, 0.5, 0.5, 0.5, 0.5, 0.5, 0.5, 0.5, 0.5, 0.5, 0.5, 0.5, 0.5, 0.5, 0.5, 0.5, 0.5, 0.5, 0.5, 0.5, 0.5, 0.5, 0.5, 0.5, 0.5, 0.5, 0.5, 0.5, 0.5, 0.5, 0.5, 0.5, 0.5, 0.5, 0.5, 0.5, 0.5, 0.5, 0.5, 0.5, 0.5, 0.5, 0.5, 0.5, 0.5, 0.5, 0.5, 0.5, 0.5, 0.5, 0.5, 0.5, 0.5, 0.5, 0.5, 0.5, 0.5, 0.5, 0.5, 0.5, 0.5, 0.5, 0.5, 0.5, 0.5, 0.5, 0.5, 0.5, 0.5, 0.5, 0.5, 0.5, 0.5, 0.5, 0.5, 0.5, 0.5, 0.5, 0.5, 0.5, 0.5, 0.5, 0.5, 0.5, 0.5, 0.5, 0.5, 0.5, 0.5, 0.5, 0.5, 0.5, 0.5, 0.5, 0.5, 0.5, 0.5, 0.5, 0.5, 0.5, 0.5, 0.5, 0.5, 0.5, 0.5, 0.5, 0.5, 0.5, 0.5, 0.5, 0.5, 0.5, 0.5, 0.5, 0.5, 0.5, 0.5, 0.5, 0.5, 0.5, 0.5, 0.5, 0.5, 0.5, 0.5, 0.5, 0.5, 0.5, 0.5, 0.5, 0.5, 0.5, 0.5, 0.5, 0.5, 0.5, 0.5, 0.5, 0.5, 0.5, 0.5, 0.5, 0.5, 0.5, 0.5, 0.5, 0.5, 0.5, 0.5, 0.5, 0.5, 0.5, 0.5, 0.5, 0.5, 0.5, 0.5, 0.5, 0.5, 0.5, 0.5, 0.5, 0.5, 0.5, 0.5, 0.5, 0.5, 0.5, 0.5, 0.5, 0.5, 0.5, 0.5, 0.5, 0.5, 0.5, 0.5, 0.5, 0.5, 0.5, 0.5, 0.5, 0.5, 0.5, 0.5, 0.5, 0.5, 0.5, 0.5, 0.5, 0.5, 0.5, 0.5, 0.5, 0.5, 0.5, 0.5, 0.5, 0.5, 0.5, 0.5, 0.5, 0.5, 0.5, 0.5, 0.5, 0.5, 0.5, 0.5, 0.5, 0.5, 0.5, 0.5, 0.5, 0.5, 0.5, 0.5, 0.5, 0.5, 0.5, 0.5, 0.5, 0.5, 0.5, 0.5, 0.5, 0.5, 0.5, 0.5, 0.5, 0.5, 0.5, 0.5, 0.5, 0.5, 0.5, 0.5, 0.5, 0.5, 0.5, 0.5, 0.5, 0.5, 0.5, 0.5, 0.5, 0.5, 0.5, 0.5, 0.5, 0.5, 0.5, 0.5, 0.5, 0.5, 0.5, 0.5, 0.5, 0.5, 0.5, 0.5, 0.5, 0.5, 0.5, 0.5, 0.5, 0.5, 0.5, 0.5, 0.5, 0.5, 0.5, 0.5, 0.5, 0.5, 0.5, 0.5, 0.5, 0.5, 0.5, 0.5, 0.5, 0.5, 0.5, 0.5, 0.5, 0.5, 0.5, 0.5, 0.5, 0.5, 0.5, 0.5, 0.5, 0.5, 0.5, 0.5, 0.5, 0.5, 0.5, 0.5, 0.5, 0.5, 0.5, 0.5, 0.5, 0.5, 0.5, 0.5, 0.5, 0.5, 0.5, 0.5, 0.5, 0.5, 0.5, 0.5, 0.5, 0.5, 0.5, 0.5, 0.5, 0.5, 0.5, 0.5, 0.5, 0.5, 0.5, 0.5, 0.5, 0.5, 0.5, 0.5, 0.5, 0.5, 0.5, 0.5, 0.5, 0.5, 0.5, 0.5, 0.5, 0.5, 0.5, 0.5, 0.5, 0.5, 0.5, 0.5, 0.5, 0.5, 0.5, 0.5, 0.5, 0.5, 0.5, 0.5, 0.5, 0.5, 0.5, 0.5, 0.5, 0.5, 0.5, 0.5, 0.5, 0.5, 0.5, 0.5, 0.5, 0.5, 0.5, 0.5, 0.5, 0.5, 0.5, 0.5, 0.5, 0.5, 0.5, 0.5, 0.5, 0.5, 0.5, 0.5, 0.5, 0.5, 0.5, 0.5, 0.5, 0.5, 0.5, 0.5, 0.5, 0.5, 0.5, 0.5, 0.5, 0.5, 0.5, 0.5, 0.5, 0.5, 0.5, 0.5, 0.5, 0.5, 0.5, 0.5, 0.5, 0.5, 0.5, 0.5, 0.5, 0.5, 0.5, 0.5, 0.5, 0.5, 0.5, 0.5, 0.5, 0.5, 0.5, 0.5, 0.5, 0.5, 0.5, 0.5, 0.5, 0.5, 0.5, 0.5, 0.5, 0.5, 0.5, 0.5, 0.5, 0.5, 0.5, 0.5, 0.5, 0.5, 0.5, 0.5, 0.5, 0.5, 0.5, 0.5, 0.5, 0.5, 0.5, 0.5, 0.5, 0.5, 0.5, 0.5, 0.5, 0.5, 0.5, 0.5, 0.5, 0.5, 0.5, 0.5, 0.5, 0.5, 0.5, 0.5, 0.5, 0.5, 0.5, 0.5, 0.5, 0.5, 0.5, 0.5, 0.5, 0.5, 0.5, 0.5, 0.5, 0.5, 0.5, 0.5, 0.5, 0.5, 0.5, 0.5, 0.5, 0.5, 0.5, 0.5, 0.5, 0.5, 0.5, 0.5, 0.5, 0.5, 0.5, 0.5, 0.5, 0.5, 0.5, 0.5, 0.5, 0.5, 0.5, 0.5, 0.5, 0.5, 0.5, 0.5, 0.5, 0.5, 0.5, 0.5, 0.5, 0.5, 0.5, 0.5, 0.5, 0.5, 0.5, 0.5, 0.5, 0.5, 0.5, 0.5, 0.5, 0.5, 0.5, 0.5, 0.5, 0.5, 0.5, 0.5, 0.5, 0.5, 0.5, 0.5, 0.5, 0.5, 0.5, 0.5, 0.5, 0.5, 0.5, 0.5, 0.5, 0.5, 0.5, 0.5, 0.5, 0.5, 0.5, 0.5, 0.5, 0.5, 0.5, 0.5, 0.5, 0.5, 0.5, 0.5, 0.5, 0.5, 0.5, 0.5, 0.5, 0.5, 0.5, 0.5, 0.5, 0.5, 0.5, 0.5, 0.5, 0.5, 0.5, 0.5, 0.5, 0.5, 0.5, 0.5, 0.5, 0.5, 0.5, 0.5, 0.5, 0.5, 0.5, 0.5, 0.5, 0.5, 0.5, 0.5, 0.5, 0.5, 0.5, 0.5, 0.5, 0.5, 0.5, 0.5, 0.5, 0.5, 0.5, 0.5, 0.5, 0.5, 0.5, 0.5, 0.5, 0.5, 0.5, 0.5, 0.5, 0.5, 0.5, 0.5, 0.5, 0.5, 0.5, 0.5, 0.5, 0.5, 0.5, 0.5, 0.5, 0.5, 0.5, 0.5, 0.5, 0.5, 0.5, 0.5, 0.5, 0.5, 0.5, 0.5, 0.5, 0.5, 0.5, 0.5, 0.5, 0.5, 0.5, 0.5, 0.5, 0.5, 0.5, 0.5, 0.5, 0.5, 0.5, 0.5, 0.5, 0.5, 0.5, 0.5, 0.5, 0.5, 0.5, 0.5, 0.5, 0.5, 0.5, 0.5, 0.5, 0.5, 0.5, 0.5, 0.5, 0.5, 0.5, 0.5, 0.5, 0.5, 0.5, 0.5, 0.5, 0.5, 0.5, 0.5, 0.5, 0.5, 0.5, 0.5, 0.5, 0.5, 0.5, 0.5, 0.5, 0.5, 0.5, 0.5, 0.5, 0.5, 0.5, 0.5, 0.5, 0.5, 0.5, 0.5, 0.5, 0.5, 0.5, 0.5, 0.5, 0.5, 0.5, 0.5, 0.5, 0.5, 0.5, 0.5, 0.5, 0.5, 0.5, 0.5, 0.5, 0.5, 0.5, 0.5, 0.5, 0.5, 0.5, 0.5, 0.5, 0.5, 0.5, 0.5, 0.5, 0.5, 0.5, 0.5, 0.5, 0.5, 0.5, 0.5, 0.5, 0.5, 0.5, 0.5, 0.5, 0.5, 0.5, 0.5, 0.5, 0.5, 0.5, 0.5, 0.5, 0.5, 0.5, 0.5, 0.5, 0.5, 0.5, 0.5, 0.5, 0.5, 0.5, 0.5, 0.5, 0.5, 0.5, 0.5, 0.5, 0.5, 0.5, 0.5, 0.5, 0.5, 0.5, 0.5, 0.5, 0.5, 0.5, 0.5, 0.5, 0.5, 0.5, 0.5, 0.5, 0.5, 0.5, 0.5, 0.5, 0.5, 0.5, 0.5, 0.5, 0.5, 0.5, 0.5, 0.5, 0.5, 0.5, 0.5, 0.5, 0.5, 0.5, 0.5, 0.5, 0.5, 0.5, 0.5, 0.5, 0.5, 0.5, 0.5, 0.5, 0.5, 0.5, 0.5, 0.5, 0.5, 0.5, 0.5, 0.5, 0.5, 0.5, 0.5, 0.5, 0.5, 0.5, 0.5, 0.5, 0.5, 0.5, 0.5, 0.5, 0.5, 0.5, 0.5, 0.5, 0.5, 0.5, 0.5, 0.5, 0.5, 0.5, 0.5, 0.5, 0.5, 0.5, 0.5, 0.5, 0.5, 0.5, 0.5, 0.5, 0.5, 0.5, 0.5, 0.5, 0.5, 0.5, 0.5, 0.5, 0.5, 0.5, 0.5, 0.5, 0.5, 0.5, 0.5, 0.5, 0.5, 0.5, 0.5, 0.5, 0.5, 0.5, 0.5, 0.5, 0.5, 0.5, 0.5, 0.5, 0.5, 0.5, 0.5, 0.5, 0.5, 0.5, 0.5, 0.5, 0.5, 0.5, 0.5, 0.5, 0.5, 0.5, 0.5, 0.5, 0.5, 0.5, 0.5, 0.5, 0.5, 0.5, 0.5, 0.5, 0.5, 0.5, 0.5, 0.5, 0.5, 0.5, 0.5, 0.5, 0.5, 0.5, 0.5, 0.5, 0.5, 0.5, 0.5, 0.5, 0.5, 0.5, 0.5, 0.5, 0.5, 0.5, 0.5, 0.5, 0.5, 0.5, 0.5, 0.5, 0.5, 0.5, 0.5, 0.5, 0.5, 0.5, 0.5, 0.5, 0.5, 0.5, 0.5, 0.5, 0.5, 0.5, 0.5, 0.5, 0.5, 0.5, 0.5, 0.5, 0.5, 0.5, 0.5, 0.5, 0.5, 0.5, 0.5, 0.5, 0.5, 0.5, 0.5, 0.5, 0.5, 0.5, 0.5, 0.5, 0.5, 0.5, 0.5, 0.5, 0.5, 0.5, 0.5, 0.5, 0.5, 0.5, 0.5, 0.5, 0.5, 0.5, 0.5, 0.5, 0.5, 0.5, 0.5, 0.5, 0.5, 0.5, 0.5, 0.5, 0.5, 0.5, 0.5, 0.5, 0.5, 0.5, 0.5, 0.5, 0.5, 0.5, 0.5, 0.5, 0.5, 0.5, 0.5, 0.5, 0.5, 0.5, 0.5, 0.5, 0.5, 0.5, 0.5, 0.5, 0.5, 0.5, 0.5, 0.5, 0.5, 0.5, 0.5, 0.5, 0.5, 0.5, 0.5, 0.5, 0.5, 0.5, 0.5, 0.5, 0.5, 0.5, 0.5, 0.5, 0.5, 0.5, 0.5, 0.5, 0.5, 0.5, 0.5, 0.5, 0.5, 0.5, 0.5, 0.5, 0.5, 0.5, 0.5, 0.5, 0.5, 0.5, 0.5, 0.5, 0.5, 0.5, 0.5, 0.5, 0.5, 0.5, 0.5, 0.5, 0.5, 0.5, 0.5, 0.5, 0.5, 0.5, 0.5, 0.5, 0.5, 0.5, 0.5, 0.5, 0.5, 0.5, 0.5, 0.5, 0.5, 0.5, 0.5, 0.5, 0.5, 0.5, 0.5, 0.5, 0.5, 0.5, 0.5, 0.5, 0.5, 0.5, 0.5, 0.5, 0.5, 0.5, 0.5, 0.5, 0.5, 0.5, 0.5, 0.5, 0.5, 0.5, 0.5, 0.5, 0.5, 0.5, 0.5, 0.5, 0.5, 0.5, 0.5, 0.5, 0.5, 0.5, 0.5, 0.5, 0.5, 0.5, 0.5, 0.5, 0.5, 0.5, 0.5, 0.5, 0.5, 0.5, 0.5, 0.5, 0.5, 0.5, 0.5, 0.5, 0.5, 0.5, 0.5, 0.5, 0.5, 0.5, 0.5, 0.5, 0.5, 0.5, 0.5, 0.5, 0.5, 0.5, 0.5, 0.5, 0.5, 0.5, 0.5, 0.5, 0.5, 0.5, 0.5, 0.5, 0.5, 0.5, 0.5, 0.5, 0.5, 0.5, 0.5, 0.5, 0.5, 0.5, 0.5, 0.5, 0.5, 0.5, 0.5, 0.5, 0.5, 0.5, 0.5, 0.5, 0.5, 0.5, 0.5, 0.5, 0.5, 0.5, 0.5, 0.5, 0.5, 0.5, 0.5, 0.5, 0.5, 0.5, 0.5, 0.5, 0.5, 0.5, 0.5, 0.5, 0.5, 0.5, 0.5, 0.5, 0.5, 0.5, 0.5, 0.5, 0.5, 0.5, 0.5, 0.5, 0.5, 0.5, 0.5, 0.5, 0.5, 0.5, 0.5, 0.5, 0.5, 0.5, 0.5, 0.5, 0.5, 0.5, 0.5, 0.5, 0.5, 0.5, 0.5, 0.5, 0.5, 0.5, 0.5, 0.5, 0.5, 0.5, 0.5, 0.5, 0.5, 0.5, 0.5, 0.5, 0.5, 0.5, 0.5, 0.5, 0.5, 0.5, 0.5, 0.5, 0.5, 0.5, 0.5, 0.5, 0.5, 0.5, 0.5, 0.5, 0.5, 0.5, 0.5, 0.5, 0.5, 0.5, 0.5, 0.5, 0.5, 0.5, 0.5, 0.5, 0.5, 0.5, 0.5, 0.5, 0.5, 0.5, 0.5, 0.5, 0.5, 0.5, 0.5, 0.5, 0.5, 0.5, 0.5, 0.5, 0.5, 0.5, 0.5, 0.5, 0.5, 0.5, 0.5, 0.5, 0.5, 0.5, 0.5, 0.5, 0.5, 0.5, 0.5, 0.5, 0.5, 0.5, 0.5, 0.5, 0.5, 0.5, 0.5, 0.5, 0.5, 0.5, 0.5, 0.5, 0.5, 0.5, 0.5, 0.5, 0.5, 0.5, 0.5, 0.5, 0.5, 0.5, 0.5, 0.5, 0.5, 0.5, 0.5, 0.5, 0.5, 0.5, 0.5, 0.5, 0.5, 0.5, 0.5, 0.5, 0.5, 0.5, 0.5, 0.5, 0.5, 0.5, 0.5, 0.5, 0.5, 0.5, 0.5, 0.5, 0.5, 0.5, 0.5, 0.5, 0.5, 0.5, 0.5, 0.5, 0.5, 0.5, 0.5, 0.5, 0.5, 0.5, 0.5, 0.5, 0.5, 0.5, 0.5, 0.5, 0.5, 0.5, 0.5, 0.5, 0.5, 0.5, 0.5, 0.5, 0.5, 0.5, 0.5, 0.5, 0.5, 0.5, 0.5, 0.5, 0.5, 0.5, 0.5, 0.5, 0.5, 0.5, 0.5, 0.5, 0.5, 0.5, 0.5, 0.5, 0.5, 0.5, 0.5, 0.5, 0.5, 0.5, 0.5, 0.5, 0.5, 0.5, 0.5, 0.5, 0.5, 0.5, 0.5, 0.5, 0.5, 0.5, 0.5, 0.5, 0.5, 0.5, 0.5, 0.5, 0.5, 0.5, 0.5, 0.5, 0.5, 0.5, 0.5, 0.5, 0.5, 0.5, 0.5, 0.5, 0.5, 0.5, 0.5, 0.5, 0.5, 0.5, 0.5, 0.5, 0.5, 0.5, 0.5, 0.5, 0.5, 0.5, 0.5, 0.5, 0.5, 0.5, 0.5, 0.5, 0.5, 0.5, 0.5, 0.5, 0.5, 0.5, 0.5, 0.5, 0.5, 0.5, 0.5, 0.5, 0.5, 0.5, 0.5, 0.5, 0.5, 0.5, 0.5, 0.5, 0.5, 0.5, 0.5, 0.5, 0.5, 0.5, 0.5, 0.5, 0.5, 0.5, 0.5, 0.5, 0.5, 0.5, 0.5, 0.5, 0.5, 0.5, 0.5, 0.5, 0.5, 0.5, 0.5, 0.5, 0.5, 0.5, 0.5, 0.5, 0.5, 0.5, 0.5, 0.5, 0.5, 0.5, 0.5, 0.5, 0.5, 0.5, 0.5, 0.5, 0.5, 0.5, 0.5, 0.5, 0.5, 0.5, 0.5, 0.5, 0.5, 0.5, 0.5, 0.5, 0.5, 0.5, 0.5, 0.5, 0.5, 0.5, 0.5, 0.5, 0.5, 0.5, 0.5, 0.5, 0.5, 0.5, 0.5, 0.5, 0.5, 0.5, 0.5, 0.5, 0.5, 0.5, 0.5, 0.5, 0.5, 0.5, 0.5, 0.5, 0.5, 0.5, 0.5, 0.5, 0.5, 0.5, 0.5, 0.5, 0.5, 0.5, 0.5, 0.5, 0.5, 0.5]",0
2026_11_KICE_38-42_1,['2(2)'],"1번: 적절하다 + ""(지문 속 근거가 된 문장) 진행자: ㉠[영상 산업의 성장과 기술의 발달이 복합적으로 작용한 결과군요.](㉠의 밑줄) 이 현상은 양쪽 산업의 경제적 측면에도 기여했을 것 같은데요, 이번에는 웹툰 산업 입장부터 들어 보겠습니다.""

2번: 적절하지 않다 + ""(지문 속 근거가 된 문장) 학생2: ㉡[웹툰 영상화가 이 정도로 유행인 줄 몰랐는데 방송에서까지 다루는 것을 보고 체감이 됐어.](㉡의 밑줄)""

3번: 적절하다 + ""(지문 속 근거가 된 문장) 학생2: ㉢[대부분 이 현상을 긍정적으로 볼 것 같은데, 너희들 생각은 어때?](㉢의 밑줄)""

4번: 적절하다 + ""(지문 속 근거가 된 문장) 학생1 : ... ㉣[그렇게 되면 웹툰이나 영상을 즐기는 이들이 신작에 대해 갖는 기대치와 만족도까지 줄어들겠다.](㉣의 밑줄)""

5번: 적절하다 + ""(지문 속 근거가 된 문장) 학생2: ㉤[듣고 보니 경제적 안정 덕분에 좋은 웹툰을 창작하는 데 전념할 수 있게 된다는 네 말이 더 맞는 것 같아.](㉤의 밑줄)

최종 정답: 2번","[16, 167, 110, 230, 25, 23821, 254, 223, 168, 254, 230, 47991, 246, 46695, 97, 1343, 30629, 168, 100, 222, 167, 105, 116, 23821, 228, 235, 220, 166, 115, 120, 166, 109, 108, 166, 108, 222, 31619, 238, 250, 31619, 105, 116, 168, 252, 98, 8, 23821, 100, 226, 169, 244, 231, 168, 252, 238, 25, 220, 159, 231, 254, 58, 168, 246, 223, 168, 225, 223, 23821, 224, 108, 168, 245, 227, 35975, 246, 23821, 226, 109, 168, 252, 98, 166, 111, 120, 220, 166, 116, 108, 168, 230, 254, 35975, 246, 31619, 108, 250, 46695, 105, 35975, 112, 31619, 111, 113, 47991, 102, 168, 254, 223, 168, 250, 120, 167, 94, 250, 23821, 252, 239, 168, 248, 102, 47991, 250, 220, 166, 110, 108, 166, 111, 120, 166, 113, 108, 168, 248, 242, 8183, 7, 159, 231, 254, 35975, 246, 31619, 108, 239, 168, 97, 226, 8, 23821, 251, 112, 220, 169, 246, 226, 168, 225, 223, 35975, 222, 23821, 244, 239, 168, 103, 121, 23821, 224, 108, 168, 245, 227, 35975, 246, 220, 166, 110, 121, 168, 254, 250, 168, 254, 223, 23821, 116, 94, 167, 102, 112, 168, 245, 238, 167, 237, 226, 220, 166, 116, 108, 168, 245, 105, 169, 244, 230, 35975, 226, 220, 166, 110, 225, 220, 166, 108, 247, 35975, 222, 167, 235, 108, 168, 248, 242, 11, 23821, 251, 112, 167, 110, 230, 168, 245, 238, 167, 232, 242, 23821, 249, 117, 169, 230, 108, 23821, 224, 108, 168, 245, 227, 23821, 252, 227, 168, 252, 98, 167, 114, 222, 169, 226, 108, 31619, 241, 97, 168, 244, 112, 31619, 111, 112, 166, 110, 254, 168, 232, 113, 46695, 230, 46695, 97, 526, 198, 198, 17, 167, 110, 230, 25, 23821, 254, 223, 168, 254, 230, 47991, 246, 168, 100, 222, 23821, 243, 232, 46695, 97, 1343, 30629, 168, 100, 222, 167, 105, 116, 23821, 228, 235, 220, 166, 115, 120, 166, 109, 108, 166, 108, 222, 31619, 238, 250, 31619, 105, 116, 168, 252, 98, 8, 220, 47991, 247, 168, 225, 251, 17, 25, 220, 159, 231, 94, 58, 168, 249, 117, 169, 230, 108, 23821, 246, 223, 168, 225, 223, 169, 247, 242, 166, 108, 222, 23821, 251, 112, 23821, 254, 243, 167, 237, 226, 167, 94, 250, 23821, 250, 254, 169, 244, 231, 35975, 116, 23821, 97, 226, 31619, 103, 108, 167, 252, 238, 167, 232, 242, 167, 235, 108, 31619, 108, 102, 168, 228, 94, 168, 245, 238, 168, 226, 250, 166, 117, 234, 168, 100, 222, 31619, 233, 97, 167, 96, 101, 167, 232, 242, 220, 166, 110, 225, 35975, 226, 31619, 111, 112, 166, 111, 254, 23821, 110, 112, 166, 108, 238, 35975, 112, 31619, 238, 238, 168, 244, 112, 8183, 7, 159, 231, 94, 35975, 246, 31619, 108, 239, 168, 97, 226, 16725, 198, 198, 18, 167, 110, 230, 25, 23821, 254, 223, 168, 254, 230, 47991, 246, 46695, 97, 1343, 30629, 168, 100, 222, 167, 105, 116, 23821, 228, 235, 220, 166, 115, 120, 166, 109, 108, 166, 108, 222, 31619, 238, 250, 31619, 105, 116, 168, 252, 98, 8, 220, 47991, 247, 168, 225, 251, 17, 25, 220, 159, 231, 95, 58, 167, 234, 222, 167, 114, 222, 167, 114, 226, 23821, 251, 112, 220, 169, 246, 226, 168, 225, 223, 35975, 226, 220, 166, 116, 235, 168, 254, 243, 168, 254, 223, 168, 250, 120, 167, 94, 250, 31619, 111, 120, 220, 166, 110, 225, 220, 166, 108, 247, 35975, 222, 167, 235, 108, 11, 31619, 226, 230, 169, 251, 105, 167, 241, 97, 23821, 225, 251, 166, 108, 223, 35975, 222, 23821, 244, 112, 167, 243, 234, 30, 16151, 159, 231, 95, 35975, 246, 31619, 108, 239, 168, 97, 226, 16725, 198, 198, 19, 167, 110, 230, 25, 23821, 254, 223, 168, 254, 230, 47991, 246, 46695, 97, 1343, 30629, 168, 100, 222, 167, 105, 116, 23821, 228, 235, 220, 166, 115, 120, 166, 109, 108, 166, 108, 222, 31619, 238, 250, 31619, 105, 116, 168, 252, 98, 8, 220, 47991, 247, 168, 225, 251, 16, 1058, 2644, 220, 159, 231, 96, 58, 166, 115, 116, 167, 254, 229, 166, 110, 234, 31619, 238, 246, 167, 102, 112, 23821, 249, 117, 169, 230, 108, 35975, 112, 167, 224, 246, 23821, 246, 223, 168, 225, 223, 35975, 226, 23821, 99, 238, 166, 116, 108, 167, 232, 242, 23821, 251, 112, 167, 241, 97, 35975, 112, 23821, 233, 254, 168, 252, 239, 168, 245, 238, 31619, 234, 222, 47991, 112, 220, 166, 108, 244, 167, 232, 242, 220, 166, 116, 108, 167, 234, 222, 168, 117, 246, 168, 247, 222, 31619, 100, 234, 168, 94, 109, 167, 237, 226, 166, 117, 234, 168, 100, 222, 23821, 97, 226, 168, 244, 112, 167, 241, 97, 166, 110, 254, 46695, 97, 8183, 7, 159, 231, 96, 35975, 246, 31619, 108, 239, 168, 97, 226, 16725, 198, 198, 20, 167, 110, 230, 25, 23821, 254, 223, 168, 254, 230, 47991, 246, 46695, 97, 1343, 30629, 168, 100, 222, 167, 105, 116, 23821, 228, 235, 220, 166, 115, 120, 166, 109, 108, 166, 108, 222, 31619, 238, 250, 31619, 105, 116, 168, 252, 98, 8, 220, 47991, 247, 168, 225, 251, 17, 25, 220, 159, 231, 97, 58, 167, 241, 96, 166, 111, 254, 31619, 111, 112, 46695, 230, 220, 166, 110, 121, 168, 254, 250, 168, 254, 223, 23821, 243, 230, 168, 254, 243, 31619, 235, 243, 167, 114, 226, 168, 245, 238, 23821, 95, 233, 35975, 222, 23821, 249, 117, 169, 230, 108, 35975, 226, 23821, 108, 121, 168, 252, 239, 47991, 246, 167, 232, 242, 31619, 235, 108, 23821, 254, 226, 167, 227, 238, 47991, 254, 23821, 230, 246, 23821, 252, 230, 166, 110, 234, 31619, 238, 250, 46695, 97, 167, 232, 242, 31619, 226, 97, 31619, 100, 238, 35975, 112, 31619, 235, 242, 31619, 100, 252, 167, 232, 242, 220, 166, 110, 225, 220, 166, 108, 247, 168, 243, 226, 8183, 7, 159, 231, 97, 35975, 246, 31619, 108, 239, 168, 97, 226, 8, 198, 198, 168, 113, 250, 168, 95, 227, 23821, 254, 243, 46695, 113, 25, 362, 167, 110, 230]","[0.5, 0.5, 0.5, 0.5, 0.5, 0.5, 0.5, 0.5, 0.5, 0.5, 0.5, 0.5, 0.5, 0.5, 0.5, 0.5, 0.5, 0.5, 0.5, 0.5, 0.5, 0.5, 0.5, 0.5, 0.5, 0.5, 0.5, 0.5, 0.5, 0.5, 0.5, 0.5, 0.5, 0.5, 0.5, 0.5, 0.5, 0.5, 0.5, 0.5, 0.5, 0.5, 0.5, 0.5, 0.5, 0.5, 0.5, 0.5, 0.5, 0.5, 0.5, 0.5, 0.5, 0.5, 0.5, 0.5, 0.5, 0.5, 0.5, 0.5, 0.5, 0.5, 0.5, 0.5, 0.5, 0.5, 0.5, 0.5, 0.5, 0.5, 0.5, 0.5, 0.5, 0.5, 0.5, 0.5, 0.5, 0.5, 0.5, 0.5, 0.5, 0.5, 0.5, 0.5, 0.5, 0.5, 0.5, 0.5, 0.5, 0.5, 0.5, 0.5, 0.5, 0.5, 0.5, 0.5, 0.5, 0.5, 0.5, 0.5, 0.5, 0.5, 0.5, 0.5, 0.5, 0.5, 0.5, 0.5, 0.5, 0.5, 0.5, 0.5, 0.5, 0.5, 0.5, 0.5, 0.5, 0.5, 0.5, 0.5, 0.5, 0.5, 0.5, 0.5, 0.5, 0.5, 0.5, 0.5, 0.5, 0.5, 0.5, 0.5, 0.5, 0.5, 0.5, 0.5, 0.5, 0.5, 0.5, 0.5, 0.5, 0.5, 0.5, 0.5, 0.5, 0.5, 0.5, 0.5, 0.5, 0.5, 0.5, 0.5, 0.5, 0.5, 0.5, 0.5, 0.5, 0.5, 0.5, 0.5, 0.5, 0.5, 0.5, 0.5, 0.5, 0.5, 0.5, 0.5, 0.5, 0.5, 0.5, 0.5, 0.5, 0.5, 0.5, 0.5, 0.5, 0.5, 0.5, 0.5, 0.5, 0.5, 0.5, 0.5, 0.5, 0.5, 0.5, 0.5, 0.5, 0.5, 0.5, 0.5, 0.5, 0.5, 0.5, 0.5, 0.5, 0.5, 0.5, 0.5, 0.5, 0.5, 0.5, 0.5, 0.5, 0.5, 0.5, 0.5, 0.5, 0.5, 0.5, 0.5, 0.5, 0.5, 0.5, 0.5, 0.5, 0.5, 0.5, 0.5, 0.5, 0.5, 0.5, 0.5, 0.5, 0.5, 0.5, 0.5, 0.5, 0.5, 0.5, 0.5, 0.5, 0.5, 0.5, 0.5, 0.5, 0.5, 0.5, 0.5, 0.5, 0.5, 0.5, 0.5, 0.5, 0.5, 0.5, 0.5, 0.5, 0.5, 0.5, 0.5, 0.5, 0.5, 0.5, 0.5, 0.5, 0.5, 0.5, 0.5, 0.5, 0.5, 0.5, 0.5, 0.5, 0.5, 0.5, 0.5, 0.5, 0.5, 0.5, 0.5, 0.5, 0.5, 0.5, 0.5, 0.5, 0.5, 0.5, 0.5, 0.5, 0.5, 0.5, 0.5, 0.5, 0.5, 0.5, 0.5, 0.5, 0.5, 0.5, 0.5, 0.5, 0.5, 0.5, 0.5, 0.5, 0.5, 0.5, 0.5, 0.5, 0.5, 0.5, 0.5, 0.5, 0.5, 0.5, 0.5, 0.5, 0.5, 0.5, 0.5, 0.5, 0.5, 0.5, 0.5, 0.5, 0.5, 0.5, 0.5, 0.5, 0.5, 0.5, 0.5, 0.5, 0.5, 0.5, 0.5, 0.5, 0.5, 0.5, 0.5, 0.5, 0.5, 0.5, 0.5, 0.5, 0.5, 0.5, 0.5, 0.5, 0.5, 0.5, 0.5, 0.5, 0.5, 0.5, 0.5, 0.5, 0.5, 0.5, 0.5, 0.5, 0.5, 0.5, 0.5, 0.5, 0.5, 0.5, 0.5, 0.5, 0.5, 0.5, 0.5, 0.5, 0.5, 0.5, 0.5, 0.5, 0.5, 0.5, 0.5, 0.5, 0.5, 0.5, 0.5, 0.5, 0.5, 0.5, 0.5, 0.5, 0.5, 0.5, 0.5, 0.5, 0.5, 0.5, 0.5, 0.5, 0.5, 0.5, 0.5, 0.5, 0.5, 0.5, 0.5, 0.5, 0.5, 0.5, 0.5, 0.5, 0.5, 0.5, 0.5, 0.5, 0.5, 0.5, 0.5, 0.5, 0.5, 0.5, 0.5, 0.5, 0.5, 0.5, 0.5, 0.5, 0.5, 0.5, 0.5, 0.5, 0.5, 0.5, 0.5, 0.5, 0.5, 0.5, 0.5, 0.5, 0.5, 0.5, 0.5, 0.5, 0.5, 0.5, 0.5, 0.5, 0.5, 0.5, 0.5, 0.5, 0.5, 0.5, 0.5, 0.5, 0.5, 0.5, 0.5, 0.5, 0.5, 0.5, 0.5, 0.5, 0.5, 0.5, 0.5, 0.5, 0.5, 0.5, 0.5, 0.5, 0.5, 0.5, 0.5, 0.5, 0.5, 0.5, 0.5, 0.5, 0.5, 0.5, 0.5, 0.5, 0.5, 0.5, 0.5, 0.5, 0.5, 0.5, 0.5, 0.5, 0.5, 0.5, 0.5, 0.5, 0.5, 0.5, 0.5, 0.5, 0.5, 0.5, 0.5, 0.5, 0.5, 0.5, 0.5, 0.5, 0.5, 0.5, 0.5, 0.5, 0.5, 0.5, 0.5, 0.5, 0.5, 0.5, 0.5, 0.5, 0.5, 0.5, 0.5, 0.5, 0.5, 0.5, 0.5, 0.5, 0.5, 0.5, 0.5, 0.5, 0.5, 0.5, 0.5, 0.5, 0.5, 0.5, 0.5, 0.5, 0.5, 0.5, 0.5, 0.5, 0.5, 0.5, 0.5, 0.5, 0.5, 0.5, 0.5, 0.5, 0.5, 0.5, 0.5, 0.5, 0.5, 0.5, 0.5, 0.5, 0.5, 0.5, 0.5, 0.5, 0.5, 0.5, 0.5, 0.5, 0.5, 0.5, 0.5, 0.5, 0.5, 0.5, 0.5, 0.5, 0.5, 0.5, 0.5, 0.5, 0.5, 0.5, 0.5, 0.5, 0.5, 0.5, 0.5, 0.5, 0.5, 0.5, 0.5, 0.5, 0.5, 0.5, 0.5, 0.5, 0.5, 0.5, 0.5, 0.5, 0.5, 0.5, 0.5, 0.5, 0.5, 0.5, 0.5, 0.5, 0.5, 0.5, 0.5, 0.5, 0.5, 0.5, 0.5, 0.5, 0.5, 0.5, 0.5, 0.5, 0.5, 0.5, 0.5, 0.5, 0.5, 0.5, 0.5, 0.5, 0.5, 0.5, 0.5, 0.5, 0.5, 0.5, 0.5, 0.5, 0.5, 0.5, 0.5, 0.5, 0.5, 0.5, 0.5, 0.5, 0.5, 0.5, 0.5, 0.5, 0.5, 0.5, 0.5, 0.5, 0.5, 0.5, 0.5, 0.5, 0.5, 0.5, 0.5, 0.5, 0.5, 0.5, 0.5, 0.5, 0.5, 0.5, 0.5, 0.5, 0.5, 0.5, 0.5, 0.5, 0.5, 0.5, 0.5, 0.5, 0.5, 0.5, 0.5, 0.5, 0.5, 0.5, 0.5, 0.5, 0.5, 0.5, 0.5, 0.5, 0.5, 0.5, 0.5, 0.5, 0.5, 0.5, 0.5, 0.5, 0.5, 0.5, 0.5, 0.5, 0.5, 0.5, 0.5, 0.5, 0.5, 0.5, 0.5, 0.5, 0.5, 0.5, 0.5, 0.5, 0.5, 0.5, 0.5, 0.5, 0.5, 0.5, 0.5, 0.5, 0.5, 0.5, 0.5, 0.5, 0.5, 0.5, 0.5, 0.5, 0.5, 0.5, 0.5, 0.5, 0.5, 0.5, 0.5, 0.5, 0.5, 0.5, 0.5, 0.5, 0.5, 0.5, 0.5, 0.5, 0.5, 0.5, 0.5, 0.5, 0.5, 0.5, 0.5, 0.5, 0.5, 0.5, 0.5, 0.5, 0.5, 0.5, 0.5, 0.5, 0.5, 0.5, 0.5, 0.5, 0.5, 0.5, 0.5, 0.5, 0.5, 0.5, 0.5, 0.5, 0.5, 0.5, 0.5, 0.5, 0.5, 0.5, 0.5, 0.5, 0.5, 0.5, 0.5, 0.5, 0.5, 0.5, 0.5, 0.5, 0.5, 0.5, 0.5, 0.5, 0.5, 0.5, 0.5, 0.5, 0.5, 0.5, 0.5, 0.5, 0.5, 0.5, 0.5, 0.5, 0.5, 0.5, 0.5, 0.5, 0.5, 0.5, 0.5, 0.5, 0.5, 0.5, 0.5, 0.5, 0.5, 0.5, 0.5, 0.5, 0.5, 0.5, 0.5, 0.5, 0.5, 0.5, 0.5, 0.5, 0.5, 0.5, 0.5, 0.5, 0.5, 0.5, 0.5, 0.5, 0.5, 0.5, 0.5, 0.5, 0.5, 0.5, 0.5, 0.5, 0.5, 0.5, 0.5, 0.5, 0.5, 0.5, 0.5, 0.5, 0.5, 0.5, 0.5, 0.5, 0.5, 0.5, 0.5, 0.5, 0.5, 0.5, 0.5, 0.5, 0.5, 0.5, 0.5, 0.5, 0.5, 0.5, 0.5, 0.5, 0.5, 0.5, 0.5, 0.5, 0.5, 0.5, 0.5, 0.5, 0.5, 0.5, 0.5, 0.5, 0.5, 0.5, 0.5, 0.5, 0.5, 0.5, 0.5, 0.5, 0.5, 0.5, 0.5, 0.5, 0.5, 0.5, 0.5, 0.5, 0.5, 0.5, 0.5, 0.5, 0.5, 0.5, 0.5, 0.5, 0.5, 0.5, 0.5, 0.5, 0.5, 0.5, 0.5, 0.5, 0.5, 0.5, 0.5, 0.5, 0.5, 0.5, 0.5, 0.5, 0.5, 0.5, 0.5, 0.5, 0.5, 0.5, 0.5, 0.5, 0.5, 0.5, 0.5, 0.5, 0.5, 0.5, 0.5, 0.5, 0.5, 0.5, 0.5, 0.5, 0.5, 0.5, 0.5, 0.5, 0.5, 0.5, 0.5, 0.5, 0.5, 0.5, 0.5, 0.5, 0.5, 0.5, 0.5, 0.5, 0.5, 0.5, 0.5, 0.5, 0.5, 0.5, 0.5, 0.5, 0.5, 0.5, 0.5, 0.5, 0.5, 0.5, 0.5, 0.5, 0.5, 0.5, 0.5, 0.5, 0.5, 0.5, 0.5, 0.5, 0.5, 0.5, 0.5, 0.5, 0.5, 0.5, 0.5, 0.5, 0.5, 0.5, 0.5, 0.5, 0.5, 0.5, 0.5, 0.5, 0.5, 0.5, 0.5, 0.5, 0.5, 0.5, 0.5, 0.5, 0.5, 0.5, 0.5, 0.5, 0.5, 0.5, 0.5, 0.5, 0.5, 0.5, 0.5, 0.5, 0.5, 0.5, 0.5, 0.5, 0.5, 0.5, 0.5, 0.5, 0.5, 0.5, 0.5]",2
2026_11_KICE_38-42_2,['5(3)'],"1번: 1번은 정답이 아니다. (지문 속 근거가 된 문장) ""하지만 이는 단편적인 시각에 불과하다."" (다)

2번: 2번은 정답이 아니다. (지문 속 근거가 된 문장) ""요즘 OTT 플랫폼을 보면 웹툰을 원작으로 한 영상이 부쩍 많아졌다."" (다)

3번: 3번은 정답이 아니다. (지문 속 근거가 된 문장) ""하지만 이는 단편적인 시각에 불과하다."" (다)

4번: 4번이 정답이다. (지문 속 근거가 된 문장) 
- ""(나) 학생3: 특수 효과 기술의 발달도 전문가가 말했는데, 나도 기술 발달이 더 주요한 원인인 것 같아.""
- ""(다) 특수 효과 기술의 발달로 초능력, 미래, 우주와 같은 웹툰의 다양한 소재들이 영상으로 구현될 수 있는 환경이 마련되었고, OTT 플랫폼이 활성화됨에 따라 영상 제작자들이 영상화할 이야기를 웹툰에서 찾는 일이 많아지며 웹툰을 원작으로 한 영상 제작이 더욱 늘어난 것이다.""
- ""(다) 하지만 이는 단편적인 시각에 불과하다.""

5번: 5번은 정답이 아니다. (지문 속 근거가 된 문장) ""웹툰 영상화는 이미 만들어진 작품으로 추가 수익으로 경제적 안정을 얻으면 좋은 웹툰을 만드는 데 전념할 수 있게 될 거야."" (나) 및 ""(다) 웹툰 영상화의 유행은 영상과 웹툰 산업 모두의 수익성을 높이는 데에도 기여한다.""

최종 정답: 4","[16, 167, 110, 230, 25, 352, 167, 110, 230, 35975, 222, 23821, 254, 243, 46695, 113, 35975, 112, 23821, 243, 226, 46695, 230, 46695, 97, 13, 357, 168, 100, 222, 167, 105, 116, 23821, 228, 235, 220, 166, 115, 120, 166, 109, 108, 166, 108, 222, 31619, 238, 250, 31619, 105, 116, 168, 252, 98, 8, 366, 47991, 246, 168, 100, 222, 167, 100, 234, 23821, 251, 112, 167, 232, 242, 31619, 233, 101, 169, 236, 116, 168, 254, 223, 35975, 116, 23821, 233, 250, 166, 108, 223, 168, 245, 238, 31619, 114, 230, 166, 111, 120, 47991, 246, 46695, 97, 526, 357, 46695, 97, 8, 198, 198, 17, 167, 110, 230, 25, 362, 167, 110, 230, 35975, 222, 23821, 254, 243, 46695, 113, 35975, 112, 23821, 243, 226, 46695, 230, 46695, 97, 13, 357, 168, 100, 222, 167, 105, 116, 23821, 228, 235, 220, 166, 115, 120, 166, 109, 108, 166, 108, 222, 31619, 238, 250, 31619, 105, 116, 168, 252, 98, 8, 366, 168, 248, 242, 168, 99, 246, 440, 15751, 220, 169, 242, 234, 167, 252, 104, 169, 237, 120, 35975, 226, 31619, 111, 112, 167, 102, 112, 23821, 249, 117, 169, 230, 108, 35975, 226, 23821, 249, 238, 168, 252, 239, 168, 250, 120, 167, 94, 250, 220, 47991, 250, 23821, 246, 223, 168, 225, 223, 35975, 112, 31619, 114, 222, 168, 102, 235, 31619, 100, 236, 168, 243, 226, 168, 94, 234, 46695, 97, 526, 357, 46695, 97, 8, 198, 198, 18, 167, 110, 230, 25, 513, 167, 110, 230, 35975, 222, 23821, 254, 243, 46695, 113, 35975, 112, 23821, 243, 226, 46695, 230, 46695, 97, 13, 357, 168, 100, 222, 167, 105, 116, 23821, 228, 235, 220, 166, 115, 120, 166, 109, 108, 166, 108, 222, 31619, 238, 250, 31619, 105, 116, 168, 252, 98, 8, 366, 47991, 246, 168, 100, 222, 167, 100, 234, 23821, 251, 112, 167, 232, 242, 31619, 233, 101, 169, 236, 116, 168, 254, 223, 35975, 116, 23821, 233, 250, 166, 108, 223, 168, 245, 238, 31619, 114, 230, 166, 111, 120, 47991, 246, 46695, 97, 526, 357, 46695, 97, 8, 198, 198, 19, 167, 110, 230, 25, 604, 167, 110, 230, 35975, 112, 23821, 254, 243, 46695, 113, 35975, 112, 46695, 97, 13, 357, 168, 100, 222, 167, 105, 116, 23821, 228, 235, 220, 166, 115, 120, 166, 109, 108, 166, 108, 222, 31619, 238, 250, 31619, 105, 116, 168, 252, 98, 8, 220, 198, 12, 30629, 167, 224, 246, 8, 220, 47991, 247, 168, 225, 251, 18, 25, 220, 169, 232, 117, 168, 230, 246, 220, 169, 248, 101, 166, 111, 120, 220, 166, 116, 108, 168, 230, 254, 35975, 246, 31619, 108, 250, 46695, 105, 167, 237, 226, 23821, 254, 226, 167, 105, 116, 166, 108, 222, 166, 108, 222, 31619, 100, 238, 169, 244, 230, 167, 232, 242, 167, 235, 108, 11, 31619, 224, 246, 167, 237, 226, 220, 166, 116, 108, 168, 230, 254, 31619, 108, 250, 46695, 105, 35975, 112, 31619, 235, 242, 23821, 96, 120, 168, 248, 242, 47991, 250, 23821, 249, 238, 35975, 116, 35975, 116, 220, 166, 110, 225, 220, 166, 108, 247, 168, 243, 226, 526, 198, 12, 30629, 46695, 97, 8, 220, 169, 232, 117, 168, 230, 246, 220, 169, 248, 101, 166, 111, 120, 220, 166, 116, 108, 168, 230, 254, 35975, 246, 31619, 108, 250, 46695, 105, 167, 94, 250, 23821, 112, 230, 167, 232, 98, 167, 254, 98, 11, 31619, 107, 116, 167, 252, 246, 11, 23821, 248, 108, 168, 96, 120, 168, 247, 222, 220, 166, 108, 247, 35975, 222, 23821, 249, 117, 169, 230, 108, 35975, 246, 31619, 233, 97, 168, 244, 239, 47991, 250, 23821, 228, 234, 168, 252, 105, 167, 241, 97, 35975, 112, 23821, 246, 223, 168, 225, 223, 168, 250, 120, 167, 94, 250, 220, 166, 113, 105, 169, 246, 226, 167, 238, 254, 23821, 230, 246, 23821, 252, 230, 167, 232, 242, 220, 169, 247, 246, 166, 110, 121, 35975, 112, 31619, 100, 230, 167, 254, 101, 167, 238, 246, 168, 245, 230, 166, 111, 254, 11, 440, 15751, 220, 169, 242, 234, 167, 252, 104, 169, 237, 120, 35975, 112, 220, 169, 247, 250, 168, 226, 109, 169, 247, 242, 167, 238, 101, 168, 245, 238, 31619, 242, 108, 167, 251, 120, 23821, 246, 223, 168, 225, 223, 23821, 254, 250, 168, 252, 239, 168, 252, 238, 167, 241, 97, 35975, 112, 23821, 246, 223, 168, 225, 223, 169, 247, 242, 47991, 254, 23821, 251, 112, 168, 243, 120, 166, 116, 108, 167, 98, 120, 23821, 249, 117, 169, 230, 108, 168, 245, 238, 168, 226, 250, 23821, 108, 122, 167, 232, 242, 23821, 251, 120, 35975, 112, 31619, 100, 236, 168, 243, 226, 168, 100, 222, 167, 102, 108, 23821, 249, 117, 169, 230, 108, 35975, 226, 23821, 249, 238, 168, 252, 239, 168, 250, 120, 167, 94, 250, 220, 47991, 250, 23821, 246, 223, 168, 225, 223, 23821, 254, 250, 168, 252, 239, 35975, 112, 31619, 235, 242, 168, 248, 109, 31619, 232, 246, 168, 244, 112, 167, 224, 250, 220, 166, 110, 225, 35975, 112, 46695, 97, 526, 198, 12, 30629, 46695, 97, 8, 220, 47991, 246, 168, 100, 222, 167, 100, 234, 23821, 251, 112, 167, 232, 242, 31619, 233, 101, 169, 236, 116, 168, 254, 223, 35975, 116, 23821, 233, 250, 166, 108, 223, 168, 245, 238, 31619, 114, 230, 166, 111, 120, 47991, 246, 46695, 97, 526, 198, 198, 20, 167, 110, 230, 25, 642, 167, 110, 230, 35975, 222, 23821, 254, 243, 46695, 113, 35975, 112, 23821, 243, 226, 46695, 230, 46695, 97, 13, 357, 168, 100, 222, 167, 105, 116, 23821, 228, 235, 220, 166, 115, 120, 166, 109, 108, 166, 108, 222, 31619, 238, 250, 31619, 105, 116, 168, 252, 98, 8, 366, 168, 249, 117, 169, 230, 108, 23821, 246, 223, 168, 225, 223, 169, 247, 242, 167, 232, 242, 23821, 251, 112, 167, 107, 116, 31619, 100, 234, 167, 241, 97, 168, 244, 112, 168, 100, 226, 23821, 252, 239, 169, 240, 230, 168, 250, 120, 167, 94, 250, 23821, 114, 242, 166, 108, 222, 23821, 230, 246, 35975, 113, 168, 250, 120, 167, 94, 250, 220, 166, 110, 121, 168, 254, 250, 168, 254, 223, 23821, 243, 230, 168, 254, 243, 35975, 226, 23821, 244, 119, 168, 250, 120, 167, 102, 112, 23821, 95, 233, 35975, 222, 23821, 249, 117, 169, 230, 108, 35975, 226, 31619, 100, 234, 167, 241, 250, 167, 232, 242, 31619, 235, 108, 23821, 254, 226, 167, 227, 238, 47991, 254, 23821, 230, 246, 23821, 252, 230, 166, 110, 234, 31619, 238, 254, 220, 166, 109, 108, 168, 243, 120, 526, 357, 167, 224, 246, 8, 31619, 108, 237, 30629, 46695, 97, 8, 23821, 249, 117, 169, 230, 108, 23821, 246, 223, 168, 225, 223, 169, 247, 242, 35975, 246, 23821, 250, 254, 169, 244, 231, 35975, 222, 23821, 246, 223, 168, 225, 223, 166, 111, 120, 23821, 249, 117, 169, 230, 108, 23821, 224, 108, 168, 245, 227, 31619, 103, 101, 167, 239, 238, 35975, 246, 23821, 230, 246, 35975, 113, 168, 226, 109, 35975, 226, 31619, 10253, 35975, 112, 167, 232, 242, 31619, 235, 108, 168, 245, 238, 167, 237, 226, 220, 166, 116, 108, 168, 245, 105, 47991, 250, 46695, 97, 526, 198, 198, 168, 113, 250, 168, 95, 227, 23821, 254, 243, 46695, 113, 25, 604]","[0.5, 0.5, 0.5, 0.5, 0.5, 0.5, 0.5, 0.5, 0.5, 0.5, 0.5, 0.5, 0.5, 0.5, 0.5, 0.5, 0.5, 0.5, 0.5, 0.5, 0.5, 0.5, 0.5, 0.5, 0.5, 0.5, 0.5, 0.5, 0.5, 0.5, 0.5, 0.5, 0.5, 0.5, 0.5, 0.5, 0.5, 0.5, 0.5, 0.5, 0.5, 0.5, 0.5, 0.5, 0.5, 0.5, 0.5, 0.5, 0.5, 0.5, 0.5, 0.5, 0.5, 0.5, 0.5, 0.5, 0.5, 0.5, 0.5, 0.5, 0.5, 0.5, 0.5, 0.5, 0.5, 0.5, 0.5, 0.5, 0.5, 0.5, 0.5, 0.5, 0.5, 0.5, 0.5, 0.5, 0.5, 0.5, 0.5, 0.5, 0.5, 0.5, 0.5, 0.5, 0.5, 0.5, 0.5, 0.5, 0.5, 0.5, 0.5, 0.5, 0.5, 0.5, 0.5, 0.5, 0.5, 0.5, 0.5, 0.5, 0.5, 0.5, 0.5, 0.5, 0.5, 0.5, 0.5, 0.5, 0.5, 0.5, 0.5, 0.5, 0.5, 0.5, 0.5, 0.5, 0.5, 0.5, 0.5, 0.5, 0.5, 0.5, 0.5, 0.5, 0.5, 0.5, 0.5, 0.5, 0.5, 0.5, 0.5, 0.5, 0.5, 0.5, 0.5, 0.5, 0.5, 0.5, 0.5, 0.5, 0.5, 0.5, 0.5, 0.5, 0.5, 0.5, 0.5, 0.5, 0.5, 0.5, 0.5, 0.5, 0.5, 0.5, 0.5, 0.5, 0.5, 0.5, 0.5, 0.5, 0.5, 0.5, 0.5, 0.5, 0.5, 0.5, 0.5, 0.5, 0.5, 0.5, 0.5, 0.5, 0.5, 0.5, 0.5, 0.5, 0.5, 0.5, 0.5, 0.5, 0.5, 0.5, 0.5, 0.5, 0.5, 0.5, 0.5, 0.5, 0.5, 0.5, 0.5, 0.5, 0.5, 0.5, 0.5, 0.5, 0.5, 0.5, 0.5, 0.5, 0.5, 0.5, 0.5, 0.5, 0.5, 0.5, 0.5, 0.5, 0.5, 0.5, 0.5, 0.5, 0.5, 0.5, 0.5, 0.5, 0.5, 0.5, 0.5, 0.5, 0.5, 0.5, 0.5, 0.5, 0.5, 0.5, 0.5, 0.5, 0.5, 0.5, 0.5, 0.5, 0.5, 0.5, 0.5, 0.5, 0.5, 0.5, 0.5, 0.5, 0.5, 0.5, 0.5, 0.5, 0.5, 0.5, 0.5, 0.5, 0.5, 0.5, 0.5, 0.5, 0.5, 0.5, 0.5, 0.5, 0.5, 0.5, 0.5, 0.5, 0.5, 0.5, 0.5, 0.5, 0.5, 0.5, 0.5, 0.5, 0.5, 0.5, 0.5, 0.5, 0.5, 0.5, 0.5, 0.5, 0.5, 0.5, 0.5, 0.5, 0.5, 0.5, 0.5, 0.5, 0.5, 0.5, 0.5, 0.5, 0.5, 0.5, 0.5, 0.5, 0.5, 0.5, 0.5, 0.5, 0.5, 0.5, 0.5, 0.5, 0.5, 0.5, 0.5, 0.5, 0.5, 0.5, 0.5, 0.5, 0.5, 0.5, 0.5, 0.5, 0.5, 0.5, 0.5, 0.5, 0.5, 0.5, 0.5, 0.5, 0.5, 0.5, 0.5, 0.5, 0.5, 0.5, 0.5, 0.5, 0.5, 0.5, 0.5, 0.5, 0.5, 0.5, 0.5, 0.5, 0.5, 0.5, 0.5, 0.5, 0.5, 0.5, 0.5, 0.5, 0.5, 0.5, 0.5, 0.5, 0.5, 0.5, 0.5, 0.5, 0.5, 0.5, 0.5, 0.5, 0.5, 0.5, 0.5, 0.5, 0.5, 0.5, 0.5, 0.5, 0.5, 0.5, 0.5, 0.5, 0.5, 0.5, 0.5, 0.5, 0.5, 0.5, 0.5, 0.5, 0.5, 0.5, 0.5, 0.5, 0.5, 0.5, 0.5, 0.5, 0.5, 0.5, 0.5, 0.5, 0.5, 0.5, 0.5, 0.5, 0.5, 0.5, 0.5, 0.5, 0.5, 0.5, 0.5, 0.5, 0.5, 0.5, 0.5, 0.5, 0.5, 0.5, 0.5, 0.5, 0.5, 0.5, 0.5, 0.5, 0.5, 0.5, 0.5, 0.5, 0.5, 0.5, 0.5, 0.5, 0.5, 0.5, 0.5, 0.5, 0.5, 0.5, 0.5, 0.5, 0.5, 0.5, 0.5, 0.5, 0.5, 0.5, 0.5, 0.5, 0.5, 0.5, 0.5, 0.5, 0.5, 0.5, 0.5, 0.5, 0.5, 0.5, 0.5, 0.5, 0.5, 0.5, 0.5, 0.5, 0.5, 0.5, 0.5, 0.5, 0.5, 0.5, 0.5, 0.5, 0.5, 0.5, 0.5, 0.5, 0.5, 0.5, 0.5, 0.5, 0.5, 0.5, 0.5, 0.5, 0.5, 0.5, 0.5, 0.5, 0.5, 0.5, 0.5, 0.5, 0.5, 0.5, 0.5, 0.5, 0.5, 0.5, 0.5, 0.5, 0.5, 0.5, 0.5, 0.5, 0.5, 0.5, 0.5, 0.5, 0.5, 0.5, 0.5, 0.5, 0.5, 0.5, 0.5, 0.5, 0.5, 0.5, 0.5, 0.5, 0.5, 0.5, 0.5, 0.5, 0.5, 0.5, 0.5, 0.5, 0.5, 0.5, 0.5, 0.5, 0.5, 0.5, 0.5, 0.5, 0.5, 0.5, 0.5, 0.5, 0.5, 0.5, 0.5, 0.5, 0.5, 0.5, 0.5, 0.5, 0.5, 0.5, 0.5, 0.5, 0.5, 0.5, 0.5, 0.5, 0.5, 0.5, 0.5, 0.5, 0.5, 0.5, 0.5, 0.5, 0.5, 0.5, 0.5, 0.5, 0.5, 0.5, 0.5, 0.5, 0.5, 0.5, 0.5, 0.5, 0.5, 0.5, 0.5, 0.5, 0.5, 0.5, 0.5, 0.5, 0.5, 0.5, 0.5, 0.5, 0.5, 0.5, 0.5, 0.5, 0.5, 0.5, 0.5, 0.5, 0.5, 0.5, 0.5, 0.5, 0.5, 0.5, 0.5, 0.5, 0.5, 0.5, 0.5, 0.5, 0.5, 0.5, 0.5, 0.5, 0.5, 0.5, 0.5, 0.5, 0.5, 0.5, 0.5, 0.5, 0.5, 0.5, 0.5, 0.5, 0.5, 0.5, 0.5, 0.5, 0.5, 0.5, 0.5, 0.5, 0.5, 0.5, 0.5, 0.5, 0.5, 0.5, 0.5, 0.5, 0.5, 0.5, 0.5, 0.5, 0.5, 0.5, 0.5, 0.5, 0.5, 0.5, 0.5, 0.5, 0.5, 0.5, 0.5, 0.5, 0.5, 0.5, 0.5, 0.5, 0.5, 0.5, 0.5, 0.5, 0.5, 0.5, 0.5, 0.5, 0.5, 0.5, 0.5, 0.5, 0.5, 0.5, 0.5, 0.5, 0.5, 0.5, 0.5, 0.5, 0.5, 0.5, 0.5, 0.5, 0.5, 0.5, 0.5, 0.5, 0.5, 0.5, 0.5, 0.5, 0.5, 0.5, 0.5, 0.5, 0.5, 0.5, 0.5, 0.5, 0.5, 0.5, 0.5, 0.5, 0.5, 0.5, 0.5, 0.5, 0.5, 0.5, 0.5, 0.5, 0.5, 0.5, 0.5, 0.5, 0.5, 0.5, 0.5, 0.5, 0.5, 0.5, 0.5, 0.5, 0.5, 0.5, 0.5, 0.5, 0.5, 0.5, 0.5, 0.5, 0.5, 0.5, 0.5, 0.5, 0.5, 0.5, 0.5, 0.5, 0.5, 0.5, 0.5, 0.5, 0.5, 0.5, 0.5, 0.5, 0.5, 0.5, 0.5, 0.5, 0.5, 0.5, 0.5, 0.5, 0.5, 0.5, 0.5, 0.5, 0.5, 0.5, 0.5, 0.5, 0.5, 0.5, 0.5, 0.5, 0.5, 0.5, 0.5, 0.5, 0.5, 0.5, 0.5, 0.5, 0.5, 0.5, 0.5, 0.5, 0.5, 0.5, 0.5, 0.5, 0.5, 0.5, 0.5, 0.5, 0.5, 0.5, 0.5, 0.5, 0.5, 0.5, 0.5, 0.5, 0.5, 0.5, 0.5, 0.5, 0.5, 0.5, 0.5, 0.5, 0.5, 0.5, 0.5, 0.5, 0.5, 0.5, 0.5, 0.5, 0.5, 0.5, 0.5, 0.5, 0.5, 0.5, 0.5, 0.5, 0.5, 0.5, 0.5, 0.5, 0.5, 0.5, 0.5, 0.5, 0.5, 0.5, 0.5, 0.5, 0.5, 0.5, 0.5, 0.5, 0.5, 0.5, 0.5, 0.5, 0.5, 0.5, 0.5, 0.5, 0.5, 0.5, 0.5, 0.5, 0.5, 0.5, 0.5, 0.5, 0.5, 0.5, 0.5, 0.5, 0.5, 0.5, 0.5, 0.5, 0.5, 0.5, 0.5, 0.5, 0.5, 0.5, 0.5, 0.5, 0.5, 0.5, 0.5, 0.5, 0.5, 0.5, 0.5, 0.5, 0.5, 0.5, 0.5, 0.5, 0.5, 0.5, 0.5, 0.5, 0.5, 0.5, 0.5, 0.5, 0.5, 0.5, 0.5, 0.5, 0.5, 0.5, 0.5, 0.5, 0.5, 0.5, 0.5, 0.5, 0.5, 0.5, 0.5, 0.5, 0.5, 0.5, 0.5, 0.5, 0.5, 0.5, 0.5, 0.5, 0.5, 0.5, 0.5, 0.5, 0.5, 0.5, 0.5, 0.5, 0.5, 0.5, 0.5, 0.5, 0.5, 0.5, 0.5, 0.5, 0.5, 0.5, 0.5, 0.5, 0.5, 0.5, 0.5, 0.5, 0.5, 0.5, 0.5, 0.5, 0.5, 0.5, 0.5, 0.5, 0.5, 0.5, 0.5, 0.5, 0.5, 0.5, 0.5, 0.5, 0.5, 0.5, 0.5, 0.5, 0.5, 0.5, 0.5, 0.5, 0.5, 0.5, 0.5, 0.5, 0.5, 0.5, 0.5, 0.5, 0.5, 0.5, 0.5, 0.5, 0.5, 0.5, 0.5, 0.5, 0.5, 0.5, 0.5, 0.5, 0.5, 0.5, 0.5, 0.5, 0.5, 0.5, 0.5, 0.5, 0.5, 0.5, 0.5, 0.5, 0.5, 0.5, 0.5, 0.5, 0.5, 0.5, 0.5, 0.5, 0.5, 0.5, 0.5, 0.5, 0.5, 0.5, 0.5, 0.5, 0.5, 0.5, 0.5, 0.5, 0.5, 0.5, 0.5, 0.5, 0.5, 0.5, 0.5, 0.5, 0.5, 0.5, 0.5, 0.5, 0.5, 0.5, 0.5, 0.5, 0.5, 0.5, 0.5, 0.5, 0.5, 0.5, 0.5, 0.5, 0.5, 0.5, 0.5, 0.5, 0.5, 0.5, 0.5, 0.5, 0.5, 0.5, 0.5, 0.5, 0.5, 0.5, 0.5, 0.5, 0.5, 0.5, 0.5, 0.5, 0.5, 0.5, 0.5, 0.5, 0.5, 0.5, 0.5, 0.5, 0.5, 0.5, 0.5, 0.5, 0.5, 0.5, 0.5, 0.5, 0.5, 0.5, 0.5, 0.5, 0.5, 0.5, 0.5, 0.5, 0.5, 0.5, 0.5, 0.5, 0.5, 0.5, 0.5, 0.5, 0.5, 0.5, 0.5, 0.5, 0.5, 0.5, 0.5, 0.5, 0.5, 0.5, 0.5, 0.5, 0.5, 0.5, 0.5, 0.5, 0.5, 0.5, 0.5, 0.5, 0.5, 0.5, 0.5, 0.5, 0.5, 0.5, 0.5, 0.5, 0.5, 0.5, 0.5, 0.5, 0.5, 0.5, 0.5, 0.5, 0.5, 0.5, 0.5, 0.5, 0.5, 0.5, 0.5, 0.5, 0.5, 0.5, 0.5, 0.5, 0.5, 0.5, 0.5, 0.5, 0.5, 0.5, 0.5, 0.5, 0.5, 0.5, 0.5, 0.5, 0.5, 0.5, 0.5, 0.5, 0.5, 0.5, 0.5, 0.5, 0.5, 0.5, 0.5, 0.5, 0.5, 0.5, 0.5, 0.5, 0.5, 0.5, 0.5, 0.5, 0.5, 0.5, 0.5, 0.5, 0.5, 0.5, 0.5, 0.5, 0.5, 0.5, 0.5, 0.5, 0.5, 0.5, 0.5, 0.5, 0.5, 0.5, 0.5, 0.5, 0.5, 0.5, 0.5, 0.5, 0.5, 0.5, 0.5, 0.5, 0.5, 0.5, 0.5, 0.5, 0.5, 0.5, 0.5, 0.5, 0.5, 0.5, 0.5, 0.5, 0.5, 0.5, 0.5, 0.5, 0.5, 0.5, 0.5, 0.5, 0.5, 0.5, 0.5, 0.5, 0.5, 0.5, 0.5, 0.5, 0.5, 0.5, 0.5, 0.5, 0.5, 0.5, 0.5, 0.5, 0.5, 0.5, 0.5, 0.5, 0.5, 0.5, 0.5, 0.5, 0.5]",0
2026_11_KICE_38-42_3,['4(2)'],"1번: 부적절함 + ""(다)에서는 영상 제작의 측면에서는 기존에 상상하지 못했던 새로운 내용이나 장르를 웹툰으로부터 공급받아 영상을 다양화할 수 있는 것은 물론, 제작 기법상에도 새로운 시도들이 촉발된다.""

2번: 부적절함 + ""(다) 이들 중에는 전 세계 시청 순위 1위를 한 작품이 있을 정도로 국내뿐 아니라 해외에서까지 인기를 얻는 경우도 많다.""

3번: 부적절함 + ""웹툰 산업에서는 이미 완성된 작품을 영화와 같은 2차 저작물로 파생시켜 추가적인 수익을 거둘 수 있다.""

4번: 적절함 + ""(다)에서 영상 제작의 측면과 웹툰 창작의 측면을 구분하여 서술하고, '웹툰 영상화의 유행은 영상과 웹툰 산업 모두의 수익성을 높이는 데에도 기여한다.'는 등의 내용을 통해 산업별 영향을 제시한다. 예시: '오히려 영상 제작의 측면에서는 ...', '더불어, 웹툰 창작의 측면에서는 ...', '웹툰 영상화의 유행은 영상과 웹툰 산업 모두의 수익성을 높이는 데에도 기여한다.'""

5번: 부적절함 + ""제작 기법상에도 새로운 시도들이 촉발된다."" (다)에서 제작 기법의 특징을 구체적으로 분석하기보다는 일반적인 서술에 그친다는 점을 근거로 제시

최종 정답: 4","[16, 167, 110, 230, 25, 31619, 114, 222, 168, 254, 223, 168, 254, 230, 47991, 101, 1343, 30629, 46695, 97, 8, 168, 245, 238, 168, 226, 250, 167, 232, 242, 23821, 246, 223, 168, 225, 223, 23821, 254, 250, 168, 252, 239, 35975, 246, 23821, 116, 94, 167, 102, 112, 168, 245, 238, 168, 226, 250, 167, 232, 242, 220, 166, 116, 108, 168, 94, 112, 168, 245, 238, 23821, 225, 223, 168, 225, 223, 47991, 246, 168, 100, 222, 31619, 103, 119, 169, 244, 230, 167, 235, 246, 23821, 225, 230, 167, 94, 250, 168, 248, 112, 31619, 224, 112, 168, 248, 102, 35975, 112, 167, 224, 246, 23821, 252, 98, 167, 98, 112, 167, 98, 120, 23821, 249, 117, 169, 230, 108, 168, 250, 120, 167, 94, 250, 167, 114, 222, 169, 226, 108, 220, 166, 111, 113, 166, 116, 231, 167, 108, 249, 168, 243, 226, 23821, 246, 223, 168, 225, 223, 35975, 226, 31619, 233, 97, 168, 244, 239, 169, 247, 242, 47991, 254, 23821, 230, 246, 23821, 252, 230, 167, 232, 242, 220, 166, 110, 225, 35975, 222, 31619, 45539, 167, 94, 254, 11, 23821, 254, 250, 168, 252, 239, 220, 166, 116, 108, 167, 110, 243, 168, 225, 223, 168, 245, 238, 167, 237, 226, 23821, 225, 230, 167, 94, 250, 168, 248, 112, 23821, 233, 250, 167, 237, 226, 167, 241, 97, 35975, 112, 23821, 112, 231, 167, 108, 250, 167, 238, 250, 46695, 97, 526, 198, 198, 17, 167, 110, 230, 25, 31619, 114, 222, 168, 254, 223, 168, 254, 230, 47991, 101, 1343, 30629, 46695, 97, 8, 23821, 251, 112, 167, 241, 97, 23821, 97, 239, 168, 245, 238, 167, 232, 242, 23821, 254, 226, 23821, 226, 116, 166, 111, 226, 23821, 233, 250, 168, 110, 255, 23821, 230, 250, 168, 250, 226, 352, 168, 250, 226, 167, 98, 120, 220, 47991, 250, 23821, 252, 239, 169, 240, 230, 35975, 112, 23821, 252, 230, 35975, 226, 23821, 254, 243, 167, 237, 226, 167, 94, 250, 220, 166, 113, 255, 167, 224, 112, 167, 123, 238, 23821, 243, 226, 46695, 230, 167, 251, 120, 220, 47991, 112, 168, 247, 116, 168, 245, 238, 168, 226, 250, 166, 117, 234, 168, 100, 222, 23821, 251, 116, 166, 116, 108, 167, 98, 120, 23821, 244, 119, 167, 232, 242, 220, 166, 110, 121, 168, 248, 108, 167, 237, 226, 31619, 100, 236, 46695, 97, 526, 198, 198, 18, 167, 110, 230, 25, 31619, 114, 222, 168, 254, 223, 168, 254, 230, 47991, 101, 1343, 366, 168, 249, 117, 169, 230, 108, 23821, 224, 108, 168, 245, 227, 168, 245, 238, 168, 226, 250, 167, 232, 242, 23821, 251, 112, 167, 107, 116, 23821, 247, 226, 168, 226, 109, 167, 238, 250, 23821, 252, 239, 169, 240, 230, 35975, 226, 23821, 246, 223, 169, 247, 242, 168, 247, 222, 220, 166, 108, 247, 35975, 222, 362, 168, 108, 101, 23821, 254, 222, 168, 252, 239, 167, 45539, 167, 94, 250, 220, 169, 234, 234, 168, 225, 251, 168, 233, 250, 168, 120, 250, 23821, 114, 242, 166, 108, 222, 168, 254, 223, 35975, 116, 23821, 230, 246, 35975, 113, 35975, 226, 220, 166, 109, 108, 167, 239, 246, 23821, 230, 246, 23821, 252, 230, 46695, 97, 526, 198, 198, 19, 167, 110, 230, 25, 23821, 254, 223, 168, 254, 230, 47991, 101, 1343, 30629, 46695, 97, 8, 168, 245, 238, 168, 226, 250, 23821, 246, 223, 168, 225, 223, 23821, 254, 250, 168, 252, 239, 35975, 246, 23821, 116, 94, 167, 102, 112, 166, 111, 120, 23821, 249, 117, 169, 230, 108, 23821, 108, 121, 168, 252, 239, 35975, 246, 23821, 116, 94, 167, 102, 112, 35975, 226, 220, 166, 113, 105, 167, 114, 226, 47991, 246, 168, 245, 105, 23821, 226, 250, 168, 230, 254, 47991, 246, 166, 111, 254, 11, 705, 168, 249, 117, 169, 230, 108, 23821, 246, 223, 168, 225, 223, 169, 247, 242, 35975, 246, 23821, 250, 254, 169, 244, 231, 35975, 222, 23821, 246, 223, 168, 225, 223, 166, 111, 120, 23821, 249, 117, 169, 230, 108, 23821, 224, 108, 168, 245, 227, 31619, 103, 101, 167, 239, 238, 35975, 246, 23821, 230, 246, 35975, 113, 168, 226, 109, 35975, 226, 31619, 10253, 35975, 112, 167, 232, 242, 31619, 235, 108, 168, 245, 238, 167, 237, 226, 220, 166, 116, 108, 168, 245, 105, 47991, 250, 46695, 97, 2637, 167, 232, 242, 31619, 241, 109, 35975, 246, 31619, 224, 112, 168, 248, 102, 35975, 226, 220, 169, 228, 113, 47991, 112, 23821, 224, 108, 168, 245, 227, 167, 111, 226, 23821, 246, 223, 169, 244, 98, 35975, 226, 23821, 254, 250, 168, 233, 250, 47991, 250, 46695, 97, 13, 23821, 246, 230, 168, 233, 250, 25, 705, 168, 246, 97, 169, 252, 230, 167, 254, 97, 23821, 246, 223, 168, 225, 223, 23821, 254, 250, 168, 252, 239, 35975, 246, 23821, 116, 94, 167, 102, 112, 168, 245, 238, 168, 226, 250, 167, 232, 242, 2644, 3256, 705, 167, 235, 242, 167, 114, 230, 168, 244, 112, 11, 23821, 249, 117, 169, 230, 108, 23821, 108, 121, 168, 252, 239, 35975, 246, 23821, 116, 94, 167, 102, 112, 168, 245, 238, 168, 226, 250, 167, 232, 242, 2644, 3256, 705, 168, 249, 117, 169, 230, 108, 23821, 246, 223, 168, 225, 223, 169, 247, 242, 35975, 246, 23821, 250, 254, 169, 244, 231, 35975, 222, 23821, 246, 223, 168, 225, 223, 166, 111, 120, 23821, 249, 117, 169, 230, 108, 23821, 224, 108, 168, 245, 227, 31619, 103, 101, 167, 239, 238, 35975, 246, 23821, 230, 246, 35975, 113, 168, 226, 109, 35975, 226, 31619, 10253, 35975, 112, 167, 232, 242, 31619, 235, 108, 168, 245, 238, 167, 237, 226, 220, 166, 116, 108, 168, 245, 105, 47991, 250, 46695, 97, 11496, 198, 198, 20, 167, 110, 230, 25, 31619, 114, 222, 168, 254, 223, 168, 254, 230, 47991, 101, 1343, 366, 168, 254, 250, 168, 252, 239, 220, 166, 116, 108, 167, 110, 243, 168, 225, 223, 168, 245, 238, 167, 237, 226, 23821, 225, 230, 167, 94, 250, 168, 248, 112, 23821, 233, 250, 167, 237, 226, 167, 241, 97, 35975, 112, 23821, 112, 231, 167, 108, 250, 167, 238, 250, 46695, 97, 526, 357, 46695, 97, 8, 168, 245, 238, 168, 226, 250, 23821, 254, 250, 168, 252, 239, 220, 166, 116, 108, 167, 110, 243, 35975, 246, 220, 169, 232, 117, 168, 100, 243, 35975, 226, 220, 166, 113, 105, 168, 110, 112, 168, 254, 223, 168, 250, 120, 167, 94, 250, 31619, 114, 226, 168, 226, 251, 47991, 246, 166, 116, 108, 167, 111, 112, 46695, 97, 167, 232, 242, 23821, 251, 120, 167, 108, 246, 168, 254, 223, 35975, 116, 23821, 226, 250, 168, 230, 254, 168, 245, 238, 220, 166, 115, 116, 168, 117, 250, 46695, 97, 167, 232, 242, 23821, 254, 238, 35975, 226, 220, 166, 115, 120, 166, 109, 108, 167, 94, 250, 23821, 254, 250, 168, 233, 250, 198, 198, 168, 113, 250, 168, 95, 227, 23821, 254, 243, 46695, 113, 25, 604]","[0.5, 0.5, 0.5, 0.5, 0.5, 0.5, 0.5, 0.5, 0.5, 0.5, 0.5, 0.5, 0.5, 0.5, 0.5, 0.5, 0.5, 0.5, 0.5, 0.5, 0.5, 0.5, 0.5, 0.5, 0.5, 0.5, 0.5, 0.5, 0.5, 0.5, 0.5, 0.5, 0.5, 0.5, 0.5, 0.5, 0.5, 0.5, 0.5, 0.5, 0.5, 0.5, 0.5, 0.5, 0.5, 0.5, 0.5, 0.5, 0.5, 0.5, 0.5, 0.5, 0.5, 0.5, 0.5, 0.5, 0.5, 0.5, 0.5, 0.5, 0.5, 0.5, 0.5, 0.5, 0.5, 0.5, 0.5, 0.5, 0.5, 0.5, 0.5, 0.5, 0.5, 0.5, 0.5, 0.5, 0.5, 0.5, 0.5, 0.5, 0.5, 0.5, 0.5, 0.5, 0.5, 0.5, 0.5, 0.5, 0.5, 0.5, 0.5, 0.5, 0.5, 0.5, 0.5, 0.5, 0.5, 0.5, 0.5, 0.5, 0.5, 0.5, 0.5, 0.5, 0.5, 0.5, 0.5, 0.5, 0.5, 0.5, 0.5, 0.5, 0.5, 0.5, 0.5, 0.5, 0.5, 0.5, 0.5, 0.5, 0.5, 0.5, 0.5, 0.5, 0.5, 0.5, 0.5, 0.5, 0.5, 0.5, 0.5, 0.5, 0.5, 0.5, 0.5, 0.5, 0.5, 0.5, 0.5, 0.5, 0.5, 0.5, 0.5, 0.5, 0.5, 0.5, 0.5, 0.5, 0.5, 0.5, 0.5, 0.5, 0.5, 0.5, 0.5, 0.5, 0.5, 0.5, 0.5, 0.5, 0.5, 0.5, 0.5, 0.5, 0.5, 0.5, 0.5, 0.5, 0.5, 0.5, 0.5, 0.5, 0.5, 0.5, 0.5, 0.5, 0.5, 0.5, 0.5, 0.5, 0.5, 0.5, 0.5, 0.5, 0.5, 0.5, 0.5, 0.5, 0.5, 0.5, 0.5, 0.5, 0.5, 0.5, 0.5, 0.5, 0.5, 0.5, 0.5, 0.5, 0.5, 0.5, 0.5, 0.5, 0.5, 0.5, 0.5, 0.5, 0.5, 0.5, 0.5, 0.5, 0.5, 0.5, 0.5, 0.5, 0.5, 0.5, 0.5, 0.5, 0.5, 0.5, 0.5, 0.5, 0.5, 0.5, 0.5, 0.5, 0.5, 0.5, 0.5, 0.5, 0.5, 0.5, 0.5, 0.5, 0.5, 0.5, 0.5, 0.5, 0.5, 0.5, 0.5, 0.5, 0.5, 0.5, 0.5, 0.5, 0.5, 0.5, 0.5, 0.5, 0.5, 0.5, 0.5, 0.5, 0.5, 0.5, 0.5, 0.5, 0.5, 0.5, 0.5, 0.5, 0.5, 0.5, 0.5, 0.5, 0.5, 0.5, 0.5, 0.5, 0.5, 0.5, 0.5, 0.5, 0.5, 0.5, 0.5, 0.5, 0.5, 0.5, 0.5, 0.5, 0.5, 0.5, 0.5, 0.5, 0.5, 0.5, 0.5, 0.5, 0.5, 0.5, 0.5, 0.5, 0.5, 0.5, 0.5, 0.5, 0.5, 0.5, 0.5, 0.5, 0.5, 0.5, 0.5, 0.5, 0.5, 0.5, 0.5, 0.5, 0.5, 0.5, 0.5, 0.5, 0.5, 0.5, 0.5, 0.5, 0.5, 0.5, 0.5, 0.5, 0.5, 0.5, 0.5, 0.5, 0.5, 0.5, 0.5, 0.5, 0.5, 0.5, 0.5, 0.5, 0.5, 0.5, 0.5, 0.5, 0.5, 0.5, 0.5, 0.5, 0.5, 0.5, 0.5, 0.5, 0.5, 0.5, 0.5, 0.5, 0.5, 0.5, 0.5, 0.5, 0.5, 0.5, 0.5, 0.5, 0.5, 0.5, 0.5, 0.5, 0.5, 0.5, 0.5, 0.5, 0.5, 0.5, 0.5, 0.5, 0.5, 0.5, 0.5, 0.5, 0.5, 0.5, 0.5, 0.5, 0.5, 0.5, 0.5, 0.5, 0.5, 0.5, 0.5, 0.5, 0.5, 0.5, 0.5, 0.5, 0.5, 0.5, 0.5, 0.5, 0.5, 0.5, 0.5, 0.5, 0.5, 0.5, 0.5, 0.5, 0.5, 0.5, 0.5, 0.5, 0.5, 0.5, 0.5, 0.5, 0.5, 0.5, 0.5, 0.5, 0.5, 0.5, 0.5, 0.5, 0.5, 0.5, 0.5, 0.5, 0.5, 0.5, 0.5, 0.5, 0.5, 0.5, 0.5, 0.5, 0.5, 0.5, 0.5, 0.5, 0.5, 0.5, 0.5, 0.5, 0.5, 0.5, 0.5, 0.5, 0.5, 0.5, 0.5, 0.5, 0.5, 0.5, 0.5, 0.5, 0.5, 0.5, 0.5, 0.5, 0.5, 0.5, 0.5, 0.5, 0.5, 0.5, 0.5, 0.5, 0.5, 0.5, 0.5, 0.5, 0.5, 0.5, 0.5, 0.5, 0.5, 0.5, 0.5, 0.5, 0.5, 0.5, 0.5, 0.5, 0.5, 0.5, 0.5, 0.5, 0.5, 0.5, 0.5, 0.5, 0.5, 0.5, 0.5, 0.5, 0.5, 0.5, 0.5, 0.5, 0.5, 0.5, 0.5, 0.5, 0.5, 0.5, 0.5, 0.5, 0.5, 0.5, 0.5, 0.5, 0.5, 0.5, 0.5, 0.5, 0.5, 0.5, 0.5, 0.5, 0.5, 0.5, 0.5, 0.5, 0.5, 0.5, 0.5, 0.5, 0.5, 0.5, 0.5, 0.5, 0.5, 0.5, 0.5, 0.5, 0.5, 0.5, 0.5, 0.5, 0.5, 0.5, 0.5, 0.5, 0.5, 0.5, 0.5, 0.5, 0.5, 0.5, 0.5, 0.5, 0.5, 0.5, 0.5, 0.5, 0.5, 0.5, 0.5, 0.5, 0.5, 0.5, 0.5, 0.5, 0.5, 0.5, 0.5, 0.5, 0.5, 0.5, 0.5, 0.5, 0.5, 0.5, 0.5, 0.5, 0.5, 0.5, 0.5, 0.5, 0.5, 0.5, 0.5, 0.5, 0.5, 0.5, 0.5, 0.5, 0.5, 0.5, 0.5, 0.5, 0.5, 0.5, 0.5, 0.5, 0.5, 0.5, 0.5, 0.5, 0.5, 0.5, 0.5, 0.5, 0.5, 0.5, 0.5, 0.5, 0.5, 0.5, 0.5, 0.5, 0.5, 0.5, 0.5, 0.5, 0.5, 0.5, 0.5, 0.5, 0.5, 0.5, 0.5, 0.5, 0.5, 0.5, 0.5, 0.5, 0.5, 0.5, 0.5, 0.5, 0.5, 0.5, 0.5, 0.5, 0.5, 0.5, 0.5, 0.5, 0.5, 0.5, 0.5, 0.5, 0.5, 0.5, 0.5, 0.5, 0.5, 0.5, 0.5, 0.5, 0.5, 0.5, 0.5, 0.5, 0.5, 0.5, 0.5, 0.5, 0.5, 0.5, 0.5, 0.5, 0.5, 0.5, 0.5, 0.5, 0.5, 0.5, 0.5, 0.5, 0.5, 0.5, 0.5, 0.5, 0.5, 0.5, 0.5, 0.5, 0.5, 0.5, 0.5, 0.5, 0.5, 0.5, 0.5, 0.5, 0.5, 0.5, 0.5, 0.5, 0.5, 0.5, 0.5, 0.5, 0.5, 0.5, 0.5, 0.5, 0.5, 0.5, 0.5, 0.5, 0.5, 0.5, 0.5, 0.5, 0.5, 0.5, 0.5, 0.5, 0.5, 0.5, 0.5, 0.5, 0.5, 0.5, 0.5, 0.5, 0.5, 0.5, 0.5, 0.5, 0.5, 0.5, 0.5, 0.5, 0.5, 0.5, 0.5, 0.5, 0.5, 0.5, 0.5, 0.5, 0.5, 0.5, 0.5, 0.5, 0.5, 0.5, 0.5, 0.5, 0.5, 0.5, 0.5, 0.5, 0.5, 0.5, 0.5, 0.5, 0.5, 0.5, 0.5, 0.5, 0.5, 0.5, 0.5, 0.5, 0.5, 0.5, 0.5, 0.5, 0.5, 0.5, 0.5, 0.5, 0.5, 0.5, 0.5, 0.5, 0.5, 0.5, 0.5, 0.5, 0.5, 0.5, 0.5, 0.5, 0.5, 0.5, 0.5, 0.5, 0.5, 0.5, 0.5, 0.5, 0.5, 0.5, 0.5, 0.5, 0.5, 0.5, 0.5, 0.5, 0.5, 0.5, 0.5, 0.5, 0.5, 0.5, 0.5, 0.5, 0.5, 0.5, 0.5, 0.5, 0.5, 0.5, 0.5, 0.5, 0.5, 0.5, 0.5, 0.5, 0.5, 0.5, 0.5, 0.5, 0.5, 0.5, 0.5, 0.5, 0.5, 0.5, 0.5, 0.5, 0.5, 0.5, 0.5, 0.5, 0.5, 0.5, 0.5, 0.5, 0.5, 0.5, 0.5, 0.5, 0.5, 0.5, 0.5, 0.5, 0.5, 0.5, 0.5, 0.5, 0.5, 0.5, 0.5, 0.5, 0.5, 0.5, 0.5, 0.5, 0.5, 0.5, 0.5, 0.5, 0.5, 0.5, 0.5, 0.5, 0.5, 0.5, 0.5, 0.5, 0.5, 0.5, 0.5, 0.5, 0.5, 0.5, 0.5, 0.5, 0.5, 0.5, 0.5, 0.5, 0.5, 0.5, 0.5, 0.5, 0.5, 0.5, 0.5, 0.5, 0.5, 0.5, 0.5, 0.5, 0.5, 0.5, 0.5, 0.5, 0.5, 0.5, 0.5, 0.5, 0.5, 0.5, 0.5, 0.5, 0.5, 0.5, 0.5, 0.5, 0.5, 0.5, 0.5, 0.5, 0.5, 0.5, 0.5, 0.5, 0.5, 0.5, 0.5, 0.5, 0.5, 0.5, 0.5, 0.5, 0.5, 0.5, 0.5, 0.5, 0.5, 0.5, 0.5, 0.5, 0.5, 0.5, 0.5, 0.5, 0.5, 0.5, 0.5, 0.5, 0.5, 0.5, 0.5, 0.5, 0.5, 0.5, 0.5, 0.5, 0.5, 0.5, 0.5, 0.5, 0.5, 0.5, 0.5, 0.5, 0.5, 0.5, 0.5, 0.5, 0.5, 0.5, 0.5, 0.5, 0.5, 0.5, 0.5, 0.5, 0.5, 0.5, 0.5, 0.5, 0.5, 0.5, 0.5, 0.5, 0.5, 0.5, 0.5, 0.5, 0.5, 0.5, 0.5, 0.5, 0.5, 0.5, 0.5, 0.5, 0.5, 0.5, 0.5, 0.5, 0.5, 0.5, 0.5, 0.5, 0.5, 0.5, 0.5, 0.5, 0.5, 0.5, 0.5, 0.5, 0.5, 0.5, 0.5, 0.5, 0.5, 0.5, 0.5, 0.5, 0.5, 0.5, 0.5, 0.5, 0.5, 0.5, 0.5, 0.5, 0.5, 0.5, 0.5, 0.5, 0.5, 0.5, 0.5, 0.5, 0.5, 0.5, 0.5, 0.5, 0.5, 0.5, 0.5, 0.5, 0.5, 0.5, 0.5, 0.5, 0.5, 0.5, 0.5, 0.5, 0.5, 0.5, 0.5, 0.5, 0.5, 0.5, 0.5, 0.5, 0.5, 0.5, 0.5, 0.5, 0.5, 0.5, 0.5, 0.5, 0.5, 0.5, 0.5, 0.5, 0.5, 0.5, 0.5, 0.5, 0.5, 0.5, 0.5, 0.5, 0.5, 0.5, 0.5, 0.5, 0.5, 0.5, 0.5, 0.5, 0.5, 0.5, 0.5, 0.5, 0.5, 0.5, 0.5, 0.5, 0.5, 0.5, 0.5, 0.5, 0.5, 0.5, 0.5, 0.5, 0.5, 0.5, 0.5, 0.5, 0.5, 0.5, 0.5, 0.5, 0.5, 0.5, 0.5, 0.5, 0.5, 0.5, 0.5, 0.5, 0.5, 0.5, 0.5, 0.5, 0.5, 0.5, 0.5, 0.5, 0.5, 0.5, 0.5, 0.5, 0.5, 0.5, 0.5, 0.5, 0.5, 0.5, 0.5, 0.5, 0.5, 0.5, 0.5, 0.5, 0.5, 0.5, 0.5, 0.5, 0.5, 0.5, 0.5, 0.5, 0.5, 0.5, 0.5, 0.5, 0.5, 0.5, 0.5, 0.5, 0.5, 0.5, 0.5, 0.5, 0.5, 0.5, 0.5, 0.5, 0.5, 0.5, 0.5, 0.5, 0.5, 0.5, 0.5, 0.5, 0.5, 0.5, 0.5, 0.5, 0.5, 0.5, 0.5, 0.5, 0.5, 0.5]",2
2026_11_KICE_38-42_4,['4(2)'],"1번: 적절하다 + ""(초고) 간혹 흥행에 실패한 경우도 있지만 이는 소수에 불과했다.""
2번: 적절하지 않다 + ""(다) 웹툰 영상화 유행 현상은 우리 콘텐츠 시장의 흐름 중 하나가 되었다."" (초고에도 같은 내용이 있지만 위치가 바뀌었다는 점을 반영)
3번: 적절하다 + ""(다) 웹툰 영상화 유행 현상은 우리 콘텐츠 산업을 풍요롭게 만들므로 긍정적으로 보아야 한다.""
4번: 적절하다 + ""(다) 질 좋은 웹툰 창작과 창의적 각색을 위한 노력이 필요하다.""
5번: 적절하다 + ""(다) 세계 속 한국 콘텐츠의 위상은 나날이 높아질 것이다.""

최종 정답: 2","[16, 167, 110, 230, 25, 23821, 254, 223, 168, 254, 230, 47991, 246, 46695, 97, 1343, 30629, 168, 112, 230, 166, 111, 254, 8, 220, 166, 108, 226, 169, 246, 117, 220, 169, 251, 98, 169, 244, 231, 168, 245, 238, 23821, 233, 97, 169, 234, 101, 47991, 250, 220, 166, 110, 121, 168, 248, 108, 167, 237, 226, 23821, 252, 230, 168, 100, 222, 167, 100, 234, 23821, 251, 112, 167, 232, 242, 23821, 228, 234, 168, 230, 246, 168, 245, 238, 31619, 114, 230, 166, 111, 120, 169, 244, 230, 46695, 97, 526, 198, 17, 167, 110, 230, 25, 23821, 254, 223, 168, 254, 230, 47991, 246, 168, 100, 222, 23821, 243, 232, 46695, 97, 1343, 30629, 46695, 97, 8, 23821, 249, 117, 169, 230, 108, 23821, 246, 223, 168, 225, 223, 169, 247, 242, 23821, 250, 254, 169, 244, 231, 220, 169, 246, 226, 168, 225, 223, 35975, 222, 23821, 248, 108, 167, 99, 105, 23821, 121, 246, 169, 227, 238, 168, 116, 254, 23821, 233, 250, 168, 252, 98, 35975, 246, 220, 169, 251, 238, 167, 99, 226, 23821, 97, 239, 220, 47991, 246, 167, 224, 246, 166, 108, 222, 31619, 238, 246, 168, 245, 230, 46695, 97, 526, 357, 168, 112, 230, 166, 111, 254, 168, 245, 238, 167, 237, 226, 220, 166, 108, 247, 35975, 222, 31619, 224, 112, 168, 248, 102, 35975, 112, 23821, 252, 230, 168, 100, 222, 167, 100, 234, 23821, 250, 226, 168, 117, 246, 166, 108, 222, 31619, 108, 242, 167, 222, 234, 168, 245, 230, 46695, 97, 167, 232, 242, 23821, 254, 238, 35975, 226, 31619, 108, 246, 168, 246, 223, 8, 198, 18, 167, 110, 230, 25, 23821, 254, 223, 168, 254, 230, 47991, 246, 46695, 97, 1343, 30629, 46695, 97, 8, 23821, 249, 117, 169, 230, 108, 23821, 246, 223, 168, 225, 223, 169, 247, 242, 23821, 250, 254, 169, 244, 231, 220, 169, 246, 226, 168, 225, 223, 35975, 222, 23821, 248, 108, 167, 99, 105, 23821, 121, 246, 169, 227, 238, 168, 116, 254, 23821, 224, 108, 168, 245, 227, 35975, 226, 220, 169, 240, 235, 168, 248, 242, 167, 94, 255, 166, 110, 234, 31619, 100, 234, 167, 241, 97, 167, 107, 222, 167, 94, 250, 220, 166, 116, 235, 168, 254, 243, 168, 254, 223, 168, 250, 120, 167, 94, 250, 31619, 111, 112, 168, 243, 226, 168, 243, 120, 220, 47991, 250, 46695, 97, 526, 198, 19, 167, 110, 230, 25, 23821, 254, 223, 168, 254, 230, 47991, 246, 46695, 97, 1343, 30629, 46695, 97, 8, 23821, 100, 230, 23821, 95, 233, 35975, 222, 23821, 249, 117, 169, 230, 108, 23821, 108, 121, 168, 252, 239, 166, 111, 120, 23821, 108, 121, 35975, 246, 168, 254, 223, 220, 166, 108, 223, 168, 225, 231, 35975, 226, 23821, 250, 226, 47991, 250, 31619, 227, 116, 167, 254, 98, 35975, 112, 220, 47991, 226, 168, 248, 242, 47991, 246, 46695, 97, 526, 198, 20, 167, 110, 230, 25, 23821, 254, 223, 168, 254, 230, 47991, 246, 46695, 97, 1343, 30629, 46695, 97, 8, 23821, 226, 116, 166, 111, 226, 23821, 228, 235, 220, 47991, 250, 166, 113, 255, 23821, 121, 246, 169, 227, 238, 168, 116, 254, 35975, 246, 23821, 250, 226, 168, 225, 223, 35975, 222, 31619, 224, 246, 167, 224, 254, 35975, 112, 31619, 10253, 168, 243, 226, 168, 100, 230, 220, 166, 110, 225, 35975, 112, 46695, 97, 526, 198, 198, 168, 113, 250, 168, 95, 227, 23821, 254, 243, 46695, 113, 25, 362]","[0.5, 0.5, 0.5, 0.5, 0.5, 0.5, 0.5, 0.5, 0.5, 0.5, 0.5, 0.5, 0.5, 0.5, 0.5, 0.5, 0.5, 0.5, 0.5, 0.5, 0.5, 0.5, 0.5, 0.5, 0.5, 0.5, 0.5, 0.5, 0.5, 0.5, 0.5, 0.5, 0.5, 0.5, 0.5, 0.5, 0.5, 0.5, 0.5, 0.5, 0.5, 0.5, 0.5, 0.5, 0.5, 0.5, 0.5, 0.5, 0.5, 0.5, 0.5, 0.5, 0.5, 0.5, 0.5, 0.5, 0.5, 0.5, 0.5, 0.5, 0.5, 0.5, 0.5, 0.5, 0.5, 0.5, 0.5, 0.5, 0.5, 0.5, 0.5, 0.5, 0.5, 0.5, 0.5, 0.5, 0.5, 0.5, 0.5, 0.5, 0.5, 0.5, 0.5, 0.5, 0.5, 0.5, 0.5, 0.5, 0.5, 0.5, 0.5, 0.5, 0.5, 0.5, 0.5, 0.5, 0.5, 0.5, 0.5, 0.5, 0.5, 0.5, 0.5, 0.5, 0.5, 0.5, 0.5, 0.5, 0.5, 0.5, 0.5, 0.5, 0.5, 0.5, 0.5, 0.5, 0.5, 0.5, 0.5, 0.5, 0.5, 0.5, 0.5, 0.5, 0.5, 0.5, 0.5, 0.5, 0.5, 0.5, 0.5, 0.5, 0.5, 0.5, 0.5, 0.5, 0.5, 0.5, 0.5, 0.5, 0.5, 0.5, 0.5, 0.5, 0.5, 0.5, 0.5, 0.5, 0.5, 0.5, 0.5, 0.5, 0.5, 0.5, 0.5, 0.5, 0.5, 0.5, 0.5, 0.5, 0.5, 0.5, 0.5, 0.5, 0.5, 0.5, 0.5, 0.5, 0.5, 0.5, 0.5, 0.5, 0.5, 0.5, 0.5, 0.5, 0.5, 0.5, 0.5, 0.5, 0.5, 0.5, 0.5, 0.5, 0.5, 0.5, 0.5, 0.5, 0.5, 0.5, 0.5, 0.5, 0.5, 0.5, 0.5, 0.5, 0.5, 0.5, 0.5, 0.5, 0.5, 0.5, 0.5, 0.5, 0.5, 0.5, 0.5, 0.5, 0.5, 0.5, 0.5, 0.5, 0.5, 0.5, 0.5, 0.5, 0.5, 0.5, 0.5, 0.5, 0.5, 0.5, 0.5, 0.5, 0.5, 0.5, 0.5, 0.5, 0.5, 0.5, 0.5, 0.5, 0.5, 0.5, 0.5, 0.5, 0.5, 0.5, 0.5, 0.5, 0.5, 0.5, 0.5, 0.5, 0.5, 0.5, 0.5, 0.5, 0.5, 0.5, 0.5, 0.5, 0.5, 0.5, 0.5, 0.5, 0.5, 0.5, 0.5, 0.5, 0.5, 0.5, 0.5, 0.5, 0.5, 0.5, 0.5, 0.5, 0.5, 0.5, 0.5, 0.5, 0.5, 0.5, 0.5, 0.5, 0.5, 0.5, 0.5, 0.5, 0.5, 0.5, 0.5, 0.5, 0.5, 0.5, 0.5, 0.5, 0.5, 0.5, 0.5, 0.5, 0.5, 0.5, 0.5, 0.5, 0.5, 0.5, 0.5, 0.5, 0.5, 0.5, 0.5, 0.5, 0.5, 0.5, 0.5, 0.5, 0.5, 0.5, 0.5, 0.5, 0.5, 0.5, 0.5, 0.5, 0.5, 0.5, 0.5, 0.5, 0.5, 0.5, 0.5, 0.5, 0.5, 0.5, 0.5, 0.5, 0.5, 0.5, 0.5, 0.5, 0.5, 0.5, 0.5, 0.5, 0.5, 0.5, 0.5, 0.5, 0.5, 0.5, 0.5, 0.5, 0.5, 0.5, 0.5, 0.5, 0.5, 0.5, 0.5, 0.5, 0.5, 0.5, 0.5, 0.5, 0.5, 0.5, 0.5, 0.5, 0.5, 0.5, 0.5, 0.5, 0.5, 0.5, 0.5, 0.5, 0.5, 0.5, 0.5, 0.5, 0.5, 0.5, 0.5, 0.5, 0.5, 0.5, 0.5, 0.5, 0.5, 0.5, 0.5, 0.5, 0.5, 0.5, 0.5, 0.5, 0.5, 0.5, 0.5, 0.5, 0.5, 0.5, 0.5, 0.5, 0.5, 0.5, 0.5, 0.5, 0.5, 0.5, 0.5, 0.5, 0.5, 0.5, 0.5, 0.5, 0.5, 0.5, 0.5, 0.5, 0.5, 0.5, 0.5, 0.5, 0.5, 0.5, 0.5, 0.5, 0.5, 0.5, 0.5, 0.5, 0.5, 0.5, 0.5, 0.5, 0.5, 0.5, 0.5, 0.5, 0.5, 0.5, 0.5, 0.5, 0.5, 0.5, 0.5, 0.5, 0.5, 0.5, 0.5, 0.5, 0.5, 0.5, 0.5, 0.5, 0.5, 0.5, 0.5, 0.5, 0.5, 0.5, 0.5, 0.5, 0.5, 0.5, 0.5, 0.5, 0.5, 0.5, 0.5, 0.5, 0.5, 0.5, 0.5, 0.5, 0.5, 0.5, 0.5, 0.5, 0.5, 0.5, 0.5, 0.5, 0.5, 0.5, 0.5, 0.5, 0.5, 0.5, 0.5, 0.5, 0.5, 0.5, 0.5, 0.5, 0.5, 0.5, 0.5, 0.5, 0.5, 0.5, 0.5, 0.5, 0.5, 0.5, 0.5, 0.5, 0.5, 0.5, 0.5, 0.5, 0.5, 0.5, 0.5, 0.5, 0.5, 0.5, 0.5, 0.5, 0.5, 0.5, 0.5, 0.5, 0.5, 0.5, 0.5, 0.5, 0.5, 0.5, 0.5, 0.5, 0.5, 0.5, 0.5, 0.5, 0.5, 0.5, 0.5, 0.5, 0.5, 0.5, 0.5, 0.5, 0.5, 0.5, 0.5, 0.5, 0.5, 0.5, 0.5, 0.5, 0.5, 0.5, 0.5, 0.5, 0.5, 0.5, 0.5, 0.5, 0.5, 0.5, 0.5, 0.5, 0.5, 0.5, 0.5, 0.5, 0.5, 0.5, 0.5, 0.5, 0.5, 0.5, 0.5, 0.5, 0.5, 0.5, 0.5, 0.5, 0.5, 0.5, 0.5, 0.5, 0.5, 0.5, 0.5, 0.5, 0.5, 0.5, 0.5, 0.5]",0
2026_11_KICE_43-45_0,['3(2)'],"1번: 1번 - 자신에 대한 긍정적 평가가 진심으로 느껴지지 않아 불안해질 때, 이를 그대로 둔다면 완벽주의적 자기 제시 성향이 고착화될 것이다. + ""(지문 속 근거가 된 문장) 완벽주의적 자기 제시 성향을 지닌 사람들은 평가의 기준을 자신보다 타인에 두기 때문에 타인의 시선과 평가에 민감해지기 쉽다.""

2번: 2번 - 타인의 시선을 고려하기보다 자신의 시야에만 갇혀 불안한 마음이 든다면, 일상에서 걷기와 같은 신체 활동을 해 보는 것이 어떨까? + ""(지문 속 근거가 된 문장) 끝으로 신체 활동도 도움이 된다. 특히 걷기는 일상에서 우리가 손쉽게 실천해 볼 수 있는 신체 활동이다.""

3번: 3번 - 타인에게 완벽한 모습을 보이고 싶은 마음이 불안으로 이어질 때, 자기 자신을 있는 그대로 받아들인다면 심리적 안정을 얻을 수 있을 것이다. + ""(지문 속 근거가 된 문장) 타인의 인정을 기준으로 자신의 가치를 평가하지 않고, 자기 자신을 무조건적으로 수용하는 자세가 도움이 된다.""

4번: 4번 - 완벽주의적 자기 제시 성향은 사회생활을 하는 데 여러 가지 문제를 초래하므로, 객관적으로 상황을 바라보는 인지적 유연성을 발휘해 보는 것이 어떨까? + ""(지문 속 근거가 된 문장) 이 외에도 상황을 종합적으로 고려하는 ‘인지적 유연성’이 필요하다.""

5번: 5번 - 완벽함을 추구하는 것은 고통을 수반할 수 있으므로, 무조건적 자기 수용보다는 사회적 지지 추구 행동을 통해 스스로의 마음을 다스린다면 마음이 편안해질 수 있을 것이다. + ""(지문 속 근거가 된 문장) 따라서 자신이 온전히 믿는 친구나 가족들에게 불안한 마음을 털어 놓으며 그들로부터 격려와 지지를 구하는 ‘사회적 지지 추구 행동’을 하는 것이 도움이 된다.""

최종 정답: 3","[16, 167, 110, 230, 25, 352, 167, 110, 230, 532, 23821, 252, 238, 168, 233, 254, 168, 245, 238, 31619, 234, 222, 47991, 250, 220, 166, 116, 235, 168, 254, 243, 168, 254, 223, 220, 169, 237, 231, 166, 108, 222, 166, 108, 222, 23821, 100, 226, 168, 233, 105, 168, 250, 120, 167, 94, 250, 31619, 232, 238, 166, 119, 112, 168, 100, 222, 168, 100, 222, 23821, 243, 232, 168, 243, 226, 31619, 114, 230, 168, 243, 230, 47991, 112, 168, 100, 230, 31619, 243, 234, 11, 23821, 251, 112, 167, 98, 120, 220, 166, 115, 116, 167, 234, 222, 167, 94, 250, 31619, 239, 242, 46695, 97, 167, 102, 112, 23821, 247, 226, 167, 110, 121, 168, 96, 120, 35975, 246, 168, 254, 223, 23821, 252, 238, 166, 116, 108, 23821, 254, 250, 168, 233, 250, 23821, 226, 109, 169, 244, 98, 35975, 112, 220, 166, 111, 254, 168, 108, 102, 169, 247, 242, 167, 238, 254, 220, 166, 110, 225, 35975, 112, 46695, 97, 13, 1343, 30629, 168, 100, 222, 167, 105, 116, 23821, 228, 235, 220, 166, 115, 120, 166, 109, 108, 166, 108, 222, 31619, 238, 250, 31619, 105, 116, 168, 252, 98, 8, 23821, 247, 226, 167, 110, 121, 168, 96, 120, 35975, 246, 168, 254, 223, 23821, 252, 238, 166, 116, 108, 23821, 254, 250, 168, 233, 250, 23821, 226, 109, 169, 244, 98, 35975, 226, 23821, 100, 222, 46695, 234, 23821, 8955, 167, 252, 234, 167, 241, 97, 35975, 222, 220, 169, 237, 231, 166, 108, 222, 35975, 246, 220, 166, 116, 108, 168, 97, 222, 35975, 226, 23821, 252, 238, 168, 233, 254, 167, 111, 112, 46695, 97, 220, 169, 225, 222, 35975, 116, 168, 245, 238, 31619, 239, 238, 166, 116, 108, 31619, 243, 234, 167, 105, 116, 168, 245, 238, 220, 169, 225, 222, 35975, 116, 35975, 246, 23821, 233, 250, 168, 226, 254, 166, 111, 120, 220, 169, 237, 231, 166, 108, 222, 168, 245, 238, 31619, 107, 120, 166, 108, 238, 47991, 112, 168, 100, 222, 166, 116, 108, 23821, 231, 121, 46695, 97, 526, 198, 198, 17, 167, 110, 230, 25, 362, 167, 110, 230, 532, 220, 169, 225, 222, 35975, 116, 35975, 246, 23821, 233, 250, 168, 226, 254, 35975, 226, 220, 166, 111, 254, 167, 254, 97, 47991, 246, 166, 116, 108, 167, 111, 112, 46695, 97, 23821, 252, 238, 168, 233, 254, 35975, 246, 23821, 233, 250, 168, 243, 120, 168, 245, 238, 167, 100, 234, 220, 166, 108, 229, 169, 246, 222, 31619, 114, 230, 168, 243, 230, 47991, 250, 31619, 100, 230, 35975, 234, 35975, 112, 31619, 241, 254, 46695, 97, 167, 102, 112, 11, 23821, 251, 120, 168, 225, 223, 168, 245, 238, 168, 226, 250, 220, 166, 109, 115, 166, 116, 108, 168, 247, 222, 220, 166, 108, 247, 35975, 222, 23821, 233, 254, 168, 110, 112, 220, 169, 247, 250, 167, 237, 247, 35975, 226, 220, 47991, 112, 31619, 111, 112, 167, 232, 242, 220, 166, 110, 225, 35975, 112, 23821, 244, 112, 167, 244, 101, 166, 117, 234, 30, 1343, 30629, 168, 100, 222, 167, 105, 116, 23821, 228, 235, 220, 166, 115, 120, 166, 109, 108, 166, 108, 222, 31619, 238, 250, 31619, 105, 116, 168, 252, 98, 8, 31619, 223, 251, 168, 250, 120, 167, 94, 250, 23821, 233, 254, 168, 110, 112, 220, 169, 247, 250, 167, 237, 247, 167, 237, 226, 31619, 237, 226, 168, 249, 222, 35975, 112, 31619, 238, 250, 46695, 97, 13, 220, 169, 232, 117, 169, 252, 230, 220, 166, 109, 115, 166, 116, 108, 167, 232, 242, 23821, 251, 120, 168, 225, 223, 168, 245, 238, 168, 226, 250, 23821, 248, 108, 167, 99, 105, 166, 108, 222, 23821, 228, 238, 168, 231, 121, 166, 110, 234, 23821, 233, 97, 168, 110, 250, 47991, 112, 31619, 111, 120, 23821, 230, 246, 23821, 252, 230, 167, 232, 242, 23821, 233, 254, 168, 110, 112, 220, 169, 247, 250, 167, 237, 247, 35975, 112, 46695, 97, 526, 198, 198, 18, 167, 110, 230, 25, 513, 167, 110, 230, 532, 220, 169, 225, 222, 35975, 116, 168, 245, 238, 166, 110, 234, 23821, 247, 226, 167, 110, 121, 47991, 250, 31619, 103, 101, 168, 232, 113, 35975, 226, 31619, 111, 112, 35975, 112, 166, 111, 254, 23821, 233, 114, 35975, 222, 31619, 100, 230, 35975, 234, 35975, 112, 31619, 114, 230, 168, 243, 230, 168, 250, 120, 167, 94, 250, 23821, 251, 112, 168, 244, 112, 168, 100, 230, 31619, 243, 234, 11, 23821, 252, 238, 166, 116, 108, 23821, 252, 238, 168, 233, 254, 35975, 226, 23821, 252, 230, 167, 232, 242, 220, 166, 115, 116, 167, 234, 222, 167, 94, 250, 31619, 108, 249, 168, 243, 226, 167, 241, 97, 35975, 116, 46695, 97, 167, 102, 112, 23821, 233, 105, 167, 99, 105, 168, 254, 223, 23821, 243, 230, 168, 254, 243, 35975, 226, 23821, 244, 119, 35975, 226, 23821, 230, 246, 23821, 252, 230, 35975, 226, 220, 166, 110, 225, 35975, 112, 46695, 97, 13, 1343, 30629, 168, 100, 222, 167, 105, 116, 23821, 228, 235, 220, 166, 115, 120, 166, 109, 108, 166, 108, 222, 31619, 238, 250, 31619, 105, 116, 168, 252, 98, 8, 220, 169, 225, 222, 35975, 116, 35975, 246, 23821, 251, 116, 168, 254, 243, 35975, 226, 220, 166, 116, 108, 168, 97, 222, 168, 250, 120, 167, 94, 250, 23821, 252, 238, 168, 233, 254, 35975, 246, 220, 166, 108, 222, 168, 117, 246, 167, 98, 120, 220, 169, 237, 231, 166, 108, 222, 47991, 246, 168, 100, 222, 23821, 243, 232, 166, 111, 254, 11, 23821, 252, 238, 166, 116, 108, 23821, 252, 238, 168, 233, 254, 35975, 226, 31619, 105, 112, 168, 94, 108, 166, 109, 112, 168, 254, 223, 168, 250, 120, 167, 94, 250, 23821, 230, 246, 168, 248, 102, 47991, 246, 167, 232, 242, 23821, 252, 238, 168, 226, 116, 166, 108, 222, 31619, 237, 226, 168, 249, 222, 35975, 112, 31619, 238, 250, 46695, 97, 526, 198, 198, 19, 167, 110, 230, 25, 604, 167, 110, 230, 532, 23821, 247, 226, 167, 110, 121, 168, 96, 120, 35975, 246, 168, 254, 223, 23821, 252, 238, 166, 116, 108, 23821, 254, 250, 168, 233, 250, 23821, 226, 109, 169, 244, 98, 35975, 222, 23821, 8955, 169, 248, 234, 168, 225, 251, 169, 247, 250, 35975, 226, 220, 47991, 246, 167, 232, 242, 31619, 235, 108, 23821, 245, 105, 167, 253, 105, 220, 166, 108, 222, 168, 100, 222, 31619, 105, 116, 168, 254, 250, 167, 98, 120, 23821, 112, 230, 167, 252, 246, 47991, 246, 167, 107, 222, 167, 94, 250, 11, 220, 166, 108, 251, 166, 112, 222, 168, 254, 223, 168, 250, 120, 167, 94, 250, 23821, 225, 223, 169, 247, 102, 35975, 226, 31619, 108, 242, 167, 251, 120, 167, 111, 112, 167, 232, 242, 23821, 251, 116, 168, 100, 222, 168, 254, 223, 23821, 250, 254, 168, 245, 108, 168, 226, 109, 35975, 226, 31619, 108, 250, 169, 250, 246, 47991, 112, 31619, 111, 112, 167, 232, 242, 220, 166, 110, 225, 35975, 112, 23821, 244, 112, 167, 244, 101, 166, 117, 234, 30, 1343, 30629, 168, 100, 222, 167, 105, 116, 23821, 228, 235, 220, 166, 115, 120, 166, 109, 108, 166, 108, 222, 31619, 238, 250, 31619, 105, 116, 168, 252, 98, 8, 23821, 251, 112, 23821, 247, 116, 168, 245, 238, 167, 237, 226, 23821, 225, 223, 169, 247, 102, 35975, 226, 23821, 95, 227, 47991, 102, 168, 254, 223, 168, 250, 120, 167, 94, 250, 220, 166, 111, 254, 167, 254, 97, 47991, 246, 167, 232, 242, 564, 246, 35975, 116, 168, 100, 222, 168, 254, 223, 23821, 250, 254, 168, 245, 108, 168, 226, 109, 447, 247, 35975, 112, 220, 47991, 226, 168, 248, 242, 47991, 246, 46695, 97, 526, 198, 198, 20, 167, 110, 230, 25, 642, 167, 110, 230, 532, 23821, 247, 226, 167, 110, 121, 47991, 101, 35975, 226, 23821, 114, 242, 166, 113, 105, 47991, 246, 167, 232, 242, 220, 166, 110, 225, 35975, 222, 220, 166, 111, 254, 169, 228, 113, 35975, 226, 23821, 230, 246, 167, 108, 246, 47991, 254, 23821, 230, 246, 23821, 252, 230, 168, 250, 120, 167, 107, 222, 167, 94, 250, 11, 31619, 105, 112, 168, 94, 108, 166, 109, 112, 168, 254, 223, 23821, 252, 238, 166, 116, 108, 23821, 230, 246, 168, 248, 102, 167, 111, 112, 46695, 97, 167, 232, 242, 23821, 8955, 169, 248, 234, 168, 254, 223, 23821, 100, 222, 168, 100, 222, 23821, 114, 242, 166, 113, 105, 220, 169, 244, 231, 167, 237, 247, 35975, 226, 220, 169, 228, 113, 47991, 112, 23821, 232, 97, 168, 232, 97, 167, 94, 250, 35975, 246, 31619, 100, 230, 35975, 234, 35975, 226, 31619, 233, 97, 168, 232, 97, 167, 99, 108, 46695, 97, 167, 102, 112, 31619, 100, 230, 35975, 234, 35975, 112, 220, 169, 236, 116, 168, 243, 230, 47991, 112, 168, 100, 230, 23821, 230, 246, 23821, 252, 230, 35975, 226, 220, 166, 110, 225, 35975, 112, 46695, 97, 13, 1343, 30629, 168, 100, 222, 167, 105, 116, 23821, 228, 235, 220, 166, 115, 120, 166, 109, 108, 166, 108, 222, 31619, 238, 250, 31619, 105, 116, 168, 252, 98, 8, 31619, 242, 108, 167, 251, 120, 168, 226, 250, 23821, 252, 238, 168, 233, 254, 35975, 112, 23821, 246, 101, 168, 254, 226, 169, 252, 230, 31619, 107, 123, 167, 232, 242, 23821, 117, 250, 166, 113, 105, 167, 224, 246, 220, 166, 108, 222, 168, 94, 109, 167, 241, 97, 168, 245, 238, 166, 110, 234, 31619, 114, 230, 168, 243, 230, 47991, 250, 31619, 100, 230, 35975, 234, 35975, 226, 220, 169, 226, 116, 168, 244, 112, 31619, 228, 241, 168, 250, 120, 167, 102, 108, 220, 166, 115, 116, 167, 241, 97, 167, 94, 250, 167, 114, 222, 169, 226, 108, 220, 166, 110, 102, 167, 254, 97, 168, 247, 222, 23821, 100, 222, 168, 100, 222, 167, 98, 120, 220, 166, 113, 105, 47991, 246, 167, 232, 242, 564, 246, 168, 8955, 169, 248, 234, 168, 254, 223, 23821, 100, 222, 168, 100, 222, 23821, 114, 242, 166, 113, 105, 220, 169, 244, 231, 167, 237, 247, 447, 247, 35975, 226, 220, 47991, 246, 167, 232, 242, 220, 166, 110, 225, 35975, 112, 31619, 237, 226, 168, 249, 222, 35975, 112, 31619, 238, 250, 46695, 97, 526, 198, 198, 168, 113, 250, 168, 95, 227, 23821, 254, 243, 46695, 113, 25, 513]","[0.5, 0.5, 0.5, 0.5, 0.5, 0.5, 0.5, 0.5, 0.5, 0.5, 0.5, 0.5, 0.5, 0.5, 0.5, 0.5, 0.5, 0.5, 0.5, 0.5, 0.5, 0.5, 0.5, 0.5, 0.5, 0.5, 0.5, 0.5, 0.5, 0.5, 0.5, 0.5, 0.5, 0.5, 0.5, 0.5, 0.5, 0.5, 0.5, 0.5, 0.5, 0.5, 0.5, 0.5, 0.5, 0.5, 0.5, 0.5, 0.5, 0.5, 0.5, 0.5, 0.5, 0.5, 0.5, 0.5, 0.5, 0.5, 0.5, 0.5, 0.5, 0.5, 0.5, 0.5, 0.5, 0.5, 0.5, 0.5, 0.5, 0.5, 0.5, 0.5, 0.5, 0.5, 0.5, 0.5, 0.5, 0.5, 0.5, 0.5, 0.5, 0.5, 0.5, 0.5, 0.5, 0.5, 0.5, 0.5, 0.5, 0.5, 0.5, 0.5, 0.5, 0.5, 0.5, 0.5, 0.5, 0.5, 0.5, 0.5, 0.5, 0.5, 0.5, 0.5, 0.5, 0.5, 0.5, 0.5, 0.5, 0.5, 0.5, 0.5, 0.5, 0.5, 0.5, 0.5, 0.5, 0.5, 0.5, 0.5, 0.5, 0.5, 0.5, 0.5, 0.5, 0.5, 0.5, 0.5, 0.5, 0.5, 0.5, 0.5, 0.5, 0.5, 0.5, 0.5, 0.5, 0.5, 0.5, 0.5, 0.5, 0.5, 0.5, 0.5, 0.5, 0.5, 0.5, 0.5, 0.5, 0.5, 0.5, 0.5, 0.5, 0.5, 0.5, 0.5, 0.5, 0.5, 0.5, 0.5, 0.5, 0.5, 0.5, 0.5, 0.5, 0.5, 0.5, 0.5, 0.5, 0.5, 0.5, 0.5, 0.5, 0.5, 0.5, 0.5, 0.5, 0.5, 0.5, 0.5, 0.5, 0.5, 0.5, 0.5, 0.5, 0.5, 0.5, 0.5, 0.5, 0.5, 0.5, 0.5, 0.5, 0.5, 0.5, 0.5, 0.5, 0.5, 0.5, 0.5, 0.5, 0.5, 0.5, 0.5, 0.5, 0.5, 0.5, 0.5, 0.5, 0.5, 0.5, 0.5, 0.5, 0.5, 0.5, 0.5, 0.5, 0.5, 0.5, 0.5, 0.5, 0.5, 0.5, 0.5, 0.5, 0.5, 0.5, 0.5, 0.5, 0.5, 0.5, 0.5, 0.5, 0.5, 0.5, 0.5, 0.5, 0.5, 0.5, 0.5, 0.5, 0.5, 0.5, 0.5, 0.5, 0.5, 0.5, 0.5, 0.5, 0.5, 0.5, 0.5, 0.5, 0.5, 0.5, 0.5, 0.5, 0.5, 0.5, 0.5, 0.5, 0.5, 0.5, 0.5, 0.5, 0.5, 0.5, 0.5, 0.5, 0.5, 0.5, 0.5, 0.5, 0.5, 0.5, 0.5, 0.5, 0.5, 0.5, 0.5, 0.5, 0.5, 0.5, 0.5, 0.5, 0.5, 0.5, 0.5, 0.5, 0.5, 0.5, 0.5, 0.5, 0.5, 0.5, 0.5, 0.5, 0.5, 0.5, 0.5, 0.5, 0.5, 0.5, 0.5, 0.5, 0.5, 0.5, 0.5, 0.5, 0.5, 0.5, 0.5, 0.5, 0.5, 0.5, 0.5, 0.5, 0.5, 0.5, 0.5, 0.5, 0.5, 0.5, 0.5, 0.5, 0.5, 0.5, 0.5, 0.5, 0.5, 0.5, 0.5, 0.5, 0.5, 0.5, 0.5, 0.5, 0.5, 0.5, 0.5, 0.5, 0.5, 0.5, 0.5, 0.5, 0.5, 0.5, 0.5, 0.5, 0.5, 0.5, 0.5, 0.5, 0.5, 0.5, 0.5, 0.5, 0.5, 0.5, 0.5, 0.5, 0.5, 0.5, 0.5, 0.5, 0.5, 0.5, 0.5, 0.5, 0.5, 0.5, 0.5, 0.5, 0.5, 0.5, 0.5, 0.5, 0.5, 0.5, 0.5, 0.5, 0.5, 0.5, 0.5, 0.5, 0.5, 0.5, 0.5, 0.5, 0.5, 0.5, 0.5, 0.5, 0.5, 0.5, 0.5, 0.5, 0.5, 0.5, 0.5, 0.5, 0.5, 0.5, 0.5, 0.5, 0.5, 0.5, 0.5, 0.5, 0.5, 0.5, 0.5, 0.5, 0.5, 0.5, 0.5, 0.5, 0.5, 0.5, 0.5, 0.5, 0.5, 0.5, 0.5, 0.5, 0.5, 0.5, 0.5, 0.5, 0.5, 0.5, 0.5, 0.5, 0.5, 0.5, 0.5, 0.5, 0.5, 0.5, 0.5, 0.5, 0.5, 0.5, 0.5, 0.5, 0.5, 0.5, 0.5, 0.5, 0.5, 0.5, 0.5, 0.5, 0.5, 0.5, 0.5, 0.5, 0.5, 0.5, 0.5, 0.5, 0.5, 0.5, 0.5, 0.5, 0.5, 0.5, 0.5, 0.5, 0.5, 0.5, 0.5, 0.5, 0.5, 0.5, 0.5, 0.5, 0.5, 0.5, 0.5, 0.5, 0.5, 0.5, 0.5, 0.5, 0.5, 0.5, 0.5, 0.5, 0.5, 0.5, 0.5, 0.5, 0.5, 0.5, 0.5, 0.5, 0.5, 0.5, 0.5, 0.5, 0.5, 0.5, 0.5, 0.5, 0.5, 0.5, 0.5, 0.5, 0.5, 0.5, 0.5, 0.5, 0.5, 0.5, 0.5, 0.5, 0.5, 0.5, 0.5, 0.5, 0.5, 0.5, 0.5, 0.5, 0.5, 0.5, 0.5, 0.5, 0.5, 0.5, 0.5, 0.5, 0.5, 0.5, 0.5, 0.5, 0.5, 0.5, 0.5, 0.5, 0.5, 0.5, 0.5, 0.5, 0.5, 0.5, 0.5, 0.5, 0.5, 0.5, 0.5, 0.5, 0.5, 0.5, 0.5, 0.5, 0.5, 0.5, 0.5, 0.5, 0.5, 0.5, 0.5, 0.5, 0.5, 0.5, 0.5, 0.5, 0.5, 0.5, 0.5, 0.5, 0.5, 0.5, 0.5, 0.5, 0.5, 0.5, 0.5, 0.5, 0.5, 0.5, 0.5, 0.5, 0.5, 0.5, 0.5, 0.5, 0.5, 0.5, 0.5, 0.5, 0.5, 0.5, 0.5, 0.5, 0.5, 0.5, 0.5, 0.5, 0.5, 0.5, 0.5, 0.5, 0.5, 0.5, 0.5, 0.5, 0.5, 0.5, 0.5, 0.5, 0.5, 0.5, 0.5, 0.5, 0.5, 0.5, 0.5, 0.5, 0.5, 0.5, 0.5, 0.5, 0.5, 0.5, 0.5, 0.5, 0.5, 0.5, 0.5, 0.5, 0.5, 0.5, 0.5, 0.5, 0.5, 0.5, 0.5, 0.5, 0.5, 0.5, 0.5, 0.5, 0.5, 0.5, 0.5, 0.5, 0.5, 0.5, 0.5, 0.5, 0.5, 0.5, 0.5, 0.5, 0.5, 0.5, 0.5, 0.5, 0.5, 0.5, 0.5, 0.5, 0.5, 0.5, 0.5, 0.5, 0.5, 0.5, 0.5, 0.5, 0.5, 0.5, 0.5, 0.5, 0.5, 0.5, 0.5, 0.5, 0.5, 0.5, 0.5, 0.5, 0.5, 0.5, 0.5, 0.5, 0.5, 0.5, 0.5, 0.5, 0.5, 0.5, 0.5, 0.5, 0.5, 0.5, 0.5, 0.5, 0.5, 0.5, 0.5, 0.5, 0.5, 0.5, 0.5, 0.5, 0.5, 0.5, 0.5, 0.5, 0.5, 0.5, 0.5, 0.5, 0.5, 0.5, 0.5, 0.5, 0.5, 0.5, 0.5, 0.5, 0.5, 0.5, 0.5, 0.5, 0.5, 0.5, 0.5, 0.5, 0.5, 0.5, 0.5, 0.5, 0.5, 0.5, 0.5, 0.5, 0.5, 0.5, 0.5, 0.5, 0.5, 0.5, 0.5, 0.5, 0.5, 0.5, 0.5, 0.5, 0.5, 0.5, 0.5, 0.5, 0.5, 0.5, 0.5, 0.5, 0.5, 0.5, 0.5, 0.5, 0.5, 0.5, 0.5, 0.5, 0.5, 0.5, 0.5, 0.5, 0.5, 0.5, 0.5, 0.5, 0.5, 0.5, 0.5, 0.5, 0.5, 0.5, 0.5, 0.5, 0.5, 0.5, 0.5, 0.5, 0.5, 0.5, 0.5, 0.5, 0.5, 0.5, 0.5, 0.5, 0.5, 0.5, 0.5, 0.5, 0.5, 0.5, 0.5, 0.5, 0.5, 0.5, 0.5, 0.5, 0.5, 0.5, 0.5, 0.5, 0.5, 0.5, 0.5, 0.5, 0.5, 0.5, 0.5, 0.5, 0.5, 0.5, 0.5, 0.5, 0.5, 0.5, 0.5, 0.5, 0.5, 0.5, 0.5, 0.5, 0.5, 0.5, 0.5, 0.5, 0.5, 0.5, 0.5, 0.5, 0.5, 0.5, 0.5, 0.5, 0.5, 0.5, 0.5, 0.5, 0.5, 0.5, 0.5, 0.5, 0.5, 0.5, 0.5, 0.5, 0.5, 0.5, 0.5, 0.5, 0.5, 0.5, 0.5, 0.5, 0.5, 0.5, 0.5, 0.5, 0.5, 0.5, 0.5, 0.5, 0.5, 0.5, 0.5, 0.5, 0.5, 0.5, 0.5, 0.5, 0.5, 0.5, 0.5, 0.5, 0.5, 0.5, 0.5, 0.5, 0.5, 0.5, 0.5, 0.5, 0.5, 0.5, 0.5, 0.5, 0.5, 0.5, 0.5, 0.5, 0.5, 0.5, 0.5, 0.5, 0.5, 0.5, 0.5, 0.5, 0.5, 0.5, 0.5, 0.5, 0.5, 0.5, 0.5, 0.5, 0.5, 0.5, 0.5, 0.5, 0.5, 0.5, 0.5, 0.5, 0.5, 0.5, 0.5, 0.5, 0.5, 0.5, 0.5, 0.5, 0.5, 0.5, 0.5, 0.5, 0.5, 0.5, 0.5, 0.5, 0.5, 0.5, 0.5, 0.5, 0.5, 0.5, 0.5, 0.5, 0.5, 0.5, 0.5, 0.5, 0.5, 0.5, 0.5, 0.5, 0.5, 0.5, 0.5, 0.5, 0.5, 0.5, 0.5, 0.5, 0.5, 0.5, 0.5, 0.5, 0.5, 0.5, 0.5, 0.5, 0.5, 0.5, 0.5, 0.5, 0.5, 0.5, 0.5, 0.5, 0.5, 0.5, 0.5, 0.5, 0.5, 0.5, 0.5, 0.5, 0.5, 0.5, 0.5, 0.5, 0.5, 0.5, 0.5, 0.5, 0.5, 0.5, 0.5, 0.5, 0.5, 0.5, 0.5, 0.5, 0.5, 0.5, 0.5, 0.5, 0.5, 0.5, 0.5, 0.5, 0.5, 0.5, 0.5, 0.5, 0.5, 0.5, 0.5, 0.5, 0.5, 0.5, 0.5, 0.5, 0.5, 0.5, 0.5, 0.5, 0.5, 0.5, 0.5, 0.5, 0.5, 0.5, 0.5, 0.5, 0.5, 0.5, 0.5, 0.5, 0.5, 0.5, 0.5, 0.5, 0.5, 0.5, 0.5, 0.5, 0.5, 0.5, 0.5, 0.5, 0.5, 0.5, 0.5, 0.5, 0.5, 0.5, 0.5, 0.5, 0.5, 0.5, 0.5, 0.5, 0.5, 0.5, 0.5, 0.5, 0.5, 0.5, 0.5, 0.5, 0.5, 0.5, 0.5, 0.5, 0.5, 0.5, 0.5, 0.5, 0.5, 0.5, 0.5, 0.5, 0.5, 0.5, 0.5, 0.5, 0.5, 0.5, 0.5, 0.5, 0.5, 0.5, 0.5, 0.5, 0.5, 0.5, 0.5, 0.5, 0.5, 0.5, 0.5, 0.5, 0.5, 0.5, 0.5, 0.5, 0.5, 0.5, 0.5, 0.5, 0.5, 0.5, 0.5, 0.5, 0.5, 0.5, 0.5, 0.5, 0.5, 0.5, 0.5, 0.5, 0.5, 0.5, 0.5, 0.5, 0.5, 0.5, 0.5, 0.5, 0.5, 0.5, 0.5, 0.5, 0.5, 0.5, 0.5, 0.5, 0.5, 0.5, 0.5, 0.5, 0.5, 0.5, 0.5, 0.5, 0.5, 0.5, 0.5, 0.5, 0.5, 0.5, 0.5, 0.5, 0.5, 0.5, 0.5, 0.5, 0.5, 0.5, 0.5, 0.5, 0.5, 0.5, 0.5, 0.5, 0.5, 0.5, 0.5, 0.5, 0.5, 0.5, 0.5, 0.5, 0.5, 0.5, 0.5, 0.5, 0.5, 0.5, 0.5, 0.5, 0.5, 0.5, 0.5, 0.5, 0.5, 0.5, 0.5, 0.5, 0.5, 0.5, 0.5, 0.5, 0.5, 0.5, 0.5, 0.5, 0.5, 0.5, 0.5, 0.5, 0.5, 0.5, 0.5, 0.5, 0.5, 0.5, 0.5, 0.5, 0.5, 0.5, 0.5, 0.5, 0.5, 0.5, 0.5, 0.5, 0.5, 0.5, 0.5, 0.5, 0.5, 0.5, 0.5, 0.5, 0.5, 0.5, 0.5, 0.5, 0.5, 0.5, 0.5, 0.5, 0.5, 0.5, 0.5, 0.5, 0.5, 0.5, 0.5, 0.5, 0.5, 0.5, 0.5, 0.5, 0.5, 0.5, 0.5, 0.5, 0.5, 0.5, 0.5, 0.5, 0.5, 0.5, 0.5, 0.5, 0.5, 0.5, 0.5, 0.5, 0.5, 0.5, 0.5, 0.5, 0.5, 0.5, 0.5, 0.5, 0.5, 0.5, 0.5, 0.5, 0.5, 0.5, 0.5, 0.5, 0.5, 0.5, 0.5, 0.5, 0.5, 0.5, 0.5, 0.5, 0.5, 0.5, 0.5, 0.5, 0.5, 0.5, 0.5, 0.5, 0.5, 0.5, 0.5, 0.5, 0.5, 0.5, 0.5, 0.5, 0.5, 0.5, 0.5, 0.5, 0.5, 0.5, 0.5, 0.5, 0.5, 0.5, 0.5, 0.5, 0.5, 0.5, 0.5, 0.5, 0.5, 0.5, 0.5, 0.5, 0.5, 0.5, 0.5, 0.5, 0.5, 0.5, 0.5, 0.5, 0.5, 0.5, 0.5, 0.5, 0.5, 0.5, 0.5, 0.5, 0.5, 0.5, 0.5, 0.5, 0.5, 0.5, 0.5, 0.5, 0.5, 0.5, 0.5, 0.5, 0.5, 0.5, 0.5, 0.5, 0.5, 0.5, 0.5, 0.5, 0.5, 0.5, 0.5, 0.5, 0.5, 0.5, 0.5, 0.5, 0.5, 0.5, 0.5, 0.5, 0.5, 0.5, 0.5, 0.5, 0.5, 0.5, 0.5, 0.5, 0.5, 0.5, 0.5, 0.5, 0.5, 0.5, 0.5, 0.5, 0.5, 0.5, 0.5, 0.5, 0.5, 0.5, 0.5, 0.5, 0.5, 0.5, 0.5, 0.5, 0.5, 0.5, 0.5, 0.5, 0.5, 0.5, 0.5, 0.5, 0.5, 0.5, 0.5, 0.5, 0.5, 0.5, 0.5, 0.5, 0.5, 0.5, 0.5, 0.5, 0.5, 0.5, 0.5, 0.5, 0.5, 0.5, 0.5, 0.5, 0.5, 0.5, 0.5, 0.5, 0.5, 0.5, 0.5, 0.5, 0.5, 0.5, 0.5, 0.5, 0.5, 0.5, 0.5, 0.5, 0.5, 0.5, 0.5, 0.5, 0.5, 0.5, 0.5, 0.5, 0.5, 0.5, 0.5, 0.5, 0.5, 0.5, 0.5, 0.5, 0.5, 0.5, 0.5, 0.5, 0.5, 0.5, 0.5, 0.5, 0.5, 0.5, 0.5, 0.5, 0.5, 0.5, 0.5, 0.5, 0.5, 0.5, 0.5, 0.5, 0.5, 0.5, 0.5, 0.5, 0.5, 0.5, 0.5, 0.5, 0.5, 0.5, 0.5, 0.5, 0.5, 0.5, 0.5, 0.5, 0.5, 0.5, 0.5, 0.5, 0.5, 0.5, 0.5, 0.5, 0.5, 0.5, 0.5, 0.5, 0.5, 0.5, 0.5, 0.5, 0.5, 0.5, 0.5, 0.5, 0.5, 0.5, 0.5, 0.5, 0.5, 0.5, 0.5, 0.5, 0.5, 0.5, 0.5, 0.5, 0.5, 0.5, 0.5, 0.5, 0.5, 0.5, 0.5, 0.5, 0.5, 0.5, 0.5, 0.5, 0.5, 0.5, 0.5, 0.5, 0.5, 0.5, 0.5, 0.5, 0.5, 0.5, 0.5, 0.5, 0.5, 0.5, 0.5, 0.5, 0.5, 0.5, 0.5, 0.5, 0.5, 0.5, 0.5, 0.5, 0.5, 0.5, 0.5, 0.5, 0.5, 0.5, 0.5, 0.5, 0.5, 0.5, 0.5, 0.5, 0.5, 0.5, 0.5, 0.5, 0.5, 0.5, 0.5, 0.5, 0.5, 0.5, 0.5, 0.5, 0.5, 0.5, 0.5, 0.5, 0.5, 0.5, 0.5, 0.5, 0.5, 0.5, 0.5, 0.5, 0.5, 0.5, 0.5, 0.5, 0.5, 0.5, 0.5, 0.5, 0.5, 0.5, 0.5, 0.5, 0.5, 0.5, 0.5, 0.5, 0.5, 0.5, 0.5, 0.5, 0.5, 0.5, 0.5, 0.5, 0.5, 0.5, 0.5, 0.5, 0.5, 0.5, 0.5, 0.5, 0.5, 0.5, 0.5, 0.5, 0.5, 0.5, 0.5, 0.5, 0.5, 0.5, 0.5, 0.5, 0.5, 0.5, 0.5, 0.5, 0.5, 0.5, 0.5, 0.5, 0.5, 0.5, 0.5, 0.5, 0.5, 0.5, 0.5, 0.5, 0.5, 0.5, 0.5, 0.5, 0.5, 0.5, 0.5, 0.5, 0.5, 0.5, 0.5, 0.5, 0.5, 0.5, 0.5, 0.5, 0.5, 0.5, 0.5, 0.5, 0.5, 0.5, 0.5, 0.5, 0.5, 0.5, 0.5, 0.5, 0.5, 0.5, 0.5, 0.5, 0.5, 0.5, 0.5, 0.5, 0.5, 0.5, 0.5, 0.5, 0.5, 0.5, 0.5, 0.5, 0.5, 0.5, 0.5, 0.5, 0.5, 0.5, 0.5, 0.5, 0.5, 0.5, 0.5, 0.5, 0.5, 0.5, 0.5, 0.5, 0.5, 0.5, 0.5, 0.5, 0.5, 0.5, 0.5, 0.5, 0.5, 0.5, 0.5, 0.5, 0.5, 0.5, 0.5, 0.5, 0.5, 0.5, 0.5, 0.5, 0.5, 0.5, 0.5, 0.5, 0.5, 0.5]",2
2026_11_KICE_43-45_1,['2(2)'],"1번: 적절 + ""(이를 완벽주의적 자기 제시 성향이라 한다.)""
2번: 부적절 + ""(그렇다면 완벽주의적 자기 제시 성향으로 인해 발생한 불안을 완화하려면 어떻게 해야 할까? 먼저 스스로의 마음을 다스릴 필요가 있다.)""
3번: 적절 + ""(사람은 누구나 다른 사람에게 좋은 모습을 보이고 싶어 하는 면이 있다.)""
4번: 적절 + ""(완벽주의적 자기 제시 성향이 높은 사람은 자신에 대한 다른 사람의 긍정적 평가를 믿지 않고 왜곡해서 받아들이는 경향이 있다.)""
5번: 적절 + ""(청소년 시기에는 또래 집단에서 친구들 에게 긍정적으로 비춰지고 싶은 욕구가 크기 때문에 완벽주의적 자기 제시 성향이 나타나는 경우가 많다.)""
최종 정답: 2번","[16, 167, 110, 230, 25, 23821, 254, 223, 168, 254, 230, 1343, 30629, 35975, 112, 167, 98, 120, 23821, 247, 226, 167, 110, 121, 168, 96, 120, 35975, 246, 168, 254, 223, 23821, 252, 238, 166, 116, 108, 23821, 254, 250, 168, 233, 250, 23821, 226, 109, 169, 244, 98, 35975, 112, 167, 251, 120, 220, 47991, 250, 46695, 97, 2014, 1, 198, 17, 167, 110, 230, 25, 31619, 114, 222, 168, 254, 223, 168, 254, 230, 1343, 30629, 166, 115, 116, 167, 254, 229, 46695, 97, 167, 102, 112, 23821, 247, 226, 167, 110, 121, 168, 96, 120, 35975, 246, 168, 254, 223, 23821, 252, 238, 166, 116, 108, 23821, 254, 250, 168, 233, 250, 23821, 226, 109, 169, 244, 98, 168, 250, 120, 167, 94, 250, 23821, 251, 116, 47991, 112, 31619, 108, 250, 168, 225, 251, 47991, 250, 31619, 114, 230, 168, 243, 230, 35975, 226, 23821, 247, 226, 169, 247, 242, 47991, 246, 167, 254, 97, 167, 102, 112, 23821, 244, 112, 167, 244, 119, 166, 110, 234, 220, 47991, 112, 168, 243, 120, 220, 47991, 254, 166, 117, 234, 30, 31619, 101, 120, 168, 254, 222, 23821, 232, 97, 168, 232, 97, 167, 94, 250, 35975, 246, 31619, 100, 230, 35975, 234, 35975, 226, 31619, 233, 97, 168, 232, 97, 167, 99, 112, 220, 47991, 226, 168, 248, 242, 166, 108, 222, 23821, 252, 230, 46695, 97, 2014, 1, 198, 18, 167, 110, 230, 25, 23821, 254, 223, 168, 254, 230, 1343, 30629, 168, 8955, 167, 252, 234, 35975, 222, 31619, 230, 226, 166, 113, 105, 167, 224, 246, 31619, 233, 97, 167, 98, 116, 23821, 8955, 167, 252, 234, 168, 245, 238, 166, 110, 234, 23821, 95, 233, 35975, 222, 31619, 103, 101, 168, 232, 113, 35975, 226, 31619, 111, 112, 35975, 112, 166, 111, 254, 23821, 233, 114, 168, 244, 112, 220, 47991, 246, 167, 232, 242, 31619, 102, 112, 35975, 112, 23821, 252, 230, 46695, 97, 2014, 1, 198, 19, 167, 110, 230, 25, 23821, 254, 223, 168, 254, 230, 1343, 30629, 168, 247, 226, 167, 110, 121, 168, 96, 120, 35975, 246, 168, 254, 223, 23821, 252, 238, 166, 116, 108, 23821, 254, 250, 168, 233, 250, 23821, 226, 109, 169, 244, 98, 35975, 112, 31619, 10253, 35975, 222, 23821, 8955, 167, 252, 234, 35975, 222, 23821, 252, 238, 168, 233, 254, 168, 245, 238, 31619, 234, 222, 47991, 250, 31619, 233, 97, 167, 98, 116, 23821, 8955, 167, 252, 234, 35975, 246, 220, 166, 116, 235, 168, 254, 243, 168, 254, 223, 220, 169, 237, 231, 166, 108, 222, 167, 98, 120, 31619, 107, 123, 168, 100, 222, 23821, 243, 232, 166, 111, 254, 23821, 247, 250, 166, 111, 94, 47991, 112, 168, 226, 250, 31619, 108, 249, 168, 243, 226, 167, 241, 97, 35975, 112, 167, 232, 242, 220, 166, 110, 121, 169, 244, 98, 35975, 112, 23821, 252, 230, 46695, 97, 2014, 1, 198, 20, 167, 110, 230, 25, 23821, 254, 223, 168, 254, 230, 1343, 30629, 168, 110, 255, 168, 228, 234, 167, 227, 226, 23821, 233, 250, 166, 116, 108, 168, 245, 238, 167, 232, 242, 31619, 246, 238, 167, 252, 246, 23821, 100, 239, 46695, 101, 168, 245, 238, 168, 226, 250, 23821, 117, 250, 166, 113, 105, 167, 241, 97, 23821, 245, 238, 166, 110, 234, 220, 166, 116, 235, 168, 254, 243, 168, 254, 223, 168, 250, 120, 167, 94, 250, 31619, 117, 226, 168, 114, 108, 168, 100, 222, 166, 111, 254, 23821, 233, 114, 35975, 222, 23821, 248, 243, 166, 113, 105, 166, 108, 222, 220, 169, 223, 105, 166, 116, 108, 31619, 243, 234, 167, 105, 116, 168, 245, 238, 23821, 247, 226, 167, 110, 121, 168, 96, 120, 35975, 246, 168, 254, 223, 23821, 252, 238, 166, 116, 108, 23821, 254, 250, 168, 233, 250, 23821, 226, 109, 169, 244, 98, 35975, 112, 31619, 224, 246, 169, 225, 222, 167, 224, 246, 167, 232, 242, 220, 166, 110, 121, 168, 248, 108, 166, 108, 222, 31619, 100, 236, 46695, 97, 2014, 1, 198, 168, 113, 250, 168, 95, 227, 23821, 254, 243, 46695, 113, 25, 362, 167, 110, 230]","[0.5, 0.5, 0.5, 0.5, 0.5, 0.5, 0.5, 0.5, 0.5, 0.5, 0.5, 0.5, 0.5, 0.5, 0.5, 0.5, 0.5, 0.5, 0.5, 0.5, 0.5, 0.5, 0.5, 0.5, 0.5, 0.5, 0.5, 0.5, 0.5, 0.5, 0.5, 0.5, 0.5, 0.5, 0.5, 0.5, 0.5, 0.5, 0.5, 0.5, 0.5, 0.5, 0.5, 0.5, 0.5, 0.5, 0.5, 0.5, 0.5, 0.5, 0.5, 0.5, 0.5, 0.5, 0.5, 0.5, 0.5, 0.5, 0.5, 0.5, 0.5, 0.5, 0.5, 0.5, 0.5, 0.5, 0.5, 0.5, 0.5, 0.5, 0.5, 0.5, 0.5, 0.5, 0.5, 0.5, 0.5, 0.5, 0.5, 0.5, 0.5, 0.5, 0.5, 0.5, 0.5, 0.5, 0.5, 0.5, 0.5, 0.5, 0.5, 0.5, 0.5, 0.5, 0.5, 0.5, 0.5, 0.5, 0.5, 0.5, 0.5, 0.5, 0.5, 0.5, 0.5, 0.5, 0.5, 0.5, 0.5, 0.5, 0.5, 0.5, 0.5, 0.5, 0.5, 0.5, 0.5, 0.5, 0.5, 0.5, 0.5, 0.5, 0.5, 0.5, 0.5, 0.5, 0.5, 0.5, 0.5, 0.5, 0.5, 0.5, 0.5, 0.5, 0.5, 0.5, 0.5, 0.5, 0.5, 0.5, 0.5, 0.5, 0.5, 0.5, 0.5, 0.5, 0.5, 0.5, 0.5, 0.5, 0.5, 0.5, 0.5, 0.5, 0.5, 0.5, 0.5, 0.5, 0.5, 0.5, 0.5, 0.5, 0.5, 0.5, 0.5, 0.5, 0.5, 0.5, 0.5, 0.5, 0.5, 0.5, 0.5, 0.5, 0.5, 0.5, 0.5, 0.5, 0.5, 0.5, 0.5, 0.5, 0.5, 0.5, 0.5, 0.5, 0.5, 0.5, 0.5, 0.5, 0.5, 0.5, 0.5, 0.5, 0.5, 0.5, 0.5, 0.5, 0.5, 0.5, 0.5, 0.5, 0.5, 0.5, 0.5, 0.5, 0.5, 0.5, 0.5, 0.5, 0.5, 0.5, 0.5, 0.5, 0.5, 0.5, 0.5, 0.5, 0.5, 0.5, 0.5, 0.5, 0.5, 0.5, 0.5, 0.5, 0.5, 0.5, 0.5, 0.5, 0.5, 0.5, 0.5, 0.5, 0.5, 0.5, 0.5, 0.5, 0.5, 0.5, 0.5, 0.5, 0.5, 0.5, 0.5, 0.5, 0.5, 0.5, 0.5, 0.5, 0.5, 0.5, 0.5, 0.5, 0.5, 0.5, 0.5, 0.5, 0.5, 0.5, 0.5, 0.5, 0.5, 0.5, 0.5, 0.5, 0.5, 0.5, 0.5, 0.5, 0.5, 0.5, 0.5, 0.5, 0.5, 0.5, 0.5, 0.5, 0.5, 0.5, 0.5, 0.5, 0.5, 0.5, 0.5, 0.5, 0.5, 0.5, 0.5, 0.5, 0.5, 0.5, 0.5, 0.5, 0.5, 0.5, 0.5, 0.5, 0.5, 0.5, 0.5, 0.5, 0.5, 0.5, 0.5, 0.5, 0.5, 0.5, 0.5, 0.5, 0.5, 0.5, 0.5, 0.5, 0.5, 0.5, 0.5, 0.5, 0.5, 0.5, 0.5, 0.5, 0.5, 0.5, 0.5, 0.5, 0.5, 0.5, 0.5, 0.5, 0.5, 0.5, 0.5, 0.5, 0.5, 0.5, 0.5, 0.5, 0.5, 0.5, 0.5, 0.5, 0.5, 0.5, 0.5, 0.5, 0.5, 0.5, 0.5, 0.5, 0.5, 0.5, 0.5, 0.5, 0.5, 0.5, 0.5, 0.5, 0.5, 0.5, 0.5, 0.5, 0.5, 0.5, 0.5, 0.5, 0.5, 0.5, 0.5, 0.5, 0.5, 0.5, 0.5, 0.5, 0.5, 0.5, 0.5, 0.5, 0.5, 0.5, 0.5, 0.5, 0.5, 0.5, 0.5, 0.5, 0.5, 0.5, 0.5, 0.5, 0.5, 0.5, 0.5, 0.5, 0.5, 0.5, 0.5, 0.5, 0.5, 0.5, 0.5, 0.5, 0.5, 0.5, 0.5, 0.5, 0.5, 0.5, 0.5, 0.5, 0.5, 0.5, 0.5, 0.5, 0.5, 0.5, 0.5, 0.5, 0.5, 0.5, 0.5, 0.5, 0.5, 0.5, 0.5, 0.5, 0.5, 0.5, 0.5, 0.5, 0.5, 0.5, 0.5, 0.5, 0.5, 0.5, 0.5, 0.5, 0.5, 0.5, 0.5, 0.5, 0.5, 0.5, 0.5, 0.5, 0.5, 0.5, 0.5, 0.5, 0.5, 0.5, 0.5, 0.5, 0.5, 0.5, 0.5, 0.5, 0.5, 0.5, 0.5, 0.5, 0.5, 0.5, 0.5, 0.5, 0.5, 0.5, 0.5, 0.5, 0.5, 0.5, 0.5, 0.5, 0.5, 0.5, 0.5, 0.5, 0.5, 0.5, 0.5, 0.5, 0.5, 0.5, 0.5, 0.5, 0.5, 0.5, 0.5, 0.5, 0.5, 0.5, 0.5, 0.5, 0.5, 0.5, 0.5, 0.5, 0.5, 0.5, 0.5, 0.5, 0.5, 0.5, 0.5, 0.5, 0.5, 0.5, 0.5, 0.5, 0.5, 0.5, 0.5, 0.5, 0.5, 0.5, 0.5, 0.5, 0.5, 0.5, 0.5, 0.5, 0.5, 0.5, 0.5, 0.5, 0.5, 0.5, 0.5, 0.5, 0.5, 0.5, 0.5, 0.5, 0.5, 0.5, 0.5, 0.5, 0.5, 0.5, 0.5, 0.5, 0.5, 0.5, 0.5, 0.5, 0.5, 0.5, 0.5, 0.5, 0.5, 0.5, 0.5, 0.5, 0.5, 0.5, 0.5, 0.5, 0.5, 0.5, 0.5, 0.5, 0.5, 0.5, 0.5, 0.5, 0.5, 0.5, 0.5, 0.5, 0.5, 0.5, 0.5, 0.5, 0.5, 0.5, 0.5, 0.5, 0.5, 0.5, 0.5, 0.5, 0.5, 0.5, 0.5, 0.5, 0.5, 0.5, 0.5, 0.5, 0.5, 0.5, 0.5, 0.5, 0.5, 0.5, 0.5, 0.5, 0.5, 0.5, 0.5, 0.5, 0.5, 0.5, 0.5, 0.5, 0.5, 0.5, 0.5, 0.5, 0.5, 0.5, 0.5, 0.5, 0.5, 0.5, 0.5, 0.5, 0.5, 0.5, 0.5, 0.5, 0.5, 0.5, 0.5, 0.5, 0.5, 0.5, 0.5, 0.5, 0.5, 0.5, 0.5, 0.5, 0.5, 0.5, 0.5, 0.5, 0.5, 0.5, 0.5, 0.5, 0.5, 0.5, 0.5, 0.5, 0.5, 0.5, 0.5, 0.5, 0.5, 0.5, 0.5, 0.5, 0.5, 0.5, 0.5, 0.5, 0.5, 0.5, 0.5, 0.5, 0.5, 0.5, 0.5, 0.5, 0.5, 0.5, 0.5, 0.5, 0.5, 0.5, 0.5, 0.5, 0.5, 0.5, 0.5, 0.5, 0.5, 0.5, 0.5, 0.5, 0.5, 0.5, 0.5, 0.5, 0.5, 0.5, 0.5, 0.5]",2
2026_11_KICE_43-45_2,['5(3)'],"1번: 적절하다 + ""(사회적 지지 추구 행동 (실선): 행동 빈도가 높을수록 불안 정도가 낮아지는 경향을 보입니다.)""
2번: 적절하다 + ""(단 하나의 실수도 없는 멋진 발표를 해서 다른 사람들에게 완벽하게 보이고 싶었어요.)""
3번: 적절하다 + ""(정서 조절을 위해서는 먼저 정서를 명확하게 인식하는 것이 필요하고, 정서 조절이 이루어져야 인지적 유연성을 발휘할 수 있습니다.)""
4번: 적절하다 + ""(이러한 불안이 사회생활에서 회피적 행동으로 이어지고, 회피적 행동은 다시 불안을 가중한다.)""
5번: 적절하지 않다 + ""(걷기는 정서 조절에 도움이 되는 한 방법입니다.)""

최종 정답: 5번","[16, 167, 110, 230, 25, 23821, 254, 223, 168, 254, 230, 47991, 246, 46695, 97, 1343, 30629, 168, 8955, 169, 248, 234, 168, 254, 223, 23821, 100, 222, 168, 100, 222, 23821, 114, 242, 166, 113, 105, 220, 169, 244, 231, 167, 237, 247, 357, 168, 233, 97, 168, 226, 254, 2599, 220, 169, 244, 231, 167, 237, 247, 31619, 117, 230, 167, 237, 226, 166, 108, 222, 31619, 10253, 35975, 226, 168, 230, 246, 167, 94, 251, 31619, 114, 230, 168, 243, 230, 23821, 254, 243, 167, 237, 226, 166, 108, 222, 31619, 224, 106, 168, 243, 226, 168, 100, 222, 167, 232, 242, 220, 166, 110, 121, 169, 244, 98, 35975, 226, 31619, 111, 112, 168, 252, 227, 46695, 230, 46695, 97, 2014, 1, 198, 17, 167, 110, 230, 25, 23821, 254, 223, 168, 254, 230, 47991, 246, 46695, 97, 1343, 30629, 46695, 101, 220, 47991, 246, 167, 224, 246, 35975, 246, 23821, 233, 97, 168, 230, 246, 167, 237, 226, 23821, 245, 228, 167, 232, 242, 31619, 102, 233, 168, 100, 226, 31619, 108, 250, 169, 239, 250, 167, 98, 120, 220, 47991, 112, 168, 226, 250, 31619, 233, 97, 167, 98, 116, 23821, 8955, 167, 252, 234, 167, 241, 97, 168, 245, 238, 166, 110, 234, 23821, 247, 226, 167, 110, 121, 47991, 246, 166, 110, 234, 31619, 111, 112, 35975, 112, 166, 111, 254, 23821, 233, 114, 168, 245, 230, 168, 244, 112, 168, 248, 242, 2014, 1, 198, 18, 167, 110, 230, 25, 23821, 254, 223, 168, 254, 230, 47991, 246, 46695, 97, 1343, 30629, 168, 254, 243, 168, 226, 250, 23821, 94, 108, 168, 254, 230, 35975, 226, 23821, 250, 226, 47991, 112, 168, 226, 250, 167, 232, 242, 31619, 101, 120, 168, 254, 222, 23821, 254, 243, 168, 226, 250, 167, 98, 120, 31619, 103, 227, 169, 247, 243, 47991, 246, 166, 110, 234, 23821, 251, 116, 168, 233, 251, 47991, 246, 167, 232, 242, 220, 166, 110, 225, 35975, 112, 220, 47991, 226, 168, 248, 242, 47991, 246, 166, 111, 254, 11, 23821, 254, 243, 168, 226, 250, 23821, 94, 108, 168, 254, 230, 35975, 112, 23821, 251, 112, 167, 96, 101, 168, 244, 112, 168, 254, 116, 168, 243, 120, 23821, 251, 116, 168, 100, 222, 168, 254, 223, 23821, 250, 254, 168, 245, 108, 168, 226, 109, 35975, 226, 31619, 108, 250, 169, 250, 246, 47991, 254, 23821, 230, 246, 23821, 252, 230, 168, 232, 113, 46695, 230, 46695, 97, 2014, 1, 198, 19, 167, 110, 230, 25, 23821, 254, 223, 168, 254, 230, 47991, 246, 46695, 97, 1343, 30629, 35975, 112, 167, 253, 105, 47991, 250, 31619, 114, 230, 168, 243, 230, 35975, 112, 23821, 8955, 169, 248, 234, 168, 225, 251, 169, 247, 250, 168, 245, 238, 168, 226, 250, 220, 169, 248, 234, 169, 242, 120, 168, 254, 223, 220, 169, 244, 231, 167, 237, 247, 168, 250, 120, 167, 94, 250, 23821, 251, 112, 168, 244, 112, 168, 100, 222, 166, 111, 254, 11, 220, 169, 248, 234, 169, 242, 120, 168, 254, 223, 220, 169, 244, 231, 167, 237, 247, 35975, 222, 31619, 233, 97, 168, 233, 250, 31619, 114, 230, 168, 243, 230, 35975, 226, 220, 166, 108, 222, 168, 97, 239, 47991, 250, 46695, 97, 2014, 1, 198, 20, 167, 110, 230, 25, 23821, 254, 223, 168, 254, 230, 47991, 246, 168, 100, 222, 23821, 243, 232, 46695, 97, 1343, 30629, 166, 109, 115, 166, 116, 108, 167, 232, 242, 23821, 254, 243, 168, 226, 250, 23821, 94, 108, 168, 254, 230, 168, 245, 238, 31619, 237, 226, 168, 249, 222, 35975, 112, 31619, 238, 246, 167, 232, 242, 220, 47991, 250, 31619, 108, 102, 167, 110, 243, 168, 252, 227, 46695, 230, 46695, 97, 2014, 1, 198, 198, 168, 113, 250, 168, 95, 227, 23821, 254, 243, 46695, 113, 25, 642, 167, 110, 230]","[0.5, 0.5, 0.5, 0.5, 0.5, 0.5, 0.5, 0.5, 0.5, 0.5, 0.5, 0.5, 0.5, 0.5, 0.5, 0.5, 0.5, 0.5, 0.5, 0.5, 0.5, 0.5, 0.5, 0.5, 0.5, 0.5, 0.5, 0.5, 0.5, 0.5, 0.5, 0.5, 0.5, 0.5, 0.5, 0.5, 0.5, 0.5, 0.5, 0.5, 0.5, 0.5, 0.5, 0.5, 0.5, 0.5, 0.5, 0.5, 0.5, 0.5, 0.5, 0.5, 0.5, 0.5, 0.5, 0.5, 0.5, 0.5, 0.5, 0.5, 0.5, 0.5, 0.5, 0.5, 0.5, 0.5, 0.5, 0.5, 0.5, 0.5, 0.5, 0.5, 0.5, 0.5, 0.5, 0.5, 0.5, 0.5, 0.5, 0.5, 0.5, 0.5, 0.5, 0.5, 0.5, 0.5, 0.5, 0.5, 0.5, 0.5, 0.5, 0.5, 0.5, 0.5, 0.5, 0.5, 0.5, 0.5, 0.5, 0.5, 0.5, 0.5, 0.5, 0.5, 0.5, 0.5, 0.5, 0.5, 0.5, 0.5, 0.5, 0.5, 0.5, 0.5, 0.5, 0.5, 0.5, 0.5, 0.5, 0.5, 0.5, 0.5, 0.5, 0.5, 0.5, 0.5, 0.5, 0.5, 0.5, 0.5, 0.5, 0.5, 0.5, 0.5, 0.5, 0.5, 0.5, 0.5, 0.5, 0.5, 0.5, 0.5, 0.5, 0.5, 0.5, 0.5, 0.5, 0.5, 0.5, 0.5, 0.5, 0.5, 0.5, 0.5, 0.5, 0.5, 0.5, 0.5, 0.5, 0.5, 0.5, 0.5, 0.5, 0.5, 0.5, 0.5, 0.5, 0.5, 0.5, 0.5, 0.5, 0.5, 0.5, 0.5, 0.5, 0.5, 0.5, 0.5, 0.5, 0.5, 0.5, 0.5, 0.5, 0.5, 0.5, 0.5, 0.5, 0.5, 0.5, 0.5, 0.5, 0.5, 0.5, 0.5, 0.5, 0.5, 0.5, 0.5, 0.5, 0.5, 0.5, 0.5, 0.5, 0.5, 0.5, 0.5, 0.5, 0.5, 0.5, 0.5, 0.5, 0.5, 0.5, 0.5, 0.5, 0.5, 0.5, 0.5, 0.5, 0.5, 0.5, 0.5, 0.5, 0.5, 0.5, 0.5, 0.5, 0.5, 0.5, 0.5, 0.5, 0.5, 0.5, 0.5, 0.5, 0.5, 0.5, 0.5, 0.5, 0.5, 0.5, 0.5, 0.5, 0.5, 0.5, 0.5, 0.5, 0.5, 0.5, 0.5, 0.5, 0.5, 0.5, 0.5, 0.5, 0.5, 0.5, 0.5, 0.5, 0.5, 0.5, 0.5, 0.5, 0.5, 0.5, 0.5, 0.5, 0.5, 0.5, 0.5, 0.5, 0.5, 0.5, 0.5, 0.5, 0.5, 0.5, 0.5, 0.5, 0.5, 0.5, 0.5, 0.5, 0.5, 0.5, 0.5, 0.5, 0.5, 0.5, 0.5, 0.5, 0.5, 0.5, 0.5, 0.5, 0.5, 0.5, 0.5, 0.5, 0.5, 0.5, 0.5, 0.5, 0.5, 0.5, 0.5, 0.5, 0.5, 0.5, 0.5, 0.5, 0.5, 0.5, 0.5, 0.5, 0.5, 0.5, 0.5, 0.5, 0.5, 0.5, 0.5, 0.5, 0.5, 0.5, 0.5, 0.5, 0.5, 0.5, 0.5, 0.5, 0.5, 0.5, 0.5, 0.5, 0.5, 0.5, 0.5, 0.5, 0.5, 0.5, 0.5, 0.5, 0.5, 0.5, 0.5, 0.5, 0.5, 0.5, 0.5, 0.5, 0.5, 0.5, 0.5, 0.5, 0.5, 0.5, 0.5, 0.5, 0.5, 0.5, 0.5, 0.5, 0.5, 0.5, 0.5, 0.5, 0.5, 0.5, 0.5, 0.5, 0.5, 0.5, 0.5, 0.5, 0.5, 0.5, 0.5, 0.5, 0.5, 0.5, 0.5, 0.5, 0.5, 0.5, 0.5, 0.5, 0.5, 0.5, 0.5, 0.5, 0.5, 0.5, 0.5, 0.5, 0.5, 0.5, 0.5, 0.5, 0.5, 0.5, 0.5, 0.5, 0.5, 0.5, 0.5, 0.5, 0.5, 0.5, 0.5, 0.5, 0.5, 0.5, 0.5, 0.5, 0.5, 0.5, 0.5, 0.5, 0.5, 0.5, 0.5, 0.5, 0.5, 0.5, 0.5, 0.5, 0.5, 0.5, 0.5, 0.5, 0.5, 0.5, 0.5, 0.5, 0.5, 0.5, 0.5, 0.5, 0.5, 0.5, 0.5, 0.5, 0.5, 0.5, 0.5, 0.5, 0.5, 0.5, 0.5, 0.5, 0.5, 0.5, 0.5, 0.5, 0.5, 0.5, 0.5, 0.5, 0.5, 0.5, 0.5, 0.5, 0.5, 0.5, 0.5, 0.5, 0.5, 0.5, 0.5, 0.5, 0.5, 0.5, 0.5, 0.5, 0.5, 0.5, 0.5, 0.5, 0.5, 0.5, 0.5, 0.5, 0.5, 0.5, 0.5, 0.5, 0.5, 0.5, 0.5, 0.5, 0.5, 0.5, 0.5, 0.5, 0.5, 0.5, 0.5, 0.5, 0.5, 0.5, 0.5, 0.5, 0.5, 0.5, 0.5, 0.5, 0.5, 0.5, 0.5, 0.5, 0.5, 0.5, 0.5, 0.5, 0.5, 0.5, 0.5, 0.5, 0.5, 0.5, 0.5, 0.5, 0.5, 0.5, 0.5, 0.5, 0.5, 0.5, 0.5, 0.5, 0.5, 0.5, 0.5, 0.5, 0.5, 0.5, 0.5, 0.5, 0.5, 0.5, 0.5, 0.5, 0.5, 0.5, 0.5, 0.5, 0.5, 0.5, 0.5, 0.5, 0.5, 0.5, 0.5, 0.5, 0.5, 0.5, 0.5, 0.5, 0.5, 0.5, 0.5, 0.5, 0.5, 0.5, 0.5, 0.5, 0.5, 0.5, 0.5, 0.5, 0.5, 0.5, 0.5, 0.5, 0.5, 0.5, 0.5, 0.5, 0.5, 0.5, 0.5, 0.5, 0.5, 0.5, 0.5, 0.5, 0.5, 0.5, 0.5, 0.5, 0.5, 0.5, 0.5, 0.5, 0.5, 0.5, 0.5, 0.5, 0.5, 0.5, 0.5, 0.5, 0.5, 0.5, 0.5, 0.5, 0.5, 0.5, 0.5, 0.5, 0.5, 0.5, 0.5, 0.5, 0.5, 0.5, 0.5, 0.5, 0.5, 0.5, 0.5, 0.5, 0.5, 0.5, 0.5, 0.5, 0.5, 0.5, 0.5, 0.5, 0.5, 0.5, 0.5, 0.5, 0.5, 0.5, 0.5, 0.5, 0.5, 0.5, 0.5, 0.5]",3
