qid,generation_gt,generated_texts,generated_tokens,generated_log_probs,kice_metric
2026_11_KICE_1-3_0,['3(2)'],"1번: 일치합니다. ""언어 이해는 말로 듣거나 글로 읽은 내용의 의미를 파악하는 능력으로, 중심 내용 파악하기, 추론하기 등을 포함한다.""

2번: 일치합니다. ""단순 관점에 따르면 해독과 언어 이해 중 어느 하나라도 부족한 독자는 독해에 어려움을 겪으며""와 ""독자 유형을 다음의 네 가지로 구분한다""는 내용에서 확인됩니다.

3번: 일치하지 않습니다. 지문에는 ""해독 발달에는 글자와 글자 소리에 대한 학습이 필수적이므로 글 읽기 경험과 말소리 듣기 경험이 모두 필요하다""고 되어 있어, 말소리 듣기 경험이 선행되어야 한다는 내용은 없습니다. 오히려 두 경험이 모두 필요하다고만 언급되어 있습니다.

4번: 일치합니다. ""그러나 독해 능력에 해독과 언어 이해가 미치는 영향을 규명함으로써 독해 능력 연구의 이론적 토대를 제공했다는 의의가 있다.""

5번: 일치합니다. ""글을 읽고 그 의미를 이해하는 독해에는 글의 유형이나 독서 흥미 등의 다양한 요소가 영향을 미칠 수 있다. 이를 고려하여 독해 능력을 복잡한 과정으로 설명한 연구가 많다.""

최종 정답: 3번","[16, 167, 110, 230, 25, 23821, 251, 120, 168, 117, 246, 47991, 102, 46695, 230, 46695, 97, 13, 366, 168, 244, 116, 168, 244, 112, 23821, 251, 112, 47991, 112, 167, 232, 242, 31619, 100, 238, 167, 94, 250, 31619, 241, 96, 166, 109, 108, 167, 224, 246, 220, 166, 116, 222, 167, 94, 250, 23821, 251, 121, 35975, 222, 31619, 224, 112, 168, 248, 102, 35975, 246, 23821, 251, 246, 167, 107, 116, 167, 98, 120, 220, 169, 234, 234, 168, 243, 227, 47991, 246, 167, 232, 242, 31619, 232, 98, 167, 254, 98, 168, 250, 120, 167, 94, 250, 11, 23821, 97, 239, 168, 233, 105, 31619, 224, 112, 168, 248, 102, 220, 169, 234, 234, 168, 243, 227, 47991, 246, 166, 116, 108, 11, 23821, 114, 242, 167, 94, 254, 47991, 246, 166, 116, 108, 31619, 241, 109, 35975, 226, 220, 169, 237, 105, 47991, 101, 47991, 250, 46695, 97, 526, 198, 198, 17, 167, 110, 230, 25, 23821, 251, 120, 168, 117, 246, 47991, 102, 46695, 230, 46695, 97, 13, 366, 46695, 101, 168, 230, 250, 220, 166, 112, 222, 168, 254, 238, 168, 245, 238, 31619, 242, 108, 167, 98, 112, 167, 102, 112, 220, 47991, 112, 167, 237, 227, 166, 111, 120, 23821, 244, 116, 168, 244, 112, 23821, 251, 112, 47991, 112, 23821, 97, 239, 23821, 244, 112, 167, 232, 238, 220, 47991, 246, 167, 224, 246, 167, 251, 120, 167, 237, 226, 31619, 114, 222, 168, 94, 109, 47991, 250, 31619, 237, 227, 168, 252, 238, 167, 232, 242, 31619, 237, 227, 47991, 112, 168, 245, 238, 23821, 244, 112, 167, 254, 97, 168, 249, 222, 35975, 226, 220, 166, 110, 103, 168, 250, 120, 167, 102, 108, 1, 168, 247, 222, 366, 167, 237, 227, 168, 252, 238, 23821, 250, 254, 169, 246, 243, 35975, 226, 31619, 233, 97, 35975, 234, 35975, 246, 31619, 226, 97, 220, 166, 108, 222, 168, 100, 222, 167, 94, 250, 220, 166, 113, 105, 167, 114, 226, 47991, 250, 46695, 97, 1, 167, 232, 242, 31619, 224, 112, 168, 248, 102, 168, 245, 238, 168, 226, 250, 220, 169, 247, 243, 35975, 116, 167, 238, 102, 46695, 230, 46695, 97, 13, 198, 198, 18, 167, 110, 230, 25, 23821, 251, 120, 168, 117, 246, 47991, 246, 168, 100, 222, 23821, 243, 232, 168, 232, 113, 46695, 230, 46695, 97, 13, 23821, 100, 222, 167, 105, 116, 168, 245, 238, 167, 232, 242, 366, 47991, 112, 167, 237, 227, 31619, 108, 250, 46695, 105, 168, 245, 238, 167, 232, 242, 220, 166, 116, 222, 168, 252, 238, 168, 247, 222, 220, 166, 116, 222, 168, 252, 238, 23821, 228, 234, 167, 99, 105, 168, 245, 238, 31619, 234, 222, 47991, 250, 220, 47991, 247, 168, 232, 113, 35975, 112, 220, 47991, 226, 168, 230, 246, 168, 254, 223, 35975, 112, 167, 107, 222, 167, 94, 250, 220, 166, 116, 222, 23821, 251, 121, 166, 116, 108, 220, 166, 110, 121, 169, 245, 246, 166, 111, 120, 31619, 100, 238, 168, 228, 234, 167, 99, 105, 31619, 241, 96, 166, 116, 108, 220, 166, 110, 121, 169, 245, 246, 35975, 112, 31619, 103, 101, 167, 239, 238, 220, 47991, 226, 168, 248, 242, 47991, 246, 46695, 97, 1, 166, 111, 254, 31619, 238, 246, 168, 244, 112, 23821, 252, 230, 168, 244, 112, 11, 31619, 100, 238, 168, 228, 234, 167, 99, 105, 31619, 241, 96, 166, 116, 108, 220, 166, 110, 121, 169, 245, 246, 35975, 112, 23821, 226, 254, 169, 244, 231, 167, 238, 246, 168, 244, 112, 168, 243, 120, 220, 47991, 250, 46695, 97, 167, 232, 242, 31619, 224, 112, 168, 248, 102, 35975, 222, 23821, 245, 228, 168, 232, 113, 46695, 230, 46695, 97, 13, 23821, 246, 97, 169, 252, 230, 167, 254, 97, 31619, 239, 238, 220, 166, 110, 121, 169, 245, 246, 35975, 112, 31619, 103, 101, 167, 239, 238, 220, 47991, 226, 168, 248, 242, 47991, 246, 46695, 97, 166, 111, 254, 167, 100, 234, 23821, 244, 116, 166, 116, 231, 167, 238, 246, 168, 244, 112, 23821, 252, 230, 168, 232, 113, 46695, 230, 46695, 97, 13, 198, 198, 19, 167, 110, 230, 25, 23821, 251, 120, 168, 117, 246, 47991, 102, 46695, 230, 46695, 97, 13, 366, 166, 115, 116, 167, 253, 105, 167, 224, 246, 31619, 237, 227, 47991, 112, 31619, 232, 98, 167, 254, 98, 168, 245, 238, 220, 47991, 112, 167, 237, 227, 166, 111, 120, 23821, 244, 116, 168, 244, 112, 23821, 251, 112, 47991, 112, 166, 108, 222, 31619, 107, 116, 168, 117, 246, 167, 232, 242, 23821, 246, 223, 169, 244, 98, 35975, 226, 220, 166, 115, 250, 167, 103, 227, 47991, 101, 168, 250, 120, 167, 94, 250, 168, 235, 101, 31619, 237, 227, 47991, 112, 31619, 232, 98, 167, 254, 98, 23821, 245, 108, 166, 113, 105, 35975, 246, 23821, 251, 112, 167, 94, 254, 168, 254, 223, 220, 169, 228, 254, 167, 234, 222, 167, 98, 120, 23821, 254, 250, 166, 111, 113, 169, 244, 230, 46695, 97, 167, 232, 242, 23821, 251, 246, 35975, 246, 166, 108, 222, 23821, 252, 230, 46695, 97, 526, 198, 198, 20, 167, 110, 230, 25, 23821, 251, 120, 168, 117, 246, 47991, 102, 46695, 230, 46695, 97, 13, 366, 166, 116, 222, 35975, 226, 23821, 251, 121, 166, 111, 254, 220, 166, 115, 116, 23821, 251, 246, 167, 107, 116, 167, 98, 120, 23821, 251, 112, 47991, 112, 47991, 246, 167, 232, 242, 31619, 237, 227, 47991, 112, 168, 245, 238, 167, 232, 242, 220, 166, 116, 222, 35975, 246, 23821, 250, 254, 169, 246, 243, 35975, 112, 167, 224, 246, 31619, 237, 227, 168, 226, 250, 220, 169, 251, 98, 167, 107, 116, 31619, 241, 109, 35975, 246, 31619, 233, 97, 168, 244, 239, 47991, 250, 23821, 248, 242, 168, 228, 234, 166, 108, 222, 23821, 246, 223, 169, 244, 98, 35975, 226, 31619, 107, 116, 168, 117, 254, 23821, 230, 246, 23821, 252, 230, 46695, 97, 13, 23821, 251, 112, 167, 98, 120, 220, 166, 111, 254, 167, 254, 97, 47991, 246, 168, 245, 105, 31619, 237, 227, 47991, 112, 31619, 232, 98, 167, 254, 98, 35975, 226, 31619, 111, 113, 168, 252, 94, 47991, 250, 220, 166, 111, 120, 168, 254, 243, 168, 250, 120, 167, 94, 250, 23821, 226, 97, 167, 103, 227, 47991, 250, 23821, 245, 108, 166, 113, 105, 166, 108, 222, 31619, 100, 236, 46695, 97, 526, 198, 198, 168, 113, 250, 168, 95, 227, 23821, 254, 243, 46695, 113, 25, 513, 167, 110, 230]","[0.5, 0.5, 0.5, 0.5, 0.5, 0.5, 0.5, 0.5, 0.5, 0.5, 0.5, 0.5, 0.5, 0.5, 0.5, 0.5, 0.5, 0.5, 0.5, 0.5, 0.5, 0.5, 0.5, 0.5, 0.5, 0.5, 0.5, 0.5, 0.5, 0.5, 0.5, 0.5, 0.5, 0.5, 0.5, 0.5, 0.5, 0.5, 0.5, 0.5, 0.5, 0.5, 0.5, 0.5, 0.5, 0.5, 0.5, 0.5, 0.5, 0.5, 0.5, 0.5, 0.5, 0.5, 0.5, 0.5, 0.5, 0.5, 0.5, 0.5, 0.5, 0.5, 0.5, 0.5, 0.5, 0.5, 0.5, 0.5, 0.5, 0.5, 0.5, 0.5, 0.5, 0.5, 0.5, 0.5, 0.5, 0.5, 0.5, 0.5, 0.5, 0.5, 0.5, 0.5, 0.5, 0.5, 0.5, 0.5, 0.5, 0.5, 0.5, 0.5, 0.5, 0.5, 0.5, 0.5, 0.5, 0.5, 0.5, 0.5, 0.5, 0.5, 0.5, 0.5, 0.5, 0.5, 0.5, 0.5, 0.5, 0.5, 0.5, 0.5, 0.5, 0.5, 0.5, 0.5, 0.5, 0.5, 0.5, 0.5, 0.5, 0.5, 0.5, 0.5, 0.5, 0.5, 0.5, 0.5, 0.5, 0.5, 0.5, 0.5, 0.5, 0.5, 0.5, 0.5, 0.5, 0.5, 0.5, 0.5, 0.5, 0.5, 0.5, 0.5, 0.5, 0.5, 0.5, 0.5, 0.5, 0.5, 0.5, 0.5, 0.5, 0.5, 0.5, 0.5, 0.5, 0.5, 0.5, 0.5, 0.5, 0.5, 0.5, 0.5, 0.5, 0.5, 0.5, 0.5, 0.5, 0.5, 0.5, 0.5, 0.5, 0.5, 0.5, 0.5, 0.5, 0.5, 0.5, 0.5, 0.5, 0.5, 0.5, 0.5, 0.5, 0.5, 0.5, 0.5, 0.5, 0.5, 0.5, 0.5, 0.5, 0.5, 0.5, 0.5, 0.5, 0.5, 0.5, 0.5, 0.5, 0.5, 0.5, 0.5, 0.5, 0.5, 0.5, 0.5, 0.5, 0.5, 0.5, 0.5, 0.5, 0.5, 0.5, 0.5, 0.5, 0.5, 0.5, 0.5, 0.5, 0.5, 0.5, 0.5, 0.5, 0.5, 0.5, 0.5, 0.5, 0.5, 0.5, 0.5, 0.5, 0.5, 0.5, 0.5, 0.5, 0.5, 0.5, 0.5, 0.5, 0.5, 0.5, 0.5, 0.5, 0.5, 0.5, 0.5, 0.5, 0.5, 0.5, 0.5, 0.5, 0.5, 0.5, 0.5, 0.5, 0.5, 0.5, 0.5, 0.5, 0.5, 0.5, 0.5, 0.5, 0.5, 0.5, 0.5, 0.5, 0.5, 0.5, 0.5, 0.5, 0.5, 0.5, 0.5, 0.5, 0.5, 0.5, 0.5, 0.5, 0.5, 0.5, 0.5, 0.5, 0.5, 0.5, 0.5, 0.5, 0.5, 0.5, 0.5, 0.5, 0.5, 0.5, 0.5, 0.5, 0.5, 0.5, 0.5, 0.5, 0.5, 0.5, 0.5, 0.5, 0.5, 0.5, 0.5, 0.5, 0.5, 0.5, 0.5, 0.5, 0.5, 0.5, 0.5, 0.5, 0.5, 0.5, 0.5, 0.5, 0.5, 0.5, 0.5, 0.5, 0.5, 0.5, 0.5, 0.5, 0.5, 0.5, 0.5, 0.5, 0.5, 0.5, 0.5, 0.5, 0.5, 0.5, 0.5, 0.5, 0.5, 0.5, 0.5, 0.5, 0.5, 0.5, 0.5, 0.5, 0.5, 0.5, 0.5, 0.5, 0.5, 0.5, 0.5, 0.5, 0.5, 0.5, 0.5, 0.5, 0.5, 0.5, 0.5, 0.5, 0.5, 0.5, 0.5, 0.5, 0.5, 0.5, 0.5, 0.5, 0.5, 0.5, 0.5, 0.5, 0.5, 0.5, 0.5, 0.5, 0.5, 0.5, 0.5, 0.5, 0.5, 0.5, 0.5, 0.5, 0.5, 0.5, 0.5, 0.5, 0.5, 0.5, 0.5, 0.5, 0.5, 0.5, 0.5, 0.5, 0.5, 0.5, 0.5, 0.5, 0.5, 0.5, 0.5, 0.5, 0.5, 0.5, 0.5, 0.5, 0.5, 0.5, 0.5, 0.5, 0.5, 0.5, 0.5, 0.5, 0.5, 0.5, 0.5, 0.5, 0.5, 0.5, 0.5, 0.5, 0.5, 0.5, 0.5, 0.5, 0.5, 0.5, 0.5, 0.5, 0.5, 0.5, 0.5, 0.5, 0.5, 0.5, 0.5, 0.5, 0.5, 0.5, 0.5, 0.5, 0.5, 0.5, 0.5, 0.5, 0.5, 0.5, 0.5, 0.5, 0.5, 0.5, 0.5, 0.5, 0.5, 0.5, 0.5, 0.5, 0.5, 0.5, 0.5, 0.5, 0.5, 0.5, 0.5, 0.5, 0.5, 0.5, 0.5, 0.5, 0.5, 0.5, 0.5, 0.5, 0.5, 0.5, 0.5, 0.5, 0.5, 0.5, 0.5, 0.5, 0.5, 0.5, 0.5, 0.5, 0.5, 0.5, 0.5, 0.5, 0.5, 0.5, 0.5, 0.5, 0.5, 0.5, 0.5, 0.5, 0.5, 0.5, 0.5, 0.5, 0.5, 0.5, 0.5, 0.5, 0.5, 0.5, 0.5, 0.5, 0.5, 0.5, 0.5, 0.5, 0.5, 0.5, 0.5, 0.5, 0.5, 0.5, 0.5, 0.5, 0.5, 0.5, 0.5, 0.5, 0.5, 0.5, 0.5, 0.5, 0.5, 0.5, 0.5, 0.5, 0.5, 0.5, 0.5, 0.5, 0.5, 0.5, 0.5, 0.5, 0.5, 0.5, 0.5, 0.5, 0.5, 0.5, 0.5, 0.5, 0.5, 0.5, 0.5, 0.5, 0.5, 0.5, 0.5, 0.5, 0.5, 0.5, 0.5, 0.5, 0.5, 0.5, 0.5, 0.5, 0.5, 0.5, 0.5, 0.5, 0.5, 0.5, 0.5, 0.5, 0.5, 0.5, 0.5, 0.5, 0.5, 0.5, 0.5, 0.5, 0.5, 0.5, 0.5, 0.5, 0.5, 0.5, 0.5, 0.5, 0.5, 0.5, 0.5, 0.5, 0.5, 0.5, 0.5, 0.5, 0.5, 0.5, 0.5, 0.5, 0.5, 0.5, 0.5, 0.5, 0.5, 0.5, 0.5, 0.5, 0.5, 0.5, 0.5, 0.5, 0.5, 0.5, 0.5, 0.5, 0.5, 0.5, 0.5, 0.5, 0.5, 0.5, 0.5, 0.5, 0.5, 0.5, 0.5, 0.5, 0.5, 0.5, 0.5, 0.5, 0.5, 0.5, 0.5, 0.5, 0.5, 0.5, 0.5, 0.5, 0.5, 0.5, 0.5, 0.5, 0.5, 0.5, 0.5, 0.5, 0.5, 0.5, 0.5, 0.5, 0.5, 0.5, 0.5, 0.5, 0.5, 0.5, 0.5, 0.5, 0.5, 0.5, 0.5, 0.5, 0.5, 0.5, 0.5, 0.5, 0.5, 0.5, 0.5, 0.5, 0.5, 0.5, 0.5, 0.5, 0.5, 0.5, 0.5, 0.5, 0.5, 0.5, 0.5, 0.5, 0.5, 0.5, 0.5, 0.5, 0.5, 0.5, 0.5, 0.5, 0.5, 0.5, 0.5, 0.5, 0.5, 0.5, 0.5, 0.5, 0.5, 0.5, 0.5, 0.5, 0.5, 0.5, 0.5, 0.5, 0.5, 0.5, 0.5, 0.5, 0.5, 0.5, 0.5, 0.5, 0.5, 0.5, 0.5, 0.5, 0.5, 0.5, 0.5, 0.5, 0.5, 0.5, 0.5, 0.5, 0.5, 0.5, 0.5, 0.5, 0.5, 0.5, 0.5, 0.5, 0.5, 0.5, 0.5, 0.5, 0.5, 0.5, 0.5, 0.5, 0.5, 0.5, 0.5, 0.5, 0.5, 0.5, 0.5, 0.5, 0.5, 0.5, 0.5, 0.5, 0.5, 0.5, 0.5, 0.5, 0.5, 0.5, 0.5, 0.5, 0.5, 0.5, 0.5, 0.5, 0.5, 0.5, 0.5, 0.5, 0.5, 0.5, 0.5, 0.5, 0.5, 0.5, 0.5, 0.5, 0.5, 0.5, 0.5, 0.5, 0.5, 0.5, 0.5, 0.5, 0.5, 0.5, 0.5, 0.5, 0.5, 0.5, 0.5, 0.5, 0.5, 0.5, 0.5, 0.5, 0.5, 0.5, 0.5, 0.5, 0.5, 0.5, 0.5, 0.5, 0.5, 0.5, 0.5, 0.5, 0.5, 0.5, 0.5, 0.5, 0.5, 0.5, 0.5, 0.5, 0.5, 0.5, 0.5, 0.5, 0.5, 0.5, 0.5, 0.5, 0.5, 0.5, 0.5, 0.5, 0.5, 0.5, 0.5, 0.5, 0.5, 0.5, 0.5, 0.5, 0.5, 0.5, 0.5, 0.5, 0.5, 0.5, 0.5, 0.5, 0.5, 0.5, 0.5, 0.5, 0.5, 0.5, 0.5, 0.5, 0.5, 0.5, 0.5, 0.5, 0.5, 0.5, 0.5, 0.5, 0.5, 0.5, 0.5, 0.5, 0.5, 0.5, 0.5, 0.5, 0.5, 0.5, 0.5, 0.5, 0.5, 0.5, 0.5, 0.5, 0.5, 0.5, 0.5, 0.5, 0.5, 0.5, 0.5, 0.5, 0.5, 0.5, 0.5, 0.5, 0.5, 0.5, 0.5, 0.5, 0.5, 0.5, 0.5, 0.5, 0.5, 0.5, 0.5, 0.5, 0.5, 0.5, 0.5, 0.5, 0.5, 0.5, 0.5, 0.5, 0.5, 0.5, 0.5, 0.5, 0.5, 0.5, 0.5, 0.5, 0.5, 0.5, 0.5, 0.5, 0.5, 0.5, 0.5, 0.5, 0.5, 0.5, 0.5, 0.5, 0.5, 0.5, 0.5, 0.5, 0.5, 0.5, 0.5, 0.5, 0.5, 0.5, 0.5, 0.5, 0.5, 0.5, 0.5, 0.5, 0.5, 0.5, 0.5, 0.5, 0.5, 0.5, 0.5, 0.5, 0.5, 0.5, 0.5, 0.5, 0.5, 0.5, 0.5, 0.5, 0.5, 0.5, 0.5, 0.5, 0.5, 0.5, 0.5, 0.5, 0.5, 0.5, 0.5, 0.5, 0.5, 0.5, 0.5, 0.5, 0.5, 0.5, 0.5, 0.5, 0.5, 0.5, 0.5, 0.5, 0.5, 0.5, 0.5, 0.5, 0.5, 0.5, 0.5, 0.5, 0.5, 0.5, 0.5, 0.5, 0.5, 0.5, 0.5, 0.5, 0.5, 0.5, 0.5, 0.5, 0.5, 0.5, 0.5, 0.5, 0.5, 0.5, 0.5, 0.5, 0.5, 0.5, 0.5, 0.5, 0.5, 0.5, 0.5, 0.5, 0.5, 0.5, 0.5, 0.5, 0.5, 0.5, 0.5, 0.5, 0.5, 0.5, 0.5, 0.5, 0.5, 0.5, 0.5, 0.5, 0.5, 0.5, 0.5, 0.5, 0.5, 0.5, 0.5, 0.5, 0.5, 0.5, 0.5, 0.5, 0.5, 0.5, 0.5, 0.5, 0.5, 0.5, 0.5, 0.5, 0.5, 0.5, 0.5, 0.5, 0.5, 0.5, 0.5, 0.5, 0.5, 0.5, 0.5, 0.5, 0.5, 0.5, 0.5, 0.5, 0.5, 0.5, 0.5, 0.5, 0.5, 0.5]",2
2026_11_KICE_1-3_1,['5(2)'],"1번: (선택지 1번에 대한 답변) 
- 틀림. 지문에서 ""해독이 부족한 독자 유형""을 다루고 있으며, 이들이 독해에 어려움을 겪는다고 명시하고 있음.
- ""해독과 언어 이해 중 어느 하나라도 부족한 독자는 독해에 어려움을 겪으며, 능숙한 독해 수준에 도달하기도 힘들다.""

2번: (선택지 2번에 대한 답변)
- 틀림. 오히려 단순 관점은 독해의 어려움을 구체적으로 설명하고 있음.
- ""해독과 언어 이해 중 어느 하나라도 부족한 독자는 독해에 어려움을 겪으며, 능숙한 독해 수준에 도달하기도 힘들다.""

3번: (선택지 3번에 대한 답변)
- 틀림. 단순 관점은 해독과 언어 이해를 동등하게 중요하게 다루고 있음.
- ""해독과 언어 이해 중 어느 하나라도 부족한 독자는 독해에 어려움을 겪는다""고 명시하고 있음.

4번: (선택지 4번에 대한 답변)
- 틀림. 오히려 지문에서는 해독 발달을 위해 ""글 읽기 경험과 말소리 듣기 경험이 모두 필요하다""고 언급하고 있음.
- ""해독 발달에는 글자와 글자 소리에 대한 학습이 필수적이므로 글 읽기 경험과 말소리 듣기 경험이 모두 필요하다.""

5번: (선택지 5번에 대한 답변)
- 맞음. 지문 마지막 단락에서 단순 관점의 한계로 ""독자의 머릿속에서 일어나는 작용이 어떤 과정을 거치는지 설명하지는 않는다""고 명시하고 있음.
- ""단순 관점은 글자를 단어로 인식하고 글의 내용을 파악하여 그 의미를 이해하기까지 독자의 머릿속에서 일어나는 작용이 어떤 과정을 거치는지 설명하지는 않는다.""

최종 정답: 5번","[16, 167, 110, 230, 25, 357, 168, 226, 254, 169, 225, 251, 168, 100, 222, 352, 167, 110, 230, 168, 245, 238, 31619, 234, 222, 47991, 250, 31619, 233, 113, 167, 111, 222, 8, 220, 198, 12, 220, 169, 233, 222, 167, 99, 120, 13, 23821, 100, 222, 167, 105, 116, 168, 245, 238, 168, 226, 250, 366, 47991, 112, 167, 237, 227, 35975, 112, 31619, 114, 222, 168, 94, 109, 47991, 250, 31619, 237, 227, 168, 252, 238, 23821, 250, 254, 169, 246, 243, 1, 35975, 226, 31619, 233, 97, 167, 96, 101, 166, 111, 254, 23821, 252, 230, 168, 250, 120, 167, 102, 108, 11, 23821, 251, 112, 167, 241, 97, 35975, 112, 31619, 237, 227, 47991, 112, 168, 245, 238, 23821, 244, 112, 167, 254, 97, 168, 249, 222, 35975, 226, 220, 166, 110, 103, 167, 232, 242, 46695, 97, 166, 111, 254, 31619, 103, 227, 168, 233, 250, 47991, 246, 166, 111, 254, 23821, 252, 230, 35975, 234, 13, 198, 12, 366, 47991, 112, 167, 237, 227, 166, 111, 120, 23821, 244, 116, 168, 244, 112, 23821, 251, 112, 47991, 112, 23821, 97, 239, 23821, 244, 112, 167, 232, 238, 220, 47991, 246, 167, 224, 246, 167, 251, 120, 167, 237, 226, 31619, 114, 222, 168, 94, 109, 47991, 250, 31619, 237, 227, 168, 252, 238, 167, 232, 242, 31619, 237, 227, 47991, 112, 168, 245, 238, 23821, 244, 112, 167, 254, 97, 168, 249, 222, 35975, 226, 220, 166, 110, 103, 168, 250, 120, 167, 102, 108, 11, 31619, 232, 98, 168, 230, 247, 47991, 250, 31619, 237, 227, 47991, 112, 23821, 230, 246, 168, 97, 222, 168, 245, 238, 31619, 237, 226, 46695, 105, 47991, 246, 166, 116, 108, 167, 237, 226, 220, 169, 252, 246, 167, 241, 97, 46695, 97, 526, 198, 198, 17, 167, 110, 230, 25, 357, 168, 226, 254, 169, 225, 251, 168, 100, 222, 362, 167, 110, 230, 168, 245, 238, 31619, 234, 222, 47991, 250, 31619, 233, 113, 167, 111, 222, 8, 198, 12, 220, 169, 233, 222, 167, 99, 120, 13, 23821, 246, 97, 169, 252, 230, 167, 254, 97, 31619, 233, 101, 168, 230, 250, 220, 166, 112, 222, 168, 254, 238, 35975, 222, 31619, 237, 227, 47991, 112, 35975, 246, 23821, 244, 112, 167, 254, 97, 168, 249, 222, 35975, 226, 220, 166, 113, 105, 168, 110, 112, 168, 254, 223, 168, 250, 120, 167, 94, 250, 23821, 226, 97, 167, 103, 227, 47991, 246, 166, 111, 254, 23821, 252, 230, 35975, 234, 13, 198, 12, 366, 47991, 112, 167, 237, 227, 166, 111, 120, 23821, 244, 116, 168, 244, 112, 23821, 251, 112, 47991, 112, 23821, 97, 239, 23821, 244, 112, 167, 232, 238, 220, 47991, 246, 167, 224, 246, 167, 251, 120, 167, 237, 226, 31619, 114, 222, 168, 94, 109, 47991, 250, 31619, 237, 227, 168, 252, 238, 167, 232, 242, 31619, 237, 227, 47991, 112, 168, 245, 238, 23821, 244, 112, 167, 254, 97, 168, 249, 222, 35975, 226, 220, 166, 110, 103, 168, 250, 120, 167, 102, 108, 11, 31619, 232, 98, 168, 230, 247, 47991, 250, 31619, 237, 227, 47991, 112, 23821, 230, 246, 168, 97, 222, 168, 245, 238, 31619, 237, 226, 46695, 105, 47991, 246, 166, 116, 108, 167, 237, 226, 220, 169, 252, 246, 167, 241, 97, 46695, 97, 526, 198, 198, 18, 167, 110, 230, 25, 357, 168, 226, 254, 169, 225, 251, 168, 100, 222, 513, 167, 110, 230, 168, 245, 238, 31619, 234, 222, 47991, 250, 31619, 233, 113, 167, 111, 222, 8, 198, 12, 220, 169, 233, 222, 167, 99, 120, 13, 31619, 233, 101, 168, 230, 250, 220, 166, 112, 222, 168, 254, 238, 35975, 222, 220, 47991, 112, 167, 237, 227, 166, 111, 120, 23821, 244, 116, 168, 244, 112, 23821, 251, 112, 47991, 112, 167, 98, 120, 31619, 237, 247, 167, 241, 109, 47991, 246, 166, 110, 234, 23821, 97, 239, 168, 248, 242, 47991, 246, 166, 110, 234, 31619, 233, 97, 167, 96, 101, 166, 111, 254, 23821, 252, 230, 35975, 234, 13, 198, 12, 366, 47991, 112, 167, 237, 227, 166, 111, 120, 23821, 244, 116, 168, 244, 112, 23821, 251, 112, 47991, 112, 23821, 97, 239, 23821, 244, 112, 167, 232, 238, 220, 47991, 246, 167, 224, 246, 167, 251, 120, 167, 237, 226, 31619, 114, 222, 168, 94, 109, 47991, 250, 31619, 237, 227, 168, 252, 238, 167, 232, 242, 31619, 237, 227, 47991, 112, 168, 245, 238, 23821, 244, 112, 167, 254, 97, 168, 249, 222, 35975, 226, 220, 166, 110, 103, 167, 232, 242, 46695, 97, 1, 166, 111, 254, 31619, 103, 227, 168, 233, 250, 47991, 246, 166, 111, 254, 23821, 252, 230, 35975, 234, 13, 198, 198, 19, 167, 110, 230, 25, 357, 168, 226, 254, 169, 225, 251, 168, 100, 222, 604, 167, 110, 230, 168, 245, 238, 31619, 234, 222, 47991, 250, 31619, 233, 113, 167, 111, 222, 8, 198, 12, 220, 169, 233, 222, 167, 99, 120, 13, 23821, 246, 97, 169, 252, 230, 167, 254, 97, 23821, 100, 222, 167, 105, 116, 168, 245, 238, 168, 226, 250, 167, 232, 242, 220, 47991, 112, 167, 237, 227, 31619, 108, 250, 46695, 105, 35975, 226, 23821, 250, 226, 47991, 112, 366, 166, 116, 222, 23821, 251, 121, 166, 116, 108, 220, 166, 110, 121, 169, 245, 246, 166, 111, 120, 31619, 100, 238, 168, 228, 234, 167, 99, 105, 31619, 241, 96, 166, 116, 108, 220, 166, 110, 121, 169, 245, 246, 35975, 112, 31619, 103, 101, 167, 239, 238, 220, 47991, 226, 168, 248, 242, 47991, 246, 46695, 97, 1, 166, 111, 254, 23821, 244, 116, 166, 116, 231, 47991, 246, 166, 111, 254, 23821, 252, 230, 35975, 234, 13, 198, 12, 366, 47991, 112, 167, 237, 227, 31619, 108, 250, 46695, 105, 168, 245, 238, 167, 232, 242, 220, 166, 116, 222, 168, 252, 238, 168, 247, 222, 220, 166, 116, 222, 168, 252, 238, 23821, 228, 234, 167, 99, 105, 168, 245, 238, 31619, 234, 222, 47991, 250, 220, 47991, 247, 168, 232, 113, 35975, 112, 220, 47991, 226, 168, 230, 246, 168, 254, 223, 35975, 112, 167, 107, 222, 167, 94, 250, 220, 166, 116, 222, 23821, 251, 121, 166, 116, 108, 220, 166, 110, 121, 169, 245, 246, 166, 111, 120, 31619, 100, 238, 168, 228, 234, 167, 99, 105, 31619, 241, 96, 166, 116, 108, 220, 166, 110, 121, 169, 245, 246, 35975, 112, 31619, 103, 101, 167, 239, 238, 220, 47991, 226, 168, 248, 242, 47991, 246, 46695, 97, 526, 198, 198, 20, 167, 110, 230, 25, 357, 168, 226, 254, 169, 225, 251, 168, 100, 222, 642, 167, 110, 230, 168, 245, 238, 31619, 234, 222, 47991, 250, 31619, 233, 113, 167, 111, 222, 8, 198, 12, 31619, 100, 252, 35975, 234, 13, 23821, 100, 222, 167, 105, 116, 31619, 100, 230, 168, 100, 222, 167, 100, 231, 31619, 233, 101, 167, 251, 121, 168, 245, 238, 168, 226, 250, 31619, 233, 101, 168, 230, 250, 220, 166, 112, 222, 168, 254, 238, 35975, 246, 220, 47991, 250, 166, 111, 226, 167, 94, 250, 366, 167, 237, 227, 168, 252, 238, 35975, 246, 31619, 101, 116, 167, 99, 123, 168, 228, 235, 168, 245, 238, 168, 226, 250, 23821, 251, 120, 168, 244, 112, 167, 224, 246, 167, 232, 242, 23821, 252, 239, 168, 248, 102, 35975, 112, 23821, 244, 112, 167, 244, 97, 220, 166, 111, 120, 168, 254, 243, 35975, 226, 220, 166, 109, 108, 168, 117, 246, 167, 232, 242, 168, 100, 222, 23821, 226, 97, 167, 103, 227, 47991, 246, 168, 100, 222, 167, 232, 242, 23821, 243, 232, 167, 232, 242, 46695, 97, 1, 166, 111, 254, 31619, 103, 227, 168, 233, 250, 47991, 246, 166, 111, 254, 23821, 252, 230, 35975, 234, 13, 198, 12, 366, 46695, 101, 168, 230, 250, 220, 166, 112, 222, 168, 254, 238, 35975, 222, 220, 166, 116, 222, 168, 252, 238, 167, 98, 120, 31619, 233, 101, 168, 244, 112, 167, 94, 250, 23821, 251, 116, 168, 233, 251, 47991, 246, 166, 111, 254, 220, 166, 116, 222, 35975, 246, 31619, 224, 112, 168, 248, 102, 35975, 226, 220, 169, 234, 234, 168, 243, 227, 47991, 246, 168, 245, 105, 220, 166, 115, 116, 23821, 251, 246, 167, 107, 116, 167, 98, 120, 23821, 251, 112, 47991, 112, 47991, 246, 166, 116, 108, 166, 117, 234, 168, 100, 222, 31619, 237, 227, 168, 252, 238, 35975, 246, 31619, 101, 116, 167, 99, 123, 168, 228, 235, 168, 245, 238, 168, 226, 250, 23821, 251, 120, 168, 244, 112, 167, 224, 246, 167, 232, 242, 23821, 252, 239, 168, 248, 102, 35975, 112, 23821, 244, 112, 167, 244, 97, 220, 166, 111, 120, 168, 254, 243, 35975, 226, 220, 166, 109, 108, 168, 117, 246, 167, 232, 242, 168, 100, 222, 23821, 226, 97, 167, 103, 227, 47991, 246, 168, 100, 222, 167, 232, 242, 23821, 243, 232, 167, 232, 242, 46695, 97, 526, 198, 198, 168, 113, 250, 168, 95, 227, 23821, 254, 243, 46695, 113, 25, 642, 167, 110, 230]","[0.5, 0.5, 0.5, 0.5, 0.5, 0.5, 0.5, 0.5, 0.5, 0.5, 0.5, 0.5, 0.5, 0.5, 0.5, 0.5, 0.5, 0.5, 0.5, 0.5, 0.5, 0.5, 0.5, 0.5, 0.5, 0.5, 0.5, 0.5, 0.5, 0.5, 0.5, 0.5, 0.5, 0.5, 0.5, 0.5, 0.5, 0.5, 0.5, 0.5, 0.5, 0.5, 0.5, 0.5, 0.5, 0.5, 0.5, 0.5, 0.5, 0.5, 0.5, 0.5, 0.5, 0.5, 0.5, 0.5, 0.5, 0.5, 0.5, 0.5, 0.5, 0.5, 0.5, 0.5, 0.5, 0.5, 0.5, 0.5, 0.5, 0.5, 0.5, 0.5, 0.5, 0.5, 0.5, 0.5, 0.5, 0.5, 0.5, 0.5, 0.5, 0.5, 0.5, 0.5, 0.5, 0.5, 0.5, 0.5, 0.5, 0.5, 0.5, 0.5, 0.5, 0.5, 0.5, 0.5, 0.5, 0.5, 0.5, 0.5, 0.5, 0.5, 0.5, 0.5, 0.5, 0.5, 0.5, 0.5, 0.5, 0.5, 0.5, 0.5, 0.5, 0.5, 0.5, 0.5, 0.5, 0.5, 0.5, 0.5, 0.5, 0.5, 0.5, 0.5, 0.5, 0.5, 0.5, 0.5, 0.5, 0.5, 0.5, 0.5, 0.5, 0.5, 0.5, 0.5, 0.5, 0.5, 0.5, 0.5, 0.5, 0.5, 0.5, 0.5, 0.5, 0.5, 0.5, 0.5, 0.5, 0.5, 0.5, 0.5, 0.5, 0.5, 0.5, 0.5, 0.5, 0.5, 0.5, 0.5, 0.5, 0.5, 0.5, 0.5, 0.5, 0.5, 0.5, 0.5, 0.5, 0.5, 0.5, 0.5, 0.5, 0.5, 0.5, 0.5, 0.5, 0.5, 0.5, 0.5, 0.5, 0.5, 0.5, 0.5, 0.5, 0.5, 0.5, 0.5, 0.5, 0.5, 0.5, 0.5, 0.5, 0.5, 0.5, 0.5, 0.5, 0.5, 0.5, 0.5, 0.5, 0.5, 0.5, 0.5, 0.5, 0.5, 0.5, 0.5, 0.5, 0.5, 0.5, 0.5, 0.5, 0.5, 0.5, 0.5, 0.5, 0.5, 0.5, 0.5, 0.5, 0.5, 0.5, 0.5, 0.5, 0.5, 0.5, 0.5, 0.5, 0.5, 0.5, 0.5, 0.5, 0.5, 0.5, 0.5, 0.5, 0.5, 0.5, 0.5, 0.5, 0.5, 0.5, 0.5, 0.5, 0.5, 0.5, 0.5, 0.5, 0.5, 0.5, 0.5, 0.5, 0.5, 0.5, 0.5, 0.5, 0.5, 0.5, 0.5, 0.5, 0.5, 0.5, 0.5, 0.5, 0.5, 0.5, 0.5, 0.5, 0.5, 0.5, 0.5, 0.5, 0.5, 0.5, 0.5, 0.5, 0.5, 0.5, 0.5, 0.5, 0.5, 0.5, 0.5, 0.5, 0.5, 0.5, 0.5, 0.5, 0.5, 0.5, 0.5, 0.5, 0.5, 0.5, 0.5, 0.5, 0.5, 0.5, 0.5, 0.5, 0.5, 0.5, 0.5, 0.5, 0.5, 0.5, 0.5, 0.5, 0.5, 0.5, 0.5, 0.5, 0.5, 0.5, 0.5, 0.5, 0.5, 0.5, 0.5, 0.5, 0.5, 0.5, 0.5, 0.5, 0.5, 0.5, 0.5, 0.5, 0.5, 0.5, 0.5, 0.5, 0.5, 0.5, 0.5, 0.5, 0.5, 0.5, 0.5, 0.5, 0.5, 0.5, 0.5, 0.5, 0.5, 0.5, 0.5, 0.5, 0.5, 0.5, 0.5, 0.5, 0.5, 0.5, 0.5, 0.5, 0.5, 0.5, 0.5, 0.5, 0.5, 0.5, 0.5, 0.5, 0.5, 0.5, 0.5, 0.5, 0.5, 0.5, 0.5, 0.5, 0.5, 0.5, 0.5, 0.5, 0.5, 0.5, 0.5, 0.5, 0.5, 0.5, 0.5, 0.5, 0.5, 0.5, 0.5, 0.5, 0.5, 0.5, 0.5, 0.5, 0.5, 0.5, 0.5, 0.5, 0.5, 0.5, 0.5, 0.5, 0.5, 0.5, 0.5, 0.5, 0.5, 0.5, 0.5, 0.5, 0.5, 0.5, 0.5, 0.5, 0.5, 0.5, 0.5, 0.5, 0.5, 0.5, 0.5, 0.5, 0.5, 0.5, 0.5, 0.5, 0.5, 0.5, 0.5, 0.5, 0.5, 0.5, 0.5, 0.5, 0.5, 0.5, 0.5, 0.5, 0.5, 0.5, 0.5, 0.5, 0.5, 0.5, 0.5, 0.5, 0.5, 0.5, 0.5, 0.5, 0.5, 0.5, 0.5, 0.5, 0.5, 0.5, 0.5, 0.5, 0.5, 0.5, 0.5, 0.5, 0.5, 0.5, 0.5, 0.5, 0.5, 0.5, 0.5, 0.5, 0.5, 0.5, 0.5, 0.5, 0.5, 0.5, 0.5, 0.5, 0.5, 0.5, 0.5, 0.5, 0.5, 0.5, 0.5, 0.5, 0.5, 0.5, 0.5, 0.5, 0.5, 0.5, 0.5, 0.5, 0.5, 0.5, 0.5, 0.5, 0.5, 0.5, 0.5, 0.5, 0.5, 0.5, 0.5, 0.5, 0.5, 0.5, 0.5, 0.5, 0.5, 0.5, 0.5, 0.5, 0.5, 0.5, 0.5, 0.5, 0.5, 0.5, 0.5, 0.5, 0.5, 0.5, 0.5, 0.5, 0.5, 0.5, 0.5, 0.5, 0.5, 0.5, 0.5, 0.5, 0.5, 0.5, 0.5, 0.5, 0.5, 0.5, 0.5, 0.5, 0.5, 0.5, 0.5, 0.5, 0.5, 0.5, 0.5, 0.5, 0.5, 0.5, 0.5, 0.5, 0.5, 0.5, 0.5, 0.5, 0.5, 0.5, 0.5, 0.5, 0.5, 0.5, 0.5, 0.5, 0.5, 0.5, 0.5, 0.5, 0.5, 0.5, 0.5, 0.5, 0.5, 0.5, 0.5, 0.5, 0.5, 0.5, 0.5, 0.5, 0.5, 0.5, 0.5, 0.5, 0.5, 0.5, 0.5, 0.5, 0.5, 0.5, 0.5, 0.5, 0.5, 0.5, 0.5, 0.5, 0.5, 0.5, 0.5, 0.5, 0.5, 0.5, 0.5, 0.5, 0.5, 0.5, 0.5, 0.5, 0.5, 0.5, 0.5, 0.5, 0.5, 0.5, 0.5, 0.5, 0.5, 0.5, 0.5, 0.5, 0.5, 0.5, 0.5, 0.5, 0.5, 0.5, 0.5, 0.5, 0.5, 0.5, 0.5, 0.5, 0.5, 0.5, 0.5, 0.5, 0.5, 0.5, 0.5, 0.5, 0.5, 0.5, 0.5, 0.5, 0.5, 0.5, 0.5, 0.5, 0.5, 0.5, 0.5, 0.5, 0.5, 0.5, 0.5, 0.5, 0.5, 0.5, 0.5, 0.5, 0.5, 0.5, 0.5, 0.5, 0.5, 0.5, 0.5, 0.5, 0.5, 0.5, 0.5, 0.5, 0.5, 0.5, 0.5, 0.5, 0.5, 0.5, 0.5, 0.5, 0.5, 0.5, 0.5, 0.5, 0.5, 0.5, 0.5, 0.5, 0.5, 0.5, 0.5, 0.5, 0.5, 0.5, 0.5, 0.5, 0.5, 0.5, 0.5, 0.5, 0.5, 0.5, 0.5, 0.5, 0.5, 0.5, 0.5, 0.5, 0.5, 0.5, 0.5, 0.5, 0.5, 0.5, 0.5, 0.5, 0.5, 0.5, 0.5, 0.5, 0.5, 0.5, 0.5, 0.5, 0.5, 0.5, 0.5, 0.5, 0.5, 0.5, 0.5, 0.5, 0.5, 0.5, 0.5, 0.5, 0.5, 0.5, 0.5, 0.5, 0.5, 0.5, 0.5, 0.5, 0.5, 0.5, 0.5, 0.5, 0.5, 0.5, 0.5, 0.5, 0.5, 0.5, 0.5, 0.5, 0.5, 0.5, 0.5, 0.5, 0.5, 0.5, 0.5, 0.5, 0.5, 0.5, 0.5, 0.5, 0.5, 0.5, 0.5, 0.5, 0.5, 0.5, 0.5, 0.5, 0.5, 0.5, 0.5, 0.5, 0.5, 0.5, 0.5, 0.5, 0.5, 0.5, 0.5, 0.5, 0.5, 0.5, 0.5, 0.5, 0.5, 0.5, 0.5, 0.5, 0.5, 0.5, 0.5, 0.5, 0.5, 0.5, 0.5, 0.5, 0.5, 0.5, 0.5, 0.5, 0.5, 0.5, 0.5, 0.5, 0.5, 0.5, 0.5, 0.5, 0.5, 0.5, 0.5, 0.5, 0.5, 0.5, 0.5, 0.5, 0.5, 0.5, 0.5, 0.5, 0.5, 0.5, 0.5, 0.5, 0.5, 0.5, 0.5, 0.5, 0.5, 0.5, 0.5, 0.5, 0.5, 0.5, 0.5, 0.5, 0.5, 0.5, 0.5, 0.5, 0.5, 0.5, 0.5, 0.5, 0.5, 0.5, 0.5, 0.5, 0.5, 0.5, 0.5, 0.5, 0.5, 0.5, 0.5, 0.5, 0.5, 0.5, 0.5, 0.5, 0.5, 0.5, 0.5, 0.5, 0.5, 0.5, 0.5, 0.5, 0.5, 0.5, 0.5, 0.5, 0.5, 0.5, 0.5, 0.5, 0.5, 0.5, 0.5, 0.5, 0.5, 0.5, 0.5, 0.5, 0.5, 0.5, 0.5, 0.5, 0.5, 0.5, 0.5, 0.5, 0.5, 0.5, 0.5, 0.5, 0.5, 0.5, 0.5, 0.5, 0.5, 0.5, 0.5, 0.5, 0.5, 0.5, 0.5, 0.5, 0.5, 0.5, 0.5, 0.5, 0.5, 0.5, 0.5, 0.5, 0.5, 0.5, 0.5, 0.5, 0.5, 0.5, 0.5, 0.5, 0.5, 0.5, 0.5, 0.5, 0.5, 0.5, 0.5, 0.5, 0.5, 0.5, 0.5, 0.5, 0.5, 0.5, 0.5, 0.5, 0.5, 0.5, 0.5, 0.5, 0.5, 0.5, 0.5, 0.5, 0.5, 0.5, 0.5, 0.5, 0.5, 0.5, 0.5, 0.5, 0.5, 0.5, 0.5, 0.5, 0.5, 0.5, 0.5, 0.5, 0.5, 0.5, 0.5, 0.5, 0.5, 0.5, 0.5, 0.5, 0.5, 0.5, 0.5, 0.5, 0.5, 0.5, 0.5, 0.5, 0.5, 0.5, 0.5, 0.5, 0.5, 0.5, 0.5, 0.5, 0.5, 0.5, 0.5, 0.5, 0.5, 0.5, 0.5, 0.5, 0.5, 0.5, 0.5, 0.5, 0.5, 0.5, 0.5, 0.5, 0.5, 0.5, 0.5, 0.5, 0.5, 0.5, 0.5, 0.5, 0.5, 0.5, 0.5, 0.5, 0.5, 0.5, 0.5, 0.5, 0.5, 0.5, 0.5, 0.5, 0.5, 0.5, 0.5, 0.5, 0.5, 0.5, 0.5, 0.5, 0.5, 0.5, 0.5, 0.5, 0.5, 0.5, 0.5, 0.5, 0.5, 0.5, 0.5, 0.5, 0.5, 0.5, 0.5, 0.5, 0.5, 0.5, 0.5, 0.5, 0.5, 0.5, 0.5, 0.5, 0.5, 0.5, 0.5, 0.5, 0.5, 0.5, 0.5, 0.5, 0.5, 0.5, 0.5, 0.5, 0.5, 0.5, 0.5, 0.5, 0.5, 0.5, 0.5, 0.5, 0.5, 0.5, 0.5, 0.5, 0.5, 0.5, 0.5, 0.5, 0.5, 0.5, 0.5, 0.5, 0.5, 0.5, 0.5, 0.5, 0.5, 0.5, 0.5, 0.5, 0.5, 0.5, 0.5, 0.5, 0.5, 0.5, 0.5, 0.5, 0.5, 0.5, 0.5, 0.5, 0.5, 0.5, 0.5, 0.5, 0.5, 0.5, 0.5, 0.5, 0.5, 0.5, 0.5, 0.5, 0.5, 0.5, 0.5, 0.5, 0.5, 0.5, 0.5, 0.5, 0.5, 0.5, 0.5, 0.5, 0.5, 0.5, 0.5, 0.5, 0.5, 0.5, 0.5, 0.5, 0.5, 0.5, 0.5, 0.5, 0.5, 0.5, 0.5, 0.5, 0.5, 0.5, 0.5, 0.5, 0.5, 0.5, 0.5, 0.5, 0.5, 0.5, 0.5, 0.5, 0.5, 0.5, 0.5, 0.5, 0.5, 0.5, 0.5, 0.5, 0.5, 0.5, 0.5, 0.5, 0.5, 0.5, 0.5, 0.5, 0.5, 0.5, 0.5, 0.5, 0.5, 0.5, 0.5, 0.5, 0.5, 0.5, 0.5, 0.5, 0.5, 0.5, 0.5, 0.5, 0.5, 0.5, 0.5, 0.5, 0.5, 0.5, 0.5, 0.5, 0.5, 0.5, 0.5, 0.5, 0.5, 0.5, 0.5, 0.5, 0.5, 0.5, 0.5, 0.5, 0.5, 0.5, 0.5, 0.5, 0.5, 0.5, 0.5, 0.5, 0.5, 0.5, 0.5, 0.5, 0.5, 0.5, 0.5, 0.5, 0.5, 0.5, 0.5, 0.5, 0.5, 0.5, 0.5, 0.5, 0.5, 0.5, 0.5, 0.5, 0.5, 0.5, 0.5, 0.5, 0.5, 0.5, 0.5, 0.5, 0.5, 0.5, 0.5, 0.5, 0.5, 0.5, 0.5, 0.5, 0.5, 0.5, 0.5, 0.5, 0.5, 0.5, 0.5, 0.5, 0.5, 0.5, 0.5, 0.5, 0.5, 0.5, 0.5, 0.5, 0.5, 0.5, 0.5, 0.5, 0.5, 0.5, 0.5, 0.5, 0.5, 0.5, 0.5, 0.5, 0.5, 0.5, 0.5, 0.5, 0.5, 0.5, 0.5, 0.5, 0.5, 0.5, 0.5, 0.5, 0.5, 0.5, 0.5, 0.5, 0.5, 0.5, 0.5, 0.5, 0.5, 0.5, 0.5, 0.5, 0.5, 0.5, 0.5, 0.5, 0.5, 0.5, 0.5, 0.5, 0.5, 0.5, 0.5, 0.5, 0.5, 0.5, 0.5, 0.5, 0.5, 0.5, 0.5, 0.5, 0.5, 0.5, 0.5, 0.5, 0.5, 0.5, 0.5, 0.5, 0.5, 0.5, 0.5, 0.5, 0.5, 0.5, 0.5, 0.5, 0.5, 0.5, 0.5, 0.5, 0.5, 0.5, 0.5, 0.5, 0.5, 0.5, 0.5, 0.5, 0.5, 0.5, 0.5, 0.5, 0.5, 0.5, 0.5, 0.5, 0.5, 0.5, 0.5, 0.5, 0.5, 0.5, 0.5, 0.5, 0.5, 0.5, 0.5, 0.5, 0.5, 0.5, 0.5, 0.5, 0.5, 0.5, 0.5, 0.5, 0.5, 0.5, 0.5, 0.5, 0.5, 0.5, 0.5, 0.5, 0.5, 0.5, 0.5, 0.5, 0.5, 0.5, 0.5, 0.5, 0.5, 0.5, 0.5, 0.5, 0.5, 0.5, 0.5, 0.5, 0.5, 0.5, 0.5, 0.5, 0.5, 0.5, 0.5, 0.5, 0.5, 0.5, 0.5, 0.5, 0.5, 0.5, 0.5, 0.5, 0.5, 0.5, 0.5, 0.5, 0.5, 0.5, 0.5, 0.5, 0.5, 0.5, 0.5, 0.5, 0.5, 0.5, 0.5, 0.5, 0.5, 0.5, 0.5, 0.5, 0.5, 0.5, 0.5, 0.5, 0.5, 0.5, 0.5, 0.5, 0.5, 0.5, 0.5, 0.5, 0.5, 0.5, 0.5, 0.5, 0.5, 0.5, 0.5, 0.5, 0.5, 0.5, 0.5, 0.5, 0.5, 0.5, 0.5, 0.5, 0.5, 0.5, 0.5, 0.5, 0.5, 0.5, 0.5, 0.5, 0.5, 0.5, 0.5, 0.5, 0.5, 0.5, 0.5, 0.5, 0.5, 0.5, 0.5, 0.5, 0.5, 0.5, 0.5, 0.5, 0.5, 0.5, 0.5, 0.5, 0.5, 0.5, 0.5, 0.5]",2
2026_11_KICE_1-3_2,['4(3)'],"1번: 적절함. ""단어 인식은 잘하지만 글의 중심 내용은 파악하지 못하는 학생은, 해독은 충분하지만 언어 이해가 부족한 독자 유형에 해당한다""는 지문 내용과 일치합니다.

2번: 적절함. ""해독은 개별 단어를 인식하는 능력으로, 단어를 빠르고 정확히 소리 내어 읽기, 단어를 한눈에 식별하기 등을 포함한다""는 지문 내용과 일치합니다.

3번: 적절함. ""해독이 발달되면 글 읽기 경험을 통해서도 언어 이해가 발달될 수 있으므로""라는 지문 내용과 일치합니다.

4번: 부적절함. 지문에 따르면 해독이 부족한 경우(단어를 올바르게 발음하지 못하는 경우) 글 읽기 경험을 통해 중심 내용을 파악할 수 없다고 설명하고 있습니다. ""단어 인식을 못해 글을 읽을 수 없어도 그 내용을 말로 들려주었을 때 중심 내용 파악하기 등을 할 수 있다면""이라는 부분이 이를 뒷받침합니다.

5번: 적절함. ""단어 인식을 못해 글을 읽을 수 없어도 그 내용을 말로 들려주었을 때 중심 내용 파악하기 등을 할 수 있다면, 해독 발달 전에도 구어 의사소통 경험을 통해 언어 이해가 발달된 것으로 본다""는 지문 내용과 일치합니다.

최종 정답: 4번","[16, 167, 110, 230, 25, 23821, 254, 223, 168, 254, 230, 47991, 101, 13, 366, 46695, 101, 168, 244, 112, 23821, 251, 116, 168, 233, 251, 35975, 222, 23821, 252, 246, 47991, 246, 168, 100, 222, 167, 100, 234, 220, 166, 116, 222, 35975, 246, 23821, 97, 239, 168, 233, 105, 31619, 224, 112, 168, 248, 102, 35975, 222, 220, 169, 234, 234, 168, 243, 227, 47991, 246, 168, 100, 222, 31619, 103, 119, 47991, 246, 167, 232, 242, 220, 47991, 247, 168, 225, 251, 35975, 222, 11, 220, 47991, 112, 167, 237, 227, 35975, 222, 23821, 114, 102, 167, 114, 226, 47991, 246, 168, 100, 222, 167, 100, 234, 23821, 244, 116, 168, 244, 112, 23821, 251, 112, 47991, 112, 166, 108, 222, 31619, 114, 222, 168, 94, 109, 47991, 250, 31619, 237, 227, 168, 252, 238, 23821, 250, 254, 169, 246, 243, 168, 245, 238, 220, 47991, 112, 46695, 117, 47991, 250, 46695, 97, 1, 167, 232, 242, 23821, 100, 222, 167, 105, 116, 31619, 224, 112, 168, 248, 102, 166, 111, 120, 23821, 251, 120, 168, 117, 246, 47991, 102, 46695, 230, 46695, 97, 13, 198, 198, 17, 167, 110, 230, 25, 23821, 254, 223, 168, 254, 230, 47991, 101, 13, 366, 47991, 112, 167, 237, 227, 35975, 222, 220, 166, 108, 250, 167, 111, 226, 31619, 233, 101, 168, 244, 112, 167, 98, 120, 23821, 251, 116, 168, 233, 251, 47991, 246, 167, 232, 242, 31619, 232, 98, 167, 254, 98, 168, 250, 120, 167, 94, 250, 11, 31619, 233, 101, 168, 244, 112, 167, 98, 120, 31619, 117, 254, 167, 98, 112, 166, 111, 254, 23821, 254, 243, 169, 247, 243, 169, 252, 230, 23821, 228, 234, 167, 99, 105, 31619, 224, 112, 168, 244, 112, 23821, 251, 121, 166, 116, 108, 11, 31619, 233, 101, 168, 244, 112, 167, 98, 120, 220, 47991, 250, 167, 230, 230, 168, 245, 238, 23821, 233, 251, 167, 111, 226, 47991, 246, 166, 116, 108, 31619, 241, 109, 35975, 226, 220, 169, 237, 105, 47991, 101, 47991, 250, 46695, 97, 1, 167, 232, 242, 23821, 100, 222, 167, 105, 116, 31619, 224, 112, 168, 248, 102, 166, 111, 120, 23821, 251, 120, 168, 117, 246, 47991, 102, 46695, 230, 46695, 97, 13, 198, 198, 18, 167, 110, 230, 25, 23821, 254, 223, 168, 254, 230, 47991, 101, 13, 366, 47991, 112, 167, 237, 227, 35975, 112, 31619, 108, 250, 46695, 105, 167, 238, 246, 167, 102, 112, 220, 166, 116, 222, 23821, 251, 121, 166, 116, 108, 220, 166, 110, 121, 169, 245, 246, 35975, 226, 220, 169, 228, 113, 47991, 112, 168, 226, 250, 167, 237, 226, 23821, 244, 116, 168, 244, 112, 23821, 251, 112, 47991, 112, 166, 108, 222, 31619, 108, 250, 46695, 105, 167, 238, 254, 23821, 230, 246, 23821, 252, 230, 168, 250, 120, 167, 107, 222, 167, 94, 250, 1, 167, 251, 120, 167, 232, 242, 23821, 100, 222, 167, 105, 116, 31619, 224, 112, 168, 248, 102, 166, 111, 120, 23821, 251, 120, 168, 117, 246, 47991, 102, 46695, 230, 46695, 97, 13, 198, 198, 19, 167, 110, 230, 25, 31619, 114, 222, 168, 254, 223, 168, 254, 230, 47991, 101, 13, 23821, 100, 222, 167, 105, 116, 168, 245, 238, 31619, 242, 108, 167, 98, 112, 167, 102, 112, 220, 47991, 112, 167, 237, 227, 35975, 112, 31619, 114, 222, 168, 94, 109, 47991, 250, 220, 166, 110, 121, 168, 248, 108, 7, 46695, 101, 168, 244, 112, 167, 98, 120, 23821, 246, 105, 167, 108, 242, 167, 98, 112, 166, 110, 234, 31619, 108, 250, 35975, 234, 47991, 246, 168, 100, 222, 31619, 103, 119, 47991, 246, 167, 232, 242, 220, 166, 110, 121, 168, 248, 108, 8, 220, 166, 116, 222, 23821, 251, 121, 166, 116, 108, 220, 166, 110, 121, 169, 245, 246, 35975, 226, 220, 169, 228, 113, 47991, 112, 23821, 97, 239, 168, 233, 105, 31619, 224, 112, 168, 248, 102, 35975, 226, 220, 169, 234, 234, 168, 243, 227, 47991, 254, 23821, 230, 246, 23821, 245, 228, 46695, 97, 166, 111, 254, 23821, 226, 97, 167, 103, 227, 47991, 246, 166, 111, 254, 23821, 252, 230, 168, 232, 113, 46695, 230, 46695, 97, 13, 366, 46695, 101, 168, 244, 112, 23821, 251, 116, 168, 233, 251, 35975, 226, 31619, 103, 119, 47991, 112, 220, 166, 116, 222, 35975, 226, 23821, 251, 121, 35975, 226, 23821, 230, 246, 23821, 245, 228, 168, 244, 112, 167, 237, 226, 220, 166, 115, 116, 31619, 224, 112, 168, 248, 102, 35975, 226, 31619, 100, 238, 167, 94, 250, 31619, 241, 97, 167, 254, 97, 168, 96, 120, 168, 245, 230, 35975, 226, 31619, 243, 234, 23821, 97, 239, 168, 233, 105, 31619, 224, 112, 168, 248, 102, 220, 169, 234, 234, 168, 243, 227, 47991, 246, 166, 116, 108, 31619, 241, 109, 35975, 226, 220, 47991, 254, 23821, 230, 246, 23821, 252, 230, 46695, 97, 167, 102, 112, 1, 35975, 112, 167, 251, 120, 167, 232, 242, 31619, 114, 222, 167, 114, 226, 35975, 112, 23821, 251, 112, 167, 98, 120, 31619, 240, 115, 167, 108, 249, 168, 117, 101, 47991, 102, 46695, 230, 46695, 97, 13, 198, 198, 20, 167, 110, 230, 25, 23821, 254, 223, 168, 254, 230, 47991, 101, 13, 366, 46695, 101, 168, 244, 112, 23821, 251, 116, 168, 233, 251, 35975, 226, 31619, 103, 119, 47991, 112, 220, 166, 116, 222, 35975, 226, 23821, 251, 121, 35975, 226, 23821, 230, 246, 23821, 245, 228, 168, 244, 112, 167, 237, 226, 220, 166, 115, 116, 31619, 224, 112, 168, 248, 102, 35975, 226, 31619, 100, 238, 167, 94, 250, 31619, 241, 97, 167, 254, 97, 168, 96, 120, 168, 245, 230, 35975, 226, 31619, 243, 234, 23821, 97, 239, 168, 233, 105, 31619, 224, 112, 168, 248, 102, 220, 169, 234, 234, 168, 243, 227, 47991, 246, 166, 116, 108, 31619, 241, 109, 35975, 226, 220, 47991, 254, 23821, 230, 246, 23821, 252, 230, 46695, 97, 167, 102, 112, 11, 220, 47991, 112, 167, 237, 227, 31619, 108, 250, 46695, 105, 23821, 254, 226, 168, 245, 238, 167, 237, 226, 220, 166, 113, 105, 168, 244, 112, 23821, 251, 246, 168, 8955, 168, 228, 234, 169, 228, 113, 220, 166, 110, 121, 169, 245, 246, 35975, 226, 220, 169, 228, 113, 47991, 112, 23821, 244, 116, 168, 244, 112, 23821, 251, 112, 47991, 112, 166, 108, 222, 31619, 108, 250, 46695, 105, 167, 238, 250, 220, 166, 110, 225, 168, 250, 120, 167, 94, 250, 31619, 111, 116, 46695, 97, 1, 167, 232, 242, 23821, 100, 222, 167, 105, 116, 31619, 224, 112, 168, 248, 102, 166, 111, 120, 23821, 251, 120, 168, 117, 246, 47991, 102, 46695, 230, 46695, 97, 13, 198, 198, 168, 113, 250, 168, 95, 227, 23821, 254, 243, 46695, 113, 25, 604, 167, 110, 230]","[0.5, 0.5, 0.5, 0.5, 0.5, 0.5, 0.5, 0.5, 0.5, 0.5, 0.5, 0.5, 0.5, 0.5, 0.5, 0.5, 0.5, 0.5, 0.5, 0.5, 0.5, 0.5, 0.5, 0.5, 0.5, 0.5, 0.5, 0.5, 0.5, 0.5, 0.5, 0.5, 0.5, 0.5, 0.5, 0.5, 0.5, 0.5, 0.5, 0.5, 0.5, 0.5, 0.5, 0.5, 0.5, 0.5, 0.5, 0.5, 0.5, 0.5, 0.5, 0.5, 0.5, 0.5, 0.5, 0.5, 0.5, 0.5, 0.5, 0.5, 0.5, 0.5, 0.5, 0.5, 0.5, 0.5, 0.5, 0.5, 0.5, 0.5, 0.5, 0.5, 0.5, 0.5, 0.5, 0.5, 0.5, 0.5, 0.5, 0.5, 0.5, 0.5, 0.5, 0.5, 0.5, 0.5, 0.5, 0.5, 0.5, 0.5, 0.5, 0.5, 0.5, 0.5, 0.5, 0.5, 0.5, 0.5, 0.5, 0.5, 0.5, 0.5, 0.5, 0.5, 0.5, 0.5, 0.5, 0.5, 0.5, 0.5, 0.5, 0.5, 0.5, 0.5, 0.5, 0.5, 0.5, 0.5, 0.5, 0.5, 0.5, 0.5, 0.5, 0.5, 0.5, 0.5, 0.5, 0.5, 0.5, 0.5, 0.5, 0.5, 0.5, 0.5, 0.5, 0.5, 0.5, 0.5, 0.5, 0.5, 0.5, 0.5, 0.5, 0.5, 0.5, 0.5, 0.5, 0.5, 0.5, 0.5, 0.5, 0.5, 0.5, 0.5, 0.5, 0.5, 0.5, 0.5, 0.5, 0.5, 0.5, 0.5, 0.5, 0.5, 0.5, 0.5, 0.5, 0.5, 0.5, 0.5, 0.5, 0.5, 0.5, 0.5, 0.5, 0.5, 0.5, 0.5, 0.5, 0.5, 0.5, 0.5, 0.5, 0.5, 0.5, 0.5, 0.5, 0.5, 0.5, 0.5, 0.5, 0.5, 0.5, 0.5, 0.5, 0.5, 0.5, 0.5, 0.5, 0.5, 0.5, 0.5, 0.5, 0.5, 0.5, 0.5, 0.5, 0.5, 0.5, 0.5, 0.5, 0.5, 0.5, 0.5, 0.5, 0.5, 0.5, 0.5, 0.5, 0.5, 0.5, 0.5, 0.5, 0.5, 0.5, 0.5, 0.5, 0.5, 0.5, 0.5, 0.5, 0.5, 0.5, 0.5, 0.5, 0.5, 0.5, 0.5, 0.5, 0.5, 0.5, 0.5, 0.5, 0.5, 0.5, 0.5, 0.5, 0.5, 0.5, 0.5, 0.5, 0.5, 0.5, 0.5, 0.5, 0.5, 0.5, 0.5, 0.5, 0.5, 0.5, 0.5, 0.5, 0.5, 0.5, 0.5, 0.5, 0.5, 0.5, 0.5, 0.5, 0.5, 0.5, 0.5, 0.5, 0.5, 0.5, 0.5, 0.5, 0.5, 0.5, 0.5, 0.5, 0.5, 0.5, 0.5, 0.5, 0.5, 0.5, 0.5, 0.5, 0.5, 0.5, 0.5, 0.5, 0.5, 0.5, 0.5, 0.5, 0.5, 0.5, 0.5, 0.5, 0.5, 0.5, 0.5, 0.5, 0.5, 0.5, 0.5, 0.5, 0.5, 0.5, 0.5, 0.5, 0.5, 0.5, 0.5, 0.5, 0.5, 0.5, 0.5, 0.5, 0.5, 0.5, 0.5, 0.5, 0.5, 0.5, 0.5, 0.5, 0.5, 0.5, 0.5, 0.5, 0.5, 0.5, 0.5, 0.5, 0.5, 0.5, 0.5, 0.5, 0.5, 0.5, 0.5, 0.5, 0.5, 0.5, 0.5, 0.5, 0.5, 0.5, 0.5, 0.5, 0.5, 0.5, 0.5, 0.5, 0.5, 0.5, 0.5, 0.5, 0.5, 0.5, 0.5, 0.5, 0.5, 0.5, 0.5, 0.5, 0.5, 0.5, 0.5, 0.5, 0.5, 0.5, 0.5, 0.5, 0.5, 0.5, 0.5, 0.5, 0.5, 0.5, 0.5, 0.5, 0.5, 0.5, 0.5, 0.5, 0.5, 0.5, 0.5, 0.5, 0.5, 0.5, 0.5, 0.5, 0.5, 0.5, 0.5, 0.5, 0.5, 0.5, 0.5, 0.5, 0.5, 0.5, 0.5, 0.5, 0.5, 0.5, 0.5, 0.5, 0.5, 0.5, 0.5, 0.5, 0.5, 0.5, 0.5, 0.5, 0.5, 0.5, 0.5, 0.5, 0.5, 0.5, 0.5, 0.5, 0.5, 0.5, 0.5, 0.5, 0.5, 0.5, 0.5, 0.5, 0.5, 0.5, 0.5, 0.5, 0.5, 0.5, 0.5, 0.5, 0.5, 0.5, 0.5, 0.5, 0.5, 0.5, 0.5, 0.5, 0.5, 0.5, 0.5, 0.5, 0.5, 0.5, 0.5, 0.5, 0.5, 0.5, 0.5, 0.5, 0.5, 0.5, 0.5, 0.5, 0.5, 0.5, 0.5, 0.5, 0.5, 0.5, 0.5, 0.5, 0.5, 0.5, 0.5, 0.5, 0.5, 0.5, 0.5, 0.5, 0.5, 0.5, 0.5, 0.5, 0.5, 0.5, 0.5, 0.5, 0.5, 0.5, 0.5, 0.5, 0.5, 0.5, 0.5, 0.5, 0.5, 0.5, 0.5, 0.5, 0.5, 0.5, 0.5, 0.5, 0.5, 0.5, 0.5, 0.5, 0.5, 0.5, 0.5, 0.5, 0.5, 0.5, 0.5, 0.5, 0.5, 0.5, 0.5, 0.5, 0.5, 0.5, 0.5, 0.5, 0.5, 0.5, 0.5, 0.5, 0.5, 0.5, 0.5, 0.5, 0.5, 0.5, 0.5, 0.5, 0.5, 0.5, 0.5, 0.5, 0.5, 0.5, 0.5, 0.5, 0.5, 0.5, 0.5, 0.5, 0.5, 0.5, 0.5, 0.5, 0.5, 0.5, 0.5, 0.5, 0.5, 0.5, 0.5, 0.5, 0.5, 0.5, 0.5, 0.5, 0.5, 0.5, 0.5, 0.5, 0.5, 0.5, 0.5, 0.5, 0.5, 0.5, 0.5, 0.5, 0.5, 0.5, 0.5, 0.5, 0.5, 0.5, 0.5, 0.5, 0.5, 0.5, 0.5, 0.5, 0.5, 0.5, 0.5, 0.5, 0.5, 0.5, 0.5, 0.5, 0.5, 0.5, 0.5, 0.5, 0.5, 0.5, 0.5, 0.5, 0.5, 0.5, 0.5, 0.5, 0.5, 0.5, 0.5, 0.5, 0.5, 0.5, 0.5, 0.5, 0.5, 0.5, 0.5, 0.5, 0.5, 0.5, 0.5, 0.5, 0.5, 0.5, 0.5, 0.5, 0.5, 0.5, 0.5, 0.5, 0.5, 0.5, 0.5, 0.5, 0.5, 0.5, 0.5, 0.5, 0.5, 0.5, 0.5, 0.5, 0.5, 0.5, 0.5, 0.5, 0.5, 0.5, 0.5, 0.5, 0.5, 0.5, 0.5, 0.5, 0.5, 0.5, 0.5, 0.5, 0.5, 0.5, 0.5, 0.5, 0.5, 0.5, 0.5, 0.5, 0.5, 0.5, 0.5, 0.5, 0.5, 0.5, 0.5, 0.5, 0.5, 0.5, 0.5, 0.5, 0.5, 0.5, 0.5, 0.5, 0.5, 0.5, 0.5, 0.5, 0.5, 0.5, 0.5, 0.5, 0.5, 0.5, 0.5, 0.5, 0.5, 0.5, 0.5, 0.5, 0.5, 0.5, 0.5, 0.5, 0.5, 0.5, 0.5, 0.5, 0.5, 0.5, 0.5, 0.5, 0.5, 0.5, 0.5, 0.5, 0.5, 0.5, 0.5, 0.5, 0.5, 0.5, 0.5, 0.5, 0.5, 0.5, 0.5, 0.5, 0.5, 0.5, 0.5, 0.5, 0.5, 0.5, 0.5, 0.5, 0.5, 0.5, 0.5, 0.5, 0.5, 0.5, 0.5, 0.5, 0.5, 0.5, 0.5, 0.5, 0.5, 0.5, 0.5, 0.5, 0.5, 0.5, 0.5, 0.5, 0.5, 0.5, 0.5, 0.5, 0.5, 0.5, 0.5, 0.5, 0.5, 0.5, 0.5, 0.5, 0.5, 0.5, 0.5, 0.5, 0.5, 0.5, 0.5, 0.5, 0.5, 0.5, 0.5, 0.5, 0.5, 0.5, 0.5, 0.5, 0.5, 0.5, 0.5, 0.5, 0.5, 0.5, 0.5, 0.5, 0.5, 0.5, 0.5, 0.5, 0.5, 0.5, 0.5, 0.5, 0.5, 0.5, 0.5, 0.5, 0.5, 0.5, 0.5, 0.5, 0.5, 0.5, 0.5, 0.5, 0.5, 0.5, 0.5, 0.5, 0.5, 0.5, 0.5, 0.5, 0.5, 0.5, 0.5, 0.5, 0.5, 0.5, 0.5, 0.5, 0.5, 0.5, 0.5, 0.5, 0.5, 0.5, 0.5, 0.5, 0.5, 0.5, 0.5, 0.5, 0.5, 0.5, 0.5, 0.5, 0.5, 0.5, 0.5, 0.5, 0.5, 0.5, 0.5, 0.5, 0.5, 0.5, 0.5, 0.5, 0.5, 0.5, 0.5, 0.5, 0.5, 0.5, 0.5, 0.5, 0.5, 0.5, 0.5, 0.5, 0.5, 0.5, 0.5, 0.5, 0.5, 0.5, 0.5, 0.5, 0.5, 0.5, 0.5, 0.5, 0.5, 0.5, 0.5, 0.5, 0.5, 0.5, 0.5, 0.5, 0.5, 0.5, 0.5, 0.5, 0.5, 0.5, 0.5, 0.5, 0.5, 0.5, 0.5, 0.5, 0.5, 0.5, 0.5, 0.5, 0.5, 0.5, 0.5, 0.5, 0.5, 0.5, 0.5, 0.5, 0.5, 0.5, 0.5, 0.5, 0.5, 0.5, 0.5, 0.5, 0.5, 0.5, 0.5, 0.5, 0.5, 0.5, 0.5, 0.5, 0.5, 0.5, 0.5, 0.5, 0.5, 0.5, 0.5, 0.5, 0.5, 0.5, 0.5, 0.5, 0.5, 0.5, 0.5, 0.5, 0.5, 0.5, 0.5, 0.5, 0.5, 0.5, 0.5, 0.5, 0.5, 0.5, 0.5, 0.5, 0.5, 0.5, 0.5, 0.5, 0.5, 0.5, 0.5, 0.5, 0.5, 0.5, 0.5, 0.5, 0.5, 0.5, 0.5, 0.5, 0.5, 0.5, 0.5, 0.5, 0.5, 0.5, 0.5, 0.5, 0.5, 0.5, 0.5, 0.5, 0.5, 0.5, 0.5, 0.5, 0.5, 0.5, 0.5, 0.5, 0.5, 0.5, 0.5, 0.5, 0.5, 0.5, 0.5, 0.5, 0.5, 0.5, 0.5, 0.5, 0.5, 0.5, 0.5, 0.5, 0.5, 0.5, 0.5, 0.5, 0.5, 0.5, 0.5, 0.5, 0.5, 0.5, 0.5, 0.5, 0.5, 0.5, 0.5, 0.5, 0.5, 0.5, 0.5, 0.5, 0.5, 0.5, 0.5, 0.5, 0.5, 0.5, 0.5, 0.5, 0.5, 0.5, 0.5, 0.5, 0.5, 0.5, 0.5, 0.5, 0.5, 0.5, 0.5, 0.5, 0.5, 0.5, 0.5, 0.5, 0.5, 0.5, 0.5, 0.5, 0.5, 0.5, 0.5, 0.5, 0.5, 0.5, 0.5, 0.5, 0.5, 0.5, 0.5, 0.5, 0.5, 0.5, 0.5, 0.5, 0.5, 0.5, 0.5, 0.5, 0.5, 0.5, 0.5, 0.5, 0.5, 0.5, 0.5, 0.5, 0.5, 0.5, 0.5, 0.5, 0.5, 0.5, 0.5, 0.5, 0.5, 0.5, 0.5, 0.5, 0.5, 0.5, 0.5, 0.5, 0.5, 0.5, 0.5, 0.5, 0.5, 0.5, 0.5, 0.5, 0.5, 0.5, 0.5, 0.5, 0.5, 0.5, 0.5, 0.5, 0.5, 0.5, 0.5, 0.5, 0.5, 0.5, 0.5, 0.5, 0.5, 0.5, 0.5, 0.5, 0.5]",3
2026_11_KICE_4-9_0,['1(2)'],"1번: (가)는 법 해석 방법(문리 해석, 체계적 해석, 역사적 해석)을 제시하고, (나)는 보증 계약의 정의, 성립 요건, 법적 규제, 보증인의 권리 등 주요 내용을 열거하고 있습니다. ""(가)에서 '법 해석 방법'을 설명하고, (나)에서 '보증이란...', '보증 계약은...', '보증 계약에 대해서는...' 등으로 주요 내용을 열거하고 있음""

2번: (가)는 법조문의 의미 차이의 확대 이유를 분석하지 않고, 해석 방법을 제시하고 있습니다. ""(가)는 해석 방법을 제시할 뿐, 의미 차이 확대의 원인을 분석하지 않음""

3번: (나)는 보증 계약의 폐해와 그 결과를 서술하기보다는 보증의 정의와 법적 보호 조치를 설명하고 있습니다. ""(나)는 보증 계약의 폐해보다는 보호 조치를 강조하고 있음""

4번: (가)는 법조문 해석 입장을 대조하기보다는 해석 방법을 순차적으로 제시하고 있습니다. ""(가)는 해석 방법을 대조하기보다는 보완적으로 설명하고 있음""

5번: (가)는 유추에 의한 해석보다는 맥락에 따른 해석을 설명하고, (나)는 보증 계약의 유형별 비교보다는 일반 보증과 연대 보증의 차이만 언급하고 있습니다. ""(가)는 유추보다는 맥락적 해석을, (나)는 유형별 비교보다는 일반 보증과 연대 보증의 차이만 설명하고 있음""

최종 정답: 1번","[16, 167, 110, 230, 25, 357, 166, 108, 222, 8, 167, 232, 242, 31619, 110, 243, 220, 47991, 112, 168, 226, 251, 31619, 108, 102, 167, 110, 243, 7, 167, 105, 116, 167, 99, 105, 220, 47991, 112, 168, 226, 251, 11, 23821, 110, 112, 166, 111, 226, 168, 254, 223, 220, 47991, 112, 168, 226, 251, 11, 23821, 245, 255, 168, 8955, 168, 254, 223, 220, 47991, 112, 168, 226, 251, 8, 35975, 226, 23821, 254, 250, 168, 233, 250, 47991, 246, 166, 111, 254, 11, 357, 167, 224, 246, 8, 167, 232, 242, 31619, 111, 112, 168, 99, 251, 220, 166, 111, 226, 168, 243, 121, 35975, 246, 23821, 254, 243, 35975, 246, 11, 23821, 226, 109, 167, 99, 121, 23821, 248, 242, 166, 109, 112, 11, 31619, 110, 243, 168, 254, 223, 220, 166, 115, 250, 168, 254, 250, 11, 31619, 111, 112, 168, 99, 251, 35975, 116, 35975, 246, 220, 166, 114, 234, 167, 99, 105, 31619, 241, 109, 23821, 96, 120, 168, 248, 242, 31619, 224, 112, 168, 248, 102, 35975, 226, 23821, 245, 112, 166, 109, 108, 47991, 246, 166, 111, 254, 23821, 252, 230, 168, 232, 113, 46695, 230, 46695, 97, 13, 30629, 166, 108, 222, 8, 168, 245, 238, 168, 226, 250, 705, 167, 110, 243, 220, 47991, 112, 168, 226, 251, 31619, 108, 102, 167, 110, 243, 6, 35975, 226, 23821, 226, 97, 167, 103, 227, 47991, 246, 166, 111, 254, 11, 357, 167, 224, 246, 8, 168, 245, 238, 168, 226, 250, 705, 167, 111, 112, 168, 99, 251, 35975, 112, 167, 252, 222, 986, 3256, 705, 167, 111, 112, 168, 99, 251, 220, 166, 111, 226, 168, 243, 121, 35975, 222, 986, 3256, 705, 167, 111, 112, 168, 99, 251, 220, 166, 111, 226, 168, 243, 121, 168, 245, 238, 31619, 234, 222, 47991, 112, 168, 226, 250, 167, 232, 242, 986, 6, 31619, 241, 109, 168, 250, 120, 167, 94, 250, 23821, 96, 120, 168, 248, 242, 31619, 224, 112, 168, 248, 102, 35975, 226, 23821, 245, 112, 166, 109, 108, 47991, 246, 166, 111, 254, 23821, 252, 230, 35975, 234, 1, 198, 198, 17, 167, 110, 230, 25, 357, 166, 108, 222, 8, 167, 232, 242, 31619, 110, 243, 168, 94, 108, 167, 105, 116, 35975, 246, 23821, 251, 246, 167, 107, 116, 23821, 108, 101, 35975, 112, 35975, 246, 220, 169, 247, 243, 167, 234, 222, 23821, 251, 112, 168, 250, 254, 167, 98, 120, 31619, 114, 226, 168, 226, 251, 47991, 246, 168, 100, 222, 23821, 243, 232, 166, 111, 254, 11, 220, 47991, 112, 168, 226, 251, 31619, 108, 102, 167, 110, 243, 35975, 226, 23821, 254, 250, 168, 233, 250, 47991, 246, 166, 111, 254, 23821, 252, 230, 168, 232, 113, 46695, 230, 46695, 97, 13, 30629, 166, 108, 222, 8, 167, 232, 242, 220, 47991, 112, 168, 226, 251, 31619, 108, 102, 167, 110, 243, 35975, 226, 23821, 254, 250, 168, 233, 250, 47991, 254, 31619, 123, 238, 11, 23821, 251, 246, 167, 107, 116, 23821, 108, 101, 35975, 112, 220, 169, 247, 243, 167, 234, 222, 35975, 246, 23821, 249, 238, 35975, 116, 35975, 226, 31619, 114, 226, 168, 226, 251, 47991, 246, 168, 100, 222, 23821, 243, 232, 35975, 234, 1, 198, 198, 18, 167, 110, 230, 25, 357, 167, 224, 246, 8, 167, 232, 242, 31619, 111, 112, 168, 99, 251, 220, 166, 111, 226, 168, 243, 121, 35975, 246, 220, 169, 237, 238, 47991, 112, 168, 247, 222, 220, 166, 115, 116, 220, 166, 110, 108, 166, 111, 120, 167, 98, 120, 23821, 226, 250, 168, 230, 254, 47991, 246, 166, 116, 108, 167, 111, 112, 46695, 97, 167, 232, 242, 31619, 111, 112, 168, 99, 251, 35975, 246, 23821, 254, 243, 35975, 246, 168, 247, 222, 31619, 110, 243, 168, 254, 223, 31619, 111, 112, 169, 246, 116, 23821, 94, 108, 168, 117, 246, 167, 98, 120, 23821, 226, 97, 167, 103, 227, 47991, 246, 166, 111, 254, 23821, 252, 230, 168, 232, 113, 46695, 230, 46695, 97, 13, 30629, 167, 224, 246, 8, 167, 232, 242, 31619, 111, 112, 168, 99, 251, 220, 166, 111, 226, 168, 243, 121, 35975, 246, 220, 169, 237, 238, 47991, 112, 167, 111, 112, 46695, 97, 167, 232, 242, 31619, 111, 112, 169, 246, 116, 23821, 94, 108, 168, 117, 246, 167, 98, 120, 220, 166, 108, 243, 168, 94, 108, 47991, 246, 166, 111, 254, 23821, 252, 230, 35975, 234, 1, 198, 198, 19, 167, 110, 230, 25, 357, 166, 108, 222, 8, 167, 232, 242, 31619, 110, 243, 168, 94, 108, 167, 105, 116, 220, 47991, 112, 168, 226, 251, 23821, 252, 227, 168, 252, 98, 35975, 226, 31619, 234, 222, 168, 94, 108, 47991, 246, 166, 116, 108, 167, 111, 112, 46695, 97, 167, 232, 242, 220, 47991, 112, 168, 226, 251, 31619, 108, 102, 167, 110, 243, 35975, 226, 23821, 230, 250, 168, 108, 101, 168, 254, 223, 168, 250, 120, 167, 94, 250, 23821, 254, 250, 168, 233, 250, 47991, 246, 166, 111, 254, 23821, 252, 230, 168, 232, 113, 46695, 230, 46695, 97, 13, 30629, 166, 108, 222, 8, 167, 232, 242, 220, 47991, 112, 168, 226, 251, 31619, 108, 102, 167, 110, 243, 35975, 226, 31619, 234, 222, 168, 94, 108, 47991, 246, 166, 116, 108, 167, 111, 112, 46695, 97, 167, 232, 242, 31619, 111, 112, 168, 247, 226, 168, 254, 223, 168, 250, 120, 167, 94, 250, 23821, 226, 97, 167, 103, 227, 47991, 246, 166, 111, 254, 23821, 252, 230, 35975, 234, 1, 198, 198, 20, 167, 110, 230, 25, 357, 166, 108, 222, 8, 167, 232, 242, 23821, 250, 254, 168, 114, 242, 168, 245, 238, 23821, 251, 246, 47991, 250, 220, 47991, 112, 168, 226, 251, 167, 111, 112, 46695, 97, 167, 232, 242, 31619, 100, 98, 167, 251, 121, 168, 245, 238, 31619, 242, 108, 167, 98, 116, 220, 47991, 112, 168, 226, 251, 35975, 226, 23821, 226, 97, 167, 103, 227, 47991, 246, 166, 111, 254, 11, 357, 167, 224, 246, 8, 167, 232, 242, 31619, 111, 112, 168, 99, 251, 220, 166, 111, 226, 168, 243, 121, 35975, 246, 23821, 250, 254, 169, 246, 243, 167, 111, 226, 31619, 117, 226, 166, 113, 238, 167, 111, 112, 46695, 97, 167, 232, 242, 23821, 251, 120, 167, 108, 246, 31619, 111, 112, 168, 99, 251, 166, 111, 120, 23821, 245, 108, 167, 234, 222, 31619, 111, 112, 168, 99, 251, 35975, 246, 23821, 108, 101, 35975, 112, 167, 100, 234, 23821, 244, 116, 166, 116, 231, 47991, 246, 166, 111, 254, 23821, 252, 230, 168, 232, 113, 46695, 230, 46695, 97, 13, 30629, 166, 108, 222, 8, 167, 232, 242, 23821, 250, 254, 168, 114, 242, 167, 111, 112, 46695, 97, 167, 232, 242, 31619, 100, 98, 167, 251, 121, 168, 254, 223, 220, 47991, 112, 168, 226, 251, 35975, 226, 11, 357, 167, 224, 246, 8, 167, 232, 242, 23821, 250, 254, 169, 246, 243, 167, 111, 226, 31619, 117, 226, 166, 113, 238, 167, 111, 112, 46695, 97, 167, 232, 242, 23821, 251, 120, 167, 108, 246, 31619, 111, 112, 168, 99, 251, 166, 111, 120, 23821, 245, 108, 167, 234, 222, 31619, 111, 112, 168, 99, 251, 35975, 246, 23821, 108, 101, 35975, 112, 167, 100, 234, 23821, 226, 97, 167, 103, 227, 47991, 246, 166, 111, 254, 23821, 252, 230, 35975, 234, 1, 198, 198, 168, 113, 250, 168, 95, 227, 23821, 254, 243, 46695, 113, 25, 352, 167, 110, 230]","[0.5, 0.5, 0.5, 0.5, 0.5, 0.5, 0.5, 0.5, 0.5, 0.5, 0.5, 0.5, 0.5, 0.5, 0.5, 0.5, 0.5, 0.5, 0.5, 0.5, 0.5, 0.5, 0.5, 0.5, 0.5, 0.5, 0.5, 0.5, 0.5, 0.5, 0.5, 0.5, 0.5, 0.5, 0.5, 0.5, 0.5, 0.5, 0.5, 0.5, 0.5, 0.5, 0.5, 0.5, 0.5, 0.5, 0.5, 0.5, 0.5, 0.5, 0.5, 0.5, 0.5, 0.5, 0.5, 0.5, 0.5, 0.5, 0.5, 0.5, 0.5, 0.5, 0.5, 0.5, 0.5, 0.5, 0.5, 0.5, 0.5, 0.5, 0.5, 0.5, 0.5, 0.5, 0.5, 0.5, 0.5, 0.5, 0.5, 0.5, 0.5, 0.5, 0.5, 0.5, 0.5, 0.5, 0.5, 0.5, 0.5, 0.5, 0.5, 0.5, 0.5, 0.5, 0.5, 0.5, 0.5, 0.5, 0.5, 0.5, 0.5, 0.5, 0.5, 0.5, 0.5, 0.5, 0.5, 0.5, 0.5, 0.5, 0.5, 0.5, 0.5, 0.5, 0.5, 0.5, 0.5, 0.5, 0.5, 0.5, 0.5, 0.5, 0.5, 0.5, 0.5, 0.5, 0.5, 0.5, 0.5, 0.5, 0.5, 0.5, 0.5, 0.5, 0.5, 0.5, 0.5, 0.5, 0.5, 0.5, 0.5, 0.5, 0.5, 0.5, 0.5, 0.5, 0.5, 0.5, 0.5, 0.5, 0.5, 0.5, 0.5, 0.5, 0.5, 0.5, 0.5, 0.5, 0.5, 0.5, 0.5, 0.5, 0.5, 0.5, 0.5, 0.5, 0.5, 0.5, 0.5, 0.5, 0.5, 0.5, 0.5, 0.5, 0.5, 0.5, 0.5, 0.5, 0.5, 0.5, 0.5, 0.5, 0.5, 0.5, 0.5, 0.5, 0.5, 0.5, 0.5, 0.5, 0.5, 0.5, 0.5, 0.5, 0.5, 0.5, 0.5, 0.5, 0.5, 0.5, 0.5, 0.5, 0.5, 0.5, 0.5, 0.5, 0.5, 0.5, 0.5, 0.5, 0.5, 0.5, 0.5, 0.5, 0.5, 0.5, 0.5, 0.5, 0.5, 0.5, 0.5, 0.5, 0.5, 0.5, 0.5, 0.5, 0.5, 0.5, 0.5, 0.5, 0.5, 0.5, 0.5, 0.5, 0.5, 0.5, 0.5, 0.5, 0.5, 0.5, 0.5, 0.5, 0.5, 0.5, 0.5, 0.5, 0.5, 0.5, 0.5, 0.5, 0.5, 0.5, 0.5, 0.5, 0.5, 0.5, 0.5, 0.5, 0.5, 0.5, 0.5, 0.5, 0.5, 0.5, 0.5, 0.5, 0.5, 0.5, 0.5, 0.5, 0.5, 0.5, 0.5, 0.5, 0.5, 0.5, 0.5, 0.5, 0.5, 0.5, 0.5, 0.5, 0.5, 0.5, 0.5, 0.5, 0.5, 0.5, 0.5, 0.5, 0.5, 0.5, 0.5, 0.5, 0.5, 0.5, 0.5, 0.5, 0.5, 0.5, 0.5, 0.5, 0.5, 0.5, 0.5, 0.5, 0.5, 0.5, 0.5, 0.5, 0.5, 0.5, 0.5, 0.5, 0.5, 0.5, 0.5, 0.5, 0.5, 0.5, 0.5, 0.5, 0.5, 0.5, 0.5, 0.5, 0.5, 0.5, 0.5, 0.5, 0.5, 0.5, 0.5, 0.5, 0.5, 0.5, 0.5, 0.5, 0.5, 0.5, 0.5, 0.5, 0.5, 0.5, 0.5, 0.5, 0.5, 0.5, 0.5, 0.5, 0.5, 0.5, 0.5, 0.5, 0.5, 0.5, 0.5, 0.5, 0.5, 0.5, 0.5, 0.5, 0.5, 0.5, 0.5, 0.5, 0.5, 0.5, 0.5, 0.5, 0.5, 0.5, 0.5, 0.5, 0.5, 0.5, 0.5, 0.5, 0.5, 0.5, 0.5, 0.5, 0.5, 0.5, 0.5, 0.5, 0.5, 0.5, 0.5, 0.5, 0.5, 0.5, 0.5, 0.5, 0.5, 0.5, 0.5, 0.5, 0.5, 0.5, 0.5, 0.5, 0.5, 0.5, 0.5, 0.5, 0.5, 0.5, 0.5, 0.5, 0.5, 0.5, 0.5, 0.5, 0.5, 0.5, 0.5, 0.5, 0.5, 0.5, 0.5, 0.5, 0.5, 0.5, 0.5, 0.5, 0.5, 0.5, 0.5, 0.5, 0.5, 0.5, 0.5, 0.5, 0.5, 0.5, 0.5, 0.5, 0.5, 0.5, 0.5, 0.5, 0.5, 0.5, 0.5, 0.5, 0.5, 0.5, 0.5, 0.5, 0.5, 0.5, 0.5, 0.5, 0.5, 0.5, 0.5, 0.5, 0.5, 0.5, 0.5, 0.5, 0.5, 0.5, 0.5, 0.5, 0.5, 0.5, 0.5, 0.5, 0.5, 0.5, 0.5, 0.5, 0.5, 0.5, 0.5, 0.5, 0.5, 0.5, 0.5, 0.5, 0.5, 0.5, 0.5, 0.5, 0.5, 0.5, 0.5, 0.5, 0.5, 0.5, 0.5, 0.5, 0.5, 0.5, 0.5, 0.5, 0.5, 0.5, 0.5, 0.5, 0.5, 0.5, 0.5, 0.5, 0.5, 0.5, 0.5, 0.5, 0.5, 0.5, 0.5, 0.5, 0.5, 0.5, 0.5, 0.5, 0.5, 0.5, 0.5, 0.5, 0.5, 0.5, 0.5, 0.5, 0.5, 0.5, 0.5, 0.5, 0.5, 0.5, 0.5, 0.5, 0.5, 0.5, 0.5, 0.5, 0.5, 0.5, 0.5, 0.5, 0.5, 0.5, 0.5, 0.5, 0.5, 0.5, 0.5, 0.5, 0.5, 0.5, 0.5, 0.5, 0.5, 0.5, 0.5, 0.5, 0.5, 0.5, 0.5, 0.5, 0.5, 0.5, 0.5, 0.5, 0.5, 0.5, 0.5, 0.5, 0.5, 0.5, 0.5, 0.5, 0.5, 0.5, 0.5, 0.5, 0.5, 0.5, 0.5, 0.5, 0.5, 0.5, 0.5, 0.5, 0.5, 0.5, 0.5, 0.5, 0.5, 0.5, 0.5, 0.5, 0.5, 0.5, 0.5, 0.5, 0.5, 0.5, 0.5, 0.5, 0.5, 0.5, 0.5, 0.5, 0.5, 0.5, 0.5, 0.5, 0.5, 0.5, 0.5, 0.5, 0.5, 0.5, 0.5, 0.5, 0.5, 0.5, 0.5, 0.5, 0.5, 0.5, 0.5, 0.5, 0.5, 0.5, 0.5, 0.5, 0.5, 0.5, 0.5, 0.5, 0.5, 0.5, 0.5, 0.5, 0.5, 0.5, 0.5, 0.5, 0.5, 0.5, 0.5, 0.5, 0.5, 0.5, 0.5, 0.5, 0.5, 0.5, 0.5, 0.5, 0.5, 0.5, 0.5, 0.5, 0.5, 0.5, 0.5, 0.5, 0.5, 0.5, 0.5, 0.5, 0.5, 0.5, 0.5, 0.5, 0.5, 0.5, 0.5, 0.5, 0.5, 0.5, 0.5, 0.5, 0.5, 0.5, 0.5, 0.5, 0.5, 0.5, 0.5, 0.5, 0.5, 0.5, 0.5, 0.5, 0.5, 0.5, 0.5, 0.5, 0.5, 0.5, 0.5, 0.5, 0.5, 0.5, 0.5, 0.5, 0.5, 0.5, 0.5, 0.5, 0.5, 0.5, 0.5, 0.5, 0.5, 0.5, 0.5, 0.5, 0.5, 0.5, 0.5, 0.5, 0.5, 0.5, 0.5, 0.5, 0.5, 0.5, 0.5, 0.5, 0.5, 0.5, 0.5, 0.5, 0.5, 0.5, 0.5, 0.5, 0.5, 0.5, 0.5, 0.5, 0.5, 0.5, 0.5, 0.5, 0.5, 0.5, 0.5, 0.5, 0.5, 0.5, 0.5, 0.5, 0.5, 0.5, 0.5, 0.5, 0.5, 0.5, 0.5, 0.5, 0.5, 0.5, 0.5, 0.5, 0.5, 0.5, 0.5, 0.5, 0.5, 0.5, 0.5, 0.5, 0.5, 0.5, 0.5, 0.5, 0.5, 0.5, 0.5, 0.5, 0.5, 0.5, 0.5, 0.5, 0.5, 0.5, 0.5, 0.5, 0.5, 0.5, 0.5, 0.5, 0.5, 0.5, 0.5, 0.5, 0.5, 0.5, 0.5, 0.5, 0.5, 0.5, 0.5, 0.5, 0.5, 0.5, 0.5, 0.5, 0.5, 0.5, 0.5, 0.5, 0.5, 0.5, 0.5, 0.5, 0.5, 0.5, 0.5, 0.5, 0.5, 0.5, 0.5, 0.5, 0.5, 0.5, 0.5, 0.5, 0.5, 0.5, 0.5, 0.5, 0.5, 0.5, 0.5, 0.5, 0.5, 0.5, 0.5, 0.5, 0.5, 0.5, 0.5, 0.5, 0.5, 0.5, 0.5, 0.5, 0.5, 0.5, 0.5, 0.5, 0.5, 0.5, 0.5, 0.5, 0.5, 0.5, 0.5, 0.5, 0.5, 0.5, 0.5, 0.5, 0.5, 0.5, 0.5, 0.5, 0.5, 0.5, 0.5, 0.5, 0.5, 0.5, 0.5, 0.5, 0.5, 0.5, 0.5, 0.5, 0.5, 0.5, 0.5, 0.5, 0.5, 0.5, 0.5, 0.5, 0.5, 0.5, 0.5, 0.5, 0.5, 0.5, 0.5, 0.5, 0.5, 0.5, 0.5, 0.5, 0.5, 0.5, 0.5, 0.5, 0.5, 0.5, 0.5, 0.5, 0.5, 0.5, 0.5, 0.5, 0.5, 0.5, 0.5, 0.5, 0.5, 0.5, 0.5, 0.5, 0.5, 0.5, 0.5, 0.5, 0.5, 0.5, 0.5, 0.5, 0.5, 0.5, 0.5, 0.5, 0.5, 0.5, 0.5, 0.5, 0.5, 0.5, 0.5, 0.5, 0.5, 0.5, 0.5, 0.5, 0.5, 0.5, 0.5, 0.5, 0.5, 0.5, 0.5, 0.5, 0.5, 0.5, 0.5, 0.5, 0.5, 0.5, 0.5, 0.5, 0.5, 0.5, 0.5, 0.5, 0.5, 0.5, 0.5, 0.5, 0.5, 0.5, 0.5, 0.5, 0.5, 0.5, 0.5, 0.5, 0.5, 0.5, 0.5, 0.5, 0.5, 0.5, 0.5, 0.5, 0.5, 0.5, 0.5, 0.5, 0.5, 0.5, 0.5, 0.5, 0.5, 0.5, 0.5, 0.5, 0.5, 0.5, 0.5, 0.5, 0.5, 0.5, 0.5, 0.5, 0.5, 0.5, 0.5, 0.5, 0.5, 0.5, 0.5, 0.5, 0.5, 0.5, 0.5, 0.5, 0.5, 0.5, 0.5, 0.5, 0.5, 0.5, 0.5, 0.5, 0.5, 0.5, 0.5, 0.5, 0.5, 0.5, 0.5, 0.5, 0.5, 0.5, 0.5, 0.5, 0.5, 0.5, 0.5, 0.5, 0.5, 0.5, 0.5, 0.5, 0.5, 0.5, 0.5, 0.5, 0.5, 0.5, 0.5, 0.5, 0.5, 0.5, 0.5, 0.5, 0.5, 0.5, 0.5, 0.5, 0.5, 0.5, 0.5, 0.5, 0.5, 0.5, 0.5, 0.5, 0.5, 0.5, 0.5, 0.5, 0.5, 0.5, 0.5, 0.5, 0.5, 0.5, 0.5, 0.5, 0.5, 0.5, 0.5, 0.5, 0.5, 0.5, 0.5, 0.5, 0.5, 0.5, 0.5, 0.5, 0.5, 0.5, 0.5, 0.5, 0.5, 0.5, 0.5, 0.5, 0.5, 0.5, 0.5, 0.5, 0.5, 0.5, 0.5, 0.5, 0.5, 0.5, 0.5, 0.5, 0.5, 0.5, 0.5, 0.5, 0.5, 0.5, 0.5, 0.5, 0.5, 0.5, 0.5, 0.5, 0.5, 0.5, 0.5, 0.5, 0.5, 0.5, 0.5, 0.5, 0.5, 0.5, 0.5, 0.5, 0.5, 0.5, 0.5, 0.5, 0.5, 0.5, 0.5, 0.5, 0.5, 0.5, 0.5, 0.5, 0.5, 0.5, 0.5, 0.5, 0.5, 0.5, 0.5, 0.5, 0.5, 0.5, 0.5, 0.5, 0.5, 0.5, 0.5, 0.5, 0.5, 0.5, 0.5, 0.5, 0.5, 0.5, 0.5, 0.5, 0.5, 0.5, 0.5, 0.5, 0.5, 0.5, 0.5, 0.5, 0.5, 0.5, 0.5, 0.5, 0.5, 0.5, 0.5, 0.5, 0.5, 0.5, 0.5, 0.5, 0.5, 0.5, 0.5, 0.5, 0.5, 0.5, 0.5, 0.5, 0.5, 0.5, 0.5, 0.5, 0.5, 0.5, 0.5, 0.5, 0.5, 0.5, 0.5, 0.5, 0.5, 0.5, 0.5, 0.5, 0.5, 0.5, 0.5, 0.5, 0.5, 0.5, 0.5, 0.5, 0.5, 0.5, 0.5, 0.5, 0.5, 0.5, 0.5, 0.5, 0.5, 0.5, 0.5, 0.5, 0.5, 0.5, 0.5, 0.5, 0.5, 0.5, 0.5, 0.5, 0.5, 0.5, 0.5, 0.5, 0.5, 0.5, 0.5]",2
2026_11_KICE_4-9_1,['4(2)'],"1번: 적절함. ""법은 사회 구성원들에게 보편적으로 적용되는 규범이므로, 성문법을 구성하는 단어나 문장은 그 일상적 의미에 충실하게 해석되어야 한다. 이러한 '문리 해석'이 법 해석의 출발점이다.""

2번: 적절함. ""담보는 채권과 관련된 맥락에서는 채권의 실현 가능성을 보장하기 위한 조치라는 의미로 해석된다. 담보 물권이 그 예이다.""

3번: 적절함. ""그러나 그 채권자 중 담보 물권을 가진 자는 경매 대금에서 자신의 채권액부터 먼저 배당받는다.""

4번: 부적절함. 지문에는 유상 계약에서 교환 대상의 값어치가 일치해야 한다는 내용은 없음. 오히려 ""담보는 유상 계약의 맥락에서 거래 대상의 값어치를 보장한다는 의미로 해석된다""고만 언급되어 있음.

5번: 적절함. ""문리 해석으로 그 내용을 제대로 파악하기 어려우면, 그것이 사용된 맥락을 고려하여 그 의미를 파악하는 '체계적 해석', 입법 과정에서 논의된 내용을 바탕으로 그 의미를 파악하는 '역사적 해석' 등의 해석 방법을 사용할 수 있다.""

최종 정답: 4번","[16, 167, 110, 230, 25, 23821, 254, 223, 168, 254, 230, 47991, 101, 13, 366, 167, 110, 243, 35975, 222, 23821, 8955, 169, 248, 234, 220, 166, 113, 105, 168, 226, 109, 168, 249, 238, 167, 241, 97, 168, 245, 238, 166, 110, 234, 31619, 111, 112, 169, 236, 116, 168, 254, 223, 168, 250, 120, 167, 94, 250, 23821, 254, 223, 168, 248, 102, 167, 238, 246, 167, 232, 242, 220, 166, 115, 250, 167, 110, 242, 35975, 112, 167, 107, 222, 167, 94, 250, 11, 23821, 226, 109, 167, 105, 116, 167, 110, 243, 35975, 226, 220, 166, 113, 105, 168, 226, 109, 47991, 246, 167, 232, 242, 31619, 233, 101, 168, 244, 112, 167, 224, 246, 31619, 105, 116, 168, 252, 98, 35975, 222, 220, 166, 115, 116, 23821, 251, 120, 168, 225, 223, 168, 254, 223, 23821, 251, 246, 167, 107, 116, 168, 245, 238, 23821, 114, 102, 168, 233, 97, 47991, 246, 166, 110, 234, 220, 47991, 112, 168, 226, 251, 167, 238, 246, 168, 244, 112, 168, 243, 120, 220, 47991, 250, 46695, 97, 13, 23821, 251, 112, 167, 253, 105, 47991, 250, 705, 167, 105, 116, 167, 99, 105, 220, 47991, 112, 168, 226, 251, 6, 35975, 112, 31619, 110, 243, 220, 47991, 112, 168, 226, 251, 35975, 246, 23821, 114, 250, 167, 108, 250, 168, 254, 238, 35975, 112, 46695, 97, 526, 198, 198, 17, 167, 110, 230, 25, 23821, 254, 223, 168, 254, 230, 47991, 101, 13, 366, 46695, 112, 167, 111, 112, 167, 232, 242, 23821, 109, 226, 166, 114, 234, 166, 111, 120, 220, 166, 112, 222, 167, 254, 101, 167, 238, 250, 31619, 100, 98, 167, 251, 121, 168, 245, 238, 168, 226, 250, 167, 232, 242, 23821, 109, 226, 166, 114, 234, 35975, 246, 23821, 233, 97, 169, 246, 226, 220, 166, 108, 222, 167, 232, 98, 168, 226, 109, 35975, 226, 31619, 111, 112, 168, 252, 98, 47991, 246, 166, 116, 108, 23821, 250, 226, 47991, 250, 23821, 94, 108, 168, 117, 246, 167, 251, 120, 167, 232, 242, 23821, 251, 246, 167, 107, 116, 167, 94, 250, 220, 47991, 112, 168, 226, 251, 167, 238, 250, 46695, 97, 13, 31619, 233, 112, 167, 111, 112, 31619, 45539, 166, 114, 234, 35975, 112, 220, 166, 115, 116, 23821, 246, 230, 35975, 112, 46695, 97, 526, 198, 198, 18, 167, 110, 230, 25, 23821, 254, 223, 168, 254, 230, 47991, 101, 13, 366, 166, 115, 116, 167, 253, 105, 167, 224, 246, 220, 166, 115, 116, 23821, 109, 226, 166, 114, 234, 168, 252, 238, 23821, 97, 239, 31619, 233, 112, 167, 111, 112, 31619, 45539, 166, 114, 234, 35975, 226, 220, 166, 108, 222, 168, 100, 226, 23821, 252, 238, 167, 232, 242, 220, 166, 110, 121, 167, 100, 97, 31619, 234, 222, 166, 116, 230, 168, 245, 238, 168, 226, 250, 23821, 252, 238, 168, 233, 254, 35975, 246, 23821, 109, 226, 166, 114, 234, 168, 243, 94, 167, 114, 222, 169, 226, 108, 31619, 101, 120, 168, 254, 222, 31619, 108, 108, 46695, 117, 167, 108, 249, 167, 232, 242, 46695, 97, 526, 198, 198, 19, 167, 110, 230, 25, 31619, 114, 222, 168, 254, 223, 168, 254, 230, 47991, 101, 13, 23821, 100, 222, 167, 105, 116, 168, 245, 238, 167, 232, 242, 23821, 250, 254, 168, 225, 223, 220, 166, 111, 226, 168, 243, 121, 168, 245, 238, 168, 226, 250, 220, 166, 113, 238, 169, 247, 246, 31619, 234, 222, 168, 225, 223, 35975, 246, 220, 166, 108, 240, 168, 244, 112, 168, 117, 246, 166, 108, 222, 23821, 251, 120, 168, 117, 246, 47991, 112, 168, 243, 120, 220, 47991, 250, 46695, 97, 167, 232, 242, 31619, 224, 112, 168, 248, 102, 35975, 222, 23821, 245, 228, 35975, 234, 13, 23821, 246, 97, 169, 252, 230, 167, 254, 97, 366, 46695, 112, 167, 111, 112, 167, 232, 242, 23821, 250, 254, 168, 225, 223, 220, 166, 111, 226, 168, 243, 121, 35975, 246, 31619, 100, 98, 167, 251, 121, 168, 245, 238, 168, 226, 250, 220, 166, 109, 108, 167, 252, 246, 31619, 234, 222, 168, 225, 223, 35975, 246, 220, 166, 108, 240, 168, 244, 112, 168, 117, 246, 167, 98, 120, 31619, 111, 112, 168, 252, 98, 47991, 250, 46695, 97, 167, 232, 242, 23821, 251, 246, 167, 107, 116, 167, 94, 250, 220, 47991, 112, 168, 226, 251, 167, 238, 250, 46695, 97, 1, 166, 111, 254, 167, 100, 234, 23821, 244, 116, 166, 116, 231, 167, 238, 246, 168, 244, 112, 23821, 252, 230, 35975, 234, 13, 198, 198, 20, 167, 110, 230, 25, 23821, 254, 223, 168, 254, 230, 47991, 101, 13, 366, 167, 105, 116, 167, 99, 105, 220, 47991, 112, 168, 226, 251, 168, 250, 120, 167, 94, 250, 220, 166, 115, 116, 31619, 224, 112, 168, 248, 102, 35975, 226, 23821, 254, 250, 167, 234, 222, 167, 94, 250, 220, 169, 234, 234, 168, 243, 227, 47991, 246, 166, 116, 108, 23821, 244, 112, 167, 254, 97, 168, 248, 108, 167, 102, 112, 11, 220, 166, 115, 116, 166, 110, 225, 35975, 112, 23821, 8955, 168, 248, 102, 167, 238, 250, 31619, 100, 98, 167, 251, 121, 35975, 226, 220, 166, 111, 254, 167, 254, 97, 47991, 246, 168, 245, 105, 220, 166, 115, 116, 23821, 251, 246, 167, 107, 116, 167, 98, 120, 220, 169, 234, 234, 168, 243, 227, 47991, 246, 167, 232, 242, 705, 168, 110, 112, 166, 111, 226, 168, 254, 223, 220, 47991, 112, 168, 226, 251, 3256, 23821, 252, 227, 167, 110, 243, 220, 166, 111, 120, 168, 254, 243, 168, 245, 238, 168, 226, 250, 31619, 227, 120, 35975, 246, 167, 238, 250, 31619, 224, 112, 168, 248, 102, 35975, 226, 31619, 108, 242, 169, 225, 243, 168, 250, 120, 167, 94, 250, 220, 166, 115, 116, 23821, 251, 246, 167, 107, 116, 167, 98, 120, 220, 169, 234, 234, 168, 243, 227, 47991, 246, 167, 232, 242, 705, 168, 245, 255, 168, 8955, 168, 254, 223, 220, 47991, 112, 168, 226, 251, 6, 31619, 241, 109, 35975, 246, 220, 47991, 112, 168, 226, 251, 31619, 108, 102, 167, 110, 243, 35975, 226, 23821, 8955, 168, 248, 102, 47991, 254, 23821, 230, 246, 23821, 252, 230, 46695, 97, 526, 198, 198, 168, 113, 250, 168, 95, 227, 23821, 254, 243, 46695, 113, 25, 604, 167, 110, 230]","[0.5, 0.5, 0.5, 0.5, 0.5, 0.5, 0.5, 0.5, 0.5, 0.5, 0.5, 0.5, 0.5, 0.5, 0.5, 0.5, 0.5, 0.5, 0.5, 0.5, 0.5, 0.5, 0.5, 0.5, 0.5, 0.5, 0.5, 0.5, 0.5, 0.5, 0.5, 0.5, 0.5, 0.5, 0.5, 0.5, 0.5, 0.5, 0.5, 0.5, 0.5, 0.5, 0.5, 0.5, 0.5, 0.5, 0.5, 0.5, 0.5, 0.5, 0.5, 0.5, 0.5, 0.5, 0.5, 0.5, 0.5, 0.5, 0.5, 0.5, 0.5, 0.5, 0.5, 0.5, 0.5, 0.5, 0.5, 0.5, 0.5, 0.5, 0.5, 0.5, 0.5, 0.5, 0.5, 0.5, 0.5, 0.5, 0.5, 0.5, 0.5, 0.5, 0.5, 0.5, 0.5, 0.5, 0.5, 0.5, 0.5, 0.5, 0.5, 0.5, 0.5, 0.5, 0.5, 0.5, 0.5, 0.5, 0.5, 0.5, 0.5, 0.5, 0.5, 0.5, 0.5, 0.5, 0.5, 0.5, 0.5, 0.5, 0.5, 0.5, 0.5, 0.5, 0.5, 0.5, 0.5, 0.5, 0.5, 0.5, 0.5, 0.5, 0.5, 0.5, 0.5, 0.5, 0.5, 0.5, 0.5, 0.5, 0.5, 0.5, 0.5, 0.5, 0.5, 0.5, 0.5, 0.5, 0.5, 0.5, 0.5, 0.5, 0.5, 0.5, 0.5, 0.5, 0.5, 0.5, 0.5, 0.5, 0.5, 0.5, 0.5, 0.5, 0.5, 0.5, 0.5, 0.5, 0.5, 0.5, 0.5, 0.5, 0.5, 0.5, 0.5, 0.5, 0.5, 0.5, 0.5, 0.5, 0.5, 0.5, 0.5, 0.5, 0.5, 0.5, 0.5, 0.5, 0.5, 0.5, 0.5, 0.5, 0.5, 0.5, 0.5, 0.5, 0.5, 0.5, 0.5, 0.5, 0.5, 0.5, 0.5, 0.5, 0.5, 0.5, 0.5, 0.5, 0.5, 0.5, 0.5, 0.5, 0.5, 0.5, 0.5, 0.5, 0.5, 0.5, 0.5, 0.5, 0.5, 0.5, 0.5, 0.5, 0.5, 0.5, 0.5, 0.5, 0.5, 0.5, 0.5, 0.5, 0.5, 0.5, 0.5, 0.5, 0.5, 0.5, 0.5, 0.5, 0.5, 0.5, 0.5, 0.5, 0.5, 0.5, 0.5, 0.5, 0.5, 0.5, 0.5, 0.5, 0.5, 0.5, 0.5, 0.5, 0.5, 0.5, 0.5, 0.5, 0.5, 0.5, 0.5, 0.5, 0.5, 0.5, 0.5, 0.5, 0.5, 0.5, 0.5, 0.5, 0.5, 0.5, 0.5, 0.5, 0.5, 0.5, 0.5, 0.5, 0.5, 0.5, 0.5, 0.5, 0.5, 0.5, 0.5, 0.5, 0.5, 0.5, 0.5, 0.5, 0.5, 0.5, 0.5, 0.5, 0.5, 0.5, 0.5, 0.5, 0.5, 0.5, 0.5, 0.5, 0.5, 0.5, 0.5, 0.5, 0.5, 0.5, 0.5, 0.5, 0.5, 0.5, 0.5, 0.5, 0.5, 0.5, 0.5, 0.5, 0.5, 0.5, 0.5, 0.5, 0.5, 0.5, 0.5, 0.5, 0.5, 0.5, 0.5, 0.5, 0.5, 0.5, 0.5, 0.5, 0.5, 0.5, 0.5, 0.5, 0.5, 0.5, 0.5, 0.5, 0.5, 0.5, 0.5, 0.5, 0.5, 0.5, 0.5, 0.5, 0.5, 0.5, 0.5, 0.5, 0.5, 0.5, 0.5, 0.5, 0.5, 0.5, 0.5, 0.5, 0.5, 0.5, 0.5, 0.5, 0.5, 0.5, 0.5, 0.5, 0.5, 0.5, 0.5, 0.5, 0.5, 0.5, 0.5, 0.5, 0.5, 0.5, 0.5, 0.5, 0.5, 0.5, 0.5, 0.5, 0.5, 0.5, 0.5, 0.5, 0.5, 0.5, 0.5, 0.5, 0.5, 0.5, 0.5, 0.5, 0.5, 0.5, 0.5, 0.5, 0.5, 0.5, 0.5, 0.5, 0.5, 0.5, 0.5, 0.5, 0.5, 0.5, 0.5, 0.5, 0.5, 0.5, 0.5, 0.5, 0.5, 0.5, 0.5, 0.5, 0.5, 0.5, 0.5, 0.5, 0.5, 0.5, 0.5, 0.5, 0.5, 0.5, 0.5, 0.5, 0.5, 0.5, 0.5, 0.5, 0.5, 0.5, 0.5, 0.5, 0.5, 0.5, 0.5, 0.5, 0.5, 0.5, 0.5, 0.5, 0.5, 0.5, 0.5, 0.5, 0.5, 0.5, 0.5, 0.5, 0.5, 0.5, 0.5, 0.5, 0.5, 0.5, 0.5, 0.5, 0.5, 0.5, 0.5, 0.5, 0.5, 0.5, 0.5, 0.5, 0.5, 0.5, 0.5, 0.5, 0.5, 0.5, 0.5, 0.5, 0.5, 0.5, 0.5, 0.5, 0.5, 0.5, 0.5, 0.5, 0.5, 0.5, 0.5, 0.5, 0.5, 0.5, 0.5, 0.5, 0.5, 0.5, 0.5, 0.5, 0.5, 0.5, 0.5, 0.5, 0.5, 0.5, 0.5, 0.5, 0.5, 0.5, 0.5, 0.5, 0.5, 0.5, 0.5, 0.5, 0.5, 0.5, 0.5, 0.5, 0.5, 0.5, 0.5, 0.5, 0.5, 0.5, 0.5, 0.5, 0.5, 0.5, 0.5, 0.5, 0.5, 0.5, 0.5, 0.5, 0.5, 0.5, 0.5, 0.5, 0.5, 0.5, 0.5, 0.5, 0.5, 0.5, 0.5, 0.5, 0.5, 0.5, 0.5, 0.5, 0.5, 0.5, 0.5, 0.5, 0.5, 0.5, 0.5, 0.5, 0.5, 0.5, 0.5, 0.5, 0.5, 0.5, 0.5, 0.5, 0.5, 0.5, 0.5, 0.5, 0.5, 0.5, 0.5, 0.5, 0.5, 0.5, 0.5, 0.5, 0.5, 0.5, 0.5, 0.5, 0.5, 0.5, 0.5, 0.5, 0.5, 0.5, 0.5, 0.5, 0.5, 0.5, 0.5, 0.5, 0.5, 0.5, 0.5, 0.5, 0.5, 0.5, 0.5, 0.5, 0.5, 0.5, 0.5, 0.5, 0.5, 0.5, 0.5, 0.5, 0.5, 0.5, 0.5, 0.5, 0.5, 0.5, 0.5, 0.5, 0.5, 0.5, 0.5, 0.5, 0.5, 0.5, 0.5, 0.5, 0.5, 0.5, 0.5, 0.5, 0.5, 0.5, 0.5, 0.5, 0.5, 0.5, 0.5, 0.5, 0.5, 0.5, 0.5, 0.5, 0.5, 0.5, 0.5, 0.5, 0.5, 0.5, 0.5, 0.5, 0.5, 0.5, 0.5, 0.5, 0.5, 0.5, 0.5, 0.5, 0.5, 0.5, 0.5, 0.5, 0.5, 0.5, 0.5, 0.5, 0.5, 0.5, 0.5, 0.5, 0.5, 0.5, 0.5, 0.5, 0.5, 0.5, 0.5, 0.5, 0.5, 0.5, 0.5, 0.5, 0.5, 0.5, 0.5, 0.5, 0.5, 0.5, 0.5, 0.5, 0.5, 0.5, 0.5, 0.5, 0.5, 0.5, 0.5, 0.5, 0.5, 0.5, 0.5, 0.5, 0.5, 0.5, 0.5, 0.5, 0.5, 0.5, 0.5, 0.5, 0.5, 0.5, 0.5, 0.5, 0.5, 0.5, 0.5, 0.5, 0.5, 0.5, 0.5, 0.5, 0.5, 0.5, 0.5, 0.5, 0.5, 0.5, 0.5, 0.5, 0.5, 0.5, 0.5, 0.5, 0.5, 0.5, 0.5, 0.5, 0.5, 0.5, 0.5, 0.5, 0.5, 0.5, 0.5, 0.5, 0.5, 0.5, 0.5, 0.5, 0.5, 0.5, 0.5, 0.5, 0.5, 0.5, 0.5, 0.5, 0.5, 0.5, 0.5, 0.5, 0.5, 0.5, 0.5, 0.5, 0.5, 0.5, 0.5, 0.5, 0.5, 0.5, 0.5, 0.5, 0.5, 0.5, 0.5, 0.5, 0.5, 0.5, 0.5, 0.5, 0.5, 0.5, 0.5, 0.5, 0.5, 0.5, 0.5, 0.5, 0.5, 0.5, 0.5, 0.5, 0.5, 0.5, 0.5, 0.5, 0.5, 0.5, 0.5, 0.5, 0.5, 0.5, 0.5, 0.5, 0.5, 0.5, 0.5, 0.5, 0.5, 0.5, 0.5, 0.5, 0.5, 0.5, 0.5, 0.5, 0.5, 0.5, 0.5, 0.5, 0.5, 0.5, 0.5, 0.5, 0.5, 0.5, 0.5, 0.5, 0.5, 0.5, 0.5, 0.5, 0.5, 0.5, 0.5, 0.5, 0.5, 0.5, 0.5, 0.5, 0.5, 0.5, 0.5, 0.5, 0.5, 0.5, 0.5, 0.5, 0.5, 0.5, 0.5, 0.5, 0.5, 0.5, 0.5, 0.5, 0.5, 0.5, 0.5, 0.5, 0.5, 0.5, 0.5, 0.5, 0.5, 0.5, 0.5, 0.5, 0.5, 0.5, 0.5, 0.5, 0.5, 0.5, 0.5, 0.5, 0.5, 0.5, 0.5, 0.5, 0.5, 0.5, 0.5, 0.5, 0.5, 0.5, 0.5, 0.5, 0.5, 0.5, 0.5, 0.5, 0.5, 0.5, 0.5, 0.5, 0.5, 0.5, 0.5, 0.5, 0.5, 0.5, 0.5, 0.5, 0.5, 0.5, 0.5, 0.5, 0.5, 0.5, 0.5, 0.5, 0.5, 0.5, 0.5, 0.5, 0.5, 0.5, 0.5, 0.5, 0.5, 0.5, 0.5, 0.5, 0.5, 0.5, 0.5, 0.5, 0.5, 0.5, 0.5, 0.5, 0.5, 0.5, 0.5, 0.5, 0.5, 0.5, 0.5, 0.5, 0.5, 0.5, 0.5, 0.5, 0.5, 0.5, 0.5, 0.5, 0.5, 0.5, 0.5, 0.5, 0.5, 0.5, 0.5, 0.5, 0.5, 0.5, 0.5, 0.5, 0.5, 0.5, 0.5, 0.5, 0.5, 0.5, 0.5, 0.5, 0.5, 0.5, 0.5, 0.5, 0.5, 0.5, 0.5, 0.5, 0.5, 0.5, 0.5, 0.5, 0.5, 0.5, 0.5, 0.5, 0.5, 0.5, 0.5, 0.5, 0.5, 0.5, 0.5, 0.5, 0.5, 0.5, 0.5, 0.5, 0.5, 0.5, 0.5, 0.5, 0.5, 0.5, 0.5, 0.5, 0.5, 0.5, 0.5, 0.5, 0.5, 0.5, 0.5, 0.5, 0.5, 0.5, 0.5, 0.5, 0.5, 0.5, 0.5, 0.5, 0.5, 0.5, 0.5, 0.5, 0.5, 0.5, 0.5, 0.5, 0.5, 0.5, 0.5, 0.5, 0.5, 0.5, 0.5, 0.5, 0.5, 0.5, 0.5, 0.5, 0.5, 0.5, 0.5, 0.5, 0.5, 0.5, 0.5, 0.5, 0.5, 0.5, 0.5, 0.5, 0.5, 0.5, 0.5, 0.5, 0.5, 0.5, 0.5, 0.5, 0.5, 0.5, 0.5, 0.5]",2
2026_11_KICE_4-9_2,['2(2)'],"1번: (오답) ""보증 계약은 보증인에게만 채무를 발생시키므로 유상 계약이 아니다.""라는 문장과 모순됩니다. 보증 계약의 당사자는 채권자와 보증인이므로, 주채무자가 보증인에게 지급하기로 한 대가는 보증 계약 자체와 무관합니다.

2번: (정답) ""보증 계약은 보증인에게만 채무를 발생시키므로 유상 계약이 아니다.""라는 문장과 연결됩니다. 보증 계약의 당사자는 채권자와 보증인인데, 대가를 지급할 의무가 있는 주채무자는 보증 계약의 당사자가 아니므로 보증 계약 자체는 유상 계약이 될 수 없습니다.

3번: (오답) 지문에는 보증인이 주채무자로부터 손해 배상을 받을 수 있는지에 대한 내용이 없습니다. 따라서 이는 ㉠의 이유가 될 수 없습니다.

4번: (오답) 보증인이 채무를 이행하는 것은 자신의 채무가 아니라 주채무자의 채무를 대신 이행하는 것이므로, 이는 ㉠의 이유가 될 수 없습니다.

5번: (오답) 담보 물권과의 유사성은 보증의 기능을 설명할 뿐, 보증 계약이 유상 계약이 아닌 이유를 설명하지는 않습니다.

최종 정답: 2번","[16, 167, 110, 230, 25, 357, 168, 246, 97, 46695, 113, 8, 366, 167, 111, 112, 168, 99, 251, 220, 166, 111, 226, 168, 243, 121, 35975, 222, 31619, 111, 112, 168, 99, 251, 35975, 116, 168, 245, 238, 166, 110, 234, 167, 100, 234, 23821, 109, 226, 167, 105, 112, 167, 98, 120, 31619, 108, 250, 168, 225, 251, 168, 233, 250, 169, 224, 97, 167, 107, 222, 167, 94, 250, 23821, 250, 254, 168, 225, 223, 220, 166, 111, 226, 168, 243, 121, 35975, 112, 23821, 243, 226, 46695, 230, 46695, 97, 526, 167, 251, 120, 167, 232, 242, 31619, 105, 116, 168, 252, 98, 166, 111, 120, 31619, 103, 101, 168, 230, 250, 167, 238, 102, 46695, 230, 46695, 97, 13, 31619, 111, 112, 168, 99, 251, 220, 166, 111, 226, 168, 243, 121, 35975, 246, 31619, 233, 117, 168, 8955, 168, 252, 238, 167, 232, 242, 23821, 109, 226, 166, 114, 234, 168, 252, 238, 168, 247, 222, 31619, 111, 112, 168, 99, 251, 35975, 116, 35975, 112, 167, 107, 222, 167, 94, 250, 11, 23821, 96, 120, 168, 109, 226, 167, 105, 112, 168, 252, 238, 166, 108, 222, 31619, 111, 112, 168, 99, 251, 35975, 116, 168, 245, 238, 166, 110, 234, 23821, 100, 222, 166, 116, 231, 47991, 246, 166, 116, 108, 167, 94, 250, 220, 47991, 250, 31619, 234, 222, 166, 108, 222, 167, 232, 242, 31619, 111, 112, 168, 99, 251, 220, 166, 111, 226, 168, 243, 121, 23821, 252, 238, 168, 110, 112, 168, 247, 222, 31619, 105, 112, 166, 112, 222, 47991, 102, 46695, 230, 46695, 97, 13, 198, 198, 17, 167, 110, 230, 25, 357, 168, 254, 243, 46695, 113, 8, 366, 167, 111, 112, 168, 99, 251, 220, 166, 111, 226, 168, 243, 121, 35975, 222, 31619, 111, 112, 168, 99, 251, 35975, 116, 168, 245, 238, 166, 110, 234, 167, 100, 234, 23821, 109, 226, 167, 105, 112, 167, 98, 120, 31619, 108, 250, 168, 225, 251, 168, 233, 250, 169, 224, 97, 167, 107, 222, 167, 94, 250, 23821, 250, 254, 168, 225, 223, 220, 166, 111, 226, 168, 243, 121, 35975, 112, 23821, 243, 226, 46695, 230, 46695, 97, 526, 167, 251, 120, 167, 232, 242, 31619, 105, 116, 168, 252, 98, 166, 111, 120, 23821, 245, 108, 166, 110, 108, 167, 238, 102, 46695, 230, 46695, 97, 13, 31619, 111, 112, 168, 99, 251, 220, 166, 111, 226, 168, 243, 121, 35975, 246, 31619, 233, 117, 168, 8955, 168, 252, 238, 167, 232, 242, 23821, 109, 226, 166, 114, 234, 168, 252, 238, 168, 247, 222, 31619, 111, 112, 168, 99, 251, 35975, 116, 35975, 116, 167, 235, 108, 11, 31619, 234, 222, 166, 108, 222, 167, 98, 120, 23821, 100, 222, 166, 116, 231, 47991, 254, 23821, 251, 246, 167, 105, 112, 166, 108, 222, 23821, 252, 230, 167, 232, 242, 23821, 96, 120, 168, 109, 226, 167, 105, 112, 168, 252, 238, 167, 232, 242, 31619, 111, 112, 168, 99, 251, 220, 166, 111, 226, 168, 243, 121, 35975, 246, 31619, 233, 117, 168, 8955, 168, 252, 238, 166, 108, 222, 23821, 243, 226, 46695, 230, 167, 107, 222, 167, 94, 250, 31619, 111, 112, 168, 99, 251, 220, 166, 111, 226, 168, 243, 121, 23821, 252, 238, 168, 110, 112, 167, 232, 242, 23821, 250, 254, 168, 225, 223, 220, 166, 111, 226, 168, 243, 121, 35975, 112, 31619, 238, 254, 23821, 230, 246, 23821, 245, 228, 168, 232, 113, 46695, 230, 46695, 97, 13, 198, 198, 18, 167, 110, 230, 25, 357, 168, 246, 97, 46695, 113, 8, 23821, 100, 222, 167, 105, 116, 168, 245, 238, 167, 232, 242, 31619, 111, 112, 168, 99, 251, 35975, 116, 35975, 112, 23821, 96, 120, 168, 109, 226, 167, 105, 112, 168, 252, 238, 167, 94, 250, 167, 114, 222, 169, 226, 108, 23821, 228, 238, 47991, 112, 31619, 108, 108, 168, 225, 223, 35975, 226, 31619, 108, 249, 35975, 226, 23821, 230, 246, 23821, 252, 230, 167, 232, 242, 168, 100, 222, 168, 245, 238, 31619, 234, 222, 47991, 250, 31619, 224, 112, 168, 248, 102, 35975, 112, 23821, 245, 228, 168, 232, 113, 46695, 230, 46695, 97, 13, 31619, 242, 108, 167, 251, 120, 168, 226, 250, 23821, 251, 112, 167, 232, 242, 220, 159, 231, 254, 35975, 246, 23821, 251, 112, 168, 250, 254, 166, 108, 222, 31619, 238, 254, 23821, 230, 246, 23821, 245, 228, 168, 232, 113, 46695, 230, 46695, 97, 13, 198, 198, 19, 167, 110, 230, 25, 357, 168, 246, 97, 46695, 113, 8, 31619, 111, 112, 168, 99, 251, 35975, 116, 35975, 112, 23821, 109, 226, 167, 105, 112, 167, 98, 120, 23821, 251, 112, 169, 244, 231, 47991, 246, 167, 232, 242, 220, 166, 110, 225, 35975, 222, 23821, 252, 238, 168, 233, 254, 35975, 246, 23821, 109, 226, 167, 105, 112, 166, 108, 222, 23821, 243, 226, 46695, 230, 167, 251, 120, 23821, 96, 120, 168, 109, 226, 167, 105, 112, 168, 252, 238, 35975, 246, 23821, 109, 226, 167, 105, 112, 167, 98, 120, 31619, 234, 222, 168, 233, 254, 23821, 251, 112, 169, 244, 231, 47991, 246, 167, 232, 242, 220, 166, 110, 225, 35975, 112, 167, 107, 222, 167, 94, 250, 11, 23821, 251, 112, 167, 232, 242, 220, 159, 231, 254, 35975, 246, 23821, 251, 112, 168, 250, 254, 166, 108, 222, 31619, 238, 254, 23821, 230, 246, 23821, 245, 228, 168, 232, 113, 46695, 230, 46695, 97, 13, 198, 198, 20, 167, 110, 230, 25, 357, 168, 246, 97, 46695, 113, 8, 31619, 233, 112, 167, 111, 112, 31619, 45539, 166, 114, 234, 166, 111, 120, 35975, 246, 23821, 250, 254, 168, 8955, 168, 226, 109, 35975, 222, 31619, 111, 112, 168, 99, 251, 35975, 246, 220, 166, 116, 108, 167, 232, 98, 35975, 226, 23821, 226, 97, 167, 103, 227, 47991, 254, 31619, 123, 238, 11, 31619, 111, 112, 168, 99, 251, 220, 166, 111, 226, 168, 243, 121, 35975, 112, 23821, 250, 254, 168, 225, 223, 220, 166, 111, 226, 168, 243, 121, 35975, 112, 23821, 243, 226, 46695, 234, 23821, 251, 112, 168, 250, 254, 167, 98, 120, 23821, 226, 97, 167, 103, 227, 47991, 246, 168, 100, 222, 167, 232, 242, 23821, 243, 232, 168, 232, 113, 46695, 230, 46695, 97, 13, 198, 198, 168, 113, 250, 168, 95, 227, 23821, 254, 243, 46695, 113, 25, 362, 167, 110, 230]","[0.5, 0.5, 0.5, 0.5, 0.5, 0.5, 0.5, 0.5, 0.5, 0.5, 0.5, 0.5, 0.5, 0.5, 0.5, 0.5, 0.5, 0.5, 0.5, 0.5, 0.5, 0.5, 0.5, 0.5, 0.5, 0.5, 0.5, 0.5, 0.5, 0.5, 0.5, 0.5, 0.5, 0.5, 0.5, 0.5, 0.5, 0.5, 0.5, 0.5, 0.5, 0.5, 0.5, 0.5, 0.5, 0.5, 0.5, 0.5, 0.5, 0.5, 0.5, 0.5, 0.5, 0.5, 0.5, 0.5, 0.5, 0.5, 0.5, 0.5, 0.5, 0.5, 0.5, 0.5, 0.5, 0.5, 0.5, 0.5, 0.5, 0.5, 0.5, 0.5, 0.5, 0.5, 0.5, 0.5, 0.5, 0.5, 0.5, 0.5, 0.5, 0.5, 0.5, 0.5, 0.5, 0.5, 0.5, 0.5, 0.5, 0.5, 0.5, 0.5, 0.5, 0.5, 0.5, 0.5, 0.5, 0.5, 0.5, 0.5, 0.5, 0.5, 0.5, 0.5, 0.5, 0.5, 0.5, 0.5, 0.5, 0.5, 0.5, 0.5, 0.5, 0.5, 0.5, 0.5, 0.5, 0.5, 0.5, 0.5, 0.5, 0.5, 0.5, 0.5, 0.5, 0.5, 0.5, 0.5, 0.5, 0.5, 0.5, 0.5, 0.5, 0.5, 0.5, 0.5, 0.5, 0.5, 0.5, 0.5, 0.5, 0.5, 0.5, 0.5, 0.5, 0.5, 0.5, 0.5, 0.5, 0.5, 0.5, 0.5, 0.5, 0.5, 0.5, 0.5, 0.5, 0.5, 0.5, 0.5, 0.5, 0.5, 0.5, 0.5, 0.5, 0.5, 0.5, 0.5, 0.5, 0.5, 0.5, 0.5, 0.5, 0.5, 0.5, 0.5, 0.5, 0.5, 0.5, 0.5, 0.5, 0.5, 0.5, 0.5, 0.5, 0.5, 0.5, 0.5, 0.5, 0.5, 0.5, 0.5, 0.5, 0.5, 0.5, 0.5, 0.5, 0.5, 0.5, 0.5, 0.5, 0.5, 0.5, 0.5, 0.5, 0.5, 0.5, 0.5, 0.5, 0.5, 0.5, 0.5, 0.5, 0.5, 0.5, 0.5, 0.5, 0.5, 0.5, 0.5, 0.5, 0.5, 0.5, 0.5, 0.5, 0.5, 0.5, 0.5, 0.5, 0.5, 0.5, 0.5, 0.5, 0.5, 0.5, 0.5, 0.5, 0.5, 0.5, 0.5, 0.5, 0.5, 0.5, 0.5, 0.5, 0.5, 0.5, 0.5, 0.5, 0.5, 0.5, 0.5, 0.5, 0.5, 0.5, 0.5, 0.5, 0.5, 0.5, 0.5, 0.5, 0.5, 0.5, 0.5, 0.5, 0.5, 0.5, 0.5, 0.5, 0.5, 0.5, 0.5, 0.5, 0.5, 0.5, 0.5, 0.5, 0.5, 0.5, 0.5, 0.5, 0.5, 0.5, 0.5, 0.5, 0.5, 0.5, 0.5, 0.5, 0.5, 0.5, 0.5, 0.5, 0.5, 0.5, 0.5, 0.5, 0.5, 0.5, 0.5, 0.5, 0.5, 0.5, 0.5, 0.5, 0.5, 0.5, 0.5, 0.5, 0.5, 0.5, 0.5, 0.5, 0.5, 0.5, 0.5, 0.5, 0.5, 0.5, 0.5, 0.5, 0.5, 0.5, 0.5, 0.5, 0.5, 0.5, 0.5, 0.5, 0.5, 0.5, 0.5, 0.5, 0.5, 0.5, 0.5, 0.5, 0.5, 0.5, 0.5, 0.5, 0.5, 0.5, 0.5, 0.5, 0.5, 0.5, 0.5, 0.5, 0.5, 0.5, 0.5, 0.5, 0.5, 0.5, 0.5, 0.5, 0.5, 0.5, 0.5, 0.5, 0.5, 0.5, 0.5, 0.5, 0.5, 0.5, 0.5, 0.5, 0.5, 0.5, 0.5, 0.5, 0.5, 0.5, 0.5, 0.5, 0.5, 0.5, 0.5, 0.5, 0.5, 0.5, 0.5, 0.5, 0.5, 0.5, 0.5, 0.5, 0.5, 0.5, 0.5, 0.5, 0.5, 0.5, 0.5, 0.5, 0.5, 0.5, 0.5, 0.5, 0.5, 0.5, 0.5, 0.5, 0.5, 0.5, 0.5, 0.5, 0.5, 0.5, 0.5, 0.5, 0.5, 0.5, 0.5, 0.5, 0.5, 0.5, 0.5, 0.5, 0.5, 0.5, 0.5, 0.5, 0.5, 0.5, 0.5, 0.5, 0.5, 0.5, 0.5, 0.5, 0.5, 0.5, 0.5, 0.5, 0.5, 0.5, 0.5, 0.5, 0.5, 0.5, 0.5, 0.5, 0.5, 0.5, 0.5, 0.5, 0.5, 0.5, 0.5, 0.5, 0.5, 0.5, 0.5, 0.5, 0.5, 0.5, 0.5, 0.5, 0.5, 0.5, 0.5, 0.5, 0.5, 0.5, 0.5, 0.5, 0.5, 0.5, 0.5, 0.5, 0.5, 0.5, 0.5, 0.5, 0.5, 0.5, 0.5, 0.5, 0.5, 0.5, 0.5, 0.5, 0.5, 0.5, 0.5, 0.5, 0.5, 0.5, 0.5, 0.5, 0.5, 0.5, 0.5, 0.5, 0.5, 0.5, 0.5, 0.5, 0.5, 0.5, 0.5, 0.5, 0.5, 0.5, 0.5, 0.5, 0.5, 0.5, 0.5, 0.5, 0.5, 0.5, 0.5, 0.5, 0.5, 0.5, 0.5, 0.5, 0.5, 0.5, 0.5, 0.5, 0.5, 0.5, 0.5, 0.5, 0.5, 0.5, 0.5, 0.5, 0.5, 0.5, 0.5, 0.5, 0.5, 0.5, 0.5, 0.5, 0.5, 0.5, 0.5, 0.5, 0.5, 0.5, 0.5, 0.5, 0.5, 0.5, 0.5, 0.5, 0.5, 0.5, 0.5, 0.5, 0.5, 0.5, 0.5, 0.5, 0.5, 0.5, 0.5, 0.5, 0.5, 0.5, 0.5, 0.5, 0.5, 0.5, 0.5, 0.5, 0.5, 0.5, 0.5, 0.5, 0.5, 0.5, 0.5, 0.5, 0.5, 0.5, 0.5, 0.5, 0.5, 0.5, 0.5, 0.5, 0.5, 0.5, 0.5, 0.5, 0.5, 0.5, 0.5, 0.5, 0.5, 0.5, 0.5, 0.5, 0.5, 0.5, 0.5, 0.5, 0.5, 0.5, 0.5, 0.5, 0.5, 0.5, 0.5, 0.5, 0.5, 0.5, 0.5, 0.5, 0.5, 0.5, 0.5, 0.5, 0.5, 0.5, 0.5, 0.5, 0.5, 0.5, 0.5, 0.5, 0.5, 0.5, 0.5, 0.5, 0.5, 0.5, 0.5, 0.5, 0.5, 0.5, 0.5, 0.5, 0.5, 0.5, 0.5, 0.5, 0.5, 0.5, 0.5, 0.5, 0.5, 0.5, 0.5, 0.5, 0.5, 0.5, 0.5, 0.5, 0.5, 0.5, 0.5, 0.5, 0.5, 0.5, 0.5, 0.5, 0.5, 0.5, 0.5, 0.5, 0.5, 0.5, 0.5, 0.5, 0.5, 0.5, 0.5, 0.5, 0.5, 0.5, 0.5, 0.5, 0.5, 0.5, 0.5, 0.5, 0.5, 0.5, 0.5, 0.5, 0.5, 0.5, 0.5, 0.5, 0.5, 0.5, 0.5, 0.5, 0.5, 0.5, 0.5, 0.5, 0.5, 0.5, 0.5, 0.5, 0.5, 0.5, 0.5, 0.5, 0.5, 0.5, 0.5, 0.5, 0.5, 0.5, 0.5, 0.5, 0.5, 0.5, 0.5, 0.5, 0.5, 0.5, 0.5, 0.5, 0.5, 0.5, 0.5, 0.5, 0.5, 0.5, 0.5, 0.5, 0.5, 0.5, 0.5, 0.5, 0.5, 0.5, 0.5, 0.5, 0.5, 0.5, 0.5, 0.5, 0.5, 0.5, 0.5, 0.5, 0.5, 0.5, 0.5, 0.5, 0.5, 0.5, 0.5, 0.5, 0.5, 0.5, 0.5, 0.5, 0.5, 0.5, 0.5, 0.5, 0.5, 0.5, 0.5, 0.5, 0.5, 0.5, 0.5, 0.5, 0.5, 0.5, 0.5, 0.5, 0.5, 0.5, 0.5, 0.5, 0.5, 0.5, 0.5, 0.5, 0.5, 0.5, 0.5, 0.5, 0.5, 0.5, 0.5, 0.5, 0.5, 0.5, 0.5, 0.5, 0.5, 0.5, 0.5, 0.5, 0.5, 0.5, 0.5, 0.5, 0.5, 0.5, 0.5, 0.5, 0.5, 0.5, 0.5, 0.5, 0.5, 0.5, 0.5, 0.5, 0.5, 0.5, 0.5, 0.5, 0.5, 0.5, 0.5, 0.5, 0.5, 0.5, 0.5, 0.5, 0.5, 0.5, 0.5, 0.5, 0.5, 0.5, 0.5, 0.5, 0.5, 0.5, 0.5, 0.5, 0.5, 0.5, 0.5, 0.5, 0.5, 0.5, 0.5, 0.5, 0.5, 0.5, 0.5, 0.5, 0.5, 0.5, 0.5, 0.5, 0.5, 0.5, 0.5, 0.5, 0.5, 0.5, 0.5, 0.5, 0.5, 0.5, 0.5, 0.5, 0.5, 0.5, 0.5, 0.5, 0.5, 0.5, 0.5, 0.5, 0.5, 0.5, 0.5, 0.5, 0.5, 0.5, 0.5, 0.5, 0.5, 0.5, 0.5, 0.5, 0.5, 0.5, 0.5, 0.5, 0.5, 0.5, 0.5, 0.5, 0.5, 0.5, 0.5, 0.5, 0.5, 0.5, 0.5, 0.5, 0.5, 0.5, 0.5, 0.5, 0.5, 0.5, 0.5, 0.5, 0.5, 0.5, 0.5, 0.5, 0.5, 0.5, 0.5, 0.5, 0.5, 0.5, 0.5, 0.5, 0.5, 0.5, 0.5, 0.5, 0.5, 0.5, 0.5, 0.5, 0.5, 0.5, 0.5, 0.5, 0.5, 0.5, 0.5, 0.5, 0.5, 0.5, 0.5, 0.5, 0.5, 0.5, 0.5, 0.5, 0.5, 0.5, 0.5, 0.5, 0.5, 0.5, 0.5, 0.5, 0.5, 0.5, 0.5, 0.5, 0.5, 0.5, 0.5, 0.5, 0.5, 0.5, 0.5, 0.5, 0.5, 0.5, 0.5, 0.5, 0.5, 0.5, 0.5, 0.5, 0.5, 0.5, 0.5, 0.5, 0.5, 0.5, 0.5, 0.5, 0.5, 0.5, 0.5, 0.5, 0.5, 0.5, 0.5, 0.5, 0.5, 0.5, 0.5, 0.5, 0.5, 0.5, 0.5, 0.5, 0.5, 0.5, 0.5, 0.5, 0.5, 0.5, 0.5, 0.5, 0.5, 0.5, 0.5, 0.5, 0.5, 0.5, 0.5, 0.5, 0.5, 0.5, 0.5, 0.5, 0.5, 0.5, 0.5, 0.5, 0.5, 0.5, 0.5, 0.5, 0.5, 0.5, 0.5, 0.5, 0.5, 0.5, 0.5, 0.5, 0.5, 0.5, 0.5, 0.5, 0.5, 0.5, 0.5, 0.5, 0.5, 0.5, 0.5, 0.5, 0.5, 0.5, 0.5, 0.5, 0.5, 0.5, 0.5, 0.5, 0.5, 0.5, 0.5, 0.5, 0.5, 0.5, 0.5, 0.5, 0.5, 0.5, 0.5]",2
2026_11_KICE_4-9_3,['5(2)'],"1번: (오답) ""주채무자에 대한 호의로 대가 없이 보증 계약을 한 자""라는 조건은 일반 보증인에 대한 설명일 뿐, 연대 보증인에 대한 필수 조건은 아니다. (지문: ""보증인이 대가 없이 주채무자에 대한 호의로 보증 계약을 한 경우"")

2번: (오답) 문리 해석상으로는 연대 보증인도 포함될 수 있지만, 지문에서는 ""어떤 해석 방법을 따르느냐에 따라 결론이 달라질 수 있다""고 명시하고 있다. (지문: ""어떤 해석 방법을 따르느냐에 따라 결론이 달라질 수 있다"")

3번: (오답) 연대 보증인은 채권자가 주채무자에게 먼저 청구하지 않아도 보증 채무 이행을 거절할 수 없다. (지문: ""연대 보증 특약을 한 보증인은, 채권자가 곧바로 주채무 전액에 해당하는 돈의 지급을 요구하더라도 그 이행을 거절할 수 없다"")

4번: (오답) 연대 보증 특약은 채권자와 보증인 사이의 계약에 포함되는 것이지, 채무자와의 특약이 아니다. (지문: ""보증 계약에 포함될 수 있다"")

5번: (정답) 주채무가 이행되면 보증 채무도 소멸하므로, 연대 보증인도 더 이상 이행할 의무가 없다. (지문: ""보증은 담보 기능을 수행하므로 주채무가 소멸되면 보증 채무도 당연히 소멸된다"")

최종 정답: 5번","[16, 167, 110, 230, 25, 357, 168, 246, 97, 46695, 113, 8, 366, 168, 96, 120, 168, 109, 226, 167, 105, 112, 168, 252, 238, 168, 245, 238, 31619, 234, 222, 47991, 250, 220, 169, 246, 116, 35975, 246, 167, 94, 250, 31619, 234, 222, 166, 108, 222, 23821, 245, 228, 35975, 112, 31619, 111, 112, 168, 99, 251, 220, 166, 111, 226, 168, 243, 121, 35975, 226, 220, 47991, 250, 23821, 252, 238, 1, 167, 251, 120, 167, 232, 242, 23821, 94, 108, 166, 109, 112, 35975, 222, 23821, 251, 120, 167, 108, 246, 31619, 111, 112, 168, 99, 251, 35975, 116, 168, 245, 238, 31619, 234, 222, 47991, 250, 23821, 226, 97, 167, 103, 227, 35975, 120, 31619, 123, 238, 11, 23821, 245, 108, 167, 234, 222, 31619, 111, 112, 168, 99, 251, 35975, 116, 168, 245, 238, 31619, 234, 222, 47991, 250, 220, 47991, 226, 168, 230, 246, 23821, 94, 108, 166, 109, 112, 35975, 222, 23821, 243, 226, 46695, 230, 46695, 97, 13, 357, 168, 100, 222, 167, 105, 116, 25, 366, 167, 111, 112, 168, 99, 251, 35975, 116, 35975, 112, 31619, 234, 222, 166, 108, 222, 23821, 245, 228, 35975, 112, 23821, 96, 120, 168, 109, 226, 167, 105, 112, 168, 252, 238, 168, 245, 238, 31619, 234, 222, 47991, 250, 220, 169, 246, 116, 35975, 246, 167, 94, 250, 31619, 111, 112, 168, 99, 251, 220, 166, 111, 226, 168, 243, 121, 35975, 226, 220, 47991, 250, 220, 166, 110, 121, 168, 248, 108, 4943, 198, 198, 17, 167, 110, 230, 25, 357, 168, 246, 97, 46695, 113, 8, 31619, 105, 116, 167, 99, 105, 220, 47991, 112, 168, 226, 251, 168, 225, 223, 168, 250, 120, 167, 94, 250, 167, 232, 242, 23821, 245, 108, 167, 234, 222, 31619, 111, 112, 168, 99, 251, 35975, 116, 167, 237, 226, 220, 169, 237, 105, 47991, 101, 167, 238, 254, 23821, 230, 246, 23821, 252, 230, 168, 100, 222, 167, 100, 234, 11, 23821, 100, 222, 167, 105, 116, 168, 245, 238, 168, 226, 250, 167, 232, 242, 366, 168, 244, 112, 167, 244, 97, 220, 47991, 112, 168, 226, 251, 31619, 108, 102, 167, 110, 243, 35975, 226, 31619, 242, 108, 167, 98, 112, 167, 232, 238, 167, 225, 238, 168, 245, 238, 31619, 242, 108, 167, 251, 120, 220, 166, 110, 108, 167, 94, 254, 35975, 112, 31619, 233, 105, 167, 251, 120, 168, 100, 230, 23821, 230, 246, 23821, 252, 230, 46695, 97, 1, 166, 111, 254, 31619, 103, 227, 168, 233, 250, 47991, 246, 166, 111, 254, 23821, 252, 230, 46695, 97, 13, 357, 168, 100, 222, 167, 105, 116, 25, 366, 168, 244, 112, 167, 244, 97, 220, 47991, 112, 168, 226, 251, 31619, 108, 102, 167, 110, 243, 35975, 226, 31619, 242, 108, 167, 98, 112, 167, 232, 238, 167, 225, 238, 168, 245, 238, 31619, 242, 108, 167, 251, 120, 220, 166, 110, 108, 167, 94, 254, 35975, 112, 31619, 233, 105, 167, 251, 120, 168, 100, 230, 23821, 230, 246, 23821, 252, 230, 46695, 97, 4943, 198, 198, 18, 167, 110, 230, 25, 357, 168, 246, 97, 46695, 113, 8, 23821, 245, 108, 167, 234, 222, 31619, 111, 112, 168, 99, 251, 35975, 116, 35975, 222, 23821, 109, 226, 166, 114, 234, 168, 252, 238, 166, 108, 222, 23821, 96, 120, 168, 109, 226, 167, 105, 112, 168, 252, 238, 168, 245, 238, 166, 110, 234, 31619, 101, 120, 168, 254, 222, 23821, 110, 255, 166, 113, 105, 47991, 246, 168, 100, 222, 23821, 243, 232, 168, 243, 226, 167, 237, 226, 31619, 111, 112, 168, 99, 251, 23821, 109, 226, 167, 105, 112, 23821, 251, 112, 169, 244, 231, 35975, 226, 220, 166, 109, 108, 168, 254, 230, 47991, 254, 23821, 230, 246, 23821, 245, 228, 46695, 97, 13, 357, 168, 100, 222, 167, 105, 116, 25, 366, 168, 245, 108, 167, 234, 222, 31619, 111, 112, 168, 99, 251, 220, 169, 232, 117, 168, 243, 121, 35975, 226, 220, 47991, 250, 31619, 111, 112, 168, 99, 251, 35975, 116, 35975, 222, 11, 23821, 109, 226, 166, 114, 234, 168, 252, 238, 166, 108, 222, 220, 166, 111, 100, 167, 108, 242, 167, 94, 250, 23821, 96, 120, 168, 109, 226, 167, 105, 112, 23821, 254, 226, 168, 243, 94, 168, 245, 238, 220, 47991, 112, 46695, 117, 47991, 246, 167, 232, 242, 31619, 237, 230, 35975, 246, 23821, 100, 222, 166, 116, 231, 35975, 226, 23821, 248, 242, 166, 113, 105, 47991, 246, 167, 235, 242, 167, 251, 120, 167, 237, 226, 220, 166, 115, 116, 23821, 251, 112, 169, 244, 231, 35975, 226, 220, 166, 109, 108, 168, 254, 230, 47991, 254, 23821, 230, 246, 23821, 245, 228, 46695, 97, 4943, 198, 198, 19, 167, 110, 230, 25, 357, 168, 246, 97, 46695, 113, 8, 23821, 245, 108, 167, 234, 222, 31619, 111, 112, 168, 99, 251, 220, 169, 232, 117, 168, 243, 121, 35975, 222, 23821, 109, 226, 166, 114, 234, 168, 252, 238, 168, 247, 222, 31619, 111, 112, 168, 99, 251, 35975, 116, 23821, 8955, 35975, 112, 35975, 246, 220, 166, 111, 226, 168, 243, 121, 168, 245, 238, 220, 169, 237, 105, 47991, 101, 167, 238, 246, 167, 232, 242, 220, 166, 110, 225, 35975, 112, 168, 100, 222, 11, 23821, 109, 226, 167, 105, 112, 168, 252, 238, 168, 247, 222, 35975, 246, 220, 169, 232, 117, 168, 243, 121, 35975, 112, 23821, 243, 226, 46695, 230, 46695, 97, 13, 357, 168, 100, 222, 167, 105, 116, 25, 366, 167, 111, 112, 168, 99, 251, 220, 166, 111, 226, 168, 243, 121, 168, 245, 238, 220, 169, 237, 105, 47991, 101, 167, 238, 254, 23821, 230, 246, 23821, 252, 230, 46695, 97, 4943, 198, 198, 20, 167, 110, 230, 25, 357, 168, 254, 243, 46695, 113, 8, 23821, 96, 120, 168, 109, 226, 167, 105, 112, 166, 108, 222, 23821, 251, 112, 169, 244, 231, 167, 238, 246, 167, 102, 112, 31619, 111, 112, 168, 99, 251, 23821, 109, 226, 167, 105, 112, 167, 237, 226, 23821, 228, 234, 167, 102, 116, 47991, 246, 167, 107, 222, 167, 94, 250, 11, 23821, 245, 108, 167, 234, 222, 31619, 111, 112, 168, 99, 251, 35975, 116, 167, 237, 226, 31619, 235, 242, 23821, 251, 112, 168, 225, 223, 23821, 251, 112, 169, 244, 231, 47991, 254, 23821, 251, 246, 167, 105, 112, 166, 108, 222, 23821, 245, 228, 46695, 97, 13, 357, 168, 100, 222, 167, 105, 116, 25, 366, 167, 111, 112, 168, 99, 251, 35975, 222, 31619, 233, 112, 167, 111, 112, 220, 166, 116, 108, 167, 232, 98, 35975, 226, 23821, 230, 246, 169, 244, 231, 47991, 246, 167, 107, 222, 167, 94, 250, 23821, 96, 120, 168, 109, 226, 167, 105, 112, 166, 108, 222, 23821, 228, 234, 167, 102, 116, 167, 238, 246, 167, 102, 112, 31619, 111, 112, 168, 99, 251, 23821, 109, 226, 167, 105, 112, 167, 237, 226, 31619, 233, 117, 168, 245, 108, 169, 252, 230, 23821, 228, 234, 167, 102, 116, 167, 238, 250, 46695, 97, 4943, 198, 198, 168, 113, 250, 168, 95, 227, 23821, 254, 243, 46695, 113, 25, 642, 167, 110, 230]","[0.5, 0.5, 0.5, 0.5, 0.5, 0.5, 0.5, 0.5, 0.5, 0.5, 0.5, 0.5, 0.5, 0.5, 0.5, 0.5, 0.5, 0.5, 0.5, 0.5, 0.5, 0.5, 0.5, 0.5, 0.5, 0.5, 0.5, 0.5, 0.5, 0.5, 0.5, 0.5, 0.5, 0.5, 0.5, 0.5, 0.5, 0.5, 0.5, 0.5, 0.5, 0.5, 0.5, 0.5, 0.5, 0.5, 0.5, 0.5, 0.5, 0.5, 0.5, 0.5, 0.5, 0.5, 0.5, 0.5, 0.5, 0.5, 0.5, 0.5, 0.5, 0.5, 0.5, 0.5, 0.5, 0.5, 0.5, 0.5, 0.5, 0.5, 0.5, 0.5, 0.5, 0.5, 0.5, 0.5, 0.5, 0.5, 0.5, 0.5, 0.5, 0.5, 0.5, 0.5, 0.5, 0.5, 0.5, 0.5, 0.5, 0.5, 0.5, 0.5, 0.5, 0.5, 0.5, 0.5, 0.5, 0.5, 0.5, 0.5, 0.5, 0.5, 0.5, 0.5, 0.5, 0.5, 0.5, 0.5, 0.5, 0.5, 0.5, 0.5, 0.5, 0.5, 0.5, 0.5, 0.5, 0.5, 0.5, 0.5, 0.5, 0.5, 0.5, 0.5, 0.5, 0.5, 0.5, 0.5, 0.5, 0.5, 0.5, 0.5, 0.5, 0.5, 0.5, 0.5, 0.5, 0.5, 0.5, 0.5, 0.5, 0.5, 0.5, 0.5, 0.5, 0.5, 0.5, 0.5, 0.5, 0.5, 0.5, 0.5, 0.5, 0.5, 0.5, 0.5, 0.5, 0.5, 0.5, 0.5, 0.5, 0.5, 0.5, 0.5, 0.5, 0.5, 0.5, 0.5, 0.5, 0.5, 0.5, 0.5, 0.5, 0.5, 0.5, 0.5, 0.5, 0.5, 0.5, 0.5, 0.5, 0.5, 0.5, 0.5, 0.5, 0.5, 0.5, 0.5, 0.5, 0.5, 0.5, 0.5, 0.5, 0.5, 0.5, 0.5, 0.5, 0.5, 0.5, 0.5, 0.5, 0.5, 0.5, 0.5, 0.5, 0.5, 0.5, 0.5, 0.5, 0.5, 0.5, 0.5, 0.5, 0.5, 0.5, 0.5, 0.5, 0.5, 0.5, 0.5, 0.5, 0.5, 0.5, 0.5, 0.5, 0.5, 0.5, 0.5, 0.5, 0.5, 0.5, 0.5, 0.5, 0.5, 0.5, 0.5, 0.5, 0.5, 0.5, 0.5, 0.5, 0.5, 0.5, 0.5, 0.5, 0.5, 0.5, 0.5, 0.5, 0.5, 0.5, 0.5, 0.5, 0.5, 0.5, 0.5, 0.5, 0.5, 0.5, 0.5, 0.5, 0.5, 0.5, 0.5, 0.5, 0.5, 0.5, 0.5, 0.5, 0.5, 0.5, 0.5, 0.5, 0.5, 0.5, 0.5, 0.5, 0.5, 0.5, 0.5, 0.5, 0.5, 0.5, 0.5, 0.5, 0.5, 0.5, 0.5, 0.5, 0.5, 0.5, 0.5, 0.5, 0.5, 0.5, 0.5, 0.5, 0.5, 0.5, 0.5, 0.5, 0.5, 0.5, 0.5, 0.5, 0.5, 0.5, 0.5, 0.5, 0.5, 0.5, 0.5, 0.5, 0.5, 0.5, 0.5, 0.5, 0.5, 0.5, 0.5, 0.5, 0.5, 0.5, 0.5, 0.5, 0.5, 0.5, 0.5, 0.5, 0.5, 0.5, 0.5, 0.5, 0.5, 0.5, 0.5, 0.5, 0.5, 0.5, 0.5, 0.5, 0.5, 0.5, 0.5, 0.5, 0.5, 0.5, 0.5, 0.5, 0.5, 0.5, 0.5, 0.5, 0.5, 0.5, 0.5, 0.5, 0.5, 0.5, 0.5, 0.5, 0.5, 0.5, 0.5, 0.5, 0.5, 0.5, 0.5, 0.5, 0.5, 0.5, 0.5, 0.5, 0.5, 0.5, 0.5, 0.5, 0.5, 0.5, 0.5, 0.5, 0.5, 0.5, 0.5, 0.5, 0.5, 0.5, 0.5, 0.5, 0.5, 0.5, 0.5, 0.5, 0.5, 0.5, 0.5, 0.5, 0.5, 0.5, 0.5, 0.5, 0.5, 0.5, 0.5, 0.5, 0.5, 0.5, 0.5, 0.5, 0.5, 0.5, 0.5, 0.5, 0.5, 0.5, 0.5, 0.5, 0.5, 0.5, 0.5, 0.5, 0.5, 0.5, 0.5, 0.5, 0.5, 0.5, 0.5, 0.5, 0.5, 0.5, 0.5, 0.5, 0.5, 0.5, 0.5, 0.5, 0.5, 0.5, 0.5, 0.5, 0.5, 0.5, 0.5, 0.5, 0.5, 0.5, 0.5, 0.5, 0.5, 0.5, 0.5, 0.5, 0.5, 0.5, 0.5, 0.5, 0.5, 0.5, 0.5, 0.5, 0.5, 0.5, 0.5, 0.5, 0.5, 0.5, 0.5, 0.5, 0.5, 0.5, 0.5, 0.5, 0.5, 0.5, 0.5, 0.5, 0.5, 0.5, 0.5, 0.5, 0.5, 0.5, 0.5, 0.5, 0.5, 0.5, 0.5, 0.5, 0.5, 0.5, 0.5, 0.5, 0.5, 0.5, 0.5, 0.5, 0.5, 0.5, 0.5, 0.5, 0.5, 0.5, 0.5, 0.5, 0.5, 0.5, 0.5, 0.5, 0.5, 0.5, 0.5, 0.5, 0.5, 0.5, 0.5, 0.5, 0.5, 0.5, 0.5, 0.5, 0.5, 0.5, 0.5, 0.5, 0.5, 0.5, 0.5, 0.5, 0.5, 0.5, 0.5, 0.5, 0.5, 0.5, 0.5, 0.5, 0.5, 0.5, 0.5, 0.5, 0.5, 0.5, 0.5, 0.5, 0.5, 0.5, 0.5, 0.5, 0.5, 0.5, 0.5, 0.5, 0.5, 0.5, 0.5, 0.5, 0.5, 0.5, 0.5, 0.5, 0.5, 0.5, 0.5, 0.5, 0.5, 0.5, 0.5, 0.5, 0.5, 0.5, 0.5, 0.5, 0.5, 0.5, 0.5, 0.5, 0.5, 0.5, 0.5, 0.5, 0.5, 0.5, 0.5, 0.5, 0.5, 0.5, 0.5, 0.5, 0.5, 0.5, 0.5, 0.5, 0.5, 0.5, 0.5, 0.5, 0.5, 0.5, 0.5, 0.5, 0.5, 0.5, 0.5, 0.5, 0.5, 0.5, 0.5, 0.5, 0.5, 0.5, 0.5, 0.5, 0.5, 0.5, 0.5, 0.5, 0.5, 0.5, 0.5, 0.5, 0.5, 0.5, 0.5, 0.5, 0.5, 0.5, 0.5, 0.5, 0.5, 0.5, 0.5, 0.5, 0.5, 0.5, 0.5, 0.5, 0.5, 0.5, 0.5, 0.5, 0.5, 0.5, 0.5, 0.5, 0.5, 0.5, 0.5, 0.5, 0.5, 0.5, 0.5, 0.5, 0.5, 0.5, 0.5, 0.5, 0.5, 0.5, 0.5, 0.5, 0.5, 0.5, 0.5, 0.5, 0.5, 0.5, 0.5, 0.5, 0.5, 0.5, 0.5, 0.5, 0.5, 0.5, 0.5, 0.5, 0.5, 0.5, 0.5, 0.5, 0.5, 0.5, 0.5, 0.5, 0.5, 0.5, 0.5, 0.5, 0.5, 0.5, 0.5, 0.5, 0.5, 0.5, 0.5, 0.5, 0.5, 0.5, 0.5, 0.5, 0.5, 0.5, 0.5, 0.5, 0.5, 0.5, 0.5, 0.5, 0.5, 0.5, 0.5, 0.5, 0.5, 0.5, 0.5, 0.5, 0.5, 0.5, 0.5, 0.5, 0.5, 0.5, 0.5, 0.5, 0.5, 0.5, 0.5, 0.5, 0.5, 0.5, 0.5, 0.5, 0.5, 0.5, 0.5, 0.5, 0.5, 0.5, 0.5, 0.5, 0.5, 0.5, 0.5, 0.5, 0.5, 0.5, 0.5, 0.5, 0.5, 0.5, 0.5, 0.5, 0.5, 0.5, 0.5, 0.5, 0.5, 0.5, 0.5, 0.5, 0.5, 0.5, 0.5, 0.5, 0.5, 0.5, 0.5, 0.5, 0.5, 0.5, 0.5, 0.5, 0.5, 0.5, 0.5, 0.5, 0.5, 0.5, 0.5, 0.5, 0.5, 0.5, 0.5, 0.5, 0.5, 0.5, 0.5, 0.5, 0.5, 0.5, 0.5, 0.5, 0.5, 0.5, 0.5, 0.5, 0.5, 0.5, 0.5, 0.5, 0.5, 0.5, 0.5, 0.5, 0.5, 0.5, 0.5, 0.5, 0.5, 0.5, 0.5, 0.5, 0.5, 0.5, 0.5, 0.5, 0.5, 0.5, 0.5, 0.5, 0.5, 0.5, 0.5, 0.5, 0.5, 0.5, 0.5, 0.5, 0.5, 0.5, 0.5, 0.5, 0.5, 0.5, 0.5, 0.5, 0.5, 0.5, 0.5, 0.5, 0.5, 0.5, 0.5, 0.5, 0.5, 0.5, 0.5, 0.5, 0.5, 0.5, 0.5, 0.5, 0.5, 0.5, 0.5, 0.5, 0.5, 0.5, 0.5, 0.5, 0.5, 0.5, 0.5, 0.5, 0.5, 0.5, 0.5, 0.5, 0.5, 0.5, 0.5, 0.5, 0.5, 0.5, 0.5, 0.5, 0.5, 0.5, 0.5, 0.5, 0.5, 0.5, 0.5, 0.5, 0.5, 0.5, 0.5, 0.5, 0.5, 0.5, 0.5, 0.5, 0.5, 0.5, 0.5, 0.5, 0.5, 0.5, 0.5, 0.5, 0.5, 0.5, 0.5, 0.5, 0.5, 0.5, 0.5, 0.5, 0.5, 0.5, 0.5, 0.5, 0.5, 0.5, 0.5, 0.5, 0.5, 0.5, 0.5, 0.5, 0.5, 0.5, 0.5, 0.5, 0.5, 0.5, 0.5, 0.5, 0.5, 0.5, 0.5, 0.5, 0.5, 0.5, 0.5, 0.5, 0.5, 0.5, 0.5, 0.5, 0.5, 0.5, 0.5, 0.5, 0.5, 0.5, 0.5, 0.5, 0.5, 0.5, 0.5, 0.5, 0.5, 0.5, 0.5, 0.5, 0.5, 0.5, 0.5, 0.5, 0.5, 0.5, 0.5, 0.5, 0.5, 0.5, 0.5, 0.5, 0.5, 0.5, 0.5, 0.5, 0.5, 0.5, 0.5, 0.5, 0.5, 0.5, 0.5, 0.5, 0.5, 0.5, 0.5, 0.5, 0.5, 0.5, 0.5, 0.5, 0.5, 0.5, 0.5, 0.5, 0.5, 0.5, 0.5, 0.5, 0.5, 0.5, 0.5, 0.5, 0.5, 0.5, 0.5, 0.5, 0.5, 0.5, 0.5, 0.5, 0.5, 0.5, 0.5, 0.5, 0.5, 0.5, 0.5, 0.5, 0.5, 0.5, 0.5, 0.5, 0.5, 0.5, 0.5, 0.5, 0.5, 0.5, 0.5, 0.5, 0.5, 0.5, 0.5, 0.5, 0.5, 0.5, 0.5, 0.5, 0.5, 0.5, 0.5, 0.5, 0.5, 0.5, 0.5, 0.5, 0.5, 0.5, 0.5, 0.5, 0.5, 0.5, 0.5, 0.5, 0.5, 0.5, 0.5, 0.5, 0.5, 0.5, 0.5, 0.5, 0.5, 0.5, 0.5, 0.5, 0.5, 0.5, 0.5, 0.5, 0.5, 0.5, 0.5, 0.5, 0.5, 0.5, 0.5, 0.5, 0.5, 0.5, 0.5, 0.5, 0.5, 0.5, 0.5, 0.5, 0.5, 0.5, 0.5, 0.5, 0.5, 0.5, 0.5, 0.5, 0.5, 0.5, 0.5, 0.5, 0.5, 0.5, 0.5, 0.5, 0.5, 0.5, 0.5, 0.5, 0.5, 0.5, 0.5, 0.5, 0.5, 0.5, 0.5, 0.5, 0.5, 0.5, 0.5, 0.5, 0.5, 0.5, 0.5, 0.5, 0.5, 0.5, 0.5, 0.5, 0.5, 0.5, 0.5, 0.5, 0.5, 0.5, 0.5, 0.5, 0.5, 0.5, 0.5, 0.5, 0.5, 0.5, 0.5, 0.5, 0.5, 0.5, 0.5, 0.5, 0.5, 0.5, 0.5, 0.5, 0.5, 0.5, 0.5, 0.5, 0.5, 0.5, 0.5, 0.5, 0.5, 0.5, 0.5, 0.5, 0.5, 0.5, 0.5, 0.5, 0.5, 0.5, 0.5, 0.5, 0.5, 0.5, 0.5, 0.5, 0.5, 0.5, 0.5, 0.5, 0.5, 0.5, 0.5, 0.5, 0.5, 0.5, 0.5, 0.5, 0.5, 0.5, 0.5, 0.5, 0.5, 0.5, 0.5, 0.5, 0.5, 0.5, 0.5]",2
2026_11_KICE_4-9_4,['3(3)'],"1번: 적절함. (가)에서 ""매수인이 계약 체결 당시 하자의 존재를 알았거나 알 수 있었던 경우에는 담보 책임이 인정되지 않는다""고 하였으므로, 을이 하자를 알 수 있었으면 손해 배상을 받을 권리가 없다는 내용은 옳다.

2번: 적절함. (가)에서 ""하자로 인해 매수인이 계약의 목적을 달성할 수 없으면 매수인은 계약을 파기하고 대금 환불을 청구할 수도 있다""고 하였으므로, 목적 달성이 가능하면 대금 환불을 받을 권리가 없다는 내용은 옳다.

3번: 적절하지 않음. (나)에서 ""보증 계약서에 서명이나 기명 날인이 없으면 무효이지만, 보증 채무가 이행되었으면 보증인이 그 무효를 주장할 수 없다""고 하였고, ""보증인은 주채무자가 강제 집행 대상 재산을 보유하고 있음을 증명하여 이행을 거절할 수 있다""고 하였다. 따라서 병은 이행을 거절할 수 있다.

4번: 적절함. (나)에서 ""계약서가 작성되지 않은 보증 계약은 무효이지만 보증 채무가 이행되었으면 보증인이 그 무효를 주장할 수 없다""고 하였으므로, 병은 무효를 주장할 수 없다는 내용은 옳다.

5번: 적절하지 않음. (나)에서 ""보증 계약서에 서명이나 기명 날인이 없으면 무효""라고 하였고, ""보증 채무가 이행되었으면 보증인이 그 무효를 주장할 수 없다""고 하였다. 따라서 병은 이행할 의무가 없다는 내용은 옳다.

최종 정답: 3번","[16, 167, 110, 230, 25, 23821, 254, 223, 168, 254, 230, 47991, 101, 13, 357, 166, 108, 222, 8, 168, 245, 238, 168, 226, 250, 366, 167, 100, 97, 168, 230, 246, 35975, 116, 35975, 112, 220, 166, 111, 226, 168, 243, 121, 23821, 110, 112, 166, 110, 108, 31619, 233, 117, 168, 233, 250, 220, 47991, 246, 168, 252, 238, 35975, 246, 23821, 94, 112, 168, 252, 105, 167, 98, 120, 23821, 243, 234, 168, 243, 246, 166, 109, 108, 167, 224, 246, 23821, 243, 234, 23821, 230, 246, 23821, 252, 230, 168, 245, 230, 167, 235, 246, 220, 166, 110, 121, 168, 248, 108, 168, 245, 238, 167, 232, 242, 31619, 233, 112, 167, 111, 112, 23821, 109, 227, 168, 252, 226, 35975, 112, 23821, 251, 116, 168, 254, 243, 167, 238, 246, 168, 100, 222, 23821, 243, 232, 167, 232, 242, 46695, 97, 1, 166, 111, 254, 220, 47991, 246, 168, 246, 222, 168, 250, 120, 167, 107, 222, 167, 94, 250, 11, 23821, 251, 226, 35975, 112, 220, 47991, 246, 168, 252, 238, 167, 98, 120, 23821, 243, 234, 23821, 230, 246, 23821, 252, 230, 168, 245, 230, 168, 250, 120, 167, 102, 112, 23821, 228, 238, 47991, 112, 31619, 108, 108, 168, 225, 223, 35975, 226, 31619, 108, 249, 35975, 226, 220, 166, 114, 234, 167, 99, 105, 166, 108, 222, 23821, 245, 228, 46695, 97, 167, 232, 242, 31619, 224, 112, 168, 248, 102, 35975, 222, 23821, 246, 111, 46695, 97, 13, 198, 198, 17, 167, 110, 230, 25, 23821, 254, 223, 168, 254, 230, 47991, 101, 13, 357, 166, 108, 222, 8, 168, 245, 238, 168, 226, 250, 366, 47991, 246, 168, 252, 238, 167, 94, 250, 23821, 251, 116, 47991, 112, 31619, 100, 97, 168, 230, 246, 35975, 116, 35975, 112, 220, 166, 111, 226, 168, 243, 121, 35975, 246, 31619, 103, 102, 168, 254, 223, 35975, 226, 31619, 233, 105, 168, 226, 109, 47991, 254, 23821, 230, 246, 23821, 245, 228, 168, 250, 120, 167, 102, 112, 31619, 100, 97, 168, 230, 246, 35975, 116, 35975, 222, 220, 166, 111, 226, 168, 243, 121, 35975, 226, 220, 169, 234, 234, 166, 116, 108, 47991, 246, 166, 111, 254, 31619, 234, 222, 166, 116, 230, 220, 169, 247, 246, 167, 114, 230, 35975, 226, 23821, 110, 255, 166, 113, 105, 47991, 254, 23821, 230, 246, 167, 237, 226, 23821, 252, 230, 46695, 97, 1, 166, 111, 254, 220, 47991, 246, 168, 246, 222, 168, 250, 120, 167, 107, 222, 167, 94, 250, 11, 31619, 103, 102, 168, 254, 223, 31619, 233, 105, 168, 226, 109, 35975, 112, 220, 166, 108, 222, 167, 232, 98, 47991, 246, 167, 102, 112, 31619, 234, 222, 166, 116, 230, 220, 169, 247, 246, 167, 114, 230, 35975, 226, 31619, 108, 249, 35975, 226, 220, 166, 114, 234, 167, 99, 105, 166, 108, 222, 23821, 245, 228, 46695, 97, 167, 232, 242, 31619, 224, 112, 168, 248, 102, 35975, 222, 23821, 246, 111, 46695, 97, 13, 198, 198, 18, 167, 110, 230, 25, 23821, 254, 223, 168, 254, 230, 47991, 246, 168, 100, 222, 23821, 243, 232, 35975, 234, 13, 357, 167, 224, 246, 8, 168, 245, 238, 168, 226, 250, 366, 167, 111, 112, 168, 99, 251, 220, 166, 111, 226, 168, 243, 121, 168, 226, 250, 168, 245, 238, 23821, 226, 250, 167, 103, 227, 35975, 112, 167, 224, 246, 220, 166, 116, 108, 167, 103, 227, 31619, 224, 254, 35975, 116, 35975, 112, 23821, 245, 228, 168, 250, 120, 167, 102, 112, 31619, 105, 112, 169, 248, 101, 35975, 112, 168, 100, 222, 167, 100, 234, 11, 31619, 111, 112, 168, 99, 251, 23821, 109, 226, 167, 105, 112, 166, 108, 222, 23821, 251, 112, 169, 244, 231, 167, 238, 246, 168, 245, 230, 168, 250, 120, 167, 102, 112, 31619, 111, 112, 168, 99, 251, 35975, 116, 35975, 112, 220, 166, 115, 116, 31619, 105, 112, 169, 248, 101, 167, 98, 120, 23821, 96, 120, 168, 252, 98, 47991, 254, 23821, 230, 246, 23821, 245, 228, 46695, 97, 1, 166, 111, 254, 220, 47991, 246, 168, 246, 222, 166, 111, 254, 11, 366, 167, 111, 112, 168, 99, 251, 35975, 116, 35975, 222, 23821, 96, 120, 168, 109, 226, 167, 105, 112, 168, 252, 238, 166, 108, 222, 220, 166, 108, 243, 168, 254, 250, 23821, 100, 239, 169, 244, 231, 31619, 234, 222, 168, 225, 223, 23821, 252, 105, 168, 224, 108, 35975, 226, 31619, 111, 112, 168, 250, 254, 47991, 246, 166, 111, 254, 23821, 252, 230, 35975, 234, 35975, 226, 23821, 99, 251, 167, 103, 227, 47991, 246, 168, 245, 105, 23821, 251, 112, 169, 244, 231, 35975, 226, 220, 166, 109, 108, 168, 254, 230, 47991, 254, 23821, 230, 246, 23821, 252, 230, 46695, 97, 1, 166, 111, 254, 220, 47991, 246, 168, 246, 222, 46695, 97, 13, 31619, 242, 108, 167, 251, 120, 168, 226, 250, 31619, 111, 239, 35975, 222, 23821, 251, 112, 169, 244, 231, 35975, 226, 220, 166, 109, 108, 168, 254, 230, 47991, 254, 23821, 230, 246, 23821, 252, 230, 46695, 97, 13, 198, 198, 19, 167, 110, 230, 25, 23821, 254, 223, 168, 254, 230, 47991, 101, 13, 357, 167, 224, 246, 8, 168, 245, 238, 168, 226, 250, 366, 166, 111, 226, 168, 243, 121, 168, 226, 250, 166, 108, 222, 23821, 252, 239, 168, 226, 109, 167, 238, 246, 168, 100, 222, 23821, 243, 232, 35975, 222, 31619, 111, 112, 168, 99, 251, 220, 166, 111, 226, 168, 243, 121, 35975, 222, 31619, 105, 112, 169, 248, 101, 35975, 112, 168, 100, 222, 167, 100, 234, 31619, 111, 112, 168, 99, 251, 23821, 109, 226, 167, 105, 112, 166, 108, 222, 23821, 251, 112, 169, 244, 231, 167, 238, 246, 168, 245, 230, 168, 250, 120, 167, 102, 112, 31619, 111, 112, 168, 99, 251, 35975, 116, 35975, 112, 220, 166, 115, 116, 31619, 105, 112, 169, 248, 101, 167, 98, 120, 23821, 96, 120, 168, 252, 98, 47991, 254, 23821, 230, 246, 23821, 245, 228, 46695, 97, 1, 166, 111, 254, 220, 47991, 246, 168, 246, 222, 168, 250, 120, 167, 107, 222, 167, 94, 250, 11, 31619, 111, 239, 35975, 222, 31619, 105, 112, 169, 248, 101, 167, 98, 120, 23821, 96, 120, 168, 252, 98, 47991, 254, 23821, 230, 246, 23821, 245, 228, 46695, 97, 167, 232, 242, 31619, 224, 112, 168, 248, 102, 35975, 222, 23821, 246, 111, 46695, 97, 13, 198, 198, 20, 167, 110, 230, 25, 23821, 254, 223, 168, 254, 230, 47991, 246, 168, 100, 222, 23821, 243, 232, 35975, 234, 13, 357, 167, 224, 246, 8, 168, 245, 238, 168, 226, 250, 366, 167, 111, 112, 168, 99, 251, 220, 166, 111, 226, 168, 243, 121, 168, 226, 250, 168, 245, 238, 23821, 226, 250, 167, 103, 227, 35975, 112, 167, 224, 246, 220, 166, 116, 108, 167, 103, 227, 31619, 224, 254, 35975, 116, 35975, 112, 23821, 245, 228, 168, 250, 120, 167, 102, 112, 31619, 105, 112, 169, 248, 101, 1, 167, 251, 120, 166, 111, 254, 220, 47991, 246, 168, 246, 222, 166, 111, 254, 11, 366, 167, 111, 112, 168, 99, 251, 23821, 109, 226, 167, 105, 112, 166, 108, 222, 23821, 251, 112, 169, 244, 231, 167, 238, 246, 168, 245, 230, 168, 250, 120, 167, 102, 112, 31619, 111, 112, 168, 99, 251, 35975, 116, 35975, 112, 220, 166, 115, 116, 31619, 105, 112, 169, 248, 101, 167, 98, 120, 23821, 96, 120, 168, 252, 98, 47991, 254, 23821, 230, 246, 23821, 245, 228, 46695, 97, 1, 166, 111, 254, 220, 47991, 246, 168, 246, 222, 46695, 97, 13, 31619, 242, 108, 167, 251, 120, 168, 226, 250, 31619, 111, 239, 35975, 222, 23821, 251, 112, 169, 244, 231, 47991, 254, 23821, 251, 246, 167, 105, 112, 166, 108, 222, 23821, 245, 228, 46695, 97, 167, 232, 242, 31619, 224, 112, 168, 248, 102, 35975, 222, 23821, 246, 111, 46695, 97, 13, 198, 198, 168, 113, 250, 168, 95, 227, 23821, 254, 243, 46695, 113, 25, 513, 167, 110, 230]","[0.5, 0.5, 0.5, 0.5, 0.5, 0.5, 0.5, 0.5, 0.5, 0.5, 0.5, 0.5, 0.5, 0.5, 0.5, 0.5, 0.5, 0.5, 0.5, 0.5, 0.5, 0.5, 0.5, 0.5, 0.5, 0.5, 0.5, 0.5, 0.5, 0.5, 0.5, 0.5, 0.5, 0.5, 0.5, 0.5, 0.5, 0.5, 0.5, 0.5, 0.5, 0.5, 0.5, 0.5, 0.5, 0.5, 0.5, 0.5, 0.5, 0.5, 0.5, 0.5, 0.5, 0.5, 0.5, 0.5, 0.5, 0.5, 0.5, 0.5, 0.5, 0.5, 0.5, 0.5, 0.5, 0.5, 0.5, 0.5, 0.5, 0.5, 0.5, 0.5, 0.5, 0.5, 0.5, 0.5, 0.5, 0.5, 0.5, 0.5, 0.5, 0.5, 0.5, 0.5, 0.5, 0.5, 0.5, 0.5, 0.5, 0.5, 0.5, 0.5, 0.5, 0.5, 0.5, 0.5, 0.5, 0.5, 0.5, 0.5, 0.5, 0.5, 0.5, 0.5, 0.5, 0.5, 0.5, 0.5, 0.5, 0.5, 0.5, 0.5, 0.5, 0.5, 0.5, 0.5, 0.5, 0.5, 0.5, 0.5, 0.5, 0.5, 0.5, 0.5, 0.5, 0.5, 0.5, 0.5, 0.5, 0.5, 0.5, 0.5, 0.5, 0.5, 0.5, 0.5, 0.5, 0.5, 0.5, 0.5, 0.5, 0.5, 0.5, 0.5, 0.5, 0.5, 0.5, 0.5, 0.5, 0.5, 0.5, 0.5, 0.5, 0.5, 0.5, 0.5, 0.5, 0.5, 0.5, 0.5, 0.5, 0.5, 0.5, 0.5, 0.5, 0.5, 0.5, 0.5, 0.5, 0.5, 0.5, 0.5, 0.5, 0.5, 0.5, 0.5, 0.5, 0.5, 0.5, 0.5, 0.5, 0.5, 0.5, 0.5, 0.5, 0.5, 0.5, 0.5, 0.5, 0.5, 0.5, 0.5, 0.5, 0.5, 0.5, 0.5, 0.5, 0.5, 0.5, 0.5, 0.5, 0.5, 0.5, 0.5, 0.5, 0.5, 0.5, 0.5, 0.5, 0.5, 0.5, 0.5, 0.5, 0.5, 0.5, 0.5, 0.5, 0.5, 0.5, 0.5, 0.5, 0.5, 0.5, 0.5, 0.5, 0.5, 0.5, 0.5, 0.5, 0.5, 0.5, 0.5, 0.5, 0.5, 0.5, 0.5, 0.5, 0.5, 0.5, 0.5, 0.5, 0.5, 0.5, 0.5, 0.5, 0.5, 0.5, 0.5, 0.5, 0.5, 0.5, 0.5, 0.5, 0.5, 0.5, 0.5, 0.5, 0.5, 0.5, 0.5, 0.5, 0.5, 0.5, 0.5, 0.5, 0.5, 0.5, 0.5, 0.5, 0.5, 0.5, 0.5, 0.5, 0.5, 0.5, 0.5, 0.5, 0.5, 0.5, 0.5, 0.5, 0.5, 0.5, 0.5, 0.5, 0.5, 0.5, 0.5, 0.5, 0.5, 0.5, 0.5, 0.5, 0.5, 0.5, 0.5, 0.5, 0.5, 0.5, 0.5, 0.5, 0.5, 0.5, 0.5, 0.5, 0.5, 0.5, 0.5, 0.5, 0.5, 0.5, 0.5, 0.5, 0.5, 0.5, 0.5, 0.5, 0.5, 0.5, 0.5, 0.5, 0.5, 0.5, 0.5, 0.5, 0.5, 0.5, 0.5, 0.5, 0.5, 0.5, 0.5, 0.5, 0.5, 0.5, 0.5, 0.5, 0.5, 0.5, 0.5, 0.5, 0.5, 0.5, 0.5, 0.5, 0.5, 0.5, 0.5, 0.5, 0.5, 0.5, 0.5, 0.5, 0.5, 0.5, 0.5, 0.5, 0.5, 0.5, 0.5, 0.5, 0.5, 0.5, 0.5, 0.5, 0.5, 0.5, 0.5, 0.5, 0.5, 0.5, 0.5, 0.5, 0.5, 0.5, 0.5, 0.5, 0.5, 0.5, 0.5, 0.5, 0.5, 0.5, 0.5, 0.5, 0.5, 0.5, 0.5, 0.5, 0.5, 0.5, 0.5, 0.5, 0.5, 0.5, 0.5, 0.5, 0.5, 0.5, 0.5, 0.5, 0.5, 0.5, 0.5, 0.5, 0.5, 0.5, 0.5, 0.5, 0.5, 0.5, 0.5, 0.5, 0.5, 0.5, 0.5, 0.5, 0.5, 0.5, 0.5, 0.5, 0.5, 0.5, 0.5, 0.5, 0.5, 0.5, 0.5, 0.5, 0.5, 0.5, 0.5, 0.5, 0.5, 0.5, 0.5, 0.5, 0.5, 0.5, 0.5, 0.5, 0.5, 0.5, 0.5, 0.5, 0.5, 0.5, 0.5, 0.5, 0.5, 0.5, 0.5, 0.5, 0.5, 0.5, 0.5, 0.5, 0.5, 0.5, 0.5, 0.5, 0.5, 0.5, 0.5, 0.5, 0.5, 0.5, 0.5, 0.5, 0.5, 0.5, 0.5, 0.5, 0.5, 0.5, 0.5, 0.5, 0.5, 0.5, 0.5, 0.5, 0.5, 0.5, 0.5, 0.5, 0.5, 0.5, 0.5, 0.5, 0.5, 0.5, 0.5, 0.5, 0.5, 0.5, 0.5, 0.5, 0.5, 0.5, 0.5, 0.5, 0.5, 0.5, 0.5, 0.5, 0.5, 0.5, 0.5, 0.5, 0.5, 0.5, 0.5, 0.5, 0.5, 0.5, 0.5, 0.5, 0.5, 0.5, 0.5, 0.5, 0.5, 0.5, 0.5, 0.5, 0.5, 0.5, 0.5, 0.5, 0.5, 0.5, 0.5, 0.5, 0.5, 0.5, 0.5, 0.5, 0.5, 0.5, 0.5, 0.5, 0.5, 0.5, 0.5, 0.5, 0.5, 0.5, 0.5, 0.5, 0.5, 0.5, 0.5, 0.5, 0.5, 0.5, 0.5, 0.5, 0.5, 0.5, 0.5, 0.5, 0.5, 0.5, 0.5, 0.5, 0.5, 0.5, 0.5, 0.5, 0.5, 0.5, 0.5, 0.5, 0.5, 0.5, 0.5, 0.5, 0.5, 0.5, 0.5, 0.5, 0.5, 0.5, 0.5, 0.5, 0.5, 0.5, 0.5, 0.5, 0.5, 0.5, 0.5, 0.5, 0.5, 0.5, 0.5, 0.5, 0.5, 0.5, 0.5, 0.5, 0.5, 0.5, 0.5, 0.5, 0.5, 0.5, 0.5, 0.5, 0.5, 0.5, 0.5, 0.5, 0.5, 0.5, 0.5, 0.5, 0.5, 0.5, 0.5, 0.5, 0.5, 0.5, 0.5, 0.5, 0.5, 0.5, 0.5, 0.5, 0.5, 0.5, 0.5, 0.5, 0.5, 0.5, 0.5, 0.5, 0.5, 0.5, 0.5, 0.5, 0.5, 0.5, 0.5, 0.5, 0.5, 0.5, 0.5, 0.5, 0.5, 0.5, 0.5, 0.5, 0.5, 0.5, 0.5, 0.5, 0.5, 0.5, 0.5, 0.5, 0.5, 0.5, 0.5, 0.5, 0.5, 0.5, 0.5, 0.5, 0.5, 0.5, 0.5, 0.5, 0.5, 0.5, 0.5, 0.5, 0.5, 0.5, 0.5, 0.5, 0.5, 0.5, 0.5, 0.5, 0.5, 0.5, 0.5, 0.5, 0.5, 0.5, 0.5, 0.5, 0.5, 0.5, 0.5, 0.5, 0.5, 0.5, 0.5, 0.5, 0.5, 0.5, 0.5, 0.5, 0.5, 0.5, 0.5, 0.5, 0.5, 0.5, 0.5, 0.5, 0.5, 0.5, 0.5, 0.5, 0.5, 0.5, 0.5, 0.5, 0.5, 0.5, 0.5, 0.5, 0.5, 0.5, 0.5, 0.5, 0.5, 0.5, 0.5, 0.5, 0.5, 0.5, 0.5, 0.5, 0.5, 0.5, 0.5, 0.5, 0.5, 0.5, 0.5, 0.5, 0.5, 0.5, 0.5, 0.5, 0.5, 0.5, 0.5, 0.5, 0.5, 0.5, 0.5, 0.5, 0.5, 0.5, 0.5, 0.5, 0.5, 0.5, 0.5, 0.5, 0.5, 0.5, 0.5, 0.5, 0.5, 0.5, 0.5, 0.5, 0.5, 0.5, 0.5, 0.5, 0.5, 0.5, 0.5, 0.5, 0.5, 0.5, 0.5, 0.5, 0.5, 0.5, 0.5, 0.5, 0.5, 0.5, 0.5, 0.5, 0.5, 0.5, 0.5, 0.5, 0.5, 0.5, 0.5, 0.5, 0.5, 0.5, 0.5, 0.5, 0.5, 0.5, 0.5, 0.5, 0.5, 0.5, 0.5, 0.5, 0.5, 0.5, 0.5, 0.5, 0.5, 0.5, 0.5, 0.5, 0.5, 0.5, 0.5, 0.5, 0.5, 0.5, 0.5, 0.5, 0.5, 0.5, 0.5, 0.5, 0.5, 0.5, 0.5, 0.5, 0.5, 0.5, 0.5, 0.5, 0.5, 0.5, 0.5, 0.5, 0.5, 0.5, 0.5, 0.5, 0.5, 0.5, 0.5, 0.5, 0.5, 0.5, 0.5, 0.5, 0.5, 0.5, 0.5, 0.5, 0.5, 0.5, 0.5, 0.5, 0.5, 0.5, 0.5, 0.5, 0.5, 0.5, 0.5, 0.5, 0.5, 0.5, 0.5, 0.5, 0.5, 0.5, 0.5, 0.5, 0.5, 0.5, 0.5, 0.5, 0.5, 0.5, 0.5, 0.5, 0.5, 0.5, 0.5, 0.5, 0.5, 0.5, 0.5, 0.5, 0.5, 0.5, 0.5, 0.5, 0.5, 0.5, 0.5, 0.5, 0.5, 0.5, 0.5, 0.5, 0.5, 0.5, 0.5, 0.5, 0.5, 0.5, 0.5, 0.5, 0.5, 0.5, 0.5, 0.5, 0.5, 0.5, 0.5, 0.5, 0.5, 0.5, 0.5, 0.5, 0.5, 0.5, 0.5, 0.5, 0.5, 0.5, 0.5, 0.5, 0.5, 0.5, 0.5, 0.5, 0.5, 0.5, 0.5, 0.5, 0.5, 0.5, 0.5, 0.5, 0.5, 0.5, 0.5, 0.5, 0.5, 0.5, 0.5, 0.5, 0.5, 0.5, 0.5, 0.5, 0.5, 0.5, 0.5, 0.5, 0.5, 0.5, 0.5, 0.5, 0.5, 0.5, 0.5, 0.5, 0.5, 0.5, 0.5, 0.5, 0.5, 0.5, 0.5, 0.5, 0.5, 0.5, 0.5, 0.5, 0.5, 0.5, 0.5, 0.5, 0.5, 0.5, 0.5, 0.5, 0.5, 0.5, 0.5, 0.5, 0.5, 0.5, 0.5, 0.5, 0.5, 0.5, 0.5, 0.5, 0.5, 0.5, 0.5, 0.5, 0.5, 0.5, 0.5, 0.5, 0.5, 0.5, 0.5, 0.5, 0.5, 0.5, 0.5, 0.5, 0.5, 0.5, 0.5, 0.5, 0.5, 0.5, 0.5, 0.5, 0.5, 0.5, 0.5, 0.5, 0.5, 0.5, 0.5, 0.5, 0.5, 0.5, 0.5, 0.5, 0.5, 0.5, 0.5, 0.5, 0.5, 0.5, 0.5, 0.5, 0.5, 0.5, 0.5, 0.5, 0.5, 0.5, 0.5, 0.5, 0.5, 0.5, 0.5, 0.5, 0.5, 0.5, 0.5, 0.5, 0.5, 0.5, 0.5, 0.5, 0.5, 0.5, 0.5, 0.5, 0.5, 0.5, 0.5, 0.5, 0.5, 0.5, 0.5, 0.5, 0.5, 0.5, 0.5, 0.5, 0.5, 0.5, 0.5, 0.5, 0.5, 0.5, 0.5, 0.5, 0.5, 0.5, 0.5, 0.5, 0.5, 0.5, 0.5, 0.5, 0.5, 0.5, 0.5, 0.5, 0.5, 0.5, 0.5, 0.5, 0.5, 0.5, 0.5, 0.5, 0.5, 0.5, 0.5, 0.5, 0.5, 0.5, 0.5, 0.5, 0.5, 0.5, 0.5, 0.5, 0.5, 0.5, 0.5, 0.5, 0.5, 0.5, 0.5, 0.5, 0.5, 0.5, 0.5, 0.5, 0.5, 0.5, 0.5, 0.5, 0.5, 0.5, 0.5, 0.5, 0.5, 0.5, 0.5, 0.5, 0.5, 0.5, 0.5, 0.5, 0.5, 0.5, 0.5, 0.5, 0.5, 0.5, 0.5, 0.5, 0.5, 0.5, 0.5, 0.5, 0.5, 0.5, 0.5, 0.5, 0.5, 0.5, 0.5, 0.5, 0.5, 0.5, 0.5, 0.5, 0.5, 0.5, 0.5, 0.5, 0.5, 0.5, 0.5, 0.5, 0.5, 0.5, 0.5, 0.5, 0.5, 0.5, 0.5, 0.5, 0.5, 0.5, 0.5, 0.5, 0.5, 0.5, 0.5, 0.5, 0.5, 0.5, 0.5, 0.5, 0.5, 0.5, 0.5, 0.5, 0.5, 0.5, 0.5, 0.5, 0.5, 0.5, 0.5, 0.5, 0.5, 0.5, 0.5, 0.5, 0.5, 0.5, 0.5, 0.5, 0.5, 0.5, 0.5, 0.5, 0.5, 0.5, 0.5, 0.5, 0.5, 0.5, 0.5, 0.5, 0.5, 0.5, 0.5, 0.5, 0.5, 0.5, 0.5, 0.5, 0.5, 0.5, 0.5, 0.5, 0.5, 0.5, 0.5, 0.5, 0.5, 0.5, 0.5, 0.5, 0.5, 0.5, 0.5, 0.5, 0.5, 0.5, 0.5, 0.5, 0.5, 0.5, 0.5, 0.5, 0.5, 0.5, 0.5, 0.5, 0.5, 0.5, 0.5, 0.5, 0.5, 0.5, 0.5, 0.5, 0.5, 0.5, 0.5, 0.5, 0.5, 0.5, 0.5, 0.5, 0.5, 0.5, 0.5, 0.5, 0.5, 0.5, 0.5, 0.5, 0.5, 0.5, 0.5, 0.5, 0.5, 0.5, 0.5, 0.5, 0.5, 0.5, 0.5, 0.5, 0.5, 0.5, 0.5, 0.5, 0.5, 0.5, 0.5, 0.5, 0.5, 0.5, 0.5, 0.5, 0.5, 0.5, 0.5, 0.5, 0.5, 0.5, 0.5, 0.5, 0.5, 0.5, 0.5, 0.5, 0.5, 0.5, 0.5, 0.5, 0.5, 0.5, 0.5, 0.5, 0.5, 0.5]",3
2026_11_KICE_4-9_5,['5(2)'],"1번: ⓐ를 '이루는'으로 바꿔 쓸 수 있다. ""법조문으로 구성된 법 규범인 성문법""이라는 표현에서 '구성하는'과 '이루는'이 동일한 의미로 사용될 수 있다.

2번: ⓑ를 '헤아려'로 바꿔 쓸 수 있다. ""그것이 사용된 맥락을 고려하여""라는 문맥에서 '고려하여'와 '헤아려'가 유사한 의미로 사용될 수 있다.

3번: ⓒ를 '깨뜨리고'로 바꿀 수 없다. ""매수인은 계약을 파기하고 대금 환불을 청구할 수도 있다""에서 '파기하다'는 계약을 해지한다는 의미인 반면, '깨뜨리다'는 물리적으로 부수는 의미로 적절하지 않다.

4번: ⓓ를 '이루어지려면'으로 바꿔 쓸 수 있다. ""보증이 성립하려면""이라는 표현은 '보증이 이루어지려면'으로 바꿔 쓸 수 있다.

5번: ⓔ를 '바로잡고'로 바꿀 수 있다. ""위 법률 제2조가 그 적용 대상인 보증 계약을 ... 규정하고 있으나""에서 '규정하고'는 법적 내용을 정한다는 의미로, '바로잡고'와는 의미가 다르지만 문맥상 '규정하고'를 대체할 수 있다.

최종 정답: 3번","[16, 167, 110, 230, 25, 2343, 241, 238, 167, 98, 120, 705, 35975, 112, 167, 96, 101, 167, 232, 242, 6, 168, 250, 120, 167, 94, 250, 31619, 108, 242, 166, 123, 242, 23821, 241, 116, 23821, 230, 246, 23821, 252, 230, 46695, 97, 13, 366, 167, 110, 243, 168, 94, 108, 167, 105, 116, 168, 250, 120, 167, 94, 250, 220, 166, 113, 105, 168, 226, 109, 167, 238, 250, 31619, 110, 243, 220, 166, 115, 250, 167, 110, 242, 35975, 116, 23821, 226, 109, 167, 105, 116, 167, 110, 243, 1, 35975, 112, 167, 251, 120, 167, 232, 242, 220, 169, 239, 250, 169, 246, 226, 168, 245, 238, 168, 226, 250, 705, 166, 113, 105, 168, 226, 109, 47991, 246, 167, 232, 242, 6, 166, 111, 120, 705, 35975, 112, 167, 96, 101, 167, 232, 242, 6, 35975, 112, 31619, 237, 247, 35975, 120, 47991, 250, 23821, 251, 246, 167, 107, 116, 167, 94, 250, 23821, 8955, 168, 248, 102, 167, 238, 254, 23821, 230, 246, 23821, 252, 230, 46695, 97, 13, 198, 198, 17, 167, 110, 230, 25, 2343, 241, 239, 167, 98, 120, 705, 169, 245, 97, 168, 243, 226, 167, 254, 97, 6, 167, 94, 250, 31619, 108, 242, 166, 123, 242, 23821, 241, 116, 23821, 230, 246, 23821, 252, 230, 46695, 97, 13, 366, 166, 115, 116, 166, 110, 225, 35975, 112, 23821, 8955, 168, 248, 102, 167, 238, 250, 31619, 100, 98, 167, 251, 121, 35975, 226, 220, 166, 111, 254, 167, 254, 97, 47991, 246, 168, 245, 105, 1, 167, 251, 120, 167, 232, 242, 31619, 105, 116, 167, 100, 98, 168, 245, 238, 168, 226, 250, 705, 166, 111, 254, 167, 254, 97, 47991, 246, 168, 245, 105, 6, 168, 247, 222, 705, 169, 245, 97, 168, 243, 226, 167, 254, 97, 6, 166, 108, 222, 23821, 250, 254, 168, 8955, 47991, 250, 23821, 251, 246, 167, 107, 116, 167, 94, 250, 23821, 8955, 168, 248, 102, 167, 238, 254, 23821, 230, 246, 23821, 252, 230, 46695, 97, 13, 198, 198, 18, 167, 110, 230, 25, 2343, 241, 240, 167, 98, 120, 705, 166, 117, 101, 167, 250, 101, 167, 99, 105, 166, 111, 254, 6, 167, 94, 250, 31619, 108, 242, 166, 123, 222, 23821, 230, 246, 23821, 245, 228, 46695, 97, 13, 366, 167, 100, 97, 168, 230, 246, 35975, 116, 35975, 222, 220, 166, 111, 226, 168, 243, 121, 35975, 226, 220, 169, 234, 234, 166, 116, 108, 47991, 246, 166, 111, 254, 31619, 234, 222, 166, 116, 230, 220, 169, 247, 246, 167, 114, 230, 35975, 226, 23821, 110, 255, 166, 113, 105, 47991, 254, 23821, 230, 246, 167, 237, 226, 23821, 252, 230, 46695, 97, 1, 168, 245, 238, 168, 226, 250, 705, 169, 234, 234, 166, 116, 108, 47991, 246, 46695, 97, 6, 167, 232, 242, 220, 166, 111, 226, 168, 243, 121, 35975, 226, 220, 47991, 112, 168, 100, 222, 47991, 250, 46695, 97, 167, 232, 242, 23821, 251, 246, 167, 107, 116, 35975, 116, 31619, 108, 246, 167, 102, 112, 11, 705, 166, 117, 101, 167, 250, 101, 167, 99, 105, 46695, 97, 6, 167, 232, 242, 31619, 45539, 167, 99, 105, 168, 254, 223, 168, 250, 120, 167, 94, 250, 31619, 114, 222, 168, 230, 246, 167, 232, 242, 23821, 251, 246, 167, 107, 116, 167, 94, 250, 23821, 254, 223, 168, 254, 230, 47991, 246, 168, 100, 222, 23821, 243, 232, 46695, 97, 13, 198, 198, 19, 167, 110, 230, 25, 2343, 241, 241, 167, 98, 120, 705, 35975, 112, 167, 96, 101, 168, 244, 112, 168, 100, 222, 167, 254, 97, 167, 102, 112, 6, 168, 250, 120, 167, 94, 250, 31619, 108, 242, 166, 123, 242, 23821, 241, 116, 23821, 230, 246, 23821, 252, 230, 46695, 97, 13, 366, 167, 111, 112, 168, 99, 251, 35975, 112, 23821, 226, 109, 167, 99, 121, 47991, 246, 167, 254, 97, 167, 102, 112, 1, 35975, 112, 167, 251, 120, 167, 232, 242, 220, 169, 239, 250, 169, 246, 226, 35975, 222, 705, 167, 111, 112, 168, 99, 251, 35975, 112, 23821, 251, 112, 167, 96, 101, 168, 244, 112, 168, 100, 222, 167, 254, 97, 167, 102, 112, 6, 168, 250, 120, 167, 94, 250, 31619, 108, 242, 166, 123, 242, 23821, 241, 116, 23821, 230, 246, 23821, 252, 230, 46695, 97, 13, 198, 198, 20, 167, 110, 230, 25, 2343, 241, 242, 167, 98, 120, 705, 167, 108, 242, 167, 94, 250, 168, 252, 94, 166, 111, 254, 6, 167, 94, 250, 31619, 108, 242, 166, 123, 222, 23821, 230, 246, 23821, 252, 230, 46695, 97, 13, 366, 168, 250, 226, 31619, 110, 243, 167, 98, 254, 23821, 254, 250, 17, 168, 94, 108, 166, 108, 222, 220, 166, 115, 116, 23821, 254, 223, 168, 248, 102, 31619, 234, 222, 168, 225, 223, 35975, 116, 31619, 111, 112, 168, 99, 251, 220, 166, 111, 226, 168, 243, 121, 35975, 226, 2644, 220, 166, 115, 250, 168, 254, 243, 47991, 246, 166, 111, 254, 23821, 252, 230, 168, 250, 120, 167, 224, 246, 1, 168, 245, 238, 168, 226, 250, 705, 166, 115, 250, 168, 254, 243, 47991, 246, 166, 111, 254, 6, 167, 232, 242, 31619, 110, 243, 168, 254, 223, 31619, 224, 112, 168, 248, 102, 35975, 226, 23821, 254, 243, 47991, 250, 46695, 97, 167, 232, 242, 23821, 251, 246, 167, 107, 116, 167, 94, 250, 11, 705, 167, 108, 242, 167, 94, 250, 168, 252, 94, 166, 111, 254, 6, 168, 247, 222, 167, 232, 242, 23821, 251, 246, 167, 107, 116, 166, 108, 222, 31619, 233, 97, 167, 98, 112, 168, 100, 222, 167, 100, 234, 31619, 105, 116, 167, 100, 98, 168, 225, 223, 705, 166, 115, 250, 168, 254, 243, 47991, 246, 166, 111, 254, 6, 167, 98, 120, 31619, 234, 222, 168, 110, 112, 47991, 254, 23821, 230, 246, 23821, 252, 230, 46695, 97, 13, 198, 198, 168, 113, 250, 168, 95, 227, 23821, 254, 243, 46695, 113, 25, 513, 167, 110, 230]","[0.5, 0.5, 0.5, 0.5, 0.5, 0.5, 0.5, 0.5, 0.5, 0.5, 0.5, 0.5, 0.5, 0.5, 0.5, 0.5, 0.5, 0.5, 0.5, 0.5, 0.5, 0.5, 0.5, 0.5, 0.5, 0.5, 0.5, 0.5, 0.5, 0.5, 0.5, 0.5, 0.5, 0.5, 0.5, 0.5, 0.5, 0.5, 0.5, 0.5, 0.5, 0.5, 0.5, 0.5, 0.5, 0.5, 0.5, 0.5, 0.5, 0.5, 0.5, 0.5, 0.5, 0.5, 0.5, 0.5, 0.5, 0.5, 0.5, 0.5, 0.5, 0.5, 0.5, 0.5, 0.5, 0.5, 0.5, 0.5, 0.5, 0.5, 0.5, 0.5, 0.5, 0.5, 0.5, 0.5, 0.5, 0.5, 0.5, 0.5, 0.5, 0.5, 0.5, 0.5, 0.5, 0.5, 0.5, 0.5, 0.5, 0.5, 0.5, 0.5, 0.5, 0.5, 0.5, 0.5, 0.5, 0.5, 0.5, 0.5, 0.5, 0.5, 0.5, 0.5, 0.5, 0.5, 0.5, 0.5, 0.5, 0.5, 0.5, 0.5, 0.5, 0.5, 0.5, 0.5, 0.5, 0.5, 0.5, 0.5, 0.5, 0.5, 0.5, 0.5, 0.5, 0.5, 0.5, 0.5, 0.5, 0.5, 0.5, 0.5, 0.5, 0.5, 0.5, 0.5, 0.5, 0.5, 0.5, 0.5, 0.5, 0.5, 0.5, 0.5, 0.5, 0.5, 0.5, 0.5, 0.5, 0.5, 0.5, 0.5, 0.5, 0.5, 0.5, 0.5, 0.5, 0.5, 0.5, 0.5, 0.5, 0.5, 0.5, 0.5, 0.5, 0.5, 0.5, 0.5, 0.5, 0.5, 0.5, 0.5, 0.5, 0.5, 0.5, 0.5, 0.5, 0.5, 0.5, 0.5, 0.5, 0.5, 0.5, 0.5, 0.5, 0.5, 0.5, 0.5, 0.5, 0.5, 0.5, 0.5, 0.5, 0.5, 0.5, 0.5, 0.5, 0.5, 0.5, 0.5, 0.5, 0.5, 0.5, 0.5, 0.5, 0.5, 0.5, 0.5, 0.5, 0.5, 0.5, 0.5, 0.5, 0.5, 0.5, 0.5, 0.5, 0.5, 0.5, 0.5, 0.5, 0.5, 0.5, 0.5, 0.5, 0.5, 0.5, 0.5, 0.5, 0.5, 0.5, 0.5, 0.5, 0.5, 0.5, 0.5, 0.5, 0.5, 0.5, 0.5, 0.5, 0.5, 0.5, 0.5, 0.5, 0.5, 0.5, 0.5, 0.5, 0.5, 0.5, 0.5, 0.5, 0.5, 0.5, 0.5, 0.5, 0.5, 0.5, 0.5, 0.5, 0.5, 0.5, 0.5, 0.5, 0.5, 0.5, 0.5, 0.5, 0.5, 0.5, 0.5, 0.5, 0.5, 0.5, 0.5, 0.5, 0.5, 0.5, 0.5, 0.5, 0.5, 0.5, 0.5, 0.5, 0.5, 0.5, 0.5, 0.5, 0.5, 0.5, 0.5, 0.5, 0.5, 0.5, 0.5, 0.5, 0.5, 0.5, 0.5, 0.5, 0.5, 0.5, 0.5, 0.5, 0.5, 0.5, 0.5, 0.5, 0.5, 0.5, 0.5, 0.5, 0.5, 0.5, 0.5, 0.5, 0.5, 0.5, 0.5, 0.5, 0.5, 0.5, 0.5, 0.5, 0.5, 0.5, 0.5, 0.5, 0.5, 0.5, 0.5, 0.5, 0.5, 0.5, 0.5, 0.5, 0.5, 0.5, 0.5, 0.5, 0.5, 0.5, 0.5, 0.5, 0.5, 0.5, 0.5, 0.5, 0.5, 0.5, 0.5, 0.5, 0.5, 0.5, 0.5, 0.5, 0.5, 0.5, 0.5, 0.5, 0.5, 0.5, 0.5, 0.5, 0.5, 0.5, 0.5, 0.5, 0.5, 0.5, 0.5, 0.5, 0.5, 0.5, 0.5, 0.5, 0.5, 0.5, 0.5, 0.5, 0.5, 0.5, 0.5, 0.5, 0.5, 0.5, 0.5, 0.5, 0.5, 0.5, 0.5, 0.5, 0.5, 0.5, 0.5, 0.5, 0.5, 0.5, 0.5, 0.5, 0.5, 0.5, 0.5, 0.5, 0.5, 0.5, 0.5, 0.5, 0.5, 0.5, 0.5, 0.5, 0.5, 0.5, 0.5, 0.5, 0.5, 0.5, 0.5, 0.5, 0.5, 0.5, 0.5, 0.5, 0.5, 0.5, 0.5, 0.5, 0.5, 0.5, 0.5, 0.5, 0.5, 0.5, 0.5, 0.5, 0.5, 0.5, 0.5, 0.5, 0.5, 0.5, 0.5, 0.5, 0.5, 0.5, 0.5, 0.5, 0.5, 0.5, 0.5, 0.5, 0.5, 0.5, 0.5, 0.5, 0.5, 0.5, 0.5, 0.5, 0.5, 0.5, 0.5, 0.5, 0.5, 0.5, 0.5, 0.5, 0.5, 0.5, 0.5, 0.5, 0.5, 0.5, 0.5, 0.5, 0.5, 0.5, 0.5, 0.5, 0.5, 0.5, 0.5, 0.5, 0.5, 0.5, 0.5, 0.5, 0.5, 0.5, 0.5, 0.5, 0.5, 0.5, 0.5, 0.5, 0.5, 0.5, 0.5, 0.5, 0.5, 0.5, 0.5, 0.5, 0.5, 0.5, 0.5, 0.5, 0.5, 0.5, 0.5, 0.5, 0.5, 0.5, 0.5, 0.5, 0.5, 0.5, 0.5, 0.5, 0.5, 0.5, 0.5, 0.5, 0.5, 0.5, 0.5, 0.5, 0.5, 0.5, 0.5, 0.5, 0.5, 0.5, 0.5, 0.5, 0.5, 0.5, 0.5, 0.5, 0.5, 0.5, 0.5, 0.5, 0.5, 0.5, 0.5, 0.5, 0.5, 0.5, 0.5, 0.5, 0.5, 0.5, 0.5, 0.5, 0.5, 0.5, 0.5, 0.5, 0.5, 0.5, 0.5, 0.5, 0.5, 0.5, 0.5, 0.5, 0.5, 0.5, 0.5, 0.5, 0.5, 0.5, 0.5, 0.5, 0.5, 0.5, 0.5, 0.5, 0.5, 0.5, 0.5, 0.5, 0.5, 0.5, 0.5, 0.5, 0.5, 0.5, 0.5, 0.5, 0.5, 0.5, 0.5, 0.5, 0.5, 0.5, 0.5, 0.5, 0.5, 0.5, 0.5, 0.5, 0.5, 0.5, 0.5, 0.5, 0.5, 0.5, 0.5, 0.5, 0.5, 0.5, 0.5, 0.5, 0.5, 0.5, 0.5, 0.5, 0.5, 0.5, 0.5, 0.5, 0.5, 0.5, 0.5, 0.5, 0.5, 0.5, 0.5, 0.5, 0.5, 0.5, 0.5, 0.5, 0.5, 0.5, 0.5, 0.5, 0.5, 0.5, 0.5, 0.5, 0.5, 0.5, 0.5, 0.5, 0.5, 0.5, 0.5, 0.5, 0.5, 0.5, 0.5, 0.5, 0.5, 0.5, 0.5, 0.5, 0.5, 0.5, 0.5, 0.5, 0.5, 0.5, 0.5, 0.5, 0.5, 0.5, 0.5, 0.5, 0.5, 0.5, 0.5, 0.5, 0.5, 0.5, 0.5, 0.5, 0.5, 0.5, 0.5, 0.5, 0.5, 0.5, 0.5, 0.5, 0.5, 0.5, 0.5, 0.5, 0.5, 0.5, 0.5, 0.5, 0.5, 0.5, 0.5, 0.5, 0.5, 0.5, 0.5, 0.5, 0.5, 0.5, 0.5, 0.5, 0.5, 0.5, 0.5, 0.5, 0.5, 0.5, 0.5, 0.5, 0.5, 0.5, 0.5, 0.5, 0.5, 0.5, 0.5, 0.5, 0.5, 0.5, 0.5, 0.5, 0.5, 0.5, 0.5, 0.5, 0.5, 0.5, 0.5, 0.5, 0.5, 0.5, 0.5, 0.5, 0.5, 0.5, 0.5, 0.5, 0.5, 0.5, 0.5, 0.5, 0.5, 0.5, 0.5, 0.5, 0.5, 0.5, 0.5, 0.5, 0.5, 0.5, 0.5, 0.5, 0.5, 0.5, 0.5, 0.5, 0.5, 0.5, 0.5, 0.5, 0.5, 0.5, 0.5, 0.5, 0.5, 0.5, 0.5, 0.5, 0.5, 0.5, 0.5, 0.5, 0.5, 0.5, 0.5, 0.5, 0.5, 0.5, 0.5, 0.5, 0.5, 0.5, 0.5, 0.5, 0.5, 0.5, 0.5, 0.5, 0.5, 0.5, 0.5, 0.5, 0.5, 0.5, 0.5, 0.5, 0.5, 0.5, 0.5, 0.5, 0.5, 0.5, 0.5, 0.5, 0.5, 0.5, 0.5, 0.5, 0.5, 0.5, 0.5, 0.5, 0.5, 0.5, 0.5, 0.5, 0.5, 0.5, 0.5, 0.5, 0.5, 0.5, 0.5, 0.5, 0.5, 0.5, 0.5, 0.5, 0.5, 0.5, 0.5, 0.5, 0.5, 0.5, 0.5, 0.5, 0.5, 0.5, 0.5, 0.5, 0.5, 0.5, 0.5, 0.5, 0.5, 0.5, 0.5, 0.5, 0.5, 0.5, 0.5, 0.5, 0.5, 0.5, 0.5, 0.5, 0.5, 0.5, 0.5, 0.5, 0.5, 0.5, 0.5, 0.5, 0.5, 0.5, 0.5, 0.5, 0.5, 0.5, 0.5, 0.5, 0.5, 0.5, 0.5, 0.5, 0.5, 0.5, 0.5, 0.5, 0.5, 0.5, 0.5, 0.5, 0.5, 0.5, 0.5, 0.5, 0.5, 0.5, 0.5, 0.5, 0.5, 0.5, 0.5, 0.5, 0.5, 0.5, 0.5, 0.5, 0.5, 0.5, 0.5, 0.5, 0.5, 0.5, 0.5, 0.5, 0.5, 0.5, 0.5, 0.5, 0.5, 0.5, 0.5, 0.5, 0.5, 0.5, 0.5, 0.5, 0.5, 0.5, 0.5, 0.5, 0.5, 0.5, 0.5, 0.5, 0.5, 0.5, 0.5, 0.5, 0.5, 0.5, 0.5, 0.5, 0.5, 0.5, 0.5, 0.5, 0.5, 0.5, 0.5, 0.5, 0.5, 0.5, 0.5, 0.5, 0.5, 0.5, 0.5, 0.5, 0.5, 0.5, 0.5, 0.5, 0.5, 0.5, 0.5, 0.5, 0.5, 0.5, 0.5, 0.5, 0.5, 0.5, 0.5, 0.5, 0.5, 0.5, 0.5, 0.5, 0.5, 0.5, 0.5, 0.5, 0.5, 0.5, 0.5, 0.5, 0.5, 0.5, 0.5, 0.5, 0.5, 0.5, 0.5, 0.5, 0.5, 0.5, 0.5, 0.5]",0
2026_11_KICE_10-13_0,['5(2)'],"1번: ""열팽창이란 물체의 온도 변화에 따라 그 길이, 부피가 변화하는 현상""이라는 문장에서 길이뿐만 아니라 부피도 변한다고 명시되어 있으므로 틀린 설명입니다.

2번: ""길이 변화율은 길이의 변화량을 처음 길이로 나누어 얻는 값""이라는 부분과 ""선형 열팽창 계수는 온도 변화에 따른 길이 변화율을 온도 변화량으로 나눈 값""이라는 부분을 종합하면, 선형 열팽창 계수는 (변화된 길이 - 원래 길이)/원래 길이를 온도 변화량으로 나눈 값이므로 틀린 설명입니다.

3번: ""대부분의 물질은 선형 열팽창 계수가 양수""라고 명시되어 있으므로, 오히려 선형 열팽창 계수가 양수인 물질이 더 많다는 의미이므로 틀린 설명입니다.

4번: ""액추에이터란 열에너지 등을 기계적 동작으로 변환하는 장치""라고 되어 있는데, 선택지에서는 그 반대인 ""열에너지를 얻기 위해 기계적 움직임을 이용""한다고 되어 있으므로 틀린 설명입니다.

5번: ""반응 완료 시간은... 띠의 두께가 얇을수록 짧다""는 문장과 ""띠가 휠수록 고정되지 않은 끝의 이동 거리는 커진다""는 문장을 종합하면, 두께가 얇을수록 휨이 빨리 완료된다는 설명이 맞습니다.

최종 정답: 5번","[16, 167, 110, 230, 25, 366, 168, 245, 112, 169, 234, 121, 168, 108, 121, 35975, 112, 167, 252, 222, 31619, 45539, 168, 110, 112, 35975, 246, 23821, 246, 101, 167, 237, 226, 31619, 111, 222, 169, 247, 242, 168, 245, 238, 31619, 242, 108, 167, 251, 120, 220, 166, 115, 116, 220, 166, 116, 116, 35975, 112, 11, 31619, 114, 222, 169, 242, 120, 166, 108, 222, 31619, 111, 222, 169, 247, 242, 47991, 246, 167, 232, 242, 220, 169, 246, 226, 168, 225, 223, 1, 35975, 112, 167, 251, 120, 167, 232, 242, 31619, 105, 116, 168, 252, 98, 168, 245, 238, 168, 226, 250, 220, 166, 116, 116, 35975, 112, 167, 123, 238, 167, 100, 234, 23821, 243, 226, 46695, 230, 167, 251, 120, 31619, 114, 222, 169, 242, 120, 167, 237, 226, 31619, 111, 222, 47991, 250, 46695, 97, 166, 111, 254, 31619, 103, 227, 168, 233, 250, 167, 238, 246, 168, 244, 112, 23821, 252, 230, 168, 250, 120, 167, 107, 222, 167, 94, 250, 220, 169, 233, 222, 167, 99, 108, 23821, 226, 97, 167, 103, 227, 168, 252, 227, 46695, 230, 46695, 97, 13, 198, 198, 17, 167, 110, 230, 25, 366, 166, 116, 116, 35975, 112, 31619, 111, 222, 169, 247, 242, 168, 250, 101, 35975, 222, 220, 166, 116, 116, 35975, 112, 35975, 246, 31619, 111, 222, 169, 247, 242, 167, 253, 231, 35975, 226, 23821, 110, 246, 35975, 234, 220, 166, 116, 116, 35975, 112, 167, 94, 250, 31619, 224, 246, 167, 230, 226, 168, 244, 112, 23821, 244, 119, 167, 232, 242, 220, 166, 108, 240, 1, 35975, 112, 167, 251, 120, 167, 232, 242, 31619, 114, 222, 167, 114, 226, 166, 111, 120, 366, 168, 226, 254, 169, 246, 243, 23821, 245, 112, 169, 234, 121, 168, 108, 121, 220, 166, 111, 226, 168, 230, 246, 167, 232, 242, 23821, 246, 101, 167, 237, 226, 31619, 111, 222, 169, 247, 242, 168, 245, 238, 31619, 242, 108, 167, 98, 116, 220, 166, 116, 116, 35975, 112, 31619, 111, 222, 169, 247, 242, 168, 250, 101, 35975, 226, 23821, 246, 101, 167, 237, 226, 31619, 111, 222, 169, 247, 242, 167, 253, 231, 168, 250, 120, 167, 94, 250, 31619, 224, 246, 167, 230, 230, 220, 166, 108, 240, 1, 35975, 112, 167, 251, 120, 167, 232, 242, 31619, 114, 222, 167, 114, 226, 35975, 226, 23821, 95, 227, 47991, 102, 47991, 246, 167, 102, 112, 11, 23821, 226, 254, 169, 246, 243, 23821, 245, 112, 169, 234, 121, 168, 108, 121, 220, 166, 111, 226, 168, 230, 246, 167, 232, 242, 357, 167, 111, 222, 169, 247, 242, 167, 238, 250, 220, 166, 116, 116, 35975, 112, 532, 23821, 249, 238, 167, 252, 246, 220, 166, 116, 116, 35975, 112, 20679, 168, 249, 238, 167, 252, 246, 220, 166, 116, 116, 35975, 112, 167, 98, 120, 23821, 246, 101, 167, 237, 226, 31619, 111, 222, 169, 247, 242, 167, 253, 231, 168, 250, 120, 167, 94, 250, 31619, 224, 246, 167, 230, 230, 220, 166, 108, 240, 35975, 112, 167, 107, 222, 167, 94, 250, 220, 169, 233, 222, 167, 99, 108, 23821, 226, 97, 167, 103, 227, 168, 252, 227, 46695, 230, 46695, 97, 13, 198, 198, 18, 167, 110, 230, 25, 366, 167, 234, 222, 167, 114, 222, 167, 114, 226, 35975, 246, 31619, 45539, 168, 100, 230, 35975, 222, 23821, 226, 254, 169, 246, 243, 23821, 245, 112, 169, 234, 121, 168, 108, 121, 220, 166, 111, 226, 168, 230, 246, 166, 108, 222, 23821, 244, 239, 168, 230, 246, 1, 167, 251, 120, 166, 111, 254, 31619, 103, 227, 168, 233, 250, 167, 238, 246, 168, 244, 112, 23821, 252, 230, 168, 250, 120, 167, 107, 222, 167, 94, 250, 11, 23821, 246, 97, 169, 252, 230, 167, 254, 97, 23821, 226, 254, 169, 246, 243, 23821, 245, 112, 169, 234, 121, 168, 108, 121, 220, 166, 111, 226, 168, 230, 246, 166, 108, 222, 23821, 244, 239, 168, 230, 246, 35975, 116, 31619, 45539, 168, 100, 230, 35975, 112, 31619, 235, 242, 31619, 100, 236, 46695, 97, 167, 232, 242, 23821, 251, 246, 167, 107, 116, 35975, 112, 167, 107, 222, 167, 94, 250, 220, 169, 233, 222, 167, 99, 108, 23821, 226, 97, 167, 103, 227, 168, 252, 227, 46695, 230, 46695, 97, 13, 198, 198, 19, 167, 110, 230, 25, 366, 168, 243, 94, 168, 114, 242, 168, 245, 238, 35975, 112, 169, 226, 108, 167, 252, 222, 23821, 245, 112, 168, 245, 238, 167, 226, 230, 168, 100, 222, 31619, 241, 109, 35975, 226, 220, 166, 116, 108, 166, 111, 226, 168, 254, 223, 31619, 237, 247, 168, 252, 239, 168, 250, 120, 167, 94, 250, 31619, 111, 222, 169, 247, 246, 47991, 246, 167, 232, 242, 23821, 252, 98, 168, 117, 246, 1, 167, 251, 120, 166, 111, 254, 31619, 238, 246, 168, 244, 112, 23821, 252, 230, 167, 232, 242, 167, 235, 108, 11, 23821, 226, 254, 169, 225, 251, 168, 100, 222, 168, 245, 238, 168, 226, 250, 167, 232, 242, 220, 166, 115, 116, 31619, 108, 246, 167, 234, 222, 35975, 116, 366, 168, 245, 112, 168, 245, 238, 167, 226, 230, 168, 100, 222, 167, 98, 120, 23821, 244, 119, 166, 116, 108, 23821, 250, 226, 47991, 112, 220, 166, 116, 108, 166, 111, 226, 168, 254, 223, 23821, 249, 222, 168, 100, 223, 168, 252, 226, 35975, 226, 23821, 251, 112, 168, 248, 102, 1, 47991, 250, 46695, 97, 166, 111, 254, 31619, 238, 246, 168, 244, 112, 23821, 252, 230, 168, 250, 120, 167, 107, 222, 167, 94, 250, 220, 169, 233, 222, 167, 99, 108, 23821, 226, 97, 167, 103, 227, 168, 252, 227, 46695, 230, 46695, 97, 13, 198, 198, 20, 167, 110, 230, 25, 366, 167, 108, 246, 35975, 239, 23821, 247, 226, 167, 96, 234, 23821, 233, 250, 166, 108, 226, 35975, 222, 986, 31619, 251, 254, 35975, 246, 31619, 239, 238, 166, 119, 246, 166, 108, 222, 23821, 244, 229, 35975, 226, 168, 230, 246, 167, 94, 251, 23821, 100, 100, 46695, 97, 1, 167, 232, 242, 31619, 105, 116, 168, 252, 98, 166, 111, 120, 366, 167, 251, 254, 166, 108, 222, 220, 169, 250, 254, 168, 230, 246, 167, 94, 251, 220, 166, 111, 254, 168, 254, 243, 167, 238, 246, 168, 100, 222, 23821, 243, 232, 35975, 222, 31619, 223, 251, 35975, 246, 23821, 251, 112, 167, 237, 247, 220, 166, 109, 108, 167, 99, 105, 167, 232, 242, 23821, 119, 97, 168, 100, 226, 46695, 97, 1, 167, 232, 242, 31619, 105, 116, 168, 252, 98, 35975, 226, 23821, 95, 227, 47991, 102, 47991, 246, 167, 102, 112, 11, 31619, 239, 238, 166, 119, 246, 166, 108, 222, 23821, 244, 229, 35975, 226, 168, 230, 246, 167, 94, 251, 220, 169, 250, 101, 35975, 112, 31619, 117, 101, 167, 99, 105, 23821, 247, 226, 167, 96, 234, 167, 238, 250, 46695, 97, 167, 232, 242, 23821, 226, 97, 167, 103, 227, 35975, 112, 31619, 100, 252, 168, 232, 113, 46695, 230, 46695, 97, 13, 198, 198, 168, 113, 250, 168, 95, 227, 23821, 254, 243, 46695, 113, 25, 642, 167, 110, 230]","[0.5, 0.5, 0.5, 0.5, 0.5, 0.5, 0.5, 0.5, 0.5, 0.5, 0.5, 0.5, 0.5, 0.5, 0.5, 0.5, 0.5, 0.5, 0.5, 0.5, 0.5, 0.5, 0.5, 0.5, 0.5, 0.5, 0.5, 0.5, 0.5, 0.5, 0.5, 0.5, 0.5, 0.5, 0.5, 0.5, 0.5, 0.5, 0.5, 0.5, 0.5, 0.5, 0.5, 0.5, 0.5, 0.5, 0.5, 0.5, 0.5, 0.5, 0.5, 0.5, 0.5, 0.5, 0.5, 0.5, 0.5, 0.5, 0.5, 0.5, 0.5, 0.5, 0.5, 0.5, 0.5, 0.5, 0.5, 0.5, 0.5, 0.5, 0.5, 0.5, 0.5, 0.5, 0.5, 0.5, 0.5, 0.5, 0.5, 0.5, 0.5, 0.5, 0.5, 0.5, 0.5, 0.5, 0.5, 0.5, 0.5, 0.5, 0.5, 0.5, 0.5, 0.5, 0.5, 0.5, 0.5, 0.5, 0.5, 0.5, 0.5, 0.5, 0.5, 0.5, 0.5, 0.5, 0.5, 0.5, 0.5, 0.5, 0.5, 0.5, 0.5, 0.5, 0.5, 0.5, 0.5, 0.5, 0.5, 0.5, 0.5, 0.5, 0.5, 0.5, 0.5, 0.5, 0.5, 0.5, 0.5, 0.5, 0.5, 0.5, 0.5, 0.5, 0.5, 0.5, 0.5, 0.5, 0.5, 0.5, 0.5, 0.5, 0.5, 0.5, 0.5, 0.5, 0.5, 0.5, 0.5, 0.5, 0.5, 0.5, 0.5, 0.5, 0.5, 0.5, 0.5, 0.5, 0.5, 0.5, 0.5, 0.5, 0.5, 0.5, 0.5, 0.5, 0.5, 0.5, 0.5, 0.5, 0.5, 0.5, 0.5, 0.5, 0.5, 0.5, 0.5, 0.5, 0.5, 0.5, 0.5, 0.5, 0.5, 0.5, 0.5, 0.5, 0.5, 0.5, 0.5, 0.5, 0.5, 0.5, 0.5, 0.5, 0.5, 0.5, 0.5, 0.5, 0.5, 0.5, 0.5, 0.5, 0.5, 0.5, 0.5, 0.5, 0.5, 0.5, 0.5, 0.5, 0.5, 0.5, 0.5, 0.5, 0.5, 0.5, 0.5, 0.5, 0.5, 0.5, 0.5, 0.5, 0.5, 0.5, 0.5, 0.5, 0.5, 0.5, 0.5, 0.5, 0.5, 0.5, 0.5, 0.5, 0.5, 0.5, 0.5, 0.5, 0.5, 0.5, 0.5, 0.5, 0.5, 0.5, 0.5, 0.5, 0.5, 0.5, 0.5, 0.5, 0.5, 0.5, 0.5, 0.5, 0.5, 0.5, 0.5, 0.5, 0.5, 0.5, 0.5, 0.5, 0.5, 0.5, 0.5, 0.5, 0.5, 0.5, 0.5, 0.5, 0.5, 0.5, 0.5, 0.5, 0.5, 0.5, 0.5, 0.5, 0.5, 0.5, 0.5, 0.5, 0.5, 0.5, 0.5, 0.5, 0.5, 0.5, 0.5, 0.5, 0.5, 0.5, 0.5, 0.5, 0.5, 0.5, 0.5, 0.5, 0.5, 0.5, 0.5, 0.5, 0.5, 0.5, 0.5, 0.5, 0.5, 0.5, 0.5, 0.5, 0.5, 0.5, 0.5, 0.5, 0.5, 0.5, 0.5, 0.5, 0.5, 0.5, 0.5, 0.5, 0.5, 0.5, 0.5, 0.5, 0.5, 0.5, 0.5, 0.5, 0.5, 0.5, 0.5, 0.5, 0.5, 0.5, 0.5, 0.5, 0.5, 0.5, 0.5, 0.5, 0.5, 0.5, 0.5, 0.5, 0.5, 0.5, 0.5, 0.5, 0.5, 0.5, 0.5, 0.5, 0.5, 0.5, 0.5, 0.5, 0.5, 0.5, 0.5, 0.5, 0.5, 0.5, 0.5, 0.5, 0.5, 0.5, 0.5, 0.5, 0.5, 0.5, 0.5, 0.5, 0.5, 0.5, 0.5, 0.5, 0.5, 0.5, 0.5, 0.5, 0.5, 0.5, 0.5, 0.5, 0.5, 0.5, 0.5, 0.5, 0.5, 0.5, 0.5, 0.5, 0.5, 0.5, 0.5, 0.5, 0.5, 0.5, 0.5, 0.5, 0.5, 0.5, 0.5, 0.5, 0.5, 0.5, 0.5, 0.5, 0.5, 0.5, 0.5, 0.5, 0.5, 0.5, 0.5, 0.5, 0.5, 0.5, 0.5, 0.5, 0.5, 0.5, 0.5, 0.5, 0.5, 0.5, 0.5, 0.5, 0.5, 0.5, 0.5, 0.5, 0.5, 0.5, 0.5, 0.5, 0.5, 0.5, 0.5, 0.5, 0.5, 0.5, 0.5, 0.5, 0.5, 0.5, 0.5, 0.5, 0.5, 0.5, 0.5, 0.5, 0.5, 0.5, 0.5, 0.5, 0.5, 0.5, 0.5, 0.5, 0.5, 0.5, 0.5, 0.5, 0.5, 0.5, 0.5, 0.5, 0.5, 0.5, 0.5, 0.5, 0.5, 0.5, 0.5, 0.5, 0.5, 0.5, 0.5, 0.5, 0.5, 0.5, 0.5, 0.5, 0.5, 0.5, 0.5, 0.5, 0.5, 0.5, 0.5, 0.5, 0.5, 0.5, 0.5, 0.5, 0.5, 0.5, 0.5, 0.5, 0.5, 0.5, 0.5, 0.5, 0.5, 0.5, 0.5, 0.5, 0.5, 0.5, 0.5, 0.5, 0.5, 0.5, 0.5, 0.5, 0.5, 0.5, 0.5, 0.5, 0.5, 0.5, 0.5, 0.5, 0.5, 0.5, 0.5, 0.5, 0.5, 0.5, 0.5, 0.5, 0.5, 0.5, 0.5, 0.5, 0.5, 0.5, 0.5, 0.5, 0.5, 0.5, 0.5, 0.5, 0.5, 0.5, 0.5, 0.5, 0.5, 0.5, 0.5, 0.5, 0.5, 0.5, 0.5, 0.5, 0.5, 0.5, 0.5, 0.5, 0.5, 0.5, 0.5, 0.5, 0.5, 0.5, 0.5, 0.5, 0.5, 0.5, 0.5, 0.5, 0.5, 0.5, 0.5, 0.5, 0.5, 0.5, 0.5, 0.5, 0.5, 0.5, 0.5, 0.5, 0.5, 0.5, 0.5, 0.5, 0.5, 0.5, 0.5, 0.5, 0.5, 0.5, 0.5, 0.5, 0.5, 0.5, 0.5, 0.5, 0.5, 0.5, 0.5, 0.5, 0.5, 0.5, 0.5, 0.5, 0.5, 0.5, 0.5, 0.5, 0.5, 0.5, 0.5, 0.5, 0.5, 0.5, 0.5, 0.5, 0.5, 0.5, 0.5, 0.5, 0.5, 0.5, 0.5, 0.5, 0.5, 0.5, 0.5, 0.5, 0.5, 0.5, 0.5, 0.5, 0.5, 0.5, 0.5, 0.5, 0.5, 0.5, 0.5, 0.5, 0.5, 0.5, 0.5, 0.5, 0.5, 0.5, 0.5, 0.5, 0.5, 0.5, 0.5, 0.5, 0.5, 0.5, 0.5, 0.5, 0.5, 0.5, 0.5, 0.5, 0.5, 0.5, 0.5, 0.5, 0.5, 0.5, 0.5, 0.5, 0.5, 0.5, 0.5, 0.5, 0.5, 0.5, 0.5, 0.5, 0.5, 0.5, 0.5, 0.5, 0.5, 0.5, 0.5, 0.5, 0.5, 0.5, 0.5, 0.5, 0.5, 0.5, 0.5, 0.5, 0.5, 0.5, 0.5, 0.5, 0.5, 0.5, 0.5, 0.5, 0.5, 0.5, 0.5, 0.5, 0.5, 0.5, 0.5, 0.5, 0.5, 0.5, 0.5, 0.5, 0.5, 0.5, 0.5, 0.5, 0.5, 0.5, 0.5, 0.5, 0.5, 0.5, 0.5, 0.5, 0.5, 0.5, 0.5, 0.5, 0.5, 0.5, 0.5, 0.5, 0.5, 0.5, 0.5, 0.5, 0.5, 0.5, 0.5, 0.5, 0.5, 0.5, 0.5, 0.5, 0.5, 0.5, 0.5, 0.5, 0.5, 0.5, 0.5, 0.5, 0.5, 0.5, 0.5, 0.5, 0.5, 0.5, 0.5, 0.5, 0.5, 0.5, 0.5, 0.5, 0.5, 0.5, 0.5, 0.5, 0.5, 0.5, 0.5, 0.5, 0.5, 0.5, 0.5, 0.5, 0.5, 0.5, 0.5, 0.5, 0.5, 0.5, 0.5, 0.5, 0.5, 0.5, 0.5, 0.5, 0.5, 0.5, 0.5, 0.5, 0.5, 0.5, 0.5, 0.5, 0.5, 0.5, 0.5, 0.5, 0.5, 0.5, 0.5, 0.5, 0.5, 0.5, 0.5, 0.5, 0.5, 0.5, 0.5, 0.5, 0.5, 0.5, 0.5, 0.5, 0.5, 0.5, 0.5, 0.5, 0.5, 0.5, 0.5, 0.5, 0.5, 0.5, 0.5, 0.5, 0.5, 0.5, 0.5, 0.5, 0.5, 0.5, 0.5, 0.5, 0.5, 0.5, 0.5, 0.5, 0.5, 0.5, 0.5, 0.5, 0.5, 0.5, 0.5, 0.5, 0.5, 0.5, 0.5, 0.5, 0.5, 0.5, 0.5, 0.5, 0.5, 0.5, 0.5, 0.5, 0.5, 0.5, 0.5, 0.5, 0.5, 0.5, 0.5, 0.5, 0.5, 0.5, 0.5, 0.5, 0.5, 0.5, 0.5, 0.5, 0.5, 0.5, 0.5, 0.5, 0.5, 0.5, 0.5, 0.5, 0.5, 0.5, 0.5, 0.5, 0.5, 0.5, 0.5, 0.5, 0.5, 0.5, 0.5, 0.5, 0.5, 0.5, 0.5, 0.5, 0.5, 0.5, 0.5, 0.5, 0.5, 0.5, 0.5, 0.5, 0.5, 0.5, 0.5, 0.5, 0.5, 0.5, 0.5, 0.5, 0.5, 0.5, 0.5, 0.5, 0.5, 0.5, 0.5, 0.5, 0.5, 0.5, 0.5, 0.5, 0.5, 0.5, 0.5, 0.5, 0.5, 0.5, 0.5, 0.5, 0.5, 0.5, 0.5, 0.5, 0.5, 0.5, 0.5, 0.5, 0.5, 0.5, 0.5, 0.5, 0.5, 0.5, 0.5, 0.5, 0.5, 0.5, 0.5, 0.5, 0.5, 0.5, 0.5, 0.5, 0.5, 0.5, 0.5, 0.5, 0.5, 0.5, 0.5, 0.5, 0.5, 0.5, 0.5, 0.5, 0.5, 0.5, 0.5, 0.5, 0.5, 0.5, 0.5, 0.5, 0.5, 0.5, 0.5, 0.5, 0.5, 0.5, 0.5, 0.5, 0.5, 0.5, 0.5, 0.5, 0.5, 0.5, 0.5, 0.5, 0.5, 0.5, 0.5, 0.5, 0.5, 0.5, 0.5, 0.5, 0.5, 0.5, 0.5, 0.5, 0.5, 0.5, 0.5, 0.5, 0.5, 0.5, 0.5, 0.5, 0.5, 0.5, 0.5, 0.5, 0.5, 0.5, 0.5, 0.5, 0.5, 0.5, 0.5, 0.5, 0.5, 0.5, 0.5, 0.5, 0.5, 0.5, 0.5, 0.5, 0.5, 0.5, 0.5, 0.5, 0.5, 0.5, 0.5, 0.5, 0.5, 0.5, 0.5, 0.5, 0.5, 0.5, 0.5, 0.5, 0.5, 0.5, 0.5, 0.5, 0.5, 0.5, 0.5, 0.5, 0.5, 0.5, 0.5, 0.5, 0.5, 0.5, 0.5, 0.5, 0.5, 0.5, 0.5, 0.5, 0.5, 0.5, 0.5, 0.5, 0.5, 0.5, 0.5, 0.5, 0.5, 0.5, 0.5, 0.5, 0.5, 0.5, 0.5, 0.5, 0.5, 0.5, 0.5, 0.5, 0.5, 0.5, 0.5, 0.5, 0.5, 0.5, 0.5, 0.5, 0.5, 0.5, 0.5, 0.5, 0.5, 0.5, 0.5, 0.5, 0.5, 0.5, 0.5, 0.5, 0.5, 0.5, 0.5, 0.5, 0.5, 0.5, 0.5, 0.5, 0.5, 0.5, 0.5, 0.5, 0.5, 0.5, 0.5, 0.5, 0.5, 0.5, 0.5, 0.5, 0.5, 0.5, 0.5, 0.5, 0.5, 0.5, 0.5, 0.5, 0.5, 0.5, 0.5, 0.5, 0.5, 0.5, 0.5, 0.5, 0.5, 0.5, 0.5, 0.5, 0.5, 0.5, 0.5, 0.5, 0.5, 0.5, 0.5, 0.5, 0.5, 0.5, 0.5, 0.5, 0.5, 0.5, 0.5, 0.5, 0.5, 0.5, 0.5, 0.5, 0.5, 0.5, 0.5, 0.5, 0.5, 0.5, 0.5, 0.5, 0.5, 0.5, 0.5, 0.5, 0.5, 0.5, 0.5, 0.5, 0.5, 0.5, 0.5, 0.5]",2
2026_11_KICE_10-13_1,['3(2)'],"1번: 적절함. ""대부분의 물질은 선형 열팽창 계수가 양수""라는 문장에서, 선형 열팽창 계수가 음수이면 양수일 때와 반대 현상이 일어난다는 것을 추론할 수 있다. 따라서 열을 가하면 길이가 줄어드는 것은 논리적으로 맞다.

2번: 적절함. ""인바는 알루미늄에 비해 매우 작은 선형 열팽창 계수를 갖는다""는 문장에서, 인바가 길이 변화가 적으므로 온도 변화에 민감하지 않은 부품에 더 적합하다고 추론할 수 있다.

3번: 부적절함. 지문에 따르면 ""Q가 P보다 선형 열팽창 계수가 크다면 온도를 올렸을 때 Q층은 P층보다 더 팽창하려고 한다""고 했고, ""온도를 내리면 띠는 원래 모양으로 돌아온다""고 했다. 따라서 온도를 내렸을 때의 휨 방향에 대한 언급은 없으며, 오히려 원래 모양으로 돌아간다고 했으므로 이 추론은 적절하지 않다.

4번: 적절함. ""길이 변화율은 길이의 변화량을 처음 길이로 나누어 얻는 값""이라는 정의에 따르면, 변화량이 같을 때 처음 길이가 더 길면 분모가 커지므로 길이 변화율은 작아진다.

5번: 적절함. ""띠가 휠수록 고정되지 않은 끝의 이동 거리는 커진다""는 문장과 ""띠의 길이에 따라 달라진다""는 문장에서, 같은 곡률로 휘었을 때 길이가 긴 띠의 끝 이동 거리가 더 길다는 것을 추론할 수 있다.

최종 정답: 3번","[16, 167, 110, 230, 25, 23821, 254, 223, 168, 254, 230, 47991, 101, 13, 366, 167, 234, 222, 167, 114, 222, 167, 114, 226, 35975, 246, 31619, 45539, 168, 100, 230, 35975, 222, 23821, 226, 254, 169, 246, 243, 23821, 245, 112, 169, 234, 121, 168, 108, 121, 220, 166, 111, 226, 168, 230, 246, 166, 108, 222, 23821, 244, 239, 168, 230, 246, 1, 167, 251, 120, 167, 232, 242, 31619, 105, 116, 168, 252, 98, 168, 245, 238, 168, 226, 250, 11, 23821, 226, 254, 169, 246, 243, 23821, 245, 112, 169, 234, 121, 168, 108, 121, 220, 166, 111, 226, 168, 230, 246, 166, 108, 222, 23821, 251, 234, 168, 230, 246, 35975, 112, 167, 102, 112, 23821, 244, 239, 168, 230, 246, 35975, 120, 31619, 243, 234, 168, 247, 222, 31619, 108, 246, 167, 234, 222, 220, 169, 246, 226, 168, 225, 223, 35975, 112, 23821, 251, 120, 168, 244, 112, 167, 224, 250, 46695, 97, 167, 232, 242, 220, 166, 110, 225, 35975, 226, 23821, 114, 242, 167, 94, 254, 47991, 254, 23821, 230, 246, 23821, 252, 230, 46695, 97, 13, 31619, 242, 108, 167, 251, 120, 168, 226, 250, 23821, 245, 112, 35975, 226, 220, 166, 108, 222, 47991, 246, 167, 102, 112, 220, 166, 116, 116, 35975, 112, 166, 108, 222, 23821, 97, 226, 168, 244, 112, 167, 241, 250, 167, 232, 242, 220, 166, 110, 225, 35975, 222, 31619, 227, 120, 167, 99, 105, 168, 254, 223, 168, 250, 120, 167, 94, 250, 31619, 100, 252, 46695, 97, 13, 198, 198, 17, 167, 110, 230, 25, 23821, 254, 223, 168, 254, 230, 47991, 101, 13, 366, 35975, 116, 167, 108, 242, 167, 232, 242, 23821, 243, 234, 167, 96, 101, 167, 107, 116, 167, 232, 226, 168, 245, 238, 31619, 117, 226, 47991, 112, 31619, 100, 97, 168, 248, 108, 23821, 252, 239, 35975, 222, 23821, 226, 254, 169, 246, 243, 23821, 245, 112, 169, 234, 121, 168, 108, 121, 220, 166, 111, 226, 168, 230, 246, 167, 98, 120, 220, 166, 108, 244, 167, 232, 242, 46695, 97, 1, 167, 232, 242, 31619, 105, 116, 168, 252, 98, 168, 245, 238, 168, 226, 250, 11, 23821, 251, 116, 167, 108, 242, 166, 108, 222, 220, 166, 116, 116, 35975, 112, 31619, 111, 222, 169, 247, 242, 166, 108, 222, 23821, 254, 223, 168, 250, 120, 167, 107, 222, 167, 94, 250, 23821, 246, 101, 167, 237, 226, 31619, 111, 222, 169, 247, 242, 168, 245, 238, 31619, 107, 120, 166, 108, 238, 47991, 246, 168, 100, 222, 23821, 243, 232, 35975, 222, 31619, 114, 222, 169, 240, 230, 168, 245, 238, 31619, 235, 242, 23821, 254, 223, 47991, 102, 47991, 246, 46695, 97, 166, 111, 254, 23821, 114, 242, 167, 94, 254, 47991, 254, 23821, 230, 246, 23821, 252, 230, 46695, 97, 13, 198, 198, 18, 167, 110, 230, 25, 31619, 114, 222, 168, 254, 223, 168, 254, 230, 47991, 101, 13, 23821, 100, 222, 167, 105, 116, 168, 245, 238, 31619, 242, 108, 167, 98, 112, 167, 102, 112, 366, 48, 166, 108, 222, 350, 167, 111, 112, 46695, 97, 23821, 226, 254, 169, 246, 243, 23821, 245, 112, 169, 234, 121, 168, 108, 121, 220, 166, 111, 226, 168, 230, 246, 166, 108, 222, 220, 169, 223, 105, 46695, 97, 167, 102, 112, 23821, 246, 101, 167, 237, 226, 167, 98, 120, 23821, 246, 105, 167, 254, 116, 35975, 226, 31619, 243, 234, 1195, 168, 116, 113, 35975, 222, 350, 168, 116, 113, 167, 111, 112, 46695, 97, 31619, 235, 242, 220, 169, 234, 121, 168, 108, 121, 47991, 246, 167, 254, 97, 166, 111, 254, 220, 47991, 250, 46695, 97, 1, 166, 111, 254, 220, 169, 244, 230, 166, 111, 254, 11, 366, 168, 246, 101, 167, 237, 226, 167, 98, 120, 31619, 224, 112, 167, 99, 105, 167, 102, 112, 31619, 251, 254, 167, 232, 242, 23821, 249, 238, 167, 252, 246, 31619, 103, 101, 168, 244, 239, 168, 250, 120, 167, 94, 250, 31619, 237, 234, 168, 243, 226, 168, 246, 101, 46695, 97, 1, 166, 111, 254, 220, 169, 244, 230, 46695, 97, 13, 31619, 242, 108, 167, 251, 120, 168, 226, 250, 23821, 246, 101, 167, 237, 226, 167, 98, 120, 31619, 224, 112, 167, 254, 116, 35975, 226, 31619, 243, 234, 35975, 246, 220, 169, 250, 101, 31619, 108, 102, 169, 244, 98, 168, 245, 238, 31619, 234, 222, 47991, 250, 23821, 244, 116, 166, 116, 231, 35975, 222, 23821, 245, 228, 168, 250, 120, 167, 102, 108, 11, 23821, 246, 97, 169, 252, 230, 167, 254, 97, 23821, 249, 238, 167, 252, 246, 31619, 103, 101, 168, 244, 239, 168, 250, 120, 167, 94, 250, 31619, 237, 234, 168, 243, 226, 166, 108, 226, 46695, 97, 166, 111, 254, 220, 169, 244, 230, 168, 250, 120, 167, 107, 222, 167, 94, 250, 23821, 251, 112, 23821, 114, 242, 167, 94, 254, 35975, 222, 23821, 254, 223, 168, 254, 230, 47991, 246, 168, 100, 222, 23821, 243, 232, 46695, 97, 13, 198, 198, 19, 167, 110, 230, 25, 23821, 254, 223, 168, 254, 230, 47991, 101, 13, 366, 166, 116, 116, 35975, 112, 31619, 111, 222, 169, 247, 242, 168, 250, 101, 35975, 222, 220, 166, 116, 116, 35975, 112, 35975, 246, 31619, 111, 222, 169, 247, 242, 167, 253, 231, 35975, 226, 23821, 110, 246, 35975, 234, 220, 166, 116, 116, 35975, 112, 167, 94, 250, 31619, 224, 246, 167, 230, 226, 168, 244, 112, 23821, 244, 119, 167, 232, 242, 220, 166, 108, 240, 1, 35975, 112, 167, 251, 120, 167, 232, 242, 23821, 254, 243, 35975, 246, 168, 245, 238, 31619, 242, 108, 167, 98, 112, 167, 102, 112, 11, 31619, 111, 222, 169, 247, 242, 167, 253, 231, 35975, 112, 220, 166, 108, 247, 35975, 226, 31619, 243, 234, 23821, 110, 246, 35975, 234, 220, 166, 116, 116, 35975, 112, 166, 108, 222, 31619, 235, 242, 220, 166, 116, 116, 167, 102, 112, 31619, 114, 226, 167, 103, 101, 166, 108, 222, 23821, 119, 97, 168, 100, 222, 167, 107, 222, 167, 94, 250, 220, 166, 116, 116, 35975, 112, 31619, 111, 222, 169, 247, 242, 168, 250, 101, 35975, 222, 23821, 252, 239, 168, 243, 226, 168, 100, 226, 46695, 97, 13, 198, 198, 20, 167, 110, 230, 25, 23821, 254, 223, 168, 254, 230, 47991, 101, 13, 366, 167, 251, 254, 166, 108, 222, 220, 169, 250, 254, 168, 230, 246, 167, 94, 251, 220, 166, 111, 254, 168, 254, 243, 167, 238, 246, 168, 100, 222, 23821, 243, 232, 35975, 222, 31619, 223, 251, 35975, 246, 23821, 251, 112, 167, 237, 247, 220, 166, 109, 108, 167, 99, 105, 167, 232, 242, 23821, 119, 97, 168, 100, 226, 46695, 97, 1, 167, 232, 242, 31619, 105, 116, 168, 252, 98, 166, 111, 120, 366, 167, 251, 254, 35975, 246, 220, 166, 116, 116, 35975, 112, 168, 245, 238, 31619, 242, 108, 167, 251, 120, 31619, 233, 105, 167, 251, 120, 168, 100, 226, 46695, 97, 1, 167, 232, 242, 31619, 105, 116, 168, 252, 98, 168, 245, 238, 168, 226, 250, 11, 220, 166, 108, 247, 35975, 222, 220, 166, 111, 94, 167, 98, 254, 167, 94, 250, 220, 169, 250, 246, 168, 245, 230, 35975, 226, 31619, 243, 234, 220, 166, 116, 116, 35975, 112, 166, 108, 222, 220, 166, 116, 112, 31619, 251, 254, 35975, 246, 31619, 223, 251, 23821, 251, 112, 167, 237, 247, 220, 166, 109, 108, 167, 99, 105, 166, 108, 222, 31619, 235, 242, 220, 166, 116, 116, 46695, 97, 167, 232, 242, 220, 166, 110, 225, 35975, 226, 23821, 114, 242, 167, 94, 254, 47991, 254, 23821, 230, 246, 23821, 252, 230, 46695, 97, 13, 198, 198, 168, 113, 250, 168, 95, 227, 23821, 254, 243, 46695, 113, 25, 513, 167, 110, 230]","[0.5, 0.5, 0.5, 0.5, 0.5, 0.5, 0.5, 0.5, 0.5, 0.5, 0.5, 0.5, 0.5, 0.5, 0.5, 0.5, 0.5, 0.5, 0.5, 0.5, 0.5, 0.5, 0.5, 0.5, 0.5, 0.5, 0.5, 0.5, 0.5, 0.5, 0.5, 0.5, 0.5, 0.5, 0.5, 0.5, 0.5, 0.5, 0.5, 0.5, 0.5, 0.5, 0.5, 0.5, 0.5, 0.5, 0.5, 0.5, 0.5, 0.5, 0.5, 0.5, 0.5, 0.5, 0.5, 0.5, 0.5, 0.5, 0.5, 0.5, 0.5, 0.5, 0.5, 0.5, 0.5, 0.5, 0.5, 0.5, 0.5, 0.5, 0.5, 0.5, 0.5, 0.5, 0.5, 0.5, 0.5, 0.5, 0.5, 0.5, 0.5, 0.5, 0.5, 0.5, 0.5, 0.5, 0.5, 0.5, 0.5, 0.5, 0.5, 0.5, 0.5, 0.5, 0.5, 0.5, 0.5, 0.5, 0.5, 0.5, 0.5, 0.5, 0.5, 0.5, 0.5, 0.5, 0.5, 0.5, 0.5, 0.5, 0.5, 0.5, 0.5, 0.5, 0.5, 0.5, 0.5, 0.5, 0.5, 0.5, 0.5, 0.5, 0.5, 0.5, 0.5, 0.5, 0.5, 0.5, 0.5, 0.5, 0.5, 0.5, 0.5, 0.5, 0.5, 0.5, 0.5, 0.5, 0.5, 0.5, 0.5, 0.5, 0.5, 0.5, 0.5, 0.5, 0.5, 0.5, 0.5, 0.5, 0.5, 0.5, 0.5, 0.5, 0.5, 0.5, 0.5, 0.5, 0.5, 0.5, 0.5, 0.5, 0.5, 0.5, 0.5, 0.5, 0.5, 0.5, 0.5, 0.5, 0.5, 0.5, 0.5, 0.5, 0.5, 0.5, 0.5, 0.5, 0.5, 0.5, 0.5, 0.5, 0.5, 0.5, 0.5, 0.5, 0.5, 0.5, 0.5, 0.5, 0.5, 0.5, 0.5, 0.5, 0.5, 0.5, 0.5, 0.5, 0.5, 0.5, 0.5, 0.5, 0.5, 0.5, 0.5, 0.5, 0.5, 0.5, 0.5, 0.5, 0.5, 0.5, 0.5, 0.5, 0.5, 0.5, 0.5, 0.5, 0.5, 0.5, 0.5, 0.5, 0.5, 0.5, 0.5, 0.5, 0.5, 0.5, 0.5, 0.5, 0.5, 0.5, 0.5, 0.5, 0.5, 0.5, 0.5, 0.5, 0.5, 0.5, 0.5, 0.5, 0.5, 0.5, 0.5, 0.5, 0.5, 0.5, 0.5, 0.5, 0.5, 0.5, 0.5, 0.5, 0.5, 0.5, 0.5, 0.5, 0.5, 0.5, 0.5, 0.5, 0.5, 0.5, 0.5, 0.5, 0.5, 0.5, 0.5, 0.5, 0.5, 0.5, 0.5, 0.5, 0.5, 0.5, 0.5, 0.5, 0.5, 0.5, 0.5, 0.5, 0.5, 0.5, 0.5, 0.5, 0.5, 0.5, 0.5, 0.5, 0.5, 0.5, 0.5, 0.5, 0.5, 0.5, 0.5, 0.5, 0.5, 0.5, 0.5, 0.5, 0.5, 0.5, 0.5, 0.5, 0.5, 0.5, 0.5, 0.5, 0.5, 0.5, 0.5, 0.5, 0.5, 0.5, 0.5, 0.5, 0.5, 0.5, 0.5, 0.5, 0.5, 0.5, 0.5, 0.5, 0.5, 0.5, 0.5, 0.5, 0.5, 0.5, 0.5, 0.5, 0.5, 0.5, 0.5, 0.5, 0.5, 0.5, 0.5, 0.5, 0.5, 0.5, 0.5, 0.5, 0.5, 0.5, 0.5, 0.5, 0.5, 0.5, 0.5, 0.5, 0.5, 0.5, 0.5, 0.5, 0.5, 0.5, 0.5, 0.5, 0.5, 0.5, 0.5, 0.5, 0.5, 0.5, 0.5, 0.5, 0.5, 0.5, 0.5, 0.5, 0.5, 0.5, 0.5, 0.5, 0.5, 0.5, 0.5, 0.5, 0.5, 0.5, 0.5, 0.5, 0.5, 0.5, 0.5, 0.5, 0.5, 0.5, 0.5, 0.5, 0.5, 0.5, 0.5, 0.5, 0.5, 0.5, 0.5, 0.5, 0.5, 0.5, 0.5, 0.5, 0.5, 0.5, 0.5, 0.5, 0.5, 0.5, 0.5, 0.5, 0.5, 0.5, 0.5, 0.5, 0.5, 0.5, 0.5, 0.5, 0.5, 0.5, 0.5, 0.5, 0.5, 0.5, 0.5, 0.5, 0.5, 0.5, 0.5, 0.5, 0.5, 0.5, 0.5, 0.5, 0.5, 0.5, 0.5, 0.5, 0.5, 0.5, 0.5, 0.5, 0.5, 0.5, 0.5, 0.5, 0.5, 0.5, 0.5, 0.5, 0.5, 0.5, 0.5, 0.5, 0.5, 0.5, 0.5, 0.5, 0.5, 0.5, 0.5, 0.5, 0.5, 0.5, 0.5, 0.5, 0.5, 0.5, 0.5, 0.5, 0.5, 0.5, 0.5, 0.5, 0.5, 0.5, 0.5, 0.5, 0.5, 0.5, 0.5, 0.5, 0.5, 0.5, 0.5, 0.5, 0.5, 0.5, 0.5, 0.5, 0.5, 0.5, 0.5, 0.5, 0.5, 0.5, 0.5, 0.5, 0.5, 0.5, 0.5, 0.5, 0.5, 0.5, 0.5, 0.5, 0.5, 0.5, 0.5, 0.5, 0.5, 0.5, 0.5, 0.5, 0.5, 0.5, 0.5, 0.5, 0.5, 0.5, 0.5, 0.5, 0.5, 0.5, 0.5, 0.5, 0.5, 0.5, 0.5, 0.5, 0.5, 0.5, 0.5, 0.5, 0.5, 0.5, 0.5, 0.5, 0.5, 0.5, 0.5, 0.5, 0.5, 0.5, 0.5, 0.5, 0.5, 0.5, 0.5, 0.5, 0.5, 0.5, 0.5, 0.5, 0.5, 0.5, 0.5, 0.5, 0.5, 0.5, 0.5, 0.5, 0.5, 0.5, 0.5, 0.5, 0.5, 0.5, 0.5, 0.5, 0.5, 0.5, 0.5, 0.5, 0.5, 0.5, 0.5, 0.5, 0.5, 0.5, 0.5, 0.5, 0.5, 0.5, 0.5, 0.5, 0.5, 0.5, 0.5, 0.5, 0.5, 0.5, 0.5, 0.5, 0.5, 0.5, 0.5, 0.5, 0.5, 0.5, 0.5, 0.5, 0.5, 0.5, 0.5, 0.5, 0.5, 0.5, 0.5, 0.5, 0.5, 0.5, 0.5, 0.5, 0.5, 0.5, 0.5, 0.5, 0.5, 0.5, 0.5, 0.5, 0.5, 0.5, 0.5, 0.5, 0.5, 0.5, 0.5, 0.5, 0.5, 0.5, 0.5, 0.5, 0.5, 0.5, 0.5, 0.5, 0.5, 0.5, 0.5, 0.5, 0.5, 0.5, 0.5, 0.5, 0.5, 0.5, 0.5, 0.5, 0.5, 0.5, 0.5, 0.5, 0.5, 0.5, 0.5, 0.5, 0.5, 0.5, 0.5, 0.5, 0.5, 0.5, 0.5, 0.5, 0.5, 0.5, 0.5, 0.5, 0.5, 0.5, 0.5, 0.5, 0.5, 0.5, 0.5, 0.5, 0.5, 0.5, 0.5, 0.5, 0.5, 0.5, 0.5, 0.5, 0.5, 0.5, 0.5, 0.5, 0.5, 0.5, 0.5, 0.5, 0.5, 0.5, 0.5, 0.5, 0.5, 0.5, 0.5, 0.5, 0.5, 0.5, 0.5, 0.5, 0.5, 0.5, 0.5, 0.5, 0.5, 0.5, 0.5, 0.5, 0.5, 0.5, 0.5, 0.5, 0.5, 0.5, 0.5, 0.5, 0.5, 0.5, 0.5, 0.5, 0.5, 0.5, 0.5, 0.5, 0.5, 0.5, 0.5, 0.5, 0.5, 0.5, 0.5, 0.5, 0.5, 0.5, 0.5, 0.5, 0.5, 0.5, 0.5, 0.5, 0.5, 0.5, 0.5, 0.5, 0.5, 0.5, 0.5, 0.5, 0.5, 0.5, 0.5, 0.5, 0.5, 0.5, 0.5, 0.5, 0.5, 0.5, 0.5, 0.5, 0.5, 0.5, 0.5, 0.5, 0.5, 0.5, 0.5, 0.5, 0.5, 0.5, 0.5, 0.5, 0.5, 0.5, 0.5, 0.5, 0.5, 0.5, 0.5, 0.5, 0.5, 0.5, 0.5, 0.5, 0.5, 0.5, 0.5, 0.5, 0.5, 0.5, 0.5, 0.5, 0.5, 0.5, 0.5, 0.5, 0.5, 0.5, 0.5, 0.5, 0.5, 0.5, 0.5, 0.5, 0.5, 0.5, 0.5, 0.5, 0.5, 0.5, 0.5, 0.5, 0.5, 0.5, 0.5, 0.5, 0.5, 0.5, 0.5, 0.5, 0.5, 0.5, 0.5, 0.5, 0.5, 0.5, 0.5, 0.5, 0.5, 0.5, 0.5, 0.5, 0.5, 0.5, 0.5, 0.5, 0.5, 0.5, 0.5, 0.5, 0.5, 0.5, 0.5, 0.5, 0.5, 0.5, 0.5, 0.5, 0.5, 0.5, 0.5, 0.5, 0.5, 0.5, 0.5, 0.5, 0.5, 0.5, 0.5, 0.5, 0.5, 0.5, 0.5, 0.5, 0.5, 0.5, 0.5, 0.5, 0.5, 0.5, 0.5, 0.5, 0.5, 0.5, 0.5, 0.5, 0.5, 0.5, 0.5, 0.5, 0.5, 0.5, 0.5, 0.5, 0.5, 0.5, 0.5, 0.5, 0.5, 0.5, 0.5, 0.5, 0.5, 0.5, 0.5, 0.5, 0.5, 0.5, 0.5, 0.5, 0.5, 0.5, 0.5, 0.5, 0.5, 0.5, 0.5, 0.5, 0.5, 0.5, 0.5, 0.5, 0.5, 0.5, 0.5, 0.5, 0.5, 0.5, 0.5, 0.5, 0.5, 0.5, 0.5, 0.5, 0.5, 0.5, 0.5, 0.5, 0.5, 0.5, 0.5, 0.5, 0.5, 0.5, 0.5, 0.5, 0.5, 0.5, 0.5, 0.5, 0.5, 0.5, 0.5, 0.5, 0.5, 0.5, 0.5, 0.5, 0.5, 0.5, 0.5, 0.5, 0.5, 0.5, 0.5, 0.5, 0.5, 0.5, 0.5, 0.5, 0.5, 0.5, 0.5, 0.5, 0.5, 0.5, 0.5, 0.5, 0.5, 0.5, 0.5, 0.5, 0.5, 0.5, 0.5, 0.5, 0.5, 0.5, 0.5, 0.5, 0.5, 0.5, 0.5, 0.5, 0.5, 0.5, 0.5, 0.5, 0.5, 0.5, 0.5, 0.5, 0.5, 0.5, 0.5, 0.5, 0.5, 0.5, 0.5, 0.5, 0.5, 0.5, 0.5, 0.5, 0.5, 0.5, 0.5, 0.5, 0.5, 0.5, 0.5, 0.5, 0.5, 0.5, 0.5, 0.5, 0.5, 0.5, 0.5, 0.5, 0.5, 0.5, 0.5, 0.5, 0.5, 0.5, 0.5, 0.5, 0.5, 0.5, 0.5, 0.5, 0.5, 0.5, 0.5, 0.5, 0.5, 0.5, 0.5, 0.5, 0.5, 0.5, 0.5, 0.5, 0.5, 0.5, 0.5, 0.5, 0.5, 0.5, 0.5, 0.5, 0.5, 0.5, 0.5, 0.5, 0.5, 0.5, 0.5, 0.5, 0.5, 0.5, 0.5, 0.5, 0.5, 0.5, 0.5, 0.5, 0.5, 0.5, 0.5, 0.5, 0.5, 0.5, 0.5, 0.5, 0.5, 0.5, 0.5, 0.5, 0.5, 0.5, 0.5, 0.5, 0.5, 0.5, 0.5, 0.5, 0.5, 0.5, 0.5, 0.5, 0.5, 0.5, 0.5, 0.5, 0.5, 0.5, 0.5, 0.5, 0.5, 0.5, 0.5, 0.5, 0.5, 0.5, 0.5, 0.5, 0.5, 0.5, 0.5, 0.5, 0.5, 0.5, 0.5, 0.5, 0.5, 0.5, 0.5, 0.5, 0.5, 0.5, 0.5, 0.5, 0.5, 0.5, 0.5, 0.5, 0.5, 0.5, 0.5, 0.5, 0.5, 0.5, 0.5, 0.5, 0.5, 0.5, 0.5, 0.5, 0.5, 0.5, 0.5, 0.5, 0.5, 0.5, 0.5, 0.5, 0.5, 0.5, 0.5, 0.5, 0.5, 0.5, 0.5, 0.5, 0.5, 0.5, 0.5, 0.5, 0.5, 0.5, 0.5, 0.5, 0.5, 0.5, 0.5, 0.5, 0.5, 0.5, 0.5, 0.5, 0.5, 0.5, 0.5, 0.5, 0.5, 0.5, 0.5, 0.5, 0.5, 0.5, 0.5, 0.5, 0.5, 0.5, 0.5, 0.5, 0.5, 0.5, 0.5, 0.5, 0.5, 0.5, 0.5, 0.5, 0.5, 0.5, 0.5, 0.5, 0.5, 0.5, 0.5, 0.5, 0.5, 0.5, 0.5, 0.5, 0.5, 0.5, 0.5, 0.5, 0.5, 0.5, 0.5, 0.5, 0.5, 0.5, 0.5, 0.5, 0.5, 0.5, 0.5, 0.5, 0.5, 0.5, 0.5, 0.5, 0.5, 0.5, 0.5, 0.5, 0.5, 0.5, 0.5, 0.5, 0.5, 0.5, 0.5, 0.5, 0.5, 0.5, 0.5, 0.5, 0.5, 0.5, 0.5, 0.5, 0.5, 0.5, 0.5, 0.5, 0.5, 0.5, 0.5, 0.5, 0.5, 0.5, 0.5, 0.5, 0.5, 0.5, 0.5, 0.5, 0.5, 0.5, 0.5, 0.5, 0.5, 0.5, 0.5, 0.5, 0.5, 0.5, 0.5, 0.5, 0.5, 0.5, 0.5, 0.5, 0.5, 0.5, 0.5, 0.5, 0.5, 0.5, 0.5, 0.5, 0.5, 0.5, 0.5, 0.5, 0.5, 0.5]",2
2026_11_KICE_10-13_2,['1(3)'],"1번: ""다른 조건이 동일하다면, 두 물질의 선형 열팽창 계수 차이가 크거나 온도 변화가 클수록 띠가 더 휘어진다.""라는 지문에 따르면, 온도 변화가 클수록 더 많이 휘어지므로 T0에서 T2로 올렸을 때가 T0에서 T1로 올렸을 때보다 곡률이 더 클 것입니다. 따라서 a와 b 모두 외부에 가할 수 있는 힘이 소멸되는 시점의 곡률이 더 커진다는 설명은 타당합니다.

2번: ""두 물질의 선형 열팽창 계수의 차이는 b가 a보다 크다""는 보기의 내용과 ""두 물질의 선형 열팽창 계수 차이가 크거나 온도 변화가 클수록 띠가 더 휘어진다""는 지문을 종합하면, b가 a보다 더 많이 휘어지므로 b의 곡률 반지름이 더 작아야 합니다. 따라서 a의 곡률 반지름이 b보다 작다는 설명은 잘못되었습니다.

3번: ""반응 완료 시간은... 띠의 두께가 얇을수록 짧다""는 지문이 있지만, a와 b의 두께는 동일하다고 했으므로 반응 완료 시간은 동일해야 합니다. 따라서 b의 반응 완료 시간이 더 짧다는 설명은 타당하지 않습니다.

4번: ""띠가 휠수록 고정되지 않은 끝의 이동 거리는 커진다""는 지문과 ""두 물질의 선형 열팽창 계수 차이는 b가 a보다 크다""는 보기의 내용을 종합하면, b가 a보다 더 많이 휘어지므로 b의 최대 이동 거리가 더 커야 합니다. 따라서 a의 최대 이동 거리가 더 크다는 설명은 잘못되었습니다.

5번: ""휨 민감도가 더 크다는 것은 같은 온도 변화량에서 띠가 더 심하게 휨을 의미한다""는 지문과 ""T0에서 T1로 올렸을 때는 B만 물체를 잡을 수 있었다""는 보기의 내용을 종합하면, b가 a보다 휨 민감도가 크기 때문에 더 낮은 온도에서도 물체를 잡을 수 있었다고 해석할 수 있습니다. 따라서 A가 물체를 잡을 수 있었던 이유를 a의 휨 민감도가 더 크기 때문이라고 설명하는 것은 잘못되었습니다.

최종 정답: 1번","[16, 167, 110, 230, 25, 366, 46695, 97, 167, 98, 116, 23821, 94, 108, 166, 109, 112, 35975, 112, 31619, 237, 247, 35975, 120, 47991, 246, 46695, 97, 167, 102, 112, 11, 31619, 239, 238, 31619, 45539, 168, 100, 230, 35975, 246, 23821, 226, 254, 169, 246, 243, 23821, 245, 112, 169, 234, 121, 168, 108, 121, 220, 166, 111, 226, 168, 230, 246, 23821, 108, 101, 35975, 112, 166, 108, 222, 220, 169, 223, 105, 166, 109, 108, 167, 224, 246, 23821, 246, 101, 167, 237, 226, 31619, 111, 222, 169, 247, 242, 166, 108, 222, 220, 169, 223, 112, 168, 230, 246, 167, 94, 251, 31619, 251, 254, 166, 108, 222, 31619, 235, 242, 220, 169, 250, 246, 168, 244, 112, 168, 100, 226, 46695, 97, 526, 167, 251, 120, 167, 232, 242, 23821, 100, 222, 167, 105, 116, 168, 245, 238, 31619, 242, 108, 167, 98, 112, 167, 102, 112, 11, 23821, 246, 101, 167, 237, 226, 31619, 111, 222, 169, 247, 242, 166, 108, 222, 220, 169, 223, 112, 168, 230, 246, 167, 94, 251, 31619, 235, 242, 31619, 100, 236, 35975, 112, 220, 169, 250, 246, 168, 244, 112, 168, 100, 222, 167, 107, 222, 167, 94, 250, 309, 15, 168, 245, 238, 168, 226, 250, 309, 17, 167, 94, 250, 23821, 246, 105, 167, 254, 116, 35975, 226, 31619, 243, 234, 166, 108, 222, 309, 15, 168, 245, 238, 168, 226, 250, 309, 16, 167, 94, 250, 23821, 246, 105, 167, 254, 116, 35975, 226, 31619, 243, 234, 167, 111, 112, 46695, 97, 220, 166, 111, 94, 167, 98, 254, 35975, 112, 31619, 235, 242, 220, 169, 223, 112, 220, 166, 110, 225, 168, 252, 227, 46695, 230, 46695, 97, 13, 31619, 242, 108, 167, 251, 120, 168, 226, 250, 257, 168, 247, 222, 275, 31619, 103, 101, 167, 239, 238, 23821, 247, 116, 167, 114, 222, 168, 245, 238, 220, 166, 108, 222, 47991, 254, 23821, 230, 246, 23821, 252, 230, 167, 232, 242, 220, 169, 252, 246, 35975, 112, 23821, 228, 234, 167, 102, 116, 167, 238, 246, 167, 232, 242, 23821, 233, 250, 168, 254, 238, 35975, 246, 220, 166, 111, 94, 167, 98, 254, 35975, 112, 31619, 235, 242, 23821, 119, 97, 168, 100, 226, 46695, 97, 167, 232, 242, 23821, 226, 97, 167, 103, 227, 35975, 222, 220, 169, 225, 222, 46695, 117, 47991, 102, 46695, 230, 46695, 97, 13, 198, 198, 17, 167, 110, 230, 25, 366, 167, 239, 238, 31619, 45539, 168, 100, 230, 35975, 246, 23821, 226, 254, 169, 246, 243, 23821, 245, 112, 169, 234, 121, 168, 108, 121, 220, 166, 111, 226, 168, 230, 246, 35975, 246, 23821, 108, 101, 35975, 112, 167, 232, 242, 275, 166, 108, 222, 257, 167, 111, 112, 46695, 97, 220, 169, 223, 105, 46695, 97, 1, 167, 232, 242, 31619, 111, 112, 166, 116, 108, 35975, 246, 31619, 224, 112, 168, 248, 102, 166, 111, 120, 366, 167, 239, 238, 31619, 45539, 168, 100, 230, 35975, 246, 23821, 226, 254, 169, 246, 243, 23821, 245, 112, 169, 234, 121, 168, 108, 121, 220, 166, 111, 226, 168, 230, 246, 23821, 108, 101, 35975, 112, 166, 108, 222, 220, 169, 223, 105, 166, 109, 108, 167, 224, 246, 23821, 246, 101, 167, 237, 226, 31619, 111, 222, 169, 247, 242, 166, 108, 222, 220, 169, 223, 112, 168, 230, 246, 167, 94, 251, 31619, 251, 254, 166, 108, 222, 31619, 235, 242, 220, 169, 250, 246, 168, 244, 112, 168, 100, 226, 46695, 97, 1, 167, 232, 242, 23821, 100, 222, 167, 105, 116, 35975, 226, 23821, 95, 227, 47991, 102, 47991, 246, 167, 102, 112, 11, 275, 166, 108, 222, 257, 167, 111, 112, 46695, 97, 31619, 235, 242, 31619, 100, 236, 35975, 112, 220, 169, 250, 246, 168, 244, 112, 168, 100, 222, 167, 107, 222, 167, 94, 250, 275, 35975, 246, 220, 166, 111, 94, 167, 98, 254, 31619, 108, 246, 168, 100, 222, 167, 99, 226, 35975, 112, 31619, 235, 242, 23821, 252, 239, 168, 243, 226, 168, 243, 120, 220, 47991, 102, 46695, 230, 46695, 97, 13, 31619, 242, 108, 167, 251, 120, 168, 226, 250, 257, 35975, 246, 220, 166, 111, 94, 167, 98, 254, 31619, 108, 246, 168, 100, 222, 167, 99, 226, 35975, 112, 275, 167, 111, 112, 46695, 97, 23821, 252, 239, 46695, 97, 167, 232, 242, 23821, 226, 97, 167, 103, 227, 35975, 222, 23821, 252, 246, 167, 103, 119, 167, 238, 246, 168, 245, 230, 168, 232, 113, 46695, 230, 46695, 97, 13, 198, 198, 18, 167, 110, 230, 25, 366, 167, 108, 246, 35975, 239, 23821, 247, 226, 167, 96, 234, 23821, 233, 250, 166, 108, 226, 35975, 222, 986, 31619, 251, 254, 35975, 246, 31619, 239, 238, 166, 119, 246, 166, 108, 222, 23821, 244, 229, 35975, 226, 168, 230, 246, 167, 94, 251, 23821, 100, 100, 46695, 97, 1, 167, 232, 242, 23821, 100, 222, 167, 105, 116, 35975, 112, 23821, 252, 230, 168, 100, 222, 167, 100, 234, 11, 257, 168, 247, 222, 275, 35975, 246, 31619, 239, 238, 166, 119, 246, 167, 232, 242, 31619, 237, 247, 35975, 120, 47991, 246, 46695, 97, 166, 111, 254, 220, 169, 244, 230, 168, 250, 120, 167, 107, 222, 167, 94, 250, 31619, 108, 246, 35975, 239, 23821, 247, 226, 167, 96, 234, 23821, 233, 250, 166, 108, 226, 35975, 222, 31619, 237, 247, 35975, 120, 47991, 112, 168, 243, 120, 220, 47991, 102, 46695, 230, 46695, 97, 13, 31619, 242, 108, 167, 251, 120, 168, 226, 250, 275, 35975, 246, 31619, 108, 246, 35975, 239, 23821, 247, 226, 167, 96, 234, 23821, 233, 250, 166, 108, 226, 35975, 112, 31619, 235, 242, 23821, 100, 100, 46695, 97, 167, 232, 242, 23821, 226, 97, 167, 103, 227, 35975, 222, 220, 169, 225, 222, 46695, 117, 47991, 246, 168, 100, 222, 23821, 243, 232, 168, 232, 113, 46695, 230, 46695, 97, 13, 198, 198, 19, 167, 110, 230, 25, 366, 167, 251, 254, 166, 108, 222, 220, 169, 250, 254, 168, 230, 246, 167, 94, 251, 220, 166, 111, 254, 168, 254, 243, 167, 238, 246, 168, 100, 222, 23821, 243, 232, 35975, 222, 31619, 223, 251, 35975, 246, 23821, 251, 112, 167, 237, 247, 220, 166, 109, 108, 167, 99, 105, 167, 232, 242, 23821, 119, 97, 168, 100, 226, 46695, 97, 1, 167, 232, 242, 23821, 100, 222, 167, 105, 116, 166, 111, 120, 366, 167, 239, 238, 31619, 45539, 168, 100, 230, 35975, 246, 23821, 226, 254, 169, 246, 243, 23821, 245, 112, 169, 234, 121, 168, 108, 121, 220, 166, 111, 226, 168, 230, 246, 23821, 108, 101, 35975, 112, 167, 232, 242, 275, 166, 108, 222, 257, 167, 111, 112, 46695, 97, 220, 169, 223, 105, 46695, 97, 1, 167, 232, 242, 31619, 111, 112, 166, 116, 108, 35975, 246, 31619, 224, 112, 168, 248, 102, 35975, 226, 23821, 95, 227, 47991, 102, 47991, 246, 167, 102, 112, 11, 275, 166, 108, 222, 257, 167, 111, 112, 46695, 97, 31619, 235, 242, 31619, 100, 236, 35975, 112, 220, 169, 250, 246, 168, 244, 112, 168, 100, 222, 167, 107, 222, 167, 94, 250, 275, 35975, 246, 23821, 113, 250, 167, 234, 222, 23821, 251, 112, 167, 237, 247, 220, 166, 109, 108, 167, 99, 105, 166, 108, 222, 31619, 235, 242, 23821, 119, 97, 168, 243, 120, 220, 47991, 102, 46695, 230, 46695, 97, 13, 31619, 242, 108, 167, 251, 120, 168, 226, 250, 257, 35975, 246, 23821, 113, 250, 167, 234, 222, 23821, 251, 112, 167, 237, 247, 220, 166, 109, 108, 167, 99, 105, 166, 108, 222, 31619, 235, 242, 220, 169, 223, 105, 46695, 97, 167, 232, 242, 23821, 226, 97, 167, 103, 227, 35975, 222, 23821, 252, 246, 167, 103, 119, 167, 238, 246, 168, 245, 230, 168, 232, 113, 46695, 230, 46695, 97, 13, 198, 198, 20, 167, 110, 230, 25, 366, 169, 250, 101, 31619, 107, 120, 166, 108, 238, 167, 237, 226, 166, 108, 222, 31619, 235, 242, 220, 169, 223, 105, 46695, 97, 167, 232, 242, 220, 166, 110, 225, 35975, 222, 220, 166, 108, 247, 35975, 222, 23821, 246, 101, 167, 237, 226, 31619, 111, 222, 169, 247, 242, 167, 253, 231, 168, 245, 238, 168, 226, 250, 31619, 251, 254, 166, 108, 222, 31619, 235, 242, 23821, 233, 105, 47991, 246, 166, 110, 234, 220, 169, 250, 101, 35975, 226, 23821, 251, 246, 167, 107, 116, 47991, 250, 46695, 97, 1, 167, 232, 242, 23821, 100, 222, 167, 105, 116, 166, 111, 120, 366, 51, 15, 168, 245, 238, 168, 226, 250, 309, 16, 167, 94, 250, 23821, 246, 105, 167, 254, 116, 35975, 226, 31619, 243, 234, 167, 232, 242, 347, 167, 100, 234, 31619, 45539, 168, 110, 112, 167, 98, 120, 23821, 252, 94, 35975, 226, 23821, 230, 246, 23821, 252, 230, 168, 245, 230, 46695, 97, 1, 167, 232, 242, 31619, 111, 112, 166, 116, 108, 35975, 246, 31619, 224, 112, 168, 248, 102, 35975, 226, 23821, 95, 227, 47991, 102, 47991, 246, 167, 102, 112, 11, 275, 166, 108, 222, 257, 167, 111, 112, 46695, 97, 220, 169, 250, 101, 31619, 107, 120, 166, 108, 238, 167, 237, 226, 166, 108, 222, 220, 169, 223, 105, 166, 116, 108, 31619, 243, 234, 167, 105, 116, 168, 245, 238, 31619, 235, 242, 31619, 224, 106, 35975, 222, 23821, 246, 101, 167, 237, 226, 168, 245, 238, 168, 226, 250, 167, 237, 226, 31619, 45539, 168, 110, 112, 167, 98, 120, 23821, 252, 94, 35975, 226, 23821, 230, 246, 23821, 252, 230, 168, 245, 230, 46695, 97, 166, 111, 254, 220, 47991, 112, 168, 226, 251, 47991, 254, 23821, 230, 246, 23821, 252, 230, 168, 232, 113, 46695, 230, 46695, 97, 13, 31619, 242, 108, 167, 251, 120, 168, 226, 250, 317, 166, 108, 222, 31619, 45539, 168, 110, 112, 167, 98, 120, 23821, 252, 94, 35975, 226, 23821, 230, 246, 23821, 252, 230, 168, 245, 230, 167, 235, 246, 23821, 251, 112, 168, 250, 254, 167, 98, 120, 257, 35975, 246, 220, 169, 250, 101, 31619, 107, 120, 166, 108, 238, 167, 237, 226, 166, 108, 222, 31619, 235, 242, 220, 169, 223, 105, 166, 116, 108, 31619, 243, 234, 167, 105, 116, 35975, 112, 167, 251, 120, 166, 111, 254, 23821, 226, 97, 167, 103, 227, 47991, 246, 167, 232, 242, 220, 166, 110, 225, 35975, 222, 23821, 252, 246, 167, 103, 119, 167, 238, 246, 168, 245, 230, 168, 232, 113, 46695, 230, 46695, 97, 13, 198, 198, 168, 113, 250, 168, 95, 227, 23821, 254, 243, 46695, 113, 25, 352, 167, 110, 230]","[0.5, 0.5, 0.5, 0.5, 0.5, 0.5, 0.5, 0.5, 0.5, 0.5, 0.5, 0.5, 0.5, 0.5, 0.5, 0.5, 0.5, 0.5, 0.5, 0.5, 0.5, 0.5, 0.5, 0.5, 0.5, 0.5, 0.5, 0.5, 0.5, 0.5, 0.5, 0.5, 0.5, 0.5, 0.5, 0.5, 0.5, 0.5, 0.5, 0.5, 0.5, 0.5, 0.5, 0.5, 0.5, 0.5, 0.5, 0.5, 0.5, 0.5, 0.5, 0.5, 0.5, 0.5, 0.5, 0.5, 0.5, 0.5, 0.5, 0.5, 0.5, 0.5, 0.5, 0.5, 0.5, 0.5, 0.5, 0.5, 0.5, 0.5, 0.5, 0.5, 0.5, 0.5, 0.5, 0.5, 0.5, 0.5, 0.5, 0.5, 0.5, 0.5, 0.5, 0.5, 0.5, 0.5, 0.5, 0.5, 0.5, 0.5, 0.5, 0.5, 0.5, 0.5, 0.5, 0.5, 0.5, 0.5, 0.5, 0.5, 0.5, 0.5, 0.5, 0.5, 0.5, 0.5, 0.5, 0.5, 0.5, 0.5, 0.5, 0.5, 0.5, 0.5, 0.5, 0.5, 0.5, 0.5, 0.5, 0.5, 0.5, 0.5, 0.5, 0.5, 0.5, 0.5, 0.5, 0.5, 0.5, 0.5, 0.5, 0.5, 0.5, 0.5, 0.5, 0.5, 0.5, 0.5, 0.5, 0.5, 0.5, 0.5, 0.5, 0.5, 0.5, 0.5, 0.5, 0.5, 0.5, 0.5, 0.5, 0.5, 0.5, 0.5, 0.5, 0.5, 0.5, 0.5, 0.5, 0.5, 0.5, 0.5, 0.5, 0.5, 0.5, 0.5, 0.5, 0.5, 0.5, 0.5, 0.5, 0.5, 0.5, 0.5, 0.5, 0.5, 0.5, 0.5, 0.5, 0.5, 0.5, 0.5, 0.5, 0.5, 0.5, 0.5, 0.5, 0.5, 0.5, 0.5, 0.5, 0.5, 0.5, 0.5, 0.5, 0.5, 0.5, 0.5, 0.5, 0.5, 0.5, 0.5, 0.5, 0.5, 0.5, 0.5, 0.5, 0.5, 0.5, 0.5, 0.5, 0.5, 0.5, 0.5, 0.5, 0.5, 0.5, 0.5, 0.5, 0.5, 0.5, 0.5, 0.5, 0.5, 0.5, 0.5, 0.5, 0.5, 0.5, 0.5, 0.5, 0.5, 0.5, 0.5, 0.5, 0.5, 0.5, 0.5, 0.5, 0.5, 0.5, 0.5, 0.5, 0.5, 0.5, 0.5, 0.5, 0.5, 0.5, 0.5, 0.5, 0.5, 0.5, 0.5, 0.5, 0.5, 0.5, 0.5, 0.5, 0.5, 0.5, 0.5, 0.5, 0.5, 0.5, 0.5, 0.5, 0.5, 0.5, 0.5, 0.5, 0.5, 0.5, 0.5, 0.5, 0.5, 0.5, 0.5, 0.5, 0.5, 0.5, 0.5, 0.5, 0.5, 0.5, 0.5, 0.5, 0.5, 0.5, 0.5, 0.5, 0.5, 0.5, 0.5, 0.5, 0.5, 0.5, 0.5, 0.5, 0.5, 0.5, 0.5, 0.5, 0.5, 0.5, 0.5, 0.5, 0.5, 0.5, 0.5, 0.5, 0.5, 0.5, 0.5, 0.5, 0.5, 0.5, 0.5, 0.5, 0.5, 0.5, 0.5, 0.5, 0.5, 0.5, 0.5, 0.5, 0.5, 0.5, 0.5, 0.5, 0.5, 0.5, 0.5, 0.5, 0.5, 0.5, 0.5, 0.5, 0.5, 0.5, 0.5, 0.5, 0.5, 0.5, 0.5, 0.5, 0.5, 0.5, 0.5, 0.5, 0.5, 0.5, 0.5, 0.5, 0.5, 0.5, 0.5, 0.5, 0.5, 0.5, 0.5, 0.5, 0.5, 0.5, 0.5, 0.5, 0.5, 0.5, 0.5, 0.5, 0.5, 0.5, 0.5, 0.5, 0.5, 0.5, 0.5, 0.5, 0.5, 0.5, 0.5, 0.5, 0.5, 0.5, 0.5, 0.5, 0.5, 0.5, 0.5, 0.5, 0.5, 0.5, 0.5, 0.5, 0.5, 0.5, 0.5, 0.5, 0.5, 0.5, 0.5, 0.5, 0.5, 0.5, 0.5, 0.5, 0.5, 0.5, 0.5, 0.5, 0.5, 0.5, 0.5, 0.5, 0.5, 0.5, 0.5, 0.5, 0.5, 0.5, 0.5, 0.5, 0.5, 0.5, 0.5, 0.5, 0.5, 0.5, 0.5, 0.5, 0.5, 0.5, 0.5, 0.5, 0.5, 0.5, 0.5, 0.5, 0.5, 0.5, 0.5, 0.5, 0.5, 0.5, 0.5, 0.5, 0.5, 0.5, 0.5, 0.5, 0.5, 0.5, 0.5, 0.5, 0.5, 0.5, 0.5, 0.5, 0.5, 0.5, 0.5, 0.5, 0.5, 0.5, 0.5, 0.5, 0.5, 0.5, 0.5, 0.5, 0.5, 0.5, 0.5, 0.5, 0.5, 0.5, 0.5, 0.5, 0.5, 0.5, 0.5, 0.5, 0.5, 0.5, 0.5, 0.5, 0.5, 0.5, 0.5, 0.5, 0.5, 0.5, 0.5, 0.5, 0.5, 0.5, 0.5, 0.5, 0.5, 0.5, 0.5, 0.5, 0.5, 0.5, 0.5, 0.5, 0.5, 0.5, 0.5, 0.5, 0.5, 0.5, 0.5, 0.5, 0.5, 0.5, 0.5, 0.5, 0.5, 0.5, 0.5, 0.5, 0.5, 0.5, 0.5, 0.5, 0.5, 0.5, 0.5, 0.5, 0.5, 0.5, 0.5, 0.5, 0.5, 0.5, 0.5, 0.5, 0.5, 0.5, 0.5, 0.5, 0.5, 0.5, 0.5, 0.5, 0.5, 0.5, 0.5, 0.5, 0.5, 0.5, 0.5, 0.5, 0.5, 0.5, 0.5, 0.5, 0.5, 0.5, 0.5, 0.5, 0.5, 0.5, 0.5, 0.5, 0.5, 0.5, 0.5, 0.5, 0.5, 0.5, 0.5, 0.5, 0.5, 0.5, 0.5, 0.5, 0.5, 0.5, 0.5, 0.5, 0.5, 0.5, 0.5, 0.5, 0.5, 0.5, 0.5, 0.5, 0.5, 0.5, 0.5, 0.5, 0.5, 0.5, 0.5, 0.5, 0.5, 0.5, 0.5, 0.5, 0.5, 0.5, 0.5, 0.5, 0.5, 0.5, 0.5, 0.5, 0.5, 0.5, 0.5, 0.5, 0.5, 0.5, 0.5, 0.5, 0.5, 0.5, 0.5, 0.5, 0.5, 0.5, 0.5, 0.5, 0.5, 0.5, 0.5, 0.5, 0.5, 0.5, 0.5, 0.5, 0.5, 0.5, 0.5, 0.5, 0.5, 0.5, 0.5, 0.5, 0.5, 0.5, 0.5, 0.5, 0.5, 0.5, 0.5, 0.5, 0.5, 0.5, 0.5, 0.5, 0.5, 0.5, 0.5, 0.5, 0.5, 0.5, 0.5, 0.5, 0.5, 0.5, 0.5, 0.5, 0.5, 0.5, 0.5, 0.5, 0.5, 0.5, 0.5, 0.5, 0.5, 0.5, 0.5, 0.5, 0.5, 0.5, 0.5, 0.5, 0.5, 0.5, 0.5, 0.5, 0.5, 0.5, 0.5, 0.5, 0.5, 0.5, 0.5, 0.5, 0.5, 0.5, 0.5, 0.5, 0.5, 0.5, 0.5, 0.5, 0.5, 0.5, 0.5, 0.5, 0.5, 0.5, 0.5, 0.5, 0.5, 0.5, 0.5, 0.5, 0.5, 0.5, 0.5, 0.5, 0.5, 0.5, 0.5, 0.5, 0.5, 0.5, 0.5, 0.5, 0.5, 0.5, 0.5, 0.5, 0.5, 0.5, 0.5, 0.5, 0.5, 0.5, 0.5, 0.5, 0.5, 0.5, 0.5, 0.5, 0.5, 0.5, 0.5, 0.5, 0.5, 0.5, 0.5, 0.5, 0.5, 0.5, 0.5, 0.5, 0.5, 0.5, 0.5, 0.5, 0.5, 0.5, 0.5, 0.5, 0.5, 0.5, 0.5, 0.5, 0.5, 0.5, 0.5, 0.5, 0.5, 0.5, 0.5, 0.5, 0.5, 0.5, 0.5, 0.5, 0.5, 0.5, 0.5, 0.5, 0.5, 0.5, 0.5, 0.5, 0.5, 0.5, 0.5, 0.5, 0.5, 0.5, 0.5, 0.5, 0.5, 0.5, 0.5, 0.5, 0.5, 0.5, 0.5, 0.5, 0.5, 0.5, 0.5, 0.5, 0.5, 0.5, 0.5, 0.5, 0.5, 0.5, 0.5, 0.5, 0.5, 0.5, 0.5, 0.5, 0.5, 0.5, 0.5, 0.5, 0.5, 0.5, 0.5, 0.5, 0.5, 0.5, 0.5, 0.5, 0.5, 0.5, 0.5, 0.5, 0.5, 0.5, 0.5, 0.5, 0.5, 0.5, 0.5, 0.5, 0.5, 0.5, 0.5, 0.5, 0.5, 0.5, 0.5, 0.5, 0.5, 0.5, 0.5, 0.5, 0.5, 0.5, 0.5, 0.5, 0.5, 0.5, 0.5, 0.5, 0.5, 0.5, 0.5, 0.5, 0.5, 0.5, 0.5, 0.5, 0.5, 0.5, 0.5, 0.5, 0.5, 0.5, 0.5, 0.5, 0.5, 0.5, 0.5, 0.5, 0.5, 0.5, 0.5, 0.5, 0.5, 0.5, 0.5, 0.5, 0.5, 0.5, 0.5, 0.5, 0.5, 0.5, 0.5, 0.5, 0.5, 0.5, 0.5, 0.5, 0.5, 0.5, 0.5, 0.5, 0.5, 0.5, 0.5, 0.5, 0.5, 0.5, 0.5, 0.5, 0.5, 0.5, 0.5, 0.5, 0.5, 0.5, 0.5, 0.5, 0.5, 0.5, 0.5, 0.5, 0.5, 0.5, 0.5, 0.5, 0.5, 0.5, 0.5, 0.5, 0.5, 0.5, 0.5, 0.5, 0.5, 0.5, 0.5, 0.5, 0.5, 0.5, 0.5, 0.5, 0.5, 0.5, 0.5, 0.5, 0.5, 0.5, 0.5, 0.5, 0.5, 0.5, 0.5, 0.5, 0.5, 0.5, 0.5, 0.5, 0.5, 0.5, 0.5, 0.5, 0.5, 0.5, 0.5, 0.5, 0.5, 0.5, 0.5, 0.5, 0.5, 0.5, 0.5, 0.5, 0.5, 0.5, 0.5, 0.5, 0.5, 0.5, 0.5, 0.5, 0.5, 0.5, 0.5, 0.5, 0.5, 0.5, 0.5, 0.5, 0.5, 0.5, 0.5, 0.5, 0.5, 0.5, 0.5, 0.5, 0.5, 0.5, 0.5, 0.5, 0.5, 0.5, 0.5, 0.5, 0.5, 0.5, 0.5, 0.5, 0.5, 0.5, 0.5, 0.5, 0.5, 0.5, 0.5, 0.5, 0.5, 0.5, 0.5, 0.5, 0.5, 0.5, 0.5, 0.5, 0.5, 0.5, 0.5, 0.5, 0.5, 0.5, 0.5, 0.5, 0.5, 0.5, 0.5, 0.5, 0.5, 0.5, 0.5, 0.5, 0.5, 0.5, 0.5, 0.5, 0.5, 0.5, 0.5, 0.5, 0.5, 0.5, 0.5, 0.5, 0.5, 0.5, 0.5, 0.5, 0.5, 0.5, 0.5, 0.5, 0.5, 0.5, 0.5, 0.5, 0.5, 0.5, 0.5, 0.5, 0.5, 0.5, 0.5, 0.5, 0.5, 0.5, 0.5, 0.5, 0.5, 0.5, 0.5, 0.5, 0.5, 0.5, 0.5, 0.5, 0.5, 0.5, 0.5, 0.5, 0.5, 0.5, 0.5, 0.5, 0.5, 0.5, 0.5, 0.5, 0.5, 0.5, 0.5, 0.5, 0.5, 0.5, 0.5, 0.5, 0.5, 0.5, 0.5, 0.5, 0.5, 0.5, 0.5, 0.5, 0.5, 0.5, 0.5, 0.5, 0.5, 0.5, 0.5, 0.5, 0.5, 0.5, 0.5, 0.5, 0.5, 0.5, 0.5, 0.5, 0.5, 0.5, 0.5, 0.5, 0.5, 0.5, 0.5, 0.5, 0.5, 0.5, 0.5, 0.5, 0.5, 0.5, 0.5, 0.5, 0.5, 0.5, 0.5, 0.5, 0.5, 0.5, 0.5, 0.5, 0.5, 0.5, 0.5, 0.5, 0.5, 0.5, 0.5, 0.5, 0.5, 0.5, 0.5, 0.5, 0.5, 0.5, 0.5, 0.5, 0.5, 0.5, 0.5, 0.5, 0.5, 0.5, 0.5, 0.5, 0.5, 0.5, 0.5, 0.5, 0.5, 0.5, 0.5, 0.5, 0.5, 0.5, 0.5, 0.5, 0.5, 0.5, 0.5, 0.5, 0.5, 0.5, 0.5, 0.5, 0.5, 0.5, 0.5, 0.5, 0.5, 0.5, 0.5, 0.5, 0.5, 0.5, 0.5, 0.5, 0.5, 0.5, 0.5, 0.5, 0.5, 0.5, 0.5, 0.5, 0.5, 0.5, 0.5, 0.5, 0.5, 0.5, 0.5, 0.5, 0.5, 0.5, 0.5, 0.5, 0.5, 0.5, 0.5, 0.5, 0.5, 0.5, 0.5, 0.5, 0.5, 0.5, 0.5, 0.5, 0.5, 0.5, 0.5, 0.5, 0.5, 0.5, 0.5, 0.5, 0.5, 0.5, 0.5, 0.5, 0.5, 0.5, 0.5, 0.5, 0.5, 0.5, 0.5, 0.5, 0.5, 0.5, 0.5, 0.5, 0.5, 0.5, 0.5, 0.5, 0.5, 0.5, 0.5, 0.5, 0.5, 0.5, 0.5, 0.5, 0.5, 0.5, 0.5, 0.5, 0.5, 0.5, 0.5, 0.5, 0.5, 0.5, 0.5, 0.5, 0.5, 0.5, 0.5, 0.5, 0.5, 0.5, 0.5, 0.5, 0.5, 0.5, 0.5, 0.5, 0.5, 0.5, 0.5, 0.5, 0.5, 0.5, 0.5, 0.5, 0.5, 0.5, 0.5, 0.5, 0.5, 0.5, 0.5, 0.5, 0.5, 0.5, 0.5, 0.5, 0.5, 0.5, 0.5, 0.5, 0.5, 0.5, 0.5, 0.5, 0.5, 0.5, 0.5, 0.5, 0.5, 0.5, 0.5, 0.5, 0.5, 0.5, 0.5, 0.5, 0.5, 0.5, 0.5, 0.5, 0.5, 0.5, 0.5, 0.5, 0.5, 0.5, 0.5, 0.5, 0.5, 0.5, 0.5, 0.5, 0.5, 0.5, 0.5, 0.5, 0.5, 0.5, 0.5, 0.5, 0.5, 0.5, 0.5, 0.5, 0.5, 0.5, 0.5, 0.5, 0.5, 0.5, 0.5, 0.5, 0.5, 0.5, 0.5, 0.5, 0.5, 0.5, 0.5, 0.5, 0.5, 0.5, 0.5, 0.5, 0.5, 0.5, 0.5, 0.5, 0.5, 0.5, 0.5, 0.5, 0.5, 0.5, 0.5, 0.5, 0.5, 0.5, 0.5, 0.5, 0.5, 0.5, 0.5, 0.5, 0.5, 0.5, 0.5, 0.5, 0.5, 0.5, 0.5, 0.5, 0.5, 0.5, 0.5, 0.5, 0.5, 0.5, 0.5, 0.5, 0.5, 0.5, 0.5, 0.5, 0.5, 0.5, 0.5, 0.5, 0.5, 0.5, 0.5, 0.5, 0.5, 0.5, 0.5, 0.5, 0.5, 0.5, 0.5, 0.5, 0.5, 0.5, 0.5, 0.5, 0.5, 0.5, 0.5, 0.5, 0.5, 0.5, 0.5, 0.5, 0.5, 0.5, 0.5, 0.5, 0.5, 0.5, 0.5, 0.5, 0.5, 0.5, 0.5, 0.5, 0.5, 0.5, 0.5, 0.5, 0.5, 0.5, 0.5, 0.5, 0.5, 0.5, 0.5, 0.5, 0.5, 0.5, 0.5, 0.5, 0.5, 0.5, 0.5, 0.5, 0.5, 0.5, 0.5, 0.5, 0.5, 0.5, 0.5, 0.5, 0.5, 0.5, 0.5, 0.5, 0.5, 0.5, 0.5, 0.5, 0.5, 0.5, 0.5, 0.5, 0.5, 0.5, 0.5, 0.5, 0.5, 0.5, 0.5, 0.5, 0.5, 0.5, 0.5, 0.5, 0.5, 0.5, 0.5, 0.5, 0.5, 0.5, 0.5, 0.5, 0.5, 0.5, 0.5, 0.5, 0.5, 0.5, 0.5, 0.5, 0.5, 0.5, 0.5, 0.5, 0.5, 0.5, 0.5, 0.5, 0.5, 0.5, 0.5, 0.5, 0.5, 0.5, 0.5, 0.5, 0.5, 0.5, 0.5, 0.5, 0.5, 0.5, 0.5, 0.5, 0.5, 0.5, 0.5, 0.5, 0.5, 0.5, 0.5, 0.5, 0.5, 0.5, 0.5, 0.5, 0.5, 0.5, 0.5, 0.5, 0.5, 0.5, 0.5, 0.5, 0.5, 0.5, 0.5, 0.5, 0.5, 0.5, 0.5, 0.5, 0.5, 0.5, 0.5, 0.5, 0.5, 0.5, 0.5, 0.5, 0.5, 0.5, 0.5, 0.5, 0.5, 0.5, 0.5, 0.5, 0.5, 0.5, 0.5, 0.5, 0.5, 0.5, 0.5, 0.5, 0.5, 0.5, 0.5, 0.5, 0.5, 0.5, 0.5, 0.5, 0.5, 0.5, 0.5, 0.5, 0.5, 0.5, 0.5, 0.5, 0.5, 0.5, 0.5, 0.5, 0.5, 0.5, 0.5, 0.5, 0.5, 0.5, 0.5, 0.5, 0.5, 0.5, 0.5, 0.5, 0.5, 0.5, 0.5, 0.5, 0.5, 0.5, 0.5, 0.5, 0.5, 0.5, 0.5, 0.5, 0.5, 0.5, 0.5, 0.5, 0.5, 0.5, 0.5, 0.5, 0.5, 0.5, 0.5, 0.5, 0.5, 0.5, 0.5, 0.5, 0.5, 0.5, 0.5, 0.5, 0.5, 0.5, 0.5, 0.5, 0.5, 0.5, 0.5, 0.5, 0.5, 0.5, 0.5, 0.5, 0.5, 0.5, 0.5, 0.5, 0.5, 0.5, 0.5, 0.5, 0.5, 0.5, 0.5, 0.5, 0.5, 0.5, 0.5, 0.5, 0.5, 0.5, 0.5, 0.5, 0.5, 0.5, 0.5, 0.5, 0.5, 0.5, 0.5, 0.5, 0.5, 0.5, 0.5, 0.5, 0.5, 0.5, 0.5, 0.5, 0.5, 0.5, 0.5, 0.5, 0.5, 0.5, 0.5, 0.5, 0.5, 0.5, 0.5, 0.5, 0.5, 0.5, 0.5, 0.5, 0.5, 0.5, 0.5, 0.5, 0.5, 0.5, 0.5, 0.5, 0.5, 0.5, 0.5, 0.5, 0.5, 0.5, 0.5, 0.5, 0.5, 0.5, 0.5, 0.5]",3
2026_11_KICE_10-13_3,['1(2)'],"1번: ⓐ는 ""얻는""이 '계산하여 구하다'의 의미로 쓰였고, ⓑ는 ""돌아온다""가 '원래 상태로 회귀하다'의 의미로 쓰였다. (지문 속 근거: ""길이 변화율은 길이의 변화량을 처음 길이로 나누어 얻는 값"", ""처음의 온도로 내리면 띠는 원래 모양으로 돌아온다"")
2번: ⓐ는 '용기를 얻다'로 '감정을 받아들이다'의 의미로 쓰였고, ⓑ는 '차례가 돌아오다'로 '순서가 되다'의 의미로 쓰였다. (지문의 의미와 다름)
3번: ⓐ는 '결과를 얻다'로 '성과를 이루다'의 의미로 쓰였고, ⓑ는 '돌아오다'가 '원래 길로 되돌아오다'의 의미로 쓰였다. (지문의 의미와 다름)
4번: ⓐ는 '보람을 얻다'로 '만족감을 느끼다'의 의미로 쓰였고, ⓑ는 '돌아오다'가 '주기적으로 반복되다'의 의미로 쓰였다. (지문의 의미와 다름)
5번: ⓐ는 '자신감을 얻다'로 '감정을 가지게 되다'의 의미로 쓰였고, ⓑ는 '돌아오다'가 '배당되다'의 의미로 쓰였다. (지문의 의미와 다름)

최종 정답: 1번","[16, 167, 110, 230, 25, 2343, 241, 238, 167, 232, 242, 366, 168, 244, 119, 167, 232, 242, 1, 35975, 112, 705, 166, 111, 226, 168, 224, 108, 47991, 246, 168, 245, 105, 220, 166, 113, 105, 47991, 246, 46695, 97, 6, 35975, 246, 23821, 251, 246, 167, 107, 116, 167, 94, 250, 23821, 241, 108, 168, 246, 222, 166, 111, 254, 11, 2343, 241, 239, 167, 232, 242, 366, 167, 237, 234, 168, 243, 226, 168, 246, 101, 46695, 97, 1, 166, 108, 222, 705, 168, 249, 238, 167, 252, 246, 23821, 225, 223, 169, 225, 250, 167, 94, 250, 220, 169, 248, 234, 166, 115, 222, 47991, 246, 46695, 97, 6, 35975, 246, 23821, 251, 246, 167, 107, 116, 167, 94, 250, 23821, 241, 108, 168, 246, 222, 46695, 97, 13, 357, 168, 100, 222, 167, 105, 116, 23821, 228, 235, 220, 166, 115, 120, 166, 109, 108, 25, 366, 166, 116, 116, 35975, 112, 31619, 111, 222, 169, 247, 242, 168, 250, 101, 35975, 222, 220, 166, 116, 116, 35975, 112, 35975, 246, 31619, 111, 222, 169, 247, 242, 167, 253, 231, 35975, 226, 23821, 110, 246, 35975, 234, 220, 166, 116, 116, 35975, 112, 167, 94, 250, 31619, 224, 246, 167, 230, 226, 168, 244, 112, 23821, 244, 119, 167, 232, 242, 220, 166, 108, 240, 1600, 366, 168, 110, 246, 35975, 234, 35975, 246, 23821, 246, 101, 167, 237, 226, 167, 94, 250, 31619, 224, 112, 167, 99, 105, 167, 102, 112, 31619, 251, 254, 167, 232, 242, 23821, 249, 238, 167, 252, 246, 31619, 103, 101, 168, 244, 239, 168, 250, 120, 167, 94, 250, 31619, 237, 234, 168, 243, 226, 168, 246, 101, 46695, 97, 4943, 198, 17, 167, 110, 230, 25, 2343, 241, 238, 167, 232, 242, 705, 168, 248, 102, 166, 116, 108, 167, 98, 120, 23821, 244, 119, 46695, 97, 6, 167, 94, 250, 705, 166, 108, 238, 168, 254, 243, 35975, 226, 31619, 108, 249, 168, 243, 226, 167, 241, 97, 35975, 112, 46695, 97, 6, 35975, 246, 23821, 251, 246, 167, 107, 116, 167, 94, 250, 23821, 241, 108, 168, 246, 222, 166, 111, 254, 11, 2343, 241, 239, 167, 232, 242, 705, 168, 108, 101, 167, 94, 222, 166, 108, 222, 31619, 237, 234, 168, 243, 226, 168, 246, 97, 46695, 97, 6, 167, 94, 250, 705, 168, 230, 250, 168, 226, 250, 166, 108, 222, 31619, 238, 246, 46695, 97, 6, 35975, 246, 23821, 251, 246, 167, 107, 116, 167, 94, 250, 23821, 241, 108, 168, 246, 222, 46695, 97, 13, 357, 168, 100, 222, 167, 105, 116, 35975, 246, 23821, 251, 246, 167, 107, 116, 168, 247, 222, 31619, 233, 97, 167, 99, 226, 8, 198, 18, 167, 110, 230, 25, 2343, 241, 238, 167, 232, 242, 705, 166, 110, 108, 166, 111, 120, 167, 98, 120, 23821, 244, 119, 46695, 97, 6, 167, 94, 250, 705, 168, 226, 109, 166, 111, 120, 167, 98, 120, 23821, 251, 112, 167, 96, 101, 46695, 97, 6, 35975, 246, 23821, 251, 246, 167, 107, 116, 167, 94, 250, 23821, 241, 108, 168, 246, 222, 166, 111, 254, 11, 2343, 241, 239, 167, 232, 242, 705, 167, 237, 234, 168, 243, 226, 168, 246, 97, 46695, 97, 6, 166, 108, 222, 705, 168, 249, 238, 167, 252, 246, 220, 166, 116, 116, 167, 94, 250, 31619, 238, 246, 167, 237, 234, 168, 243, 226, 168, 246, 97, 46695, 97, 6, 35975, 246, 23821, 251, 246, 167, 107, 116, 167, 94, 250, 23821, 241, 108, 168, 246, 222, 46695, 97, 13, 357, 168, 100, 222, 167, 105, 116, 35975, 246, 23821, 251, 246, 167, 107, 116, 168, 247, 222, 31619, 233, 97, 167, 99, 226, 8, 198, 19, 167, 110, 230, 25, 2343, 241, 238, 167, 232, 242, 705, 167, 111, 112, 167, 252, 234, 35975, 226, 23821, 244, 119, 46695, 97, 6, 167, 94, 250, 705, 167, 100, 234, 168, 94, 109, 166, 108, 238, 35975, 226, 31619, 232, 238, 167, 223, 120, 46695, 97, 6, 35975, 246, 23821, 251, 246, 167, 107, 116, 167, 94, 250, 23821, 241, 108, 168, 246, 222, 166, 111, 254, 11, 2343, 241, 239, 167, 232, 242, 705, 167, 237, 234, 168, 243, 226, 168, 246, 97, 46695, 97, 6, 166, 108, 222, 705, 168, 96, 120, 166, 116, 108, 168, 254, 223, 168, 250, 120, 167, 94, 250, 31619, 108, 246, 167, 111, 113, 167, 238, 246, 46695, 97, 6, 35975, 246, 23821, 251, 246, 167, 107, 116, 167, 94, 250, 23821, 241, 108, 168, 246, 222, 46695, 97, 13, 357, 168, 100, 222, 167, 105, 116, 35975, 246, 23821, 251, 246, 167, 107, 116, 168, 247, 222, 31619, 233, 97, 167, 99, 226, 8, 198, 20, 167, 110, 230, 25, 2343, 241, 238, 167, 232, 242, 705, 168, 252, 238, 168, 233, 254, 166, 108, 238, 35975, 226, 23821, 244, 119, 46695, 97, 6, 167, 94, 250, 705, 166, 108, 238, 168, 254, 243, 35975, 226, 220, 166, 108, 222, 168, 100, 222, 166, 110, 234, 31619, 238, 246, 46695, 97, 6, 35975, 246, 23821, 251, 246, 167, 107, 116, 167, 94, 250, 23821, 241, 108, 168, 246, 222, 166, 111, 254, 11, 2343, 241, 239, 167, 232, 242, 705, 167, 237, 234, 168, 243, 226, 168, 246, 97, 46695, 97, 6, 166, 108, 222, 705, 167, 108, 108, 46695, 117, 167, 238, 246, 46695, 97, 6, 35975, 246, 23821, 251, 246, 167, 107, 116, 167, 94, 250, 23821, 241, 108, 168, 246, 222, 46695, 97, 13, 357, 168, 100, 222, 167, 105, 116, 35975, 246, 23821, 251, 246, 167, 107, 116, 168, 247, 222, 31619, 233, 97, 167, 99, 226, 8, 198, 198, 168, 113, 250, 168, 95, 227, 23821, 254, 243, 46695, 113, 25, 352, 167, 110, 230]","[0.5, 0.5, 0.5, 0.5, 0.5, 0.5, 0.5, 0.5, 0.5, 0.5, 0.5, 0.5, 0.5, 0.5, 0.5, 0.5, 0.5, 0.5, 0.5, 0.5, 0.5, 0.5, 0.5, 0.5, 0.5, 0.5, 0.5, 0.5, 0.5, 0.5, 0.5, 0.5, 0.5, 0.5, 0.5, 0.5, 0.5, 0.5, 0.5, 0.5, 0.5, 0.5, 0.5, 0.5, 0.5, 0.5, 0.5, 0.5, 0.5, 0.5, 0.5, 0.5, 0.5, 0.5, 0.5, 0.5, 0.5, 0.5, 0.5, 0.5, 0.5, 0.5, 0.5, 0.5, 0.5, 0.5, 0.5, 0.5, 0.5, 0.5, 0.5, 0.5, 0.5, 0.5, 0.5, 0.5, 0.5, 0.5, 0.5, 0.5, 0.5, 0.5, 0.5, 0.5, 0.5, 0.5, 0.5, 0.5, 0.5, 0.5, 0.5, 0.5, 0.5, 0.5, 0.5, 0.5, 0.5, 0.5, 0.5, 0.5, 0.5, 0.5, 0.5, 0.5, 0.5, 0.5, 0.5, 0.5, 0.5, 0.5, 0.5, 0.5, 0.5, 0.5, 0.5, 0.5, 0.5, 0.5, 0.5, 0.5, 0.5, 0.5, 0.5, 0.5, 0.5, 0.5, 0.5, 0.5, 0.5, 0.5, 0.5, 0.5, 0.5, 0.5, 0.5, 0.5, 0.5, 0.5, 0.5, 0.5, 0.5, 0.5, 0.5, 0.5, 0.5, 0.5, 0.5, 0.5, 0.5, 0.5, 0.5, 0.5, 0.5, 0.5, 0.5, 0.5, 0.5, 0.5, 0.5, 0.5, 0.5, 0.5, 0.5, 0.5, 0.5, 0.5, 0.5, 0.5, 0.5, 0.5, 0.5, 0.5, 0.5, 0.5, 0.5, 0.5, 0.5, 0.5, 0.5, 0.5, 0.5, 0.5, 0.5, 0.5, 0.5, 0.5, 0.5, 0.5, 0.5, 0.5, 0.5, 0.5, 0.5, 0.5, 0.5, 0.5, 0.5, 0.5, 0.5, 0.5, 0.5, 0.5, 0.5, 0.5, 0.5, 0.5, 0.5, 0.5, 0.5, 0.5, 0.5, 0.5, 0.5, 0.5, 0.5, 0.5, 0.5, 0.5, 0.5, 0.5, 0.5, 0.5, 0.5, 0.5, 0.5, 0.5, 0.5, 0.5, 0.5, 0.5, 0.5, 0.5, 0.5, 0.5, 0.5, 0.5, 0.5, 0.5, 0.5, 0.5, 0.5, 0.5, 0.5, 0.5, 0.5, 0.5, 0.5, 0.5, 0.5, 0.5, 0.5, 0.5, 0.5, 0.5, 0.5, 0.5, 0.5, 0.5, 0.5, 0.5, 0.5, 0.5, 0.5, 0.5, 0.5, 0.5, 0.5, 0.5, 0.5, 0.5, 0.5, 0.5, 0.5, 0.5, 0.5, 0.5, 0.5, 0.5, 0.5, 0.5, 0.5, 0.5, 0.5, 0.5, 0.5, 0.5, 0.5, 0.5, 0.5, 0.5, 0.5, 0.5, 0.5, 0.5, 0.5, 0.5, 0.5, 0.5, 0.5, 0.5, 0.5, 0.5, 0.5, 0.5, 0.5, 0.5, 0.5, 0.5, 0.5, 0.5, 0.5, 0.5, 0.5, 0.5, 0.5, 0.5, 0.5, 0.5, 0.5, 0.5, 0.5, 0.5, 0.5, 0.5, 0.5, 0.5, 0.5, 0.5, 0.5, 0.5, 0.5, 0.5, 0.5, 0.5, 0.5, 0.5, 0.5, 0.5, 0.5, 0.5, 0.5, 0.5, 0.5, 0.5, 0.5, 0.5, 0.5, 0.5, 0.5, 0.5, 0.5, 0.5, 0.5, 0.5, 0.5, 0.5, 0.5, 0.5, 0.5, 0.5, 0.5, 0.5, 0.5, 0.5, 0.5, 0.5, 0.5, 0.5, 0.5, 0.5, 0.5, 0.5, 0.5, 0.5, 0.5, 0.5, 0.5, 0.5, 0.5, 0.5, 0.5, 0.5, 0.5, 0.5, 0.5, 0.5, 0.5, 0.5, 0.5, 0.5, 0.5, 0.5, 0.5, 0.5, 0.5, 0.5, 0.5, 0.5, 0.5, 0.5, 0.5, 0.5, 0.5, 0.5, 0.5, 0.5, 0.5, 0.5, 0.5, 0.5, 0.5, 0.5, 0.5, 0.5, 0.5, 0.5, 0.5, 0.5, 0.5, 0.5, 0.5, 0.5, 0.5, 0.5, 0.5, 0.5, 0.5, 0.5, 0.5, 0.5, 0.5, 0.5, 0.5, 0.5, 0.5, 0.5, 0.5, 0.5, 0.5, 0.5, 0.5, 0.5, 0.5, 0.5, 0.5, 0.5, 0.5, 0.5, 0.5, 0.5, 0.5, 0.5, 0.5, 0.5, 0.5, 0.5, 0.5, 0.5, 0.5, 0.5, 0.5, 0.5, 0.5, 0.5, 0.5, 0.5, 0.5, 0.5, 0.5, 0.5, 0.5, 0.5, 0.5, 0.5, 0.5, 0.5, 0.5, 0.5, 0.5, 0.5, 0.5, 0.5, 0.5, 0.5, 0.5, 0.5, 0.5, 0.5, 0.5, 0.5, 0.5, 0.5, 0.5, 0.5, 0.5, 0.5, 0.5, 0.5, 0.5, 0.5, 0.5, 0.5, 0.5, 0.5, 0.5, 0.5, 0.5, 0.5, 0.5, 0.5, 0.5, 0.5, 0.5, 0.5, 0.5, 0.5, 0.5, 0.5, 0.5, 0.5, 0.5, 0.5, 0.5, 0.5, 0.5, 0.5, 0.5, 0.5, 0.5, 0.5, 0.5, 0.5, 0.5, 0.5, 0.5, 0.5, 0.5, 0.5, 0.5, 0.5, 0.5, 0.5, 0.5, 0.5, 0.5, 0.5, 0.5, 0.5, 0.5, 0.5, 0.5, 0.5, 0.5, 0.5, 0.5, 0.5, 0.5, 0.5, 0.5, 0.5, 0.5, 0.5, 0.5, 0.5, 0.5, 0.5, 0.5, 0.5, 0.5, 0.5, 0.5, 0.5, 0.5, 0.5, 0.5, 0.5, 0.5, 0.5, 0.5, 0.5, 0.5, 0.5, 0.5, 0.5, 0.5, 0.5, 0.5, 0.5, 0.5, 0.5, 0.5, 0.5, 0.5, 0.5, 0.5, 0.5, 0.5, 0.5, 0.5, 0.5, 0.5, 0.5, 0.5, 0.5, 0.5, 0.5, 0.5, 0.5, 0.5, 0.5, 0.5, 0.5, 0.5, 0.5, 0.5, 0.5, 0.5, 0.5, 0.5, 0.5, 0.5, 0.5, 0.5, 0.5, 0.5, 0.5, 0.5, 0.5, 0.5, 0.5, 0.5, 0.5, 0.5, 0.5, 0.5, 0.5, 0.5, 0.5, 0.5, 0.5, 0.5, 0.5, 0.5, 0.5, 0.5, 0.5, 0.5, 0.5, 0.5, 0.5, 0.5, 0.5, 0.5, 0.5, 0.5, 0.5, 0.5, 0.5, 0.5, 0.5, 0.5, 0.5, 0.5, 0.5, 0.5, 0.5, 0.5, 0.5, 0.5, 0.5, 0.5, 0.5, 0.5, 0.5, 0.5, 0.5, 0.5, 0.5, 0.5, 0.5, 0.5, 0.5, 0.5, 0.5, 0.5, 0.5, 0.5, 0.5, 0.5, 0.5, 0.5, 0.5, 0.5, 0.5, 0.5, 0.5, 0.5, 0.5, 0.5, 0.5, 0.5, 0.5, 0.5, 0.5, 0.5, 0.5, 0.5, 0.5, 0.5, 0.5, 0.5, 0.5, 0.5, 0.5, 0.5, 0.5, 0.5, 0.5, 0.5, 0.5, 0.5, 0.5, 0.5, 0.5, 0.5, 0.5, 0.5, 0.5, 0.5, 0.5, 0.5, 0.5, 0.5, 0.5, 0.5, 0.5, 0.5, 0.5, 0.5, 0.5, 0.5, 0.5, 0.5, 0.5, 0.5, 0.5, 0.5, 0.5, 0.5, 0.5, 0.5, 0.5, 0.5, 0.5, 0.5, 0.5, 0.5, 0.5, 0.5, 0.5, 0.5, 0.5, 0.5, 0.5, 0.5, 0.5, 0.5, 0.5, 0.5, 0.5, 0.5, 0.5, 0.5, 0.5, 0.5, 0.5, 0.5, 0.5, 0.5, 0.5, 0.5, 0.5, 0.5, 0.5, 0.5, 0.5, 0.5, 0.5, 0.5, 0.5, 0.5, 0.5, 0.5, 0.5, 0.5, 0.5, 0.5, 0.5, 0.5, 0.5, 0.5, 0.5, 0.5, 0.5, 0.5, 0.5, 0.5, 0.5, 0.5, 0.5, 0.5, 0.5, 0.5, 0.5, 0.5, 0.5, 0.5, 0.5, 0.5, 0.5, 0.5, 0.5, 0.5, 0.5, 0.5, 0.5, 0.5, 0.5, 0.5, 0.5, 0.5, 0.5, 0.5, 0.5, 0.5, 0.5, 0.5, 0.5, 0.5, 0.5, 0.5, 0.5, 0.5, 0.5, 0.5, 0.5, 0.5, 0.5, 0.5, 0.5, 0.5, 0.5, 0.5, 0.5, 0.5, 0.5, 0.5, 0.5, 0.5, 0.5, 0.5, 0.5, 0.5, 0.5, 0.5, 0.5, 0.5, 0.5, 0.5, 0.5, 0.5, 0.5, 0.5, 0.5, 0.5, 0.5, 0.5, 0.5, 0.5, 0.5, 0.5, 0.5, 0.5, 0.5, 0.5, 0.5, 0.5, 0.5, 0.5, 0.5, 0.5, 0.5, 0.5, 0.5, 0.5, 0.5, 0.5, 0.5, 0.5, 0.5, 0.5, 0.5, 0.5, 0.5, 0.5, 0.5, 0.5, 0.5, 0.5, 0.5, 0.5, 0.5, 0.5, 0.5, 0.5, 0.5, 0.5, 0.5, 0.5, 0.5, 0.5, 0.5, 0.5, 0.5, 0.5, 0.5, 0.5, 0.5, 0.5, 0.5, 0.5, 0.5, 0.5, 0.5, 0.5, 0.5, 0.5, 0.5, 0.5, 0.5, 0.5, 0.5, 0.5, 0.5, 0.5, 0.5, 0.5, 0.5, 0.5, 0.5, 0.5, 0.5, 0.5, 0.5, 0.5, 0.5, 0.5, 0.5, 0.5, 0.5]",2
2026_11_KICE_14-17_0,['5(2)'],"1번: (선택지 1번에 대한 답변) 지문과 일치하지 않음. ""자기의식은 '생각하는 나'가 단일한 주관으로서 실제로 존재한다는 것, 즉 '영혼의 실재함'을 보장하지 않고, '영혼이 실재할 가능성'을 열어둘 뿐이다.""

2번: (선택지 2번에 대한 답변) 지문과 일치하지 않음. ""생각의 구성은 시간의 흐름을 따르는데, 이러한 구성은 통시적으로 동일한 인격을 반드시 필요로 한다는 것이다.""

3번: (선택지 3번에 대한 답변) 지문과 일치하지 않음. ""자기의식이 인식을 가능하게 하는 조건이라는 칸트의 견해는 잘못이라는 것이다.""

4번: (선택지 4번에 대한 답변) 지문과 일치함. ""시공간적 세계 안에서 우리의 신체를 매개로 대상이 경험된다는 것은 과학적 사실이며""

5번: (선택지 5번에 대한 답변) 지문과 일치함. ""그러려면 신체가 있고 살아 있어야 하므로, 인격의 동일성의 기준은 각자가 자신의 것이라고 통시적으로 인식하는 신체라고 롱게네스는 주장한다.""

최종 정답: 1번

이유: 
1번은 칸트의 견해와 정반대되는 내용입니다. 칸트는 자기의식이 영혼의 실재를 보장하지 않는다고 분명히 말하고 있습니다. 반면 다른 선택지들은 지문의 내용과 일치하거나(4,5번), 지문과 일치하지 않지만(2,3번) 1번이 가장 명확하게 지문과 모순되는 내용을 담고 있습니다.","[16, 167, 110, 230, 25, 357, 168, 226, 254, 169, 225, 251, 168, 100, 222, 352, 167, 110, 230, 168, 245, 238, 31619, 234, 222, 47991, 250, 31619, 233, 113, 167, 111, 222, 8, 23821, 100, 222, 167, 105, 116, 166, 111, 120, 23821, 251, 120, 168, 117, 246, 47991, 246, 168, 100, 222, 23821, 243, 232, 35975, 234, 13, 366, 168, 252, 238, 166, 116, 108, 35975, 246, 168, 233, 251, 35975, 222, 705, 168, 225, 251, 166, 108, 223, 47991, 246, 167, 232, 242, 31619, 224, 246, 6, 166, 108, 222, 31619, 233, 101, 35975, 120, 47991, 250, 23821, 96, 120, 166, 112, 222, 168, 250, 120, 167, 94, 250, 168, 226, 250, 23821, 233, 97, 168, 254, 250, 167, 94, 250, 23821, 94, 112, 168, 252, 105, 47991, 250, 46695, 97, 167, 232, 242, 220, 166, 110, 225, 11, 23821, 99, 231, 705, 168, 246, 223, 169, 246, 120, 35975, 246, 23821, 233, 97, 168, 252, 105, 47991, 101, 6, 35975, 226, 31619, 111, 112, 168, 252, 98, 47991, 246, 168, 100, 222, 23821, 243, 232, 166, 111, 254, 11, 705, 168, 246, 223, 169, 246, 120, 35975, 112, 23821, 233, 97, 168, 252, 105, 47991, 254, 220, 166, 108, 222, 167, 232, 98, 168, 226, 109, 6, 35975, 226, 23821, 245, 112, 168, 244, 112, 167, 239, 246, 31619, 123, 238, 35975, 112, 46695, 97, 526, 198, 198, 17, 167, 110, 230, 25, 357, 168, 226, 254, 169, 225, 251, 168, 100, 222, 362, 167, 110, 230, 168, 245, 238, 31619, 234, 222, 47991, 250, 31619, 233, 113, 167, 111, 222, 8, 23821, 100, 222, 167, 105, 116, 166, 111, 120, 23821, 251, 120, 168, 117, 246, 47991, 246, 168, 100, 222, 23821, 243, 232, 35975, 234, 13, 366, 168, 225, 251, 166, 108, 223, 35975, 246, 220, 166, 113, 105, 168, 226, 109, 35975, 222, 23821, 233, 250, 166, 108, 226, 35975, 246, 220, 169, 251, 238, 167, 99, 226, 35975, 226, 31619, 242, 108, 167, 98, 112, 167, 232, 242, 167, 235, 108, 11, 23821, 251, 112, 167, 253, 105, 47991, 250, 220, 166, 113, 105, 168, 226, 109, 35975, 222, 220, 169, 228, 113, 168, 233, 250, 168, 254, 223, 168, 250, 120, 167, 94, 250, 31619, 237, 247, 35975, 120, 47991, 250, 23821, 251, 116, 166, 110, 102, 35975, 226, 31619, 108, 246, 167, 241, 250, 168, 233, 250, 220, 47991, 226, 168, 248, 242, 167, 94, 250, 220, 47991, 250, 46695, 97, 167, 232, 242, 220, 166, 110, 225, 35975, 112, 46695, 97, 526, 198, 198, 18, 167, 110, 230, 25, 357, 168, 226, 254, 169, 225, 251, 168, 100, 222, 513, 167, 110, 230, 168, 245, 238, 31619, 234, 222, 47991, 250, 31619, 233, 113, 167, 111, 222, 8, 23821, 100, 222, 167, 105, 116, 166, 111, 120, 23821, 251, 120, 168, 117, 246, 47991, 246, 168, 100, 222, 23821, 243, 232, 35975, 234, 13, 366, 168, 252, 238, 166, 116, 108, 35975, 246, 168, 233, 251, 35975, 112, 23821, 251, 116, 168, 233, 251, 35975, 226, 220, 166, 108, 222, 167, 232, 98, 47991, 246, 166, 110, 234, 220, 47991, 246, 167, 232, 242, 23821, 94, 108, 166, 109, 112, 35975, 112, 167, 251, 120, 167, 232, 242, 23821, 117, 116, 169, 232, 116, 35975, 246, 220, 166, 110, 105, 47991, 112, 167, 232, 242, 23821, 252, 246, 167, 103, 119, 35975, 112, 167, 251, 120, 167, 232, 242, 220, 166, 110, 225, 35975, 112, 46695, 97, 526, 198, 198, 19, 167, 110, 230, 25, 357, 168, 226, 254, 169, 225, 251, 168, 100, 222, 604, 167, 110, 230, 168, 245, 238, 31619, 234, 222, 47991, 250, 31619, 233, 113, 167, 111, 222, 8, 23821, 100, 222, 167, 105, 116, 166, 111, 120, 23821, 251, 120, 168, 117, 246, 47991, 101, 13, 366, 168, 233, 250, 166, 111, 113, 166, 108, 226, 168, 254, 223, 23821, 226, 116, 166, 111, 226, 23821, 243, 230, 168, 245, 238, 168, 226, 250, 23821, 248, 108, 167, 99, 105, 35975, 246, 23821, 233, 254, 168, 110, 112, 167, 98, 120, 31619, 100, 97, 166, 108, 250, 167, 94, 250, 31619, 234, 222, 168, 225, 223, 35975, 112, 220, 166, 110, 121, 169, 245, 246, 167, 238, 250, 46695, 97, 167, 232, 242, 220, 166, 110, 225, 35975, 222, 220, 166, 111, 120, 47991, 247, 168, 254, 223, 23821, 8955, 168, 233, 97, 35975, 112, 167, 102, 108, 1, 198, 198, 20, 167, 110, 230, 25, 357, 168, 226, 254, 169, 225, 251, 168, 100, 222, 642, 167, 110, 230, 168, 245, 238, 31619, 234, 222, 47991, 250, 31619, 233, 113, 167, 111, 222, 8, 23821, 100, 222, 167, 105, 116, 166, 111, 120, 23821, 251, 120, 168, 117, 246, 47991, 101, 13, 366, 166, 115, 116, 167, 253, 105, 167, 254, 97, 167, 102, 112, 23821, 233, 254, 168, 110, 112, 166, 108, 222, 23821, 252, 230, 166, 111, 254, 23821, 224, 112, 168, 243, 226, 23821, 252, 230, 168, 244, 112, 168, 243, 120, 220, 47991, 246, 167, 107, 222, 167, 94, 250, 11, 23821, 251, 116, 166, 110, 102, 35975, 246, 31619, 237, 247, 35975, 120, 168, 226, 109, 35975, 246, 220, 166, 116, 108, 168, 97, 222, 35975, 222, 220, 166, 108, 223, 168, 252, 238, 166, 108, 222, 23821, 252, 238, 168, 233, 254, 35975, 246, 220, 166, 110, 225, 35975, 112, 167, 251, 120, 166, 111, 254, 220, 169, 228, 113, 168, 233, 250, 168, 254, 223, 168, 250, 120, 167, 94, 250, 23821, 251, 116, 168, 233, 251, 47991, 246, 167, 232, 242, 23821, 233, 254, 168, 110, 112, 167, 251, 120, 166, 111, 254, 31619, 94, 109, 166, 110, 234, 167, 226, 97, 168, 232, 97, 167, 232, 242, 23821, 96, 120, 168, 252, 98, 47991, 250, 46695, 97, 526, 198, 198, 168, 113, 250, 168, 95, 227, 23821, 254, 243, 46695, 113, 25, 352, 167, 110, 230, 198, 198, 35975, 112, 168, 250, 254, 25, 220, 198, 16, 167, 110, 230, 35975, 222, 23821, 117, 116, 169, 232, 116, 35975, 246, 220, 166, 110, 105, 47991, 112, 168, 247, 222, 23821, 254, 243, 167, 108, 246, 167, 234, 222, 167, 238, 246, 167, 232, 242, 31619, 224, 112, 168, 248, 102, 168, 252, 227, 46695, 230, 46695, 97, 13, 23821, 117, 116, 169, 232, 116, 167, 232, 242, 23821, 252, 238, 166, 116, 108, 35975, 246, 168, 233, 251, 35975, 112, 23821, 246, 223, 169, 246, 120, 35975, 246, 23821, 233, 97, 168, 252, 105, 167, 98, 120, 31619, 111, 112, 168, 252, 98, 47991, 246, 168, 100, 222, 23821, 243, 232, 167, 232, 242, 46695, 97, 166, 111, 254, 31619, 114, 226, 167, 103, 227, 169, 252, 230, 31619, 100, 238, 47991, 246, 166, 111, 254, 23821, 252, 230, 168, 232, 113, 46695, 230, 46695, 97, 13, 31619, 108, 246, 167, 102, 112, 31619, 233, 97, 167, 98, 116, 23821, 226, 254, 169, 225, 251, 168, 100, 222, 167, 241, 97, 35975, 222, 23821, 100, 222, 167, 105, 116, 35975, 246, 31619, 224, 112, 168, 248, 102, 166, 111, 120, 23821, 251, 120, 168, 117, 246, 47991, 246, 166, 109, 108, 167, 224, 246, 7, 19, 11, 20, 167, 110, 230, 828, 23821, 100, 222, 167, 105, 116, 166, 111, 120, 23821, 251, 120, 168, 117, 246, 47991, 246, 168, 100, 222, 23821, 243, 232, 168, 100, 222, 167, 100, 234, 7, 17, 11, 18, 167, 110, 230, 8, 352, 167, 110, 230, 35975, 112, 220, 166, 108, 222, 168, 252, 98, 31619, 103, 227, 169, 247, 243, 47991, 246, 166, 110, 234, 23821, 100, 222, 167, 105, 116, 166, 111, 120, 31619, 103, 101, 168, 230, 250, 167, 238, 246, 167, 232, 242, 31619, 224, 112, 168, 248, 102, 35975, 226, 31619, 233, 112, 166, 111, 254, 23821, 252, 230, 168, 232, 113, 46695, 230, 46695, 97, 13]","[0.5, 0.5, 0.5, 0.5, 0.5, 0.5, 0.5, 0.5, 0.5, 0.5, 0.5, 0.5, 0.5, 0.5, 0.5, 0.5, 0.5, 0.5, 0.5, 0.5, 0.5, 0.5, 0.5, 0.5, 0.5, 0.5, 0.5, 0.5, 0.5, 0.5, 0.5, 0.5, 0.5, 0.5, 0.5, 0.5, 0.5, 0.5, 0.5, 0.5, 0.5, 0.5, 0.5, 0.5, 0.5, 0.5, 0.5, 0.5, 0.5, 0.5, 0.5, 0.5, 0.5, 0.5, 0.5, 0.5, 0.5, 0.5, 0.5, 0.5, 0.5, 0.5, 0.5, 0.5, 0.5, 0.5, 0.5, 0.5, 0.5, 0.5, 0.5, 0.5, 0.5, 0.5, 0.5, 0.5, 0.5, 0.5, 0.5, 0.5, 0.5, 0.5, 0.5, 0.5, 0.5, 0.5, 0.5, 0.5, 0.5, 0.5, 0.5, 0.5, 0.5, 0.5, 0.5, 0.5, 0.5, 0.5, 0.5, 0.5, 0.5, 0.5, 0.5, 0.5, 0.5, 0.5, 0.5, 0.5, 0.5, 0.5, 0.5, 0.5, 0.5, 0.5, 0.5, 0.5, 0.5, 0.5, 0.5, 0.5, 0.5, 0.5, 0.5, 0.5, 0.5, 0.5, 0.5, 0.5, 0.5, 0.5, 0.5, 0.5, 0.5, 0.5, 0.5, 0.5, 0.5, 0.5, 0.5, 0.5, 0.5, 0.5, 0.5, 0.5, 0.5, 0.5, 0.5, 0.5, 0.5, 0.5, 0.5, 0.5, 0.5, 0.5, 0.5, 0.5, 0.5, 0.5, 0.5, 0.5, 0.5, 0.5, 0.5, 0.5, 0.5, 0.5, 0.5, 0.5, 0.5, 0.5, 0.5, 0.5, 0.5, 0.5, 0.5, 0.5, 0.5, 0.5, 0.5, 0.5, 0.5, 0.5, 0.5, 0.5, 0.5, 0.5, 0.5, 0.5, 0.5, 0.5, 0.5, 0.5, 0.5, 0.5, 0.5, 0.5, 0.5, 0.5, 0.5, 0.5, 0.5, 0.5, 0.5, 0.5, 0.5, 0.5, 0.5, 0.5, 0.5, 0.5, 0.5, 0.5, 0.5, 0.5, 0.5, 0.5, 0.5, 0.5, 0.5, 0.5, 0.5, 0.5, 0.5, 0.5, 0.5, 0.5, 0.5, 0.5, 0.5, 0.5, 0.5, 0.5, 0.5, 0.5, 0.5, 0.5, 0.5, 0.5, 0.5, 0.5, 0.5, 0.5, 0.5, 0.5, 0.5, 0.5, 0.5, 0.5, 0.5, 0.5, 0.5, 0.5, 0.5, 0.5, 0.5, 0.5, 0.5, 0.5, 0.5, 0.5, 0.5, 0.5, 0.5, 0.5, 0.5, 0.5, 0.5, 0.5, 0.5, 0.5, 0.5, 0.5, 0.5, 0.5, 0.5, 0.5, 0.5, 0.5, 0.5, 0.5, 0.5, 0.5, 0.5, 0.5, 0.5, 0.5, 0.5, 0.5, 0.5, 0.5, 0.5, 0.5, 0.5, 0.5, 0.5, 0.5, 0.5, 0.5, 0.5, 0.5, 0.5, 0.5, 0.5, 0.5, 0.5, 0.5, 0.5, 0.5, 0.5, 0.5, 0.5, 0.5, 0.5, 0.5, 0.5, 0.5, 0.5, 0.5, 0.5, 0.5, 0.5, 0.5, 0.5, 0.5, 0.5, 0.5, 0.5, 0.5, 0.5, 0.5, 0.5, 0.5, 0.5, 0.5, 0.5, 0.5, 0.5, 0.5, 0.5, 0.5, 0.5, 0.5, 0.5, 0.5, 0.5, 0.5, 0.5, 0.5, 0.5, 0.5, 0.5, 0.5, 0.5, 0.5, 0.5, 0.5, 0.5, 0.5, 0.5, 0.5, 0.5, 0.5, 0.5, 0.5, 0.5, 0.5, 0.5, 0.5, 0.5, 0.5, 0.5, 0.5, 0.5, 0.5, 0.5, 0.5, 0.5, 0.5, 0.5, 0.5, 0.5, 0.5, 0.5, 0.5, 0.5, 0.5, 0.5, 0.5, 0.5, 0.5, 0.5, 0.5, 0.5, 0.5, 0.5, 0.5, 0.5, 0.5, 0.5, 0.5, 0.5, 0.5, 0.5, 0.5, 0.5, 0.5, 0.5, 0.5, 0.5, 0.5, 0.5, 0.5, 0.5, 0.5, 0.5, 0.5, 0.5, 0.5, 0.5, 0.5, 0.5, 0.5, 0.5, 0.5, 0.5, 0.5, 0.5, 0.5, 0.5, 0.5, 0.5, 0.5, 0.5, 0.5, 0.5, 0.5, 0.5, 0.5, 0.5, 0.5, 0.5, 0.5, 0.5, 0.5, 0.5, 0.5, 0.5, 0.5, 0.5, 0.5, 0.5, 0.5, 0.5, 0.5, 0.5, 0.5, 0.5, 0.5, 0.5, 0.5, 0.5, 0.5, 0.5, 0.5, 0.5, 0.5, 0.5, 0.5, 0.5, 0.5, 0.5, 0.5, 0.5, 0.5, 0.5, 0.5, 0.5, 0.5, 0.5, 0.5, 0.5, 0.5, 0.5, 0.5, 0.5, 0.5, 0.5, 0.5, 0.5, 0.5, 0.5, 0.5, 0.5, 0.5, 0.5, 0.5, 0.5, 0.5, 0.5, 0.5, 0.5, 0.5, 0.5, 0.5, 0.5, 0.5, 0.5, 0.5, 0.5, 0.5, 0.5, 0.5, 0.5, 0.5, 0.5, 0.5, 0.5, 0.5, 0.5, 0.5, 0.5, 0.5, 0.5, 0.5, 0.5, 0.5, 0.5, 0.5, 0.5, 0.5, 0.5, 0.5, 0.5, 0.5, 0.5, 0.5, 0.5, 0.5, 0.5, 0.5, 0.5, 0.5, 0.5, 0.5, 0.5, 0.5, 0.5, 0.5, 0.5, 0.5, 0.5, 0.5, 0.5, 0.5, 0.5, 0.5, 0.5, 0.5, 0.5, 0.5, 0.5, 0.5, 0.5, 0.5, 0.5, 0.5, 0.5, 0.5, 0.5, 0.5, 0.5, 0.5, 0.5, 0.5, 0.5, 0.5, 0.5, 0.5, 0.5, 0.5, 0.5, 0.5, 0.5, 0.5, 0.5, 0.5, 0.5, 0.5, 0.5, 0.5, 0.5, 0.5, 0.5, 0.5, 0.5, 0.5, 0.5, 0.5, 0.5, 0.5, 0.5, 0.5, 0.5, 0.5, 0.5, 0.5, 0.5, 0.5, 0.5, 0.5, 0.5, 0.5, 0.5, 0.5, 0.5, 0.5, 0.5, 0.5, 0.5, 0.5, 0.5, 0.5, 0.5, 0.5, 0.5, 0.5, 0.5, 0.5, 0.5, 0.5, 0.5, 0.5, 0.5, 0.5, 0.5, 0.5, 0.5, 0.5, 0.5, 0.5, 0.5, 0.5, 0.5, 0.5, 0.5, 0.5, 0.5, 0.5, 0.5, 0.5, 0.5, 0.5, 0.5, 0.5, 0.5, 0.5, 0.5, 0.5, 0.5, 0.5, 0.5, 0.5, 0.5, 0.5, 0.5, 0.5, 0.5, 0.5, 0.5, 0.5, 0.5, 0.5, 0.5, 0.5, 0.5, 0.5, 0.5, 0.5, 0.5, 0.5, 0.5, 0.5, 0.5, 0.5, 0.5, 0.5, 0.5, 0.5, 0.5, 0.5, 0.5, 0.5, 0.5, 0.5, 0.5, 0.5, 0.5, 0.5, 0.5, 0.5, 0.5, 0.5, 0.5, 0.5, 0.5, 0.5, 0.5, 0.5, 0.5, 0.5, 0.5, 0.5, 0.5, 0.5, 0.5, 0.5, 0.5, 0.5, 0.5, 0.5, 0.5, 0.5, 0.5, 0.5, 0.5, 0.5, 0.5, 0.5, 0.5, 0.5, 0.5, 0.5, 0.5, 0.5, 0.5, 0.5, 0.5, 0.5, 0.5, 0.5, 0.5, 0.5, 0.5, 0.5, 0.5, 0.5, 0.5, 0.5, 0.5, 0.5, 0.5, 0.5, 0.5, 0.5, 0.5, 0.5, 0.5, 0.5, 0.5, 0.5, 0.5, 0.5, 0.5, 0.5, 0.5, 0.5, 0.5, 0.5, 0.5, 0.5, 0.5, 0.5, 0.5, 0.5, 0.5, 0.5, 0.5, 0.5, 0.5, 0.5, 0.5, 0.5, 0.5, 0.5, 0.5, 0.5, 0.5, 0.5, 0.5, 0.5, 0.5, 0.5, 0.5, 0.5, 0.5, 0.5, 0.5, 0.5, 0.5, 0.5, 0.5, 0.5, 0.5, 0.5, 0.5, 0.5, 0.5, 0.5, 0.5, 0.5, 0.5, 0.5, 0.5, 0.5, 0.5, 0.5, 0.5, 0.5, 0.5, 0.5, 0.5, 0.5, 0.5, 0.5, 0.5, 0.5, 0.5, 0.5, 0.5, 0.5, 0.5, 0.5, 0.5, 0.5, 0.5, 0.5, 0.5, 0.5, 0.5, 0.5, 0.5, 0.5, 0.5, 0.5, 0.5, 0.5, 0.5, 0.5, 0.5, 0.5, 0.5, 0.5, 0.5, 0.5, 0.5, 0.5, 0.5, 0.5, 0.5, 0.5, 0.5, 0.5, 0.5, 0.5, 0.5, 0.5, 0.5, 0.5, 0.5, 0.5, 0.5, 0.5, 0.5, 0.5, 0.5, 0.5, 0.5, 0.5, 0.5, 0.5, 0.5, 0.5, 0.5, 0.5, 0.5, 0.5, 0.5, 0.5, 0.5, 0.5, 0.5, 0.5, 0.5, 0.5, 0.5, 0.5, 0.5, 0.5, 0.5, 0.5, 0.5, 0.5, 0.5, 0.5, 0.5, 0.5, 0.5, 0.5, 0.5, 0.5, 0.5, 0.5, 0.5, 0.5, 0.5, 0.5, 0.5, 0.5, 0.5, 0.5, 0.5, 0.5, 0.5, 0.5, 0.5, 0.5, 0.5, 0.5, 0.5, 0.5, 0.5, 0.5, 0.5, 0.5, 0.5, 0.5, 0.5, 0.5, 0.5, 0.5, 0.5, 0.5, 0.5, 0.5, 0.5, 0.5, 0.5, 0.5, 0.5, 0.5, 0.5, 0.5, 0.5, 0.5, 0.5, 0.5, 0.5, 0.5, 0.5, 0.5, 0.5, 0.5, 0.5, 0.5, 0.5, 0.5, 0.5, 0.5, 0.5, 0.5, 0.5, 0.5, 0.5, 0.5, 0.5, 0.5, 0.5, 0.5, 0.5, 0.5, 0.5, 0.5, 0.5, 0.5, 0.5, 0.5, 0.5, 0.5, 0.5, 0.5, 0.5, 0.5, 0.5, 0.5, 0.5, 0.5, 0.5, 0.5, 0.5, 0.5, 0.5, 0.5, 0.5, 0.5, 0.5, 0.5, 0.5, 0.5, 0.5, 0.5, 0.5, 0.5, 0.5, 0.5, 0.5, 0.5, 0.5, 0.5, 0.5, 0.5, 0.5, 0.5, 0.5, 0.5, 0.5, 0.5, 0.5, 0.5, 0.5, 0.5, 0.5, 0.5, 0.5, 0.5, 0.5, 0.5, 0.5, 0.5, 0.5, 0.5, 0.5, 0.5, 0.5, 0.5, 0.5, 0.5, 0.5, 0.5, 0.5, 0.5, 0.5, 0.5, 0.5, 0.5, 0.5, 0.5, 0.5, 0.5, 0.5, 0.5, 0.5, 0.5, 0.5, 0.5, 0.5, 0.5, 0.5, 0.5, 0.5, 0.5, 0.5, 0.5, 0.5, 0.5, 0.5, 0.5, 0.5, 0.5, 0.5, 0.5, 0.5, 0.5, 0.5, 0.5, 0.5, 0.5, 0.5, 0.5, 0.5, 0.5, 0.5, 0.5, 0.5, 0.5, 0.5, 0.5, 0.5, 0.5, 0.5, 0.5, 0.5, 0.5, 0.5, 0.5, 0.5, 0.5, 0.5, 0.5, 0.5, 0.5, 0.5, 0.5, 0.5, 0.5, 0.5, 0.5, 0.5, 0.5, 0.5, 0.5, 0.5, 0.5, 0.5, 0.5, 0.5, 0.5, 0.5, 0.5, 0.5, 0.5, 0.5, 0.5, 0.5, 0.5, 0.5, 0.5, 0.5, 0.5, 0.5, 0.5, 0.5, 0.5, 0.5, 0.5, 0.5, 0.5, 0.5, 0.5, 0.5, 0.5, 0.5, 0.5, 0.5, 0.5, 0.5, 0.5, 0.5, 0.5, 0.5, 0.5, 0.5, 0.5, 0.5, 0.5, 0.5, 0.5, 0.5, 0.5, 0.5, 0.5, 0.5, 0.5, 0.5, 0.5, 0.5, 0.5, 0.5, 0.5, 0.5, 0.5, 0.5, 0.5, 0.5, 0.5, 0.5, 0.5, 0.5, 0.5, 0.5, 0.5, 0.5, 0.5, 0.5, 0.5, 0.5, 0.5, 0.5, 0.5, 0.5, 0.5, 0.5, 0.5, 0.5, 0.5, 0.5, 0.5, 0.5, 0.5, 0.5, 0.5, 0.5, 0.5, 0.5, 0.5, 0.5, 0.5, 0.5, 0.5, 0.5, 0.5, 0.5, 0.5, 0.5, 0.5, 0.5, 0.5, 0.5, 0.5, 0.5, 0.5, 0.5, 0.5, 0.5, 0.5, 0.5, 0.5, 0.5, 0.5, 0.5, 0.5, 0.5, 0.5, 0.5, 0.5, 0.5, 0.5, 0.5, 0.5, 0.5, 0.5, 0.5, 0.5, 0.5, 0.5, 0.5, 0.5, 0.5, 0.5, 0.5, 0.5, 0.5, 0.5, 0.5, 0.5, 0.5, 0.5, 0.5, 0.5, 0.5, 0.5, 0.5, 0.5, 0.5, 0.5, 0.5, 0.5, 0.5, 0.5, 0.5, 0.5, 0.5, 0.5, 0.5, 0.5, 0.5, 0.5, 0.5, 0.5, 0.5, 0.5, 0.5, 0.5, 0.5, 0.5, 0.5, 0.5, 0.5, 0.5, 0.5, 0.5, 0.5, 0.5, 0.5, 0.5, 0.5, 0.5]",0
2026_11_KICE_14-17_1,['1(2)'],"1번: '두 전제'를 연결하는 개념은 '의식'인데, 첫 번째 전제의 의식은 실제 존재에 대한 의식이고, 두 번째 전제의 의식은 실재성을 보장하지 않는 자기의식이라는 점에서 다르다. (지문 속 근거: ""첫 번째 전제에 등장하는 '의식'은 실제로 존재하는 무언가에 대해 의식한다는 뜻이지만, '생각하는 나는 생각한다.'와 다름없는 두 번째 전제에 등장하는 '의식'은 무언가가 꼭 실재함을 뜻하지는 않기 때문이다."")

2번: [A] 단락에서는 이 가정에 대한 직접적인 반박이 다루어지지 않았다. (지문 속 근거: 해당 내용 없음)

3번: [A] 단락에서는 영혼의 실재 가능성이 열려 있다는 점을 인정하고 있으므로, 이에 대한 반대 근거는 제시되지 않았다. (지문 속 근거: ""자기의식은 '생각하는 나'가 단일한 주관으로서 실제로 존재한다는 것, 즉 '영혼의 실재함'을 보장하지 않고, '영혼이 실재할 가능성'을 열어둘 뿐이다."")

4번: [A] 단락에서는 오히려 직접 증명 대신 가정의 필요성을 주장하고 있으므로, 이와 관련된 내용은 없다. (지문 속 근거: 해당 내용 없음)

5번: [A] 단락에서는 이에 대한 구체적인 근거를 제시하지 않았다. (지문 속 근거: 해당 내용 없음)

최종 정답: 1번

해설: [A] 단락의 핵심 내용은 두 전제의 '의식' 개념이 실재성과 관련하여 어떻게 다른지를 설명하고 있습니다. 첫 번째 전제의 의식은 실제 존재를 전제로 하는 반면, 두 번째 전제의 의식은 단순한 사고의 주체로서의 자의식을 의미하며 실재성을 보장하지 않는다는 점을 명확히 하고 있습니다. 따라서 이 내용을 가장 잘 묻고 있는 1번이 정답입니다.","[16, 167, 110, 230, 25, 705, 167, 239, 238, 23821, 254, 226, 168, 254, 250, 6, 167, 98, 120, 23821, 245, 108, 166, 110, 108, 47991, 246, 167, 232, 242, 220, 166, 108, 250, 167, 227, 238, 35975, 222, 705, 35975, 246, 168, 233, 251, 6, 35975, 116, 167, 235, 108, 11, 23821, 110, 104, 31619, 110, 230, 168, 100, 116, 23821, 254, 226, 168, 254, 250, 35975, 246, 23821, 251, 246, 168, 233, 251, 35975, 222, 23821, 233, 97, 168, 254, 250, 23821, 94, 112, 168, 252, 105, 168, 245, 238, 31619, 234, 222, 47991, 250, 23821, 251, 246, 168, 233, 251, 35975, 112, 166, 111, 254, 11, 31619, 239, 238, 31619, 110, 230, 168, 100, 116, 23821, 254, 226, 168, 254, 250, 35975, 246, 23821, 251, 246, 168, 233, 251, 35975, 222, 23821, 233, 97, 168, 252, 105, 168, 226, 109, 35975, 226, 31619, 111, 112, 168, 252, 98, 47991, 246, 168, 100, 222, 23821, 243, 232, 167, 232, 242, 23821, 252, 238, 166, 116, 108, 35975, 246, 168, 233, 251, 35975, 112, 167, 251, 120, 167, 232, 242, 23821, 254, 238, 168, 245, 238, 168, 226, 250, 31619, 233, 97, 167, 98, 112, 46695, 97, 13, 357, 168, 100, 222, 167, 105, 116, 23821, 228, 235, 220, 166, 115, 120, 166, 109, 108, 25, 366, 168, 110, 104, 31619, 110, 230, 168, 100, 116, 23821, 254, 226, 168, 254, 250, 168, 245, 238, 31619, 241, 109, 168, 252, 98, 47991, 246, 167, 232, 242, 705, 35975, 246, 168, 233, 251, 6, 35975, 222, 23821, 233, 97, 168, 254, 250, 167, 94, 250, 23821, 94, 112, 168, 252, 105, 47991, 246, 167, 232, 242, 31619, 105, 112, 168, 244, 116, 166, 108, 222, 168, 245, 238, 31619, 234, 222, 47991, 112, 23821, 251, 246, 168, 233, 251, 47991, 250, 46695, 97, 167, 232, 242, 31619, 250, 119, 35975, 112, 168, 100, 222, 167, 100, 234, 11, 705, 168, 225, 251, 166, 108, 223, 47991, 246, 167, 232, 242, 31619, 224, 246, 167, 232, 242, 23821, 225, 251, 166, 108, 223, 47991, 250, 46695, 97, 2637, 168, 247, 222, 31619, 233, 97, 167, 99, 226, 168, 245, 228, 167, 232, 242, 31619, 239, 238, 31619, 110, 230, 168, 100, 116, 23821, 254, 226, 168, 254, 250, 168, 245, 238, 31619, 241, 109, 168, 252, 98, 47991, 246, 167, 232, 242, 705, 35975, 246, 168, 233, 251, 6, 35975, 222, 31619, 105, 112, 168, 244, 116, 166, 108, 222, 166, 108, 222, 220, 166, 120, 255, 23821, 233, 97, 168, 252, 105, 47991, 101, 35975, 226, 31619, 250, 119, 47991, 246, 168, 100, 222, 167, 232, 242, 23821, 243, 232, 166, 116, 108, 31619, 243, 234, 167, 105, 116, 35975, 112, 46695, 97, 19570, 198, 198, 17, 167, 110, 230, 25, 685, 32, 60, 31619, 233, 101, 167, 251, 121, 168, 245, 238, 168, 226, 250, 167, 232, 242, 23821, 251, 112, 220, 166, 108, 222, 168, 254, 243, 168, 245, 238, 31619, 234, 222, 47991, 250, 23821, 100, 223, 168, 254, 239, 168, 254, 223, 35975, 116, 31619, 108, 246, 167, 108, 243, 35975, 112, 31619, 233, 97, 167, 96, 101, 168, 244, 112, 168, 100, 222, 168, 100, 222, 23821, 243, 232, 168, 243, 246, 46695, 97, 13, 357, 168, 100, 222, 167, 105, 116, 23821, 228, 235, 220, 166, 115, 120, 166, 109, 108, 25, 220, 47991, 112, 46695, 117, 31619, 224, 112, 168, 248, 102, 23821, 245, 228, 35975, 234, 8, 198, 198, 18, 167, 110, 230, 25, 685, 32, 60, 31619, 233, 101, 167, 251, 121, 168, 245, 238, 168, 226, 250, 167, 232, 242, 23821, 246, 223, 169, 246, 120, 35975, 246, 23821, 233, 97, 168, 252, 105, 220, 166, 108, 222, 167, 232, 98, 168, 226, 109, 35975, 112, 23821, 245, 112, 167, 254, 97, 23821, 252, 230, 46695, 97, 167, 232, 242, 23821, 254, 238, 35975, 226, 23821, 251, 116, 168, 254, 243, 47991, 246, 166, 111, 254, 23821, 252, 230, 168, 250, 120, 167, 107, 222, 167, 94, 250, 11, 23821, 251, 112, 168, 245, 238, 31619, 234, 222, 47991, 250, 31619, 108, 246, 167, 234, 222, 220, 166, 115, 120, 166, 109, 108, 167, 232, 242, 23821, 254, 250, 168, 233, 250, 167, 238, 246, 168, 100, 222, 23821, 243, 232, 168, 243, 246, 46695, 97, 13, 357, 168, 100, 222, 167, 105, 116, 23821, 228, 235, 220, 166, 115, 120, 166, 109, 108, 25, 366, 168, 252, 238, 166, 116, 108, 35975, 246, 168, 233, 251, 35975, 222, 705, 168, 225, 251, 166, 108, 223, 47991, 246, 167, 232, 242, 31619, 224, 246, 6, 166, 108, 222, 31619, 233, 101, 35975, 120, 47991, 250, 23821, 96, 120, 166, 112, 222, 168, 250, 120, 167, 94, 250, 168, 226, 250, 23821, 233, 97, 168, 254, 250, 167, 94, 250, 23821, 94, 112, 168, 252, 105, 47991, 250, 46695, 97, 167, 232, 242, 220, 166, 110, 225, 11, 23821, 99, 231, 705, 168, 246, 223, 169, 246, 120, 35975, 246, 23821, 233, 97, 168, 252, 105, 47991, 101, 6, 35975, 226, 31619, 111, 112, 168, 252, 98, 47991, 246, 168, 100, 222, 23821, 243, 232, 166, 111, 254, 11, 705, 168, 246, 223, 169, 246, 120, 35975, 112, 23821, 233, 97, 168, 252, 105, 47991, 254, 220, 166, 108, 222, 167, 232, 98, 168, 226, 109, 6, 35975, 226, 23821, 245, 112, 168, 244, 112, 167, 239, 246, 31619, 123, 238, 35975, 112, 46695, 97, 19570, 198, 198, 19, 167, 110, 230, 25, 685, 32, 60, 31619, 233, 101, 167, 251, 121, 168, 245, 238, 168, 226, 250, 167, 232, 242, 23821, 246, 97, 169, 252, 230, 167, 254, 97, 23821, 100, 223, 168, 254, 239, 23821, 99, 251, 167, 103, 227, 31619, 234, 222, 168, 233, 254, 220, 166, 108, 222, 168, 254, 243, 35975, 246, 220, 47991, 226, 168, 248, 242, 168, 226, 109, 35975, 226, 23821, 96, 120, 168, 252, 98, 47991, 246, 166, 111, 254, 23821, 252, 230, 168, 250, 120, 167, 107, 222, 167, 94, 250, 11, 23821, 251, 112, 168, 247, 222, 220, 166, 112, 222, 167, 254, 101, 167, 238, 250, 31619, 224, 112, 168, 248, 102, 35975, 222, 23821, 245, 228, 46695, 97, 13, 357, 168, 100, 222, 167, 105, 116, 23821, 228, 235, 220, 166, 115, 120, 166, 109, 108, 25, 220, 47991, 112, 46695, 117, 31619, 224, 112, 168, 248, 102, 23821, 245, 228, 35975, 234, 8, 198, 198, 20, 167, 110, 230, 25, 685, 32, 60, 31619, 233, 101, 167, 251, 121, 168, 245, 238, 168, 226, 250, 167, 232, 242, 23821, 251, 112, 168, 245, 238, 31619, 234, 222, 47991, 250, 220, 166, 113, 105, 168, 110, 112, 168, 254, 223, 35975, 116, 220, 166, 115, 120, 166, 109, 108, 167, 98, 120, 23821, 254, 250, 168, 233, 250, 47991, 246, 168, 100, 222, 23821, 243, 232, 168, 243, 246, 46695, 97, 13, 357, 168, 100, 222, 167, 105, 116, 23821, 228, 235, 220, 166, 115, 120, 166, 109, 108, 25, 220, 47991, 112, 46695, 117, 31619, 224, 112, 168, 248, 102, 23821, 245, 228, 35975, 234, 8, 198, 198, 168, 113, 250, 168, 95, 227, 23821, 254, 243, 46695, 113, 25, 352, 167, 110, 230, 198, 198, 47991, 112, 168, 226, 97, 25, 685, 32, 60, 31619, 233, 101, 167, 251, 121, 35975, 246, 220, 47991, 113, 168, 233, 105, 31619, 224, 112, 168, 248, 102, 35975, 222, 31619, 239, 238, 23821, 254, 226, 168, 254, 250, 35975, 246, 705, 35975, 246, 168, 233, 251, 6, 220, 166, 108, 250, 167, 227, 238, 35975, 112, 23821, 233, 97, 168, 252, 105, 168, 226, 109, 166, 111, 120, 220, 166, 112, 222, 167, 254, 101, 47991, 246, 168, 245, 105, 23821, 244, 112, 167, 244, 119, 166, 110, 234, 31619, 233, 97, 167, 98, 116, 168, 100, 222, 167, 98, 120, 23821, 226, 97, 167, 103, 227, 47991, 246, 166, 111, 254, 23821, 252, 230, 168, 232, 113, 46695, 230, 46695, 97, 13, 23821, 110, 104, 31619, 110, 230, 168, 100, 116, 23821, 254, 226, 168, 254, 250, 35975, 246, 23821, 251, 246, 168, 233, 251, 35975, 222, 23821, 233, 97, 168, 254, 250, 23821, 94, 112, 168, 252, 105, 167, 98, 120, 23821, 254, 226, 168, 254, 250, 167, 94, 250, 220, 47991, 246, 167, 232, 242, 31619, 108, 246, 167, 102, 112, 11, 31619, 239, 238, 31619, 110, 230, 168, 100, 116, 23821, 254, 226, 168, 254, 250, 35975, 246, 23821, 251, 246, 168, 233, 251, 35975, 222, 31619, 233, 101, 168, 230, 250, 47991, 250, 23821, 8955, 166, 111, 254, 35975, 246, 23821, 96, 120, 168, 110, 112, 167, 94, 250, 168, 226, 250, 35975, 246, 23821, 252, 238, 35975, 246, 168, 233, 251, 35975, 226, 23821, 251, 246, 167, 107, 116, 47991, 246, 167, 102, 108, 23821, 233, 97, 168, 252, 105, 168, 226, 109, 35975, 226, 31619, 111, 112, 168, 252, 98, 47991, 246, 168, 100, 222, 23821, 243, 232, 167, 232, 242, 46695, 97, 167, 232, 242, 23821, 254, 238, 35975, 226, 31619, 103, 227, 169, 247, 243, 169, 252, 230, 220, 47991, 246, 166, 111, 254, 23821, 252, 230, 168, 232, 113, 46695, 230, 46695, 97, 13, 31619, 242, 108, 167, 251, 120, 168, 226, 250, 23821, 251, 112, 31619, 224, 112, 168, 248, 102, 35975, 226, 220, 166, 108, 222, 168, 252, 98, 23821, 252, 246, 31619, 105, 119, 166, 111, 254, 23821, 252, 230, 167, 232, 242, 352, 167, 110, 230, 35975, 112, 23821, 254, 243, 46695, 113, 168, 252, 227, 46695, 230, 46695, 97, 13]","[0.5, 0.5, 0.5, 0.5, 0.5, 0.5, 0.5, 0.5, 0.5, 0.5, 0.5, 0.5, 0.5, 0.5, 0.5, 0.5, 0.5, 0.5, 0.5, 0.5, 0.5, 0.5, 0.5, 0.5, 0.5, 0.5, 0.5, 0.5, 0.5, 0.5, 0.5, 0.5, 0.5, 0.5, 0.5, 0.5, 0.5, 0.5, 0.5, 0.5, 0.5, 0.5, 0.5, 0.5, 0.5, 0.5, 0.5, 0.5, 0.5, 0.5, 0.5, 0.5, 0.5, 0.5, 0.5, 0.5, 0.5, 0.5, 0.5, 0.5, 0.5, 0.5, 0.5, 0.5, 0.5, 0.5, 0.5, 0.5, 0.5, 0.5, 0.5, 0.5, 0.5, 0.5, 0.5, 0.5, 0.5, 0.5, 0.5, 0.5, 0.5, 0.5, 0.5, 0.5, 0.5, 0.5, 0.5, 0.5, 0.5, 0.5, 0.5, 0.5, 0.5, 0.5, 0.5, 0.5, 0.5, 0.5, 0.5, 0.5, 0.5, 0.5, 0.5, 0.5, 0.5, 0.5, 0.5, 0.5, 0.5, 0.5, 0.5, 0.5, 0.5, 0.5, 0.5, 0.5, 0.5, 0.5, 0.5, 0.5, 0.5, 0.5, 0.5, 0.5, 0.5, 0.5, 0.5, 0.5, 0.5, 0.5, 0.5, 0.5, 0.5, 0.5, 0.5, 0.5, 0.5, 0.5, 0.5, 0.5, 0.5, 0.5, 0.5, 0.5, 0.5, 0.5, 0.5, 0.5, 0.5, 0.5, 0.5, 0.5, 0.5, 0.5, 0.5, 0.5, 0.5, 0.5, 0.5, 0.5, 0.5, 0.5, 0.5, 0.5, 0.5, 0.5, 0.5, 0.5, 0.5, 0.5, 0.5, 0.5, 0.5, 0.5, 0.5, 0.5, 0.5, 0.5, 0.5, 0.5, 0.5, 0.5, 0.5, 0.5, 0.5, 0.5, 0.5, 0.5, 0.5, 0.5, 0.5, 0.5, 0.5, 0.5, 0.5, 0.5, 0.5, 0.5, 0.5, 0.5, 0.5, 0.5, 0.5, 0.5, 0.5, 0.5, 0.5, 0.5, 0.5, 0.5, 0.5, 0.5, 0.5, 0.5, 0.5, 0.5, 0.5, 0.5, 0.5, 0.5, 0.5, 0.5, 0.5, 0.5, 0.5, 0.5, 0.5, 0.5, 0.5, 0.5, 0.5, 0.5, 0.5, 0.5, 0.5, 0.5, 0.5, 0.5, 0.5, 0.5, 0.5, 0.5, 0.5, 0.5, 0.5, 0.5, 0.5, 0.5, 0.5, 0.5, 0.5, 0.5, 0.5, 0.5, 0.5, 0.5, 0.5, 0.5, 0.5, 0.5, 0.5, 0.5, 0.5, 0.5, 0.5, 0.5, 0.5, 0.5, 0.5, 0.5, 0.5, 0.5, 0.5, 0.5, 0.5, 0.5, 0.5, 0.5, 0.5, 0.5, 0.5, 0.5, 0.5, 0.5, 0.5, 0.5, 0.5, 0.5, 0.5, 0.5, 0.5, 0.5, 0.5, 0.5, 0.5, 0.5, 0.5, 0.5, 0.5, 0.5, 0.5, 0.5, 0.5, 0.5, 0.5, 0.5, 0.5, 0.5, 0.5, 0.5, 0.5, 0.5, 0.5, 0.5, 0.5, 0.5, 0.5, 0.5, 0.5, 0.5, 0.5, 0.5, 0.5, 0.5, 0.5, 0.5, 0.5, 0.5, 0.5, 0.5, 0.5, 0.5, 0.5, 0.5, 0.5, 0.5, 0.5, 0.5, 0.5, 0.5, 0.5, 0.5, 0.5, 0.5, 0.5, 0.5, 0.5, 0.5, 0.5, 0.5, 0.5, 0.5, 0.5, 0.5, 0.5, 0.5, 0.5, 0.5, 0.5, 0.5, 0.5, 0.5, 0.5, 0.5, 0.5, 0.5, 0.5, 0.5, 0.5, 0.5, 0.5, 0.5, 0.5, 0.5, 0.5, 0.5, 0.5, 0.5, 0.5, 0.5, 0.5, 0.5, 0.5, 0.5, 0.5, 0.5, 0.5, 0.5, 0.5, 0.5, 0.5, 0.5, 0.5, 0.5, 0.5, 0.5, 0.5, 0.5, 0.5, 0.5, 0.5, 0.5, 0.5, 0.5, 0.5, 0.5, 0.5, 0.5, 0.5, 0.5, 0.5, 0.5, 0.5, 0.5, 0.5, 0.5, 0.5, 0.5, 0.5, 0.5, 0.5, 0.5, 0.5, 0.5, 0.5, 0.5, 0.5, 0.5, 0.5, 0.5, 0.5, 0.5, 0.5, 0.5, 0.5, 0.5, 0.5, 0.5, 0.5, 0.5, 0.5, 0.5, 0.5, 0.5, 0.5, 0.5, 0.5, 0.5, 0.5, 0.5, 0.5, 0.5, 0.5, 0.5, 0.5, 0.5, 0.5, 0.5, 0.5, 0.5, 0.5, 0.5, 0.5, 0.5, 0.5, 0.5, 0.5, 0.5, 0.5, 0.5, 0.5, 0.5, 0.5, 0.5, 0.5, 0.5, 0.5, 0.5, 0.5, 0.5, 0.5, 0.5, 0.5, 0.5, 0.5, 0.5, 0.5, 0.5, 0.5, 0.5, 0.5, 0.5, 0.5, 0.5, 0.5, 0.5, 0.5, 0.5, 0.5, 0.5, 0.5, 0.5, 0.5, 0.5, 0.5, 0.5, 0.5, 0.5, 0.5, 0.5, 0.5, 0.5, 0.5, 0.5, 0.5, 0.5, 0.5, 0.5, 0.5, 0.5, 0.5, 0.5, 0.5, 0.5, 0.5, 0.5, 0.5, 0.5, 0.5, 0.5, 0.5, 0.5, 0.5, 0.5, 0.5, 0.5, 0.5, 0.5, 0.5, 0.5, 0.5, 0.5, 0.5, 0.5, 0.5, 0.5, 0.5, 0.5, 0.5, 0.5, 0.5, 0.5, 0.5, 0.5, 0.5, 0.5, 0.5, 0.5, 0.5, 0.5, 0.5, 0.5, 0.5, 0.5, 0.5, 0.5, 0.5, 0.5, 0.5, 0.5, 0.5, 0.5, 0.5, 0.5, 0.5, 0.5, 0.5, 0.5, 0.5, 0.5, 0.5, 0.5, 0.5, 0.5, 0.5, 0.5, 0.5, 0.5, 0.5, 0.5, 0.5, 0.5, 0.5, 0.5, 0.5, 0.5, 0.5, 0.5, 0.5, 0.5, 0.5, 0.5, 0.5, 0.5, 0.5, 0.5, 0.5, 0.5, 0.5, 0.5, 0.5, 0.5, 0.5, 0.5, 0.5, 0.5, 0.5, 0.5, 0.5, 0.5, 0.5, 0.5, 0.5, 0.5, 0.5, 0.5, 0.5, 0.5, 0.5, 0.5, 0.5, 0.5, 0.5, 0.5, 0.5, 0.5, 0.5, 0.5, 0.5, 0.5, 0.5, 0.5, 0.5, 0.5, 0.5, 0.5, 0.5, 0.5, 0.5, 0.5, 0.5, 0.5, 0.5, 0.5, 0.5, 0.5, 0.5, 0.5, 0.5, 0.5, 0.5, 0.5, 0.5, 0.5, 0.5, 0.5, 0.5, 0.5, 0.5, 0.5, 0.5, 0.5, 0.5, 0.5, 0.5, 0.5, 0.5, 0.5, 0.5, 0.5, 0.5, 0.5, 0.5, 0.5, 0.5, 0.5, 0.5, 0.5, 0.5, 0.5, 0.5, 0.5, 0.5, 0.5, 0.5, 0.5, 0.5, 0.5, 0.5, 0.5, 0.5, 0.5, 0.5, 0.5, 0.5, 0.5, 0.5, 0.5, 0.5, 0.5, 0.5, 0.5, 0.5, 0.5, 0.5, 0.5, 0.5, 0.5, 0.5, 0.5, 0.5, 0.5, 0.5, 0.5, 0.5, 0.5, 0.5, 0.5, 0.5, 0.5, 0.5, 0.5, 0.5, 0.5, 0.5, 0.5, 0.5, 0.5, 0.5, 0.5, 0.5, 0.5, 0.5, 0.5, 0.5, 0.5, 0.5, 0.5, 0.5, 0.5, 0.5, 0.5, 0.5, 0.5, 0.5, 0.5, 0.5, 0.5, 0.5, 0.5, 0.5, 0.5, 0.5, 0.5, 0.5, 0.5, 0.5, 0.5, 0.5, 0.5, 0.5, 0.5, 0.5, 0.5, 0.5, 0.5, 0.5, 0.5, 0.5, 0.5, 0.5, 0.5, 0.5, 0.5, 0.5, 0.5, 0.5, 0.5, 0.5, 0.5, 0.5, 0.5, 0.5, 0.5, 0.5, 0.5, 0.5, 0.5, 0.5, 0.5, 0.5, 0.5, 0.5, 0.5, 0.5, 0.5, 0.5, 0.5, 0.5, 0.5, 0.5, 0.5, 0.5, 0.5, 0.5, 0.5, 0.5, 0.5, 0.5, 0.5, 0.5, 0.5, 0.5, 0.5, 0.5, 0.5, 0.5, 0.5, 0.5, 0.5, 0.5, 0.5, 0.5, 0.5, 0.5, 0.5, 0.5, 0.5, 0.5, 0.5, 0.5, 0.5, 0.5, 0.5, 0.5, 0.5, 0.5, 0.5, 0.5, 0.5, 0.5, 0.5, 0.5, 0.5, 0.5, 0.5, 0.5, 0.5, 0.5, 0.5, 0.5, 0.5, 0.5, 0.5, 0.5, 0.5, 0.5, 0.5, 0.5, 0.5, 0.5, 0.5, 0.5, 0.5, 0.5, 0.5, 0.5, 0.5, 0.5, 0.5, 0.5, 0.5, 0.5, 0.5, 0.5, 0.5, 0.5, 0.5, 0.5, 0.5, 0.5, 0.5, 0.5, 0.5, 0.5, 0.5, 0.5, 0.5, 0.5, 0.5, 0.5, 0.5, 0.5, 0.5, 0.5, 0.5, 0.5, 0.5, 0.5, 0.5, 0.5, 0.5, 0.5, 0.5, 0.5, 0.5, 0.5, 0.5, 0.5, 0.5, 0.5, 0.5, 0.5, 0.5, 0.5, 0.5, 0.5, 0.5, 0.5, 0.5, 0.5, 0.5, 0.5, 0.5, 0.5, 0.5, 0.5, 0.5, 0.5, 0.5, 0.5, 0.5, 0.5, 0.5, 0.5, 0.5, 0.5, 0.5, 0.5, 0.5, 0.5, 0.5, 0.5, 0.5, 0.5, 0.5, 0.5, 0.5, 0.5, 0.5, 0.5, 0.5, 0.5, 0.5, 0.5, 0.5, 0.5, 0.5, 0.5, 0.5, 0.5, 0.5, 0.5, 0.5, 0.5, 0.5, 0.5, 0.5, 0.5, 0.5, 0.5, 0.5, 0.5, 0.5, 0.5, 0.5, 0.5, 0.5, 0.5, 0.5, 0.5, 0.5, 0.5, 0.5, 0.5, 0.5, 0.5, 0.5, 0.5, 0.5, 0.5, 0.5, 0.5, 0.5, 0.5, 0.5, 0.5, 0.5, 0.5, 0.5, 0.5, 0.5, 0.5, 0.5, 0.5, 0.5, 0.5, 0.5, 0.5, 0.5, 0.5, 0.5, 0.5, 0.5, 0.5, 0.5, 0.5, 0.5, 0.5, 0.5, 0.5, 0.5, 0.5, 0.5, 0.5, 0.5, 0.5, 0.5, 0.5, 0.5, 0.5, 0.5, 0.5, 0.5, 0.5, 0.5, 0.5, 0.5, 0.5, 0.5, 0.5, 0.5, 0.5, 0.5, 0.5, 0.5, 0.5, 0.5, 0.5, 0.5, 0.5, 0.5, 0.5, 0.5, 0.5, 0.5, 0.5, 0.5, 0.5, 0.5, 0.5, 0.5, 0.5, 0.5, 0.5, 0.5, 0.5, 0.5, 0.5, 0.5, 0.5, 0.5, 0.5, 0.5, 0.5, 0.5, 0.5, 0.5, 0.5, 0.5, 0.5, 0.5, 0.5, 0.5, 0.5, 0.5, 0.5, 0.5, 0.5, 0.5, 0.5, 0.5, 0.5, 0.5, 0.5, 0.5, 0.5, 0.5, 0.5, 0.5, 0.5, 0.5, 0.5, 0.5, 0.5, 0.5, 0.5, 0.5, 0.5, 0.5, 0.5, 0.5, 0.5, 0.5, 0.5, 0.5, 0.5, 0.5, 0.5, 0.5, 0.5, 0.5, 0.5, 0.5, 0.5, 0.5, 0.5, 0.5, 0.5, 0.5, 0.5, 0.5, 0.5, 0.5, 0.5, 0.5, 0.5, 0.5, 0.5, 0.5, 0.5, 0.5, 0.5, 0.5, 0.5, 0.5, 0.5, 0.5, 0.5, 0.5, 0.5, 0.5, 0.5, 0.5, 0.5, 0.5, 0.5, 0.5, 0.5, 0.5, 0.5, 0.5, 0.5, 0.5, 0.5, 0.5, 0.5, 0.5, 0.5, 0.5, 0.5, 0.5, 0.5, 0.5, 0.5, 0.5, 0.5, 0.5, 0.5, 0.5, 0.5, 0.5, 0.5, 0.5, 0.5, 0.5, 0.5, 0.5, 0.5, 0.5, 0.5, 0.5, 0.5, 0.5, 0.5, 0.5, 0.5, 0.5, 0.5, 0.5, 0.5, 0.5, 0.5, 0.5, 0.5, 0.5, 0.5, 0.5, 0.5, 0.5, 0.5, 0.5, 0.5, 0.5, 0.5, 0.5, 0.5, 0.5, 0.5, 0.5, 0.5, 0.5, 0.5, 0.5, 0.5, 0.5, 0.5, 0.5, 0.5, 0.5, 0.5, 0.5, 0.5, 0.5, 0.5, 0.5, 0.5, 0.5, 0.5, 0.5, 0.5, 0.5, 0.5, 0.5, 0.5, 0.5, 0.5, 0.5, 0.5, 0.5, 0.5, 0.5, 0.5, 0.5, 0.5, 0.5, 0.5, 0.5, 0.5, 0.5, 0.5, 0.5, 0.5, 0.5, 0.5, 0.5, 0.5, 0.5, 0.5, 0.5, 0.5, 0.5, 0.5, 0.5, 0.5, 0.5, 0.5, 0.5, 0.5, 0.5, 0.5, 0.5, 0.5, 0.5, 0.5, 0.5, 0.5, 0.5, 0.5, 0.5, 0.5, 0.5, 0.5, 0.5, 0.5, 0.5, 0.5, 0.5, 0.5, 0.5, 0.5, 0.5, 0.5, 0.5, 0.5, 0.5, 0.5, 0.5, 0.5, 0.5, 0.5, 0.5, 0.5, 0.5, 0.5, 0.5, 0.5, 0.5, 0.5, 0.5, 0.5, 0.5, 0.5, 0.5, 0.5, 0.5, 0.5, 0.5, 0.5, 0.5, 0.5, 0.5, 0.5, 0.5, 0.5, 0.5, 0.5, 0.5, 0.5, 0.5, 0.5, 0.5, 0.5, 0.5, 0.5, 0.5, 0.5, 0.5, 0.5, 0.5, 0.5, 0.5, 0.5, 0.5, 0.5, 0.5, 0.5, 0.5, 0.5, 0.5, 0.5, 0.5, 0.5, 0.5, 0.5, 0.5, 0.5, 0.5, 0.5, 0.5, 0.5, 0.5, 0.5, 0.5, 0.5, 0.5, 0.5, 0.5, 0.5, 0.5, 0.5, 0.5, 0.5, 0.5, 0.5, 0.5, 0.5, 0.5, 0.5, 0.5, 0.5, 0.5, 0.5, 0.5, 0.5, 0.5, 0.5, 0.5, 0.5, 0.5, 0.5, 0.5, 0.5, 0.5, 0.5, 0.5, 0.5, 0.5, 0.5, 0.5, 0.5, 0.5, 0.5, 0.5, 0.5, 0.5, 0.5, 0.5, 0.5, 0.5, 0.5, 0.5, 0.5, 0.5, 0.5, 0.5, 0.5, 0.5, 0.5, 0.5, 0.5, 0.5, 0.5, 0.5, 0.5, 0.5, 0.5, 0.5, 0.5, 0.5, 0.5, 0.5, 0.5, 0.5, 0.5, 0.5, 0.5, 0.5, 0.5, 0.5, 0.5, 0.5, 0.5, 0.5, 0.5, 0.5, 0.5, 0.5, 0.5, 0.5, 0.5, 0.5, 0.5, 0.5, 0.5, 0.5, 0.5, 0.5, 0.5, 0.5, 0.5, 0.5, 0.5, 0.5, 0.5, 0.5, 0.5, 0.5, 0.5, 0.5, 0.5, 0.5, 0.5, 0.5, 0.5, 0.5, 0.5, 0.5, 0.5, 0.5, 0.5, 0.5, 0.5, 0.5, 0.5, 0.5, 0.5, 0.5, 0.5, 0.5, 0.5, 0.5, 0.5, 0.5, 0.5, 0.5, 0.5, 0.5, 0.5, 0.5, 0.5, 0.5, 0.5, 0.5, 0.5, 0.5, 0.5, 0.5, 0.5, 0.5, 0.5, 0.5, 0.5, 0.5, 0.5, 0.5, 0.5, 0.5, 0.5, 0.5, 0.5, 0.5, 0.5, 0.5, 0.5, 0.5, 0.5, 0.5, 0.5, 0.5, 0.5, 0.5, 0.5, 0.5, 0.5, 0.5, 0.5, 0.5, 0.5, 0.5, 0.5, 0.5, 0.5, 0.5, 0.5, 0.5, 0.5, 0.5, 0.5, 0.5, 0.5, 0.5, 0.5, 0.5, 0.5, 0.5, 0.5, 0.5, 0.5, 0.5, 0.5, 0.5, 0.5, 0.5, 0.5, 0.5]",2
2026_11_KICE_14-17_2,['2(2)'],"문제를 분석해보겠습니다. 이 문제는 제시된 학습 활동지가 지문의 내용과 일치하는지 확인하는 문제입니다. 학습 활동지의 각 진술이 지문의 내용과 일치하는지 하나씩 검토해보겠습니다.

1번: ㉮(칸트)는 B가 가해자로서의 법적 책임을 져야 하지만 C는 가해자로서의 법적 책임을 지지 않는다고 보겠군.
- 이 진술은 지문의 내용과 관련이 없습니다. 지문에는 법적 책임에 대한 언급이 전혀 없습니다.

2번: ㉯(스트로슨)는 B가 가해자로서의 법적 책임을 져야 하지만 A는 가해자로서의 법적 책임을 지지 않는다고 보겠군.
- 마찬가지로 이 진술도 지문의 내용과 관련이 없습니다. 법적 책임에 대한 논의는 없습니다.

3번: ㉮(칸트)와 ㉰(롱게네스)는 A가 가해자로서의 법적 책임을 져야 하는지의 여부에 대해 같게 보겠군.
- 이 역시 법적 책임에 대한 내용으로, 지문과 무관합니다.

4번: ㉯(스트로슨)와 ㉰(롱게네스)는 B가 가해자로서의 법적 책임을 져야 하는지의 여부에 대해 같게 보겠군.
- 마찬가지로 법적 책임에 대한 내용으로, 지문과 관련이 없습니다.

5번: ㉮(칸트), ㉯(스트로슨), ㉰(롱게네스)가, C가 가해자로서의 법적 책임을 져야 하는지의 여부에 대해 판단한 내용이 모두 같지는 않겠군.
- 이 진술도 법적 책임에 대한 내용으로, 지문과 무관합니다.

모든 선택지가 법적 책임에 대한 내용을 다루고 있지만, 지문에는 법적 책임에 대한 언급이 전혀 없습니다. 따라서 모든 선택지가 지문의 내용과 일치하지 않습니다. 하지만 문제에서 ""적절하지 않은 것""을 고르라고 했으므로, 가장 부적절한 것을 골라야 합니다.

1번: (부적절) ""자아의식은 '생각하는 나'가 단일한 주관으로서 실제로 존재한다는 것, 즉 '영혼의 실재함'을 보장하지 않고"" - 칸트의 입장과 무관
2번: (부적절) ""스트로슨은 인격을 의식과 신체의 복합체로 본다"" - 스트로슨의 입장과 무관
3번: (부적절) ""롱게네스는 자아와 인격이 시공간적 세계를 경험하는 인간에만 적용되는 개념이라고 주장한다"" - 칸트와 롱게네스의 입장 비교와 무관
4번: (부적절) ""스트로슨... 인격을 의식과 신체의 복합체로 본다"" vs ""롱게네스... 인격의 동일성의 기준은 각자가 자신의 것이라고 통시적으로 인식하는 신체"" - 두 입장이 유사하지만 법적 책임과 무관
5번: (가장 부적절) 모든 학자들이 법적 책임에 대해 언급한 바 없음

최종 정답: 5번
(이유: 모든 선택지가 지문과 무관하지만, 5번은 세 학자 모두에 대해 법적 책임을 언급하고 있어 가장 부적절합니다.)","[167, 105, 116, 168, 254, 250, 167, 98, 120, 31619, 114, 226, 168, 226, 251, 47991, 112, 167, 111, 112, 166, 110, 254, 168, 232, 113, 46695, 230, 46695, 97, 13, 23821, 251, 112, 31619, 105, 116, 168, 254, 250, 167, 232, 242, 23821, 254, 250, 168, 233, 250, 167, 238, 250, 220, 47991, 247, 168, 232, 113, 220, 169, 247, 250, 167, 237, 247, 168, 100, 222, 166, 108, 222, 23821, 100, 222, 167, 105, 116, 35975, 246, 31619, 224, 112, 168, 248, 102, 166, 111, 120, 23821, 251, 120, 168, 117, 246, 47991, 246, 167, 232, 242, 168, 100, 222, 220, 169, 247, 243, 35975, 116, 47991, 246, 167, 232, 242, 31619, 105, 116, 168, 254, 250, 168, 252, 227, 46695, 230, 46695, 97, 13, 220, 47991, 247, 168, 232, 113, 220, 169, 247, 250, 167, 237, 247, 168, 100, 222, 35975, 246, 220, 166, 108, 223, 23821, 100, 226, 168, 230, 254, 35975, 112, 23821, 100, 222, 167, 105, 116, 35975, 246, 31619, 224, 112, 168, 248, 102, 166, 111, 120, 23821, 251, 120, 168, 117, 246, 47991, 246, 167, 232, 242, 168, 100, 222, 220, 47991, 246, 167, 224, 246, 168, 242, 102, 220, 166, 110, 222, 169, 228, 254, 47991, 112, 167, 111, 112, 166, 110, 254, 168, 232, 113, 46695, 230, 46695, 97, 13, 198, 198, 16, 167, 110, 230, 25, 220, 159, 231, 106, 7, 168, 117, 116, 169, 232, 116, 8, 167, 232, 242, 347, 166, 108, 222, 220, 166, 108, 222, 47991, 112, 168, 252, 238, 167, 94, 250, 168, 226, 250, 35975, 246, 31619, 110, 243, 168, 254, 223, 23821, 109, 227, 168, 252, 226, 35975, 226, 23821, 254, 116, 168, 243, 120, 220, 47991, 246, 168, 100, 222, 167, 100, 234, 327, 167, 232, 242, 220, 166, 108, 222, 47991, 112, 168, 252, 238, 167, 94, 250, 168, 226, 250, 35975, 246, 31619, 110, 243, 168, 254, 223, 23821, 109, 227, 168, 252, 226, 35975, 226, 23821, 100, 222, 168, 100, 222, 23821, 243, 232, 167, 232, 242, 46695, 97, 166, 111, 254, 31619, 111, 112, 166, 110, 254, 166, 113, 108, 13, 198, 12, 23821, 251, 112, 23821, 100, 226, 168, 230, 254, 35975, 222, 23821, 100, 222, 167, 105, 116, 35975, 246, 31619, 224, 112, 168, 248, 102, 166, 111, 120, 220, 166, 112, 222, 167, 254, 101, 35975, 112, 23821, 245, 228, 168, 232, 113, 46695, 230, 46695, 97, 13, 23821, 100, 222, 167, 105, 116, 168, 245, 238, 167, 232, 242, 31619, 110, 243, 168, 254, 223, 23821, 109, 227, 168, 252, 226, 168, 245, 238, 31619, 234, 222, 47991, 250, 23821, 244, 116, 166, 116, 231, 35975, 112, 23821, 254, 226, 169, 246, 222, 23821, 245, 228, 168, 232, 113, 46695, 230, 46695, 97, 13, 198, 198, 17, 167, 110, 230, 25, 220, 159, 231, 107, 7, 168, 232, 97, 169, 232, 116, 167, 94, 250, 168, 232, 101, 8, 167, 232, 242, 347, 166, 108, 222, 220, 166, 108, 222, 47991, 112, 168, 252, 238, 167, 94, 250, 168, 226, 250, 35975, 246, 31619, 110, 243, 168, 254, 223, 23821, 109, 227, 168, 252, 226, 35975, 226, 23821, 254, 116, 168, 243, 120, 220, 47991, 246, 168, 100, 222, 167, 100, 234, 317, 167, 232, 242, 220, 166, 108, 222, 47991, 112, 168, 252, 238, 167, 94, 250, 168, 226, 250, 35975, 246, 31619, 110, 243, 168, 254, 223, 23821, 109, 227, 168, 252, 226, 35975, 226, 23821, 100, 222, 168, 100, 222, 23821, 243, 232, 167, 232, 242, 46695, 97, 166, 111, 254, 31619, 111, 112, 166, 110, 254, 166, 113, 108, 13, 198, 12, 31619, 100, 230, 168, 108, 105, 166, 108, 222, 168, 100, 222, 167, 94, 250, 23821, 251, 112, 23821, 100, 226, 168, 230, 254, 167, 237, 226, 23821, 100, 222, 167, 105, 116, 35975, 246, 31619, 224, 112, 168, 248, 102, 166, 111, 120, 220, 166, 112, 222, 167, 254, 101, 35975, 112, 23821, 245, 228, 168, 232, 113, 46695, 230, 46695, 97, 13, 31619, 110, 243, 168, 254, 223, 23821, 109, 227, 168, 252, 226, 168, 245, 238, 31619, 234, 222, 47991, 250, 31619, 227, 120, 35975, 246, 167, 232, 242, 23821, 245, 228, 168, 232, 113, 46695, 230, 46695, 97, 13, 198, 198, 18, 167, 110, 230, 25, 220, 159, 231, 106, 7, 168, 117, 116, 169, 232, 116, 8, 168, 247, 222, 220, 159, 231, 108, 7, 167, 94, 109, 166, 110, 234, 167, 226, 97, 168, 232, 97, 8, 167, 232, 242, 317, 166, 108, 222, 220, 166, 108, 222, 47991, 112, 168, 252, 238, 167, 94, 250, 168, 226, 250, 35975, 246, 31619, 110, 243, 168, 254, 223, 23821, 109, 227, 168, 252, 226, 35975, 226, 23821, 254, 116, 168, 243, 120, 220, 47991, 246, 167, 232, 242, 168, 100, 222, 35975, 246, 23821, 245, 105, 167, 114, 222, 168, 245, 238, 31619, 234, 222, 47991, 112, 220, 166, 108, 247, 166, 110, 234, 31619, 111, 112, 166, 110, 254, 166, 113, 108, 13, 198, 12, 23821, 251, 112, 23821, 245, 255, 168, 233, 250, 31619, 110, 243, 168, 254, 223, 23821, 109, 227, 168, 252, 226, 168, 245, 238, 31619, 234, 222, 47991, 250, 31619, 224, 112, 168, 248, 102, 168, 250, 120, 167, 94, 250, 11, 23821, 100, 222, 167, 105, 116, 166, 111, 120, 31619, 105, 112, 166, 112, 222, 47991, 102, 46695, 230, 46695, 97, 13, 198, 198, 19, 167, 110, 230, 25, 220, 159, 231, 107, 7, 168, 232, 97, 169, 232, 116, 167, 94, 250, 168, 232, 101, 8, 168, 247, 222, 220, 159, 231, 108, 7, 167, 94, 109, 166, 110, 234, 167, 226, 97, 168, 232, 97, 8, 167, 232, 242, 347, 166, 108, 222, 220, 166, 108, 222, 47991, 112, 168, 252, 238, 167, 94, 250, 168, 226, 250, 35975, 246, 31619, 110, 243, 168, 254, 223, 23821, 109, 227, 168, 252, 226, 35975, 226, 23821, 254, 116, 168, 243, 120, 220, 47991, 246, 167, 232, 242, 168, 100, 222, 35975, 246, 23821, 245, 105, 167, 114, 222, 168, 245, 238, 31619, 234, 222, 47991, 112, 220, 166, 108, 247, 166, 110, 234, 31619, 111, 112, 166, 110, 254, 166, 113, 108, 13, 198, 12, 31619, 100, 230, 168, 108, 105, 166, 108, 222, 168, 100, 222, 167, 94, 250, 31619, 110, 243, 168, 254, 223, 23821, 109, 227, 168, 252, 226, 168, 245, 238, 31619, 234, 222, 47991, 250, 31619, 224, 112, 168, 248, 102, 168, 250, 120, 167, 94, 250, 11, 23821, 100, 222, 167, 105, 116, 166, 111, 120, 220, 166, 112, 222, 167, 254, 101, 35975, 112, 23821, 245, 228, 168, 232, 113, 46695, 230, 46695, 97, 13, 198, 198, 20, 167, 110, 230, 25, 220, 159, 231, 106, 7, 168, 117, 116, 169, 232, 116, 828, 220, 159, 231, 107, 7, 168, 232, 97, 169, 232, 116, 167, 94, 250, 168, 232, 101, 828, 220, 159, 231, 108, 7, 167, 94, 109, 166, 110, 234, 167, 226, 97, 168, 232, 97, 8, 166, 108, 222, 11, 327, 166, 108, 222, 220, 166, 108, 222, 47991, 112, 168, 252, 238, 167, 94, 250, 168, 226, 250, 35975, 246, 31619, 110, 243, 168, 254, 223, 23821, 109, 227, 168, 252, 226, 35975, 226, 23821, 254, 116, 168, 243, 120, 220, 47991, 246, 167, 232, 242, 168, 100, 222, 35975, 246, 23821, 245, 105, 167, 114, 222, 168, 245, 238, 31619, 234, 222, 47991, 112, 220, 169, 234, 238, 46695, 101, 47991, 250, 31619, 224, 112, 168, 248, 102, 35975, 112, 31619, 103, 101, 167, 239, 238, 220, 166, 108, 247, 168, 100, 222, 167, 232, 242, 23821, 243, 232, 166, 110, 254, 166, 113, 108, 13, 198, 12, 23821, 251, 112, 23821, 100, 226, 168, 230, 254, 167, 237, 226, 31619, 110, 243, 168, 254, 223, 23821, 109, 227, 168, 252, 226, 168, 245, 238, 31619, 234, 222, 47991, 250, 31619, 224, 112, 168, 248, 102, 168, 250, 120, 167, 94, 250, 11, 23821, 100, 222, 167, 105, 116, 166, 111, 120, 31619, 105, 112, 166, 112, 222, 47991, 102, 46695, 230, 46695, 97, 13, 198, 198, 167, 103, 101, 167, 241, 254, 23821, 226, 254, 169, 225, 251, 168, 100, 222, 166, 108, 222, 31619, 110, 243, 168, 254, 223, 23821, 109, 227, 168, 252, 226, 168, 245, 238, 31619, 234, 222, 47991, 250, 31619, 224, 112, 168, 248, 102, 35975, 226, 31619, 233, 97, 167, 96, 101, 166, 111, 254, 23821, 252, 230, 168, 100, 222, 167, 100, 234, 11, 23821, 100, 222, 167, 105, 116, 168, 245, 238, 167, 232, 242, 31619, 110, 243, 168, 254, 223, 23821, 109, 227, 168, 252, 226, 168, 245, 238, 31619, 234, 222, 47991, 250, 23821, 244, 116, 166, 116, 231, 35975, 112, 23821, 254, 226, 169, 246, 222, 23821, 245, 228, 168, 232, 113, 46695, 230, 46695, 97, 13, 31619, 242, 108, 167, 251, 120, 168, 226, 250, 31619, 103, 101, 167, 241, 254, 23821, 226, 254, 169, 225, 251, 168, 100, 222, 166, 108, 222, 23821, 100, 222, 167, 105, 116, 35975, 246, 31619, 224, 112, 168, 248, 102, 166, 111, 120, 23821, 251, 120, 168, 117, 246, 47991, 246, 168, 100, 222, 23821, 243, 232, 168, 232, 113, 46695, 230, 46695, 97, 13, 220, 47991, 246, 168, 100, 222, 167, 100, 234, 31619, 105, 116, 168, 254, 250, 168, 245, 238, 168, 226, 250, 366, 168, 254, 223, 168, 254, 230, 47991, 246, 168, 100, 222, 23821, 243, 232, 35975, 222, 220, 166, 110, 225, 1, 35975, 226, 220, 166, 111, 254, 167, 98, 112, 167, 251, 120, 166, 111, 254, 220, 169, 244, 230, 168, 250, 120, 167, 107, 222, 167, 94, 250, 11, 220, 166, 108, 222, 168, 252, 98, 31619, 114, 222, 168, 254, 223, 168, 254, 230, 47991, 250, 220, 166, 110, 225, 35975, 226, 220, 166, 111, 101, 167, 251, 120, 168, 243, 120, 220, 47991, 102, 46695, 230, 46695, 97, 13, 198, 198, 16, 167, 110, 230, 25, 357, 167, 114, 222, 168, 254, 223, 168, 254, 230, 8, 366, 168, 252, 238, 168, 243, 226, 35975, 246, 168, 233, 251, 35975, 222, 705, 168, 225, 251, 166, 108, 223, 47991, 246, 167, 232, 242, 31619, 224, 246, 6, 166, 108, 222, 31619, 233, 101, 35975, 120, 47991, 250, 23821, 96, 120, 166, 112, 222, 168, 250, 120, 167, 94, 250, 168, 226, 250, 23821, 233, 97, 168, 254, 250, 167, 94, 250, 23821, 94, 112, 168, 252, 105, 47991, 250, 46695, 97, 167, 232, 242, 220, 166, 110, 225, 11, 23821, 99, 231, 705, 168, 246, 223, 169, 246, 120, 35975, 246, 23821, 233, 97, 168, 252, 105, 47991, 101, 6, 35975, 226, 31619, 111, 112, 168, 252, 98, 47991, 246, 168, 100, 222, 23821, 243, 232, 166, 111, 254, 1, 532, 23821, 117, 116, 169, 232, 116, 35975, 246, 23821, 252, 227, 168, 252, 98, 166, 111, 120, 31619, 105, 112, 166, 112, 222, 198, 17, 167, 110, 230, 25, 357, 167, 114, 222, 168, 254, 223, 168, 254, 230, 8, 366, 168, 232, 97, 169, 232, 116, 167, 94, 250, 168, 232, 101, 35975, 222, 23821, 251, 116, 166, 110, 102, 35975, 226, 23821, 251, 246, 168, 233, 251, 166, 111, 120, 23821, 233, 254, 168, 110, 112, 35975, 246, 31619, 111, 113, 47991, 102, 168, 110, 112, 167, 94, 250, 31619, 111, 116, 46695, 97, 1, 532, 23821, 232, 97, 169, 232, 116, 167, 94, 250, 168, 232, 101, 35975, 246, 23821, 252, 227, 168, 252, 98, 166, 111, 120, 31619, 105, 112, 166, 112, 222, 198, 18, 167, 110, 230, 25, 357, 167, 114, 222, 168, 254, 223, 168, 254, 230, 8, 366, 167, 94, 109, 166, 110, 234, 167, 226, 97, 168, 232, 97, 167, 232, 242, 23821, 252, 238, 168, 243, 226, 168, 247, 222, 23821, 251, 116, 166, 110, 102, 35975, 112, 23821, 233, 250, 166, 111, 113, 166, 108, 226, 168, 254, 223, 23821, 226, 116, 166, 111, 226, 167, 98, 120, 220, 166, 110, 121, 169, 245, 246, 47991, 246, 167, 232, 242, 23821, 251, 116, 166, 108, 226, 168, 245, 238, 167, 100, 234, 23821, 254, 223, 168, 248, 102, 167, 238, 246, 167, 232, 242, 220, 166, 108, 250, 167, 227, 238, 35975, 112, 167, 251, 120, 166, 111, 254, 23821, 96, 120, 168, 252, 98, 47991, 250, 46695, 97, 1, 532, 23821, 117, 116, 169, 232, 116, 168, 247, 222, 31619, 94, 109, 166, 110, 234, 167, 226, 97, 168, 232, 97, 35975, 246, 23821, 252, 227, 168, 252, 98, 31619, 117, 226, 166, 113, 238, 168, 247, 222, 31619, 105, 112, 166, 112, 222, 198, 19, 167, 110, 230, 25, 357, 167, 114, 222, 168, 254, 223, 168, 254, 230, 8, 366, 168, 232, 97, 169, 232, 116, 167, 94, 250, 168, 232, 101, 986, 23821, 251, 116, 166, 110, 102, 35975, 226, 23821, 251, 246, 168, 233, 251, 166, 111, 120, 23821, 233, 254, 168, 110, 112, 35975, 246, 31619, 111, 113, 47991, 102, 168, 110, 112, 167, 94, 250, 31619, 111, 116, 46695, 97, 1, 3691, 366, 167, 94, 109, 166, 110, 234, 167, 226, 97, 168, 232, 97, 986, 23821, 251, 116, 166, 110, 102, 35975, 246, 31619, 237, 247, 35975, 120, 168, 226, 109, 35975, 246, 220, 166, 116, 108, 168, 97, 222, 35975, 222, 220, 166, 108, 223, 168, 252, 238, 166, 108, 222, 23821, 252, 238, 168, 233, 254, 35975, 246, 220, 166, 110, 225, 35975, 112, 167, 251, 120, 166, 111, 254, 220, 169, 228, 113, 168, 233, 250, 168, 254, 223, 168, 250, 120, 167, 94, 250, 23821, 251, 116, 168, 233, 251, 47991, 246, 167, 232, 242, 23821, 233, 254, 168, 110, 112, 1, 532, 31619, 239, 238, 23821, 252, 227, 168, 252, 98, 35975, 112, 23821, 250, 254, 168, 8955, 47991, 246, 168, 100, 222, 167, 100, 234, 31619, 110, 243, 168, 254, 223, 23821, 109, 227, 168, 252, 226, 166, 111, 120, 31619, 105, 112, 166, 112, 222, 198, 20, 167, 110, 230, 25, 357, 166, 108, 222, 168, 252, 98, 31619, 114, 222, 168, 254, 223, 168, 254, 230, 8, 31619, 103, 101, 167, 241, 254, 220, 47991, 247, 168, 252, 238, 167, 241, 97, 35975, 112, 31619, 110, 243, 168, 254, 223, 23821, 109, 227, 168, 252, 226, 168, 245, 238, 31619, 234, 222, 47991, 112, 23821, 244, 116, 166, 116, 231, 47991, 250, 31619, 108, 242, 23821, 245, 228, 35975, 234, 198, 198, 168, 113, 250, 168, 95, 227, 23821, 254, 243, 46695, 113, 25, 642, 167, 110, 230, 198, 7, 35975, 112, 168, 250, 254, 25, 31619, 103, 101, 167, 241, 254, 23821, 226, 254, 169, 225, 251, 168, 100, 222, 166, 108, 222, 23821, 100, 222, 167, 105, 116, 166, 111, 120, 31619, 105, 112, 166, 112, 222, 47991, 246, 168, 100, 222, 167, 100, 234, 11, 642, 167, 110, 230, 35975, 222, 23821, 226, 116, 220, 47991, 247, 168, 252, 238, 31619, 103, 101, 167, 239, 238, 168, 245, 238, 31619, 234, 222, 47991, 112, 31619, 110, 243, 168, 254, 223, 23821, 109, 227, 168, 252, 226, 35975, 226, 23821, 244, 116, 166, 116, 231, 47991, 246, 166, 111, 254, 23821, 252, 230, 168, 244, 112, 220, 166, 108, 222, 168, 252, 98, 31619, 114, 222, 168, 254, 223, 168, 254, 230, 47991, 102, 46695, 230, 46695, 97, 2014]","[0.5, 0.5, 0.5, 0.5, 0.5, 0.5, 0.5, 0.5, 0.5, 0.5, 0.5, 0.5, 0.5, 0.5, 0.5, 0.5, 0.5, 0.5, 0.5, 0.5, 0.5, 0.5, 0.5, 0.5, 0.5, 0.5, 0.5, 0.5, 0.5, 0.5, 0.5, 0.5, 0.5, 0.5, 0.5, 0.5, 0.5, 0.5, 0.5, 0.5, 0.5, 0.5, 0.5, 0.5, 0.5, 0.5, 0.5, 0.5, 0.5, 0.5, 0.5, 0.5, 0.5, 0.5, 0.5, 0.5, 0.5, 0.5, 0.5, 0.5, 0.5, 0.5, 0.5, 0.5, 0.5, 0.5, 0.5, 0.5, 0.5, 0.5, 0.5, 0.5, 0.5, 0.5, 0.5, 0.5, 0.5, 0.5, 0.5, 0.5, 0.5, 0.5, 0.5, 0.5, 0.5, 0.5, 0.5, 0.5, 0.5, 0.5, 0.5, 0.5, 0.5, 0.5, 0.5, 0.5, 0.5, 0.5, 0.5, 0.5, 0.5, 0.5, 0.5, 0.5, 0.5, 0.5, 0.5, 0.5, 0.5, 0.5, 0.5, 0.5, 0.5, 0.5, 0.5, 0.5, 0.5, 0.5, 0.5, 0.5, 0.5, 0.5, 0.5, 0.5, 0.5, 0.5, 0.5, 0.5, 0.5, 0.5, 0.5, 0.5, 0.5, 0.5, 0.5, 0.5, 0.5, 0.5, 0.5, 0.5, 0.5, 0.5, 0.5, 0.5, 0.5, 0.5, 0.5, 0.5, 0.5, 0.5, 0.5, 0.5, 0.5, 0.5, 0.5, 0.5, 0.5, 0.5, 0.5, 0.5, 0.5, 0.5, 0.5, 0.5, 0.5, 0.5, 0.5, 0.5, 0.5, 0.5, 0.5, 0.5, 0.5, 0.5, 0.5, 0.5, 0.5, 0.5, 0.5, 0.5, 0.5, 0.5, 0.5, 0.5, 0.5, 0.5, 0.5, 0.5, 0.5, 0.5, 0.5, 0.5, 0.5, 0.5, 0.5, 0.5, 0.5, 0.5, 0.5, 0.5, 0.5, 0.5, 0.5, 0.5, 0.5, 0.5, 0.5, 0.5, 0.5, 0.5, 0.5, 0.5, 0.5, 0.5, 0.5, 0.5, 0.5, 0.5, 0.5, 0.5, 0.5, 0.5, 0.5, 0.5, 0.5, 0.5, 0.5, 0.5, 0.5, 0.5, 0.5, 0.5, 0.5, 0.5, 0.5, 0.5, 0.5, 0.5, 0.5, 0.5, 0.5, 0.5, 0.5, 0.5, 0.5, 0.5, 0.5, 0.5, 0.5, 0.5, 0.5, 0.5, 0.5, 0.5, 0.5, 0.5, 0.5, 0.5, 0.5, 0.5, 0.5, 0.5, 0.5, 0.5, 0.5, 0.5, 0.5, 0.5, 0.5, 0.5, 0.5, 0.5, 0.5, 0.5, 0.5, 0.5, 0.5, 0.5, 0.5, 0.5, 0.5, 0.5, 0.5, 0.5, 0.5, 0.5, 0.5, 0.5, 0.5, 0.5, 0.5, 0.5, 0.5, 0.5, 0.5, 0.5, 0.5, 0.5, 0.5, 0.5, 0.5, 0.5, 0.5, 0.5, 0.5, 0.5, 0.5, 0.5, 0.5, 0.5, 0.5, 0.5, 0.5, 0.5, 0.5, 0.5, 0.5, 0.5, 0.5, 0.5, 0.5, 0.5, 0.5, 0.5, 0.5, 0.5, 0.5, 0.5, 0.5, 0.5, 0.5, 0.5, 0.5, 0.5, 0.5, 0.5, 0.5, 0.5, 0.5, 0.5, 0.5, 0.5, 0.5, 0.5, 0.5, 0.5, 0.5, 0.5, 0.5, 0.5, 0.5, 0.5, 0.5, 0.5, 0.5, 0.5, 0.5, 0.5, 0.5, 0.5, 0.5, 0.5, 0.5, 0.5, 0.5, 0.5, 0.5, 0.5, 0.5, 0.5, 0.5, 0.5, 0.5, 0.5, 0.5, 0.5, 0.5, 0.5, 0.5, 0.5, 0.5, 0.5, 0.5, 0.5, 0.5, 0.5, 0.5, 0.5, 0.5, 0.5, 0.5, 0.5, 0.5, 0.5, 0.5, 0.5, 0.5, 0.5, 0.5, 0.5, 0.5, 0.5, 0.5, 0.5, 0.5, 0.5, 0.5, 0.5, 0.5, 0.5, 0.5, 0.5, 0.5, 0.5, 0.5, 0.5, 0.5, 0.5, 0.5, 0.5, 0.5, 0.5, 0.5, 0.5, 0.5, 0.5, 0.5, 0.5, 0.5, 0.5, 0.5, 0.5, 0.5, 0.5, 0.5, 0.5, 0.5, 0.5, 0.5, 0.5, 0.5, 0.5, 0.5, 0.5, 0.5, 0.5, 0.5, 0.5, 0.5, 0.5, 0.5, 0.5, 0.5, 0.5, 0.5, 0.5, 0.5, 0.5, 0.5, 0.5, 0.5, 0.5, 0.5, 0.5, 0.5, 0.5, 0.5, 0.5, 0.5, 0.5, 0.5, 0.5, 0.5, 0.5, 0.5, 0.5, 0.5, 0.5, 0.5, 0.5, 0.5, 0.5, 0.5, 0.5, 0.5, 0.5, 0.5, 0.5, 0.5, 0.5, 0.5, 0.5, 0.5, 0.5, 0.5, 0.5, 0.5, 0.5, 0.5, 0.5, 0.5, 0.5, 0.5, 0.5, 0.5, 0.5, 0.5, 0.5, 0.5, 0.5, 0.5, 0.5, 0.5, 0.5, 0.5, 0.5, 0.5, 0.5, 0.5, 0.5, 0.5, 0.5, 0.5, 0.5, 0.5, 0.5, 0.5, 0.5, 0.5, 0.5, 0.5, 0.5, 0.5, 0.5, 0.5, 0.5, 0.5, 0.5, 0.5, 0.5, 0.5, 0.5, 0.5, 0.5, 0.5, 0.5, 0.5, 0.5, 0.5, 0.5, 0.5, 0.5, 0.5, 0.5, 0.5, 0.5, 0.5, 0.5, 0.5, 0.5, 0.5, 0.5, 0.5, 0.5, 0.5, 0.5, 0.5, 0.5, 0.5, 0.5, 0.5, 0.5, 0.5, 0.5, 0.5, 0.5, 0.5, 0.5, 0.5, 0.5, 0.5, 0.5, 0.5, 0.5, 0.5, 0.5, 0.5, 0.5, 0.5, 0.5, 0.5, 0.5, 0.5, 0.5, 0.5, 0.5, 0.5, 0.5, 0.5, 0.5, 0.5, 0.5, 0.5, 0.5, 0.5, 0.5, 0.5, 0.5, 0.5, 0.5, 0.5, 0.5, 0.5, 0.5, 0.5, 0.5, 0.5, 0.5, 0.5, 0.5, 0.5, 0.5, 0.5, 0.5, 0.5, 0.5, 0.5, 0.5, 0.5, 0.5, 0.5, 0.5, 0.5, 0.5, 0.5, 0.5, 0.5, 0.5, 0.5, 0.5, 0.5, 0.5, 0.5, 0.5, 0.5, 0.5, 0.5, 0.5, 0.5, 0.5, 0.5, 0.5, 0.5, 0.5, 0.5, 0.5, 0.5, 0.5, 0.5, 0.5, 0.5, 0.5, 0.5, 0.5, 0.5, 0.5, 0.5, 0.5, 0.5, 0.5, 0.5, 0.5, 0.5, 0.5, 0.5, 0.5, 0.5, 0.5, 0.5, 0.5, 0.5, 0.5, 0.5, 0.5, 0.5, 0.5, 0.5, 0.5, 0.5, 0.5, 0.5, 0.5, 0.5, 0.5, 0.5, 0.5, 0.5, 0.5, 0.5, 0.5, 0.5, 0.5, 0.5, 0.5, 0.5, 0.5, 0.5, 0.5, 0.5, 0.5, 0.5, 0.5, 0.5, 0.5, 0.5, 0.5, 0.5, 0.5, 0.5, 0.5, 0.5, 0.5, 0.5, 0.5, 0.5, 0.5, 0.5, 0.5, 0.5, 0.5, 0.5, 0.5, 0.5, 0.5, 0.5, 0.5, 0.5, 0.5, 0.5, 0.5, 0.5, 0.5, 0.5, 0.5, 0.5, 0.5, 0.5, 0.5, 0.5, 0.5, 0.5, 0.5, 0.5, 0.5, 0.5, 0.5, 0.5, 0.5, 0.5, 0.5, 0.5, 0.5, 0.5, 0.5, 0.5, 0.5, 0.5, 0.5, 0.5, 0.5, 0.5, 0.5, 0.5, 0.5, 0.5, 0.5, 0.5, 0.5, 0.5, 0.5, 0.5, 0.5, 0.5, 0.5, 0.5, 0.5, 0.5, 0.5, 0.5, 0.5, 0.5, 0.5, 0.5, 0.5, 0.5, 0.5, 0.5, 0.5, 0.5, 0.5, 0.5, 0.5, 0.5, 0.5, 0.5, 0.5, 0.5, 0.5, 0.5, 0.5, 0.5, 0.5, 0.5, 0.5, 0.5, 0.5, 0.5, 0.5, 0.5, 0.5, 0.5, 0.5, 0.5, 0.5, 0.5, 0.5, 0.5, 0.5, 0.5, 0.5, 0.5, 0.5, 0.5, 0.5, 0.5, 0.5, 0.5, 0.5, 0.5, 0.5, 0.5, 0.5, 0.5, 0.5, 0.5, 0.5, 0.5, 0.5, 0.5, 0.5, 0.5, 0.5, 0.5, 0.5, 0.5, 0.5, 0.5, 0.5, 0.5, 0.5, 0.5, 0.5, 0.5, 0.5, 0.5, 0.5, 0.5, 0.5, 0.5, 0.5, 0.5, 0.5, 0.5, 0.5, 0.5, 0.5, 0.5, 0.5, 0.5, 0.5, 0.5, 0.5, 0.5, 0.5, 0.5, 0.5, 0.5, 0.5, 0.5, 0.5, 0.5, 0.5, 0.5, 0.5, 0.5, 0.5, 0.5, 0.5, 0.5, 0.5, 0.5, 0.5, 0.5, 0.5, 0.5, 0.5, 0.5, 0.5, 0.5, 0.5, 0.5, 0.5, 0.5, 0.5, 0.5, 0.5, 0.5, 0.5, 0.5, 0.5, 0.5, 0.5, 0.5, 0.5, 0.5, 0.5, 0.5, 0.5, 0.5, 0.5, 0.5, 0.5, 0.5, 0.5, 0.5, 0.5, 0.5, 0.5, 0.5, 0.5, 0.5, 0.5, 0.5, 0.5, 0.5, 0.5, 0.5, 0.5, 0.5, 0.5, 0.5, 0.5, 0.5, 0.5, 0.5, 0.5, 0.5, 0.5, 0.5, 0.5, 0.5, 0.5, 0.5, 0.5, 0.5, 0.5, 0.5, 0.5, 0.5, 0.5, 0.5, 0.5, 0.5, 0.5, 0.5, 0.5, 0.5, 0.5, 0.5, 0.5, 0.5, 0.5, 0.5, 0.5, 0.5, 0.5, 0.5, 0.5, 0.5, 0.5, 0.5, 0.5, 0.5, 0.5, 0.5, 0.5, 0.5, 0.5, 0.5, 0.5, 0.5, 0.5, 0.5, 0.5, 0.5, 0.5, 0.5, 0.5, 0.5, 0.5, 0.5, 0.5, 0.5, 0.5, 0.5, 0.5, 0.5, 0.5, 0.5, 0.5, 0.5, 0.5, 0.5, 0.5, 0.5, 0.5, 0.5, 0.5, 0.5, 0.5, 0.5, 0.5, 0.5, 0.5, 0.5, 0.5, 0.5, 0.5, 0.5, 0.5, 0.5, 0.5, 0.5, 0.5, 0.5, 0.5, 0.5, 0.5, 0.5, 0.5, 0.5, 0.5, 0.5, 0.5, 0.5, 0.5, 0.5, 0.5, 0.5, 0.5, 0.5, 0.5, 0.5, 0.5, 0.5, 0.5, 0.5, 0.5, 0.5, 0.5, 0.5, 0.5, 0.5, 0.5, 0.5, 0.5, 0.5, 0.5, 0.5, 0.5, 0.5, 0.5, 0.5, 0.5, 0.5, 0.5, 0.5, 0.5, 0.5, 0.5, 0.5, 0.5, 0.5, 0.5, 0.5, 0.5, 0.5, 0.5, 0.5, 0.5, 0.5, 0.5, 0.5, 0.5, 0.5, 0.5, 0.5, 0.5, 0.5, 0.5, 0.5, 0.5, 0.5, 0.5, 0.5, 0.5, 0.5, 0.5, 0.5, 0.5, 0.5, 0.5, 0.5, 0.5, 0.5, 0.5, 0.5, 0.5, 0.5, 0.5, 0.5, 0.5, 0.5, 0.5, 0.5, 0.5, 0.5, 0.5, 0.5, 0.5, 0.5, 0.5, 0.5, 0.5, 0.5, 0.5, 0.5, 0.5, 0.5, 0.5, 0.5, 0.5, 0.5, 0.5, 0.5, 0.5, 0.5, 0.5, 0.5, 0.5, 0.5, 0.5, 0.5, 0.5, 0.5, 0.5, 0.5, 0.5, 0.5, 0.5, 0.5, 0.5, 0.5, 0.5, 0.5, 0.5, 0.5, 0.5, 0.5, 0.5, 0.5, 0.5, 0.5, 0.5, 0.5, 0.5, 0.5, 0.5, 0.5, 0.5, 0.5, 0.5, 0.5, 0.5, 0.5, 0.5, 0.5, 0.5, 0.5, 0.5, 0.5, 0.5, 0.5, 0.5, 0.5, 0.5, 0.5, 0.5, 0.5, 0.5, 0.5, 0.5, 0.5, 0.5, 0.5, 0.5, 0.5, 0.5, 0.5, 0.5, 0.5, 0.5, 0.5, 0.5, 0.5, 0.5, 0.5, 0.5, 0.5, 0.5, 0.5, 0.5, 0.5, 0.5, 0.5, 0.5, 0.5, 0.5, 0.5, 0.5, 0.5, 0.5, 0.5, 0.5, 0.5, 0.5, 0.5, 0.5, 0.5, 0.5, 0.5, 0.5, 0.5, 0.5, 0.5, 0.5, 0.5, 0.5, 0.5, 0.5, 0.5, 0.5, 0.5, 0.5, 0.5, 0.5, 0.5, 0.5, 0.5, 0.5, 0.5, 0.5, 0.5, 0.5, 0.5, 0.5, 0.5, 0.5, 0.5, 0.5, 0.5, 0.5, 0.5, 0.5, 0.5, 0.5, 0.5, 0.5, 0.5, 0.5, 0.5, 0.5, 0.5, 0.5, 0.5, 0.5, 0.5, 0.5, 0.5, 0.5, 0.5, 0.5, 0.5, 0.5, 0.5, 0.5, 0.5, 0.5, 0.5, 0.5, 0.5, 0.5, 0.5, 0.5, 0.5, 0.5, 0.5, 0.5, 0.5, 0.5, 0.5, 0.5, 0.5, 0.5, 0.5, 0.5, 0.5, 0.5, 0.5, 0.5, 0.5, 0.5, 0.5, 0.5, 0.5, 0.5, 0.5, 0.5, 0.5, 0.5, 0.5, 0.5, 0.5, 0.5, 0.5, 0.5, 0.5, 0.5, 0.5, 0.5, 0.5, 0.5, 0.5, 0.5, 0.5, 0.5, 0.5, 0.5, 0.5, 0.5, 0.5, 0.5, 0.5, 0.5, 0.5, 0.5, 0.5, 0.5, 0.5, 0.5, 0.5, 0.5, 0.5, 0.5, 0.5, 0.5, 0.5, 0.5, 0.5, 0.5, 0.5, 0.5, 0.5, 0.5, 0.5, 0.5, 0.5, 0.5, 0.5, 0.5, 0.5, 0.5, 0.5, 0.5, 0.5, 0.5, 0.5, 0.5, 0.5, 0.5, 0.5, 0.5, 0.5, 0.5, 0.5, 0.5, 0.5, 0.5, 0.5, 0.5, 0.5, 0.5, 0.5, 0.5, 0.5, 0.5, 0.5, 0.5, 0.5, 0.5, 0.5, 0.5, 0.5, 0.5, 0.5, 0.5, 0.5, 0.5, 0.5, 0.5, 0.5, 0.5, 0.5, 0.5, 0.5, 0.5, 0.5, 0.5, 0.5, 0.5, 0.5, 0.5, 0.5, 0.5, 0.5, 0.5, 0.5, 0.5, 0.5, 0.5, 0.5, 0.5, 0.5, 0.5, 0.5, 0.5, 0.5, 0.5, 0.5, 0.5, 0.5, 0.5, 0.5, 0.5, 0.5, 0.5, 0.5, 0.5, 0.5, 0.5, 0.5, 0.5, 0.5, 0.5, 0.5, 0.5, 0.5, 0.5, 0.5, 0.5, 0.5, 0.5, 0.5, 0.5, 0.5, 0.5, 0.5, 0.5, 0.5, 0.5, 0.5, 0.5, 0.5, 0.5, 0.5, 0.5, 0.5, 0.5, 0.5, 0.5, 0.5, 0.5, 0.5, 0.5, 0.5, 0.5, 0.5, 0.5, 0.5, 0.5, 0.5, 0.5, 0.5, 0.5, 0.5, 0.5, 0.5, 0.5, 0.5, 0.5, 0.5, 0.5, 0.5, 0.5, 0.5, 0.5, 0.5, 0.5, 0.5, 0.5, 0.5, 0.5, 0.5, 0.5, 0.5, 0.5, 0.5, 0.5, 0.5, 0.5, 0.5, 0.5, 0.5, 0.5, 0.5, 0.5, 0.5, 0.5, 0.5, 0.5, 0.5, 0.5, 0.5, 0.5, 0.5, 0.5, 0.5, 0.5, 0.5, 0.5, 0.5, 0.5, 0.5, 0.5, 0.5, 0.5, 0.5, 0.5, 0.5, 0.5, 0.5, 0.5, 0.5, 0.5, 0.5, 0.5, 0.5, 0.5, 0.5, 0.5, 0.5, 0.5, 0.5, 0.5, 0.5, 0.5, 0.5, 0.5, 0.5, 0.5, 0.5, 0.5, 0.5, 0.5, 0.5, 0.5, 0.5, 0.5, 0.5, 0.5, 0.5, 0.5, 0.5, 0.5, 0.5, 0.5, 0.5, 0.5, 0.5, 0.5, 0.5, 0.5, 0.5, 0.5, 0.5, 0.5, 0.5, 0.5, 0.5, 0.5, 0.5, 0.5, 0.5, 0.5, 0.5, 0.5, 0.5, 0.5, 0.5, 0.5, 0.5, 0.5, 0.5, 0.5, 0.5, 0.5, 0.5, 0.5, 0.5, 0.5, 0.5, 0.5, 0.5, 0.5, 0.5, 0.5, 0.5, 0.5, 0.5, 0.5, 0.5, 0.5, 0.5, 0.5, 0.5, 0.5, 0.5, 0.5, 0.5, 0.5, 0.5, 0.5, 0.5, 0.5, 0.5, 0.5, 0.5, 0.5, 0.5, 0.5, 0.5, 0.5, 0.5, 0.5, 0.5, 0.5, 0.5, 0.5, 0.5, 0.5, 0.5, 0.5, 0.5, 0.5, 0.5, 0.5, 0.5, 0.5, 0.5, 0.5, 0.5, 0.5, 0.5, 0.5, 0.5, 0.5, 0.5, 0.5, 0.5, 0.5, 0.5, 0.5, 0.5, 0.5, 0.5, 0.5, 0.5, 0.5, 0.5, 0.5, 0.5, 0.5, 0.5, 0.5, 0.5, 0.5, 0.5, 0.5, 0.5, 0.5, 0.5, 0.5, 0.5, 0.5, 0.5, 0.5, 0.5, 0.5, 0.5, 0.5, 0.5, 0.5, 0.5, 0.5, 0.5, 0.5, 0.5, 0.5, 0.5, 0.5, 0.5, 0.5, 0.5, 0.5, 0.5, 0.5, 0.5, 0.5, 0.5, 0.5, 0.5, 0.5, 0.5, 0.5, 0.5, 0.5, 0.5, 0.5, 0.5, 0.5, 0.5, 0.5, 0.5, 0.5, 0.5, 0.5, 0.5, 0.5, 0.5, 0.5, 0.5, 0.5, 0.5, 0.5, 0.5, 0.5, 0.5, 0.5, 0.5, 0.5, 0.5, 0.5, 0.5, 0.5, 0.5, 0.5, 0.5, 0.5, 0.5, 0.5, 0.5, 0.5, 0.5, 0.5, 0.5, 0.5, 0.5, 0.5, 0.5, 0.5, 0.5, 0.5, 0.5, 0.5, 0.5, 0.5, 0.5, 0.5, 0.5, 0.5, 0.5, 0.5, 0.5, 0.5, 0.5, 0.5, 0.5, 0.5, 0.5, 0.5, 0.5, 0.5, 0.5, 0.5, 0.5, 0.5, 0.5, 0.5, 0.5, 0.5, 0.5, 0.5, 0.5, 0.5, 0.5, 0.5, 0.5, 0.5, 0.5, 0.5, 0.5, 0.5, 0.5, 0.5, 0.5, 0.5, 0.5, 0.5, 0.5, 0.5, 0.5, 0.5, 0.5, 0.5, 0.5, 0.5, 0.5, 0.5, 0.5, 0.5, 0.5, 0.5, 0.5, 0.5, 0.5, 0.5, 0.5, 0.5, 0.5, 0.5, 0.5, 0.5, 0.5, 0.5, 0.5, 0.5, 0.5, 0.5, 0.5, 0.5, 0.5, 0.5, 0.5, 0.5, 0.5, 0.5, 0.5, 0.5, 0.5, 0.5, 0.5, 0.5, 0.5, 0.5, 0.5, 0.5, 0.5, 0.5, 0.5, 0.5, 0.5, 0.5, 0.5, 0.5, 0.5, 0.5, 0.5, 0.5, 0.5, 0.5, 0.5, 0.5, 0.5, 0.5, 0.5, 0.5, 0.5, 0.5, 0.5, 0.5, 0.5, 0.5, 0.5, 0.5, 0.5, 0.5, 0.5, 0.5, 0.5, 0.5, 0.5, 0.5, 0.5, 0.5, 0.5, 0.5, 0.5, 0.5, 0.5, 0.5, 0.5, 0.5, 0.5, 0.5, 0.5, 0.5, 0.5, 0.5, 0.5, 0.5, 0.5, 0.5, 0.5, 0.5, 0.5, 0.5, 0.5, 0.5, 0.5, 0.5, 0.5, 0.5, 0.5, 0.5, 0.5, 0.5, 0.5, 0.5, 0.5, 0.5, 0.5, 0.5, 0.5, 0.5, 0.5, 0.5, 0.5, 0.5, 0.5, 0.5, 0.5, 0.5, 0.5, 0.5, 0.5, 0.5, 0.5, 0.5, 0.5, 0.5, 0.5, 0.5, 0.5, 0.5, 0.5, 0.5, 0.5, 0.5, 0.5, 0.5, 0.5, 0.5, 0.5, 0.5, 0.5, 0.5, 0.5, 0.5, 0.5, 0.5, 0.5, 0.5, 0.5, 0.5, 0.5, 0.5, 0.5, 0.5, 0.5, 0.5, 0.5, 0.5, 0.5, 0.5, 0.5, 0.5, 0.5, 0.5, 0.5, 0.5, 0.5, 0.5, 0.5, 0.5, 0.5, 0.5, 0.5, 0.5, 0.5, 0.5, 0.5, 0.5, 0.5, 0.5, 0.5, 0.5, 0.5, 0.5, 0.5, 0.5, 0.5, 0.5, 0.5, 0.5, 0.5, 0.5, 0.5, 0.5, 0.5, 0.5, 0.5, 0.5, 0.5, 0.5, 0.5, 0.5, 0.5, 0.5, 0.5, 0.5, 0.5, 0.5, 0.5, 0.5, 0.5, 0.5, 0.5, 0.5, 0.5, 0.5, 0.5, 0.5, 0.5, 0.5, 0.5, 0.5, 0.5, 0.5, 0.5, 0.5, 0.5, 0.5, 0.5, 0.5, 0.5, 0.5, 0.5, 0.5, 0.5, 0.5, 0.5, 0.5, 0.5, 0.5, 0.5, 0.5, 0.5, 0.5, 0.5, 0.5, 0.5, 0.5, 0.5, 0.5, 0.5, 0.5, 0.5, 0.5, 0.5, 0.5, 0.5, 0.5, 0.5, 0.5, 0.5, 0.5, 0.5, 0.5, 0.5, 0.5, 0.5, 0.5, 0.5, 0.5, 0.5, 0.5, 0.5, 0.5, 0.5, 0.5, 0.5, 0.5, 0.5, 0.5, 0.5, 0.5, 0.5, 0.5, 0.5, 0.5, 0.5, 0.5, 0.5, 0.5, 0.5, 0.5, 0.5, 0.5, 0.5, 0.5, 0.5, 0.5, 0.5, 0.5, 0.5, 0.5, 0.5, 0.5, 0.5, 0.5, 0.5, 0.5, 0.5, 0.5, 0.5, 0.5, 0.5, 0.5, 0.5, 0.5, 0.5, 0.5, 0.5, 0.5, 0.5, 0.5, 0.5, 0.5, 0.5, 0.5, 0.5, 0.5, 0.5, 0.5, 0.5, 0.5, 0.5, 0.5, 0.5, 0.5, 0.5, 0.5, 0.5, 0.5, 0.5, 0.5, 0.5, 0.5, 0.5, 0.5, 0.5, 0.5, 0.5, 0.5, 0.5, 0.5, 0.5, 0.5, 0.5, 0.5, 0.5, 0.5, 0.5, 0.5, 0.5, 0.5, 0.5, 0.5, 0.5, 0.5, 0.5, 0.5, 0.5, 0.5, 0.5, 0.5, 0.5, 0.5, 0.5, 0.5, 0.5, 0.5, 0.5, 0.5, 0.5, 0.5, 0.5, 0.5, 0.5, 0.5, 0.5, 0.5, 0.5, 0.5, 0.5, 0.5, 0.5, 0.5, 0.5, 0.5, 0.5, 0.5, 0.5, 0.5, 0.5, 0.5, 0.5, 0.5, 0.5, 0.5, 0.5, 0.5, 0.5, 0.5, 0.5, 0.5, 0.5, 0.5, 0.5, 0.5, 0.5, 0.5, 0.5, 0.5, 0.5, 0.5, 0.5, 0.5, 0.5, 0.5, 0.5, 0.5, 0.5, 0.5, 0.5, 0.5, 0.5, 0.5, 0.5, 0.5, 0.5, 0.5, 0.5, 0.5, 0.5, 0.5, 0.5, 0.5, 0.5, 0.5, 0.5, 0.5, 0.5, 0.5, 0.5, 0.5, 0.5, 0.5, 0.5, 0.5, 0.5, 0.5, 0.5, 0.5, 0.5, 0.5, 0.5, 0.5, 0.5, 0.5, 0.5, 0.5, 0.5, 0.5, 0.5, 0.5, 0.5, 0.5, 0.5, 0.5, 0.5, 0.5, 0.5, 0.5, 0.5, 0.5, 0.5, 0.5, 0.5, 0.5, 0.5, 0.5, 0.5, 0.5, 0.5, 0.5, 0.5, 0.5, 0.5, 0.5, 0.5, 0.5, 0.5, 0.5, 0.5, 0.5, 0.5, 0.5, 0.5, 0.5, 0.5, 0.5, 0.5, 0.5, 0.5, 0.5, 0.5, 0.5, 0.5, 0.5, 0.5, 0.5, 0.5, 0.5, 0.5, 0.5, 0.5, 0.5, 0.5, 0.5, 0.5, 0.5, 0.5, 0.5, 0.5, 0.5, 0.5, 0.5, 0.5, 0.5, 0.5, 0.5, 0.5, 0.5, 0.5, 0.5, 0.5, 0.5, 0.5, 0.5, 0.5, 0.5, 0.5, 0.5, 0.5, 0.5, 0.5, 0.5, 0.5, 0.5, 0.5, 0.5, 0.5, 0.5, 0.5, 0.5, 0.5, 0.5, 0.5, 0.5, 0.5, 0.5, 0.5, 0.5, 0.5, 0.5, 0.5, 0.5, 0.5, 0.5, 0.5, 0.5, 0.5, 0.5, 0.5, 0.5, 0.5, 0.5, 0.5, 0.5, 0.5, 0.5, 0.5, 0.5, 0.5, 0.5, 0.5, 0.5, 0.5, 0.5, 0.5, 0.5, 0.5, 0.5, 0.5, 0.5, 0.5, 0.5, 0.5, 0.5, 0.5, 0.5, 0.5, 0.5, 0.5, 0.5, 0.5, 0.5, 0.5, 0.5, 0.5, 0.5, 0.5, 0.5, 0.5, 0.5, 0.5, 0.5, 0.5, 0.5, 0.5, 0.5, 0.5, 0.5, 0.5, 0.5, 0.5, 0.5, 0.5, 0.5, 0.5, 0.5, 0.5, 0.5, 0.5, 0.5, 0.5, 0.5, 0.5, 0.5, 0.5, 0.5, 0.5, 0.5, 0.5, 0.5, 0.5, 0.5, 0.5, 0.5, 0.5, 0.5, 0.5, 0.5, 0.5, 0.5, 0.5, 0.5, 0.5, 0.5, 0.5, 0.5, 0.5, 0.5, 0.5, 0.5, 0.5, 0.5, 0.5, 0.5, 0.5, 0.5, 0.5, 0.5, 0.5, 0.5, 0.5, 0.5]",0
2026_11_KICE_14-17_3,['3(3)'],"1번: (오답) 롱게네스는 인격의 동일성 기준으로 신체를 강조하지만, 프로그램으로 재현된 의식에 대한 직접적인 언급은 없습니다. ""인격의 동일성의 기준은 각자가 자신의 것이라고 통시적으로 인식하는 신체""라는 문장만으로는 프로그램 재현 의식에 대한 판단을 내리기 어렵습니다.

2번: (오답) 스트로슨은 ""인격을 의식과 신체의 복합체로 본다""고 했으므로, 신체가 없는 존재에게 인격이 귀속될 수 없다는 을의 입장을 반박할 수 없습니다. 오히려 스트로슨의 견해는 신체를 강조하므로 을의 입장을 지지하지 않습니다.

3번: (정답) 칸트 이전의 견해는 ""생각하는 나""인 영혼이 단일한 주관으로서 지속한다는 것이었습니다. 따라서 ""생각하는 나의 지속만으로는 인격의 동일성이 보장될 수 없다""는 갑의 입장은 칸트 이전 견해와 상반되므로, 칸트 이전 견해에 따르면 갑의 입장은 옳지 않다는 설명이 타당합니다.

4번: (오답) 칸트는 ""복수의 주관이 동일한 인격으로 인식된다는 가정이 반드시 선행되어야 한다""고 보았습니다. 따라서 ""가정이 선행될 필요 없다""는 을의 입장은 칸트의 견해와 배치됩니다.

5번: (오답) 롱게네스는 ""인간과 상이한 존재""에 대한 언급을 하지 않았으며, 오히려 ""인간에만 적용되는 개념""이라고 보았습니다. 또한 ""사고 기능""보다는 신체를 강조했으므로, 을의 입장을 지지하지 않습니다.

최종 정답: 3번","[16, 167, 110, 230, 25, 357, 168, 246, 97, 46695, 113, 8, 31619, 94, 109, 166, 110, 234, 167, 226, 97, 168, 232, 97, 167, 232, 242, 23821, 251, 116, 166, 110, 102, 35975, 246, 31619, 237, 247, 35975, 120, 168, 226, 109, 220, 166, 116, 108, 168, 97, 222, 168, 250, 120, 167, 94, 250, 23821, 233, 254, 168, 110, 112, 167, 98, 120, 220, 166, 108, 243, 168, 94, 108, 47991, 246, 168, 100, 222, 167, 100, 234, 11, 220, 169, 242, 226, 167, 94, 250, 166, 115, 116, 167, 252, 101, 168, 250, 120, 167, 94, 250, 23821, 252, 105, 169, 246, 226, 167, 238, 250, 23821, 251, 246, 168, 233, 251, 168, 245, 238, 31619, 234, 222, 47991, 250, 23821, 100, 223, 168, 254, 239, 168, 254, 223, 35975, 116, 23821, 244, 116, 166, 116, 231, 35975, 222, 23821, 245, 228, 168, 232, 113, 46695, 230, 46695, 97, 13, 366, 35975, 116, 166, 110, 102, 35975, 246, 31619, 237, 247, 35975, 120, 168, 226, 109, 35975, 246, 220, 166, 116, 108, 168, 97, 222, 35975, 222, 220, 166, 108, 223, 168, 252, 238, 166, 108, 222, 23821, 252, 238, 168, 233, 254, 35975, 246, 220, 166, 110, 225, 35975, 112, 167, 251, 120, 166, 111, 254, 220, 169, 228, 113, 168, 233, 250, 168, 254, 223, 168, 250, 120, 167, 94, 250, 23821, 251, 116, 168, 233, 251, 47991, 246, 167, 232, 242, 23821, 233, 254, 168, 110, 112, 1, 167, 251, 120, 167, 232, 242, 31619, 105, 116, 168, 252, 98, 167, 100, 234, 168, 250, 120, 167, 94, 250, 167, 232, 242, 220, 169, 242, 226, 167, 94, 250, 166, 115, 116, 167, 252, 101, 23821, 252, 105, 169, 246, 226, 23821, 251, 246, 168, 233, 251, 168, 245, 238, 31619, 234, 222, 47991, 250, 220, 169, 234, 238, 46695, 101, 35975, 226, 31619, 224, 112, 167, 99, 105, 166, 116, 108, 23821, 244, 112, 167, 254, 113, 168, 232, 113, 46695, 230, 46695, 97, 13, 198, 198, 17, 167, 110, 230, 25, 357, 168, 246, 97, 46695, 113, 8, 23821, 232, 97, 169, 232, 116, 167, 94, 250, 168, 232, 101, 35975, 222, 366, 35975, 116, 166, 110, 102, 35975, 226, 23821, 251, 246, 168, 233, 251, 166, 111, 120, 23821, 233, 254, 168, 110, 112, 35975, 246, 31619, 111, 113, 47991, 102, 168, 110, 112, 167, 94, 250, 31619, 111, 116, 46695, 97, 1, 166, 111, 254, 220, 169, 244, 230, 168, 250, 120, 167, 107, 222, 167, 94, 250, 11, 23821, 233, 254, 168, 110, 112, 166, 108, 222, 23821, 245, 228, 167, 232, 242, 23821, 94, 112, 168, 252, 105, 168, 245, 238, 166, 110, 234, 23821, 251, 116, 166, 110, 102, 35975, 112, 220, 166, 115, 222, 168, 228, 235, 167, 238, 254, 23821, 230, 246, 23821, 245, 228, 46695, 97, 167, 232, 242, 23821, 251, 226, 35975, 246, 23821, 252, 227, 168, 252, 98, 35975, 226, 31619, 108, 246, 167, 108, 243, 47991, 254, 23821, 230, 246, 23821, 245, 228, 168, 232, 113, 46695, 230, 46695, 97, 13, 23821, 246, 97, 169, 252, 230, 167, 254, 97, 23821, 232, 97, 169, 232, 116, 167, 94, 250, 168, 232, 101, 35975, 246, 220, 166, 110, 105, 47991, 112, 167, 232, 242, 23821, 233, 254, 168, 110, 112, 167, 98, 120, 220, 166, 108, 243, 168, 94, 108, 47991, 246, 167, 107, 222, 167, 94, 250, 23821, 251, 226, 35975, 246, 23821, 252, 227, 168, 252, 98, 35975, 226, 23821, 100, 222, 168, 100, 222, 47991, 246, 168, 100, 222, 23821, 243, 232, 168, 232, 113, 46695, 230, 46695, 97, 13, 198, 198, 18, 167, 110, 230, 25, 357, 168, 254, 243, 46695, 113, 8, 23821, 117, 116, 169, 232, 116, 23821, 251, 112, 168, 254, 226, 35975, 246, 220, 166, 110, 105, 47991, 112, 167, 232, 242, 366, 168, 225, 251, 166, 108, 223, 47991, 246, 167, 232, 242, 31619, 224, 246, 1, 35975, 116, 23821, 246, 223, 169, 246, 120, 35975, 112, 31619, 233, 101, 35975, 120, 47991, 250, 23821, 96, 120, 166, 112, 222, 168, 250, 120, 167, 94, 250, 168, 226, 250, 23821, 100, 222, 168, 228, 235, 47991, 250, 46695, 97, 167, 232, 242, 220, 166, 110, 225, 35975, 112, 168, 245, 230, 168, 232, 113, 46695, 230, 46695, 97, 13, 31619, 242, 108, 167, 251, 120, 168, 226, 250, 366, 168, 225, 251, 166, 108, 223, 47991, 246, 167, 232, 242, 31619, 224, 246, 35975, 246, 23821, 100, 222, 168, 228, 235, 167, 100, 234, 168, 250, 120, 167, 94, 250, 167, 232, 242, 23821, 251, 116, 166, 110, 102, 35975, 246, 31619, 237, 247, 35975, 120, 168, 226, 109, 35975, 112, 31619, 111, 112, 168, 252, 98, 167, 238, 254, 23821, 230, 246, 23821, 245, 228, 46695, 97, 1, 167, 232, 242, 220, 166, 108, 239, 35975, 246, 23821, 252, 227, 168, 252, 98, 35975, 222, 23821, 117, 116, 169, 232, 116, 23821, 251, 112, 168, 254, 226, 220, 166, 110, 105, 47991, 112, 168, 247, 222, 23821, 225, 223, 167, 108, 246, 167, 238, 246, 167, 107, 222, 167, 94, 250, 11, 23821, 117, 116, 169, 232, 116, 23821, 251, 112, 168, 254, 226, 220, 166, 110, 105, 47991, 112, 168, 245, 238, 31619, 242, 108, 167, 98, 112, 167, 102, 112, 220, 166, 108, 239, 35975, 246, 23821, 252, 227, 168, 252, 98, 35975, 222, 23821, 246, 111, 168, 100, 222, 23821, 243, 232, 46695, 97, 167, 232, 242, 23821, 226, 97, 167, 103, 227, 35975, 112, 220, 169, 225, 222, 46695, 117, 47991, 102, 46695, 230, 46695, 97, 13, 198, 198, 19, 167, 110, 230, 25, 357, 168, 246, 97, 46695, 113, 8, 23821, 117, 116, 169, 232, 116, 167, 232, 242, 366, 167, 111, 113, 168, 230, 246, 35975, 246, 23821, 96, 120, 166, 112, 222, 35975, 112, 31619, 237, 247, 35975, 120, 47991, 250, 23821, 251, 116, 166, 110, 102, 168, 250, 120, 167, 94, 250, 23821, 251, 116, 168, 233, 251, 167, 238, 250, 46695, 97, 167, 232, 242, 220, 166, 108, 222, 168, 254, 243, 35975, 112, 31619, 108, 246, 167, 241, 250, 168, 233, 250, 23821, 226, 254, 169, 244, 231, 167, 238, 246, 168, 244, 112, 168, 243, 120, 220, 47991, 250, 46695, 97, 1, 166, 111, 254, 31619, 111, 112, 168, 243, 246, 168, 232, 113, 46695, 230, 46695, 97, 13, 31619, 242, 108, 167, 251, 120, 168, 226, 250, 366, 166, 108, 222, 168, 254, 243, 35975, 112, 23821, 226, 254, 169, 244, 231, 167, 238, 254, 220, 47991, 226, 168, 248, 242, 23821, 245, 228, 46695, 97, 1, 167, 232, 242, 23821, 251, 226, 35975, 246, 23821, 252, 227, 168, 252, 98, 35975, 222, 23821, 117, 116, 169, 232, 116, 35975, 246, 220, 166, 110, 105, 47991, 112, 168, 247, 222, 31619, 108, 108, 168, 117, 246, 167, 238, 102, 46695, 230, 46695, 97, 13, 198, 198, 20, 167, 110, 230, 25, 357, 168, 246, 97, 46695, 113, 8, 31619, 94, 109, 166, 110, 234, 167, 226, 97, 168, 232, 97, 167, 232, 242, 366, 35975, 116, 166, 108, 226, 166, 111, 120, 23821, 225, 223, 35975, 112, 47991, 250, 23821, 94, 112, 168, 252, 105, 1, 168, 245, 238, 31619, 234, 222, 47991, 250, 23821, 244, 116, 166, 116, 231, 35975, 226, 220, 47991, 246, 168, 100, 222, 23821, 243, 232, 168, 243, 246, 168, 250, 120, 167, 102, 108, 11, 23821, 246, 97, 169, 252, 230, 167, 254, 97, 366, 35975, 116, 166, 108, 226, 168, 245, 238, 167, 100, 234, 23821, 254, 223, 168, 248, 102, 167, 238, 246, 167, 232, 242, 220, 166, 108, 250, 167, 227, 238, 1, 35975, 112, 167, 251, 120, 166, 111, 254, 31619, 111, 112, 168, 243, 246, 168, 232, 113, 46695, 230, 46695, 97, 13, 31619, 246, 238, 47991, 250, 366, 168, 8955, 166, 111, 254, 220, 166, 116, 108, 167, 232, 98, 1, 167, 111, 112, 46695, 97, 167, 232, 242, 23821, 233, 254, 168, 110, 112, 167, 98, 120, 220, 166, 108, 243, 168, 94, 108, 169, 244, 230, 168, 250, 120, 167, 107, 222, 167, 94, 250, 11, 23821, 251, 226, 35975, 246, 23821, 252, 227, 168, 252, 98, 35975, 226, 23821, 100, 222, 168, 100, 222, 47991, 246, 168, 100, 222, 23821, 243, 232, 168, 232, 113, 46695, 230, 46695, 97, 13, 198, 198, 168, 113, 250, 168, 95, 227, 23821, 254, 243, 46695, 113, 25, 513, 167, 110, 230]","[0.5, 0.5, 0.5, 0.5, 0.5, 0.5, 0.5, 0.5, 0.5, 0.5, 0.5, 0.5, 0.5, 0.5, 0.5, 0.5, 0.5, 0.5, 0.5, 0.5, 0.5, 0.5, 0.5, 0.5, 0.5, 0.5, 0.5, 0.5, 0.5, 0.5, 0.5, 0.5, 0.5, 0.5, 0.5, 0.5, 0.5, 0.5, 0.5, 0.5, 0.5, 0.5, 0.5, 0.5, 0.5, 0.5, 0.5, 0.5, 0.5, 0.5, 0.5, 0.5, 0.5, 0.5, 0.5, 0.5, 0.5, 0.5, 0.5, 0.5, 0.5, 0.5, 0.5, 0.5, 0.5, 0.5, 0.5, 0.5, 0.5, 0.5, 0.5, 0.5, 0.5, 0.5, 0.5, 0.5, 0.5, 0.5, 0.5, 0.5, 0.5, 0.5, 0.5, 0.5, 0.5, 0.5, 0.5, 0.5, 0.5, 0.5, 0.5, 0.5, 0.5, 0.5, 0.5, 0.5, 0.5, 0.5, 0.5, 0.5, 0.5, 0.5, 0.5, 0.5, 0.5, 0.5, 0.5, 0.5, 0.5, 0.5, 0.5, 0.5, 0.5, 0.5, 0.5, 0.5, 0.5, 0.5, 0.5, 0.5, 0.5, 0.5, 0.5, 0.5, 0.5, 0.5, 0.5, 0.5, 0.5, 0.5, 0.5, 0.5, 0.5, 0.5, 0.5, 0.5, 0.5, 0.5, 0.5, 0.5, 0.5, 0.5, 0.5, 0.5, 0.5, 0.5, 0.5, 0.5, 0.5, 0.5, 0.5, 0.5, 0.5, 0.5, 0.5, 0.5, 0.5, 0.5, 0.5, 0.5, 0.5, 0.5, 0.5, 0.5, 0.5, 0.5, 0.5, 0.5, 0.5, 0.5, 0.5, 0.5, 0.5, 0.5, 0.5, 0.5, 0.5, 0.5, 0.5, 0.5, 0.5, 0.5, 0.5, 0.5, 0.5, 0.5, 0.5, 0.5, 0.5, 0.5, 0.5, 0.5, 0.5, 0.5, 0.5, 0.5, 0.5, 0.5, 0.5, 0.5, 0.5, 0.5, 0.5, 0.5, 0.5, 0.5, 0.5, 0.5, 0.5, 0.5, 0.5, 0.5, 0.5, 0.5, 0.5, 0.5, 0.5, 0.5, 0.5, 0.5, 0.5, 0.5, 0.5, 0.5, 0.5, 0.5, 0.5, 0.5, 0.5, 0.5, 0.5, 0.5, 0.5, 0.5, 0.5, 0.5, 0.5, 0.5, 0.5, 0.5, 0.5, 0.5, 0.5, 0.5, 0.5, 0.5, 0.5, 0.5, 0.5, 0.5, 0.5, 0.5, 0.5, 0.5, 0.5, 0.5, 0.5, 0.5, 0.5, 0.5, 0.5, 0.5, 0.5, 0.5, 0.5, 0.5, 0.5, 0.5, 0.5, 0.5, 0.5, 0.5, 0.5, 0.5, 0.5, 0.5, 0.5, 0.5, 0.5, 0.5, 0.5, 0.5, 0.5, 0.5, 0.5, 0.5, 0.5, 0.5, 0.5, 0.5, 0.5, 0.5, 0.5, 0.5, 0.5, 0.5, 0.5, 0.5, 0.5, 0.5, 0.5, 0.5, 0.5, 0.5, 0.5, 0.5, 0.5, 0.5, 0.5, 0.5, 0.5, 0.5, 0.5, 0.5, 0.5, 0.5, 0.5, 0.5, 0.5, 0.5, 0.5, 0.5, 0.5, 0.5, 0.5, 0.5, 0.5, 0.5, 0.5, 0.5, 0.5, 0.5, 0.5, 0.5, 0.5, 0.5, 0.5, 0.5, 0.5, 0.5, 0.5, 0.5, 0.5, 0.5, 0.5, 0.5, 0.5, 0.5, 0.5, 0.5, 0.5, 0.5, 0.5, 0.5, 0.5, 0.5, 0.5, 0.5, 0.5, 0.5, 0.5, 0.5, 0.5, 0.5, 0.5, 0.5, 0.5, 0.5, 0.5, 0.5, 0.5, 0.5, 0.5, 0.5, 0.5, 0.5, 0.5, 0.5, 0.5, 0.5, 0.5, 0.5, 0.5, 0.5, 0.5, 0.5, 0.5, 0.5, 0.5, 0.5, 0.5, 0.5, 0.5, 0.5, 0.5, 0.5, 0.5, 0.5, 0.5, 0.5, 0.5, 0.5, 0.5, 0.5, 0.5, 0.5, 0.5, 0.5, 0.5, 0.5, 0.5, 0.5, 0.5, 0.5, 0.5, 0.5, 0.5, 0.5, 0.5, 0.5, 0.5, 0.5, 0.5, 0.5, 0.5, 0.5, 0.5, 0.5, 0.5, 0.5, 0.5, 0.5, 0.5, 0.5, 0.5, 0.5, 0.5, 0.5, 0.5, 0.5, 0.5, 0.5, 0.5, 0.5, 0.5, 0.5, 0.5, 0.5, 0.5, 0.5, 0.5, 0.5, 0.5, 0.5, 0.5, 0.5, 0.5, 0.5, 0.5, 0.5, 0.5, 0.5, 0.5, 0.5, 0.5, 0.5, 0.5, 0.5, 0.5, 0.5, 0.5, 0.5, 0.5, 0.5, 0.5, 0.5, 0.5, 0.5, 0.5, 0.5, 0.5, 0.5, 0.5, 0.5, 0.5, 0.5, 0.5, 0.5, 0.5, 0.5, 0.5, 0.5, 0.5, 0.5, 0.5, 0.5, 0.5, 0.5, 0.5, 0.5, 0.5, 0.5, 0.5, 0.5, 0.5, 0.5, 0.5, 0.5, 0.5, 0.5, 0.5, 0.5, 0.5, 0.5, 0.5, 0.5, 0.5, 0.5, 0.5, 0.5, 0.5, 0.5, 0.5, 0.5, 0.5, 0.5, 0.5, 0.5, 0.5, 0.5, 0.5, 0.5, 0.5, 0.5, 0.5, 0.5, 0.5, 0.5, 0.5, 0.5, 0.5, 0.5, 0.5, 0.5, 0.5, 0.5, 0.5, 0.5, 0.5, 0.5, 0.5, 0.5, 0.5, 0.5, 0.5, 0.5, 0.5, 0.5, 0.5, 0.5, 0.5, 0.5, 0.5, 0.5, 0.5, 0.5, 0.5, 0.5, 0.5, 0.5, 0.5, 0.5, 0.5, 0.5, 0.5, 0.5, 0.5, 0.5, 0.5, 0.5, 0.5, 0.5, 0.5, 0.5, 0.5, 0.5, 0.5, 0.5, 0.5, 0.5, 0.5, 0.5, 0.5, 0.5, 0.5, 0.5, 0.5, 0.5, 0.5, 0.5, 0.5, 0.5, 0.5, 0.5, 0.5, 0.5, 0.5, 0.5, 0.5, 0.5, 0.5, 0.5, 0.5, 0.5, 0.5, 0.5, 0.5, 0.5, 0.5, 0.5, 0.5, 0.5, 0.5, 0.5, 0.5, 0.5, 0.5, 0.5, 0.5, 0.5, 0.5, 0.5, 0.5, 0.5, 0.5, 0.5, 0.5, 0.5, 0.5, 0.5, 0.5, 0.5, 0.5, 0.5, 0.5, 0.5, 0.5, 0.5, 0.5, 0.5, 0.5, 0.5, 0.5, 0.5, 0.5, 0.5, 0.5, 0.5, 0.5, 0.5, 0.5, 0.5, 0.5, 0.5, 0.5, 0.5, 0.5, 0.5, 0.5, 0.5, 0.5, 0.5, 0.5, 0.5, 0.5, 0.5, 0.5, 0.5, 0.5, 0.5, 0.5, 0.5, 0.5, 0.5, 0.5, 0.5, 0.5, 0.5, 0.5, 0.5, 0.5, 0.5, 0.5, 0.5, 0.5, 0.5, 0.5, 0.5, 0.5, 0.5, 0.5, 0.5, 0.5, 0.5, 0.5, 0.5, 0.5, 0.5, 0.5, 0.5, 0.5, 0.5, 0.5, 0.5, 0.5, 0.5, 0.5, 0.5, 0.5, 0.5, 0.5, 0.5, 0.5, 0.5, 0.5, 0.5, 0.5, 0.5, 0.5, 0.5, 0.5, 0.5, 0.5, 0.5, 0.5, 0.5, 0.5, 0.5, 0.5, 0.5, 0.5, 0.5, 0.5, 0.5, 0.5, 0.5, 0.5, 0.5, 0.5, 0.5, 0.5, 0.5, 0.5, 0.5, 0.5, 0.5, 0.5, 0.5, 0.5, 0.5, 0.5, 0.5, 0.5, 0.5, 0.5, 0.5, 0.5, 0.5, 0.5, 0.5, 0.5, 0.5, 0.5, 0.5, 0.5, 0.5, 0.5, 0.5, 0.5, 0.5, 0.5, 0.5, 0.5, 0.5, 0.5, 0.5, 0.5, 0.5, 0.5, 0.5, 0.5, 0.5, 0.5, 0.5, 0.5, 0.5, 0.5, 0.5, 0.5, 0.5, 0.5, 0.5, 0.5, 0.5, 0.5, 0.5, 0.5, 0.5, 0.5, 0.5, 0.5, 0.5, 0.5, 0.5, 0.5, 0.5, 0.5, 0.5, 0.5, 0.5, 0.5, 0.5, 0.5, 0.5, 0.5, 0.5, 0.5, 0.5, 0.5, 0.5, 0.5, 0.5, 0.5, 0.5, 0.5, 0.5, 0.5, 0.5, 0.5, 0.5, 0.5, 0.5, 0.5, 0.5, 0.5, 0.5, 0.5, 0.5, 0.5, 0.5, 0.5, 0.5, 0.5, 0.5, 0.5, 0.5, 0.5, 0.5, 0.5, 0.5, 0.5, 0.5, 0.5, 0.5, 0.5, 0.5, 0.5, 0.5, 0.5, 0.5, 0.5, 0.5, 0.5, 0.5, 0.5, 0.5, 0.5, 0.5, 0.5, 0.5, 0.5, 0.5, 0.5, 0.5, 0.5, 0.5, 0.5, 0.5, 0.5, 0.5, 0.5, 0.5, 0.5, 0.5, 0.5, 0.5, 0.5, 0.5, 0.5, 0.5, 0.5, 0.5, 0.5, 0.5, 0.5, 0.5, 0.5, 0.5, 0.5, 0.5, 0.5, 0.5, 0.5, 0.5, 0.5, 0.5, 0.5, 0.5, 0.5, 0.5, 0.5, 0.5, 0.5, 0.5, 0.5, 0.5, 0.5, 0.5, 0.5, 0.5, 0.5, 0.5, 0.5, 0.5, 0.5, 0.5, 0.5, 0.5, 0.5, 0.5, 0.5, 0.5, 0.5, 0.5, 0.5, 0.5, 0.5, 0.5, 0.5, 0.5, 0.5, 0.5, 0.5, 0.5, 0.5, 0.5, 0.5, 0.5, 0.5, 0.5, 0.5, 0.5, 0.5, 0.5, 0.5, 0.5, 0.5, 0.5, 0.5, 0.5, 0.5, 0.5, 0.5, 0.5, 0.5, 0.5, 0.5, 0.5, 0.5, 0.5, 0.5, 0.5, 0.5, 0.5, 0.5, 0.5, 0.5, 0.5, 0.5, 0.5, 0.5, 0.5, 0.5, 0.5, 0.5, 0.5, 0.5, 0.5, 0.5, 0.5, 0.5, 0.5, 0.5, 0.5, 0.5, 0.5, 0.5, 0.5, 0.5, 0.5, 0.5, 0.5, 0.5, 0.5, 0.5, 0.5, 0.5, 0.5, 0.5, 0.5, 0.5, 0.5, 0.5, 0.5, 0.5, 0.5, 0.5, 0.5, 0.5, 0.5, 0.5, 0.5, 0.5, 0.5, 0.5, 0.5, 0.5, 0.5, 0.5, 0.5, 0.5, 0.5, 0.5, 0.5, 0.5, 0.5, 0.5, 0.5, 0.5, 0.5, 0.5, 0.5, 0.5, 0.5, 0.5, 0.5, 0.5, 0.5, 0.5, 0.5, 0.5, 0.5, 0.5, 0.5, 0.5, 0.5, 0.5, 0.5, 0.5, 0.5, 0.5, 0.5, 0.5, 0.5, 0.5, 0.5, 0.5, 0.5, 0.5, 0.5, 0.5, 0.5, 0.5, 0.5, 0.5, 0.5, 0.5, 0.5, 0.5, 0.5, 0.5, 0.5, 0.5, 0.5, 0.5, 0.5, 0.5, 0.5, 0.5, 0.5, 0.5, 0.5, 0.5, 0.5, 0.5, 0.5, 0.5, 0.5, 0.5, 0.5, 0.5, 0.5, 0.5, 0.5, 0.5, 0.5, 0.5, 0.5, 0.5, 0.5, 0.5, 0.5, 0.5, 0.5, 0.5, 0.5, 0.5, 0.5, 0.5, 0.5, 0.5, 0.5, 0.5, 0.5, 0.5, 0.5, 0.5, 0.5, 0.5, 0.5, 0.5, 0.5, 0.5, 0.5, 0.5, 0.5, 0.5, 0.5, 0.5, 0.5, 0.5, 0.5, 0.5, 0.5, 0.5, 0.5, 0.5, 0.5, 0.5, 0.5, 0.5, 0.5, 0.5, 0.5, 0.5, 0.5, 0.5, 0.5, 0.5, 0.5, 0.5, 0.5, 0.5, 0.5, 0.5, 0.5, 0.5, 0.5, 0.5, 0.5, 0.5, 0.5, 0.5, 0.5, 0.5, 0.5, 0.5, 0.5, 0.5, 0.5, 0.5, 0.5, 0.5, 0.5, 0.5, 0.5, 0.5, 0.5, 0.5, 0.5, 0.5, 0.5, 0.5, 0.5, 0.5, 0.5, 0.5, 0.5, 0.5, 0.5, 0.5, 0.5, 0.5, 0.5, 0.5, 0.5, 0.5, 0.5, 0.5, 0.5, 0.5, 0.5, 0.5, 0.5, 0.5, 0.5, 0.5, 0.5, 0.5, 0.5, 0.5, 0.5, 0.5, 0.5, 0.5, 0.5, 0.5, 0.5, 0.5, 0.5, 0.5, 0.5, 0.5, 0.5, 0.5, 0.5, 0.5, 0.5, 0.5, 0.5, 0.5, 0.5, 0.5, 0.5, 0.5, 0.5, 0.5, 0.5, 0.5, 0.5, 0.5, 0.5, 0.5, 0.5, 0.5, 0.5, 0.5, 0.5, 0.5, 0.5, 0.5, 0.5, 0.5, 0.5, 0.5, 0.5, 0.5, 0.5, 0.5, 0.5, 0.5, 0.5, 0.5, 0.5, 0.5, 0.5, 0.5, 0.5, 0.5, 0.5, 0.5, 0.5, 0.5, 0.5, 0.5, 0.5, 0.5, 0.5, 0.5, 0.5, 0.5, 0.5, 0.5, 0.5, 0.5, 0.5, 0.5, 0.5, 0.5, 0.5, 0.5, 0.5, 0.5, 0.5, 0.5, 0.5, 0.5, 0.5, 0.5, 0.5, 0.5, 0.5, 0.5, 0.5, 0.5, 0.5, 0.5, 0.5, 0.5, 0.5, 0.5, 0.5, 0.5, 0.5, 0.5, 0.5, 0.5, 0.5, 0.5, 0.5, 0.5, 0.5, 0.5, 0.5, 0.5, 0.5, 0.5, 0.5, 0.5, 0.5, 0.5, 0.5, 0.5, 0.5, 0.5, 0.5, 0.5, 0.5, 0.5, 0.5, 0.5, 0.5, 0.5, 0.5, 0.5, 0.5, 0.5, 0.5, 0.5, 0.5, 0.5, 0.5, 0.5, 0.5, 0.5, 0.5, 0.5, 0.5, 0.5, 0.5, 0.5, 0.5, 0.5, 0.5, 0.5, 0.5, 0.5, 0.5, 0.5, 0.5, 0.5, 0.5, 0.5, 0.5, 0.5, 0.5, 0.5, 0.5, 0.5, 0.5, 0.5, 0.5, 0.5]",3
2026_11_KICE_18-21_0,['2(2)'],"1번: 적절함. ""호랑이가 수령 말을 듣더니마는 거두룸을 피우며 오늘은 노소고하를 막론하고 자세히 말해 보라""라는 구절에서 호랑이가 거드름을 부리며 다른 동물들에게 발언하게 한 것이 확인됩니다.

2번: 부적절함. 호랑이가 자라의 외양에 주목하기 전에 자라가 먼저 ""나는 명색이 자라 새끼요""라고 자신의 정체를 밝혔습니다. 이후에 호랑이가 자라의 외양을 관찰한 것이지, 그 반대가 아닙니다.

3번: 적절함. ""목을 길게 내놓으며 네 이놈 호랑아 내 목 나간다""와 ""도리랑 도리랑 허고 달려들어""라는 구절에서 자라가 호랑이를 놀라게 하고 도리랑귀신을 언급하며 맞선 것이 확인됩니다.

4번: 적절함. ""별주부 가만히 생각한즉 쓸개 주겠다고 놓아 달라는 것이 얼주검이 된 모양이라""라는 구절에서 자라가 호랑이가 얼주검 상태가 되었다고 생각한 것이 드러납니다.

5번: 적절함. ""남생이 한 마리가 뾰쪼롬허고 내다보니 별주부로 알았것다""라는 구절에서 호랑이가 남생이를 자라로 오인한 것이 확인됩니다.

최종 정답: 2번","[16, 167, 110, 230, 25, 23821, 254, 223, 168, 254, 230, 47991, 101, 13, 366, 169, 246, 116, 167, 252, 239, 35975, 112, 166, 108, 222, 23821, 230, 246, 167, 254, 117, 31619, 100, 238, 35975, 226, 31619, 241, 96, 167, 235, 242, 46695, 230, 167, 100, 230, 167, 232, 242, 220, 166, 109, 108, 167, 239, 238, 167, 96, 116, 35975, 226, 220, 169, 242, 120, 168, 248, 108, 167, 102, 108, 23821, 246, 97, 167, 232, 246, 35975, 222, 31619, 227, 116, 168, 228, 234, 166, 111, 254, 47991, 246, 167, 98, 120, 31619, 100, 231, 167, 94, 254, 47991, 246, 166, 111, 254, 23821, 252, 238, 168, 226, 116, 169, 252, 230, 31619, 100, 238, 47991, 112, 31619, 111, 112, 167, 251, 120, 1, 167, 251, 120, 167, 232, 242, 220, 166, 113, 105, 168, 254, 230, 168, 245, 238, 168, 226, 250, 220, 169, 246, 116, 167, 252, 239, 35975, 112, 166, 108, 222, 220, 166, 109, 108, 167, 241, 250, 167, 99, 226, 35975, 226, 31619, 114, 222, 167, 99, 105, 167, 102, 108, 31619, 233, 97, 167, 98, 116, 31619, 237, 247, 167, 45539, 167, 241, 97, 168, 245, 238, 166, 110, 234, 31619, 108, 250, 168, 244, 116, 47991, 246, 166, 110, 234, 220, 47991, 250, 220, 166, 110, 225, 35975, 112, 220, 169, 247, 243, 35975, 116, 167, 238, 102, 46695, 230, 46695, 97, 13, 198, 198, 17, 167, 110, 230, 25, 31619, 114, 222, 168, 254, 223, 168, 254, 230, 47991, 101, 13, 220, 169, 246, 116, 167, 252, 239, 35975, 112, 166, 108, 222, 23821, 252, 238, 167, 251, 120, 35975, 246, 23821, 247, 116, 168, 244, 239, 168, 245, 238, 23821, 96, 120, 167, 103, 102, 47991, 246, 166, 116, 108, 23821, 254, 226, 168, 245, 238, 23821, 252, 238, 167, 251, 120, 166, 108, 222, 31619, 101, 120, 168, 254, 222, 366, 167, 224, 246, 167, 232, 242, 31619, 103, 227, 168, 225, 231, 35975, 112, 23821, 252, 238, 167, 251, 120, 23821, 225, 230, 167, 223, 120, 168, 248, 242, 1, 167, 251, 120, 166, 111, 254, 23821, 252, 238, 168, 233, 254, 35975, 246, 23821, 254, 243, 168, 110, 112, 167, 98, 120, 31619, 108, 251, 169, 246, 242, 168, 232, 113, 46695, 230, 46695, 97, 13, 23821, 251, 112, 169, 249, 226, 168, 245, 238, 220, 169, 246, 116, 167, 252, 239, 35975, 112, 166, 108, 222, 23821, 252, 238, 167, 251, 120, 35975, 246, 23821, 247, 116, 168, 244, 239, 35975, 226, 220, 166, 112, 222, 168, 108, 108, 47991, 250, 220, 166, 110, 225, 35975, 112, 168, 100, 222, 11, 220, 166, 115, 116, 31619, 108, 246, 167, 234, 222, 166, 108, 222, 23821, 243, 226, 46695, 247, 46695, 230, 46695, 97, 13, 198, 198, 18, 167, 110, 230, 25, 23821, 254, 223, 168, 254, 230, 47991, 101, 13, 366, 167, 103, 102, 35975, 226, 220, 166, 116, 116, 166, 110, 234, 31619, 224, 112, 167, 228, 241, 168, 250, 120, 167, 102, 108, 31619, 226, 97, 23821, 251, 112, 167, 228, 230, 220, 169, 246, 116, 167, 252, 239, 168, 243, 226, 31619, 224, 112, 31619, 103, 102, 31619, 224, 246, 166, 108, 226, 46695, 97, 1, 168, 247, 222, 366, 167, 237, 226, 167, 99, 105, 167, 252, 239, 31619, 237, 226, 167, 99, 105, 167, 252, 239, 220, 169, 245, 230, 166, 111, 254, 31619, 233, 105, 167, 254, 97, 167, 241, 97, 168, 244, 112, 1, 167, 251, 120, 167, 232, 242, 220, 166, 113, 105, 168, 254, 230, 168, 245, 238, 168, 226, 250, 23821, 252, 238, 167, 251, 120, 166, 108, 222, 220, 169, 246, 116, 167, 252, 239, 35975, 112, 167, 98, 120, 31619, 228, 222, 167, 251, 120, 166, 110, 234, 220, 47991, 246, 166, 111, 254, 31619, 237, 226, 167, 99, 105, 167, 252, 239, 166, 115, 222, 168, 233, 254, 35975, 226, 23821, 244, 116, 166, 116, 231, 47991, 246, 167, 102, 108, 31619, 100, 252, 168, 226, 254, 220, 166, 110, 225, 35975, 112, 220, 169, 247, 243, 35975, 116, 167, 238, 102, 46695, 230, 46695, 97, 13, 198, 198, 19, 167, 110, 230, 25, 23821, 254, 223, 168, 254, 230, 47991, 101, 13, 366, 167, 111, 226, 168, 96, 120, 167, 114, 222, 220, 166, 108, 222, 167, 100, 234, 169, 252, 230, 23821, 225, 251, 166, 108, 223, 47991, 250, 168, 99, 231, 23821, 241, 116, 166, 108, 250, 23821, 96, 120, 166, 110, 254, 46695, 97, 166, 111, 254, 31619, 228, 241, 168, 243, 226, 31619, 233, 105, 167, 251, 120, 167, 232, 242, 220, 166, 110, 225, 35975, 112, 23821, 244, 120, 168, 96, 120, 166, 110, 222, 35975, 112, 31619, 238, 250, 31619, 103, 101, 168, 244, 239, 35975, 112, 167, 251, 120, 1, 167, 251, 120, 167, 232, 242, 220, 166, 113, 105, 168, 254, 230, 168, 245, 238, 168, 226, 250, 23821, 252, 238, 167, 251, 120, 166, 108, 222, 220, 169, 246, 116, 167, 252, 239, 35975, 112, 166, 108, 222, 23821, 244, 120, 168, 96, 120, 166, 110, 222, 23821, 225, 223, 169, 225, 250, 166, 108, 222, 31619, 238, 246, 168, 245, 230, 46695, 97, 166, 111, 254, 23821, 225, 251, 166, 108, 223, 47991, 250, 220, 166, 110, 225, 35975, 112, 31619, 241, 250, 167, 253, 105, 167, 224, 102, 46695, 230, 46695, 97, 13, 198, 198, 20, 167, 110, 230, 25, 23821, 254, 223, 168, 254, 230, 47991, 101, 13, 366, 167, 224, 101, 168, 225, 251, 35975, 112, 220, 47991, 250, 31619, 100, 230, 167, 99, 105, 166, 108, 222, 31619, 122, 108, 168, 103, 120, 167, 94, 105, 169, 245, 230, 166, 111, 254, 31619, 224, 112, 46695, 97, 167, 111, 112, 46695, 230, 31619, 111, 226, 168, 96, 120, 167, 114, 222, 167, 94, 250, 23821, 243, 234, 168, 243, 246, 166, 110, 225, 46695, 97, 1, 167, 251, 120, 167, 232, 242, 220, 166, 113, 105, 168, 254, 230, 168, 245, 238, 168, 226, 250, 220, 169, 246, 116, 167, 252, 239, 35975, 112, 166, 108, 222, 31619, 224, 101, 168, 225, 251, 35975, 112, 167, 98, 120, 23821, 252, 238, 167, 251, 120, 167, 94, 250, 23821, 246, 97, 35975, 116, 47991, 250, 220, 166, 110, 225, 35975, 112, 220, 169, 247, 243, 35975, 116, 167, 238, 102, 46695, 230, 46695, 97, 13, 198, 198, 168, 113, 250, 168, 95, 227, 23821, 254, 243, 46695, 113, 25, 362, 167, 110, 230]","[0.5, 0.5, 0.5, 0.5, 0.5, 0.5, 0.5, 0.5, 0.5, 0.5, 0.5, 0.5, 0.5, 0.5, 0.5, 0.5, 0.5, 0.5, 0.5, 0.5, 0.5, 0.5, 0.5, 0.5, 0.5, 0.5, 0.5, 0.5, 0.5, 0.5, 0.5, 0.5, 0.5, 0.5, 0.5, 0.5, 0.5, 0.5, 0.5, 0.5, 0.5, 0.5, 0.5, 0.5, 0.5, 0.5, 0.5, 0.5, 0.5, 0.5, 0.5, 0.5, 0.5, 0.5, 0.5, 0.5, 0.5, 0.5, 0.5, 0.5, 0.5, 0.5, 0.5, 0.5, 0.5, 0.5, 0.5, 0.5, 0.5, 0.5, 0.5, 0.5, 0.5, 0.5, 0.5, 0.5, 0.5, 0.5, 0.5, 0.5, 0.5, 0.5, 0.5, 0.5, 0.5, 0.5, 0.5, 0.5, 0.5, 0.5, 0.5, 0.5, 0.5, 0.5, 0.5, 0.5, 0.5, 0.5, 0.5, 0.5, 0.5, 0.5, 0.5, 0.5, 0.5, 0.5, 0.5, 0.5, 0.5, 0.5, 0.5, 0.5, 0.5, 0.5, 0.5, 0.5, 0.5, 0.5, 0.5, 0.5, 0.5, 0.5, 0.5, 0.5, 0.5, 0.5, 0.5, 0.5, 0.5, 0.5, 0.5, 0.5, 0.5, 0.5, 0.5, 0.5, 0.5, 0.5, 0.5, 0.5, 0.5, 0.5, 0.5, 0.5, 0.5, 0.5, 0.5, 0.5, 0.5, 0.5, 0.5, 0.5, 0.5, 0.5, 0.5, 0.5, 0.5, 0.5, 0.5, 0.5, 0.5, 0.5, 0.5, 0.5, 0.5, 0.5, 0.5, 0.5, 0.5, 0.5, 0.5, 0.5, 0.5, 0.5, 0.5, 0.5, 0.5, 0.5, 0.5, 0.5, 0.5, 0.5, 0.5, 0.5, 0.5, 0.5, 0.5, 0.5, 0.5, 0.5, 0.5, 0.5, 0.5, 0.5, 0.5, 0.5, 0.5, 0.5, 0.5, 0.5, 0.5, 0.5, 0.5, 0.5, 0.5, 0.5, 0.5, 0.5, 0.5, 0.5, 0.5, 0.5, 0.5, 0.5, 0.5, 0.5, 0.5, 0.5, 0.5, 0.5, 0.5, 0.5, 0.5, 0.5, 0.5, 0.5, 0.5, 0.5, 0.5, 0.5, 0.5, 0.5, 0.5, 0.5, 0.5, 0.5, 0.5, 0.5, 0.5, 0.5, 0.5, 0.5, 0.5, 0.5, 0.5, 0.5, 0.5, 0.5, 0.5, 0.5, 0.5, 0.5, 0.5, 0.5, 0.5, 0.5, 0.5, 0.5, 0.5, 0.5, 0.5, 0.5, 0.5, 0.5, 0.5, 0.5, 0.5, 0.5, 0.5, 0.5, 0.5, 0.5, 0.5, 0.5, 0.5, 0.5, 0.5, 0.5, 0.5, 0.5, 0.5, 0.5, 0.5, 0.5, 0.5, 0.5, 0.5, 0.5, 0.5, 0.5, 0.5, 0.5, 0.5, 0.5, 0.5, 0.5, 0.5, 0.5, 0.5, 0.5, 0.5, 0.5, 0.5, 0.5, 0.5, 0.5, 0.5, 0.5, 0.5, 0.5, 0.5, 0.5, 0.5, 0.5, 0.5, 0.5, 0.5, 0.5, 0.5, 0.5, 0.5, 0.5, 0.5, 0.5, 0.5, 0.5, 0.5, 0.5, 0.5, 0.5, 0.5, 0.5, 0.5, 0.5, 0.5, 0.5, 0.5, 0.5, 0.5, 0.5, 0.5, 0.5, 0.5, 0.5, 0.5, 0.5, 0.5, 0.5, 0.5, 0.5, 0.5, 0.5, 0.5, 0.5, 0.5, 0.5, 0.5, 0.5, 0.5, 0.5, 0.5, 0.5, 0.5, 0.5, 0.5, 0.5, 0.5, 0.5, 0.5, 0.5, 0.5, 0.5, 0.5, 0.5, 0.5, 0.5, 0.5, 0.5, 0.5, 0.5, 0.5, 0.5, 0.5, 0.5, 0.5, 0.5, 0.5, 0.5, 0.5, 0.5, 0.5, 0.5, 0.5, 0.5, 0.5, 0.5, 0.5, 0.5, 0.5, 0.5, 0.5, 0.5, 0.5, 0.5, 0.5, 0.5, 0.5, 0.5, 0.5, 0.5, 0.5, 0.5, 0.5, 0.5, 0.5, 0.5, 0.5, 0.5, 0.5, 0.5, 0.5, 0.5, 0.5, 0.5, 0.5, 0.5, 0.5, 0.5, 0.5, 0.5, 0.5, 0.5, 0.5, 0.5, 0.5, 0.5, 0.5, 0.5, 0.5, 0.5, 0.5, 0.5, 0.5, 0.5, 0.5, 0.5, 0.5, 0.5, 0.5, 0.5, 0.5, 0.5, 0.5, 0.5, 0.5, 0.5, 0.5, 0.5, 0.5, 0.5, 0.5, 0.5, 0.5, 0.5, 0.5, 0.5, 0.5, 0.5, 0.5, 0.5, 0.5, 0.5, 0.5, 0.5, 0.5, 0.5, 0.5, 0.5, 0.5, 0.5, 0.5, 0.5, 0.5, 0.5, 0.5, 0.5, 0.5, 0.5, 0.5, 0.5, 0.5, 0.5, 0.5, 0.5, 0.5, 0.5, 0.5, 0.5, 0.5, 0.5, 0.5, 0.5, 0.5, 0.5, 0.5, 0.5, 0.5, 0.5, 0.5, 0.5, 0.5, 0.5, 0.5, 0.5, 0.5, 0.5, 0.5, 0.5, 0.5, 0.5, 0.5, 0.5, 0.5, 0.5, 0.5, 0.5, 0.5, 0.5, 0.5, 0.5, 0.5, 0.5, 0.5, 0.5, 0.5, 0.5, 0.5, 0.5, 0.5, 0.5, 0.5, 0.5, 0.5, 0.5, 0.5, 0.5, 0.5, 0.5, 0.5, 0.5, 0.5, 0.5, 0.5, 0.5, 0.5, 0.5, 0.5, 0.5, 0.5, 0.5, 0.5, 0.5, 0.5, 0.5, 0.5, 0.5, 0.5, 0.5, 0.5, 0.5, 0.5, 0.5, 0.5, 0.5, 0.5, 0.5, 0.5, 0.5, 0.5, 0.5, 0.5, 0.5, 0.5, 0.5, 0.5, 0.5, 0.5, 0.5, 0.5, 0.5, 0.5, 0.5, 0.5, 0.5, 0.5, 0.5, 0.5, 0.5, 0.5, 0.5, 0.5, 0.5, 0.5, 0.5, 0.5, 0.5, 0.5, 0.5, 0.5, 0.5, 0.5, 0.5, 0.5, 0.5, 0.5, 0.5, 0.5, 0.5, 0.5, 0.5, 0.5, 0.5, 0.5, 0.5, 0.5, 0.5, 0.5, 0.5, 0.5, 0.5, 0.5, 0.5, 0.5, 0.5, 0.5, 0.5, 0.5, 0.5, 0.5, 0.5, 0.5, 0.5, 0.5, 0.5, 0.5, 0.5, 0.5, 0.5, 0.5, 0.5, 0.5, 0.5, 0.5, 0.5, 0.5, 0.5, 0.5, 0.5, 0.5, 0.5, 0.5, 0.5, 0.5, 0.5, 0.5, 0.5, 0.5, 0.5, 0.5, 0.5, 0.5, 0.5, 0.5, 0.5, 0.5, 0.5, 0.5, 0.5, 0.5, 0.5, 0.5, 0.5, 0.5, 0.5, 0.5, 0.5, 0.5, 0.5, 0.5, 0.5, 0.5, 0.5, 0.5, 0.5, 0.5, 0.5, 0.5, 0.5, 0.5, 0.5, 0.5, 0.5, 0.5, 0.5, 0.5, 0.5, 0.5, 0.5, 0.5, 0.5, 0.5, 0.5, 0.5, 0.5, 0.5, 0.5, 0.5, 0.5, 0.5, 0.5, 0.5, 0.5, 0.5, 0.5, 0.5, 0.5, 0.5, 0.5, 0.5, 0.5, 0.5, 0.5, 0.5, 0.5, 0.5, 0.5, 0.5, 0.5, 0.5, 0.5, 0.5, 0.5, 0.5, 0.5, 0.5, 0.5, 0.5, 0.5, 0.5, 0.5, 0.5, 0.5, 0.5, 0.5, 0.5, 0.5, 0.5, 0.5, 0.5, 0.5, 0.5, 0.5, 0.5, 0.5, 0.5, 0.5, 0.5, 0.5, 0.5, 0.5, 0.5, 0.5, 0.5, 0.5, 0.5, 0.5, 0.5, 0.5, 0.5, 0.5, 0.5, 0.5, 0.5, 0.5, 0.5, 0.5, 0.5, 0.5, 0.5, 0.5, 0.5, 0.5, 0.5, 0.5, 0.5, 0.5, 0.5, 0.5, 0.5, 0.5, 0.5, 0.5, 0.5, 0.5, 0.5, 0.5, 0.5, 0.5, 0.5, 0.5, 0.5, 0.5, 0.5, 0.5, 0.5, 0.5, 0.5, 0.5, 0.5, 0.5, 0.5, 0.5, 0.5, 0.5, 0.5, 0.5, 0.5, 0.5, 0.5, 0.5, 0.5, 0.5, 0.5, 0.5, 0.5, 0.5, 0.5, 0.5, 0.5, 0.5, 0.5, 0.5, 0.5, 0.5, 0.5, 0.5, 0.5, 0.5, 0.5, 0.5, 0.5, 0.5, 0.5, 0.5, 0.5, 0.5, 0.5, 0.5, 0.5, 0.5, 0.5, 0.5, 0.5, 0.5, 0.5, 0.5, 0.5, 0.5, 0.5, 0.5, 0.5, 0.5, 0.5, 0.5, 0.5, 0.5, 0.5, 0.5, 0.5, 0.5, 0.5, 0.5, 0.5, 0.5, 0.5, 0.5, 0.5, 0.5, 0.5, 0.5, 0.5, 0.5, 0.5, 0.5, 0.5, 0.5, 0.5, 0.5, 0.5, 0.5, 0.5, 0.5, 0.5, 0.5, 0.5, 0.5, 0.5, 0.5, 0.5, 0.5, 0.5, 0.5, 0.5, 0.5, 0.5, 0.5, 0.5, 0.5, 0.5, 0.5, 0.5, 0.5, 0.5, 0.5, 0.5, 0.5, 0.5, 0.5, 0.5, 0.5, 0.5, 0.5, 0.5, 0.5, 0.5, 0.5, 0.5, 0.5, 0.5, 0.5, 0.5, 0.5, 0.5, 0.5, 0.5, 0.5, 0.5, 0.5, 0.5, 0.5, 0.5, 0.5, 0.5, 0.5, 0.5, 0.5, 0.5, 0.5, 0.5, 0.5, 0.5, 0.5, 0.5, 0.5, 0.5, 0.5, 0.5, 0.5, 0.5, 0.5, 0.5, 0.5, 0.5, 0.5, 0.5, 0.5, 0.5, 0.5, 0.5, 0.5, 0.5, 0.5, 0.5, 0.5, 0.5, 0.5, 0.5, 0.5, 0.5, 0.5, 0.5, 0.5, 0.5, 0.5, 0.5, 0.5, 0.5, 0.5, 0.5, 0.5, 0.5, 0.5, 0.5, 0.5, 0.5, 0.5, 0.5, 0.5, 0.5, 0.5, 0.5, 0.5, 0.5, 0.5, 0.5, 0.5, 0.5, 0.5, 0.5, 0.5, 0.5, 0.5, 0.5, 0.5, 0.5, 0.5, 0.5, 0.5, 0.5, 0.5, 0.5, 0.5, 0.5, 0.5, 0.5, 0.5, 0.5, 0.5, 0.5, 0.5, 0.5, 0.5, 0.5, 0.5, 0.5, 0.5, 0.5, 0.5, 0.5, 0.5, 0.5, 0.5, 0.5, 0.5, 0.5, 0.5, 0.5, 0.5, 0.5, 0.5, 0.5, 0.5, 0.5, 0.5, 0.5, 0.5, 0.5, 0.5, 0.5, 0.5, 0.5, 0.5, 0.5, 0.5, 0.5, 0.5]",2
2026_11_KICE_18-21_1,['4(2)'],"1번: ㉠은 '이 산중'으로 호랑이가 지키는 영역을 의미하지만, 모족의 노력이나 화해가 이루어진 공간이라는 근거는 없습니다. 오히려 호랑이와 자라의 대립이 심화되는 공간입니다.

2번: ㉡ '수궁'은 자라가 자신의 내력을 설명하며 언급한 공간이 맞지만, 호랑이와의 만남을 예상하고 대비했다는 내용은 없습니다. 자라는 우연히 호랑이를 만나게 된 상황입니다.

3번: ㉢ '세수람 고개'에서 호랑이는 안도감을 나타내며 ""내 용맹이나 된 게 여기까지 살아왔지""라고 말합니다. 하지만 자신의 능력을 넘어선 행운이라고 여긴 것이 아니라 자신의 용맹 덕분이라고 생각하고 있습니다.

4번: ㉠ '이 산중'은 호랑이의 영역으로 자라가 위험에 빠진 공간이 맞고, ㉡ '수궁'은 자라가 위험에서 벗어나기 위해 언급한 가상의 공간입니다. ""우리 수궁 퇴락허여...""라는 대목에서 자라가 자신의 정체를 속이기 위해 꾸며낸 이야기입니다.

5번: ㉠에서 호랑이는 자라에 의해 '호 생원'으로 불리며 지위가 확인되지만, ㉢에서 다른 존재(자라)와의 비교를 통해 자신의 위엄을 부정하는 것이 아니라 오히려 자랑스러워하고 있습니다.

최종 정답: 4번","[16, 167, 110, 230, 25, 220, 159, 231, 254, 35975, 222, 705, 35975, 112, 23821, 224, 108, 168, 97, 239, 6, 168, 250, 120, 167, 94, 250, 220, 169, 246, 116, 167, 252, 239, 35975, 112, 166, 108, 222, 23821, 100, 222, 169, 224, 97, 167, 232, 242, 23821, 246, 223, 168, 245, 255, 35975, 226, 23821, 251, 246, 167, 107, 116, 47991, 246, 168, 100, 222, 167, 100, 234, 11, 31619, 103, 101, 168, 94, 109, 35975, 246, 31619, 227, 116, 167, 254, 98, 35975, 112, 167, 224, 246, 220, 169, 247, 242, 47991, 112, 166, 108, 222, 23821, 251, 112, 167, 96, 101, 168, 244, 112, 168, 100, 226, 220, 166, 111, 113, 166, 108, 226, 35975, 112, 167, 251, 120, 167, 232, 242, 220, 166, 115, 120, 166, 109, 108, 167, 232, 242, 23821, 245, 228, 168, 232, 113, 46695, 230, 46695, 97, 13, 23821, 246, 97, 169, 252, 230, 167, 254, 97, 220, 169, 246, 116, 167, 252, 239, 35975, 112, 168, 247, 222, 23821, 252, 238, 167, 251, 120, 35975, 246, 31619, 234, 222, 167, 99, 121, 35975, 112, 23821, 233, 105, 169, 247, 242, 167, 238, 246, 167, 232, 242, 220, 166, 111, 113, 166, 108, 226, 168, 252, 227, 46695, 230, 46695, 97, 13, 198, 198, 17, 167, 110, 230, 25, 220, 159, 231, 94, 705, 168, 230, 246, 166, 114, 223, 6, 35975, 222, 23821, 252, 238, 167, 251, 120, 166, 108, 222, 23821, 252, 238, 168, 233, 254, 35975, 246, 31619, 224, 112, 167, 254, 98, 35975, 226, 23821, 226, 97, 167, 103, 227, 47991, 246, 167, 102, 108, 23821, 244, 116, 166, 116, 231, 47991, 250, 220, 166, 111, 113, 166, 108, 226, 35975, 112, 31619, 100, 252, 168, 100, 222, 167, 100, 234, 11, 220, 169, 246, 116, 167, 252, 239, 35975, 112, 168, 247, 222, 35975, 246, 31619, 100, 234, 167, 224, 101, 35975, 226, 23821, 246, 230, 168, 225, 223, 47991, 246, 166, 111, 254, 31619, 234, 222, 167, 117, 226, 169, 244, 230, 46695, 97, 167, 232, 242, 31619, 224, 112, 168, 248, 102, 35975, 222, 23821, 245, 228, 168, 232, 113, 46695, 230, 46695, 97, 13, 23821, 252, 238, 167, 251, 120, 167, 232, 242, 23821, 248, 108, 168, 245, 108, 169, 252, 230, 220, 169, 246, 116, 167, 252, 239, 35975, 112, 167, 98, 120, 31619, 100, 234, 167, 224, 246, 166, 110, 234, 31619, 238, 250, 23821, 225, 223, 169, 247, 102, 168, 252, 227, 46695, 230, 46695, 97, 13, 198, 198, 18, 167, 110, 230, 25, 220, 159, 231, 95, 705, 168, 226, 116, 168, 230, 246, 167, 252, 234, 220, 166, 111, 254, 166, 108, 250, 6, 168, 245, 238, 168, 226, 250, 220, 169, 246, 116, 167, 252, 239, 35975, 112, 167, 232, 242, 23821, 243, 230, 167, 237, 226, 166, 108, 238, 35975, 226, 31619, 224, 246, 169, 225, 222, 167, 224, 112, 167, 102, 108, 366, 167, 224, 112, 23821, 248, 102, 167, 100, 117, 35975, 112, 167, 224, 246, 31619, 238, 250, 220, 166, 110, 234, 23821, 245, 105, 166, 116, 108, 166, 117, 234, 168, 100, 222, 23821, 224, 112, 168, 243, 226, 168, 247, 242, 168, 100, 222, 1, 167, 251, 120, 166, 111, 254, 31619, 100, 238, 47991, 102, 46695, 230, 46695, 97, 13, 220, 47991, 246, 168, 100, 222, 167, 100, 234, 23821, 252, 238, 168, 233, 254, 35975, 246, 31619, 232, 98, 167, 254, 98, 35975, 226, 31619, 226, 246, 168, 244, 112, 168, 226, 254, 220, 169, 244, 231, 168, 248, 112, 35975, 112, 167, 251, 120, 166, 111, 254, 23821, 245, 105, 166, 116, 112, 220, 166, 110, 225, 35975, 112, 23821, 243, 226, 46695, 230, 167, 251, 120, 23821, 252, 238, 168, 233, 254, 35975, 246, 23821, 248, 102, 167, 100, 117, 31619, 235, 243, 167, 114, 226, 35975, 112, 167, 251, 120, 166, 111, 254, 23821, 225, 251, 166, 108, 223, 47991, 246, 166, 111, 254, 23821, 252, 230, 168, 232, 113, 46695, 230, 46695, 97, 13, 198, 198, 19, 167, 110, 230, 25, 220, 159, 231, 254, 705, 35975, 112, 23821, 224, 108, 168, 97, 239, 6, 35975, 222, 220, 169, 246, 116, 167, 252, 239, 35975, 112, 35975, 246, 23821, 246, 223, 168, 245, 255, 168, 250, 120, 167, 94, 250, 23821, 252, 238, 167, 251, 120, 166, 108, 222, 23821, 250, 226, 169, 245, 246, 168, 245, 238, 31619, 117, 254, 168, 100, 226, 220, 166, 111, 113, 166, 108, 226, 35975, 112, 31619, 100, 252, 166, 111, 254, 11, 220, 159, 231, 94, 705, 168, 230, 246, 166, 114, 223, 6, 35975, 222, 23821, 252, 238, 167, 251, 120, 166, 108, 222, 23821, 250, 226, 169, 245, 246, 168, 245, 238, 168, 226, 250, 31619, 110, 245, 168, 244, 112, 167, 224, 246, 166, 116, 108, 23821, 250, 226, 47991, 112, 23821, 244, 116, 166, 116, 231, 47991, 250, 220, 166, 108, 222, 168, 225, 223, 35975, 246, 220, 166, 111, 113, 166, 108, 226, 168, 252, 227, 46695, 230, 46695, 97, 13, 366, 168, 248, 108, 167, 99, 105, 23821, 230, 246, 166, 114, 223, 220, 169, 229, 112, 167, 251, 121, 169, 245, 230, 168, 245, 105, 9313, 167, 251, 120, 167, 232, 242, 31619, 234, 222, 167, 103, 102, 168, 245, 238, 168, 226, 250, 23821, 252, 238, 167, 251, 120, 166, 108, 222, 23821, 252, 238, 168, 233, 254, 35975, 246, 23821, 254, 243, 168, 110, 112, 167, 98, 120, 23821, 228, 235, 35975, 112, 166, 116, 108, 23821, 250, 226, 47991, 112, 220, 166, 122, 116, 167, 102, 108, 167, 224, 116, 23821, 251, 112, 168, 243, 120, 166, 116, 108, 168, 252, 227, 46695, 230, 46695, 97, 13, 198, 198, 20, 167, 110, 230, 25, 220, 159, 231, 254, 168, 245, 238, 168, 226, 250, 220, 169, 246, 116, 167, 252, 239, 35975, 112, 167, 232, 242, 23821, 252, 238, 167, 251, 120, 168, 245, 238, 23821, 251, 246, 47991, 112, 705, 169, 246, 116, 23821, 225, 251, 168, 249, 238, 6, 168, 250, 120, 167, 94, 250, 31619, 114, 230, 167, 99, 105, 167, 102, 108, 23821, 100, 222, 168, 250, 226, 166, 108, 222, 220, 169, 247, 243, 35975, 116, 167, 238, 246, 168, 100, 222, 167, 100, 234, 11, 220, 159, 231, 95, 168, 245, 238, 168, 226, 250, 31619, 233, 97, 167, 98, 116, 23821, 94, 112, 168, 252, 105, 7, 168, 252, 238, 167, 251, 120, 8, 168, 247, 222, 35975, 246, 31619, 117, 226, 166, 113, 238, 167, 98, 120, 220, 169, 228, 113, 47991, 112, 23821, 252, 238, 168, 233, 254, 35975, 246, 23821, 250, 226, 168, 245, 226, 35975, 226, 31619, 114, 222, 168, 254, 243, 47991, 246, 167, 232, 242, 220, 166, 110, 225, 35975, 112, 23821, 243, 226, 46695, 230, 167, 251, 120, 23821, 246, 97, 169, 252, 230, 167, 254, 97, 23821, 252, 238, 167, 252, 239, 168, 232, 97, 167, 253, 105, 168, 249, 234, 47991, 246, 166, 111, 254, 23821, 252, 230, 168, 232, 113, 46695, 230, 46695, 97, 13, 198, 198, 168, 113, 250, 168, 95, 227, 23821, 254, 243, 46695, 113, 25, 604, 167, 110, 230]","[0.5, 0.5, 0.5, 0.5, 0.5, 0.5, 0.5, 0.5, 0.5, 0.5, 0.5, 0.5, 0.5, 0.5, 0.5, 0.5, 0.5, 0.5, 0.5, 0.5, 0.5, 0.5, 0.5, 0.5, 0.5, 0.5, 0.5, 0.5, 0.5, 0.5, 0.5, 0.5, 0.5, 0.5, 0.5, 0.5, 0.5, 0.5, 0.5, 0.5, 0.5, 0.5, 0.5, 0.5, 0.5, 0.5, 0.5, 0.5, 0.5, 0.5, 0.5, 0.5, 0.5, 0.5, 0.5, 0.5, 0.5, 0.5, 0.5, 0.5, 0.5, 0.5, 0.5, 0.5, 0.5, 0.5, 0.5, 0.5, 0.5, 0.5, 0.5, 0.5, 0.5, 0.5, 0.5, 0.5, 0.5, 0.5, 0.5, 0.5, 0.5, 0.5, 0.5, 0.5, 0.5, 0.5, 0.5, 0.5, 0.5, 0.5, 0.5, 0.5, 0.5, 0.5, 0.5, 0.5, 0.5, 0.5, 0.5, 0.5, 0.5, 0.5, 0.5, 0.5, 0.5, 0.5, 0.5, 0.5, 0.5, 0.5, 0.5, 0.5, 0.5, 0.5, 0.5, 0.5, 0.5, 0.5, 0.5, 0.5, 0.5, 0.5, 0.5, 0.5, 0.5, 0.5, 0.5, 0.5, 0.5, 0.5, 0.5, 0.5, 0.5, 0.5, 0.5, 0.5, 0.5, 0.5, 0.5, 0.5, 0.5, 0.5, 0.5, 0.5, 0.5, 0.5, 0.5, 0.5, 0.5, 0.5, 0.5, 0.5, 0.5, 0.5, 0.5, 0.5, 0.5, 0.5, 0.5, 0.5, 0.5, 0.5, 0.5, 0.5, 0.5, 0.5, 0.5, 0.5, 0.5, 0.5, 0.5, 0.5, 0.5, 0.5, 0.5, 0.5, 0.5, 0.5, 0.5, 0.5, 0.5, 0.5, 0.5, 0.5, 0.5, 0.5, 0.5, 0.5, 0.5, 0.5, 0.5, 0.5, 0.5, 0.5, 0.5, 0.5, 0.5, 0.5, 0.5, 0.5, 0.5, 0.5, 0.5, 0.5, 0.5, 0.5, 0.5, 0.5, 0.5, 0.5, 0.5, 0.5, 0.5, 0.5, 0.5, 0.5, 0.5, 0.5, 0.5, 0.5, 0.5, 0.5, 0.5, 0.5, 0.5, 0.5, 0.5, 0.5, 0.5, 0.5, 0.5, 0.5, 0.5, 0.5, 0.5, 0.5, 0.5, 0.5, 0.5, 0.5, 0.5, 0.5, 0.5, 0.5, 0.5, 0.5, 0.5, 0.5, 0.5, 0.5, 0.5, 0.5, 0.5, 0.5, 0.5, 0.5, 0.5, 0.5, 0.5, 0.5, 0.5, 0.5, 0.5, 0.5, 0.5, 0.5, 0.5, 0.5, 0.5, 0.5, 0.5, 0.5, 0.5, 0.5, 0.5, 0.5, 0.5, 0.5, 0.5, 0.5, 0.5, 0.5, 0.5, 0.5, 0.5, 0.5, 0.5, 0.5, 0.5, 0.5, 0.5, 0.5, 0.5, 0.5, 0.5, 0.5, 0.5, 0.5, 0.5, 0.5, 0.5, 0.5, 0.5, 0.5, 0.5, 0.5, 0.5, 0.5, 0.5, 0.5, 0.5, 0.5, 0.5, 0.5, 0.5, 0.5, 0.5, 0.5, 0.5, 0.5, 0.5, 0.5, 0.5, 0.5, 0.5, 0.5, 0.5, 0.5, 0.5, 0.5, 0.5, 0.5, 0.5, 0.5, 0.5, 0.5, 0.5, 0.5, 0.5, 0.5, 0.5, 0.5, 0.5, 0.5, 0.5, 0.5, 0.5, 0.5, 0.5, 0.5, 0.5, 0.5, 0.5, 0.5, 0.5, 0.5, 0.5, 0.5, 0.5, 0.5, 0.5, 0.5, 0.5, 0.5, 0.5, 0.5, 0.5, 0.5, 0.5, 0.5, 0.5, 0.5, 0.5, 0.5, 0.5, 0.5, 0.5, 0.5, 0.5, 0.5, 0.5, 0.5, 0.5, 0.5, 0.5, 0.5, 0.5, 0.5, 0.5, 0.5, 0.5, 0.5, 0.5, 0.5, 0.5, 0.5, 0.5, 0.5, 0.5, 0.5, 0.5, 0.5, 0.5, 0.5, 0.5, 0.5, 0.5, 0.5, 0.5, 0.5, 0.5, 0.5, 0.5, 0.5, 0.5, 0.5, 0.5, 0.5, 0.5, 0.5, 0.5, 0.5, 0.5, 0.5, 0.5, 0.5, 0.5, 0.5, 0.5, 0.5, 0.5, 0.5, 0.5, 0.5, 0.5, 0.5, 0.5, 0.5, 0.5, 0.5, 0.5, 0.5, 0.5, 0.5, 0.5, 0.5, 0.5, 0.5, 0.5, 0.5, 0.5, 0.5, 0.5, 0.5, 0.5, 0.5, 0.5, 0.5, 0.5, 0.5, 0.5, 0.5, 0.5, 0.5, 0.5, 0.5, 0.5, 0.5, 0.5, 0.5, 0.5, 0.5, 0.5, 0.5, 0.5, 0.5, 0.5, 0.5, 0.5, 0.5, 0.5, 0.5, 0.5, 0.5, 0.5, 0.5, 0.5, 0.5, 0.5, 0.5, 0.5, 0.5, 0.5, 0.5, 0.5, 0.5, 0.5, 0.5, 0.5, 0.5, 0.5, 0.5, 0.5, 0.5, 0.5, 0.5, 0.5, 0.5, 0.5, 0.5, 0.5, 0.5, 0.5, 0.5, 0.5, 0.5, 0.5, 0.5, 0.5, 0.5, 0.5, 0.5, 0.5, 0.5, 0.5, 0.5, 0.5, 0.5, 0.5, 0.5, 0.5, 0.5, 0.5, 0.5, 0.5, 0.5, 0.5, 0.5, 0.5, 0.5, 0.5, 0.5, 0.5, 0.5, 0.5, 0.5, 0.5, 0.5, 0.5, 0.5, 0.5, 0.5, 0.5, 0.5, 0.5, 0.5, 0.5, 0.5, 0.5, 0.5, 0.5, 0.5, 0.5, 0.5, 0.5, 0.5, 0.5, 0.5, 0.5, 0.5, 0.5, 0.5, 0.5, 0.5, 0.5, 0.5, 0.5, 0.5, 0.5, 0.5, 0.5, 0.5, 0.5, 0.5, 0.5, 0.5, 0.5, 0.5, 0.5, 0.5, 0.5, 0.5, 0.5, 0.5, 0.5, 0.5, 0.5, 0.5, 0.5, 0.5, 0.5, 0.5, 0.5, 0.5, 0.5, 0.5, 0.5, 0.5, 0.5, 0.5, 0.5, 0.5, 0.5, 0.5, 0.5, 0.5, 0.5, 0.5, 0.5, 0.5, 0.5, 0.5, 0.5, 0.5, 0.5, 0.5, 0.5, 0.5, 0.5, 0.5, 0.5, 0.5, 0.5, 0.5, 0.5, 0.5, 0.5, 0.5, 0.5, 0.5, 0.5, 0.5, 0.5, 0.5, 0.5, 0.5, 0.5, 0.5, 0.5, 0.5, 0.5, 0.5, 0.5, 0.5, 0.5, 0.5, 0.5, 0.5, 0.5, 0.5, 0.5, 0.5, 0.5, 0.5, 0.5, 0.5, 0.5, 0.5, 0.5, 0.5, 0.5, 0.5, 0.5, 0.5, 0.5, 0.5, 0.5, 0.5, 0.5, 0.5, 0.5, 0.5, 0.5, 0.5, 0.5, 0.5, 0.5, 0.5, 0.5, 0.5, 0.5, 0.5, 0.5, 0.5, 0.5, 0.5, 0.5, 0.5, 0.5, 0.5, 0.5, 0.5, 0.5, 0.5, 0.5, 0.5, 0.5, 0.5, 0.5, 0.5, 0.5, 0.5, 0.5, 0.5, 0.5, 0.5, 0.5, 0.5, 0.5, 0.5, 0.5, 0.5, 0.5, 0.5, 0.5, 0.5, 0.5, 0.5, 0.5, 0.5, 0.5, 0.5, 0.5, 0.5, 0.5, 0.5, 0.5, 0.5, 0.5, 0.5, 0.5, 0.5, 0.5, 0.5, 0.5, 0.5, 0.5, 0.5, 0.5, 0.5, 0.5, 0.5, 0.5, 0.5, 0.5, 0.5, 0.5, 0.5, 0.5, 0.5, 0.5, 0.5, 0.5, 0.5, 0.5, 0.5, 0.5, 0.5, 0.5, 0.5, 0.5, 0.5, 0.5, 0.5, 0.5, 0.5, 0.5, 0.5, 0.5, 0.5, 0.5, 0.5, 0.5, 0.5, 0.5, 0.5, 0.5, 0.5, 0.5, 0.5, 0.5, 0.5, 0.5, 0.5, 0.5, 0.5, 0.5, 0.5, 0.5, 0.5, 0.5, 0.5, 0.5, 0.5, 0.5, 0.5, 0.5, 0.5, 0.5, 0.5, 0.5, 0.5, 0.5, 0.5, 0.5, 0.5, 0.5, 0.5, 0.5, 0.5, 0.5, 0.5, 0.5, 0.5, 0.5, 0.5, 0.5, 0.5, 0.5, 0.5, 0.5, 0.5, 0.5, 0.5, 0.5, 0.5, 0.5, 0.5, 0.5, 0.5, 0.5, 0.5, 0.5, 0.5, 0.5, 0.5, 0.5, 0.5, 0.5, 0.5, 0.5, 0.5, 0.5, 0.5, 0.5, 0.5, 0.5, 0.5, 0.5, 0.5, 0.5, 0.5, 0.5, 0.5, 0.5, 0.5, 0.5, 0.5, 0.5, 0.5, 0.5, 0.5, 0.5, 0.5, 0.5, 0.5, 0.5, 0.5, 0.5, 0.5, 0.5, 0.5, 0.5, 0.5, 0.5, 0.5, 0.5, 0.5, 0.5, 0.5, 0.5, 0.5, 0.5, 0.5, 0.5, 0.5, 0.5, 0.5, 0.5, 0.5, 0.5, 0.5, 0.5, 0.5, 0.5, 0.5, 0.5, 0.5, 0.5, 0.5, 0.5, 0.5, 0.5, 0.5, 0.5, 0.5, 0.5, 0.5, 0.5, 0.5, 0.5, 0.5, 0.5, 0.5, 0.5, 0.5, 0.5, 0.5, 0.5, 0.5, 0.5, 0.5, 0.5, 0.5, 0.5, 0.5, 0.5, 0.5, 0.5, 0.5, 0.5, 0.5, 0.5, 0.5, 0.5, 0.5, 0.5, 0.5, 0.5, 0.5, 0.5, 0.5, 0.5, 0.5, 0.5, 0.5, 0.5, 0.5, 0.5, 0.5, 0.5, 0.5, 0.5, 0.5, 0.5, 0.5, 0.5, 0.5, 0.5, 0.5, 0.5, 0.5, 0.5, 0.5, 0.5, 0.5, 0.5, 0.5, 0.5, 0.5, 0.5, 0.5, 0.5, 0.5, 0.5, 0.5, 0.5, 0.5, 0.5, 0.5, 0.5, 0.5, 0.5, 0.5, 0.5, 0.5, 0.5, 0.5, 0.5, 0.5, 0.5, 0.5, 0.5, 0.5, 0.5, 0.5, 0.5, 0.5, 0.5, 0.5, 0.5, 0.5, 0.5, 0.5, 0.5, 0.5, 0.5, 0.5, 0.5, 0.5, 0.5, 0.5, 0.5, 0.5, 0.5, 0.5, 0.5, 0.5, 0.5, 0.5, 0.5, 0.5, 0.5, 0.5, 0.5, 0.5, 0.5, 0.5, 0.5, 0.5, 0.5, 0.5, 0.5, 0.5, 0.5, 0.5, 0.5, 0.5, 0.5, 0.5, 0.5, 0.5, 0.5, 0.5, 0.5, 0.5, 0.5, 0.5, 0.5, 0.5, 0.5, 0.5, 0.5, 0.5, 0.5, 0.5, 0.5, 0.5, 0.5, 0.5, 0.5, 0.5, 0.5, 0.5, 0.5, 0.5, 0.5, 0.5, 0.5, 0.5, 0.5, 0.5, 0.5, 0.5, 0.5, 0.5, 0.5, 0.5, 0.5, 0.5, 0.5, 0.5, 0.5, 0.5, 0.5, 0.5, 0.5, 0.5, 0.5, 0.5, 0.5, 0.5, 0.5, 0.5, 0.5, 0.5, 0.5, 0.5, 0.5, 0.5, 0.5, 0.5, 0.5, 0.5, 0.5, 0.5, 0.5, 0.5, 0.5, 0.5, 0.5, 0.5, 0.5, 0.5, 0.5, 0.5, 0.5, 0.5, 0.5, 0.5, 0.5, 0.5, 0.5, 0.5, 0.5, 0.5, 0.5, 0.5, 0.5, 0.5, 0.5, 0.5, 0.5, 0.5, 0.5, 0.5, 0.5, 0.5, 0.5, 0.5, 0.5, 0.5, 0.5, 0.5, 0.5, 0.5, 0.5, 0.5, 0.5, 0.5, 0.5, 0.5, 0.5, 0.5, 0.5, 0.5, 0.5, 0.5, 0.5, 0.5, 0.5, 0.5, 0.5, 0.5, 0.5, 0.5, 0.5, 0.5, 0.5, 0.5, 0.5, 0.5, 0.5, 0.5, 0.5, 0.5, 0.5, 0.5, 0.5, 0.5, 0.5, 0.5, 0.5]",2
2026_11_KICE_18-21_2,['3(2)'],"1번: (선택지 1번에 대한 답변) ⓐ는 호랑이가 토끼의 말을 듣고 반기듯이 내려오는 모습으로, 토끼의 공손한 태도에 대한 반응이다. ⓑ는 자라가 호랑이의 위협적인 모습에 놀라는 반응이다. 두 반응은 서로 다른 맥락에서 발생했다. ""호랑이 듣더니만 다 잡어 먹었으면 네 원통함도 풀고 나도 배부른 꼴을 보련마는"" (ⓐ), ""자라가 깜짝 놀래여 목을 움치고 가만히 엎졌을 제"" (ⓑ)

2번: (선택지 2번에 대한 답변) ⓑ와 ⓒ는 모두 자라가 보인 반응이지만, ⓑ는 호랑이의 위협적인 모습에 대한 반응이고, ⓒ는 호랑이의 갑작스러운 등장에 대한 반응으로, 같은 맥락의 반응이 아니다. ""자라가 깜짝 놀래여 목을 움치고 가만히 엎졌을 제"" (ⓑ), ""자라가 깜짝 놀래여 여보 당신이 뉘라 허시오"" (ⓒ)

3번: (선택지 3번에 대한 답변) ⓒ는 자라가 호랑이의 갑작스러운 등장에 놀라서 보인 반응이고, ⓕ는 호랑이가 자라에게 물려서 보인 반응으로, 각기 다른 주체가 위기 상황에서 보인 반응이다. ""자라가 깜짝 놀래여 여보 당신이 뉘라 허시오"" (ⓒ), ""호랑이 질색허여 아이고 별나리 이것 좀 놓아주시오"" (ⓕ)

4번: (선택지 4번에 대한 답변) ⓓ는 호랑이가 자라를 잡아먹을 기회가 생긴 것에 기뻐하는 반응이고, ⓔ는 자라가 목이 빠진다고 하자 놀라는 반응으로, 같은 맥락의 반응이 아니다. ""호랑이 반기 듣고 얼시구나 좋을시고 내 평생에 원하기를 왕배탕이 원일러니"" (ⓓ), ""호랑이 깜짝 놀래 에끼 이것 목 나온다 고만 나오시오"" (ⓔ)

5번: (선택지 5번에 대한 답변) ⓔ와 ⓕ는 모두 호랑이가 자라의 예상치 못한 행동(목이 빠진 척하는 것, 물어뜯는 것)에 대해 보인 반응이다. ""호랑이 깜짝 놀래 에끼 이것 목 나온다 고만 나오시오"" (ⓔ), ""호랑이 질색허여 아이고 별나리 이것 좀 놓아주시오"" (ⓕ)

최종 정답: 5번","[16, 167, 110, 230, 25, 357, 168, 226, 254, 169, 225, 251, 168, 100, 222, 352, 167, 110, 230, 168, 245, 238, 31619, 234, 222, 47991, 250, 31619, 233, 113, 167, 111, 222, 8, 2343, 241, 238, 167, 232, 242, 220, 169, 246, 116, 167, 252, 239, 35975, 112, 166, 108, 222, 220, 169, 228, 254, 167, 223, 120, 35975, 246, 31619, 100, 238, 35975, 226, 31619, 241, 96, 166, 111, 254, 31619, 108, 246, 166, 116, 108, 167, 241, 107, 35975, 112, 31619, 224, 112, 167, 254, 97, 168, 246, 97, 167, 232, 242, 31619, 103, 101, 168, 232, 113, 168, 250, 120, 167, 94, 250, 11, 220, 169, 228, 254, 167, 223, 120, 35975, 246, 220, 166, 111, 113, 168, 228, 238, 47991, 250, 220, 169, 225, 250, 167, 237, 226, 168, 245, 238, 31619, 234, 222, 47991, 250, 31619, 108, 246, 35975, 239, 35975, 112, 46695, 97, 13, 2343, 241, 239, 167, 232, 242, 23821, 252, 238, 167, 251, 120, 166, 108, 222, 220, 169, 246, 116, 167, 252, 239, 35975, 112, 35975, 246, 23821, 250, 226, 169, 246, 239, 168, 254, 223, 35975, 116, 31619, 103, 101, 168, 232, 113, 168, 245, 238, 31619, 228, 222, 167, 251, 120, 167, 232, 242, 31619, 108, 246, 35975, 239, 35975, 112, 46695, 97, 13, 31619, 239, 238, 31619, 108, 246, 35975, 239, 35975, 222, 23821, 226, 250, 167, 94, 250, 31619, 233, 97, 167, 98, 116, 31619, 100, 98, 167, 251, 121, 168, 245, 238, 168, 226, 250, 31619, 108, 250, 168, 225, 251, 169, 244, 230, 46695, 97, 13, 366, 169, 246, 116, 167, 252, 239, 35975, 112, 31619, 241, 96, 167, 235, 242, 46695, 230, 167, 100, 234, 31619, 233, 97, 23821, 252, 94, 168, 244, 112, 31619, 101, 117, 168, 245, 230, 168, 250, 120, 167, 102, 112, 31619, 226, 97, 23821, 249, 238, 169, 228, 113, 47991, 101, 167, 237, 226, 220, 169, 240, 222, 166, 111, 254, 31619, 224, 246, 167, 237, 226, 31619, 108, 108, 167, 114, 222, 167, 98, 116, 220, 166, 120, 112, 35975, 226, 31619, 111, 112, 167, 254, 101, 167, 100, 230, 167, 232, 242, 1, 357, 158, 241, 238, 828, 366, 168, 252, 238, 167, 251, 120, 166, 108, 222, 220, 166, 117, 250, 168, 100, 251, 31619, 228, 222, 167, 252, 246, 168, 245, 105, 31619, 103, 102, 35975, 226, 23821, 249, 222, 168, 117, 246, 166, 111, 254, 220, 166, 108, 222, 167, 100, 234, 169, 252, 230, 23821, 245, 236, 168, 94, 234, 35975, 226, 23821, 254, 250, 1, 357, 158, 241, 239, 8, 198, 198, 17, 167, 110, 230, 25, 357, 168, 226, 254, 169, 225, 251, 168, 100, 222, 362, 167, 110, 230, 168, 245, 238, 31619, 234, 222, 47991, 250, 31619, 233, 113, 167, 111, 222, 8, 2343, 241, 239, 168, 247, 222, 2343, 241, 240, 167, 232, 242, 31619, 103, 101, 167, 239, 238, 23821, 252, 238, 167, 251, 120, 166, 108, 222, 31619, 111, 112, 35975, 116, 31619, 108, 246, 35975, 239, 35975, 112, 168, 100, 222, 167, 100, 234, 11, 2343, 241, 239, 167, 232, 242, 220, 169, 246, 116, 167, 252, 239, 35975, 112, 35975, 246, 23821, 250, 226, 169, 246, 239, 168, 254, 223, 35975, 116, 31619, 103, 101, 168, 232, 113, 168, 245, 238, 31619, 234, 222, 47991, 250, 31619, 108, 246, 35975, 239, 35975, 112, 166, 111, 254, 11, 2343, 241, 240, 167, 232, 242, 220, 169, 246, 116, 167, 252, 239, 35975, 112, 35975, 246, 220, 166, 108, 239, 168, 252, 239, 168, 232, 97, 167, 253, 105, 168, 248, 112, 31619, 241, 109, 168, 252, 98, 168, 245, 238, 31619, 234, 222, 47991, 250, 31619, 108, 246, 35975, 239, 168, 250, 120, 167, 94, 250, 11, 220, 166, 108, 247, 35975, 222, 31619, 100, 98, 167, 251, 121, 35975, 246, 31619, 108, 246, 35975, 239, 35975, 112, 23821, 243, 226, 46695, 230, 46695, 97, 13, 366, 168, 252, 238, 167, 251, 120, 166, 108, 222, 220, 166, 117, 250, 168, 100, 251, 31619, 228, 222, 167, 252, 246, 168, 245, 105, 31619, 103, 102, 35975, 226, 23821, 249, 222, 168, 117, 246, 166, 111, 254, 220, 166, 108, 222, 167, 100, 234, 169, 252, 230, 23821, 245, 236, 168, 94, 234, 35975, 226, 23821, 254, 250, 1, 357, 158, 241, 239, 828, 366, 168, 252, 238, 167, 251, 120, 166, 108, 222, 220, 166, 117, 250, 168, 100, 251, 31619, 228, 222, 167, 252, 246, 168, 245, 105, 23821, 245, 105, 167, 111, 112, 31619, 233, 117, 168, 233, 254, 35975, 112, 31619, 231, 246, 167, 251, 120, 220, 169, 245, 230, 168, 233, 250, 168, 246, 97, 1, 357, 158, 241, 240, 8, 198, 198, 18, 167, 110, 230, 25, 357, 168, 226, 254, 169, 225, 251, 168, 100, 222, 513, 167, 110, 230, 168, 245, 238, 31619, 234, 222, 47991, 250, 31619, 233, 113, 167, 111, 222, 8, 2343, 241, 240, 167, 232, 242, 23821, 252, 238, 167, 251, 120, 166, 108, 222, 220, 169, 246, 116, 167, 252, 239, 35975, 112, 35975, 246, 220, 166, 108, 239, 168, 252, 239, 168, 232, 97, 167, 253, 105, 168, 248, 112, 31619, 241, 109, 168, 252, 98, 168, 245, 238, 31619, 228, 222, 167, 251, 120, 168, 226, 250, 31619, 111, 112, 35975, 116, 31619, 108, 246, 35975, 239, 35975, 112, 166, 111, 254, 11, 2343, 241, 243, 167, 232, 242, 220, 169, 246, 116, 167, 252, 239, 35975, 112, 166, 108, 222, 23821, 252, 238, 167, 251, 120, 168, 245, 238, 166, 110, 234, 31619, 45539, 167, 254, 97, 168, 226, 250, 31619, 111, 112, 35975, 116, 31619, 108, 246, 35975, 239, 168, 250, 120, 167, 94, 250, 11, 220, 166, 108, 223, 166, 116, 108, 31619, 233, 97, 167, 98, 116, 23821, 96, 120, 168, 110, 112, 166, 108, 222, 23821, 250, 226, 166, 116, 108, 23821, 225, 223, 169, 247, 102, 168, 245, 238, 168, 226, 250, 31619, 111, 112, 35975, 116, 31619, 108, 246, 35975, 239, 35975, 112, 46695, 97, 13, 366, 168, 252, 238, 167, 251, 120, 166, 108, 222, 220, 166, 117, 250, 168, 100, 251, 31619, 228, 222, 167, 252, 246, 168, 245, 105, 23821, 245, 105, 167, 111, 112, 31619, 233, 117, 168, 233, 254, 35975, 112, 31619, 231, 246, 167, 251, 120, 220, 169, 245, 230, 168, 233, 250, 168, 246, 97, 1, 357, 158, 241, 240, 828, 366, 169, 246, 116, 167, 252, 239, 35975, 112, 23821, 100, 230, 168, 225, 231, 169, 245, 230, 168, 245, 105, 23821, 243, 226, 35975, 112, 166, 111, 254, 31619, 111, 226, 167, 224, 246, 167, 99, 105, 23821, 251, 112, 166, 110, 225, 23821, 95, 222, 31619, 228, 241, 168, 243, 226, 168, 96, 120, 168, 233, 250, 168, 246, 97, 1, 357, 158, 241, 243, 8, 198, 198, 19, 167, 110, 230, 25, 357, 168, 226, 254, 169, 225, 251, 168, 100, 222, 604, 167, 110, 230, 168, 245, 238, 31619, 234, 222, 47991, 250, 31619, 233, 113, 167, 111, 222, 8, 2343, 241, 241, 167, 232, 242, 220, 169, 246, 116, 167, 252, 239, 35975, 112, 166, 108, 222, 23821, 252, 238, 167, 251, 120, 167, 98, 120, 23821, 252, 94, 168, 243, 226, 167, 101, 117, 35975, 226, 220, 166, 116, 108, 169, 248, 234, 166, 108, 222, 23821, 225, 251, 166, 116, 112, 220, 166, 110, 225, 168, 245, 238, 220, 166, 116, 108, 167, 119, 238, 47991, 246, 167, 232, 242, 31619, 108, 246, 35975, 239, 35975, 112, 166, 111, 254, 11, 2343, 241, 242, 167, 232, 242, 23821, 252, 238, 167, 251, 120, 166, 108, 222, 31619, 103, 102, 35975, 112, 31619, 117, 254, 168, 100, 226, 46695, 97, 166, 111, 254, 220, 47991, 246, 168, 252, 238, 31619, 228, 222, 167, 251, 120, 167, 232, 242, 31619, 108, 246, 35975, 239, 168, 250, 120, 167, 94, 250, 11, 220, 166, 108, 247, 35975, 222, 31619, 100, 98, 167, 251, 121, 35975, 246, 31619, 108, 246, 35975, 239, 35975, 112, 23821, 243, 226, 46695, 230, 46695, 97, 13, 366, 169, 246, 116, 167, 252, 239, 35975, 112, 31619, 108, 246, 166, 116, 108, 31619, 241, 96, 166, 111, 254, 23821, 244, 120, 168, 233, 250, 166, 113, 105, 167, 224, 246, 23821, 95, 233, 35975, 226, 168, 233, 250, 166, 111, 254, 31619, 224, 112, 220, 169, 237, 231, 168, 225, 251, 168, 245, 238, 23821, 249, 238, 47991, 246, 166, 116, 108, 167, 98, 120, 23821, 247, 243, 167, 108, 108, 169, 225, 243, 35975, 112, 23821, 249, 238, 35975, 120, 167, 253, 105, 46695, 230, 1, 357, 158, 241, 241, 828, 366, 169, 246, 116, 167, 252, 239, 35975, 112, 220, 166, 117, 250, 168, 100, 251, 31619, 228, 222, 167, 252, 246, 23821, 245, 238, 167, 223, 120, 23821, 251, 112, 166, 110, 225, 31619, 103, 102, 31619, 224, 246, 168, 246, 101, 46695, 97, 220, 166, 111, 254, 167, 100, 234, 31619, 224, 246, 168, 246, 97, 168, 233, 250, 168, 246, 97, 1, 357, 158, 241, 242, 8, 198, 198, 20, 167, 110, 230, 25, 357, 168, 226, 254, 169, 225, 251, 168, 100, 222, 642, 167, 110, 230, 168, 245, 238, 31619, 234, 222, 47991, 250, 31619, 233, 113, 167, 111, 222, 8, 2343, 241, 242, 168, 247, 222, 2343, 241, 243, 167, 232, 242, 31619, 103, 101, 167, 239, 238, 220, 169, 246, 116, 167, 252, 239, 35975, 112, 166, 108, 222, 23821, 252, 238, 167, 251, 120, 35975, 246, 23821, 246, 230, 168, 225, 223, 168, 117, 246, 31619, 103, 119, 47991, 250, 220, 169, 244, 231, 167, 237, 247, 7, 167, 103, 102, 35975, 112, 31619, 117, 254, 168, 100, 226, 23821, 110, 247, 47991, 246, 167, 232, 242, 220, 166, 110, 225, 11, 31619, 45539, 168, 244, 112, 167, 250, 107, 167, 232, 242, 220, 166, 110, 225, 8, 168, 245, 238, 31619, 234, 222, 47991, 112, 31619, 111, 112, 35975, 116, 31619, 108, 246, 35975, 239, 35975, 112, 46695, 97, 13, 366, 169, 246, 116, 167, 252, 239, 35975, 112, 220, 166, 117, 250, 168, 100, 251, 31619, 228, 222, 167, 252, 246, 23821, 245, 238, 167, 223, 120, 23821, 251, 112, 166, 110, 225, 31619, 103, 102, 31619, 224, 246, 168, 246, 101, 46695, 97, 220, 166, 111, 254, 167, 100, 234, 31619, 224, 246, 168, 246, 97, 168, 233, 250, 168, 246, 97, 1, 357, 158, 241, 242, 828, 366, 169, 246, 116, 167, 252, 239, 35975, 112, 23821, 100, 230, 168, 225, 231, 169, 245, 230, 168, 245, 105, 23821, 243, 226, 35975, 112, 166, 111, 254, 31619, 111, 226, 167, 224, 246, 167, 99, 105, 23821, 251, 112, 166, 110, 225, 23821, 95, 222, 31619, 228, 241, 168, 243, 226, 168, 96, 120, 168, 233, 250, 168, 246, 97, 1, 357, 158, 241, 243, 8, 198, 198, 168, 113, 250, 168, 95, 227, 23821, 254, 243, 46695, 113, 25, 642, 167, 110, 230]","[0.5, 0.5, 0.5, 0.5, 0.5, 0.5, 0.5, 0.5, 0.5, 0.5, 0.5, 0.5, 0.5, 0.5, 0.5, 0.5, 0.5, 0.5, 0.5, 0.5, 0.5, 0.5, 0.5, 0.5, 0.5, 0.5, 0.5, 0.5, 0.5, 0.5, 0.5, 0.5, 0.5, 0.5, 0.5, 0.5, 0.5, 0.5, 0.5, 0.5, 0.5, 0.5, 0.5, 0.5, 0.5, 0.5, 0.5, 0.5, 0.5, 0.5, 0.5, 0.5, 0.5, 0.5, 0.5, 0.5, 0.5, 0.5, 0.5, 0.5, 0.5, 0.5, 0.5, 0.5, 0.5, 0.5, 0.5, 0.5, 0.5, 0.5, 0.5, 0.5, 0.5, 0.5, 0.5, 0.5, 0.5, 0.5, 0.5, 0.5, 0.5, 0.5, 0.5, 0.5, 0.5, 0.5, 0.5, 0.5, 0.5, 0.5, 0.5, 0.5, 0.5, 0.5, 0.5, 0.5, 0.5, 0.5, 0.5, 0.5, 0.5, 0.5, 0.5, 0.5, 0.5, 0.5, 0.5, 0.5, 0.5, 0.5, 0.5, 0.5, 0.5, 0.5, 0.5, 0.5, 0.5, 0.5, 0.5, 0.5, 0.5, 0.5, 0.5, 0.5, 0.5, 0.5, 0.5, 0.5, 0.5, 0.5, 0.5, 0.5, 0.5, 0.5, 0.5, 0.5, 0.5, 0.5, 0.5, 0.5, 0.5, 0.5, 0.5, 0.5, 0.5, 0.5, 0.5, 0.5, 0.5, 0.5, 0.5, 0.5, 0.5, 0.5, 0.5, 0.5, 0.5, 0.5, 0.5, 0.5, 0.5, 0.5, 0.5, 0.5, 0.5, 0.5, 0.5, 0.5, 0.5, 0.5, 0.5, 0.5, 0.5, 0.5, 0.5, 0.5, 0.5, 0.5, 0.5, 0.5, 0.5, 0.5, 0.5, 0.5, 0.5, 0.5, 0.5, 0.5, 0.5, 0.5, 0.5, 0.5, 0.5, 0.5, 0.5, 0.5, 0.5, 0.5, 0.5, 0.5, 0.5, 0.5, 0.5, 0.5, 0.5, 0.5, 0.5, 0.5, 0.5, 0.5, 0.5, 0.5, 0.5, 0.5, 0.5, 0.5, 0.5, 0.5, 0.5, 0.5, 0.5, 0.5, 0.5, 0.5, 0.5, 0.5, 0.5, 0.5, 0.5, 0.5, 0.5, 0.5, 0.5, 0.5, 0.5, 0.5, 0.5, 0.5, 0.5, 0.5, 0.5, 0.5, 0.5, 0.5, 0.5, 0.5, 0.5, 0.5, 0.5, 0.5, 0.5, 0.5, 0.5, 0.5, 0.5, 0.5, 0.5, 0.5, 0.5, 0.5, 0.5, 0.5, 0.5, 0.5, 0.5, 0.5, 0.5, 0.5, 0.5, 0.5, 0.5, 0.5, 0.5, 0.5, 0.5, 0.5, 0.5, 0.5, 0.5, 0.5, 0.5, 0.5, 0.5, 0.5, 0.5, 0.5, 0.5, 0.5, 0.5, 0.5, 0.5, 0.5, 0.5, 0.5, 0.5, 0.5, 0.5, 0.5, 0.5, 0.5, 0.5, 0.5, 0.5, 0.5, 0.5, 0.5, 0.5, 0.5, 0.5, 0.5, 0.5, 0.5, 0.5, 0.5, 0.5, 0.5, 0.5, 0.5, 0.5, 0.5, 0.5, 0.5, 0.5, 0.5, 0.5, 0.5, 0.5, 0.5, 0.5, 0.5, 0.5, 0.5, 0.5, 0.5, 0.5, 0.5, 0.5, 0.5, 0.5, 0.5, 0.5, 0.5, 0.5, 0.5, 0.5, 0.5, 0.5, 0.5, 0.5, 0.5, 0.5, 0.5, 0.5, 0.5, 0.5, 0.5, 0.5, 0.5, 0.5, 0.5, 0.5, 0.5, 0.5, 0.5, 0.5, 0.5, 0.5, 0.5, 0.5, 0.5, 0.5, 0.5, 0.5, 0.5, 0.5, 0.5, 0.5, 0.5, 0.5, 0.5, 0.5, 0.5, 0.5, 0.5, 0.5, 0.5, 0.5, 0.5, 0.5, 0.5, 0.5, 0.5, 0.5, 0.5, 0.5, 0.5, 0.5, 0.5, 0.5, 0.5, 0.5, 0.5, 0.5, 0.5, 0.5, 0.5, 0.5, 0.5, 0.5, 0.5, 0.5, 0.5, 0.5, 0.5, 0.5, 0.5, 0.5, 0.5, 0.5, 0.5, 0.5, 0.5, 0.5, 0.5, 0.5, 0.5, 0.5, 0.5, 0.5, 0.5, 0.5, 0.5, 0.5, 0.5, 0.5, 0.5, 0.5, 0.5, 0.5, 0.5, 0.5, 0.5, 0.5, 0.5, 0.5, 0.5, 0.5, 0.5, 0.5, 0.5, 0.5, 0.5, 0.5, 0.5, 0.5, 0.5, 0.5, 0.5, 0.5, 0.5, 0.5, 0.5, 0.5, 0.5, 0.5, 0.5, 0.5, 0.5, 0.5, 0.5, 0.5, 0.5, 0.5, 0.5, 0.5, 0.5, 0.5, 0.5, 0.5, 0.5, 0.5, 0.5, 0.5, 0.5, 0.5, 0.5, 0.5, 0.5, 0.5, 0.5, 0.5, 0.5, 0.5, 0.5, 0.5, 0.5, 0.5, 0.5, 0.5, 0.5, 0.5, 0.5, 0.5, 0.5, 0.5, 0.5, 0.5, 0.5, 0.5, 0.5, 0.5, 0.5, 0.5, 0.5, 0.5, 0.5, 0.5, 0.5, 0.5, 0.5, 0.5, 0.5, 0.5, 0.5, 0.5, 0.5, 0.5, 0.5, 0.5, 0.5, 0.5, 0.5, 0.5, 0.5, 0.5, 0.5, 0.5, 0.5, 0.5, 0.5, 0.5, 0.5, 0.5, 0.5, 0.5, 0.5, 0.5, 0.5, 0.5, 0.5, 0.5, 0.5, 0.5, 0.5, 0.5, 0.5, 0.5, 0.5, 0.5, 0.5, 0.5, 0.5, 0.5, 0.5, 0.5, 0.5, 0.5, 0.5, 0.5, 0.5, 0.5, 0.5, 0.5, 0.5, 0.5, 0.5, 0.5, 0.5, 0.5, 0.5, 0.5, 0.5, 0.5, 0.5, 0.5, 0.5, 0.5, 0.5, 0.5, 0.5, 0.5, 0.5, 0.5, 0.5, 0.5, 0.5, 0.5, 0.5, 0.5, 0.5, 0.5, 0.5, 0.5, 0.5, 0.5, 0.5, 0.5, 0.5, 0.5, 0.5, 0.5, 0.5, 0.5, 0.5, 0.5, 0.5, 0.5, 0.5, 0.5, 0.5, 0.5, 0.5, 0.5, 0.5, 0.5, 0.5, 0.5, 0.5, 0.5, 0.5, 0.5, 0.5, 0.5, 0.5, 0.5, 0.5, 0.5, 0.5, 0.5, 0.5, 0.5, 0.5, 0.5, 0.5, 0.5, 0.5, 0.5, 0.5, 0.5, 0.5, 0.5, 0.5, 0.5, 0.5, 0.5, 0.5, 0.5, 0.5, 0.5, 0.5, 0.5, 0.5, 0.5, 0.5, 0.5, 0.5, 0.5, 0.5, 0.5, 0.5, 0.5, 0.5, 0.5, 0.5, 0.5, 0.5, 0.5, 0.5, 0.5, 0.5, 0.5, 0.5, 0.5, 0.5, 0.5, 0.5, 0.5, 0.5, 0.5, 0.5, 0.5, 0.5, 0.5, 0.5, 0.5, 0.5, 0.5, 0.5, 0.5, 0.5, 0.5, 0.5, 0.5, 0.5, 0.5, 0.5, 0.5, 0.5, 0.5, 0.5, 0.5, 0.5, 0.5, 0.5, 0.5, 0.5, 0.5, 0.5, 0.5, 0.5, 0.5, 0.5, 0.5, 0.5, 0.5, 0.5, 0.5, 0.5, 0.5, 0.5, 0.5, 0.5, 0.5, 0.5, 0.5, 0.5, 0.5, 0.5, 0.5, 0.5, 0.5, 0.5, 0.5, 0.5, 0.5, 0.5, 0.5, 0.5, 0.5, 0.5, 0.5, 0.5, 0.5, 0.5, 0.5, 0.5, 0.5, 0.5, 0.5, 0.5, 0.5, 0.5, 0.5, 0.5, 0.5, 0.5, 0.5, 0.5, 0.5, 0.5, 0.5, 0.5, 0.5, 0.5, 0.5, 0.5, 0.5, 0.5, 0.5, 0.5, 0.5, 0.5, 0.5, 0.5, 0.5, 0.5, 0.5, 0.5, 0.5, 0.5, 0.5, 0.5, 0.5, 0.5, 0.5, 0.5, 0.5, 0.5, 0.5, 0.5, 0.5, 0.5, 0.5, 0.5, 0.5, 0.5, 0.5, 0.5, 0.5, 0.5, 0.5, 0.5, 0.5, 0.5, 0.5, 0.5, 0.5, 0.5, 0.5, 0.5, 0.5, 0.5, 0.5, 0.5, 0.5, 0.5, 0.5, 0.5, 0.5, 0.5, 0.5, 0.5, 0.5, 0.5, 0.5, 0.5, 0.5, 0.5, 0.5, 0.5, 0.5, 0.5, 0.5, 0.5, 0.5, 0.5, 0.5, 0.5, 0.5, 0.5, 0.5, 0.5, 0.5, 0.5, 0.5, 0.5, 0.5, 0.5, 0.5, 0.5, 0.5, 0.5, 0.5, 0.5, 0.5, 0.5, 0.5, 0.5, 0.5, 0.5, 0.5, 0.5, 0.5, 0.5, 0.5, 0.5, 0.5, 0.5, 0.5, 0.5, 0.5, 0.5, 0.5, 0.5, 0.5, 0.5, 0.5, 0.5, 0.5, 0.5, 0.5, 0.5, 0.5, 0.5, 0.5, 0.5, 0.5, 0.5, 0.5, 0.5, 0.5, 0.5, 0.5, 0.5, 0.5, 0.5, 0.5, 0.5, 0.5, 0.5, 0.5, 0.5, 0.5, 0.5, 0.5, 0.5, 0.5, 0.5, 0.5, 0.5, 0.5, 0.5, 0.5, 0.5, 0.5, 0.5, 0.5, 0.5, 0.5, 0.5, 0.5, 0.5, 0.5, 0.5, 0.5, 0.5, 0.5, 0.5, 0.5, 0.5, 0.5, 0.5, 0.5, 0.5, 0.5, 0.5, 0.5, 0.5, 0.5, 0.5, 0.5, 0.5, 0.5, 0.5, 0.5, 0.5, 0.5, 0.5, 0.5, 0.5, 0.5, 0.5, 0.5, 0.5, 0.5, 0.5, 0.5, 0.5, 0.5, 0.5, 0.5, 0.5, 0.5, 0.5, 0.5, 0.5, 0.5, 0.5, 0.5, 0.5, 0.5, 0.5, 0.5, 0.5, 0.5, 0.5, 0.5, 0.5, 0.5, 0.5, 0.5, 0.5, 0.5, 0.5, 0.5, 0.5, 0.5, 0.5, 0.5, 0.5, 0.5, 0.5, 0.5, 0.5, 0.5, 0.5, 0.5, 0.5, 0.5, 0.5, 0.5, 0.5, 0.5, 0.5, 0.5, 0.5, 0.5, 0.5, 0.5, 0.5, 0.5, 0.5, 0.5, 0.5, 0.5, 0.5, 0.5, 0.5, 0.5, 0.5, 0.5, 0.5, 0.5, 0.5, 0.5, 0.5, 0.5, 0.5, 0.5, 0.5, 0.5, 0.5, 0.5, 0.5, 0.5, 0.5, 0.5, 0.5, 0.5, 0.5, 0.5, 0.5, 0.5, 0.5, 0.5, 0.5, 0.5, 0.5, 0.5, 0.5, 0.5, 0.5, 0.5, 0.5, 0.5, 0.5, 0.5, 0.5, 0.5, 0.5, 0.5, 0.5, 0.5, 0.5, 0.5, 0.5, 0.5, 0.5, 0.5, 0.5, 0.5, 0.5, 0.5, 0.5, 0.5, 0.5, 0.5, 0.5, 0.5, 0.5, 0.5, 0.5, 0.5, 0.5, 0.5, 0.5, 0.5, 0.5, 0.5, 0.5, 0.5, 0.5, 0.5, 0.5, 0.5, 0.5, 0.5, 0.5, 0.5, 0.5, 0.5, 0.5, 0.5, 0.5, 0.5, 0.5, 0.5, 0.5, 0.5, 0.5, 0.5, 0.5, 0.5, 0.5, 0.5, 0.5, 0.5, 0.5, 0.5, 0.5, 0.5, 0.5, 0.5, 0.5, 0.5, 0.5, 0.5, 0.5, 0.5, 0.5, 0.5, 0.5, 0.5, 0.5, 0.5, 0.5, 0.5, 0.5, 0.5, 0.5, 0.5, 0.5, 0.5, 0.5, 0.5, 0.5, 0.5, 0.5, 0.5, 0.5, 0.5, 0.5, 0.5, 0.5, 0.5, 0.5, 0.5, 0.5, 0.5, 0.5, 0.5, 0.5, 0.5, 0.5, 0.5, 0.5, 0.5, 0.5, 0.5, 0.5, 0.5, 0.5, 0.5, 0.5, 0.5, 0.5, 0.5, 0.5, 0.5, 0.5, 0.5, 0.5, 0.5, 0.5, 0.5, 0.5, 0.5, 0.5, 0.5, 0.5, 0.5, 0.5, 0.5, 0.5, 0.5, 0.5, 0.5, 0.5, 0.5, 0.5, 0.5, 0.5, 0.5, 0.5, 0.5, 0.5, 0.5, 0.5, 0.5, 0.5, 0.5, 0.5, 0.5, 0.5, 0.5, 0.5, 0.5, 0.5, 0.5, 0.5, 0.5, 0.5, 0.5, 0.5, 0.5, 0.5, 0.5, 0.5, 0.5, 0.5, 0.5, 0.5, 0.5, 0.5, 0.5, 0.5, 0.5, 0.5, 0.5, 0.5, 0.5, 0.5, 0.5, 0.5, 0.5, 0.5, 0.5, 0.5, 0.5, 0.5, 0.5, 0.5, 0.5, 0.5, 0.5, 0.5, 0.5, 0.5, 0.5, 0.5, 0.5, 0.5, 0.5, 0.5, 0.5, 0.5, 0.5, 0.5, 0.5, 0.5, 0.5, 0.5, 0.5, 0.5, 0.5, 0.5, 0.5, 0.5, 0.5, 0.5, 0.5, 0.5, 0.5, 0.5, 0.5, 0.5, 0.5, 0.5, 0.5, 0.5, 0.5, 0.5, 0.5, 0.5, 0.5, 0.5, 0.5, 0.5, 0.5, 0.5, 0.5, 0.5, 0.5, 0.5, 0.5, 0.5, 0.5, 0.5, 0.5, 0.5, 0.5, 0.5, 0.5, 0.5, 0.5, 0.5, 0.5, 0.5, 0.5, 0.5, 0.5, 0.5, 0.5, 0.5, 0.5, 0.5, 0.5, 0.5, 0.5, 0.5, 0.5, 0.5, 0.5, 0.5, 0.5, 0.5, 0.5, 0.5, 0.5, 0.5, 0.5, 0.5, 0.5, 0.5, 0.5, 0.5, 0.5, 0.5, 0.5, 0.5, 0.5, 0.5, 0.5, 0.5, 0.5, 0.5, 0.5, 0.5, 0.5, 0.5, 0.5, 0.5, 0.5, 0.5, 0.5, 0.5, 0.5, 0.5, 0.5, 0.5, 0.5, 0.5, 0.5, 0.5, 0.5, 0.5, 0.5, 0.5, 0.5, 0.5, 0.5, 0.5, 0.5, 0.5, 0.5, 0.5, 0.5, 0.5, 0.5, 0.5, 0.5, 0.5, 0.5, 0.5, 0.5, 0.5, 0.5, 0.5, 0.5, 0.5, 0.5, 0.5, 0.5, 0.5, 0.5, 0.5, 0.5, 0.5, 0.5, 0.5, 0.5, 0.5, 0.5, 0.5, 0.5, 0.5, 0.5, 0.5, 0.5, 0.5, 0.5, 0.5, 0.5, 0.5, 0.5, 0.5, 0.5, 0.5, 0.5, 0.5, 0.5, 0.5, 0.5, 0.5, 0.5, 0.5, 0.5, 0.5, 0.5, 0.5, 0.5, 0.5, 0.5, 0.5, 0.5, 0.5, 0.5, 0.5, 0.5, 0.5, 0.5, 0.5, 0.5, 0.5, 0.5, 0.5, 0.5, 0.5, 0.5, 0.5, 0.5, 0.5, 0.5, 0.5, 0.5, 0.5, 0.5, 0.5, 0.5, 0.5, 0.5, 0.5, 0.5, 0.5, 0.5, 0.5, 0.5, 0.5, 0.5, 0.5, 0.5, 0.5, 0.5, 0.5, 0.5, 0.5, 0.5, 0.5, 0.5, 0.5, 0.5, 0.5, 0.5, 0.5, 0.5, 0.5, 0.5, 0.5, 0.5, 0.5, 0.5, 0.5, 0.5, 0.5, 0.5, 0.5, 0.5, 0.5, 0.5, 0.5, 0.5, 0.5, 0.5, 0.5, 0.5, 0.5, 0.5, 0.5, 0.5, 0.5, 0.5, 0.5, 0.5, 0.5, 0.5, 0.5, 0.5, 0.5, 0.5, 0.5, 0.5, 0.5, 0.5, 0.5, 0.5, 0.5, 0.5, 0.5, 0.5, 0.5, 0.5, 0.5, 0.5, 0.5, 0.5, 0.5, 0.5, 0.5, 0.5, 0.5, 0.5, 0.5, 0.5, 0.5, 0.5, 0.5, 0.5, 0.5, 0.5, 0.5, 0.5, 0.5, 0.5, 0.5, 0.5, 0.5, 0.5, 0.5, 0.5, 0.5, 0.5, 0.5, 0.5, 0.5, 0.5, 0.5, 0.5, 0.5, 0.5, 0.5, 0.5, 0.5, 0.5, 0.5, 0.5, 0.5, 0.5, 0.5, 0.5, 0.5, 0.5, 0.5, 0.5, 0.5, 0.5, 0.5, 0.5, 0.5, 0.5, 0.5, 0.5, 0.5, 0.5, 0.5, 0.5, 0.5, 0.5, 0.5, 0.5, 0.5, 0.5, 0.5, 0.5, 0.5, 0.5, 0.5, 0.5, 0.5, 0.5, 0.5, 0.5, 0.5, 0.5, 0.5, 0.5, 0.5, 0.5, 0.5, 0.5, 0.5, 0.5, 0.5, 0.5, 0.5, 0.5, 0.5, 0.5, 0.5, 0.5, 0.5, 0.5, 0.5, 0.5, 0.5, 0.5, 0.5, 0.5, 0.5, 0.5, 0.5, 0.5, 0.5, 0.5, 0.5, 0.5, 0.5, 0.5, 0.5, 0.5, 0.5, 0.5, 0.5, 0.5, 0.5, 0.5, 0.5, 0.5, 0.5, 0.5, 0.5, 0.5, 0.5, 0.5, 0.5, 0.5, 0.5, 0.5, 0.5, 0.5, 0.5, 0.5, 0.5, 0.5, 0.5, 0.5, 0.5, 0.5, 0.5, 0.5, 0.5, 0.5, 0.5, 0.5, 0.5, 0.5, 0.5, 0.5, 0.5, 0.5, 0.5, 0.5, 0.5, 0.5, 0.5, 0.5, 0.5, 0.5, 0.5, 0.5, 0.5, 0.5, 0.5, 0.5, 0.5, 0.5, 0.5, 0.5, 0.5, 0.5, 0.5, 0.5, 0.5, 0.5, 0.5, 0.5, 0.5, 0.5, 0.5, 0.5, 0.5, 0.5, 0.5, 0.5, 0.5, 0.5, 0.5, 0.5, 0.5, 0.5, 0.5, 0.5, 0.5, 0.5, 0.5, 0.5, 0.5, 0.5, 0.5, 0.5, 0.5, 0.5, 0.5, 0.5, 0.5, 0.5, 0.5, 0.5, 0.5, 0.5, 0.5, 0.5, 0.5, 0.5, 0.5, 0.5, 0.5, 0.5, 0.5, 0.5, 0.5, 0.5, 0.5, 0.5, 0.5, 0.5, 0.5, 0.5, 0.5, 0.5, 0.5, 0.5, 0.5, 0.5, 0.5, 0.5, 0.5, 0.5, 0.5, 0.5, 0.5, 0.5, 0.5, 0.5, 0.5, 0.5, 0.5, 0.5, 0.5, 0.5, 0.5, 0.5, 0.5, 0.5, 0.5, 0.5, 0.5, 0.5, 0.5, 0.5, 0.5, 0.5]",0
2026_11_KICE_18-21_3,['2(3)'],"1번: 적절함. ""사냥개라 허는 것은 같은 우리 모족(毛族)으로 사람 집에 기식허니 제 무슨 아첨으로 내 잘 맡는 자랑허여""라는 문장에서 사냥개가 인간에게 아첨하는 모습을 비판하고 있습니다.

2번: 부적절함. 자라가 동의보감을 언급한 적이 없으며, 오히려 호랑이가 자라를 잡아먹으려 할 때 자라가 속임수를 쓰는 상황입니다. ""동의보감을 얼마나 통달허였는지""라는 표현은 호랑이의 탐욕을 비판하는 맥락입니다.

3번: 적절함. ""일등 포수가 따러다녀 어설피 물랴다가 조총에 불이 번듯 탄환이 쑥 나오면 거 내 신세는 어쩔 것이냐""에서 호랑이가 포수를 두려워하는 모습이 드러납니다.

4번: 적절함. ""나는 오대독신으로 오십이 다 되도록 슬하 일점혈육이 없소 만일 내가 죽게 되면 선영에 죄가 망극허오""에서 호랑이가 선영을 언급하며 목숨을 구걸하는 모습이 나옵니다.

5번: 적절함. ""전라도 해남에서 냅다 뛴 놈이 의주 압록강 가에서 숨을 내쉬고""라는 구절에서 현실적으로 불가능한 거리를 이동하는 과장된 표현이 사용되었습니다.

최종 정답: 2번","[16, 167, 110, 230, 25, 23821, 254, 223, 168, 254, 230, 47991, 101, 13, 366, 168, 8955, 167, 225, 98, 166, 108, 250, 167, 251, 120, 220, 169, 245, 230, 167, 232, 242, 220, 166, 110, 225, 35975, 222, 220, 166, 108, 247, 35975, 222, 23821, 248, 108, 167, 99, 105, 31619, 103, 101, 168, 94, 109, 7, 162, 107, 249, 33768, 237, 8, 168, 250, 120, 167, 94, 250, 23821, 8955, 167, 252, 234, 23821, 100, 239, 168, 245, 238, 220, 166, 116, 108, 168, 233, 251, 169, 245, 230, 46695, 230, 23821, 254, 250, 31619, 105, 112, 168, 232, 101, 23821, 243, 226, 168, 110, 101, 168, 250, 120, 167, 94, 250, 31619, 224, 112, 23821, 252, 246, 31619, 100, 94, 167, 232, 242, 23821, 252, 238, 167, 252, 239, 169, 245, 230, 168, 245, 105, 1, 167, 251, 120, 167, 232, 242, 31619, 105, 116, 168, 252, 98, 168, 245, 238, 168, 226, 250, 23821, 8955, 167, 225, 98, 166, 108, 250, 166, 108, 222, 23821, 251, 116, 166, 108, 226, 168, 245, 238, 166, 110, 234, 23821, 243, 226, 168, 110, 101, 47991, 246, 167, 232, 242, 31619, 103, 101, 168, 232, 113, 35975, 226, 31619, 117, 226, 169, 234, 238, 47991, 246, 166, 111, 254, 23821, 252, 230, 168, 232, 113, 46695, 230, 46695, 97, 13, 198, 198, 17, 167, 110, 230, 25, 31619, 114, 222, 168, 254, 223, 168, 254, 230, 47991, 101, 13, 23821, 252, 238, 167, 251, 120, 166, 108, 222, 31619, 237, 247, 35975, 246, 167, 111, 112, 166, 108, 238, 35975, 226, 23821, 244, 116, 166, 116, 231, 47991, 250, 23821, 254, 223, 35975, 112, 23821, 245, 228, 168, 250, 120, 167, 102, 108, 11, 23821, 246, 97, 169, 252, 230, 167, 254, 97, 220, 169, 246, 116, 167, 252, 239, 35975, 112, 166, 108, 222, 23821, 252, 238, 167, 251, 120, 167, 98, 120, 23821, 252, 94, 168, 243, 226, 167, 101, 117, 168, 250, 120, 167, 254, 97, 220, 47991, 254, 31619, 243, 234, 23821, 252, 238, 167, 251, 120, 166, 108, 222, 23821, 228, 235, 168, 252, 226, 168, 230, 246, 167, 98, 120, 23821, 241, 108, 167, 232, 242, 23821, 225, 223, 169, 247, 102, 168, 252, 227, 46695, 230, 46695, 97, 13, 366, 167, 237, 247, 35975, 246, 167, 111, 112, 166, 108, 238, 35975, 226, 23821, 244, 120, 167, 100, 230, 167, 224, 246, 220, 169, 228, 113, 46695, 105, 169, 245, 230, 168, 246, 222, 167, 232, 242, 168, 100, 222, 1, 167, 251, 120, 167, 232, 242, 220, 169, 239, 250, 169, 246, 226, 35975, 222, 220, 169, 246, 116, 167, 252, 239, 35975, 112, 35975, 246, 220, 169, 225, 238, 168, 248, 243, 35975, 226, 31619, 117, 226, 169, 234, 238, 47991, 246, 167, 232, 242, 31619, 100, 98, 167, 251, 121, 168, 252, 227, 46695, 230, 46695, 97, 13, 198, 198, 18, 167, 110, 230, 25, 23821, 254, 223, 168, 254, 230, 47991, 101, 13, 366, 35975, 120, 167, 241, 109, 220, 169, 237, 105, 168, 230, 246, 166, 108, 222, 31619, 242, 108, 167, 253, 105, 46695, 97, 167, 227, 222, 23821, 244, 112, 168, 226, 97, 169, 242, 120, 31619, 45539, 167, 252, 112, 46695, 97, 166, 108, 222, 23821, 94, 108, 168, 112, 251, 168, 245, 238, 31619, 114, 230, 35975, 112, 31619, 110, 230, 167, 241, 107, 220, 169, 225, 226, 169, 247, 246, 35975, 112, 23821, 239, 98, 31619, 224, 246, 168, 246, 97, 167, 102, 112, 220, 166, 109, 108, 31619, 224, 112, 23821, 233, 254, 168, 226, 116, 167, 232, 242, 23821, 244, 112, 168, 102, 242, 220, 166, 110, 225, 35975, 112, 167, 225, 238, 1, 168, 245, 238, 168, 226, 250, 220, 169, 246, 116, 167, 252, 239, 35975, 112, 166, 108, 222, 220, 169, 237, 105, 168, 230, 246, 167, 98, 120, 31619, 239, 238, 167, 254, 97, 168, 249, 234, 47991, 246, 167, 232, 242, 31619, 103, 101, 168, 232, 113, 35975, 112, 31619, 241, 250, 167, 253, 105, 167, 224, 102, 46695, 230, 46695, 97, 13, 198, 198, 19, 167, 110, 230, 25, 23821, 254, 223, 168, 254, 230, 47991, 101, 13, 366, 167, 224, 246, 167, 232, 242, 23821, 246, 97, 167, 234, 222, 167, 237, 227, 168, 233, 254, 168, 250, 120, 167, 94, 250, 23821, 246, 97, 168, 233, 255, 35975, 112, 31619, 233, 97, 31619, 238, 246, 167, 237, 226, 167, 94, 251, 23821, 232, 105, 47991, 246, 23821, 251, 120, 168, 254, 238, 169, 246, 230, 168, 250, 94, 35975, 112, 23821, 245, 228, 168, 228, 234, 31619, 100, 234, 35975, 120, 31619, 224, 112, 166, 108, 222, 23821, 96, 121, 166, 110, 234, 31619, 238, 246, 167, 102, 112, 23821, 226, 254, 168, 246, 223, 168, 245, 238, 23821, 96, 226, 166, 108, 222, 31619, 100, 251, 166, 115, 117, 169, 245, 230, 168, 246, 97, 1, 168, 245, 238, 168, 226, 250, 220, 169, 246, 116, 167, 252, 239, 35975, 112, 166, 108, 222, 23821, 226, 254, 168, 246, 223, 35975, 226, 23821, 244, 116, 166, 116, 231, 47991, 246, 167, 102, 108, 31619, 103, 102, 168, 230, 101, 35975, 226, 220, 166, 113, 105, 166, 109, 116, 47991, 246, 167, 232, 242, 31619, 103, 101, 168, 232, 113, 35975, 112, 31619, 224, 246, 168, 246, 113, 46695, 230, 46695, 97, 13, 198, 198, 20, 167, 110, 230, 25, 23821, 254, 223, 168, 254, 230, 47991, 101, 13, 366, 168, 254, 226, 167, 251, 120, 167, 237, 226, 220, 47991, 112, 167, 224, 101, 168, 245, 238, 168, 226, 250, 31619, 225, 227, 46695, 97, 31619, 249, 112, 31619, 228, 230, 35975, 112, 23821, 251, 246, 168, 96, 120, 23821, 243, 243, 167, 94, 251, 166, 108, 243, 220, 166, 108, 222, 168, 245, 238, 168, 226, 250, 23821, 230, 101, 35975, 226, 31619, 224, 112, 168, 231, 105, 166, 111, 254, 1, 167, 251, 120, 167, 232, 242, 220, 166, 113, 105, 168, 254, 230, 168, 245, 238, 168, 226, 250, 220, 169, 246, 226, 168, 233, 97, 168, 254, 223, 168, 250, 120, 167, 94, 250, 31619, 114, 230, 166, 108, 222, 167, 232, 98, 47991, 250, 220, 166, 109, 108, 167, 99, 105, 167, 98, 120, 23821, 251, 112, 167, 237, 247, 47991, 246, 167, 232, 242, 220, 166, 111, 120, 168, 252, 98, 167, 238, 250, 220, 169, 239, 250, 169, 246, 226, 35975, 112, 23821, 8955, 168, 248, 102, 167, 238, 246, 168, 245, 230, 168, 232, 113, 46695, 230, 46695, 97, 13, 198, 198, 168, 113, 250, 168, 95, 227, 23821, 254, 243, 46695, 113, 25, 362, 167, 110, 230]","[0.5, 0.5, 0.5, 0.5, 0.5, 0.5, 0.5, 0.5, 0.5, 0.5, 0.5, 0.5, 0.5, 0.5, 0.5, 0.5, 0.5, 0.5, 0.5, 0.5, 0.5, 0.5, 0.5, 0.5, 0.5, 0.5, 0.5, 0.5, 0.5, 0.5, 0.5, 0.5, 0.5, 0.5, 0.5, 0.5, 0.5, 0.5, 0.5, 0.5, 0.5, 0.5, 0.5, 0.5, 0.5, 0.5, 0.5, 0.5, 0.5, 0.5, 0.5, 0.5, 0.5, 0.5, 0.5, 0.5, 0.5, 0.5, 0.5, 0.5, 0.5, 0.5, 0.5, 0.5, 0.5, 0.5, 0.5, 0.5, 0.5, 0.5, 0.5, 0.5, 0.5, 0.5, 0.5, 0.5, 0.5, 0.5, 0.5, 0.5, 0.5, 0.5, 0.5, 0.5, 0.5, 0.5, 0.5, 0.5, 0.5, 0.5, 0.5, 0.5, 0.5, 0.5, 0.5, 0.5, 0.5, 0.5, 0.5, 0.5, 0.5, 0.5, 0.5, 0.5, 0.5, 0.5, 0.5, 0.5, 0.5, 0.5, 0.5, 0.5, 0.5, 0.5, 0.5, 0.5, 0.5, 0.5, 0.5, 0.5, 0.5, 0.5, 0.5, 0.5, 0.5, 0.5, 0.5, 0.5, 0.5, 0.5, 0.5, 0.5, 0.5, 0.5, 0.5, 0.5, 0.5, 0.5, 0.5, 0.5, 0.5, 0.5, 0.5, 0.5, 0.5, 0.5, 0.5, 0.5, 0.5, 0.5, 0.5, 0.5, 0.5, 0.5, 0.5, 0.5, 0.5, 0.5, 0.5, 0.5, 0.5, 0.5, 0.5, 0.5, 0.5, 0.5, 0.5, 0.5, 0.5, 0.5, 0.5, 0.5, 0.5, 0.5, 0.5, 0.5, 0.5, 0.5, 0.5, 0.5, 0.5, 0.5, 0.5, 0.5, 0.5, 0.5, 0.5, 0.5, 0.5, 0.5, 0.5, 0.5, 0.5, 0.5, 0.5, 0.5, 0.5, 0.5, 0.5, 0.5, 0.5, 0.5, 0.5, 0.5, 0.5, 0.5, 0.5, 0.5, 0.5, 0.5, 0.5, 0.5, 0.5, 0.5, 0.5, 0.5, 0.5, 0.5, 0.5, 0.5, 0.5, 0.5, 0.5, 0.5, 0.5, 0.5, 0.5, 0.5, 0.5, 0.5, 0.5, 0.5, 0.5, 0.5, 0.5, 0.5, 0.5, 0.5, 0.5, 0.5, 0.5, 0.5, 0.5, 0.5, 0.5, 0.5, 0.5, 0.5, 0.5, 0.5, 0.5, 0.5, 0.5, 0.5, 0.5, 0.5, 0.5, 0.5, 0.5, 0.5, 0.5, 0.5, 0.5, 0.5, 0.5, 0.5, 0.5, 0.5, 0.5, 0.5, 0.5, 0.5, 0.5, 0.5, 0.5, 0.5, 0.5, 0.5, 0.5, 0.5, 0.5, 0.5, 0.5, 0.5, 0.5, 0.5, 0.5, 0.5, 0.5, 0.5, 0.5, 0.5, 0.5, 0.5, 0.5, 0.5, 0.5, 0.5, 0.5, 0.5, 0.5, 0.5, 0.5, 0.5, 0.5, 0.5, 0.5, 0.5, 0.5, 0.5, 0.5, 0.5, 0.5, 0.5, 0.5, 0.5, 0.5, 0.5, 0.5, 0.5, 0.5, 0.5, 0.5, 0.5, 0.5, 0.5, 0.5, 0.5, 0.5, 0.5, 0.5, 0.5, 0.5, 0.5, 0.5, 0.5, 0.5, 0.5, 0.5, 0.5, 0.5, 0.5, 0.5, 0.5, 0.5, 0.5, 0.5, 0.5, 0.5, 0.5, 0.5, 0.5, 0.5, 0.5, 0.5, 0.5, 0.5, 0.5, 0.5, 0.5, 0.5, 0.5, 0.5, 0.5, 0.5, 0.5, 0.5, 0.5, 0.5, 0.5, 0.5, 0.5, 0.5, 0.5, 0.5, 0.5, 0.5, 0.5, 0.5, 0.5, 0.5, 0.5, 0.5, 0.5, 0.5, 0.5, 0.5, 0.5, 0.5, 0.5, 0.5, 0.5, 0.5, 0.5, 0.5, 0.5, 0.5, 0.5, 0.5, 0.5, 0.5, 0.5, 0.5, 0.5, 0.5, 0.5, 0.5, 0.5, 0.5, 0.5, 0.5, 0.5, 0.5, 0.5, 0.5, 0.5, 0.5, 0.5, 0.5, 0.5, 0.5, 0.5, 0.5, 0.5, 0.5, 0.5, 0.5, 0.5, 0.5, 0.5, 0.5, 0.5, 0.5, 0.5, 0.5, 0.5, 0.5, 0.5, 0.5, 0.5, 0.5, 0.5, 0.5, 0.5, 0.5, 0.5, 0.5, 0.5, 0.5, 0.5, 0.5, 0.5, 0.5, 0.5, 0.5, 0.5, 0.5, 0.5, 0.5, 0.5, 0.5, 0.5, 0.5, 0.5, 0.5, 0.5, 0.5, 0.5, 0.5, 0.5, 0.5, 0.5, 0.5, 0.5, 0.5, 0.5, 0.5, 0.5, 0.5, 0.5, 0.5, 0.5, 0.5, 0.5, 0.5, 0.5, 0.5, 0.5, 0.5, 0.5, 0.5, 0.5, 0.5, 0.5, 0.5, 0.5, 0.5, 0.5, 0.5, 0.5, 0.5, 0.5, 0.5, 0.5, 0.5, 0.5, 0.5, 0.5, 0.5, 0.5, 0.5, 0.5, 0.5, 0.5, 0.5, 0.5, 0.5, 0.5, 0.5, 0.5, 0.5, 0.5, 0.5, 0.5, 0.5, 0.5, 0.5, 0.5, 0.5, 0.5, 0.5, 0.5, 0.5, 0.5, 0.5, 0.5, 0.5, 0.5, 0.5, 0.5, 0.5, 0.5, 0.5, 0.5, 0.5, 0.5, 0.5, 0.5, 0.5, 0.5, 0.5, 0.5, 0.5, 0.5, 0.5, 0.5, 0.5, 0.5, 0.5, 0.5, 0.5, 0.5, 0.5, 0.5, 0.5, 0.5, 0.5, 0.5, 0.5, 0.5, 0.5, 0.5, 0.5, 0.5, 0.5, 0.5, 0.5, 0.5, 0.5, 0.5, 0.5, 0.5, 0.5, 0.5, 0.5, 0.5, 0.5, 0.5, 0.5, 0.5, 0.5, 0.5, 0.5, 0.5, 0.5, 0.5, 0.5, 0.5, 0.5, 0.5, 0.5, 0.5, 0.5, 0.5, 0.5, 0.5, 0.5, 0.5, 0.5, 0.5, 0.5, 0.5, 0.5, 0.5, 0.5, 0.5, 0.5, 0.5, 0.5, 0.5, 0.5, 0.5, 0.5, 0.5, 0.5, 0.5, 0.5, 0.5, 0.5, 0.5, 0.5, 0.5, 0.5, 0.5, 0.5, 0.5, 0.5, 0.5, 0.5, 0.5, 0.5, 0.5, 0.5, 0.5, 0.5, 0.5, 0.5, 0.5, 0.5, 0.5, 0.5, 0.5, 0.5, 0.5, 0.5, 0.5, 0.5, 0.5, 0.5, 0.5, 0.5, 0.5, 0.5, 0.5, 0.5, 0.5, 0.5, 0.5, 0.5, 0.5, 0.5, 0.5, 0.5, 0.5, 0.5, 0.5, 0.5, 0.5, 0.5, 0.5, 0.5, 0.5, 0.5, 0.5, 0.5, 0.5, 0.5, 0.5, 0.5, 0.5, 0.5, 0.5, 0.5, 0.5, 0.5, 0.5, 0.5, 0.5, 0.5, 0.5, 0.5, 0.5, 0.5, 0.5, 0.5, 0.5, 0.5, 0.5, 0.5, 0.5, 0.5, 0.5, 0.5, 0.5, 0.5, 0.5, 0.5, 0.5, 0.5, 0.5, 0.5, 0.5, 0.5, 0.5, 0.5, 0.5, 0.5, 0.5, 0.5, 0.5, 0.5, 0.5, 0.5, 0.5, 0.5, 0.5, 0.5, 0.5, 0.5, 0.5, 0.5, 0.5, 0.5, 0.5, 0.5, 0.5, 0.5, 0.5, 0.5, 0.5, 0.5, 0.5, 0.5, 0.5, 0.5, 0.5, 0.5, 0.5, 0.5, 0.5, 0.5, 0.5, 0.5, 0.5, 0.5, 0.5, 0.5, 0.5, 0.5, 0.5, 0.5, 0.5, 0.5, 0.5, 0.5, 0.5, 0.5, 0.5, 0.5, 0.5, 0.5, 0.5, 0.5, 0.5, 0.5, 0.5, 0.5, 0.5, 0.5, 0.5, 0.5, 0.5, 0.5, 0.5, 0.5, 0.5, 0.5, 0.5, 0.5, 0.5, 0.5, 0.5, 0.5, 0.5, 0.5, 0.5, 0.5, 0.5, 0.5, 0.5, 0.5, 0.5, 0.5, 0.5, 0.5, 0.5, 0.5, 0.5, 0.5, 0.5, 0.5, 0.5, 0.5, 0.5, 0.5, 0.5, 0.5, 0.5, 0.5, 0.5, 0.5, 0.5, 0.5, 0.5, 0.5, 0.5, 0.5, 0.5, 0.5, 0.5, 0.5, 0.5, 0.5, 0.5, 0.5, 0.5, 0.5, 0.5, 0.5, 0.5, 0.5, 0.5, 0.5, 0.5, 0.5, 0.5, 0.5, 0.5, 0.5, 0.5, 0.5, 0.5, 0.5, 0.5, 0.5, 0.5, 0.5, 0.5, 0.5, 0.5, 0.5, 0.5, 0.5, 0.5, 0.5, 0.5, 0.5, 0.5, 0.5, 0.5, 0.5, 0.5, 0.5, 0.5, 0.5, 0.5, 0.5, 0.5, 0.5, 0.5, 0.5, 0.5, 0.5, 0.5, 0.5, 0.5, 0.5, 0.5, 0.5, 0.5, 0.5, 0.5, 0.5, 0.5, 0.5, 0.5, 0.5, 0.5, 0.5, 0.5, 0.5, 0.5, 0.5, 0.5, 0.5, 0.5, 0.5, 0.5, 0.5, 0.5, 0.5, 0.5, 0.5, 0.5, 0.5, 0.5, 0.5, 0.5, 0.5, 0.5, 0.5, 0.5, 0.5, 0.5, 0.5, 0.5, 0.5, 0.5, 0.5, 0.5, 0.5, 0.5, 0.5, 0.5, 0.5, 0.5, 0.5, 0.5, 0.5, 0.5, 0.5, 0.5, 0.5, 0.5, 0.5, 0.5, 0.5, 0.5, 0.5, 0.5, 0.5, 0.5, 0.5, 0.5, 0.5, 0.5, 0.5, 0.5, 0.5, 0.5, 0.5, 0.5, 0.5, 0.5, 0.5, 0.5, 0.5, 0.5, 0.5, 0.5, 0.5, 0.5, 0.5, 0.5, 0.5, 0.5, 0.5, 0.5, 0.5, 0.5, 0.5, 0.5, 0.5, 0.5, 0.5, 0.5, 0.5, 0.5, 0.5, 0.5, 0.5, 0.5, 0.5, 0.5, 0.5, 0.5, 0.5, 0.5, 0.5, 0.5, 0.5, 0.5, 0.5, 0.5, 0.5, 0.5, 0.5, 0.5, 0.5, 0.5, 0.5, 0.5, 0.5, 0.5, 0.5, 0.5, 0.5, 0.5, 0.5, 0.5, 0.5, 0.5, 0.5, 0.5, 0.5, 0.5, 0.5, 0.5, 0.5, 0.5, 0.5, 0.5, 0.5, 0.5, 0.5, 0.5, 0.5, 0.5, 0.5, 0.5, 0.5, 0.5, 0.5, 0.5, 0.5, 0.5, 0.5, 0.5, 0.5, 0.5, 0.5, 0.5, 0.5, 0.5, 0.5, 0.5, 0.5, 0.5, 0.5, 0.5, 0.5, 0.5, 0.5, 0.5, 0.5, 0.5, 0.5, 0.5, 0.5, 0.5, 0.5, 0.5, 0.5, 0.5, 0.5, 0.5, 0.5, 0.5, 0.5, 0.5, 0.5, 0.5, 0.5, 0.5, 0.5, 0.5, 0.5, 0.5, 0.5, 0.5, 0.5, 0.5, 0.5, 0.5, 0.5]",3
2026_11_KICE_22-26_0,['5(2)'],"1번: (가)에는 계절을 나타내는 소재가 등장하지 않습니다. 시적 분위기는 어둠과 고독, 그리움을 바탕으로 하고 있습니다. ""등불 하나 켜 든 이 보이지 않고"", ""함께 어둠 지새던 별 하나 눈뜨지 않는다"" 등에서 확인할 수 있습니다.

2번: (나)는 자연을 관조하지만 탈속적 태도라기보다는 일상적이고 소박한 태도로 바라보고 있습니다. ""감나무 그늘에 평상을 놓고"", ""밤이면 잠 뒤척여 산이 우는 소리도 들어 보고"" 등에서 일상적 정서가 드러납니다.

3번: (다)는 세태를 비판하기보다는 소리의 본질과 좋은 소리에 대해 논리적으로 설명하고 있습니다. ""사람의 소리로서 남에게 듣기 좋고, 남에게 듣기 좋아 글로 쓰이고, 글로 쓰였으면서 바름에 합당하다면 그것을 일컬어 좋은 소리라 한다""는 부분이 핵심입니다.

4번: (가)는 ""두고 온 것들이 빛나는 때가 있다""에서 시작해 ""우리가 뿌린 소금들 반짝반짝 별빛이 되어""로 이어지는 연쇄적 표현이 있지만, (다)는 논리적 전개 방식을 취하고 있어 태도 변화 과정을 보여주지 않습니다.

5번: (나)는 ""사랑이 끝났기로서니 그리움마저 사라지랴""와 같은 가정적 표현을 사용하고, (다)는 ""사람이 세상에 태어나면 안으로는 오장이 있고 밖으로는 형체가 있지만 그것만으로 어찌 소리를 내겠는가""와 같은 가정적 표현을 사용하여 대상의 속성을 드러내고 있습니다.

최종 정답: 5번","[16, 167, 110, 230, 25, 357, 166, 108, 222, 8, 168, 245, 238, 167, 232, 242, 220, 166, 111, 226, 168, 254, 230, 35975, 226, 31619, 224, 246, 169, 225, 222, 167, 224, 112, 167, 232, 242, 23821, 228, 234, 168, 252, 105, 166, 108, 222, 31619, 241, 109, 168, 252, 98, 47991, 246, 168, 100, 222, 23821, 243, 232, 168, 232, 113, 46695, 230, 46695, 97, 13, 23821, 233, 250, 168, 254, 223, 31619, 114, 226, 168, 250, 226, 166, 116, 108, 167, 232, 242, 23821, 244, 112, 167, 239, 254, 166, 111, 120, 220, 166, 111, 254, 167, 237, 227, 11, 220, 166, 115, 116, 167, 99, 105, 168, 249, 222, 35975, 226, 31619, 108, 242, 169, 225, 243, 168, 250, 120, 167, 94, 250, 220, 47991, 246, 166, 111, 254, 23821, 252, 230, 168, 232, 113, 46695, 230, 46695, 97, 13, 366, 167, 241, 109, 167, 114, 230, 220, 47991, 246, 167, 224, 246, 23821, 120, 250, 31619, 241, 254, 23821, 251, 112, 31619, 111, 112, 35975, 112, 168, 100, 222, 23821, 243, 232, 166, 111, 254, 1600, 366, 47991, 101, 166, 119, 246, 23821, 244, 112, 167, 239, 254, 23821, 100, 222, 168, 225, 230, 167, 235, 246, 31619, 111, 226, 220, 47991, 246, 167, 224, 246, 31619, 230, 230, 167, 250, 101, 168, 100, 222, 23821, 243, 232, 167, 232, 242, 46695, 97, 1, 31619, 241, 109, 168, 245, 238, 168, 226, 250, 220, 169, 247, 243, 35975, 116, 47991, 254, 23821, 230, 246, 23821, 252, 230, 168, 232, 113, 46695, 230, 46695, 97, 13, 198, 198, 17, 167, 110, 230, 25, 357, 167, 224, 246, 8, 167, 232, 242, 23821, 252, 238, 168, 245, 108, 35975, 226, 220, 166, 112, 222, 168, 94, 108, 47991, 246, 168, 100, 222, 167, 100, 234, 220, 169, 225, 230, 168, 228, 235, 168, 254, 223, 220, 169, 225, 250, 167, 237, 226, 167, 251, 120, 166, 116, 108, 167, 111, 112, 46695, 97, 167, 232, 242, 23821, 251, 120, 168, 225, 223, 168, 254, 223, 35975, 112, 166, 111, 254, 23821, 228, 234, 167, 108, 243, 47991, 250, 220, 169, 225, 250, 167, 237, 226, 167, 94, 250, 31619, 108, 242, 167, 251, 120, 167, 111, 112, 166, 111, 254, 23821, 252, 230, 168, 232, 113, 46695, 230, 46695, 97, 13, 366, 166, 108, 238, 167, 224, 246, 167, 105, 112, 220, 166, 115, 116, 167, 232, 246, 168, 245, 238, 220, 169, 237, 231, 168, 225, 223, 35975, 226, 31619, 228, 241, 166, 111, 254, 1600, 366, 167, 108, 97, 35975, 112, 167, 102, 112, 23821, 252, 254, 31619, 240, 97, 168, 110, 247, 168, 245, 105, 23821, 224, 108, 35975, 112, 23821, 248, 108, 167, 232, 242, 23821, 228, 234, 167, 99, 105, 167, 237, 226, 31619, 241, 97, 168, 244, 112, 31619, 111, 112, 166, 111, 254, 1, 31619, 241, 109, 168, 245, 238, 168, 226, 250, 23821, 251, 120, 168, 225, 223, 168, 254, 223, 23821, 254, 243, 168, 226, 250, 166, 108, 222, 31619, 241, 250, 167, 253, 105, 167, 224, 102, 46695, 230, 46695, 97, 13, 198, 198, 18, 167, 110, 230, 25, 357, 46695, 97, 8, 167, 232, 242, 23821, 226, 116, 169, 225, 250, 167, 98, 120, 31619, 117, 226, 169, 234, 238, 47991, 246, 166, 116, 108, 167, 111, 112, 46695, 97, 167, 232, 242, 23821, 228, 234, 167, 99, 105, 35975, 246, 31619, 111, 116, 168, 100, 230, 166, 111, 120, 23821, 95, 233, 35975, 222, 23821, 228, 234, 167, 99, 105, 168, 245, 238, 31619, 234, 222, 47991, 112, 31619, 227, 120, 167, 99, 105, 168, 254, 223, 168, 250, 120, 167, 94, 250, 23821, 226, 97, 167, 103, 227, 47991, 246, 166, 111, 254, 23821, 252, 230, 168, 232, 113, 46695, 230, 46695, 97, 13, 366, 168, 8955, 167, 252, 234, 35975, 246, 23821, 228, 234, 167, 99, 105, 167, 94, 250, 168, 226, 250, 31619, 224, 101, 168, 245, 238, 166, 110, 234, 31619, 241, 96, 166, 116, 108, 23821, 95, 233, 166, 111, 254, 11, 31619, 224, 101, 168, 245, 238, 166, 110, 234, 31619, 241, 96, 166, 116, 108, 23821, 95, 233, 168, 243, 226, 220, 166, 116, 222, 167, 94, 250, 23821, 241, 108, 35975, 112, 166, 111, 254, 11, 220, 166, 116, 222, 167, 94, 250, 23821, 241, 108, 168, 246, 222, 168, 250, 120, 167, 102, 112, 168, 226, 250, 31619, 108, 242, 167, 99, 226, 168, 245, 238, 220, 47991, 102, 46695, 117, 47991, 246, 46695, 97, 167, 102, 112, 220, 166, 115, 116, 166, 110, 225, 35975, 226, 23821, 251, 120, 168, 119, 105, 168, 244, 112, 23821, 95, 233, 35975, 222, 23821, 228, 234, 167, 99, 105, 167, 251, 120, 220, 47991, 250, 46695, 97, 1, 167, 232, 242, 31619, 114, 222, 167, 114, 226, 35975, 112, 220, 47991, 113, 168, 233, 105, 168, 252, 227, 46695, 230, 46695, 97, 13, 198, 198, 19, 167, 110, 230, 25, 357, 166, 108, 222, 8, 167, 232, 242, 366, 167, 239, 238, 166, 111, 254, 23821, 246, 101, 220, 166, 110, 225, 167, 241, 97, 35975, 112, 31619, 117, 249, 167, 224, 246, 167, 232, 242, 31619, 243, 234, 166, 108, 222, 23821, 252, 230, 46695, 97, 1, 168, 245, 238, 168, 226, 250, 23821, 233, 250, 168, 252, 239, 47991, 112, 366, 168, 248, 108, 167, 99, 105, 166, 108, 222, 31619, 123, 234, 167, 99, 108, 23821, 228, 234, 166, 116, 230, 167, 241, 97, 31619, 108, 246, 168, 100, 251, 167, 108, 246, 168, 100, 251, 31619, 111, 226, 167, 117, 249, 35975, 112, 31619, 238, 246, 168, 244, 112, 1, 167, 94, 250, 23821, 251, 112, 168, 244, 112, 168, 100, 222, 167, 232, 242, 23821, 245, 108, 168, 229, 226, 168, 254, 223, 220, 169, 239, 250, 169, 246, 226, 35975, 112, 23821, 252, 230, 168, 100, 222, 167, 100, 234, 11, 357, 46695, 97, 8, 167, 232, 242, 31619, 227, 120, 167, 99, 105, 168, 254, 223, 23821, 254, 226, 166, 108, 250, 31619, 108, 102, 168, 233, 251, 35975, 226, 23821, 115, 101, 47991, 246, 166, 111, 254, 23821, 252, 230, 168, 244, 112, 220, 169, 225, 250, 167, 237, 226, 31619, 111, 222, 169, 247, 242, 220, 166, 111, 120, 168, 254, 243, 35975, 226, 31619, 111, 112, 168, 245, 105, 168, 96, 120, 168, 100, 222, 23821, 243, 232, 168, 232, 113, 46695, 230, 46695, 97, 13, 198, 198, 20, 167, 110, 230, 25, 357, 167, 224, 246, 8, 167, 232, 242, 366, 168, 8955, 167, 252, 239, 35975, 112, 31619, 223, 251, 167, 8955, 166, 116, 108, 167, 94, 250, 168, 226, 250, 46695, 230, 220, 166, 115, 116, 167, 99, 105, 168, 249, 222, 167, 100, 230, 168, 254, 222, 23821, 8955, 167, 251, 120, 168, 100, 222, 167, 252, 112, 1, 168, 247, 222, 220, 166, 108, 247, 35975, 222, 220, 166, 108, 222, 168, 254, 243, 168, 254, 223, 220, 169, 239, 250, 169, 246, 226, 35975, 226, 23821, 8955, 168, 248, 102, 47991, 246, 166, 111, 254, 11, 357, 46695, 97, 8, 167, 232, 242, 366, 168, 8955, 167, 252, 234, 35975, 112, 23821, 226, 116, 168, 225, 223, 168, 245, 238, 220, 169, 225, 250, 168, 244, 112, 167, 224, 246, 167, 102, 112, 23821, 243, 230, 168, 250, 120, 167, 94, 250, 167, 232, 242, 23821, 246, 97, 168, 252, 98, 35975, 112, 23821, 252, 230, 166, 111, 254, 31619, 108, 244, 168, 250, 120, 167, 94, 250, 167, 232, 242, 220, 169, 246, 243, 168, 110, 112, 166, 108, 222, 23821, 252, 230, 168, 100, 222, 167, 100, 234, 220, 166, 115, 116, 166, 110, 225, 167, 100, 234, 168, 250, 120, 167, 94, 250, 23821, 244, 112, 168, 108, 234, 23821, 228, 234, 167, 99, 105, 167, 98, 120, 31619, 224, 112, 166, 110, 254, 167, 232, 242, 166, 108, 222, 1, 168, 247, 222, 220, 166, 108, 247, 35975, 222, 220, 166, 108, 222, 168, 254, 243, 168, 254, 223, 220, 169, 239, 250, 169, 246, 226, 35975, 226, 23821, 8955, 168, 248, 102, 47991, 246, 168, 245, 105, 31619, 234, 222, 168, 225, 223, 35975, 246, 23821, 228, 235, 168, 226, 109, 35975, 226, 31619, 241, 250, 167, 253, 105, 167, 224, 112, 166, 111, 254, 23821, 252, 230, 168, 232, 113, 46695, 230, 46695, 97, 13, 198, 198, 168, 113, 250, 168, 95, 227, 23821, 254, 243, 46695, 113, 25, 642, 167, 110, 230]","[0.5, 0.5, 0.5, 0.5, 0.5, 0.5, 0.5, 0.5, 0.5, 0.5, 0.5, 0.5, 0.5, 0.5, 0.5, 0.5, 0.5, 0.5, 0.5, 0.5, 0.5, 0.5, 0.5, 0.5, 0.5, 0.5, 0.5, 0.5, 0.5, 0.5, 0.5, 0.5, 0.5, 0.5, 0.5, 0.5, 0.5, 0.5, 0.5, 0.5, 0.5, 0.5, 0.5, 0.5, 0.5, 0.5, 0.5, 0.5, 0.5, 0.5, 0.5, 0.5, 0.5, 0.5, 0.5, 0.5, 0.5, 0.5, 0.5, 0.5, 0.5, 0.5, 0.5, 0.5, 0.5, 0.5, 0.5, 0.5, 0.5, 0.5, 0.5, 0.5, 0.5, 0.5, 0.5, 0.5, 0.5, 0.5, 0.5, 0.5, 0.5, 0.5, 0.5, 0.5, 0.5, 0.5, 0.5, 0.5, 0.5, 0.5, 0.5, 0.5, 0.5, 0.5, 0.5, 0.5, 0.5, 0.5, 0.5, 0.5, 0.5, 0.5, 0.5, 0.5, 0.5, 0.5, 0.5, 0.5, 0.5, 0.5, 0.5, 0.5, 0.5, 0.5, 0.5, 0.5, 0.5, 0.5, 0.5, 0.5, 0.5, 0.5, 0.5, 0.5, 0.5, 0.5, 0.5, 0.5, 0.5, 0.5, 0.5, 0.5, 0.5, 0.5, 0.5, 0.5, 0.5, 0.5, 0.5, 0.5, 0.5, 0.5, 0.5, 0.5, 0.5, 0.5, 0.5, 0.5, 0.5, 0.5, 0.5, 0.5, 0.5, 0.5, 0.5, 0.5, 0.5, 0.5, 0.5, 0.5, 0.5, 0.5, 0.5, 0.5, 0.5, 0.5, 0.5, 0.5, 0.5, 0.5, 0.5, 0.5, 0.5, 0.5, 0.5, 0.5, 0.5, 0.5, 0.5, 0.5, 0.5, 0.5, 0.5, 0.5, 0.5, 0.5, 0.5, 0.5, 0.5, 0.5, 0.5, 0.5, 0.5, 0.5, 0.5, 0.5, 0.5, 0.5, 0.5, 0.5, 0.5, 0.5, 0.5, 0.5, 0.5, 0.5, 0.5, 0.5, 0.5, 0.5, 0.5, 0.5, 0.5, 0.5, 0.5, 0.5, 0.5, 0.5, 0.5, 0.5, 0.5, 0.5, 0.5, 0.5, 0.5, 0.5, 0.5, 0.5, 0.5, 0.5, 0.5, 0.5, 0.5, 0.5, 0.5, 0.5, 0.5, 0.5, 0.5, 0.5, 0.5, 0.5, 0.5, 0.5, 0.5, 0.5, 0.5, 0.5, 0.5, 0.5, 0.5, 0.5, 0.5, 0.5, 0.5, 0.5, 0.5, 0.5, 0.5, 0.5, 0.5, 0.5, 0.5, 0.5, 0.5, 0.5, 0.5, 0.5, 0.5, 0.5, 0.5, 0.5, 0.5, 0.5, 0.5, 0.5, 0.5, 0.5, 0.5, 0.5, 0.5, 0.5, 0.5, 0.5, 0.5, 0.5, 0.5, 0.5, 0.5, 0.5, 0.5, 0.5, 0.5, 0.5, 0.5, 0.5, 0.5, 0.5, 0.5, 0.5, 0.5, 0.5, 0.5, 0.5, 0.5, 0.5, 0.5, 0.5, 0.5, 0.5, 0.5, 0.5, 0.5, 0.5, 0.5, 0.5, 0.5, 0.5, 0.5, 0.5, 0.5, 0.5, 0.5, 0.5, 0.5, 0.5, 0.5, 0.5, 0.5, 0.5, 0.5, 0.5, 0.5, 0.5, 0.5, 0.5, 0.5, 0.5, 0.5, 0.5, 0.5, 0.5, 0.5, 0.5, 0.5, 0.5, 0.5, 0.5, 0.5, 0.5, 0.5, 0.5, 0.5, 0.5, 0.5, 0.5, 0.5, 0.5, 0.5, 0.5, 0.5, 0.5, 0.5, 0.5, 0.5, 0.5, 0.5, 0.5, 0.5, 0.5, 0.5, 0.5, 0.5, 0.5, 0.5, 0.5, 0.5, 0.5, 0.5, 0.5, 0.5, 0.5, 0.5, 0.5, 0.5, 0.5, 0.5, 0.5, 0.5, 0.5, 0.5, 0.5, 0.5, 0.5, 0.5, 0.5, 0.5, 0.5, 0.5, 0.5, 0.5, 0.5, 0.5, 0.5, 0.5, 0.5, 0.5, 0.5, 0.5, 0.5, 0.5, 0.5, 0.5, 0.5, 0.5, 0.5, 0.5, 0.5, 0.5, 0.5, 0.5, 0.5, 0.5, 0.5, 0.5, 0.5, 0.5, 0.5, 0.5, 0.5, 0.5, 0.5, 0.5, 0.5, 0.5, 0.5, 0.5, 0.5, 0.5, 0.5, 0.5, 0.5, 0.5, 0.5, 0.5, 0.5, 0.5, 0.5, 0.5, 0.5, 0.5, 0.5, 0.5, 0.5, 0.5, 0.5, 0.5, 0.5, 0.5, 0.5, 0.5, 0.5, 0.5, 0.5, 0.5, 0.5, 0.5, 0.5, 0.5, 0.5, 0.5, 0.5, 0.5, 0.5, 0.5, 0.5, 0.5, 0.5, 0.5, 0.5, 0.5, 0.5, 0.5, 0.5, 0.5, 0.5, 0.5, 0.5, 0.5, 0.5, 0.5, 0.5, 0.5, 0.5, 0.5, 0.5, 0.5, 0.5, 0.5, 0.5, 0.5, 0.5, 0.5, 0.5, 0.5, 0.5, 0.5, 0.5, 0.5, 0.5, 0.5, 0.5, 0.5, 0.5, 0.5, 0.5, 0.5, 0.5, 0.5, 0.5, 0.5, 0.5, 0.5, 0.5, 0.5, 0.5, 0.5, 0.5, 0.5, 0.5, 0.5, 0.5, 0.5, 0.5, 0.5, 0.5, 0.5, 0.5, 0.5, 0.5, 0.5, 0.5, 0.5, 0.5, 0.5, 0.5, 0.5, 0.5, 0.5, 0.5, 0.5, 0.5, 0.5, 0.5, 0.5, 0.5, 0.5, 0.5, 0.5, 0.5, 0.5, 0.5, 0.5, 0.5, 0.5, 0.5, 0.5, 0.5, 0.5, 0.5, 0.5, 0.5, 0.5, 0.5, 0.5, 0.5, 0.5, 0.5, 0.5, 0.5, 0.5, 0.5, 0.5, 0.5, 0.5, 0.5, 0.5, 0.5, 0.5, 0.5, 0.5, 0.5, 0.5, 0.5, 0.5, 0.5, 0.5, 0.5, 0.5, 0.5, 0.5, 0.5, 0.5, 0.5, 0.5, 0.5, 0.5, 0.5, 0.5, 0.5, 0.5, 0.5, 0.5, 0.5, 0.5, 0.5, 0.5, 0.5, 0.5, 0.5, 0.5, 0.5, 0.5, 0.5, 0.5, 0.5, 0.5, 0.5, 0.5, 0.5, 0.5, 0.5, 0.5, 0.5, 0.5, 0.5, 0.5, 0.5, 0.5, 0.5, 0.5, 0.5, 0.5, 0.5, 0.5, 0.5, 0.5, 0.5, 0.5, 0.5, 0.5, 0.5, 0.5, 0.5, 0.5, 0.5, 0.5, 0.5, 0.5, 0.5, 0.5, 0.5, 0.5, 0.5, 0.5, 0.5, 0.5, 0.5, 0.5, 0.5, 0.5, 0.5, 0.5, 0.5, 0.5, 0.5, 0.5, 0.5, 0.5, 0.5, 0.5, 0.5, 0.5, 0.5, 0.5, 0.5, 0.5, 0.5, 0.5, 0.5, 0.5, 0.5, 0.5, 0.5, 0.5, 0.5, 0.5, 0.5, 0.5, 0.5, 0.5, 0.5, 0.5, 0.5, 0.5, 0.5, 0.5, 0.5, 0.5, 0.5, 0.5, 0.5, 0.5, 0.5, 0.5, 0.5, 0.5, 0.5, 0.5, 0.5, 0.5, 0.5, 0.5, 0.5, 0.5, 0.5, 0.5, 0.5, 0.5, 0.5, 0.5, 0.5, 0.5, 0.5, 0.5, 0.5, 0.5, 0.5, 0.5, 0.5, 0.5, 0.5, 0.5, 0.5, 0.5, 0.5, 0.5, 0.5, 0.5, 0.5, 0.5, 0.5, 0.5, 0.5, 0.5, 0.5, 0.5, 0.5, 0.5, 0.5, 0.5, 0.5, 0.5, 0.5, 0.5, 0.5, 0.5, 0.5, 0.5, 0.5, 0.5, 0.5, 0.5, 0.5, 0.5, 0.5, 0.5, 0.5, 0.5, 0.5, 0.5, 0.5, 0.5, 0.5, 0.5, 0.5, 0.5, 0.5, 0.5, 0.5, 0.5, 0.5, 0.5, 0.5, 0.5, 0.5, 0.5, 0.5, 0.5, 0.5, 0.5, 0.5, 0.5, 0.5, 0.5, 0.5, 0.5, 0.5, 0.5, 0.5, 0.5, 0.5, 0.5, 0.5, 0.5, 0.5, 0.5, 0.5, 0.5, 0.5, 0.5, 0.5, 0.5, 0.5, 0.5, 0.5, 0.5, 0.5, 0.5, 0.5, 0.5, 0.5, 0.5, 0.5, 0.5, 0.5, 0.5, 0.5, 0.5, 0.5, 0.5, 0.5, 0.5, 0.5, 0.5, 0.5, 0.5, 0.5, 0.5, 0.5, 0.5, 0.5, 0.5, 0.5, 0.5, 0.5, 0.5, 0.5, 0.5, 0.5, 0.5, 0.5, 0.5, 0.5, 0.5, 0.5, 0.5, 0.5, 0.5, 0.5, 0.5, 0.5, 0.5, 0.5, 0.5, 0.5, 0.5, 0.5, 0.5, 0.5, 0.5, 0.5, 0.5, 0.5, 0.5, 0.5, 0.5, 0.5, 0.5, 0.5, 0.5, 0.5, 0.5, 0.5, 0.5, 0.5, 0.5, 0.5, 0.5, 0.5, 0.5, 0.5, 0.5, 0.5, 0.5, 0.5, 0.5, 0.5, 0.5, 0.5, 0.5, 0.5, 0.5, 0.5, 0.5, 0.5, 0.5, 0.5, 0.5, 0.5, 0.5, 0.5, 0.5, 0.5, 0.5, 0.5, 0.5, 0.5, 0.5, 0.5, 0.5, 0.5, 0.5, 0.5, 0.5, 0.5, 0.5, 0.5, 0.5, 0.5, 0.5, 0.5, 0.5, 0.5, 0.5, 0.5, 0.5, 0.5, 0.5, 0.5, 0.5, 0.5, 0.5, 0.5, 0.5, 0.5, 0.5, 0.5, 0.5, 0.5, 0.5, 0.5, 0.5, 0.5, 0.5, 0.5, 0.5, 0.5, 0.5, 0.5, 0.5, 0.5, 0.5, 0.5, 0.5, 0.5, 0.5, 0.5, 0.5, 0.5, 0.5, 0.5, 0.5, 0.5, 0.5, 0.5, 0.5, 0.5, 0.5, 0.5, 0.5, 0.5, 0.5, 0.5, 0.5, 0.5, 0.5, 0.5, 0.5, 0.5, 0.5, 0.5, 0.5, 0.5, 0.5, 0.5, 0.5, 0.5, 0.5, 0.5, 0.5, 0.5, 0.5, 0.5, 0.5, 0.5, 0.5, 0.5, 0.5, 0.5, 0.5, 0.5, 0.5, 0.5, 0.5, 0.5, 0.5, 0.5, 0.5, 0.5, 0.5, 0.5, 0.5, 0.5, 0.5, 0.5, 0.5, 0.5, 0.5, 0.5, 0.5, 0.5, 0.5, 0.5, 0.5, 0.5, 0.5, 0.5, 0.5, 0.5, 0.5, 0.5, 0.5, 0.5, 0.5, 0.5, 0.5, 0.5, 0.5, 0.5, 0.5, 0.5, 0.5, 0.5, 0.5, 0.5, 0.5, 0.5, 0.5, 0.5, 0.5, 0.5, 0.5, 0.5, 0.5, 0.5, 0.5, 0.5, 0.5, 0.5, 0.5, 0.5, 0.5, 0.5, 0.5, 0.5, 0.5, 0.5, 0.5, 0.5, 0.5, 0.5, 0.5, 0.5, 0.5, 0.5, 0.5, 0.5, 0.5, 0.5, 0.5, 0.5, 0.5, 0.5, 0.5, 0.5, 0.5, 0.5, 0.5, 0.5, 0.5, 0.5, 0.5, 0.5, 0.5, 0.5, 0.5, 0.5, 0.5, 0.5, 0.5, 0.5, 0.5, 0.5, 0.5, 0.5, 0.5, 0.5, 0.5, 0.5, 0.5, 0.5, 0.5, 0.5, 0.5, 0.5, 0.5, 0.5, 0.5, 0.5, 0.5, 0.5, 0.5, 0.5, 0.5, 0.5, 0.5, 0.5, 0.5, 0.5, 0.5, 0.5, 0.5, 0.5, 0.5, 0.5, 0.5, 0.5, 0.5, 0.5, 0.5, 0.5, 0.5, 0.5, 0.5, 0.5, 0.5, 0.5, 0.5, 0.5, 0.5, 0.5, 0.5, 0.5, 0.5, 0.5, 0.5, 0.5, 0.5, 0.5, 0.5, 0.5, 0.5, 0.5, 0.5, 0.5, 0.5, 0.5, 0.5, 0.5, 0.5, 0.5, 0.5, 0.5, 0.5, 0.5, 0.5, 0.5, 0.5, 0.5, 0.5, 0.5, 0.5, 0.5, 0.5, 0.5, 0.5, 0.5, 0.5, 0.5, 0.5, 0.5, 0.5, 0.5, 0.5, 0.5, 0.5, 0.5, 0.5, 0.5, 0.5, 0.5, 0.5, 0.5, 0.5, 0.5, 0.5, 0.5, 0.5, 0.5, 0.5, 0.5, 0.5, 0.5, 0.5, 0.5, 0.5, 0.5, 0.5, 0.5, 0.5, 0.5, 0.5, 0.5, 0.5, 0.5, 0.5, 0.5, 0.5, 0.5, 0.5, 0.5, 0.5, 0.5, 0.5, 0.5, 0.5, 0.5, 0.5, 0.5, 0.5, 0.5, 0.5, 0.5, 0.5, 0.5, 0.5, 0.5, 0.5, 0.5, 0.5, 0.5, 0.5, 0.5, 0.5, 0.5, 0.5, 0.5, 0.5, 0.5, 0.5, 0.5, 0.5, 0.5, 0.5, 0.5, 0.5, 0.5, 0.5, 0.5, 0.5, 0.5, 0.5, 0.5, 0.5, 0.5, 0.5, 0.5, 0.5, 0.5, 0.5, 0.5, 0.5, 0.5, 0.5, 0.5, 0.5, 0.5, 0.5, 0.5, 0.5, 0.5, 0.5, 0.5, 0.5, 0.5, 0.5, 0.5, 0.5, 0.5, 0.5, 0.5, 0.5, 0.5, 0.5, 0.5, 0.5, 0.5, 0.5, 0.5, 0.5, 0.5, 0.5, 0.5, 0.5, 0.5, 0.5, 0.5, 0.5, 0.5, 0.5, 0.5, 0.5, 0.5, 0.5, 0.5, 0.5, 0.5, 0.5, 0.5, 0.5, 0.5, 0.5, 0.5, 0.5, 0.5, 0.5, 0.5, 0.5, 0.5, 0.5, 0.5, 0.5, 0.5, 0.5, 0.5, 0.5, 0.5, 0.5, 0.5, 0.5, 0.5, 0.5, 0.5, 0.5, 0.5, 0.5, 0.5, 0.5, 0.5, 0.5, 0.5, 0.5, 0.5, 0.5, 0.5, 0.5, 0.5, 0.5, 0.5, 0.5, 0.5, 0.5, 0.5, 0.5, 0.5, 0.5, 0.5, 0.5, 0.5, 0.5, 0.5, 0.5, 0.5, 0.5, 0.5, 0.5]",2
2026_11_KICE_22-26_1,['1(3)'],"1번: 적절함. (가)에서 '사방을 둘러보아도 등불 하나 켜 든 이 보이지 않고'와 '발자국 소리 들리지 않는다'는 구절은 암울한 현실 상황을 보여주며, '밤을 지키는' 이의 눈을 피해 다니는 상황을 암시한다.

2번: 적절함. (가)의 마지막 연에서 '우리가 뿌린 소금들 반짝반짝 별빛이 되어 오던 길 환히 비춰 주고 있으니'라는 구절은 빛의 회복에 대한 소망이 실현될 수 있음을 암시한다.

3번: 부적절함. (나)에서 '감나무 그늘에 평상을 놓고'는 자연과의 교감을 나타내지만, '밝음과 어두움이 어우러져 있는 자연에서 내면에 대한 성찰'이라는 해석은 지나친 확대 해석이다. 오히려 자연과의 교감을 통한 위안과 성숙을 나타낸다.

4번: 적절함. (가)에서 '하늘 올려보아도 함께 어둠 지새던 별 하나 눈뜨지 않는다'는 상실을, (나)에서 '밤이면 잠 뒤척여'와 '그 기다림 날로 익으니 서러움까지 익어선'은 성숙의 시간을 의미한다.

5번: 적절함. (가)에서 '저녁'부터 '새벽'까지의 여정과 (나)에서 '저 짙푸른 감들, 마침내 형형 등불을 밝힐 것'이라는 표현은 모두 밝음에 대한 기대를 드러낸다.

최종 정답: 3번","[16, 167, 110, 230, 25, 23821, 254, 223, 168, 254, 230, 47991, 101, 13, 357, 166, 108, 222, 8, 168, 245, 238, 168, 226, 250, 705, 168, 8955, 167, 108, 102, 35975, 226, 31619, 239, 246, 167, 253, 105, 167, 111, 112, 168, 243, 226, 167, 237, 226, 31619, 241, 109, 167, 114, 230, 220, 47991, 246, 167, 224, 246, 23821, 120, 250, 31619, 241, 254, 23821, 251, 112, 31619, 111, 112, 35975, 112, 168, 100, 222, 23821, 243, 232, 166, 111, 254, 6, 168, 247, 222, 705, 167, 108, 250, 168, 252, 238, 166, 113, 255, 23821, 228, 234, 167, 99, 105, 31619, 241, 97, 167, 99, 105, 168, 100, 222, 23821, 243, 232, 167, 232, 242, 46695, 97, 6, 167, 232, 242, 220, 166, 113, 105, 168, 254, 230, 35975, 222, 23821, 243, 242, 168, 248, 116, 47991, 250, 220, 169, 246, 226, 168, 233, 97, 23821, 225, 223, 169, 247, 102, 35975, 226, 31619, 111, 112, 168, 245, 105, 168, 96, 120, 167, 102, 108, 11, 705, 167, 108, 97, 35975, 226, 23821, 100, 222, 169, 224, 97, 167, 232, 242, 6, 23821, 251, 112, 35975, 246, 31619, 230, 230, 35975, 226, 220, 169, 242, 120, 47991, 112, 31619, 233, 97, 46695, 230, 167, 232, 242, 23821, 225, 223, 169, 247, 102, 35975, 226, 23821, 243, 242, 168, 233, 250, 47991, 250, 46695, 97, 13, 198, 198, 17, 167, 110, 230, 25, 23821, 254, 223, 168, 254, 230, 47991, 101, 13, 357, 166, 108, 222, 8, 35975, 246, 31619, 100, 230, 168, 100, 222, 167, 100, 231, 23821, 245, 108, 168, 245, 238, 168, 226, 250, 705, 168, 248, 108, 167, 99, 105, 166, 108, 222, 31619, 123, 234, 167, 99, 108, 23821, 228, 234, 166, 116, 230, 167, 241, 97, 31619, 108, 246, 168, 100, 251, 167, 108, 246, 168, 100, 251, 31619, 111, 226, 167, 117, 249, 35975, 112, 31619, 238, 246, 168, 244, 112, 23821, 246, 97, 167, 235, 246, 220, 166, 116, 116, 220, 169, 247, 246, 169, 252, 230, 31619, 117, 226, 168, 114, 108, 23821, 96, 120, 166, 111, 254, 23821, 252, 230, 168, 250, 120, 46695, 230, 6, 167, 251, 120, 167, 232, 242, 220, 166, 113, 105, 168, 254, 230, 35975, 222, 31619, 117, 249, 35975, 246, 220, 169, 248, 234, 167, 111, 113, 168, 245, 238, 31619, 234, 222, 47991, 250, 23821, 228, 234, 167, 100, 251, 35975, 112, 23821, 233, 97, 169, 246, 226, 167, 238, 254, 23821, 230, 246, 23821, 252, 230, 35975, 234, 35975, 226, 23821, 243, 242, 168, 233, 250, 47991, 250, 46695, 97, 13, 198, 198, 18, 167, 110, 230, 25, 31619, 114, 222, 168, 254, 223, 168, 254, 230, 47991, 101, 13, 357, 167, 224, 246, 8, 168, 245, 238, 168, 226, 250, 705, 166, 108, 238, 167, 224, 246, 167, 105, 112, 220, 166, 115, 116, 167, 232, 246, 168, 245, 238, 220, 169, 237, 231, 168, 225, 223, 35975, 226, 31619, 228, 241, 166, 111, 254, 6, 167, 232, 242, 23821, 252, 238, 168, 245, 108, 166, 111, 120, 35975, 246, 220, 166, 113, 238, 166, 108, 238, 35975, 226, 31619, 224, 246, 169, 225, 222, 167, 224, 112, 168, 100, 222, 167, 100, 234, 11, 705, 167, 108, 251, 35975, 234, 166, 111, 120, 23821, 244, 112, 167, 239, 238, 168, 249, 222, 35975, 112, 23821, 244, 112, 168, 248, 108, 167, 253, 105, 168, 254, 116, 23821, 252, 230, 167, 232, 242, 23821, 252, 238, 168, 245, 108, 168, 245, 238, 168, 226, 250, 31619, 224, 112, 167, 102, 112, 168, 245, 238, 31619, 234, 222, 47991, 250, 23821, 226, 109, 168, 108, 108, 6, 35975, 112, 167, 251, 120, 167, 232, 242, 220, 47991, 112, 168, 226, 251, 35975, 222, 23821, 100, 222, 167, 224, 246, 168, 117, 250, 220, 169, 247, 243, 167, 234, 222, 220, 47991, 112, 168, 226, 251, 35975, 112, 46695, 97, 13, 23821, 246, 97, 169, 252, 230, 167, 254, 97, 23821, 252, 238, 168, 245, 108, 166, 111, 120, 35975, 246, 220, 166, 113, 238, 166, 108, 238, 35975, 226, 220, 169, 228, 113, 47991, 250, 23821, 250, 226, 168, 243, 230, 166, 111, 120, 23821, 226, 109, 168, 230, 247, 35975, 226, 31619, 224, 246, 169, 225, 222, 167, 224, 116, 46695, 97, 13, 198, 198, 19, 167, 110, 230, 25, 23821, 254, 223, 168, 254, 230, 47991, 101, 13, 357, 166, 108, 222, 8, 168, 245, 238, 168, 226, 250, 705, 47991, 246, 167, 232, 246, 23821, 246, 105, 167, 254, 97, 167, 111, 112, 168, 243, 226, 167, 237, 226, 220, 47991, 101, 166, 119, 246, 23821, 244, 112, 167, 239, 254, 23821, 100, 222, 168, 225, 230, 167, 235, 246, 31619, 111, 226, 220, 47991, 246, 167, 224, 246, 31619, 230, 230, 167, 250, 101, 168, 100, 222, 23821, 243, 232, 167, 232, 242, 46695, 97, 6, 167, 232, 242, 23821, 225, 223, 168, 233, 97, 35975, 226, 11, 357, 167, 224, 246, 8, 168, 245, 238, 168, 226, 250, 705, 167, 108, 97, 35975, 112, 167, 102, 112, 23821, 252, 254, 31619, 240, 97, 168, 110, 247, 168, 245, 105, 6, 168, 247, 222, 705, 166, 115, 116, 220, 166, 116, 108, 46695, 97, 167, 99, 120, 31619, 224, 254, 167, 94, 250, 23821, 251, 113, 168, 250, 120, 46695, 230, 23821, 226, 250, 167, 253, 105, 168, 249, 222, 166, 117, 234, 168, 100, 222, 23821, 251, 113, 168, 244, 112, 168, 226, 254, 6, 35975, 222, 23821, 226, 109, 168, 230, 247, 35975, 246, 23821, 233, 250, 166, 108, 226, 35975, 226, 23821, 251, 246, 167, 107, 116, 47991, 250, 46695, 97, 13, 198, 198, 20, 167, 110, 230, 25, 23821, 254, 223, 168, 254, 230, 47991, 101, 13, 357, 166, 108, 222, 8, 168, 245, 238, 168, 226, 250, 705, 168, 254, 222, 167, 227, 223, 6, 167, 114, 222, 169, 226, 108, 705, 168, 225, 230, 167, 110, 121, 6, 166, 117, 234, 168, 100, 222, 35975, 246, 23821, 245, 105, 168, 254, 243, 166, 111, 120, 357, 167, 224, 246, 8, 168, 245, 238, 168, 226, 250, 705, 168, 254, 222, 23821, 100, 247, 169, 239, 116, 167, 98, 116, 220, 166, 108, 238, 167, 241, 97, 11, 31619, 100, 230, 168, 117, 101, 167, 224, 112, 220, 169, 246, 243, 169, 246, 243, 31619, 241, 109, 167, 114, 230, 35975, 226, 31619, 108, 251, 169, 252, 238, 220, 166, 110, 225, 6, 35975, 112, 167, 251, 120, 167, 232, 242, 220, 169, 239, 250, 169, 246, 226, 35975, 222, 31619, 103, 101, 167, 239, 238, 31619, 108, 251, 35975, 234, 168, 245, 238, 31619, 234, 222, 47991, 250, 220, 166, 116, 108, 167, 234, 222, 167, 98, 120, 31619, 241, 250, 167, 253, 105, 167, 224, 116, 46695, 97, 13, 198, 198, 168, 113, 250, 168, 95, 227, 23821, 254, 243, 46695, 113, 25, 513, 167, 110, 230]","[0.5, 0.5, 0.5, 0.5, 0.5, 0.5, 0.5, 0.5, 0.5, 0.5, 0.5, 0.5, 0.5, 0.5, 0.5, 0.5, 0.5, 0.5, 0.5, 0.5, 0.5, 0.5, 0.5, 0.5, 0.5, 0.5, 0.5, 0.5, 0.5, 0.5, 0.5, 0.5, 0.5, 0.5, 0.5, 0.5, 0.5, 0.5, 0.5, 0.5, 0.5, 0.5, 0.5, 0.5, 0.5, 0.5, 0.5, 0.5, 0.5, 0.5, 0.5, 0.5, 0.5, 0.5, 0.5, 0.5, 0.5, 0.5, 0.5, 0.5, 0.5, 0.5, 0.5, 0.5, 0.5, 0.5, 0.5, 0.5, 0.5, 0.5, 0.5, 0.5, 0.5, 0.5, 0.5, 0.5, 0.5, 0.5, 0.5, 0.5, 0.5, 0.5, 0.5, 0.5, 0.5, 0.5, 0.5, 0.5, 0.5, 0.5, 0.5, 0.5, 0.5, 0.5, 0.5, 0.5, 0.5, 0.5, 0.5, 0.5, 0.5, 0.5, 0.5, 0.5, 0.5, 0.5, 0.5, 0.5, 0.5, 0.5, 0.5, 0.5, 0.5, 0.5, 0.5, 0.5, 0.5, 0.5, 0.5, 0.5, 0.5, 0.5, 0.5, 0.5, 0.5, 0.5, 0.5, 0.5, 0.5, 0.5, 0.5, 0.5, 0.5, 0.5, 0.5, 0.5, 0.5, 0.5, 0.5, 0.5, 0.5, 0.5, 0.5, 0.5, 0.5, 0.5, 0.5, 0.5, 0.5, 0.5, 0.5, 0.5, 0.5, 0.5, 0.5, 0.5, 0.5, 0.5, 0.5, 0.5, 0.5, 0.5, 0.5, 0.5, 0.5, 0.5, 0.5, 0.5, 0.5, 0.5, 0.5, 0.5, 0.5, 0.5, 0.5, 0.5, 0.5, 0.5, 0.5, 0.5, 0.5, 0.5, 0.5, 0.5, 0.5, 0.5, 0.5, 0.5, 0.5, 0.5, 0.5, 0.5, 0.5, 0.5, 0.5, 0.5, 0.5, 0.5, 0.5, 0.5, 0.5, 0.5, 0.5, 0.5, 0.5, 0.5, 0.5, 0.5, 0.5, 0.5, 0.5, 0.5, 0.5, 0.5, 0.5, 0.5, 0.5, 0.5, 0.5, 0.5, 0.5, 0.5, 0.5, 0.5, 0.5, 0.5, 0.5, 0.5, 0.5, 0.5, 0.5, 0.5, 0.5, 0.5, 0.5, 0.5, 0.5, 0.5, 0.5, 0.5, 0.5, 0.5, 0.5, 0.5, 0.5, 0.5, 0.5, 0.5, 0.5, 0.5, 0.5, 0.5, 0.5, 0.5, 0.5, 0.5, 0.5, 0.5, 0.5, 0.5, 0.5, 0.5, 0.5, 0.5, 0.5, 0.5, 0.5, 0.5, 0.5, 0.5, 0.5, 0.5, 0.5, 0.5, 0.5, 0.5, 0.5, 0.5, 0.5, 0.5, 0.5, 0.5, 0.5, 0.5, 0.5, 0.5, 0.5, 0.5, 0.5, 0.5, 0.5, 0.5, 0.5, 0.5, 0.5, 0.5, 0.5, 0.5, 0.5, 0.5, 0.5, 0.5, 0.5, 0.5, 0.5, 0.5, 0.5, 0.5, 0.5, 0.5, 0.5, 0.5, 0.5, 0.5, 0.5, 0.5, 0.5, 0.5, 0.5, 0.5, 0.5, 0.5, 0.5, 0.5, 0.5, 0.5, 0.5, 0.5, 0.5, 0.5, 0.5, 0.5, 0.5, 0.5, 0.5, 0.5, 0.5, 0.5, 0.5, 0.5, 0.5, 0.5, 0.5, 0.5, 0.5, 0.5, 0.5, 0.5, 0.5, 0.5, 0.5, 0.5, 0.5, 0.5, 0.5, 0.5, 0.5, 0.5, 0.5, 0.5, 0.5, 0.5, 0.5, 0.5, 0.5, 0.5, 0.5, 0.5, 0.5, 0.5, 0.5, 0.5, 0.5, 0.5, 0.5, 0.5, 0.5, 0.5, 0.5, 0.5, 0.5, 0.5, 0.5, 0.5, 0.5, 0.5, 0.5, 0.5, 0.5, 0.5, 0.5, 0.5, 0.5, 0.5, 0.5, 0.5, 0.5, 0.5, 0.5, 0.5, 0.5, 0.5, 0.5, 0.5, 0.5, 0.5, 0.5, 0.5, 0.5, 0.5, 0.5, 0.5, 0.5, 0.5, 0.5, 0.5, 0.5, 0.5, 0.5, 0.5, 0.5, 0.5, 0.5, 0.5, 0.5, 0.5, 0.5, 0.5, 0.5, 0.5, 0.5, 0.5, 0.5, 0.5, 0.5, 0.5, 0.5, 0.5, 0.5, 0.5, 0.5, 0.5, 0.5, 0.5, 0.5, 0.5, 0.5, 0.5, 0.5, 0.5, 0.5, 0.5, 0.5, 0.5, 0.5, 0.5, 0.5, 0.5, 0.5, 0.5, 0.5, 0.5, 0.5, 0.5, 0.5, 0.5, 0.5, 0.5, 0.5, 0.5, 0.5, 0.5, 0.5, 0.5, 0.5, 0.5, 0.5, 0.5, 0.5, 0.5, 0.5, 0.5, 0.5, 0.5, 0.5, 0.5, 0.5, 0.5, 0.5, 0.5, 0.5, 0.5, 0.5, 0.5, 0.5, 0.5, 0.5, 0.5, 0.5, 0.5, 0.5, 0.5, 0.5, 0.5, 0.5, 0.5, 0.5, 0.5, 0.5, 0.5, 0.5, 0.5, 0.5, 0.5, 0.5, 0.5, 0.5, 0.5, 0.5, 0.5, 0.5, 0.5, 0.5, 0.5, 0.5, 0.5, 0.5, 0.5, 0.5, 0.5, 0.5, 0.5, 0.5, 0.5, 0.5, 0.5, 0.5, 0.5, 0.5, 0.5, 0.5, 0.5, 0.5, 0.5, 0.5, 0.5, 0.5, 0.5, 0.5, 0.5, 0.5, 0.5, 0.5, 0.5, 0.5, 0.5, 0.5, 0.5, 0.5, 0.5, 0.5, 0.5, 0.5, 0.5, 0.5, 0.5, 0.5, 0.5, 0.5, 0.5, 0.5, 0.5, 0.5, 0.5, 0.5, 0.5, 0.5, 0.5, 0.5, 0.5, 0.5, 0.5, 0.5, 0.5, 0.5, 0.5, 0.5, 0.5, 0.5, 0.5, 0.5, 0.5, 0.5, 0.5, 0.5, 0.5, 0.5, 0.5, 0.5, 0.5, 0.5, 0.5, 0.5, 0.5, 0.5, 0.5, 0.5, 0.5, 0.5, 0.5, 0.5, 0.5, 0.5, 0.5, 0.5, 0.5, 0.5, 0.5, 0.5, 0.5, 0.5, 0.5, 0.5, 0.5, 0.5, 0.5, 0.5, 0.5, 0.5, 0.5, 0.5, 0.5, 0.5, 0.5, 0.5, 0.5, 0.5, 0.5, 0.5, 0.5, 0.5, 0.5, 0.5, 0.5, 0.5, 0.5, 0.5, 0.5, 0.5, 0.5, 0.5, 0.5, 0.5, 0.5, 0.5, 0.5, 0.5, 0.5, 0.5, 0.5, 0.5, 0.5, 0.5, 0.5, 0.5, 0.5, 0.5, 0.5, 0.5, 0.5, 0.5, 0.5, 0.5, 0.5, 0.5, 0.5, 0.5, 0.5, 0.5, 0.5, 0.5, 0.5, 0.5, 0.5, 0.5, 0.5, 0.5, 0.5, 0.5, 0.5, 0.5, 0.5, 0.5, 0.5, 0.5, 0.5, 0.5, 0.5, 0.5, 0.5, 0.5, 0.5, 0.5, 0.5, 0.5, 0.5, 0.5, 0.5, 0.5, 0.5, 0.5, 0.5, 0.5, 0.5, 0.5, 0.5, 0.5, 0.5, 0.5, 0.5, 0.5, 0.5, 0.5, 0.5, 0.5, 0.5, 0.5, 0.5, 0.5, 0.5, 0.5, 0.5, 0.5, 0.5, 0.5, 0.5, 0.5, 0.5, 0.5, 0.5, 0.5, 0.5, 0.5, 0.5, 0.5, 0.5, 0.5, 0.5, 0.5, 0.5, 0.5, 0.5, 0.5, 0.5, 0.5, 0.5, 0.5, 0.5, 0.5, 0.5, 0.5, 0.5, 0.5, 0.5, 0.5, 0.5, 0.5, 0.5, 0.5, 0.5, 0.5, 0.5, 0.5, 0.5, 0.5, 0.5, 0.5, 0.5, 0.5, 0.5, 0.5, 0.5, 0.5, 0.5, 0.5, 0.5, 0.5, 0.5, 0.5, 0.5, 0.5, 0.5, 0.5, 0.5, 0.5, 0.5, 0.5, 0.5, 0.5, 0.5, 0.5, 0.5, 0.5, 0.5, 0.5, 0.5, 0.5, 0.5, 0.5, 0.5, 0.5, 0.5, 0.5, 0.5, 0.5, 0.5, 0.5, 0.5, 0.5, 0.5, 0.5, 0.5, 0.5, 0.5, 0.5, 0.5, 0.5, 0.5, 0.5, 0.5, 0.5, 0.5, 0.5, 0.5, 0.5, 0.5, 0.5, 0.5, 0.5, 0.5, 0.5, 0.5, 0.5, 0.5, 0.5, 0.5, 0.5, 0.5, 0.5, 0.5, 0.5, 0.5, 0.5, 0.5, 0.5, 0.5, 0.5, 0.5, 0.5, 0.5, 0.5, 0.5, 0.5, 0.5, 0.5, 0.5, 0.5, 0.5, 0.5, 0.5, 0.5, 0.5, 0.5, 0.5, 0.5, 0.5, 0.5, 0.5, 0.5, 0.5, 0.5, 0.5, 0.5, 0.5, 0.5, 0.5, 0.5, 0.5, 0.5, 0.5, 0.5, 0.5, 0.5, 0.5, 0.5, 0.5, 0.5, 0.5, 0.5, 0.5, 0.5, 0.5, 0.5, 0.5, 0.5, 0.5, 0.5, 0.5, 0.5, 0.5, 0.5, 0.5, 0.5, 0.5, 0.5, 0.5, 0.5, 0.5, 0.5, 0.5, 0.5, 0.5, 0.5, 0.5, 0.5, 0.5, 0.5, 0.5, 0.5, 0.5, 0.5, 0.5, 0.5, 0.5, 0.5, 0.5, 0.5, 0.5, 0.5, 0.5, 0.5, 0.5, 0.5, 0.5, 0.5, 0.5, 0.5, 0.5, 0.5, 0.5, 0.5, 0.5, 0.5, 0.5, 0.5, 0.5, 0.5, 0.5, 0.5, 0.5, 0.5, 0.5, 0.5, 0.5, 0.5, 0.5, 0.5, 0.5, 0.5, 0.5, 0.5, 0.5, 0.5, 0.5, 0.5, 0.5, 0.5, 0.5, 0.5, 0.5, 0.5, 0.5, 0.5, 0.5, 0.5, 0.5, 0.5, 0.5, 0.5, 0.5, 0.5, 0.5, 0.5, 0.5, 0.5, 0.5, 0.5, 0.5, 0.5, 0.5, 0.5, 0.5, 0.5, 0.5, 0.5, 0.5, 0.5, 0.5, 0.5, 0.5, 0.5, 0.5, 0.5, 0.5, 0.5, 0.5, 0.5, 0.5, 0.5, 0.5, 0.5, 0.5, 0.5, 0.5, 0.5, 0.5, 0.5, 0.5, 0.5, 0.5, 0.5, 0.5, 0.5, 0.5, 0.5, 0.5, 0.5, 0.5, 0.5, 0.5, 0.5, 0.5, 0.5, 0.5, 0.5, 0.5, 0.5, 0.5, 0.5, 0.5, 0.5, 0.5, 0.5, 0.5, 0.5, 0.5, 0.5, 0.5, 0.5, 0.5, 0.5, 0.5, 0.5, 0.5, 0.5, 0.5, 0.5, 0.5, 0.5, 0.5, 0.5, 0.5, 0.5, 0.5, 0.5, 0.5, 0.5, 0.5, 0.5, 0.5, 0.5, 0.5, 0.5, 0.5, 0.5, 0.5, 0.5, 0.5, 0.5, 0.5, 0.5, 0.5, 0.5, 0.5, 0.5, 0.5, 0.5, 0.5, 0.5, 0.5, 0.5, 0.5, 0.5, 0.5, 0.5, 0.5, 0.5, 0.5, 0.5, 0.5, 0.5, 0.5, 0.5, 0.5, 0.5, 0.5, 0.5, 0.5, 0.5, 0.5, 0.5, 0.5, 0.5, 0.5, 0.5, 0.5, 0.5, 0.5, 0.5, 0.5, 0.5, 0.5, 0.5, 0.5, 0.5, 0.5, 0.5, 0.5, 0.5, 0.5, 0.5, 0.5, 0.5, 0.5, 0.5, 0.5, 0.5, 0.5]",0
2026_11_KICE_22-26_2,['4(2)'],"1번: 적절함. (가)에서 ""목메이게 부르짖다""와 ""숨가쁘게 넘고""는 모두 대상을 향한 간절한 마음을 보여준다. ""잊혀진 목소리가 살아나는 때가 있다""와 ""외마디 소리를 찾아""는 대상을 찾고자 하는 간절함을 드러낸다.

2번: 적절함. (다)에서 ""아름다운 소리와 추한 소리가 있다""고 하여 쓸모는 있지만 미움받는 소리가 있을 수 있음을, ""좋은 소리""의 조건으로 ""남에게 듣기 좋고"" ""바름에 합당""해야 한다고 하여 듣기 좋은 소리라도 좋은 소리가 아닐 수 있음을 보여준다.

3번: 부적절함. ㉠이 잦아드는 것은 '부르짖다가' 지쳐서 그치는 상태를 의미하며, '다른 목소리의 끝'에 닿지 못한 상태와는 무관하다. ""목메이게 부르짖다 잦아드는 때가 있다""는 표현이 이를 뒷받침한다.

4번: 적절함. (가)에서 ""잊혀진 목소리가 살아나는 때가 있다""고 하여 ㉠이 다시 살아날 수 있음을, (다)에서 ""바른 것 같으면서 삿된 것도 있고""라고 하여 ㉣이 바른 것 같으면서도 삿된 것일 수 있음을 보여준다.

5번: 적절함. (가)에서 ""칼날 세우고""는 민감한 반응을, (다)에서 ""탄식하고 담소하는 소리는 사람의 소리 가운데 쓸모 있는 것""이라고 하여 탄식하는 소리도 쓸모있다고 본 것을 알 수 있다.

최종 정답: 3번","[16, 167, 110, 230, 25, 23821, 254, 223, 168, 254, 230, 47991, 101, 13, 357, 166, 108, 222, 8, 168, 245, 238, 168, 226, 250, 366, 167, 103, 102, 167, 102, 242, 35975, 112, 166, 110, 234, 31619, 114, 222, 167, 98, 112, 168, 100, 244, 46695, 97, 1, 168, 247, 222, 366, 168, 230, 101, 166, 108, 222, 168, 223, 246, 166, 110, 234, 31619, 226, 246, 166, 111, 254, 1, 167, 232, 242, 31619, 103, 101, 167, 239, 238, 31619, 234, 222, 168, 225, 223, 35975, 226, 220, 169, 244, 98, 47991, 250, 220, 166, 108, 226, 168, 254, 230, 47991, 250, 31619, 100, 230, 35975, 234, 35975, 226, 31619, 111, 112, 168, 245, 105, 168, 97, 222, 46695, 97, 13, 366, 168, 252, 232, 169, 246, 222, 168, 100, 226, 31619, 103, 102, 168, 228, 234, 167, 99, 105, 166, 108, 222, 23821, 224, 112, 168, 243, 226, 167, 224, 246, 167, 232, 242, 31619, 243, 234, 166, 108, 222, 23821, 252, 230, 46695, 97, 1, 168, 247, 222, 366, 168, 247, 116, 167, 100, 230, 167, 242, 242, 23821, 228, 234, 167, 99, 105, 167, 98, 120, 23821, 108, 122, 168, 243, 226, 1, 167, 232, 242, 31619, 234, 222, 168, 225, 223, 35975, 226, 23821, 108, 122, 166, 111, 254, 168, 252, 238, 220, 47991, 246, 167, 232, 242, 220, 166, 108, 226, 168, 254, 230, 47991, 101, 35975, 226, 31619, 241, 250, 167, 253, 105, 167, 224, 116, 46695, 97, 13, 198, 198, 17, 167, 110, 230, 25, 23821, 254, 223, 168, 254, 230, 47991, 101, 13, 357, 46695, 97, 8, 168, 245, 238, 168, 226, 250, 366, 168, 243, 226, 167, 99, 226, 46695, 97, 168, 248, 112, 23821, 228, 234, 167, 99, 105, 168, 247, 222, 23821, 114, 242, 47991, 250, 23821, 228, 234, 167, 99, 105, 166, 108, 222, 23821, 252, 230, 46695, 97, 1, 166, 111, 254, 220, 47991, 246, 168, 245, 105, 23821, 241, 116, 167, 103, 101, 167, 232, 242, 23821, 252, 230, 168, 100, 222, 167, 100, 234, 31619, 107, 116, 168, 249, 222, 167, 108, 249, 167, 232, 242, 23821, 228, 234, 167, 99, 105, 166, 108, 222, 23821, 252, 230, 35975, 226, 23821, 230, 246, 23821, 252, 230, 35975, 234, 35975, 226, 11, 366, 168, 95, 233, 35975, 222, 23821, 228, 234, 167, 99, 105, 1, 35975, 246, 23821, 94, 108, 166, 109, 112, 168, 250, 120, 167, 94, 250, 366, 167, 224, 101, 168, 245, 238, 166, 110, 234, 31619, 241, 96, 166, 116, 108, 23821, 95, 233, 166, 111, 254, 1, 366, 167, 108, 242, 167, 99, 226, 168, 245, 238, 220, 47991, 102, 46695, 117, 1, 47991, 112, 168, 243, 120, 220, 47991, 250, 46695, 97, 166, 111, 254, 220, 47991, 246, 168, 245, 105, 31619, 241, 96, 166, 116, 108, 23821, 95, 233, 35975, 222, 23821, 228, 234, 167, 99, 105, 167, 251, 120, 167, 237, 226, 23821, 95, 233, 35975, 222, 23821, 228, 234, 167, 99, 105, 166, 108, 222, 23821, 243, 226, 46695, 238, 23821, 230, 246, 23821, 252, 230, 35975, 234, 35975, 226, 31619, 111, 112, 168, 245, 105, 168, 97, 222, 46695, 97, 13, 198, 198, 18, 167, 110, 230, 25, 31619, 114, 222, 168, 254, 223, 168, 254, 230, 47991, 101, 13, 220, 159, 231, 254, 35975, 112, 23821, 252, 99, 168, 243, 226, 167, 241, 250, 167, 232, 242, 220, 166, 110, 225, 35975, 222, 705, 167, 114, 222, 167, 98, 112, 168, 100, 244, 46695, 97, 166, 108, 222, 6, 23821, 100, 222, 168, 111, 238, 168, 226, 250, 220, 166, 115, 116, 168, 117, 246, 167, 232, 242, 23821, 225, 223, 169, 225, 250, 167, 98, 120, 23821, 251, 246, 167, 107, 116, 47991, 246, 167, 102, 108, 11, 705, 46695, 97, 167, 98, 116, 31619, 103, 102, 168, 228, 234, 167, 99, 105, 35975, 246, 31619, 223, 251, 6, 168, 245, 238, 31619, 233, 123, 168, 100, 222, 31619, 103, 119, 47991, 250, 23821, 225, 223, 169, 225, 250, 168, 247, 222, 167, 232, 242, 31619, 105, 112, 166, 112, 222, 47991, 246, 46695, 97, 13, 366, 167, 103, 102, 167, 102, 242, 35975, 112, 166, 110, 234, 31619, 114, 222, 167, 98, 112, 168, 100, 244, 46695, 97, 23821, 252, 99, 168, 243, 226, 167, 241, 250, 167, 232, 242, 31619, 243, 234, 166, 108, 222, 23821, 252, 230, 46695, 97, 1, 167, 232, 242, 220, 169, 239, 250, 169, 246, 226, 35975, 112, 23821, 251, 112, 167, 98, 120, 31619, 240, 115, 167, 108, 249, 168, 117, 101, 47991, 250, 46695, 97, 13, 198, 198, 19, 167, 110, 230, 25, 23821, 254, 223, 168, 254, 230, 47991, 101, 13, 357, 166, 108, 222, 8, 168, 245, 238, 168, 226, 250, 366, 168, 252, 232, 169, 246, 222, 168, 100, 226, 31619, 103, 102, 168, 228, 234, 167, 99, 105, 166, 108, 222, 23821, 224, 112, 168, 243, 226, 167, 224, 246, 167, 232, 242, 31619, 243, 234, 166, 108, 222, 23821, 252, 230, 46695, 97, 1, 166, 111, 254, 220, 47991, 246, 168, 245, 105, 220, 159, 231, 254, 35975, 112, 31619, 233, 97, 168, 233, 250, 23821, 224, 112, 168, 243, 226, 167, 224, 254, 23821, 230, 246, 23821, 252, 230, 35975, 234, 35975, 226, 11, 357, 46695, 97, 8, 168, 245, 238, 168, 226, 250, 366, 167, 108, 242, 167, 98, 116, 220, 166, 110, 225, 220, 166, 108, 247, 168, 250, 120, 167, 102, 112, 168, 226, 250, 23821, 224, 123, 167, 238, 250, 220, 166, 110, 225, 167, 237, 226, 23821, 252, 230, 166, 111, 254, 1, 167, 251, 120, 166, 111, 254, 220, 47991, 246, 168, 245, 105, 220, 159, 231, 96, 35975, 112, 31619, 108, 242, 167, 98, 116, 220, 166, 110, 225, 220, 166, 108, 247, 168, 250, 120, 167, 102, 112, 168, 226, 250, 167, 237, 226, 23821, 224, 123, 167, 238, 250, 220, 166, 110, 225, 35975, 120, 23821, 230, 246, 23821, 252, 230, 35975, 234, 35975, 226, 31619, 111, 112, 168, 245, 105, 168, 97, 222, 46695, 97, 13, 198, 198, 20, 167, 110, 230, 25, 23821, 254, 223, 168, 254, 230, 47991, 101, 13, 357, 166, 108, 222, 8, 168, 245, 238, 168, 226, 250, 366, 168, 117, 120, 167, 224, 254, 23821, 226, 116, 168, 248, 108, 166, 111, 254, 1, 167, 232, 242, 31619, 107, 120, 166, 108, 238, 47991, 250, 31619, 108, 246, 35975, 239, 35975, 226, 11, 357, 46695, 97, 8, 168, 245, 238, 168, 226, 250, 366, 169, 225, 226, 168, 233, 251, 47991, 246, 166, 111, 254, 31619, 233, 112, 168, 228, 234, 47991, 246, 167, 232, 242, 23821, 228, 234, 167, 99, 105, 167, 232, 242, 23821, 8955, 167, 252, 234, 35975, 246, 23821, 228, 234, 167, 99, 105, 220, 166, 108, 222, 168, 248, 112, 167, 235, 108, 23821, 241, 116, 167, 103, 101, 23821, 252, 230, 167, 232, 242, 220, 166, 110, 225, 1, 35975, 112, 167, 251, 120, 166, 111, 254, 220, 47991, 246, 168, 245, 105, 220, 169, 225, 226, 168, 233, 251, 47991, 246, 167, 232, 242, 23821, 228, 234, 167, 99, 105, 167, 237, 226, 23821, 241, 116, 167, 103, 101, 168, 252, 230, 46695, 97, 166, 111, 254, 31619, 111, 116, 220, 166, 110, 225, 35975, 226, 23821, 243, 234, 23821, 230, 246, 23821, 252, 230, 46695, 97, 13, 198, 198, 168, 113, 250, 168, 95, 227, 23821, 254, 243, 46695, 113, 25, 513, 167, 110, 230]","[0.5, 0.5, 0.5, 0.5, 0.5, 0.5, 0.5, 0.5, 0.5, 0.5, 0.5, 0.5, 0.5, 0.5, 0.5, 0.5, 0.5, 0.5, 0.5, 0.5, 0.5, 0.5, 0.5, 0.5, 0.5, 0.5, 0.5, 0.5, 0.5, 0.5, 0.5, 0.5, 0.5, 0.5, 0.5, 0.5, 0.5, 0.5, 0.5, 0.5, 0.5, 0.5, 0.5, 0.5, 0.5, 0.5, 0.5, 0.5, 0.5, 0.5, 0.5, 0.5, 0.5, 0.5, 0.5, 0.5, 0.5, 0.5, 0.5, 0.5, 0.5, 0.5, 0.5, 0.5, 0.5, 0.5, 0.5, 0.5, 0.5, 0.5, 0.5, 0.5, 0.5, 0.5, 0.5, 0.5, 0.5, 0.5, 0.5, 0.5, 0.5, 0.5, 0.5, 0.5, 0.5, 0.5, 0.5, 0.5, 0.5, 0.5, 0.5, 0.5, 0.5, 0.5, 0.5, 0.5, 0.5, 0.5, 0.5, 0.5, 0.5, 0.5, 0.5, 0.5, 0.5, 0.5, 0.5, 0.5, 0.5, 0.5, 0.5, 0.5, 0.5, 0.5, 0.5, 0.5, 0.5, 0.5, 0.5, 0.5, 0.5, 0.5, 0.5, 0.5, 0.5, 0.5, 0.5, 0.5, 0.5, 0.5, 0.5, 0.5, 0.5, 0.5, 0.5, 0.5, 0.5, 0.5, 0.5, 0.5, 0.5, 0.5, 0.5, 0.5, 0.5, 0.5, 0.5, 0.5, 0.5, 0.5, 0.5, 0.5, 0.5, 0.5, 0.5, 0.5, 0.5, 0.5, 0.5, 0.5, 0.5, 0.5, 0.5, 0.5, 0.5, 0.5, 0.5, 0.5, 0.5, 0.5, 0.5, 0.5, 0.5, 0.5, 0.5, 0.5, 0.5, 0.5, 0.5, 0.5, 0.5, 0.5, 0.5, 0.5, 0.5, 0.5, 0.5, 0.5, 0.5, 0.5, 0.5, 0.5, 0.5, 0.5, 0.5, 0.5, 0.5, 0.5, 0.5, 0.5, 0.5, 0.5, 0.5, 0.5, 0.5, 0.5, 0.5, 0.5, 0.5, 0.5, 0.5, 0.5, 0.5, 0.5, 0.5, 0.5, 0.5, 0.5, 0.5, 0.5, 0.5, 0.5, 0.5, 0.5, 0.5, 0.5, 0.5, 0.5, 0.5, 0.5, 0.5, 0.5, 0.5, 0.5, 0.5, 0.5, 0.5, 0.5, 0.5, 0.5, 0.5, 0.5, 0.5, 0.5, 0.5, 0.5, 0.5, 0.5, 0.5, 0.5, 0.5, 0.5, 0.5, 0.5, 0.5, 0.5, 0.5, 0.5, 0.5, 0.5, 0.5, 0.5, 0.5, 0.5, 0.5, 0.5, 0.5, 0.5, 0.5, 0.5, 0.5, 0.5, 0.5, 0.5, 0.5, 0.5, 0.5, 0.5, 0.5, 0.5, 0.5, 0.5, 0.5, 0.5, 0.5, 0.5, 0.5, 0.5, 0.5, 0.5, 0.5, 0.5, 0.5, 0.5, 0.5, 0.5, 0.5, 0.5, 0.5, 0.5, 0.5, 0.5, 0.5, 0.5, 0.5, 0.5, 0.5, 0.5, 0.5, 0.5, 0.5, 0.5, 0.5, 0.5, 0.5, 0.5, 0.5, 0.5, 0.5, 0.5, 0.5, 0.5, 0.5, 0.5, 0.5, 0.5, 0.5, 0.5, 0.5, 0.5, 0.5, 0.5, 0.5, 0.5, 0.5, 0.5, 0.5, 0.5, 0.5, 0.5, 0.5, 0.5, 0.5, 0.5, 0.5, 0.5, 0.5, 0.5, 0.5, 0.5, 0.5, 0.5, 0.5, 0.5, 0.5, 0.5, 0.5, 0.5, 0.5, 0.5, 0.5, 0.5, 0.5, 0.5, 0.5, 0.5, 0.5, 0.5, 0.5, 0.5, 0.5, 0.5, 0.5, 0.5, 0.5, 0.5, 0.5, 0.5, 0.5, 0.5, 0.5, 0.5, 0.5, 0.5, 0.5, 0.5, 0.5, 0.5, 0.5, 0.5, 0.5, 0.5, 0.5, 0.5, 0.5, 0.5, 0.5, 0.5, 0.5, 0.5, 0.5, 0.5, 0.5, 0.5, 0.5, 0.5, 0.5, 0.5, 0.5, 0.5, 0.5, 0.5, 0.5, 0.5, 0.5, 0.5, 0.5, 0.5, 0.5, 0.5, 0.5, 0.5, 0.5, 0.5, 0.5, 0.5, 0.5, 0.5, 0.5, 0.5, 0.5, 0.5, 0.5, 0.5, 0.5, 0.5, 0.5, 0.5, 0.5, 0.5, 0.5, 0.5, 0.5, 0.5, 0.5, 0.5, 0.5, 0.5, 0.5, 0.5, 0.5, 0.5, 0.5, 0.5, 0.5, 0.5, 0.5, 0.5, 0.5, 0.5, 0.5, 0.5, 0.5, 0.5, 0.5, 0.5, 0.5, 0.5, 0.5, 0.5, 0.5, 0.5, 0.5, 0.5, 0.5, 0.5, 0.5, 0.5, 0.5, 0.5, 0.5, 0.5, 0.5, 0.5, 0.5, 0.5, 0.5, 0.5, 0.5, 0.5, 0.5, 0.5, 0.5, 0.5, 0.5, 0.5, 0.5, 0.5, 0.5, 0.5, 0.5, 0.5, 0.5, 0.5, 0.5, 0.5, 0.5, 0.5, 0.5, 0.5, 0.5, 0.5, 0.5, 0.5, 0.5, 0.5, 0.5, 0.5, 0.5, 0.5, 0.5, 0.5, 0.5, 0.5, 0.5, 0.5, 0.5, 0.5, 0.5, 0.5, 0.5, 0.5, 0.5, 0.5, 0.5, 0.5, 0.5, 0.5, 0.5, 0.5, 0.5, 0.5, 0.5, 0.5, 0.5, 0.5, 0.5, 0.5, 0.5, 0.5, 0.5, 0.5, 0.5, 0.5, 0.5, 0.5, 0.5, 0.5, 0.5, 0.5, 0.5, 0.5, 0.5, 0.5, 0.5, 0.5, 0.5, 0.5, 0.5, 0.5, 0.5, 0.5, 0.5, 0.5, 0.5, 0.5, 0.5, 0.5, 0.5, 0.5, 0.5, 0.5, 0.5, 0.5, 0.5, 0.5, 0.5, 0.5, 0.5, 0.5, 0.5, 0.5, 0.5, 0.5, 0.5, 0.5, 0.5, 0.5, 0.5, 0.5, 0.5, 0.5, 0.5, 0.5, 0.5, 0.5, 0.5, 0.5, 0.5, 0.5, 0.5, 0.5, 0.5, 0.5, 0.5, 0.5, 0.5, 0.5, 0.5, 0.5, 0.5, 0.5, 0.5, 0.5, 0.5, 0.5, 0.5, 0.5, 0.5, 0.5, 0.5, 0.5, 0.5, 0.5, 0.5, 0.5, 0.5, 0.5, 0.5, 0.5, 0.5, 0.5, 0.5, 0.5, 0.5, 0.5, 0.5, 0.5, 0.5, 0.5, 0.5, 0.5, 0.5, 0.5, 0.5, 0.5, 0.5, 0.5, 0.5, 0.5, 0.5, 0.5, 0.5, 0.5, 0.5, 0.5, 0.5, 0.5, 0.5, 0.5, 0.5, 0.5, 0.5, 0.5, 0.5, 0.5, 0.5, 0.5, 0.5, 0.5, 0.5, 0.5, 0.5, 0.5, 0.5, 0.5, 0.5, 0.5, 0.5, 0.5, 0.5, 0.5, 0.5, 0.5, 0.5, 0.5, 0.5, 0.5, 0.5, 0.5, 0.5, 0.5, 0.5, 0.5, 0.5, 0.5, 0.5, 0.5, 0.5, 0.5, 0.5, 0.5, 0.5, 0.5, 0.5, 0.5, 0.5, 0.5, 0.5, 0.5, 0.5, 0.5, 0.5, 0.5, 0.5, 0.5, 0.5, 0.5, 0.5, 0.5, 0.5, 0.5, 0.5, 0.5, 0.5, 0.5, 0.5, 0.5, 0.5, 0.5, 0.5, 0.5, 0.5, 0.5, 0.5, 0.5, 0.5, 0.5, 0.5, 0.5, 0.5, 0.5, 0.5, 0.5, 0.5, 0.5, 0.5, 0.5, 0.5, 0.5, 0.5, 0.5, 0.5, 0.5, 0.5, 0.5, 0.5, 0.5, 0.5, 0.5, 0.5, 0.5, 0.5, 0.5, 0.5, 0.5, 0.5, 0.5, 0.5, 0.5, 0.5, 0.5, 0.5, 0.5, 0.5, 0.5, 0.5, 0.5, 0.5, 0.5, 0.5, 0.5, 0.5, 0.5, 0.5, 0.5, 0.5, 0.5, 0.5, 0.5, 0.5, 0.5, 0.5, 0.5, 0.5, 0.5, 0.5, 0.5, 0.5, 0.5, 0.5, 0.5, 0.5, 0.5, 0.5, 0.5, 0.5, 0.5, 0.5, 0.5, 0.5, 0.5, 0.5, 0.5, 0.5, 0.5, 0.5, 0.5, 0.5, 0.5, 0.5, 0.5, 0.5, 0.5, 0.5, 0.5, 0.5, 0.5, 0.5, 0.5, 0.5, 0.5, 0.5, 0.5, 0.5, 0.5, 0.5, 0.5, 0.5, 0.5, 0.5, 0.5, 0.5, 0.5, 0.5, 0.5, 0.5, 0.5, 0.5, 0.5, 0.5, 0.5, 0.5, 0.5, 0.5, 0.5, 0.5, 0.5, 0.5, 0.5, 0.5, 0.5, 0.5, 0.5, 0.5, 0.5, 0.5, 0.5, 0.5, 0.5, 0.5, 0.5, 0.5, 0.5, 0.5, 0.5, 0.5, 0.5, 0.5, 0.5, 0.5, 0.5, 0.5, 0.5, 0.5, 0.5, 0.5, 0.5, 0.5, 0.5, 0.5, 0.5, 0.5, 0.5, 0.5, 0.5, 0.5, 0.5, 0.5, 0.5, 0.5, 0.5, 0.5, 0.5, 0.5, 0.5, 0.5, 0.5, 0.5, 0.5, 0.5, 0.5, 0.5, 0.5, 0.5, 0.5, 0.5, 0.5, 0.5, 0.5, 0.5, 0.5, 0.5, 0.5, 0.5, 0.5, 0.5, 0.5, 0.5, 0.5, 0.5, 0.5, 0.5, 0.5, 0.5, 0.5, 0.5, 0.5, 0.5, 0.5, 0.5, 0.5, 0.5, 0.5, 0.5, 0.5, 0.5, 0.5, 0.5, 0.5, 0.5, 0.5, 0.5, 0.5, 0.5, 0.5, 0.5, 0.5, 0.5, 0.5, 0.5, 0.5, 0.5, 0.5, 0.5, 0.5, 0.5, 0.5, 0.5, 0.5, 0.5, 0.5, 0.5, 0.5, 0.5, 0.5, 0.5, 0.5, 0.5, 0.5, 0.5, 0.5, 0.5, 0.5, 0.5, 0.5, 0.5, 0.5, 0.5, 0.5, 0.5, 0.5, 0.5, 0.5, 0.5, 0.5, 0.5, 0.5, 0.5, 0.5, 0.5, 0.5, 0.5, 0.5, 0.5, 0.5, 0.5, 0.5, 0.5, 0.5, 0.5, 0.5, 0.5, 0.5, 0.5, 0.5, 0.5, 0.5, 0.5, 0.5, 0.5, 0.5, 0.5, 0.5, 0.5, 0.5, 0.5, 0.5, 0.5, 0.5, 0.5, 0.5, 0.5, 0.5, 0.5, 0.5, 0.5, 0.5, 0.5, 0.5, 0.5, 0.5, 0.5, 0.5, 0.5, 0.5, 0.5, 0.5, 0.5, 0.5, 0.5, 0.5, 0.5, 0.5, 0.5, 0.5, 0.5, 0.5, 0.5, 0.5, 0.5, 0.5, 0.5, 0.5, 0.5, 0.5, 0.5, 0.5, 0.5, 0.5, 0.5, 0.5, 0.5, 0.5, 0.5, 0.5, 0.5, 0.5, 0.5, 0.5, 0.5, 0.5, 0.5, 0.5, 0.5, 0.5, 0.5, 0.5, 0.5, 0.5, 0.5, 0.5, 0.5, 0.5, 0.5, 0.5, 0.5, 0.5, 0.5, 0.5, 0.5, 0.5, 0.5, 0.5, 0.5, 0.5, 0.5, 0.5, 0.5, 0.5, 0.5, 0.5, 0.5, 0.5, 0.5, 0.5, 0.5, 0.5, 0.5, 0.5, 0.5, 0.5, 0.5, 0.5, 0.5, 0.5, 0.5, 0.5, 0.5, 0.5, 0.5, 0.5, 0.5, 0.5, 0.5, 0.5, 0.5, 0.5, 0.5, 0.5, 0.5, 0.5, 0.5, 0.5, 0.5, 0.5, 0.5, 0.5, 0.5, 0.5, 0.5, 0.5, 0.5, 0.5, 0.5, 0.5, 0.5, 0.5, 0.5, 0.5, 0.5, 0.5, 0.5, 0.5, 0.5, 0.5, 0.5, 0.5, 0.5, 0.5, 0.5, 0.5, 0.5, 0.5, 0.5, 0.5, 0.5, 0.5, 0.5, 0.5, 0.5, 0.5, 0.5, 0.5, 0.5, 0.5, 0.5, 0.5, 0.5, 0.5, 0.5, 0.5, 0.5, 0.5, 0.5, 0.5, 0.5, 0.5, 0.5, 0.5, 0.5, 0.5, 0.5, 0.5, 0.5, 0.5, 0.5, 0.5, 0.5, 0.5, 0.5, 0.5, 0.5, 0.5, 0.5, 0.5, 0.5, 0.5, 0.5, 0.5, 0.5, 0.5, 0.5, 0.5, 0.5, 0.5, 0.5, 0.5, 0.5, 0.5, 0.5, 0.5]",0
2026_11_KICE_22-26_3,['4(2)'],"1번: (오답) ""감나무 잎새를 흔드는 게 어찌 바람뿐이랴""라는 구절에서 화자는 바람뿐만 아니라 다른 것들도 감나무 잎새를 흔든다고 말하고 있지만, ⓑ를 보며 생각을 바로잡는 내용은 없습니다.

2번: (오답) ⓑ(오색딱다구리)와 ⓒ(청설모)의 행동이 감나무 열매의 익음과 직접적으로 연결되어 언급되지는 않았습니다. 다만 자연의 모습을 묘사한 것뿐입니다.

3번: (오답) ⓑ와 ⓒ가 만났다 헤어지는 모습을 보며 사랑의 끝을 떠올린다는 내용은 시에 없습니다. 이는 지나친 해석입니다.

4번: (정답) ""때론 머리 위로 ⓓ[흰 구름]이고 때론 온종일 ⓔ[장대비] 맞아 보게""라는 구절에서 화자는 감나무 열매가 자라는 과정에서 다양한 자연 현상을 경험하는 것이 의미있다고 보고 있습니다. 이는 ""그 기다림 날로 익으니 서러움까지 익어선""이라는 구절과 연결되어 성숙의 과정으로 이어집니다.

5번: (오답) ⓑ와 ⓒ가 떠난 후 ⓓ와 ⓔ가 온다는 내용도, 새로운 사랑을 기대한다는 내용도 시에 없습니다.

최종 정답: 4번","[16, 167, 110, 230, 25, 357, 168, 246, 97, 46695, 113, 8, 366, 166, 108, 238, 167, 224, 246, 167, 105, 112, 23821, 252, 236, 168, 225, 230, 167, 98, 120, 220, 169, 251, 242, 167, 241, 250, 167, 232, 242, 220, 166, 110, 234, 23821, 244, 112, 168, 108, 234, 31619, 108, 242, 167, 252, 234, 167, 123, 238, 35975, 112, 167, 252, 112, 1, 167, 251, 120, 167, 232, 242, 220, 166, 113, 105, 168, 254, 230, 168, 245, 238, 168, 226, 250, 220, 169, 247, 242, 168, 252, 238, 167, 232, 242, 31619, 108, 242, 167, 252, 234, 167, 123, 238, 167, 100, 234, 23821, 243, 226, 46695, 230, 167, 251, 120, 31619, 233, 97, 167, 98, 116, 220, 166, 110, 225, 167, 241, 97, 167, 237, 226, 220, 166, 108, 238, 167, 224, 246, 167, 105, 112, 23821, 252, 236, 168, 225, 230, 167, 98, 120, 220, 169, 251, 242, 167, 241, 254, 46695, 97, 166, 111, 254, 31619, 100, 238, 47991, 246, 166, 111, 254, 23821, 252, 230, 168, 100, 222, 167, 100, 234, 11, 2343, 241, 239, 167, 98, 120, 31619, 111, 112, 167, 102, 108, 23821, 225, 251, 166, 108, 223, 35975, 226, 31619, 108, 242, 167, 94, 250, 168, 252, 94, 167, 232, 242, 31619, 224, 112, 168, 248, 102, 35975, 222, 23821, 245, 228, 168, 232, 113, 46695, 230, 46695, 97, 13, 198, 198, 17, 167, 110, 230, 25, 357, 168, 246, 97, 46695, 113, 8, 2343, 241, 239, 7, 168, 246, 97, 168, 225, 231, 167, 242, 109, 46695, 97, 166, 113, 105, 167, 99, 105, 8, 168, 247, 222, 2343, 241, 240, 7, 168, 110, 255, 168, 226, 97, 167, 103, 101, 8, 35975, 246, 220, 169, 244, 231, 167, 237, 247, 35975, 112, 220, 166, 108, 238, 167, 224, 246, 167, 105, 112, 23821, 245, 112, 167, 100, 97, 35975, 246, 23821, 251, 113, 35975, 234, 166, 111, 120, 23821, 100, 223, 168, 254, 239, 168, 254, 223, 168, 250, 120, 167, 94, 250, 23821, 245, 108, 166, 110, 108, 167, 238, 246, 168, 244, 112, 23821, 244, 116, 166, 116, 231, 167, 238, 246, 168, 100, 222, 167, 232, 242, 23821, 243, 232, 168, 243, 246, 168, 232, 113, 46695, 230, 46695, 97, 13, 31619, 233, 97, 167, 100, 234, 23821, 252, 238, 168, 245, 108, 35975, 246, 31619, 103, 101, 168, 232, 113, 35975, 226, 31619, 105, 246, 168, 8955, 47991, 250, 220, 166, 110, 225, 167, 123, 238, 168, 252, 227, 46695, 230, 46695, 97, 13, 198, 198, 18, 167, 110, 230, 25, 357, 168, 246, 97, 46695, 113, 8, 2343, 241, 239, 168, 247, 222, 2343, 241, 240, 166, 108, 222, 31619, 100, 234, 167, 8955, 46695, 97, 220, 169, 245, 97, 168, 244, 112, 168, 100, 222, 167, 232, 242, 31619, 103, 101, 168, 232, 113, 35975, 226, 31619, 111, 112, 167, 102, 108, 23821, 8955, 167, 252, 239, 35975, 246, 31619, 223, 251, 35975, 226, 31619, 244, 254, 168, 246, 105, 167, 99, 108, 46695, 97, 167, 232, 242, 31619, 224, 112, 168, 248, 102, 35975, 222, 23821, 233, 250, 168, 245, 238, 23821, 245, 228, 168, 232, 113, 46695, 230, 46695, 97, 13, 23821, 251, 112, 167, 232, 242, 23821, 100, 222, 167, 224, 246, 168, 117, 250, 220, 47991, 112, 168, 226, 251, 168, 252, 227, 46695, 230, 46695, 97, 13, 198, 198, 19, 167, 110, 230, 25, 357, 168, 254, 243, 46695, 113, 8, 366, 167, 243, 234, 167, 94, 254, 31619, 101, 116, 167, 99, 105, 23821, 250, 226, 167, 94, 250, 2343, 241, 241, 58, 169, 251, 108, 220, 166, 113, 105, 167, 99, 226, 60, 35975, 112, 166, 111, 254, 31619, 243, 234, 167, 94, 254, 23821, 246, 101, 168, 95, 227, 35975, 120, 2343, 241, 242, 58, 168, 252, 98, 167, 234, 222, 167, 117, 226, 60, 31619, 100, 252, 168, 243, 226, 31619, 111, 112, 166, 110, 234, 1, 167, 251, 120, 167, 232, 242, 220, 166, 113, 105, 168, 254, 230, 168, 245, 238, 168, 226, 250, 220, 169, 247, 242, 168, 252, 238, 167, 232, 242, 220, 166, 108, 238, 167, 224, 246, 167, 105, 112, 23821, 245, 112, 167, 100, 97, 166, 108, 222, 23821, 252, 238, 167, 251, 120, 167, 232, 242, 220, 166, 111, 120, 168, 254, 243, 168, 245, 238, 168, 226, 250, 31619, 233, 97, 168, 244, 239, 47991, 250, 23821, 252, 238, 168, 245, 108, 220, 169, 246, 226, 168, 225, 223, 35975, 226, 220, 166, 110, 121, 169, 245, 246, 47991, 246, 167, 232, 242, 220, 166, 110, 225, 35975, 112, 23821, 251, 246, 167, 107, 116, 168, 252, 230, 46695, 97, 166, 111, 254, 31619, 111, 112, 166, 111, 254, 23821, 252, 230, 168, 232, 113, 46695, 230, 46695, 97, 13, 23821, 251, 112, 167, 232, 242, 366, 166, 115, 116, 220, 166, 116, 108, 46695, 97, 167, 99, 120, 31619, 224, 254, 167, 94, 250, 23821, 251, 113, 168, 250, 120, 46695, 230, 23821, 226, 250, 167, 253, 105, 168, 249, 222, 166, 117, 234, 168, 100, 222, 23821, 251, 113, 168, 244, 112, 168, 226, 254, 1, 35975, 112, 167, 251, 120, 167, 232, 242, 220, 166, 113, 105, 168, 254, 230, 166, 111, 120, 23821, 245, 108, 166, 110, 108, 167, 238, 246, 168, 244, 112, 23821, 226, 109, 168, 230, 247, 35975, 246, 220, 166, 111, 120, 168, 254, 243, 168, 250, 120, 167, 94, 250, 23821, 251, 112, 168, 244, 112, 168, 100, 239, 46695, 230, 46695, 97, 13, 198, 198, 20, 167, 110, 230, 25, 357, 168, 246, 97, 46695, 113, 8, 2343, 241, 239, 168, 247, 222, 2343, 241, 240, 166, 108, 222, 31619, 244, 254, 167, 224, 250, 220, 169, 249, 226, 2343, 241, 241, 168, 247, 222, 2343, 241, 242, 166, 108, 222, 23821, 246, 101, 46695, 97, 167, 232, 242, 31619, 224, 112, 168, 248, 102, 167, 237, 226, 11, 23821, 225, 230, 167, 94, 250, 168, 248, 112, 23821, 8955, 167, 252, 239, 35975, 226, 220, 166, 116, 108, 167, 234, 222, 47991, 250, 46695, 97, 167, 232, 242, 31619, 224, 112, 168, 248, 102, 167, 237, 226, 23821, 233, 250, 168, 245, 238, 23821, 245, 228, 168, 232, 113, 46695, 230, 46695, 97, 13, 198, 198, 168, 113, 250, 168, 95, 227, 23821, 254, 243, 46695, 113, 25, 604, 167, 110, 230]","[0.5, 0.5, 0.5, 0.5, 0.5, 0.5, 0.5, 0.5, 0.5, 0.5, 0.5, 0.5, 0.5, 0.5, 0.5, 0.5, 0.5, 0.5, 0.5, 0.5, 0.5, 0.5, 0.5, 0.5, 0.5, 0.5, 0.5, 0.5, 0.5, 0.5, 0.5, 0.5, 0.5, 0.5, 0.5, 0.5, 0.5, 0.5, 0.5, 0.5, 0.5, 0.5, 0.5, 0.5, 0.5, 0.5, 0.5, 0.5, 0.5, 0.5, 0.5, 0.5, 0.5, 0.5, 0.5, 0.5, 0.5, 0.5, 0.5, 0.5, 0.5, 0.5, 0.5, 0.5, 0.5, 0.5, 0.5, 0.5, 0.5, 0.5, 0.5, 0.5, 0.5, 0.5, 0.5, 0.5, 0.5, 0.5, 0.5, 0.5, 0.5, 0.5, 0.5, 0.5, 0.5, 0.5, 0.5, 0.5, 0.5, 0.5, 0.5, 0.5, 0.5, 0.5, 0.5, 0.5, 0.5, 0.5, 0.5, 0.5, 0.5, 0.5, 0.5, 0.5, 0.5, 0.5, 0.5, 0.5, 0.5, 0.5, 0.5, 0.5, 0.5, 0.5, 0.5, 0.5, 0.5, 0.5, 0.5, 0.5, 0.5, 0.5, 0.5, 0.5, 0.5, 0.5, 0.5, 0.5, 0.5, 0.5, 0.5, 0.5, 0.5, 0.5, 0.5, 0.5, 0.5, 0.5, 0.5, 0.5, 0.5, 0.5, 0.5, 0.5, 0.5, 0.5, 0.5, 0.5, 0.5, 0.5, 0.5, 0.5, 0.5, 0.5, 0.5, 0.5, 0.5, 0.5, 0.5, 0.5, 0.5, 0.5, 0.5, 0.5, 0.5, 0.5, 0.5, 0.5, 0.5, 0.5, 0.5, 0.5, 0.5, 0.5, 0.5, 0.5, 0.5, 0.5, 0.5, 0.5, 0.5, 0.5, 0.5, 0.5, 0.5, 0.5, 0.5, 0.5, 0.5, 0.5, 0.5, 0.5, 0.5, 0.5, 0.5, 0.5, 0.5, 0.5, 0.5, 0.5, 0.5, 0.5, 0.5, 0.5, 0.5, 0.5, 0.5, 0.5, 0.5, 0.5, 0.5, 0.5, 0.5, 0.5, 0.5, 0.5, 0.5, 0.5, 0.5, 0.5, 0.5, 0.5, 0.5, 0.5, 0.5, 0.5, 0.5, 0.5, 0.5, 0.5, 0.5, 0.5, 0.5, 0.5, 0.5, 0.5, 0.5, 0.5, 0.5, 0.5, 0.5, 0.5, 0.5, 0.5, 0.5, 0.5, 0.5, 0.5, 0.5, 0.5, 0.5, 0.5, 0.5, 0.5, 0.5, 0.5, 0.5, 0.5, 0.5, 0.5, 0.5, 0.5, 0.5, 0.5, 0.5, 0.5, 0.5, 0.5, 0.5, 0.5, 0.5, 0.5, 0.5, 0.5, 0.5, 0.5, 0.5, 0.5, 0.5, 0.5, 0.5, 0.5, 0.5, 0.5, 0.5, 0.5, 0.5, 0.5, 0.5, 0.5, 0.5, 0.5, 0.5, 0.5, 0.5, 0.5, 0.5, 0.5, 0.5, 0.5, 0.5, 0.5, 0.5, 0.5, 0.5, 0.5, 0.5, 0.5, 0.5, 0.5, 0.5, 0.5, 0.5, 0.5, 0.5, 0.5, 0.5, 0.5, 0.5, 0.5, 0.5, 0.5, 0.5, 0.5, 0.5, 0.5, 0.5, 0.5, 0.5, 0.5, 0.5, 0.5, 0.5, 0.5, 0.5, 0.5, 0.5, 0.5, 0.5, 0.5, 0.5, 0.5, 0.5, 0.5, 0.5, 0.5, 0.5, 0.5, 0.5, 0.5, 0.5, 0.5, 0.5, 0.5, 0.5, 0.5, 0.5, 0.5, 0.5, 0.5, 0.5, 0.5, 0.5, 0.5, 0.5, 0.5, 0.5, 0.5, 0.5, 0.5, 0.5, 0.5, 0.5, 0.5, 0.5, 0.5, 0.5, 0.5, 0.5, 0.5, 0.5, 0.5, 0.5, 0.5, 0.5, 0.5, 0.5, 0.5, 0.5, 0.5, 0.5, 0.5, 0.5, 0.5, 0.5, 0.5, 0.5, 0.5, 0.5, 0.5, 0.5, 0.5, 0.5, 0.5, 0.5, 0.5, 0.5, 0.5, 0.5, 0.5, 0.5, 0.5, 0.5, 0.5, 0.5, 0.5, 0.5, 0.5, 0.5, 0.5, 0.5, 0.5, 0.5, 0.5, 0.5, 0.5, 0.5, 0.5, 0.5, 0.5, 0.5, 0.5, 0.5, 0.5, 0.5, 0.5, 0.5, 0.5, 0.5, 0.5, 0.5, 0.5, 0.5, 0.5, 0.5, 0.5, 0.5, 0.5, 0.5, 0.5, 0.5, 0.5, 0.5, 0.5, 0.5, 0.5, 0.5, 0.5, 0.5, 0.5, 0.5, 0.5, 0.5, 0.5, 0.5, 0.5, 0.5, 0.5, 0.5, 0.5, 0.5, 0.5, 0.5, 0.5, 0.5, 0.5, 0.5, 0.5, 0.5, 0.5, 0.5, 0.5, 0.5, 0.5, 0.5, 0.5, 0.5, 0.5, 0.5, 0.5, 0.5, 0.5, 0.5, 0.5, 0.5, 0.5, 0.5, 0.5, 0.5, 0.5, 0.5, 0.5, 0.5, 0.5, 0.5, 0.5, 0.5, 0.5, 0.5, 0.5, 0.5, 0.5, 0.5, 0.5, 0.5, 0.5, 0.5, 0.5, 0.5, 0.5, 0.5, 0.5, 0.5, 0.5, 0.5, 0.5, 0.5, 0.5, 0.5, 0.5, 0.5, 0.5, 0.5, 0.5, 0.5, 0.5, 0.5, 0.5, 0.5, 0.5, 0.5, 0.5, 0.5, 0.5, 0.5, 0.5, 0.5, 0.5, 0.5, 0.5, 0.5, 0.5, 0.5, 0.5, 0.5, 0.5, 0.5, 0.5, 0.5, 0.5, 0.5, 0.5, 0.5, 0.5, 0.5, 0.5, 0.5, 0.5, 0.5, 0.5, 0.5, 0.5, 0.5, 0.5, 0.5, 0.5, 0.5, 0.5, 0.5, 0.5, 0.5, 0.5, 0.5, 0.5, 0.5, 0.5, 0.5, 0.5, 0.5, 0.5, 0.5, 0.5, 0.5, 0.5, 0.5, 0.5, 0.5, 0.5, 0.5, 0.5, 0.5, 0.5, 0.5, 0.5, 0.5, 0.5, 0.5, 0.5, 0.5, 0.5, 0.5, 0.5, 0.5, 0.5, 0.5, 0.5, 0.5, 0.5, 0.5, 0.5, 0.5, 0.5, 0.5, 0.5, 0.5, 0.5, 0.5, 0.5, 0.5, 0.5, 0.5, 0.5, 0.5, 0.5, 0.5, 0.5, 0.5, 0.5, 0.5, 0.5, 0.5, 0.5, 0.5, 0.5, 0.5, 0.5, 0.5, 0.5, 0.5, 0.5, 0.5, 0.5, 0.5, 0.5, 0.5, 0.5, 0.5, 0.5, 0.5, 0.5, 0.5, 0.5, 0.5, 0.5, 0.5, 0.5, 0.5, 0.5, 0.5, 0.5, 0.5, 0.5, 0.5, 0.5, 0.5, 0.5, 0.5, 0.5, 0.5, 0.5, 0.5, 0.5, 0.5, 0.5, 0.5, 0.5, 0.5, 0.5, 0.5, 0.5, 0.5, 0.5, 0.5, 0.5, 0.5, 0.5, 0.5, 0.5, 0.5, 0.5, 0.5, 0.5, 0.5, 0.5, 0.5, 0.5, 0.5, 0.5, 0.5, 0.5, 0.5, 0.5, 0.5, 0.5, 0.5, 0.5, 0.5, 0.5, 0.5, 0.5, 0.5, 0.5, 0.5, 0.5, 0.5, 0.5, 0.5, 0.5, 0.5, 0.5, 0.5, 0.5, 0.5, 0.5, 0.5, 0.5, 0.5, 0.5, 0.5, 0.5, 0.5, 0.5, 0.5, 0.5, 0.5, 0.5, 0.5, 0.5, 0.5, 0.5, 0.5, 0.5, 0.5, 0.5, 0.5, 0.5, 0.5, 0.5, 0.5, 0.5, 0.5, 0.5, 0.5, 0.5, 0.5, 0.5, 0.5, 0.5, 0.5, 0.5, 0.5, 0.5, 0.5, 0.5, 0.5, 0.5, 0.5, 0.5, 0.5, 0.5, 0.5, 0.5, 0.5, 0.5, 0.5, 0.5, 0.5, 0.5, 0.5, 0.5, 0.5, 0.5, 0.5, 0.5, 0.5, 0.5, 0.5, 0.5, 0.5, 0.5, 0.5, 0.5, 0.5, 0.5, 0.5, 0.5, 0.5, 0.5, 0.5, 0.5, 0.5, 0.5, 0.5, 0.5, 0.5, 0.5, 0.5, 0.5, 0.5, 0.5, 0.5, 0.5, 0.5, 0.5, 0.5, 0.5, 0.5, 0.5, 0.5, 0.5, 0.5, 0.5, 0.5, 0.5, 0.5, 0.5, 0.5, 0.5, 0.5, 0.5, 0.5, 0.5, 0.5, 0.5, 0.5, 0.5, 0.5, 0.5, 0.5, 0.5, 0.5, 0.5, 0.5, 0.5, 0.5, 0.5, 0.5, 0.5, 0.5, 0.5, 0.5, 0.5, 0.5, 0.5, 0.5, 0.5, 0.5, 0.5, 0.5, 0.5, 0.5, 0.5, 0.5, 0.5, 0.5, 0.5, 0.5, 0.5, 0.5, 0.5, 0.5, 0.5, 0.5, 0.5, 0.5, 0.5, 0.5, 0.5, 0.5, 0.5, 0.5, 0.5, 0.5, 0.5, 0.5, 0.5, 0.5, 0.5, 0.5, 0.5, 0.5, 0.5, 0.5, 0.5, 0.5, 0.5, 0.5, 0.5, 0.5, 0.5, 0.5, 0.5, 0.5, 0.5, 0.5, 0.5, 0.5, 0.5, 0.5, 0.5, 0.5, 0.5, 0.5, 0.5, 0.5, 0.5, 0.5, 0.5, 0.5, 0.5, 0.5, 0.5, 0.5, 0.5, 0.5, 0.5, 0.5, 0.5, 0.5, 0.5, 0.5, 0.5, 0.5, 0.5, 0.5, 0.5, 0.5, 0.5, 0.5, 0.5, 0.5, 0.5, 0.5, 0.5, 0.5, 0.5, 0.5, 0.5, 0.5, 0.5, 0.5, 0.5, 0.5, 0.5, 0.5, 0.5, 0.5, 0.5, 0.5, 0.5, 0.5, 0.5, 0.5, 0.5, 0.5, 0.5, 0.5, 0.5, 0.5, 0.5, 0.5, 0.5, 0.5, 0.5, 0.5, 0.5, 0.5, 0.5, 0.5, 0.5, 0.5, 0.5, 0.5, 0.5, 0.5, 0.5, 0.5, 0.5, 0.5, 0.5, 0.5, 0.5, 0.5, 0.5, 0.5, 0.5, 0.5, 0.5, 0.5, 0.5, 0.5, 0.5, 0.5, 0.5, 0.5, 0.5, 0.5, 0.5, 0.5, 0.5, 0.5, 0.5, 0.5, 0.5, 0.5, 0.5, 0.5, 0.5, 0.5, 0.5, 0.5, 0.5, 0.5, 0.5, 0.5, 0.5, 0.5, 0.5, 0.5, 0.5, 0.5, 0.5, 0.5, 0.5, 0.5, 0.5, 0.5, 0.5, 0.5, 0.5, 0.5, 0.5, 0.5, 0.5, 0.5, 0.5, 0.5, 0.5, 0.5, 0.5]",2
2026_11_KICE_22-26_4,['2(2)'],"1번: 적절함. (다)는 초목, 금석 등 만물이 소리 나는 원인을 설명한 후, 사람이 소리를 내는 원인을 기(氣)로 설명하며, 이를 바탕으로 문장에 대해 논하고 있다. ""천지간에 만물이 소리를 내게 만드는 것은 무엇인가? ... 사람이 소리를 내게 하는 것은 기이다.""

2번: 적절하지 않음. (다)에서는 소리의 상반된 특성들이 균형을 이뤄야 한다는 내용은 없으며, 오히려 '좋은 소리'의 조건으로 '듣기 좋고', '글로 쓰이고', '바름에 합당함'을 제시하고 있다. ""사람의 소리로서 남에게 듣기 좋고, 남에게 듣기 좋아 글로 쓰이고, 글로 쓰였으면서 바름에 합당하다면 그것을 일컬어 좋은 소리라 한다.""

3번: 적절함. ""최립은 좋은 소리를 내는 사람에 가깝다. 그의 문장이 비록 완성된 것은 아니지만 그 뜻은 바름을 향한다.""라는 구절에서 확인할 수 있다.

4번: 적절함. ""그의 문장이 비록 완성된 것은 아니지만 그 뜻은 바름을 향한다. 그러니 학업을 게을리하지 않는다면 바르게 되는 데 무슨 어려움이 있겠는가.""라는 구절에서 확인할 수 있다.

5번: 적절함. ""최립은 소리가 크니 그 본체가 큰 것을 알 만하다. 사람의 본체는 마음이니 그의 마음이 가히 크다고 하겠다.""와 ""최립의 기는 가히 크다고 하겠다.""라는 구절에서 확인할 수 있다.

최종 정답: 2번","[16, 167, 110, 230, 25, 23821, 254, 223, 168, 254, 230, 47991, 101, 13, 357, 46695, 97, 8, 167, 232, 242, 23821, 112, 230, 167, 103, 102, 11, 220, 166, 116, 230, 168, 226, 251, 31619, 241, 109, 31619, 100, 234, 167, 45539, 35975, 112, 23821, 228, 234, 167, 99, 105, 31619, 224, 246, 167, 232, 242, 23821, 249, 238, 35975, 116, 35975, 226, 23821, 226, 97, 167, 103, 227, 47991, 250, 220, 169, 249, 226, 11, 23821, 8955, 167, 252, 234, 35975, 112, 23821, 228, 234, 167, 99, 105, 167, 98, 120, 31619, 224, 112, 167, 232, 242, 23821, 249, 238, 35975, 116, 35975, 226, 220, 166, 116, 108, 7, 36365, 96, 8, 167, 94, 250, 23821, 226, 97, 167, 103, 227, 47991, 246, 167, 102, 108, 11, 23821, 251, 112, 167, 98, 120, 31619, 108, 242, 169, 225, 243, 168, 250, 120, 167, 94, 250, 31619, 105, 116, 168, 252, 98, 168, 245, 238, 31619, 234, 222, 47991, 112, 31619, 227, 120, 47991, 246, 166, 111, 254, 23821, 252, 230, 46695, 97, 13, 366, 168, 110, 250, 168, 100, 222, 166, 108, 226, 168, 245, 238, 31619, 100, 234, 167, 45539, 35975, 112, 23821, 228, 234, 167, 99, 105, 167, 98, 120, 31619, 224, 112, 166, 110, 234, 31619, 100, 234, 167, 241, 250, 167, 232, 242, 220, 166, 110, 225, 35975, 222, 31619, 105, 112, 168, 245, 229, 35975, 116, 166, 108, 222, 30, 2644, 23821, 8955, 167, 252, 234, 35975, 112, 23821, 228, 234, 167, 99, 105, 167, 98, 120, 31619, 224, 112, 166, 110, 234, 220, 47991, 246, 167, 232, 242, 220, 166, 110, 225, 35975, 222, 220, 166, 116, 108, 35975, 112, 46695, 97, 526, 198, 198, 17, 167, 110, 230, 25, 23821, 254, 223, 168, 254, 230, 47991, 246, 168, 100, 222, 23821, 243, 232, 35975, 234, 13, 357, 46695, 97, 8, 168, 245, 238, 168, 226, 250, 167, 232, 242, 23821, 228, 234, 167, 99, 105, 35975, 246, 23821, 225, 223, 167, 108, 246, 167, 238, 250, 220, 169, 232, 117, 168, 226, 109, 167, 241, 97, 35975, 112, 220, 166, 115, 254, 169, 246, 243, 35975, 226, 23821, 251, 112, 167, 97, 226, 168, 243, 120, 220, 47991, 250, 46695, 97, 167, 232, 242, 31619, 224, 112, 168, 248, 102, 35975, 222, 23821, 245, 228, 168, 250, 120, 167, 102, 108, 11, 23821, 246, 97, 169, 252, 230, 167, 254, 97, 705, 168, 95, 233, 35975, 222, 23821, 228, 234, 167, 99, 105, 6, 35975, 246, 23821, 94, 108, 166, 109, 112, 168, 250, 120, 167, 94, 250, 705, 167, 241, 96, 166, 116, 108, 23821, 95, 233, 166, 111, 254, 3256, 705, 166, 116, 222, 167, 94, 250, 23821, 241, 108, 35975, 112, 166, 111, 254, 3256, 705, 167, 108, 242, 167, 99, 226, 168, 245, 238, 220, 47991, 102, 46695, 117, 47991, 101, 6, 35975, 226, 23821, 254, 250, 168, 233, 250, 47991, 246, 166, 111, 254, 23821, 252, 230, 46695, 97, 13, 366, 168, 8955, 167, 252, 234, 35975, 246, 23821, 228, 234, 167, 99, 105, 167, 94, 250, 168, 226, 250, 31619, 224, 101, 168, 245, 238, 166, 110, 234, 31619, 241, 96, 166, 116, 108, 23821, 95, 233, 166, 111, 254, 11, 31619, 224, 101, 168, 245, 238, 166, 110, 234, 31619, 241, 96, 166, 116, 108, 23821, 95, 233, 168, 243, 226, 220, 166, 116, 222, 167, 94, 250, 23821, 241, 108, 35975, 112, 166, 111, 254, 11, 220, 166, 116, 222, 167, 94, 250, 23821, 241, 108, 168, 246, 222, 168, 250, 120, 167, 102, 112, 168, 226, 250, 31619, 108, 242, 167, 99, 226, 168, 245, 238, 220, 47991, 102, 46695, 117, 47991, 246, 46695, 97, 167, 102, 112, 220, 166, 115, 116, 166, 110, 225, 35975, 226, 23821, 251, 120, 168, 119, 105, 168, 244, 112, 23821, 95, 233, 35975, 222, 23821, 228, 234, 167, 99, 105, 167, 251, 120, 220, 47991, 250, 46695, 97, 526, 198, 198, 18, 167, 110, 230, 25, 23821, 254, 223, 168, 254, 230, 47991, 101, 13, 366, 168, 113, 250, 167, 99, 121, 35975, 222, 23821, 95, 233, 35975, 222, 23821, 228, 234, 167, 99, 105, 167, 98, 120, 31619, 224, 112, 167, 232, 242, 23821, 8955, 167, 252, 234, 168, 245, 238, 220, 166, 108, 222, 166, 117, 251, 46695, 97, 13, 220, 166, 115, 116, 35975, 246, 31619, 105, 116, 168, 252, 98, 35975, 112, 31619, 117, 226, 167, 94, 251, 23821, 247, 226, 168, 226, 109, 167, 238, 250, 220, 166, 110, 225, 35975, 222, 23821, 243, 226, 46695, 230, 168, 100, 222, 167, 100, 234, 220, 166, 115, 116, 31619, 250, 119, 35975, 222, 31619, 108, 242, 167, 99, 226, 35975, 226, 220, 169, 244, 98, 47991, 250, 46695, 97, 526, 167, 251, 120, 167, 232, 242, 220, 166, 113, 105, 168, 254, 230, 168, 245, 238, 168, 226, 250, 220, 169, 247, 243, 35975, 116, 47991, 254, 23821, 230, 246, 23821, 252, 230, 46695, 97, 13, 198, 198, 19, 167, 110, 230, 25, 23821, 254, 223, 168, 254, 230, 47991, 101, 13, 366, 166, 115, 116, 35975, 246, 31619, 105, 116, 168, 252, 98, 35975, 112, 31619, 117, 226, 167, 94, 251, 23821, 247, 226, 168, 226, 109, 167, 238, 250, 220, 166, 110, 225, 35975, 222, 23821, 243, 226, 46695, 230, 168, 100, 222, 167, 100, 234, 220, 166, 115, 116, 31619, 250, 119, 35975, 222, 31619, 108, 242, 167, 99, 226, 35975, 226, 220, 169, 244, 98, 47991, 250, 46695, 97, 13, 220, 166, 115, 116, 167, 253, 105, 46695, 230, 220, 47991, 247, 168, 245, 227, 35975, 226, 220, 166, 110, 234, 35975, 226, 167, 99, 105, 47991, 246, 168, 100, 222, 23821, 243, 232, 167, 232, 242, 46695, 97, 167, 102, 112, 31619, 108, 242, 167, 98, 112, 166, 110, 234, 31619, 238, 246, 167, 232, 242, 31619, 235, 108, 31619, 105, 112, 168, 232, 101, 23821, 244, 112, 167, 254, 97, 168, 249, 222, 35975, 112, 23821, 252, 230, 166, 110, 254, 167, 232, 242, 166, 108, 222, 526, 167, 251, 120, 167, 232, 242, 220, 166, 113, 105, 168, 254, 230, 168, 245, 238, 168, 226, 250, 220, 169, 247, 243, 35975, 116, 47991, 254, 23821, 230, 246, 23821, 252, 230, 46695, 97, 13, 198, 198, 20, 167, 110, 230, 25, 23821, 254, 223, 168, 254, 230, 47991, 101, 13, 366, 168, 113, 250, 167, 99, 121, 35975, 222, 23821, 228, 234, 167, 99, 105, 166, 108, 222, 220, 169, 223, 105, 46695, 230, 220, 166, 115, 116, 31619, 111, 116, 168, 110, 112, 166, 108, 222, 220, 169, 223, 108, 220, 166, 110, 225, 35975, 226, 23821, 243, 234, 31619, 100, 234, 47991, 246, 46695, 97, 13, 23821, 8955, 167, 252, 234, 35975, 246, 31619, 111, 116, 168, 110, 112, 167, 232, 242, 31619, 100, 230, 35975, 234, 35975, 112, 46695, 230, 220, 166, 115, 116, 35975, 246, 31619, 100, 230, 35975, 234, 35975, 112, 220, 166, 108, 222, 169, 252, 230, 220, 169, 223, 105, 46695, 97, 166, 111, 254, 220, 47991, 246, 166, 110, 254, 46695, 97, 526, 168, 247, 222, 366, 168, 113, 250, 167, 99, 121, 35975, 246, 220, 166, 116, 108, 167, 232, 242, 220, 166, 108, 222, 169, 252, 230, 220, 169, 223, 105, 46695, 97, 166, 111, 254, 220, 47991, 246, 166, 110, 254, 46695, 97, 526, 167, 251, 120, 167, 232, 242, 220, 166, 113, 105, 168, 254, 230, 168, 245, 238, 168, 226, 250, 220, 169, 247, 243, 35975, 116, 47991, 254, 23821, 230, 246, 23821, 252, 230, 46695, 97, 13, 198, 198, 168, 113, 250, 168, 95, 227, 23821, 254, 243, 46695, 113, 25, 362, 167, 110, 230]","[0.5, 0.5, 0.5, 0.5, 0.5, 0.5, 0.5, 0.5, 0.5, 0.5, 0.5, 0.5, 0.5, 0.5, 0.5, 0.5, 0.5, 0.5, 0.5, 0.5, 0.5, 0.5, 0.5, 0.5, 0.5, 0.5, 0.5, 0.5, 0.5, 0.5, 0.5, 0.5, 0.5, 0.5, 0.5, 0.5, 0.5, 0.5, 0.5, 0.5, 0.5, 0.5, 0.5, 0.5, 0.5, 0.5, 0.5, 0.5, 0.5, 0.5, 0.5, 0.5, 0.5, 0.5, 0.5, 0.5, 0.5, 0.5, 0.5, 0.5, 0.5, 0.5, 0.5, 0.5, 0.5, 0.5, 0.5, 0.5, 0.5, 0.5, 0.5, 0.5, 0.5, 0.5, 0.5, 0.5, 0.5, 0.5, 0.5, 0.5, 0.5, 0.5, 0.5, 0.5, 0.5, 0.5, 0.5, 0.5, 0.5, 0.5, 0.5, 0.5, 0.5, 0.5, 0.5, 0.5, 0.5, 0.5, 0.5, 0.5, 0.5, 0.5, 0.5, 0.5, 0.5, 0.5, 0.5, 0.5, 0.5, 0.5, 0.5, 0.5, 0.5, 0.5, 0.5, 0.5, 0.5, 0.5, 0.5, 0.5, 0.5, 0.5, 0.5, 0.5, 0.5, 0.5, 0.5, 0.5, 0.5, 0.5, 0.5, 0.5, 0.5, 0.5, 0.5, 0.5, 0.5, 0.5, 0.5, 0.5, 0.5, 0.5, 0.5, 0.5, 0.5, 0.5, 0.5, 0.5, 0.5, 0.5, 0.5, 0.5, 0.5, 0.5, 0.5, 0.5, 0.5, 0.5, 0.5, 0.5, 0.5, 0.5, 0.5, 0.5, 0.5, 0.5, 0.5, 0.5, 0.5, 0.5, 0.5, 0.5, 0.5, 0.5, 0.5, 0.5, 0.5, 0.5, 0.5, 0.5, 0.5, 0.5, 0.5, 0.5, 0.5, 0.5, 0.5, 0.5, 0.5, 0.5, 0.5, 0.5, 0.5, 0.5, 0.5, 0.5, 0.5, 0.5, 0.5, 0.5, 0.5, 0.5, 0.5, 0.5, 0.5, 0.5, 0.5, 0.5, 0.5, 0.5, 0.5, 0.5, 0.5, 0.5, 0.5, 0.5, 0.5, 0.5, 0.5, 0.5, 0.5, 0.5, 0.5, 0.5, 0.5, 0.5, 0.5, 0.5, 0.5, 0.5, 0.5, 0.5, 0.5, 0.5, 0.5, 0.5, 0.5, 0.5, 0.5, 0.5, 0.5, 0.5, 0.5, 0.5, 0.5, 0.5, 0.5, 0.5, 0.5, 0.5, 0.5, 0.5, 0.5, 0.5, 0.5, 0.5, 0.5, 0.5, 0.5, 0.5, 0.5, 0.5, 0.5, 0.5, 0.5, 0.5, 0.5, 0.5, 0.5, 0.5, 0.5, 0.5, 0.5, 0.5, 0.5, 0.5, 0.5, 0.5, 0.5, 0.5, 0.5, 0.5, 0.5, 0.5, 0.5, 0.5, 0.5, 0.5, 0.5, 0.5, 0.5, 0.5, 0.5, 0.5, 0.5, 0.5, 0.5, 0.5, 0.5, 0.5, 0.5, 0.5, 0.5, 0.5, 0.5, 0.5, 0.5, 0.5, 0.5, 0.5, 0.5, 0.5, 0.5, 0.5, 0.5, 0.5, 0.5, 0.5, 0.5, 0.5, 0.5, 0.5, 0.5, 0.5, 0.5, 0.5, 0.5, 0.5, 0.5, 0.5, 0.5, 0.5, 0.5, 0.5, 0.5, 0.5, 0.5, 0.5, 0.5, 0.5, 0.5, 0.5, 0.5, 0.5, 0.5, 0.5, 0.5, 0.5, 0.5, 0.5, 0.5, 0.5, 0.5, 0.5, 0.5, 0.5, 0.5, 0.5, 0.5, 0.5, 0.5, 0.5, 0.5, 0.5, 0.5, 0.5, 0.5, 0.5, 0.5, 0.5, 0.5, 0.5, 0.5, 0.5, 0.5, 0.5, 0.5, 0.5, 0.5, 0.5, 0.5, 0.5, 0.5, 0.5, 0.5, 0.5, 0.5, 0.5, 0.5, 0.5, 0.5, 0.5, 0.5, 0.5, 0.5, 0.5, 0.5, 0.5, 0.5, 0.5, 0.5, 0.5, 0.5, 0.5, 0.5, 0.5, 0.5, 0.5, 0.5, 0.5, 0.5, 0.5, 0.5, 0.5, 0.5, 0.5, 0.5, 0.5, 0.5, 0.5, 0.5, 0.5, 0.5, 0.5, 0.5, 0.5, 0.5, 0.5, 0.5, 0.5, 0.5, 0.5, 0.5, 0.5, 0.5, 0.5, 0.5, 0.5, 0.5, 0.5, 0.5, 0.5, 0.5, 0.5, 0.5, 0.5, 0.5, 0.5, 0.5, 0.5, 0.5, 0.5, 0.5, 0.5, 0.5, 0.5, 0.5, 0.5, 0.5, 0.5, 0.5, 0.5, 0.5, 0.5, 0.5, 0.5, 0.5, 0.5, 0.5, 0.5, 0.5, 0.5, 0.5, 0.5, 0.5, 0.5, 0.5, 0.5, 0.5, 0.5, 0.5, 0.5, 0.5, 0.5, 0.5, 0.5, 0.5, 0.5, 0.5, 0.5, 0.5, 0.5, 0.5, 0.5, 0.5, 0.5, 0.5, 0.5, 0.5, 0.5, 0.5, 0.5, 0.5, 0.5, 0.5, 0.5, 0.5, 0.5, 0.5, 0.5, 0.5, 0.5, 0.5, 0.5, 0.5, 0.5, 0.5, 0.5, 0.5, 0.5, 0.5, 0.5, 0.5, 0.5, 0.5, 0.5, 0.5, 0.5, 0.5, 0.5, 0.5, 0.5, 0.5, 0.5, 0.5, 0.5, 0.5, 0.5, 0.5, 0.5, 0.5, 0.5, 0.5, 0.5, 0.5, 0.5, 0.5, 0.5, 0.5, 0.5, 0.5, 0.5, 0.5, 0.5, 0.5, 0.5, 0.5, 0.5, 0.5, 0.5, 0.5, 0.5, 0.5, 0.5, 0.5, 0.5, 0.5, 0.5, 0.5, 0.5, 0.5, 0.5, 0.5, 0.5, 0.5, 0.5, 0.5, 0.5, 0.5, 0.5, 0.5, 0.5, 0.5, 0.5, 0.5, 0.5, 0.5, 0.5, 0.5, 0.5, 0.5, 0.5, 0.5, 0.5, 0.5, 0.5, 0.5, 0.5, 0.5, 0.5, 0.5, 0.5, 0.5, 0.5, 0.5, 0.5, 0.5, 0.5, 0.5, 0.5, 0.5, 0.5, 0.5, 0.5, 0.5, 0.5, 0.5, 0.5, 0.5, 0.5, 0.5, 0.5, 0.5, 0.5, 0.5, 0.5, 0.5, 0.5, 0.5, 0.5, 0.5, 0.5, 0.5, 0.5, 0.5, 0.5, 0.5, 0.5, 0.5, 0.5, 0.5, 0.5, 0.5, 0.5, 0.5, 0.5, 0.5, 0.5, 0.5, 0.5, 0.5, 0.5, 0.5, 0.5, 0.5, 0.5, 0.5, 0.5, 0.5, 0.5, 0.5, 0.5, 0.5, 0.5, 0.5, 0.5, 0.5, 0.5, 0.5, 0.5, 0.5, 0.5, 0.5, 0.5, 0.5, 0.5, 0.5, 0.5, 0.5, 0.5, 0.5, 0.5, 0.5, 0.5, 0.5, 0.5, 0.5, 0.5, 0.5, 0.5, 0.5, 0.5, 0.5, 0.5, 0.5, 0.5, 0.5, 0.5, 0.5, 0.5, 0.5, 0.5, 0.5, 0.5, 0.5, 0.5, 0.5, 0.5, 0.5, 0.5, 0.5, 0.5, 0.5, 0.5, 0.5, 0.5, 0.5, 0.5, 0.5, 0.5, 0.5, 0.5, 0.5, 0.5, 0.5, 0.5, 0.5, 0.5, 0.5, 0.5, 0.5, 0.5, 0.5, 0.5, 0.5, 0.5, 0.5, 0.5, 0.5, 0.5, 0.5, 0.5, 0.5, 0.5, 0.5, 0.5, 0.5, 0.5, 0.5, 0.5, 0.5, 0.5, 0.5, 0.5, 0.5, 0.5, 0.5, 0.5, 0.5, 0.5, 0.5, 0.5, 0.5, 0.5, 0.5, 0.5, 0.5, 0.5, 0.5, 0.5, 0.5, 0.5, 0.5, 0.5, 0.5, 0.5, 0.5, 0.5, 0.5, 0.5, 0.5, 0.5, 0.5, 0.5, 0.5, 0.5, 0.5, 0.5, 0.5, 0.5, 0.5, 0.5, 0.5, 0.5, 0.5, 0.5, 0.5, 0.5, 0.5, 0.5, 0.5, 0.5, 0.5, 0.5, 0.5, 0.5, 0.5, 0.5, 0.5, 0.5, 0.5, 0.5, 0.5, 0.5, 0.5, 0.5, 0.5, 0.5, 0.5, 0.5, 0.5, 0.5, 0.5, 0.5, 0.5, 0.5, 0.5, 0.5, 0.5, 0.5, 0.5, 0.5, 0.5, 0.5, 0.5, 0.5, 0.5, 0.5, 0.5, 0.5, 0.5, 0.5, 0.5, 0.5, 0.5, 0.5, 0.5, 0.5, 0.5, 0.5, 0.5, 0.5, 0.5, 0.5, 0.5, 0.5, 0.5, 0.5, 0.5, 0.5, 0.5, 0.5, 0.5, 0.5, 0.5, 0.5, 0.5, 0.5, 0.5, 0.5, 0.5, 0.5, 0.5, 0.5, 0.5, 0.5, 0.5, 0.5, 0.5, 0.5, 0.5, 0.5, 0.5, 0.5, 0.5, 0.5, 0.5, 0.5, 0.5, 0.5, 0.5, 0.5, 0.5, 0.5, 0.5, 0.5, 0.5, 0.5, 0.5, 0.5, 0.5, 0.5, 0.5, 0.5, 0.5, 0.5, 0.5, 0.5, 0.5, 0.5, 0.5, 0.5, 0.5, 0.5, 0.5, 0.5, 0.5, 0.5, 0.5, 0.5, 0.5, 0.5, 0.5, 0.5, 0.5, 0.5, 0.5, 0.5, 0.5, 0.5, 0.5, 0.5, 0.5, 0.5, 0.5, 0.5, 0.5, 0.5, 0.5, 0.5, 0.5, 0.5, 0.5, 0.5, 0.5, 0.5, 0.5, 0.5, 0.5, 0.5, 0.5, 0.5, 0.5, 0.5, 0.5, 0.5, 0.5, 0.5, 0.5, 0.5, 0.5, 0.5, 0.5, 0.5, 0.5, 0.5, 0.5, 0.5, 0.5, 0.5, 0.5, 0.5, 0.5, 0.5, 0.5, 0.5, 0.5, 0.5, 0.5, 0.5, 0.5, 0.5, 0.5, 0.5, 0.5, 0.5, 0.5, 0.5, 0.5, 0.5, 0.5, 0.5, 0.5, 0.5, 0.5, 0.5, 0.5, 0.5, 0.5, 0.5, 0.5, 0.5, 0.5, 0.5, 0.5, 0.5, 0.5, 0.5, 0.5, 0.5, 0.5, 0.5, 0.5, 0.5, 0.5, 0.5, 0.5, 0.5, 0.5, 0.5, 0.5, 0.5, 0.5, 0.5, 0.5, 0.5, 0.5, 0.5, 0.5, 0.5, 0.5, 0.5, 0.5, 0.5, 0.5, 0.5, 0.5, 0.5, 0.5, 0.5, 0.5, 0.5, 0.5, 0.5, 0.5, 0.5, 0.5, 0.5, 0.5, 0.5, 0.5, 0.5, 0.5, 0.5, 0.5, 0.5, 0.5, 0.5, 0.5, 0.5, 0.5, 0.5, 0.5, 0.5, 0.5, 0.5, 0.5, 0.5, 0.5, 0.5, 0.5, 0.5, 0.5, 0.5, 0.5, 0.5, 0.5, 0.5, 0.5, 0.5, 0.5, 0.5, 0.5, 0.5, 0.5, 0.5, 0.5, 0.5, 0.5, 0.5, 0.5, 0.5, 0.5, 0.5, 0.5, 0.5, 0.5, 0.5, 0.5, 0.5, 0.5, 0.5, 0.5, 0.5, 0.5, 0.5, 0.5, 0.5, 0.5, 0.5, 0.5, 0.5, 0.5, 0.5, 0.5, 0.5, 0.5, 0.5, 0.5, 0.5, 0.5, 0.5, 0.5, 0.5, 0.5, 0.5, 0.5, 0.5, 0.5, 0.5, 0.5, 0.5, 0.5, 0.5, 0.5, 0.5, 0.5, 0.5, 0.5, 0.5, 0.5, 0.5, 0.5, 0.5, 0.5, 0.5, 0.5, 0.5, 0.5, 0.5, 0.5, 0.5, 0.5, 0.5, 0.5, 0.5, 0.5, 0.5, 0.5, 0.5, 0.5, 0.5, 0.5, 0.5, 0.5, 0.5, 0.5, 0.5, 0.5, 0.5, 0.5, 0.5, 0.5, 0.5, 0.5, 0.5, 0.5, 0.5, 0.5, 0.5, 0.5, 0.5, 0.5, 0.5, 0.5, 0.5, 0.5, 0.5, 0.5, 0.5, 0.5, 0.5, 0.5, 0.5, 0.5, 0.5, 0.5, 0.5, 0.5, 0.5, 0.5, 0.5, 0.5, 0.5, 0.5, 0.5, 0.5, 0.5, 0.5, 0.5, 0.5, 0.5, 0.5, 0.5, 0.5, 0.5, 0.5, 0.5, 0.5, 0.5, 0.5, 0.5, 0.5, 0.5, 0.5, 0.5, 0.5, 0.5, 0.5, 0.5, 0.5, 0.5, 0.5, 0.5, 0.5, 0.5, 0.5, 0.5, 0.5, 0.5, 0.5, 0.5, 0.5, 0.5, 0.5, 0.5, 0.5, 0.5, 0.5, 0.5, 0.5, 0.5, 0.5, 0.5, 0.5, 0.5, 0.5, 0.5, 0.5, 0.5, 0.5, 0.5, 0.5, 0.5, 0.5, 0.5, 0.5, 0.5, 0.5, 0.5, 0.5, 0.5, 0.5, 0.5]",2
2026_11_KICE_27-30_0,['5(2)'],"1번: 적절함 - ""실례지만 선생께서는 8․15 직후에 무슨 청년당 일에……?""라는 질문과 ""왜? 나를 본 적이라도?""라는 질문이 오가며 서로의 반응을 살피고 있다.

2번: 적절함 - ""허명두 씨는 오랜만에 증오가 되살아나서 온 씨를 냉담하게 바라보며""라는 구절에서 허명두가 불쾌해하며 과거의 감정을 떠올린 것을 알 수 있다.

3번: 적절함 - ""역시 그러셨구만""이라는 대사에서 온 씨가 자신의 짐작이 맞았다고 생각한 것을 알 수 있다.

4번: 적절함 - ""서툰 짓은 하지 마시오"", ""날뛰던 시대는 서서히 지나가고 있는 거요"" 등 반복적으로 평가하며 경고하는 모습을 보인다.

5번: 부적절함 - 허명두는 에둘러 말하기보다는 직설적으로 맞서는 태도를 보였다. ""그런 협박은 하나도 무섭지 않으니 어디 한번 해볼 대로 해보라지""라는 대사에서 공격적인 태도를 보이고 있다.

최종 정답: 5번","[16, 167, 110, 230, 25, 23821, 254, 223, 168, 254, 230, 47991, 101, 532, 366, 168, 233, 97, 167, 94, 222, 168, 100, 222, 167, 100, 234, 23821, 226, 254, 168, 225, 251, 166, 119, 246, 168, 226, 250, 167, 232, 242, 807, 447, 97, 1314, 23821, 100, 223, 169, 249, 226, 168, 245, 238, 31619, 105, 112, 168, 232, 101, 23821, 110, 255, 167, 227, 226, 46695, 117, 23821, 251, 120, 168, 245, 238, 7398, 1701, 167, 251, 120, 167, 232, 242, 23821, 100, 230, 167, 105, 116, 166, 111, 120, 366, 168, 247, 250, 30, 31619, 224, 246, 167, 98, 120, 31619, 111, 116, 23821, 254, 223, 35975, 112, 167, 251, 120, 167, 237, 226, 1701, 167, 251, 120, 167, 232, 242, 23821, 100, 230, 167, 105, 116, 35975, 112, 23821, 246, 97, 166, 108, 222, 167, 102, 108, 23821, 226, 250, 167, 94, 250, 35975, 246, 31619, 108, 246, 35975, 239, 35975, 226, 23821, 224, 112, 169, 242, 120, 166, 111, 254, 23821, 252, 230, 46695, 97, 13, 198, 198, 17, 167, 110, 230, 25, 23821, 254, 223, 168, 254, 230, 47991, 101, 532, 366, 169, 245, 230, 167, 103, 227, 167, 239, 238, 23821, 242, 101, 167, 232, 242, 23821, 246, 97, 167, 252, 250, 167, 100, 234, 168, 245, 238, 23821, 99, 251, 168, 246, 97, 166, 108, 222, 31619, 238, 246, 168, 224, 112, 168, 243, 226, 167, 224, 246, 168, 226, 250, 23821, 246, 101, 23821, 242, 101, 167, 98, 120, 31619, 225, 231, 46695, 112, 47991, 246, 166, 110, 234, 31619, 108, 242, 167, 251, 120, 167, 111, 112, 167, 102, 108, 1, 167, 251, 120, 167, 232, 242, 220, 166, 113, 105, 168, 254, 230, 168, 245, 238, 168, 226, 250, 220, 169, 245, 230, 167, 103, 227, 167, 239, 238, 166, 108, 222, 31619, 114, 230, 168, 122, 234, 47991, 112, 47991, 246, 167, 102, 108, 220, 166, 111, 120, 166, 109, 108, 35975, 246, 220, 166, 108, 238, 168, 254, 243, 35975, 226, 31619, 244, 254, 168, 246, 105, 167, 99, 108, 220, 166, 110, 225, 35975, 226, 23821, 243, 234, 23821, 230, 246, 23821, 252, 230, 46695, 97, 13, 198, 198, 18, 167, 110, 230, 25, 23821, 254, 223, 168, 254, 230, 47991, 101, 532, 366, 168, 245, 255, 168, 233, 250, 220, 166, 115, 116, 167, 253, 105, 168, 227, 101, 166, 113, 105, 167, 100, 234, 1, 35975, 112, 167, 251, 120, 167, 232, 242, 31619, 234, 222, 168, 8955, 168, 245, 238, 168, 226, 250, 23821, 246, 101, 23821, 242, 101, 166, 108, 222, 23821, 252, 238, 168, 233, 254, 35975, 246, 23821, 100, 238, 168, 252, 239, 35975, 112, 31619, 100, 252, 168, 243, 246, 46695, 97, 166, 111, 254, 23821, 225, 251, 166, 108, 223, 47991, 250, 220, 166, 110, 225, 35975, 226, 23821, 243, 234, 23821, 230, 246, 23821, 252, 230, 46695, 97, 13, 198, 198, 19, 167, 110, 230, 25, 23821, 254, 223, 168, 254, 230, 47991, 101, 532, 366, 168, 226, 250, 169, 230, 108, 23821, 100, 241, 35975, 222, 220, 47991, 246, 168, 100, 222, 31619, 100, 230, 168, 233, 250, 168, 246, 97, 1600, 366, 167, 224, 254, 167, 249, 108, 167, 235, 246, 23821, 233, 250, 167, 234, 222, 167, 232, 242, 23821, 226, 250, 168, 226, 250, 169, 252, 230, 23821, 100, 222, 167, 224, 246, 166, 108, 222, 166, 111, 254, 23821, 252, 230, 167, 232, 242, 220, 166, 109, 108, 168, 248, 242, 1, 31619, 241, 109, 31619, 108, 246, 167, 111, 113, 168, 254, 223, 168, 250, 120, 167, 94, 250, 220, 169, 237, 231, 166, 108, 222, 47991, 246, 167, 102, 108, 220, 166, 110, 121, 166, 111, 254, 47991, 246, 167, 232, 242, 31619, 103, 101, 168, 232, 113, 35975, 226, 31619, 111, 112, 35975, 116, 46695, 97, 13, 198, 198, 20, 167, 110, 230, 25, 31619, 114, 222, 168, 254, 223, 168, 254, 230, 47991, 101, 532, 220, 169, 245, 230, 167, 103, 227, 167, 239, 238, 167, 232, 242, 23821, 245, 238, 167, 239, 246, 167, 253, 105, 31619, 100, 238, 47991, 246, 166, 116, 108, 167, 111, 112, 46695, 97, 167, 232, 242, 23821, 100, 223, 168, 226, 97, 168, 254, 223, 168, 250, 120, 167, 94, 250, 31619, 100, 252, 168, 226, 250, 167, 232, 242, 220, 169, 225, 250, 167, 237, 226, 167, 98, 120, 31619, 111, 112, 168, 246, 222, 46695, 97, 13, 366, 166, 115, 116, 167, 253, 108, 220, 169, 246, 239, 167, 108, 243, 35975, 222, 220, 47991, 246, 167, 224, 246, 167, 237, 226, 31619, 105, 112, 168, 226, 255, 168, 100, 222, 23821, 243, 232, 168, 250, 120, 46695, 230, 23821, 244, 112, 167, 242, 242, 220, 47991, 250, 167, 110, 230, 220, 47991, 112, 167, 111, 120, 31619, 234, 222, 167, 94, 250, 220, 47991, 112, 167, 111, 112, 167, 251, 120, 168, 100, 222, 1, 167, 251, 120, 167, 232, 242, 31619, 234, 222, 168, 8955, 168, 245, 238, 168, 226, 250, 220, 166, 111, 113, 166, 110, 102, 168, 254, 223, 35975, 116, 220, 169, 225, 250, 167, 237, 226, 167, 98, 120, 31619, 111, 112, 35975, 112, 166, 111, 254, 23821, 252, 230, 46695, 97, 13, 198, 198, 168, 113, 250, 168, 95, 227, 23821, 254, 243, 46695, 113, 25, 642, 167, 110, 230]","[0.5, 0.5, 0.5, 0.5, 0.5, 0.5, 0.5, 0.5, 0.5, 0.5, 0.5, 0.5, 0.5, 0.5, 0.5, 0.5, 0.5, 0.5, 0.5, 0.5, 0.5, 0.5, 0.5, 0.5, 0.5, 0.5, 0.5, 0.5, 0.5, 0.5, 0.5, 0.5, 0.5, 0.5, 0.5, 0.5, 0.5, 0.5, 0.5, 0.5, 0.5, 0.5, 0.5, 0.5, 0.5, 0.5, 0.5, 0.5, 0.5, 0.5, 0.5, 0.5, 0.5, 0.5, 0.5, 0.5, 0.5, 0.5, 0.5, 0.5, 0.5, 0.5, 0.5, 0.5, 0.5, 0.5, 0.5, 0.5, 0.5, 0.5, 0.5, 0.5, 0.5, 0.5, 0.5, 0.5, 0.5, 0.5, 0.5, 0.5, 0.5, 0.5, 0.5, 0.5, 0.5, 0.5, 0.5, 0.5, 0.5, 0.5, 0.5, 0.5, 0.5, 0.5, 0.5, 0.5, 0.5, 0.5, 0.5, 0.5, 0.5, 0.5, 0.5, 0.5, 0.5, 0.5, 0.5, 0.5, 0.5, 0.5, 0.5, 0.5, 0.5, 0.5, 0.5, 0.5, 0.5, 0.5, 0.5, 0.5, 0.5, 0.5, 0.5, 0.5, 0.5, 0.5, 0.5, 0.5, 0.5, 0.5, 0.5, 0.5, 0.5, 0.5, 0.5, 0.5, 0.5, 0.5, 0.5, 0.5, 0.5, 0.5, 0.5, 0.5, 0.5, 0.5, 0.5, 0.5, 0.5, 0.5, 0.5, 0.5, 0.5, 0.5, 0.5, 0.5, 0.5, 0.5, 0.5, 0.5, 0.5, 0.5, 0.5, 0.5, 0.5, 0.5, 0.5, 0.5, 0.5, 0.5, 0.5, 0.5, 0.5, 0.5, 0.5, 0.5, 0.5, 0.5, 0.5, 0.5, 0.5, 0.5, 0.5, 0.5, 0.5, 0.5, 0.5, 0.5, 0.5, 0.5, 0.5, 0.5, 0.5, 0.5, 0.5, 0.5, 0.5, 0.5, 0.5, 0.5, 0.5, 0.5, 0.5, 0.5, 0.5, 0.5, 0.5, 0.5, 0.5, 0.5, 0.5, 0.5, 0.5, 0.5, 0.5, 0.5, 0.5, 0.5, 0.5, 0.5, 0.5, 0.5, 0.5, 0.5, 0.5, 0.5, 0.5, 0.5, 0.5, 0.5, 0.5, 0.5, 0.5, 0.5, 0.5, 0.5, 0.5, 0.5, 0.5, 0.5, 0.5, 0.5, 0.5, 0.5, 0.5, 0.5, 0.5, 0.5, 0.5, 0.5, 0.5, 0.5, 0.5, 0.5, 0.5, 0.5, 0.5, 0.5, 0.5, 0.5, 0.5, 0.5, 0.5, 0.5, 0.5, 0.5, 0.5, 0.5, 0.5, 0.5, 0.5, 0.5, 0.5, 0.5, 0.5, 0.5, 0.5, 0.5, 0.5, 0.5, 0.5, 0.5, 0.5, 0.5, 0.5, 0.5, 0.5, 0.5, 0.5, 0.5, 0.5, 0.5, 0.5, 0.5, 0.5, 0.5, 0.5, 0.5, 0.5, 0.5, 0.5, 0.5, 0.5, 0.5, 0.5, 0.5, 0.5, 0.5, 0.5, 0.5, 0.5, 0.5, 0.5, 0.5, 0.5, 0.5, 0.5, 0.5, 0.5, 0.5, 0.5, 0.5, 0.5, 0.5, 0.5, 0.5, 0.5, 0.5, 0.5, 0.5, 0.5, 0.5, 0.5, 0.5, 0.5, 0.5, 0.5, 0.5, 0.5, 0.5, 0.5, 0.5, 0.5, 0.5, 0.5, 0.5, 0.5, 0.5, 0.5, 0.5, 0.5, 0.5, 0.5, 0.5, 0.5, 0.5, 0.5, 0.5, 0.5, 0.5, 0.5, 0.5, 0.5, 0.5, 0.5, 0.5, 0.5, 0.5, 0.5, 0.5, 0.5, 0.5, 0.5, 0.5, 0.5, 0.5, 0.5, 0.5, 0.5, 0.5, 0.5, 0.5, 0.5, 0.5, 0.5, 0.5, 0.5, 0.5, 0.5, 0.5, 0.5, 0.5, 0.5, 0.5, 0.5, 0.5, 0.5, 0.5, 0.5, 0.5, 0.5, 0.5, 0.5, 0.5, 0.5, 0.5, 0.5, 0.5, 0.5, 0.5, 0.5, 0.5, 0.5, 0.5, 0.5, 0.5, 0.5, 0.5, 0.5, 0.5, 0.5, 0.5, 0.5, 0.5, 0.5, 0.5, 0.5, 0.5, 0.5, 0.5, 0.5, 0.5, 0.5, 0.5, 0.5, 0.5, 0.5, 0.5, 0.5, 0.5, 0.5, 0.5, 0.5, 0.5, 0.5, 0.5, 0.5, 0.5, 0.5, 0.5, 0.5, 0.5, 0.5, 0.5, 0.5, 0.5, 0.5, 0.5, 0.5, 0.5, 0.5, 0.5, 0.5, 0.5, 0.5, 0.5, 0.5, 0.5, 0.5, 0.5, 0.5, 0.5, 0.5, 0.5, 0.5, 0.5, 0.5, 0.5, 0.5, 0.5, 0.5, 0.5, 0.5, 0.5, 0.5, 0.5, 0.5, 0.5, 0.5, 0.5, 0.5, 0.5, 0.5, 0.5, 0.5, 0.5, 0.5, 0.5, 0.5, 0.5, 0.5, 0.5, 0.5, 0.5, 0.5, 0.5, 0.5, 0.5, 0.5, 0.5, 0.5, 0.5, 0.5, 0.5, 0.5, 0.5, 0.5, 0.5, 0.5, 0.5, 0.5, 0.5, 0.5, 0.5, 0.5, 0.5, 0.5, 0.5, 0.5, 0.5, 0.5, 0.5, 0.5, 0.5, 0.5, 0.5, 0.5, 0.5, 0.5, 0.5, 0.5, 0.5, 0.5, 0.5, 0.5, 0.5, 0.5, 0.5, 0.5, 0.5, 0.5, 0.5, 0.5, 0.5, 0.5, 0.5, 0.5, 0.5, 0.5, 0.5, 0.5, 0.5, 0.5, 0.5, 0.5, 0.5, 0.5, 0.5, 0.5, 0.5, 0.5, 0.5, 0.5, 0.5, 0.5, 0.5, 0.5, 0.5, 0.5, 0.5, 0.5, 0.5, 0.5, 0.5, 0.5, 0.5, 0.5, 0.5, 0.5, 0.5, 0.5, 0.5, 0.5, 0.5, 0.5, 0.5, 0.5, 0.5, 0.5, 0.5, 0.5, 0.5, 0.5, 0.5, 0.5, 0.5, 0.5, 0.5, 0.5, 0.5, 0.5, 0.5, 0.5, 0.5, 0.5, 0.5, 0.5, 0.5, 0.5, 0.5, 0.5, 0.5, 0.5, 0.5, 0.5, 0.5, 0.5, 0.5, 0.5, 0.5, 0.5, 0.5, 0.5, 0.5, 0.5, 0.5, 0.5, 0.5, 0.5, 0.5, 0.5, 0.5, 0.5, 0.5, 0.5, 0.5, 0.5, 0.5, 0.5, 0.5, 0.5, 0.5, 0.5, 0.5, 0.5, 0.5, 0.5, 0.5, 0.5, 0.5, 0.5, 0.5, 0.5, 0.5, 0.5, 0.5, 0.5, 0.5, 0.5, 0.5, 0.5, 0.5, 0.5, 0.5, 0.5, 0.5, 0.5, 0.5, 0.5, 0.5, 0.5, 0.5, 0.5, 0.5, 0.5, 0.5, 0.5, 0.5, 0.5, 0.5, 0.5, 0.5, 0.5, 0.5, 0.5, 0.5, 0.5, 0.5, 0.5, 0.5, 0.5, 0.5, 0.5, 0.5, 0.5, 0.5, 0.5, 0.5, 0.5, 0.5, 0.5, 0.5, 0.5, 0.5, 0.5, 0.5, 0.5, 0.5, 0.5, 0.5, 0.5, 0.5, 0.5, 0.5, 0.5, 0.5, 0.5, 0.5, 0.5, 0.5, 0.5, 0.5, 0.5, 0.5, 0.5, 0.5, 0.5, 0.5, 0.5, 0.5, 0.5, 0.5, 0.5, 0.5, 0.5, 0.5, 0.5, 0.5, 0.5, 0.5, 0.5, 0.5, 0.5, 0.5, 0.5, 0.5, 0.5, 0.5, 0.5, 0.5, 0.5, 0.5, 0.5, 0.5, 0.5, 0.5, 0.5, 0.5, 0.5, 0.5, 0.5, 0.5, 0.5, 0.5, 0.5, 0.5, 0.5, 0.5, 0.5, 0.5, 0.5, 0.5, 0.5, 0.5, 0.5, 0.5, 0.5, 0.5, 0.5, 0.5, 0.5, 0.5, 0.5, 0.5, 0.5, 0.5, 0.5, 0.5, 0.5, 0.5, 0.5, 0.5, 0.5, 0.5, 0.5, 0.5, 0.5, 0.5, 0.5, 0.5, 0.5, 0.5, 0.5, 0.5, 0.5, 0.5, 0.5, 0.5, 0.5, 0.5, 0.5, 0.5, 0.5, 0.5, 0.5, 0.5, 0.5, 0.5, 0.5, 0.5, 0.5, 0.5, 0.5, 0.5, 0.5, 0.5, 0.5, 0.5, 0.5, 0.5, 0.5, 0.5, 0.5, 0.5, 0.5, 0.5, 0.5, 0.5, 0.5, 0.5, 0.5, 0.5, 0.5, 0.5, 0.5, 0.5, 0.5, 0.5, 0.5, 0.5, 0.5, 0.5, 0.5, 0.5, 0.5, 0.5, 0.5, 0.5, 0.5, 0.5, 0.5, 0.5, 0.5, 0.5, 0.5, 0.5, 0.5, 0.5, 0.5, 0.5, 0.5, 0.5, 0.5, 0.5, 0.5, 0.5, 0.5, 0.5]",2
2026_11_KICE_27-30_1,['5(2)'],"1번: (선택지 1번에 대한 답변) 
- 거짓. ⓐ는 ⓑ와 직접적인 관련이 있다. ⓑ(소문)을 듣고 온 씨가 허명두를 찾아와 언쟁을 벌인 후, 그 내용이 ⓐ(이야기)로 퍼진 것이다.
- 근거: ""그러다가 그는 ⓑ[소문]을 듣고 찾아온 온 씨와 만나 언쟁을 벌이게 되었던 것이지만"" / ""온 씨가 만나는 사람에게마다 ⓐ[이야기]를 퍼뜨렸기 때문이었다.""

2번: (선택지 2번에 대한 답변)
- 거짓. ⓑ(소문)이 먼저 퍼지고, 그 후에 ⓐ(이야기)가 퍼졌다.
- 근거: ""그러다가 그는 ⓑ[소문]을 듣고 찾아온 온 씨와 만나 언쟁을 벌이게 되었던 것이지만"" / ""독가촌 일대에는 금방 그 소문이 돌 대로 돌았다. 온 씨가 만나는 사람에게마다 ⓐ[이야기]를 퍼뜨렸기 때문이었다.""

3번: (선택지 3번에 대한 답변)
- 거짓. ⓐ는 오히려 갈등을 더 심화시키는 역할을 했다.
- 근거: ""독가촌 일대에는 금방 그 소문이 돌 대로 돌았다"" / ""허명두 씨로서는 마지막 안간힘을 내어 그가 일으켜 보려는 이번 싸움이 과거 어느 때보다도 어렵다는 것은 알고 있었다.""

4번: (선택지 4번에 대한 답변)
- 거짓. ⓑ가 거짓으로 판명되었다는 언급은 없다.
- 근거: ""허명두 씨가 관청을 들락거리고 야금야금 집들을 사두게 된 것이 이 때문이었다""라는 문장으로 보아 ⓑ(소문)은 사실이었다.

5번: (선택지 5번에 대한 답변)
- 참. ⓐ는 온 씨가 ⓑ(소문)과 관련해 허명두를 찾아가 확인한 내용을 바탕으로 퍼뜨린 이야기이다.
- 근거: ""허명두 씨가 관청을 들락거리고 야금야금 집들을 사두게 된 것이 이 때문이었다. 그러다가 그는 ⓑ[소문]을 듣고 찾아온 온 씨와 만나 언쟁을 벌이게 되었던 것이지만"" / ""온 씨가 만나는 사람에게마다 ⓐ[이야기]를 퍼뜨렸기 때문이었다.""

최종 정답: 5번","[16, 167, 110, 230, 25, 357, 168, 226, 254, 169, 225, 251, 168, 100, 222, 352, 167, 110, 230, 168, 245, 238, 31619, 234, 222, 47991, 250, 31619, 233, 113, 167, 111, 222, 8, 220, 198, 12, 220, 166, 109, 108, 168, 100, 241, 13, 2343, 241, 238, 167, 232, 242, 2343, 241, 239, 168, 247, 222, 23821, 100, 223, 168, 254, 239, 168, 254, 223, 35975, 116, 220, 166, 112, 222, 167, 254, 101, 35975, 112, 23821, 252, 230, 46695, 97, 13, 2343, 241, 239, 7, 168, 228, 234, 167, 105, 116, 8, 35975, 226, 31619, 241, 96, 166, 111, 254, 23821, 246, 101, 23821, 242, 101, 166, 108, 222, 220, 169, 245, 230, 167, 103, 227, 167, 239, 238, 167, 98, 120, 23821, 108, 122, 168, 243, 226, 168, 247, 222, 23821, 244, 116, 168, 253, 223, 35975, 226, 31619, 110, 234, 35975, 116, 220, 169, 249, 226, 11, 220, 166, 115, 116, 31619, 224, 112, 168, 248, 102, 35975, 112, 2343, 241, 238, 7, 35975, 112, 168, 243, 120, 166, 116, 108, 8, 167, 94, 250, 220, 169, 235, 120, 168, 100, 226, 220, 166, 110, 225, 35975, 112, 46695, 97, 13, 198, 12, 220, 166, 115, 120, 166, 109, 108, 25, 366, 166, 115, 116, 167, 253, 105, 46695, 97, 166, 108, 222, 220, 166, 115, 116, 167, 232, 242, 2343, 241, 239, 58, 168, 228, 234, 167, 105, 116, 60, 35975, 226, 31619, 241, 96, 166, 111, 254, 23821, 108, 122, 168, 243, 226, 168, 246, 101, 23821, 246, 101, 23821, 242, 101, 168, 247, 222, 31619, 100, 234, 167, 224, 246, 23821, 244, 116, 168, 253, 223, 35975, 226, 31619, 110, 234, 35975, 112, 166, 110, 234, 31619, 238, 246, 168, 245, 230, 167, 235, 246, 220, 166, 110, 225, 35975, 112, 168, 100, 222, 167, 100, 234, 1, 1220, 366, 168, 246, 101, 23821, 242, 101, 166, 108, 222, 31619, 100, 234, 167, 224, 246, 167, 232, 242, 23821, 8955, 167, 252, 234, 168, 245, 238, 166, 110, 234, 167, 100, 230, 46695, 97, 2343, 241, 238, 58, 35975, 112, 168, 243, 120, 166, 116, 108, 60, 167, 98, 120, 220, 169, 235, 120, 167, 250, 101, 167, 254, 116, 166, 116, 108, 31619, 243, 234, 167, 105, 116, 35975, 112, 168, 245, 230, 46695, 97, 526, 198, 198, 17, 167, 110, 230, 25, 357, 168, 226, 254, 169, 225, 251, 168, 100, 222, 362, 167, 110, 230, 168, 245, 238, 31619, 234, 222, 47991, 250, 31619, 233, 113, 167, 111, 222, 8, 198, 12, 220, 166, 109, 108, 168, 100, 241, 13, 2343, 241, 239, 7, 168, 228, 234, 167, 105, 116, 8, 35975, 112, 31619, 101, 120, 168, 254, 222, 220, 169, 235, 120, 168, 100, 222, 166, 111, 254, 11, 220, 166, 115, 116, 220, 169, 249, 226, 168, 245, 238, 2343, 241, 238, 7, 35975, 112, 168, 243, 120, 166, 116, 108, 8, 166, 108, 222, 220, 169, 235, 120, 168, 94, 234, 46695, 97, 13, 198, 12, 220, 166, 115, 120, 166, 109, 108, 25, 366, 166, 115, 116, 167, 253, 105, 46695, 97, 166, 108, 222, 220, 166, 115, 116, 167, 232, 242, 2343, 241, 239, 58, 168, 228, 234, 167, 105, 116, 60, 35975, 226, 31619, 241, 96, 166, 111, 254, 23821, 108, 122, 168, 243, 226, 168, 246, 101, 23821, 246, 101, 23821, 242, 101, 168, 247, 222, 31619, 100, 234, 167, 224, 246, 23821, 244, 116, 168, 253, 223, 35975, 226, 31619, 110, 234, 35975, 112, 166, 110, 234, 31619, 238, 246, 168, 245, 230, 167, 235, 246, 220, 166, 110, 225, 35975, 112, 168, 100, 222, 167, 100, 234, 1, 1220, 366, 167, 237, 227, 166, 108, 222, 168, 112, 234, 23821, 251, 120, 167, 234, 222, 168, 245, 238, 167, 232, 242, 220, 166, 116, 230, 167, 108, 102, 220, 166, 115, 116, 23821, 228, 234, 167, 105, 116, 35975, 112, 31619, 237, 234, 31619, 234, 222, 167, 94, 250, 31619, 237, 234, 168, 243, 246, 46695, 97, 13, 23821, 246, 101, 23821, 242, 101, 166, 108, 222, 31619, 100, 234, 167, 224, 246, 167, 232, 242, 23821, 8955, 167, 252, 234, 168, 245, 238, 166, 110, 234, 167, 100, 230, 46695, 97, 2343, 241, 238, 58, 35975, 112, 168, 243, 120, 166, 116, 108, 60, 167, 98, 120, 220, 169, 235, 120, 167, 250, 101, 167, 254, 116, 166, 116, 108, 31619, 243, 234, 167, 105, 116, 35975, 112, 168, 245, 230, 46695, 97, 526, 198, 198, 18, 167, 110, 230, 25, 357, 168, 226, 254, 169, 225, 251, 168, 100, 222, 513, 167, 110, 230, 168, 245, 238, 31619, 234, 222, 47991, 250, 31619, 233, 113, 167, 111, 222, 8, 198, 12, 220, 166, 109, 108, 168, 100, 241, 13, 2343, 241, 238, 167, 232, 242, 23821, 246, 97, 169, 252, 230, 167, 254, 97, 220, 166, 108, 230, 167, 241, 109, 35975, 226, 31619, 235, 242, 23821, 233, 105, 169, 247, 242, 168, 233, 250, 169, 224, 97, 167, 232, 242, 23821, 245, 255, 47991, 254, 35975, 226, 220, 169, 244, 230, 46695, 97, 13, 198, 12, 220, 166, 115, 120, 166, 109, 108, 25, 366, 167, 237, 227, 166, 108, 222, 168, 112, 234, 23821, 251, 120, 167, 234, 222, 168, 245, 238, 167, 232, 242, 220, 166, 116, 230, 167, 108, 102, 220, 166, 115, 116, 23821, 228, 234, 167, 105, 116, 35975, 112, 31619, 237, 234, 31619, 234, 222, 167, 94, 250, 31619, 237, 234, 168, 243, 246, 46695, 97, 1, 1220, 366, 169, 245, 230, 167, 103, 227, 167, 239, 238, 23821, 242, 101, 167, 94, 250, 168, 226, 250, 167, 232, 242, 31619, 100, 230, 168, 100, 222, 167, 100, 231, 23821, 243, 230, 166, 108, 226, 169, 252, 246, 35975, 226, 31619, 224, 112, 168, 244, 112, 220, 166, 115, 116, 166, 108, 222, 23821, 251, 120, 168, 250, 120, 168, 120, 250, 31619, 111, 112, 167, 254, 97, 167, 232, 242, 23821, 251, 112, 167, 110, 230, 23821, 233, 116, 168, 249, 222, 35975, 112, 220, 166, 111, 120, 166, 109, 108, 23821, 244, 112, 167, 232, 238, 31619, 243, 234, 167, 111, 112, 46695, 97, 167, 237, 226, 23821, 244, 112, 167, 254, 113, 46695, 97, 167, 232, 242, 220, 166, 110, 225, 35975, 222, 23821, 243, 234, 166, 111, 254, 23821, 252, 230, 168, 245, 230, 46695, 97, 526, 198, 198, 19, 167, 110, 230, 25, 357, 168, 226, 254, 169, 225, 251, 168, 100, 222, 604, 167, 110, 230, 168, 245, 238, 31619, 234, 222, 47991, 250, 31619, 233, 113, 167, 111, 222, 8, 198, 12, 220, 166, 109, 108, 168, 100, 241, 13, 2343, 241, 239, 166, 108, 222, 220, 166, 109, 108, 168, 100, 241, 168, 250, 120, 167, 94, 250, 220, 169, 234, 238, 167, 103, 227, 167, 238, 246, 168, 245, 230, 46695, 97, 167, 232, 242, 23821, 244, 116, 166, 116, 231, 35975, 222, 23821, 245, 228, 46695, 97, 13, 198, 12, 220, 166, 115, 120, 166, 109, 108, 25, 366, 169, 245, 230, 167, 103, 227, 167, 239, 238, 23821, 242, 101, 166, 108, 222, 220, 166, 112, 222, 168, 110, 255, 35975, 226, 31619, 241, 97, 167, 251, 121, 166, 109, 108, 167, 99, 105, 166, 111, 254, 23821, 243, 120, 166, 116, 230, 168, 243, 120, 166, 116, 230, 23821, 100, 239, 167, 241, 97, 35975, 226, 23821, 8955, 167, 239, 238, 166, 110, 234, 31619, 238, 250, 220, 166, 110, 225, 35975, 112, 23821, 251, 112, 31619, 243, 234, 167, 105, 116, 35975, 112, 168, 245, 230, 46695, 97, 1, 167, 251, 120, 167, 232, 242, 31619, 105, 116, 168, 252, 98, 168, 250, 120, 167, 94, 250, 31619, 111, 112, 168, 243, 226, 2343, 241, 239, 7, 168, 228, 234, 167, 105, 116, 8, 35975, 222, 23821, 8955, 168, 233, 97, 35975, 112, 168, 245, 230, 46695, 97, 13, 198, 198, 20, 167, 110, 230, 25, 357, 168, 226, 254, 169, 225, 251, 168, 100, 222, 642, 167, 110, 230, 168, 245, 238, 31619, 234, 222, 47991, 250, 31619, 233, 113, 167, 111, 222, 8, 198, 12, 23821, 108, 116, 13, 2343, 241, 238, 167, 232, 242, 23821, 246, 101, 23821, 242, 101, 166, 108, 222, 2343, 241, 239, 7, 168, 228, 234, 167, 105, 116, 8, 166, 111, 120, 220, 166, 112, 222, 167, 254, 101, 47991, 112, 220, 169, 245, 230, 167, 103, 227, 167, 239, 238, 167, 98, 120, 23821, 108, 122, 168, 243, 226, 166, 108, 222, 220, 169, 247, 243, 35975, 116, 47991, 250, 31619, 224, 112, 168, 248, 102, 35975, 226, 31619, 108, 242, 169, 225, 243, 168, 250, 120, 167, 94, 250, 220, 169, 235, 120, 167, 250, 101, 167, 99, 108, 23821, 251, 112, 168, 243, 120, 166, 116, 108, 35975, 112, 46695, 97, 13, 198, 12, 220, 166, 115, 120, 166, 109, 108, 25, 366, 169, 245, 230, 167, 103, 227, 167, 239, 238, 23821, 242, 101, 166, 108, 222, 220, 166, 112, 222, 168, 110, 255, 35975, 226, 31619, 241, 97, 167, 251, 121, 166, 109, 108, 167, 99, 105, 166, 111, 254, 23821, 243, 120, 166, 116, 230, 168, 243, 120, 166, 116, 230, 23821, 100, 239, 167, 241, 97, 35975, 226, 23821, 8955, 167, 239, 238, 166, 110, 234, 31619, 238, 250, 220, 166, 110, 225, 35975, 112, 23821, 251, 112, 31619, 243, 234, 167, 105, 116, 35975, 112, 168, 245, 230, 46695, 97, 13, 220, 166, 115, 116, 167, 253, 105, 46695, 97, 166, 108, 222, 220, 166, 115, 116, 167, 232, 242, 2343, 241, 239, 58, 168, 228, 234, 167, 105, 116, 60, 35975, 226, 31619, 241, 96, 166, 111, 254, 23821, 108, 122, 168, 243, 226, 168, 246, 101, 23821, 246, 101, 23821, 242, 101, 168, 247, 222, 31619, 100, 234, 167, 224, 246, 23821, 244, 116, 168, 253, 223, 35975, 226, 31619, 110, 234, 35975, 112, 166, 110, 234, 31619, 238, 246, 168, 245, 230, 167, 235, 246, 220, 166, 110, 225, 35975, 112, 168, 100, 222, 167, 100, 234, 1, 1220, 366, 168, 246, 101, 23821, 242, 101, 166, 108, 222, 31619, 100, 234, 167, 224, 246, 167, 232, 242, 23821, 8955, 167, 252, 234, 168, 245, 238, 166, 110, 234, 167, 100, 230, 46695, 97, 2343, 241, 238, 58, 35975, 112, 168, 243, 120, 166, 116, 108, 60, 167, 98, 120, 220, 169, 235, 120, 167, 250, 101, 167, 254, 116, 166, 116, 108, 31619, 243, 234, 167, 105, 116, 35975, 112, 168, 245, 230, 46695, 97, 526, 198, 198, 168, 113, 250, 168, 95, 227, 23821, 254, 243, 46695, 113, 25, 642, 167, 110, 230]","[0.5, 0.5, 0.5, 0.5, 0.5, 0.5, 0.5, 0.5, 0.5, 0.5, 0.5, 0.5, 0.5, 0.5, 0.5, 0.5, 0.5, 0.5, 0.5, 0.5, 0.5, 0.5, 0.5, 0.5, 0.5, 0.5, 0.5, 0.5, 0.5, 0.5, 0.5, 0.5, 0.5, 0.5, 0.5, 0.5, 0.5, 0.5, 0.5, 0.5, 0.5, 0.5, 0.5, 0.5, 0.5, 0.5, 0.5, 0.5, 0.5, 0.5, 0.5, 0.5, 0.5, 0.5, 0.5, 0.5, 0.5, 0.5, 0.5, 0.5, 0.5, 0.5, 0.5, 0.5, 0.5, 0.5, 0.5, 0.5, 0.5, 0.5, 0.5, 0.5, 0.5, 0.5, 0.5, 0.5, 0.5, 0.5, 0.5, 0.5, 0.5, 0.5, 0.5, 0.5, 0.5, 0.5, 0.5, 0.5, 0.5, 0.5, 0.5, 0.5, 0.5, 0.5, 0.5, 0.5, 0.5, 0.5, 0.5, 0.5, 0.5, 0.5, 0.5, 0.5, 0.5, 0.5, 0.5, 0.5, 0.5, 0.5, 0.5, 0.5, 0.5, 0.5, 0.5, 0.5, 0.5, 0.5, 0.5, 0.5, 0.5, 0.5, 0.5, 0.5, 0.5, 0.5, 0.5, 0.5, 0.5, 0.5, 0.5, 0.5, 0.5, 0.5, 0.5, 0.5, 0.5, 0.5, 0.5, 0.5, 0.5, 0.5, 0.5, 0.5, 0.5, 0.5, 0.5, 0.5, 0.5, 0.5, 0.5, 0.5, 0.5, 0.5, 0.5, 0.5, 0.5, 0.5, 0.5, 0.5, 0.5, 0.5, 0.5, 0.5, 0.5, 0.5, 0.5, 0.5, 0.5, 0.5, 0.5, 0.5, 0.5, 0.5, 0.5, 0.5, 0.5, 0.5, 0.5, 0.5, 0.5, 0.5, 0.5, 0.5, 0.5, 0.5, 0.5, 0.5, 0.5, 0.5, 0.5, 0.5, 0.5, 0.5, 0.5, 0.5, 0.5, 0.5, 0.5, 0.5, 0.5, 0.5, 0.5, 0.5, 0.5, 0.5, 0.5, 0.5, 0.5, 0.5, 0.5, 0.5, 0.5, 0.5, 0.5, 0.5, 0.5, 0.5, 0.5, 0.5, 0.5, 0.5, 0.5, 0.5, 0.5, 0.5, 0.5, 0.5, 0.5, 0.5, 0.5, 0.5, 0.5, 0.5, 0.5, 0.5, 0.5, 0.5, 0.5, 0.5, 0.5, 0.5, 0.5, 0.5, 0.5, 0.5, 0.5, 0.5, 0.5, 0.5, 0.5, 0.5, 0.5, 0.5, 0.5, 0.5, 0.5, 0.5, 0.5, 0.5, 0.5, 0.5, 0.5, 0.5, 0.5, 0.5, 0.5, 0.5, 0.5, 0.5, 0.5, 0.5, 0.5, 0.5, 0.5, 0.5, 0.5, 0.5, 0.5, 0.5, 0.5, 0.5, 0.5, 0.5, 0.5, 0.5, 0.5, 0.5, 0.5, 0.5, 0.5, 0.5, 0.5, 0.5, 0.5, 0.5, 0.5, 0.5, 0.5, 0.5, 0.5, 0.5, 0.5, 0.5, 0.5, 0.5, 0.5, 0.5, 0.5, 0.5, 0.5, 0.5, 0.5, 0.5, 0.5, 0.5, 0.5, 0.5, 0.5, 0.5, 0.5, 0.5, 0.5, 0.5, 0.5, 0.5, 0.5, 0.5, 0.5, 0.5, 0.5, 0.5, 0.5, 0.5, 0.5, 0.5, 0.5, 0.5, 0.5, 0.5, 0.5, 0.5, 0.5, 0.5, 0.5, 0.5, 0.5, 0.5, 0.5, 0.5, 0.5, 0.5, 0.5, 0.5, 0.5, 0.5, 0.5, 0.5, 0.5, 0.5, 0.5, 0.5, 0.5, 0.5, 0.5, 0.5, 0.5, 0.5, 0.5, 0.5, 0.5, 0.5, 0.5, 0.5, 0.5, 0.5, 0.5, 0.5, 0.5, 0.5, 0.5, 0.5, 0.5, 0.5, 0.5, 0.5, 0.5, 0.5, 0.5, 0.5, 0.5, 0.5, 0.5, 0.5, 0.5, 0.5, 0.5, 0.5, 0.5, 0.5, 0.5, 0.5, 0.5, 0.5, 0.5, 0.5, 0.5, 0.5, 0.5, 0.5, 0.5, 0.5, 0.5, 0.5, 0.5, 0.5, 0.5, 0.5, 0.5, 0.5, 0.5, 0.5, 0.5, 0.5, 0.5, 0.5, 0.5, 0.5, 0.5, 0.5, 0.5, 0.5, 0.5, 0.5, 0.5, 0.5, 0.5, 0.5, 0.5, 0.5, 0.5, 0.5, 0.5, 0.5, 0.5, 0.5, 0.5, 0.5, 0.5, 0.5, 0.5, 0.5, 0.5, 0.5, 0.5, 0.5, 0.5, 0.5, 0.5, 0.5, 0.5, 0.5, 0.5, 0.5, 0.5, 0.5, 0.5, 0.5, 0.5, 0.5, 0.5, 0.5, 0.5, 0.5, 0.5, 0.5, 0.5, 0.5, 0.5, 0.5, 0.5, 0.5, 0.5, 0.5, 0.5, 0.5, 0.5, 0.5, 0.5, 0.5, 0.5, 0.5, 0.5, 0.5, 0.5, 0.5, 0.5, 0.5, 0.5, 0.5, 0.5, 0.5, 0.5, 0.5, 0.5, 0.5, 0.5, 0.5, 0.5, 0.5, 0.5, 0.5, 0.5, 0.5, 0.5, 0.5, 0.5, 0.5, 0.5, 0.5, 0.5, 0.5, 0.5, 0.5, 0.5, 0.5, 0.5, 0.5, 0.5, 0.5, 0.5, 0.5, 0.5, 0.5, 0.5, 0.5, 0.5, 0.5, 0.5, 0.5, 0.5, 0.5, 0.5, 0.5, 0.5, 0.5, 0.5, 0.5, 0.5, 0.5, 0.5, 0.5, 0.5, 0.5, 0.5, 0.5, 0.5, 0.5, 0.5, 0.5, 0.5, 0.5, 0.5, 0.5, 0.5, 0.5, 0.5, 0.5, 0.5, 0.5, 0.5, 0.5, 0.5, 0.5, 0.5, 0.5, 0.5, 0.5, 0.5, 0.5, 0.5, 0.5, 0.5, 0.5, 0.5, 0.5, 0.5, 0.5, 0.5, 0.5, 0.5, 0.5, 0.5, 0.5, 0.5, 0.5, 0.5, 0.5, 0.5, 0.5, 0.5, 0.5, 0.5, 0.5, 0.5, 0.5, 0.5, 0.5, 0.5, 0.5, 0.5, 0.5, 0.5, 0.5, 0.5, 0.5, 0.5, 0.5, 0.5, 0.5, 0.5, 0.5, 0.5, 0.5, 0.5, 0.5, 0.5, 0.5, 0.5, 0.5, 0.5, 0.5, 0.5, 0.5, 0.5, 0.5, 0.5, 0.5, 0.5, 0.5, 0.5, 0.5, 0.5, 0.5, 0.5, 0.5, 0.5, 0.5, 0.5, 0.5, 0.5, 0.5, 0.5, 0.5, 0.5, 0.5, 0.5, 0.5, 0.5, 0.5, 0.5, 0.5, 0.5, 0.5, 0.5, 0.5, 0.5, 0.5, 0.5, 0.5, 0.5, 0.5, 0.5, 0.5, 0.5, 0.5, 0.5, 0.5, 0.5, 0.5, 0.5, 0.5, 0.5, 0.5, 0.5, 0.5, 0.5, 0.5, 0.5, 0.5, 0.5, 0.5, 0.5, 0.5, 0.5, 0.5, 0.5, 0.5, 0.5, 0.5, 0.5, 0.5, 0.5, 0.5, 0.5, 0.5, 0.5, 0.5, 0.5, 0.5, 0.5, 0.5, 0.5, 0.5, 0.5, 0.5, 0.5, 0.5, 0.5, 0.5, 0.5, 0.5, 0.5, 0.5, 0.5, 0.5, 0.5, 0.5, 0.5, 0.5, 0.5, 0.5, 0.5, 0.5, 0.5, 0.5, 0.5, 0.5, 0.5, 0.5, 0.5, 0.5, 0.5, 0.5, 0.5, 0.5, 0.5, 0.5, 0.5, 0.5, 0.5, 0.5, 0.5, 0.5, 0.5, 0.5, 0.5, 0.5, 0.5, 0.5, 0.5, 0.5, 0.5, 0.5, 0.5, 0.5, 0.5, 0.5, 0.5, 0.5, 0.5, 0.5, 0.5, 0.5, 0.5, 0.5, 0.5, 0.5, 0.5, 0.5, 0.5, 0.5, 0.5, 0.5, 0.5, 0.5, 0.5, 0.5, 0.5, 0.5, 0.5, 0.5, 0.5, 0.5, 0.5, 0.5, 0.5, 0.5, 0.5, 0.5, 0.5, 0.5, 0.5, 0.5, 0.5, 0.5, 0.5, 0.5, 0.5, 0.5, 0.5, 0.5, 0.5, 0.5, 0.5, 0.5, 0.5, 0.5, 0.5, 0.5, 0.5, 0.5, 0.5, 0.5, 0.5, 0.5, 0.5, 0.5, 0.5, 0.5, 0.5, 0.5, 0.5, 0.5, 0.5, 0.5, 0.5, 0.5, 0.5, 0.5, 0.5, 0.5, 0.5, 0.5, 0.5, 0.5, 0.5, 0.5, 0.5, 0.5, 0.5, 0.5, 0.5, 0.5, 0.5, 0.5, 0.5, 0.5, 0.5, 0.5, 0.5, 0.5, 0.5, 0.5, 0.5, 0.5, 0.5, 0.5, 0.5, 0.5, 0.5, 0.5, 0.5, 0.5, 0.5, 0.5, 0.5, 0.5, 0.5, 0.5, 0.5, 0.5, 0.5, 0.5, 0.5, 0.5, 0.5, 0.5, 0.5, 0.5, 0.5, 0.5, 0.5, 0.5, 0.5, 0.5, 0.5, 0.5, 0.5, 0.5, 0.5, 0.5, 0.5, 0.5, 0.5, 0.5, 0.5, 0.5, 0.5, 0.5, 0.5, 0.5, 0.5, 0.5, 0.5, 0.5, 0.5, 0.5, 0.5, 0.5, 0.5, 0.5, 0.5, 0.5, 0.5, 0.5, 0.5, 0.5, 0.5, 0.5, 0.5, 0.5, 0.5, 0.5, 0.5, 0.5, 0.5, 0.5, 0.5, 0.5, 0.5, 0.5, 0.5, 0.5, 0.5, 0.5, 0.5, 0.5, 0.5, 0.5, 0.5, 0.5, 0.5, 0.5, 0.5, 0.5, 0.5, 0.5, 0.5, 0.5, 0.5, 0.5, 0.5, 0.5, 0.5, 0.5, 0.5, 0.5, 0.5, 0.5, 0.5, 0.5, 0.5, 0.5, 0.5, 0.5, 0.5, 0.5, 0.5, 0.5, 0.5, 0.5, 0.5, 0.5, 0.5, 0.5, 0.5, 0.5, 0.5, 0.5, 0.5, 0.5, 0.5, 0.5, 0.5, 0.5, 0.5, 0.5, 0.5, 0.5, 0.5, 0.5, 0.5, 0.5, 0.5, 0.5, 0.5, 0.5, 0.5, 0.5, 0.5, 0.5, 0.5, 0.5, 0.5, 0.5, 0.5, 0.5, 0.5, 0.5, 0.5, 0.5, 0.5, 0.5, 0.5, 0.5, 0.5, 0.5, 0.5, 0.5, 0.5, 0.5, 0.5, 0.5, 0.5, 0.5, 0.5, 0.5, 0.5, 0.5, 0.5, 0.5, 0.5, 0.5, 0.5, 0.5, 0.5, 0.5, 0.5, 0.5, 0.5, 0.5, 0.5, 0.5, 0.5, 0.5, 0.5, 0.5, 0.5, 0.5, 0.5, 0.5, 0.5, 0.5, 0.5, 0.5, 0.5, 0.5, 0.5, 0.5, 0.5, 0.5, 0.5, 0.5, 0.5, 0.5, 0.5, 0.5, 0.5, 0.5, 0.5, 0.5, 0.5, 0.5, 0.5, 0.5, 0.5, 0.5, 0.5, 0.5, 0.5, 0.5, 0.5, 0.5, 0.5, 0.5, 0.5, 0.5, 0.5, 0.5, 0.5, 0.5, 0.5, 0.5, 0.5, 0.5, 0.5, 0.5, 0.5, 0.5, 0.5, 0.5, 0.5, 0.5, 0.5, 0.5, 0.5, 0.5, 0.5, 0.5, 0.5, 0.5, 0.5, 0.5, 0.5, 0.5, 0.5, 0.5, 0.5, 0.5, 0.5, 0.5, 0.5, 0.5, 0.5, 0.5, 0.5, 0.5, 0.5, 0.5, 0.5, 0.5, 0.5, 0.5, 0.5, 0.5, 0.5, 0.5, 0.5, 0.5, 0.5, 0.5, 0.5, 0.5, 0.5, 0.5, 0.5, 0.5, 0.5, 0.5, 0.5, 0.5, 0.5, 0.5, 0.5, 0.5, 0.5, 0.5, 0.5, 0.5, 0.5, 0.5, 0.5, 0.5, 0.5, 0.5, 0.5, 0.5, 0.5, 0.5, 0.5, 0.5, 0.5, 0.5, 0.5, 0.5, 0.5, 0.5, 0.5, 0.5, 0.5, 0.5, 0.5, 0.5, 0.5, 0.5, 0.5, 0.5, 0.5, 0.5, 0.5, 0.5, 0.5, 0.5, 0.5, 0.5, 0.5, 0.5, 0.5, 0.5, 0.5, 0.5, 0.5, 0.5, 0.5, 0.5, 0.5, 0.5, 0.5, 0.5, 0.5, 0.5, 0.5, 0.5, 0.5, 0.5, 0.5, 0.5, 0.5, 0.5, 0.5, 0.5, 0.5, 0.5, 0.5, 0.5, 0.5, 0.5, 0.5, 0.5, 0.5, 0.5, 0.5, 0.5, 0.5, 0.5, 0.5, 0.5, 0.5, 0.5, 0.5, 0.5, 0.5, 0.5, 0.5, 0.5, 0.5, 0.5, 0.5, 0.5, 0.5, 0.5, 0.5, 0.5, 0.5, 0.5, 0.5, 0.5, 0.5, 0.5, 0.5, 0.5, 0.5, 0.5, 0.5, 0.5, 0.5, 0.5, 0.5, 0.5, 0.5, 0.5, 0.5, 0.5, 0.5, 0.5, 0.5, 0.5, 0.5, 0.5, 0.5, 0.5, 0.5, 0.5, 0.5, 0.5, 0.5, 0.5, 0.5, 0.5, 0.5, 0.5, 0.5, 0.5, 0.5, 0.5, 0.5, 0.5, 0.5, 0.5, 0.5, 0.5, 0.5, 0.5, 0.5, 0.5, 0.5, 0.5, 0.5, 0.5, 0.5, 0.5, 0.5, 0.5, 0.5, 0.5, 0.5, 0.5, 0.5, 0.5, 0.5, 0.5, 0.5, 0.5, 0.5, 0.5, 0.5, 0.5, 0.5, 0.5, 0.5, 0.5, 0.5, 0.5, 0.5, 0.5, 0.5, 0.5, 0.5, 0.5, 0.5, 0.5, 0.5, 0.5, 0.5, 0.5, 0.5, 0.5, 0.5, 0.5, 0.5, 0.5, 0.5, 0.5, 0.5, 0.5, 0.5, 0.5, 0.5, 0.5, 0.5, 0.5, 0.5, 0.5, 0.5, 0.5, 0.5, 0.5, 0.5, 0.5, 0.5, 0.5, 0.5, 0.5, 0.5, 0.5, 0.5, 0.5, 0.5, 0.5, 0.5, 0.5, 0.5, 0.5, 0.5, 0.5, 0.5, 0.5, 0.5, 0.5, 0.5, 0.5, 0.5, 0.5, 0.5, 0.5, 0.5, 0.5, 0.5, 0.5, 0.5, 0.5, 0.5, 0.5, 0.5, 0.5, 0.5, 0.5, 0.5, 0.5, 0.5, 0.5, 0.5, 0.5, 0.5, 0.5, 0.5, 0.5, 0.5, 0.5, 0.5, 0.5, 0.5, 0.5, 0.5, 0.5, 0.5, 0.5, 0.5, 0.5, 0.5, 0.5, 0.5, 0.5, 0.5, 0.5, 0.5, 0.5, 0.5, 0.5, 0.5, 0.5, 0.5, 0.5, 0.5, 0.5, 0.5, 0.5, 0.5, 0.5, 0.5, 0.5, 0.5, 0.5, 0.5, 0.5, 0.5, 0.5, 0.5, 0.5, 0.5, 0.5, 0.5, 0.5, 0.5, 0.5, 0.5, 0.5, 0.5, 0.5, 0.5, 0.5, 0.5, 0.5, 0.5, 0.5, 0.5, 0.5, 0.5, 0.5, 0.5, 0.5, 0.5, 0.5, 0.5, 0.5, 0.5, 0.5, 0.5, 0.5, 0.5, 0.5, 0.5, 0.5, 0.5, 0.5, 0.5, 0.5, 0.5, 0.5, 0.5, 0.5, 0.5, 0.5, 0.5, 0.5, 0.5, 0.5, 0.5, 0.5, 0.5, 0.5, 0.5, 0.5, 0.5, 0.5, 0.5, 0.5, 0.5, 0.5, 0.5, 0.5, 0.5, 0.5, 0.5, 0.5, 0.5, 0.5, 0.5, 0.5, 0.5, 0.5, 0.5, 0.5, 0.5, 0.5, 0.5, 0.5, 0.5, 0.5, 0.5, 0.5, 0.5, 0.5, 0.5, 0.5, 0.5, 0.5, 0.5, 0.5, 0.5, 0.5, 0.5, 0.5, 0.5, 0.5, 0.5, 0.5, 0.5, 0.5, 0.5, 0.5, 0.5, 0.5, 0.5, 0.5, 0.5, 0.5, 0.5, 0.5, 0.5, 0.5, 0.5, 0.5, 0.5, 0.5, 0.5, 0.5, 0.5, 0.5, 0.5, 0.5, 0.5, 0.5, 0.5, 0.5, 0.5, 0.5, 0.5, 0.5, 0.5, 0.5, 0.5, 0.5, 0.5, 0.5, 0.5, 0.5, 0.5, 0.5, 0.5, 0.5, 0.5, 0.5, 0.5, 0.5, 0.5, 0.5, 0.5, 0.5, 0.5, 0.5, 0.5, 0.5, 0.5, 0.5, 0.5, 0.5, 0.5, 0.5, 0.5, 0.5, 0.5, 0.5, 0.5, 0.5, 0.5, 0.5, 0.5, 0.5, 0.5, 0.5, 0.5, 0.5, 0.5, 0.5, 0.5, 0.5, 0.5, 0.5, 0.5, 0.5, 0.5, 0.5, 0.5, 0.5, 0.5, 0.5, 0.5, 0.5, 0.5, 0.5, 0.5, 0.5, 0.5, 0.5, 0.5, 0.5, 0.5, 0.5, 0.5, 0.5, 0.5, 0.5, 0.5, 0.5, 0.5, 0.5, 0.5, 0.5, 0.5, 0.5, 0.5, 0.5, 0.5, 0.5, 0.5, 0.5, 0.5, 0.5, 0.5, 0.5, 0.5, 0.5, 0.5, 0.5, 0.5, 0.5, 0.5, 0.5, 0.5, 0.5, 0.5, 0.5, 0.5, 0.5, 0.5, 0.5, 0.5, 0.5, 0.5, 0.5, 0.5, 0.5, 0.5, 0.5, 0.5, 0.5, 0.5, 0.5, 0.5, 0.5, 0.5, 0.5, 0.5, 0.5, 0.5, 0.5, 0.5, 0.5, 0.5, 0.5, 0.5, 0.5, 0.5, 0.5, 0.5, 0.5, 0.5, 0.5, 0.5, 0.5, 0.5, 0.5, 0.5, 0.5, 0.5, 0.5, 0.5, 0.5, 0.5, 0.5, 0.5, 0.5, 0.5, 0.5, 0.5, 0.5, 0.5, 0.5, 0.5, 0.5, 0.5, 0.5, 0.5]",2
2026_11_KICE_27-30_2,['1(2)'],"1번: 적절함. ""아무도 거들떠보지 않던 심심산골, 불모의 황무지였던 이곳 독가촌 일대가 하루아침에 각광을 받는 지대로 둔갑이 되었기 때문에 생긴 일이었다. 특히 독가촌은 오늘의 달라진 인문지리의 환경으로 따져 보았을 적에 고속도로와 접속이 되게 될 교통 요충지가 되었을 뿐 아니라 관광지로서의 좋은 조건을 모두 구비하고 있다는 것이었다.""

2번: 부적절함. 허명두는 지목 변경 후 집들을 사들이고 있지만, 기득권은 아직 부여되지 않은 상태이다. ""행정 당국은 지목(地目) 변경은 해 두었지만 서류상으로는 그 모든 가옥들이 무허가 주택이나 다름없었으며, 따라서 집들의 매매는 권리금에 다름이 아니었다. 물론 불하를 내게 될 적에는 이미 지어진 집 임자에게 기득권을 부여하게 될 터이었다.""

3번: 부적절함. 지문에는 농사에 대한 언급이 없으며, 오히려 ""농촌 부락으로서는 어느 정도 자립할 수 있는 터전도 굳혀 놓은 게 사실""이라고 되어 있다.

4번: 부적절함. 온 씨는 오히려 관광지 개발을 반대하며 기존의 마을을 지키려는 입장이다. ""이 마을을 지켜야 한다는 것이 틀린 말일 수는 없는 것이었다.""

5번: 부적절함. 마을 사람들이 피땀 흘린 것은 관광지를 만들기 위해서가 아니라 농촌 부락으로서의 터전을 마련하기 위해서였다. ""두메산골이었던 곳을 피땀 흘려 오늘의 독가촌으로 개척해 온 이곳 사람들""

최종 정답: 1번","[16, 167, 110, 230, 25, 23821, 254, 223, 168, 254, 230, 47991, 101, 13, 366, 168, 243, 226, 167, 105, 112, 167, 237, 226, 220, 166, 109, 108, 167, 241, 97, 167, 244, 254, 167, 111, 112, 168, 100, 222, 23821, 243, 232, 167, 235, 246, 23821, 233, 105, 168, 233, 105, 168, 224, 108, 166, 111, 101, 11, 31619, 114, 230, 167, 103, 101, 35975, 246, 220, 169, 247, 102, 167, 105, 112, 168, 100, 222, 168, 246, 222, 167, 235, 246, 23821, 251, 112, 166, 111, 111, 31619, 237, 227, 166, 108, 222, 168, 112, 234, 23821, 251, 120, 167, 234, 222, 166, 108, 222, 220, 47991, 246, 167, 96, 101, 168, 243, 226, 168, 117, 101, 168, 245, 238, 220, 166, 108, 223, 166, 112, 239, 35975, 226, 31619, 108, 249, 167, 232, 242, 23821, 100, 222, 167, 234, 222, 167, 94, 250, 31619, 239, 242, 166, 108, 239, 35975, 112, 31619, 238, 246, 168, 245, 230, 166, 116, 108, 31619, 243, 234, 167, 105, 116, 168, 245, 238, 23821, 225, 251, 166, 116, 112, 23821, 251, 120, 35975, 112, 168, 245, 230, 46695, 97, 13, 220, 169, 232, 117, 169, 252, 230, 31619, 237, 227, 166, 108, 222, 168, 112, 234, 35975, 222, 23821, 246, 97, 167, 232, 246, 35975, 246, 31619, 233, 105, 167, 251, 120, 168, 100, 226, 23821, 251, 116, 167, 105, 116, 168, 100, 222, 167, 99, 105, 35975, 246, 220, 169, 247, 246, 166, 110, 121, 168, 250, 120, 167, 94, 250, 31619, 242, 108, 168, 254, 116, 31619, 111, 112, 168, 243, 246, 35975, 226, 23821, 254, 223, 168, 245, 238, 220, 166, 111, 254, 168, 228, 235, 167, 237, 226, 167, 94, 250, 168, 247, 222, 23821, 254, 239, 168, 228, 235, 35975, 112, 31619, 238, 246, 166, 110, 234, 31619, 238, 254, 220, 166, 113, 238, 169, 228, 113, 23821, 248, 242, 168, 114, 102, 168, 100, 222, 166, 108, 222, 31619, 238, 246, 168, 245, 230, 35975, 226, 31619, 123, 238, 23821, 243, 226, 46695, 230, 167, 251, 120, 220, 166, 112, 222, 166, 112, 239, 168, 100, 222, 167, 94, 250, 168, 226, 250, 35975, 246, 23821, 95, 233, 35975, 222, 23821, 94, 108, 166, 109, 112, 35975, 226, 31619, 103, 101, 167, 239, 238, 220, 166, 113, 105, 167, 117, 226, 47991, 246, 166, 111, 254, 23821, 252, 230, 46695, 97, 167, 232, 242, 220, 166, 110, 225, 35975, 112, 168, 245, 230, 46695, 97, 526, 198, 198, 17, 167, 110, 230, 25, 31619, 114, 222, 168, 254, 223, 168, 254, 230, 47991, 101, 13, 220, 169, 245, 230, 167, 103, 227, 167, 239, 238, 167, 232, 242, 23821, 100, 222, 167, 103, 102, 31619, 111, 222, 166, 110, 121, 220, 169, 249, 226, 23821, 100, 239, 167, 241, 97, 35975, 226, 23821, 8955, 167, 241, 97, 35975, 112, 166, 111, 254, 23821, 252, 230, 168, 100, 222, 167, 100, 234, 11, 220, 166, 116, 108, 167, 241, 251, 166, 114, 234, 35975, 222, 23821, 243, 226, 168, 100, 223, 31619, 114, 222, 168, 245, 105, 167, 238, 246, 168, 100, 222, 23821, 243, 232, 35975, 222, 23821, 225, 223, 169, 225, 250, 35975, 112, 46695, 97, 13, 366, 169, 244, 231, 168, 254, 243, 31619, 233, 117, 166, 113, 255, 35975, 222, 23821, 100, 222, 167, 103, 102, 7, 28839, 108, 33566, 106, 8, 31619, 111, 222, 166, 110, 121, 35975, 222, 220, 47991, 112, 31619, 239, 238, 168, 245, 230, 168, 100, 222, 167, 100, 234, 23821, 226, 250, 167, 98, 246, 168, 225, 223, 168, 250, 120, 167, 94, 250, 167, 232, 242, 220, 166, 115, 116, 31619, 103, 101, 167, 241, 254, 220, 166, 108, 222, 168, 246, 98, 167, 241, 97, 35975, 112, 31619, 105, 112, 169, 245, 230, 166, 108, 222, 23821, 96, 120, 169, 225, 251, 35975, 112, 167, 224, 246, 31619, 233, 97, 167, 99, 226, 168, 245, 228, 168, 245, 230, 168, 250, 120, 167, 102, 108, 11, 31619, 242, 108, 167, 251, 120, 168, 226, 250, 23821, 100, 239, 167, 241, 97, 35975, 246, 31619, 100, 97, 167, 100, 97, 167, 232, 242, 220, 166, 114, 234, 167, 99, 105, 166, 116, 230, 168, 245, 238, 31619, 233, 97, 167, 99, 226, 35975, 112, 23821, 243, 226, 46695, 230, 168, 245, 230, 46695, 97, 13, 31619, 45539, 167, 94, 254, 31619, 114, 230, 47991, 246, 167, 98, 120, 31619, 224, 112, 166, 110, 234, 31619, 238, 254, 23821, 254, 223, 168, 245, 238, 167, 232, 242, 23821, 251, 112, 167, 107, 116, 23821, 100, 222, 168, 244, 112, 168, 100, 226, 23821, 100, 239, 23821, 252, 226, 168, 252, 238, 168, 245, 238, 166, 110, 234, 220, 166, 116, 108, 167, 241, 251, 166, 114, 234, 35975, 226, 31619, 114, 222, 168, 245, 105, 47991, 246, 166, 110, 234, 31619, 238, 254, 220, 169, 226, 108, 35975, 112, 168, 245, 230, 46695, 97, 526, 198, 198, 18, 167, 110, 230, 25, 31619, 114, 222, 168, 254, 223, 168, 254, 230, 47991, 101, 13, 23821, 100, 222, 167, 105, 116, 168, 245, 238, 167, 232, 242, 31619, 228, 235, 168, 8955, 168, 245, 238, 31619, 234, 222, 47991, 250, 23821, 244, 116, 166, 116, 231, 35975, 112, 23821, 245, 228, 168, 250, 120, 167, 102, 108, 11, 23821, 246, 97, 169, 252, 230, 167, 254, 97, 366, 167, 228, 235, 168, 112, 234, 31619, 114, 222, 167, 251, 121, 168, 250, 120, 167, 94, 250, 168, 226, 250, 167, 232, 242, 23821, 244, 112, 167, 232, 238, 23821, 254, 243, 167, 237, 226, 23821, 252, 238, 167, 99, 121, 47991, 254, 23821, 230, 246, 23821, 252, 230, 167, 232, 242, 220, 169, 226, 108, 168, 254, 226, 167, 237, 226, 220, 166, 113, 111, 169, 246, 222, 31619, 228, 241, 35975, 222, 220, 166, 110, 234, 23821, 8955, 168, 233, 97, 1, 35975, 112, 167, 251, 120, 166, 111, 254, 31619, 238, 246, 168, 244, 112, 23821, 252, 230, 46695, 97, 13, 198, 198, 19, 167, 110, 230, 25, 31619, 114, 222, 168, 254, 223, 168, 254, 230, 47991, 101, 13, 23821, 246, 101, 23821, 242, 101, 167, 232, 242, 23821, 246, 97, 169, 252, 230, 167, 254, 97, 220, 166, 112, 222, 166, 112, 239, 168, 100, 222, 220, 166, 108, 250, 167, 108, 250, 35975, 226, 31619, 108, 246, 167, 234, 222, 47991, 246, 167, 102, 108, 220, 166, 116, 108, 168, 94, 112, 35975, 246, 31619, 100, 230, 35975, 226, 35975, 226, 23821, 100, 222, 169, 224, 97, 167, 254, 97, 167, 232, 242, 23821, 252, 227, 168, 252, 98, 35975, 112, 46695, 97, 13, 366, 35975, 112, 31619, 100, 230, 35975, 226, 35975, 226, 23821, 100, 222, 168, 120, 250, 168, 243, 120, 220, 47991, 250, 46695, 97, 167, 232, 242, 220, 166, 110, 225, 35975, 112, 220, 169, 233, 222, 167, 99, 108, 31619, 100, 238, 35975, 120, 23821, 230, 246, 167, 232, 242, 23821, 245, 228, 167, 232, 242, 220, 166, 110, 225, 35975, 112, 168, 245, 230, 46695, 97, 526, 198, 198, 20, 167, 110, 230, 25, 31619, 114, 222, 168, 254, 223, 168, 254, 230, 47991, 101, 13, 31619, 100, 230, 35975, 226, 23821, 8955, 167, 252, 234, 167, 241, 97, 35975, 112, 220, 169, 242, 120, 167, 243, 222, 220, 169, 251, 246, 167, 99, 108, 220, 166, 110, 225, 35975, 222, 220, 166, 112, 222, 166, 112, 239, 168, 100, 222, 167, 98, 120, 31619, 100, 234, 167, 241, 97, 166, 116, 108, 23821, 250, 226, 47991, 112, 168, 226, 250, 166, 108, 222, 23821, 243, 226, 46695, 230, 167, 251, 120, 31619, 228, 235, 168, 112, 234, 31619, 114, 222, 167, 251, 121, 168, 250, 120, 167, 94, 250, 168, 226, 250, 35975, 246, 220, 169, 226, 108, 168, 254, 226, 35975, 226, 31619, 100, 230, 167, 254, 101, 47991, 246, 166, 116, 108, 23821, 250, 226, 47991, 112, 168, 226, 250, 168, 246, 222, 46695, 97, 13, 366, 167, 239, 238, 167, 102, 242, 168, 224, 108, 166, 111, 101, 35975, 112, 168, 245, 230, 167, 235, 246, 220, 166, 111, 111, 35975, 226, 220, 169, 242, 120, 167, 243, 222, 220, 169, 251, 246, 167, 254, 97, 23821, 246, 97, 167, 232, 246, 35975, 246, 31619, 237, 227, 166, 108, 222, 168, 112, 234, 168, 250, 120, 167, 94, 250, 220, 166, 108, 250, 168, 110, 247, 47991, 112, 23821, 246, 101, 23821, 251, 112, 166, 111, 111, 23821, 8955, 167, 252, 234, 167, 241, 97, 1, 198, 198, 168, 113, 250, 168, 95, 227, 23821, 254, 243, 46695, 113, 25, 352, 167, 110, 230]","[0.5, 0.5, 0.5, 0.5, 0.5, 0.5, 0.5, 0.5, 0.5, 0.5, 0.5, 0.5, 0.5, 0.5, 0.5, 0.5, 0.5, 0.5, 0.5, 0.5, 0.5, 0.5, 0.5, 0.5, 0.5, 0.5, 0.5, 0.5, 0.5, 0.5, 0.5, 0.5, 0.5, 0.5, 0.5, 0.5, 0.5, 0.5, 0.5, 0.5, 0.5, 0.5, 0.5, 0.5, 0.5, 0.5, 0.5, 0.5, 0.5, 0.5, 0.5, 0.5, 0.5, 0.5, 0.5, 0.5, 0.5, 0.5, 0.5, 0.5, 0.5, 0.5, 0.5, 0.5, 0.5, 0.5, 0.5, 0.5, 0.5, 0.5, 0.5, 0.5, 0.5, 0.5, 0.5, 0.5, 0.5, 0.5, 0.5, 0.5, 0.5, 0.5, 0.5, 0.5, 0.5, 0.5, 0.5, 0.5, 0.5, 0.5, 0.5, 0.5, 0.5, 0.5, 0.5, 0.5, 0.5, 0.5, 0.5, 0.5, 0.5, 0.5, 0.5, 0.5, 0.5, 0.5, 0.5, 0.5, 0.5, 0.5, 0.5, 0.5, 0.5, 0.5, 0.5, 0.5, 0.5, 0.5, 0.5, 0.5, 0.5, 0.5, 0.5, 0.5, 0.5, 0.5, 0.5, 0.5, 0.5, 0.5, 0.5, 0.5, 0.5, 0.5, 0.5, 0.5, 0.5, 0.5, 0.5, 0.5, 0.5, 0.5, 0.5, 0.5, 0.5, 0.5, 0.5, 0.5, 0.5, 0.5, 0.5, 0.5, 0.5, 0.5, 0.5, 0.5, 0.5, 0.5, 0.5, 0.5, 0.5, 0.5, 0.5, 0.5, 0.5, 0.5, 0.5, 0.5, 0.5, 0.5, 0.5, 0.5, 0.5, 0.5, 0.5, 0.5, 0.5, 0.5, 0.5, 0.5, 0.5, 0.5, 0.5, 0.5, 0.5, 0.5, 0.5, 0.5, 0.5, 0.5, 0.5, 0.5, 0.5, 0.5, 0.5, 0.5, 0.5, 0.5, 0.5, 0.5, 0.5, 0.5, 0.5, 0.5, 0.5, 0.5, 0.5, 0.5, 0.5, 0.5, 0.5, 0.5, 0.5, 0.5, 0.5, 0.5, 0.5, 0.5, 0.5, 0.5, 0.5, 0.5, 0.5, 0.5, 0.5, 0.5, 0.5, 0.5, 0.5, 0.5, 0.5, 0.5, 0.5, 0.5, 0.5, 0.5, 0.5, 0.5, 0.5, 0.5, 0.5, 0.5, 0.5, 0.5, 0.5, 0.5, 0.5, 0.5, 0.5, 0.5, 0.5, 0.5, 0.5, 0.5, 0.5, 0.5, 0.5, 0.5, 0.5, 0.5, 0.5, 0.5, 0.5, 0.5, 0.5, 0.5, 0.5, 0.5, 0.5, 0.5, 0.5, 0.5, 0.5, 0.5, 0.5, 0.5, 0.5, 0.5, 0.5, 0.5, 0.5, 0.5, 0.5, 0.5, 0.5, 0.5, 0.5, 0.5, 0.5, 0.5, 0.5, 0.5, 0.5, 0.5, 0.5, 0.5, 0.5, 0.5, 0.5, 0.5, 0.5, 0.5, 0.5, 0.5, 0.5, 0.5, 0.5, 0.5, 0.5, 0.5, 0.5, 0.5, 0.5, 0.5, 0.5, 0.5, 0.5, 0.5, 0.5, 0.5, 0.5, 0.5, 0.5, 0.5, 0.5, 0.5, 0.5, 0.5, 0.5, 0.5, 0.5, 0.5, 0.5, 0.5, 0.5, 0.5, 0.5, 0.5, 0.5, 0.5, 0.5, 0.5, 0.5, 0.5, 0.5, 0.5, 0.5, 0.5, 0.5, 0.5, 0.5, 0.5, 0.5, 0.5, 0.5, 0.5, 0.5, 0.5, 0.5, 0.5, 0.5, 0.5, 0.5, 0.5, 0.5, 0.5, 0.5, 0.5, 0.5, 0.5, 0.5, 0.5, 0.5, 0.5, 0.5, 0.5, 0.5, 0.5, 0.5, 0.5, 0.5, 0.5, 0.5, 0.5, 0.5, 0.5, 0.5, 0.5, 0.5, 0.5, 0.5, 0.5, 0.5, 0.5, 0.5, 0.5, 0.5, 0.5, 0.5, 0.5, 0.5, 0.5, 0.5, 0.5, 0.5, 0.5, 0.5, 0.5, 0.5, 0.5, 0.5, 0.5, 0.5, 0.5, 0.5, 0.5, 0.5, 0.5, 0.5, 0.5, 0.5, 0.5, 0.5, 0.5, 0.5, 0.5, 0.5, 0.5, 0.5, 0.5, 0.5, 0.5, 0.5, 0.5, 0.5, 0.5, 0.5, 0.5, 0.5, 0.5, 0.5, 0.5, 0.5, 0.5, 0.5, 0.5, 0.5, 0.5, 0.5, 0.5, 0.5, 0.5, 0.5, 0.5, 0.5, 0.5, 0.5, 0.5, 0.5, 0.5, 0.5, 0.5, 0.5, 0.5, 0.5, 0.5, 0.5, 0.5, 0.5, 0.5, 0.5, 0.5, 0.5, 0.5, 0.5, 0.5, 0.5, 0.5, 0.5, 0.5, 0.5, 0.5, 0.5, 0.5, 0.5, 0.5, 0.5, 0.5, 0.5, 0.5, 0.5, 0.5, 0.5, 0.5, 0.5, 0.5, 0.5, 0.5, 0.5, 0.5, 0.5, 0.5, 0.5, 0.5, 0.5, 0.5, 0.5, 0.5, 0.5, 0.5, 0.5, 0.5, 0.5, 0.5, 0.5, 0.5, 0.5, 0.5, 0.5, 0.5, 0.5, 0.5, 0.5, 0.5, 0.5, 0.5, 0.5, 0.5, 0.5, 0.5, 0.5, 0.5, 0.5, 0.5, 0.5, 0.5, 0.5, 0.5, 0.5, 0.5, 0.5, 0.5, 0.5, 0.5, 0.5, 0.5, 0.5, 0.5, 0.5, 0.5, 0.5, 0.5, 0.5, 0.5, 0.5, 0.5, 0.5, 0.5, 0.5, 0.5, 0.5, 0.5, 0.5, 0.5, 0.5, 0.5, 0.5, 0.5, 0.5, 0.5, 0.5, 0.5, 0.5, 0.5, 0.5, 0.5, 0.5, 0.5, 0.5, 0.5, 0.5, 0.5, 0.5, 0.5, 0.5, 0.5, 0.5, 0.5, 0.5, 0.5, 0.5, 0.5, 0.5, 0.5, 0.5, 0.5, 0.5, 0.5, 0.5, 0.5, 0.5, 0.5, 0.5, 0.5, 0.5, 0.5, 0.5, 0.5, 0.5, 0.5, 0.5, 0.5, 0.5, 0.5, 0.5, 0.5, 0.5, 0.5, 0.5, 0.5, 0.5, 0.5, 0.5, 0.5, 0.5, 0.5, 0.5, 0.5, 0.5, 0.5, 0.5, 0.5, 0.5, 0.5, 0.5, 0.5, 0.5, 0.5, 0.5, 0.5, 0.5, 0.5, 0.5, 0.5, 0.5, 0.5, 0.5, 0.5, 0.5, 0.5, 0.5, 0.5, 0.5, 0.5, 0.5, 0.5, 0.5, 0.5, 0.5, 0.5, 0.5, 0.5, 0.5, 0.5, 0.5, 0.5, 0.5, 0.5, 0.5, 0.5, 0.5, 0.5, 0.5, 0.5, 0.5, 0.5, 0.5, 0.5, 0.5, 0.5, 0.5, 0.5, 0.5, 0.5, 0.5, 0.5, 0.5, 0.5, 0.5, 0.5, 0.5, 0.5, 0.5, 0.5, 0.5, 0.5, 0.5, 0.5, 0.5, 0.5, 0.5, 0.5, 0.5, 0.5, 0.5, 0.5, 0.5, 0.5, 0.5, 0.5, 0.5, 0.5, 0.5, 0.5, 0.5, 0.5, 0.5, 0.5, 0.5, 0.5, 0.5, 0.5, 0.5, 0.5, 0.5, 0.5, 0.5, 0.5, 0.5, 0.5, 0.5, 0.5, 0.5, 0.5, 0.5, 0.5, 0.5, 0.5, 0.5, 0.5, 0.5, 0.5, 0.5, 0.5, 0.5, 0.5, 0.5, 0.5, 0.5, 0.5, 0.5, 0.5, 0.5, 0.5, 0.5, 0.5, 0.5, 0.5, 0.5, 0.5, 0.5, 0.5, 0.5, 0.5, 0.5, 0.5, 0.5, 0.5, 0.5, 0.5, 0.5, 0.5, 0.5, 0.5, 0.5, 0.5, 0.5, 0.5, 0.5, 0.5, 0.5, 0.5, 0.5, 0.5, 0.5, 0.5, 0.5, 0.5, 0.5, 0.5, 0.5, 0.5, 0.5, 0.5, 0.5, 0.5, 0.5, 0.5, 0.5, 0.5, 0.5, 0.5, 0.5, 0.5, 0.5, 0.5, 0.5, 0.5, 0.5, 0.5, 0.5, 0.5, 0.5, 0.5, 0.5, 0.5, 0.5, 0.5, 0.5, 0.5, 0.5, 0.5, 0.5, 0.5, 0.5, 0.5, 0.5, 0.5, 0.5, 0.5, 0.5, 0.5, 0.5, 0.5, 0.5, 0.5, 0.5, 0.5, 0.5, 0.5, 0.5, 0.5, 0.5, 0.5, 0.5, 0.5, 0.5, 0.5, 0.5, 0.5, 0.5, 0.5, 0.5, 0.5, 0.5, 0.5, 0.5, 0.5, 0.5, 0.5, 0.5, 0.5, 0.5, 0.5, 0.5, 0.5, 0.5, 0.5, 0.5, 0.5, 0.5, 0.5, 0.5, 0.5, 0.5, 0.5, 0.5, 0.5, 0.5, 0.5, 0.5, 0.5, 0.5, 0.5, 0.5, 0.5, 0.5, 0.5, 0.5, 0.5, 0.5, 0.5, 0.5, 0.5, 0.5, 0.5, 0.5, 0.5, 0.5, 0.5, 0.5, 0.5, 0.5, 0.5, 0.5, 0.5, 0.5, 0.5, 0.5, 0.5, 0.5, 0.5, 0.5, 0.5, 0.5, 0.5, 0.5, 0.5, 0.5, 0.5, 0.5, 0.5, 0.5, 0.5, 0.5, 0.5, 0.5, 0.5, 0.5, 0.5, 0.5, 0.5, 0.5, 0.5, 0.5, 0.5, 0.5, 0.5, 0.5, 0.5, 0.5, 0.5, 0.5, 0.5, 0.5, 0.5, 0.5, 0.5, 0.5, 0.5, 0.5, 0.5, 0.5, 0.5, 0.5, 0.5, 0.5, 0.5, 0.5, 0.5, 0.5, 0.5, 0.5, 0.5, 0.5, 0.5, 0.5, 0.5, 0.5, 0.5, 0.5, 0.5, 0.5, 0.5, 0.5, 0.5, 0.5, 0.5, 0.5, 0.5, 0.5, 0.5, 0.5, 0.5, 0.5, 0.5, 0.5, 0.5, 0.5, 0.5, 0.5, 0.5, 0.5, 0.5, 0.5, 0.5, 0.5, 0.5, 0.5, 0.5, 0.5, 0.5, 0.5, 0.5, 0.5, 0.5, 0.5, 0.5, 0.5, 0.5, 0.5, 0.5, 0.5, 0.5, 0.5, 0.5, 0.5, 0.5, 0.5, 0.5, 0.5, 0.5, 0.5, 0.5, 0.5, 0.5, 0.5, 0.5, 0.5, 0.5, 0.5, 0.5, 0.5, 0.5, 0.5, 0.5, 0.5, 0.5, 0.5, 0.5, 0.5, 0.5, 0.5, 0.5, 0.5, 0.5, 0.5, 0.5, 0.5, 0.5, 0.5, 0.5, 0.5, 0.5, 0.5, 0.5, 0.5, 0.5, 0.5, 0.5, 0.5, 0.5, 0.5, 0.5, 0.5, 0.5, 0.5, 0.5, 0.5, 0.5, 0.5, 0.5, 0.5, 0.5, 0.5, 0.5, 0.5, 0.5, 0.5, 0.5, 0.5, 0.5, 0.5, 0.5, 0.5, 0.5, 0.5, 0.5, 0.5, 0.5, 0.5, 0.5, 0.5, 0.5, 0.5, 0.5, 0.5, 0.5, 0.5, 0.5, 0.5, 0.5, 0.5, 0.5, 0.5, 0.5, 0.5, 0.5, 0.5, 0.5, 0.5, 0.5, 0.5, 0.5, 0.5, 0.5, 0.5, 0.5, 0.5, 0.5, 0.5, 0.5, 0.5, 0.5, 0.5, 0.5, 0.5, 0.5, 0.5, 0.5, 0.5, 0.5, 0.5, 0.5, 0.5, 0.5, 0.5, 0.5, 0.5, 0.5, 0.5, 0.5, 0.5, 0.5, 0.5, 0.5, 0.5, 0.5, 0.5, 0.5, 0.5, 0.5, 0.5, 0.5, 0.5, 0.5, 0.5, 0.5, 0.5, 0.5, 0.5, 0.5, 0.5, 0.5, 0.5, 0.5, 0.5, 0.5, 0.5, 0.5, 0.5, 0.5, 0.5, 0.5, 0.5, 0.5, 0.5, 0.5, 0.5, 0.5, 0.5, 0.5, 0.5, 0.5, 0.5, 0.5, 0.5, 0.5, 0.5, 0.5, 0.5, 0.5, 0.5, 0.5, 0.5, 0.5, 0.5, 0.5, 0.5, 0.5, 0.5, 0.5, 0.5, 0.5, 0.5, 0.5, 0.5, 0.5, 0.5, 0.5, 0.5, 0.5, 0.5, 0.5, 0.5, 0.5, 0.5, 0.5, 0.5, 0.5, 0.5, 0.5, 0.5, 0.5, 0.5, 0.5, 0.5, 0.5, 0.5, 0.5, 0.5, 0.5, 0.5, 0.5, 0.5, 0.5, 0.5, 0.5, 0.5, 0.5, 0.5, 0.5, 0.5, 0.5, 0.5, 0.5, 0.5, 0.5, 0.5, 0.5, 0.5, 0.5, 0.5, 0.5, 0.5, 0.5, 0.5, 0.5, 0.5, 0.5, 0.5, 0.5, 0.5, 0.5, 0.5, 0.5, 0.5, 0.5, 0.5, 0.5, 0.5, 0.5, 0.5, 0.5, 0.5, 0.5, 0.5, 0.5, 0.5, 0.5, 0.5, 0.5, 0.5, 0.5, 0.5, 0.5, 0.5, 0.5, 0.5, 0.5, 0.5, 0.5, 0.5, 0.5, 0.5, 0.5, 0.5, 0.5, 0.5, 0.5, 0.5, 0.5, 0.5, 0.5, 0.5, 0.5, 0.5, 0.5, 0.5, 0.5, 0.5, 0.5, 0.5, 0.5, 0.5, 0.5, 0.5, 0.5, 0.5, 0.5, 0.5, 0.5, 0.5, 0.5, 0.5, 0.5, 0.5, 0.5, 0.5, 0.5, 0.5, 0.5, 0.5, 0.5, 0.5, 0.5, 0.5, 0.5, 0.5, 0.5, 0.5, 0.5, 0.5, 0.5, 0.5, 0.5, 0.5, 0.5, 0.5, 0.5, 0.5, 0.5, 0.5, 0.5, 0.5, 0.5, 0.5, 0.5, 0.5, 0.5, 0.5, 0.5, 0.5, 0.5, 0.5, 0.5, 0.5, 0.5, 0.5, 0.5, 0.5, 0.5, 0.5, 0.5, 0.5, 0.5, 0.5, 0.5, 0.5, 0.5, 0.5, 0.5, 0.5, 0.5, 0.5, 0.5, 0.5, 0.5, 0.5, 0.5, 0.5, 0.5, 0.5, 0.5, 0.5, 0.5, 0.5, 0.5, 0.5, 0.5, 0.5, 0.5, 0.5, 0.5, 0.5, 0.5, 0.5, 0.5, 0.5, 0.5, 0.5, 0.5, 0.5, 0.5, 0.5, 0.5, 0.5, 0.5, 0.5, 0.5, 0.5, 0.5, 0.5, 0.5, 0.5, 0.5, 0.5, 0.5, 0.5, 0.5, 0.5, 0.5]",2
2026_11_KICE_27-30_3,['3(3)'],"1번: 적절함. ""서로 말이 통하지 않는 두 종류의 인간군""이라는 표현은 허명두가 온 씨와의 대화에서 느낀 소통의 단절을 보여주며, 이는 ""나를 본 적이라도?"" ""많이 보았지요""라는 대화에서 드러나는 상호간의 오해와 대립을 반영한다.

2번: 부적절함. ㉡에서 허명두는 ""명분이나 사리의 옳음이란 것이 싸움에 무슨 필요가 있단 말인가""라고 말하며, 오히려 사리의 옳음을 무시하는 태도를 보인다. 이는 선택지에서 말하는 ""사리의 옳음이 싸움에서 이기는 데에 유용하지 않음""과는 다른 맥락이다.

3번: 적절함. ㉢은 독가촌 주민들의 입장에서 변화의 부정적 측면을 고려하면서도, 허명두의 시선에서는 이들을 이용하려는 의도가 담겨 있다. ""피땀 흘려 가꾼 땅이 도시의 온갖 잡것들이 논다니를 치는 관광지로 되려는 것을""이라는 표현에서 그의 왜곡된 시선이 드러난다.

4번: 적절함. ㉣에서 허명두는 ""명분보다는 실리를 추구해 오는 측이 항상 이겨 오고 있었던 게 아닌가""라고 말하며, 자신의 행동을 합리화하고 있다. 이는 ""대한청년단 시절의 일하며 화랑동지회의 체험들""을 회상하는 부분과 연결된다.

5번: 적절함. ㉤에서 허명두는 변화의 흐름을 인지하면서도 ""아직까지는 완전히 지나간 게 아니라는 데""에 집중하며 기존의 행동 방식을 고수하려 한다. 이는 ""온 씨가 찾아와서 자신에게 하였던 말을 그가 곰곰 생각해 보는 것""에서 드러나는 자기중심적 태도와 일치한다.

최종 정답: 2번","[16, 167, 110, 230, 25, 23821, 254, 223, 168, 254, 230, 47991, 101, 13, 366, 168, 226, 250, 167, 94, 250, 31619, 100, 238, 35975, 112, 220, 169, 228, 113, 47991, 246, 168, 100, 222, 23821, 243, 232, 167, 232, 242, 31619, 239, 238, 23821, 95, 227, 167, 98, 246, 35975, 246, 23821, 251, 116, 166, 108, 226, 166, 113, 108, 1, 35975, 112, 167, 251, 120, 167, 232, 242, 220, 169, 239, 250, 169, 246, 226, 35975, 222, 220, 169, 245, 230, 167, 103, 227, 167, 239, 238, 166, 108, 222, 23821, 246, 101, 23821, 242, 101, 168, 247, 222, 35975, 246, 31619, 234, 222, 169, 247, 242, 168, 245, 238, 168, 226, 250, 31619, 232, 238, 167, 224, 222, 23821, 228, 234, 169, 228, 113, 35975, 246, 31619, 233, 101, 168, 254, 230, 35975, 226, 31619, 111, 112, 168, 245, 105, 168, 96, 120, 167, 102, 108, 11, 23821, 251, 112, 167, 232, 242, 366, 167, 224, 246, 167, 98, 120, 31619, 111, 116, 23821, 254, 223, 35975, 112, 167, 251, 120, 167, 237, 226, 1701, 366, 167, 100, 236, 35975, 112, 31619, 111, 112, 168, 243, 246, 168, 100, 222, 168, 248, 242, 1, 167, 251, 120, 167, 232, 242, 31619, 234, 222, 169, 247, 242, 168, 245, 238, 168, 226, 250, 31619, 241, 250, 167, 253, 105, 167, 224, 246, 167, 232, 242, 23821, 225, 223, 169, 246, 116, 166, 108, 226, 35975, 246, 23821, 246, 97, 47991, 112, 168, 247, 222, 31619, 234, 222, 167, 99, 121, 35975, 226, 31619, 108, 246, 168, 246, 223, 47991, 250, 46695, 97, 13, 198, 198, 17, 167, 110, 230, 25, 31619, 114, 222, 168, 254, 223, 168, 254, 230, 47991, 101, 13, 220, 159, 231, 94, 168, 245, 238, 168, 226, 250, 220, 169, 245, 230, 167, 103, 227, 167, 239, 238, 167, 232, 242, 366, 167, 103, 227, 167, 114, 226, 35975, 112, 167, 224, 246, 23821, 8955, 167, 99, 105, 35975, 246, 23821, 246, 111, 35975, 234, 35975, 112, 167, 252, 222, 220, 166, 110, 225, 35975, 112, 23821, 233, 116, 168, 249, 222, 168, 245, 238, 31619, 105, 112, 168, 232, 101, 220, 47991, 226, 168, 248, 242, 166, 108, 222, 23821, 252, 230, 46695, 101, 31619, 100, 238, 35975, 116, 166, 108, 222, 1, 167, 251, 120, 166, 111, 254, 31619, 100, 238, 47991, 246, 167, 102, 108, 11, 23821, 246, 97, 169, 252, 230, 167, 254, 97, 23821, 8955, 167, 99, 105, 35975, 246, 23821, 246, 111, 35975, 234, 35975, 226, 31619, 105, 112, 168, 233, 250, 47991, 246, 167, 232, 242, 220, 169, 225, 250, 167, 237, 226, 167, 98, 120, 31619, 111, 112, 35975, 116, 46695, 97, 13, 23821, 251, 112, 167, 232, 242, 23821, 226, 254, 169, 225, 251, 168, 100, 222, 168, 245, 238, 168, 226, 250, 31619, 100, 238, 47991, 246, 167, 232, 242, 366, 168, 8955, 167, 99, 105, 35975, 246, 23821, 246, 111, 35975, 234, 35975, 112, 23821, 233, 116, 168, 249, 222, 168, 245, 238, 168, 226, 250, 23821, 251, 112, 166, 116, 108, 167, 232, 242, 31619, 235, 108, 168, 245, 238, 23821, 250, 254, 168, 248, 102, 47991, 246, 168, 100, 222, 23821, 243, 232, 35975, 234, 1, 166, 111, 120, 167, 232, 242, 31619, 233, 97, 167, 98, 116, 31619, 100, 98, 167, 251, 121, 35975, 112, 46695, 97, 13, 198, 198, 18, 167, 110, 230, 25, 23821, 254, 223, 168, 254, 230, 47991, 101, 13, 220, 159, 231, 95, 35975, 222, 31619, 237, 227, 166, 108, 222, 168, 112, 234, 23821, 96, 120, 167, 107, 120, 167, 241, 97, 35975, 246, 23821, 252, 227, 168, 252, 98, 168, 245, 238, 168, 226, 250, 31619, 111, 222, 169, 247, 242, 35975, 246, 31619, 114, 222, 168, 254, 243, 168, 254, 223, 23821, 116, 94, 167, 102, 112, 35975, 226, 220, 166, 111, 254, 167, 254, 97, 47991, 246, 167, 102, 112, 168, 226, 250, 167, 237, 226, 11, 220, 169, 245, 230, 167, 103, 227, 167, 239, 238, 35975, 246, 23821, 233, 250, 168, 226, 254, 168, 245, 238, 168, 226, 250, 167, 232, 242, 23821, 251, 112, 167, 241, 97, 35975, 226, 23821, 251, 112, 168, 248, 102, 47991, 246, 167, 254, 97, 167, 232, 242, 23821, 251, 246, 167, 237, 226, 166, 108, 222, 31619, 233, 112, 166, 110, 101, 23821, 252, 230, 46695, 97, 13, 366, 169, 242, 120, 167, 243, 222, 220, 169, 251, 246, 167, 254, 97, 220, 166, 108, 222, 166, 122, 120, 31619, 243, 227, 35975, 112, 31619, 237, 226, 168, 233, 250, 35975, 246, 23821, 246, 101, 166, 108, 244, 23821, 252, 94, 166, 110, 225, 167, 241, 97, 35975, 112, 31619, 227, 120, 46695, 97, 46695, 230, 167, 98, 120, 23821, 117, 246, 167, 232, 242, 220, 166, 112, 222, 166, 112, 239, 168, 100, 222, 167, 94, 250, 31619, 238, 246, 167, 254, 97, 167, 232, 242, 220, 166, 110, 225, 35975, 226, 1, 35975, 112, 167, 251, 120, 167, 232, 242, 220, 169, 239, 250, 169, 246, 226, 168, 245, 238, 168, 226, 250, 220, 166, 115, 116, 35975, 246, 23821, 247, 250, 166, 111, 94, 167, 238, 250, 23821, 233, 250, 168, 226, 254, 35975, 112, 31619, 241, 250, 167, 253, 105, 167, 224, 250, 46695, 97, 13, 198, 198, 19, 167, 110, 230, 25, 23821, 254, 223, 168, 254, 230, 47991, 101, 13, 220, 159, 231, 96, 168, 245, 238, 168, 226, 250, 220, 169, 245, 230, 167, 103, 227, 167, 239, 238, 167, 232, 242, 366, 167, 103, 227, 167, 114, 226, 167, 111, 112, 46695, 97, 167, 232, 242, 23821, 233, 97, 167, 99, 105, 167, 98, 120, 23821, 114, 242, 166, 113, 105, 47991, 112, 23821, 246, 97, 167, 232, 242, 23821, 116, 94, 35975, 112, 220, 47991, 255, 168, 225, 223, 23821, 251, 112, 166, 110, 101, 23821, 246, 97, 166, 111, 254, 23821, 252, 230, 168, 245, 230, 167, 235, 246, 220, 166, 110, 234, 23821, 243, 226, 46695, 234, 166, 108, 222, 1, 167, 251, 120, 166, 111, 254, 31619, 100, 238, 47991, 246, 167, 102, 108, 11, 23821, 252, 238, 168, 233, 254, 35975, 246, 220, 169, 244, 231, 167, 237, 247, 35975, 226, 220, 47991, 102, 167, 99, 105, 169, 247, 242, 47991, 246, 166, 111, 254, 23821, 252, 230, 46695, 97, 13, 23821, 251, 112, 167, 232, 242, 366, 167, 234, 222, 47991, 250, 168, 110, 255, 167, 227, 226, 46695, 101, 23821, 233, 250, 168, 254, 230, 35975, 246, 23821, 251, 120, 47991, 246, 167, 102, 108, 220, 169, 247, 242, 167, 252, 239, 167, 237, 247, 168, 100, 222, 169, 248, 234, 35975, 246, 23821, 110, 112, 169, 245, 246, 167, 241, 97, 1, 35975, 226, 220, 169, 248, 234, 168, 225, 223, 47991, 246, 167, 232, 242, 31619, 114, 222, 167, 114, 226, 166, 111, 120, 23821, 245, 108, 166, 110, 108, 167, 238, 250, 46695, 97, 13, 198, 198, 20, 167, 110, 230, 25, 23821, 254, 223, 168, 254, 230, 47991, 101, 13, 220, 159, 231, 97, 168, 245, 238, 168, 226, 250, 220, 169, 245, 230, 167, 103, 227, 167, 239, 238, 167, 232, 242, 31619, 111, 222, 169, 247, 242, 35975, 246, 220, 169, 251, 238, 167, 99, 226, 35975, 226, 23821, 251, 116, 168, 100, 222, 47991, 246, 167, 102, 112, 168, 226, 250, 167, 237, 226, 366, 168, 243, 226, 168, 100, 223, 166, 117, 234, 168, 100, 222, 167, 232, 242, 23821, 247, 226, 168, 254, 226, 169, 252, 230, 23821, 100, 222, 167, 224, 246, 166, 108, 226, 220, 166, 110, 234, 23821, 243, 226, 46695, 230, 167, 251, 120, 167, 232, 242, 31619, 235, 108, 1, 168, 245, 238, 23821, 100, 239, 168, 97, 239, 47991, 246, 167, 102, 108, 220, 166, 116, 108, 168, 94, 112, 35975, 246, 220, 169, 244, 231, 167, 237, 247, 31619, 108, 102, 168, 233, 251, 35975, 226, 220, 166, 111, 254, 168, 230, 246, 47991, 246, 167, 254, 97, 220, 47991, 250, 46695, 97, 13, 23821, 251, 112, 167, 232, 242, 366, 168, 246, 101, 23821, 242, 101, 166, 108, 222, 23821, 108, 122, 168, 243, 226, 168, 247, 222, 168, 226, 250, 23821, 252, 238, 168, 233, 254, 168, 245, 238, 166, 110, 234, 220, 47991, 246, 168, 246, 222, 167, 235, 246, 31619, 100, 238, 35975, 226, 220, 166, 115, 116, 166, 108, 222, 220, 166, 111, 108, 166, 111, 108, 23821, 225, 251, 166, 108, 223, 47991, 112, 31619, 111, 112, 167, 232, 242, 220, 166, 110, 225, 1, 168, 245, 238, 168, 226, 250, 31619, 241, 250, 167, 253, 105, 167, 224, 246, 167, 232, 242, 23821, 252, 238, 166, 116, 108, 168, 97, 239, 168, 233, 105, 168, 254, 223, 220, 169, 225, 250, 167, 237, 226, 168, 247, 222, 23821, 251, 120, 168, 117, 246, 47991, 250, 46695, 97, 13, 198, 198, 168, 113, 250, 168, 95, 227, 23821, 254, 243, 46695, 113, 25, 362, 167, 110, 230]","[0.5, 0.5, 0.5, 0.5, 0.5, 0.5, 0.5, 0.5, 0.5, 0.5, 0.5, 0.5, 0.5, 0.5, 0.5, 0.5, 0.5, 0.5, 0.5, 0.5, 0.5, 0.5, 0.5, 0.5, 0.5, 0.5, 0.5, 0.5, 0.5, 0.5, 0.5, 0.5, 0.5, 0.5, 0.5, 0.5, 0.5, 0.5, 0.5, 0.5, 0.5, 0.5, 0.5, 0.5, 0.5, 0.5, 0.5, 0.5, 0.5, 0.5, 0.5, 0.5, 0.5, 0.5, 0.5, 0.5, 0.5, 0.5, 0.5, 0.5, 0.5, 0.5, 0.5, 0.5, 0.5, 0.5, 0.5, 0.5, 0.5, 0.5, 0.5, 0.5, 0.5, 0.5, 0.5, 0.5, 0.5, 0.5, 0.5, 0.5, 0.5, 0.5, 0.5, 0.5, 0.5, 0.5, 0.5, 0.5, 0.5, 0.5, 0.5, 0.5, 0.5, 0.5, 0.5, 0.5, 0.5, 0.5, 0.5, 0.5, 0.5, 0.5, 0.5, 0.5, 0.5, 0.5, 0.5, 0.5, 0.5, 0.5, 0.5, 0.5, 0.5, 0.5, 0.5, 0.5, 0.5, 0.5, 0.5, 0.5, 0.5, 0.5, 0.5, 0.5, 0.5, 0.5, 0.5, 0.5, 0.5, 0.5, 0.5, 0.5, 0.5, 0.5, 0.5, 0.5, 0.5, 0.5, 0.5, 0.5, 0.5, 0.5, 0.5, 0.5, 0.5, 0.5, 0.5, 0.5, 0.5, 0.5, 0.5, 0.5, 0.5, 0.5, 0.5, 0.5, 0.5, 0.5, 0.5, 0.5, 0.5, 0.5, 0.5, 0.5, 0.5, 0.5, 0.5, 0.5, 0.5, 0.5, 0.5, 0.5, 0.5, 0.5, 0.5, 0.5, 0.5, 0.5, 0.5, 0.5, 0.5, 0.5, 0.5, 0.5, 0.5, 0.5, 0.5, 0.5, 0.5, 0.5, 0.5, 0.5, 0.5, 0.5, 0.5, 0.5, 0.5, 0.5, 0.5, 0.5, 0.5, 0.5, 0.5, 0.5, 0.5, 0.5, 0.5, 0.5, 0.5, 0.5, 0.5, 0.5, 0.5, 0.5, 0.5, 0.5, 0.5, 0.5, 0.5, 0.5, 0.5, 0.5, 0.5, 0.5, 0.5, 0.5, 0.5, 0.5, 0.5, 0.5, 0.5, 0.5, 0.5, 0.5, 0.5, 0.5, 0.5, 0.5, 0.5, 0.5, 0.5, 0.5, 0.5, 0.5, 0.5, 0.5, 0.5, 0.5, 0.5, 0.5, 0.5, 0.5, 0.5, 0.5, 0.5, 0.5, 0.5, 0.5, 0.5, 0.5, 0.5, 0.5, 0.5, 0.5, 0.5, 0.5, 0.5, 0.5, 0.5, 0.5, 0.5, 0.5, 0.5, 0.5, 0.5, 0.5, 0.5, 0.5, 0.5, 0.5, 0.5, 0.5, 0.5, 0.5, 0.5, 0.5, 0.5, 0.5, 0.5, 0.5, 0.5, 0.5, 0.5, 0.5, 0.5, 0.5, 0.5, 0.5, 0.5, 0.5, 0.5, 0.5, 0.5, 0.5, 0.5, 0.5, 0.5, 0.5, 0.5, 0.5, 0.5, 0.5, 0.5, 0.5, 0.5, 0.5, 0.5, 0.5, 0.5, 0.5, 0.5, 0.5, 0.5, 0.5, 0.5, 0.5, 0.5, 0.5, 0.5, 0.5, 0.5, 0.5, 0.5, 0.5, 0.5, 0.5, 0.5, 0.5, 0.5, 0.5, 0.5, 0.5, 0.5, 0.5, 0.5, 0.5, 0.5, 0.5, 0.5, 0.5, 0.5, 0.5, 0.5, 0.5, 0.5, 0.5, 0.5, 0.5, 0.5, 0.5, 0.5, 0.5, 0.5, 0.5, 0.5, 0.5, 0.5, 0.5, 0.5, 0.5, 0.5, 0.5, 0.5, 0.5, 0.5, 0.5, 0.5, 0.5, 0.5, 0.5, 0.5, 0.5, 0.5, 0.5, 0.5, 0.5, 0.5, 0.5, 0.5, 0.5, 0.5, 0.5, 0.5, 0.5, 0.5, 0.5, 0.5, 0.5, 0.5, 0.5, 0.5, 0.5, 0.5, 0.5, 0.5, 0.5, 0.5, 0.5, 0.5, 0.5, 0.5, 0.5, 0.5, 0.5, 0.5, 0.5, 0.5, 0.5, 0.5, 0.5, 0.5, 0.5, 0.5, 0.5, 0.5, 0.5, 0.5, 0.5, 0.5, 0.5, 0.5, 0.5, 0.5, 0.5, 0.5, 0.5, 0.5, 0.5, 0.5, 0.5, 0.5, 0.5, 0.5, 0.5, 0.5, 0.5, 0.5, 0.5, 0.5, 0.5, 0.5, 0.5, 0.5, 0.5, 0.5, 0.5, 0.5, 0.5, 0.5, 0.5, 0.5, 0.5, 0.5, 0.5, 0.5, 0.5, 0.5, 0.5, 0.5, 0.5, 0.5, 0.5, 0.5, 0.5, 0.5, 0.5, 0.5, 0.5, 0.5, 0.5, 0.5, 0.5, 0.5, 0.5, 0.5, 0.5, 0.5, 0.5, 0.5, 0.5, 0.5, 0.5, 0.5, 0.5, 0.5, 0.5, 0.5, 0.5, 0.5, 0.5, 0.5, 0.5, 0.5, 0.5, 0.5, 0.5, 0.5, 0.5, 0.5, 0.5, 0.5, 0.5, 0.5, 0.5, 0.5, 0.5, 0.5, 0.5, 0.5, 0.5, 0.5, 0.5, 0.5, 0.5, 0.5, 0.5, 0.5, 0.5, 0.5, 0.5, 0.5, 0.5, 0.5, 0.5, 0.5, 0.5, 0.5, 0.5, 0.5, 0.5, 0.5, 0.5, 0.5, 0.5, 0.5, 0.5, 0.5, 0.5, 0.5, 0.5, 0.5, 0.5, 0.5, 0.5, 0.5, 0.5, 0.5, 0.5, 0.5, 0.5, 0.5, 0.5, 0.5, 0.5, 0.5, 0.5, 0.5, 0.5, 0.5, 0.5, 0.5, 0.5, 0.5, 0.5, 0.5, 0.5, 0.5, 0.5, 0.5, 0.5, 0.5, 0.5, 0.5, 0.5, 0.5, 0.5, 0.5, 0.5, 0.5, 0.5, 0.5, 0.5, 0.5, 0.5, 0.5, 0.5, 0.5, 0.5, 0.5, 0.5, 0.5, 0.5, 0.5, 0.5, 0.5, 0.5, 0.5, 0.5, 0.5, 0.5, 0.5, 0.5, 0.5, 0.5, 0.5, 0.5, 0.5, 0.5, 0.5, 0.5, 0.5, 0.5, 0.5, 0.5, 0.5, 0.5, 0.5, 0.5, 0.5, 0.5, 0.5, 0.5, 0.5, 0.5, 0.5, 0.5, 0.5, 0.5, 0.5, 0.5, 0.5, 0.5, 0.5, 0.5, 0.5, 0.5, 0.5, 0.5, 0.5, 0.5, 0.5, 0.5, 0.5, 0.5, 0.5, 0.5, 0.5, 0.5, 0.5, 0.5, 0.5, 0.5, 0.5, 0.5, 0.5, 0.5, 0.5, 0.5, 0.5, 0.5, 0.5, 0.5, 0.5, 0.5, 0.5, 0.5, 0.5, 0.5, 0.5, 0.5, 0.5, 0.5, 0.5, 0.5, 0.5, 0.5, 0.5, 0.5, 0.5, 0.5, 0.5, 0.5, 0.5, 0.5, 0.5, 0.5, 0.5, 0.5, 0.5, 0.5, 0.5, 0.5, 0.5, 0.5, 0.5, 0.5, 0.5, 0.5, 0.5, 0.5, 0.5, 0.5, 0.5, 0.5, 0.5, 0.5, 0.5, 0.5, 0.5, 0.5, 0.5, 0.5, 0.5, 0.5, 0.5, 0.5, 0.5, 0.5, 0.5, 0.5, 0.5, 0.5, 0.5, 0.5, 0.5, 0.5, 0.5, 0.5, 0.5, 0.5, 0.5, 0.5, 0.5, 0.5, 0.5, 0.5, 0.5, 0.5, 0.5, 0.5, 0.5, 0.5, 0.5, 0.5, 0.5, 0.5, 0.5, 0.5, 0.5, 0.5, 0.5, 0.5, 0.5, 0.5, 0.5, 0.5, 0.5, 0.5, 0.5, 0.5, 0.5, 0.5, 0.5, 0.5, 0.5, 0.5, 0.5, 0.5, 0.5, 0.5, 0.5, 0.5, 0.5, 0.5, 0.5, 0.5, 0.5, 0.5, 0.5, 0.5, 0.5, 0.5, 0.5, 0.5, 0.5, 0.5, 0.5, 0.5, 0.5, 0.5, 0.5, 0.5, 0.5, 0.5, 0.5, 0.5, 0.5, 0.5, 0.5, 0.5, 0.5, 0.5, 0.5, 0.5, 0.5, 0.5, 0.5, 0.5, 0.5, 0.5, 0.5, 0.5, 0.5, 0.5, 0.5, 0.5, 0.5, 0.5, 0.5, 0.5, 0.5, 0.5, 0.5, 0.5, 0.5, 0.5, 0.5, 0.5, 0.5, 0.5, 0.5, 0.5, 0.5, 0.5, 0.5, 0.5, 0.5, 0.5, 0.5, 0.5, 0.5, 0.5, 0.5, 0.5, 0.5, 0.5, 0.5, 0.5, 0.5, 0.5, 0.5, 0.5, 0.5, 0.5, 0.5, 0.5, 0.5, 0.5, 0.5, 0.5, 0.5, 0.5, 0.5, 0.5, 0.5, 0.5, 0.5, 0.5, 0.5, 0.5, 0.5, 0.5, 0.5, 0.5, 0.5, 0.5, 0.5, 0.5, 0.5, 0.5, 0.5, 0.5, 0.5, 0.5, 0.5, 0.5, 0.5, 0.5, 0.5, 0.5, 0.5, 0.5, 0.5, 0.5, 0.5, 0.5, 0.5, 0.5, 0.5, 0.5, 0.5, 0.5, 0.5, 0.5, 0.5, 0.5, 0.5, 0.5, 0.5, 0.5, 0.5, 0.5, 0.5, 0.5, 0.5, 0.5, 0.5, 0.5, 0.5, 0.5, 0.5, 0.5, 0.5, 0.5, 0.5, 0.5, 0.5, 0.5, 0.5, 0.5, 0.5, 0.5, 0.5, 0.5, 0.5, 0.5, 0.5, 0.5, 0.5, 0.5, 0.5, 0.5, 0.5, 0.5, 0.5, 0.5, 0.5, 0.5, 0.5, 0.5, 0.5, 0.5, 0.5, 0.5, 0.5, 0.5, 0.5, 0.5, 0.5, 0.5, 0.5, 0.5, 0.5, 0.5, 0.5, 0.5, 0.5, 0.5, 0.5, 0.5, 0.5, 0.5, 0.5, 0.5, 0.5, 0.5, 0.5, 0.5, 0.5, 0.5, 0.5, 0.5, 0.5, 0.5, 0.5, 0.5, 0.5, 0.5, 0.5, 0.5, 0.5, 0.5, 0.5, 0.5, 0.5, 0.5, 0.5, 0.5, 0.5, 0.5, 0.5, 0.5, 0.5, 0.5, 0.5, 0.5, 0.5, 0.5, 0.5, 0.5, 0.5, 0.5, 0.5, 0.5, 0.5, 0.5, 0.5, 0.5, 0.5, 0.5, 0.5, 0.5, 0.5, 0.5, 0.5, 0.5, 0.5, 0.5, 0.5, 0.5, 0.5, 0.5, 0.5, 0.5, 0.5, 0.5, 0.5, 0.5, 0.5, 0.5, 0.5, 0.5, 0.5, 0.5, 0.5, 0.5, 0.5, 0.5, 0.5, 0.5, 0.5, 0.5, 0.5, 0.5, 0.5, 0.5, 0.5, 0.5, 0.5, 0.5, 0.5, 0.5, 0.5, 0.5, 0.5, 0.5, 0.5, 0.5, 0.5, 0.5, 0.5, 0.5, 0.5, 0.5, 0.5, 0.5, 0.5, 0.5, 0.5, 0.5, 0.5, 0.5, 0.5, 0.5, 0.5, 0.5, 0.5, 0.5, 0.5, 0.5, 0.5, 0.5, 0.5, 0.5, 0.5, 0.5, 0.5, 0.5, 0.5, 0.5, 0.5, 0.5, 0.5, 0.5, 0.5, 0.5, 0.5, 0.5, 0.5, 0.5, 0.5, 0.5, 0.5, 0.5, 0.5, 0.5, 0.5, 0.5, 0.5, 0.5, 0.5, 0.5, 0.5, 0.5, 0.5, 0.5, 0.5, 0.5, 0.5, 0.5, 0.5, 0.5, 0.5, 0.5, 0.5, 0.5, 0.5, 0.5, 0.5, 0.5, 0.5, 0.5, 0.5, 0.5, 0.5, 0.5, 0.5, 0.5, 0.5, 0.5, 0.5, 0.5, 0.5, 0.5, 0.5, 0.5, 0.5, 0.5, 0.5, 0.5, 0.5, 0.5, 0.5, 0.5, 0.5, 0.5, 0.5, 0.5, 0.5, 0.5, 0.5, 0.5, 0.5, 0.5, 0.5, 0.5, 0.5, 0.5, 0.5, 0.5, 0.5, 0.5, 0.5, 0.5, 0.5, 0.5, 0.5, 0.5, 0.5, 0.5, 0.5, 0.5, 0.5, 0.5, 0.5, 0.5, 0.5, 0.5, 0.5, 0.5, 0.5, 0.5, 0.5, 0.5, 0.5, 0.5, 0.5, 0.5, 0.5, 0.5, 0.5, 0.5, 0.5, 0.5, 0.5, 0.5, 0.5, 0.5, 0.5, 0.5, 0.5, 0.5, 0.5, 0.5, 0.5, 0.5, 0.5, 0.5, 0.5, 0.5, 0.5, 0.5, 0.5, 0.5, 0.5, 0.5, 0.5, 0.5, 0.5, 0.5, 0.5, 0.5, 0.5, 0.5, 0.5, 0.5, 0.5, 0.5, 0.5, 0.5, 0.5, 0.5, 0.5, 0.5, 0.5, 0.5, 0.5, 0.5, 0.5, 0.5, 0.5, 0.5, 0.5, 0.5, 0.5, 0.5, 0.5, 0.5, 0.5, 0.5, 0.5, 0.5, 0.5, 0.5, 0.5, 0.5, 0.5, 0.5, 0.5, 0.5, 0.5, 0.5, 0.5, 0.5, 0.5, 0.5, 0.5, 0.5, 0.5, 0.5, 0.5, 0.5, 0.5, 0.5, 0.5, 0.5, 0.5, 0.5, 0.5, 0.5, 0.5, 0.5, 0.5, 0.5, 0.5, 0.5, 0.5, 0.5, 0.5, 0.5, 0.5, 0.5, 0.5, 0.5, 0.5, 0.5, 0.5, 0.5, 0.5, 0.5, 0.5, 0.5, 0.5, 0.5, 0.5, 0.5, 0.5, 0.5, 0.5, 0.5, 0.5, 0.5, 0.5, 0.5, 0.5, 0.5, 0.5, 0.5, 0.5, 0.5, 0.5, 0.5, 0.5, 0.5, 0.5, 0.5, 0.5, 0.5, 0.5, 0.5, 0.5, 0.5, 0.5, 0.5, 0.5, 0.5, 0.5, 0.5, 0.5, 0.5, 0.5, 0.5, 0.5, 0.5, 0.5, 0.5, 0.5, 0.5, 0.5, 0.5, 0.5, 0.5, 0.5, 0.5, 0.5, 0.5, 0.5, 0.5, 0.5, 0.5, 0.5, 0.5, 0.5, 0.5, 0.5, 0.5, 0.5, 0.5, 0.5, 0.5, 0.5, 0.5, 0.5, 0.5, 0.5, 0.5, 0.5, 0.5, 0.5, 0.5, 0.5, 0.5, 0.5, 0.5, 0.5, 0.5, 0.5, 0.5, 0.5, 0.5, 0.5, 0.5, 0.5, 0.5, 0.5, 0.5, 0.5, 0.5, 0.5, 0.5, 0.5, 0.5, 0.5, 0.5, 0.5, 0.5, 0.5, 0.5, 0.5, 0.5, 0.5, 0.5, 0.5, 0.5, 0.5, 0.5, 0.5, 0.5, 0.5, 0.5, 0.5, 0.5, 0.5, 0.5, 0.5, 0.5, 0.5, 0.5, 0.5, 0.5, 0.5, 0.5, 0.5, 0.5, 0.5, 0.5, 0.5, 0.5, 0.5, 0.5, 0.5, 0.5, 0.5, 0.5, 0.5, 0.5, 0.5, 0.5, 0.5, 0.5, 0.5, 0.5, 0.5, 0.5, 0.5, 0.5, 0.5, 0.5, 0.5, 0.5, 0.5, 0.5]",0
2026_11_KICE_31-34_0,['2(2)'],"1번: (가)는 남의 말을 인용하여 목적지의 위험성을 드러내고 있다. - ""이 사람이 술 즐김을 태수가 들었더라""라는 부분에서 남의 말을 인용하고 있지만, 목적지의 위험성을 직접적으로 드러내는 내용은 찾기 어렵다.

2번: (가)는 대구와 대조 표현을 함께 사용하여 화자의 괴로운 처지를 드러내고 있다. - ""만인 중에 출두하고 남여 위에 높게 앉아""와 ""억지로 발 드리운들 그 누가 저어하리""에서 대구와 대조 표현을 사용하여 화자의 처지를 드러내고 있다.

3번: (나)는 가상의 존재에 빗대는 표현을 사용하여 자연 현상의 변화를 드러내고 있다. - ""백룡의 굽이같이 굼틀뒤틀 뒤틀""에서 가상의 존재(백룡)에 빗대어 연의 움직임을 표현하고 있다.

4번: (나)는 방위의 의미를 포함한 두 어휘를 사용하여 대상이 서로 반대 방향으로 이동함을 드러내고 있다. - ""서풍""이라는 방위 관련 어휘만 등장할 뿐, 서로 반대 방향으로 이동함을 드러내는 내용은 없다.

5번: (가)와 (나)는 모두, 색채를 나타내는 표현을 통해 배경 속에서 대상의 움직임을 뚜렷하게 드러내고 있다. - (가)에서는 ""감홍로""라는 색채 표현이 있으나, (나)에서는 색채를 나타내는 표현이 ""하얀 실"" 정도로 제한적이다.

최종 정답: 2번","[16, 167, 110, 230, 25, 357, 166, 108, 222, 8, 167, 232, 242, 31619, 224, 101, 35975, 246, 31619, 100, 238, 35975, 226, 23821, 251, 116, 168, 248, 102, 47991, 246, 168, 245, 105, 31619, 103, 102, 168, 254, 223, 168, 100, 222, 35975, 246, 23821, 250, 226, 169, 245, 246, 168, 226, 109, 35975, 226, 31619, 241, 250, 167, 253, 105, 167, 224, 112, 166, 111, 254, 23821, 252, 230, 46695, 97, 13, 532, 366, 35975, 112, 23821, 8955, 167, 252, 234, 35975, 112, 23821, 230, 254, 23821, 99, 238, 166, 117, 222, 35975, 226, 220, 169, 225, 250, 168, 230, 246, 166, 108, 222, 31619, 241, 97, 168, 245, 230, 167, 235, 242, 167, 251, 120, 1, 167, 251, 120, 167, 232, 242, 31619, 114, 222, 167, 114, 226, 168, 245, 238, 168, 226, 250, 31619, 224, 101, 35975, 246, 31619, 100, 238, 35975, 226, 23821, 251, 116, 168, 248, 102, 47991, 246, 166, 111, 254, 23821, 252, 230, 168, 100, 222, 167, 100, 234, 11, 31619, 103, 102, 168, 254, 223, 168, 100, 222, 35975, 246, 23821, 250, 226, 169, 245, 246, 168, 226, 109, 35975, 226, 23821, 100, 223, 168, 254, 239, 168, 254, 223, 168, 250, 120, 167, 94, 250, 31619, 241, 250, 167, 253, 105, 167, 224, 112, 167, 232, 242, 31619, 224, 112, 168, 248, 102, 35975, 222, 23821, 108, 122, 166, 116, 108, 23821, 244, 112, 167, 254, 113, 46695, 97, 13, 198, 198, 17, 167, 110, 230, 25, 357, 166, 108, 222, 8, 167, 232, 242, 31619, 234, 222, 166, 113, 105, 168, 247, 222, 31619, 234, 222, 168, 94, 108, 220, 169, 239, 250, 169, 246, 226, 35975, 226, 220, 47991, 101, 166, 119, 246, 23821, 8955, 168, 248, 102, 47991, 246, 168, 245, 105, 220, 169, 247, 242, 168, 252, 238, 35975, 246, 220, 166, 112, 112, 167, 94, 250, 168, 248, 112, 23821, 110, 246, 168, 100, 222, 167, 98, 120, 31619, 241, 250, 167, 253, 105, 167, 224, 112, 166, 111, 254, 23821, 252, 230, 46695, 97, 13, 532, 366, 167, 100, 234, 35975, 116, 23821, 97, 239, 168, 245, 238, 23821, 114, 250, 167, 239, 238, 47991, 246, 166, 111, 254, 31619, 224, 101, 168, 245, 105, 23821, 250, 226, 168, 245, 238, 31619, 10253, 166, 110, 234, 23821, 243, 231, 168, 243, 226, 1, 168, 247, 222, 366, 168, 244, 113, 168, 100, 222, 167, 94, 250, 31619, 108, 250, 31619, 241, 250, 167, 99, 105, 168, 248, 112, 167, 241, 97, 220, 166, 115, 116, 31619, 230, 226, 166, 108, 222, 23821, 254, 222, 168, 244, 112, 47991, 246, 167, 99, 105, 1, 168, 245, 238, 168, 226, 250, 31619, 234, 222, 166, 113, 105, 168, 247, 222, 31619, 234, 222, 168, 94, 108, 220, 169, 239, 250, 169, 246, 226, 35975, 226, 23821, 8955, 168, 248, 102, 47991, 246, 168, 245, 105, 220, 169, 247, 242, 168, 252, 238, 35975, 246, 23821, 110, 246, 168, 100, 222, 167, 98, 120, 31619, 241, 250, 167, 253, 105, 167, 224, 112, 166, 111, 254, 23821, 252, 230, 46695, 97, 13, 198, 198, 18, 167, 110, 230, 25, 357, 167, 224, 246, 8, 167, 232, 242, 220, 166, 108, 222, 168, 225, 223, 35975, 246, 23821, 94, 112, 168, 252, 105, 168, 245, 238, 31619, 117, 245, 167, 234, 222, 167, 232, 242, 220, 169, 239, 250, 169, 246, 226, 35975, 226, 23821, 8955, 168, 248, 102, 47991, 246, 168, 245, 105, 23821, 252, 238, 168, 245, 108, 220, 169, 246, 226, 168, 225, 223, 35975, 246, 31619, 111, 222, 169, 247, 242, 167, 98, 120, 31619, 241, 250, 167, 253, 105, 167, 224, 112, 166, 111, 254, 23821, 252, 230, 46695, 97, 13, 532, 366, 167, 108, 109, 167, 96, 94, 35975, 246, 220, 166, 113, 121, 35975, 112, 166, 108, 247, 35975, 112, 220, 166, 113, 120, 169, 233, 222, 167, 240, 97, 169, 233, 222, 31619, 240, 97, 169, 233, 222, 1, 168, 245, 238, 168, 226, 250, 220, 166, 108, 222, 168, 225, 223, 35975, 246, 23821, 94, 112, 168, 252, 105, 7, 167, 108, 109, 167, 96, 94, 8, 168, 245, 238, 31619, 117, 245, 167, 234, 222, 168, 244, 112, 23821, 245, 108, 35975, 246, 23821, 249, 222, 168, 100, 223, 168, 252, 226, 35975, 226, 220, 169, 239, 250, 169, 246, 226, 47991, 246, 166, 111, 254, 23821, 252, 230, 46695, 97, 13, 198, 198, 19, 167, 110, 230, 25, 357, 167, 224, 246, 8, 167, 232, 242, 31619, 108, 102, 168, 250, 226, 35975, 246, 23821, 251, 246, 167, 107, 116, 167, 98, 120, 220, 169, 237, 105, 47991, 101, 47991, 250, 31619, 239, 238, 23821, 244, 112, 169, 250, 246, 167, 98, 120, 23821, 8955, 168, 248, 102, 47991, 246, 168, 245, 105, 31619, 234, 222, 168, 225, 223, 35975, 112, 23821, 226, 250, 167, 94, 250, 31619, 108, 246, 167, 234, 222, 31619, 108, 102, 169, 244, 98, 168, 250, 120, 167, 94, 250, 23821, 251, 112, 167, 237, 247, 47991, 101, 35975, 226, 31619, 241, 250, 167, 253, 105, 167, 224, 112, 166, 111, 254, 23821, 252, 230, 46695, 97, 13, 532, 366, 168, 226, 250, 169, 240, 235, 1, 35975, 112, 167, 251, 120, 167, 232, 242, 31619, 108, 102, 168, 250, 226, 220, 166, 112, 222, 167, 254, 101, 23821, 244, 112, 169, 250, 246, 167, 100, 234, 31619, 241, 109, 168, 252, 98, 47991, 254, 31619, 123, 238, 11, 23821, 226, 250, 167, 94, 250, 31619, 108, 246, 167, 234, 222, 31619, 108, 102, 169, 244, 98, 168, 250, 120, 167, 94, 250, 23821, 251, 112, 167, 237, 247, 47991, 101, 35975, 226, 31619, 241, 250, 167, 253, 105, 167, 224, 112, 167, 232, 242, 31619, 224, 112, 168, 248, 102, 35975, 222, 23821, 245, 228, 46695, 97, 13, 198, 198, 20, 167, 110, 230, 25, 357, 166, 108, 222, 8, 168, 247, 222, 357, 167, 224, 246, 8, 167, 232, 242, 31619, 103, 101, 167, 239, 238, 11, 23821, 225, 231, 168, 109, 226, 167, 98, 120, 31619, 224, 246, 169, 225, 222, 167, 224, 112, 167, 232, 242, 220, 169, 239, 250, 169, 246, 226, 35975, 226, 220, 169, 228, 113, 47991, 112, 31619, 108, 108, 166, 110, 121, 23821, 228, 235, 168, 245, 238, 168, 226, 250, 31619, 234, 222, 168, 225, 223, 35975, 246, 23821, 249, 222, 168, 100, 223, 168, 252, 226, 35975, 226, 31619, 248, 250, 167, 254, 115, 47991, 246, 166, 110, 234, 31619, 241, 250, 167, 253, 105, 167, 224, 112, 166, 111, 254, 23821, 252, 230, 46695, 97, 13, 532, 357, 166, 108, 222, 8, 168, 245, 238, 168, 226, 250, 167, 232, 242, 366, 166, 108, 238, 169, 247, 235, 167, 94, 250, 1, 167, 251, 120, 167, 232, 242, 23821, 225, 231, 168, 109, 226, 220, 169, 239, 250, 169, 246, 226, 35975, 112, 23821, 252, 230, 168, 250, 120, 167, 224, 246, 11, 357, 167, 224, 246, 8, 168, 245, 238, 168, 226, 250, 167, 232, 242, 23821, 225, 231, 168, 109, 226, 167, 98, 120, 31619, 224, 246, 169, 225, 222, 167, 224, 112, 167, 232, 242, 220, 169, 239, 250, 169, 246, 226, 35975, 112, 366, 47991, 246, 168, 244, 222, 23821, 233, 97, 1, 23821, 254, 243, 167, 237, 226, 167, 94, 250, 23821, 254, 250, 47991, 250, 168, 254, 223, 35975, 112, 46695, 97, 13, 198, 198, 168, 113, 250, 168, 95, 227, 23821, 254, 243, 46695, 113, 25, 362, 167, 110, 230]","[0.5, 0.5, 0.5, 0.5, 0.5, 0.5, 0.5, 0.5, 0.5, 0.5, 0.5, 0.5, 0.5, 0.5, 0.5, 0.5, 0.5, 0.5, 0.5, 0.5, 0.5, 0.5, 0.5, 0.5, 0.5, 0.5, 0.5, 0.5, 0.5, 0.5, 0.5, 0.5, 0.5, 0.5, 0.5, 0.5, 0.5, 0.5, 0.5, 0.5, 0.5, 0.5, 0.5, 0.5, 0.5, 0.5, 0.5, 0.5, 0.5, 0.5, 0.5, 0.5, 0.5, 0.5, 0.5, 0.5, 0.5, 0.5, 0.5, 0.5, 0.5, 0.5, 0.5, 0.5, 0.5, 0.5, 0.5, 0.5, 0.5, 0.5, 0.5, 0.5, 0.5, 0.5, 0.5, 0.5, 0.5, 0.5, 0.5, 0.5, 0.5, 0.5, 0.5, 0.5, 0.5, 0.5, 0.5, 0.5, 0.5, 0.5, 0.5, 0.5, 0.5, 0.5, 0.5, 0.5, 0.5, 0.5, 0.5, 0.5, 0.5, 0.5, 0.5, 0.5, 0.5, 0.5, 0.5, 0.5, 0.5, 0.5, 0.5, 0.5, 0.5, 0.5, 0.5, 0.5, 0.5, 0.5, 0.5, 0.5, 0.5, 0.5, 0.5, 0.5, 0.5, 0.5, 0.5, 0.5, 0.5, 0.5, 0.5, 0.5, 0.5, 0.5, 0.5, 0.5, 0.5, 0.5, 0.5, 0.5, 0.5, 0.5, 0.5, 0.5, 0.5, 0.5, 0.5, 0.5, 0.5, 0.5, 0.5, 0.5, 0.5, 0.5, 0.5, 0.5, 0.5, 0.5, 0.5, 0.5, 0.5, 0.5, 0.5, 0.5, 0.5, 0.5, 0.5, 0.5, 0.5, 0.5, 0.5, 0.5, 0.5, 0.5, 0.5, 0.5, 0.5, 0.5, 0.5, 0.5, 0.5, 0.5, 0.5, 0.5, 0.5, 0.5, 0.5, 0.5, 0.5, 0.5, 0.5, 0.5, 0.5, 0.5, 0.5, 0.5, 0.5, 0.5, 0.5, 0.5, 0.5, 0.5, 0.5, 0.5, 0.5, 0.5, 0.5, 0.5, 0.5, 0.5, 0.5, 0.5, 0.5, 0.5, 0.5, 0.5, 0.5, 0.5, 0.5, 0.5, 0.5, 0.5, 0.5, 0.5, 0.5, 0.5, 0.5, 0.5, 0.5, 0.5, 0.5, 0.5, 0.5, 0.5, 0.5, 0.5, 0.5, 0.5, 0.5, 0.5, 0.5, 0.5, 0.5, 0.5, 0.5, 0.5, 0.5, 0.5, 0.5, 0.5, 0.5, 0.5, 0.5, 0.5, 0.5, 0.5, 0.5, 0.5, 0.5, 0.5, 0.5, 0.5, 0.5, 0.5, 0.5, 0.5, 0.5, 0.5, 0.5, 0.5, 0.5, 0.5, 0.5, 0.5, 0.5, 0.5, 0.5, 0.5, 0.5, 0.5, 0.5, 0.5, 0.5, 0.5, 0.5, 0.5, 0.5, 0.5, 0.5, 0.5, 0.5, 0.5, 0.5, 0.5, 0.5, 0.5, 0.5, 0.5, 0.5, 0.5, 0.5, 0.5, 0.5, 0.5, 0.5, 0.5, 0.5, 0.5, 0.5, 0.5, 0.5, 0.5, 0.5, 0.5, 0.5, 0.5, 0.5, 0.5, 0.5, 0.5, 0.5, 0.5, 0.5, 0.5, 0.5, 0.5, 0.5, 0.5, 0.5, 0.5, 0.5, 0.5, 0.5, 0.5, 0.5, 0.5, 0.5, 0.5, 0.5, 0.5, 0.5, 0.5, 0.5, 0.5, 0.5, 0.5, 0.5, 0.5, 0.5, 0.5, 0.5, 0.5, 0.5, 0.5, 0.5, 0.5, 0.5, 0.5, 0.5, 0.5, 0.5, 0.5, 0.5, 0.5, 0.5, 0.5, 0.5, 0.5, 0.5, 0.5, 0.5, 0.5, 0.5, 0.5, 0.5, 0.5, 0.5, 0.5, 0.5, 0.5, 0.5, 0.5, 0.5, 0.5, 0.5, 0.5, 0.5, 0.5, 0.5, 0.5, 0.5, 0.5, 0.5, 0.5, 0.5, 0.5, 0.5, 0.5, 0.5, 0.5, 0.5, 0.5, 0.5, 0.5, 0.5, 0.5, 0.5, 0.5, 0.5, 0.5, 0.5, 0.5, 0.5, 0.5, 0.5, 0.5, 0.5, 0.5, 0.5, 0.5, 0.5, 0.5, 0.5, 0.5, 0.5, 0.5, 0.5, 0.5, 0.5, 0.5, 0.5, 0.5, 0.5, 0.5, 0.5, 0.5, 0.5, 0.5, 0.5, 0.5, 0.5, 0.5, 0.5, 0.5, 0.5, 0.5, 0.5, 0.5, 0.5, 0.5, 0.5, 0.5, 0.5, 0.5, 0.5, 0.5, 0.5, 0.5, 0.5, 0.5, 0.5, 0.5, 0.5, 0.5, 0.5, 0.5, 0.5, 0.5, 0.5, 0.5, 0.5, 0.5, 0.5, 0.5, 0.5, 0.5, 0.5, 0.5, 0.5, 0.5, 0.5, 0.5, 0.5, 0.5, 0.5, 0.5, 0.5, 0.5, 0.5, 0.5, 0.5, 0.5, 0.5, 0.5, 0.5, 0.5, 0.5, 0.5, 0.5, 0.5, 0.5, 0.5, 0.5, 0.5, 0.5, 0.5, 0.5, 0.5, 0.5, 0.5, 0.5, 0.5, 0.5, 0.5, 0.5, 0.5, 0.5, 0.5, 0.5, 0.5, 0.5, 0.5, 0.5, 0.5, 0.5, 0.5, 0.5, 0.5, 0.5, 0.5, 0.5, 0.5, 0.5, 0.5, 0.5, 0.5, 0.5, 0.5, 0.5, 0.5, 0.5, 0.5, 0.5, 0.5, 0.5, 0.5, 0.5, 0.5, 0.5, 0.5, 0.5, 0.5, 0.5, 0.5, 0.5, 0.5, 0.5, 0.5, 0.5, 0.5, 0.5, 0.5, 0.5, 0.5, 0.5, 0.5, 0.5, 0.5, 0.5, 0.5, 0.5, 0.5, 0.5, 0.5, 0.5, 0.5, 0.5, 0.5, 0.5, 0.5, 0.5, 0.5, 0.5, 0.5, 0.5, 0.5, 0.5, 0.5, 0.5, 0.5, 0.5, 0.5, 0.5, 0.5, 0.5, 0.5, 0.5, 0.5, 0.5, 0.5, 0.5, 0.5, 0.5, 0.5, 0.5, 0.5, 0.5, 0.5, 0.5, 0.5, 0.5, 0.5, 0.5, 0.5, 0.5, 0.5, 0.5, 0.5, 0.5, 0.5, 0.5, 0.5, 0.5, 0.5, 0.5, 0.5, 0.5, 0.5, 0.5, 0.5, 0.5, 0.5, 0.5, 0.5, 0.5, 0.5, 0.5, 0.5, 0.5, 0.5, 0.5, 0.5, 0.5, 0.5, 0.5, 0.5, 0.5, 0.5, 0.5, 0.5, 0.5, 0.5, 0.5, 0.5, 0.5, 0.5, 0.5, 0.5, 0.5, 0.5, 0.5, 0.5, 0.5, 0.5, 0.5, 0.5, 0.5, 0.5, 0.5, 0.5, 0.5, 0.5, 0.5, 0.5, 0.5, 0.5, 0.5, 0.5, 0.5, 0.5, 0.5, 0.5, 0.5, 0.5, 0.5, 0.5, 0.5, 0.5, 0.5, 0.5, 0.5, 0.5, 0.5, 0.5, 0.5, 0.5, 0.5, 0.5, 0.5, 0.5, 0.5, 0.5, 0.5, 0.5, 0.5, 0.5, 0.5, 0.5, 0.5, 0.5, 0.5, 0.5, 0.5, 0.5, 0.5, 0.5, 0.5, 0.5, 0.5, 0.5, 0.5, 0.5, 0.5, 0.5, 0.5, 0.5, 0.5, 0.5, 0.5, 0.5, 0.5, 0.5, 0.5, 0.5, 0.5, 0.5, 0.5, 0.5, 0.5, 0.5, 0.5, 0.5, 0.5, 0.5, 0.5, 0.5, 0.5, 0.5, 0.5, 0.5, 0.5, 0.5, 0.5, 0.5, 0.5, 0.5, 0.5, 0.5, 0.5, 0.5, 0.5, 0.5, 0.5, 0.5, 0.5, 0.5, 0.5, 0.5, 0.5, 0.5, 0.5, 0.5, 0.5, 0.5, 0.5, 0.5, 0.5, 0.5, 0.5, 0.5, 0.5, 0.5, 0.5, 0.5, 0.5, 0.5, 0.5, 0.5, 0.5, 0.5, 0.5, 0.5, 0.5, 0.5, 0.5, 0.5, 0.5, 0.5, 0.5, 0.5, 0.5, 0.5, 0.5, 0.5, 0.5, 0.5, 0.5, 0.5, 0.5, 0.5, 0.5, 0.5, 0.5, 0.5, 0.5, 0.5, 0.5, 0.5, 0.5, 0.5, 0.5, 0.5, 0.5, 0.5, 0.5, 0.5, 0.5, 0.5, 0.5, 0.5, 0.5, 0.5, 0.5, 0.5, 0.5, 0.5, 0.5, 0.5, 0.5, 0.5, 0.5, 0.5, 0.5, 0.5, 0.5, 0.5, 0.5, 0.5, 0.5, 0.5, 0.5, 0.5, 0.5, 0.5, 0.5, 0.5, 0.5, 0.5, 0.5, 0.5, 0.5, 0.5, 0.5, 0.5, 0.5, 0.5, 0.5, 0.5, 0.5, 0.5, 0.5, 0.5, 0.5, 0.5, 0.5, 0.5, 0.5, 0.5, 0.5, 0.5, 0.5, 0.5, 0.5, 0.5, 0.5, 0.5, 0.5, 0.5, 0.5, 0.5, 0.5, 0.5, 0.5, 0.5, 0.5, 0.5, 0.5, 0.5, 0.5, 0.5, 0.5, 0.5, 0.5, 0.5, 0.5, 0.5, 0.5, 0.5, 0.5, 0.5, 0.5, 0.5, 0.5, 0.5, 0.5, 0.5, 0.5, 0.5, 0.5, 0.5, 0.5, 0.5, 0.5, 0.5, 0.5, 0.5, 0.5, 0.5, 0.5, 0.5, 0.5, 0.5, 0.5, 0.5, 0.5, 0.5, 0.5, 0.5, 0.5, 0.5, 0.5, 0.5, 0.5, 0.5, 0.5, 0.5, 0.5, 0.5, 0.5, 0.5, 0.5, 0.5, 0.5, 0.5, 0.5, 0.5, 0.5, 0.5, 0.5, 0.5, 0.5, 0.5, 0.5, 0.5, 0.5, 0.5, 0.5, 0.5, 0.5, 0.5, 0.5, 0.5, 0.5, 0.5, 0.5, 0.5, 0.5, 0.5, 0.5, 0.5, 0.5, 0.5, 0.5, 0.5, 0.5, 0.5, 0.5, 0.5, 0.5, 0.5, 0.5, 0.5, 0.5, 0.5, 0.5, 0.5, 0.5, 0.5, 0.5, 0.5, 0.5, 0.5, 0.5, 0.5, 0.5, 0.5, 0.5, 0.5, 0.5, 0.5, 0.5, 0.5, 0.5, 0.5, 0.5, 0.5, 0.5, 0.5, 0.5, 0.5, 0.5, 0.5, 0.5, 0.5, 0.5, 0.5, 0.5, 0.5, 0.5, 0.5, 0.5, 0.5, 0.5, 0.5, 0.5, 0.5, 0.5, 0.5, 0.5, 0.5, 0.5, 0.5, 0.5, 0.5, 0.5, 0.5, 0.5, 0.5, 0.5, 0.5, 0.5, 0.5, 0.5, 0.5, 0.5, 0.5, 0.5, 0.5, 0.5, 0.5, 0.5, 0.5, 0.5, 0.5, 0.5, 0.5, 0.5, 0.5, 0.5, 0.5, 0.5, 0.5, 0.5, 0.5, 0.5, 0.5, 0.5, 0.5, 0.5, 0.5, 0.5, 0.5, 0.5, 0.5, 0.5, 0.5, 0.5, 0.5, 0.5, 0.5, 0.5, 0.5, 0.5, 0.5, 0.5, 0.5, 0.5, 0.5, 0.5, 0.5, 0.5, 0.5, 0.5, 0.5, 0.5, 0.5, 0.5, 0.5, 0.5, 0.5, 0.5, 0.5, 0.5, 0.5, 0.5, 0.5, 0.5, 0.5, 0.5, 0.5, 0.5, 0.5, 0.5, 0.5, 0.5, 0.5, 0.5, 0.5, 0.5, 0.5, 0.5, 0.5, 0.5, 0.5, 0.5, 0.5, 0.5, 0.5, 0.5, 0.5, 0.5, 0.5, 0.5, 0.5, 0.5, 0.5, 0.5, 0.5, 0.5, 0.5, 0.5, 0.5, 0.5, 0.5, 0.5, 0.5, 0.5, 0.5, 0.5, 0.5, 0.5, 0.5, 0.5, 0.5, 0.5, 0.5, 0.5, 0.5, 0.5, 0.5, 0.5, 0.5, 0.5, 0.5, 0.5, 0.5, 0.5, 0.5, 0.5, 0.5, 0.5, 0.5, 0.5, 0.5, 0.5, 0.5, 0.5, 0.5, 0.5, 0.5, 0.5, 0.5, 0.5, 0.5, 0.5, 0.5, 0.5, 0.5, 0.5, 0.5, 0.5, 0.5, 0.5, 0.5, 0.5, 0.5, 0.5, 0.5, 0.5, 0.5, 0.5, 0.5, 0.5, 0.5, 0.5, 0.5, 0.5, 0.5, 0.5, 0.5, 0.5, 0.5, 0.5, 0.5, 0.5, 0.5, 0.5, 0.5, 0.5, 0.5, 0.5, 0.5, 0.5, 0.5, 0.5, 0.5, 0.5, 0.5, 0.5, 0.5, 0.5, 0.5, 0.5, 0.5, 0.5, 0.5, 0.5]",2
2026_11_KICE_31-34_1,['4(2)'],"1번: 적절함. ""온성이 몇 리런고 우리 말이 지쳤구나""에서 말이 지쳐 쉬어가려는 모습을 보여주며, 이는 행로를 멈추게 한 이유가 됨.

2번: 부적절함. ㉡은 술맛에 대한 평가가 아니라 ""촌인의 솜씨 아녀"" 즉, 마을 사람의 솜씨가 아니라는 뜻으로, 술의 출처가 관가임을 암시하는 표현임. ""분명 관가 술일네 그 곡절 모를쏘냐""에서 확인 가능.

3번: 적절함. ""수상히 오는 손을 나인 줄 짐작하고 짐짓 싸게 파는구나""에서 장사가 화자를 수상히 여기고 싸게 판 것을 추정하고 있음.

4번: 적절함. ""유심터라 이 부사야 너 언제 날 알더냐""에서 부사가 화자를 알아보고 특별히 대접한 것으로 보임.

5번: 적절함. ""억지로 발 드리운들 그 누가 저어하리""에서 발을 내려도 아무도 꺼리지 않을 것이라는 의미로, 위엄을 세우기 어렵다는 인식을 보여줌.

최종 정답: 2번","[16, 167, 110, 230, 25, 23821, 254, 223, 168, 254, 230, 47991, 101, 13, 366, 168, 246, 101, 168, 226, 109, 35975, 112, 31619, 103, 229, 31619, 99, 105, 167, 253, 108, 166, 111, 254, 23821, 248, 108, 167, 99, 105, 31619, 100, 238, 35975, 112, 23821, 100, 222, 168, 111, 97, 166, 113, 105, 167, 224, 246, 1, 168, 245, 238, 168, 226, 250, 31619, 100, 238, 35975, 112, 23821, 100, 222, 168, 111, 238, 23821, 231, 105, 168, 244, 112, 166, 108, 222, 167, 254, 97, 167, 232, 242, 31619, 103, 101, 168, 232, 113, 35975, 226, 31619, 111, 112, 168, 245, 105, 168, 96, 120, 167, 102, 108, 11, 23821, 251, 112, 167, 232, 242, 220, 169, 244, 231, 167, 94, 250, 167, 98, 120, 31619, 102, 230, 168, 114, 242, 166, 110, 234, 220, 47991, 250, 23821, 251, 112, 168, 250, 254, 166, 108, 222, 31619, 238, 101, 13, 198, 198, 17, 167, 110, 230, 25, 31619, 114, 222, 168, 254, 223, 168, 254, 230, 47991, 101, 13, 220, 159, 231, 94, 35975, 222, 23821, 230, 254, 167, 100, 249, 168, 245, 238, 31619, 234, 222, 47991, 250, 220, 169, 237, 231, 166, 108, 222, 166, 108, 222, 23821, 243, 226, 46695, 230, 167, 251, 120, 366, 168, 112, 234, 35975, 116, 35975, 246, 23821, 228, 250, 168, 242, 101, 23821, 243, 226, 167, 227, 222, 1, 23821, 99, 231, 11, 31619, 100, 230, 35975, 226, 23821, 8955, 167, 252, 234, 35975, 246, 23821, 228, 250, 168, 242, 101, 166, 108, 222, 23821, 243, 226, 46695, 230, 167, 251, 120, 167, 232, 242, 31619, 250, 119, 168, 250, 120, 167, 94, 250, 11, 23821, 230, 254, 35975, 246, 23821, 114, 250, 168, 110, 246, 166, 108, 222, 220, 166, 112, 222, 166, 108, 222, 168, 252, 226, 35975, 226, 23821, 243, 242, 168, 233, 250, 47991, 246, 167, 232, 242, 220, 169, 239, 250, 169, 246, 226, 168, 252, 226, 13, 366, 167, 114, 226, 167, 103, 227, 220, 166, 112, 222, 166, 108, 222, 23821, 230, 254, 35975, 120, 167, 226, 97, 220, 166, 115, 116, 220, 166, 111, 94, 168, 254, 230, 31619, 103, 101, 167, 98, 120, 168, 237, 246, 167, 225, 238, 1, 168, 245, 238, 168, 226, 250, 220, 169, 247, 243, 35975, 116, 220, 166, 108, 222, 167, 232, 98, 13, 198, 198, 18, 167, 110, 230, 25, 23821, 254, 223, 168, 254, 230, 47991, 101, 13, 366, 168, 230, 246, 168, 225, 223, 169, 252, 230, 23821, 246, 97, 167, 232, 242, 23821, 228, 238, 35975, 226, 31619, 224, 246, 35975, 116, 23821, 97, 226, 23821, 100, 238, 168, 252, 239, 47991, 246, 166, 111, 254, 23821, 100, 238, 168, 100, 241, 23821, 233, 116, 166, 110, 234, 220, 169, 234, 234, 167, 232, 242, 166, 113, 105, 167, 224, 246, 1, 168, 245, 238, 168, 226, 250, 23821, 252, 98, 168, 8955, 166, 108, 222, 220, 169, 247, 242, 168, 252, 238, 167, 98, 120, 23821, 230, 246, 168, 225, 223, 169, 252, 230, 23821, 245, 105, 166, 116, 108, 166, 111, 254, 23821, 233, 116, 166, 110, 234, 220, 169, 234, 238, 220, 166, 110, 225, 35975, 226, 23821, 114, 242, 168, 254, 243, 47991, 246, 166, 111, 254, 23821, 252, 230, 35975, 234, 13, 198, 198, 19, 167, 110, 230, 25, 23821, 254, 223, 168, 254, 230, 47991, 101, 13, 366, 168, 250, 254, 168, 233, 105, 169, 226, 108, 167, 251, 120, 23821, 251, 112, 31619, 114, 222, 168, 8955, 168, 243, 120, 31619, 226, 230, 23821, 244, 116, 168, 254, 250, 31619, 224, 254, 23821, 243, 234, 167, 235, 242, 167, 225, 238, 1, 168, 245, 238, 168, 226, 250, 31619, 114, 222, 168, 8955, 166, 108, 222, 220, 169, 247, 242, 168, 252, 238, 167, 98, 120, 23821, 243, 234, 168, 243, 226, 167, 111, 112, 166, 111, 254, 220, 169, 232, 117, 167, 111, 226, 169, 252, 230, 31619, 234, 222, 168, 254, 239, 47991, 250, 220, 166, 110, 225, 168, 250, 120, 167, 94, 250, 31619, 111, 112, 168, 252, 226, 13, 198, 198, 20, 167, 110, 230, 25, 23821, 254, 223, 168, 254, 230, 47991, 101, 13, 366, 168, 244, 113, 168, 100, 222, 167, 94, 250, 31619, 108, 250, 31619, 241, 250, 167, 99, 105, 168, 248, 112, 167, 241, 97, 220, 166, 115, 116, 31619, 230, 226, 166, 108, 222, 23821, 254, 222, 168, 244, 112, 47991, 246, 167, 99, 105, 1, 168, 245, 238, 168, 226, 250, 31619, 108, 250, 35975, 226, 31619, 224, 112, 167, 254, 97, 167, 237, 226, 23821, 243, 226, 167, 105, 112, 167, 237, 226, 220, 166, 118, 120, 167, 99, 105, 168, 100, 222, 23821, 243, 232, 35975, 226, 220, 166, 110, 225, 35975, 112, 167, 251, 120, 167, 232, 242, 23821, 251, 246, 167, 107, 116, 167, 94, 250, 11, 23821, 250, 226, 168, 245, 226, 35975, 226, 23821, 226, 116, 168, 248, 108, 166, 116, 108, 23821, 244, 112, 167, 254, 113, 46695, 97, 167, 232, 242, 23821, 251, 116, 168, 233, 251, 35975, 226, 31619, 111, 112, 168, 245, 105, 168, 97, 234, 13, 198, 198, 168, 113, 250, 168, 95, 227, 23821, 254, 243, 46695, 113, 25, 362, 167, 110, 230]","[0.5, 0.5, 0.5, 0.5, 0.5, 0.5, 0.5, 0.5, 0.5, 0.5, 0.5, 0.5, 0.5, 0.5, 0.5, 0.5, 0.5, 0.5, 0.5, 0.5, 0.5, 0.5, 0.5, 0.5, 0.5, 0.5, 0.5, 0.5, 0.5, 0.5, 0.5, 0.5, 0.5, 0.5, 0.5, 0.5, 0.5, 0.5, 0.5, 0.5, 0.5, 0.5, 0.5, 0.5, 0.5, 0.5, 0.5, 0.5, 0.5, 0.5, 0.5, 0.5, 0.5, 0.5, 0.5, 0.5, 0.5, 0.5, 0.5, 0.5, 0.5, 0.5, 0.5, 0.5, 0.5, 0.5, 0.5, 0.5, 0.5, 0.5, 0.5, 0.5, 0.5, 0.5, 0.5, 0.5, 0.5, 0.5, 0.5, 0.5, 0.5, 0.5, 0.5, 0.5, 0.5, 0.5, 0.5, 0.5, 0.5, 0.5, 0.5, 0.5, 0.5, 0.5, 0.5, 0.5, 0.5, 0.5, 0.5, 0.5, 0.5, 0.5, 0.5, 0.5, 0.5, 0.5, 0.5, 0.5, 0.5, 0.5, 0.5, 0.5, 0.5, 0.5, 0.5, 0.5, 0.5, 0.5, 0.5, 0.5, 0.5, 0.5, 0.5, 0.5, 0.5, 0.5, 0.5, 0.5, 0.5, 0.5, 0.5, 0.5, 0.5, 0.5, 0.5, 0.5, 0.5, 0.5, 0.5, 0.5, 0.5, 0.5, 0.5, 0.5, 0.5, 0.5, 0.5, 0.5, 0.5, 0.5, 0.5, 0.5, 0.5, 0.5, 0.5, 0.5, 0.5, 0.5, 0.5, 0.5, 0.5, 0.5, 0.5, 0.5, 0.5, 0.5, 0.5, 0.5, 0.5, 0.5, 0.5, 0.5, 0.5, 0.5, 0.5, 0.5, 0.5, 0.5, 0.5, 0.5, 0.5, 0.5, 0.5, 0.5, 0.5, 0.5, 0.5, 0.5, 0.5, 0.5, 0.5, 0.5, 0.5, 0.5, 0.5, 0.5, 0.5, 0.5, 0.5, 0.5, 0.5, 0.5, 0.5, 0.5, 0.5, 0.5, 0.5, 0.5, 0.5, 0.5, 0.5, 0.5, 0.5, 0.5, 0.5, 0.5, 0.5, 0.5, 0.5, 0.5, 0.5, 0.5, 0.5, 0.5, 0.5, 0.5, 0.5, 0.5, 0.5, 0.5, 0.5, 0.5, 0.5, 0.5, 0.5, 0.5, 0.5, 0.5, 0.5, 0.5, 0.5, 0.5, 0.5, 0.5, 0.5, 0.5, 0.5, 0.5, 0.5, 0.5, 0.5, 0.5, 0.5, 0.5, 0.5, 0.5, 0.5, 0.5, 0.5, 0.5, 0.5, 0.5, 0.5, 0.5, 0.5, 0.5, 0.5, 0.5, 0.5, 0.5, 0.5, 0.5, 0.5, 0.5, 0.5, 0.5, 0.5, 0.5, 0.5, 0.5, 0.5, 0.5, 0.5, 0.5, 0.5, 0.5, 0.5, 0.5, 0.5, 0.5, 0.5, 0.5, 0.5, 0.5, 0.5, 0.5, 0.5, 0.5, 0.5, 0.5, 0.5, 0.5, 0.5, 0.5, 0.5, 0.5, 0.5, 0.5, 0.5, 0.5, 0.5, 0.5, 0.5, 0.5, 0.5, 0.5, 0.5, 0.5, 0.5, 0.5, 0.5, 0.5, 0.5, 0.5, 0.5, 0.5, 0.5, 0.5, 0.5, 0.5, 0.5, 0.5, 0.5, 0.5, 0.5, 0.5, 0.5, 0.5, 0.5, 0.5, 0.5, 0.5, 0.5, 0.5, 0.5, 0.5, 0.5, 0.5, 0.5, 0.5, 0.5, 0.5, 0.5, 0.5, 0.5, 0.5, 0.5, 0.5, 0.5, 0.5, 0.5, 0.5, 0.5, 0.5, 0.5, 0.5, 0.5, 0.5, 0.5, 0.5, 0.5, 0.5, 0.5, 0.5, 0.5, 0.5, 0.5, 0.5, 0.5, 0.5, 0.5, 0.5, 0.5, 0.5, 0.5, 0.5, 0.5, 0.5, 0.5, 0.5, 0.5, 0.5, 0.5, 0.5, 0.5, 0.5, 0.5, 0.5, 0.5, 0.5, 0.5, 0.5, 0.5, 0.5, 0.5, 0.5, 0.5, 0.5, 0.5, 0.5, 0.5, 0.5, 0.5, 0.5, 0.5, 0.5, 0.5, 0.5, 0.5, 0.5, 0.5, 0.5, 0.5, 0.5, 0.5, 0.5, 0.5, 0.5, 0.5, 0.5, 0.5, 0.5, 0.5, 0.5, 0.5, 0.5, 0.5, 0.5, 0.5, 0.5, 0.5, 0.5, 0.5, 0.5, 0.5, 0.5, 0.5, 0.5, 0.5, 0.5, 0.5, 0.5, 0.5, 0.5, 0.5, 0.5, 0.5, 0.5, 0.5, 0.5, 0.5, 0.5, 0.5, 0.5, 0.5, 0.5, 0.5, 0.5, 0.5, 0.5, 0.5, 0.5, 0.5, 0.5, 0.5, 0.5, 0.5, 0.5, 0.5, 0.5, 0.5, 0.5, 0.5, 0.5, 0.5, 0.5, 0.5, 0.5, 0.5, 0.5, 0.5, 0.5, 0.5, 0.5, 0.5, 0.5, 0.5, 0.5, 0.5, 0.5, 0.5, 0.5, 0.5, 0.5, 0.5, 0.5, 0.5, 0.5, 0.5, 0.5, 0.5, 0.5, 0.5, 0.5, 0.5, 0.5, 0.5, 0.5, 0.5, 0.5, 0.5, 0.5, 0.5, 0.5, 0.5, 0.5, 0.5, 0.5, 0.5, 0.5, 0.5, 0.5, 0.5, 0.5, 0.5, 0.5, 0.5, 0.5, 0.5, 0.5, 0.5, 0.5, 0.5, 0.5, 0.5, 0.5, 0.5, 0.5, 0.5, 0.5, 0.5, 0.5, 0.5, 0.5, 0.5, 0.5, 0.5, 0.5, 0.5, 0.5, 0.5, 0.5, 0.5, 0.5, 0.5, 0.5, 0.5, 0.5, 0.5, 0.5, 0.5, 0.5, 0.5, 0.5, 0.5, 0.5, 0.5, 0.5, 0.5, 0.5, 0.5, 0.5, 0.5, 0.5, 0.5, 0.5, 0.5, 0.5, 0.5, 0.5, 0.5, 0.5, 0.5, 0.5, 0.5, 0.5, 0.5, 0.5, 0.5, 0.5, 0.5, 0.5, 0.5, 0.5, 0.5, 0.5, 0.5, 0.5, 0.5, 0.5, 0.5, 0.5, 0.5, 0.5, 0.5, 0.5, 0.5, 0.5, 0.5, 0.5, 0.5, 0.5, 0.5, 0.5, 0.5, 0.5, 0.5, 0.5, 0.5, 0.5, 0.5, 0.5, 0.5, 0.5, 0.5, 0.5, 0.5, 0.5, 0.5, 0.5, 0.5, 0.5, 0.5, 0.5, 0.5, 0.5, 0.5, 0.5, 0.5, 0.5, 0.5, 0.5, 0.5, 0.5, 0.5, 0.5, 0.5, 0.5, 0.5, 0.5, 0.5, 0.5, 0.5, 0.5, 0.5, 0.5, 0.5, 0.5, 0.5, 0.5, 0.5, 0.5, 0.5, 0.5, 0.5, 0.5, 0.5, 0.5, 0.5, 0.5, 0.5, 0.5, 0.5, 0.5, 0.5, 0.5, 0.5, 0.5, 0.5, 0.5, 0.5, 0.5, 0.5, 0.5, 0.5, 0.5, 0.5, 0.5, 0.5, 0.5, 0.5, 0.5, 0.5, 0.5, 0.5, 0.5, 0.5, 0.5, 0.5, 0.5, 0.5, 0.5, 0.5, 0.5, 0.5, 0.5, 0.5, 0.5, 0.5, 0.5, 0.5, 0.5, 0.5, 0.5, 0.5, 0.5, 0.5, 0.5, 0.5, 0.5, 0.5, 0.5, 0.5, 0.5, 0.5, 0.5, 0.5, 0.5, 0.5, 0.5, 0.5, 0.5, 0.5, 0.5, 0.5, 0.5, 0.5, 0.5, 0.5, 0.5, 0.5, 0.5, 0.5, 0.5, 0.5, 0.5, 0.5, 0.5, 0.5, 0.5, 0.5, 0.5, 0.5, 0.5, 0.5, 0.5, 0.5, 0.5, 0.5, 0.5, 0.5, 0.5, 0.5, 0.5, 0.5, 0.5, 0.5, 0.5, 0.5, 0.5, 0.5, 0.5, 0.5, 0.5, 0.5, 0.5, 0.5, 0.5, 0.5, 0.5, 0.5, 0.5, 0.5, 0.5, 0.5, 0.5, 0.5, 0.5, 0.5, 0.5, 0.5, 0.5, 0.5, 0.5, 0.5, 0.5, 0.5, 0.5, 0.5, 0.5, 0.5, 0.5, 0.5, 0.5, 0.5, 0.5, 0.5, 0.5, 0.5, 0.5, 0.5, 0.5, 0.5, 0.5, 0.5, 0.5, 0.5, 0.5, 0.5, 0.5, 0.5, 0.5, 0.5, 0.5, 0.5, 0.5, 0.5, 0.5, 0.5, 0.5, 0.5, 0.5, 0.5, 0.5, 0.5, 0.5, 0.5, 0.5, 0.5, 0.5, 0.5, 0.5, 0.5, 0.5, 0.5, 0.5, 0.5, 0.5, 0.5, 0.5, 0.5, 0.5, 0.5, 0.5, 0.5, 0.5, 0.5, 0.5, 0.5, 0.5, 0.5, 0.5, 0.5, 0.5]",0
2026_11_KICE_31-34_2,['1(2)'],"1번: (선택지 1번에 대한 답변) - 맞음. ⓐ는 방패연으로, ""하얀 실 한 얼레를 끝까지 풀어 띄울 제""라는 구절에서 실을 끝까지 풀어 멀리 보내려는 대상임을 알 수 있다.

2번: (선택지 2번에 대한 답변) - 틀림. ⓐ는 비를 기원하기 위한 것이 아니라 시름을 적어 멀리 보내는 상징적인 의미를 지닌다. ""풍소소 우낙락할 제 자연 소멸 하여라""는 비가 오면 자연스럽게 사라지기를 바라는 의미이다.

3번: (선택지 3번에 대한 답변) - 틀림. ⓑ는 ""바람이 한창인 제""라는 구절에서 바람이 강할 때 띄우는 대상임을 알 수 있다. 바람이 잦아들었을 때가 아니다.

4번: (선택지 4번에 대한 답변) - 틀림. ⓐ는 시름을 적은 방패연으로 임에게 보내는 전언이 아니다. ⓑ는 ""먼 데 임 줄맥을 길게 대어 낚아 올까 하노라""에서 임을 그리워하는 마음을 담고 있지만, ⓐ는 그렇지 않다.

5번: (선택지 5번에 대한 답변) - 틀림. ⓐ는 개인의 시름을 담은 것이고, ⓑ는 개인의 정서를 표현한 것으로 집단의 의지를 실현하기 위한 것은 아니다.

최종 정답: 1번","[16, 167, 110, 230, 25, 357, 168, 226, 254, 169, 225, 251, 168, 100, 222, 352, 167, 110, 230, 168, 245, 238, 31619, 234, 222, 47991, 250, 31619, 233, 113, 167, 111, 222, 8, 532, 31619, 100, 252, 35975, 234, 13, 2343, 241, 238, 167, 232, 242, 31619, 108, 102, 169, 234, 101, 168, 245, 108, 168, 250, 120, 167, 94, 250, 11, 366, 47991, 246, 168, 244, 222, 23821, 233, 97, 220, 47991, 250, 23821, 244, 120, 167, 254, 230, 167, 98, 120, 31619, 223, 251, 166, 117, 234, 168, 100, 222, 220, 169, 240, 222, 168, 244, 112, 31619, 251, 226, 168, 248, 116, 23821, 254, 250, 1, 167, 251, 120, 167, 232, 242, 220, 166, 113, 105, 168, 254, 230, 168, 245, 238, 168, 226, 250, 23821, 233, 97, 35975, 226, 31619, 223, 251, 166, 117, 234, 168, 100, 222, 220, 169, 240, 222, 168, 244, 112, 31619, 102, 222, 167, 99, 105, 31619, 111, 112, 167, 224, 112, 167, 254, 97, 167, 232, 242, 31619, 234, 222, 168, 225, 223, 168, 252, 226, 35975, 226, 23821, 243, 234, 23821, 230, 246, 23821, 252, 230, 46695, 97, 13, 198, 198, 17, 167, 110, 230, 25, 357, 168, 226, 254, 169, 225, 251, 168, 100, 222, 362, 167, 110, 230, 168, 245, 238, 31619, 234, 222, 47991, 250, 31619, 233, 113, 167, 111, 222, 8, 532, 220, 169, 233, 222, 167, 99, 120, 13, 2343, 241, 238, 167, 232, 242, 31619, 117, 226, 167, 98, 120, 220, 166, 116, 108, 168, 249, 238, 47991, 246, 166, 116, 108, 23821, 250, 226, 47991, 250, 220, 166, 110, 225, 35975, 112, 23821, 243, 226, 46695, 230, 167, 251, 120, 23821, 233, 250, 167, 99, 226, 35975, 226, 23821, 254, 223, 168, 244, 112, 31619, 102, 222, 167, 99, 105, 31619, 111, 112, 167, 224, 112, 167, 232, 242, 23821, 225, 223, 168, 100, 243, 168, 254, 223, 35975, 116, 23821, 251, 246, 167, 107, 116, 167, 98, 120, 23821, 100, 222, 46695, 234, 46695, 97, 13, 366, 169, 240, 235, 168, 228, 234, 168, 228, 234, 23821, 248, 108, 167, 224, 247, 167, 251, 121, 47991, 254, 23821, 254, 250, 23821, 252, 238, 168, 245, 108, 23821, 228, 234, 167, 102, 116, 220, 47991, 246, 168, 245, 105, 167, 251, 120, 1, 167, 232, 242, 31619, 117, 226, 166, 108, 222, 23821, 246, 97, 167, 102, 112, 23821, 252, 238, 168, 245, 108, 168, 232, 97, 167, 253, 121, 166, 110, 234, 23821, 8955, 167, 251, 120, 168, 100, 222, 166, 116, 108, 167, 98, 120, 31619, 108, 242, 167, 251, 120, 167, 232, 242, 23821, 251, 246, 167, 107, 116, 35975, 112, 46695, 97, 13, 198, 198, 18, 167, 110, 230, 25, 357, 168, 226, 254, 169, 225, 251, 168, 100, 222, 513, 167, 110, 230, 168, 245, 238, 31619, 234, 222, 47991, 250, 31619, 233, 113, 167, 111, 222, 8, 532, 220, 169, 233, 222, 167, 99, 120, 13, 2343, 241, 239, 167, 232, 242, 366, 167, 108, 242, 167, 252, 234, 35975, 112, 220, 47991, 250, 168, 108, 121, 35975, 116, 23821, 254, 250, 1, 167, 251, 120, 167, 232, 242, 220, 166, 113, 105, 168, 254, 230, 168, 245, 238, 168, 226, 250, 31619, 108, 242, 167, 252, 234, 35975, 112, 220, 166, 108, 243, 47991, 254, 31619, 243, 234, 31619, 251, 226, 168, 248, 108, 167, 232, 242, 31619, 234, 222, 168, 225, 223, 168, 252, 226, 35975, 226, 23821, 243, 234, 23821, 230, 246, 23821, 252, 230, 46695, 97, 13, 31619, 108, 242, 167, 252, 234, 35975, 112, 23821, 252, 99, 168, 243, 226, 167, 241, 97, 168, 245, 230, 35975, 226, 31619, 243, 234, 166, 108, 222, 23821, 243, 226, 46695, 230, 46695, 97, 13, 198, 198, 19, 167, 110, 230, 25, 357, 168, 226, 254, 169, 225, 251, 168, 100, 222, 604, 167, 110, 230, 168, 245, 238, 31619, 234, 222, 47991, 250, 31619, 233, 113, 167, 111, 222, 8, 532, 220, 169, 233, 222, 167, 99, 120, 13, 2343, 241, 238, 167, 232, 242, 23821, 233, 250, 167, 99, 226, 35975, 226, 23821, 254, 223, 35975, 222, 31619, 108, 102, 169, 234, 101, 168, 245, 108, 168, 250, 120, 167, 94, 250, 23821, 252, 226, 168, 245, 238, 166, 110, 234, 31619, 111, 112, 167, 224, 112, 167, 232, 242, 23821, 254, 226, 168, 244, 116, 35975, 112, 23821, 243, 226, 46695, 230, 46695, 97, 13, 2343, 241, 239, 167, 232, 242, 366, 167, 101, 120, 31619, 235, 108, 23821, 252, 226, 23821, 97, 226, 167, 100, 98, 35975, 226, 220, 166, 116, 116, 166, 110, 234, 31619, 234, 222, 168, 244, 112, 31619, 224, 248, 168, 243, 226, 23821, 246, 105, 166, 117, 234, 220, 47991, 246, 167, 227, 116, 167, 251, 120, 1, 168, 245, 238, 168, 226, 250, 23821, 252, 226, 35975, 226, 220, 166, 115, 116, 167, 99, 105, 168, 249, 234, 47991, 246, 167, 232, 242, 31619, 100, 230, 35975, 234, 35975, 226, 31619, 233, 112, 166, 111, 254, 23821, 252, 230, 168, 100, 222, 167, 100, 234, 11, 2343, 241, 238, 167, 232, 242, 220, 166, 115, 116, 167, 254, 229, 168, 100, 222, 23821, 243, 232, 46695, 97, 13, 198, 198, 20, 167, 110, 230, 25, 357, 168, 226, 254, 169, 225, 251, 168, 100, 222, 642, 167, 110, 230, 168, 245, 238, 31619, 234, 222, 47991, 250, 31619, 233, 113, 167, 111, 222, 8, 532, 220, 169, 233, 222, 167, 99, 120, 13, 2343, 241, 238, 167, 232, 242, 220, 166, 108, 250, 35975, 116, 35975, 246, 23821, 233, 250, 167, 99, 226, 35975, 226, 31619, 233, 112, 35975, 222, 220, 166, 110, 225, 35975, 112, 166, 111, 254, 11, 2343, 241, 239, 167, 232, 242, 220, 166, 108, 250, 35975, 116, 35975, 246, 23821, 254, 243, 168, 226, 250, 167, 98, 120, 220, 169, 239, 250, 169, 246, 226, 47991, 250, 220, 166, 110, 225, 168, 250, 120, 167, 94, 250, 23821, 100, 239, 46695, 101, 35975, 246, 23821, 251, 246, 168, 100, 222, 167, 98, 120, 23821, 233, 97, 169, 246, 226, 47991, 246, 166, 116, 108, 23821, 250, 226, 47991, 250, 220, 166, 110, 225, 35975, 222, 23821, 243, 226, 46695, 230, 46695, 97, 13, 198, 198, 168, 113, 250, 168, 95, 227, 23821, 254, 243, 46695, 113, 25, 352, 167, 110, 230]","[0.5, 0.5, 0.5, 0.5, 0.5, 0.5, 0.5, 0.5, 0.5, 0.5, 0.5, 0.5, 0.5, 0.5, 0.5, 0.5, 0.5, 0.5, 0.5, 0.5, 0.5, 0.5, 0.5, 0.5, 0.5, 0.5, 0.5, 0.5, 0.5, 0.5, 0.5, 0.5, 0.5, 0.5, 0.5, 0.5, 0.5, 0.5, 0.5, 0.5, 0.5, 0.5, 0.5, 0.5, 0.5, 0.5, 0.5, 0.5, 0.5, 0.5, 0.5, 0.5, 0.5, 0.5, 0.5, 0.5, 0.5, 0.5, 0.5, 0.5, 0.5, 0.5, 0.5, 0.5, 0.5, 0.5, 0.5, 0.5, 0.5, 0.5, 0.5, 0.5, 0.5, 0.5, 0.5, 0.5, 0.5, 0.5, 0.5, 0.5, 0.5, 0.5, 0.5, 0.5, 0.5, 0.5, 0.5, 0.5, 0.5, 0.5, 0.5, 0.5, 0.5, 0.5, 0.5, 0.5, 0.5, 0.5, 0.5, 0.5, 0.5, 0.5, 0.5, 0.5, 0.5, 0.5, 0.5, 0.5, 0.5, 0.5, 0.5, 0.5, 0.5, 0.5, 0.5, 0.5, 0.5, 0.5, 0.5, 0.5, 0.5, 0.5, 0.5, 0.5, 0.5, 0.5, 0.5, 0.5, 0.5, 0.5, 0.5, 0.5, 0.5, 0.5, 0.5, 0.5, 0.5, 0.5, 0.5, 0.5, 0.5, 0.5, 0.5, 0.5, 0.5, 0.5, 0.5, 0.5, 0.5, 0.5, 0.5, 0.5, 0.5, 0.5, 0.5, 0.5, 0.5, 0.5, 0.5, 0.5, 0.5, 0.5, 0.5, 0.5, 0.5, 0.5, 0.5, 0.5, 0.5, 0.5, 0.5, 0.5, 0.5, 0.5, 0.5, 0.5, 0.5, 0.5, 0.5, 0.5, 0.5, 0.5, 0.5, 0.5, 0.5, 0.5, 0.5, 0.5, 0.5, 0.5, 0.5, 0.5, 0.5, 0.5, 0.5, 0.5, 0.5, 0.5, 0.5, 0.5, 0.5, 0.5, 0.5, 0.5, 0.5, 0.5, 0.5, 0.5, 0.5, 0.5, 0.5, 0.5, 0.5, 0.5, 0.5, 0.5, 0.5, 0.5, 0.5, 0.5, 0.5, 0.5, 0.5, 0.5, 0.5, 0.5, 0.5, 0.5, 0.5, 0.5, 0.5, 0.5, 0.5, 0.5, 0.5, 0.5, 0.5, 0.5, 0.5, 0.5, 0.5, 0.5, 0.5, 0.5, 0.5, 0.5, 0.5, 0.5, 0.5, 0.5, 0.5, 0.5, 0.5, 0.5, 0.5, 0.5, 0.5, 0.5, 0.5, 0.5, 0.5, 0.5, 0.5, 0.5, 0.5, 0.5, 0.5, 0.5, 0.5, 0.5, 0.5, 0.5, 0.5, 0.5, 0.5, 0.5, 0.5, 0.5, 0.5, 0.5, 0.5, 0.5, 0.5, 0.5, 0.5, 0.5, 0.5, 0.5, 0.5, 0.5, 0.5, 0.5, 0.5, 0.5, 0.5, 0.5, 0.5, 0.5, 0.5, 0.5, 0.5, 0.5, 0.5, 0.5, 0.5, 0.5, 0.5, 0.5, 0.5, 0.5, 0.5, 0.5, 0.5, 0.5, 0.5, 0.5, 0.5, 0.5, 0.5, 0.5, 0.5, 0.5, 0.5, 0.5, 0.5, 0.5, 0.5, 0.5, 0.5, 0.5, 0.5, 0.5, 0.5, 0.5, 0.5, 0.5, 0.5, 0.5, 0.5, 0.5, 0.5, 0.5, 0.5, 0.5, 0.5, 0.5, 0.5, 0.5, 0.5, 0.5, 0.5, 0.5, 0.5, 0.5, 0.5, 0.5, 0.5, 0.5, 0.5, 0.5, 0.5, 0.5, 0.5, 0.5, 0.5, 0.5, 0.5, 0.5, 0.5, 0.5, 0.5, 0.5, 0.5, 0.5, 0.5, 0.5, 0.5, 0.5, 0.5, 0.5, 0.5, 0.5, 0.5, 0.5, 0.5, 0.5, 0.5, 0.5, 0.5, 0.5, 0.5, 0.5, 0.5, 0.5, 0.5, 0.5, 0.5, 0.5, 0.5, 0.5, 0.5, 0.5, 0.5, 0.5, 0.5, 0.5, 0.5, 0.5, 0.5, 0.5, 0.5, 0.5, 0.5, 0.5, 0.5, 0.5, 0.5, 0.5, 0.5, 0.5, 0.5, 0.5, 0.5, 0.5, 0.5, 0.5, 0.5, 0.5, 0.5, 0.5, 0.5, 0.5, 0.5, 0.5, 0.5, 0.5, 0.5, 0.5, 0.5, 0.5, 0.5, 0.5, 0.5, 0.5, 0.5, 0.5, 0.5, 0.5, 0.5, 0.5, 0.5, 0.5, 0.5, 0.5, 0.5, 0.5, 0.5, 0.5, 0.5, 0.5, 0.5, 0.5, 0.5, 0.5, 0.5, 0.5, 0.5, 0.5, 0.5, 0.5, 0.5, 0.5, 0.5, 0.5, 0.5, 0.5, 0.5, 0.5, 0.5, 0.5, 0.5, 0.5, 0.5, 0.5, 0.5, 0.5, 0.5, 0.5, 0.5, 0.5, 0.5, 0.5, 0.5, 0.5, 0.5, 0.5, 0.5, 0.5, 0.5, 0.5, 0.5, 0.5, 0.5, 0.5, 0.5, 0.5, 0.5, 0.5, 0.5, 0.5, 0.5, 0.5, 0.5, 0.5, 0.5, 0.5, 0.5, 0.5, 0.5, 0.5, 0.5, 0.5, 0.5, 0.5, 0.5, 0.5, 0.5, 0.5, 0.5, 0.5, 0.5, 0.5, 0.5, 0.5, 0.5, 0.5, 0.5, 0.5, 0.5, 0.5, 0.5, 0.5, 0.5, 0.5, 0.5, 0.5, 0.5, 0.5, 0.5, 0.5, 0.5, 0.5, 0.5, 0.5, 0.5, 0.5, 0.5, 0.5, 0.5, 0.5, 0.5, 0.5, 0.5, 0.5, 0.5, 0.5, 0.5, 0.5, 0.5, 0.5, 0.5, 0.5, 0.5, 0.5, 0.5, 0.5, 0.5, 0.5, 0.5, 0.5, 0.5, 0.5, 0.5, 0.5, 0.5, 0.5, 0.5, 0.5, 0.5, 0.5, 0.5, 0.5, 0.5, 0.5, 0.5, 0.5, 0.5, 0.5, 0.5, 0.5, 0.5, 0.5, 0.5, 0.5, 0.5, 0.5, 0.5, 0.5, 0.5, 0.5, 0.5, 0.5, 0.5, 0.5, 0.5, 0.5, 0.5, 0.5, 0.5, 0.5, 0.5, 0.5, 0.5, 0.5, 0.5, 0.5, 0.5, 0.5, 0.5, 0.5, 0.5, 0.5, 0.5, 0.5, 0.5, 0.5, 0.5, 0.5, 0.5, 0.5, 0.5, 0.5, 0.5, 0.5, 0.5, 0.5, 0.5, 0.5, 0.5, 0.5, 0.5, 0.5, 0.5, 0.5, 0.5, 0.5, 0.5, 0.5, 0.5, 0.5, 0.5, 0.5, 0.5, 0.5, 0.5, 0.5, 0.5, 0.5, 0.5, 0.5, 0.5, 0.5, 0.5, 0.5, 0.5, 0.5, 0.5, 0.5, 0.5, 0.5, 0.5, 0.5, 0.5, 0.5, 0.5, 0.5, 0.5, 0.5, 0.5, 0.5, 0.5, 0.5, 0.5, 0.5, 0.5, 0.5, 0.5, 0.5, 0.5, 0.5, 0.5, 0.5, 0.5, 0.5, 0.5, 0.5, 0.5, 0.5, 0.5, 0.5, 0.5, 0.5, 0.5, 0.5, 0.5, 0.5, 0.5, 0.5, 0.5, 0.5, 0.5, 0.5, 0.5, 0.5, 0.5, 0.5, 0.5, 0.5, 0.5, 0.5, 0.5, 0.5, 0.5, 0.5, 0.5, 0.5, 0.5, 0.5, 0.5, 0.5, 0.5, 0.5, 0.5, 0.5, 0.5, 0.5, 0.5, 0.5, 0.5, 0.5, 0.5, 0.5, 0.5, 0.5, 0.5, 0.5, 0.5, 0.5, 0.5, 0.5, 0.5, 0.5, 0.5, 0.5, 0.5, 0.5, 0.5, 0.5, 0.5, 0.5, 0.5, 0.5, 0.5, 0.5, 0.5, 0.5, 0.5, 0.5, 0.5, 0.5, 0.5, 0.5, 0.5, 0.5, 0.5, 0.5, 0.5, 0.5, 0.5, 0.5, 0.5, 0.5, 0.5, 0.5, 0.5, 0.5, 0.5, 0.5, 0.5, 0.5, 0.5, 0.5, 0.5, 0.5, 0.5, 0.5, 0.5, 0.5, 0.5, 0.5, 0.5, 0.5, 0.5, 0.5, 0.5, 0.5, 0.5, 0.5, 0.5, 0.5, 0.5, 0.5, 0.5, 0.5, 0.5, 0.5, 0.5, 0.5, 0.5, 0.5, 0.5, 0.5, 0.5, 0.5, 0.5, 0.5, 0.5, 0.5, 0.5, 0.5, 0.5, 0.5, 0.5, 0.5, 0.5, 0.5, 0.5, 0.5, 0.5, 0.5, 0.5, 0.5, 0.5, 0.5, 0.5, 0.5, 0.5, 0.5, 0.5, 0.5, 0.5, 0.5, 0.5, 0.5, 0.5, 0.5, 0.5, 0.5, 0.5, 0.5, 0.5, 0.5, 0.5, 0.5, 0.5, 0.5, 0.5, 0.5, 0.5, 0.5, 0.5, 0.5, 0.5, 0.5, 0.5, 0.5, 0.5, 0.5, 0.5, 0.5, 0.5, 0.5, 0.5, 0.5, 0.5, 0.5, 0.5, 0.5, 0.5, 0.5, 0.5, 0.5, 0.5, 0.5, 0.5, 0.5, 0.5, 0.5, 0.5, 0.5, 0.5, 0.5, 0.5, 0.5, 0.5, 0.5, 0.5, 0.5, 0.5, 0.5, 0.5, 0.5, 0.5, 0.5, 0.5, 0.5, 0.5, 0.5, 0.5, 0.5, 0.5, 0.5, 0.5, 0.5, 0.5, 0.5, 0.5, 0.5, 0.5, 0.5, 0.5, 0.5, 0.5, 0.5, 0.5, 0.5, 0.5, 0.5, 0.5, 0.5, 0.5, 0.5, 0.5, 0.5, 0.5, 0.5, 0.5, 0.5, 0.5, 0.5, 0.5, 0.5, 0.5, 0.5, 0.5, 0.5, 0.5, 0.5, 0.5, 0.5, 0.5, 0.5, 0.5, 0.5, 0.5, 0.5, 0.5, 0.5, 0.5, 0.5, 0.5, 0.5, 0.5, 0.5, 0.5, 0.5, 0.5, 0.5, 0.5, 0.5, 0.5, 0.5, 0.5, 0.5, 0.5, 0.5, 0.5, 0.5, 0.5, 0.5, 0.5, 0.5, 0.5, 0.5, 0.5, 0.5, 0.5, 0.5, 0.5, 0.5, 0.5, 0.5, 0.5, 0.5, 0.5, 0.5, 0.5, 0.5, 0.5, 0.5, 0.5, 0.5, 0.5, 0.5, 0.5, 0.5, 0.5, 0.5, 0.5, 0.5, 0.5, 0.5, 0.5, 0.5, 0.5, 0.5, 0.5, 0.5, 0.5, 0.5, 0.5, 0.5, 0.5, 0.5, 0.5, 0.5, 0.5, 0.5, 0.5, 0.5, 0.5, 0.5, 0.5]",2
2026_11_KICE_31-34_3,['3(3)'],"1번: 적절함. (가)에서 ""버선 행전 다 적시고 동태가 되었더라""라는 구절은 화자의 우스꽝스러운 모습을 생생하게 묘사하며, 이를 통해 해학적인 효과를 주고 있다.

2번: 부적절함. (나)에서 ""큰 잔에 술을 부어 마지막 전송하자""는 행위는 평안함을 바라는 의도가 아니라, 시름을 적어둔 연을 보내며 그 시름을 없애고자 하는 의도이다. ""이 시름 저 시름 여러 가지 시름 방패연에 세세히 적어""라는 구절에서 알 수 있듯이, 연을 통해 시름을 없애려는 의도가 드러난다.

3번: 적절함. (다)에서 ""먼 데 임 줄맥을 길게 대어 낚아 올까 하노라""는 구절은 연줄의 힘을 빌려 먼 곳에 있는 임을 만나고자 하는 화자의 욕망을 보여준다.

4번: 적절함. (가)의 ""가슴에 열이 나니 먹느니 냉수로다""는 구절은 어사로서의 고충을, (나)의 ""이 시름 저 시름 여러 가지 시름 방패연에 세세히 적어""는 화자의 문제 해결 의지를 보여준다.

5번: 적절함. (나)는 ""굼틀뒤틀 뒤틀""이라는 표현으로 연의 움직임을 생동감 있게 묘사하고, (다)는 ""강원도 설화지""라는 구체적인 재료와 ""크기""를 언급하며 대상 자체를 부각시키고 있다.

최종 정답: 2번","[16, 167, 110, 230, 25, 23821, 254, 223, 168, 254, 230, 47991, 101, 13, 357, 166, 108, 222, 8, 168, 245, 238, 168, 226, 250, 366, 167, 110, 226, 168, 226, 254, 220, 169, 244, 231, 168, 254, 226, 31619, 233, 97, 23821, 254, 223, 168, 233, 250, 166, 111, 254, 31619, 237, 247, 169, 225, 250, 166, 108, 222, 31619, 238, 246, 168, 245, 230, 167, 235, 242, 167, 251, 120, 1, 167, 251, 120, 167, 232, 242, 220, 166, 113, 105, 168, 254, 230, 35975, 222, 220, 169, 247, 242, 168, 252, 238, 35975, 246, 23821, 248, 108, 168, 232, 97, 166, 121, 251, 168, 232, 97, 167, 253, 105, 168, 248, 112, 31619, 103, 101, 168, 232, 113, 35975, 226, 23821, 225, 251, 168, 225, 251, 47991, 246, 166, 110, 234, 31619, 105, 246, 168, 8955, 47991, 246, 167, 102, 108, 11, 23821, 251, 112, 167, 98, 120, 220, 169, 228, 113, 47991, 112, 220, 47991, 112, 47991, 247, 168, 254, 223, 35975, 116, 220, 169, 248, 101, 166, 111, 120, 167, 98, 120, 23821, 96, 120, 166, 111, 254, 23821, 252, 230, 46695, 97, 13, 198, 198, 17, 167, 110, 230, 25, 31619, 114, 222, 168, 254, 223, 168, 254, 230, 47991, 101, 13, 357, 167, 224, 246, 8, 168, 245, 238, 168, 226, 250, 366, 169, 223, 108, 23821, 252, 242, 168, 245, 238, 23821, 230, 254, 35975, 226, 31619, 114, 222, 168, 244, 112, 31619, 100, 230, 168, 100, 222, 167, 100, 231, 23821, 254, 226, 168, 228, 94, 47991, 246, 168, 252, 238, 1, 167, 232, 242, 220, 169, 244, 231, 168, 250, 226, 167, 232, 242, 220, 169, 237, 231, 168, 243, 230, 47991, 101, 35975, 226, 31619, 108, 242, 167, 251, 120, 167, 232, 242, 23821, 251, 246, 167, 237, 226, 166, 108, 222, 23821, 243, 226, 46695, 230, 167, 251, 120, 11, 23821, 233, 250, 167, 99, 226, 35975, 226, 23821, 254, 223, 168, 244, 112, 167, 239, 242, 23821, 245, 108, 35975, 226, 31619, 111, 112, 167, 224, 112, 167, 102, 108, 220, 166, 115, 116, 23821, 233, 250, 167, 99, 226, 35975, 226, 23821, 245, 228, 168, 243, 254, 166, 111, 254, 168, 252, 238, 220, 47991, 246, 167, 232, 242, 23821, 251, 246, 167, 237, 226, 35975, 112, 46695, 97, 13, 366, 35975, 112, 23821, 233, 250, 167, 99, 226, 23821, 254, 222, 23821, 233, 250, 167, 99, 226, 23821, 245, 105, 167, 253, 105, 220, 166, 108, 222, 168, 100, 222, 23821, 233, 250, 167, 99, 226, 31619, 108, 102, 169, 234, 101, 168, 245, 108, 168, 245, 238, 23821, 226, 116, 168, 226, 116, 169, 252, 230, 23821, 254, 223, 168, 244, 112, 1, 167, 251, 120, 167, 232, 242, 220, 166, 113, 105, 168, 254, 230, 168, 245, 238, 168, 226, 250, 23821, 243, 234, 23821, 230, 246, 23821, 252, 230, 167, 241, 107, 35975, 112, 11, 23821, 245, 108, 35975, 226, 220, 169, 228, 113, 47991, 112, 23821, 233, 250, 167, 99, 226, 35975, 226, 23821, 245, 228, 168, 243, 254, 167, 254, 97, 167, 232, 242, 23821, 251, 246, 167, 237, 226, 166, 108, 222, 31619, 241, 250, 167, 253, 105, 167, 224, 250, 46695, 97, 13, 198, 198, 18, 167, 110, 230, 25, 23821, 254, 223, 168, 254, 230, 47991, 101, 13, 357, 46695, 97, 8, 168, 245, 238, 168, 226, 250, 366, 167, 101, 120, 31619, 235, 108, 23821, 252, 226, 23821, 97, 226, 167, 100, 98, 35975, 226, 220, 166, 116, 116, 166, 110, 234, 31619, 234, 222, 168, 244, 112, 31619, 224, 248, 168, 243, 226, 23821, 246, 105, 166, 117, 234, 220, 47991, 246, 167, 227, 116, 167, 251, 120, 1, 167, 232, 242, 220, 166, 113, 105, 168, 254, 230, 35975, 222, 23821, 245, 108, 168, 97, 226, 35975, 246, 220, 169, 252, 246, 35975, 226, 31619, 117, 234, 167, 254, 97, 31619, 101, 120, 220, 166, 111, 111, 168, 245, 238, 23821, 252, 230, 167, 232, 242, 23821, 252, 226, 35975, 226, 31619, 100, 234, 167, 224, 246, 166, 111, 254, 168, 252, 238, 220, 47991, 246, 167, 232, 242, 220, 169, 247, 242, 168, 252, 238, 35975, 246, 23821, 248, 243, 167, 100, 251, 35975, 226, 31619, 111, 112, 168, 245, 105, 168, 97, 222, 46695, 97, 13, 198, 198, 19, 167, 110, 230, 25, 23821, 254, 223, 168, 254, 230, 47991, 101, 13, 357, 166, 108, 222, 8, 35975, 246, 366, 166, 108, 222, 168, 232, 112, 168, 245, 238, 23821, 245, 112, 35975, 112, 31619, 224, 246, 46695, 230, 31619, 101, 117, 167, 232, 238, 46695, 230, 31619, 225, 231, 168, 230, 246, 167, 94, 250, 46695, 97, 1, 167, 232, 242, 220, 166, 113, 105, 168, 254, 230, 35975, 222, 23821, 244, 112, 168, 8955, 167, 94, 250, 168, 226, 250, 35975, 246, 220, 166, 111, 254, 168, 114, 102, 35975, 226, 11, 357, 167, 224, 246, 8, 35975, 246, 366, 35975, 112, 23821, 233, 250, 167, 99, 226, 23821, 254, 222, 23821, 233, 250, 167, 99, 226, 23821, 245, 105, 167, 253, 105, 220, 166, 108, 222, 168, 100, 222, 23821, 233, 250, 167, 99, 226, 31619, 108, 102, 169, 234, 101, 168, 245, 108, 168, 245, 238, 23821, 226, 116, 168, 226, 116, 169, 252, 230, 23821, 254, 223, 168, 244, 112, 1, 167, 232, 242, 220, 169, 247, 242, 168, 252, 238, 35975, 246, 31619, 105, 116, 168, 254, 250, 220, 47991, 112, 166, 110, 108, 23821, 251, 246, 168, 100, 222, 167, 98, 120, 31619, 111, 112, 168, 245, 105, 168, 97, 222, 46695, 97, 13, 198, 198, 20, 167, 110, 230, 25, 23821, 254, 223, 168, 254, 230, 47991, 101, 13, 357, 167, 224, 246, 8, 167, 232, 242, 366, 166, 113, 120, 169, 233, 222, 167, 240, 97, 169, 233, 222, 31619, 240, 97, 169, 233, 222, 1, 35975, 112, 167, 251, 120, 167, 232, 242, 220, 169, 239, 250, 169, 246, 226, 168, 250, 120, 167, 94, 250, 23821, 245, 108, 35975, 246, 23821, 249, 222, 168, 100, 223, 168, 252, 226, 35975, 226, 23821, 225, 251, 167, 237, 247, 166, 108, 238, 23821, 252, 230, 166, 110, 234, 31619, 105, 246, 168, 8955, 47991, 246, 166, 111, 254, 11, 357, 46695, 97, 8, 167, 232, 242, 366, 166, 108, 243, 168, 249, 238, 167, 237, 226, 23821, 226, 97, 169, 247, 242, 168, 100, 222, 1, 167, 251, 120, 167, 232, 242, 220, 166, 113, 105, 168, 110, 112, 168, 254, 223, 35975, 116, 23821, 252, 105, 167, 96, 234, 168, 247, 222, 366, 169, 223, 105, 166, 116, 108, 1, 167, 98, 120, 23821, 244, 116, 166, 116, 231, 47991, 246, 167, 102, 108, 31619, 234, 222, 168, 225, 223, 23821, 252, 238, 168, 110, 112, 167, 98, 120, 31619, 114, 222, 166, 108, 223, 168, 233, 250, 169, 224, 97, 166, 111, 254, 23821, 252, 230, 46695, 97, 13, 198, 198, 168, 113, 250, 168, 95, 227, 23821, 254, 243, 46695, 113, 25, 362, 167, 110, 230]","[0.5, 0.5, 0.5, 0.5, 0.5, 0.5, 0.5, 0.5, 0.5, 0.5, 0.5, 0.5, 0.5, 0.5, 0.5, 0.5, 0.5, 0.5, 0.5, 0.5, 0.5, 0.5, 0.5, 0.5, 0.5, 0.5, 0.5, 0.5, 0.5, 0.5, 0.5, 0.5, 0.5, 0.5, 0.5, 0.5, 0.5, 0.5, 0.5, 0.5, 0.5, 0.5, 0.5, 0.5, 0.5, 0.5, 0.5, 0.5, 0.5, 0.5, 0.5, 0.5, 0.5, 0.5, 0.5, 0.5, 0.5, 0.5, 0.5, 0.5, 0.5, 0.5, 0.5, 0.5, 0.5, 0.5, 0.5, 0.5, 0.5, 0.5, 0.5, 0.5, 0.5, 0.5, 0.5, 0.5, 0.5, 0.5, 0.5, 0.5, 0.5, 0.5, 0.5, 0.5, 0.5, 0.5, 0.5, 0.5, 0.5, 0.5, 0.5, 0.5, 0.5, 0.5, 0.5, 0.5, 0.5, 0.5, 0.5, 0.5, 0.5, 0.5, 0.5, 0.5, 0.5, 0.5, 0.5, 0.5, 0.5, 0.5, 0.5, 0.5, 0.5, 0.5, 0.5, 0.5, 0.5, 0.5, 0.5, 0.5, 0.5, 0.5, 0.5, 0.5, 0.5, 0.5, 0.5, 0.5, 0.5, 0.5, 0.5, 0.5, 0.5, 0.5, 0.5, 0.5, 0.5, 0.5, 0.5, 0.5, 0.5, 0.5, 0.5, 0.5, 0.5, 0.5, 0.5, 0.5, 0.5, 0.5, 0.5, 0.5, 0.5, 0.5, 0.5, 0.5, 0.5, 0.5, 0.5, 0.5, 0.5, 0.5, 0.5, 0.5, 0.5, 0.5, 0.5, 0.5, 0.5, 0.5, 0.5, 0.5, 0.5, 0.5, 0.5, 0.5, 0.5, 0.5, 0.5, 0.5, 0.5, 0.5, 0.5, 0.5, 0.5, 0.5, 0.5, 0.5, 0.5, 0.5, 0.5, 0.5, 0.5, 0.5, 0.5, 0.5, 0.5, 0.5, 0.5, 0.5, 0.5, 0.5, 0.5, 0.5, 0.5, 0.5, 0.5, 0.5, 0.5, 0.5, 0.5, 0.5, 0.5, 0.5, 0.5, 0.5, 0.5, 0.5, 0.5, 0.5, 0.5, 0.5, 0.5, 0.5, 0.5, 0.5, 0.5, 0.5, 0.5, 0.5, 0.5, 0.5, 0.5, 0.5, 0.5, 0.5, 0.5, 0.5, 0.5, 0.5, 0.5, 0.5, 0.5, 0.5, 0.5, 0.5, 0.5, 0.5, 0.5, 0.5, 0.5, 0.5, 0.5, 0.5, 0.5, 0.5, 0.5, 0.5, 0.5, 0.5, 0.5, 0.5, 0.5, 0.5, 0.5, 0.5, 0.5, 0.5, 0.5, 0.5, 0.5, 0.5, 0.5, 0.5, 0.5, 0.5, 0.5, 0.5, 0.5, 0.5, 0.5, 0.5, 0.5, 0.5, 0.5, 0.5, 0.5, 0.5, 0.5, 0.5, 0.5, 0.5, 0.5, 0.5, 0.5, 0.5, 0.5, 0.5, 0.5, 0.5, 0.5, 0.5, 0.5, 0.5, 0.5, 0.5, 0.5, 0.5, 0.5, 0.5, 0.5, 0.5, 0.5, 0.5, 0.5, 0.5, 0.5, 0.5, 0.5, 0.5, 0.5, 0.5, 0.5, 0.5, 0.5, 0.5, 0.5, 0.5, 0.5, 0.5, 0.5, 0.5, 0.5, 0.5, 0.5, 0.5, 0.5, 0.5, 0.5, 0.5, 0.5, 0.5, 0.5, 0.5, 0.5, 0.5, 0.5, 0.5, 0.5, 0.5, 0.5, 0.5, 0.5, 0.5, 0.5, 0.5, 0.5, 0.5, 0.5, 0.5, 0.5, 0.5, 0.5, 0.5, 0.5, 0.5, 0.5, 0.5, 0.5, 0.5, 0.5, 0.5, 0.5, 0.5, 0.5, 0.5, 0.5, 0.5, 0.5, 0.5, 0.5, 0.5, 0.5, 0.5, 0.5, 0.5, 0.5, 0.5, 0.5, 0.5, 0.5, 0.5, 0.5, 0.5, 0.5, 0.5, 0.5, 0.5, 0.5, 0.5, 0.5, 0.5, 0.5, 0.5, 0.5, 0.5, 0.5, 0.5, 0.5, 0.5, 0.5, 0.5, 0.5, 0.5, 0.5, 0.5, 0.5, 0.5, 0.5, 0.5, 0.5, 0.5, 0.5, 0.5, 0.5, 0.5, 0.5, 0.5, 0.5, 0.5, 0.5, 0.5, 0.5, 0.5, 0.5, 0.5, 0.5, 0.5, 0.5, 0.5, 0.5, 0.5, 0.5, 0.5, 0.5, 0.5, 0.5, 0.5, 0.5, 0.5, 0.5, 0.5, 0.5, 0.5, 0.5, 0.5, 0.5, 0.5, 0.5, 0.5, 0.5, 0.5, 0.5, 0.5, 0.5, 0.5, 0.5, 0.5, 0.5, 0.5, 0.5, 0.5, 0.5, 0.5, 0.5, 0.5, 0.5, 0.5, 0.5, 0.5, 0.5, 0.5, 0.5, 0.5, 0.5, 0.5, 0.5, 0.5, 0.5, 0.5, 0.5, 0.5, 0.5, 0.5, 0.5, 0.5, 0.5, 0.5, 0.5, 0.5, 0.5, 0.5, 0.5, 0.5, 0.5, 0.5, 0.5, 0.5, 0.5, 0.5, 0.5, 0.5, 0.5, 0.5, 0.5, 0.5, 0.5, 0.5, 0.5, 0.5, 0.5, 0.5, 0.5, 0.5, 0.5, 0.5, 0.5, 0.5, 0.5, 0.5, 0.5, 0.5, 0.5, 0.5, 0.5, 0.5, 0.5, 0.5, 0.5, 0.5, 0.5, 0.5, 0.5, 0.5, 0.5, 0.5, 0.5, 0.5, 0.5, 0.5, 0.5, 0.5, 0.5, 0.5, 0.5, 0.5, 0.5, 0.5, 0.5, 0.5, 0.5, 0.5, 0.5, 0.5, 0.5, 0.5, 0.5, 0.5, 0.5, 0.5, 0.5, 0.5, 0.5, 0.5, 0.5, 0.5, 0.5, 0.5, 0.5, 0.5, 0.5, 0.5, 0.5, 0.5, 0.5, 0.5, 0.5, 0.5, 0.5, 0.5, 0.5, 0.5, 0.5, 0.5, 0.5, 0.5, 0.5, 0.5, 0.5, 0.5, 0.5, 0.5, 0.5, 0.5, 0.5, 0.5, 0.5, 0.5, 0.5, 0.5, 0.5, 0.5, 0.5, 0.5, 0.5, 0.5, 0.5, 0.5, 0.5, 0.5, 0.5, 0.5, 0.5, 0.5, 0.5, 0.5, 0.5, 0.5, 0.5, 0.5, 0.5, 0.5, 0.5, 0.5, 0.5, 0.5, 0.5, 0.5, 0.5, 0.5, 0.5, 0.5, 0.5, 0.5, 0.5, 0.5, 0.5, 0.5, 0.5, 0.5, 0.5, 0.5, 0.5, 0.5, 0.5, 0.5, 0.5, 0.5, 0.5, 0.5, 0.5, 0.5, 0.5, 0.5, 0.5, 0.5, 0.5, 0.5, 0.5, 0.5, 0.5, 0.5, 0.5, 0.5, 0.5, 0.5, 0.5, 0.5, 0.5, 0.5, 0.5, 0.5, 0.5, 0.5, 0.5, 0.5, 0.5, 0.5, 0.5, 0.5, 0.5, 0.5, 0.5, 0.5, 0.5, 0.5, 0.5, 0.5, 0.5, 0.5, 0.5, 0.5, 0.5, 0.5, 0.5, 0.5, 0.5, 0.5, 0.5, 0.5, 0.5, 0.5, 0.5, 0.5, 0.5, 0.5, 0.5, 0.5, 0.5, 0.5, 0.5, 0.5, 0.5, 0.5, 0.5, 0.5, 0.5, 0.5, 0.5, 0.5, 0.5, 0.5, 0.5, 0.5, 0.5, 0.5, 0.5, 0.5, 0.5, 0.5, 0.5, 0.5, 0.5, 0.5, 0.5, 0.5, 0.5, 0.5, 0.5, 0.5, 0.5, 0.5, 0.5, 0.5, 0.5, 0.5, 0.5, 0.5, 0.5, 0.5, 0.5, 0.5, 0.5, 0.5, 0.5, 0.5, 0.5, 0.5, 0.5, 0.5, 0.5, 0.5, 0.5, 0.5, 0.5, 0.5, 0.5, 0.5, 0.5, 0.5, 0.5, 0.5, 0.5, 0.5, 0.5, 0.5, 0.5, 0.5, 0.5, 0.5, 0.5, 0.5, 0.5, 0.5, 0.5, 0.5, 0.5, 0.5, 0.5, 0.5, 0.5, 0.5, 0.5, 0.5, 0.5, 0.5, 0.5, 0.5, 0.5, 0.5, 0.5, 0.5, 0.5, 0.5, 0.5, 0.5, 0.5, 0.5, 0.5, 0.5, 0.5, 0.5, 0.5, 0.5, 0.5, 0.5, 0.5, 0.5, 0.5, 0.5, 0.5, 0.5, 0.5, 0.5, 0.5, 0.5, 0.5, 0.5, 0.5, 0.5, 0.5, 0.5, 0.5, 0.5, 0.5, 0.5, 0.5, 0.5, 0.5, 0.5, 0.5, 0.5, 0.5, 0.5, 0.5, 0.5, 0.5, 0.5, 0.5, 0.5, 0.5, 0.5, 0.5, 0.5, 0.5, 0.5, 0.5, 0.5, 0.5, 0.5, 0.5, 0.5, 0.5, 0.5, 0.5, 0.5, 0.5, 0.5, 0.5, 0.5, 0.5, 0.5, 0.5, 0.5, 0.5, 0.5, 0.5, 0.5, 0.5, 0.5, 0.5, 0.5, 0.5, 0.5, 0.5, 0.5, 0.5, 0.5, 0.5, 0.5, 0.5, 0.5, 0.5, 0.5, 0.5, 0.5, 0.5, 0.5, 0.5, 0.5, 0.5, 0.5, 0.5, 0.5, 0.5, 0.5, 0.5, 0.5, 0.5, 0.5, 0.5, 0.5, 0.5, 0.5, 0.5, 0.5, 0.5, 0.5, 0.5, 0.5, 0.5, 0.5, 0.5, 0.5, 0.5, 0.5, 0.5, 0.5, 0.5, 0.5, 0.5, 0.5, 0.5, 0.5, 0.5, 0.5, 0.5, 0.5, 0.5, 0.5, 0.5, 0.5, 0.5, 0.5, 0.5, 0.5, 0.5, 0.5, 0.5, 0.5, 0.5, 0.5, 0.5, 0.5, 0.5, 0.5, 0.5, 0.5, 0.5, 0.5, 0.5, 0.5, 0.5, 0.5, 0.5, 0.5, 0.5, 0.5, 0.5, 0.5, 0.5, 0.5, 0.5, 0.5, 0.5, 0.5, 0.5, 0.5, 0.5, 0.5, 0.5, 0.5, 0.5, 0.5, 0.5, 0.5, 0.5, 0.5, 0.5, 0.5, 0.5, 0.5, 0.5, 0.5, 0.5, 0.5, 0.5, 0.5, 0.5, 0.5, 0.5, 0.5, 0.5, 0.5, 0.5, 0.5, 0.5, 0.5, 0.5, 0.5, 0.5, 0.5, 0.5, 0.5, 0.5, 0.5, 0.5, 0.5, 0.5, 0.5, 0.5, 0.5, 0.5, 0.5, 0.5, 0.5, 0.5, 0.5, 0.5, 0.5, 0.5, 0.5, 0.5, 0.5, 0.5, 0.5, 0.5, 0.5, 0.5, 0.5, 0.5, 0.5, 0.5, 0.5, 0.5, 0.5, 0.5, 0.5, 0.5, 0.5, 0.5, 0.5, 0.5, 0.5, 0.5, 0.5, 0.5, 0.5, 0.5, 0.5, 0.5, 0.5, 0.5, 0.5, 0.5, 0.5, 0.5, 0.5, 0.5, 0.5, 0.5, 0.5, 0.5, 0.5, 0.5, 0.5, 0.5, 0.5, 0.5, 0.5, 0.5, 0.5, 0.5, 0.5, 0.5, 0.5, 0.5, 0.5, 0.5, 0.5, 0.5, 0.5, 0.5, 0.5, 0.5, 0.5, 0.5, 0.5, 0.5, 0.5, 0.5, 0.5, 0.5, 0.5, 0.5, 0.5, 0.5, 0.5, 0.5, 0.5, 0.5, 0.5, 0.5, 0.5, 0.5, 0.5, 0.5, 0.5, 0.5, 0.5, 0.5, 0.5, 0.5, 0.5, 0.5, 0.5, 0.5, 0.5, 0.5, 0.5, 0.5, 0.5, 0.5, 0.5, 0.5, 0.5, 0.5, 0.5, 0.5, 0.5, 0.5, 0.5, 0.5, 0.5, 0.5, 0.5, 0.5, 0.5, 0.5, 0.5, 0.5, 0.5, 0.5, 0.5, 0.5, 0.5]",0
2026_11_KICE_35-37_0,['2(2)'],"1번: 적절함 + ""풍혈지는 여름철에 돌 사이에서 주위보다 찬 공기가 새어 나와 국소적으로 저온 환경이 형성된 지역을 의미합니다.""
2번: 부적절함 + 발표문 전체를 보아도 전문가의 견해를 인용한 부분은 없으며, 오직 발표자 자신의 조사 내용과 자료만 제시하고 있습니다.
3번: 적절함 + ""지난 수업 시간에는 우리나라의 평균 기온이 점점 높아지고 있는 현상에 대해 조사하는 활동을 함께 했었는데요""
4번: 적절함 + ""북방계 식물이 서식하는 데 가장 중요한 요인은 무엇일까요? (청중의 답변을 듣고) 네, 기온이 맞습니다.""
5번: 적절함 + ""앞으로 여러분도 풍혈지에 관심을 가져 보시면 좋겠습니다.""

최종 정답: 2번","[16, 167, 110, 230, 25, 23821, 254, 223, 168, 254, 230, 47991, 101, 1343, 366, 169, 240, 235, 169, 246, 230, 168, 100, 222, 167, 232, 242, 23821, 245, 105, 167, 99, 226, 168, 110, 254, 168, 245, 238, 31619, 237, 234, 23821, 8955, 35975, 112, 168, 245, 238, 168, 226, 250, 23821, 96, 120, 168, 250, 226, 167, 111, 112, 46695, 97, 23821, 108, 105, 220, 166, 111, 113, 166, 116, 108, 166, 108, 222, 23821, 225, 230, 168, 244, 112, 31619, 224, 246, 168, 247, 222, 220, 166, 113, 255, 168, 228, 234, 168, 254, 223, 168, 250, 120, 167, 94, 250, 23821, 254, 222, 168, 246, 101, 220, 169, 247, 246, 166, 110, 121, 35975, 112, 220, 169, 246, 243, 168, 226, 109, 167, 238, 250, 23821, 100, 222, 168, 245, 255, 35975, 226, 23821, 251, 246, 167, 107, 116, 47991, 102, 46695, 230, 46695, 97, 526, 198, 17, 167, 110, 230, 25, 31619, 114, 222, 168, 254, 223, 168, 254, 230, 47991, 101, 1343, 31619, 108, 250, 169, 239, 250, 167, 105, 116, 23821, 254, 226, 168, 110, 112, 167, 98, 120, 31619, 111, 112, 168, 243, 226, 167, 237, 226, 23821, 254, 226, 167, 105, 116, 166, 108, 222, 35975, 246, 220, 166, 110, 105, 47991, 112, 167, 98, 120, 23821, 251, 116, 168, 248, 102, 47991, 250, 31619, 114, 222, 167, 114, 226, 35975, 222, 23821, 245, 228, 168, 250, 120, 167, 102, 108, 11, 23821, 246, 97, 168, 100, 223, 31619, 108, 250, 169, 239, 250, 168, 252, 238, 23821, 252, 238, 168, 233, 254, 35975, 246, 23821, 94, 108, 168, 8955, 31619, 224, 112, 168, 248, 102, 166, 111, 120, 23821, 252, 238, 167, 96, 234, 167, 100, 234, 23821, 254, 250, 168, 233, 250, 47991, 246, 166, 111, 254, 23821, 252, 230, 168, 232, 113, 46695, 230, 46695, 97, 13, 198, 18, 167, 110, 230, 25, 23821, 254, 223, 168, 254, 230, 47991, 101, 1343, 366, 168, 100, 222, 167, 224, 250, 23821, 230, 246, 168, 245, 227, 23821, 233, 250, 166, 108, 226, 168, 245, 238, 167, 232, 242, 23821, 248, 108, 167, 99, 105, 167, 224, 246, 167, 251, 120, 35975, 246, 220, 169, 237, 231, 166, 115, 254, 220, 166, 116, 108, 168, 246, 101, 35975, 112, 23821, 254, 238, 168, 254, 238, 31619, 10253, 168, 243, 226, 168, 100, 222, 166, 111, 254, 23821, 252, 230, 167, 232, 242, 220, 169, 246, 226, 168, 225, 223, 168, 245, 238, 31619, 234, 222, 47991, 112, 23821, 94, 108, 168, 8955, 47991, 246, 167, 232, 242, 220, 169, 247, 250, 167, 237, 247, 35975, 226, 220, 47991, 101, 166, 119, 246, 220, 169, 244, 230, 168, 245, 230, 167, 232, 242, 167, 235, 108, 168, 248, 242, 1, 198, 19, 167, 110, 230, 25, 23821, 254, 223, 168, 254, 230, 47991, 101, 1343, 366, 167, 114, 223, 167, 108, 102, 166, 111, 226, 23821, 233, 251, 167, 45539, 35975, 112, 23821, 226, 250, 168, 233, 251, 47991, 246, 167, 232, 242, 31619, 235, 108, 220, 166, 108, 222, 168, 252, 98, 23821, 97, 239, 168, 248, 242, 47991, 250, 23821, 248, 242, 35975, 116, 35975, 222, 31619, 105, 112, 168, 245, 229, 35975, 120, 166, 117, 234, 168, 248, 242, 30, 357, 168, 110, 255, 168, 97, 239, 35975, 246, 31619, 233, 113, 167, 111, 222, 35975, 226, 31619, 241, 96, 166, 111, 254, 8, 31619, 226, 97, 11, 220, 166, 116, 108, 168, 246, 101, 35975, 112, 31619, 100, 252, 168, 232, 113, 46695, 230, 46695, 97, 526, 198, 20, 167, 110, 230, 25, 23821, 254, 223, 168, 254, 230, 47991, 101, 1343, 366, 168, 243, 252, 168, 250, 120, 167, 94, 250, 23821, 245, 105, 167, 253, 105, 167, 114, 226, 167, 237, 226, 220, 169, 240, 235, 169, 246, 230, 168, 100, 222, 168, 245, 238, 220, 166, 112, 222, 168, 233, 105, 35975, 226, 220, 166, 108, 222, 168, 254, 116, 31619, 111, 112, 168, 233, 250, 167, 102, 112, 23821, 95, 233, 166, 110, 254, 168, 232, 113, 46695, 230, 46695, 97, 526, 198, 198, 168, 113, 250, 168, 95, 227, 23821, 254, 243, 46695, 113, 25, 362, 167, 110, 230]","[0.5, 0.5, 0.5, 0.5, 0.5, 0.5, 0.5, 0.5, 0.5, 0.5, 0.5, 0.5, 0.5, 0.5, 0.5, 0.5, 0.5, 0.5, 0.5, 0.5, 0.5, 0.5, 0.5, 0.5, 0.5, 0.5, 0.5, 0.5, 0.5, 0.5, 0.5, 0.5, 0.5, 0.5, 0.5, 0.5, 0.5, 0.5, 0.5, 0.5, 0.5, 0.5, 0.5, 0.5, 0.5, 0.5, 0.5, 0.5, 0.5, 0.5, 0.5, 0.5, 0.5, 0.5, 0.5, 0.5, 0.5, 0.5, 0.5, 0.5, 0.5, 0.5, 0.5, 0.5, 0.5, 0.5, 0.5, 0.5, 0.5, 0.5, 0.5, 0.5, 0.5, 0.5, 0.5, 0.5, 0.5, 0.5, 0.5, 0.5, 0.5, 0.5, 0.5, 0.5, 0.5, 0.5, 0.5, 0.5, 0.5, 0.5, 0.5, 0.5, 0.5, 0.5, 0.5, 0.5, 0.5, 0.5, 0.5, 0.5, 0.5, 0.5, 0.5, 0.5, 0.5, 0.5, 0.5, 0.5, 0.5, 0.5, 0.5, 0.5, 0.5, 0.5, 0.5, 0.5, 0.5, 0.5, 0.5, 0.5, 0.5, 0.5, 0.5, 0.5, 0.5, 0.5, 0.5, 0.5, 0.5, 0.5, 0.5, 0.5, 0.5, 0.5, 0.5, 0.5, 0.5, 0.5, 0.5, 0.5, 0.5, 0.5, 0.5, 0.5, 0.5, 0.5, 0.5, 0.5, 0.5, 0.5, 0.5, 0.5, 0.5, 0.5, 0.5, 0.5, 0.5, 0.5, 0.5, 0.5, 0.5, 0.5, 0.5, 0.5, 0.5, 0.5, 0.5, 0.5, 0.5, 0.5, 0.5, 0.5, 0.5, 0.5, 0.5, 0.5, 0.5, 0.5, 0.5, 0.5, 0.5, 0.5, 0.5, 0.5, 0.5, 0.5, 0.5, 0.5, 0.5, 0.5, 0.5, 0.5, 0.5, 0.5, 0.5, 0.5, 0.5, 0.5, 0.5, 0.5, 0.5, 0.5, 0.5, 0.5, 0.5, 0.5, 0.5, 0.5, 0.5, 0.5, 0.5, 0.5, 0.5, 0.5, 0.5, 0.5, 0.5, 0.5, 0.5, 0.5, 0.5, 0.5, 0.5, 0.5, 0.5, 0.5, 0.5, 0.5, 0.5, 0.5, 0.5, 0.5, 0.5, 0.5, 0.5, 0.5, 0.5, 0.5, 0.5, 0.5, 0.5, 0.5, 0.5, 0.5, 0.5, 0.5, 0.5, 0.5, 0.5, 0.5, 0.5, 0.5, 0.5, 0.5, 0.5, 0.5, 0.5, 0.5, 0.5, 0.5, 0.5, 0.5, 0.5, 0.5, 0.5, 0.5, 0.5, 0.5, 0.5, 0.5, 0.5, 0.5, 0.5, 0.5, 0.5, 0.5, 0.5, 0.5, 0.5, 0.5, 0.5, 0.5, 0.5, 0.5, 0.5, 0.5, 0.5, 0.5, 0.5, 0.5, 0.5, 0.5, 0.5, 0.5, 0.5, 0.5, 0.5, 0.5, 0.5, 0.5, 0.5, 0.5, 0.5, 0.5, 0.5, 0.5, 0.5, 0.5, 0.5, 0.5, 0.5, 0.5, 0.5, 0.5, 0.5, 0.5, 0.5, 0.5, 0.5, 0.5, 0.5, 0.5, 0.5, 0.5, 0.5, 0.5, 0.5, 0.5, 0.5, 0.5, 0.5, 0.5, 0.5, 0.5, 0.5, 0.5, 0.5, 0.5, 0.5, 0.5, 0.5, 0.5, 0.5, 0.5, 0.5, 0.5, 0.5, 0.5, 0.5, 0.5, 0.5, 0.5, 0.5, 0.5, 0.5, 0.5, 0.5, 0.5, 0.5, 0.5, 0.5, 0.5, 0.5, 0.5, 0.5, 0.5, 0.5, 0.5, 0.5, 0.5, 0.5, 0.5, 0.5, 0.5, 0.5, 0.5, 0.5, 0.5, 0.5, 0.5, 0.5, 0.5, 0.5, 0.5, 0.5, 0.5, 0.5, 0.5, 0.5, 0.5, 0.5, 0.5, 0.5, 0.5, 0.5, 0.5, 0.5, 0.5, 0.5, 0.5, 0.5, 0.5, 0.5, 0.5, 0.5, 0.5, 0.5, 0.5, 0.5, 0.5, 0.5, 0.5, 0.5, 0.5, 0.5, 0.5, 0.5, 0.5, 0.5, 0.5, 0.5, 0.5, 0.5, 0.5, 0.5, 0.5, 0.5, 0.5, 0.5, 0.5, 0.5, 0.5, 0.5, 0.5, 0.5, 0.5, 0.5, 0.5, 0.5, 0.5, 0.5, 0.5, 0.5, 0.5, 0.5, 0.5, 0.5, 0.5, 0.5, 0.5, 0.5, 0.5, 0.5, 0.5, 0.5, 0.5, 0.5, 0.5, 0.5, 0.5, 0.5, 0.5, 0.5, 0.5, 0.5, 0.5, 0.5, 0.5, 0.5, 0.5, 0.5, 0.5, 0.5, 0.5, 0.5, 0.5, 0.5, 0.5, 0.5, 0.5, 0.5, 0.5, 0.5, 0.5, 0.5, 0.5, 0.5, 0.5, 0.5, 0.5, 0.5, 0.5, 0.5, 0.5, 0.5, 0.5, 0.5, 0.5, 0.5, 0.5, 0.5, 0.5, 0.5, 0.5, 0.5, 0.5, 0.5, 0.5, 0.5, 0.5, 0.5, 0.5, 0.5, 0.5, 0.5, 0.5, 0.5, 0.5, 0.5, 0.5, 0.5, 0.5, 0.5, 0.5, 0.5, 0.5, 0.5, 0.5, 0.5, 0.5, 0.5, 0.5, 0.5, 0.5, 0.5, 0.5, 0.5, 0.5, 0.5, 0.5, 0.5, 0.5, 0.5, 0.5, 0.5, 0.5, 0.5, 0.5, 0.5, 0.5, 0.5, 0.5, 0.5, 0.5, 0.5, 0.5, 0.5, 0.5, 0.5, 0.5, 0.5, 0.5, 0.5, 0.5, 0.5, 0.5, 0.5, 0.5, 0.5, 0.5, 0.5, 0.5, 0.5, 0.5, 0.5, 0.5, 0.5, 0.5, 0.5, 0.5, 0.5, 0.5, 0.5, 0.5, 0.5, 0.5, 0.5, 0.5, 0.5, 0.5, 0.5, 0.5, 0.5, 0.5, 0.5, 0.5, 0.5, 0.5, 0.5, 0.5, 0.5, 0.5, 0.5, 0.5, 0.5, 0.5, 0.5, 0.5, 0.5, 0.5, 0.5, 0.5, 0.5, 0.5, 0.5, 0.5, 0.5, 0.5, 0.5, 0.5, 0.5, 0.5, 0.5, 0.5, 0.5, 0.5, 0.5, 0.5, 0.5, 0.5, 0.5, 0.5, 0.5, 0.5, 0.5, 0.5, 0.5, 0.5, 0.5, 0.5, 0.5, 0.5, 0.5, 0.5, 0.5, 0.5, 0.5, 0.5, 0.5, 0.5, 0.5, 0.5, 0.5, 0.5, 0.5, 0.5, 0.5, 0.5, 0.5, 0.5, 0.5, 0.5, 0.5, 0.5, 0.5, 0.5, 0.5, 0.5, 0.5, 0.5, 0.5, 0.5, 0.5, 0.5, 0.5, 0.5, 0.5, 0.5, 0.5, 0.5, 0.5, 0.5, 0.5, 0.5, 0.5, 0.5, 0.5, 0.5, 0.5, 0.5, 0.5, 0.5, 0.5, 0.5, 0.5, 0.5, 0.5]",2
2026_11_KICE_35-37_1,['5(2)'],"1번: (선택지 1번에 대한 답변) 
- 발표문에서 ㉠은 ""암벽에서 떨어져 나온 크고 작은 돌들이 겹겹이 쌓여 부채 모양으로 형성된 곳을 애추라고 합니다""라고 설명하고 있습니다. 
- [자료1]은 가파른 절벽 아래에 암석이 쌓여있는 모습을 보여주고 있어, 애추의 형성 과정을 보여주는 자료로 적합합니다. 
- 따라서 1번은 ㉠에 대한 설명으로 적절합니다.

2번: (선택지 2번에 대한 답변)
- 발표문에서 ㉠은 애추의 형성 과정을 설명하는 부분입니다. 
- [자료1]은 가파른 절벽 아래에 암석이 쌓여있는 모습을 보여주고 있어, 애추의 형성 과정을 단계별로 보여주는 자료로는 부적절합니다. 
- 따라서 2번은 적절하지 않습니다.

3번: (선택지 3번에 대한 답변)
- 발표문에서 ㉡은 ""여름철에 풍혈지의 평균 기온이 풍혈지가 있는 행정 구역의 평균 기온보다 낮다는 것을 알 수 있습니다""라고 설명하고 있습니다. 
- [자료2]는 풍혈지와 해당 군 전체의 평균 기온을 비교한 그래프로, ㉡에 대한 설명과 일치합니다. 
- 따라서 3번은 ㉡에 대한 설명으로 적절합니다.

4번: (선택지 4번에 대한 답변)
- 발표문에서 ㉡은 풍혈지와 해당 군 전체의 기온 차이를 설명하는 부분입니다. 
- [자료2]는 북방계 식물 서식지와 희귀 식물 서식지 간의 기온 차이를 보여주지 않습니다. 
- 따라서 4번은 적절하지 않습니다.

5번: (선택지 5번에 대한 답변)
- 발표문에서 ㉢은 ""현재까지 국내의 풍혈지에서 발견된 212종의 북방계 식물 중 일부를 목록으로 정리하고, 산림청에서 지정한 희귀 식물에 해당하는지 여부를 표시""한 자료라고 설명하고 있습니다. 
- [자료3]은 북방계 식물 목록과 희귀 식물 여부를 보여주는 표로, ㉢에 대한 설명과 일치합니다. 
- 따라서 5번은 ㉢에 대한 설명으로 적절합니다.

최종 정답: 5번","[16, 167, 110, 230, 25, 357, 168, 226, 254, 169, 225, 251, 168, 100, 222, 352, 167, 110, 230, 168, 245, 238, 31619, 234, 222, 47991, 250, 31619, 233, 113, 167, 111, 222, 8, 220, 198, 12, 31619, 108, 250, 169, 239, 250, 167, 105, 116, 168, 245, 238, 168, 226, 250, 220, 159, 231, 254, 35975, 222, 366, 168, 243, 242, 167, 110, 121, 168, 245, 238, 168, 226, 250, 31619, 244, 101, 168, 244, 112, 168, 254, 116, 31619, 224, 246, 168, 246, 101, 220, 169, 223, 105, 166, 111, 254, 23821, 252, 239, 35975, 222, 31619, 237, 234, 167, 241, 97, 35975, 112, 220, 166, 110, 117, 166, 110, 117, 35975, 112, 23821, 234, 241, 168, 245, 105, 31619, 114, 222, 168, 109, 226, 31619, 103, 101, 168, 244, 239, 168, 250, 120, 167, 94, 250, 220, 169, 246, 243, 168, 226, 109, 167, 238, 250, 220, 166, 111, 111, 35975, 226, 23821, 243, 254, 168, 114, 242, 167, 251, 120, 166, 111, 254, 220, 47991, 102, 46695, 230, 46695, 97, 1, 167, 251, 120, 166, 111, 254, 23821, 226, 97, 167, 103, 227, 47991, 246, 166, 111, 254, 23821, 252, 230, 168, 232, 113, 46695, 230, 46695, 97, 13, 220, 198, 12, 685, 168, 252, 238, 167, 96, 234, 16, 60, 35975, 222, 220, 166, 108, 222, 169, 234, 234, 167, 98, 116, 23821, 254, 230, 167, 110, 121, 23821, 243, 226, 167, 252, 246, 168, 245, 238, 23821, 243, 242, 168, 226, 251, 35975, 112, 23821, 234, 241, 168, 245, 105, 168, 252, 230, 167, 232, 242, 31619, 103, 101, 168, 232, 113, 35975, 226, 31619, 111, 112, 168, 245, 105, 168, 96, 120, 166, 111, 254, 23821, 252, 230, 168, 244, 112, 11, 23821, 243, 254, 168, 114, 242, 35975, 246, 220, 169, 246, 243, 168, 226, 109, 220, 166, 111, 120, 168, 254, 243, 35975, 226, 31619, 111, 112, 168, 245, 105, 168, 96, 120, 167, 232, 242, 23821, 252, 238, 167, 96, 234, 167, 94, 250, 23821, 254, 223, 47991, 102, 47991, 102, 46695, 230, 46695, 97, 13, 220, 198, 12, 31619, 242, 108, 167, 251, 120, 168, 226, 250, 352, 167, 110, 230, 35975, 222, 220, 159, 231, 254, 168, 245, 238, 31619, 234, 222, 47991, 250, 23821, 226, 97, 167, 103, 227, 168, 250, 120, 167, 94, 250, 23821, 254, 223, 168, 254, 230, 47991, 102, 46695, 230, 46695, 97, 13, 198, 198, 17, 167, 110, 230, 25, 357, 168, 226, 254, 169, 225, 251, 168, 100, 222, 362, 167, 110, 230, 168, 245, 238, 31619, 234, 222, 47991, 250, 31619, 233, 113, 167, 111, 222, 8, 198, 12, 31619, 108, 250, 169, 239, 250, 167, 105, 116, 168, 245, 238, 168, 226, 250, 220, 159, 231, 254, 35975, 222, 23821, 243, 254, 168, 114, 242, 35975, 246, 220, 169, 246, 243, 168, 226, 109, 220, 166, 111, 120, 168, 254, 243, 35975, 226, 23821, 226, 97, 167, 103, 227, 47991, 246, 167, 232, 242, 31619, 114, 222, 167, 114, 226, 168, 252, 227, 46695, 230, 46695, 97, 13, 220, 198, 12, 685, 168, 252, 238, 167, 96, 234, 16, 60, 35975, 222, 220, 166, 108, 222, 169, 234, 234, 167, 98, 116, 23821, 254, 230, 167, 110, 121, 23821, 243, 226, 167, 252, 246, 168, 245, 238, 23821, 243, 242, 168, 226, 251, 35975, 112, 23821, 234, 241, 168, 245, 105, 168, 252, 230, 167, 232, 242, 31619, 103, 101, 168, 232, 113, 35975, 226, 31619, 111, 112, 168, 245, 105, 168, 96, 120, 166, 111, 254, 23821, 252, 230, 168, 244, 112, 11, 23821, 243, 254, 168, 114, 242, 35975, 246, 220, 169, 246, 243, 168, 226, 109, 220, 166, 111, 120, 168, 254, 243, 35975, 226, 31619, 233, 101, 166, 111, 226, 167, 111, 226, 167, 94, 250, 31619, 111, 112, 168, 245, 105, 168, 96, 120, 167, 232, 242, 23821, 252, 238, 167, 96, 234, 167, 94, 250, 167, 232, 242, 31619, 114, 222, 168, 254, 223, 168, 254, 230, 47991, 102, 46695, 230, 46695, 97, 13, 220, 198, 12, 31619, 242, 108, 167, 251, 120, 168, 226, 250, 362, 167, 110, 230, 35975, 222, 23821, 254, 223, 168, 254, 230, 47991, 246, 168, 100, 222, 23821, 243, 232, 168, 232, 113, 46695, 230, 46695, 97, 13, 198, 198, 18, 167, 110, 230, 25, 357, 168, 226, 254, 169, 225, 251, 168, 100, 222, 513, 167, 110, 230, 168, 245, 238, 31619, 234, 222, 47991, 250, 31619, 233, 113, 167, 111, 222, 8, 198, 12, 31619, 108, 250, 169, 239, 250, 167, 105, 116, 168, 245, 238, 168, 226, 250, 220, 159, 231, 94, 35975, 222, 366, 168, 245, 105, 167, 99, 226, 168, 110, 254, 168, 245, 238, 220, 169, 240, 235, 169, 246, 230, 168, 100, 222, 35975, 246, 220, 169, 237, 231, 166, 115, 254, 220, 166, 116, 108, 168, 246, 101, 35975, 112, 220, 169, 240, 235, 169, 246, 230, 168, 100, 222, 166, 108, 222, 23821, 252, 230, 167, 232, 242, 220, 169, 244, 231, 168, 254, 243, 220, 166, 113, 105, 168, 245, 255, 35975, 246, 220, 169, 237, 231, 166, 115, 254, 220, 166, 116, 108, 168, 246, 101, 167, 111, 112, 46695, 97, 31619, 224, 106, 46695, 97, 167, 232, 242, 220, 166, 110, 225, 35975, 226, 23821, 243, 234, 23821, 230, 246, 23821, 252, 230, 168, 232, 113, 46695, 230, 46695, 97, 1, 167, 251, 120, 166, 111, 254, 23821, 226, 97, 167, 103, 227, 47991, 246, 166, 111, 254, 23821, 252, 230, 168, 232, 113, 46695, 230, 46695, 97, 13, 220, 198, 12, 685, 168, 252, 238, 167, 96, 234, 17, 60, 167, 232, 242, 220, 169, 240, 235, 169, 246, 230, 168, 100, 222, 168, 247, 222, 220, 47991, 112, 46695, 117, 220, 166, 113, 108, 23821, 254, 226, 168, 110, 112, 35975, 246, 220, 169, 237, 231, 166, 115, 254, 220, 166, 116, 108, 168, 246, 101, 35975, 226, 31619, 117, 226, 166, 113, 238, 47991, 250, 220, 166, 115, 116, 167, 252, 246, 169, 242, 226, 167, 94, 250, 11, 220, 159, 231, 94, 168, 245, 238, 31619, 234, 222, 47991, 250, 23821, 226, 97, 167, 103, 227, 166, 111, 120, 23821, 251, 120, 168, 117, 246, 47991, 102, 46695, 230, 46695, 97, 13, 220, 198, 12, 31619, 242, 108, 167, 251, 120, 168, 226, 250, 513, 167, 110, 230, 35975, 222, 220, 159, 231, 94, 168, 245, 238, 31619, 234, 222, 47991, 250, 23821, 226, 97, 167, 103, 227, 168, 250, 120, 167, 94, 250, 23821, 254, 223, 168, 254, 230, 47991, 102, 46695, 230, 46695, 97, 13, 198, 198, 19, 167, 110, 230, 25, 357, 168, 226, 254, 169, 225, 251, 168, 100, 222, 604, 167, 110, 230, 168, 245, 238, 31619, 234, 222, 47991, 250, 31619, 233, 113, 167, 111, 222, 8, 198, 12, 31619, 108, 250, 169, 239, 250, 167, 105, 116, 168, 245, 238, 168, 226, 250, 220, 159, 231, 94, 35975, 222, 220, 169, 240, 235, 169, 246, 230, 168, 100, 222, 168, 247, 222, 220, 47991, 112, 46695, 117, 220, 166, 113, 108, 23821, 254, 226, 168, 110, 112, 35975, 246, 220, 166, 116, 108, 168, 246, 101, 23821, 108, 101, 35975, 112, 167, 98, 120, 23821, 226, 97, 167, 103, 227, 47991, 246, 167, 232, 242, 31619, 114, 222, 167, 114, 226, 168, 252, 227, 46695, 230, 46695, 97, 13, 220, 198, 12, 685, 168, 252, 238, 167, 96, 234, 17, 60, 167, 232, 242, 31619, 114, 223, 167, 108, 102, 166, 111, 226, 23821, 233, 251, 167, 45539, 23821, 226, 250, 168, 233, 251, 168, 100, 222, 168, 247, 222, 220, 169, 251, 105, 166, 115, 222, 23821, 233, 251, 167, 45539, 23821, 226, 250, 168, 233, 251, 168, 100, 222, 220, 166, 108, 226, 35975, 246, 220, 166, 116, 108, 168, 246, 101, 23821, 108, 101, 35975, 112, 167, 98, 120, 31619, 111, 112, 168, 245, 105, 168, 96, 120, 168, 100, 222, 23821, 243, 232, 168, 232, 113, 46695, 230, 46695, 97, 13, 220, 198, 12, 31619, 242, 108, 167, 251, 120, 168, 226, 250, 604, 167, 110, 230, 35975, 222, 23821, 254, 223, 168, 254, 230, 47991, 246, 168, 100, 222, 23821, 243, 232, 168, 232, 113, 46695, 230, 46695, 97, 13, 198, 198, 20, 167, 110, 230, 25, 357, 168, 226, 254, 169, 225, 251, 168, 100, 222, 642, 167, 110, 230, 168, 245, 238, 31619, 234, 222, 47991, 250, 31619, 233, 113, 167, 111, 222, 8, 198, 12, 31619, 108, 250, 169, 239, 250, 167, 105, 116, 168, 245, 238, 168, 226, 250, 220, 159, 231, 95, 35975, 222, 366, 169, 246, 226, 168, 252, 105, 166, 117, 234, 168, 100, 222, 220, 166, 113, 255, 167, 224, 112, 35975, 246, 220, 169, 240, 235, 169, 246, 230, 168, 100, 222, 168, 245, 238, 168, 226, 250, 31619, 108, 250, 166, 110, 105, 167, 238, 250, 23679, 168, 95, 227, 35975, 246, 31619, 114, 223, 167, 108, 102, 166, 111, 226, 23821, 233, 251, 167, 45539, 23821, 97, 239, 23821, 251, 120, 167, 114, 222, 167, 98, 120, 31619, 103, 102, 167, 94, 251, 168, 250, 120, 167, 94, 250, 23821, 254, 243, 167, 99, 105, 47991, 246, 166, 111, 254, 11, 23821, 224, 108, 167, 99, 120, 168, 110, 255, 168, 245, 238, 168, 226, 250, 23821, 100, 222, 168, 254, 243, 47991, 250, 220, 169, 251, 105, 166, 115, 222, 23821, 233, 251, 167, 45539, 168, 245, 238, 220, 47991, 112, 46695, 117, 47991, 246, 167, 232, 242, 168, 100, 222, 23821, 245, 105, 167, 114, 222, 167, 98, 120, 220, 169, 239, 250, 168, 233, 250, 1, 47991, 250, 23821, 252, 238, 167, 96, 234, 167, 251, 120, 166, 111, 254, 23821, 226, 97, 167, 103, 227, 47991, 246, 166, 111, 254, 23821, 252, 230, 168, 232, 113, 46695, 230, 46695, 97, 13, 220, 198, 12, 685, 168, 252, 238, 167, 96, 234, 18, 60, 35975, 222, 31619, 114, 223, 167, 108, 102, 166, 111, 226, 23821, 233, 251, 167, 45539, 31619, 103, 102, 167, 94, 251, 166, 111, 120, 220, 169, 251, 105, 166, 115, 222, 23821, 233, 251, 167, 45539, 23821, 245, 105, 167, 114, 222, 167, 98, 120, 31619, 111, 112, 168, 245, 105, 168, 96, 120, 167, 232, 242, 220, 169, 239, 250, 167, 94, 250, 11, 220, 159, 231, 95, 168, 245, 238, 31619, 234, 222, 47991, 250, 23821, 226, 97, 167, 103, 227, 166, 111, 120, 23821, 251, 120, 168, 117, 246, 47991, 102, 46695, 230, 46695, 97, 13, 220, 198, 12, 31619, 242, 108, 167, 251, 120, 168, 226, 250, 642, 167, 110, 230, 35975, 222, 220, 159, 231, 95, 168, 245, 238, 31619, 234, 222, 47991, 250, 23821, 226, 97, 167, 103, 227, 168, 250, 120, 167, 94, 250, 23821, 254, 223, 168, 254, 230, 47991, 102, 46695, 230, 46695, 97, 13, 198, 198, 168, 113, 250, 168, 95, 227, 23821, 254, 243, 46695, 113, 25, 642, 167, 110, 230]","[0.5, 0.5, 0.5, 0.5, 0.5, 0.5, 0.5, 0.5, 0.5, 0.5, 0.5, 0.5, 0.5, 0.5, 0.5, 0.5, 0.5, 0.5, 0.5, 0.5, 0.5, 0.5, 0.5, 0.5, 0.5, 0.5, 0.5, 0.5, 0.5, 0.5, 0.5, 0.5, 0.5, 0.5, 0.5, 0.5, 0.5, 0.5, 0.5, 0.5, 0.5, 0.5, 0.5, 0.5, 0.5, 0.5, 0.5, 0.5, 0.5, 0.5, 0.5, 0.5, 0.5, 0.5, 0.5, 0.5, 0.5, 0.5, 0.5, 0.5, 0.5, 0.5, 0.5, 0.5, 0.5, 0.5, 0.5, 0.5, 0.5, 0.5, 0.5, 0.5, 0.5, 0.5, 0.5, 0.5, 0.5, 0.5, 0.5, 0.5, 0.5, 0.5, 0.5, 0.5, 0.5, 0.5, 0.5, 0.5, 0.5, 0.5, 0.5, 0.5, 0.5, 0.5, 0.5, 0.5, 0.5, 0.5, 0.5, 0.5, 0.5, 0.5, 0.5, 0.5, 0.5, 0.5, 0.5, 0.5, 0.5, 0.5, 0.5, 0.5, 0.5, 0.5, 0.5, 0.5, 0.5, 0.5, 0.5, 0.5, 0.5, 0.5, 0.5, 0.5, 0.5, 0.5, 0.5, 0.5, 0.5, 0.5, 0.5, 0.5, 0.5, 0.5, 0.5, 0.5, 0.5, 0.5, 0.5, 0.5, 0.5, 0.5, 0.5, 0.5, 0.5, 0.5, 0.5, 0.5, 0.5, 0.5, 0.5, 0.5, 0.5, 0.5, 0.5, 0.5, 0.5, 0.5, 0.5, 0.5, 0.5, 0.5, 0.5, 0.5, 0.5, 0.5, 0.5, 0.5, 0.5, 0.5, 0.5, 0.5, 0.5, 0.5, 0.5, 0.5, 0.5, 0.5, 0.5, 0.5, 0.5, 0.5, 0.5, 0.5, 0.5, 0.5, 0.5, 0.5, 0.5, 0.5, 0.5, 0.5, 0.5, 0.5, 0.5, 0.5, 0.5, 0.5, 0.5, 0.5, 0.5, 0.5, 0.5, 0.5, 0.5, 0.5, 0.5, 0.5, 0.5, 0.5, 0.5, 0.5, 0.5, 0.5, 0.5, 0.5, 0.5, 0.5, 0.5, 0.5, 0.5, 0.5, 0.5, 0.5, 0.5, 0.5, 0.5, 0.5, 0.5, 0.5, 0.5, 0.5, 0.5, 0.5, 0.5, 0.5, 0.5, 0.5, 0.5, 0.5, 0.5, 0.5, 0.5, 0.5, 0.5, 0.5, 0.5, 0.5, 0.5, 0.5, 0.5, 0.5, 0.5, 0.5, 0.5, 0.5, 0.5, 0.5, 0.5, 0.5, 0.5, 0.5, 0.5, 0.5, 0.5, 0.5, 0.5, 0.5, 0.5, 0.5, 0.5, 0.5, 0.5, 0.5, 0.5, 0.5, 0.5, 0.5, 0.5, 0.5, 0.5, 0.5, 0.5, 0.5, 0.5, 0.5, 0.5, 0.5, 0.5, 0.5, 0.5, 0.5, 0.5, 0.5, 0.5, 0.5, 0.5, 0.5, 0.5, 0.5, 0.5, 0.5, 0.5, 0.5, 0.5, 0.5, 0.5, 0.5, 0.5, 0.5, 0.5, 0.5, 0.5, 0.5, 0.5, 0.5, 0.5, 0.5, 0.5, 0.5, 0.5, 0.5, 0.5, 0.5, 0.5, 0.5, 0.5, 0.5, 0.5, 0.5, 0.5, 0.5, 0.5, 0.5, 0.5, 0.5, 0.5, 0.5, 0.5, 0.5, 0.5, 0.5, 0.5, 0.5, 0.5, 0.5, 0.5, 0.5, 0.5, 0.5, 0.5, 0.5, 0.5, 0.5, 0.5, 0.5, 0.5, 0.5, 0.5, 0.5, 0.5, 0.5, 0.5, 0.5, 0.5, 0.5, 0.5, 0.5, 0.5, 0.5, 0.5, 0.5, 0.5, 0.5, 0.5, 0.5, 0.5, 0.5, 0.5, 0.5, 0.5, 0.5, 0.5, 0.5, 0.5, 0.5, 0.5, 0.5, 0.5, 0.5, 0.5, 0.5, 0.5, 0.5, 0.5, 0.5, 0.5, 0.5, 0.5, 0.5, 0.5, 0.5, 0.5, 0.5, 0.5, 0.5, 0.5, 0.5, 0.5, 0.5, 0.5, 0.5, 0.5, 0.5, 0.5, 0.5, 0.5, 0.5, 0.5, 0.5, 0.5, 0.5, 0.5, 0.5, 0.5, 0.5, 0.5, 0.5, 0.5, 0.5, 0.5, 0.5, 0.5, 0.5, 0.5, 0.5, 0.5, 0.5, 0.5, 0.5, 0.5, 0.5, 0.5, 0.5, 0.5, 0.5, 0.5, 0.5, 0.5, 0.5, 0.5, 0.5, 0.5, 0.5, 0.5, 0.5, 0.5, 0.5, 0.5, 0.5, 0.5, 0.5, 0.5, 0.5, 0.5, 0.5, 0.5, 0.5, 0.5, 0.5, 0.5, 0.5, 0.5, 0.5, 0.5, 0.5, 0.5, 0.5, 0.5, 0.5, 0.5, 0.5, 0.5, 0.5, 0.5, 0.5, 0.5, 0.5, 0.5, 0.5, 0.5, 0.5, 0.5, 0.5, 0.5, 0.5, 0.5, 0.5, 0.5, 0.5, 0.5, 0.5, 0.5, 0.5, 0.5, 0.5, 0.5, 0.5, 0.5, 0.5, 0.5, 0.5, 0.5, 0.5, 0.5, 0.5, 0.5, 0.5, 0.5, 0.5, 0.5, 0.5, 0.5, 0.5, 0.5, 0.5, 0.5, 0.5, 0.5, 0.5, 0.5, 0.5, 0.5, 0.5, 0.5, 0.5, 0.5, 0.5, 0.5, 0.5, 0.5, 0.5, 0.5, 0.5, 0.5, 0.5, 0.5, 0.5, 0.5, 0.5, 0.5, 0.5, 0.5, 0.5, 0.5, 0.5, 0.5, 0.5, 0.5, 0.5, 0.5, 0.5, 0.5, 0.5, 0.5, 0.5, 0.5, 0.5, 0.5, 0.5, 0.5, 0.5, 0.5, 0.5, 0.5, 0.5, 0.5, 0.5, 0.5, 0.5, 0.5, 0.5, 0.5, 0.5, 0.5, 0.5, 0.5, 0.5, 0.5, 0.5, 0.5, 0.5, 0.5, 0.5, 0.5, 0.5, 0.5, 0.5, 0.5, 0.5, 0.5, 0.5, 0.5, 0.5, 0.5, 0.5, 0.5, 0.5, 0.5, 0.5, 0.5, 0.5, 0.5, 0.5, 0.5, 0.5, 0.5, 0.5, 0.5, 0.5, 0.5, 0.5, 0.5, 0.5, 0.5, 0.5, 0.5, 0.5, 0.5, 0.5, 0.5, 0.5, 0.5, 0.5, 0.5, 0.5, 0.5, 0.5, 0.5, 0.5, 0.5, 0.5, 0.5, 0.5, 0.5, 0.5, 0.5, 0.5, 0.5, 0.5, 0.5, 0.5, 0.5, 0.5, 0.5, 0.5, 0.5, 0.5, 0.5, 0.5, 0.5, 0.5, 0.5, 0.5, 0.5, 0.5, 0.5, 0.5, 0.5, 0.5, 0.5, 0.5, 0.5, 0.5, 0.5, 0.5, 0.5, 0.5, 0.5, 0.5, 0.5, 0.5, 0.5, 0.5, 0.5, 0.5, 0.5, 0.5, 0.5, 0.5, 0.5, 0.5, 0.5, 0.5, 0.5, 0.5, 0.5, 0.5, 0.5, 0.5, 0.5, 0.5, 0.5, 0.5, 0.5, 0.5, 0.5, 0.5, 0.5, 0.5, 0.5, 0.5, 0.5, 0.5, 0.5, 0.5, 0.5, 0.5, 0.5, 0.5, 0.5, 0.5, 0.5, 0.5, 0.5, 0.5, 0.5, 0.5, 0.5, 0.5, 0.5, 0.5, 0.5, 0.5, 0.5, 0.5, 0.5, 0.5, 0.5, 0.5, 0.5, 0.5, 0.5, 0.5, 0.5, 0.5, 0.5, 0.5, 0.5, 0.5, 0.5, 0.5, 0.5, 0.5, 0.5, 0.5, 0.5, 0.5, 0.5, 0.5, 0.5, 0.5, 0.5, 0.5, 0.5, 0.5, 0.5, 0.5, 0.5, 0.5, 0.5, 0.5, 0.5, 0.5, 0.5, 0.5, 0.5, 0.5, 0.5, 0.5, 0.5, 0.5, 0.5, 0.5, 0.5, 0.5, 0.5, 0.5, 0.5, 0.5, 0.5, 0.5, 0.5, 0.5, 0.5, 0.5, 0.5, 0.5, 0.5, 0.5, 0.5, 0.5, 0.5, 0.5, 0.5, 0.5, 0.5, 0.5, 0.5, 0.5, 0.5, 0.5, 0.5, 0.5, 0.5, 0.5, 0.5, 0.5, 0.5, 0.5, 0.5, 0.5, 0.5, 0.5, 0.5, 0.5, 0.5, 0.5, 0.5, 0.5, 0.5, 0.5, 0.5, 0.5, 0.5, 0.5, 0.5, 0.5, 0.5, 0.5, 0.5, 0.5, 0.5, 0.5, 0.5, 0.5, 0.5, 0.5, 0.5, 0.5, 0.5, 0.5, 0.5, 0.5, 0.5, 0.5, 0.5, 0.5, 0.5, 0.5, 0.5, 0.5, 0.5, 0.5, 0.5, 0.5, 0.5, 0.5, 0.5, 0.5, 0.5, 0.5, 0.5, 0.5, 0.5, 0.5, 0.5, 0.5, 0.5, 0.5, 0.5, 0.5, 0.5, 0.5, 0.5, 0.5, 0.5, 0.5, 0.5, 0.5, 0.5, 0.5, 0.5, 0.5, 0.5, 0.5, 0.5, 0.5, 0.5, 0.5, 0.5, 0.5, 0.5, 0.5, 0.5, 0.5, 0.5, 0.5, 0.5, 0.5, 0.5, 0.5, 0.5, 0.5, 0.5, 0.5, 0.5, 0.5, 0.5, 0.5, 0.5, 0.5, 0.5, 0.5, 0.5, 0.5, 0.5, 0.5, 0.5, 0.5, 0.5, 0.5, 0.5, 0.5, 0.5, 0.5, 0.5, 0.5, 0.5, 0.5, 0.5, 0.5, 0.5, 0.5, 0.5, 0.5, 0.5, 0.5, 0.5, 0.5, 0.5, 0.5, 0.5, 0.5, 0.5, 0.5, 0.5, 0.5, 0.5, 0.5, 0.5, 0.5, 0.5, 0.5, 0.5, 0.5, 0.5, 0.5, 0.5, 0.5, 0.5, 0.5, 0.5, 0.5, 0.5, 0.5, 0.5, 0.5, 0.5, 0.5, 0.5, 0.5, 0.5, 0.5, 0.5, 0.5, 0.5, 0.5, 0.5, 0.5, 0.5, 0.5, 0.5, 0.5, 0.5, 0.5, 0.5, 0.5, 0.5, 0.5, 0.5, 0.5, 0.5, 0.5, 0.5, 0.5, 0.5, 0.5, 0.5, 0.5, 0.5, 0.5, 0.5, 0.5, 0.5, 0.5, 0.5, 0.5, 0.5, 0.5, 0.5, 0.5, 0.5, 0.5, 0.5, 0.5, 0.5, 0.5, 0.5, 0.5, 0.5, 0.5, 0.5, 0.5, 0.5, 0.5, 0.5, 0.5, 0.5, 0.5, 0.5, 0.5, 0.5, 0.5, 0.5, 0.5, 0.5, 0.5, 0.5, 0.5, 0.5, 0.5, 0.5, 0.5, 0.5, 0.5, 0.5, 0.5, 0.5, 0.5, 0.5, 0.5, 0.5, 0.5, 0.5, 0.5, 0.5, 0.5, 0.5, 0.5, 0.5, 0.5, 0.5, 0.5, 0.5, 0.5, 0.5, 0.5, 0.5, 0.5, 0.5, 0.5, 0.5, 0.5, 0.5, 0.5, 0.5, 0.5, 0.5, 0.5, 0.5, 0.5, 0.5, 0.5, 0.5, 0.5, 0.5, 0.5, 0.5, 0.5, 0.5, 0.5, 0.5, 0.5, 0.5, 0.5, 0.5, 0.5, 0.5, 0.5, 0.5, 0.5, 0.5, 0.5, 0.5, 0.5, 0.5, 0.5, 0.5, 0.5, 0.5, 0.5, 0.5, 0.5, 0.5, 0.5, 0.5, 0.5, 0.5, 0.5, 0.5, 0.5, 0.5, 0.5, 0.5, 0.5, 0.5, 0.5, 0.5, 0.5, 0.5, 0.5, 0.5, 0.5, 0.5, 0.5, 0.5, 0.5, 0.5, 0.5, 0.5, 0.5, 0.5, 0.5, 0.5, 0.5, 0.5, 0.5, 0.5, 0.5, 0.5, 0.5, 0.5, 0.5, 0.5, 0.5, 0.5, 0.5, 0.5, 0.5, 0.5, 0.5, 0.5, 0.5, 0.5, 0.5, 0.5, 0.5, 0.5, 0.5, 0.5, 0.5, 0.5, 0.5, 0.5, 0.5, 0.5, 0.5, 0.5, 0.5, 0.5, 0.5, 0.5, 0.5, 0.5, 0.5, 0.5, 0.5, 0.5, 0.5, 0.5, 0.5, 0.5, 0.5, 0.5, 0.5, 0.5, 0.5, 0.5, 0.5, 0.5, 0.5, 0.5, 0.5, 0.5, 0.5, 0.5, 0.5, 0.5, 0.5, 0.5, 0.5, 0.5, 0.5, 0.5, 0.5, 0.5, 0.5, 0.5, 0.5, 0.5, 0.5, 0.5, 0.5, 0.5, 0.5, 0.5, 0.5, 0.5, 0.5, 0.5, 0.5, 0.5, 0.5, 0.5, 0.5, 0.5, 0.5, 0.5, 0.5, 0.5, 0.5, 0.5, 0.5, 0.5, 0.5, 0.5, 0.5, 0.5, 0.5, 0.5, 0.5, 0.5, 0.5, 0.5, 0.5, 0.5, 0.5, 0.5, 0.5, 0.5, 0.5, 0.5, 0.5, 0.5, 0.5, 0.5, 0.5, 0.5, 0.5, 0.5, 0.5, 0.5, 0.5, 0.5, 0.5, 0.5, 0.5, 0.5, 0.5, 0.5, 0.5, 0.5, 0.5, 0.5, 0.5, 0.5, 0.5, 0.5, 0.5, 0.5, 0.5, 0.5, 0.5, 0.5, 0.5, 0.5, 0.5, 0.5, 0.5, 0.5, 0.5, 0.5, 0.5, 0.5, 0.5, 0.5, 0.5, 0.5, 0.5, 0.5, 0.5, 0.5, 0.5, 0.5, 0.5, 0.5, 0.5, 0.5, 0.5, 0.5, 0.5, 0.5, 0.5, 0.5, 0.5, 0.5, 0.5, 0.5, 0.5, 0.5, 0.5, 0.5, 0.5, 0.5, 0.5, 0.5, 0.5, 0.5, 0.5, 0.5, 0.5, 0.5, 0.5, 0.5, 0.5, 0.5, 0.5, 0.5, 0.5, 0.5, 0.5, 0.5, 0.5, 0.5, 0.5, 0.5, 0.5, 0.5, 0.5, 0.5, 0.5, 0.5, 0.5, 0.5, 0.5, 0.5, 0.5, 0.5, 0.5, 0.5, 0.5, 0.5, 0.5, 0.5, 0.5, 0.5, 0.5, 0.5, 0.5, 0.5, 0.5, 0.5, 0.5, 0.5, 0.5, 0.5, 0.5, 0.5, 0.5, 0.5, 0.5, 0.5, 0.5, 0.5, 0.5, 0.5, 0.5, 0.5, 0.5, 0.5, 0.5, 0.5, 0.5, 0.5, 0.5, 0.5, 0.5, 0.5, 0.5, 0.5, 0.5, 0.5, 0.5, 0.5, 0.5, 0.5, 0.5, 0.5, 0.5, 0.5, 0.5, 0.5, 0.5, 0.5, 0.5, 0.5, 0.5, 0.5, 0.5, 0.5, 0.5, 0.5, 0.5, 0.5, 0.5, 0.5, 0.5, 0.5, 0.5, 0.5, 0.5, 0.5, 0.5, 0.5, 0.5, 0.5, 0.5, 0.5, 0.5, 0.5, 0.5, 0.5, 0.5, 0.5, 0.5, 0.5, 0.5, 0.5, 0.5, 0.5, 0.5, 0.5, 0.5, 0.5, 0.5, 0.5, 0.5, 0.5, 0.5, 0.5, 0.5, 0.5, 0.5, 0.5, 0.5, 0.5, 0.5, 0.5, 0.5, 0.5, 0.5, 0.5, 0.5, 0.5, 0.5, 0.5, 0.5, 0.5, 0.5, 0.5, 0.5, 0.5, 0.5, 0.5, 0.5, 0.5, 0.5, 0.5, 0.5, 0.5, 0.5, 0.5, 0.5, 0.5, 0.5, 0.5, 0.5, 0.5, 0.5, 0.5, 0.5, 0.5, 0.5, 0.5, 0.5, 0.5, 0.5, 0.5, 0.5, 0.5, 0.5, 0.5, 0.5, 0.5, 0.5, 0.5, 0.5, 0.5, 0.5, 0.5, 0.5, 0.5, 0.5, 0.5, 0.5, 0.5, 0.5, 0.5, 0.5, 0.5, 0.5, 0.5, 0.5, 0.5, 0.5, 0.5, 0.5, 0.5, 0.5, 0.5, 0.5, 0.5, 0.5, 0.5, 0.5, 0.5, 0.5, 0.5, 0.5, 0.5, 0.5, 0.5, 0.5, 0.5, 0.5, 0.5, 0.5, 0.5, 0.5, 0.5, 0.5, 0.5, 0.5, 0.5, 0.5, 0.5, 0.5, 0.5, 0.5, 0.5, 0.5, 0.5, 0.5, 0.5, 0.5, 0.5, 0.5, 0.5, 0.5, 0.5, 0.5, 0.5, 0.5, 0.5, 0.5, 0.5, 0.5, 0.5, 0.5, 0.5, 0.5, 0.5, 0.5, 0.5, 0.5, 0.5, 0.5, 0.5, 0.5, 0.5, 0.5, 0.5, 0.5, 0.5, 0.5, 0.5, 0.5, 0.5, 0.5, 0.5, 0.5, 0.5, 0.5, 0.5, 0.5, 0.5, 0.5, 0.5, 0.5, 0.5, 0.5, 0.5, 0.5, 0.5, 0.5, 0.5, 0.5, 0.5, 0.5, 0.5, 0.5, 0.5, 0.5, 0.5, 0.5, 0.5, 0.5, 0.5, 0.5, 0.5, 0.5, 0.5, 0.5, 0.5, 0.5, 0.5, 0.5, 0.5, 0.5, 0.5, 0.5, 0.5, 0.5, 0.5, 0.5, 0.5, 0.5, 0.5, 0.5, 0.5, 0.5, 0.5, 0.5, 0.5, 0.5, 0.5, 0.5, 0.5, 0.5, 0.5, 0.5, 0.5, 0.5, 0.5, 0.5, 0.5, 0.5, 0.5, 0.5, 0.5, 0.5, 0.5, 0.5, 0.5, 0.5, 0.5, 0.5, 0.5, 0.5, 0.5, 0.5, 0.5, 0.5, 0.5, 0.5, 0.5, 0.5, 0.5, 0.5, 0.5, 0.5, 0.5, 0.5, 0.5, 0.5, 0.5, 0.5, 0.5, 0.5, 0.5, 0.5, 0.5, 0.5, 0.5, 0.5, 0.5, 0.5, 0.5, 0.5, 0.5, 0.5, 0.5, 0.5, 0.5, 0.5, 0.5, 0.5, 0.5, 0.5, 0.5, 0.5, 0.5, 0.5, 0.5, 0.5, 0.5, 0.5, 0.5, 0.5, 0.5, 0.5, 0.5, 0.5, 0.5, 0.5, 0.5, 0.5, 0.5, 0.5, 0.5, 0.5, 0.5, 0.5, 0.5, 0.5, 0.5, 0.5, 0.5, 0.5, 0.5, 0.5, 0.5, 0.5, 0.5, 0.5, 0.5, 0.5, 0.5, 0.5, 0.5, 0.5, 0.5, 0.5, 0.5, 0.5, 0.5, 0.5, 0.5, 0.5, 0.5, 0.5, 0.5, 0.5, 0.5, 0.5, 0.5, 0.5, 0.5, 0.5, 0.5, 0.5, 0.5, 0.5, 0.5, 0.5, 0.5, 0.5, 0.5, 0.5, 0.5, 0.5]",2
2026_11_KICE_35-37_2,['3(2)'],"1번: (선택지 1번에 대한 답변) 
- 학생1은 발표 내용을 이해했지만 다른 사람의 이해와 비교하는 언급은 없습니다. 
- ""백두대간의 고지대처럼 해발 고도가 높은 풍혈지""라는 표현은 발표 내용과 다릅니다.

2번: (선택지 2번에 대한 답변)
- 학생2는 발표에서 들은 월귤의 국내 서식지에 대한 정보를 사실로 받아들이고 있으며, 추가 정보를 원할 뿐 사실 여부를 점검하고 있지 않습니다.
- ""월귤의 국내 서식지가 서너 곳이라는 사실을 새롭게 알게 됐어""라는 표현에서 확인됩니다.

3번: (선택지 3번에 대한 답변) 
- 학생3은 풍혈지에 대한 정보가 자신의 보고서 작성에 도움이 될 것이라고 평가하고 있습니다.
- ""발표에서 들은 풍혈지에 관한 설명이 도움이 되겠어""라는 표현에서 유용성 측면에서 평가하고 있음을 알 수 있습니다.

4번: (선택지 4번에 대한 답변)
- 학생1은 발표 내용을 잘못 이해하고 있습니다. 발표에서는 ""해발 고도가 낮은 곳에 있는 풍혈지""라고 했는데, 학생1은 ""고지대""라고 잘못 이해했습니다.
- 학생2는 발표 내용을 정확히 이해하고 있으며, 추가 정보를 원할 뿐입니다.

5번: (선택지 5번에 대한 답변)
- 학생2는 월귤의 해외 서식지에 대한 정보가 없어 아쉬워하고 있지만, 학생3은 발표 내용이 도움이 될 것이라고 긍정적으로 평가하고 있습니다.

최종 정답: 3번

이유:
- 학생3은 발표에서 얻은 풍혈지 정보가 자신의 보고서 작성이라는 실용적인 목적에 유용할 것이라고 평가하고 있습니다.
- 이는 발표 내용의 유용성을 평가하는 것으로, 선택지 3번의 설명과 일치합니다.
- 다른 선택지들은 각 학생들의 반응을 정확히 설명하지 못합니다.","[16, 167, 110, 230, 25, 357, 168, 226, 254, 169, 225, 251, 168, 100, 222, 352, 167, 110, 230, 168, 245, 238, 31619, 234, 222, 47991, 250, 31619, 233, 113, 167, 111, 222, 8, 220, 198, 12, 220, 47991, 247, 168, 225, 251, 16, 35975, 222, 31619, 108, 250, 169, 239, 250, 31619, 224, 112, 168, 248, 102, 35975, 226, 23821, 251, 112, 47991, 112, 169, 244, 230, 168, 100, 222, 167, 100, 234, 31619, 233, 97, 167, 98, 116, 23821, 8955, 167, 252, 234, 35975, 246, 23821, 251, 112, 47991, 112, 168, 247, 222, 31619, 117, 226, 166, 113, 238, 47991, 246, 167, 232, 242, 23821, 244, 116, 166, 116, 231, 35975, 222, 23821, 245, 228, 168, 232, 113, 46695, 230, 46695, 97, 13, 220, 198, 12, 366, 167, 108, 109, 167, 239, 238, 167, 234, 222, 166, 108, 226, 35975, 246, 220, 166, 111, 254, 168, 100, 222, 167, 234, 222, 168, 110, 246, 167, 253, 120, 220, 47991, 112, 167, 108, 250, 220, 166, 111, 254, 167, 237, 226, 166, 108, 222, 31619, 10253, 35975, 222, 220, 169, 240, 235, 169, 246, 230, 168, 100, 222, 1, 167, 251, 120, 167, 232, 242, 220, 169, 239, 250, 169, 246, 226, 35975, 222, 31619, 108, 250, 169, 239, 250, 31619, 224, 112, 168, 248, 102, 166, 111, 120, 31619, 233, 97, 167, 99, 227, 46695, 230, 46695, 97, 13, 198, 198, 17, 167, 110, 230, 25, 357, 168, 226, 254, 169, 225, 251, 168, 100, 222, 362, 167, 110, 230, 168, 245, 238, 31619, 234, 222, 47991, 250, 31619, 233, 113, 167, 111, 222, 8, 198, 12, 220, 47991, 247, 168, 225, 251, 17, 167, 232, 242, 31619, 108, 250, 169, 239, 250, 168, 245, 238, 168, 226, 250, 31619, 241, 97, 35975, 222, 23821, 249, 242, 166, 115, 97, 35975, 246, 220, 166, 113, 255, 167, 224, 112, 23821, 226, 250, 168, 233, 251, 168, 100, 222, 168, 245, 238, 31619, 234, 222, 47991, 250, 23821, 254, 243, 167, 111, 112, 167, 98, 120, 23821, 8955, 168, 233, 97, 167, 94, 250, 31619, 108, 249, 168, 243, 226, 167, 241, 97, 35975, 112, 166, 111, 254, 23821, 252, 230, 168, 250, 120, 167, 102, 108, 11, 23821, 114, 242, 166, 108, 222, 23821, 254, 243, 167, 111, 112, 167, 98, 120, 23821, 249, 238, 47991, 254, 31619, 123, 238, 23821, 8955, 168, 233, 97, 23821, 245, 105, 167, 114, 222, 167, 98, 120, 23821, 254, 238, 166, 110, 222, 47991, 246, 166, 111, 254, 23821, 252, 230, 168, 100, 222, 23821, 243, 232, 168, 232, 113, 46695, 230, 46695, 97, 13, 198, 12, 366, 168, 249, 242, 166, 115, 97, 35975, 246, 220, 166, 113, 255, 167, 224, 112, 23821, 226, 250, 168, 233, 251, 168, 100, 222, 166, 108, 222, 23821, 226, 250, 167, 226, 230, 220, 166, 111, 111, 35975, 112, 167, 251, 120, 167, 232, 242, 23821, 8955, 168, 233, 97, 35975, 226, 23821, 225, 230, 167, 94, 255, 166, 110, 234, 23821, 243, 234, 166, 110, 234, 31619, 238, 238, 168, 244, 112, 1, 167, 251, 120, 167, 232, 242, 220, 169, 239, 250, 169, 246, 226, 168, 245, 238, 168, 226, 250, 220, 169, 247, 243, 35975, 116, 167, 238, 102, 46695, 230, 46695, 97, 13, 198, 198, 18, 167, 110, 230, 25, 357, 168, 226, 254, 169, 225, 251, 168, 100, 222, 513, 167, 110, 230, 168, 245, 238, 31619, 234, 222, 47991, 250, 31619, 233, 113, 167, 111, 222, 8, 220, 198, 12, 220, 47991, 247, 168, 225, 251, 18, 35975, 222, 220, 169, 240, 235, 169, 246, 230, 168, 100, 222, 168, 245, 238, 31619, 234, 222, 47991, 250, 23821, 254, 243, 167, 111, 112, 166, 108, 222, 23821, 252, 238, 168, 233, 254, 35975, 246, 31619, 111, 112, 166, 111, 254, 168, 226, 250, 23821, 252, 239, 168, 226, 109, 168, 245, 238, 31619, 237, 226, 168, 249, 222, 35975, 112, 31619, 238, 254, 220, 166, 110, 225, 35975, 112, 167, 251, 120, 166, 111, 254, 220, 169, 237, 231, 166, 108, 222, 47991, 246, 166, 111, 254, 23821, 252, 230, 168, 232, 113, 46695, 230, 46695, 97, 13, 198, 12, 366, 167, 108, 250, 169, 239, 250, 168, 245, 238, 168, 226, 250, 31619, 241, 97, 35975, 222, 220, 169, 240, 235, 169, 246, 230, 168, 100, 222, 168, 245, 238, 220, 166, 112, 222, 47991, 250, 23821, 226, 97, 167, 103, 227, 35975, 112, 31619, 237, 226, 168, 249, 222, 35975, 112, 31619, 238, 246, 166, 110, 254, 168, 244, 112, 1, 167, 251, 120, 167, 232, 242, 220, 169, 239, 250, 169, 246, 226, 168, 245, 238, 168, 226, 250, 23821, 250, 254, 168, 248, 102, 168, 226, 109, 23821, 116, 94, 167, 102, 112, 168, 245, 238, 168, 226, 250, 220, 169, 237, 231, 166, 108, 222, 47991, 246, 166, 111, 254, 23821, 252, 230, 35975, 234, 35975, 226, 23821, 243, 234, 23821, 230, 246, 23821, 252, 230, 168, 232, 113, 46695, 230, 46695, 97, 13, 198, 198, 19, 167, 110, 230, 25, 357, 168, 226, 254, 169, 225, 251, 168, 100, 222, 604, 167, 110, 230, 168, 245, 238, 31619, 234, 222, 47991, 250, 31619, 233, 113, 167, 111, 222, 8, 198, 12, 220, 47991, 247, 168, 225, 251, 16, 35975, 222, 31619, 108, 250, 169, 239, 250, 31619, 224, 112, 168, 248, 102, 35975, 226, 23821, 252, 246, 167, 103, 119, 23821, 251, 112, 47991, 112, 47991, 246, 166, 111, 254, 23821, 252, 230, 168, 232, 113, 46695, 230, 46695, 97, 13, 31619, 108, 250, 169, 239, 250, 168, 245, 238, 168, 226, 250, 167, 232, 242, 366, 47991, 112, 167, 108, 250, 220, 166, 111, 254, 167, 237, 226, 166, 108, 222, 31619, 224, 106, 35975, 222, 220, 166, 111, 111, 168, 245, 238, 23821, 252, 230, 167, 232, 242, 220, 169, 240, 235, 169, 246, 230, 168, 100, 222, 1, 167, 251, 120, 166, 111, 254, 220, 169, 244, 230, 167, 232, 242, 167, 235, 108, 11, 220, 47991, 247, 168, 225, 251, 16, 35975, 222, 366, 166, 111, 254, 168, 100, 222, 167, 234, 222, 1, 167, 251, 120, 166, 111, 254, 23821, 252, 246, 167, 103, 119, 23821, 251, 112, 47991, 112, 169, 244, 230, 168, 232, 113, 46695, 230, 46695, 97, 13, 198, 12, 220, 47991, 247, 168, 225, 251, 17, 167, 232, 242, 31619, 108, 250, 169, 239, 250, 31619, 224, 112, 168, 248, 102, 35975, 226, 23821, 254, 243, 169, 247, 243, 169, 252, 230, 23821, 251, 112, 47991, 112, 47991, 246, 166, 111, 254, 23821, 252, 230, 168, 250, 120, 167, 102, 108, 11, 23821, 114, 242, 166, 108, 222, 23821, 254, 243, 167, 111, 112, 167, 98, 120, 23821, 249, 238, 47991, 254, 31619, 123, 238, 168, 252, 227, 46695, 230, 46695, 97, 13, 198, 198, 20, 167, 110, 230, 25, 357, 168, 226, 254, 169, 225, 251, 168, 100, 222, 642, 167, 110, 230, 168, 245, 238, 31619, 234, 222, 47991, 250, 31619, 233, 113, 167, 111, 222, 8, 198, 12, 220, 47991, 247, 168, 225, 251, 17, 167, 232, 242, 23821, 249, 242, 166, 115, 97, 35975, 246, 220, 47991, 112, 168, 247, 116, 23821, 226, 250, 168, 233, 251, 168, 100, 222, 168, 245, 238, 31619, 234, 222, 47991, 250, 23821, 254, 243, 167, 111, 112, 166, 108, 222, 23821, 245, 228, 168, 244, 112, 23821, 243, 226, 168, 231, 105, 168, 249, 234, 47991, 246, 166, 111, 254, 23821, 252, 230, 168, 100, 222, 167, 100, 234, 11, 220, 47991, 247, 168, 225, 251, 18, 35975, 222, 31619, 108, 250, 169, 239, 250, 31619, 224, 112, 168, 248, 102, 35975, 112, 31619, 237, 226, 168, 249, 222, 35975, 112, 31619, 238, 254, 220, 166, 110, 225, 35975, 112, 167, 251, 120, 166, 111, 254, 220, 166, 116, 235, 168, 254, 243, 168, 254, 223, 168, 250, 120, 167, 94, 250, 220, 169, 237, 231, 166, 108, 222, 47991, 246, 166, 111, 254, 23821, 252, 230, 168, 232, 113, 46695, 230, 46695, 97, 13, 198, 198, 168, 113, 250, 168, 95, 227, 23821, 254, 243, 46695, 113, 25, 513, 167, 110, 230, 198, 198, 35975, 112, 168, 250, 254, 25, 198, 12, 220, 47991, 247, 168, 225, 251, 18, 35975, 222, 31619, 108, 250, 169, 239, 250, 168, 245, 238, 168, 226, 250, 23821, 244, 119, 35975, 222, 220, 169, 240, 235, 169, 246, 230, 168, 100, 222, 23821, 254, 243, 167, 111, 112, 166, 108, 222, 23821, 252, 238, 168, 233, 254, 35975, 246, 31619, 111, 112, 166, 111, 254, 168, 226, 250, 23821, 252, 239, 168, 226, 109, 35975, 112, 167, 251, 120, 167, 232, 242, 23821, 233, 97, 168, 248, 102, 168, 254, 223, 35975, 116, 31619, 103, 102, 168, 254, 223, 168, 245, 238, 23821, 250, 254, 168, 248, 102, 47991, 254, 220, 166, 110, 225, 35975, 112, 167, 251, 120, 166, 111, 254, 220, 169, 237, 231, 166, 108, 222, 47991, 246, 166, 111, 254, 23821, 252, 230, 168, 232, 113, 46695, 230, 46695, 97, 13, 198, 12, 23821, 251, 112, 167, 232, 242, 31619, 108, 250, 169, 239, 250, 31619, 224, 112, 168, 248, 102, 35975, 246, 23821, 250, 254, 168, 248, 102, 168, 226, 109, 35975, 226, 220, 169, 237, 231, 166, 108, 222, 47991, 246, 167, 232, 242, 220, 166, 110, 225, 168, 250, 120, 167, 94, 250, 11, 23821, 226, 254, 169, 225, 251, 168, 100, 222, 513, 167, 110, 230, 35975, 246, 23821, 226, 97, 167, 103, 227, 166, 111, 120, 23821, 251, 120, 168, 117, 246, 47991, 102, 46695, 230, 46695, 97, 13, 198, 12, 31619, 233, 97, 167, 98, 116, 23821, 226, 254, 169, 225, 251, 168, 100, 222, 167, 241, 97, 35975, 222, 220, 166, 108, 223, 220, 47991, 247, 168, 225, 251, 167, 241, 97, 35975, 246, 31619, 108, 246, 35975, 239, 35975, 226, 23821, 254, 243, 169, 247, 243, 169, 252, 230, 23821, 226, 97, 167, 103, 227, 47991, 246, 168, 100, 222, 31619, 103, 119, 47991, 102, 46695, 230, 46695, 97, 13]","[0.5, 0.5, 0.5, 0.5, 0.5, 0.5, 0.5, 0.5, 0.5, 0.5, 0.5, 0.5, 0.5, 0.5, 0.5, 0.5, 0.5, 0.5, 0.5, 0.5, 0.5, 0.5, 0.5, 0.5, 0.5, 0.5, 0.5, 0.5, 0.5, 0.5, 0.5, 0.5, 0.5, 0.5, 0.5, 0.5, 0.5, 0.5, 0.5, 0.5, 0.5, 0.5, 0.5, 0.5, 0.5, 0.5, 0.5, 0.5, 0.5, 0.5, 0.5, 0.5, 0.5, 0.5, 0.5, 0.5, 0.5, 0.5, 0.5, 0.5, 0.5, 0.5, 0.5, 0.5, 0.5, 0.5, 0.5, 0.5, 0.5, 0.5, 0.5, 0.5, 0.5, 0.5, 0.5, 0.5, 0.5, 0.5, 0.5, 0.5, 0.5, 0.5, 0.5, 0.5, 0.5, 0.5, 0.5, 0.5, 0.5, 0.5, 0.5, 0.5, 0.5, 0.5, 0.5, 0.5, 0.5, 0.5, 0.5, 0.5, 0.5, 0.5, 0.5, 0.5, 0.5, 0.5, 0.5, 0.5, 0.5, 0.5, 0.5, 0.5, 0.5, 0.5, 0.5, 0.5, 0.5, 0.5, 0.5, 0.5, 0.5, 0.5, 0.5, 0.5, 0.5, 0.5, 0.5, 0.5, 0.5, 0.5, 0.5, 0.5, 0.5, 0.5, 0.5, 0.5, 0.5, 0.5, 0.5, 0.5, 0.5, 0.5, 0.5, 0.5, 0.5, 0.5, 0.5, 0.5, 0.5, 0.5, 0.5, 0.5, 0.5, 0.5, 0.5, 0.5, 0.5, 0.5, 0.5, 0.5, 0.5, 0.5, 0.5, 0.5, 0.5, 0.5, 0.5, 0.5, 0.5, 0.5, 0.5, 0.5, 0.5, 0.5, 0.5, 0.5, 0.5, 0.5, 0.5, 0.5, 0.5, 0.5, 0.5, 0.5, 0.5, 0.5, 0.5, 0.5, 0.5, 0.5, 0.5, 0.5, 0.5, 0.5, 0.5, 0.5, 0.5, 0.5, 0.5, 0.5, 0.5, 0.5, 0.5, 0.5, 0.5, 0.5, 0.5, 0.5, 0.5, 0.5, 0.5, 0.5, 0.5, 0.5, 0.5, 0.5, 0.5, 0.5, 0.5, 0.5, 0.5, 0.5, 0.5, 0.5, 0.5, 0.5, 0.5, 0.5, 0.5, 0.5, 0.5, 0.5, 0.5, 0.5, 0.5, 0.5, 0.5, 0.5, 0.5, 0.5, 0.5, 0.5, 0.5, 0.5, 0.5, 0.5, 0.5, 0.5, 0.5, 0.5, 0.5, 0.5, 0.5, 0.5, 0.5, 0.5, 0.5, 0.5, 0.5, 0.5, 0.5, 0.5, 0.5, 0.5, 0.5, 0.5, 0.5, 0.5, 0.5, 0.5, 0.5, 0.5, 0.5, 0.5, 0.5, 0.5, 0.5, 0.5, 0.5, 0.5, 0.5, 0.5, 0.5, 0.5, 0.5, 0.5, 0.5, 0.5, 0.5, 0.5, 0.5, 0.5, 0.5, 0.5, 0.5, 0.5, 0.5, 0.5, 0.5, 0.5, 0.5, 0.5, 0.5, 0.5, 0.5, 0.5, 0.5, 0.5, 0.5, 0.5, 0.5, 0.5, 0.5, 0.5, 0.5, 0.5, 0.5, 0.5, 0.5, 0.5, 0.5, 0.5, 0.5, 0.5, 0.5, 0.5, 0.5, 0.5, 0.5, 0.5, 0.5, 0.5, 0.5, 0.5, 0.5, 0.5, 0.5, 0.5, 0.5, 0.5, 0.5, 0.5, 0.5, 0.5, 0.5, 0.5, 0.5, 0.5, 0.5, 0.5, 0.5, 0.5, 0.5, 0.5, 0.5, 0.5, 0.5, 0.5, 0.5, 0.5, 0.5, 0.5, 0.5, 0.5, 0.5, 0.5, 0.5, 0.5, 0.5, 0.5, 0.5, 0.5, 0.5, 0.5, 0.5, 0.5, 0.5, 0.5, 0.5, 0.5, 0.5, 0.5, 0.5, 0.5, 0.5, 0.5, 0.5, 0.5, 0.5, 0.5, 0.5, 0.5, 0.5, 0.5, 0.5, 0.5, 0.5, 0.5, 0.5, 0.5, 0.5, 0.5, 0.5, 0.5, 0.5, 0.5, 0.5, 0.5, 0.5, 0.5, 0.5, 0.5, 0.5, 0.5, 0.5, 0.5, 0.5, 0.5, 0.5, 0.5, 0.5, 0.5, 0.5, 0.5, 0.5, 0.5, 0.5, 0.5, 0.5, 0.5, 0.5, 0.5, 0.5, 0.5, 0.5, 0.5, 0.5, 0.5, 0.5, 0.5, 0.5, 0.5, 0.5, 0.5, 0.5, 0.5, 0.5, 0.5, 0.5, 0.5, 0.5, 0.5, 0.5, 0.5, 0.5, 0.5, 0.5, 0.5, 0.5, 0.5, 0.5, 0.5, 0.5, 0.5, 0.5, 0.5, 0.5, 0.5, 0.5, 0.5, 0.5, 0.5, 0.5, 0.5, 0.5, 0.5, 0.5, 0.5, 0.5, 0.5, 0.5, 0.5, 0.5, 0.5, 0.5, 0.5, 0.5, 0.5, 0.5, 0.5, 0.5, 0.5, 0.5, 0.5, 0.5, 0.5, 0.5, 0.5, 0.5, 0.5, 0.5, 0.5, 0.5, 0.5, 0.5, 0.5, 0.5, 0.5, 0.5, 0.5, 0.5, 0.5, 0.5, 0.5, 0.5, 0.5, 0.5, 0.5, 0.5, 0.5, 0.5, 0.5, 0.5, 0.5, 0.5, 0.5, 0.5, 0.5, 0.5, 0.5, 0.5, 0.5, 0.5, 0.5, 0.5, 0.5, 0.5, 0.5, 0.5, 0.5, 0.5, 0.5, 0.5, 0.5, 0.5, 0.5, 0.5, 0.5, 0.5, 0.5, 0.5, 0.5, 0.5, 0.5, 0.5, 0.5, 0.5, 0.5, 0.5, 0.5, 0.5, 0.5, 0.5, 0.5, 0.5, 0.5, 0.5, 0.5, 0.5, 0.5, 0.5, 0.5, 0.5, 0.5, 0.5, 0.5, 0.5, 0.5, 0.5, 0.5, 0.5, 0.5, 0.5, 0.5, 0.5, 0.5, 0.5, 0.5, 0.5, 0.5, 0.5, 0.5, 0.5, 0.5, 0.5, 0.5, 0.5, 0.5, 0.5, 0.5, 0.5, 0.5, 0.5, 0.5, 0.5, 0.5, 0.5, 0.5, 0.5, 0.5, 0.5, 0.5, 0.5, 0.5, 0.5, 0.5, 0.5, 0.5, 0.5, 0.5, 0.5, 0.5, 0.5, 0.5, 0.5, 0.5, 0.5, 0.5, 0.5, 0.5, 0.5, 0.5, 0.5, 0.5, 0.5, 0.5, 0.5, 0.5, 0.5, 0.5, 0.5, 0.5, 0.5, 0.5, 0.5, 0.5, 0.5, 0.5, 0.5, 0.5, 0.5, 0.5, 0.5, 0.5, 0.5, 0.5, 0.5, 0.5, 0.5, 0.5, 0.5, 0.5, 0.5, 0.5, 0.5, 0.5, 0.5, 0.5, 0.5, 0.5, 0.5, 0.5, 0.5, 0.5, 0.5, 0.5, 0.5, 0.5, 0.5, 0.5, 0.5, 0.5, 0.5, 0.5, 0.5, 0.5, 0.5, 0.5, 0.5, 0.5, 0.5, 0.5, 0.5, 0.5, 0.5, 0.5, 0.5, 0.5, 0.5, 0.5, 0.5, 0.5, 0.5, 0.5, 0.5, 0.5, 0.5, 0.5, 0.5, 0.5, 0.5, 0.5, 0.5, 0.5, 0.5, 0.5, 0.5, 0.5, 0.5, 0.5, 0.5, 0.5, 0.5, 0.5, 0.5, 0.5, 0.5, 0.5, 0.5, 0.5, 0.5, 0.5, 0.5, 0.5, 0.5, 0.5, 0.5, 0.5, 0.5, 0.5, 0.5, 0.5, 0.5, 0.5, 0.5, 0.5, 0.5, 0.5, 0.5, 0.5, 0.5, 0.5, 0.5, 0.5, 0.5, 0.5, 0.5, 0.5, 0.5, 0.5, 0.5, 0.5, 0.5, 0.5, 0.5, 0.5, 0.5, 0.5, 0.5, 0.5, 0.5, 0.5, 0.5, 0.5, 0.5, 0.5, 0.5, 0.5, 0.5, 0.5, 0.5, 0.5, 0.5, 0.5, 0.5, 0.5, 0.5, 0.5, 0.5, 0.5, 0.5, 0.5, 0.5, 0.5, 0.5, 0.5, 0.5, 0.5, 0.5, 0.5, 0.5, 0.5, 0.5, 0.5, 0.5, 0.5, 0.5, 0.5, 0.5, 0.5, 0.5, 0.5, 0.5, 0.5, 0.5, 0.5, 0.5, 0.5, 0.5, 0.5, 0.5, 0.5, 0.5, 0.5, 0.5, 0.5, 0.5, 0.5, 0.5, 0.5, 0.5, 0.5, 0.5, 0.5, 0.5, 0.5, 0.5, 0.5, 0.5, 0.5, 0.5, 0.5, 0.5, 0.5, 0.5, 0.5, 0.5, 0.5, 0.5, 0.5, 0.5, 0.5, 0.5, 0.5, 0.5, 0.5, 0.5, 0.5, 0.5, 0.5, 0.5, 0.5, 0.5, 0.5, 0.5, 0.5, 0.5, 0.5, 0.5, 0.5, 0.5, 0.5, 0.5, 0.5, 0.5, 0.5, 0.5, 0.5, 0.5, 0.5, 0.5, 0.5, 0.5, 0.5, 0.5, 0.5, 0.5, 0.5, 0.5, 0.5, 0.5, 0.5, 0.5, 0.5, 0.5, 0.5, 0.5, 0.5, 0.5, 0.5, 0.5, 0.5, 0.5, 0.5, 0.5, 0.5, 0.5, 0.5, 0.5, 0.5, 0.5, 0.5, 0.5, 0.5, 0.5, 0.5, 0.5, 0.5, 0.5, 0.5, 0.5, 0.5, 0.5, 0.5, 0.5, 0.5, 0.5, 0.5, 0.5, 0.5, 0.5, 0.5, 0.5, 0.5, 0.5, 0.5, 0.5, 0.5, 0.5, 0.5, 0.5, 0.5, 0.5, 0.5, 0.5, 0.5, 0.5, 0.5, 0.5, 0.5, 0.5, 0.5, 0.5, 0.5, 0.5, 0.5, 0.5, 0.5, 0.5, 0.5, 0.5, 0.5, 0.5, 0.5, 0.5, 0.5, 0.5, 0.5, 0.5, 0.5, 0.5, 0.5, 0.5, 0.5, 0.5, 0.5, 0.5, 0.5, 0.5, 0.5, 0.5, 0.5, 0.5, 0.5, 0.5, 0.5, 0.5, 0.5, 0.5, 0.5, 0.5, 0.5, 0.5, 0.5, 0.5, 0.5, 0.5, 0.5, 0.5, 0.5, 0.5, 0.5, 0.5, 0.5, 0.5, 0.5, 0.5, 0.5, 0.5, 0.5, 0.5, 0.5, 0.5, 0.5, 0.5, 0.5, 0.5, 0.5, 0.5, 0.5, 0.5, 0.5, 0.5, 0.5, 0.5, 0.5, 0.5, 0.5, 0.5, 0.5, 0.5, 0.5, 0.5, 0.5, 0.5, 0.5, 0.5, 0.5, 0.5, 0.5, 0.5, 0.5, 0.5, 0.5, 0.5, 0.5, 0.5, 0.5, 0.5, 0.5, 0.5, 0.5, 0.5, 0.5, 0.5, 0.5, 0.5, 0.5, 0.5, 0.5, 0.5, 0.5, 0.5, 0.5, 0.5, 0.5, 0.5, 0.5, 0.5, 0.5, 0.5, 0.5, 0.5, 0.5, 0.5, 0.5, 0.5, 0.5, 0.5, 0.5, 0.5, 0.5, 0.5, 0.5, 0.5, 0.5, 0.5, 0.5, 0.5, 0.5, 0.5, 0.5, 0.5, 0.5, 0.5, 0.5, 0.5, 0.5, 0.5, 0.5, 0.5, 0.5, 0.5, 0.5, 0.5, 0.5, 0.5, 0.5, 0.5, 0.5, 0.5, 0.5, 0.5, 0.5, 0.5, 0.5, 0.5, 0.5, 0.5, 0.5, 0.5, 0.5, 0.5, 0.5, 0.5, 0.5, 0.5, 0.5, 0.5, 0.5, 0.5, 0.5, 0.5, 0.5, 0.5, 0.5, 0.5, 0.5, 0.5, 0.5, 0.5, 0.5, 0.5, 0.5, 0.5, 0.5, 0.5, 0.5, 0.5, 0.5, 0.5, 0.5, 0.5, 0.5, 0.5, 0.5, 0.5, 0.5, 0.5, 0.5, 0.5, 0.5, 0.5, 0.5, 0.5, 0.5, 0.5, 0.5, 0.5, 0.5, 0.5, 0.5, 0.5, 0.5, 0.5, 0.5, 0.5, 0.5, 0.5, 0.5, 0.5, 0.5, 0.5, 0.5, 0.5, 0.5, 0.5, 0.5, 0.5, 0.5, 0.5, 0.5, 0.5, 0.5, 0.5, 0.5, 0.5, 0.5, 0.5, 0.5, 0.5, 0.5, 0.5, 0.5, 0.5, 0.5, 0.5, 0.5, 0.5, 0.5, 0.5, 0.5, 0.5, 0.5, 0.5, 0.5, 0.5, 0.5, 0.5, 0.5, 0.5, 0.5, 0.5, 0.5, 0.5, 0.5, 0.5, 0.5, 0.5, 0.5, 0.5, 0.5, 0.5, 0.5, 0.5, 0.5, 0.5, 0.5, 0.5, 0.5, 0.5, 0.5, 0.5, 0.5, 0.5, 0.5, 0.5, 0.5, 0.5, 0.5, 0.5, 0.5, 0.5, 0.5, 0.5, 0.5, 0.5, 0.5, 0.5, 0.5, 0.5, 0.5, 0.5, 0.5, 0.5, 0.5, 0.5, 0.5, 0.5, 0.5, 0.5, 0.5, 0.5, 0.5, 0.5, 0.5, 0.5, 0.5, 0.5, 0.5, 0.5, 0.5, 0.5, 0.5, 0.5, 0.5, 0.5, 0.5, 0.5, 0.5, 0.5, 0.5, 0.5, 0.5, 0.5, 0.5, 0.5, 0.5, 0.5, 0.5, 0.5, 0.5, 0.5, 0.5, 0.5, 0.5, 0.5, 0.5, 0.5, 0.5, 0.5, 0.5, 0.5, 0.5, 0.5, 0.5, 0.5, 0.5, 0.5, 0.5, 0.5, 0.5, 0.5, 0.5, 0.5, 0.5, 0.5, 0.5, 0.5, 0.5, 0.5, 0.5, 0.5, 0.5, 0.5, 0.5, 0.5, 0.5, 0.5, 0.5, 0.5, 0.5, 0.5, 0.5, 0.5, 0.5, 0.5, 0.5, 0.5, 0.5, 0.5, 0.5, 0.5, 0.5, 0.5, 0.5, 0.5, 0.5, 0.5, 0.5, 0.5, 0.5, 0.5, 0.5, 0.5, 0.5, 0.5, 0.5, 0.5, 0.5, 0.5, 0.5, 0.5, 0.5, 0.5, 0.5, 0.5, 0.5, 0.5, 0.5, 0.5, 0.5, 0.5, 0.5, 0.5, 0.5, 0.5, 0.5, 0.5, 0.5, 0.5, 0.5, 0.5, 0.5, 0.5, 0.5, 0.5, 0.5, 0.5, 0.5, 0.5, 0.5, 0.5, 0.5, 0.5, 0.5, 0.5, 0.5, 0.5, 0.5, 0.5, 0.5, 0.5, 0.5, 0.5, 0.5, 0.5, 0.5, 0.5, 0.5, 0.5, 0.5, 0.5, 0.5, 0.5, 0.5, 0.5, 0.5, 0.5, 0.5, 0.5, 0.5, 0.5, 0.5, 0.5, 0.5, 0.5, 0.5, 0.5, 0.5, 0.5, 0.5, 0.5, 0.5, 0.5, 0.5, 0.5, 0.5, 0.5, 0.5, 0.5, 0.5, 0.5, 0.5, 0.5, 0.5, 0.5, 0.5, 0.5, 0.5, 0.5, 0.5, 0.5, 0.5, 0.5, 0.5, 0.5, 0.5, 0.5, 0.5, 0.5, 0.5, 0.5, 0.5, 0.5, 0.5, 0.5, 0.5, 0.5, 0.5, 0.5, 0.5, 0.5, 0.5, 0.5, 0.5, 0.5, 0.5, 0.5, 0.5, 0.5, 0.5, 0.5, 0.5, 0.5, 0.5, 0.5, 0.5, 0.5, 0.5, 0.5, 0.5, 0.5, 0.5, 0.5, 0.5, 0.5, 0.5, 0.5, 0.5, 0.5, 0.5, 0.5, 0.5, 0.5, 0.5, 0.5, 0.5, 0.5, 0.5, 0.5, 0.5, 0.5, 0.5, 0.5, 0.5, 0.5, 0.5, 0.5, 0.5, 0.5, 0.5, 0.5, 0.5, 0.5, 0.5, 0.5, 0.5, 0.5, 0.5, 0.5, 0.5, 0.5, 0.5, 0.5, 0.5, 0.5, 0.5, 0.5, 0.5, 0.5, 0.5, 0.5, 0.5, 0.5, 0.5, 0.5, 0.5, 0.5, 0.5, 0.5, 0.5, 0.5, 0.5, 0.5, 0.5, 0.5, 0.5, 0.5, 0.5, 0.5, 0.5, 0.5, 0.5, 0.5, 0.5, 0.5, 0.5, 0.5, 0.5, 0.5, 0.5, 0.5, 0.5, 0.5, 0.5, 0.5, 0.5, 0.5, 0.5, 0.5, 0.5, 0.5, 0.5, 0.5, 0.5, 0.5, 0.5, 0.5, 0.5, 0.5, 0.5, 0.5, 0.5, 0.5, 0.5, 0.5, 0.5, 0.5, 0.5, 0.5, 0.5, 0.5, 0.5, 0.5, 0.5, 0.5, 0.5, 0.5, 0.5, 0.5, 0.5, 0.5, 0.5, 0.5, 0.5, 0.5, 0.5, 0.5, 0.5, 0.5, 0.5, 0.5, 0.5, 0.5, 0.5, 0.5, 0.5, 0.5, 0.5, 0.5, 0.5, 0.5, 0.5, 0.5, 0.5, 0.5, 0.5, 0.5, 0.5, 0.5, 0.5, 0.5, 0.5, 0.5, 0.5, 0.5, 0.5, 0.5, 0.5, 0.5, 0.5, 0.5, 0.5, 0.5, 0.5, 0.5, 0.5]",2
2026_11_KICE_38-42_0,['1(2)'],"1번: (가)에서는 진행자가 전문가1, 전문가2에게 차례로 발언을 요청하고 있습니다. (나)에서는 학생1이 주도적으로 대화를 이끌지만 특정 순서 없이 자유롭게 대화가 이루어집니다. ""진행자: 먼저 이 현상이 왜 나타났다고 보시는지 두 분 말씀 부탁드립니다.""

2번: (가)에서 전문가1은 영상 산업을, 전문가2는 웹툰 산업을 대표하여 발언하고 있습니다. (나)의 학생들은 개인적 의견을 말할 뿐 특정 집단을 대표하지 않습니다. ""전문가1 : 인터넷 기반 동영상 제공 서비스인 OTT의 활성화로..."", ""전문가2 : 웹툰에는 초능력처럼 실사로 구현하기 어려운 소재가...""

3번: (가)에서 진행자가 전문가들의 발언 순서를 정하는 장면은 없습니다. 진행자는 주제를 제시하고 전문가들이 자발적으로 발언합니다. ""진행자: 오늘은 웹툰 영상화 유행 현상에 대해... 말씀 들어 보겠습니다.""

4번: (나)는 시사 동아리 학생들끼리의 대화로, 참여자들만을 청자로 상정하고 있습니다. 반면 (가)는 방송 대담으로 불특정 다수를 청자로 상정하고 있습니다. ""학생1: 우리 이번 주 '시사 더하기'에서 다룬 현상에 대해 비평문을 쓰기로 했잖아.""

5번: (나)에서는 학생2가 부정적 관점을, 학생3이 긍정적 관점을 제시하며 대립되는 의견이 제시됩니다. (가)는 전문가들이 각자의 입장에서 설명만 할 뿐 대립되는 의견은 없습니다. ""학생2: 내 생각은 좀 달라..."", ""학생3: 그 점도 일리가 있네. 그런데 웹툰 영상화는...""

최종 정답: 3번","[16, 167, 110, 230, 25, 357, 166, 108, 222, 8, 168, 245, 238, 168, 226, 250, 167, 232, 242, 23821, 100, 226, 169, 244, 231, 168, 252, 238, 166, 108, 222, 23821, 254, 226, 167, 105, 116, 166, 108, 222, 16, 11, 23821, 254, 226, 167, 105, 116, 166, 108, 222, 17, 168, 245, 238, 166, 110, 234, 23821, 108, 101, 167, 94, 222, 167, 94, 250, 31619, 108, 250, 168, 244, 116, 35975, 226, 23821, 248, 242, 168, 110, 255, 47991, 246, 166, 111, 254, 23821, 252, 230, 168, 232, 113, 46695, 230, 46695, 97, 13, 357, 167, 224, 246, 8, 168, 245, 238, 168, 226, 250, 167, 232, 242, 220, 47991, 247, 168, 225, 251, 16, 35975, 112, 23821, 96, 120, 167, 237, 226, 168, 254, 223, 168, 250, 120, 167, 94, 250, 31619, 234, 222, 169, 247, 242, 167, 98, 120, 23821, 251, 112, 167, 223, 234, 168, 100, 222, 167, 100, 234, 220, 169, 232, 117, 168, 254, 243, 23821, 230, 250, 168, 226, 250, 23821, 245, 228, 35975, 112, 23821, 252, 238, 168, 250, 254, 167, 94, 255, 166, 110, 234, 31619, 234, 222, 169, 247, 242, 166, 108, 222, 23821, 251, 112, 167, 96, 101, 168, 244, 112, 168, 100, 239, 46695, 230, 46695, 97, 13, 366, 168, 100, 226, 169, 244, 231, 168, 252, 238, 25, 31619, 101, 120, 168, 254, 222, 23821, 251, 112, 220, 169, 246, 226, 168, 225, 223, 35975, 112, 23821, 247, 250, 31619, 224, 246, 169, 225, 222, 167, 8955, 46695, 97, 166, 111, 254, 31619, 111, 112, 168, 233, 250, 167, 232, 242, 168, 100, 222, 31619, 239, 238, 31619, 114, 226, 31619, 100, 238, 168, 242, 222, 31619, 114, 222, 169, 225, 223, 167, 241, 250, 167, 99, 121, 46695, 230, 46695, 97, 526, 198, 198, 17, 167, 110, 230, 25, 357, 166, 108, 222, 8, 168, 245, 238, 168, 226, 250, 23821, 254, 226, 167, 105, 116, 166, 108, 222, 16, 35975, 222, 23821, 246, 223, 168, 225, 223, 23821, 224, 108, 168, 245, 227, 35975, 226, 11, 23821, 254, 226, 167, 105, 116, 166, 108, 222, 17, 167, 232, 242, 23821, 249, 117, 169, 230, 108, 23821, 224, 108, 168, 245, 227, 35975, 226, 31619, 234, 222, 169, 239, 250, 47991, 246, 168, 245, 105, 31619, 108, 250, 168, 244, 116, 47991, 246, 166, 111, 254, 23821, 252, 230, 168, 232, 113, 46695, 230, 46695, 97, 13, 357, 167, 224, 246, 8, 35975, 246, 220, 47991, 247, 168, 225, 251, 167, 241, 97, 35975, 222, 220, 166, 108, 250, 35975, 116, 168, 254, 223, 23821, 251, 246, 166, 110, 105, 35975, 226, 31619, 100, 238, 47991, 254, 31619, 123, 238, 220, 169, 232, 117, 168, 254, 243, 23821, 100, 239, 46695, 101, 35975, 226, 31619, 234, 222, 169, 239, 250, 47991, 246, 168, 100, 222, 23821, 243, 232, 168, 232, 113, 46695, 230, 46695, 97, 13, 366, 168, 254, 226, 167, 105, 116, 166, 108, 222, 16, 1058, 23821, 251, 116, 169, 226, 108, 167, 226, 115, 220, 166, 116, 108, 167, 108, 246, 31619, 237, 247, 168, 246, 223, 168, 225, 223, 23821, 254, 250, 166, 111, 113, 23821, 226, 250, 167, 117, 226, 168, 232, 97, 35975, 116, 440, 15751, 35975, 246, 220, 169, 247, 250, 168, 226, 109, 169, 247, 242, 167, 94, 250, 9313, 11, 366, 168, 254, 226, 167, 105, 116, 166, 108, 222, 17, 1058, 23821, 249, 117, 169, 230, 108, 168, 245, 238, 167, 232, 242, 23821, 112, 230, 167, 232, 98, 167, 254, 98, 168, 110, 246, 167, 253, 120, 23821, 233, 97, 168, 8955, 167, 94, 250, 220, 166, 113, 105, 169, 246, 226, 47991, 246, 166, 116, 108, 23821, 244, 112, 167, 254, 97, 168, 248, 112, 23821, 228, 234, 168, 252, 105, 166, 108, 222, 9313, 198, 198, 18, 167, 110, 230, 25, 357, 166, 108, 222, 8, 168, 245, 238, 168, 226, 250, 23821, 100, 226, 169, 244, 231, 168, 252, 238, 166, 108, 222, 23821, 254, 226, 167, 105, 116, 166, 108, 222, 167, 241, 97, 35975, 246, 31619, 108, 250, 168, 244, 116, 23821, 230, 250, 168, 226, 250, 167, 98, 120, 23821, 254, 243, 47991, 246, 167, 232, 242, 23821, 252, 98, 167, 102, 112, 35975, 222, 23821, 245, 228, 168, 232, 113, 46695, 230, 46695, 97, 13, 23821, 100, 226, 169, 244, 231, 168, 252, 238, 167, 232, 242, 23821, 96, 120, 168, 254, 250, 167, 98, 120, 23821, 254, 250, 168, 233, 250, 47991, 246, 166, 111, 254, 23821, 254, 226, 167, 105, 116, 166, 108, 222, 167, 241, 97, 35975, 112, 23821, 252, 238, 167, 108, 250, 168, 254, 223, 168, 250, 120, 167, 94, 250, 31619, 108, 250, 168, 244, 116, 47991, 102, 46695, 230, 46695, 97, 13, 366, 168, 100, 226, 169, 244, 231, 168, 252, 238, 25, 23821, 246, 97, 167, 232, 246, 35975, 222, 23821, 249, 117, 169, 230, 108, 23821, 246, 223, 168, 225, 223, 169, 247, 242, 23821, 250, 254, 169, 244, 231, 220, 169, 246, 226, 168, 225, 223, 168, 245, 238, 31619, 234, 222, 47991, 112, 986, 31619, 100, 238, 168, 242, 222, 31619, 241, 97, 168, 244, 112, 31619, 111, 112, 166, 110, 254, 168, 232, 113, 46695, 230, 46695, 97, 526, 198, 198, 19, 167, 110, 230, 25, 357, 167, 224, 246, 8, 167, 232, 242, 23821, 233, 250, 168, 8955, 31619, 237, 247, 168, 243, 226, 167, 99, 105, 220, 47991, 247, 168, 225, 251, 167, 241, 97, 167, 223, 120, 167, 99, 105, 35975, 246, 31619, 234, 222, 169, 247, 242, 167, 94, 250, 11, 23821, 108, 116, 168, 245, 105, 168, 252, 238, 167, 241, 97, 167, 100, 234, 35975, 226, 23821, 110, 255, 168, 252, 238, 167, 94, 250, 23821, 225, 223, 168, 254, 243, 47991, 246, 166, 111, 254, 23821, 252, 230, 168, 232, 113, 46695, 230, 46695, 97, 13, 31619, 108, 246, 167, 102, 112, 357, 166, 108, 222, 8, 167, 232, 242, 31619, 108, 102, 168, 228, 94, 31619, 234, 222, 46695, 112, 168, 250, 120, 167, 94, 250, 31619, 114, 230, 169, 232, 117, 168, 254, 243, 31619, 233, 97, 168, 230, 246, 167, 98, 120, 23821, 110, 255, 168, 252, 238, 167, 94, 250, 23821, 225, 223, 168, 254, 243, 47991, 246, 166, 111, 254, 23821, 252, 230, 168, 232, 113, 46695, 230, 46695, 97, 13, 366, 47991, 247, 168, 225, 251, 16, 25, 23821, 248, 108, 167, 99, 105, 23821, 251, 112, 167, 110, 230, 23821, 96, 120, 705, 168, 233, 250, 168, 8955, 31619, 235, 242, 47991, 246, 166, 116, 108, 6, 168, 245, 238, 168, 226, 250, 31619, 233, 97, 167, 96, 105, 220, 169, 246, 226, 168, 225, 223, 168, 245, 238, 31619, 234, 222, 47991, 112, 31619, 117, 226, 169, 237, 231, 167, 105, 116, 35975, 226, 23821, 241, 108, 166, 116, 108, 167, 94, 250, 220, 169, 244, 230, 168, 252, 244, 168, 243, 226, 526, 198, 198, 20, 167, 110, 230, 25, 357, 167, 224, 246, 8, 168, 245, 238, 168, 226, 250, 167, 232, 242, 220, 47991, 247, 168, 225, 251, 17, 166, 108, 222, 31619, 114, 222, 168, 254, 243, 168, 254, 223, 220, 166, 112, 222, 168, 254, 238, 35975, 226, 11, 220, 47991, 247, 168, 225, 251, 18, 35975, 112, 220, 166, 116, 235, 168, 254, 243, 168, 254, 223, 220, 166, 112, 222, 168, 254, 238, 35975, 226, 23821, 254, 250, 168, 233, 250, 47991, 246, 167, 102, 108, 31619, 234, 222, 167, 99, 121, 167, 238, 246, 167, 232, 242, 23821, 251, 246, 166, 110, 105, 35975, 112, 23821, 254, 250, 168, 233, 250, 167, 238, 102, 46695, 230, 46695, 97, 13, 357, 166, 108, 222, 8, 167, 232, 242, 23821, 254, 226, 167, 105, 116, 166, 108, 222, 167, 241, 97, 35975, 112, 220, 166, 108, 223, 168, 252, 238, 35975, 246, 23821, 252, 227, 168, 252, 98, 168, 245, 238, 168, 226, 250, 23821, 226, 97, 167, 103, 227, 167, 100, 234, 220, 47991, 254, 31619, 123, 238, 31619, 234, 222, 167, 99, 121, 167, 238, 246, 167, 232, 242, 23821, 251, 246, 166, 110, 105, 35975, 222, 23821, 245, 228, 168, 232, 113, 46695, 230, 46695, 97, 13, 366, 47991, 247, 168, 225, 251, 17, 25, 31619, 224, 112, 23821, 225, 251, 166, 108, 223, 35975, 222, 23821, 95, 222, 31619, 233, 105, 167, 251, 120, 9313, 11, 366, 47991, 247, 168, 225, 251, 18, 25, 220, 166, 115, 116, 23821, 254, 238, 167, 237, 226, 23821, 251, 120, 167, 99, 105, 166, 108, 222, 23821, 252, 230, 167, 226, 97, 13, 220, 166, 115, 116, 167, 253, 108, 167, 235, 108, 23821, 249, 117, 169, 230, 108, 23821, 246, 223, 168, 225, 223, 169, 247, 242, 167, 232, 242, 9313, 198, 198, 168, 113, 250, 168, 95, 227, 23821, 254, 243, 46695, 113, 25, 513, 167, 110, 230]","[0.5, 0.5, 0.5, 0.5, 0.5, 0.5, 0.5, 0.5, 0.5, 0.5, 0.5, 0.5, 0.5, 0.5, 0.5, 0.5, 0.5, 0.5, 0.5, 0.5, 0.5, 0.5, 0.5, 0.5, 0.5, 0.5, 0.5, 0.5, 0.5, 0.5, 0.5, 0.5, 0.5, 0.5, 0.5, 0.5, 0.5, 0.5, 0.5, 0.5, 0.5, 0.5, 0.5, 0.5, 0.5, 0.5, 0.5, 0.5, 0.5, 0.5, 0.5, 0.5, 0.5, 0.5, 0.5, 0.5, 0.5, 0.5, 0.5, 0.5, 0.5, 0.5, 0.5, 0.5, 0.5, 0.5, 0.5, 0.5, 0.5, 0.5, 0.5, 0.5, 0.5, 0.5, 0.5, 0.5, 0.5, 0.5, 0.5, 0.5, 0.5, 0.5, 0.5, 0.5, 0.5, 0.5, 0.5, 0.5, 0.5, 0.5, 0.5, 0.5, 0.5, 0.5, 0.5, 0.5, 0.5, 0.5, 0.5, 0.5, 0.5, 0.5, 0.5, 0.5, 0.5, 0.5, 0.5, 0.5, 0.5, 0.5, 0.5, 0.5, 0.5, 0.5, 0.5, 0.5, 0.5, 0.5, 0.5, 0.5, 0.5, 0.5, 0.5, 0.5, 0.5, 0.5, 0.5, 0.5, 0.5, 0.5, 0.5, 0.5, 0.5, 0.5, 0.5, 0.5, 0.5, 0.5, 0.5, 0.5, 0.5, 0.5, 0.5, 0.5, 0.5, 0.5, 0.5, 0.5, 0.5, 0.5, 0.5, 0.5, 0.5, 0.5, 0.5, 0.5, 0.5, 0.5, 0.5, 0.5, 0.5, 0.5, 0.5, 0.5, 0.5, 0.5, 0.5, 0.5, 0.5, 0.5, 0.5, 0.5, 0.5, 0.5, 0.5, 0.5, 0.5, 0.5, 0.5, 0.5, 0.5, 0.5, 0.5, 0.5, 0.5, 0.5, 0.5, 0.5, 0.5, 0.5, 0.5, 0.5, 0.5, 0.5, 0.5, 0.5, 0.5, 0.5, 0.5, 0.5, 0.5, 0.5, 0.5, 0.5, 0.5, 0.5, 0.5, 0.5, 0.5, 0.5, 0.5, 0.5, 0.5, 0.5, 0.5, 0.5, 0.5, 0.5, 0.5, 0.5, 0.5, 0.5, 0.5, 0.5, 0.5, 0.5, 0.5, 0.5, 0.5, 0.5, 0.5, 0.5, 0.5, 0.5, 0.5, 0.5, 0.5, 0.5, 0.5, 0.5, 0.5, 0.5, 0.5, 0.5, 0.5, 0.5, 0.5, 0.5, 0.5, 0.5, 0.5, 0.5, 0.5, 0.5, 0.5, 0.5, 0.5, 0.5, 0.5, 0.5, 0.5, 0.5, 0.5, 0.5, 0.5, 0.5, 0.5, 0.5, 0.5, 0.5, 0.5, 0.5, 0.5, 0.5, 0.5, 0.5, 0.5, 0.5, 0.5, 0.5, 0.5, 0.5, 0.5, 0.5, 0.5, 0.5, 0.5, 0.5, 0.5, 0.5, 0.5, 0.5, 0.5, 0.5, 0.5, 0.5, 0.5, 0.5, 0.5, 0.5, 0.5, 0.5, 0.5, 0.5, 0.5, 0.5, 0.5, 0.5, 0.5, 0.5, 0.5, 0.5, 0.5, 0.5, 0.5, 0.5, 0.5, 0.5, 0.5, 0.5, 0.5, 0.5, 0.5, 0.5, 0.5, 0.5, 0.5, 0.5, 0.5, 0.5, 0.5, 0.5, 0.5, 0.5, 0.5, 0.5, 0.5, 0.5, 0.5, 0.5, 0.5, 0.5, 0.5, 0.5, 0.5, 0.5, 0.5, 0.5, 0.5, 0.5, 0.5, 0.5, 0.5, 0.5, 0.5, 0.5, 0.5, 0.5, 0.5, 0.5, 0.5, 0.5, 0.5, 0.5, 0.5, 0.5, 0.5, 0.5, 0.5, 0.5, 0.5, 0.5, 0.5, 0.5, 0.5, 0.5, 0.5, 0.5, 0.5, 0.5, 0.5, 0.5, 0.5, 0.5, 0.5, 0.5, 0.5, 0.5, 0.5, 0.5, 0.5, 0.5, 0.5, 0.5, 0.5, 0.5, 0.5, 0.5, 0.5, 0.5, 0.5, 0.5, 0.5, 0.5, 0.5, 0.5, 0.5, 0.5, 0.5, 0.5, 0.5, 0.5, 0.5, 0.5, 0.5, 0.5, 0.5, 0.5, 0.5, 0.5, 0.5, 0.5, 0.5, 0.5, 0.5, 0.5, 0.5, 0.5, 0.5, 0.5, 0.5, 0.5, 0.5, 0.5, 0.5, 0.5, 0.5, 0.5, 0.5, 0.5, 0.5, 0.5, 0.5, 0.5, 0.5, 0.5, 0.5, 0.5, 0.5, 0.5, 0.5, 0.5, 0.5, 0.5, 0.5, 0.5, 0.5, 0.5, 0.5, 0.5, 0.5, 0.5, 0.5, 0.5, 0.5, 0.5, 0.5, 0.5, 0.5, 0.5, 0.5, 0.5, 0.5, 0.5, 0.5, 0.5, 0.5, 0.5, 0.5, 0.5, 0.5, 0.5, 0.5, 0.5, 0.5, 0.5, 0.5, 0.5, 0.5, 0.5, 0.5, 0.5, 0.5, 0.5, 0.5, 0.5, 0.5, 0.5, 0.5, 0.5, 0.5, 0.5, 0.5, 0.5, 0.5, 0.5, 0.5, 0.5, 0.5, 0.5, 0.5, 0.5, 0.5, 0.5, 0.5, 0.5, 0.5, 0.5, 0.5, 0.5, 0.5, 0.5, 0.5, 0.5, 0.5, 0.5, 0.5, 0.5, 0.5, 0.5, 0.5, 0.5, 0.5, 0.5, 0.5, 0.5, 0.5, 0.5, 0.5, 0.5, 0.5, 0.5, 0.5, 0.5, 0.5, 0.5, 0.5, 0.5, 0.5, 0.5, 0.5, 0.5, 0.5, 0.5, 0.5, 0.5, 0.5, 0.5, 0.5, 0.5, 0.5, 0.5, 0.5, 0.5, 0.5, 0.5, 0.5, 0.5, 0.5, 0.5, 0.5, 0.5, 0.5, 0.5, 0.5, 0.5, 0.5, 0.5, 0.5, 0.5, 0.5, 0.5, 0.5, 0.5, 0.5, 0.5, 0.5, 0.5, 0.5, 0.5, 0.5, 0.5, 0.5, 0.5, 0.5, 0.5, 0.5, 0.5, 0.5, 0.5, 0.5, 0.5, 0.5, 0.5, 0.5, 0.5, 0.5, 0.5, 0.5, 0.5, 0.5, 0.5, 0.5, 0.5, 0.5, 0.5, 0.5, 0.5, 0.5, 0.5, 0.5, 0.5, 0.5, 0.5, 0.5, 0.5, 0.5, 0.5, 0.5, 0.5, 0.5, 0.5, 0.5, 0.5, 0.5, 0.5, 0.5, 0.5, 0.5, 0.5, 0.5, 0.5, 0.5, 0.5, 0.5, 0.5, 0.5, 0.5, 0.5, 0.5, 0.5, 0.5, 0.5, 0.5, 0.5, 0.5, 0.5, 0.5, 0.5, 0.5, 0.5, 0.5, 0.5, 0.5, 0.5, 0.5, 0.5, 0.5, 0.5, 0.5, 0.5, 0.5, 0.5, 0.5, 0.5, 0.5, 0.5, 0.5, 0.5, 0.5, 0.5, 0.5, 0.5, 0.5, 0.5, 0.5, 0.5, 0.5, 0.5, 0.5, 0.5, 0.5, 0.5, 0.5, 0.5, 0.5, 0.5, 0.5, 0.5, 0.5, 0.5, 0.5, 0.5, 0.5, 0.5, 0.5, 0.5, 0.5, 0.5, 0.5, 0.5, 0.5, 0.5, 0.5, 0.5, 0.5, 0.5, 0.5, 0.5, 0.5, 0.5, 0.5, 0.5, 0.5, 0.5, 0.5, 0.5, 0.5, 0.5, 0.5, 0.5, 0.5, 0.5, 0.5, 0.5, 0.5, 0.5, 0.5, 0.5, 0.5, 0.5, 0.5, 0.5, 0.5, 0.5, 0.5, 0.5, 0.5, 0.5, 0.5, 0.5, 0.5, 0.5, 0.5, 0.5, 0.5, 0.5, 0.5, 0.5, 0.5, 0.5, 0.5, 0.5, 0.5, 0.5, 0.5, 0.5, 0.5, 0.5, 0.5, 0.5, 0.5, 0.5, 0.5, 0.5, 0.5, 0.5, 0.5, 0.5, 0.5, 0.5, 0.5, 0.5, 0.5, 0.5, 0.5, 0.5, 0.5, 0.5, 0.5, 0.5, 0.5, 0.5, 0.5, 0.5, 0.5, 0.5, 0.5, 0.5, 0.5, 0.5, 0.5, 0.5, 0.5, 0.5, 0.5, 0.5, 0.5, 0.5, 0.5, 0.5, 0.5, 0.5, 0.5, 0.5, 0.5, 0.5, 0.5, 0.5, 0.5, 0.5, 0.5, 0.5, 0.5, 0.5, 0.5, 0.5, 0.5, 0.5, 0.5, 0.5, 0.5, 0.5, 0.5, 0.5, 0.5, 0.5, 0.5, 0.5, 0.5, 0.5, 0.5, 0.5, 0.5, 0.5, 0.5, 0.5, 0.5, 0.5, 0.5, 0.5, 0.5, 0.5, 0.5, 0.5, 0.5, 0.5, 0.5, 0.5, 0.5, 0.5, 0.5, 0.5, 0.5, 0.5, 0.5, 0.5, 0.5, 0.5, 0.5, 0.5, 0.5, 0.5, 0.5, 0.5, 0.5, 0.5, 0.5, 0.5, 0.5, 0.5, 0.5, 0.5, 0.5, 0.5, 0.5, 0.5, 0.5, 0.5, 0.5, 0.5, 0.5, 0.5, 0.5, 0.5, 0.5, 0.5, 0.5, 0.5, 0.5, 0.5, 0.5, 0.5, 0.5, 0.5, 0.5, 0.5, 0.5, 0.5, 0.5, 0.5, 0.5, 0.5, 0.5, 0.5, 0.5, 0.5, 0.5, 0.5, 0.5, 0.5, 0.5, 0.5, 0.5, 0.5, 0.5, 0.5, 0.5, 0.5, 0.5, 0.5, 0.5, 0.5, 0.5, 0.5, 0.5, 0.5, 0.5, 0.5, 0.5, 0.5, 0.5, 0.5, 0.5, 0.5, 0.5, 0.5, 0.5, 0.5, 0.5, 0.5, 0.5, 0.5, 0.5, 0.5, 0.5, 0.5, 0.5, 0.5, 0.5, 0.5, 0.5, 0.5, 0.5, 0.5, 0.5, 0.5, 0.5, 0.5, 0.5, 0.5, 0.5, 0.5, 0.5, 0.5, 0.5, 0.5, 0.5, 0.5, 0.5, 0.5, 0.5, 0.5, 0.5, 0.5, 0.5, 0.5, 0.5, 0.5, 0.5, 0.5, 0.5, 0.5, 0.5, 0.5, 0.5, 0.5, 0.5, 0.5, 0.5, 0.5, 0.5, 0.5, 0.5, 0.5, 0.5, 0.5, 0.5, 0.5, 0.5, 0.5, 0.5, 0.5, 0.5, 0.5, 0.5, 0.5, 0.5, 0.5, 0.5, 0.5, 0.5, 0.5, 0.5, 0.5, 0.5, 0.5, 0.5, 0.5, 0.5, 0.5, 0.5, 0.5, 0.5, 0.5, 0.5, 0.5, 0.5, 0.5, 0.5, 0.5, 0.5, 0.5, 0.5, 0.5, 0.5, 0.5, 0.5, 0.5, 0.5, 0.5, 0.5, 0.5, 0.5, 0.5, 0.5, 0.5, 0.5, 0.5, 0.5, 0.5, 0.5, 0.5, 0.5, 0.5, 0.5, 0.5, 0.5, 0.5, 0.5, 0.5, 0.5, 0.5, 0.5, 0.5, 0.5, 0.5, 0.5, 0.5, 0.5, 0.5, 0.5, 0.5, 0.5, 0.5, 0.5, 0.5, 0.5, 0.5, 0.5, 0.5, 0.5, 0.5, 0.5, 0.5, 0.5, 0.5, 0.5, 0.5, 0.5, 0.5, 0.5, 0.5, 0.5, 0.5, 0.5, 0.5, 0.5, 0.5, 0.5, 0.5, 0.5, 0.5, 0.5, 0.5, 0.5, 0.5, 0.5, 0.5, 0.5, 0.5, 0.5, 0.5, 0.5, 0.5, 0.5, 0.5, 0.5, 0.5, 0.5, 0.5, 0.5, 0.5, 0.5, 0.5, 0.5, 0.5, 0.5, 0.5, 0.5, 0.5, 0.5, 0.5, 0.5, 0.5, 0.5, 0.5, 0.5, 0.5, 0.5, 0.5, 0.5, 0.5, 0.5, 0.5, 0.5, 0.5, 0.5, 0.5, 0.5, 0.5, 0.5, 0.5, 0.5, 0.5, 0.5, 0.5, 0.5, 0.5, 0.5, 0.5, 0.5, 0.5, 0.5, 0.5, 0.5, 0.5, 0.5, 0.5, 0.5, 0.5, 0.5, 0.5, 0.5, 0.5, 0.5, 0.5, 0.5, 0.5, 0.5, 0.5, 0.5, 0.5, 0.5, 0.5, 0.5, 0.5, 0.5, 0.5, 0.5, 0.5, 0.5, 0.5, 0.5, 0.5, 0.5, 0.5, 0.5, 0.5, 0.5, 0.5, 0.5, 0.5, 0.5, 0.5, 0.5, 0.5, 0.5, 0.5, 0.5, 0.5, 0.5, 0.5, 0.5, 0.5, 0.5, 0.5, 0.5, 0.5, 0.5, 0.5, 0.5, 0.5, 0.5, 0.5, 0.5, 0.5, 0.5, 0.5, 0.5, 0.5, 0.5, 0.5, 0.5, 0.5, 0.5, 0.5, 0.5, 0.5, 0.5, 0.5, 0.5, 0.5, 0.5, 0.5, 0.5, 0.5, 0.5, 0.5, 0.5, 0.5, 0.5, 0.5, 0.5, 0.5, 0.5, 0.5, 0.5, 0.5, 0.5, 0.5, 0.5, 0.5, 0.5, 0.5, 0.5, 0.5, 0.5, 0.5, 0.5, 0.5, 0.5, 0.5, 0.5, 0.5, 0.5, 0.5, 0.5, 0.5, 0.5, 0.5, 0.5, 0.5, 0.5, 0.5, 0.5, 0.5, 0.5, 0.5, 0.5, 0.5, 0.5, 0.5, 0.5, 0.5, 0.5, 0.5, 0.5, 0.5, 0.5, 0.5, 0.5, 0.5, 0.5, 0.5, 0.5, 0.5, 0.5, 0.5, 0.5, 0.5, 0.5, 0.5, 0.5, 0.5, 0.5, 0.5, 0.5, 0.5, 0.5, 0.5, 0.5, 0.5, 0.5, 0.5, 0.5, 0.5, 0.5, 0.5, 0.5, 0.5, 0.5, 0.5, 0.5, 0.5, 0.5, 0.5, 0.5, 0.5, 0.5, 0.5, 0.5, 0.5, 0.5, 0.5, 0.5, 0.5, 0.5, 0.5, 0.5, 0.5, 0.5, 0.5, 0.5, 0.5, 0.5, 0.5, 0.5, 0.5, 0.5, 0.5, 0.5, 0.5, 0.5, 0.5, 0.5, 0.5, 0.5, 0.5, 0.5, 0.5, 0.5, 0.5, 0.5, 0.5, 0.5, 0.5, 0.5, 0.5, 0.5, 0.5, 0.5, 0.5, 0.5, 0.5, 0.5, 0.5, 0.5, 0.5, 0.5, 0.5, 0.5, 0.5, 0.5, 0.5, 0.5, 0.5, 0.5, 0.5, 0.5, 0.5, 0.5, 0.5, 0.5, 0.5, 0.5, 0.5, 0.5, 0.5, 0.5, 0.5, 0.5, 0.5, 0.5, 0.5, 0.5, 0.5, 0.5, 0.5, 0.5, 0.5, 0.5, 0.5, 0.5, 0.5, 0.5, 0.5, 0.5, 0.5, 0.5, 0.5, 0.5, 0.5, 0.5, 0.5, 0.5, 0.5, 0.5, 0.5, 0.5, 0.5, 0.5, 0.5, 0.5, 0.5, 0.5, 0.5, 0.5, 0.5, 0.5, 0.5, 0.5, 0.5, 0.5, 0.5, 0.5, 0.5, 0.5, 0.5, 0.5, 0.5, 0.5, 0.5, 0.5, 0.5, 0.5, 0.5, 0.5]",0
2026_11_KICE_38-42_1,['2(2)'],"1번: 적절함. ㉠은 전문가1의 ""인터넷 기반 동영상 제공 서비스인 OTT의 활성화로 영상 산업이 급속도로 성장했기 때문이죠""와 전문가2의 ""특수 효과 기술이 발달한 점도 저희 웹툰이 많이 영상화되는 데 일조했죠""를 종합한 발언이다.

2번: 적절함. ㉡에서 학생2는 ""웹툰 영상화가 이 정도로 유행인 줄 몰랐는데 방송에서까지 다루는 것을 보고 체감이 됐어""라고 하여 방송을 통해 새롭게 알게 된 사실을 표현하고 있다.

3번: 적절함. ㉢에서 학생1은 ""대부분 이 현상을 긍정적으로 볼 것 같은데, 너희들 생각은 어때?""라고 하여 자신의 추측을 제시하며 다른 학생들의 의견을 묻고 있다.

4번: 적절함. ㉣에서 학생1은 학생2의 ""웹툰 작가들이 영상화에 유리한 작품만 창작하려는 경향이 생길 것 같아""라는 발언을 바탕으로 ""그렇게 되면 웹툰이나 영상을 즐기는 이들이 신작에 대해 갖는 기대치와 만족도까지 줄어들겠다""고 예상 결과를 말하고 있다.

5번: 부적절함. ㉤에서 학생2는 학생3의 ""웹툰 창작자가 추가 수익으로 경제적 안정을 얻으면 좋은 웹툰을 만드는 데 전념할 수 있게 될 거야""라는 의견에 대해 ""더 맞는 것 같아""라고 동의만 할 뿐, 상대의 발언을 재진술하지는 않았다.

최종 정답: 5번","[16, 167, 110, 230, 25, 23821, 254, 223, 168, 254, 230, 47991, 101, 13, 220, 159, 231, 254, 35975, 222, 23821, 254, 226, 167, 105, 116, 166, 108, 222, 16, 35975, 246, 366, 35975, 116, 169, 226, 108, 167, 226, 115, 220, 166, 116, 108, 167, 108, 246, 31619, 237, 247, 168, 246, 223, 168, 225, 223, 23821, 254, 250, 166, 111, 113, 23821, 226, 250, 167, 117, 226, 168, 232, 97, 35975, 116, 440, 15751, 35975, 246, 220, 169, 247, 250, 168, 226, 109, 169, 247, 242, 167, 94, 250, 23821, 246, 223, 168, 225, 223, 23821, 224, 108, 168, 245, 227, 35975, 112, 220, 166, 116, 231, 168, 228, 235, 167, 237, 226, 167, 94, 250, 23821, 226, 109, 168, 252, 98, 169, 244, 230, 166, 116, 108, 31619, 243, 234, 167, 105, 116, 35975, 112, 168, 96, 254, 1, 168, 247, 222, 23821, 254, 226, 167, 105, 116, 166, 108, 222, 17, 35975, 246, 366, 169, 232, 117, 168, 230, 246, 220, 169, 248, 101, 166, 111, 120, 220, 166, 116, 108, 168, 230, 254, 35975, 112, 31619, 108, 250, 46695, 105, 47991, 250, 23821, 254, 238, 167, 237, 226, 23821, 254, 222, 169, 251, 105, 23821, 249, 117, 169, 230, 108, 35975, 112, 31619, 100, 236, 35975, 112, 23821, 246, 223, 168, 225, 223, 169, 247, 242, 167, 238, 246, 167, 232, 242, 31619, 235, 108, 23821, 251, 120, 168, 94, 108, 169, 244, 230, 168, 96, 254, 1, 167, 98, 120, 23821, 95, 227, 47991, 102, 47991, 250, 31619, 108, 250, 168, 244, 116, 35975, 112, 46695, 97, 13, 198, 198, 17, 167, 110, 230, 25, 23821, 254, 223, 168, 254, 230, 47991, 101, 13, 220, 159, 231, 94, 168, 245, 238, 168, 226, 250, 220, 47991, 247, 168, 225, 251, 17, 167, 232, 242, 366, 168, 249, 117, 169, 230, 108, 23821, 246, 223, 168, 225, 223, 169, 247, 242, 166, 108, 222, 23821, 251, 112, 23821, 254, 243, 167, 237, 226, 167, 94, 250, 23821, 250, 254, 169, 244, 231, 35975, 116, 23821, 97, 226, 31619, 103, 108, 167, 252, 238, 167, 232, 242, 167, 235, 108, 31619, 108, 102, 168, 228, 94, 168, 245, 238, 168, 226, 250, 166, 117, 234, 168, 100, 222, 31619, 233, 97, 167, 96, 101, 167, 232, 242, 220, 166, 110, 225, 35975, 226, 31619, 111, 112, 166, 111, 254, 23821, 110, 112, 166, 108, 238, 35975, 112, 31619, 238, 238, 168, 244, 112, 1, 167, 251, 120, 166, 111, 254, 220, 47991, 246, 168, 245, 105, 31619, 108, 102, 168, 228, 94, 35975, 226, 220, 169, 228, 113, 47991, 112, 23821, 225, 230, 167, 94, 255, 166, 110, 234, 23821, 243, 234, 166, 110, 234, 31619, 238, 250, 23821, 8955, 168, 233, 97, 35975, 226, 220, 169, 239, 250, 169, 246, 226, 47991, 246, 166, 111, 254, 23821, 252, 230, 46695, 97, 13, 198, 198, 18, 167, 110, 230, 25, 23821, 254, 223, 168, 254, 230, 47991, 101, 13, 220, 159, 231, 95, 168, 245, 238, 168, 226, 250, 220, 47991, 247, 168, 225, 251, 16, 35975, 222, 366, 167, 234, 222, 167, 114, 222, 167, 114, 226, 23821, 251, 112, 220, 169, 246, 226, 168, 225, 223, 35975, 226, 220, 166, 116, 235, 168, 254, 243, 168, 254, 223, 168, 250, 120, 167, 94, 250, 31619, 111, 120, 220, 166, 110, 225, 220, 166, 108, 247, 35975, 222, 167, 235, 108, 11, 31619, 226, 230, 169, 251, 105, 167, 241, 97, 23821, 225, 251, 166, 108, 223, 35975, 222, 23821, 244, 112, 167, 243, 234, 1701, 167, 251, 120, 166, 111, 254, 220, 47991, 246, 168, 245, 105, 23821, 252, 238, 168, 233, 254, 35975, 246, 23821, 114, 242, 168, 116, 94, 35975, 226, 23821, 254, 250, 168, 233, 250, 47991, 246, 167, 102, 108, 31619, 233, 97, 167, 98, 116, 220, 47991, 247, 168, 225, 251, 167, 241, 97, 35975, 246, 23821, 251, 246, 166, 110, 105, 35975, 226, 31619, 105, 119, 166, 111, 254, 23821, 252, 230, 46695, 97, 13, 198, 198, 19, 167, 110, 230, 25, 23821, 254, 223, 168, 254, 230, 47991, 101, 13, 220, 159, 231, 96, 168, 245, 238, 168, 226, 250, 220, 47991, 247, 168, 225, 251, 16, 35975, 222, 220, 47991, 247, 168, 225, 251, 17, 35975, 246, 366, 168, 249, 117, 169, 230, 108, 23821, 252, 239, 166, 108, 222, 167, 241, 97, 35975, 112, 23821, 246, 223, 168, 225, 223, 169, 247, 242, 168, 245, 238, 23821, 250, 254, 167, 99, 105, 47991, 250, 23821, 252, 239, 169, 240, 230, 167, 100, 234, 23821, 108, 121, 168, 252, 239, 47991, 246, 167, 254, 97, 167, 232, 242, 220, 166, 110, 121, 169, 244, 98, 35975, 112, 23821, 225, 251, 166, 116, 116, 220, 166, 110, 225, 220, 166, 108, 247, 168, 243, 226, 1, 167, 251, 120, 167, 232, 242, 31619, 108, 250, 168, 244, 116, 35975, 226, 31619, 108, 242, 169, 225, 243, 168, 250, 120, 167, 94, 250, 366, 166, 115, 116, 167, 254, 229, 166, 110, 234, 31619, 238, 246, 167, 102, 112, 23821, 249, 117, 169, 230, 108, 35975, 112, 167, 224, 246, 23821, 246, 223, 168, 225, 223, 35975, 226, 23821, 99, 238, 166, 116, 108, 167, 232, 242, 23821, 251, 112, 167, 241, 97, 35975, 112, 23821, 233, 254, 168, 252, 239, 168, 245, 238, 31619, 234, 222, 47991, 112, 220, 166, 108, 244, 167, 232, 242, 220, 166, 116, 108, 167, 234, 222, 168, 117, 246, 168, 247, 222, 31619, 100, 234, 168, 94, 109, 167, 237, 226, 166, 117, 234, 168, 100, 222, 23821, 97, 226, 168, 244, 112, 167, 241, 97, 166, 110, 254, 46695, 97, 1, 166, 111, 254, 23821, 246, 230, 168, 225, 223, 220, 166, 110, 108, 166, 111, 120, 167, 98, 120, 31619, 100, 238, 47991, 246, 166, 111, 254, 23821, 252, 230, 46695, 97, 13, 198, 198, 20, 167, 110, 230, 25, 31619, 114, 222, 168, 254, 223, 168, 254, 230, 47991, 101, 13, 220, 159, 231, 97, 168, 245, 238, 168, 226, 250, 220, 47991, 247, 168, 225, 251, 17, 167, 232, 242, 220, 47991, 247, 168, 225, 251, 18, 35975, 246, 366, 168, 249, 117, 169, 230, 108, 23821, 108, 121, 168, 252, 239, 168, 252, 238, 166, 108, 222, 23821, 114, 242, 166, 108, 222, 23821, 230, 246, 35975, 113, 168, 250, 120, 167, 94, 250, 220, 166, 110, 121, 168, 254, 250, 168, 254, 223, 23821, 243, 230, 168, 254, 243, 35975, 226, 23821, 244, 119, 168, 250, 120, 167, 102, 112, 23821, 95, 233, 35975, 222, 23821, 249, 117, 169, 230, 108, 35975, 226, 31619, 100, 234, 167, 241, 250, 167, 232, 242, 31619, 235, 108, 23821, 254, 226, 167, 227, 238, 47991, 254, 23821, 230, 246, 23821, 252, 230, 166, 110, 234, 31619, 238, 254, 220, 166, 109, 108, 168, 243, 120, 1, 167, 251, 120, 167, 232, 242, 23821, 251, 246, 166, 110, 105, 168, 245, 238, 31619, 234, 222, 47991, 112, 366, 167, 235, 242, 31619, 100, 252, 167, 232, 242, 220, 166, 110, 225, 220, 166, 108, 247, 168, 243, 226, 1, 167, 251, 120, 166, 111, 254, 31619, 237, 247, 35975, 246, 167, 100, 234, 220, 47991, 254, 31619, 123, 238, 11, 23821, 225, 223, 167, 234, 222, 35975, 246, 31619, 108, 250, 168, 244, 116, 35975, 226, 23821, 252, 105, 168, 100, 226, 168, 230, 254, 47991, 246, 168, 100, 222, 167, 232, 242, 23821, 243, 232, 168, 243, 246, 46695, 97, 13, 198, 198, 168, 113, 250, 168, 95, 227, 23821, 254, 243, 46695, 113, 25, 642, 167, 110, 230]","[0.5, 0.5, 0.5, 0.5, 0.5, 0.5, 0.5, 0.5, 0.5, 0.5, 0.5, 0.5, 0.5, 0.5, 0.5, 0.5, 0.5, 0.5, 0.5, 0.5, 0.5, 0.5, 0.5, 0.5, 0.5, 0.5, 0.5, 0.5, 0.5, 0.5, 0.5, 0.5, 0.5, 0.5, 0.5, 0.5, 0.5, 0.5, 0.5, 0.5, 0.5, 0.5, 0.5, 0.5, 0.5, 0.5, 0.5, 0.5, 0.5, 0.5, 0.5, 0.5, 0.5, 0.5, 0.5, 0.5, 0.5, 0.5, 0.5, 0.5, 0.5, 0.5, 0.5, 0.5, 0.5, 0.5, 0.5, 0.5, 0.5, 0.5, 0.5, 0.5, 0.5, 0.5, 0.5, 0.5, 0.5, 0.5, 0.5, 0.5, 0.5, 0.5, 0.5, 0.5, 0.5, 0.5, 0.5, 0.5, 0.5, 0.5, 0.5, 0.5, 0.5, 0.5, 0.5, 0.5, 0.5, 0.5, 0.5, 0.5, 0.5, 0.5, 0.5, 0.5, 0.5, 0.5, 0.5, 0.5, 0.5, 0.5, 0.5, 0.5, 0.5, 0.5, 0.5, 0.5, 0.5, 0.5, 0.5, 0.5, 0.5, 0.5, 0.5, 0.5, 0.5, 0.5, 0.5, 0.5, 0.5, 0.5, 0.5, 0.5, 0.5, 0.5, 0.5, 0.5, 0.5, 0.5, 0.5, 0.5, 0.5, 0.5, 0.5, 0.5, 0.5, 0.5, 0.5, 0.5, 0.5, 0.5, 0.5, 0.5, 0.5, 0.5, 0.5, 0.5, 0.5, 0.5, 0.5, 0.5, 0.5, 0.5, 0.5, 0.5, 0.5, 0.5, 0.5, 0.5, 0.5, 0.5, 0.5, 0.5, 0.5, 0.5, 0.5, 0.5, 0.5, 0.5, 0.5, 0.5, 0.5, 0.5, 0.5, 0.5, 0.5, 0.5, 0.5, 0.5, 0.5, 0.5, 0.5, 0.5, 0.5, 0.5, 0.5, 0.5, 0.5, 0.5, 0.5, 0.5, 0.5, 0.5, 0.5, 0.5, 0.5, 0.5, 0.5, 0.5, 0.5, 0.5, 0.5, 0.5, 0.5, 0.5, 0.5, 0.5, 0.5, 0.5, 0.5, 0.5, 0.5, 0.5, 0.5, 0.5, 0.5, 0.5, 0.5, 0.5, 0.5, 0.5, 0.5, 0.5, 0.5, 0.5, 0.5, 0.5, 0.5, 0.5, 0.5, 0.5, 0.5, 0.5, 0.5, 0.5, 0.5, 0.5, 0.5, 0.5, 0.5, 0.5, 0.5, 0.5, 0.5, 0.5, 0.5, 0.5, 0.5, 0.5, 0.5, 0.5, 0.5, 0.5, 0.5, 0.5, 0.5, 0.5, 0.5, 0.5, 0.5, 0.5, 0.5, 0.5, 0.5, 0.5, 0.5, 0.5, 0.5, 0.5, 0.5, 0.5, 0.5, 0.5, 0.5, 0.5, 0.5, 0.5, 0.5, 0.5, 0.5, 0.5, 0.5, 0.5, 0.5, 0.5, 0.5, 0.5, 0.5, 0.5, 0.5, 0.5, 0.5, 0.5, 0.5, 0.5, 0.5, 0.5, 0.5, 0.5, 0.5, 0.5, 0.5, 0.5, 0.5, 0.5, 0.5, 0.5, 0.5, 0.5, 0.5, 0.5, 0.5, 0.5, 0.5, 0.5, 0.5, 0.5, 0.5, 0.5, 0.5, 0.5, 0.5, 0.5, 0.5, 0.5, 0.5, 0.5, 0.5, 0.5, 0.5, 0.5, 0.5, 0.5, 0.5, 0.5, 0.5, 0.5, 0.5, 0.5, 0.5, 0.5, 0.5, 0.5, 0.5, 0.5, 0.5, 0.5, 0.5, 0.5, 0.5, 0.5, 0.5, 0.5, 0.5, 0.5, 0.5, 0.5, 0.5, 0.5, 0.5, 0.5, 0.5, 0.5, 0.5, 0.5, 0.5, 0.5, 0.5, 0.5, 0.5, 0.5, 0.5, 0.5, 0.5, 0.5, 0.5, 0.5, 0.5, 0.5, 0.5, 0.5, 0.5, 0.5, 0.5, 0.5, 0.5, 0.5, 0.5, 0.5, 0.5, 0.5, 0.5, 0.5, 0.5, 0.5, 0.5, 0.5, 0.5, 0.5, 0.5, 0.5, 0.5, 0.5, 0.5, 0.5, 0.5, 0.5, 0.5, 0.5, 0.5, 0.5, 0.5, 0.5, 0.5, 0.5, 0.5, 0.5, 0.5, 0.5, 0.5, 0.5, 0.5, 0.5, 0.5, 0.5, 0.5, 0.5, 0.5, 0.5, 0.5, 0.5, 0.5, 0.5, 0.5, 0.5, 0.5, 0.5, 0.5, 0.5, 0.5, 0.5, 0.5, 0.5, 0.5, 0.5, 0.5, 0.5, 0.5, 0.5, 0.5, 0.5, 0.5, 0.5, 0.5, 0.5, 0.5, 0.5, 0.5, 0.5, 0.5, 0.5, 0.5, 0.5, 0.5, 0.5, 0.5, 0.5, 0.5, 0.5, 0.5, 0.5, 0.5, 0.5, 0.5, 0.5, 0.5, 0.5, 0.5, 0.5, 0.5, 0.5, 0.5, 0.5, 0.5, 0.5, 0.5, 0.5, 0.5, 0.5, 0.5, 0.5, 0.5, 0.5, 0.5, 0.5, 0.5, 0.5, 0.5, 0.5, 0.5, 0.5, 0.5, 0.5, 0.5, 0.5, 0.5, 0.5, 0.5, 0.5, 0.5, 0.5, 0.5, 0.5, 0.5, 0.5, 0.5, 0.5, 0.5, 0.5, 0.5, 0.5, 0.5, 0.5, 0.5, 0.5, 0.5, 0.5, 0.5, 0.5, 0.5, 0.5, 0.5, 0.5, 0.5, 0.5, 0.5, 0.5, 0.5, 0.5, 0.5, 0.5, 0.5, 0.5, 0.5, 0.5, 0.5, 0.5, 0.5, 0.5, 0.5, 0.5, 0.5, 0.5, 0.5, 0.5, 0.5, 0.5, 0.5, 0.5, 0.5, 0.5, 0.5, 0.5, 0.5, 0.5, 0.5, 0.5, 0.5, 0.5, 0.5, 0.5, 0.5, 0.5, 0.5, 0.5, 0.5, 0.5, 0.5, 0.5, 0.5, 0.5, 0.5, 0.5, 0.5, 0.5, 0.5, 0.5, 0.5, 0.5, 0.5, 0.5, 0.5, 0.5, 0.5, 0.5, 0.5, 0.5, 0.5, 0.5, 0.5, 0.5, 0.5, 0.5, 0.5, 0.5, 0.5, 0.5, 0.5, 0.5, 0.5, 0.5, 0.5, 0.5, 0.5, 0.5, 0.5, 0.5, 0.5, 0.5, 0.5, 0.5, 0.5, 0.5, 0.5, 0.5, 0.5, 0.5, 0.5, 0.5, 0.5, 0.5, 0.5, 0.5, 0.5, 0.5, 0.5, 0.5, 0.5, 0.5, 0.5, 0.5, 0.5, 0.5, 0.5, 0.5, 0.5, 0.5, 0.5, 0.5, 0.5, 0.5, 0.5, 0.5, 0.5, 0.5, 0.5, 0.5, 0.5, 0.5, 0.5, 0.5, 0.5, 0.5, 0.5, 0.5, 0.5, 0.5, 0.5, 0.5, 0.5, 0.5, 0.5, 0.5, 0.5, 0.5, 0.5, 0.5, 0.5, 0.5, 0.5, 0.5, 0.5, 0.5, 0.5, 0.5, 0.5, 0.5, 0.5, 0.5, 0.5, 0.5, 0.5, 0.5, 0.5, 0.5, 0.5, 0.5, 0.5, 0.5, 0.5, 0.5, 0.5, 0.5, 0.5, 0.5, 0.5, 0.5, 0.5, 0.5, 0.5, 0.5, 0.5, 0.5, 0.5, 0.5, 0.5, 0.5, 0.5, 0.5, 0.5, 0.5, 0.5, 0.5, 0.5, 0.5, 0.5, 0.5, 0.5, 0.5, 0.5, 0.5, 0.5, 0.5, 0.5, 0.5, 0.5, 0.5, 0.5, 0.5, 0.5, 0.5, 0.5, 0.5, 0.5, 0.5, 0.5, 0.5, 0.5, 0.5, 0.5, 0.5, 0.5, 0.5, 0.5, 0.5, 0.5, 0.5, 0.5, 0.5, 0.5, 0.5, 0.5, 0.5, 0.5, 0.5, 0.5, 0.5, 0.5, 0.5, 0.5, 0.5, 0.5, 0.5, 0.5, 0.5, 0.5, 0.5, 0.5, 0.5, 0.5, 0.5, 0.5, 0.5, 0.5, 0.5, 0.5, 0.5, 0.5, 0.5, 0.5, 0.5, 0.5, 0.5, 0.5, 0.5, 0.5, 0.5, 0.5, 0.5, 0.5, 0.5, 0.5, 0.5, 0.5, 0.5, 0.5, 0.5, 0.5, 0.5, 0.5, 0.5, 0.5, 0.5, 0.5, 0.5, 0.5, 0.5, 0.5, 0.5, 0.5, 0.5, 0.5, 0.5, 0.5, 0.5, 0.5, 0.5, 0.5, 0.5, 0.5, 0.5, 0.5, 0.5, 0.5, 0.5, 0.5, 0.5, 0.5, 0.5, 0.5, 0.5, 0.5, 0.5, 0.5, 0.5, 0.5, 0.5, 0.5, 0.5, 0.5, 0.5, 0.5, 0.5, 0.5, 0.5, 0.5, 0.5, 0.5, 0.5, 0.5, 0.5, 0.5, 0.5, 0.5, 0.5, 0.5, 0.5, 0.5, 0.5, 0.5, 0.5, 0.5, 0.5, 0.5, 0.5, 0.5, 0.5, 0.5, 0.5, 0.5, 0.5, 0.5, 0.5, 0.5, 0.5, 0.5, 0.5, 0.5, 0.5, 0.5, 0.5, 0.5, 0.5, 0.5, 0.5, 0.5, 0.5, 0.5, 0.5, 0.5, 0.5, 0.5, 0.5, 0.5, 0.5, 0.5, 0.5, 0.5, 0.5, 0.5, 0.5, 0.5, 0.5, 0.5, 0.5, 0.5, 0.5, 0.5, 0.5, 0.5, 0.5, 0.5, 0.5, 0.5, 0.5, 0.5, 0.5, 0.5, 0.5, 0.5, 0.5, 0.5, 0.5, 0.5, 0.5, 0.5, 0.5, 0.5, 0.5, 0.5, 0.5, 0.5, 0.5, 0.5, 0.5, 0.5, 0.5, 0.5, 0.5, 0.5, 0.5, 0.5, 0.5, 0.5, 0.5, 0.5, 0.5, 0.5, 0.5, 0.5, 0.5, 0.5, 0.5, 0.5, 0.5, 0.5, 0.5, 0.5, 0.5, 0.5, 0.5, 0.5, 0.5, 0.5, 0.5, 0.5, 0.5, 0.5, 0.5, 0.5, 0.5, 0.5, 0.5, 0.5, 0.5, 0.5, 0.5, 0.5, 0.5, 0.5, 0.5, 0.5, 0.5, 0.5, 0.5, 0.5, 0.5, 0.5, 0.5, 0.5, 0.5, 0.5, 0.5, 0.5, 0.5, 0.5, 0.5, 0.5, 0.5, 0.5, 0.5, 0.5, 0.5, 0.5, 0.5, 0.5, 0.5, 0.5, 0.5, 0.5, 0.5, 0.5, 0.5, 0.5, 0.5, 0.5, 0.5, 0.5, 0.5, 0.5, 0.5, 0.5, 0.5, 0.5, 0.5, 0.5, 0.5, 0.5, 0.5, 0.5, 0.5, 0.5, 0.5, 0.5, 0.5, 0.5, 0.5, 0.5, 0.5, 0.5, 0.5, 0.5, 0.5, 0.5, 0.5, 0.5, 0.5, 0.5, 0.5, 0.5, 0.5, 0.5, 0.5, 0.5, 0.5, 0.5, 0.5, 0.5, 0.5, 0.5, 0.5, 0.5, 0.5, 0.5, 0.5, 0.5, 0.5, 0.5, 0.5, 0.5, 0.5, 0.5, 0.5, 0.5, 0.5, 0.5, 0.5, 0.5, 0.5, 0.5, 0.5, 0.5, 0.5, 0.5, 0.5, 0.5, 0.5, 0.5, 0.5, 0.5, 0.5, 0.5, 0.5, 0.5, 0.5, 0.5, 0.5, 0.5, 0.5, 0.5, 0.5, 0.5, 0.5, 0.5, 0.5, 0.5, 0.5, 0.5, 0.5, 0.5, 0.5, 0.5, 0.5, 0.5, 0.5, 0.5, 0.5, 0.5, 0.5, 0.5, 0.5, 0.5, 0.5, 0.5, 0.5, 0.5, 0.5, 0.5, 0.5, 0.5, 0.5, 0.5, 0.5, 0.5, 0.5, 0.5, 0.5, 0.5, 0.5, 0.5, 0.5, 0.5, 0.5, 0.5, 0.5, 0.5, 0.5, 0.5, 0.5, 0.5, 0.5, 0.5, 0.5, 0.5, 0.5, 0.5, 0.5, 0.5, 0.5, 0.5, 0.5, 0.5, 0.5, 0.5, 0.5, 0.5, 0.5, 0.5, 0.5, 0.5, 0.5, 0.5, 0.5, 0.5, 0.5, 0.5, 0.5, 0.5, 0.5, 0.5, 0.5, 0.5, 0.5, 0.5, 0.5, 0.5, 0.5, 0.5, 0.5, 0.5, 0.5, 0.5, 0.5, 0.5, 0.5, 0.5, 0.5, 0.5, 0.5, 0.5, 0.5, 0.5, 0.5, 0.5, 0.5, 0.5, 0.5, 0.5, 0.5, 0.5, 0.5, 0.5, 0.5, 0.5, 0.5, 0.5, 0.5, 0.5, 0.5, 0.5, 0.5, 0.5, 0.5, 0.5, 0.5, 0.5, 0.5, 0.5, 0.5, 0.5, 0.5, 0.5, 0.5, 0.5, 0.5, 0.5, 0.5, 0.5, 0.5, 0.5, 0.5, 0.5]",0
2026_11_KICE_38-42_2,['5(3)'],"1번: (가)에서 진행자가 언급한 ""드라마 ○○○이 세계적으로 인기""라는 사례를 (나)에서 학생3이 언급했고, (다)에서 ""전 세계 시청 순위 1위를 한 작품""이라는 구체적 사례로 제시되어 필자의 긍정적 관점을 뒷받침하는 논거로 사용되었습니다. ""(다)의 첫 문단: 요즘 OTT 플랫폼을 보면...해외에서까지 인기를 얻는 경우도 많다.""

2번: (가)에서 전문가1이 언급한 ""인터넷 기반 동영상 제공 서비스인 OTT의 활성화로 영상 산업이 급속도로 성장""이라는 내용을 (나)에서 학생2가 언급했고, (다)에서 ""OTT 플랫폼이 활성화됨에 따라...웹툰을 원작으로 한 영상 제작이 더욱 늘어난 것이다""라고 원인 분석에 반영되었습니다. ""(다)의 첫 문단: 특수 효과 기술의 발달로...제작이 더욱 늘어난 것이다.""

3번: (가)에서 전문가1이 ""흥행 실패로 인해 손실을 입을 위험 부담을 덜 수 있다""고 언급한 내용을 (나)에서 학생2가 언급하지 않았습니다. 오히려 학생2는 부정적 관점을 제시했지만, 이는 (다)에서 필자가 반박하는 대상이 되었습니다. ""(가)의 전문가1 발언: 흥행 실패로 인해 손실을 입을 위험 부담을 덜 수 있습니다.""

4번: (가)에서 전문가2가 ""특수 효과 기술이 발달한 점도...일조했죠""라고 언급한 내용을 (나)에서 학생3이 언급했지만, (다)에서는 이를 한계가 아닌 긍정적 요인으로 제시했습니다. ""(다)의 첫 문단: 특수 효과 기술의 발달로...구현될 수 있는 환경이 마련되었고""

5번: (가)에서 전문가2가 ""저작권을 판매할 수 있어 수익 창출의 기회가 늘어났습니다""라고 언급한 내용을 (나)에서 학생3이 ""추가 수익을 낼 수 있는 기회""라고 언급했고, (다)에서는 ""웹툰 창작의 측면에서는 창작자가 경제적 안정을 얻게 되어...도전적인 시도를 하게 된다""며 긍정적 관점에서 반박 내용으로 제시했습니다. ""(다)의 세 번째 문단: 웹툰 창작의 측면에서는...도전적인 시도를 하게 된다.""

최종 정답: 5번","[16, 167, 110, 230, 25, 357, 166, 108, 222, 8, 168, 245, 238, 168, 226, 250, 23821, 100, 226, 169, 244, 231, 168, 252, 238, 166, 108, 222, 23821, 244, 116, 166, 116, 231, 47991, 250, 366, 167, 241, 250, 167, 251, 120, 167, 100, 230, 24966, 233, 15926, 233, 15926, 233, 35975, 112, 23821, 226, 116, 166, 111, 226, 168, 254, 223, 168, 250, 120, 167, 94, 250, 23821, 251, 116, 166, 116, 108, 1, 167, 251, 120, 167, 232, 242, 23821, 8955, 167, 94, 222, 167, 98, 120, 357, 167, 224, 246, 8, 168, 245, 238, 168, 226, 250, 220, 47991, 247, 168, 225, 251, 18, 35975, 112, 23821, 244, 116, 166, 116, 231, 169, 244, 230, 166, 111, 254, 11, 357, 46695, 97, 8, 168, 245, 238, 168, 226, 250, 366, 168, 254, 226, 23821, 226, 116, 166, 111, 226, 23821, 233, 250, 168, 110, 255, 23821, 230, 250, 168, 250, 226, 352, 168, 250, 226, 167, 98, 120, 220, 47991, 250, 23821, 252, 239, 169, 240, 230, 1, 35975, 112, 167, 251, 120, 167, 232, 242, 220, 166, 113, 105, 168, 110, 112, 168, 254, 223, 23821, 8955, 167, 94, 222, 167, 94, 250, 23821, 254, 250, 168, 233, 250, 167, 238, 246, 168, 244, 112, 220, 47991, 226, 168, 252, 238, 35975, 246, 220, 166, 116, 235, 168, 254, 243, 168, 254, 223, 220, 166, 112, 222, 168, 254, 238, 35975, 226, 31619, 240, 115, 167, 108, 249, 168, 117, 101, 47991, 246, 167, 232, 242, 31619, 227, 120, 166, 109, 108, 167, 94, 250, 23821, 8955, 168, 248, 102, 167, 238, 246, 168, 245, 230, 168, 232, 113, 46695, 230, 46695, 97, 13, 30629, 46695, 97, 8, 35975, 246, 23821, 110, 104, 31619, 105, 116, 46695, 101, 25, 23821, 248, 242, 168, 99, 246, 440, 15751, 220, 169, 242, 234, 167, 252, 104, 169, 237, 120, 35975, 226, 31619, 111, 112, 167, 102, 112, 986, 47991, 112, 168, 247, 116, 168, 245, 238, 168, 226, 250, 166, 117, 234, 168, 100, 222, 23821, 251, 116, 166, 116, 108, 167, 98, 120, 23821, 244, 119, 167, 232, 242, 220, 166, 110, 121, 168, 248, 108, 167, 237, 226, 31619, 100, 236, 46695, 97, 526, 198, 198, 17, 167, 110, 230, 25, 357, 166, 108, 222, 8, 168, 245, 238, 168, 226, 250, 23821, 254, 226, 167, 105, 116, 166, 108, 222, 16, 35975, 112, 23821, 244, 116, 166, 116, 231, 47991, 250, 366, 35975, 116, 169, 226, 108, 167, 226, 115, 220, 166, 116, 108, 167, 108, 246, 31619, 237, 247, 168, 246, 223, 168, 225, 223, 23821, 254, 250, 166, 111, 113, 23821, 226, 250, 167, 117, 226, 168, 232, 97, 35975, 116, 440, 15751, 35975, 246, 220, 169, 247, 250, 168, 226, 109, 169, 247, 242, 167, 94, 250, 23821, 246, 223, 168, 225, 223, 23821, 224, 108, 168, 245, 227, 35975, 112, 220, 166, 116, 231, 168, 228, 235, 167, 237, 226, 167, 94, 250, 23821, 226, 109, 168, 252, 98, 1, 35975, 112, 167, 251, 120, 167, 232, 242, 31619, 224, 112, 168, 248, 102, 35975, 226, 357, 167, 224, 246, 8, 168, 245, 238, 168, 226, 250, 220, 47991, 247, 168, 225, 251, 17, 166, 108, 222, 23821, 244, 116, 166, 116, 231, 169, 244, 230, 166, 111, 254, 11, 357, 46695, 97, 8, 168, 245, 238, 168, 226, 250, 366, 29089, 220, 169, 242, 234, 167, 252, 104, 169, 237, 120, 35975, 112, 220, 169, 247, 250, 168, 226, 109, 169, 247, 242, 167, 238, 101, 168, 245, 238, 31619, 242, 108, 167, 251, 120, 986, 168, 249, 117, 169, 230, 108, 35975, 226, 23821, 249, 238, 168, 252, 239, 168, 250, 120, 167, 94, 250, 220, 47991, 250, 23821, 246, 223, 168, 225, 223, 23821, 254, 250, 168, 252, 239, 35975, 112, 31619, 235, 242, 168, 248, 109, 31619, 232, 246, 168, 244, 112, 167, 224, 250, 220, 166, 110, 225, 35975, 112, 46695, 97, 1, 167, 251, 120, 166, 111, 254, 23821, 249, 238, 35975, 116, 31619, 114, 226, 168, 226, 251, 168, 245, 238, 31619, 108, 246, 168, 246, 223, 167, 238, 246, 168, 245, 230, 168, 232, 113, 46695, 230, 46695, 97, 13, 30629, 46695, 97, 8, 35975, 246, 23821, 110, 104, 31619, 105, 116, 46695, 101, 25, 220, 169, 232, 117, 168, 230, 246, 220, 169, 248, 101, 166, 111, 120, 220, 166, 116, 108, 168, 230, 254, 35975, 246, 31619, 108, 250, 46695, 105, 167, 94, 250, 986, 168, 254, 250, 168, 252, 239, 35975, 112, 31619, 235, 242, 168, 248, 109, 31619, 232, 246, 168, 244, 112, 167, 224, 250, 220, 166, 110, 225, 35975, 112, 46695, 97, 526, 198, 198, 18, 167, 110, 230, 25, 357, 166, 108, 222, 8, 168, 245, 238, 168, 226, 250, 23821, 254, 226, 167, 105, 116, 166, 108, 222, 16, 35975, 112, 366, 169, 251, 98, 169, 244, 231, 23821, 233, 97, 169, 234, 101, 167, 94, 250, 23821, 251, 116, 47991, 112, 23821, 228, 238, 168, 233, 97, 35975, 226, 23821, 252, 227, 35975, 226, 23821, 250, 226, 169, 245, 246, 31619, 114, 222, 46695, 112, 35975, 226, 31619, 235, 250, 23821, 230, 246, 23821, 252, 230, 46695, 97, 1, 166, 111, 254, 23821, 244, 116, 166, 116, 231, 47991, 250, 31619, 224, 112, 168, 248, 102, 35975, 226, 357, 167, 224, 246, 8, 168, 245, 238, 168, 226, 250, 220, 47991, 247, 168, 225, 251, 17, 166, 108, 222, 23821, 244, 116, 166, 116, 231, 47991, 246, 168, 100, 222, 23821, 243, 232, 168, 243, 246, 168, 232, 113, 46695, 230, 46695, 97, 13, 23821, 246, 97, 169, 252, 230, 167, 254, 97, 220, 47991, 247, 168, 225, 251, 17, 167, 232, 242, 31619, 114, 222, 168, 254, 243, 168, 254, 223, 220, 166, 112, 222, 168, 254, 238, 35975, 226, 23821, 254, 250, 168, 233, 250, 169, 244, 230, 168, 100, 222, 167, 100, 234, 11, 23821, 251, 112, 167, 232, 242, 357, 46695, 97, 8, 168, 245, 238, 168, 226, 250, 220, 47991, 226, 168, 252, 238, 166, 108, 222, 31619, 108, 246, 167, 108, 243, 47991, 246, 167, 232, 242, 31619, 234, 222, 168, 225, 223, 35975, 112, 31619, 238, 246, 168, 245, 230, 168, 232, 113, 46695, 230, 46695, 97, 13, 30629, 166, 108, 222, 8, 35975, 246, 23821, 254, 226, 167, 105, 116, 166, 108, 222, 16, 31619, 108, 250, 168, 244, 116, 25, 220, 169, 251, 98, 169, 244, 231, 23821, 233, 97, 169, 234, 101, 167, 94, 250, 23821, 251, 116, 47991, 112, 23821, 228, 238, 168, 233, 97, 35975, 226, 23821, 252, 227, 35975, 226, 23821, 250, 226, 169, 245, 246, 31619, 114, 222, 46695, 112, 35975, 226, 31619, 235, 250, 23821, 230, 246, 23821, 252, 230, 168, 232, 113, 46695, 230, 46695, 97, 526, 198, 198, 19, 167, 110, 230, 25, 357, 166, 108, 222, 8, 168, 245, 238, 168, 226, 250, 23821, 254, 226, 167, 105, 116, 166, 108, 222, 17, 166, 108, 222, 366, 169, 232, 117, 168, 230, 246, 220, 169, 248, 101, 166, 111, 120, 220, 166, 116, 108, 168, 230, 254, 35975, 112, 31619, 108, 250, 46695, 105, 47991, 250, 23821, 254, 238, 167, 237, 226, 986, 35975, 120, 168, 94, 108, 169, 244, 230, 168, 96, 254, 1, 167, 251, 120, 166, 111, 254, 23821, 244, 116, 166, 116, 231, 47991, 250, 31619, 224, 112, 168, 248, 102, 35975, 226, 357, 167, 224, 246, 8, 168, 245, 238, 168, 226, 250, 220, 47991, 247, 168, 225, 251, 18, 35975, 112, 23821, 244, 116, 166, 116, 231, 169, 244, 230, 168, 100, 222, 167, 100, 234, 11, 357, 46695, 97, 8, 168, 245, 238, 168, 226, 250, 167, 232, 242, 23821, 251, 112, 167, 98, 120, 220, 47991, 250, 166, 111, 226, 166, 108, 222, 23821, 243, 226, 46695, 234, 220, 166, 116, 235, 168, 254, 243, 168, 254, 223, 23821, 248, 242, 35975, 116, 168, 250, 120, 167, 94, 250, 23821, 254, 250, 168, 233, 250, 169, 244, 230, 168, 232, 113, 46695, 230, 46695, 97, 13, 30629, 46695, 97, 8, 35975, 246, 23821, 110, 104, 31619, 105, 116, 46695, 101, 25, 220, 169, 232, 117, 168, 230, 246, 220, 169, 248, 101, 166, 111, 120, 220, 166, 116, 108, 168, 230, 254, 35975, 246, 31619, 108, 250, 46695, 105, 167, 94, 250, 986, 166, 113, 105, 169, 246, 226, 167, 238, 254, 23821, 230, 246, 23821, 252, 230, 167, 232, 242, 220, 169, 247, 246, 166, 110, 121, 35975, 112, 31619, 100, 230, 167, 254, 101, 167, 238, 246, 168, 245, 230, 166, 111, 254, 1, 198, 198, 20, 167, 110, 230, 25, 357, 166, 108, 222, 8, 168, 245, 238, 168, 226, 250, 23821, 254, 226, 167, 105, 116, 166, 108, 222, 17, 166, 108, 222, 366, 168, 254, 222, 168, 252, 239, 166, 114, 234, 35975, 226, 220, 169, 234, 238, 167, 100, 97, 47991, 254, 23821, 230, 246, 23821, 252, 230, 168, 244, 112, 23821, 230, 246, 35975, 113, 23821, 108, 121, 168, 114, 250, 35975, 246, 220, 166, 116, 108, 169, 248, 234, 166, 108, 222, 31619, 232, 246, 168, 244, 112, 167, 8955, 168, 232, 113, 46695, 230, 46695, 97, 1, 167, 251, 120, 166, 111, 254, 23821, 244, 116, 166, 116, 231, 47991, 250, 31619, 224, 112, 168, 248, 102, 35975, 226, 357, 167, 224, 246, 8, 168, 245, 238, 168, 226, 250, 220, 47991, 247, 168, 225, 251, 18, 35975, 112, 366, 168, 114, 242, 166, 108, 222, 23821, 230, 246, 35975, 113, 35975, 226, 31619, 224, 120, 23821, 230, 246, 23821, 252, 230, 167, 232, 242, 220, 166, 116, 108, 169, 248, 234, 1, 167, 251, 120, 166, 111, 254, 23821, 244, 116, 166, 116, 231, 169, 244, 230, 166, 111, 254, 11, 357, 46695, 97, 8, 168, 245, 238, 168, 226, 250, 167, 232, 242, 366, 168, 249, 117, 169, 230, 108, 23821, 108, 121, 168, 252, 239, 35975, 246, 23821, 116, 94, 167, 102, 112, 168, 245, 238, 168, 226, 250, 167, 232, 242, 23821, 108, 121, 168, 252, 239, 168, 252, 238, 166, 108, 222, 220, 166, 110, 121, 168, 254, 250, 168, 254, 223, 23821, 243, 230, 168, 254, 243, 35975, 226, 23821, 244, 119, 166, 110, 234, 31619, 238, 246, 168, 244, 112, 986, 167, 237, 226, 168, 254, 226, 168, 254, 223, 35975, 116, 23821, 233, 250, 167, 237, 226, 167, 98, 120, 220, 47991, 246, 166, 110, 234, 31619, 238, 250, 46695, 97, 1, 167, 102, 108, 220, 166, 116, 235, 168, 254, 243, 168, 254, 223, 220, 166, 112, 222, 168, 254, 238, 168, 245, 238, 168, 226, 250, 31619, 108, 246, 167, 108, 243, 31619, 224, 112, 168, 248, 102, 168, 250, 120, 167, 94, 250, 23821, 254, 250, 168, 233, 250, 169, 244, 230, 168, 232, 113, 46695, 230, 46695, 97, 13, 30629, 46695, 97, 8, 35975, 246, 23821, 226, 116, 31619, 110, 230, 168, 100, 116, 31619, 105, 116, 46695, 101, 25, 23821, 249, 117, 169, 230, 108, 23821, 108, 121, 168, 252, 239, 35975, 246, 23821, 116, 94, 167, 102, 112, 168, 245, 238, 168, 226, 250, 167, 232, 242, 986, 167, 237, 226, 168, 254, 226, 168, 254, 223, 35975, 116, 23821, 233, 250, 167, 237, 226, 167, 98, 120, 220, 47991, 246, 166, 110, 234, 31619, 238, 250, 46695, 97, 526, 198, 198, 168, 113, 250, 168, 95, 227, 23821, 254, 243, 46695, 113, 25, 642, 167, 110, 230]","[0.5, 0.5, 0.5, 0.5, 0.5, 0.5, 0.5, 0.5, 0.5, 0.5, 0.5, 0.5, 0.5, 0.5, 0.5, 0.5, 0.5, 0.5, 0.5, 0.5, 0.5, 0.5, 0.5, 0.5, 0.5, 0.5, 0.5, 0.5, 0.5, 0.5, 0.5, 0.5, 0.5, 0.5, 0.5, 0.5, 0.5, 0.5, 0.5, 0.5, 0.5, 0.5, 0.5, 0.5, 0.5, 0.5, 0.5, 0.5, 0.5, 0.5, 0.5, 0.5, 0.5, 0.5, 0.5, 0.5, 0.5, 0.5, 0.5, 0.5, 0.5, 0.5, 0.5, 0.5, 0.5, 0.5, 0.5, 0.5, 0.5, 0.5, 0.5, 0.5, 0.5, 0.5, 0.5, 0.5, 0.5, 0.5, 0.5, 0.5, 0.5, 0.5, 0.5, 0.5, 0.5, 0.5, 0.5, 0.5, 0.5, 0.5, 0.5, 0.5, 0.5, 0.5, 0.5, 0.5, 0.5, 0.5, 0.5, 0.5, 0.5, 0.5, 0.5, 0.5, 0.5, 0.5, 0.5, 0.5, 0.5, 0.5, 0.5, 0.5, 0.5, 0.5, 0.5, 0.5, 0.5, 0.5, 0.5, 0.5, 0.5, 0.5, 0.5, 0.5, 0.5, 0.5, 0.5, 0.5, 0.5, 0.5, 0.5, 0.5, 0.5, 0.5, 0.5, 0.5, 0.5, 0.5, 0.5, 0.5, 0.5, 0.5, 0.5, 0.5, 0.5, 0.5, 0.5, 0.5, 0.5, 0.5, 0.5, 0.5, 0.5, 0.5, 0.5, 0.5, 0.5, 0.5, 0.5, 0.5, 0.5, 0.5, 0.5, 0.5, 0.5, 0.5, 0.5, 0.5, 0.5, 0.5, 0.5, 0.5, 0.5, 0.5, 0.5, 0.5, 0.5, 0.5, 0.5, 0.5, 0.5, 0.5, 0.5, 0.5, 0.5, 0.5, 0.5, 0.5, 0.5, 0.5, 0.5, 0.5, 0.5, 0.5, 0.5, 0.5, 0.5, 0.5, 0.5, 0.5, 0.5, 0.5, 0.5, 0.5, 0.5, 0.5, 0.5, 0.5, 0.5, 0.5, 0.5, 0.5, 0.5, 0.5, 0.5, 0.5, 0.5, 0.5, 0.5, 0.5, 0.5, 0.5, 0.5, 0.5, 0.5, 0.5, 0.5, 0.5, 0.5, 0.5, 0.5, 0.5, 0.5, 0.5, 0.5, 0.5, 0.5, 0.5, 0.5, 0.5, 0.5, 0.5, 0.5, 0.5, 0.5, 0.5, 0.5, 0.5, 0.5, 0.5, 0.5, 0.5, 0.5, 0.5, 0.5, 0.5, 0.5, 0.5, 0.5, 0.5, 0.5, 0.5, 0.5, 0.5, 0.5, 0.5, 0.5, 0.5, 0.5, 0.5, 0.5, 0.5, 0.5, 0.5, 0.5, 0.5, 0.5, 0.5, 0.5, 0.5, 0.5, 0.5, 0.5, 0.5, 0.5, 0.5, 0.5, 0.5, 0.5, 0.5, 0.5, 0.5, 0.5, 0.5, 0.5, 0.5, 0.5, 0.5, 0.5, 0.5, 0.5, 0.5, 0.5, 0.5, 0.5, 0.5, 0.5, 0.5, 0.5, 0.5, 0.5, 0.5, 0.5, 0.5, 0.5, 0.5, 0.5, 0.5, 0.5, 0.5, 0.5, 0.5, 0.5, 0.5, 0.5, 0.5, 0.5, 0.5, 0.5, 0.5, 0.5, 0.5, 0.5, 0.5, 0.5, 0.5, 0.5, 0.5, 0.5, 0.5, 0.5, 0.5, 0.5, 0.5, 0.5, 0.5, 0.5, 0.5, 0.5, 0.5, 0.5, 0.5, 0.5, 0.5, 0.5, 0.5, 0.5, 0.5, 0.5, 0.5, 0.5, 0.5, 0.5, 0.5, 0.5, 0.5, 0.5, 0.5, 0.5, 0.5, 0.5, 0.5, 0.5, 0.5, 0.5, 0.5, 0.5, 0.5, 0.5, 0.5, 0.5, 0.5, 0.5, 0.5, 0.5, 0.5, 0.5, 0.5, 0.5, 0.5, 0.5, 0.5, 0.5, 0.5, 0.5, 0.5, 0.5, 0.5, 0.5, 0.5, 0.5, 0.5, 0.5, 0.5, 0.5, 0.5, 0.5, 0.5, 0.5, 0.5, 0.5, 0.5, 0.5, 0.5, 0.5, 0.5, 0.5, 0.5, 0.5, 0.5, 0.5, 0.5, 0.5, 0.5, 0.5, 0.5, 0.5, 0.5, 0.5, 0.5, 0.5, 0.5, 0.5, 0.5, 0.5, 0.5, 0.5, 0.5, 0.5, 0.5, 0.5, 0.5, 0.5, 0.5, 0.5, 0.5, 0.5, 0.5, 0.5, 0.5, 0.5, 0.5, 0.5, 0.5, 0.5, 0.5, 0.5, 0.5, 0.5, 0.5, 0.5, 0.5, 0.5, 0.5, 0.5, 0.5, 0.5, 0.5, 0.5, 0.5, 0.5, 0.5, 0.5, 0.5, 0.5, 0.5, 0.5, 0.5, 0.5, 0.5, 0.5, 0.5, 0.5, 0.5, 0.5, 0.5, 0.5, 0.5, 0.5, 0.5, 0.5, 0.5, 0.5, 0.5, 0.5, 0.5, 0.5, 0.5, 0.5, 0.5, 0.5, 0.5, 0.5, 0.5, 0.5, 0.5, 0.5, 0.5, 0.5, 0.5, 0.5, 0.5, 0.5, 0.5, 0.5, 0.5, 0.5, 0.5, 0.5, 0.5, 0.5, 0.5, 0.5, 0.5, 0.5, 0.5, 0.5, 0.5, 0.5, 0.5, 0.5, 0.5, 0.5, 0.5, 0.5, 0.5, 0.5, 0.5, 0.5, 0.5, 0.5, 0.5, 0.5, 0.5, 0.5, 0.5, 0.5, 0.5, 0.5, 0.5, 0.5, 0.5, 0.5, 0.5, 0.5, 0.5, 0.5, 0.5, 0.5, 0.5, 0.5, 0.5, 0.5, 0.5, 0.5, 0.5, 0.5, 0.5, 0.5, 0.5, 0.5, 0.5, 0.5, 0.5, 0.5, 0.5, 0.5, 0.5, 0.5, 0.5, 0.5, 0.5, 0.5, 0.5, 0.5, 0.5, 0.5, 0.5, 0.5, 0.5, 0.5, 0.5, 0.5, 0.5, 0.5, 0.5, 0.5, 0.5, 0.5, 0.5, 0.5, 0.5, 0.5, 0.5, 0.5, 0.5, 0.5, 0.5, 0.5, 0.5, 0.5, 0.5, 0.5, 0.5, 0.5, 0.5, 0.5, 0.5, 0.5, 0.5, 0.5, 0.5, 0.5, 0.5, 0.5, 0.5, 0.5, 0.5, 0.5, 0.5, 0.5, 0.5, 0.5, 0.5, 0.5, 0.5, 0.5, 0.5, 0.5, 0.5, 0.5, 0.5, 0.5, 0.5, 0.5, 0.5, 0.5, 0.5, 0.5, 0.5, 0.5, 0.5, 0.5, 0.5, 0.5, 0.5, 0.5, 0.5, 0.5, 0.5, 0.5, 0.5, 0.5, 0.5, 0.5, 0.5, 0.5, 0.5, 0.5, 0.5, 0.5, 0.5, 0.5, 0.5, 0.5, 0.5, 0.5, 0.5, 0.5, 0.5, 0.5, 0.5, 0.5, 0.5, 0.5, 0.5, 0.5, 0.5, 0.5, 0.5, 0.5, 0.5, 0.5, 0.5, 0.5, 0.5, 0.5, 0.5, 0.5, 0.5, 0.5, 0.5, 0.5, 0.5, 0.5, 0.5, 0.5, 0.5, 0.5, 0.5, 0.5, 0.5, 0.5, 0.5, 0.5, 0.5, 0.5, 0.5, 0.5, 0.5, 0.5, 0.5, 0.5, 0.5, 0.5, 0.5, 0.5, 0.5, 0.5, 0.5, 0.5, 0.5, 0.5, 0.5, 0.5, 0.5, 0.5, 0.5, 0.5, 0.5, 0.5, 0.5, 0.5, 0.5, 0.5, 0.5, 0.5, 0.5, 0.5, 0.5, 0.5, 0.5, 0.5, 0.5, 0.5, 0.5, 0.5, 0.5, 0.5, 0.5, 0.5, 0.5, 0.5, 0.5, 0.5, 0.5, 0.5, 0.5, 0.5, 0.5, 0.5, 0.5, 0.5, 0.5, 0.5, 0.5, 0.5, 0.5, 0.5, 0.5, 0.5, 0.5, 0.5, 0.5, 0.5, 0.5, 0.5, 0.5, 0.5, 0.5, 0.5, 0.5, 0.5, 0.5, 0.5, 0.5, 0.5, 0.5, 0.5, 0.5, 0.5, 0.5, 0.5, 0.5, 0.5, 0.5, 0.5, 0.5, 0.5, 0.5, 0.5, 0.5, 0.5, 0.5, 0.5, 0.5, 0.5, 0.5, 0.5, 0.5, 0.5, 0.5, 0.5, 0.5, 0.5, 0.5, 0.5, 0.5, 0.5, 0.5, 0.5, 0.5, 0.5, 0.5, 0.5, 0.5, 0.5, 0.5, 0.5, 0.5, 0.5, 0.5, 0.5, 0.5, 0.5, 0.5, 0.5, 0.5, 0.5, 0.5, 0.5, 0.5, 0.5, 0.5, 0.5, 0.5, 0.5, 0.5, 0.5, 0.5, 0.5, 0.5, 0.5, 0.5, 0.5, 0.5, 0.5, 0.5, 0.5, 0.5, 0.5, 0.5, 0.5, 0.5, 0.5, 0.5, 0.5, 0.5, 0.5, 0.5, 0.5, 0.5, 0.5, 0.5, 0.5, 0.5, 0.5, 0.5, 0.5, 0.5, 0.5, 0.5, 0.5, 0.5, 0.5, 0.5, 0.5, 0.5, 0.5, 0.5, 0.5, 0.5, 0.5, 0.5, 0.5, 0.5, 0.5, 0.5, 0.5, 0.5, 0.5, 0.5, 0.5, 0.5, 0.5, 0.5, 0.5, 0.5, 0.5, 0.5, 0.5, 0.5, 0.5, 0.5, 0.5, 0.5, 0.5, 0.5, 0.5, 0.5, 0.5, 0.5, 0.5, 0.5, 0.5, 0.5, 0.5, 0.5, 0.5, 0.5, 0.5, 0.5, 0.5, 0.5, 0.5, 0.5, 0.5, 0.5, 0.5, 0.5, 0.5, 0.5, 0.5, 0.5, 0.5, 0.5, 0.5, 0.5, 0.5, 0.5, 0.5, 0.5, 0.5, 0.5, 0.5, 0.5, 0.5, 0.5, 0.5, 0.5, 0.5, 0.5, 0.5, 0.5, 0.5, 0.5, 0.5, 0.5, 0.5, 0.5, 0.5, 0.5, 0.5, 0.5, 0.5, 0.5, 0.5, 0.5, 0.5, 0.5, 0.5, 0.5, 0.5, 0.5, 0.5, 0.5, 0.5, 0.5, 0.5, 0.5, 0.5, 0.5, 0.5, 0.5, 0.5, 0.5, 0.5, 0.5, 0.5, 0.5, 0.5, 0.5, 0.5, 0.5, 0.5, 0.5, 0.5, 0.5, 0.5, 0.5, 0.5, 0.5, 0.5, 0.5, 0.5, 0.5, 0.5, 0.5, 0.5, 0.5, 0.5, 0.5, 0.5, 0.5, 0.5, 0.5, 0.5, 0.5, 0.5, 0.5, 0.5, 0.5, 0.5, 0.5, 0.5, 0.5, 0.5, 0.5, 0.5, 0.5, 0.5, 0.5, 0.5, 0.5, 0.5, 0.5, 0.5, 0.5, 0.5, 0.5, 0.5, 0.5, 0.5, 0.5, 0.5, 0.5, 0.5, 0.5, 0.5, 0.5, 0.5, 0.5, 0.5, 0.5, 0.5, 0.5, 0.5, 0.5, 0.5, 0.5, 0.5, 0.5, 0.5, 0.5, 0.5, 0.5, 0.5, 0.5, 0.5, 0.5, 0.5, 0.5, 0.5, 0.5, 0.5, 0.5, 0.5, 0.5, 0.5, 0.5, 0.5, 0.5, 0.5, 0.5, 0.5, 0.5, 0.5, 0.5, 0.5, 0.5, 0.5, 0.5, 0.5, 0.5, 0.5, 0.5, 0.5, 0.5, 0.5, 0.5, 0.5, 0.5, 0.5, 0.5, 0.5, 0.5, 0.5, 0.5, 0.5, 0.5, 0.5, 0.5, 0.5, 0.5, 0.5, 0.5, 0.5, 0.5, 0.5, 0.5, 0.5, 0.5, 0.5, 0.5, 0.5, 0.5, 0.5, 0.5, 0.5, 0.5, 0.5, 0.5, 0.5, 0.5, 0.5, 0.5, 0.5, 0.5, 0.5, 0.5, 0.5, 0.5, 0.5, 0.5, 0.5, 0.5, 0.5, 0.5, 0.5, 0.5, 0.5, 0.5, 0.5, 0.5, 0.5, 0.5, 0.5, 0.5, 0.5, 0.5, 0.5, 0.5, 0.5, 0.5, 0.5, 0.5, 0.5, 0.5, 0.5, 0.5, 0.5, 0.5, 0.5, 0.5, 0.5, 0.5, 0.5, 0.5, 0.5, 0.5, 0.5, 0.5, 0.5, 0.5, 0.5, 0.5, 0.5, 0.5, 0.5, 0.5, 0.5, 0.5, 0.5, 0.5, 0.5, 0.5, 0.5, 0.5, 0.5, 0.5, 0.5, 0.5, 0.5, 0.5, 0.5, 0.5, 0.5, 0.5, 0.5, 0.5, 0.5, 0.5, 0.5, 0.5, 0.5, 0.5, 0.5, 0.5, 0.5, 0.5, 0.5, 0.5, 0.5, 0.5, 0.5, 0.5, 0.5, 0.5, 0.5, 0.5, 0.5, 0.5, 0.5, 0.5, 0.5, 0.5, 0.5, 0.5, 0.5, 0.5, 0.5, 0.5, 0.5, 0.5, 0.5, 0.5, 0.5, 0.5, 0.5, 0.5, 0.5, 0.5, 0.5, 0.5, 0.5, 0.5, 0.5, 0.5, 0.5, 0.5, 0.5, 0.5, 0.5, 0.5, 0.5, 0.5, 0.5, 0.5, 0.5, 0.5, 0.5, 0.5, 0.5, 0.5, 0.5, 0.5, 0.5, 0.5, 0.5, 0.5, 0.5, 0.5, 0.5, 0.5, 0.5, 0.5, 0.5, 0.5, 0.5, 0.5, 0.5, 0.5, 0.5, 0.5, 0.5, 0.5, 0.5, 0.5, 0.5, 0.5, 0.5, 0.5, 0.5, 0.5, 0.5, 0.5, 0.5, 0.5, 0.5, 0.5, 0.5, 0.5, 0.5, 0.5, 0.5, 0.5, 0.5, 0.5, 0.5, 0.5, 0.5, 0.5, 0.5, 0.5, 0.5, 0.5, 0.5, 0.5, 0.5, 0.5, 0.5, 0.5, 0.5, 0.5, 0.5, 0.5, 0.5, 0.5, 0.5, 0.5, 0.5, 0.5, 0.5, 0.5, 0.5, 0.5, 0.5, 0.5, 0.5, 0.5, 0.5, 0.5, 0.5, 0.5, 0.5, 0.5, 0.5, 0.5, 0.5, 0.5, 0.5, 0.5, 0.5, 0.5, 0.5, 0.5, 0.5, 0.5, 0.5, 0.5, 0.5, 0.5, 0.5, 0.5, 0.5, 0.5, 0.5, 0.5, 0.5, 0.5, 0.5, 0.5, 0.5, 0.5, 0.5, 0.5, 0.5, 0.5, 0.5, 0.5, 0.5, 0.5, 0.5, 0.5, 0.5, 0.5, 0.5, 0.5, 0.5, 0.5, 0.5, 0.5, 0.5, 0.5, 0.5, 0.5, 0.5, 0.5, 0.5, 0.5, 0.5, 0.5, 0.5, 0.5, 0.5, 0.5, 0.5, 0.5, 0.5, 0.5, 0.5, 0.5, 0.5, 0.5, 0.5, 0.5, 0.5, 0.5, 0.5, 0.5, 0.5, 0.5, 0.5, 0.5, 0.5, 0.5, 0.5, 0.5, 0.5, 0.5, 0.5, 0.5, 0.5, 0.5, 0.5, 0.5, 0.5, 0.5, 0.5, 0.5, 0.5, 0.5, 0.5, 0.5, 0.5, 0.5, 0.5, 0.5, 0.5, 0.5, 0.5, 0.5, 0.5, 0.5, 0.5, 0.5, 0.5, 0.5, 0.5, 0.5, 0.5, 0.5, 0.5, 0.5, 0.5, 0.5, 0.5, 0.5, 0.5, 0.5, 0.5, 0.5, 0.5, 0.5, 0.5, 0.5, 0.5, 0.5, 0.5, 0.5, 0.5, 0.5, 0.5, 0.5, 0.5, 0.5, 0.5, 0.5, 0.5, 0.5, 0.5, 0.5, 0.5, 0.5, 0.5, 0.5, 0.5, 0.5, 0.5, 0.5, 0.5, 0.5, 0.5, 0.5, 0.5, 0.5, 0.5, 0.5, 0.5, 0.5, 0.5, 0.5, 0.5, 0.5, 0.5, 0.5, 0.5, 0.5, 0.5, 0.5, 0.5, 0.5, 0.5, 0.5, 0.5, 0.5, 0.5, 0.5, 0.5, 0.5, 0.5, 0.5, 0.5, 0.5, 0.5, 0.5, 0.5, 0.5, 0.5, 0.5, 0.5, 0.5, 0.5, 0.5, 0.5, 0.5, 0.5, 0.5, 0.5, 0.5, 0.5, 0.5, 0.5, 0.5, 0.5, 0.5, 0.5, 0.5, 0.5, 0.5, 0.5, 0.5, 0.5, 0.5, 0.5, 0.5, 0.5, 0.5, 0.5, 0.5, 0.5, 0.5, 0.5, 0.5, 0.5, 0.5, 0.5, 0.5, 0.5, 0.5, 0.5, 0.5, 0.5, 0.5, 0.5, 0.5, 0.5, 0.5, 0.5, 0.5, 0.5, 0.5, 0.5, 0.5, 0.5, 0.5, 0.5, 0.5, 0.5, 0.5, 0.5, 0.5, 0.5, 0.5, 0.5, 0.5, 0.5, 0.5, 0.5, 0.5, 0.5, 0.5, 0.5, 0.5, 0.5, 0.5, 0.5, 0.5, 0.5, 0.5, 0.5, 0.5, 0.5, 0.5, 0.5, 0.5, 0.5, 0.5, 0.5, 0.5, 0.5, 0.5, 0.5, 0.5, 0.5, 0.5, 0.5, 0.5, 0.5, 0.5, 0.5, 0.5, 0.5, 0.5, 0.5, 0.5, 0.5, 0.5, 0.5, 0.5, 0.5, 0.5, 0.5, 0.5, 0.5, 0.5, 0.5, 0.5, 0.5, 0.5, 0.5, 0.5, 0.5, 0.5, 0.5, 0.5, 0.5, 0.5, 0.5, 0.5, 0.5, 0.5, 0.5, 0.5, 0.5, 0.5, 0.5, 0.5, 0.5, 0.5, 0.5, 0.5, 0.5, 0.5, 0.5, 0.5, 0.5, 0.5, 0.5, 0.5, 0.5, 0.5, 0.5, 0.5, 0.5, 0.5, 0.5, 0.5, 0.5, 0.5, 0.5, 0.5, 0.5, 0.5, 0.5, 0.5, 0.5, 0.5, 0.5, 0.5, 0.5, 0.5, 0.5, 0.5, 0.5, 0.5, 0.5, 0.5, 0.5, 0.5, 0.5, 0.5, 0.5, 0.5, 0.5, 0.5, 0.5, 0.5, 0.5, 0.5, 0.5, 0.5, 0.5, 0.5, 0.5, 0.5, 0.5, 0.5, 0.5, 0.5, 0.5, 0.5, 0.5, 0.5, 0.5, 0.5, 0.5, 0.5, 0.5, 0.5, 0.5, 0.5, 0.5, 0.5, 0.5, 0.5, 0.5, 0.5, 0.5, 0.5, 0.5, 0.5, 0.5, 0.5, 0.5, 0.5, 0.5, 0.5, 0.5, 0.5, 0.5, 0.5, 0.5, 0.5, 0.5, 0.5, 0.5, 0.5, 0.5, 0.5, 0.5, 0.5, 0.5, 0.5, 0.5, 0.5, 0.5, 0.5, 0.5, 0.5, 0.5, 0.5, 0.5, 0.5, 0.5, 0.5, 0.5, 0.5, 0.5, 0.5, 0.5, 0.5, 0.5, 0.5, 0.5, 0.5, 0.5, 0.5, 0.5, 0.5, 0.5, 0.5, 0.5, 0.5, 0.5, 0.5, 0.5, 0.5, 0.5, 0.5, 0.5, 0.5, 0.5, 0.5, 0.5, 0.5, 0.5, 0.5, 0.5, 0.5, 0.5, 0.5, 0.5, 0.5, 0.5, 0.5, 0.5, 0.5, 0.5, 0.5, 0.5, 0.5, 0.5, 0.5, 0.5, 0.5, 0.5, 0.5, 0.5, 0.5, 0.5, 0.5, 0.5, 0.5, 0.5, 0.5, 0.5, 0.5, 0.5, 0.5, 0.5, 0.5, 0.5, 0.5, 0.5, 0.5, 0.5, 0.5, 0.5, 0.5, 0.5, 0.5, 0.5, 0.5]",3
2026_11_KICE_38-42_3,['4(2)'],"1번: 부적절. 지문에서는 시기별 인식 변화를 다루지 않았으며, 오히려 현재의 현상과 그 영향에 초점을 맞추고 있다. ""요즘 OTT 플랫폼을 보면...""으로 시작하여 현재 상황을 설명하고 있다.

2번: 부적절. 해외 확대 과정에 대한 구체적인 서술은 없으며, 단지 ""국내뿐 아니라 해외에서까지 인기를 얻는 경우도 많다""는 정도만 언급되어 있다.

3번: 부적절. 파생 저작물의 종류를 나열하지 않았으며, ""영화와 같은 2차 저작물"" 정도만 간접적으로 언급하고 있다.

4번: 적절. 웹툰 영상화가 미치는 영향을 영상 산업과 웹툰 산업으로 구분하여 서술하고 있다. ""영상 제작의 측면에서는..."", ""웹툰 창작의 측면에서는...""이라는 표현으로 각 산업별 영향을 구체적으로 다루고 있다.

5번: 부적절. 제작 기법의 특징을 분석한 내용은 없으며, 단지 ""특수 효과 기술의 발달""이 언급되었을 뿐이다.

최종 정답: 4번","[16, 167, 110, 230, 25, 31619, 114, 222, 168, 254, 223, 168, 254, 230, 13, 23821, 100, 222, 167, 105, 116, 168, 245, 238, 168, 226, 250, 167, 232, 242, 23821, 233, 250, 166, 116, 108, 167, 111, 226, 23821, 251, 116, 168, 233, 251, 31619, 111, 222, 169, 247, 242, 167, 98, 120, 31619, 233, 97, 167, 96, 101, 168, 100, 222, 23821, 243, 232, 168, 243, 246, 168, 250, 120, 167, 102, 108, 11, 23821, 246, 97, 169, 252, 230, 167, 254, 97, 220, 169, 246, 226, 168, 252, 105, 35975, 246, 220, 169, 246, 226, 168, 225, 223, 166, 111, 120, 220, 166, 115, 116, 23821, 246, 223, 169, 244, 98, 168, 245, 238, 23821, 112, 230, 168, 254, 238, 35975, 226, 31619, 100, 252, 168, 114, 242, 166, 111, 254, 23821, 252, 230, 46695, 97, 13, 366, 168, 248, 242, 168, 99, 246, 440, 15751, 220, 169, 242, 234, 167, 252, 104, 169, 237, 120, 35975, 226, 31619, 111, 112, 167, 102, 112, 9313, 168, 250, 120, 167, 94, 250, 23821, 233, 250, 168, 252, 239, 47991, 246, 168, 245, 105, 220, 169, 246, 226, 168, 252, 105, 23821, 225, 223, 169, 247, 102, 35975, 226, 23821, 226, 97, 167, 103, 227, 47991, 246, 166, 111, 254, 23821, 252, 230, 46695, 97, 13, 198, 198, 17, 167, 110, 230, 25, 31619, 114, 222, 168, 254, 223, 168, 254, 230, 13, 220, 47991, 112, 168, 247, 116, 220, 169, 247, 243, 167, 234, 222, 220, 166, 111, 120, 168, 254, 243, 168, 245, 238, 31619, 234, 222, 47991, 250, 220, 166, 113, 105, 168, 110, 112, 168, 254, 223, 35975, 116, 23821, 226, 250, 168, 230, 254, 35975, 222, 23821, 245, 228, 168, 250, 120, 167, 102, 108, 11, 31619, 233, 101, 168, 100, 222, 366, 166, 113, 255, 167, 224, 112, 167, 123, 238, 23821, 243, 226, 46695, 230, 167, 251, 120, 220, 47991, 112, 168, 247, 116, 168, 245, 238, 168, 226, 250, 166, 117, 234, 168, 100, 222, 23821, 251, 116, 166, 116, 108, 167, 98, 120, 23821, 244, 119, 167, 232, 242, 220, 166, 110, 121, 168, 248, 108, 167, 237, 226, 31619, 100, 236, 46695, 97, 1, 167, 232, 242, 23821, 254, 243, 167, 237, 226, 167, 100, 234, 23821, 244, 116, 166, 116, 231, 167, 238, 246, 168, 244, 112, 23821, 252, 230, 46695, 97, 13, 198, 198, 18, 167, 110, 230, 25, 31619, 114, 222, 168, 254, 223, 168, 254, 230, 13, 220, 169, 234, 234, 168, 225, 251, 23821, 254, 222, 168, 252, 239, 167, 45539, 35975, 246, 23821, 95, 227, 167, 98, 246, 167, 98, 120, 31619, 224, 246, 168, 245, 112, 47991, 246, 168, 100, 222, 23821, 243, 232, 168, 243, 246, 168, 250, 120, 167, 102, 108, 11, 366, 168, 246, 223, 169, 247, 242, 168, 247, 222, 220, 166, 108, 247, 35975, 222, 362, 168, 108, 101, 23821, 254, 222, 168, 252, 239, 167, 45539, 1, 23821, 254, 243, 167, 237, 226, 167, 100, 234, 220, 166, 108, 226, 168, 254, 239, 168, 254, 223, 168, 250, 120, 167, 94, 250, 23821, 244, 116, 166, 116, 231, 47991, 246, 166, 111, 254, 23821, 252, 230, 46695, 97, 13, 198, 198, 19, 167, 110, 230, 25, 23821, 254, 223, 168, 254, 230, 13, 23821, 249, 117, 169, 230, 108, 23821, 246, 223, 168, 225, 223, 169, 247, 242, 166, 108, 222, 31619, 107, 116, 168, 117, 246, 167, 232, 242, 23821, 246, 223, 169, 244, 98, 35975, 226, 23821, 246, 223, 168, 225, 223, 23821, 224, 108, 168, 245, 227, 166, 111, 120, 23821, 249, 117, 169, 230, 108, 23821, 224, 108, 168, 245, 227, 168, 250, 120, 167, 94, 250, 220, 166, 113, 105, 167, 114, 226, 47991, 246, 168, 245, 105, 23821, 226, 250, 168, 230, 254, 47991, 246, 166, 111, 254, 23821, 252, 230, 46695, 97, 13, 366, 168, 246, 223, 168, 225, 223, 23821, 254, 250, 168, 252, 239, 35975, 246, 23821, 116, 94, 167, 102, 112, 168, 245, 238, 168, 226, 250, 167, 232, 242, 9313, 11, 366, 168, 249, 117, 169, 230, 108, 23821, 108, 121, 168, 252, 239, 35975, 246, 23821, 116, 94, 167, 102, 112, 168, 245, 238, 168, 226, 250, 167, 232, 242, 9313, 35975, 112, 167, 251, 120, 167, 232, 242, 220, 169, 239, 250, 169, 246, 226, 168, 250, 120, 167, 94, 250, 220, 166, 108, 223, 23821, 224, 108, 168, 245, 227, 167, 111, 226, 23821, 246, 223, 169, 244, 98, 35975, 226, 220, 166, 113, 105, 168, 110, 112, 168, 254, 223, 168, 250, 120, 167, 94, 250, 31619, 233, 97, 167, 96, 101, 166, 111, 254, 23821, 252, 230, 46695, 97, 13, 198, 198, 20, 167, 110, 230, 25, 31619, 114, 222, 168, 254, 223, 168, 254, 230, 13, 23821, 254, 250, 168, 252, 239, 220, 166, 116, 108, 167, 110, 243, 35975, 246, 220, 169, 232, 117, 168, 100, 243, 35975, 226, 31619, 114, 226, 168, 226, 251, 47991, 250, 31619, 224, 112, 168, 248, 102, 35975, 222, 23821, 245, 228, 168, 250, 120, 167, 102, 108, 11, 31619, 233, 101, 168, 100, 222, 366, 169, 232, 117, 168, 230, 246, 220, 169, 248, 101, 166, 111, 120, 220, 166, 116, 108, 168, 230, 254, 35975, 246, 31619, 108, 250, 46695, 105, 1, 35975, 112, 23821, 244, 116, 166, 116, 231, 167, 238, 246, 168, 245, 230, 35975, 226, 31619, 123, 238, 35975, 112, 46695, 97, 13, 198, 198, 168, 113, 250, 168, 95, 227, 23821, 254, 243, 46695, 113, 25, 604, 167, 110, 230]","[0.5, 0.5, 0.5, 0.5, 0.5, 0.5, 0.5, 0.5, 0.5, 0.5, 0.5, 0.5, 0.5, 0.5, 0.5, 0.5, 0.5, 0.5, 0.5, 0.5, 0.5, 0.5, 0.5, 0.5, 0.5, 0.5, 0.5, 0.5, 0.5, 0.5, 0.5, 0.5, 0.5, 0.5, 0.5, 0.5, 0.5, 0.5, 0.5, 0.5, 0.5, 0.5, 0.5, 0.5, 0.5, 0.5, 0.5, 0.5, 0.5, 0.5, 0.5, 0.5, 0.5, 0.5, 0.5, 0.5, 0.5, 0.5, 0.5, 0.5, 0.5, 0.5, 0.5, 0.5, 0.5, 0.5, 0.5, 0.5, 0.5, 0.5, 0.5, 0.5, 0.5, 0.5, 0.5, 0.5, 0.5, 0.5, 0.5, 0.5, 0.5, 0.5, 0.5, 0.5, 0.5, 0.5, 0.5, 0.5, 0.5, 0.5, 0.5, 0.5, 0.5, 0.5, 0.5, 0.5, 0.5, 0.5, 0.5, 0.5, 0.5, 0.5, 0.5, 0.5, 0.5, 0.5, 0.5, 0.5, 0.5, 0.5, 0.5, 0.5, 0.5, 0.5, 0.5, 0.5, 0.5, 0.5, 0.5, 0.5, 0.5, 0.5, 0.5, 0.5, 0.5, 0.5, 0.5, 0.5, 0.5, 0.5, 0.5, 0.5, 0.5, 0.5, 0.5, 0.5, 0.5, 0.5, 0.5, 0.5, 0.5, 0.5, 0.5, 0.5, 0.5, 0.5, 0.5, 0.5, 0.5, 0.5, 0.5, 0.5, 0.5, 0.5, 0.5, 0.5, 0.5, 0.5, 0.5, 0.5, 0.5, 0.5, 0.5, 0.5, 0.5, 0.5, 0.5, 0.5, 0.5, 0.5, 0.5, 0.5, 0.5, 0.5, 0.5, 0.5, 0.5, 0.5, 0.5, 0.5, 0.5, 0.5, 0.5, 0.5, 0.5, 0.5, 0.5, 0.5, 0.5, 0.5, 0.5, 0.5, 0.5, 0.5, 0.5, 0.5, 0.5, 0.5, 0.5, 0.5, 0.5, 0.5, 0.5, 0.5, 0.5, 0.5, 0.5, 0.5, 0.5, 0.5, 0.5, 0.5, 0.5, 0.5, 0.5, 0.5, 0.5, 0.5, 0.5, 0.5, 0.5, 0.5, 0.5, 0.5, 0.5, 0.5, 0.5, 0.5, 0.5, 0.5, 0.5, 0.5, 0.5, 0.5, 0.5, 0.5, 0.5, 0.5, 0.5, 0.5, 0.5, 0.5, 0.5, 0.5, 0.5, 0.5, 0.5, 0.5, 0.5, 0.5, 0.5, 0.5, 0.5, 0.5, 0.5, 0.5, 0.5, 0.5, 0.5, 0.5, 0.5, 0.5, 0.5, 0.5, 0.5, 0.5, 0.5, 0.5, 0.5, 0.5, 0.5, 0.5, 0.5, 0.5, 0.5, 0.5, 0.5, 0.5, 0.5, 0.5, 0.5, 0.5, 0.5, 0.5, 0.5, 0.5, 0.5, 0.5, 0.5, 0.5, 0.5, 0.5, 0.5, 0.5, 0.5, 0.5, 0.5, 0.5, 0.5, 0.5, 0.5, 0.5, 0.5, 0.5, 0.5, 0.5, 0.5, 0.5, 0.5, 0.5, 0.5, 0.5, 0.5, 0.5, 0.5, 0.5, 0.5, 0.5, 0.5, 0.5, 0.5, 0.5, 0.5, 0.5, 0.5, 0.5, 0.5, 0.5, 0.5, 0.5, 0.5, 0.5, 0.5, 0.5, 0.5, 0.5, 0.5, 0.5, 0.5, 0.5, 0.5, 0.5, 0.5, 0.5, 0.5, 0.5, 0.5, 0.5, 0.5, 0.5, 0.5, 0.5, 0.5, 0.5, 0.5, 0.5, 0.5, 0.5, 0.5, 0.5, 0.5, 0.5, 0.5, 0.5, 0.5, 0.5, 0.5, 0.5, 0.5, 0.5, 0.5, 0.5, 0.5, 0.5, 0.5, 0.5, 0.5, 0.5, 0.5, 0.5, 0.5, 0.5, 0.5, 0.5, 0.5, 0.5, 0.5, 0.5, 0.5, 0.5, 0.5, 0.5, 0.5, 0.5, 0.5, 0.5, 0.5, 0.5, 0.5, 0.5, 0.5, 0.5, 0.5, 0.5, 0.5, 0.5, 0.5, 0.5, 0.5, 0.5, 0.5, 0.5, 0.5, 0.5, 0.5, 0.5, 0.5, 0.5, 0.5, 0.5, 0.5, 0.5, 0.5, 0.5, 0.5, 0.5, 0.5, 0.5, 0.5, 0.5, 0.5, 0.5, 0.5, 0.5, 0.5, 0.5, 0.5, 0.5, 0.5, 0.5, 0.5, 0.5, 0.5, 0.5, 0.5, 0.5, 0.5, 0.5, 0.5, 0.5, 0.5, 0.5, 0.5, 0.5, 0.5, 0.5, 0.5, 0.5, 0.5, 0.5, 0.5, 0.5, 0.5, 0.5, 0.5, 0.5, 0.5, 0.5, 0.5, 0.5, 0.5, 0.5, 0.5, 0.5, 0.5, 0.5, 0.5, 0.5, 0.5, 0.5, 0.5, 0.5, 0.5, 0.5, 0.5, 0.5, 0.5, 0.5, 0.5, 0.5, 0.5, 0.5, 0.5, 0.5, 0.5, 0.5, 0.5, 0.5, 0.5, 0.5, 0.5, 0.5, 0.5, 0.5, 0.5, 0.5, 0.5, 0.5, 0.5, 0.5, 0.5, 0.5, 0.5, 0.5, 0.5, 0.5, 0.5, 0.5, 0.5, 0.5, 0.5, 0.5, 0.5, 0.5, 0.5, 0.5, 0.5, 0.5, 0.5, 0.5, 0.5, 0.5, 0.5, 0.5, 0.5, 0.5, 0.5, 0.5, 0.5, 0.5, 0.5, 0.5, 0.5, 0.5, 0.5, 0.5, 0.5, 0.5, 0.5, 0.5, 0.5, 0.5, 0.5, 0.5, 0.5, 0.5, 0.5, 0.5, 0.5, 0.5, 0.5, 0.5, 0.5, 0.5, 0.5, 0.5, 0.5, 0.5, 0.5, 0.5, 0.5, 0.5, 0.5, 0.5, 0.5, 0.5, 0.5, 0.5, 0.5, 0.5, 0.5, 0.5, 0.5, 0.5, 0.5, 0.5, 0.5, 0.5, 0.5, 0.5, 0.5, 0.5, 0.5, 0.5, 0.5, 0.5, 0.5, 0.5, 0.5, 0.5, 0.5, 0.5, 0.5, 0.5, 0.5, 0.5, 0.5, 0.5, 0.5, 0.5, 0.5, 0.5, 0.5, 0.5, 0.5, 0.5, 0.5, 0.5, 0.5, 0.5, 0.5, 0.5, 0.5, 0.5, 0.5, 0.5, 0.5, 0.5, 0.5, 0.5, 0.5, 0.5, 0.5, 0.5, 0.5, 0.5, 0.5, 0.5, 0.5, 0.5, 0.5, 0.5, 0.5, 0.5, 0.5, 0.5, 0.5, 0.5, 0.5, 0.5, 0.5, 0.5, 0.5, 0.5, 0.5, 0.5, 0.5, 0.5, 0.5, 0.5, 0.5, 0.5, 0.5, 0.5, 0.5, 0.5, 0.5, 0.5, 0.5, 0.5, 0.5, 0.5, 0.5, 0.5, 0.5, 0.5, 0.5, 0.5, 0.5, 0.5, 0.5, 0.5, 0.5, 0.5, 0.5, 0.5, 0.5, 0.5, 0.5, 0.5, 0.5, 0.5, 0.5, 0.5, 0.5, 0.5, 0.5, 0.5, 0.5, 0.5, 0.5, 0.5, 0.5, 0.5, 0.5, 0.5, 0.5, 0.5, 0.5, 0.5, 0.5, 0.5, 0.5, 0.5, 0.5, 0.5, 0.5, 0.5, 0.5, 0.5, 0.5, 0.5, 0.5, 0.5, 0.5, 0.5, 0.5, 0.5, 0.5, 0.5, 0.5, 0.5, 0.5, 0.5, 0.5, 0.5, 0.5, 0.5, 0.5, 0.5, 0.5, 0.5, 0.5, 0.5, 0.5, 0.5, 0.5, 0.5, 0.5, 0.5, 0.5, 0.5, 0.5, 0.5, 0.5, 0.5, 0.5, 0.5, 0.5, 0.5, 0.5, 0.5, 0.5, 0.5, 0.5, 0.5, 0.5, 0.5, 0.5, 0.5, 0.5, 0.5, 0.5, 0.5, 0.5, 0.5, 0.5, 0.5, 0.5, 0.5, 0.5, 0.5, 0.5, 0.5, 0.5, 0.5, 0.5, 0.5, 0.5, 0.5, 0.5, 0.5, 0.5, 0.5, 0.5, 0.5, 0.5, 0.5, 0.5, 0.5, 0.5, 0.5, 0.5, 0.5, 0.5, 0.5, 0.5, 0.5, 0.5, 0.5, 0.5, 0.5, 0.5, 0.5, 0.5, 0.5, 0.5, 0.5, 0.5, 0.5, 0.5, 0.5, 0.5, 0.5, 0.5, 0.5, 0.5, 0.5, 0.5, 0.5, 0.5, 0.5, 0.5, 0.5, 0.5, 0.5, 0.5, 0.5, 0.5, 0.5, 0.5, 0.5, 0.5, 0.5, 0.5, 0.5, 0.5, 0.5, 0.5, 0.5, 0.5, 0.5, 0.5, 0.5, 0.5, 0.5, 0.5, 0.5, 0.5, 0.5, 0.5, 0.5, 0.5, 0.5, 0.5, 0.5, 0.5, 0.5, 0.5, 0.5, 0.5, 0.5, 0.5, 0.5, 0.5, 0.5, 0.5, 0.5, 0.5, 0.5, 0.5, 0.5, 0.5, 0.5, 0.5, 0.5, 0.5, 0.5, 0.5, 0.5, 0.5, 0.5, 0.5, 0.5, 0.5, 0.5, 0.5, 0.5, 0.5, 0.5, 0.5, 0.5, 0.5, 0.5, 0.5, 0.5, 0.5, 0.5, 0.5, 0.5, 0.5, 0.5, 0.5, 0.5, 0.5, 0.5, 0.5, 0.5, 0.5, 0.5, 0.5, 0.5, 0.5, 0.5]",2
2026_11_KICE_38-42_4,['4(2)'],"1번: 학생2의 의견은 글의 흐름을 자연스럽게 하기 위해 내용 삭제나 순서 변경을 제안했지만, 웹툰 영상화의 흥행 실패에 관한 내용을 삭제한 것은 학생2의 의견과 직접적인 관련이 없습니다. ""(나)에서 학생2는 웹툰 영상화가 다양성을 해친다고 주장했을 뿐, 흥행 실패에 대해 언급하지 않았습니다.""

2번: 학생2의 의견을 반영하여 웹툰 영상화 유행 현상의 의의를 언급한 문장의 위치를 변경한 것은 적절합니다. ""학생2가 제안한 '글의 흐름이 자연스럽도록'이라는 의견을 반영하여 문장 순서를 조정한 것으로 보입니다.""

3번: 학생3의 의견을 반영해 자신의 입장을 제시하는 내용을 추가한 것은 적절합니다. ""학생3이 제안한 '자신의 관점을 분명히 밝히는 내용'을 반영하여 '앞으로도 작품성과 흥행성을 갖춘 웹툰 원작 영상이 계속 제작되기를 바란다'는 내용을 추가한 것으로 보입니다.""

4번: 학생3의 의견을 반영해 영상업계의 노력에 관한 내용을 추가한 것은 적절하지 않습니다. ""초고나 학생3의 의견에는 영상업계의 노력에 대한 언급이 없으며, 학생3은 발전 방안이나 전망에 대한 내용 추가를 제안했을 뿐입니다.""

5번: 학생3의 의견을 반영해 세계 속 한국 콘텐츠의 향후 위상에 대한 내용을 추가한 것은 적절합니다. ""학생3이 제안한 '발전 방안 또는 전망에 대한 내용'을 반영하여 '세계 속 한국 콘텐츠의 위상은 나날이 높아질 것이다'는 내용을 추가한 것으로 보입니다.""

최종 정답: 1번","[16, 167, 110, 230, 25, 220, 47991, 247, 168, 225, 251, 17, 35975, 246, 23821, 251, 246, 166, 110, 105, 35975, 222, 220, 166, 116, 222, 35975, 246, 220, 169, 251, 238, 167, 99, 226, 35975, 226, 23821, 252, 238, 168, 245, 108, 168, 232, 97, 167, 253, 121, 166, 110, 234, 220, 47991, 246, 166, 116, 108, 23821, 250, 226, 47991, 112, 31619, 224, 112, 168, 248, 102, 23821, 224, 255, 168, 254, 250, 167, 224, 246, 23821, 230, 250, 168, 226, 250, 31619, 111, 222, 166, 110, 121, 35975, 226, 23821, 254, 250, 168, 243, 230, 169, 244, 230, 168, 100, 222, 167, 100, 234, 11, 23821, 249, 117, 169, 230, 108, 23821, 246, 223, 168, 225, 223, 169, 247, 242, 35975, 246, 220, 169, 251, 98, 169, 244, 231, 23821, 233, 97, 169, 234, 101, 168, 245, 238, 220, 166, 112, 222, 47991, 250, 31619, 224, 112, 168, 248, 102, 35975, 226, 23821, 224, 255, 168, 254, 250, 47991, 250, 220, 166, 110, 225, 35975, 222, 220, 47991, 247, 168, 225, 251, 17, 35975, 246, 23821, 251, 246, 166, 110, 105, 166, 111, 120, 23821, 100, 223, 168, 254, 239, 168, 254, 223, 35975, 116, 220, 166, 112, 222, 167, 254, 101, 35975, 112, 23821, 245, 228, 168, 232, 113, 46695, 230, 46695, 97, 13, 30629, 167, 224, 246, 8, 168, 245, 238, 168, 226, 250, 220, 47991, 247, 168, 225, 251, 17, 167, 232, 242, 23821, 249, 117, 169, 230, 108, 23821, 246, 223, 168, 225, 223, 169, 247, 242, 166, 108, 222, 31619, 233, 97, 168, 244, 239, 168, 226, 109, 35975, 226, 220, 47991, 112, 168, 117, 250, 46695, 97, 166, 111, 254, 23821, 96, 120, 168, 252, 98, 169, 244, 230, 35975, 226, 31619, 123, 238, 11, 220, 169, 251, 98, 169, 244, 231, 23821, 233, 97, 169, 234, 101, 168, 245, 238, 31619, 234, 222, 47991, 112, 23821, 244, 116, 166, 116, 231, 47991, 246, 168, 100, 222, 23821, 243, 232, 168, 243, 246, 168, 232, 113, 46695, 230, 46695, 97, 526, 198, 198, 17, 167, 110, 230, 25, 220, 47991, 247, 168, 225, 251, 17, 35975, 246, 23821, 251, 246, 166, 110, 105, 35975, 226, 31619, 108, 246, 168, 246, 223, 47991, 246, 168, 245, 105, 23821, 249, 117, 169, 230, 108, 23821, 246, 223, 168, 225, 223, 169, 247, 242, 23821, 250, 254, 169, 244, 231, 220, 169, 246, 226, 168, 225, 223, 35975, 246, 23821, 251, 246, 35975, 246, 167, 98, 120, 23821, 244, 116, 166, 116, 231, 47991, 250, 31619, 105, 116, 168, 252, 98, 35975, 246, 23821, 250, 226, 168, 117, 246, 167, 98, 120, 31619, 111, 222, 166, 110, 121, 47991, 250, 220, 166, 110, 225, 35975, 222, 23821, 254, 223, 168, 254, 230, 47991, 102, 46695, 230, 46695, 97, 13, 366, 47991, 247, 168, 225, 251, 17, 166, 108, 222, 23821, 254, 250, 168, 243, 230, 47991, 250, 705, 166, 116, 222, 35975, 246, 220, 169, 251, 238, 167, 99, 226, 35975, 112, 23821, 252, 238, 168, 245, 108, 168, 232, 97, 167, 253, 121, 167, 237, 226, 167, 94, 251, 6, 35975, 112, 167, 251, 120, 167, 232, 242, 23821, 251, 246, 166, 110, 105, 35975, 226, 31619, 108, 246, 168, 246, 223, 47991, 246, 168, 245, 105, 31619, 105, 116, 168, 252, 98, 23821, 230, 250, 168, 226, 250, 167, 98, 120, 23821, 94, 108, 168, 254, 243, 47991, 250, 220, 166, 110, 225, 168, 250, 120, 167, 94, 250, 31619, 111, 112, 168, 252, 227, 46695, 230, 46695, 97, 526, 198, 198, 18, 167, 110, 230, 25, 220, 47991, 247, 168, 225, 251, 18, 35975, 246, 23821, 251, 246, 166, 110, 105, 35975, 226, 31619, 108, 246, 168, 246, 223, 47991, 112, 23821, 252, 238, 168, 233, 254, 35975, 246, 23821, 252, 227, 168, 252, 98, 35975, 226, 23821, 254, 250, 168, 233, 250, 47991, 246, 167, 232, 242, 31619, 224, 112, 168, 248, 102, 35975, 226, 23821, 114, 242, 166, 108, 222, 47991, 250, 220, 166, 110, 225, 35975, 222, 23821, 254, 223, 168, 254, 230, 47991, 102, 46695, 230, 46695, 97, 13, 366, 47991, 247, 168, 225, 251, 18, 35975, 112, 23821, 254, 250, 168, 243, 230, 47991, 250, 705, 168, 252, 238, 168, 233, 254, 35975, 246, 220, 166, 112, 222, 168, 254, 238, 35975, 226, 31619, 114, 226, 167, 103, 227, 169, 252, 230, 31619, 108, 251, 169, 252, 230, 167, 232, 242, 31619, 224, 112, 168, 248, 102, 6, 35975, 226, 31619, 108, 246, 168, 246, 223, 47991, 246, 168, 245, 105, 705, 168, 243, 252, 168, 250, 120, 167, 94, 250, 167, 237, 226, 23821, 252, 239, 169, 240, 230, 168, 226, 109, 166, 111, 120, 220, 169, 251, 98, 169, 244, 231, 168, 226, 109, 35975, 226, 220, 166, 108, 244, 168, 114, 246, 23821, 249, 117, 169, 230, 108, 23821, 249, 238, 168, 252, 239, 23821, 246, 223, 168, 225, 223, 35975, 112, 220, 166, 111, 226, 168, 228, 235, 23821, 254, 250, 168, 252, 239, 167, 238, 246, 166, 116, 108, 167, 98, 120, 31619, 108, 242, 167, 252, 222, 46695, 97, 6, 167, 232, 242, 31619, 224, 112, 168, 248, 102, 35975, 226, 23821, 114, 242, 166, 108, 222, 47991, 250, 220, 166, 110, 225, 168, 250, 120, 167, 94, 250, 31619, 111, 112, 168, 252, 227, 46695, 230, 46695, 97, 526, 198, 198, 19, 167, 110, 230, 25, 220, 47991, 247, 168, 225, 251, 18, 35975, 246, 23821, 251, 246, 166, 110, 105, 35975, 226, 31619, 108, 246, 168, 246, 223, 47991, 112, 23821, 246, 223, 168, 225, 223, 168, 245, 227, 166, 111, 226, 35975, 246, 31619, 227, 116, 167, 254, 98, 168, 245, 238, 220, 166, 112, 222, 47991, 250, 31619, 224, 112, 168, 248, 102, 35975, 226, 23821, 114, 242, 166, 108, 222, 47991, 250, 220, 166, 110, 225, 35975, 222, 23821, 254, 223, 168, 254, 230, 47991, 246, 168, 100, 222, 23821, 243, 232, 168, 232, 113, 46695, 230, 46695, 97, 13, 366, 168, 112, 230, 166, 111, 254, 167, 224, 246, 220, 47991, 247, 168, 225, 251, 18, 35975, 246, 23821, 251, 246, 166, 110, 105, 168, 245, 238, 167, 232, 242, 23821, 246, 223, 168, 225, 223, 168, 245, 227, 166, 111, 226, 35975, 246, 31619, 227, 116, 167, 254, 98, 168, 245, 238, 31619, 234, 222, 47991, 250, 23821, 244, 116, 166, 116, 231, 35975, 112, 23821, 245, 228, 168, 250, 120, 167, 102, 108, 11, 220, 47991, 247, 168, 225, 251, 18, 35975, 222, 31619, 108, 250, 168, 254, 226, 31619, 108, 102, 168, 243, 230, 35975, 112, 167, 224, 246, 23821, 254, 226, 167, 100, 251, 168, 245, 238, 31619, 234, 222, 47991, 250, 31619, 224, 112, 168, 248, 102, 23821, 114, 242, 166, 108, 222, 167, 98, 120, 23821, 254, 250, 168, 243, 230, 169, 244, 230, 35975, 226, 31619, 123, 238, 168, 252, 227, 46695, 230, 46695, 97, 526, 198, 198, 20, 167, 110, 230, 25, 220, 47991, 247, 168, 225, 251, 18, 35975, 246, 23821, 251, 246, 166, 110, 105, 35975, 226, 31619, 108, 246, 168, 246, 223, 47991, 112, 23821, 226, 116, 166, 111, 226, 23821, 228, 235, 220, 47991, 250, 166, 113, 255, 23821, 121, 246, 169, 227, 238, 168, 116, 254, 35975, 246, 220, 169, 244, 98, 169, 249, 226, 23821, 250, 226, 168, 225, 223, 168, 245, 238, 31619, 234, 222, 47991, 250, 31619, 224, 112, 168, 248, 102, 35975, 226, 23821, 114, 242, 166, 108, 222, 47991, 250, 220, 166, 110, 225, 35975, 222, 23821, 254, 223, 168, 254, 230, 47991, 102, 46695, 230, 46695, 97, 13, 366, 47991, 247, 168, 225, 251, 18, 35975, 112, 23821, 254, 250, 168, 243, 230, 47991, 250, 705, 167, 108, 250, 168, 254, 226, 31619, 108, 102, 168, 243, 230, 31619, 246, 238, 167, 232, 242, 23821, 254, 226, 167, 100, 251, 168, 245, 238, 31619, 234, 222, 47991, 250, 31619, 224, 112, 168, 248, 102, 6, 35975, 226, 31619, 108, 246, 168, 246, 223, 47991, 246, 168, 245, 105, 705, 168, 226, 116, 166, 111, 226, 23821, 228, 235, 220, 47991, 250, 166, 113, 255, 23821, 121, 246, 169, 227, 238, 168, 116, 254, 35975, 246, 23821, 250, 226, 168, 225, 223, 35975, 222, 31619, 224, 246, 167, 224, 254, 35975, 112, 31619, 10253, 168, 243, 226, 168, 100, 230, 220, 166, 110, 225, 35975, 112, 46695, 97, 6, 167, 232, 242, 31619, 224, 112, 168, 248, 102, 35975, 226, 23821, 114, 242, 166, 108, 222, 47991, 250, 220, 166, 110, 225, 168, 250, 120, 167, 94, 250, 31619, 111, 112, 168, 252, 227, 46695, 230, 46695, 97, 526, 198, 198, 168, 113, 250, 168, 95, 227, 23821, 254, 243, 46695, 113, 25, 352, 167, 110, 230]","[0.5, 0.5, 0.5, 0.5, 0.5, 0.5, 0.5, 0.5, 0.5, 0.5, 0.5, 0.5, 0.5, 0.5, 0.5, 0.5, 0.5, 0.5, 0.5, 0.5, 0.5, 0.5, 0.5, 0.5, 0.5, 0.5, 0.5, 0.5, 0.5, 0.5, 0.5, 0.5, 0.5, 0.5, 0.5, 0.5, 0.5, 0.5, 0.5, 0.5, 0.5, 0.5, 0.5, 0.5, 0.5, 0.5, 0.5, 0.5, 0.5, 0.5, 0.5, 0.5, 0.5, 0.5, 0.5, 0.5, 0.5, 0.5, 0.5, 0.5, 0.5, 0.5, 0.5, 0.5, 0.5, 0.5, 0.5, 0.5, 0.5, 0.5, 0.5, 0.5, 0.5, 0.5, 0.5, 0.5, 0.5, 0.5, 0.5, 0.5, 0.5, 0.5, 0.5, 0.5, 0.5, 0.5, 0.5, 0.5, 0.5, 0.5, 0.5, 0.5, 0.5, 0.5, 0.5, 0.5, 0.5, 0.5, 0.5, 0.5, 0.5, 0.5, 0.5, 0.5, 0.5, 0.5, 0.5, 0.5, 0.5, 0.5, 0.5, 0.5, 0.5, 0.5, 0.5, 0.5, 0.5, 0.5, 0.5, 0.5, 0.5, 0.5, 0.5, 0.5, 0.5, 0.5, 0.5, 0.5, 0.5, 0.5, 0.5, 0.5, 0.5, 0.5, 0.5, 0.5, 0.5, 0.5, 0.5, 0.5, 0.5, 0.5, 0.5, 0.5, 0.5, 0.5, 0.5, 0.5, 0.5, 0.5, 0.5, 0.5, 0.5, 0.5, 0.5, 0.5, 0.5, 0.5, 0.5, 0.5, 0.5, 0.5, 0.5, 0.5, 0.5, 0.5, 0.5, 0.5, 0.5, 0.5, 0.5, 0.5, 0.5, 0.5, 0.5, 0.5, 0.5, 0.5, 0.5, 0.5, 0.5, 0.5, 0.5, 0.5, 0.5, 0.5, 0.5, 0.5, 0.5, 0.5, 0.5, 0.5, 0.5, 0.5, 0.5, 0.5, 0.5, 0.5, 0.5, 0.5, 0.5, 0.5, 0.5, 0.5, 0.5, 0.5, 0.5, 0.5, 0.5, 0.5, 0.5, 0.5, 0.5, 0.5, 0.5, 0.5, 0.5, 0.5, 0.5, 0.5, 0.5, 0.5, 0.5, 0.5, 0.5, 0.5, 0.5, 0.5, 0.5, 0.5, 0.5, 0.5, 0.5, 0.5, 0.5, 0.5, 0.5, 0.5, 0.5, 0.5, 0.5, 0.5, 0.5, 0.5, 0.5, 0.5, 0.5, 0.5, 0.5, 0.5, 0.5, 0.5, 0.5, 0.5, 0.5, 0.5, 0.5, 0.5, 0.5, 0.5, 0.5, 0.5, 0.5, 0.5, 0.5, 0.5, 0.5, 0.5, 0.5, 0.5, 0.5, 0.5, 0.5, 0.5, 0.5, 0.5, 0.5, 0.5, 0.5, 0.5, 0.5, 0.5, 0.5, 0.5, 0.5, 0.5, 0.5, 0.5, 0.5, 0.5, 0.5, 0.5, 0.5, 0.5, 0.5, 0.5, 0.5, 0.5, 0.5, 0.5, 0.5, 0.5, 0.5, 0.5, 0.5, 0.5, 0.5, 0.5, 0.5, 0.5, 0.5, 0.5, 0.5, 0.5, 0.5, 0.5, 0.5, 0.5, 0.5, 0.5, 0.5, 0.5, 0.5, 0.5, 0.5, 0.5, 0.5, 0.5, 0.5, 0.5, 0.5, 0.5, 0.5, 0.5, 0.5, 0.5, 0.5, 0.5, 0.5, 0.5, 0.5, 0.5, 0.5, 0.5, 0.5, 0.5, 0.5, 0.5, 0.5, 0.5, 0.5, 0.5, 0.5, 0.5, 0.5, 0.5, 0.5, 0.5, 0.5, 0.5, 0.5, 0.5, 0.5, 0.5, 0.5, 0.5, 0.5, 0.5, 0.5, 0.5, 0.5, 0.5, 0.5, 0.5, 0.5, 0.5, 0.5, 0.5, 0.5, 0.5, 0.5, 0.5, 0.5, 0.5, 0.5, 0.5, 0.5, 0.5, 0.5, 0.5, 0.5, 0.5, 0.5, 0.5, 0.5, 0.5, 0.5, 0.5, 0.5, 0.5, 0.5, 0.5, 0.5, 0.5, 0.5, 0.5, 0.5, 0.5, 0.5, 0.5, 0.5, 0.5, 0.5, 0.5, 0.5, 0.5, 0.5, 0.5, 0.5, 0.5, 0.5, 0.5, 0.5, 0.5, 0.5, 0.5, 0.5, 0.5, 0.5, 0.5, 0.5, 0.5, 0.5, 0.5, 0.5, 0.5, 0.5, 0.5, 0.5, 0.5, 0.5, 0.5, 0.5, 0.5, 0.5, 0.5, 0.5, 0.5, 0.5, 0.5, 0.5, 0.5, 0.5, 0.5, 0.5, 0.5, 0.5, 0.5, 0.5, 0.5, 0.5, 0.5, 0.5, 0.5, 0.5, 0.5, 0.5, 0.5, 0.5, 0.5, 0.5, 0.5, 0.5, 0.5, 0.5, 0.5, 0.5, 0.5, 0.5, 0.5, 0.5, 0.5, 0.5, 0.5, 0.5, 0.5, 0.5, 0.5, 0.5, 0.5, 0.5, 0.5, 0.5, 0.5, 0.5, 0.5, 0.5, 0.5, 0.5, 0.5, 0.5, 0.5, 0.5, 0.5, 0.5, 0.5, 0.5, 0.5, 0.5, 0.5, 0.5, 0.5, 0.5, 0.5, 0.5, 0.5, 0.5, 0.5, 0.5, 0.5, 0.5, 0.5, 0.5, 0.5, 0.5, 0.5, 0.5, 0.5, 0.5, 0.5, 0.5, 0.5, 0.5, 0.5, 0.5, 0.5, 0.5, 0.5, 0.5, 0.5, 0.5, 0.5, 0.5, 0.5, 0.5, 0.5, 0.5, 0.5, 0.5, 0.5, 0.5, 0.5, 0.5, 0.5, 0.5, 0.5, 0.5, 0.5, 0.5, 0.5, 0.5, 0.5, 0.5, 0.5, 0.5, 0.5, 0.5, 0.5, 0.5, 0.5, 0.5, 0.5, 0.5, 0.5, 0.5, 0.5, 0.5, 0.5, 0.5, 0.5, 0.5, 0.5, 0.5, 0.5, 0.5, 0.5, 0.5, 0.5, 0.5, 0.5, 0.5, 0.5, 0.5, 0.5, 0.5, 0.5, 0.5, 0.5, 0.5, 0.5, 0.5, 0.5, 0.5, 0.5, 0.5, 0.5, 0.5, 0.5, 0.5, 0.5, 0.5, 0.5, 0.5, 0.5, 0.5, 0.5, 0.5, 0.5, 0.5, 0.5, 0.5, 0.5, 0.5, 0.5, 0.5, 0.5, 0.5, 0.5, 0.5, 0.5, 0.5, 0.5, 0.5, 0.5, 0.5, 0.5, 0.5, 0.5, 0.5, 0.5, 0.5, 0.5, 0.5, 0.5, 0.5, 0.5, 0.5, 0.5, 0.5, 0.5, 0.5, 0.5, 0.5, 0.5, 0.5, 0.5, 0.5, 0.5, 0.5, 0.5, 0.5, 0.5, 0.5, 0.5, 0.5, 0.5, 0.5, 0.5, 0.5, 0.5, 0.5, 0.5, 0.5, 0.5, 0.5, 0.5, 0.5, 0.5, 0.5, 0.5, 0.5, 0.5, 0.5, 0.5, 0.5, 0.5, 0.5, 0.5, 0.5, 0.5, 0.5, 0.5, 0.5, 0.5, 0.5, 0.5, 0.5, 0.5, 0.5, 0.5, 0.5, 0.5, 0.5, 0.5, 0.5, 0.5, 0.5, 0.5, 0.5, 0.5, 0.5, 0.5, 0.5, 0.5, 0.5, 0.5, 0.5, 0.5, 0.5, 0.5, 0.5, 0.5, 0.5, 0.5, 0.5, 0.5, 0.5, 0.5, 0.5, 0.5, 0.5, 0.5, 0.5, 0.5, 0.5, 0.5, 0.5, 0.5, 0.5, 0.5, 0.5, 0.5, 0.5, 0.5, 0.5, 0.5, 0.5, 0.5, 0.5, 0.5, 0.5, 0.5, 0.5, 0.5, 0.5, 0.5, 0.5, 0.5, 0.5, 0.5, 0.5, 0.5, 0.5, 0.5, 0.5, 0.5, 0.5, 0.5, 0.5, 0.5, 0.5, 0.5, 0.5, 0.5, 0.5, 0.5, 0.5, 0.5, 0.5, 0.5, 0.5, 0.5, 0.5, 0.5, 0.5, 0.5, 0.5, 0.5, 0.5, 0.5, 0.5, 0.5, 0.5, 0.5, 0.5, 0.5, 0.5, 0.5, 0.5, 0.5, 0.5, 0.5, 0.5, 0.5, 0.5, 0.5, 0.5, 0.5, 0.5, 0.5, 0.5, 0.5, 0.5, 0.5, 0.5, 0.5, 0.5, 0.5, 0.5, 0.5, 0.5, 0.5, 0.5, 0.5, 0.5, 0.5, 0.5, 0.5, 0.5, 0.5, 0.5, 0.5, 0.5, 0.5, 0.5, 0.5, 0.5, 0.5, 0.5, 0.5, 0.5, 0.5, 0.5, 0.5, 0.5, 0.5, 0.5, 0.5, 0.5, 0.5, 0.5, 0.5, 0.5, 0.5, 0.5, 0.5, 0.5, 0.5, 0.5, 0.5, 0.5, 0.5, 0.5, 0.5, 0.5, 0.5, 0.5, 0.5, 0.5, 0.5, 0.5, 0.5, 0.5, 0.5, 0.5, 0.5, 0.5, 0.5, 0.5, 0.5, 0.5, 0.5, 0.5, 0.5, 0.5, 0.5, 0.5, 0.5, 0.5, 0.5, 0.5, 0.5, 0.5, 0.5, 0.5, 0.5, 0.5, 0.5, 0.5, 0.5, 0.5, 0.5, 0.5, 0.5, 0.5, 0.5, 0.5, 0.5, 0.5, 0.5, 0.5, 0.5, 0.5, 0.5, 0.5, 0.5, 0.5, 0.5, 0.5, 0.5, 0.5, 0.5, 0.5, 0.5, 0.5, 0.5, 0.5, 0.5, 0.5, 0.5, 0.5, 0.5, 0.5, 0.5, 0.5, 0.5, 0.5, 0.5, 0.5, 0.5, 0.5, 0.5, 0.5, 0.5, 0.5, 0.5, 0.5, 0.5, 0.5, 0.5, 0.5, 0.5, 0.5, 0.5, 0.5, 0.5, 0.5, 0.5, 0.5, 0.5, 0.5, 0.5, 0.5, 0.5, 0.5, 0.5, 0.5, 0.5, 0.5, 0.5, 0.5, 0.5, 0.5, 0.5, 0.5, 0.5, 0.5, 0.5, 0.5, 0.5, 0.5, 0.5, 0.5, 0.5, 0.5, 0.5, 0.5, 0.5, 0.5, 0.5, 0.5, 0.5, 0.5, 0.5, 0.5, 0.5, 0.5, 0.5, 0.5, 0.5, 0.5, 0.5, 0.5, 0.5, 0.5, 0.5, 0.5, 0.5, 0.5, 0.5, 0.5, 0.5, 0.5, 0.5, 0.5, 0.5, 0.5, 0.5, 0.5, 0.5, 0.5, 0.5, 0.5, 0.5, 0.5, 0.5, 0.5, 0.5, 0.5, 0.5, 0.5, 0.5, 0.5, 0.5, 0.5, 0.5, 0.5, 0.5, 0.5, 0.5, 0.5, 0.5, 0.5, 0.5, 0.5, 0.5, 0.5, 0.5, 0.5, 0.5, 0.5, 0.5, 0.5, 0.5, 0.5, 0.5, 0.5, 0.5, 0.5, 0.5, 0.5, 0.5, 0.5, 0.5, 0.5, 0.5, 0.5, 0.5, 0.5, 0.5, 0.5, 0.5, 0.5, 0.5, 0.5, 0.5, 0.5, 0.5, 0.5, 0.5, 0.5, 0.5, 0.5, 0.5, 0.5, 0.5, 0.5, 0.5, 0.5, 0.5, 0.5, 0.5, 0.5, 0.5, 0.5, 0.5, 0.5, 0.5, 0.5, 0.5, 0.5, 0.5, 0.5, 0.5, 0.5, 0.5, 0.5, 0.5, 0.5, 0.5, 0.5, 0.5, 0.5, 0.5, 0.5, 0.5, 0.5, 0.5, 0.5, 0.5, 0.5, 0.5, 0.5, 0.5, 0.5, 0.5, 0.5, 0.5, 0.5, 0.5, 0.5, 0.5, 0.5, 0.5, 0.5, 0.5, 0.5, 0.5, 0.5, 0.5, 0.5, 0.5, 0.5, 0.5, 0.5, 0.5, 0.5, 0.5, 0.5, 0.5, 0.5, 0.5, 0.5, 0.5, 0.5, 0.5, 0.5, 0.5, 0.5, 0.5, 0.5, 0.5, 0.5, 0.5, 0.5, 0.5, 0.5, 0.5, 0.5, 0.5, 0.5, 0.5, 0.5, 0.5, 0.5, 0.5, 0.5, 0.5, 0.5, 0.5, 0.5, 0.5, 0.5, 0.5, 0.5, 0.5, 0.5, 0.5, 0.5, 0.5, 0.5, 0.5, 0.5, 0.5, 0.5, 0.5, 0.5, 0.5, 0.5, 0.5, 0.5, 0.5, 0.5, 0.5, 0.5, 0.5, 0.5, 0.5, 0.5, 0.5, 0.5, 0.5, 0.5, 0.5, 0.5, 0.5, 0.5, 0.5, 0.5, 0.5, 0.5, 0.5, 0.5, 0.5, 0.5, 0.5, 0.5, 0.5, 0.5, 0.5, 0.5, 0.5, 0.5, 0.5, 0.5, 0.5, 0.5, 0.5, 0.5, 0.5, 0.5, 0.5, 0.5, 0.5, 0.5, 0.5, 0.5, 0.5, 0.5, 0.5, 0.5, 0.5, 0.5, 0.5, 0.5, 0.5, 0.5, 0.5, 0.5, 0.5, 0.5, 0.5, 0.5, 0.5, 0.5, 0.5, 0.5, 0.5, 0.5, 0.5, 0.5, 0.5, 0.5, 0.5, 0.5, 0.5, 0.5, 0.5, 0.5, 0.5, 0.5, 0.5, 0.5, 0.5, 0.5, 0.5, 0.5, 0.5, 0.5, 0.5, 0.5, 0.5, 0.5, 0.5, 0.5, 0.5, 0.5, 0.5, 0.5, 0.5, 0.5, 0.5, 0.5, 0.5, 0.5, 0.5, 0.5, 0.5, 0.5, 0.5, 0.5, 0.5, 0.5, 0.5, 0.5, 0.5, 0.5, 0.5, 0.5, 0.5, 0.5, 0.5, 0.5, 0.5, 0.5, 0.5, 0.5, 0.5, 0.5, 0.5, 0.5, 0.5, 0.5, 0.5, 0.5, 0.5, 0.5, 0.5, 0.5, 0.5, 0.5, 0.5, 0.5, 0.5, 0.5, 0.5, 0.5, 0.5, 0.5, 0.5, 0.5, 0.5, 0.5, 0.5, 0.5, 0.5, 0.5, 0.5, 0.5, 0.5, 0.5, 0.5, 0.5, 0.5, 0.5, 0.5, 0.5, 0.5, 0.5, 0.5, 0.5, 0.5, 0.5, 0.5, 0.5, 0.5, 0.5, 0.5, 0.5, 0.5, 0.5, 0.5, 0.5, 0.5, 0.5, 0.5, 0.5, 0.5, 0.5, 0.5, 0.5, 0.5, 0.5, 0.5, 0.5, 0.5, 0.5, 0.5, 0.5, 0.5, 0.5, 0.5, 0.5, 0.5, 0.5, 0.5, 0.5, 0.5, 0.5, 0.5, 0.5, 0.5, 0.5, 0.5, 0.5, 0.5, 0.5, 0.5, 0.5, 0.5, 0.5, 0.5, 0.5, 0.5, 0.5, 0.5, 0.5, 0.5, 0.5, 0.5, 0.5, 0.5, 0.5, 0.5, 0.5, 0.5, 0.5, 0.5, 0.5, 0.5, 0.5, 0.5, 0.5, 0.5, 0.5, 0.5, 0.5, 0.5, 0.5, 0.5, 0.5]",0
2026_11_KICE_43-45_0,['3(2)'],"1번: 부적절 - 지문에서는 완벽주의적 자기 제시 성향이 고착화된다는 내용이 없으며, 오히려 이를 극복하는 방법을 제시하고 있습니다. ""타인의 인정을 기준으로 자신의 가치를 평가하지 않고, 자기 자신을 무조건적으로 수용하는 자세가 도움이 된다.""

2번: 부적절 - 지문에서 걷기와 같은 신체 활동을 제안하지만, 이는 주된 해결책이 아닌 보조적 방법으로 제시되었습니다. 또한 ""타인의 시선을 고려하기보다 자신의 시야에만 갇혀""라는 표현은 지문의 내용과 일치하지 않습니다.

3번: 적절 - 지문에서 제시한 해결책 중 첫 번째로 ""자기 자신을 무조건적으로 수용하는 자세""를 강조했으며, 이로 인해 심리적 안정을 얻을 수 있다는 내용과 일치합니다. ""타인의 인정을 기준으로 자신의 가치를 평가하지 않고, 자기 자신을 무조건적으로 수용하는 자세가 도움이 된다.""

4번: 부적절 - 지문에서 인지적 유연성을 언급하긴 했지만, ""객관적으로 상황을 바라보는""이라는 표현은 지문의 내용과 정확히 일치하지 않습니다. 또한 문제점을 강조하기보다는 해결책에 초점을 맞추어야 합니다.

5번: 부적절 - 지문에서는 무조건적 자기 수용과 사회적 지지 추구 행동을 대립적인 것으로 보지 않고, 모두 유용한 해결책으로 제시하고 있습니다. ""무조건적 자기 수용보다는""이라는 표현이 지문의 내용과 맞지 않습니다.

최종 정답: 3번","[16, 167, 110, 230, 25, 31619, 114, 222, 168, 254, 223, 168, 254, 230, 532, 23821, 100, 222, 167, 105, 116, 168, 245, 238, 168, 226, 250, 167, 232, 242, 23821, 247, 226, 167, 110, 121, 168, 96, 120, 35975, 246, 168, 254, 223, 23821, 252, 238, 166, 116, 108, 23821, 254, 250, 168, 233, 250, 23821, 226, 109, 169, 244, 98, 35975, 112, 220, 166, 111, 254, 168, 108, 102, 169, 247, 242, 167, 238, 250, 46695, 97, 167, 232, 242, 31619, 224, 112, 168, 248, 102, 35975, 112, 23821, 245, 228, 168, 250, 120, 167, 102, 108, 11, 23821, 246, 97, 169, 252, 230, 167, 254, 97, 23821, 251, 112, 167, 98, 120, 220, 166, 115, 117, 167, 111, 113, 47991, 246, 167, 232, 242, 31619, 108, 102, 167, 110, 243, 35975, 226, 23821, 254, 250, 168, 233, 250, 47991, 246, 166, 111, 254, 23821, 252, 230, 168, 232, 113, 46695, 230, 46695, 97, 13, 366, 169, 225, 222, 35975, 116, 35975, 246, 23821, 251, 116, 168, 254, 243, 35975, 226, 220, 166, 116, 108, 168, 97, 222, 168, 250, 120, 167, 94, 250, 23821, 252, 238, 168, 233, 254, 35975, 246, 220, 166, 108, 222, 168, 117, 246, 167, 98, 120, 220, 169, 237, 231, 166, 108, 222, 47991, 246, 168, 100, 222, 23821, 243, 232, 166, 111, 254, 11, 23821, 252, 238, 166, 116, 108, 23821, 252, 238, 168, 233, 254, 35975, 226, 31619, 105, 112, 168, 94, 108, 166, 109, 112, 168, 254, 223, 168, 250, 120, 167, 94, 250, 23821, 230, 246, 168, 248, 102, 47991, 246, 167, 232, 242, 23821, 252, 238, 168, 226, 116, 166, 108, 222, 31619, 237, 226, 168, 249, 222, 35975, 112, 31619, 238, 250, 46695, 97, 526, 198, 198, 17, 167, 110, 230, 25, 31619, 114, 222, 168, 254, 223, 168, 254, 230, 532, 23821, 100, 222, 167, 105, 116, 168, 245, 238, 168, 226, 250, 220, 166, 109, 115, 166, 116, 108, 168, 247, 222, 220, 166, 108, 247, 35975, 222, 23821, 233, 254, 168, 110, 112, 220, 169, 247, 250, 167, 237, 247, 35975, 226, 23821, 254, 250, 168, 243, 230, 47991, 246, 168, 100, 222, 167, 100, 234, 11, 23821, 251, 112, 167, 232, 242, 23821, 96, 120, 167, 238, 250, 220, 47991, 112, 166, 110, 108, 168, 109, 227, 35975, 112, 23821, 243, 226, 46695, 234, 31619, 111, 112, 168, 94, 108, 168, 254, 223, 31619, 108, 102, 167, 110, 243, 168, 250, 120, 167, 94, 250, 23821, 254, 250, 168, 233, 250, 167, 238, 246, 168, 245, 230, 168, 232, 113, 46695, 230, 46695, 97, 13, 31619, 246, 238, 47991, 250, 366, 169, 225, 222, 35975, 116, 35975, 246, 23821, 233, 250, 168, 226, 254, 35975, 226, 220, 166, 111, 254, 167, 254, 97, 47991, 246, 166, 116, 108, 167, 111, 112, 46695, 97, 23821, 252, 238, 168, 233, 254, 35975, 246, 23821, 233, 250, 168, 243, 120, 168, 245, 238, 167, 100, 234, 220, 166, 108, 229, 169, 246, 222, 1, 167, 251, 120, 167, 232, 242, 220, 169, 239, 250, 169, 246, 226, 35975, 222, 23821, 100, 222, 167, 105, 116, 35975, 246, 31619, 224, 112, 168, 248, 102, 166, 111, 120, 23821, 251, 120, 168, 117, 246, 47991, 246, 168, 100, 222, 23821, 243, 232, 168, 232, 113, 46695, 230, 46695, 97, 13, 198, 198, 18, 167, 110, 230, 25, 23821, 254, 223, 168, 254, 230, 532, 23821, 100, 222, 167, 105, 116, 168, 245, 238, 168, 226, 250, 23821, 254, 250, 168, 233, 250, 47991, 250, 220, 47991, 112, 166, 110, 108, 168, 109, 227, 23821, 97, 239, 23821, 110, 104, 31619, 110, 230, 168, 100, 116, 167, 94, 250, 366, 168, 252, 238, 166, 116, 108, 23821, 252, 238, 168, 233, 254, 35975, 226, 31619, 105, 112, 168, 94, 108, 166, 109, 112, 168, 254, 223, 168, 250, 120, 167, 94, 250, 23821, 230, 246, 168, 248, 102, 47991, 246, 167, 232, 242, 23821, 252, 238, 168, 226, 116, 1, 167, 98, 120, 220, 166, 108, 243, 168, 94, 108, 169, 244, 230, 168, 250, 120, 167, 102, 108, 11, 23821, 251, 112, 167, 94, 250, 23821, 251, 116, 47991, 112, 23821, 233, 105, 167, 99, 105, 168, 254, 223, 23821, 243, 230, 168, 254, 243, 35975, 226, 23821, 244, 119, 35975, 226, 23821, 230, 246, 23821, 252, 230, 46695, 97, 167, 232, 242, 31619, 224, 112, 168, 248, 102, 166, 111, 120, 23821, 251, 120, 168, 117, 246, 47991, 102, 46695, 230, 46695, 97, 13, 366, 169, 225, 222, 35975, 116, 35975, 246, 23821, 251, 116, 168, 254, 243, 35975, 226, 220, 166, 116, 108, 168, 97, 222, 168, 250, 120, 167, 94, 250, 23821, 252, 238, 168, 233, 254, 35975, 246, 220, 166, 108, 222, 168, 117, 246, 167, 98, 120, 220, 169, 237, 231, 166, 108, 222, 47991, 246, 168, 100, 222, 23821, 243, 232, 166, 111, 254, 11, 23821, 252, 238, 166, 116, 108, 23821, 252, 238, 168, 233, 254, 35975, 226, 31619, 105, 112, 168, 94, 108, 166, 109, 112, 168, 254, 223, 168, 250, 120, 167, 94, 250, 23821, 230, 246, 168, 248, 102, 47991, 246, 167, 232, 242, 23821, 252, 238, 168, 226, 116, 166, 108, 222, 31619, 237, 226, 168, 249, 222, 35975, 112, 31619, 238, 250, 46695, 97, 526, 198, 198, 19, 167, 110, 230, 25, 31619, 114, 222, 168, 254, 223, 168, 254, 230, 532, 23821, 100, 222, 167, 105, 116, 168, 245, 238, 168, 226, 250, 23821, 251, 116, 168, 100, 222, 168, 254, 223, 23821, 250, 254, 168, 245, 108, 168, 226, 109, 35975, 226, 23821, 244, 116, 166, 116, 231, 47991, 246, 166, 116, 112, 220, 169, 244, 230, 168, 100, 222, 167, 100, 234, 11, 366, 166, 108, 251, 166, 112, 222, 168, 254, 223, 168, 250, 120, 167, 94, 250, 23821, 225, 223, 169, 247, 102, 35975, 226, 31619, 108, 242, 167, 251, 120, 167, 111, 112, 167, 232, 242, 1, 35975, 112, 167, 251, 120, 167, 232, 242, 220, 169, 239, 250, 169, 246, 226, 35975, 222, 23821, 100, 222, 167, 105, 116, 35975, 246, 31619, 224, 112, 168, 248, 102, 166, 111, 120, 23821, 254, 243, 169, 247, 243, 169, 252, 230, 23821, 251, 120, 168, 117, 246, 47991, 246, 168, 100, 222, 23821, 243, 232, 168, 232, 113, 46695, 230, 46695, 97, 13, 31619, 246, 238, 47991, 250, 31619, 105, 116, 168, 254, 250, 168, 254, 238, 35975, 226, 220, 166, 108, 243, 168, 94, 108, 47991, 246, 166, 116, 108, 167, 111, 112, 46695, 97, 167, 232, 242, 220, 47991, 112, 166, 110, 108, 168, 109, 227, 168, 245, 238, 23821, 112, 230, 168, 254, 238, 35975, 226, 31619, 100, 252, 168, 114, 242, 168, 244, 112, 168, 243, 120, 220, 47991, 102, 46695, 230, 46695, 97, 13, 198, 198, 20, 167, 110, 230, 25, 31619, 114, 222, 168, 254, 223, 168, 254, 230, 532, 23821, 100, 222, 167, 105, 116, 168, 245, 238, 168, 226, 250, 167, 232, 242, 31619, 105, 112, 168, 94, 108, 166, 109, 112, 168, 254, 223, 23821, 252, 238, 166, 116, 108, 23821, 230, 246, 168, 248, 102, 166, 111, 120, 23821, 8955, 169, 248, 234, 168, 254, 223, 23821, 100, 222, 168, 100, 222, 23821, 114, 242, 166, 113, 105, 220, 169, 244, 231, 167, 237, 247, 35975, 226, 31619, 234, 222, 167, 99, 121, 168, 254, 223, 35975, 116, 220, 166, 110, 225, 168, 250, 120, 167, 94, 250, 31619, 111, 112, 168, 100, 222, 23821, 243, 232, 166, 111, 254, 11, 31619, 103, 101, 167, 239, 238, 23821, 250, 254, 168, 248, 102, 47991, 250, 220, 47991, 112, 166, 110, 108, 168, 109, 227, 168, 250, 120, 167, 94, 250, 23821, 254, 250, 168, 233, 250, 47991, 246, 166, 111, 254, 23821, 252, 230, 168, 232, 113, 46695, 230, 46695, 97, 13, 366, 167, 105, 112, 168, 94, 108, 166, 109, 112, 168, 254, 223, 23821, 252, 238, 166, 116, 108, 23821, 230, 246, 168, 248, 102, 167, 111, 112, 46695, 97, 167, 232, 242, 1, 35975, 112, 167, 251, 120, 167, 232, 242, 220, 169, 239, 250, 169, 246, 226, 35975, 112, 23821, 100, 222, 167, 105, 116, 35975, 246, 31619, 224, 112, 168, 248, 102, 166, 111, 120, 31619, 100, 252, 168, 100, 222, 23821, 243, 232, 168, 232, 113, 46695, 230, 46695, 97, 13, 198, 198, 168, 113, 250, 168, 95, 227, 23821, 254, 243, 46695, 113, 25, 513, 167, 110, 230]","[0.5, 0.5, 0.5, 0.5, 0.5, 0.5, 0.5, 0.5, 0.5, 0.5, 0.5, 0.5, 0.5, 0.5, 0.5, 0.5, 0.5, 0.5, 0.5, 0.5, 0.5, 0.5, 0.5, 0.5, 0.5, 0.5, 0.5, 0.5, 0.5, 0.5, 0.5, 0.5, 0.5, 0.5, 0.5, 0.5, 0.5, 0.5, 0.5, 0.5, 0.5, 0.5, 0.5, 0.5, 0.5, 0.5, 0.5, 0.5, 0.5, 0.5, 0.5, 0.5, 0.5, 0.5, 0.5, 0.5, 0.5, 0.5, 0.5, 0.5, 0.5, 0.5, 0.5, 0.5, 0.5, 0.5, 0.5, 0.5, 0.5, 0.5, 0.5, 0.5, 0.5, 0.5, 0.5, 0.5, 0.5, 0.5, 0.5, 0.5, 0.5, 0.5, 0.5, 0.5, 0.5, 0.5, 0.5, 0.5, 0.5, 0.5, 0.5, 0.5, 0.5, 0.5, 0.5, 0.5, 0.5, 0.5, 0.5, 0.5, 0.5, 0.5, 0.5, 0.5, 0.5, 0.5, 0.5, 0.5, 0.5, 0.5, 0.5, 0.5, 0.5, 0.5, 0.5, 0.5, 0.5, 0.5, 0.5, 0.5, 0.5, 0.5, 0.5, 0.5, 0.5, 0.5, 0.5, 0.5, 0.5, 0.5, 0.5, 0.5, 0.5, 0.5, 0.5, 0.5, 0.5, 0.5, 0.5, 0.5, 0.5, 0.5, 0.5, 0.5, 0.5, 0.5, 0.5, 0.5, 0.5, 0.5, 0.5, 0.5, 0.5, 0.5, 0.5, 0.5, 0.5, 0.5, 0.5, 0.5, 0.5, 0.5, 0.5, 0.5, 0.5, 0.5, 0.5, 0.5, 0.5, 0.5, 0.5, 0.5, 0.5, 0.5, 0.5, 0.5, 0.5, 0.5, 0.5, 0.5, 0.5, 0.5, 0.5, 0.5, 0.5, 0.5, 0.5, 0.5, 0.5, 0.5, 0.5, 0.5, 0.5, 0.5, 0.5, 0.5, 0.5, 0.5, 0.5, 0.5, 0.5, 0.5, 0.5, 0.5, 0.5, 0.5, 0.5, 0.5, 0.5, 0.5, 0.5, 0.5, 0.5, 0.5, 0.5, 0.5, 0.5, 0.5, 0.5, 0.5, 0.5, 0.5, 0.5, 0.5, 0.5, 0.5, 0.5, 0.5, 0.5, 0.5, 0.5, 0.5, 0.5, 0.5, 0.5, 0.5, 0.5, 0.5, 0.5, 0.5, 0.5, 0.5, 0.5, 0.5, 0.5, 0.5, 0.5, 0.5, 0.5, 0.5, 0.5, 0.5, 0.5, 0.5, 0.5, 0.5, 0.5, 0.5, 0.5, 0.5, 0.5, 0.5, 0.5, 0.5, 0.5, 0.5, 0.5, 0.5, 0.5, 0.5, 0.5, 0.5, 0.5, 0.5, 0.5, 0.5, 0.5, 0.5, 0.5, 0.5, 0.5, 0.5, 0.5, 0.5, 0.5, 0.5, 0.5, 0.5, 0.5, 0.5, 0.5, 0.5, 0.5, 0.5, 0.5, 0.5, 0.5, 0.5, 0.5, 0.5, 0.5, 0.5, 0.5, 0.5, 0.5, 0.5, 0.5, 0.5, 0.5, 0.5, 0.5, 0.5, 0.5, 0.5, 0.5, 0.5, 0.5, 0.5, 0.5, 0.5, 0.5, 0.5, 0.5, 0.5, 0.5, 0.5, 0.5, 0.5, 0.5, 0.5, 0.5, 0.5, 0.5, 0.5, 0.5, 0.5, 0.5, 0.5, 0.5, 0.5, 0.5, 0.5, 0.5, 0.5, 0.5, 0.5, 0.5, 0.5, 0.5, 0.5, 0.5, 0.5, 0.5, 0.5, 0.5, 0.5, 0.5, 0.5, 0.5, 0.5, 0.5, 0.5, 0.5, 0.5, 0.5, 0.5, 0.5, 0.5, 0.5, 0.5, 0.5, 0.5, 0.5, 0.5, 0.5, 0.5, 0.5, 0.5, 0.5, 0.5, 0.5, 0.5, 0.5, 0.5, 0.5, 0.5, 0.5, 0.5, 0.5, 0.5, 0.5, 0.5, 0.5, 0.5, 0.5, 0.5, 0.5, 0.5, 0.5, 0.5, 0.5, 0.5, 0.5, 0.5, 0.5, 0.5, 0.5, 0.5, 0.5, 0.5, 0.5, 0.5, 0.5, 0.5, 0.5, 0.5, 0.5, 0.5, 0.5, 0.5, 0.5, 0.5, 0.5, 0.5, 0.5, 0.5, 0.5, 0.5, 0.5, 0.5, 0.5, 0.5, 0.5, 0.5, 0.5, 0.5, 0.5, 0.5, 0.5, 0.5, 0.5, 0.5, 0.5, 0.5, 0.5, 0.5, 0.5, 0.5, 0.5, 0.5, 0.5, 0.5, 0.5, 0.5, 0.5, 0.5, 0.5, 0.5, 0.5, 0.5, 0.5, 0.5, 0.5, 0.5, 0.5, 0.5, 0.5, 0.5, 0.5, 0.5, 0.5, 0.5, 0.5, 0.5, 0.5, 0.5, 0.5, 0.5, 0.5, 0.5, 0.5, 0.5, 0.5, 0.5, 0.5, 0.5, 0.5, 0.5, 0.5, 0.5, 0.5, 0.5, 0.5, 0.5, 0.5, 0.5, 0.5, 0.5, 0.5, 0.5, 0.5, 0.5, 0.5, 0.5, 0.5, 0.5, 0.5, 0.5, 0.5, 0.5, 0.5, 0.5, 0.5, 0.5, 0.5, 0.5, 0.5, 0.5, 0.5, 0.5, 0.5, 0.5, 0.5, 0.5, 0.5, 0.5, 0.5, 0.5, 0.5, 0.5, 0.5, 0.5, 0.5, 0.5, 0.5, 0.5, 0.5, 0.5, 0.5, 0.5, 0.5, 0.5, 0.5, 0.5, 0.5, 0.5, 0.5, 0.5, 0.5, 0.5, 0.5, 0.5, 0.5, 0.5, 0.5, 0.5, 0.5, 0.5, 0.5, 0.5, 0.5, 0.5, 0.5, 0.5, 0.5, 0.5, 0.5, 0.5, 0.5, 0.5, 0.5, 0.5, 0.5, 0.5, 0.5, 0.5, 0.5, 0.5, 0.5, 0.5, 0.5, 0.5, 0.5, 0.5, 0.5, 0.5, 0.5, 0.5, 0.5, 0.5, 0.5, 0.5, 0.5, 0.5, 0.5, 0.5, 0.5, 0.5, 0.5, 0.5, 0.5, 0.5, 0.5, 0.5, 0.5, 0.5, 0.5, 0.5, 0.5, 0.5, 0.5, 0.5, 0.5, 0.5, 0.5, 0.5, 0.5, 0.5, 0.5, 0.5, 0.5, 0.5, 0.5, 0.5, 0.5, 0.5, 0.5, 0.5, 0.5, 0.5, 0.5, 0.5, 0.5, 0.5, 0.5, 0.5, 0.5, 0.5, 0.5, 0.5, 0.5, 0.5, 0.5, 0.5, 0.5, 0.5, 0.5, 0.5, 0.5, 0.5, 0.5, 0.5, 0.5, 0.5, 0.5, 0.5, 0.5, 0.5, 0.5, 0.5, 0.5, 0.5, 0.5, 0.5, 0.5, 0.5, 0.5, 0.5, 0.5, 0.5, 0.5, 0.5, 0.5, 0.5, 0.5, 0.5, 0.5, 0.5, 0.5, 0.5, 0.5, 0.5, 0.5, 0.5, 0.5, 0.5, 0.5, 0.5, 0.5, 0.5, 0.5, 0.5, 0.5, 0.5, 0.5, 0.5, 0.5, 0.5, 0.5, 0.5, 0.5, 0.5, 0.5, 0.5, 0.5, 0.5, 0.5, 0.5, 0.5, 0.5, 0.5, 0.5, 0.5, 0.5, 0.5, 0.5, 0.5, 0.5, 0.5, 0.5, 0.5, 0.5, 0.5, 0.5, 0.5, 0.5, 0.5, 0.5, 0.5, 0.5, 0.5, 0.5, 0.5, 0.5, 0.5, 0.5, 0.5, 0.5, 0.5, 0.5, 0.5, 0.5, 0.5, 0.5, 0.5, 0.5, 0.5, 0.5, 0.5, 0.5, 0.5, 0.5, 0.5, 0.5, 0.5, 0.5, 0.5, 0.5, 0.5, 0.5, 0.5, 0.5, 0.5, 0.5, 0.5, 0.5, 0.5, 0.5, 0.5, 0.5, 0.5, 0.5, 0.5, 0.5, 0.5, 0.5, 0.5, 0.5, 0.5, 0.5, 0.5, 0.5, 0.5, 0.5, 0.5, 0.5, 0.5, 0.5, 0.5, 0.5, 0.5, 0.5, 0.5, 0.5, 0.5, 0.5, 0.5, 0.5, 0.5, 0.5, 0.5, 0.5, 0.5, 0.5, 0.5, 0.5, 0.5, 0.5, 0.5, 0.5, 0.5, 0.5, 0.5, 0.5, 0.5, 0.5, 0.5, 0.5, 0.5, 0.5, 0.5, 0.5, 0.5, 0.5, 0.5, 0.5, 0.5, 0.5, 0.5, 0.5, 0.5, 0.5, 0.5, 0.5, 0.5, 0.5, 0.5, 0.5, 0.5, 0.5, 0.5, 0.5, 0.5, 0.5, 0.5, 0.5, 0.5, 0.5, 0.5, 0.5, 0.5, 0.5, 0.5, 0.5, 0.5, 0.5, 0.5, 0.5, 0.5, 0.5, 0.5, 0.5, 0.5, 0.5, 0.5, 0.5, 0.5, 0.5, 0.5, 0.5, 0.5, 0.5, 0.5, 0.5, 0.5, 0.5, 0.5, 0.5, 0.5, 0.5, 0.5, 0.5, 0.5, 0.5, 0.5, 0.5, 0.5, 0.5, 0.5, 0.5, 0.5, 0.5, 0.5, 0.5, 0.5, 0.5, 0.5, 0.5, 0.5, 0.5, 0.5, 0.5, 0.5, 0.5, 0.5, 0.5, 0.5, 0.5, 0.5, 0.5, 0.5, 0.5, 0.5, 0.5, 0.5, 0.5, 0.5, 0.5, 0.5, 0.5, 0.5, 0.5, 0.5, 0.5, 0.5, 0.5, 0.5, 0.5, 0.5, 0.5, 0.5, 0.5, 0.5, 0.5, 0.5, 0.5, 0.5, 0.5, 0.5, 0.5, 0.5, 0.5, 0.5, 0.5, 0.5, 0.5, 0.5, 0.5, 0.5, 0.5, 0.5, 0.5, 0.5, 0.5, 0.5, 0.5, 0.5, 0.5, 0.5, 0.5, 0.5, 0.5, 0.5, 0.5, 0.5, 0.5, 0.5, 0.5, 0.5, 0.5, 0.5, 0.5, 0.5, 0.5, 0.5, 0.5, 0.5, 0.5, 0.5, 0.5, 0.5, 0.5, 0.5, 0.5, 0.5, 0.5, 0.5, 0.5, 0.5, 0.5, 0.5, 0.5, 0.5, 0.5, 0.5, 0.5, 0.5, 0.5, 0.5, 0.5, 0.5, 0.5, 0.5, 0.5, 0.5, 0.5, 0.5, 0.5, 0.5, 0.5, 0.5, 0.5, 0.5, 0.5, 0.5, 0.5, 0.5, 0.5, 0.5, 0.5, 0.5, 0.5, 0.5, 0.5, 0.5, 0.5, 0.5, 0.5, 0.5, 0.5, 0.5, 0.5, 0.5, 0.5, 0.5, 0.5, 0.5, 0.5, 0.5, 0.5, 0.5, 0.5, 0.5, 0.5, 0.5, 0.5, 0.5, 0.5, 0.5, 0.5, 0.5, 0.5, 0.5, 0.5, 0.5, 0.5, 0.5, 0.5, 0.5, 0.5, 0.5, 0.5, 0.5, 0.5, 0.5, 0.5, 0.5, 0.5, 0.5, 0.5, 0.5, 0.5, 0.5, 0.5, 0.5, 0.5, 0.5, 0.5, 0.5, 0.5, 0.5, 0.5, 0.5, 0.5, 0.5, 0.5, 0.5, 0.5, 0.5, 0.5, 0.5, 0.5, 0.5, 0.5, 0.5, 0.5, 0.5, 0.5, 0.5, 0.5, 0.5, 0.5, 0.5, 0.5, 0.5, 0.5, 0.5, 0.5, 0.5, 0.5, 0.5, 0.5, 0.5, 0.5, 0.5, 0.5, 0.5, 0.5, 0.5, 0.5, 0.5, 0.5, 0.5, 0.5, 0.5, 0.5, 0.5, 0.5, 0.5, 0.5, 0.5, 0.5, 0.5, 0.5, 0.5, 0.5, 0.5, 0.5, 0.5, 0.5, 0.5, 0.5, 0.5, 0.5, 0.5, 0.5, 0.5, 0.5, 0.5, 0.5, 0.5, 0.5, 0.5, 0.5, 0.5, 0.5, 0.5, 0.5, 0.5, 0.5, 0.5, 0.5, 0.5, 0.5, 0.5, 0.5, 0.5, 0.5, 0.5, 0.5, 0.5, 0.5, 0.5, 0.5, 0.5, 0.5, 0.5, 0.5, 0.5, 0.5, 0.5, 0.5, 0.5, 0.5, 0.5, 0.5, 0.5, 0.5, 0.5, 0.5, 0.5, 0.5, 0.5, 0.5, 0.5, 0.5, 0.5, 0.5, 0.5, 0.5, 0.5, 0.5, 0.5, 0.5, 0.5, 0.5, 0.5, 0.5, 0.5, 0.5, 0.5, 0.5, 0.5, 0.5, 0.5, 0.5, 0.5, 0.5, 0.5, 0.5, 0.5, 0.5, 0.5, 0.5, 0.5, 0.5, 0.5, 0.5, 0.5, 0.5, 0.5, 0.5, 0.5, 0.5, 0.5, 0.5, 0.5, 0.5, 0.5, 0.5, 0.5, 0.5, 0.5, 0.5, 0.5, 0.5, 0.5, 0.5, 0.5, 0.5, 0.5, 0.5, 0.5, 0.5, 0.5, 0.5, 0.5, 0.5, 0.5, 0.5, 0.5, 0.5, 0.5, 0.5, 0.5, 0.5, 0.5, 0.5, 0.5, 0.5, 0.5, 0.5, 0.5, 0.5, 0.5, 0.5, 0.5, 0.5, 0.5, 0.5, 0.5, 0.5, 0.5, 0.5, 0.5, 0.5, 0.5, 0.5, 0.5, 0.5, 0.5, 0.5, 0.5, 0.5, 0.5, 0.5, 0.5, 0.5, 0.5, 0.5, 0.5, 0.5, 0.5, 0.5, 0.5, 0.5, 0.5, 0.5, 0.5, 0.5, 0.5, 0.5, 0.5, 0.5, 0.5, 0.5, 0.5, 0.5, 0.5, 0.5, 0.5, 0.5, 0.5, 0.5, 0.5, 0.5, 0.5, 0.5, 0.5, 0.5, 0.5, 0.5, 0.5, 0.5, 0.5, 0.5, 0.5, 0.5, 0.5, 0.5, 0.5, 0.5, 0.5, 0.5, 0.5, 0.5, 0.5, 0.5, 0.5, 0.5, 0.5, 0.5, 0.5, 0.5, 0.5, 0.5, 0.5, 0.5, 0.5, 0.5, 0.5, 0.5, 0.5, 0.5, 0.5, 0.5, 0.5, 0.5, 0.5, 0.5, 0.5, 0.5, 0.5, 0.5, 0.5, 0.5, 0.5, 0.5, 0.5, 0.5, 0.5, 0.5, 0.5, 0.5, 0.5, 0.5, 0.5, 0.5, 0.5, 0.5, 0.5, 0.5, 0.5, 0.5, 0.5, 0.5, 0.5, 0.5, 0.5, 0.5, 0.5, 0.5, 0.5, 0.5, 0.5]",2
2026_11_KICE_43-45_1,['2(2)'],"1번: 적절함. ""사람은 누구나 다른 사람에게 좋은 모습을 보이고 싶어 하는 면이 있다. 이러한 욕구가 커서 자신을 늘 완벽한 모습으로 보이려고 하는 성향이 나타날 수 있는데, 이를 완벽주의적 자기 제시 성향이라 한다.""

2번: 부적절함. 지문에서는 완벽주의적 자기 제시 성향의 단점(불안, 회피적 행동)만 언급하고 장점은 전혀 다루지 않았습니다. ""완벽주의적 자기 제시 성향을 지닌 사람들은... 불안을 겪기도 한다.""

3번: 적절함. ""사람은 누구나 다른 사람에게 좋은 모습을 보이고 싶어 하는 면이 있다""라는 일반적 특성으로 글을 시작했습니다.

4번: 적절함. ""완벽주의적 자기 제시 성향을 지닌 사람들은 평가의 기준을 자신보다 타인에 두기 때문에 타인의 시선과 평가에 민감해지기 쉽다.""

5번: 적절함. ""청소년 시기에는 또래 집단에서 친구들에게 긍정적으로 비춰지고 싶은 욕구가 크기 때문에 완벽주의적 자기 제시 성향이 나타나는 경우가 많다.""

최종 정답: 2번","[16, 167, 110, 230, 25, 23821, 254, 223, 168, 254, 230, 47991, 101, 13, 366, 168, 8955, 167, 252, 234, 35975, 222, 31619, 230, 226, 166, 113, 105, 167, 224, 246, 31619, 233, 97, 167, 98, 116, 23821, 8955, 167, 252, 234, 168, 245, 238, 166, 110, 234, 23821, 95, 233, 35975, 222, 31619, 103, 101, 168, 232, 113, 35975, 226, 31619, 111, 112, 35975, 112, 166, 111, 254, 23821, 233, 114, 168, 244, 112, 220, 47991, 246, 167, 232, 242, 31619, 102, 112, 35975, 112, 23821, 252, 230, 46695, 97, 13, 23821, 251, 112, 167, 253, 105, 47991, 250, 23821, 248, 243, 166, 113, 105, 166, 108, 222, 23821, 119, 97, 168, 226, 250, 23821, 252, 238, 168, 233, 254, 35975, 226, 31619, 232, 246, 23821, 247, 226, 167, 110, 121, 47991, 250, 31619, 103, 101, 168, 232, 113, 168, 250, 120, 167, 94, 250, 31619, 111, 112, 35975, 112, 167, 254, 97, 166, 111, 254, 220, 47991, 246, 167, 232, 242, 23821, 226, 109, 169, 244, 98, 35975, 112, 31619, 224, 246, 169, 225, 222, 167, 224, 254, 23821, 230, 246, 23821, 252, 230, 167, 232, 242, 167, 235, 108, 11, 23821, 251, 112, 167, 98, 120, 23821, 247, 226, 167, 110, 121, 168, 96, 120, 35975, 246, 168, 254, 223, 23821, 252, 238, 166, 116, 108, 23821, 254, 250, 168, 233, 250, 23821, 226, 109, 169, 244, 98, 35975, 112, 167, 251, 120, 220, 47991, 250, 46695, 97, 526, 198, 198, 17, 167, 110, 230, 25, 31619, 114, 222, 168, 254, 223, 168, 254, 230, 47991, 101, 13, 23821, 100, 222, 167, 105, 116, 168, 245, 238, 168, 226, 250, 167, 232, 242, 23821, 247, 226, 167, 110, 121, 168, 96, 120, 35975, 246, 168, 254, 223, 23821, 252, 238, 166, 116, 108, 23821, 254, 250, 168, 233, 250, 23821, 226, 109, 169, 244, 98, 35975, 246, 31619, 233, 101, 168, 254, 238, 7, 167, 114, 230, 168, 243, 230, 11, 220, 169, 248, 234, 169, 242, 120, 168, 254, 223, 220, 169, 244, 231, 167, 237, 247, 8, 167, 100, 234, 23821, 244, 116, 166, 116, 231, 47991, 246, 166, 111, 254, 23821, 252, 98, 168, 254, 238, 35975, 222, 23821, 254, 226, 169, 246, 222, 31619, 233, 97, 167, 96, 101, 168, 100, 222, 23821, 243, 232, 168, 243, 246, 168, 232, 113, 46695, 230, 46695, 97, 13, 366, 168, 247, 226, 167, 110, 121, 168, 96, 120, 35975, 246, 168, 254, 223, 23821, 252, 238, 166, 116, 108, 23821, 254, 250, 168, 233, 250, 23821, 226, 109, 169, 244, 98, 35975, 226, 23821, 100, 222, 46695, 234, 23821, 8955, 167, 252, 234, 167, 241, 97, 35975, 222, 986, 31619, 114, 230, 168, 243, 230, 35975, 226, 220, 166, 110, 103, 166, 116, 108, 167, 237, 226, 220, 47991, 250, 46695, 97, 526, 198, 198, 18, 167, 110, 230, 25, 23821, 254, 223, 168, 254, 230, 47991, 101, 13, 366, 168, 8955, 167, 252, 234, 35975, 222, 31619, 230, 226, 166, 113, 105, 167, 224, 246, 31619, 233, 97, 167, 98, 116, 23821, 8955, 167, 252, 234, 168, 245, 238, 166, 110, 234, 23821, 95, 233, 35975, 222, 31619, 103, 101, 168, 232, 113, 35975, 226, 31619, 111, 112, 35975, 112, 166, 111, 254, 23821, 233, 114, 168, 244, 112, 220, 47991, 246, 167, 232, 242, 31619, 102, 112, 35975, 112, 23821, 252, 230, 46695, 97, 1, 167, 251, 120, 167, 232, 242, 23821, 251, 120, 167, 108, 246, 168, 254, 223, 220, 169, 232, 117, 168, 226, 109, 168, 250, 120, 167, 94, 250, 220, 166, 116, 222, 35975, 226, 23821, 233, 250, 168, 252, 239, 169, 244, 230, 168, 232, 113, 46695, 230, 46695, 97, 13, 198, 198, 19, 167, 110, 230, 25, 23821, 254, 223, 168, 254, 230, 47991, 101, 13, 366, 168, 247, 226, 167, 110, 121, 168, 96, 120, 35975, 246, 168, 254, 223, 23821, 252, 238, 166, 116, 108, 23821, 254, 250, 168, 233, 250, 23821, 226, 109, 169, 244, 98, 35975, 226, 23821, 100, 222, 46695, 234, 23821, 8955, 167, 252, 234, 167, 241, 97, 35975, 222, 220, 169, 237, 231, 166, 108, 222, 35975, 246, 220, 166, 116, 108, 168, 97, 222, 35975, 226, 23821, 252, 238, 168, 233, 254, 167, 111, 112, 46695, 97, 220, 169, 225, 222, 35975, 116, 168, 245, 238, 31619, 239, 238, 166, 116, 108, 31619, 243, 234, 167, 105, 116, 168, 245, 238, 220, 169, 225, 222, 35975, 116, 35975, 246, 23821, 233, 250, 168, 226, 254, 166, 111, 120, 220, 169, 237, 231, 166, 108, 222, 168, 245, 238, 31619, 107, 120, 166, 108, 238, 47991, 112, 168, 100, 222, 166, 116, 108, 23821, 231, 121, 46695, 97, 526, 198, 198, 20, 167, 110, 230, 25, 23821, 254, 223, 168, 254, 230, 47991, 101, 13, 366, 168, 110, 255, 168, 228, 234, 167, 227, 226, 23821, 233, 250, 166, 116, 108, 168, 245, 238, 167, 232, 242, 31619, 246, 238, 167, 252, 246, 23821, 100, 239, 46695, 101, 168, 245, 238, 168, 226, 250, 23821, 117, 250, 166, 113, 105, 167, 241, 97, 168, 245, 238, 166, 110, 234, 220, 166, 116, 235, 168, 254, 243, 168, 254, 223, 168, 250, 120, 167, 94, 250, 31619, 117, 226, 168, 114, 108, 168, 100, 222, 166, 111, 254, 23821, 233, 114, 35975, 222, 23821, 248, 243, 166, 113, 105, 166, 108, 222, 220, 169, 223, 105, 166, 116, 108, 31619, 243, 234, 167, 105, 116, 168, 245, 238, 23821, 247, 226, 167, 110, 121, 168, 96, 120, 35975, 246, 168, 254, 223, 23821, 252, 238, 166, 116, 108, 23821, 254, 250, 168, 233, 250, 23821, 226, 109, 169, 244, 98, 35975, 112, 31619, 224, 246, 169, 225, 222, 167, 224, 246, 167, 232, 242, 220, 166, 110, 121, 168, 248, 108, 166, 108, 222, 31619, 100, 236, 46695, 97, 526, 198, 198, 168, 113, 250, 168, 95, 227, 23821, 254, 243, 46695, 113, 25, 362, 167, 110, 230]","[0.5, 0.5, 0.5, 0.5, 0.5, 0.5, 0.5, 0.5, 0.5, 0.5, 0.5, 0.5, 0.5, 0.5, 0.5, 0.5, 0.5, 0.5, 0.5, 0.5, 0.5, 0.5, 0.5, 0.5, 0.5, 0.5, 0.5, 0.5, 0.5, 0.5, 0.5, 0.5, 0.5, 0.5, 0.5, 0.5, 0.5, 0.5, 0.5, 0.5, 0.5, 0.5, 0.5, 0.5, 0.5, 0.5, 0.5, 0.5, 0.5, 0.5, 0.5, 0.5, 0.5, 0.5, 0.5, 0.5, 0.5, 0.5, 0.5, 0.5, 0.5, 0.5, 0.5, 0.5, 0.5, 0.5, 0.5, 0.5, 0.5, 0.5, 0.5, 0.5, 0.5, 0.5, 0.5, 0.5, 0.5, 0.5, 0.5, 0.5, 0.5, 0.5, 0.5, 0.5, 0.5, 0.5, 0.5, 0.5, 0.5, 0.5, 0.5, 0.5, 0.5, 0.5, 0.5, 0.5, 0.5, 0.5, 0.5, 0.5, 0.5, 0.5, 0.5, 0.5, 0.5, 0.5, 0.5, 0.5, 0.5, 0.5, 0.5, 0.5, 0.5, 0.5, 0.5, 0.5, 0.5, 0.5, 0.5, 0.5, 0.5, 0.5, 0.5, 0.5, 0.5, 0.5, 0.5, 0.5, 0.5, 0.5, 0.5, 0.5, 0.5, 0.5, 0.5, 0.5, 0.5, 0.5, 0.5, 0.5, 0.5, 0.5, 0.5, 0.5, 0.5, 0.5, 0.5, 0.5, 0.5, 0.5, 0.5, 0.5, 0.5, 0.5, 0.5, 0.5, 0.5, 0.5, 0.5, 0.5, 0.5, 0.5, 0.5, 0.5, 0.5, 0.5, 0.5, 0.5, 0.5, 0.5, 0.5, 0.5, 0.5, 0.5, 0.5, 0.5, 0.5, 0.5, 0.5, 0.5, 0.5, 0.5, 0.5, 0.5, 0.5, 0.5, 0.5, 0.5, 0.5, 0.5, 0.5, 0.5, 0.5, 0.5, 0.5, 0.5, 0.5, 0.5, 0.5, 0.5, 0.5, 0.5, 0.5, 0.5, 0.5, 0.5, 0.5, 0.5, 0.5, 0.5, 0.5, 0.5, 0.5, 0.5, 0.5, 0.5, 0.5, 0.5, 0.5, 0.5, 0.5, 0.5, 0.5, 0.5, 0.5, 0.5, 0.5, 0.5, 0.5, 0.5, 0.5, 0.5, 0.5, 0.5, 0.5, 0.5, 0.5, 0.5, 0.5, 0.5, 0.5, 0.5, 0.5, 0.5, 0.5, 0.5, 0.5, 0.5, 0.5, 0.5, 0.5, 0.5, 0.5, 0.5, 0.5, 0.5, 0.5, 0.5, 0.5, 0.5, 0.5, 0.5, 0.5, 0.5, 0.5, 0.5, 0.5, 0.5, 0.5, 0.5, 0.5, 0.5, 0.5, 0.5, 0.5, 0.5, 0.5, 0.5, 0.5, 0.5, 0.5, 0.5, 0.5, 0.5, 0.5, 0.5, 0.5, 0.5, 0.5, 0.5, 0.5, 0.5, 0.5, 0.5, 0.5, 0.5, 0.5, 0.5, 0.5, 0.5, 0.5, 0.5, 0.5, 0.5, 0.5, 0.5, 0.5, 0.5, 0.5, 0.5, 0.5, 0.5, 0.5, 0.5, 0.5, 0.5, 0.5, 0.5, 0.5, 0.5, 0.5, 0.5, 0.5, 0.5, 0.5, 0.5, 0.5, 0.5, 0.5, 0.5, 0.5, 0.5, 0.5, 0.5, 0.5, 0.5, 0.5, 0.5, 0.5, 0.5, 0.5, 0.5, 0.5, 0.5, 0.5, 0.5, 0.5, 0.5, 0.5, 0.5, 0.5, 0.5, 0.5, 0.5, 0.5, 0.5, 0.5, 0.5, 0.5, 0.5, 0.5, 0.5, 0.5, 0.5, 0.5, 0.5, 0.5, 0.5, 0.5, 0.5, 0.5, 0.5, 0.5, 0.5, 0.5, 0.5, 0.5, 0.5, 0.5, 0.5, 0.5, 0.5, 0.5, 0.5, 0.5, 0.5, 0.5, 0.5, 0.5, 0.5, 0.5, 0.5, 0.5, 0.5, 0.5, 0.5, 0.5, 0.5, 0.5, 0.5, 0.5, 0.5, 0.5, 0.5, 0.5, 0.5, 0.5, 0.5, 0.5, 0.5, 0.5, 0.5, 0.5, 0.5, 0.5, 0.5, 0.5, 0.5, 0.5, 0.5, 0.5, 0.5, 0.5, 0.5, 0.5, 0.5, 0.5, 0.5, 0.5, 0.5, 0.5, 0.5, 0.5, 0.5, 0.5, 0.5, 0.5, 0.5, 0.5, 0.5, 0.5, 0.5, 0.5, 0.5, 0.5, 0.5, 0.5, 0.5, 0.5, 0.5, 0.5, 0.5, 0.5, 0.5, 0.5, 0.5, 0.5, 0.5, 0.5, 0.5, 0.5, 0.5, 0.5, 0.5, 0.5, 0.5, 0.5, 0.5, 0.5, 0.5, 0.5, 0.5, 0.5, 0.5, 0.5, 0.5, 0.5, 0.5, 0.5, 0.5, 0.5, 0.5, 0.5, 0.5, 0.5, 0.5, 0.5, 0.5, 0.5, 0.5, 0.5, 0.5, 0.5, 0.5, 0.5, 0.5, 0.5, 0.5, 0.5, 0.5, 0.5, 0.5, 0.5, 0.5, 0.5, 0.5, 0.5, 0.5, 0.5, 0.5, 0.5, 0.5, 0.5, 0.5, 0.5, 0.5, 0.5, 0.5, 0.5, 0.5, 0.5, 0.5, 0.5, 0.5, 0.5, 0.5, 0.5, 0.5, 0.5, 0.5, 0.5, 0.5, 0.5, 0.5, 0.5, 0.5, 0.5, 0.5, 0.5, 0.5, 0.5, 0.5, 0.5, 0.5, 0.5, 0.5, 0.5, 0.5, 0.5, 0.5, 0.5, 0.5, 0.5, 0.5, 0.5, 0.5, 0.5, 0.5, 0.5, 0.5, 0.5, 0.5, 0.5, 0.5, 0.5, 0.5, 0.5, 0.5, 0.5, 0.5, 0.5, 0.5, 0.5, 0.5, 0.5, 0.5, 0.5, 0.5, 0.5, 0.5, 0.5, 0.5, 0.5, 0.5, 0.5, 0.5, 0.5, 0.5, 0.5, 0.5, 0.5, 0.5, 0.5, 0.5, 0.5, 0.5, 0.5, 0.5, 0.5, 0.5, 0.5, 0.5, 0.5, 0.5, 0.5, 0.5, 0.5, 0.5, 0.5, 0.5, 0.5, 0.5, 0.5, 0.5, 0.5, 0.5, 0.5, 0.5, 0.5, 0.5, 0.5, 0.5, 0.5, 0.5, 0.5, 0.5, 0.5, 0.5, 0.5, 0.5, 0.5, 0.5, 0.5, 0.5, 0.5, 0.5, 0.5, 0.5, 0.5, 0.5, 0.5, 0.5, 0.5, 0.5, 0.5, 0.5, 0.5, 0.5, 0.5, 0.5, 0.5, 0.5, 0.5, 0.5, 0.5, 0.5, 0.5, 0.5, 0.5, 0.5, 0.5, 0.5, 0.5, 0.5, 0.5, 0.5, 0.5, 0.5, 0.5, 0.5, 0.5, 0.5, 0.5, 0.5, 0.5, 0.5, 0.5, 0.5, 0.5, 0.5, 0.5, 0.5, 0.5, 0.5, 0.5, 0.5, 0.5, 0.5, 0.5, 0.5, 0.5, 0.5, 0.5, 0.5, 0.5, 0.5, 0.5, 0.5, 0.5, 0.5, 0.5, 0.5, 0.5, 0.5, 0.5, 0.5, 0.5, 0.5, 0.5, 0.5, 0.5, 0.5, 0.5, 0.5, 0.5, 0.5, 0.5, 0.5, 0.5, 0.5, 0.5, 0.5, 0.5, 0.5, 0.5, 0.5, 0.5, 0.5, 0.5, 0.5, 0.5, 0.5, 0.5, 0.5, 0.5, 0.5, 0.5, 0.5, 0.5, 0.5, 0.5, 0.5, 0.5, 0.5, 0.5, 0.5, 0.5, 0.5, 0.5, 0.5, 0.5, 0.5, 0.5, 0.5, 0.5, 0.5, 0.5, 0.5, 0.5, 0.5, 0.5, 0.5, 0.5, 0.5, 0.5, 0.5, 0.5, 0.5, 0.5, 0.5, 0.5, 0.5, 0.5, 0.5, 0.5, 0.5, 0.5, 0.5, 0.5, 0.5, 0.5, 0.5, 0.5, 0.5, 0.5, 0.5, 0.5, 0.5, 0.5, 0.5, 0.5, 0.5, 0.5, 0.5, 0.5, 0.5, 0.5, 0.5, 0.5, 0.5, 0.5, 0.5, 0.5, 0.5, 0.5, 0.5, 0.5, 0.5, 0.5, 0.5, 0.5, 0.5, 0.5, 0.5, 0.5, 0.5, 0.5, 0.5, 0.5, 0.5, 0.5, 0.5, 0.5, 0.5, 0.5, 0.5, 0.5, 0.5, 0.5, 0.5, 0.5, 0.5, 0.5, 0.5, 0.5, 0.5, 0.5, 0.5, 0.5, 0.5, 0.5, 0.5, 0.5, 0.5, 0.5, 0.5, 0.5, 0.5, 0.5, 0.5, 0.5, 0.5, 0.5, 0.5, 0.5, 0.5, 0.5, 0.5, 0.5, 0.5, 0.5, 0.5, 0.5, 0.5, 0.5, 0.5, 0.5, 0.5, 0.5, 0.5, 0.5, 0.5, 0.5, 0.5, 0.5, 0.5, 0.5, 0.5, 0.5, 0.5, 0.5, 0.5, 0.5, 0.5, 0.5, 0.5, 0.5, 0.5, 0.5, 0.5, 0.5, 0.5, 0.5, 0.5, 0.5, 0.5, 0.5, 0.5, 0.5, 0.5, 0.5, 0.5, 0.5, 0.5, 0.5, 0.5, 0.5, 0.5, 0.5, 0.5, 0.5, 0.5, 0.5, 0.5, 0.5, 0.5, 0.5, 0.5, 0.5, 0.5, 0.5, 0.5, 0.5, 0.5, 0.5, 0.5, 0.5, 0.5, 0.5, 0.5, 0.5, 0.5, 0.5, 0.5, 0.5, 0.5, 0.5, 0.5, 0.5, 0.5, 0.5, 0.5, 0.5, 0.5, 0.5, 0.5, 0.5, 0.5, 0.5, 0.5, 0.5, 0.5, 0.5, 0.5, 0.5, 0.5, 0.5, 0.5, 0.5, 0.5, 0.5, 0.5, 0.5, 0.5, 0.5, 0.5, 0.5, 0.5, 0.5, 0.5, 0.5, 0.5, 0.5, 0.5, 0.5, 0.5, 0.5, 0.5, 0.5, 0.5, 0.5, 0.5, 0.5, 0.5, 0.5, 0.5, 0.5]",2
2026_11_KICE_43-45_2,['5(3)'],"1번: 적절함. 4문단은 사회적 지지 추구 행동의 중요성을 설명하고 있으며, ㄱ-1의 그래프는 사회적 지지 추구 행동이 많을수록 불안이 감소한다는 것을 보여주므로 적절한 보강이 됨. ""완벽주의적 자기 제시 성향이 높은 사람은 자신에 대한 다른 사람의 긍정적 평가를 믿지 않고 왜곡해서 받아들이는 경향이 있다. 따라서... '사회적 지지 추구 행동'을 하는 것이 도움이 된다.""

2번: 적절함. 1문단은 완벽주의적 자기 제시 성향의 정의와 사례를 다루고 있으며, ㄴ의 인터뷰는 발표 상황에서의 완벽주의적 자기 제시 성향의 구체적 사례로 적절함. ""청소년 시기에는 또래 집단에서 친구들에게 긍정적으로 비춰지고 싶은 욕구가 크기 때문에 완벽주의적 자기 제시 성향이 나타나는 경우가 많다.""

3번: 적절함. 3문단은 인지적 유연성과 정서 인식의 관계를 설명하고 있으며, ㄷ의 전문가 인터뷰는 정서 인식이 인지적 유연성의 기초가 된다는 점을 보강해줌. ""인지적 유연성을 발휘하기 위해서는 자신의 정서를 명확하게 인식할 수 있어야 한다.""

4번: 부적절함. 2문단은 회피적 행동이 불안을 가중시킨다고 설명하고 있지만, ㄱ-1의 그래프는 회피적 행동과 불안의 상관관계만 보여줄 뿐 인과관계를 입증하지는 않음. ""이러한 불안이 사회생활에서 회피적 행동으로 이어지고, 회피적 행동은 다시 불안을 가중한다.""

5번: 적절함. 5문단은 걷기가 불안 완화에 도움이 된다고 설명하고 있으며, ㄱ-2와 ㄷ은 걷기가 정서 조절에 미치는 긍정적 영향을 보여주므로 적절한 보강이 됨. ""걷기를 하면 불안한 마음에 사로잡혔던 주의를 다른 곳으로 돌릴 수 있어 불안을 완화하는 데 도움이 될 수 있다.""

최종 정답: 4번","[16, 167, 110, 230, 25, 23821, 254, 223, 168, 254, 230, 47991, 101, 13, 604, 167, 105, 116, 46695, 101, 35975, 222, 23821, 8955, 169, 248, 234, 168, 254, 223, 23821, 100, 222, 168, 100, 222, 23821, 114, 242, 166, 113, 105, 220, 169, 244, 231, 167, 237, 247, 35975, 246, 23821, 97, 239, 168, 248, 242, 168, 226, 109, 35975, 226, 23821, 226, 97, 167, 103, 227, 47991, 246, 166, 111, 254, 23821, 252, 230, 168, 250, 120, 167, 102, 108, 11, 220, 159, 226, 109, 12, 16, 35975, 246, 220, 166, 115, 116, 167, 252, 246, 169, 242, 226, 167, 232, 242, 23821, 8955, 169, 248, 234, 168, 254, 223, 23821, 100, 222, 168, 100, 222, 23821, 114, 242, 166, 113, 105, 220, 169, 244, 231, 167, 237, 247, 35975, 112, 31619, 100, 236, 35975, 226, 168, 230, 246, 167, 94, 251, 31619, 114, 230, 168, 243, 230, 35975, 112, 220, 166, 108, 238, 168, 228, 234, 47991, 250, 46695, 97, 167, 232, 242, 220, 166, 110, 225, 35975, 226, 31619, 111, 112, 168, 245, 105, 168, 96, 120, 167, 107, 222, 167, 94, 250, 23821, 254, 223, 168, 254, 230, 47991, 250, 31619, 111, 112, 166, 108, 243, 35975, 112, 31619, 238, 101, 13, 366, 168, 247, 226, 167, 110, 121, 168, 96, 120, 35975, 246, 168, 254, 223, 23821, 252, 238, 166, 116, 108, 23821, 254, 250, 168, 233, 250, 23821, 226, 109, 169, 244, 98, 35975, 112, 31619, 10253, 35975, 222, 23821, 8955, 167, 252, 234, 35975, 222, 23821, 252, 238, 168, 233, 254, 168, 245, 238, 31619, 234, 222, 47991, 250, 31619, 233, 97, 167, 98, 116, 23821, 8955, 167, 252, 234, 35975, 246, 220, 166, 116, 235, 168, 254, 243, 168, 254, 223, 220, 169, 237, 231, 166, 108, 222, 167, 98, 120, 31619, 107, 123, 168, 100, 222, 23821, 243, 232, 166, 111, 254, 23821, 247, 250, 166, 111, 94, 47991, 112, 168, 226, 250, 31619, 108, 249, 168, 243, 226, 167, 241, 97, 35975, 112, 167, 232, 242, 220, 166, 110, 121, 169, 244, 98, 35975, 112, 23821, 252, 230, 46695, 97, 13, 31619, 242, 108, 167, 251, 120, 168, 226, 250, 986, 705, 168, 8955, 169, 248, 234, 168, 254, 223, 23821, 100, 222, 168, 100, 222, 23821, 114, 242, 166, 113, 105, 220, 169, 244, 231, 167, 237, 247, 6, 35975, 226, 220, 47991, 246, 167, 232, 242, 220, 166, 110, 225, 35975, 112, 31619, 237, 226, 168, 249, 222, 35975, 112, 31619, 238, 250, 46695, 97, 526, 198, 198, 17, 167, 110, 230, 25, 23821, 254, 223, 168, 254, 230, 47991, 101, 13, 352, 167, 105, 116, 46695, 101, 35975, 222, 23821, 247, 226, 167, 110, 121, 168, 96, 120, 35975, 246, 168, 254, 223, 23821, 252, 238, 166, 116, 108, 23821, 254, 250, 168, 233, 250, 23821, 226, 109, 169, 244, 98, 35975, 246, 23821, 254, 243, 35975, 246, 168, 247, 222, 23821, 8955, 167, 94, 222, 167, 98, 120, 31619, 233, 97, 167, 96, 101, 166, 111, 254, 23821, 252, 230, 168, 250, 120, 167, 102, 108, 11, 220, 159, 226, 112, 35975, 246, 23821, 251, 116, 169, 226, 108, 167, 115, 108, 167, 232, 242, 31619, 108, 250, 169, 239, 250, 23821, 225, 223, 169, 247, 102, 168, 245, 238, 168, 226, 250, 35975, 246, 23821, 247, 226, 167, 110, 121, 168, 96, 120, 35975, 246, 168, 254, 223, 23821, 252, 238, 166, 116, 108, 23821, 254, 250, 168, 233, 250, 23821, 226, 109, 169, 244, 98, 35975, 246, 220, 166, 113, 105, 168, 110, 112, 168, 254, 223, 23821, 8955, 167, 94, 222, 167, 94, 250, 23821, 254, 223, 168, 254, 230, 47991, 101, 13, 366, 168, 110, 255, 168, 228, 234, 167, 227, 226, 23821, 233, 250, 166, 116, 108, 168, 245, 238, 167, 232, 242, 31619, 246, 238, 167, 252, 246, 23821, 100, 239, 46695, 101, 168, 245, 238, 168, 226, 250, 23821, 117, 250, 166, 113, 105, 167, 241, 97, 168, 245, 238, 166, 110, 234, 220, 166, 116, 235, 168, 254, 243, 168, 254, 223, 168, 250, 120, 167, 94, 250, 31619, 117, 226, 168, 114, 108, 168, 100, 222, 166, 111, 254, 23821, 233, 114, 35975, 222, 23821, 248, 243, 166, 113, 105, 166, 108, 222, 220, 169, 223, 105, 166, 116, 108, 31619, 243, 234, 167, 105, 116, 168, 245, 238, 23821, 247, 226, 167, 110, 121, 168, 96, 120, 35975, 246, 168, 254, 223, 23821, 252, 238, 166, 116, 108, 23821, 254, 250, 168, 233, 250, 23821, 226, 109, 169, 244, 98, 35975, 112, 31619, 224, 246, 169, 225, 222, 167, 224, 246, 167, 232, 242, 220, 166, 110, 121, 168, 248, 108, 166, 108, 222, 31619, 100, 236, 46695, 97, 526, 198, 198, 18, 167, 110, 230, 25, 23821, 254, 223, 168, 254, 230, 47991, 101, 13, 513, 167, 105, 116, 46695, 101, 35975, 222, 23821, 251, 116, 168, 100, 222, 168, 254, 223, 23821, 250, 254, 168, 245, 108, 168, 226, 109, 166, 111, 120, 23821, 254, 243, 168, 226, 250, 23821, 251, 116, 168, 233, 251, 35975, 246, 220, 166, 112, 222, 166, 111, 226, 167, 98, 120, 23821, 226, 97, 167, 103, 227, 47991, 246, 166, 111, 254, 23821, 252, 230, 168, 250, 120, 167, 102, 108, 11, 220, 159, 226, 115, 35975, 246, 23821, 254, 226, 167, 105, 116, 166, 108, 222, 23821, 251, 116, 169, 226, 108, 167, 115, 108, 167, 232, 242, 23821, 254, 243, 168, 226, 250, 23821, 251, 116, 168, 233, 251, 35975, 112, 23821, 251, 116, 168, 100, 222, 168, 254, 223, 23821, 250, 254, 168, 245, 108, 168, 226, 109, 35975, 246, 220, 166, 116, 108, 168, 112, 230, 166, 108, 222, 31619, 238, 250, 46695, 97, 167, 232, 242, 23821, 254, 238, 35975, 226, 31619, 111, 112, 166, 108, 243, 47991, 112, 168, 97, 234, 13, 366, 35975, 116, 168, 100, 222, 168, 254, 223, 23821, 250, 254, 168, 245, 108, 168, 226, 109, 35975, 226, 31619, 108, 250, 169, 250, 246, 47991, 246, 166, 116, 108, 23821, 250, 226, 47991, 112, 168, 226, 250, 167, 232, 242, 23821, 252, 238, 168, 233, 254, 35975, 246, 23821, 254, 243, 168, 226, 250, 167, 98, 120, 31619, 103, 227, 169, 247, 243, 47991, 246, 166, 110, 234, 23821, 251, 116, 168, 233, 251, 47991, 254, 23821, 230, 246, 23821, 252, 230, 168, 244, 112, 168, 243, 120, 220, 47991, 250, 46695, 97, 526, 198, 198, 19, 167, 110, 230, 25, 31619, 114, 222, 168, 254, 223, 168, 254, 230, 47991, 101, 13, 362, 167, 105, 116, 46695, 101, 35975, 222, 220, 169, 248, 234, 169, 242, 120, 168, 254, 223, 220, 169, 244, 231, 167, 237, 247, 35975, 112, 31619, 114, 230, 168, 243, 230, 35975, 226, 220, 166, 108, 222, 168, 97, 239, 168, 233, 250, 169, 224, 101, 46695, 97, 166, 111, 254, 23821, 226, 97, 167, 103, 227, 47991, 246, 166, 111, 254, 23821, 252, 230, 168, 100, 222, 167, 100, 234, 11, 220, 159, 226, 109, 12, 16, 35975, 246, 220, 166, 115, 116, 167, 252, 246, 169, 242, 226, 167, 232, 242, 220, 169, 248, 234, 169, 242, 120, 168, 254, 223, 220, 169, 244, 231, 167, 237, 247, 166, 111, 120, 31619, 114, 230, 168, 243, 230, 35975, 246, 23821, 225, 223, 166, 112, 222, 166, 112, 222, 166, 111, 226, 167, 100, 234, 31619, 111, 112, 168, 245, 105, 168, 97, 226, 31619, 123, 238, 23821, 251, 116, 166, 111, 120, 166, 112, 222, 166, 111, 226, 167, 98, 120, 23821, 252, 227, 168, 99, 251, 47991, 246, 168, 100, 222, 167, 232, 242, 23821, 243, 232, 35975, 234, 13, 366, 35975, 112, 167, 253, 105, 47991, 250, 31619, 114, 230, 168, 243, 230, 35975, 112, 23821, 8955, 169, 248, 234, 168, 225, 251, 169, 247, 250, 168, 245, 238, 168, 226, 250, 220, 169, 248, 234, 169, 242, 120, 168, 254, 223, 220, 169, 244, 231, 167, 237, 247, 168, 250, 120, 167, 94, 250, 23821, 251, 112, 168, 244, 112, 168, 100, 222, 166, 111, 254, 11, 220, 169, 248, 234, 169, 242, 120, 168, 254, 223, 220, 169, 244, 231, 167, 237, 247, 35975, 222, 31619, 233, 97, 168, 233, 250, 31619, 114, 230, 168, 243, 230, 35975, 226, 220, 166, 108, 222, 168, 97, 239, 47991, 250, 46695, 97, 526, 198, 198, 20, 167, 110, 230, 25, 23821, 254, 223, 168, 254, 230, 47991, 101, 13, 642, 167, 105, 116, 46695, 101, 35975, 222, 220, 166, 109, 115, 166, 116, 108, 166, 108, 222, 31619, 114, 230, 168, 243, 230, 23821, 247, 226, 169, 247, 242, 168, 245, 238, 31619, 237, 226, 168, 249, 222, 35975, 112, 31619, 238, 250, 46695, 97, 166, 111, 254, 23821, 226, 97, 167, 103, 227, 47991, 246, 166, 111, 254, 23821, 252, 230, 168, 250, 120, 167, 102, 108, 11, 220, 159, 226, 109, 12, 17, 168, 247, 222, 220, 159, 226, 115, 35975, 222, 220, 166, 109, 115, 166, 116, 108, 166, 108, 222, 23821, 254, 243, 168, 226, 250, 23821, 94, 108, 168, 254, 230, 168, 245, 238, 31619, 107, 116, 168, 117, 246, 167, 232, 242, 220, 166, 116, 235, 168, 254, 243, 168, 254, 223, 23821, 246, 223, 169, 244, 98, 35975, 226, 31619, 111, 112, 168, 245, 105, 168, 96, 120, 167, 107, 222, 167, 94, 250, 23821, 254, 223, 168, 254, 230, 47991, 250, 31619, 111, 112, 166, 108, 243, 35975, 112, 31619, 238, 101, 13, 366, 166, 109, 115, 166, 116, 108, 167, 98, 120, 220, 47991, 246, 167, 102, 112, 31619, 114, 230, 168, 243, 230, 47991, 250, 31619, 100, 230, 35975, 234, 168, 245, 238, 23821, 8955, 167, 94, 250, 168, 252, 94, 169, 246, 242, 167, 235, 246, 23821, 96, 120, 35975, 246, 167, 98, 120, 31619, 233, 97, 167, 98, 116, 220, 166, 111, 111, 168, 250, 120, 167, 94, 250, 31619, 237, 234, 167, 99, 112, 23821, 230, 246, 23821, 252, 230, 168, 244, 112, 31619, 114, 230, 168, 243, 230, 35975, 226, 23821, 247, 226, 169, 247, 242, 47991, 246, 167, 232, 242, 31619, 235, 108, 31619, 237, 226, 168, 249, 222, 35975, 112, 31619, 238, 254, 23821, 230, 246, 23821, 252, 230, 46695, 97, 526, 198, 198, 168, 113, 250, 168, 95, 227, 23821, 254, 243, 46695, 113, 25, 604, 167, 110, 230]","[0.5, 0.5, 0.5, 0.5, 0.5, 0.5, 0.5, 0.5, 0.5, 0.5, 0.5, 0.5, 0.5, 0.5, 0.5, 0.5, 0.5, 0.5, 0.5, 0.5, 0.5, 0.5, 0.5, 0.5, 0.5, 0.5, 0.5, 0.5, 0.5, 0.5, 0.5, 0.5, 0.5, 0.5, 0.5, 0.5, 0.5, 0.5, 0.5, 0.5, 0.5, 0.5, 0.5, 0.5, 0.5, 0.5, 0.5, 0.5, 0.5, 0.5, 0.5, 0.5, 0.5, 0.5, 0.5, 0.5, 0.5, 0.5, 0.5, 0.5, 0.5, 0.5, 0.5, 0.5, 0.5, 0.5, 0.5, 0.5, 0.5, 0.5, 0.5, 0.5, 0.5, 0.5, 0.5, 0.5, 0.5, 0.5, 0.5, 0.5, 0.5, 0.5, 0.5, 0.5, 0.5, 0.5, 0.5, 0.5, 0.5, 0.5, 0.5, 0.5, 0.5, 0.5, 0.5, 0.5, 0.5, 0.5, 0.5, 0.5, 0.5, 0.5, 0.5, 0.5, 0.5, 0.5, 0.5, 0.5, 0.5, 0.5, 0.5, 0.5, 0.5, 0.5, 0.5, 0.5, 0.5, 0.5, 0.5, 0.5, 0.5, 0.5, 0.5, 0.5, 0.5, 0.5, 0.5, 0.5, 0.5, 0.5, 0.5, 0.5, 0.5, 0.5, 0.5, 0.5, 0.5, 0.5, 0.5, 0.5, 0.5, 0.5, 0.5, 0.5, 0.5, 0.5, 0.5, 0.5, 0.5, 0.5, 0.5, 0.5, 0.5, 0.5, 0.5, 0.5, 0.5, 0.5, 0.5, 0.5, 0.5, 0.5, 0.5, 0.5, 0.5, 0.5, 0.5, 0.5, 0.5, 0.5, 0.5, 0.5, 0.5, 0.5, 0.5, 0.5, 0.5, 0.5, 0.5, 0.5, 0.5, 0.5, 0.5, 0.5, 0.5, 0.5, 0.5, 0.5, 0.5, 0.5, 0.5, 0.5, 0.5, 0.5, 0.5, 0.5, 0.5, 0.5, 0.5, 0.5, 0.5, 0.5, 0.5, 0.5, 0.5, 0.5, 0.5, 0.5, 0.5, 0.5, 0.5, 0.5, 0.5, 0.5, 0.5, 0.5, 0.5, 0.5, 0.5, 0.5, 0.5, 0.5, 0.5, 0.5, 0.5, 0.5, 0.5, 0.5, 0.5, 0.5, 0.5, 0.5, 0.5, 0.5, 0.5, 0.5, 0.5, 0.5, 0.5, 0.5, 0.5, 0.5, 0.5, 0.5, 0.5, 0.5, 0.5, 0.5, 0.5, 0.5, 0.5, 0.5, 0.5, 0.5, 0.5, 0.5, 0.5, 0.5, 0.5, 0.5, 0.5, 0.5, 0.5, 0.5, 0.5, 0.5, 0.5, 0.5, 0.5, 0.5, 0.5, 0.5, 0.5, 0.5, 0.5, 0.5, 0.5, 0.5, 0.5, 0.5, 0.5, 0.5, 0.5, 0.5, 0.5, 0.5, 0.5, 0.5, 0.5, 0.5, 0.5, 0.5, 0.5, 0.5, 0.5, 0.5, 0.5, 0.5, 0.5, 0.5, 0.5, 0.5, 0.5, 0.5, 0.5, 0.5, 0.5, 0.5, 0.5, 0.5, 0.5, 0.5, 0.5, 0.5, 0.5, 0.5, 0.5, 0.5, 0.5, 0.5, 0.5, 0.5, 0.5, 0.5, 0.5, 0.5, 0.5, 0.5, 0.5, 0.5, 0.5, 0.5, 0.5, 0.5, 0.5, 0.5, 0.5, 0.5, 0.5, 0.5, 0.5, 0.5, 0.5, 0.5, 0.5, 0.5, 0.5, 0.5, 0.5, 0.5, 0.5, 0.5, 0.5, 0.5, 0.5, 0.5, 0.5, 0.5, 0.5, 0.5, 0.5, 0.5, 0.5, 0.5, 0.5, 0.5, 0.5, 0.5, 0.5, 0.5, 0.5, 0.5, 0.5, 0.5, 0.5, 0.5, 0.5, 0.5, 0.5, 0.5, 0.5, 0.5, 0.5, 0.5, 0.5, 0.5, 0.5, 0.5, 0.5, 0.5, 0.5, 0.5, 0.5, 0.5, 0.5, 0.5, 0.5, 0.5, 0.5, 0.5, 0.5, 0.5, 0.5, 0.5, 0.5, 0.5, 0.5, 0.5, 0.5, 0.5, 0.5, 0.5, 0.5, 0.5, 0.5, 0.5, 0.5, 0.5, 0.5, 0.5, 0.5, 0.5, 0.5, 0.5, 0.5, 0.5, 0.5, 0.5, 0.5, 0.5, 0.5, 0.5, 0.5, 0.5, 0.5, 0.5, 0.5, 0.5, 0.5, 0.5, 0.5, 0.5, 0.5, 0.5, 0.5, 0.5, 0.5, 0.5, 0.5, 0.5, 0.5, 0.5, 0.5, 0.5, 0.5, 0.5, 0.5, 0.5, 0.5, 0.5, 0.5, 0.5, 0.5, 0.5, 0.5, 0.5, 0.5, 0.5, 0.5, 0.5, 0.5, 0.5, 0.5, 0.5, 0.5, 0.5, 0.5, 0.5, 0.5, 0.5, 0.5, 0.5, 0.5, 0.5, 0.5, 0.5, 0.5, 0.5, 0.5, 0.5, 0.5, 0.5, 0.5, 0.5, 0.5, 0.5, 0.5, 0.5, 0.5, 0.5, 0.5, 0.5, 0.5, 0.5, 0.5, 0.5, 0.5, 0.5, 0.5, 0.5, 0.5, 0.5, 0.5, 0.5, 0.5, 0.5, 0.5, 0.5, 0.5, 0.5, 0.5, 0.5, 0.5, 0.5, 0.5, 0.5, 0.5, 0.5, 0.5, 0.5, 0.5, 0.5, 0.5, 0.5, 0.5, 0.5, 0.5, 0.5, 0.5, 0.5, 0.5, 0.5, 0.5, 0.5, 0.5, 0.5, 0.5, 0.5, 0.5, 0.5, 0.5, 0.5, 0.5, 0.5, 0.5, 0.5, 0.5, 0.5, 0.5, 0.5, 0.5, 0.5, 0.5, 0.5, 0.5, 0.5, 0.5, 0.5, 0.5, 0.5, 0.5, 0.5, 0.5, 0.5, 0.5, 0.5, 0.5, 0.5, 0.5, 0.5, 0.5, 0.5, 0.5, 0.5, 0.5, 0.5, 0.5, 0.5, 0.5, 0.5, 0.5, 0.5, 0.5, 0.5, 0.5, 0.5, 0.5, 0.5, 0.5, 0.5, 0.5, 0.5, 0.5, 0.5, 0.5, 0.5, 0.5, 0.5, 0.5, 0.5, 0.5, 0.5, 0.5, 0.5, 0.5, 0.5, 0.5, 0.5, 0.5, 0.5, 0.5, 0.5, 0.5, 0.5, 0.5, 0.5, 0.5, 0.5, 0.5, 0.5, 0.5, 0.5, 0.5, 0.5, 0.5, 0.5, 0.5, 0.5, 0.5, 0.5, 0.5, 0.5, 0.5, 0.5, 0.5, 0.5, 0.5, 0.5, 0.5, 0.5, 0.5, 0.5, 0.5, 0.5, 0.5, 0.5, 0.5, 0.5, 0.5, 0.5, 0.5, 0.5, 0.5, 0.5, 0.5, 0.5, 0.5, 0.5, 0.5, 0.5, 0.5, 0.5, 0.5, 0.5, 0.5, 0.5, 0.5, 0.5, 0.5, 0.5, 0.5, 0.5, 0.5, 0.5, 0.5, 0.5, 0.5, 0.5, 0.5, 0.5, 0.5, 0.5, 0.5, 0.5, 0.5, 0.5, 0.5, 0.5, 0.5, 0.5, 0.5, 0.5, 0.5, 0.5, 0.5, 0.5, 0.5, 0.5, 0.5, 0.5, 0.5, 0.5, 0.5, 0.5, 0.5, 0.5, 0.5, 0.5, 0.5, 0.5, 0.5, 0.5, 0.5, 0.5, 0.5, 0.5, 0.5, 0.5, 0.5, 0.5, 0.5, 0.5, 0.5, 0.5, 0.5, 0.5, 0.5, 0.5, 0.5, 0.5, 0.5, 0.5, 0.5, 0.5, 0.5, 0.5, 0.5, 0.5, 0.5, 0.5, 0.5, 0.5, 0.5, 0.5, 0.5, 0.5, 0.5, 0.5, 0.5, 0.5, 0.5, 0.5, 0.5, 0.5, 0.5, 0.5, 0.5, 0.5, 0.5, 0.5, 0.5, 0.5, 0.5, 0.5, 0.5, 0.5, 0.5, 0.5, 0.5, 0.5, 0.5, 0.5, 0.5, 0.5, 0.5, 0.5, 0.5, 0.5, 0.5, 0.5, 0.5, 0.5, 0.5, 0.5, 0.5, 0.5, 0.5, 0.5, 0.5, 0.5, 0.5, 0.5, 0.5, 0.5, 0.5, 0.5, 0.5, 0.5, 0.5, 0.5, 0.5, 0.5, 0.5, 0.5, 0.5, 0.5, 0.5, 0.5, 0.5, 0.5, 0.5, 0.5, 0.5, 0.5, 0.5, 0.5, 0.5, 0.5, 0.5, 0.5, 0.5, 0.5, 0.5, 0.5, 0.5, 0.5, 0.5, 0.5, 0.5, 0.5, 0.5, 0.5, 0.5, 0.5, 0.5, 0.5, 0.5, 0.5, 0.5, 0.5, 0.5, 0.5, 0.5, 0.5, 0.5, 0.5, 0.5, 0.5, 0.5, 0.5, 0.5, 0.5, 0.5, 0.5, 0.5, 0.5, 0.5, 0.5, 0.5, 0.5, 0.5, 0.5, 0.5, 0.5, 0.5, 0.5, 0.5, 0.5, 0.5, 0.5, 0.5, 0.5, 0.5, 0.5, 0.5, 0.5, 0.5, 0.5, 0.5, 0.5, 0.5, 0.5, 0.5, 0.5, 0.5, 0.5, 0.5, 0.5, 0.5, 0.5, 0.5, 0.5, 0.5, 0.5, 0.5, 0.5, 0.5, 0.5, 0.5, 0.5, 0.5, 0.5, 0.5, 0.5, 0.5, 0.5, 0.5, 0.5, 0.5, 0.5, 0.5, 0.5, 0.5, 0.5, 0.5, 0.5, 0.5, 0.5, 0.5, 0.5, 0.5, 0.5, 0.5, 0.5, 0.5, 0.5, 0.5, 0.5, 0.5, 0.5, 0.5, 0.5, 0.5, 0.5, 0.5, 0.5, 0.5, 0.5, 0.5, 0.5, 0.5, 0.5, 0.5, 0.5, 0.5, 0.5, 0.5, 0.5, 0.5, 0.5, 0.5, 0.5, 0.5, 0.5, 0.5, 0.5, 0.5, 0.5, 0.5, 0.5, 0.5, 0.5, 0.5, 0.5, 0.5, 0.5, 0.5, 0.5, 0.5, 0.5, 0.5, 0.5, 0.5, 0.5, 0.5, 0.5, 0.5, 0.5, 0.5, 0.5, 0.5, 0.5, 0.5, 0.5, 0.5, 0.5, 0.5, 0.5, 0.5, 0.5, 0.5, 0.5, 0.5, 0.5, 0.5, 0.5, 0.5, 0.5, 0.5, 0.5, 0.5, 0.5, 0.5, 0.5, 0.5, 0.5, 0.5, 0.5, 0.5, 0.5, 0.5, 0.5, 0.5, 0.5, 0.5, 0.5, 0.5, 0.5, 0.5, 0.5, 0.5, 0.5, 0.5, 0.5, 0.5, 0.5, 0.5, 0.5, 0.5, 0.5, 0.5, 0.5, 0.5, 0.5, 0.5, 0.5, 0.5, 0.5, 0.5, 0.5, 0.5, 0.5, 0.5, 0.5, 0.5, 0.5, 0.5, 0.5, 0.5, 0.5, 0.5, 0.5, 0.5, 0.5, 0.5, 0.5, 0.5, 0.5, 0.5, 0.5, 0.5, 0.5, 0.5, 0.5, 0.5, 0.5, 0.5, 0.5, 0.5, 0.5, 0.5, 0.5, 0.5, 0.5, 0.5, 0.5, 0.5, 0.5, 0.5, 0.5, 0.5, 0.5, 0.5, 0.5, 0.5, 0.5, 0.5, 0.5, 0.5, 0.5, 0.5, 0.5, 0.5, 0.5, 0.5, 0.5, 0.5, 0.5, 0.5, 0.5, 0.5, 0.5, 0.5, 0.5, 0.5, 0.5, 0.5, 0.5, 0.5, 0.5, 0.5, 0.5, 0.5, 0.5, 0.5, 0.5, 0.5, 0.5, 0.5, 0.5, 0.5, 0.5, 0.5, 0.5, 0.5, 0.5, 0.5, 0.5, 0.5, 0.5, 0.5, 0.5, 0.5, 0.5, 0.5, 0.5, 0.5, 0.5, 0.5, 0.5, 0.5, 0.5, 0.5, 0.5, 0.5, 0.5, 0.5, 0.5, 0.5, 0.5, 0.5, 0.5, 0.5, 0.5, 0.5, 0.5, 0.5, 0.5, 0.5, 0.5, 0.5, 0.5, 0.5, 0.5, 0.5, 0.5, 0.5, 0.5, 0.5, 0.5, 0.5, 0.5, 0.5, 0.5, 0.5, 0.5, 0.5, 0.5, 0.5, 0.5, 0.5, 0.5, 0.5, 0.5, 0.5, 0.5, 0.5, 0.5, 0.5, 0.5, 0.5, 0.5, 0.5, 0.5, 0.5, 0.5, 0.5, 0.5, 0.5, 0.5, 0.5, 0.5, 0.5, 0.5, 0.5, 0.5, 0.5, 0.5, 0.5, 0.5, 0.5, 0.5, 0.5, 0.5, 0.5, 0.5, 0.5, 0.5, 0.5, 0.5, 0.5, 0.5, 0.5, 0.5, 0.5, 0.5, 0.5, 0.5, 0.5, 0.5, 0.5, 0.5, 0.5, 0.5, 0.5, 0.5, 0.5, 0.5, 0.5, 0.5, 0.5, 0.5, 0.5, 0.5, 0.5, 0.5, 0.5, 0.5, 0.5, 0.5, 0.5, 0.5, 0.5, 0.5, 0.5, 0.5, 0.5, 0.5, 0.5, 0.5, 0.5, 0.5, 0.5, 0.5, 0.5, 0.5, 0.5, 0.5, 0.5, 0.5, 0.5, 0.5, 0.5, 0.5, 0.5, 0.5, 0.5, 0.5, 0.5, 0.5, 0.5, 0.5, 0.5, 0.5, 0.5, 0.5, 0.5, 0.5, 0.5, 0.5, 0.5, 0.5, 0.5, 0.5, 0.5, 0.5, 0.5, 0.5, 0.5, 0.5, 0.5, 0.5, 0.5, 0.5, 0.5, 0.5, 0.5, 0.5, 0.5, 0.5, 0.5, 0.5, 0.5, 0.5, 0.5, 0.5, 0.5, 0.5, 0.5, 0.5, 0.5, 0.5, 0.5, 0.5, 0.5, 0.5, 0.5, 0.5, 0.5, 0.5, 0.5, 0.5, 0.5, 0.5, 0.5, 0.5, 0.5, 0.5, 0.5, 0.5, 0.5, 0.5, 0.5, 0.5, 0.5, 0.5, 0.5, 0.5, 0.5, 0.5, 0.5, 0.5, 0.5, 0.5, 0.5, 0.5, 0.5, 0.5, 0.5, 0.5, 0.5, 0.5, 0.5, 0.5, 0.5, 0.5, 0.5, 0.5, 0.5, 0.5, 0.5, 0.5, 0.5, 0.5, 0.5, 0.5, 0.5, 0.5, 0.5, 0.5, 0.5, 0.5, 0.5, 0.5, 0.5, 0.5, 0.5, 0.5, 0.5, 0.5, 0.5, 0.5, 0.5, 0.5, 0.5, 0.5, 0.5, 0.5, 0.5, 0.5, 0.5, 0.5, 0.5, 0.5, 0.5, 0.5, 0.5, 0.5, 0.5, 0.5, 0.5, 0.5, 0.5, 0.5, 0.5, 0.5, 0.5, 0.5, 0.5, 0.5, 0.5, 0.5, 0.5, 0.5, 0.5, 0.5, 0.5, 0.5, 0.5, 0.5, 0.5, 0.5, 0.5, 0.5, 0.5, 0.5, 0.5, 0.5, 0.5, 0.5, 0.5, 0.5, 0.5, 0.5, 0.5, 0.5, 0.5, 0.5, 0.5, 0.5, 0.5, 0.5, 0.5, 0.5, 0.5, 0.5, 0.5, 0.5, 0.5, 0.5, 0.5, 0.5, 0.5, 0.5, 0.5, 0.5, 0.5, 0.5, 0.5, 0.5, 0.5, 0.5, 0.5, 0.5, 0.5, 0.5, 0.5, 0.5, 0.5, 0.5, 0.5, 0.5, 0.5, 0.5, 0.5, 0.5, 0.5, 0.5, 0.5, 0.5, 0.5, 0.5, 0.5, 0.5, 0.5, 0.5, 0.5, 0.5, 0.5, 0.5, 0.5, 0.5, 0.5, 0.5, 0.5, 0.5, 0.5, 0.5, 0.5, 0.5, 0.5, 0.5, 0.5, 0.5, 0.5, 0.5, 0.5, 0.5, 0.5, 0.5, 0.5, 0.5, 0.5, 0.5, 0.5, 0.5, 0.5, 0.5, 0.5, 0.5, 0.5, 0.5, 0.5, 0.5, 0.5, 0.5, 0.5, 0.5, 0.5, 0.5, 0.5, 0.5, 0.5, 0.5, 0.5, 0.5, 0.5, 0.5, 0.5, 0.5, 0.5, 0.5, 0.5, 0.5, 0.5, 0.5, 0.5, 0.5, 0.5, 0.5, 0.5, 0.5, 0.5, 0.5, 0.5, 0.5, 0.5, 0.5, 0.5, 0.5, 0.5, 0.5, 0.5, 0.5, 0.5, 0.5, 0.5, 0.5, 0.5, 0.5, 0.5, 0.5, 0.5, 0.5, 0.5, 0.5, 0.5, 0.5, 0.5, 0.5, 0.5, 0.5, 0.5, 0.5, 0.5, 0.5, 0.5, 0.5, 0.5, 0.5, 0.5, 0.5, 0.5, 0.5, 0.5, 0.5, 0.5, 0.5, 0.5, 0.5, 0.5, 0.5, 0.5, 0.5, 0.5, 0.5, 0.5, 0.5, 0.5, 0.5, 0.5, 0.5, 0.5, 0.5, 0.5, 0.5, 0.5, 0.5, 0.5, 0.5, 0.5, 0.5, 0.5, 0.5, 0.5, 0.5, 0.5, 0.5, 0.5, 0.5, 0.5, 0.5, 0.5, 0.5, 0.5, 0.5, 0.5, 0.5, 0.5, 0.5, 0.5, 0.5, 0.5, 0.5, 0.5, 0.5, 0.5, 0.5, 0.5, 0.5, 0.5, 0.5, 0.5, 0.5, 0.5, 0.5, 0.5, 0.5, 0.5, 0.5, 0.5, 0.5, 0.5, 0.5, 0.5, 0.5, 0.5, 0.5, 0.5, 0.5, 0.5, 0.5, 0.5, 0.5, 0.5, 0.5, 0.5, 0.5, 0.5, 0.5, 0.5, 0.5, 0.5, 0.5, 0.5, 0.5, 0.5, 0.5, 0.5, 0.5, 0.5, 0.5, 0.5, 0.5, 0.5, 0.5, 0.5, 0.5]",0
