qid,generation_gt,generated_texts,generated_tokens,generated_log_probs,kice_metric
2025_11_KICE_1-3_0,['3(2)'],"1번: 밑줄 긋기는 일반적인 독서 상황에서 도움이 된다.  
   ""밑줄 긋기는 일반적인 독서 상황뿐 아니라 학습 상황에서도 유용하다.""

2번: 밑줄 이외의 다른 기호를 밑줄 긋기에 사용하는 것이 가능하다.  
   ""또한 자신만의 밑줄 긋기 표시 체계를 세워 밑줄 이외에 다른 기호도 사용할 수 있다.""

3번: 밑줄 긋기는 누구나 연습 없이도 능숙하게 사용할 수 있는 전략이다.  
   ""밑줄 긋기는 어떠한 수준의 독자라도 쉽게 사용할 수 있다는 점 때문에 연습 없이 능숙하게 사용할 수 있다고 오해되어 온 경향이 있다. 그러나 본질적으로 밑줄 긋기는 주요한 정보가 무엇인지에 대한 판단이 선행되어야 한다는 점에서 단순하지 않다.""

4번: 밑줄 긋기로 표시한 부분은 독자가 내용을 다시 찾아보는 데 유용하다.  
   ""표시한 부분이 일종의 색인과 같은 역할을 하여 독자가 내용을 다시 찾아보는 데에도 용이하다.""

5번: 밑줄 긋기로 표시한 부분이 독자에게 시각적인 자극을 주어 기억한 내용을 떠올리는 데 도움이 된다.  
   ""표시한 부분이 독자에게 시각적 자극을 주어 기억한 내용을 떠올리는 데 단서가 되기 때문이다.""

최종 정답: 3번","[16, 19613, 25, 5807, 239, 78167, 8918, 233, 92079, 100492, 31763, 78986, 4865, 85368, 11440, 159807, 92986, 13, 4066, 256, 392, 4731, 239, 78167, 8918, 233, 92079, 100492, 31763, 78986, 4865, 85368, 158172, 77380, 44981, 8662, 85368, 138030, 22748, 8423, 67329, 6635, 17, 19613, 25, 5807, 239, 78167, 6548, 33382, 3408, 51484, 11061, 16684, 4831, 5807, 239, 78167, 8918, 233, 76378, 176781, 46947, 42371, 67329, 13, 4066, 256, 392, 49875, 3748, 62159, 10452, 3408, 5807, 239, 78167, 8918, 233, 4283, 144773, 55005, 173370, 28126, 33771, 5807, 239, 78167, 6548, 33382, 3107, 51484, 11061, 16684, 5827, 143242, 8963, 20597, 6635, 18, 19613, 25, 5807, 239, 78167, 8918, 233, 92079, 155209, 7663, 24038, 8662, 111626, 5827, 143356, 84256, 32179, 143242, 8963, 21023, 144326, 24088, 13, 4066, 256, 392, 4731, 239, 78167, 8918, 233, 92079, 51190, 254, 3748, 135975, 3408, 78986, 5947, 135591, 150316, 143242, 8963, 120608, 54788, 62937, 24038, 8662, 111626, 143356, 84256, 32179, 143242, 8963, 137515, 20859, 5650, 68657, 54709, 17357, 39752, 2186, 20597, 13, 111502, 51822, 30570, 34555, 5807, 239, 78167, 8918, 233, 92079, 124704, 3748, 43543, 4081, 103740, 146164, 3107, 33398, 183581, 2186, 24001, 15719, 68657, 15494, 46609, 2770, 54788, 11440, 38340, 49785, 44531, 20359, 2276, 6635, 19, 19613, 25, 5807, 239, 78167, 8918, 233, 152240, 144773, 3748, 90419, 4740, 78986, 65987, 184103, 70682, 103089, 8122, 2770, 40237, 22748, 8423, 67329, 13, 4066, 256, 392, 22700, 5637, 3748, 90419, 2186, 18129, 28755, 3408, 128116, 5544, 8562, 52847, 140300, 3281, 12202, 11423, 78986, 65987, 184103, 70682, 103089, 8122, 2770, 40237, 73273, 82342, 2186, 67329, 6635, 20, 19613, 25, 5807, 239, 78167, 8918, 233, 152240, 144773, 3748, 90419, 2186, 78986, 5947, 34950, 12468, 22566, 31763, 15508, 68639, 3281, 16130, 5959, 163448, 3748, 184103, 119692, 52484, 61752, 40237, 159807, 92986, 13, 4066, 256, 392, 22700, 5637, 3748, 90419, 2186, 78986, 5947, 34950, 12468, 22566, 9871, 15508, 68639, 3281, 16130, 5959, 163448, 3748, 184103, 119692, 52484, 61752, 40237, 38340, 4865, 4081, 28647, 4283, 170465, 6635, 29538, 28755, 14296, 56208, 25, 220, 18, 19613]","[0.5, 0.5, 0.5, 0.5, 0.5, 0.5, 0.5, 0.5, 0.5, 0.5, 0.5, 0.5, 0.5, 0.5, 0.5, 0.5, 0.5, 0.5, 0.5, 0.5, 0.5, 0.5, 0.5, 0.5, 0.5, 0.5, 0.5, 0.5, 0.5, 0.5, 0.5, 0.5, 0.5, 0.5, 0.5, 0.5, 0.5, 0.5, 0.5, 0.5, 0.5, 0.5, 0.5, 0.5, 0.5, 0.5, 0.5, 0.5, 0.5, 0.5, 0.5, 0.5, 0.5, 0.5, 0.5, 0.5, 0.5, 0.5, 0.5, 0.5, 0.5, 0.5, 0.5, 0.5, 0.5, 0.5, 0.5, 0.5, 0.5, 0.5, 0.5, 0.5, 0.5, 0.5, 0.5, 0.5, 0.5, 0.5, 0.5, 0.5, 0.5, 0.5, 0.5, 0.5, 0.5, 0.5, 0.5, 0.5, 0.5, 0.5, 0.5, 0.5, 0.5, 0.5, 0.5, 0.5, 0.5, 0.5, 0.5, 0.5, 0.5, 0.5, 0.5, 0.5, 0.5, 0.5, 0.5, 0.5, 0.5, 0.5, 0.5, 0.5, 0.5, 0.5, 0.5, 0.5, 0.5, 0.5, 0.5, 0.5, 0.5, 0.5, 0.5, 0.5, 0.5, 0.5, 0.5, 0.5, 0.5, 0.5, 0.5, 0.5, 0.5, 0.5, 0.5, 0.5, 0.5, 0.5, 0.5, 0.5, 0.5, 0.5, 0.5, 0.5, 0.5, 0.5, 0.5, 0.5, 0.5, 0.5, 0.5, 0.5, 0.5, 0.5, 0.5, 0.5, 0.5, 0.5, 0.5, 0.5, 0.5, 0.5, 0.5, 0.5, 0.5, 0.5, 0.5, 0.5, 0.5, 0.5, 0.5, 0.5, 0.5, 0.5, 0.5, 0.5, 0.5, 0.5, 0.5, 0.5, 0.5, 0.5, 0.5, 0.5, 0.5, 0.5, 0.5, 0.5, 0.5, 0.5, 0.5, 0.5, 0.5, 0.5, 0.5, 0.5, 0.5, 0.5, 0.5, 0.5, 0.5, 0.5, 0.5, 0.5, 0.5, 0.5, 0.5, 0.5, 0.5, 0.5, 0.5, 0.5, 0.5, 0.5, 0.5, 0.5, 0.5, 0.5, 0.5, 0.5, 0.5, 0.5, 0.5, 0.5, 0.5, 0.5, 0.5, 0.5, 0.5, 0.5, 0.5, 0.5, 0.5, 0.5, 0.5, 0.5, 0.5, 0.5, 0.5, 0.5, 0.5, 0.5, 0.5, 0.5, 0.5, 0.5, 0.5, 0.5, 0.5, 0.5, 0.5, 0.5, 0.5, 0.5, 0.5, 0.5, 0.5, 0.5, 0.5, 0.5, 0.5, 0.5, 0.5, 0.5, 0.5, 0.5, 0.5, 0.5, 0.5, 0.5, 0.5, 0.5, 0.5, 0.5, 0.5, 0.5, 0.5, 0.5, 0.5, 0.5, 0.5, 0.5, 0.5, 0.5, 0.5, 0.5, 0.5, 0.5, 0.5, 0.5, 0.5, 0.5, 0.5, 0.5, 0.5, 0.5, 0.5, 0.5, 0.5, 0.5, 0.5, 0.5, 0.5, 0.5, 0.5, 0.5, 0.5, 0.5, 0.5, 0.5, 0.5, 0.5, 0.5, 0.5, 0.5, 0.5, 0.5, 0.5, 0.5, 0.5, 0.5, 0.5, 0.5, 0.5, 0.5, 0.5, 0.5, 0.5, 0.5, 0.5]",2
2025_11_KICE_1-3_1,['4(2)'],"1번 - 글을 다시 읽을 때를 대비해서 되도록 많은 부분에 밑줄 긋기를 하며 읽는다.  
""(통상적으로 독자는 글을 읽는 중에 바로바로 밑줄 긋기를 한다. 그러다 보면 밑줄이 많아지고 복잡해져 밑줄 긋기의 효과가 줄어든다.)""

2번 - 글 전체에 주의를 기울일 수 있도록 글을 읽고 있을 때에는 밑줄 긋기를 하지 않는다.  
""(방해받게 되므로 효과적으로 밑줄 긋기를 하는 것이 중요하다.)""

3번 - 정보의 중요도를 판정하기 어려우면 우선 밑줄 긋기를 한 후 잘못 그은 밑줄을 삭제한다.  
""(밑줄 긋기를 신중하게 하지 않으면 잘못 표시한 밑줄을 삭제하기 위해 되돌아가느라 독서의 흐름이 방해받게 되므로...)""

4번 - 주요한 정보를 추릴 수 있도록 자신이 만든 밑줄 긋기 표시 체계에 따라 밑줄 긋기를 한다.  
""(자신만의 밑줄 긋기 표시 체계를 세워 밑줄 이외에 다른 기호도 사용할 수 있다.)""

5번 - 글에 반복되는 어휘나 의미가 비슷한 문장이 나올 때마다 바로바로 밑줄 긋기를 하며 글을 읽는다.  
""(그러다 보면 밑줄이 많아지고 복잡해져 밑줄 긋기의 효과가 줄어든다.)""

**최종 정답:** 4번","[16, 19613, 533, 59634, 3281, 70682, 93243, 3281, 23553, 4831, 160735, 53838, 28647, 55496, 55136, 90419, 3107, 5807, 239, 78167, 8918, 233, 54668, 12202, 16205, 93243, 125225, 13, 4066, 71649, 22960, 8612, 34555, 78986, 79784, 59634, 3281, 93243, 2770, 19078, 3107, 81416, 16648, 3710, 5807, 239, 78167, 8918, 233, 54668, 46609, 13, 70367, 2276, 138078, 5807, 239, 78167, 2186, 29846, 7653, 116895, 68238, 76066, 5650, 42614, 5807, 239, 78167, 8918, 233, 191545, 108847, 4081, 70105, 5959, 26556, 2276, 8476, 2678, 17, 19613, 533, 59634, 90120, 3107, 16130, 160170, 11061, 27294, 6924, 8963, 100608, 59634, 3281, 93243, 3956, 80801, 23553, 40789, 5807, 239, 78167, 8918, 233, 54668, 139904, 181554, 13, 4066, 71649, 19090, 5650, 47624, 7996, 28647, 114942, 108847, 34555, 5807, 239, 78167, 8918, 233, 54668, 43870, 46947, 82645, 67329, 8476, 2678, 18, 19613, 533, 43543, 3408, 82645, 123067, 57213, 7329, 33181, 113907, 11890, 9018, 26090, 16857, 5807, 239, 78167, 8918, 233, 54668, 14680, 32624, 47305, 79014, 10599, 4740, 5807, 239, 78167, 3281, 105448, 29423, 13, 4066, 71649, 4731, 239, 78167, 8918, 233, 54668, 24991, 19684, 32179, 139904, 20359, 65510, 47305, 79014, 144773, 3748, 5807, 239, 78167, 3281, 105448, 33181, 35817, 28647, 63495, 7653, 4081, 60665, 6663, 78986, 4865, 3408, 158449, 28628, 2186, 24030, 5650, 47624, 7996, 28647, 114942, 29081, 2678, 19, 19613, 533, 124704, 3748, 125710, 28912, 70984, 8963, 100608, 62159, 2186, 152544, 5807, 239, 78167, 8918, 233, 4283, 144773, 55005, 15450, 3107, 53720, 5807, 239, 78167, 8918, 233, 54668, 46609, 13, 4066, 71649, 5947, 11753, 10452, 3408, 5807, 239, 78167, 8918, 233, 4283, 144773, 55005, 173370, 28126, 33771, 5807, 239, 78167, 6548, 33382, 3107, 51484, 11061, 16684, 5827, 143242, 8963, 20597, 8476, 2678, 20, 19613, 533, 59634, 3107, 184213, 56216, 21252, 183319, 7663, 102721, 4081, 22643, 172590, 3748, 26387, 126217, 17743, 52484, 23553, 145138, 81416, 16648, 3710, 5807, 239, 78167, 8918, 233, 54668, 12202, 16205, 59634, 3281, 93243, 125225, 13, 4066, 71649, 155764, 2276, 138078, 5807, 239, 78167, 2186, 29846, 7653, 116895, 68238, 76066, 5650, 42614, 5807, 239, 78167, 8918, 233, 191545, 108847, 4081, 70105, 5959, 26556, 2276, 8476, 2678, 410, 29538, 28755, 14296, 56208, 142760, 220, 19, 19613]","[0.5, 0.5, 0.5, 0.5, 0.5, 0.5, 0.5, 0.5, 0.5, 0.5, 0.5, 0.5, 0.5, 0.5, 0.5, 0.5, 0.5, 0.5, 0.5, 0.5, 0.5, 0.5, 0.5, 0.5, 0.5, 0.5, 0.5, 0.5, 0.5, 0.5, 0.5, 0.5, 0.5, 0.5, 0.5, 0.5, 0.5, 0.5, 0.5, 0.5, 0.5, 0.5, 0.5, 0.5, 0.5, 0.5, 0.5, 0.5, 0.5, 0.5, 0.5, 0.5, 0.5, 0.5, 0.5, 0.5, 0.5, 0.5, 0.5, 0.5, 0.5, 0.5, 0.5, 0.5, 0.5, 0.5, 0.5, 0.5, 0.5, 0.5, 0.5, 0.5, 0.5, 0.5, 0.5, 0.5, 0.5, 0.5, 0.5, 0.5, 0.5, 0.5, 0.5, 0.5, 0.5, 0.5, 0.5, 0.5, 0.5, 0.5, 0.5, 0.5, 0.5, 0.5, 0.5, 0.5, 0.5, 0.5, 0.5, 0.5, 0.5, 0.5, 0.5, 0.5, 0.5, 0.5, 0.5, 0.5, 0.5, 0.5, 0.5, 0.5, 0.5, 0.5, 0.5, 0.5, 0.5, 0.5, 0.5, 0.5, 0.5, 0.5, 0.5, 0.5, 0.5, 0.5, 0.5, 0.5, 0.5, 0.5, 0.5, 0.5, 0.5, 0.5, 0.5, 0.5, 0.5, 0.5, 0.5, 0.5, 0.5, 0.5, 0.5, 0.5, 0.5, 0.5, 0.5, 0.5, 0.5, 0.5, 0.5, 0.5, 0.5, 0.5, 0.5, 0.5, 0.5, 0.5, 0.5, 0.5, 0.5, 0.5, 0.5, 0.5, 0.5, 0.5, 0.5, 0.5, 0.5, 0.5, 0.5, 0.5, 0.5, 0.5, 0.5, 0.5, 0.5, 0.5, 0.5, 0.5, 0.5, 0.5, 0.5, 0.5, 0.5, 0.5, 0.5, 0.5, 0.5, 0.5, 0.5, 0.5, 0.5, 0.5, 0.5, 0.5, 0.5, 0.5, 0.5, 0.5, 0.5, 0.5, 0.5, 0.5, 0.5, 0.5, 0.5, 0.5, 0.5, 0.5, 0.5, 0.5, 0.5, 0.5, 0.5, 0.5, 0.5, 0.5, 0.5, 0.5, 0.5, 0.5, 0.5, 0.5, 0.5, 0.5, 0.5, 0.5, 0.5, 0.5, 0.5, 0.5, 0.5, 0.5, 0.5, 0.5, 0.5, 0.5, 0.5, 0.5, 0.5, 0.5, 0.5, 0.5, 0.5, 0.5, 0.5, 0.5, 0.5, 0.5, 0.5, 0.5, 0.5, 0.5, 0.5, 0.5, 0.5, 0.5, 0.5, 0.5, 0.5, 0.5, 0.5, 0.5, 0.5, 0.5, 0.5, 0.5, 0.5, 0.5, 0.5, 0.5, 0.5, 0.5, 0.5, 0.5, 0.5, 0.5, 0.5, 0.5, 0.5, 0.5, 0.5, 0.5, 0.5, 0.5, 0.5, 0.5, 0.5, 0.5, 0.5, 0.5, 0.5, 0.5, 0.5, 0.5, 0.5, 0.5, 0.5, 0.5, 0.5, 0.5, 0.5, 0.5, 0.5, 0.5, 0.5, 0.5, 0.5, 0.5, 0.5, 0.5, 0.5, 0.5, 0.5, 0.5, 0.5, 0.5, 0.5, 0.5, 0.5, 0.5, 0.5, 0.5, 0.5, 0.5, 0.5, 0.5, 0.5, 0.5, 0.5, 0.5, 0.5, 0.5, 0.5, 0.5, 0.5, 0.5, 0.5, 0.5, 0.5, 0.5, 0.5, 0.5, 0.5, 0.5, 0.5, 0.5, 0.5, 0.5]",2
2025_11_KICE_1-3_2,['5(3)'],"1번: 독서 목적을 고려하면, 1문단에서 ‘ㅁ[박스친 문장](네모)’로 표시한 부분은 적절하지 않게 밑줄 긋기를 하였군.  
→ ""고래는 육지 ㅁ[포유동물](네모)에서 기원했지만, 수중 생활에 적응하여 새끼를 수중에서 낳는다.""

2번: 독서 목적을 고려하면, 1문단에서 ‘1)[1번 문장]’, ‘2)[2번 문장]’과 같이 순차적인 번호로 표시한 부분은 적절하지 않게 밑줄 긋기를 하였군.  
→ ""1)[암컷들은 새끼를 낳을 때 서로 도와주며], 2)[어미들은 새끼를 정성껏 보호한다.]""

3번: 2문단에서 ‘ㅁ[박스친 문장](네모)’로 표시한 부분을 보니, 독서 목적에 관련된 주요 어구에 밑줄 긋기를 하였군.  
→ ""ㅁ[고래의 생김새](네모)는 고래의 종류마다 다르며,...""

4번: 독서 목적을 고려하면, 2문단에서는 ‘지느러미는 배를 젓는 노와 같은 형태’에 ‘√[체크표시 문장]’를 누락하였군.  
→ ""지느러미는 배를 젓는 노와 같은 형태이고,...""

5번: ‘～～～[밑줄친 문장]’로 표시한 부분을 보니, 독서 목적을 고려하여 3문단 내에서 정보 간의 상대적인 중요도를 판단해 주요한 문장에 밑줄 긋기를 하였군.  
→ ""~~~[고래는 폐로 호흡하므로 물속에서는 숨을 쉴 수 없다.] 고래의 머리 꼭대기에는 분수공이 있다....""

최종 정답: 5번","[16, 19613, 25, 78986, 4865, 196526, 3281, 163084, 56791, 11, 220, 16, 11397, 17677, 11440, 2476, 23115, 223, 58, 37117, 5648, 61407, 26387, 7681, 20614, 29323, 17267, 128825, 3710, 144773, 3748, 90419, 4740, 36675, 37100, 44531, 20359, 7996, 5807, 239, 78167, 8918, 233, 54668, 12202, 37300, 44155, 13, 4066, 20216, 392, 3956, 17132, 2770, 169344, 3908, 220, 23115, 223, 58, 21359, 15483, 11803, 19948, 20614, 29323, 17267, 8, 11440, 11061, 8143, 13830, 29560, 11, 8963, 19684, 137690, 3107, 36675, 60099, 31412, 47563, 95452, 4831, 8963, 19684, 11440, 9046, 111, 125225, 6635, 17, 19613, 25, 78986, 4865, 196526, 3281, 163084, 56791, 11, 220, 16, 11397, 17677, 11440, 2476, 16, 13637, 16, 19613, 26387, 7681, 60, 16140, 2476, 17, 13637, 17, 19613, 26387, 7681, 60, 438, 8562, 108833, 66329, 20981, 31763, 150198, 3710, 144773, 3748, 90419, 4740, 36675, 37100, 44531, 20359, 7996, 5807, 239, 78167, 8918, 233, 54668, 12202, 37300, 44155, 13, 4066, 20216, 392, 16, 13637, 100583, 26329, 115, 47793, 47563, 95452, 4831, 9046, 111, 3281, 23553, 164663, 27433, 12753, 9273, 16205, 2155, 220, 17, 13637, 5959, 14561, 47793, 47563, 95452, 4831, 14296, 9360, 27683, 237, 143456, 29423, 54569, 2678, 18, 19613, 25, 220, 17, 11397, 17677, 11440, 2476, 23115, 223, 58, 37117, 5648, 61407, 26387, 7681, 20614, 29323, 17267, 128825, 3710, 144773, 3748, 90419, 3281, 13611, 4110, 11, 78986, 4865, 196526, 3107, 60286, 17498, 124704, 21252, 10997, 3107, 5807, 239, 78167, 8918, 233, 54668, 12202, 37300, 44155, 13, 4066, 20216, 392, 23115, 223, 58, 3956, 17132, 3408, 22230, 39075, 52976, 20614, 29323, 17267, 140986, 22652, 17132, 3408, 154479, 145138, 14367, 20697, 16205, 35229, 2678, 19, 19613, 25, 78986, 4865, 196526, 3281, 163084, 56791, 11, 220, 17, 11397, 17677, 75367, 2476, 3908, 60665, 13689, 14561, 2770, 33628, 4831, 4889, 241, 2770, 38985, 12753, 52847, 149563, 438, 3107, 2476, 103946, 58, 16238, 18334, 22700, 5637, 26387, 7681, 60, 438, 4831, 66497, 48304, 3131, 37300, 44155, 13, 4066, 20216, 392, 3908, 60665, 13689, 14561, 2770, 33628, 4831, 4889, 241, 2770, 38985, 12753, 52847, 149563, 88647, 35229, 2678, 20, 19613, 25, 2476, 69005, 8208, 58, 4731, 239, 78167, 61407, 26387, 7681, 60, 438, 3710, 144773, 3748, 90419, 3281, 13611, 4110, 11, 78986, 4865, 196526, 3281, 163084, 31412, 220, 18, 11397, 17677, 21566, 11440, 43543, 53736, 3408, 177200, 31763, 82645, 123067, 183581, 5650, 124704, 3748, 26387, 7681, 3107, 5807, 239, 78167, 8918, 233, 54668, 12202, 37300, 44155, 13, 4066, 20216, 392, 150893, 58, 3956, 17132, 2770, 170393, 3710, 45676, 192347, 3131, 114942, 45431, 24165, 75367, 189096, 3281, 804, 28911, 8963, 92706, 54569, 22652, 17132, 3408, 79708, 4960, 149600, 8092, 4283, 40789, 29393, 7820, 12809, 2186, 20597, 2358, 2678, 29538, 28755, 14296, 56208, 25, 220, 20, 19613]","[0.5, 0.5, 0.5, 0.5, 0.5, 0.5, 0.5, 0.5, 0.5, 0.5, 0.5, 0.5, 0.5, 0.5, 0.5, 0.5, 0.5, 0.5, 0.5, 0.5, 0.5, 0.5, 0.5, 0.5, 0.5, 0.5, 0.5, 0.5, 0.5, 0.5, 0.5, 0.5, 0.5, 0.5, 0.5, 0.5, 0.5, 0.5, 0.5, 0.5, 0.5, 0.5, 0.5, 0.5, 0.5, 0.5, 0.5, 0.5, 0.5, 0.5, 0.5, 0.5, 0.5, 0.5, 0.5, 0.5, 0.5, 0.5, 0.5, 0.5, 0.5, 0.5, 0.5, 0.5, 0.5, 0.5, 0.5, 0.5, 0.5, 0.5, 0.5, 0.5, 0.5, 0.5, 0.5, 0.5, 0.5, 0.5, 0.5, 0.5, 0.5, 0.5, 0.5, 0.5, 0.5, 0.5, 0.5, 0.5, 0.5, 0.5, 0.5, 0.5, 0.5, 0.5, 0.5, 0.5, 0.5, 0.5, 0.5, 0.5, 0.5, 0.5, 0.5, 0.5, 0.5, 0.5, 0.5, 0.5, 0.5, 0.5, 0.5, 0.5, 0.5, 0.5, 0.5, 0.5, 0.5, 0.5, 0.5, 0.5, 0.5, 0.5, 0.5, 0.5, 0.5, 0.5, 0.5, 0.5, 0.5, 0.5, 0.5, 0.5, 0.5, 0.5, 0.5, 0.5, 0.5, 0.5, 0.5, 0.5, 0.5, 0.5, 0.5, 0.5, 0.5, 0.5, 0.5, 0.5, 0.5, 0.5, 0.5, 0.5, 0.5, 0.5, 0.5, 0.5, 0.5, 0.5, 0.5, 0.5, 0.5, 0.5, 0.5, 0.5, 0.5, 0.5, 0.5, 0.5, 0.5, 0.5, 0.5, 0.5, 0.5, 0.5, 0.5, 0.5, 0.5, 0.5, 0.5, 0.5, 0.5, 0.5, 0.5, 0.5, 0.5, 0.5, 0.5, 0.5, 0.5, 0.5, 0.5, 0.5, 0.5, 0.5, 0.5, 0.5, 0.5, 0.5, 0.5, 0.5, 0.5, 0.5, 0.5, 0.5, 0.5, 0.5, 0.5, 0.5, 0.5, 0.5, 0.5, 0.5, 0.5, 0.5, 0.5, 0.5, 0.5, 0.5, 0.5, 0.5, 0.5, 0.5, 0.5, 0.5, 0.5, 0.5, 0.5, 0.5, 0.5, 0.5, 0.5, 0.5, 0.5, 0.5, 0.5, 0.5, 0.5, 0.5, 0.5, 0.5, 0.5, 0.5, 0.5, 0.5, 0.5, 0.5, 0.5, 0.5, 0.5, 0.5, 0.5, 0.5, 0.5, 0.5, 0.5, 0.5, 0.5, 0.5, 0.5, 0.5, 0.5, 0.5, 0.5, 0.5, 0.5, 0.5, 0.5, 0.5, 0.5, 0.5, 0.5, 0.5, 0.5, 0.5, 0.5, 0.5, 0.5, 0.5, 0.5, 0.5, 0.5, 0.5, 0.5, 0.5, 0.5, 0.5, 0.5, 0.5, 0.5, 0.5, 0.5, 0.5, 0.5, 0.5, 0.5, 0.5, 0.5, 0.5, 0.5, 0.5, 0.5, 0.5, 0.5, 0.5, 0.5, 0.5, 0.5, 0.5, 0.5, 0.5, 0.5, 0.5, 0.5, 0.5, 0.5, 0.5, 0.5, 0.5, 0.5, 0.5, 0.5, 0.5, 0.5, 0.5, 0.5, 0.5, 0.5, 0.5, 0.5, 0.5, 0.5, 0.5, 0.5, 0.5, 0.5, 0.5, 0.5, 0.5, 0.5, 0.5, 0.5, 0.5, 0.5, 0.5, 0.5, 0.5, 0.5, 0.5, 0.5, 0.5, 0.5, 0.5, 0.5, 0.5, 0.5, 0.5, 0.5, 0.5, 0.5, 0.5, 0.5, 0.5, 0.5, 0.5, 0.5, 0.5, 0.5, 0.5, 0.5, 0.5, 0.5, 0.5, 0.5, 0.5, 0.5, 0.5, 0.5, 0.5, 0.5, 0.5, 0.5, 0.5, 0.5, 0.5, 0.5, 0.5, 0.5, 0.5, 0.5, 0.5, 0.5, 0.5, 0.5, 0.5, 0.5, 0.5, 0.5, 0.5, 0.5, 0.5, 0.5, 0.5, 0.5, 0.5, 0.5, 0.5, 0.5, 0.5, 0.5, 0.5, 0.5, 0.5, 0.5, 0.5, 0.5, 0.5, 0.5, 0.5, 0.5, 0.5, 0.5, 0.5, 0.5, 0.5, 0.5, 0.5, 0.5, 0.5, 0.5, 0.5, 0.5, 0.5, 0.5, 0.5, 0.5, 0.5, 0.5, 0.5, 0.5, 0.5, 0.5]",3
2025_11_KICE_4-9_0,['4(2)'],"1번: 적절하다 + ""서양의 과학과 기술, 천주교의 수용을 반대했던 이항로를 비롯한 척사파의 주장은 개항 이후에도 지속되었지만, 개화는 거스를 수 없는 대세로 자리 잡았다.""

2번: 적절하다 + ""을사늑약 이후, 개화 논의는 문명에 대한 본격적인 논의로 이어졌다... 박은식은 근대 국가 건설과 새로운 주체의 형성에 주목하여 문명에 대한 견해를 제시했다.""

3번: 적절하다 + ""진정한 근대를 이루기 위해 기술 배후에서 작용하는 과학 정신을 사회 전체에 이식하려는 시도가 구체화되었다.""

4번: 적절하지 않다 + ""옌푸는 ... 과학 정신이 전제되지 않은 정치적 변혁은 뿌리내릴 수 없는 것이었다."" 이는 과학 정신이 정치적 변혁에 선행해야 한다는 주장이 아니라, 과학 정신 없이는 정치적 변혁이 성공할 수 없다는 의미다.

5번: 적절하다 + ""장쥔마이는 ... 과학적 방법이 인생관의 문제를 해결할 수는 없다고 ... 전통 가치관의 수호를 내세웠다.""

최종 정답: 4번","[16, 19613, 25, 36675, 37100, 67329, 659, 392, 4865, 21902, 3408, 43635, 17253, 8562, 81182, 11, 107473, 9273, 20130, 3408, 8963, 8423, 3281, 35007, 8092, 137335, 6548, 31275, 3710, 4831, 181211, 3748, 18359, 247, 5537, 24508, 3408, 16130, 112033, 21945, 31275, 86594, 73273, 132405, 14958, 16028, 29560, 11, 21945, 11049, 2770, 29929, 111241, 8963, 70190, 10985, 11734, 3710, 169850, 101050, 69458, 6635, 17, 19613, 25, 36675, 37100, 67329, 659, 392, 3281, 5537, 2531, 239, 25941, 86594, 11, 21945, 11049, 96430, 3408, 2770, 26387, 14822, 3107, 33398, 51822, 24270, 31763, 96430, 3408, 3710, 90580, 116049, 1008, 67832, 4740, 17087, 4740, 71124, 8092, 109676, 43086, 23955, 8562, 83630, 16130, 16238, 3408, 67552, 9360, 3107, 16130, 25816, 31412, 26387, 14822, 3107, 33398, 164106, 5650, 4831, 14377, 5637, 22342, 6635, 18, 19613, 25, 36675, 37100, 67329, 659, 392, 13774, 7329, 3748, 71124, 193747, 140381, 4283, 35817, 81182, 33628, 21206, 11440, 31389, 8423, 14108, 43635, 17253, 191819, 3281, 78797, 90120, 3107, 6548, 17087, 148918, 2770, 12468, 148791, 23019, 16238, 11049, 14958, 35590, 6635, 19, 19613, 25, 36675, 37100, 44531, 20359, 2276, 659, 392, 5835, 234, 156794, 2770, 2550, 43635, 17253, 191819, 2186, 12946, 8021, 118797, 100051, 159931, 9871, 38152, 120232, 4740, 1112, 123, 234, 4960, 13579, 70984, 8963, 70190, 46947, 35590, 3692, 164439, 43635, 17253, 191819, 2186, 159931, 9871, 38152, 120232, 3107, 24001, 15719, 64707, 46609, 2770, 16130, 126217, 77380, 11, 43635, 17253, 191819, 20286, 83872, 159931, 9871, 38152, 120232, 2186, 101496, 13070, 8963, 20286, 53957, 102721, 2276, 364, 20, 19613, 25, 36675, 37100, 67329, 659, 392, 7681, 168, 98, 242, 11630, 83872, 2550, 43635, 17253, 9871, 59581, 2186, 16876, 16785, 15853, 3408, 54837, 4831, 128295, 13070, 8963, 2770, 20286, 57758, 2550, 12946, 22960, 192615, 15853, 3408, 8963, 16684, 4831, 21566, 11734, 157454, 2276, 6635, 29538, 28755, 14296, 56208, 25, 220, 19, 19613]","[0.5, 0.5, 0.5, 0.5, 0.5, 0.5, 0.5, 0.5, 0.5, 0.5, 0.5, 0.5, 0.5, 0.5, 0.5, 0.5, 0.5, 0.5, 0.5, 0.5, 0.5, 0.5, 0.5, 0.5, 0.5, 0.5, 0.5, 0.5, 0.5, 0.5, 0.5, 0.5, 0.5, 0.5, 0.5, 0.5, 0.5, 0.5, 0.5, 0.5, 0.5, 0.5, 0.5, 0.5, 0.5, 0.5, 0.5, 0.5, 0.5, 0.5, 0.5, 0.5, 0.5, 0.5, 0.5, 0.5, 0.5, 0.5, 0.5, 0.5, 0.5, 0.5, 0.5, 0.5, 0.5, 0.5, 0.5, 0.5, 0.5, 0.5, 0.5, 0.5, 0.5, 0.5, 0.5, 0.5, 0.5, 0.5, 0.5, 0.5, 0.5, 0.5, 0.5, 0.5, 0.5, 0.5, 0.5, 0.5, 0.5, 0.5, 0.5, 0.5, 0.5, 0.5, 0.5, 0.5, 0.5, 0.5, 0.5, 0.5, 0.5, 0.5, 0.5, 0.5, 0.5, 0.5, 0.5, 0.5, 0.5, 0.5, 0.5, 0.5, 0.5, 0.5, 0.5, 0.5, 0.5, 0.5, 0.5, 0.5, 0.5, 0.5, 0.5, 0.5, 0.5, 0.5, 0.5, 0.5, 0.5, 0.5, 0.5, 0.5, 0.5, 0.5, 0.5, 0.5, 0.5, 0.5, 0.5, 0.5, 0.5, 0.5, 0.5, 0.5, 0.5, 0.5, 0.5, 0.5, 0.5, 0.5, 0.5, 0.5, 0.5, 0.5, 0.5, 0.5, 0.5, 0.5, 0.5, 0.5, 0.5, 0.5, 0.5, 0.5, 0.5, 0.5, 0.5, 0.5, 0.5, 0.5, 0.5, 0.5, 0.5, 0.5, 0.5, 0.5, 0.5, 0.5, 0.5, 0.5, 0.5, 0.5, 0.5, 0.5, 0.5, 0.5, 0.5, 0.5, 0.5, 0.5, 0.5, 0.5, 0.5, 0.5, 0.5, 0.5, 0.5, 0.5, 0.5, 0.5, 0.5, 0.5, 0.5, 0.5, 0.5, 0.5, 0.5, 0.5, 0.5, 0.5, 0.5, 0.5, 0.5, 0.5, 0.5, 0.5, 0.5, 0.5, 0.5, 0.5, 0.5, 0.5, 0.5, 0.5, 0.5, 0.5, 0.5, 0.5, 0.5, 0.5, 0.5, 0.5, 0.5, 0.5, 0.5, 0.5, 0.5, 0.5, 0.5, 0.5, 0.5, 0.5, 0.5, 0.5, 0.5, 0.5, 0.5, 0.5, 0.5, 0.5, 0.5, 0.5, 0.5, 0.5, 0.5, 0.5, 0.5, 0.5, 0.5, 0.5, 0.5, 0.5, 0.5, 0.5, 0.5, 0.5, 0.5, 0.5, 0.5, 0.5, 0.5, 0.5, 0.5, 0.5, 0.5, 0.5, 0.5, 0.5, 0.5, 0.5, 0.5, 0.5, 0.5, 0.5, 0.5, 0.5, 0.5, 0.5, 0.5, 0.5, 0.5, 0.5, 0.5, 0.5, 0.5, 0.5, 0.5, 0.5]",2
2025_11_KICE_4-9_1,['5(2)'],"1번: **맞음** - 개항 이전의 개화 개념은 백성을 다스리는 통치자로서의 역할과 관련 있었다.  
""(개화는 개항 이전에는 통치자의 통치 행위로서 변화하는 세상에 대한 지식 확장과 피통치자에 대한 교화를 의미했다.)""

2번: **맞음** - ｢한성순보｣의 개화 개념은 서양 기술과 제도의 선별적 수용을 통한 국가 진보의 의미를 포함하였다.  
""(이 신문의 개화 개념은 서양 기술과 제도의 도입을 통한 인지의 발달과 풍속의 진보를 뜻했다.)""

3번: **틀림** - ｢한성순보｣와 개화당의 한 인사의 개화 개념은 통치권자인 왕을 개화의 실행 주체로 상정하였다.  
""개화당의 한 인사는 개화 실행 주체를 여전히 왕으로 생각했고, 개화 실행 주체로서 왕의 역할이 사라진 것은 갑신정변에서였다.""  
(한성순보의 경우, 개화 개념이 통치자의 역할로 직접 연결되지 않았다.)

4번: **맞음** - 개화의 실행 주체로 왕에게 역할을 부여하지 않은 갑신정변의 개화 개념은 통치권에 대한 도전으로 이해되었다.  
""(갑신정변의 개화 개념은 통치권에 대한 도전으로뿐 아니라 개인의 사욕을 위한 것으로 표상되었다.)""

5번: **맞음** - ｢대한매일신보｣의 발간에 이르러서야 국가의 주권과 결부한 개화 개념이 제기되었다.  
""(이후 간행된 ｢대한매일신보｣등의 개화 개념은 국가 구성원 전체를 실행 주체로 하여 근대 국가 주권을 향해 그들을 조직하고 동원하는 것을 의미했다.)""

최종 정답: **3번**","[16, 19613, 25, 6240, 94595, 14862, 410, 533, 21945, 31275, 139922, 3408, 21945, 11049, 21945, 80656, 4740, 92759, 77322, 14367, 5648, 61752, 26953, 13426, 162282, 4865, 3408, 140300, 8562, 60286, 113089, 13, 4066, 71649, 13915, 11049, 2770, 21945, 31275, 139922, 40789, 26953, 13426, 81441, 26953, 13426, 48744, 14394, 3710, 4865, 143667, 14108, 28126, 8612, 3107, 33398, 12688, 17087, 30617, 7681, 8562, 50422, 22960, 13426, 5947, 3107, 33398, 35054, 92273, 102721, 22342, 8476, 2678, 17, 19613, 25, 6240, 94595, 14862, 410, 533, 184743, 95, 3748, 9360, 49785, 8122, 159994, 3408, 21945, 11049, 21945, 80656, 4740, 24795, 21902, 81182, 8562, 14377, 162297, 24001, 33337, 9871, 8963, 8423, 3281, 195874, 109676, 31172, 8122, 3408, 102721, 4831, 79778, 164982, 13, 4066, 71649, 2186, 24991, 177854, 21945, 11049, 21945, 80656, 4740, 24795, 21902, 81182, 8562, 14377, 162297, 27433, 12145, 3281, 195874, 16876, 3908, 3408, 26370, 33233, 8562, 141611, 24165, 3408, 31172, 8122, 4831, 152898, 22342, 8476, 2678, 18, 19613, 25, 6240, 99934, 38931, 410, 533, 184743, 95, 3748, 9360, 49785, 8122, 159994, 12753, 21945, 11049, 19388, 3408, 14680, 16876, 137399, 21945, 11049, 21945, 80656, 4740, 26953, 13426, 32614, 98184, 181981, 3281, 21945, 11049, 3408, 110963, 16130, 16238, 3710, 18597, 7329, 164982, 13, 4066, 1, 13915, 11049, 19388, 3408, 14680, 16876, 123729, 21945, 11049, 110963, 16130, 16238, 4831, 21775, 134204, 181981, 9911, 45341, 183353, 11, 21945, 11049, 110963, 16130, 16238, 3710, 4865, 181981, 3408, 140300, 2186, 9023, 6663, 13774, 66371, 156987, 11753, 7329, 35776, 11440, 72918, 3692, 4066, 7, 3748, 9360, 49785, 8122, 3408, 33502, 11, 21945, 11049, 21945, 80656, 2186, 26953, 13426, 81441, 140300, 3710, 103492, 108935, 118797, 184035, 16803, 19, 19613, 25, 6240, 94595, 14862, 410, 533, 21945, 11049, 3408, 110963, 16130, 16238, 3710, 181981, 34950, 140300, 3281, 20211, 11423, 44531, 100051, 156987, 11753, 7329, 35776, 3408, 21945, 11049, 21945, 80656, 4740, 26953, 13426, 32614, 3107, 33398, 27433, 9516, 9911, 114840, 14958, 35590, 13, 4066, 71649, 114614, 11753, 7329, 35776, 3408, 21945, 11049, 21945, 80656, 4740, 26953, 13426, 32614, 3107, 33398, 27433, 9516, 9911, 158172, 77380, 73155, 3408, 9023, 96668, 3281, 52294, 64892, 55686, 8612, 14958, 35590, 8476, 2678, 20, 19613, 25, 6240, 94595, 14862, 410, 533, 184743, 95, 151663, 20356, 6924, 11753, 8122, 159994, 3408, 26370, 12780, 3107, 6548, 20697, 13689, 4865, 15494, 109676, 3408, 16130, 32614, 8562, 32182, 9814, 3748, 21945, 11049, 21945, 80656, 2186, 14377, 4283, 14958, 35590, 13, 4066, 71649, 2186, 21206, 53736, 15719, 17498, 184743, 95, 151663, 20356, 6924, 11753, 8122, 159994, 24725, 3408, 21945, 11049, 21945, 80656, 4740, 109676, 100457, 8143, 90120, 4831, 110963, 16130, 16238, 3710, 12202, 11423, 71124, 8092, 109676, 16130, 32614, 3281, 84814, 5650, 10599, 58138, 182710, 17231, 27997, 8143, 14108, 61738, 102721, 22342, 8476, 2678, 29538, 28755, 14296, 56208, 25, 6240, 18, 19613, 410]","[0.5, 0.5, 0.5, 0.5, 0.5, 0.5, 0.5, 0.5, 0.5, 0.5, 0.5, 0.5, 0.5, 0.5, 0.5, 0.5, 0.5, 0.5, 0.5, 0.5, 0.5, 0.5, 0.5, 0.5, 0.5, 0.5, 0.5, 0.5, 0.5, 0.5, 0.5, 0.5, 0.5, 0.5, 0.5, 0.5, 0.5, 0.5, 0.5, 0.5, 0.5, 0.5, 0.5, 0.5, 0.5, 0.5, 0.5, 0.5, 0.5, 0.5, 0.5, 0.5, 0.5, 0.5, 0.5, 0.5, 0.5, 0.5, 0.5, 0.5, 0.5, 0.5, 0.5, 0.5, 0.5, 0.5, 0.5, 0.5, 0.5, 0.5, 0.5, 0.5, 0.5, 0.5, 0.5, 0.5, 0.5, 0.5, 0.5, 0.5, 0.5, 0.5, 0.5, 0.5, 0.5, 0.5, 0.5, 0.5, 0.5, 0.5, 0.5, 0.5, 0.5, 0.5, 0.5, 0.5, 0.5, 0.5, 0.5, 0.5, 0.5, 0.5, 0.5, 0.5, 0.5, 0.5, 0.5, 0.5, 0.5, 0.5, 0.5, 0.5, 0.5, 0.5, 0.5, 0.5, 0.5, 0.5, 0.5, 0.5, 0.5, 0.5, 0.5, 0.5, 0.5, 0.5, 0.5, 0.5, 0.5, 0.5, 0.5, 0.5, 0.5, 0.5, 0.5, 0.5, 0.5, 0.5, 0.5, 0.5, 0.5, 0.5, 0.5, 0.5, 0.5, 0.5, 0.5, 0.5, 0.5, 0.5, 0.5, 0.5, 0.5, 0.5, 0.5, 0.5, 0.5, 0.5, 0.5, 0.5, 0.5, 0.5, 0.5, 0.5, 0.5, 0.5, 0.5, 0.5, 0.5, 0.5, 0.5, 0.5, 0.5, 0.5, 0.5, 0.5, 0.5, 0.5, 0.5, 0.5, 0.5, 0.5, 0.5, 0.5, 0.5, 0.5, 0.5, 0.5, 0.5, 0.5, 0.5, 0.5, 0.5, 0.5, 0.5, 0.5, 0.5, 0.5, 0.5, 0.5, 0.5, 0.5, 0.5, 0.5, 0.5, 0.5, 0.5, 0.5, 0.5, 0.5, 0.5, 0.5, 0.5, 0.5, 0.5, 0.5, 0.5, 0.5, 0.5, 0.5, 0.5, 0.5, 0.5, 0.5, 0.5, 0.5, 0.5, 0.5, 0.5, 0.5, 0.5, 0.5, 0.5, 0.5, 0.5, 0.5, 0.5, 0.5, 0.5, 0.5, 0.5, 0.5, 0.5, 0.5, 0.5, 0.5, 0.5, 0.5, 0.5, 0.5, 0.5, 0.5, 0.5, 0.5, 0.5, 0.5, 0.5, 0.5, 0.5, 0.5, 0.5, 0.5, 0.5, 0.5, 0.5, 0.5, 0.5, 0.5, 0.5, 0.5, 0.5, 0.5, 0.5, 0.5, 0.5, 0.5, 0.5, 0.5, 0.5, 0.5, 0.5, 0.5, 0.5, 0.5, 0.5, 0.5, 0.5, 0.5, 0.5, 0.5, 0.5, 0.5, 0.5, 0.5, 0.5, 0.5, 0.5, 0.5, 0.5, 0.5, 0.5, 0.5, 0.5, 0.5, 0.5, 0.5, 0.5, 0.5, 0.5, 0.5, 0.5, 0.5, 0.5, 0.5, 0.5, 0.5, 0.5, 0.5, 0.5, 0.5, 0.5, 0.5, 0.5, 0.5, 0.5, 0.5, 0.5, 0.5, 0.5, 0.5, 0.5, 0.5, 0.5, 0.5, 0.5, 0.5, 0.5, 0.5, 0.5, 0.5, 0.5, 0.5, 0.5, 0.5, 0.5, 0.5, 0.5, 0.5, 0.5, 0.5, 0.5, 0.5, 0.5, 0.5, 0.5, 0.5, 0.5, 0.5, 0.5, 0.5, 0.5, 0.5, 0.5, 0.5, 0.5, 0.5, 0.5, 0.5, 0.5, 0.5, 0.5, 0.5, 0.5, 0.5, 0.5, 0.5, 0.5, 0.5, 0.5, 0.5, 0.5, 0.5, 0.5, 0.5, 0.5, 0.5, 0.5, 0.5, 0.5, 0.5, 0.5, 0.5, 0.5, 0.5, 0.5, 0.5, 0.5, 0.5, 0.5, 0.5, 0.5, 0.5, 0.5, 0.5, 0.5, 0.5, 0.5, 0.5, 0.5, 0.5, 0.5, 0.5, 0.5, 0.5, 0.5, 0.5, 0.5, 0.5, 0.5, 0.5, 0.5, 0.5, 0.5, 0.5, 0.5, 0.5, 0.5, 0.5, 0.5, 0.5, 0.5, 0.5, 0.5, 0.5, 0.5, 0.5, 0.5, 0.5, 0.5, 0.5, 0.5, 0.5, 0.5, 0.5, 0.5, 0.5, 0.5, 0.5, 0.5, 0.5]",0
2025_11_KICE_4-9_2,['3(2)'],"1번: 전통 사상은 과학 및 과학 정신과 양립할 수 없는 관계에 놓여 있다. + ""사상이나 철학이 과학의 방법을 이용하지 않으면 공상(空想)에 그칠 뿐이라고 주장한 천두슈는 사회와 인간의 삶에 대한 연구도 과학의 연구 방법을 이용해야 한다고 보았다.""

2번: 전통 사상의 폐단은 과학 정신이 뿌리내리지 못한 사회 체질에서 비롯된 것이다. + ""그는 인과 실증의 방법에 근거한 근대 학문 전체를 과학이라 파악하고, 과학을 습득하여 전통 학문의 폐단에서 벗어나야 한다고 주장했다.""

3번: 과학을 이용하는 과정에서 문제가 발생했다고 해도 과학적 방법을 부정할 수 없다. + ""그는 제1차 세계 대전의 비극은 과학을 이용해 저지른 죄악의 결과일 뿐 과학 자체의 죄악이 아니라고 주장하며 과학에 대한 자신의 생각을 지속했다."" 그리고 ""그는 과학적 방법을 부정하지 않았지만, 인생관의 문제에는 과학적 방법이 적용될 수 없다고 지적했다.""

4번: 서양의 과학 정신을 전면적으로 도입하면 당면한 국가의 위기를 충분히 극복할 수 있다. + ""옌푸는 국가 간에 벌어지는 약육강식의 경쟁을 부각하고, 경쟁에서 승리하려면 기술뿐 아니라 국민의 정신적 자질이 뒷받침되어야 한다고 보았다.""

5번: 국가의 위기는 과학적 방법으로 사상을 재구성할 필요가 있다는 인식이 부재한 데에서 비롯된 것이다. + ""천두슈는 사회와 인간의 삶에 대한 연구도 과학의 연구 방법을 이용해야 한다고 보았다.""

최종 정답: 3번","[16, 19613, 25, 12946, 22960, 9023, 8612, 4740, 43635, 17253, 23891, 43635, 17253, 191819, 8562, 59424, 31453, 13070, 8963, 70190, 92228, 3107, 131896, 11423, 20597, 13, 659, 392, 5537, 8612, 72983, 122853, 17253, 2186, 43635, 17253, 3408, 59581, 3281, 49647, 44531, 20359, 65510, 19010, 8612, 7, 16207, 18165, 152344, 10599, 133097, 137222, 75348, 184172, 3748, 107473, 27708, 107074, 2770, 78797, 12753, 142716, 3408, 117802, 3107, 33398, 80340, 5827, 43635, 17253, 3408, 80340, 59581, 3281, 49647, 64707, 46609, 3956, 13611, 69458, 6635, 17, 19613, 25, 12946, 22960, 9023, 173883, 170393, 17677, 4740, 43635, 17253, 191819, 2186, 1112, 123, 234, 4960, 13579, 161267, 51614, 3748, 78797, 55005, 30570, 11440, 181211, 17498, 66580, 13, 659, 392, 11946, 2770, 16876, 8562, 27365, 30762, 3408, 59581, 3107, 71124, 17077, 3748, 71124, 8092, 44981, 11397, 90120, 4831, 43635, 17253, 39998, 36349, 54557, 17231, 11, 43635, 17253, 3281, 18475, 113, 64328, 31412, 12946, 22960, 44981, 177854, 170393, 17677, 11440, 18371, 245, 141926, 15494, 46609, 3956, 184172, 22342, 6635, 18, 19613, 25, 43635, 17253, 3281, 49647, 14108, 121551, 11440, 172833, 72121, 185049, 21864, 5827, 43635, 17253, 9871, 59581, 3281, 20211, 7329, 13070, 8963, 92706, 13, 659, 392, 11946, 2770, 14377, 16, 20981, 75755, 10985, 9516, 3408, 22643, 68639, 4740, 43635, 17253, 3281, 49647, 5650, 30832, 3908, 23164, 94707, 226, 54557, 3408, 67277, 6924, 137222, 43635, 17253, 147004, 3408, 94707, 226, 54557, 2186, 46038, 67328, 184172, 63912, 43635, 17253, 3107, 33398, 112289, 45341, 3281, 132405, 22342, 3692, 68036, 392, 11946, 2770, 43635, 17253, 9871, 59581, 3281, 20211, 7329, 44531, 120180, 29560, 11, 16876, 16785, 15853, 3408, 54837, 40789, 43635, 17253, 9871, 59581, 2186, 102833, 57189, 8963, 20286, 57758, 12688, 9871, 22342, 6635, 19, 19613, 25, 24795, 21902, 3408, 43635, 17253, 191819, 3281, 12946, 9018, 34555, 27433, 12145, 56791, 37303, 9018, 3748, 109676, 3408, 16302, 54668, 176267, 20357, 131581, 32794, 13070, 8963, 20597, 13, 659, 392, 5835, 234, 156794, 2770, 109676, 53736, 3107, 121274, 5959, 68299, 58496, 39763, 28318, 17087, 3408, 159693, 3281, 20211, 22566, 17231, 11, 159693, 11440, 80749, 4960, 148918, 9018, 81182, 158172, 77380, 117873, 3408, 191819, 9871, 15508, 30570, 2186, 1112, 240, 115, 47624, 57622, 68657, 15494, 46609, 3956, 13611, 69458, 6635, 20, 19613, 25, 109676, 3408, 16302, 92079, 43635, 17253, 9871, 59581, 9911, 9023, 90750, 38465, 10997, 9360, 13070, 49692, 4081, 120608, 16876, 17087, 2186, 20211, 16012, 3748, 40237, 11440, 181211, 17498, 66580, 13, 659, 392, 24067, 27708, 107074, 2770, 78797, 12753, 142716, 3408, 117802, 3107, 33398, 80340, 5827, 43635, 17253, 3408, 80340, 59581, 3281, 49647, 64707, 46609, 3956, 13611, 69458, 6635, 29538, 28755, 14296, 56208, 25, 220, 18, 19613]","[0.5, 0.5, 0.5, 0.5, 0.5, 0.5, 0.5, 0.5, 0.5, 0.5, 0.5, 0.5, 0.5, 0.5, 0.5, 0.5, 0.5, 0.5, 0.5, 0.5, 0.5, 0.5, 0.5, 0.5, 0.5, 0.5, 0.5, 0.5, 0.5, 0.5, 0.5, 0.5, 0.5, 0.5, 0.5, 0.5, 0.5, 0.5, 0.5, 0.5, 0.5, 0.5, 0.5, 0.5, 0.5, 0.5, 0.5, 0.5, 0.5, 0.5, 0.5, 0.5, 0.5, 0.5, 0.5, 0.5, 0.5, 0.5, 0.5, 0.5, 0.5, 0.5, 0.5, 0.5, 0.5, 0.5, 0.5, 0.5, 0.5, 0.5, 0.5, 0.5, 0.5, 0.5, 0.5, 0.5, 0.5, 0.5, 0.5, 0.5, 0.5, 0.5, 0.5, 0.5, 0.5, 0.5, 0.5, 0.5, 0.5, 0.5, 0.5, 0.5, 0.5, 0.5, 0.5, 0.5, 0.5, 0.5, 0.5, 0.5, 0.5, 0.5, 0.5, 0.5, 0.5, 0.5, 0.5, 0.5, 0.5, 0.5, 0.5, 0.5, 0.5, 0.5, 0.5, 0.5, 0.5, 0.5, 0.5, 0.5, 0.5, 0.5, 0.5, 0.5, 0.5, 0.5, 0.5, 0.5, 0.5, 0.5, 0.5, 0.5, 0.5, 0.5, 0.5, 0.5, 0.5, 0.5, 0.5, 0.5, 0.5, 0.5, 0.5, 0.5, 0.5, 0.5, 0.5, 0.5, 0.5, 0.5, 0.5, 0.5, 0.5, 0.5, 0.5, 0.5, 0.5, 0.5, 0.5, 0.5, 0.5, 0.5, 0.5, 0.5, 0.5, 0.5, 0.5, 0.5, 0.5, 0.5, 0.5, 0.5, 0.5, 0.5, 0.5, 0.5, 0.5, 0.5, 0.5, 0.5, 0.5, 0.5, 0.5, 0.5, 0.5, 0.5, 0.5, 0.5, 0.5, 0.5, 0.5, 0.5, 0.5, 0.5, 0.5, 0.5, 0.5, 0.5, 0.5, 0.5, 0.5, 0.5, 0.5, 0.5, 0.5, 0.5, 0.5, 0.5, 0.5, 0.5, 0.5, 0.5, 0.5, 0.5, 0.5, 0.5, 0.5, 0.5, 0.5, 0.5, 0.5, 0.5, 0.5, 0.5, 0.5, 0.5, 0.5, 0.5, 0.5, 0.5, 0.5, 0.5, 0.5, 0.5, 0.5, 0.5, 0.5, 0.5, 0.5, 0.5, 0.5, 0.5, 0.5, 0.5, 0.5, 0.5, 0.5, 0.5, 0.5, 0.5, 0.5, 0.5, 0.5, 0.5, 0.5, 0.5, 0.5, 0.5, 0.5, 0.5, 0.5, 0.5, 0.5, 0.5, 0.5, 0.5, 0.5, 0.5, 0.5, 0.5, 0.5, 0.5, 0.5, 0.5, 0.5, 0.5, 0.5, 0.5, 0.5, 0.5, 0.5, 0.5, 0.5, 0.5, 0.5, 0.5, 0.5, 0.5, 0.5, 0.5, 0.5, 0.5, 0.5, 0.5, 0.5, 0.5, 0.5, 0.5, 0.5, 0.5, 0.5, 0.5, 0.5, 0.5, 0.5, 0.5, 0.5, 0.5, 0.5, 0.5, 0.5, 0.5, 0.5, 0.5, 0.5, 0.5, 0.5, 0.5, 0.5, 0.5, 0.5, 0.5, 0.5, 0.5, 0.5, 0.5, 0.5, 0.5, 0.5, 0.5, 0.5, 0.5, 0.5, 0.5, 0.5, 0.5, 0.5, 0.5, 0.5, 0.5, 0.5, 0.5, 0.5, 0.5, 0.5, 0.5, 0.5, 0.5, 0.5, 0.5, 0.5, 0.5, 0.5, 0.5, 0.5, 0.5, 0.5, 0.5, 0.5, 0.5, 0.5, 0.5, 0.5, 0.5, 0.5, 0.5, 0.5, 0.5, 0.5, 0.5, 0.5, 0.5, 0.5, 0.5, 0.5, 0.5, 0.5, 0.5, 0.5, 0.5, 0.5, 0.5, 0.5, 0.5, 0.5, 0.5, 0.5, 0.5, 0.5, 0.5, 0.5, 0.5, 0.5, 0.5, 0.5, 0.5, 0.5, 0.5, 0.5, 0.5, 0.5, 0.5, 0.5, 0.5, 0.5, 0.5, 0.5, 0.5, 0.5, 0.5, 0.5, 0.5, 0.5, 0.5, 0.5, 0.5, 0.5, 0.5, 0.5, 0.5, 0.5, 0.5, 0.5, 0.5]",2
2025_11_KICE_4-9_3,['2(2)'],"1번: ㉠은 인격의 수양을 동반하는 근대 주체의 정립에, ㉡은 전통적 사유 방식에 기반을 둔 신문화의 달성에 동의하는 입장이다.  
""그는 생존과 편리 증진을 위해 과학 연구가 시급하지만, 가치관 정립과 인격 수양을 위해 철학 또한 필수적 이라고 보았다.""  
→ ㉡은 전통적 사유 방식에 기반한 신문화를 지지하지 않고, 오히려 과학적 방법을 강조했다.

2번: ㉠은 주체 인식의 준거가 서양 근대 문명의 주체라는 인식에, ㉡은 철학이 과학의 방법에 근거할 수 없다는 생각에 반대하는 입장이다.  
""그가 제시한 근대 주체는 과학적․철학적 인식의 주체이자 실천적 도덕 수양의 주체로서의 성격을 띠는 것이었다.""  
→ ㉠은 서양 근대 문명의 주체를 단순히 준거로 삼지 않았다.

3번: ㉠은 생존과 편리 증진을 위한 과학 연구의 시급성을, ㉡은 과학의 방법에 영향 받지 않는 사상이나 철학을 부인하는 입장이다.  
""그는 생존과 편리 증진을 위해 과학 연구가 시급하지만, 가치관 정립과 인격 수양을 위해 철학 또한 필수적 이라고 보았다.""  
""사상이나 철학이 과학의 방법을 이용하지 않으면 공상(空想)에 그칠 뿐이라고 주장한 천두슈는 사회와 인간의 삶에 대한 연구도 과학의 연구 방법을 이용해야 한다고 보았다.""  
→ ㉠은 과학 연구의 시급성을 강조하고, ㉡은 과학적 방법을 사용하지 않는 사상이나 철학을 부인했다.

4번: ㉠은 앞서 근대 문명을 이룬 국가를 추종하는 태도를, ㉡은 전쟁의 폐해가 과학을 오용한 자들의 탓이라는 주장을 비판하는 입장이다.  
→ ㉡은 전쟁의 폐해를 과학의 오용 탓으로 보는 입장을 비판하지 않았다.

5번: ㉠은 과학과 철학이 문명의 두 축을 이루는 학문이라는 견해에, ㉡은 철학보다 과학이 우위임을 인정할 수 없다는 견해에 동의하는 입장이다.  
→ ㉡은 철학이 과학의 방법을 따를 것을 주장했지, 과학의 우위를 부정하지 않았다.

**최종 정답: 3번**","[16, 19613, 25, 220, 159, 231, 254, 4740, 16876, 24270, 3408, 8963, 21902, 3281, 27997, 23099, 14108, 71124, 8092, 16130, 16238, 3408, 14296, 31453, 3107, 11, 220, 159, 231, 94, 4740, 12946, 22960, 9871, 9023, 15483, 131355, 3107, 145212, 3281, 105137, 242, 24991, 168748, 3408, 48326, 9360, 3107, 27997, 3408, 14108, 27995, 7681, 24088, 13, 4066, 1, 11946, 2770, 22230, 56862, 8562, 56477, 4960, 56358, 13774, 3281, 35817, 43635, 17253, 80340, 4081, 12468, 28868, 122515, 11, 192615, 15853, 14296, 31453, 8562, 16876, 24270, 8963, 21902, 3281, 35817, 122853, 17253, 83808, 37517, 7820, 9871, 6548, 67328, 13611, 69458, 3692, 4066, 20216, 220, 159, 231, 94, 4740, 12946, 22960, 9871, 9023, 15483, 131355, 3107, 145212, 3748, 24991, 11397, 92273, 12688, 3908, 44531, 102417, 11, 20859, 20357, 17638, 43635, 17253, 9871, 59581, 3281, 180435, 22342, 364, 17, 19613, 25, 220, 159, 231, 254, 4740, 16130, 16238, 16876, 17087, 3408, 69403, 17077, 4081, 24795, 21902, 71124, 8092, 26387, 159857, 16130, 16238, 83564, 16876, 17087, 3107, 11, 220, 159, 231, 94, 4740, 122853, 17253, 2186, 43635, 17253, 3408, 59581, 3107, 71124, 17077, 13070, 8963, 20286, 53957, 45341, 3107, 35007, 8092, 14108, 27995, 7681, 24088, 13, 4066, 1, 11946, 4081, 14377, 5637, 3748, 71124, 8092, 16130, 16238, 2770, 43635, 17253, 9871, 51721, 72934, 17253, 9871, 16876, 17087, 3408, 16130, 16238, 2186, 5947, 27365, 24067, 9871, 27433, 122746, 8963, 21902, 3408, 16130, 16238, 3710, 4865, 3408, 29805, 24270, 3281, 50966, 254, 2770, 46947, 35590, 3692, 4066, 20216, 220, 159, 231, 254, 4740, 24795, 21902, 71124, 8092, 26387, 159857, 16130, 16238, 4831, 38340, 49785, 20357, 69403, 17077, 3710, 98643, 3908, 184035, 364, 18, 19613, 25, 220, 159, 231, 254, 4740, 22230, 56862, 8562, 56477, 4960, 56358, 13774, 3281, 52294, 43635, 17253, 80340, 3408, 12468, 28868, 77322, 11, 220, 159, 231, 94, 4740, 43635, 17253, 3408, 59581, 3107, 116680, 34792, 3908, 73260, 9023, 8612, 72983, 122853, 17253, 3281, 20211, 5544, 14108, 27995, 7681, 24088, 13, 4066, 1, 11946, 2770, 22230, 56862, 8562, 56477, 4960, 56358, 13774, 3281, 35817, 43635, 17253, 80340, 4081, 12468, 28868, 122515, 11, 192615, 15853, 14296, 31453, 8562, 16876, 24270, 8963, 21902, 3281, 35817, 122853, 17253, 83808, 37517, 7820, 9871, 6548, 67328, 13611, 69458, 3692, 4066, 1, 5537, 8612, 72983, 122853, 17253, 2186, 43635, 17253, 3408, 59581, 3281, 49647, 44531, 20359, 65510, 19010, 8612, 7, 16207, 18165, 152344, 10599, 133097, 137222, 75348, 184172, 3748, 107473, 27708, 107074, 2770, 78797, 12753, 142716, 3408, 117802, 3107, 33398, 80340, 5827, 43635, 17253, 3408, 80340, 59581, 3281, 49647, 64707, 46609, 3956, 13611, 69458, 3692, 4066, 20216, 220, 159, 231, 254, 4740, 43635, 17253, 80340, 3408, 12468, 28868, 77322, 180435, 17231, 11, 220, 159, 231, 94, 4740, 43635, 17253, 9871, 59581, 3281, 27525, 44531, 73260, 9023, 8612, 72983, 122853, 17253, 3281, 20211, 5544, 22342, 364, 19, 19613, 25, 220, 159, 231, 254, 4740, 60459, 4865, 71124, 8092, 26387, 153312, 6548, 12056, 105, 109676, 4831, 28912, 28755, 14108, 80400, 123067, 11, 220, 159, 231, 94, 4740, 12946, 70883, 3408, 170393, 5650, 4081, 43635, 17253, 3281, 20859, 8423, 3748, 15508, 49714, 27302, 241, 112211, 16130, 95803, 22643, 31844, 14108, 27995, 7681, 24088, 13, 4066, 20216, 220, 159, 231, 94, 4740, 12946, 70883, 3408, 170393, 5650, 4831, 43635, 17253, 3408, 20859, 8423, 27302, 241, 9911, 179203, 27995, 95803, 22643, 31844, 44531, 184035, 364, 20, 19613, 25, 220, 159, 231, 254, 4740, 43635, 17253, 8562, 122853, 17253, 2186, 26387, 159857, 44922, 102994, 3281, 140381, 2770, 44981, 11397, 112211, 164106, 5650, 3107, 11, 220, 159, 231, 94, 4740, 122853, 17253, 72120, 43635, 17253, 2186, 26090, 14394, 20043, 3281, 178357, 13070, 8963, 20286, 53957, 164106, 5650, 3107, 27997, 3408, 14108, 27995, 7681, 24088, 13, 4066, 20216, 220, 159, 231, 94, 4740, 122853, 17253, 2186, 43635, 17253, 3408, 59581, 3281, 33521, 4831, 61738, 184172, 13830, 3908, 11, 43635, 17253, 3408, 26090, 139632, 20211, 7329, 44531, 184035, 364, 410, 29538, 28755, 14296, 56208, 25, 220, 18, 19613, 410]","[0.5, 0.5, 0.5, 0.5, 0.5, 0.5, 0.5, 0.5, 0.5, 0.5, 0.5, 0.5, 0.5, 0.5, 0.5, 0.5, 0.5, 0.5, 0.5, 0.5, 0.5, 0.5, 0.5, 0.5, 0.5, 0.5, 0.5, 0.5, 0.5, 0.5, 0.5, 0.5, 0.5, 0.5, 0.5, 0.5, 0.5, 0.5, 0.5, 0.5, 0.5, 0.5, 0.5, 0.5, 0.5, 0.5, 0.5, 0.5, 0.5, 0.5, 0.5, 0.5, 0.5, 0.5, 0.5, 0.5, 0.5, 0.5, 0.5, 0.5, 0.5, 0.5, 0.5, 0.5, 0.5, 0.5, 0.5, 0.5, 0.5, 0.5, 0.5, 0.5, 0.5, 0.5, 0.5, 0.5, 0.5, 0.5, 0.5, 0.5, 0.5, 0.5, 0.5, 0.5, 0.5, 0.5, 0.5, 0.5, 0.5, 0.5, 0.5, 0.5, 0.5, 0.5, 0.5, 0.5, 0.5, 0.5, 0.5, 0.5, 0.5, 0.5, 0.5, 0.5, 0.5, 0.5, 0.5, 0.5, 0.5, 0.5, 0.5, 0.5, 0.5, 0.5, 0.5, 0.5, 0.5, 0.5, 0.5, 0.5, 0.5, 0.5, 0.5, 0.5, 0.5, 0.5, 0.5, 0.5, 0.5, 0.5, 0.5, 0.5, 0.5, 0.5, 0.5, 0.5, 0.5, 0.5, 0.5, 0.5, 0.5, 0.5, 0.5, 0.5, 0.5, 0.5, 0.5, 0.5, 0.5, 0.5, 0.5, 0.5, 0.5, 0.5, 0.5, 0.5, 0.5, 0.5, 0.5, 0.5, 0.5, 0.5, 0.5, 0.5, 0.5, 0.5, 0.5, 0.5, 0.5, 0.5, 0.5, 0.5, 0.5, 0.5, 0.5, 0.5, 0.5, 0.5, 0.5, 0.5, 0.5, 0.5, 0.5, 0.5, 0.5, 0.5, 0.5, 0.5, 0.5, 0.5, 0.5, 0.5, 0.5, 0.5, 0.5, 0.5, 0.5, 0.5, 0.5, 0.5, 0.5, 0.5, 0.5, 0.5, 0.5, 0.5, 0.5, 0.5, 0.5, 0.5, 0.5, 0.5, 0.5, 0.5, 0.5, 0.5, 0.5, 0.5, 0.5, 0.5, 0.5, 0.5, 0.5, 0.5, 0.5, 0.5, 0.5, 0.5, 0.5, 0.5, 0.5, 0.5, 0.5, 0.5, 0.5, 0.5, 0.5, 0.5, 0.5, 0.5, 0.5, 0.5, 0.5, 0.5, 0.5, 0.5, 0.5, 0.5, 0.5, 0.5, 0.5, 0.5, 0.5, 0.5, 0.5, 0.5, 0.5, 0.5, 0.5, 0.5, 0.5, 0.5, 0.5, 0.5, 0.5, 0.5, 0.5, 0.5, 0.5, 0.5, 0.5, 0.5, 0.5, 0.5, 0.5, 0.5, 0.5, 0.5, 0.5, 0.5, 0.5, 0.5, 0.5, 0.5, 0.5, 0.5, 0.5, 0.5, 0.5, 0.5, 0.5, 0.5, 0.5, 0.5, 0.5, 0.5, 0.5, 0.5, 0.5, 0.5, 0.5, 0.5, 0.5, 0.5, 0.5, 0.5, 0.5, 0.5, 0.5, 0.5, 0.5, 0.5, 0.5, 0.5, 0.5, 0.5, 0.5, 0.5, 0.5, 0.5, 0.5, 0.5, 0.5, 0.5, 0.5, 0.5, 0.5, 0.5, 0.5, 0.5, 0.5, 0.5, 0.5, 0.5, 0.5, 0.5, 0.5, 0.5, 0.5, 0.5, 0.5, 0.5, 0.5, 0.5, 0.5, 0.5, 0.5, 0.5, 0.5, 0.5, 0.5, 0.5, 0.5, 0.5, 0.5, 0.5, 0.5, 0.5, 0.5, 0.5, 0.5, 0.5, 0.5, 0.5, 0.5, 0.5, 0.5, 0.5, 0.5, 0.5, 0.5, 0.5, 0.5, 0.5, 0.5, 0.5, 0.5, 0.5, 0.5, 0.5, 0.5, 0.5, 0.5, 0.5, 0.5, 0.5, 0.5, 0.5, 0.5, 0.5, 0.5, 0.5, 0.5, 0.5, 0.5, 0.5, 0.5, 0.5, 0.5, 0.5, 0.5, 0.5, 0.5, 0.5, 0.5, 0.5, 0.5, 0.5, 0.5, 0.5, 0.5, 0.5, 0.5, 0.5, 0.5, 0.5, 0.5, 0.5, 0.5, 0.5, 0.5, 0.5, 0.5, 0.5, 0.5, 0.5, 0.5, 0.5, 0.5, 0.5, 0.5, 0.5, 0.5, 0.5, 0.5, 0.5, 0.5, 0.5, 0.5, 0.5, 0.5, 0.5, 0.5, 0.5, 0.5, 0.5, 0.5, 0.5, 0.5, 0.5, 0.5, 0.5, 0.5, 0.5, 0.5, 0.5, 0.5, 0.5, 0.5, 0.5, 0.5, 0.5, 0.5, 0.5, 0.5, 0.5, 0.5, 0.5, 0.5, 0.5, 0.5, 0.5, 0.5, 0.5, 0.5, 0.5, 0.5, 0.5, 0.5, 0.5, 0.5, 0.5, 0.5, 0.5, 0.5, 0.5, 0.5, 0.5, 0.5, 0.5, 0.5, 0.5, 0.5, 0.5, 0.5, 0.5, 0.5, 0.5, 0.5, 0.5, 0.5, 0.5, 0.5, 0.5, 0.5, 0.5, 0.5, 0.5, 0.5, 0.5, 0.5, 0.5, 0.5, 0.5, 0.5, 0.5, 0.5, 0.5, 0.5, 0.5, 0.5, 0.5, 0.5, 0.5, 0.5, 0.5, 0.5, 0.5, 0.5, 0.5, 0.5, 0.5, 0.5, 0.5, 0.5, 0.5, 0.5, 0.5, 0.5, 0.5, 0.5, 0.5, 0.5, 0.5, 0.5, 0.5, 0.5, 0.5, 0.5, 0.5, 0.5, 0.5, 0.5, 0.5, 0.5, 0.5, 0.5, 0.5, 0.5, 0.5, 0.5, 0.5, 0.5, 0.5, 0.5, 0.5, 0.5, 0.5, 0.5, 0.5, 0.5, 0.5, 0.5, 0.5, 0.5, 0.5, 0.5, 0.5, 0.5, 0.5, 0.5, 0.5, 0.5, 0.5, 0.5, 0.5, 0.5, 0.5, 0.5, 0.5, 0.5, 0.5, 0.5, 0.5, 0.5, 0.5, 0.5, 0.5, 0.5, 0.5, 0.5, 0.5, 0.5, 0.5, 0.5, 0.5, 0.5, 0.5, 0.5, 0.5, 0.5, 0.5, 0.5, 0.5, 0.5, 0.5, 0.5, 0.5, 0.5, 0.5, 0.5, 0.5, 0.5, 0.5, 0.5, 0.5, 0.5, 0.5, 0.5, 0.5, 0.5, 0.5, 0.5, 0.5, 0.5, 0.5, 0.5, 0.5, 0.5]",0
2025_11_KICE_4-9_4,['1(3)'],"1번: (선택지 1번에 대한 답변) 적절하다. ""한성순보""를 간행한 취지가 서양에 대한 반감을 줄이는 데 있다는 점은 지문 (가)에서 언급된 ""임오군란 이후, 고종은 자강 정책을 추진하면서 반(反)서양 정서의 교정을 위해 '한성순보'를 발간했다.""라는 문장에서 근거를 찾을 수 있습니다.

2번: (선택지 2번에 대한 답변) 부적절하다. 지문 (가)에서 개화당의 개화 개념이 통치 방식의 변화와 관련된다는 점과 <보기>에서 정부가 서양의 생산 기술을 도입하려는 목표는 개화의 취지와 일치합니다. 따라서 선택지 2번의 ""다르겠군""이라는 해석은 지문과 일치하지 않습니다. (지문 속 근거: ""개화당의 한 인사가 제시한 개화 개념은 ... 통치 방식으로의 변화를 내포하는 것이었다."")

3번: (선택지 3번에 대한 답변) 적절하다. 지문 (가)에서 박은식이 과학과 구별되는 철학의 중요성을 강조한 점은 <보기>에서 젊은이들의 전통 문화에 대한 인식 변화가 철학의 부재 때문이라는 해석과 일치합니다. (지문 속 근거: ""그는 ... 가치관 정립과 인격 수양을 위해 철학 또한 필수적 이라고 보았다."")

4번: (선택지 4번에 대한 답변) 적절하다. 지문 (나)에서 옌푸가 기술과 정신적 자질의 중요성을 강조한 점은 <보기>에서 기술 수용만을 중시한 결과 경쟁에서 승리하지 못했다는 해석과 일치합니다. (지문 속 근거: ""옌푸는 ... 과학 정신이 전제되지 않은 정치적 변혁은 뿌리내릴 수 없는 것이었다."")

5번: (선택지 5번에 대한 답변) 적절하다. 지문 (나)에서 장쥔마이가 과학적 방법의 한계를 지적한 점은 <보기>에서 전통 가치관이 과학적 방법으로 해결될 수 없다는 해석과 일치합니다. (지문 속 근거: ""그는 인생관을 과학과 별개로 파악했고, ... 과학적 방법이 적용될 수 없다고 지적했다."")

**최종 정답:** 2번","[16, 19613, 25, 350, 16857, 29871, 3908, 220, 16, 19613, 3107, 33398, 107393, 35776, 8, 36675, 37100, 67329, 13, 392, 3748, 9360, 49785, 8122, 1, 4831, 53736, 15719, 3748, 66765, 158317, 24795, 21902, 3107, 33398, 35007, 155767, 70105, 83872, 40237, 120608, 54788, 4740, 12688, 11397, 350, 4081, 8, 11440, 69163, 28868, 17498, 392, 20043, 12354, 44155, 43514, 86594, 11, 22652, 28755, 4740, 15508, 28318, 137601, 3281, 133405, 105991, 35007, 7, 23004, 8, 4865, 21902, 14296, 4865, 3408, 35054, 90056, 35817, 461, 3748, 9360, 49785, 8122, 6, 4831, 26370, 12780, 22342, 3692, 83564, 26387, 162680, 71124, 17077, 4831, 53975, 3281, 8963, 25824, 364, 17, 19613, 25, 350, 16857, 29871, 3908, 220, 17, 19613, 3107, 33398, 107393, 35776, 8, 20211, 9871, 37100, 67329, 13, 12688, 11397, 350, 4081, 8, 11440, 21945, 11049, 19388, 3408, 21945, 11049, 21945, 80656, 2186, 26953, 13426, 131355, 3408, 143667, 12753, 60286, 17498, 53957, 54788, 8562, 464, 85552, 29, 11440, 97785, 4081, 24795, 21902, 3408, 131683, 81182, 3281, 27433, 12145, 148918, 2770, 155942, 2770, 21945, 11049, 3408, 66765, 3908, 12753, 18129, 13426, 24490, 13, 171123, 64620, 3908, 220, 17, 19613, 3408, 392, 2276, 20697, 35161, 44155, 1, 112211, 21864, 30598, 4740, 12688, 11397, 8562, 18129, 13426, 44531, 113243, 13, 350, 3908, 11397, 58785, 71124, 17077, 25, 392, 13915, 11049, 19388, 3408, 14680, 16876, 119991, 14377, 5637, 3748, 21945, 11049, 21945, 80656, 4740, 2550, 26953, 13426, 131355, 9911, 3408, 38152, 92273, 21566, 21359, 14108, 46947, 35590, 79197, 18, 19613, 25, 350, 16857, 29871, 3908, 220, 18, 19613, 3107, 33398, 107393, 35776, 8, 36675, 37100, 67329, 13, 12688, 11397, 350, 4081, 8, 11440, 67832, 4740, 17087, 2186, 43635, 17253, 8562, 23019, 33337, 56216, 122853, 17253, 3408, 82645, 77322, 180435, 3748, 54788, 4740, 464, 85552, 29, 11440, 4889, 232, 4740, 2186, 49714, 12946, 22960, 123028, 3107, 33398, 16876, 17087, 143667, 4081, 122853, 17253, 3408, 20211, 16012, 46708, 112211, 21864, 30598, 8562, 18129, 13426, 24490, 13, 350, 3908, 11397, 58785, 71124, 17077, 25, 392, 11946, 2770, 2550, 192615, 15853, 14296, 31453, 8562, 16876, 24270, 8963, 21902, 3281, 35817, 122853, 17253, 83808, 37517, 7820, 9871, 6548, 67328, 13611, 69458, 79197, 19, 19613, 25, 350, 16857, 29871, 3908, 220, 19, 19613, 3107, 33398, 107393, 35776, 8, 36675, 37100, 67329, 13, 12688, 11397, 350, 7663, 8, 11440, 8970, 234, 156794, 4081, 81182, 8562, 191819, 9871, 15508, 30570, 3408, 82645, 77322, 180435, 3748, 54788, 4740, 464, 85552, 29, 11440, 81182, 8963, 8423, 10452, 3281, 19078, 5637, 3748, 67277, 159693, 11440, 80749, 4960, 44531, 51614, 22342, 2770, 21864, 30598, 8562, 18129, 13426, 24490, 13, 350, 3908, 11397, 58785, 71124, 17077, 25, 392, 5835, 234, 156794, 2770, 2550, 43635, 17253, 191819, 2186, 12946, 8021, 118797, 100051, 159931, 9871, 38152, 120232, 4740, 1112, 123, 234, 4960, 13579, 70984, 8963, 70190, 46947, 35590, 79197, 20, 19613, 25, 350, 16857, 29871, 3908, 220, 20, 19613, 3107, 33398, 107393, 35776, 8, 36675, 37100, 67329, 13, 12688, 11397, 350, 7663, 8, 11440, 32697, 168, 98, 242, 11630, 141841, 43635, 17253, 9871, 59581, 3408, 14680, 173370, 12688, 9871, 3748, 54788, 4740, 464, 85552, 29, 11440, 12946, 22960, 192615, 15853, 2186, 43635, 17253, 9871, 59581, 9911, 128295, 57189, 8963, 20286, 53957, 21864, 30598, 8562, 18129, 13426, 24490, 13, 350, 3908, 11397, 58785, 71124, 17077, 25, 392, 11946, 2770, 16876, 16785, 15853, 3281, 43635, 17253, 8562, 95915, 13915, 3710, 36349, 54557, 183353, 11, 2550, 43635, 17253, 9871, 59581, 2186, 102833, 57189, 8963, 20286, 57758, 12688, 9871, 22342, 79197, 410, 29538, 28755, 14296, 56208, 142760, 220, 17, 19613]","[0.5, 0.5, 0.5, 0.5, 0.5, 0.5, 0.5, 0.5, 0.5, 0.5, 0.5, 0.5, 0.5, 0.5, 0.5, 0.5, 0.5, 0.5, 0.5, 0.5, 0.5, 0.5, 0.5, 0.5, 0.5, 0.5, 0.5, 0.5, 0.5, 0.5, 0.5, 0.5, 0.5, 0.5, 0.5, 0.5, 0.5, 0.5, 0.5, 0.5, 0.5, 0.5, 0.5, 0.5, 0.5, 0.5, 0.5, 0.5, 0.5, 0.5, 0.5, 0.5, 0.5, 0.5, 0.5, 0.5, 0.5, 0.5, 0.5, 0.5, 0.5, 0.5, 0.5, 0.5, 0.5, 0.5, 0.5, 0.5, 0.5, 0.5, 0.5, 0.5, 0.5, 0.5, 0.5, 0.5, 0.5, 0.5, 0.5, 0.5, 0.5, 0.5, 0.5, 0.5, 0.5, 0.5, 0.5, 0.5, 0.5, 0.5, 0.5, 0.5, 0.5, 0.5, 0.5, 0.5, 0.5, 0.5, 0.5, 0.5, 0.5, 0.5, 0.5, 0.5, 0.5, 0.5, 0.5, 0.5, 0.5, 0.5, 0.5, 0.5, 0.5, 0.5, 0.5, 0.5, 0.5, 0.5, 0.5, 0.5, 0.5, 0.5, 0.5, 0.5, 0.5, 0.5, 0.5, 0.5, 0.5, 0.5, 0.5, 0.5, 0.5, 0.5, 0.5, 0.5, 0.5, 0.5, 0.5, 0.5, 0.5, 0.5, 0.5, 0.5, 0.5, 0.5, 0.5, 0.5, 0.5, 0.5, 0.5, 0.5, 0.5, 0.5, 0.5, 0.5, 0.5, 0.5, 0.5, 0.5, 0.5, 0.5, 0.5, 0.5, 0.5, 0.5, 0.5, 0.5, 0.5, 0.5, 0.5, 0.5, 0.5, 0.5, 0.5, 0.5, 0.5, 0.5, 0.5, 0.5, 0.5, 0.5, 0.5, 0.5, 0.5, 0.5, 0.5, 0.5, 0.5, 0.5, 0.5, 0.5, 0.5, 0.5, 0.5, 0.5, 0.5, 0.5, 0.5, 0.5, 0.5, 0.5, 0.5, 0.5, 0.5, 0.5, 0.5, 0.5, 0.5, 0.5, 0.5, 0.5, 0.5, 0.5, 0.5, 0.5, 0.5, 0.5, 0.5, 0.5, 0.5, 0.5, 0.5, 0.5, 0.5, 0.5, 0.5, 0.5, 0.5, 0.5, 0.5, 0.5, 0.5, 0.5, 0.5, 0.5, 0.5, 0.5, 0.5, 0.5, 0.5, 0.5, 0.5, 0.5, 0.5, 0.5, 0.5, 0.5, 0.5, 0.5, 0.5, 0.5, 0.5, 0.5, 0.5, 0.5, 0.5, 0.5, 0.5, 0.5, 0.5, 0.5, 0.5, 0.5, 0.5, 0.5, 0.5, 0.5, 0.5, 0.5, 0.5, 0.5, 0.5, 0.5, 0.5, 0.5, 0.5, 0.5, 0.5, 0.5, 0.5, 0.5, 0.5, 0.5, 0.5, 0.5, 0.5, 0.5, 0.5, 0.5, 0.5, 0.5, 0.5, 0.5, 0.5, 0.5, 0.5, 0.5, 0.5, 0.5, 0.5, 0.5, 0.5, 0.5, 0.5, 0.5, 0.5, 0.5, 0.5, 0.5, 0.5, 0.5, 0.5, 0.5, 0.5, 0.5, 0.5, 0.5, 0.5, 0.5, 0.5, 0.5, 0.5, 0.5, 0.5, 0.5, 0.5, 0.5, 0.5, 0.5, 0.5, 0.5, 0.5, 0.5, 0.5, 0.5, 0.5, 0.5, 0.5, 0.5, 0.5, 0.5, 0.5, 0.5, 0.5, 0.5, 0.5, 0.5, 0.5, 0.5, 0.5, 0.5, 0.5, 0.5, 0.5, 0.5, 0.5, 0.5, 0.5, 0.5, 0.5, 0.5, 0.5, 0.5, 0.5, 0.5, 0.5, 0.5, 0.5, 0.5, 0.5, 0.5, 0.5, 0.5, 0.5, 0.5, 0.5, 0.5, 0.5, 0.5, 0.5, 0.5, 0.5, 0.5, 0.5, 0.5, 0.5, 0.5, 0.5, 0.5, 0.5, 0.5, 0.5, 0.5, 0.5, 0.5, 0.5, 0.5, 0.5, 0.5, 0.5, 0.5, 0.5, 0.5, 0.5, 0.5, 0.5, 0.5, 0.5, 0.5, 0.5, 0.5, 0.5, 0.5, 0.5, 0.5, 0.5, 0.5, 0.5, 0.5, 0.5, 0.5, 0.5, 0.5, 0.5, 0.5, 0.5, 0.5, 0.5, 0.5, 0.5, 0.5, 0.5, 0.5, 0.5, 0.5, 0.5, 0.5, 0.5, 0.5, 0.5, 0.5, 0.5, 0.5, 0.5, 0.5, 0.5, 0.5, 0.5, 0.5, 0.5, 0.5, 0.5, 0.5, 0.5, 0.5, 0.5, 0.5, 0.5, 0.5, 0.5, 0.5, 0.5, 0.5, 0.5, 0.5, 0.5, 0.5, 0.5, 0.5, 0.5, 0.5, 0.5, 0.5, 0.5, 0.5, 0.5, 0.5, 0.5, 0.5, 0.5, 0.5, 0.5, 0.5, 0.5, 0.5, 0.5, 0.5, 0.5, 0.5, 0.5, 0.5, 0.5, 0.5, 0.5, 0.5, 0.5, 0.5, 0.5, 0.5, 0.5, 0.5, 0.5, 0.5, 0.5, 0.5, 0.5, 0.5, 0.5, 0.5, 0.5, 0.5, 0.5, 0.5, 0.5, 0.5, 0.5, 0.5, 0.5, 0.5, 0.5, 0.5, 0.5, 0.5, 0.5, 0.5, 0.5, 0.5, 0.5, 0.5, 0.5, 0.5, 0.5, 0.5, 0.5, 0.5, 0.5, 0.5, 0.5, 0.5, 0.5, 0.5, 0.5, 0.5, 0.5, 0.5, 0.5, 0.5, 0.5, 0.5, 0.5, 0.5, 0.5, 0.5, 0.5, 0.5, 0.5, 0.5, 0.5, 0.5, 0.5, 0.5, 0.5, 0.5, 0.5, 0.5, 0.5, 0.5, 0.5, 0.5, 0.5]",0
2025_11_KICE_4-9_5,['2(2)'],"1번: 선택지 1번은 ""다행히 비는 그사이에 [그쳐] 있었다.""로, 문맥과 관련이 없습니다. (지문 속 근거가 된 문장)
2번: 선택지 2번은 ""우리 학교는 이번에 16강에 [그쳤다].""로, 공상이 어떤 단계에서 그친다는 의미와 유사합니다. (지문 속 근거가 된 문장)
3번: 선택지 3번은 ""아이 울음이 좀처럼 [그치지] 않았다.""로, 계속되지 않은 상황을 나타내어 문맥과 맞지 않습니다. (지문 속 근거가 된 문장)
4번: 선택지 4번은 ""그는 만류에도 말을 [그치지] 않았다.""로, 계속하는 상황을 나타냅니다. (지문 속 근거가 된 문장)
5번: 선택지 5번은 ""저 사람들은 불평이 [그칠] 날이 없다.""로, 계속되는 상황을 나타냅니다. (지문 속 근거가 된 문장)

최종 정답: 2번","[16, 19613, 25, 64620, 3908, 220, 16, 19613, 4740, 392, 2276, 15719, 20357, 22643, 2770, 10599, 5537, 158170, 723, 11946, 70032, 60, 113089, 3692, 3710, 11, 26387, 149009, 8562, 60286, 2186, 84652, 13, 350, 3908, 11397, 58785, 71124, 17077, 4081, 51312, 26387, 7681, 446, 17, 19613, 25, 64620, 3908, 220, 17, 19613, 4740, 392, 144799, 136975, 2770, 86493, 3107, 220, 1125, 28318, 3107, 723, 11946, 176976, 2276, 1651, 1, 3710, 11, 19010, 167629, 85500, 188019, 11440, 10599, 61407, 53957, 102721, 12753, 22748, 5537, 24490, 13, 350, 3908, 11397, 58785, 71124, 17077, 4081, 51312, 26387, 7681, 446, 18, 19613, 25, 64620, 3908, 220, 18, 19613, 4740, 392, 147147, 149828, 14862, 2186, 107894, 96221, 723, 11946, 13426, 3908, 60, 184035, 3692, 3710, 11, 111506, 118797, 100051, 85368, 3281, 94485, 13579, 5959, 26387, 149009, 8562, 55640, 3908, 113243, 13, 350, 3908, 11397, 58785, 71124, 17077, 4081, 51312, 26387, 7681, 446, 19, 19613, 25, 64620, 3908, 220, 19, 19613, 4740, 392, 11946, 2770, 22400, 34005, 73273, 193025, 723, 11946, 13426, 3908, 60, 184035, 3692, 3710, 11, 111506, 14108, 85368, 3281, 94485, 43607, 162551, 13, 350, 3908, 11397, 58785, 71124, 17077, 4081, 51312, 26387, 7681, 446, 20, 19613, 25, 64620, 3908, 220, 20, 19613, 4740, 392, 22316, 34014, 47793, 36387, 43432, 2186, 723, 11946, 133097, 60, 61781, 2186, 92706, 3692, 3710, 11, 111506, 56216, 85368, 3281, 94485, 43607, 162551, 13, 350, 3908, 11397, 58785, 71124, 17077, 4081, 51312, 26387, 7681, 1029, 29538, 28755, 14296, 56208, 25, 220, 17, 19613]","[0.5, 0.5, 0.5, 0.5, 0.5, 0.5, 0.5, 0.5, 0.5, 0.5, 0.5, 0.5, 0.5, 0.5, 0.5, 0.5, 0.5, 0.5, 0.5, 0.5, 0.5, 0.5, 0.5, 0.5, 0.5, 0.5, 0.5, 0.5, 0.5, 0.5, 0.5, 0.5, 0.5, 0.5, 0.5, 0.5, 0.5, 0.5, 0.5, 0.5, 0.5, 0.5, 0.5, 0.5, 0.5, 0.5, 0.5, 0.5, 0.5, 0.5, 0.5, 0.5, 0.5, 0.5, 0.5, 0.5, 0.5, 0.5, 0.5, 0.5, 0.5, 0.5, 0.5, 0.5, 0.5, 0.5, 0.5, 0.5, 0.5, 0.5, 0.5, 0.5, 0.5, 0.5, 0.5, 0.5, 0.5, 0.5, 0.5, 0.5, 0.5, 0.5, 0.5, 0.5, 0.5, 0.5, 0.5, 0.5, 0.5, 0.5, 0.5, 0.5, 0.5, 0.5, 0.5, 0.5, 0.5, 0.5, 0.5, 0.5, 0.5, 0.5, 0.5, 0.5, 0.5, 0.5, 0.5, 0.5, 0.5, 0.5, 0.5, 0.5, 0.5, 0.5, 0.5, 0.5, 0.5, 0.5, 0.5, 0.5, 0.5, 0.5, 0.5, 0.5, 0.5, 0.5, 0.5, 0.5, 0.5, 0.5, 0.5, 0.5, 0.5, 0.5, 0.5, 0.5, 0.5, 0.5, 0.5, 0.5, 0.5, 0.5, 0.5, 0.5, 0.5, 0.5, 0.5, 0.5, 0.5, 0.5, 0.5, 0.5, 0.5, 0.5, 0.5, 0.5, 0.5, 0.5, 0.5, 0.5, 0.5, 0.5, 0.5, 0.5, 0.5, 0.5, 0.5, 0.5, 0.5, 0.5, 0.5, 0.5, 0.5, 0.5, 0.5, 0.5, 0.5, 0.5, 0.5, 0.5, 0.5, 0.5, 0.5, 0.5, 0.5, 0.5, 0.5, 0.5, 0.5, 0.5, 0.5, 0.5, 0.5, 0.5, 0.5, 0.5, 0.5, 0.5, 0.5, 0.5, 0.5, 0.5, 0.5, 0.5, 0.5, 0.5, 0.5, 0.5, 0.5, 0.5, 0.5, 0.5, 0.5, 0.5, 0.5, 0.5, 0.5, 0.5, 0.5, 0.5, 0.5, 0.5, 0.5, 0.5, 0.5, 0.5, 0.5, 0.5, 0.5, 0.5, 0.5, 0.5, 0.5, 0.5, 0.5, 0.5, 0.5, 0.5, 0.5, 0.5, 0.5, 0.5, 0.5, 0.5]",2
2025_11_KICE_10-13_0,['3(2)'],"1번: 확산 모델이 지도 학습을 사용한다는 점에 주목하고, 지도 학습 방법이 확산 모델에 어떻게 적용되는지 확인하며 읽었다. + ""노이즈 예측기의 학습 방법은 기계 학습 중에서 지도 학습에 해당한다. 지도 학습은 학습 데이터에 정답이 주어져 출력과 정답의 차이가 작아지도록 모델을 학습시키는 방법이다.""

2번: 확산 모델이 두 가지 과정으로 이루어진다는 점에 주목하고, 두 과정 중 어느 과정이 선행되어야 하는지 살피며 읽었다. + ""확산 모델은 노이즈 생성기, 이미지 연산기, 노이즈 예측기로 구성되며, 순확산 과정과 역확산 과정 순으로 작동한다.""

3번: 확산 모델에서 노이즈의 중요성을 파악하고, 사용되는 노이즈의 종류가 모델의 성능에 미치는 영향을 이해하며 읽었다. + ""더해지는 노이즈는 크기나 분포 양상 등 그 특성이 단계별로 다르다.""

4번: 잠재 표현의 개념을 파악하고, 그 개념을 바탕으로 확산 모델이 노이즈를 예측하고 제거하는 원리를 이해하며 읽었다. + ""노이즈 예측기 내부의 이러한 수치들을 잠재 표현이라고 한다. 노이즈 예측기는 잠재 표현을 구하고 노이즈를 예측하는 방식을 학습한다.""

5번: 확산 모델의 구성 요소를 파악하고, 그 구성 요소가 노이즈 처리 과정에서 어떤 기능을 하는지 확인하며 읽었다. + ""확산 모델은 노이즈 생성기, 이미지 연산기, 노이즈 예측기로 구성되며, 그 구성 요소가 노이즈 처리 과정에서 어떤 기능을 하는지 확인하며 읽었다.""

최종 정답: 3번","[16, 19613, 25, 30617, 17198, 128372, 2186, 198244, 44981, 8662, 3281, 27525, 29423, 2770, 54788, 3107, 16130, 25816, 17231, 11, 198244, 44981, 8662, 59581, 2186, 30617, 17198, 128372, 3107, 97906, 102833, 56216, 3908, 54799, 63912, 93243, 35590, 13, 659, 392, 21464, 2186, 31166, 28065, 83228, 191545, 44981, 8662, 59581, 4740, 11061, 15450, 44981, 8662, 19078, 11440, 198244, 44981, 8662, 3107, 85127, 29423, 13, 198244, 44981, 8662, 4740, 44981, 8662, 66586, 3107, 14296, 56208, 2186, 16130, 5959, 42614, 101593, 8562, 14296, 56208, 3408, 40443, 141841, 31389, 7653, 3908, 55496, 128372, 3281, 44981, 8662, 152932, 2770, 59581, 24088, 6635, 17, 19613, 25, 30617, 17198, 128372, 2186, 44922, 65296, 121551, 9911, 140381, 163906, 53957, 54788, 3107, 16130, 25816, 17231, 11, 44922, 121551, 19078, 138744, 121551, 2186, 24001, 15719, 68657, 15494, 43870, 3908, 53779, 31361, 16205, 93243, 35590, 13, 659, 392, 42894, 17198, 128372, 4740, 38985, 2186, 31166, 78709, 4283, 11, 134048, 24038, 17198, 4283, 11, 38985, 2186, 31166, 28065, 83228, 152240, 100457, 14958, 16205, 11, 66329, 42894, 17198, 121551, 8562, 48011, 42894, 17198, 121551, 66329, 9911, 31389, 11803, 29423, 6635, 18, 19613, 25, 30617, 17198, 128372, 11440, 38985, 2186, 31166, 3408, 82645, 77322, 36349, 54557, 17231, 11, 27525, 56216, 38985, 2186, 31166, 3408, 154479, 4081, 128372, 3408, 29805, 19906, 3107, 27233, 133406, 170893, 114840, 63912, 93243, 35590, 13, 659, 392, 22463, 5650, 68299, 38985, 2186, 31166, 2770, 55236, 4283, 7663, 29393, 21359, 59424, 8612, 18651, 10599, 39359, 97731, 188019, 33337, 3710, 14367, 20697, 2276, 6635, 19, 19613, 25, 115711, 16012, 142948, 3408, 21945, 80656, 3281, 36349, 54557, 17231, 11, 10599, 21945, 80656, 3281, 22796, 122697, 9911, 30617, 17198, 128372, 2186, 38985, 2186, 31166, 4831, 28065, 83228, 17231, 155432, 14108, 32518, 66766, 114840, 63912, 93243, 35590, 13, 659, 392, 21464, 2186, 31166, 28065, 83228, 4283, 183876, 3408, 130207, 8963, 13426, 58138, 115711, 16012, 142948, 75348, 46609, 13, 38985, 2186, 31166, 28065, 83228, 92079, 115711, 16012, 142948, 3281, 23019, 17231, 38985, 2186, 31166, 4831, 28065, 83228, 14108, 24030, 104508, 44981, 8662, 29423, 6635, 20, 19613, 25, 30617, 17198, 128372, 3408, 100457, 168113, 4831, 36349, 54557, 17231, 11, 10599, 100457, 168113, 4081, 38985, 2186, 31166, 98436, 121551, 11440, 85500, 86567, 3281, 43870, 3908, 54799, 63912, 93243, 35590, 13, 659, 392, 42894, 17198, 128372, 4740, 38985, 2186, 31166, 78709, 4283, 11, 134048, 24038, 17198, 4283, 11, 38985, 2186, 31166, 28065, 83228, 152240, 100457, 14958, 16205, 11, 10599, 100457, 168113, 4081, 38985, 2186, 31166, 98436, 121551, 11440, 85500, 86567, 3281, 43870, 3908, 54799, 63912, 93243, 35590, 6635, 29538, 28755, 14296, 56208, 25, 220, 18, 19613]","[0.5, 0.5, 0.5, 0.5, 0.5, 0.5, 0.5, 0.5, 0.5, 0.5, 0.5, 0.5, 0.5, 0.5, 0.5, 0.5, 0.5, 0.5, 0.5, 0.5, 0.5, 0.5, 0.5, 0.5, 0.5, 0.5, 0.5, 0.5, 0.5, 0.5, 0.5, 0.5, 0.5, 0.5, 0.5, 0.5, 0.5, 0.5, 0.5, 0.5, 0.5, 0.5, 0.5, 0.5, 0.5, 0.5, 0.5, 0.5, 0.5, 0.5, 0.5, 0.5, 0.5, 0.5, 0.5, 0.5, 0.5, 0.5, 0.5, 0.5, 0.5, 0.5, 0.5, 0.5, 0.5, 0.5, 0.5, 0.5, 0.5, 0.5, 0.5, 0.5, 0.5, 0.5, 0.5, 0.5, 0.5, 0.5, 0.5, 0.5, 0.5, 0.5, 0.5, 0.5, 0.5, 0.5, 0.5, 0.5, 0.5, 0.5, 0.5, 0.5, 0.5, 0.5, 0.5, 0.5, 0.5, 0.5, 0.5, 0.5, 0.5, 0.5, 0.5, 0.5, 0.5, 0.5, 0.5, 0.5, 0.5, 0.5, 0.5, 0.5, 0.5, 0.5, 0.5, 0.5, 0.5, 0.5, 0.5, 0.5, 0.5, 0.5, 0.5, 0.5, 0.5, 0.5, 0.5, 0.5, 0.5, 0.5, 0.5, 0.5, 0.5, 0.5, 0.5, 0.5, 0.5, 0.5, 0.5, 0.5, 0.5, 0.5, 0.5, 0.5, 0.5, 0.5, 0.5, 0.5, 0.5, 0.5, 0.5, 0.5, 0.5, 0.5, 0.5, 0.5, 0.5, 0.5, 0.5, 0.5, 0.5, 0.5, 0.5, 0.5, 0.5, 0.5, 0.5, 0.5, 0.5, 0.5, 0.5, 0.5, 0.5, 0.5, 0.5, 0.5, 0.5, 0.5, 0.5, 0.5, 0.5, 0.5, 0.5, 0.5, 0.5, 0.5, 0.5, 0.5, 0.5, 0.5, 0.5, 0.5, 0.5, 0.5, 0.5, 0.5, 0.5, 0.5, 0.5, 0.5, 0.5, 0.5, 0.5, 0.5, 0.5, 0.5, 0.5, 0.5, 0.5, 0.5, 0.5, 0.5, 0.5, 0.5, 0.5, 0.5, 0.5, 0.5, 0.5, 0.5, 0.5, 0.5, 0.5, 0.5, 0.5, 0.5, 0.5, 0.5, 0.5, 0.5, 0.5, 0.5, 0.5, 0.5, 0.5, 0.5, 0.5, 0.5, 0.5, 0.5, 0.5, 0.5, 0.5, 0.5, 0.5, 0.5, 0.5, 0.5, 0.5, 0.5, 0.5, 0.5, 0.5, 0.5, 0.5, 0.5, 0.5, 0.5, 0.5, 0.5, 0.5, 0.5, 0.5, 0.5, 0.5, 0.5, 0.5, 0.5, 0.5, 0.5, 0.5, 0.5, 0.5, 0.5, 0.5, 0.5, 0.5, 0.5, 0.5, 0.5, 0.5, 0.5, 0.5, 0.5, 0.5, 0.5, 0.5, 0.5, 0.5, 0.5, 0.5, 0.5, 0.5, 0.5, 0.5, 0.5, 0.5, 0.5, 0.5, 0.5, 0.5, 0.5, 0.5, 0.5, 0.5, 0.5, 0.5, 0.5, 0.5, 0.5, 0.5, 0.5, 0.5, 0.5, 0.5, 0.5, 0.5, 0.5, 0.5, 0.5, 0.5, 0.5, 0.5, 0.5, 0.5, 0.5, 0.5, 0.5, 0.5, 0.5, 0.5, 0.5, 0.5, 0.5, 0.5, 0.5, 0.5, 0.5, 0.5, 0.5, 0.5, 0.5, 0.5, 0.5, 0.5, 0.5, 0.5, 0.5, 0.5, 0.5, 0.5, 0.5, 0.5, 0.5, 0.5, 0.5, 0.5, 0.5, 0.5, 0.5, 0.5, 0.5, 0.5, 0.5, 0.5, 0.5, 0.5, 0.5, 0.5, 0.5, 0.5, 0.5, 0.5, 0.5, 0.5, 0.5, 0.5, 0.5, 0.5, 0.5, 0.5, 0.5, 0.5, 0.5, 0.5, 0.5, 0.5, 0.5, 0.5, 0.5, 0.5, 0.5, 0.5, 0.5, 0.5, 0.5, 0.5, 0.5, 0.5, 0.5, 0.5, 0.5, 0.5, 0.5, 0.5, 0.5, 0.5, 0.5, 0.5, 0.5, 0.5, 0.5, 0.5, 0.5, 0.5, 0.5, 0.5]",2
2025_11_KICE_10-13_1,['1(2)'],"1번 - **노이즈 생성기는 순확산 과정에서만 작동한다.**
   
   *""확산 모델은 노이즈 생성기, 이미지 연산기, 노이즈 예측기로 구성되며, 순확산 과정과 역확산 과정 순으로 작동한다.""*

2번 - **확산 모델에서의 학습은 역확산 과정에서 이루어진다.**
   
   *""순확산 과정은 이미지에 노이즈를 추가하면서 노이즈 예측기를 학습시키는 과정이다.""*

3번 - **이미지 연산기와 노이즈 예측기는 모두 확산 이미지를 출력한다.**
   
   *""노이즈 예측기는 단계별로 확산 이미지를 입력받아 이미지에 포함된 노이즈의 특성을 추출하여 수치들로 표현하고, 이 수치들을 바탕으로 노이즈를 예측한다.""*

4번 - **노이즈 예측기를 학습시킬 때는 예측된 노이즈가 정답으로 사용된다.**
   
   *""노이즈 예측기를 학습시킬 때는 노이즈 생성기에서 만들어 넣어 준 노이즈가 정답에 해당하며 이 노이즈와 예측된 노이즈 사이의 차이가 작아지도록 학습시킨다.""*

5번 - **역확산 과정에서 단계가 반복될수록 출력되는 확산 이미지는 원본 이미지와의 유사성이 줄어든다.**
   
   *""역확산 과정은 노이즈 이미지에서 노이즈를 제거하여 원본 이미지를 복원하는 과정이다. ... 단계를 반복하면 결국 노이즈가 대부분 제거되어 원본 이미지에 가까운 이미지만 남게 된다.""*

**최종 정답:** 1번","[16, 19613, 533, 6240, 21464, 2186, 31166, 78709, 92079, 66329, 42894, 17198, 121551, 11440, 10452, 31389, 11803, 29423, 13, 1612, 10190, 256, 425, 1, 42894, 17198, 128372, 4740, 38985, 2186, 31166, 78709, 4283, 11, 134048, 24038, 17198, 4283, 11, 38985, 2186, 31166, 28065, 83228, 152240, 100457, 14958, 16205, 11, 66329, 42894, 17198, 121551, 8562, 48011, 42894, 17198, 121551, 66329, 9911, 31389, 11803, 29423, 3692, 26289, 17, 19613, 533, 6240, 42894, 17198, 128372, 11440, 3408, 44981, 8662, 4740, 48011, 42894, 17198, 121551, 11440, 140381, 163906, 2276, 13, 1612, 10190, 256, 425, 1, 49785, 42894, 17198, 121551, 4740, 134048, 3107, 38985, 2186, 31166, 4831, 65110, 105991, 38985, 2186, 31166, 28065, 83228, 54668, 44981, 8662, 152932, 2770, 121551, 24088, 3692, 26289, 18, 19613, 533, 6240, 190845, 3908, 24038, 17198, 4283, 12753, 38985, 2186, 31166, 28065, 83228, 92079, 67168, 30617, 17198, 71990, 79972, 101593, 29423, 13, 1612, 10190, 256, 425, 1, 21464, 2186, 31166, 28065, 83228, 92079, 188019, 33337, 3710, 30617, 17198, 71990, 79972, 61024, 47624, 7653, 134048, 3107, 79778, 17498, 38985, 2186, 31166, 3408, 39359, 77322, 28912, 16662, 31412, 8963, 13426, 8635, 3710, 142948, 17231, 11, 6548, 8963, 13426, 58138, 22796, 122697, 9911, 38985, 2186, 31166, 4831, 28065, 83228, 29423, 3692, 26289, 19, 19613, 533, 6240, 21464, 2186, 31166, 28065, 83228, 54668, 44981, 8662, 5637, 140205, 23553, 2770, 28065, 83228, 17498, 38985, 2186, 31166, 4081, 14296, 56208, 9911, 27525, 79514, 13, 1612, 10190, 256, 425, 1, 21464, 2186, 31166, 28065, 83228, 54668, 44981, 8662, 5637, 140205, 23553, 2770, 38985, 2186, 31166, 78709, 4283, 11440, 92980, 106423, 5959, 69403, 38985, 2186, 31166, 4081, 14296, 56208, 3107, 85127, 63912, 6548, 38985, 2186, 31166, 12753, 28065, 83228, 17498, 38985, 2186, 31166, 86059, 3408, 40443, 141841, 31389, 7653, 3908, 55496, 44981, 8662, 5637, 121774, 2276, 3692, 26289, 20, 19613, 533, 6240, 21925, 42894, 17198, 121551, 11440, 188019, 4081, 184213, 57189, 7820, 18490, 101593, 56216, 30617, 17198, 71990, 68299, 32518, 23616, 134048, 12753, 3408, 22748, 5537, 97731, 70105, 5959, 26556, 2276, 13, 1612, 10190, 256, 425, 1, 21925, 42894, 17198, 121551, 4740, 38985, 2186, 31166, 134048, 11440, 38985, 2186, 31166, 4831, 155432, 31412, 32518, 23616, 71990, 79972, 68238, 8143, 14108, 121551, 24088, 13, 2550, 38340, 173370, 184213, 56791, 183270, 38985, 2186, 31166, 4081, 145036, 155432, 68657, 32518, 23616, 134048, 3107, 176800, 15435, 71990, 29560, 42346, 7996, 92986, 3692, 26289, 410, 29538, 28755, 14296, 56208, 142760, 220, 16, 19613]","[0.5, 0.5, 0.5, 0.5, 0.5, 0.5, 0.5, 0.5, 0.5, 0.5, 0.5, 0.5, 0.5, 0.5, 0.5, 0.5, 0.5, 0.5, 0.5, 0.5, 0.5, 0.5, 0.5, 0.5, 0.5, 0.5, 0.5, 0.5, 0.5, 0.5, 0.5, 0.5, 0.5, 0.5, 0.5, 0.5, 0.5, 0.5, 0.5, 0.5, 0.5, 0.5, 0.5, 0.5, 0.5, 0.5, 0.5, 0.5, 0.5, 0.5, 0.5, 0.5, 0.5, 0.5, 0.5, 0.5, 0.5, 0.5, 0.5, 0.5, 0.5, 0.5, 0.5, 0.5, 0.5, 0.5, 0.5, 0.5, 0.5, 0.5, 0.5, 0.5, 0.5, 0.5, 0.5, 0.5, 0.5, 0.5, 0.5, 0.5, 0.5, 0.5, 0.5, 0.5, 0.5, 0.5, 0.5, 0.5, 0.5, 0.5, 0.5, 0.5, 0.5, 0.5, 0.5, 0.5, 0.5, 0.5, 0.5, 0.5, 0.5, 0.5, 0.5, 0.5, 0.5, 0.5, 0.5, 0.5, 0.5, 0.5, 0.5, 0.5, 0.5, 0.5, 0.5, 0.5, 0.5, 0.5, 0.5, 0.5, 0.5, 0.5, 0.5, 0.5, 0.5, 0.5, 0.5, 0.5, 0.5, 0.5, 0.5, 0.5, 0.5, 0.5, 0.5, 0.5, 0.5, 0.5, 0.5, 0.5, 0.5, 0.5, 0.5, 0.5, 0.5, 0.5, 0.5, 0.5, 0.5, 0.5, 0.5, 0.5, 0.5, 0.5, 0.5, 0.5, 0.5, 0.5, 0.5, 0.5, 0.5, 0.5, 0.5, 0.5, 0.5, 0.5, 0.5, 0.5, 0.5, 0.5, 0.5, 0.5, 0.5, 0.5, 0.5, 0.5, 0.5, 0.5, 0.5, 0.5, 0.5, 0.5, 0.5, 0.5, 0.5, 0.5, 0.5, 0.5, 0.5, 0.5, 0.5, 0.5, 0.5, 0.5, 0.5, 0.5, 0.5, 0.5, 0.5, 0.5, 0.5, 0.5, 0.5, 0.5, 0.5, 0.5, 0.5, 0.5, 0.5, 0.5, 0.5, 0.5, 0.5, 0.5, 0.5, 0.5, 0.5, 0.5, 0.5, 0.5, 0.5, 0.5, 0.5, 0.5, 0.5, 0.5, 0.5, 0.5, 0.5, 0.5, 0.5, 0.5, 0.5, 0.5, 0.5, 0.5, 0.5, 0.5, 0.5, 0.5, 0.5, 0.5, 0.5, 0.5, 0.5, 0.5, 0.5, 0.5, 0.5, 0.5, 0.5, 0.5, 0.5, 0.5, 0.5, 0.5, 0.5, 0.5, 0.5, 0.5, 0.5, 0.5, 0.5, 0.5, 0.5, 0.5, 0.5, 0.5, 0.5, 0.5, 0.5, 0.5, 0.5, 0.5, 0.5, 0.5, 0.5, 0.5, 0.5, 0.5, 0.5, 0.5, 0.5, 0.5, 0.5, 0.5, 0.5, 0.5, 0.5, 0.5, 0.5, 0.5, 0.5, 0.5, 0.5, 0.5, 0.5, 0.5, 0.5, 0.5, 0.5, 0.5, 0.5, 0.5, 0.5, 0.5, 0.5, 0.5, 0.5, 0.5, 0.5, 0.5, 0.5, 0.5, 0.5, 0.5, 0.5, 0.5, 0.5, 0.5, 0.5, 0.5, 0.5, 0.5, 0.5, 0.5, 0.5, 0.5, 0.5, 0.5, 0.5, 0.5, 0.5, 0.5, 0.5, 0.5, 0.5, 0.5, 0.5, 0.5, 0.5, 0.5, 0.5, 0.5, 0.5, 0.5, 0.5, 0.5, 0.5, 0.5, 0.5, 0.5, 0.5, 0.5, 0.5, 0.5, 0.5, 0.5, 0.5, 0.5, 0.5, 0.5, 0.5, 0.5, 0.5, 0.5, 0.5, 0.5, 0.5, 0.5, 0.5, 0.5, 0.5, 0.5, 0.5, 0.5, 0.5, 0.5, 0.5, 0.5, 0.5, 0.5, 0.5, 0.5, 0.5, 0.5, 0.5, 0.5, 0.5, 0.5]",2
2025_11_KICE_10-13_2,['5(2)'],"1번: 잠재 표현의 수치들을 조정하면 여러 이미지를 혼합할 수 있다. 
(""또한 잠재 표현의 수치들을 조정하면 다른 특성의 노이즈가 생성되어 여러 이미지를 혼합하거나 실재하지 않는 이미지를 만들어 낼 수도 있다."")

2번: 역확산 과정에서 잠재 표현이 다르면 예측되는 노이즈가 다르다.
(""노이즈 예측기는 단계별로 확산 이미지를 입력받아 이미지에 포함된 노이즈의 특성을 추출하여 수치들로 표현하고, 이 수치들을 바탕으로 노이즈를 예측한다."")

3번: 확산 모델의 학습에는 잠재 표현을 구하는 방식이 포함되어 있다.
(""노이즈 예측기는 잠재 표현을 구하고 노이즈를 예측하는 방식을 학습한다."")

4번: 잠재 표현은 이미지에 더해진 노이즈의 크기나 분포 양상에 따라 다른 값들이 얻어진다.
(""이때 더해지는 노이즈는 크기나 분포 양상 등 그 특성이 단계별로 다르다. 따라서 노이즈 예측기는 단계별로 확산 이미지를 입력받아 이미지에 포함된 노이즈의 특성을 추출하여 수치들로 표현하고..."")

5번: 잠재 표현은 노이즈 예측기가 원본 이미지를 입력받아 노이즈의 특성을 추출한 결과이다.
(""노이즈 예측기는 단계별로 확산 이미지를 입력받아 이미지에 포함된 노이즈의 특성을 추출하여 수치들로 표현하고..."")  
→ 지문에는 ""원본 이미지""가 아닌 ""확산 이미지""를 입력받는다고 명시되어 있습니다.

최종 정답: 5번","[16, 19613, 25, 115711, 16012, 142948, 3408, 8963, 13426, 58138, 21853, 7329, 56791, 76270, 71990, 79972, 140463, 13405, 13070, 8963, 20597, 13, 793, 568, 49875, 3748, 115711, 16012, 142948, 3408, 8963, 13426, 58138, 21853, 7329, 56791, 51484, 39359, 9360, 3408, 38985, 2186, 31166, 4081, 78709, 68657, 76270, 71990, 79972, 140463, 13405, 161286, 27365, 16012, 44531, 73260, 71990, 79972, 92980, 9046, 120, 112525, 20597, 79197, 17, 19613, 25, 48011, 42894, 17198, 121551, 11440, 115711, 16012, 142948, 2186, 14367, 111065, 28065, 83228, 56216, 38985, 2186, 31166, 4081, 14367, 20697, 2276, 558, 568, 21464, 2186, 31166, 28065, 83228, 92079, 188019, 33337, 3710, 30617, 17198, 71990, 79972, 61024, 47624, 7653, 134048, 3107, 79778, 17498, 38985, 2186, 31166, 3408, 39359, 77322, 28912, 16662, 31412, 8963, 13426, 8635, 3710, 142948, 17231, 11, 6548, 8963, 13426, 58138, 22796, 122697, 9911, 38985, 2186, 31166, 4831, 28065, 83228, 29423, 79197, 18, 19613, 25, 30617, 17198, 128372, 3408, 44981, 8662, 40789, 115711, 16012, 142948, 3281, 23019, 14108, 131355, 2186, 79778, 68657, 20597, 558, 568, 21464, 2186, 31166, 28065, 83228, 92079, 115711, 16012, 142948, 3281, 23019, 17231, 38985, 2186, 31166, 4831, 28065, 83228, 14108, 24030, 104508, 44981, 8662, 29423, 79197, 19, 19613, 25, 115711, 16012, 142948, 4740, 134048, 3107, 28526, 5650, 13774, 38985, 2186, 31166, 3408, 55236, 4283, 7663, 29393, 21359, 59424, 8612, 3107, 53720, 51484, 72890, 33135, 104471, 163906, 2276, 558, 568, 2186, 41856, 28526, 5650, 68299, 38985, 2186, 31166, 2770, 55236, 4283, 7663, 29393, 21359, 59424, 8612, 18651, 10599, 39359, 97731, 188019, 33337, 3710, 14367, 20697, 2276, 13, 171123, 38985, 2186, 31166, 28065, 83228, 92079, 188019, 33337, 3710, 30617, 17198, 71990, 79972, 61024, 47624, 7653, 134048, 3107, 79778, 17498, 38985, 2186, 31166, 3408, 39359, 77322, 28912, 16662, 31412, 8963, 13426, 8635, 3710, 142948, 17231, 1008, 10822, 20, 19613, 25, 115711, 16012, 142948, 4740, 38985, 2186, 31166, 28065, 83228, 83026, 32518, 23616, 71990, 79972, 61024, 47624, 7653, 38985, 2186, 31166, 3408, 39359, 77322, 28912, 16662, 3748, 67277, 24088, 558, 568, 21464, 2186, 31166, 28065, 83228, 92079, 188019, 33337, 3710, 30617, 17198, 71990, 79972, 61024, 47624, 7653, 134048, 3107, 79778, 17498, 38985, 2186, 31166, 3408, 39359, 77322, 28912, 16662, 31412, 8963, 13426, 8635, 3710, 142948, 17231, 1008, 1405, 4066, 20216, 12688, 11397, 40789, 392, 8143, 23616, 134048, 1, 4081, 101959, 392, 42894, 17198, 134048, 1, 4831, 61024, 47624, 2770, 57758, 51275, 5637, 68657, 25824, 364, 29538, 28755, 14296, 56208, 25, 220, 20, 19613]","[0.5, 0.5, 0.5, 0.5, 0.5, 0.5, 0.5, 0.5, 0.5, 0.5, 0.5, 0.5, 0.5, 0.5, 0.5, 0.5, 0.5, 0.5, 0.5, 0.5, 0.5, 0.5, 0.5, 0.5, 0.5, 0.5, 0.5, 0.5, 0.5, 0.5, 0.5, 0.5, 0.5, 0.5, 0.5, 0.5, 0.5, 0.5, 0.5, 0.5, 0.5, 0.5, 0.5, 0.5, 0.5, 0.5, 0.5, 0.5, 0.5, 0.5, 0.5, 0.5, 0.5, 0.5, 0.5, 0.5, 0.5, 0.5, 0.5, 0.5, 0.5, 0.5, 0.5, 0.5, 0.5, 0.5, 0.5, 0.5, 0.5, 0.5, 0.5, 0.5, 0.5, 0.5, 0.5, 0.5, 0.5, 0.5, 0.5, 0.5, 0.5, 0.5, 0.5, 0.5, 0.5, 0.5, 0.5, 0.5, 0.5, 0.5, 0.5, 0.5, 0.5, 0.5, 0.5, 0.5, 0.5, 0.5, 0.5, 0.5, 0.5, 0.5, 0.5, 0.5, 0.5, 0.5, 0.5, 0.5, 0.5, 0.5, 0.5, 0.5, 0.5, 0.5, 0.5, 0.5, 0.5, 0.5, 0.5, 0.5, 0.5, 0.5, 0.5, 0.5, 0.5, 0.5, 0.5, 0.5, 0.5, 0.5, 0.5, 0.5, 0.5, 0.5, 0.5, 0.5, 0.5, 0.5, 0.5, 0.5, 0.5, 0.5, 0.5, 0.5, 0.5, 0.5, 0.5, 0.5, 0.5, 0.5, 0.5, 0.5, 0.5, 0.5, 0.5, 0.5, 0.5, 0.5, 0.5, 0.5, 0.5, 0.5, 0.5, 0.5, 0.5, 0.5, 0.5, 0.5, 0.5, 0.5, 0.5, 0.5, 0.5, 0.5, 0.5, 0.5, 0.5, 0.5, 0.5, 0.5, 0.5, 0.5, 0.5, 0.5, 0.5, 0.5, 0.5, 0.5, 0.5, 0.5, 0.5, 0.5, 0.5, 0.5, 0.5, 0.5, 0.5, 0.5, 0.5, 0.5, 0.5, 0.5, 0.5, 0.5, 0.5, 0.5, 0.5, 0.5, 0.5, 0.5, 0.5, 0.5, 0.5, 0.5, 0.5, 0.5, 0.5, 0.5, 0.5, 0.5, 0.5, 0.5, 0.5, 0.5, 0.5, 0.5, 0.5, 0.5, 0.5, 0.5, 0.5, 0.5, 0.5, 0.5, 0.5, 0.5, 0.5, 0.5, 0.5, 0.5, 0.5, 0.5, 0.5, 0.5, 0.5, 0.5, 0.5, 0.5, 0.5, 0.5, 0.5, 0.5, 0.5, 0.5, 0.5, 0.5, 0.5, 0.5, 0.5, 0.5, 0.5, 0.5, 0.5, 0.5, 0.5, 0.5, 0.5, 0.5, 0.5, 0.5, 0.5, 0.5, 0.5, 0.5, 0.5, 0.5, 0.5, 0.5, 0.5, 0.5, 0.5, 0.5, 0.5, 0.5, 0.5, 0.5, 0.5, 0.5, 0.5, 0.5, 0.5, 0.5, 0.5, 0.5, 0.5, 0.5, 0.5, 0.5, 0.5, 0.5, 0.5, 0.5, 0.5, 0.5, 0.5, 0.5, 0.5, 0.5, 0.5, 0.5, 0.5, 0.5, 0.5, 0.5, 0.5, 0.5, 0.5, 0.5, 0.5, 0.5, 0.5, 0.5, 0.5, 0.5, 0.5, 0.5, 0.5, 0.5, 0.5, 0.5, 0.5, 0.5, 0.5, 0.5, 0.5, 0.5, 0.5, 0.5, 0.5, 0.5, 0.5, 0.5, 0.5, 0.5, 0.5, 0.5, 0.5, 0.5, 0.5, 0.5, 0.5, 0.5, 0.5, 0.5, 0.5, 0.5, 0.5, 0.5, 0.5, 0.5, 0.5, 0.5, 0.5, 0.5, 0.5, 0.5, 0.5, 0.5, 0.5, 0.5, 0.5, 0.5, 0.5, 0.5, 0.5, 0.5, 0.5, 0.5, 0.5, 0.5, 0.5, 0.5, 0.5, 0.5, 0.5, 0.5, 0.5, 0.5, 0.5, 0.5, 0.5, 0.5]",2
2025_11_KICE_10-13_3,['3(3)'],"1번: (선택지 1번에 대한 답변) 적절하다.  
""(순확산 과정은 이미지에 노이즈를 추가하면서 노이즈 예측기를 학습시키는 과정이다. 첫 단계에서는, 노이즈 생성기에서 노이즈를 만든 후 이미지 연산기가 이 노이즈를 원본 이미지에 더해서 노이즈가 포함된 확산 이미지를 출력한다.)""

2번: (선택지 2번에 대한 답변) 적절하다.  
""(다음 단계부터는 노이즈 생성기에서 만든 노이즈를 이전 단계에서 출력된 확산 이미지에 더한다.)""

3번: (선택지 3번에 대한 답변) 적절하지 않다.  
""(노이즈 예측기는 잠재 표현을 구하고 노이즈를 예측하는 방식을 학습한다.)""  
""순확산 과정에서는 노이즈 예측기가 노이즈를 예측하는 것이 아니라, 노이즈를 추가하는 과정이다.

4번: (선택지 4번에 대한 답변) 적절하다.  
""(역확산 과정은 노이즈 이미지에서 노이즈를 제거하여 원본 이미지를 복원하는 과정이다. 이미지 연산기는 입력된 확산 이미지로부터 이 노이즈를 빼서 현 단계의 노이즈를 제거한 확산 이미지를 출력한다.)""

5번: (선택지 5번에 대한 답변) 적절하다.  
""(노이즈 예측기는 노이즈를 예측하고, 예측된 노이즈를 이미지 연산기에 입력하여 노이즈를 제거한다.)""

최종 정답: 3번","[16, 19613, 25, 350, 16857, 29871, 3908, 220, 16, 19613, 3107, 33398, 107393, 35776, 8, 36675, 37100, 67329, 13, 4066, 71649, 49785, 42894, 17198, 121551, 4740, 134048, 3107, 38985, 2186, 31166, 4831, 65110, 105991, 38985, 2186, 31166, 28065, 83228, 54668, 44981, 8662, 152932, 2770, 121551, 24088, 13, 84086, 188019, 75367, 11, 38985, 2186, 31166, 78709, 4283, 11440, 38985, 2186, 31166, 4831, 152544, 32624, 134048, 24038, 17198, 83026, 6548, 38985, 2186, 31166, 4831, 32518, 23616, 134048, 3107, 28526, 53838, 38985, 2186, 31166, 4081, 79778, 17498, 30617, 17198, 71990, 79972, 101593, 29423, 8476, 2678, 17, 19613, 25, 350, 16857, 29871, 3908, 220, 17, 19613, 3107, 33398, 107393, 35776, 8, 36675, 37100, 67329, 13, 4066, 71649, 2276, 14862, 188019, 42070, 2770, 38985, 2186, 31166, 78709, 4283, 11440, 152544, 38985, 2186, 31166, 4831, 139922, 188019, 11440, 101593, 17498, 30617, 17198, 134048, 3107, 28526, 29423, 8476, 2678, 18, 19613, 25, 350, 16857, 29871, 3908, 220, 18, 19613, 3107, 33398, 107393, 35776, 8, 36675, 37100, 44531, 20359, 2276, 13, 4066, 71649, 21464, 2186, 31166, 28065, 83228, 92079, 115711, 16012, 142948, 3281, 23019, 17231, 38985, 2186, 31166, 4831, 28065, 83228, 14108, 24030, 104508, 44981, 8662, 29423, 8476, 1, 4066, 1, 49785, 42894, 17198, 121551, 75367, 38985, 2186, 31166, 28065, 83228, 83026, 38985, 2186, 31166, 4831, 28065, 83228, 14108, 46947, 77380, 11, 38985, 2186, 31166, 4831, 65110, 14108, 121551, 24088, 364, 19, 19613, 25, 350, 16857, 29871, 3908, 220, 19, 19613, 3107, 33398, 107393, 35776, 8, 36675, 37100, 67329, 13, 4066, 71649, 21925, 42894, 17198, 121551, 4740, 38985, 2186, 31166, 134048, 11440, 38985, 2186, 31166, 4831, 155432, 31412, 32518, 23616, 71990, 79972, 68238, 8143, 14108, 121551, 24088, 13, 134048, 24038, 17198, 92079, 61024, 17498, 30617, 17198, 134048, 3710, 42070, 6548, 38985, 2186, 31166, 4831, 38738, 120, 4865, 33840, 188019, 3408, 38985, 2186, 31166, 4831, 155432, 3748, 30617, 17198, 71990, 79972, 101593, 29423, 8476, 2678, 20, 19613, 25, 350, 16857, 29871, 3908, 220, 20, 19613, 3107, 33398, 107393, 35776, 8, 36675, 37100, 67329, 13, 4066, 71649, 21464, 2186, 31166, 28065, 83228, 92079, 38985, 2186, 31166, 4831, 28065, 83228, 17231, 11, 28065, 83228, 17498, 38985, 2186, 31166, 4831, 134048, 24038, 17198, 76378, 61024, 31412, 38985, 2186, 31166, 4831, 155432, 29423, 8476, 2678, 29538, 28755, 14296, 56208, 25, 220, 18, 19613]","[0.5, 0.5, 0.5, 0.5, 0.5, 0.5, 0.5, 0.5, 0.5, 0.5, 0.5, 0.5, 0.5, 0.5, 0.5, 0.5, 0.5, 0.5, 0.5, 0.5, 0.5, 0.5, 0.5, 0.5, 0.5, 0.5, 0.5, 0.5, 0.5, 0.5, 0.5, 0.5, 0.5, 0.5, 0.5, 0.5, 0.5, 0.5, 0.5, 0.5, 0.5, 0.5, 0.5, 0.5, 0.5, 0.5, 0.5, 0.5, 0.5, 0.5, 0.5, 0.5, 0.5, 0.5, 0.5, 0.5, 0.5, 0.5, 0.5, 0.5, 0.5, 0.5, 0.5, 0.5, 0.5, 0.5, 0.5, 0.5, 0.5, 0.5, 0.5, 0.5, 0.5, 0.5, 0.5, 0.5, 0.5, 0.5, 0.5, 0.5, 0.5, 0.5, 0.5, 0.5, 0.5, 0.5, 0.5, 0.5, 0.5, 0.5, 0.5, 0.5, 0.5, 0.5, 0.5, 0.5, 0.5, 0.5, 0.5, 0.5, 0.5, 0.5, 0.5, 0.5, 0.5, 0.5, 0.5, 0.5, 0.5, 0.5, 0.5, 0.5, 0.5, 0.5, 0.5, 0.5, 0.5, 0.5, 0.5, 0.5, 0.5, 0.5, 0.5, 0.5, 0.5, 0.5, 0.5, 0.5, 0.5, 0.5, 0.5, 0.5, 0.5, 0.5, 0.5, 0.5, 0.5, 0.5, 0.5, 0.5, 0.5, 0.5, 0.5, 0.5, 0.5, 0.5, 0.5, 0.5, 0.5, 0.5, 0.5, 0.5, 0.5, 0.5, 0.5, 0.5, 0.5, 0.5, 0.5, 0.5, 0.5, 0.5, 0.5, 0.5, 0.5, 0.5, 0.5, 0.5, 0.5, 0.5, 0.5, 0.5, 0.5, 0.5, 0.5, 0.5, 0.5, 0.5, 0.5, 0.5, 0.5, 0.5, 0.5, 0.5, 0.5, 0.5, 0.5, 0.5, 0.5, 0.5, 0.5, 0.5, 0.5, 0.5, 0.5, 0.5, 0.5, 0.5, 0.5, 0.5, 0.5, 0.5, 0.5, 0.5, 0.5, 0.5, 0.5, 0.5, 0.5, 0.5, 0.5, 0.5, 0.5, 0.5, 0.5, 0.5, 0.5, 0.5, 0.5, 0.5, 0.5, 0.5, 0.5, 0.5, 0.5, 0.5, 0.5, 0.5, 0.5, 0.5, 0.5, 0.5, 0.5, 0.5, 0.5, 0.5, 0.5, 0.5, 0.5, 0.5, 0.5, 0.5, 0.5, 0.5, 0.5, 0.5, 0.5, 0.5, 0.5, 0.5, 0.5, 0.5, 0.5, 0.5, 0.5, 0.5, 0.5, 0.5, 0.5, 0.5, 0.5, 0.5, 0.5, 0.5, 0.5, 0.5, 0.5, 0.5, 0.5, 0.5, 0.5, 0.5, 0.5, 0.5, 0.5, 0.5, 0.5, 0.5, 0.5, 0.5, 0.5, 0.5, 0.5, 0.5, 0.5, 0.5, 0.5, 0.5, 0.5, 0.5, 0.5, 0.5, 0.5, 0.5, 0.5, 0.5, 0.5, 0.5, 0.5, 0.5, 0.5, 0.5, 0.5, 0.5, 0.5, 0.5, 0.5, 0.5, 0.5, 0.5, 0.5, 0.5, 0.5, 0.5, 0.5, 0.5, 0.5, 0.5, 0.5, 0.5, 0.5, 0.5, 0.5, 0.5, 0.5, 0.5, 0.5, 0.5, 0.5, 0.5, 0.5, 0.5, 0.5, 0.5, 0.5, 0.5, 0.5, 0.5, 0.5, 0.5, 0.5, 0.5, 0.5, 0.5, 0.5, 0.5, 0.5, 0.5, 0.5, 0.5, 0.5, 0.5, 0.5, 0.5, 0.5, 0.5, 0.5, 0.5, 0.5, 0.5, 0.5, 0.5, 0.5, 0.5, 0.5, 0.5, 0.5, 0.5, 0.5, 0.5]",3
2025_11_KICE_14-17_0,['1(2)'],"1번: **심층 연기는 내면의 진솔한 정서를 드러내기 위해 형식에 집중하는 자기표현이다.**  
&emsp;""심층 연기는 내면의 솔직한 정서를 ⓑ[불러내어](밑줄) 자신의 진정성을 보여 주는 것이다.""  
&emsp;**해설:** 지문에서는 심층 연기가 내면의 솔직한 정서를 드러내는 것으로 설명되고 있으며, 형식에 집중하는 것은 표면 연기에 해당합니다. 따라서 선택지 1번은 지문의 내용과 일치하지 않습니다.

2번: **리프킨은 현실 세계보다 가상 공간에서 자기표현이 더욱 왕성하게 드러난다고 보았다.**  
&emsp;""인터넷에서의 커뮤니케이션에 주목한 리프킨은 가상 공간에서 자기 표현이 더욱 활발히 이루어진다고 보았다.""  
&emsp;**해설:** 선택지 2번은 지문의 내용과 일치합니다.

3번: **가상 공간에서 개별적인 것으로 인식되는 아바타는 사이버 폭력의 대상이 될 수 있다.**  
&emsp;""게임 아이디, 닉네임, 아바타 등 가상 공간에서 개별적 대상으로 인식되는 ‘인터넷 ID’에 대한 사이버 폭력이 ⓔ[넘쳐 나는](밑줄)""  
&emsp;**해설:** 선택지 3번은 지문의 내용과 일치합니다.

4번: **익명성은 가상 공간에서 자기 정체성이 다양하게 나타나는 데 영향을 미치는 가상 공간의 특성이다.**  
&emsp;""가상 공간에서는 익명성이 작동하므로 현실에서 위축되는 사람도 적극적으로 자기표현을 할 수 있다.""  
&emsp;**해설:** 선택지 4번은 지문의 내용과 일치합니다.

5번: **가상 공간에서의 자기 정체성은 현실에서의 자기 정체성과 마찬가지로 타인과의 관계 속에서 나타난다.**  
&emsp;""자기 정체성은 일원적․고정적인 것이 아니라 현실 세계와 가상 공간에 걸쳐 존재하고 상호 작용하는 복합적인 것이다.""  
&emsp;**해설:** 선택지 5번은 지문의 내용과 일치합니다.

**최종 정답: 1번**","[16, 19613, 25, 6240, 25798, 72054, 24038, 92079, 21566, 9018, 3408, 31172, 119542, 3748, 14296, 171823, 52850, 13689, 13579, 4283, 35817, 67552, 17087, 3107, 178800, 14108, 150768, 22700, 24934, 24088, 13, 410, 4066, 5, 347, 1148, 24915, 25798, 72054, 24038, 92079, 21566, 9018, 3408, 155316, 28013, 3748, 14296, 171823, 2969, 241, 239, 58, 41033, 13689, 13579, 5959, 20614, 4731, 239, 78167, 8, 112289, 31172, 7329, 77322, 103585, 16130, 2770, 66580, 3692, 4066, 5, 347, 1148, 26, 410, 5650, 23955, 142760, 12688, 11397, 75367, 61505, 72054, 24038, 83026, 21566, 9018, 3408, 155316, 28013, 3748, 14296, 171823, 52850, 13689, 13579, 2770, 64892, 89157, 96420, 96864, 11, 67552, 17087, 3107, 178800, 14108, 66371, 55686, 9018, 24038, 76378, 85127, 24490, 13, 171123, 64620, 3908, 220, 16, 19613, 4740, 12688, 177854, 69634, 8562, 18129, 13426, 44531, 113243, 364, 17, 19613, 25, 6240, 4960, 18554, 121774, 4740, 190015, 75755, 72120, 9919, 8612, 131103, 11440, 150768, 22700, 24934, 2186, 125665, 181981, 9360, 32179, 52850, 13689, 26188, 57758, 13611, 69458, 13, 410, 4066, 5, 347, 1148, 24915, 191491, 73891, 11440, 3408, 72491, 179892, 54080, 123396, 3107, 16130, 25816, 3748, 38970, 18554, 121774, 4740, 9919, 8612, 131103, 11440, 150768, 142948, 2186, 125665, 47714, 22198, 20357, 140381, 163906, 57758, 13611, 69458, 3692, 4066, 5, 347, 1148, 26, 410, 5650, 23955, 142760, 64620, 3908, 220, 17, 19613, 4740, 12688, 177854, 69634, 8562, 18129, 13426, 24490, 364, 18, 19613, 25, 6240, 4081, 8612, 131103, 11440, 21945, 33337, 31763, 64892, 16876, 17087, 56216, 12652, 16648, 19916, 2770, 86059, 24963, 115212, 15873, 3408, 96532, 2186, 71501, 8963, 20597, 13, 410, 4066, 5, 347, 1148, 24915, 119128, 51447, 21198, 11, 8567, 231, 29323, 20043, 11, 12652, 16648, 19916, 18651, 9919, 8612, 131103, 11440, 21945, 33337, 9871, 187182, 16876, 17087, 56216, 2476, 191491, 73891, 4170, 438, 3107, 33398, 86059, 24963, 115212, 140178, 2969, 241, 242, 58, 150654, 70032, 112252, 20614, 4731, 239, 78167, 22445, 4066, 5, 347, 1148, 26, 410, 5650, 23955, 142760, 64620, 3908, 220, 18, 19613, 4740, 12688, 177854, 69634, 8562, 18129, 13426, 24490, 364, 19, 19613, 25, 6240, 61450, 14822, 9360, 4740, 9919, 8612, 131103, 11440, 150768, 14296, 16238, 97731, 65042, 32179, 94485, 102052, 40237, 170893, 27233, 133406, 9919, 8612, 131103, 3408, 39359, 9360, 24088, 13, 410, 4066, 5, 347, 1148, 24915, 4081, 8612, 131103, 75367, 166956, 14822, 97731, 31389, 11803, 3131, 114942, 190015, 11440, 16302, 46982, 56216, 34014, 5827, 176490, 34555, 150768, 22700, 24934, 3281, 32058, 8963, 20597, 3692, 4066, 5, 347, 1148, 26, 410, 5650, 23955, 142760, 64620, 3908, 220, 19, 19613, 4740, 12688, 177854, 69634, 8562, 18129, 13426, 24490, 364, 20, 19613, 25, 6240, 4081, 8612, 131103, 11440, 3408, 150768, 14296, 16238, 9360, 4740, 190015, 11440, 3408, 150768, 14296, 16238, 199927, 21096, 90801, 97871, 3710, 57380, 5544, 8562, 3408, 92228, 58785, 11440, 94485, 26188, 2276, 13, 410, 4066, 5, 347, 1148, 24915, 5947, 4283, 14296, 16238, 9360, 4740, 18129, 8143, 9871, 51721, 3956, 7329, 31763, 46947, 77380, 190015, 75755, 12753, 9919, 8612, 131103, 3107, 68511, 70032, 109875, 17231, 18597, 16684, 31389, 8423, 14108, 68238, 13405, 31763, 66580, 3692, 4066, 5, 347, 1148, 26, 410, 5650, 23955, 142760, 64620, 3908, 220, 20, 19613, 4740, 12688, 177854, 69634, 8562, 18129, 13426, 24490, 364, 410, 29538, 28755, 14296, 56208, 25, 220, 16, 19613, 410]","[0.5, 0.5, 0.5, 0.5, 0.5, 0.5, 0.5, 0.5, 0.5, 0.5, 0.5, 0.5, 0.5, 0.5, 0.5, 0.5, 0.5, 0.5, 0.5, 0.5, 0.5, 0.5, 0.5, 0.5, 0.5, 0.5, 0.5, 0.5, 0.5, 0.5, 0.5, 0.5, 0.5, 0.5, 0.5, 0.5, 0.5, 0.5, 0.5, 0.5, 0.5, 0.5, 0.5, 0.5, 0.5, 0.5, 0.5, 0.5, 0.5, 0.5, 0.5, 0.5, 0.5, 0.5, 0.5, 0.5, 0.5, 0.5, 0.5, 0.5, 0.5, 0.5, 0.5, 0.5, 0.5, 0.5, 0.5, 0.5, 0.5, 0.5, 0.5, 0.5, 0.5, 0.5, 0.5, 0.5, 0.5, 0.5, 0.5, 0.5, 0.5, 0.5, 0.5, 0.5, 0.5, 0.5, 0.5, 0.5, 0.5, 0.5, 0.5, 0.5, 0.5, 0.5, 0.5, 0.5, 0.5, 0.5, 0.5, 0.5, 0.5, 0.5, 0.5, 0.5, 0.5, 0.5, 0.5, 0.5, 0.5, 0.5, 0.5, 0.5, 0.5, 0.5, 0.5, 0.5, 0.5, 0.5, 0.5, 0.5, 0.5, 0.5, 0.5, 0.5, 0.5, 0.5, 0.5, 0.5, 0.5, 0.5, 0.5, 0.5, 0.5, 0.5, 0.5, 0.5, 0.5, 0.5, 0.5, 0.5, 0.5, 0.5, 0.5, 0.5, 0.5, 0.5, 0.5, 0.5, 0.5, 0.5, 0.5, 0.5, 0.5, 0.5, 0.5, 0.5, 0.5, 0.5, 0.5, 0.5, 0.5, 0.5, 0.5, 0.5, 0.5, 0.5, 0.5, 0.5, 0.5, 0.5, 0.5, 0.5, 0.5, 0.5, 0.5, 0.5, 0.5, 0.5, 0.5, 0.5, 0.5, 0.5, 0.5, 0.5, 0.5, 0.5, 0.5, 0.5, 0.5, 0.5, 0.5, 0.5, 0.5, 0.5, 0.5, 0.5, 0.5, 0.5, 0.5, 0.5, 0.5, 0.5, 0.5, 0.5, 0.5, 0.5, 0.5, 0.5, 0.5, 0.5, 0.5, 0.5, 0.5, 0.5, 0.5, 0.5, 0.5, 0.5, 0.5, 0.5, 0.5, 0.5, 0.5, 0.5, 0.5, 0.5, 0.5, 0.5, 0.5, 0.5, 0.5, 0.5, 0.5, 0.5, 0.5, 0.5, 0.5, 0.5, 0.5, 0.5, 0.5, 0.5, 0.5, 0.5, 0.5, 0.5, 0.5, 0.5, 0.5, 0.5, 0.5, 0.5, 0.5, 0.5, 0.5, 0.5, 0.5, 0.5, 0.5, 0.5, 0.5, 0.5, 0.5, 0.5, 0.5, 0.5, 0.5, 0.5, 0.5, 0.5, 0.5, 0.5, 0.5, 0.5, 0.5, 0.5, 0.5, 0.5, 0.5, 0.5, 0.5, 0.5, 0.5, 0.5, 0.5, 0.5, 0.5, 0.5, 0.5, 0.5, 0.5, 0.5, 0.5, 0.5, 0.5, 0.5, 0.5, 0.5, 0.5, 0.5, 0.5, 0.5, 0.5, 0.5, 0.5, 0.5, 0.5, 0.5, 0.5, 0.5, 0.5, 0.5, 0.5, 0.5, 0.5, 0.5, 0.5, 0.5, 0.5, 0.5, 0.5, 0.5, 0.5, 0.5, 0.5, 0.5, 0.5, 0.5, 0.5, 0.5, 0.5, 0.5, 0.5, 0.5, 0.5, 0.5, 0.5, 0.5, 0.5, 0.5, 0.5, 0.5, 0.5, 0.5, 0.5, 0.5, 0.5, 0.5, 0.5, 0.5, 0.5, 0.5, 0.5, 0.5, 0.5, 0.5, 0.5, 0.5, 0.5, 0.5, 0.5, 0.5, 0.5, 0.5, 0.5, 0.5, 0.5, 0.5, 0.5, 0.5, 0.5, 0.5, 0.5, 0.5, 0.5, 0.5, 0.5, 0.5, 0.5, 0.5, 0.5, 0.5, 0.5, 0.5, 0.5, 0.5, 0.5, 0.5, 0.5, 0.5, 0.5, 0.5, 0.5, 0.5, 0.5, 0.5, 0.5, 0.5, 0.5, 0.5, 0.5, 0.5, 0.5, 0.5, 0.5, 0.5, 0.5, 0.5, 0.5, 0.5, 0.5, 0.5, 0.5, 0.5, 0.5, 0.5, 0.5, 0.5, 0.5, 0.5, 0.5, 0.5, 0.5, 0.5, 0.5, 0.5, 0.5, 0.5, 0.5, 0.5, 0.5, 0.5, 0.5, 0.5, 0.5, 0.5, 0.5, 0.5, 0.5, 0.5, 0.5, 0.5, 0.5, 0.5, 0.5, 0.5, 0.5, 0.5, 0.5, 0.5, 0.5, 0.5, 0.5, 0.5, 0.5, 0.5, 0.5, 0.5, 0.5, 0.5, 0.5, 0.5, 0.5, 0.5, 0.5, 0.5, 0.5, 0.5, 0.5, 0.5, 0.5, 0.5, 0.5, 0.5, 0.5, 0.5, 0.5, 0.5, 0.5, 0.5, 0.5, 0.5, 0.5, 0.5, 0.5, 0.5, 0.5, 0.5, 0.5, 0.5, 0.5, 0.5, 0.5, 0.5, 0.5, 0.5, 0.5, 0.5, 0.5, 0.5, 0.5, 0.5, 0.5, 0.5, 0.5, 0.5, 0.5, 0.5, 0.5, 0.5, 0.5, 0.5, 0.5, 0.5, 0.5, 0.5, 0.5, 0.5, 0.5, 0.5, 0.5, 0.5, 0.5, 0.5, 0.5, 0.5, 0.5, 0.5, 0.5, 0.5, 0.5]",2
2025_11_KICE_14-17_1,['2(2)'],"1번: 1번은 ㉠이 자기 정체성을 단일하고 고정적인 것으로 파악한다고 주장했으나, 지문에서는 ""자기 정체성은 일원적․고정적인 것이 아니라 현실 세계와 가상 공간에 걸쳐 존재하고 상호 작용하는 복합적인 것이다.""라고 언급되어 있어 1번은 틀렸습니다.

2번: 2번은 ㉠이 인터넷 ID에 대한 공격을 그 사용자인 개인에 대한 공격이라고 본다고 했는데, 지문에서는 ""인터넷에서의 자기 정체성은 사용자 개인의 자기 정체성의 일부이기 때문에 자기 정체성을 가진 인터넷 ID의 명예 역시 보호되어야 한다.""라고 설명하여 2번이 옳습니다.

3번: 3번은 ㉡이 인터넷에서의 자기 정체성과 현실 세계의 자기 정체성이 상호 작용한다고 보았다고 했으나, 지문에서는 ㉡이 이를 인정하지 않는다고 설명되어 있어 3번은 틀렸습니다.

4번: 4번은 ㉡이 인터넷 ID의 복수 개설로 인해 자기 정체성이 복합적으로 구성된다고 보았다고 했으나, 지문에서는 ㉡이 인터넷 ID를 단순한 구분 장치로 보며 자기 정체성의 복합성을 인정하지 않는다고 설명되어 있어 4번은 틀렸습니다.

5번: 5번은 ㉠과 ㉡이 모두 인터넷 ID마다 개인의 자기 정체성이 다르다고 보았다고 했으나, 지문에서는 ㉡이 인터넷 ID를 자기 정체성과 동일시하지 않으므로 5번은 틀렸습니다.

최종 정답: 2번","[16, 19613, 25, 220, 16, 19613, 4740, 220, 159, 231, 254, 2186, 150768, 14296, 16238, 77322, 38340, 6924, 17231, 22652, 7329, 31763, 64892, 36349, 54557, 197510, 184172, 13830, 6566, 7663, 11, 12688, 11397, 75367, 392, 5947, 4283, 14296, 16238, 9360, 4740, 18129, 8143, 9871, 51721, 3956, 7329, 31763, 46947, 77380, 190015, 75755, 12753, 9919, 8612, 131103, 3107, 68511, 70032, 109875, 17231, 18597, 16684, 31389, 8423, 14108, 68238, 13405, 31763, 66580, 3692, 67328, 69163, 28868, 68657, 60147, 220, 16, 19613, 4740, 108138, 222, 76892, 12020, 364, 17, 19613, 25, 220, 17, 19613, 4740, 220, 159, 231, 254, 2186, 132967, 4170, 3107, 33398, 172414, 3281, 10599, 27525, 98184, 73155, 3107, 33398, 172414, 75348, 51822, 57758, 46301, 51065, 11, 12688, 11397, 75367, 392, 191491, 73891, 11440, 3408, 150768, 14296, 16238, 9360, 4740, 155419, 73155, 3408, 150768, 14296, 16238, 9360, 3408, 124313, 2186, 4283, 62937, 150768, 14296, 16238, 77322, 157810, 132967, 4170, 3408, 51275, 29138, 142884, 143456, 68657, 15494, 46609, 3692, 67328, 89157, 31412, 220, 17, 19613, 2186, 8970, 111, 12020, 364, 18, 19613, 25, 220, 18, 19613, 4740, 220, 159, 231, 94, 2186, 132967, 11440, 3408, 150768, 14296, 16238, 199927, 190015, 75755, 3408, 150768, 14296, 16238, 97731, 18597, 16684, 31389, 8423, 197510, 13611, 30737, 57758, 46301, 6566, 7663, 11, 12688, 11397, 75367, 220, 159, 231, 94, 2186, 124321, 178357, 44531, 73260, 57758, 89157, 68657, 60147, 220, 18, 19613, 4740, 108138, 222, 76892, 12020, 364, 19, 19613, 25, 220, 19, 19613, 4740, 220, 159, 231, 94, 2186, 132967, 4170, 3408, 68238, 7820, 21945, 23955, 3710, 152654, 150768, 14296, 16238, 97731, 68238, 13405, 34555, 100457, 17498, 57758, 13611, 30737, 57758, 46301, 6566, 7663, 11, 12688, 11397, 75367, 220, 159, 231, 94, 2186, 132967, 4170, 4831, 38340, 49785, 3748, 23019, 15567, 32697, 13426, 3710, 13611, 16205, 150768, 14296, 16238, 9360, 3408, 68238, 13405, 77322, 178357, 44531, 73260, 57758, 89157, 68657, 60147, 220, 19, 19613, 4740, 108138, 222, 76892, 12020, 364, 20, 19613, 25, 220, 20, 19613, 4740, 220, 159, 231, 254, 8562, 220, 159, 231, 94, 2186, 67168, 132967, 4170, 145138, 73155, 3408, 150768, 14296, 16238, 97731, 14367, 20697, 57758, 13611, 30737, 57758, 46301, 6566, 7663, 11, 12688, 11397, 75367, 220, 159, 231, 94, 2186, 132967, 4170, 4831, 150768, 14296, 16238, 199927, 184390, 5637, 44531, 20359, 6566, 114942, 220, 20, 19613, 4740, 108138, 222, 76892, 12020, 364, 29538, 28755, 14296, 56208, 25, 220, 17, 19613]","[0.5, 0.5, 0.5, 0.5, 0.5, 0.5, 0.5, 0.5, 0.5, 0.5, 0.5, 0.5, 0.5, 0.5, 0.5, 0.5, 0.5, 0.5, 0.5, 0.5, 0.5, 0.5, 0.5, 0.5, 0.5, 0.5, 0.5, 0.5, 0.5, 0.5, 0.5, 0.5, 0.5, 0.5, 0.5, 0.5, 0.5, 0.5, 0.5, 0.5, 0.5, 0.5, 0.5, 0.5, 0.5, 0.5, 0.5, 0.5, 0.5, 0.5, 0.5, 0.5, 0.5, 0.5, 0.5, 0.5, 0.5, 0.5, 0.5, 0.5, 0.5, 0.5, 0.5, 0.5, 0.5, 0.5, 0.5, 0.5, 0.5, 0.5, 0.5, 0.5, 0.5, 0.5, 0.5, 0.5, 0.5, 0.5, 0.5, 0.5, 0.5, 0.5, 0.5, 0.5, 0.5, 0.5, 0.5, 0.5, 0.5, 0.5, 0.5, 0.5, 0.5, 0.5, 0.5, 0.5, 0.5, 0.5, 0.5, 0.5, 0.5, 0.5, 0.5, 0.5, 0.5, 0.5, 0.5, 0.5, 0.5, 0.5, 0.5, 0.5, 0.5, 0.5, 0.5, 0.5, 0.5, 0.5, 0.5, 0.5, 0.5, 0.5, 0.5, 0.5, 0.5, 0.5, 0.5, 0.5, 0.5, 0.5, 0.5, 0.5, 0.5, 0.5, 0.5, 0.5, 0.5, 0.5, 0.5, 0.5, 0.5, 0.5, 0.5, 0.5, 0.5, 0.5, 0.5, 0.5, 0.5, 0.5, 0.5, 0.5, 0.5, 0.5, 0.5, 0.5, 0.5, 0.5, 0.5, 0.5, 0.5, 0.5, 0.5, 0.5, 0.5, 0.5, 0.5, 0.5, 0.5, 0.5, 0.5, 0.5, 0.5, 0.5, 0.5, 0.5, 0.5, 0.5, 0.5, 0.5, 0.5, 0.5, 0.5, 0.5, 0.5, 0.5, 0.5, 0.5, 0.5, 0.5, 0.5, 0.5, 0.5, 0.5, 0.5, 0.5, 0.5, 0.5, 0.5, 0.5, 0.5, 0.5, 0.5, 0.5, 0.5, 0.5, 0.5, 0.5, 0.5, 0.5, 0.5, 0.5, 0.5, 0.5, 0.5, 0.5, 0.5, 0.5, 0.5, 0.5, 0.5, 0.5, 0.5, 0.5, 0.5, 0.5, 0.5, 0.5, 0.5, 0.5, 0.5, 0.5, 0.5, 0.5, 0.5, 0.5, 0.5, 0.5, 0.5, 0.5, 0.5, 0.5, 0.5, 0.5, 0.5, 0.5, 0.5, 0.5, 0.5, 0.5, 0.5, 0.5, 0.5, 0.5, 0.5, 0.5, 0.5, 0.5, 0.5, 0.5, 0.5, 0.5, 0.5, 0.5, 0.5, 0.5, 0.5, 0.5, 0.5, 0.5, 0.5, 0.5, 0.5, 0.5, 0.5, 0.5, 0.5, 0.5, 0.5, 0.5, 0.5, 0.5, 0.5, 0.5, 0.5, 0.5, 0.5, 0.5, 0.5, 0.5, 0.5, 0.5, 0.5, 0.5, 0.5, 0.5, 0.5, 0.5, 0.5, 0.5, 0.5, 0.5, 0.5, 0.5, 0.5, 0.5, 0.5, 0.5, 0.5, 0.5, 0.5, 0.5, 0.5, 0.5, 0.5, 0.5, 0.5, 0.5, 0.5, 0.5, 0.5, 0.5, 0.5, 0.5, 0.5, 0.5, 0.5, 0.5, 0.5, 0.5, 0.5, 0.5, 0.5, 0.5, 0.5, 0.5, 0.5, 0.5, 0.5, 0.5, 0.5, 0.5, 0.5, 0.5, 0.5, 0.5, 0.5, 0.5, 0.5, 0.5, 0.5, 0.5, 0.5, 0.5, 0.5, 0.5, 0.5, 0.5, 0.5, 0.5, 0.5, 0.5, 0.5, 0.5, 0.5, 0.5, 0.5, 0.5, 0.5, 0.5, 0.5, 0.5, 0.5, 0.5, 0.5, 0.5, 0.5, 0.5, 0.5, 0.5, 0.5, 0.5, 0.5, 0.5, 0.5, 0.5, 0.5, 0.5, 0.5]",2
2025_11_KICE_14-17_2,['2(3)'],"1번: ㉮는 B가 가해자로서의 법적 책임을 져야 하지만 C는 가해자로서의 법적 책임을 지지 않는다고 보겠군.
- ""대법원은 실명을 거론한 경우는 물론, 실명을 거론하지 않았더라도 주위 사정을 종합할 때 지목된 사람이 누구인지를 제3자가 알 수 있는 경우에는 명예훼손이나 모욕에 대한 가해자의 법적 책임이 성립한다고 판시해 왔다.""

2번: ㉯는 B가 가해자로서의 법적 책임을 져야 하지만 A는 가해자로서의 법적 책임을 지지 않는다고 보겠군.
- ""인터넷 ID만을 알고 있는 상황에서 ... 만약 제3자가 그 사용자를 특정할 수 없다면 ... 법적 책임이 성립하지 않는다고 보았다.""

3번: ㉮와 ㉰는 A가 가해자로서의 법적 책임을 져야 하는지의 여부에 대해 같게 보겠군.
- ""대법원""과 ""소수 의견""은 서로 다른 입장을 가지고 있으며, 대법원은 특정 가능 시 책임을 인정하는 반면 소수 의견은 인터넷 ID의 명예 주체성을 인정하지 않아 책임을 부인한다는 점에서 의견이 다르다.

4번: ㉯와 ㉰는 B가 가해자로서의 법적 책임을 져야 하는지의 여부에 대해 같게 보겠군.
- ""다수 의견은 ...""과 ""소수 의견은 ..."" 각각 다른 입장을 취하고 있어, 두 견해가 동일하게 본다고 볼 수 없다.

5번: ㉮, ㉯, ㉰가, C가 가해자로서의 법적 책임을 져야 하는지의 여부에 대해 판단한 내용이 모두 같지는 않겠군.
- 각 입장(대법원, 다수 의견, 소수 의견)이 서로 다른 기준으로 책임을 판단하므로, 모두 동일하게 판단하지 않는다.

최종 정답: 3번","[16, 19613, 25, 220, 159, 231, 106, 2770, 418, 4081, 9919, 5650, 162282, 4865, 3408, 69826, 9871, 152550, 3281, 4889, 116, 15494, 92418, 363, 2770, 9919, 5650, 162282, 4865, 3408, 69826, 9871, 152550, 3281, 12688, 3908, 73260, 57758, 13611, 35161, 44155, 558, 12, 392, 8092, 22070, 8143, 4740, 27365, 153312, 29929, 39168, 3748, 33502, 2770, 136737, 11, 27365, 153312, 29929, 39168, 44531, 120180, 22463, 135591, 16130, 14394, 9023, 90056, 50632, 13405, 13070, 23553, 12688, 25816, 17498, 133102, 155209, 5544, 79972, 14377, 18, 65987, 32082, 8963, 21023, 33502, 40789, 51275, 29138, 169, 249, 120, 66603, 72983, 16369, 96668, 3107, 33398, 9919, 5650, 81441, 69826, 9871, 152550, 2186, 29805, 31453, 197510, 57213, 5637, 5650, 23716, 56388, 6635, 17, 19613, 25, 220, 159, 231, 107, 2770, 418, 4081, 9919, 5650, 162282, 4865, 3408, 69826, 9871, 152550, 3281, 4889, 116, 15494, 92418, 355, 2770, 9919, 5650, 162282, 4865, 3408, 69826, 9871, 152550, 3281, 12688, 3908, 73260, 57758, 13611, 35161, 44155, 558, 12, 392, 191491, 73891, 4170, 10452, 3281, 126910, 21023, 85368, 11440, 2550, 22400, 25941, 14377, 18, 65987, 10599, 27525, 89174, 182060, 13070, 8963, 92706, 9018, 2550, 69826, 9871, 152550, 2186, 29805, 31453, 44531, 73260, 57758, 13611, 69458, 6635, 18, 19613, 25, 220, 159, 231, 106, 12753, 220, 159, 231, 108, 2770, 355, 4081, 9919, 5650, 162282, 4865, 3408, 69826, 9871, 152550, 3281, 4889, 116, 15494, 43870, 3908, 3408, 165765, 3107, 67946, 29610, 7996, 13611, 35161, 44155, 558, 12, 392, 8092, 22070, 8143, 1, 8562, 392, 11226, 7820, 171739, 1, 4740, 164663, 51484, 27995, 95803, 113147, 96864, 11, 10985, 22070, 8143, 4740, 182060, 42371, 12468, 152550, 3281, 178357, 14108, 35007, 9018, 22183, 7820, 171739, 4740, 132967, 4170, 3408, 51275, 29138, 16130, 16238, 77322, 178357, 44531, 188018, 152550, 3281, 20211, 5544, 29423, 2770, 54788, 11440, 171739, 2186, 14367, 20697, 2276, 364, 19, 19613, 25, 220, 159, 231, 107, 12753, 220, 159, 231, 108, 2770, 418, 4081, 9919, 5650, 162282, 4865, 3408, 69826, 9871, 152550, 3281, 4889, 116, 15494, 43870, 3908, 3408, 165765, 3107, 67946, 29610, 7996, 13611, 35161, 44155, 558, 12, 392, 2276, 7820, 171739, 4740, 119163, 8562, 392, 11226, 7820, 171739, 4740, 119163, 177252, 51484, 27995, 95803, 66765, 17231, 60147, 11, 44922, 164106, 5650, 4081, 184390, 32179, 51822, 57758, 84889, 8963, 92706, 364, 20, 19613, 25, 220, 159, 231, 106, 11, 220, 159, 231, 107, 11, 220, 159, 231, 108, 4081, 11, 363, 4081, 9919, 5650, 162282, 4865, 3408, 69826, 9871, 152550, 3281, 4889, 116, 15494, 43870, 3908, 3408, 165765, 3107, 67946, 183581, 3748, 69634, 2186, 67168, 29610, 68299, 20359, 35161, 44155, 558, 12, 57106, 27995, 7681, 7, 8092, 22070, 8143, 11, 14367, 7820, 171739, 11, 22183, 7820, 171739, 152560, 164663, 51484, 96986, 9911, 152550, 3281, 183581, 3131, 114942, 11, 67168, 184390, 32179, 183581, 44531, 181554, 364, 29538, 28755, 14296, 56208, 25, 220, 18, 19613]","[0.5, 0.5, 0.5, 0.5, 0.5, 0.5, 0.5, 0.5, 0.5, 0.5, 0.5, 0.5, 0.5, 0.5, 0.5, 0.5, 0.5, 0.5, 0.5, 0.5, 0.5, 0.5, 0.5, 0.5, 0.5, 0.5, 0.5, 0.5, 0.5, 0.5, 0.5, 0.5, 0.5, 0.5, 0.5, 0.5, 0.5, 0.5, 0.5, 0.5, 0.5, 0.5, 0.5, 0.5, 0.5, 0.5, 0.5, 0.5, 0.5, 0.5, 0.5, 0.5, 0.5, 0.5, 0.5, 0.5, 0.5, 0.5, 0.5, 0.5, 0.5, 0.5, 0.5, 0.5, 0.5, 0.5, 0.5, 0.5, 0.5, 0.5, 0.5, 0.5, 0.5, 0.5, 0.5, 0.5, 0.5, 0.5, 0.5, 0.5, 0.5, 0.5, 0.5, 0.5, 0.5, 0.5, 0.5, 0.5, 0.5, 0.5, 0.5, 0.5, 0.5, 0.5, 0.5, 0.5, 0.5, 0.5, 0.5, 0.5, 0.5, 0.5, 0.5, 0.5, 0.5, 0.5, 0.5, 0.5, 0.5, 0.5, 0.5, 0.5, 0.5, 0.5, 0.5, 0.5, 0.5, 0.5, 0.5, 0.5, 0.5, 0.5, 0.5, 0.5, 0.5, 0.5, 0.5, 0.5, 0.5, 0.5, 0.5, 0.5, 0.5, 0.5, 0.5, 0.5, 0.5, 0.5, 0.5, 0.5, 0.5, 0.5, 0.5, 0.5, 0.5, 0.5, 0.5, 0.5, 0.5, 0.5, 0.5, 0.5, 0.5, 0.5, 0.5, 0.5, 0.5, 0.5, 0.5, 0.5, 0.5, 0.5, 0.5, 0.5, 0.5, 0.5, 0.5, 0.5, 0.5, 0.5, 0.5, 0.5, 0.5, 0.5, 0.5, 0.5, 0.5, 0.5, 0.5, 0.5, 0.5, 0.5, 0.5, 0.5, 0.5, 0.5, 0.5, 0.5, 0.5, 0.5, 0.5, 0.5, 0.5, 0.5, 0.5, 0.5, 0.5, 0.5, 0.5, 0.5, 0.5, 0.5, 0.5, 0.5, 0.5, 0.5, 0.5, 0.5, 0.5, 0.5, 0.5, 0.5, 0.5, 0.5, 0.5, 0.5, 0.5, 0.5, 0.5, 0.5, 0.5, 0.5, 0.5, 0.5, 0.5, 0.5, 0.5, 0.5, 0.5, 0.5, 0.5, 0.5, 0.5, 0.5, 0.5, 0.5, 0.5, 0.5, 0.5, 0.5, 0.5, 0.5, 0.5, 0.5, 0.5, 0.5, 0.5, 0.5, 0.5, 0.5, 0.5, 0.5, 0.5, 0.5, 0.5, 0.5, 0.5, 0.5, 0.5, 0.5, 0.5, 0.5, 0.5, 0.5, 0.5, 0.5, 0.5, 0.5, 0.5, 0.5, 0.5, 0.5, 0.5, 0.5, 0.5, 0.5, 0.5, 0.5, 0.5, 0.5, 0.5, 0.5, 0.5, 0.5, 0.5, 0.5, 0.5, 0.5, 0.5, 0.5, 0.5, 0.5, 0.5, 0.5, 0.5, 0.5, 0.5, 0.5, 0.5, 0.5, 0.5, 0.5, 0.5, 0.5, 0.5, 0.5, 0.5, 0.5, 0.5, 0.5, 0.5, 0.5, 0.5, 0.5, 0.5, 0.5, 0.5, 0.5, 0.5, 0.5, 0.5, 0.5, 0.5, 0.5, 0.5, 0.5, 0.5, 0.5, 0.5, 0.5, 0.5, 0.5, 0.5, 0.5, 0.5, 0.5, 0.5, 0.5, 0.5, 0.5, 0.5, 0.5, 0.5, 0.5, 0.5, 0.5, 0.5, 0.5, 0.5, 0.5, 0.5, 0.5, 0.5, 0.5, 0.5, 0.5, 0.5, 0.5, 0.5, 0.5, 0.5, 0.5, 0.5, 0.5, 0.5, 0.5, 0.5, 0.5, 0.5, 0.5, 0.5, 0.5, 0.5, 0.5, 0.5, 0.5, 0.5, 0.5, 0.5, 0.5, 0.5, 0.5, 0.5, 0.5, 0.5, 0.5, 0.5, 0.5, 0.5, 0.5, 0.5, 0.5, 0.5, 0.5, 0.5, 0.5, 0.5, 0.5, 0.5, 0.5, 0.5, 0.5, 0.5, 0.5, 0.5, 0.5, 0.5, 0.5, 0.5, 0.5, 0.5, 0.5, 0.5, 0.5, 0.5, 0.5, 0.5, 0.5, 0.5, 0.5, 0.5, 0.5, 0.5, 0.5, 0.5, 0.5, 0.5, 0.5, 0.5, 0.5, 0.5, 0.5, 0.5, 0.5, 0.5, 0.5, 0.5, 0.5, 0.5, 0.5, 0.5, 0.5, 0.5, 0.5, 0.5, 0.5, 0.5, 0.5, 0.5, 0.5, 0.5, 0.5, 0.5, 0.5, 0.5, 0.5, 0.5, 0.5, 0.5, 0.5, 0.5]",0
2025_11_KICE_14-17_3,['3(2)'],"1번: ⓐ: 완성(完成)된다고  
- ""리프킨은 사회적 상호 작용에서의 자기표현은 본질적으로 연극적이며, 표면 연기와 심층 연기로 **이루어진다고** 언급했다.""  
- **해석:** ""이루어진다고""는 ""완성된다고""보다 ""구성된다고"" 또는 ""이뤄진다고""가 더 적절합니다. 따라서 1번은 적절하지 않습니다.

2번: ⓑ: 요청(要請)하여  
- ""심층 연기는 내면의 솔직한 정서를 **불러내어** 자신의 진정성을 보여 주는 것이다.""  
- **해석:** ""불러내어""는 ""요청하여""보다는 ""끌어내어"" 또는 ""유발하여""가 더 적절합니다. 따라서 2번은 적절하지 않습니다.

3번: ⓒ: 표출(表出)된다고  
- ""가상 공간에서 드러나는 자기 정체성이 **나타난다고** 본다.""  
- **해석:** ""나타난다고""를 ""표출된다고""로 바꾸는 것은 의미상 유사하지만, 원문의 ""나타나다""가 더 적합한 표현입니다. 따라서 3번은 부분적으로 적절할 수 있지만 최적의 선택은 아닙니다.

4번: ⓓ: 기만(欺瞞)하고  
- ""현실에서의 자기 정체성을 **감추고** 다른 인격체로 활동하거나 현실에서 억압된 정서를 공격적으로 드러내기도 한다.""  
- **해석:** ""감추고""를 ""기만하고""로 바꾸는 것은 원문의 의미인 ""숨기고""와는 다소 차이가 있습니다. 따라서 4번은 적절하지 않습니다.

5번: ⓔ: 확충(擴充)되는  
- ""사이버 폭력과 관련하여, 인터넷 ID만을 알고 있는 상황에서 그에 대해 명예훼손이나 모욕 등의 공격이 있을 때 가해자에게 법적인 책임을 물을 수 있는지에 대한 논란이 있어 왔다. 이는 인터넷 ID가 사회적 평판인 명예의 주체로 인정될 수 있는가와 관련된다. 인터넷 ID의 명예 주체성을 **넘쳐 나는** 현실도 이와 무관하지 않다.""  
- **해석:** ""넘쳐 나는""은 ""확충되는""보다는 ""폭증하는"" 또는 ""풍부한""이 더 적절한 표현입니다. 그러나 ""확충되는""도 의미상 크게 벗어나지 않아 가장 근접한 선택지입니다. 따라서 5번이 가장 적절합니다.

최종 정답: **5번**","[16, 19613, 25, 2969, 241, 238, 25, 58864, 9360, 7, 57587, 8, 17498, 57758, 4066, 12, 392, 4960, 18554, 121774, 4740, 78797, 9871, 18597, 16684, 31389, 8423, 11440, 3408, 150768, 22700, 24934, 4740, 51822, 30570, 34555, 24038, 68639, 9871, 128328, 11, 55686, 9018, 24038, 4283, 12753, 61505, 72054, 24038, 152240, 6240, 2186, 29453, 163906, 57758, 410, 69163, 28868, 22342, 3692, 4066, 12, 6240, 5650, 30598, 142760, 392, 2186, 29453, 163906, 57758, 1, 2770, 392, 70633, 9360, 17498, 57758, 1, 72120, 392, 10997, 9360, 17498, 57758, 1, 63618, 392, 2186, 186971, 226, 13774, 57758, 1, 4081, 28526, 36675, 37100, 24490, 13, 171123, 220, 16, 19613, 4740, 36675, 37100, 44531, 113243, 364, 17, 19613, 25, 2969, 241, 239, 25, 124094, 7, 7724, 78656, 8, 31412, 4066, 12, 392, 25798, 72054, 24038, 92079, 21566, 9018, 3408, 155316, 28013, 3748, 14296, 171823, 6240, 41033, 13689, 13579, 5959, 410, 112289, 31172, 7329, 77322, 103585, 16130, 2770, 66580, 3692, 4066, 12, 6240, 5650, 30598, 142760, 392, 41033, 13689, 13579, 5959, 1, 2770, 392, 7952, 25716, 31412, 1, 8122, 53957, 392, 189313, 5959, 13579, 5959, 1, 63618, 392, 15483, 22198, 31412, 1, 4081, 28526, 36675, 37100, 24490, 13, 171123, 220, 17, 19613, 4740, 36675, 37100, 44531, 113243, 364, 18, 19613, 25, 2969, 241, 240, 25, 55686, 16662, 7, 9314, 6390, 8, 17498, 57758, 4066, 12, 392, 4081, 8612, 131103, 11440, 52850, 13689, 102052, 150768, 14296, 16238, 97731, 6240, 7663, 19916, 26188, 57758, 410, 51822, 2276, 3692, 4066, 12, 6240, 5650, 30598, 142760, 392, 7663, 19916, 26188, 57758, 1, 4831, 392, 22700, 16662, 17498, 57758, 1, 3710, 22796, 101253, 2770, 66371, 102721, 8612, 22748, 5537, 122515, 11, 32518, 177854, 392, 7663, 19916, 51642, 1, 4081, 28526, 36675, 13405, 3748, 142948, 27001, 13, 171123, 220, 18, 19613, 4740, 90419, 34555, 36675, 37100, 13070, 8963, 149312, 25685, 9871, 3408, 64620, 4740, 74284, 247, 6479, 364, 19, 19613, 25, 2969, 241, 241, 25, 11061, 10452, 7, 179594, 80533, 252, 8, 17231, 4066, 12, 392, 24934, 17065, 11440, 3408, 150768, 14296, 16238, 77322, 6240, 25146, 32403, 3956, 410, 51484, 16876, 24270, 16238, 3710, 100072, 161286, 190015, 11440, 13675, 113, 112190, 17498, 14296, 171823, 172414, 34555, 52850, 13689, 13579, 81818, 46609, 3692, 4066, 12, 6240, 5650, 30598, 142760, 392, 25146, 32403, 3956, 1, 4831, 392, 4283, 10452, 17231, 1, 3710, 22796, 101253, 2770, 66371, 32518, 177854, 102721, 5544, 392, 183213, 4283, 3956, 1, 12753, 2770, 14367, 11226, 40443, 141841, 25824, 13, 171123, 220, 19, 19613, 4740, 36675, 37100, 44531, 113243, 364, 20, 19613, 25, 2969, 241, 242, 25, 30617, 76122, 7, 16838, 112, 21478, 8, 56216, 4066, 12, 392, 5537, 191748, 115212, 15873, 8562, 60286, 31412, 11, 132967, 4170, 10452, 3281, 126910, 21023, 85368, 11440, 10599, 3107, 67946, 51275, 29138, 169, 249, 120, 66603, 72983, 16369, 96668, 114956, 172414, 2186, 80801, 23553, 9919, 5650, 5947, 34950, 69826, 31763, 152550, 3281, 45431, 3281, 8963, 21023, 3908, 3107, 33398, 96430, 43514, 2186, 60147, 23716, 56388, 13, 164439, 132967, 4170, 4081, 78797, 9871, 49333, 31844, 5544, 51275, 29138, 3408, 16130, 16238, 3710, 178357, 57189, 8963, 21023, 4081, 12753, 60286, 79514, 13, 132967, 4170, 3408, 51275, 29138, 16130, 16238, 77322, 6240, 150654, 70032, 112252, 410, 190015, 5827, 6548, 12753, 25789, 15853, 44531, 20359, 2276, 3692, 4066, 12, 6240, 5650, 30598, 142760, 392, 150654, 70032, 112252, 1, 4740, 392, 42894, 76122, 56216, 1, 8122, 53957, 392, 100294, 30762, 14108, 1, 63618, 392, 106335, 9814, 3748, 1, 2186, 28526, 36675, 37100, 3748, 142948, 27001, 13, 111502, 392, 42894, 76122, 56216, 1, 5827, 102721, 8612, 161057, 18371, 245, 141926, 3908, 188018, 54530, 71124, 45291, 3748, 64620, 3908, 27001, 13, 171123, 220, 20, 19613, 2186, 54530, 36675, 37100, 24490, 364, 29538, 28755, 14296, 56208, 25, 6240, 20, 19613, 410]","[0.5, 0.5, 0.5, 0.5, 0.5, 0.5, 0.5, 0.5, 0.5, 0.5, 0.5, 0.5, 0.5, 0.5, 0.5, 0.5, 0.5, 0.5, 0.5, 0.5, 0.5, 0.5, 0.5, 0.5, 0.5, 0.5, 0.5, 0.5, 0.5, 0.5, 0.5, 0.5, 0.5, 0.5, 0.5, 0.5, 0.5, 0.5, 0.5, 0.5, 0.5, 0.5, 0.5, 0.5, 0.5, 0.5, 0.5, 0.5, 0.5, 0.5, 0.5, 0.5, 0.5, 0.5, 0.5, 0.5, 0.5, 0.5, 0.5, 0.5, 0.5, 0.5, 0.5, 0.5, 0.5, 0.5, 0.5, 0.5, 0.5, 0.5, 0.5, 0.5, 0.5, 0.5, 0.5, 0.5, 0.5, 0.5, 0.5, 0.5, 0.5, 0.5, 0.5, 0.5, 0.5, 0.5, 0.5, 0.5, 0.5, 0.5, 0.5, 0.5, 0.5, 0.5, 0.5, 0.5, 0.5, 0.5, 0.5, 0.5, 0.5, 0.5, 0.5, 0.5, 0.5, 0.5, 0.5, 0.5, 0.5, 0.5, 0.5, 0.5, 0.5, 0.5, 0.5, 0.5, 0.5, 0.5, 0.5, 0.5, 0.5, 0.5, 0.5, 0.5, 0.5, 0.5, 0.5, 0.5, 0.5, 0.5, 0.5, 0.5, 0.5, 0.5, 0.5, 0.5, 0.5, 0.5, 0.5, 0.5, 0.5, 0.5, 0.5, 0.5, 0.5, 0.5, 0.5, 0.5, 0.5, 0.5, 0.5, 0.5, 0.5, 0.5, 0.5, 0.5, 0.5, 0.5, 0.5, 0.5, 0.5, 0.5, 0.5, 0.5, 0.5, 0.5, 0.5, 0.5, 0.5, 0.5, 0.5, 0.5, 0.5, 0.5, 0.5, 0.5, 0.5, 0.5, 0.5, 0.5, 0.5, 0.5, 0.5, 0.5, 0.5, 0.5, 0.5, 0.5, 0.5, 0.5, 0.5, 0.5, 0.5, 0.5, 0.5, 0.5, 0.5, 0.5, 0.5, 0.5, 0.5, 0.5, 0.5, 0.5, 0.5, 0.5, 0.5, 0.5, 0.5, 0.5, 0.5, 0.5, 0.5, 0.5, 0.5, 0.5, 0.5, 0.5, 0.5, 0.5, 0.5, 0.5, 0.5, 0.5, 0.5, 0.5, 0.5, 0.5, 0.5, 0.5, 0.5, 0.5, 0.5, 0.5, 0.5, 0.5, 0.5, 0.5, 0.5, 0.5, 0.5, 0.5, 0.5, 0.5, 0.5, 0.5, 0.5, 0.5, 0.5, 0.5, 0.5, 0.5, 0.5, 0.5, 0.5, 0.5, 0.5, 0.5, 0.5, 0.5, 0.5, 0.5, 0.5, 0.5, 0.5, 0.5, 0.5, 0.5, 0.5, 0.5, 0.5, 0.5, 0.5, 0.5, 0.5, 0.5, 0.5, 0.5, 0.5, 0.5, 0.5, 0.5, 0.5, 0.5, 0.5, 0.5, 0.5, 0.5, 0.5, 0.5, 0.5, 0.5, 0.5, 0.5, 0.5, 0.5, 0.5, 0.5, 0.5, 0.5, 0.5, 0.5, 0.5, 0.5, 0.5, 0.5, 0.5, 0.5, 0.5, 0.5, 0.5, 0.5, 0.5, 0.5, 0.5, 0.5, 0.5, 0.5, 0.5, 0.5, 0.5, 0.5, 0.5, 0.5, 0.5, 0.5, 0.5, 0.5, 0.5, 0.5, 0.5, 0.5, 0.5, 0.5, 0.5, 0.5, 0.5, 0.5, 0.5, 0.5, 0.5, 0.5, 0.5, 0.5, 0.5, 0.5, 0.5, 0.5, 0.5, 0.5, 0.5, 0.5, 0.5, 0.5, 0.5, 0.5, 0.5, 0.5, 0.5, 0.5, 0.5, 0.5, 0.5, 0.5, 0.5, 0.5, 0.5, 0.5, 0.5, 0.5, 0.5, 0.5, 0.5, 0.5, 0.5, 0.5, 0.5, 0.5, 0.5, 0.5, 0.5, 0.5, 0.5, 0.5, 0.5, 0.5, 0.5, 0.5, 0.5, 0.5, 0.5, 0.5, 0.5, 0.5, 0.5, 0.5, 0.5, 0.5, 0.5, 0.5, 0.5, 0.5, 0.5, 0.5, 0.5, 0.5, 0.5, 0.5, 0.5, 0.5, 0.5, 0.5, 0.5, 0.5, 0.5, 0.5, 0.5, 0.5, 0.5, 0.5, 0.5, 0.5, 0.5, 0.5, 0.5, 0.5, 0.5, 0.5, 0.5, 0.5, 0.5, 0.5, 0.5, 0.5, 0.5, 0.5, 0.5, 0.5, 0.5, 0.5, 0.5, 0.5, 0.5, 0.5, 0.5, 0.5, 0.5, 0.5, 0.5, 0.5, 0.5, 0.5, 0.5, 0.5, 0.5, 0.5, 0.5, 0.5, 0.5, 0.5, 0.5, 0.5, 0.5, 0.5, 0.5, 0.5, 0.5, 0.5, 0.5, 0.5, 0.5, 0.5, 0.5, 0.5, 0.5, 0.5, 0.5, 0.5, 0.5, 0.5, 0.5, 0.5, 0.5, 0.5, 0.5, 0.5, 0.5, 0.5, 0.5, 0.5, 0.5, 0.5, 0.5, 0.5, 0.5, 0.5, 0.5, 0.5, 0.5, 0.5, 0.5, 0.5, 0.5, 0.5, 0.5, 0.5, 0.5, 0.5, 0.5, 0.5, 0.5, 0.5, 0.5, 0.5, 0.5, 0.5, 0.5, 0.5, 0.5, 0.5, 0.5, 0.5, 0.5, 0.5, 0.5, 0.5, 0.5, 0.5, 0.5, 0.5, 0.5, 0.5, 0.5, 0.5, 0.5, 0.5, 0.5, 0.5, 0.5, 0.5, 0.5, 0.5, 0.5, 0.5, 0.5, 0.5, 0.5, 0.5, 0.5, 0.5, 0.5, 0.5, 0.5, 0.5, 0.5, 0.5, 0.5, 0.5, 0.5, 0.5, 0.5, 0.5, 0.5, 0.5, 0.5, 0.5, 0.5, 0.5, 0.5, 0.5, 0.5, 0.5, 0.5, 0.5, 0.5, 0.5, 0.5, 0.5, 0.5, 0.5, 0.5, 0.5, 0.5, 0.5, 0.5, 0.5, 0.5, 0.5, 0.5, 0.5, 0.5, 0.5, 0.5, 0.5, 0.5, 0.5, 0.5, 0.5, 0.5, 0.5, 0.5, 0.5, 0.5, 0.5, 0.5, 0.5, 0.5, 0.5]",0
2025_11_KICE_18-21_0,['2(2)'],"1번: ㉠을 보니, 호첩에게 물은 ‘[연고](Bold체)’의 내용은 왕비가 말한 ‘[사연](Bold체)’의 내용과 관련이 있겠군.  
→ ""왕비 못내 반기시며 [사연](Bold체)을 낱낱이 이르시되 승상 왈 ㉠[...]""

2번: ㉠을 보니, 승상이 황상에게 올린 ‘[상소](Bold체)’에 들어 있는 내용은 ‘이미 아는 바’와 같겠군.  
→ ""승상이 붙들고 울며 왈 [...] “이 일은 소자가 이미 아는 바이오니 염려 마옵소서.”""

3번: ㉡을 보니, 승상은 ‘[사연](Bold체)’의 진상을 밝히는 데에 왕비가 ‘[그놈](Bold체)’의 행위를 알게 된 경위가 중요하다고 생각했겠군.  
→ ""㉡[“처음에 그놈이 충렬부인 방에 간 줄 어찌 알으셨나이까?”]""

4번: ㉡에 대한 왕비의 대답을 보니, 왕비에게 ‘[그놈](Bold체)’의 행위에 대해 제보한 사람이 있었군.  
→ ""왕비 왈 “사촌 오라비가 이르기로 알았노라.”""

5번: ㉡이 제시된 후에 드러난 복록의 상황을 보니, 복록은 자신이 지은 ‘[죄](Bold체)’에 대하여 심리적 중압감을 느꼈겠군.  
→ ""복록을 찾는데 벌써 제 [죄](Bold체)를 알고 후원에 올라가 이미 죽었는지라.""

최종 정답: 5번","[16, 19613, 25, 220, 159, 231, 254, 3281, 13611, 4110, 11, 45676, 7272, 102, 34950, 45431, 4740, 2476, 58, 17097, 3956, 20614, 61265, 16238, 128825, 3408, 69634, 4740, 181981, 12316, 4081, 27202, 3748, 2476, 58, 5537, 17097, 20614, 61265, 16238, 128825, 3408, 69634, 8562, 60286, 2186, 7017, 35161, 44155, 13, 4066, 20216, 392, 114938, 12316, 51614, 13579, 35007, 4283, 5637, 16205, 723, 5537, 17097, 20614, 61265, 16238, 138973, 9046, 109, 4425, 109, 2186, 6548, 20697, 5637, 14958, 80749, 8612, 23716, 230, 220, 159, 231, 254, 154071, 2678, 17, 19613, 25, 220, 159, 231, 254, 3281, 13611, 4110, 11, 80749, 167629, 171205, 8612, 34950, 47038, 30053, 2476, 58, 8612, 11226, 20614, 61265, 16238, 128825, 3107, 57217, 21023, 69634, 4740, 2476, 190845, 12652, 2770, 22796, 438, 12753, 29610, 35161, 44155, 13, 4066, 20216, 392, 42643, 167629, 156026, 8635, 3956, 149828, 16205, 23716, 230, 43690, 966, 2186, 18129, 4740, 22183, 65987, 71990, 12652, 2770, 164152, 12354, 4110, 6974, 120, 17638, 21096, 130543, 11226, 4865, 2517, 2678, 18, 19613, 25, 220, 159, 231, 94, 3281, 13611, 4110, 11, 80749, 8612, 4740, 2476, 58, 5537, 17097, 20614, 61265, 16238, 128825, 3408, 31172, 90750, 67353, 20357, 2770, 40237, 3107, 181981, 12316, 4081, 2476, 58, 11946, 50581, 230, 20614, 61265, 16238, 128825, 3408, 48744, 139632, 32082, 7996, 51312, 17357, 14394, 4081, 82645, 3131, 57758, 45341, 13830, 35161, 44155, 13, 4066, 20216, 392, 159, 231, 94, 58, 1100, 27763, 14862, 3107, 10599, 50581, 230, 2186, 71712, 131787, 9814, 5544, 24030, 3107, 53736, 70105, 21252, 190243, 32082, 6566, 109182, 7663, 2186, 17706, 14181, 60, 2678, 19, 19613, 25, 220, 159, 231, 94, 3107, 33398, 181981, 12316, 3408, 10985, 56208, 3281, 13611, 4110, 11, 181981, 12316, 34950, 2476, 58, 11946, 50581, 230, 20614, 61265, 16238, 128825, 3408, 48744, 14394, 3107, 67946, 14377, 8122, 3748, 133102, 103125, 44155, 13, 4066, 20216, 392, 114938, 12316, 23716, 230, 966, 5537, 180641, 20859, 6663, 12316, 4081, 6548, 20697, 152240, 32082, 30737, 21464, 6663, 2517, 2678, 20, 19613, 25, 220, 159, 231, 94, 2186, 14377, 5637, 17498, 32624, 3107, 52850, 13689, 26188, 68238, 18490, 3408, 85368, 3281, 13611, 4110, 11, 68238, 18490, 4740, 62159, 2186, 12688, 4740, 2476, 58, 140460, 20614, 61265, 16238, 128825, 3107, 10985, 31412, 61505, 4960, 9871, 19078, 112190, 155767, 68324, 95763, 230, 35161, 44155, 13, 4066, 20216, 392, 32794, 18490, 3281, 53975, 51065, 121274, 102717, 14377, 723, 140460, 20614, 61265, 16238, 139511, 126910, 32624, 8143, 3107, 171046, 4081, 71990, 116991, 16028, 2770, 3908, 6663, 6635, 29538, 28755, 14296, 56208, 25, 220, 20, 19613]","[0.5, 0.5, 0.5, 0.5, 0.5, 0.5, 0.5, 0.5, 0.5, 0.5, 0.5, 0.5, 0.5, 0.5, 0.5, 0.5, 0.5, 0.5, 0.5, 0.5, 0.5, 0.5, 0.5, 0.5, 0.5, 0.5, 0.5, 0.5, 0.5, 0.5, 0.5, 0.5, 0.5, 0.5, 0.5, 0.5, 0.5, 0.5, 0.5, 0.5, 0.5, 0.5, 0.5, 0.5, 0.5, 0.5, 0.5, 0.5, 0.5, 0.5, 0.5, 0.5, 0.5, 0.5, 0.5, 0.5, 0.5, 0.5, 0.5, 0.5, 0.5, 0.5, 0.5, 0.5, 0.5, 0.5, 0.5, 0.5, 0.5, 0.5, 0.5, 0.5, 0.5, 0.5, 0.5, 0.5, 0.5, 0.5, 0.5, 0.5, 0.5, 0.5, 0.5, 0.5, 0.5, 0.5, 0.5, 0.5, 0.5, 0.5, 0.5, 0.5, 0.5, 0.5, 0.5, 0.5, 0.5, 0.5, 0.5, 0.5, 0.5, 0.5, 0.5, 0.5, 0.5, 0.5, 0.5, 0.5, 0.5, 0.5, 0.5, 0.5, 0.5, 0.5, 0.5, 0.5, 0.5, 0.5, 0.5, 0.5, 0.5, 0.5, 0.5, 0.5, 0.5, 0.5, 0.5, 0.5, 0.5, 0.5, 0.5, 0.5, 0.5, 0.5, 0.5, 0.5, 0.5, 0.5, 0.5, 0.5, 0.5, 0.5, 0.5, 0.5, 0.5, 0.5, 0.5, 0.5, 0.5, 0.5, 0.5, 0.5, 0.5, 0.5, 0.5, 0.5, 0.5, 0.5, 0.5, 0.5, 0.5, 0.5, 0.5, 0.5, 0.5, 0.5, 0.5, 0.5, 0.5, 0.5, 0.5, 0.5, 0.5, 0.5, 0.5, 0.5, 0.5, 0.5, 0.5, 0.5, 0.5, 0.5, 0.5, 0.5, 0.5, 0.5, 0.5, 0.5, 0.5, 0.5, 0.5, 0.5, 0.5, 0.5, 0.5, 0.5, 0.5, 0.5, 0.5, 0.5, 0.5, 0.5, 0.5, 0.5, 0.5, 0.5, 0.5, 0.5, 0.5, 0.5, 0.5, 0.5, 0.5, 0.5, 0.5, 0.5, 0.5, 0.5, 0.5, 0.5, 0.5, 0.5, 0.5, 0.5, 0.5, 0.5, 0.5, 0.5, 0.5, 0.5, 0.5, 0.5, 0.5, 0.5, 0.5, 0.5, 0.5, 0.5, 0.5, 0.5, 0.5, 0.5, 0.5, 0.5, 0.5, 0.5, 0.5, 0.5, 0.5, 0.5, 0.5, 0.5, 0.5, 0.5, 0.5, 0.5, 0.5, 0.5, 0.5, 0.5, 0.5, 0.5, 0.5, 0.5, 0.5, 0.5, 0.5, 0.5, 0.5, 0.5, 0.5, 0.5, 0.5, 0.5, 0.5, 0.5, 0.5, 0.5, 0.5, 0.5, 0.5, 0.5, 0.5, 0.5, 0.5, 0.5, 0.5, 0.5, 0.5, 0.5, 0.5, 0.5, 0.5, 0.5, 0.5, 0.5, 0.5, 0.5, 0.5, 0.5, 0.5, 0.5, 0.5, 0.5, 0.5, 0.5, 0.5, 0.5, 0.5, 0.5, 0.5, 0.5, 0.5, 0.5, 0.5, 0.5, 0.5, 0.5, 0.5, 0.5, 0.5, 0.5, 0.5, 0.5, 0.5, 0.5, 0.5, 0.5, 0.5, 0.5, 0.5, 0.5, 0.5, 0.5, 0.5, 0.5, 0.5, 0.5, 0.5, 0.5, 0.5, 0.5, 0.5, 0.5, 0.5, 0.5, 0.5, 0.5, 0.5, 0.5, 0.5, 0.5, 0.5, 0.5, 0.5, 0.5, 0.5, 0.5, 0.5, 0.5, 0.5, 0.5, 0.5, 0.5, 0.5, 0.5, 0.5, 0.5, 0.5, 0.5, 0.5, 0.5, 0.5, 0.5, 0.5, 0.5, 0.5, 0.5, 0.5, 0.5, 0.5, 0.5, 0.5, 0.5, 0.5, 0.5, 0.5, 0.5, 0.5, 0.5, 0.5, 0.5, 0.5, 0.5, 0.5, 0.5, 0.5, 0.5, 0.5, 0.5, 0.5, 0.5, 0.5, 0.5, 0.5, 0.5, 0.5, 0.5, 0.5, 0.5, 0.5, 0.5]",0
2025_11_KICE_18-21_1,['4(2)'],"1번 - 누명이 벗겨지면서, 누명을 썼던 인물은 자신의 어리석음을 탓하고 있다.  
""(지문에서 누명을 쓴 인물이 자신의 어리석음을 탓하는 내용이 언급되지 않습니다.)""

2번 - 누명을 쓴 인물의 요청으로 남주인공은 누명을 씌운 인물의 처벌을 유보한다.  
""(지문에서 누명을 쓴 인물의 요청으로 처벌을 유보하는 내용이 나타나지 않습니다.)""

3번 - 누명의 내용은 누명을 쓴 인물이 남몰래 자신의 처소에서 벗어나 구덩이에 있다는 사실이다.  
""(지문에서 누명의 구체적인 내용이 그러한 사실을 포함한다고 언급되지 않습니다.)""

4번 - 누명을 씌우기 위한 계략에는 누명을 쓰는 인물을 특정 장소로 가게 하는 것이 포함되어 있다.  
""(지문에서 금연이 흉계를 꾸미고, 누명을 쓰게 하기 위해 누명을 쓴 인물을 특정 장소로 이끄는 과정이 설명됩니다.)""

5번 - 누명이 벗겨지는 계기는 남주인공이 자신의 어머니가 극단적 선택을 하겠다는 것을 만류한 것이다.  
""(지문에서 누명이 벗겨지는 이유가 남주인공의 어머니를 만류한 것과 직접적으로 연결되지 않습니다.)""

최종 정답: 4번","[16, 19613, 533, 66497, 152143, 18371, 245, 57444, 3908, 42856, 11, 66497, 153312, 804, 48878, 28148, 16876, 19948, 4740, 112289, 21252, 4960, 30598, 147373, 27302, 241, 17231, 20597, 13, 4066, 71649, 3908, 11397, 11440, 66497, 153312, 804, 113360, 16876, 195357, 112289, 21252, 4960, 30598, 147373, 27302, 241, 14108, 69634, 2186, 69163, 28868, 118797, 113243, 8476, 2678, 17, 19613, 533, 66497, 153312, 804, 113360, 16876, 19948, 3408, 124094, 9911, 42346, 9273, 5544, 12809, 4740, 66497, 153312, 120569, 234, 15435, 16876, 19948, 3408, 48771, 71340, 3281, 22748, 8122, 29423, 13, 4066, 71649, 3908, 11397, 11440, 66497, 153312, 804, 113360, 16876, 19948, 3408, 124094, 9911, 48771, 71340, 3281, 22748, 8122, 14108, 69634, 2186, 94485, 7663, 3908, 113243, 8476, 2678, 18, 19613, 533, 66497, 159857, 69634, 4740, 66497, 153312, 804, 113360, 16876, 195357, 42346, 113004, 17132, 112289, 48771, 11226, 11440, 18371, 245, 141926, 23019, 8136, 102, 158170, 120608, 89770, 24088, 13, 4066, 71649, 3908, 11397, 11440, 66497, 159857, 23019, 16238, 31763, 69634, 2186, 70367, 3748, 89770, 3281, 79778, 197510, 69163, 28868, 118797, 113243, 8476, 2678, 19, 19613, 533, 66497, 153312, 120569, 234, 11890, 4283, 52294, 34795, 78608, 40789, 66497, 153312, 80324, 2770, 16876, 144814, 182060, 186224, 3710, 9919, 7996, 43870, 46947, 79778, 68657, 20597, 13, 4066, 71649, 3908, 11397, 11440, 55937, 17097, 2186, 48290, 231, 173370, 184765, 14561, 3956, 11, 66497, 153312, 80324, 7996, 190479, 35817, 66497, 153312, 804, 113360, 16876, 144814, 182060, 186224, 3710, 6548, 198916, 2770, 121551, 2186, 89157, 76493, 8476, 2678, 20, 19613, 533, 66497, 152143, 18371, 245, 57444, 68299, 34795, 92079, 42346, 9273, 5544, 12809, 2186, 112289, 21252, 150916, 4081, 131581, 17677, 9871, 64620, 3281, 12202, 35161, 53957, 61738, 22400, 34005, 3748, 66580, 13, 4066, 71649, 3908, 11397, 11440, 66497, 152143, 18371, 245, 57444, 68299, 89527, 4081, 42346, 9273, 5544, 12809, 3408, 21252, 150916, 4831, 22400, 34005, 3748, 12544, 8562, 103492, 34555, 108935, 118797, 113243, 8476, 2678, 29538, 28755, 14296, 56208, 25, 220, 19, 19613]","[0.5, 0.5, 0.5, 0.5, 0.5, 0.5, 0.5, 0.5, 0.5, 0.5, 0.5, 0.5, 0.5, 0.5, 0.5, 0.5, 0.5, 0.5, 0.5, 0.5, 0.5, 0.5, 0.5, 0.5, 0.5, 0.5, 0.5, 0.5, 0.5, 0.5, 0.5, 0.5, 0.5, 0.5, 0.5, 0.5, 0.5, 0.5, 0.5, 0.5, 0.5, 0.5, 0.5, 0.5, 0.5, 0.5, 0.5, 0.5, 0.5, 0.5, 0.5, 0.5, 0.5, 0.5, 0.5, 0.5, 0.5, 0.5, 0.5, 0.5, 0.5, 0.5, 0.5, 0.5, 0.5, 0.5, 0.5, 0.5, 0.5, 0.5, 0.5, 0.5, 0.5, 0.5, 0.5, 0.5, 0.5, 0.5, 0.5, 0.5, 0.5, 0.5, 0.5, 0.5, 0.5, 0.5, 0.5, 0.5, 0.5, 0.5, 0.5, 0.5, 0.5, 0.5, 0.5, 0.5, 0.5, 0.5, 0.5, 0.5, 0.5, 0.5, 0.5, 0.5, 0.5, 0.5, 0.5, 0.5, 0.5, 0.5, 0.5, 0.5, 0.5, 0.5, 0.5, 0.5, 0.5, 0.5, 0.5, 0.5, 0.5, 0.5, 0.5, 0.5, 0.5, 0.5, 0.5, 0.5, 0.5, 0.5, 0.5, 0.5, 0.5, 0.5, 0.5, 0.5, 0.5, 0.5, 0.5, 0.5, 0.5, 0.5, 0.5, 0.5, 0.5, 0.5, 0.5, 0.5, 0.5, 0.5, 0.5, 0.5, 0.5, 0.5, 0.5, 0.5, 0.5, 0.5, 0.5, 0.5, 0.5, 0.5, 0.5, 0.5, 0.5, 0.5, 0.5, 0.5, 0.5, 0.5, 0.5, 0.5, 0.5, 0.5, 0.5, 0.5, 0.5, 0.5, 0.5, 0.5, 0.5, 0.5, 0.5, 0.5, 0.5, 0.5, 0.5, 0.5, 0.5, 0.5, 0.5, 0.5, 0.5, 0.5, 0.5, 0.5, 0.5, 0.5, 0.5, 0.5, 0.5, 0.5, 0.5, 0.5, 0.5, 0.5, 0.5, 0.5, 0.5, 0.5, 0.5, 0.5, 0.5, 0.5, 0.5, 0.5, 0.5, 0.5, 0.5, 0.5, 0.5, 0.5, 0.5, 0.5, 0.5, 0.5, 0.5, 0.5, 0.5, 0.5, 0.5, 0.5, 0.5, 0.5, 0.5, 0.5, 0.5, 0.5, 0.5, 0.5, 0.5, 0.5, 0.5, 0.5, 0.5, 0.5, 0.5, 0.5, 0.5, 0.5, 0.5, 0.5, 0.5, 0.5, 0.5, 0.5, 0.5, 0.5, 0.5, 0.5, 0.5, 0.5, 0.5, 0.5, 0.5, 0.5, 0.5, 0.5, 0.5, 0.5, 0.5, 0.5, 0.5, 0.5, 0.5, 0.5, 0.5, 0.5, 0.5, 0.5, 0.5, 0.5, 0.5, 0.5, 0.5, 0.5, 0.5, 0.5, 0.5, 0.5, 0.5, 0.5, 0.5, 0.5, 0.5, 0.5, 0.5, 0.5, 0.5, 0.5, 0.5, 0.5, 0.5, 0.5, 0.5, 0.5, 0.5, 0.5, 0.5, 0.5, 0.5, 0.5, 0.5, 0.5, 0.5]",2
2025_11_KICE_18-21_2,['1(2)'],"1번: **인물A: 원수 / 인물B: 중군장 / 소통의 내용: A가 B에게 군사를 이끌고 가 서융을 사로잡으라고 명령함.**
   
   **답변:** 적절하지 않습니다. 지문에서는 원수가 중군장에게 서융을 사로잡으라고 명령한 내용이 명확하게 나타나지 않습니다. 대신, 원수가 중군장에게 연고를 물으시고 다른 지시를 내리는 모습이 서술되어 있습니다.
   
   *""원수가 대경하여 호첩을 불러 [연고](Bold체)를 물으시고 인하여 중군장에게 분부하시되 ‘나는 집에 변이 있어 먼저 가니 중군장은 차후에 인솔하여 오라.’ 하고 밤낮 삼 일 만에 득달하니...""*

2번: **인물A: 승상 / 인물B: 월매 / 소통의 내용: A가 B에게 충렬부인이 있는 곳이 어디인지 물음.**
   
   **답변:** 적절합니다. 지문에서 승상이 월매에게 충렬부인이 어디에 있는지 물은 장면이 나옵니다.
   
   *""승상이 급히 문왈 “어디 계시냐?”""*

3번: **인물A: 옥졸 / 인물B: 금연 / 소통의 내용: B가 A로부터 옥중 시신의 정체와 관련한 정보를 얻음.**
   
   **답변:** 적절합니다. 지문에서 금연이 옥졸로부터 옥중 시신의 정체에 대한 정보를 얻는 내용이 포함되어 있습니다.
   
   *""옥졸이 급히 여쭈오되... 금연의 입을 통해 발설이 된가 하나이다.""*

4번: **인물A: 옥졸 / 인물B: 승상 / 소통의 내용: A가 B에게, 금연이 옥중 시신에 대하여 발설했을 것이라는 의혹을 제기함.**
   
   **답변:** 적절합니다. 지문에서 옥졸이 승상에게 금연이 옥중 시신에 대해 발설했을 것이라는 정보를 전달하는 장면이 있습니다.
   
   *""옥졸이 급히 여쭈오되... 금연이 ... 발설이 된가 하나이다.""*

5번: **인물A: 금연 / 인물B: 승상 / 소통의 내용: B가 A로부터 정렬부인이 거짓으로 앓아누웠었다는 정보를 얻음.**
   
   **답변:** 적절하지 않습니다. 지문에서는 금연이 직접적으로 승상에게 정렬부인이 거짓으로 앓아누웠다는 정보를 제공하는 장면이 명확하게 나타나지 않습니다.
   
   *""부인은 눈을 떠 보니 승상이 왔거늘 정신 아득하여 인사를 모르다가 겨우 인사를 차려...""* (해당 내용과 직접적인 연결이 부족함)

**최종 정답:** 1번","[16, 19613, 25, 6240, 5544, 19948, 32, 25, 32518, 7820, 820, 16876, 19948, 33, 25, 19078, 44155, 7681, 820, 22183, 22960, 3408, 69634, 25, 355, 4081, 418, 34950, 108793, 67693, 6548, 189313, 3956, 9919, 24795, 110223, 3281, 9023, 3710, 76066, 6566, 67328, 51275, 45634, 26077, 13, 1612, 10190, 256, 6240, 56208, 35776, 142760, 36675, 37100, 44531, 113243, 13, 12688, 11397, 75367, 32518, 135337, 19078, 44155, 7681, 34950, 24795, 110223, 3281, 9023, 3710, 76066, 6566, 67328, 51275, 45634, 3748, 69634, 2186, 51275, 42894, 32179, 94485, 7663, 3908, 113243, 13, 196925, 11, 32518, 135337, 19078, 44155, 7681, 34950, 24038, 3956, 4831, 45431, 6566, 5637, 3956, 51484, 12688, 5637, 4831, 21566, 61752, 93284, 2186, 24795, 31097, 68657, 25824, 558, 10190, 256, 425, 1, 8143, 135337, 10985, 15056, 31412, 45676, 7272, 102, 3281, 36387, 13689, 723, 17097, 3956, 20614, 61265, 16238, 139511, 45431, 6566, 5637, 3956, 16876, 31412, 19078, 44155, 7681, 34950, 29393, 9814, 168474, 14958, 2476, 102052, 55439, 3107, 38152, 2186, 60147, 141119, 9919, 4110, 19078, 44155, 112033, 40443, 21206, 3107, 16876, 119542, 31412, 20859, 6663, 15988, 67657, 177719, 4425, 106, 98643, 18129, 22400, 3107, 12175, 251, 33233, 3131, 4110, 34415, 26289, 17, 19613, 25, 6240, 5544, 19948, 32, 25, 80749, 8612, 820, 16876, 19948, 33, 25, 85638, 20356, 820, 22183, 22960, 3408, 69634, 25, 355, 4081, 418, 34950, 71712, 131787, 9814, 117970, 21023, 75067, 2186, 154074, 146164, 45431, 14862, 13, 1612, 10190, 256, 6240, 56208, 35776, 142760, 36675, 37100, 24490, 13, 12688, 11397, 11440, 80749, 167629, 85638, 20356, 34950, 71712, 131787, 9814, 117970, 154074, 3107, 21023, 3908, 45431, 4740, 32697, 9018, 2186, 17743, 130543, 6479, 558, 10190, 256, 425, 1, 42643, 167629, 126252, 20357, 26387, 9294, 230, 966, 5959, 21198, 34795, 5637, 107240, 14181, 1, 26289, 18, 19613, 25, 6240, 5544, 19948, 32, 25, 8970, 98, 23117, 116, 820, 16876, 19948, 33, 25, 55937, 17097, 820, 22183, 22960, 3408, 69634, 25, 418, 4081, 355, 3710, 42070, 8970, 98, 19684, 12468, 11753, 3408, 14296, 16238, 12753, 60286, 3748, 125710, 104471, 14862, 13, 1612, 10190, 256, 6240, 56208, 35776, 142760, 36675, 37100, 24490, 13, 12688, 11397, 11440, 55937, 17097, 2186, 8970, 98, 23117, 116, 3710, 42070, 8970, 98, 19684, 12468, 11753, 3408, 14296, 16238, 3107, 33398, 125710, 104471, 2770, 69634, 2186, 79778, 68657, 25824, 558, 10190, 256, 425, 1, 150508, 23117, 116, 2186, 126252, 20357, 21775, 168, 255, 230, 12354, 14958, 1008, 55937, 17097, 3408, 27995, 3281, 45052, 26370, 23955, 2186, 51312, 4081, 49396, 24088, 3692, 26289, 19, 19613, 25, 6240, 5544, 19948, 32, 25, 8970, 98, 23117, 116, 820, 16876, 19948, 33, 25, 80749, 8612, 820, 22183, 22960, 3408, 69634, 25, 355, 4081, 418, 34950, 11, 55937, 17097, 2186, 8970, 98, 19684, 12468, 11753, 3107, 10985, 31412, 26370, 23955, 13830, 3281, 12544, 112211, 24099, 116182, 3281, 14377, 4283, 26077, 13, 1612, 10190, 256, 6240, 56208, 35776, 142760, 36675, 37100, 24490, 13, 12688, 11397, 11440, 8970, 98, 23117, 116, 2186, 80749, 8612, 34950, 55937, 17097, 2186, 8970, 98, 19684, 12468, 11753, 3107, 67946, 26370, 23955, 13830, 3281, 12544, 112211, 125710, 137846, 14108, 32697, 9018, 2186, 25824, 558, 10190, 256, 425, 1, 150508, 23117, 116, 2186, 126252, 20357, 21775, 168, 255, 230, 12354, 14958, 1008, 55937, 17097, 2186, 2550, 26370, 23955, 2186, 51312, 4081, 49396, 24088, 3692, 26289, 20, 19613, 25, 6240, 5544, 19948, 32, 25, 55937, 17097, 820, 16876, 19948, 33, 25, 80749, 8612, 820, 22183, 22960, 3408, 69634, 25, 418, 4081, 355, 3710, 42070, 14296, 131787, 9814, 117970, 29929, 180960, 9911, 5857, 241, 7653, 66767, 157454, 35590, 2770, 125710, 104471, 14862, 13, 1612, 10190, 256, 6240, 56208, 35776, 142760, 36675, 37100, 44531, 113243, 13, 12688, 11397, 75367, 55937, 17097, 2186, 103492, 34555, 80749, 8612, 34950, 14296, 131787, 9814, 117970, 29929, 180960, 9911, 5857, 241, 7653, 66767, 157454, 53957, 125710, 50681, 14108, 32697, 9018, 2186, 51275, 42894, 32179, 94485, 7663, 3908, 113243, 558, 10190, 256, 425, 1, 9814, 178155, 74327, 3281, 119692, 13611, 4110, 80749, 167629, 23716, 242, 17077, 44635, 191819, 12652, 64328, 31412, 16876, 67693, 171821, 153598, 183293, 11890, 16876, 67693, 40443, 17638, 34415, 9, 350, 5650, 19388, 69634, 8562, 103492, 31763, 108935, 2186, 178414, 26077, 1029, 410, 29538, 28755, 14296, 56208, 142760, 220, 16, 19613]","[0.5, 0.5, 0.5, 0.5, 0.5, 0.5, 0.5, 0.5, 0.5, 0.5, 0.5, 0.5, 0.5, 0.5, 0.5, 0.5, 0.5, 0.5, 0.5, 0.5, 0.5, 0.5, 0.5, 0.5, 0.5, 0.5, 0.5, 0.5, 0.5, 0.5, 0.5, 0.5, 0.5, 0.5, 0.5, 0.5, 0.5, 0.5, 0.5, 0.5, 0.5, 0.5, 0.5, 0.5, 0.5, 0.5, 0.5, 0.5, 0.5, 0.5, 0.5, 0.5, 0.5, 0.5, 0.5, 0.5, 0.5, 0.5, 0.5, 0.5, 0.5, 0.5, 0.5, 0.5, 0.5, 0.5, 0.5, 0.5, 0.5, 0.5, 0.5, 0.5, 0.5, 0.5, 0.5, 0.5, 0.5, 0.5, 0.5, 0.5, 0.5, 0.5, 0.5, 0.5, 0.5, 0.5, 0.5, 0.5, 0.5, 0.5, 0.5, 0.5, 0.5, 0.5, 0.5, 0.5, 0.5, 0.5, 0.5, 0.5, 0.5, 0.5, 0.5, 0.5, 0.5, 0.5, 0.5, 0.5, 0.5, 0.5, 0.5, 0.5, 0.5, 0.5, 0.5, 0.5, 0.5, 0.5, 0.5, 0.5, 0.5, 0.5, 0.5, 0.5, 0.5, 0.5, 0.5, 0.5, 0.5, 0.5, 0.5, 0.5, 0.5, 0.5, 0.5, 0.5, 0.5, 0.5, 0.5, 0.5, 0.5, 0.5, 0.5, 0.5, 0.5, 0.5, 0.5, 0.5, 0.5, 0.5, 0.5, 0.5, 0.5, 0.5, 0.5, 0.5, 0.5, 0.5, 0.5, 0.5, 0.5, 0.5, 0.5, 0.5, 0.5, 0.5, 0.5, 0.5, 0.5, 0.5, 0.5, 0.5, 0.5, 0.5, 0.5, 0.5, 0.5, 0.5, 0.5, 0.5, 0.5, 0.5, 0.5, 0.5, 0.5, 0.5, 0.5, 0.5, 0.5, 0.5, 0.5, 0.5, 0.5, 0.5, 0.5, 0.5, 0.5, 0.5, 0.5, 0.5, 0.5, 0.5, 0.5, 0.5, 0.5, 0.5, 0.5, 0.5, 0.5, 0.5, 0.5, 0.5, 0.5, 0.5, 0.5, 0.5, 0.5, 0.5, 0.5, 0.5, 0.5, 0.5, 0.5, 0.5, 0.5, 0.5, 0.5, 0.5, 0.5, 0.5, 0.5, 0.5, 0.5, 0.5, 0.5, 0.5, 0.5, 0.5, 0.5, 0.5, 0.5, 0.5, 0.5, 0.5, 0.5, 0.5, 0.5, 0.5, 0.5, 0.5, 0.5, 0.5, 0.5, 0.5, 0.5, 0.5, 0.5, 0.5, 0.5, 0.5, 0.5, 0.5, 0.5, 0.5, 0.5, 0.5, 0.5, 0.5, 0.5, 0.5, 0.5, 0.5, 0.5, 0.5, 0.5, 0.5, 0.5, 0.5, 0.5, 0.5, 0.5, 0.5, 0.5, 0.5, 0.5, 0.5, 0.5, 0.5, 0.5, 0.5, 0.5, 0.5, 0.5, 0.5, 0.5, 0.5, 0.5, 0.5, 0.5, 0.5, 0.5, 0.5, 0.5, 0.5, 0.5, 0.5, 0.5, 0.5, 0.5, 0.5, 0.5, 0.5, 0.5, 0.5, 0.5, 0.5, 0.5, 0.5, 0.5, 0.5, 0.5, 0.5, 0.5, 0.5, 0.5, 0.5, 0.5, 0.5, 0.5, 0.5, 0.5, 0.5, 0.5, 0.5, 0.5, 0.5, 0.5, 0.5, 0.5, 0.5, 0.5, 0.5, 0.5, 0.5, 0.5, 0.5, 0.5, 0.5, 0.5, 0.5, 0.5, 0.5, 0.5, 0.5, 0.5, 0.5, 0.5, 0.5, 0.5, 0.5, 0.5, 0.5, 0.5, 0.5, 0.5, 0.5, 0.5, 0.5, 0.5, 0.5, 0.5, 0.5, 0.5, 0.5, 0.5, 0.5, 0.5, 0.5, 0.5, 0.5, 0.5, 0.5, 0.5, 0.5, 0.5, 0.5, 0.5, 0.5, 0.5, 0.5, 0.5, 0.5, 0.5, 0.5, 0.5, 0.5, 0.5, 0.5, 0.5, 0.5, 0.5, 0.5, 0.5, 0.5, 0.5, 0.5, 0.5, 0.5, 0.5, 0.5, 0.5, 0.5, 0.5, 0.5, 0.5, 0.5, 0.5, 0.5, 0.5, 0.5, 0.5, 0.5, 0.5, 0.5, 0.5, 0.5, 0.5, 0.5, 0.5, 0.5, 0.5, 0.5, 0.5, 0.5, 0.5, 0.5, 0.5, 0.5, 0.5, 0.5, 0.5, 0.5, 0.5, 0.5, 0.5, 0.5, 0.5, 0.5, 0.5, 0.5, 0.5, 0.5, 0.5, 0.5, 0.5, 0.5, 0.5, 0.5, 0.5, 0.5, 0.5, 0.5, 0.5, 0.5, 0.5, 0.5, 0.5, 0.5, 0.5, 0.5, 0.5, 0.5, 0.5, 0.5, 0.5, 0.5, 0.5, 0.5, 0.5, 0.5, 0.5, 0.5, 0.5, 0.5, 0.5, 0.5, 0.5, 0.5, 0.5, 0.5, 0.5, 0.5, 0.5, 0.5, 0.5, 0.5, 0.5, 0.5, 0.5, 0.5, 0.5, 0.5, 0.5, 0.5, 0.5, 0.5, 0.5, 0.5, 0.5, 0.5, 0.5, 0.5, 0.5, 0.5, 0.5, 0.5, 0.5, 0.5, 0.5, 0.5, 0.5, 0.5, 0.5, 0.5, 0.5, 0.5, 0.5, 0.5, 0.5, 0.5, 0.5, 0.5, 0.5, 0.5, 0.5, 0.5, 0.5, 0.5, 0.5, 0.5, 0.5, 0.5, 0.5, 0.5, 0.5, 0.5, 0.5, 0.5, 0.5, 0.5, 0.5, 0.5, 0.5, 0.5, 0.5, 0.5, 0.5, 0.5, 0.5, 0.5, 0.5, 0.5, 0.5, 0.5, 0.5, 0.5, 0.5, 0.5, 0.5, 0.5, 0.5, 0.5, 0.5, 0.5, 0.5, 0.5, 0.5, 0.5, 0.5, 0.5, 0.5, 0.5, 0.5, 0.5, 0.5, 0.5, 0.5, 0.5, 0.5, 0.5, 0.5, 0.5, 0.5, 0.5, 0.5, 0.5, 0.5, 0.5, 0.5, 0.5, 0.5, 0.5, 0.5, 0.5, 0.5, 0.5, 0.5, 0.5, 0.5, 0.5, 0.5, 0.5, 0.5, 0.5, 0.5, 0.5, 0.5, 0.5, 0.5, 0.5, 0.5, 0.5, 0.5, 0.5, 0.5, 0.5, 0.5, 0.5, 0.5, 0.5, 0.5, 0.5, 0.5, 0.5, 0.5, 0.5, 0.5, 0.5, 0.5, 0.5, 0.5, 0.5, 0.5, 0.5, 0.5, 0.5, 0.5, 0.5, 0.5, 0.5, 0.5, 0.5, 0.5, 0.5, 0.5, 0.5, 0.5, 0.5, 0.5, 0.5, 0.5, 0.5, 0.5, 0.5, 0.5, 0.5, 0.5, 0.5, 0.5, 0.5, 0.5, 0.5, 0.5, 0.5, 0.5, 0.5, 0.5, 0.5, 0.5, 0.5, 0.5, 0.5, 0.5]",2
2025_11_KICE_18-21_3,['4(3)'],"1번: 선택지 1번은 정을선이 상소를 통해 대원수이자 가장으로서 가정 안팎의 사건에 두루 관여하고 있음을 나타내고 있습니다. 이는 지문의 ""대사마 대도독 대원수 정을선은 돈수백배하고 아뢰나니""라는 부분에서 근거를 찾을 수 있습니다.

2번: 선택지 2번은 승상이 충렬부인을 구출하는 장면에서 부인의 야위어 보인 모습과 승상의 통곡이 인물들의 고난과 감정이 극대화되었음을 보여준다고 설명하고 있습니다. 이는 지문의 ""슬픔에 매우 야위어 뼈가 드러나게 되었는지라... 승상이 통곡"" 부분에서 확인할 수 있습니다.

3번: 선택지 3번은 왕비가 충렬부인의 수난을 '악녀'의 탓으로 돌리면서 일부다처제의 문제가 개인의 인성 문제로 축소되었다고 주장하고 있습니다. 그러나 지문에서는 왕비가 개인적인 감정에 따라 충렬부인을 몰아세우는 모습은 보이나, 직접적으로 일부다처제의 문제를 언급하거나 그것이 인성 문제로 축소된다는 명확한 근거는 제시되지 않았습니다.

4번: 선택지 4번은 월매가 매를 맞는 장면에서 자신이 모시는 주인을 위해 죽음을 각오하고 진실을 밝히려는 능동적인 행동을 보인다고 설명하고 있습니다. 이는 지문의 ""월매는 자신이 모시는 주인에게 죽음을 각오하고 진실을 밝힘으로써""라는 부분에서 근거를 찾을 수 있습니다.

5번: 선택지 5번은 정렬부인이 승상의 호통 소리에 희화화되는 모습을 통해 상층 인물이 희화화되고 있음을 나타낸다고 설명하고 있습니다. 이는 지문의 ""정렬부인이 ‘승상의 호통 소리’를 듣고 똥을 한 무더기를 싸고 자빠졌는지라""라는 부분에서 확인할 수 있습니다.

최종 정답: 3번","[16, 19613, 25, 64620, 3908, 220, 16, 19613, 4740, 14296, 3281, 16857, 2186, 18597, 11226, 4831, 45052, 10985, 8143, 7820, 2186, 5947, 54530, 9911, 4865, 9919, 7329, 24497, 11073, 236, 3408, 150443, 3107, 44922, 29453, 21927, 11423, 17231, 7017, 147373, 94485, 13579, 3956, 25824, 13, 164439, 12688, 177854, 392, 8092, 5537, 11630, 10985, 5827, 45181, 10985, 8143, 7820, 14296, 3281, 16857, 4740, 117032, 7820, 44499, 27798, 17231, 12652, 145796, 7663, 4110, 1, 83564, 90419, 11440, 71124, 17077, 4831, 53975, 3281, 8963, 25824, 364, 17, 19613, 25, 64620, 3908, 220, 17, 19613, 4740, 80749, 167629, 71712, 131787, 9814, 139963, 23019, 16662, 14108, 32697, 9018, 11440, 20211, 129039, 109887, 14394, 5959, 13611, 5544, 93284, 8562, 80749, 173883, 26953, 77988, 2186, 16876, 19948, 49714, 22652, 26188, 8562, 35566, 7329, 2186, 131581, 8092, 11049, 14958, 16028, 147373, 103585, 28505, 57758, 89157, 17231, 25824, 13, 164439, 12688, 177854, 392, 78361, 10871, 242, 3107, 113259, 109887, 14394, 5959, 1112, 120, 230, 4081, 52850, 13689, 7663, 7996, 172786, 2770, 3908, 6663, 1008, 80749, 167629, 26953, 77988, 1, 90419, 11440, 54799, 13070, 8963, 25824, 364, 18, 19613, 25, 64620, 3908, 220, 18, 19613, 4740, 181981, 12316, 4081, 71712, 131787, 9814, 129039, 8963, 26188, 3281, 461, 54557, 55100, 6, 3408, 27302, 241, 9911, 66933, 4960, 42856, 124313, 2276, 27763, 8021, 3408, 172833, 73155, 3408, 16876, 9360, 54837, 3710, 102994, 11226, 14958, 35590, 3956, 184172, 17231, 25824, 13, 111502, 12688, 11397, 75367, 181981, 12316, 4081, 73155, 31763, 35566, 7329, 3107, 53720, 71712, 131787, 9814, 139963, 139547, 7653, 11734, 11890, 2770, 93284, 4740, 13611, 72983, 11, 103492, 34555, 124313, 2276, 27763, 8021, 3408, 54837, 4831, 69163, 28868, 161286, 98703, 2186, 16876, 9360, 54837, 3710, 102994, 11226, 17498, 53957, 51275, 42894, 3748, 71124, 17077, 2770, 14377, 5637, 118797, 120180, 12020, 364, 19, 19613, 25, 64620, 3908, 220, 19, 19613, 4740, 85638, 20356, 4081, 35348, 4831, 55640, 2770, 32697, 9018, 11440, 62159, 2186, 16369, 97868, 16130, 139963, 35817, 116991, 147373, 57106, 12354, 17231, 31172, 17065, 3281, 67353, 20357, 17638, 2770, 143356, 11803, 31763, 188453, 3281, 13611, 5544, 57758, 89157, 17231, 25824, 13, 164439, 12688, 177854, 392, 16070, 20356, 2770, 62159, 2186, 16369, 97868, 16130, 5544, 34950, 116991, 147373, 57106, 12354, 17231, 31172, 17065, 3281, 67353, 131413, 9911, 102717, 1, 83564, 90419, 11440, 71124, 17077, 4831, 53975, 3281, 8963, 25824, 364, 20, 19613, 25, 64620, 3908, 220, 20, 19613, 4740, 14296, 131787, 9814, 117970, 80749, 173883, 45676, 22960, 22183, 116870, 146812, 11049, 11049, 56216, 198988, 45052, 18597, 72054, 16876, 195357, 146812, 11049, 11049, 96420, 7017, 147373, 94485, 120931, 57758, 89157, 17231, 25824, 13, 164439, 12688, 177854, 392, 7329, 131787, 9814, 117970, 2476, 42643, 173883, 45676, 22960, 22183, 4960, 187807, 174471, 3956, 1112, 246, 98, 3281, 14680, 25789, 22463, 54668, 187917, 3956, 15508, 97646, 65713, 2770, 3908, 6663, 1, 83564, 90419, 11440, 54799, 13070, 8963, 25824, 364, 29538, 28755, 14296, 56208, 25, 220, 18, 19613]","[0.5, 0.5, 0.5, 0.5, 0.5, 0.5, 0.5, 0.5, 0.5, 0.5, 0.5, 0.5, 0.5, 0.5, 0.5, 0.5, 0.5, 0.5, 0.5, 0.5, 0.5, 0.5, 0.5, 0.5, 0.5, 0.5, 0.5, 0.5, 0.5, 0.5, 0.5, 0.5, 0.5, 0.5, 0.5, 0.5, 0.5, 0.5, 0.5, 0.5, 0.5, 0.5, 0.5, 0.5, 0.5, 0.5, 0.5, 0.5, 0.5, 0.5, 0.5, 0.5, 0.5, 0.5, 0.5, 0.5, 0.5, 0.5, 0.5, 0.5, 0.5, 0.5, 0.5, 0.5, 0.5, 0.5, 0.5, 0.5, 0.5, 0.5, 0.5, 0.5, 0.5, 0.5, 0.5, 0.5, 0.5, 0.5, 0.5, 0.5, 0.5, 0.5, 0.5, 0.5, 0.5, 0.5, 0.5, 0.5, 0.5, 0.5, 0.5, 0.5, 0.5, 0.5, 0.5, 0.5, 0.5, 0.5, 0.5, 0.5, 0.5, 0.5, 0.5, 0.5, 0.5, 0.5, 0.5, 0.5, 0.5, 0.5, 0.5, 0.5, 0.5, 0.5, 0.5, 0.5, 0.5, 0.5, 0.5, 0.5, 0.5, 0.5, 0.5, 0.5, 0.5, 0.5, 0.5, 0.5, 0.5, 0.5, 0.5, 0.5, 0.5, 0.5, 0.5, 0.5, 0.5, 0.5, 0.5, 0.5, 0.5, 0.5, 0.5, 0.5, 0.5, 0.5, 0.5, 0.5, 0.5, 0.5, 0.5, 0.5, 0.5, 0.5, 0.5, 0.5, 0.5, 0.5, 0.5, 0.5, 0.5, 0.5, 0.5, 0.5, 0.5, 0.5, 0.5, 0.5, 0.5, 0.5, 0.5, 0.5, 0.5, 0.5, 0.5, 0.5, 0.5, 0.5, 0.5, 0.5, 0.5, 0.5, 0.5, 0.5, 0.5, 0.5, 0.5, 0.5, 0.5, 0.5, 0.5, 0.5, 0.5, 0.5, 0.5, 0.5, 0.5, 0.5, 0.5, 0.5, 0.5, 0.5, 0.5, 0.5, 0.5, 0.5, 0.5, 0.5, 0.5, 0.5, 0.5, 0.5, 0.5, 0.5, 0.5, 0.5, 0.5, 0.5, 0.5, 0.5, 0.5, 0.5, 0.5, 0.5, 0.5, 0.5, 0.5, 0.5, 0.5, 0.5, 0.5, 0.5, 0.5, 0.5, 0.5, 0.5, 0.5, 0.5, 0.5, 0.5, 0.5, 0.5, 0.5, 0.5, 0.5, 0.5, 0.5, 0.5, 0.5, 0.5, 0.5, 0.5, 0.5, 0.5, 0.5, 0.5, 0.5, 0.5, 0.5, 0.5, 0.5, 0.5, 0.5, 0.5, 0.5, 0.5, 0.5, 0.5, 0.5, 0.5, 0.5, 0.5, 0.5, 0.5, 0.5, 0.5, 0.5, 0.5, 0.5, 0.5, 0.5, 0.5, 0.5, 0.5, 0.5, 0.5, 0.5, 0.5, 0.5, 0.5, 0.5, 0.5, 0.5, 0.5, 0.5, 0.5, 0.5, 0.5, 0.5, 0.5, 0.5, 0.5, 0.5, 0.5, 0.5, 0.5, 0.5, 0.5, 0.5, 0.5, 0.5, 0.5, 0.5, 0.5, 0.5, 0.5, 0.5, 0.5, 0.5, 0.5, 0.5, 0.5, 0.5, 0.5, 0.5, 0.5, 0.5, 0.5, 0.5, 0.5, 0.5, 0.5, 0.5, 0.5, 0.5, 0.5, 0.5, 0.5, 0.5, 0.5, 0.5, 0.5, 0.5, 0.5, 0.5, 0.5, 0.5, 0.5, 0.5, 0.5, 0.5, 0.5, 0.5, 0.5, 0.5, 0.5, 0.5, 0.5, 0.5, 0.5, 0.5, 0.5, 0.5, 0.5, 0.5, 0.5, 0.5, 0.5, 0.5, 0.5, 0.5, 0.5, 0.5, 0.5, 0.5, 0.5, 0.5, 0.5, 0.5, 0.5, 0.5, 0.5, 0.5, 0.5, 0.5, 0.5, 0.5, 0.5, 0.5, 0.5, 0.5, 0.5, 0.5, 0.5, 0.5, 0.5, 0.5, 0.5, 0.5, 0.5, 0.5, 0.5, 0.5, 0.5, 0.5, 0.5, 0.5, 0.5, 0.5, 0.5, 0.5, 0.5, 0.5, 0.5, 0.5, 0.5, 0.5, 0.5, 0.5, 0.5, 0.5, 0.5, 0.5, 0.5, 0.5, 0.5, 0.5, 0.5, 0.5, 0.5, 0.5, 0.5, 0.5, 0.5, 0.5, 0.5, 0.5, 0.5, 0.5, 0.5, 0.5, 0.5, 0.5, 0.5, 0.5, 0.5, 0.5, 0.5, 0.5, 0.5, 0.5, 0.5, 0.5, 0.5, 0.5, 0.5, 0.5, 0.5, 0.5, 0.5, 0.5, 0.5, 0.5, 0.5, 0.5, 0.5, 0.5, 0.5, 0.5, 0.5]",0
2025_11_KICE_22-27_0,['4(2)'],"1번: **하강적 이미지를 활용하여 시간의 흐름을 보여 준다.**  
→ ""배가 나가고 남은 빈 물 위의 흉터"" (가), ""단풍의 손바닥, 은행의 두 갈래"" (나), ""편지조차 쓸 수 없는 시간들이 무심하게 지나가고"" (다)  
→ 지문들에서 시간의 흐름을 나타내기 위해 이미지가 꼭 하강적이지 않고 다양한 자연적 요소들이 사용됨.

2번: **자연물에 빗대어 부정적 현실의 극복 가능성을 암시한다.**  
→ ""잔잔한 가을 바닷물 위에 배를 밀어넣고는"" (가), ""단풍의 손바닥, 은행의 두 갈래"" (나), ""편지 속에는 그가 찾아낸 자신의 또 다른 영혼"" (다)  
→ 자연물을 통해 감정과 심리적 상태를 표현하지만, 부정적 현실의 극복 가능성을 직접적으로 암시하지 않음.

3번: **동일한 구절의 반복과 변주를 통해 상황의 반전을 표현한다.**  
→ ""배""와 ""밀어"" 같은 단어가 반복적으로 사용되나, 상황의 반전보다는 감정의 변화나 깊이를 표현함.

4번: **특정한 행위를 중심으로 행위 주체와 대상의 관계를 드러낸다.**  
→ ""배를 밀어넣고"", ""킥킥거리며"", ""편지를 쓰는"" 등의 행위들이 중심에 위치하며, 행위 주체와 대상(배, 시간, 상대방) 간의 관계를 명확히 드러냄.  
→ 각 지문에서 특정 행위를 통해 주체의 내면과 대상과의 관계가 표현됨.

5번: **공간의 이동에 따라 내용을 전개하여 역동적 분위기를 강화한다.**  
→ 지문들 대부분이 고정된 공간 또는 내면적 흐름에 초점을 맞추고 있어, 공간 이동을 통한 역동적 분위기 강화와는 거리가 있음.

**최종 정답: 4번**","[16, 19613, 25, 6240, 3131, 28318, 9871, 71990, 79972, 100036, 31412, 51134, 3408, 158449, 28628, 3281, 103585, 69403, 2276, 13, 410, 4066, 20216, 392, 27798, 4081, 17743, 4081, 3956, 42346, 4740, 181457, 45431, 16302, 3408, 48290, 231, 11834, 1, 350, 4081, 936, 392, 17677, 106335, 3408, 62803, 16648, 140618, 11, 87008, 15719, 3408, 44922, 115316, 17132, 1, 350, 7663, 936, 392, 34027, 3908, 14844, 20981, 804, 163467, 8963, 70190, 51134, 33135, 25789, 25798, 32179, 170079, 4081, 3956, 1, 350, 2276, 8, 4066, 20216, 12688, 11397, 8635, 11440, 51134, 3408, 158449, 28628, 3281, 94485, 13579, 4283, 35817, 134048, 4081, 149600, 12202, 28318, 9871, 47890, 102417, 72263, 138950, 9871, 168113, 33135, 27525, 135785, 364, 17, 19613, 25, 6240, 5947, 17097, 19948, 3107, 38738, 245, 8092, 5959, 20211, 7329, 9871, 190015, 3408, 131581, 32794, 42371, 77322, 129944, 5637, 29423, 13, 410, 4066, 20216, 392, 159177, 159177, 3748, 9919, 3281, 22796, 170621, 19948, 16302, 3107, 33628, 4831, 153739, 5959, 13199, 96, 3956, 2770, 1, 350, 4081, 936, 392, 17677, 106335, 3408, 62803, 16648, 140618, 11, 87008, 15719, 3408, 44922, 115316, 17132, 1, 350, 7663, 936, 392, 34027, 3908, 58785, 40789, 10599, 4081, 103089, 120931, 112289, 33925, 51484, 28277, 79278, 1, 350, 2276, 8, 4066, 20216, 138950, 144814, 45052, 35566, 7329, 8562, 61505, 4960, 9871, 93372, 4831, 142948, 122515, 11, 20211, 7329, 9871, 190015, 3408, 131581, 32794, 42371, 77322, 103492, 34555, 129944, 5637, 44531, 20359, 14862, 364, 18, 19613, 25, 6240, 11803, 6924, 3748, 23019, 37100, 3408, 184213, 8562, 38152, 9273, 4831, 45052, 85368, 3408, 35007, 181515, 142948, 29423, 13, 410, 4066, 20216, 392, 27798, 1, 12753, 392, 58625, 5959, 1, 52847, 38340, 5959, 4081, 184213, 34555, 27525, 14958, 7663, 11, 85368, 3408, 35007, 9516, 8122, 53957, 35566, 7329, 3408, 143667, 7663, 164078, 162318, 142948, 26077, 364, 19, 19613, 25, 6240, 49310, 7329, 3748, 48744, 139632, 134076, 9911, 48744, 14394, 16130, 16238, 12753, 96532, 3408, 92228, 4831, 52850, 13689, 120931, 2276, 13, 410, 4066, 20216, 392, 27798, 4831, 153739, 5959, 13199, 96, 3956, 672, 392, 27533, 98, 27533, 98, 196601, 16205, 672, 392, 34027, 79972, 80324, 2770, 1, 114956, 48744, 14394, 33135, 134076, 3107, 81267, 63912, 11, 48744, 14394, 16130, 16238, 12753, 96532, 7, 27798, 11, 51134, 11, 177200, 19090, 8, 53736, 3408, 92228, 4831, 51275, 42894, 20357, 52850, 13689, 43607, 226, 13, 4066, 20216, 57106, 12688, 11397, 11440, 182060, 48744, 139632, 45052, 16130, 16238, 3408, 21566, 9018, 8562, 96532, 8562, 3408, 92228, 4081, 142948, 135785, 364, 20, 19613, 25, 6240, 12809, 12780, 3408, 91278, 3107, 53720, 184103, 12946, 13915, 31412, 48011, 11803, 9871, 197564, 54668, 147283, 29423, 13, 410, 4066, 20216, 12688, 11397, 8635, 145036, 2186, 22652, 7329, 17498, 131103, 63618, 21566, 9018, 9871, 158449, 28628, 3107, 50932, 136821, 55640, 32403, 3956, 60147, 11, 131103, 91278, 3281, 195874, 48011, 11803, 9871, 197564, 4283, 147283, 12753, 2770, 29929, 93614, 198679, 364, 410, 29538, 28755, 14296, 56208, 25, 220, 19, 19613, 410]","[0.5, 0.5, 0.5, 0.5, 0.5, 0.5, 0.5, 0.5, 0.5, 0.5, 0.5, 0.5, 0.5, 0.5, 0.5, 0.5, 0.5, 0.5, 0.5, 0.5, 0.5, 0.5, 0.5, 0.5, 0.5, 0.5, 0.5, 0.5, 0.5, 0.5, 0.5, 0.5, 0.5, 0.5, 0.5, 0.5, 0.5, 0.5, 0.5, 0.5, 0.5, 0.5, 0.5, 0.5, 0.5, 0.5, 0.5, 0.5, 0.5, 0.5, 0.5, 0.5, 0.5, 0.5, 0.5, 0.5, 0.5, 0.5, 0.5, 0.5, 0.5, 0.5, 0.5, 0.5, 0.5, 0.5, 0.5, 0.5, 0.5, 0.5, 0.5, 0.5, 0.5, 0.5, 0.5, 0.5, 0.5, 0.5, 0.5, 0.5, 0.5, 0.5, 0.5, 0.5, 0.5, 0.5, 0.5, 0.5, 0.5, 0.5, 0.5, 0.5, 0.5, 0.5, 0.5, 0.5, 0.5, 0.5, 0.5, 0.5, 0.5, 0.5, 0.5, 0.5, 0.5, 0.5, 0.5, 0.5, 0.5, 0.5, 0.5, 0.5, 0.5, 0.5, 0.5, 0.5, 0.5, 0.5, 0.5, 0.5, 0.5, 0.5, 0.5, 0.5, 0.5, 0.5, 0.5, 0.5, 0.5, 0.5, 0.5, 0.5, 0.5, 0.5, 0.5, 0.5, 0.5, 0.5, 0.5, 0.5, 0.5, 0.5, 0.5, 0.5, 0.5, 0.5, 0.5, 0.5, 0.5, 0.5, 0.5, 0.5, 0.5, 0.5, 0.5, 0.5, 0.5, 0.5, 0.5, 0.5, 0.5, 0.5, 0.5, 0.5, 0.5, 0.5, 0.5, 0.5, 0.5, 0.5, 0.5, 0.5, 0.5, 0.5, 0.5, 0.5, 0.5, 0.5, 0.5, 0.5, 0.5, 0.5, 0.5, 0.5, 0.5, 0.5, 0.5, 0.5, 0.5, 0.5, 0.5, 0.5, 0.5, 0.5, 0.5, 0.5, 0.5, 0.5, 0.5, 0.5, 0.5, 0.5, 0.5, 0.5, 0.5, 0.5, 0.5, 0.5, 0.5, 0.5, 0.5, 0.5, 0.5, 0.5, 0.5, 0.5, 0.5, 0.5, 0.5, 0.5, 0.5, 0.5, 0.5, 0.5, 0.5, 0.5, 0.5, 0.5, 0.5, 0.5, 0.5, 0.5, 0.5, 0.5, 0.5, 0.5, 0.5, 0.5, 0.5, 0.5, 0.5, 0.5, 0.5, 0.5, 0.5, 0.5, 0.5, 0.5, 0.5, 0.5, 0.5, 0.5, 0.5, 0.5, 0.5, 0.5, 0.5, 0.5, 0.5, 0.5, 0.5, 0.5, 0.5, 0.5, 0.5, 0.5, 0.5, 0.5, 0.5, 0.5, 0.5, 0.5, 0.5, 0.5, 0.5, 0.5, 0.5, 0.5, 0.5, 0.5, 0.5, 0.5, 0.5, 0.5, 0.5, 0.5, 0.5, 0.5, 0.5, 0.5, 0.5, 0.5, 0.5, 0.5, 0.5, 0.5, 0.5, 0.5, 0.5, 0.5, 0.5, 0.5, 0.5, 0.5, 0.5, 0.5, 0.5, 0.5, 0.5, 0.5, 0.5, 0.5, 0.5, 0.5, 0.5, 0.5, 0.5, 0.5, 0.5, 0.5, 0.5, 0.5, 0.5, 0.5, 0.5, 0.5, 0.5, 0.5, 0.5, 0.5, 0.5, 0.5, 0.5, 0.5, 0.5, 0.5, 0.5, 0.5, 0.5, 0.5, 0.5, 0.5, 0.5, 0.5, 0.5, 0.5, 0.5, 0.5, 0.5, 0.5, 0.5, 0.5, 0.5, 0.5, 0.5, 0.5, 0.5, 0.5, 0.5, 0.5, 0.5, 0.5, 0.5, 0.5, 0.5, 0.5, 0.5, 0.5, 0.5, 0.5, 0.5, 0.5, 0.5, 0.5, 0.5, 0.5, 0.5, 0.5, 0.5, 0.5, 0.5, 0.5, 0.5, 0.5, 0.5, 0.5, 0.5, 0.5, 0.5, 0.5, 0.5, 0.5, 0.5, 0.5, 0.5, 0.5, 0.5, 0.5, 0.5, 0.5, 0.5, 0.5, 0.5, 0.5, 0.5, 0.5, 0.5, 0.5, 0.5, 0.5, 0.5, 0.5, 0.5, 0.5, 0.5, 0.5, 0.5, 0.5, 0.5, 0.5, 0.5, 0.5, 0.5, 0.5, 0.5, 0.5, 0.5, 0.5, 0.5, 0.5, 0.5, 0.5, 0.5, 0.5, 0.5, 0.5, 0.5, 0.5, 0.5, 0.5, 0.5, 0.5, 0.5, 0.5, 0.5, 0.5, 0.5, 0.5, 0.5, 0.5, 0.5, 0.5, 0.5, 0.5, 0.5, 0.5, 0.5, 0.5, 0.5, 0.5, 0.5, 0.5, 0.5, 0.5, 0.5, 0.5, 0.5, 0.5, 0.5, 0.5, 0.5, 0.5, 0.5, 0.5, 0.5, 0.5]",2
2025_11_KICE_22-27_1,['5(2)'],"1번: 옳습니다. '[아주 추락하지 않을 순간](Bold체)’에 ‘[배](Bold체)’를 밀던 ‘손’이 ‘아슬아슬히 배에서 떨어진’다는 것은 이별의 정서적 긴장감을 드러낸다는 해석은 지문의 내용과 일치합니다. (지문 속 “온몸이 [아주 추락하지 않을 순간](Bold체)의 한 허공에서 밀던 힘을 한껏 더해 밀어주고는 [아슬아슬히 배에서 떨어진 손](Bold체), 순간 환해진 손을 허공으로부터 거둔다”)

2번: 옳습니다. ‘[뵈지도 않는 길](Bold체)’이 ‘[사랑](Bold체)’이 ‘[떠나](Bold체)’는 길이라는 점에서, 이별의 막막한 상황을 공간의 형상으로 드러낸다는 해석은 지문의 의미를 잘 반영합니다. (지문 속 “[뵈지도 않는 길](Bold체)을 부드럽게도 [배](Bold체)를 [한껏 세게 밀어](Bold체)내듯이 [슬픔](Bold체)도 그렇게 [밀어내는 것](Bold체)이지”)

3번: 옳습니다. ‘[슬픔](Bold체)’을 ‘[밀어내는 것](Bold체)’을 ‘[배](Bold체)’를 밀듯 ‘[한껏 세게 밀어](Bold체)’낸다고 한 것은 이별의 아픔을 떨쳐 내려는 화자의 태도를 잘 나타냅니다. (지문 속 “[사랑](Bold체)은 참 부드럽게도 [떠나](Bold체)지 … [슬픔](Bold체)도 그렇게 [밀어내는 것](Bold체)이지”)

4번: 옳습니다. '[배가 나가](Bold체)’며 생긴 ‘[흉터](Bold체)’가 ‘[잠시 머물다 가라앉](Bold체)’는다는 것은 이별의 슬픔이 잦아든 상태에 있음을 드러낸다는 해석은 지문과 일치합니다. (지문 속 “[배가 나가고](Bold체) 남은 빈 물 위의 [흉터](Bold체) [잠시 머물다 가라앉](Bold체)고”)

5번: 적절하지 않습니다. ‘[밀려들어](Bold체)’ 온 ‘[배](Bold체)’가 ‘[아무 소리 없이](Bold체)’ 다시 돌아온 배라는 점에서, 대상과의 재회가 예상대로 이루어짐을 드러낸다는 해석은 지문의 내용과 일치하지 않습니다. 지문에서는 배가 조용히 들어오면서도 다시 떠나는 느낌을 주어 재회가 반드시 원활하게 이루어진다는 의미를 내포하지 않습니다. (지문 속 “[아무 소리 없이 밀려들어](Bold체)오는 [배](Bold체)여”)

최종 정답: 5번","[16, 19613, 25, 8970, 111, 12020, 13, 40660, 7653, 9273, 28912, 48304, 44531, 134262, 193792, 20614, 61265, 16238, 128825, 3107, 2476, 58, 27798, 20614, 61265, 16238, 128825, 4831, 153739, 28148, 2476, 66603, 438, 2186, 2476, 7653, 78361, 7653, 78361, 20357, 33628, 11440, 112062, 13774, 438, 53957, 66371, 6548, 33337, 3408, 14296, 4865, 9871, 157883, 7681, 155767, 52850, 13689, 120931, 53957, 21864, 30598, 4740, 12688, 177854, 69634, 8562, 18129, 13426, 24490, 13, 350, 3908, 11397, 58785, 966, 36530, 171775, 2186, 723, 7653, 9273, 28912, 48304, 44531, 134262, 193792, 20614, 61265, 16238, 116532, 14680, 95087, 12809, 11440, 153739, 28148, 79705, 3281, 14680, 27683, 237, 28526, 5650, 153739, 5959, 9273, 3956, 2770, 723, 7653, 78361, 7653, 78361, 20357, 33628, 11440, 112062, 13774, 62803, 20614, 61265, 16238, 936, 193792, 55979, 5650, 13774, 62803, 3281, 95087, 12809, 9911, 42070, 29929, 71232, 56388, 693, 1029, 17, 19613, 25, 8970, 111, 12020, 13, 2476, 58, 167, 113, 230, 165174, 73260, 79918, 20614, 61265, 16238, 128825, 2186, 2476, 58, 5537, 31917, 20614, 61265, 16238, 128825, 2186, 2476, 58, 164376, 7663, 20614, 61265, 16238, 128825, 2770, 79918, 112211, 54788, 11440, 11, 6548, 33337, 3408, 112649, 57346, 3748, 85368, 3281, 131103, 3408, 67552, 8612, 9911, 52850, 13689, 120931, 53957, 21864, 30598, 4740, 12688, 177854, 102721, 4831, 47305, 35007, 16268, 24490, 13, 350, 3908, 11397, 58785, 121967, 167, 113, 230, 165174, 73260, 79918, 20614, 61265, 16238, 138973, 20211, 9389, 62283, 7996, 5827, 723, 27798, 20614, 61265, 16238, 139511, 723, 3748, 27683, 237, 28126, 7996, 153739, 5959, 20614, 61265, 16238, 8, 13579, 108650, 2186, 723, 78361, 10871, 242, 20614, 61265, 16238, 8, 5827, 165573, 723, 58625, 5959, 13579, 2770, 12544, 20614, 61265, 16238, 8, 47890, 693, 1029, 18, 19613, 25, 8970, 111, 12020, 13, 2476, 58, 78361, 10871, 242, 20614, 61265, 16238, 128825, 3281, 2476, 58, 58625, 5959, 13579, 2770, 12544, 20614, 61265, 16238, 128825, 3281, 2476, 58, 27798, 20614, 61265, 16238, 128825, 4831, 153739, 108650, 2476, 58, 3748, 27683, 237, 28126, 7996, 153739, 5959, 20614, 61265, 16238, 128825, 120931, 57758, 14680, 66371, 6548, 33337, 3408, 12652, 10871, 242, 3281, 61710, 101, 70032, 195351, 2770, 49585, 81441, 80400, 123067, 47305, 94485, 43607, 162551, 13, 350, 3908, 11397, 58785, 121967, 5537, 31917, 20614, 61265, 16238, 170172, 42459, 20211, 9389, 62283, 7996, 5827, 723, 164376, 7663, 20614, 61265, 16238, 8, 3908, 3762, 723, 78361, 10871, 242, 20614, 61265, 16238, 8, 5827, 165573, 723, 58625, 5959, 13579, 2770, 12544, 20614, 61265, 16238, 8, 47890, 693, 1029, 19, 19613, 25, 8970, 111, 12020, 13, 40660, 27798, 4081, 17743, 4081, 20614, 61265, 16238, 128825, 16205, 22230, 79340, 2476, 58, 31878, 231, 11834, 20614, 61265, 16238, 128825, 4081, 2476, 58, 153249, 5637, 79708, 19948, 2276, 9919, 6663, 3620, 231, 20614, 61265, 16238, 128825, 2770, 53957, 66371, 6548, 33337, 3408, 87474, 10871, 242, 2186, 4068, 99, 7653, 26556, 93372, 3107, 7017, 147373, 52850, 13689, 120931, 53957, 21864, 30598, 4740, 12688, 11397, 8562, 18129, 13426, 24490, 13, 350, 3908, 11397, 58785, 121967, 27798, 4081, 17743, 4081, 3956, 20614, 61265, 16238, 8, 42346, 4740, 181457, 45431, 16302, 3408, 723, 31878, 231, 11834, 20614, 61265, 16238, 8, 723, 153249, 5637, 79708, 19948, 2276, 9919, 6663, 3620, 231, 20614, 61265, 16238, 8, 3956, 693, 1029, 20, 19613, 25, 36675, 37100, 44531, 113243, 13, 2476, 58, 58625, 17638, 8635, 5959, 20614, 61265, 16238, 128825, 54709, 2476, 58, 27798, 20614, 61265, 16238, 128825, 4081, 2476, 58, 7653, 14812, 22183, 4960, 111626, 20614, 61265, 16238, 128825, 70682, 116432, 36530, 33628, 83564, 54788, 11440, 11, 96532, 8562, 3408, 38465, 11844, 4081, 161088, 64300, 140381, 5959, 126969, 3281, 52850, 13689, 120931, 53957, 21864, 30598, 4740, 12688, 177854, 69634, 8562, 18129, 13426, 44531, 113243, 13, 12688, 11397, 75367, 33628, 4081, 21853, 8423, 20357, 57217, 12354, 42856, 5827, 70682, 119692, 102052, 152668, 3281, 16130, 5959, 38465, 11844, 4081, 198835, 32518, 42813, 32179, 140381, 163906, 53957, 102721, 4831, 21566, 21359, 44531, 113243, 13, 350, 3908, 11397, 58785, 121967, 7653, 14812, 22183, 4960, 111626, 153739, 17638, 8635, 5959, 20614, 61265, 16238, 8, 119729, 723, 27798, 20614, 61265, 16238, 8, 11423, 693, 1029, 29538, 28755, 14296, 56208, 25, 220, 20, 19613]","[0.5, 0.5, 0.5, 0.5, 0.5, 0.5, 0.5, 0.5, 0.5, 0.5, 0.5, 0.5, 0.5, 0.5, 0.5, 0.5, 0.5, 0.5, 0.5, 0.5, 0.5, 0.5, 0.5, 0.5, 0.5, 0.5, 0.5, 0.5, 0.5, 0.5, 0.5, 0.5, 0.5, 0.5, 0.5, 0.5, 0.5, 0.5, 0.5, 0.5, 0.5, 0.5, 0.5, 0.5, 0.5, 0.5, 0.5, 0.5, 0.5, 0.5, 0.5, 0.5, 0.5, 0.5, 0.5, 0.5, 0.5, 0.5, 0.5, 0.5, 0.5, 0.5, 0.5, 0.5, 0.5, 0.5, 0.5, 0.5, 0.5, 0.5, 0.5, 0.5, 0.5, 0.5, 0.5, 0.5, 0.5, 0.5, 0.5, 0.5, 0.5, 0.5, 0.5, 0.5, 0.5, 0.5, 0.5, 0.5, 0.5, 0.5, 0.5, 0.5, 0.5, 0.5, 0.5, 0.5, 0.5, 0.5, 0.5, 0.5, 0.5, 0.5, 0.5, 0.5, 0.5, 0.5, 0.5, 0.5, 0.5, 0.5, 0.5, 0.5, 0.5, 0.5, 0.5, 0.5, 0.5, 0.5, 0.5, 0.5, 0.5, 0.5, 0.5, 0.5, 0.5, 0.5, 0.5, 0.5, 0.5, 0.5, 0.5, 0.5, 0.5, 0.5, 0.5, 0.5, 0.5, 0.5, 0.5, 0.5, 0.5, 0.5, 0.5, 0.5, 0.5, 0.5, 0.5, 0.5, 0.5, 0.5, 0.5, 0.5, 0.5, 0.5, 0.5, 0.5, 0.5, 0.5, 0.5, 0.5, 0.5, 0.5, 0.5, 0.5, 0.5, 0.5, 0.5, 0.5, 0.5, 0.5, 0.5, 0.5, 0.5, 0.5, 0.5, 0.5, 0.5, 0.5, 0.5, 0.5, 0.5, 0.5, 0.5, 0.5, 0.5, 0.5, 0.5, 0.5, 0.5, 0.5, 0.5, 0.5, 0.5, 0.5, 0.5, 0.5, 0.5, 0.5, 0.5, 0.5, 0.5, 0.5, 0.5, 0.5, 0.5, 0.5, 0.5, 0.5, 0.5, 0.5, 0.5, 0.5, 0.5, 0.5, 0.5, 0.5, 0.5, 0.5, 0.5, 0.5, 0.5, 0.5, 0.5, 0.5, 0.5, 0.5, 0.5, 0.5, 0.5, 0.5, 0.5, 0.5, 0.5, 0.5, 0.5, 0.5, 0.5, 0.5, 0.5, 0.5, 0.5, 0.5, 0.5, 0.5, 0.5, 0.5, 0.5, 0.5, 0.5, 0.5, 0.5, 0.5, 0.5, 0.5, 0.5, 0.5, 0.5, 0.5, 0.5, 0.5, 0.5, 0.5, 0.5, 0.5, 0.5, 0.5, 0.5, 0.5, 0.5, 0.5, 0.5, 0.5, 0.5, 0.5, 0.5, 0.5, 0.5, 0.5, 0.5, 0.5, 0.5, 0.5, 0.5, 0.5, 0.5, 0.5, 0.5, 0.5, 0.5, 0.5, 0.5, 0.5, 0.5, 0.5, 0.5, 0.5, 0.5, 0.5, 0.5, 0.5, 0.5, 0.5, 0.5, 0.5, 0.5, 0.5, 0.5, 0.5, 0.5, 0.5, 0.5, 0.5, 0.5, 0.5, 0.5, 0.5, 0.5, 0.5, 0.5, 0.5, 0.5, 0.5, 0.5, 0.5, 0.5, 0.5, 0.5, 0.5, 0.5, 0.5, 0.5, 0.5, 0.5, 0.5, 0.5, 0.5, 0.5, 0.5, 0.5, 0.5, 0.5, 0.5, 0.5, 0.5, 0.5, 0.5, 0.5, 0.5, 0.5, 0.5, 0.5, 0.5, 0.5, 0.5, 0.5, 0.5, 0.5, 0.5, 0.5, 0.5, 0.5, 0.5, 0.5, 0.5, 0.5, 0.5, 0.5, 0.5, 0.5, 0.5, 0.5, 0.5, 0.5, 0.5, 0.5, 0.5, 0.5, 0.5, 0.5, 0.5, 0.5, 0.5, 0.5, 0.5, 0.5, 0.5, 0.5, 0.5, 0.5, 0.5, 0.5, 0.5, 0.5, 0.5, 0.5, 0.5, 0.5, 0.5, 0.5, 0.5, 0.5, 0.5, 0.5, 0.5, 0.5, 0.5, 0.5, 0.5, 0.5, 0.5, 0.5, 0.5, 0.5, 0.5, 0.5, 0.5, 0.5, 0.5, 0.5, 0.5, 0.5, 0.5, 0.5, 0.5, 0.5, 0.5, 0.5, 0.5, 0.5, 0.5, 0.5, 0.5, 0.5, 0.5, 0.5, 0.5, 0.5, 0.5, 0.5, 0.5, 0.5, 0.5, 0.5, 0.5, 0.5, 0.5, 0.5, 0.5, 0.5, 0.5, 0.5, 0.5, 0.5, 0.5, 0.5, 0.5, 0.5, 0.5, 0.5, 0.5, 0.5, 0.5, 0.5, 0.5, 0.5, 0.5, 0.5, 0.5, 0.5, 0.5, 0.5, 0.5, 0.5, 0.5, 0.5, 0.5, 0.5, 0.5, 0.5, 0.5, 0.5, 0.5, 0.5, 0.5, 0.5, 0.5, 0.5, 0.5, 0.5, 0.5, 0.5, 0.5, 0.5, 0.5, 0.5, 0.5, 0.5, 0.5, 0.5, 0.5, 0.5, 0.5, 0.5, 0.5, 0.5, 0.5, 0.5, 0.5, 0.5, 0.5, 0.5, 0.5, 0.5, 0.5, 0.5, 0.5, 0.5, 0.5, 0.5, 0.5, 0.5, 0.5, 0.5, 0.5, 0.5, 0.5, 0.5, 0.5, 0.5, 0.5, 0.5, 0.5, 0.5, 0.5, 0.5, 0.5, 0.5, 0.5, 0.5, 0.5, 0.5, 0.5, 0.5, 0.5, 0.5, 0.5, 0.5, 0.5, 0.5, 0.5, 0.5, 0.5, 0.5, 0.5, 0.5, 0.5, 0.5, 0.5, 0.5, 0.5, 0.5, 0.5, 0.5, 0.5, 0.5, 0.5, 0.5, 0.5, 0.5, 0.5, 0.5, 0.5, 0.5, 0.5, 0.5, 0.5, 0.5, 0.5, 0.5, 0.5, 0.5, 0.5, 0.5, 0.5, 0.5, 0.5, 0.5, 0.5, 0.5, 0.5, 0.5, 0.5, 0.5, 0.5, 0.5, 0.5, 0.5, 0.5, 0.5, 0.5, 0.5, 0.5, 0.5, 0.5, 0.5, 0.5, 0.5, 0.5, 0.5, 0.5, 0.5, 0.5, 0.5, 0.5, 0.5, 0.5, 0.5, 0.5, 0.5, 0.5, 0.5, 0.5, 0.5, 0.5, 0.5, 0.5, 0.5, 0.5, 0.5, 0.5, 0.5, 0.5, 0.5, 0.5, 0.5, 0.5, 0.5, 0.5, 0.5, 0.5, 0.5, 0.5, 0.5, 0.5, 0.5, 0.5, 0.5, 0.5, 0.5, 0.5, 0.5, 0.5, 0.5, 0.5, 0.5, 0.5, 0.5, 0.5, 0.5, 0.5, 0.5, 0.5, 0.5, 0.5, 0.5, 0.5, 0.5, 0.5]",2
2025_11_KICE_22-27_2,['2(2)'],"1번: 화자와 ‘한때’의 기억을 잇는 매개적 존재이다. + ""내가 아니라서 끝내 버릴 수 없는, 무를 수도 없는 참혹……, 그러나 킥킥 당신""

2번: 화자의 내면에 살고 있는 ‘병자’로서 연민의 대상이다. + ""진설 음식도 없이 맨 술 한 병 차고 병자처럼, 그러나 치병과 환후는 각각 따로인 것""

3번: 화자의 눈앞에 없지만 ‘부’름으로써 환기되는 대상이다. + ""당신……, 그대라는 자연의 달과 별……""

4번: 화자가 ‘버릴 수 없’고 ‘무를 수도 없는’ 숙명적 존재이다. + ""내가 아니라서 끝내 버릴 수 없는, 무를 수도 없는 참혹……, 그러나 킥킥 당신""

5번: 화자에게 ‘사랑’과 ‘슬픔’을 경험하게 하는 이중적 존재이다. + ""상처의 몸이 나에게 기대와 저를 부빌 때 당신……""

최종 정답: 2번","[16, 19613, 25, 49585, 5947, 12753, 2476, 3748, 41856, 438, 3408, 163448, 3281, 4068, 229, 2770, 35348, 13915, 9871, 109875, 24088, 13, 659, 392, 13579, 4081, 77380, 4865, 82794, 13579, 60761, 70984, 8963, 70190, 11, 25789, 4831, 112525, 70190, 42459, 116182, 8010, 11, 111502, 90135, 98, 27533, 98, 89570, 2678, 17, 19613, 25, 49585, 81441, 21566, 9018, 3107, 53779, 3956, 21023, 2476, 55432, 5947, 438, 3710, 4865, 24038, 24019, 3408, 96532, 24088, 13, 659, 392, 13774, 23955, 165105, 5827, 111626, 6862, 101, 37425, 254, 14680, 107605, 40443, 3956, 107605, 5947, 96221, 11, 111502, 60841, 55432, 8562, 55979, 21206, 2770, 177252, 33521, 3710, 5544, 12544, 2678, 18, 19613, 25, 49585, 81441, 74327, 102282, 3107, 20286, 29560, 2476, 9814, 438, 28628, 9911, 102717, 55979, 4283, 56216, 96532, 24088, 13, 659, 392, 19388, 11753, 8010, 11, 10599, 8092, 83564, 138950, 3408, 48326, 8562, 95915, 8010, 2678, 19, 19613, 25, 49585, 65987, 2476, 24963, 70984, 8963, 20286, 438, 3956, 2476, 14812, 4831, 112525, 70190, 438, 143972, 14822, 9871, 109875, 24088, 13, 659, 392, 13579, 4081, 77380, 4865, 82794, 13579, 60761, 70984, 8963, 70190, 11, 25789, 4831, 112525, 70190, 42459, 116182, 8010, 11, 111502, 90135, 98, 27533, 98, 89570, 2678, 20, 19613, 25, 49585, 5947, 34950, 2476, 5537, 31917, 438, 8562, 2476, 78361, 10871, 242, 172378, 114437, 32179, 43870, 6548, 19684, 9871, 109875, 24088, 13, 659, 392, 8612, 27763, 3408, 113321, 2186, 17743, 34950, 116716, 12753, 30832, 4831, 20211, 163486, 23553, 89570, 8010, 2678, 29538, 28755, 14296, 56208, 25, 220, 17, 19613]","[0.5, 0.5, 0.5, 0.5, 0.5, 0.5, 0.5, 0.5, 0.5, 0.5, 0.5, 0.5, 0.5, 0.5, 0.5, 0.5, 0.5, 0.5, 0.5, 0.5, 0.5, 0.5, 0.5, 0.5, 0.5, 0.5, 0.5, 0.5, 0.5, 0.5, 0.5, 0.5, 0.5, 0.5, 0.5, 0.5, 0.5, 0.5, 0.5, 0.5, 0.5, 0.5, 0.5, 0.5, 0.5, 0.5, 0.5, 0.5, 0.5, 0.5, 0.5, 0.5, 0.5, 0.5, 0.5, 0.5, 0.5, 0.5, 0.5, 0.5, 0.5, 0.5, 0.5, 0.5, 0.5, 0.5, 0.5, 0.5, 0.5, 0.5, 0.5, 0.5, 0.5, 0.5, 0.5, 0.5, 0.5, 0.5, 0.5, 0.5, 0.5, 0.5, 0.5, 0.5, 0.5, 0.5, 0.5, 0.5, 0.5, 0.5, 0.5, 0.5, 0.5, 0.5, 0.5, 0.5, 0.5, 0.5, 0.5, 0.5, 0.5, 0.5, 0.5, 0.5, 0.5, 0.5, 0.5, 0.5, 0.5, 0.5, 0.5, 0.5, 0.5, 0.5, 0.5, 0.5, 0.5, 0.5, 0.5, 0.5, 0.5, 0.5, 0.5, 0.5, 0.5, 0.5, 0.5, 0.5, 0.5, 0.5, 0.5, 0.5, 0.5, 0.5, 0.5, 0.5, 0.5, 0.5, 0.5, 0.5, 0.5, 0.5, 0.5, 0.5, 0.5, 0.5, 0.5, 0.5, 0.5, 0.5, 0.5, 0.5, 0.5, 0.5, 0.5, 0.5, 0.5, 0.5, 0.5, 0.5, 0.5, 0.5, 0.5, 0.5, 0.5, 0.5, 0.5, 0.5, 0.5, 0.5, 0.5, 0.5, 0.5, 0.5, 0.5, 0.5, 0.5, 0.5, 0.5, 0.5, 0.5, 0.5, 0.5, 0.5, 0.5, 0.5, 0.5, 0.5, 0.5, 0.5, 0.5, 0.5, 0.5, 0.5, 0.5, 0.5, 0.5, 0.5, 0.5, 0.5, 0.5, 0.5, 0.5, 0.5, 0.5, 0.5, 0.5, 0.5, 0.5, 0.5, 0.5, 0.5, 0.5, 0.5, 0.5, 0.5, 0.5, 0.5, 0.5, 0.5, 0.5, 0.5, 0.5, 0.5, 0.5, 0.5, 0.5, 0.5, 0.5, 0.5, 0.5, 0.5, 0.5, 0.5, 0.5, 0.5, 0.5, 0.5, 0.5, 0.5, 0.5, 0.5, 0.5, 0.5, 0.5, 0.5, 0.5]",2
2025_11_KICE_22-27_3,['2(3)'],"1번: 선택지 1번은 '[킥킥]'이 반복적으로 출현하는 웃음의 의성어로서 화자의 복합적인 정서를 드러내는 표현임을 잘 설명하고 있습니다.  
""킥킥거리며 세월에 대해 혹은 사랑과 상처""  

2번: 선택지 2번은 '[상처에 기대, 나 킥킥……, 당신을 부릅니다]'가 사랑의 기억이 희미해지는 화자의 심적 상태를 보여준다고 설명했으나, 지문에서는 오히려 화자가 여전히 깊은 사랑의 감정을 가지고 있음을 나타내고 있습니다.  
""나는 ‘편지 속의 그’를 연기하는 것이 부끄러웠고""  

3번: 선택지 3번은 '[킥킥거리며 세월에 대해 혹은 사랑과 상처,]'가 감정들이 뒤섞인 화자의 내면을 보여주는 표현임을 정확히 설명하고 있습니다.  
""킥킥거리며 세월에 대해 혹은 사랑과 상처""  

4번: 선택지 4번은 '[마음의 무덤]'이 화자의 심적 상태를 형상화한 비유적 표현임을 올바르게 해석하고 있습니다.  
""[마음의 무덤]에 나 벌초하러""  

5번: 선택지 5번은 '[이쁜 당신……, 당신이라는 말 참 좋지요,]'가 대상에 대한 사랑의 감정을 담고 있음을 정확히 설명하고 있습니다.  
""[이쁜 당신……, 당신이라는 말 참 좋지요,]""  

최종 정답: 2번","[16, 19613, 25, 64620, 3908, 220, 16, 19613, 4740, 40660, 27533, 98, 27533, 98, 75642, 2186, 184213, 34555, 33692, 24934, 14108, 186656, 14862, 3408, 24099, 9360, 5959, 3710, 4865, 49585, 81441, 68238, 13405, 31763, 14296, 171823, 52850, 13689, 13579, 2770, 142948, 20043, 3281, 47305, 89157, 17231, 25824, 13, 4066, 1, 27533, 98, 27533, 98, 196601, 16205, 28126, 16070, 3107, 67946, 149166, 4740, 90897, 8562, 18597, 27763, 1, 11691, 17, 19613, 25, 64620, 3908, 220, 17, 19613, 4740, 40660, 8612, 27763, 3107, 116716, 11, 17743, 90135, 98, 27533, 98, 8010, 11, 89570, 3281, 20211, 3828, 162551, 75642, 4081, 90897, 3408, 163448, 2186, 146812, 14561, 5650, 68299, 49585, 81441, 61505, 9871, 93372, 4831, 103585, 28505, 57758, 89157, 13830, 6566, 7663, 11, 12688, 11397, 75367, 20859, 20357, 17638, 49585, 65987, 21775, 134204, 164078, 4740, 90897, 3408, 35566, 90056, 113147, 7017, 147373, 94485, 13579, 3956, 25824, 13, 4066, 1, 102052, 2476, 34027, 3908, 58785, 3408, 10599, 187807, 24038, 4283, 14108, 46947, 20211, 198916, 13689, 157454, 3956, 1, 11691, 18, 19613, 25, 64620, 3908, 220, 18, 19613, 4740, 40660, 27533, 98, 27533, 98, 196601, 16205, 28126, 16070, 3107, 67946, 149166, 4740, 90897, 8562, 18597, 27763, 11, 75642, 4081, 35566, 7329, 33135, 80917, 2669, 252, 5544, 49585, 81441, 21566, 9018, 3281, 103585, 104734, 142948, 20043, 3281, 154517, 20357, 89157, 17231, 25824, 13, 4066, 1, 27533, 98, 27533, 98, 196601, 16205, 28126, 16070, 3107, 67946, 149166, 4740, 90897, 8562, 18597, 27763, 1, 11691, 19, 19613, 25, 64620, 3908, 220, 19, 19613, 4740, 40660, 11630, 14862, 3408, 25789, 124995, 75642, 2186, 49585, 81441, 61505, 9871, 93372, 4831, 67552, 8612, 11049, 3748, 22643, 15483, 9871, 142948, 20043, 3281, 47038, 16648, 140344, 21864, 30598, 17231, 25824, 13, 4066, 95855, 11630, 14862, 3408, 25789, 124995, 60, 3107, 17743, 121274, 39919, 3131, 13689, 1, 11691, 20, 19613, 25, 64620, 3908, 220, 20, 19613, 4740, 40660, 2186, 162699, 89570, 8010, 11, 89570, 112211, 27202, 42459, 32077, 3908, 7952, 11, 75642, 4081, 96532, 3107, 33398, 90897, 3408, 35566, 90056, 66532, 3956, 7017, 147373, 154517, 20357, 89157, 17231, 25824, 13, 4066, 95855, 2186, 162699, 89570, 8010, 11, 89570, 112211, 27202, 42459, 32077, 3908, 7952, 11, 49706, 11691, 29538, 28755, 14296, 56208, 25, 220, 17, 19613]","[0.5, 0.5, 0.5, 0.5, 0.5, 0.5, 0.5, 0.5, 0.5, 0.5, 0.5, 0.5, 0.5, 0.5, 0.5, 0.5, 0.5, 0.5, 0.5, 0.5, 0.5, 0.5, 0.5, 0.5, 0.5, 0.5, 0.5, 0.5, 0.5, 0.5, 0.5, 0.5, 0.5, 0.5, 0.5, 0.5, 0.5, 0.5, 0.5, 0.5, 0.5, 0.5, 0.5, 0.5, 0.5, 0.5, 0.5, 0.5, 0.5, 0.5, 0.5, 0.5, 0.5, 0.5, 0.5, 0.5, 0.5, 0.5, 0.5, 0.5, 0.5, 0.5, 0.5, 0.5, 0.5, 0.5, 0.5, 0.5, 0.5, 0.5, 0.5, 0.5, 0.5, 0.5, 0.5, 0.5, 0.5, 0.5, 0.5, 0.5, 0.5, 0.5, 0.5, 0.5, 0.5, 0.5, 0.5, 0.5, 0.5, 0.5, 0.5, 0.5, 0.5, 0.5, 0.5, 0.5, 0.5, 0.5, 0.5, 0.5, 0.5, 0.5, 0.5, 0.5, 0.5, 0.5, 0.5, 0.5, 0.5, 0.5, 0.5, 0.5, 0.5, 0.5, 0.5, 0.5, 0.5, 0.5, 0.5, 0.5, 0.5, 0.5, 0.5, 0.5, 0.5, 0.5, 0.5, 0.5, 0.5, 0.5, 0.5, 0.5, 0.5, 0.5, 0.5, 0.5, 0.5, 0.5, 0.5, 0.5, 0.5, 0.5, 0.5, 0.5, 0.5, 0.5, 0.5, 0.5, 0.5, 0.5, 0.5, 0.5, 0.5, 0.5, 0.5, 0.5, 0.5, 0.5, 0.5, 0.5, 0.5, 0.5, 0.5, 0.5, 0.5, 0.5, 0.5, 0.5, 0.5, 0.5, 0.5, 0.5, 0.5, 0.5, 0.5, 0.5, 0.5, 0.5, 0.5, 0.5, 0.5, 0.5, 0.5, 0.5, 0.5, 0.5, 0.5, 0.5, 0.5, 0.5, 0.5, 0.5, 0.5, 0.5, 0.5, 0.5, 0.5, 0.5, 0.5, 0.5, 0.5, 0.5, 0.5, 0.5, 0.5, 0.5, 0.5, 0.5, 0.5, 0.5, 0.5, 0.5, 0.5, 0.5, 0.5, 0.5, 0.5, 0.5, 0.5, 0.5, 0.5, 0.5, 0.5, 0.5, 0.5, 0.5, 0.5, 0.5, 0.5, 0.5, 0.5, 0.5, 0.5, 0.5, 0.5, 0.5, 0.5, 0.5, 0.5, 0.5, 0.5, 0.5, 0.5, 0.5, 0.5, 0.5, 0.5, 0.5, 0.5, 0.5, 0.5, 0.5, 0.5, 0.5, 0.5, 0.5, 0.5, 0.5, 0.5, 0.5, 0.5, 0.5, 0.5, 0.5, 0.5, 0.5, 0.5, 0.5, 0.5, 0.5, 0.5, 0.5, 0.5, 0.5, 0.5, 0.5, 0.5, 0.5, 0.5, 0.5, 0.5, 0.5, 0.5, 0.5, 0.5, 0.5, 0.5, 0.5, 0.5, 0.5, 0.5, 0.5, 0.5, 0.5, 0.5, 0.5, 0.5, 0.5, 0.5, 0.5, 0.5, 0.5, 0.5, 0.5, 0.5, 0.5, 0.5, 0.5, 0.5, 0.5, 0.5, 0.5, 0.5, 0.5, 0.5, 0.5, 0.5, 0.5, 0.5, 0.5, 0.5, 0.5, 0.5, 0.5, 0.5, 0.5, 0.5, 0.5, 0.5, 0.5, 0.5, 0.5, 0.5, 0.5, 0.5, 0.5, 0.5, 0.5, 0.5, 0.5, 0.5, 0.5, 0.5, 0.5, 0.5, 0.5, 0.5, 0.5, 0.5, 0.5, 0.5, 0.5, 0.5, 0.5, 0.5, 0.5, 0.5, 0.5, 0.5, 0.5]",3
2025_11_KICE_22-27_4,['1(2)'],"1번: ⓐ는 치병과 환후가 각각 따로인 것임을 의미한다. ""ⓐ[치병과 환후는 각각 따로인 것]"" (지문 속 근거가 된 문장)

2번: ⓐ는 화자가 대상의 아름다움을 발견함으로써 자신의 환후를 의식하지 않게 되었음을 말하지 않는다. ""ⓐ[치병과 환후는 각각 따로인 것]"" (지문 속 근거가 된 문장)

3번: ⓑ는 사랑의 편지가 상대를 향한 표현일 때, 위선과 위악에서 벗어날 수 있음을 말하지 않는다. ""ⓑ[누군가가 듣기를 바라는 모든 고백이란, 위선이 아니면 위악이다]"" (지문 속 근거가 된 문장)

4번: ⓑ는 더 나은 자신을 드러내려는 욕망이 상대를 매혹하는 진정한 요인임을 말하지 않는다. ""ⓑ[누군가가 듣기를 바라는 모든 고백이란, 위선이 아니면 위악이다]"" (지문 속 근거가 된 문장)

5번: ⓐ와 ⓑ는 모두, 아픔을 겪는 이나 고백을 하는 이가 그 아픔이나 고백의 실체를 지각하지 못함을 말하지 않는다. ""ⓐ[치병과 환후는 각각 따로인 것]"" 및 ""ⓑ[누군가가 듣기를 바라는 모든 고백이란, 위선이 아니면 위악이다]"" (지문 속 근거가 된 문장)

최종 정답: 1번","[16, 19613, 25, 2969, 241, 238, 2770, 60841, 55432, 8562, 55979, 21206, 4081, 177252, 33521, 3710, 5544, 12544, 20043, 3281, 102721, 29423, 13, 392, 133152, 238, 58, 13426, 55432, 8562, 55979, 21206, 2770, 177252, 33521, 3710, 5544, 12544, 49706, 350, 3908, 11397, 58785, 71124, 17077, 4081, 51312, 26387, 7681, 1029, 17, 19613, 25, 2969, 241, 238, 2770, 49585, 65987, 96532, 3408, 170599, 2276, 196083, 165022, 26077, 9911, 102717, 112289, 55979, 21206, 4831, 24099, 17087, 44531, 20359, 7996, 172786, 147373, 27202, 44531, 181554, 13, 392, 133152, 238, 58, 13426, 55432, 8562, 55979, 21206, 2770, 177252, 33521, 3710, 5544, 12544, 49706, 350, 3908, 11397, 58785, 71124, 17077, 4081, 51312, 26387, 7681, 1029, 18, 19613, 25, 2969, 241, 239, 2770, 90897, 3408, 56477, 158317, 177200, 4831, 84814, 3748, 142948, 6924, 23553, 11, 16302, 16857, 8562, 16302, 54557, 11440, 18371, 245, 5959, 36915, 8963, 7017, 147373, 27202, 44531, 181554, 13, 392, 133152, 239, 58, 66767, 44155, 4081, 4081, 174471, 54668, 22796, 83564, 52636, 22652, 44499, 2186, 43514, 11, 16302, 16857, 2186, 46038, 9018, 16302, 54557, 24088, 49706, 350, 3908, 11397, 58785, 71124, 17077, 4081, 51312, 26387, 7681, 1029, 19, 19613, 25, 2969, 241, 239, 2770, 28526, 17743, 4740, 62159, 3281, 52850, 13689, 13579, 17638, 2770, 189839, 49004, 2186, 177200, 4831, 35348, 116182, 14108, 31172, 7329, 3748, 38257, 5544, 20043, 3281, 27202, 44531, 181554, 13, 392, 133152, 239, 58, 66767, 44155, 4081, 4081, 174471, 54668, 22796, 83564, 52636, 22652, 44499, 2186, 43514, 11, 16302, 16857, 2186, 46038, 9018, 16302, 54557, 24088, 49706, 350, 3908, 11397, 58785, 71124, 17077, 4081, 51312, 26387, 7681, 1029, 20, 19613, 25, 2969, 241, 238, 12753, 2969, 241, 239, 2770, 67168, 11, 12652, 10871, 242, 3281, 6345, 103, 2770, 6548, 7663, 22652, 44499, 3281, 43870, 6548, 4081, 10599, 12652, 10871, 242, 72983, 22652, 44499, 3408, 27365, 16238, 4831, 12688, 22566, 44531, 51614, 26077, 3281, 27202, 44531, 181554, 13, 392, 133152, 238, 58, 13426, 55432, 8562, 55979, 21206, 2770, 177252, 33521, 3710, 5544, 12544, 49706, 23891, 392, 133152, 239, 58, 66767, 44155, 4081, 4081, 174471, 54668, 22796, 83564, 52636, 22652, 44499, 2186, 43514, 11, 16302, 16857, 2186, 46038, 9018, 16302, 54557, 24088, 49706, 350, 3908, 11397, 58785, 71124, 17077, 4081, 51312, 26387, 7681, 1029, 29538, 28755, 14296, 56208, 25, 220, 16, 19613]","[0.5, 0.5, 0.5, 0.5, 0.5, 0.5, 0.5, 0.5, 0.5, 0.5, 0.5, 0.5, 0.5, 0.5, 0.5, 0.5, 0.5, 0.5, 0.5, 0.5, 0.5, 0.5, 0.5, 0.5, 0.5, 0.5, 0.5, 0.5, 0.5, 0.5, 0.5, 0.5, 0.5, 0.5, 0.5, 0.5, 0.5, 0.5, 0.5, 0.5, 0.5, 0.5, 0.5, 0.5, 0.5, 0.5, 0.5, 0.5, 0.5, 0.5, 0.5, 0.5, 0.5, 0.5, 0.5, 0.5, 0.5, 0.5, 0.5, 0.5, 0.5, 0.5, 0.5, 0.5, 0.5, 0.5, 0.5, 0.5, 0.5, 0.5, 0.5, 0.5, 0.5, 0.5, 0.5, 0.5, 0.5, 0.5, 0.5, 0.5, 0.5, 0.5, 0.5, 0.5, 0.5, 0.5, 0.5, 0.5, 0.5, 0.5, 0.5, 0.5, 0.5, 0.5, 0.5, 0.5, 0.5, 0.5, 0.5, 0.5, 0.5, 0.5, 0.5, 0.5, 0.5, 0.5, 0.5, 0.5, 0.5, 0.5, 0.5, 0.5, 0.5, 0.5, 0.5, 0.5, 0.5, 0.5, 0.5, 0.5, 0.5, 0.5, 0.5, 0.5, 0.5, 0.5, 0.5, 0.5, 0.5, 0.5, 0.5, 0.5, 0.5, 0.5, 0.5, 0.5, 0.5, 0.5, 0.5, 0.5, 0.5, 0.5, 0.5, 0.5, 0.5, 0.5, 0.5, 0.5, 0.5, 0.5, 0.5, 0.5, 0.5, 0.5, 0.5, 0.5, 0.5, 0.5, 0.5, 0.5, 0.5, 0.5, 0.5, 0.5, 0.5, 0.5, 0.5, 0.5, 0.5, 0.5, 0.5, 0.5, 0.5, 0.5, 0.5, 0.5, 0.5, 0.5, 0.5, 0.5, 0.5, 0.5, 0.5, 0.5, 0.5, 0.5, 0.5, 0.5, 0.5, 0.5, 0.5, 0.5, 0.5, 0.5, 0.5, 0.5, 0.5, 0.5, 0.5, 0.5, 0.5, 0.5, 0.5, 0.5, 0.5, 0.5, 0.5, 0.5, 0.5, 0.5, 0.5, 0.5, 0.5, 0.5, 0.5, 0.5, 0.5, 0.5, 0.5, 0.5, 0.5, 0.5, 0.5, 0.5, 0.5, 0.5, 0.5, 0.5, 0.5, 0.5, 0.5, 0.5, 0.5, 0.5, 0.5, 0.5, 0.5, 0.5, 0.5, 0.5, 0.5, 0.5, 0.5, 0.5, 0.5, 0.5, 0.5, 0.5, 0.5, 0.5, 0.5, 0.5, 0.5, 0.5, 0.5, 0.5, 0.5, 0.5, 0.5, 0.5, 0.5, 0.5, 0.5, 0.5, 0.5, 0.5, 0.5, 0.5, 0.5, 0.5, 0.5, 0.5, 0.5, 0.5, 0.5, 0.5, 0.5, 0.5, 0.5, 0.5, 0.5, 0.5, 0.5, 0.5, 0.5, 0.5, 0.5, 0.5, 0.5, 0.5, 0.5, 0.5, 0.5, 0.5, 0.5, 0.5, 0.5, 0.5, 0.5, 0.5, 0.5, 0.5, 0.5, 0.5, 0.5, 0.5, 0.5, 0.5, 0.5, 0.5, 0.5, 0.5, 0.5, 0.5, 0.5, 0.5, 0.5, 0.5, 0.5, 0.5, 0.5, 0.5, 0.5, 0.5, 0.5, 0.5, 0.5, 0.5, 0.5, 0.5, 0.5, 0.5, 0.5, 0.5, 0.5, 0.5, 0.5, 0.5, 0.5, 0.5, 0.5, 0.5, 0.5, 0.5, 0.5, 0.5, 0.5, 0.5, 0.5, 0.5, 0.5, 0.5, 0.5, 0.5, 0.5, 0.5, 0.5, 0.5, 0.5, 0.5, 0.5, 0.5, 0.5, 0.5, 0.5, 0.5, 0.5, 0.5, 0.5, 0.5]",2
2025_11_KICE_22-27_5,['1(2)'],"1번 - 선택지 1번은 ‘[익명의 욕구](Bold체)’를 ‘[통제할 수 없](Bold체)’다는 것을 “그 통제할 수 없는 익명의 욕구가 그 편지의 현실적인 목표를 잊어버리게 만든다”라고 해석하려 하지만, <보기>에서는 익명의 욕구가 사랑을 멈출 수 없음을 직접적으로 언급하지 않습니다.  
(지문 속 근거가 된 문장: “그 통제할 수 없는 [익명의 욕구](Bold체)가 그 편지의 [현실적인 목표](Bold체)를 잊어버리게 만든다”)

2번 - 선택지 2번은 ‘[아무 전언도 들어 있지 않다](Bold체)’는 것이 “[처음에 품었던 소소한 의도](Bold체)”를 잊음으로써, 상대를 향한 글쓰기의 “[현실적인 목표](Bold체)”가 실패로 돌아갔음을 의미한다고 설명하며, 이는 <보기>와 일치합니다.  
(지문 속 근거가 된 문장: “그 [통제할 수 없](Bold체)는 [익명의 욕구](Bold체)가 그 편지의 [현실적인 목표](Bold체)를 잊어버리게 만든다”)

3번 - 선택지 3번은 ‘[2인칭을 경유하여 1인칭으로 돌아온다](Bold체)’는 것이 편지가 상대를 향한 ‘[도구적](Bold체)’ 기능을 하지 못하고 자기 고백에 그친다는 의미라고 해석하며, 이는 <보기>의 내용과 부합합니다.  
(지문 속 근거가 된 문장: “고백이란 결국 [2인칭을 경유하여 1인칭으로 돌아온다](Bold체)”)

4번 - 선택지 4번은 '‘[편지 속의 그](Bold체)’를 그녀는 사랑했다’는 것이 편지를 받은 그녀가 사랑한 상대는 편지 속의 ‘[또 다른 영혼](Bold체)’임을 의미한다고 설명하며, 이는 <보기>에서 언급된 내용과 일치합니다.  
(지문 속 근거가 된 문장: “‘편지 속의 그’를 그녀는 사랑했다” 및 “편지 속에는 그가 찾아낸 자신의 [또 다른 영혼](Bold체)이 있었다”)

5번 - 선택지 5번은 ‘[자신의 비루함을 뼛속 깊이 실감했다](Bold체)’는 것이 실제 자신과 이상화된 자신 사이의 간극을 자각한 ‘[그](Bold체)’가 부끄러움에 빠져 있음을 의미한다고 해석하며, 이는 <보기>와 일치합니다.  
(지문 속 근거가 된 문장: “그는 ‘편지 속의 그’를 연기하는 것이 부끄러웠고, [자신의 비루함을 뼛속 깊이 실감했다](Bold체)”)

최종 정답: 1번","[16, 19613, 533, 64620, 3908, 220, 16, 19613, 4740, 2476, 58, 61450, 159857, 189839, 10997, 20614, 61265, 16238, 128825, 4831, 2476, 58, 22960, 8021, 13070, 8963, 20286, 20614, 61265, 16238, 128825, 53957, 61738, 966, 11946, 26953, 8021, 13070, 8963, 70190, 166956, 159857, 189839, 10997, 4081, 10599, 56477, 3908, 3408, 190015, 31763, 155942, 4831, 4068, 232, 5959, 24963, 4960, 7996, 152544, 2276, 693, 67328, 21864, 30598, 148918, 92418, 11, 464, 85552, 29, 75367, 166956, 159857, 189839, 10997, 4081, 90897, 3281, 27972, 230, 16662, 8963, 20286, 147373, 103492, 34555, 69163, 28868, 44531, 113243, 13, 4066, 7, 3908, 11397, 58785, 71124, 17077, 4081, 51312, 26387, 7681, 25, 966, 11946, 26953, 8021, 13070, 8963, 70190, 723, 61450, 159857, 189839, 10997, 20614, 61265, 16238, 155697, 10599, 56477, 3908, 3408, 723, 24934, 17065, 31763, 155942, 20614, 61265, 16238, 139511, 4068, 232, 5959, 24963, 4960, 7996, 152544, 2276, 693, 1029, 17, 19613, 533, 64620, 3908, 220, 17, 19613, 4740, 2476, 58, 7653, 14812, 12946, 41676, 5827, 57217, 7017, 3908, 20359, 2276, 20614, 61265, 16238, 128825, 2770, 46947, 121967, 27763, 14862, 3107, 133418, 179957, 22183, 11226, 3748, 24099, 5827, 20614, 61265, 16238, 114535, 4831, 4068, 232, 14862, 9911, 102717, 11, 177200, 4831, 84814, 3748, 59634, 158916, 3408, 121967, 24934, 17065, 31763, 155942, 20614, 61265, 16238, 114535, 4081, 145098, 3710, 116432, 2571, 242, 147373, 102721, 197510, 89157, 63912, 11, 164439, 464, 85552, 29, 12753, 18129, 13426, 24490, 13, 4066, 7, 3908, 11397, 58785, 71124, 17077, 4081, 51312, 26387, 7681, 25, 966, 11946, 723, 22960, 8021, 13070, 8963, 20286, 20614, 61265, 16238, 140986, 723, 61450, 159857, 189839, 10997, 20614, 61265, 16238, 155697, 10599, 56477, 3908, 3408, 723, 24934, 17065, 31763, 155942, 20614, 61265, 16238, 139511, 4068, 232, 5959, 24963, 4960, 7996, 152544, 2276, 693, 1029, 18, 19613, 533, 64620, 3908, 220, 18, 19613, 4740, 2476, 58, 17, 5544, 125775, 3281, 17357, 15483, 31412, 220, 16, 5544, 125775, 9911, 116432, 36530, 2276, 20614, 61265, 16238, 128825, 2770, 46947, 56477, 158317, 177200, 4831, 84814, 3748, 2476, 58, 5827, 10997, 9871, 20614, 61265, 16238, 128825, 86567, 3281, 139904, 51614, 17231, 150768, 22652, 44499, 3107, 10599, 61407, 53957, 102721, 67328, 21864, 30598, 63912, 11, 164439, 464, 85552, 29, 3408, 69634, 8562, 20211, 13405, 24490, 13, 4066, 7, 3908, 11397, 58785, 71124, 17077, 4081, 51312, 26387, 7681, 25, 966, 3956, 44499, 2186, 43514, 183270, 723, 17, 5544, 125775, 3281, 17357, 15483, 31412, 220, 16, 5544, 125775, 9911, 116432, 36530, 2276, 20614, 61265, 16238, 114535, 1029, 19, 19613, 533, 64620, 3908, 220, 19, 19613, 4740, 461, 4676, 58, 34027, 3908, 58785, 3408, 10599, 20614, 61265, 16238, 128825, 4831, 139017, 2770, 90897, 22342, 438, 2770, 46947, 56477, 79972, 162698, 139017, 4081, 90897, 3748, 177200, 2770, 56477, 3908, 58785, 3408, 2476, 58, 49875, 51484, 28277, 79278, 20614, 61265, 16238, 128825, 20043, 3281, 102721, 197510, 89157, 63912, 11, 164439, 464, 85552, 29, 11440, 69163, 28868, 17498, 69634, 8562, 18129, 13426, 24490, 13, 4066, 7, 3908, 11397, 58785, 71124, 17077, 4081, 51312, 26387, 7681, 25, 184360, 34027, 3908, 58785, 3408, 10599, 187807, 139017, 2770, 90897, 22342, 693, 23891, 966, 34027, 3908, 58785, 40789, 10599, 4081, 103089, 120931, 112289, 723, 49875, 51484, 28277, 79278, 20614, 61265, 16238, 152560, 113089, 693, 1029, 20, 19613, 533, 64620, 3908, 220, 20, 19613, 4740, 2476, 58, 5947, 11753, 3408, 22643, 29453, 26077, 3281, 1112, 120, 249, 24165, 164078, 2186, 27365, 25146, 22342, 20614, 61265, 16238, 128825, 2770, 46947, 112933, 62159, 8562, 54743, 11049, 17498, 62159, 86059, 3408, 53736, 68639, 3281, 15508, 22566, 3748, 2476, 58, 11946, 20614, 61265, 16238, 128825, 4081, 20211, 198916, 13689, 44631, 3107, 86452, 42614, 7017, 147373, 102721, 197510, 21864, 30598, 63912, 11, 164439, 464, 85552, 29, 12753, 18129, 13426, 24490, 13, 4066, 7, 3908, 11397, 58785, 71124, 17077, 4081, 51312, 26387, 7681, 25, 966, 11946, 2770, 2476, 34027, 3908, 58785, 3408, 10599, 187807, 24038, 4283, 14108, 46947, 20211, 198916, 13689, 157454, 3956, 11, 723, 5947, 11753, 3408, 22643, 29453, 26077, 3281, 1112, 120, 249, 24165, 164078, 2186, 27365, 25146, 22342, 20614, 61265, 16238, 114535, 1029, 29538, 28755, 14296, 56208, 25, 220, 16, 19613]","[0.5, 0.5, 0.5, 0.5, 0.5, 0.5, 0.5, 0.5, 0.5, 0.5, 0.5, 0.5, 0.5, 0.5, 0.5, 0.5, 0.5, 0.5, 0.5, 0.5, 0.5, 0.5, 0.5, 0.5, 0.5, 0.5, 0.5, 0.5, 0.5, 0.5, 0.5, 0.5, 0.5, 0.5, 0.5, 0.5, 0.5, 0.5, 0.5, 0.5, 0.5, 0.5, 0.5, 0.5, 0.5, 0.5, 0.5, 0.5, 0.5, 0.5, 0.5, 0.5, 0.5, 0.5, 0.5, 0.5, 0.5, 0.5, 0.5, 0.5, 0.5, 0.5, 0.5, 0.5, 0.5, 0.5, 0.5, 0.5, 0.5, 0.5, 0.5, 0.5, 0.5, 0.5, 0.5, 0.5, 0.5, 0.5, 0.5, 0.5, 0.5, 0.5, 0.5, 0.5, 0.5, 0.5, 0.5, 0.5, 0.5, 0.5, 0.5, 0.5, 0.5, 0.5, 0.5, 0.5, 0.5, 0.5, 0.5, 0.5, 0.5, 0.5, 0.5, 0.5, 0.5, 0.5, 0.5, 0.5, 0.5, 0.5, 0.5, 0.5, 0.5, 0.5, 0.5, 0.5, 0.5, 0.5, 0.5, 0.5, 0.5, 0.5, 0.5, 0.5, 0.5, 0.5, 0.5, 0.5, 0.5, 0.5, 0.5, 0.5, 0.5, 0.5, 0.5, 0.5, 0.5, 0.5, 0.5, 0.5, 0.5, 0.5, 0.5, 0.5, 0.5, 0.5, 0.5, 0.5, 0.5, 0.5, 0.5, 0.5, 0.5, 0.5, 0.5, 0.5, 0.5, 0.5, 0.5, 0.5, 0.5, 0.5, 0.5, 0.5, 0.5, 0.5, 0.5, 0.5, 0.5, 0.5, 0.5, 0.5, 0.5, 0.5, 0.5, 0.5, 0.5, 0.5, 0.5, 0.5, 0.5, 0.5, 0.5, 0.5, 0.5, 0.5, 0.5, 0.5, 0.5, 0.5, 0.5, 0.5, 0.5, 0.5, 0.5, 0.5, 0.5, 0.5, 0.5, 0.5, 0.5, 0.5, 0.5, 0.5, 0.5, 0.5, 0.5, 0.5, 0.5, 0.5, 0.5, 0.5, 0.5, 0.5, 0.5, 0.5, 0.5, 0.5, 0.5, 0.5, 0.5, 0.5, 0.5, 0.5, 0.5, 0.5, 0.5, 0.5, 0.5, 0.5, 0.5, 0.5, 0.5, 0.5, 0.5, 0.5, 0.5, 0.5, 0.5, 0.5, 0.5, 0.5, 0.5, 0.5, 0.5, 0.5, 0.5, 0.5, 0.5, 0.5, 0.5, 0.5, 0.5, 0.5, 0.5, 0.5, 0.5, 0.5, 0.5, 0.5, 0.5, 0.5, 0.5, 0.5, 0.5, 0.5, 0.5, 0.5, 0.5, 0.5, 0.5, 0.5, 0.5, 0.5, 0.5, 0.5, 0.5, 0.5, 0.5, 0.5, 0.5, 0.5, 0.5, 0.5, 0.5, 0.5, 0.5, 0.5, 0.5, 0.5, 0.5, 0.5, 0.5, 0.5, 0.5, 0.5, 0.5, 0.5, 0.5, 0.5, 0.5, 0.5, 0.5, 0.5, 0.5, 0.5, 0.5, 0.5, 0.5, 0.5, 0.5, 0.5, 0.5, 0.5, 0.5, 0.5, 0.5, 0.5, 0.5, 0.5, 0.5, 0.5, 0.5, 0.5, 0.5, 0.5, 0.5, 0.5, 0.5, 0.5, 0.5, 0.5, 0.5, 0.5, 0.5, 0.5, 0.5, 0.5, 0.5, 0.5, 0.5, 0.5, 0.5, 0.5, 0.5, 0.5, 0.5, 0.5, 0.5, 0.5, 0.5, 0.5, 0.5, 0.5, 0.5, 0.5, 0.5, 0.5, 0.5, 0.5, 0.5, 0.5, 0.5, 0.5, 0.5, 0.5, 0.5, 0.5, 0.5, 0.5, 0.5, 0.5, 0.5, 0.5, 0.5, 0.5, 0.5, 0.5, 0.5, 0.5, 0.5, 0.5, 0.5, 0.5, 0.5, 0.5, 0.5, 0.5, 0.5, 0.5, 0.5, 0.5, 0.5, 0.5, 0.5, 0.5, 0.5, 0.5, 0.5, 0.5, 0.5, 0.5, 0.5, 0.5, 0.5, 0.5, 0.5, 0.5, 0.5, 0.5, 0.5, 0.5, 0.5, 0.5, 0.5, 0.5, 0.5, 0.5, 0.5, 0.5, 0.5, 0.5, 0.5, 0.5, 0.5, 0.5, 0.5, 0.5, 0.5, 0.5, 0.5, 0.5, 0.5, 0.5, 0.5, 0.5, 0.5, 0.5, 0.5, 0.5, 0.5, 0.5, 0.5, 0.5, 0.5, 0.5, 0.5, 0.5, 0.5, 0.5, 0.5, 0.5, 0.5, 0.5, 0.5, 0.5, 0.5, 0.5, 0.5, 0.5, 0.5, 0.5, 0.5, 0.5, 0.5, 0.5, 0.5, 0.5, 0.5, 0.5, 0.5, 0.5, 0.5, 0.5, 0.5, 0.5, 0.5, 0.5, 0.5, 0.5, 0.5, 0.5, 0.5, 0.5, 0.5, 0.5, 0.5, 0.5, 0.5, 0.5, 0.5, 0.5, 0.5, 0.5, 0.5, 0.5, 0.5, 0.5, 0.5, 0.5, 0.5, 0.5, 0.5, 0.5, 0.5, 0.5, 0.5, 0.5, 0.5, 0.5, 0.5, 0.5, 0.5, 0.5, 0.5, 0.5, 0.5, 0.5, 0.5, 0.5, 0.5, 0.5, 0.5, 0.5, 0.5, 0.5, 0.5, 0.5, 0.5, 0.5, 0.5, 0.5, 0.5, 0.5, 0.5, 0.5, 0.5, 0.5, 0.5, 0.5, 0.5, 0.5, 0.5, 0.5, 0.5, 0.5, 0.5, 0.5, 0.5, 0.5, 0.5, 0.5, 0.5, 0.5, 0.5, 0.5, 0.5, 0.5, 0.5, 0.5, 0.5, 0.5, 0.5, 0.5, 0.5, 0.5, 0.5, 0.5, 0.5, 0.5, 0.5, 0.5, 0.5, 0.5, 0.5, 0.5, 0.5, 0.5, 0.5, 0.5, 0.5, 0.5, 0.5, 0.5, 0.5, 0.5, 0.5, 0.5, 0.5, 0.5, 0.5, 0.5, 0.5, 0.5, 0.5, 0.5, 0.5, 0.5, 0.5, 0.5, 0.5, 0.5, 0.5, 0.5, 0.5, 0.5, 0.5, 0.5, 0.5, 0.5, 0.5, 0.5, 0.5, 0.5, 0.5, 0.5, 0.5, 0.5, 0.5, 0.5, 0.5, 0.5, 0.5, 0.5, 0.5, 0.5, 0.5, 0.5, 0.5, 0.5, 0.5, 0.5, 0.5, 0.5, 0.5, 0.5, 0.5, 0.5, 0.5, 0.5, 0.5, 0.5, 0.5, 0.5, 0.5, 0.5, 0.5, 0.5, 0.5, 0.5, 0.5, 0.5, 0.5, 0.5, 0.5, 0.5, 0.5, 0.5, 0.5, 0.5, 0.5, 0.5]",2
2025_11_KICE_28-31_0,['4(2)'],"1번: ㉠은 누구의 생각을 누가 말하는지 명시하지 않고, 단순히 사건의 연속을 서술하고 있다.  
→ ""㉠[불편스런 일이 한두 가지가 아니었다.](㉠의 내용에 해당) 하지만 허원은 그렇게 스스로 주의하고 고통을 감내해 냈기 때문에 자신의 ㅁ[비밀](네모)을 남 앞에 감쪽같이 숨겨 나갈 수 있었다.""

2번: ㉡은 인물의 생각을 서술자가 평가하거나 함축적 의미를 전달하지 않고, 단순히 인물의 생각을 직접적으로 표현하고 있다.  
→ ""㉡― [그깟 놈의 배꼽, 안 가지고 있음 어때.](㉡의 내용에 해당) 그쯤 체념을 하고 될 수 있으면 배꼽에 관한 일들을 잊어버리려 했다.""

3번: ㉢은 인물의 의식을 인물 자신의 목소리로 생생하게 전달하지 않고, 단순히 내면의 생각을 서술하고 있다.  
→ ""㉢[자신으로부터 배꼽이 사라져 버린 사실을, 그리고 그 때문에 생긴 모든 불편을 잊고, 그 배꼽 없는 생활에 스스로 익숙해져 버리기를 바라 마지않았다.](㉢의 내용에 해당) 하지만 문제는 그렇게 간단하지 않았다.""

4번: ㉣은 인물의 현재 상황과 과거의 사건을 연결하여 추가적인 정보를 제공하며, 인물의 상황에 관련된 정보를 부가하여 서술하고 있다.  
→ ""㉣[어느 해 여름이었다. 하니까 그것은 허원이 자신의 배꼽을 잃어버리고 나서 불편하기 그지없는 세 번째의 여름을 맞고 있을 때였다.](㉣의 내용에 해당) 그는 물론 배꼽을 잃어버린 자신에 대해 아직도 완전힌 익숙해지질 못하고 있었다.""

5번: ㉤은 인물의 행동의 진행 과정을 순차적으로 서술하기보다는 사회적 현상의 변화를 설명하고 있다.  
→ ""㉤[배꼽에 관한 논의가 그렇듯 갑자기 시중 일반에까지 성행하기 시작한 것이다.](㉤의 내용에 해당) [기묘한 현상](Bold체)이었다.""

**최종 정답:** 4번","[16, 19613, 25, 220, 159, 231, 254, 4740, 155209, 3408, 45341, 3281, 66497, 4081, 27202, 14108, 3908, 51275, 5637, 44531, 102417, 11, 38340, 49785, 20357, 150443, 3408, 24038, 24165, 3281, 24795, 31097, 17231, 20597, 13, 4066, 20216, 392, 159, 231, 254, 58, 41033, 34027, 5648, 33370, 154143, 14680, 27708, 65296, 4081, 46038, 35590, 13, 20614, 159, 231, 254, 3408, 69634, 3107, 85127, 8, 92418, 95087, 8143, 4740, 165573, 24264, 151791, 16130, 3408, 17231, 22652, 22960, 3281, 35566, 13579, 5650, 147370, 230, 4283, 62937, 112289, 220, 23115, 223, 58, 12316, 58625, 20614, 29323, 17267, 138973, 42346, 60459, 3107, 35566, 60503, 50771, 2186, 189096, 57444, 17743, 80309, 8963, 113089, 6635, 17, 19613, 25, 220, 159, 231, 94, 4740, 16876, 19948, 3408, 45341, 3281, 24795, 31097, 65987, 115060, 161286, 35138, 46982, 9871, 102721, 4831, 137846, 44531, 102417, 11, 38340, 49785, 20357, 16876, 19948, 3408, 45341, 3281, 103492, 34555, 142948, 17231, 20597, 13, 4066, 20216, 392, 159, 231, 94, 36553, 723, 11946, 12757, 253, 53752, 230, 3408, 33628, 95763, 121, 11, 24497, 113147, 198679, 21252, 41856, 13, 20614, 159, 231, 94, 3408, 69634, 3107, 85127, 8, 10599, 168, 107, 97, 55005, 80656, 3281, 67657, 71501, 8963, 7017, 65510, 33628, 95763, 121, 3107, 137026, 18129, 58138, 4068, 232, 5959, 24963, 4960, 17638, 87543, 6635, 18, 19613, 25, 220, 159, 231, 95, 4740, 16876, 19948, 3408, 24099, 104508, 16876, 19948, 112289, 43878, 11226, 4960, 3710, 22230, 16785, 32179, 137846, 44531, 102417, 11, 38340, 49785, 20357, 21566, 9018, 3408, 45341, 3281, 24795, 31097, 17231, 20597, 13, 4066, 20216, 392, 159, 231, 95, 58, 5947, 11753, 9911, 42070, 33628, 95763, 121, 2186, 9023, 6663, 42614, 60761, 30053, 89770, 3281, 11, 68036, 10599, 62937, 22230, 79340, 52636, 36387, 34027, 3281, 4068, 232, 3956, 11, 10599, 33628, 95763, 121, 70190, 137690, 3107, 24264, 151791, 166956, 84256, 5650, 42614, 60761, 4960, 54668, 191774, 21096, 3908, 52832, 69458, 13, 20614, 159, 231, 95, 3408, 69634, 3107, 85127, 8, 92418, 54837, 2770, 165573, 53736, 17677, 44531, 184035, 6635, 19, 19613, 25, 220, 159, 231, 96, 4740, 16876, 19948, 3408, 72728, 85368, 8562, 43635, 17077, 3408, 150443, 3281, 108935, 31412, 65110, 31763, 125710, 50681, 63912, 11, 16876, 19948, 3408, 85368, 3107, 60286, 17498, 125710, 20211, 4081, 31412, 24795, 31097, 17231, 20597, 13, 4066, 20216, 392, 159, 231, 96, 58, 5959, 60665, 21864, 21775, 28628, 169435, 13, 12202, 76017, 98703, 4740, 95087, 186243, 112289, 33628, 95763, 121, 3281, 4068, 225, 5959, 24963, 44978, 17743, 4865, 36387, 34027, 33181, 10599, 3908, 178275, 28126, 131909, 3408, 21775, 28628, 3281, 55640, 3956, 80801, 23553, 72918, 13, 20614, 159, 231, 96, 3408, 69634, 3107, 85127, 8, 122088, 136737, 33628, 95763, 121, 3281, 4068, 225, 5959, 24963, 30053, 62159, 3107, 67946, 138525, 5827, 58864, 9516, 160144, 166956, 84256, 5650, 3908, 30570, 51614, 17231, 113089, 6635, 20, 19613, 25, 220, 159, 231, 97, 4740, 16876, 19948, 3408, 188453, 3408, 60954, 43635, 90056, 66329, 20981, 34555, 24795, 31097, 33181, 8122, 53957, 78797, 9871, 33840, 173883, 38152, 92273, 89157, 17231, 20597, 13, 4066, 20216, 392, 159, 231, 97, 58, 27798, 95763, 121, 3107, 137026, 96430, 3408, 4081, 136934, 108650, 156987, 5947, 4283, 12468, 19684, 100492, 3107, 37046, 29805, 15719, 33181, 50972, 3748, 66580, 13, 20614, 159, 231, 97, 3408, 69634, 3107, 85127, 8, 723, 4283, 6293, 246, 3748, 33840, 8612, 20614, 61265, 16238, 152560, 35590, 6635, 410, 29538, 28755, 14296, 56208, 142760, 220, 19, 19613]","[0.5, 0.5, 0.5, 0.5, 0.5, 0.5, 0.5, 0.5, 0.5, 0.5, 0.5, 0.5, 0.5, 0.5, 0.5, 0.5, 0.5, 0.5, 0.5, 0.5, 0.5, 0.5, 0.5, 0.5, 0.5, 0.5, 0.5, 0.5, 0.5, 0.5, 0.5, 0.5, 0.5, 0.5, 0.5, 0.5, 0.5, 0.5, 0.5, 0.5, 0.5, 0.5, 0.5, 0.5, 0.5, 0.5, 0.5, 0.5, 0.5, 0.5, 0.5, 0.5, 0.5, 0.5, 0.5, 0.5, 0.5, 0.5, 0.5, 0.5, 0.5, 0.5, 0.5, 0.5, 0.5, 0.5, 0.5, 0.5, 0.5, 0.5, 0.5, 0.5, 0.5, 0.5, 0.5, 0.5, 0.5, 0.5, 0.5, 0.5, 0.5, 0.5, 0.5, 0.5, 0.5, 0.5, 0.5, 0.5, 0.5, 0.5, 0.5, 0.5, 0.5, 0.5, 0.5, 0.5, 0.5, 0.5, 0.5, 0.5, 0.5, 0.5, 0.5, 0.5, 0.5, 0.5, 0.5, 0.5, 0.5, 0.5, 0.5, 0.5, 0.5, 0.5, 0.5, 0.5, 0.5, 0.5, 0.5, 0.5, 0.5, 0.5, 0.5, 0.5, 0.5, 0.5, 0.5, 0.5, 0.5, 0.5, 0.5, 0.5, 0.5, 0.5, 0.5, 0.5, 0.5, 0.5, 0.5, 0.5, 0.5, 0.5, 0.5, 0.5, 0.5, 0.5, 0.5, 0.5, 0.5, 0.5, 0.5, 0.5, 0.5, 0.5, 0.5, 0.5, 0.5, 0.5, 0.5, 0.5, 0.5, 0.5, 0.5, 0.5, 0.5, 0.5, 0.5, 0.5, 0.5, 0.5, 0.5, 0.5, 0.5, 0.5, 0.5, 0.5, 0.5, 0.5, 0.5, 0.5, 0.5, 0.5, 0.5, 0.5, 0.5, 0.5, 0.5, 0.5, 0.5, 0.5, 0.5, 0.5, 0.5, 0.5, 0.5, 0.5, 0.5, 0.5, 0.5, 0.5, 0.5, 0.5, 0.5, 0.5, 0.5, 0.5, 0.5, 0.5, 0.5, 0.5, 0.5, 0.5, 0.5, 0.5, 0.5, 0.5, 0.5, 0.5, 0.5, 0.5, 0.5, 0.5, 0.5, 0.5, 0.5, 0.5, 0.5, 0.5, 0.5, 0.5, 0.5, 0.5, 0.5, 0.5, 0.5, 0.5, 0.5, 0.5, 0.5, 0.5, 0.5, 0.5, 0.5, 0.5, 0.5, 0.5, 0.5, 0.5, 0.5, 0.5, 0.5, 0.5, 0.5, 0.5, 0.5, 0.5, 0.5, 0.5, 0.5, 0.5, 0.5, 0.5, 0.5, 0.5, 0.5, 0.5, 0.5, 0.5, 0.5, 0.5, 0.5, 0.5, 0.5, 0.5, 0.5, 0.5, 0.5, 0.5, 0.5, 0.5, 0.5, 0.5, 0.5, 0.5, 0.5, 0.5, 0.5, 0.5, 0.5, 0.5, 0.5, 0.5, 0.5, 0.5, 0.5, 0.5, 0.5, 0.5, 0.5, 0.5, 0.5, 0.5, 0.5, 0.5, 0.5, 0.5, 0.5, 0.5, 0.5, 0.5, 0.5, 0.5, 0.5, 0.5, 0.5, 0.5, 0.5, 0.5, 0.5, 0.5, 0.5, 0.5, 0.5, 0.5, 0.5, 0.5, 0.5, 0.5, 0.5, 0.5, 0.5, 0.5, 0.5, 0.5, 0.5, 0.5, 0.5, 0.5, 0.5, 0.5, 0.5, 0.5, 0.5, 0.5, 0.5, 0.5, 0.5, 0.5, 0.5, 0.5, 0.5, 0.5, 0.5, 0.5, 0.5, 0.5, 0.5, 0.5, 0.5, 0.5, 0.5, 0.5, 0.5, 0.5, 0.5, 0.5, 0.5, 0.5, 0.5, 0.5, 0.5, 0.5, 0.5, 0.5, 0.5, 0.5, 0.5, 0.5, 0.5, 0.5, 0.5, 0.5, 0.5, 0.5, 0.5, 0.5, 0.5, 0.5, 0.5, 0.5, 0.5, 0.5, 0.5, 0.5, 0.5, 0.5, 0.5, 0.5, 0.5, 0.5, 0.5, 0.5, 0.5, 0.5, 0.5, 0.5, 0.5, 0.5, 0.5, 0.5, 0.5, 0.5, 0.5, 0.5, 0.5, 0.5, 0.5, 0.5, 0.5, 0.5, 0.5, 0.5, 0.5, 0.5, 0.5, 0.5, 0.5, 0.5, 0.5, 0.5, 0.5, 0.5, 0.5, 0.5, 0.5, 0.5, 0.5, 0.5, 0.5, 0.5, 0.5, 0.5, 0.5, 0.5, 0.5, 0.5, 0.5, 0.5, 0.5, 0.5, 0.5, 0.5, 0.5, 0.5, 0.5, 0.5, 0.5, 0.5, 0.5, 0.5, 0.5, 0.5, 0.5, 0.5, 0.5, 0.5, 0.5, 0.5, 0.5, 0.5, 0.5, 0.5, 0.5, 0.5, 0.5, 0.5, 0.5, 0.5, 0.5, 0.5, 0.5, 0.5, 0.5, 0.5, 0.5, 0.5, 0.5, 0.5, 0.5, 0.5, 0.5, 0.5, 0.5, 0.5, 0.5, 0.5, 0.5, 0.5, 0.5, 0.5, 0.5, 0.5, 0.5, 0.5, 0.5, 0.5, 0.5, 0.5, 0.5, 0.5, 0.5, 0.5, 0.5, 0.5, 0.5, 0.5, 0.5, 0.5, 0.5, 0.5, 0.5, 0.5, 0.5, 0.5, 0.5, 0.5, 0.5, 0.5, 0.5, 0.5, 0.5, 0.5, 0.5, 0.5, 0.5, 0.5, 0.5, 0.5, 0.5, 0.5, 0.5, 0.5, 0.5, 0.5, 0.5, 0.5, 0.5, 0.5, 0.5, 0.5, 0.5, 0.5]",2
2025_11_KICE_28-31_1,['3(2)'],"1번: 자신의 신념을 인물이 돌이켜 본 결과로, 새로운 세계관을 바탕으로 하는 주제를 형성한다. + ""그러나 그러면 그럴 수록 허원은 더욱더 허전해지고, 아무 곳에도 발이 닿아 있는 것 같지 않고, 혼자서 외롭게 허공을 둥둥 떠다니고 있는 것처럼 느껴졌다.""

2번: 얽힌 인간관계를 인물이 성찰하는 전환점으로, 갈등으로 인한 위기감을 완화한다. + ""그는 마침내 [회사 출근]마저 단념하기에 이르렀다.""

3번: 일상적이지 않은 경험을 인물이 의식한다는 표지로, 인물의 심리적 동요를 부른다. + ""그는 자꾸만 허전해서 견딜 수가 없어지곤 했다. ... 그의 상념은 잠시도 그 잃어 버린 배꼽에서 떠나 있을 수가 없었다.""

4번: 상충된 이해관계를 인물이 조정하는 단서로, 심화된 사회적 갈등을 해소한다. + ""사람들은 이제 그걸 신호로 아무 흉허물 없이 터놓고 지껄이거나 신문, 잡지 같은 데서 진지하게 논의의 대상을 삼기도 하였다.""

5번: 기성의 질서에 인물이 저항한다는 신호로, 돌발적 사건의 발생을 알린다. + ""그의 사념 역시 언제나 그 눈에 보이지 않는 배꼽에 매달려 거기에서밖에는 영영 더 이상 자유로워질 수가 없었다.""

최종 정답: 3번","[16, 19613, 25, 112289, 24991, 80656, 3281, 16876, 195357, 66933, 2186, 103614, 51822, 67277, 3710, 11, 83630, 75755, 15853, 3281, 22796, 122697, 9911, 43870, 16130, 166160, 67552, 9360, 29423, 13, 659, 392, 155764, 7663, 70367, 9018, 10599, 158385, 8963, 18490, 95087, 8143, 4740, 125665, 22463, 95087, 9516, 5650, 116895, 11, 122670, 75067, 73273, 26370, 2186, 8567, 123, 7653, 21023, 12544, 29610, 3908, 102417, 11, 140463, 5947, 4865, 57860, 181404, 95087, 12809, 3281, 105137, 98, 71232, 98, 119692, 2276, 4110, 3956, 21023, 12544, 96221, 68324, 173780, 116049, 6635, 17, 19613, 25, 13675, 121, 160144, 142716, 15853, 173370, 16876, 195357, 29805, 60591, 14108, 12946, 29403, 24206, 9911, 11, 115316, 24725, 9911, 16876, 3748, 16302, 4283, 155767, 58864, 11049, 29423, 13, 659, 392, 11946, 2770, 21096, 57622, 13579, 723, 193186, 33692, 32481, 60, 11630, 22316, 38340, 80656, 33181, 3107, 6548, 20697, 5670, 222, 2276, 6635, 18, 19613, 25, 18129, 8612, 9871, 47890, 100051, 114437, 3281, 16876, 195357, 24099, 17087, 29423, 2770, 55686, 3908, 3710, 11, 16876, 19948, 3408, 61505, 4960, 9871, 27997, 7952, 4831, 20211, 23164, 2276, 13, 659, 392, 11946, 2770, 15508, 101253, 10452, 95087, 9516, 53838, 164106, 15492, 250, 8963, 4081, 197610, 3908, 167424, 87543, 13, 2550, 144923, 18597, 80656, 4740, 115711, 5637, 5827, 10599, 4068, 225, 5959, 60761, 30053, 33628, 95763, 121, 11440, 119692, 7663, 80801, 8963, 4081, 20286, 35590, 6635, 19, 19613, 25, 18597, 76122, 17498, 114840, 15853, 173370, 16876, 195357, 21853, 7329, 14108, 38340, 4865, 3710, 11, 61505, 11049, 17498, 78797, 9871, 115316, 24725, 3281, 21864, 11226, 29423, 13, 659, 392, 5537, 23588, 47793, 124037, 10599, 59762, 24991, 16684, 3710, 122670, 48290, 231, 81104, 19948, 111626, 140628, 116951, 3956, 12688, 27683, 226, 2186, 72787, 24991, 11397, 11, 101050, 3908, 52847, 40237, 4865, 31172, 3908, 32179, 96430, 3408, 3408, 10985, 90750, 98643, 81818, 12202, 72918, 6635, 20, 19613, 25, 11061, 9360, 3408, 69187, 4865, 3107, 16876, 195357, 30832, 31275, 29423, 2770, 24991, 16684, 3710, 11, 66933, 22198, 9871, 150443, 3408, 72121, 3281, 32082, 30053, 2276, 13, 659, 392, 11946, 3408, 9023, 80656, 142884, 171771, 7663, 10599, 74327, 3107, 13611, 47890, 73260, 33628, 95763, 121, 3107, 35348, 33233, 17638, 29929, 4283, 11440, 154827, 40789, 28277, 16268, 28526, 54743, 142085, 3710, 33771, 30570, 8963, 4081, 20286, 35590, 6635, 29538, 28755, 14296, 56208, 25, 220, 18, 19613]","[0.5, 0.5, 0.5, 0.5, 0.5, 0.5, 0.5, 0.5, 0.5, 0.5, 0.5, 0.5, 0.5, 0.5, 0.5, 0.5, 0.5, 0.5, 0.5, 0.5, 0.5, 0.5, 0.5, 0.5, 0.5, 0.5, 0.5, 0.5, 0.5, 0.5, 0.5, 0.5, 0.5, 0.5, 0.5, 0.5, 0.5, 0.5, 0.5, 0.5, 0.5, 0.5, 0.5, 0.5, 0.5, 0.5, 0.5, 0.5, 0.5, 0.5, 0.5, 0.5, 0.5, 0.5, 0.5, 0.5, 0.5, 0.5, 0.5, 0.5, 0.5, 0.5, 0.5, 0.5, 0.5, 0.5, 0.5, 0.5, 0.5, 0.5, 0.5, 0.5, 0.5, 0.5, 0.5, 0.5, 0.5, 0.5, 0.5, 0.5, 0.5, 0.5, 0.5, 0.5, 0.5, 0.5, 0.5, 0.5, 0.5, 0.5, 0.5, 0.5, 0.5, 0.5, 0.5, 0.5, 0.5, 0.5, 0.5, 0.5, 0.5, 0.5, 0.5, 0.5, 0.5, 0.5, 0.5, 0.5, 0.5, 0.5, 0.5, 0.5, 0.5, 0.5, 0.5, 0.5, 0.5, 0.5, 0.5, 0.5, 0.5, 0.5, 0.5, 0.5, 0.5, 0.5, 0.5, 0.5, 0.5, 0.5, 0.5, 0.5, 0.5, 0.5, 0.5, 0.5, 0.5, 0.5, 0.5, 0.5, 0.5, 0.5, 0.5, 0.5, 0.5, 0.5, 0.5, 0.5, 0.5, 0.5, 0.5, 0.5, 0.5, 0.5, 0.5, 0.5, 0.5, 0.5, 0.5, 0.5, 0.5, 0.5, 0.5, 0.5, 0.5, 0.5, 0.5, 0.5, 0.5, 0.5, 0.5, 0.5, 0.5, 0.5, 0.5, 0.5, 0.5, 0.5, 0.5, 0.5, 0.5, 0.5, 0.5, 0.5, 0.5, 0.5, 0.5, 0.5, 0.5, 0.5, 0.5, 0.5, 0.5, 0.5, 0.5, 0.5, 0.5, 0.5, 0.5, 0.5, 0.5, 0.5, 0.5, 0.5, 0.5, 0.5, 0.5, 0.5, 0.5, 0.5, 0.5, 0.5, 0.5, 0.5, 0.5, 0.5, 0.5, 0.5, 0.5, 0.5, 0.5, 0.5, 0.5, 0.5, 0.5, 0.5, 0.5, 0.5, 0.5, 0.5, 0.5, 0.5, 0.5, 0.5, 0.5, 0.5, 0.5, 0.5, 0.5, 0.5, 0.5, 0.5, 0.5, 0.5, 0.5, 0.5, 0.5, 0.5, 0.5, 0.5, 0.5, 0.5, 0.5, 0.5, 0.5, 0.5, 0.5, 0.5, 0.5, 0.5, 0.5, 0.5, 0.5, 0.5, 0.5, 0.5, 0.5, 0.5, 0.5, 0.5, 0.5, 0.5, 0.5, 0.5, 0.5, 0.5, 0.5, 0.5, 0.5, 0.5, 0.5, 0.5, 0.5, 0.5, 0.5, 0.5, 0.5, 0.5, 0.5, 0.5, 0.5, 0.5, 0.5, 0.5, 0.5, 0.5, 0.5, 0.5, 0.5, 0.5, 0.5, 0.5, 0.5, 0.5, 0.5, 0.5, 0.5, 0.5, 0.5, 0.5, 0.5, 0.5, 0.5, 0.5, 0.5, 0.5, 0.5, 0.5, 0.5, 0.5, 0.5, 0.5, 0.5, 0.5, 0.5, 0.5, 0.5, 0.5, 0.5, 0.5, 0.5, 0.5, 0.5, 0.5, 0.5, 0.5, 0.5, 0.5, 0.5, 0.5, 0.5, 0.5, 0.5, 0.5, 0.5, 0.5, 0.5, 0.5, 0.5, 0.5, 0.5, 0.5, 0.5, 0.5, 0.5, 0.5, 0.5, 0.5, 0.5, 0.5, 0.5, 0.5, 0.5, 0.5, 0.5, 0.5, 0.5, 0.5, 0.5, 0.5, 0.5, 0.5, 0.5, 0.5, 0.5]",2
2025_11_KICE_28-31_2,['5(2)'],"1번: '[허원](Bold체)’은 ‘[실물](Bold체)’과 관련하여 시작된 ‘[사념](Bold체)’을 통해 ‘[존재](Bold체)’의 의미를 발견해 간다.
- ""그리하여 배꼽에 관한 허원의 지식과 [사념](Bold체)은 자꾸 더 [심오하고 추상적인](Bold체) 것이 되어 갔다.""

2번: ‘[허원](Bold체)’은 ‘[실물](Bold체)’이 몸에서 큰 기능을 하지 않는다는 것을 알고 일단 안도감을 느끼게 된다.
- ""인체 생리나 해부학 서적 같은 걸 뒤져 봐도 성인의 배꼽은 거의 아무런 기능도 수행하지 않음을 알 수 있었다. [...] 그는 일단 안도의 한숨을 내쉬었다.""

3번: ‘[허원](Bold체)’은 ‘[사념](Bold체)’을 방편으로 삼아 자신의 현재 상태에 대해 다른 방향에서 접근하고자 한다.
- ""그는 또 거듭 그 허망감을 쫓기 위해 자신의 배꼽론을 완벽하게 발전시켜 나갔다.""

4번: ‘[허원](Bold체)’은 ‘[심상찮은 관심](Bold체)’의 원인에 대해 궁금해하면서 ‘[세상 사람들](Bold체)’에게 주의를 기울이게 된다.
- ""허원은 문득 [세상 사람들](Bold체)이 수상쩍어지기 시작했다.""

5번: '[허원](Bold체)’은 ‘[실물](Bold체)’에 대한 인식을 ‘[세상 사람들](Bold체)’과 공유하게 되면서, 그간 이어 온 ‘[사념](Bold체)’을 더 이상 지속하지 않게 된다.
- ""그는 마침내 [회사 출근](Bold체)마저 단념하기에 이르렀다. [...] 그의 배꼽론은 [...] 배꼽을 되찾아내고 [...] 그 난감스런 허망감을 채우려는 듯이.""

최종 정답: 5번","[16, 19613, 25, 40660, 81104, 8143, 20614, 61265, 16238, 128825, 4740, 2476, 58, 17065, 19948, 20614, 61265, 16238, 128825, 8562, 60286, 31412, 50972, 17498, 2476, 58, 5537, 80656, 20614, 61265, 16238, 128825, 3281, 45052, 2476, 58, 56862, 16012, 20614, 61265, 16238, 128825, 3408, 102721, 4831, 165022, 5650, 53736, 2276, 558, 12, 392, 11946, 4960, 31412, 33628, 95763, 121, 3107, 137026, 95087, 183439, 12688, 17087, 8562, 723, 5537, 80656, 20614, 61265, 16238, 170172, 15508, 101253, 28526, 723, 25798, 12354, 17231, 28912, 8612, 31763, 20614, 61265, 16238, 8, 46947, 121046, 5132, 56388, 6635, 17, 19613, 25, 2476, 58, 81104, 8143, 20614, 61265, 16238, 128825, 4740, 2476, 58, 17065, 19948, 20614, 61265, 16238, 128825, 2186, 113321, 11440, 70792, 86567, 3281, 139904, 73260, 53957, 61738, 126910, 18129, 17677, 24497, 5827, 155767, 68324, 95452, 7996, 92986, 558, 12, 392, 5544, 16238, 22230, 4960, 7663, 21864, 9814, 17253, 24795, 9871, 52847, 68511, 80917, 42614, 75701, 238, 5827, 29805, 129039, 33628, 95763, 121, 4740, 162073, 122670, 33370, 86567, 5827, 136067, 44531, 20359, 147373, 32082, 8963, 113089, 13, 43690, 122088, 18129, 17677, 24497, 162297, 14680, 183213, 3281, 21566, 113898, 35590, 6635, 18, 19613, 25, 2476, 58, 81104, 8143, 20614, 61265, 16238, 128825, 4740, 2476, 58, 5537, 80656, 20614, 61265, 16238, 128825, 3281, 24030, 34027, 9911, 98643, 7653, 112289, 72728, 93372, 3107, 67946, 51484, 171220, 11440, 161463, 17231, 5947, 46609, 558, 12, 392, 11946, 2770, 33925, 29929, 4274, 255, 10599, 95087, 49004, 155767, 804, 104, 241, 4283, 35817, 112289, 33628, 95763, 121, 39168, 3281, 58864, 96425, 32179, 140554, 5637, 103614, 17743, 2571, 56388, 6635, 19, 19613, 25, 2476, 58, 81104, 8143, 20614, 61265, 16238, 128825, 4740, 2476, 58, 25798, 8612, 161992, 4740, 112875, 20614, 61265, 16238, 128825, 3408, 32518, 5544, 3107, 67946, 157257, 16668, 5650, 105991, 2476, 58, 11734, 8612, 34014, 8635, 20614, 61265, 16238, 128825, 34950, 16130, 160170, 11061, 27294, 2186, 7996, 92986, 558, 12, 392, 81104, 8143, 4740, 26387, 64328, 723, 11734, 8612, 34014, 8635, 20614, 61265, 16238, 152560, 8963, 8612, 152176, 235, 5959, 3908, 4283, 50972, 22342, 6635, 20, 19613, 25, 40660, 81104, 8143, 20614, 61265, 16238, 128825, 4740, 2476, 58, 17065, 19948, 20614, 61265, 16238, 128825, 3107, 33398, 16876, 104508, 2476, 58, 11734, 8612, 34014, 8635, 20614, 61265, 16238, 128825, 8562, 115448, 32179, 28647, 42856, 11, 10599, 12780, 90580, 54709, 2476, 58, 5537, 80656, 20614, 61265, 16238, 128825, 3281, 28526, 54743, 132405, 44531, 20359, 7996, 92986, 558, 12, 392, 11946, 2770, 21096, 57622, 13579, 723, 193186, 33692, 32481, 20614, 61265, 16238, 8, 11630, 22316, 38340, 80656, 33181, 3107, 6548, 20697, 5670, 222, 2276, 13, 43690, 144923, 33628, 95763, 121, 39168, 4740, 43690, 33628, 95763, 121, 3281, 28647, 96271, 7653, 13579, 3956, 43690, 10599, 124857, 25146, 5648, 33370, 95087, 49004, 155767, 64425, 11890, 17638, 2770, 144771, 2186, 6635, 29538, 28755, 14296, 56208, 25, 220, 20, 19613]","[0.5, 0.5, 0.5, 0.5, 0.5, 0.5, 0.5, 0.5, 0.5, 0.5, 0.5, 0.5, 0.5, 0.5, 0.5, 0.5, 0.5, 0.5, 0.5, 0.5, 0.5, 0.5, 0.5, 0.5, 0.5, 0.5, 0.5, 0.5, 0.5, 0.5, 0.5, 0.5, 0.5, 0.5, 0.5, 0.5, 0.5, 0.5, 0.5, 0.5, 0.5, 0.5, 0.5, 0.5, 0.5, 0.5, 0.5, 0.5, 0.5, 0.5, 0.5, 0.5, 0.5, 0.5, 0.5, 0.5, 0.5, 0.5, 0.5, 0.5, 0.5, 0.5, 0.5, 0.5, 0.5, 0.5, 0.5, 0.5, 0.5, 0.5, 0.5, 0.5, 0.5, 0.5, 0.5, 0.5, 0.5, 0.5, 0.5, 0.5, 0.5, 0.5, 0.5, 0.5, 0.5, 0.5, 0.5, 0.5, 0.5, 0.5, 0.5, 0.5, 0.5, 0.5, 0.5, 0.5, 0.5, 0.5, 0.5, 0.5, 0.5, 0.5, 0.5, 0.5, 0.5, 0.5, 0.5, 0.5, 0.5, 0.5, 0.5, 0.5, 0.5, 0.5, 0.5, 0.5, 0.5, 0.5, 0.5, 0.5, 0.5, 0.5, 0.5, 0.5, 0.5, 0.5, 0.5, 0.5, 0.5, 0.5, 0.5, 0.5, 0.5, 0.5, 0.5, 0.5, 0.5, 0.5, 0.5, 0.5, 0.5, 0.5, 0.5, 0.5, 0.5, 0.5, 0.5, 0.5, 0.5, 0.5, 0.5, 0.5, 0.5, 0.5, 0.5, 0.5, 0.5, 0.5, 0.5, 0.5, 0.5, 0.5, 0.5, 0.5, 0.5, 0.5, 0.5, 0.5, 0.5, 0.5, 0.5, 0.5, 0.5, 0.5, 0.5, 0.5, 0.5, 0.5, 0.5, 0.5, 0.5, 0.5, 0.5, 0.5, 0.5, 0.5, 0.5, 0.5, 0.5, 0.5, 0.5, 0.5, 0.5, 0.5, 0.5, 0.5, 0.5, 0.5, 0.5, 0.5, 0.5, 0.5, 0.5, 0.5, 0.5, 0.5, 0.5, 0.5, 0.5, 0.5, 0.5, 0.5, 0.5, 0.5, 0.5, 0.5, 0.5, 0.5, 0.5, 0.5, 0.5, 0.5, 0.5, 0.5, 0.5, 0.5, 0.5, 0.5, 0.5, 0.5, 0.5, 0.5, 0.5, 0.5, 0.5, 0.5, 0.5, 0.5, 0.5, 0.5, 0.5, 0.5, 0.5, 0.5, 0.5, 0.5, 0.5, 0.5, 0.5, 0.5, 0.5, 0.5, 0.5, 0.5, 0.5, 0.5, 0.5, 0.5, 0.5, 0.5, 0.5, 0.5, 0.5, 0.5, 0.5, 0.5, 0.5, 0.5, 0.5, 0.5, 0.5, 0.5, 0.5, 0.5, 0.5, 0.5, 0.5, 0.5, 0.5, 0.5, 0.5, 0.5, 0.5, 0.5, 0.5, 0.5, 0.5, 0.5, 0.5, 0.5, 0.5, 0.5, 0.5, 0.5, 0.5, 0.5, 0.5, 0.5, 0.5, 0.5, 0.5, 0.5, 0.5, 0.5, 0.5, 0.5, 0.5, 0.5, 0.5, 0.5, 0.5, 0.5, 0.5, 0.5, 0.5, 0.5, 0.5, 0.5, 0.5, 0.5, 0.5, 0.5, 0.5, 0.5, 0.5, 0.5, 0.5, 0.5, 0.5, 0.5, 0.5, 0.5, 0.5, 0.5, 0.5, 0.5, 0.5, 0.5, 0.5, 0.5, 0.5, 0.5, 0.5, 0.5, 0.5, 0.5, 0.5, 0.5, 0.5, 0.5, 0.5, 0.5, 0.5, 0.5, 0.5, 0.5, 0.5, 0.5, 0.5, 0.5, 0.5, 0.5, 0.5, 0.5, 0.5, 0.5, 0.5, 0.5, 0.5, 0.5, 0.5, 0.5, 0.5, 0.5, 0.5, 0.5, 0.5, 0.5, 0.5, 0.5, 0.5, 0.5, 0.5, 0.5, 0.5, 0.5, 0.5, 0.5, 0.5, 0.5, 0.5, 0.5, 0.5, 0.5, 0.5, 0.5, 0.5, 0.5, 0.5, 0.5, 0.5, 0.5, 0.5, 0.5, 0.5, 0.5, 0.5, 0.5, 0.5, 0.5, 0.5, 0.5, 0.5, 0.5, 0.5, 0.5, 0.5, 0.5, 0.5, 0.5, 0.5, 0.5, 0.5, 0.5, 0.5, 0.5, 0.5, 0.5, 0.5, 0.5, 0.5, 0.5, 0.5, 0.5, 0.5, 0.5, 0.5, 0.5, 0.5, 0.5, 0.5, 0.5, 0.5, 0.5, 0.5, 0.5, 0.5, 0.5, 0.5, 0.5, 0.5, 0.5, 0.5, 0.5, 0.5, 0.5, 0.5, 0.5, 0.5, 0.5]",2
2025_11_KICE_28-31_3,['4(3)'],"1번: ‘[의식의 끈]’이 ‘[건드려]’짐으로써 주인공이 비정상적 문제 상황에 지속적으로 주목하게 된 것이겠군.
- ""(그는 자꾸만 허전해서 견딜 수가 없어지곤 했다. 있느니라 여기고 지낼 때는 그처럼 무심스럽던 일이 그런 식으로 한번 [의식의 끈]을 [건드려] 오자 허원의 상념은 잠시도 그 잃어 버린 배꼽에서 떠나 있을 수가 없었다.)""

2번: ‘[회사 출근]’을 포기하게 되고 ‘[늦잠 버릇]’이 사라진 상황은, 주인공의 일상이 변화된 모습을 보여 준다고 할 수 있겠군.
- ""(그는 마침내 [회사 출근]마저 단념하기에 이르렀다. 그러자 신통하게도 [늦잠 버릇]이 깨끗이 자취를 감춰 버렸다.)""

3번: ‘[배꼽]’을 ‘[탯줄]’에 연관하여 이해하는 것은, 개인에 관련된 생각을 ‘[우주와 만나]’는 ‘[심오하고 추상적인]’ 생각으로 확장하는 실마리가 된다고 할 수 있겠군.
- ""(우리 영혼은 언제까지나 그 어머니의 탯줄과 이어지려 하고, 또다시 그 어머니의 어머니의 탯줄과 이어져 나가면서 우리 [존재]를 설명하고 근원을 밝혀 나가며, 마침내는 마지막 어머니의 탯줄이 이어지는 우리들의 [우주와 만나]게 된다…… 우리의 배꼽은 우리가 그 마지막 우주와 만나고자 하는 향수의 표상이며 가능성의 상징이며 존재의 비밀로 나아가는 형이상학이다.)""

4번: ‘[그의 사념]’이 도달한 ‘[배꼽론]’의 ‘[확고한 경지]’는 사소한 것의 심층적 의미를 탐색할 때 이를 수 있으므로, 그 사소한 것에 얽매이지 않는 자유로운 상태에서 실현이 가능해지겠군.
- ""(그 대신 허원은 이제 그 자신의 [배꼽론]에 대해선 매우 [확고한 경지]에 도달해 있었다.)""

5번: ‘[기묘한 현상]’은, ‘[배꼽 이야기]’가 ‘[일반화]’되는 상황이 뜻밖이지만 ‘[사실]’로 나타나는 현상을 두고 일컬은 말이라고 할 수 있겠군.
- ""(기묘한 현상이었다.)""

최종 정답: 4번","[16, 19613, 25, 2476, 58, 3408, 17087, 3408, 51745, 230, 60, 438, 2186, 2476, 58, 23459, 9389, 17638, 60, 438, 126969, 9911, 102717, 16130, 5544, 12809, 2186, 22643, 7329, 8612, 9871, 54837, 85368, 3107, 132405, 34555, 16130, 25816, 32179, 51312, 46947, 35161, 44155, 558, 12, 29149, 11946, 2770, 15508, 101253, 10452, 95087, 9516, 53838, 164106, 15492, 250, 8963, 4081, 197610, 3908, 167424, 87543, 13, 7017, 60665, 4110, 6663, 134609, 3956, 12688, 196885, 23553, 2770, 10599, 96221, 25789, 25798, 193291, 28148, 154143, 83083, 69657, 9911, 147936, 723, 3408, 17087, 3408, 51745, 230, 60, 3281, 723, 23459, 9389, 17638, 60, 20859, 5947, 95087, 183439, 18597, 80656, 4740, 115711, 5637, 5827, 10599, 4068, 225, 5959, 60761, 30053, 33628, 95763, 121, 11440, 119692, 7663, 80801, 8963, 4081, 20286, 35590, 8476, 2678, 17, 19613, 25, 2476, 58, 193186, 33692, 32481, 60, 438, 3281, 34907, 4283, 32179, 178389, 2476, 58, 2531, 99, 153249, 60761, 3828, 229, 60, 438, 2186, 9023, 6663, 13774, 85368, 4740, 11, 16130, 5544, 12809, 3408, 18129, 167629, 143667, 17498, 198988, 103585, 69403, 57758, 32058, 8963, 7017, 35161, 44155, 558, 12, 29149, 11946, 2770, 21096, 57622, 13579, 723, 193186, 33692, 32481, 60, 11630, 22316, 38340, 80656, 33181, 3107, 6548, 20697, 5670, 222, 2276, 13, 70367, 5947, 24991, 22960, 32179, 5827, 723, 2531, 99, 153249, 60761, 3828, 229, 60, 2186, 160343, 37931, 245, 2186, 15508, 66469, 4831, 35566, 161662, 60761, 144621, 8476, 2678, 18, 19613, 25, 2476, 58, 27798, 95763, 121, 60, 438, 3281, 2476, 58, 9316, 107, 78167, 60, 438, 3107, 24038, 15853, 31412, 114840, 14108, 66371, 11, 73155, 3107, 60286, 17498, 45341, 3281, 2476, 58, 11890, 9273, 12753, 159811, 60, 438, 2770, 2476, 58, 25798, 12354, 17231, 28912, 8612, 31763, 60, 438, 45341, 9911, 30617, 7681, 14108, 27365, 11630, 93614, 51312, 57758, 32058, 8963, 7017, 35161, 44155, 558, 12, 29149, 144799, 28277, 79278, 4740, 171771, 37046, 7663, 10599, 21252, 150916, 3408, 27302, 107, 78167, 8562, 90580, 3908, 17638, 67657, 11, 33925, 2276, 5637, 10599, 21252, 150916, 3408, 21252, 150916, 3408, 27302, 107, 78167, 8562, 90580, 42614, 17743, 4081, 42856, 40216, 723, 56862, 16012, 60, 4831, 89157, 17231, 71124, 151573, 81370, 222, 17743, 4081, 16205, 11, 21096, 57622, 13579, 2770, 137792, 21252, 150916, 3408, 27302, 107, 78167, 2186, 90580, 68299, 40216, 49714, 723, 11890, 9273, 12753, 159811, 60, 7996, 92986, 8010, 190136, 33628, 95763, 121, 4740, 167010, 10599, 137792, 26090, 9273, 12753, 159811, 3956, 5947, 43870, 84814, 7820, 3408, 55686, 8612, 128328, 42371, 9360, 3408, 18597, 73449, 128328, 109875, 3408, 22643, 58625, 3710, 17743, 7653, 93077, 67552, 2186, 8612, 17253, 24088, 8476, 2678, 19, 19613, 25, 2476, 58, 11946, 3408, 9023, 80656, 60, 438, 2186, 27433, 33233, 3748, 2476, 58, 27798, 95763, 121, 39168, 60, 438, 3408, 2476, 58, 42894, 3956, 3748, 17357, 3908, 60, 438, 2770, 9023, 11226, 3748, 12544, 3408, 61505, 72054, 9871, 102721, 4831, 191323, 31406, 13070, 23553, 124321, 8963, 125486, 114942, 11, 10599, 9023, 11226, 3748, 12544, 3107, 13675, 121, 20356, 47890, 73260, 142085, 64238, 93372, 11440, 27365, 24934, 2186, 42371, 5650, 3908, 35161, 44155, 558, 12, 29149, 11946, 196925, 95087, 8143, 4740, 124037, 10599, 112289, 723, 27798, 95763, 121, 39168, 60, 3107, 67946, 16857, 113259, 723, 42894, 3956, 3748, 17357, 3908, 60, 3107, 27433, 33233, 5650, 113089, 8476, 2678, 20, 19613, 25, 2476, 58, 4283, 6293, 246, 3748, 33840, 8612, 60, 438, 4740, 11, 2476, 58, 27798, 95763, 121, 117086, 60, 438, 4081, 2476, 58, 6924, 23099, 11049, 60, 438, 56216, 85368, 2186, 152898, 154827, 2186, 29560, 2476, 58, 5537, 17065, 60, 438, 3710, 94485, 102052, 33840, 90750, 44922, 3956, 18129, 99750, 4740, 27202, 75348, 32058, 8963, 7017, 35161, 44155, 558, 12, 29149, 4283, 6293, 246, 3748, 33840, 167629, 35590, 8476, 2678, 29538, 28755, 14296, 56208, 25, 220, 19, 19613]","[0.5, 0.5, 0.5, 0.5, 0.5, 0.5, 0.5, 0.5, 0.5, 0.5, 0.5, 0.5, 0.5, 0.5, 0.5, 0.5, 0.5, 0.5, 0.5, 0.5, 0.5, 0.5, 0.5, 0.5, 0.5, 0.5, 0.5, 0.5, 0.5, 0.5, 0.5, 0.5, 0.5, 0.5, 0.5, 0.5, 0.5, 0.5, 0.5, 0.5, 0.5, 0.5, 0.5, 0.5, 0.5, 0.5, 0.5, 0.5, 0.5, 0.5, 0.5, 0.5, 0.5, 0.5, 0.5, 0.5, 0.5, 0.5, 0.5, 0.5, 0.5, 0.5, 0.5, 0.5, 0.5, 0.5, 0.5, 0.5, 0.5, 0.5, 0.5, 0.5, 0.5, 0.5, 0.5, 0.5, 0.5, 0.5, 0.5, 0.5, 0.5, 0.5, 0.5, 0.5, 0.5, 0.5, 0.5, 0.5, 0.5, 0.5, 0.5, 0.5, 0.5, 0.5, 0.5, 0.5, 0.5, 0.5, 0.5, 0.5, 0.5, 0.5, 0.5, 0.5, 0.5, 0.5, 0.5, 0.5, 0.5, 0.5, 0.5, 0.5, 0.5, 0.5, 0.5, 0.5, 0.5, 0.5, 0.5, 0.5, 0.5, 0.5, 0.5, 0.5, 0.5, 0.5, 0.5, 0.5, 0.5, 0.5, 0.5, 0.5, 0.5, 0.5, 0.5, 0.5, 0.5, 0.5, 0.5, 0.5, 0.5, 0.5, 0.5, 0.5, 0.5, 0.5, 0.5, 0.5, 0.5, 0.5, 0.5, 0.5, 0.5, 0.5, 0.5, 0.5, 0.5, 0.5, 0.5, 0.5, 0.5, 0.5, 0.5, 0.5, 0.5, 0.5, 0.5, 0.5, 0.5, 0.5, 0.5, 0.5, 0.5, 0.5, 0.5, 0.5, 0.5, 0.5, 0.5, 0.5, 0.5, 0.5, 0.5, 0.5, 0.5, 0.5, 0.5, 0.5, 0.5, 0.5, 0.5, 0.5, 0.5, 0.5, 0.5, 0.5, 0.5, 0.5, 0.5, 0.5, 0.5, 0.5, 0.5, 0.5, 0.5, 0.5, 0.5, 0.5, 0.5, 0.5, 0.5, 0.5, 0.5, 0.5, 0.5, 0.5, 0.5, 0.5, 0.5, 0.5, 0.5, 0.5, 0.5, 0.5, 0.5, 0.5, 0.5, 0.5, 0.5, 0.5, 0.5, 0.5, 0.5, 0.5, 0.5, 0.5, 0.5, 0.5, 0.5, 0.5, 0.5, 0.5, 0.5, 0.5, 0.5, 0.5, 0.5, 0.5, 0.5, 0.5, 0.5, 0.5, 0.5, 0.5, 0.5, 0.5, 0.5, 0.5, 0.5, 0.5, 0.5, 0.5, 0.5, 0.5, 0.5, 0.5, 0.5, 0.5, 0.5, 0.5, 0.5, 0.5, 0.5, 0.5, 0.5, 0.5, 0.5, 0.5, 0.5, 0.5, 0.5, 0.5, 0.5, 0.5, 0.5, 0.5, 0.5, 0.5, 0.5, 0.5, 0.5, 0.5, 0.5, 0.5, 0.5, 0.5, 0.5, 0.5, 0.5, 0.5, 0.5, 0.5, 0.5, 0.5, 0.5, 0.5, 0.5, 0.5, 0.5, 0.5, 0.5, 0.5, 0.5, 0.5, 0.5, 0.5, 0.5, 0.5, 0.5, 0.5, 0.5, 0.5, 0.5, 0.5, 0.5, 0.5, 0.5, 0.5, 0.5, 0.5, 0.5, 0.5, 0.5, 0.5, 0.5, 0.5, 0.5, 0.5, 0.5, 0.5, 0.5, 0.5, 0.5, 0.5, 0.5, 0.5, 0.5, 0.5, 0.5, 0.5, 0.5, 0.5, 0.5, 0.5, 0.5, 0.5, 0.5, 0.5, 0.5, 0.5, 0.5, 0.5, 0.5, 0.5, 0.5, 0.5, 0.5, 0.5, 0.5, 0.5, 0.5, 0.5, 0.5, 0.5, 0.5, 0.5, 0.5, 0.5, 0.5, 0.5, 0.5, 0.5, 0.5, 0.5, 0.5, 0.5, 0.5, 0.5, 0.5, 0.5, 0.5, 0.5, 0.5, 0.5, 0.5, 0.5, 0.5, 0.5, 0.5, 0.5, 0.5, 0.5, 0.5, 0.5, 0.5, 0.5, 0.5, 0.5, 0.5, 0.5, 0.5, 0.5, 0.5, 0.5, 0.5, 0.5, 0.5, 0.5, 0.5, 0.5, 0.5, 0.5, 0.5, 0.5, 0.5, 0.5, 0.5, 0.5, 0.5, 0.5, 0.5, 0.5, 0.5, 0.5, 0.5, 0.5, 0.5, 0.5, 0.5, 0.5, 0.5, 0.5, 0.5, 0.5, 0.5, 0.5, 0.5, 0.5, 0.5, 0.5, 0.5, 0.5, 0.5, 0.5, 0.5, 0.5, 0.5, 0.5, 0.5, 0.5, 0.5, 0.5, 0.5, 0.5, 0.5, 0.5, 0.5, 0.5, 0.5, 0.5, 0.5, 0.5, 0.5, 0.5, 0.5, 0.5, 0.5, 0.5, 0.5, 0.5, 0.5, 0.5, 0.5, 0.5, 0.5, 0.5, 0.5, 0.5, 0.5, 0.5, 0.5, 0.5, 0.5, 0.5, 0.5, 0.5, 0.5, 0.5, 0.5, 0.5, 0.5, 0.5, 0.5, 0.5, 0.5, 0.5, 0.5, 0.5, 0.5, 0.5, 0.5, 0.5, 0.5, 0.5, 0.5, 0.5, 0.5, 0.5, 0.5, 0.5, 0.5, 0.5, 0.5, 0.5, 0.5, 0.5, 0.5, 0.5, 0.5, 0.5, 0.5, 0.5, 0.5, 0.5, 0.5, 0.5, 0.5, 0.5, 0.5, 0.5, 0.5, 0.5, 0.5, 0.5, 0.5, 0.5, 0.5, 0.5, 0.5, 0.5, 0.5, 0.5, 0.5, 0.5, 0.5, 0.5, 0.5, 0.5, 0.5, 0.5, 0.5, 0.5, 0.5, 0.5, 0.5, 0.5, 0.5, 0.5, 0.5, 0.5, 0.5, 0.5, 0.5, 0.5, 0.5, 0.5, 0.5, 0.5, 0.5, 0.5, 0.5, 0.5, 0.5, 0.5, 0.5, 0.5, 0.5, 0.5, 0.5, 0.5, 0.5, 0.5, 0.5, 0.5, 0.5, 0.5, 0.5, 0.5, 0.5, 0.5, 0.5, 0.5, 0.5, 0.5, 0.5, 0.5, 0.5, 0.5, 0.5, 0.5, 0.5, 0.5]",3
2025_11_KICE_32-34_0,['3(2)'],"1번: 대구 표현으로 외양을 묘사하여 대상의 처지를 드러낸다.  
→ ""허리 위로 볼작시면 베적삼이 깃만 남고 / 허리 아래 굽어보니 헌 잠방이 노닥노닥""  
   
2번: 행위의 실행을 가정하여 부정적 전망을 제시한다.  
→ ""[자네] 또한 도망하면 일국 일토 한 인심에 / 근본 숨겨 살려 한들 어데 간들 면할쏜가""  
   
3번: 의문의 표현을 사용하여 상대의 행적에 대해 의심한다.  
→ ""어와 생원인지 초관인지""  
   
4번: 과거와 현재를 대비하여 악화된 처지를 보여 준다.  
→ ""우리 조상 남쪽 양반 진사 급제 계속하여 ... 변방으로 쫓겨 와서""  
   
5번: 구체적 수치를 제시하여 감당하기 힘든 현실을 드러낸다.  
→ ""한 몸 신역 삼 냥 오 전 돈피 두 장 의법이라 / 열두 사람 없는 구실 합쳐 보면 사십육 냥""  
   
최종 정답: 3번","[16, 19613, 25, 10985, 10997, 142948, 9911, 57860, 21902, 3281, 12943, 246, 5537, 31412, 96532, 3408, 48771, 79972, 52850, 13689, 120931, 2276, 13, 4066, 20216, 392, 81104, 4960, 16302, 3710, 84889, 17204, 122919, 76359, 9871, 88728, 2186, 32187, 225, 10452, 42346, 3956, 820, 95087, 4960, 109480, 11938, 121, 5959, 8122, 4110, 56210, 234, 115711, 19090, 2186, 38985, 140618, 21464, 140618, 1, 4066, 10190, 17, 19613, 25, 48744, 14394, 3408, 110963, 3281, 9919, 7329, 31412, 20211, 7329, 9871, 170560, 3281, 14377, 5637, 29423, 13, 4066, 20216, 23317, 5947, 29323, 60, 83808, 27433, 49004, 56791, 18129, 12018, 18129, 24707, 14680, 16876, 25798, 3107, 820, 71124, 23616, 189096, 57444, 53779, 17638, 14680, 8635, 21252, 15547, 53736, 8635, 106696, 13070, 168, 237, 250, 4081, 1, 4066, 10190, 18, 19613, 25, 24099, 177854, 142948, 3281, 27525, 31412, 177200, 3408, 48744, 9871, 3107, 67946, 24099, 25798, 29423, 13, 4066, 20216, 392, 5959, 12753, 22230, 8143, 146164, 50932, 15853, 146164, 1, 4066, 10190, 19, 19613, 25, 43635, 17077, 12753, 72728, 4831, 160735, 31412, 148820, 11049, 17498, 48771, 79972, 103585, 69403, 2276, 13, 4066, 20216, 392, 144799, 21853, 8612, 42346, 60503, 59424, 23099, 31172, 5537, 126252, 8021, 111506, 31412, 2550, 38152, 19090, 9911, 804, 104, 241, 57444, 103238, 4865, 1, 4066, 10190, 20, 19613, 25, 23019, 16238, 9871, 8963, 129865, 14377, 5637, 31412, 35566, 19388, 33181, 79705, 26556, 190015, 3281, 52850, 13689, 120931, 2276, 13, 4066, 20216, 392, 3748, 113321, 24991, 21925, 98643, 147370, 98, 20859, 12946, 117032, 31361, 44922, 32697, 24099, 22070, 39998, 820, 49496, 27708, 34014, 70190, 23019, 17065, 76734, 70032, 138078, 9023, 52140, 39763, 147370, 98, 1, 4066, 10190, 29538, 28755, 14296, 56208, 25, 220, 18, 19613]","[0.5, 0.5, 0.5, 0.5, 0.5, 0.5, 0.5, 0.5, 0.5, 0.5, 0.5, 0.5, 0.5, 0.5, 0.5, 0.5, 0.5, 0.5, 0.5, 0.5, 0.5, 0.5, 0.5, 0.5, 0.5, 0.5, 0.5, 0.5, 0.5, 0.5, 0.5, 0.5, 0.5, 0.5, 0.5, 0.5, 0.5, 0.5, 0.5, 0.5, 0.5, 0.5, 0.5, 0.5, 0.5, 0.5, 0.5, 0.5, 0.5, 0.5, 0.5, 0.5, 0.5, 0.5, 0.5, 0.5, 0.5, 0.5, 0.5, 0.5, 0.5, 0.5, 0.5, 0.5, 0.5, 0.5, 0.5, 0.5, 0.5, 0.5, 0.5, 0.5, 0.5, 0.5, 0.5, 0.5, 0.5, 0.5, 0.5, 0.5, 0.5, 0.5, 0.5, 0.5, 0.5, 0.5, 0.5, 0.5, 0.5, 0.5, 0.5, 0.5, 0.5, 0.5, 0.5, 0.5, 0.5, 0.5, 0.5, 0.5, 0.5, 0.5, 0.5, 0.5, 0.5, 0.5, 0.5, 0.5, 0.5, 0.5, 0.5, 0.5, 0.5, 0.5, 0.5, 0.5, 0.5, 0.5, 0.5, 0.5, 0.5, 0.5, 0.5, 0.5, 0.5, 0.5, 0.5, 0.5, 0.5, 0.5, 0.5, 0.5, 0.5, 0.5, 0.5, 0.5, 0.5, 0.5, 0.5, 0.5, 0.5, 0.5, 0.5, 0.5, 0.5, 0.5, 0.5, 0.5, 0.5, 0.5, 0.5, 0.5, 0.5, 0.5, 0.5, 0.5, 0.5, 0.5, 0.5, 0.5, 0.5, 0.5, 0.5, 0.5, 0.5, 0.5, 0.5, 0.5, 0.5, 0.5, 0.5, 0.5, 0.5, 0.5, 0.5, 0.5, 0.5, 0.5, 0.5, 0.5, 0.5, 0.5, 0.5, 0.5, 0.5, 0.5, 0.5, 0.5, 0.5, 0.5, 0.5, 0.5, 0.5, 0.5, 0.5, 0.5, 0.5, 0.5, 0.5, 0.5, 0.5, 0.5, 0.5, 0.5, 0.5, 0.5, 0.5, 0.5, 0.5, 0.5, 0.5, 0.5, 0.5, 0.5, 0.5, 0.5, 0.5, 0.5, 0.5, 0.5, 0.5, 0.5, 0.5, 0.5, 0.5, 0.5, 0.5, 0.5, 0.5, 0.5, 0.5, 0.5, 0.5, 0.5, 0.5, 0.5, 0.5, 0.5, 0.5, 0.5, 0.5, 0.5, 0.5, 0.5, 0.5, 0.5, 0.5, 0.5, 0.5, 0.5, 0.5, 0.5, 0.5, 0.5, 0.5, 0.5, 0.5, 0.5, 0.5, 0.5, 0.5, 0.5, 0.5, 0.5, 0.5, 0.5, 0.5, 0.5, 0.5, 0.5, 0.5, 0.5]",2
2025_11_KICE_32-34_1,['5(2)'],"1번: ㉠은 인삼을 언급하는 화자가 이주해 가려는 땅에서 재배할 약재이다.  
""(칠팔월에 ㉠인삼 캐고 구시월에 돈피 잡아)""

2번: ㉡은 고기를 언급하는 화자가 말을 건네는 상대에게 노동의 대가로 주는 보상이다.  
""(앞내 고기 뒷내 고기를 다 몽땅 잡아내 다래끼에 넣어 주거든 네 소 궁둥이에 얹어다가 주렴)""

3번: ㉠과 ㉡은 모두, 각각을 언급하는 화자가 유흥을 목적으로 구하려는 물품이다.  
""(칠팔월에 ㉠인삼 캐고 ... 다래끼에 넣어 주거든 ...)""

4번: ㉠과 ㉡은 모두, 각각을 언급하는 화자가 획득하려면 상대의 도움이 필요한 대상이다.  
""(칠팔월에 ㉠인삼 캐고 ... 앞내 고기 ...)""

5번: ㉠과 ㉡은 모두, 각각을 언급하는 화자가 보기에 상대가 했으면 하는 행위의 대상이다.  
""(칠팔월에 ㉠인삼 캐고 ... 다래끼에 넣어 주거든 ...)""

최종 정답: 2번","[16, 19613, 25, 220, 159, 231, 254, 4740, 16876, 88728, 3281, 69163, 28868, 14108, 49585, 65987, 6548, 9273, 5650, 9919, 17638, 2770, 1112, 154813, 11440, 38465, 27798, 13070, 58496, 16012, 24088, 13, 4066, 71649, 133097, 137516, 16070, 3107, 220, 159, 231, 254, 5544, 88728, 113414, 3956, 23019, 5637, 16070, 3107, 117032, 31361, 101050, 7653, 94082, 17, 19613, 25, 220, 159, 231, 94, 4740, 22652, 54668, 69163, 28868, 14108, 49585, 65987, 193025, 43086, 29323, 2770, 177200, 34950, 198168, 3408, 10985, 4081, 3710, 16130, 2770, 13611, 8612, 24088, 13, 4066, 71649, 102282, 13579, 22652, 4283, 1112, 240, 115, 13579, 22652, 54668, 14367, 10222, 121, 167, 154813, 101050, 7653, 13579, 14367, 17132, 95452, 3107, 106423, 5959, 16130, 17077, 26556, 76689, 22183, 157257, 71232, 98, 158170, 13675, 117, 5959, 153598, 16130, 142788, 94082, 18, 19613, 25, 220, 159, 231, 254, 8562, 220, 159, 231, 94, 4740, 67168, 11, 177252, 3281, 69163, 28868, 14108, 49585, 65987, 22748, 118579, 3281, 43878, 34555, 23019, 148918, 2770, 45431, 15321, 24088, 13, 4066, 71649, 133097, 137516, 16070, 3107, 220, 159, 231, 254, 5544, 88728, 113414, 3956, 2550, 14367, 17132, 95452, 3107, 106423, 5959, 16130, 17077, 26556, 2550, 94082, 19, 19613, 25, 220, 159, 231, 254, 8562, 220, 159, 231, 94, 4740, 67168, 11, 177252, 3281, 69163, 28868, 14108, 49585, 65987, 63914, 235, 64328, 148918, 9018, 177200, 3408, 159807, 115077, 96532, 24088, 13, 4066, 71649, 133097, 137516, 16070, 3107, 220, 159, 231, 254, 5544, 88728, 113414, 3956, 2550, 60459, 13579, 22652, 4283, 2550, 94082, 20, 19613, 25, 220, 159, 231, 254, 8562, 220, 159, 231, 94, 4740, 67168, 11, 177252, 3281, 69163, 28868, 14108, 49585, 65987, 13611, 76378, 177200, 4081, 46301, 65510, 43870, 48744, 14394, 3408, 96532, 24088, 13, 4066, 71649, 133097, 137516, 16070, 3107, 220, 159, 231, 254, 5544, 88728, 113414, 3956, 2550, 14367, 17132, 95452, 3107, 106423, 5959, 16130, 17077, 26556, 2550, 94082, 29538, 28755, 14296, 56208, 25, 220, 17, 19613]","[0.5, 0.5, 0.5, 0.5, 0.5, 0.5, 0.5, 0.5, 0.5, 0.5, 0.5, 0.5, 0.5, 0.5, 0.5, 0.5, 0.5, 0.5, 0.5, 0.5, 0.5, 0.5, 0.5, 0.5, 0.5, 0.5, 0.5, 0.5, 0.5, 0.5, 0.5, 0.5, 0.5, 0.5, 0.5, 0.5, 0.5, 0.5, 0.5, 0.5, 0.5, 0.5, 0.5, 0.5, 0.5, 0.5, 0.5, 0.5, 0.5, 0.5, 0.5, 0.5, 0.5, 0.5, 0.5, 0.5, 0.5, 0.5, 0.5, 0.5, 0.5, 0.5, 0.5, 0.5, 0.5, 0.5, 0.5, 0.5, 0.5, 0.5, 0.5, 0.5, 0.5, 0.5, 0.5, 0.5, 0.5, 0.5, 0.5, 0.5, 0.5, 0.5, 0.5, 0.5, 0.5, 0.5, 0.5, 0.5, 0.5, 0.5, 0.5, 0.5, 0.5, 0.5, 0.5, 0.5, 0.5, 0.5, 0.5, 0.5, 0.5, 0.5, 0.5, 0.5, 0.5, 0.5, 0.5, 0.5, 0.5, 0.5, 0.5, 0.5, 0.5, 0.5, 0.5, 0.5, 0.5, 0.5, 0.5, 0.5, 0.5, 0.5, 0.5, 0.5, 0.5, 0.5, 0.5, 0.5, 0.5, 0.5, 0.5, 0.5, 0.5, 0.5, 0.5, 0.5, 0.5, 0.5, 0.5, 0.5, 0.5, 0.5, 0.5, 0.5, 0.5, 0.5, 0.5, 0.5, 0.5, 0.5, 0.5, 0.5, 0.5, 0.5, 0.5, 0.5, 0.5, 0.5, 0.5, 0.5, 0.5, 0.5, 0.5, 0.5, 0.5, 0.5, 0.5, 0.5, 0.5, 0.5, 0.5, 0.5, 0.5, 0.5, 0.5, 0.5, 0.5, 0.5, 0.5, 0.5, 0.5, 0.5, 0.5, 0.5, 0.5, 0.5, 0.5, 0.5, 0.5, 0.5, 0.5, 0.5, 0.5, 0.5, 0.5, 0.5, 0.5, 0.5, 0.5, 0.5, 0.5, 0.5, 0.5, 0.5, 0.5, 0.5, 0.5, 0.5, 0.5, 0.5, 0.5, 0.5, 0.5, 0.5, 0.5, 0.5, 0.5, 0.5, 0.5, 0.5, 0.5, 0.5, 0.5, 0.5, 0.5, 0.5, 0.5, 0.5, 0.5, 0.5, 0.5, 0.5, 0.5, 0.5, 0.5, 0.5, 0.5, 0.5, 0.5, 0.5, 0.5, 0.5, 0.5, 0.5, 0.5, 0.5, 0.5, 0.5, 0.5, 0.5, 0.5, 0.5, 0.5, 0.5, 0.5, 0.5, 0.5, 0.5, 0.5, 0.5, 0.5, 0.5, 0.5, 0.5, 0.5, 0.5, 0.5, 0.5, 0.5, 0.5, 0.5, 0.5, 0.5, 0.5, 0.5, 0.5, 0.5, 0.5, 0.5, 0.5, 0.5, 0.5, 0.5, 0.5, 0.5, 0.5, 0.5, 0.5, 0.5, 0.5, 0.5, 0.5, 0.5, 0.5, 0.5, 0.5, 0.5, 0.5, 0.5, 0.5, 0.5, 0.5, 0.5, 0.5, 0.5, 0.5, 0.5, 0.5, 0.5, 0.5, 0.5, 0.5, 0.5]",0
2025_11_KICE_32-34_2,['2(3)'],"1번: (선택지 1번에 대한 답변) 옳습니다. (가)의 ‘그대’는 ‘자네’에게 현재 겪고 있는 고통과 어려움을 사실적으로 전달하고 있습니다. ""그대'가 '자네'의 선택과 다른 권유를 함으로써 ‘자네’가 풀어낸 사연은, 당시 갑산 백성이 겪었음 직한 고통을 사실적으로 보여 주는군.""

2번: (선택지 2번에 대한 답변) 옳지 않습니다. (가)의 ‘이내’ 말씀은 집안의 내력과 사회적 지위를 언급하지 않으며, 오히려 현실의 어려움을 호소하는 내용입니다. ""‘이내']) 말씀은 집안의 내력과 사회적 지위를 구체적으로 언급하며 사회의 부조리를 해결하자는 입장으로""이라는 선택지는 지문과 일치하지 않습니다.

3번: (선택지 3번에 대한 답변) 옳습니다. (나)에서는 화자의 요청에 대해 ‘우리’의 대답이 예상과 다르게 전개되어 대화가 의외의 상황으로 펼쳐집니다. ""‘우리’가 선행하는 화자의 기대에 어긋난 대답을 하면서 대화가 의외의 상황으로 전개되면서""라는 내용이 지문과 일치합니다.

4번: (선택지 4번에 대한 답변) 옳습니다. (나)에서 ‘고기’를 누구에게 주라고 명시하지 않아 대화의 전개 양상에 초점을 맞추고 있습니다. ""선행하는 화자가 ‘고기’를 누구에게 주라고 하는지 명시하지 않아 불완전한 표현이 된 것은 이 작품이 내용보다 대화의 전개 양상에 주목한다는 것을 드러내는군.""

5번: (선택지 5번에 대한 답변) 옳습니다. (가)에서 ‘그대’는 길 가는 ‘자네’를, (나)에서는 소를 먹이는 ‘아희들’을 부르며 말을 건네고 있어 극 중 장면처럼 보입니다. ""‘그대’는 길 가는 ‘자네’를, (나)의 선행하는 화자는 소 먹이는 ‘아희들’을 불러 말을 건네고 있어 작품의 상황이 극 중 장면처럼 보이는군.""

최종 정답: 2번","[16, 19613, 25, 350, 16857, 29871, 3908, 220, 16, 19613, 3107, 33398, 107393, 35776, 8, 8970, 111, 12020, 13, 350, 4081, 116532, 2476, 11946, 8092, 438, 2770, 2476, 5947, 29323, 438, 34950, 72728, 6345, 103, 3956, 21023, 22652, 22960, 8562, 113907, 196083, 89770, 34555, 137846, 17231, 25824, 13, 392, 11946, 8092, 6, 4081, 461, 5947, 29323, 6, 3408, 64620, 8562, 51484, 86954, 15483, 4831, 35138, 9911, 102717, 2476, 5947, 29323, 438, 4081, 143988, 5959, 120931, 9023, 17097, 4740, 11, 160483, 156987, 17198, 92759, 97731, 6345, 103, 16028, 14862, 48509, 3748, 22652, 22960, 3281, 89770, 34555, 103585, 16130, 2770, 44155, 6635, 17, 19613, 25, 350, 16857, 29871, 3908, 220, 17, 19613, 3107, 33398, 107393, 35776, 8, 8970, 111, 3908, 113243, 13, 350, 4081, 116532, 2476, 2186, 13579, 438, 163129, 4740, 55439, 14307, 3408, 21566, 15873, 8562, 78797, 9871, 12688, 139632, 69163, 28868, 44531, 20359, 53341, 11, 20859, 20357, 17638, 190015, 3408, 113907, 196083, 45676, 11226, 14108, 69634, 27001, 13, 392, 4676, 2186, 13579, 11775, 163129, 4740, 55439, 14307, 3408, 21566, 15873, 8562, 78797, 9871, 12688, 139632, 23019, 16238, 34555, 69163, 28868, 63912, 78797, 3408, 20211, 14844, 66766, 128295, 3131, 79784, 27995, 7681, 9911, 1, 112211, 64620, 68299, 12688, 11397, 8562, 18129, 13426, 44531, 113243, 364, 18, 19613, 25, 350, 16857, 29871, 3908, 220, 18, 19613, 3107, 33398, 107393, 35776, 8, 8970, 111, 12020, 13, 350, 7663, 8, 75367, 49585, 81441, 124094, 3107, 67946, 2476, 144799, 438, 3408, 10985, 56208, 2186, 161088, 8562, 14367, 140344, 12946, 13915, 68657, 10985, 11049, 4081, 24099, 33382, 3408, 85368, 9911, 191141, 70032, 30253, 6479, 13, 392, 4676, 144799, 438, 4081, 24001, 15719, 14108, 49585, 81441, 116716, 3107, 21252, 3285, 233, 26188, 10985, 56208, 3281, 12202, 42856, 10985, 11049, 4081, 24099, 33382, 3408, 85368, 9911, 12946, 13915, 14958, 42856, 1, 83564, 69634, 2186, 12688, 11397, 8562, 18129, 13426, 24490, 364, 19, 19613, 25, 350, 16857, 29871, 3908, 220, 19, 19613, 3107, 33398, 107393, 35776, 8, 8970, 111, 12020, 13, 350, 7663, 8, 11440, 2476, 3956, 4283, 187807, 155209, 34950, 16130, 67328, 51275, 5637, 44531, 188018, 10985, 11049, 3408, 12946, 13915, 59424, 8612, 3107, 50932, 136821, 55640, 32403, 3956, 25824, 13, 392, 16857, 15719, 14108, 49585, 65987, 2476, 3956, 4283, 187807, 155209, 34950, 16130, 67328, 43870, 3908, 51275, 5637, 44531, 188018, 36387, 70633, 9516, 3748, 142948, 2186, 51312, 66371, 6548, 130334, 2186, 69634, 72120, 10985, 11049, 3408, 12946, 13915, 59424, 8612, 3107, 16130, 25816, 29423, 2770, 61738, 52850, 13689, 13579, 2770, 44155, 6635, 20, 19613, 25, 350, 16857, 29871, 3908, 220, 20, 19613, 3107, 33398, 107393, 35776, 8, 8970, 111, 12020, 13, 350, 4081, 8, 11440, 2476, 11946, 8092, 438, 2770, 79918, 9919, 2770, 2476, 5947, 29323, 187807, 11, 350, 7663, 8, 75367, 22183, 4831, 66127, 83872, 2476, 7653, 52388, 8635, 172378, 20211, 20697, 16205, 193025, 43086, 29323, 3956, 60147, 131581, 19078, 32697, 9018, 96221, 13611, 27001, 13, 392, 4676, 11946, 8092, 438, 2770, 79918, 9919, 2770, 2476, 5947, 29323, 187807, 11, 350, 7663, 116532, 24001, 15719, 14108, 49585, 79784, 22183, 66127, 83872, 2476, 7653, 52388, 8635, 172378, 36387, 13689, 193025, 43086, 29323, 3956, 60147, 130334, 3408, 85368, 2186, 131581, 19078, 32697, 9018, 96221, 13611, 83872, 44155, 6635, 29538, 28755, 14296, 56208, 25, 220, 17, 19613]","[0.5, 0.5, 0.5, 0.5, 0.5, 0.5, 0.5, 0.5, 0.5, 0.5, 0.5, 0.5, 0.5, 0.5, 0.5, 0.5, 0.5, 0.5, 0.5, 0.5, 0.5, 0.5, 0.5, 0.5, 0.5, 0.5, 0.5, 0.5, 0.5, 0.5, 0.5, 0.5, 0.5, 0.5, 0.5, 0.5, 0.5, 0.5, 0.5, 0.5, 0.5, 0.5, 0.5, 0.5, 0.5, 0.5, 0.5, 0.5, 0.5, 0.5, 0.5, 0.5, 0.5, 0.5, 0.5, 0.5, 0.5, 0.5, 0.5, 0.5, 0.5, 0.5, 0.5, 0.5, 0.5, 0.5, 0.5, 0.5, 0.5, 0.5, 0.5, 0.5, 0.5, 0.5, 0.5, 0.5, 0.5, 0.5, 0.5, 0.5, 0.5, 0.5, 0.5, 0.5, 0.5, 0.5, 0.5, 0.5, 0.5, 0.5, 0.5, 0.5, 0.5, 0.5, 0.5, 0.5, 0.5, 0.5, 0.5, 0.5, 0.5, 0.5, 0.5, 0.5, 0.5, 0.5, 0.5, 0.5, 0.5, 0.5, 0.5, 0.5, 0.5, 0.5, 0.5, 0.5, 0.5, 0.5, 0.5, 0.5, 0.5, 0.5, 0.5, 0.5, 0.5, 0.5, 0.5, 0.5, 0.5, 0.5, 0.5, 0.5, 0.5, 0.5, 0.5, 0.5, 0.5, 0.5, 0.5, 0.5, 0.5, 0.5, 0.5, 0.5, 0.5, 0.5, 0.5, 0.5, 0.5, 0.5, 0.5, 0.5, 0.5, 0.5, 0.5, 0.5, 0.5, 0.5, 0.5, 0.5, 0.5, 0.5, 0.5, 0.5, 0.5, 0.5, 0.5, 0.5, 0.5, 0.5, 0.5, 0.5, 0.5, 0.5, 0.5, 0.5, 0.5, 0.5, 0.5, 0.5, 0.5, 0.5, 0.5, 0.5, 0.5, 0.5, 0.5, 0.5, 0.5, 0.5, 0.5, 0.5, 0.5, 0.5, 0.5, 0.5, 0.5, 0.5, 0.5, 0.5, 0.5, 0.5, 0.5, 0.5, 0.5, 0.5, 0.5, 0.5, 0.5, 0.5, 0.5, 0.5, 0.5, 0.5, 0.5, 0.5, 0.5, 0.5, 0.5, 0.5, 0.5, 0.5, 0.5, 0.5, 0.5, 0.5, 0.5, 0.5, 0.5, 0.5, 0.5, 0.5, 0.5, 0.5, 0.5, 0.5, 0.5, 0.5, 0.5, 0.5, 0.5, 0.5, 0.5, 0.5, 0.5, 0.5, 0.5, 0.5, 0.5, 0.5, 0.5, 0.5, 0.5, 0.5, 0.5, 0.5, 0.5, 0.5, 0.5, 0.5, 0.5, 0.5, 0.5, 0.5, 0.5, 0.5, 0.5, 0.5, 0.5, 0.5, 0.5, 0.5, 0.5, 0.5, 0.5, 0.5, 0.5, 0.5, 0.5, 0.5, 0.5, 0.5, 0.5, 0.5, 0.5, 0.5, 0.5, 0.5, 0.5, 0.5, 0.5, 0.5, 0.5, 0.5, 0.5, 0.5, 0.5, 0.5, 0.5, 0.5, 0.5, 0.5, 0.5, 0.5, 0.5, 0.5, 0.5, 0.5, 0.5, 0.5, 0.5, 0.5, 0.5, 0.5, 0.5, 0.5, 0.5, 0.5, 0.5, 0.5, 0.5, 0.5, 0.5, 0.5, 0.5, 0.5, 0.5, 0.5, 0.5, 0.5, 0.5, 0.5, 0.5, 0.5, 0.5, 0.5, 0.5, 0.5, 0.5, 0.5, 0.5, 0.5, 0.5, 0.5, 0.5, 0.5, 0.5, 0.5, 0.5, 0.5, 0.5, 0.5, 0.5, 0.5, 0.5, 0.5, 0.5, 0.5, 0.5, 0.5, 0.5, 0.5, 0.5, 0.5, 0.5, 0.5, 0.5, 0.5, 0.5, 0.5, 0.5, 0.5, 0.5, 0.5, 0.5, 0.5, 0.5, 0.5, 0.5, 0.5, 0.5, 0.5, 0.5, 0.5, 0.5, 0.5, 0.5, 0.5, 0.5, 0.5, 0.5, 0.5, 0.5, 0.5, 0.5, 0.5, 0.5, 0.5, 0.5, 0.5, 0.5, 0.5, 0.5, 0.5, 0.5, 0.5, 0.5, 0.5, 0.5, 0.5, 0.5, 0.5, 0.5, 0.5, 0.5, 0.5, 0.5, 0.5, 0.5, 0.5, 0.5, 0.5, 0.5, 0.5, 0.5, 0.5, 0.5, 0.5, 0.5, 0.5, 0.5, 0.5, 0.5, 0.5, 0.5, 0.5, 0.5, 0.5, 0.5, 0.5, 0.5, 0.5, 0.5, 0.5, 0.5, 0.5, 0.5, 0.5, 0.5, 0.5, 0.5, 0.5, 0.5, 0.5, 0.5, 0.5, 0.5, 0.5, 0.5, 0.5, 0.5, 0.5, 0.5, 0.5, 0.5, 0.5, 0.5, 0.5, 0.5, 0.5, 0.5, 0.5, 0.5, 0.5, 0.5, 0.5, 0.5, 0.5, 0.5, 0.5, 0.5, 0.5, 0.5, 0.5, 0.5, 0.5, 0.5, 0.5, 0.5, 0.5, 0.5, 0.5, 0.5, 0.5, 0.5, 0.5, 0.5, 0.5, 0.5, 0.5, 0.5, 0.5, 0.5, 0.5, 0.5, 0.5, 0.5, 0.5, 0.5, 0.5, 0.5, 0.5, 0.5, 0.5, 0.5, 0.5, 0.5, 0.5, 0.5, 0.5, 0.5, 0.5, 0.5, 0.5, 0.5, 0.5, 0.5, 0.5]",3
2025_11_KICE_35-37_0,['2(2)'],"1번: 비언어적 표현을 활용하여 청중의 행동 변화를 요구하고 있다. + ""번식을 위해 곤충을 속이는 식물도 있다는 걸 아시나요? (청중 을 둘러보며) 거의 모르시는군요.""

2번: 발표 내용과 관련한 질문을 하여 청중의 배경지식을 확인하고 있다. + ""번식을 위해 곤충을 속이는 식물도 있다는 걸 아시나요?""

3번: 낯선 용어의 개념을 정의하여 발표 내용에 대한 청중의 이해를 돕고 있다. + ""수염틸란드시아는 잎에 있는 비늘처럼 생긴 털을 통해 공기에 있는 양분과 수분을 얻는답니다.""

4번: 발표 중간중간에 앞서 언급한 주요 내용을 요약하여 주제를 강조하고 있다. + ""식물이 살아가는 모습, 신기하지 않나요?""

5번: 청중이 발표 내용을 통해 얻을 수 있는 효용을 제시하며 화제를 전환하고 있다. + ""제 발표가 여러분의 상식을 넓히는 데 도움이 되었기를 바랍니다.""

최종 정답: 2번","[16, 19613, 25, 22643, 41676, 5959, 9871, 142948, 3281, 100036, 31412, 63718, 19684, 3408, 188453, 38152, 92273, 134582, 17231, 20597, 13, 659, 392, 19613, 104508, 35817, 8721, 97, 76122, 3281, 58785, 83872, 69657, 19948, 5827, 120608, 68511, 12652, 5637, 151413, 30, 350, 25716, 19684, 132415, 136539, 13689, 8122, 16205, 8, 162073, 171821, 97868, 44155, 7952, 6635, 17, 19613, 25, 111508, 69634, 8562, 60286, 3748, 138858, 3281, 12202, 11423, 63718, 19684, 3408, 33628, 15056, 3908, 104508, 54799, 17231, 20597, 13, 659, 392, 19613, 104508, 35817, 8721, 97, 76122, 3281, 58785, 83872, 69657, 19948, 5827, 120608, 68511, 12652, 5637, 151413, 37951, 18, 19613, 25, 9046, 107, 16857, 82342, 5959, 3408, 21945, 80656, 3281, 153254, 31412, 111508, 69634, 3107, 33398, 63718, 19684, 3408, 114840, 4831, 13016, 243, 3956, 20597, 13, 659, 392, 7820, 78960, 22487, 116, 43514, 9389, 93121, 2770, 4068, 236, 3107, 21023, 22643, 44635, 96221, 22230, 79340, 113719, 116, 3281, 45052, 19010, 76378, 21023, 59424, 15567, 8562, 8963, 15567, 3281, 104471, 2770, 56208, 6479, 6635, 19, 19613, 25, 111508, 19078, 12780, 19684, 12780, 3107, 60459, 4865, 69163, 28868, 3748, 124704, 184103, 38257, 25941, 31412, 16130, 166160, 180435, 17231, 20597, 13, 659, 392, 17087, 195357, 154989, 93077, 93284, 11, 24991, 4283, 44531, 20359, 151413, 37951, 20, 19613, 25, 63718, 19684, 2186, 111508, 184103, 45052, 104471, 3281, 8963, 21023, 78324, 8423, 3281, 14377, 5637, 63912, 49585, 166160, 12946, 29403, 17231, 20597, 13, 659, 392, 8021, 111508, 4081, 180115, 3408, 18597, 104508, 26057, 241, 20357, 2770, 40237, 159807, 172786, 54668, 134957, 6635, 29538, 28755, 14296, 56208, 25, 220, 17, 19613]","[0.5, 0.5, 0.5, 0.5, 0.5, 0.5, 0.5, 0.5, 0.5, 0.5, 0.5, 0.5, 0.5, 0.5, 0.5, 0.5, 0.5, 0.5, 0.5, 0.5, 0.5, 0.5, 0.5, 0.5, 0.5, 0.5, 0.5, 0.5, 0.5, 0.5, 0.5, 0.5, 0.5, 0.5, 0.5, 0.5, 0.5, 0.5, 0.5, 0.5, 0.5, 0.5, 0.5, 0.5, 0.5, 0.5, 0.5, 0.5, 0.5, 0.5, 0.5, 0.5, 0.5, 0.5, 0.5, 0.5, 0.5, 0.5, 0.5, 0.5, 0.5, 0.5, 0.5, 0.5, 0.5, 0.5, 0.5, 0.5, 0.5, 0.5, 0.5, 0.5, 0.5, 0.5, 0.5, 0.5, 0.5, 0.5, 0.5, 0.5, 0.5, 0.5, 0.5, 0.5, 0.5, 0.5, 0.5, 0.5, 0.5, 0.5, 0.5, 0.5, 0.5, 0.5, 0.5, 0.5, 0.5, 0.5, 0.5, 0.5, 0.5, 0.5, 0.5, 0.5, 0.5, 0.5, 0.5, 0.5, 0.5, 0.5, 0.5, 0.5, 0.5, 0.5, 0.5, 0.5, 0.5, 0.5, 0.5, 0.5, 0.5, 0.5, 0.5, 0.5, 0.5, 0.5, 0.5, 0.5, 0.5, 0.5, 0.5, 0.5, 0.5, 0.5, 0.5, 0.5, 0.5, 0.5, 0.5, 0.5, 0.5, 0.5, 0.5, 0.5, 0.5, 0.5, 0.5, 0.5, 0.5, 0.5, 0.5, 0.5, 0.5, 0.5, 0.5, 0.5, 0.5, 0.5, 0.5, 0.5, 0.5, 0.5, 0.5, 0.5, 0.5, 0.5, 0.5, 0.5, 0.5, 0.5, 0.5, 0.5, 0.5, 0.5, 0.5, 0.5, 0.5, 0.5, 0.5, 0.5, 0.5, 0.5, 0.5, 0.5, 0.5, 0.5, 0.5, 0.5, 0.5, 0.5, 0.5, 0.5, 0.5, 0.5, 0.5, 0.5, 0.5, 0.5, 0.5, 0.5, 0.5, 0.5, 0.5, 0.5, 0.5, 0.5, 0.5, 0.5, 0.5, 0.5, 0.5, 0.5, 0.5, 0.5, 0.5, 0.5, 0.5, 0.5, 0.5, 0.5, 0.5, 0.5, 0.5, 0.5, 0.5, 0.5, 0.5, 0.5, 0.5, 0.5, 0.5, 0.5, 0.5, 0.5, 0.5, 0.5, 0.5, 0.5, 0.5, 0.5, 0.5, 0.5, 0.5, 0.5, 0.5, 0.5, 0.5, 0.5, 0.5, 0.5, 0.5, 0.5, 0.5, 0.5, 0.5, 0.5]",2
2025_11_KICE_35-37_1,['4(2)'],"1번: ㉠은 사진 속 식물이 숙주에 기생하여 양분을 얻는다는 것을 설명하는 데에 활용되었다. (""꽃만으로는 광합성을 할 수 없기 때문에 숙주인 덩굴 식물에 기생하여 양분을 흡수한답니다."")

2번: ㉡은 사진 속 식물의 공기뿌리가 하는 역할을 설명하는 데에 활용되었다. (""수염틸란드시아는 잎에 있는 비늘처럼 생긴 털을 통해 공기에 있는 양분과 수분을 얻는답니다."")

3번: ㉢은 사진 속 식물의 잎에 있는 털의 기능을 설명하는 데에 활용되었다. (""수염틸란드시아는 잎에 있는 비늘처럼 생긴 털을 통해 공기에 있는 양분과 수분을 얻는답니다."")

4번: ㉣은 동영상 속 식물의 꽃이 작고 잎에 가려져 있는 이유를 설명하는 데에 활용되었다. (""잎을 꽃처럼 보이게 해서 곤충을 유인하고 번식에 이용하는 것이죠."")

5번: ㉤은 사진 속 식물의 꽃송이가 낱낱의 꽃들이 한데 모여 이루어져 있다는 내용을 설명하는 데에 활용되었다. (""해바라기 꽃의 가운데 갈색 부분은 아주 많은 꽃들이 모여 있는 거예요."")

최종 정답: 4번","[16, 19613, 25, 220, 159, 231, 254, 4740, 84056, 58785, 69657, 195357, 143972, 9273, 3107, 11061, 16785, 31412, 59424, 15567, 3281, 104471, 2770, 53957, 61738, 89157, 14108, 40237, 3107, 100036, 14958, 35590, 13, 7109, 153006, 10452, 9911, 2770, 75306, 13405, 77322, 32058, 8963, 20286, 4283, 62937, 143972, 9273, 5544, 17810, 102, 90501, 69657, 19948, 3107, 11061, 16785, 31412, 59424, 15567, 3281, 48290, 94, 7820, 3748, 56208, 6479, 79197, 17, 19613, 25, 220, 159, 231, 94, 4740, 84056, 58785, 69657, 19948, 3408, 19010, 4283, 167, 123, 234, 93614, 43870, 140300, 3281, 89157, 14108, 40237, 3107, 100036, 14958, 35590, 13, 7109, 7820, 78960, 22487, 116, 43514, 9389, 93121, 2770, 4068, 236, 3107, 21023, 22643, 44635, 96221, 22230, 79340, 113719, 116, 3281, 45052, 19010, 76378, 21023, 59424, 15567, 8562, 8963, 15567, 3281, 104471, 2770, 56208, 6479, 79197, 18, 19613, 25, 220, 159, 231, 95, 4740, 84056, 58785, 69657, 19948, 3408, 4068, 236, 3107, 21023, 113719, 116, 3408, 86567, 3281, 89157, 14108, 40237, 3107, 100036, 14958, 35590, 13, 7109, 7820, 78960, 22487, 116, 43514, 9389, 93121, 2770, 4068, 236, 3107, 21023, 22643, 44635, 96221, 22230, 79340, 113719, 116, 3281, 45052, 19010, 76378, 21023, 59424, 15567, 8562, 8963, 15567, 3281, 104471, 2770, 56208, 6479, 79197, 19, 19613, 25, 220, 159, 231, 96, 4740, 27997, 158365, 58785, 69657, 19948, 3408, 199383, 2186, 31389, 3956, 4068, 236, 3107, 9919, 17638, 42614, 21023, 89527, 4831, 89157, 14108, 40237, 3107, 100036, 14958, 35590, 13, 7109, 2435, 236, 3281, 199383, 96221, 13611, 2186, 7996, 190445, 8721, 97, 76122, 3281, 22748, 5544, 17231, 51133, 17087, 3107, 49647, 14108, 46947, 77715, 79197, 20, 19613, 25, 220, 159, 231, 97, 4740, 84056, 58785, 69657, 19948, 3408, 199383, 31418, 141841, 9046, 109, 4425, 109, 3408, 199383, 33135, 14680, 15547, 16369, 11423, 140381, 5959, 42614, 120608, 184103, 89157, 14108, 40237, 3107, 100036, 14958, 35590, 13, 7109, 5650, 16648, 6663, 4283, 199383, 3408, 145488, 115316, 31406, 90419, 4740, 158142, 55136, 199383, 33135, 16369, 11423, 21023, 29929, 29138, 7952, 79197, 29538, 28755, 14296, 56208, 25, 220, 19, 19613]","[0.5, 0.5, 0.5, 0.5, 0.5, 0.5, 0.5, 0.5, 0.5, 0.5, 0.5, 0.5, 0.5, 0.5, 0.5, 0.5, 0.5, 0.5, 0.5, 0.5, 0.5, 0.5, 0.5, 0.5, 0.5, 0.5, 0.5, 0.5, 0.5, 0.5, 0.5, 0.5, 0.5, 0.5, 0.5, 0.5, 0.5, 0.5, 0.5, 0.5, 0.5, 0.5, 0.5, 0.5, 0.5, 0.5, 0.5, 0.5, 0.5, 0.5, 0.5, 0.5, 0.5, 0.5, 0.5, 0.5, 0.5, 0.5, 0.5, 0.5, 0.5, 0.5, 0.5, 0.5, 0.5, 0.5, 0.5, 0.5, 0.5, 0.5, 0.5, 0.5, 0.5, 0.5, 0.5, 0.5, 0.5, 0.5, 0.5, 0.5, 0.5, 0.5, 0.5, 0.5, 0.5, 0.5, 0.5, 0.5, 0.5, 0.5, 0.5, 0.5, 0.5, 0.5, 0.5, 0.5, 0.5, 0.5, 0.5, 0.5, 0.5, 0.5, 0.5, 0.5, 0.5, 0.5, 0.5, 0.5, 0.5, 0.5, 0.5, 0.5, 0.5, 0.5, 0.5, 0.5, 0.5, 0.5, 0.5, 0.5, 0.5, 0.5, 0.5, 0.5, 0.5, 0.5, 0.5, 0.5, 0.5, 0.5, 0.5, 0.5, 0.5, 0.5, 0.5, 0.5, 0.5, 0.5, 0.5, 0.5, 0.5, 0.5, 0.5, 0.5, 0.5, 0.5, 0.5, 0.5, 0.5, 0.5, 0.5, 0.5, 0.5, 0.5, 0.5, 0.5, 0.5, 0.5, 0.5, 0.5, 0.5, 0.5, 0.5, 0.5, 0.5, 0.5, 0.5, 0.5, 0.5, 0.5, 0.5, 0.5, 0.5, 0.5, 0.5, 0.5, 0.5, 0.5, 0.5, 0.5, 0.5, 0.5, 0.5, 0.5, 0.5, 0.5, 0.5, 0.5, 0.5, 0.5, 0.5, 0.5, 0.5, 0.5, 0.5, 0.5, 0.5, 0.5, 0.5, 0.5, 0.5, 0.5, 0.5, 0.5, 0.5, 0.5, 0.5, 0.5, 0.5, 0.5, 0.5, 0.5, 0.5, 0.5, 0.5, 0.5, 0.5, 0.5, 0.5, 0.5, 0.5, 0.5, 0.5, 0.5, 0.5, 0.5, 0.5, 0.5, 0.5, 0.5, 0.5, 0.5, 0.5, 0.5, 0.5, 0.5, 0.5, 0.5, 0.5, 0.5, 0.5, 0.5, 0.5, 0.5, 0.5, 0.5, 0.5, 0.5, 0.5, 0.5, 0.5, 0.5, 0.5, 0.5, 0.5, 0.5, 0.5, 0.5, 0.5, 0.5, 0.5, 0.5, 0.5, 0.5, 0.5, 0.5, 0.5, 0.5, 0.5, 0.5, 0.5, 0.5, 0.5, 0.5, 0.5, 0.5, 0.5, 0.5, 0.5, 0.5, 0.5, 0.5, 0.5, 0.5, 0.5, 0.5, 0.5, 0.5, 0.5, 0.5, 0.5, 0.5, 0.5, 0.5, 0.5, 0.5, 0.5, 0.5, 0.5, 0.5, 0.5, 0.5, 0.5, 0.5, 0.5, 0.5, 0.5, 0.5, 0.5, 0.5, 0.5, 0.5, 0.5, 0.5, 0.5, 0.5, 0.5, 0.5, 0.5, 0.5, 0.5, 0.5, 0.5, 0.5, 0.5, 0.5, 0.5, 0.5, 0.5, 0.5, 0.5]",2
2025_11_KICE_35-37_2,['3(2)'],"1번: ‘학생1’은 발표 내용과 관련하여 자신의 기억을 떠올리고 있다.  
→ ""학생1 : 오늘 발표에 나온 라플레시아에 대한 내용을 인터넷에서 본 적이 있어.""

2번: ‘학생2’는 자신이 이해한 내용이 맞는지 상대에게 확인하고 있다.  
→ ""학생2 : 그래? 1 m나 되는 큰 꽃이 악취를 풍기면 엄청나겠는걸? 근데 수염틸란드시아는 다른 식물에 기생하는 건 아니라는 거지?""

3번: ‘학생1’의 의문에 대해, ‘학생2’는 발표에서 제공하지 않은 내용을 추론하고 있다.  
→ ""학생2 : 나도 그랬어. 그 부분에 대한 설명이 있었으면 더 좋았을 텐데. 수염틸란드시아가 번식을 어떻게 하는지 찾아봐야겠어.""

4번: ‘학생1’과 ‘학생2’는 모두, 발표에서 궁금한 내용이 다뤄지지 않았음을 아쉬워하고 있다.  
→ ""학생1 : 응, 맞아. 나는 수염틸란드시아가 어떻게 번식하는지 알고 싶었는데 그 내용이 없어서 아쉬웠어.""  
""학생2 : 나도 그랬어. 그 부분에 대한 설명이 있었으면 더 좋았을 텐데.""

5번: ‘학생1’과 달리, ‘학생2’는 발표 내용 외의 추가적인 정보를 탐색하려 하고 있다.  
→ ""학생2 : 수염틸란드시아가 번식을 어떻게 하는지 찾아봐야겠어.""

최종 정답: 3번","[16, 19613, 25, 2476, 191314, 16, 438, 4740, 111508, 69634, 8562, 60286, 31412, 112289, 163448, 3281, 119692, 52484, 44978, 20597, 13, 4066, 20216, 392, 191314, 16, 712, 106820, 111508, 3107, 185909, 55808, 36879, 20876, 93121, 3107, 33398, 184103, 132967, 11440, 51822, 36675, 2186, 60147, 6635, 17, 19613, 25, 2476, 191314, 17, 438, 2770, 62159, 2186, 114840, 3748, 69634, 2186, 55640, 2770, 3908, 177200, 34950, 54799, 17231, 20597, 13, 4066, 20216, 392, 191314, 17, 712, 88297, 30, 220, 16, 284, 7663, 107081, 70792, 199383, 2186, 148820, 66469, 4831, 141611, 4283, 9018, 115580, 25716, 7663, 35161, 2770, 59762, 30, 71124, 15547, 8963, 78960, 22487, 116, 43514, 9389, 93121, 2770, 51484, 69657, 19948, 3107, 11061, 16785, 14108, 43086, 77380, 2770, 29929, 3908, 37951, 18, 19613, 25, 2476, 191314, 16, 438, 3408, 24099, 11397, 3107, 67946, 11, 2476, 191314, 17, 438, 2770, 111508, 11440, 50681, 44531, 100051, 184103, 28912, 39168, 17231, 20597, 13, 4066, 20216, 392, 191314, 17, 712, 17743, 5827, 10599, 6846, 105, 5959, 13, 10599, 90419, 3107, 33398, 89157, 2186, 103125, 65510, 28526, 32077, 30737, 3281, 57901, 238, 15547, 13, 8963, 78960, 22487, 116, 43514, 9389, 93121, 4081, 51133, 104508, 97906, 43870, 3908, 103089, 120373, 15494, 35161, 5959, 6635, 19, 19613, 25, 2476, 191314, 16, 438, 8562, 2476, 191314, 17, 438, 2770, 67168, 11, 111508, 11440, 157257, 16668, 3748, 69634, 2186, 14367, 186971, 226, 3908, 3908, 120180, 147373, 12652, 113898, 33771, 17231, 20597, 13, 4066, 20216, 392, 191314, 16, 712, 110739, 11, 55640, 7653, 13, 112252, 8963, 78960, 22487, 116, 43514, 9389, 93121, 4081, 97906, 51133, 17087, 14108, 3908, 126910, 65727, 16028, 51065, 10599, 69634, 2186, 20286, 113389, 12652, 113898, 157454, 5959, 3692, 4066, 1, 191314, 17, 712, 17743, 5827, 10599, 6846, 105, 5959, 13, 10599, 90419, 3107, 33398, 89157, 2186, 103125, 65510, 28526, 32077, 30737, 3281, 57901, 238, 15547, 6635, 20, 19613, 25, 2476, 191314, 16, 438, 8562, 48326, 4960, 11, 2476, 191314, 17, 438, 2770, 111508, 69634, 57860, 3408, 65110, 31763, 125710, 191323, 31406, 148918, 67657, 20597, 13, 4066, 20216, 392, 191314, 17, 712, 8963, 78960, 22487, 116, 43514, 9389, 93121, 4081, 51133, 104508, 97906, 43870, 3908, 103089, 120373, 15494, 35161, 5959, 6635, 29538, 28755, 14296, 56208, 25, 220, 18, 19613]","[0.5, 0.5, 0.5, 0.5, 0.5, 0.5, 0.5, 0.5, 0.5, 0.5, 0.5, 0.5, 0.5, 0.5, 0.5, 0.5, 0.5, 0.5, 0.5, 0.5, 0.5, 0.5, 0.5, 0.5, 0.5, 0.5, 0.5, 0.5, 0.5, 0.5, 0.5, 0.5, 0.5, 0.5, 0.5, 0.5, 0.5, 0.5, 0.5, 0.5, 0.5, 0.5, 0.5, 0.5, 0.5, 0.5, 0.5, 0.5, 0.5, 0.5, 0.5, 0.5, 0.5, 0.5, 0.5, 0.5, 0.5, 0.5, 0.5, 0.5, 0.5, 0.5, 0.5, 0.5, 0.5, 0.5, 0.5, 0.5, 0.5, 0.5, 0.5, 0.5, 0.5, 0.5, 0.5, 0.5, 0.5, 0.5, 0.5, 0.5, 0.5, 0.5, 0.5, 0.5, 0.5, 0.5, 0.5, 0.5, 0.5, 0.5, 0.5, 0.5, 0.5, 0.5, 0.5, 0.5, 0.5, 0.5, 0.5, 0.5, 0.5, 0.5, 0.5, 0.5, 0.5, 0.5, 0.5, 0.5, 0.5, 0.5, 0.5, 0.5, 0.5, 0.5, 0.5, 0.5, 0.5, 0.5, 0.5, 0.5, 0.5, 0.5, 0.5, 0.5, 0.5, 0.5, 0.5, 0.5, 0.5, 0.5, 0.5, 0.5, 0.5, 0.5, 0.5, 0.5, 0.5, 0.5, 0.5, 0.5, 0.5, 0.5, 0.5, 0.5, 0.5, 0.5, 0.5, 0.5, 0.5, 0.5, 0.5, 0.5, 0.5, 0.5, 0.5, 0.5, 0.5, 0.5, 0.5, 0.5, 0.5, 0.5, 0.5, 0.5, 0.5, 0.5, 0.5, 0.5, 0.5, 0.5, 0.5, 0.5, 0.5, 0.5, 0.5, 0.5, 0.5, 0.5, 0.5, 0.5, 0.5, 0.5, 0.5, 0.5, 0.5, 0.5, 0.5, 0.5, 0.5, 0.5, 0.5, 0.5, 0.5, 0.5, 0.5, 0.5, 0.5, 0.5, 0.5, 0.5, 0.5, 0.5, 0.5, 0.5, 0.5, 0.5, 0.5, 0.5, 0.5, 0.5, 0.5, 0.5, 0.5, 0.5, 0.5, 0.5, 0.5, 0.5, 0.5, 0.5, 0.5, 0.5, 0.5, 0.5, 0.5, 0.5, 0.5, 0.5, 0.5, 0.5, 0.5, 0.5, 0.5, 0.5, 0.5, 0.5, 0.5, 0.5, 0.5, 0.5, 0.5, 0.5, 0.5, 0.5, 0.5, 0.5, 0.5, 0.5, 0.5, 0.5, 0.5, 0.5, 0.5, 0.5, 0.5, 0.5, 0.5, 0.5, 0.5, 0.5, 0.5, 0.5, 0.5, 0.5, 0.5, 0.5, 0.5, 0.5, 0.5, 0.5, 0.5, 0.5, 0.5, 0.5, 0.5, 0.5, 0.5, 0.5, 0.5, 0.5, 0.5, 0.5, 0.5, 0.5, 0.5, 0.5, 0.5, 0.5, 0.5, 0.5, 0.5, 0.5, 0.5, 0.5, 0.5, 0.5, 0.5, 0.5, 0.5, 0.5, 0.5, 0.5, 0.5, 0.5, 0.5, 0.5, 0.5, 0.5, 0.5, 0.5, 0.5, 0.5, 0.5, 0.5, 0.5, 0.5, 0.5, 0.5, 0.5, 0.5, 0.5, 0.5, 0.5, 0.5, 0.5, 0.5, 0.5, 0.5, 0.5, 0.5, 0.5, 0.5, 0.5, 0.5, 0.5, 0.5, 0.5, 0.5, 0.5, 0.5, 0.5, 0.5, 0.5, 0.5, 0.5, 0.5, 0.5, 0.5, 0.5, 0.5, 0.5, 0.5, 0.5, 0.5, 0.5, 0.5, 0.5, 0.5, 0.5, 0.5, 0.5]",2
2025_11_KICE_38-42_0,['4(2)'],"문제를 해결하기 위해 각 선택지와 해당 지문 내용을 분석해 보겠습니다.

1번: ㉠: 상대가 언급한 내용에 대해 관련 정보를 요청하고 있다.
- **설명:** 학생2는 학생1에게 교가 가사를 왜 바꿨는지에 대해 묻고 있습니다. 이는 상대의 언급한 내용에 대해 추가 정보를 요청하는 것입니다.
- **근거:** ""학생2 : ㉠[처음 들어보는데, 교가 가사를 왜 바꾼 거야?](㉠에 해당하는 내용)""

2번: ㉡: 상대의 생각에 수긍한 후 자신의 경험을 제시하고 있다.
- **설명:** 학생2는 학생3의 의견에 동의하며 자신이 느낀 불편함을 추가로 언급하고 있습니다.
- **근거:** ""학생2 : ㉡[맞아. 등교할 때 교훈을 보면 마음이 좀 불편하더라. ](㉡에 해당하는 내용)""

3번: ㉢: 상대의 견해를 바탕으로 기존의 인식을 전환하고 있다.
- **설명:** 학생1은 이전에 괜찮다고 생각했던 교훈에 대한 자신의 생각을 변화시키고 있습니다.
- **근거:** ""학생1 : ㉢[나는 우리 학교 교훈이 괜찮다고 생각했는데, 듣고 보니 바꿔야겠다는 생각이 들어. ...]""

4번: ㉣: 상대가 제시한 대안에 대해 문제를 제기하고 있다.
- **설명:** 학생3은 교훈 변경의 필요성과 효과를 알리는 것이 중요하다고 언급하며, 이는 대안을 제시하거나 문제를 제기하는 것이 아닙니다.
- **근거:** ""학생3 : ㉣[교훈 변경이 왜 필요하고 어떤 효과가 있는지 알리는 것도 중요하겠지?](㉣에 해당하는 내용)""

5번: ㉤: 상대의 생각과 다른 자신의 의견을 제안하고 있다.
- **설명:** 학생3은 교훈을 미리 제안받으면 오해가 생길 수 있으므로 해당 내용을 빼자는 의견을 제안하고 있습니다.
- **근거:** ""학생3 : ㉤[교훈을 미리 제안받으면 교훈 변경이 확정된 것처럼 오해할 수 있으니 그 내용은 빼는 게 어때?](㉤에 해당하는 내용)""

**최종 정답:** 4번","[11397, 166160, 128295, 33181, 35817, 57106, 64620, 3908, 12753, 85127, 12688, 11397, 184103, 101169, 5650, 13611, 105216, 364, 16, 19613, 25, 220, 159, 231, 254, 25, 177200, 4081, 69163, 28868, 3748, 69634, 3107, 67946, 60286, 125710, 124094, 17231, 20597, 558, 12, 6240, 23955, 14822, 142760, 107850, 17, 2770, 107850, 16, 34950, 35054, 4081, 9919, 67693, 120367, 22796, 166, 123, 101, 2770, 3908, 3107, 67946, 12943, 119, 3956, 25824, 13, 164439, 177200, 3408, 69163, 28868, 3748, 69634, 3107, 67946, 65110, 125710, 124094, 14108, 86424, 558, 12, 6240, 32481, 17077, 142760, 392, 191314, 17, 712, 220, 159, 231, 254, 58, 27763, 14862, 57217, 8122, 51065, 11, 35054, 4081, 9919, 67693, 120367, 22796, 166, 122, 120, 29929, 15494, 30, 20614, 159, 231, 254, 3107, 85127, 14108, 69634, 94082, 17, 19613, 25, 220, 159, 231, 94, 25, 177200, 3408, 45341, 3107, 8963, 3285, 235, 3748, 32624, 112289, 114437, 3281, 14377, 5637, 17231, 20597, 558, 12, 6240, 23955, 14822, 142760, 107850, 17, 2770, 107850, 18, 3408, 171739, 3107, 27997, 3408, 63912, 62159, 2186, 68324, 4425, 222, 36387, 34027, 26077, 3281, 65110, 3710, 69163, 28868, 17231, 25824, 558, 12, 6240, 32481, 17077, 142760, 392, 191314, 17, 712, 220, 159, 231, 94, 58, 94595, 7653, 13, 18651, 20130, 13070, 23553, 35054, 107108, 3281, 138078, 80837, 2186, 107894, 36387, 34027, 3131, 22463, 6663, 13, 6045, 7, 159, 231, 94, 3107, 85127, 14108, 69634, 94082, 18, 19613, 25, 220, 159, 231, 95, 25, 177200, 3408, 164106, 5650, 4831, 22796, 122697, 9911, 136125, 3408, 16876, 104508, 12946, 29403, 17231, 20597, 558, 12, 6240, 23955, 14822, 142760, 107850, 16, 4740, 139922, 3107, 149596, 250, 161992, 57758, 45341, 137335, 35054, 107108, 3107, 33398, 112289, 45341, 3281, 143667, 152932, 3956, 25824, 558, 12, 6240, 32481, 17077, 142760, 392, 191314, 16, 712, 220, 159, 231, 95, 58, 102052, 40216, 136975, 35054, 107108, 2186, 149596, 250, 161992, 57758, 45341, 13830, 51065, 11, 174471, 3956, 13611, 4110, 22796, 166, 123, 242, 15494, 35161, 53957, 45341, 2186, 57217, 13, 2550, 60, 2678, 19, 19613, 25, 220, 159, 231, 96, 25, 177200, 4081, 14377, 5637, 3748, 10985, 14307, 3107, 67946, 54837, 4831, 14377, 4283, 17231, 20597, 558, 12, 6240, 23955, 14822, 142760, 107850, 18, 4740, 35054, 107108, 95342, 3408, 49692, 199927, 108847, 4831, 32082, 61752, 46947, 82645, 3131, 57758, 69163, 28868, 63912, 11, 164439, 10985, 194186, 14377, 5637, 161286, 54837, 4831, 14377, 4283, 14108, 46947, 74284, 247, 6479, 558, 12, 6240, 32481, 17077, 142760, 392, 191314, 18, 712, 220, 159, 231, 96, 58, 20130, 107108, 95342, 2186, 120367, 49692, 17231, 85500, 108847, 4081, 21023, 3908, 32082, 61752, 150325, 82645, 3131, 35161, 3908, 30, 20614, 159, 231, 96, 3107, 85127, 14108, 69634, 94082, 20, 19613, 25, 220, 159, 231, 97, 25, 177200, 3408, 45341, 8562, 51484, 112289, 171739, 3281, 14377, 14307, 17231, 20597, 558, 12, 6240, 23955, 14822, 142760, 107850, 18, 4740, 35054, 107108, 3281, 27233, 4960, 14377, 14307, 47624, 65510, 20859, 5650, 4081, 22230, 43486, 8963, 125486, 114942, 85127, 184103, 38738, 120, 79784, 171739, 3281, 14377, 14307, 17231, 25824, 558, 12, 6240, 32481, 17077, 142760, 392, 191314, 18, 712, 220, 159, 231, 97, 58, 20130, 107108, 3281, 27233, 4960, 14377, 14307, 47624, 65510, 35054, 107108, 95342, 2186, 30617, 7329, 17498, 12544, 96221, 20859, 5650, 13070, 8963, 125486, 4110, 10599, 69634, 4740, 38738, 120, 2770, 33453, 21252, 41856, 30, 20614, 159, 231, 97, 3107, 85127, 14108, 69634, 94082, 410, 29538, 28755, 14296, 56208, 142760, 220, 19, 19613]","[0.5, 0.5, 0.5, 0.5, 0.5, 0.5, 0.5, 0.5, 0.5, 0.5, 0.5, 0.5, 0.5, 0.5, 0.5, 0.5, 0.5, 0.5, 0.5, 0.5, 0.5, 0.5, 0.5, 0.5, 0.5, 0.5, 0.5, 0.5, 0.5, 0.5, 0.5, 0.5, 0.5, 0.5, 0.5, 0.5, 0.5, 0.5, 0.5, 0.5, 0.5, 0.5, 0.5, 0.5, 0.5, 0.5, 0.5, 0.5, 0.5, 0.5, 0.5, 0.5, 0.5, 0.5, 0.5, 0.5, 0.5, 0.5, 0.5, 0.5, 0.5, 0.5, 0.5, 0.5, 0.5, 0.5, 0.5, 0.5, 0.5, 0.5, 0.5, 0.5, 0.5, 0.5, 0.5, 0.5, 0.5, 0.5, 0.5, 0.5, 0.5, 0.5, 0.5, 0.5, 0.5, 0.5, 0.5, 0.5, 0.5, 0.5, 0.5, 0.5, 0.5, 0.5, 0.5, 0.5, 0.5, 0.5, 0.5, 0.5, 0.5, 0.5, 0.5, 0.5, 0.5, 0.5, 0.5, 0.5, 0.5, 0.5, 0.5, 0.5, 0.5, 0.5, 0.5, 0.5, 0.5, 0.5, 0.5, 0.5, 0.5, 0.5, 0.5, 0.5, 0.5, 0.5, 0.5, 0.5, 0.5, 0.5, 0.5, 0.5, 0.5, 0.5, 0.5, 0.5, 0.5, 0.5, 0.5, 0.5, 0.5, 0.5, 0.5, 0.5, 0.5, 0.5, 0.5, 0.5, 0.5, 0.5, 0.5, 0.5, 0.5, 0.5, 0.5, 0.5, 0.5, 0.5, 0.5, 0.5, 0.5, 0.5, 0.5, 0.5, 0.5, 0.5, 0.5, 0.5, 0.5, 0.5, 0.5, 0.5, 0.5, 0.5, 0.5, 0.5, 0.5, 0.5, 0.5, 0.5, 0.5, 0.5, 0.5, 0.5, 0.5, 0.5, 0.5, 0.5, 0.5, 0.5, 0.5, 0.5, 0.5, 0.5, 0.5, 0.5, 0.5, 0.5, 0.5, 0.5, 0.5, 0.5, 0.5, 0.5, 0.5, 0.5, 0.5, 0.5, 0.5, 0.5, 0.5, 0.5, 0.5, 0.5, 0.5, 0.5, 0.5, 0.5, 0.5, 0.5, 0.5, 0.5, 0.5, 0.5, 0.5, 0.5, 0.5, 0.5, 0.5, 0.5, 0.5, 0.5, 0.5, 0.5, 0.5, 0.5, 0.5, 0.5, 0.5, 0.5, 0.5, 0.5, 0.5, 0.5, 0.5, 0.5, 0.5, 0.5, 0.5, 0.5, 0.5, 0.5, 0.5, 0.5, 0.5, 0.5, 0.5, 0.5, 0.5, 0.5, 0.5, 0.5, 0.5, 0.5, 0.5, 0.5, 0.5, 0.5, 0.5, 0.5, 0.5, 0.5, 0.5, 0.5, 0.5, 0.5, 0.5, 0.5, 0.5, 0.5, 0.5, 0.5, 0.5, 0.5, 0.5, 0.5, 0.5, 0.5, 0.5, 0.5, 0.5, 0.5, 0.5, 0.5, 0.5, 0.5, 0.5, 0.5, 0.5, 0.5, 0.5, 0.5, 0.5, 0.5, 0.5, 0.5, 0.5, 0.5, 0.5, 0.5, 0.5, 0.5, 0.5, 0.5, 0.5, 0.5, 0.5, 0.5, 0.5, 0.5, 0.5, 0.5, 0.5, 0.5, 0.5, 0.5, 0.5, 0.5, 0.5, 0.5, 0.5, 0.5, 0.5, 0.5, 0.5, 0.5, 0.5, 0.5, 0.5, 0.5, 0.5, 0.5, 0.5, 0.5, 0.5, 0.5, 0.5, 0.5, 0.5, 0.5, 0.5, 0.5, 0.5, 0.5, 0.5, 0.5, 0.5, 0.5, 0.5, 0.5, 0.5, 0.5, 0.5, 0.5, 0.5, 0.5, 0.5, 0.5, 0.5, 0.5, 0.5, 0.5, 0.5, 0.5, 0.5, 0.5, 0.5, 0.5, 0.5, 0.5, 0.5, 0.5, 0.5, 0.5, 0.5, 0.5, 0.5, 0.5, 0.5, 0.5, 0.5, 0.5, 0.5, 0.5, 0.5, 0.5, 0.5, 0.5, 0.5, 0.5, 0.5, 0.5, 0.5, 0.5, 0.5, 0.5, 0.5, 0.5, 0.5, 0.5, 0.5, 0.5, 0.5, 0.5, 0.5, 0.5, 0.5, 0.5, 0.5, 0.5, 0.5, 0.5, 0.5, 0.5, 0.5, 0.5, 0.5, 0.5, 0.5, 0.5, 0.5, 0.5, 0.5, 0.5, 0.5, 0.5, 0.5, 0.5, 0.5, 0.5, 0.5, 0.5, 0.5, 0.5, 0.5, 0.5, 0.5, 0.5, 0.5, 0.5, 0.5, 0.5, 0.5, 0.5, 0.5, 0.5, 0.5, 0.5, 0.5, 0.5, 0.5, 0.5, 0.5, 0.5, 0.5, 0.5, 0.5, 0.5, 0.5, 0.5, 0.5, 0.5, 0.5, 0.5, 0.5, 0.5, 0.5, 0.5, 0.5, 0.5, 0.5, 0.5, 0.5, 0.5, 0.5, 0.5, 0.5, 0.5, 0.5, 0.5, 0.5, 0.5, 0.5, 0.5, 0.5, 0.5, 0.5, 0.5, 0.5, 0.5, 0.5, 0.5, 0.5, 0.5, 0.5, 0.5, 0.5, 0.5, 0.5, 0.5, 0.5, 0.5, 0.5, 0.5, 0.5, 0.5, 0.5, 0.5, 0.5, 0.5, 0.5, 0.5, 0.5, 0.5, 0.5, 0.5, 0.5, 0.5, 0.5, 0.5, 0.5, 0.5, 0.5, 0.5, 0.5, 0.5, 0.5, 0.5, 0.5, 0.5, 0.5, 0.5, 0.5, 0.5, 0.5, 0.5, 0.5, 0.5, 0.5, 0.5, 0.5, 0.5, 0.5, 0.5, 0.5, 0.5, 0.5, 0.5]",2
2025_11_KICE_38-42_1,['5(2)'],"1번: **적절함**  
""학생1 : 얘들아, 어제 뉴스 봤어? 인근에 있는 ○○고가 개교 60주년을 앞두고 교가 가사를 바꿨다고 하더라.""

2번: **적절함**  
""학생3 : 나도 그랬는데. 우리 학교 교훈도 ○○고 교가처럼 특정 역할만이 두드러지는 것 같아.  
학생2 : 응. 그래서 많은 학생들이 공감하기 어려운 것도 사실이야.""

3번: **적절함**  
""학생1 : 나는 우리 학교 교훈이 괜찮다고 생각했는데, 듣고 보니 바꿔야겠다는 생각이 들어. 그런데 뉴스에 따르면 ○○고 에서는 동문회를 설득하는 것이 쉽지 않았다고 하더라고.""

4번: **적절함**  
""학생3 : 그럼 교훈 변경을 추진할지 말지 학생회 회의 안건으로 올려 보자. 오늘 나눈 이야기는 내가 정리할게.  
학생1 : 나는 다른 학교의 사례를 더 찾아서 회의 때 공유할게.""

5번: **적절하지 않음**  
""학생3 : 그럼 교훈 변경을 추진할지 말지 학생회 회의 안건으로 올려 보자. 오늘 나눈 이야기는 내가 정리할게.  
학생1 : 찬반 의견뿐만 아니라 새로운 교훈도 제안받아 보자.  
학생2 : 그래! 그것과 함께 동문 선배들의 의견을 모아 달라고도 부탁해 보자. 우리 잘해 보자.""

**최종 정답: 5번**","[16, 19613, 25, 6240, 9871, 37100, 26077, 410, 4066, 1, 191314, 16, 712, 13675, 246, 8635, 7653, 11, 21252, 8021, 125465, 75701, 97, 5959, 30, 16876, 32481, 3107, 21023, 106120, 50608, 3956, 4081, 21945, 20130, 220, 1910, 9273, 12622, 3281, 60459, 27708, 3956, 35054, 4081, 9919, 67693, 22796, 166, 123, 101, 57758, 12202, 22463, 6663, 6635, 17, 19613, 25, 6240, 9871, 37100, 26077, 410, 4066, 1, 191314, 18, 712, 17743, 5827, 10599, 6846, 105, 51065, 13, 40216, 136975, 35054, 107108, 5827, 106120, 50608, 3956, 35054, 4081, 96221, 182060, 140300, 10452, 2186, 44922, 9389, 13689, 68299, 12544, 29610, 7653, 13, 4066, 191314, 17, 712, 110739, 13, 140310, 55136, 107850, 33135, 19010, 25146, 33181, 113907, 15435, 150325, 89770, 2186, 15494, 6635, 18, 19613, 25, 6240, 9871, 37100, 26077, 410, 4066, 1, 191314, 16, 712, 112252, 40216, 136975, 35054, 107108, 2186, 149596, 250, 161992, 57758, 45341, 13830, 51065, 11, 174471, 3956, 13611, 4110, 22796, 166, 123, 242, 15494, 35161, 53957, 45341, 2186, 57217, 13, 196136, 125465, 3107, 133254, 106120, 50608, 3956, 47061, 103802, 27997, 11397, 141064, 33051, 64328, 14108, 46947, 104873, 3908, 120180, 57758, 12202, 22463, 67328, 6635, 19, 19613, 25, 6240, 9871, 37100, 26077, 410, 4066, 1, 191314, 18, 712, 10599, 45372, 35054, 107108, 95342, 3281, 133405, 13070, 3908, 27202, 3908, 107850, 11844, 37805, 3408, 24497, 23459, 9911, 47038, 17638, 13611, 5947, 13, 106820, 17743, 93429, 81257, 92079, 116021, 14296, 4960, 13070, 7996, 13, 4066, 191314, 16, 712, 112252, 51484, 136975, 3408, 196709, 4831, 28526, 103089, 4865, 37805, 3408, 23553, 115448, 13070, 7996, 6635, 20, 19613, 25, 6240, 9871, 37100, 44531, 20359, 14862, 410, 4066, 1, 191314, 18, 712, 10599, 45372, 35054, 107108, 95342, 3281, 133405, 13070, 3908, 27202, 3908, 107850, 11844, 37805, 3408, 24497, 23459, 9911, 47038, 17638, 13611, 5947, 13, 106820, 17743, 93429, 81257, 92079, 116021, 14296, 4960, 13070, 7996, 13, 4066, 191314, 16, 712, 16270, 105, 23099, 171739, 158172, 10452, 77380, 83630, 35054, 107108, 5827, 14377, 14307, 47624, 7653, 13611, 5947, 13, 4066, 191314, 17, 712, 88297, 0, 98703, 8562, 50334, 27997, 11397, 24001, 27798, 49714, 171739, 3281, 16369, 7653, 48326, 67328, 5827, 195876, 5650, 13611, 5947, 13, 40216, 47305, 5650, 13611, 5947, 6635, 410, 29538, 28755, 14296, 56208, 25, 220, 20, 19613, 410]","[0.5, 0.5, 0.5, 0.5, 0.5, 0.5, 0.5, 0.5, 0.5, 0.5, 0.5, 0.5, 0.5, 0.5, 0.5, 0.5, 0.5, 0.5, 0.5, 0.5, 0.5, 0.5, 0.5, 0.5, 0.5, 0.5, 0.5, 0.5, 0.5, 0.5, 0.5, 0.5, 0.5, 0.5, 0.5, 0.5, 0.5, 0.5, 0.5, 0.5, 0.5, 0.5, 0.5, 0.5, 0.5, 0.5, 0.5, 0.5, 0.5, 0.5, 0.5, 0.5, 0.5, 0.5, 0.5, 0.5, 0.5, 0.5, 0.5, 0.5, 0.5, 0.5, 0.5, 0.5, 0.5, 0.5, 0.5, 0.5, 0.5, 0.5, 0.5, 0.5, 0.5, 0.5, 0.5, 0.5, 0.5, 0.5, 0.5, 0.5, 0.5, 0.5, 0.5, 0.5, 0.5, 0.5, 0.5, 0.5, 0.5, 0.5, 0.5, 0.5, 0.5, 0.5, 0.5, 0.5, 0.5, 0.5, 0.5, 0.5, 0.5, 0.5, 0.5, 0.5, 0.5, 0.5, 0.5, 0.5, 0.5, 0.5, 0.5, 0.5, 0.5, 0.5, 0.5, 0.5, 0.5, 0.5, 0.5, 0.5, 0.5, 0.5, 0.5, 0.5, 0.5, 0.5, 0.5, 0.5, 0.5, 0.5, 0.5, 0.5, 0.5, 0.5, 0.5, 0.5, 0.5, 0.5, 0.5, 0.5, 0.5, 0.5, 0.5, 0.5, 0.5, 0.5, 0.5, 0.5, 0.5, 0.5, 0.5, 0.5, 0.5, 0.5, 0.5, 0.5, 0.5, 0.5, 0.5, 0.5, 0.5, 0.5, 0.5, 0.5, 0.5, 0.5, 0.5, 0.5, 0.5, 0.5, 0.5, 0.5, 0.5, 0.5, 0.5, 0.5, 0.5, 0.5, 0.5, 0.5, 0.5, 0.5, 0.5, 0.5, 0.5, 0.5, 0.5, 0.5, 0.5, 0.5, 0.5, 0.5, 0.5, 0.5, 0.5, 0.5, 0.5, 0.5, 0.5, 0.5, 0.5, 0.5, 0.5, 0.5, 0.5, 0.5, 0.5, 0.5, 0.5, 0.5, 0.5, 0.5, 0.5, 0.5, 0.5, 0.5, 0.5, 0.5, 0.5, 0.5, 0.5, 0.5, 0.5, 0.5, 0.5, 0.5, 0.5, 0.5, 0.5, 0.5, 0.5, 0.5, 0.5, 0.5, 0.5, 0.5, 0.5, 0.5, 0.5, 0.5, 0.5, 0.5, 0.5, 0.5, 0.5, 0.5, 0.5, 0.5, 0.5, 0.5, 0.5, 0.5, 0.5, 0.5, 0.5, 0.5, 0.5, 0.5, 0.5, 0.5, 0.5, 0.5, 0.5, 0.5, 0.5, 0.5, 0.5, 0.5, 0.5, 0.5, 0.5, 0.5, 0.5, 0.5, 0.5, 0.5, 0.5, 0.5, 0.5, 0.5, 0.5, 0.5, 0.5, 0.5, 0.5, 0.5, 0.5, 0.5, 0.5, 0.5, 0.5, 0.5, 0.5, 0.5, 0.5, 0.5, 0.5, 0.5, 0.5, 0.5, 0.5, 0.5, 0.5, 0.5, 0.5, 0.5, 0.5, 0.5, 0.5, 0.5, 0.5, 0.5, 0.5, 0.5, 0.5, 0.5, 0.5, 0.5, 0.5, 0.5, 0.5, 0.5, 0.5, 0.5, 0.5, 0.5, 0.5, 0.5, 0.5, 0.5, 0.5, 0.5, 0.5, 0.5, 0.5, 0.5, 0.5, 0.5, 0.5, 0.5, 0.5, 0.5, 0.5, 0.5, 0.5, 0.5, 0.5, 0.5, 0.5, 0.5, 0.5, 0.5, 0.5, 0.5, 0.5, 0.5, 0.5, 0.5, 0.5, 0.5, 0.5, 0.5, 0.5, 0.5, 0.5]",2
2025_11_KICE_38-42_2,['4(3)'],"1번: 선택지 1번은 [A]의 내용이 ""○○고의 예전 교가 가사에 담긴 가치의 중요도가 지금은 달라 졌다는"" 것을 설명하고 있으며, 이는 (나)에서 학생들의 삶이 예전보다 행복해졌음을 강조하기 위한 사례로 반영된다는 설명과 일치하지 않습니다.  
""학생1 : 그래. 교훈을 바꾸는 과정에서 학교에 대한 구성원의 관심이 높아지고 결속력도 커질 거야. 그리고 교훈을 바꾸고 싶은 다른 학교에도 좋은 본보기가 될 것 같아.""

2번: 선택지 2번은 [B]의 내용이 ""교훈 내용이 문제가 있다는"" 것을 설명하고 있으며, 이는 (나)에서 교훈 내용이 구성원의 과거와 현재의 가치를 담고 있지 않다는 문제 상황으로 반영된다는 설명과 일치합니다.  
""지금 우리 학교의 교훈은 개교 당시 요구되던 특정 역할만을 부각하고 있어, 현재와 미래의 구성원이 지향해야 하는 가치를 반영하지 못하는 문제가 있습니다.""

3번: 선택지 3번은 [C]의 내용이 ""교가보다 교훈을 바꾸기 어렵다는"" 것을 설명하고 있으며, 이는 (나)에서 새로운 교훈을 제안받아 달라는 건의 내용을 재확인하는 것과 일치하지 않습니다.  
""학생1 : 그게 낫겠다. 교훈 변경에 대한 찬반 의견을 조사하고, 교훈을 바꾸자는 의견이 많으면 이를 바탕으로 학교에 건의하면 될 것 같아.""

4번: 선택지 4번은 [D]의 내용이 ""학생들의 의견 조사를 제안한"" 것을 설명하고 있으며, 이는 (나)에서 교훈을 변경해 달라는 건의 내용에 대한 근거를 설문 조사 방법을 통해 마련한 것과 일치합니다.  
""학생회에서 설문 조사로 학생들의 의견을 수렴한 결과 전교생의 91.8%가 교훈 변경에 찬성했습니다.""

5번: 선택지 5번은 [E]의 내용이 ""교훈 변경을 학교에 건의하자는"" 것을 설명하고 있으며, 이는 (나)에서 교장 선생님을 예상 독자로 하여 지역 학교들과의 공감대를 형성해야 하는 이유로 반영된다는 설명과 일치하지 않습니다.  
""우리 학교의 교훈 변경은 교훈을 바꾸고 싶은 다른 학교에도 좋은 영향을 끼칠 것입니다.""

최종 정답: 2번","[16, 19613, 25, 64620, 3908, 220, 16, 19613, 4740, 723, 32, 60, 3408, 69634, 2186, 392, 50608, 50608, 3956, 3408, 28065, 9516, 35054, 4081, 9919, 5537, 3107, 66532, 79340, 192615, 3408, 82645, 148791, 83431, 4740, 48326, 6663, 70242, 234, 53957, 1, 61738, 89157, 17231, 96864, 11, 164439, 350, 7663, 8, 11440, 107850, 49714, 117802, 2186, 28065, 9516, 72120, 158322, 5650, 65713, 147373, 180435, 33181, 52294, 196709, 3710, 35007, 16268, 17498, 53957, 89157, 8562, 18129, 13426, 44531, 113243, 13, 4066, 1, 191314, 16, 712, 88297, 13, 35054, 107108, 3281, 22796, 101253, 2770, 121551, 11440, 136975, 3107, 33398, 100457, 183439, 112875, 2186, 55032, 7653, 116895, 32182, 24165, 15873, 5827, 72491, 30570, 29929, 15494, 13, 68036, 35054, 107108, 3281, 22796, 101253, 3956, 179257, 51484, 136975, 73273, 70135, 51822, 8122, 83026, 71501, 12544, 29610, 7653, 6635, 17, 19613, 25, 64620, 3908, 220, 17, 19613, 4740, 723, 33, 60, 3408, 69634, 2186, 392, 20130, 107108, 69634, 2186, 172833, 120608, 1, 61738, 89157, 17231, 96864, 11, 164439, 350, 7663, 8, 11440, 35054, 107108, 69634, 2186, 100457, 183439, 43635, 17077, 12753, 72728, 3408, 9919, 129865, 66532, 3956, 7017, 3908, 20359, 53957, 54837, 85368, 9911, 35007, 16268, 17498, 53957, 89157, 8562, 18129, 13426, 24490, 13, 4066, 1, 3908, 16668, 40216, 136975, 3408, 35054, 107108, 4740, 21945, 20130, 160483, 134582, 14958, 28148, 182060, 140300, 10452, 3281, 20211, 22566, 17231, 60147, 11, 72728, 12753, 149759, 3408, 100457, 186243, 12688, 39752, 64707, 43870, 9919, 129865, 35007, 16268, 44531, 51614, 14108, 172833, 25824, 6635, 18, 19613, 25, 64620, 3908, 220, 18, 19613, 4740, 723, 34, 60, 3408, 69634, 2186, 392, 20130, 4081, 72120, 35054, 107108, 3281, 22796, 101253, 4283, 189507, 53957, 1, 61738, 89157, 17231, 96864, 11, 164439, 350, 7663, 8, 11440, 83630, 35054, 107108, 3281, 14377, 14307, 47624, 7653, 48326, 83564, 43086, 3408, 184103, 38465, 42894, 5544, 14108, 12544, 8562, 18129, 13426, 44531, 113243, 13, 4066, 1, 191314, 16, 712, 10599, 7996, 9046, 104, 123899, 13, 35054, 107108, 95342, 3107, 33398, 16270, 105, 23099, 171739, 3281, 162198, 17231, 11, 35054, 107108, 3281, 22796, 101253, 79784, 171739, 2186, 29846, 65510, 124321, 22796, 122697, 9911, 136975, 3107, 43086, 3408, 56791, 71501, 12544, 29610, 7653, 6635, 19, 19613, 25, 64620, 3908, 220, 19, 19613, 4740, 723, 35, 60, 3408, 69634, 2186, 392, 191314, 49714, 171739, 21853, 67693, 14377, 14307, 3748, 1, 61738, 89157, 17231, 96864, 11, 164439, 350, 7663, 8, 11440, 35054, 107108, 3281, 95342, 5650, 48326, 83564, 43086, 3408, 69634, 3107, 33398, 71124, 17077, 4831, 33051, 11397, 162198, 59581, 3281, 45052, 144311, 3748, 12544, 8562, 18129, 13426, 24490, 13, 4066, 1, 191314, 11844, 11440, 33051, 11397, 162198, 3710, 107850, 49714, 171739, 3281, 8963, 142788, 3748, 67277, 12946, 20130, 16785, 3408, 220, 8956, 13, 23, 4, 4081, 35054, 107108, 95342, 3107, 16270, 105, 9360, 70998, 6635, 20, 19613, 25, 64620, 3908, 220, 20, 19613, 4740, 723, 36, 60, 3408, 69634, 2186, 392, 20130, 107108, 95342, 3281, 136975, 3107, 43086, 3408, 3131, 79784, 1, 61738, 89157, 17231, 96864, 11, 164439, 350, 7663, 8, 11440, 35054, 7681, 24001, 16785, 28012, 3281, 161088, 78986, 162282, 12202, 11423, 66406, 136975, 115973, 3408, 19010, 25146, 193747, 67552, 9360, 64707, 43870, 89527, 3710, 35007, 16268, 17498, 53957, 89157, 8562, 18129, 13426, 44531, 113243, 13, 4066, 1, 144799, 136975, 3408, 35054, 107108, 95342, 4740, 35054, 107108, 3281, 22796, 101253, 3956, 179257, 51484, 136975, 73273, 70135, 170893, 51745, 120, 133097, 86424, 6635, 29538, 28755, 14296, 56208, 25, 220, 17, 19613]","[0.5, 0.5, 0.5, 0.5, 0.5, 0.5, 0.5, 0.5, 0.5, 0.5, 0.5, 0.5, 0.5, 0.5, 0.5, 0.5, 0.5, 0.5, 0.5, 0.5, 0.5, 0.5, 0.5, 0.5, 0.5, 0.5, 0.5, 0.5, 0.5, 0.5, 0.5, 0.5, 0.5, 0.5, 0.5, 0.5, 0.5, 0.5, 0.5, 0.5, 0.5, 0.5, 0.5, 0.5, 0.5, 0.5, 0.5, 0.5, 0.5, 0.5, 0.5, 0.5, 0.5, 0.5, 0.5, 0.5, 0.5, 0.5, 0.5, 0.5, 0.5, 0.5, 0.5, 0.5, 0.5, 0.5, 0.5, 0.5, 0.5, 0.5, 0.5, 0.5, 0.5, 0.5, 0.5, 0.5, 0.5, 0.5, 0.5, 0.5, 0.5, 0.5, 0.5, 0.5, 0.5, 0.5, 0.5, 0.5, 0.5, 0.5, 0.5, 0.5, 0.5, 0.5, 0.5, 0.5, 0.5, 0.5, 0.5, 0.5, 0.5, 0.5, 0.5, 0.5, 0.5, 0.5, 0.5, 0.5, 0.5, 0.5, 0.5, 0.5, 0.5, 0.5, 0.5, 0.5, 0.5, 0.5, 0.5, 0.5, 0.5, 0.5, 0.5, 0.5, 0.5, 0.5, 0.5, 0.5, 0.5, 0.5, 0.5, 0.5, 0.5, 0.5, 0.5, 0.5, 0.5, 0.5, 0.5, 0.5, 0.5, 0.5, 0.5, 0.5, 0.5, 0.5, 0.5, 0.5, 0.5, 0.5, 0.5, 0.5, 0.5, 0.5, 0.5, 0.5, 0.5, 0.5, 0.5, 0.5, 0.5, 0.5, 0.5, 0.5, 0.5, 0.5, 0.5, 0.5, 0.5, 0.5, 0.5, 0.5, 0.5, 0.5, 0.5, 0.5, 0.5, 0.5, 0.5, 0.5, 0.5, 0.5, 0.5, 0.5, 0.5, 0.5, 0.5, 0.5, 0.5, 0.5, 0.5, 0.5, 0.5, 0.5, 0.5, 0.5, 0.5, 0.5, 0.5, 0.5, 0.5, 0.5, 0.5, 0.5, 0.5, 0.5, 0.5, 0.5, 0.5, 0.5, 0.5, 0.5, 0.5, 0.5, 0.5, 0.5, 0.5, 0.5, 0.5, 0.5, 0.5, 0.5, 0.5, 0.5, 0.5, 0.5, 0.5, 0.5, 0.5, 0.5, 0.5, 0.5, 0.5, 0.5, 0.5, 0.5, 0.5, 0.5, 0.5, 0.5, 0.5, 0.5, 0.5, 0.5, 0.5, 0.5, 0.5, 0.5, 0.5, 0.5, 0.5, 0.5, 0.5, 0.5, 0.5, 0.5, 0.5, 0.5, 0.5, 0.5, 0.5, 0.5, 0.5, 0.5, 0.5, 0.5, 0.5, 0.5, 0.5, 0.5, 0.5, 0.5, 0.5, 0.5, 0.5, 0.5, 0.5, 0.5, 0.5, 0.5, 0.5, 0.5, 0.5, 0.5, 0.5, 0.5, 0.5, 0.5, 0.5, 0.5, 0.5, 0.5, 0.5, 0.5, 0.5, 0.5, 0.5, 0.5, 0.5, 0.5, 0.5, 0.5, 0.5, 0.5, 0.5, 0.5, 0.5, 0.5, 0.5, 0.5, 0.5, 0.5, 0.5, 0.5, 0.5, 0.5, 0.5, 0.5, 0.5, 0.5, 0.5, 0.5, 0.5, 0.5, 0.5, 0.5, 0.5, 0.5, 0.5, 0.5, 0.5, 0.5, 0.5, 0.5, 0.5, 0.5, 0.5, 0.5, 0.5, 0.5, 0.5, 0.5, 0.5, 0.5, 0.5, 0.5, 0.5, 0.5, 0.5, 0.5, 0.5, 0.5, 0.5, 0.5, 0.5, 0.5, 0.5, 0.5, 0.5, 0.5, 0.5, 0.5, 0.5, 0.5, 0.5, 0.5, 0.5, 0.5, 0.5, 0.5, 0.5, 0.5, 0.5, 0.5, 0.5, 0.5, 0.5, 0.5, 0.5, 0.5, 0.5, 0.5, 0.5, 0.5, 0.5, 0.5, 0.5, 0.5, 0.5, 0.5, 0.5, 0.5, 0.5, 0.5, 0.5, 0.5, 0.5, 0.5, 0.5, 0.5, 0.5, 0.5, 0.5, 0.5, 0.5, 0.5, 0.5, 0.5, 0.5, 0.5, 0.5, 0.5, 0.5, 0.5, 0.5, 0.5, 0.5, 0.5, 0.5, 0.5, 0.5, 0.5, 0.5, 0.5, 0.5, 0.5, 0.5, 0.5, 0.5, 0.5, 0.5, 0.5, 0.5, 0.5, 0.5, 0.5, 0.5, 0.5, 0.5, 0.5, 0.5, 0.5, 0.5, 0.5, 0.5, 0.5, 0.5, 0.5, 0.5, 0.5, 0.5, 0.5, 0.5, 0.5, 0.5, 0.5, 0.5, 0.5, 0.5, 0.5, 0.5, 0.5, 0.5, 0.5, 0.5, 0.5, 0.5, 0.5, 0.5, 0.5, 0.5, 0.5, 0.5, 0.5, 0.5, 0.5, 0.5, 0.5, 0.5, 0.5, 0.5, 0.5, 0.5, 0.5, 0.5, 0.5, 0.5, 0.5, 0.5, 0.5, 0.5, 0.5, 0.5, 0.5, 0.5, 0.5, 0.5, 0.5, 0.5, 0.5, 0.5, 0.5, 0.5, 0.5, 0.5, 0.5, 0.5, 0.5, 0.5, 0.5, 0.5, 0.5, 0.5, 0.5, 0.5, 0.5, 0.5, 0.5, 0.5, 0.5, 0.5, 0.5, 0.5, 0.5, 0.5, 0.5, 0.5, 0.5, 0.5, 0.5, 0.5, 0.5, 0.5, 0.5, 0.5, 0.5, 0.5, 0.5, 0.5, 0.5, 0.5, 0.5, 0.5, 0.5, 0.5, 0.5, 0.5, 0.5, 0.5, 0.5, 0.5, 0.5, 0.5, 0.5, 0.5, 0.5, 0.5, 0.5]",0
2025_11_KICE_38-42_3,['3(2)'],"1번: ⓐ는 제안의 주체를 명확히 하기 위해 학생회 대표라고 소개했다.  
""저는 학생회 대표 안△△입니다.""

2번: ⓑ는 정보의 신뢰성을 위해 방영된 방송 뉴스의 출처를 명시했다.  
""최근 ◇◇방송 뉴스에 따르면 인근 학교인 ○○고가 학교 구성원의 노력 끝에 교가 가사를 변경하였다고 합니다.""

3번: ⓒ는 설득력을 높이기 위해 예상되는 반론을 제시했다.  
""교훈은 학교의 이념을 표현하지만, 단순히 표현에만 그치는 것은 아닙니다.""

4번: ⓓ는 화제의 중요성을 강조하기 위해 비유를 사용했다.  
""구성원 모두가 지향하는 정신적 가치를 담는 그릇입니다.""

5번: ⓔ는 건의 내용을 실현하기 위해 필요한 절차를 상세히 제시했다.  
""학교에서는 교직원, 동문 선배, 학부모에게 교훈 변경의 취지를 설명하고, 그분들의 의견을 수렴한 후, 학교운영위원회에서 심의하도록 해 주시면 좋겠습니다.""

최종 정답: 3번","[16, 19613, 25, 2969, 241, 238, 2770, 14377, 14307, 3408, 16130, 16238, 4831, 51275, 42894, 20357, 190479, 35817, 107850, 11844, 75744, 67328, 115528, 22342, 13, 4066, 1, 22316, 2770, 107850, 11844, 75744, 24497, 140060, 140060, 27001, 6635, 17, 19613, 25, 2969, 241, 239, 2770, 43543, 3408, 24991, 145796, 77322, 35817, 24030, 16268, 17498, 137331, 125465, 3408, 33692, 27763, 4831, 51275, 5637, 22342, 13, 4066, 1, 187108, 24711, 229, 102345, 19090, 31418, 125465, 3107, 133254, 16876, 32481, 136975, 5544, 106120, 50608, 3956, 4081, 136975, 100457, 183439, 150574, 82794, 3107, 35054, 4081, 9919, 67693, 95342, 3131, 37300, 57758, 64417, 6635, 18, 19613, 25, 2969, 241, 240, 2770, 33051, 64328, 86271, 55032, 2186, 4283, 35817, 161088, 56216, 35007, 39168, 3281, 14377, 5637, 22342, 13, 4066, 1, 20130, 107108, 4740, 136975, 3408, 6548, 80656, 3281, 142948, 122515, 11, 38340, 49785, 20357, 142948, 3107, 10452, 10599, 133406, 66371, 74284, 247, 6479, 6635, 19, 19613, 25, 2969, 241, 241, 2770, 49585, 8021, 3408, 82645, 77322, 180435, 33181, 35817, 22643, 15483, 4831, 27525, 22342, 13, 4066, 1, 10997, 9360, 8143, 67168, 4081, 12688, 39752, 14108, 191819, 9871, 9919, 129865, 66532, 2770, 10599, 3828, 229, 27001, 6635, 20, 19613, 25, 2969, 241, 242, 2770, 43086, 3408, 184103, 27365, 24934, 33181, 35817, 115077, 83206, 20981, 4831, 179069, 20357, 14377, 5637, 22342, 13, 4066, 1, 91829, 75367, 35054, 28013, 8143, 11, 27997, 11397, 24001, 27798, 11, 44981, 9814, 17267, 34950, 35054, 107108, 95342, 3408, 66765, 79972, 89157, 17231, 11, 10599, 15567, 49714, 171739, 3281, 8963, 142788, 3748, 32624, 11, 136975, 15435, 16268, 120354, 11844, 11440, 61505, 3408, 189099, 21864, 16130, 122919, 32077, 105216, 6635, 29538, 28755, 14296, 56208, 25, 220, 18, 19613]","[0.5, 0.5, 0.5, 0.5, 0.5, 0.5, 0.5, 0.5, 0.5, 0.5, 0.5, 0.5, 0.5, 0.5, 0.5, 0.5, 0.5, 0.5, 0.5, 0.5, 0.5, 0.5, 0.5, 0.5, 0.5, 0.5, 0.5, 0.5, 0.5, 0.5, 0.5, 0.5, 0.5, 0.5, 0.5, 0.5, 0.5, 0.5, 0.5, 0.5, 0.5, 0.5, 0.5, 0.5, 0.5, 0.5, 0.5, 0.5, 0.5, 0.5, 0.5, 0.5, 0.5, 0.5, 0.5, 0.5, 0.5, 0.5, 0.5, 0.5, 0.5, 0.5, 0.5, 0.5, 0.5, 0.5, 0.5, 0.5, 0.5, 0.5, 0.5, 0.5, 0.5, 0.5, 0.5, 0.5, 0.5, 0.5, 0.5, 0.5, 0.5, 0.5, 0.5, 0.5, 0.5, 0.5, 0.5, 0.5, 0.5, 0.5, 0.5, 0.5, 0.5, 0.5, 0.5, 0.5, 0.5, 0.5, 0.5, 0.5, 0.5, 0.5, 0.5, 0.5, 0.5, 0.5, 0.5, 0.5, 0.5, 0.5, 0.5, 0.5, 0.5, 0.5, 0.5, 0.5, 0.5, 0.5, 0.5, 0.5, 0.5, 0.5, 0.5, 0.5, 0.5, 0.5, 0.5, 0.5, 0.5, 0.5, 0.5, 0.5, 0.5, 0.5, 0.5, 0.5, 0.5, 0.5, 0.5, 0.5, 0.5, 0.5, 0.5, 0.5, 0.5, 0.5, 0.5, 0.5, 0.5, 0.5, 0.5, 0.5, 0.5, 0.5, 0.5, 0.5, 0.5, 0.5, 0.5, 0.5, 0.5, 0.5, 0.5, 0.5, 0.5, 0.5, 0.5, 0.5, 0.5, 0.5, 0.5, 0.5, 0.5, 0.5, 0.5, 0.5, 0.5, 0.5, 0.5, 0.5, 0.5, 0.5, 0.5, 0.5, 0.5, 0.5, 0.5, 0.5, 0.5, 0.5, 0.5, 0.5, 0.5, 0.5, 0.5, 0.5, 0.5, 0.5, 0.5, 0.5, 0.5, 0.5, 0.5, 0.5, 0.5, 0.5, 0.5, 0.5, 0.5, 0.5, 0.5, 0.5, 0.5, 0.5, 0.5, 0.5, 0.5, 0.5, 0.5, 0.5, 0.5, 0.5, 0.5, 0.5, 0.5, 0.5, 0.5, 0.5, 0.5, 0.5, 0.5, 0.5, 0.5, 0.5, 0.5, 0.5, 0.5, 0.5, 0.5, 0.5, 0.5, 0.5, 0.5, 0.5, 0.5, 0.5, 0.5, 0.5, 0.5, 0.5, 0.5, 0.5, 0.5, 0.5, 0.5, 0.5, 0.5, 0.5, 0.5, 0.5, 0.5, 0.5, 0.5, 0.5, 0.5, 0.5, 0.5, 0.5, 0.5, 0.5, 0.5, 0.5]",2
2025_11_KICE_38-42_4,['1(2)'],"1번: 학교 구성원 입장에서의 긍정적인 측면을  
   ""학교의 교훈 변경은 교훈을 바꾸고 싶은 다른 학교에도 좋은 영향을 끼칠것입니다. 이러한 변화는 학생들에게 교육적으로도 긍정적인 영향을 미칠 것이라고 확신합니다.""

2번: 다른 학교가 참고할 수 있는 유용한 정보를.  
   ""학교의 교훈 변경은 교훈을 바꾸고 싶은 다른 학교에도 좋은 영향을 끼칠것입니다. 이러한 변화는 학생들에게 교육적으로도 긍정적인 영향을 미칠 것이라고 확신합니다.""

3번: 교훈 내용이 학교생활의 지침이 된다는 점을  
   ""학교의 교훈 변경은 교훈을 바꾸고 싶은 다른 학교에도 좋은 영향을 끼칠것입니다. 이러한 변화는 학생들에게 교육적으로도 긍정적인 영향을 미칠 것이라고 확신합니다.""

4번: 지역 사회에서 학교의 위상이 강화된다는 측면을  
   ""학교의 교훈 변경은 교훈을 바꾸고 싶은 다른 학교에도 좋은 영향을 끼칠것입니다. 이러한 변화는 학생들에게 교육적으로도 긍정적인 영향을 미칠 것이라고 확신합니다.""

5번: 건의를 받는 대상이 학생의 성장을 이끌 수 있다는 점을  
   ""학교의 교훈 변경은 교훈을 바꾸고 싶은 다른 학교에도 좋은 영향을 끼칠것입니다. 이러한 변화는 학생들에게 교육적으로도 긍정적인 영향을 미칠 것이라고 확신합니다.""

최종 정답: 1번","[16, 19613, 25, 136975, 100457, 8143, 27995, 162680, 3408, 8918, 235, 7329, 31763, 117427, 9018, 3281, 4066, 256, 392, 91829, 3408, 35054, 107108, 95342, 4740, 35054, 107108, 3281, 22796, 101253, 3956, 179257, 51484, 136975, 73273, 70135, 170893, 51745, 120, 133097, 26059, 27001, 13, 130207, 143667, 2770, 107850, 88046, 81022, 34555, 5827, 8918, 235, 7329, 31763, 170893, 27233, 133097, 12544, 75348, 30617, 11753, 24490, 6635, 17, 19613, 25, 51484, 136975, 4081, 174272, 13070, 8963, 21023, 22748, 8423, 3748, 125710, 13, 4066, 256, 392, 91829, 3408, 35054, 107108, 95342, 4740, 35054, 107108, 3281, 22796, 101253, 3956, 179257, 51484, 136975, 73273, 70135, 170893, 51745, 120, 133097, 26059, 27001, 13, 130207, 143667, 2770, 107850, 88046, 81022, 34555, 5827, 8918, 235, 7329, 31763, 170893, 27233, 133097, 12544, 75348, 30617, 11753, 24490, 6635, 18, 19613, 25, 35054, 107108, 69634, 2186, 136975, 196290, 3408, 12688, 57622, 2186, 51312, 53957, 54788, 3281, 4066, 256, 392, 91829, 3408, 35054, 107108, 95342, 4740, 35054, 107108, 3281, 22796, 101253, 3956, 179257, 51484, 136975, 73273, 70135, 170893, 51745, 120, 133097, 26059, 27001, 13, 130207, 143667, 2770, 107850, 88046, 81022, 34555, 5827, 8918, 235, 7329, 31763, 170893, 27233, 133097, 12544, 75348, 30617, 11753, 24490, 6635, 19, 19613, 25, 66406, 78797, 11440, 136975, 3408, 16302, 167629, 147283, 17498, 53957, 117427, 9018, 3281, 4066, 256, 392, 91829, 3408, 35054, 107108, 95342, 4740, 35054, 107108, 3281, 22796, 101253, 3956, 179257, 51484, 136975, 73273, 70135, 170893, 51745, 120, 133097, 26059, 27001, 13, 130207, 143667, 2770, 107850, 88046, 81022, 34555, 5827, 8918, 235, 7329, 31763, 170893, 27233, 133097, 12544, 75348, 30617, 11753, 24490, 6635, 20, 19613, 25, 43086, 160170, 34792, 2770, 96532, 2186, 107850, 3408, 29805, 95803, 6548, 189313, 8963, 120608, 54788, 3281, 4066, 256, 392, 91829, 3408, 35054, 107108, 95342, 4740, 35054, 107108, 3281, 22796, 101253, 3956, 179257, 51484, 136975, 73273, 70135, 170893, 51745, 120, 133097, 26059, 27001, 13, 130207, 143667, 2770, 107850, 88046, 81022, 34555, 5827, 8918, 235, 7329, 31763, 170893, 27233, 133097, 12544, 75348, 30617, 11753, 24490, 6635, 29538, 28755, 14296, 56208, 25, 220, 16, 19613]","[0.5, 0.5, 0.5, 0.5, 0.5, 0.5, 0.5, 0.5, 0.5, 0.5, 0.5, 0.5, 0.5, 0.5, 0.5, 0.5, 0.5, 0.5, 0.5, 0.5, 0.5, 0.5, 0.5, 0.5, 0.5, 0.5, 0.5, 0.5, 0.5, 0.5, 0.5, 0.5, 0.5, 0.5, 0.5, 0.5, 0.5, 0.5, 0.5, 0.5, 0.5, 0.5, 0.5, 0.5, 0.5, 0.5, 0.5, 0.5, 0.5, 0.5, 0.5, 0.5, 0.5, 0.5, 0.5, 0.5, 0.5, 0.5, 0.5, 0.5, 0.5, 0.5, 0.5, 0.5, 0.5, 0.5, 0.5, 0.5, 0.5, 0.5, 0.5, 0.5, 0.5, 0.5, 0.5, 0.5, 0.5, 0.5, 0.5, 0.5, 0.5, 0.5, 0.5, 0.5, 0.5, 0.5, 0.5, 0.5, 0.5, 0.5, 0.5, 0.5, 0.5, 0.5, 0.5, 0.5, 0.5, 0.5, 0.5, 0.5, 0.5, 0.5, 0.5, 0.5, 0.5, 0.5, 0.5, 0.5, 0.5, 0.5, 0.5, 0.5, 0.5, 0.5, 0.5, 0.5, 0.5, 0.5, 0.5, 0.5, 0.5, 0.5, 0.5, 0.5, 0.5, 0.5, 0.5, 0.5, 0.5, 0.5, 0.5, 0.5, 0.5, 0.5, 0.5, 0.5, 0.5, 0.5, 0.5, 0.5, 0.5, 0.5, 0.5, 0.5, 0.5, 0.5, 0.5, 0.5, 0.5, 0.5, 0.5, 0.5, 0.5, 0.5, 0.5, 0.5, 0.5, 0.5, 0.5, 0.5, 0.5, 0.5, 0.5, 0.5, 0.5, 0.5, 0.5, 0.5, 0.5, 0.5, 0.5, 0.5, 0.5, 0.5, 0.5, 0.5, 0.5, 0.5, 0.5, 0.5, 0.5, 0.5, 0.5, 0.5, 0.5, 0.5, 0.5, 0.5, 0.5, 0.5, 0.5, 0.5, 0.5, 0.5, 0.5, 0.5, 0.5, 0.5, 0.5, 0.5, 0.5, 0.5, 0.5, 0.5, 0.5, 0.5, 0.5, 0.5, 0.5, 0.5, 0.5, 0.5, 0.5, 0.5, 0.5, 0.5, 0.5, 0.5, 0.5, 0.5, 0.5, 0.5, 0.5, 0.5, 0.5, 0.5, 0.5, 0.5, 0.5, 0.5, 0.5, 0.5, 0.5, 0.5, 0.5, 0.5, 0.5, 0.5, 0.5, 0.5, 0.5, 0.5, 0.5, 0.5, 0.5, 0.5, 0.5, 0.5, 0.5, 0.5, 0.5, 0.5, 0.5, 0.5, 0.5, 0.5, 0.5, 0.5, 0.5, 0.5, 0.5, 0.5, 0.5, 0.5, 0.5, 0.5, 0.5, 0.5, 0.5, 0.5, 0.5, 0.5, 0.5, 0.5, 0.5, 0.5, 0.5, 0.5, 0.5, 0.5, 0.5, 0.5, 0.5, 0.5, 0.5, 0.5, 0.5, 0.5, 0.5, 0.5, 0.5, 0.5, 0.5, 0.5, 0.5, 0.5, 0.5, 0.5, 0.5, 0.5, 0.5, 0.5, 0.5, 0.5, 0.5, 0.5, 0.5, 0.5, 0.5, 0.5, 0.5, 0.5, 0.5, 0.5, 0.5, 0.5, 0.5, 0.5, 0.5, 0.5, 0.5, 0.5, 0.5, 0.5, 0.5, 0.5, 0.5, 0.5, 0.5, 0.5, 0.5]",2
2025_11_KICE_43-45_0,['1(2)'],"1번: 지속 가능 항공유를 기존 항공유와 대비하여 서술하였다. + ""지속 가능 항공유란 기존 항공유와 화학적 구조가 유사하면서도 화석 연료가 아닌 폐기물이나 작물 등을 원료로 생산된 연료이다.""

2번: 지속 가능 항공유의 생산 과정을 단계적으로 서술하였다. + ""폐기물으로는 폐식용유, 폐목재 등이 사용되고, 작물로는 기름야자나 옥수수 등이 쓰이는데...""

3번: 지속 가능 항공유의 장단점을 묻고 답하는 방식으로 서술하였다. + ""지속 가능 항공유는 화석 연료로 만든 기존 항공유에 비해 탄소 배출량을 최대 80%가량 줄일 수 있다.""

4번: 지속 가능 항공유의 도입 과정에서 예상되는 문제점을 시기별로 서술하였다. + ""유럽연합은 2025년부터 지속 가능 항공유를 최소 2% 이상 섞도록 의무화하고, 혼합 비율을 점차 높여 2050년에는 70%까지 높일 예정이다.""

5번: 지속 가능 항공유를 사용할 때의 경제적 효과를 국가별로 분석하여 서술하였다. + ""우리나라는 지속 가능 항공유 사용의 의무화를 앞두고...""

최종 정답: 1번","[16, 19613, 25, 132405, 42371, 72503, 12809, 15483, 4831, 136125, 72503, 12809, 15483, 12753, 160735, 31412, 24795, 31097, 164982, 13, 659, 392, 3908, 24165, 42371, 72503, 12809, 15483, 43514, 136125, 72503, 12809, 15483, 12753, 49585, 17253, 9871, 158440, 4081, 22748, 5537, 105991, 5827, 49585, 30598, 24038, 18197, 4081, 101959, 170393, 4283, 19948, 72983, 31389, 19948, 91140, 32518, 18197, 3710, 131683, 17498, 24038, 18197, 24088, 6635, 17, 19613, 25, 132405, 42371, 72503, 12809, 15483, 3408, 131683, 43635, 90056, 188019, 34555, 24795, 31097, 164982, 13, 659, 392, 124084, 4283, 19948, 9911, 2770, 170393, 17087, 8423, 15483, 11, 170393, 25816, 16012, 147014, 27525, 96420, 11, 31389, 19948, 3710, 2770, 11061, 28628, 15494, 5947, 7663, 8970, 98, 7820, 7820, 147014, 80324, 2186, 51065, 69024, 18, 19613, 25, 132405, 42371, 72503, 12809, 15483, 3408, 32697, 17677, 136821, 12943, 119, 3956, 107393, 14108, 131355, 9911, 24795, 31097, 164982, 13, 659, 392, 3908, 24165, 42371, 72503, 12809, 15483, 2770, 49585, 30598, 24038, 18197, 3710, 152544, 136125, 72503, 12809, 15483, 3107, 22643, 5650, 142343, 11226, 33628, 16662, 37151, 3281, 95993, 220, 2241, 4, 4081, 37151, 70105, 6924, 8963, 20597, 6635, 19, 19613, 25, 132405, 42371, 72503, 12809, 15483, 3408, 27433, 12145, 121551, 11440, 161088, 56216, 54837, 136821, 12468, 4283, 33337, 3710, 24795, 31097, 164982, 13, 659, 392, 15483, 62283, 17097, 13405, 4740, 220, 1323, 20, 12622, 42070, 132405, 42371, 72503, 12809, 15483, 4831, 162462, 220, 17, 4, 54743, 8009, 252, 55496, 24099, 14812, 11049, 17231, 11, 140463, 13405, 22643, 59945, 3281, 54788, 20981, 55032, 11423, 220, 17953, 15, 12622, 40789, 220, 2789, 4, 37046, 55032, 6924, 195802, 6635, 20, 19613, 25, 132405, 42371, 72503, 12809, 15483, 4831, 143242, 23553, 3408, 110848, 9871, 108847, 4831, 109676, 33337, 3710, 101169, 31412, 24795, 31097, 164982, 13, 659, 392, 144799, 7663, 83564, 132405, 42371, 72503, 12809, 15483, 27525, 3408, 24099, 14812, 92273, 60459, 27708, 3956, 69024, 29538, 28755, 14296, 56208, 25, 220, 16, 19613]","[0.5, 0.5, 0.5, 0.5, 0.5, 0.5, 0.5, 0.5, 0.5, 0.5, 0.5, 0.5, 0.5, 0.5, 0.5, 0.5, 0.5, 0.5, 0.5, 0.5, 0.5, 0.5, 0.5, 0.5, 0.5, 0.5, 0.5, 0.5, 0.5, 0.5, 0.5, 0.5, 0.5, 0.5, 0.5, 0.5, 0.5, 0.5, 0.5, 0.5, 0.5, 0.5, 0.5, 0.5, 0.5, 0.5, 0.5, 0.5, 0.5, 0.5, 0.5, 0.5, 0.5, 0.5, 0.5, 0.5, 0.5, 0.5, 0.5, 0.5, 0.5, 0.5, 0.5, 0.5, 0.5, 0.5, 0.5, 0.5, 0.5, 0.5, 0.5, 0.5, 0.5, 0.5, 0.5, 0.5, 0.5, 0.5, 0.5, 0.5, 0.5, 0.5, 0.5, 0.5, 0.5, 0.5, 0.5, 0.5, 0.5, 0.5, 0.5, 0.5, 0.5, 0.5, 0.5, 0.5, 0.5, 0.5, 0.5, 0.5, 0.5, 0.5, 0.5, 0.5, 0.5, 0.5, 0.5, 0.5, 0.5, 0.5, 0.5, 0.5, 0.5, 0.5, 0.5, 0.5, 0.5, 0.5, 0.5, 0.5, 0.5, 0.5, 0.5, 0.5, 0.5, 0.5, 0.5, 0.5, 0.5, 0.5, 0.5, 0.5, 0.5, 0.5, 0.5, 0.5, 0.5, 0.5, 0.5, 0.5, 0.5, 0.5, 0.5, 0.5, 0.5, 0.5, 0.5, 0.5, 0.5, 0.5, 0.5, 0.5, 0.5, 0.5, 0.5, 0.5, 0.5, 0.5, 0.5, 0.5, 0.5, 0.5, 0.5, 0.5, 0.5, 0.5, 0.5, 0.5, 0.5, 0.5, 0.5, 0.5, 0.5, 0.5, 0.5, 0.5, 0.5, 0.5, 0.5, 0.5, 0.5, 0.5, 0.5, 0.5, 0.5, 0.5, 0.5, 0.5, 0.5, 0.5, 0.5, 0.5, 0.5, 0.5, 0.5, 0.5, 0.5, 0.5, 0.5, 0.5, 0.5, 0.5, 0.5, 0.5, 0.5, 0.5, 0.5, 0.5, 0.5, 0.5, 0.5, 0.5, 0.5, 0.5, 0.5, 0.5, 0.5, 0.5, 0.5, 0.5, 0.5, 0.5, 0.5, 0.5, 0.5, 0.5, 0.5, 0.5, 0.5, 0.5, 0.5, 0.5, 0.5, 0.5, 0.5, 0.5, 0.5, 0.5, 0.5, 0.5, 0.5, 0.5, 0.5, 0.5, 0.5, 0.5, 0.5, 0.5, 0.5, 0.5, 0.5, 0.5, 0.5, 0.5, 0.5, 0.5, 0.5, 0.5, 0.5, 0.5, 0.5, 0.5, 0.5, 0.5, 0.5, 0.5, 0.5, 0.5, 0.5, 0.5, 0.5, 0.5, 0.5, 0.5, 0.5, 0.5, 0.5, 0.5, 0.5, 0.5, 0.5, 0.5, 0.5, 0.5, 0.5, 0.5, 0.5, 0.5, 0.5, 0.5, 0.5, 0.5, 0.5, 0.5, 0.5, 0.5, 0.5, 0.5, 0.5, 0.5, 0.5, 0.5, 0.5, 0.5, 0.5, 0.5, 0.5, 0.5, 0.5, 0.5, 0.5, 0.5]",2
2025_11_KICE_43-45_1,['5(2)'],"1번: 앞으로 항공편을 선택할 때는 비용보다는 환경을 고려해 보면 어떨까? 지속 가능 항공유를 사용한 비행기를 선택한다면 지구 온난화를 늦출 수 있다.  
""(지속 가능 항공유는 별도로 비행기를 개조할 필요 없이 기존 항공유와 혼합하여 사용할 수 있어 효율적이다. 그리고 탄소 배출량을 줄일 수 있어 친환경적이다.)""

2번: 이제는 일상생활에서도 탄소 배출량을 줄이기 위한 노력이 필요한 시점이다. 비행기로 여행할 때 수하물의 무게를 줄여 환경을 위한 발걸음에 동참하면 어떨까?  
""(지속 가능 항공유의 혼합 비율을 점차 높여 가는 것은 어떨까?)""  
→ 지문에는 수하물 무게와 관련된 내용이 언급되지 않았습니다.

3번: 지속 가능 항공유의 혼합 비율을 더 높일수록 탄소 배출량을 더 많이 감축할 수 있다. 환경을 위해 지속 가능 항공유의 혼합 비율을 점차 높여 가는 것은 어떨까?  
""(유럽연합은 2025년부터 지속 가능 항공유를 최소 2% 이상 섞도록 의무화하고, 혼합 비율을 점차 높여 2050년에는 70%까지 높일 예정이다.)""  
→ 이는 국가 정책에 관한 내용으로, 학생의 실천과는 직접적인 관련이 없습니다.

4번: 많은 국가들이 지속 가능 항공유의 사용에 동참한다면 화석 연료 사용량을 줄일 수 있다. 화석 연료 사용량이 줄어들 때 지구는 더 건강해질 수 있지 않을까?  
""(유럽연합은 작물 기반 바이오 연료의 사용은 규제하고 있다.)""  
→ 화석 연료 사용 감소는 맞지만, 직접적인 학생의 실천 제안과는 거리가 있습니다.

5번: 지속 가능 항공유의 사용을 확대하면 탄소 배출량을 줄여 기후 위기에 대응할 수 있다. 비행기를 타야 한다면, 되도록 탄소 배출량이 더 적은 항공편을 이용하면 어떨까?  
""(지속 가능 항공유는 화석 연료로 만든 기존 항공유에 비해 탄소 배출량을 최대 80%가량 줄일 수 있다.)""

최종 정답: 5번","[16, 19613, 25, 163087, 72503, 12809, 34027, 3281, 64620, 13070, 23553, 2770, 152267, 8122, 53957, 110878, 3281, 163084, 5650, 138078, 51190, 101, 17706, 30, 132405, 42371, 72503, 12809, 15483, 4831, 27525, 3748, 22643, 15719, 54668, 64620, 29423, 9018, 12688, 10997, 54709, 26188, 92273, 35216, 99, 16662, 8963, 20597, 13, 4066, 71649, 3908, 24165, 42371, 72503, 12809, 15483, 2770, 95915, 154310, 22643, 15719, 54668, 21945, 14844, 13070, 49692, 111626, 136125, 72503, 12809, 15483, 12753, 140463, 13405, 31412, 143242, 8963, 60147, 78324, 59945, 9871, 24088, 13, 68036, 142343, 11226, 33628, 16662, 37151, 3281, 70105, 6924, 8963, 60147, 79409, 183811, 9871, 24088, 8476, 2678, 17, 19613, 25, 124037, 2770, 18129, 8612, 196290, 138030, 142343, 11226, 33628, 16662, 37151, 3281, 70105, 2186, 4283, 52294, 38985, 140178, 115077, 12468, 24206, 24088, 13, 22643, 15719, 152240, 106857, 13070, 23553, 8963, 3131, 19948, 3408, 25789, 7996, 4831, 70105, 11423, 110878, 3281, 52294, 26370, 59762, 14862, 3107, 27997, 52297, 56791, 51190, 101, 17706, 30, 4066, 71649, 3908, 24165, 42371, 72503, 12809, 15483, 3408, 140463, 13405, 22643, 59945, 3281, 54788, 20981, 55032, 11423, 9919, 2770, 66371, 51190, 101, 17706, 16918, 1, 4066, 20216, 12688, 11397, 40789, 8963, 3131, 19948, 25789, 7996, 12753, 60286, 17498, 69634, 2186, 69163, 28868, 118797, 120180, 12020, 364, 18, 19613, 25, 132405, 42371, 72503, 12809, 15483, 3408, 140463, 13405, 22643, 59945, 3281, 28526, 55032, 6924, 7820, 18490, 142343, 11226, 33628, 16662, 37151, 3281, 28526, 69815, 35566, 46982, 13070, 8963, 20597, 13, 110878, 3281, 35817, 132405, 42371, 72503, 12809, 15483, 3408, 140463, 13405, 22643, 59945, 3281, 54788, 20981, 55032, 11423, 9919, 2770, 66371, 51190, 101, 17706, 30, 4066, 71649, 15483, 62283, 17097, 13405, 4740, 220, 1323, 20, 12622, 42070, 132405, 42371, 72503, 12809, 15483, 4831, 162462, 220, 17, 4, 54743, 8009, 252, 55496, 24099, 14812, 11049, 17231, 11, 140463, 13405, 22643, 59945, 3281, 54788, 20981, 55032, 11423, 220, 17953, 15, 12622, 40789, 220, 2789, 4, 37046, 55032, 6924, 195802, 8476, 1, 4066, 20216, 164439, 109676, 137601, 3107, 137026, 69634, 9911, 11, 107850, 3408, 27365, 24067, 8562, 2770, 103492, 31763, 60286, 2186, 84652, 364, 19, 19613, 25, 55136, 109676, 33135, 132405, 42371, 72503, 12809, 15483, 3408, 27525, 3107, 27997, 52297, 29423, 9018, 49585, 30598, 24038, 18197, 27525, 37151, 3281, 70105, 6924, 8963, 20597, 13, 49585, 30598, 24038, 18197, 27525, 37151, 2186, 70105, 5959, 8635, 23553, 12688, 10997, 2770, 28526, 109978, 5650, 30570, 8963, 7017, 3908, 134262, 17706, 30, 4066, 71649, 15483, 62283, 17097, 13405, 4740, 31389, 19948, 145212, 164152, 12354, 24038, 18197, 3408, 27525, 4740, 78021, 8021, 17231, 20597, 8476, 1, 4066, 20216, 49585, 30598, 24038, 18197, 27525, 180727, 2770, 55640, 29560, 11, 103492, 31763, 107850, 3408, 27365, 24067, 14377, 14307, 8562, 2770, 29929, 93614, 25824, 364, 20, 19613, 25, 132405, 42371, 72503, 12809, 15483, 3408, 27525, 3281, 152844, 56791, 142343, 11226, 33628, 16662, 37151, 3281, 70105, 11423, 11061, 21206, 16302, 76378, 194885, 13070, 8963, 20597, 13, 22643, 15719, 54668, 57380, 15494, 46609, 9018, 11, 28647, 55496, 142343, 11226, 33628, 16662, 37151, 2186, 28526, 36675, 4740, 72503, 12809, 34027, 3281, 49647, 56791, 51190, 101, 17706, 30, 4066, 71649, 3908, 24165, 42371, 72503, 12809, 15483, 2770, 49585, 30598, 24038, 18197, 3710, 152544, 136125, 72503, 12809, 15483, 3107, 22643, 5650, 142343, 11226, 33628, 16662, 37151, 3281, 95993, 220, 2241, 4, 4081, 37151, 70105, 6924, 8963, 20597, 8476, 2678, 29538, 28755, 14296, 56208, 25, 220, 20, 19613]","[0.5, 0.5, 0.5, 0.5, 0.5, 0.5, 0.5, 0.5, 0.5, 0.5, 0.5, 0.5, 0.5, 0.5, 0.5, 0.5, 0.5, 0.5, 0.5, 0.5, 0.5, 0.5, 0.5, 0.5, 0.5, 0.5, 0.5, 0.5, 0.5, 0.5, 0.5, 0.5, 0.5, 0.5, 0.5, 0.5, 0.5, 0.5, 0.5, 0.5, 0.5, 0.5, 0.5, 0.5, 0.5, 0.5, 0.5, 0.5, 0.5, 0.5, 0.5, 0.5, 0.5, 0.5, 0.5, 0.5, 0.5, 0.5, 0.5, 0.5, 0.5, 0.5, 0.5, 0.5, 0.5, 0.5, 0.5, 0.5, 0.5, 0.5, 0.5, 0.5, 0.5, 0.5, 0.5, 0.5, 0.5, 0.5, 0.5, 0.5, 0.5, 0.5, 0.5, 0.5, 0.5, 0.5, 0.5, 0.5, 0.5, 0.5, 0.5, 0.5, 0.5, 0.5, 0.5, 0.5, 0.5, 0.5, 0.5, 0.5, 0.5, 0.5, 0.5, 0.5, 0.5, 0.5, 0.5, 0.5, 0.5, 0.5, 0.5, 0.5, 0.5, 0.5, 0.5, 0.5, 0.5, 0.5, 0.5, 0.5, 0.5, 0.5, 0.5, 0.5, 0.5, 0.5, 0.5, 0.5, 0.5, 0.5, 0.5, 0.5, 0.5, 0.5, 0.5, 0.5, 0.5, 0.5, 0.5, 0.5, 0.5, 0.5, 0.5, 0.5, 0.5, 0.5, 0.5, 0.5, 0.5, 0.5, 0.5, 0.5, 0.5, 0.5, 0.5, 0.5, 0.5, 0.5, 0.5, 0.5, 0.5, 0.5, 0.5, 0.5, 0.5, 0.5, 0.5, 0.5, 0.5, 0.5, 0.5, 0.5, 0.5, 0.5, 0.5, 0.5, 0.5, 0.5, 0.5, 0.5, 0.5, 0.5, 0.5, 0.5, 0.5, 0.5, 0.5, 0.5, 0.5, 0.5, 0.5, 0.5, 0.5, 0.5, 0.5, 0.5, 0.5, 0.5, 0.5, 0.5, 0.5, 0.5, 0.5, 0.5, 0.5, 0.5, 0.5, 0.5, 0.5, 0.5, 0.5, 0.5, 0.5, 0.5, 0.5, 0.5, 0.5, 0.5, 0.5, 0.5, 0.5, 0.5, 0.5, 0.5, 0.5, 0.5, 0.5, 0.5, 0.5, 0.5, 0.5, 0.5, 0.5, 0.5, 0.5, 0.5, 0.5, 0.5, 0.5, 0.5, 0.5, 0.5, 0.5, 0.5, 0.5, 0.5, 0.5, 0.5, 0.5, 0.5, 0.5, 0.5, 0.5, 0.5, 0.5, 0.5, 0.5, 0.5, 0.5, 0.5, 0.5, 0.5, 0.5, 0.5, 0.5, 0.5, 0.5, 0.5, 0.5, 0.5, 0.5, 0.5, 0.5, 0.5, 0.5, 0.5, 0.5, 0.5, 0.5, 0.5, 0.5, 0.5, 0.5, 0.5, 0.5, 0.5, 0.5, 0.5, 0.5, 0.5, 0.5, 0.5, 0.5, 0.5, 0.5, 0.5, 0.5, 0.5, 0.5, 0.5, 0.5, 0.5, 0.5, 0.5, 0.5, 0.5, 0.5, 0.5, 0.5, 0.5, 0.5, 0.5, 0.5, 0.5, 0.5, 0.5, 0.5, 0.5, 0.5, 0.5, 0.5, 0.5, 0.5, 0.5, 0.5, 0.5, 0.5, 0.5, 0.5, 0.5, 0.5, 0.5, 0.5, 0.5, 0.5, 0.5, 0.5, 0.5, 0.5, 0.5, 0.5, 0.5, 0.5, 0.5, 0.5, 0.5, 0.5, 0.5, 0.5, 0.5, 0.5, 0.5, 0.5, 0.5, 0.5, 0.5, 0.5, 0.5, 0.5, 0.5, 0.5, 0.5, 0.5, 0.5, 0.5, 0.5, 0.5, 0.5, 0.5, 0.5, 0.5, 0.5, 0.5, 0.5, 0.5, 0.5, 0.5, 0.5, 0.5, 0.5, 0.5, 0.5, 0.5, 0.5, 0.5, 0.5, 0.5, 0.5, 0.5, 0.5, 0.5, 0.5, 0.5, 0.5, 0.5, 0.5, 0.5, 0.5, 0.5, 0.5, 0.5, 0.5, 0.5, 0.5, 0.5, 0.5, 0.5, 0.5, 0.5, 0.5, 0.5, 0.5, 0.5, 0.5, 0.5, 0.5, 0.5, 0.5, 0.5, 0.5, 0.5, 0.5, 0.5, 0.5, 0.5, 0.5, 0.5, 0.5, 0.5, 0.5, 0.5, 0.5, 0.5, 0.5, 0.5, 0.5, 0.5, 0.5, 0.5, 0.5, 0.5, 0.5, 0.5, 0.5, 0.5, 0.5, 0.5, 0.5, 0.5, 0.5, 0.5, 0.5, 0.5, 0.5, 0.5, 0.5, 0.5, 0.5, 0.5, 0.5, 0.5, 0.5, 0.5, 0.5, 0.5, 0.5, 0.5, 0.5, 0.5, 0.5, 0.5, 0.5, 0.5, 0.5, 0.5, 0.5, 0.5, 0.5, 0.5, 0.5, 0.5, 0.5, 0.5, 0.5, 0.5, 0.5, 0.5, 0.5, 0.5, 0.5, 0.5, 0.5, 0.5, 0.5, 0.5, 0.5, 0.5, 0.5, 0.5, 0.5, 0.5, 0.5, 0.5, 0.5, 0.5, 0.5, 0.5, 0.5, 0.5, 0.5, 0.5, 0.5, 0.5, 0.5, 0.5, 0.5, 0.5, 0.5, 0.5, 0.5, 0.5, 0.5, 0.5, 0.5, 0.5, 0.5, 0.5, 0.5, 0.5, 0.5, 0.5, 0.5, 0.5, 0.5, 0.5, 0.5, 0.5, 0.5, 0.5, 0.5, 0.5, 0.5, 0.5, 0.5, 0.5, 0.5, 0.5]",2
2025_11_KICE_43-45_2,['2(3)'],"1번: **적절함**  
*(지문 속 근거: ""2017년 즈음에 스웨덴에서 ‘플뤼그스캄(Flygskam)’ 운동이 일어났다. 이는 ‘비행기 타는 것을 부끄럽게 여긴다.’라는 의미로, 시간이 더 걸리더라도 환경을 생각하여 비행기 대신 기차를 타자는 것이다."")*

2번: **부적절함**  
*(지문 속 근거: ""유럽연합은 2025년부터 지속 가능 항공유를 최소 2% 이상 섞도록 의무화하고, 혼합 비율을 점차 높여 2050년에는 70%까지 높일 예정이다."")*  
*설명: ㄱ-2의 지속 가능 항공유 필요량 전망은 총 필요량의 증가를 보여주지만, 혼합 비율의 증가는 단순히 총 필요량과는 별개로 비율 자체의 증가를 의미하므로 직접적인 근거로 사용하기에 부적절합니다.*

3번: **적절함**  
*(지문 속 근거: ""유럽연합은 작물 기반 바이오 연료의 사용은 규제하고 있다."")*

4번: **적절함**  
*(지문 속 근거: ""지속 가능 항공유는 별도로 비행기를 개조할 필요 없이 기존 항공유와 혼합하여 사용할 수 있어 효율적이다. 그리고 탄소 배출량을 줄일 수 있어 친환경적이다."")*

5번: **적절함**  
*(지문 속 근거: ""우리나라는 지속 가능 항공유 사용의 의무화를 앞두고, 지속 가능 항공유의 부족 상황에 대비하고 있다. 정부는 기업을 지원하여 다양한 원료를 기반으로 한 지속 가능 항공유의 생산 기술을 고도화하고 석유 사업법 개정에 따른 관련 제도를 정비함으로써, 지속 가능 항공유의 공급 역량을 강화하고 있다."")*

**최종 정답: 2번**","[16, 19613, 25, 6240, 9871, 37100, 26077, 410, 4066, 14793, 3908, 11397, 58785, 71124, 17077, 25, 392, 667, 22, 12622, 36010, 230, 14862, 3107, 24264, 103096, 8136, 112, 11440, 2476, 36879, 186971, 120, 11946, 5648, 97938, 226, 12044, 84144, 3817, 313, 128825, 156963, 2186, 18129, 5959, 180210, 13, 164439, 2476, 12316, 15719, 4283, 57380, 2770, 61738, 20211, 198916, 62283, 7996, 21775, 79340, 2276, 15988, 83564, 102721, 3710, 11, 177018, 28526, 68511, 4960, 22463, 135591, 110878, 3281, 45341, 31412, 22643, 15719, 4283, 196925, 11061, 20981, 4831, 57380, 79784, 66580, 102659, 26289, 17, 19613, 25, 6240, 9814, 9871, 37100, 26077, 410, 4066, 14793, 3908, 11397, 58785, 71124, 17077, 25, 392, 15483, 62283, 17097, 13405, 4740, 220, 1323, 20, 12622, 42070, 132405, 42371, 72503, 12809, 15483, 4831, 162462, 220, 17, 4, 54743, 8009, 252, 55496, 24099, 14812, 11049, 17231, 11, 140463, 13405, 22643, 59945, 3281, 54788, 20981, 55032, 11423, 220, 17953, 15, 12622, 40789, 220, 2789, 4, 37046, 55032, 6924, 195802, 102659, 9, 4066, 9, 23955, 14822, 25, 150630, 109, 12, 17, 3408, 132405, 42371, 72503, 12809, 15483, 49692, 37151, 170560, 4740, 64009, 49692, 37151, 3408, 109238, 4831, 103585, 9273, 29560, 11, 140463, 13405, 22643, 59945, 3408, 56358, 93077, 38340, 49785, 20357, 64009, 49692, 37151, 8562, 2770, 95915, 13915, 3710, 22643, 59945, 147004, 3408, 109238, 4831, 102721, 3131, 114942, 103492, 31763, 71124, 17077, 3710, 27525, 33181, 3107, 20211, 9871, 37100, 24490, 83283, 18, 19613, 25, 6240, 9871, 37100, 26077, 410, 4066, 14793, 3908, 11397, 58785, 71124, 17077, 25, 392, 15483, 62283, 17097, 13405, 4740, 31389, 19948, 145212, 164152, 12354, 24038, 18197, 3408, 27525, 4740, 78021, 8021, 17231, 20597, 102659, 26289, 19, 19613, 25, 6240, 9871, 37100, 26077, 410, 4066, 14793, 3908, 11397, 58785, 71124, 17077, 25, 392, 3908, 24165, 42371, 72503, 12809, 15483, 2770, 95915, 154310, 22643, 15719, 54668, 21945, 14844, 13070, 49692, 111626, 136125, 72503, 12809, 15483, 12753, 140463, 13405, 31412, 143242, 8963, 60147, 78324, 59945, 9871, 24088, 13, 68036, 142343, 11226, 33628, 16662, 37151, 3281, 70105, 6924, 8963, 60147, 79409, 183811, 9871, 24088, 102659, 26289, 20, 19613, 25, 6240, 9871, 37100, 26077, 410, 4066, 14793, 3908, 11397, 58785, 71124, 17077, 25, 392, 144799, 7663, 83564, 132405, 42371, 72503, 12809, 15483, 27525, 3408, 24099, 14812, 92273, 60459, 27708, 3956, 11, 132405, 42371, 72503, 12809, 15483, 3408, 178414, 85368, 3107, 160735, 17231, 20597, 13, 97785, 2770, 82942, 3281, 59898, 31412, 72263, 32518, 18197, 4831, 145212, 9911, 14680, 132405, 42371, 72503, 12809, 15483, 3408, 131683, 81182, 3281, 22652, 5827, 11049, 17231, 8009, 251, 15483, 73633, 22070, 21945, 7329, 3107, 156265, 60286, 14377, 123067, 14296, 12316, 26077, 9911, 102717, 11, 132405, 42371, 72503, 12809, 15483, 3408, 153108, 48011, 37151, 3281, 147283, 17231, 20597, 102659, 26289, 410, 29538, 28755, 14296, 56208, 25, 220, 17, 19613, 410]","[0.5, 0.5, 0.5, 0.5, 0.5, 0.5, 0.5, 0.5, 0.5, 0.5, 0.5, 0.5, 0.5, 0.5, 0.5, 0.5, 0.5, 0.5, 0.5, 0.5, 0.5, 0.5, 0.5, 0.5, 0.5, 0.5, 0.5, 0.5, 0.5, 0.5, 0.5, 0.5, 0.5, 0.5, 0.5, 0.5, 0.5, 0.5, 0.5, 0.5, 0.5, 0.5, 0.5, 0.5, 0.5, 0.5, 0.5, 0.5, 0.5, 0.5, 0.5, 0.5, 0.5, 0.5, 0.5, 0.5, 0.5, 0.5, 0.5, 0.5, 0.5, 0.5, 0.5, 0.5, 0.5, 0.5, 0.5, 0.5, 0.5, 0.5, 0.5, 0.5, 0.5, 0.5, 0.5, 0.5, 0.5, 0.5, 0.5, 0.5, 0.5, 0.5, 0.5, 0.5, 0.5, 0.5, 0.5, 0.5, 0.5, 0.5, 0.5, 0.5, 0.5, 0.5, 0.5, 0.5, 0.5, 0.5, 0.5, 0.5, 0.5, 0.5, 0.5, 0.5, 0.5, 0.5, 0.5, 0.5, 0.5, 0.5, 0.5, 0.5, 0.5, 0.5, 0.5, 0.5, 0.5, 0.5, 0.5, 0.5, 0.5, 0.5, 0.5, 0.5, 0.5, 0.5, 0.5, 0.5, 0.5, 0.5, 0.5, 0.5, 0.5, 0.5, 0.5, 0.5, 0.5, 0.5, 0.5, 0.5, 0.5, 0.5, 0.5, 0.5, 0.5, 0.5, 0.5, 0.5, 0.5, 0.5, 0.5, 0.5, 0.5, 0.5, 0.5, 0.5, 0.5, 0.5, 0.5, 0.5, 0.5, 0.5, 0.5, 0.5, 0.5, 0.5, 0.5, 0.5, 0.5, 0.5, 0.5, 0.5, 0.5, 0.5, 0.5, 0.5, 0.5, 0.5, 0.5, 0.5, 0.5, 0.5, 0.5, 0.5, 0.5, 0.5, 0.5, 0.5, 0.5, 0.5, 0.5, 0.5, 0.5, 0.5, 0.5, 0.5, 0.5, 0.5, 0.5, 0.5, 0.5, 0.5, 0.5, 0.5, 0.5, 0.5, 0.5, 0.5, 0.5, 0.5, 0.5, 0.5, 0.5, 0.5, 0.5, 0.5, 0.5, 0.5, 0.5, 0.5, 0.5, 0.5, 0.5, 0.5, 0.5, 0.5, 0.5, 0.5, 0.5, 0.5, 0.5, 0.5, 0.5, 0.5, 0.5, 0.5, 0.5, 0.5, 0.5, 0.5, 0.5, 0.5, 0.5, 0.5, 0.5, 0.5, 0.5, 0.5, 0.5, 0.5, 0.5, 0.5, 0.5, 0.5, 0.5, 0.5, 0.5, 0.5, 0.5, 0.5, 0.5, 0.5, 0.5, 0.5, 0.5, 0.5, 0.5, 0.5, 0.5, 0.5, 0.5, 0.5, 0.5, 0.5, 0.5, 0.5, 0.5, 0.5, 0.5, 0.5, 0.5, 0.5, 0.5, 0.5, 0.5, 0.5, 0.5, 0.5, 0.5, 0.5, 0.5, 0.5, 0.5, 0.5, 0.5, 0.5, 0.5, 0.5, 0.5, 0.5, 0.5, 0.5, 0.5, 0.5, 0.5, 0.5, 0.5, 0.5, 0.5, 0.5, 0.5, 0.5, 0.5, 0.5, 0.5, 0.5, 0.5, 0.5, 0.5, 0.5, 0.5, 0.5, 0.5, 0.5, 0.5, 0.5, 0.5, 0.5, 0.5, 0.5, 0.5, 0.5, 0.5, 0.5, 0.5, 0.5, 0.5, 0.5, 0.5, 0.5, 0.5, 0.5, 0.5, 0.5, 0.5, 0.5, 0.5, 0.5, 0.5, 0.5, 0.5, 0.5, 0.5, 0.5, 0.5, 0.5, 0.5, 0.5, 0.5, 0.5, 0.5, 0.5, 0.5, 0.5, 0.5, 0.5, 0.5, 0.5, 0.5, 0.5, 0.5, 0.5, 0.5, 0.5, 0.5, 0.5, 0.5, 0.5, 0.5, 0.5, 0.5, 0.5, 0.5, 0.5, 0.5, 0.5, 0.5, 0.5, 0.5, 0.5, 0.5, 0.5, 0.5, 0.5, 0.5, 0.5, 0.5, 0.5, 0.5, 0.5, 0.5, 0.5, 0.5, 0.5, 0.5, 0.5, 0.5, 0.5, 0.5, 0.5, 0.5, 0.5, 0.5, 0.5, 0.5, 0.5, 0.5, 0.5, 0.5, 0.5, 0.5, 0.5, 0.5, 0.5, 0.5, 0.5, 0.5, 0.5, 0.5, 0.5, 0.5, 0.5, 0.5, 0.5, 0.5, 0.5, 0.5, 0.5, 0.5, 0.5, 0.5, 0.5, 0.5, 0.5, 0.5, 0.5, 0.5, 0.5, 0.5, 0.5]",3
