qid,generation_gt,generated_texts,generated_tokens,generated_log_probs,kice_metric
2025_11_KICE_1-3_0,['3(2)'],"1번: 밑줄 긋기는 일반적인 독서 상황에서 도움이 된다. + ""밑줄 긋기는 일상적으로 유용하게 활용할 수 있는 독서 전략이다.""
2번: 밑줄 이외의 다른 기호를 밑줄 긋기에 사용하는 것이 가능하다. + ""또한 자신만의 밑줄 긋기 표시 체계를 세워 밑줄 이외에 다른 기호도 사용할 수 있다.""
3번: 밑줄 긋기는 누구나 연습 없이도 능숙하게 사용할 수 있는 전략이다. + ""밑줄 긋기는 어떠한 수준의 독자라도 쉽게 사용할 수 있다는 점 때문에 연습 없이 능숙하게 사용할 수 있다고 오해되어 온 경향이 있다.""
4번: 밑줄 긋기로 표시한 부분은 독자가 내용을 다시 찾아보는 데 유용하다. + ""표시한 부분이 일종의 색인과 같은 역할을 하여 독자가 내용을 다시 찾아보는 데에도 용이하다.""
5번: 밑줄 긋기로 표시한 부분이 독자에게 시각적인 자극을 주어 기억한 내용을 떠올리는 데 도움이 된다. + ""표시한 부분이 독자에게 시각적 자극을 주어 기억한 내용을 떠올리는 데 단서가 되기 때문이다.""
최종 정답: 3번 - 밑줄 긋기는 누구나 연습 없이도 능숙하게 사용할 수 있는 전략이다.","[16, 43144, 25, 1144, 3546, 3546, 3546, 1144, 3546, 21121, 16969, 84656, 3546, 3546, 82068, 32428, 1144, 3546, 27796, 59134, 3546, 47496, 57575, 1144, 3546, 3546, 3546, 13094, 1144, 3546, 13447, 13, 489, 330, 3546, 3546, 3546, 3546, 1144, 3546, 21121, 16969, 84656, 57002, 82068, 43139, 1144, 47496, 27797, 16582, 58901, 1144, 3546, 27797, 48936, 29833, 65621, 1144, 3546, 27796, 57519, 3546, 48859, 13094, 13447, 10246, 17, 43144, 25, 1144, 3546, 3546, 3546, 23955, 3546, 48859, 21028, 50467, 84065, 55216, 48424, 18918, 1144, 3546, 3546, 3546, 1144, 3546, 21121, 19954, 41820, 44005, 72208, 13094, 96451, 16582, 13447, 13, 489, 330, 3546, 3546, 3546, 24486, 65677, 83628, 73653, 21028, 1144, 3546, 3546, 3546, 1144, 3546, 21121, 1144, 3546, 30426, 1144, 48859, 3546, 3546, 18918, 1144, 48859, 3546, 3546, 1144, 3546, 3546, 3546, 23955, 3546, 48859, 19954, 50467, 84065, 55216, 48424, 49085, 41820, 48936, 29833, 91786, 10246, 18, 43144, 25, 1144, 3546, 3546, 3546, 1144, 3546, 21121, 16969, 1144, 3546, 3546, 89359, 61415, 78453, 36630, 47782, 13094, 49085, 1144, 3546, 47496, 3546, 3546, 3546, 16582, 58901, 41820, 48936, 29833, 65621, 57519, 3546, 48859, 13094, 13447, 13, 489, 330, 3546, 3546, 3546, 3546, 1144, 3546, 21121, 16969, 1144, 48859, 3546, 3546, 47496, 24486, 29833, 3546, 3546, 21028, 1144, 3546, 26799, 51440, 49085, 1144, 3546, 3546, 58901, 41820, 48936, 29833, 91786, 16969, 1144, 3546, 54718, 52688, 19954, 78453, 36630, 47782, 13094, 1144, 3546, 47496, 3546, 3546, 3546, 16582, 58901, 41820, 48936, 29833, 91786, 35495, 74177, 34983, 65219, 32179, 1144, 47496, 44215, 3546, 3546, 47496, 13094, 91786, 10246, 19, 43144, 25, 1144, 3546, 3546, 3546, 1144, 3546, 21121, 17835, 1144, 3546, 30426, 24486, 86503, 80816, 34804, 1144, 3546, 26799, 20565, 67236, 27797, 18359, 50467, 30426, 1144, 3546, 54059, 42771, 16969, 1144, 3546, 1144, 47496, 27797, 16582, 13447, 13, 489, 330, 3546, 3546, 30426, 24486, 86503, 80816, 13094, 84656, 3546, 47496, 3546, 21028, 1144, 3546, 3546, 32428, 54780, 79474, 34804, 1144, 3546, 48936, 18359, 55000, 58126, 1144, 3546, 26799, 20565, 67236, 27797, 18359, 50467, 30426, 1144, 3546, 54059, 42771, 16969, 1144, 3546, 19954, 49085, 1144, 47496, 13094, 16582, 13447, 10246, 20, 43144, 25, 1144, 3546, 3546, 3546, 1144, 3546, 21121, 17835, 1144, 3546, 30426, 24486, 86503, 80816, 13094, 1144, 3546, 26799, 19954, 58901, 45618, 3546, 3546, 82068, 32428, 65677, 3546, 48859, 18359, 56773, 32179, 55216, 3546, 48859, 24486, 67236, 27797, 18359, 1144, 3546, 47496, 3546, 3546, 29102, 16969, 1144, 3546, 1144, 3546, 3546, 3546, 13094, 1144, 3546, 13447, 13, 489, 330, 3546, 3546, 30426, 24486, 86503, 80816, 13094, 1144, 3546, 26799, 19954, 58901, 45618, 3546, 3546, 82068, 65677, 3546, 48859, 18359, 56773, 32179, 55216, 3546, 48859, 24486, 67236, 27797, 18359, 1144, 3546, 47496, 3546, 3546, 29102, 16969, 1144, 3546, 1144, 47496, 27796, 20565, 98243, 21121, 54718, 52688, 13094, 13447, 10246, 3546, 48859, 3546, 47496, 3546, 37155, 3546, 48859, 25, 220, 18, 43144, 482, 1144, 3546, 3546, 3546, 1144, 3546, 21121, 16969, 1144, 3546, 3546, 89359, 61415, 78453, 36630, 47782, 13094, 49085, 1144, 3546, 47496, 3546, 3546, 3546, 16582, 58901, 41820, 48936, 29833, 65621, 57519, 3546, 48859, 13094, 13447, 13]","[-0.0024373778, -3.4121115e-06, -0.0011555781, -0.014763322, -2.3319124e-05, -6.704273e-07, 0.0, -0.00186736, -3.1281633e-07, -9.0883464e-07, -0.0014379699, -9.639097e-05, -1.2590794e-05, -1.3067608e-05, -3.1281633e-07, -0.00016134596, -7.703444e-06, -5.5122365e-07, -6.2729996e-06, -4.246537e-06, 0.0, 0.0, -0.00057841215, -0.020124638, -8.9834764e-05, -2.9352968e-06, 0.0, -1.147242e-06, -0.00057292875, 0.0, -1.504853e-06, -0.0034711827, -0.37068817, -0.0012459473, -0.06274262, -0.0003061454, -6.0345924e-06, -1.9361265e-07, -0.00034058793, -1.9361265e-07, -8.061054e-06, -8.077529e-05, -0.09545201, -0.38001606, -1.9361265e-07, -7.822647e-06, -1.147242e-06, -1.2664457e-06, -7.89631e-07, -3.1281633e-07, -2.1411865e-05, -1.9361265e-07, -9.0883464e-07, -4.3202e-07, -1.9361265e-07, -4.3202e-07, -5.5122365e-07, -9.968313e-06, -7.465036e-06, -2.6299214e-05, -4.1273333e-06, -4.1273333e-06, -1.8624639e-06, -0.00026932248, -1.7597347e-05, -0.0051922514, -0.054488152, -6.749814e-06, -0.00016742534, -0.0010524577, -5.3193703e-06, -4.3202e-07, 0.0, -4.3941356e-05, -3.1281633e-07, -6.704273e-07, -1.2113979e-05, -6.0345924e-06, -4.9617593e-06, -3.888926e-06, -1.0683535e-05, -1.0280384e-06, -4.1273333e-06, -6.704273e-07, -1.9361265e-07, 0.0, -1.4855664e-05, -1.9361265e-07, -9.0883464e-07, -1.3856493e-06, -1.9361265e-07, -6.9882217e-06, -3.1737043e-06, -2.6968896e-06, -1.60477e-05, 0.0, 0.0, -0.01145155, -0.00024287392, -9.2457245e-05, -0.089186564, -1.4140442e-05, 0.0, -7.107425e-06, -2.9875326e-05, -5.5577775e-06, -3.1281633e-07, -3.0545007e-06, -2.577686e-06, -3.1281633e-07, -1.9361265e-07, 0.0, -2.1054253e-05, 0.0, -1.147242e-06, -5.9153886e-06, -3.1281633e-07, -7.3458323e-06, -1.147242e-06, 0.0, -5.2001665e-06, 0.0, -3.1281633e-07, -1.9361265e-07, 0.0, 0.0, 0.0, -0.000103662394, -1.0280384e-06, -1.9361265e-07, 0.0, -1.9816675e-06, -1.9361265e-07, 0.0, -7.226629e-06, -2.9352968e-06, -1.3544423e-05, -2.8160932e-06, -4.1080468e-05, -1.9361265e-07, -6.704273e-07, -1.9361265e-07, -3.5313153e-06, -3.5597102e-05, -0.0015661651, -6.6306106e-06, -1.0921943e-05, -0.0001039008, -0.00030733744, -5.5122365e-07, -4.3202e-07, 0.0, -1.0280384e-06, 0.0, -4.3202e-07, -1.7432603e-06, -0.00024691585, -1.2664457e-06, 0.0, -3.650519e-06, -1.9361265e-07, -4.3202e-07, 0.0, -1.5809293e-05, -3.1281633e-07, -9.0883464e-07, -1.3186812e-05, -1.9361265e-07, 0.0, -4.4849444e-06, 0.0, 0.0, 0.0, -1.9361265e-07, 0.0, -1.9361265e-07, -5.5122365e-07, -6.704273e-07, -1.3663626e-05, 0.0, -3.1281633e-07, -6.704273e-07, -2.9352968e-06, -0.0024613834, -0.012957387, -0.0018280998, -0.03031847, -9.73446e-05, -8.89548e-06, -3.1281633e-07, -9.3530085e-05, 0.0, -5.080963e-06, -0.0028940362, -0.0006525091, -1.2664457e-06, -5.025915e-05, -5.5577775e-06, -4.723352e-06, 0.0, -3.650519e-06, -6.704273e-07, 0.0, -1.9361265e-07, -3.2929079e-06, -1.8624639e-06, -3.1281633e-07, -3.488188e-05, -1.9361265e-07, -8.9357956e-05, -1.9816675e-06, -3.1281633e-07, -9.372295e-06, -4.3202e-07, -5.5122365e-07, -4.3202e-07, -0.00047130667, -0.00012190055, -0.008497324, -9.253091e-06, -0.0016550636, -4.3202e-07, -1.3306016e-05, -4.3464544e-05, -4.3202e-07, -3.7265952e-05, -1.504853e-06, -3.368984e-05, -5.5122365e-07, -7.89631e-07, -3.6908343e-05, 0.0, 0.0, -1.2664457e-06, -3.0545007e-06, -6.704273e-07, -1.6240566e-06, -1.0280384e-06, -4.0842064e-05, -2.5583993e-05, -8.602025e-05, -1.2113979e-05, -1.0325924e-05, -3.1737043e-06, -0.0017488421, -5.080963e-06, -0.035265476, -3.8457987e-05, -1.9361265e-07, 0.0, -3.631232e-05, -2.5226382e-05, -0.002166556, -3.9292416e-05, -1.3186812e-05, -0.00031770815, -0.00012415809, 0.0, -1.9361265e-07, 0.0, -9.0883464e-07, 0.0, -3.1281633e-07, -9.0883464e-07, -2.9352968e-06, -3.1281633e-07, -4.604148e-06, -1.9361265e-07, -1.0280384e-06, -1.2664457e-06, -9.0883464e-07, -2.3392786e-06, 0.0, 0.0, -3.1281633e-07, -1.6240566e-06, -1.9361265e-07, 0.0, -1.147242e-06, 0.0, -4.3202e-07, 0.0, 0.0, -4.3202e-07, 0.0, -8.657073e-06, 0.0, -7.703444e-06, -3.1281633e-07, -1.9361265e-07, -4.3202e-07, 0.0, -0.00024311233, -0.00014036978, -0.00012976067, -0.2107347, -0.0016857705, -3.7742768e-05, -3.1737043e-06, -3.888926e-06, -2.6968896e-06, -0.0001530017, -0.021124726, 0.0, -2.1008714e-06, 0.0, -3.1281633e-07, -3.5313153e-06, -7.89631e-07, -1.0280384e-06, -2.9352968e-06, -3.0545007e-06, -1.9361265e-07, -1.9361265e-07, -1.9361265e-07, 0.0, 0.0, -2.6968896e-06, -3.1281633e-07, -1.9361265e-07, -7.703444e-06, -1.2664457e-06, -1.9361265e-07, -3.1281633e-07, -2.4584822e-06, -1.6240566e-06, -3.1281633e-07, -6.749814e-06, -9.0883464e-07, -1.4498052e-05, -3.1281633e-07, -3.1281633e-07, -1.7239736e-05, -3.4121115e-06, -1.50940705e-05, 0.0, -0.0010260202, -4.3202e-07, -1.6240566e-06, -6.704273e-07, -4.3202e-07, -1.8624639e-06, 0.0, -0.0012649979, -1.9146995e-05, -3.7146747e-05, -0.00011427152, -0.001105683, 0.0, -4.3202e-07, 0.0, -1.7432603e-06, 0.0, -6.704273e-07, -1.504853e-06, -5.5122365e-07, -5.5122365e-07, -9.0883464e-07, -3.1281633e-07, -6.704273e-07, -6.704273e-07, -2.220075e-06, -2.9352968e-06, 0.0, 0.0, -4.365741e-06, 0.0, -2.3392786e-06, 0.0, 0.0, -1.9361265e-07, -0.00066764065, 0.0, 0.0, 0.0, -4.3202e-07, -6.704273e-07, -4.3202e-07, -1.147242e-06, -3.1281633e-07, 0.0, -1.2664457e-06, -6.704273e-07, -1.3856493e-06, -1.9361265e-07, -5.5122365e-07, -4.3202e-07, 0.0, 0.0, 0.0, -1.0280384e-06, -3.7697225e-06, -4.4849444e-06, 0.0, -0.00042828516, -3.2929079e-06, -7.89631e-07, 0.0, 0.0, -3.9650025e-05, 0.0, -4.3202e-07, -0.0011554589, -0.0004123192, -0.00018351417, -0.010230551, -7.648396e-05, -1.6524515e-05, -4.723352e-06, -6.704273e-07, -7.465036e-06, -0.001855104, -9.4914985e-06, -4.00813e-06, 0.0, -7.3458323e-06, -3.1281633e-07, -4.4849444e-06, -1.9361265e-07, 0.0, -7.89631e-07, -6.0345924e-06, -4.3202e-07, 0.0, -3.1281633e-07, -2.6968896e-06, -9.0883464e-07, -3.1281633e-07, -6.704273e-07, 0.0, -3.2929079e-06, -1.147242e-06, -2.8160932e-06, -1.8624639e-06, -1.7432603e-06, -5.4385737e-06, -4.3202e-07, -1.0683535e-05, -1.9361265e-07, -6.392203e-06, -8.180258e-06, -4.4849444e-06, 0.0, -6.921253e-05, -1.8624639e-06, -5.3596854e-05, -3.1281633e-07, -3.7697225e-06, -4.1914896e-05, -1.6240566e-06, -7.89631e-07, -0.0007156504, -2.3392786e-06, -0.2101222, -3.6669935e-05, 0.0, -3.1281633e-07, 0.0, 0.0, -1.504853e-06, -3.1281633e-07, 0.0, -0.00014883325, -5.3239244e-05, -0.00016837897, -2.1008714e-06, -0.0016724453, -0.0024200105, -6.704273e-07, -1.6240566e-06, 0.0, -3.4121115e-06, 0.0, -3.5313153e-06, -4.365741e-06, -0.000127615, -1.504853e-06, 0.0, -9.0883464e-07, -1.0280384e-06, -1.2664457e-06, 0.0, -1.60477e-05, -6.704273e-07, -1.5451682e-05, -4.1557283e-05, 0.0, 0.0, -4.246537e-06, 0.0, 0.0, 0.0, -1.6240566e-06, -4.3202e-07, -7.89631e-07, -7.89631e-07, -6.704273e-07, -8.537869e-06, -3.1281633e-07, 0.0, -1.9361265e-07, -2.3080716e-05, -0.0001242773]",2
2025_11_KICE_1-3_1,['4(2)'],"4번: 주요한 정보를 추릴 수 있도록 자신이 만든 밑줄 긋기 표시 체계에 따라 밑줄 긋기를 한다. + ""우선 글을 읽는 중에는 문장이나 문단에 나타난 정보 간의 상대적 중요도를 결정할 때까지 밑줄 긋기를 잠시 늦추었다가 주요한 정보에 밑줄 긋기를 한다."" 
최종 정답: 4번","[19, 43144, 25, 56773, 36811, 24486, 61139, 18918, 58935, 3546, 48859, 29833, 36439, 49085, 50764, 65677, 83628, 13094, 63207, 82776, 1144, 3546, 3546, 3546, 1144, 3546, 21121, 1144, 3546, 30426, 1144, 48859, 3546, 3546, 19954, 1144, 48859, 51440, 1144, 3546, 3546, 3546, 1144, 3546, 21121, 18918, 62398, 13447, 13, 489, 330, 41381, 3546, 47496, 1144, 3546, 18359, 1144, 3546, 16969, 72043, 19954, 16969, 54535, 41953, 13094, 61415, 54535, 3546, 47496, 19954, 74618, 3546, 3546, 3546, 3546, 61139, 1144, 3546, 21028, 59134, 67945, 82068, 72043, 36811, 49085, 18918, 83719, 30381, 48936, 54718, 3546, 3546, 22035, 1144, 3546, 3546, 3546, 1144, 3546, 21121, 18918, 1144, 47496, 30426, 1144, 3546, 47496, 3546, 3546, 3546, 3546, 20565, 56773, 36811, 24486, 61139, 19954, 1144, 3546, 3546, 3546, 1144, 3546, 21121, 18918, 62398, 13447, 1210, 720, 3546, 48859, 3546, 47496, 3546, 37155, 3546, 48859, 25, 220, 19, 43144]","[-0.27138647, -2.9352968e-06, -0.00019817622, -0.0041015544, -1.9361265e-07, -4.246537e-06, -6.704273e-07, -2.057744e-05, -1.2664457e-06, -0.0005693563, 0.0, -2.577686e-06, -1.9361265e-07, 0.0, -5.5122365e-07, -6.0345924e-06, -1.7432603e-06, 0.0, -6.704273e-07, -7.822647e-06, -1.7478143e-05, -4.3202e-07, 0.0, 0.0, -9.610702e-06, 0.0, -1.9816675e-06, -7.58424e-06, 0.0, -2.7372049e-05, -2.6968896e-06, 0.0, -1.18755715e-05, 0.0, -5.5122365e-07, -1.2233183e-05, 0.0, -1.8624639e-06, -1.1041146e-05, -4.3202e-07, -4.3202e-07, 0.0, -0.00014847564, 0.0, -1.147242e-06, -1.0325924e-05, -1.7239736e-05, -2.577686e-06, -0.013615069, -2.4850361, -0.0049199234, -1.0458773, -1.7954959e-05, -1.9361265e-07, -0.00010974178, -1.2664457e-06, -3.5313153e-06, -6.749814e-06, 0.0, -0.00015657782, -1.7716551e-05, -5.4385737e-06, -3.0545007e-06, -3.9888433e-05, -4.3202e-07, -1.9361265e-07, -9.610702e-06, -6.392203e-06, -1.2664457e-06, 0.0, -1.3856493e-06, -1.7597347e-05, -7.89631e-07, 0.0, -0.00016444526, -1.504853e-06, -2.6968896e-06, -1.831257e-05, -4.3202e-07, -1.2664457e-06, -2.486877e-05, -3.2855416e-05, -0.00042840437, -2.1008714e-06, -1.7432603e-06, -8.776276e-06, -1.3856493e-06, -1.2664457e-06, -1.504853e-06, -1.9361265e-07, -2.8160932e-06, -1.1041146e-05, 0.0, -2.220075e-06, -1.9146995e-05, -2.3392786e-06, -3.1281633e-07, 0.0, -0.00026801124, 0.0, -2.1008714e-06, -3.0545007e-06, -9.372295e-06, -1.9361265e-07, -2.9352968e-06, -2.4630364e-05, -1.147242e-06, 0.0, -1.5570886e-05, -0.00015502817, -3.7385154e-05, -0.00028660335, -4.3202e-07, -4.3226137e-05, -1.9361265e-07, -5.5122365e-07, -9.0883464e-07, -4.246537e-06, -8.418666e-06, -4.3202e-07, 0.0, 0.0, -0.00013476722, 0.0, -1.0280384e-06, -1.1637165e-05, -5.5577775e-06, -7.226629e-06, -0.021716079, -0.12425576, -0.0015435495, -1.9361265e-07, -1.8624639e-06, 0.0, 0.0, -3.9411618e-05, -3.1281633e-07, 0.0, -0.00019817622, -0.0003029306, -0.00020044109, -5.5122365e-07]",2
2025_11_KICE_1-3_2,['5(3)'],"1번: (선택지 1번에 대한 답변) + ""고래는 육지 ㅁ[포유동물](네모)에서 기원했지만, 수중 생활에 적응하여 새끼를 수중에서 낳는다.""
2번: (선택지 2번에 대한 답변) + ""고래의 생김새는 고래의 종류마다 다르며, √ [대체로 몸길이는 1.3m에서 30m에 이른다.] √ [피부에는 털이 없고 아주 짧게 나 있다.] 지느러미는 배를 젓는 노와 같은 형태이고, [헤엄칠 때 수평을 유지하는 기능을 한다.""
3번: (선택지 3번에 대한 답변) + ""2문단에서 ‘ㅁ[박스친 문장](네모)’로 표시한 부분을 보니, 독서 목적에 관련된 주요 어구에 밑줄 긋기를 하였군.""
4번: (선택지 4번에 대한 답변) + ""고래의 생김새는 고래의 종류마다 다르며, √ [대체로 몸길이는 1.3m에서 30m에 이른다.] √ [피부에는 털이 없고 아주 짧게 나 있다.] 지느러미는 배를 젓는 노와 같은 형태이고, [헤엄칠 때 수평을 유지하는 기능을 한다.""
5번: (선택지 5번에 대한 답변) + ""‘～～～[밑줄친 문장]’로 표시한 부분을 보니, 독서 목적을 고려하여 3문단 내에서 정보 간의 상대적인 중요도를 판단해 주요한 문장에 밑줄 긋기를 하였군.""
최종 정답: 4번 (선택지 4번)","[16, 43144, 25, 320, 3546, 47496, 22035, 220, 16, 43144, 19954, 62060, 24486, 1144, 48859, 3546, 3546, 8, 489, 330, 35495, 54542, 16969, 1144, 47496, 22035, 220, 45398, 3546, 58, 3546, 3546, 3546, 3546, 47496, 58189, 3546, 3546, 3546, 9725, 3546, 47496, 3546, 47496, 8, 57575, 55216, 55421, 3546, 3546, 3546, 22035, 73653, 11, 29833, 3546, 3546, 48918, 3546, 3546, 19954, 1144, 47496, 3546, 3546, 83290, 1144, 3546, 3546, 3546, 3546, 3546, 18918, 29833, 3546, 3546, 57575, 1144, 48859, 16969, 13447, 10246, 17, 43144, 25, 320, 3546, 47496, 22035, 220, 17, 43144, 19954, 62060, 24486, 1144, 48859, 3546, 3546, 8, 489, 330, 35495, 54542, 21028, 48918, 3546, 3546, 3546, 3546, 16969, 1144, 47496, 54542, 21028, 99458, 99029, 3546, 3546, 50467, 3546, 48859, 3546, 48859, 11, 1144, 3546, 510, 67945, 50643, 17835, 1144, 48859, 3546, 48859, 13094, 16969, 220, 16, 13, 18, 76, 57575, 220, 966, 76, 19954, 23955, 84065, 13447, 25750, 1144, 3546, 510, 3546, 3546, 3546, 64189, 19954, 16969, 1144, 3546, 48859, 13094, 47782, 35495, 49508, 55430, 1144, 47496, 58901, 74618, 91786, 25750, 67890, 3546, 3546, 61394, 57139, 16969, 74769, 18918, 1144, 3546, 16969, 1144, 3546, 48859, 81673, 79474, 34804, 1144, 3546, 87472, 13094, 35495, 11, 510, 3546, 3546, 47496, 3546, 3546, 3546, 47496, 54718, 29833, 3546, 3546, 3546, 18359, 1144, 47496, 22035, 44005, 55216, 67119, 18359, 62398, 13447, 10246, 18, 43144, 25, 320, 3546, 47496, 22035, 220, 18, 43144, 19954, 62060, 24486, 1144, 48859, 3546, 3546, 8, 489, 330, 17, 52688, 3546, 47496, 57575, 3451, 45398, 3546, 58, 3546, 3546, 25941, 3546, 3546, 54535, 41953, 9725, 3546, 47496, 3546, 47496, 8, 529, 17835, 1144, 3546, 30426, 24486, 86503, 80816, 18359, 64432, 84136, 11, 1144, 3546, 27796, 1144, 47496, 82068, 19954, 93851, 3546, 47496, 53400, 56773, 36811, 1144, 48859, 89359, 19954, 1144, 3546, 3546, 3546, 1144, 3546, 21121, 18918, 55000, 3546, 3546, 3546, 48859, 10246, 19, 43144, 25, 320, 3546, 47496, 22035, 220, 19, 43144, 19954, 62060, 24486, 1144, 48859, 3546, 3546, 8, 489, 330, 35495, 54542, 21028, 48918, 3546, 3546, 3546, 3546, 16969, 1144, 47496, 54542, 21028, 99458, 99029, 3546, 3546, 50467, 3546, 48859, 3546, 48859, 11, 1144, 3546, 510, 67945, 50643, 17835, 1144, 48859, 3546, 48859, 13094, 16969, 220, 16, 13, 18, 76, 57575, 220, 966, 76, 19954, 23955, 84065, 13447, 25750, 1144, 3546, 510, 3546, 3546, 3546, 64189, 19954, 16969, 1144, 3546, 48859, 13094, 47782, 35495, 49508, 55430, 1144, 47496, 58901, 74618, 91786, 25750, 67890, 3546, 3546, 61394, 57139, 16969, 74769, 18918, 1144, 3546, 16969, 1144, 3546, 48859, 81673, 79474, 34804, 1144, 3546, 87472, 13094, 35495, 11, 510, 3546, 3546, 47496, 3546, 3546, 3546, 47496, 54718, 29833, 3546, 3546, 3546, 18359, 1144, 47496, 22035, 44005, 55216, 67119, 18359, 62398, 13447, 10246, 20, 43144, 25, 320, 3546, 47496, 22035, 220, 20, 43144, 19954, 62060, 24486, 1144, 48859, 3546, 3546, 8, 489, 330, 14336, 21909, 21909, 21909, 58, 3546, 3546, 3546, 3546, 3546, 3546, 54535, 41953, 60, 529, 17835, 1144, 3546, 30426, 24486, 86503, 80816, 18359, 64432, 84136, 11, 1144, 3546, 27796, 1144, 47496, 82068, 18359, 1144, 47496, 3546, 47496, 83290, 220, 18, 52688, 3546, 47496, 67236, 57575, 61139, 1144, 3546, 21028, 59134, 67945, 82068, 32428, 72043, 36811, 49085, 18918, 1144, 3546, 3546, 47496, 34983, 56773, 36811, 24486, 54535, 41953, 19954, 1144, 3546, 3546, 3546, 1144, 3546, 21121, 18918, 55000, 3546, 3546, 3546, 48859, 10246, 3546, 48859, 3546, 47496, 3546, 37155, 3546, 48859, 25, 220, 19, 43144, 320, 3546, 47496, 22035, 220, 19, 43144, 8]","[-0.0018606883, -8.351697e-05, -0.0018583188, -3.1724224, -0.002192137, -6.062987e-05, 0.0, -1.3902034e-05, -0.0002288079, -0.00014811802, -0.012401925, -1.147242e-06, 0.0, -3.1281633e-07, -1.9361265e-07, 0.0, 0.0, -0.0030871592, -0.012986332, -0.0021154047, -0.7767475, -0.0001242773, -0.09812238, -0.00023369525, -3.4166656e-05, -2.4272753e-05, -0.17026214, -0.0030168032, -7.58424e-06, -0.000775443, -6.46828e-05, -1.9361265e-07, -5.5122365e-07, -6.511407e-06, -1.2664457e-06, -0.00011343709, -8.89548e-06, -7.89631e-07, -1.9361265e-07, -0.0045121238, -4.3202e-07, 0.0, -4.3202e-07, 0.0, -0.0003803873, -0.00024156268, -0.000112125854, -5.5146502e-05, -9.901345e-05, -6.511407e-06, -0.00015383612, -3.5313153e-06, -1.0280384e-06, -5.407367e-05, -7.9418505e-06, -1.9385403e-05, 0.0, -2.3795938e-05, -5.5122365e-07, -1.3856493e-06, -2.9352968e-06, -1.60477e-05, -6.945094e-05, -2.3392786e-06, 0.0, -8.180258e-06, -8.45898e-05, -9.014684e-06, 0.0, -2.8444882e-05, 0.0, 0.0, -1.3856493e-06, -8.89548e-06, -1.3856493e-06, 0.0, -1.2664457e-06, -2.6968896e-06, -2.220075e-06, -7.703444e-06, -1.5809293e-05, -0.026731122, -3.631232e-05, -1.3902034e-05, -9.73446e-05, -0.00014299227, -1.831257e-05, -4.3202e-07, -1.9361265e-07, -1.4498052e-05, -0.0001592003, -7.89631e-07, -2.9352968e-06, 0.0, -3.1281633e-07, -3.1281633e-07, 0.0, 0.0, 0.0, -3.8100377e-05, -1.8908588e-05, -0.00031496648, -0.12636422, -1.7432603e-06, -0.26212037, -0.045097377, -5.5577775e-06, -4.3202e-07, -6.704273e-07, -2.4153549e-05, -0.458337, -0.0021640635, -1.2664457e-06, 0.0, -1.2233183e-05, -2.9352968e-06, -1.0564331e-05, -6.704273e-07, -1.9361265e-07, -1.1398757e-05, -1.9361265e-07, 0.0, -1.2664457e-06, 0.0, -0.0003156817, -0.011997523, 0.0, -0.024935354, -0.00052563054, -1.7432603e-06, -3.1737043e-06, -6.704273e-07, 0.0, -0.00011784763, 0.0, -1.9361265e-07, -4.00813e-06, -4.1557283e-05, -4.4849444e-06, -5.5122365e-07, -2.1008714e-06, -1.2664457e-06, -4.246537e-06, -1.2352386e-05, -6.1537958e-06, -2.577686e-06, -3.4405064e-05, -1.7432603e-06, -2.6968896e-06, -2.1008714e-06, -0.0018139402, -0.034843855, -3.1281633e-07, -0.0005648266, -8.061054e-06, -2.9517714e-05, 0.0, -2.2127088e-05, -1.504853e-06, -9.4914985e-06, -2.9517714e-05, -7.89631e-07, -3.1281633e-07, -1.9816675e-06, -7.89631e-07, -2.1173457e-05, -6.392203e-06, -5.4385737e-06, -1.2664457e-06, -1.504853e-06, -4.723352e-06, -1.5332478e-05, -0.0010262586, -0.0012813031, -1.0939468, -0.00032712158, 0.0, -6.704273e-07, -5.157039e-05, -6.869018e-06, -1.735894e-05, -9.253091e-06, -1.6240566e-06, -7.89631e-07, -9.0883464e-07, -1.3306016e-05, -4.1273333e-06, 0.0, -8.89548e-06, -1.8624639e-06, -7.89631e-07, -9.0883464e-07, -1.9361265e-07, -6.704273e-07, -0.00034619053, -0.001877232, -0.00056494575, -0.0027528072, -0.00015991552, -1.1398757e-05, -1.9361265e-07, -2.7729659e-05, -2.2127088e-05, -1.831257e-05, -7.89631e-07, -1.2664457e-06, -1.0445127e-05, -2.577686e-06, 0.0, 0.0, -6.6306106e-06, -1.2113979e-05, -1.0280384e-06, -6.392203e-06, -2.4584822e-06, -1.700133e-05, -3.4121115e-06, -1.4498052e-05, -6.670925e-05, -3.2929079e-06, -0.0058441735, -4.9067115e-05, -4.20341e-05, -0.00014239625, -7.171581e-05, -1.6762922e-05, 0.0, -3.1281633e-07, -1.4140442e-05, -2.2365493e-05, -1.1756368e-05, -4.365741e-06, -3.1281633e-07, 0.0, -1.147242e-06, 0.0, 0.0, 0.0, -4.2272506e-05, -3.070975e-05, -0.011025186, -0.3353951, -0.00663911, -1.4259645e-05, -1.7432603e-06, -6.730528e-05, -0.059134595, -0.014627878, -9.0883464e-07, -6.086828e-05, -0.00085893506, -7.314626e-05, -2.577686e-06, -0.00011462913, -1.9361265e-07, -4.604148e-06, -1.147242e-06, -0.0007512593, -6.704273e-07, -1.9361265e-07, -7.89631e-07, 0.0, -0.001220225, -5.6100132e-05, -2.4153549e-05, -5.7961847e-06, -1.3856493e-06, -4.365741e-06, -1.2664457e-06, -1.6524515e-05, -3.5313153e-06, -0.00086894445, -8.657073e-06, -7.822647e-06, -3.9769227e-05, -0.00011415232, -1.7432603e-06, -5.080963e-06, -5.4385737e-06, -2.577686e-06, -3.1281633e-07, -1.0921943e-05, -2.6968896e-06, -1.8624639e-06, -1.4974867e-05, -1.1994775e-05, -6.749814e-06, -1.0280384e-06, -5.3193703e-06, -1.9361265e-07, -1.7432603e-06, -1.147242e-06, -1.6286107e-05, -1.8624639e-06, -4.3202e-07, 0.0, -3.9769227e-05, 0.0, -4.4849444e-06, -1.473646e-05, -3.7981175e-05, -3.7027545e-05, 0.0, -1.4021238e-05, 0.0, -0.0027320017, -2.8564085e-05, -2.4153549e-05, -9.41261e-05, -6.754368e-05, -4.739826e-05, 0.0, 0.0, -1.569009e-05, -1.6643718e-05, -3.888926e-06, -3.0545007e-06, 0.0, 0.0, -9.0883464e-07, 0.0, 0.0, 0.0, -3.488188e-05, -2.0815847e-05, -0.0031665524, -3.184655, -0.00078842515, -0.16453591, -0.21425967, -0.00057304796, -3.7697225e-06, -4.246537e-06, -8.180258e-06, -0.0011686758, -0.00084738695, -8.418666e-06, -4.3202e-07, -1.8789384e-05, -2.1054253e-05, -3.4524266e-05, -2.3392786e-06, 0.0, -2.9994528e-05, -5.5577775e-06, 0.0, -2.7014437e-05, 0.0, -0.00030042732, -0.09498781, -1.147242e-06, -0.010258516, -0.000288153, -1.2664457e-06, -1.6240566e-06, -6.704273e-07, 0.0, -1.2233183e-05, 0.0, -4.3202e-07, -1.0280384e-06, -1.0087517e-05, -7.465036e-06, -4.3202e-07, -2.4584822e-06, -3.7697225e-06, -1.6240566e-06, -5.080963e-06, -8.180258e-06, -3.5313153e-06, -4.365741e-06, -1.9816675e-06, -3.888926e-06, -6.511407e-06, -0.0037461673, -0.019253839, -5.3193703e-06, -0.0020192862, -2.4987974e-05, -4.723352e-06, 0.0, -1.7432603e-06, -6.704273e-07, -1.0280384e-06, -1.27099975e-05, -3.1281633e-07, 0.0, -4.246537e-06, -4.723352e-06, -2.5941605e-05, -1.7432603e-06, -1.9816675e-06, -3.1281633e-07, -7.89631e-07, -2.3392786e-06, -1.60477e-05, -0.0018717595, -0.0011018722, -0.3032766, -8.792751e-05, 0.0, -6.704273e-07, -0.000104377614, -7.703444e-06, -2.7729659e-05, -1.4021238e-05, -1.6240566e-06, -3.1281633e-07, -9.0883464e-07, -1.2233183e-05, -1.2664457e-06, 0.0, -8.89548e-06, -1.4498052e-05, -1.3856493e-06, -2.577686e-06, -1.9361265e-07, -4.3202e-07, -0.0003857478, -0.0014444032, -0.005882337, -0.0067383423, -0.0016178115, -2.4391957e-05, 0.0, -5.3358446e-05, -6.2729996e-06, -3.035214e-05, -4.3202e-07, -4.8425554e-06, -2.8206474e-05, -5.5122365e-07, 0.0, 0.0, -1.7432603e-06, -2.4584822e-06, -4.3202e-07, -9.610702e-06, -9.133887e-06, -1.9385403e-05, -1.3856493e-06, -1.962381e-05, -0.00013786652, -8.6735476e-05, -0.053794775, -4.9067115e-05, -4.012684e-05, -0.00012713818, -0.00016086915, -1.92662e-05, -4.3202e-07, -6.704273e-07, -2.3080716e-05, -4.334534e-05, -1.7716551e-05, -1.3856493e-06, 0.0, -1.9361265e-07, -4.3202e-07, 0.0, 0.0, 0.0, -4.0961266e-05, -2.749125e-05, -0.01121122, -0.60119104, -0.04018407, -4.0007635e-05, -2.868329e-05, -6.9882217e-06, -0.0030387975, -2.9352968e-06, -3.1281633e-07, 0.0, -2.7729659e-05, 0.0, -1.2664457e-06, -5.5122365e-07, -0.0011125932, -1.3306016e-05, -3.2929079e-06, -6.392203e-06, -7.89631e-07, -2.8160932e-06, -1.0280384e-06, -2.577686e-06, -9.610702e-06, -2.577686e-06, -5.3193703e-06, -5.5122365e-07, -1.7716551e-05, -9.603336e-05, -1.8624639e-06, -1.3856493e-06, -1.0280384e-06, -2.1008714e-06, 0.0, -9.0883464e-07, -1.4259645e-05, -5.5122365e-07, -4.3202e-07, -0.00010592726, -1.2664457e-06, -3.4121115e-06, -5.4669687e-05, -2.0815847e-05, -2.4584822e-06, 0.0, -7.465036e-06, -1.504853e-06, -6.1537958e-06, -1.6166903e-05, 0.0, -1.0280384e-06, -3.9769227e-05, -6.869018e-06, -6.869018e-06, -0.0002549025, -9.0883464e-07, -7.89631e-07, -1.3856493e-06, -3.500108e-05, -9.0883464e-07, 0.0, -1.9361265e-07, 0.0, -3.1737043e-06, -8.537869e-06, -7.89631e-07, -7.465036e-06, -3.2929079e-06, -2.577686e-06, -2.9352968e-06, -1.3186812e-05, 0.0, 0.0, 0.0, -1.8550976e-05, 0.0, -1.6240566e-06, -8.89548e-06, -2.6968896e-06, -4.7517467e-05, 0.0, -3.4121115e-06, 0.0, -0.029817607, -4.274932e-05, 0.0, -7.89631e-07, 0.0, 0.0, -1.2664457e-06, 0.0, 0.0, -0.00011319869, -0.0032225105, -0.016969828, -1.3067608e-05, -2.0450668, -0.26356623, -9.639097e-05, -1.147242e-06, -4.6802244e-05, -7.231183e-05, -0.020574939, -0.026621537]",0
2025_11_KICE_4-9_0,['4(2)'],"1번: (가) : 유학을 혁신하여 철학으로 재구성하는 것이 필요하다는 견해가 을사늑약 이후에 제기되었다. - ""그는 생존과 편리 증진을 위해 과학 연구가 시급하지만, 가치관 정립과 인격 수양을 위해 철학 또한 필수적이라고 보았다.""
2번: (가) : 서양 과학과 기술의 국내 유입을 반대하는 주장이 개항 이후에도 이어졌다. - ""개항 이후 서양 문명에 대한 긍정적 인식이 확산되면서 서양 문명의 수용을 뜻하는 개화 개념이 자리 잡았다.""
3번: (나) : 진정한 근대를 이루려면 기술 수용의 차원을 넘어서야 한다는 인식이 등장하였다. - ""중국이 서양의 과학과 기술에 전면적인 관심을 기울인 때는 아편 전쟁 이후였다.""
4번: (나) : 과학 정신이 사회에 자리 잡으려면 정치적 변혁이 선행되어야 한다는 주장이 제기되었다. - ""옌푸는 국가 간에 벌어지는 약육강식의 경쟁을 부각하고, 경쟁에서 승리하려면 기술뿐 아니라 국민의 정신적 자질이 뒷받침되어야 한다고 보았다.""
5번: (나) : 근대 과학 문명에 대한 비판적 인식을 바탕으로 전통 가치관에 주목하는 견해가 제시되었다. - ""장쥔마이는 통제되지 않은 과학이 불러온 역작용을 목도한 후, 과학이 어떻게 발달하든 그것이 인생관의 문제를 해결할 수는 없다며 서양 근대 문명을 비판했다.""
최종 정답: 3번: (나) : 진정한 근대를 이루려면 기술 수용의 차원을 넘어서야 한다는 인식이 등장하였다. - ""중국이 서양의 과학과 기술에 전면적인 관심을 기울인 때는 아편 전쟁 이후였다.""","[16, 43144, 25, 320, 20565, 8, 551, 1144, 47496, 3546, 3546, 18359, 1144, 3546, 83628, 83290, 1144, 47496, 3546, 3546, 43139, 1144, 3546, 89359, 33931, 44005, 72208, 13094, 76628, 36811, 16582, 13447, 16969, 1144, 3546, 34983, 20565, 1144, 3546, 56154, 3546, 3546, 3546, 3546, 23955, 3546, 3546, 19954, 63171, 21121, 65219, 3546, 3546, 13, 482, 330, 49706, 16969, 48918, 3546, 47496, 54780, 1144, 3546, 48859, 29102, 1144, 47496, 3546, 86351, 18359, 46810, 34983, 1144, 3546, 3546, 3546, 78453, 89359, 20565, 45618, 3546, 3546, 88525, 73653, 11, 36609, 60798, 3546, 48859, 37155, 3546, 3546, 54780, 59777, 3546, 47496, 29833, 3546, 3546, 18359, 46810, 34983, 1144, 47496, 3546, 3546, 1144, 3546, 3546, 24486, 76628, 24140, 82068, 13094, 51440, 35495, 64432, 3546, 3546, 13447, 10246, 17, 43144, 25, 320, 20565, 8, 551, 90960, 3546, 3546, 1144, 3546, 3546, 3546, 54780, 55216, 3546, 3546, 47496, 21028, 1144, 48859, 3546, 96318, 1144, 47496, 44966, 18359, 64857, 67945, 44005, 56773, 41953, 13094, 74623, 3546, 3546, 23955, 3546, 3546, 19954, 49085, 23955, 32179, 3546, 47496, 3546, 13447, 13, 482, 330, 60861, 3546, 3546, 23955, 3546, 3546, 90960, 3546, 3546, 54535, 80732, 19954, 62060, 24486, 1144, 3546, 30381, 82068, 59777, 77437, 13094, 1144, 3546, 86157, 65219, 33390, 27796, 90960, 3546, 3546, 54535, 80732, 21028, 29833, 27797, 18359, 1144, 3546, 3546, 44005, 74623, 57390, 74623, 3546, 3546, 13094, 65677, 29102, 1144, 47496, 3546, 3546, 13447, 10246, 18, 43144, 25, 320, 61415, 8, 551, 1144, 3546, 30381, 24486, 1144, 48859, 3546, 67945, 18918, 23955, 3546, 47496, 3546, 47496, 33390, 55216, 3546, 3546, 47496, 29833, 27797, 21028, 1144, 47496, 55421, 18359, 1144, 3546, 32179, 27796, 90759, 62398, 13447, 16969, 59777, 77437, 13094, 78102, 41953, 16582, 3546, 3546, 13447, 13, 482, 330, 3546, 3546, 3546, 3546, 13094, 90960, 3546, 3546, 21028, 1144, 3546, 3546, 3546, 54780, 55216, 3546, 3546, 47496, 19954, 57519, 33390, 82068, 32428, 93851, 3546, 3546, 18359, 55216, 3546, 48859, 32428, 54718, 16969, 49508, 3546, 3546, 48859, 57519, 3546, 3546, 3546, 23955, 3546, 3546, 3546, 3546, 13447, 10246, 19, 43144, 25, 320, 61415, 8, 551, 1144, 3546, 3546, 3546, 37155, 83628, 13094, 33229, 62841, 19954, 65677, 29102, 1144, 47496, 34609, 3546, 47496, 33390, 37155, 60798, 82068, 47419, 3546, 3546, 13094, 1144, 47496, 3546, 65219, 32179, 90759, 62398, 13447, 16969, 56773, 41953, 13094, 63171, 21121, 65219, 3546, 3546, 13, 482, 330, 3546, 3546, 3546, 3546, 48859, 16969, 1144, 48859, 3546, 20565, 1144, 3546, 19954, 1144, 3546, 32179, 22035, 16969, 1144, 3546, 3546, 47496, 3546, 3546, 77437, 21028, 44215, 3546, 3546, 3546, 18359, 86503, 3546, 3546, 16582, 35495, 11, 44215, 3546, 3546, 3546, 57575, 1144, 48859, 29102, 16582, 3546, 47496, 33390, 55216, 3546, 3546, 47496, 3546, 3546, 3546, 49508, 84136, 51440, 1144, 48859, 3546, 3546, 3546, 21028, 37155, 83628, 82068, 65677, 3546, 3546, 13094, 1144, 3546, 48859, 3546, 3546, 3546, 47496, 65219, 32179, 90759, 62398, 13447, 35495, 64432, 3546, 3546, 13447, 10246, 20, 43144, 25, 320, 61415, 8, 551, 1144, 48859, 3546, 67945, 1144, 3546, 3546, 3546, 54535, 80732, 19954, 62060, 24486, 75086, 3546, 3546, 82068, 59777, 77437, 18359, 82818, 3546, 3546, 43139, 57519, 3546, 3546, 36609, 60798, 3546, 48859, 19954, 56773, 88708, 44005, 1144, 3546, 34983, 20565, 63171, 30426, 65219, 3546, 3546, 13, 482, 330, 41953, 3546, 47496, 3546, 3546, 3546, 13094, 16969, 1144, 3546, 38187, 65219, 22035, 51796, 34804, 1144, 3546, 3546, 3546, 13094, 1144, 48859, 61394, 3546, 47496, 1144, 3546, 68611, 27797, 18359, 1144, 47496, 49085, 24486, 95415, 11, 1144, 3546, 3546, 3546, 13094, 1144, 48859, 3546, 3546, 3546, 58901, 97096, 3546, 3546, 16582, 82776, 55925, 3546, 3546, 13094, 59777, 77535, 3546, 48859, 21028, 54535, 38187, 18918, 61816, 89881, 48936, 29833, 16969, 47782, 13447, 3546, 48859, 90960, 3546, 3546, 1144, 48859, 3546, 67945, 54535, 80732, 18359, 75086, 3546, 3546, 3546, 3546, 3546, 10246, 3546, 48859, 3546, 47496, 3546, 37155, 3546, 48859, 25, 220, 18, 43144, 25, 320, 61415, 8, 551, 1144, 3546, 30381, 24486, 1144, 48859, 3546, 67945, 18918, 23955, 3546, 47496, 3546, 47496, 33390, 55216, 3546, 3546, 47496, 29833, 27797, 21028, 1144, 47496, 55421, 18359, 1144, 3546, 32179, 27796, 90759, 62398, 13447, 16969, 59777, 77437, 13094, 78102, 41953, 16582, 3546, 3546, 13447, 13, 482, 330, 3546, 3546, 3546, 3546, 13094, 90960, 3546, 3546, 21028, 1144, 3546, 3546, 3546, 54780, 55216, 3546, 3546, 47496, 19954, 57519, 33390, 82068, 32428, 93851, 3546, 3546, 18359, 55216, 3546, 48859, 32428, 54718, 16969, 49508, 3546, 3546, 48859, 57519, 3546, 3546, 3546, 23955, 3546, 3546, 3546, 3546, 13447, 1210]","[-0.0058141984, -3.5313153e-06, -0.0038544666, -0.8395441, -0.22663361, -0.0013086906, -0.1417538, -0.7968781, -0.0005038236, -0.00010497363, -7.226629e-06, -5.5122365e-07, -1.504853e-06, 0.0, -1.735894e-05, -3.4121115e-06, -1.2352386e-05, -2.6968896e-06, 0.0, 0.0, -3.333223e-05, -3.1281633e-07, -1.9361265e-07, 0.0, -2.220075e-06, -9.41261e-05, -3.5120287e-05, -4.3202e-07, -1.6240566e-06, -3.1737043e-06, -4.3202e-07, 0.0, 0.0, -1.7432603e-06, 0.0, 0.0, -5.5122365e-07, -1.9862217e-05, -1.147242e-06, -3.0545007e-06, -1.1517961e-05, 0.0, -3.1281633e-07, -1.6240566e-06, -4.604148e-06, -1.9361265e-07, 0.0, -1.0921943e-05, -2.6968896e-06, -1.9743013e-05, -1.2664457e-06, -1.504853e-06, -0.00044056313, -0.01077461, -3.7388375, -0.061828516, -0.74691665, -1.5485868, -0.021231517, 0.0, 0.0, -4.9617593e-06, -1.4855664e-05, -9.0883464e-07, -3.1281633e-07, -0.00055672805, -0.0015767596, -6.704273e-07, 0.0, -1.9361265e-07, -2.1008714e-06, -5.5122365e-07, -3.1281633e-07, -5.0378356e-05, -1.9361265e-07, 0.0, 0.0, -9.0883464e-07, -3.1281633e-07, -1.2664457e-06, -0.00013727049, -1.9816675e-06, -2.1008714e-06, -0.00530467, 0.0, -6.749814e-06, -6.980855e-05, -1.6240566e-06, -9.4914985e-06, -1.9361265e-07, -1.9361265e-07, -4.8425554e-06, 0.0, -1.147242e-06, -5.5122365e-07, -3.1281633e-07, -9.133887e-06, -7.89631e-07, -1.2664457e-06, 0.0, -5.5122365e-07, -7.89631e-07, 0.0, -3.7697225e-06, -1.147242e-06, 0.0, 0.0, -0.0006324976, 0.0, 0.0, -3.1281633e-07, -9.0883464e-07, -1.378283e-05, -9.0883464e-07, -0.0017928706, -3.650519e-06, -5.5122365e-07, -4.365741e-06, -7.89631e-07, -3.1281633e-07, 0.0, -0.14232872, -4.5848617e-05, -8.89548e-06, -0.0002454854, -2.3676734e-05, -1.5013447, -0.0010550802, -0.0046956996, -0.05284721, -5.5122365e-07, 0.0, -0.009086861, 0.0, 0.0, 0.0, -4.365741e-06, -5.5122365e-07, 0.0, 0.0, -1.9361265e-07, -8.566264e-05, -3.5313153e-06, -3.1281633e-07, -1.9361265e-07, -6.704273e-07, -9.0883464e-07, -3.2929079e-06, -1.8624639e-06, -1.0280384e-06, -4.1273333e-06, -5.5122365e-07, -6.704273e-07, -1.8624639e-06, 0.0, -2.1054253e-05, -3.7697225e-06, -0.0003454753, -5.5122365e-07, -1.504853e-06, 0.0, -1.9361265e-07, -1.2664457e-06, -1.147242e-06, -1.9385403e-05, 0.0, -3.4121115e-06, 0.0, 0.0, -5.5122365e-07, -0.10036152, -0.014901098, -0.07323387, -2.7525039, -0.059022006, -1.2948405e-05, -6.086828e-05, -0.15035258, -7.3458323e-06, -0.012828173, -1.9361265e-07, 0.0, -1.831257e-05, -1.3856493e-06, -2.220075e-06, 0.0, 0.0, 0.0, -1.9361265e-07, -7.465036e-06, -3.7697225e-06, -0.00010247036, 0.0, -6.704273e-07, 0.0, -7.3458323e-06, -1.7432603e-06, -1.9361265e-07, -0.00014430351, -0.0007746085, -0.00013619766, 0.0, 0.0, -0.00019030878, -6.6306106e-06, -4.1273333e-06, -2.8160932e-06, -1.1994775e-05, -7.89631e-07, -6.392203e-06, -3.1281633e-07, 0.0, -0.0002733754, -2.939851e-05, -1.6240566e-06, -1.6524515e-05, -1.9361265e-07, 0.0, -3.1281633e-07, 0.0, -7.89631e-07, -7.398068e-05, -1.147242e-06, -5.5122365e-07, -1.9361265e-07, -1.9361265e-07, -0.0049434085, -0.00034642892, -1.7954959e-05, -0.000334393, -1.3902034e-05, -2.9279307e-05, -0.0017900169, -3.261701e-05, -0.04817825, -4.5371802e-05, -1.9361265e-07, -1.9361265e-07, 0.0, 0.0, 0.0, 0.0, -6.704273e-07, 0.0, 0.0, -9.133887e-06, -1.2664457e-06, -9.0883464e-07, 0.0, -3.1737043e-06, 0.0, 0.0, 0.0, -1.0280384e-06, -4.3202e-07, -3.1281633e-07, -5.5122365e-07, 0.0, -1.9361265e-07, -1.2664457e-06, 0.0, -1.9361265e-07, 0.0, -0.0064785182, -1.504853e-06, -4.3202e-07, -6.704273e-07, 0.0, 0.0, 0.0, 0.0, -8.776276e-06, 0.0, -1.0445127e-05, -5.2001665e-06, 0.0, -1.9816675e-06, -0.0115906, -0.0006391693, -0.0024717322, -2.5118458, -3.7697225e-06, -1.8624639e-06, 0.0, -0.00016289561, -0.024144238, -3.1281633e-07, -1.9361265e-07, -1.0921943e-05, -1.504853e-06, 0.0, 0.0, 0.0, -2.220075e-06, -4.3202e-07, 0.0, 0.0, 0.0, -1.1756368e-05, -0.0001973418, -0.00020544765, -1.0206721e-05, -0.00013655527, 0.0, -9.0883464e-07, 0.0, -1.9816675e-06, -2.1008714e-06, -4.3202e-07, -3.5313153e-06, -0.0017468157, -0.00019555374, -8.299462e-06, -0.000116655596, -1.3306016e-05, -5.419287e-05, -4.3202e-07, -4.604148e-06, -7.922564e-05, 0.0, 0.0, -7.822647e-06, -1.9361265e-07, 0.0, -0.0003247375, 0.0, -6.2729996e-06, -0.035049792, -0.00012403888, -1.60477e-05, -0.0001408466, -1.1398757e-05, -0.00043424533, -0.0003396343, -2.7372049e-05, -0.0012803569, -5.5122365e-07, 0.0, 0.0, -2.577686e-06, -3.1737043e-06, 0.0, -1.3856493e-06, 0.0, -6.704273e-07, -4.3202e-07, -1.3856493e-06, -0.00012225083, 0.0, -7.89631e-07, -1.7432603e-06, 0.0, 0.0, 0.0, -3.1281633e-07, -1.0280384e-06, -2.9352968e-06, -2.6968896e-06, -2.4584822e-06, -1.9361265e-07, -4.3202e-07, -3.1281633e-07, 0.0, 0.0, 0.0, -1.0280384e-06, -1.9361265e-07, 0.0, 0.0, -5.5122365e-07, 0.0, -1.9361265e-07, -2.220075e-06, -7.89631e-07, -1.9361265e-07, 0.0, -2.3795938e-05, -0.00017410076, -6.7662884e-05, -0.0005580356, -0.02399773, -0.00045033416, -7.517272e-05, -2.2246291e-05, 0.0, -3.0545007e-06, -0.0033614123, -1.27099975e-05, -1.147242e-06, -8.566264e-05, -2.9040899e-05, -7.89631e-07, -3.500108e-05, -3.650519e-06, -5.5122365e-07, 0.0, -9.849109e-06, -1.9361265e-07, -2.2484697e-05, -4.9617593e-06, -2.451116e-05, -5.5122365e-07, -0.00013524403, 0.0, -4.00813e-06, -3.7697225e-06, -2.3392786e-06, -2.319992e-05, 0.0, 0.0, -0.00010914576, -9.133887e-06, -2.9352968e-06, 0.0, -1.50940705e-05, -3.070975e-05, -0.00041136926, -0.004209109, -1.2233183e-05, 0.0, 0.0, -4.4849444e-06, -1.6240566e-06, 0.0, -1.147242e-06, -7.226629e-06, -6.704273e-07, 0.0, -2.220075e-06, -9.460292e-05, -9.0883464e-07, 0.0, 0.0, -3.5120287e-05, -1.9361265e-07, 0.0, -6.704273e-07, -4.3202e-07, 0.0, -0.00018065695, -1.9361265e-07, 0.0, -9.0883464e-07, 0.0, -4.1273333e-06, -1.0280384e-06, -2.1008714e-06, -5.5122365e-07, -5.5122365e-07, -4.723352e-06, 0.0, -3.0545007e-06, -4.8351892e-05, -2.3392786e-06, -6.511407e-06, -4.4849444e-06, -4.246537e-06, -1.998142e-05, -3.1281633e-07, -9.972867e-05, -1.504853e-06, -1.147242e-06, -2.9352968e-06, -3.2929079e-06, -3.0545007e-06, -2.5226382e-05, -5.5122365e-07, -1.9361265e-07, -5.5122365e-07, -0.0029422825, -1.0445127e-05, -2.9279307e-05, -0.00016468366, -4.0722858e-05, -0.00060224184, -0.0002422779, -2.2127088e-05, -2.0696643e-05, -1.9361265e-07, 0.0, -1.9361265e-07, -6.749814e-06, 0.0, 0.0, -1.9361265e-07, -4.3202e-07, 0.0, -1.3856493e-06, 0.0, 0.0, -2.6968896e-06, 0.0, 0.0, 0.0, -1.504853e-06, 0.0, 0.0, -4.3202e-07, -3.1281633e-07, 0.0, 0.0, -2.577686e-06, 0.0, -6.704273e-07, -5.5122365e-07, -2.7133641e-05, -1.9361265e-07, -1.9361265e-07, -4.3202e-07, -1.3856493e-06, 0.0, 0.0, -2.4584822e-06, 0.0, 0.0, 0.0, -4.3202e-07, -1.9361265e-07, -1.9361265e-07, 0.0, -1.7239736e-05, -0.0001008015, -2.7372049e-05, -0.00015753144, -0.15607056, -0.00038598618, -4.954393e-05, -2.0935051e-05, -9.133887e-06, -1.147242e-06, -1.0087517e-05, -4.143808e-05, -0.03005917, -7.89631e-07, -1.6240566e-06, -1.1279553e-05, -3.1281633e-07, -1.3856493e-06, -8.537869e-06, -9.0883464e-07, 0.0, -3.1281633e-07, 0.0, -5.9153886e-06, -4.365741e-06, -1.0280384e-06, -1.9361265e-07, -0.00012237004, -4.3202e-07, -9.0883464e-07, 0.0, -2.1008714e-06, -7.89631e-07, -2.9352968e-06, -1.504853e-06, -0.00017600802, -0.00011749002, -4.2868523e-05, -1.9361265e-07, -6.408677e-05, -0.0009974405, 0.0, 0.0, -1.9361265e-07, -7.147741e-05, -1.6166903e-05, -1.0280384e-06, -3.650519e-06, -1.9361265e-07, -3.1737043e-06, -6.511407e-06, -9.0883464e-07, -0.00037073178, 0.0, -3.1737043e-06, -1.147242e-06, -5.9153886e-06, -5.4385737e-06, 0.0, -6.704273e-07, -3.650519e-06, -9.0883464e-07, -2.5703197e-05, -3.1281633e-07, -7.89631e-07, -1.3856493e-06, -7.89631e-07, -5.9153886e-06, -1.3856493e-06, 0.0, -4.1273333e-06, -2.8160932e-06, -1.1637165e-05, -8.657073e-06, -9.0883464e-07, -7.822647e-06, 0.0, -9.7583004e-05, 0.0, -3.1281633e-07, -1.9816675e-06, 0.0, 0.0, -7.89631e-07, -1.0280384e-06, -4.3202e-07, -2.6968896e-06, -2.4584822e-06, 0.0, 0.0, -0.0001071193, -5.5122365e-07, -6.301394e-05, -0.027640652, -3.23786e-05, 0.0, -6.704273e-07, 0.0, 0.0, -9.0883464e-07, -3.1281633e-07, 0.0, -8.9834764e-05, -0.0068932083, -1.3507373, -3.650519e-06, -0.030748824, -0.031151064, -0.0010846134, -0.0001470452, -0.0008832379, -6.253713e-05, -8.89548e-06, -1.9361265e-07, -4.3202e-07, -1.9361265e-07, 0.0, 0.0, -1.9361265e-07, -4.3202e-07, -3.1281633e-07, 0.0, -5.4385737e-06, -4.3202e-07, -3.1281633e-07, 0.0, -1.0280384e-06, 0.0, 0.0, 0.0, -1.0280384e-06, -3.1281633e-07, -1.9361265e-07, -9.0883464e-07, 0.0, -1.9361265e-07, -5.5122365e-07, -1.9361265e-07, 0.0, 0.0, -1.2664457e-06, -4.3202e-07, -1.8624639e-06, -4.365741e-06, 0.0, -6.704273e-07, 0.0, -1.9816675e-06, -1.473646e-05, 0.0, -5.5122365e-07, -1.9816675e-06, 0.0, -1.3856493e-06, -0.00027063373, -0.8835925, -0.0002755174, -0.00019972587, -7.89631e-07, -1.9361265e-07, 0.0, -4.3202e-07, -1.7432603e-06, 0.0, 0.0, -1.8624639e-06, -4.3202e-07, 0.0, 0.0, 0.0, -1.147242e-06, -1.9361265e-07, 0.0, 0.0, 0.0, -5.5122365e-07, -3.888926e-06, -0.00014847564, -2.577686e-06, -8.876193e-05, 0.0, -4.3202e-07, 0.0, 0.0, -7.89631e-07, 0.0, 0.0, -3.0545007e-06, -5.7961847e-06, -3.1281633e-07, -2.4584822e-06, -1.9361265e-07, -4.4179764e-05, 0.0, -4.3202e-07, -2.5226382e-05, 0.0, 0.0, -4.3202e-07, 0.0, 0.0, -1.2664457e-06, 0.0, 0.0, -0.00026586556]",0
2025_11_KICE_4-9_1,['5(2)'],"1번: 개항 이전의 개화 개념은 백성을 다스리는 통치자로서의 역할과 관련 있었다. - ""개개화는 개항 이전에는 통치자의 통치 행위로서 변화하는 세상에 대한 지식 확장과 피통치자에 대한 교화를 의미했다.""
2번: ｢한성순보｣의 개화 개념은 서양 기술과 제도의 선별적 수용을 통한 국가 진보의 의미를 포함하였다. - ""이 신문의 개화 개념은 서양 기술과 제도의 도입을 통한 인지의 발달과 풍속의 진보를 뜻했다.""
3번: ｢한성순보｣와 개화당의 한 인사의 개화 개념은 통치권자인 왕을 개화의 실행 주체로 상정하였다. - ""개화당의 한 인사가 제시한 개화 개념은 성문화된 규정에 따른 대민 정치에서의 법적 처리 절차 실현 등 서양 근대 국가의 통치 방식으로의 변화를 내포하는 것이었다.""
4번: 개화의 실행 주체로 왕에게 역할을 부여하지 않은 갑신정변의 개화 개념은 통치권에 대한 도전으로 이해되었다. - ""갑신정변의 개화 개념은 통치권에 대한 도전으로뿐 아니라 개인의 사욕을 위한 것으로 표상되었다.""
5번: ｢대한매일신보｣의 발간에 이르러서야 국가의 주권과 결부한 개화 개념이 제기되었다. - ""간행된 ｢대한매일신보｣등의 개화 개념은 국가 구성원 전체를 실행 주체로 하여 근대 국가 주권을 향해 그들을 조직하고 동원하는 것을 의미했다.""

최종 정답: 3번 (개화당의 한 인사가 제시한 개화 개념은 성문화된 규정에 따른 대민 정치에서의 법적 처리 절차 실현 등 서양 근대 국가의 통치 방식으로의 변화를 내포하는 것이었다.)","[16, 43144, 25, 74623, 3546, 3546, 23955, 66965, 21028, 74623, 57390, 74623, 3546, 3546, 34804, 1144, 48859, 33931, 18359, 50467, 25941, 29102, 16969, 1144, 3546, 60798, 26799, 17835, 27796, 21028, 1144, 3546, 48936, 54780, 93851, 3546, 47496, 36439, 3546, 3546, 13, 482, 330, 60861, 60861, 57390, 16969, 74623, 3546, 3546, 23955, 66965, 19954, 16969, 1144, 3546, 60798, 26799, 21028, 1144, 3546, 60798, 1144, 3546, 82001, 17835, 27796, 47419, 57390, 44005, 1144, 48859, 57002, 19954, 62060, 24486, 67890, 77437, 1144, 3546, 41953, 54780, 1144, 3546, 3546, 3546, 3546, 60798, 26799, 19954, 62060, 24486, 1144, 48859, 3546, 57390, 18918, 1144, 3546, 57139, 3546, 3546, 3546, 10246, 17, 43144, 25, 220, 3546, 47496, 24486, 33931, 3546, 3546, 3546, 42771, 3546, 47496, 21028, 74623, 57390, 74623, 3546, 3546, 34804, 90960, 3546, 3546, 55216, 3546, 3546, 47496, 54780, 63171, 49085, 21028, 1144, 47496, 3546, 3546, 82068, 29833, 27797, 18359, 1144, 3546, 24486, 1144, 48859, 3546, 20565, 1144, 3546, 42771, 21028, 1144, 3546, 57139, 18918, 99969, 79053, 16582, 3546, 3546, 13447, 13, 482, 330, 13094, 1144, 47496, 52688, 21028, 74623, 57390, 74623, 3546, 3546, 34804, 90960, 3546, 3546, 55216, 3546, 3546, 47496, 54780, 63171, 49085, 21028, 1144, 3546, 44966, 18359, 1144, 3546, 24486, 59777, 22035, 21028, 97096, 3546, 3546, 54780, 1144, 3546, 3546, 3546, 3546, 21028, 1144, 3546, 42771, 18918, 1144, 3546, 3546, 3546, 3546, 3546, 10246, 18, 43144, 25, 220, 3546, 47496, 24486, 33931, 3546, 3546, 3546, 42771, 3546, 47496, 81673, 74623, 57390, 65895, 21028, 62398, 59777, 56154, 21028, 74623, 57390, 74623, 3546, 3546, 34804, 1144, 3546, 60798, 3546, 48859, 3546, 26799, 32428, 1144, 3546, 18359, 74623, 57390, 21028, 86888, 56773, 50643, 17835, 59134, 30381, 16582, 3546, 3546, 13447, 13, 482, 330, 60861, 57390, 65895, 21028, 62398, 59777, 56154, 20565, 63171, 30426, 24486, 74623, 57390, 74623, 3546, 3546, 34804, 1144, 48859, 52688, 57390, 53400, 1144, 48859, 3546, 30381, 19954, 1144, 48859, 84065, 62060, 3546, 3546, 37155, 60798, 57575, 21028, 1144, 3546, 82068, 82158, 1144, 3546, 3546, 47496, 1144, 47496, 3546, 3546, 78102, 90960, 3546, 3546, 1144, 48859, 3546, 67945, 1144, 48859, 3546, 20565, 21028, 1144, 3546, 60798, 75908, 77437, 43139, 21028, 47419, 57390, 18918, 67236, 3546, 3546, 3546, 44005, 72208, 13094, 3546, 3546, 10246, 19, 43144, 25, 74623, 57390, 21028, 86888, 56773, 50643, 17835, 1144, 3546, 19954, 58901, 1144, 3546, 48936, 18359, 86503, 58126, 88525, 51796, 34804, 1144, 3546, 83628, 30381, 3546, 3546, 21028, 74623, 57390, 74623, 3546, 3546, 34804, 1144, 3546, 60798, 3546, 48859, 3546, 19954, 62060, 24486, 1144, 3546, 66965, 43139, 23955, 34983, 65219, 3546, 3546, 13, 482, 330, 3546, 3546, 83628, 30381, 3546, 3546, 21028, 74623, 57390, 74623, 3546, 3546, 34804, 1144, 3546, 60798, 3546, 48859, 3546, 19954, 62060, 24486, 1144, 3546, 66965, 43139, 3546, 3546, 3546, 49508, 84136, 51440, 74623, 32428, 21028, 33229, 3546, 3546, 18359, 46810, 24486, 72208, 43139, 1144, 3546, 57002, 65219, 3546, 3546, 10246, 20, 43144, 25, 220, 3546, 47496, 67945, 24486, 3546, 47496, 33177, 83628, 42771, 3546, 47496, 21028, 97096, 63375, 19954, 23955, 3546, 48859, 61394, 27796, 90759, 1144, 48859, 3546, 20565, 21028, 56773, 3546, 48859, 3546, 54780, 83719, 64189, 24486, 74623, 57390, 74623, 3546, 3546, 13094, 63171, 21121, 65219, 3546, 3546, 13, 482, 330, 63375, 3546, 3546, 53400, 220, 3546, 47496, 67945, 24486, 3546, 47496, 33177, 83628, 42771, 3546, 47496, 3546, 48859, 21028, 74623, 57390, 74623, 3546, 3546, 34804, 1144, 48859, 3546, 20565, 59877, 33931, 55421, 57519, 50643, 18918, 86888, 56773, 50643, 17835, 55000, 58126, 1144, 48859, 3546, 67945, 1144, 48859, 3546, 20565, 56773, 3546, 48859, 3546, 18359, 1144, 3546, 47496, 34983, 55925, 65950, 18359, 66610, 3546, 3546, 16582, 35495, 1144, 3546, 55421, 44005, 72208, 18359, 1144, 3546, 57139, 3546, 3546, 3546, 2266, 3546, 48859, 3546, 47496, 3546, 37155, 3546, 48859, 25, 220, 18, 43144, 320, 60861, 57390, 65895, 21028, 62398, 59777, 56154, 20565, 63171, 30426, 24486, 74623, 57390, 74623, 3546, 3546, 34804, 1144, 48859, 52688, 57390, 53400, 1144, 48859, 3546, 30381, 19954, 1144, 48859, 84065, 62060, 3546, 3546, 37155, 60798, 57575, 21028, 1144, 3546, 82068, 82158, 1144, 3546, 3546, 47496, 1144, 47496, 3546, 3546, 78102, 90960, 3546, 3546, 1144, 48859, 3546, 67945, 1144, 48859, 3546, 20565, 21028, 1144, 3546, 60798, 75908, 77437, 43139, 21028, 47419, 57390, 18918, 67236, 3546, 3546, 3546, 44005, 72208, 13094, 3546, 3546, 6266]","[-0.00023715216, -1.1517961e-05, -0.0010168524, -0.046681587, -0.042056672, -3.7697225e-06, -5.2001665e-06, -0.0007156504, -1.8624639e-06, -9.372295e-06, -1.9361265e-07, -6.749814e-06, -1.9361265e-07, 0.0, -1.9361265e-07, -0.000113794704, -1.0280384e-06, -6.704273e-07, -6.749814e-06, -4.3202e-07, -1.504853e-06, -3.1281633e-07, -1.640531e-05, -1.9816675e-06, 0.0, 0.0, -1.2664457e-06, -3.4121115e-06, -1.11603495e-05, -7.088138e-05, -4.8425554e-06, -7.89631e-07, -3.1281633e-07, -2.8160932e-06, -5.080963e-06, -9.0883464e-07, -2.546479e-05, -5.4669687e-05, -2.6968896e-06, -4.5252596e-05, -0.0020442712, -2.0403137, -0.030655524, -0.004174322, -4.8692436, -1.3507059, -0.043208033, -0.0007096902, -0.0014547592, -0.00024084747, -2.319992e-05, -2.5226382e-05, -5.6769813e-06, -1.147242e-06, -0.00015872349, -1.9361265e-07, -9.014684e-06, -8.180258e-06, -3.1737043e-06, -0.00020342118, -1.3663626e-05, -1.504853e-06, -0.0077524874, -1.9816675e-06, -4.036525e-05, -4.465658e-05, -0.00053230225, -0.00027706707, -6.8616515e-05, -1.60477e-05, -1.9361265e-07, -1.9361265e-07, -6.0510665e-05, -5.4385737e-06, -9.0883464e-07, -4.604148e-06, -0.00010938417, -1.6240566e-06, -0.0002069973, -1.2113979e-05, -4.763667e-05, -0.00012952226, -0.0013702383, -5.574252e-05, -1.8624639e-06, -0.00017612721, -7.326546e-05, -9.74638e-05, -0.000100205485, -1.9816675e-06, -4.4849444e-06, -5.5122365e-07, -2.129266e-05, -2.1054253e-05, -1.3856493e-06, -7.445749e-05, -1.0802739e-05, -2.8160932e-06, 0.0, -2.4584822e-06, -8.061054e-06, -6.392203e-06, -0.0016403081, -0.07044296, -4.85903e-05, -1.473646e-05, -0.00031484728, -0.0039692856, -5.2643223e-05, -1.147242e-06, -3.631232e-05, -5.5122365e-07, -4.604148e-06, 0.0, 0.0, -5.5122365e-07, -2.1008714e-06, -3.1281633e-07, -3.1737043e-06, -1.9816675e-06, 0.0, -1.9361265e-07, 0.0, 0.0, 0.0, -3.4121115e-06, 0.0, 0.0, -1.147242e-06, 0.0, 0.0, -3.888926e-06, -4.3202e-07, -1.9361265e-07, -3.1281633e-07, 0.0, -1.6524515e-05, -9.0883464e-07, -1.0280384e-06, -4.3202e-07, -1.6240566e-06, -7.89631e-07, -4.604148e-06, -4.3202e-07, -1.7432603e-06, 0.0, -3.1281633e-07, -1.3856493e-06, -3.1281633e-07, -1.9361265e-07, -3.1281633e-07, -1.9146995e-05, -4.3202e-07, -4.3202e-07, -4.6206227e-05, -1.6240566e-06, 0.0, -3.5313153e-06, -1.9816675e-06, -1.504853e-06, -9.0883464e-07, -7.822647e-06, -4.3202e-07, 0.0, -1.9361265e-07, -0.00036216015, -0.00016074994, -0.004266916, -1.0480909, -0.07629744, -1.3856493e-06, -1.6286107e-05, -5.3358446e-05, -4.1318875e-05, -0.000112245056, -1.6882126e-05, -3.1281633e-07, 0.0, -7.89631e-07, -0.0003028114, -4.3202e-07, 0.0, -2.8160932e-06, -1.2664457e-06, 0.0, -4.3202e-07, -4.3202e-07, -2.3392786e-06, -2.4584822e-06, -4.3202e-07, -5.5577775e-06, -1.5332478e-05, -2.577686e-06, -1.0280384e-06, -9.0883464e-07, 0.0, -2.9636918e-05, -3.7742768e-05, -0.00018125297, -5.080963e-06, -3.1281633e-07, -1.0802739e-05, 0.0, -2.4584822e-06, -1.8908588e-05, -1.7432603e-06, -3.1281633e-07, -3.488188e-05, 0.0, -8.061054e-06, -4.00813e-06, -6.9882217e-06, -4.246537e-06, -1.5928495e-05, -1.2352386e-05, -2.1008714e-06, 0.0, -2.0935051e-05, -2.5941605e-05, -1.962381e-05, -0.0012603527, -2.6299214e-05, -1.3067608e-05, -0.00012260844, -0.00059544726, -0.000104496816, -4.3202e-07, -1.378283e-05, -3.1281633e-07, -1.2664457e-06, 0.0, 0.0, -4.3202e-07, -1.3663626e-05, -3.1281633e-07, -0.0010187561, -1.0087517e-05, 0.0, 0.0, -5.5122365e-07, -1.9816675e-06, -1.1279553e-05, -5.3193703e-06, -3.5313153e-06, -1.2664457e-06, 0.0, -1.9361265e-07, 0.0, 0.0, -1.9361265e-07, -9.849109e-06, 0.0, 0.0, -0.0030863285, 0.0, 0.0, -4.1273333e-06, -6.2729996e-06, 0.0, -6.704273e-07, -4.246537e-06, -2.4584822e-06, 0.0, -6.704273e-07, -7.9418505e-06, -1.7432603e-06, -1.6240566e-06, -1.9361265e-07, -2.4584822e-06, 0.0, -2.8160932e-06, -1.9361265e-07, -4.3202e-07, 0.0, -0.00014573395, -6.921253e-05, -0.00035310065, -0.8758474, -0.0023178456, -0.014636571, -5.6769813e-06, -9.610702e-06, -3.5358695e-05, -1.7835755e-05, -0.001279284, -0.0012778536, -2.0696643e-05, -2.3392786e-06, -3.500108e-05, -2.6537622e-05, -1.1279553e-05, -3.1281633e-07, 0.0, -0.00025669055, -0.014646556, -1.0280384e-06, -7.266944e-05, -1.2113979e-05, -3.094816e-05, -4.823269e-05, -2.3392786e-06, -1.3856493e-06, -0.00013834333, -1.4617256e-05, -6.706687e-05, 0.0, -4.561021e-05, -1.6882126e-05, -3.9769227e-05, 0.0, -6.396757e-05, -3.2929079e-06, -4.6206227e-05, -1.7120534e-05, -8.776276e-06, -4.3202e-07, -2.0100624e-05, -4.246537e-06, -2.3915141e-05, -1.147242e-06, -1.4021238e-05, 0.0, -0.00026956087, -2.2842309e-05, -1.6643718e-05, -4.604148e-06, -0.00088097306, -0.00046320082, -6.704273e-07, -3.1281633e-07, -8.180258e-06, -3.7697225e-06, 0.0, -3.4121115e-06, -7.231183e-05, -3.0545007e-06, 0.0, -3.1281633e-07, -2.1769476e-05, -2.6299214e-05, -7.89631e-07, -2.1008714e-06, -0.00095267134, -7.3458323e-06, -2.6060809e-05, -5.7172965e-05, -5.0616763e-05, -1.9361265e-07, -0.00020461321, -2.9279307e-05, -9.014684e-06, 0.0, -1.9361265e-07, -0.00040850835, -3.7742768e-05, -3.9054008e-05, -0.00011522515, -0.0008077252, -0.021978157, -0.00011772843, -2.7372049e-05, -3.2855416e-05, -0.00029685118, 0.0, -3.1281633e-07, -4.604148e-06, -3.1281633e-07, 0.0, 0.0, -3.1281633e-07, -1.9361265e-07, -1.0280384e-06, -2.8160932e-06, -3.1281633e-07, 0.0, -1.9361265e-07, -3.7697225e-06, -1.9361265e-07, 0.0, -4.246537e-06, -5.5122365e-07, -4.4849444e-06, -2.0219828e-05, 0.0, -1.2664457e-06, -2.3392786e-06, -1.473646e-05, 0.0, -3.1281633e-07, -1.9361265e-07, 0.0, -3.1281633e-07, 0.0, 0.0, 0.0, -3.0545007e-06, 0.0, -5.5122365e-07, -1.3544423e-05, 0.0, 0.0, -3.888926e-06, -9.0883464e-07, 0.0, -1.504853e-06, 0.0, 0.0, -5.5122365e-07, -4.3202e-07, 0.0, -9.0883464e-07, 0.0, -1.8624639e-06, -0.00010425841, -5.347765e-05, -0.0001819682, -0.37244943, -4.465658e-05, -6.456359e-05, -0.000121542944, -0.000112960275, -5.9153886e-06, -0.00044902292, -1.7954959e-05, -9.849109e-06, -1.8624639e-06, -7.89631e-07, 0.0, -0.00032306867, -0.0071219187, -0.16809966, -1.147242e-06, -0.0009386163, -2.6968896e-06, -1.0280384e-06, -5.0378356e-05, -6.392203e-06, -5.5122365e-07, -0.0001596771, -5.080963e-06, 0.0, -6.563642e-05, -0.0013663082, -4.8425554e-06, 0.0, -2.577686e-06, 0.0, 0.0, -8.9953974e-05, -1.6762922e-05, -5.5122365e-07, -7.3458323e-06, -8.3993786e-05, 0.0, -1.7432603e-06, -8.776276e-06, -6.9882217e-06, -7.89631e-07, -5.6769813e-06, -1.1517961e-05, -3.5313153e-06, -4.6802244e-05, -3.5313153e-06, -7.89631e-07, -8.542423e-05, -0.0009621966, -4.4849444e-06, -3.0232935e-05, -2.7968066e-05, -0.00012320446, -1.147242e-06, -3.1281633e-07, -3.0545007e-06, -3.1281633e-07, -1.9361265e-07, 0.0, -1.9361265e-07, -1.9361265e-07, -3.1281633e-07, -5.5577775e-06, 0.0, -1.9361265e-07, -1.0280384e-06, 0.0, -2.4584822e-06, -4.3202e-07, -3.2929079e-06, -7.107425e-06, -6.325235e-05, -9.0883464e-07, 0.0, -1.6240566e-06, 0.0, 0.0, 0.0, -1.2664457e-06, -1.9361265e-07, 0.0, 0.0, 0.0, -4.3202e-07, -1.3856493e-06, -3.888926e-06, 0.0, -1.9361265e-07, 0.0, -3.1281633e-07, 0.0, 0.0, 0.0, -3.1281633e-07, -4.3202e-07, -4.3202e-07, 0.0, -5.7961847e-06, -1.3692521, -2.7133641e-05, -0.014571958, -0.4772276, -3.1281633e-07, -1.0280384e-06, -4.4849444e-06, -0.0055617173, -0.0023344974, -8.89548e-06, -4.246537e-06, -1.2664457e-06, -3.5313153e-06, -3.1281633e-07, -5.9153886e-06, -2.6968896e-06, -1.0280384e-06, -8.418666e-06, -4.3202e-07, -0.006815777, 0.0, -1.504853e-06, -1.9146995e-05, -6.511407e-06, -3.5313153e-06, -3.1281633e-07, 0.0, -1.9361265e-07, -3.4285862e-05, -5.5122365e-07, 0.0, -2.8160932e-06, -2.9756122e-05, -1.2664457e-06, -2.2246291e-05, -0.0028679967, -1.147242e-06, -6.869018e-06, -0.0002074741, -3.392825e-05, -5.7411373e-05, -3.0545007e-06, -8.709308e-05, -1.504853e-06, -9.849109e-06, -9.0883464e-07, 0.0, -3.1281633e-07, -7.703444e-06, 0.0, 0.0, -5.5122365e-07, -7.159661e-05, 0.0, 0.0, -2.220075e-06, -4.8425554e-06, -1.8624639e-06, -5.5122365e-07, 0.0, -1.8624639e-06, -4.604148e-06, -4.246537e-06, -3.4121115e-06, -2.057744e-05, -5.5577775e-06, 0.0, -4.00813e-06, -9.610702e-06, -2.1769476e-05, -6.869018e-06, -1.9816675e-06, -1.7597347e-05, -1.3856493e-06, -1.0087517e-05, -1.962381e-05, 0.0, -7.89631e-07, -9.0883464e-07, -2.8160932e-06, -0.00015860428, -0.9920274, -4.990154e-05, 0.0, -9.0883464e-07, -1.9361265e-07, 0.0, -1.0280384e-06, -1.9361265e-07, 0.0, -0.00043543737, -0.00011784763, -2.4679222, -7.89631e-07, -1.4416397, -0.70227265, -0.0011505788, -0.0037240654, -7.89631e-07, -4.723352e-06, -9.372295e-06, -1.1756368e-05, -0.07099287, -0.0021802387, -4.990154e-05, -6.704273e-07, -8.657073e-06, -3.7697225e-06, -8.061054e-06, -1.9361265e-07, 0.0, -8.709308e-05, -0.0040341145, -1.8624639e-06, -2.6299214e-05, -3.5313153e-06, -1.2113979e-05, -1.8074163e-05, -9.0883464e-07, -1.9361265e-07, -0.00010759611, -5.5577775e-06, -6.9882217e-06, 0.0, -4.048445e-05, -2.9517714e-05, -9.133887e-06, 0.0, -1.7432603e-06, -1.147242e-06, -9.729906e-06, -7.9418505e-06, -4.1273333e-06, -3.1281633e-07, -1.9816675e-06, -1.0280384e-06, -1.2113979e-05, -3.1281633e-07, -4.00813e-06, 0.0, -5.145119e-05, -3.5313153e-06, -0.0007388731, 0.0, -1.4617256e-05, -0.00017004783, -1.9361265e-07, 0.0, -4.9617593e-06, -3.1281633e-07, 0.0, -2.577686e-06, -1.378283e-05, -3.1281633e-07, 0.0, -6.704273e-07, -5.6769813e-06, -4.8425554e-06, 0.0, -1.6240566e-06, -1.1398757e-05, -1.1041146e-05, -2.0935051e-05, -6.682846e-05, -7.465036e-06, -1.9361265e-07, -9.3530085e-05, -8.657073e-06, -1.0325924e-05, 0.0, 0.0, -0.00012904544, -6.6306106e-06, -3.1737043e-06, -2.0458236e-05, -7.111979e-05, -0.012627605]",0
2025_11_KICE_4-9_2,['3(2)'],"1번: 전통 사상은 과학 및 과학 정신과 양립할 수 없는 관계에 놓여 있다. ""(나)에서 '천두슈'는 과학의 방법을 이용하지 않는 사상이 공상에 그친다고 주장하며 과학에 대한 자신의 생각을 계속했다.""
2번: 전통 사상의 폐단은 과학 정신이 뿌리내리지 못한 사회 체질에서 비롯된 것이다.
3번: 과학을 이용하는 과정에서 문제가 발생했다고 해도 과학적 방법을 부정할 수 없다.
4번: 서양의 과학 정신을 전면적으로 도입하면 당면한 국가의 위기를 충분히 극복할 수 있다.
5번: 국가의 위기는 과학적 방법으로 사상을 재구성할 필요가 있다는 인식이 부재한 데에서 비롯된 것이다.

최종 정답: 1번","[16, 43144, 25, 57519, 3546, 3546, 33229, 57002, 34804, 1144, 3546, 3546, 3546, 1144, 3546, 1144, 3546, 3546, 3546, 37155, 83628, 54780, 1144, 3546, 3546, 3546, 48936, 29833, 47782, 16969, 93851, 3546, 3546, 19954, 1144, 3546, 3546, 58126, 91786, 13, 12262, 61415, 8, 57575, 364, 3546, 3546, 3546, 3546, 3546, 3546, 6, 16969, 1144, 3546, 3546, 3546, 21028, 75908, 3546, 3546, 18359, 23955, 27797, 88525, 51796, 16969, 33229, 57002, 13094, 1144, 48859, 57002, 19954, 55925, 3546, 3546, 13447, 35495, 56773, 41953, 16582, 3546, 48859, 1144, 3546, 3546, 3546, 19954, 62060, 24486, 65677, 83628, 21028, 48918, 3546, 3546, 18359, 95303, 3546, 3546, 3546, 3546, 3546, 10246, 17, 43144, 25, 57519, 3546, 3546, 33229, 57002, 21028, 1144, 3546, 3546, 47496, 34804, 1144, 3546, 3546, 3546, 37155, 83628, 13094, 1144, 3546, 3546, 29102, 96318, 29102, 22035, 1144, 3546, 24486, 33229, 62841, 1144, 48859, 3546, 3546, 57575, 75086, 3546, 3546, 53400, 72208, 13094, 13447, 627, 18, 43144, 25, 1144, 3546, 3546, 3546, 18359, 23955, 27797, 44005, 1144, 3546, 30381, 57575, 54535, 38187, 20565, 97096, 77535, 3546, 3546, 3546, 35495, 61816, 49085, 1144, 3546, 3546, 3546, 82068, 75908, 3546, 3546, 18359, 86503, 30381, 48936, 29833, 47782, 13447, 627, 19, 43144, 25, 90960, 3546, 3546, 21028, 1144, 3546, 3546, 3546, 37155, 83628, 18359, 57519, 33390, 82068, 43139, 1144, 3546, 44966, 16582, 33390, 1144, 48859, 33390, 24486, 1144, 48859, 3546, 20565, 21028, 46810, 21121, 18918, 1144, 47496, 80816, 3546, 3546, 3546, 1144, 48859, 48859, 98934, 48936, 29833, 91786, 627, 20, 43144, 25, 1144, 48859, 3546, 20565, 21028, 46810, 21121, 16969, 1144, 3546, 3546, 3546, 82068, 75908, 3546, 3546, 43139, 33229, 57002, 18359, 1144, 3546, 89359, 33931, 48936, 76628, 36811, 20565, 91786, 16969, 59777, 77437, 13094, 86503, 58232, 24486, 1144, 3546, 57575, 75086, 3546, 3546, 53400, 72208, 13094, 13447, 382, 3546, 48859, 3546, 47496, 3546, 37155, 3546, 48859, 25, 220, 16, 43144]","[-0.25692597, -1.0325924e-05, -0.0007137431, -0.0064905924, 0.0, -6.704273e-07, -5.9153886e-06, 0.0, -0.009909313, -4.3202e-07, 0.0, 0.0, 0.0, -4.3202e-07, 0.0, -4.8425554e-06, 0.0, 0.0, 0.0, -5.1928004e-05, -3.650519e-06, -2.220075e-06, -2.3392786e-06, -4.3202e-07, -8.537869e-06, 0.0, -1.9361265e-07, -2.220075e-06, -5.080963e-06, -1.504853e-06, -9.0883464e-07, -1.9816675e-06, -1.9361265e-07, -1.504853e-06, -6.50404e-05, 0.0, -6.704273e-07, -7.465036e-06, -0.00011462913, -0.0069650705, -0.7764043, -0.003510749, -0.0015555671, -1.5689803, -1.152388, -0.09055912, -3.5313153e-06, -9.610702e-06, -0.0001823258, -2.7372049e-05, 0.0, -0.83374465, -0.060517576, -0.40411502, -2.5345586e-05, -0.0004212595, 0.0, -0.5897911, -0.8184424, -0.00013703208, -0.00016182278, -0.014818988, -0.10126812, -1.9027791e-05, -0.048392713, -1.473646e-05, -0.78633237, -0.023997147, -0.0007019456, -0.020094143, -0.06734544, -0.00026598477, -3.888926e-06, -0.0026026492, -0.0020964916, -0.046121225, -0.58610827, -0.00017755765, -0.00010807293, -0.035140615, 0.0, -0.3419065, -0.40060252, 0.0, -0.96224517, -8.4947416e-05, -0.00060843676, -1.9361265e-07, -3.4990878, -0.005356025, -0.0011729635, -0.4878251, -0.0005663762, -4.365741e-06, -1.11603495e-05, 0.0, 0.0, -1.5451682e-05, -2.0271463, -9.610702e-06, -1.9361265e-07, -0.32098642, -2.4584822e-06, -0.0132452855, -0.45492238, -0.00063726207, -2.1054253e-05, -0.0012772576, -0.0013047606, -1.9361265e-07, -1.9361265e-07, -2.3392786e-06, -1.9361265e-07, -0.000102708764, -3.1281633e-07, -7.89631e-07, -6.704273e-07, -1.9361265e-07, -4.3202e-07, -2.1008714e-06, 0.0, 0.0, 0.0, -1.504853e-06, -8.89548e-06, -5.5122365e-07, -1.6240566e-06, -4.3202e-07, -1.9361265e-07, 0.0, -1.7954959e-05, -0.004118412, -1.9816675e-06, -4.3202e-07, -6.2729996e-06, -5.2001665e-06, -3.1281633e-07, 0.0, -6.0345924e-06, -3.1281633e-07, -2.8160932e-06, 0.0, -3.4121115e-06, -1.4021238e-05, -1.0280384e-06, -4.3202e-07, -1.6240566e-06, -7.89631e-07, -3.888926e-06, 0.0, -1.6448753, -0.00017505439, -1.4855664e-05, -0.00023119197, -0.0030045656, -6.704273e-07, 0.0, -1.9361265e-07, -5.0497558e-05, -1.3856493e-06, -1.9361265e-07, -2.220075e-06, -9.0883464e-07, -1.9816675e-06, 0.0, -1.9361265e-07, -3.5313153e-06, 0.0, -1.9361265e-07, 0.0, 0.0, -2.220075e-06, -8.89548e-06, -0.00027527902, 0.0, -4.3202e-07, 0.0, -1.1756368e-05, 0.0, 0.0, 0.0, -1.3067608e-05, -3.1281633e-07, 0.0, -7.89631e-07, -1.8624639e-06, -5.5122365e-07, -1.9361265e-07, -1.6240566e-06, -1.504853e-06, -2.2842309e-05, -1.9361265e-07, -0.16091844, -7.314626e-05, -2.7848862e-05, -4.501419e-05, -4.4537377e-05, 0.0, 0.0, -1.9361265e-07, -5.5122365e-07, 0.0, 0.0, 0.0, -4.3202e-07, -2.2723105e-05, -1.6240566e-06, -2.1769476e-05, -5.312004e-05, -5.5577775e-06, -1.5451682e-05, -1.9816675e-06, -6.2729996e-06, -7.89631e-07, -3.1281633e-07, -1.9361265e-07, -4.365741e-06, -1.9361265e-07, -1.147242e-06, -3.1281633e-07, -1.9361265e-07, -5.5122365e-07, 0.0, -3.1281633e-07, -4.1273333e-06, 0.0, 0.0, -7.89631e-07, -4.3202e-07, 0.0, -1.9361265e-07, -1.9361265e-07, 0.0, 0.0, -3.1281633e-07, 0.0, 0.0, 0.0, -1.3856493e-06, -1.8624639e-06, -1.0802739e-05, -0.0013494033, -7.3458323e-06, -2.7014437e-05, -2.4153549e-05, -1.0206721e-05, -4.3202e-07, 0.0, 0.0, -6.704273e-07, -4.3202e-07, 0.0, -5.5122365e-07, -5.5122365e-07, 0.0, 0.0, 0.0, -4.3202e-07, 0.0, 0.0, -3.650519e-06, -1.6240566e-06, -1.9816675e-06, -1.147242e-06, -4.1273333e-06, 0.0, -5.5122365e-07, -1.9361265e-07, -1.9816675e-06, -7.0404574e-05, -6.704273e-07, -1.504853e-06, 0.0, -1.27099975e-05, 0.0, -6.704273e-07, 0.0, -7.3458323e-06, -3.1737043e-06, -1.60477e-05, -1.569009e-05, -3.8219583e-05, -1.9361265e-07, -1.6524515e-05, -6.1537958e-06, -3.1281633e-07, 0.0, -1.2664457e-06, -5.5122365e-07, -1.6240566e-06, -6.704273e-07, -2.7328172, -9.849109e-06, -1.9361265e-07, -7.89631e-07, 0.0, 0.0, -2.220075e-06, -4.3202e-07, 0.0, -0.00010485443, -7.517272e-05, -0.00028958343, -1.3856493e-06]",0
2025_11_KICE_4-9_3,['2(2)'],"1번: ㉠은 인격의 수양을 동반하는 근대 주체의 정립에, ㉡은 전통적 사유 방식에 기반을 둔 신문화의 달성에 동의하는 입장이다. (""그의 기본 전략은 문명의 물질적 측면인 과학은 서양으로부터 수용하되, 문명의 정신적 측면인 철학은 유학을 혁신하여 재구성하는 것이었다."" / ""과학의 근거 위에서만 민주 정치의 실현이 가능하다고 주장했다."")
2번: ㉠은 주체 인식의 준거가 서양 근대 문명의 주체라는 인식에, ㉡은 철학이 과학의 방법에 근거할 수 없다는 생각에 반대하는 입장이다. (해당 내용 없음)
3번: ㉠은 생존과 편리 증진을 위한 과학 연구의 시급성을, ㉡은 과학의 방법에 영향 받지 않는 사상이나 철학을 부인하는 입장이다. (해당 내용 없음)
4번: ㉠은 앞서 근대 문명을 이룬 국가를 추종하는 태도를, ㉡은 전쟁의 폐해가 과학을 오용한 자들의 탓이라는 주장을 비판하는 입장이다. (해당 내용 없음)
5번: ㉠은 과학과 철학이 문명의 두 축을 이루는 학문이라는 견해에, ㉡은 철학보다 과학이 우위임을 인정할 수 없다는 견해에 동의하는 입장이다. (해당 내용 없음)
최종 정답: 1번: ㉠은 인격의 수양을 동반하는 근대 주체의 정립에, ㉡은 전통적 사유 방식에 기반을 둔 신문화의 달성에 동의하는 입장이다.","[16, 43144, 25, 220, 45398, 3546, 47496, 34804, 59777, 3546, 47496, 21028, 29833, 3546, 3546, 18359, 1144, 3546, 3546, 3546, 44005, 1144, 48859, 3546, 67945, 56773, 50643, 21028, 37155, 3546, 3546, 19954, 11, 220, 45398, 3546, 47496, 34804, 57519, 3546, 3546, 82068, 33229, 3546, 47496, 75908, 77437, 19954, 55216, 3546, 3546, 18359, 1144, 3546, 3546, 1144, 47496, 52688, 57390, 21028, 1144, 3546, 33931, 19954, 1144, 3546, 21028, 44005, 39250, 41953, 13094, 13447, 13, 3573, 49706, 21028, 55216, 3546, 48859, 57519, 3546, 48859, 34804, 54535, 80732, 21028, 1144, 3546, 3546, 3546, 3546, 82068, 1144, 48859, 47496, 33390, 32428, 1144, 3546, 3546, 3546, 34804, 90960, 3546, 3546, 43139, 64189, 34961, 29833, 27797, 16582, 65219, 11, 54535, 80732, 21028, 37155, 83628, 82068, 1144, 48859, 47496, 33390, 32428, 1144, 47496, 3546, 3546, 34804, 1144, 47496, 3546, 3546, 18359, 1144, 3546, 83628, 83290, 1144, 3546, 89359, 33931, 44005, 72208, 13094, 3546, 3546, 1210, 611, 330, 54780, 3546, 3546, 21028, 1144, 48859, 3546, 93292, 46810, 57575, 73653, 1144, 3546, 3546, 55430, 37155, 60798, 21028, 1144, 47496, 3546, 3546, 13094, 96451, 16582, 13447, 35495, 56773, 41953, 3546, 3546, 3546, 13352, 17, 43144, 25, 220, 45398, 3546, 47496, 34804, 56773, 50643, 59777, 77437, 21028, 1144, 3546, 93292, 20565, 90960, 3546, 3546, 1144, 48859, 3546, 67945, 54535, 80732, 21028, 56773, 50643, 51440, 16969, 59777, 77437, 19954, 11, 220, 45398, 3546, 47496, 34804, 1144, 47496, 3546, 3546, 13094, 1144, 3546, 3546, 3546, 21028, 75908, 3546, 3546, 19954, 1144, 48859, 3546, 93292, 48936, 29833, 47782, 13447, 16969, 48918, 3546, 3546, 19954, 64857, 67945, 44005, 39250, 41953, 13094, 13447, 13, 320, 34983, 65895, 67236, 27797, 47782, 49531, 340, 18, 43144, 25, 220, 45398, 3546, 47496, 34804, 48918, 3546, 47496, 54780, 1144, 3546, 48859, 29102, 1144, 47496, 3546, 86351, 18359, 46810, 24486, 1144, 3546, 3546, 3546, 78453, 89359, 21028, 45618, 3546, 3546, 33931, 18359, 11, 220, 45398, 3546, 47496, 34804, 1144, 3546, 3546, 3546, 21028, 75908, 3546, 3546, 19954, 1144, 3546, 3546, 3546, 47496, 84696, 22035, 51796, 16969, 33229, 57002, 13094, 61415, 1144, 47496, 3546, 3546, 18359, 86503, 32428, 44005, 39250, 41953, 13094, 13447, 13, 320, 34983, 65895, 67236, 27797, 47782, 49531, 340, 19, 43144, 25, 220, 45398, 3546, 47496, 34804, 1144, 3546, 27796, 1144, 48859, 3546, 67945, 54535, 80732, 18359, 23955, 3546, 3546, 1144, 48859, 3546, 20565, 18918, 58935, 3546, 47496, 3546, 44005, 1144, 3546, 49085, 18918, 11, 220, 45398, 3546, 47496, 34804, 57519, 3546, 3546, 3546, 21028, 1144, 3546, 34983, 20565, 1144, 3546, 3546, 3546, 18359, 74177, 27797, 24486, 65677, 65950, 21028, 1144, 3546, 13094, 51440, 16969, 56773, 41953, 18359, 75086, 3546, 3546, 44005, 39250, 41953, 13094, 13447, 13, 320, 34983, 65895, 67236, 27797, 47782, 49531, 340, 20, 43144, 25, 220, 45398, 3546, 47496, 34804, 1144, 3546, 3546, 3546, 54780, 1144, 47496, 3546, 3546, 13094, 54535, 80732, 21028, 1144, 3546, 1144, 3546, 18359, 23955, 3546, 47496, 16969, 1144, 3546, 52688, 13094, 51440, 16969, 1144, 3546, 34983, 19954, 11, 220, 45398, 3546, 47496, 34804, 1144, 47496, 3546, 3546, 42771, 13447, 1144, 3546, 3546, 3546, 13094, 1144, 48859, 82001, 94801, 18359, 59777, 30381, 48936, 29833, 47782, 13447, 16969, 1144, 3546, 34983, 19954, 1144, 3546, 21028, 44005, 39250, 41953, 13094, 13447, 13, 320, 34983, 65895, 67236, 27797, 47782, 49531, 340, 3546, 48859, 3546, 47496, 3546, 37155, 3546, 48859, 25, 220, 16, 43144, 25, 220, 45398, 3546, 47496, 34804, 59777, 3546, 47496, 21028, 29833, 3546, 3546, 18359, 1144, 3546, 3546, 3546, 44005, 1144, 48859, 3546, 67945, 56773, 50643, 21028, 37155, 3546, 3546, 19954, 11, 220, 45398, 3546, 47496, 34804, 57519, 3546, 3546, 82068, 33229, 3546, 47496, 75908, 77437, 19954, 55216, 3546, 3546, 18359, 1144, 3546, 3546, 1144, 47496, 52688, 57390, 21028, 1144, 3546, 33931, 19954, 1144, 3546, 21028, 44005, 39250, 41953, 13094, 13447, 13]","[-0.023248272, -1.1517961e-05, -0.001135097, -0.0033975292, -1.3544423e-05, 0.0, -0.00093563984, -0.0075661684, -0.011662475, -5.3193703e-06, -1.9361265e-07, -7.9418505e-06, -4.3202e-07, 0.0, 0.0, -1.2664457e-06, -1.50940705e-05, -7.89631e-07, 0.0, -7.822647e-06, 0.0, -3.2929079e-06, 0.0, 0.0, 0.0, -5.5122365e-07, -4.3202e-07, 0.0, -1.9361265e-07, -6.704273e-07, 0.0, -6.511407e-06, -1.4378848e-05, -3.5313153e-06, -4.8425554e-06, 0.0, -6.587483e-05, -1.6240566e-06, -5.5122365e-07, 0.0, -1.9361265e-07, -1.0280384e-06, -1.0280384e-06, -1.0280384e-06, -1.9361265e-07, -6.704273e-07, -9.0883464e-07, -4.00813e-06, -1.147242e-06, 0.0, -1.0280384e-06, -4.8425554e-06, -1.147242e-06, -1.9361265e-07, -1.9361265e-07, -1.9361265e-07, 0.0, -2.9636918e-05, -6.704273e-07, 0.0, -6.1537958e-06, 0.0, 0.0, -1.2664457e-06, -4.954393e-05, -3.1281633e-07, 0.0, -3.1281633e-07, -5.5577775e-06, -1.9361265e-07, -7.89631e-07, -4.3202e-07, -0.003544955, -3.7036195, -0.8819557, -0.30915612, -0.11081239, -1.5570886e-05, 0.0, -8.7212284e-05, -3.1737043e-06, -1.9361265e-07, -4.739826e-05, -0.00035679596, -5.5122365e-07, -1.2352386e-05, -7.314626e-05, -1.2590794e-05, 0.0, -2.9352968e-06, 0.0, -0.00021855638, -7.493431e-05, -4.3202e-07, 0.0, -1.9361265e-07, -0.0089278435, -2.1411865e-05, -1.9361265e-07, -2.6968896e-06, 0.0, -0.0001752928, -0.00035941842, 0.0, 0.0, -1.147242e-06, -8.537869e-06, -9.0883464e-07, -1.247159e-05, -1.8550976e-05, -9.0883464e-07, -6.704273e-07, -7.696077e-05, -0.00057567045, -6.704273e-07, -1.147242e-06, -1.3856493e-06, -1.9504607e-05, -0.00015371693, -2.220075e-06, -5.5122365e-07, 0.0, -6.704273e-07, -0.00010652328, -6.869018e-06, -2.1008714e-06, 0.0, 0.0, -3.9054008e-05, -7.107425e-06, -6.1537958e-06, -1.6240566e-06, 0.0, -5.2001665e-06, -1.504853e-06, 0.0, -2.749125e-05, -1.1279553e-05, -1.8624639e-06, -3.1281633e-07, -4.246537e-06, -1.0802739e-05, -0.00013989297, -0.00012130453, -1.1756368e-05, -8.196733e-05, -0.0004775016, -1.0761778, -1.4825405, -0.06923011, -2.28086, -3.4524266e-05, -2.4584822e-06, -0.06611108, -0.0019620592, -2.4584822e-06, -1.0280384e-06, -3.035214e-05, -0.013004925, -5.0974373e-05, -1.6166903e-05, -1.6286107e-05, 0.0, 0.0, 0.0, -0.0007742509, -3.1544176e-05, -1.831257e-05, -1.0087517e-05, -7.226629e-06, -7.111979e-05, 0.0, -1.3186812e-05, -3.619312e-05, -3.106736e-05, -1.1756368e-05, -0.000107953725, -8.9834764e-05, -1.2664457e-06, -0.0036018556, -1.0921943e-05, -0.00058162695, -0.014695189, -0.0005524367, -4.2153304e-05, -0.0007774694, -0.0022555296, -1.1279553e-05, 0.0, -0.0013511877, -0.00019305047, -0.00053968927, -3.1281633e-07, -3.1737043e-06, 0.0, -1.0280384e-06, -2.618001e-05, 0.0, 0.0, -2.1008714e-06, -1.7432603e-06, 0.0, 0.0, -1.9361265e-07, 0.0, 0.0, -4.3202e-07, -4.1273333e-06, 0.0, -1.147242e-06, -3.1281633e-07, -1.7432603e-06, -6.337155e-05, 0.0, -1.147242e-06, 0.0, -4.1273333e-06, -8.061054e-06, -3.1737043e-06, -2.8160932e-06, 0.0, -1.8624639e-06, -2.4584822e-06, -4.723352e-06, -1.8624639e-06, 0.0, 0.0, 0.0, -1.8624639e-06, 0.0, 0.0, -1.9361265e-07, -1.9361265e-07, -1.3856493e-06, 0.0, -3.1281633e-07, -4.3202e-07, -0.0001558626, 0.0, 0.0, 0.0, -3.1281633e-07, -4.3202e-07, -2.3392786e-06, 0.0, -1.9361265e-07, -1.9361265e-07, 0.0, 0.0, 0.0, -1.147242e-06, 0.0, -1.6240566e-06, -5.5122365e-07, -1.9361265e-07, -1.9361265e-07, -3.1281633e-07, -0.085949205, -0.5218953, -0.023649322, -0.026363472, -0.35407346, -1.9361265e-07, -1.2296771, -1.9361265e-07, -0.0002191524, -1.0445127e-05, -2.0458236e-05, -0.00027111053, -0.00018506382, -7.7199176e-05, 0.0, -5.7961847e-06, -2.6968896e-06, -7.107425e-06, 0.0, 0.0, -1.6240566e-06, -2.4584822e-06, 0.0, -3.1281633e-07, -2.220075e-06, -9.74638e-05, 0.0, 0.0, 0.0, -1.2664457e-06, -5.5122365e-07, -6.869018e-06, -1.0280384e-06, 0.0, 0.0, 0.0, -1.9816675e-06, -1.9361265e-07, -4.3202e-07, -8.657073e-06, -5.5122365e-07, -4.00813e-06, -1.3856493e-06, -4.1273333e-06, -1.5213274e-05, -9.0883464e-07, -7.107425e-06, 0.0, -2.9352968e-06, -3.2929079e-06, -3.0545007e-06, 0.0, 0.0, 0.0, -9.0883464e-07, -2.9352968e-06, 0.0, -5.5122365e-07, -7.89631e-07, -3.888926e-06, 0.0, -6.873572e-05, 0.0, 0.0, -0.00047011464, -1.3856493e-06, -1.504853e-06, -7.9418505e-06, -4.3202e-07, -5.5122365e-07, 0.0, -4.3202e-07, -3.1281633e-07, -5.5122365e-07, 0.0, 0.0, -4.9617593e-06, -6.704273e-07, -4.1273333e-06, -7.89631e-07, -3.1281633e-07, -4.3202e-07, 0.0, -4.3202e-07, -5.2285613e-05, -0.014996566, -4.739826e-05, -5.4385737e-06, -2.9160103e-05, -1.147242e-06, -0.0017206386, -2.1008714e-06, -0.00017779607, -6.511407e-06, -4.0246043e-05, -7.672237e-05, -3.7697225e-06, -6.062987e-05, 0.0, -1.1994775e-05, -2.3392786e-06, -1.7432603e-06, 0.0, -1.504853e-06, -2.3392786e-06, 0.0, 0.0, -1.9361265e-07, -3.1281633e-07, 0.0, -1.147242e-06, -4.3202e-07, 0.0, 0.0, -1.6240566e-06, 0.0, 0.0, -1.9361265e-07, -7.89631e-07, -1.0280384e-06, -9.0883464e-07, 0.0, 0.0, -5.5122365e-07, -3.1281633e-07, -4.3202e-07, -1.9361265e-07, -2.1531068e-05, -1.6762922e-05, -7.89631e-07, -1.504853e-06, 0.0, -9.0883464e-07, -2.1008714e-06, -2.7610455e-05, -1.4021238e-05, 0.0, 0.0, -6.704273e-07, -4.3202e-07, 0.0, -5.5122365e-07, 0.0, -3.650519e-06, -1.9361265e-07, 0.0, 0.0, -9.0883464e-07, -1.2664457e-06, -1.9361265e-07, -4.3202e-07, -1.2829201e-05, -3.0545007e-06, -1.147242e-06, -4.3202e-07, -1.9361265e-07, -6.704273e-07, 0.0, 0.0, -3.1281633e-07, 0.0, -3.1281633e-07, -1.9816675e-06, -2.6968896e-06, 0.0, -4.3202e-07, -1.0280384e-06, -7.89631e-07, -1.9361265e-07, -1.9361265e-07, -3.7385154e-05, -0.024996275, -2.2127088e-05, -2.4584822e-06, -5.5577775e-06, -1.504853e-06, -0.0005660186, -1.6240566e-06, -0.00013202553, -4.00813e-06, -6.098748e-05, -4.596782e-05, -5.3193703e-06, -0.00012178135, 0.0, -0.00016527968, -1.2664457e-06, -4.246537e-06, 0.0, 0.0, 0.0, -6.704273e-07, -9.0883464e-07, 0.0, 0.0, 0.0, 0.0, -7.89631e-07, 0.0, 0.0, -6.704273e-07, -1.9361265e-07, -6.704273e-07, -1.9361265e-07, -4.723352e-06, 0.0, 0.0, -4.3202e-07, -1.9361265e-07, -1.9361265e-07, 0.0, -1.9361265e-07, -1.9361265e-07, -1.7432603e-06, 0.0, -5.5122365e-07, 0.0, 0.0, -7.89631e-07, -2.355753e-05, -1.3856493e-06, -2.220075e-06, 0.0, -1.2664457e-06, -7.89631e-07, -2.1008714e-06, -4.3202e-07, 0.0, 0.0, -3.1281633e-07, -1.9361265e-07, -5.5122365e-07, 0.0, 0.0, 0.0, 0.0, -3.1281633e-07, 0.0, -1.9816675e-06, -4.3202e-07, -4.4849444e-06, 0.0, 0.0, -1.9361265e-07, -1.147242e-06, -2.220075e-06, 0.0, 0.0, -3.0545007e-06, 0.0, 0.0, -1.9361265e-07, -3.1737043e-06, 0.0, 0.0, 0.0, -7.89631e-07, -7.89631e-07, -4.3202e-07, -3.1281633e-07, -2.4630364e-05, -0.14239936, -3.4047454e-05, -2.6060809e-05, -3.0545007e-06, -1.147242e-06, -8.76891e-05, -1.5213274e-05, -0.07096022, -2.2127088e-05, 0.0, -5.5122365e-07, 0.0, 0.0, -1.504853e-06, -1.9361265e-07, 0.0, -0.00010402, -2.4272753e-05, -1.4021238e-05, -4.3202e-07, -0.08435694, -0.009253644, -0.0006351164, -6.704273e-07, -3.094816e-05, -8.8285124e-05, -1.4259645e-05, -2.4584822e-06, 0.0, -5.5122365e-07, -3.1281633e-07, 0.0, 0.0, -1.504853e-06, -5.5122365e-07, -1.504853e-06, 0.0, -7.107425e-06, -4.3202e-07, -3.888926e-06, 0.0, 0.0, -1.9361265e-07, -3.1281633e-07, -9.0883464e-07, 0.0, 0.0, -6.704273e-07, 0.0, -4.9617593e-06, -2.0100624e-05, -6.2729996e-06, -4.723352e-06, -1.9361265e-07, -4.604148e-06, -4.8425554e-06, -1.6240566e-06, 0.0, 0.0, -4.3202e-07, -4.3202e-07, -7.89631e-07, -3.1281633e-07, 0.0, -3.0545007e-06, -9.0883464e-07, -1.2352386e-05, 0.0, -1.8624639e-06, -8.776276e-06, -4.3202e-07, -2.4584822e-06, 0.0, -1.9361265e-07, 0.0, -1.9385403e-05, -3.1281633e-07, -3.1281633e-07, -6.704273e-07, -1.9361265e-07, 0.0, -4.3202e-07, -7.703444e-06, -3.1281633e-07, 0.0, -4.3202e-07, -2.9352968e-06, -9.0883464e-07, -3.1281633e-07, -3.7697225e-06, -4.036525e-05]",0
2025_11_KICE_4-9_4,['1(3)'],"1번: (선택지 1번에 대한 답변) + ""서양 문명의 수용을 뜻하는 개화 개념이 자리 잡았다.""
2번: (선택지 2번에 대한 답변) + ""개화의 지향점은 통치 방식의 변화와 관련 있다는 점에서, <보기>에서 정부가 서양의 생산 기술을 도입하며 내세운 목표와 다르겠군.""
3번: (선택지 3번에 대한 답변) + ""박은식은 과학과 구별되는 철학의 중요성을 강조했으므로, <보기>에서 젊은이들의 자문화에 대한 인식 변화는 가치관 정립을 위한 철학이 부재했기 때문이라고 보겠군.""
4번: (선택지 4번에 대한 답변) + ""옌푸는 경쟁에서 승리하기 위한 조건으로 기술과 정신적 자질을 강조했으므로, <보기>에서 마을이 기술의 수용만을 중시하면 마을 간 경쟁에서 승리할 수 없다고 보겠군.""
5번: (선택지 5번에 대한 답변) + ""장쥔마이는 과학적 방법의 한계를 지적했으므로, <보기>에서 마을이 과거에 중시했던 인생관이 더 이상 유효하지 않게 된 문제는 과학적 방법으로 해결할 수 없다고 보겠군.""
최종 정답: 3번 (선택지 3번)","[16, 43144, 25, 320, 3546, 47496, 22035, 220, 16, 43144, 19954, 62060, 24486, 1144, 48859, 3546, 3546, 8, 489, 330, 27796, 3546, 3546, 54535, 80732, 21028, 29833, 27797, 18359, 1144, 3546, 3546, 44005, 74623, 57390, 74623, 3546, 3546, 13094, 65677, 29102, 1144, 47496, 3546, 3546, 13447, 10246, 17, 43144, 25, 320, 3546, 47496, 22035, 220, 17, 43144, 19954, 62060, 24486, 1144, 48859, 3546, 3546, 8, 489, 330, 60861, 57390, 21028, 67890, 3546, 3546, 47496, 3546, 3546, 34804, 1144, 3546, 60798, 75908, 77437, 21028, 47419, 57390, 81673, 93851, 3546, 47496, 91786, 16969, 1144, 3546, 57575, 11, 366, 42771, 21121, 29, 57575, 37155, 64189, 20565, 90960, 3546, 3546, 21028, 48918, 86157, 55216, 3546, 3546, 47496, 18359, 1144, 3546, 44966, 16582, 3546, 48859, 67236, 42529, 94772, 1144, 47496, 3546, 3546, 81673, 50467, 3546, 48859, 3546, 47496, 3546, 48859, 10246, 18, 43144, 25, 320, 3546, 47496, 22035, 220, 18, 43144, 19954, 62060, 24486, 1144, 48859, 3546, 3546, 8, 489, 330, 3546, 3546, 34804, 77437, 34804, 1144, 3546, 3546, 3546, 54780, 59877, 3546, 3546, 65219, 16969, 1144, 47496, 3546, 3546, 21028, 72043, 36811, 33931, 18359, 1144, 3546, 93917, 3546, 3546, 3546, 34609, 3546, 3546, 17835, 11, 366, 42771, 21121, 29, 57575, 1144, 3546, 34804, 13094, 65950, 21028, 65677, 52688, 57390, 19954, 62060, 24486, 59777, 77437, 47419, 57390, 16969, 36609, 60798, 3546, 48859, 37155, 3546, 3546, 18359, 46810, 24486, 1144, 47496, 3546, 3546, 13094, 86503, 58232, 3546, 3546, 3546, 21121, 54718, 52688, 13094, 51440, 35495, 64432, 3546, 47496, 3546, 48859, 10246, 19, 43144, 25, 320, 3546, 47496, 22035, 220, 19, 43144, 19954, 62060, 24486, 1144, 48859, 3546, 3546, 8, 489, 330, 3546, 3546, 3546, 3546, 48859, 16969, 44215, 3546, 3546, 3546, 57575, 1144, 48859, 29102, 67525, 46810, 24486, 66610, 3546, 48859, 43139, 55216, 3546, 3546, 47496, 54780, 37155, 83628, 82068, 65677, 3546, 3546, 18359, 1144, 3546, 93917, 3546, 3546, 3546, 34609, 3546, 3546, 17835, 11, 366, 42771, 21121, 29, 57575, 96677, 18359, 13094, 55216, 3546, 3546, 47496, 21028, 29833, 27797, 73653, 18359, 72043, 30426, 16582, 33390, 96677, 18359, 1144, 3546, 44215, 3546, 3546, 3546, 57575, 1144, 48859, 29102, 48936, 29833, 47782, 13447, 35495, 64432, 3546, 47496, 3546, 48859, 10246, 20, 43144, 25, 320, 3546, 47496, 22035, 220, 20, 43144, 19954, 62060, 24486, 1144, 48859, 3546, 3546, 8, 489, 330, 41953, 3546, 47496, 3546, 3546, 3546, 13094, 16969, 1144, 3546, 3546, 3546, 82068, 75908, 3546, 3546, 21028, 62398, 3546, 3546, 18918, 67890, 82068, 3546, 3546, 3546, 34609, 3546, 3546, 17835, 11, 366, 42771, 21121, 29, 57575, 96677, 18359, 13094, 1144, 3546, 93292, 19954, 72043, 30426, 3546, 3546, 3546, 3546, 3546, 59777, 77535, 3546, 48859, 13094, 1144, 3546, 3546, 23955, 57002, 1144, 47496, 3546, 47496, 88525, 51796, 58901, 1144, 3546, 54535, 38187, 16969, 1144, 3546, 3546, 3546, 82068, 75908, 3546, 3546, 43139, 61816, 89881, 48936, 29833, 47782, 13447, 35495, 64432, 3546, 47496, 3546, 48859, 10246, 3546, 48859, 3546, 47496, 3546, 37155, 3546, 48859, 25, 220, 18, 43144, 320, 3546, 47496, 22035, 220, 18, 43144, 8]","[-0.00016671013, -3.2497806e-05, -0.00044711566, -0.04132878, -0.06950383, -1.9146995e-05, 0.0, -1.7432603e-06, -2.677603e-05, -1.0445127e-05, -0.00096171984, -1.9361265e-07, 0.0, 0.0, 0.0, 0.0, 0.0, -0.00042662365, -0.0048963157, -0.21309878, -2.0311656, -0.0012923781, -1.9361265e-07, -0.07246948, -0.0011224761, -0.10576593, -5.080963e-06, -5.7961847e-06, -4.3226137e-05, -0.00015478976, -8.1371305e-05, 0.0, -1.8074163e-05, -0.002925519, -5.9153886e-06, -0.0037044736, -4.3202e-07, 0.0, -0.00029780483, -0.0014803403, -4.3202e-07, -0.010771074, -1.9361265e-07, -0.000946592, -6.704273e-07, -2.8921695e-05, -0.10082365, -2.9279307e-05, -1.4021238e-05, -5.0020742e-05, -0.000112960275, -6.511407e-06, 0.0, 0.0, -1.0445127e-05, -7.326546e-05, -1.0280384e-06, -6.2729996e-06, 0.0, -3.1281633e-07, -3.888926e-06, 0.0, 0.0, 0.0, -3.4047454e-05, -8.537869e-06, -0.00088501495, -0.69933826, -0.005232814, -2.2248127, -0.0007449488, -6.217952e-05, -3.1737043e-06, 0.0, -0.00014668758, -3.0545007e-06, -0.00022022522, -0.0006434533, -1.0280384e-06, -1.0280384e-06, -0.00024037065, -5.6769813e-06, -0.00076650636, -3.333223e-05, 0.0, -0.00022761585, -1.0802739e-05, -2.577686e-06, -3.1737043e-06, -0.25344083, -0.26845953, -0.014553861, -4.2510914e-05, -0.09603578, -0.58731043, -0.3480245, -0.03223745, -1.7432603e-06, -7.107425e-06, -0.006506705, -0.0011139008, -5.080963e-06, -9.0883464e-07, -3.9530823e-05, 0.0, 0.0, -5.5122365e-07, -5.4550484e-05, -1.0445127e-05, -9.0883464e-07, -3.1281633e-07, 0.0, -2.3392786e-06, -0.005973827, -1.1279553e-05, -3.5313153e-06, -1.6240566e-06, -3.0828953e-05, -4.246537e-06, 0.0, -0.00019412329, -1.1398757e-05, -2.577686e-06, -1.147242e-06, -8.418666e-06, -1.9361265e-07, -1.9361265e-07, -3.261701e-05, -1.700133e-05, -0.0012638058, 0.0, -2.7372049e-05, -1.147242e-06, -8.418666e-06, 0.0, -0.0011512941, -4.723352e-06, -4.6802244e-05, -8.006007e-05, -7.326546e-05, -3.261701e-05, -1.9361265e-07, -3.1281633e-07, -1.0564331e-05, -8.657073e-06, -5.4385737e-06, -1.0802739e-05, 0.0, 0.0, -4.246537e-06, 0.0, 0.0, 0.0, -4.1557283e-05, -1.8908588e-05, -0.01597654, -0.06279905, -8.351697e-05, -1.0280384e-06, -2.9352968e-06, -0.00015443214, -0.0012216555, -1.3544423e-05, -1.9816675e-06, 0.0, -1.2590794e-05, -0.0006620417, -3.5954712e-05, 0.0, -5.3954464e-05, -1.504853e-06, -5.7961847e-06, -7.89631e-07, 0.0, 0.0, -2.577686e-06, -4.3202e-07, -4.3202e-07, -4.00813e-06, -5.080963e-06, -6.0345924e-06, -1.9361265e-07, 0.0, -0.00012058931, -1.2352386e-05, -0.0003340354, -0.00017171667, -5.5122365e-07, 0.0, -6.704273e-07, -6.7901296e-05, -0.0004125576, -3.23786e-05, -1.9361265e-07, -7.226629e-06, -3.1186566e-05, -0.00038908547, -1.9361265e-07, 0.0, -2.9352968e-06, 0.0, -3.2929079e-06, -1.6240566e-06, -1.2948405e-05, -8.299462e-06, -8.180258e-06, -7.89631e-07, -3.1281633e-07, -1.0280384e-06, 0.0, -2.4034345e-05, 0.0, -9.253091e-06, -9.4914985e-06, -9.0883464e-07, -9.0883464e-07, -1.147242e-06, -9.0883464e-07, -1.3856493e-06, 0.0, -2.4584822e-06, -1.6762922e-05, -1.9816675e-06, -7.58424e-06, -5.5122365e-07, 0.0, 0.0, -2.3392786e-06, -2.3392786e-06, -3.4121115e-06, -7.89631e-07, -2.8160932e-06, -0.0004073163, -5.080963e-06, -2.9352968e-06, 0.0, -9.968313e-06, -0.00010616567, -1.3856493e-06, -4.1080468e-05, -9.729906e-06, 0.0, -5.080963e-06, 0.0, -0.0010163756, -1.6762922e-05, -3.2497806e-05, -5.5861725e-05, -0.00016671013, -3.7146747e-05, 0.0, 0.0, -9.253091e-06, -4.370295e-05, -1.5570886e-05, -6.392203e-06, 0.0, 0.0, -6.704273e-07, 0.0, 0.0, 0.0, -1.9146995e-05, -1.4140442e-05, -0.022472152, -0.25509992, -0.000932779, -4.465658e-05, -5.5577775e-06, 0.0, -0.00026181265, -0.010677669, -4.3202e-07, 0.0, 0.0, -3.5120287e-05, -5.2001665e-06, 0.0, -6.704273e-07, -0.00010652328, -1.0280384e-06, -6.511407e-06, -2.4630364e-05, -3.1281633e-07, 0.0, -6.6306106e-06, -9.014684e-06, -1.6240566e-06, 0.0, 0.0, -3.1737043e-06, -4.3202e-07, -1.0280384e-06, -3.1281633e-07, -1.9361265e-07, 0.0, 0.0, -1.0802739e-05, -6.869018e-06, -1.9361265e-07, -1.9361265e-07, -2.2603901e-05, -1.0325924e-05, -3.7697225e-06, -3.2929079e-06, -7.465036e-06, 0.0, 0.0, -2.5941605e-05, -2.577686e-06, -4.9617593e-06, 0.0, -2.220075e-06, -5.5122365e-07, -0.09965577, -6.704273e-07, -3.1281633e-07, -1.8193366e-05, 0.0, 0.0, -7.89631e-07, -5.5122365e-07, -6.704273e-07, -1.8624639e-06, 0.0, -3.1281633e-07, -2.9352968e-06, -2.577686e-06, 0.0, -3.1281633e-07, -2.8160932e-06, -1.9361265e-07, -2.9352968e-06, -5.5577775e-06, -3.2929079e-06, -4.3202e-07, 0.0, 0.0, -5.5122365e-07, -1.9361265e-07, 0.0, -1.0280384e-06, -1.147242e-06, -1.2664457e-06, -5.2001665e-06, -5.5122365e-07, -3.1281633e-07, -9.0883464e-07, 0.0, 0.0, -4.3202e-07, 0.0, -0.00015193255, -2.6968896e-06, -2.1173457e-05, -9.0073176e-05, -0.00024025145, -3.7623562e-05, -3.0545007e-06, -3.1281633e-07, -9.372295e-06, -1.569009e-05, -3.650519e-06, -2.9352968e-06, 0.0, 0.0, -6.704273e-07, 0.0, 0.0, 0.0, -2.0219828e-05, -1.7478143e-05, -7.743759e-05, -0.0014605928, -2.6060809e-05, -3.1281633e-07, -5.5122365e-07, -1.9816675e-06, -4.3202e-07, -4.9617593e-06, -4.723352e-06, -9.054999e-05, -1.504853e-06, -7.89631e-07, 0.0, -3.8219583e-05, -1.8624639e-06, 0.0, -1.9361265e-07, -3.5313153e-06, -7.89631e-07, 0.0, 0.0, -1.147242e-06, -1.9361265e-07, -3.1281633e-07, -1.7239736e-05, -3.7697225e-06, -5.7961847e-06, 0.0, -7.89631e-07, 0.0, -5.5122365e-07, -1.9146995e-05, -1.3856493e-06, -4.8425554e-06, 0.0, -9.0883464e-07, -9.0883464e-07, -1.9361265e-07, -1.2664457e-06, -4.3202e-07, -8.537869e-06, -1.0280384e-06, -1.831257e-05, -4.365741e-06, -1.9361265e-07, -3.1281633e-07, 0.0, -2.4584822e-06, 0.0, 0.0, 0.0, -5.5122365e-07, -1.9361265e-07, -5.5577775e-06, -1.9361265e-07, -1.9361265e-07, -6.704273e-07, 0.0, 0.0, -2.4749568e-05, 0.0, -7.89631e-07, -7.89631e-07, 0.0, -1.9361265e-07, -6.704273e-07, 0.0, -1.7432603e-06, -4.9617593e-06, 0.0, -4.1273333e-06, -1.9361265e-07, -2.4584822e-06, -3.2929079e-06, 0.0, 0.0, 0.0, -5.5122365e-07, 0.0, 0.0, -1.9361265e-07, -1.9361265e-07, -2.6968896e-06, 0.0, -1.9361265e-07, -1.3856493e-06, -6.869018e-06, 0.0, 0.0, -1.504853e-06, 0.0, -1.9361265e-07, -5.5122365e-07, 0.0, -0.018627217, -7.3458323e-06, 0.0, -7.89631e-07, 0.0, 0.0, -1.147242e-06, -5.5122365e-07, 0.0, -0.00010831134, -0.007685181, -1.2334056, -5.2001665e-06, -0.675882, -0.04332515, -3.917321e-05, -9.0883464e-07, -0.0014940341, -0.00017398155, -0.0028166473, -0.07266304]",0
2025_11_KICE_4-9_5,['2(2)'],"3번: 아이 울음이 좀처럼 그치지 않았다. (가)
최종 정답: 3번","[18, 43144, 25, 49508, 13094, 1144, 48859, 49531, 13094, 1144, 3546, 3546, 3546, 3546, 3546, 55925, 60798, 22035, 51796, 3546, 3546, 13447, 13, 320, 20565, 340, 3546, 48859, 3546, 47496, 3546, 37155, 3546, 48859, 25, 220, 18, 43144]","[-0.9945507, -2.129266e-05, -0.0009574358, -0.22838691, -6.9882217e-06, -5.5122365e-07, -6.563642e-05, -3.4121115e-06, -5.5122365e-07, -3.88156e-05, -6.704273e-07, -1.147242e-06, -1.50940705e-05, -1.2590794e-05, 0.0, -0.19218214, -0.0039792624, -2.220075e-06, -2.3644295, -9.0883464e-07, -3.1281633e-07, -8.776276e-06, -0.0008481022, -0.7521423, -3.533698, -1.7268054, -0.08588018, 0.0, -2.577686e-06, -1.9361265e-07, 0.0, -1.9504607e-05, -1.147242e-06, 0.0, -7.8748824e-05, -7.767599e-05, -4.179569e-05, -2.9352968e-06]",0
2025_11_KICE_10-13_0,['3(2)'],"1번:  ""(확산 모델의 학습 방법은 기계 학습 중에서 지도 학습에 해당한다. 지도 학습은 학습 데이터에 정답이 주어져 출력과 정답의 차이가 작아지도록 모델을 학습시키는 방법이다.)""
2번:  ""(순확산 과정과 역확산 과정 순으로 작동한다.)""
3번: ""(원하는 값만 들어 있는 원본 이미지에 노이즈를 단계별로 더하면 노이즈가 포함된 확산 이미지가 되고, 여러 단계를 거치면 결국 원본 이미지가 어떤 이미지였는지 전혀 알아볼 수 없는 노이즈 이미지가 된다.)""
4번:  ""(노이즈 예측기 내부의 이러한 수치들을 잠재 표현이라고 한다.)""
5번:  ""(확산 모델은 노이즈 생성기, 이미지 연산기, 노이즈 예측기로 구성되며, 순확산 과정과 역확산 과정 순으로 작동한다.)""
최종 정답: 1번 (선택지 1번)","[16, 43144, 25, 220, 12262, 3546, 3546, 86157, 55170, 3546, 48859, 21028, 1144, 3546, 36630, 75908, 3546, 3546, 34804, 55216, 3546, 3546, 1144, 3546, 36630, 72043, 57575, 67890, 49085, 1144, 3546, 36630, 19954, 95713, 52976, 13, 67890, 49085, 1144, 3546, 36630, 34804, 1144, 3546, 36630, 55348, 19954, 37155, 3546, 48859, 13094, 56773, 32179, 84377, 62226, 54780, 37155, 3546, 48859, 21028, 1144, 47496, 13094, 20565, 69332, 54059, 22035, 49085, 50764, 55170, 3546, 48859, 18359, 1144, 3546, 36630, 30426, 3546, 3546, 16969, 75908, 3546, 3546, 13094, 13447, 6266, 702, 17, 43144, 25, 220, 12262, 3546, 3546, 3546, 3546, 3546, 86157, 1144, 3546, 30381, 54780, 1144, 3546, 3546, 3546, 86157, 1144, 3546, 30381, 1144, 3546, 43139, 69332, 58189, 52976, 6266, 702, 18, 43144, 25, 12262, 55421, 44005, 46663, 73653, 1144, 47496, 32179, 65621, 1144, 3546, 3546, 48859, 91767, 22035, 19954, 1144, 3546, 48859, 13094, 3546, 3546, 18918, 1144, 47496, 3546, 3546, 3546, 3546, 17835, 1144, 3546, 3546, 16582, 33390, 1144, 3546, 48859, 13094, 3546, 3546, 20565, 99969, 79053, 53400, 1144, 3546, 86157, 91767, 22035, 20565, 98243, 35495, 11, 84618, 61394, 1144, 47496, 3546, 3546, 18918, 1144, 48859, 60798, 33390, 83719, 3546, 3546, 1144, 3546, 3546, 48859, 91767, 22035, 20565, 1144, 48859, 3546, 3546, 47496, 91767, 22035, 3546, 3546, 16969, 22035, 57519, 3546, 3546, 1144, 3546, 54059, 3546, 3546, 29833, 47782, 16969, 1144, 3546, 48859, 13094, 3546, 3546, 91767, 22035, 20565, 1144, 3546, 13447, 6266, 702, 19, 43144, 25, 220, 12262, 3546, 48859, 13094, 3546, 3546, 96717, 3546, 48859, 47496, 21121, 67236, 64189, 21028, 23955, 61394, 24486, 29833, 60798, 65950, 18359, 1144, 47496, 58232, 1144, 3546, 3546, 3546, 13094, 51440, 35495, 62398, 13447, 6266, 702, 20, 43144, 25, 220, 12262, 3546, 3546, 86157, 55170, 3546, 48859, 34804, 1144, 3546, 48859, 13094, 3546, 3546, 53017, 21121, 11, 91767, 22035, 78453, 86157, 21121, 11, 1144, 3546, 48859, 13094, 3546, 3546, 96717, 3546, 48859, 47496, 21121, 17835, 59877, 33931, 65219, 3546, 48859, 11, 1144, 3546, 3546, 3546, 86157, 1144, 3546, 30381, 54780, 1144, 3546, 3546, 3546, 86157, 1144, 3546, 30381, 1144, 3546, 43139, 69332, 58189, 52976, 6266, 702, 3546, 48859, 3546, 47496, 3546, 37155, 3546, 48859, 25, 220, 16, 43144, 320, 3546, 47496, 22035, 220, 16, 43144, 8]","[-6.81397e-05, -5.50273e-05, -0.0009786248, -2.7942495, -2.787415, -1.2406447, -0.000107238506, -0.00016873659, -0.00021736434, -5.7961847e-06, 0.0, -0.9108776, -0.077589326, -0.0010805641, -0.00040517066, -0.001001013, -0.0028419606, -0.0026981167, -0.027115213, -0.26145875, -0.00010545045, 0.0, -0.0022561182, -1.9816675e-06, -1.640531e-05, -1.8193366e-05, -1.0325924e-05, -0.00069242035, -4.274932e-05, -1.1041146e-05, -6.704273e-07, -3.7027545e-05, -0.00021462266, -0.0012492813, -0.00025108797, -1.6695244, -0.0067525483, -6.0153056e-05, -6.9882217e-06, 0.0, -5.6769813e-06, -1.0683535e-05, -1.9385403e-05, -7.89631e-07, -3.888926e-06, -1.504853e-06, -4.3202e-07, -1.8624639e-06, -3.0545007e-06, 0.0, -1.9361265e-07, -2.1008714e-06, -1.9361265e-07, -1.9361265e-07, -6.706687e-05, -4.3202e-07, -0.00072291814, -4.1273333e-06, -3.5313153e-06, -1.6240566e-06, -2.220075e-06, -1.9361265e-07, -3.1281633e-07, -4.604148e-06, -2.1008714e-06, -5.080963e-06, -5.7961847e-06, -9.372295e-06, -4.3202e-07, -2.577686e-06, -7.58424e-06, 0.0, -1.9816675e-06, -3.1281633e-07, 0.0, -1.7432603e-06, -3.0545007e-06, -1.378283e-05, -8.776276e-06, -4.3202e-07, -1.9361265e-07, -2.4584822e-06, -1.9816675e-06, -0.00010521204, -3.650519e-06, -0.03265729, -0.0074521024, -4.990154e-05, -4.00813e-06, -0.0005725711, -0.23758434, -0.0009708949, -0.26580164, -0.0005186012, -5.5122365e-07, -6.3609965e-05, -1.9816675e-06, -7.2907846e-05, -0.009630713, -3.0545007e-06, -6.704273e-07, -2.8671489, -7.226629e-06, 0.0, -3.1737043e-06, -2.4584822e-06, -6.9882217e-06, -6.396757e-05, -5.5122365e-07, -9.0883464e-07, -0.0066768867, 0.0, -5.8603408e-05, -0.00016468366, -1.0280384e-06, -0.0003857478, -0.010078095, -0.0014110665, -2.6418418e-05, -6.2729996e-06, -4.4537377e-05, -2.6515114, -1.4731578, -0.104780085, -8.9834764e-05, -1.9361265e-07, -4.7994283e-05, -1.8624639e-06, -1.7432603e-06, -1.4140442e-05, -1.8431772e-05, -7.89631e-07, -4.3202e-07, 0.0, -1.0280384e-06, -7.107425e-06, -1.504853e-06, -2.4391957e-05, -4.1273333e-06, 0.0, -1.2664457e-06, -3.5313153e-06, 0.0, -4.036525e-05, -0.00036585543, 0.0, 0.0, 0.0, -3.4762674e-05, 0.0, -3.888926e-06, -1.2113979e-05, -1.147242e-06, -2.1008714e-06, -3.4121115e-06, -1.6240566e-06, -6.4444386e-05, -2.3392786e-06, 0.0, -4.4849444e-06, -1.5213274e-05, 0.0, -0.00040207137, -4.1273333e-06, -6.869018e-06, -1.3856493e-06, -2.220075e-06, -1.1994775e-05, -3.0545007e-06, -1.9816675e-06, -1.147242e-06, -7.89631e-07, -2.9160103e-05, -1.3067608e-05, -0.00040219055, -0.0006062911, -6.704273e-07, -0.0012567802, -1.9361265e-07, -1.962381e-05, 0.0, -2.6968896e-06, -3.1281633e-07, -5.5122365e-07, -0.0011391463, 0.0, -1.9862217e-05, -1.6240566e-06, 0.0, -0.00013834333, -1.9361265e-07, -2.3392786e-06, 0.0, -1.8624639e-06, -1.2664457e-06, -6.392203e-06, -5.407367e-05, -6.1537958e-06, -0.0001530017, 0.0, -2.8160932e-06, -1.147242e-06, -1.147242e-06, -4.572941e-05, 0.0, -8.537869e-06, -1.9504607e-05, -0.00017696164, -1.9361265e-07, -6.392203e-06, -0.00020532844, -3.1281633e-07, -1.0683535e-05, -4.4849444e-06, -1.9361265e-07, -2.6968896e-06, -1.0087517e-05, -3.5313153e-06, -7.3458323e-06, -5.5122365e-07, 0.0, -6.2729996e-06, -6.2775536e-05, 0.0, -6.869018e-06, -9.0883464e-07, -2.3392786e-06, -9.7583004e-05, 0.0, -4.1273333e-06, -0.0010575798, -0.0013466616, -2.2961513e-05, -6.869018e-06, -0.000107238506, -1.5824151, -0.0053219893, -0.017767191, -4.3202e-07, -3.4121115e-06, -9.794062e-05, -1.9385403e-05, -0.0021484774, -2.1008714e-06, 0.0, 0.0, -1.5213274e-05, -0.3369976, -3.2140193e-05, -4.7159858e-05, -0.0001657565, -2.7133641e-05, -3.1281633e-07, -7.226629e-06, -5.5122365e-07, -2.220075e-06, -2.749125e-05, -0.2310407, -1.8789384e-05, -7.58424e-06, -4.5848617e-05, -6.704273e-07, -1.7239736e-05, -3.1281633e-07, -0.0017399129, -1.18755715e-05, -1.504853e-06, -8.180258e-06, -5.6769813e-06, -0.054901123, -0.00087215565, -8.657073e-06, -1.2233183e-05, -8.220573e-05, -0.3370198, -0.00032330706, -0.0053962073, -2.9040899e-05, -6.0749073e-05, -0.00037132783, -4.3202e-07, 0.0, -0.00021128863, -0.00016432605, -8.220573e-05, -2.1008714e-06, -1.7432603e-06, -0.00014203864, -1.0280384e-06, -0.003857436, -7.703444e-06, -7.822647e-06, -7.89631e-07, -1.9816675e-06, 0.0, -6.704273e-07, -2.3319124e-05, -6.511407e-06, -2.1008714e-06, -3.1281633e-07, 0.0, -1.8624639e-06, -9.729906e-06, 0.0, -5.085517e-05, -3.7697225e-06, 0.0, 0.0, -4.723352e-06, -5.5122365e-07, -1.3544423e-05, -9.0883464e-07, -0.001369523, -6.749814e-06, 0.0, -4.8425554e-06, -0.0042383126, -1.9361265e-07, -2.486877e-05, -2.4584822e-06, -5.1331983e-05, -0.0030396245, 0.0, -2.9352968e-06, -3.888926e-06, -6.704273e-07, 0.0, -6.0345924e-06, -3.1281633e-07, -9.729906e-06, -3.5358695e-05, -1.9361265e-07, -7.89631e-07, -1.27099975e-05, 0.0, 0.0, -1.2664457e-06, -4.3202e-07, -8.537869e-06, -0.0011110436, -0.01138402, -6.6947665e-05, 0.0, -9.0883464e-07, 0.0, 0.0, -3.0545007e-06, -3.1281633e-07, 0.0, -6.718607e-05, -0.00053861644, -0.8208014, -1.0087517e-05, -0.17431766, -0.19564967, -0.0005408813, -1.6166903e-05, -0.0010136376, -0.00072303734, -0.007993298, -0.42650878]",0
2025_11_KICE_10-13_1,['1(2)'],"1번: 노이즈 생성기는 순확산 과정에서만 작동한다. + ""순확산 과정은 이미지에 노이즈를 추가하면서 노이즈 예측기를 학습시키는 과정이다. 첫 단계에서는, 노이즈 생성기에서 노이즈를 만든 후 이미지 연산기가 이 노이즈를 원본 이미지에 더해서 노이즈가 포함된 확산 이미지를 출력한다.""
2번: 확산 모델에서의 학습은 역확산 과정에서 이루어진다. + ""노이즈 예측기의 학습 방법은 기계 학습 중에서 지도 학습에 해당한다.""
3번: 이미지 연산기와 노이즈 예측기는 모두 확산 이미지를 출력한다. + ""이미지 연산기는 입력된 확산 이미지로부터 이 노이즈를 빼서 현 단계의 노이즈를 제거한 확산 이미지를 출력한다.""
4번: 노이즈 예측기를 학습시킬 때는 예측된 노이즈가 정답으로 사용된다. + ""지도 학습은 학습 데이터에 정답이 주어져 출력과 정답의 차이가 작아지도록 모델을 학습시키는 방법이다. 노이즈 예측기를 학습시킬 때는 노이즈 생성기에서 만들어 넣어 준 노이즈가 정답에 해당하며 이 노이즈와 예측된 노이즈 사이의 차이가 작아지도록 학습시킨다.""
5번: 역확산 과정에서 단계가 반복될수록 출력되는 확산 이미지는 원본 이미지와의 유사성이 줄어든다. + ""역확산 과정에서 노이즈 이미지에서 노이즈를 제거하여 원본 이미지를 복원하는 과정이다. 확산 이미지에 이런 단계를 반복하면 결국 노이즈가 대부분 제거되어 원본 이미지에 가까운 이미지만 남게 된다.""
최종 정답: 1번: 노이즈 생성기는 순확산 과정에서만 작동한다.","[16, 43144, 25, 1144, 3546, 48859, 13094, 3546, 3546, 53017, 21121, 16969, 1144, 3546, 3546, 3546, 86157, 1144, 3546, 30381, 57575, 73653, 69332, 58189, 52976, 13, 489, 330, 3546, 3546, 3546, 3546, 3546, 86157, 1144, 3546, 30381, 34804, 91767, 22035, 19954, 1144, 3546, 48859, 13094, 3546, 3546, 18918, 69508, 16582, 33390, 27796, 1144, 3546, 48859, 13094, 3546, 3546, 96717, 3546, 48859, 47496, 21121, 18918, 1144, 3546, 36630, 30426, 3546, 3546, 16969, 1144, 3546, 30381, 13094, 13447, 13, 1144, 3546, 1144, 47496, 3546, 3546, 57575, 16969, 11, 1144, 3546, 48859, 13094, 3546, 3546, 53017, 21121, 57575, 1144, 3546, 48859, 13094, 3546, 3546, 18918, 63207, 82776, 95415, 91767, 22035, 78453, 86157, 21121, 20565, 23955, 1144, 3546, 48859, 13094, 3546, 3546, 18918, 1144, 3546, 3546, 48859, 91767, 22035, 19954, 1144, 3546, 3546, 97237, 1144, 3546, 48859, 13094, 3546, 3546, 20565, 99969, 79053, 53400, 1144, 3546, 86157, 91767, 22035, 18918, 62226, 52976, 10246, 17, 43144, 25, 1144, 3546, 86157, 55170, 3546, 48859, 57575, 21028, 1144, 3546, 36630, 34804, 1144, 3546, 3546, 3546, 86157, 1144, 3546, 30381, 57575, 23955, 3546, 47496, 32179, 86351, 13447, 13, 489, 330, 3546, 48859, 13094, 3546, 3546, 96717, 3546, 48859, 47496, 21121, 21028, 1144, 3546, 36630, 75908, 3546, 3546, 34804, 55216, 3546, 3546, 1144, 3546, 36630, 72043, 57575, 67890, 49085, 1144, 3546, 36630, 19954, 95713, 52976, 10246, 18, 43144, 25, 91767, 22035, 78453, 86157, 21121, 81673, 1144, 3546, 48859, 13094, 3546, 3546, 96717, 3546, 48859, 47496, 21121, 16969, 55170, 3546, 3546, 1144, 3546, 86157, 91767, 22035, 18918, 62226, 52976, 13, 489, 330, 13094, 57139, 22035, 78453, 86157, 21121, 16969, 43449, 53400, 1144, 3546, 86157, 91767, 22035, 17835, 64189, 34961, 23955, 1144, 3546, 48859, 13094, 3546, 3546, 18918, 1144, 48859, 3546, 27796, 1144, 3546, 1144, 47496, 3546, 3546, 21028, 1144, 3546, 48859, 13094, 3546, 3546, 18918, 63171, 93292, 24486, 1144, 3546, 86157, 91767, 22035, 18918, 62226, 52976, 10246, 19, 43144, 25, 1144, 3546, 48859, 13094, 3546, 3546, 96717, 3546, 48859, 47496, 21121, 18918, 1144, 3546, 36630, 30426, 3546, 3546, 54718, 16969, 96717, 3546, 48859, 47496, 53400, 1144, 3546, 48859, 13094, 3546, 3546, 20565, 37155, 3546, 48859, 43139, 41820, 53400, 13447, 13, 489, 330, 22035, 49085, 1144, 3546, 36630, 34804, 1144, 3546, 36630, 55348, 19954, 37155, 3546, 48859, 13094, 56773, 32179, 84377, 62226, 54780, 37155, 3546, 48859, 21028, 1144, 47496, 13094, 20565, 69332, 54059, 22035, 49085, 50764, 55170, 3546, 48859, 18359, 1144, 3546, 36630, 30426, 3546, 3546, 16969, 75908, 3546, 3546, 13094, 13447, 13, 1144, 3546, 48859, 13094, 3546, 3546, 96717, 3546, 48859, 47496, 21121, 18918, 1144, 3546, 36630, 30426, 3546, 3546, 54718, 16969, 1144, 3546, 48859, 13094, 3546, 3546, 53017, 21121, 57575, 63207, 65950, 32179, 1144, 47496, 32179, 1144, 3546, 1144, 3546, 48859, 13094, 3546, 3546, 20565, 37155, 3546, 48859, 19954, 95713, 16582, 3546, 48859, 23955, 1144, 3546, 48859, 13094, 3546, 3546, 81673, 96717, 3546, 48859, 47496, 53400, 1144, 3546, 48859, 13094, 3546, 3546, 33229, 13094, 21028, 1144, 47496, 13094, 20565, 69332, 54059, 22035, 49085, 50764, 1144, 3546, 36630, 30426, 3546, 3546, 13447, 10246, 20, 43144, 25, 1144, 3546, 3546, 3546, 86157, 1144, 3546, 30381, 57575, 1144, 47496, 3546, 3546, 20565, 64857, 98934, 3546, 47496, 24140, 50764, 62226, 65219, 16969, 1144, 3546, 86157, 91767, 22035, 16969, 1144, 3546, 3546, 48859, 91767, 22035, 81673, 21028, 1144, 47496, 56154, 33931, 13094, 1144, 3546, 32179, 82776, 13447, 13, 489, 330, 3546, 3546, 3546, 3546, 86157, 1144, 3546, 30381, 57575, 1144, 3546, 48859, 13094, 3546, 3546, 91767, 22035, 57575, 1144, 3546, 48859, 13094, 3546, 3546, 18918, 63171, 93292, 83290, 1144, 3546, 3546, 48859, 91767, 22035, 18918, 1144, 48859, 55421, 44005, 1144, 3546, 30381, 13094, 13447, 13, 1144, 3546, 86157, 91767, 22035, 19954, 23955, 3546, 48859, 1144, 47496, 3546, 3546, 18918, 64857, 98934, 16582, 33390, 83719, 3546, 3546, 1144, 3546, 48859, 13094, 3546, 3546, 20565, 62060, 64189, 80816, 63171, 93292, 65219, 32179, 1144, 3546, 3546, 48859, 91767, 22035, 19954, 36609, 3546, 3546, 94772, 91767, 22035, 73653, 1144, 47496, 58901, 1144, 3546, 13447, 10246, 3546, 48859, 3546, 47496, 3546, 37155, 3546, 48859, 25, 220, 16, 43144, 25, 1144, 3546, 48859, 13094, 3546, 3546, 53017, 21121, 16969, 1144, 3546, 3546, 3546, 86157, 1144, 3546, 30381, 57575, 73653, 69332, 58189, 52976, 13]","[-0.0008152277, -3.888926e-06, -0.0020290425, -0.13881052, -7.465036e-06, -3.1281633e-07, -5.5122365e-07, -2.577686e-06, 0.0, -8.11329e-05, -1.147242e-06, -2.7848862e-05, -0.00019388489, 0.0, -1.2352386e-05, -1.9361265e-07, -2.0219828e-05, -7.3742274e-05, -1.147242e-06, -1.9361265e-07, -1.0802739e-05, -0.0006689519, -0.00017350474, -3.1281633e-07, -4.6563837e-05, -0.003569423, -0.11702535, -0.0005238425, -0.20078489, -2.9636918e-05, -1.9361265e-07, -1.5213274e-05, -5.9153886e-06, -3.4285862e-05, -0.00022964232, -5.5122365e-07, -1.9361265e-07, -0.0016632776, -8.12521e-05, -2.3795938e-05, -1.4617256e-05, -6.749814e-06, -1.504853e-06, 0.0, -2.220075e-06, -6.392203e-06, 0.0, -2.8206474e-05, -2.220075e-06, -0.00019948746, -8.6735476e-05, -5.5577775e-06, -0.00054838747, -6.704273e-07, -1.9361265e-07, -2.577686e-06, -1.3663626e-05, 0.0, -8.180258e-06, -1.9816675e-06, 0.0, 0.0, -4.365741e-06, -7.3458323e-06, -0.00019042798, -1.9361265e-07, -4.246537e-06, -4.5491004e-05, -8.11329e-05, -9.014684e-06, -1.2664457e-06, -1.6762922e-05, -4.9617593e-06, -4.3202e-07, -0.0007231565, -0.000108907356, -3.5455167, -0.02882702, -7.89631e-07, -5.080963e-06, 0.0, -9.0883464e-07, 0.0, -4.1273333e-06, -9.0883464e-07, -7.445749e-05, -2.4034345e-05, -1.9361265e-07, 0.0, -3.7697225e-06, -1.7432603e-06, 0.0, -1.3856493e-06, -1.9816675e-06, -1.867018e-05, -2.6537622e-05, -3.1281633e-07, 0.0, -2.4584822e-06, -5.3193703e-06, 0.0, -2.8160932e-06, -0.00043388773, -7.822647e-06, -4.8425554e-06, -0.00011427152, -1.147242e-06, -2.6968896e-06, -1.2664457e-06, -1.9816675e-06, -1.2664457e-06, -1.640531e-05, -7.89631e-07, -1.9361265e-07, 0.0, -2.0219828e-05, -7.0523776e-05, 0.0, -5.7961847e-06, -5.6769813e-06, -3.1281633e-07, -1.3856493e-06, 0.0, -3.1281633e-07, -1.0280384e-06, -1.6240566e-06, -1.5332478e-05, -3.1281633e-07, -1.147242e-06, -0.00027444822, -0.0020393913, -3.1737043e-06, 0.0, -9.610702e-06, -5.5577775e-06, 0.0, -7.3458323e-06, -3.0545007e-06, -6.392203e-06, -5.5122365e-07, -1.6240566e-06, -8.299462e-06, -5.4385737e-06, -2.1008714e-06, -6.704273e-07, -3.1737043e-06, -1.0683535e-05, -1.18755715e-05, -0.063115045, -4.561021e-05, -6.2729996e-06, -0.001171533, -0.0009889845, -3.3213026e-05, -6.1537958e-06, -7.703444e-06, 0.0, 0.0, -2.4584822e-06, -7.8987236e-05, -9.0883464e-07, -7.89631e-07, -1.9361265e-07, -4.3202e-07, -5.5122365e-07, 0.0, -5.5122365e-07, -4.3202e-07, -1.9361265e-07, -6.0749073e-05, 0.0, 0.0, -1.147242e-06, -1.3856493e-06, -7.89631e-07, 0.0, 0.0, -1.7432603e-06, -4.3202e-07, -0.004059283, -0.0018924606, -0.00028076238, -1.4637576, -6.704273e-07, -7.89631e-07, -0.00019531534, -3.1737043e-06, -0.014101566, -5.5122365e-07, 0.0, 0.0, -2.577686e-06, -0.70150286, -7.226629e-06, -3.0545007e-06, -1.147242e-06, -9.4914985e-06, -1.147242e-06, -9.0883464e-07, -3.7697225e-06, -0.00082439533, -4.477578e-05, 0.0, -0.00033022088, -9.0883464e-07, -6.749814e-06, -6.1537958e-06, -2.3392786e-06, -2.9040899e-05, -1.92662e-05, -1.0280384e-06, 0.0, -3.2929079e-06, -3.1186566e-05, -0.0002662232, -0.0001437075, -0.6577756, -1.0802739e-05, -7.107425e-06, -0.00020187153, -9.610702e-06, -1.0280384e-06, -1.9361265e-07, -5.5122365e-07, -3.888926e-06, -3.650519e-06, -3.1281633e-07, -1.9361265e-07, 0.0, 0.0, -1.0921943e-05, -9.729906e-06, -6.704273e-07, -1.9361265e-07, 0.0, 0.0, -6.704273e-07, -2.8206474e-05, -3.2929079e-06, -4.3202e-07, 0.0, -2.1008714e-06, -1.6240566e-06, -1.3856493e-06, -7.89631e-07, -1.9361265e-07, -1.2664457e-06, -1.831257e-05, -2.1650272e-05, -0.004496585, -0.023146132, -0.0002554985, -0.7360981, -0.0015944843, -4.8425554e-06, -1.50940705e-05, -1.6240566e-06, -1.6240566e-06, -0.0012466589, -0.0011796316, -1.8624639e-06, -2.3392786e-06, -2.8160932e-06, -3.650519e-06, -0.00021736434, -5.9153886e-06, -1.3186812e-05, -1.7120534e-05, -2.1008714e-06, -0.28065068, -3.3809047e-05, -7.89631e-07, 0.0, -9.0883464e-07, -3.23786e-05, 0.0, -1.0564331e-05, -0.0014457108, -0.005767023, -3.1281633e-07, -7.822647e-06, -0.00012630376, -0.00046308164, -2.129266e-05, -1.9361265e-07, -2.0100624e-05, 0.0, -1.2664457e-06, -3.500108e-05, -5.5122365e-07, 0.0, -1.2664457e-06, -4.365741e-06, 0.0, -9.317247e-05, -5.080963e-06, -4.3202e-07, -1.3186812e-05, -5.9153886e-06, -9.0883464e-07, -1.18755715e-05, -0.00017612721, -4.3202e-07, -1.6240566e-06, -1.0445127e-05, -8.061054e-06, -0.013480898, -9.4914985e-06, -5.4385737e-06, -0.0001506213, -1.92662e-05, -7.89631e-07, 0.0, -3.1281633e-07, -2.8160932e-06, 0.0, -1.9361265e-07, -3.1281633e-07, 0.0, 0.0, 0.0, -2.1008714e-06, -1.504853e-06, -3.1281633e-07, 0.0, -1.27099975e-05, 0.0, -1.2664457e-06, -1.0280384e-06, -1.50940705e-05, -2.6656826e-05, -1.0921943e-05, 0.0, 0.0, -1.147242e-06, -5.7961847e-06, -6.704273e-07, 0.0, -5.5122365e-07, -1.7835755e-05, 0.0, -5.5122365e-07, -6.0345924e-06, -3.1281633e-07, 0.0, -1.504853e-06, -3.1281633e-07, -1.998142e-05, -2.1008714e-06, -8.9357956e-05, -7.958325e-05, -0.000104616025, -1.9662962, -0.00022320532, -1.8624639e-06, -1.9361265e-07, -5.080963e-06, -2.319992e-05, -2.2007884e-05, -1.6240566e-06, -3.1281633e-07, -2.4749568e-05, -1.3856493e-06, -6.2729996e-06, -2.4584822e-06, -5.5122365e-07, -4.3202e-07, -2.9352968e-06, -1.9361265e-07, -1.9361265e-07, -0.00010247036, -1.7432603e-06, -2.319992e-05, -4.00813e-06, -3.1281633e-07, -2.9352968e-06, -1.0280384e-06, -1.9361265e-07, -6.704273e-07, -1.3856493e-06, -4.365741e-06, -3.1737043e-06, -3.7697225e-06, -7.58424e-06, -1.9361265e-07, -2.9279307e-05, -1.1994775e-05, 0.0, -3.888926e-06, -1.9361265e-07, -5.5122365e-07, -2.577686e-06, -1.0921943e-05, -9.729906e-06, -2.5703197e-05, -4.3202e-07, -6.704273e-07, -5.5577775e-06, -1.0921943e-05, -0.00038991994, -4.3226137e-05, -0.47681504, -0.00062844466, -2.319992e-05, 0.0, -9.0883464e-07, -8.061054e-06, 0.0, -0.0007023032, -1.3856493e-06, 0.0, 0.0, -9.0883464e-07, -4.0007635e-05, -1.3856493e-06, -1.9361265e-07, -1.2664457e-06, -3.9530823e-05, 0.0, -1.0921943e-05, -1.0683535e-05, -7.9418505e-06, -9.6867785e-05, -1.147242e-06, 0.0, -2.3392786e-06, -2.2723105e-05, 0.0, -5.7768983e-05, -6.869018e-06, -4.246537e-06, -1.7120534e-05, -7.064298e-05, -8.537869e-06, -5.6769813e-06, 0.0, -0.0024563917, -1.7954959e-05, -4.3202e-07, -0.00048119694, -1.2664457e-06, 0.0, -6.1537958e-06, -4.3464544e-05, -2.3392786e-06, -5.2001665e-06, -5.4385737e-06, -5.5122365e-07, 0.0, -1.7432603e-06, -3.5313153e-06, -2.9040899e-05, -5.5122365e-07, 0.0, -0.00035834563, -1.1756368e-05, -4.3202e-07, 0.0, -8.776276e-06, -0.00017708084, 0.0, -2.0815847e-05, -1.504853e-06, -4.8425554e-06, 0.0, 0.0, -2.577686e-06, -2.1008714e-06, -1.9361265e-07, 0.0, -1.8624639e-06, -1.0921943e-05, 0.0, -4.723352e-06, -1.6286107e-05, -1.504853e-06, -4.246537e-06, -1.9361265e-07, -6.704273e-07, -1.9816675e-06, -4.246537e-06, -9.0883464e-07, -2.1008714e-06, -3.1737043e-06, -1.0280384e-06, -2.1008714e-06, -9.0883464e-07, -5.2001665e-06, -2.7610455e-05, 0.0, -3.4121115e-06, 0.0, -0.00032616797, -6.2729996e-06, -2.2246291e-05, -8.3993786e-05, -0.0003280752, 0.0, -1.2664457e-06, -3.1737043e-06, -6.392203e-06, -9.968313e-06, 0.0, 0.0, -2.1008714e-06, -1.7432603e-06, 0.0, 0.0, 0.0, 0.0, -9.849109e-06, -3.0545007e-06, -6.704273e-07, 0.0, -0.0001876863, 0.0, -4.978234e-05, -6.749814e-06, -1.9361265e-07, -1.147242e-06, -1.2664457e-06, -4.3202e-07, -1.9816675e-06, -1.9361265e-07, -9.610702e-06, -1.11603495e-05, -1.9361265e-07, -4.3202e-07, 0.0, -2.6968896e-06, -1.9361265e-07, -1.9361265e-07, -7.89631e-07, -7.89631e-07, -3.1281633e-07, -1.6240566e-06, -4.3202e-07, -1.9361265e-07, -4.3202e-07, 0.0, 0.0, -6.704273e-07, -7.89631e-07, -9.531814e-05, -7.672237e-05, -0.00012535013, -6.307791, -0.00028350405, -0.00040278657, -6.1537958e-06, -2.2484697e-05, -0.0001201125, -3.1281633e-07, -1.9361265e-07, -0.27534997, -0.32936195, -0.024418488, -1.0921943e-05, -3.2929079e-06, -4.5848617e-05, -1.147242e-06, -0.0052434797, -7.89631e-07, -0.21822803, -0.003082406, -9.0883464e-07, 0.0, -5.5122365e-07, -4.00813e-06, 0.0, -1.8550976e-05, -4.00813e-06, -1.6240566e-06, -0.0002540681, -5.7961847e-06, -1.9361265e-07, -3.1737043e-06, 0.0, -0.00019543454, -5.5122365e-07, -2.1008714e-06, -6.704273e-07, 0.0, -1.9361265e-07, -0.00014609157, -1.3067608e-05, -7.89631e-07, -6.704273e-07, -0.0014578549, -0.0027702863, -0.3051978, -0.06437835, -4.561021e-05, -1.0564331e-05, -0.0003602529, -7.89631e-07, -1.640531e-05, -0.00023607932, -0.0031373166, 0.0, -6.0345924e-06, -1.9361265e-07, -9.849109e-06, -4.3202e-07, -9.849109e-06, -1.1994775e-05, -2.319992e-05, -3.1281633e-07, -1.9361265e-07, -9.729906e-06, -3.1281633e-07, 0.0, -3.3093824e-05, -5.5122365e-07, 0.0, -2.220075e-06, -4.723352e-06, 0.0, -4.00813e-06, -0.0010678204, -2.3392786e-06, -7.89631e-07, -5.5122365e-07, 0.0, -3.1281633e-07, -1.9361265e-07, -4.365741e-06, -1.9361265e-07, -9.0883464e-07, 0.0, -3.1281633e-07, -3.1281633e-07, -1.3856493e-06, -3.1737043e-06, -6.704273e-07, -3.4121115e-06, -2.0339032e-05, -3.1281633e-07, -1.147242e-06, -1.147242e-06, -1.7432603e-06, 0.0, -5.5577775e-06, -0.0037809513, 0.0, -3.1737043e-06, -0.022189692, -0.0001594387, 0.0, -1.3856493e-06, 0.0, 0.0, -3.2929079e-06, -3.1281633e-07, 0.0, -3.166338e-05, -1.342522e-05, -0.41614002, -2.577686e-06, -0.09839781, -0.00075280893, -5.5122365e-07, -3.1281633e-07, -7.89631e-07, -1.4855664e-05, 0.0, -1.3186812e-05, -1.6240566e-06, -1.2664457e-06, -1.5451682e-05, 0.0, -3.1737043e-06, -1.9361265e-07, -1.8789384e-05, -9.0907604e-05, -3.1281633e-07, -3.1281633e-07, -2.9352968e-06, -1.7432603e-06, -2.4153549e-05, -9.0883464e-07, -0.00089526287, -1.8908588e-05]",2
2025_11_KICE_10-13_2,['5(2)'],"1번: 잠재 표현은 이미지에 더해진 노이즈의 크기나 분포 양상에 따라 다른 값들이 얻어진다. ""(노이즈 예측기는 단계별로 확산 이미지를 입력받아 이미지에 포함된 노이즈의 특성을 추출하여 수치들로 표현하고, 이 수치들을 바탕으로 노이즈를 예측한다.)""
2번: 역확산 과정에서 잠재 표현이 다르면 예측되는 노이즈가 다르다. ""(노이즈 예측기가 이 역할을 한다. 노이즈 이미지 또는 중간 단계에서의 확산 이미지를 노이즈 예측기에 입력하면 이미지에 포함된 노이즈의 특성을 추출하여 잠재 표현을 구하고 이를 바탕으로 노이즈를 예측한다.)""
3번: 확산 모델의 학습에는 잠재 표현을 구하는 방식이 포함되어 있다. ""(노이즈 예측기는 잠재 표현을 구하고 노이즈를 예측하는 방식을 학습한다.)""
4번: 잠재 표현의 수치들을 조정하면 여러 이미지를 혼합할 수 있다. ""(많은 종류의 이미지를 학습시킨 후 학습된 이미지의 잠재 표현에 고유 번호를 붙이면 역확산 과정에서 이미지를 선택하여 생성할 수 있다.)""
5번: 잠재 표현은 노이즈 예측기가 원본 이미지를 입력받아 노이즈의 특성을 추출한 결과이다. ""(노이즈 예측기 내부의 이러한 수치들을 잠재 표현이라고 한다.)""
최종 정답: 1번: 잠재 표현은 이미지에 더해진 노이즈의 크기나 분포 양상에 따라 다른 값들이 얻어진다.","[16, 43144, 25, 1144, 47496, 58232, 1144, 3546, 3546, 3546, 34804, 91767, 22035, 19954, 1144, 3546, 3546, 34983, 86351, 1144, 3546, 48859, 13094, 3546, 3546, 21028, 1144, 3546, 21121, 61415, 1144, 3546, 3546, 3546, 3546, 1144, 3546, 57002, 19954, 1144, 48859, 51440, 50467, 84065, 46663, 65950, 13094, 1144, 3546, 32179, 86351, 13447, 13, 12262, 3546, 48859, 13094, 3546, 3546, 96717, 3546, 48859, 47496, 21121, 16969, 1144, 47496, 3546, 3546, 3546, 3546, 17835, 1144, 3546, 86157, 91767, 22035, 18918, 43449, 3546, 3546, 54059, 91767, 22035, 19954, 99969, 79053, 53400, 1144, 3546, 48859, 13094, 3546, 3546, 21028, 1144, 3546, 48859, 33931, 18359, 58935, 71023, 83290, 29833, 60798, 65950, 17835, 1144, 3546, 3546, 3546, 16582, 35495, 11, 23955, 29833, 60798, 65950, 18359, 82818, 3546, 3546, 43139, 1144, 3546, 48859, 13094, 3546, 3546, 18918, 96717, 3546, 48859, 47496, 52976, 6266, 702, 17, 43144, 25, 1144, 3546, 3546, 3546, 86157, 1144, 3546, 30381, 57575, 1144, 47496, 58232, 1144, 3546, 3546, 3546, 13094, 50467, 3546, 48859, 33390, 96717, 3546, 48859, 47496, 65219, 16969, 1144, 3546, 48859, 13094, 3546, 3546, 20565, 50467, 3546, 48859, 13447, 13, 12262, 3546, 48859, 13094, 3546, 3546, 96717, 3546, 48859, 47496, 21121, 20565, 23955, 1144, 3546, 48936, 18359, 62398, 13447, 13, 1144, 3546, 48859, 13094, 3546, 3546, 91767, 22035, 1144, 3546, 3546, 16969, 72043, 63375, 1144, 47496, 3546, 3546, 57575, 21028, 1144, 3546, 86157, 91767, 22035, 18918, 1144, 3546, 48859, 13094, 3546, 3546, 96717, 3546, 48859, 47496, 21121, 19954, 43449, 16582, 33390, 91767, 22035, 19954, 99969, 79053, 53400, 1144, 3546, 48859, 13094, 3546, 3546, 21028, 1144, 3546, 48859, 33931, 18359, 58935, 71023, 83290, 1144, 47496, 58232, 1144, 3546, 3546, 3546, 18359, 59877, 16582, 35495, 23955, 18918, 82818, 3546, 3546, 43139, 1144, 3546, 48859, 13094, 3546, 3546, 18918, 96717, 3546, 48859, 47496, 52976, 6266, 702, 18, 43144, 25, 1144, 3546, 86157, 55170, 3546, 48859, 21028, 1144, 3546, 36630, 19954, 16969, 1144, 47496, 58232, 1144, 3546, 3546, 3546, 18359, 59877, 44005, 75908, 77437, 13094, 99969, 79053, 65219, 32179, 91786, 13, 12262, 3546, 48859, 13094, 3546, 3546, 96717, 3546, 48859, 47496, 21121, 16969, 1144, 47496, 58232, 1144, 3546, 3546, 3546, 18359, 59877, 16582, 35495, 1144, 3546, 48859, 13094, 3546, 3546, 18918, 96717, 3546, 48859, 47496, 44005, 75908, 77437, 18359, 1144, 3546, 36630, 52976, 6266, 702, 19, 43144, 25, 1144, 47496, 58232, 1144, 3546, 3546, 3546, 21028, 29833, 60798, 65950, 18359, 66610, 30381, 16582, 33390, 84618, 61394, 91767, 22035, 18918, 1144, 3546, 3546, 47496, 48936, 29833, 91786, 13, 12262, 3546, 3546, 34804, 99458, 99029, 21028, 91767, 22035, 18918, 1144, 3546, 36630, 30426, 3546, 3546, 95415, 1144, 3546, 36630, 53400, 91767, 22035, 21028, 1144, 47496, 58232, 1144, 3546, 3546, 3546, 19954, 1144, 47496, 3546, 47496, 85721, 48424, 18918, 1144, 3546, 13094, 33390, 1144, 3546, 3546, 3546, 86157, 1144, 3546, 30381, 57575, 91767, 22035, 18918, 87138, 83290, 53017, 48936, 29833, 91786, 6266, 702, 20, 43144, 25, 1144, 47496, 58232, 1144, 3546, 3546, 3546, 34804, 1144, 3546, 48859, 13094, 3546, 3546, 96717, 3546, 48859, 47496, 21121, 20565, 1144, 3546, 3546, 48859, 91767, 22035, 18918, 43449, 3546, 3546, 54059, 1144, 3546, 48859, 13094, 3546, 3546, 21028, 1144, 3546, 48859, 33931, 18359, 58935, 71023, 24486, 99901, 13094, 13447, 13, 12262, 3546, 48859, 13094, 3546, 3546, 96717, 3546, 48859, 47496, 21121, 67236, 64189, 21028, 23955, 61394, 24486, 29833, 60798, 65950, 18359, 1144, 47496, 58232, 1144, 3546, 3546, 3546, 13094, 51440, 35495, 62398, 13447, 6266, 702, 3546, 48859, 3546, 47496, 3546, 37155, 3546, 48859, 25, 220, 16, 43144, 25, 1144, 47496, 58232, 1144, 3546, 3546, 3546, 34804, 91767, 22035, 19954, 1144, 3546, 3546, 34983, 86351, 1144, 3546, 48859, 13094, 3546, 3546, 21028, 1144, 3546, 21121, 61415, 1144, 3546, 3546, 3546, 3546, 1144, 3546, 57002, 19954, 1144, 48859, 51440, 50467, 84065, 46663, 65950, 13094, 1144, 3546, 32179, 86351, 13447, 13]","[-2.4749568e-05, -1.1994775e-05, -0.00022022522, -0.0077929366, -1.8193366e-05, -7.107425e-06, -1.0564331e-05, 0.0, -5.5122365e-07, -1.9361265e-07, -0.41327316, -0.08571552, -2.2484697e-05, -5.5577775e-06, -5.574252e-05, -0.0005277725, -2.220075e-06, -4.3202e-07, -2.1008714e-06, -2.3392786e-06, -2.220075e-06, 0.0, -1.9361265e-07, -2.4391957e-05, 0.0, -9.627177e-05, -8.876193e-05, -3.1281633e-07, -5.5122365e-07, -4.5371802e-05, -6.869018e-06, 0.0, -1.9361265e-07, -2.3392786e-06, 0.0, -5.955704e-05, -6.704273e-07, -2.451116e-05, -0.00014823723, -1.735894e-05, 0.0, -9.014684e-06, -4.739826e-05, -0.00025573693, -0.0011075904, -9.674858e-05, -2.2842309e-05, -1.378283e-05, -1.0325924e-05, -1.3856493e-06, -1.0087517e-05, -7.3742274e-05, -0.0052055325, -0.44874382, -0.18549319, -6.0510665e-05, -3.7265952e-05, -0.00015705463, -1.0280384e-06, -1.0202255, -5.9153886e-06, 0.0, 0.0, -2.9636918e-05, -0.43867496, -0.0004877531, -9.984788e-05, -0.0001530017, -1.3856493e-06, -7.703444e-06, -1.9361265e-07, -1.0280384e-06, -4.3202e-07, -6.511407e-06, -1.0564331e-05, 0.0, -9.0883464e-07, -2.577686e-06, -1.9816675e-06, -1.867018e-05, -5.5122365e-07, -1.9361265e-07, -3.650519e-06, -3.5313153e-06, -2.4584822e-06, -1.9816675e-06, -3.297462e-05, 0.0, -1.9816675e-06, -1.9361265e-07, 0.0, -4.00813e-06, -6.194111e-05, 0.0, -4.3202e-07, -0.0010287618, 0.0, 0.0, -5.5122365e-07, -4.3202e-07, 0.0, -3.1281633e-07, -1.1994775e-05, -2.9352968e-06, -1.378283e-05, -9.0883464e-07, -1.9361265e-07, -4.246537e-06, -6.704273e-07, -1.9361265e-07, 0.0, -0.00035333907, -1.9361265e-07, -0.003808146, -5.7961847e-06, -4.3202e-07, -2.6968896e-06, -9.0883464e-07, -3.1281633e-07, -1.0280384e-06, -1.6240566e-06, 0.0, 0.0, -0.0005010856, -5.5122365e-07, 0.0, -7.107425e-06, -5.705376e-05, 0.0, -4.3464544e-05, -4.3202e-07, -4.4849444e-06, 0.0, 0.0, -1.504853e-06, -0.09597037, -0.0041213804, -0.0034461184, -3.2929079e-06, -0.0002224901, -0.41229117, -1.11603495e-05, -2.9875326e-05, -6.1537958e-06, -1.147242e-06, -7.481511e-05, -3.1281633e-07, 0.0, -0.00010664248, -0.010319051, -3.1281633e-07, -4.3202e-07, -8.180258e-06, 0.0, -5.9153886e-06, -1.9361265e-07, -8.89548e-06, -3.650519e-06, -5.9795446e-05, 0.0, -1.0280384e-06, -7.822647e-06, -2.577686e-06, 0.0, 0.0, -1.2113979e-05, -3.1281633e-07, -2.4584822e-06, 0.0, 0.0, -5.5122365e-07, -3.1281633e-07, 0.0, -4.365741e-06, -1.6882126e-05, -3.7697225e-06, -1.9361265e-07, -5.5122365e-07, -0.00033832307, -0.006852127, -0.5147062, -1.3856493e-06, -4.604148e-06, -0.00043829824, -1.9361265e-07, -0.5229314, -2.9352968e-06, 0.0, 0.0, -4.246537e-06, -0.25028208, -0.16572261, -0.043069527, -2.1008714e-06, -6.392203e-06, -2.5703197e-05, -0.006486692, -3.888926e-06, -0.06955876, -0.0015262868, -3.7027545e-05, -4.3202e-07, -3.4121115e-06, -0.00013262156, -4.3202e-07, -0.00048811073, -1.7432603e-06, -0.0013195236, -5.3193703e-06, 0.0, -9.0883464e-07, -2.6895234e-05, 0.0, -0.0018079837, 0.0, -6.337155e-05, 0.0, -7.338466e-05, -3.2929079e-06, -2.1008714e-06, -2.3392786e-06, -6.0345924e-06, -6.392203e-06, -1.2664457e-06, -4.604148e-06, -0.0001944809, -1.147242e-06, -1.9361265e-07, -5.6769813e-06, -6.1537958e-06, 0.0, -2.8160932e-06, -2.8160932e-06, 0.0, 0.0, -7.89631e-07, -2.3392786e-06, -2.6968896e-06, -2.3392786e-06, -1.9361265e-07, -5.080963e-06, -2.9352968e-06, -3.3451433e-05, -5.6769813e-06, -6.6306106e-06, -3.1281633e-07, -1.7432603e-06, -3.1281633e-07, 0.0, -2.3392786e-06, -3.2497806e-05, 0.0, -2.220075e-06, -2.6968896e-06, -5.5122365e-07, 0.0, -2.577686e-06, -2.4584822e-06, -3.1281633e-07, 0.0, -3.22594e-05, -9.610702e-06, -1.3856493e-06, -1.7432603e-06, -2.0339032e-05, -1.9361265e-07, -4.4849444e-06, 0.0, -6.392203e-06, -3.8219583e-05, -2.9160103e-05, -1.9361265e-07, -0.0003056686, -7.89631e-07, -9.0907604e-05, -4.3202e-07, 0.0, -1.6240566e-06, -5.9153886e-06, -1.9361265e-07, 0.0, -3.4121115e-06, -1.6762922e-05, 0.0, -2.3795938e-05, -6.704273e-07, -3.7697225e-06, 0.0, 0.0, -2.3392786e-06, -0.0017569333, -0.00023655614, -3.6789137e-05, -9.4914985e-06, -8.4947416e-05, -0.008834613, -2.1769476e-05, -6.2729996e-06, -1.9816675e-06, 0.0, 0.0, -2.1173457e-05, -6.704273e-07, -7.107425e-06, -1.147242e-06, -9.014684e-06, -5.7961847e-06, -2.8160932e-06, -1.3856493e-06, -7.89631e-07, -2.8160932e-06, 0.0, -1.9361265e-07, 0.0, -2.220075e-06, -1.4498052e-05, -1.147242e-06, -3.1281633e-07, -9.0883464e-07, -1.8624639e-06, -9.729906e-06, -2.220075e-06, -3.5313153e-06, -1.9361265e-07, -2.1411865e-05, -0.0014079708, -0.00308704, -0.007671695, -1.3856493e-06, -2.1008714e-06, -0.00020997738, -3.0545007e-06, -0.0022391125, -6.704273e-07, 0.0, 0.0, -1.1756368e-05, -0.08283939, -0.09455527, -2.9352968e-06, -1.7432603e-06, -5.6769813e-06, -1.9361265e-07, -6.80205e-05, -3.1281633e-07, -9.610702e-06, -5.9199425e-05, -1.0564331e-05, -2.1008714e-06, -0.00035393506, -1.0280384e-06, -1.9361265e-07, -1.0280384e-06, -0.00014466111, 0.0, -8.363618e-05, -4.1273333e-06, -4.6683042e-05, 0.0, 0.0, -7.77952e-05, -6.511407e-06, -5.7768983e-05, -8.418666e-06, -4.4849444e-06, -1.9361265e-07, -3.4121115e-06, -1.1756368e-05, -0.00038753584, -9.484132e-05, -3.2497806e-05, -1.4974867e-05, -0.00012130453, -0.08292443, -3.750436e-05, -1.2664457e-06, -1.6240566e-06, 0.0, -1.378283e-05, 0.0, -0.1962539, -6.869018e-06, -1.9361265e-07, -9.0883464e-07, -4.9617593e-06, -1.6240566e-06, -1.0087517e-05, -1.7239736e-05, -2.1008714e-06, -0.21557872, -1.9361265e-07, 0.0, -3.1281633e-07, -3.1737043e-06, -4.246537e-06, -1.0280384e-06, 0.0, 0.0, -8.061054e-06, -1.504853e-06, -6.134509e-05, -0.006114125, -0.003378642, -0.8090037, -7.862962e-05, -8.657073e-06, -8.89548e-06, -5.4385737e-06, -1.4259645e-05, -4.3202e-07, -7.465036e-06, -2.6895234e-05, -5.3193703e-06, -9.0883464e-07, -1.8624639e-06, -0.000116417184, -2.4034345e-05, -0.00023321842, 0.0, -0.0010704427, -1.9816675e-06, -1.18755715e-05, -5.4385737e-06, -0.00013607845, -1.1994775e-05, -6.4802e-05, -7.7079974e-05, -4.4849444e-06, -1.9816675e-06, -1.4498052e-05, -1.9361265e-07, -4.3202e-07, 0.0, -1.962381e-05, -5.669615e-05, -6.704273e-07, -1.6240566e-06, -9.0883464e-07, -0.00021641071, -4.8425554e-06, -6.9882217e-06, -1.6240566e-06, -5.5122365e-07, -0.000107953725, -4.596782e-05, -0.0037665898, 0.0, -1.7432603e-06, -1.0280384e-06, -4.4849444e-06, -4.7875077e-05, 0.0, -4.3202e-07, -7.89631e-07, -1.9361265e-07, -1.9816675e-06, -4.9617593e-06, -9.849109e-06, -5.4385737e-06, -7.703444e-06, -1.2664457e-06, -3.1281633e-07, -3.1424974e-05, -0.0023315283, -0.00019436171, -1.11603495e-05, -2.6418418e-05, -6.4802e-05, -0.0009977982, -9.0883464e-07, -3.1281633e-07, -1.504853e-06, 0.0, -1.2664457e-06, 0.0, -4.246537e-06, -2.808727e-05, -9.610702e-06, 0.0, -9.0883464e-07, -5.347765e-05, 0.0, -3.2929079e-06, -4.3202e-07, 0.0, 0.0, 0.0, -7.89631e-07, -1.8074163e-05, -1.9361265e-07, 0.0, 0.0, -1.9361265e-07, -6.704273e-07, -6.9882217e-06, -1.3856493e-06, -4.00813e-06, -1.9361265e-07, 0.0, -1.1041146e-05, -1.9361265e-07, 0.0, -9.0883464e-07, -6.3490756e-05, 0.0, -9.0883464e-07, -1.3856493e-06, -1.9361265e-07, 0.0, 0.0, -7.226629e-06, 0.0, 0.0, -4.167649e-05, -2.1008714e-06, -4.4849444e-06, 0.0, -0.000893594, -0.005224629, -0.0063984464, -3.1281633e-07, -8.299462e-06, -0.00045689035, 0.0, -0.0009093179, -1.9816675e-06, 0.0, 0.0, -8.061054e-06, -0.3252096, -5.7961847e-06, -9.448371e-05, -0.0005888947, -7.111979e-05, -3.1281633e-07, -1.7432603e-06, -4.3202e-07, -4.1273333e-06, -0.00014382669, -0.025074983, -6.869018e-06, -2.618001e-05, -4.012684e-05, -1.7432603e-06, -1.6882126e-05, -5.5122365e-07, -0.00013560164, -3.5313153e-06, -1.7432603e-06, -9.133887e-06, -2.4584822e-06, -0.012824641, -0.5562797, -2.749125e-05, 0.0, -6.704273e-07, 0.0, 0.0, -1.8624639e-06, -3.1281633e-07, 0.0, -3.1544176e-05, -1.1994775e-05, -0.00038491338, -1.2664457e-06, -2.3025641, -0.016740207, -1.7432603e-06, -1.8624639e-06, -9.014684e-06, -1.9361265e-07, -2.6895234e-05, -1.9361265e-07, -0.00015765065, -2.8160932e-06, -1.8624639e-06, -7.89631e-07, -3.1737043e-06, -4.9617593e-06, -3.2929079e-06, 0.0, 0.0, -4.365741e-06, 0.0, 0.0, -5.5122365e-07, -4.8425554e-06, 0.0, -1.9361265e-07, -1.0280384e-06, -3.1281633e-07, 0.0, -3.5313153e-06, -1.0280384e-06, 0.0, 0.0, 0.0, 0.0, -1.2664457e-06, 0.0, -9.0883464e-07, -1.2352386e-05, -4.3202e-07, 0.0, -1.9361265e-07, -1.1994775e-05, -0.00010294717, -4.5371802e-05, -3.1737043e-06, -1.8624639e-06, -1.9361265e-07, -6.704273e-07, -3.1281633e-07, -5.5122365e-07, -9.0883464e-07, -0.001049362]",0
2025_11_KICE_10-13_3,['3(3)'],"1번: (선택지 1번에 대한 답변) + ""A 단계의 이미지 연산기에서는 ㉠에 노이즈를 더하겠군."" 
2번: (선택지 2번에 대한 답변) + ""(가)⇨A 단계⇨(나), (가)는 이미지가 A 단계로 입력되는 부분이고, (나)는 이미지가 A 단계에서 출력되는 부분이다.""
3번: (선택지 3번에 대한 답변) + ""확산 모델은 노이즈 생성기, 이미지 연산기, 노이즈 예측기로 구성되며, 순확산 과정과 역확산 과정 순으로 작동한다.""
4번: (선택지 4번에 대한 답변) + ""역확산 과정에서 (가)에 ㉢이 입력된다면, 이미지 연산기에서는 ㉢에서 노이즈를 빼겠군.""
5번: (선택지 5번에 대한 답변) + ""노이즈 이미지 또는 중간 단계에서의 확산 이미지를 노이즈 예측기에 입력하면 이미지에 포함된 노이즈의 특성을 추출하여 잠재 표현을 구하고 이를 바탕으로 노이즈를 예측한다.""
최종 정답: 2번: (선택지 2번에 대한 답변)","[16, 43144, 25, 320, 3546, 47496, 22035, 220, 16, 43144, 19954, 62060, 24486, 1144, 48859, 3546, 3546, 8, 489, 330, 32, 1144, 47496, 3546, 3546, 21028, 91767, 22035, 78453, 86157, 21121, 57575, 16969, 220, 45398, 3546, 47496, 19954, 1144, 3546, 48859, 13094, 3546, 3546, 18918, 1144, 3546, 3546, 16582, 3546, 47496, 3546, 48859, 1210, 720, 17, 43144, 25, 320, 3546, 47496, 22035, 220, 17, 43144, 19954, 62060, 24486, 1144, 48859, 3546, 3546, 8, 489, 12262, 20565, 8, 45398, 3546, 47496, 32, 1144, 47496, 3546, 3546, 45398, 3546, 47496, 7, 61415, 705, 320, 20565, 8, 16969, 91767, 22035, 20565, 362, 1144, 47496, 3546, 3546, 17835, 43449, 65219, 16969, 86503, 80816, 13094, 35495, 11, 320, 61415, 8, 16969, 91767, 22035, 20565, 362, 1144, 47496, 3546, 3546, 57575, 62226, 65219, 16969, 86503, 80816, 13094, 13447, 10246, 18, 43144, 25, 320, 3546, 47496, 22035, 220, 18, 43144, 19954, 62060, 24486, 1144, 48859, 3546, 3546, 8, 489, 330, 3546, 3546, 86157, 55170, 3546, 48859, 34804, 1144, 3546, 48859, 13094, 3546, 3546, 53017, 21121, 11, 91767, 22035, 78453, 86157, 21121, 11, 1144, 3546, 48859, 13094, 3546, 3546, 96717, 3546, 48859, 47496, 21121, 17835, 59877, 33931, 65219, 3546, 48859, 11, 1144, 3546, 3546, 3546, 86157, 1144, 3546, 30381, 54780, 1144, 3546, 3546, 3546, 86157, 1144, 3546, 30381, 1144, 3546, 43139, 69332, 58189, 52976, 10246, 19, 43144, 25, 320, 3546, 47496, 22035, 220, 19, 43144, 19954, 62060, 24486, 1144, 48859, 3546, 3546, 8, 489, 330, 3546, 3546, 3546, 3546, 86157, 1144, 3546, 30381, 57575, 320, 20565, 8, 19954, 220, 45398, 3546, 47496, 13094, 43449, 53400, 13447, 33390, 11, 91767, 22035, 78453, 86157, 21121, 57575, 16969, 220, 45398, 3546, 47496, 57575, 1144, 3546, 48859, 13094, 3546, 3546, 18918, 1144, 48859, 3546, 3546, 47496, 3546, 48859, 10246, 20, 43144, 25, 320, 3546, 47496, 22035, 220, 20, 43144, 19954, 62060, 24486, 1144, 48859, 3546, 3546, 8, 489, 330, 3546, 48859, 13094, 3546, 3546, 91767, 22035, 1144, 3546, 3546, 16969, 72043, 63375, 1144, 47496, 3546, 3546, 57575, 21028, 1144, 3546, 86157, 91767, 22035, 18918, 1144, 3546, 48859, 13094, 3546, 3546, 96717, 3546, 48859, 47496, 21121, 19954, 43449, 16582, 33390, 91767, 22035, 19954, 99969, 79053, 53400, 1144, 3546, 48859, 13094, 3546, 3546, 21028, 1144, 3546, 48859, 33931, 18359, 58935, 71023, 83290, 1144, 47496, 58232, 1144, 3546, 3546, 3546, 18359, 59877, 16582, 35495, 23955, 18918, 82818, 3546, 3546, 43139, 1144, 3546, 48859, 13094, 3546, 3546, 18918, 96717, 3546, 48859, 47496, 52976, 10246, 3546, 48859, 3546, 47496, 3546, 37155, 3546, 48859, 25, 220, 17, 43144, 25, 320, 3546, 47496, 22035, 220, 17, 43144, 19954, 62060, 24486, 1144, 48859, 3546, 3546, 8]","[-9.996708e-05, -0.0002549025, -0.00045176462, -0.241628, -0.006400935, -1.1517961e-05, 0.0, -9.968313e-06, -1.3186812e-05, -4.3226137e-05, -0.006371675, -6.704273e-07, 0.0, -3.1281633e-07, 0.0, 0.0, 0.0, -0.0019125767, -0.03584979, -0.084951386, -1.4858354, -0.0006099864, -4.365741e-06, -3.2855416e-05, 0.0, -0.005041629, -0.000508115, -6.9882217e-06, -5.7961847e-06, -4.723352e-06, -3.9530823e-05, -0.0094215935, -0.079125844, -0.019370416, -6.749814e-06, -5.2001665e-06, -0.0023620941, -0.00030173853, -0.000104616025, -1.3856493e-06, 0.0, -5.5122365e-07, -1.6240566e-06, 0.0, -2.0696643e-05, -0.00012272765, -0.00045176462, -3.2929079e-06, -0.0007974773, -0.0007243486, -4.3202e-07, -1.3544423e-05, 0.0, -0.2479877, -0.62617147, -0.0046337573, -3.2736214e-05, -6.8854926e-05, -5.145119e-05, -8.776276e-06, -4.3202e-07, 0.0, -6.1537958e-06, -0.0051263077, -6.704273e-07, -3.5313153e-06, 0.0, -1.9361265e-07, -7.89631e-07, 0.0, 0.0, 0.0, -9.0073176e-05, -4.0603656e-05, -1.0708001, -0.82988846, -0.00074923283, -0.29076755, -9.0883464e-07, -6.869018e-06, -0.0006079599, -0.00022678143, -2.9352968e-06, -1.7432603e-06, 0.0, -0.0022899024, 0.0, -3.1281633e-07, -0.00060915196, -1.6762922e-05, -4.624541, -2.542267, -3.0176575, -0.0028216357, -0.09451742, -0.00012725739, -2.1173457e-05, -4.406056e-05, -2.577686e-06, -2.2484697e-05, -4.3202e-07, -1.0280384e-06, 0.0, -9.253091e-06, -3.750436e-05, -6.313315e-05, -3.917321e-05, -1.2829201e-05, -3.5313153e-06, -0.010250845, -0.011117857, -9.1026806e-05, -0.0015962723, -2.1008714e-06, -4.7875077e-05, -0.00026586556, -0.0012872596, -3.7697225e-06, -1.0280384e-06, -1.1398757e-05, -4.1273333e-06, 0.0, -1.8624639e-06, 0.0, -2.2603901e-05, -9.372295e-06, -6.098748e-05, -3.1281633e-07, -1.4855664e-05, -7.58424e-06, -0.03287244, -0.0069954926, -0.043606162, -2.618001e-05, -1.9027791e-05, -7.13582e-05, -6.15835e-05, -1.2948405e-05, -3.1281633e-07, -4.3202e-07, -1.1279553e-05, -0.014497827, -4.365741e-06, -5.2001665e-06, -5.5122365e-07, 0.0, -5.5122365e-07, 0.0, 0.0, 0.0, -0.00031270162, -0.0003550079, -0.07229628, -2.1098995, -0.00033748866, -0.0010486469, -0.043602157, -7.822647e-06, -1.9361265e-07, -0.23065808, -0.13682817, -0.0016311477, -0.00019436171, -3.1737043e-06, -6.2656334e-05, -9.0883464e-07, -0.1664732, -3.22594e-05, -0.0005440961, -1.3306016e-05, -1.6240566e-06, -1.9361265e-07, -1.504853e-06, -6.749814e-06, -2.3438328e-05, -3.4166656e-05, -1.9361265e-07, 0.0, -1.504853e-06, -4.604148e-06, 0.0, -0.0013646431, -6.749814e-06, 0.0, 0.0, -5.7961847e-06, -2.3319124e-05, -4.3226137e-05, -6.704273e-07, -0.00064798305, -0.002522038, 0.0, -0.0011796316, -0.0011180693, 0.0, -6.869018e-06, -3.1281633e-07, -8.6497064e-05, -0.0027557837, -1.0280384e-06, -4.604148e-06, -0.000999821, -1.147242e-06, 0.0, -3.7697225e-06, -9.0883464e-07, -1.3544423e-05, -1.7835755e-05, -9.0883464e-07, -5.5122365e-07, -0.00053349434, 0.0, -4.8425554e-06, -3.888926e-06, -7.89631e-07, -4.048445e-05, -0.008697301, -1.3067608e-05, -1.5809293e-05, -7.350386e-05, -7.111979e-05, -1.0206721e-05, 0.0, 0.0, -6.392203e-06, -0.00018089537, -6.0345924e-06, -2.9352968e-06, 0.0, 0.0, -5.5122365e-07, 0.0, 0.0, 0.0, -6.837811e-05, -2.8206474e-05, -0.06950661, -0.306349, -0.00032616797, -9.4914985e-06, -2.3392786e-06, -3.8696395e-05, -0.0002005603, 0.0, 0.0, -0.0015310515, -0.0015840201, -0.00011152984, -5.5577775e-06, -0.000397184, -3.5954712e-05, -1.700133e-05, -1.0280384e-06, -0.029571356, -4.7040652e-05, -6.8854926e-05, -0.00010676169, -6.704273e-07, -1.0280384e-06, -9.209964e-05, -0.4725279, -1.5570886e-05, -0.000844649, -3.7697225e-06, -9.610702e-06, -0.046245303, -0.002078171, -0.018556077, -3.650519e-06, -2.1008714e-06, -0.0018718787, -0.00017326632, -1.0206721e-05, -4.3202e-07, 0.0, -1.3856493e-06, -1.4140442e-05, 0.0, -1.8624639e-06, -7.3861476e-05, -0.009735781, -6.704273e-07, -0.0001341712, -1.7432603e-06, -4.8425554e-06, 0.0, -0.008918269, -8.657073e-06, -2.1531068e-05, -7.421909e-05, -0.00027420983, -0.00011522515, -4.3202e-07, -3.1281633e-07, -8.776276e-06, -2.6060809e-05, -8.89548e-06, -2.3392786e-06, -1.9361265e-07, 0.0, -1.0280384e-06, 0.0, 0.0, 0.0, -3.22594e-05, -4.5848617e-05, -0.019543804, -1.5875125, -1.1398757e-05, -6.2729996e-06, -6.217952e-05, 0.0, -2.9983633, -1.1279553e-05, -0.6234719, -7.350386e-05, 0.0, -1.8624639e-06, -2.7848862e-05, 0.0, -0.0017250382, 0.0, -0.00015562419, 0.0, -0.00051287946, -1.0445127e-05, -6.2729996e-06, -3.1737043e-06, -2.577686e-06, -9.968313e-06, -7.89631e-07, -0.00013965457, -4.20341e-05, -5.5122365e-07, 0.0, -2.3392786e-06, -7.465036e-06, 0.0, -4.604148e-06, -1.7432603e-06, 0.0, 0.0, -6.704273e-07, -1.3856493e-06, -2.220075e-06, -3.488188e-05, -0.00031425126, -0.00013870094, -1.2590794e-05, -0.00020234835, -2.3319124e-05, -6.2729996e-06, -1.9361265e-07, -9.0883464e-07, -3.1281633e-07, 0.0, -2.1008714e-06, -1.92662e-05, 0.0, -3.4285862e-05, -5.6769813e-06, -5.5122365e-07, 0.0, -1.7432603e-06, -4.739826e-05, -8.537869e-06, -1.9361265e-07, -0.0018752054, -0.0030561422, -6.704273e-07, -1.2664457e-06, -6.5278815e-05, -3.1281633e-07, -6.2729996e-06, 0.0, -1.9146995e-05, -3.297462e-05, -0.00033272416, -9.388769e-05, -0.000634878, -1.6166903e-05, -0.00018863993, -6.704273e-07, 0.0, -1.3856493e-06, -0.00029685118, -1.7432603e-06, 0.0, -9.4914985e-06, -1.7239736e-05, 0.0, -2.486877e-05, -3.2929079e-06, -2.0100624e-05, 0.0, 0.0, -0.0009293294, -0.030492622, -0.0005205048, 0.0, -4.3202e-07, 0.0, 0.0, -2.9352968e-06, -3.1281633e-07, 0.0, -0.00015109812, -0.03672604, -1.3473251, -5.8841815e-05, -2.1854439, -0.0073990957, -0.29950422, -1.4498052e-05, -9.0883464e-07, -9.253091e-06, -0.00041386887, -0.0002969704, -0.06094599, -7.1954215e-05, 0.0, -2.0458236e-05, -5.5122365e-07, -5.5122365e-07, -4.3226137e-05, -8.518583e-05]",0
2025_11_KICE_14-17_0,['1(2)'],"1번: 표면 연기는 내면의 자연스러운 감정보다 의례적인 표현과 같은 형식에 집중하여 연기하는 것이고, 심층 연기는 내면의 솔직한 정서를 불러내어 자신의 진정성을 보여 주는 것이다. (지문 속 근거가 된 문장)
2번: 가상 공간의 특성에 주목한 연구자들은 사람들과의 관계 속에서 드러나는 고유한 존재로서의 위상을 뜻하는 자기 정체성이 가상 공간에서 다양하게 나타난다고 본다. (지문 속 근거가 된 문장)
3번: 게임 아이디, 닉네임, 아바타 등 가상 공간에서 개별적 대상으로 인식되는 ‘인터넷 ID’에 대한 사이버 폭력이 넘쳐 나는 현실도 이와 무관하지 않다. (지문 속 근거가 된 문장)
4번: 익명성은 가상 공간에서 자기 정체성이 다양하게 나타나는 데 영향을 미치는 가상 공간의 특성이다. (지문 속 근거가 된 문장)
5번: 가상 공간에서의 자기 정체성은 사용자 개인의 자기 정체성의 일부이기 때문에 자기 정체성을 가진 인터넷 ID의 명예 역시 보호되어야 한다. (지문 속 근거가 된 문장)
최종 정답: 1번 - 심층 연기는 내면의 진솔한 정서를 드러내기 위해 형식에 집중하는 자기표현이다.","[16, 43144, 25, 1144, 3546, 33390, 78453, 21121, 16969, 67236, 33390, 21028, 65677, 3546, 48859, 25941, 61394, 94772, 1144, 3546, 30381, 42771, 13447, 1144, 3546, 3546, 3546, 82068, 32428, 1144, 3546, 3546, 3546, 54780, 79474, 34804, 1144, 3546, 77437, 19954, 1144, 3546, 3546, 3546, 83290, 78453, 21121, 44005, 72208, 13094, 35495, 11, 1144, 3546, 3546, 48859, 48859, 78453, 21121, 16969, 67236, 33390, 21028, 1144, 3546, 3546, 3546, 24486, 37155, 27796, 18918, 1144, 48859, 61394, 96318, 32179, 65677, 83628, 21028, 1144, 3546, 30381, 33931, 18359, 64432, 58126, 56773, 16969, 72208, 13094, 13447, 13, 320, 22035, 52688, 1144, 3546, 1144, 48859, 3546, 93292, 20565, 1144, 3546, 54535, 41953, 340, 17, 43144, 25, 36609, 57002, 1144, 48859, 63375, 21028, 1144, 3546, 48859, 33931, 19954, 56773, 88708, 24486, 78453, 89359, 26799, 65950, 34804, 33229, 3546, 3546, 65950, 54780, 21028, 93851, 3546, 3546, 1144, 3546, 57575, 1144, 3546, 61394, 61415, 16969, 1144, 47496, 3546, 47496, 24486, 1144, 47496, 58232, 17835, 27796, 21028, 46810, 57002, 18359, 1144, 3546, 3546, 44005, 65677, 21121, 37155, 50643, 33931, 13094, 36609, 57002, 1144, 48859, 63375, 57575, 50467, 3546, 3546, 16582, 58901, 74618, 3546, 3546, 3546, 3546, 13447, 35495, 1144, 48859, 13447, 13, 320, 22035, 52688, 1144, 3546, 1144, 48859, 3546, 93292, 20565, 1144, 3546, 54535, 41953, 340, 18, 43144, 25, 100027, 94801, 49508, 13094, 90335, 11, 1144, 3546, 3546, 47496, 94801, 11, 49508, 3546, 3546, 3546, 3546, 78102, 36609, 57002, 1144, 48859, 63375, 57575, 74623, 3546, 3546, 82068, 62060, 57002, 43139, 59777, 77437, 65219, 16969, 3451, 32428, 34961, 3546, 48859, 3110, 529, 19954, 62060, 24486, 33229, 13094, 80104, 1144, 3546, 29854, 13094, 1144, 3546, 3546, 48859, 3546, 74618, 16969, 1144, 3546, 3546, 47496, 49085, 23955, 81673, 1144, 3546, 3546, 48859, 88525, 51796, 13447, 13, 320, 22035, 52688, 1144, 3546, 1144, 48859, 3546, 93292, 20565, 1144, 3546, 54535, 41953, 340, 19, 43144, 25, 1144, 48859, 80732, 33931, 34804, 36609, 57002, 1144, 48859, 63375, 57575, 65677, 21121, 37155, 50643, 33931, 13094, 50467, 3546, 3546, 16582, 58901, 74618, 3546, 3546, 61415, 16969, 1144, 3546, 1144, 3546, 3546, 3546, 47496, 18359, 1144, 3546, 48859, 60798, 16969, 36609, 57002, 1144, 48859, 63375, 21028, 1144, 3546, 48859, 33931, 13094, 13447, 13, 320, 22035, 52688, 1144, 3546, 1144, 48859, 3546, 93292, 20565, 1144, 3546, 54535, 41953, 340, 20, 43144, 25, 36609, 57002, 1144, 48859, 63375, 57575, 21028, 65677, 21121, 37155, 50643, 33931, 34804, 41820, 26799, 74623, 32428, 21028, 65677, 21121, 37155, 50643, 33931, 21028, 84656, 64189, 13094, 21121, 54718, 52688, 19954, 65677, 21121, 37155, 50643, 33931, 18359, 36609, 86351, 59777, 34961, 3546, 48859, 3110, 21028, 1144, 3546, 3546, 3546, 1144, 3546, 30426, 64432, 48424, 65219, 32179, 90759, 62398, 13447, 13, 320, 22035, 52688, 1144, 3546, 1144, 48859, 3546, 93292, 20565, 1144, 3546, 54535, 41953, 340, 3546, 48859, 3546, 47496, 3546, 37155, 3546, 48859, 25, 220, 16, 43144, 482, 1144, 3546, 3546, 48859, 48859, 78453, 21121, 16969, 67236, 33390, 21028, 1144, 3546, 3546, 3546, 24486, 37155, 27796, 18918, 1144, 3546, 61394, 96318, 21121, 46810, 34983, 1144, 3546, 77437, 19954, 1144, 3546, 3546, 3546, 44005, 65677, 21121, 3546, 3546, 3546, 3546, 13094, 13447, 13]","[-1.2948405e-05, -4.365741e-06, -0.00017767686, -1.2251866, -0.003574173, -0.0007959277, -1.342522e-05, -2.6968896e-06, -0.0006620417, -4.8113485e-05, -1.3306016e-05, -1.147242e-06, -0.0003498858, -2.1008714e-06, -1.2664457e-06, -1.7432603e-06, -9.0883464e-07, -1.8624639e-06, 0.0, -1.9361265e-07, -2.8160932e-06, -0.00019865304, -1.5213274e-05, -2.0219828e-05, -4.3202e-07, -7.58424e-06, 0.0, -3.1281633e-07, -0.00035286226, -1.3856493e-06, -3.1281633e-07, -3.1281633e-07, -9.0883464e-07, -0.008281809, -3.888926e-06, -7.89631e-07, -0.002571614, -7.89631e-07, -1.1279553e-05, -3.0545007e-06, -4.1273333e-06, -3.1281633e-07, 0.0, -3.2497806e-05, -3.2497806e-05, -1.8624639e-06, -9.0883464e-07, -5.025915e-05, -2.4584822e-06, -5.1808798e-05, -0.003902196, -1.7239736e-05, -0.00010676169, -7.89631e-07, -9.253091e-06, 0.0, 0.0, -7.107425e-06, -1.3856493e-06, -6.704273e-07, -1.4617256e-05, -2.4584822e-06, -7.89631e-07, -0.0016069859, -3.2929079e-06, -4.9617593e-06, 0.0, -7.822647e-06, -0.0005712636, -2.3795938e-05, -1.1517961e-05, -0.02299795, -9.729906e-06, -4.4849444e-06, -3.4166656e-05, -6.704273e-07, -7.107425e-06, -0.00090324215, -6.704273e-07, -1.8624639e-06, -2.577686e-06, -2.3392786e-06, -1.3856493e-06, -7.89631e-07, -4.1273333e-06, -2.1008714e-06, -0.0060060597, 0.0, -5.5122365e-07, -4.604148e-06, -1.0280384e-06, -0.012845472, -0.13892701, -0.25278175, -1.1279553e-05, -0.6724799, 0.0, -0.000290295, -1.147242e-06, 0.0, 0.0, -0.20879264, -0.0005769817, 0.0, -3.0232935e-05, -1.9361265e-07, -0.05233248, -2.5583993e-05, -9.968313e-06, -6.206032e-05, -0.57696533, -5.50273e-05, -1.7120534e-05, 0.0, 0.0, -0.32395902, -3.4762674e-05, 0.0, 0.0, 0.0, -6.704273e-07, -1.831257e-05, 0.0, -3.1281633e-07, -4.7755875e-05, -4.3202e-07, -4.3202e-07, -7.89631e-07, -5.6769813e-06, -7.958325e-05, -9.4914985e-06, 0.0, -5.443128e-05, -5.2001665e-06, -7.89631e-07, -4.3202e-07, -3.1281633e-07, -1.9361265e-07, -3.2929079e-06, 0.0, -5.5122365e-07, -0.00088990235, -1.6240566e-06, 0.0, -9.372295e-06, -1.3856493e-06, -0.00011868205, 0.0, 0.0, -1.9361265e-07, -2.4584822e-06, -6.2729996e-06, -1.9361265e-07, -1.0280384e-06, -5.4385737e-06, -2.4584822e-06, -1.0802739e-05, -0.00021641071, -1.0280384e-06, -2.8160932e-06, -6.515961e-05, -2.4584822e-06, -1.6240566e-06, -2.4584822e-06, -7.822647e-06, -1.9361265e-07, -3.5597102e-05, 0.0, -7.89631e-07, -1.2664457e-06, -1.27099975e-05, -3.1281633e-07, -0.00054266566, 0.0, 0.0, -2.1008714e-06, -1.247159e-05, -2.4584822e-06, -1.0921943e-05, -1.2664457e-06, -4.4849444e-06, -2.8921695e-05, -5.5122365e-07, -1.3856493e-06, -2.577686e-06, -0.0001135563, -2.2246291e-05, -0.0020680642, -0.00019722259, -1.7954959e-05, -6.2729996e-06, -0.0007946164, -0.00038813186, -0.0004992975, -5.8722613e-05, -3.1281633e-07, 0.0, -9.0883464e-07, 0.0, 0.0, 0.0, -1.9361265e-07, -2.0339032e-05, 0.0, -1.147242e-06, 0.0, -0.00047297185, -1.2233183e-05, -6.9882217e-06, -5.025915e-05, -0.30344197, -1.8624639e-06, -2.677603e-05, -3.1737043e-06, -1.2664457e-06, -1.504853e-06, -1.504853e-06, -1.9361265e-07, -1.9361265e-07, 0.0, 0.0, -2.1769476e-05, -3.1281633e-07, -3.1281633e-07, 0.0, -6.869018e-06, 0.0, -5.7961847e-06, -1.3856493e-06, -3.1281633e-07, -1.7597347e-05, 0.0, 0.0, -1.9361265e-07, -0.000103662394, -2.1008714e-06, -6.704273e-07, -2.220075e-06, -0.00033498902, 0.0, -9.0883464e-07, -2.577686e-06, 0.0, -3.5313153e-06, 0.0, -0.06785529, -6.0345924e-06, -1.6240566e-06, -6.704273e-07, 0.0, -5.6769813e-06, -9.305327e-05, -9.0883464e-07, -3.0545007e-06, 0.0, -2.1008714e-06, 0.0, -4.246537e-06, -1.9027791e-05, -1.9361265e-07, 0.0, -1.2664457e-06, -3.8696395e-05, -6.704273e-07, -0.000775443, -5.5122365e-07, 0.0, -0.0366156, -3.1281633e-07, -5.9795446e-05, -3.1281633e-07, -9.0883464e-07, 0.0, -1.2664457e-06, -1.9743013e-05, -4.3202e-07, -2.0458236e-05, 0.0, -8.299462e-06, 0.0, 0.0, -6.9882217e-06, -3.1281633e-07, -0.0008504863, -0.00014251545, -3.488188e-05, -2.9756122e-05, -5.5122365e-07, 0.0, -2.3392786e-06, 0.0, 0.0, 0.0, -1.9361265e-07, -2.5583993e-05, 0.0, -1.3856493e-06, -1.9361265e-07, -0.00014942927, -6.4325184e-05, -1.2829201e-05, -0.00020652048, -0.22475958, -1.3186812e-05, 0.0, -1.2664457e-06, -0.24394387, -0.0003710894, 0.0, -2.3392786e-06, 0.0, 0.0, -4.3202e-07, -2.355753e-05, -2.3392786e-06, -0.00012725739, 0.0, -9.0883464e-07, -5.5577775e-06, -6.7901296e-05, -1.700133e-05, -3.1305768e-05, -9.0883464e-07, -3.650519e-06, -2.7372049e-05, -4.3202e-07, 0.0, -6.3490756e-05, -0.00012797261, -0.0002662232, 0.0, -2.1054253e-05, 0.0, -1.6166903e-05, 0.0, 0.0, -9.0883464e-07, -2.9352968e-06, -5.5122365e-07, 0.0, -3.1281633e-07, -1.9361265e-07, -2.8921695e-05, 0.0, -3.888926e-06, 0.0, 0.0, -3.1737043e-06, -1.3306016e-05, 0.0, 0.0, -4.3202e-07, -1.1637165e-05, -5.0139948e-05, -0.0038595777, -0.0043811095, -0.0011361662, -1.6882126e-05, -0.00014132341, 0.0, -3.23786e-05, 0.0, 0.0, 0.0, -3.1281633e-07, -2.1054253e-05, 0.0, -1.3856493e-06, -1.9361265e-07, -0.00017183588, -6.869018e-06, -5.2047206e-05, -0.00016766376, -1.7033843, -0.00011498674, -0.00046415447, 0.0, 0.0, -0.0026848025, -0.13021229, -2.8564085e-05, -4.3202e-07, -0.0052917497, -1.9361265e-07, -1.9361265e-07, -0.00022845028, -1.1508212, -3.1281633e-07, -3.0471343e-05, -0.00014621076, 0.0, -4.3202e-07, -3.1281633e-07, -2.2246291e-05, 0.0, -9.0883464e-07, -7.226629e-06, -9.968313e-06, -4.00813e-06, -3.4121115e-06, -1.3856493e-06, -1.9361265e-07, 0.0, 0.0, -5.6769813e-06, -1.2664457e-06, -9.4914985e-06, 0.0, -1.9816675e-06, -4.1273333e-06, -9.372295e-06, -1.5570886e-05, -3.094816e-05, -3.7697225e-06, -4.3202e-07, 0.0, -1.0280384e-06, -2.9352968e-06, -6.704273e-07, -7.89631e-07, -1.9361265e-07, -2.6968896e-06, -7.79144e-05, 0.0, 0.0, -4.036525e-05, -3.888926e-06, -4.604148e-06, -1.9361265e-07, -4.3202e-07, -1.0280384e-06, -6.704273e-07, -0.00022475497, -0.00036858613, -2.58224e-05, -3.202099e-05, -6.704273e-07, 0.0, -2.220075e-06, 0.0, 0.0, 0.0, -1.9361265e-07, -2.188868e-05, 0.0, -1.504853e-06, -1.9361265e-07, -0.09201889, -3.8696395e-05, 0.0, -5.5122365e-07, 0.0, 0.0, -9.0883464e-07, -3.1281633e-07, 0.0, -6.313315e-05, -6.82589e-05, -0.012302312, -3.5313153e-06, -0.6464429, -0.0017677662, -1.7432603e-06, -6.511407e-06, 0.0, -1.9361265e-07, -5.080963e-06, -1.8624639e-06, -1.9361265e-07, -1.6762922e-05, -6.704273e-07, -6.704273e-07, -5.2047206e-05, -2.9994528e-05, -1.0280384e-06, -0.00012570774, -1.0280384e-06, -1.2664457e-06, -7.89631e-07, -1.0280384e-06, -9.849109e-06, -2.8160932e-06, 0.0, 0.0, -1.0206721e-05, -1.3856493e-06, -1.5928495e-05, -4.1273333e-06, -1.9361265e-07, 0.0, -1.147242e-06, -7.822647e-06, 0.0, 0.0, -2.4584822e-06, -2.4584822e-06, -2.9352968e-06, -1.6643718e-05, -0.0004261468, 0.0, 0.0, 0.0, 0.0, -1.9816675e-06, -0.00012546933]",2
2025_11_KICE_14-17_1,['2(2)'],"1번: ㉠은 ㉡과 달리 자기 정체성을 단일하고 고정적인 것으로 파악하겠군. ""(지문 속 근거가 된 문장)"" 
2번: ㉠은 ㉡과 달리 인터넷 ID에 대한 공격을 그 사용자인 개인에 대한 공격이라고 보겠군. ""(지문 속 근거가 된 문장)""
3번: ㉡은 ㉠과 달리 인터넷에서의 자기 정체성과 현실 세계의 자기 정체성이 상호 작용을 한다고 보겠군. ""(지문 속 근거가 된 문장)""
4번: ㉡은 ㉠과 달리 인터넷 ID는 복수 개설이 가능하므로 자기 정체성이 복합적으로 구성된다고 보겠군. ""(지문 속 근거가 된 문장)""
5번: ㉠과 ㉡은 모두, 인터넷 ID마다 개인의 자기 정체성이 다르다고 보겠군. ""(지문 속 근거가 된 문장)""
최종 정답: 3번 - ㉡은 ㉠과 달리 인터넷에서의 자기 정체성과 현실 세계의 자기 정체성이 상호 작용을 한다고 보겠군.","[16, 43144, 25, 220, 45398, 3546, 47496, 34804, 220, 45398, 3546, 47496, 54780, 1144, 3546, 29102, 65677, 21121, 37155, 50643, 33931, 18359, 1144, 47496, 33177, 16582, 35495, 1144, 47496, 30381, 82068, 32428, 72208, 43139, 56069, 3546, 3546, 16582, 3546, 47496, 3546, 48859, 13, 12262, 22035, 52688, 1144, 3546, 1144, 48859, 3546, 93292, 20565, 1144, 3546, 54535, 41953, 10143, 720, 17, 43144, 25, 220, 45398, 3546, 47496, 34804, 220, 45398, 3546, 47496, 54780, 1144, 3546, 29102, 59777, 34961, 3546, 48859, 3110, 19954, 62060, 24486, 1144, 48859, 3546, 47496, 18359, 55925, 41820, 26799, 32428, 74623, 32428, 19954, 62060, 24486, 1144, 48859, 3546, 47496, 13094, 51440, 35495, 64432, 3546, 47496, 3546, 48859, 13, 12262, 22035, 52688, 1144, 3546, 1144, 48859, 3546, 93292, 20565, 1144, 3546, 54535, 41953, 13251, 18, 43144, 25, 220, 45398, 3546, 47496, 34804, 220, 45398, 3546, 47496, 54780, 1144, 3546, 29102, 59777, 34961, 3546, 48859, 57575, 21028, 65677, 21121, 37155, 50643, 33931, 54780, 1144, 3546, 3546, 47496, 1144, 48859, 3546, 3546, 21028, 65677, 21121, 37155, 50643, 33931, 13094, 59134, 48424, 69332, 27797, 18359, 62398, 13447, 35495, 64432, 3546, 47496, 3546, 48859, 13, 12262, 22035, 52688, 1144, 3546, 1144, 48859, 3546, 93292, 20565, 1144, 3546, 54535, 41953, 13251, 19, 43144, 25, 220, 45398, 3546, 47496, 34804, 220, 45398, 3546, 47496, 54780, 1144, 3546, 29102, 59777, 34961, 3546, 48859, 3110, 16969, 1144, 48859, 24140, 74623, 3546, 47496, 13094, 96451, 16582, 3546, 3546, 17835, 65677, 21121, 37155, 50643, 33931, 13094, 1144, 48859, 3546, 47496, 82068, 43139, 59877, 33931, 53400, 13447, 35495, 64432, 3546, 47496, 3546, 48859, 13, 12262, 22035, 52688, 1144, 3546, 1144, 48859, 3546, 93292, 20565, 1144, 3546, 54535, 41953, 13251, 20, 43144, 25, 220, 45398, 3546, 47496, 54780, 220, 45398, 3546, 47496, 34804, 55170, 3546, 3546, 11, 59777, 34961, 3546, 48859, 3110, 3546, 3546, 74623, 32428, 21028, 65677, 21121, 37155, 50643, 33931, 13094, 50467, 3546, 48859, 13447, 35495, 64432, 3546, 47496, 3546, 48859, 13, 12262, 22035, 52688, 1144, 3546, 1144, 48859, 3546, 93292, 20565, 1144, 3546, 54535, 41953, 13251, 3546, 48859, 3546, 47496, 3546, 37155, 3546, 48859, 25, 220, 18, 43144, 482, 220, 45398, 3546, 47496, 34804, 220, 45398, 3546, 47496, 54780, 1144, 3546, 29102, 59777, 34961, 3546, 48859, 57575, 21028, 65677, 21121, 37155, 50643, 33931, 54780, 1144, 3546, 3546, 47496, 1144, 48859, 3546, 3546, 21028, 65677, 21121, 37155, 50643, 33931, 13094, 59134, 48424, 69332, 27797, 18359, 62398, 13447, 35495, 64432, 3546, 47496, 3546, 48859, 13]","[-0.017741658, -1.9146995e-05, -0.0012211787, -0.004454924, -0.00014168103, -1.9361265e-07, -0.0038741813, -0.0067864168, -2.188868e-05, -9.0883464e-07, 0.0, -0.0009657728, -0.0008456026, -7.5530326e-05, 0.0, 0.0, -0.00070254167, -1.6240566e-06, -4.1273333e-06, 0.0, -2.1008714e-06, -1.147242e-06, -8.537869e-06, -1.504853e-06, -3.1281633e-07, -4.4849444e-06, -4.1273333e-06, -3.1737043e-06, 0.0, -1.378283e-05, -1.8624639e-06, -0.00010843054, -1.2664457e-06, -5.080963e-06, -9.72254e-05, -9.0883464e-07, 0.0, -4.246537e-06, -1.3306016e-05, -4.3202e-07, -2.7133641e-05, 0.0, -0.003440415, -0.49156708, -1.8523618, -1.342522e-05, -0.16711238, -1.9361265e-07, -0.0023636364, -2.4584822e-06, 0.0, 0.0, -0.0073025255, -0.00031174798, 0.0, -3.202099e-05, -1.9361265e-07, -4.307953, -0.44429624, -8.900034e-05, -6.392203e-06, -0.00012047011, -2.939851e-05, -0.0001375089, 0.0, -0.121053375, -0.0029016396, -2.9279307e-05, -3.0545007e-06, 0.0, -8.077529e-05, -7.398068e-05, -2.1008714e-06, 0.0, -1.2664457e-06, -0.00028290803, -3.4121115e-06, 0.0, -3.1281633e-07, -6.0153056e-05, -1.3902034e-05, -3.0545007e-06, 0.0, -6.704273e-07, -4.3202e-07, -6.869018e-06, 0.0, -7.89631e-07, -3.5313153e-06, 0.0, 0.0, -2.4584822e-06, -4.3202e-07, -3.1281633e-07, -7.89631e-07, -1.6524515e-05, 0.0, -4.3202e-07, -3.1281633e-07, -7.3458323e-06, 0.0, -4.3202e-07, -6.392203e-06, 0.0, -4.365741e-06, 0.0, 0.0, -3.1281633e-07, 0.0, -0.00035321983, -0.0030159762, -0.0077051762, -1.3306016e-05, -4.246537e-06, 0.0, -1.7954959e-05, 0.0, 0.0, 0.0, -6.704273e-07, -2.749125e-05, 0.0, -2.2842309e-05, 0.0, -0.1374761, -4.9617593e-06, -9.968313e-06, -8.44706e-05, -0.00014263466, -7.696077e-05, -1.9361265e-07, -0.006521391, -0.01783874, -1.0280384e-06, -2.577686e-06, 0.0, -2.2007884e-05, -0.0032993895, -1.867018e-05, -4.3202e-07, -3.1281633e-07, -1.7120534e-05, -3.0545007e-06, 0.0, -1.9361265e-07, -1.2113979e-05, -1.9361265e-07, -3.1281633e-07, 0.0, -1.2664457e-06, 0.0, -7.89631e-07, -3.0545007e-06, -9.0883464e-07, 0.0, 0.0, 0.0, -4.3202e-07, -9.0883464e-07, 0.0, 0.0, -1.9361265e-07, -7.89631e-07, -4.3202e-07, -1.3856493e-06, 0.0, -5.5122365e-07, -4.3202e-07, -1.9816675e-06, -5.5122365e-07, -1.2829201e-05, -2.220075e-06, -8.733149e-05, -1.6286107e-05, -4.9617593e-06, -1.9361265e-07, -5.2001665e-06, 0.0, 0.0, -1.3856493e-06, 0.0, -0.00029255985, -0.0039802124, -0.001206423, -2.8802491e-05, -1.0280384e-06, 0.0, -3.5313153e-06, 0.0, 0.0, 0.0, -5.5122365e-07, -4.441817e-05, 0.0, -4.604148e-06, -1.9361265e-07, -0.004397125, -1.9027791e-05, -5.6100132e-05, -7.147741e-05, -2.5941605e-05, -0.00087215565, 0.0, -0.0009077682, -0.00041720658, -1.504853e-06, -3.650519e-06, 0.0, -4.6563837e-05, -0.0002519224, -1.147242e-06, 0.0, -3.1281633e-07, -1.1279553e-05, -1.504853e-06, -4.3202e-07, -1.9361265e-07, -4.3202e-07, -5.9153886e-06, -1.6240566e-06, 0.0, -5.5122365e-07, -2.220075e-06, -2.3392786e-06, -9.0883464e-07, -3.1281633e-07, -3.2929079e-06, -1.9361265e-07, -1.9361265e-07, 0.0, 0.0, -1.0280384e-06, -3.1281633e-07, -1.9361265e-07, 0.0, -4.3202e-07, 0.0, -1.147242e-06, 0.0, -1.9361265e-07, 0.0, -2.4584822e-06, -9.0883464e-07, -1.3856493e-06, -3.1281633e-07, -5.3193703e-06, -3.2929079e-06, 0.0, -1.2664457e-06, 0.0, 0.0, -1.9361265e-07, 0.0, -0.0001843486, -0.0026927707, -0.0010242357, -5.080963e-06, -1.9361265e-07, 0.0, -9.0883464e-07, 0.0, 0.0, 0.0, 0.0, -4.036525e-05, 0.0, -1.504853e-06, -1.9361265e-07, -0.0010498388, -5.3193703e-06, -6.122589e-05, -3.9411618e-05, -0.0001170132, -5.6815352e-05, 0.0, -0.001039956, -0.004592823, -1.7432603e-06, -3.190179e-05, -4.3202e-07, -6.9331734e-05, -4.9617593e-06, -2.577686e-06, -1.9361265e-07, 0.0, -0.00010092071, -4.365741e-06, -2.6968896e-06, 0.0, 0.0, -1.2664457e-06, -6.50404e-05, 0.0, -3.094816e-05, -3.888926e-06, 0.0, 0.0, -1.9361265e-07, -6.704273e-07, 0.0, -1.9361265e-07, -1.9361265e-07, -7.822647e-06, -1.0921943e-05, 0.0, -3.1281633e-07, 0.0, -1.2664457e-06, 0.0, -1.9361265e-07, -1.9361265e-07, 0.0, -0.0002074741, -0.0010454319, -2.3795938e-05, -7.703444e-06, -3.1281633e-07, 0.0, -1.0280384e-06, 0.0, 0.0, 0.0, -1.9361265e-07, -5.5980927e-05, 0.0, -1.6240566e-06, -1.9361265e-07, -0.00062772946, -6.511407e-06, 0.0, -6.704273e-07, -2.4584822e-06, 0.0, -1.504853e-06, -3.1281633e-07, 0.0, -7.398068e-05, -0.0033182844, -0.17099756, -3.1737043e-06, -0.45569065, -0.0018841347, -0.00011331789, -6.704273e-07, -0.001499268, -0.007982416, -1.1398757e-05, -2.1008714e-06, 0.0, -2.0339032e-05, -0.00064810226, -1.18755715e-05, 0.0, 0.0, -2.9279307e-05, -3.0545007e-06, -3.1281633e-07, 0.0, -1.7432603e-06, 0.0, -1.9361265e-07, 0.0, -1.7432603e-06, 0.0, -4.3202e-07, -1.0280384e-06, -5.5122365e-07, 0.0, 0.0, 0.0, -1.9361265e-07, -1.9361265e-07, 0.0, 0.0, 0.0, -4.3202e-07, -6.704273e-07, -5.5122365e-07, 0.0, -6.704273e-07, -3.1281633e-07, -3.7697225e-06, -4.3202e-07, -8.061054e-06, -1.3856493e-06, -0.0001596771, -6.3490756e-05, -7.703444e-06, -3.1281633e-07, -6.6306106e-06, -1.9361265e-07, 0.0, -2.4584822e-06, 0.0, -0.000244651]",0
2025_11_KICE_14-17_2,['2(3)'],"1번: ㉮는 B가 가해자로서의 법적 책임을 져야 하지만 C는 가해자로서의 법적 책임을 지지 않는다고 보겠군. + ""대법원은 실명을 거론한 경우는 물론, 실명을 거론하지 않았더라도 주위 사정을 종합할 때 지목된 사람이 누구인지를 제3자가 알 수 있는 경우에는 명예훼손이나 모욕에 대한 가해자의 법적 책임이 성립한다고 판시해 왔다.""
2번: ㉯는 B가 가해자로서의 법적 책임을 져야 하지만 A는 가해자로서의 법적 책임을 지지 않는다고 보겠군. + ""다수 의견은 인터넷 ID만을 알 수 있을 뿐 그 사용자가 누구인지 제3자가 알 수 없다면 피해자가 특정되지 않아 명예훼손이나 모욕에 대한 가해자의 법적 책임이 성립하지 않는다고 보았다.""
3번: ㉮와 ㉰는 A가 가해자로서의 법적 책임을 져야 하는지의 여부에 대해 같게 보겠군. + ""대법원은 실명을 거론한 경우는 물론, 실명을 거론하지 않았더라도 주위 사정을 종합할 때 지목된 사람이 누구인지를 제3자가 알 수 있는 경우에는 명예훼손이나 모욕에 대한 가해자의 법적 책임이 성립한다고 판시해 왔다.""
4번: ㉯와 ㉰는 B가 가해자로서의 법적 책임을 져야 하는지의 여부에 대해 같게 보겠군. + ""다수 의견은 인터넷 ID만을 알 수 있을 뿐 그 사용자가 누구인지 제3자가 알 수 없다면 피해자가 특정되지 않아 명예훼손이나 모욕에 대한 가해자의 법적 책임이 성립하지 않는다고 보았다.""
5번: ㉮, ㉯, ㉰가, C가 가해자로서의 법적 책임을 져야 하는지의 여부에 대해 판단한 내용이 모두 같지는 않겠군. + ""대법원은 실명을 거론한 경우는 물론, 실명을 거론하지 않았더라도 주위 사정을 종합할 때 지목된 사람이 누구인지를 제3자가 알 수 있는 경우에는 명예훼손이나 모욕에 대한 가해자의 법적 책임이 성립한다고 판시해 왔다."" + ""다수 의견은 인터넷 ID만을 알 수 있을 뿐 그 사용자가 누구인지 제3자가 알 수 없다면 피해자가 특정되지 않아 명예훼손이나 모욕에 대한 가해자의 법적 책임이 성립하지 않는다고 보았다."" + ""대법원은 실명을 거론한 경우는 물론, 실명을 거론하지 않았더라도 주위 사정을 종합할 때 지목된 사람이 누구인지를 제3자가 알 수 있는 경우에는 명예훼손이나 모욕에 대한 가해자의 법적 책임이 성립한다고 판시해 왔다.""
최종 정답: 5번: ㉮, ㉯, ㉰가, C가 가해자로서의 법적 책임을 져야 하는지의 여부에 대해 판단한 내용이 모두 같지는 않겠군.","[16, 43144, 25, 220, 45398, 3546, 3546, 16969, 426, 20565, 36609, 34983, 26799, 17835, 27796, 21028, 1144, 3546, 82068, 1144, 48859, 3546, 94801, 18359, 1144, 48859, 90759, 55000, 22035, 73653, 356, 16969, 36609, 34983, 26799, 17835, 27796, 21028, 1144, 3546, 82068, 1144, 48859, 3546, 94801, 18359, 67890, 22035, 51796, 16969, 13447, 35495, 64432, 3546, 47496, 3546, 48859, 13, 489, 330, 67945, 3546, 3546, 55421, 34804, 1144, 47496, 80732, 18359, 1144, 48859, 3546, 47496, 24486, 50152, 16969, 1144, 3546, 3546, 3546, 47496, 11, 1144, 47496, 80732, 18359, 1144, 48859, 3546, 47496, 88525, 51796, 3546, 3546, 3546, 3546, 51440, 49085, 56773, 82001, 33229, 30381, 18359, 99458, 3546, 47496, 48936, 54718, 67890, 88708, 53400, 33229, 3546, 3546, 13094, 1144, 3546, 3546, 89359, 32428, 22035, 18918, 63171, 18, 26799, 20565, 1144, 3546, 29833, 65621, 50152, 19954, 16969, 1144, 3546, 3546, 3546, 3546, 3546, 3546, 3546, 3546, 13094, 61415, 55170, 3546, 3546, 19954, 62060, 24486, 36609, 34983, 26799, 21028, 1144, 3546, 82068, 1144, 48859, 3546, 94801, 13094, 1144, 48859, 3546, 3546, 52976, 35495, 1144, 3546, 30426, 34983, 1144, 3546, 13447, 10246, 17, 43144, 25, 220, 45398, 3546, 3546, 16969, 426, 20565, 36609, 34983, 26799, 17835, 27796, 21028, 1144, 3546, 82068, 1144, 48859, 3546, 94801, 18359, 1144, 48859, 90759, 55000, 22035, 73653, 362, 16969, 36609, 34983, 26799, 17835, 27796, 21028, 1144, 3546, 82068, 1144, 48859, 3546, 94801, 18359, 67890, 22035, 51796, 16969, 13447, 35495, 64432, 3546, 47496, 3546, 48859, 13, 489, 330, 13447, 24140, 1144, 3546, 3546, 3546, 34804, 59777, 34961, 3546, 48859, 3110, 73653, 18359, 1144, 3546, 29833, 36439, 18359, 1144, 3546, 3546, 55925, 41820, 26799, 20565, 1144, 3546, 3546, 89359, 32428, 22035, 63171, 18, 26799, 20565, 1144, 3546, 29833, 47782, 13447, 33390, 1144, 3546, 3546, 34983, 26799, 20565, 1144, 3546, 48859, 30381, 65219, 22035, 51796, 54059, 1144, 3546, 3546, 3546, 3546, 3546, 3546, 3546, 3546, 13094, 61415, 55170, 3546, 3546, 19954, 62060, 24486, 36609, 34983, 26799, 21028, 1144, 3546, 82068, 1144, 48859, 3546, 94801, 13094, 1144, 48859, 3546, 3546, 88525, 51796, 16969, 13447, 35495, 64432, 3546, 3546, 13447, 10246, 18, 43144, 25, 220, 45398, 3546, 3546, 81673, 220, 45398, 3546, 48859, 16969, 362, 20565, 36609, 34983, 26799, 17835, 27796, 21028, 1144, 3546, 82068, 1144, 48859, 3546, 94801, 18359, 1144, 48859, 90759, 220, 44005, 22035, 21028, 84618, 64189, 19954, 62060, 34983, 79474, 58901, 64432, 3546, 47496, 3546, 48859, 13, 489, 330, 67945, 3546, 3546, 55421, 34804, 1144, 47496, 80732, 18359, 1144, 48859, 3546, 47496, 24486, 50152, 16969, 1144, 3546, 3546, 3546, 47496, 11, 1144, 47496, 80732, 18359, 1144, 48859, 3546, 47496, 88525, 51796, 3546, 3546, 3546, 3546, 51440, 49085, 56773, 82001, 33229, 30381, 18359, 99458, 3546, 47496, 48936, 54718, 67890, 88708, 53400, 33229, 3546, 3546, 13094, 1144, 3546, 3546, 89359, 32428, 22035, 18918, 63171, 18, 26799, 20565, 1144, 3546, 29833, 65621, 50152, 19954, 16969, 1144, 3546, 3546, 3546, 3546, 3546, 3546, 3546, 3546, 13094, 61415, 55170, 3546, 3546, 19954, 62060, 24486, 36609, 34983, 26799, 21028, 1144, 3546, 82068, 1144, 48859, 3546, 94801, 13094, 1144, 48859, 3546, 3546, 52976, 35495, 1144, 3546, 30426, 34983, 1144, 3546, 13447, 10246, 19, 43144, 25, 220, 45398, 3546, 3546, 81673, 220, 45398, 3546, 48859, 16969, 426, 20565, 36609, 34983, 26799, 17835, 27796, 21028, 1144, 3546, 82068, 1144, 48859, 3546, 94801, 18359, 1144, 48859, 90759, 220, 44005, 22035, 21028, 84618, 64189, 19954, 62060, 34983, 79474, 58901, 64432, 3546, 47496, 3546, 48859, 13, 489, 330, 13447, 24140, 1144, 3546, 3546, 3546, 34804, 59777, 34961, 3546, 48859, 3110, 73653, 18359, 1144, 3546, 29833, 36439, 18359, 1144, 3546, 3546, 55925, 41820, 26799, 20565, 1144, 3546, 3546, 89359, 32428, 22035, 63171, 18, 26799, 20565, 1144, 3546, 29833, 47782, 13447, 33390, 1144, 3546, 3546, 34983, 26799, 20565, 1144, 3546, 48859, 30381, 65219, 22035, 51796, 54059, 1144, 3546, 3546, 3546, 3546, 3546, 3546, 3546, 3546, 13094, 61415, 55170, 3546, 3546, 19954, 62060, 24486, 36609, 34983, 26799, 21028, 1144, 3546, 82068, 1144, 48859, 3546, 94801, 13094, 1144, 48859, 3546, 3546, 88525, 51796, 16969, 13447, 35495, 64432, 3546, 3546, 13447, 10246, 20, 43144, 25, 220, 45398, 3546, 3546, 11, 220, 45398, 3546, 3546, 11, 220, 45398, 3546, 48859, 20565, 11, 356, 20565, 36609, 34983, 26799, 17835, 27796, 21028, 1144, 3546, 82068, 1144, 48859, 3546, 94801, 18359, 1144, 48859, 90759, 220, 44005, 22035, 21028, 84618, 64189, 19954, 62060, 34983, 1144, 3546, 3546, 47496, 24486, 67236, 27797, 13094, 55170, 3546, 3546, 79474, 22035, 16969, 51796, 3546, 47496, 3546, 48859, 13, 489, 330, 67945, 3546, 3546, 55421, 34804, 1144, 47496, 80732, 18359, 1144, 48859, 3546, 47496, 24486, 50152, 16969, 1144, 3546, 3546, 3546, 47496, 11, 1144, 47496, 80732, 18359, 1144, 48859, 3546, 47496, 88525, 51796, 3546, 3546, 3546, 3546, 51440, 49085, 56773, 82001, 33229, 30381, 18359, 99458, 3546, 47496, 48936, 54718, 67890, 88708, 53400, 33229, 3546, 3546, 13094, 1144, 3546, 3546, 89359, 32428, 22035, 18918, 63171, 18, 26799, 20565, 1144, 3546, 29833, 65621, 50152, 19954, 16969, 1144, 3546, 3546, 3546, 3546, 3546, 3546, 3546, 3546, 13094, 61415, 55170, 3546, 3546, 19954, 62060, 24486, 36609, 34983, 26799, 21028, 1144, 3546, 82068, 1144, 48859, 3546, 94801, 13094, 1144, 48859, 3546, 3546, 52976, 35495, 1144, 3546, 30426, 34983, 1144, 3546, 13447, 1210, 489, 330, 13447, 24140, 1144, 3546, 3546, 3546, 34804, 59777, 34961, 3546, 48859, 3110, 73653, 18359, 1144, 3546, 29833, 36439, 18359, 1144, 3546, 3546, 55925, 41820, 26799, 20565, 1144, 3546, 3546, 89359, 32428, 22035, 63171, 18, 26799, 20565, 1144, 3546, 29833, 47782, 13447, 33390, 1144, 3546, 3546, 34983, 26799, 20565, 1144, 3546, 48859, 30381, 65219, 22035, 51796, 54059, 1144, 3546, 3546, 3546, 3546, 3546, 3546, 3546, 3546, 13094, 61415, 55170, 3546, 3546, 19954, 62060, 24486, 36609, 34983, 26799, 21028, 1144, 3546, 82068, 1144, 48859, 3546, 94801, 13094, 1144, 48859, 3546, 3546, 88525, 51796, 16969, 13447, 35495, 64432, 3546, 3546, 13447, 1210, 489, 330, 67945, 3546, 3546, 55421, 34804, 1144, 47496, 80732, 18359, 1144, 48859, 3546, 47496, 24486, 50152, 16969, 1144, 3546, 3546, 3546, 47496, 11, 1144, 47496, 80732, 18359, 1144, 48859, 3546, 47496, 88525, 51796, 3546, 3546, 3546, 3546, 51440, 49085, 56773, 82001, 33229, 30381, 18359, 99458, 3546, 47496, 48936, 54718, 67890, 88708, 53400, 33229, 3546, 3546, 13094, 1144, 3546, 3546, 89359, 32428, 22035, 18918, 63171, 18, 26799, 20565, 1144, 3546, 29833, 65621, 50152, 19954, 16969, 1144, 3546, 3546, 3546, 3546, 3546, 3546, 3546, 3546, 13094, 61415, 55170, 3546, 3546, 19954, 62060, 24486, 36609, 34983, 26799, 21028, 1144, 3546, 82068, 1144, 48859, 3546, 94801, 13094, 1144, 48859, 3546, 3546, 52976, 35495, 1144, 3546, 30426, 34983, 1144, 3546, 13447, 10246, 3546, 48859, 3546, 47496, 3546, 37155, 3546, 48859, 25, 220, 20, 43144, 25, 220, 45398, 3546, 3546, 11, 220, 45398, 3546, 3546, 11, 220, 45398, 3546, 48859, 20565, 11, 356, 20565, 36609, 34983, 26799, 17835, 27796, 21028, 1144, 3546, 82068, 1144, 48859, 3546, 94801, 18359, 1144, 48859, 90759, 220, 44005, 22035, 21028, 84618, 64189, 19954, 62060, 34983, 1144, 3546, 3546, 47496, 24486, 67236, 27797, 13094, 55170, 3546, 3546, 79474, 22035, 16969, 51796, 3546, 47496, 3546, 48859, 13]","[-0.0023160721, -4.823269e-05, -0.00067038235, -0.013596845, -0.00041756415, -1.9361265e-07, -0.001039956, -0.013887748, -0.00010247036, 0.0, -3.888926e-06, -1.3856493e-06, -2.0935051e-05, -6.704273e-07, -3.1281633e-07, -4.604148e-06, -1.3856493e-06, -9.0883464e-07, 0.0, -4.3202e-07, -3.1281633e-07, 0.0, -1.9361265e-07, -6.704273e-07, -0.00020163313, -1.8431772e-05, -9.0883464e-07, -1.27099975e-05, -1.8624639e-06, -4.1273333e-06, -6.511407e-06, -1.0280384e-06, -1.7239736e-05, -2.9352968e-06, -1.7432603e-06, -1.9361265e-07, -7.822647e-06, -1.9361265e-07, -1.1398757e-05, -1.9361265e-07, 0.0, -3.1281633e-07, 0.0, 0.0, 0.0, -3.1281633e-07, -1.3856493e-06, -1.4617256e-05, -1.147242e-06, -1.0564331e-05, -1.3544423e-05, -6.2729996e-06, -2.9352968e-06, -4.1273333e-06, -1.9361265e-07, -6.0345924e-06, -4.3202e-07, -0.007512215, -0.7518696, -0.017415104, -0.92551434, -1.8074163e-05, -1.0087517e-05, -5.4385737e-06, -0.000312344, -0.021005435, -4.048445e-05, -1.2948405e-05, -2.1054253e-05, -2.618001e-05, -0.00016778296, -4.3822154e-05, -1.504853e-06, -3.4047454e-05, -1.6240566e-06, -0.0010139953, -0.0013986913, -5.6769813e-06, 0.0, -9.0883464e-07, -1.2664457e-06, -0.0007038529, -0.00033725024, -7.822647e-06, -8.180258e-06, -1.9816675e-06, -2.057744e-05, -3.650519e-06, -1.8550976e-05, 0.0, -1.504853e-06, -5.6576944e-05, -2.3392786e-06, -1.2664457e-06, -8.89548e-06, -3.1281633e-07, -2.3392786e-06, -1.5809293e-05, -0.00066740223, -3.7146747e-05, -8.89548e-06, -1.9361265e-07, -7.89631e-07, -1.2664457e-06, 0.0, 0.0, -3.5313153e-06, -7.89631e-07, -0.00015324011, -3.9292416e-05, -1.9361265e-07, -4.3202e-07, -1.9361265e-07, 0.0, -4.3202e-07, -1.9816675e-06, -3.1281633e-07, 0.0, -1.342522e-05, -1.7432603e-06, -3.6669935e-05, -0.0012974965, -0.0003836021, -0.0001472836, -8.657073e-06, -9.0883464e-07, -5.6769813e-06, -1.3856493e-06, -9.0883464e-07, -3.650519e-06, -4.3202e-07, -3.0545007e-06, -5.6769813e-06, -3.888926e-06, -1.9361265e-07, -1.9361265e-07, 0.0, -0.00014251545, -4.604148e-06, -3.1281633e-07, -1.504853e-06, 0.0, -4.3202e-07, -9.0883464e-07, 0.0, -5.2001665e-06, -8.299462e-06, -1.2664457e-06, -5.5122365e-07, -3.1281633e-07, -7.9418505e-06, -2.3080716e-05, -6.704273e-07, -3.1281633e-07, -1.4378848e-05, -3.1281633e-07, -4.3202e-07, -1.9361265e-07, -3.1281633e-07, 0.0, -3.1281633e-07, -2.577686e-06, -1.9361265e-07, 0.0, -1.7954959e-05, -3.1281633e-07, -1.5451682e-05, -0.0007382771, -1.0280384e-06, -3.1281633e-07, -1.9816675e-06, -0.00030316898, -0.00018041854, -1.247159e-05, -1.9816675e-06, -0.16032091, -0.00028028555, -3.464347e-05, -0.00048513061, -0.00088359555, -6.563642e-05, -3.1281633e-07, -5.7172965e-05, -0.000654774, -2.8325678e-05, -3.1281633e-07, -6.704273e-07, -6.704273e-07, -3.1281633e-07, 0.0, -1.9361265e-07, 0.0, -1.504853e-06, 0.0, -1.9361265e-07, 0.0, 0.0, 0.0, 0.0, 0.0, -1.147242e-06, -9.0883464e-07, -6.704273e-07, -3.1281633e-07, -1.9361265e-07, -4.3202e-07, -4.179569e-05, -5.5122365e-07, -6.704273e-07, -9.0883464e-07, -3.1281633e-07, 0.0, -6.392203e-06, -4.3202e-07, -2.577686e-06, 0.0, -3.1281633e-07, -1.9361265e-07, 0.0, 0.0, 0.0, -1.9361265e-07, -1.9361265e-07, -1.5809293e-05, -1.2664457e-06, -1.504853e-06, -2.4584822e-06, -3.2929079e-06, -1.147242e-06, 0.0, 0.0, -1.9361265e-07, 0.0, -0.008092276, -0.0006544164, -0.0007848527, -0.03209004, -0.00022499338, -0.001992755, 0.0, -3.650519e-06, -1.9361265e-07, -0.0016292405, -0.0001246349, -4.246537e-06, -1.504853e-06, 0.0, -2.5703197e-05, -0.00010783452, -6.704273e-07, -3.888926e-06, -1.8624639e-06, -6.6306106e-06, -8.470901e-05, -9.0883464e-07, -1.2590794e-05, -1.7432603e-06, 0.0, -4.723352e-06, 0.0, 0.0, -6.704273e-07, -5.5122365e-07, 0.0, 0.0, -1.4974867e-05, -1.9361265e-07, -1.1756368e-05, -2.220075e-06, -2.9160103e-05, -2.6968896e-06, -3.1281633e-07, -1.504853e-06, -2.220075e-06, -1.3856493e-06, -0.0003357006, 0.0, 0.0, -1.9027791e-05, -2.220075e-06, 0.0, -3.1281633e-07, -1.9361265e-07, -9.0883464e-07, -6.1537958e-06, -5.9153886e-06, 0.0, -3.1281633e-07, -9.0883464e-07, -9.610702e-06, -1.0280384e-06, -1.504853e-06, -2.8160932e-06, 0.0, 0.0, 0.0, -1.9816675e-06, -9.0883464e-07, 0.0, -2.9352968e-06, 0.0, 0.0, -1.9361265e-07, 0.0, -9.0883464e-07, -2.577686e-06, -2.6968896e-06, 0.0, 0.0, -7.8748824e-05, -1.9361265e-07, -9.0883464e-07, 0.0, 0.0, -1.9361265e-07, -1.9361265e-07, -1.9361265e-07, 0.0, 0.0, 0.0, -1.0280384e-06, 0.0, 0.0, -3.0545007e-06, 0.0, -1.9361265e-07, -9.014684e-06, -9.0883464e-07, -3.1737043e-06, -1.5451682e-05, -2.3392786e-06, -9.0907604e-05, -1.831257e-05, -3.1281633e-07, -0.002195814, -1.0921943e-05, -1.5809293e-05, -6.575563e-05, -0.00048238898, -1.247159e-05, -1.9361265e-07, -1.700133e-05, -0.00043162284, -1.9816675e-06, -1.640531e-05, -3.1281633e-07, -1.3544423e-05, -3.9292416e-05, -5.0139948e-05, -6.704273e-07, -2.6968896e-06, -1.0280384e-06, -9.0883464e-07, -1.9361265e-07, -3.1281633e-07, -3.1281633e-07, -2.1008714e-06, -1.9361265e-07, -3.1281633e-07, -1.9361265e-07, 0.0, 0.0, 0.0, -5.5122365e-07, -6.1537958e-06, -3.888926e-06, -7.89631e-07, -0.00079843093, -1.9361265e-07, -4.723352e-06, -1.8624639e-06, -5.5122365e-07, -7.89631e-07, -4.3202e-07, -0.004577515, -1.9816675e-06, -1.2664457e-06, -7.612634e-05, -5.2001665e-06, -1.9361265e-07, 0.0, 0.0, 0.0, -0.0012947621, -0.0066173193, -0.005094411, -0.022683702, -1.6643718e-05, -6.704273e-07, -1.9361265e-07, -0.0019341123, -0.00025013436, -4.7994283e-05, -1.504853e-06, -2.3392786e-06, -1.2829201e-05, -8.180258e-06, -3.1737043e-06, 0.0, -1.2664457e-06, -1.0280384e-06, -1.6643718e-05, -3.6908343e-05, -2.4584822e-06, -1.9361265e-07, -1.9361265e-07, 0.0, -6.0153056e-05, -1.6524515e-05, -7.465036e-06, -4.246537e-06, -4.3202e-07, -3.0545007e-06, -0.014915887, -7.89631e-07, 0.0, 0.0, -9.014684e-06, -3.1281633e-07, 0.0, -6.704273e-07, 0.0, -1.9361265e-07, -9.0883464e-07, -4.1199673e-05, -3.1281633e-07, -5.5122365e-07, 0.0, -4.3202e-07, -1.504853e-06, 0.0, 0.0, -7.89631e-07, -7.89631e-07, -1.247159e-05, -2.6418418e-05, -1.9361265e-07, -1.3856493e-06, -4.3202e-07, 0.0, -1.9361265e-07, -1.6240566e-06, 0.0, 0.0, -5.6769813e-06, -3.1281633e-07, -2.577686e-06, -1.4498052e-05, -9.0883464e-07, -4.00813e-06, -1.3856493e-06, -9.0883464e-07, -3.888926e-06, -5.5122365e-07, -4.3202e-07, -3.1281633e-07, -3.1281633e-07, -3.1281633e-07, -3.1281633e-07, -3.1281633e-07, 0.0, 0.0, -1.9361265e-07, -1.11603495e-05, -6.704273e-07, 0.0, -1.0280384e-06, 0.0, 0.0, -5.5122365e-07, 0.0, -7.89631e-07, -1.147242e-06, -3.1281633e-07, 0.0, 0.0, -1.147242e-06, -1.147242e-06, -1.3856493e-06, -3.1281633e-07, -9.0883464e-07, -7.89631e-07, -1.9361265e-07, -1.9361265e-07, 0.0, 0.0, -1.9361265e-07, -3.1281633e-07, 0.0, -1.9361265e-07, -9.0883464e-07, 0.0, -1.147242e-06, -0.00013607845, -2.4584822e-06, -1.4617256e-05, -6.704273e-07, -1.3856493e-06, -1.147242e-06, -1.9361265e-07, -1.8624639e-06, -0.42269576, -2.7372049e-05, -1.0564331e-05, -0.00024263552, -5.080963e-06, -0.0001975802, -1.9361265e-07, -6.0153056e-05, -1.0325924e-05, -6.869018e-06, -3.1424974e-05, 0.0, -1.0325924e-05, -2.2365493e-05, -9.233804e-05, -5.5122365e-07, -1.2664457e-06, -4.3202e-07, -4.3202e-07, 0.0, 0.0, 0.0, -1.0280384e-06, 0.0, -1.9361265e-07, 0.0, 0.0, 0.0, 0.0, -3.1281633e-07, -7.107425e-06, -3.1281633e-07, -5.5122365e-07, -7.5411124e-05, 0.0, -5.2001665e-06, -4.3202e-07, -1.9361265e-07, -5.5122365e-07, -1.9361265e-07, -0.00058460707, -1.9361265e-07, -1.3856493e-06, -2.1531068e-05, -4.9617593e-06, -1.9361265e-07, 0.0, 0.0, 0.0, -0.00012642296, -0.00020616286, -0.00015514737, -0.11567527, -9.531814e-05, -7.4576696e-05, 0.0, -3.1281633e-07, -1.9361265e-07, -0.00070838263, -1.0445127e-05, 0.0, -1.504853e-06, 0.0, -6.704273e-07, -1.504853e-06, -1.9361265e-07, 0.0, -7.89631e-07, -3.1281633e-07, -1.3544423e-05, 0.0, -1.3856493e-06, -6.704273e-07, 0.0, -8.89548e-06, 0.0, 0.0, -2.1008714e-06, -7.89631e-07, 0.0, 0.0, -1.7432603e-06, -5.5122365e-07, -9.4914985e-06, -2.1008714e-06, -4.00813e-06, -4.3202e-07, -1.9361265e-07, -6.704273e-07, -1.8624639e-06, -4.3202e-07, -4.604148e-06, 0.0, -3.1281633e-07, -1.7432603e-06, -5.5122365e-07, 0.0, 0.0, -3.1281633e-07, -1.9361265e-07, -4.365741e-06, -1.2664457e-06, 0.0, -1.9361265e-07, -3.1281633e-07, -3.1281633e-07, -9.0883464e-07, -1.9361265e-07, -1.7597347e-05, 0.0, 0.0, -2.1008714e-06, -3.4121115e-06, -3.1281633e-07, 0.0, -1.0280384e-06, 0.0, 0.0, -1.9361265e-07, 0.0, -6.704273e-07, -1.9361265e-07, -7.89631e-07, 0.0, 0.0, -3.1281633e-07, -3.1281633e-07, -3.1281633e-07, -3.1281633e-07, -1.9361265e-07, 0.0, -3.1281633e-07, -1.9361265e-07, 0.0, 0.0, -1.9361265e-07, -1.9361265e-07, 0.0, 0.0, 0.0, 0.0, -1.0280384e-06, -4.1273333e-06, -3.1737043e-06, -2.4584822e-06, -1.4021238e-05, -5.157039e-05, -6.837811e-05, 0.0, 0.0, -0.0004155377, -9.729906e-06, -1.4378848e-05, -6.575563e-05, -5.955704e-05, -0.00029017578, -1.9361265e-07, -1.1398757e-05, -9.3530085e-05, -3.5313153e-06, -0.0001724319, 0.0, -2.5107178e-05, -5.9153886e-06, -4.85903e-05, -7.862962e-05, -1.9361265e-07, -2.4272753e-05, -0.0007834223, -0.020790497, -4.604148e-06, -2.9352968e-06, -5.3193703e-06, -2.3392786e-06, -1.0280384e-06, -1.9361265e-07, -5.5122365e-07, -4.3202e-07, -2.1008714e-06, -1.2664457e-06, -3.1281633e-07, -3.1281633e-07, 0.0, 0.0, -1.9361265e-07, -1.0280384e-06, -6.1106686e-05, -3.5313153e-06, -3.1281633e-07, -0.000104377614, -1.9361265e-07, -1.27099975e-05, -1.147242e-06, -3.888926e-06, -3.1281633e-07, -2.1008714e-06, -0.00082261465, -1.7597347e-05, -1.9816675e-06, -1.147242e-06, 0.0, 0.0, -1.147242e-06, -2.4584822e-06, -3.1281633e-07, -5.5122365e-07, -1.7432603e-06, -1.9816675e-06, 0.0, -1.8624639e-06, -1.6240566e-06, -6.6306106e-06, -2.0219828e-05, -4.3202e-07, -5.5122365e-07, -4.3202e-07, 0.0, -0.0003118672, -0.0001721935, -0.018679405, -0.24554725, -5.9437833e-05, -2.3392786e-06, -1.9361265e-07, -0.0023327132, -0.00022451657, -3.2140193e-05, -1.6240566e-06, -4.3202e-07, -2.5583993e-05, -7.147741e-05, -3.0545007e-06, 0.0, -3.7697225e-06, -1.3856493e-06, -2.1008714e-06, -5.0974373e-05, -4.1273333e-06, 0.0, -1.9361265e-07, -1.9361265e-07, -6.396757e-05, -4.00813e-06, -2.3392786e-06, -1.6240566e-06, -3.1281633e-07, -1.6240566e-06, -1.9361265e-07, 0.0, 0.0, -1.9361265e-07, -1.5451682e-05, -4.3202e-07, 0.0, -1.3856493e-06, 0.0, -3.1281633e-07, -5.5122365e-07, -7.58424e-06, -3.1281633e-07, -7.89631e-07, 0.0, -5.5122365e-07, -3.1281633e-07, 0.0, 0.0, -9.0883464e-07, -1.9816675e-06, -9.133887e-06, -2.5226382e-05, -1.9361265e-07, -4.3202e-07, -1.6240566e-06, 0.0, 0.0, -1.3856493e-06, -3.1281633e-07, 0.0, -2.9352968e-06, -4.3202e-07, -2.220075e-06, -4.9617593e-06, -1.147242e-06, -3.7697225e-06, -1.3856493e-06, -7.89631e-07, -2.4584822e-06, -1.0280384e-06, -7.89631e-07, -7.89631e-07, -4.3202e-07, 0.0, -4.3202e-07, -9.0883464e-07, 0.0, -1.9361265e-07, -4.3202e-07, -4.9617593e-06, -5.5122365e-07, 0.0, -3.1281633e-07, 0.0, -1.9361265e-07, -4.8425554e-06, 0.0, -1.504853e-06, -1.9361265e-07, -4.3202e-07, 0.0, 0.0, -7.89631e-07, -5.5122365e-07, -2.3392786e-06, -4.3202e-07, -5.5122365e-07, -7.89631e-07, -7.89631e-07, -3.1281633e-07, -1.9361265e-07, 0.0, -1.9361265e-07, -3.1281633e-07, 0.0, 0.0, -1.7432603e-06, 0.0, -2.1008714e-06, -3.4121115e-06, -3.7697225e-06, -1.3856493e-06, -6.704273e-07, -1.6240566e-06, -1.504853e-06, -1.9361265e-07, -9.610702e-06, -0.6125041, -0.450506, -0.0005574396, -0.10890125, -0.00042304752, -9.8536635e-05, 0.0, 0.0, 0.0, -3.6073914e-05, -3.4285862e-05, -4.3202e-07, -2.220075e-06, 0.0, -1.2664457e-06, -3.1281633e-07, -3.1281633e-07, -1.0280384e-06, -1.0280384e-06, -1.3856493e-06, -1.7716551e-05, -3.1281633e-07, -7.107425e-06, -2.9352968e-06, 0.0, -1.0564331e-05, -1.9361265e-07, 0.0, -3.0545007e-06, -4.3202e-07, -9.0883464e-07, 0.0, -3.7697225e-06, -5.5122365e-07, -2.319992e-05, -5.4385737e-06, -7.107425e-06, -5.5122365e-07, -7.89631e-07, -2.3392786e-06, -2.6968896e-06, -7.89631e-07, -6.392203e-06, -6.704273e-07, -4.3202e-07, -4.4849444e-06, -1.0280384e-06, 0.0, -4.3202e-07, -3.1281633e-07, -3.1281633e-07, -5.2001665e-06, -3.1281633e-07, 0.0, -4.3202e-07, -5.5122365e-07, -7.89631e-07, -4.246537e-06, -4.3202e-07, -2.58224e-05, 0.0, 0.0, 0.0, -3.5313153e-06, -1.9361265e-07, 0.0, -1.147242e-06, 0.0, 0.0, -4.3202e-07, 0.0, -5.080963e-06, 0.0, -1.7432603e-06, 0.0, 0.0, -1.2664457e-06, -5.5122365e-07, -1.147242e-06, -7.89631e-07, -3.1281633e-07, -1.9361265e-07, -1.504853e-06, -1.9361265e-07, 0.0, -1.3856493e-06, -5.5122365e-07, -4.3202e-07, 0.0, 0.0, 0.0, 0.0, -9.0883464e-07, -5.3193703e-06, -1.4617256e-05, -4.00813e-06, -1.1756368e-05, -2.2007884e-05, -1.7597347e-05, 0.0, -5.5122365e-07, -0.042513877, -0.0028660928, -0.01574457, -0.2907729, -0.00017076306, -1.4378848e-05, -9.960947e-05, -0.004403771, -0.0015628275, -4.9424725e-05, -3.7697225e-06, -2.6656826e-05, -0.00033165133, -0.00014334988, -1.7716551e-05, -6.704273e-07, -0.0011601005, -1.18755715e-05, -7.088138e-05, -0.0001755312, -1.1041146e-05, -1.9361265e-07, -3.1281633e-07, -3.1281633e-07, -0.00040052168, -0.000106284875, -4.00813e-06, -1.9361265e-07, -3.888926e-06, -2.9994528e-05, -1.7432603e-06, -6.704273e-07, 0.0, -1.8624639e-06, -0.00012475411, -2.9352968e-06, -5.5122365e-07, -1.1041146e-05, 0.0, -6.704273e-07, -2.8160932e-06, -8.220573e-05, -1.962381e-05, -5.5577775e-06, 0.0, -2.4584822e-06, -3.650519e-06, 0.0, -1.9361265e-07, -3.464347e-05, -4.1273333e-06, -5.3239244e-05, -5.800739e-05, -5.5122365e-07, -1.3856493e-06, -2.4584822e-06, 0.0, -1.9361265e-07, -4.365741e-06, -9.0883464e-07, 0.0, -5.312004e-05, -1.147242e-06, -1.7716551e-05, -1.5213274e-05, -2.3392786e-06, -7.703444e-06, -4.00813e-06, -3.1737043e-06, -7.465036e-06, -4.246537e-06, -1.8624639e-06, -9.372295e-06, -1.3856493e-06, -3.5313153e-06, -3.0545007e-06, -2.577686e-06, -1.9361265e-07, -1.2664457e-06, -4.3202e-07, -1.1637165e-05, -7.89631e-07, -1.9361265e-07, -1.9816675e-06, 0.0, -1.0280384e-06, -1.9816675e-06, -7.89631e-07, -5.5577775e-06, -1.9361265e-07, -4.1273333e-06, -4.3202e-07, -1.3856493e-06, -2.8325678e-05, -4.8425554e-06, -5.4385737e-06, -3.2929079e-06, -2.1008714e-06, -1.9816675e-06, -1.2664457e-06, -1.147242e-06, -5.5122365e-07, -1.9361265e-07, -1.504853e-06, -1.0206721e-05, -5.5122365e-07, -3.1281633e-07, -6.2729996e-06, 0.0, -1.2113979e-05, -4.6683042e-05, -7.767599e-05, -1.8193366e-05, -1.4259645e-05, -2.4987974e-05, -9.253091e-06, -4.3202e-07, -1.7954959e-05, -0.008822795, -4.954393e-05, 0.0, -1.504853e-06, 0.0, 0.0, -2.6968896e-06, -7.89631e-07, 0.0, -0.00033463142, -0.0023758886, -0.13323621, -1.504853e-06, -0.10468186, -0.0014640314, -2.9279307e-05, -9.0883464e-07, -3.5313153e-06, -0.00010032469, -4.00813e-06, -7.421909e-05, 0.0, -5.4385737e-06, -4.0722858e-05, -9.4914985e-06, -4.2153304e-05, 0.0, -3.0545007e-06, -7.100059e-05, -0.0005613733, -1.4498052e-05, -3.2929079e-06, -3.7697225e-06, -7.89631e-07, -2.577686e-06, -6.704273e-07, -1.9361265e-07, -1.9361265e-07, -2.6968896e-06, 0.0, -3.1281633e-07, -3.1281633e-07, 0.0, 0.0, -1.9361265e-07, -5.5122365e-07, -7.600714e-05, -5.5122365e-07, -9.0883464e-07, -1.0325924e-05, -1.9361265e-07, -1.4498052e-05, -1.504853e-06, 0.0, -5.5122365e-07, -3.1281633e-07, -0.00011725161, -1.3856493e-06, -1.3856493e-06, -1.9361265e-07, -1.9361265e-07, 0.0, -3.888926e-06, -1.7432603e-06, -1.3856493e-06, 0.0, -1.2664457e-06, -1.1994775e-05, 0.0, -1.8624639e-06, -1.9816675e-06, -1.9816675e-06, -6.6306106e-06, -3.650519e-06, -5.5122365e-07, -1.2664457e-06, 0.0, -3.6431527e-05]",0
2025_11_KICE_14-17_3,['3(2)'],"5번: 확충(擴充)되는 + ""인터넷에서의 커뮤니케이션에 주목한 리프킨은 가상 공간에서 자기 표현이 더욱 활발히 이루어진다고 보았다."" 
최종 정답: 5번: 확충(擴充)되는","[20, 43144, 25, 1144, 3546, 3546, 47496, 7, 45398, 3546, 48859, 45398, 3546, 8, 65219, 16969, 489, 330, 32428, 34961, 3546, 48859, 57575, 21028, 1144, 47496, 3546, 3546, 47496, 84136, 3546, 3546, 3546, 13094, 93131, 19954, 56773, 88708, 24486, 58083, 3546, 3546, 3546, 3546, 34804, 36609, 57002, 1144, 48859, 63375, 57575, 65677, 21121, 1144, 3546, 3546, 3546, 13094, 1144, 3546, 3546, 3546, 48859, 1144, 3546, 3546, 3546, 3546, 3546, 3546, 23955, 3546, 47496, 32179, 86351, 13447, 35495, 64432, 3546, 3546, 13447, 1210, 720, 3546, 48859, 3546, 47496, 3546, 37155, 3546, 48859, 25, 220, 20, 43144, 25, 1144, 3546, 3546, 47496, 7, 45398, 3546, 48859, 45398, 3546, 8, 65219, 16969]","[-0.8803826, -3.888926e-06, -0.00026920327, -0.2976186, -0.00030995993, -4.5371802e-05, -0.00012344286, -0.0009700604, -0.00030078492, -1.11603495e-05, -3.1281633e-07, -2.0458236e-05, 0.0, -2.6968896e-06, -0.00035107418, -1.3306016e-05, -0.02572745, -0.006777185, -1.5673532, -0.00018506382, -7.89631e-07, -1.9361265e-07, -1.1592143, -0.04237677, -0.27517167, -1.9027791e-05, -9.0883464e-07, -3.1281633e-07, -1.147242e-06, -5.5122365e-07, -1.3856493e-06, -1.6240566e-06, -1.9361265e-07, -1.7432603e-06, -0.0023228412, -7.9418505e-06, -1.18755715e-05, -4.3202e-07, -2.6968896e-06, -4.7875077e-05, -2.1008714e-06, -3.650519e-06, -6.6306106e-06, -1.9361265e-07, -0.00085239357, -0.000112960275, -9.133887e-06, -0.00010151673, 0.0, -1.9361265e-07, -9.849109e-06, -2.749125e-05, -7.243103e-05, -0.044635102, 0.0, -9.0883464e-07, -7.89631e-07, -5.080963e-06, -0.0009190816, -1.3856493e-06, -1.504853e-06, -6.1537958e-06, 0.0, -3.2929079e-06, -0.00021796036, -6.6306106e-06, -3.5313153e-06, -0.0014909348, -1.9361265e-07, 0.0, -0.0004587903, -1.2352386e-05, -3.1281633e-07, -3.1281633e-07, -0.00032163822, -1.9504607e-05, -1.0280384e-06, -5.7888185e-05, -1.2664457e-06, -1.147242e-06, -1.9361265e-07, -0.0012773768, -0.004078163, -0.0004477117, -1.147242e-06, -7.89631e-07, 0.0, 0.0, -3.4121115e-06, -9.0883464e-07, 0.0, -0.00015812746, -0.00014108501, -4.477578e-05, -8.061054e-06, -0.45244932, -0.00027659023, -7.624555e-05, -9.014684e-06, -6.511407e-06, -1.0206721e-05, -3.106736e-05, -1.9361265e-07, 0.0, -1.2664457e-06, 0.0, -4.1273333e-06, -0.00011629798, -1.7432603e-06]",0
2025_11_KICE_18-21_0,['2(2)'],"1번: ㉠을 보니, 호첩에게 물은 ‘[연고](Bold체)’의 내용은 왕비가 말한 ‘[사연](Bold체)’의 내용과 관련이 있겠군. + ""전장에서 정을선은 호첩이 전한 편지를 읽는다.""
2번: ㉡을 보니, 승상이 황상에게 올린 ‘[상소](Bold체)’에 들어 있는 내용은 ‘이미 아는 바’와 같겠군. + ""승상이 황상에게 올린 ‘[상소](Bold체)’에 들어 있는 내용은 ‘이미 아는 바’와 같겠군.""
3번: ㉡을 보니, 승상은 ‘[사연](Bold체)’의 진상을 밝히는 데에 왕비가 ‘[그놈](Bold체)’의 행위를 알게 된 경위가 중요하다고 생각했겠군. + ""㉡을 보니, 승상은 ‘[사연](Bold체)’의 진상을 밝히는 데에 왕비가 ‘[그놈](Bold체)’의 행위를 알게 된 경위가 중요하다고 생각했겠군.""
4번: ㉡에 대한 왕비의 대답을 보니, 왕비에게 ‘[그놈](Bold체)’의 행위에 대해 제보한 사람이 있었군. + ""왕비 왈 '사촌 오라비가 이르기로 알았노라.'""
5번: ㉡이 제시된 후에 드러난 복록의 상황을 보니, 복록은 자신이 지은 ‘[죄](Bold체)’에 대하여 심리적 중압감을 느꼈겠군. + ""복록이 왕비께 참소하던 연유를 낱낱이 아뢴대 왕비 곁에 있다가 [앙천통곡](Bold체)하시며"" 최종 정답: 5번","[16, 43144, 25, 220, 45398, 3546, 47496, 18359, 64432, 84136, 11, 92143, 3546, 47496, 19954, 58901, 1144, 3546, 3546, 34804, 3451, 58, 3546, 48859, 35495, 9725, 43900, 50643, 8, 529, 21028, 67236, 27797, 34804, 1144, 3546, 71682, 20565, 1144, 3546, 24486, 3451, 58, 56154, 3546, 48859, 9725, 43900, 50643, 8, 529, 21028, 67236, 27797, 54780, 93851, 3546, 47496, 13094, 36439, 3546, 47496, 3546, 48859, 13, 489, 330, 66965, 41953, 57575, 37155, 18359, 3546, 47496, 34804, 92143, 3546, 47496, 13094, 57519, 24486, 1144, 3546, 48859, 22035, 18918, 1144, 3546, 16969, 13447, 10246, 17, 43144, 25, 220, 45398, 3546, 47496, 18359, 64432, 84136, 11, 1144, 48859, 57002, 13094, 1144, 47496, 57002, 19954, 58901, 1144, 3546, 3546, 48859, 3451, 58, 57002, 44690, 9725, 43900, 50643, 8, 529, 19954, 1144, 47496, 32179, 65621, 67236, 27797, 34804, 3451, 13094, 57139, 49508, 16969, 82818, 529, 81673, 79474, 3546, 47496, 3546, 48859, 13, 489, 330, 3546, 48859, 57002, 13094, 1144, 47496, 57002, 19954, 58901, 1144, 3546, 3546, 48859, 3451, 58, 57002, 44690, 9725, 43900, 50643, 8, 529, 19954, 1144, 47496, 32179, 65621, 67236, 27797, 34804, 3451, 13094, 57139, 49508, 16969, 82818, 529, 81673, 79474, 3546, 47496, 3546, 48859, 10246, 18, 43144, 25, 220, 45398, 3546, 47496, 18359, 64432, 84136, 11, 1144, 48859, 57002, 34804, 3451, 58, 56154, 3546, 48859, 9725, 43900, 50643, 8, 529, 21028, 1144, 3546, 57002, 18359, 1144, 3546, 3546, 3546, 3546, 16969, 1144, 3546, 19954, 1144, 3546, 71682, 20565, 3451, 58, 49706, 3546, 3546, 3546, 9725, 43900, 50643, 8, 529, 21028, 1144, 3546, 82001, 18918, 1144, 3546, 58901, 1144, 3546, 44215, 82001, 20565, 72043, 36811, 16582, 13447, 35495, 48918, 3546, 3546, 3546, 3546, 3546, 3546, 47496, 3546, 48859, 13, 489, 330, 45398, 3546, 47496, 18359, 64432, 84136, 11, 1144, 48859, 57002, 34804, 3451, 58, 56154, 3546, 48859, 9725, 43900, 50643, 8, 529, 21028, 1144, 3546, 57002, 18359, 1144, 3546, 3546, 3546, 3546, 16969, 1144, 3546, 19954, 1144, 3546, 71682, 20565, 3451, 58, 49706, 3546, 3546, 3546, 9725, 43900, 50643, 8, 529, 21028, 1144, 3546, 82001, 18918, 1144, 3546, 58901, 1144, 3546, 44215, 82001, 20565, 72043, 36811, 16582, 13447, 35495, 48918, 3546, 3546, 3546, 3546, 3546, 3546, 47496, 3546, 48859, 10246, 19, 43144, 25, 220, 45398, 3546, 47496, 19954, 62060, 24486, 1144, 3546, 71682, 21028, 62060, 3546, 48859, 18359, 64432, 84136, 11, 1144, 3546, 71682, 19954, 58901, 3451, 58, 49706, 3546, 3546, 3546, 9725, 43900, 50643, 8, 529, 21028, 1144, 3546, 82001, 19954, 62060, 34983, 63171, 42771, 24486, 33229, 3546, 3546, 13094, 36439, 3546, 3546, 3546, 48859, 13, 489, 330, 3546, 3546, 71682, 1144, 3546, 364, 56154, 3546, 48859, 3546, 74177, 51440, 71682, 20565, 23955, 3546, 48859, 21121, 17835, 1144, 3546, 3546, 3546, 3546, 48859, 51440, 3238, 702, 20, 43144, 25, 220, 45398, 3546, 47496, 13094, 63171, 30426, 53400, 95415, 19954, 1144, 3546, 61394, 3546, 3546, 1144, 48859, 50764, 21028, 59134, 3546, 47496, 18359, 64432, 84136, 11, 1144, 48859, 50764, 34804, 65677, 83628, 13094, 67890, 34804, 3451, 58, 3546, 47496, 3546, 9725, 43900, 50643, 8, 529, 19954, 62060, 83290, 1144, 3546, 29102, 82068, 72043, 3546, 3546, 3546, 3546, 18359, 1144, 3546, 3546, 3546, 3546, 3546, 3546, 47496, 3546, 48859, 13, 489, 330, 98934, 50764, 13094, 1144, 3546, 71682, 3546, 3546, 3546, 1144, 48859, 44690, 16582, 3546, 3546, 78453, 3546, 47496, 18918, 1144, 48859, 3546, 48859, 13094, 49508, 3546, 47496, 48859, 67945, 1144, 3546, 71682, 1144, 3546, 19954, 91786, 20565, 510, 3546, 3546, 3546, 3546, 3546, 3546, 3546, 47496, 9725, 43900, 50643, 8, 16582, 30426, 3546, 48859, 1, 82273, 3546, 47496, 3546, 37155, 3546, 48859, 25, 220, 20, 43144]","[-0.00026383912, -1.0564331e-05, -0.000511449, -0.038326394, -0.00057936576, 0.0, -0.007258743, -0.0011888029, -1.6882126e-05, -1.8624639e-06, -1.0921943e-05, -6.511407e-06, -1.3663626e-05, 0.0, -3.4121115e-06, 0.0, -2.0815847e-05, -2.8160932e-06, 0.0, -6.1537958e-06, -0.0056080655, -0.5272012, -1.8624639e-06, -3.1281633e-07, -2.3392786e-06, -0.0017770422, -0.00030221537, -3.650519e-06, -0.00035691517, -1.147242e-06, -1.9816675e-06, -5.5122365e-07, 0.0, -1.2664457e-06, -4.3202e-07, 0.0, -3.1281633e-07, -2.1008714e-06, -2.6968896e-06, 0.0, 0.0, -1.3663626e-05, -3.0828953e-05, -4.246537e-06, -2.1008714e-06, 0.0, -1.247159e-05, -1.3856493e-06, -3.4121115e-06, -2.6299214e-05, -6.704273e-07, -1.9361265e-07, -3.7697225e-06, 0.0, -1.9361265e-07, -6.704273e-07, -1.0280384e-06, -1.9361265e-07, -1.3856493e-06, -1.8624639e-06, -7.703444e-06, 0.0, -3.650519e-06, -1.9361265e-07, -0.0069570197, -0.08553803, -0.025404643, -0.97692764, -0.044954132, -1.1637165e-05, -2.9279307e-05, -7.3861476e-05, -4.1273333e-06, -1.0280384e-06, -0.08632095, -2.2127088e-05, -5.7649777e-05, -7.58424e-06, -0.00036084888, -5.085517e-05, -0.00042137867, -6.511407e-06, 0.0, 0.0, -1.9361265e-07, -5.5861725e-05, -1.8624639e-06, -1.9361265e-07, -0.0003675133, -5.955704e-05, -0.01755906, -1.11603495e-05, -6.511407e-06, -0.00021390743, -9.651017e-05, -0.0001659949, 0.0, -0.67288953, -0.009396199, -1.3856493e-06, -1.9361265e-07, -5.080963e-06, -1.7432603e-06, 0.0, -3.1281633e-07, -0.0030607767, -0.0040096613, -4.3202e-07, -2.577686e-06, 0.0, 0.0, -1.3856493e-06, -1.9361265e-07, -4.3202e-07, 0.0, -0.00023321842, -1.0683535e-05, -1.504853e-06, -7.89631e-07, -1.640531e-05, -1.0280384e-06, -1.6240566e-06, -0.0001409658, -1.8624639e-06, 0.0, -6.704273e-07, -1.0206721e-05, -1.9361265e-07, -3.5120287e-05, -1.2664457e-06, -1.9361265e-07, -1.9361265e-07, -0.00033320097, -0.00013464801, -1.9361265e-07, -1.6240566e-06, -7.89631e-07, -3.1281633e-07, -6.337155e-05, -2.6968896e-06, -7.89631e-07, 0.0, -0.000108907356, 0.0, 0.0, -0.0001726703, -0.00038062572, -0.014146232, -2.3630323, -5.5122365e-07, -4.604148e-06, -0.027990673, -0.4543995, -6.635165e-05, -0.00010676169, -0.068335705, -0.00033677343, -0.04232558, -0.0005933052, -0.0022926368, -5.3358446e-05, -0.0875424, -0.9663768, -8.44706e-05, -7.3458323e-06, -0.0022580219, -8.923875e-05, -2.7610455e-05, -0.002302628, -2.9160103e-05, -0.020893594, -0.026748404, -0.0017906129, -0.0005440961, -0.012258034, -0.00043734463, -3.5313153e-06, -0.004429644, -0.0081498595, -0.07158465, -0.01237979, -4.274932e-05, -5.085517e-05, -1.473646e-05, -0.0031994546, -0.034650303, -0.065499626, -0.078997746, -0.00010402, -0.00013393279, -3.7697225e-06, -0.01925536, -1.3544423e-05, -1.4378848e-05, -0.00020961977, -0.00077448937, -0.0004322189, -1.9361265e-07, -0.0028325766, -0.4708382, -9.014684e-06, -1.0280384e-06, -1.3902034e-05, -1.4617256e-05, -5.5122365e-07, -1.9361265e-07, -2.220075e-06, -6.420598e-05, -7.922564e-05, -2.4584822e-06, -2.6968896e-06, 0.0, -1.640531e-05, -1.2664457e-06, -4.1273333e-06, -4.246537e-06, -9.0883464e-07, -3.1281633e-07, -3.1281633e-07, -9.0883464e-07, -2.9352968e-06, -3.1281633e-07, -6.704273e-07, 0.0, -6.704273e-07, 0.0, -3.0545007e-06, -1.6240566e-06, -5.9153886e-06, 0.0, -4.8425554e-06, -4.3202e-07, 0.0, -1.9361265e-07, -3.1281633e-07, -4.1557283e-05, -0.00036263696, -3.888926e-06, -1.7432603e-06, -1.9361265e-07, 0.0, -9.472212e-05, -2.4584822e-06, -2.577686e-06, -1.9816675e-06, -7.89631e-07, -7.89631e-07, -2.4584822e-06, 0.0, -1.9361265e-07, -1.0280384e-06, -2.5226382e-05, -4.723352e-06, -1.9361265e-07, -0.00012356207, 0.0, -2.1531068e-05, -1.147242e-06, -1.9361265e-07, -4.3202e-07, -4.3202e-07, -0.0001819682, -6.704273e-07, 0.0, 0.0, 0.0, 0.0, -1.2664457e-06, -1.700133e-05, -1.6240566e-06, -4.1273333e-06, 0.0, -2.4584822e-06, 0.0, -0.00013870094, -0.00013476722, -0.0017481269, -0.92531604, -1.0683535e-05, -0.0029692613, -0.5643539, -7.743759e-05, -0.0011779664, -0.0010611523, -0.077590205, -3.4121115e-06, -2.220075e-06, -0.008019556, -0.0021253994, -0.034644205, -0.00021772196, -2.5703197e-05, 0.0, -0.00025371046, -6.511407e-06, -5.9153886e-06, -6.0391463e-05, -3.0545007e-06, -1.3902034e-05, -0.000110457004, -3.3093824e-05, -9.639097e-05, -3.1424974e-05, -1.998142e-05, 0.0, -0.0002321456, 0.0, -7.302705e-05, -0.0011210457, -0.0002550217, 0.0, -4.692145e-05, -3.6669935e-05, -2.577686e-06, -9.0883464e-07, -2.2842309e-05, -0.00022296692, -0.00074756396, -3.8696395e-05, -5.9153886e-06, -1.8624639e-06, 0.0, -7.886803e-05, -4.723352e-06, -3.1737043e-06, -4.036525e-05, -2.577686e-06, -1.11603495e-05, -8.061054e-06, -1.9816675e-06, -5.080963e-06, -0.00017827288, -2.868329e-05, -3.5313153e-06, -0.00014001218, -7.255024e-05, 0.0, -0.00014346908, -1.3544423e-05, -5.5265704e-05, -3.888926e-06, -5.5122365e-07, -0.0017176621, -0.00025716738, -8.44706e-05, -4.1273333e-06, -5.080963e-06, 0.0, -8.43514e-05, -1.9146995e-05, -0.00011856285, -0.00011856285, -1.9361265e-07, -6.749814e-06, 0.0, -0.0015096203, -2.7133641e-05, -9.133887e-06, -0.00020246755, -8.418666e-06, -0.00039576087, 0.0, -4.5491004e-05, -1.9361265e-07, -3.1281633e-07, 0.0, 0.0, 0.0, -1.9361265e-07, 0.0, -9.0883464e-07, -1.0683535e-05, 0.0, -2.8160932e-06, -1.0280384e-06, 0.0, -1.2664457e-06, -3.1281633e-07, 0.0, -1.9361265e-07, -5.5122365e-07, -1.9361265e-07, -5.276243e-05, -0.00019483852, -1.0280384e-06, -9.0883464e-07, -1.9361265e-07, 0.0, -2.7610455e-05, -2.3392786e-06, -2.4584822e-06, -4.3202e-07, -1.6240566e-06, -3.1281633e-07, -1.147242e-06, 0.0, 0.0, -1.9361265e-07, -5.5122365e-07, 0.0, -1.9361265e-07, -4.365741e-06, 0.0, 0.0, 0.0, 0.0, 0.0, -1.9361265e-07, 0.0, -4.3202e-07, -0.009576757, 0.0, -0.00013488642, -9.3530085e-05, -0.00087585096, -0.27258462, -0.00017755765, -5.5122365e-07, -0.028525721, -7.851042e-05, -0.280953, -0.00030257297, -2.9517714e-05, -1.7432603e-06, 0.0, -9.4914985e-06, -1.3186812e-05, -8.061054e-06, -4.723352e-06, -4.9424725e-05, -0.00069825765, -6.704273e-07, -6.392203e-06, -3.1281633e-07, -7.3458323e-06, -5.5122365e-07, -4.365741e-06, -5.080963e-06, -6.46828e-05, 0.0, -5.6769813e-06, -0.008136387, -0.00691038, -5.080963e-06, -1.735894e-05, -3.5716304e-05, -1.962381e-05, -0.00047035306, 0.0, -2.9160103e-05, -9.996708e-05, -3.1281633e-07, 0.0, -1.9361265e-07, 0.0, 0.0, -1.9361265e-07, -5.6769813e-06, 0.0, -2.3392786e-06, 0.0, -3.0545007e-06, -1.9361265e-07, 0.0, -3.1281633e-07, 0.0, 0.0, 0.0, -9.0883464e-07, -1.9361265e-07, 0.0, -3.7697225e-06, -4.3202e-07, 0.0, -4.3202e-07, -1.9361265e-07, -1.9361265e-07, -7.89631e-07, -5.5122365e-07, -3.5313153e-06, -1.2664457e-06, -0.00020592446, -3.7742768e-05, -3.650519e-06, -1.9361265e-07, 0.0, -0.0001508597, -4.4849444e-06, -3.2929079e-06, -7.076218e-05, -2.6968896e-06, -1.9361265e-07, 0.0, -3.1281633e-07, -5.5122365e-07, -7.89631e-07, 0.0, -1.9361265e-07, -1.504853e-06, -1.2664457e-06, 0.0, -4.3202e-07, -7.89631e-07, -1.9361265e-07, -2.4584822e-06, 0.0, 0.0, -5.3193703e-06, -1.9361265e-07, -1.0280384e-06, -4.365741e-06, 0.0, -4.3202e-07, 0.0, -0.00017052464, -9.817902e-05, -0.0012499966, -0.89184844, -9.0883464e-07, -0.3280801, -0.3415987, -0.00023131118, -1.11603495e-05, -0.08272966, -3.7623562e-05, 0.0, -0.0001530017, -9.610702e-06, -1.2113979e-05, -4.246537e-06, -2.1650272e-05, -1.0280384e-06, -0.00014692599, -8.657073e-06, -2.3392786e-06, -6.0345924e-06, -5.3193703e-06, -3.0545007e-06, -1.2829201e-05, -1.9361265e-07, -1.6643718e-05, -2.1769476e-05, -6.49212e-05, -4.3202e-07, -0.0001724319, -0.00022117885, -0.0067711417, -1.9361265e-07, -6.1537958e-06, -0.0006682367, -7.89631e-07, -1.3856493e-06, -0.00024989594, -1.2664457e-06, -0.05031454, -4.3226137e-05, -4.7875077e-05, -1.3544423e-05, -8.180258e-06, -2.9517714e-05, -1.9361265e-07, -0.00034428327, -3.1281633e-07, -0.005775323, -5.3954464e-05, -2.868329e-05, -0.00036502103, -0.00013011828, -2.9636918e-05, -3.1737043e-06, 0.0, -1.3679287, -1.3316818, -5.5122365e-07, -0.001233088, 0.0, -1.5928495e-05, -1.0280384e-06, 0.0, -0.00019877224, -0.005160582, -0.10384443, -2.4584822e-06]",0
2025_11_KICE_18-21_1,['4(2)'],"1번: 누명이 벗겨지면서, 누명을 썼던 인물은 자신의 어리석음을 탓하고 있다. + ""이것이 꿈인가 생시인가 구년지수의 해 같고 칠년대한의 빗발같이 바라더니 지금 구덩이에서 만날 줄 알았으리까. 승상은 나의 누명을 씻겨 주소서.""
2번: 누명을 쓴 인물의 요청으로 남주인공은 누명을 씌운 인물의 처벌을 유보한다 + ""왕비는 월매를 문초한다.""
3번: 누명의 내용은 누명을 쓴 인물이 남몰래 자신의 처소에서 벗어나 구덩이에 있다는 사실이다. + ""한데 종을 불러 월매를 업히고 구덩이를 찾아가 보니 부인이 아기를 안고 있거늘 아기는 잠을 깊이 들었는지라.""
4번: 누명을 씌우기 위한 계략에는 누명을 쓰는 인물을 특정 장소로 가게 하는 것이 포함되어 있다. + ""정렬부인이 승상의 호통 소리를 듣고 똥을 한 무더기를 싸고 자빠졌는지라.""
5번: 누명이 벗겨지는 계기는 남주인공이 자신의 어머니가 극단적 선택을 하겠다는 것을 만류한 것이다. + ""얼굴이 상한 금섬의 시신이 발견되자 왕비는 월매를 문초한다.""

최종 정답: 1번 (누명이 벗겨지면서, 누명을 썼던 인물은 자신의 어리석음을 탓하고 있다)","[16, 43144, 25, 1144, 3546, 3546, 80732, 13094, 1144, 3546, 3546, 47496, 22035, 33390, 27796, 11, 1144, 3546, 3546, 80732, 18359, 1144, 3546, 3546, 3546, 3546, 59777, 3546, 3546, 3546, 34804, 65677, 83628, 21028, 1144, 48859, 29102, 3546, 3546, 49531, 18359, 1144, 3546, 16582, 35495, 91786, 13, 489, 330, 13094, 3546, 3546, 13094, 1144, 3546, 3546, 32428, 20565, 48918, 30426, 32428, 20565, 59877, 3546, 3546, 22035, 24140, 21028, 61816, 79474, 35495, 1144, 47496, 3546, 3546, 67945, 24486, 21028, 1144, 48859, 3546, 3546, 3546, 3546, 3546, 13094, 82818, 51440, 3546, 3546, 84136, 67890, 3546, 3546, 59877, 3546, 47496, 13094, 57575, 63207, 3546, 47496, 1144, 3546, 1144, 3546, 3546, 3546, 34609, 29102, 3546, 3546, 13, 1144, 48859, 57002, 34804, 74618, 21028, 1144, 3546, 3546, 80732, 18359, 1144, 3546, 3546, 3546, 47496, 56773, 44690, 27796, 10246, 17, 43144, 25, 1144, 3546, 3546, 80732, 18359, 1144, 3546, 48859, 59777, 3546, 3546, 3546, 21028, 87097, 3546, 3546, 43139, 1144, 47496, 55430, 32428, 79225, 34804, 1144, 3546, 3546, 80732, 18359, 1144, 3546, 3546, 94772, 59777, 3546, 3546, 3546, 21028, 72747, 3546, 3546, 18359, 1144, 47496, 42771, 52976, 489, 330, 3546, 3546, 71682, 16969, 1144, 3546, 3546, 47496, 18918, 54535, 3546, 48859, 52976, 10246, 18, 43144, 25, 1144, 3546, 3546, 80732, 21028, 67236, 27797, 34804, 1144, 3546, 3546, 80732, 18359, 1144, 3546, 48859, 59777, 3546, 3546, 3546, 13094, 1144, 47496, 3546, 48859, 54542, 65677, 83628, 21028, 72747, 44690, 57575, 1144, 3546, 32179, 61415, 59877, 3546, 47496, 13094, 19954, 91786, 16969, 33229, 3546, 47496, 13094, 13447, 13, 489, 330, 24486, 3546, 3546, 99458, 18359, 1144, 48859, 61394, 1144, 3546, 3546, 47496, 18918, 1144, 3546, 3546, 3546, 3546, 35495, 59877, 3546, 47496, 13094, 18918, 1144, 3546, 54059, 20565, 64432, 84136, 86503, 32428, 13094, 49508, 21121, 18918, 96270, 35495, 36439, 93292, 3546, 3546, 49508, 21121, 16969, 1144, 47496, 18359, 1144, 48859, 3546, 13094, 1144, 47496, 3546, 3546, 16969, 22035, 51440, 10246, 19, 43144, 25, 1144, 3546, 3546, 80732, 18359, 1144, 3546, 3546, 41381, 21121, 46810, 24486, 95303, 3546, 48859, 19954, 16969, 1144, 3546, 3546, 80732, 18359, 1144, 3546, 48859, 16969, 59777, 3546, 3546, 3546, 18359, 1144, 3546, 48859, 30381, 1144, 47496, 44690, 17835, 36609, 58901, 220, 44005, 72208, 13094, 99969, 79053, 65219, 32179, 91786, 13, 489, 330, 30381, 3546, 3546, 64189, 32428, 13094, 1144, 48859, 57002, 21028, 92143, 3546, 3546, 1144, 3546, 29102, 18918, 1144, 47496, 35495, 1144, 3546, 47496, 18359, 62398, 1144, 3546, 3546, 3546, 21121, 18918, 1144, 48859, 35495, 65677, 3546, 48859, 47496, 3546, 47496, 3546, 16969, 22035, 51440, 10246, 20, 43144, 25, 1144, 3546, 3546, 80732, 13094, 1144, 3546, 3546, 47496, 22035, 16969, 95303, 21121, 16969, 1144, 47496, 55430, 32428, 79225, 13094, 65677, 83628, 21028, 1144, 48859, 3546, 47496, 48859, 84136, 20565, 1144, 48859, 48859, 3546, 47496, 82068, 87138, 18359, 55000, 3546, 47496, 13447, 16969, 72208, 18359, 63207, 99029, 24486, 72208, 13094, 13447, 13, 489, 330, 3546, 3546, 3546, 48859, 13094, 59134, 24486, 1144, 3546, 3546, 3546, 21028, 45618, 83628, 13094, 97096, 3546, 3546, 65219, 26799, 1144, 3546, 71682, 16969, 1144, 3546, 3546, 47496, 18918, 54535, 3546, 48859, 52976, 2266, 3546, 48859, 3546, 47496, 3546, 37155, 3546, 48859, 25, 220, 16, 43144, 320, 3546, 3546, 3546, 80732, 13094, 1144, 3546, 3546, 47496, 22035, 33390, 27796, 11, 1144, 3546, 3546, 80732, 18359, 1144, 3546, 3546, 3546, 3546, 59777, 3546, 3546, 3546, 34804, 65677, 83628, 21028, 1144, 48859, 29102, 3546, 3546, 49531, 18359, 1144, 3546, 16582, 35495, 91786, 8]","[-0.011448248, -8.418666e-06, -0.00037478472, -0.0026258351, -1.7120534e-05, -9.253091e-06, -3.1281633e-07, -5.5623317e-05, -3.5313153e-06, 0.0, -4.246537e-06, 0.0, -3.1281633e-07, -0.00015776986, -1.8624639e-06, -4.00813e-06, -8.657073e-06, 0.0, -4.3202e-07, -1.9361265e-07, -6.704273e-07, -1.9361265e-07, -0.0022664708, 0.0, 0.0, -1.9361265e-07, -7.89631e-07, -3.1737043e-06, 0.0, 0.0, -6.704273e-07, -9.0883464e-07, -1.3856493e-06, -4.3202e-07, -6.704273e-07, -7.89631e-07, -8.061054e-06, -1.9361265e-07, 0.0, -7.89631e-07, -4.3202e-07, -4.3202e-07, 0.0, -3.1281633e-07, -1.147242e-06, -4.7755875e-05, -0.0026047912, -0.9290634, -0.00062308414, -3.4245734, -0.0050368826, -7.9418505e-06, -3.1281633e-07, -5.3358446e-05, -5.2001665e-06, -1.3856493e-06, -1.1756368e-05, -6.511407e-06, -7.3458323e-06, -0.00021843717, -4.298773e-05, -3.5313153e-06, -0.002608833, -6.301394e-05, -1.7432603e-06, -9.1742026e-05, -1.0802739e-05, -3.7697225e-06, -3.0471343e-05, -9.1026806e-05, -4.2272506e-05, -0.00022761585, 0.0, -3.2929079e-06, -1.9361265e-07, -3.1424974e-05, -3.4121115e-06, -3.297462e-05, -0.007736531, -6.82589e-05, -7.3458323e-06, -4.604148e-06, -1.9361265e-07, -2.7968066e-05, -4.3202e-07, -1.0087517e-05, -8.1371305e-05, -2.8206474e-05, -3.750436e-05, -2.3392786e-06, -4.7994283e-05, -0.006678783, 0.0, 0.0, -4.1273333e-06, -0.002615371, 0.0, -8.029847e-05, -4.8425554e-06, -2.057744e-05, -1.640531e-05, -9.610702e-06, -4.246537e-06, 0.0, -1.7432603e-06, -2.1008714e-06, 0.0, 0.0, -3.9650025e-05, -4.3202e-07, -0.00035691517, 0.0, -0.020442378, -0.0008182041, -9.253091e-06, -5.7961847e-06, -2.6968896e-06, -1.1994775e-05, -5.5122365e-07, -0.028434074, -0.0008807347, -3.0545007e-06, -1.1637165e-05, -6.992776e-05, -3.1281633e-07, 0.0, -5.5122365e-07, -1.4021238e-05, -3.7697225e-06, -0.000258121, -4.4849444e-06, -6.4802e-05, -1.0162469, -0.029149182, -7.612634e-05, -0.0034998115, -0.023031272, -0.00020675888, -0.0015261677, -1.0445127e-05, -0.0015283134, -7.58424e-06, -0.026442528, -0.00062570296, -2.1008714e-06, 0.0, 0.0, 0.0, -0.0006825301, -1.6240566e-06, -3.1281633e-07, 0.0, 0.0, -5.5577775e-06, -3.1281633e-07, -2.2007884e-05, -1.3663626e-05, -3.750436e-05, -3.1281633e-07, -1.3067608e-05, -1.9361265e-07, 0.0, -1.9361265e-07, -3.1281633e-07, -2.6968896e-06, 0.0, -5.5122365e-07, -3.1281633e-07, -7.89631e-07, -9.0883464e-07, 0.0, 0.0, -2.4584822e-06, -7.89631e-07, -3.059055e-05, 0.0, -7.89631e-07, -1.3856493e-06, -3.1281633e-07, -6.704273e-07, -9.729906e-06, -0.27577335, -0.18153647, -2.8598416, -0.0016851745, -1.378283e-05, -2.369606, -0.1844494, -0.00020687809, -7.183501e-05, -7.3458323e-06, -0.00034464084, -0.004140972, -0.001167603, -3.888926e-06, -0.03497682, -0.45857882, -6.15835e-05, -9.729906e-06, -0.00066096894, -0.006466194, -5.3193703e-06, -7.89631e-07, 0.0, -1.342522e-05, -7.89631e-07, -3.1281633e-07, -5.5122365e-07, -3.8338785e-05, -5.5122365e-07, -9.0883464e-07, -1.9361265e-07, -2.1008714e-06, -7.89631e-07, -0.0007044489, -2.577686e-06, -1.9361265e-07, -1.9361265e-07, 0.0, 0.0, -4.8425554e-06, -2.8921695e-05, -2.1008714e-06, -1.9743013e-05, -1.2664457e-06, 0.0, -4.3202e-07, -6.704273e-07, -2.9352968e-06, -6.704273e-07, -7.226629e-06, -5.080963e-06, -1.9361265e-07, 0.0, 0.0, -1.3856493e-06, -7.226629e-06, -7.89631e-07, 0.0, -4.3822154e-05, -0.03386041, -3.4121115e-06, -3.1281633e-07, -1.147242e-06, -1.9361265e-07, 0.0, -6.6232446e-05, -4.3202e-07, -0.018080406, -0.005966954, -0.00097137166, -1.5525339, -0.00024906153, -1.998142e-05, -4.7818265, -0.0013433276, -7.302705e-05, -1.9361265e-07, -3.1281633e-07, -0.0006008114, -1.2664457e-06, -4.8425554e-06, -1.9361265e-07, -7.822647e-06, -2.9279307e-05, -2.2365493e-05, -3.6789137e-05, -4.246537e-06, -6.0272258e-05, -3.4121115e-06, -1.8550976e-05, -2.2723105e-05, -7.89631e-07, -1.3306016e-05, -7.58424e-06, -1.2664457e-06, -7.89631e-07, -1.3856493e-06, -1.2233183e-05, -0.00037657277, -1.2664457e-06, -0.0001470452, -9.849109e-06, -1.7432603e-06, -3.1186566e-05, -3.8696395e-05, -2.4584822e-06, -1.3856493e-06, -3.4121115e-06, -3.5716304e-05, -1.50940705e-05, -1.2664457e-06, -2.319992e-05, -0.05783575, -7.58424e-06, -6.2729996e-06, -1.147242e-06, -7.89631e-07, -6.511407e-06, -3.5313153e-06, 0.0, -5.7961847e-06, -2.4584822e-06, -6.194111e-05, -0.00010151673, -3.7385154e-05, -0.00022344373, -1.3663626e-05, -1.7478143e-05, -3.888926e-06, -1.1292392, -2.7848862e-05, -1.9743013e-05, -0.00030674142, -0.00043770226, -3.1281633e-07, -3.1281633e-07, -1.9361265e-07, -1.7432603e-06, -5.5122365e-07, -1.2664457e-06, 0.0, -1.9361265e-07, -1.7432603e-06, -9.0883464e-07, -1.9361265e-07, -3.5313153e-06, -2.7133641e-05, 0.0, -7.89631e-07, -2.3392786e-06, -1.0206721e-05, -1.147242e-06, 0.0, -1.9361265e-07, -2.8160932e-06, -1.2664457e-06, -1.7120534e-05, -9.805982e-05, -9.0883464e-07, -3.1281633e-07, 0.0, 0.0, 0.0, -5.6769813e-06, -4.3202e-07, 0.0, 0.0, -1.9361265e-07, -1.8624639e-06, 0.0, -3.0545007e-06, -4.3202e-07, -3.5313153e-06, -2.577686e-06, -0.00038801268, -3.1281633e-07, -3.1281633e-07, -1.9361265e-07, -2.4584822e-06, -4.3202e-07, -1.9361265e-07, 0.0, -2.9352968e-06, -0.0071178917, -0.00046749215, -0.004619053, -3.9262066, -0.057196606, -4.00813e-06, -7.255024e-05, -7.3458323e-06, -0.1340861, -0.0057696346, -5.9153886e-06, -7.58424e-06, -0.027895624, -6.337155e-05, -5.3193703e-06, -3.4121115e-06, -5.6219335e-05, 0.0, -5.4385737e-06, -4.894791e-05, -1.2664457e-06, -0.0001755312, -2.1008714e-06, -0.00035286226, -0.0001563394, -1.0802739e-05, -4.9617593e-06, -0.0012833296, -7.886803e-05, -1.9816675e-06, -1.8193366e-05, -4.604148e-06, -2.2603901e-05, -2.9279307e-05, -6.392203e-06, 0.0, -1.700133e-05, -6.511407e-06, -0.00022213248, -1.7432603e-06, -5.2001665e-06, -0.0021713169, -6.511407e-06, -5.5122365e-07, -6.575563e-05, -2.5703197e-05, -2.9352968e-06, -0.034883343, -1.8431772e-05, -3.2140193e-05, -9.8536635e-05, -0.00017171667, -7.89631e-07, -4.3202e-07, -1.9361265e-07, -1.9361265e-07, -5.5122365e-07, 0.0, -7.89631e-07, -1.9361265e-07, 0.0, -5.5122365e-07, -1.6240566e-06, 0.0, -3.4121115e-06, -7.703444e-06, -3.1281633e-07, -1.1041146e-05, -3.4047454e-05, -0.00013536324, -7.89631e-07, -9.0883464e-07, -1.9361265e-07, -9.0883464e-07, -3.1281633e-07, -1.0206721e-05, -0.00010580806, 0.0, -4.3202e-07, -3.1281633e-07, -3.1281633e-07, -6.704273e-07, -1.9361265e-07, 0.0, -3.1424974e-05, 0.0, -3.1737043e-06, -1.4140442e-05, -7.89631e-07, -4.3202e-07, -2.3795938e-05, 0.0, 0.0, -1.9361265e-07, -1.9361265e-07, -4.3202e-07, -9.0883464e-07, -7.89631e-07, -7.89631e-07, -1.9361265e-07, -3.4121115e-06, -1.3856493e-06, -0.0067426045, -0.0043120226, -0.011808337, -9999.0, -0.0027117957, -0.0008747782, -1.6166903e-05, -1.4974867e-05, -7.58424e-06, -1.4051294, -9.031158e-05, -1.9361265e-07, -0.00091122516, -7.89631e-07, -1.1756368e-05, -4.6802244e-05, -6.1537958e-06, -4.4849444e-06, -4.3202e-07, -3.1281633e-07, -9.0883464e-07, -6.0345924e-06, -7.3458323e-06, -0.011219351, -2.577686e-06, -1.8624639e-06, -0.00034225677, -0.00011117222, -2.8160932e-06, -1.6166903e-05, -4.3202e-07, -4.365741e-06, -4.1199673e-05, -0.00022332452, -1.0280384e-06, -0.0010492429, -1.5728277, -3.750436e-05, 0.0, -5.5122365e-07, -4.8425554e-06, 0.0, -5.4385737e-06, -6.704273e-07, 0.0, -0.00015347853, -5.9914648e-05, -5.8245798e-05, -1.0280384e-06, -1.8332181, -0.00074626005, -6.408677e-05, -3.3213026e-05, -1.9816675e-06, -2.0339032e-05, -2.4749568e-05, -1.0280384e-06, -1.569009e-05, 0.0, -1.9361265e-07, -5.5122365e-07, -1.7432603e-06, -6.869018e-06, -1.831257e-05, 0.0, -3.1281633e-07, -1.9361265e-07, -4.3202e-07, -1.0280384e-06, -3.750436e-05, 0.0, 0.0, -5.5122365e-07, -5.5122365e-07, -9.0883464e-07, -1.9361265e-07, 0.0, -1.504853e-06, -1.9361265e-07, -1.8074163e-05, 0.0, -3.1281633e-07, 0.0, -1.0280384e-06, -1.0280384e-06, 0.0, -1.9361265e-07, -9.0883464e-07, 0.0, 0.0, -4.3202e-07, -1.9816675e-06, -3.3809047e-05, -2.9811954]",0
2025_11_KICE_18-21_2,['1(2)'],"1번: 인물A: 원수 / 인물B: 중군장 / 소통의 내용: A가 B에게 군사를 이끌고 가 서융을 사로잡으라고 명령함. ""(원수가 대경하여 호첩을 불러 연고를 물으시고 인하여 중군장에게 분부하시되 ‘나는 집에 변이 있어 먼저 가니 중군장은 차후에 인솔하여 오라.’ 하고 밤낮 삼 일 만에 득달하니 이때에 왕비의 시비 월매가 종시 토설치 아니하매 매를 많이 맞고 여쭈오되"")
2번: 인물A: 승상 / 인물B: 월매 / 소통의 내용: A가 B에게 충렬부인이 있는 곳이 어디인지 물음. ""(월매 인사를 모르다가 승상을 보고 방성통곡 왈 “승상은 바삐 충렬부인을 살리소서.”)""
3번: 인물A: 옥졸 / 인물B: 금연 / 소통의 내용: B가 A로부터 옥중 시신의 정체와 관련한 정보를 얻음. ""(금연이 흉계를 꾸민 일과 월매가 당하던 고초를 낱낱이 아뢰었다.)""
4번: 인물A: 옥졸 / 인물B: 승상 / 소통의 내용: A가 B에게, 금연이 옥중 시신에 대하여 발설했을 것이라는 의혹을 제기함. ""(금연이 하릴없어 바로 아뢰나니라 하고 정렬부인 하던 말이며)""
5번: 인물A: 금연 / 인물B: 승상 / 소통의 내용: B가 A로부터 정렬부인이 거짓으로 앓아누웠었다는 정보를 얻음. ""(승상이 정렬부인을 결박하여 땅에 꿇리고 크게 노하여 왈)"" 

최종 정답: 4번 - 인물A: 옥졸 / 인물B: 승상 / 소통의 내용: A가 B에게, 금연이 옥중 시신에 대하여 발설했을 것이라는 의혹을 제기함. ""(금연이 하릴없어 바로 아뢰나니라 하고 정렬부인 하던 말이며)""","[16, 43144, 25, 59777, 3546, 3546, 3546, 32, 25, 1144, 3546, 24140, 611, 59777, 3546, 3546, 3546, 33, 25, 72043, 3546, 48859, 41953, 611, 1144, 3546, 3546, 3546, 21028, 67236, 27797, 25, 362, 20565, 426, 19954, 58901, 1144, 48859, 48859, 56154, 18918, 23955, 3546, 3546, 3546, 35495, 36609, 90960, 3546, 48859, 18359, 33229, 17835, 3546, 47496, 34609, 51440, 35495, 1144, 3546, 3546, 48859, 79053, 13, 12262, 55421, 24140, 20565, 62060, 66406, 83290, 92143, 3546, 47496, 18359, 1144, 48859, 61394, 78453, 35495, 18918, 1144, 3546, 3546, 34609, 30426, 35495, 59777, 83290, 72043, 3546, 48859, 41953, 19954, 58901, 1144, 3546, 64189, 16582, 30426, 65219, 3451, 61415, 16969, 1144, 3546, 19954, 47419, 13094, 36439, 32179, 1144, 47496, 3546, 3546, 3546, 36609, 84136, 72043, 3546, 48859, 41953, 34804, 1144, 47496, 3546, 3546, 19954, 59777, 3546, 3546, 83290, 74177, 51440, 14639, 55000, 35495, 1144, 47496, 3546, 3546, 1144, 3546, 3546, 84656, 63207, 19954, 1144, 3546, 3546, 3546, 16582, 84136, 23955, 3546, 3546, 19954, 1144, 3546, 71682, 21028, 45618, 71682, 1144, 3546, 3546, 47496, 20565, 99458, 30426, 1144, 3546, 47496, 3546, 47496, 60798, 49508, 84136, 16582, 3546, 47496, 1144, 47496, 18918, 1144, 3546, 13094, 1144, 3546, 35495, 84618, 3546, 3546, 3546, 58368, 65219, 1158, 17, 43144, 25, 59777, 3546, 3546, 3546, 32, 25, 1144, 48859, 57002, 611, 59777, 3546, 3546, 3546, 33, 25, 1144, 3546, 3546, 47496, 611, 1144, 3546, 3546, 3546, 21028, 67236, 27797, 25, 362, 20565, 426, 19954, 58901, 1144, 47496, 3546, 3546, 64189, 32428, 13094, 65621, 1144, 48859, 13094, 1144, 48859, 90335, 32428, 22035, 1144, 3546, 3546, 49531, 13, 12262, 3546, 3546, 3546, 47496, 59777, 56154, 18918, 55170, 3546, 48859, 13447, 20565, 1144, 48859, 57002, 18359, 64432, 35495, 75908, 33931, 3546, 3546, 3546, 47496, 1144, 3546, 1054, 3546, 48859, 57002, 34804, 82818, 3546, 3546, 1144, 47496, 3546, 3546, 64189, 32428, 18359, 1144, 3546, 48859, 29102, 44690, 27796, 2029, 13251, 18, 43144, 25, 59777, 3546, 3546, 3546, 32, 25, 1144, 47496, 3546, 47496, 48859, 611, 59777, 3546, 3546, 3546, 33, 25, 1144, 3546, 3546, 48859, 611, 1144, 3546, 3546, 3546, 21028, 67236, 27797, 25, 426, 20565, 362, 17835, 64189, 34961, 1144, 47496, 3546, 3546, 45618, 83628, 21028, 37155, 50643, 81673, 93851, 3546, 47496, 24486, 61139, 18918, 1144, 3546, 49531, 13, 12262, 3546, 3546, 3546, 48859, 13094, 1144, 3546, 3546, 3546, 3546, 18918, 1144, 3546, 48859, 3546, 3546, 84656, 54780, 1144, 3546, 3546, 47496, 20565, 1144, 48859, 16582, 3546, 3546, 1144, 47496, 3546, 48859, 18918, 1144, 48859, 3546, 48859, 13094, 49508, 3546, 47496, 48859, 3546, 3546, 6266, 702, 19, 43144, 25, 59777, 3546, 3546, 3546, 32, 25, 1144, 47496, 3546, 47496, 48859, 611, 59777, 3546, 3546, 3546, 33, 25, 1144, 48859, 57002, 611, 1144, 3546, 3546, 3546, 21028, 67236, 27797, 25, 362, 20565, 426, 19954, 58901, 11, 1144, 3546, 3546, 48859, 13094, 1144, 47496, 3546, 3546, 45618, 83628, 19954, 62060, 83290, 97096, 3546, 47496, 3546, 3546, 18359, 72208, 13094, 51440, 16969, 1144, 3546, 3546, 48859, 18359, 63171, 21121, 79053, 13, 12262, 3546, 3546, 3546, 48859, 13094, 55000, 3546, 48859, 3546, 3546, 32179, 82818, 17835, 49508, 3546, 47496, 48859, 61415, 84136, 51440, 55000, 35495, 37155, 3546, 3546, 64189, 32428, 55000, 3546, 3546, 1144, 3546, 13094, 3546, 48859, 13251, 20, 43144, 25, 59777, 3546, 3546, 3546, 32, 25, 1144, 3546, 3546, 48859, 611, 59777, 3546, 3546, 3546, 33, 25, 1144, 48859, 57002, 611, 1144, 3546, 3546, 3546, 21028, 67236, 27797, 25, 426, 20565, 362, 17835, 64189, 34961, 37155, 3546, 3546, 64189, 32428, 13094, 1144, 48859, 3546, 3546, 43139, 1144, 3546, 54059, 3546, 3546, 3546, 3546, 47496, 3546, 3546, 16969, 61139, 18918, 1144, 3546, 49531, 13, 12262, 3546, 48859, 57002, 13094, 37155, 3546, 3546, 64189, 32428, 18359, 83719, 3546, 3546, 83290, 1144, 3546, 3546, 19954, 1144, 3546, 3546, 29102, 35495, 1144, 3546, 58901, 1144, 3546, 48859, 83290, 1144, 3546, 10143, 4815, 3546, 48859, 3546, 47496, 3546, 37155, 3546, 48859, 25, 220, 19, 43144, 482, 59777, 3546, 3546, 3546, 32, 25, 1144, 47496, 3546, 47496, 48859, 611, 59777, 3546, 3546, 3546, 33, 25, 1144, 48859, 57002, 611, 1144, 3546, 3546, 3546, 21028, 67236, 27797, 25, 362, 20565, 426, 19954, 58901, 11, 1144, 3546, 3546, 48859, 13094, 1144, 47496, 3546, 3546, 45618, 83628, 19954, 62060, 83290, 97096, 3546, 47496, 3546, 3546, 18359, 72208, 13094, 51440, 16969, 1144, 3546, 3546, 48859, 18359, 63171, 21121, 79053, 13, 12262, 3546, 3546, 3546, 48859, 13094, 55000, 3546, 48859, 3546, 3546, 32179, 82818, 17835, 49508, 3546, 47496, 48859, 61415, 84136, 51440, 55000, 35495, 37155, 3546, 3546, 64189, 32428, 55000, 3546, 3546, 1144, 3546, 13094, 3546, 48859, 10143]","[-2.3392786e-06, -5.5577775e-06, -6.5278815e-05, -0.26792175, -1.0280384e-06, 0.0, 0.0, -9.5914154e-05, -0.00011439072, -0.00021831797, -7.89631e-07, -3.1281633e-07, -1.0683535e-05, -1.9361265e-07, -9.0883464e-07, -1.9361265e-07, 0.0, -1.1398757e-05, -2.7610455e-05, 0.0, 0.0, 0.0, -3.5597102e-05, -4.604148e-06, -1.3186812e-05, -1.6240566e-06, 0.0, -3.1281633e-07, -5.8126592e-05, -9.0883464e-07, 0.0, -6.511407e-06, -3.2140193e-05, -1.9361265e-07, -1.8624639e-06, -7.89631e-07, -6.704273e-07, -6.1537958e-06, -5.5122365e-07, 0.0, -9.0883464e-07, -1.8624639e-06, -0.00081951526, 0.0, 0.0, -4.3202e-07, -2.4584822e-06, -0.00032640636, -0.00012142374, -3.5313153e-06, 0.0, -6.704273e-07, -1.9816675e-06, -1.8624639e-06, 0.0, 0.0, -0.00023846338, -0.00010998019, -2.3392786e-06, -7.9418505e-06, 0.0, -1.2948405e-05, -5.5122365e-07, -3.1281633e-07, -0.0038353521, -1.4176382, -0.22265677, -0.0052332906, -0.00058055413, -0.034591112, -4.8351892e-05, -6.392203e-06, -7.2907846e-05, -7.79144e-05, -2.220075e-06, -4.5848617e-05, -4.0603656e-05, -1.9816675e-06, -9.0883464e-07, -0.6140896, -0.0018114368, -0.003147535, -2.355753e-05, -8.537869e-06, -2.8921695e-05, -3.8457987e-05, -3.23786e-05, -2.3080716e-05, -0.0019511327, -0.00011164904, -5.6769813e-06, -4.1273333e-06, -1.2664457e-06, -0.0003189002, -5.4385737e-06, -0.00038372134, -0.0022034284, -1.2664457e-06, -0.00022105966, -1.4259645e-05, -1.0087517e-05, -5.080963e-06, -0.076671354, -7.064298e-05, -2.9352968e-06, -1.3186812e-05, -4.3202e-07, -7.89631e-07, -7.58424e-06, -1.1756368e-05, -1.2664457e-06, 0.0, -6.575563e-05, 0.0, -3.1281633e-07, -2.9352968e-06, -4.3202e-07, -1.7239736e-05, -1.0921943e-05, -6.6306106e-06, -2.220075e-06, 0.0, -0.00017851128, -9.133887e-06, -2.6968896e-06, -4.4849444e-06, 0.0, -1.9361265e-07, -1.147242e-06, -1.2233183e-05, -2.3438328e-05, -1.11603495e-05, -0.0020564045, -3.1737043e-06, -1.4140442e-05, -0.007150326, -0.14670798, -1.3856493e-06, -0.25327685, -4.3202e-07, -1.0445127e-05, 0.0, -1.5213274e-05, 0.0, 0.0, -0.0015652116, -3.8457987e-05, -1.9361265e-07, -0.0001005631, -7.89631e-07, -5.4908094e-05, -1.6240566e-06, -0.0048206304, -3.0471343e-05, -0.41399205, -4.8471098e-05, -1.2664457e-06, -0.00028243123, -0.04262172, -9.0883464e-07, -1.2664457e-06, -0.0005205048, -0.00014478032, -1.3856493e-06, -0.0036979394, -6.704273e-07, -3.0545007e-06, -3.1281633e-07, -0.0001724319, -0.00015908109, -8.876193e-05, -0.0002191524, -7.703444e-06, -1.4378848e-05, -9.364929e-05, -8.657073e-06, -2.486877e-05, -0.0047263145, -6.392203e-06, -1.2590794e-05, -1.9027791e-05, -1.0280384e-06, -0.21217534, -8.2324936e-05, -2.939851e-05, -2.3319124e-05, -0.00010831134, -2.1008714e-06, -1.6240566e-06, -2.7729659e-05, -1.2664457e-06, -0.000958151, -1.2113979e-05, -6.704273e-07, -2.1008714e-06, -1.7835755e-05, -0.0008183233, -1.119486, -3.6789137e-05, -3.2929079e-06, -0.00022082125, -6.575563e-05, -3.1281633e-07, 0.0, -1.9361265e-07, -1.4498052e-05, -1.7954959e-05, -3.7385154e-05, -1.9361265e-07, -3.1281633e-07, -4.6444635e-05, -1.9361265e-07, 0.0, 0.0, 0.0, -1.9816675e-06, -2.3392786e-06, -6.704273e-07, 0.0, -4.1273333e-06, 0.0, -1.27099975e-05, -6.704273e-07, 0.0, 0.0, -1.9361265e-07, -1.9361265e-07, -3.1281633e-07, 0.0, -1.1517961e-05, -3.5120287e-05, -6.704273e-07, -8.776276e-06, -9.0883464e-07, 0.0, -3.22594e-05, 0.0, -1.3902034e-05, 0.0, -1.147242e-06, -3.1281633e-07, -1.9361265e-07, -9.0883464e-07, -6.704273e-07, -1.9361265e-07, -3.1281633e-07, -1.504853e-06, -1.9816675e-06, -1.504853e-06, -3.5313153e-06, -1.7432603e-06, -5.7961847e-06, -6.704273e-07, -1.9361265e-07, -1.6240566e-06, -1.700133e-05, -0.028698096, -2.2673945, -7.703444e-06, -2.8325678e-05, -5.2001665e-06, -0.23968227, -1.1279553e-05, -2.4584822e-06, -8.061054e-06, -1.5570886e-05, -5.5122365e-07, -1.9816675e-06, -7.89631e-07, -5.121278e-05, -2.3392786e-06, -3.0545007e-06, -3.1782583e-05, -1.18755715e-05, -2.3392786e-06, -4.823269e-05, -4.179569e-05, -0.00035751116, -4.3202e-07, -2.3795938e-05, -1.9361265e-07, -0.009540267, -6.50404e-05, -0.026842427, -0.00012904544, 0.0, -2.6968896e-06, -1.8624639e-06, -4.365741e-06, -4.9424725e-05, 0.0, -1.4259645e-05, 0.0, -1.8074163e-05, -1.9361265e-07, -5.3193703e-06, -1.147242e-06, -1.7432603e-06, -7.107425e-06, 0.0, 0.0, -5.3193703e-06, -1.473646e-05, -4.894791e-05, -0.012754839, -0.027228443, -2.1769476e-05, -3.888926e-06, -9.901345e-05, -3.2736214e-05, 0.0, 0.0, -5.5122365e-07, -4.8425554e-06, -4.00813e-06, -4.365741e-06, 0.0, -1.147242e-06, -4.365741e-06, 0.0, -9.4914985e-06, 0.0, 0.0, 0.0, 0.0, -1.2664457e-06, -1.147242e-06, -1.0280384e-06, 0.0, -9.0883464e-07, 0.0, -9.253091e-06, -6.704273e-07, 0.0, 0.0, 0.0, -1.9361265e-07, -3.1281633e-07, 0.0, -3.5313153e-06, -5.7888185e-05, -6.704273e-07, -3.2929079e-06, -3.1281633e-07, -1.0280384e-06, 0.0, -1.1637165e-05, 0.0, -1.5809293e-05, 0.0, -5.5122365e-07, 0.0, -1.6240566e-06, -3.1281633e-07, -1.9361265e-07, -4.3202e-07, 0.0, 0.0, 0.0, -3.1281633e-07, -4.3202e-07, -5.5122365e-07, -2.3392786e-06, -1.9361265e-07, -6.6306106e-06, -8.1609716e-05, -0.0048553995, -0.5423922, -0.038841963, -0.0015680688, -6.0345924e-06, -0.0029654575, -0.4429408, -0.00021951001, -3.5313153e-06, -6.2775536e-05, -0.00010509284, -2.1008714e-06, -0.00011534435, -1.962381e-05, -1.504853e-06, -0.0003036458, -1.9816675e-06, -7.89631e-07, -1.2664457e-06, -0.0005787697, 0.0, -9.849109e-06, -1.9361265e-07, -4.3202e-07, -4.4849444e-06, -3.1281633e-07, -4.00813e-06, -1.7432603e-06, -1.3856493e-06, -1.7835755e-05, -4.8425554e-06, -1.92662e-05, -9.0883464e-07, -5.5122365e-07, -2.1008714e-06, -6.2729996e-06, -2.0100624e-05, -4.3202e-07, -6.392203e-06, -0.00046069757, -8.5543434e-05, 0.0, -0.0010281658, -1.9816675e-06, -5.8961017e-05, -0.014023403, -0.00042364356, -2.5345586e-05, -1.0206721e-05, -0.00027992795, -1.7120534e-05, 0.0, 0.0, -4.604148e-06, -1.1994775e-05, -3.7697225e-06, -1.147242e-06, 0.0, -1.0280384e-06, -6.704273e-07, 0.0, -9.610702e-06, 0.0, 0.0, 0.0, 0.0, -2.1008714e-06, -6.704273e-07, 0.0, 0.0, -1.9361265e-07, -1.3544423e-05, -1.2664457e-06, 0.0, 0.0, 0.0, 0.0, -4.3202e-07, 0.0, -1.9862217e-05, -2.486877e-05, -4.3202e-07, -4.365741e-06, -5.5122365e-07, 0.0, -0.00035929924, -4.9617593e-06, 0.0, -1.9816675e-06, -5.5122365e-07, 0.0, -7.89631e-07, 0.0, -1.1398757e-05, 0.0, -1.0280384e-06, -3.1281633e-07, -4.3202e-07, -6.1537958e-06, -2.6968896e-06, -1.504853e-06, -9.0883464e-07, -0.00014180024, 0.0, -1.9361265e-07, -4.3202e-07, -2.577686e-06, -1.9361265e-07, -1.9361265e-07, -1.9361265e-07, -1.9361265e-07, 0.0, -4.3202e-07, 0.0, -1.9816675e-06, -1.9361265e-07, -9.0883464e-07, -1.0280384e-06, -0.00059795054, -0.006259493, -0.6122143, -0.024893956, -0.0042474545, -1.9743013e-05, -0.11601565, -0.124002434, -4.9186317e-05, -1.8624639e-06, -0.00012344286, -1.9361265e-07, -2.4153549e-05, -0.0003428528, -1.3663626e-05, -8.776276e-06, -1.7478143e-05, -3.4121115e-06, -0.000113079484, -0.00032604876, -5.4550484e-05, -0.00036335218, -0.121172614, -0.00065584684, -0.030764086, -4.3941356e-05, -2.1054253e-05, -4.7040652e-05, -1.1279553e-05, -2.1769476e-05, -0.000106046464, -1.6240566e-06, -1.9146995e-05, -4.3202e-07, -5.8961017e-05, -0.000120708515, 0.0, -2.7120345, -1.4140442e-05, -1.700133e-05, -2.7610455e-05, -6.0391463e-05, 0.0, 0.0, -6.1537958e-06, -1.4021238e-05, -2.9352968e-06, -1.3856493e-06, 0.0, -1.147242e-06, 0.0, -1.1279553e-05, -1.9361265e-07, 0.0, 0.0, 0.0, -1.0280384e-06, -5.5122365e-07, 0.0, 0.0, -1.9361265e-07, -7.107425e-06, -4.3202e-07, 0.0, 0.0, -1.9361265e-07, -1.9361265e-07, -4.3202e-07, 0.0, -5.9153886e-06, -1.0683535e-05, -1.7432603e-06, -6.6306106e-06, -3.1281633e-07, -1.504853e-06, -3.1281633e-07, -6.704273e-07, -2.3438328e-05, -2.4584822e-06, -1.504853e-06, -1.9361265e-07, -1.9361265e-07, -5.5122365e-07, 0.0, -1.9816675e-06, 0.0, -3.1281633e-07, -6.704273e-07, -1.8624639e-06, -4.1080468e-05, -1.0683535e-05, -6.704273e-07, 0.0, 0.0, -5.5122365e-07, -7.89631e-07, -3.1737043e-06, -1.9361265e-07, 0.0, -1.7432603e-06, 0.0, -1.9361265e-07, -3.5313153e-06, -3.7146747e-05, -0.0037436679, -1.0471697, -3.4121115e-06, -2.0219828e-05, -0.011369996, -1.4708706, -0.00070862105, -5.9437833e-05, -6.2775536e-05, -7.58424e-06, -0.05569025, -0.009072447, -2.7729659e-05, -6.897413e-05, -0.000114748334, -0.00012142374, -2.486877e-05, 0.0, -1.504853e-06, -0.00022845028, -2.546479e-05, -3.1281633e-07, -7.266944e-05, -1.867018e-05, -0.0009005005, -3.7697225e-06, -1.3663626e-05, -1.342522e-05, -9.133887e-06, 0.0, -0.00016122675, -0.047266074, -3.7385154e-05, -1.6835523, -0.22353804, -0.00010556965, 0.0, 0.0, 0.0, 0.0, -1.0280384e-06, -6.704273e-07, 0.0, -5.4908094e-05, -0.00038860866, -0.17216457, -3.1281633e-07, -1.7573411, -0.019535033, -4.604148e-06, -6.704273e-07, 0.0, -5.1808798e-05, -9.0883464e-07, -5.6769813e-06, -1.9361265e-07, -2.577686e-06, -3.2929079e-06, 0.0, -5.080963e-06, -1.9361265e-07, -1.9361265e-07, 0.0, -3.1281633e-07, -8.537869e-06, -8.537869e-06, -6.704273e-07, -1.504853e-06, -5.5122365e-07, -3.0545007e-06, -4.604148e-06, 0.0, 0.0, -1.9361265e-07, -9.0883464e-07, -6.704273e-07, 0.0, -5.5577775e-06, -0.00020532844, -1.2664457e-06, -2.5226382e-05, -3.0545007e-06, -1.9361265e-07, -3.3809047e-05, -1.0445127e-05, 0.0, -3.0545007e-06, 0.0, -1.9361265e-07, -3.4121115e-06, 0.0, -1.4498052e-05, 0.0, -5.5122365e-07, -3.1281633e-07, -2.8160932e-06, -2.5345586e-05, -1.27099975e-05, -9.849109e-06, -1.504853e-06, -0.00016384924, -1.9361265e-07, -5.5122365e-07, -2.4584822e-06, -5.5577775e-06, -1.9361265e-07, -7.89631e-07, -1.0280384e-06, -3.1281633e-07, 0.0, -6.704273e-07, 0.0, -3.1281633e-07, -6.704273e-07, -1.9816675e-06, -1.2664457e-06, -0.00041351124, -0.9294579, -6.241792e-05, -5.5122365e-07, -3.1305768e-05, -6.704273e-07, -3.1281633e-07, -8.304016e-05, -1.569009e-05, -1.9361265e-07, -1.3186812e-05, -3.1281633e-07, -3.4121115e-06, -2.3392786e-06, -2.1008714e-06, -7.465036e-06, -4.4537377e-05, -2.1008714e-06, -2.6968896e-06, -1.7597347e-05, -1.147242e-06, -5.2285613e-05, -1.18755715e-05, -4.1273333e-06, -3.5313153e-06, -9.729906e-06, -3.1281633e-07, -1.504853e-06, -5.5122365e-07, -4.246537e-06, -4.4849444e-06, 0.0, -1.9816675e-06, 0.0, -6.704273e-07, -9.253091e-06, 0.0, -0.00019626896]",0
2025_11_KICE_18-21_3,['4(3)'],"1번: 옳지 않은 것으로서 상층의 모습이 희화화되는 부분은 다소 성급한 해석과 현실과의 연결성이 부족한 것 같습니다.
2번: ""슬픔에 매우 야위어 뼈가 드러나게 되었는지라."" (지문 속 근거)
3번: ""앙천통곡하시며 왈 '내 밝지 못하여 악녀의 꾀에 빠져 충렬부인을 죽이려 하였나니 무슨 면목으로 충렬부인을 보리오.'"" (지문 속 근거)
4번: ""하고 상소하니 그 글에 하였으되 '대사마 대도독 대원수 정을선은 돈수백배하고 아뢰나니 신이 서융을 쳐 사로잡고, 백성을 진무하고 돌아오려 할 때, 집에서 급한 소식을 듣고 군사를 중군장에게 맡기옵고 필마로 올라와 본즉, 정렬부인이 이러이러한 변을 일으켰사오니 세상에 이러하온 일이 있사오닛가.'"" (지문 속 근거)
5번: ""싸고 자빠진 것이다."" (지문 속 근거)
최종 정답: 1번: 옳지 않은 것으로서 상층의 모습이 희화화되는 부분은 다소 성급한 해석과 현실과의 연결성이 부족한 것 같습니다.","[16, 43144, 25, 1144, 48859, 22035, 51796, 34804, 72208, 43139, 27796, 59134, 3546, 48859, 48859, 21028, 55170, 36630, 13094, 1144, 3546, 3546, 57390, 57390, 65219, 16969, 86503, 80816, 34804, 50467, 44690, 1144, 48859, 3546, 3546, 24486, 61816, 3546, 3546, 54780, 1144, 3546, 3546, 47496, 54780, 21028, 78453, 89881, 33931, 13094, 86503, 3546, 47496, 48859, 24486, 72208, 79474, 39331, 627, 17, 43144, 25, 330, 3546, 3546, 3546, 3546, 3546, 19954, 1144, 47496, 41381, 1144, 3546, 82001, 32179, 1144, 3546, 3546, 20565, 1144, 3546, 61394, 61415, 58901, 98243, 3546, 3546, 16969, 22035, 51440, 1210, 320, 22035, 52688, 1144, 3546, 1144, 48859, 3546, 93292, 340, 18, 43144, 25, 330, 3546, 3546, 3546, 3546, 3546, 3546, 3546, 47496, 16582, 30426, 3546, 48859, 1144, 3546, 364, 96318, 1144, 3546, 22035, 1144, 3546, 83290, 1144, 3546, 3546, 3546, 21028, 1144, 3546, 3546, 19954, 1144, 48859, 47496, 84377, 1144, 47496, 3546, 3546, 64189, 32428, 18359, 1144, 47496, 3546, 13094, 3546, 47496, 55000, 3546, 3546, 61415, 84136, 1144, 3546, 3546, 47496, 1144, 48859, 88708, 43139, 1144, 47496, 3546, 3546, 64189, 32428, 18359, 64432, 29102, 58368, 30251, 320, 22035, 52688, 1144, 3546, 1144, 48859, 3546, 93292, 340, 19, 43144, 25, 330, 16582, 35495, 59134, 44690, 16582, 84136, 55925, 1144, 3546, 19954, 55000, 3546, 3546, 34609, 65219, 364, 67945, 56154, 3546, 3546, 62060, 49085, 3546, 3546, 62060, 55421, 24140, 37155, 18359, 3546, 47496, 34804, 1144, 3546, 24140, 3546, 48859, 3546, 48859, 16582, 35495, 49508, 3546, 47496, 48859, 61415, 84136, 1144, 47496, 13094, 90960, 3546, 48859, 18359, 1144, 48859, 3546, 33229, 17835, 3546, 47496, 35495, 11, 1144, 48859, 33931, 18359, 1144, 3546, 3546, 3546, 16582, 35495, 1144, 3546, 54059, 58368, 3546, 47496, 96102, 54718, 11, 1144, 3546, 57575, 1144, 3546, 24486, 1144, 3546, 77437, 18359, 1144, 47496, 35495, 1144, 48859, 48859, 56154, 18918, 72043, 3546, 48859, 41953, 19954, 58901, 1144, 47496, 21121, 3546, 48859, 35495, 76628, 3546, 3546, 17835, 1144, 3546, 51440, 81673, 1144, 48859, 3546, 3546, 11, 37155, 3546, 3546, 64189, 32428, 13094, 23955, 61394, 13094, 61394, 24486, 47419, 18359, 84656, 34609, 3546, 3546, 48859, 56154, 58368, 84136, 1144, 48859, 57002, 19954, 23955, 61394, 16582, 3546, 47496, 84656, 13094, 36439, 56154, 58368, 3546, 3546, 20565, 30251, 320, 22035, 52688, 1144, 3546, 1144, 48859, 3546, 93292, 340, 20, 43144, 25, 330, 3546, 48859, 35495, 65677, 3546, 48859, 47496, 86351, 72208, 13094, 13447, 1210, 320, 22035, 52688, 1144, 3546, 1144, 48859, 3546, 93292, 340, 3546, 48859, 3546, 47496, 3546, 37155, 3546, 48859, 25, 220, 16, 43144, 25, 1144, 48859, 22035, 51796, 34804, 72208, 43139, 27796, 59134, 3546, 48859, 48859, 21028, 55170, 36630, 13094, 1144, 3546, 3546, 57390, 57390, 65219, 16969, 86503, 80816, 34804, 50467, 44690, 1144, 48859, 3546, 3546, 24486, 61816, 3546, 3546, 54780, 1144, 3546, 3546, 47496, 54780, 21028, 78453, 89881, 33931, 13094, 86503, 3546, 47496, 48859, 24486, 72208, 79474, 39331, 13]","[-9.729906e-06, -1.0802739e-05, -0.00018077616, -1.9355451, -0.99190515, -2.5551887, -0.0012120219, -0.610113, -0.49660742, -2.7079518, -2.9582944, -4.68314, -1.6660599, -0.0012483277, -2.2842309e-05, -0.43215838, -4.8355045, -0.0561637, -0.095016204, -0.05785691, -0.00049381785, -1.8789384e-05, -2.5107178e-05, -0.001583424, -0.020555083, -0.89609075, -1.8775512, -0.000546361, -0.7486506, -4.266507, -2.5659957, -9999.0, -1.1937459, -1.6026573, -0.01896906, -0.46282065, -1.1285205, -0.0013204771, -0.00773025, -8.069959, -3.1858058, -0.93218815, -0.6347429, -0.00051705155, -0.36070347, -1.2566099, -0.6576414, -0.1751885, -2.1061559, -0.06649786, -0.7553705, -0.0022543375, -5.145119e-05, 0.0, -0.855571, -0.502093, -0.86263627, -0.041167483, -1.9211099, -0.36532876, -1.2233183e-05, -8.11329e-05, -2.0584035, -0.2723525, -0.7977307, -1.9361265e-07, -5.5122365e-07, 0.0, -2.577686e-06, -1.6240566e-06, -4.3202e-07, -7.398068e-05, -3.1737043e-06, -3.0545007e-06, -4.763667e-05, -3.6431527e-05, -8.061054e-06, -1.6240566e-06, -3.1281633e-07, -7.89631e-07, -6.2729996e-06, -7.107425e-06, -1.3856493e-06, -0.5634646, -0.00013369438, -0.0002787359, -0.00013190633, -0.002750427, -0.006472591, -0.0005653034, -3.3093824e-05, -0.26811612, -0.35816416, -0.2864537, -3.7697225e-06, -0.28999734, -3.1281633e-07, -0.057576496, -7.0285365e-05, 0.0, 0.0, -0.016279165, -6.392203e-06, -1.0206721e-05, -1.5213274e-05, -0.013878344, -1.2355247, -1.1765356, -4.9617593e-06, -3.1281633e-07, -0.000107953725, 0.0, -0.00010151673, 0.0, -0.41717625, -0.0012746387, -7.226629e-06, 0.0, -0.010494597, -0.00034869378, -0.01797773, -0.00055910845, -5.8603408e-05, -5.6100132e-05, -5.50273e-05, -2.749125e-05, -1.8624639e-06, -0.00059187476, -0.0073394463, -8.061054e-06, -1.4617256e-05, -1.6240566e-06, -4.048445e-05, -3.1544176e-05, -6.6306106e-06, -1.9361265e-07, -2.7133641e-05, -0.00028612654, -2.6968896e-06, -1.0280384e-06, -3.9530823e-05, -0.0006413076, -1.9361265e-07, -6.742448e-05, -9.0883464e-07, -2.4630364e-05, -8.299462e-06, -3.1305768e-05, -8.418666e-06, -8.776276e-06, 0.0, -6.0272258e-05, -1.4140442e-05, -2.1008714e-06, -0.0009845777, -0.0003128208, -1.2664457e-06, -0.00028147758, -0.0008991966, -0.040735185, -3.2929079e-06, -0.00033868066, -5.5122365e-07, -4.298773e-05, -7.89631e-07, -0.0001789881, -8.280175e-05, -6.754368e-05, -1.9361265e-07, -8.292095e-05, -4.9617593e-06, -0.00012523093, -1.1756368e-05, -4.1080468e-05, -0.00073780026, -6.408677e-05, -2.486877e-05, -0.055041492, -0.00050406205, -0.0001757696, -0.00013727049, -2.6968896e-06, 0.0, -3.1737043e-06, 0.0, 0.0, 0.0, -0.0005190744, -2.057744e-05, -1.1517961e-05, -3.523949e-05, -0.04150823, -4.85451, -1.5474306, -0.11763078, -0.00042816595, -0.0002703953, -9.7583004e-05, -0.0013697614, -3.23786e-05, -3.2929079e-06, -6.217952e-05, -0.00010854974, -0.00082546816, -1.0280384e-06, -5.0139948e-05, -0.00048584584, -0.09890729, -0.0016365008, -0.00033165133, -0.000121542944, -0.00059520884, -0.0013159511, -2.6060809e-05, -0.0003057878, -1.6240566e-06, -0.0002844577, -0.00012284685, -1.7954959e-05, -0.0016304324, -9.484132e-05, -3.6669935e-05, -1.3856493e-06, -0.0006422613, -0.0016415, -0.00016063073, -0.0010813986, -0.000512045, -9.0883464e-07, -2.6418418e-05, -3.1281633e-07, -0.0006957544, -4.1199673e-05, -0.0028286502, -0.0007342241, -3.5313153e-06, -0.00033057848, -0.00043794067, -0.00017970333, -0.004795596, -2.9636918e-05, -0.00021331508, -0.0011799892, -0.00010092071, -1.5809293e-05, -7.7199176e-05, -0.0016958918, -8.613945e-05, -3.1281633e-07, -0.00037669198, -8.418666e-06, -4.4849444e-06, 0.0, -0.00017815368, -0.032900695, -0.00048167375, 0.0, -1.4259645e-05, -7.58424e-06, -3.8100377e-05, -0.00017088225, -1.0802739e-05, -3.1281633e-07, -0.000101874335, -0.00014537634, -0.0003364158, -1.0445127e-05, -1.9385403e-05, -8.180258e-06, -2.1769476e-05, -3.4121115e-06, -5.955704e-05, -4.978234e-05, -0.035321403, -0.00020246755, -3.1281633e-07, -5.085517e-05, -0.0023531686, -1.8624639e-06, -1.4855664e-05, -1.8908588e-05, 0.0, -6.1537958e-06, -5.025915e-05, -2.1173457e-05, -1.0280384e-06, -2.9040899e-05, -0.0017007682, -1.8908588e-05, -1.9361265e-07, -7.815281e-05, -6.849731e-05, -5.9437833e-05, -3.2497806e-05, -4.3202e-07, -0.00024906153, -2.9160103e-05, -0.00055613206, -2.486877e-05, -1.735894e-05, -3.392825e-05, -0.023661664, -1.9027791e-05, -0.00018887833, -0.00010342398, -6.086828e-05, -8.537869e-06, -2.7133641e-05, -0.00010127832, -3.4121115e-06, -0.0001005631, -1.60477e-05, -0.003943875, -6.704273e-07, -8.657073e-06, -7.89631e-07, -0.00080069585, -0.00010926496, -0.0004141073, -3.7265952e-05, -5.6338537e-05, -3.5835506e-05, -5.8245798e-05, -0.00021652991, -0.000107238506, -0.00045379106, -3.261701e-05, -3.1186566e-05, -0.00018161058, -1.569009e-05, -2.1531068e-05, -2.2007884e-05, -9.603336e-05, -4.3202e-07, -6.704273e-07, -0.00019150082, -3.7697225e-06, -4.1080468e-05, -0.00038300612, -4.3202e-07, -1.7954959e-05, -9.209964e-05, -0.00089836214, -0.00064726785, -0.00014561474, -0.0006849142, -1.7954959e-05, -4.2510914e-05, -5.9795446e-05, -4.298773e-05, -0.00018244502, -1.6524515e-05, -0.00048572666, -9.0788395e-05, -5.669615e-05, -0.077565715, -0.0004222131, -1.4378848e-05, -2.8444882e-05, -1.8624639e-06, 0.0, -5.5577775e-06, 0.0, 0.0, 0.0, -0.0003737119, -8.299462e-06, -2.0696643e-05, -6.7901296e-05, -0.026190562, -9999.0, -1.219682, -0.04210856, -0.0021909487, -0.0005890139, -3.4405064e-05, -1.9027791e-05, -5.3774986, -1.3850414, -1.000487, -1.3702826, -0.57941437, -0.0059228702, -0.0008642956, -0.00042768914, -2.1531068e-05, 0.0, -4.692145e-05, 0.0, 0.0, 0.0, -0.003677394, -0.00011951648, 0.0, -4.3202e-07, 0.0, 0.0, -2.3392786e-06, -3.1281633e-07, 0.0, -0.00024703506, -0.00085678935, -3.8100377e-05, -1.7120534e-05, -0.6807217, -1.2126541, -0.005350686, -8.637786e-05, -2.0815847e-05, -0.0006683559, -0.00036287535, -0.0014478564, -0.0002419203, -0.00016396845, -6.778209e-05, 0.0, 0.0, -0.0002899374, -1.3186812e-05, -7.89631e-07, -5.7961847e-06, -5.216641e-05, -1.504853e-06, 0.0, -9.0883464e-07, -1.4974867e-05, -0.00059163634, -0.0009274222, -0.00042578924, -5.9153886e-06, -0.015662545, -8.542423e-05, -1.962381e-05, -5.5122365e-07, 0.0, -1.9361265e-07, 0.0, -3.5313153e-06, -4.8425554e-06, -5.5122365e-07, 0.0, -0.00016980943, -4.6683042e-05, -4.1273333e-06, -1.1279553e-05, 0.0, -7.226629e-06, -2.0935051e-05, -3.888926e-06, -1.0564331e-05, -2.3392786e-06, -6.1537958e-06, -5.9153886e-06, -7.89631e-07, 0.0, 0.0, -2.0815847e-05, -2.6537622e-05, -1.8908588e-05, -4.3226137e-05, -8.590105e-05]",0
2025_11_KICE_22-27_0,['4(2)'],"1번: 하강적 이미지를 활용하여 시간의 흐름을 보여 준다. + ""(가)의 '배가 나가고'나 (다)의 '편지조차 쓸 수 없는 시간들이 무심하게 지나가고'와 같은 부정적 이미지를 사용하여 시간의 흐름을 표현함"" 
최종 정답: 1번 - 하강적 이미지를 활용하여 시간의 흐름을 보여 준다.","[16, 43144, 25, 55000, 3546, 3546, 82068, 91767, 22035, 18918, 1144, 3546, 27797, 83290, 45618, 63375, 21028, 1144, 3546, 3546, 64254, 18359, 64432, 58126, 1144, 3546, 13447, 13, 489, 12262, 20565, 8, 21028, 364, 3546, 48859, 20565, 74618, 20565, 35495, 6, 61415, 320, 13447, 8, 21028, 364, 3546, 3546, 48859, 22035, 93917, 3546, 47496, 1144, 3546, 48859, 29833, 47782, 16969, 45618, 63375, 65950, 13094, 1144, 3546, 3546, 3546, 16582, 58901, 67890, 61415, 20565, 35495, 6, 81673, 79474, 34804, 86503, 30381, 82068, 91767, 22035, 18918, 41820, 83290, 45618, 63375, 21028, 1144, 3546, 3546, 64254, 18359, 1144, 3546, 3546, 3546, 79053, 1, 720, 3546, 48859, 3546, 47496, 3546, 37155, 3546, 48859, 25, 220, 16, 43144, 482, 55000, 3546, 3546, 82068, 91767, 22035, 18918, 1144, 3546, 27797, 83290, 45618, 63375, 21028, 1144, 3546, 3546, 64254, 18359, 64432, 58126, 1144, 3546, 13447, 13]","[-0.0016049596, -4.365741e-06, -0.00017016703, -0.008304039, -1.18755715e-05, -1.9361265e-07, -1.147242e-06, -3.1281633e-07, -7.89631e-07, -2.6895234e-05, -3.7697225e-06, -7.89631e-07, -6.704273e-07, -1.9361265e-07, -9.0883464e-07, -1.9361265e-07, 0.0, -2.220075e-06, -1.9361265e-07, -3.5313153e-06, 0.0, -7.89631e-07, -4.9617593e-06, -3.1281633e-07, -0.002946917, -3.888926e-06, -4.3202e-07, -0.015566547, -0.10414578, -1.1941471, -0.11590875, -0.0044690473, -1.0400836, -0.088513605, -0.576226, -0.01333258, -0.58239216, -8.657073e-06, -3.2140193e-05, -1.0087517e-05, -1.1021442, -3.224191, -0.035997804, -1.1376979, -3.3451433e-05, -0.001209161, -0.0016175732, -0.7651939, -0.0044939737, -6.749814e-06, -0.00018887833, -0.7589145, -8.971556e-05, -6.515961e-05, -4.4179764e-05, -3.88156e-05, -2.546479e-05, -6.704273e-07, -9.372295e-06, -2.9352968e-06, -0.00013643607, -1.6240566e-06, -3.1305768e-05, -0.0030326135, -0.0017956084, 0.0, -3.392825e-05, -4.3202e-07, -5.216641e-05, -9.849109e-06, -4.246537e-06, -3.4121115e-06, -5.6769813e-06, -2.220075e-06, -0.23372218, -0.22761399, -0.00026467352, -0.8868294, -0.49427524, -0.043629892, 0.0, -0.1504133, 0.0, -0.9715413, -2.5686665, -0.032302782, -0.027013456, -0.000147522, -0.1637785, -0.19520287, -0.00014895246, -0.0083600795, -6.704273e-07, -0.010331317, -0.8592496, -0.00030090412, -1.9361265e-07, 0.0, -1.4828379, -0.4904903, -0.18124224, -1.47675, 0.0, -5.5122365e-07, 0.0, 0.0, -2.4584822e-06, -6.704273e-07, 0.0, -0.0003155625, -5.8603408e-05, -8.053688e-05, -2.4584822e-06, -0.0049711703, -7.77952e-05, -4.3202e-07, -1.9361265e-07, -1.0280384e-06, 0.0, -7.89631e-07, 0.0, -7.89631e-07, -6.704273e-07, -3.1281633e-07, 0.0, -1.9361265e-07, -9.0883464e-07, -3.1281633e-07, -6.704273e-07, 0.0, 0.0, 0.0, -1.9361265e-07, -8.776276e-06, 0.0, -5.6338537e-05, -1.9361265e-07, -7.89631e-07, -7.58424e-06]",0
2025_11_KICE_22-27_1,['5(2)'],"1번: '[아주 추락하지 않을 순간](Bold체)’에 ‘[배](Bold체)’를 밀던 ‘손’이 ‘아슬아슬히 배에서 떨어진’다는 것은 이별의 정서적 긴장감을 드러낸다."" - 이는 이별의 고통스러운 순간을 표현한 것이므로 올바른 해석이다.
2번: '‘[뵈지도 않는 길](Bold체)’은 ‘[사랑](Bold체)’이 ‘[떠나](Bold체)’는 길이라는 점에서, 이별의 막막한 상황을 공간의 형상으로 드러낸다."" - 공간적인 비유를 통해 이별이 끊임없이 이어지는 것을 상징적으로 나타낸 것이므로 맞지 않다.
3번: '‘[슬픔](Bold체)’을 ‘[밀어내는 것](Bold체)’을 ‘[배](Bold체)’를 밀듯 ‘[한껏 세게 밀어](Bold체)’낸다고 한 것은 이별의 아픔을 떨쳐 내려는 화자의 태도를 드러낸다."" - 이별로 인한 슬픔을 밀어내려는 노력을 나타낸 것이므로 올바른 해석이다.
4번: '[배가 나가](Bold체)’며 생긴 ‘[흉터](Bold체)’가 ‘[잠시 머물다 가라앉](Bold체)’는다는 것은 이별의 슬픔이 잦아든 상태에 있음을 드러낸다."" - 슬픔이 서서히 사라지는 과정을 나타내고 있으므로 올바른 해석이다.
5번: ‘[밀려들어](Bold체)’ 온 ‘[배](Bold체)’는 ‘[아무 소리 없이](Bold체)’ 다시 돌아온 배라는 점에서, 대상과의 재회가 예상대로 이루어짐을 드러낸다."" - 이별 후 다시 만나는 순간을 기대하는 마음이 담겨 있는 것이므로 올바른 해석이다.

최종 정답: 2번 - '‘[뵈지도 않는 길](Bold체)’은 ‘[사랑](Bold체)’이 ‘[떠나](Bold체)’는 길이라는 점에서, 이별의 막막한 상황을 공간의 형상으로 드러낸다.""","[16, 43144, 25, 18814, 54059, 55430, 58935, 3546, 3546, 3546, 88525, 51796, 18359, 1144, 3546, 63375, 9725, 43900, 50643, 8, 529, 19954, 3451, 58, 3546, 48859, 9725, 43900, 50643, 8, 529, 18918, 1144, 3546, 3546, 3546, 3451, 3546, 3546, 529, 13094, 3451, 54059, 3546, 3546, 54059, 3546, 3546, 3546, 3546, 3546, 74769, 57575, 1144, 3546, 47496, 32179, 86351, 529, 13447, 16969, 72208, 34804, 23955, 3546, 3546, 21028, 37155, 27796, 82068, 1144, 48859, 41953, 3546, 3546, 18359, 1144, 3546, 61394, 3546, 48859, 13447, 1210, 482, 23955, 16969, 23955, 3546, 3546, 21028, 1144, 47496, 3546, 25941, 61394, 94772, 1144, 3546, 63375, 18359, 1144, 3546, 3546, 3546, 24486, 72208, 13094, 3546, 3546, 17835, 1144, 3546, 3546, 3546, 84065, 61816, 3546, 3546, 13094, 13447, 627, 17, 43144, 25, 364, 14336, 58, 3546, 48859, 3546, 22035, 49085, 51796, 16969, 1144, 48859, 9725, 43900, 50643, 8, 529, 34804, 3451, 58, 56154, 3546, 3546, 9725, 43900, 50643, 8, 529, 13094, 3451, 58, 3546, 3546, 47496, 61415, 9725, 43900, 50643, 8, 529, 16969, 1144, 48859, 13094, 51440, 16969, 1144, 3546, 57575, 11, 23955, 3546, 3546, 21028, 1144, 3546, 3546, 3546, 24486, 59134, 3546, 47496, 18359, 1144, 48859, 63375, 21028, 1144, 3546, 57002, 43139, 1144, 3546, 61394, 3546, 48859, 13447, 1210, 482, 1144, 48859, 63375, 82068, 32428, 75086, 3546, 47496, 18918, 1144, 3546, 34983, 23955, 3546, 3546, 13094, 1144, 3546, 3546, 94801, 3546, 3546, 13094, 23955, 32179, 22035, 16969, 72208, 18359, 59134, 3546, 3546, 82068, 43139, 74618, 3546, 3546, 3546, 48859, 72208, 13094, 3546, 3546, 17835, 1144, 3546, 22035, 51796, 13447, 627, 18, 43144, 25, 364, 14336, 58, 3546, 3546, 3546, 3546, 3546, 9725, 43900, 50643, 8, 529, 18359, 3451, 58, 3546, 3546, 32179, 96318, 16969, 72208, 9725, 43900, 50643, 8, 529, 18359, 3451, 58, 3546, 48859, 9725, 43900, 50643, 8, 529, 18918, 1144, 3546, 3546, 3546, 3451, 58, 24486, 3546, 3546, 3546, 1144, 48859, 58901, 1144, 3546, 32179, 9725, 43900, 50643, 8, 529, 3546, 48859, 13447, 35495, 62398, 72208, 34804, 23955, 3546, 3546, 21028, 49508, 3546, 3546, 3546, 18359, 1144, 3546, 47496, 3546, 48859, 3546, 67236, 3546, 47496, 16969, 1144, 3546, 26799, 21028, 1144, 3546, 49085, 18918, 1144, 3546, 61394, 3546, 48859, 13447, 1210, 482, 23955, 3546, 3546, 17835, 59777, 24486, 1144, 3546, 3546, 3546, 3546, 18359, 1144, 3546, 32179, 96318, 3546, 47496, 16969, 1144, 3546, 48859, 29854, 18359, 74618, 3546, 3546, 3546, 48859, 72208, 13094, 3546, 3546, 17835, 1144, 3546, 3546, 3546, 84065, 61816, 3546, 3546, 13094, 13447, 627, 19, 43144, 25, 18814, 3546, 48859, 20565, 74618, 20565, 9725, 43900, 50643, 8, 529, 3546, 48859, 48918, 3546, 48859, 3451, 58, 3546, 3546, 3546, 34961, 9725, 43900, 50643, 8, 529, 20565, 3451, 58, 3546, 47496, 30426, 1144, 47496, 48859, 3546, 3546, 3546, 13447, 36609, 51440, 3546, 3546, 9725, 43900, 50643, 8, 529, 16969, 13447, 16969, 72208, 34804, 23955, 3546, 3546, 21028, 1144, 3546, 3546, 3546, 3546, 13094, 1144, 47496, 54059, 82776, 59134, 87472, 19954, 36439, 49531, 18359, 1144, 3546, 61394, 3546, 48859, 13447, 1210, 482, 1144, 3546, 3546, 3546, 3546, 13094, 90960, 27796, 3546, 3546, 3546, 33229, 51440, 22035, 16969, 1144, 3546, 30381, 18359, 74618, 3546, 3546, 96318, 35495, 36439, 34609, 3546, 3546, 17835, 1144, 3546, 3546, 3546, 84065, 61816, 3546, 3546, 13094, 13447, 627, 20, 43144, 25, 3451, 58, 3546, 3546, 3546, 47496, 65950, 32179, 9725, 43900, 50643, 8, 529, 1144, 47496, 3451, 58, 3546, 48859, 9725, 43900, 50643, 8, 529, 16969, 3451, 58, 54059, 3546, 3546, 1144, 3546, 29102, 47782, 13094, 9725, 43900, 50643, 8, 529, 50467, 30426, 1144, 3546, 54059, 3546, 47496, 74769, 51440, 16969, 1144, 3546, 57575, 11, 62060, 57002, 54780, 21028, 1144, 3546, 62841, 20565, 96717, 57002, 67945, 17835, 23955, 3546, 47496, 32179, 3546, 3546, 18359, 1144, 3546, 61394, 3546, 48859, 13447, 1210, 482, 23955, 3546, 3546, 95415, 50467, 30426, 63207, 61415, 16969, 1144, 3546, 63375, 18359, 55216, 67945, 44005, 96677, 49531, 13094, 1144, 48859, 3546, 47496, 65621, 72208, 13094, 3546, 3546, 17835, 1144, 3546, 3546, 3546, 84065, 61816, 3546, 3546, 13094, 13447, 382, 3546, 48859, 3546, 47496, 3546, 37155, 3546, 48859, 25, 220, 17, 43144, 482, 364, 14336, 58, 3546, 48859, 3546, 22035, 49085, 51796, 16969, 1144, 48859, 9725, 43900, 50643, 8, 529, 34804, 3451, 58, 56154, 3546, 3546, 9725, 43900, 50643, 8, 529, 13094, 3451, 58, 3546, 3546, 47496, 61415, 9725, 43900, 50643, 8, 529, 16969, 1144, 48859, 13094, 51440, 16969, 1144, 3546, 57575, 11, 23955, 3546, 3546, 21028, 1144, 3546, 3546, 3546, 24486, 59134, 3546, 47496, 18359, 1144, 48859, 63375, 21028, 1144, 3546, 57002, 43139, 1144, 3546, 61394, 3546, 48859, 13447, 1210]","[-2.4034345e-05, -5.080963e-06, -0.0002749214, -0.6914629, -0.0028052295, -2.9352968e-06, -3.7697225e-06, -9.0883464e-07, 0.0, 0.0, -5.5122365e-07, -6.749814e-06, -2.577686e-06, -1.9361265e-07, 0.0, 0.0, -0.00065012503, -6.17027e-05, -2.9352968e-06, -0.053022917, -4.1318875e-05, -9.0883464e-07, -3.8696395e-05, -1.92662e-05, -4.1273333e-06, -4.365741e-06, -1.9027791e-05, -4.3202e-07, -1.7432603e-06, -5.3000836e-05, -4.9617593e-06, -1.1398757e-05, -1.1279553e-05, -9.0883464e-07, -1.6882126e-05, -7.822647e-06, -0.00016480287, -1.0325924e-05, 0.0, -1.27099975e-05, -2.3392786e-06, -0.00073756184, -7.493431e-05, -5.5122365e-07, -1.9361265e-07, -7.89631e-07, 0.0, -1.9361265e-07, -1.5213274e-05, 0.0, -1.9361265e-07, -1.2664457e-06, -3.1281633e-07, -4.3202e-07, -1.2664457e-06, 0.0, 0.0, -7.89631e-07, -0.0006355932, -1.7954959e-05, -2.1008714e-06, -5.080963e-06, -5.5122365e-07, -9.019238e-05, -3.888926e-06, 0.0, -8.180258e-06, -0.00018995117, -3.1281633e-07, 0.0, -2.3392786e-06, -1.9361265e-07, 0.0, -1.4021238e-05, 0.0, -8.299462e-06, -6.0345924e-06, -1.0280384e-06, 0.0, -8.10137e-05, -2.577686e-06, -1.2664457e-06, -0.7790811, -0.68436104, -0.46970704, -0.5001995, -0.38721904, -3.0113732e-05, -5.5122365e-07, -0.0913774, -3.1754694, -0.7767091, -0.00018732868, -1.3756022, -0.002332594, -0.0043649636, -0.3775517, -4.3202e-07, -4.3202e-07, -0.0050540757, -0.34594023, -0.003892115, -6.704273e-07, 0.0, -0.15063575, -0.009173807, -0.16312665, -1.5125574, 0.0, 0.0, -1.3993101, -1.2424829, 0.0, 0.0, -0.23681936, -0.6145205, -0.00031341682, -0.0050513525, -0.0108357, -6.742448e-05, -0.037578322, -0.00015622021, -3.888926e-06, -0.00014048899, -0.6976849, -0.04714748, -0.00035727277, -0.0034930427, -0.000110457004, -1.2664457e-06, -6.704273e-07, 0.0, -2.0935051e-05, -4.3202e-07, -3.1281633e-07, 0.0, -3.1305768e-05, -9.0883464e-07, -7.89631e-07, -0.00043758305, -2.3392786e-06, -0.000312344, -0.0008576238, -1.4617256e-05, -1.50940705e-05, 0.0, 0.0, -2.355753e-05, -6.704273e-07, -1.7432603e-06, -1.8431772e-05, -0.00011331789, -3.1281633e-07, -0.00015657782, -1.1279553e-05, -6.704273e-07, -1.9361265e-07, -1.0280384e-06, -5.9153886e-06, -1.5213274e-05, -9.0883464e-07, -3.1737043e-06, -6.869018e-06, -1.3856493e-06, -8.077529e-05, -1.8624639e-06, 0.0, -1.504853e-06, -1.3856493e-06, -1.9361265e-07, -1.0280384e-06, -1.9361265e-07, -6.704273e-07, -5.6100132e-05, -4.246537e-06, 0.0, 0.0, -3.1281633e-07, -1.8624639e-06, 0.0, -3.7697225e-06, 0.0, -3.1281633e-07, -3.1281633e-07, 0.0, -3.1281633e-07, -1.9361265e-07, -1.9816675e-06, -2.220075e-06, 0.0, -2.4584822e-06, -1.3856493e-06, -1.9361265e-07, -6.0345924e-06, -1.2664457e-06, -6.869018e-06, -2.1008714e-06, 0.0, -5.538491e-05, -4.3202e-07, -1.9361265e-07, -0.0030334478, -0.000521816, -5.0540385, -0.18875772, -0.0019380349, -1.9931258, -0.43234402, -1.2612464, -0.001845221, -0.0006755008, -0.41137695, -0.13804592, -3.1737043e-06, -9.2695656e-05, -0.015429076, -1.0280384e-06, 0.0, -6.096015, -0.9220784, -0.54250264, -0.7443278, -0.02804017, -0.0007905708, -1.0280384e-06, -0.31542397, -0.34309876, -0.002324864, -0.20093586, -0.056212053, -0.89311665, -0.0013418972, -4.747804, -0.0001909048, -8.537869e-06, -1.7777125, -0.0006265374, -1.0590289, -4.1273333e-06, -2.577686e-06, -0.32878423, -6.4444386e-05, -0.0059088846, -0.02673437, -0.18367928, 0.0, -1.9361265e-07, -4.3220067, -0.00024001303, -0.3659188, -0.00018411019, -0.081587106, -0.00084, -4.823269e-05, -3.4121115e-06, -1.6286107e-05, -0.2204882, -0.0002776631, -3.7146747e-05, -0.00010592726, -1.504853e-06, 0.0, 0.0, 0.0, -1.342522e-05, -5.5122365e-07, -9.0883464e-07, -2.1650272e-05, -3.5313153e-06, -4.9617593e-06, -0.0024100158, -4.0246043e-05, -6.1537958e-06, 0.0, 0.0, -1.7432603e-06, -5.5122365e-07, 0.0, -2.7968066e-05, -4.3202e-07, -4.1273333e-06, -1.3856493e-06, -0.00012940305, -9.376849e-05, -0.00078246865, -3.3451433e-05, -1.50940705e-05, -1.9361265e-07, -1.7716551e-05, -5.5122365e-07, -4.1273333e-06, -3.7697225e-06, -4.365741e-06, -2.8160932e-06, -1.3902034e-05, 0.0, -0.00030090412, 0.0, -0.0010650823, -3.297462e-05, -8.12521e-05, -5.7530575e-05, 0.0, 0.0, 0.0, 0.0, -4.3202e-07, -1.9361265e-07, 0.0, -3.1281633e-07, -4.1199673e-05, -4.3202e-07, -2.1008714e-06, -6.869018e-06, -6.1537958e-06, -9.567575e-05, -3.1281633e-07, -5.5122365e-07, -5.2001665e-06, -1.7432603e-06, -3.1281633e-07, -1.9361265e-07, -1.3856493e-06, 0.0, 0.0, -3.1281633e-07, -3.1281633e-07, -4.604148e-06, -3.1281633e-07, -4.3202e-07, -1.6240566e-06, -3.4121115e-06, -1.504853e-06, 0.0, -3.2929079e-06, -1.9361265e-07, 0.0, -3.0545007e-06, -2.7729659e-05, -1.9361265e-07, -1.8624639e-06, -4.3202e-07, -2.4584822e-06, -3.1281633e-07, 0.0, -5.5122365e-07, -9.0883464e-07, -1.2664457e-06, -4.8425554e-06, -9.0883464e-07, -6.704273e-07, 0.0, -2.4272753e-05, -1.147242e-06, -1.9361265e-07, -0.00022082125, -0.00011081461, -0.058194254, -0.0077116815, -4.365741e-06, -4.6488166, -0.042498797, -0.0007219645, -0.116601, 0.0, 0.0, -3.1281633e-07, -0.00013607845, -0.008247887, -0.586089, -0.00083166314, -0.050283473, -0.016599877, -0.6018242, -5.4385737e-06, -0.027455674, -2.2771282, -0.015877163, -1.9361265e-07, -2.1411865e-05, -0.017834404, -1.5398781, -6.511407e-06, -5.5122365e-07, -1.8354628, -4.823269e-05, -0.0025379674, -0.08945203, -0.059943713, 0.0, -2.6537622e-05, -0.379777, -0.03167783, -4.3202e-07, -1.6240566e-06, -0.006489646, -0.0015504523, -1.5213274e-05, -0.00010831134, -1.2948405e-05, -1.7432603e-06, -0.0010605562, -2.7372049e-05, -4.9617593e-06, -2.677603e-05, -0.21737356, -0.00012523093, -3.7623562e-05, -6.749814e-06, -6.704273e-07, -1.60477e-05, -0.0008046258, -1.504853e-06, -2.4584822e-06, -0.000118324446, -2.4584822e-06, -1.6240566e-06, 0.0, -1.9146995e-05, -2.3392786e-06, -3.1281633e-07, -0.00017457757, -1.0683535e-05, -1.9361265e-07, -1.9361265e-07, 0.0, 0.0, -1.0445127e-05, -3.1281633e-07, -1.2664457e-06, -5.5122365e-07, -3.1281633e-07, -1.6240566e-06, -0.00048833445, -5.7292167e-05, -1.9361265e-07, 0.0, 0.0, -1.147242e-06, 0.0, 0.0, -1.8624639e-06, -4.3202e-07, 0.0, -3.1281633e-07, -1.6240566e-06, -6.869018e-06, -4.3202e-07, -1.0280384e-06, -1.11603495e-05, -4.3202e-07, -1.1756368e-05, -0.00012535013, -0.0013104788, -1.6882126e-05, -1.998142e-05, -6.704273e-07, -0.017993182, 0.0, -1.8624639e-06, 0.0, 0.0, -6.704273e-07, 0.0, -3.4121115e-06, 0.0, -3.1281633e-07, 0.0, -1.9361265e-07, -4.365741e-06, -1.2352386e-05, -1.3856493e-06, -3.1281633e-07, 0.0, -1.9361265e-07, -1.0280384e-06, -3.0545007e-06, -1.3186812e-05, -1.0280384e-06, -2.577686e-06, -1.9361265e-07, 0.0, -7.465036e-06, -7.89631e-07, -1.9361265e-07, -0.00017958412, -8.44706e-05, -2.3419034, -7.004696e-05, -9.0883464e-07, -0.00010151673, -0.0035916371, -0.36758637, -3.5359724, -3.0113732e-05, -6.704273e-07, -6.704273e-07, -1.9361265e-07, -0.77404743, -0.09191972, -0.34042326, -0.78946024, -0.573336, -5.347765e-05, -3.0113732e-05, -0.00551702, -0.89036906, -3.4762674e-05, -5.5122365e-07, -1.1168439, -1.328147, -0.18832915, -0.29198498, -0.0016500681, 0.0, -1.3856493e-06, -0.44227484, -0.018568242, -1.2664457e-06, -2.0100624e-05, -0.013884804, -0.0023125035, -3.035214e-05, -1.9385403e-05, -9.603336e-05, -0.00018601745, -0.0008149892, -6.6306106e-06, -1.7835755e-05, -2.6418418e-05, -0.43705422, -0.000104377614, -8.697388e-05, -1.5451682e-05, -4.6802244e-05, -1.9361265e-07, 0.0, -4.3202e-07, -5.9153886e-06, -4.3202e-07, -1.0280384e-06, -5.5122365e-07, 0.0, -3.1737043e-06, -3.1281633e-07, -0.00017016703, -4.298773e-05, -1.9816675e-06, 0.0, -8.061054e-06, -4.3202e-07, -6.392203e-06, -3.1281633e-07, -3.1281633e-07, -3.0545007e-06, -0.0003421376, -1.569009e-05, -1.0280384e-06, 0.0, 0.0, 0.0, 0.0, 0.0, -1.504853e-06, 0.0, -1.2590794e-05, -3.1281633e-07, -2.577686e-06, -1.147242e-06, -1.9361265e-07, -1.3067608e-05, -1.9361265e-07, -4.3202e-07, -1.9361265e-07, -5.5122365e-07, -3.2140193e-05, -1.9361265e-07, -9.0883464e-07, -1.2664457e-06, 0.0, -1.3856493e-06, 0.0, -3.1281633e-07, -1.473646e-05, -1.147242e-06, -1.9816675e-06, -7.89631e-07, -1.9361265e-07, -4.3202e-07, -1.9361265e-07, -3.1281633e-07, 0.0, -2.3392786e-06, -7.3458323e-06, -1.9361265e-07, 0.0, -4.3202e-07, -5.5122365e-07, 0.0, 0.0, -4.1273333e-06, -1.9361265e-07, -1.504853e-06, -5.5122365e-07, 0.0, 0.0, -4.723352e-06, 0.0, 0.0, -0.00040457462, -0.00011260267, -0.9970963, -0.07652417, -5.109358e-05, -0.15323515, -3.3013506, -0.00013274075, -0.09316728, -0.78922933, -0.09255293, -2.192814, -6.392203e-06, -0.0011137816, -0.31791973, -1.574886, -0.008803299, -0.9201962, -0.35057238, -0.00034440245, -3.3651044, -0.22802491, -0.000111291425, -0.7926471, -1.0564331e-05, -1.2960132, -0.01942081, -0.21225488, -0.04038032, 0.0, -4.365741e-06, -0.44370633, -0.0074573075, -1.6240566e-06, -3.2929079e-06, -0.06519266, -0.00042567, -5.9153886e-06, -1.6240566e-06, -0.0015963916, -0.002255999, -0.45450196, -5.7649777e-05, -1.9361265e-07, -3.1281633e-07, 0.0, 0.0, -3.650519e-06, -3.1281633e-07, 0.0, -0.00014931006, -0.0015719952, -0.0065834466, -1.9816675e-06, -0.09997877, -0.047982275, -0.00019614976, -0.00079140527, -3.22594e-05, -7.703444e-06, -6.749814e-06, -1.9816675e-06, 0.0, -2.1411865e-05, -9.0883464e-07, -1.9361265e-07, -1.9361265e-07, -4.406056e-05, -1.6240566e-06, -3.1737043e-06, -2.2246291e-05, -2.0458236e-05, -2.6968896e-06, -0.00036370975, -2.451116e-05, -3.650519e-06, 0.0, 0.0, -2.618001e-05, -4.3202e-07, -1.504853e-06, -1.2664457e-06, -3.7697225e-06, -4.3202e-07, -0.0003150857, -1.2829201e-05, -6.704273e-07, -7.89631e-07, -4.3202e-07, -2.220075e-06, -1.9743013e-05, -3.1281633e-07, -2.6968896e-06, -1.4617256e-05, -3.1281633e-07, -0.00013655527, -4.1273333e-06, 0.0, -1.4021238e-05, -5.5122365e-07, 0.0, -4.246537e-06, -3.1281633e-07, -4.00813e-06, -2.6656826e-05, -3.1737043e-06, -1.2664457e-06, 0.0, -6.704273e-07, -5.5122365e-07, -1.9361265e-07, -7.89631e-07, 0.0, -1.504853e-06, 0.0, 0.0, 0.0, -1.9361265e-07, -2.9352968e-06, -5.5122365e-07, 0.0, -5.2001665e-06, 0.0, -1.9361265e-07, -1.504853e-06, -1.147242e-06, -5.9153886e-06, -5.5122365e-07, 0.0, -2.7014437e-05, -1.9361265e-07, -3.1281633e-07, -0.22467723]",0
2025_11_KICE_22-27_2,['2(2)'],"1번: 화자와 ‘한때’의 기억을 잇는 매개적 존재이다. + ""당신……, 당신이라는 말 참 좋지요, 그래서 불러봅니다 킥킥""
2번: 화자의 내면에 살고 있는 ‘병자’로서 연민의 대상이다. + ""나 킥킥……, 당신을 부릅니다""
3번: 화자의 눈앞에 없지만 ‘부’름으로써 환기되는 대상이다. + ""이쁜 당신……, 당신이라는 말 참 좋지요,""
4번: 화자가 ‘버릴 수 없’고 ‘무를 수도 없는’ 숙명적 존재이다. + ""내가 아니라서 끝내 버릴 수 없는, 무를 수도 없는 참혹……, 그러나 킥킥 당신""
5번: 화자에게 ‘사랑’과 ‘슬픔’을 경험하게 하는 이중적 존재이다. + ""킥킥거리며 세월에 대해 혹은 사랑과 상처""
최종 정답: 3번: 화자의 눈앞에 없지만 ‘부’름으로써 환기되는 대상이다.","[16, 43144, 25, 1144, 3546, 26799, 81673, 3451, 24486, 3546, 3546, 529, 21028, 55216, 3546, 48859, 18359, 1144, 3546, 16969, 1144, 47496, 60861, 82068, 1144, 47496, 58232, 13094, 13447, 13, 489, 330, 65895, 83628, 14382, 11, 1144, 48859, 83628, 13094, 51440, 16969, 1144, 3546, 1144, 48859, 1144, 3546, 22035, 36811, 11, 55925, 54542, 27796, 1144, 48859, 61394, 3546, 48859, 3546, 22720, 1144, 3546, 47496, 3546, 3546, 47496, 702, 17, 43144, 25, 1144, 3546, 26799, 21028, 67236, 33390, 19954, 1144, 3546, 48859, 35495, 65621, 3451, 3546, 3546, 26799, 529, 17835, 27796, 78453, 3546, 3546, 21028, 62060, 57002, 13094, 13447, 13, 489, 330, 61415, 1144, 3546, 47496, 3546, 3546, 47496, 14382, 11, 1144, 48859, 83628, 18359, 86503, 3546, 3546, 22720, 702, 18, 43144, 25, 1144, 3546, 26799, 21028, 1144, 3546, 3546, 3546, 3546, 19954, 47782, 22035, 73653, 3451, 64189, 529, 64254, 43139, 3546, 3546, 47496, 1144, 3546, 21121, 65219, 16969, 62060, 57002, 13094, 13447, 13, 489, 330, 13094, 3546, 3546, 3546, 1144, 48859, 83628, 14382, 11, 1144, 48859, 83628, 13094, 51440, 16969, 1144, 3546, 1144, 48859, 1144, 3546, 22035, 36811, 43352, 19, 43144, 25, 1144, 3546, 26799, 20565, 3451, 80104, 3546, 48859, 29833, 47782, 529, 35495, 3451, 3546, 3546, 18918, 29833, 49085, 47782, 16969, 529, 1144, 3546, 80732, 82068, 1144, 47496, 58232, 13094, 13447, 13, 489, 330, 96318, 20565, 49508, 84136, 51440, 27796, 1144, 3546, 3546, 96318, 87931, 3546, 48859, 29833, 47782, 16969, 11, 1144, 3546, 18918, 29833, 49085, 47782, 16969, 1144, 48859, 3546, 48859, 14382, 11, 55925, 61394, 61415, 1144, 3546, 47496, 3546, 3546, 47496, 1144, 48859, 83628, 702, 20, 43144, 25, 1144, 3546, 26799, 19954, 58901, 3451, 56154, 3546, 3546, 529, 54780, 3451, 3546, 3546, 3546, 3546, 3546, 529, 18359, 44215, 3546, 3546, 3546, 16582, 58901, 220, 44005, 23955, 3546, 3546, 82068, 1144, 47496, 58232, 13094, 13447, 13, 489, 330, 3546, 3546, 47496, 3546, 3546, 47496, 93292, 29102, 3546, 48859, 1144, 48859, 3546, 3546, 19954, 62060, 34983, 1144, 48859, 34804, 33229, 3546, 3546, 54780, 59134, 3546, 3546, 702, 3546, 48859, 3546, 47496, 3546, 37155, 3546, 48859, 25, 220, 18, 43144, 25, 1144, 3546, 26799, 21028, 1144, 3546, 3546, 3546, 3546, 19954, 47782, 22035, 73653, 3451, 64189, 529, 64254, 43139, 3546, 3546, 47496, 1144, 3546, 21121, 65219, 16969, 62060, 57002, 13094, 13447, 13]","[-2.4153549e-05, -8.061054e-06, -0.00023750975, -0.4625349, -6.704273e-07, -8.418666e-06, -0.00024572382, -0.007207014, -7.58424e-06, -2.4987974e-05, -1.6882126e-05, -2.3392786e-06, -3.1281633e-07, -1.7432603e-06, -3.5313153e-06, 0.0, -5.5122365e-07, -1.9361265e-07, -2.8160932e-06, 0.0, -2.4584822e-06, 0.0, -1.8624639e-06, -3.888926e-06, -1.504853e-06, -1.9361265e-07, -1.9361265e-07, -0.00015622021, -1.0280384e-06, -0.00703859, -0.010081861, -0.08501391, -0.6291359, -3.1737043e-06, -0.2012601, -0.0019100736, -0.010671767, -4.0603656e-05, -1.0280384e-06, -0.0018537928, -4.0722858e-05, -7.89631e-07, -1.7432603e-06, -1.9361265e-07, -0.00036263696, 0.0, -6.704273e-07, 0.0, -1.147242e-06, -5.5122365e-07, -0.010766473, -4.5133394e-05, -7.398068e-05, 0.0, -0.00022666223, -2.1008714e-06, -1.9361265e-07, -3.5954712e-05, -1.3856493e-06, -9.0883464e-07, -6.704273e-07, -0.15726234, -0.000120708515, 0.0, -2.5703197e-05, -1.7432603e-06, 0.0, -0.3226702, -9.2695656e-05, -1.0445127e-05, -0.00037585758, -0.0002669384, -1.3856493e-06, -9.0883464e-07, -1.0802739e-05, -2.8206474e-05, -2.618001e-05, -1.9361265e-07, -1.0280384e-06, -1.9361265e-07, 0.0, -5.5122365e-07, -1.9361265e-07, -5.240482e-05, -2.3392786e-06, 0.0, -4.3202e-07, -7.703444e-06, -1.504853e-06, -1.27099975e-05, -3.1281633e-07, -3.1281633e-07, 0.0, -3.1281633e-07, -1.9361265e-07, -1.9361265e-07, -6.704273e-07, -3.1281633e-07, -0.0009724445, -0.016957639, -0.012450664, -2.4943213, -0.22648543, -4.7159858e-05, -5.6769813e-06, -3.357064e-05, -1.504853e-06, -1.9361265e-07, -0.0017113517, -1.11603495e-05, -3.0545007e-06, -6.6306106e-06, -4.3202e-07, -4.8425554e-06, -7.107425e-06, -6.8854926e-05, -0.00030459944, -1.147242e-06, -0.008240316, -8.061054e-06, -7.107425e-06, -9.066919e-05, -9.2695656e-05, -5.5122365e-07, -5.5122365e-07, -3.4121115e-06, -4.4849444e-06, -1.9361265e-07, -5.5122365e-07, 0.0, -5.5122365e-07, -3.1281633e-07, -1.6240566e-06, 0.0, 0.0, -0.00015741224, -1.8789384e-05, -2.1173457e-05, -3.1281633e-07, -1.0280384e-06, -1.50940705e-05, 0.0, 0.0, 0.0, -3.1281633e-07, -4.246537e-06, -3.5313153e-06, -4.3202e-07, -3.650519e-06, -6.704273e-07, -4.3202e-07, -7.89631e-07, -0.022140948, -0.13144036, -0.0012077342, -2.7254255, -0.08129152, -0.004628415, -1.9816675e-06, -1.9361265e-07, -1.9361265e-07, -2.1008714e-06, -0.021998333, -3.0828953e-05, -8.530503e-05, 0.0, -4.3202e-07, -4.246537e-06, -5.5577775e-06, -1.7432603e-06, -2.1650272e-05, 0.0, -0.00018923594, 0.0, -1.9361265e-07, 0.0, -3.7697225e-06, -9.0883464e-07, -0.06973889, -1.8074163e-05, -1.569009e-05, -5.2285613e-05, -5.6100132e-05, 0.0, -1.9361265e-07, -1.9361265e-07, -1.6166903e-05, -2.4584822e-06, -3.1281633e-07, 0.0, -6.704273e-07, -1.9361265e-07, -4.0007635e-05, -1.3856493e-06, -4.179569e-05, -3.1281633e-07, 0.0, -1.3186812e-05, -1.504853e-06, -4.3202e-07, -1.7432603e-06, -7.89631e-07, -1.8624639e-06, -4.246537e-06, 0.0, 0.0, -5.6769813e-06, -1.6240566e-06, 0.0, 0.0, -3.650519e-06, -1.9361265e-07, -0.00047821683, -0.0006067679, -0.0013210732, -0.025305387, -1.0445127e-05, -3.7697225e-06, -1.9361265e-07, 0.0, -3.7623562e-05, -0.00021641071, 0.0, 0.0, -3.4121115e-06, -3.7697225e-06, -4.3202e-07, 0.0, -1.6240566e-06, -1.9743013e-05, -1.9361265e-07, -0.009527634, -0.00012130453, -1.9361265e-07, -2.7848862e-05, -3.4121115e-06, -2.0219828e-05, -1.5809293e-05, -6.704273e-07, -0.1630343, -6.704273e-07, -1.7597347e-05, -7.89631e-07, -0.00814832, -0.664941, -0.035044845, -0.00022976153, -4.477578e-05, -0.22662193, -0.00017779607, 0.0, -0.00031448968, -1.3663626e-05, 0.0, -0.0119359195, -3.1281633e-07, -1.6286107e-05, -0.00086620287, -1.5570886e-05, -1.1517961e-05, -5.4550484e-05, -2.9517714e-05, -4.3202e-07, -5.5122365e-07, -2.1008714e-06, 0.0, -9.9251854e-05, -1.7432603e-06, 0.0, 0.0, -1.7432603e-06, -3.1281633e-07, -3.9054008e-05, -9.0883464e-07, 0.0, 0.0, 0.0, 0.0, -1.3856493e-06, -2.9352968e-06, -1.9361265e-07, 0.0, 0.0, 0.0, -4.3202e-07, -4.8425554e-06, -1.0802739e-05, 0.0, -2.220075e-06, 0.0, 0.0, -6.50404e-05, -1.2664457e-06, 0.0, 0.0, -1.0280384e-06, -1.9361265e-07, -0.0001278534, -0.00015002528, -0.0027330746, -0.7792625, -0.021928012, -3.9650025e-05, -9.996708e-05, -1.3902034e-05, 0.0, -0.1966877, -2.9352968e-06, -2.9352968e-06, 0.0, -0.054823723, -7.89631e-07, -4.00813e-06, 0.0, -3.0545007e-06, -1.0280384e-06, -6.704273e-07, -3.7697225e-06, 0.0, 0.0, -1.9361265e-07, -9.0883464e-07, 0.0, -1.3856493e-06, -1.5332478e-05, -1.8624639e-06, 0.0, -0.048798673, -7.231183e-05, 0.0, -5.5122365e-07, -3.1281633e-07, 0.0, -1.147242e-06, 0.0, 0.0, -6.2775536e-05, -0.00015240935, -0.030072121, -9.729906e-06, -1.2787915, -0.0014984336, -5.5122365e-07, -1.504853e-06, -7.9418505e-06, -2.577686e-06, -4.1273333e-06, 0.0, 0.0, 0.0, 0.0, -2.220075e-06, 0.0, 0.0, -0.00025001515, -2.6968896e-06, -1.11603495e-05, 0.0, -4.3202e-07, -2.8160932e-06, 0.0, 0.0, -1.9361265e-07, -3.1281633e-07, -6.2729996e-06, -9.0883464e-07, -1.9361265e-07, -7.89631e-07, -3.1281633e-07, 0.0, -2.9352968e-06, -0.00016921341]",0
2025_11_KICE_22-27_3,['2(3)'],"1번: '[킥킥](Bold체)’은 반복적으로 출현하는 웃음의 의성어로서, 사랑과 슬픔이 내재된 화자의 복합적인 정서를 생생하게 드러내는 표현이겠군. (지문 속 근거가 된 문장: ""시는 표현하고자 하는 바를 어떤 심적 상태에 놓인 화자의 발화로써 형상화한다."")
2번: ‘[상처에 기대, 나 킥킥……, 당신을 부릅니다](Bold체)’는 말줄임표와 쉼표를 사용한 서술로서, 상실의 고통으로 인하여 사랑의 기억이 희미해지는 화자의 심적 상태를 보여 주는 표현이겠군. (지문 속 근거가 된 문장: ""이러한 장치들은 사랑의 기억과 함께 상실의 고통을 안고 남은 생을 살아 내야 하는 화자의 복합적인 내면을 생생하게 그려 내는 역할을 한다."")
3번: ‘[킥킥거리며 세월에 대해 혹은 사랑과 상처,](Bold체)’는 맥락이 없어 보이는 표현들이 한데 이어진 서술로서, 감정들이 뒤섞인 화자의 내면을 보여 주는 표현이겠군. (지문 속 근거가 된 문장: ""나타나 있는 독특한 발화 방식, 즉 끊어질 듯 이어지는 서술, 어휘의 반복적 출현, 맥락이 없어 보이는 구절들의 배열, 수시로 등장하는 말줄임표와 쉼표 등은 사랑의 기억을 떠올리거나 상처를 치유하지 못한 화자의 내면을 드러내는 시적 장치들이다."")
4번: ‘[마음의 무덤](Bold체)’은 화자의 심적 상태를 형상화한 서술로서, 상실의 고통을 안고 생을 살아 내야 하는 화자의 내면을 비유한 표현이겠군. (지문 속 근거가 된 문장: ""'사랑하는 ○○에게’라는 편지를 쓰고 싶어 하는 자신 속의 어떤 늙지 않는 영혼을, 그 순수한 인격을 외면하고 싶었다."")
5번: '[이쁜 당신……, 당신이라는 말 참 좋지요,](Bold체)’는 끊어질 듯 이어지는 서술로서, 대상에 대하여 사랑의 감정을 품고 있는 화자의 내면을 보여 주는 표현이겠군. (지문 속 근거가 된 문장: ""그러나 너무 뻔해서 가혹했던 지리멸렬한 시간들 속에서 그는 편지 속의 1인칭 주체를 잊어버렸다."")
최종 정답: 3번: ‘[킥킥거리며 세월에 대해 혹은 사랑과 상처,](Bold체)’는 맥락이 없어 보이는 표현들이 한데 이어진 서술로서, 감정들이 뒤섞인 화자의 내면을 보여 주는 표현이겠군.","[16, 43144, 25, 18814, 3546, 3546, 47496, 3546, 3546, 47496, 9725, 43900, 50643, 8, 529, 34804, 64857, 98934, 82068, 43139, 1144, 3546, 3546, 3546, 44005, 1144, 3546, 49531, 21028, 1144, 3546, 33931, 32179, 17835, 27796, 11, 33229, 3546, 3546, 54780, 1144, 3546, 3546, 3546, 3546, 13094, 67236, 58232, 53400, 1144, 3546, 26799, 21028, 1144, 48859, 3546, 47496, 82068, 32428, 37155, 27796, 18918, 48918, 77535, 16582, 58901, 1144, 3546, 61394, 96318, 16969, 1144, 3546, 3546, 3546, 13094, 3546, 47496, 3546, 48859, 13, 320, 22035, 52688, 1144, 3546, 1144, 48859, 3546, 93292, 20565, 1144, 3546, 54535, 41953, 25, 330, 30426, 16969, 1144, 3546, 3546, 3546, 16582, 35495, 26799, 220, 44005, 82818, 18918, 1144, 48859, 3546, 3546, 47496, 1144, 3546, 82068, 59134, 87472, 19954, 1144, 3546, 3546, 32428, 1144, 3546, 26799, 21028, 97096, 57390, 17835, 3546, 3546, 47496, 1144, 3546, 57002, 57390, 52976, 13352, 17, 43144, 25, 3451, 58, 57002, 3546, 3546, 19954, 55216, 67945, 11, 74618, 1144, 3546, 47496, 3546, 3546, 47496, 14382, 11, 1144, 48859, 83628, 18359, 86503, 3546, 3546, 22720, 9725, 43900, 50643, 8, 529, 16969, 1144, 3546, 3546, 3546, 94801, 3546, 3546, 81673, 1144, 3546, 3546, 3546, 3546, 18918, 41820, 24486, 90960, 3546, 3546, 47496, 17835, 27796, 11, 59134, 3546, 47496, 21028, 1144, 47496, 3546, 43139, 59777, 83290, 33229, 3546, 3546, 21028, 55216, 3546, 48859, 13094, 1144, 3546, 3546, 57139, 34983, 22035, 16969, 1144, 3546, 26799, 21028, 1144, 3546, 82068, 59134, 87472, 18918, 64432, 58126, 56773, 16969, 1144, 3546, 3546, 3546, 13094, 3546, 47496, 3546, 48859, 13, 320, 22035, 52688, 1144, 3546, 1144, 48859, 3546, 93292, 20565, 1144, 3546, 54535, 41953, 25, 330, 13094, 61394, 24486, 1144, 47496, 60798, 65950, 34804, 33229, 3546, 3546, 21028, 55216, 3546, 48859, 54780, 52072, 3546, 3546, 3546, 59134, 3546, 47496, 21028, 1144, 47496, 3546, 18359, 96270, 35495, 1144, 47496, 34804, 48918, 18359, 1144, 3546, 48859, 54059, 67236, 90759, 220, 44005, 1144, 3546, 26799, 21028, 1144, 48859, 3546, 47496, 82068, 32428, 67236, 33390, 18359, 48918, 77535, 16582, 58901, 55925, 3546, 47496, 67236, 16969, 1144, 3546, 48936, 18359, 62398, 13447, 13352, 18, 43144, 25, 3451, 58, 3546, 3546, 47496, 3546, 3546, 47496, 93292, 29102, 3546, 48859, 1144, 48859, 3546, 3546, 19954, 62060, 34983, 1144, 48859, 34804, 33229, 3546, 3546, 54780, 59134, 3546, 3546, 11, 9725, 43900, 50643, 8, 529, 16969, 1144, 47496, 3546, 3546, 3546, 13094, 47782, 32179, 64432, 13094, 16969, 1144, 3546, 3546, 3546, 65950, 13094, 62398, 3546, 3546, 23955, 32179, 86351, 90960, 3546, 3546, 47496, 17835, 27796, 11, 1144, 3546, 30381, 65950, 13094, 1144, 3546, 47496, 3546, 3546, 32428, 1144, 3546, 26799, 21028, 67236, 33390, 18359, 64432, 58126, 56773, 16969, 1144, 3546, 3546, 3546, 13094, 3546, 47496, 3546, 48859, 13, 320, 22035, 52688, 1144, 3546, 1144, 48859, 3546, 93292, 20565, 1144, 3546, 54535, 41953, 25, 330, 61415, 3546, 3546, 61415, 65621, 1144, 3546, 3546, 48859, 24486, 97096, 57390, 75908, 77437, 11, 1144, 47496, 3546, 1144, 3546, 3546, 32179, 3546, 3546, 1144, 3546, 23955, 32179, 22035, 16969, 90960, 3546, 3546, 47496, 11, 1144, 48859, 3546, 3546, 3546, 21028, 64857, 98934, 82068, 1144, 3546, 3546, 3546, 11, 1144, 47496, 3546, 3546, 3546, 13094, 47782, 32179, 64432, 13094, 16969, 59877, 3546, 3546, 65950, 21028, 92060, 11, 29833, 30426, 17835, 78102, 41953, 44005, 1144, 3546, 3546, 3546, 94801, 3546, 3546, 81673, 1144, 3546, 3546, 3546, 3546, 78102, 34804, 33229, 3546, 3546, 21028, 55216, 3546, 48859, 18359, 1144, 3546, 47496, 3546, 3546, 29102, 93292, 61415, 59134, 3546, 3546, 18918, 1144, 3546, 3546, 47496, 88525, 1144, 3546, 24486, 1144, 3546, 26799, 21028, 67236, 33390, 18359, 1144, 3546, 61394, 96318, 16969, 45618, 82068, 1144, 47496, 60798, 65950, 13094, 13447, 13352, 19, 43144, 25, 3451, 58, 3546, 3546, 49531, 21028, 1144, 3546, 3546, 47496, 9725, 43900, 50643, 8, 529, 34804, 1144, 3546, 26799, 21028, 1144, 3546, 82068, 59134, 87472, 18918, 1144, 3546, 57002, 57390, 24486, 90960, 3546, 3546, 47496, 17835, 27796, 11, 59134, 3546, 47496, 21028, 1144, 47496, 3546, 18359, 96270, 35495, 48918, 18359, 1144, 3546, 48859, 54059, 67236, 90759, 220, 44005, 1144, 3546, 26799, 21028, 67236, 33390, 18359, 75086, 3546, 47496, 24486, 1144, 3546, 3546, 3546, 13094, 3546, 47496, 3546, 48859, 13, 320, 22035, 52688, 1144, 3546, 1144, 48859, 3546, 93292, 20565, 1144, 3546, 54535, 41953, 25, 7326, 56154, 3546, 3546, 44005, 1144, 3546, 45398, 3546, 19954, 58901, 529, 51440, 16969, 1144, 3546, 48859, 22035, 18918, 1144, 3546, 48859, 35495, 1144, 48859, 32179, 220, 44005, 65677, 83628, 1144, 3546, 21028, 1144, 48859, 3546, 3546, 47496, 1144, 3546, 3546, 22035, 51796, 16969, 1144, 3546, 3546, 3546, 18359, 11, 55925, 1144, 3546, 24140, 24486, 59777, 3546, 47496, 18359, 1144, 48859, 33390, 16582, 35495, 1144, 48859, 3546, 3546, 13352, 20, 43144, 25, 18814, 13094, 3546, 3546, 3546, 1144, 48859, 83628, 14382, 11, 1144, 48859, 83628, 13094, 51440, 16969, 1144, 3546, 1144, 48859, 1144, 3546, 22035, 36811, 11, 9725, 43900, 50643, 8, 529, 16969, 1144, 3546, 3546, 32179, 3546, 3546, 1144, 3546, 23955, 32179, 22035, 16969, 90960, 3546, 3546, 47496, 17835, 27796, 11, 62060, 57002, 19954, 62060, 83290, 33229, 3546, 3546, 21028, 1144, 3546, 30381, 18359, 1144, 3546, 3546, 35495, 65621, 1144, 3546, 26799, 21028, 67236, 33390, 18359, 64432, 58126, 56773, 16969, 1144, 3546, 3546, 3546, 13094, 3546, 47496, 3546, 48859, 13, 320, 22035, 52688, 1144, 3546, 1144, 48859, 3546, 93292, 20565, 1144, 3546, 54535, 41953, 25, 330, 49706, 61394, 61415, 1144, 3546, 3546, 3546, 1144, 3546, 3546, 97237, 36609, 3546, 48859, 3546, 3546, 3546, 3546, 3546, 67890, 29102, 3546, 48859, 3546, 3546, 24486, 45618, 63375, 65950, 1144, 3546, 57575, 55925, 16969, 1144, 3546, 48859, 22035, 1144, 3546, 21028, 220, 16, 32428, 3546, 3546, 56773, 50643, 18918, 1144, 3546, 32179, 80104, 3546, 48859, 13447, 13352, 3546, 48859, 3546, 47496, 3546, 37155, 3546, 48859, 25, 220, 18, 43144, 25, 3451, 58, 3546, 3546, 47496, 3546, 3546, 47496, 93292, 29102, 3546, 48859, 1144, 48859, 3546, 3546, 19954, 62060, 34983, 1144, 48859, 34804, 33229, 3546, 3546, 54780, 59134, 3546, 3546, 11, 9725, 43900, 50643, 8, 529, 16969, 1144, 47496, 3546, 3546, 3546, 13094, 47782, 32179, 64432, 13094, 16969, 1144, 3546, 3546, 3546, 65950, 13094, 62398, 3546, 3546, 23955, 32179, 86351, 90960, 3546, 3546, 47496, 17835, 27796, 11, 1144, 3546, 30381, 65950, 13094, 1144, 3546, 47496, 3546, 3546, 32428, 1144, 3546, 26799, 21028, 67236, 33390, 18359, 64432, 58126, 56773, 16969, 1144, 3546, 3546, 3546, 13094, 3546, 47496, 3546, 48859, 13]","[-0.00017696164, -3.4405064e-05, -0.00049465225, -0.03407359, -0.0002939903, -0.00044318195, -1.9361265e-07, -4.8425554e-06, -9.0883464e-07, 0.0, -0.00012618455, -0.00024144349, -2.8160932e-06, -0.36140037, -3.0232935e-05, -0.00013476722, -3.1737043e-06, 0.0, -1.9361265e-07, -3.7697225e-06, -1.3856493e-06, -4.3202e-07, 0.0, 0.0, -3.1281633e-07, -3.7697225e-06, -3.1281633e-07, 0.0, -2.3392786e-06, -3.1281633e-07, 0.0, 0.0, -3.1281633e-07, -8.180258e-06, -1.9027791e-05, -9.133887e-06, -6.2729996e-06, 0.0, 0.0, -1.147242e-06, -3.1281633e-07, 0.0, 0.0, -5.5122365e-07, 0.0, -3.1281633e-07, -1.9361265e-07, -5.9153886e-06, 0.0, 0.0, -1.9361265e-07, -3.1281633e-07, 0.0, -3.1281633e-07, 0.0, 0.0, 0.0, -1.1041146e-05, -6.704273e-07, -1.9361265e-07, -3.1281633e-07, -9.0883464e-07, -5.6769813e-06, -1.9361265e-07, -1.9361265e-07, -1.9361265e-07, -6.704273e-07, -1.9361265e-07, 0.0, 0.0, 0.0, -3.1281633e-07, -9.0883464e-07, 0.0, 0.0, -4.1273333e-06, -0.00040648188, 0.0, -2.9352968e-06, 0.0, -0.14870562, -2.2486782, -1.4350998, -3.6073914e-05, -0.011618186, 0.0, -0.004107254, -1.4617256e-05, 0.0, 0.0, -0.06143365, -0.00072923227, 0.0, -4.0007635e-05, 0.0, -0.065772474, -0.17689694, -1.4177474, -0.0011623653, -0.0008981238, -1.8624639e-06, 0.0, 0.0, -1.504853e-06, -6.704273e-07, -3.1281633e-07, -2.8444882e-05, 0.0, -7.89631e-07, -3.888926e-06, -6.1106686e-05, 0.0, -1.0564331e-05, -2.577686e-06, 0.0, -5.5122365e-07, -3.1281633e-07, 0.0, -1.9361265e-07, 0.0, -5.5122365e-07, -3.888926e-06, 0.0, 0.0, -1.9385403e-05, -3.1281633e-07, 0.0, -5.5122365e-07, -1.147242e-06, -0.00018828231, 0.0, -7.89631e-07, -5.5577775e-06, 0.0, 0.0, -5.6769813e-06, 0.0, -5.6769813e-06, -3.1281633e-07, -5.7649777e-05, -0.1619825, -0.00010127832, -1.7478143e-05, -0.00013679368, -0.05773044, -0.00020175234, -0.00027897433, -6.704273e-07, 0.0, -1.9361265e-07, -2.220075e-06, -1.9361265e-07, -2.220075e-06, -3.1281633e-07, -2.4630364e-05, -1.2664457e-06, -1.9361265e-07, -1.147242e-06, -1.147242e-06, 0.0, -0.00037907605, -5.080963e-06, -1.2664457e-06, 0.0, 0.0, -6.704273e-07, -1.147242e-06, -5.5577775e-06, -0.00012511172, -1.0280384e-06, -2.057744e-05, -1.0280384e-06, -1.7432603e-06, -1.1994775e-05, -4.3202e-07, -1.7432603e-06, -3.888926e-06, -1.2664457e-06, -2.749125e-05, 0.0, 0.0, 0.0, -1.9361265e-07, -2.577686e-06, -1.9361265e-07, -6.704273e-07, 0.0, 0.0, -4.3202e-07, -1.0280384e-06, -1.9361265e-07, 0.0, -8.180258e-06, 0.0, 0.0, 0.0, -1.9816675e-06, -1.9862217e-05, -2.6299214e-05, -5.6769813e-06, -1.504853e-06, 0.0, 0.0, -1.9361265e-07, -4.3202e-07, 0.0, -3.1281633e-07, -6.6306106e-06, -1.3856493e-06, 0.0, 0.0, 0.0, 0.0, -1.2664457e-06, -1.9361265e-07, 0.0, 0.0, 0.0, 0.0, -1.9361265e-07, -3.1281633e-07, 0.0, 0.0, 0.0, -1.9361265e-07, 0.0, -3.1281633e-07, 0.0, -1.9361265e-07, -1.9361265e-07, 0.0, -1.9361265e-07, -1.9361265e-07, -1.9361265e-07, -7.89631e-07, 0.0, -0.0010515078, 0.0, -7.89631e-07, 0.0, 0.0, 0.0, -3.1281633e-07, -1.4378848e-05, 0.0, -4.3202e-07, 0.0, -0.007591603, -0.0013314292, -0.00010402, -2.749125e-05, -3.1281633e-07, 0.0, -6.392203e-06, 0.0, 0.0, 0.0, -3.1281633e-07, -1.247159e-05, 0.0, -1.9743013e-05, 0.0, -0.0003770496, -0.07768881, -2.635489, -0.12440546, 0.0, -6.325235e-05, -1.3856493e-06, -1.9361265e-07, -3.1281633e-07, -7.107425e-06, -2.618001e-05, 0.0, 0.0, 0.0, -0.00010151673, -7.107425e-06, 0.0, -0.00018649426, -3.1281633e-07, 0.0, -1.9361265e-07, -1.9361265e-07, -2.3392786e-06, 0.0, 0.0, 0.0, -1.9361265e-07, -1.9361265e-07, 0.0, -1.9361265e-07, -1.2664457e-06, 0.0, -7.58424e-06, 0.0, -2.4584822e-06, -1.504853e-06, -1.3856493e-06, -1.9361265e-07, 0.0, 0.0, -2.577686e-06, -2.58224e-05, 0.0, -0.00011319869, 0.0, -8.971556e-05, 0.0, -4.3202e-07, -4.3202e-07, -6.086828e-05, -1.9361265e-07, -1.2664457e-06, 0.0, -1.2664457e-06, -6.511407e-06, -3.7697225e-06, -1.4617256e-05, -5.5122365e-07, -4.246537e-06, -1.0280384e-06, -1.6240566e-06, -4.3202e-07, -2.1008714e-06, -6.869018e-06, 0.0, -9.960947e-05, -4.3202e-07, -1.9361265e-07, 0.0, 0.0, -6.704273e-07, -1.3856493e-06, -3.1281633e-07, -0.0038191956, -8.6735476e-05, -7.421909e-05, -5.9914648e-05, -0.036768552, -1.9027791e-05, -0.000377288, -1.9146995e-05, 0.0, -2.3392786e-06, -1.9816675e-06, 0.0, -6.749814e-06, -6.704273e-07, -3.1281633e-07, 0.0, -2.3392786e-06, -1.9361265e-07, -4.3202e-07, 0.0, -4.3202e-07, 0.0, -1.9361265e-07, 0.0, 0.0, 0.0, 0.0, 0.0, 0.0, -1.9361265e-07, -4.3202e-07, -1.0280384e-06, 0.0, -0.0006391693, -1.7597347e-05, -9.0883464e-07, -7.89631e-07, -6.392203e-06, -1.504853e-06, -5.5122365e-07, -3.7385154e-05, -3.888926e-06, -2.4584822e-06, 0.0, -4.9617593e-06, 0.0, -1.2664457e-06, -1.9361265e-07, -2.8325678e-05, -3.650519e-06, 0.0, -7.89631e-07, 0.0, 0.0, -9.0883464e-07, 0.0, -9.0883464e-07, -5.5146502e-05, -5.6769813e-06, -3.1281633e-07, -1.3067608e-05, 0.0, -3.1281633e-07, -2.6968896e-06, 0.0, 0.0, 0.0, -1.504853e-06, -2.6968896e-06, -3.7697225e-06, -5.9153886e-06, -1.9361265e-07, 0.0, 0.0, 0.0, -3.1281633e-07, -6.704273e-07, 0.0, 0.0, 0.0, -2.8160932e-06, 0.0, 0.0, 0.0, 0.0, -1.147242e-06, -7.9418505e-06, -1.9361265e-07, -5.5122365e-07, 0.0, -0.0001563394, 0.0, -1.9361265e-07, 0.0, 0.0, 0.0, 0.0, -5.5122365e-07, 0.0, 0.0, 0.0, -0.0071955356, -0.01771929, -0.001639116, -7.9418505e-06, -4.9617593e-06, 0.0, -3.0113732e-05, 0.0, 0.0, 0.0, -7.89631e-07, -3.22594e-05, 0.0, -3.2736214e-05, -1.9361265e-07, -0.00048274655, -0.001546049, -4.273144, -1.714843, -0.00036275614, -0.00019483852, -0.00041887542, -0.00029005657, -1.3856493e-06, -1.9361265e-07, 0.0, -1.9361265e-07, -5.9153886e-06, 0.0, -6.704273e-07, -2.6968896e-06, -0.00039194638, -0.009009949, -8.43514e-05, -3.631232e-05, -0.000127615, -3.1281633e-07, 0.0, -5.2001665e-06, -0.0002258278, 0.0, -3.1281633e-07, 0.0, -6.869018e-06, 0.0, -5.5122365e-07, -1.9361265e-07, -6.384837e-05, 0.0, 0.0, 0.0, -0.00015407454, -0.00027051452, -1.9361265e-07, -5.5122365e-07, -6.704273e-07, 0.0, -9.0883464e-07, -1.9816675e-06, -5.5122365e-07, -2.4584822e-06, -2.7968066e-05, 0.0, 0.0, 0.0, -0.00015574339, -3.500108e-05, -7.89631e-07, -4.9617593e-06, -4.4849444e-06, 0.0, -4.8425554e-06, -0.00014311148, -9.0883464e-07, -9.610702e-06, -9.014684e-06, 0.0, -1.247159e-05, 0.0, 0.0, -1.9361265e-07, -4.3202e-07, -1.5809293e-05, -0.012056537, -0.0003432104, -9.0883464e-07, -1.8624639e-06, -1.1637165e-05, 0.0, -3.1281633e-07, -5.080963e-06, -4.3202e-07, -2.220075e-06, 0.0, -1.9361265e-07, 0.0, 0.0, -1.2233183e-05, -5.5122365e-07, -3.1281633e-07, 0.0, -3.1281633e-07, -1.2664457e-06, -0.00141595, -7.2073424e-05, -0.00038157566, -3.1281633e-07, 0.0, -1.504853e-06, -5.216641e-05, -5.2001665e-06, 0.0, -5.5122365e-07, -9.0883464e-07, -2.9352968e-06, 0.0, -1.0564331e-05, 0.0, -1.2664457e-06, -4.3202e-07, -3.1281633e-07, -3.8577193e-05, -1.9361265e-07, -1.9361265e-07, -9.0883464e-07, 0.0, 0.0, -1.6240566e-06, 0.0, -3.1281633e-07, -1.2664457e-06, 0.0, -5.7961847e-06, -1.9361265e-07, -4.3202e-07, -6.704273e-07, -6.704273e-07, -1.3067608e-05, -1.0564331e-05, -2.4584822e-06, -6.704273e-07, -5.5122365e-07, 0.0, -7.89631e-07, -1.3856493e-06, -1.4259645e-05, 0.0, -2.1008714e-06, -2.577686e-06, -3.1281633e-07, -2.2127088e-05, -8.418666e-06, -2.7968066e-05, -0.0017084945, -4.501419e-05, -9.133887e-06, -0.00012546933, -0.023825113, -3.8696395e-05, -1.4974867e-05, 0.0, 0.0, 0.0, 0.0, 0.0, 0.0, 0.0, -8.537869e-06, -5.5122365e-07, -1.8624639e-06, -2.4584822e-06, -1.9361265e-07, -1.2113979e-05, 0.0, -4.3202e-07, -1.9361265e-07, 0.0, -1.9361265e-07, 0.0, 0.0, 0.0, 0.0, -3.1281633e-07, 0.0, 0.0, -4.3202e-07, 0.0, 0.0, -1.147242e-06, 0.0, 0.0, 0.0, -1.2664457e-06, -1.9361265e-07, -1.3067608e-05, -4.3202e-07, 0.0, 0.0, 0.0, 0.0, 0.0, 0.0, -6.2729996e-06, -1.9361265e-07, 0.0, -1.2664457e-06, -2.9352968e-06, -1.9361265e-07, 0.0, 0.0, -5.5122365e-07, -4.3202e-07, 0.0, -7.465036e-06, 0.0, 0.0, 0.0, -1.9361265e-07, 0.0, -1.147242e-06, -3.0545007e-06, -2.4584822e-06, -1.9361265e-07, 0.0, -1.9361265e-07, 0.0, 0.0, 0.0, 0.0, 0.0, 0.0, -3.1281633e-07, 0.0, 0.0, 0.0, -0.00013584005, -0.00030459944, -1.1517961e-05, -8.061054e-06, 0.0, 0.0, -9.0883464e-07, 0.0, 0.0, 0.0, 0.0, -2.1411865e-05, 0.0, -4.00813e-06, -3.1281633e-07, -4.6802244e-05, -1.8363246, -3.8819134, -0.000119039665, -1.9361265e-07, -0.02845053, -0.000565065, -5.5122365e-07, -6.122589e-05, -1.9361265e-07, -1.4259645e-05, -0.00021641071, -0.34301415, -7.016616e-05, -3.1737043e-06, -0.00045689035, -7.9418505e-06, -3.1281633e-07, 0.0, -1.9027791e-05, -0.0010137568, -0.012487759, -0.00072827865, -0.0005632806, -9.0883464e-07, 0.0, -0.00016480287, -6.3490756e-05, -6.511407e-06, -7.822647e-06, -3.1737043e-06, -1.640531e-05, 0.0, -1.1637165e-05, -2.4749568e-05, 0.0, -3.4762674e-05, -5.5122365e-07, 0.0, -2.6968896e-06, -3.0545007e-06, -1.9361265e-07, -3.1737043e-06, -5.5122365e-07, -5.3193703e-06, -2.3392786e-06, 0.0, -1.8624639e-06, 0.0, -1.831257e-05, -0.0010774685, -7.505351e-05, -0.00048322338, 0.0, -1.3856493e-06, -1.0445127e-05, -3.888926e-06, -7.9418505e-06, -4.3202e-07, -7.89631e-07, -1.7432603e-06, -5.6769813e-06, -3.2929079e-06, -7.58424e-06, -2.2484697e-05, -5.080963e-06, 0.0, -0.00439546, -4.727906e-05, -0.008568241, -1.342522e-05, -3.070975e-05, -4.0603656e-05, -0.000318781, -0.00015705463, -5.8245798e-05, 0.0, 0.0, -1.9361265e-07, 0.0, 0.0, -0.00069897284, -2.3438328e-05, -1.9361265e-07, 0.0, -3.1281633e-07, 0.0, -1.3856493e-06, 0.0, -5.5122365e-07, 0.0, 0.0, 0.0, 0.0, 0.0, 0.0, -1.9361265e-07, -3.9530823e-05, -0.00039968727, -1.504853e-06, -6.869018e-06, -0.0007605535, -1.504853e-06, -1.9862217e-05, -1.0087517e-05, -3.1281633e-07, -4.3202e-07, -6.704273e-07, -8.280175e-05, 0.0, 0.0, 0.0, -3.2929079e-06, 0.0, -7.89631e-07, 0.0, -5.7961847e-06, 0.0, 0.0, 0.0, -1.147242e-06, -3.1737043e-06, -7.107425e-06, -6.704273e-07, -5.5122365e-07, -1.9361265e-07, -1.9361265e-07, -1.504853e-06, -4.3202e-07, 0.0, 0.0, -1.9361265e-07, -1.9361265e-07, 0.0, 0.0, -1.9361265e-07, -1.9361265e-07, 0.0, 0.0, -1.9361265e-07, 0.0, -1.9361265e-07, -1.9361265e-07, -3.1281633e-07, 0.0, -2.220075e-06, -5.2001665e-06, -5.5122365e-07, -5.5122365e-07, 0.0, -1.9027791e-05, 0.0, -3.1281633e-07, 0.0, 0.0, 0.0, -3.1281633e-07, -3.650519e-06, 0.0, -1.9361265e-07, 0.0, -6.241792e-05, -0.0002935135, -3.1737043e-06, -1.6524515e-05, -1.9361265e-07, 0.0, -4.3202e-07, 0.0, 0.0, 0.0, -1.9361265e-07, -1.9146995e-05, 0.0, -6.6306106e-06, -1.9361265e-07, -9.364929e-05, -0.33705187, -1.8158698, -4.651008, -0.0035859374, -0.64432687, -6.313315e-05, -0.00028326566, -2.2246291e-05, -0.0017996504, -5.8126592e-05, -6.1537958e-06, -4.143808e-05, -0.000100205485, -5.080963e-06, 0.0, -0.44306833, -1.2948405e-05, -4.0246043e-05, -1.4617256e-05, -1.1756368e-05, -0.00023941702, -4.465658e-05, -7.8987236e-05, -1.3186812e-05, -0.00051705155, -1.8624639e-06, -8.537869e-06, -3.1737043e-06, -1.9361265e-07, -1.4378848e-05, -1.0921943e-05, 0.0, -3.0545007e-06, -0.00043019242, -3.8934802e-05, -0.0007501865, -5.080963e-06, -3.1281633e-07, -1.147242e-06, -1.9504607e-05, 0.0, -0.00034559448, -2.0458236e-05, -5.2001665e-06, -5.5122365e-07, -5.6769813e-06, 0.0, -6.392203e-06, -2.1173457e-05, -8.299462e-06, -6.253713e-05, -1.3306016e-05, -9.0883464e-07, -5.1331983e-05, -0.00011784763, -1.9361265e-07, -6.704273e-07, -0.09633084, -7.0404574e-05, 0.0, -4.3202e-07, 0.0, 0.0, -9.0883464e-07, -1.9361265e-07, 0.0, -8.292095e-05, -0.00093933154, -0.037536867, -2.808727e-05, -0.37547716, -0.0049080583, -0.0003582264, -2.2603901e-05, -4.3464544e-05, 0.0, -1.8624639e-06, -5.7961847e-06, 0.0, -5.2047206e-05, -1.0280384e-06, -6.749814e-06, 0.0, -3.888926e-06, -6.704273e-07, -5.5122365e-07, 0.0, -1.504853e-06, -1.9361265e-07, -1.9361265e-07, 0.0, 0.0, 0.0, 0.0, 0.0, 0.0, -3.1281633e-07, 0.0, -6.704273e-07, -1.9361265e-07, -0.00026133584, -5.0497558e-05, -5.3193703e-06, -4.9617593e-06, -0.00040934276, -8.061054e-06, -1.3856493e-06, -3.6073914e-05, -2.220075e-06, -2.8160932e-06, -7.89631e-07, 0.0, -1.9361265e-07, -1.2664457e-06, 0.0, -1.0564331e-05, -5.252402e-05, 0.0, -1.2590794e-05, -7.89631e-07, 0.0, 0.0, 0.0, -2.3392786e-06, -2.0219828e-05, -5.5577775e-06, 0.0, -1.7239736e-05, -1.9361265e-07, -1.2664457e-06, -4.00813e-06, 0.0, 0.0, 0.0, -1.342522e-05, -1.1517961e-05, -8.89548e-06, -1.8431772e-05, -3.1281633e-07, -3.1281633e-07, -1.9361265e-07, -1.9361265e-07, -3.5313153e-06, -3.1281633e-07, 0.0, -3.1281633e-07, 0.0, -2.6968896e-06, -1.9361265e-07, -1.9361265e-07, -1.147242e-06, 0.0, -1.6240566e-06, -3.2929079e-06, -1.9361265e-07, -1.147242e-06, 0.0, -4.85903e-05, 0.0, -2.4584822e-06, -5.5122365e-07, 0.0, 0.0, -1.9361265e-07, -1.1994775e-05, 0.0, -1.2664457e-06, 0.0, -9.066919e-05]",0
2025_11_KICE_22-27_4,['1(2)'],"1번: ⓐ는 치병의 노력으로도 환후가 사라지는 것은 아니라는 화자의 인식을 말한다. 
(나)의 지문에서 ""치병: 병을 다스림. 환후: 병을 정중하게 이르는 말."" 부분에서 화자가 환후가 사라지지 않는다는 것을 인식하고 표현한 것을 확인할 수 있다.
2번: ⓑ는 사랑의 편지가 상대를 향한 표현일 때, 위선과 위악에서 벗어날 수 있음을 말한다.
(다)의 지문에서 ""누군가가 듣기를 바라는 모든 고백이란, 위선이 아니면 위악이다"" 부분에서 상대를 위한 표현이 위선이나 위악에 벗어날 수 있는지에 대해 이야기하고 있다.
최종 정답: 1번 - ⓐ는 치병의 노력으로도 환후가 사라지는 것은 아니라는 화자의 인식을 말한다.","[16, 43144, 25, 1144, 3546, 3546, 16969, 1144, 3546, 3546, 3546, 21028, 1144, 3546, 48859, 29854, 43139, 49085, 1144, 3546, 3546, 3546, 20565, 33229, 51440, 22035, 16969, 72208, 34804, 49508, 84136, 51440, 16969, 1144, 3546, 26799, 21028, 59777, 77437, 18359, 1144, 3546, 52976, 13, 720, 7, 61415, 8, 21028, 67890, 52688, 57575, 330, 60798, 3546, 3546, 25, 1144, 3546, 18359, 50467, 25941, 3546, 3546, 13, 1144, 3546, 3546, 3546, 25, 1144, 3546, 18359, 37155, 3546, 3546, 16582, 58901, 23955, 3546, 48859, 16969, 1144, 3546, 1210, 86503, 80816, 57575, 1144, 3546, 26799, 20565, 1144, 3546, 3546, 3546, 20565, 33229, 51440, 22035, 22035, 51796, 16969, 13447, 16969, 72208, 18359, 59777, 77437, 16582, 35495, 1144, 3546, 3546, 3546, 24486, 72208, 18359, 74959, 48936, 29833, 91786, 627, 17, 43144, 25, 1144, 3546, 3546, 16969, 33229, 3546, 3546, 21028, 1144, 3546, 48859, 22035, 20565, 59134, 67945, 18918, 1144, 3546, 47496, 24486, 1144, 3546, 3546, 3546, 33177, 54718, 11, 46810, 3546, 47496, 54780, 46810, 3546, 3546, 57575, 1144, 3546, 32179, 3546, 47496, 29833, 36439, 49531, 18359, 1144, 3546, 52976, 627, 7, 13447, 8, 21028, 67890, 52688, 57575, 330, 3546, 3546, 3546, 3546, 48859, 20565, 20565, 1144, 47496, 21121, 18918, 82818, 51440, 16969, 55170, 82776, 1144, 47496, 3546, 48859, 13094, 3546, 3546, 11, 46810, 3546, 47496, 13094, 49508, 84136, 33390, 46810, 3546, 3546, 13094, 13447, 1, 86503, 80816, 57575, 59134, 67945, 18918, 46810, 24486, 1144, 3546, 3546, 3546, 13094, 46810, 3546, 47496, 13094, 61415, 46810, 3546, 3546, 19954, 1144, 3546, 32179, 3546, 47496, 29833, 65621, 22035, 19954, 62060, 34983, 23955, 90759, 21121, 16582, 35495, 91786, 627, 3546, 48859, 3546, 47496, 3546, 37155, 3546, 48859, 25, 220, 16, 43144, 482, 1144, 3546, 3546, 16969, 1144, 3546, 3546, 3546, 21028, 1144, 3546, 48859, 29854, 43139, 49085, 1144, 3546, 3546, 3546, 20565, 33229, 51440, 22035, 16969, 72208, 34804, 49508, 84136, 51440, 16969, 1144, 3546, 26799, 21028, 59777, 77437, 18359, 1144, 3546, 52976, 13]","[-0.0022928752, -6.392203e-06, -0.00045021495, -0.00047035306, -6.0345924e-06, -0.00070099934, -1.2352386e-05, -4.632543e-05, -4.561021e-05, -2.8160932e-06, 0.0, -3.8219583e-05, -4.723352e-06, -1.0280384e-06, 0.0, -5.5122365e-07, -1.2664457e-06, -6.511407e-06, -4.3202e-07, 0.0, -1.2664457e-06, -1.0325924e-05, -4.9617593e-06, -3.0545007e-06, -1.0280384e-06, -1.9361265e-07, -5.5265704e-05, -5.5122365e-07, -9.0883464e-07, -1.867018e-05, -1.0280384e-06, -1.9361265e-07, -3.5313153e-06, -9.0883464e-07, -1.640531e-05, -7.89631e-07, -1.9361265e-07, -5.5122365e-07, 0.0, -1.2664457e-06, -3.1281633e-07, 0.0, -6.511407e-06, -0.006994319, -1.7556875, -0.5693648, -0.26365727, -0.012231304, -0.94616336, -0.5548876, -7.576874e-05, -0.07470958, -0.023194343, -0.61834913, -1.0802739e-05, 0.0, -1.0518353, -6.749814e-06, 0.0, -5.6769813e-06, -1.6240566e-06, -1.2233183e-05, -0.00011236426, -6.704273e-07, -0.09147227, -0.76139784, -4.246537e-06, -1.11603495e-05, -3.786197e-05, -3.1424974e-05, -5.0020742e-05, -3.1281633e-07, -1.7432603e-06, -2.3392786e-06, -1.9361265e-07, -1.9361265e-07, -5.4908094e-05, -2.6968896e-06, -1.5213274e-05, -2.0219828e-05, -1.9816675e-06, -1.3856493e-06, -5.5122365e-07, 0.0, -0.0672419, -1.246267, -4.2153304e-05, -0.4480747, -1.3582535, -1.0705533, 0.0, -0.5505732, -1.0968058, -0.00053921243, -0.0008444105, -4.6444635e-05, -1.8452282, -0.4934497, -0.003619197, -0.001550333, -0.1477635, -0.004269885, -0.4297674, -0.041569766, -0.42880556, -0.87050015, -0.007036455, -0.61258155, -0.058488317, -0.02959762, -0.00062177295, -5.7354803, -0.020035375, -3.2736214e-05, 0.0, -2.3435814, -0.011898691, -0.84270847, -1.5046306, -5.3193703e-06, 0.0, -0.36147997, -0.9166374, -0.0045946073, -6.6306106e-06, -6.5278815e-05, -0.0009911301, -1.5332478e-05, -0.009649136, -0.0001246349, -0.0011679606, 0.0, 0.0, -1.6240566e-06, -9.0883464e-07, 0.0, 0.0, 0.0, -7.89631e-07, -2.577686e-06, 0.0, -9.0883464e-07, -8.299462e-06, 0.0, 0.0, -1.9361265e-07, -7.89631e-07, -4.3202e-07, -1.9361265e-07, 0.0, -3.5477897e-05, -6.704273e-07, -4.370295e-05, -3.7697225e-06, -6.704273e-07, 0.0, -4.3202e-07, -6.704273e-07, -1.9361265e-07, -4.3202e-07, -3.1186566e-05, -1.9361265e-07, 0.0, 0.0, -8.657073e-06, -5.5122365e-07, -4.3202e-07, -1.147242e-06, -1.147242e-06, -3.1281633e-07, -1.9361265e-07, 0.0, -3.7697225e-06, -0.28218535, -0.0026631698, -0.00059473567, -1.504853e-06, -0.00031019835, -9.233804e-05, -0.0010136376, -0.0062649506, -0.022091512, -0.013964867, -6.325235e-05, -3.1281633e-07, -0.000108668944, -5.5122365e-07, -3.1281633e-07, -4.3202e-07, -3.0545007e-06, -3.1281633e-07, -1.0280384e-06, -5.7961847e-06, 0.0, -7.465036e-06, -4.3202e-07, -8.017927e-05, -7.703444e-06, -0.00232546, -2.1008714e-06, -4.3202e-07, 0.0, -1.8624639e-06, -4.365741e-06, -7.89631e-07, -3.23786e-05, -5.5577775e-06, -7.703444e-06, -6.704273e-07, -9.0883464e-07, -1.1994775e-05, -9.253091e-06, -1.9816675e-06, -1.11603495e-05, -1.9816675e-06, -4.723352e-06, -1.8193366e-05, -7.465036e-06, -0.13043192, -0.008377341, -1.6240566e-06, -0.026737045, -2.691143, -0.00028576894, -0.9167955, -0.14685096, -0.692062, -0.3857227, -0.09307333, -0.00012558853, 0.0, -0.551303, -0.7048218, -0.021690767, -1.0683535e-05, -0.19327894, -0.025680857, -0.0006205809, -0.00015074051, -1.5451682e-05, -2.7138567, -1.0399703, -1.6524515e-05, -1.5213274e-05, -0.28181472, -0.016332999, -0.0034393421, -1.7383647, -1.2658191, -0.32272312, -0.011860532, -3.9126184, -0.9711574, -0.016753806, 0.0, -0.02052531, -7.076218e-05, -0.13318749, -0.034891516, -0.10764147, 0.0, -7.89631e-07, 0.0, 0.0, -3.1737043e-06, -1.9361265e-07, 0.0, -6.909333e-05, -0.0009788631, -0.005352936, -4.3202e-07, -1.0573628, -0.0006565584, -3.1281633e-07, -5.5122365e-07, -1.6643718e-05, -1.18755715e-05, -1.0280384e-06, 0.0, 0.0, -1.147242e-06, -5.9153886e-06, -7.89631e-07, -3.1281633e-07, -1.7432603e-06, -1.6240566e-06, -1.6882126e-05, -6.704273e-07, 0.0, -1.9361265e-07, 0.0, 0.0, -1.504853e-06, -1.9361265e-07, -1.9361265e-07, -3.094816e-05, -1.147242e-06, -5.5122365e-07, -1.8624639e-06, -4.3202e-07, 0.0, 0.0, -1.6240566e-06, -1.147242e-06, -5.5577775e-06, -1.9361265e-07, -4.3202e-07, 0.0, -4.3202e-07, -1.9361265e-07, 0.0, -2.9352968e-06, -1.4855664e-05]",2
2025_11_KICE_22-27_5,['1(2)'],"1번: ‘[익명의 욕구](Bold체)’를 ‘[통제할 수 없](Bold체)’다는 것은 상대를 향한 ‘[그](Bold체)’의 사랑이 운명적인 것이어서 사랑을 멈출 수 없음을 말하는군. + ""‘내 고백을 누군가가 들어준다는 충만한 느낌’""
2번: ‘[아무 전언도 들어 있지 않다](Bold체)’는 것은 ‘[처음에 품었던 소소한 의도](Bold체)’를 잊음으로써, 상대를 향한 글쓰기의 ‘[현실적인 목표](Bold체)’가 실패로 돌아갔음을 말하는군. + ""‘그의들끓는 고백의 언어들은 고스란히 자신에게 돌아왔다.’""
3번: ‘[2인칭을 경유하여 1인칭으로 돌아온다](Bold체)’는 것은 편지가 상대를 향한 ‘[도구적](Bold체)’ 기능을 하지 못하고 자기 고백에 그치게 됨을 말하는군. + ""‘고백이란 결국 2인칭을 경유하여 1인칭으로 돌아온다.’""
4번: '‘[편지 속의 그](Bold체)’를 그녀는 사랑했다’는 것은 편지를 받은 그녀가 사랑한 상대는 편지 속의 ‘[또 다른 영혼](Bold체)’임을 말하는군. + ""‘편지 속의 그’에게 매료되었다.""
5번: ‘[자신의 비루함을 뼛속 깊이 실감했다](Bold체)’는 것은 실제 자신과 이상화된 자신 사이의 간극을 자각한 ‘[그](Bold체)’가 부끄러움에 빠져있음을 말하는군. + ""‘자신의 비루함을 뼛속 깊이 실감했다.’""
최종 정답: 2번 - ‘[아무 전언도 들어 있지 않다](Bold체)’는 것은 ‘[처음에 품었던 소소한 의도](Bold체)’를 잊음으로써, 상대를 향한 글쓰기의 ‘[현실적인 목표](Bold체)’가 실패로 돌아갔음을 말하는군. + ""‘그의들끓는 고백의 언어들은 고스란히 자신에게 돌아왔다.’""","[16, 43144, 25, 3451, 58, 3546, 48859, 80732, 21028, 1144, 3546, 89359, 9725, 43900, 50643, 8, 529, 18918, 3451, 58, 3546, 3546, 38187, 48936, 29833, 47782, 9725, 43900, 50643, 8, 529, 13447, 16969, 72208, 34804, 59134, 67945, 18918, 1144, 3546, 47496, 24486, 3451, 58, 49706, 9725, 43900, 50643, 8, 529, 21028, 33229, 3546, 3546, 13094, 1144, 48859, 80732, 82068, 32428, 72208, 13094, 32179, 27796, 33229, 3546, 3546, 18359, 1144, 3546, 71023, 29833, 47782, 49531, 18359, 1144, 3546, 44005, 3546, 48859, 13, 489, 330, 14336, 96318, 1144, 47496, 3546, 48859, 18359, 1144, 3546, 3546, 3546, 48859, 20565, 20565, 1144, 47496, 32179, 3546, 3546, 13447, 16969, 1144, 47496, 73653, 24486, 1144, 3546, 3546, 3546, 3546, 529, 702, 17, 43144, 25, 3451, 58, 54059, 3546, 3546, 57519, 3546, 48859, 49085, 1144, 47496, 32179, 36439, 22035, 51796, 13447, 9725, 43900, 50643, 8, 529, 16969, 72208, 34804, 3451, 58, 3546, 3546, 49531, 19954, 1144, 3546, 3546, 3546, 3546, 3546, 3546, 1144, 3546, 44690, 24486, 1144, 3546, 49085, 9725, 43900, 50643, 8, 529, 18918, 1144, 3546, 49531, 43139, 3546, 3546, 47496, 11, 59134, 67945, 18918, 1144, 3546, 47496, 24486, 1144, 3546, 3546, 3546, 48859, 21121, 21028, 3451, 58, 3546, 3546, 3546, 47496, 82068, 32428, 1144, 47496, 3546, 3546, 9725, 43900, 50643, 8, 529, 20565, 1144, 3546, 17835, 1144, 3546, 54059, 3546, 3546, 49531, 18359, 1144, 3546, 44005, 3546, 48859, 13, 489, 330, 14336, 49706, 21028, 65950, 3546, 3546, 3546, 16969, 1144, 47496, 3546, 48859, 21028, 1144, 48859, 32179, 65950, 34804, 1144, 47496, 25941, 3546, 3546, 3546, 3546, 3546, 65677, 83628, 19954, 58901, 1144, 3546, 54059, 3546, 3546, 13447, 14639, 702, 18, 43144, 25, 3451, 58, 17, 32428, 3546, 3546, 18359, 44215, 3546, 47496, 83290, 220, 16, 32428, 3546, 3546, 43139, 1144, 3546, 54059, 3546, 47496, 13447, 9725, 43900, 50643, 8, 529, 16969, 72208, 34804, 1144, 3546, 48859, 22035, 20565, 59134, 67945, 18918, 1144, 3546, 47496, 24486, 3451, 58, 49085, 89359, 82068, 9725, 43900, 50643, 8, 529, 55216, 67119, 18359, 55000, 22035, 1144, 3546, 16582, 35495, 65677, 21121, 1144, 47496, 3546, 48859, 19954, 55925, 60798, 58901, 1144, 47496, 18359, 1144, 3546, 44005, 3546, 48859, 13, 489, 330, 14336, 35495, 3546, 48859, 13094, 3546, 3546, 83719, 3546, 3546, 220, 17, 32428, 3546, 3546, 18359, 44215, 3546, 47496, 83290, 220, 16, 32428, 3546, 3546, 43139, 1144, 3546, 54059, 3546, 47496, 13447, 14639, 702, 19, 43144, 25, 364, 14336, 58, 3546, 3546, 48859, 22035, 1144, 3546, 21028, 55925, 9725, 43900, 50643, 8, 529, 18918, 55925, 3546, 3546, 16969, 33229, 3546, 3546, 3546, 3546, 3546, 529, 16969, 72208, 34804, 1144, 3546, 48859, 22035, 18918, 84696, 34804, 55925, 3546, 3546, 20565, 33229, 3546, 3546, 24486, 59134, 67945, 16969, 1144, 3546, 48859, 22035, 1144, 3546, 21028, 3451, 58, 3546, 3546, 3546, 50467, 84065, 1144, 3546, 3546, 3546, 9725, 43900, 50643, 8, 529, 94801, 18359, 1144, 3546, 44005, 3546, 48859, 13, 489, 330, 14336, 3546, 3546, 48859, 22035, 1144, 3546, 21028, 55925, 529, 19954, 58901, 1144, 47496, 64356, 65219, 3546, 3546, 10246, 20, 43144, 25, 3451, 58, 26799, 83628, 21028, 75086, 3546, 47496, 79053, 18359, 1144, 3546, 3546, 3546, 3546, 1144, 48859, 3546, 13094, 1144, 47496, 3546, 3546, 3546, 3546, 3546, 9725, 43900, 50643, 8, 529, 16969, 72208, 34804, 1144, 47496, 38187, 65677, 83628, 54780, 23955, 57002, 57390, 53400, 65677, 83628, 33229, 13094, 21028, 1144, 3546, 3546, 48859, 18359, 65677, 3546, 3546, 24486, 3451, 58, 49706, 9725, 43900, 50643, 8, 529, 20565, 86503, 3546, 3546, 3546, 61394, 3546, 3546, 19954, 1144, 48859, 47496, 84377, 3546, 3546, 49531, 18359, 1144, 3546, 44005, 3546, 48859, 13, 489, 330, 14336, 26799, 83628, 21028, 75086, 3546, 47496, 79053, 18359, 1144, 3546, 3546, 3546, 3546, 1144, 48859, 3546, 13094, 1144, 47496, 3546, 3546, 3546, 3546, 3546, 14639, 702, 3546, 48859, 3546, 47496, 3546, 37155, 3546, 48859, 25, 220, 17, 43144, 482, 3451, 58, 54059, 3546, 3546, 57519, 3546, 48859, 49085, 1144, 47496, 32179, 36439, 22035, 51796, 13447, 9725, 43900, 50643, 8, 529, 16969, 72208, 34804, 3451, 58, 3546, 3546, 49531, 19954, 1144, 3546, 3546, 3546, 3546, 3546, 3546, 1144, 3546, 44690, 24486, 1144, 3546, 49085, 9725, 43900, 50643, 8, 529, 18918, 1144, 3546, 49531, 43139, 3546, 3546, 47496, 11, 59134, 67945, 18918, 1144, 3546, 47496, 24486, 1144, 3546, 3546, 3546, 48859, 21121, 21028, 3451, 58, 3546, 3546, 3546, 47496, 82068, 32428, 1144, 47496, 3546, 3546, 9725, 43900, 50643, 8, 529, 20565, 1144, 3546, 17835, 1144, 3546, 54059, 3546, 3546, 49531, 18359, 1144, 3546, 44005, 3546, 48859, 13, 489, 330, 14336, 49706, 21028, 65950, 3546, 3546, 3546, 16969, 1144, 47496, 3546, 48859, 21028, 1144, 48859, 32179, 65950, 34804, 1144, 47496, 25941, 3546, 3546, 3546, 3546, 3546, 65677, 83628, 19954, 58901, 1144, 3546, 54059, 3546, 3546, 13447, 14639, 1]","[-1.0087517e-05, -8.657073e-06, -0.00013512482, -0.3957112, -0.0030233448, -0.0004715451, -1.9361265e-07, 0.0, 0.0, 0.0, 0.0, -1.147242e-06, -0.000840596, -0.00065810804, -1.6643718e-05, -7.743759e-05, -3.4121115e-06, -1.1398757e-05, -3.23786e-05, -6.392203e-06, -2.9352968e-06, -1.9361265e-07, -6.704273e-07, 0.0, -4.3202e-07, -5.5577775e-06, -0.00047475993, -1.504853e-06, -2.1411865e-05, -2.1531068e-05, -0.062242266, -3.0828953e-05, -1.18755715e-05, -5.9153886e-06, -1.9361265e-07, -0.0012845217, -4.00813e-06, -1.0921943e-05, -1.7954959e-05, -1.9361265e-07, 0.0, -1.9361265e-07, -3.9769227e-05, -0.00054969505, -2.4749568e-05, -3.166338e-05, -1.2664457e-06, -5.3193703e-06, -6.704273e-07, -2.4584822e-06, -9.0883464e-07, -2.220075e-06, 0.0, 0.0, -1.9816675e-06, -1.8624639e-06, 0.0, 0.0, 0.0, -1.569009e-05, -1.7432603e-06, -4.246537e-06, -9.253091e-06, -4.3202e-07, -4.365741e-06, -4.3202e-07, 0.0, -2.577686e-06, -5.5122365e-07, 0.0, -6.6306106e-06, -3.7697225e-06, -7.226629e-06, -6.849731e-05, -2.8160932e-06, -1.0280384e-06, -5.5122365e-07, -1.1041146e-05, -0.00022427815, -1.9361265e-07, -0.014429909, -0.025798203, -0.083827384, -1.9859596, -9999.0, -1.106997, -3.297462e-05, -1.3544423e-05, -9.4914985e-06, -0.0023349745, -0.0013991644, -1.7954959e-05, -1.9361265e-07, -0.001953018, -2.7848862e-05, -2.9352968e-06, -1.5928495e-05, -5.312004e-05, -0.010917302, -3.0113732e-05, -0.0013309524, -1.0564331e-05, -0.00024441257, -0.00014954848, -5.9080223e-05, -1.9361265e-07, -2.4034345e-05, -5.5577775e-06, -1.9816675e-06, -1.7432603e-06, 0.0, -1.9361265e-07, 0.0, -0.58442354, -0.01966362, -0.00028386168, -2.8160932e-06, -0.00015467056, -0.0011617694, -1.1041146e-05, -4.3822154e-05, 0.0, 0.0, 0.0, 0.0, 0.0, 0.0, -3.7697225e-06, 0.0, -3.4121115e-06, -4.8425554e-06, 0.0, -2.6968896e-06, 0.0, -1.6286107e-05, -5.5122365e-07, -1.0206721e-05, -1.1517961e-05, -3.1281633e-07, -1.0280384e-06, -5.5122365e-07, 0.0, -1.8624639e-06, -9.019238e-05, -9.4914985e-06, 0.0, -0.00021569549, 0.0, -9.0883464e-07, 0.0, 0.0, -1.9361265e-07, -1.9504607e-05, 0.0, 0.0, -1.9361265e-07, 0.0, -2.8160932e-06, -9.0883464e-07, 0.0, 0.0, 0.0, -1.2829201e-05, -6.704273e-07, -1.6240566e-06, -3.1281633e-07, -5.5122365e-07, -9.0883464e-07, -1.0280384e-06, -1.3856493e-06, -4.1199673e-05, -6.704273e-07, -3.1281633e-07, 0.0, 0.0, -1.9146995e-05, -2.220075e-06, 0.0, -1.9361265e-07, -1.9361265e-07, 0.0, 0.0, 0.0, -1.9361265e-07, 0.0, -1.0280384e-06, 0.0, -1.5213274e-05, -1.9361265e-07, 0.0, -1.0564331e-05, -3.035214e-05, -1.9816675e-06, 0.0, 0.0, 0.0, 0.0, -3.0545007e-06, -5.5122365e-07, -4.00813e-06, 0.0, 0.0, -4.723352e-06, -4.3202e-07, -1.147242e-06, -0.00014263466, -1.7954959e-05, -7.3458323e-06, -3.1281633e-07, 0.0, -1.9361265e-07, -4.9617593e-06, 0.0, 0.0, -1.7432603e-06, -1.9361265e-07, -1.6166903e-05, -4.3202e-07, -1.9361265e-07, 0.0, -1.147242e-06, -6.6306106e-06, 0.0, -0.0009177703, -0.00030483783, -0.009478387, -0.052366983, -0.9250238, -1.0307187, -2.0990806, -0.012333639, -0.00013464801, -0.003303193, -0.000716008, -0.032490205, -2.2961513e-05, -2.4584822e-06, -2.220075e-06, -0.0008719173, -0.0018907918, -3.1737043e-06, -6.3609965e-05, -0.000496675, -0.001142838, -0.0028720424, -0.0023163108, -0.00023941702, -0.00021557629, -5.407367e-05, -1.867018e-05, -3.2929079e-06, -3.1281633e-07, -0.00040624346, -0.0021924947, -7.064298e-05, -0.0025967036, -0.000113913906, -7.226629e-06, -6.2729996e-06, -0.0012679707, -2.577686e-06, -2.2961513e-05, -0.29052314, -0.0026188241, -3.1186566e-05, -3.2929079e-06, -4.7994283e-05, -0.0016234105, -3.655073e-05, -0.00019841464, -7.89631e-07, -7.89631e-07, -4.3202e-07, -2.8160932e-06, -4.246537e-06, 0.0, -1.0325924e-05, -5.5122365e-07, -1.7432603e-06, -4.00813e-06, -6.704273e-07, -9.0883464e-07, 0.0, -3.1281633e-07, -3.1281633e-07, 0.0, -1.2664457e-06, -4.9617593e-06, -1.0564331e-05, -1.504853e-06, -2.4034345e-05, -7.89631e-07, -1.9816675e-06, -1.6240566e-06, -6.704273e-07, -5.5122365e-07, -1.2664457e-06, 0.0, -7.362307e-05, -1.9361265e-07, 0.0, 0.0, -3.1281633e-07, -1.7432603e-06, 0.0, -3.1281633e-07, -1.147242e-06, 0.0, 0.0, 0.0, -1.4140442e-05, -0.00011749002, -4.723352e-06, -1.247159e-05, -5.5122365e-07, -5.50273e-05, -1.504853e-06, -2.577686e-06, -3.1281633e-07, -6.704273e-07, -3.6073914e-05, -6.704273e-07, -2.3392786e-06, -3.1281633e-07, -1.9361265e-07, -0.00013262156, -4.3202e-07, -3.7697225e-06, -1.9361265e-07, -1.5451682e-05, -1.9361265e-07, -0.00015717384, -1.9361265e-07, 0.0, 0.0, -4.3202e-07, -1.0280384e-06, -1.50940705e-05, -1.8624639e-06, -9.2576454e-05, 0.0, -1.0280384e-06, -3.1281633e-07, 0.0, -2.577686e-06, -1.4855664e-05, 0.0, -0.004135038, -0.0006849142, -0.004778042, -0.01114792, -0.40242618, -0.00019603055, -1.0802739e-05, -0.0020801937, -3.4047454e-05, -2.868329e-05, -8.5543434e-05, -3.1737043e-06, -1.0280384e-06, -0.016450265, -0.00031639694, -1.867018e-05, -6.7901296e-05, -2.6537622e-05, -0.0007056409, -0.0009077682, -1.0802739e-05, -0.00014561474, -0.0007935436, -0.00019519613, -2.6299214e-05, -5.2001665e-06, -6.992776e-05, -2.1008714e-06, -7.958325e-05, -0.00025084958, -1.5213274e-05, -4.0246043e-05, -0.022249028, -0.0016520909, -3.8219583e-05, -0.11282326, -0.0026290426, -3.7385154e-05, -1.4140442e-05, -8.363618e-05, -0.0100953225, -2.9160103e-05, -2.1411865e-05, -4.406056e-05, -1.9361265e-07, 0.0, -7.89631e-07, -9.0883464e-07, 0.0, -2.6968896e-06, -1.9361265e-07, -3.786197e-05, -5.5122365e-07, -5.9153886e-06, -7.89631e-07, -1.0280384e-06, -2.3392786e-06, -8.776276e-06, -6.869018e-06, 0.0, -6.704273e-07, 0.0, 0.0, 0.0, -4.3202e-07, -4.3202e-07, 0.0, -6.392203e-06, 0.0, -6.704273e-07, -1.9361265e-07, -2.9756122e-05, -3.1281633e-07, 0.0, 0.0, -1.6240566e-06, 0.0, -4.604148e-06, -3.1281633e-07, -2.4584822e-06, 0.0, -1.9361265e-07, 0.0, -3.1281633e-07, 0.0, -6.704273e-07, -2.1008714e-06, 0.0, -1.247159e-05, -6.6306106e-06, 0.0, -1.9361265e-07, 0.0, 0.0, 0.0, -5.3193703e-06, -5.347765e-05, -4.179569e-05, -4.00813e-06, 0.0, 0.0, -8.299462e-06, 0.0, -3.1281633e-07, 0.0, -2.9352968e-06, 0.0, -1.9743013e-05, -1.147242e-06, -3.5313153e-06, -6.749814e-06, -3.1281633e-07, -7.3458323e-06, -1.3856493e-06, -4.3202e-07, 0.0, -3.1281633e-07, -6.0345924e-06, 0.0, -0.0008784698, -0.00065822725, -0.006864794, -0.0042258473, -0.16090018, -0.0041632834, -4.632543e-05, -2.2127088e-05, -0.0053002816, -5.5122365e-07, -1.3335207, -0.0139638055, -0.019606458, -7.0079384, -0.10238881, -0.111040704, -4.596782e-05, -0.00032330706, -0.045281388, -0.7104344, -0.0010229246, -0.045069464, -3.4121115e-06, -1.2829201e-05, -1.8193366e-05, -8.180258e-06, -2.2007884e-05, -6.2729996e-06, -2.3676734e-05, 0.0, -1.504853e-06, -6.9882217e-06, 0.0, -4.3202e-07, -1.2664457e-06, -4.9067115e-05, -4.3202e-07, 0.0, -3.333223e-05, 0.0, -0.00021045419, 0.0, 0.0, -5.5122365e-07, -1.9361265e-07, 0.0, -3.1281633e-07, 0.0, 0.0, -3.5477897e-05, -4.3202e-07, -4.0603656e-05, -1.2664457e-06, -1.6240566e-06, -1.6240566e-06, -3.1281633e-07, 0.0, -5.5122365e-07, 0.0, -1.4974867e-05, -5.5122365e-07, -1.9361265e-07, 0.0, -3.1281633e-07, -3.1281633e-07, -4.3202e-07, -3.4121115e-06, -1.9361265e-07, 0.0, 0.0, -1.0206721e-05, -3.1281633e-07, -5.5122365e-07, 0.0, -7.89631e-07, -1.9361265e-07, -1.9361265e-07, 0.0, 0.0, 0.0, -7.89631e-07, -3.1281633e-07, -6.704273e-07, -3.631232e-05, -0.00033677343, -2.1008714e-06, -3.7385154e-05, -2.9352968e-06, -4.365741e-06, -3.650519e-06, -1.0280384e-06, -3.1281633e-07, -1.0280384e-06, 0.0, -3.1281633e-07, 0.0, 0.0, 0.0, -3.1281633e-07, -3.1281633e-07, -3.5313153e-06, 0.0, 0.0, -3.1737043e-06, -0.0003602529, -3.1281633e-07, -7.89631e-07, -4.3202e-07, 0.0, 0.0, -2.3392786e-06, -1.0206721e-05, 0.0, -0.00024667746, -0.00061128667, -0.008337141, -0.014433319, -1.7942681, -0.0008280907, -0.00035619995, -0.006370609, -0.00083607365, -9.014684e-06, -3.7981175e-05, -0.00032354548, -0.0010253086, -5.145119e-05, -1.60477e-05, -0.0003056686, -3.1281633e-07, -0.01521297, -5.7961847e-06, -1.3856493e-06, -2.6895234e-05, -0.000117132404, -1.247159e-05, -1.18755715e-05, -7.89631e-07, -0.0038509092, -6.325235e-05, -0.00052789174, -0.57951146, -0.04484473, -1.2948405e-05, 0.0, -3.1281633e-07, 0.0, 0.0, -2.577686e-06, -4.3202e-07, 0.0, -4.5848617e-05, -0.0024605563, -0.435349, -2.577686e-06, -0.04842815, -0.0005579164, -7.910644e-05, -3.3451433e-05, 0.0, 0.0, 0.0, 0.0, 0.0, 0.0, -2.58224e-05, 0.0, -2.3392786e-06, -1.6240566e-06, 0.0, -5.5122365e-07, 0.0, -7.958325e-05, -1.831257e-05, -6.392203e-06, -1.92662e-05, -7.465036e-06, -2.220075e-06, -2.9352968e-06, -1.9361265e-07, -1.3856493e-06, -5.8841815e-05, -9.968313e-06, 0.0, -0.0025069285, 0.0, -4.3202e-07, 0.0, 0.0, -3.1281633e-07, -7.89631e-07, 0.0, -2.4630364e-05, 0.0, 0.0, -2.1008714e-06, -4.365741e-06, 0.0, 0.0, 0.0, -2.188868e-05, -1.147242e-06, -2.8160932e-06, -2.8160932e-06, -0.0018600923, -7.89631e-07, -3.1281633e-07, 0.0, -8.6616266e-05, 0.0, -5.5122365e-07, 0.0, 0.0, -1.831257e-05, -1.147242e-06, 0.0, 0.0, 0.0, 0.0, 0.0, 0.0, -3.1281633e-07, 0.0, -4.3202e-07, 0.0, -2.220075e-06, -1.9361265e-07, 0.0, -2.3319124e-05, -3.9411618e-05, -1.2664457e-06, 0.0, 0.0, 0.0, 0.0, -1.9816675e-06, -5.5122365e-07, -0.00010354319, 0.0, 0.0, -1.5213274e-05, -1.147242e-06, -4.00813e-06, -0.00010509284, -1.4617256e-05, -3.1281633e-07, -3.1281633e-07, 0.0, -1.9361265e-07, -4.3202e-07, 0.0, 0.0, -7.3458323e-06, 0.0, -1.0087517e-05, -4.3202e-07, 0.0, 0.0, -2.4272753e-05, -7.822647e-06, -6.704273e-07, -0.00028040475, -0.4583072, -0.0013205963, -2.4391957e-05, -3.500108e-05, -0.00935227, -0.00030471865, -1.7120534e-05, -2.1008714e-06, -8.3993786e-05, -7.89631e-07, -0.0004007601, -3.1281633e-07, 0.0, 0.0, -6.704273e-07, -2.9352968e-06, 0.0, -2.577686e-06, -4.3202e-07, -3.1281633e-07, -7.107425e-06, -5.5122365e-07, -1.5213274e-05, -1.5451682e-05, -1.9361265e-07, -5.5122365e-07, 0.0, 0.0, 0.0, -1.4498052e-05, -9.372295e-06, -8.061054e-06, -1.2664457e-06, 0.0, -5.5122365e-07, -1.9361265e-07, 0.0, -3.1281633e-07, -0.00025311444, -0.0003308169]",0
2025_11_KICE_28-31_0,['4(2)'],"1번: ㉠: 누구의 생각을 누가 말하는지 명시한 표현을 나타내어 서술하고 있다. + ""하니까 그것은 허원이 자신의 배꼽을 잃어버리고 나서 불편하기 그지없는 세 번째의 여름을 맞고 있을 때였다."" 
2번: ㉡: 인물의 생각을 서술자가 평가하며 그 심화된 의미를 함축하여 서술하고 있다.
3번: ㉢: 인물의 의식을 인물 자신의 생생한 목소리를 통해 서술하고 있다. + ""허원의 상념은 잠시도 그 잃어버린 배꼽에서 떠나 있을 수가 없었다.""
4번: ㉣: 인물의 상황에 관련된 정보를 부가하여 서술하고 있다. + ""허원은 물론 배꼽을 잃어버린 자신에 대해 아직도 완전히 익숙해지질 못하고 있었다.""
5번: ㉤: 인물 행동의 진행 과정을 순차적으로 서술하고 있다. + ""배꼽에 관한 논의가 그렇듯 갑자기 시중 일반에까지 성행하기 시작한 것이다.""
최종 정답: 1번: ㉠, 5번: ㉤","[16, 43144, 25, 220, 45398, 3546, 47496, 25, 1144, 3546, 3546, 89359, 21028, 48918, 3546, 3546, 18359, 1144, 3546, 3546, 20565, 1144, 3546, 44005, 22035, 1144, 3546, 30426, 24486, 1144, 3546, 3546, 3546, 18359, 74618, 3546, 3546, 96318, 32179, 90960, 3546, 3546, 47496, 16582, 35495, 91786, 13, 489, 330, 16582, 84136, 3546, 3546, 55925, 3546, 3546, 34804, 1144, 3546, 3546, 55421, 13094, 65677, 83628, 21028, 74769, 3546, 3546, 3546, 18359, 1144, 3546, 32179, 80104, 29102, 35495, 74618, 27796, 1144, 48859, 3546, 3546, 48859, 67525, 55925, 22035, 3546, 3546, 16969, 1144, 48859, 85721, 84766, 21028, 84618, 64254, 18359, 1144, 3546, 35495, 36439, 18359, 54718, 3546, 3546, 13447, 1210, 720, 17, 43144, 25, 220, 45398, 3546, 47496, 25, 59777, 3546, 3546, 3546, 21028, 48918, 3546, 3546, 18359, 90960, 3546, 3546, 47496, 26799, 20565, 1144, 3546, 20565, 16582, 3546, 48859, 55925, 1144, 3546, 57390, 53400, 1144, 3546, 57139, 18918, 52072, 3546, 3546, 83290, 90960, 3546, 3546, 47496, 16582, 35495, 91786, 627, 18, 43144, 25, 220, 45398, 3546, 47496, 25, 59777, 3546, 3546, 3546, 21028, 1144, 3546, 77437, 18359, 59777, 3546, 3546, 3546, 65677, 83628, 21028, 48918, 77535, 24486, 1144, 47496, 44690, 29102, 18918, 1144, 3546, 34983, 90960, 3546, 3546, 47496, 16582, 35495, 91786, 13, 489, 330, 3546, 3546, 3546, 55421, 21028, 59134, 3546, 3546, 34804, 1144, 47496, 30426, 49085, 55925, 1144, 3546, 32179, 80104, 3546, 48859, 74769, 3546, 3546, 3546, 57575, 1144, 3546, 47496, 61415, 36439, 18359, 29833, 20565, 47782, 3546, 3546, 10246, 19, 43144, 25, 220, 45398, 3546, 47496, 25, 59777, 3546, 3546, 3546, 21028, 59134, 3546, 47496, 19954, 93851, 3546, 47496, 53400, 61139, 18918, 86503, 20565, 83290, 90960, 3546, 3546, 47496, 16582, 35495, 91786, 13, 489, 330, 3546, 3546, 3546, 55421, 34804, 1144, 3546, 3546, 3546, 47496, 74769, 3546, 3546, 3546, 18359, 1144, 3546, 32179, 80104, 3546, 48859, 65677, 83628, 19954, 62060, 34983, 49508, 3546, 3546, 49085, 1144, 3546, 66965, 3546, 3546, 3546, 1144, 48859, 3546, 3546, 3546, 34983, 22035, 3546, 3546, 1144, 3546, 16582, 35495, 36439, 3546, 3546, 10246, 20, 43144, 25, 220, 45398, 3546, 47496, 25, 59777, 3546, 3546, 3546, 1144, 3546, 58189, 21028, 1144, 3546, 3546, 3546, 1144, 3546, 30381, 18359, 1144, 3546, 3546, 47496, 82068, 43139, 90960, 3546, 3546, 47496, 16582, 35495, 91786, 13, 489, 330, 3546, 48859, 3546, 3546, 3546, 19954, 93851, 24486, 1144, 3546, 3546, 21028, 20565, 55925, 3546, 3546, 3546, 3546, 1144, 3546, 26799, 21121, 45618, 3546, 3546, 84656, 3546, 3546, 19954, 3546, 3546, 22035, 1144, 48859, 3546, 3546, 67525, 94821, 24486, 72208, 13094, 13447, 10246, 3546, 48859, 3546, 47496, 3546, 37155, 3546, 48859, 25, 220, 16, 43144, 25, 220, 45398, 3546, 47496, 11, 220, 20, 43144, 25, 220, 45398, 3546, 47496]","[-0.45167682, -1.7432603e-06, -0.0007479216, -0.0022637327, -0.000305311, -4.3202e-07, -0.015831642, -0.041789867, -0.0002885106, -1.0087517e-05, -1.9361265e-07, -1.9816675e-06, -4.3202e-07, -1.9361265e-07, 0.0, 0.0, -9.0883464e-07, -6.0345924e-06, -9.0883464e-07, 0.0, -3.1737043e-06, -1.147242e-06, 0.0, -2.577686e-06, -0.000108788154, -7.3458323e-06, 0.0, -1.0280384e-06, -1.147242e-06, -1.504853e-06, -3.1281633e-07, 0.0, -1.9361265e-07, -1.0280384e-06, -3.297462e-05, 0.0, 0.0, 0.0, -2.2603901e-05, -3.655073e-05, -3.1281633e-07, 0.0, 0.0, -2.1008714e-06, -5.5122365e-07, -0.00049548666, -0.008356298, -0.030467188, -0.08233791, -2.2241106, -1.2540779, -1.1756368e-05, -4.20341e-05, -0.0004124384, -0.0019021016, 0.0, -1.9816675e-06, -4.20341e-05, -5.5122365e-07, 0.0, -1.92662e-05, -1.0206721e-05, -0.00022010603, -2.220075e-06, -4.3202e-07, -6.704273e-07, -7.9418505e-06, 0.0, 0.0, -4.246537e-06, -0.00041577613, 0.0, -3.1281633e-07, -2.220075e-06, -5.080963e-06, -7.107425e-06, -3.1544176e-05, -1.9361265e-07, -0.0020391527, -4.3202e-07, -2.3392786e-06, 0.0, 0.0, -4.246537e-06, -6.718607e-05, -5.1928004e-05, -3.4121115e-06, 0.0, -7.703444e-06, -0.00016527968, -5.5122365e-07, -0.00038217165, -0.00015741224, -0.0008358352, -2.8160932e-06, -1.735894e-05, -7.862962e-05, -1.6524515e-05, -4.9617593e-06, -2.3438328e-05, -0.0011398615, -3.094816e-05, -0.0007863987, -0.0014334439, -1.9361265e-07, -3.7265952e-05, -1.5810585, -0.7111809, -2.5703197e-05, -3.0545007e-06, -0.0004035018, -4.5371802e-05, -4.7755875e-05, 0.0, -0.015385772, -2.0219828e-05, -0.00016158436, 0.0, 0.0, 0.0, -9.0883464e-07, -1.9361265e-07, 0.0, 0.0, 0.0, -6.392203e-06, 0.0, 0.0, 0.0, -7.89631e-07, 0.0, -1.3856493e-06, 0.0, 0.0, -1.0280384e-06, -3.650519e-06, 0.0, -2.2365493e-05, -3.1737043e-06, -4.3202e-07, -2.8564085e-05, -3.4121115e-06, -1.6240566e-06, 0.0, -3.1737043e-06, -2.3392786e-06, -1.504853e-06, -3.5313153e-06, -0.00010676169, -1.867018e-05, -5.5122365e-07, -9.0883464e-07, 0.0, 0.0, -1.9816675e-06, -7.89631e-07, -0.00012987986, -2.182324, -5.347765e-05, -9.4914985e-06, -8.12521e-05, -1.8193366e-05, -0.0004070779, -1.9361265e-07, -0.021714102, -1.8550976e-05, -4.036525e-05, -5.5122365e-07, 0.0, -4.3202e-07, -5.4385737e-06, -2.6968896e-06, 0.0, -3.1281633e-07, -5.5122365e-07, -1.3856493e-06, -6.2729996e-06, -1.9361265e-07, 0.0, -6.704273e-07, -1.147242e-06, -7.89631e-07, -5.2001665e-06, -6.392203e-06, -6.511407e-06, 0.0, -5.8841815e-05, -6.6306106e-06, 0.0, -4.365741e-06, 0.0, -1.9361265e-07, 0.0, -1.9361265e-07, -5.5122365e-07, 0.0, 0.0, -1.147242e-06, -4.3202e-07, -0.00011093382, -0.23373878, -0.03061078, -0.002337474, -2.3290036, -0.0029649844, -1.92662e-05, -0.008759101, -1.1381748, -0.19331941, -2.808727e-05, -1.0280384e-06, -9.805982e-05, -0.0006237994, -3.5313153e-06, -1.9816675e-06, -1.7478143e-05, -5.800739e-05, -0.00013774731, -6.6306106e-06, -2.220075e-06, -0.1711597, -3.5120287e-05, -2.0696643e-05, -2.6968896e-06, -3.6431527e-05, -6.704273e-07, 0.0, -0.00014036978, -2.0696643e-05, -0.00049893995, -0.000716604, -6.4802e-05, -0.00023381444, -7.465036e-06, -5.9153886e-06, -9.3291674e-05, -5.5577775e-06, -6.2729996e-06, -4.501419e-05, -0.0070389477, -4.2272506e-05, -1.6762922e-05, -0.0002072357, -1.2113979e-05, -0.00022439736, 0.0, -0.00016492206, -4.6683042e-05, -3.0113732e-05, -1.3856493e-06, 0.0, 0.0, -3.7146747e-05, -2.1008714e-06, -3.650519e-06, -6.704273e-07, -7.89631e-07, -5.5122365e-07, -2.1008714e-06, -3.2929079e-06, -1.147242e-06, -1.9361265e-07, -1.0325924e-05, -3.4121115e-06, -3.1281633e-07, -7.703444e-06, -1.0280384e-06, -2.220075e-06, 0.0, 0.0, -1.7432603e-06, -4.3202e-07, -3.2855416e-05, -0.1896785, -0.019334888, -0.000680742, -1.4161427, -0.0007710325, -7.076218e-05, -0.00058699114, -0.068994924, -1.18676, -0.19134577, -1.3856493e-06, -1.9385403e-05, -4.3202e-07, -8.4947416e-05, -5.5577775e-06, 0.0, 0.0, -4.4849444e-06, -5.2001665e-06, -2.3392786e-06, -1.147242e-06, -1.3856493e-06, -1.4974867e-05, -2.3915141e-05, -6.6306106e-06, -9.0883464e-07, -1.3856493e-06, -5.4385737e-06, -9.472212e-05, -0.00013142951, -8.418666e-06, 0.0, -7.0404574e-05, -1.569009e-05, -2.6968896e-06, -5.085517e-05, -0.08204275, -4.2153304e-05, -2.4613001, -0.005999775, -8.657073e-06, -1.5213274e-05, -3.1281633e-07, -4.3202e-07, -0.0011044947, -0.005067841, -0.2607677, -4.9067115e-05, -6.749814e-06, -2.4584822e-06, -0.0017056518, -3.4405064e-05, -0.00044246673, -1.1517961e-05, -0.0006475062, -0.010659622, -3.5313153e-06, -3.3451433e-05, -6.778209e-05, -1.5451682e-05, -0.00022046364, -1.9361265e-07, -0.00039635692, -1.5213274e-05, -4.8351892e-05, -1.8624639e-06, -1.9361265e-07, -1.9361265e-07, -0.0019645551, -3.1281633e-07, -3.1281633e-07, -7.89631e-07, -6.704273e-07, -4.604148e-06, -1.9361265e-07, 0.0, -8.602025e-05, -3.2929079e-06, 0.0, -1.0280384e-06, -6.511407e-06, 0.0, -0.000116894, 0.0, 0.0, -6.2729996e-06, -4.3202e-07, -3.1281633e-07, 0.0, 0.0, -1.7432603e-06, -4.3202e-07, -8.244414e-05, -0.009440963, -0.004611219, -0.044008795, -0.051811144, -4.7875077e-05, -0.00017410076, -0.00021748354, -1.9361265e-07, -0.0083870385, -0.026607035, -6.749814e-06, -0.0014171422, -8.4828214e-05, -2.9352968e-06, -3.357064e-05, -6.718607e-05, -0.029060021, -0.0018685447, -2.220075e-06, -0.00043829824, -3.650519e-06, -9.019238e-05, -3.1737043e-06, -0.00018577903, -1.92662e-05, -0.00031031753, -6.511407e-06, -1.504853e-06, -0.006284849, -7.362307e-05, -5.216641e-05, -0.00049882074, -0.0031516925, 0.0, -3.650519e-06, -3.888926e-06, -8.180258e-06, -8.89548e-06, -7.89631e-07, -5.3358446e-05, -1.0280384e-06, -0.00040362097, -1.2664457e-06, -6.869018e-06, -7.004696e-05, -0.1280647, -2.1173457e-05, 0.0, -3.1281633e-07, -2.1008714e-06, 0.0, -2.1008714e-06, -4.3202e-07, 0.0, -5.0497558e-05, -0.0003303401, -0.01565879, -3.2929079e-06, -0.0020423676, -0.008491888, -0.0014163076, -3.1281633e-07, -0.0004904801, -2.1114287, -6.0153056e-05, -0.44695213, -1.0445127e-05, -6.873572e-05, -8.852353e-05, -0.00049369864, -1.2664457e-06, -0.005412808]",0
2025_11_KICE_28-31_1,['3(2)'],"1번: 자신의 신념을 인물이 돌이켜 본 결과로, 새로운 세계관을 바탕으로 하는 주제를 형성한다. + ""허원은 더욱더 허전해지고, 아무 곳에도 발이 닿아 있는 것 같지 않고, 혼자서 외롭게 허공을 둥둥 떠다니고 있는 것처럼 느껴졌다.""  
최종 정답: 1번: 자신의 신념을 인물이 돌이켜 본 결과로, 새로운 세계관을 바탕으로 하는 주제를 형성한다.","[16, 43144, 25, 65677, 83628, 21028, 1144, 47496, 3546, 3546, 18359, 59777, 3546, 3546, 3546, 13094, 1144, 3546, 13094, 3546, 3546, 3546, 1144, 48859, 99901, 17835, 11, 1144, 3546, 3546, 17835, 94772, 1144, 48859, 3546, 3546, 3546, 48859, 18359, 82818, 3546, 3546, 43139, 220, 44005, 56773, 38187, 18918, 1144, 3546, 33931, 52976, 13, 489, 330, 3546, 3546, 3546, 55421, 34804, 1144, 3546, 3546, 3546, 48859, 3546, 3546, 1144, 3546, 3546, 66965, 34983, 22035, 35495, 11, 49508, 3546, 3546, 1144, 48859, 19954, 49085, 97096, 13094, 1144, 3546, 54059, 65621, 72208, 79474, 22035, 51796, 35495, 11, 1144, 3546, 26799, 27796, 1144, 48859, 3546, 3546, 58901, 1144, 3546, 3546, 79225, 18359, 1144, 3546, 47496, 3546, 3546, 47496, 1144, 3546, 47496, 13447, 84136, 35495, 65621, 72208, 3546, 3546, 3546, 3546, 1144, 3546, 3546, 3546, 3546, 48859, 3546, 47496, 3546, 13447, 1210, 2355, 3546, 48859, 3546, 47496, 3546, 37155, 3546, 48859, 25, 220, 16, 43144, 25, 65677, 83628, 21028, 1144, 47496, 3546, 3546, 18359, 59777, 3546, 3546, 3546, 13094, 1144, 3546, 13094, 3546, 3546, 3546, 1144, 48859, 99901, 17835, 11, 1144, 3546, 3546, 17835, 94772, 1144, 48859, 3546, 3546, 3546, 48859, 18359, 82818, 3546, 3546, 43139, 220, 44005, 56773, 38187, 18918, 1144, 3546, 33931, 52976, 13]","[-0.04874065, -2.2961513e-05, -0.00029232146, -0.018764693, -2.0100624e-05, -6.704273e-07, -9.014684e-06, -0.00018816312, -1.504853e-06, 0.0, -4.365741e-06, -2.6968896e-06, -8.418666e-06, -5.5122365e-07, 0.0, -4.3202e-07, -9.0883464e-07, -1.7432603e-06, -0.0001375089, -0.004165657, 0.0, -4.3202e-07, -0.0006797884, 0.0, -1.504853e-06, -8.299462e-06, -6.9882217e-06, -1.7120534e-05, 0.0, 0.0, -1.9361265e-07, 0.0, 0.0, 0.0, -7.89631e-07, 0.0, -1.9361265e-07, 0.0, -1.7432603e-06, -4.8425554e-06, 0.0, 0.0, -1.9361265e-07, -5.7172965e-05, 0.0, -8.537869e-06, -1.9361265e-07, -5.5577775e-06, -5.5122365e-07, -1.9361265e-07, -5.5122365e-07, -4.00813e-06, -0.004638504, -0.09243828, -0.053980026, -2.3195033, -0.00016325322, -6.511407e-06, -0.0008220186, -0.6404661, -0.6414361, -0.061879054, -0.00043591417, -0.02912359, -8.6616266e-05, -0.0032291713, -5.5122365e-07, -9.043079e-05, -1.9361265e-07, 0.0, -0.00012523093, 0.0, -5.5577775e-06, -9.133887e-06, -0.0018397523, -0.002174647, -7.89631e-07, 0.0, -9.0907604e-05, -3.1281633e-07, -1.0280384e-06, 0.0, -3.1281633e-07, -1.6240566e-06, -2.8160932e-06, -5.3193703e-06, -2.9352968e-06, -2.6968896e-06, -7.89631e-07, -0.0001940041, -1.147242e-06, -2.220075e-06, 0.0, -0.0020439136, -0.00019197763, -4.3202e-07, 0.0, -0.00012190055, 0.0, -3.1281633e-07, -3.2929079e-06, 0.0, -8.776276e-06, -0.0008242762, 0.0, 0.0, -3.1281633e-07, -1.0280384e-06, -1.8624639e-06, 0.0, 0.0, -6.704273e-07, 0.0, 0.0, -1.0280384e-06, -1.2664457e-06, 0.0, -1.0280384e-06, -2.9160103e-05, -5.0378356e-05, -1.735894e-05, -3.5954712e-05, -2.129266e-05, 0.0, 0.0, 0.0, -0.0025609112, -4.3202e-07, 0.0, -8.268255e-05, -0.0023898024, 0.0, -1.4259645e-05, 0.0, 0.0, -2.8160932e-06, -0.09978179, -1.2284702, -1.2050813, 0.0, -3.1281633e-07, -2.577686e-06, 0.0, -7.107425e-06, -3.1281633e-07, 0.0, -8.506662e-05, -3.6431527e-05, -3.786197e-05, -5.5577775e-06, -0.96805197, -0.23406239, -0.00010568886, -1.147242e-06, -2.6968896e-06, -9.0883464e-07, 0.0, 0.0, -1.2664457e-06, -2.3676734e-05, -1.7432603e-06, 0.0, 0.0, -4.3202e-07, -6.9882217e-06, -1.147242e-06, -1.0564331e-05, -1.3856493e-06, 0.0, -4.3202e-07, -1.8193366e-05, 0.0, -8.299462e-06, -6.704273e-07, -7.465036e-06, -1.0280384e-06, 0.0, 0.0, 0.0, 0.0, 0.0, 0.0, -9.0883464e-07, -6.704273e-07, -1.8624639e-06, 0.0, -1.147242e-06, -6.704273e-07, -3.1281633e-07, 0.0, 0.0, -0.00018077616, 0.0, -7.89631e-07, -1.2664457e-06, -1.504853e-06, -4.3202e-07, -3.1281633e-07, -4.365741e-06, -0.00013679368, -2.355753e-05]",0
2025_11_KICE_28-31_2,['5(2)'],"1번: ‘[허원](Bold체)’은 ‘[실물](Bold체)’과 관련하여 시작된 ‘[사념](Bold체)’을 통해 ‘[존재](Bold체)’의 의미를 발견해 간다. + ""그는 자신의 배꼽론을 완벽하게 발전시켜 나갔다. 마치 그렇게 하여 그는 자신의 사념 속에서 잃어버린 배꼽을 되찾아내고, 그것으로 그 [실물](Bold체)을 대신해 어떤 식으로든 자신과 세상 간에 큰 불편이 없도록 화해시키고 그것으로 그 난감스런 허망감을 채우려는 듯이.""
2번: ‘[허원](Bold체)’은 ‘[실물](Bold체)’이 몸에서 큰 기능을 하지 않는다는 것을 알고 일단 안도감을 느끼게 된다. + ""성인의 배꼽은 거의 아무런 기능도 수행하지 않음을 알 수 있었다.""
3번: ‘[허원](Bold체)’은 ‘[사념](Bold체)’을 방편으로 삼아 자신의 현재 상태에 대해 다른 방향에서 접근하고자 한다. + ""배꼽으로 인한 불편함을 해소하기 위해 자신의 배꼽론을 발전시켰다.""
4번: ‘[허원](Bold체)’은 ‘[심상찮은 관심](Bold체)’의 원인에 대해 궁금해하면서 ‘[세상 사람들](Bold체)’에게 주의를 기울이게 된다. + ""세상 사람들 역시 무슨 이유에선지 이 인간 장기의 한 조그만 흔적에 대해 [심상찮은 관심](Bold체)을 나타내기 시작한 것이다.""
5번: ‘[허원](Bold체)’은 ‘[실물](Bold체)’에 대한 인식을 ‘[세상 사람들](Bold체)’과 공유하게 되면서, 그간 이어 온 ‘[사념](Bold체)’을 더 이상 지속하지 않게 된다. + ""허원의 상념은 잠시도 그 잃어버린 배꼽에서 떠나 있을 수가 없었다.""
최종 정답: 3번: ‘[허원](Bold체)’은 ‘[사념](Bold체)’을 방편으로 삼아 자신의 현재 상태에 대해 다른 방향에서 접근하고자 한다.","[16, 43144, 25, 3451, 58, 3546, 3546, 3546, 55421, 9725, 43900, 50643, 8, 529, 34804, 3451, 58, 3546, 47496, 3546, 3546, 3546, 9725, 43900, 50643, 8, 529, 54780, 93851, 3546, 47496, 83290, 94821, 53400, 3451, 58, 56154, 3546, 3546, 9725, 43900, 50643, 8, 529, 18359, 1144, 3546, 34983, 3451, 58, 3546, 47496, 58232, 9725, 43900, 50643, 8, 529, 21028, 1144, 3546, 57139, 18918, 97096, 3546, 3546, 34983, 1144, 3546, 13447, 13, 489, 330, 49706, 16969, 65677, 83628, 21028, 74769, 3546, 3546, 3546, 3546, 47496, 18359, 1144, 3546, 3546, 3546, 16582, 58901, 97096, 66965, 30426, 3546, 3546, 3546, 74618, 3546, 3546, 13447, 13, 96677, 60798, 55925, 3546, 3546, 58901, 55000, 58126, 55925, 16969, 65677, 83628, 21028, 33229, 3546, 3546, 1144, 3546, 57575, 1144, 3546, 32179, 80104, 3546, 48859, 74769, 3546, 3546, 3546, 18359, 98243, 3546, 3546, 54059, 96318, 35495, 11, 55925, 3546, 3546, 43139, 55925, 510, 3546, 47496, 3546, 3546, 3546, 9725, 43900, 50643, 8, 18359, 62060, 83628, 34983, 1144, 48859, 3546, 3546, 47496, 1144, 3546, 43139, 82776, 65677, 83628, 54780, 1144, 48859, 57002, 1144, 3546, 19954, 1144, 48859, 1144, 48859, 3546, 3546, 48859, 13094, 47782, 49085, 50764, 1144, 3546, 34983, 30426, 3546, 3546, 35495, 55925, 3546, 3546, 43139, 55925, 1144, 3546, 3546, 3546, 25941, 3546, 48859, 1144, 3546, 3546, 3546, 3546, 3546, 3546, 18359, 1144, 48859, 3546, 41381, 3546, 47496, 16969, 1144, 3546, 13094, 10246, 17, 43144, 25, 3451, 58, 3546, 3546, 3546, 55421, 9725, 43900, 50643, 8, 529, 34804, 3451, 58, 3546, 47496, 3546, 3546, 3546, 9725, 43900, 50643, 8, 529, 13094, 1144, 48859, 57575, 1144, 48859, 55216, 67119, 18359, 55000, 22035, 51796, 16969, 13447, 16969, 72208, 18359, 1144, 3546, 35495, 84656, 3546, 47496, 96270, 49085, 3546, 3546, 18359, 1144, 3546, 3546, 3546, 3546, 3546, 58901, 1144, 3546, 13447, 13, 489, 330, 33931, 32428, 21028, 74769, 3546, 3546, 3546, 34804, 1144, 48859, 21028, 49508, 3546, 3546, 3546, 48859, 55216, 67119, 49085, 29833, 3546, 3546, 88525, 51796, 49531, 18359, 1144, 3546, 29833, 36439, 3546, 3546, 10246, 18, 43144, 25, 3451, 58, 3546, 3546, 3546, 55421, 9725, 43900, 50643, 8, 529, 34804, 3451, 58, 56154, 3546, 3546, 9725, 43900, 50643, 8, 529, 18359, 75908, 3546, 3546, 48859, 43139, 1144, 3546, 3546, 54059, 65677, 83628, 21028, 1144, 3546, 59134, 87472, 19954, 62060, 34983, 50467, 84065, 75908, 3546, 3546, 47496, 57575, 1144, 3546, 3546, 3546, 16582, 35495, 26799, 62398, 13447, 13, 489, 330, 3546, 48859, 3546, 3546, 3546, 43139, 59777, 24486, 1144, 48859, 3546, 3546, 48859, 79053, 18359, 61816, 44690, 67525, 46810, 34983, 65677, 83628, 21028, 74769, 3546, 3546, 3546, 3546, 47496, 18359, 97096, 66965, 30426, 3546, 3546, 48859, 13447, 10246, 19, 43144, 25, 3451, 58, 3546, 3546, 3546, 55421, 9725, 43900, 50643, 8, 529, 34804, 3451, 58, 3546, 3546, 57002, 3546, 3546, 34804, 93851, 3546, 3546, 9725, 43900, 50643, 8, 529, 21028, 1144, 3546, 32428, 19954, 62060, 34983, 1144, 48859, 3546, 3546, 3546, 34983, 16582, 33390, 27796, 3451, 58, 42529, 57002, 33229, 3546, 3546, 65950, 9725, 43900, 50643, 8, 529, 19954, 58901, 56773, 21028, 18918, 55216, 3546, 48859, 13094, 58901, 1144, 3546, 13447, 13, 489, 330, 42529, 57002, 33229, 3546, 3546, 65950, 1144, 3546, 30426, 1144, 3546, 3546, 47496, 23955, 3546, 47496, 19954, 3546, 47496, 22035, 23955, 59777, 63375, 1144, 47496, 21121, 21028, 62398, 66610, 49706, 73653, 1144, 3546, 3546, 82068, 19954, 62060, 34983, 510, 3546, 3546, 57002, 3546, 3546, 34804, 93851, 3546, 3546, 9725, 43900, 50643, 8, 18359, 74618, 3546, 3546, 96318, 21121, 94821, 24486, 72208, 13094, 13447, 10246, 20, 43144, 25, 3451, 58, 3546, 3546, 3546, 55421, 9725, 43900, 50643, 8, 529, 34804, 3451, 58, 3546, 47496, 3546, 3546, 3546, 9725, 43900, 50643, 8, 529, 19954, 62060, 24486, 59777, 77437, 18359, 3451, 58, 42529, 57002, 33229, 3546, 3546, 65950, 9725, 43900, 50643, 8, 529, 54780, 1144, 48859, 3546, 47496, 16582, 58901, 98243, 33390, 27796, 11, 55925, 63375, 23955, 32179, 1144, 47496, 3451, 58, 56154, 3546, 3546, 9725, 43900, 50643, 8, 529, 18359, 1144, 3546, 3546, 23955, 57002, 67890, 3546, 3546, 88525, 51796, 58901, 1144, 3546, 13447, 13, 489, 330, 3546, 3546, 3546, 55421, 21028, 59134, 3546, 3546, 34804, 1144, 47496, 30426, 49085, 55925, 1144, 3546, 32179, 80104, 3546, 48859, 74769, 3546, 3546, 3546, 57575, 1144, 3546, 47496, 61415, 36439, 18359, 29833, 20565, 47782, 3546, 3546, 10246, 3546, 48859, 3546, 47496, 3546, 37155, 3546, 48859, 25, 220, 18, 43144, 25, 3451, 58, 3546, 3546, 3546, 55421, 9725, 43900, 50643, 8, 529, 34804, 3451, 58, 56154, 3546, 3546, 9725, 43900, 50643, 8, 529, 18359, 75908, 3546, 3546, 48859, 43139, 1144, 3546, 3546, 54059, 65677, 83628, 21028, 1144, 3546, 59134, 87472, 19954, 62060, 34983, 50467, 84065, 75908, 3546, 3546, 47496, 57575, 1144, 3546, 3546, 3546, 16582, 35495, 26799, 62398, 13447, 13]","[-0.001125095, -1.7120534e-05, -0.0005601813, -0.3677517, -0.6314464, -0.00027778227, -2.220075e-06, 0.0, -5.5122365e-07, -0.046351936, -0.00038729745, -7.445749e-05, -0.00015324011, -2.3080716e-05, -9.372295e-06, -1.867018e-05, -9.579495e-05, -0.00022499338, -5.157039e-05, -5.2001665e-06, 0.0, 0.0, -1.1756368e-05, -1.2664457e-06, -1.504853e-06, -2.3080716e-05, -3.1186566e-05, -5.2001665e-06, -4.3202e-07, -4.3202e-07, -3.7697225e-06, -1.504853e-06, -0.00018744789, -1.27099975e-05, -2.7729659e-05, -1.4140442e-05, -1.0280384e-06, -3.888926e-06, 0.0, -1.2590794e-05, -1.3856493e-06, -3.888926e-06, -8.418666e-06, -1.504853e-06, -3.650519e-06, -4.9617593e-06, -1.0280384e-06, -1.9361265e-07, -4.3226137e-05, -1.4140442e-05, -2.6968896e-06, 0.0, 0.0, -2.6895234e-05, -9.0883464e-07, -5.4385737e-06, -2.6537622e-05, -9.968313e-06, -8.184812e-05, -3.0545007e-06, 0.0, -1.8624639e-06, -4.3202e-07, -6.869018e-06, 0.0, -5.5122365e-07, -1.8624639e-06, -0.00023822498, -1.0325924e-05, -3.5313153e-06, -0.015363941, -1.4545006, -0.049935047, -0.56961274, -0.8541868, -0.26382494, -0.0076088742, -3.523949e-05, -5.778914, -1.3902034e-05, -3.1281633e-07, 0.0, -0.024625191, -1.147242e-06, -0.035385266, -0.000961839, -4.604148e-06, -2.3438328e-05, 0.0, -2.6968896e-06, -4.8425554e-06, -3.1281633e-07, -2.577686e-06, -8.061054e-06, -0.00067430874, -6.704273e-07, -2.546479e-05, -1.247159e-05, -0.14446083, -0.017523924, -0.011656939, -0.26342827, -0.0012661826, -3.6431527e-05, -0.00022415895, -6.313315e-05, 0.0, -1.9361265e-07, -3.0545007e-06, -5.5122365e-07, -0.000877993, -4.00813e-06, -8.418666e-06, -1.18755715e-05, -9.0883464e-07, -0.00042626605, -1.6166903e-05, 0.0, -3.2140193e-05, 0.0, -1.504853e-06, -8.061054e-06, 0.0, -4.3202e-07, -1.2664457e-06, -6.392203e-06, -6.749814e-06, -7.703444e-06, -3.650519e-06, 0.0, 0.0, -3.650519e-06, -1.9816675e-06, -2.4987974e-05, 0.0, -2.3392786e-06, -1.6882126e-05, -7.58424e-06, -0.002470067, -3.4121115e-06, -0.0005295606, 0.0, -3.650519e-06, -0.00020532844, -1.5011742, -8.75699e-05, -1.6240566e-06, -8.061054e-06, -1.9361265e-07, 0.0, -0.000335939, -0.00015312091, -5.5980927e-05, -3.888926e-06, -2.5107178e-05, -4.4849444e-06, -7.226629e-06, -3.888926e-06, -7.743759e-05, 0.0, -1.7432603e-06, 0.0, -1.9361265e-07, -1.9816675e-06, -4.3202e-07, -4.298773e-05, 0.0, -3.1737043e-06, -1.1517961e-05, -1.3902034e-05, -1.7432603e-06, 0.0, -5.7961847e-06, -8.6735476e-05, 0.0, -1.4617256e-05, -1.0683535e-05, -4.3202e-07, -2.6895234e-05, -1.9361265e-07, -6.704273e-07, 0.0, 0.0, -7.89631e-07, -3.5313153e-06, -6.704273e-07, 0.0, -0.00026920327, -2.2246291e-05, -1.11603495e-05, -1.7239736e-05, -0.0001755312, -2.319992e-05, -0.00016098835, -0.0003155625, -0.0001719551, 0.0, -1.247159e-05, -5.3193703e-06, -9.531814e-05, -9.0883464e-07, -2.4584822e-06, -1.9361265e-07, -9.019238e-05, -1.3856493e-06, 0.0, -6.313315e-05, -1.0280384e-06, -7.89631e-07, -3.1186566e-05, -1.9361265e-07, -8.418666e-06, 0.0, -3.4121115e-06, -1.867018e-05, -1.0280384e-06, 0.0, 0.0, -8.537869e-06, 0.0, -7.696077e-05, -1.0206721e-05, 0.0, -3.0545007e-06, -0.2735651, -0.0018811618, -2.486877e-05, -0.0007028993, -0.015995301, -0.001127479, -4.6683042e-05, -1.147242e-06, 0.0, -1.9361265e-07, -2.5226382e-05, -1.504853e-06, -3.0545007e-06, -1.2113979e-05, -4.1273333e-06, -1.247159e-05, -7.4576696e-05, -4.7875077e-05, -0.0005653034, -0.0029925592, -1.3856493e-06, 0.0, 0.0, -1.1994775e-05, -4.3202e-07, -2.3392786e-06, -1.3067608e-05, -0.036645245, -0.0001311911, -1.147242e-06, 0.0, -1.3856493e-06, -2.577686e-06, -3.0113732e-05, -2.1008714e-06, -2.6968896e-06, -2.9352968e-06, -3.1281633e-07, -1.9361265e-07, 0.0, -4.723352e-06, -4.00813e-06, -1.0280384e-06, -3.1281633e-07, -1.9361265e-07, -1.6240566e-06, -1.2352386e-05, -1.2664457e-06, -3.7623562e-05, 0.0, 0.0, -1.147242e-06, -1.50940705e-05, -0.00012201976, 0.0, -1.0280384e-06, -1.9816675e-06, 0.0, 0.0, -1.7239736e-05, 0.0, -3.106736e-05, -4.8425554e-06, -4.723352e-06, 0.0, 0.0, -0.0077490634, -0.0012711856, -0.0043777865, -0.8621904, -2.9636918e-05, -3.1281633e-07, -1.4378848e-05, -3.7385154e-05, -1.2664457e-06, 0.0, -1.735894e-05, -1.27099975e-05, -4.370295e-05, -5.5122365e-07, -4.3202e-07, 0.0, 0.0, -2.8160932e-06, -1.9361265e-07, -1.6240566e-06, -3.5313153e-06, -7.89631e-07, -0.000118324446, -1.9361265e-07, 0.0, -1.9361265e-07, 0.0, -2.1173457e-05, -3.4047454e-05, -1.6240566e-06, -9.0883464e-07, -1.9361265e-07, -4.3202e-07, -1.9361265e-07, -3.4047454e-05, -0.39788628, -2.8444882e-05, -1.4140442e-05, -4.7994283e-05, -0.0007449488, -0.00014478032, -1.504853e-06, 0.0, 0.0, 0.0, -1.3902034e-05, -1.147242e-06, -1.504853e-06, -1.504853e-06, -1.0280384e-06, -3.1281633e-07, -2.8160932e-06, -1.3902034e-05, -6.704273e-07, -2.3392786e-06, 0.0, -1.0445127e-05, -4.3202e-07, -1.147242e-06, -1.0683535e-05, -6.563642e-05, -2.5941605e-05, -1.9361265e-07, -1.3856493e-06, -4.3202e-07, 0.0, -1.8624639e-06, -1.9361265e-07, 0.0, 0.0, 0.0, 0.0, -9.0883464e-07, -3.1281633e-07, -9.0883464e-07, -3.1281633e-07, 0.0, -1.9361265e-07, -1.9361265e-07, -3.1281633e-07, -2.220075e-06, -3.1281633e-07, -1.6643718e-05, 0.0, -1.7432603e-06, 0.0, 0.0, -6.704273e-07, -4.3202e-07, 0.0, -1.9361265e-07, 0.0, -1.9361265e-07, -5.5122365e-07, -4.3202e-07, -1.9816675e-06, -1.0280384e-06, -0.0037265648, -0.00225398, -0.006953469, -4.3480535, -0.0007880675, -0.0001787497, -4.4849444e-06, -1.9361265e-07, -4.4906435, -1.2909446, -0.06651727, -0.6955112, -0.006713717, -0.0015760444, -3.6073914e-05, -9.0883464e-07, -0.3885755, -0.34615672, -1.710799, -0.9291958, -0.28146708, -0.0009051494, -0.008090976, -0.7395471, -0.00922755, -0.042360775, -1.4284325, -3.7981175e-05, -1.0280384e-06, -1.6240566e-06, -0.13049042, -5.5122365e-07, -0.07336803, -0.08978845, -6.2656334e-05, -0.00041327282, -0.3412447, -4.246537e-06, -3.64619, -0.080344476, -0.015360535, -2.2246291e-05, -3.750436e-05, -4.608702e-05, -0.00054135814, -9.698699e-05, -3.1281633e-07, -3.1281633e-07, 0.0, -4.3202e-07, -2.129266e-05, -1.3856493e-06, -2.9352968e-06, -5.5122365e-07, -1.8624639e-06, -1.9361265e-07, -4.365741e-06, -1.3067608e-05, -8.537869e-06, -1.1637165e-05, -3.2929079e-06, -1.6240566e-06, -3.1281633e-07, 0.0, 0.0, 0.0, 0.0, -1.569009e-05, -6.704273e-07, -4.3202e-07, -2.8160932e-06, -2.7729659e-05, -9.0883464e-07, -1.8624639e-06, 0.0, -7.58424e-06, -4.3202e-07, -2.4584822e-06, -1.9361265e-07, -1.9361265e-07, 0.0, 0.0, -1.0280384e-06, 0.0, -3.1737043e-06, -2.1008714e-06, -0.00012260844, 0.0, -3.1782583e-05, -6.2775536e-05, -1.4617256e-05, 0.0, 0.0, -1.9361265e-07, 0.0, -3.1281633e-07, -1.8789384e-05, -2.220075e-06, -4.9617593e-06, -6.6306106e-06, -4.00813e-06, -1.504853e-06, -2.9352968e-06, -9.4914985e-06, 0.0, -1.2664457e-06, -3.1281633e-07, -1.9361265e-07, -1.9361265e-07, -3.1281633e-07, -1.3544423e-05, -2.220075e-06, 0.0, -1.9361265e-07, -0.00064036134, -0.0046315035, -0.00695785, -0.74784994, -0.0034727321, -0.00026741522, -1.3856493e-06, -1.504853e-06, -3.2929079e-06, -0.12595649, -2.7729659e-05, -7.89631e-07, -0.034655027, -0.0005411197, -0.0005985465, -7.6364755e-05, -7.624555e-05, -1.9361265e-07, -1.0280384e-06, -1.6166903e-05, -0.00015729303, 0.0, -1.473646e-05, -0.006044455, -0.000113913906, -2.319992e-05, -0.00021545708, 0.0, -6.511407e-06, -0.00035906085, -0.00032223423, -7.3458323e-06, -1.2113979e-05, -1.4140442e-05, -1.867018e-05, -1.3856493e-06, -1.9361265e-07, -1.504853e-06, -0.00022976153, -0.0001724319, -0.0102412915, -0.51078165, -2.9756122e-05, -6.0345924e-06, -2.577686e-06, -4.1080468e-05, -0.000110457004, -1.1279553e-05, -2.868329e-05, -7.226629e-06, 0.0, -0.00052563054, -3.7265952e-05, -2.486877e-05, -4.7040652e-05, -0.00030852947, -1.4021238e-05, -4.246537e-06, 0.0, -1.7835755e-05, -1.831257e-05, -6.3490756e-05, -0.0017342021, -6.229872e-05, -7.624555e-05, -7.8987236e-05, -0.0036630146, -2.4034345e-05, -3.7146747e-05, -5.4788892e-05, -0.2884886, -0.001954683, -3.7697225e-06, -1.9361265e-07, 0.0, -4.3202e-07, -2.8444882e-05, -1.504853e-06, -1.504853e-06, -7.89631e-07, -6.704273e-07, 0.0, -7.465036e-06, -2.2603901e-05, -1.504853e-06, -1.0921943e-05, -4.3202e-07, 0.0, -1.9361265e-07, -9.372295e-06, -3.1281633e-07, -1.9816675e-06, -1.9361265e-07, -0.0020964916, -1.9361265e-07, -3.1281633e-07, 0.0, 0.0, 0.0, -1.7432603e-06, -8.7450695e-05, -0.0001530017, -9.968313e-06, 0.0, 0.0, -3.1281633e-07, 0.0, 0.0, -1.2590794e-05, -2.4584822e-06, -5.931863e-05, -5.080963e-06, -1.50940705e-05, -3.888926e-06, -5.3193703e-06, -3.1281633e-07, -1.9361265e-07, 0.0, 0.0, -0.000107000094, -3.1281633e-07, -5.5122365e-07, 0.0, -2.9756122e-05, -4.1273333e-06, -4.894791e-05, -1.27099975e-05, 0.0, -2.3795938e-05, 0.0, -6.5278815e-05, -0.00014442271, -1.147242e-06, -1.0280384e-06, 0.0, -3.297462e-05, -1.147242e-06, -2.3392786e-06, -1.9361265e-07, -7.89631e-07, -1.147242e-06, -1.3856493e-06, 0.0, 0.0, -1.11603495e-05, 0.0, -3.4121115e-06, -3.0545007e-06, 0.0, -3.1281633e-07, -1.6240566e-06, -1.5213274e-05, -1.9816675e-06, 0.0, 0.0, -0.00026562717, -0.00016468366, -0.007734985, -3.0931125, -0.003296063, -5.0020742e-05, -0.0065684146, -1.4791512, -0.33045238, -6.4325184e-05, -1.3856493e-06, -6.241792e-05, -0.003981397, -4.1914896e-05, -6.749814e-06, -2.5941605e-05, -3.23786e-05, -0.00032795602, -3.0545007e-06, -1.504853e-06, -0.19390151, -7.3458323e-06, -2.577686e-06, -4.465658e-05, -5.4669687e-05, 0.0, 0.0, -5.4669687e-05, -2.3438328e-05, -4.370295e-05, -6.742448e-05, -3.6908343e-05, -0.00016420685, -3.5313153e-06, -4.9617593e-06, -4.477578e-05, -1.7239736e-05, -3.1424974e-05, -5.7172965e-05, -0.318703, -0.00024417418, 0.0, -6.704273e-07, -1.9361265e-07, 0.0, -2.8160932e-06, -5.5122365e-07, 0.0, -9.960947e-05, -0.00013309837, -0.46407497, -1.9361265e-07, -0.09454301, -0.0009708949, -0.003752102, -5.4385737e-06, -3.1281633e-07, 0.0, -3.1281633e-07, -0.00012964146, -2.9517714e-05, -2.1054253e-05, -3.5313153e-06, -3.5313153e-06, -3.1281633e-07, -1.9504607e-05, -2.0696643e-05, -0.00010413921, -1.8624639e-06, 0.0, -1.3902034e-05, -1.6240566e-06, -4.8425554e-06, -9.0883464e-07, -0.00032604876, -4.0603656e-05, -1.3856493e-06, -2.1008714e-06, -1.9361265e-07, 0.0, -1.6240566e-06, -1.9361265e-07, 0.0, -1.9361265e-07, -1.9361265e-07, -1.9361265e-07, -7.89631e-07, -1.0280384e-06, -6.704273e-07, -9.0883464e-07, 0.0, -5.5122365e-07, -7.465036e-06, -2.4584822e-06, -2.7252845e-05, -1.504853e-06, -3.5835506e-05, -1.9361265e-07, -2.220075e-06, 0.0, 0.0, -2.577686e-06, -1.2664457e-06, 0.0, -3.4121115e-06, 0.0, -7.9418505e-06, -1.504853e-06, -1.0280384e-06, -6.2729996e-06, -2.3392786e-06, -0.000119874094]",0
2025_11_KICE_28-31_3,['4(3)'],"1번: '【의식의 끈】'이 '【건드려】'짐으로써 주인공이 비정상적 문제 상황에 지속적으로 주목하게 된 것이겠군. ""(지문 속 근거가 된 문장: 있느니라 여기고 지낼 때는 그처럼 무심스럽던 일이 그런 식으로 한번 【의식의 끈】을 【건드려】 오자 허원의 상념은 잠시도 그 잃어 버린 배꼽에서 떠나 있을 수가 없었다.)""
2번: '【회사 출근】'을 포기하게 되고 '【늦잠 버릇】'이 사라진 상황은, 주인공의 일상이 변화된 모습을 보여 준다고 할 수 있겠군. ""(지문 속 근거가 된 문장: 마침내 【회사 출근】마저 단념하기에 이르렀다. 그러자 신통하게도 【늦잠 버릇】이 깨끗이 자취를 감춰 버렸다.)""
3번: '【배꼽】'을 '【탯줄】'에 연관하여 이해하는 것은, 개인에 관련된 생각을 '【우주와 만나】'는 '【심오하고 추상적인】' 생각으로 확장하는 실마리가 된다고 할 수 있겠군. ""(지문 속 근거가 된 문장: 우리는 영원히 그 탯줄의 기억을 잊지 않는다. 우리 영혼은 언제까지나 그 어머니의 탯줄과 이어지려 하고, 또다시 그 어머니의 어머니의 탯줄과 이어져 나가면서 우리 【존재】를 설명하고 근원을 밝혀 나가며, 마침내는 마지막 어머니의 탯줄이 이어지는 우리들의 우주와 만나게 된다……""
4번: '【그의 사념】'이 도달한 '【배꼽론】'의 '【확고한 경지】'는 사소한 것의 심층적 의미를 탐색할 때 이를 수 있으므로, 그 사소한 것에 얽매이지 않는 자유로운 상태에서 실현이 가능해지겠군. ""(지문 속 근거가 된 문장: 마치 그렇게 하여 그는 자신의 사념 속에서 잃어버린 배꼽을 되찾아내고, 그것으로 그 【실물】을 대신해 어떤 식으로든 자신과 세상 간에 큰 불편이 없도록 화해시키고 그것으로 그 난감스런 허망감을 채우려는 듯이. 그의 배꼽론은 가령 이런 식으로까지 발전되어 있었다.)""
5번: '【기묘한 현상】'은, '【배꼽 이야기】'가 '【일반화】'되는 상황이 뜻밖이지만 '【사실】'로 나타나는 현상을 두고 일컬은 말이라고 할 수 있겠군. ""(지문 속 근거가 된 문장: 그리고 그렇듯 【배꼽 이야기】가 【일반화】의 기미를 엿보이기 시작하자 사람들은 이제 그걸 신호로 아무 흉허물 없이 터놓고 지껄이거나 신문, 잡지 같은 데서 진지하게 논의의 대상을 삼기도 하였다. ㉤【배꼽에 관한 논의가 그렇듯 갑자기 시중 일반에까지 성행하기 시작한 것이다.】)""
최종 정답: 3번 - '【배꼽】'을 '【탯줄】'에 연관하여 이해하는 것은, 개인에 관련된 생각을 '【우주와 만나】'는 '【심오하고 추상적인】' 생각으로 확장하는 실마리가 된다고 할 수 있겠군.","[16, 43144, 25, 364, 11144, 21028, 77437, 21028, 1144, 3546, 3546, 11199, 6, 13094, 364, 11144, 3546, 48859, 30446, 3546, 47496, 11199, 6, 3546, 3546, 43139, 3546, 3546, 47496, 56773, 32428, 79225, 13094, 75086, 30381, 57002, 82068, 54535, 38187, 59134, 3546, 47496, 19954, 67890, 3546, 3546, 82068, 43139, 56773, 88708, 16582, 58901, 1144, 3546, 72208, 13094, 3546, 47496, 3546, 48859, 13, 12262, 22035, 52688, 1144, 3546, 1144, 48859, 3546, 93292, 20565, 1144, 3546, 54535, 41953, 25, 36439, 3546, 3546, 84136, 51440, 84618, 21121, 35495, 67890, 3546, 3546, 54718, 16969, 55925, 3546, 3546, 3546, 3546, 1144, 3546, 3546, 3546, 25941, 3546, 3546, 3546, 3546, 84656, 13094, 55925, 3546, 48859, 1144, 3546, 43139, 62398, 43144, 34676, 21028, 77437, 21028, 1144, 3546, 3546, 11199, 18359, 34676, 3546, 48859, 30446, 3546, 47496, 11199, 74177, 26799, 1144, 3546, 3546, 55421, 21028, 59134, 3546, 3546, 34804, 1144, 47496, 30426, 49085, 55925, 1144, 3546, 32179, 87931, 3546, 48859, 74769, 3546, 3546, 3546, 57575, 1144, 3546, 47496, 61415, 36439, 18359, 29833, 20565, 47782, 3546, 3546, 6266, 702, 17, 43144, 25, 364, 11144, 62841, 56154, 1144, 3546, 3546, 3546, 11199, 6, 18359, 99969, 21121, 16582, 58901, 98243, 35495, 364, 11144, 3546, 47496, 3546, 47496, 87931, 3546, 3546, 11199, 6, 13094, 33229, 51440, 86351, 59134, 3546, 47496, 34804, 11, 56773, 32428, 79225, 21028, 84656, 57002, 13094, 47419, 57390, 53400, 55170, 36630, 18359, 64432, 58126, 1144, 3546, 13447, 35495, 96102, 29833, 36439, 3546, 47496, 3546, 48859, 13, 12262, 22035, 52688, 1144, 3546, 1144, 48859, 3546, 93292, 20565, 1144, 3546, 54535, 41953, 25, 96677, 3546, 47496, 96318, 34676, 62841, 56154, 1144, 3546, 3546, 3546, 11199, 3546, 3546, 3546, 3546, 1144, 47496, 3546, 3546, 67525, 19954, 23955, 3546, 48859, 3546, 3546, 13447, 13, 55925, 61394, 26799, 1144, 47496, 3546, 16582, 58901, 49085, 34676, 3546, 47496, 3546, 47496, 87931, 3546, 3546, 11199, 13094, 1144, 48859, 47496, 3546, 3546, 3546, 13094, 65677, 3546, 48859, 18918, 1144, 3546, 3546, 48859, 87931, 3546, 48859, 13447, 6266, 702, 18, 43144, 25, 364, 11144, 3546, 48859, 3546, 3546, 3546, 11199, 6, 18359, 364, 11144, 3546, 3546, 3546, 3546, 11199, 6, 19954, 78453, 3546, 48859, 83290, 23955, 34983, 44005, 72208, 34804, 11, 74623, 32428, 19954, 93851, 3546, 47496, 53400, 48918, 3546, 3546, 18359, 364, 11144, 41381, 55430, 81673, 63207, 61415, 11199, 6, 16969, 364, 11144, 3546, 3546, 58368, 16582, 35495, 58935, 57002, 82068, 32428, 11199, 6, 48918, 3546, 3546, 43139, 1144, 3546, 41953, 44005, 1144, 47496, 3546, 3546, 29102, 20565, 1144, 3546, 13447, 35495, 96102, 29833, 36439, 3546, 47496, 3546, 48859, 13, 12262, 22035, 52688, 1144, 3546, 1144, 48859, 3546, 93292, 20565, 1144, 3546, 54535, 41953, 25, 1144, 48859, 29102, 16969, 1144, 3546, 55421, 3546, 3546, 3546, 55925, 1144, 3546, 3546, 3546, 21028, 55216, 3546, 48859, 18359, 1144, 3546, 22035, 51796, 16969, 13447, 13, 1144, 48859, 29102, 1144, 3546, 3546, 3546, 34804, 1144, 48859, 38187, 3546, 3546, 22035, 61415, 55925, 1144, 48859, 3546, 47496, 48859, 84136, 21028, 1144, 3546, 3546, 3546, 54780, 23955, 32179, 22035, 3546, 47496, 55000, 35495, 11, 1144, 3546, 3546, 13447, 30426, 55925, 1144, 48859, 3546, 47496, 48859, 84136, 21028, 1144, 48859, 3546, 47496, 48859, 84136, 21028, 1144, 3546, 3546, 3546, 54780, 23955, 32179, 84377, 74618, 20565, 33390, 27796, 1144, 48859, 29102, 34676, 3546, 47496, 58232, 11199, 18918, 58952, 80732, 16582, 35495, 1144, 48859, 3546, 55421, 18359, 1144, 3546, 3546, 3546, 74618, 20565, 3546, 48859, 11, 96677, 3546, 47496, 96318, 16969, 96677, 22035, 3546, 3546, 1144, 48859, 3546, 47496, 48859, 84136, 21028, 1144, 3546, 3546, 3546, 13094, 23955, 32179, 22035, 16969, 1144, 48859, 29102, 65950, 21028, 1144, 48859, 55430, 81673, 63207, 61415, 58901, 1144, 3546, 13447, 14382, 702, 19, 43144, 25, 364, 11144, 49706, 21028, 33229, 3546, 3546, 11199, 6, 13094, 1144, 3546, 3546, 3546, 24486, 364, 11144, 3546, 48859, 3546, 3546, 3546, 3546, 47496, 11199, 6, 21028, 364, 11144, 3546, 3546, 35495, 24486, 44215, 22035, 11199, 6, 16969, 33229, 44690, 24486, 72208, 21028, 1144, 3546, 3546, 48859, 48859, 82068, 1144, 3546, 57139, 18918, 1144, 3546, 78326, 48936, 54718, 23955, 18918, 29833, 36439, 34609, 3546, 3546, 17835, 11, 55925, 33229, 44690, 24486, 72208, 19954, 1144, 3546, 3546, 47496, 13094, 22035, 51796, 16969, 65677, 3546, 47496, 17835, 94772, 59134, 87472, 57575, 1144, 47496, 3546, 3546, 13094, 96451, 34983, 22035, 3546, 47496, 3546, 48859, 13, 12262, 22035, 52688, 1144, 3546, 1144, 48859, 3546, 93292, 20565, 1144, 3546, 54535, 41953, 25, 96677, 60798, 55925, 3546, 3546, 58901, 55000, 58126, 55925, 16969, 65677, 83628, 21028, 33229, 3546, 3546, 1144, 3546, 57575, 1144, 3546, 32179, 80104, 3546, 48859, 74769, 3546, 3546, 3546, 18359, 98243, 3546, 3546, 54059, 96318, 35495, 11, 55925, 3546, 3546, 43139, 55925, 34676, 3546, 47496, 3546, 3546, 3546, 11199, 18359, 62060, 83628, 34983, 1144, 48859, 3546, 3546, 47496, 1144, 3546, 43139, 82776, 65677, 83628, 54780, 1144, 48859, 57002, 1144, 3546, 19954, 1144, 48859, 1144, 48859, 3546, 3546, 48859, 13094, 47782, 49085, 50764, 1144, 3546, 34983, 30426, 3546, 3546, 35495, 55925, 3546, 3546, 43139, 55925, 1144, 3546, 3546, 3546, 25941, 3546, 48859, 1144, 3546, 3546, 3546, 3546, 3546, 3546, 18359, 1144, 48859, 3546, 41381, 3546, 47496, 16969, 1144, 3546, 13094, 13, 55925, 21028, 74769, 3546, 3546, 3546, 3546, 47496, 34804, 36609, 3546, 48859, 23955, 3546, 48859, 1144, 3546, 43139, 3546, 3546, 22035, 97096, 66965, 65219, 32179, 36439, 3546, 3546, 6266, 702, 20, 43144, 25, 364, 11144, 21121, 3546, 3546, 3546, 24486, 1144, 3546, 57002, 11199, 6, 34804, 11, 364, 11144, 3546, 48859, 3546, 3546, 3546, 23955, 90759, 21121, 11199, 6, 20565, 364, 11144, 33177, 3546, 3546, 57390, 11199, 6, 65219, 16969, 59134, 3546, 47496, 13094, 1144, 3546, 3546, 3546, 3546, 13094, 22035, 73653, 364, 11144, 56154, 3546, 47496, 11199, 6, 17835, 74618, 3546, 3546, 61415, 16969, 1144, 3546, 57002, 18359, 1144, 3546, 35495, 84656, 3546, 3546, 3546, 34804, 1144, 3546, 13094, 51440, 35495, 96102, 29833, 36439, 3546, 47496, 3546, 48859, 13, 12262, 22035, 52688, 1144, 3546, 1144, 48859, 3546, 93292, 20565, 1144, 3546, 54535, 41953, 25, 55925, 29102, 35495, 55925, 3546, 3546, 3546, 3546, 34676, 3546, 48859, 3546, 3546, 3546, 23955, 90759, 21121, 11199, 20565, 34676, 33177, 3546, 3546, 57390, 11199, 21028, 55216, 57139, 18918, 1144, 3546, 42771, 13094, 21121, 94821, 16582, 26799, 33229, 3546, 3546, 65950, 34804, 23955, 38187, 55925, 3546, 48859, 1144, 47496, 48424, 17835, 49508, 3546, 3546, 1144, 3546, 3546, 3546, 3546, 3546, 3546, 3546, 3546, 47782, 13094, 1144, 3546, 48859, 3546, 3546, 3546, 35495, 67890, 3546, 3546, 3546, 13094, 93292, 61415, 1144, 47496, 52688, 11, 1144, 47496, 22035, 79474, 34804, 1144, 3546, 27796, 1144, 3546, 22035, 16582, 58901, 1144, 3546, 3546, 21028, 21028, 62060, 57002, 18359, 1144, 3546, 3546, 21121, 49085, 55000, 3546, 3546, 13447, 13, 220, 45398, 3546, 47496, 11144, 3546, 48859, 3546, 3546, 3546, 19954, 93851, 24486, 1144, 3546, 3546, 21028, 20565, 55925, 3546, 3546, 3546, 3546, 1144, 3546, 26799, 21121, 45618, 3546, 3546, 84656, 3546, 3546, 19954, 3546, 3546, 22035, 1144, 48859, 3546, 3546, 67525, 94821, 24486, 72208, 13094, 13447, 13, 11199, 13251, 3546, 48859, 3546, 47496, 3546, 37155, 3546, 48859, 25, 220, 18, 43144, 482, 364, 11144, 3546, 48859, 3546, 3546, 3546, 11199, 6, 18359, 364, 11144, 3546, 3546, 3546, 3546, 11199, 6, 19954, 78453, 3546, 48859, 83290, 23955, 34983, 44005, 72208, 34804, 11, 74623, 32428, 19954, 93851, 3546, 47496, 53400, 48918, 3546, 3546, 18359, 364, 11144, 41381, 55430, 81673, 63207, 61415, 11199, 6, 16969, 364, 11144, 3546, 3546, 58368, 16582, 35495, 58935, 57002, 82068, 32428, 11199, 6, 48918, 3546, 3546, 43139, 1144, 3546, 41953, 44005, 1144, 47496, 3546, 3546, 29102, 20565, 1144, 3546, 13447, 35495, 96102, 29833, 36439, 3546, 47496, 3546, 48859, 13]","[-0.000320923, -4.8709502e-05, -0.0002907718, -1.0923147, -3.2385614, -0.31022584, -1.7239736e-05, -9.729906e-06, -0.0003970648, 0.0, -2.3392786e-06, -0.0010729424, -0.1507673, -0.0004225707, -0.00512465, -3.368984e-05, -3.3451433e-05, -1.2664457e-06, -1.8431772e-05, -5.2285613e-05, -3.1737043e-06, -0.00034046874, -0.00029923528, -0.00082546816, -2.8160932e-06, -2.9352968e-06, -4.572941e-05, -1.2664457e-06, 0.0, -1.3663626e-05, -1.2664457e-06, -1.147242e-06, -7.89631e-07, -4.8425554e-06, -3.7697225e-06, -2.4584822e-06, -2.3438328e-05, -3.2855416e-05, -1.9816675e-06, -1.831257e-05, -7.89631e-07, -5.5122365e-07, -3.7697225e-06, -1.342522e-05, -4.365741e-06, -1.9361265e-07, -1.504853e-06, -1.3544423e-05, -9.610702e-06, -1.9361265e-07, -8.776276e-06, -8.537869e-06, -0.00034666734, 0.0, -1.60477e-05, -9.133887e-06, -0.006843838, -2.9352968e-06, -4.1080468e-05, 0.0, -0.053572662, -0.39046597, -0.50047183, -0.00023083435, -0.047911704, 0.0, -0.050863735, -3.500108e-05, 0.0, 0.0, -0.013502069, -0.00045331425, 0.0, -0.00017338553, -1.9361265e-07, -0.038631756, -2.3013582, -0.0032828753, -2.7968066e-05, -3.297462e-05, -0.00012106613, -0.0002580018, -1.3067608e-05, -6.4802e-05, -0.00041839862, -2.2246291e-05, -2.1008714e-06, -2.7372049e-05, -5.419287e-05, -1.2948405e-05, -0.0007391115, 0.0, 0.0, 0.0, -7.4576696e-05, 0.0, -0.00027563662, -1.9361265e-07, -1.27099975e-05, -4.365741e-06, 0.0, -1.1279553e-05, -6.6306106e-06, -1.2664457e-06, -2.9279307e-05, -4.2510914e-05, -6.15835e-05, -3.1281633e-07, -0.000110457004, -1.11603495e-05, -1.1994775e-05, -0.0016138889, -0.006107371, -0.2801022, -2.9517714e-05, -5.7961847e-06, -1.92662e-05, -0.00010664248, 0.0, -1.9361265e-07, -0.0004931026, -0.0006162932, -0.0075001437, -2.188868e-05, -1.147242e-06, -2.9875326e-05, -7.5411124e-05, -5.2001665e-06, -6.0510665e-05, -0.004159245, -6.869018e-06, -0.0018880648, -4.4849444e-06, -1.9816675e-06, -3.1544176e-05, -2.220075e-06, -3.0545007e-06, -1.5928495e-05, -1.2664457e-06, -2.6968896e-06, -2.1531068e-05, -1.9361265e-07, -9.0883464e-07, -1.18755715e-05, -1.9385403e-05, -0.00010127832, -5.5122365e-07, -3.650519e-06, -0.10735981, -2.2842309e-05, -0.00021355349, -1.4974867e-05, -1.4617256e-05, 0.0, 0.0, -2.8325678e-05, -9.014684e-06, -1.1041146e-05, -1.2664457e-06, -1.0564331e-05, -7.0404574e-05, -6.392203e-06, -9.253091e-06, -1.4498052e-05, -2.1054253e-05, -3.2929079e-06, -0.00010783452, -0.016462116, -0.0020254701, -0.00016134596, -2.6968896e-06, -0.00025275684, -0.007041902, -0.00054791063, -5.109358e-05, -9.0883464e-07, -8.299462e-06, 0.0, -2.3676734e-05, 0.0, -2.9517714e-05, -0.00065036345, -7.9702455e-05, -4.604148e-06, -4.3202e-07, -1.9361265e-07, -1.8789384e-05, -1.3856493e-06, -8.061054e-06, -0.0003857478, -2.2365493e-05, -6.704273e-07, 0.0, -2.577686e-06, 0.0, -5.9153886e-06, -2.1008714e-06, 0.0, -3.8100377e-05, -7.79144e-05, -4.1273333e-06, -7.89631e-07, -1.9361265e-07, -4.246537e-06, -5.5122365e-07, -1.9361265e-07, -1.504853e-06, -3.2929079e-06, -0.0002385826, -2.9352968e-06, -3.1281633e-07, -1.9361265e-07, -6.6306106e-06, -3.1281633e-07, -2.4584822e-06, -5.5122365e-07, -3.3093824e-05, 0.0, -9.0883464e-07, -3.1281633e-07, -3.1281633e-07, -1.147242e-06, -1.147242e-06, 0.0, -0.0005516023, -4.3202e-07, -6.869018e-06, -4.1273333e-06, -7.89631e-07, -2.1008714e-06, -2.2842309e-05, -9.968313e-06, 0.0, -3.1281633e-07, 0.0, -0.00046784978, -0.0010404328, -4.7755875e-05, -9.0073176e-05, -1.9816675e-06, 0.0, -1.147242e-06, 0.0, 0.0, 0.0, -5.5122365e-07, -3.5313153e-06, 0.0, -3.5313153e-06, 0.0, -3.190179e-05, -0.61865234, -0.00035274302, -7.89631e-07, -9.0883464e-07, -0.0062150666, -1.6524515e-05, -3.7697225e-06, -6.0345924e-06, -5.5122365e-07, -4.0842064e-05, 0.0, -0.0009868424, -0.022863848, -2.1008714e-06, -6.146429e-05, -0.059008528, -2.3915141e-05, -7.088138e-05, -1.1398757e-05, 0.0, -6.2729996e-06, -2.3915141e-05, -4.604148e-06, -3.9530823e-05, -1.9361265e-07, -1.7239736e-05, -0.00030150014, -6.869018e-06, -0.014049853, -0.00051335624, -0.00078044215, -3.5120287e-05, -8.792751e-05, -1.27099975e-05, -1.3544423e-05, -0.63305473, -0.000113079484, -5.0378356e-05, -0.00060772157, -1.2664457e-06, -1.0280384e-06, -1.1517961e-05, -7.89631e-07, -1.378283e-05, -1.2829201e-05, -3.1281633e-07, -3.1782583e-05, -0.00032831362, -6.2729996e-06, -4.8709502e-05, -1.569009e-05, -1.7239736e-05, -1.9361265e-07, -1.7432603e-06, -6.6306106e-06, -6.9882217e-06, -3.4121115e-06, -0.0002738522, -1.9027791e-05, -1.4021238e-05, -2.220075e-06, -0.00013083349, -2.0935051e-05, -0.0013401238, -2.618001e-05, 0.0, -1.1398757e-05, -0.0022207955, -0.00034118397, -3.4166656e-05, -1.3306016e-05, -9.627177e-05, -0.002925519, -0.00028374247, -0.00029422872, -6.0345924e-06, -1.3544423e-05, -1.147242e-06, 0.0, -0.0012433248, -0.000834524, -5.7961847e-06, -8.780831e-05, -2.5345586e-05, -1.1398757e-05, 0.0, -3.1281633e-07, 0.0, -3.1424974e-05, -0.0002904142, -2.2365493e-05, -5.5122365e-07, -8.900034e-05, 0.0, -1.9361265e-07, -6.869018e-06, 0.0, -1.147242e-06, -3.1281633e-07, -1.9361265e-07, -1.3067608e-05, -9.372295e-06, -3.888926e-06, -5.5122365e-07, -5.3193703e-06, -3.0545007e-06, -9.0883464e-07, -1.3856493e-06, -9.0883464e-07, 0.0, 0.0, -5.6769813e-06, -0.0008415496, -2.0219828e-05, -1.0564331e-05, -1.9816675e-06, -1.2664457e-06, -5.5577775e-06, -3.7697225e-06, -0.00015145572, -0.0019973929, -0.00045677117, -0.00011594037, -3.368984e-05, -7.9418505e-06, -1.147242e-06, -0.00011152984, -7.886803e-05, -1.9361265e-07, -2.6968896e-06, -6.704273e-07, -5.4385737e-06, -1.0087517e-05, -0.001975861, -7.7318386e-05, -3.7146747e-05, -6.704273e-07, 0.0, -4.3202e-07, -5.9153886e-06, -4.604148e-06, -4.3202e-07, -2.6968896e-06, -9.253091e-06, -0.000108788154, -2.0219828e-05, 0.0, -5.5122365e-07, -1.6240566e-06, -9.841743e-05, 0.0, -1.2664457e-06, -2.9352968e-06, -4.3202e-07, -3.1281633e-07, -8.299462e-06, -7.89631e-07, -1.9361265e-07, 0.0, 0.0, -0.00025275684, -0.0012965429, -5.5265704e-05, -5.7411373e-05, -4.3202e-07, 0.0, -6.2729996e-06, 0.0, 0.0, 0.0, -5.5122365e-07, -1.2113979e-05, 0.0, -9.968313e-06, -4.3202e-07, -1.6762922e-05, -0.25879517, -0.0002224901, -4.7875077e-05, -0.010293564, -3.9117758, -6.6306106e-06, -2.9756122e-05, -1.5570886e-05, 0.0, 0.0, -1.2829201e-05, -0.1161235, -4.3202e-07, -7.89631e-07, 0.0, -2.3319124e-05, -0.00044056313, -1.1517961e-05, 0.0, -4.246537e-06, -1.0802739e-05, 0.0, -5.2001665e-06, -8.180258e-06, -6.325235e-05, -5.145119e-05, -0.0013563097, -0.002335686, 0.0, -4.365741e-06, -0.0070214225, -1.9361265e-07, -2.0339032e-05, 0.0, -1.5928495e-05, -0.0007467369, -3.7146747e-05, -1.0280384e-06, -2.8564085e-05, 0.0, -1.9361265e-07, -0.00015502817, -2.5226382e-05, -0.00024989594, -9.372295e-06, -4.9424725e-05, 0.0, -9.0883464e-07, -6.869018e-06, -2.3319124e-05, -0.00024631983, -5.5122365e-07, -4.246537e-06, 0.0, -5.8841815e-05, -0.0015148617, -1.831257e-05, -0.0001311911, -9.960947e-05, -2.9352968e-06, -0.00042721233, -9.4914985e-06, -0.00031329764, -0.00015467056, -1.8624639e-06, -1.147242e-06, -0.021497568, -6.704273e-07, -3.8219583e-05, -6.134509e-05, -7.89631e-07, -2.3795938e-05, 0.0, -2.1008714e-06, -5.2001665e-06, -6.2729996e-06, -0.000342376, -6.6306106e-06, -7.016616e-05, 0.0, -4.8425554e-06, -3.7697225e-06, -2.129266e-05, -0.00012678056, -1.2664457e-06, -1.5809293e-05, 0.0, -4.1318875e-05, -5.1689596e-05, -1.3856493e-06, -1.18755715e-05, -0.0007990269, -1.3186812e-05, -8.184812e-05, -3.5716304e-05, -0.0001627764, -4.3202e-07, -9.253091e-06, -0.19407149, -3.917321e-05, -3.1281633e-07, -2.4584822e-06, -0.00025478328, -8.9119545e-05, -4.5848617e-05, -1.0325924e-05, -9.849109e-06, -3.6789137e-05, -3.2736214e-05, -5.5122365e-07, 0.0, -9.4914985e-06, -8.657073e-06, -4.246537e-06, -1.9361265e-07, -0.010903853, -1.2664457e-06, -0.00012284685, -8.041768e-05, -7.107425e-06, 0.0, -0.0005064461, -6.7662884e-05, -0.000614386, 0.0, -7.862962e-05, -1.9504607e-05, -0.00030150014, -1.700133e-05, -1.0280384e-06, 0.0, -2.8921695e-05, -1.9816675e-06, -1.1279553e-05, 0.0, -4.604148e-06, -4.365741e-06, -4.4849444e-06, -1.4378848e-05, -1.9816675e-06, -9.014684e-06, 0.0, -1.7478143e-05, -0.00010974178, -1.0280384e-06, -2.3915141e-05, -1.0325924e-05, -5.080963e-06, 0.0, -3.0545007e-06, -2.577686e-06, -0.00012594614, -3.9250755, -5.4385737e-06, -8.89548e-06, -4.7517467e-05, -0.009923243, -7.660316e-05, -0.017381828, -0.028872661, 0.0, -5.6769813e-06, -0.041165546, -0.60059625, -0.006973002, -3.6669935e-05, -0.000197461, -0.0017208769, -0.0001819682, -8.44706e-05, -1.7239736e-05, -3.1281633e-07, -4.365741e-06, 0.0, -2.1411865e-05, -0.00011105302, -1.8789384e-05, -0.00014120422, -2.4584822e-06, -1.9361265e-07, 0.0, -4.3202e-07, -0.00014656837, -0.00017123987, -6.704273e-07, 0.0, -4.604148e-06, 0.0, 0.0, -0.00013440961, -4.3202e-07, -4.4537377e-05, -6.1821906e-05, -1.6240566e-06, -0.000147522, -0.0005008472, -8.418666e-06, -1.6240566e-06, -1.8074163e-05, -8.180258e-06, -6.749814e-06, -1.3856493e-06, -4.7755875e-05, -0.00020377879, -0.00019889144, -3.6789137e-05, -4.3202e-07, -2.1008714e-06, -1.2664457e-06, -9.0883464e-07, -1.8624639e-06, -7.89631e-07, -6.420598e-05, -5.5122365e-07, 0.0, -1.3856493e-06, -1.2664457e-06, 0.0, -1.9816675e-06, -4.9617593e-06, -9.0883464e-07, -4.3202e-07, -7.89631e-07, -1.504853e-06, -1.1279553e-05, -7.445749e-05, -1.6762922e-05, -8.304016e-05, -9.849109e-06, -2.8160932e-06, -7.226629e-06, -1.9361265e-07, -9.014684e-06, -1.867018e-05, -2.1054253e-05, -1.473646e-05, -1.504853e-06, -1.3856493e-06, -4.246537e-06, -3.888926e-06, -9.4914985e-06, -2.8802491e-05, -2.4034345e-05, -1.9361265e-07, -4.723352e-06, -3.1281633e-07, -4.3202e-07, -5.2001665e-06, -3.650519e-06, -6.704273e-07, 0.0, -6.869018e-06, -1.3902034e-05, -1.6240566e-06, -5.080963e-06, -1.2664457e-06, -5.371606e-05, -6.206032e-05, -9.968313e-06, 0.0, -2.9352968e-06, -1.1756368e-05, -3.7697225e-06, -2.6895234e-05, -5.5623317e-05, -5.4385737e-06, -5.5122365e-07, 0.0, -0.0007355354, -0.0012603527, -3.5358695e-05, -5.7172965e-05, -1.2664457e-06, 0.0, -1.504853e-06, 0.0, 0.0, 0.0, -9.0883464e-07, -1.9385403e-05, 0.0, -2.6418418e-05, -2.6968896e-06, -6.670925e-05, -5.60802, -0.043352783, -0.0001527633, -0.00059973856, 0.0, -2.3392786e-06, -1.6286107e-05, -2.6968896e-06, -4.6683042e-05, -2.0339032e-05, -0.0003777648, -5.109358e-05, -2.0339032e-05, -0.00081963453, -4.954393e-05, 0.0, -5.8722613e-05, 0.0, -6.9882217e-06, -0.0002974472, -4.3202e-07, -2.4584822e-06, -0.013303995, -4.1914896e-05, -9.610702e-06, -6.575563e-05, -1.18755715e-05, -4.3202e-07, 0.0, -6.9882217e-06, -5.276243e-05, -0.0005405237, -1.7432603e-06, -5.9153886e-06, -0.00093885476, -7.3458323e-06, -0.00022403974, -9.014684e-06, -0.0046724454, 0.0, -1.4617256e-05, -2.5583993e-05, -0.028959854, -8.299462e-06, -6.0345924e-06, -7.9418505e-06, -6.704273e-07, 0.0, -2.1531068e-05, -0.00010807293, -7.226629e-06, -3.392825e-05, -6.289474e-05, -0.00015657782, -3.1281633e-07, -4.978234e-05, -7.89631e-07, -4.7517467e-05, -2.5941605e-05, -6.749814e-06, -0.000116417184, -1.0280384e-06, -4.8425554e-06, -5.2285613e-05, -4.274932e-05, -2.3392786e-06, -3.1281633e-07, -2.4153549e-05, -0.00050144317, 0.0, -8.3159364e-05, -4.763667e-05, -4.3202e-07, -1.962381e-05, -5.5122365e-07, -1.147242e-06, -1.9361265e-07, 0.0, -5.080963e-06, -7.3458323e-06, -4.246537e-06, -6.704273e-07, -0.00019162003, -1.1041146e-05, -6.384837e-05, -0.00065739284, -0.00021236145, -1.0921943e-05, -0.00014239625, -0.00017290872, -0.000768652, 0.0, -2.868329e-05, -6.6306106e-06, -0.00032163822, -4.8425554e-06, -2.2246291e-05, -9.0883464e-07, -0.0009169359, -3.1305768e-05, -3.1281633e-07, -9.388769e-05, -6.749814e-06, -2.8160932e-06, -6.647085e-05, -6.704273e-07, -5.0139948e-05, 0.0, -4.246537e-06, -3.3809047e-05, -6.6306106e-06, -1.9361265e-07, -5.5122365e-07, -5.443128e-05, 0.0, -9.3410876e-05, -5.550411e-05, -1.9361265e-07, -5.4385737e-06, -0.10996604, -0.01137884, -0.0001307143, -0.0031793788, -8.061054e-06, -4.3202e-07, 0.0, -6.659005e-05, -9.0883464e-07, -6.563642e-05, -0.0017371823, -7.77952e-05, -3.0545007e-06, -0.00034726333, -0.00036251772, 0.0, -7.016616e-05, -7.3458323e-06, -4.990154e-05, -0.00024608144, 0.0, -2.1008714e-06, -3.786197e-05, -1.867018e-05, -5.6769813e-06, -3.4762674e-05, -3.3213026e-05, -1.4259645e-05, -0.0002885106, -0.06304688, -0.00046355845, -1.4259645e-05, -2.7848862e-05, -0.0001690942, -0.0013464233, -0.0002456046, -3.4762674e-05, -3.1737043e-06, -3.1281633e-07, -5.5122365e-07, -3.7697225e-06, -1.6240566e-06, -1.9361265e-07, -5.2001665e-06, -2.868329e-05, -0.0004992975, -0.00018840152, -0.00031127117, -0.00029518234, -0.00039801843, -1.9361265e-07, 0.0, -1.0087517e-05, 0.0, 0.0, -5.9153886e-06, -1.9361265e-07, -3.7697225e-06, -5.9080223e-05, -5.6576944e-05, -0.00013345598, -0.00014358829, -0.0005719788, -1.0280384e-06, 0.0, -3.1281633e-07, -1.504853e-06, -0.00016957101, -6.229872e-05, -1.5570886e-05, -1.1517961e-05, -2.319992e-05, 0.0, 0.0, -1.962381e-05, -1.1637165e-05, -3.2929079e-06, -2.220075e-06, -1.9361265e-07, 0.0, -9.3530085e-05, -1.3067608e-05, -1.9361265e-07, -0.00023834419, -0.00034785937, -3.4405064e-05, -1.504853e-06, 0.0, -0.0002577634, -0.00049715186, -1.0564331e-05, -1.147242e-06, -5.5122365e-07, -1.9361265e-07, -5.3193703e-06, -5.5122365e-07, -1.0280384e-06, -3.1281633e-07, -3.888926e-06, -1.0280384e-06, -1.0445127e-05, -0.0004222131, -9.0883464e-07, -2.8206474e-05, -2.8160932e-06, -1.147242e-06, -1.8624639e-06, -2.3319124e-05, -7.703444e-06, 0.0, -9.0883464e-07, -2.220075e-06, -9.0883464e-07, -1.3856493e-06, -4.00813e-06, -1.0325924e-05, -4.3202e-07, 0.0, -1.9361265e-07, 0.0, -0.0005842494, -0.0011543897, -3.4762674e-05, -7.982166e-05, -2.1008714e-06, 0.0, -4.4849444e-06, -1.9361265e-07, 0.0, 0.0, -1.7432603e-06, -7.171581e-05, 0.0, -9.74638e-05, -6.392203e-06, -7.517272e-05, -0.8334142, -0.45136517, -0.052996125, -0.05645702, -0.0041923677, -1.9361265e-07, -6.194111e-05, -1.2233183e-05, -0.12257924, -0.00024751187, -3.1281633e-07, -9.729906e-06, -4.3202e-07, 0.0, -0.0001594387, -7.89631e-07, -4.1273333e-06, -2.8325678e-05, -0.00018863993, -0.01750225, -4.036525e-05, -9.0883464e-07, -1.147242e-06, -3.1737043e-06, -5.50273e-05, -6.241792e-05, -3.035214e-05, -6.869018e-06, -4.4537377e-05, -1.9146995e-05, -0.00023274162, -9.7583004e-05, -8.5781845e-05, -8.299462e-06, -4.9424725e-05, -9.729906e-06, -1.50940705e-05, -1.7954959e-05, -7.465036e-06, 0.0, -1.504853e-06, -1.9816675e-06, -5.145119e-05, -7.465036e-06, -2.7372049e-05, -0.0003647826, -6.392203e-06, -2.9875326e-05, -8.180258e-06, -4.246537e-06, -4.4849444e-06, -7.350386e-05, -3.1281633e-07, 0.0, -0.00032283025, -9.281486e-05, -4.9186317e-05, -0.0007735357, -0.0009621966, -2.8444882e-05, -0.00028922583, -0.0006034302, 0.0, -0.0014862969, -8.299462e-06, -0.00010545045, -6.869018e-06, -7.89631e-07, -0.000645003, -5.2001665e-06, -1.2664457e-06, -0.0002100966, -0.0015579511, -0.0003649018, -4.572941e-05, -3.1281633e-07, -1.3544423e-05, -1.5928495e-05, -2.749125e-05, -0.00018339496, -2.3392786e-06, -8.8285124e-05, -1.0921943e-05, -1.0683535e-05, -1.2664457e-06, -1.9361265e-07, -2.451116e-05, -1.8624639e-06, -5.3954464e-05, -1.9816675e-06, -0.002824966, -7.314626e-05, -2.3080716e-05, -2.7014437e-05, -3.7697225e-06, -6.873572e-05, -1.6166903e-05, -1.7432603e-06, 0.0, -3.650519e-06, -1.3663626e-05, -2.4987974e-05, -6.9882217e-06, -6.849731e-05, -5.2643223e-05, -4.3202e-07, -7.89631e-07, -3.9054008e-05, -3.4121115e-06, -5.7530575e-05, -2.58224e-05, 0.0, -1.1756368e-05, -0.047571663, -0.02007031, -0.004058452, -3.0113732e-05, -0.00052824937, -0.2317846, -2.9636918e-05, -6.704273e-07, -6.80205e-05, 0.0, 0.0, -0.0005586316, -6.313315e-05, -3.1281633e-07, -0.000657512, -1.504853e-06, 0.0, -5.7961847e-06, -0.0114490725, -0.00067156705, -8.733149e-05, 0.0, -0.00013536324, -5.6769813e-06, -0.00016790217, -4.3202e-07, -2.1531068e-05, -1.9385403e-05, -2.319992e-05, -1.378283e-05, -4.3202e-07, -0.0026974014, -1.3856493e-06, -5.5122365e-07, -0.00032294946, -0.0016908926, 0.0, -5.4385737e-06, -5.5577775e-06, -3.1281633e-07, -6.6306106e-06, 0.0, -9.73446e-05, -0.00018863993, -1.962381e-05, -7.815281e-05, -1.4021238e-05, -6.778209e-05, -0.033121917, -0.005228187, -3.077697, -4.9186317e-05, 0.0, -2.1008714e-06, -2.8564085e-05, 0.0, -4.9617593e-06, -7.89631e-07, 0.0, -0.00019185843, -0.0018259542, -0.5767512, -1.640531e-05, -0.40608737, -0.04067601, -0.0036852357, -0.0007171964, -4.9617593e-06, -4.1557283e-05, 0.0, 0.0, -4.894791e-05, -4.048445e-05, -3.0545007e-06, -3.4762674e-05, -0.00021652991, -6.749814e-06, 0.0, -5.5122365e-07, 0.0, -0.00032021143, -7.3458323e-06, -1.867018e-05, -4.4849444e-06, -8.077529e-05, 0.0, -5.5122365e-07, -4.9617593e-06, 0.0, -2.9352968e-06, -6.0345924e-06, -4.3202e-07, -1.9146995e-05, -1.6882126e-05, -7.016616e-05, -1.6240566e-06, -1.9816675e-06, 0.0, 0.0, 0.0, -1.0280384e-06, 0.0, 0.0, -3.5313153e-06, -0.00014132341, -7.660316e-05, -1.247159e-05, -2.6968896e-06, -7.89631e-07, -1.1041146e-05, -5.5122365e-07, -0.00043877508, -4.692145e-05, -3.261701e-05, -2.9636918e-05, -9.9251854e-05, -1.8908588e-05, -1.9361265e-07, -1.2233183e-05, -1.831257e-05, 0.0, -5.5122365e-07, -7.89631e-07, -6.704273e-07, -1.8624639e-06, -0.00048608426, -9.133887e-06, -5.2001665e-06, -3.1281633e-07, 0.0, -5.5122365e-07, -2.220075e-06, -5.3193703e-06, 0.0, -1.8624639e-06, -6.6306106e-06, -6.869018e-06, -5.574252e-05, 0.0, -5.5122365e-07, -1.6240566e-06, -0.00025001515, 0.0, -2.8160932e-06, -1.92662e-05, -1.9361265e-07, -6.704273e-07, -7.89631e-07, -2.4584822e-06, -2.1008714e-06, -1.147242e-06, 0.0, -9.710619e-05]",0
2025_11_KICE_32-34_0,['3(2)'],"1번: 대구 표현으로 외양을 묘사하여 대상의 처지를 드러낸다. + ""네 행색을 보아 하니 군사 도망 네로구나""
2번: 행위의 실행을 가정하여 부정적 전망을 제시한다. + ""십 리 길을 하루 가니 몇 리 가서 엎어지리""
3번: 의문의 표현을 사용하여 상대의 행적에 대해 의심한다. + ""자네 또한 도망하면 일국 일토(一土) 한 인심에""
4번: 과거와 현재를 대비하여 악화된 처지를 보여 준다. + ""칠팔월에 ㉠인삼 캐고 구시월에 돈피 잡아""
5번: 구체적 수치를 제시하여 감당하기 힘든 현실을 드러낸다. + ""열두 사람 없는 구실 합쳐 보면 사십육 냥""

최종 정답: 5번 (선택지 5번에 대한 답변) - ""열두 사람 없는 구실 합쳐 보면 사십육 냥""","[16, 43144, 25, 62060, 89359, 1144, 3546, 3546, 3546, 43139, 1144, 48859, 3546, 3546, 18359, 1144, 3546, 3546, 56154, 83290, 62060, 57002, 21028, 72747, 22035, 18918, 1144, 3546, 61394, 3546, 48859, 13447, 13, 489, 330, 3546, 47496, 1144, 3546, 78326, 18359, 64432, 54059, 55000, 84136, 1144, 48859, 48859, 56154, 1144, 3546, 3546, 3546, 1144, 47496, 17835, 89359, 61415, 702, 17, 43144, 25, 1144, 3546, 82001, 21028, 86888, 18359, 36609, 30381, 83290, 86503, 30381, 82068, 57519, 3546, 3546, 18359, 63171, 30426, 52976, 13, 489, 330, 3546, 3546, 58083, 1144, 48859, 18359, 55000, 3546, 47496, 36609, 84136, 1144, 3546, 58083, 36609, 27796, 1144, 3546, 32179, 22035, 29102, 702, 18, 43144, 25, 1144, 3546, 52688, 21028, 1144, 3546, 3546, 3546, 18359, 41820, 83290, 59134, 67945, 21028, 1144, 3546, 82068, 19954, 62060, 34983, 1144, 3546, 3546, 3546, 52976, 13, 489, 330, 26799, 3546, 47496, 1144, 3546, 3546, 24486, 1144, 3546, 3546, 3546, 16582, 33390, 84656, 3546, 3546, 84656, 3546, 3546, 47496, 7, 15120, 74090, 8, 62398, 59777, 3546, 3546, 19954, 702, 19, 43144, 25, 1144, 3546, 93292, 81673, 1144, 3546, 18918, 62060, 71682, 83290, 1144, 3546, 57390, 53400, 72747, 22035, 18918, 64432, 58126, 1144, 3546, 13447, 13, 489, 330, 3546, 47496, 3546, 3546, 3546, 3546, 19954, 220, 45398, 3546, 47496, 32428, 3546, 3546, 1144, 3546, 3546, 35495, 59877, 30426, 3546, 3546, 19954, 1144, 3546, 3546, 3546, 3546, 1144, 47496, 54059, 702, 20, 43144, 25, 59877, 50643, 82068, 29833, 60798, 18918, 63171, 30426, 83290, 1144, 3546, 65895, 67525, 1144, 3546, 3546, 82776, 1144, 3546, 3546, 47496, 18359, 1144, 3546, 61394, 3546, 48859, 13447, 13, 489, 330, 55055, 3546, 3546, 33229, 3546, 3546, 47782, 16969, 59877, 3546, 47496, 1144, 47496, 3546, 48859, 3546, 64432, 33390, 33229, 3546, 3546, 3546, 47496, 1144, 3546, 47496, 1875, 3546, 48859, 3546, 47496, 3546, 37155, 3546, 48859, 25, 220, 20, 43144, 320, 3546, 47496, 22035, 220, 20, 43144, 19954, 62060, 24486, 1144, 48859, 3546, 3546, 8, 482, 330, 55055, 3546, 3546, 33229, 3546, 3546, 47782, 16969, 59877, 3546, 47496, 1144, 47496, 3546, 48859, 3546, 64432, 33390, 33229, 3546, 3546, 3546, 47496, 1144, 3546, 47496, 1]","[-1.2948405e-05, -1.735894e-05, -0.00012499251, -0.10060528, -0.00070242246, -0.0003745463, -1.504853e-06, 0.0, -2.577686e-06, -9.133887e-06, -9.372295e-06, -7.822647e-06, -2.9279307e-05, -1.9361265e-07, -4.8425554e-06, -2.486877e-05, -6.392203e-06, -1.0445127e-05, 0.0, -9.209964e-05, -3.035214e-05, -8.061054e-06, -5.5122365e-07, -4.3202e-07, -1.9816675e-06, -9.133887e-06, -4.3202e-07, -2.3676734e-05, -4.3202e-07, -0.0016281677, -4.3202e-07, -1.3306016e-05, -0.0022501727, -0.037202805, -0.047253, -0.3657704, -0.00047869363, -0.00010342398, -0.0004006409, -2.3676734e-05, -1.504853e-06, -1.7432603e-06, -1.0325924e-05, -0.0003028114, -5.4385737e-06, -0.00019936825, -1.8624639e-06, -5.5122365e-07, -3.619312e-05, -2.5941605e-05, -5.080963e-06, -1.5928495e-05, -4.3202e-07, -1.3306016e-05, -2.0815847e-05, -0.00016563729, -0.0004617704, -2.2127088e-05, -0.14775969, -2.58224e-05, -1.0921943e-05, -0.00034797855, -0.0018127481, -0.13627847, -1.7478143e-05, -3.888926e-06, -5.6769813e-06, -1.6240566e-06, -2.6968896e-06, -1.9361265e-07, -1.147242e-06, -9.0883464e-07, -1.7432603e-06, -3.1281633e-07, -1.6240566e-06, -2.5703197e-05, 0.0, -5.5122365e-07, 0.0, -5.5122365e-07, -1.0280384e-06, -0.0026568703, -0.005842993, -0.00018673266, -0.09303162, -0.00028326566, -0.0007782965, -9.133887e-06, 0.0, -5.5577775e-06, -7.89631e-07, -4.3202e-07, -1.9361265e-07, -4.429897e-05, -2.6968896e-06, -9.968313e-06, -1.2664457e-06, -9.133887e-06, -8.208653e-05, -3.0545007e-06, -5.5122365e-07, -3.5313153e-06, -1.0280384e-06, -3.7697225e-06, -1.8789384e-05, -0.0010187561, -1.27099975e-05, -7.107425e-06, -4.894791e-05, -0.0025888581, -1.9361265e-07, -6.704273e-07, -8.180258e-06, 0.0, -3.1281633e-07, -1.9361265e-07, 0.0, -1.147242e-06, -1.9361265e-07, -4.3202e-07, -7.89631e-07, -3.4121115e-06, -1.9361265e-07, -6.704273e-07, -4.3202e-07, -1.504853e-06, -7.89631e-07, -1.0280384e-06, -1.5570886e-05, -3.1281633e-07, 0.0, -1.640531e-05, 0.0, -3.7697225e-06, -0.0075329216, -0.011125989, -0.90394574, -0.8856228, -0.00023917861, -5.6769813e-06, -0.073252596, -4.2153304e-05, -3.1281633e-07, -0.000296136, -3.4405064e-05, -2.4584822e-06, -8.537869e-06, -3.1281633e-07, -3.1737043e-06, -6.704273e-07, -0.0027910883, -2.2484697e-05, -5.5122365e-07, -2.2723105e-05, -6.1537958e-06, -1.0280384e-06, -3.4121115e-06, -0.1497612, -0.0021914218, -0.00016444526, -6.8854926e-05, -0.0001658757, -2.0100624e-05, -4.8113485e-05, -1.7432603e-06, -8.89548e-06, -0.021943647, -0.00010998019, -1.735894e-05, -0.00016074994, -0.011637624, 0.0, 0.0, -4.246537e-06, 0.0, -3.1281633e-07, -6.704273e-07, -3.1281633e-07, -3.7697225e-06, -4.8425554e-06, -2.6968896e-06, -6.704273e-07, -5.5122365e-07, -1.9361265e-07, -1.9361265e-07, -3.1281633e-07, -4.365741e-06, -4.1273333e-06, -1.9816675e-06, -0.0015528328, -7.89631e-07, -4.365741e-06, -0.0021962908, -0.004646215, -0.00016897499, -2.0208688, -0.0005265805, -5.9795446e-05, -1.9361265e-07, -0.022184325, 0.0, -2.3392786e-06, -0.0057896627, -0.0020390337, -1.9027791e-05, -0.000210335, -0.0002291655, -1.1398757e-05, 0.0, -1.3306016e-05, -1.6240566e-06, 0.0, -2.577686e-06, -0.0011154505, -0.00013345598, -4.990154e-05, 0.0, -3.4121115e-06, -4.167649e-05, -5.5577775e-06, -2.4630364e-05, -1.9816675e-06, -3.1281633e-07, -1.733797, -2.1008714e-06, -3.7697225e-06, -0.0013833323, -8.418666e-06, -2.7133641e-05, -7.4576696e-05, -4.990154e-05, -5.5122365e-07, 0.0, -5.5122365e-07, -7.3458323e-06, -3.0545007e-06, 0.0, -7.3458323e-06, -9.0883464e-07, -3.2929079e-06, -2.220075e-06, -3.7697225e-06, 0.0, -0.00011021859, 0.0, -3.1281633e-07, -1.0280384e-06, -3.1281633e-07, 0.0, 0.0, 0.0, -1.0802739e-05, -1.5928495e-05, -4.3202e-07, -1.9361265e-07, -7.767599e-05, -1.0280384e-06, -4.3202e-07, -0.0002821928, -0.0006816957, -0.00013548243, -0.5806895, -8.657073e-06, -8.299462e-06, -9.610702e-06, -6.515961e-05, 0.0, -5.4385737e-06, -9.0883464e-07, -4.0722858e-05, -9.484132e-05, -2.1008714e-06, -2.5583993e-05, -5.4385737e-06, -1.3306016e-05, -1.9361265e-07, 0.0, -0.00012260844, -1.0280384e-06, -8.418666e-06, -4.3202e-07, 0.0, -4.9617593e-06, -1.2664457e-06, -0.023176054, -2.355753e-05, 0.0, -2.526915, -5.6769813e-06, 0.0, -7.89631e-07, -2.8160932e-06, 0.0, -2.220075e-06, -4.3202e-07, 0.0, -0.00027730546, -0.00027527902, -0.1359008, -5.7888185e-05, -0.35096288, -0.530673, -0.0009186048, -9.0883464e-07, -0.0008713212, -0.0002352449, -0.082513876, -0.71373683, -0.021836925, -0.00045200303, -0.02343985, -7.89631e-07, -0.00022427815, 0.0, -0.03221702, -2.138514, -1.3179195, -0.079065055, -6.704273e-07, -1.9361265e-07, -5.080963e-06, -8.89548e-06, 0.0, -4.3464544e-05, -4.1914896e-05, -3.5835506e-05, -6.1537958e-06, 0.0, -2.1008714e-06, -1.3856493e-06, -9.372295e-06, 0.0, 0.0, -2.6060809e-05, -5.5122365e-07, -4.3202e-07, -1.9361265e-07, 0.0, -3.1281633e-07, 0.0, -7.493431e-05, -2.9352968e-06, 0.0, -0.00051264104]",0
2025_11_KICE_32-34_1,['5(2)'],"1번: ㉠은 ㉠을 언급하는 화자가 이주해 가려는 땅에서 재배할 약재이다. ""(나) 녹양방초 언덕에 소 먹이는 [아희]들아""
2번: ㉡은 ㉡을 언급하는 화자가 말을 건네는 상대에게 노동의 대가로 주는 보상이다. ""(나) 뒷내 고기를 다 몽땅 잡아내 다래끼*에 넣어""
3번: ㉠과 ㉡은 모두, 각각을 언급하는 화자가 유흥을 목적으로 구하려는 물품이다.
4번: ㉠과 ㉡은 모두, 각각을 언급하는 화자가 획득하려면 상대의 도움이 필요한 대상이다.
5번: ㉠과 ㉡은 모두, 각각을 언급하는 화자가 보기에 상대가 했으면 하는 행위의 대상이다.
최종 정답: 1번 - ㉠은 ㉠을 언급하는 화자가 이주해 가려는 땅에서 재배할 약재이다.","[16, 43144, 25, 220, 45398, 3546, 47496, 34804, 220, 45398, 3546, 47496, 18359, 1144, 48859, 3546, 3546, 44005, 1144, 3546, 26799, 20565, 23955, 55430, 34983, 36609, 3546, 47496, 16969, 1144, 3546, 3546, 57575, 1144, 3546, 3546, 48859, 48936, 1144, 3546, 58232, 13094, 13447, 13, 12262, 61415, 8, 1144, 3546, 48859, 3546, 3546, 3546, 47496, 3546, 48859, 1144, 48859, 3546, 3546, 19954, 1144, 3546, 1144, 47496, 48859, 13094, 16969, 510, 54059, 3546, 3546, 3546, 60, 65950, 54059, 702, 17, 43144, 25, 220, 45398, 3546, 47496, 34804, 220, 45398, 3546, 47496, 18359, 1144, 48859, 3546, 3546, 44005, 1144, 3546, 26799, 20565, 1144, 3546, 18359, 1144, 48859, 3546, 47496, 16969, 59134, 67945, 19954, 58901, 1144, 3546, 48859, 58189, 21028, 62060, 20565, 17835, 56773, 16969, 64432, 57002, 13094, 13447, 13, 12262, 61415, 8, 1144, 3546, 48859, 96318, 1144, 47496, 21121, 18918, 50467, 1144, 3546, 3546, 3546, 3546, 1144, 47496, 54059, 96318, 50467, 54542, 3546, 3546, 3546, 9, 19954, 1144, 47496, 32179, 702, 18, 43144, 25, 220, 45398, 3546, 47496, 54780, 220, 45398, 3546, 47496, 34804, 55170, 3546, 3546, 11, 1144, 3546, 3546, 3546, 18359, 1144, 48859, 3546, 3546, 44005, 1144, 3546, 26799, 20565, 1144, 47496, 3546, 47496, 18359, 1144, 47496, 82068, 43139, 59877, 16582, 3546, 47496, 16969, 1144, 3546, 3546, 3546, 3546, 3546, 13094, 13447, 627, 19, 43144, 25, 220, 45398, 3546, 47496, 54780, 220, 45398, 3546, 47496, 34804, 55170, 3546, 3546, 11, 1144, 3546, 3546, 3546, 18359, 1144, 48859, 3546, 3546, 44005, 1144, 3546, 26799, 20565, 1144, 3546, 3546, 3546, 3546, 16582, 3546, 47496, 33390, 59134, 67945, 21028, 1144, 3546, 3546, 3546, 13094, 76628, 36811, 24486, 62060, 57002, 13094, 13447, 627, 20, 43144, 25, 220, 45398, 3546, 47496, 54780, 220, 45398, 3546, 47496, 34804, 55170, 3546, 3546, 11, 1144, 3546, 3546, 3546, 18359, 1144, 48859, 3546, 3546, 44005, 1144, 3546, 26799, 20565, 64432, 21121, 19954, 59134, 67945, 20565, 1144, 3546, 3546, 91040, 220, 44005, 1144, 3546, 82001, 21028, 62060, 57002, 13094, 13447, 627, 3546, 48859, 3546, 47496, 3546, 37155, 3546, 48859, 25, 220, 16, 43144, 482, 220, 45398, 3546, 47496, 34804, 220, 45398, 3546, 47496, 18359, 1144, 48859, 3546, 3546, 44005, 1144, 3546, 26799, 20565, 23955, 55430, 34983, 36609, 3546, 47496, 16969, 1144, 3546, 3546, 57575, 1144, 3546, 3546, 48859, 48936, 1144, 3546, 58232, 13094, 13447, 13]","[-0.00470673, -3.7697225e-06, -0.0005259882, -0.0039594285, -5.1808798e-05, 0.0, -0.00045176462, -0.00020687809, -4.4894987e-05, -1.4021238e-05, -7.89631e-07, -0.00093563984, -0.0019291093, -2.1008714e-06, 0.0, -4.3202e-07, 0.0, -9.0883464e-07, -3.1281633e-07, -4.3202e-07, -7.89631e-07, -9.0883464e-07, -3.2929079e-06, -2.2007884e-05, -1.4617256e-05, -3.1737043e-06, -3.0545007e-06, -3.1281633e-07, -1.60477e-05, -2.220075e-06, -1.6240566e-06, -4.3202e-07, -1.9816675e-06, -2.220075e-06, -4.3202e-07, -4.3202e-07, 0.0, -3.2929079e-06, -7.89631e-07, -1.9361265e-07, -0.0002390594, -1.50940705e-05, -7.89631e-07, -0.0030358208, -0.2488375, -0.6475655, -0.002245773, -0.20156479, -0.0027753937, -1.4617256e-05, -5.8126592e-05, -1.9361265e-07, -5.6769813e-06, -3.1281633e-07, -4.9067115e-05, -2.319992e-05, -1.3067608e-05, -1.504853e-06, -5.0020742e-05, 0.0, -3.2929079e-06, -0.00031270162, 0.0, -1.9743013e-05, -3.1281633e-07, -6.9882217e-06, -3.9054008e-05, -3.5313153e-06, -0.0010965228, -3.650519e-06, -1.0921943e-05, -1.831257e-05, 0.0, -0.00041089242, -6.704273e-07, -5.2001665e-06, -0.006526719, -0.0002739714, -8.418666e-06, -0.00047368708, -1.3067608e-05, -2.7848862e-05, 0.0, -7.58424e-06, -0.00022821188, -2.1008714e-06, -3.5313153e-06, 0.0, -2.9279307e-05, -0.00014668758, -2.749125e-05, 0.0, 0.0, 0.0, -1.9361265e-07, -3.1281633e-07, -1.9361265e-07, -5.5122365e-07, -9.0883464e-07, -2.0935051e-05, 0.0, -3.888926e-06, -3.1281633e-07, -5.5122365e-07, -7.89631e-07, 0.0, -1.9361265e-07, -4.3202e-07, 0.0, -1.9361265e-07, 0.0, -5.080963e-06, -1.9361265e-07, 0.0, 0.0, 0.0, -3.1281633e-07, 0.0, -1.9361265e-07, -3.1281633e-07, 0.0, -1.8624639e-06, -1.9361265e-07, -1.9361265e-07, -1.9361265e-07, -0.0058926493, -0.007434231, -7.314626e-05, -0.00015550498, -0.8294423, -0.22659065, -0.0008569086, -1.6524515e-05, -0.00069933047, -4.8425554e-06, -2.4987974e-05, -0.001620788, -2.546479e-05, -3.094816e-05, -4.3202e-07, -2.3795938e-05, -5.7172965e-05, -1.9361265e-07, -2.6968896e-06, -9.0883464e-07, -5.5577775e-06, -0.00076686393, -9.388769e-05, -9.0883464e-07, -1.7597347e-05, 0.0, 0.0, -0.027203156, -1.9027791e-05, -4.4849444e-06, -9.0883464e-07, -1.0564331e-05, -0.34676388, -0.013126228, -3.7697225e-06, -0.0003306977, -0.19323392, -0.00016635252, -9.0883464e-07, -3.8100377e-05, -0.00042352435, -6.6306106e-06, -6.511407e-06, 0.0, -5.5122365e-07, -1.8624639e-06, -4.723352e-06, 0.0, 0.0, -2.0339032e-05, -1.342522e-05, -3.1281633e-07, 0.0, 0.0, -6.511407e-06, -7.946405e-05, 0.0, 0.0, 0.0, -6.704273e-07, -1.0280384e-06, -1.9361265e-07, -1.9361265e-07, -1.9361265e-07, -4.365741e-06, -3.4121115e-06, 0.0, 0.0, -1.8624639e-06, 0.0, -2.220075e-06, 0.0, -4.3202e-07, -3.3213026e-05, -1.4498052e-05, 0.0, 0.0, -5.5122365e-07, -1.27099975e-05, -3.2929079e-06, 0.0, -5.5577775e-06, -1.9361265e-07, 0.0, -7.89631e-07, -5.5122365e-07, -0.029981192, -6.396757e-05, -5.4385737e-06, -0.0005801965, -6.869018e-06, -7.7079974e-05, 0.0, -1.1041146e-05, -5.7530575e-05, -2.6968896e-06, -3.2929079e-06, 0.0, 0.0, -1.9361265e-07, 0.0, -3.1281633e-07, -1.9361265e-07, -1.1517961e-05, -9.133887e-06, 0.0, 0.0, 0.0, -1.147242e-06, -3.7265952e-05, 0.0, 0.0, 0.0, -1.9361265e-07, -6.704273e-07, -1.9361265e-07, 0.0, -1.9361265e-07, -0.00026252787, -9.0883464e-07, 0.0, 0.0, 0.0, -1.147242e-06, -4.3202e-07, 0.0, 0.0, -6.704273e-07, 0.0, -3.1281633e-07, -1.7432603e-06, -9.0883464e-07, -5.6769813e-06, 0.0, 0.0, 0.0, -5.5122365e-07, -1.9361265e-07, -7.89631e-07, -4.3202e-07, -1.147242e-06, -7.89631e-07, -0.0054917717, -3.0545007e-06, -3.6669935e-05, -8.077529e-05, -5.9153886e-06, -0.00085239357, 0.0, -3.1737043e-06, -1.1517961e-05, -2.4584822e-06, -1.6240566e-06, 0.0, -1.9361265e-07, -1.9361265e-07, -1.9361265e-07, -1.9361265e-07, -1.9361265e-07, -1.342522e-05, -2.6968896e-06, 0.0, 0.0, 0.0, -1.6240566e-06, -5.6769813e-06, 0.0, 0.0, 0.0, -1.9361265e-07, -4.3202e-07, -5.5122365e-07, -4.3202e-07, -1.9361265e-07, -2.1769476e-05, -2.220075e-06, -1.8624639e-06, -9.0883464e-07, -1.9361265e-07, -1.9361265e-07, -1.11603495e-05, -9.849109e-06, 0.0, 0.0, -7.89631e-07, 0.0, -6.704273e-07, -9.0883464e-07, -2.220075e-06, -4.3202e-07, -7.89631e-07, -5.5122365e-07, -4.3202e-07, -9.0883464e-07, -0.00917156, -5.5122365e-07, 0.0, -4.3202e-07, 0.0, 0.0, -2.220075e-06, -3.1281633e-07, 0.0, -3.1424974e-05, -0.0003618025, -0.00013333677, -3.1281633e-07, -1.0540986, -0.0008159428, -0.00069956895, -1.9361265e-07, -7.648396e-05, -3.8577193e-05, -6.0345924e-06, -3.1281633e-07, 0.0, -4.0961266e-05, -0.00027170655, -1.8789384e-05, 0.0, 0.0, 0.0, -3.1281633e-07, -3.1281633e-07, -9.0883464e-07, -1.0280384e-06, 0.0, -7.703444e-06, -6.6306106e-06, -3.1737043e-06, -7.89631e-07, -6.704273e-07, 0.0, -3.5313153e-06, -5.5122365e-07, -4.3202e-07, -3.1281633e-07, -4.3202e-07, -3.1281633e-07, -1.9361265e-07, 0.0, 0.0, -5.5122365e-07, -3.1281633e-07, 0.0, -0.00018828231, -1.8624639e-06, -1.9361265e-07, -0.00012225083]",0
2025_11_KICE_32-34_2,['2(3)'],"1번: (선택지 1번에 대한 답변) + ""그대 말씀 그만두고 이내 말씀 들어 보소""
2번: (선택지 2번에 대한 답변) + ""우리도 서주에 일이 많아 바삐 가는 길이매 가 전할동""
3번: (선택지 3번에 대한 답변) + ""나는 선행하는 화자의 요청에 대해 ‘우리’가 선행하는 화자의 기대에 어긋난 대답을 하면서 대화가 의외의 상황으로 펼쳐지는군.""
4번: (선택지 4번에 대한 답변) + ""나의 선행하는 화자가 ‘고기’를 누구에게 주라고 하는지 명시하지 않아 불완전한 표현이 된 것은 이 작품이 내용보다 대화의 전개 양상에 주목한다는 것을 드러내는군.""
5번: (선택지 5번에 대한 답변) + ""가의 ‘그대’는 길 가는 ‘자네’를, (나)의 선행하는 화자는 소 먹이는 ‘아희들’을 불러 말을 건네고 있어 작품의 상황이 극 중 장면처럼 보이는군.""
최종 정답: 4번 - (나)의 선행하는 화자가 ‘고기’를 누구에게 주라고 하는지 명시하지 않아 불완전한 표현이 된 것은 이 작품이 내용보다 대화의 전개 양상에 주목한다는 것을 드러내는군.","[16, 43144, 25, 320, 3546, 47496, 22035, 220, 16, 43144, 19954, 62060, 24486, 1144, 48859, 3546, 3546, 8, 489, 330, 49706, 67945, 1144, 3546, 3546, 3546, 3546, 55925, 73653, 3546, 3546, 35495, 23955, 96318, 1144, 3546, 3546, 3546, 3546, 1144, 47496, 32179, 64432, 44690, 702, 17, 43144, 25, 320, 3546, 47496, 22035, 220, 17, 43144, 19954, 62060, 24486, 1144, 48859, 3546, 3546, 8, 489, 330, 41381, 29102, 49085, 90960, 55430, 19954, 84656, 13094, 1144, 3546, 54059, 82818, 3546, 3546, 36609, 16969, 1144, 48859, 13094, 3546, 47496, 36609, 57519, 48936, 58189, 702, 18, 43144, 25, 320, 3546, 47496, 22035, 220, 18, 43144, 19954, 62060, 24486, 1144, 48859, 3546, 3546, 8, 489, 330, 61415, 16969, 1144, 47496, 3546, 44005, 1144, 3546, 26799, 21028, 87097, 3546, 3546, 19954, 62060, 34983, 3451, 41381, 29102, 529, 20565, 1144, 47496, 3546, 44005, 1144, 3546, 26799, 21028, 55216, 67945, 19954, 1144, 48859, 3546, 3546, 3546, 3546, 62060, 3546, 48859, 18359, 55000, 33390, 27796, 62060, 57390, 20565, 1144, 3546, 3546, 48859, 21028, 59134, 3546, 47496, 43139, 1144, 3546, 3546, 3546, 48859, 3546, 22035, 16969, 3546, 48859, 10246, 19, 43144, 25, 320, 3546, 47496, 22035, 220, 19, 43144, 19954, 62060, 24486, 1144, 48859, 3546, 3546, 8, 489, 330, 61415, 21028, 1144, 47496, 3546, 44005, 1144, 3546, 26799, 20565, 3451, 35495, 21121, 529, 18918, 1144, 3546, 3546, 89359, 19954, 58901, 56773, 51440, 35495, 220, 44005, 22035, 1144, 3546, 30426, 88525, 51796, 54059, 1144, 48859, 3546, 3546, 66965, 24486, 1144, 3546, 3546, 3546, 13094, 1144, 3546, 72208, 34804, 23955, 69332, 3546, 3546, 3546, 13094, 67236, 27797, 42771, 13447, 62060, 57390, 21028, 57519, 60861, 1144, 3546, 57002, 19954, 56773, 88708, 52976, 16969, 72208, 18359, 1144, 3546, 61394, 96318, 16969, 3546, 48859, 10246, 20, 43144, 25, 320, 3546, 47496, 22035, 220, 20, 43144, 19954, 62060, 24486, 1144, 48859, 3546, 3546, 8, 489, 330, 20565, 21028, 3451, 49706, 67945, 529, 16969, 1144, 48859, 36609, 16969, 3451, 26799, 3546, 47496, 529, 18918, 11, 320, 61415, 8, 21028, 1144, 47496, 3546, 44005, 1144, 3546, 26799, 16969, 1144, 3546, 1144, 47496, 48859, 13094, 16969, 3451, 54059, 3546, 3546, 3546, 65950, 529, 18359, 1144, 48859, 61394, 1144, 3546, 18359, 1144, 48859, 3546, 47496, 35495, 36439, 32179, 69332, 3546, 3546, 3546, 21028, 59134, 3546, 47496, 13094, 1144, 48859, 48859, 72043, 1144, 47496, 33390, 3546, 3546, 3546, 3546, 64432, 13094, 16969, 3546, 48859, 10246, 3546, 48859, 3546, 47496, 3546, 37155, 3546, 48859, 25, 220, 19, 43144, 482, 320, 61415, 8, 21028, 1144, 47496, 3546, 44005, 1144, 3546, 26799, 20565, 3451, 35495, 21121, 529, 18918, 1144, 3546, 3546, 89359, 19954, 58901, 56773, 51440, 35495, 220, 44005, 22035, 1144, 3546, 30426, 88525, 51796, 54059, 1144, 48859, 3546, 3546, 66965, 24486, 1144, 3546, 3546, 3546, 13094, 1144, 3546, 72208, 34804, 23955, 69332, 3546, 3546, 3546, 13094, 67236, 27797, 42771, 13447, 62060, 57390, 21028, 57519, 60861, 1144, 3546, 57002, 19954, 56773, 88708, 52976, 16969, 72208, 18359, 1144, 3546, 61394, 96318, 16969, 3546, 48859, 13]","[-1.2590794e-05, -4.0961266e-05, -0.0003954033, -0.0030183531, -0.013899262, -0.00013178712, 0.0, -7.3458323e-06, -3.2497806e-05, -3.297462e-05, -0.0016787484, -1.9361265e-07, -1.9361265e-07, -1.9361265e-07, 0.0, 0.0, 0.0, -0.00017934572, -0.0014504715, -0.53308034, -2.2691822, -0.0023796887, -0.10582051, -6.0345924e-06, -0.0022157962, -8.6497064e-05, -1.9361265e-07, -0.009206876, -0.00023274162, -0.0025848162, -0.00012964146, -0.00014823723, -0.25504443, -0.0031492002, -6.372917e-05, -3.4121115e-06, -9.984788e-05, -1.0280384e-06, 0.0, -0.012774143, -1.2352386e-05, -2.5345586e-05, -0.014951355, -6.2729996e-06, -0.19081745, -1.9027791e-05, -1.3544423e-05, -3.7146747e-05, -7.862962e-05, -4.1273333e-06, -2.6968896e-06, 0.0, -9.014684e-06, -0.00019185843, -9.0883464e-07, -6.2729996e-06, 0.0, -1.9361265e-07, -6.704273e-07, 0.0, 0.0, 0.0, -3.7742768e-05, -2.319992e-05, -0.0020260662, -1.3526026, -1.92662e-05, -0.0049714088, -3.888926e-06, -9.610702e-06, -0.07351435, -1.0206721e-05, -1.147242e-06, -1.4498052e-05, -1.0564331e-05, -1.0445127e-05, -0.0033231499, -0.0001373897, -1.0280384e-06, -0.0003545311, -3.8696395e-05, -3.357064e-05, -1.9361265e-07, -0.00014895246, -0.0130165685, -0.00010402, -0.0070221345, -0.0005470762, -3.22594e-05, -0.000836312, -0.92289937, -1.7597347e-05, -2.2246291e-05, -3.3809047e-05, -3.0545007e-06, -7.107425e-06, -5.3193703e-06, -3.1281633e-07, -5.5577775e-06, -0.012521898, -5.5122365e-07, -1.504853e-06, -1.9361265e-07, -5.5122365e-07, -3.1281633e-07, 0.0, 0.0, 0.0, -0.00020163313, -3.059055e-05, -0.030669399, -0.14536527, -0.051211838, -0.027684491, -0.001296662, -1.0683535e-05, -0.00055577443, -0.0013220267, -5.4385737e-06, -9.968313e-06, -0.16202082, -0.010048941, -0.00040803154, -3.2929079e-06, -0.00070659455, -0.092577174, -0.008655819, -0.6451875, -0.0017054135, -5.5577775e-06, -0.004979713, -0.00069015543, -0.0012086843, -8.947716e-05, -1.504853e-06, -3.094816e-05, -2.58224e-05, -1.0280384e-06, -2.9352968e-06, -6.897413e-05, -5.7768983e-05, -5.9153886e-06, -1.5928495e-05, -0.00011152984, -6.9882217e-06, -0.00032914805, -1.9361265e-07, -0.0009095563, -1.27099975e-05, -4.5133394e-05, -0.00012380048, 0.0, -3.202099e-05, -0.00061164424, -0.00055672805, -1.0683535e-05, -0.0004889305, -2.6968896e-06, -9.014684e-06, -2.2127088e-05, -1.9361265e-07, -1.0280384e-06, -1.1041146e-05, -5.6769813e-06, -2.577686e-06, -6.704273e-07, -1.9361265e-07, -4.9617593e-06, -1.3663626e-05, -4.3202e-07, 0.0, -0.00029232146, 0.0, 0.0, -0.00014489953, -2.749125e-05, -0.029253028, -1.9361265e-07, -0.06530043, -6.0391463e-05, -1.4974867e-05, -7.2192626e-05, -0.00019948746, -9.014684e-06, -7.89631e-07, -3.1281633e-07, -1.0683535e-05, -0.00029506313, -5.080963e-06, -1.9816675e-06, 0.0, 0.0, -6.704273e-07, 0.0, 0.0, 0.0, -3.488188e-05, -2.1411865e-05, -0.011592608, -0.3444025, -0.105672404, -0.0010917583, -1.9146995e-05, -1.0280384e-06, -0.00019674578, -8.776276e-06, -4.604148e-06, -2.6968896e-06, -0.0012515389, -0.011795024, -2.677603e-05, -3.106736e-05, -0.00019293126, -3.4762674e-05, -4.2868523e-05, -4.246537e-06, -3.1281633e-07, -1.8193366e-05, -1.0280384e-06, -5.5122365e-07, -3.7265952e-05, -2.8564085e-05, -0.0006554892, -0.00016873659, 0.0, -0.00025919382, -5.574252e-05, 0.0, -3.1737043e-06, -1.9385403e-05, -5.2001665e-06, -4.990154e-05, -0.0027063233, -3.888926e-06, -4.723352e-06, 0.0, -2.220075e-06, -3.2929079e-06, -9.729906e-06, -1.9816675e-06, -1.8624639e-06, -1.9361265e-07, -0.00012940305, -0.0009845777, -1.9361265e-07, -0.0006439301, -8.4947416e-05, -0.006053224, -3.059055e-05, -1.9816675e-06, -2.8921695e-05, 0.0, -2.3392786e-06, -6.17027e-05, -2.1008714e-06, -0.00018673266, -3.0545007e-06, -4.604148e-06, -3.1281633e-07, -1.504853e-06, -2.1054253e-05, -1.569009e-05, -5.157039e-05, -1.504853e-06, -1.4259645e-05, -1.0325924e-05, -5.3193703e-06, -6.704273e-07, -4.8709502e-05, -1.504853e-06, -0.00018327577, -3.7385154e-05, -6.2729996e-06, -1.0280384e-06, -3.1281633e-07, -2.1650272e-05, -5.3358446e-05, -9.72254e-05, 0.0, -0.004083978, -1.2829201e-05, -3.202099e-05, -0.00010664248, -0.00014120422, -1.962381e-05, -2.220075e-06, -3.1281633e-07, -2.1411865e-05, -2.58224e-05, -2.6537622e-05, -2.577686e-06, 0.0, -1.9361265e-07, -1.0280384e-06, 0.0, 0.0, 0.0, -3.6789137e-05, -2.5703197e-05, -0.06288738, -0.08224689, -0.0032706412, -0.0071272426, -1.0087517e-05, -7.89631e-07, -3.3093824e-05, -0.00014764121, -8.061054e-06, -3.1281633e-07, -0.0006308287, -2.3392786e-06, -0.0058565014, -1.147242e-06, -7.89631e-07, -1.9361265e-07, -7.660316e-05, -8.061054e-06, -0.00017815368, -0.5691986, -2.2484697e-05, -1.7835755e-05, -3.0232935e-05, -1.7835755e-05, -6.749814e-06, -5.5122365e-07, -0.0003651402, -1.3902034e-05, -2.220075e-06, -4.365741e-06, -2.7133641e-05, -7.226629e-06, -9.729906e-06, -0.00017612721, 0.0, -1.147242e-06, -7.703444e-06, -0.00012654216, -0.0033286149, -5.7961847e-06, -9.610702e-06, -6.50404e-05, -1.2664457e-06, -2.6968896e-06, -7.3861476e-05, -0.00068669853, -8.4112995e-05, -4.3202e-07, -6.704273e-07, -7.107425e-06, -1.9361265e-07, -1.147242e-06, -1.8624639e-06, -5.5122365e-07, -7.89631e-07, 0.0, -7.564953e-05, -8.418666e-06, -1.1279553e-05, -0.0018134634, -8.299462e-06, -3.1281633e-07, 0.0, -8.299462e-06, -7.89631e-07, 0.0, -7.89631e-07, -1.2664457e-06, -3.2929079e-06, 0.0, 0.0, -0.00012130453, -7.3458323e-06, 0.0, -9.729906e-06, -2.1173457e-05, 0.0, 0.0, 0.0, -6.1537958e-06, -4.334534e-05, -3.1281633e-07, -0.00015490896, 0.0, -0.041631166, -3.7146747e-05, 0.0, -1.7432603e-06, 0.0, 0.0, -1.6240566e-06, 0.0, 0.0, -0.0002288079, -0.0023328322, -0.9569479, -2.6968896e-06, -0.22708674, -0.008717277, -0.0023170114, -0.00015681623, -0.0017989352, -0.0055835373, -6.6306106e-06, -4.3202e-07, -4.632543e-05, -1.378283e-05, -6.704273e-07, -4.3202e-07, -3.8100377e-05, -0.0009753054, -6.6306106e-06, -1.0683535e-05, -2.7848862e-05, -2.868329e-05, -7.946405e-05, -2.9352968e-06, -1.9361265e-07, -1.0087517e-05, -7.89631e-07, -3.1281633e-07, -1.2590794e-05, -4.365741e-06, -3.888926e-06, -0.00014048899, 0.0, -3.5597102e-05, -7.703444e-06, 0.0, -5.5122365e-07, -2.6968896e-06, -1.147242e-06, -2.4584822e-06, -1.27099975e-05, -6.704273e-07, -1.2664457e-06, 0.0, -2.8160932e-06, -2.220075e-06, -5.6769813e-06, -5.5122365e-07, -1.7432603e-06, -3.1281633e-07, -3.4121115e-06, -0.00017672323, 0.0, -7.89631e-07, -4.3202e-07, -2.2603901e-05, -1.9361265e-07, 0.0, -4.365741e-06, 0.0, 0.0, -2.9352968e-06, -2.3392786e-06, -3.6073914e-05, -7.89631e-07, -1.0280384e-06, 0.0, -1.9361265e-07, -2.0458236e-05, -9.0883464e-07, -2.9352968e-06, 0.0, -3.1737043e-06, -2.4584822e-06, -1.147242e-06, 0.0, -0.00020103711, -1.9361265e-07, -0.00014513794, -5.080963e-06, -2.1008714e-06, -1.9361265e-07, 0.0, -1.11603495e-05, -2.5226382e-05, -0.00016408764, -3.1281633e-07, -0.00011617878]",0
2025_11_KICE_35-37_0,['2(2)'],"1번: 비언어적 표현을 활용하여 청중의 행동 변화를 요구하고 있다. + ""흥미로운 내용이 있으니 집중해서 들어 주세요.""
2번: 발표 내용과 관련한 질문을 하여 청중의 배경지식을 확인하고 있다. + ""번식을 위해 곤충을 속이는 식물도 있다는 걸 아시나요?""
3번: 낯선 용어의 개념을 정의하여 발표 내용에 대한 청중의 이해를 돕고 있다. + ""이 식물은 파인애플과에 속하는 수염틸란드시아인데요, 여기 이 부분은 공기 중에 노출되어 있는 공기뿌리랍니다.""
4번: 발표 중간중간에 앞서 언급한 주요 내용을 요약하여 주제를 강조하고 있다. + ""다른 식물에 붙어서 살아가는 식물이 또 있습니다."" 
5번: 청중이 발표 내용을 통해 얻을 수 있는 효용을 제시하며 화제를 전환하고 있다. + ""식물이 살아가는 모습, 신기하지 않나요?"" 
최종 정답: 1번: 비언어적 표현을 활용하여 청중의 행동 변화를 요구하고 있다.","[16, 43144, 25, 75086, 3546, 48859, 32179, 82068, 1144, 3546, 3546, 3546, 18359, 1144, 3546, 27797, 83290, 1144, 3546, 3546, 3546, 21028, 1144, 3546, 58189, 47419, 57390, 18918, 87097, 89359, 16582, 35495, 91786, 13, 489, 330, 3546, 3546, 47496, 57139, 17835, 94772, 67236, 27797, 13094, 36439, 34609, 84136, 1144, 3546, 3546, 3546, 97237, 1144, 47496, 32179, 56773, 51402, 10246, 17, 43144, 25, 97096, 3546, 3546, 67236, 27797, 54780, 93851, 3546, 47496, 24486, 1144, 3546, 52688, 18359, 55000, 58126, 1144, 3546, 3546, 3546, 21028, 74769, 66406, 22035, 77437, 18359, 74959, 16582, 35495, 91786, 13, 489, 330, 43144, 77437, 18359, 46810, 34983, 1144, 47496, 3546, 47496, 18359, 1144, 3546, 13094, 16969, 1144, 3546, 3546, 3546, 3546, 49085, 91786, 16969, 1144, 48859, 49508, 30426, 61415, 36811, 48469, 18, 43144, 25, 1144, 3546, 3546, 47496, 1144, 47496, 32179, 21028, 74623, 3546, 3546, 18359, 37155, 21028, 83290, 97096, 3546, 3546, 67236, 27797, 19954, 62060, 24486, 1144, 3546, 3546, 3546, 21028, 23955, 34983, 18918, 1144, 3546, 35495, 91786, 13, 489, 330, 13094, 1144, 3546, 3546, 3546, 3546, 34804, 56069, 32428, 3546, 47496, 3546, 3546, 54780, 19954, 1144, 3546, 44005, 29833, 3546, 3546, 3546, 3546, 48859, 3546, 3546, 30446, 30426, 54059, 32428, 3546, 3546, 36811, 11, 84618, 21121, 23955, 86503, 80816, 34804, 1144, 48859, 21121, 72043, 19954, 1144, 3546, 48859, 71023, 65219, 32179, 65621, 1144, 48859, 21121, 3546, 3546, 3546, 29102, 3546, 3546, 22720, 10246, 19, 43144, 25, 97096, 3546, 3546, 72043, 63375, 3546, 3546, 63375, 19954, 1144, 3546, 27796, 1144, 48859, 3546, 3546, 24486, 56773, 36811, 67236, 27797, 18359, 87097, 3546, 3546, 83290, 56773, 38187, 18918, 1144, 3546, 93917, 16582, 35495, 91786, 13, 489, 330, 13447, 84065, 1144, 3546, 3546, 3546, 3546, 19954, 1144, 3546, 32179, 27796, 1144, 3546, 48859, 54059, 20565, 16969, 1144, 3546, 3546, 3546, 3546, 13094, 1144, 3546, 3546, 36439, 39331, 1210, 720, 20, 43144, 25, 1144, 3546, 3546, 3546, 13094, 97096, 3546, 3546, 67236, 27797, 18359, 1144, 3546, 34983, 1144, 3546, 18359, 29833, 65621, 1144, 3546, 47496, 27797, 18359, 63171, 30426, 16582, 3546, 48859, 1144, 3546, 38187, 18918, 57519, 66338, 16582, 35495, 91786, 13, 489, 330, 77437, 3546, 3546, 3546, 13094, 1144, 3546, 48859, 54059, 20565, 16969, 55170, 36630, 11, 1144, 47496, 21121, 88525, 51796, 61415, 36811, 7673, 720, 3546, 48859, 3546, 47496, 3546, 37155, 3546, 48859, 25, 220, 16, 43144, 25, 75086, 3546, 48859, 32179, 82068, 1144, 3546, 3546, 3546, 18359, 1144, 3546, 27797, 83290, 1144, 3546, 3546, 3546, 21028, 1144, 3546, 58189, 47419, 57390, 18918, 87097, 89359, 16582, 35495, 91786, 13]","[-0.103570886, -7.703444e-06, -0.00033284337, -0.58082706, -6.749814e-06, 0.0, -4.3202e-07, -4.1318875e-05, -4.4849444e-06, -5.5122365e-07, 0.0, -1.9361265e-07, -7.822647e-06, -3.650519e-06, -3.1281633e-07, -1.504853e-06, -8.776276e-06, -6.9882217e-06, 0.0, -1.0280384e-06, 0.0, -9.0883464e-07, -1.2829201e-05, -1.1041146e-05, -6.704273e-07, -5.8245798e-05, 0.0, -1.1994775e-05, -1.504853e-06, -4.3202e-07, 0.0, -7.3458323e-06, -0.0011119972, -0.015937118, -2.0881128, -0.036379285, -0.91356367, -0.00037752642, -4.501419e-05, -0.00013369438, -6.706687e-05, -0.0040444448, -2.3392786e-06, -9.0883464e-07, -2.8160932e-06, -1.0802739e-05, -7.89631e-07, -7.822647e-06, -7.183501e-05, -6.704273e-07, 0.0, -1.147242e-06, -6.909333e-05, -4.8425554e-06, -5.5577775e-06, -9.014684e-06, -0.0016316172, -1.8624639e-06, -0.07775157, -1.5809293e-05, -1.18755715e-05, -0.00059699686, -0.0006593001, 0.0, 0.0, -2.4153549e-05, -1.9361265e-07, -7.89631e-07, 0.0, 0.0, -1.9361265e-07, -6.704273e-07, -6.704273e-07, -1.6240566e-06, 0.0, -3.1281633e-07, 0.0, -1.998142e-05, -4.3202e-07, 0.0, -1.9361265e-07, -1.9361265e-07, -1.9361265e-07, -9.0883464e-07, 0.0, -3.8100377e-05, 0.0, -7.89631e-07, -4.3202e-07, -2.6968896e-06, -4.4849444e-06, -0.0010197096, -0.18493879, -0.13096373, -0.10002817, -0.3086634, -5.080963e-06, -9.133887e-06, -2.577686e-06, -1.2664457e-06, -1.8624639e-06, -2.2365493e-05, -3.888926e-06, 0.0, -1.9361265e-07, -5.5122365e-07, 0.0, -5.7961847e-06, -4.3202e-07, -5.5122365e-07, 0.0, -2.8160932e-06, 0.0, 0.0, -7.89631e-07, -3.7146747e-05, -3.1281633e-07, -8.530503e-05, -9.372295e-06, -5.5122365e-07, -6.0345924e-06, -4.1273333e-06, -2.3392786e-06, -0.06427317, -3.4121115e-06, -7.107425e-06, -6.2775536e-05, -0.0006719247, 0.0, -3.1281633e-07, -1.9361265e-07, -1.9361265e-07, 0.0, 0.0, -4.3202e-07, -7.89631e-07, -1.9361265e-07, 0.0, -1.9361265e-07, -4.3202e-07, 0.0, -8.299462e-06, 0.0, 0.0, 0.0, -2.577686e-06, 0.0, 0.0, -1.3856493e-06, -1.9361265e-07, -1.7432603e-06, 0.0, 0.0, -3.1281633e-07, -4.4849444e-06, -9.0883464e-07, 0.0, -1.2664457e-06, -0.00019078559, -0.0017671701, -4.3202e-07, -7.576874e-05, -0.028031707, -0.16251178, -0.008916853, -0.96211314, -0.03304603, -1.147242e-06, -7.89631e-07, -1.9361265e-07, 0.0, -5.252402e-05, -0.5399266, -1.5928495e-05, -2.9352968e-06, -0.00020783172, -8.3874584e-05, -0.004412671, -0.000111291425, -0.00013238314, -4.3202e-07, -1.9361265e-07, -4.365741e-06, -6.6306106e-06, -7.862962e-05, -2.8160932e-06, -2.057744e-05, -1.3856493e-06, -3.4121115e-06, -5.347765e-05, -2.6060809e-05, -1.9862217e-05, -8.776276e-06, -3.1737043e-06, -0.0039995657, -1.3306016e-05, -6.392203e-06, -0.00050406205, -0.11059798, -7.743759e-05, -1.1517961e-05, -0.00015002528, -0.009904945, -1.1398757e-05, -1.2829201e-05, -0.0003576304, -4.3202e-07, -1.569009e-05, -0.00084941345, -6.749814e-06, -4.8351892e-05, -1.9816675e-06, 0.0, -1.147242e-06, -1.50940705e-05, -1.9361265e-07, -3.650519e-06, -3.1544176e-05, -1.504853e-06, -3.166338e-05, -0.00012809181, -6.704273e-07, -2.8160932e-06, -4.9617593e-06, -0.00020127551, -2.355753e-05, -4.3202e-07, -0.0022807422, -3.6431527e-05, -1.4855664e-05, -8.613945e-05, -2.7610455e-05, 0.0, -1.9361265e-07, -1.504853e-06, 0.0, -0.001824885, 0.0, 0.0, -6.1537958e-06, -1.0280384e-06, -1.9361265e-07, -2.220075e-06, -6.704273e-07, 0.0, 0.0, 0.0, 0.0, -4.246537e-06, 0.0, -1.0280384e-06, 0.0, 0.0, 0.0, -5.5122365e-07, -5.7961847e-06, -1.9816675e-06, -2.6968896e-06, 0.0, -9.0883464e-07, -1.5451682e-05, 0.0, 0.0, 0.0, -1.9361265e-07, -3.1424974e-05, -0.00075435854, -0.0008353584, -0.0071848845, -1.4615645, -0.44376817, -1.4021238e-05, -2.8564085e-05, -1.9361265e-07, 0.0, 0.0, -0.06344167, -1.4974867e-05, -1.9361265e-07, -3.7697225e-06, -0.0005507679, -0.01497918, 0.0, -1.9361265e-07, -1.2664457e-06, -3.0545007e-06, -1.5928495e-05, -0.00014776041, -5.080963e-06, 0.0, 0.0, 0.0, -0.2258876, -0.0053869644, -0.0001408466, -1.9361265e-07, -5.5122365e-07, -2.6537622e-05, -4.4788136, -0.35971877, -1.4021238e-05, -1.962381e-05, -0.00010425841, -0.00024394676, 0.0, -1.9361265e-07, -1.9361265e-07, -2.220075e-06, -1.9361265e-07, -1.9361265e-07, -1.9361265e-07, -1.9361265e-07, 0.0, 0.0, -1.0280384e-06, -2.8160932e-06, 0.0, -4.3202e-07, -1.9361265e-07, -1.9361265e-07, 0.0, -1.0280384e-06, -4.9617593e-06, 0.0, 0.0, -3.1281633e-07, -6.704273e-07, 0.0, -3.1281633e-07, -5.5122365e-07, 0.0, 0.0, -5.080963e-06, -3.1281633e-07, 0.0, -9.4914985e-06, -8.299462e-06, -3.1281633e-07, -3.1281633e-07, -3.1281633e-07, -3.8577193e-05, -0.00024691585, -0.00032318785, -0.0001439459, -0.031866632, -2.4584822e-06, 0.0, 0.0, -2.057744e-05, -6.0345924e-06, 0.0, -1.9361265e-07, -3.1281633e-07, -5.6769813e-06, -1.9361265e-07, -4.4849444e-06, -1.9361265e-07, -5.4385737e-06, -1.3856493e-06, -3.1281633e-07, 0.0, -8.776276e-06, -1.0280384e-06, -1.6240566e-06, -1.2664457e-06, -1.5109994, -0.048317634, -2.0935051e-05, 0.0, -5.5122365e-07, 0.0, 0.0, -6.1537958e-06, -3.1281633e-07, 0.0, -9.1742026e-05, -0.00041732576, -0.25157127, -4.246537e-06, -0.1113318, -0.00942112, -6.749814e-06, 0.0, -3.650519e-06, -1.1279553e-05, -4.4849444e-06, -3.1281633e-07, -1.9361265e-07, -1.9361265e-07, -9.0883464e-07, -7.9418505e-06, -3.0545007e-06, -5.5122365e-07, -1.3856493e-06, -2.9352968e-06, -4.3202e-07, -4.8425554e-06, -5.5122365e-07, -1.0280384e-06, -2.1769476e-05, -8.299462e-06, -3.1281633e-07, -5.3193703e-06, 0.0, -2.9352968e-06, -1.9361265e-07, 0.0, -4.3202e-07, -9.0883464e-07, -0.00024048986, -0.000296136]",0
2025_11_KICE_35-37_1,['4(2)'],"1번: ㉠은 사진 속 식물이 숙주에 기생하여 양분을 얻는다는 것을 설명하는 데에 활용되었다. (""물음에 답하시오""라는 문구에서 발표의 내용을 설명하는 것에 활용되었음)
2번: ㉡은 사진 속 식물의 공기뿌리가 하는 역할을 설명하는 데에 활용되었다. (""이 식물은 파인애플과에 속하는 수염틸란드시아인데요, 여기 이 부분은 공기 중에 노출되어 있는 공기뿌리랍니다""라는 내용에서)
3번: ㉢은 사진 속 식물의 잎에 있는 털의 기능을 설명하는 데에 활용되었다. (""검은색이나 갈색의 촉수는 매혹이지만 침대 규칙도...')
4번: ㉣은 동영상 속 식물의 꽃이 작고 잎에 가려져 있는 이유를 설명하는 데에 활용되었다. (""개다래의 꽃은 작고 잎에 가려져 있어 곤충들이 잘 볼 수 없는데요""라는 내용에서)
5번: ㉤은 사진 속 식물의 꽃송이가 낱낱의 꽃들이 한데 모여 이루어져 있다는 내용을 설명하는 데에 활용되었다. (""여기 가장자리에 노란 꽃잎처럼 보이는 것들도 하나하나가 꽃이랍니다""라는 내용에서)
최종 정답: 1번: ㉠은 사진 속 식물이 숙주에 기생하여 양분을 얻는다는 것을 설명하는 데에 활용되었다.","[16, 43144, 25, 220, 45398, 3546, 47496, 34804, 33229, 86351, 1144, 3546, 1144, 3546, 3546, 3546, 3546, 13094, 1144, 3546, 55430, 19954, 55216, 77535, 83290, 1144, 3546, 80816, 18359, 1144, 3546, 16969, 13447, 16969, 72208, 18359, 58952, 80732, 44005, 1144, 3546, 19954, 1144, 3546, 27797, 65219, 3546, 3546, 13, 3573, 3546, 3546, 3546, 49531, 19954, 1144, 48859, 16582, 30426, 58368, 1, 51440, 16969, 54535, 89359, 57575, 97096, 3546, 3546, 21028, 67236, 27797, 18359, 58952, 80732, 44005, 72208, 19954, 1144, 3546, 27797, 65219, 3546, 3546, 49531, 340, 17, 43144, 25, 220, 45398, 3546, 47496, 34804, 33229, 86351, 1144, 3546, 1144, 3546, 3546, 3546, 3546, 21028, 1144, 48859, 21121, 3546, 3546, 3546, 29102, 20565, 220, 44005, 1144, 3546, 48936, 18359, 58952, 80732, 44005, 1144, 3546, 19954, 1144, 3546, 27797, 65219, 3546, 3546, 13, 3573, 13094, 1144, 3546, 3546, 3546, 3546, 34804, 56069, 32428, 3546, 47496, 3546, 3546, 54780, 19954, 1144, 3546, 44005, 29833, 3546, 3546, 3546, 3546, 48859, 3546, 3546, 30446, 30426, 54059, 32428, 3546, 3546, 36811, 11, 84618, 21121, 23955, 86503, 80816, 34804, 1144, 48859, 21121, 72043, 19954, 1144, 3546, 48859, 71023, 65219, 32179, 65621, 1144, 48859, 21121, 3546, 3546, 3546, 29102, 3546, 3546, 22720, 1, 51440, 16969, 67236, 27797, 57575, 340, 18, 43144, 25, 220, 45398, 3546, 47496, 34804, 33229, 86351, 1144, 3546, 1144, 3546, 3546, 3546, 3546, 21028, 1144, 3546, 19954, 65621, 1144, 3546, 48859, 21028, 55216, 67119, 18359, 58952, 80732, 44005, 1144, 3546, 19954, 1144, 3546, 27797, 65219, 3546, 3546, 13, 3573, 3546, 3546, 34804, 78326, 13094, 61415, 1144, 3546, 78326, 21028, 1144, 48859, 3546, 24140, 16969, 1144, 47496, 3546, 48859, 13094, 22035, 73653, 1144, 47496, 67945, 1144, 48859, 3546, 3546, 3546, 49085, 48556, 19, 43144, 25, 220, 45398, 3546, 47496, 34804, 1144, 3546, 3546, 3546, 57002, 1144, 3546, 1144, 3546, 3546, 3546, 3546, 21028, 1144, 3546, 3546, 13094, 69332, 35495, 1144, 3546, 19954, 36609, 3546, 47496, 84377, 65621, 23955, 3546, 47496, 18918, 58952, 80732, 44005, 1144, 3546, 19954, 1144, 3546, 27797, 65219, 3546, 3546, 13, 3573, 60861, 13447, 54542, 21028, 1144, 3546, 3546, 34804, 69332, 35495, 1144, 3546, 19954, 36609, 3546, 47496, 84377, 36439, 32179, 1144, 47496, 3546, 47496, 65950, 13094, 1144, 3546, 1144, 3546, 29833, 47782, 16969, 3546, 3546, 36811, 1, 51440, 16969, 67236, 27797, 57575, 340, 20, 43144, 25, 220, 45398, 3546, 47496, 34804, 33229, 86351, 1144, 3546, 1144, 3546, 3546, 3546, 3546, 21028, 1144, 3546, 3546, 3546, 47496, 13094, 20565, 1144, 48859, 3546, 48859, 21028, 1144, 3546, 3546, 65950, 13094, 62398, 3546, 3546, 55170, 58126, 23955, 3546, 47496, 32179, 84377, 91786, 16969, 67236, 27797, 18359, 58952, 80732, 44005, 1144, 3546, 19954, 1144, 3546, 27797, 65219, 3546, 3546, 13, 3573, 58126, 21121, 36609, 41953, 26799, 29102, 19954, 1144, 3546, 48859, 3546, 3546, 1144, 3546, 3546, 3546, 3546, 3546, 3546, 3546, 3546, 64432, 13094, 16969, 72208, 65950, 49085, 55000, 61415, 16582, 61415, 20565, 1144, 3546, 3546, 13094, 3546, 3546, 22720, 1, 51440, 16969, 67236, 27797, 57575, 340, 3546, 48859, 3546, 47496, 3546, 37155, 3546, 48859, 25, 220, 16, 43144, 25, 220, 45398, 3546, 47496, 34804, 33229, 86351, 1144, 3546, 1144, 3546, 3546, 3546, 3546, 13094, 1144, 3546, 55430, 19954, 55216, 77535, 83290, 1144, 3546, 80816, 18359, 1144, 3546, 16969, 13447, 16969, 72208, 18359, 58952, 80732, 44005, 1144, 3546, 19954, 1144, 3546, 27797, 65219, 3546, 3546, 13]","[-0.00047226032, -1.1398757e-05, -0.0003062646, -0.32742822, -0.0018798508, -5.5122365e-07, -0.0009662496, -0.093334295, -3.23786e-05, -1.6240566e-06, -1.2664457e-06, 0.0, -1.8624639e-06, -1.6240566e-06, -1.9361265e-07, 0.0, 0.0, -3.1281633e-07, -9.610702e-06, -4.3202e-07, 0.0, -4.3202e-07, -9.0883464e-07, -1.9361265e-07, -6.704273e-07, 0.0, -1.9361265e-07, -4.4849444e-06, 0.0, 0.0, -3.888926e-06, -6.704273e-07, -1.0683535e-05, -3.1281633e-07, -1.6240566e-06, -4.3202e-07, -9.0883464e-07, -4.3202e-07, -2.9352968e-06, -2.3438328e-05, 0.0, -6.704273e-07, -1.9361265e-07, -2.8160932e-06, -1.147242e-06, -3.1737043e-06, -1.9361265e-07, -0.00012118533, -0.003955275, -4.631694, -4.1637783, -1.9860669, -0.0003119864, -0.21941142, -0.012732719, -0.046020593, -5.2285613e-05, -0.0012060654, -0.0002292847, -4.7875077e-05, -2.419942, -1.1857512, -0.016683705, -0.8049593, -1.6333574, -1.3611507, -0.2281797, -0.04947702, -1.9816675e-06, -2.7464108, -0.14953631, -1.9361265e-07, -0.42141128, -1.1218368, -3.333223e-05, -0.61767393, -2.2732968, -4.4775724, -0.5169918, -0.0016212647, -8.530503e-05, -1.9878081, -0.10695713, -0.31376705, -0.38251638, -0.07883658, -0.00033272416, -5.9153886e-06, -0.00011319869, -1.7432603e-06, -3.035214e-05, 0.0, -0.016702466, -9.014684e-06, -1.8624639e-06, -6.704273e-07, 0.0, 0.0, -4.3202e-07, -4.604148e-06, 0.0, 0.0, 0.0, -9.610702e-06, -1.9361265e-07, 0.0, -6.704273e-07, -1.9816675e-06, 0.0, 0.0, -1.9361265e-07, 0.0, -3.1281633e-07, 0.0, 0.0, -1.9361265e-07, 0.0, -4.3202e-07, -1.3856493e-06, 0.0, 0.0, -1.147242e-06, 0.0, 0.0, 0.0, -1.9361265e-07, -9.0883464e-07, -6.704273e-07, 0.0, -1.0802739e-05, -0.00041923302, -0.20838374, -0.5457479, -0.28284732, -7.107425e-06, -1.7432603e-06, -4.3202e-07, 0.0, -0.00010151673, -0.0015543824, -9.627177e-05, -1.5332478e-05, -0.001233088, -0.00030829108, -9.610702e-06, -0.0005324215, -0.00033701185, -1.9816675e-06, -1.147242e-06, -4.310693e-05, -0.00012523093, -0.00013262156, -1.3856493e-06, -4.0842064e-05, -1.6240566e-06, -5.6769813e-06, -0.0001944809, -4.604148e-06, -3.4405064e-05, -2.0100624e-05, -3.6908343e-05, -0.006510848, -2.3080716e-05, -1.473646e-05, -0.00047809765, -0.0151014235, -0.000117370815, -6.511407e-06, -5.0616763e-05, -0.0045563923, -7.58424e-06, -7.3458323e-06, -0.00012952226, -7.89631e-07, -1.0445127e-05, -0.0005343251, -1.0325924e-05, -5.7411373e-05, -1.3856493e-06, 0.0, -1.0280384e-06, -1.2233183e-05, -3.1281633e-07, -1.4378848e-05, -2.6895234e-05, -1.2664457e-06, -1.9862217e-05, -9.960947e-05, -6.704273e-07, -1.1398757e-05, -7.107425e-06, -0.0005806733, -5.9080223e-05, -3.1281633e-07, -0.91786647, -0.42282268, -0.0004973903, -1.525364, 0.0, -1.9070864, -4.181645, -3.261701e-05, -5.6769813e-06, -6.146429e-05, -6.2729996e-06, -0.00031687375, -1.9361265e-07, -0.00021319589, -7.088138e-05, -3.5313153e-06, -1.9816675e-06, -1.9361265e-07, 0.0, 0.0, -2.220075e-06, 0.0, 0.0, 0.0, -1.0280384e-06, -1.2829201e-05, 0.0, -3.1281633e-07, -1.0280384e-06, -1.2664457e-06, -6.704273e-07, 0.0, 0.0, -4.723352e-06, -1.9816675e-06, -1.9361265e-07, -1.8624639e-06, 0.0, -4.3202e-07, -2.220075e-06, 0.0, -1.9361265e-07, -3.1281633e-07, -4.3202e-07, -1.147242e-06, -3.0545007e-06, 0.0, -1.0683535e-05, -0.00051550195, -0.0012640443, -9999.0, -0.8003954, -0.500286, -0.688873, -4.030437, -1.1992793, -0.84265065, -0.006489412, -0.0022414892, -0.890011, -3.6809726, -4.4126267, -0.4293204, -0.3396358, -2.0696578, -9999.0, -0.6806451, -2.5478349, -0.020667542, -5.958459, -3.434137, -0.080143474, -4.026594, -1.2871994, -2.223472, -9999.0, -0.22574969, -2.7873464, -0.48347536, -0.012071853, -4.814929, -9999.0, -9.019238e-05, -6.372917e-05, -7.696077e-05, -1.867018e-05, -0.00021152703, -3.1281633e-07, -0.00032986328, -3.106736e-05, -9.186123e-05, -5.5122365e-07, -9.0883464e-07, 0.0, -4.3202e-07, -3.1281633e-07, 0.0, -3.4121115e-06, -5.5122365e-07, 0.0, 0.0, 0.0, -6.704273e-07, -2.8160932e-06, -1.9361265e-07, 0.0, -6.704273e-07, -2.577686e-06, -3.1281633e-07, -1.8624639e-06, 0.0, -4.3202e-07, -7.703444e-06, -5.5122365e-07, 0.0, -0.0002815968, -4.723352e-06, -1.147242e-06, 0.0, 0.0, -1.9816675e-06, -8.299462e-06, 0.0, -9.0883464e-07, -5.2001665e-06, 0.0, -5.5122365e-07, -1.147242e-06, -3.1281633e-07, -1.147242e-06, -1.504853e-06, 0.0, -1.1756368e-05, -0.0018326112, -0.007625915, -0.47286412, -0.00015538577, -4.246537e-06, -0.005020156, -0.2007495, -0.0008311899, -7.886803e-05, -0.00048405782, -0.00020759332, -5.4908094e-05, -0.00036227933, -9.253091e-06, -1.700133e-05, -8.2324936e-05, -1.1756368e-05, -1.6240566e-06, -2.4391957e-05, -0.04046562, -0.00033677343, -0.035480883, -5.6100132e-05, -9.6867785e-05, -4.3202e-07, -7.183501e-05, -0.00015359772, -0.0014799826, -0.00022380134, -0.0018731899, -4.00813e-06, -0.00012106613, -8.268255e-05, -0.0008428609, -3.7385154e-05, -7.465036e-06, -0.0062163705, -1.399776, -0.10700973, -3.2855416e-05, -0.0067161983, -9.968313e-06, -0.012808511, -0.0016906542, -2.1411865e-05, -4.370295e-05, -5.7530575e-05, -1.2352386e-05, -0.0007026608, -4.3202e-07, -0.0002258278, -1.3067608e-05, -6.46828e-05, -1.9816675e-06, 0.0, 0.0, -4.3202e-07, -1.9361265e-07, 0.0, 0.0, 0.0, -1.5332478e-05, -1.0280384e-06, -3.1281633e-07, 0.0, -1.2233183e-05, 0.0, -7.89631e-07, -1.2664457e-06, -3.8100377e-05, -7.465036e-06, -1.2233183e-05, -3.1281633e-07, -1.6240566e-06, -5.5122365e-07, -1.6240566e-06, 0.0, -1.9361265e-07, -1.9361265e-07, -4.365741e-06, -3.1737043e-06, -6.704273e-07, -2.6968896e-06, -7.89631e-07, -6.5994034e-05, -1.0280384e-06, 0.0, -1.9361265e-07, -7.226629e-06, -3.7697225e-06, 0.0, -2.939851e-05, -4.3202e-07, -1.247159e-05, -3.888926e-06, -1.9361265e-07, -1.147242e-06, -4.00813e-06, 0.0, -3.1281633e-07, -7.89631e-07, -1.2664457e-06, -1.2664457e-06, -1.147242e-06, 0.0, -9.133887e-06, -0.0003249759, -0.004613592, -0.51886386, -0.0001724319, -0.08023523, -1.2352386e-05, -0.00032318785, -1.0564331e-05, -2.0219828e-05, -0.00038336372, -2.2127088e-05, -1.9361265e-07, -1.3067608e-05, -2.8206474e-05, -2.4153549e-05, -1.1517961e-05, 0.0, -1.867018e-05, -1.9816675e-06, -8.256335e-05, 0.0, -5.5122365e-07, 0.0, -2.2365493e-05, -2.1650272e-05, -1.4855664e-05, -2.939851e-05, -3.4405064e-05, -1.4259645e-05, -0.00019984508, -6.730528e-05, -4.596782e-05, -3.392825e-05, -4.143808e-05, -6.146429e-05, -2.939851e-05, -4.3202e-07, -0.00019924906, -0.0012188092, -0.00012833021, -6.2729996e-06, -0.12992477, -0.039611436, -3.888926e-06, -0.0014749871, -3.7697225e-06, -0.00085382396, -0.0054532434, -1.3186812e-05, 0.0, -3.1281633e-07, -1.9361265e-07, 0.0, -1.8624639e-06, 0.0, 0.0, -0.00012487332, -0.000281716, -1.5308325, -1.3544423e-05, -0.20503649, -0.0036814322, -0.00035083943, -1.504853e-06, -0.0008597695, -0.00037490393, -3.5120287e-05, -3.1737043e-06, -9.0883464e-07, 0.0, -1.0280384e-06, -1.9361265e-07, -1.9361265e-07, 0.0, 0.0, -5.5122365e-07, -7.9418505e-06, 0.0, 0.0, -1.9361265e-07, -1.504853e-06, 0.0, -4.3202e-07, -4.3202e-07, 0.0, -1.50940705e-05, 0.0, -3.1281633e-07, -1.0280384e-06, -3.4121115e-06, -8.299462e-06, 0.0, -1.6240566e-06, -1.7432603e-06, -8.180258e-06, -6.704273e-07, -3.1281633e-07, -2.8160932e-06, 0.0, -1.504853e-06, -1.7432603e-06, -6.704273e-07, -4.3202e-07, -1.4021238e-05, -2.4584822e-06, -0.0007711516, -0.0004721411]",0
2025_11_KICE_35-37_2,['3(2)'],"1번: '학생1'은 발표 내용과 관련하여 자신의 기억을 떠올리고 있다. 
""(학생1: 오늘 발표에 나온 라플레시아에 대한 내용을 인터넷에서 본 적이 있어.)""
2번: '학생2'는 자신이 이해한 내용이 맞는지 상대에게 확인하고 있다.
""(학생2: 그래? 1 m나 되는 큰 꽃이 악취를 풍기면 엄청나겠는걸?)""
3번: '학생1'의 의문에 대해, '학생2'는 발표에서 제공하지 않은 내용을 추론하고 있다.
""(학생1: 나는 수염틸란드시아가 어떻게 번식하는지 알고 싶었는데 그 내용이 없어서 아쉬웠어.)""
4번: '학생1'과 '학생2'는 모두, 발표에서 궁금한 내용이 다뤄지지 않았음을 아쉬워하고 있다.
""(학생1: 나는 수염틸란드시아가 어떻게 번식하는지 알고 싶었는데 그 내용이 없어서 아쉬웠어.)""
5번: '학생1'과 달리, '학생2'는 발표 내용 외의 추가적인 정보를 탐색하려 하고 있다.
""(학생2: 수염틸란드시아가 번식을 어떻게 하는지 찾아봐야겠어.)""
최종 정답: 5번: '학생1'과 달리, '학생2'는 발표 내용 외의 추가적인 정보를 탐색하려 하고 있다.","[16, 43144, 25, 364, 3546, 3546, 77535, 16, 6, 34804, 97096, 3546, 3546, 67236, 27797, 54780, 93851, 3546, 47496, 83290, 65677, 83628, 21028, 55216, 3546, 48859, 18359, 1144, 3546, 47496, 3546, 3546, 29102, 35495, 91786, 13, 720, 30309, 3546, 3546, 77535, 16, 25, 74177, 3546, 3546, 97096, 3546, 3546, 19954, 74618, 3546, 47496, 1144, 3546, 3546, 3546, 3546, 3546, 3546, 30426, 54059, 19954, 62060, 24486, 67236, 27797, 18359, 59777, 34961, 3546, 48859, 57575, 1144, 48859, 1144, 47496, 13094, 36439, 32179, 6266, 702, 17, 43144, 25, 364, 3546, 3546, 77535, 17, 6, 16969, 65677, 83628, 13094, 23955, 34983, 24486, 67236, 27797, 13094, 1144, 3546, 16969, 22035, 59134, 67945, 19954, 58901, 74959, 16582, 35495, 91786, 627, 30309, 3546, 3546, 77535, 17, 25, 55925, 54542, 30, 220, 16, 296, 61415, 98243, 16969, 1144, 48859, 1144, 3546, 3546, 13094, 1144, 3546, 3546, 48859, 18918, 1144, 3546, 3546, 21121, 33390, 1144, 3546, 3546, 3546, 61415, 3546, 47496, 16969, 3546, 48859, 10380, 702, 18, 43144, 25, 364, 3546, 3546, 77535, 16, 6, 21028, 1144, 3546, 52688, 19954, 62060, 34983, 11, 364, 3546, 3546, 77535, 17, 6, 16969, 97096, 3546, 3546, 57575, 63171, 79225, 88525, 51796, 34804, 67236, 27797, 18359, 58935, 3546, 47496, 16582, 35495, 91786, 627, 30309, 3546, 3546, 77535, 16, 25, 74618, 16969, 29833, 3546, 3546, 3546, 3546, 48859, 3546, 3546, 30446, 30426, 54059, 20565, 1144, 48859, 3546, 3546, 3546, 58901, 85721, 77437, 44005, 22035, 1144, 3546, 35495, 1144, 48859, 3546, 3546, 16969, 3546, 3546, 55925, 67236, 27797, 13094, 47782, 32179, 27796, 49508, 3546, 3546, 3546, 3546, 47496, 32179, 6266, 702, 19, 43144, 25, 364, 3546, 3546, 77535, 16, 6, 54780, 364, 3546, 3546, 77535, 17, 6, 16969, 55170, 3546, 3546, 11, 97096, 3546, 3546, 57575, 1144, 48859, 3546, 3546, 3546, 24486, 67236, 27797, 13094, 50467, 3546, 47496, 3546, 22035, 22035, 51796, 3546, 3546, 49531, 18359, 49508, 3546, 3546, 3546, 3546, 3546, 16582, 35495, 91786, 627, 30309, 3546, 3546, 77535, 16, 25, 74618, 16969, 29833, 3546, 3546, 3546, 3546, 48859, 3546, 3546, 30446, 30426, 54059, 20565, 1144, 48859, 3546, 3546, 3546, 58901, 85721, 77437, 44005, 22035, 1144, 3546, 35495, 1144, 48859, 3546, 3546, 16969, 3546, 3546, 55925, 67236, 27797, 13094, 47782, 32179, 27796, 49508, 3546, 3546, 3546, 3546, 47496, 32179, 6266, 702, 20, 43144, 25, 364, 3546, 3546, 77535, 16, 6, 54780, 1144, 3546, 29102, 11, 364, 3546, 3546, 77535, 17, 6, 16969, 97096, 3546, 3546, 67236, 27797, 1144, 48859, 21028, 69508, 82068, 32428, 61139, 18918, 1144, 3546, 78326, 16582, 3546, 47496, 55000, 35495, 91786, 627, 30309, 3546, 3546, 77535, 17, 25, 29833, 3546, 3546, 3546, 3546, 48859, 3546, 3546, 30446, 30426, 54059, 20565, 85721, 77437, 18359, 1144, 48859, 3546, 3546, 3546, 58901, 220, 44005, 22035, 1144, 3546, 54059, 3546, 48859, 3546, 90759, 3546, 47496, 32179, 6266, 702, 3546, 48859, 3546, 47496, 3546, 37155, 3546, 48859, 25, 220, 20, 43144, 25, 364, 3546, 3546, 77535, 16, 6, 54780, 1144, 3546, 29102, 11, 364, 3546, 3546, 77535, 17, 6, 16969, 97096, 3546, 3546, 67236, 27797, 1144, 48859, 21028, 69508, 82068, 32428, 61139, 18918, 1144, 3546, 78326, 16582, 3546, 47496, 55000, 35495, 91786, 13]","[-0.00053087185, -1.0683535e-05, -0.00021903319, -0.065889895, -8.4112995e-05, 0.0, -1.9361265e-07, -0.00016969022, -0.021344014, -0.00042042506, -8.89548e-06, -1.9361265e-07, -6.704273e-07, -0.00011319869, -1.9361265e-07, -3.4121115e-06, -2.220075e-06, 0.0, -1.9361265e-07, -4.365741e-06, -5.5122365e-07, -2.4391957e-05, -3.1281633e-07, -4.3202e-07, -4.1273333e-06, 0.0, -3.1737043e-06, -1.3856493e-06, -1.147242e-06, 0.0, -4.8425554e-06, 0.0, -4.723352e-06, -4.3202e-07, -0.0002603822, -0.00095267134, -0.7564358, -2.2876635, -0.48660532, -1.2664457e-06, -1.3544423e-05, -0.0030865667, -0.6020412, -0.048413612, -2.1008714e-06, 0.0, -1.504853e-06, 0.0, -3.1281633e-07, -1.147242e-06, -6.704273e-07, -6.2729996e-06, 0.0, -2.577686e-06, -1.9361265e-07, -1.9361265e-07, -2.0219828e-05, 0.0, -7.4695905e-05, -1.9361265e-07, -2.4584822e-06, -4.3202e-07, -6.2729996e-06, -3.1281633e-07, -1.0280384e-06, -6.704273e-07, 0.0, -4.604148e-06, -7.3458323e-06, -1.6166903e-05, -2.3392786e-06, 0.0, -0.06187984, -1.735894e-05, -3.1281633e-07, -0.00012284685, 0.0, -3.5313153e-06, -4.3202e-07, -3.1281633e-07, -0.4907283, -0.18642658, -0.0011755823, -7.9418505e-06, -0.00015181334, -0.0009761215, -4.8425554e-06, 0.0, 0.0, -0.0004295964, -8.44706e-05, -4.3941356e-05, -4.604148e-06, -1.0280384e-06, -1.6240566e-06, -2.577686e-06, 0.0, 0.0, 0.0, -1.9361265e-07, -1.9361265e-07, -7.89631e-07, 0.0, 0.0, -1.2664457e-06, -7.107425e-06, -4.3202e-07, -7.465036e-06, -1.9361265e-07, 0.0, -3.1281633e-07, 0.0, -0.00013631687, -0.095793165, -0.00028195442, -0.00037740718, 0.0, -4.3202e-07, -0.0067306454, -0.013182703, -0.071295395, -0.0029122157, -5.538491e-05, -0.001513908, -3.1186566e-05, -0.05974217, -4.4537377e-05, -1.6240566e-06, -6.704273e-07, -4.365741e-06, -1.0280384e-06, 0.0, -5.5122365e-07, 0.0, -1.9816675e-06, -7.159661e-05, -4.3202e-07, -1.8624639e-06, 0.0, -1.5809293e-05, -1.6240566e-06, -5.5577775e-06, -4.365741e-06, -0.0008687061, -6.2729996e-06, -5.3193703e-06, 0.0, -1.9361265e-07, -3.1281633e-07, -3.7385154e-05, -1.6286107e-05, -7.89631e-07, -0.00014442271, -0.0005382588, -1.9361265e-07, -0.93220115, -0.00011343709, -8.42322e-05, -2.0935051e-05, -0.00011188744, -0.0013300024, -7.58424e-06, 0.0, -1.9361265e-07, -0.0001875671, -0.00024572382, -0.0010684163, -9.0883464e-07, 0.0, 0.0, 0.0, -4.3202e-07, -2.220075e-06, -0.00018887833, -0.001464389, -5.4385737e-06, 0.0, -1.9361265e-07, -1.92662e-05, -2.9160103e-05, -0.00033105531, -1.473646e-05, 0.0, 0.0, -1.9361265e-07, -1.9361265e-07, -5.5122365e-07, -5.5122365e-07, -2.6968896e-06, -2.4034345e-05, -1.9816675e-06, 0.0, -4.3202e-07, -1.9361265e-07, -7.89631e-07, 0.0, -1.9361265e-07, -9.0883464e-07, -8.363618e-05, -0.02931671, -0.0026473596, -0.00013679368, -3.1281633e-07, -9.0883464e-07, -0.039149344, -0.011710787, -0.12751468, -0.00087918504, -9.372295e-06, -6.9882217e-06, 0.0, -6.749814e-06, 0.0, -4.3202e-07, -8.657073e-06, -7.703444e-06, -6.869018e-06, -3.5313153e-06, -2.8160932e-06, -1.4855664e-05, -0.00019281206, -5.5122365e-07, -2.220075e-06, -1.9361265e-07, -1.9361265e-07, -7.89631e-07, -9.0883464e-07, 0.0, -7.89631e-07, -2.486877e-05, -8.3874584e-05, -9.0883464e-07, -1.0683535e-05, -0.00016110756, 0.0, -1.50940705e-05, -1.9361265e-07, -1.9361265e-07, -3.5313153e-06, -1.9361265e-07, -0.000371447, -7.3458323e-06, -2.1008714e-06, -1.7432603e-06, -4.0842064e-05, -5.5122365e-07, -1.2352386e-05, -2.2842309e-05, -4.604148e-06, -4.3202e-07, 0.0, -2.1008714e-06, -1.147242e-06, -6.704273e-07, -0.01636806, -0.07246061, -8.339777e-05, -2.5583993e-05, -0.00021462266, -0.00043567579, -1.18755715e-05, 0.0, -1.9361265e-07, -8.43514e-05, -5.145119e-05, -0.00010247036, -2.1054253e-05, -9.133887e-06, 0.0, -1.9361265e-07, -9.610702e-06, -2.6968896e-06, -0.0002784975, -1.3856493e-06, 0.0, 0.0, -0.0010637711, -2.4987974e-05, 0.0, 0.0, 0.0, -1.7835755e-05, -5.5122365e-07, 0.0, -7.89631e-07, 0.0, -9.0883464e-07, -1.9361265e-07, 0.0, -1.9361265e-07, -1.9361265e-07, -0.0001752928, 0.0, -5.5577775e-06, -5.5122365e-07, -3.1281633e-07, -1.504853e-06, -3.2855416e-05, 0.0, -3.0545007e-06, -9.0883464e-07, -1.3856493e-06, -3.1281633e-07, 0.0, -3.1281633e-07, -1.9361265e-07, -4.3202e-07, -1.504853e-06, -1.147242e-06, -1.962381e-05, -0.017686494, -0.00591742, -0.00037967207, 0.0, -7.89631e-07, -0.7927587, -0.027534196, -0.015557159, -0.036833704, -5.1808798e-05, -3.2929079e-06, -1.9361265e-07, -2.6968896e-06, 0.0, -1.504853e-06, -3.0545007e-06, 0.0, -9.610702e-06, -4.604148e-06, -1.2352386e-05, -1.7432603e-06, -0.0010709196, -3.7697225e-06, -4.246537e-06, -3.1281633e-07, 0.0, -1.9361265e-07, -6.704273e-07, -1.9361265e-07, -4.3202e-07, -2.58224e-05, -1.3306016e-05, -1.9816675e-06, -4.246537e-06, -3.5477897e-05, 0.0, -4.9617593e-06, 0.0, 0.0, -1.8624639e-06, 0.0, -1.0564331e-05, -5.5122365e-07, -7.89631e-07, -5.5122365e-07, -7.226629e-06, -1.9361265e-07, -5.5122365e-07, -4.365741e-06, -2.220075e-06, -5.5122365e-07, 0.0, -1.9361265e-07, -1.9361265e-07, -1.147242e-06, -0.23260766, -0.5283353, -0.0001440651, -3.22594e-05, -0.00011594037, -0.00030400342, -5.6769813e-06, 0.0, -3.1281633e-07, -0.00037526153, -0.00016086915, -0.00039075434, -3.2140193e-05, -3.1281633e-07, -6.704273e-07, -4.7040652e-05, -8.590105e-05, -6.6306106e-06, 0.0, -1.9361265e-07, -1.1517961e-05, -9.4914985e-06, -5.3193703e-06, -1.0280384e-06, 0.0, -1.9361265e-07, -6.704273e-07, -3.1281633e-07, -3.1281633e-07, 0.0, -6.704273e-07, -9.0883464e-07, -1.7432603e-06, -4.723352e-06, -1.7432603e-06, -3.4121115e-06, -1.9361265e-07, -2.220075e-06, -1.9361265e-07, 0.0, -1.2664457e-06, 0.0, -4.632543e-05, -4.3202e-07, -5.0735965e-05, -0.0126217175, -0.0006414269, -2.7729659e-05, -3.1281633e-07, -9.0883464e-07, -0.0038760775, -0.00020640128, -0.09284619, -1.4498052e-05, -1.3856493e-06, -6.869018e-06, 0.0, -1.8624639e-06, -1.2352386e-05, -1.9361265e-07, -1.5809293e-05, -5.9153886e-06, -7.9418505e-06, -6.2656334e-05, -5.8365e-05, -1.9361265e-07, -1.6524515e-05, -1.8624639e-06, -1.7432603e-06, -9.4914985e-06, -1.147242e-06, -5.9153886e-06, -0.00016647171, -0.00036882452, 0.0, -4.4894987e-05, -6.325235e-05, -1.504853e-06, -1.504853e-06, -0.00042507402, -1.2664457e-06, -4.3202e-07, -9.0883464e-07, -1.8624639e-06, 0.0, -2.9636918e-05, -0.000444374, -0.025947709, -1.0087517e-05, 0.0, -7.89631e-07, 0.0, 0.0, -5.7961847e-06, -1.9361265e-07, 0.0, -0.00010258956, -0.00063785806, -0.52705324, -1.2948405e-05, -1.0874298, -0.00074339914, -6.2729996e-06, 0.0, -6.704273e-07, -0.00067514315, -2.6418418e-05, -0.000102708764, -0.00044532763, -1.2664457e-06, -5.5122365e-07, -2.9517714e-05, -8.061054e-06, -4.604148e-06, 0.0, 0.0, -8.418666e-06, -8.418666e-06, -8.89548e-06, -4.8425554e-06, 0.0, -6.704273e-07, -8.537869e-06, 0.0, -1.0280384e-06, 0.0, -2.220075e-06, -1.0087517e-05, -1.6240566e-06, -5.9153886e-06, -7.89631e-07, -4.604148e-06, -3.1281633e-07, -4.4849444e-06, 0.0, 0.0, -3.1782583e-05, 0.0, -5.9153886e-06, -3.1281633e-07, -0.00027659023, -0.0007051641]",0
2025_11_KICE_38-42_0,['4(2)'],"1번: ㉠: 상대가 언급한 내용에 대해 관련 정보를 요청하고 있다. + ""(가)에서 나온 대화에 해당하는 내용""
2번: ㉡: 상대의 생각에 수긍한 후 자신의 경험을 제시하고 있다. + ""(가)에서 나온 대화에 해당하는 내용""
3번: ㉢: 상대의 견해를 바탕으로 기존의 인식을 전환하고 있다. + ""(가)에서 나온 대화에 해당하는 내용""
4번: ㉣: 상대가 제시한 대안에 대해 문제를 제기하고 있다. + ""(가)에서 나온 대화에 해당하는 내용""
5번: ㉤: 상대의 생각과 다른 자신의 의견을 제안하고 있다. + ""(가)에서 나온 대화에 해당하는 내용""
최종 정답: 4번: ㉣: 상대가 제시한 대안에 대해 문제를 제기하고 있다.","[16, 43144, 25, 220, 45398, 3546, 47496, 25, 59134, 67945, 20565, 1144, 48859, 3546, 3546, 24486, 67236, 27797, 19954, 62060, 34983, 93851, 3546, 47496, 61139, 18918, 87097, 3546, 3546, 16582, 35495, 91786, 13, 489, 12262, 20565, 8, 57575, 74618, 3546, 47496, 62060, 57390, 19954, 95713, 44005, 67236, 27797, 702, 17, 43144, 25, 220, 45398, 3546, 47496, 25, 59134, 67945, 21028, 48918, 3546, 3546, 19954, 29833, 3546, 3546, 24486, 95415, 65677, 83628, 21028, 44215, 3546, 3546, 3546, 18359, 63171, 30426, 16582, 35495, 91786, 13, 489, 12262, 20565, 8, 57575, 74618, 3546, 47496, 62060, 57390, 19954, 95713, 44005, 67236, 27797, 702, 18, 43144, 25, 220, 45398, 3546, 47496, 25, 59134, 67945, 21028, 1144, 3546, 34983, 18918, 82818, 3546, 3546, 43139, 55216, 3546, 47496, 21028, 59777, 77437, 18359, 57519, 66338, 16582, 35495, 91786, 13, 489, 12262, 20565, 8, 57575, 74618, 3546, 47496, 62060, 57390, 19954, 95713, 44005, 67236, 27797, 702, 19, 43144, 25, 220, 45398, 3546, 47496, 25, 59134, 67945, 20565, 63171, 30426, 24486, 62060, 3546, 3546, 19954, 62060, 34983, 54535, 38187, 18918, 63171, 21121, 16582, 35495, 91786, 13, 489, 12262, 20565, 8, 57575, 74618, 3546, 47496, 62060, 57390, 19954, 95713, 44005, 67236, 27797, 702, 20, 43144, 25, 220, 45398, 3546, 47496, 25, 59134, 67945, 21028, 48918, 3546, 3546, 54780, 50467, 84065, 65677, 83628, 21028, 1144, 3546, 3546, 3546, 18359, 63171, 3546, 3546, 16582, 35495, 91786, 13, 489, 12262, 20565, 8, 57575, 74618, 3546, 47496, 62060, 57390, 19954, 95713, 44005, 67236, 27797, 702, 3546, 48859, 3546, 47496, 3546, 37155, 3546, 48859, 25, 220, 19, 43144, 25, 220, 45398, 3546, 47496, 25, 59134, 67945, 20565, 63171, 30426, 24486, 62060, 3546, 3546, 19954, 62060, 34983, 54535, 38187, 18918, 63171, 21121, 16582, 35495, 91786, 13]","[-0.00042316676, -1.1517961e-05, -0.00042054427, -0.09271061, -7.517272e-05, 0.0, -0.0012885673, -0.003057927, -0.0010280466, -1.9361265e-07, -6.704273e-07, -7.89631e-07, 0.0, 0.0, 0.0, -3.1281633e-07, -4.3202e-07, 0.0, -1.0280384e-06, -0.0012055886, -1.8624639e-06, 0.0, 0.0, 0.0, -1.8624639e-06, -6.0345924e-06, -1.504853e-06, -3.650519e-06, 0.0, -5.6769813e-06, -5.5122365e-07, -0.00024631983, -0.004126723, -0.8498214, -3.526627, -0.050974645, -0.002136579, -2.029809, -6.0209303, -0.11854331, -0.0006270142, -0.085464925, -0.0580396, -2.7550273, -0.36033577, -0.45639768, -0.16284317, 0.0, -0.24108468, -0.00048083928, -1.0802739e-05, -0.0008295211, -9.014684e-06, -0.00021283828, 0.0, -0.0047466033, -3.5954712e-05, -0.00036965898, 0.0, -5.6769813e-06, -1.9361265e-07, 0.0, 0.0, 0.0, -3.1281633e-07, 0.0, 0.0, -9.0883464e-07, 0.0, -5.5122365e-07, -5.7961847e-06, -3.1281633e-07, -5.2001665e-06, -1.9361265e-07, 0.0, 0.0, -5.5122365e-07, -1.9361265e-07, -8.537869e-06, 0.0, -3.1281633e-07, -5.9080223e-05, -0.0004068395, -0.0009768367, -0.004004554, -0.00027099132, -4.246537e-06, -3.1305768e-05, -3.3213026e-05, -1.569009e-05, 0.0, -1.2352386e-05, -1.9361265e-07, -7.465036e-06, -2.4584822e-06, 0.0, -1.0280384e-06, -3.1281633e-07, -0.0002848153, -0.00011534435, -4.723352e-06, -0.000119874094, -1.0802739e-05, -9.2695656e-05, 0.0, -0.0005427849, -4.1199673e-05, -0.00011236426, 0.0, -3.88156e-05, -3.1281633e-07, 0.0, 0.0, -5.5122365e-07, -1.9361265e-07, -1.5570886e-05, 0.0, -3.1281633e-07, -1.0280384e-06, 0.0, 0.0, -5.5122365e-07, -1.9361265e-07, 0.0, -1.6240566e-06, -4.8425554e-06, -7.89631e-07, -9.0883464e-07, -1.0280384e-06, -4.7040652e-05, -0.0027807504, -0.00072958984, -0.0048846886, -0.00052479614, -1.5451682e-05, -0.00012511172, -1.3186812e-05, -1.5928495e-05, -3.1281633e-07, -9.729906e-06, -4.3202e-07, -3.2736214e-05, -3.5313153e-06, -1.6240566e-06, -3.1737043e-06, -7.89631e-07, -0.00027373302, -0.00019483852, -2.1054253e-05, -0.00012964146, -3.4762674e-05, -0.0002450086, -1.8624639e-06, -0.014895804, -4.036525e-05, -0.00029804322, -1.9361265e-07, -0.0027130959, -1.147242e-06, 0.0, -5.5122365e-07, -1.2664457e-06, -3.1281633e-07, 0.0, -2.1008714e-06, -1.2664457e-06, -4.3202e-07, -3.1281633e-07, 0.0, -1.9027791e-05, 0.0, -1.0280384e-06, -3.1281633e-07, -1.9361265e-07, -8.3159364e-05, -0.01669801, -0.001736467, -0.0059935013, -0.0008665604, -3.368984e-05, -0.0002319072, -4.1914896e-05, -1.640531e-05, -6.704273e-07, -1.6166903e-05, -1.0280384e-06, -0.0001202317, -1.569009e-05, -9.610702e-06, -2.6299214e-05, -4.3202e-07, -0.00019579215, -1.5451682e-05, -9.0907604e-05, -7.946405e-05, -2.2723105e-05, -7.4695905e-05, -1.8624639e-06, -0.0029195917, -4.8709502e-05, -0.0005717404, 0.0, -0.00012654216, -7.89631e-07, 0.0, 0.0, -1.6240566e-06, -2.3392786e-06, -1.7597347e-05, -3.1281633e-07, -7.9418505e-06, -4.3202e-07, -1.9361265e-07, 0.0, 0.0, 0.0, -5.5122365e-07, 0.0, -3.1281633e-07, 0.0, -4.3202e-07, -1.9361265e-07, -3.9530823e-05, -0.0004515262, -0.0016889853, -0.001580686, -0.00037383108, -1.18755715e-05, -7.767599e-05, -2.0339032e-05, -1.0802739e-05, -1.9361265e-07, -1.3306016e-05, -4.3202e-07, -2.7968066e-05, -1.1637165e-05, -9.73446e-05, -1.2113979e-05, -2.4584822e-06, -0.002228406, -3.464347e-05, -1.9361265e-07, -5.5122365e-07, -1.9361265e-07, 0.0, -5.080963e-06, -4.3202e-07, 0.0, -9.114601e-05, -4.692145e-05, -0.39571643, -1.7432603e-06, -0.23605411, -0.001799412, -1.4974867e-05, -1.3856493e-06, -0.007487954, -0.0009943449, -0.00026276626, -5.5122365e-07, -2.1650272e-05, -2.2723105e-05, 0.0, -5.5122365e-07, -1.0280384e-06, -1.9361265e-07, 0.0, -1.6240566e-06, -5.4385737e-06, -1.504853e-06, -1.9361265e-07, 0.0, -1.247159e-05, 0.0, -2.6968896e-06, -1.9361265e-07, -3.1281633e-07, -1.7597347e-05, -0.00026610398]",2
2025_11_KICE_38-42_1,['5(2)'],"1번: 4번 - 우리가 할 일: 교훈 변경 추진 여부를 학생회 회의 안건으로 상정하기 - ""그럼 교훈 변경을 추진할지 말지 학생회 회의 안건으로 올려 보자. 오늘 나눈 이야기는 내가 정리할게.""
2번: 2번 - 배경: 우리 학교 교훈도 특정 역할만이 부각되고 있음. - ""응. 그래서 많은 학생들이 공감하기 어려운 것도 사실이야.""
3번: 3번 - 고려할 점: ○○고는 동문회를 설득하는 데 어려움을 겪음 - ""그러니까 동문 선배들과 학교 구성원의 의견도 충분히 들어야 할 것 같아.""
4번: 1번 - 배경: ○○고는 개교 60주년을 앞두고 시대에 맞지 않는 교가 가사를 바꿈 - ""나는 다른 학교의 사례를 더 찾아서 회의 때 공유할게.""
5번: 5번 - 우리가 할일: 학생회 회의 전에 동문 선배들의 의견 수렴하기 - ""나는 학교에 건의할 때 동문 선배들의 의견을 함께 얻어보자."" 
최종 정답: 1번 - 4번 - 3번 - 1번 - 5번","[16, 43144, 25, 220, 19, 43144, 482, 1144, 48859, 29102, 20565, 96102, 84656, 25, 1144, 48859, 3546, 3546, 3546, 3546, 88837, 58935, 86351, 84618, 64189, 18918, 1144, 3546, 77535, 62841, 99105, 21028, 96270, 3546, 48859, 43139, 59134, 30381, 67525, 482, 330, 49706, 3546, 3546, 1144, 48859, 3546, 3546, 3546, 3546, 88837, 18359, 58935, 86351, 48936, 22035, 1144, 3546, 22035, 1144, 3546, 77535, 62841, 99105, 21028, 96270, 3546, 48859, 43139, 1144, 3546, 3546, 47496, 64432, 26799, 13, 74177, 3546, 3546, 74618, 3546, 3546, 3546, 23955, 90759, 21121, 16969, 67236, 20565, 37155, 29102, 48936, 58901, 10246, 17, 43144, 25, 220, 17, 43144, 482, 74769, 66406, 25, 1144, 48859, 29102, 1144, 3546, 3546, 3546, 1144, 48859, 3546, 3546, 3546, 3546, 49085, 1144, 3546, 48859, 30381, 1144, 3546, 48936, 73653, 13094, 86503, 3546, 3546, 65219, 35495, 36439, 49531, 13, 482, 330, 3546, 3546, 13, 55925, 54542, 27796, 1144, 3546, 34804, 1144, 3546, 77535, 65950, 13094, 1144, 48859, 3546, 3546, 67525, 1144, 48859, 3546, 47496, 94772, 72208, 49085, 33229, 3546, 47496, 13094, 90759, 10246, 18, 43144, 25, 220, 18, 43144, 482, 1144, 47496, 3546, 47496, 48936, 1144, 3546, 25, 1144, 3546, 45398, 3546, 35495, 16969, 1144, 3546, 52688, 62841, 18918, 58952, 3546, 3546, 44005, 1144, 3546, 1144, 48859, 3546, 47496, 3546, 3546, 18359, 1144, 96369, 49531, 482, 330, 49706, 61394, 84136, 3546, 3546, 1144, 3546, 52688, 1144, 47496, 3546, 48859, 65950, 54780, 1144, 3546, 3546, 3546, 59877, 33931, 55421, 21028, 1144, 3546, 3546, 3546, 49085, 1144, 47496, 80816, 3546, 3546, 3546, 1144, 47496, 32179, 90759, 96102, 72208, 79474, 54059, 10246, 19, 43144, 25, 220, 16, 43144, 482, 74769, 66406, 25, 1144, 3546, 45398, 3546, 35495, 16969, 74623, 3546, 3546, 220, 1399, 55430, 3546, 3546, 18359, 1144, 3546, 3546, 3546, 35495, 45618, 67945, 19954, 1144, 3546, 22035, 51796, 16969, 1144, 48859, 3546, 20565, 36609, 56154, 18918, 82818, 3546, 3546, 3546, 482, 330, 61415, 16969, 50467, 84065, 1144, 3546, 3546, 3546, 21028, 33229, 3546, 3546, 18918, 1144, 3546, 3546, 1144, 3546, 54059, 27796, 99105, 21028, 54718, 1144, 48859, 3546, 47496, 48936, 58901, 10246, 20, 43144, 25, 220, 20, 43144, 482, 1144, 48859, 29102, 20565, 96102, 33177, 25, 1144, 3546, 77535, 62841, 99105, 21028, 57519, 19954, 1144, 3546, 52688, 1144, 47496, 3546, 48859, 65950, 21028, 1144, 3546, 3546, 3546, 29833, 3546, 48859, 67525, 482, 330, 61415, 16969, 1144, 3546, 3546, 3546, 19954, 1144, 48859, 21028, 48936, 54718, 1144, 3546, 52688, 1144, 47496, 3546, 48859, 65950, 21028, 1144, 3546, 3546, 3546, 18359, 52072, 3546, 3546, 3546, 1144, 3546, 32179, 42771, 26799, 1210, 720, 3546, 48859, 3546, 47496, 3546, 37155, 3546, 48859, 25, 220, 16, 43144, 482, 220, 19, 43144, 482, 220, 18, 43144, 482, 220, 16, 43144, 482, 220, 20, 43144]","[-0.0006045031, -3.5716304e-05, -0.00023929782, -0.96256846, -0.23691465, -1.3544423e-05, -0.0009566014, -0.0053989342, 0.0, -4.3202e-07, -1.4855664e-05, -7.822647e-06, -7.564953e-05, -8.299462e-06, -5.5577775e-06, 0.0, 0.0, 0.0, 0.0, 0.0, -6.704273e-07, 0.0, 0.0, -4.3202e-07, 0.0, -2.9352968e-06, -9.0883464e-07, 0.0, -1.9361265e-07, -6.704273e-07, 0.0, -1.9361265e-07, -6.392203e-06, -4.1273333e-06, 0.0, -4.3202e-07, -4.3202e-07, -1.0280384e-06, -4.4849444e-06, -0.2574566, -0.037865315, -2.3170097, -0.008416706, -7.465036e-06, -5.080963e-06, -4.3202e-07, -1.9361265e-07, -6.869018e-06, 0.0, 0.0, -3.0545007e-06, -0.00012035091, -4.00813e-06, -3.1281633e-07, 0.0, -0.00010413921, -2.577686e-06, -1.9361265e-07, -9.627177e-05, -0.19778246, 0.0, -1.0206721e-05, -3.888926e-06, -1.147242e-06, -1.504853e-06, -0.00013154872, -6.551722e-05, 0.0, -1.2664457e-06, -0.06964683, 0.0, -1.7954959e-05, -3.1281633e-07, -0.0009035998, -4.3202e-07, -3.073606, -0.0040741283, -2.3392786e-06, 0.0, -1.0280384e-06, -8.89548e-06, 0.0, -6.704273e-07, -4.3202e-07, 0.0, -1.0280384e-06, -1.0280384e-06, -4.7159858e-05, -1.504853e-06, -4.3202e-07, -4.3202e-07, -1.0280384e-06, -6.749814e-06, -0.024886861, -0.0049794745, -7.465036e-06, -0.00046606173, -0.00013929696, -2.4452772, -6.2729996e-06, -0.00014334988, -0.000119754885, -3.1281633e-07, -1.640531e-05, -1.4378848e-05, 0.0, 0.0, -1.9361265e-07, 0.0, 0.0, 0.0, -1.8624639e-06, 0.0, 0.0, 0.0, 0.0, 0.0, -2.1008714e-06, -2.188868e-05, 0.0, 0.0, -1.9361265e-07, 0.0, 0.0, -1.9361265e-07, -1.0280384e-06, -9.0883464e-07, -1.7478143e-05, -9.0883464e-07, 0.0, -4.723352e-06, -2.577686e-06, -9.968313e-06, -2.220075e-06, -0.03437679, -0.09484329, -0.00069265877, -0.9143714, -1.9816675e-06, -9.1622824e-05, -0.00013297916, -1.1637165e-05, 0.0, -5.5122365e-07, 0.0, 0.0, 0.0, 0.0, 0.0, -3.1281633e-07, -3.1281633e-07, -2.577686e-06, -1.9816675e-06, -7.89631e-07, 0.0, -4.3202e-07, -3.650519e-06, -3.1281633e-07, -3.1281633e-07, -2.9875326e-05, 0.0, -1.504853e-06, -4.3202e-07, -2.6968896e-06, -6.704273e-07, 0.0, -4.3202e-07, -3.1281633e-07, -0.003329926, -2.4034345e-05, -1.7716551e-05, -7.183501e-05, -8.7212284e-05, -0.64793676, -4.894791e-05, -0.0004099388, -9.674858e-05, -3.1281633e-07, -5.5122365e-07, -3.1281633e-07, -1.7432603e-06, -1.3856493e-06, 0.0, -2.2603901e-05, -0.00031675454, -3.1281633e-07, -8.061054e-06, -9.0883464e-07, -1.147242e-06, -1.147242e-06, -1.4378848e-05, -9.0883464e-07, 0.0, -2.0935051e-05, -1.2664457e-06, -5.5122365e-07, 0.0, -1.9361265e-07, -3.1281633e-07, -0.00011081461, 0.0, -2.220075e-06, 0.0, 0.0, 0.0, -1.27099975e-05, -1.9361265e-07, -4.365741e-06, 0.0, 0.0, -3.5313153e-06, -0.0013888046, -0.0013341709, -0.15875472, -0.002886664, -4.00813e-06, -2.220075e-06, 0.0, -1.11603495e-05, -1.9816675e-06, -7.89631e-07, -2.220075e-06, -2.5941605e-05, 0.0, 0.0, -1.0280384e-06, -3.2929079e-06, -1.0280384e-06, 0.0, 0.0, 0.0, -2.5941605e-05, -3.1281633e-07, -8.657073e-06, -6.392203e-06, -6.704273e-07, 0.0, -1.9361265e-07, 0.0, -1.9361265e-07, -9.0883464e-07, 0.0, -1.9361265e-07, -2.9160103e-05, 0.0, 0.0, -0.0011360507, -9.253091e-06, -8.537869e-06, -2.5226382e-05, -2.3676734e-05, -1.6762922e-05, -1.9361265e-07, -1.0280384e-06, -0.010101577, -2.5107178e-05, -3.9054008e-05, -0.000100205485, -0.0002390594, -0.8213364, -8.180258e-06, -0.0011174732, -0.00014644918, -1.9361265e-07, -3.333223e-05, -0.00013691289, -6.704273e-07, -5.2001665e-06, -1.9361265e-07, -1.9816675e-06, -3.0545007e-06, -1.2664457e-06, -3.1281633e-07, 0.0, -5.4385737e-06, -2.9352968e-06, -3.7981175e-05, 0.0, -1.9361265e-07, -1.147242e-06, -9.221884e-05, -3.0545007e-06, 0.0, -2.6968896e-06, -3.1281633e-07, -6.511407e-06, 0.0, -1.8624639e-06, -1.504853e-06, 0.0, -4.3202e-07, -6.704273e-07, -4.246537e-06, -1.2829201e-05, -3.1281633e-07, -3.1281633e-07, -4.3202e-07, -2.0219828e-05, -6.9882217e-06, -1.2664457e-06, -2.8160932e-06, -4.246537e-06, -0.003593064, -0.0001243965, -0.0029987392, -0.0036052978, -1.9002118, -0.0010095884, -0.0072886893, -1.8550976e-05, -1.147242e-06, 0.0, 0.0, -4.3202e-07, -9.4245304e-05, -5.5122365e-07, -1.9361265e-07, 0.0, -9.729906e-06, -1.4855664e-05, 0.0, 0.0, 0.0, 0.0, 0.0, 0.0, -1.9816675e-06, -7.89631e-07, -1.0445127e-05, -2.9352968e-06, -1.7432603e-06, -1.9361265e-07, -3.1281633e-07, -7.89631e-07, -5.4385737e-06, -0.00074399513, -1.11603495e-05, -3.070975e-05, -7.743759e-05, -1.7835755e-05, -0.0053064507, -0.00017410076, -0.0038853425, -5.121278e-05, 0.0, -6.704273e-07, -2.4584822e-06, -0.0010737769, -0.17120251, -0.00011331789, -2.6968896e-06, 0.0, -4.3202e-07, -7.3458323e-06, -1.9361265e-07, 0.0, -2.1008714e-06, -9.0883464e-07, -7.89631e-07, -6.704273e-07, -7.89631e-07, 0.0, -1.6240566e-06, 0.0, 0.0, -1.147242e-06, -1.9816675e-06, 0.0, 0.0, 0.0, 0.0, -5.2001665e-06, -5.931863e-05, 0.0, -2.4987974e-05, -0.00017660404, -0.001944461, -3.8149784, -0.04088546, -0.24408646, -0.00045343346, -2.1603987, -0.010440101, -1.1693009, -0.11504572, -0.001419638, -2.220075e-06, -1.465676, -0.2360233, -0.17011432, -7.517272e-05, -0.00035786882, -0.0008557166, -2.129266e-05, -3.5313153e-06, -2.1008714e-06, -0.08102046, -0.0036994852, -0.001406544, -2.220075e-06, -2.220075e-06, 0.0, -1.7253534, -0.5686195, -1.2113979e-05, -1.7954959e-05, -9.4914985e-06, -4.123313, -0.0014153541, -0.09725876, -0.5162769, -0.3463703, -1.9429567, -0.22179331, -0.00033343938, 0.0, -3.1281633e-07, -1.9361265e-07, 0.0, -3.5313153e-06, -6.704273e-07, 0.0, -4.561021e-05, -0.0013003538, -2.685024, -0.00024120507, -0.30450353, -0.06743069, -0.0003768112, -9.610702e-06, -0.29466408, -0.033473603, -0.31207725, -1.473646e-05, -3.9530823e-05, -7.946405e-05, -0.12172076, -3.2140193e-05, -0.00016957101, -0.00011188744, -0.00015669702, -2.220075e-06]",0
2025_11_KICE_38-42_2,['4(3)'],"3번: 교가보다 교훈을 바꾸기 어렵다는 [C]의 내용은, ㉲를 고려하여 (나)에서 새로운 교훈을 제안받아 달라는 건의 내용을 재확인하는 것으로 반영되었다. ""(가)에서 ""교훈을 바꾸는 일도 교가를 바꾸는 것만큼 어려울 것 같아.""이라는 발언이 있음.""
최종 정답: 3번","[18, 43144, 25, 1144, 48859, 3546, 20565, 42771, 13447, 1144, 48859, 3546, 3546, 3546, 3546, 18359, 82818, 3546, 3546, 48859, 21121, 1144, 48859, 3546, 48859, 13447, 16969, 510, 34, 60, 21028, 67236, 27797, 34804, 11, 220, 45398, 3546, 48859, 18918, 1144, 47496, 3546, 47496, 83290, 320, 61415, 8, 57575, 1144, 3546, 3546, 17835, 94772, 1144, 48859, 3546, 3546, 3546, 3546, 18359, 63171, 3546, 3546, 3546, 3546, 54059, 1144, 3546, 51440, 16969, 1144, 48859, 21028, 67236, 27797, 18359, 1144, 3546, 3546, 3546, 44005, 72208, 43139, 64857, 3546, 3546, 65219, 3546, 3546, 13, 12262, 20565, 8, 57575, 330, 3546, 3546, 3546, 3546, 3546, 18359, 82818, 3546, 3546, 48859, 16969, 84656, 49085, 1144, 48859, 3546, 20565, 18918, 82818, 3546, 3546, 48859, 16969, 72208, 73653, 3546, 3546, 1144, 48859, 3546, 47496, 3546, 48859, 72208, 79474, 54059, 1210, 13094, 51440, 16969, 97096, 3546, 48859, 13094, 36439, 49531, 10246, 3546, 48859, 3546, 47496, 3546, 37155, 3546, 48859, 25, 220, 18, 43144]","[-1.794916, -4.596782e-05, -0.0014942652, -0.019736668, -1.0325924e-05, -2.355753e-05, -0.0018558193, -0.00014251545, -4.3202e-07, -4.3202e-07, 0.0, 0.0, 0.0, 0.0, 0.0, 0.0, -3.1281633e-07, -1.9361265e-07, -9.849109e-06, 0.0, -2.5345586e-05, -1.9361265e-07, -1.9361265e-07, 0.0, -1.0280384e-06, 0.0, -4.3202e-07, -2.4630364e-05, -1.7432603e-06, -4.1273333e-06, -4.723352e-06, -5.5122365e-07, 0.0, -4.3202e-07, -6.749814e-06, -4.0842064e-05, -1.9816675e-06, -1.9361265e-07, -0.0014471412, -0.00022809267, -5.5122365e-07, 0.0, 0.0, 0.0, -1.2948405e-05, -1.9385403e-05, 0.0, -1.504853e-06, -1.1398757e-05, -7.517272e-05, 0.0, 0.0, 0.0, -7.89631e-07, -6.704273e-07, -1.0280384e-06, 0.0, 0.0, 0.0, 0.0, -1.0280384e-06, -7.89631e-07, -1.2664457e-06, -9.0883464e-07, -2.577686e-06, 0.0, -1.504853e-06, -4.501419e-05, -5.5577775e-06, -3.1281633e-07, -3.1281633e-07, -0.0001006823, -3.1281633e-07, 0.0, -6.704273e-07, 0.0, -4.3202e-07, -0.0012585645, -1.147242e-06, -3.888926e-06, -1.0280384e-06, -3.4524266e-05, -9.0883464e-07, -1.9361265e-07, -3.1281633e-07, -3.1281633e-07, 0.0, -6.704273e-07, -1.9361265e-07, -0.0021858301, -0.027873358, -0.31429735, -2.2418761, -0.0174814, -2.0110548, -6.3914595, -0.068059556, -0.0034189126, -0.012151814, -3.5313153e-06, -1.7432603e-06, -0.063601986, -0.00012546933, -1.18755715e-05, -0.012810046, -6.9331734e-05, -0.0005440961, -0.0010123265, -1.3306016e-05, -3.166338e-05, -1.7432603e-06, -2.220075e-06, -1.1279553e-05, -2.2484697e-05, -1.0445127e-05, -9.014684e-06, -5.4312077e-05, -4.3202e-07, -4.9617593e-06, -1.247159e-05, -1.1994775e-05, -0.000108668944, 0.0, -0.0038208608, 0.0, 0.0, -0.0146121355, -0.0032570926, 0.0, -3.0828953e-05, -0.0049346318, -8.7450695e-05, -0.1831372, -4.5651855, -0.043940596, -0.105979435, -2.712116, -0.0005575588, 0.0, -0.10531541, -0.4397746, -1.1101477, -2.585366, -0.0014032064, 0.0, -9.0883464e-07, 0.0, 0.0, -1.8908588e-05, -4.3202e-07, 0.0, -0.00028874903, -6.0033854e-05, -7.0523776e-05, -5.5122365e-07]",0
2025_11_KICE_38-42_3,['3(2)'],"1번: ⓐ: 글의 특성을 고려하여 건의의 주체를 제시했다. + ""(나)의 ⓐ[저는 학생회 대표 안△△입니다.](ⓐ에 해당하는 내용)"" 
2번: ⓑ: 정보의 신뢰성을 높이기 위해 출처를 제시했다. + ""(나)의 ⓑ[최근 ◇◇방송 뉴스에 따르면 인근 학교인 ○○고가 학교 구성원의 노력 끝에 교가 가사를 변경하였다고 합니다.](ⓑ에 해당하는 내용)""
3번: ⓒ: 설득력을 높이기 위해 예상되는 반론을 제시했다 + ""(나)의 ⓒ[교훈은 학교의 이념을 표현하지만, 단순히 표현에만 그치는 것은 아닙니다.](ⓒ에 해당하는 내용)""
4번: ⓓ: 화제의 중요성을 환기하기 위해 비유적 표현을 제시했다. + ""(나)의 ⓓ[구성원 모두가 지향하는 정신적 가치를 담는 그릇입니다.](ⓓ에 해당하는 내용)""
5번: ⓔ: 건의 내용을 실현하기 위해 거쳐야 하는 과정을 제시했다. + ""(나)의 ⓔ[학교에서는 교직원, 동문 선배, 학부모에게 교훈 변경의 취지를 설명하고, 그분들의 의견을 수렴한 후, 학교운영위원회에서 심의하도록 해 주시면 좋겠습니다.](ⓔ에 해당하는 내용)""
최종 정답: 3번: ⓒ: 설득력을 높이기 위해 예상되는 반론을 제시했다.","[16, 43144, 25, 1144, 3546, 3546, 25, 1144, 3546, 21028, 1144, 3546, 48859, 33931, 18359, 1144, 47496, 3546, 47496, 83290, 1144, 48859, 21028, 21028, 56773, 50643, 18918, 63171, 30426, 3546, 3546, 3546, 13, 489, 12262, 61415, 8, 21028, 1144, 3546, 3546, 58, 3546, 3546, 16969, 1144, 3546, 77535, 62841, 62060, 3546, 3546, 96270, 45398, 48859, 45398, 48859, 80052, 13, 9725, 45398, 3546, 3546, 19954, 95713, 44005, 67236, 27797, 10143, 720, 17, 43144, 25, 1144, 3546, 3546, 25, 61139, 21028, 1144, 47496, 3546, 47496, 48859, 33931, 18359, 1144, 3546, 3546, 13094, 21121, 46810, 34983, 1144, 3546, 3546, 3546, 18918, 63171, 30426, 3546, 3546, 3546, 13, 489, 12262, 61415, 8, 21028, 1144, 3546, 3546, 58, 3546, 48859, 3546, 3546, 1144, 3546, 45398, 3546, 3546, 47496, 3546, 47496, 1144, 3546, 48859, 25941, 19954, 1144, 48859, 3546, 48859, 33390, 59777, 3546, 3546, 1144, 3546, 3546, 3546, 32428, 1144, 3546, 45398, 3546, 35495, 20565, 1144, 3546, 3546, 3546, 59877, 33931, 55421, 21028, 1144, 3546, 48859, 29854, 1144, 3546, 3546, 19954, 1144, 48859, 3546, 20565, 36609, 56154, 18918, 88837, 16582, 3546, 3546, 13447, 35495, 1144, 47496, 13, 9725, 45398, 3546, 3546, 19954, 95713, 44005, 67236, 27797, 13251, 18, 43144, 25, 1144, 3546, 3546, 25, 58952, 3546, 3546, 29854, 18359, 1144, 3546, 3546, 13094, 21121, 46810, 34983, 96717, 57002, 65219, 16969, 64857, 3546, 47496, 18359, 63171, 30426, 3546, 3546, 3546, 489, 12262, 61415, 8, 21028, 1144, 3546, 3546, 58, 3546, 3546, 3546, 3546, 3546, 34804, 1144, 3546, 3546, 3546, 21028, 23955, 3546, 3546, 18359, 1144, 3546, 3546, 3546, 88525, 73653, 11, 1144, 47496, 3546, 3546, 3546, 3546, 3546, 3546, 1144, 3546, 3546, 3546, 19954, 73653, 55925, 60798, 16969, 72208, 34804, 49508, 3546, 3546, 22720, 13, 9725, 45398, 3546, 3546, 19954, 95713, 44005, 67236, 27797, 13251, 19, 43144, 25, 1144, 3546, 3546, 25, 1144, 3546, 38187, 21028, 72043, 36811, 33931, 18359, 1144, 3546, 21121, 67525, 46810, 34983, 75086, 3546, 47496, 82068, 1144, 3546, 3546, 3546, 18359, 63171, 30426, 3546, 3546, 3546, 13, 489, 12262, 61415, 8, 21028, 1144, 3546, 3546, 58, 89359, 33931, 55421, 55170, 3546, 3546, 20565, 67890, 3546, 3546, 47496, 44005, 37155, 83628, 82068, 36609, 60798, 18918, 1144, 48859, 16969, 55925, 3546, 3546, 80052, 13, 9725, 45398, 3546, 3546, 19954, 95713, 44005, 67236, 27797, 13251, 20, 43144, 25, 1144, 3546, 3546, 25, 1144, 48859, 21028, 67236, 27797, 18359, 1144, 47496, 3546, 3546, 67525, 46810, 34983, 1144, 48859, 3546, 48859, 3546, 90759, 220, 44005, 1144, 3546, 30381, 18359, 63171, 30426, 3546, 3546, 3546, 13, 489, 12262, 61415, 8, 21028, 1144, 3546, 3546, 58, 3546, 3546, 3546, 3546, 57575, 16969, 1144, 48859, 3546, 3546, 3546, 55421, 11, 1144, 3546, 52688, 1144, 47496, 3546, 48859, 11, 1144, 3546, 64189, 3546, 47496, 19954, 58901, 1144, 48859, 3546, 3546, 3546, 3546, 88837, 21028, 1144, 48859, 22035, 18918, 58952, 80732, 16582, 35495, 11, 55925, 80816, 65950, 21028, 1144, 3546, 3546, 3546, 18359, 29833, 3546, 48859, 24486, 95415, 11, 1144, 3546, 3546, 3546, 94772, 3546, 3546, 82001, 55421, 62841, 57575, 1144, 3546, 21028, 16582, 49085, 50764, 61816, 56773, 30426, 33390, 1144, 3546, 3546, 47496, 39331, 13, 9725, 45398, 3546, 3546, 19954, 95713, 44005, 67236, 27797, 13251, 3546, 48859, 3546, 47496, 3546, 37155, 3546, 48859, 25, 220, 18, 43144, 25, 1144, 3546, 3546, 25, 58952, 3546, 3546, 29854, 18359, 1144, 3546, 3546, 13094, 21121, 46810, 34983, 96717, 57002, 65219, 16969, 64857, 3546, 47496, 18359, 63171, 30426, 3546, 3546, 3546, 13]","[-0.15801767, -4.365741e-06, -0.00013965457, -0.0004984631, -0.0001376281, -0.00082082656, -0.007637628, -0.0009469495, -1.2664457e-06, -1.0280384e-06, -6.511407e-06, 0.0, 0.0, 0.0, -1.0280384e-06, -3.888926e-06, 0.0, 0.0, 0.0, -1.9361265e-07, -4.365741e-06, -1.9361265e-07, 0.0, -3.1281633e-07, -1.3856493e-06, -2.1008714e-06, -2.9994528e-05, -2.577686e-06, -4.3202e-07, -9.4914985e-06, -2.220075e-06, -1.504853e-06, -0.0014105897, -0.10853267, -2.211043, -0.023118528, -0.007506537, -0.06278282, -0.2850845, -1.9146995e-05, -0.014696011, -0.96601266, -0.001014826, -1.9361265e-07, -1.3856493e-06, -1.2664457e-06, 0.0, 0.0, -1.7432603e-06, -1.9361265e-07, 0.0, -1.0280384e-06, -1.998142e-05, -0.00017720005, -1.6240566e-06, -1.4974867e-05, 0.0, -4.604148e-06, -0.03583117, -0.40271312, -0.2711798, -5.2001665e-06, -3.2929079e-06, -6.0345924e-06, 0.0, -1.9361265e-07, -1.9816675e-06, 0.0, -0.0518632, -0.24902049, -7.600714e-05, -9.4914985e-06, -0.00045629436, -0.00021843717, -1.2664457e-06, -7.8748824e-05, -1.5570886e-05, -1.9504607e-05, 0.0, 0.0, -3.1281633e-07, -2.3392786e-06, 0.0, 0.0, -1.9361265e-07, -9.0883464e-07, 0.0, 0.0, 0.0, -2.3392786e-06, -2.4584822e-06, 0.0, 0.0, -1.9361265e-07, 0.0, -6.704273e-07, 0.0, -9.133887e-06, -3.1281633e-07, -7.89631e-07, -2.3392786e-06, -3.1281633e-07, -3.1281633e-07, -0.0004871571, -0.0006607305, -0.023688095, -1.0087517e-05, -8.888114e-05, -0.00017624642, -0.00052801095, -2.220075e-06, -0.0012313036, -0.00044342037, -0.00039837603, 0.0, -1.147242e-06, 0.0, -8.776276e-06, -7.89631e-07, -7.107425e-06, 0.0, -0.00016742534, 0.0, -1.9361265e-07, 0.0, -2.8921695e-05, -4.3202e-07, 0.0, -1.3856493e-06, -1.7432603e-06, -2.0100624e-05, 0.0, -0.0010359067, 0.0, -3.1281633e-07, -0.00013834333, -4.365741e-06, 0.0, -3.0545007e-06, -1.9361265e-07, -1.9361265e-07, 0.0, -7.703444e-06, -1.4378848e-05, 0.0, -4.8425554e-06, 0.0, -2.3392786e-06, -7.107425e-06, -4.370295e-05, 0.0, -2.3392786e-06, 0.0, -0.03648078, -9.0883464e-07, -2.4153549e-05, -7.9418505e-06, -4.6563837e-05, -1.9361265e-07, 0.0, -1.3856493e-06, -0.00027134892, 0.0, 0.0, -6.704273e-07, -0.000110457004, 0.0, 0.0, -5.5122365e-07, -7.2192626e-05, -1.378283e-05, -6.1537958e-06, -6.704273e-07, -2.7252845e-05, -4.246537e-06, -1.8624639e-06, -1.147242e-06, -1.147242e-06, -1.9146995e-05, -5.5122365e-07, -0.0003088871, -0.0006228457, -7.624555e-05, -6.749814e-06, -4.00813e-06, -1.6240566e-06, 0.0, -7.89631e-07, -1.9361265e-07, -1.9361265e-07, -0.11952382, -0.00022630462, -1.4140442e-05, -0.00036263696, -0.0002609782, -7.465036e-06, -0.011145558, -2.2723105e-05, -0.00013619766, -1.7432603e-06, 0.0, 0.0, -1.3306016e-05, 0.0, 0.0, 0.0, -1.3856493e-06, -5.3193703e-06, 0.0, 0.0, -1.0683535e-05, -1.504853e-06, -4.604148e-06, -1.9361265e-07, -1.9361265e-07, -3.1281633e-07, 0.0, -3.2929079e-06, -1.9361265e-07, -9.0883464e-07, -4.00813e-06, -3.1281633e-07, -6.704273e-07, -0.14319366, -0.011521323, -1.7120534e-05, -8.244414e-05, -0.00020842774, -0.001001013, -2.0219828e-05, -0.029848954, -0.00019877224, -9.610702e-06, -5.2001665e-06, -2.577686e-06, -1.9361265e-07, -3.1281633e-07, -7.89631e-07, -8.061054e-06, 0.0, 0.0, -1.9361265e-07, -4.00813e-06, -2.220075e-06, -1.9361265e-07, 0.0, -1.147242e-06, -1.7432603e-06, -1.2664457e-06, -4.9617593e-06, 0.0, -5.025915e-05, 0.0, -2.2842309e-05, -3.7146747e-05, 0.0, -3.1281633e-07, 0.0, 0.0, -4.692145e-05, -9.0883464e-07, 0.0, -1.6240566e-06, -5.5122365e-07, -1.0280384e-06, 0.0, -2.6968896e-06, -1.3856493e-06, -1.147242e-06, -1.3067608e-05, -1.3856493e-06, -0.0006522707, -6.704273e-07, -9.014684e-06, -0.0019834754, -1.147242e-06, -1.147242e-06, -0.006280345, -0.00022988072, -9.603336e-05, -2.1769476e-05, -0.0001659949, -8.776276e-06, 0.0, -2.220075e-06, -1.0280384e-06, -1.147242e-06, -0.028695438, -0.00032021143, -3.1305768e-05, -0.00033260495, -0.00027730546, -2.8160932e-06, -0.0023667284, -4.727906e-05, -1.5570886e-05, -1.504853e-06, 0.0, -1.0280384e-06, -1.9361265e-07, 0.0, -2.1008714e-06, -3.0545007e-06, -1.3856493e-06, -3.4285862e-05, -3.7697225e-06, -2.6895234e-05, -1.6240566e-06, -4.723352e-06, -5.3193703e-06, 0.0, -1.2664457e-06, -1.147242e-06, -4.0007635e-05, -5.5122365e-07, 0.0, -2.577686e-06, -0.00010509284, -1.0280384e-06, -1.6240566e-06, -0.00013202553, -5.5577775e-06, -1.3306016e-05, -0.23465961, -0.0041759834, -0.004477474, -2.2961513e-05, -0.00019853383, -0.000107238506, -0.00043639098, -4.4849444e-06, -0.001933397, -0.00016718694, -5.025915e-05, -5.5122365e-07, -7.703444e-06, -1.3856493e-06, 0.0, 0.0, -3.1281633e-07, -8.537869e-06, -2.220075e-06, -3.1281633e-07, 0.0, -3.1281633e-07, -6.704273e-07, -9.133887e-06, -5.2001665e-06, -6.2729996e-06, -1.9361265e-07, -1.4855664e-05, -6.704273e-07, -7.89631e-07, -1.7432603e-06, -6.9882217e-06, -2.9352968e-06, 0.0, -4.1273333e-06, -0.00024287392, -0.00029935446, -5.9080223e-05, -4.604148e-06, -0.00043960952, -1.27099975e-05, 0.0, -4.3202e-07, -1.9361265e-07, 0.0, -0.007798376, -1.60477e-05, -3.3809047e-05, -0.00014692599, -0.00038479414, -3.4524266e-05, -0.00040576665, -6.098748e-05, -1.2829201e-05, -7.58424e-06, 0.0, -1.9816675e-06, -7.89631e-07, -1.147242e-06, -9.0883464e-07, -3.7742768e-05, -3.1281633e-07, 0.0, -3.1281633e-07, -4.3202e-07, 0.0, -4.1273333e-06, -7.3458323e-06, -7.822647e-06, 0.0, 0.0, -7.517272e-05, -3.1424974e-05, -1.9361265e-07, -3.1737043e-06, -1.6882126e-05, 0.0, -1.0325924e-05, -3.1281633e-07, -5.5122365e-07, -4.8351892e-05, -2.577686e-06, -1.0206721e-05, -0.06354259, -0.00082761387, -0.0012508237, -2.577686e-06, -0.00017708084, -3.2497806e-05, -0.00043233807, -4.9617593e-06, -3.9650025e-05, -0.00024287392, -0.00035083943, 0.0, -1.9361265e-07, 0.0, -1.6286107e-05, -3.5313153e-06, -0.00013131031, -3.1281633e-07, 0.0, -3.1281633e-07, 0.0, -1.9361265e-07, -3.2855416e-05, -0.0008297595, -1.9361265e-07, -3.1281633e-07, -7.89631e-07, -4.00813e-06, 0.0, 0.0, -1.735894e-05, -1.147242e-06, 0.0, -5.9153886e-06, -7.89631e-07, 0.0, -1.9816675e-06, -5.5122365e-07, -0.00011760922, -1.9361265e-07, 0.0, -4.3202e-07, 0.0, 0.0, -1.0280384e-06, -2.6968896e-06, -4.246537e-06, 0.0, 0.0, -5.7961847e-06, -1.0564331e-05, -6.704273e-07, -2.9352968e-06, -3.0545007e-06, -9.996708e-05, -7.58424e-06, -0.0010748496, -3.1281633e-07, -5.080963e-06, -0.0006434533, 0.0, 0.0, 0.0, -1.504853e-06, -1.0280384e-06, -6.869018e-06, 0.0, -1.9361265e-07, -3.1281633e-07, -6.17027e-05, -5.5577775e-06, 0.0, -1.504853e-06, -1.9361265e-07, -0.0024895724, -8.537869e-06, 0.0, -8.017927e-05, -4.604148e-06, -1.4140442e-05, -2.220075e-06, -1.2664457e-06, -5.5122365e-07, 0.0, -7.89631e-07, -3.888926e-06, -2.9352968e-06, -2.8160932e-06, -5.8841815e-05, -3.1281633e-07, -1.0280384e-06, -0.00065894244, 0.0, -1.9361265e-07, -5.5122365e-07, -7.9418505e-06, -0.00044330113, -0.0014915308, -0.00014120422, -1.1279553e-05, -1.1994775e-05, -4.723352e-06, 0.0, -5.5577775e-06, -4.3202e-07, -1.7432603e-06, -0.007540603, -0.0001005631, 0.0, -3.1281633e-07, -1.9361265e-07, 0.0, -3.650519e-06, -1.0280384e-06, 0.0, -8.029847e-05, -0.00035131257, -1.6662188, -1.504853e-06, -0.0045407233, -0.00030161935, -2.2842309e-05, -0.00021533787, -0.0004245972, -0.00027647105, -1.7432603e-06, 0.0, -1.9361265e-07, -2.8160932e-06, -5.5122365e-07, -4.3202e-07, -9.0883464e-07, -7.89631e-07, -8.418666e-06, -1.9361265e-07, 0.0, -1.3306016e-05, -3.4121115e-06, -6.511407e-06, -7.89631e-07, -1.0280384e-06, -1.0280384e-06, 0.0, -4.4849444e-06, -1.9361265e-07, -5.5122365e-07, -3.3451433e-05, -5.7961847e-06, -0.000102827966, -0.25443116]",2
2025_11_KICE_38-42_4,['1(2)'],"1번: 학교 구성원 입장에서의 긍정적인 측면을 + ""우리 학교의 교훈 변경을 바꾸고 싶은 다른 학교에도 좋은 영향을 끼칠 것입니다."" 
2번: 다른 학교가 참고할 수 있는 유용한 정보를 + ""우리 학교의 교훈 변경을 바꾸고 싶은 다른 학교에도 좋은 영향을 끼칠 것입니다.""
3번: 교훈 내용이 학교생활의 지침이 된다는 점을 + ""교훈은 학교의 이념을 표현하지만, 단순히 표현에만 그치는 것은 아닙니다.""
4번: 지역 사회에서 학교의 위상이 강화된다는 측면을 + ""우리 학교의 교훈 변경을 바꾸고 싶은 다른 학교에도 좋은 영향을 끼칠 것입니다.""
5번: 건의를 받는 대상이 학생의 성장을 이끌 수 있다는 점을 + ""교장 선생님께서도 알고 계시듯이, 학생회에서 설문 조사로 학생들의 의견을 수렴한 결과 전교생의 91.8%가 교훈 변경에 찬성했습니다.""
최종 정답: 5번 (건의를 받는 대상이 학생의 성장을 이끌 수 있다는 점을)","[16, 43144, 25, 1144, 3546, 3546, 3546, 59877, 33931, 55421, 39250, 41953, 57575, 21028, 1144, 3546, 30381, 82068, 32428, 1144, 48859, 47496, 33390, 18359, 489, 330, 41381, 29102, 1144, 3546, 3546, 3546, 21028, 1144, 48859, 3546, 3546, 3546, 3546, 88837, 18359, 82818, 3546, 3546, 48859, 35495, 1144, 48859, 34804, 50467, 84065, 1144, 3546, 3546, 3546, 19954, 49085, 1144, 3546, 34804, 1144, 3546, 3546, 3546, 47496, 18359, 1144, 3546, 3546, 3546, 47496, 72208, 80052, 1210, 720, 17, 43144, 25, 50467, 84065, 1144, 3546, 3546, 3546, 20565, 1144, 48859, 35495, 48936, 29833, 65621, 1144, 47496, 27797, 24486, 61139, 18918, 489, 330, 41381, 29102, 1144, 3546, 3546, 3546, 21028, 1144, 48859, 3546, 3546, 3546, 3546, 88837, 18359, 82818, 3546, 3546, 48859, 35495, 1144, 48859, 34804, 50467, 84065, 1144, 3546, 3546, 3546, 19954, 49085, 1144, 3546, 34804, 1144, 3546, 3546, 3546, 47496, 18359, 1144, 3546, 3546, 3546, 47496, 72208, 80052, 10246, 18, 43144, 25, 1144, 48859, 3546, 3546, 3546, 3546, 67236, 27797, 13094, 1144, 3546, 3546, 3546, 77535, 3546, 3546, 21028, 67890, 3546, 47496, 13094, 1144, 3546, 13447, 16969, 1144, 3546, 18359, 489, 330, 3546, 3546, 3546, 3546, 3546, 34804, 1144, 3546, 3546, 3546, 21028, 23955, 3546, 3546, 18359, 1144, 3546, 3546, 3546, 88525, 73653, 11, 1144, 47496, 3546, 3546, 3546, 3546, 3546, 3546, 1144, 3546, 3546, 3546, 19954, 73653, 55925, 60798, 16969, 72208, 34804, 49508, 3546, 3546, 22720, 10246, 19, 43144, 25, 67890, 3546, 3546, 33229, 62841, 57575, 1144, 3546, 3546, 3546, 21028, 46810, 57002, 13094, 1144, 3546, 57390, 53400, 13447, 16969, 1144, 48859, 47496, 33390, 18359, 489, 330, 41381, 29102, 1144, 3546, 3546, 3546, 21028, 1144, 48859, 3546, 3546, 3546, 3546, 88837, 18359, 82818, 3546, 3546, 48859, 35495, 1144, 48859, 34804, 50467, 84065, 1144, 3546, 3546, 3546, 19954, 49085, 1144, 3546, 34804, 1144, 3546, 3546, 3546, 47496, 18359, 1144, 3546, 3546, 3546, 47496, 72208, 80052, 10246, 20, 43144, 25, 1144, 48859, 21028, 18918, 84696, 16969, 62060, 57002, 13094, 1144, 3546, 77535, 21028, 1144, 48859, 41953, 18359, 23955, 3546, 3546, 3546, 29833, 91786, 16969, 1144, 3546, 18359, 489, 330, 3546, 3546, 41953, 1144, 47496, 77535, 3546, 3546, 3546, 3546, 3546, 27796, 49085, 1144, 3546, 35495, 95303, 30426, 3546, 3546, 13094, 11, 1144, 3546, 77535, 62841, 57575, 58952, 52688, 66610, 56154, 17835, 1144, 3546, 77535, 65950, 21028, 1144, 3546, 3546, 3546, 18359, 29833, 3546, 48859, 24486, 99901, 57519, 3546, 3546, 77535, 21028, 220, 5925, 13, 23, 4, 20565, 1144, 48859, 3546, 3546, 3546, 3546, 88837, 19954, 1144, 3546, 33931, 3546, 3546, 3546, 10246, 3546, 48859, 3546, 47496, 3546, 37155, 3546, 48859, 25, 220, 20, 43144, 320, 3546, 48859, 21028, 18918, 84696, 16969, 62060, 57002, 13094, 1144, 3546, 77535, 21028, 1144, 48859, 41953, 18359, 23955, 3546, 3546, 3546, 29833, 91786, 16969, 1144, 3546, 18359, 8]","[-0.6607644, -7.266944e-05, -0.0002483463, -0.12872857, -6.704273e-07, -0.00036846695, -5.5122365e-07, -1.2233183e-05, 0.0, -7.822647e-06, -4.334534e-05, -3.1281633e-07, -7.89631e-07, -7.89631e-07, -1.504853e-06, -1.9361265e-07, -8.657073e-06, -8.180258e-06, -4.4849444e-06, -5.5122365e-07, 0.0, 0.0, 0.0, -2.577686e-06, -0.07550841, -0.021166865, -0.18215704, -4.3202e-07, -6.2729996e-06, 0.0, 0.0, 0.0, -8.299462e-06, -1.0280384e-06, -5.5122365e-07, -1.9361265e-07, -2.220075e-06, 0.0, 0.0, -0.00012225083, -0.0052042324, -6.0272258e-05, -2.9352968e-06, -0.0043640137, -6.704273e-07, -6.9570146e-05, -1.504853e-06, 0.0, -4.1273333e-06, -2.4584822e-06, -2.939851e-05, 0.0, 0.0, -5.5122365e-07, 0.0, 0.0, 0.0, -1.0280384e-06, 0.0, -1.147242e-06, -4.246537e-06, 0.0, -1.504853e-06, 0.0, 0.0, -1.0921943e-05, -1.4498052e-05, 0.0, 0.0, -0.00042102108, -4.739826e-05, -0.25129905, -0.00029911607, -0.06900728, -0.026211578, -0.0027287903, -1.4140442e-05, -0.00019460011, -0.00023512568, -8.180258e-06, 0.0, 0.0, 0.0, 0.0, -4.3202e-07, -1.3856493e-06, 0.0, 0.0, -6.704273e-07, -5.5122365e-07, -2.220075e-06, -9.0883464e-07, -6.869018e-06, -6.392203e-06, 0.0, 0.0, -6.408677e-05, -0.10712014, -0.0006825301, -0.11534243, -4.3202e-07, -1.0683535e-05, 0.0, 0.0, 0.0, -4.954393e-05, -4.3202e-07, -5.5122365e-07, 0.0, -1.0280384e-06, 0.0, 0.0, -2.5941605e-05, -3.7623562e-05, -2.7729659e-05, -7.89631e-07, -4.3202e-07, -1.9361265e-07, -1.8624639e-06, -4.3202e-07, 0.0, 0.0, -1.9361265e-07, -9.0883464e-07, 0.0, 0.0, -3.1281633e-07, 0.0, -5.5122365e-07, 0.0, 0.0, 0.0, -3.1281633e-07, 0.0, 0.0, -1.3856493e-06, 0.0, -1.0280384e-06, -3.1281633e-07, -3.888926e-06, 0.0, 0.0, -6.6306106e-06, -1.2829201e-05, -0.011252715, -5.5122365e-07, -0.49552304, -7.226629e-06, -1.0325924e-05, -6.778209e-05, -4.727906e-05, -3.1281633e-07, -1.9361265e-07, -4.3202e-07, 0.0, 0.0, -9.253091e-06, 0.0, -1.9361265e-07, 0.0, 0.0, 0.0, 0.0, -0.0008048643, 0.0, 0.0, -3.1281633e-07, -1.9361265e-07, -2.9352968e-06, 0.0, -2.220075e-06, -0.00015407454, 0.0, -2.1008714e-06, 0.0, -1.9361265e-07, -1.7432603e-06, -3.1737043e-06, -0.00045902873, -0.0016594706, -0.061000157, -8.017927e-05, -0.00096065435, -1.3544423e-05, 0.0, -0.0047049494, -0.00018256421, -1.9361265e-07, -1.147242e-06, -3.1281633e-07, -5.50273e-05, -2.3392786e-06, 0.0, 0.0, -0.23364535, -1.4974867e-05, -9.0883464e-07, -1.504853e-06, 0.0, -0.00012260844, 0.0, -5.7292167e-05, -0.0002550217, 0.0, -1.6240566e-06, 0.0, 0.0, -7.243103e-05, -4.723352e-06, -1.9361265e-07, -5.080963e-06, -7.89631e-07, -9.0883464e-07, 0.0, -3.7697225e-06, -1.9816675e-06, -7.89631e-07, -3.059055e-05, -6.869018e-06, -0.00019543454, -6.704273e-07, -9.014684e-06, -0.0015529519, -6.0345924e-06, -7.89631e-07, -0.039335605, -5.9153886e-06, -2.4749568e-05, -3.4524266e-05, -5.4669687e-05, -6.392203e-06, 0.0, -7.89631e-07, 0.0, -1.9361265e-07, 0.0, 0.0, 0.0, 0.0, -1.9361265e-07, -3.1281633e-07, -3.1281633e-07, -5.5122365e-07, -4.3202e-07, 0.0, -3.4121115e-06, -6.704273e-07, -1.8624639e-06, 0.0, -2.220075e-06, -1.9361265e-07, 0.0, 0.0, -7.9418505e-06, -0.0003856286, -0.005279773, -0.32620236, -4.3202e-07, -4.0007635e-05, 0.0, -3.1281633e-07, 0.0, -0.0018722363, -6.869018e-06, -4.723352e-06, -4.3202e-07, -5.4385737e-06, -1.9361265e-07, 0.0, -9.138441e-05, -0.006541759, -0.0041352725, -5.5122365e-07, -3.1737043e-06, -1.9361265e-07, -5.0497558e-05, -5.5122365e-07, 0.0, -6.704273e-07, -5.5122365e-07, -1.9816675e-06, -1.9361265e-07, 0.0, -1.9361265e-07, 0.0, -1.9361265e-07, 0.0, 0.0, 0.0, -1.9361265e-07, -5.5122365e-07, 0.0, -3.650519e-06, 0.0, 0.0, -3.1281633e-07, -1.504853e-06, 0.0, 0.0, -4.9617593e-06, -7.3458323e-06, -0.016485555, -3.0545007e-06, -0.027908605, -3.650519e-06, -1.378283e-05, -1.18755715e-05, -0.00028576894, -5.5122365e-07, 0.0, -6.7901296e-05, -1.9361265e-07, -1.0280384e-06, -6.511407e-06, 0.0, -1.9361265e-07, -1.9361265e-07, 0.0, 0.0, -3.1281633e-07, 0.0, 0.0, -1.9361265e-07, -1.0280384e-06, -7.89631e-07, 0.0, 0.0, -1.7432603e-06, -7.89631e-07, -1.2948405e-05, 0.0, -1.9361265e-07, 0.0, -6.1537958e-06, -0.00035524633, -0.0054049846, -1.3912266, -0.0010206633, -0.74322844, -5.2001665e-06, -1.7432603e-06, -9.0883464e-07, -7.703444e-06, -0.00019257364, -0.015492831, -0.00011343709, 0.0, -0.0008183233, -5.1331983e-05, -0.00013131031, -1.2664457e-06, -3.1782583e-05, -7.6364755e-05, -1.0087517e-05, -5.109358e-05, -1.9361265e-07, -2.3392786e-06, -0.0003770496, -1.2829201e-05, 0.0, -3.5313153e-06, -9.372295e-06, -1.147242e-06, -0.00015157493, -1.8624639e-06, -0.003054712, -1.0921943e-05, -2.577686e-06, -3.4121115e-06, 0.0, -1.9361265e-07, -6.704273e-07, -2.577686e-06, -3.7697225e-06, 0.0, 0.0, 0.0, -1.9816675e-06, -5.5122365e-07, -0.00017433916, 0.0, -5.3193703e-06, -3.5835506e-05, -0.004503704, -1.998142e-05, 0.0, -1.9816675e-06, -2.2365493e-05, -4.1273333e-06, -6.1537958e-06, -7.107425e-06, -1.2113979e-05, -2.8325678e-05, -5.7961847e-06, -1.2829201e-05, -1.9361265e-07, 0.0, -1.3856493e-06, 0.0, 0.0, -0.0005604197, -9.0883464e-07, -2.9352968e-06, -5.5122365e-07, 0.0, -7.958325e-05, -1.8624639e-06, -2.486877e-05, -0.28667837, -0.00021700673, 0.0, -7.89631e-07, -7.822647e-06, 0.0, -2.8160932e-06, 0.0, 0.0, -9.567575e-05, -0.00023679454, -0.081488445, -6.869018e-06, -0.003474271, -0.32158622, -1.2664457e-06, 0.0, -2.0339032e-05, 0.0, -9.0883464e-07, -5.7961847e-06, -3.1281633e-07, -4.3202e-07, -3.1281633e-07, 0.0, -1.9361265e-07, -1.8624639e-06, 0.0, 0.0, -3.1281633e-07, -2.8160932e-06, -5.5122365e-07, -1.9816675e-06, 0.0, -7.703444e-06, -1.0280384e-06, -6.0345924e-06, 0.0, -1.9361265e-07, -1.9361265e-07, -0.00011915887, -0.00018554063]",0
2025_11_KICE_43-45_0,['1(2)'],"1번: 지속 가능 항공유를 기존 항공유와 대비하여 서술하였다. + ""지속 가능 항공유는 기존 항공유와 화학적 구조가 유사하면서도 화석 연료가 아닌 폐기물이나 작물 등을 원료로 생산된 연료이다.""
2번: 지속 가능 항공유의 생산 과정을 단계적으로 서술하였다. + ""폐기물로는 폐식용유, 폐목재 등이 사용되고, 작물로는 기름야자나 옥수수 등이 쓰이는데, 유럽연합은 작물 기반 바이오 연료의 사용은 규제하고 있다.""
3번: 지속 가능 항공유의 장단점을 묻고 답하는 방식으로 서술하였다. + ""지속 가능 항공유는 화석 연료로 만든 기존 항공유에 비해 탄소 배출량을 최대 80%가량 줄일 수 있다.""
4번: 지속 가능 항공유의 도입 과정에서 예상되는 문제점을 시기별로 서술하였다. + 해당 내용이 지문에 포함되어 있지 않습니다.
5번: 지속 가능 항공유를 사용할 때의 경제적 효과를 국가별로 분석하여 서술하였다. + 해당 내용이 지문에 포함되어 있지 않습니다.
최종 정답: 1번: 지속 가능 항공유를 기존 항공유와 대비하여 서술하였다.","[16, 43144, 25, 67890, 3546, 3546, 96451, 1144, 3546, 79225, 3546, 47496, 18918, 55216, 3546, 47496, 1144, 3546, 79225, 3546, 47496, 81673, 62060, 71682, 83290, 90960, 3546, 3546, 47496, 16582, 3546, 3546, 13447, 13, 489, 330, 22035, 3546, 3546, 96451, 1144, 3546, 79225, 3546, 47496, 16969, 55216, 3546, 47496, 1144, 3546, 79225, 3546, 47496, 81673, 1144, 3546, 3546, 3546, 82068, 59877, 93917, 20565, 1144, 47496, 56154, 16582, 33390, 27796, 49085, 1144, 3546, 3546, 3546, 78453, 64356, 20565, 49508, 3546, 3546, 1144, 3546, 21121, 3546, 3546, 3546, 13094, 61415, 69332, 3546, 3546, 3546, 78102, 18359, 1144, 3546, 64356, 17835, 48918, 86157, 53400, 78453, 64356, 13094, 13447, 10246, 17, 43144, 25, 67890, 3546, 3546, 96451, 1144, 3546, 79225, 3546, 47496, 21028, 48918, 86157, 1144, 3546, 30381, 18359, 1144, 47496, 3546, 3546, 82068, 43139, 90960, 3546, 3546, 47496, 16582, 3546, 3546, 13447, 13, 489, 330, 3546, 3546, 3546, 21121, 3546, 3546, 3546, 17835, 16969, 1144, 3546, 77437, 27797, 3546, 47496, 11, 1144, 3546, 88708, 58232, 78102, 13094, 41820, 65219, 35495, 11, 69332, 3546, 3546, 3546, 17835, 16969, 55216, 64254, 90759, 26799, 61415, 1144, 47496, 24140, 24140, 78102, 13094, 1144, 3546, 48859, 13094, 16969, 3546, 3546, 11, 1144, 47496, 3546, 3546, 3546, 48859, 3546, 47496, 34804, 69332, 3546, 3546, 3546, 55216, 3546, 3546, 82818, 13094, 58368, 78453, 64356, 21028, 41820, 34804, 1144, 48859, 3546, 38187, 16582, 35495, 91786, 10246, 18, 43144, 25, 67890, 3546, 3546, 96451, 1144, 3546, 79225, 3546, 47496, 21028, 1144, 47496, 3546, 47496, 3546, 3546, 18359, 1144, 3546, 3546, 35495, 1144, 48859, 44005, 75908, 77437, 43139, 90960, 3546, 3546, 47496, 16582, 3546, 3546, 13447, 13, 489, 330, 22035, 3546, 3546, 96451, 1144, 3546, 79225, 3546, 47496, 16969, 1144, 3546, 3546, 3546, 78453, 64356, 17835, 63207, 82776, 55216, 3546, 47496, 1144, 3546, 79225, 3546, 47496, 19954, 75086, 34983, 1144, 3546, 44690, 74769, 71023, 3546, 3546, 18359, 82273, 67945, 220, 1490, 4, 20565, 3546, 3546, 1144, 3546, 33177, 29833, 91786, 10246, 19, 43144, 25, 67890, 3546, 3546, 96451, 1144, 3546, 79225, 3546, 47496, 21028, 1144, 3546, 44966, 1144, 3546, 30381, 57575, 96717, 57002, 65219, 16969, 54535, 38187, 3546, 3546, 18359, 45618, 21121, 3546, 3546, 17835, 90960, 3546, 3546, 47496, 16582, 3546, 3546, 13447, 13, 489, 95713, 67236, 27797, 13094, 67890, 52688, 19954, 99969, 79053, 65219, 32179, 36439, 22035, 51796, 39331, 627, 20, 43144, 25, 67890, 3546, 3546, 96451, 1144, 3546, 79225, 3546, 47496, 18918, 41820, 48936, 54718, 21028, 44215, 38187, 82068, 1144, 3546, 47496, 54780, 18918, 1144, 48859, 3546, 20565, 3546, 3546, 17835, 1144, 3546, 3546, 3546, 83290, 90960, 3546, 3546, 47496, 16582, 3546, 3546, 13447, 13, 489, 95713, 67236, 27797, 13094, 67890, 52688, 19954, 99969, 79053, 65219, 32179, 36439, 22035, 51796, 39331, 627, 3546, 48859, 3546, 47496, 3546, 37155, 3546, 48859, 25, 220, 16, 43144, 25, 67890, 3546, 3546, 96451, 1144, 3546, 79225, 3546, 47496, 18918, 55216, 3546, 47496, 1144, 3546, 79225, 3546, 47496, 81673, 62060, 71682, 83290, 90960, 3546, 3546, 47496, 16582, 3546, 3546, 13447, 13]","[-0.41024646, -1.4974867e-05, -0.0003092447, -0.19765998, -1.6240566e-06, -7.3458323e-06, -9.0883464e-07, -7.89631e-07, -1.9361265e-07, -1.9361265e-07, -4.604148e-06, -4.8425554e-06, -1.0087517e-05, -8.776276e-06, 0.0, 0.0, 0.0, 0.0, 0.0, -1.735894e-05, -1.1637165e-05, -1.3856493e-06, -6.7662884e-05, -9.0883464e-07, -3.392825e-05, -1.247159e-05, -5.5122365e-07, 0.0, 0.0, -1.11603495e-05, -6.0345924e-06, 0.0, -2.6968896e-06, -0.003134817, -0.2048812, -0.010980733, -0.069042884, -3.6669935e-05, -8.220573e-05, -8.537869e-06, -3.0545007e-06, 0.0, -3.1281633e-07, -9.4914985e-06, -1.7432603e-06, -0.309145, -0.6762958, -1.4021238e-05, -4.3202e-07, -5.5122365e-07, -3.1281633e-07, -7.89631e-07, -7.3458323e-06, -1.3306016e-05, -0.00025669055, -0.039622556, -1.640531e-05, -3.4405064e-05, -1.2664457e-06, -7.465036e-06, -1.0921943e-05, -4.3202e-07, -4.9617593e-06, -3.4121115e-06, -2.8160932e-06, -4.00813e-06, -0.0006559624, -3.888926e-06, -1.8624639e-06, -1.640531e-05, -0.001955037, -2.1008714e-06, -4.1273333e-06, 0.0, -5.7768983e-05, -2.4391957e-05, 0.0, -5.7961847e-06, -2.868329e-05, -1.9361265e-07, -0.00011951648, 0.0, -1.9361265e-07, -4.3202e-07, 0.0, 0.0, -1.9361265e-07, -1.9361265e-07, -5.5122365e-07, -1.6240566e-06, 0.0, 0.0, -1.5928495e-05, -1.9816675e-06, -1.504853e-06, -6.704273e-07, -4.4849444e-06, -3.2929079e-06, -9.817902e-05, -1.1041146e-05, -2.677603e-05, -1.0445127e-05, -2.4584822e-06, -0.00010556965, -1.0280384e-06, -0.10732534, -0.0003712086, -8.299462e-06, -0.00017588881, -0.039219275, -2.677603e-05, -4.3202e-07, -1.7432603e-06, -1.9361265e-07, 0.0, 0.0, -1.3856493e-06, -4.3202e-07, -0.00013107191, -0.00059556647, -3.5313153e-06, -3.6669935e-05, 0.0, 0.0, -2.3392786e-06, -2.0815847e-05, -1.9361265e-07, -1.9361265e-07, 0.0, -4.604148e-06, -6.511407e-06, -1.504853e-06, -3.1281633e-07, 0.0, 0.0, -0.00016015393, -1.7432603e-06, 0.0, -1.0280384e-06, -0.11514134, -0.011510599, -0.016353399, -1.1999029, -0.00010616567, -1.8550976e-05, -3.0471343e-05, -1.2113979e-05, 0.0, 0.0, -0.0010586526, -3.650519e-06, -2.6968896e-06, -1.9361265e-07, -5.3193703e-06, -6.392203e-06, -1.1994775e-05, -2.6968896e-06, -9.133887e-06, -1.6240566e-06, 0.0, -1.9361265e-07, -5.3193703e-06, -2.4034345e-05, -2.4584822e-06, -5.5122365e-07, -9.0883464e-07, -1.0280384e-06, -6.749814e-06, -9.0883464e-07, -1.9361265e-07, 0.0, 0.0, -5.5122365e-07, -1.147242e-06, -1.998142e-05, 0.0, -6.511407e-06, -1.504853e-06, -5.080963e-06, 0.0, 0.0, -7.89631e-07, -5.080963e-06, -2.188868e-05, -1.2664457e-06, -2.0458236e-05, -1.0280384e-06, -6.9882217e-06, -0.008507495, -8.299462e-06, -3.357064e-05, -1.9361265e-07, -0.007344889, -0.00012558853, -6.2729996e-06, -9.133887e-06, 0.0, -0.000813678, -4.3202e-07, -9.0883464e-07, 0.0, -3.1737043e-06, -4.8471098e-05, -9.0883464e-07, 0.0, -3.5313153e-06, -5.3193703e-06, -1.9361265e-07, -0.00034428327, -9.253091e-06, -3.5313153e-06, -1.0564331e-05, -3.7265952e-05, -8.89548e-06, -3.5313153e-06, -7.89631e-07, -0.00013882013, -2.355753e-05, -1.9361265e-07, -4.3202e-07, -4.723352e-06, -7.822647e-06, -2.1008714e-06, -9.9251854e-05, -0.0022720585, -1.0564331e-05, -2.1173457e-05, -5.407367e-05, -0.0012551113, -4.365741e-06, 0.0, 0.0, -3.1281633e-07, 0.0, 0.0, -1.2664457e-06, -1.9361265e-07, -1.147242e-06, -6.704273e-07, -1.9361265e-07, 0.0, -3.1281633e-07, -3.1281633e-07, 0.0, -1.9361265e-07, -6.704273e-07, -1.3856493e-06, -1.962381e-05, -3.1281633e-07, -1.504853e-06, 0.0, -1.11603495e-05, 0.0, -3.1281633e-07, -3.1737043e-06, -3.1281633e-07, -3.1281633e-07, 0.0, 0.0, -1.0802739e-05, -3.1281633e-07, 0.0, -1.2664457e-06, -0.13426122, -0.0066630277, -0.00068300695, -0.09573955, -1.4021238e-05, 0.0, -0.0001277342, -2.3392786e-06, 0.0, 0.0, -8.418666e-06, -6.9882217e-06, -0.030165698, -1.1387274, -0.031457342, -0.00012511172, 0.0, -9.281486e-05, -9.0883464e-07, -8.89548e-06, -6.392203e-06, -2.8160932e-06, -2.2007884e-05, -1.9361265e-07, -1.9361265e-07, -1.9361265e-07, -5.5122365e-07, 0.0, -9.849109e-06, -1.9816675e-06, -9.253091e-06, -4.365741e-06, -5.5577775e-06, -1.147242e-06, -3.1281633e-07, -1.4855664e-05, -1.7478143e-05, -1.9361265e-07, -1.9361265e-07, 0.0, -6.704273e-07, -3.1737043e-06, -9.0883464e-07, -1.9361265e-07, -1.6240566e-06, -9.0883464e-07, -0.00014025059, -3.1281633e-07, 0.0, -4.3202e-07, -3.1281633e-07, -4.246537e-06, 0.0, -0.00036537863, -0.00071636564, -7.088138e-05, -2.2842309e-05, -2.9875326e-05, -0.00026205103, -3.1281633e-07, 0.0, 0.0, -3.1281633e-07, 0.0, 0.0, -1.3856493e-06, -3.1281633e-07, -9.4914985e-06, -3.888926e-06, -1.0280384e-06, -9.0883464e-07, -2.2723105e-05, 0.0, 0.0, -9.0883464e-07, -6.2729996e-06, -4.604148e-06, -1.504853e-06, -1.9361265e-07, -1.9361265e-07, 0.0, -9.0883464e-07, -1.0280384e-06, -4.3202e-07, -7.58424e-06, -1.6240566e-06, -1.5332478e-05, 0.0, -1.7432603e-06, 0.0, 0.0, 0.0, 0.0, -1.1756368e-05, -1.9361265e-07, 0.0, -1.9361265e-07, -0.08448929, -0.006759425, -3.3469863, -1.6932844, 0.0, -1.0862503, -0.41240856, -3.6908343e-05, -0.061398897, -1.0708156, -3.1281633e-07, -8.061054e-06, -0.013690451, -0.0040448024, -7.58424e-06, -1.5451682e-05, -1.5027885, -0.000856551, -4.00813e-06, -3.917321e-05, -1.9743013e-05, -0.00032569113, -9.0883464e-07, -3.1281633e-07, -1.9361265e-07, -3.1281633e-07, 0.0, 0.0, -5.080963e-06, -3.1281633e-07, -3.0545007e-06, -1.9361265e-07, -1.9361265e-07, -1.3856493e-06, -1.9361265e-07, -4.3202e-07, -3.1281633e-07, -1.9361265e-07, -1.3856493e-06, 0.0, 0.0, 0.0, -1.2664457e-06, -1.2664457e-06, -4.3202e-07, 0.0, -4.3202e-07, -4.9617593e-06, 0.0, -2.3319124e-05, 0.0, 0.0, 0.0, 0.0, -1.0280384e-06, -9.0883464e-07, 0.0, 0.0, 0.0, -1.569009e-05, -4.3202e-07, 0.0, -1.7432603e-06, -0.0002352449, -0.00035214704, -0.00084667176, -9.610702e-06, -5.5122365e-07, -4.00813e-06, -1.9743013e-05, -0.00010092071, -1.8624639e-06, -0.00018315656, -6.704273e-07, -7.89631e-07, -1.0921943e-05, -7.89631e-07, 0.0, -6.704273e-07, -6.704273e-07, -0.0213516, -8.657073e-06, 0.0, -6.704273e-07, 0.0, 0.0, -2.9352968e-06, -3.1281633e-07, 0.0, -4.179569e-05, -8.44706e-05, -0.0005320639, -1.9361265e-07, -0.022141064, -0.012165472, -6.869018e-06, -1.9361265e-07, -3.0545007e-06, -4.3202e-07, 0.0, 0.0, -5.3193703e-06, -1.504853e-06, -8.180258e-06, -7.703444e-06, 0.0, 0.0, 0.0, 0.0, 0.0, -3.1737043e-06, -1.2664457e-06, -1.2113979e-05, -1.7432603e-06, -1.9361265e-07, -3.1281633e-07, -5.6769813e-06, -3.1281633e-07, 0.0, 0.0, -1.8624639e-06, 0.0, 0.0, -1.6240566e-06, -0.00019007038]",2
2025_11_KICE_43-45_1,['5(2)'],"3번: 지속 가능 항공유의 혼합 비율을 더 높일수록 탄소 배출량을 더 많이 감축할 수 있다. 환경을 위해 지속 가능 항공유의 혼합 비율을 점차 높여 가는 것은 어떨까? ""(지속 가능 항공유는 화석 연료로 만든 기존 항공유에 비해 탄소 배출량을 최대 80%가량 줄일 수 있다.)""
최종 정답: 3번","[18, 43144, 25, 67890, 3546, 3546, 96451, 1144, 3546, 79225, 3546, 47496, 21028, 1144, 3546, 3546, 47496, 75086, 3546, 47496, 18359, 1144, 3546, 3546, 1144, 3546, 3546, 33177, 24140, 50764, 1144, 3546, 44690, 74769, 71023, 3546, 3546, 18359, 1144, 3546, 3546, 1144, 3546, 13094, 1144, 3546, 3546, 3546, 48936, 29833, 91786, 13, 1144, 3546, 66406, 18359, 46810, 34983, 67890, 3546, 3546, 96451, 1144, 3546, 79225, 3546, 47496, 21028, 1144, 3546, 3546, 47496, 75086, 3546, 47496, 18359, 1144, 3546, 3546, 47496, 1144, 3546, 3546, 58126, 36609, 16969, 72208, 34804, 1144, 48859, 3546, 3546, 47496, 3546, 3546, 30, 12262, 22035, 3546, 3546, 96451, 1144, 3546, 79225, 3546, 47496, 16969, 1144, 3546, 3546, 3546, 78453, 64356, 17835, 63207, 82776, 55216, 3546, 47496, 1144, 3546, 79225, 3546, 47496, 19954, 75086, 34983, 1144, 3546, 44690, 74769, 71023, 3546, 3546, 18359, 82273, 67945, 220, 1490, 4, 20565, 3546, 3546, 1144, 3546, 33177, 29833, 91786, 6266, 702, 3546, 48859, 3546, 47496, 3546, 37155, 3546, 48859, 25, 220, 18, 43144]","[-0.07962169, -2.188868e-05, -0.00048179293, -0.010345236, -4.8425554e-06, -1.9361265e-07, -1.9361265e-07, -5.5122365e-07, 0.0, 0.0, -1.504853e-06, -1.2664457e-06, -2.808727e-05, -0.0016096012, -9.0883464e-07, -3.3093824e-05, 0.0, -4.4849444e-06, -4.3202e-07, 0.0, -7.89631e-07, -2.546479e-05, -0.00029315587, 0.0, -1.7432603e-06, -8.657073e-06, 0.0, -3.202099e-05, -5.8365e-05, 0.0, -1.147242e-06, 0.0, -5.5122365e-07, -4.00813e-06, 0.0, -4.3202e-07, 0.0, -5.5122365e-07, -1.2113979e-05, 0.0, -3.1281633e-07, -9.0883464e-07, 0.0, 0.0, -3.1737043e-06, -3.1281633e-07, -0.00053408666, -3.1281633e-07, -3.1281633e-07, -1.6240566e-06, -0.000952433, -1.6524515e-05, -5.1331983e-05, -3.650519e-06, -1.9361265e-07, -5.5122365e-07, -4.3202e-07, -4.723352e-06, -1.378283e-05, -4.3202e-07, -1.3856493e-06, 0.0, 0.0, 0.0, 0.0, -2.8160932e-06, -1.9361265e-07, 0.0, -4.3202e-07, -4.3202e-07, -7.016616e-05, 0.0, -5.5122365e-07, -1.9361265e-07, 0.0, -5.5122365e-07, -9.133887e-06, -2.9352968e-06, -0.00017600802, 0.0, -2.4584822e-06, -9.0883464e-07, 0.0, -2.7014437e-05, -2.0458236e-05, -6.2729996e-06, -1.9361265e-07, -1.3856493e-06, -1.2664457e-06, 0.0, -1.504853e-06, -1.9361265e-07, -4.723352e-06, 0.0, 0.0, -0.010700303, -0.42328045, -0.03165543, -0.0061624665, -9.968313e-06, -0.0001311911, -1.5570886e-05, 0.0, -3.1281633e-07, -5.3193703e-06, -1.2664457e-06, -0.23825555, -0.32656696, -0.00012320446, -7.0285365e-05, 0.0, -2.9279307e-05, -6.511407e-06, -1.6524515e-05, -5.6769813e-06, -7.3458323e-06, -0.0002356025, 0.0, -1.9361265e-07, 0.0, 0.0, 0.0, -1.11603495e-05, -1.735894e-05, -7.89631e-07, -1.147242e-06, -1.3067608e-05, -4.246537e-06, -3.1281633e-07, -1.8908588e-05, -6.2729996e-06, -4.3202e-07, -3.0545007e-06, 0.0, -4.3202e-07, -3.888926e-06, -6.704273e-07, -1.504853e-06, -4.365741e-06, -1.2664457e-06, -0.00023822498, -3.1281633e-07, 0.0, -6.704273e-07, -1.147242e-06, -6.511407e-06, -3.1281633e-07, -7.433829e-05, -0.019296177, -0.09298742, -0.0004447316, 0.0, -3.1281633e-07, 0.0, 0.0, -1.4021238e-05, 0.0, 0.0, -6.778209e-05, -5.025915e-05, -7.5411124e-05, -1.3856493e-06]",0
2025_11_KICE_43-45_2,['2(3)'],"1번: (선택지 1번에 대한 답변) + "" ㄱ-1을 활용하여, 비행기가 탄소 배출량이 가장 많고 기차가 가장 적다는 내용으로, 시간 손실을 감수하고 비행기 대신 기차를 타자는 운동이 일어나게 된 배경을 1문단에 보강한다.""
2번: (선택지 2번에 대한 답변) + "" ㄱ-2를 활용하여, 지속 가능 항공유가 2050년에는 2025년보다 50배 이상 필요하다는 내용을, 지속 가능 항공유의 혼합 비율을 2050년에 70%까지 높이는 근거로 4문단에 추가한다.""
3번: (선택지 3번에 대한 답변) + "" ㄷ을 활용하여, 작물 원료의 사용이 삼림과 식량 공급에 부정적인 영향을 미친다는 내용을, 유럽연합에서 작물 기반 바이오 연료의 사용을 제한하게 된 이유로 2문단에 추가한다.""
4번: (선택지 4번에 대한 답변) + "" ㄱ-1과 ㄴ을 활용하여, 다른 운송 수단 대비 탄소 배출량이 많은 비행기에 지속 가능 항공유를 사용하면 탄소 배출량 감축에 효과적이라는 내용으로, 지속 가능 항공유의 친환경적 특징을 보여 주는 근거를 3문단에 보강한다.""
5번: (선택지 5번에 대한 답변) + "" ㄱ-2와 ㄷ을 활용하여, 지속 가능 항공유의 예상 수요가 지속적으로 증가하지만 공급에 제약이 있다는 내용으로, 정부가 기업을 지원하여 생산 기술의 고도화를 통해 지속 가능 항공유의 공급 역량을 강화하려는 이유를 5문단에 보강한다.""
최종 정답: 3번 (선택지 3번)","[16, 43144, 25, 320, 3546, 47496, 22035, 220, 16, 43144, 19954, 62060, 24486, 1144, 48859, 3546, 3546, 8, 489, 330, 220, 45398, 3546, 48859, 12, 16, 18359, 1144, 3546, 27797, 83290, 11, 75086, 3546, 3546, 21121, 20565, 1144, 3546, 44690, 74769, 71023, 3546, 3546, 13094, 36609, 41953, 1144, 3546, 35495, 55216, 3546, 47496, 20565, 36609, 41953, 1144, 47496, 13447, 16969, 67236, 27797, 43139, 11, 45618, 63375, 1144, 3546, 3546, 47496, 18359, 1144, 3546, 24140, 16582, 35495, 75086, 3546, 3546, 21121, 62060, 83628, 55216, 3546, 47496, 18918, 1144, 3546, 26799, 16969, 1144, 48859, 58189, 13094, 84656, 32179, 61415, 58901, 1144, 3546, 74769, 66406, 18359, 220, 16, 52688, 3546, 47496, 19954, 64432, 3546, 3546, 52976, 10246, 17, 43144, 25, 320, 3546, 47496, 22035, 220, 17, 43144, 19954, 62060, 24486, 1144, 48859, 3546, 3546, 8, 489, 330, 220, 45398, 3546, 48859, 12, 17, 18918, 1144, 3546, 27797, 83290, 11, 67890, 3546, 3546, 96451, 1144, 3546, 79225, 3546, 47496, 20565, 220, 10866, 15, 3546, 3546, 19954, 16969, 220, 2366, 20, 3546, 3546, 42771, 13447, 220, 1135, 3546, 48859, 23955, 57002, 76628, 36811, 16582, 13447, 16969, 67236, 27797, 18359, 11, 67890, 3546, 3546, 96451, 1144, 3546, 79225, 3546, 47496, 21028, 1144, 3546, 3546, 47496, 75086, 3546, 47496, 18359, 220, 10866, 15, 3546, 3546, 19954, 220, 2031, 4, 3546, 3546, 22035, 1144, 3546, 3546, 13094, 16969, 1144, 48859, 3546, 93292, 17835, 220, 19, 52688, 3546, 47496, 19954, 69508, 52976, 10246, 18, 43144, 25, 320, 3546, 47496, 22035, 220, 18, 43144, 19954, 62060, 24486, 1144, 48859, 3546, 3546, 8, 489, 330, 220, 45398, 3546, 48859, 18359, 1144, 3546, 27797, 83290, 11, 69332, 3546, 3546, 3546, 1144, 3546, 64356, 21028, 41820, 13094, 1144, 3546, 3546, 3546, 3546, 54780, 1144, 3546, 3546, 3546, 1144, 48859, 3546, 3546, 19954, 86503, 30381, 82068, 32428, 1144, 3546, 3546, 3546, 47496, 18359, 1144, 3546, 48859, 3546, 3546, 13447, 16969, 67236, 27797, 18359, 11, 1144, 47496, 3546, 3546, 3546, 48859, 3546, 47496, 57575, 69332, 3546, 3546, 3546, 55216, 3546, 3546, 82818, 13094, 58368, 78453, 64356, 21028, 41820, 18359, 63171, 24486, 16582, 58901, 1144, 3546, 23955, 3546, 47496, 17835, 220, 17, 52688, 3546, 47496, 19954, 69508, 52976, 10246, 19, 43144, 25, 320, 3546, 47496, 22035, 220, 19, 43144, 19954, 62060, 24486, 1144, 48859, 3546, 3546, 8, 489, 330, 220, 45398, 3546, 48859, 12, 16, 54780, 220, 45398, 3546, 48859, 18359, 1144, 3546, 27797, 83290, 11, 50467, 84065, 1144, 48859, 3546, 47496, 29833, 3546, 47496, 62060, 71682, 1144, 3546, 44690, 74769, 71023, 3546, 3546, 13094, 1144, 3546, 34804, 75086, 3546, 3546, 21121, 19954, 67890, 3546, 3546, 96451, 1144, 3546, 79225, 3546, 47496, 18918, 41820, 16582, 33390, 1144, 3546, 44690, 74769, 71023, 3546, 3546, 1144, 3546, 3546, 3546, 19954, 1144, 3546, 47496, 54780, 82068, 13094, 51440, 16969, 67236, 27797, 43139, 11, 67890, 3546, 3546, 96451, 1144, 3546, 79225, 3546, 47496, 21028, 1144, 3546, 66338, 66406, 82068, 1144, 3546, 48859, 3546, 3546, 18359, 64432, 58126, 56773, 16969, 1144, 48859, 3546, 93292, 18918, 220, 18, 52688, 3546, 47496, 19954, 64432, 3546, 3546, 52976, 10246, 20, 43144, 25, 320, 3546, 47496, 22035, 220, 20, 43144, 19954, 62060, 24486, 1144, 48859, 3546, 3546, 8, 489, 330, 220, 45398, 3546, 48859, 12, 17, 81673, 220, 45398, 3546, 48859, 18359, 1144, 3546, 27797, 83290, 11, 67890, 3546, 3546, 96451, 1144, 3546, 79225, 3546, 47496, 21028, 96717, 57002, 29833, 36811, 20565, 67890, 3546, 3546, 82068, 43139, 1144, 47496, 3546, 20565, 88525, 73653, 1144, 48859, 3546, 3546, 19954, 63171, 3546, 3546, 13094, 91786, 16969, 67236, 27797, 43139, 11, 37155, 64189, 20565, 55216, 3546, 3546, 18359, 67890, 55421, 83290, 48918, 86157, 55216, 3546, 3546, 47496, 21028, 1144, 47496, 49085, 57390, 18918, 1144, 3546, 34983, 67890, 3546, 3546, 96451, 1144, 3546, 79225, 3546, 47496, 21028, 1144, 48859, 3546, 3546, 1144, 3546, 3546, 3546, 18359, 1144, 3546, 57390, 16582, 3546, 47496, 16969, 23955, 3546, 47496, 18918, 220, 20, 52688, 3546, 47496, 19954, 64432, 3546, 3546, 52976, 10246, 3546, 48859, 3546, 47496, 3546, 37155, 3546, 48859, 25, 220, 18, 43144, 320, 3546, 47496, 22035, 220, 18, 43144, 8]","[-0.0006831261, -9.3410876e-05, -0.00020509004, -3.2250326, -0.0007188652, -1.504853e-06, 0.0, -6.511407e-06, -0.00042971558, -1.0087517e-05, -0.0016400695, -9.0883464e-07, 0.0, 0.0, 0.0, 0.0, 0.0, -0.0023817115, -0.0031742677, -0.021574806, -9999.0, -0.23193, -0.000107953725, -0.0004900033, -0.01070974, -0.0001242773, -0.016315637, -0.00011009939, -1.0206721e-05, -1.1279553e-05, -0.00011021859, -0.00054469216, -0.0001039008, -1.9361265e-07, 0.0, -3.1281633e-07, -2.188868e-05, -3.5120287e-05, -7.89631e-07, -1.9816675e-06, -1.504853e-06, 0.0, 0.0, 0.0, -4.3202e-07, -3.2736214e-05, 0.0, -7.107425e-06, -3.1281633e-07, -0.00016897499, -1.7478143e-05, 0.0, 0.0, -5.5122365e-07, -5.9199425e-05, 0.0, -1.569009e-05, 0.0, -4.3202e-07, -1.0280384e-06, -1.0280384e-06, -4.3202e-07, -4.5371802e-05, -6.869018e-06, -2.3438328e-05, -1.9361265e-07, -9.0883464e-07, -6.718607e-05, -6.704273e-07, 0.0, -9.0883464e-07, -1.6240566e-06, 0.0, -5.7961847e-06, -4.3202e-07, -3.1281633e-07, -3.0545007e-06, -1.9361265e-07, 0.0, 0.0, -3.1281633e-07, -1.9361265e-07, -3.1281633e-07, -1.9361265e-07, 0.0, -7.89631e-07, 0.0, -5.5122365e-07, -5.080963e-06, -6.6306106e-06, -5.5122365e-07, 0.0, -4.3202e-07, -4.3202e-07, -4.2272506e-05, 0.0, -1.504853e-06, -2.4749568e-05, -5.8961017e-05, 0.0, -9.0883464e-07, 0.0, -5.4385737e-06, -1.50940705e-05, -1.8074163e-05, -1.6166903e-05, -8.418666e-06, 0.0, -3.1737043e-06, -1.3663626e-05, -8.657073e-06, -4.365741e-06, -4.954393e-05, -0.005970746, -1.2352386e-05, -2.4391957e-05, -6.122589e-05, -0.0001278534, -1.5809293e-05, -1.504853e-06, -3.1281633e-07, -1.5809293e-05, -0.00017612721, -6.869018e-06, -7.465036e-06, -1.9361265e-07, 0.0, -4.246537e-06, 0.0, -1.9361265e-07, 0.0, -5.8484206e-05, -7.648396e-05, -0.024837786, -0.2519465, -0.00033463142, -1.7432603e-06, -0.0023047698, -7.1954215e-05, -0.0003887279, -0.00017493518, -3.464347e-05, -1.504853e-06, -1.6240566e-06, -1.6643718e-05, -1.473646e-05, -0.00032318785, -3.0545007e-06, -2.6968896e-06, -1.9361265e-07, -5.5122365e-07, 0.0, 0.0, -1.504853e-06, -5.5122365e-07, -0.00016671013, -1.0802739e-05, -2.5941605e-05, -5.5122365e-07, 0.0, 0.0, -2.220075e-06, -2.5345586e-05, -1.7432603e-06, -3.6789137e-05, -1.6240566e-06, -1.9361265e-07, 0.0, -0.00033856148, 0.0, -2.451116e-05, -2.5941605e-05, -4.3202e-07, 0.0, -1.7432603e-06, -4.3202e-07, -9.0883464e-07, -1.147242e-06, -4.85903e-05, -5.5122365e-07, -3.1281633e-07, -2.577686e-06, -1.6240566e-06, -1.0206721e-05, -4.179569e-05, -0.0007702016, -8.061054e-06, -1.9361265e-07, -5.5122365e-07, -3.1281633e-07, 0.0, 0.0, -3.1737043e-06, -1.9361265e-07, -3.1281633e-07, -1.6240566e-06, -1.9361265e-07, -7.89631e-07, 0.0, -2.1008714e-06, 0.0, 0.0, -2.4584822e-06, -6.511407e-06, -6.511407e-06, -3.1281633e-07, 0.0, 0.0, -3.1281633e-07, -3.0545007e-06, -4.4849444e-06, -1.2664457e-06, -5.5122365e-07, 0.0, -1.9816675e-06, -2.4584822e-06, -2.6968896e-06, -7.89631e-07, -1.4855664e-05, -3.4121115e-06, -3.888926e-06, -1.9361265e-07, 0.0, 0.0, -2.8160932e-06, -7.822647e-06, -1.998142e-05, -7.107425e-06, -2.3392786e-06, 0.0, -2.1008714e-06, -6.1537958e-06, -1.0087517e-05, -0.00040528984, -1.0683535e-05, -1.0206721e-05, -7.5411124e-05, -0.00015848507, -2.9875326e-05, -1.2664457e-06, -4.3202e-07, -1.0087517e-05, -0.00033832307, -3.2929079e-06, -2.9352968e-06, -1.9361265e-07, 0.0, -2.1008714e-06, 0.0, 0.0, 0.0, -6.194111e-05, -4.5491004e-05, -0.0026663847, -0.07566006, -0.00019376569, -3.1737043e-06, -0.0005239617, -0.00029494395, -3.7697225e-06, -1.2664457e-06, -3.1281633e-07, -4.00813e-06, -4.990154e-05, -6.749814e-06, 0.0, 0.0, -5.5122365e-07, -2.188868e-05, 0.0, -1.2664457e-06, -5.5122365e-07, -5.5122365e-07, -3.1281633e-07, -9.0883464e-07, 0.0, 0.0, -3.1281633e-07, 0.0, -1.2664457e-06, -1.9361265e-07, 0.0, -4.3202e-07, 0.0, -1.9361265e-07, 0.0, -1.9361265e-07, 0.0, -1.9361265e-07, -3.1281633e-07, -2.3392786e-06, 0.0, -2.6656826e-05, 0.0, 0.0, -3.0545007e-06, 0.0, 0.0, -6.704273e-07, -1.504853e-06, 0.0, -4.3202e-07, -0.0011074712, -4.3202e-07, -5.5122365e-07, 0.0, -3.1281633e-07, -3.1281633e-07, -1.4855664e-05, -6.1537958e-06, -7.465036e-06, -1.2664457e-06, -1.0280384e-06, 0.0, -3.035214e-05, -1.9361265e-07, 0.0, 0.0, -1.147242e-06, -6.704273e-07, 0.0, 0.0, 0.0, -3.1281633e-07, 0.0, -3.2140193e-05, -4.723352e-06, -1.3856493e-06, -2.057744e-05, -2.9352968e-06, -1.6240566e-06, -4.3202e-07, 0.0, -1.8624639e-06, -9.0883464e-07, -1.9361265e-07, -4.3202e-07, -4.4849444e-06, -3.88156e-05, 0.0, -3.1281633e-07, -1.9361265e-07, 0.0, -9.0883464e-07, -4.1273333e-06, -2.9279307e-05, -1.8431772e-05, -2.9352968e-06, 0.0, -7.89631e-07, -2.4584822e-06, -3.7146747e-05, -0.00019364648, -1.7239736e-05, -3.6431527e-05, -7.350386e-05, -0.00010235115, -1.6882126e-05, -1.9361265e-07, -3.1281633e-07, -8.657073e-06, -5.800739e-05, -1.3856493e-06, -2.577686e-06, -1.9361265e-07, 0.0, -7.89631e-07, 0.0, 0.0, 0.0, -2.3080716e-05, -1.2352386e-05, -0.00025526012, -0.0014854623, -0.0004176834, -1.9361265e-07, -5.371606e-05, -1.0325924e-05, -2.8802491e-05, -2.9994528e-05, -1.2664457e-06, -1.4259645e-05, -1.9361265e-07, -0.00017278951, -0.00033320097, -1.7432603e-06, -9.253091e-06, -4.3202e-07, -9.0883464e-07, -7.822647e-06, -1.8789384e-05, -4.723352e-06, 0.0, 0.0, 0.0, 0.0, -1.2590794e-05, 0.0, 0.0, -6.704273e-07, -1.9361265e-07, -1.9361265e-07, 0.0, -1.2664457e-06, -1.2664457e-06, 0.0, 0.0, 0.0, 0.0, -7.89631e-07, 0.0, 0.0, -1.9361265e-07, 0.0, 0.0, 0.0, -1.9361265e-07, -6.869018e-06, 0.0, -1.9361265e-07, -1.9361265e-07, -3.1281633e-07, 0.0, 0.0, -1.9361265e-07, -1.9361265e-07, -3.1281633e-07, 0.0, 0.0, -1.9361265e-07, -3.1281633e-07, 0.0, -1.3856493e-06, -5.5122365e-07, 0.0, -1.9361265e-07, 0.0, -3.0545007e-06, 0.0, -8.0656086e-05, -1.9361265e-07, -1.3856493e-06, -7.89631e-07, 0.0, 0.0, -7.89631e-07, -5.5122365e-07, -1.6240566e-06, -2.3392786e-06, 0.0, -2.3392786e-06, -1.6240566e-06, -1.8624639e-06, -1.5451682e-05, -4.429897e-05, -4.8425554e-06, 0.0, 0.0, -5.5122365e-07, 0.0, 0.0, -1.9361265e-07, -3.1281633e-07, 0.0, -1.8624639e-06, 0.0, -6.704273e-07, -5.5122365e-07, -5.9153886e-06, -1.0087517e-05, -7.89631e-07, 0.0, -3.1281633e-07, 0.0, -2.4584822e-06, -0.00020663968, -1.9361265e-07, -0.0021407437, -1.9361265e-07, -4.246537e-06, 0.0, 0.0, 0.0, -7.58424e-06, -6.869018e-06, -1.4140442e-05, -1.3067608e-05, -3.1281633e-07, -5.5122365e-07, -7.89631e-07, -0.0008105787, 0.0, -3.1281633e-07, -2.9279307e-05, -0.0002105734, -8.537869e-06, -5.5146502e-05, -8.351697e-05, -0.00014346908, -1.7597347e-05, -4.3202e-07, -3.1281633e-07, -1.247159e-05, -2.6060809e-05, -1.6240566e-06, -1.9816675e-06, 0.0, 0.0, -5.5122365e-07, 0.0, 0.0, 0.0, -3.4524266e-05, -2.5345586e-05, -0.00033212814, -0.0013523798, -0.0010717503, -3.1281633e-07, -0.00012213163, -5.7961847e-06, -2.3080716e-05, -1.2113979e-05, -2.3392786e-06, -7.3458323e-06, -1.9361265e-07, -2.9352968e-06, -0.00010819213, -1.2664457e-06, -3.1281633e-07, -3.1281633e-07, -9.0883464e-07, -4.246537e-06, -7.79144e-05, 0.0, 0.0, 0.0, -1.9361265e-07, 0.0, 0.0, -1.9361265e-07, 0.0, -4.3202e-07, -2.4272753e-05, -1.1994775e-05, -1.9361265e-07, -1.0280384e-06, 0.0, -1.3186812e-05, -7.89631e-07, 0.0, -3.2929079e-06, -4.3202e-07, -3.1737043e-06, 0.0, 0.0, 0.0, -3.6669935e-05, 0.0, -4.1273333e-06, 0.0, 0.0, 0.0, -2.1008714e-06, -4.3202e-07, -2.1008714e-06, 0.0, -1.9361265e-07, -4.3941356e-05, 0.0, -1.8624639e-06, 0.0, -9.4914985e-06, -6.392203e-06, -1.9361265e-07, 0.0, 0.0, -6.392203e-06, -4.3202e-07, 0.0, -4.3202e-07, -1.9361265e-07, -3.1737043e-06, -3.1281633e-07, -1.504853e-06, -1.7597347e-05, -7.89631e-07, 0.0, 0.0, 0.0, 0.0, -5.4385737e-06, 0.0, -2.1008714e-06, -3.1281633e-07, -1.504853e-06, -1.9361265e-07, 0.0, 0.0, -2.577686e-06, -1.9361265e-07, -1.9361265e-07, -1.9361265e-07, -1.9361265e-07, 0.0, 0.0, -1.7432603e-06, 0.0, 0.0, -3.1281633e-07, 0.0, -7.89631e-07, 0.0, -3.1281633e-07, 0.0, 0.0, 0.0, -1.9816675e-06, -7.89631e-07, 0.0, -3.1281633e-07, -3.0545007e-06, -1.2664457e-06, 0.0, -7.89631e-07, -7.89631e-07, 0.0, 0.0, -2.3392786e-06, -8.061054e-06, -5.1808798e-05, -2.5703197e-05, 0.0, -1.9361265e-07, -1.3856493e-06, -1.1279553e-05, 0.0, -3.1281633e-07, -1.2829201e-05, -0.0022511263, -5.4385737e-06, 0.0, -1.6240566e-06, 0.0, 0.0, -3.5313153e-06, -5.5122365e-07, 0.0, -6.635165e-05, -0.0035980518, -0.008993288, -7.107425e-06, -0.29319194, -0.006849877, -8.89548e-06, -6.704273e-07, -7.612634e-05, -3.7623562e-05, -0.0035682311, -0.04280253]",0
